run_id,phase,bytes,rank,host,local_rank,iter,seconds
e5-counters-rdma-qps4,timed-4GiB,4294967296,0,gpu-3uwoq-6g3ya-1,0,0,0.056931
e5-counters-rdma-qps4,timed-4GiB,4294967296,0,gpu-3uwoq-6g3ya-1,0,1,0.030422
e5-counters-rdma-qps4,timed-4GiB,4294967296,0,gpu-3uwoq-6g3ya-1,0,2,0.026831
e5-counters-rdma-qps4,timed-4GiB,4294967296,0,gpu-3uwoq-6g3ya-1,0,3,0.025293
e5-counters-rdma-qps4,timed-4GiB,4294967296,0,gpu-3uwoq-6g3ya-1,0,4,0.025067
e5-counters-rdma-qps4,timed-4GiB,4294967296,0,gpu-3uwoq-6g3ya-1,0,5,0.024898
e5-counters-rdma-qps4,timed-4GiB,4294967296,0,gpu-3uwoq-6g3ya-1,0,6,0.024965
e5-counters-rdma-qps4,timed-4GiB,4294967296,0,gpu-3uwoq-6g3ya-1,0,7,0.024883
e5-counters-rdma-qps4,timed-4GiB,4294967296,0,gpu-3uwoq-6g3ya-1,0,8,0.025029
e5-counters-rdma-qps4,timed-4GiB,4294967296,0,gpu-3uwoq-6g3ya-1,0,9,0.024891
e5-counters-rdma-qps4,timed-4GiB,4294967296,0,gpu-3uwoq-6g3ya-1,0,10,0.024893
e5-counters-rdma-qps4,timed-4GiB,4294967296,0,gpu-3uwoq-6g3ya-1,0,11,0.024853
e5-counters-rdma-qps4,timed-4GiB,4294967296,0,gpu-3uwoq-6g3ya-1,0,12,0.024580
e5-counters-rdma-qps4,timed-4GiB,4294967296,0,gpu-3uwoq-6g3ya-1,0,13,0.024632
e5-counters-rdma-qps4,timed-4GiB,4294967296,0,gpu-3uwoq-6g3ya-1,0,14,0.024740
e5-counters-rdma-qps4,timed-4GiB,4294967296,0,gpu-3uwoq-6g3ya-1,0,15,0.024784
e5-counters-rdma-qps4,timed-4GiB,4294967296,0,gpu-3uwoq-6g3ya-1,0,16,0.025275
e5-counters-rdma-qps4,timed-4GiB,4294967296,0,gpu-3uwoq-6g3ya-1,0,17,0.025333
e5-counters-rdma-qps4,timed-4GiB,4294967296,0,gpu-3uwoq-6g3ya-1,0,18,0.025195
e5-counters-rdma-qps4,timed-4GiB,4294967296,0,gpu-3uwoq-6g3ya-1,0,19,0.024982
e5-counters-rdma-qps4,timed-4GiB,4294967296,0,gpu-3uwoq-6g3ya-1,0,20,0.024802
e5-counters-rdma-qps4,timed-4GiB,4294967296,0,gpu-3uwoq-6g3ya-1,0,21,0.024847
e5-counters-rdma-qps4,timed-4GiB,4294967296,0,gpu-3uwoq-6g3ya-1,0,22,0.024894
e5-counters-rdma-qps4,timed-4GiB,4294967296,0,gpu-3uwoq-6g3ya-1,0,23,0.024637
e5-counters-rdma-qps4,timed-4GiB,4294967296,0,gpu-3uwoq-6g3ya-1,0,24,0.024689
e5-counters-rdma-qps4,timed-4GiB,4294967296,0,gpu-3uwoq-6g3ya-1,0,25,0.024760
e5-counters-rdma-qps4,timed-4GiB,4294967296,0,gpu-3uwoq-6g3ya-1,0,26,0.024564
e5-counters-rdma-qps4,timed-4GiB,4294967296,0,gpu-3uwoq-6g3ya-1,0,27,0.024537
e5-counters-rdma-qps4,timed-4GiB,4294967296,0,gpu-3uwoq-6g3ya-1,0,28,0.024578
e5-counters-rdma-qps4,timed-4GiB,4294967296,0,gpu-3uwoq-6g3ya-1,0,29,0.024491
e5-counters-rdma-qps4,timed-4GiB,4294967296,0,gpu-3uwoq-6g3ya-1,0,30,0.024543
e5-counters-rdma-qps4,timed-4GiB,4294967296,0,gpu-3uwoq-6g3ya-1,0,31,0.024714
e5-counters-rdma-qps4,timed-4GiB,4294967296,0,gpu-3uwoq-6g3ya-1,0,32,0.024574
e5-counters-rdma-qps4,timed-4GiB,4294967296,0,gpu-3uwoq-6g3ya-1,0,33,0.024493
e5-counters-rdma-qps4,timed-4GiB,4294967296,0,gpu-3uwoq-6g3ya-1,0,34,0.024544
e5-counters-rdma-qps4,timed-4GiB,4294967296,0,gpu-3uwoq-6g3ya-1,0,35,0.024381
e5-counters-rdma-qps4,timed-4GiB,4294967296,0,gpu-3uwoq-6g3ya-1,0,36,0.024480
e5-counters-rdma-qps4,timed-4GiB,4294967296,0,gpu-3uwoq-6g3ya-1,0,37,0.024527
e5-counters-rdma-qps4,timed-4GiB,4294967296,0,gpu-3uwoq-6g3ya-1,0,38,0.024445
e5-counters-rdma-qps4,timed-4GiB,4294967296,0,gpu-3uwoq-6g3ya-1,0,39,0.024472
e5-counters-rdma-qps4,timed-4GiB,4294967296,0,gpu-3uwoq-6g3ya-1,0,40,0.024557
e5-counters-rdma-qps4,timed-4GiB,4294967296,0,gpu-3uwoq-6g3ya-1,0,41,0.024504
e5-counters-rdma-qps4,timed-4GiB,4294967296,0,gpu-3uwoq-6g3ya-1,0,42,0.024424
e5-counters-rdma-qps4,timed-4GiB,4294967296,0,gpu-3uwoq-6g3ya-1,0,43,0.024588
e5-counters-rdma-qps4,timed-4GiB,4294967296,0,gpu-3uwoq-6g3ya-1,0,44,0.024660
e5-counters-rdma-qps4,timed-4GiB,4294967296,0,gpu-3uwoq-6g3ya-1,0,45,0.024575
e5-counters-rdma-qps4,timed-4GiB,4294967296,0,gpu-3uwoq-6g3ya-1,0,46,0.024603
e5-counters-rdma-qps4,timed-4GiB,4294967296,0,gpu-3uwoq-6g3ya-1,0,47,0.024515
e5-counters-rdma-qps4,timed-4GiB,4294967296,0,gpu-3uwoq-6g3ya-1,0,48,0.024689
e5-counters-rdma-qps4,timed-4GiB,4294967296,0,gpu-3uwoq-6g3ya-1,0,49,0.024737
e5-counters-rdma-qps4,timed-4GiB,4294967296,0,gpu-3uwoq-6g3ya-1,0,50,0.024668
e5-counters-rdma-qps4,timed-4GiB,4294967296,0,gpu-3uwoq-6g3ya-1,0,51,0.024834
e5-counters-rdma-qps4,timed-4GiB,4294967296,0,gpu-3uwoq-6g3ya-1,0,52,0.024633
e5-counters-rdma-qps4,timed-4GiB,4294967296,0,gpu-3uwoq-6g3ya-1,0,53,0.024581
e5-counters-rdma-qps4,timed-4GiB,4294967296,0,gpu-3uwoq-6g3ya-1,0,54,0.024597
e5-counters-rdma-qps4,timed-4GiB,4294967296,0,gpu-3uwoq-6g3ya-1,0,55,0.024537
e5-counters-rdma-qps4,timed-4GiB,4294967296,0,gpu-3uwoq-6g3ya-1,0,56,0.024650
e5-counters-rdma-qps4,timed-4GiB,4294967296,0,gpu-3uwoq-6g3ya-1,0,57,0.025574
e5-counters-rdma-qps4,timed-4GiB,4294967296,0,gpu-3uwoq-6g3ya-1,0,58,0.025404
e5-counters-rdma-qps4,timed-4GiB,4294967296,0,gpu-3uwoq-6g3ya-1,0,59,0.024964
e5-counters-rdma-qps4,timed-4GiB,4294967296,0,gpu-3uwoq-6g3ya-1,0,60,0.024722
e5-counters-rdma-qps4,timed-4GiB,4294967296,0,gpu-3uwoq-6g3ya-1,0,61,0.024874
e5-counters-rdma-qps4,timed-4GiB,4294967296,0,gpu-3uwoq-6g3ya-1,0,62,0.024762
e5-counters-rdma-qps4,timed-4GiB,4294967296,0,gpu-3uwoq-6g3ya-1,0,63,0.024872
e5-counters-rdma-qps4,timed-4GiB,4294967296,0,gpu-3uwoq-6g3ya-1,0,64,0.024813
e5-counters-rdma-qps4,timed-4GiB,4294967296,0,gpu-3uwoq-6g3ya-1,0,65,0.024649
e5-counters-rdma-qps4,timed-4GiB,4294967296,0,gpu-3uwoq-6g3ya-1,0,66,0.024746
e5-counters-rdma-qps4,timed-4GiB,4294967296,0,gpu-3uwoq-6g3ya-1,0,67,0.024653
e5-counters-rdma-qps4,timed-4GiB,4294967296,0,gpu-3uwoq-6g3ya-1,0,68,0.024653
e5-counters-rdma-qps4,timed-4GiB,4294967296,0,gpu-3uwoq-6g3ya-1,0,69,0.024649
e5-counters-rdma-qps4,timed-4GiB,4294967296,0,gpu-3uwoq-6g3ya-1,0,70,0.024758
e5-counters-rdma-qps4,timed-4GiB,4294967296,0,gpu-3uwoq-6g3ya-1,0,71,0.024704
e5-counters-rdma-qps4,timed-4GiB,4294967296,0,gpu-3uwoq-6g3ya-1,0,72,0.024649
e5-counters-rdma-qps4,timed-4GiB,4294967296,0,gpu-3uwoq-6g3ya-1,0,73,0.024731
e5-counters-rdma-qps4,timed-4GiB,4294967296,0,gpu-3uwoq-6g3ya-1,0,74,0.024670
e5-counters-rdma-qps4,timed-4GiB,4294967296,0,gpu-3uwoq-6g3ya-1,0,75,0.024626
e5-counters-rdma-qps4,timed-4GiB,4294967296,0,gpu-3uwoq-6g3ya-1,0,76,0.024623
e5-counters-rdma-qps4,timed-4GiB,4294967296,0,gpu-3uwoq-6g3ya-1,0,77,0.024683
e5-counters-rdma-qps4,timed-4GiB,4294967296,0,gpu-3uwoq-6g3ya-1,0,78,0.024666
e5-counters-rdma-qps4,timed-4GiB,4294967296,0,gpu-3uwoq-6g3ya-1,0,79,0.024587
e5-counters-rdma-qps4,timed-4GiB,4294967296,0,gpu-3uwoq-6g3ya-1,0,80,0.024534
e5-counters-rdma-qps4,timed-4GiB,4294967296,0,gpu-3uwoq-6g3ya-1,0,81,0.025112
e5-counters-rdma-qps4,timed-4GiB,4294967296,0,gpu-3uwoq-6g3ya-1,0,82,0.025203
e5-counters-rdma-qps4,timed-4GiB,4294967296,0,gpu-3uwoq-6g3ya-1,0,83,0.024903
e5-counters-rdma-qps4,timed-4GiB,4294967296,0,gpu-3uwoq-6g3ya-1,0,84,0.024670
e5-counters-rdma-qps4,timed-4GiB,4294967296,0,gpu-3uwoq-6g3ya-1,0,85,0.024678
e5-counters-rdma-qps4,timed-4GiB,4294967296,0,gpu-3uwoq-6g3ya-1,0,86,0.024799
e5-counters-rdma-qps4,timed-4GiB,4294967296,0,gpu-3uwoq-6g3ya-1,0,87,0.024496
e5-counters-rdma-qps4,timed-4GiB,4294967296,0,gpu-3uwoq-6g3ya-1,0,88,0.024591
e5-counters-rdma-qps4,timed-4GiB,4294967296,0,gpu-3uwoq-6g3ya-1,0,89,0.024804
e5-counters-rdma-qps4,timed-4GiB,4294967296,0,gpu-3uwoq-6g3ya-1,0,90,0.024670
e5-counters-rdma-qps4,timed-4GiB,4294967296,0,gpu-3uwoq-6g3ya-1,0,91,0.024566
e5-counters-rdma-qps4,timed-4GiB,4294967296,0,gpu-3uwoq-6g3ya-1,0,92,0.024580
e5-counters-rdma-qps4,timed-4GiB,4294967296,0,gpu-3uwoq-6g3ya-1,0,93,0.024567
e5-counters-rdma-qps4,timed-4GiB,4294967296,0,gpu-3uwoq-6g3ya-1,0,94,0.024571
e5-counters-rdma-qps4,timed-4GiB,4294967296,0,gpu-3uwoq-6g3ya-1,0,95,0.024559
e5-counters-rdma-qps4,timed-4GiB,4294967296,0,gpu-3uwoq-6g3ya-1,0,96,0.024689
e5-counters-rdma-qps4,timed-4GiB,4294967296,0,gpu-3uwoq-6g3ya-1,0,97,0.025249
e5-counters-rdma-qps4,timed-4GiB,4294967296,0,gpu-3uwoq-6g3ya-1,0,98,0.025342
e5-counters-rdma-qps4,timed-4GiB,4294967296,0,gpu-3uwoq-6g3ya-1,0,99,0.025290
e5-counters-rdma-qps4,timed-4GiB,4294967296,0,gpu-3uwoq-6g3ya-1,0,100,0.024763
e5-counters-rdma-qps4,timed-4GiB,4294967296,0,gpu-3uwoq-6g3ya-1,0,101,0.024784
e5-counters-rdma-qps4,timed-4GiB,4294967296,0,gpu-3uwoq-6g3ya-1,0,102,0.024760
e5-counters-rdma-qps4,timed-4GiB,4294967296,0,gpu-3uwoq-6g3ya-1,0,103,0.024882
e5-counters-rdma-qps4,timed-4GiB,4294967296,0,gpu-3uwoq-6g3ya-1,0,104,0.024857
e5-counters-rdma-qps4,timed-4GiB,4294967296,0,gpu-3uwoq-6g3ya-1,0,105,0.025102
e5-counters-rdma-qps4,timed-4GiB,4294967296,0,gpu-3uwoq-6g3ya-1,0,106,0.025034
e5-counters-rdma-qps4,timed-4GiB,4294967296,0,gpu-3uwoq-6g3ya-1,0,107,0.024848
e5-counters-rdma-qps4,timed-4GiB,4294967296,0,gpu-3uwoq-6g3ya-1,0,108,0.024918
e5-counters-rdma-qps4,timed-4GiB,4294967296,0,gpu-3uwoq-6g3ya-1,0,109,0.024903
e5-counters-rdma-qps4,timed-4GiB,4294967296,0,gpu-3uwoq-6g3ya-1,0,110,0.024828
e5-counters-rdma-qps4,timed-4GiB,4294967296,0,gpu-3uwoq-6g3ya-1,0,111,0.024922
e5-counters-rdma-qps4,timed-4GiB,4294967296,0,gpu-3uwoq-6g3ya-1,0,112,0.024740
e5-counters-rdma-qps4,timed-4GiB,4294967296,0,gpu-3uwoq-6g3ya-1,0,113,0.024721
e5-counters-rdma-qps4,timed-4GiB,4294967296,0,gpu-3uwoq-6g3ya-1,0,114,0.024638
e5-counters-rdma-qps4,timed-4GiB,4294967296,0,gpu-3uwoq-6g3ya-1,0,115,0.024689
e5-counters-rdma-qps4,timed-4GiB,4294967296,0,gpu-3uwoq-6g3ya-1,0,116,0.024816
e5-counters-rdma-qps4,timed-4GiB,4294967296,0,gpu-3uwoq-6g3ya-1,0,117,0.024825
e5-counters-rdma-qps4,timed-4GiB,4294967296,0,gpu-3uwoq-6g3ya-1,0,118,0.024752
e5-counters-rdma-qps4,timed-4GiB,4294967296,0,gpu-3uwoq-6g3ya-1,0,119,0.024729
e5-counters-rdma-qps4,timed-4GiB,4294967296,0,gpu-3uwoq-6g3ya-1,0,120,0.024736
e5-counters-rdma-qps4,timed-4GiB,4294967296,0,gpu-3uwoq-6g3ya-1,0,121,0.024682
e5-counters-rdma-qps4,timed-4GiB,4294967296,0,gpu-3uwoq-6g3ya-1,0,122,0.024611
e5-counters-rdma-qps4,timed-4GiB,4294967296,0,gpu-3uwoq-6g3ya-1,0,123,0.024751
e5-counters-rdma-qps4,timed-4GiB,4294967296,0,gpu-3uwoq-6g3ya-1,0,124,0.024625
e5-counters-rdma-qps4,timed-4GiB,4294967296,0,gpu-3uwoq-6g3ya-1,0,125,0.024666
e5-counters-rdma-qps4,timed-4GiB,4294967296,0,gpu-3uwoq-6g3ya-1,0,126,0.024814
e5-counters-rdma-qps4,timed-4GiB,4294967296,0,gpu-3uwoq-6g3ya-1,0,127,0.024649
e5-counters-rdma-qps4,timed-4GiB,4294967296,0,gpu-3uwoq-6g3ya-1,0,128,0.024597
e5-counters-rdma-qps4,timed-4GiB,4294967296,0,gpu-3uwoq-6g3ya-1,0,129,0.024859
e5-counters-rdma-qps4,timed-4GiB,4294967296,0,gpu-3uwoq-6g3ya-1,0,130,0.024740
e5-counters-rdma-qps4,timed-4GiB,4294967296,0,gpu-3uwoq-6g3ya-1,0,131,0.024609
e5-counters-rdma-qps4,timed-4GiB,4294967296,0,gpu-3uwoq-6g3ya-1,0,132,0.024607
e5-counters-rdma-qps4,timed-4GiB,4294967296,0,gpu-3uwoq-6g3ya-1,0,133,0.024595
e5-counters-rdma-qps4,timed-4GiB,4294967296,0,gpu-3uwoq-6g3ya-1,0,134,0.024513
e5-counters-rdma-qps4,timed-4GiB,4294967296,0,gpu-3uwoq-6g3ya-1,0,135,0.024766
e5-counters-rdma-qps4,timed-4GiB,4294967296,0,gpu-3uwoq-6g3ya-1,0,136,0.024681
e5-counters-rdma-qps4,timed-4GiB,4294967296,0,gpu-3uwoq-6g3ya-1,0,137,0.025004
e5-counters-rdma-qps4,timed-4GiB,4294967296,0,gpu-3uwoq-6g3ya-1,0,138,0.026187
e5-counters-rdma-qps4,timed-4GiB,4294967296,0,gpu-3uwoq-6g3ya-1,0,139,0.025685
e5-counters-rdma-qps4,timed-4GiB,4294967296,0,gpu-3uwoq-6g3ya-1,0,140,0.025332
e5-counters-rdma-qps4,timed-4GiB,4294967296,0,gpu-3uwoq-6g3ya-1,0,141,0.025060
e5-counters-rdma-qps4,timed-4GiB,4294967296,0,gpu-3uwoq-6g3ya-1,0,142,0.025058
e5-counters-rdma-qps4,timed-4GiB,4294967296,0,gpu-3uwoq-6g3ya-1,0,143,0.024833
e5-counters-rdma-qps4,timed-4GiB,4294967296,0,gpu-3uwoq-6g3ya-1,0,144,0.024976
e5-counters-rdma-qps4,timed-4GiB,4294967296,0,gpu-3uwoq-6g3ya-1,0,145,0.025009
e5-counters-rdma-qps4,timed-4GiB,4294967296,0,gpu-3uwoq-6g3ya-1,0,146,0.024872
e5-counters-rdma-qps4,timed-4GiB,4294967296,0,gpu-3uwoq-6g3ya-1,0,147,0.024844
e5-counters-rdma-qps4,timed-4GiB,4294967296,0,gpu-3uwoq-6g3ya-1,0,148,0.024888
e5-counters-rdma-qps4,timed-4GiB,4294967296,0,gpu-3uwoq-6g3ya-1,0,149,0.024838
e5-counters-rdma-qps4,timed-4GiB,4294967296,0,gpu-3uwoq-6g3ya-1,0,150,0.024756
e5-counters-rdma-qps4,timed-4GiB,4294967296,0,gpu-3uwoq-6g3ya-1,0,151,0.024780
e5-counters-rdma-qps4,timed-4GiB,4294967296,0,gpu-3uwoq-6g3ya-1,0,152,0.024830
e5-counters-rdma-qps4,timed-4GiB,4294967296,0,gpu-3uwoq-6g3ya-1,0,153,0.024864
e5-counters-rdma-qps4,timed-4GiB,4294967296,0,gpu-3uwoq-6g3ya-1,0,154,0.024784
e5-counters-rdma-qps4,timed-4GiB,4294967296,0,gpu-3uwoq-6g3ya-1,0,155,0.024852
e5-counters-rdma-qps4,timed-4GiB,4294967296,0,gpu-3uwoq-6g3ya-1,0,156,0.024803
e5-counters-rdma-qps4,timed-4GiB,4294967296,0,gpu-3uwoq-6g3ya-1,0,157,0.024921
e5-counters-rdma-qps4,timed-4GiB,4294967296,0,gpu-3uwoq-6g3ya-1,0,158,0.024802
e5-counters-rdma-qps4,timed-4GiB,4294967296,0,gpu-3uwoq-6g3ya-1,0,159,0.024939
e5-counters-rdma-qps4,timed-4GiB,4294967296,0,gpu-3uwoq-6g3ya-1,0,160,0.024912
e5-counters-rdma-qps4,timed-4GiB,4294967296,0,gpu-3uwoq-6g3ya-1,0,161,0.024603
e5-counters-rdma-qps4,timed-4GiB,4294967296,0,gpu-3uwoq-6g3ya-1,0,162,0.024713
e5-counters-rdma-qps4,timed-4GiB,4294967296,0,gpu-3uwoq-6g3ya-1,0,163,0.024583
e5-counters-rdma-qps4,timed-4GiB,4294967296,0,gpu-3uwoq-6g3ya-1,0,164,0.024589
e5-counters-rdma-qps4,timed-4GiB,4294967296,0,gpu-3uwoq-6g3ya-1,0,165,0.024691
e5-counters-rdma-qps4,timed-4GiB,4294967296,0,gpu-3uwoq-6g3ya-1,0,166,0.024627
e5-counters-rdma-qps4,timed-4GiB,4294967296,0,gpu-3uwoq-6g3ya-1,0,167,0.024565
e5-counters-rdma-qps4,timed-4GiB,4294967296,0,gpu-3uwoq-6g3ya-1,0,168,0.024642
e5-counters-rdma-qps4,timed-4GiB,4294967296,0,gpu-3uwoq-6g3ya-1,0,169,0.024910
e5-counters-rdma-qps4,timed-4GiB,4294967296,0,gpu-3uwoq-6g3ya-1,0,170,0.024842
e5-counters-rdma-qps4,timed-4GiB,4294967296,0,gpu-3uwoq-6g3ya-1,0,171,0.024803
e5-counters-rdma-qps4,timed-4GiB,4294967296,0,gpu-3uwoq-6g3ya-1,0,172,0.024658
e5-counters-rdma-qps4,timed-4GiB,4294967296,0,gpu-3uwoq-6g3ya-1,0,173,0.024585
e5-counters-rdma-qps4,timed-4GiB,4294967296,0,gpu-3uwoq-6g3ya-1,0,174,0.024590
e5-counters-rdma-qps4,timed-4GiB,4294967296,0,gpu-3uwoq-6g3ya-1,0,175,0.024562
e5-counters-rdma-qps4,timed-4GiB,4294967296,0,gpu-3uwoq-6g3ya-1,0,176,0.024613
e5-counters-rdma-qps4,timed-4GiB,4294967296,0,gpu-3uwoq-6g3ya-1,0,177,0.024726
e5-counters-rdma-qps4,timed-4GiB,4294967296,0,gpu-3uwoq-6g3ya-1,0,178,0.025497
e5-counters-rdma-qps4,timed-4GiB,4294967296,0,gpu-3uwoq-6g3ya-1,0,179,0.025523
e5-counters-rdma-qps4,timed-4GiB,4294967296,0,gpu-3uwoq-6g3ya-1,0,180,0.025039
e5-counters-rdma-qps4,timed-4GiB,4294967296,0,gpu-3uwoq-6g3ya-1,0,181,0.024782
e5-counters-rdma-qps4,timed-4GiB,4294967296,0,gpu-3uwoq-6g3ya-1,0,182,0.024795
e5-counters-rdma-qps4,timed-4GiB,4294967296,0,gpu-3uwoq-6g3ya-1,0,183,0.024769
e5-counters-rdma-qps4,timed-4GiB,4294967296,0,gpu-3uwoq-6g3ya-1,0,184,0.024679
e5-counters-rdma-qps4,timed-4GiB,4294967296,0,gpu-3uwoq-6g3ya-1,0,185,0.024659
e5-counters-rdma-qps4,timed-4GiB,4294967296,0,gpu-3uwoq-6g3ya-1,0,186,0.024680
e5-counters-rdma-qps4,timed-4GiB,4294967296,0,gpu-3uwoq-6g3ya-1,0,187,0.024618
e5-counters-rdma-qps4,timed-4GiB,4294967296,0,gpu-3uwoq-6g3ya-1,0,188,0.024586
e5-counters-rdma-qps4,timed-4GiB,4294967296,0,gpu-3uwoq-6g3ya-1,0,189,0.024663
e5-counters-rdma-qps4,timed-4GiB,4294967296,0,gpu-3uwoq-6g3ya-1,0,190,0.024676
e5-counters-rdma-qps4,timed-4GiB,4294967296,0,gpu-3uwoq-6g3ya-1,0,191,0.024628
e5-counters-rdma-qps4,timed-4GiB,4294967296,0,gpu-3uwoq-6g3ya-1,0,192,0.024766
e5-counters-rdma-qps4,timed-4GiB,4294967296,0,gpu-3uwoq-6g3ya-1,0,193,0.024538
e5-counters-rdma-qps4,timed-4GiB,4294967296,0,gpu-3uwoq-6g3ya-1,0,194,0.024661
e5-counters-rdma-qps4,timed-4GiB,4294967296,0,gpu-3uwoq-6g3ya-1,0,195,0.024618
e5-counters-rdma-qps4,timed-4GiB,4294967296,0,gpu-3uwoq-6g3ya-1,0,196,0.024607
e5-counters-rdma-qps4,timed-4GiB,4294967296,0,gpu-3uwoq-6g3ya-1,0,197,0.024620
e5-counters-rdma-qps4,timed-4GiB,4294967296,0,gpu-3uwoq-6g3ya-1,0,198,0.024647
e5-counters-rdma-qps4,timed-4GiB,4294967296,0,gpu-3uwoq-6g3ya-1,0,199,0.024714
e5-counters-rdma-qps4,timed-4GiB,4294967296,0,gpu-3uwoq-6g3ya-1,0,200,0.024552
e5-counters-rdma-qps4,timed-4GiB,4294967296,0,gpu-3uwoq-6g3ya-1,0,201,0.024662
e5-counters-rdma-qps4,timed-4GiB,4294967296,0,gpu-3uwoq-6g3ya-1,0,202,0.024681
e5-counters-rdma-qps4,timed-4GiB,4294967296,0,gpu-3uwoq-6g3ya-1,0,203,0.024659
e5-counters-rdma-qps4,timed-4GiB,4294967296,0,gpu-3uwoq-6g3ya-1,0,204,0.024628
e5-counters-rdma-qps4,timed-4GiB,4294967296,0,gpu-3uwoq-6g3ya-1,0,205,0.024501
e5-counters-rdma-qps4,timed-4GiB,4294967296,0,gpu-3uwoq-6g3ya-1,0,206,0.024544
e5-counters-rdma-qps4,timed-4GiB,4294967296,0,gpu-3uwoq-6g3ya-1,0,207,0.024745
e5-counters-rdma-qps4,timed-4GiB,4294967296,0,gpu-3uwoq-6g3ya-1,0,208,0.025508
e5-counters-rdma-qps4,timed-4GiB,4294967296,0,gpu-3uwoq-6g3ya-1,0,209,0.025647
e5-counters-rdma-qps4,timed-4GiB,4294967296,0,gpu-3uwoq-6g3ya-1,0,210,0.025255
e5-counters-rdma-qps4,timed-4GiB,4294967296,0,gpu-3uwoq-6g3ya-1,0,211,0.025230
e5-counters-rdma-qps4,timed-4GiB,4294967296,0,gpu-3uwoq-6g3ya-1,0,212,0.025097
e5-counters-rdma-qps4,timed-4GiB,4294967296,0,gpu-3uwoq-6g3ya-1,0,213,0.024985
e5-counters-rdma-qps4,timed-4GiB,4294967296,0,gpu-3uwoq-6g3ya-1,0,214,0.024789
e5-counters-rdma-qps4,timed-4GiB,4294967296,0,gpu-3uwoq-6g3ya-1,0,215,0.024767
e5-counters-rdma-qps4,timed-4GiB,4294967296,0,gpu-3uwoq-6g3ya-1,0,216,0.024742
e5-counters-rdma-qps4,timed-4GiB,4294967296,0,gpu-3uwoq-6g3ya-1,0,217,0.025294
e5-counters-rdma-qps4,timed-4GiB,4294967296,0,gpu-3uwoq-6g3ya-1,0,218,0.026174
e5-counters-rdma-qps4,timed-4GiB,4294967296,0,gpu-3uwoq-6g3ya-1,0,219,0.025550
e5-counters-rdma-qps4,timed-4GiB,4294967296,0,gpu-3uwoq-6g3ya-1,0,220,0.025511
e5-counters-rdma-qps4,timed-4GiB,4294967296,0,gpu-3uwoq-6g3ya-1,0,221,0.025546
e5-counters-rdma-qps4,timed-4GiB,4294967296,0,gpu-3uwoq-6g3ya-1,0,222,0.025514
e5-counters-rdma-qps4,timed-4GiB,4294967296,0,gpu-3uwoq-6g3ya-1,0,223,0.025171
e5-counters-rdma-qps4,timed-4GiB,4294967296,0,gpu-3uwoq-6g3ya-1,0,224,0.025307
e5-counters-rdma-qps4,timed-4GiB,4294967296,0,gpu-3uwoq-6g3ya-1,0,225,0.025155
e5-counters-rdma-qps4,timed-4GiB,4294967296,0,gpu-3uwoq-6g3ya-1,0,226,0.025025
e5-counters-rdma-qps4,timed-4GiB,4294967296,0,gpu-3uwoq-6g3ya-1,0,227,0.024984
e5-counters-rdma-qps4,timed-4GiB,4294967296,0,gpu-3uwoq-6g3ya-1,0,228,0.024765
e5-counters-rdma-qps4,timed-4GiB,4294967296,0,gpu-3uwoq-6g3ya-1,0,229,0.024765
e5-counters-rdma-qps4,timed-4GiB,4294967296,0,gpu-3uwoq-6g3ya-1,0,230,0.024724
e5-counters-rdma-qps4,timed-4GiB,4294967296,0,gpu-3uwoq-6g3ya-1,0,231,0.025077
e5-counters-rdma-qps4,timed-4GiB,4294967296,0,gpu-3uwoq-6g3ya-1,0,232,0.025213
e5-counters-rdma-qps4,timed-4GiB,4294967296,0,gpu-3uwoq-6g3ya-1,0,233,0.025099
e5-counters-rdma-qps4,timed-4GiB,4294967296,0,gpu-3uwoq-6g3ya-1,0,234,0.025025
e5-counters-rdma-qps4,timed-4GiB,4294967296,0,gpu-3uwoq-6g3ya-1,0,235,0.025038
e5-counters-rdma-qps4,timed-4GiB,4294967296,0,gpu-3uwoq-6g3ya-1,0,236,0.025049
e5-counters-rdma-qps4,timed-4GiB,4294967296,0,gpu-3uwoq-6g3ya-1,0,237,0.025056
e5-counters-rdma-qps4,timed-4GiB,4294967296,0,gpu-3uwoq-6g3ya-1,0,238,0.024929
e5-counters-rdma-qps4,timed-4GiB,4294967296,0,gpu-3uwoq-6g3ya-1,0,239,0.024767
e5-counters-rdma-qps4,timed-4GiB,4294967296,0,gpu-3uwoq-6g3ya-1,0,240,0.024776
e5-counters-rdma-qps4,timed-4GiB,4294967296,0,gpu-3uwoq-6g3ya-1,0,241,0.024760
e5-counters-rdma-qps4,timed-4GiB,4294967296,0,gpu-3uwoq-6g3ya-1,0,242,0.025211
e5-counters-rdma-qps4,timed-4GiB,4294967296,0,gpu-3uwoq-6g3ya-1,0,243,0.025171
e5-counters-rdma-qps4,timed-4GiB,4294967296,0,gpu-3uwoq-6g3ya-1,0,244,0.024904
e5-counters-rdma-qps4,timed-4GiB,4294967296,0,gpu-3uwoq-6g3ya-1,0,245,0.024871
e5-counters-rdma-qps4,timed-4GiB,4294967296,0,gpu-3uwoq-6g3ya-1,0,246,0.024877
e5-counters-rdma-qps4,timed-4GiB,4294967296,0,gpu-3uwoq-6g3ya-1,0,247,0.024982
e5-counters-rdma-qps4,timed-4GiB,4294967296,0,gpu-3uwoq-6g3ya-1,0,248,0.024871
e5-counters-rdma-qps4,timed-4GiB,4294967296,0,gpu-3uwoq-6g3ya-1,0,249,0.024703
e5-counters-rdma-qps4,timed-4GiB,4294967296,0,gpu-3uwoq-6g3ya-1,0,250,0.025088
e5-counters-rdma-qps4,timed-4GiB,4294967296,0,gpu-3uwoq-6g3ya-1,0,251,0.024761
e5-counters-rdma-qps4,timed-4GiB,4294967296,0,gpu-3uwoq-6g3ya-1,0,252,0.024781
e5-counters-rdma-qps4,timed-4GiB,4294967296,0,gpu-3uwoq-6g3ya-1,0,253,0.024702
e5-counters-rdma-qps4,timed-4GiB,4294967296,0,gpu-3uwoq-6g3ya-1,0,254,0.024680
e5-counters-rdma-qps4,timed-4GiB,4294967296,0,gpu-3uwoq-6g3ya-1,0,255,0.024776
e5-counters-rdma-qps4,timed-4GiB,4294967296,0,gpu-3uwoq-6g3ya-1,0,256,0.024699
e5-counters-rdma-qps4,timed-4GiB,4294967296,0,gpu-3uwoq-6g3ya-1,0,257,0.024776
e5-counters-rdma-qps4,timed-4GiB,4294967296,0,gpu-3uwoq-6g3ya-1,0,258,0.025478
e5-counters-rdma-qps4,timed-4GiB,4294967296,0,gpu-3uwoq-6g3ya-1,0,259,0.025994
e5-counters-rdma-qps4,timed-4GiB,4294967296,0,gpu-3uwoq-6g3ya-1,0,260,0.025842
e5-counters-rdma-qps4,timed-4GiB,4294967296,0,gpu-3uwoq-6g3ya-1,0,261,0.025124
e5-counters-rdma-qps4,timed-4GiB,4294967296,0,gpu-3uwoq-6g3ya-1,0,262,0.024949
e5-counters-rdma-qps4,timed-4GiB,4294967296,0,gpu-3uwoq-6g3ya-1,0,263,0.024861
e5-counters-rdma-qps4,timed-4GiB,4294967296,0,gpu-3uwoq-6g3ya-1,0,264,0.024829
e5-counters-rdma-qps4,timed-4GiB,4294967296,0,gpu-3uwoq-6g3ya-1,0,265,0.024734
e5-counters-rdma-qps4,timed-4GiB,4294967296,0,gpu-3uwoq-6g3ya-1,0,266,0.025159
e5-counters-rdma-qps4,timed-4GiB,4294967296,0,gpu-3uwoq-6g3ya-1,0,267,0.025206
e5-counters-rdma-qps4,timed-4GiB,4294967296,0,gpu-3uwoq-6g3ya-1,0,268,0.025039
e5-counters-rdma-qps4,timed-4GiB,4294967296,0,gpu-3uwoq-6g3ya-1,0,269,0.024952
e5-counters-rdma-qps4,timed-4GiB,4294967296,0,gpu-3uwoq-6g3ya-1,0,270,0.024831
e5-counters-rdma-qps4,timed-4GiB,4294967296,0,gpu-3uwoq-6g3ya-1,0,271,0.024872
e5-counters-rdma-qps4,timed-4GiB,4294967296,0,gpu-3uwoq-6g3ya-1,0,272,0.025371
e5-counters-rdma-qps4,timed-4GiB,4294967296,0,gpu-3uwoq-6g3ya-1,0,273,0.025294
e5-counters-rdma-qps4,timed-4GiB,4294967296,0,gpu-3uwoq-6g3ya-1,0,274,0.024992
e5-counters-rdma-qps4,timed-4GiB,4294967296,0,gpu-3uwoq-6g3ya-1,0,275,0.024925
e5-counters-rdma-qps4,timed-4GiB,4294967296,0,gpu-3uwoq-6g3ya-1,0,276,0.024864
e5-counters-rdma-qps4,timed-4GiB,4294967296,0,gpu-3uwoq-6g3ya-1,0,277,0.024665
e5-counters-rdma-qps4,timed-4GiB,4294967296,0,gpu-3uwoq-6g3ya-1,0,278,0.024650
e5-counters-rdma-qps4,timed-4GiB,4294967296,0,gpu-3uwoq-6g3ya-1,0,279,0.024560
e5-counters-rdma-qps4,timed-4GiB,4294967296,0,gpu-3uwoq-6g3ya-1,0,280,0.024716
e5-counters-rdma-qps4,timed-4GiB,4294967296,0,gpu-3uwoq-6g3ya-1,0,281,0.024710
e5-counters-rdma-qps4,timed-4GiB,4294967296,0,gpu-3uwoq-6g3ya-1,0,282,0.024530
e5-counters-rdma-qps4,timed-4GiB,4294967296,0,gpu-3uwoq-6g3ya-1,0,283,0.024580
e5-counters-rdma-qps4,timed-4GiB,4294967296,0,gpu-3uwoq-6g3ya-1,0,284,0.024657
e5-counters-rdma-qps4,timed-4GiB,4294967296,0,gpu-3uwoq-6g3ya-1,0,285,0.024595
e5-counters-rdma-qps4,timed-4GiB,4294967296,0,gpu-3uwoq-6g3ya-1,0,286,0.024601
e5-counters-rdma-qps4,timed-4GiB,4294967296,0,gpu-3uwoq-6g3ya-1,0,287,0.024521
e5-counters-rdma-qps4,timed-4GiB,4294967296,0,gpu-3uwoq-6g3ya-1,0,288,0.024357
e5-counters-rdma-qps4,timed-4GiB,4294967296,0,gpu-3uwoq-6g3ya-1,0,289,0.024608
e5-counters-rdma-qps4,timed-4GiB,4294967296,0,gpu-3uwoq-6g3ya-1,0,290,0.024810
e5-counters-rdma-qps4,timed-4GiB,4294967296,0,gpu-3uwoq-6g3ya-1,0,291,0.024679
e5-counters-rdma-qps4,timed-4GiB,4294967296,0,gpu-3uwoq-6g3ya-1,0,292,0.024670
e5-counters-rdma-qps4,timed-4GiB,4294967296,0,gpu-3uwoq-6g3ya-1,0,293,0.024647
e5-counters-rdma-qps4,timed-4GiB,4294967296,0,gpu-3uwoq-6g3ya-1,0,294,0.024535
e5-counters-rdma-qps4,timed-4GiB,4294967296,0,gpu-3uwoq-6g3ya-1,0,295,0.024675
e5-counters-rdma-qps4,timed-4GiB,4294967296,0,gpu-3uwoq-6g3ya-1,0,296,0.024613
e5-counters-rdma-qps4,timed-4GiB,4294967296,0,gpu-3uwoq-6g3ya-1,0,297,0.024739
e5-counters-rdma-qps4,timed-4GiB,4294967296,0,gpu-3uwoq-6g3ya-1,0,298,0.025240
e5-counters-rdma-qps4,timed-4GiB,4294967296,0,gpu-3uwoq-6g3ya-1,0,299,0.025632
e5-counters-rdma-qps4,timed-4GiB,4294967296,0,gpu-3uwoq-6g3ya-1,0,300,0.025419
e5-counters-rdma-qps4,timed-4GiB,4294967296,0,gpu-3uwoq-6g3ya-1,0,301,0.024956
e5-counters-rdma-qps4,timed-4GiB,4294967296,0,gpu-3uwoq-6g3ya-1,0,302,0.024961
e5-counters-rdma-qps4,timed-4GiB,4294967296,0,gpu-3uwoq-6g3ya-1,0,303,0.024831
e5-counters-rdma-qps4,timed-4GiB,4294967296,0,gpu-3uwoq-6g3ya-1,0,304,0.024828
e5-counters-rdma-qps4,timed-4GiB,4294967296,0,gpu-3uwoq-6g3ya-1,0,305,0.024729
e5-counters-rdma-qps4,timed-4GiB,4294967296,0,gpu-3uwoq-6g3ya-1,0,306,0.024670
e5-counters-rdma-qps4,timed-4GiB,4294967296,0,gpu-3uwoq-6g3ya-1,0,307,0.024679
e5-counters-rdma-qps4,timed-4GiB,4294967296,0,gpu-3uwoq-6g3ya-1,0,308,0.024658
e5-counters-rdma-qps4,timed-4GiB,4294967296,0,gpu-3uwoq-6g3ya-1,0,309,0.024607
e5-counters-rdma-qps4,timed-4GiB,4294967296,0,gpu-3uwoq-6g3ya-1,0,310,0.024603
e5-counters-rdma-qps4,timed-4GiB,4294967296,0,gpu-3uwoq-6g3ya-1,0,311,0.024837
e5-counters-rdma-qps4,timed-4GiB,4294967296,0,gpu-3uwoq-6g3ya-1,0,312,0.025029
e5-counters-rdma-qps4,timed-4GiB,4294967296,0,gpu-3uwoq-6g3ya-1,0,313,0.025187
e5-counters-rdma-qps4,timed-4GiB,4294967296,0,gpu-3uwoq-6g3ya-1,0,314,0.024904
e5-counters-rdma-qps4,timed-4GiB,4294967296,0,gpu-3uwoq-6g3ya-1,0,315,0.024823
e5-counters-rdma-qps4,timed-4GiB,4294967296,0,gpu-3uwoq-6g3ya-1,0,316,0.024749
e5-counters-rdma-qps4,timed-4GiB,4294967296,0,gpu-3uwoq-6g3ya-1,0,317,0.024806
e5-counters-rdma-qps4,timed-4GiB,4294967296,0,gpu-3uwoq-6g3ya-1,0,318,0.024955
e5-counters-rdma-qps4,timed-4GiB,4294967296,0,gpu-3uwoq-6g3ya-1,0,319,0.024755
e5-counters-rdma-qps4,timed-4GiB,4294967296,0,gpu-3uwoq-6g3ya-1,0,320,0.024699
e5-counters-rdma-qps4,timed-4GiB,4294967296,0,gpu-3uwoq-6g3ya-1,0,321,0.024554
e5-counters-rdma-qps4,timed-4GiB,4294967296,0,gpu-3uwoq-6g3ya-1,0,322,0.024882
e5-counters-rdma-qps4,timed-4GiB,4294967296,0,gpu-3uwoq-6g3ya-1,0,323,0.025097
e5-counters-rdma-qps4,timed-4GiB,4294967296,0,gpu-3uwoq-6g3ya-1,0,324,0.024871
e5-counters-rdma-qps4,timed-4GiB,4294967296,0,gpu-3uwoq-6g3ya-1,0,325,0.024776
e5-counters-rdma-qps4,timed-4GiB,4294967296,0,gpu-3uwoq-6g3ya-1,0,326,0.024761
e5-counters-rdma-qps4,timed-4GiB,4294967296,0,gpu-3uwoq-6g3ya-1,0,327,0.024776
e5-counters-rdma-qps4,timed-4GiB,4294967296,0,gpu-3uwoq-6g3ya-1,0,328,0.024823
e5-counters-rdma-qps4,timed-4GiB,4294967296,0,gpu-3uwoq-6g3ya-1,0,329,0.024602
e5-counters-rdma-qps4,timed-4GiB,4294967296,0,gpu-3uwoq-6g3ya-1,0,330,0.024787
e5-counters-rdma-qps4,timed-4GiB,4294967296,0,gpu-3uwoq-6g3ya-1,0,331,0.024760
e5-counters-rdma-qps4,timed-4GiB,4294967296,0,gpu-3uwoq-6g3ya-1,0,332,0.024763
e5-counters-rdma-qps4,timed-4GiB,4294967296,0,gpu-3uwoq-6g3ya-1,0,333,0.024703
e5-counters-rdma-qps4,timed-4GiB,4294967296,0,gpu-3uwoq-6g3ya-1,0,334,0.024531
e5-counters-rdma-qps4,timed-4GiB,4294967296,0,gpu-3uwoq-6g3ya-1,0,335,0.024581
e5-counters-rdma-qps4,timed-4GiB,4294967296,0,gpu-3uwoq-6g3ya-1,0,336,0.024586
e5-counters-rdma-qps4,timed-4GiB,4294967296,0,gpu-3uwoq-6g3ya-1,0,337,0.024579
e5-counters-rdma-qps4,timed-4GiB,4294967296,0,gpu-3uwoq-6g3ya-1,0,338,0.024824
e5-counters-rdma-qps4,timed-4GiB,4294967296,0,gpu-3uwoq-6g3ya-1,0,339,0.026044
e5-counters-rdma-qps4,timed-4GiB,4294967296,0,gpu-3uwoq-6g3ya-1,0,340,0.026353
e5-counters-rdma-qps4,timed-4GiB,4294967296,0,gpu-3uwoq-6g3ya-1,0,341,0.025652
e5-counters-rdma-qps4,timed-4GiB,4294967296,0,gpu-3uwoq-6g3ya-1,0,342,0.025186
e5-counters-rdma-qps4,timed-4GiB,4294967296,0,gpu-3uwoq-6g3ya-1,0,343,0.025075
e5-counters-rdma-qps4,timed-4GiB,4294967296,0,gpu-3uwoq-6g3ya-1,0,344,0.024914
e5-counters-rdma-qps4,timed-4GiB,4294967296,0,gpu-3uwoq-6g3ya-1,0,345,0.024872
e5-counters-rdma-qps4,timed-4GiB,4294967296,0,gpu-3uwoq-6g3ya-1,0,346,0.024744
e5-counters-rdma-qps4,timed-4GiB,4294967296,0,gpu-3uwoq-6g3ya-1,0,347,0.024756
e5-counters-rdma-qps4,timed-4GiB,4294967296,0,gpu-3uwoq-6g3ya-1,0,348,0.024634
e5-counters-rdma-qps4,timed-4GiB,4294967296,0,gpu-3uwoq-6g3ya-1,0,349,0.024630
e5-counters-rdma-qps4,timed-4GiB,4294967296,0,gpu-3uwoq-6g3ya-1,0,350,0.024715
e5-counters-rdma-qps4,timed-4GiB,4294967296,0,gpu-3uwoq-6g3ya-1,0,351,0.024572
e5-counters-rdma-qps4,timed-4GiB,4294967296,0,gpu-3uwoq-6g3ya-1,0,352,0.024666
e5-counters-rdma-qps4,timed-4GiB,4294967296,0,gpu-3uwoq-6g3ya-1,0,353,0.024663
e5-counters-rdma-qps4,timed-4GiB,4294967296,0,gpu-3uwoq-6g3ya-1,0,354,0.024578
e5-counters-rdma-qps4,timed-4GiB,4294967296,0,gpu-3uwoq-6g3ya-1,0,355,0.024681
e5-counters-rdma-qps4,timed-4GiB,4294967296,0,gpu-3uwoq-6g3ya-1,0,356,0.024568
e5-counters-rdma-qps4,timed-4GiB,4294967296,0,gpu-3uwoq-6g3ya-1,0,357,0.024452
e5-counters-rdma-qps4,timed-4GiB,4294967296,0,gpu-3uwoq-6g3ya-1,0,358,0.024654
e5-counters-rdma-qps4,timed-4GiB,4294967296,0,gpu-3uwoq-6g3ya-1,0,359,0.024637
e5-counters-rdma-qps4,timed-4GiB,4294967296,0,gpu-3uwoq-6g3ya-1,0,360,0.024597
e5-counters-rdma-qps4,timed-4GiB,4294967296,0,gpu-3uwoq-6g3ya-1,0,361,0.024547
e5-counters-rdma-qps4,timed-4GiB,4294967296,0,gpu-3uwoq-6g3ya-1,0,362,0.024559
e5-counters-rdma-qps4,timed-4GiB,4294967296,0,gpu-3uwoq-6g3ya-1,0,363,0.024606
e5-counters-rdma-qps4,timed-4GiB,4294967296,0,gpu-3uwoq-6g3ya-1,0,364,0.024957
e5-counters-rdma-qps4,timed-4GiB,4294967296,0,gpu-3uwoq-6g3ya-1,0,365,0.024907
e5-counters-rdma-qps4,timed-4GiB,4294967296,0,gpu-3uwoq-6g3ya-1,0,366,0.024914
e5-counters-rdma-qps4,timed-4GiB,4294967296,0,gpu-3uwoq-6g3ya-1,0,367,0.024722
e5-counters-rdma-qps4,timed-4GiB,4294967296,0,gpu-3uwoq-6g3ya-1,0,368,0.024709
e5-counters-rdma-qps4,timed-4GiB,4294967296,0,gpu-3uwoq-6g3ya-1,0,369,0.024796
e5-counters-rdma-qps4,timed-4GiB,4294967296,0,gpu-3uwoq-6g3ya-1,0,370,0.024877
e5-counters-rdma-qps4,timed-4GiB,4294967296,0,gpu-3uwoq-6g3ya-1,0,371,0.024837
e5-counters-rdma-qps4,timed-4GiB,4294967296,0,gpu-3uwoq-6g3ya-1,0,372,0.024756
e5-counters-rdma-qps4,timed-4GiB,4294967296,0,gpu-3uwoq-6g3ya-1,0,373,0.024658
e5-counters-rdma-qps4,timed-4GiB,4294967296,0,gpu-3uwoq-6g3ya-1,0,374,0.024775
e5-counters-rdma-qps4,timed-4GiB,4294967296,0,gpu-3uwoq-6g3ya-1,0,375,0.024626
e5-counters-rdma-qps4,timed-4GiB,4294967296,0,gpu-3uwoq-6g3ya-1,0,376,0.024716
e5-counters-rdma-qps4,timed-4GiB,4294967296,0,gpu-3uwoq-6g3ya-1,0,377,0.024588
e5-counters-rdma-qps4,timed-4GiB,4294967296,0,gpu-3uwoq-6g3ya-1,0,378,0.024660
e5-counters-rdma-qps4,timed-4GiB,4294967296,0,gpu-3uwoq-6g3ya-1,0,379,0.025569
e5-counters-rdma-qps4,timed-4GiB,4294967296,0,gpu-3uwoq-6g3ya-1,0,380,0.025166
e5-counters-rdma-qps4,timed-4GiB,4294967296,0,gpu-3uwoq-6g3ya-1,0,381,0.024909
e5-counters-rdma-qps4,timed-4GiB,4294967296,0,gpu-3uwoq-6g3ya-1,0,382,0.024840
e5-counters-rdma-qps4,timed-4GiB,4294967296,0,gpu-3uwoq-6g3ya-1,0,383,0.024638
e5-counters-rdma-qps4,timed-4GiB,4294967296,0,gpu-3uwoq-6g3ya-1,0,384,0.024775
e5-counters-rdma-qps4,timed-4GiB,4294967296,0,gpu-3uwoq-6g3ya-1,0,385,0.025140
e5-counters-rdma-qps4,timed-4GiB,4294967296,0,gpu-3uwoq-6g3ya-1,0,386,0.025330
e5-counters-rdma-qps4,timed-4GiB,4294967296,0,gpu-3uwoq-6g3ya-1,0,387,0.024970
e5-counters-rdma-qps4,timed-4GiB,4294967296,0,gpu-3uwoq-6g3ya-1,0,388,0.024900
e5-counters-rdma-qps4,timed-4GiB,4294967296,0,gpu-3uwoq-6g3ya-1,0,389,0.024888
e5-counters-rdma-qps4,timed-4GiB,4294967296,0,gpu-3uwoq-6g3ya-1,0,390,0.024976
e5-counters-rdma-qps4,timed-4GiB,4294967296,0,gpu-3uwoq-6g3ya-1,0,391,0.024696
e5-counters-rdma-qps4,timed-4GiB,4294967296,0,gpu-3uwoq-6g3ya-1,0,392,0.024717
e5-counters-rdma-qps4,timed-4GiB,4294967296,0,gpu-3uwoq-6g3ya-1,0,393,0.024518
e5-counters-rdma-qps4,timed-4GiB,4294967296,0,gpu-3uwoq-6g3ya-1,0,394,0.024581
e5-counters-rdma-qps4,timed-4GiB,4294967296,0,gpu-3uwoq-6g3ya-1,0,395,0.024854
e5-counters-rdma-qps4,timed-4GiB,4294967296,0,gpu-3uwoq-6g3ya-1,0,396,0.024928
e5-counters-rdma-qps4,timed-4GiB,4294967296,0,gpu-3uwoq-6g3ya-1,0,397,0.024973
e5-counters-rdma-qps4,timed-4GiB,4294967296,0,gpu-3uwoq-6g3ya-1,0,398,0.024881
e5-counters-rdma-qps4,timed-4GiB,4294967296,0,gpu-3uwoq-6g3ya-1,0,399,0.024895
e5-counters-rdma-qps4,timed-4GiB,4294967296,1,gpu-3uwoq-6g3ya-1,1,0,0.056993
e5-counters-rdma-qps4,timed-4GiB,4294967296,1,gpu-3uwoq-6g3ya-1,1,1,0.030422
e5-counters-rdma-qps4,timed-4GiB,4294967296,1,gpu-3uwoq-6g3ya-1,1,2,0.026832
e5-counters-rdma-qps4,timed-4GiB,4294967296,1,gpu-3uwoq-6g3ya-1,1,3,0.025295
e5-counters-rdma-qps4,timed-4GiB,4294967296,1,gpu-3uwoq-6g3ya-1,1,4,0.025065
e5-counters-rdma-qps4,timed-4GiB,4294967296,1,gpu-3uwoq-6g3ya-1,1,5,0.024900
e5-counters-rdma-qps4,timed-4GiB,4294967296,1,gpu-3uwoq-6g3ya-1,1,6,0.024965
e5-counters-rdma-qps4,timed-4GiB,4294967296,1,gpu-3uwoq-6g3ya-1,1,7,0.024884
e5-counters-rdma-qps4,timed-4GiB,4294967296,1,gpu-3uwoq-6g3ya-1,1,8,0.025028
e5-counters-rdma-qps4,timed-4GiB,4294967296,1,gpu-3uwoq-6g3ya-1,1,9,0.024889
e5-counters-rdma-qps4,timed-4GiB,4294967296,1,gpu-3uwoq-6g3ya-1,1,10,0.024895
e5-counters-rdma-qps4,timed-4GiB,4294967296,1,gpu-3uwoq-6g3ya-1,1,11,0.024855
e5-counters-rdma-qps4,timed-4GiB,4294967296,1,gpu-3uwoq-6g3ya-1,1,12,0.024578
e5-counters-rdma-qps4,timed-4GiB,4294967296,1,gpu-3uwoq-6g3ya-1,1,13,0.024634
e5-counters-rdma-qps4,timed-4GiB,4294967296,1,gpu-3uwoq-6g3ya-1,1,14,0.024740
e5-counters-rdma-qps4,timed-4GiB,4294967296,1,gpu-3uwoq-6g3ya-1,1,15,0.024782
e5-counters-rdma-qps4,timed-4GiB,4294967296,1,gpu-3uwoq-6g3ya-1,1,16,0.025275
e5-counters-rdma-qps4,timed-4GiB,4294967296,1,gpu-3uwoq-6g3ya-1,1,17,0.025335
e5-counters-rdma-qps4,timed-4GiB,4294967296,1,gpu-3uwoq-6g3ya-1,1,18,0.025193
e5-counters-rdma-qps4,timed-4GiB,4294967296,1,gpu-3uwoq-6g3ya-1,1,19,0.024982
e5-counters-rdma-qps4,timed-4GiB,4294967296,1,gpu-3uwoq-6g3ya-1,1,20,0.024802
e5-counters-rdma-qps4,timed-4GiB,4294967296,1,gpu-3uwoq-6g3ya-1,1,21,0.024847
e5-counters-rdma-qps4,timed-4GiB,4294967296,1,gpu-3uwoq-6g3ya-1,1,22,0.024894
e5-counters-rdma-qps4,timed-4GiB,4294967296,1,gpu-3uwoq-6g3ya-1,1,23,0.024638
e5-counters-rdma-qps4,timed-4GiB,4294967296,1,gpu-3uwoq-6g3ya-1,1,24,0.024689
e5-counters-rdma-qps4,timed-4GiB,4294967296,1,gpu-3uwoq-6g3ya-1,1,25,0.024759
e5-counters-rdma-qps4,timed-4GiB,4294967296,1,gpu-3uwoq-6g3ya-1,1,26,0.024566
e5-counters-rdma-qps4,timed-4GiB,4294967296,1,gpu-3uwoq-6g3ya-1,1,27,0.024537
e5-counters-rdma-qps4,timed-4GiB,4294967296,1,gpu-3uwoq-6g3ya-1,1,28,0.024576
e5-counters-rdma-qps4,timed-4GiB,4294967296,1,gpu-3uwoq-6g3ya-1,1,29,0.024491
e5-counters-rdma-qps4,timed-4GiB,4294967296,1,gpu-3uwoq-6g3ya-1,1,30,0.024542
e5-counters-rdma-qps4,timed-4GiB,4294967296,1,gpu-3uwoq-6g3ya-1,1,31,0.024714
e5-counters-rdma-qps4,timed-4GiB,4294967296,1,gpu-3uwoq-6g3ya-1,1,32,0.024574
e5-counters-rdma-qps4,timed-4GiB,4294967296,1,gpu-3uwoq-6g3ya-1,1,33,0.024493
e5-counters-rdma-qps4,timed-4GiB,4294967296,1,gpu-3uwoq-6g3ya-1,1,34,0.024545
e5-counters-rdma-qps4,timed-4GiB,4294967296,1,gpu-3uwoq-6g3ya-1,1,35,0.024381
e5-counters-rdma-qps4,timed-4GiB,4294967296,1,gpu-3uwoq-6g3ya-1,1,36,0.024480
e5-counters-rdma-qps4,timed-4GiB,4294967296,1,gpu-3uwoq-6g3ya-1,1,37,0.024527
e5-counters-rdma-qps4,timed-4GiB,4294967296,1,gpu-3uwoq-6g3ya-1,1,38,0.024445
e5-counters-rdma-qps4,timed-4GiB,4294967296,1,gpu-3uwoq-6g3ya-1,1,39,0.024473
e5-counters-rdma-qps4,timed-4GiB,4294967296,1,gpu-3uwoq-6g3ya-1,1,40,0.024557
e5-counters-rdma-qps4,timed-4GiB,4294967296,1,gpu-3uwoq-6g3ya-1,1,41,0.024504
e5-counters-rdma-qps4,timed-4GiB,4294967296,1,gpu-3uwoq-6g3ya-1,1,42,0.024424
e5-counters-rdma-qps4,timed-4GiB,4294967296,1,gpu-3uwoq-6g3ya-1,1,43,0.024589
e5-counters-rdma-qps4,timed-4GiB,4294967296,1,gpu-3uwoq-6g3ya-1,1,44,0.024662
e5-counters-rdma-qps4,timed-4GiB,4294967296,1,gpu-3uwoq-6g3ya-1,1,45,0.024575
e5-counters-rdma-qps4,timed-4GiB,4294967296,1,gpu-3uwoq-6g3ya-1,1,46,0.024601
e5-counters-rdma-qps4,timed-4GiB,4294967296,1,gpu-3uwoq-6g3ya-1,1,47,0.024515
e5-counters-rdma-qps4,timed-4GiB,4294967296,1,gpu-3uwoq-6g3ya-1,1,48,0.024691
e5-counters-rdma-qps4,timed-4GiB,4294967296,1,gpu-3uwoq-6g3ya-1,1,49,0.024737
e5-counters-rdma-qps4,timed-4GiB,4294967296,1,gpu-3uwoq-6g3ya-1,1,50,0.024667
e5-counters-rdma-qps4,timed-4GiB,4294967296,1,gpu-3uwoq-6g3ya-1,1,51,0.024832
e5-counters-rdma-qps4,timed-4GiB,4294967296,1,gpu-3uwoq-6g3ya-1,1,52,0.024636
e5-counters-rdma-qps4,timed-4GiB,4294967296,1,gpu-3uwoq-6g3ya-1,1,53,0.024581
e5-counters-rdma-qps4,timed-4GiB,4294967296,1,gpu-3uwoq-6g3ya-1,1,54,0.024599
e5-counters-rdma-qps4,timed-4GiB,4294967296,1,gpu-3uwoq-6g3ya-1,1,55,0.024537
e5-counters-rdma-qps4,timed-4GiB,4294967296,1,gpu-3uwoq-6g3ya-1,1,56,0.024648
e5-counters-rdma-qps4,timed-4GiB,4294967296,1,gpu-3uwoq-6g3ya-1,1,57,0.025576
e5-counters-rdma-qps4,timed-4GiB,4294967296,1,gpu-3uwoq-6g3ya-1,1,58,0.025402
e5-counters-rdma-qps4,timed-4GiB,4294967296,1,gpu-3uwoq-6g3ya-1,1,59,0.024966
e5-counters-rdma-qps4,timed-4GiB,4294967296,1,gpu-3uwoq-6g3ya-1,1,60,0.024720
e5-counters-rdma-qps4,timed-4GiB,4294967296,1,gpu-3uwoq-6g3ya-1,1,61,0.024874
e5-counters-rdma-qps4,timed-4GiB,4294967296,1,gpu-3uwoq-6g3ya-1,1,62,0.024765
e5-counters-rdma-qps4,timed-4GiB,4294967296,1,gpu-3uwoq-6g3ya-1,1,63,0.024872
e5-counters-rdma-qps4,timed-4GiB,4294967296,1,gpu-3uwoq-6g3ya-1,1,64,0.024810
e5-counters-rdma-qps4,timed-4GiB,4294967296,1,gpu-3uwoq-6g3ya-1,1,65,0.024649
e5-counters-rdma-qps4,timed-4GiB,4294967296,1,gpu-3uwoq-6g3ya-1,1,66,0.024746
e5-counters-rdma-qps4,timed-4GiB,4294967296,1,gpu-3uwoq-6g3ya-1,1,67,0.024653
e5-counters-rdma-qps4,timed-4GiB,4294967296,1,gpu-3uwoq-6g3ya-1,1,68,0.024655
e5-counters-rdma-qps4,timed-4GiB,4294967296,1,gpu-3uwoq-6g3ya-1,1,69,0.024647
e5-counters-rdma-qps4,timed-4GiB,4294967296,1,gpu-3uwoq-6g3ya-1,1,70,0.024758
e5-counters-rdma-qps4,timed-4GiB,4294967296,1,gpu-3uwoq-6g3ya-1,1,71,0.024704
e5-counters-rdma-qps4,timed-4GiB,4294967296,1,gpu-3uwoq-6g3ya-1,1,72,0.024651
e5-counters-rdma-qps4,timed-4GiB,4294967296,1,gpu-3uwoq-6g3ya-1,1,73,0.024731
e5-counters-rdma-qps4,timed-4GiB,4294967296,1,gpu-3uwoq-6g3ya-1,1,74,0.024668
e5-counters-rdma-qps4,timed-4GiB,4294967296,1,gpu-3uwoq-6g3ya-1,1,75,0.024626
e5-counters-rdma-qps4,timed-4GiB,4294967296,1,gpu-3uwoq-6g3ya-1,1,76,0.024623
e5-counters-rdma-qps4,timed-4GiB,4294967296,1,gpu-3uwoq-6g3ya-1,1,77,0.024685
e5-counters-rdma-qps4,timed-4GiB,4294967296,1,gpu-3uwoq-6g3ya-1,1,78,0.024664
e5-counters-rdma-qps4,timed-4GiB,4294967296,1,gpu-3uwoq-6g3ya-1,1,79,0.024588
e5-counters-rdma-qps4,timed-4GiB,4294967296,1,gpu-3uwoq-6g3ya-1,1,80,0.024534
e5-counters-rdma-qps4,timed-4GiB,4294967296,1,gpu-3uwoq-6g3ya-1,1,81,0.025112
e5-counters-rdma-qps4,timed-4GiB,4294967296,1,gpu-3uwoq-6g3ya-1,1,82,0.025205
e5-counters-rdma-qps4,timed-4GiB,4294967296,1,gpu-3uwoq-6g3ya-1,1,83,0.024901
e5-counters-rdma-qps4,timed-4GiB,4294967296,1,gpu-3uwoq-6g3ya-1,1,84,0.024670
e5-counters-rdma-qps4,timed-4GiB,4294967296,1,gpu-3uwoq-6g3ya-1,1,85,0.024678
e5-counters-rdma-qps4,timed-4GiB,4294967296,1,gpu-3uwoq-6g3ya-1,1,86,0.024799
e5-counters-rdma-qps4,timed-4GiB,4294967296,1,gpu-3uwoq-6g3ya-1,1,87,0.024496
e5-counters-rdma-qps4,timed-4GiB,4294967296,1,gpu-3uwoq-6g3ya-1,1,88,0.024591
e5-counters-rdma-qps4,timed-4GiB,4294967296,1,gpu-3uwoq-6g3ya-1,1,89,0.024806
e5-counters-rdma-qps4,timed-4GiB,4294967296,1,gpu-3uwoq-6g3ya-1,1,90,0.024668
e5-counters-rdma-qps4,timed-4GiB,4294967296,1,gpu-3uwoq-6g3ya-1,1,91,0.024566
e5-counters-rdma-qps4,timed-4GiB,4294967296,1,gpu-3uwoq-6g3ya-1,1,92,0.024574
e5-counters-rdma-qps4,timed-4GiB,4294967296,1,gpu-3uwoq-6g3ya-1,1,93,0.024573
e5-counters-rdma-qps4,timed-4GiB,4294967296,1,gpu-3uwoq-6g3ya-1,1,94,0.024573
e5-counters-rdma-qps4,timed-4GiB,4294967296,1,gpu-3uwoq-6g3ya-1,1,95,0.024559
e5-counters-rdma-qps4,timed-4GiB,4294967296,1,gpu-3uwoq-6g3ya-1,1,96,0.024687
e5-counters-rdma-qps4,timed-4GiB,4294967296,1,gpu-3uwoq-6g3ya-1,1,97,0.025248
e5-counters-rdma-qps4,timed-4GiB,4294967296,1,gpu-3uwoq-6g3ya-1,1,98,0.025342
e5-counters-rdma-qps4,timed-4GiB,4294967296,1,gpu-3uwoq-6g3ya-1,1,99,0.025292
e5-counters-rdma-qps4,timed-4GiB,4294967296,1,gpu-3uwoq-6g3ya-1,1,100,0.024761
e5-counters-rdma-qps4,timed-4GiB,4294967296,1,gpu-3uwoq-6g3ya-1,1,101,0.024786
e5-counters-rdma-qps4,timed-4GiB,4294967296,1,gpu-3uwoq-6g3ya-1,1,102,0.024759
e5-counters-rdma-qps4,timed-4GiB,4294967296,1,gpu-3uwoq-6g3ya-1,1,103,0.024882
e5-counters-rdma-qps4,timed-4GiB,4294967296,1,gpu-3uwoq-6g3ya-1,1,104,0.024857
e5-counters-rdma-qps4,timed-4GiB,4294967296,1,gpu-3uwoq-6g3ya-1,1,105,0.025100
e5-counters-rdma-qps4,timed-4GiB,4294967296,1,gpu-3uwoq-6g3ya-1,1,106,0.025037
e5-counters-rdma-qps4,timed-4GiB,4294967296,1,gpu-3uwoq-6g3ya-1,1,107,0.024845
e5-counters-rdma-qps4,timed-4GiB,4294967296,1,gpu-3uwoq-6g3ya-1,1,108,0.024918
e5-counters-rdma-qps4,timed-4GiB,4294967296,1,gpu-3uwoq-6g3ya-1,1,109,0.024903
e5-counters-rdma-qps4,timed-4GiB,4294967296,1,gpu-3uwoq-6g3ya-1,1,110,0.024828
e5-counters-rdma-qps4,timed-4GiB,4294967296,1,gpu-3uwoq-6g3ya-1,1,111,0.024924
e5-counters-rdma-qps4,timed-4GiB,4294967296,1,gpu-3uwoq-6g3ya-1,1,112,0.024738
e5-counters-rdma-qps4,timed-4GiB,4294967296,1,gpu-3uwoq-6g3ya-1,1,113,0.024720
e5-counters-rdma-qps4,timed-4GiB,4294967296,1,gpu-3uwoq-6g3ya-1,1,114,0.024638
e5-counters-rdma-qps4,timed-4GiB,4294967296,1,gpu-3uwoq-6g3ya-1,1,115,0.024690
e5-counters-rdma-qps4,timed-4GiB,4294967296,1,gpu-3uwoq-6g3ya-1,1,116,0.024817
e5-counters-rdma-qps4,timed-4GiB,4294967296,1,gpu-3uwoq-6g3ya-1,1,117,0.024823
e5-counters-rdma-qps4,timed-4GiB,4294967296,1,gpu-3uwoq-6g3ya-1,1,118,0.024753
e5-counters-rdma-qps4,timed-4GiB,4294967296,1,gpu-3uwoq-6g3ya-1,1,119,0.024729
e5-counters-rdma-qps4,timed-4GiB,4294967296,1,gpu-3uwoq-6g3ya-1,1,120,0.024736
e5-counters-rdma-qps4,timed-4GiB,4294967296,1,gpu-3uwoq-6g3ya-1,1,121,0.024682
e5-counters-rdma-qps4,timed-4GiB,4294967296,1,gpu-3uwoq-6g3ya-1,1,122,0.024611
e5-counters-rdma-qps4,timed-4GiB,4294967296,1,gpu-3uwoq-6g3ya-1,1,123,0.024751
e5-counters-rdma-qps4,timed-4GiB,4294967296,1,gpu-3uwoq-6g3ya-1,1,124,0.024627
e5-counters-rdma-qps4,timed-4GiB,4294967296,1,gpu-3uwoq-6g3ya-1,1,125,0.024666
e5-counters-rdma-qps4,timed-4GiB,4294967296,1,gpu-3uwoq-6g3ya-1,1,126,0.024814
e5-counters-rdma-qps4,timed-4GiB,4294967296,1,gpu-3uwoq-6g3ya-1,1,127,0.024649
e5-counters-rdma-qps4,timed-4GiB,4294967296,1,gpu-3uwoq-6g3ya-1,1,128,0.024597
e5-counters-rdma-qps4,timed-4GiB,4294967296,1,gpu-3uwoq-6g3ya-1,1,129,0.024852
e5-counters-rdma-qps4,timed-4GiB,4294967296,1,gpu-3uwoq-6g3ya-1,1,130,0.024746
e5-counters-rdma-qps4,timed-4GiB,4294967296,1,gpu-3uwoq-6g3ya-1,1,131,0.024610
e5-counters-rdma-qps4,timed-4GiB,4294967296,1,gpu-3uwoq-6g3ya-1,1,132,0.024603
e5-counters-rdma-qps4,timed-4GiB,4294967296,1,gpu-3uwoq-6g3ya-1,1,133,0.024599
e5-counters-rdma-qps4,timed-4GiB,4294967296,1,gpu-3uwoq-6g3ya-1,1,134,0.024511
e5-counters-rdma-qps4,timed-4GiB,4294967296,1,gpu-3uwoq-6g3ya-1,1,135,0.024765
e5-counters-rdma-qps4,timed-4GiB,4294967296,1,gpu-3uwoq-6g3ya-1,1,136,0.024681
e5-counters-rdma-qps4,timed-4GiB,4294967296,1,gpu-3uwoq-6g3ya-1,1,137,0.025005
e5-counters-rdma-qps4,timed-4GiB,4294967296,1,gpu-3uwoq-6g3ya-1,1,138,0.026185
e5-counters-rdma-qps4,timed-4GiB,4294967296,1,gpu-3uwoq-6g3ya-1,1,139,0.025687
e5-counters-rdma-qps4,timed-4GiB,4294967296,1,gpu-3uwoq-6g3ya-1,1,140,0.025330
e5-counters-rdma-qps4,timed-4GiB,4294967296,1,gpu-3uwoq-6g3ya-1,1,141,0.025060
e5-counters-rdma-qps4,timed-4GiB,4294967296,1,gpu-3uwoq-6g3ya-1,1,142,0.025058
e5-counters-rdma-qps4,timed-4GiB,4294967296,1,gpu-3uwoq-6g3ya-1,1,143,0.024833
e5-counters-rdma-qps4,timed-4GiB,4294967296,1,gpu-3uwoq-6g3ya-1,1,144,0.024978
e5-counters-rdma-qps4,timed-4GiB,4294967296,1,gpu-3uwoq-6g3ya-1,1,145,0.025007
e5-counters-rdma-qps4,timed-4GiB,4294967296,1,gpu-3uwoq-6g3ya-1,1,146,0.024873
e5-counters-rdma-qps4,timed-4GiB,4294967296,1,gpu-3uwoq-6g3ya-1,1,147,0.024846
e5-counters-rdma-qps4,timed-4GiB,4294967296,1,gpu-3uwoq-6g3ya-1,1,148,0.024888
e5-counters-rdma-qps4,timed-4GiB,4294967296,1,gpu-3uwoq-6g3ya-1,1,149,0.024836
e5-counters-rdma-qps4,timed-4GiB,4294967296,1,gpu-3uwoq-6g3ya-1,1,150,0.024757
e5-counters-rdma-qps4,timed-4GiB,4294967296,1,gpu-3uwoq-6g3ya-1,1,151,0.024782
e5-counters-rdma-qps4,timed-4GiB,4294967296,1,gpu-3uwoq-6g3ya-1,1,152,0.024830
e5-counters-rdma-qps4,timed-4GiB,4294967296,1,gpu-3uwoq-6g3ya-1,1,153,0.024861
e5-counters-rdma-qps4,timed-4GiB,4294967296,1,gpu-3uwoq-6g3ya-1,1,154,0.024786
e5-counters-rdma-qps4,timed-4GiB,4294967296,1,gpu-3uwoq-6g3ya-1,1,155,0.024847
e5-counters-rdma-qps4,timed-4GiB,4294967296,1,gpu-3uwoq-6g3ya-1,1,156,0.024806
e5-counters-rdma-qps4,timed-4GiB,4294967296,1,gpu-3uwoq-6g3ya-1,1,157,0.024921
e5-counters-rdma-qps4,timed-4GiB,4294967296,1,gpu-3uwoq-6g3ya-1,1,158,0.024802
e5-counters-rdma-qps4,timed-4GiB,4294967296,1,gpu-3uwoq-6g3ya-1,1,159,0.024939
e5-counters-rdma-qps4,timed-4GiB,4294967296,1,gpu-3uwoq-6g3ya-1,1,160,0.024912
e5-counters-rdma-qps4,timed-4GiB,4294967296,1,gpu-3uwoq-6g3ya-1,1,161,0.024603
e5-counters-rdma-qps4,timed-4GiB,4294967296,1,gpu-3uwoq-6g3ya-1,1,162,0.024716
e5-counters-rdma-qps4,timed-4GiB,4294967296,1,gpu-3uwoq-6g3ya-1,1,163,0.024581
e5-counters-rdma-qps4,timed-4GiB,4294967296,1,gpu-3uwoq-6g3ya-1,1,164,0.024589
e5-counters-rdma-qps4,timed-4GiB,4294967296,1,gpu-3uwoq-6g3ya-1,1,165,0.024692
e5-counters-rdma-qps4,timed-4GiB,4294967296,1,gpu-3uwoq-6g3ya-1,1,166,0.024625
e5-counters-rdma-qps4,timed-4GiB,4294967296,1,gpu-3uwoq-6g3ya-1,1,167,0.024565
e5-counters-rdma-qps4,timed-4GiB,4294967296,1,gpu-3uwoq-6g3ya-1,1,168,0.024644
e5-counters-rdma-qps4,timed-4GiB,4294967296,1,gpu-3uwoq-6g3ya-1,1,169,0.024908
e5-counters-rdma-qps4,timed-4GiB,4294967296,1,gpu-3uwoq-6g3ya-1,1,170,0.024836
e5-counters-rdma-qps4,timed-4GiB,4294967296,1,gpu-3uwoq-6g3ya-1,1,171,0.024807
e5-counters-rdma-qps4,timed-4GiB,4294967296,1,gpu-3uwoq-6g3ya-1,1,172,0.024662
e5-counters-rdma-qps4,timed-4GiB,4294967296,1,gpu-3uwoq-6g3ya-1,1,173,0.024583
e5-counters-rdma-qps4,timed-4GiB,4294967296,1,gpu-3uwoq-6g3ya-1,1,174,0.024593
e5-counters-rdma-qps4,timed-4GiB,4294967296,1,gpu-3uwoq-6g3ya-1,1,175,0.024560
e5-counters-rdma-qps4,timed-4GiB,4294967296,1,gpu-3uwoq-6g3ya-1,1,176,0.024611
e5-counters-rdma-qps4,timed-4GiB,4294967296,1,gpu-3uwoq-6g3ya-1,1,177,0.024727
e5-counters-rdma-qps4,timed-4GiB,4294967296,1,gpu-3uwoq-6g3ya-1,1,178,0.025497
e5-counters-rdma-qps4,timed-4GiB,4294967296,1,gpu-3uwoq-6g3ya-1,1,179,0.025523
e5-counters-rdma-qps4,timed-4GiB,4294967296,1,gpu-3uwoq-6g3ya-1,1,180,0.025039
e5-counters-rdma-qps4,timed-4GiB,4294967296,1,gpu-3uwoq-6g3ya-1,1,181,0.024784
e5-counters-rdma-qps4,timed-4GiB,4294967296,1,gpu-3uwoq-6g3ya-1,1,182,0.024793
e5-counters-rdma-qps4,timed-4GiB,4294967296,1,gpu-3uwoq-6g3ya-1,1,183,0.024772
e5-counters-rdma-qps4,timed-4GiB,4294967296,1,gpu-3uwoq-6g3ya-1,1,184,0.024679
e5-counters-rdma-qps4,timed-4GiB,4294967296,1,gpu-3uwoq-6g3ya-1,1,185,0.024657
e5-counters-rdma-qps4,timed-4GiB,4294967296,1,gpu-3uwoq-6g3ya-1,1,186,0.024680
e5-counters-rdma-qps4,timed-4GiB,4294967296,1,gpu-3uwoq-6g3ya-1,1,187,0.024618
e5-counters-rdma-qps4,timed-4GiB,4294967296,1,gpu-3uwoq-6g3ya-1,1,188,0.024586
e5-counters-rdma-qps4,timed-4GiB,4294967296,1,gpu-3uwoq-6g3ya-1,1,189,0.024663
e5-counters-rdma-qps4,timed-4GiB,4294967296,1,gpu-3uwoq-6g3ya-1,1,190,0.024675
e5-counters-rdma-qps4,timed-4GiB,4294967296,1,gpu-3uwoq-6g3ya-1,1,191,0.024628
e5-counters-rdma-qps4,timed-4GiB,4294967296,1,gpu-3uwoq-6g3ya-1,1,192,0.024766
e5-counters-rdma-qps4,timed-4GiB,4294967296,1,gpu-3uwoq-6g3ya-1,1,193,0.024540
e5-counters-rdma-qps4,timed-4GiB,4294967296,1,gpu-3uwoq-6g3ya-1,1,194,0.024659
e5-counters-rdma-qps4,timed-4GiB,4294967296,1,gpu-3uwoq-6g3ya-1,1,195,0.024618
e5-counters-rdma-qps4,timed-4GiB,4294967296,1,gpu-3uwoq-6g3ya-1,1,196,0.024609
e5-counters-rdma-qps4,timed-4GiB,4294967296,1,gpu-3uwoq-6g3ya-1,1,197,0.024620
e5-counters-rdma-qps4,timed-4GiB,4294967296,1,gpu-3uwoq-6g3ya-1,1,198,0.024645
e5-counters-rdma-qps4,timed-4GiB,4294967296,1,gpu-3uwoq-6g3ya-1,1,199,0.024717
e5-counters-rdma-qps4,timed-4GiB,4294967296,1,gpu-3uwoq-6g3ya-1,1,200,0.024550
e5-counters-rdma-qps4,timed-4GiB,4294967296,1,gpu-3uwoq-6g3ya-1,1,201,0.024663
e5-counters-rdma-qps4,timed-4GiB,4294967296,1,gpu-3uwoq-6g3ya-1,1,202,0.024679
e5-counters-rdma-qps4,timed-4GiB,4294967296,1,gpu-3uwoq-6g3ya-1,1,203,0.024659
e5-counters-rdma-qps4,timed-4GiB,4294967296,1,gpu-3uwoq-6g3ya-1,1,204,0.024629
e5-counters-rdma-qps4,timed-4GiB,4294967296,1,gpu-3uwoq-6g3ya-1,1,205,0.024501
e5-counters-rdma-qps4,timed-4GiB,4294967296,1,gpu-3uwoq-6g3ya-1,1,206,0.024543
e5-counters-rdma-qps4,timed-4GiB,4294967296,1,gpu-3uwoq-6g3ya-1,1,207,0.024745
e5-counters-rdma-qps4,timed-4GiB,4294967296,1,gpu-3uwoq-6g3ya-1,1,208,0.025510
e5-counters-rdma-qps4,timed-4GiB,4294967296,1,gpu-3uwoq-6g3ya-1,1,209,0.025646
e5-counters-rdma-qps4,timed-4GiB,4294967296,1,gpu-3uwoq-6g3ya-1,1,210,0.025254
e5-counters-rdma-qps4,timed-4GiB,4294967296,1,gpu-3uwoq-6g3ya-1,1,211,0.025232
e5-counters-rdma-qps4,timed-4GiB,4294967296,1,gpu-3uwoq-6g3ya-1,1,212,0.025097
e5-counters-rdma-qps4,timed-4GiB,4294967296,1,gpu-3uwoq-6g3ya-1,1,213,0.024983
e5-counters-rdma-qps4,timed-4GiB,4294967296,1,gpu-3uwoq-6g3ya-1,1,214,0.024787
e5-counters-rdma-qps4,timed-4GiB,4294967296,1,gpu-3uwoq-6g3ya-1,1,215,0.024767
e5-counters-rdma-qps4,timed-4GiB,4294967296,1,gpu-3uwoq-6g3ya-1,1,216,0.024744
e5-counters-rdma-qps4,timed-4GiB,4294967296,1,gpu-3uwoq-6g3ya-1,1,217,0.025296
e5-counters-rdma-qps4,timed-4GiB,4294967296,1,gpu-3uwoq-6g3ya-1,1,218,0.026172
e5-counters-rdma-qps4,timed-4GiB,4294967296,1,gpu-3uwoq-6g3ya-1,1,219,0.025550
e5-counters-rdma-qps4,timed-4GiB,4294967296,1,gpu-3uwoq-6g3ya-1,1,220,0.025511
e5-counters-rdma-qps4,timed-4GiB,4294967296,1,gpu-3uwoq-6g3ya-1,1,221,0.025546
e5-counters-rdma-qps4,timed-4GiB,4294967296,1,gpu-3uwoq-6g3ya-1,1,222,0.025514
e5-counters-rdma-qps4,timed-4GiB,4294967296,1,gpu-3uwoq-6g3ya-1,1,223,0.025173
e5-counters-rdma-qps4,timed-4GiB,4294967296,1,gpu-3uwoq-6g3ya-1,1,224,0.025306
e5-counters-rdma-qps4,timed-4GiB,4294967296,1,gpu-3uwoq-6g3ya-1,1,225,0.025154
e5-counters-rdma-qps4,timed-4GiB,4294967296,1,gpu-3uwoq-6g3ya-1,1,226,0.025025
e5-counters-rdma-qps4,timed-4GiB,4294967296,1,gpu-3uwoq-6g3ya-1,1,227,0.024985
e5-counters-rdma-qps4,timed-4GiB,4294967296,1,gpu-3uwoq-6g3ya-1,1,228,0.024765
e5-counters-rdma-qps4,timed-4GiB,4294967296,1,gpu-3uwoq-6g3ya-1,1,229,0.024767
e5-counters-rdma-qps4,timed-4GiB,4294967296,1,gpu-3uwoq-6g3ya-1,1,230,0.024722
e5-counters-rdma-qps4,timed-4GiB,4294967296,1,gpu-3uwoq-6g3ya-1,1,231,0.025079
e5-counters-rdma-qps4,timed-4GiB,4294967296,1,gpu-3uwoq-6g3ya-1,1,232,0.025213
e5-counters-rdma-qps4,timed-4GiB,4294967296,1,gpu-3uwoq-6g3ya-1,1,233,0.025097
e5-counters-rdma-qps4,timed-4GiB,4294967296,1,gpu-3uwoq-6g3ya-1,1,234,0.025027
e5-counters-rdma-qps4,timed-4GiB,4294967296,1,gpu-3uwoq-6g3ya-1,1,235,0.025038
e5-counters-rdma-qps4,timed-4GiB,4294967296,1,gpu-3uwoq-6g3ya-1,1,236,0.025047
e5-counters-rdma-qps4,timed-4GiB,4294967296,1,gpu-3uwoq-6g3ya-1,1,237,0.025056
e5-counters-rdma-qps4,timed-4GiB,4294967296,1,gpu-3uwoq-6g3ya-1,1,238,0.024929
e5-counters-rdma-qps4,timed-4GiB,4294967296,1,gpu-3uwoq-6g3ya-1,1,239,0.024769
e5-counters-rdma-qps4,timed-4GiB,4294967296,1,gpu-3uwoq-6g3ya-1,1,240,0.024774
e5-counters-rdma-qps4,timed-4GiB,4294967296,1,gpu-3uwoq-6g3ya-1,1,241,0.024759
e5-counters-rdma-qps4,timed-4GiB,4294967296,1,gpu-3uwoq-6g3ya-1,1,242,0.025211
e5-counters-rdma-qps4,timed-4GiB,4294967296,1,gpu-3uwoq-6g3ya-1,1,243,0.025171
e5-counters-rdma-qps4,timed-4GiB,4294967296,1,gpu-3uwoq-6g3ya-1,1,244,0.024906
e5-counters-rdma-qps4,timed-4GiB,4294967296,1,gpu-3uwoq-6g3ya-1,1,245,0.024871
e5-counters-rdma-qps4,timed-4GiB,4294967296,1,gpu-3uwoq-6g3ya-1,1,246,0.024875
e5-counters-rdma-qps4,timed-4GiB,4294967296,1,gpu-3uwoq-6g3ya-1,1,247,0.024982
e5-counters-rdma-qps4,timed-4GiB,4294967296,1,gpu-3uwoq-6g3ya-1,1,248,0.024871
e5-counters-rdma-qps4,timed-4GiB,4294967296,1,gpu-3uwoq-6g3ya-1,1,249,0.024703
e5-counters-rdma-qps4,timed-4GiB,4294967296,1,gpu-3uwoq-6g3ya-1,1,250,0.025088
e5-counters-rdma-qps4,timed-4GiB,4294967296,1,gpu-3uwoq-6g3ya-1,1,251,0.024761
e5-counters-rdma-qps4,timed-4GiB,4294967296,1,gpu-3uwoq-6g3ya-1,1,252,0.024781
e5-counters-rdma-qps4,timed-4GiB,4294967296,1,gpu-3uwoq-6g3ya-1,1,253,0.024702
e5-counters-rdma-qps4,timed-4GiB,4294967296,1,gpu-3uwoq-6g3ya-1,1,254,0.024682
e5-counters-rdma-qps4,timed-4GiB,4294967296,1,gpu-3uwoq-6g3ya-1,1,255,0.024772
e5-counters-rdma-qps4,timed-4GiB,4294967296,1,gpu-3uwoq-6g3ya-1,1,256,0.024697
e5-counters-rdma-qps4,timed-4GiB,4294967296,1,gpu-3uwoq-6g3ya-1,1,257,0.024779
e5-counters-rdma-qps4,timed-4GiB,4294967296,1,gpu-3uwoq-6g3ya-1,1,258,0.025478
e5-counters-rdma-qps4,timed-4GiB,4294967296,1,gpu-3uwoq-6g3ya-1,1,259,0.025994
e5-counters-rdma-qps4,timed-4GiB,4294967296,1,gpu-3uwoq-6g3ya-1,1,260,0.025842
e5-counters-rdma-qps4,timed-4GiB,4294967296,1,gpu-3uwoq-6g3ya-1,1,261,0.025124
e5-counters-rdma-qps4,timed-4GiB,4294967296,1,gpu-3uwoq-6g3ya-1,1,262,0.024951
e5-counters-rdma-qps4,timed-4GiB,4294967296,1,gpu-3uwoq-6g3ya-1,1,263,0.024861
e5-counters-rdma-qps4,timed-4GiB,4294967296,1,gpu-3uwoq-6g3ya-1,1,264,0.024827
e5-counters-rdma-qps4,timed-4GiB,4294967296,1,gpu-3uwoq-6g3ya-1,1,265,0.024734
e5-counters-rdma-qps4,timed-4GiB,4294967296,1,gpu-3uwoq-6g3ya-1,1,266,0.025162
e5-counters-rdma-qps4,timed-4GiB,4294967296,1,gpu-3uwoq-6g3ya-1,1,267,0.025206
e5-counters-rdma-qps4,timed-4GiB,4294967296,1,gpu-3uwoq-6g3ya-1,1,268,0.025039
e5-counters-rdma-qps4,timed-4GiB,4294967296,1,gpu-3uwoq-6g3ya-1,1,269,0.024950
e5-counters-rdma-qps4,timed-4GiB,4294967296,1,gpu-3uwoq-6g3ya-1,1,270,0.024832
e5-counters-rdma-qps4,timed-4GiB,4294967296,1,gpu-3uwoq-6g3ya-1,1,271,0.024872
e5-counters-rdma-qps4,timed-4GiB,4294967296,1,gpu-3uwoq-6g3ya-1,1,272,0.025371
e5-counters-rdma-qps4,timed-4GiB,4294967296,1,gpu-3uwoq-6g3ya-1,1,273,0.025293
e5-counters-rdma-qps4,timed-4GiB,4294967296,1,gpu-3uwoq-6g3ya-1,1,274,0.024994
e5-counters-rdma-qps4,timed-4GiB,4294967296,1,gpu-3uwoq-6g3ya-1,1,275,0.024923
e5-counters-rdma-qps4,timed-4GiB,4294967296,1,gpu-3uwoq-6g3ya-1,1,276,0.024864
e5-counters-rdma-qps4,timed-4GiB,4294967296,1,gpu-3uwoq-6g3ya-1,1,277,0.024665
e5-counters-rdma-qps4,timed-4GiB,4294967296,1,gpu-3uwoq-6g3ya-1,1,278,0.024652
e5-counters-rdma-qps4,timed-4GiB,4294967296,1,gpu-3uwoq-6g3ya-1,1,279,0.024561
e5-counters-rdma-qps4,timed-4GiB,4294967296,1,gpu-3uwoq-6g3ya-1,1,280,0.024716
e5-counters-rdma-qps4,timed-4GiB,4294967296,1,gpu-3uwoq-6g3ya-1,1,281,0.024708
e5-counters-rdma-qps4,timed-4GiB,4294967296,1,gpu-3uwoq-6g3ya-1,1,282,0.024531
e5-counters-rdma-qps4,timed-4GiB,4294967296,1,gpu-3uwoq-6g3ya-1,1,283,0.024586
e5-counters-rdma-qps4,timed-4GiB,4294967296,1,gpu-3uwoq-6g3ya-1,1,284,0.024653
e5-counters-rdma-qps4,timed-4GiB,4294967296,1,gpu-3uwoq-6g3ya-1,1,285,0.024591
e5-counters-rdma-qps4,timed-4GiB,4294967296,1,gpu-3uwoq-6g3ya-1,1,286,0.024603
e5-counters-rdma-qps4,timed-4GiB,4294967296,1,gpu-3uwoq-6g3ya-1,1,287,0.024521
e5-counters-rdma-qps4,timed-4GiB,4294967296,1,gpu-3uwoq-6g3ya-1,1,288,0.024357
e5-counters-rdma-qps4,timed-4GiB,4294967296,1,gpu-3uwoq-6g3ya-1,1,289,0.024606
e5-counters-rdma-qps4,timed-4GiB,4294967296,1,gpu-3uwoq-6g3ya-1,1,290,0.024812
e5-counters-rdma-qps4,timed-4GiB,4294967296,1,gpu-3uwoq-6g3ya-1,1,291,0.024683
e5-counters-rdma-qps4,timed-4GiB,4294967296,1,gpu-3uwoq-6g3ya-1,1,292,0.024666
e5-counters-rdma-qps4,timed-4GiB,4294967296,1,gpu-3uwoq-6g3ya-1,1,293,0.024643
e5-counters-rdma-qps4,timed-4GiB,4294967296,1,gpu-3uwoq-6g3ya-1,1,294,0.024541
e5-counters-rdma-qps4,timed-4GiB,4294967296,1,gpu-3uwoq-6g3ya-1,1,295,0.024670
e5-counters-rdma-qps4,timed-4GiB,4294967296,1,gpu-3uwoq-6g3ya-1,1,296,0.024615
e5-counters-rdma-qps4,timed-4GiB,4294967296,1,gpu-3uwoq-6g3ya-1,1,297,0.024739
e5-counters-rdma-qps4,timed-4GiB,4294967296,1,gpu-3uwoq-6g3ya-1,1,298,0.025240
e5-counters-rdma-qps4,timed-4GiB,4294967296,1,gpu-3uwoq-6g3ya-1,1,299,0.025634
e5-counters-rdma-qps4,timed-4GiB,4294967296,1,gpu-3uwoq-6g3ya-1,1,300,0.025418
e5-counters-rdma-qps4,timed-4GiB,4294967296,1,gpu-3uwoq-6g3ya-1,1,301,0.024956
e5-counters-rdma-qps4,timed-4GiB,4294967296,1,gpu-3uwoq-6g3ya-1,1,302,0.024963
e5-counters-rdma-qps4,timed-4GiB,4294967296,1,gpu-3uwoq-6g3ya-1,1,303,0.024831
e5-counters-rdma-qps4,timed-4GiB,4294967296,1,gpu-3uwoq-6g3ya-1,1,304,0.024828
e5-counters-rdma-qps4,timed-4GiB,4294967296,1,gpu-3uwoq-6g3ya-1,1,305,0.024730
e5-counters-rdma-qps4,timed-4GiB,4294967296,1,gpu-3uwoq-6g3ya-1,1,306,0.024668
e5-counters-rdma-qps4,timed-4GiB,4294967296,1,gpu-3uwoq-6g3ya-1,1,307,0.024682
e5-counters-rdma-qps4,timed-4GiB,4294967296,1,gpu-3uwoq-6g3ya-1,1,308,0.024658
e5-counters-rdma-qps4,timed-4GiB,4294967296,1,gpu-3uwoq-6g3ya-1,1,309,0.024605
e5-counters-rdma-qps4,timed-4GiB,4294967296,1,gpu-3uwoq-6g3ya-1,1,310,0.024605
e5-counters-rdma-qps4,timed-4GiB,4294967296,1,gpu-3uwoq-6g3ya-1,1,311,0.024837
e5-counters-rdma-qps4,timed-4GiB,4294967296,1,gpu-3uwoq-6g3ya-1,1,312,0.025029
e5-counters-rdma-qps4,timed-4GiB,4294967296,1,gpu-3uwoq-6g3ya-1,1,313,0.025185
e5-counters-rdma-qps4,timed-4GiB,4294967296,1,gpu-3uwoq-6g3ya-1,1,314,0.024904
e5-counters-rdma-qps4,timed-4GiB,4294967296,1,gpu-3uwoq-6g3ya-1,1,315,0.024823
e5-counters-rdma-qps4,timed-4GiB,4294967296,1,gpu-3uwoq-6g3ya-1,1,316,0.024751
e5-counters-rdma-qps4,timed-4GiB,4294967296,1,gpu-3uwoq-6g3ya-1,1,317,0.024804
e5-counters-rdma-qps4,timed-4GiB,4294967296,1,gpu-3uwoq-6g3ya-1,1,318,0.024955
e5-counters-rdma-qps4,timed-4GiB,4294967296,1,gpu-3uwoq-6g3ya-1,1,319,0.024755
e5-counters-rdma-qps4,timed-4GiB,4294967296,1,gpu-3uwoq-6g3ya-1,1,320,0.024701
e5-counters-rdma-qps4,timed-4GiB,4294967296,1,gpu-3uwoq-6g3ya-1,1,321,0.024551
e5-counters-rdma-qps4,timed-4GiB,4294967296,1,gpu-3uwoq-6g3ya-1,1,322,0.024883
e5-counters-rdma-qps4,timed-4GiB,4294967296,1,gpu-3uwoq-6g3ya-1,1,323,0.025095
e5-counters-rdma-qps4,timed-4GiB,4294967296,1,gpu-3uwoq-6g3ya-1,1,324,0.024873
e5-counters-rdma-qps4,timed-4GiB,4294967296,1,gpu-3uwoq-6g3ya-1,1,325,0.024776
e5-counters-rdma-qps4,timed-4GiB,4294967296,1,gpu-3uwoq-6g3ya-1,1,326,0.024759
e5-counters-rdma-qps4,timed-4GiB,4294967296,1,gpu-3uwoq-6g3ya-1,1,327,0.024775
e5-counters-rdma-qps4,timed-4GiB,4294967296,1,gpu-3uwoq-6g3ya-1,1,328,0.024823
e5-counters-rdma-qps4,timed-4GiB,4294967296,1,gpu-3uwoq-6g3ya-1,1,329,0.024601
e5-counters-rdma-qps4,timed-4GiB,4294967296,1,gpu-3uwoq-6g3ya-1,1,330,0.024787
e5-counters-rdma-qps4,timed-4GiB,4294967296,1,gpu-3uwoq-6g3ya-1,1,331,0.024759
e5-counters-rdma-qps4,timed-4GiB,4294967296,1,gpu-3uwoq-6g3ya-1,1,332,0.024765
e5-counters-rdma-qps4,timed-4GiB,4294967296,1,gpu-3uwoq-6g3ya-1,1,333,0.024701
e5-counters-rdma-qps4,timed-4GiB,4294967296,1,gpu-3uwoq-6g3ya-1,1,334,0.024531
e5-counters-rdma-qps4,timed-4GiB,4294967296,1,gpu-3uwoq-6g3ya-1,1,335,0.024579
e5-counters-rdma-qps4,timed-4GiB,4294967296,1,gpu-3uwoq-6g3ya-1,1,336,0.024587
e5-counters-rdma-qps4,timed-4GiB,4294967296,1,gpu-3uwoq-6g3ya-1,1,337,0.024581
e5-counters-rdma-qps4,timed-4GiB,4294967296,1,gpu-3uwoq-6g3ya-1,1,338,0.024822
e5-counters-rdma-qps4,timed-4GiB,4294967296,1,gpu-3uwoq-6g3ya-1,1,339,0.026043
e5-counters-rdma-qps4,timed-4GiB,4294967296,1,gpu-3uwoq-6g3ya-1,1,340,0.026353
e5-counters-rdma-qps4,timed-4GiB,4294967296,1,gpu-3uwoq-6g3ya-1,1,341,0.025652
e5-counters-rdma-qps4,timed-4GiB,4294967296,1,gpu-3uwoq-6g3ya-1,1,342,0.025188
e5-counters-rdma-qps4,timed-4GiB,4294967296,1,gpu-3uwoq-6g3ya-1,1,343,0.025073
e5-counters-rdma-qps4,timed-4GiB,4294967296,1,gpu-3uwoq-6g3ya-1,1,344,0.024914
e5-counters-rdma-qps4,timed-4GiB,4294967296,1,gpu-3uwoq-6g3ya-1,1,345,0.024872
e5-counters-rdma-qps4,timed-4GiB,4294967296,1,gpu-3uwoq-6g3ya-1,1,346,0.024745
e5-counters-rdma-qps4,timed-4GiB,4294967296,1,gpu-3uwoq-6g3ya-1,1,347,0.024761
e5-counters-rdma-qps4,timed-4GiB,4294967296,1,gpu-3uwoq-6g3ya-1,1,348,0.024628
e5-counters-rdma-qps4,timed-4GiB,4294967296,1,gpu-3uwoq-6g3ya-1,1,349,0.024632
e5-counters-rdma-qps4,timed-4GiB,4294967296,1,gpu-3uwoq-6g3ya-1,1,350,0.024715
e5-counters-rdma-qps4,timed-4GiB,4294967296,1,gpu-3uwoq-6g3ya-1,1,351,0.024570
e5-counters-rdma-qps4,timed-4GiB,4294967296,1,gpu-3uwoq-6g3ya-1,1,352,0.024667
e5-counters-rdma-qps4,timed-4GiB,4294967296,1,gpu-3uwoq-6g3ya-1,1,353,0.024665
e5-counters-rdma-qps4,timed-4GiB,4294967296,1,gpu-3uwoq-6g3ya-1,1,354,0.024578
e5-counters-rdma-qps4,timed-4GiB,4294967296,1,gpu-3uwoq-6g3ya-1,1,355,0.024677
e5-counters-rdma-qps4,timed-4GiB,4294967296,1,gpu-3uwoq-6g3ya-1,1,356,0.024572
e5-counters-rdma-qps4,timed-4GiB,4294967296,1,gpu-3uwoq-6g3ya-1,1,357,0.024452
e5-counters-rdma-qps4,timed-4GiB,4294967296,1,gpu-3uwoq-6g3ya-1,1,358,0.024654
e5-counters-rdma-qps4,timed-4GiB,4294967296,1,gpu-3uwoq-6g3ya-1,1,359,0.024637
e5-counters-rdma-qps4,timed-4GiB,4294967296,1,gpu-3uwoq-6g3ya-1,1,360,0.024595
e5-counters-rdma-qps4,timed-4GiB,4294967296,1,gpu-3uwoq-6g3ya-1,1,361,0.024544
e5-counters-rdma-qps4,timed-4GiB,4294967296,1,gpu-3uwoq-6g3ya-1,1,362,0.024561
e5-counters-rdma-qps4,timed-4GiB,4294967296,1,gpu-3uwoq-6g3ya-1,1,363,0.024606
e5-counters-rdma-qps4,timed-4GiB,4294967296,1,gpu-3uwoq-6g3ya-1,1,364,0.024959
e5-counters-rdma-qps4,timed-4GiB,4294967296,1,gpu-3uwoq-6g3ya-1,1,365,0.024907
e5-counters-rdma-qps4,timed-4GiB,4294967296,1,gpu-3uwoq-6g3ya-1,1,366,0.024912
e5-counters-rdma-qps4,timed-4GiB,4294967296,1,gpu-3uwoq-6g3ya-1,1,367,0.024722
e5-counters-rdma-qps4,timed-4GiB,4294967296,1,gpu-3uwoq-6g3ya-1,1,368,0.024710
e5-counters-rdma-qps4,timed-4GiB,4294967296,1,gpu-3uwoq-6g3ya-1,1,369,0.024794
e5-counters-rdma-qps4,timed-4GiB,4294967296,1,gpu-3uwoq-6g3ya-1,1,370,0.024879
e5-counters-rdma-qps4,timed-4GiB,4294967296,1,gpu-3uwoq-6g3ya-1,1,371,0.024833
e5-counters-rdma-qps4,timed-4GiB,4294967296,1,gpu-3uwoq-6g3ya-1,1,372,0.024759
e5-counters-rdma-qps4,timed-4GiB,4294967296,1,gpu-3uwoq-6g3ya-1,1,373,0.024660
e5-counters-rdma-qps4,timed-4GiB,4294967296,1,gpu-3uwoq-6g3ya-1,1,374,0.024772
e5-counters-rdma-qps4,timed-4GiB,4294967296,1,gpu-3uwoq-6g3ya-1,1,375,0.024626
e5-counters-rdma-qps4,timed-4GiB,4294967296,1,gpu-3uwoq-6g3ya-1,1,376,0.024716
e5-counters-rdma-qps4,timed-4GiB,4294967296,1,gpu-3uwoq-6g3ya-1,1,377,0.024586
e5-counters-rdma-qps4,timed-4GiB,4294967296,1,gpu-3uwoq-6g3ya-1,1,378,0.024664
e5-counters-rdma-qps4,timed-4GiB,4294967296,1,gpu-3uwoq-6g3ya-1,1,379,0.025566
e5-counters-rdma-qps4,timed-4GiB,4294967296,1,gpu-3uwoq-6g3ya-1,1,380,0.025166
e5-counters-rdma-qps4,timed-4GiB,4294967296,1,gpu-3uwoq-6g3ya-1,1,381,0.024909
e5-counters-rdma-qps4,timed-4GiB,4294967296,1,gpu-3uwoq-6g3ya-1,1,382,0.024841
e5-counters-rdma-qps4,timed-4GiB,4294967296,1,gpu-3uwoq-6g3ya-1,1,383,0.024636
e5-counters-rdma-qps4,timed-4GiB,4294967296,1,gpu-3uwoq-6g3ya-1,1,384,0.024779
e5-counters-rdma-qps4,timed-4GiB,4294967296,1,gpu-3uwoq-6g3ya-1,1,385,0.025138
e5-counters-rdma-qps4,timed-4GiB,4294967296,1,gpu-3uwoq-6g3ya-1,1,386,0.025332
e5-counters-rdma-qps4,timed-4GiB,4294967296,1,gpu-3uwoq-6g3ya-1,1,387,0.024970
e5-counters-rdma-qps4,timed-4GiB,4294967296,1,gpu-3uwoq-6g3ya-1,1,388,0.024898
e5-counters-rdma-qps4,timed-4GiB,4294967296,1,gpu-3uwoq-6g3ya-1,1,389,0.024887
e5-counters-rdma-qps4,timed-4GiB,4294967296,1,gpu-3uwoq-6g3ya-1,1,390,0.024976
e5-counters-rdma-qps4,timed-4GiB,4294967296,1,gpu-3uwoq-6g3ya-1,1,391,0.024696
e5-counters-rdma-qps4,timed-4GiB,4294967296,1,gpu-3uwoq-6g3ya-1,1,392,0.024717
e5-counters-rdma-qps4,timed-4GiB,4294967296,1,gpu-3uwoq-6g3ya-1,1,393,0.024518
e5-counters-rdma-qps4,timed-4GiB,4294967296,1,gpu-3uwoq-6g3ya-1,1,394,0.024581
e5-counters-rdma-qps4,timed-4GiB,4294967296,1,gpu-3uwoq-6g3ya-1,1,395,0.024856
e5-counters-rdma-qps4,timed-4GiB,4294967296,1,gpu-3uwoq-6g3ya-1,1,396,0.024926
e5-counters-rdma-qps4,timed-4GiB,4294967296,1,gpu-3uwoq-6g3ya-1,1,397,0.024975
e5-counters-rdma-qps4,timed-4GiB,4294967296,1,gpu-3uwoq-6g3ya-1,1,398,0.024881
e5-counters-rdma-qps4,timed-4GiB,4294967296,1,gpu-3uwoq-6g3ya-1,1,399,0.024895
e5-counters-rdma-qps4,timed-4GiB,4294967296,2,gpu-3uwoq-6g3ya-1,2,0,0.056994
e5-counters-rdma-qps4,timed-4GiB,4294967296,2,gpu-3uwoq-6g3ya-1,2,1,0.030418
e5-counters-rdma-qps4,timed-4GiB,4294967296,2,gpu-3uwoq-6g3ya-1,2,2,0.026831
e5-counters-rdma-qps4,timed-4GiB,4294967296,2,gpu-3uwoq-6g3ya-1,2,3,0.025294
e5-counters-rdma-qps4,timed-4GiB,4294967296,2,gpu-3uwoq-6g3ya-1,2,4,0.025067
e5-counters-rdma-qps4,timed-4GiB,4294967296,2,gpu-3uwoq-6g3ya-1,2,5,0.024898
e5-counters-rdma-qps4,timed-4GiB,4294967296,2,gpu-3uwoq-6g3ya-1,2,6,0.024962
e5-counters-rdma-qps4,timed-4GiB,4294967296,2,gpu-3uwoq-6g3ya-1,2,7,0.024885
e5-counters-rdma-qps4,timed-4GiB,4294967296,2,gpu-3uwoq-6g3ya-1,2,8,0.025028
e5-counters-rdma-qps4,timed-4GiB,4294967296,2,gpu-3uwoq-6g3ya-1,2,9,0.024897
e5-counters-rdma-qps4,timed-4GiB,4294967296,2,gpu-3uwoq-6g3ya-1,2,10,0.024887
e5-counters-rdma-qps4,timed-4GiB,4294967296,2,gpu-3uwoq-6g3ya-1,2,11,0.024861
e5-counters-rdma-qps4,timed-4GiB,4294967296,2,gpu-3uwoq-6g3ya-1,2,12,0.024574
e5-counters-rdma-qps4,timed-4GiB,4294967296,2,gpu-3uwoq-6g3ya-1,2,13,0.024635
e5-counters-rdma-qps4,timed-4GiB,4294967296,2,gpu-3uwoq-6g3ya-1,2,14,0.024734
e5-counters-rdma-qps4,timed-4GiB,4294967296,2,gpu-3uwoq-6g3ya-1,2,15,0.024783
e5-counters-rdma-qps4,timed-4GiB,4294967296,2,gpu-3uwoq-6g3ya-1,2,16,0.025272
e5-counters-rdma-qps4,timed-4GiB,4294967296,2,gpu-3uwoq-6g3ya-1,2,17,0.025334
e5-counters-rdma-qps4,timed-4GiB,4294967296,2,gpu-3uwoq-6g3ya-1,2,18,0.025197
e5-counters-rdma-qps4,timed-4GiB,4294967296,2,gpu-3uwoq-6g3ya-1,2,19,0.024978
e5-counters-rdma-qps4,timed-4GiB,4294967296,2,gpu-3uwoq-6g3ya-1,2,20,0.024806
e5-counters-rdma-qps4,timed-4GiB,4294967296,2,gpu-3uwoq-6g3ya-1,2,21,0.024844
e5-counters-rdma-qps4,timed-4GiB,4294967296,2,gpu-3uwoq-6g3ya-1,2,22,0.024895
e5-counters-rdma-qps4,timed-4GiB,4294967296,2,gpu-3uwoq-6g3ya-1,2,23,0.024635
e5-counters-rdma-qps4,timed-4GiB,4294967296,2,gpu-3uwoq-6g3ya-1,2,24,0.024689
e5-counters-rdma-qps4,timed-4GiB,4294967296,2,gpu-3uwoq-6g3ya-1,2,25,0.024758
e5-counters-rdma-qps4,timed-4GiB,4294967296,2,gpu-3uwoq-6g3ya-1,2,26,0.024566
e5-counters-rdma-qps4,timed-4GiB,4294967296,2,gpu-3uwoq-6g3ya-1,2,27,0.024538
e5-counters-rdma-qps4,timed-4GiB,4294967296,2,gpu-3uwoq-6g3ya-1,2,28,0.024574
e5-counters-rdma-qps4,timed-4GiB,4294967296,2,gpu-3uwoq-6g3ya-1,2,29,0.024490
e5-counters-rdma-qps4,timed-4GiB,4294967296,2,gpu-3uwoq-6g3ya-1,2,30,0.024542
e5-counters-rdma-qps4,timed-4GiB,4294967296,2,gpu-3uwoq-6g3ya-1,2,31,0.024713
e5-counters-rdma-qps4,timed-4GiB,4294967296,2,gpu-3uwoq-6g3ya-1,2,32,0.024574
e5-counters-rdma-qps4,timed-4GiB,4294967296,2,gpu-3uwoq-6g3ya-1,2,33,0.024492
e5-counters-rdma-qps4,timed-4GiB,4294967296,2,gpu-3uwoq-6g3ya-1,2,34,0.024544
e5-counters-rdma-qps4,timed-4GiB,4294967296,2,gpu-3uwoq-6g3ya-1,2,35,0.024380
e5-counters-rdma-qps4,timed-4GiB,4294967296,2,gpu-3uwoq-6g3ya-1,2,36,0.024480
e5-counters-rdma-qps4,timed-4GiB,4294967296,2,gpu-3uwoq-6g3ya-1,2,37,0.024526
e5-counters-rdma-qps4,timed-4GiB,4294967296,2,gpu-3uwoq-6g3ya-1,2,38,0.024445
e5-counters-rdma-qps4,timed-4GiB,4294967296,2,gpu-3uwoq-6g3ya-1,2,39,0.024474
e5-counters-rdma-qps4,timed-4GiB,4294967296,2,gpu-3uwoq-6g3ya-1,2,40,0.024555
e5-counters-rdma-qps4,timed-4GiB,4294967296,2,gpu-3uwoq-6g3ya-1,2,41,0.024510
e5-counters-rdma-qps4,timed-4GiB,4294967296,2,gpu-3uwoq-6g3ya-1,2,42,0.024417
e5-counters-rdma-qps4,timed-4GiB,4294967296,2,gpu-3uwoq-6g3ya-1,2,43,0.024588
e5-counters-rdma-qps4,timed-4GiB,4294967296,2,gpu-3uwoq-6g3ya-1,2,44,0.024660
e5-counters-rdma-qps4,timed-4GiB,4294967296,2,gpu-3uwoq-6g3ya-1,2,45,0.024574
e5-counters-rdma-qps4,timed-4GiB,4294967296,2,gpu-3uwoq-6g3ya-1,2,46,0.024603
e5-counters-rdma-qps4,timed-4GiB,4294967296,2,gpu-3uwoq-6g3ya-1,2,47,0.024514
e5-counters-rdma-qps4,timed-4GiB,4294967296,2,gpu-3uwoq-6g3ya-1,2,48,0.024699
e5-counters-rdma-qps4,timed-4GiB,4294967296,2,gpu-3uwoq-6g3ya-1,2,49,0.024728
e5-counters-rdma-qps4,timed-4GiB,4294967296,2,gpu-3uwoq-6g3ya-1,2,50,0.024674
e5-counters-rdma-qps4,timed-4GiB,4294967296,2,gpu-3uwoq-6g3ya-1,2,51,0.024825
e5-counters-rdma-qps4,timed-4GiB,4294967296,2,gpu-3uwoq-6g3ya-1,2,52,0.024634
e5-counters-rdma-qps4,timed-4GiB,4294967296,2,gpu-3uwoq-6g3ya-1,2,53,0.024580
e5-counters-rdma-qps4,timed-4GiB,4294967296,2,gpu-3uwoq-6g3ya-1,2,54,0.024603
e5-counters-rdma-qps4,timed-4GiB,4294967296,2,gpu-3uwoq-6g3ya-1,2,55,0.024530
e5-counters-rdma-qps4,timed-4GiB,4294967296,2,gpu-3uwoq-6g3ya-1,2,56,0.024650
e5-counters-rdma-qps4,timed-4GiB,4294967296,2,gpu-3uwoq-6g3ya-1,2,57,0.025576
e5-counters-rdma-qps4,timed-4GiB,4294967296,2,gpu-3uwoq-6g3ya-1,2,58,0.025402
e5-counters-rdma-qps4,timed-4GiB,4294967296,2,gpu-3uwoq-6g3ya-1,2,59,0.024965
e5-counters-rdma-qps4,timed-4GiB,4294967296,2,gpu-3uwoq-6g3ya-1,2,60,0.024720
e5-counters-rdma-qps4,timed-4GiB,4294967296,2,gpu-3uwoq-6g3ya-1,2,61,0.024873
e5-counters-rdma-qps4,timed-4GiB,4294967296,2,gpu-3uwoq-6g3ya-1,2,62,0.024762
e5-counters-rdma-qps4,timed-4GiB,4294967296,2,gpu-3uwoq-6g3ya-1,2,63,0.024871
e5-counters-rdma-qps4,timed-4GiB,4294967296,2,gpu-3uwoq-6g3ya-1,2,64,0.024813
e5-counters-rdma-qps4,timed-4GiB,4294967296,2,gpu-3uwoq-6g3ya-1,2,65,0.024648
e5-counters-rdma-qps4,timed-4GiB,4294967296,2,gpu-3uwoq-6g3ya-1,2,66,0.024746
e5-counters-rdma-qps4,timed-4GiB,4294967296,2,gpu-3uwoq-6g3ya-1,2,67,0.024652
e5-counters-rdma-qps4,timed-4GiB,4294967296,2,gpu-3uwoq-6g3ya-1,2,68,0.024653
e5-counters-rdma-qps4,timed-4GiB,4294967296,2,gpu-3uwoq-6g3ya-1,2,69,0.024650
e5-counters-rdma-qps4,timed-4GiB,4294967296,2,gpu-3uwoq-6g3ya-1,2,70,0.024754
e5-counters-rdma-qps4,timed-4GiB,4294967296,2,gpu-3uwoq-6g3ya-1,2,71,0.024705
e5-counters-rdma-qps4,timed-4GiB,4294967296,2,gpu-3uwoq-6g3ya-1,2,72,0.024651
e5-counters-rdma-qps4,timed-4GiB,4294967296,2,gpu-3uwoq-6g3ya-1,2,73,0.024731
e5-counters-rdma-qps4,timed-4GiB,4294967296,2,gpu-3uwoq-6g3ya-1,2,74,0.024667
e5-counters-rdma-qps4,timed-4GiB,4294967296,2,gpu-3uwoq-6g3ya-1,2,75,0.024628
e5-counters-rdma-qps4,timed-4GiB,4294967296,2,gpu-3uwoq-6g3ya-1,2,76,0.024620
e5-counters-rdma-qps4,timed-4GiB,4294967296,2,gpu-3uwoq-6g3ya-1,2,77,0.024683
e5-counters-rdma-qps4,timed-4GiB,4294967296,2,gpu-3uwoq-6g3ya-1,2,78,0.024666
e5-counters-rdma-qps4,timed-4GiB,4294967296,2,gpu-3uwoq-6g3ya-1,2,79,0.024587
e5-counters-rdma-qps4,timed-4GiB,4294967296,2,gpu-3uwoq-6g3ya-1,2,80,0.024546
e5-counters-rdma-qps4,timed-4GiB,4294967296,2,gpu-3uwoq-6g3ya-1,2,81,0.025107
e5-counters-rdma-qps4,timed-4GiB,4294967296,2,gpu-3uwoq-6g3ya-1,2,82,0.025194
e5-counters-rdma-qps4,timed-4GiB,4294967296,2,gpu-3uwoq-6g3ya-1,2,83,0.024908
e5-counters-rdma-qps4,timed-4GiB,4294967296,2,gpu-3uwoq-6g3ya-1,2,84,0.024666
e5-counters-rdma-qps4,timed-4GiB,4294967296,2,gpu-3uwoq-6g3ya-1,2,85,0.024681
e5-counters-rdma-qps4,timed-4GiB,4294967296,2,gpu-3uwoq-6g3ya-1,2,86,0.024791
e5-counters-rdma-qps4,timed-4GiB,4294967296,2,gpu-3uwoq-6g3ya-1,2,87,0.024498
e5-counters-rdma-qps4,timed-4GiB,4294967296,2,gpu-3uwoq-6g3ya-1,2,88,0.024590
e5-counters-rdma-qps4,timed-4GiB,4294967296,2,gpu-3uwoq-6g3ya-1,2,89,0.024808
e5-counters-rdma-qps4,timed-4GiB,4294967296,2,gpu-3uwoq-6g3ya-1,2,90,0.024674
e5-counters-rdma-qps4,timed-4GiB,4294967296,2,gpu-3uwoq-6g3ya-1,2,91,0.024557
e5-counters-rdma-qps4,timed-4GiB,4294967296,2,gpu-3uwoq-6g3ya-1,2,92,0.024586
e5-counters-rdma-qps4,timed-4GiB,4294967296,2,gpu-3uwoq-6g3ya-1,2,93,0.024564
e5-counters-rdma-qps4,timed-4GiB,4294967296,2,gpu-3uwoq-6g3ya-1,2,94,0.024577
e5-counters-rdma-qps4,timed-4GiB,4294967296,2,gpu-3uwoq-6g3ya-1,2,95,0.024550
e5-counters-rdma-qps4,timed-4GiB,4294967296,2,gpu-3uwoq-6g3ya-1,2,96,0.024687
e5-counters-rdma-qps4,timed-4GiB,4294967296,2,gpu-3uwoq-6g3ya-1,2,97,0.025248
e5-counters-rdma-qps4,timed-4GiB,4294967296,2,gpu-3uwoq-6g3ya-1,2,98,0.025342
e5-counters-rdma-qps4,timed-4GiB,4294967296,2,gpu-3uwoq-6g3ya-1,2,99,0.025291
e5-counters-rdma-qps4,timed-4GiB,4294967296,2,gpu-3uwoq-6g3ya-1,2,100,0.024763
e5-counters-rdma-qps4,timed-4GiB,4294967296,2,gpu-3uwoq-6g3ya-1,2,101,0.024781
e5-counters-rdma-qps4,timed-4GiB,4294967296,2,gpu-3uwoq-6g3ya-1,2,102,0.024762
e5-counters-rdma-qps4,timed-4GiB,4294967296,2,gpu-3uwoq-6g3ya-1,2,103,0.024880
e5-counters-rdma-qps4,timed-4GiB,4294967296,2,gpu-3uwoq-6g3ya-1,2,104,0.024857
e5-counters-rdma-qps4,timed-4GiB,4294967296,2,gpu-3uwoq-6g3ya-1,2,105,0.025100
e5-counters-rdma-qps4,timed-4GiB,4294967296,2,gpu-3uwoq-6g3ya-1,2,106,0.025033
e5-counters-rdma-qps4,timed-4GiB,4294967296,2,gpu-3uwoq-6g3ya-1,2,107,0.024849
e5-counters-rdma-qps4,timed-4GiB,4294967296,2,gpu-3uwoq-6g3ya-1,2,108,0.024916
e5-counters-rdma-qps4,timed-4GiB,4294967296,2,gpu-3uwoq-6g3ya-1,2,109,0.024902
e5-counters-rdma-qps4,timed-4GiB,4294967296,2,gpu-3uwoq-6g3ya-1,2,110,0.024836
e5-counters-rdma-qps4,timed-4GiB,4294967296,2,gpu-3uwoq-6g3ya-1,2,111,0.024913
e5-counters-rdma-qps4,timed-4GiB,4294967296,2,gpu-3uwoq-6g3ya-1,2,112,0.024740
e5-counters-rdma-qps4,timed-4GiB,4294967296,2,gpu-3uwoq-6g3ya-1,2,113,0.024720
e5-counters-rdma-qps4,timed-4GiB,4294967296,2,gpu-3uwoq-6g3ya-1,2,114,0.024637
e5-counters-rdma-qps4,timed-4GiB,4294967296,2,gpu-3uwoq-6g3ya-1,2,115,0.024690
e5-counters-rdma-qps4,timed-4GiB,4294967296,2,gpu-3uwoq-6g3ya-1,2,116,0.024814
e5-counters-rdma-qps4,timed-4GiB,4294967296,2,gpu-3uwoq-6g3ya-1,2,117,0.024826
e5-counters-rdma-qps4,timed-4GiB,4294967296,2,gpu-3uwoq-6g3ya-1,2,118,0.024752
e5-counters-rdma-qps4,timed-4GiB,4294967296,2,gpu-3uwoq-6g3ya-1,2,119,0.024726
e5-counters-rdma-qps4,timed-4GiB,4294967296,2,gpu-3uwoq-6g3ya-1,2,120,0.024737
e5-counters-rdma-qps4,timed-4GiB,4294967296,2,gpu-3uwoq-6g3ya-1,2,121,0.024683
e5-counters-rdma-qps4,timed-4GiB,4294967296,2,gpu-3uwoq-6g3ya-1,2,122,0.024609
e5-counters-rdma-qps4,timed-4GiB,4294967296,2,gpu-3uwoq-6g3ya-1,2,123,0.024749
e5-counters-rdma-qps4,timed-4GiB,4294967296,2,gpu-3uwoq-6g3ya-1,2,124,0.024625
e5-counters-rdma-qps4,timed-4GiB,4294967296,2,gpu-3uwoq-6g3ya-1,2,125,0.024665
e5-counters-rdma-qps4,timed-4GiB,4294967296,2,gpu-3uwoq-6g3ya-1,2,126,0.024814
e5-counters-rdma-qps4,timed-4GiB,4294967296,2,gpu-3uwoq-6g3ya-1,2,127,0.024650
e5-counters-rdma-qps4,timed-4GiB,4294967296,2,gpu-3uwoq-6g3ya-1,2,128,0.024595
e5-counters-rdma-qps4,timed-4GiB,4294967296,2,gpu-3uwoq-6g3ya-1,2,129,0.024857
e5-counters-rdma-qps4,timed-4GiB,4294967296,2,gpu-3uwoq-6g3ya-1,2,130,0.024742
e5-counters-rdma-qps4,timed-4GiB,4294967296,2,gpu-3uwoq-6g3ya-1,2,131,0.024613
e5-counters-rdma-qps4,timed-4GiB,4294967296,2,gpu-3uwoq-6g3ya-1,2,132,0.024605
e5-counters-rdma-qps4,timed-4GiB,4294967296,2,gpu-3uwoq-6g3ya-1,2,133,0.024590
e5-counters-rdma-qps4,timed-4GiB,4294967296,2,gpu-3uwoq-6g3ya-1,2,134,0.024517
e5-counters-rdma-qps4,timed-4GiB,4294967296,2,gpu-3uwoq-6g3ya-1,2,135,0.024761
e5-counters-rdma-qps4,timed-4GiB,4294967296,2,gpu-3uwoq-6g3ya-1,2,136,0.024680
e5-counters-rdma-qps4,timed-4GiB,4294967296,2,gpu-3uwoq-6g3ya-1,2,137,0.025005
e5-counters-rdma-qps4,timed-4GiB,4294967296,2,gpu-3uwoq-6g3ya-1,2,138,0.026185
e5-counters-rdma-qps4,timed-4GiB,4294967296,2,gpu-3uwoq-6g3ya-1,2,139,0.025684
e5-counters-rdma-qps4,timed-4GiB,4294967296,2,gpu-3uwoq-6g3ya-1,2,140,0.025331
e5-counters-rdma-qps4,timed-4GiB,4294967296,2,gpu-3uwoq-6g3ya-1,2,141,0.025060
e5-counters-rdma-qps4,timed-4GiB,4294967296,2,gpu-3uwoq-6g3ya-1,2,142,0.025057
e5-counters-rdma-qps4,timed-4GiB,4294967296,2,gpu-3uwoq-6g3ya-1,2,143,0.024832
e5-counters-rdma-qps4,timed-4GiB,4294967296,2,gpu-3uwoq-6g3ya-1,2,144,0.024978
e5-counters-rdma-qps4,timed-4GiB,4294967296,2,gpu-3uwoq-6g3ya-1,2,145,0.025006
e5-counters-rdma-qps4,timed-4GiB,4294967296,2,gpu-3uwoq-6g3ya-1,2,146,0.024873
e5-counters-rdma-qps4,timed-4GiB,4294967296,2,gpu-3uwoq-6g3ya-1,2,147,0.024853
e5-counters-rdma-qps4,timed-4GiB,4294967296,2,gpu-3uwoq-6g3ya-1,2,148,0.024877
e5-counters-rdma-qps4,timed-4GiB,4294967296,2,gpu-3uwoq-6g3ya-1,2,149,0.024839
e5-counters-rdma-qps4,timed-4GiB,4294967296,2,gpu-3uwoq-6g3ya-1,2,150,0.024754
e5-counters-rdma-qps4,timed-4GiB,4294967296,2,gpu-3uwoq-6g3ya-1,2,151,0.024779
e5-counters-rdma-qps4,timed-4GiB,4294967296,2,gpu-3uwoq-6g3ya-1,2,152,0.024832
e5-counters-rdma-qps4,timed-4GiB,4294967296,2,gpu-3uwoq-6g3ya-1,2,153,0.024861
e5-counters-rdma-qps4,timed-4GiB,4294967296,2,gpu-3uwoq-6g3ya-1,2,154,0.024786
e5-counters-rdma-qps4,timed-4GiB,4294967296,2,gpu-3uwoq-6g3ya-1,2,155,0.024849
e5-counters-rdma-qps4,timed-4GiB,4294967296,2,gpu-3uwoq-6g3ya-1,2,156,0.024803
e5-counters-rdma-qps4,timed-4GiB,4294967296,2,gpu-3uwoq-6g3ya-1,2,157,0.024921
e5-counters-rdma-qps4,timed-4GiB,4294967296,2,gpu-3uwoq-6g3ya-1,2,158,0.024802
e5-counters-rdma-qps4,timed-4GiB,4294967296,2,gpu-3uwoq-6g3ya-1,2,159,0.024938
e5-counters-rdma-qps4,timed-4GiB,4294967296,2,gpu-3uwoq-6g3ya-1,2,160,0.024914
e5-counters-rdma-qps4,timed-4GiB,4294967296,2,gpu-3uwoq-6g3ya-1,2,161,0.024606
e5-counters-rdma-qps4,timed-4GiB,4294967296,2,gpu-3uwoq-6g3ya-1,2,162,0.024707
e5-counters-rdma-qps4,timed-4GiB,4294967296,2,gpu-3uwoq-6g3ya-1,2,163,0.024581
e5-counters-rdma-qps4,timed-4GiB,4294967296,2,gpu-3uwoq-6g3ya-1,2,164,0.024588
e5-counters-rdma-qps4,timed-4GiB,4294967296,2,gpu-3uwoq-6g3ya-1,2,165,0.024690
e5-counters-rdma-qps4,timed-4GiB,4294967296,2,gpu-3uwoq-6g3ya-1,2,166,0.024625
e5-counters-rdma-qps4,timed-4GiB,4294967296,2,gpu-3uwoq-6g3ya-1,2,167,0.024568
e5-counters-rdma-qps4,timed-4GiB,4294967296,2,gpu-3uwoq-6g3ya-1,2,168,0.024640
e5-counters-rdma-qps4,timed-4GiB,4294967296,2,gpu-3uwoq-6g3ya-1,2,169,0.024910
e5-counters-rdma-qps4,timed-4GiB,4294967296,2,gpu-3uwoq-6g3ya-1,2,170,0.024852
e5-counters-rdma-qps4,timed-4GiB,4294967296,2,gpu-3uwoq-6g3ya-1,2,171,0.024800
e5-counters-rdma-qps4,timed-4GiB,4294967296,2,gpu-3uwoq-6g3ya-1,2,172,0.024656
e5-counters-rdma-qps4,timed-4GiB,4294967296,2,gpu-3uwoq-6g3ya-1,2,173,0.024577
e5-counters-rdma-qps4,timed-4GiB,4294967296,2,gpu-3uwoq-6g3ya-1,2,174,0.024599
e5-counters-rdma-qps4,timed-4GiB,4294967296,2,gpu-3uwoq-6g3ya-1,2,175,0.024552
e5-counters-rdma-qps4,timed-4GiB,4294967296,2,gpu-3uwoq-6g3ya-1,2,176,0.024619
e5-counters-rdma-qps4,timed-4GiB,4294967296,2,gpu-3uwoq-6g3ya-1,2,177,0.024721
e5-counters-rdma-qps4,timed-4GiB,4294967296,2,gpu-3uwoq-6g3ya-1,2,178,0.025497
e5-counters-rdma-qps4,timed-4GiB,4294967296,2,gpu-3uwoq-6g3ya-1,2,179,0.025522
e5-counters-rdma-qps4,timed-4GiB,4294967296,2,gpu-3uwoq-6g3ya-1,2,180,0.025039
e5-counters-rdma-qps4,timed-4GiB,4294967296,2,gpu-3uwoq-6g3ya-1,2,181,0.024783
e5-counters-rdma-qps4,timed-4GiB,4294967296,2,gpu-3uwoq-6g3ya-1,2,182,0.024790
e5-counters-rdma-qps4,timed-4GiB,4294967296,2,gpu-3uwoq-6g3ya-1,2,183,0.024770
e5-counters-rdma-qps4,timed-4GiB,4294967296,2,gpu-3uwoq-6g3ya-1,2,184,0.024681
e5-counters-rdma-qps4,timed-4GiB,4294967296,2,gpu-3uwoq-6g3ya-1,2,185,0.024656
e5-counters-rdma-qps4,timed-4GiB,4294967296,2,gpu-3uwoq-6g3ya-1,2,186,0.024680
e5-counters-rdma-qps4,timed-4GiB,4294967296,2,gpu-3uwoq-6g3ya-1,2,187,0.024617
e5-counters-rdma-qps4,timed-4GiB,4294967296,2,gpu-3uwoq-6g3ya-1,2,188,0.024586
e5-counters-rdma-qps4,timed-4GiB,4294967296,2,gpu-3uwoq-6g3ya-1,2,189,0.024663
e5-counters-rdma-qps4,timed-4GiB,4294967296,2,gpu-3uwoq-6g3ya-1,2,190,0.024682
e5-counters-rdma-qps4,timed-4GiB,4294967296,2,gpu-3uwoq-6g3ya-1,2,191,0.024629
e5-counters-rdma-qps4,timed-4GiB,4294967296,2,gpu-3uwoq-6g3ya-1,2,192,0.024759
e5-counters-rdma-qps4,timed-4GiB,4294967296,2,gpu-3uwoq-6g3ya-1,2,193,0.024541
e5-counters-rdma-qps4,timed-4GiB,4294967296,2,gpu-3uwoq-6g3ya-1,2,194,0.024657
e5-counters-rdma-qps4,timed-4GiB,4294967296,2,gpu-3uwoq-6g3ya-1,2,195,0.024617
e5-counters-rdma-qps4,timed-4GiB,4294967296,2,gpu-3uwoq-6g3ya-1,2,196,0.024619
e5-counters-rdma-qps4,timed-4GiB,4294967296,2,gpu-3uwoq-6g3ya-1,2,197,0.024613
e5-counters-rdma-qps4,timed-4GiB,4294967296,2,gpu-3uwoq-6g3ya-1,2,198,0.024640
e5-counters-rdma-qps4,timed-4GiB,4294967296,2,gpu-3uwoq-6g3ya-1,2,199,0.024716
e5-counters-rdma-qps4,timed-4GiB,4294967296,2,gpu-3uwoq-6g3ya-1,2,200,0.024549
e5-counters-rdma-qps4,timed-4GiB,4294967296,2,gpu-3uwoq-6g3ya-1,2,201,0.024663
e5-counters-rdma-qps4,timed-4GiB,4294967296,2,gpu-3uwoq-6g3ya-1,2,202,0.024679
e5-counters-rdma-qps4,timed-4GiB,4294967296,2,gpu-3uwoq-6g3ya-1,2,203,0.024661
e5-counters-rdma-qps4,timed-4GiB,4294967296,2,gpu-3uwoq-6g3ya-1,2,204,0.024629
e5-counters-rdma-qps4,timed-4GiB,4294967296,2,gpu-3uwoq-6g3ya-1,2,205,0.024496
e5-counters-rdma-qps4,timed-4GiB,4294967296,2,gpu-3uwoq-6g3ya-1,2,206,0.024545
e5-counters-rdma-qps4,timed-4GiB,4294967296,2,gpu-3uwoq-6g3ya-1,2,207,0.024743
e5-counters-rdma-qps4,timed-4GiB,4294967296,2,gpu-3uwoq-6g3ya-1,2,208,0.025508
e5-counters-rdma-qps4,timed-4GiB,4294967296,2,gpu-3uwoq-6g3ya-1,2,209,0.025646
e5-counters-rdma-qps4,timed-4GiB,4294967296,2,gpu-3uwoq-6g3ya-1,2,210,0.025265
e5-counters-rdma-qps4,timed-4GiB,4294967296,2,gpu-3uwoq-6g3ya-1,2,211,0.025222
e5-counters-rdma-qps4,timed-4GiB,4294967296,2,gpu-3uwoq-6g3ya-1,2,212,0.025101
e5-counters-rdma-qps4,timed-4GiB,4294967296,2,gpu-3uwoq-6g3ya-1,2,213,0.024979
e5-counters-rdma-qps4,timed-4GiB,4294967296,2,gpu-3uwoq-6g3ya-1,2,214,0.024792
e5-counters-rdma-qps4,timed-4GiB,4294967296,2,gpu-3uwoq-6g3ya-1,2,215,0.024763
e5-counters-rdma-qps4,timed-4GiB,4294967296,2,gpu-3uwoq-6g3ya-1,2,216,0.024746
e5-counters-rdma-qps4,timed-4GiB,4294967296,2,gpu-3uwoq-6g3ya-1,2,217,0.025297
e5-counters-rdma-qps4,timed-4GiB,4294967296,2,gpu-3uwoq-6g3ya-1,2,218,0.026169
e5-counters-rdma-qps4,timed-4GiB,4294967296,2,gpu-3uwoq-6g3ya-1,2,219,0.025545
e5-counters-rdma-qps4,timed-4GiB,4294967296,2,gpu-3uwoq-6g3ya-1,2,220,0.025510
e5-counters-rdma-qps4,timed-4GiB,4294967296,2,gpu-3uwoq-6g3ya-1,2,221,0.025545
e5-counters-rdma-qps4,timed-4GiB,4294967296,2,gpu-3uwoq-6g3ya-1,2,222,0.025516
e5-counters-rdma-qps4,timed-4GiB,4294967296,2,gpu-3uwoq-6g3ya-1,2,223,0.025170
e5-counters-rdma-qps4,timed-4GiB,4294967296,2,gpu-3uwoq-6g3ya-1,2,224,0.025305
e5-counters-rdma-qps4,timed-4GiB,4294967296,2,gpu-3uwoq-6g3ya-1,2,225,0.025154
e5-counters-rdma-qps4,timed-4GiB,4294967296,2,gpu-3uwoq-6g3ya-1,2,226,0.025025
e5-counters-rdma-qps4,timed-4GiB,4294967296,2,gpu-3uwoq-6g3ya-1,2,227,0.024983
e5-counters-rdma-qps4,timed-4GiB,4294967296,2,gpu-3uwoq-6g3ya-1,2,228,0.024764
e5-counters-rdma-qps4,timed-4GiB,4294967296,2,gpu-3uwoq-6g3ya-1,2,229,0.024766
e5-counters-rdma-qps4,timed-4GiB,4294967296,2,gpu-3uwoq-6g3ya-1,2,230,0.024725
e5-counters-rdma-qps4,timed-4GiB,4294967296,2,gpu-3uwoq-6g3ya-1,2,231,0.025074
e5-counters-rdma-qps4,timed-4GiB,4294967296,2,gpu-3uwoq-6g3ya-1,2,232,0.025213
e5-counters-rdma-qps4,timed-4GiB,4294967296,2,gpu-3uwoq-6g3ya-1,2,233,0.025097
e5-counters-rdma-qps4,timed-4GiB,4294967296,2,gpu-3uwoq-6g3ya-1,2,234,0.025025
e5-counters-rdma-qps4,timed-4GiB,4294967296,2,gpu-3uwoq-6g3ya-1,2,235,0.025037
e5-counters-rdma-qps4,timed-4GiB,4294967296,2,gpu-3uwoq-6g3ya-1,2,236,0.025049
e5-counters-rdma-qps4,timed-4GiB,4294967296,2,gpu-3uwoq-6g3ya-1,2,237,0.025056
e5-counters-rdma-qps4,timed-4GiB,4294967296,2,gpu-3uwoq-6g3ya-1,2,238,0.024931
e5-counters-rdma-qps4,timed-4GiB,4294967296,2,gpu-3uwoq-6g3ya-1,2,239,0.024765
e5-counters-rdma-qps4,timed-4GiB,4294967296,2,gpu-3uwoq-6g3ya-1,2,240,0.024775
e5-counters-rdma-qps4,timed-4GiB,4294967296,2,gpu-3uwoq-6g3ya-1,2,241,0.024759
e5-counters-rdma-qps4,timed-4GiB,4294967296,2,gpu-3uwoq-6g3ya-1,2,242,0.025211
e5-counters-rdma-qps4,timed-4GiB,4294967296,2,gpu-3uwoq-6g3ya-1,2,243,0.025170
e5-counters-rdma-qps4,timed-4GiB,4294967296,2,gpu-3uwoq-6g3ya-1,2,244,0.024904
e5-counters-rdma-qps4,timed-4GiB,4294967296,2,gpu-3uwoq-6g3ya-1,2,245,0.024870
e5-counters-rdma-qps4,timed-4GiB,4294967296,2,gpu-3uwoq-6g3ya-1,2,246,0.024877
e5-counters-rdma-qps4,timed-4GiB,4294967296,2,gpu-3uwoq-6g3ya-1,2,247,0.024982
e5-counters-rdma-qps4,timed-4GiB,4294967296,2,gpu-3uwoq-6g3ya-1,2,248,0.024871
e5-counters-rdma-qps4,timed-4GiB,4294967296,2,gpu-3uwoq-6g3ya-1,2,249,0.024702
e5-counters-rdma-qps4,timed-4GiB,4294967296,2,gpu-3uwoq-6g3ya-1,2,250,0.025092
e5-counters-rdma-qps4,timed-4GiB,4294967296,2,gpu-3uwoq-6g3ya-1,2,251,0.024765
e5-counters-rdma-qps4,timed-4GiB,4294967296,2,gpu-3uwoq-6g3ya-1,2,252,0.024776
e5-counters-rdma-qps4,timed-4GiB,4294967296,2,gpu-3uwoq-6g3ya-1,2,253,0.024700
e5-counters-rdma-qps4,timed-4GiB,4294967296,2,gpu-3uwoq-6g3ya-1,2,254,0.024688
e5-counters-rdma-qps4,timed-4GiB,4294967296,2,gpu-3uwoq-6g3ya-1,2,255,0.024765
e5-counters-rdma-qps4,timed-4GiB,4294967296,2,gpu-3uwoq-6g3ya-1,2,256,0.024707
e5-counters-rdma-qps4,timed-4GiB,4294967296,2,gpu-3uwoq-6g3ya-1,2,257,0.024767
e5-counters-rdma-qps4,timed-4GiB,4294967296,2,gpu-3uwoq-6g3ya-1,2,258,0.025477
e5-counters-rdma-qps4,timed-4GiB,4294967296,2,gpu-3uwoq-6g3ya-1,2,259,0.025996
e5-counters-rdma-qps4,timed-4GiB,4294967296,2,gpu-3uwoq-6g3ya-1,2,260,0.025840
e5-counters-rdma-qps4,timed-4GiB,4294967296,2,gpu-3uwoq-6g3ya-1,2,261,0.025125
e5-counters-rdma-qps4,timed-4GiB,4294967296,2,gpu-3uwoq-6g3ya-1,2,262,0.024948
e5-counters-rdma-qps4,timed-4GiB,4294967296,2,gpu-3uwoq-6g3ya-1,2,263,0.024860
e5-counters-rdma-qps4,timed-4GiB,4294967296,2,gpu-3uwoq-6g3ya-1,2,264,0.024827
e5-counters-rdma-qps4,timed-4GiB,4294967296,2,gpu-3uwoq-6g3ya-1,2,265,0.024741
e5-counters-rdma-qps4,timed-4GiB,4294967296,2,gpu-3uwoq-6g3ya-1,2,266,0.025154
e5-counters-rdma-qps4,timed-4GiB,4294967296,2,gpu-3uwoq-6g3ya-1,2,267,0.025203
e5-counters-rdma-qps4,timed-4GiB,4294967296,2,gpu-3uwoq-6g3ya-1,2,268,0.025039
e5-counters-rdma-qps4,timed-4GiB,4294967296,2,gpu-3uwoq-6g3ya-1,2,269,0.024952
e5-counters-rdma-qps4,timed-4GiB,4294967296,2,gpu-3uwoq-6g3ya-1,2,270,0.024831
e5-counters-rdma-qps4,timed-4GiB,4294967296,2,gpu-3uwoq-6g3ya-1,2,271,0.024871
e5-counters-rdma-qps4,timed-4GiB,4294967296,2,gpu-3uwoq-6g3ya-1,2,272,0.025371
e5-counters-rdma-qps4,timed-4GiB,4294967296,2,gpu-3uwoq-6g3ya-1,2,273,0.025293
e5-counters-rdma-qps4,timed-4GiB,4294967296,2,gpu-3uwoq-6g3ya-1,2,274,0.024994
e5-counters-rdma-qps4,timed-4GiB,4294967296,2,gpu-3uwoq-6g3ya-1,2,275,0.024922
e5-counters-rdma-qps4,timed-4GiB,4294967296,2,gpu-3uwoq-6g3ya-1,2,276,0.024866
e5-counters-rdma-qps4,timed-4GiB,4294967296,2,gpu-3uwoq-6g3ya-1,2,277,0.024663
e5-counters-rdma-qps4,timed-4GiB,4294967296,2,gpu-3uwoq-6g3ya-1,2,278,0.024652
e5-counters-rdma-qps4,timed-4GiB,4294967296,2,gpu-3uwoq-6g3ya-1,2,279,0.024560
e5-counters-rdma-qps4,timed-4GiB,4294967296,2,gpu-3uwoq-6g3ya-1,2,280,0.024716
e5-counters-rdma-qps4,timed-4GiB,4294967296,2,gpu-3uwoq-6g3ya-1,2,281,0.024710
e5-counters-rdma-qps4,timed-4GiB,4294967296,2,gpu-3uwoq-6g3ya-1,2,282,0.024529
e5-counters-rdma-qps4,timed-4GiB,4294967296,2,gpu-3uwoq-6g3ya-1,2,283,0.024591
e5-counters-rdma-qps4,timed-4GiB,4294967296,2,gpu-3uwoq-6g3ya-1,2,284,0.024647
e5-counters-rdma-qps4,timed-4GiB,4294967296,2,gpu-3uwoq-6g3ya-1,2,285,0.024599
e5-counters-rdma-qps4,timed-4GiB,4294967296,2,gpu-3uwoq-6g3ya-1,2,286,0.024595
e5-counters-rdma-qps4,timed-4GiB,4294967296,2,gpu-3uwoq-6g3ya-1,2,287,0.024519
e5-counters-rdma-qps4,timed-4GiB,4294967296,2,gpu-3uwoq-6g3ya-1,2,288,0.024363
e5-counters-rdma-qps4,timed-4GiB,4294967296,2,gpu-3uwoq-6g3ya-1,2,289,0.024601
e5-counters-rdma-qps4,timed-4GiB,4294967296,2,gpu-3uwoq-6g3ya-1,2,290,0.024809
e5-counters-rdma-qps4,timed-4GiB,4294967296,2,gpu-3uwoq-6g3ya-1,2,291,0.024686
e5-counters-rdma-qps4,timed-4GiB,4294967296,2,gpu-3uwoq-6g3ya-1,2,292,0.024662
e5-counters-rdma-qps4,timed-4GiB,4294967296,2,gpu-3uwoq-6g3ya-1,2,293,0.024648
e5-counters-rdma-qps4,timed-4GiB,4294967296,2,gpu-3uwoq-6g3ya-1,2,294,0.024533
e5-counters-rdma-qps4,timed-4GiB,4294967296,2,gpu-3uwoq-6g3ya-1,2,295,0.024678
e5-counters-rdma-qps4,timed-4GiB,4294967296,2,gpu-3uwoq-6g3ya-1,2,296,0.024611
e5-counters-rdma-qps4,timed-4GiB,4294967296,2,gpu-3uwoq-6g3ya-1,2,297,0.024736
e5-counters-rdma-qps4,timed-4GiB,4294967296,2,gpu-3uwoq-6g3ya-1,2,298,0.025239
e5-counters-rdma-qps4,timed-4GiB,4294967296,2,gpu-3uwoq-6g3ya-1,2,299,0.025633
e5-counters-rdma-qps4,timed-4GiB,4294967296,2,gpu-3uwoq-6g3ya-1,2,300,0.025418
e5-counters-rdma-qps4,timed-4GiB,4294967296,2,gpu-3uwoq-6g3ya-1,2,301,0.024955
e5-counters-rdma-qps4,timed-4GiB,4294967296,2,gpu-3uwoq-6g3ya-1,2,302,0.024962
e5-counters-rdma-qps4,timed-4GiB,4294967296,2,gpu-3uwoq-6g3ya-1,2,303,0.024830
e5-counters-rdma-qps4,timed-4GiB,4294967296,2,gpu-3uwoq-6g3ya-1,2,304,0.024827
e5-counters-rdma-qps4,timed-4GiB,4294967296,2,gpu-3uwoq-6g3ya-1,2,305,0.024728
e5-counters-rdma-qps4,timed-4GiB,4294967296,2,gpu-3uwoq-6g3ya-1,2,306,0.024670
e5-counters-rdma-qps4,timed-4GiB,4294967296,2,gpu-3uwoq-6g3ya-1,2,307,0.024681
e5-counters-rdma-qps4,timed-4GiB,4294967296,2,gpu-3uwoq-6g3ya-1,2,308,0.024656
e5-counters-rdma-qps4,timed-4GiB,4294967296,2,gpu-3uwoq-6g3ya-1,2,309,0.024606
e5-counters-rdma-qps4,timed-4GiB,4294967296,2,gpu-3uwoq-6g3ya-1,2,310,0.024607
e5-counters-rdma-qps4,timed-4GiB,4294967296,2,gpu-3uwoq-6g3ya-1,2,311,0.024835
e5-counters-rdma-qps4,timed-4GiB,4294967296,2,gpu-3uwoq-6g3ya-1,2,312,0.025035
e5-counters-rdma-qps4,timed-4GiB,4294967296,2,gpu-3uwoq-6g3ya-1,2,313,0.025180
e5-counters-rdma-qps4,timed-4GiB,4294967296,2,gpu-3uwoq-6g3ya-1,2,314,0.024902
e5-counters-rdma-qps4,timed-4GiB,4294967296,2,gpu-3uwoq-6g3ya-1,2,315,0.024822
e5-counters-rdma-qps4,timed-4GiB,4294967296,2,gpu-3uwoq-6g3ya-1,2,316,0.024757
e5-counters-rdma-qps4,timed-4GiB,4294967296,2,gpu-3uwoq-6g3ya-1,2,317,0.024797
e5-counters-rdma-qps4,timed-4GiB,4294967296,2,gpu-3uwoq-6g3ya-1,2,318,0.024955
e5-counters-rdma-qps4,timed-4GiB,4294967296,2,gpu-3uwoq-6g3ya-1,2,319,0.024758
e5-counters-rdma-qps4,timed-4GiB,4294967296,2,gpu-3uwoq-6g3ya-1,2,320,0.024705
e5-counters-rdma-qps4,timed-4GiB,4294967296,2,gpu-3uwoq-6g3ya-1,2,321,0.024543
e5-counters-rdma-qps4,timed-4GiB,4294967296,2,gpu-3uwoq-6g3ya-1,2,322,0.024881
e5-counters-rdma-qps4,timed-4GiB,4294967296,2,gpu-3uwoq-6g3ya-1,2,323,0.025096
e5-counters-rdma-qps4,timed-4GiB,4294967296,2,gpu-3uwoq-6g3ya-1,2,324,0.024873
e5-counters-rdma-qps4,timed-4GiB,4294967296,2,gpu-3uwoq-6g3ya-1,2,325,0.024775
e5-counters-rdma-qps4,timed-4GiB,4294967296,2,gpu-3uwoq-6g3ya-1,2,326,0.024758
e5-counters-rdma-qps4,timed-4GiB,4294967296,2,gpu-3uwoq-6g3ya-1,2,327,0.024775
e5-counters-rdma-qps4,timed-4GiB,4294967296,2,gpu-3uwoq-6g3ya-1,2,328,0.024825
e5-counters-rdma-qps4,timed-4GiB,4294967296,2,gpu-3uwoq-6g3ya-1,2,329,0.024599
e5-counters-rdma-qps4,timed-4GiB,4294967296,2,gpu-3uwoq-6g3ya-1,2,330,0.024793
e5-counters-rdma-qps4,timed-4GiB,4294967296,2,gpu-3uwoq-6g3ya-1,2,331,0.024759
e5-counters-rdma-qps4,timed-4GiB,4294967296,2,gpu-3uwoq-6g3ya-1,2,332,0.024759
e5-counters-rdma-qps4,timed-4GiB,4294967296,2,gpu-3uwoq-6g3ya-1,2,333,0.024702
e5-counters-rdma-qps4,timed-4GiB,4294967296,2,gpu-3uwoq-6g3ya-1,2,334,0.024527
e5-counters-rdma-qps4,timed-4GiB,4294967296,2,gpu-3uwoq-6g3ya-1,2,335,0.024588
e5-counters-rdma-qps4,timed-4GiB,4294967296,2,gpu-3uwoq-6g3ya-1,2,336,0.024579
e5-counters-rdma-qps4,timed-4GiB,4294967296,2,gpu-3uwoq-6g3ya-1,2,337,0.024580
e5-counters-rdma-qps4,timed-4GiB,4294967296,2,gpu-3uwoq-6g3ya-1,2,338,0.024822
e5-counters-rdma-qps4,timed-4GiB,4294967296,2,gpu-3uwoq-6g3ya-1,2,339,0.026042
e5-counters-rdma-qps4,timed-4GiB,4294967296,2,gpu-3uwoq-6g3ya-1,2,340,0.026353
e5-counters-rdma-qps4,timed-4GiB,4294967296,2,gpu-3uwoq-6g3ya-1,2,341,0.025653
e5-counters-rdma-qps4,timed-4GiB,4294967296,2,gpu-3uwoq-6g3ya-1,2,342,0.025186
e5-counters-rdma-qps4,timed-4GiB,4294967296,2,gpu-3uwoq-6g3ya-1,2,343,0.025072
e5-counters-rdma-qps4,timed-4GiB,4294967296,2,gpu-3uwoq-6g3ya-1,2,344,0.024916
e5-counters-rdma-qps4,timed-4GiB,4294967296,2,gpu-3uwoq-6g3ya-1,2,345,0.024869
e5-counters-rdma-qps4,timed-4GiB,4294967296,2,gpu-3uwoq-6g3ya-1,2,346,0.024743
e5-counters-rdma-qps4,timed-4GiB,4294967296,2,gpu-3uwoq-6g3ya-1,2,347,0.024764
e5-counters-rdma-qps4,timed-4GiB,4294967296,2,gpu-3uwoq-6g3ya-1,2,348,0.024625
e5-counters-rdma-qps4,timed-4GiB,4294967296,2,gpu-3uwoq-6g3ya-1,2,349,0.024630
e5-counters-rdma-qps4,timed-4GiB,4294967296,2,gpu-3uwoq-6g3ya-1,2,350,0.024716
e5-counters-rdma-qps4,timed-4GiB,4294967296,2,gpu-3uwoq-6g3ya-1,2,351,0.024571
e5-counters-rdma-qps4,timed-4GiB,4294967296,2,gpu-3uwoq-6g3ya-1,2,352,0.024666
e5-counters-rdma-qps4,timed-4GiB,4294967296,2,gpu-3uwoq-6g3ya-1,2,353,0.024670
e5-counters-rdma-qps4,timed-4GiB,4294967296,2,gpu-3uwoq-6g3ya-1,2,354,0.024570
e5-counters-rdma-qps4,timed-4GiB,4294967296,2,gpu-3uwoq-6g3ya-1,2,355,0.024688
e5-counters-rdma-qps4,timed-4GiB,4294967296,2,gpu-3uwoq-6g3ya-1,2,356,0.024562
e5-counters-rdma-qps4,timed-4GiB,4294967296,2,gpu-3uwoq-6g3ya-1,2,357,0.024451
e5-counters-rdma-qps4,timed-4GiB,4294967296,2,gpu-3uwoq-6g3ya-1,2,358,0.024656
e5-counters-rdma-qps4,timed-4GiB,4294967296,2,gpu-3uwoq-6g3ya-1,2,359,0.024634
e5-counters-rdma-qps4,timed-4GiB,4294967296,2,gpu-3uwoq-6g3ya-1,2,360,0.024600
e5-counters-rdma-qps4,timed-4GiB,4294967296,2,gpu-3uwoq-6g3ya-1,2,361,0.024544
e5-counters-rdma-qps4,timed-4GiB,4294967296,2,gpu-3uwoq-6g3ya-1,2,362,0.024563
e5-counters-rdma-qps4,timed-4GiB,4294967296,2,gpu-3uwoq-6g3ya-1,2,363,0.024596
e5-counters-rdma-qps4,timed-4GiB,4294967296,2,gpu-3uwoq-6g3ya-1,2,364,0.024959
e5-counters-rdma-qps4,timed-4GiB,4294967296,2,gpu-3uwoq-6g3ya-1,2,365,0.024904
e5-counters-rdma-qps4,timed-4GiB,4294967296,2,gpu-3uwoq-6g3ya-1,2,366,0.024915
e5-counters-rdma-qps4,timed-4GiB,4294967296,2,gpu-3uwoq-6g3ya-1,2,367,0.024722
e5-counters-rdma-qps4,timed-4GiB,4294967296,2,gpu-3uwoq-6g3ya-1,2,368,0.024707
e5-counters-rdma-qps4,timed-4GiB,4294967296,2,gpu-3uwoq-6g3ya-1,2,369,0.024794
e5-counters-rdma-qps4,timed-4GiB,4294967296,2,gpu-3uwoq-6g3ya-1,2,370,0.024889
e5-counters-rdma-qps4,timed-4GiB,4294967296,2,gpu-3uwoq-6g3ya-1,2,371,0.024822
e5-counters-rdma-qps4,timed-4GiB,4294967296,2,gpu-3uwoq-6g3ya-1,2,372,0.024764
e5-counters-rdma-qps4,timed-4GiB,4294967296,2,gpu-3uwoq-6g3ya-1,2,373,0.024653
e5-counters-rdma-qps4,timed-4GiB,4294967296,2,gpu-3uwoq-6g3ya-1,2,374,0.024772
e5-counters-rdma-qps4,timed-4GiB,4294967296,2,gpu-3uwoq-6g3ya-1,2,375,0.024633
e5-counters-rdma-qps4,timed-4GiB,4294967296,2,gpu-3uwoq-6g3ya-1,2,376,0.024707
e5-counters-rdma-qps4,timed-4GiB,4294967296,2,gpu-3uwoq-6g3ya-1,2,377,0.024586
e5-counters-rdma-qps4,timed-4GiB,4294967296,2,gpu-3uwoq-6g3ya-1,2,378,0.024662
e5-counters-rdma-qps4,timed-4GiB,4294967296,2,gpu-3uwoq-6g3ya-1,2,379,0.025568
e5-counters-rdma-qps4,timed-4GiB,4294967296,2,gpu-3uwoq-6g3ya-1,2,380,0.025166
e5-counters-rdma-qps4,timed-4GiB,4294967296,2,gpu-3uwoq-6g3ya-1,2,381,0.024908
e5-counters-rdma-qps4,timed-4GiB,4294967296,2,gpu-3uwoq-6g3ya-1,2,382,0.024841
e5-counters-rdma-qps4,timed-4GiB,4294967296,2,gpu-3uwoq-6g3ya-1,2,383,0.024635
e5-counters-rdma-qps4,timed-4GiB,4294967296,2,gpu-3uwoq-6g3ya-1,2,384,0.024778
e5-counters-rdma-qps4,timed-4GiB,4294967296,2,gpu-3uwoq-6g3ya-1,2,385,0.025135
e5-counters-rdma-qps4,timed-4GiB,4294967296,2,gpu-3uwoq-6g3ya-1,2,386,0.025334
e5-counters-rdma-qps4,timed-4GiB,4294967296,2,gpu-3uwoq-6g3ya-1,2,387,0.024969
e5-counters-rdma-qps4,timed-4GiB,4294967296,2,gpu-3uwoq-6g3ya-1,2,388,0.024897
e5-counters-rdma-qps4,timed-4GiB,4294967296,2,gpu-3uwoq-6g3ya-1,2,389,0.024887
e5-counters-rdma-qps4,timed-4GiB,4294967296,2,gpu-3uwoq-6g3ya-1,2,390,0.024975
e5-counters-rdma-qps4,timed-4GiB,4294967296,2,gpu-3uwoq-6g3ya-1,2,391,0.024697
e5-counters-rdma-qps4,timed-4GiB,4294967296,2,gpu-3uwoq-6g3ya-1,2,392,0.024714
e5-counters-rdma-qps4,timed-4GiB,4294967296,2,gpu-3uwoq-6g3ya-1,2,393,0.024520
e5-counters-rdma-qps4,timed-4GiB,4294967296,2,gpu-3uwoq-6g3ya-1,2,394,0.024584
e5-counters-rdma-qps4,timed-4GiB,4294967296,2,gpu-3uwoq-6g3ya-1,2,395,0.024848
e5-counters-rdma-qps4,timed-4GiB,4294967296,2,gpu-3uwoq-6g3ya-1,2,396,0.024927
e5-counters-rdma-qps4,timed-4GiB,4294967296,2,gpu-3uwoq-6g3ya-1,2,397,0.024975
e5-counters-rdma-qps4,timed-4GiB,4294967296,2,gpu-3uwoq-6g3ya-1,2,398,0.024880
e5-counters-rdma-qps4,timed-4GiB,4294967296,2,gpu-3uwoq-6g3ya-1,2,399,0.024897
e5-counters-rdma-qps4,timed-4GiB,4294967296,3,gpu-3uwoq-6g3ya-1,3,0,0.056789
e5-counters-rdma-qps4,timed-4GiB,4294967296,3,gpu-3uwoq-6g3ya-1,3,1,0.030419
e5-counters-rdma-qps4,timed-4GiB,4294967296,3,gpu-3uwoq-6g3ya-1,3,2,0.026831
e5-counters-rdma-qps4,timed-4GiB,4294967296,3,gpu-3uwoq-6g3ya-1,3,3,0.025294
e5-counters-rdma-qps4,timed-4GiB,4294967296,3,gpu-3uwoq-6g3ya-1,3,4,0.025067
e5-counters-rdma-qps4,timed-4GiB,4294967296,3,gpu-3uwoq-6g3ya-1,3,5,0.024898
e5-counters-rdma-qps4,timed-4GiB,4294967296,3,gpu-3uwoq-6g3ya-1,3,6,0.024965
e5-counters-rdma-qps4,timed-4GiB,4294967296,3,gpu-3uwoq-6g3ya-1,3,7,0.024882
e5-counters-rdma-qps4,timed-4GiB,4294967296,3,gpu-3uwoq-6g3ya-1,3,8,0.025027
e5-counters-rdma-qps4,timed-4GiB,4294967296,3,gpu-3uwoq-6g3ya-1,3,9,0.024886
e5-counters-rdma-qps4,timed-4GiB,4294967296,3,gpu-3uwoq-6g3ya-1,3,10,0.024897
e5-counters-rdma-qps4,timed-4GiB,4294967296,3,gpu-3uwoq-6g3ya-1,3,11,0.024852
e5-counters-rdma-qps4,timed-4GiB,4294967296,3,gpu-3uwoq-6g3ya-1,3,12,0.024582
e5-counters-rdma-qps4,timed-4GiB,4294967296,3,gpu-3uwoq-6g3ya-1,3,13,0.024629
e5-counters-rdma-qps4,timed-4GiB,4294967296,3,gpu-3uwoq-6g3ya-1,3,14,0.024742
e5-counters-rdma-qps4,timed-4GiB,4294967296,3,gpu-3uwoq-6g3ya-1,3,15,0.024783
e5-counters-rdma-qps4,timed-4GiB,4294967296,3,gpu-3uwoq-6g3ya-1,3,16,0.025272
e5-counters-rdma-qps4,timed-4GiB,4294967296,3,gpu-3uwoq-6g3ya-1,3,17,0.025334
e5-counters-rdma-qps4,timed-4GiB,4294967296,3,gpu-3uwoq-6g3ya-1,3,18,0.025195
e5-counters-rdma-qps4,timed-4GiB,4294967296,3,gpu-3uwoq-6g3ya-1,3,19,0.024979
e5-counters-rdma-qps4,timed-4GiB,4294967296,3,gpu-3uwoq-6g3ya-1,3,20,0.024804
e5-counters-rdma-qps4,timed-4GiB,4294967296,3,gpu-3uwoq-6g3ya-1,3,21,0.024847
e5-counters-rdma-qps4,timed-4GiB,4294967296,3,gpu-3uwoq-6g3ya-1,3,22,0.024891
e5-counters-rdma-qps4,timed-4GiB,4294967296,3,gpu-3uwoq-6g3ya-1,3,23,0.024639
e5-counters-rdma-qps4,timed-4GiB,4294967296,3,gpu-3uwoq-6g3ya-1,3,24,0.024689
e5-counters-rdma-qps4,timed-4GiB,4294967296,3,gpu-3uwoq-6g3ya-1,3,25,0.024757
e5-counters-rdma-qps4,timed-4GiB,4294967296,3,gpu-3uwoq-6g3ya-1,3,26,0.024568
e5-counters-rdma-qps4,timed-4GiB,4294967296,3,gpu-3uwoq-6g3ya-1,3,27,0.024534
e5-counters-rdma-qps4,timed-4GiB,4294967296,3,gpu-3uwoq-6g3ya-1,3,28,0.024578
e5-counters-rdma-qps4,timed-4GiB,4294967296,3,gpu-3uwoq-6g3ya-1,3,29,0.024490
e5-counters-rdma-qps4,timed-4GiB,4294967296,3,gpu-3uwoq-6g3ya-1,3,30,0.024542
e5-counters-rdma-qps4,timed-4GiB,4294967296,3,gpu-3uwoq-6g3ya-1,3,31,0.024711
e5-counters-rdma-qps4,timed-4GiB,4294967296,3,gpu-3uwoq-6g3ya-1,3,32,0.024576
e5-counters-rdma-qps4,timed-4GiB,4294967296,3,gpu-3uwoq-6g3ya-1,3,33,0.024492
e5-counters-rdma-qps4,timed-4GiB,4294967296,3,gpu-3uwoq-6g3ya-1,3,34,0.024544
e5-counters-rdma-qps4,timed-4GiB,4294967296,3,gpu-3uwoq-6g3ya-1,3,35,0.024380
e5-counters-rdma-qps4,timed-4GiB,4294967296,3,gpu-3uwoq-6g3ya-1,3,36,0.024481
e5-counters-rdma-qps4,timed-4GiB,4294967296,3,gpu-3uwoq-6g3ya-1,3,37,0.024525
e5-counters-rdma-qps4,timed-4GiB,4294967296,3,gpu-3uwoq-6g3ya-1,3,38,0.024445
e5-counters-rdma-qps4,timed-4GiB,4294967296,3,gpu-3uwoq-6g3ya-1,3,39,0.024472
e5-counters-rdma-qps4,timed-4GiB,4294967296,3,gpu-3uwoq-6g3ya-1,3,40,0.024557
e5-counters-rdma-qps4,timed-4GiB,4294967296,3,gpu-3uwoq-6g3ya-1,3,41,0.024502
e5-counters-rdma-qps4,timed-4GiB,4294967296,3,gpu-3uwoq-6g3ya-1,3,42,0.024424
e5-counters-rdma-qps4,timed-4GiB,4294967296,3,gpu-3uwoq-6g3ya-1,3,43,0.024587
e5-counters-rdma-qps4,timed-4GiB,4294967296,3,gpu-3uwoq-6g3ya-1,3,44,0.024662
e5-counters-rdma-qps4,timed-4GiB,4294967296,3,gpu-3uwoq-6g3ya-1,3,45,0.024574
e5-counters-rdma-qps4,timed-4GiB,4294967296,3,gpu-3uwoq-6g3ya-1,3,46,0.024602
e5-counters-rdma-qps4,timed-4GiB,4294967296,3,gpu-3uwoq-6g3ya-1,3,47,0.024515
e5-counters-rdma-qps4,timed-4GiB,4294967296,3,gpu-3uwoq-6g3ya-1,3,48,0.024686
e5-counters-rdma-qps4,timed-4GiB,4294967296,3,gpu-3uwoq-6g3ya-1,3,49,0.024738
e5-counters-rdma-qps4,timed-4GiB,4294967296,3,gpu-3uwoq-6g3ya-1,3,50,0.024661
e5-counters-rdma-qps4,timed-4GiB,4294967296,3,gpu-3uwoq-6g3ya-1,3,51,0.024840
e5-counters-rdma-qps4,timed-4GiB,4294967296,3,gpu-3uwoq-6g3ya-1,3,52,0.024633
e5-counters-rdma-qps4,timed-4GiB,4294967296,3,gpu-3uwoq-6g3ya-1,3,53,0.024581
e5-counters-rdma-qps4,timed-4GiB,4294967296,3,gpu-3uwoq-6g3ya-1,3,54,0.024591
e5-counters-rdma-qps4,timed-4GiB,4294967296,3,gpu-3uwoq-6g3ya-1,3,55,0.024542
e5-counters-rdma-qps4,timed-4GiB,4294967296,3,gpu-3uwoq-6g3ya-1,3,56,0.024648
e5-counters-rdma-qps4,timed-4GiB,4294967296,3,gpu-3uwoq-6g3ya-1,3,57,0.025576
e5-counters-rdma-qps4,timed-4GiB,4294967296,3,gpu-3uwoq-6g3ya-1,3,58,0.025404
e5-counters-rdma-qps4,timed-4GiB,4294967296,3,gpu-3uwoq-6g3ya-1,3,59,0.024963
e5-counters-rdma-qps4,timed-4GiB,4294967296,3,gpu-3uwoq-6g3ya-1,3,60,0.024722
e5-counters-rdma-qps4,timed-4GiB,4294967296,3,gpu-3uwoq-6g3ya-1,3,61,0.024873
e5-counters-rdma-qps4,timed-4GiB,4294967296,3,gpu-3uwoq-6g3ya-1,3,62,0.024762
e5-counters-rdma-qps4,timed-4GiB,4294967296,3,gpu-3uwoq-6g3ya-1,3,63,0.024870
e5-counters-rdma-qps4,timed-4GiB,4294967296,3,gpu-3uwoq-6g3ya-1,3,64,0.024813
e5-counters-rdma-qps4,timed-4GiB,4294967296,3,gpu-3uwoq-6g3ya-1,3,65,0.024648
e5-counters-rdma-qps4,timed-4GiB,4294967296,3,gpu-3uwoq-6g3ya-1,3,66,0.024744
e5-counters-rdma-qps4,timed-4GiB,4294967296,3,gpu-3uwoq-6g3ya-1,3,67,0.024654
e5-counters-rdma-qps4,timed-4GiB,4294967296,3,gpu-3uwoq-6g3ya-1,3,68,0.024653
e5-counters-rdma-qps4,timed-4GiB,4294967296,3,gpu-3uwoq-6g3ya-1,3,69,0.024648
e5-counters-rdma-qps4,timed-4GiB,4294967296,3,gpu-3uwoq-6g3ya-1,3,70,0.024756
e5-counters-rdma-qps4,timed-4GiB,4294967296,3,gpu-3uwoq-6g3ya-1,3,71,0.024703
e5-counters-rdma-qps4,timed-4GiB,4294967296,3,gpu-3uwoq-6g3ya-1,3,72,0.024651
e5-counters-rdma-qps4,timed-4GiB,4294967296,3,gpu-3uwoq-6g3ya-1,3,73,0.024731
e5-counters-rdma-qps4,timed-4GiB,4294967296,3,gpu-3uwoq-6g3ya-1,3,74,0.024669
e5-counters-rdma-qps4,timed-4GiB,4294967296,3,gpu-3uwoq-6g3ya-1,3,75,0.024628
e5-counters-rdma-qps4,timed-4GiB,4294967296,3,gpu-3uwoq-6g3ya-1,3,76,0.024620
e5-counters-rdma-qps4,timed-4GiB,4294967296,3,gpu-3uwoq-6g3ya-1,3,77,0.024683
e5-counters-rdma-qps4,timed-4GiB,4294967296,3,gpu-3uwoq-6g3ya-1,3,78,0.024664
e5-counters-rdma-qps4,timed-4GiB,4294967296,3,gpu-3uwoq-6g3ya-1,3,79,0.024589
e5-counters-rdma-qps4,timed-4GiB,4294967296,3,gpu-3uwoq-6g3ya-1,3,80,0.024534
e5-counters-rdma-qps4,timed-4GiB,4294967296,3,gpu-3uwoq-6g3ya-1,3,81,0.025109
e5-counters-rdma-qps4,timed-4GiB,4294967296,3,gpu-3uwoq-6g3ya-1,3,82,0.025204
e5-counters-rdma-qps4,timed-4GiB,4294967296,3,gpu-3uwoq-6g3ya-1,3,83,0.024902
e5-counters-rdma-qps4,timed-4GiB,4294967296,3,gpu-3uwoq-6g3ya-1,3,84,0.024666
e5-counters-rdma-qps4,timed-4GiB,4294967296,3,gpu-3uwoq-6g3ya-1,3,85,0.024677
e5-counters-rdma-qps4,timed-4GiB,4294967296,3,gpu-3uwoq-6g3ya-1,3,86,0.024801
e5-counters-rdma-qps4,timed-4GiB,4294967296,3,gpu-3uwoq-6g3ya-1,3,87,0.024496
e5-counters-rdma-qps4,timed-4GiB,4294967296,3,gpu-3uwoq-6g3ya-1,3,88,0.024593
e5-counters-rdma-qps4,timed-4GiB,4294967296,3,gpu-3uwoq-6g3ya-1,3,89,0.024806
e5-counters-rdma-qps4,timed-4GiB,4294967296,3,gpu-3uwoq-6g3ya-1,3,90,0.024669
e5-counters-rdma-qps4,timed-4GiB,4294967296,3,gpu-3uwoq-6g3ya-1,3,91,0.024562
e5-counters-rdma-qps4,timed-4GiB,4294967296,3,gpu-3uwoq-6g3ya-1,3,92,0.024574
e5-counters-rdma-qps4,timed-4GiB,4294967296,3,gpu-3uwoq-6g3ya-1,3,93,0.024574
e5-counters-rdma-qps4,timed-4GiB,4294967296,3,gpu-3uwoq-6g3ya-1,3,94,0.024569
e5-counters-rdma-qps4,timed-4GiB,4294967296,3,gpu-3uwoq-6g3ya-1,3,95,0.024559
e5-counters-rdma-qps4,timed-4GiB,4294967296,3,gpu-3uwoq-6g3ya-1,3,96,0.024689
e5-counters-rdma-qps4,timed-4GiB,4294967296,3,gpu-3uwoq-6g3ya-1,3,97,0.025248
e5-counters-rdma-qps4,timed-4GiB,4294967296,3,gpu-3uwoq-6g3ya-1,3,98,0.025342
e5-counters-rdma-qps4,timed-4GiB,4294967296,3,gpu-3uwoq-6g3ya-1,3,99,0.025289
e5-counters-rdma-qps4,timed-4GiB,4294967296,3,gpu-3uwoq-6g3ya-1,3,100,0.024763
e5-counters-rdma-qps4,timed-4GiB,4294967296,3,gpu-3uwoq-6g3ya-1,3,101,0.024783
e5-counters-rdma-qps4,timed-4GiB,4294967296,3,gpu-3uwoq-6g3ya-1,3,102,0.024761
e5-counters-rdma-qps4,timed-4GiB,4294967296,3,gpu-3uwoq-6g3ya-1,3,103,0.024880
e5-counters-rdma-qps4,timed-4GiB,4294967296,3,gpu-3uwoq-6g3ya-1,3,104,0.024857
e5-counters-rdma-qps4,timed-4GiB,4294967296,3,gpu-3uwoq-6g3ya-1,3,105,0.025099
e5-counters-rdma-qps4,timed-4GiB,4294967296,3,gpu-3uwoq-6g3ya-1,3,106,0.025036
e5-counters-rdma-qps4,timed-4GiB,4294967296,3,gpu-3uwoq-6g3ya-1,3,107,0.024847
e5-counters-rdma-qps4,timed-4GiB,4294967296,3,gpu-3uwoq-6g3ya-1,3,108,0.024918
e5-counters-rdma-qps4,timed-4GiB,4294967296,3,gpu-3uwoq-6g3ya-1,3,109,0.024902
e5-counters-rdma-qps4,timed-4GiB,4294967296,3,gpu-3uwoq-6g3ya-1,3,110,0.024825
e5-counters-rdma-qps4,timed-4GiB,4294967296,3,gpu-3uwoq-6g3ya-1,3,111,0.024924
e5-counters-rdma-qps4,timed-4GiB,4294967296,3,gpu-3uwoq-6g3ya-1,3,112,0.024740
e5-counters-rdma-qps4,timed-4GiB,4294967296,3,gpu-3uwoq-6g3ya-1,3,113,0.024720
e5-counters-rdma-qps4,timed-4GiB,4294967296,3,gpu-3uwoq-6g3ya-1,3,114,0.024636
e5-counters-rdma-qps4,timed-4GiB,4294967296,3,gpu-3uwoq-6g3ya-1,3,115,0.024689
e5-counters-rdma-qps4,timed-4GiB,4294967296,3,gpu-3uwoq-6g3ya-1,3,116,0.024816
e5-counters-rdma-qps4,timed-4GiB,4294967296,3,gpu-3uwoq-6g3ya-1,3,117,0.024824
e5-counters-rdma-qps4,timed-4GiB,4294967296,3,gpu-3uwoq-6g3ya-1,3,118,0.024752
e5-counters-rdma-qps4,timed-4GiB,4294967296,3,gpu-3uwoq-6g3ya-1,3,119,0.024726
e5-counters-rdma-qps4,timed-4GiB,4294967296,3,gpu-3uwoq-6g3ya-1,3,120,0.024737
e5-counters-rdma-qps4,timed-4GiB,4294967296,3,gpu-3uwoq-6g3ya-1,3,121,0.024683
e5-counters-rdma-qps4,timed-4GiB,4294967296,3,gpu-3uwoq-6g3ya-1,3,122,0.024611
e5-counters-rdma-qps4,timed-4GiB,4294967296,3,gpu-3uwoq-6g3ya-1,3,123,0.024750
e5-counters-rdma-qps4,timed-4GiB,4294967296,3,gpu-3uwoq-6g3ya-1,3,124,0.024624
e5-counters-rdma-qps4,timed-4GiB,4294967296,3,gpu-3uwoq-6g3ya-1,3,125,0.024667
e5-counters-rdma-qps4,timed-4GiB,4294967296,3,gpu-3uwoq-6g3ya-1,3,126,0.024814
e5-counters-rdma-qps4,timed-4GiB,4294967296,3,gpu-3uwoq-6g3ya-1,3,127,0.024648
e5-counters-rdma-qps4,timed-4GiB,4294967296,3,gpu-3uwoq-6g3ya-1,3,128,0.024599
e5-counters-rdma-qps4,timed-4GiB,4294967296,3,gpu-3uwoq-6g3ya-1,3,129,0.024850
e5-counters-rdma-qps4,timed-4GiB,4294967296,3,gpu-3uwoq-6g3ya-1,3,130,0.024746
e5-counters-rdma-qps4,timed-4GiB,4294967296,3,gpu-3uwoq-6g3ya-1,3,131,0.024607
e5-counters-rdma-qps4,timed-4GiB,4294967296,3,gpu-3uwoq-6g3ya-1,3,132,0.024605
e5-counters-rdma-qps4,timed-4GiB,4294967296,3,gpu-3uwoq-6g3ya-1,3,133,0.024598
e5-counters-rdma-qps4,timed-4GiB,4294967296,3,gpu-3uwoq-6g3ya-1,3,134,0.024505
e5-counters-rdma-qps4,timed-4GiB,4294967296,3,gpu-3uwoq-6g3ya-1,3,135,0.024773
e5-counters-rdma-qps4,timed-4GiB,4294967296,3,gpu-3uwoq-6g3ya-1,3,136,0.024681
e5-counters-rdma-qps4,timed-4GiB,4294967296,3,gpu-3uwoq-6g3ya-1,3,137,0.025003
e5-counters-rdma-qps4,timed-4GiB,4294967296,3,gpu-3uwoq-6g3ya-1,3,138,0.026185
e5-counters-rdma-qps4,timed-4GiB,4294967296,3,gpu-3uwoq-6g3ya-1,3,139,0.025686
e5-counters-rdma-qps4,timed-4GiB,4294967296,3,gpu-3uwoq-6g3ya-1,3,140,0.025332
e5-counters-rdma-qps4,timed-4GiB,4294967296,3,gpu-3uwoq-6g3ya-1,3,141,0.025057
e5-counters-rdma-qps4,timed-4GiB,4294967296,3,gpu-3uwoq-6g3ya-1,3,142,0.025059
e5-counters-rdma-qps4,timed-4GiB,4294967296,3,gpu-3uwoq-6g3ya-1,3,143,0.024832
e5-counters-rdma-qps4,timed-4GiB,4294967296,3,gpu-3uwoq-6g3ya-1,3,144,0.024976
e5-counters-rdma-qps4,timed-4GiB,4294967296,3,gpu-3uwoq-6g3ya-1,3,145,0.025008
e5-counters-rdma-qps4,timed-4GiB,4294967296,3,gpu-3uwoq-6g3ya-1,3,146,0.024873
e5-counters-rdma-qps4,timed-4GiB,4294967296,3,gpu-3uwoq-6g3ya-1,3,147,0.024843
e5-counters-rdma-qps4,timed-4GiB,4294967296,3,gpu-3uwoq-6g3ya-1,3,148,0.024889
e5-counters-rdma-qps4,timed-4GiB,4294967296,3,gpu-3uwoq-6g3ya-1,3,149,0.024838
e5-counters-rdma-qps4,timed-4GiB,4294967296,3,gpu-3uwoq-6g3ya-1,3,150,0.024754
e5-counters-rdma-qps4,timed-4GiB,4294967296,3,gpu-3uwoq-6g3ya-1,3,151,0.024779
e5-counters-rdma-qps4,timed-4GiB,4294967296,3,gpu-3uwoq-6g3ya-1,3,152,0.024832
e5-counters-rdma-qps4,timed-4GiB,4294967296,3,gpu-3uwoq-6g3ya-1,3,153,0.024861
e5-counters-rdma-qps4,timed-4GiB,4294967296,3,gpu-3uwoq-6g3ya-1,3,154,0.024784
e5-counters-rdma-qps4,timed-4GiB,4294967296,3,gpu-3uwoq-6g3ya-1,3,155,0.024849
e5-counters-rdma-qps4,timed-4GiB,4294967296,3,gpu-3uwoq-6g3ya-1,3,156,0.024806
e5-counters-rdma-qps4,timed-4GiB,4294967296,3,gpu-3uwoq-6g3ya-1,3,157,0.024920
e5-counters-rdma-qps4,timed-4GiB,4294967296,3,gpu-3uwoq-6g3ya-1,3,158,0.024802
e5-counters-rdma-qps4,timed-4GiB,4294967296,3,gpu-3uwoq-6g3ya-1,3,159,0.024937
e5-counters-rdma-qps4,timed-4GiB,4294967296,3,gpu-3uwoq-6g3ya-1,3,160,0.024914
e5-counters-rdma-qps4,timed-4GiB,4294967296,3,gpu-3uwoq-6g3ya-1,3,161,0.024598
e5-counters-rdma-qps4,timed-4GiB,4294967296,3,gpu-3uwoq-6g3ya-1,3,162,0.024717
e5-counters-rdma-qps4,timed-4GiB,4294967296,3,gpu-3uwoq-6g3ya-1,3,163,0.024583
e5-counters-rdma-qps4,timed-4GiB,4294967296,3,gpu-3uwoq-6g3ya-1,3,164,0.024588
e5-counters-rdma-qps4,timed-4GiB,4294967296,3,gpu-3uwoq-6g3ya-1,3,165,0.024691
e5-counters-rdma-qps4,timed-4GiB,4294967296,3,gpu-3uwoq-6g3ya-1,3,166,0.024625
e5-counters-rdma-qps4,timed-4GiB,4294967296,3,gpu-3uwoq-6g3ya-1,3,167,0.024566
e5-counters-rdma-qps4,timed-4GiB,4294967296,3,gpu-3uwoq-6g3ya-1,3,168,0.024643
e5-counters-rdma-qps4,timed-4GiB,4294967296,3,gpu-3uwoq-6g3ya-1,3,169,0.024909
e5-counters-rdma-qps4,timed-4GiB,4294967296,3,gpu-3uwoq-6g3ya-1,3,170,0.024835
e5-counters-rdma-qps4,timed-4GiB,4294967296,3,gpu-3uwoq-6g3ya-1,3,171,0.024802
e5-counters-rdma-qps4,timed-4GiB,4294967296,3,gpu-3uwoq-6g3ya-1,3,172,0.024664
e5-counters-rdma-qps4,timed-4GiB,4294967296,3,gpu-3uwoq-6g3ya-1,3,173,0.024584
e5-counters-rdma-qps4,timed-4GiB,4294967296,3,gpu-3uwoq-6g3ya-1,3,174,0.024589
e5-counters-rdma-qps4,timed-4GiB,4294967296,3,gpu-3uwoq-6g3ya-1,3,175,0.024562
e5-counters-rdma-qps4,timed-4GiB,4294967296,3,gpu-3uwoq-6g3ya-1,3,176,0.024611
e5-counters-rdma-qps4,timed-4GiB,4294967296,3,gpu-3uwoq-6g3ya-1,3,177,0.024729
e5-counters-rdma-qps4,timed-4GiB,4294967296,3,gpu-3uwoq-6g3ya-1,3,178,0.025497
e5-counters-rdma-qps4,timed-4GiB,4294967296,3,gpu-3uwoq-6g3ya-1,3,179,0.025522
e5-counters-rdma-qps4,timed-4GiB,4294967296,3,gpu-3uwoq-6g3ya-1,3,180,0.025037
e5-counters-rdma-qps4,timed-4GiB,4294967296,3,gpu-3uwoq-6g3ya-1,3,181,0.024784
e5-counters-rdma-qps4,timed-4GiB,4294967296,3,gpu-3uwoq-6g3ya-1,3,182,0.024793
e5-counters-rdma-qps4,timed-4GiB,4294967296,3,gpu-3uwoq-6g3ya-1,3,183,0.024769
e5-counters-rdma-qps4,timed-4GiB,4294967296,3,gpu-3uwoq-6g3ya-1,3,184,0.024679
e5-counters-rdma-qps4,timed-4GiB,4294967296,3,gpu-3uwoq-6g3ya-1,3,185,0.024658
e5-counters-rdma-qps4,timed-4GiB,4294967296,3,gpu-3uwoq-6g3ya-1,3,186,0.024679
e5-counters-rdma-qps4,timed-4GiB,4294967296,3,gpu-3uwoq-6g3ya-1,3,187,0.024615
e5-counters-rdma-qps4,timed-4GiB,4294967296,3,gpu-3uwoq-6g3ya-1,3,188,0.024588
e5-counters-rdma-qps4,timed-4GiB,4294967296,3,gpu-3uwoq-6g3ya-1,3,189,0.024663
e5-counters-rdma-qps4,timed-4GiB,4294967296,3,gpu-3uwoq-6g3ya-1,3,190,0.024674
e5-counters-rdma-qps4,timed-4GiB,4294967296,3,gpu-3uwoq-6g3ya-1,3,191,0.024629
e5-counters-rdma-qps4,timed-4GiB,4294967296,3,gpu-3uwoq-6g3ya-1,3,192,0.024767
e5-counters-rdma-qps4,timed-4GiB,4294967296,3,gpu-3uwoq-6g3ya-1,3,193,0.024537
e5-counters-rdma-qps4,timed-4GiB,4294967296,3,gpu-3uwoq-6g3ya-1,3,194,0.024661
e5-counters-rdma-qps4,timed-4GiB,4294967296,3,gpu-3uwoq-6g3ya-1,3,195,0.024617
e5-counters-rdma-qps4,timed-4GiB,4294967296,3,gpu-3uwoq-6g3ya-1,3,196,0.024609
e5-counters-rdma-qps4,timed-4GiB,4294967296,3,gpu-3uwoq-6g3ya-1,3,197,0.024616
e5-counters-rdma-qps4,timed-4GiB,4294967296,3,gpu-3uwoq-6g3ya-1,3,198,0.024646
e5-counters-rdma-qps4,timed-4GiB,4294967296,3,gpu-3uwoq-6g3ya-1,3,199,0.024716
e5-counters-rdma-qps4,timed-4GiB,4294967296,3,gpu-3uwoq-6g3ya-1,3,200,0.024552
e5-counters-rdma-qps4,timed-4GiB,4294967296,3,gpu-3uwoq-6g3ya-1,3,201,0.024662
e5-counters-rdma-qps4,timed-4GiB,4294967296,3,gpu-3uwoq-6g3ya-1,3,202,0.024680
e5-counters-rdma-qps4,timed-4GiB,4294967296,3,gpu-3uwoq-6g3ya-1,3,203,0.024658
e5-counters-rdma-qps4,timed-4GiB,4294967296,3,gpu-3uwoq-6g3ya-1,3,204,0.024627
e5-counters-rdma-qps4,timed-4GiB,4294967296,3,gpu-3uwoq-6g3ya-1,3,205,0.024502
e5-counters-rdma-qps4,timed-4GiB,4294967296,3,gpu-3uwoq-6g3ya-1,3,206,0.024543
e5-counters-rdma-qps4,timed-4GiB,4294967296,3,gpu-3uwoq-6g3ya-1,3,207,0.024744
e5-counters-rdma-qps4,timed-4GiB,4294967296,3,gpu-3uwoq-6g3ya-1,3,208,0.025510
e5-counters-rdma-qps4,timed-4GiB,4294967296,3,gpu-3uwoq-6g3ya-1,3,209,0.025644
e5-counters-rdma-qps4,timed-4GiB,4294967296,3,gpu-3uwoq-6g3ya-1,3,210,0.025257
e5-counters-rdma-qps4,timed-4GiB,4294967296,3,gpu-3uwoq-6g3ya-1,3,211,0.025230
e5-counters-rdma-qps4,timed-4GiB,4294967296,3,gpu-3uwoq-6g3ya-1,3,212,0.025094
e5-counters-rdma-qps4,timed-4GiB,4294967296,3,gpu-3uwoq-6g3ya-1,3,213,0.024985
e5-counters-rdma-qps4,timed-4GiB,4294967296,3,gpu-3uwoq-6g3ya-1,3,214,0.024786
e5-counters-rdma-qps4,timed-4GiB,4294967296,3,gpu-3uwoq-6g3ya-1,3,215,0.024766
e5-counters-rdma-qps4,timed-4GiB,4294967296,3,gpu-3uwoq-6g3ya-1,3,216,0.024742
e5-counters-rdma-qps4,timed-4GiB,4294967296,3,gpu-3uwoq-6g3ya-1,3,217,0.025295
e5-counters-rdma-qps4,timed-4GiB,4294967296,3,gpu-3uwoq-6g3ya-1,3,218,0.026173
e5-counters-rdma-qps4,timed-4GiB,4294967296,3,gpu-3uwoq-6g3ya-1,3,219,0.025549
e5-counters-rdma-qps4,timed-4GiB,4294967296,3,gpu-3uwoq-6g3ya-1,3,220,0.025511
e5-counters-rdma-qps4,timed-4GiB,4294967296,3,gpu-3uwoq-6g3ya-1,3,221,0.025545
e5-counters-rdma-qps4,timed-4GiB,4294967296,3,gpu-3uwoq-6g3ya-1,3,222,0.025514
e5-counters-rdma-qps4,timed-4GiB,4294967296,3,gpu-3uwoq-6g3ya-1,3,223,0.025170
e5-counters-rdma-qps4,timed-4GiB,4294967296,3,gpu-3uwoq-6g3ya-1,3,224,0.025307
e5-counters-rdma-qps4,timed-4GiB,4294967296,3,gpu-3uwoq-6g3ya-1,3,225,0.025154
e5-counters-rdma-qps4,timed-4GiB,4294967296,3,gpu-3uwoq-6g3ya-1,3,226,0.025025
e5-counters-rdma-qps4,timed-4GiB,4294967296,3,gpu-3uwoq-6g3ya-1,3,227,0.024984
e5-counters-rdma-qps4,timed-4GiB,4294967296,3,gpu-3uwoq-6g3ya-1,3,228,0.024764
e5-counters-rdma-qps4,timed-4GiB,4294967296,3,gpu-3uwoq-6g3ya-1,3,229,0.024764
e5-counters-rdma-qps4,timed-4GiB,4294967296,3,gpu-3uwoq-6g3ya-1,3,230,0.024724
e5-counters-rdma-qps4,timed-4GiB,4294967296,3,gpu-3uwoq-6g3ya-1,3,231,0.025076
e5-counters-rdma-qps4,timed-4GiB,4294967296,3,gpu-3uwoq-6g3ya-1,3,232,0.025213
e5-counters-rdma-qps4,timed-4GiB,4294967296,3,gpu-3uwoq-6g3ya-1,3,233,0.025098
e5-counters-rdma-qps4,timed-4GiB,4294967296,3,gpu-3uwoq-6g3ya-1,3,234,0.025024
e5-counters-rdma-qps4,timed-4GiB,4294967296,3,gpu-3uwoq-6g3ya-1,3,235,0.025037
e5-counters-rdma-qps4,timed-4GiB,4294967296,3,gpu-3uwoq-6g3ya-1,3,236,0.025049
e5-counters-rdma-qps4,timed-4GiB,4294967296,3,gpu-3uwoq-6g3ya-1,3,237,0.025054
e5-counters-rdma-qps4,timed-4GiB,4294967296,3,gpu-3uwoq-6g3ya-1,3,238,0.024931
e5-counters-rdma-qps4,timed-4GiB,4294967296,3,gpu-3uwoq-6g3ya-1,3,239,0.024767
e5-counters-rdma-qps4,timed-4GiB,4294967296,3,gpu-3uwoq-6g3ya-1,3,240,0.024776
e5-counters-rdma-qps4,timed-4GiB,4294967296,3,gpu-3uwoq-6g3ya-1,3,241,0.024757
e5-counters-rdma-qps4,timed-4GiB,4294967296,3,gpu-3uwoq-6g3ya-1,3,242,0.025211
e5-counters-rdma-qps4,timed-4GiB,4294967296,3,gpu-3uwoq-6g3ya-1,3,243,0.025172
e5-counters-rdma-qps4,timed-4GiB,4294967296,3,gpu-3uwoq-6g3ya-1,3,244,0.024904
e5-counters-rdma-qps4,timed-4GiB,4294967296,3,gpu-3uwoq-6g3ya-1,3,245,0.024870
e5-counters-rdma-qps4,timed-4GiB,4294967296,3,gpu-3uwoq-6g3ya-1,3,246,0.024876
e5-counters-rdma-qps4,timed-4GiB,4294967296,3,gpu-3uwoq-6g3ya-1,3,247,0.024982
e5-counters-rdma-qps4,timed-4GiB,4294967296,3,gpu-3uwoq-6g3ya-1,3,248,0.024870
e5-counters-rdma-qps4,timed-4GiB,4294967296,3,gpu-3uwoq-6g3ya-1,3,249,0.024703
e5-counters-rdma-qps4,timed-4GiB,4294967296,3,gpu-3uwoq-6g3ya-1,3,250,0.025088
e5-counters-rdma-qps4,timed-4GiB,4294967296,3,gpu-3uwoq-6g3ya-1,3,251,0.024759
e5-counters-rdma-qps4,timed-4GiB,4294967296,3,gpu-3uwoq-6g3ya-1,3,252,0.024783
e5-counters-rdma-qps4,timed-4GiB,4294967296,3,gpu-3uwoq-6g3ya-1,3,253,0.024701
e5-counters-rdma-qps4,timed-4GiB,4294967296,3,gpu-3uwoq-6g3ya-1,3,254,0.024678
e5-counters-rdma-qps4,timed-4GiB,4294967296,3,gpu-3uwoq-6g3ya-1,3,255,0.024775
e5-counters-rdma-qps4,timed-4GiB,4294967296,3,gpu-3uwoq-6g3ya-1,3,256,0.024695
e5-counters-rdma-qps4,timed-4GiB,4294967296,3,gpu-3uwoq-6g3ya-1,3,257,0.024781
e5-counters-rdma-qps4,timed-4GiB,4294967296,3,gpu-3uwoq-6g3ya-1,3,258,0.025477
e5-counters-rdma-qps4,timed-4GiB,4294967296,3,gpu-3uwoq-6g3ya-1,3,259,0.025993
e5-counters-rdma-qps4,timed-4GiB,4294967296,3,gpu-3uwoq-6g3ya-1,3,260,0.025843
e5-counters-rdma-qps4,timed-4GiB,4294967296,3,gpu-3uwoq-6g3ya-1,3,261,0.025123
e5-counters-rdma-qps4,timed-4GiB,4294967296,3,gpu-3uwoq-6g3ya-1,3,262,0.024950
e5-counters-rdma-qps4,timed-4GiB,4294967296,3,gpu-3uwoq-6g3ya-1,3,263,0.024859
e5-counters-rdma-qps4,timed-4GiB,4294967296,3,gpu-3uwoq-6g3ya-1,3,264,0.024826
e5-counters-rdma-qps4,timed-4GiB,4294967296,3,gpu-3uwoq-6g3ya-1,3,265,0.024734
e5-counters-rdma-qps4,timed-4GiB,4294967296,3,gpu-3uwoq-6g3ya-1,3,266,0.025164
e5-counters-rdma-qps4,timed-4GiB,4294967296,3,gpu-3uwoq-6g3ya-1,3,267,0.025205
e5-counters-rdma-qps4,timed-4GiB,4294967296,3,gpu-3uwoq-6g3ya-1,3,268,0.025037
e5-counters-rdma-qps4,timed-4GiB,4294967296,3,gpu-3uwoq-6g3ya-1,3,269,0.024952
e5-counters-rdma-qps4,timed-4GiB,4294967296,3,gpu-3uwoq-6g3ya-1,3,270,0.024829
e5-counters-rdma-qps4,timed-4GiB,4294967296,3,gpu-3uwoq-6g3ya-1,3,271,0.024872
e5-counters-rdma-qps4,timed-4GiB,4294967296,3,gpu-3uwoq-6g3ya-1,3,272,0.025372
e5-counters-rdma-qps4,timed-4GiB,4294967296,3,gpu-3uwoq-6g3ya-1,3,273,0.025291
e5-counters-rdma-qps4,timed-4GiB,4294967296,3,gpu-3uwoq-6g3ya-1,3,274,0.024996
e5-counters-rdma-qps4,timed-4GiB,4294967296,3,gpu-3uwoq-6g3ya-1,3,275,0.024921
e5-counters-rdma-qps4,timed-4GiB,4294967296,3,gpu-3uwoq-6g3ya-1,3,276,0.024865
e5-counters-rdma-qps4,timed-4GiB,4294967296,3,gpu-3uwoq-6g3ya-1,3,277,0.024664
e5-counters-rdma-qps4,timed-4GiB,4294967296,3,gpu-3uwoq-6g3ya-1,3,278,0.024652
e5-counters-rdma-qps4,timed-4GiB,4294967296,3,gpu-3uwoq-6g3ya-1,3,279,0.024557
e5-counters-rdma-qps4,timed-4GiB,4294967296,3,gpu-3uwoq-6g3ya-1,3,280,0.024717
e5-counters-rdma-qps4,timed-4GiB,4294967296,3,gpu-3uwoq-6g3ya-1,3,281,0.024706
e5-counters-rdma-qps4,timed-4GiB,4294967296,3,gpu-3uwoq-6g3ya-1,3,282,0.024531
e5-counters-rdma-qps4,timed-4GiB,4294967296,3,gpu-3uwoq-6g3ya-1,3,283,0.024583
e5-counters-rdma-qps4,timed-4GiB,4294967296,3,gpu-3uwoq-6g3ya-1,3,284,0.024654
e5-counters-rdma-qps4,timed-4GiB,4294967296,3,gpu-3uwoq-6g3ya-1,3,285,0.024591
e5-counters-rdma-qps4,timed-4GiB,4294967296,3,gpu-3uwoq-6g3ya-1,3,286,0.024607
e5-counters-rdma-qps4,timed-4GiB,4294967296,3,gpu-3uwoq-6g3ya-1,3,287,0.024518
e5-counters-rdma-qps4,timed-4GiB,4294967296,3,gpu-3uwoq-6g3ya-1,3,288,0.024354
e5-counters-rdma-qps4,timed-4GiB,4294967296,3,gpu-3uwoq-6g3ya-1,3,289,0.024609
e5-counters-rdma-qps4,timed-4GiB,4294967296,3,gpu-3uwoq-6g3ya-1,3,290,0.024810
e5-counters-rdma-qps4,timed-4GiB,4294967296,3,gpu-3uwoq-6g3ya-1,3,291,0.024677
e5-counters-rdma-qps4,timed-4GiB,4294967296,3,gpu-3uwoq-6g3ya-1,3,292,0.024670
e5-counters-rdma-qps4,timed-4GiB,4294967296,3,gpu-3uwoq-6g3ya-1,3,293,0.024644
e5-counters-rdma-qps4,timed-4GiB,4294967296,3,gpu-3uwoq-6g3ya-1,3,294,0.024540
e5-counters-rdma-qps4,timed-4GiB,4294967296,3,gpu-3uwoq-6g3ya-1,3,295,0.024670
e5-counters-rdma-qps4,timed-4GiB,4294967296,3,gpu-3uwoq-6g3ya-1,3,296,0.024613
e5-counters-rdma-qps4,timed-4GiB,4294967296,3,gpu-3uwoq-6g3ya-1,3,297,0.024740
e5-counters-rdma-qps4,timed-4GiB,4294967296,3,gpu-3uwoq-6g3ya-1,3,298,0.025240
e5-counters-rdma-qps4,timed-4GiB,4294967296,3,gpu-3uwoq-6g3ya-1,3,299,0.025631
e5-counters-rdma-qps4,timed-4GiB,4294967296,3,gpu-3uwoq-6g3ya-1,3,300,0.025419
e5-counters-rdma-qps4,timed-4GiB,4294967296,3,gpu-3uwoq-6g3ya-1,3,301,0.024955
e5-counters-rdma-qps4,timed-4GiB,4294967296,3,gpu-3uwoq-6g3ya-1,3,302,0.024961
e5-counters-rdma-qps4,timed-4GiB,4294967296,3,gpu-3uwoq-6g3ya-1,3,303,0.024832
e5-counters-rdma-qps4,timed-4GiB,4294967296,3,gpu-3uwoq-6g3ya-1,3,304,0.024826
e5-counters-rdma-qps4,timed-4GiB,4294967296,3,gpu-3uwoq-6g3ya-1,3,305,0.024729
e5-counters-rdma-qps4,timed-4GiB,4294967296,3,gpu-3uwoq-6g3ya-1,3,306,0.024670
e5-counters-rdma-qps4,timed-4GiB,4294967296,3,gpu-3uwoq-6g3ya-1,3,307,0.024680
e5-counters-rdma-qps4,timed-4GiB,4294967296,3,gpu-3uwoq-6g3ya-1,3,308,0.024656
e5-counters-rdma-qps4,timed-4GiB,4294967296,3,gpu-3uwoq-6g3ya-1,3,309,0.024606
e5-counters-rdma-qps4,timed-4GiB,4294967296,3,gpu-3uwoq-6g3ya-1,3,310,0.024601
e5-counters-rdma-qps4,timed-4GiB,4294967296,3,gpu-3uwoq-6g3ya-1,3,311,0.024838
e5-counters-rdma-qps4,timed-4GiB,4294967296,3,gpu-3uwoq-6g3ya-1,3,312,0.025029
e5-counters-rdma-qps4,timed-4GiB,4294967296,3,gpu-3uwoq-6g3ya-1,3,313,0.025185
e5-counters-rdma-qps4,timed-4GiB,4294967296,3,gpu-3uwoq-6g3ya-1,3,314,0.024903
e5-counters-rdma-qps4,timed-4GiB,4294967296,3,gpu-3uwoq-6g3ya-1,3,315,0.024822
e5-counters-rdma-qps4,timed-4GiB,4294967296,3,gpu-3uwoq-6g3ya-1,3,316,0.024749
e5-counters-rdma-qps4,timed-4GiB,4294967296,3,gpu-3uwoq-6g3ya-1,3,317,0.024808
e5-counters-rdma-qps4,timed-4GiB,4294967296,3,gpu-3uwoq-6g3ya-1,3,318,0.024955
e5-counters-rdma-qps4,timed-4GiB,4294967296,3,gpu-3uwoq-6g3ya-1,3,319,0.024755
e5-counters-rdma-qps4,timed-4GiB,4294967296,3,gpu-3uwoq-6g3ya-1,3,320,0.024701
e5-counters-rdma-qps4,timed-4GiB,4294967296,3,gpu-3uwoq-6g3ya-1,3,321,0.024548
e5-counters-rdma-qps4,timed-4GiB,4294967296,3,gpu-3uwoq-6g3ya-1,3,322,0.024882
e5-counters-rdma-qps4,timed-4GiB,4294967296,3,gpu-3uwoq-6g3ya-1,3,323,0.025097
e5-counters-rdma-qps4,timed-4GiB,4294967296,3,gpu-3uwoq-6g3ya-1,3,324,0.024870
e5-counters-rdma-qps4,timed-4GiB,4294967296,3,gpu-3uwoq-6g3ya-1,3,325,0.024775
e5-counters-rdma-qps4,timed-4GiB,4294967296,3,gpu-3uwoq-6g3ya-1,3,326,0.024760
e5-counters-rdma-qps4,timed-4GiB,4294967296,3,gpu-3uwoq-6g3ya-1,3,327,0.024774
e5-counters-rdma-qps4,timed-4GiB,4294967296,3,gpu-3uwoq-6g3ya-1,3,328,0.024824
e5-counters-rdma-qps4,timed-4GiB,4294967296,3,gpu-3uwoq-6g3ya-1,3,329,0.024601
e5-counters-rdma-qps4,timed-4GiB,4294967296,3,gpu-3uwoq-6g3ya-1,3,330,0.024785
e5-counters-rdma-qps4,timed-4GiB,4294967296,3,gpu-3uwoq-6g3ya-1,3,331,0.024759
e5-counters-rdma-qps4,timed-4GiB,4294967296,3,gpu-3uwoq-6g3ya-1,3,332,0.024765
e5-counters-rdma-qps4,timed-4GiB,4294967296,3,gpu-3uwoq-6g3ya-1,3,333,0.024697
e5-counters-rdma-qps4,timed-4GiB,4294967296,3,gpu-3uwoq-6g3ya-1,3,334,0.024535
e5-counters-rdma-qps4,timed-4GiB,4294967296,3,gpu-3uwoq-6g3ya-1,3,335,0.024576
e5-counters-rdma-qps4,timed-4GiB,4294967296,3,gpu-3uwoq-6g3ya-1,3,336,0.024588
e5-counters-rdma-qps4,timed-4GiB,4294967296,3,gpu-3uwoq-6g3ya-1,3,337,0.024580
e5-counters-rdma-qps4,timed-4GiB,4294967296,3,gpu-3uwoq-6g3ya-1,3,338,0.024824
e5-counters-rdma-qps4,timed-4GiB,4294967296,3,gpu-3uwoq-6g3ya-1,3,339,0.026041
e5-counters-rdma-qps4,timed-4GiB,4294967296,3,gpu-3uwoq-6g3ya-1,3,340,0.026355
e5-counters-rdma-qps4,timed-4GiB,4294967296,3,gpu-3uwoq-6g3ya-1,3,341,0.025652
e5-counters-rdma-qps4,timed-4GiB,4294967296,3,gpu-3uwoq-6g3ya-1,3,342,0.025187
e5-counters-rdma-qps4,timed-4GiB,4294967296,3,gpu-3uwoq-6g3ya-1,3,343,0.025074
e5-counters-rdma-qps4,timed-4GiB,4294967296,3,gpu-3uwoq-6g3ya-1,3,344,0.024916
e5-counters-rdma-qps4,timed-4GiB,4294967296,3,gpu-3uwoq-6g3ya-1,3,345,0.024869
e5-counters-rdma-qps4,timed-4GiB,4294967296,3,gpu-3uwoq-6g3ya-1,3,346,0.024744
e5-counters-rdma-qps4,timed-4GiB,4294967296,3,gpu-3uwoq-6g3ya-1,3,347,0.024755
e5-counters-rdma-qps4,timed-4GiB,4294967296,3,gpu-3uwoq-6g3ya-1,3,348,0.024634
e5-counters-rdma-qps4,timed-4GiB,4294967296,3,gpu-3uwoq-6g3ya-1,3,349,0.024630
e5-counters-rdma-qps4,timed-4GiB,4294967296,3,gpu-3uwoq-6g3ya-1,3,350,0.024715
e5-counters-rdma-qps4,timed-4GiB,4294967296,3,gpu-3uwoq-6g3ya-1,3,351,0.024569
e5-counters-rdma-qps4,timed-4GiB,4294967296,3,gpu-3uwoq-6g3ya-1,3,352,0.024668
e5-counters-rdma-qps4,timed-4GiB,4294967296,3,gpu-3uwoq-6g3ya-1,3,353,0.024660
e5-counters-rdma-qps4,timed-4GiB,4294967296,3,gpu-3uwoq-6g3ya-1,3,354,0.024580
e5-counters-rdma-qps4,timed-4GiB,4294967296,3,gpu-3uwoq-6g3ya-1,3,355,0.024671
e5-counters-rdma-qps4,timed-4GiB,4294967296,3,gpu-3uwoq-6g3ya-1,3,356,0.024576
e5-counters-rdma-qps4,timed-4GiB,4294967296,3,gpu-3uwoq-6g3ya-1,3,357,0.024454
e5-counters-rdma-qps4,timed-4GiB,4294967296,3,gpu-3uwoq-6g3ya-1,3,358,0.024649
e5-counters-rdma-qps4,timed-4GiB,4294967296,3,gpu-3uwoq-6g3ya-1,3,359,0.024639
e5-counters-rdma-qps4,timed-4GiB,4294967296,3,gpu-3uwoq-6g3ya-1,3,360,0.024595
e5-counters-rdma-qps4,timed-4GiB,4294967296,3,gpu-3uwoq-6g3ya-1,3,361,0.024546
e5-counters-rdma-qps4,timed-4GiB,4294967296,3,gpu-3uwoq-6g3ya-1,3,362,0.024561
e5-counters-rdma-qps4,timed-4GiB,4294967296,3,gpu-3uwoq-6g3ya-1,3,363,0.024605
e5-counters-rdma-qps4,timed-4GiB,4294967296,3,gpu-3uwoq-6g3ya-1,3,364,0.024957
e5-counters-rdma-qps4,timed-4GiB,4294967296,3,gpu-3uwoq-6g3ya-1,3,365,0.024906
e5-counters-rdma-qps4,timed-4GiB,4294967296,3,gpu-3uwoq-6g3ya-1,3,366,0.024914
e5-counters-rdma-qps4,timed-4GiB,4294967296,3,gpu-3uwoq-6g3ya-1,3,367,0.024721
e5-counters-rdma-qps4,timed-4GiB,4294967296,3,gpu-3uwoq-6g3ya-1,3,368,0.024708
e5-counters-rdma-qps4,timed-4GiB,4294967296,3,gpu-3uwoq-6g3ya-1,3,369,0.024796
e5-counters-rdma-qps4,timed-4GiB,4294967296,3,gpu-3uwoq-6g3ya-1,3,370,0.024873
e5-counters-rdma-qps4,timed-4GiB,4294967296,3,gpu-3uwoq-6g3ya-1,3,371,0.024839
e5-counters-rdma-qps4,timed-4GiB,4294967296,3,gpu-3uwoq-6g3ya-1,3,372,0.024756
e5-counters-rdma-qps4,timed-4GiB,4294967296,3,gpu-3uwoq-6g3ya-1,3,373,0.024661
e5-counters-rdma-qps4,timed-4GiB,4294967296,3,gpu-3uwoq-6g3ya-1,3,374,0.024770
e5-counters-rdma-qps4,timed-4GiB,4294967296,3,gpu-3uwoq-6g3ya-1,3,375,0.024626
e5-counters-rdma-qps4,timed-4GiB,4294967296,3,gpu-3uwoq-6g3ya-1,3,376,0.024718
e5-counters-rdma-qps4,timed-4GiB,4294967296,3,gpu-3uwoq-6g3ya-1,3,377,0.024585
e5-counters-rdma-qps4,timed-4GiB,4294967296,3,gpu-3uwoq-6g3ya-1,3,378,0.024662
e5-counters-rdma-qps4,timed-4GiB,4294967296,3,gpu-3uwoq-6g3ya-1,3,379,0.025566
e5-counters-rdma-qps4,timed-4GiB,4294967296,3,gpu-3uwoq-6g3ya-1,3,380,0.025168
e5-counters-rdma-qps4,timed-4GiB,4294967296,3,gpu-3uwoq-6g3ya-1,3,381,0.024908
e5-counters-rdma-qps4,timed-4GiB,4294967296,3,gpu-3uwoq-6g3ya-1,3,382,0.024840
e5-counters-rdma-qps4,timed-4GiB,4294967296,3,gpu-3uwoq-6g3ya-1,3,383,0.024636
e5-counters-rdma-qps4,timed-4GiB,4294967296,3,gpu-3uwoq-6g3ya-1,3,384,0.024779
e5-counters-rdma-qps4,timed-4GiB,4294967296,3,gpu-3uwoq-6g3ya-1,3,385,0.025136
e5-counters-rdma-qps4,timed-4GiB,4294967296,3,gpu-3uwoq-6g3ya-1,3,386,0.025333
e5-counters-rdma-qps4,timed-4GiB,4294967296,3,gpu-3uwoq-6g3ya-1,3,387,0.024968
e5-counters-rdma-qps4,timed-4GiB,4294967296,3,gpu-3uwoq-6g3ya-1,3,388,0.024898
e5-counters-rdma-qps4,timed-4GiB,4294967296,3,gpu-3uwoq-6g3ya-1,3,389,0.024888
e5-counters-rdma-qps4,timed-4GiB,4294967296,3,gpu-3uwoq-6g3ya-1,3,390,0.024975
e5-counters-rdma-qps4,timed-4GiB,4294967296,3,gpu-3uwoq-6g3ya-1,3,391,0.024696
e5-counters-rdma-qps4,timed-4GiB,4294967296,3,gpu-3uwoq-6g3ya-1,3,392,0.024716
e5-counters-rdma-qps4,timed-4GiB,4294967296,3,gpu-3uwoq-6g3ya-1,3,393,0.024517
e5-counters-rdma-qps4,timed-4GiB,4294967296,3,gpu-3uwoq-6g3ya-1,3,394,0.024577
e5-counters-rdma-qps4,timed-4GiB,4294967296,3,gpu-3uwoq-6g3ya-1,3,395,0.024858
e5-counters-rdma-qps4,timed-4GiB,4294967296,3,gpu-3uwoq-6g3ya-1,3,396,0.024927
e5-counters-rdma-qps4,timed-4GiB,4294967296,3,gpu-3uwoq-6g3ya-1,3,397,0.024975
e5-counters-rdma-qps4,timed-4GiB,4294967296,3,gpu-3uwoq-6g3ya-1,3,398,0.024880
e5-counters-rdma-qps4,timed-4GiB,4294967296,3,gpu-3uwoq-6g3ya-1,3,399,0.024894
e5-counters-rdma-qps4,timed-4GiB,4294967296,4,gpu-3uwoq-6g3ya-2,0,0,0.057049
e5-counters-rdma-qps4,timed-4GiB,4294967296,4,gpu-3uwoq-6g3ya-2,0,1,0.030335
e5-counters-rdma-qps4,timed-4GiB,4294967296,4,gpu-3uwoq-6g3ya-2,0,2,0.026819
e5-counters-rdma-qps4,timed-4GiB,4294967296,4,gpu-3uwoq-6g3ya-2,0,3,0.025287
e5-counters-rdma-qps4,timed-4GiB,4294967296,4,gpu-3uwoq-6g3ya-2,0,4,0.025082
e5-counters-rdma-qps4,timed-4GiB,4294967296,4,gpu-3uwoq-6g3ya-2,0,5,0.024895
e5-counters-rdma-qps4,timed-4GiB,4294967296,4,gpu-3uwoq-6g3ya-2,0,6,0.024969
e5-counters-rdma-qps4,timed-4GiB,4294967296,4,gpu-3uwoq-6g3ya-2,0,7,0.024884
e5-counters-rdma-qps4,timed-4GiB,4294967296,4,gpu-3uwoq-6g3ya-2,0,8,0.025032
e5-counters-rdma-qps4,timed-4GiB,4294967296,4,gpu-3uwoq-6g3ya-2,0,9,0.024863
e5-counters-rdma-qps4,timed-4GiB,4294967296,4,gpu-3uwoq-6g3ya-2,0,10,0.024923
e5-counters-rdma-qps4,timed-4GiB,4294967296,4,gpu-3uwoq-6g3ya-2,0,11,0.024832
e5-counters-rdma-qps4,timed-4GiB,4294967296,4,gpu-3uwoq-6g3ya-2,0,12,0.024601
e5-counters-rdma-qps4,timed-4GiB,4294967296,4,gpu-3uwoq-6g3ya-2,0,13,0.024590
e5-counters-rdma-qps4,timed-4GiB,4294967296,4,gpu-3uwoq-6g3ya-2,0,14,0.024775
e5-counters-rdma-qps4,timed-4GiB,4294967296,4,gpu-3uwoq-6g3ya-2,0,15,0.024787
e5-counters-rdma-qps4,timed-4GiB,4294967296,4,gpu-3uwoq-6g3ya-2,0,16,0.025269
e5-counters-rdma-qps4,timed-4GiB,4294967296,4,gpu-3uwoq-6g3ya-2,0,17,0.025334
e5-counters-rdma-qps4,timed-4GiB,4294967296,4,gpu-3uwoq-6g3ya-2,0,18,0.025195
e5-counters-rdma-qps4,timed-4GiB,4294967296,4,gpu-3uwoq-6g3ya-2,0,19,0.024976
e5-counters-rdma-qps4,timed-4GiB,4294967296,4,gpu-3uwoq-6g3ya-2,0,20,0.024811
e5-counters-rdma-qps4,timed-4GiB,4294967296,4,gpu-3uwoq-6g3ya-2,0,21,0.024848
e5-counters-rdma-qps4,timed-4GiB,4294967296,4,gpu-3uwoq-6g3ya-2,0,22,0.024894
e5-counters-rdma-qps4,timed-4GiB,4294967296,4,gpu-3uwoq-6g3ya-2,0,23,0.024628
e5-counters-rdma-qps4,timed-4GiB,4294967296,4,gpu-3uwoq-6g3ya-2,0,24,0.024698
e5-counters-rdma-qps4,timed-4GiB,4294967296,4,gpu-3uwoq-6g3ya-2,0,25,0.024754
e5-counters-rdma-qps4,timed-4GiB,4294967296,4,gpu-3uwoq-6g3ya-2,0,26,0.024557
e5-counters-rdma-qps4,timed-4GiB,4294967296,4,gpu-3uwoq-6g3ya-2,0,27,0.024555
e5-counters-rdma-qps4,timed-4GiB,4294967296,4,gpu-3uwoq-6g3ya-2,0,28,0.024561
e5-counters-rdma-qps4,timed-4GiB,4294967296,4,gpu-3uwoq-6g3ya-2,0,29,0.024500
e5-counters-rdma-qps4,timed-4GiB,4294967296,4,gpu-3uwoq-6g3ya-2,0,30,0.024543
e5-counters-rdma-qps4,timed-4GiB,4294967296,4,gpu-3uwoq-6g3ya-2,0,31,0.024717
e5-counters-rdma-qps4,timed-4GiB,4294967296,4,gpu-3uwoq-6g3ya-2,0,32,0.024571
e5-counters-rdma-qps4,timed-4GiB,4294967296,4,gpu-3uwoq-6g3ya-2,0,33,0.024480
e5-counters-rdma-qps4,timed-4GiB,4294967296,4,gpu-3uwoq-6g3ya-2,0,34,0.024555
e5-counters-rdma-qps4,timed-4GiB,4294967296,4,gpu-3uwoq-6g3ya-2,0,35,0.024373
e5-counters-rdma-qps4,timed-4GiB,4294967296,4,gpu-3uwoq-6g3ya-2,0,36,0.024483
e5-counters-rdma-qps4,timed-4GiB,4294967296,4,gpu-3uwoq-6g3ya-2,0,37,0.024522
e5-counters-rdma-qps4,timed-4GiB,4294967296,4,gpu-3uwoq-6g3ya-2,0,38,0.024448
e5-counters-rdma-qps4,timed-4GiB,4294967296,4,gpu-3uwoq-6g3ya-2,0,39,0.024478
e5-counters-rdma-qps4,timed-4GiB,4294967296,4,gpu-3uwoq-6g3ya-2,0,40,0.024556
e5-counters-rdma-qps4,timed-4GiB,4294967296,4,gpu-3uwoq-6g3ya-2,0,41,0.024486
e5-counters-rdma-qps4,timed-4GiB,4294967296,4,gpu-3uwoq-6g3ya-2,0,42,0.024448
e5-counters-rdma-qps4,timed-4GiB,4294967296,4,gpu-3uwoq-6g3ya-2,0,43,0.024589
e5-counters-rdma-qps4,timed-4GiB,4294967296,4,gpu-3uwoq-6g3ya-2,0,44,0.024657
e5-counters-rdma-qps4,timed-4GiB,4294967296,4,gpu-3uwoq-6g3ya-2,0,45,0.024576
e5-counters-rdma-qps4,timed-4GiB,4294967296,4,gpu-3uwoq-6g3ya-2,0,46,0.024599
e5-counters-rdma-qps4,timed-4GiB,4294967296,4,gpu-3uwoq-6g3ya-2,0,47,0.024513
e5-counters-rdma-qps4,timed-4GiB,4294967296,4,gpu-3uwoq-6g3ya-2,0,48,0.024559
e5-counters-rdma-qps4,timed-4GiB,4294967296,4,gpu-3uwoq-6g3ya-2,0,49,0.024845
e5-counters-rdma-qps4,timed-4GiB,4294967296,4,gpu-3uwoq-6g3ya-2,0,50,0.024657
e5-counters-rdma-qps4,timed-4GiB,4294967296,4,gpu-3uwoq-6g3ya-2,0,51,0.024871
e5-counters-rdma-qps4,timed-4GiB,4294967296,4,gpu-3uwoq-6g3ya-2,0,52,0.024633
e5-counters-rdma-qps4,timed-4GiB,4294967296,4,gpu-3uwoq-6g3ya-2,0,53,0.024575
e5-counters-rdma-qps4,timed-4GiB,4294967296,4,gpu-3uwoq-6g3ya-2,0,54,0.024553
e5-counters-rdma-qps4,timed-4GiB,4294967296,4,gpu-3uwoq-6g3ya-2,0,55,0.024586
e5-counters-rdma-qps4,timed-4GiB,4294967296,4,gpu-3uwoq-6g3ya-2,0,56,0.024647
e5-counters-rdma-qps4,timed-4GiB,4294967296,4,gpu-3uwoq-6g3ya-2,0,57,0.025571
e5-counters-rdma-qps4,timed-4GiB,4294967296,4,gpu-3uwoq-6g3ya-2,0,58,0.025401
e5-counters-rdma-qps4,timed-4GiB,4294967296,4,gpu-3uwoq-6g3ya-2,0,59,0.024980
e5-counters-rdma-qps4,timed-4GiB,4294967296,4,gpu-3uwoq-6g3ya-2,0,60,0.024714
e5-counters-rdma-qps4,timed-4GiB,4294967296,4,gpu-3uwoq-6g3ya-2,0,61,0.024880
e5-counters-rdma-qps4,timed-4GiB,4294967296,4,gpu-3uwoq-6g3ya-2,0,62,0.024753
e5-counters-rdma-qps4,timed-4GiB,4294967296,4,gpu-3uwoq-6g3ya-2,0,63,0.024877
e5-counters-rdma-qps4,timed-4GiB,4294967296,4,gpu-3uwoq-6g3ya-2,0,64,0.024808
e5-counters-rdma-qps4,timed-4GiB,4294967296,4,gpu-3uwoq-6g3ya-2,0,65,0.024656
e5-counters-rdma-qps4,timed-4GiB,4294967296,4,gpu-3uwoq-6g3ya-2,0,66,0.024737
e5-counters-rdma-qps4,timed-4GiB,4294967296,4,gpu-3uwoq-6g3ya-2,0,67,0.024656
e5-counters-rdma-qps4,timed-4GiB,4294967296,4,gpu-3uwoq-6g3ya-2,0,68,0.024654
e5-counters-rdma-qps4,timed-4GiB,4294967296,4,gpu-3uwoq-6g3ya-2,0,69,0.024648
e5-counters-rdma-qps4,timed-4GiB,4294967296,4,gpu-3uwoq-6g3ya-2,0,70,0.024757
e5-counters-rdma-qps4,timed-4GiB,4294967296,4,gpu-3uwoq-6g3ya-2,0,71,0.024704
e5-counters-rdma-qps4,timed-4GiB,4294967296,4,gpu-3uwoq-6g3ya-2,0,72,0.024647
e5-counters-rdma-qps4,timed-4GiB,4294967296,4,gpu-3uwoq-6g3ya-2,0,73,0.024738
e5-counters-rdma-qps4,timed-4GiB,4294967296,4,gpu-3uwoq-6g3ya-2,0,74,0.024669
e5-counters-rdma-qps4,timed-4GiB,4294967296,4,gpu-3uwoq-6g3ya-2,0,75,0.024629
e5-counters-rdma-qps4,timed-4GiB,4294967296,4,gpu-3uwoq-6g3ya-2,0,76,0.024609
e5-counters-rdma-qps4,timed-4GiB,4294967296,4,gpu-3uwoq-6g3ya-2,0,77,0.024699
e5-counters-rdma-qps4,timed-4GiB,4294967296,4,gpu-3uwoq-6g3ya-2,0,78,0.024655
e5-counters-rdma-qps4,timed-4GiB,4294967296,4,gpu-3uwoq-6g3ya-2,0,79,0.024595
e5-counters-rdma-qps4,timed-4GiB,4294967296,4,gpu-3uwoq-6g3ya-2,0,80,0.024529
e5-counters-rdma-qps4,timed-4GiB,4294967296,4,gpu-3uwoq-6g3ya-2,0,81,0.025113
e5-counters-rdma-qps4,timed-4GiB,4294967296,4,gpu-3uwoq-6g3ya-2,0,82,0.025335
e5-counters-rdma-qps4,timed-4GiB,4294967296,4,gpu-3uwoq-6g3ya-2,0,83,0.024683
e5-counters-rdma-qps4,timed-4GiB,4294967296,4,gpu-3uwoq-6g3ya-2,0,84,0.024719
e5-counters-rdma-qps4,timed-4GiB,4294967296,4,gpu-3uwoq-6g3ya-2,0,85,0.024701
e5-counters-rdma-qps4,timed-4GiB,4294967296,4,gpu-3uwoq-6g3ya-2,0,86,0.024819
e5-counters-rdma-qps4,timed-4GiB,4294967296,4,gpu-3uwoq-6g3ya-2,0,87,0.024489
e5-counters-rdma-qps4,timed-4GiB,4294967296,4,gpu-3uwoq-6g3ya-2,0,88,0.024589
e5-counters-rdma-qps4,timed-4GiB,4294967296,4,gpu-3uwoq-6g3ya-2,0,89,0.024758
e5-counters-rdma-qps4,timed-4GiB,4294967296,4,gpu-3uwoq-6g3ya-2,0,90,0.024667
e5-counters-rdma-qps4,timed-4GiB,4294967296,4,gpu-3uwoq-6g3ya-2,0,91,0.024622
e5-counters-rdma-qps4,timed-4GiB,4294967296,4,gpu-3uwoq-6g3ya-2,0,92,0.024551
e5-counters-rdma-qps4,timed-4GiB,4294967296,4,gpu-3uwoq-6g3ya-2,0,93,0.024599
e5-counters-rdma-qps4,timed-4GiB,4294967296,4,gpu-3uwoq-6g3ya-2,0,94,0.024547
e5-counters-rdma-qps4,timed-4GiB,4294967296,4,gpu-3uwoq-6g3ya-2,0,95,0.024570
e5-counters-rdma-qps4,timed-4GiB,4294967296,4,gpu-3uwoq-6g3ya-2,0,96,0.024704
e5-counters-rdma-qps4,timed-4GiB,4294967296,4,gpu-3uwoq-6g3ya-2,0,97,0.025232
e5-counters-rdma-qps4,timed-4GiB,4294967296,4,gpu-3uwoq-6g3ya-2,0,98,0.025351
e5-counters-rdma-qps4,timed-4GiB,4294967296,4,gpu-3uwoq-6g3ya-2,0,99,0.025295
e5-counters-rdma-qps4,timed-4GiB,4294967296,4,gpu-3uwoq-6g3ya-2,0,100,0.024739
e5-counters-rdma-qps4,timed-4GiB,4294967296,4,gpu-3uwoq-6g3ya-2,0,101,0.024808
e5-counters-rdma-qps4,timed-4GiB,4294967296,4,gpu-3uwoq-6g3ya-2,0,102,0.024771
e5-counters-rdma-qps4,timed-4GiB,4294967296,4,gpu-3uwoq-6g3ya-2,0,103,0.024875
e5-counters-rdma-qps4,timed-4GiB,4294967296,4,gpu-3uwoq-6g3ya-2,0,104,0.024853
e5-counters-rdma-qps4,timed-4GiB,4294967296,4,gpu-3uwoq-6g3ya-2,0,105,0.025099
e5-counters-rdma-qps4,timed-4GiB,4294967296,4,gpu-3uwoq-6g3ya-2,0,106,0.025038
e5-counters-rdma-qps4,timed-4GiB,4294967296,4,gpu-3uwoq-6g3ya-2,0,107,0.024844
e5-counters-rdma-qps4,timed-4GiB,4294967296,4,gpu-3uwoq-6g3ya-2,0,108,0.024909
e5-counters-rdma-qps4,timed-4GiB,4294967296,4,gpu-3uwoq-6g3ya-2,0,109,0.024910
e5-counters-rdma-qps4,timed-4GiB,4294967296,4,gpu-3uwoq-6g3ya-2,0,110,0.024823
e5-counters-rdma-qps4,timed-4GiB,4294967296,4,gpu-3uwoq-6g3ya-2,0,111,0.024932
e5-counters-rdma-qps4,timed-4GiB,4294967296,4,gpu-3uwoq-6g3ya-2,0,112,0.024737
e5-counters-rdma-qps4,timed-4GiB,4294967296,4,gpu-3uwoq-6g3ya-2,0,113,0.024722
e5-counters-rdma-qps4,timed-4GiB,4294967296,4,gpu-3uwoq-6g3ya-2,0,114,0.024643
e5-counters-rdma-qps4,timed-4GiB,4294967296,4,gpu-3uwoq-6g3ya-2,0,115,0.024674
e5-counters-rdma-qps4,timed-4GiB,4294967296,4,gpu-3uwoq-6g3ya-2,0,116,0.024829
e5-counters-rdma-qps4,timed-4GiB,4294967296,4,gpu-3uwoq-6g3ya-2,0,117,0.024819
e5-counters-rdma-qps4,timed-4GiB,4294967296,4,gpu-3uwoq-6g3ya-2,0,118,0.024749
e5-counters-rdma-qps4,timed-4GiB,4294967296,4,gpu-3uwoq-6g3ya-2,0,119,0.024728
e5-counters-rdma-qps4,timed-4GiB,4294967296,4,gpu-3uwoq-6g3ya-2,0,120,0.024741
e5-counters-rdma-qps4,timed-4GiB,4294967296,4,gpu-3uwoq-6g3ya-2,0,121,0.024683
e5-counters-rdma-qps4,timed-4GiB,4294967296,4,gpu-3uwoq-6g3ya-2,0,122,0.024597
e5-counters-rdma-qps4,timed-4GiB,4294967296,4,gpu-3uwoq-6g3ya-2,0,123,0.024756
e5-counters-rdma-qps4,timed-4GiB,4294967296,4,gpu-3uwoq-6g3ya-2,0,124,0.024624
e5-counters-rdma-qps4,timed-4GiB,4294967296,4,gpu-3uwoq-6g3ya-2,0,125,0.024674
e5-counters-rdma-qps4,timed-4GiB,4294967296,4,gpu-3uwoq-6g3ya-2,0,126,0.024814
e5-counters-rdma-qps4,timed-4GiB,4294967296,4,gpu-3uwoq-6g3ya-2,0,127,0.024646
e5-counters-rdma-qps4,timed-4GiB,4294967296,4,gpu-3uwoq-6g3ya-2,0,128,0.024594
e5-counters-rdma-qps4,timed-4GiB,4294967296,4,gpu-3uwoq-6g3ya-2,0,129,0.024793
e5-counters-rdma-qps4,timed-4GiB,4294967296,4,gpu-3uwoq-6g3ya-2,0,130,0.024782
e5-counters-rdma-qps4,timed-4GiB,4294967296,4,gpu-3uwoq-6g3ya-2,0,131,0.024640
e5-counters-rdma-qps4,timed-4GiB,4294967296,4,gpu-3uwoq-6g3ya-2,0,132,0.024547
e5-counters-rdma-qps4,timed-4GiB,4294967296,4,gpu-3uwoq-6g3ya-2,0,133,0.024663
e5-counters-rdma-qps4,timed-4GiB,4294967296,4,gpu-3uwoq-6g3ya-2,0,134,0.024491
e5-counters-rdma-qps4,timed-4GiB,4294967296,4,gpu-3uwoq-6g3ya-2,0,135,0.024775
e5-counters-rdma-qps4,timed-4GiB,4294967296,4,gpu-3uwoq-6g3ya-2,0,136,0.024694
e5-counters-rdma-qps4,timed-4GiB,4294967296,4,gpu-3uwoq-6g3ya-2,0,137,0.024990
e5-counters-rdma-qps4,timed-4GiB,4294967296,4,gpu-3uwoq-6g3ya-2,0,138,0.026191
e5-counters-rdma-qps4,timed-4GiB,4294967296,4,gpu-3uwoq-6g3ya-2,0,139,0.025680
e5-counters-rdma-qps4,timed-4GiB,4294967296,4,gpu-3uwoq-6g3ya-2,0,140,0.025326
e5-counters-rdma-qps4,timed-4GiB,4294967296,4,gpu-3uwoq-6g3ya-2,0,141,0.025072
e5-counters-rdma-qps4,timed-4GiB,4294967296,4,gpu-3uwoq-6g3ya-2,0,142,0.025059
e5-counters-rdma-qps4,timed-4GiB,4294967296,4,gpu-3uwoq-6g3ya-2,0,143,0.024830
e5-counters-rdma-qps4,timed-4GiB,4294967296,4,gpu-3uwoq-6g3ya-2,0,144,0.024968
e5-counters-rdma-qps4,timed-4GiB,4294967296,4,gpu-3uwoq-6g3ya-2,0,145,0.025011
e5-counters-rdma-qps4,timed-4GiB,4294967296,4,gpu-3uwoq-6g3ya-2,0,146,0.024880
e5-counters-rdma-qps4,timed-4GiB,4294967296,4,gpu-3uwoq-6g3ya-2,0,147,0.024839
e5-counters-rdma-qps4,timed-4GiB,4294967296,4,gpu-3uwoq-6g3ya-2,0,148,0.024888
e5-counters-rdma-qps4,timed-4GiB,4294967296,4,gpu-3uwoq-6g3ya-2,0,149,0.024848
e5-counters-rdma-qps4,timed-4GiB,4294967296,4,gpu-3uwoq-6g3ya-2,0,150,0.024749
e5-counters-rdma-qps4,timed-4GiB,4294967296,4,gpu-3uwoq-6g3ya-2,0,151,0.024775
e5-counters-rdma-qps4,timed-4GiB,4294967296,4,gpu-3uwoq-6g3ya-2,0,152,0.024835
e5-counters-rdma-qps4,timed-4GiB,4294967296,4,gpu-3uwoq-6g3ya-2,0,153,0.024873
e5-counters-rdma-qps4,timed-4GiB,4294967296,4,gpu-3uwoq-6g3ya-2,0,154,0.024777
e5-counters-rdma-qps4,timed-4GiB,4294967296,4,gpu-3uwoq-6g3ya-2,0,155,0.024838
e5-counters-rdma-qps4,timed-4GiB,4294967296,4,gpu-3uwoq-6g3ya-2,0,156,0.024823
e5-counters-rdma-qps4,timed-4GiB,4294967296,4,gpu-3uwoq-6g3ya-2,0,157,0.024914
e5-counters-rdma-qps4,timed-4GiB,4294967296,4,gpu-3uwoq-6g3ya-2,0,158,0.024792
e5-counters-rdma-qps4,timed-4GiB,4294967296,4,gpu-3uwoq-6g3ya-2,0,159,0.024943
e5-counters-rdma-qps4,timed-4GiB,4294967296,4,gpu-3uwoq-6g3ya-2,0,160,0.024909
e5-counters-rdma-qps4,timed-4GiB,4294967296,4,gpu-3uwoq-6g3ya-2,0,161,0.024591
e5-counters-rdma-qps4,timed-4GiB,4294967296,4,gpu-3uwoq-6g3ya-2,0,162,0.024729
e5-counters-rdma-qps4,timed-4GiB,4294967296,4,gpu-3uwoq-6g3ya-2,0,163,0.024581
e5-counters-rdma-qps4,timed-4GiB,4294967296,4,gpu-3uwoq-6g3ya-2,0,164,0.024591
e5-counters-rdma-qps4,timed-4GiB,4294967296,4,gpu-3uwoq-6g3ya-2,0,165,0.024690
e5-counters-rdma-qps4,timed-4GiB,4294967296,4,gpu-3uwoq-6g3ya-2,0,166,0.024628
e5-counters-rdma-qps4,timed-4GiB,4294967296,4,gpu-3uwoq-6g3ya-2,0,167,0.024562
e5-counters-rdma-qps4,timed-4GiB,4294967296,4,gpu-3uwoq-6g3ya-2,0,168,0.024653
e5-counters-rdma-qps4,timed-4GiB,4294967296,4,gpu-3uwoq-6g3ya-2,0,169,0.024591
e5-counters-rdma-qps4,timed-4GiB,4294967296,4,gpu-3uwoq-6g3ya-2,0,170,0.025095
e5-counters-rdma-qps4,timed-4GiB,4294967296,4,gpu-3uwoq-6g3ya-2,0,171,0.024853
e5-counters-rdma-qps4,timed-4GiB,4294967296,4,gpu-3uwoq-6g3ya-2,0,172,0.024644
e5-counters-rdma-qps4,timed-4GiB,4294967296,4,gpu-3uwoq-6g3ya-2,0,173,0.024613
e5-counters-rdma-qps4,timed-4GiB,4294967296,4,gpu-3uwoq-6g3ya-2,0,174,0.024578
e5-counters-rdma-qps4,timed-4GiB,4294967296,4,gpu-3uwoq-6g3ya-2,0,175,0.024570
e5-counters-rdma-qps4,timed-4GiB,4294967296,4,gpu-3uwoq-6g3ya-2,0,176,0.024582
e5-counters-rdma-qps4,timed-4GiB,4294967296,4,gpu-3uwoq-6g3ya-2,0,177,0.024759
e5-counters-rdma-qps4,timed-4GiB,4294967296,4,gpu-3uwoq-6g3ya-2,0,178,0.025483
e5-counters-rdma-qps4,timed-4GiB,4294967296,4,gpu-3uwoq-6g3ya-2,0,179,0.025531
e5-counters-rdma-qps4,timed-4GiB,4294967296,4,gpu-3uwoq-6g3ya-2,0,180,0.025035
e5-counters-rdma-qps4,timed-4GiB,4294967296,4,gpu-3uwoq-6g3ya-2,0,181,0.024796
e5-counters-rdma-qps4,timed-4GiB,4294967296,4,gpu-3uwoq-6g3ya-2,0,182,0.024777
e5-counters-rdma-qps4,timed-4GiB,4294967296,4,gpu-3uwoq-6g3ya-2,0,183,0.024779
e5-counters-rdma-qps4,timed-4GiB,4294967296,4,gpu-3uwoq-6g3ya-2,0,184,0.024687
e5-counters-rdma-qps4,timed-4GiB,4294967296,4,gpu-3uwoq-6g3ya-2,0,185,0.024650
e5-counters-rdma-qps4,timed-4GiB,4294967296,4,gpu-3uwoq-6g3ya-2,0,186,0.024672
e5-counters-rdma-qps4,timed-4GiB,4294967296,4,gpu-3uwoq-6g3ya-2,0,187,0.024619
e5-counters-rdma-qps4,timed-4GiB,4294967296,4,gpu-3uwoq-6g3ya-2,0,188,0.024591
e5-counters-rdma-qps4,timed-4GiB,4294967296,4,gpu-3uwoq-6g3ya-2,0,189,0.024665
e5-counters-rdma-qps4,timed-4GiB,4294967296,4,gpu-3uwoq-6g3ya-2,0,190,0.024676
e5-counters-rdma-qps4,timed-4GiB,4294967296,4,gpu-3uwoq-6g3ya-2,0,191,0.024609
e5-counters-rdma-qps4,timed-4GiB,4294967296,4,gpu-3uwoq-6g3ya-2,0,192,0.024790
e5-counters-rdma-qps4,timed-4GiB,4294967296,4,gpu-3uwoq-6g3ya-2,0,193,0.024521
e5-counters-rdma-qps4,timed-4GiB,4294967296,4,gpu-3uwoq-6g3ya-2,0,194,0.024668
e5-counters-rdma-qps4,timed-4GiB,4294967296,4,gpu-3uwoq-6g3ya-2,0,195,0.024619
e5-counters-rdma-qps4,timed-4GiB,4294967296,4,gpu-3uwoq-6g3ya-2,0,196,0.024602
e5-counters-rdma-qps4,timed-4GiB,4294967296,4,gpu-3uwoq-6g3ya-2,0,197,0.024632
e5-counters-rdma-qps4,timed-4GiB,4294967296,4,gpu-3uwoq-6g3ya-2,0,198,0.024641
e5-counters-rdma-qps4,timed-4GiB,4294967296,4,gpu-3uwoq-6g3ya-2,0,199,0.024718
e5-counters-rdma-qps4,timed-4GiB,4294967296,4,gpu-3uwoq-6g3ya-2,0,200,0.024562
e5-counters-rdma-qps4,timed-4GiB,4294967296,4,gpu-3uwoq-6g3ya-2,0,201,0.024652
e5-counters-rdma-qps4,timed-4GiB,4294967296,4,gpu-3uwoq-6g3ya-2,0,202,0.024687
e5-counters-rdma-qps4,timed-4GiB,4294967296,4,gpu-3uwoq-6g3ya-2,0,203,0.024656
e5-counters-rdma-qps4,timed-4GiB,4294967296,4,gpu-3uwoq-6g3ya-2,0,204,0.024628
e5-counters-rdma-qps4,timed-4GiB,4294967296,4,gpu-3uwoq-6g3ya-2,0,205,0.024505
e5-counters-rdma-qps4,timed-4GiB,4294967296,4,gpu-3uwoq-6g3ya-2,0,206,0.024529
e5-counters-rdma-qps4,timed-4GiB,4294967296,4,gpu-3uwoq-6g3ya-2,0,207,0.024742
e5-counters-rdma-qps4,timed-4GiB,4294967296,4,gpu-3uwoq-6g3ya-2,0,208,0.025515
e5-counters-rdma-qps4,timed-4GiB,4294967296,4,gpu-3uwoq-6g3ya-2,0,209,0.025646
e5-counters-rdma-qps4,timed-4GiB,4294967296,4,gpu-3uwoq-6g3ya-2,0,210,0.025226
e5-counters-rdma-qps4,timed-4GiB,4294967296,4,gpu-3uwoq-6g3ya-2,0,211,0.025266
e5-counters-rdma-qps4,timed-4GiB,4294967296,4,gpu-3uwoq-6g3ya-2,0,212,0.025081
e5-counters-rdma-qps4,timed-4GiB,4294967296,4,gpu-3uwoq-6g3ya-2,0,213,0.024998
e5-counters-rdma-qps4,timed-4GiB,4294967296,4,gpu-3uwoq-6g3ya-2,0,214,0.024784
e5-counters-rdma-qps4,timed-4GiB,4294967296,4,gpu-3uwoq-6g3ya-2,0,215,0.024763
e5-counters-rdma-qps4,timed-4GiB,4294967296,4,gpu-3uwoq-6g3ya-2,0,216,0.024749
e5-counters-rdma-qps4,timed-4GiB,4294967296,4,gpu-3uwoq-6g3ya-2,0,217,0.025197
e5-counters-rdma-qps4,timed-4GiB,4294967296,4,gpu-3uwoq-6g3ya-2,0,218,0.026183
e5-counters-rdma-qps4,timed-4GiB,4294967296,4,gpu-3uwoq-6g3ya-2,0,219,0.025639
e5-counters-rdma-qps4,timed-4GiB,4294967296,4,gpu-3uwoq-6g3ya-2,0,220,0.025518
e5-counters-rdma-qps4,timed-4GiB,4294967296,4,gpu-3uwoq-6g3ya-2,0,221,0.025528
e5-counters-rdma-qps4,timed-4GiB,4294967296,4,gpu-3uwoq-6g3ya-2,0,222,0.025525
e5-counters-rdma-qps4,timed-4GiB,4294967296,4,gpu-3uwoq-6g3ya-2,0,223,0.025170
e5-counters-rdma-qps4,timed-4GiB,4294967296,4,gpu-3uwoq-6g3ya-2,0,224,0.025301
e5-counters-rdma-qps4,timed-4GiB,4294967296,4,gpu-3uwoq-6g3ya-2,0,225,0.025161
e5-counters-rdma-qps4,timed-4GiB,4294967296,4,gpu-3uwoq-6g3ya-2,0,226,0.025026
e5-counters-rdma-qps4,timed-4GiB,4294967296,4,gpu-3uwoq-6g3ya-2,0,227,0.024988
e5-counters-rdma-qps4,timed-4GiB,4294967296,4,gpu-3uwoq-6g3ya-2,0,228,0.024766
e5-counters-rdma-qps4,timed-4GiB,4294967296,4,gpu-3uwoq-6g3ya-2,0,229,0.024774
e5-counters-rdma-qps4,timed-4GiB,4294967296,4,gpu-3uwoq-6g3ya-2,0,230,0.024700
e5-counters-rdma-qps4,timed-4GiB,4294967296,4,gpu-3uwoq-6g3ya-2,0,231,0.025090
e5-counters-rdma-qps4,timed-4GiB,4294967296,4,gpu-3uwoq-6g3ya-2,0,232,0.025216
e5-counters-rdma-qps4,timed-4GiB,4294967296,4,gpu-3uwoq-6g3ya-2,0,233,0.025099
e5-counters-rdma-qps4,timed-4GiB,4294967296,4,gpu-3uwoq-6g3ya-2,0,234,0.025024
e5-counters-rdma-qps4,timed-4GiB,4294967296,4,gpu-3uwoq-6g3ya-2,0,235,0.025031
e5-counters-rdma-qps4,timed-4GiB,4294967296,4,gpu-3uwoq-6g3ya-2,0,236,0.025054
e5-counters-rdma-qps4,timed-4GiB,4294967296,4,gpu-3uwoq-6g3ya-2,0,237,0.025057
e5-counters-rdma-qps4,timed-4GiB,4294967296,4,gpu-3uwoq-6g3ya-2,0,238,0.024921
e5-counters-rdma-qps4,timed-4GiB,4294967296,4,gpu-3uwoq-6g3ya-2,0,239,0.024771
e5-counters-rdma-qps4,timed-4GiB,4294967296,4,gpu-3uwoq-6g3ya-2,0,240,0.024773
e5-counters-rdma-qps4,timed-4GiB,4294967296,4,gpu-3uwoq-6g3ya-2,0,241,0.024771
e5-counters-rdma-qps4,timed-4GiB,4294967296,4,gpu-3uwoq-6g3ya-2,0,242,0.025198
e5-counters-rdma-qps4,timed-4GiB,4294967296,4,gpu-3uwoq-6g3ya-2,0,243,0.025176
e5-counters-rdma-qps4,timed-4GiB,4294967296,4,gpu-3uwoq-6g3ya-2,0,244,0.024895
e5-counters-rdma-qps4,timed-4GiB,4294967296,4,gpu-3uwoq-6g3ya-2,0,245,0.024890
e5-counters-rdma-qps4,timed-4GiB,4294967296,4,gpu-3uwoq-6g3ya-2,0,246,0.024867
e5-counters-rdma-qps4,timed-4GiB,4294967296,4,gpu-3uwoq-6g3ya-2,0,247,0.024989
e5-counters-rdma-qps4,timed-4GiB,4294967296,4,gpu-3uwoq-6g3ya-2,0,248,0.024865
e5-counters-rdma-qps4,timed-4GiB,4294967296,4,gpu-3uwoq-6g3ya-2,0,249,0.024710
e5-counters-rdma-qps4,timed-4GiB,4294967296,4,gpu-3uwoq-6g3ya-2,0,250,0.025081
e5-counters-rdma-qps4,timed-4GiB,4294967296,4,gpu-3uwoq-6g3ya-2,0,251,0.024718
e5-counters-rdma-qps4,timed-4GiB,4294967296,4,gpu-3uwoq-6g3ya-2,0,252,0.024802
e5-counters-rdma-qps4,timed-4GiB,4294967296,4,gpu-3uwoq-6g3ya-2,0,253,0.024724
e5-counters-rdma-qps4,timed-4GiB,4294967296,4,gpu-3uwoq-6g3ya-2,0,254,0.024646
e5-counters-rdma-qps4,timed-4GiB,4294967296,4,gpu-3uwoq-6g3ya-2,0,255,0.024806
e5-counters-rdma-qps4,timed-4GiB,4294967296,4,gpu-3uwoq-6g3ya-2,0,256,0.024659
e5-counters-rdma-qps4,timed-4GiB,4294967296,4,gpu-3uwoq-6g3ya-2,0,257,0.024817
e5-counters-rdma-qps4,timed-4GiB,4294967296,4,gpu-3uwoq-6g3ya-2,0,258,0.025478
e5-counters-rdma-qps4,timed-4GiB,4294967296,4,gpu-3uwoq-6g3ya-2,0,259,0.025987
e5-counters-rdma-qps4,timed-4GiB,4294967296,4,gpu-3uwoq-6g3ya-2,0,260,0.025850
e5-counters-rdma-qps4,timed-4GiB,4294967296,4,gpu-3uwoq-6g3ya-2,0,261,0.025117
e5-counters-rdma-qps4,timed-4GiB,4294967296,4,gpu-3uwoq-6g3ya-2,0,262,0.024944
e5-counters-rdma-qps4,timed-4GiB,4294967296,4,gpu-3uwoq-6g3ya-2,0,263,0.024876
e5-counters-rdma-qps4,timed-4GiB,4294967296,4,gpu-3uwoq-6g3ya-2,0,264,0.024829
e5-counters-rdma-qps4,timed-4GiB,4294967296,4,gpu-3uwoq-6g3ya-2,0,265,0.024715
e5-counters-rdma-qps4,timed-4GiB,4294967296,4,gpu-3uwoq-6g3ya-2,0,266,0.025188
e5-counters-rdma-qps4,timed-4GiB,4294967296,4,gpu-3uwoq-6g3ya-2,0,267,0.025201
e5-counters-rdma-qps4,timed-4GiB,4294967296,4,gpu-3uwoq-6g3ya-2,0,268,0.025030
e5-counters-rdma-qps4,timed-4GiB,4294967296,4,gpu-3uwoq-6g3ya-2,0,269,0.024947
e5-counters-rdma-qps4,timed-4GiB,4294967296,4,gpu-3uwoq-6g3ya-2,0,270,0.024839
e5-counters-rdma-qps4,timed-4GiB,4294967296,4,gpu-3uwoq-6g3ya-2,0,271,0.024871
e5-counters-rdma-qps4,timed-4GiB,4294967296,4,gpu-3uwoq-6g3ya-2,0,272,0.025370
e5-counters-rdma-qps4,timed-4GiB,4294967296,4,gpu-3uwoq-6g3ya-2,0,273,0.025299
e5-counters-rdma-qps4,timed-4GiB,4294967296,4,gpu-3uwoq-6g3ya-2,0,274,0.024984
e5-counters-rdma-qps4,timed-4GiB,4294967296,4,gpu-3uwoq-6g3ya-2,0,275,0.024926
e5-counters-rdma-qps4,timed-4GiB,4294967296,4,gpu-3uwoq-6g3ya-2,0,276,0.024865
e5-counters-rdma-qps4,timed-4GiB,4294967296,4,gpu-3uwoq-6g3ya-2,0,277,0.024664
e5-counters-rdma-qps4,timed-4GiB,4294967296,4,gpu-3uwoq-6g3ya-2,0,278,0.024653
e5-counters-rdma-qps4,timed-4GiB,4294967296,4,gpu-3uwoq-6g3ya-2,0,279,0.024558
e5-counters-rdma-qps4,timed-4GiB,4294967296,4,gpu-3uwoq-6g3ya-2,0,280,0.024716
e5-counters-rdma-qps4,timed-4GiB,4294967296,4,gpu-3uwoq-6g3ya-2,0,281,0.024673
e5-counters-rdma-qps4,timed-4GiB,4294967296,4,gpu-3uwoq-6g3ya-2,0,282,0.024571
e5-counters-rdma-qps4,timed-4GiB,4294967296,4,gpu-3uwoq-6g3ya-2,0,283,0.024576
e5-counters-rdma-qps4,timed-4GiB,4294967296,4,gpu-3uwoq-6g3ya-2,0,284,0.024658
e5-counters-rdma-qps4,timed-4GiB,4294967296,4,gpu-3uwoq-6g3ya-2,0,285,0.024576
e5-counters-rdma-qps4,timed-4GiB,4294967296,4,gpu-3uwoq-6g3ya-2,0,286,0.024622
e5-counters-rdma-qps4,timed-4GiB,4294967296,4,gpu-3uwoq-6g3ya-2,0,287,0.024516
e5-counters-rdma-qps4,timed-4GiB,4294967296,4,gpu-3uwoq-6g3ya-2,0,288,0.024354
e5-counters-rdma-qps4,timed-4GiB,4294967296,4,gpu-3uwoq-6g3ya-2,0,289,0.024619
e5-counters-rdma-qps4,timed-4GiB,4294967296,4,gpu-3uwoq-6g3ya-2,0,290,0.024737
e5-counters-rdma-qps4,timed-4GiB,4294967296,4,gpu-3uwoq-6g3ya-2,0,291,0.024737
e5-counters-rdma-qps4,timed-4GiB,4294967296,4,gpu-3uwoq-6g3ya-2,0,292,0.024674
e5-counters-rdma-qps4,timed-4GiB,4294967296,4,gpu-3uwoq-6g3ya-2,0,293,0.024613
e5-counters-rdma-qps4,timed-4GiB,4294967296,4,gpu-3uwoq-6g3ya-2,0,294,0.024590
e5-counters-rdma-qps4,timed-4GiB,4294967296,4,gpu-3uwoq-6g3ya-2,0,295,0.024628
e5-counters-rdma-qps4,timed-4GiB,4294967296,4,gpu-3uwoq-6g3ya-2,0,296,0.024655
e5-counters-rdma-qps4,timed-4GiB,4294967296,4,gpu-3uwoq-6g3ya-2,0,297,0.024732
e5-counters-rdma-qps4,timed-4GiB,4294967296,4,gpu-3uwoq-6g3ya-2,0,298,0.025237
e5-counters-rdma-qps4,timed-4GiB,4294967296,4,gpu-3uwoq-6g3ya-2,0,299,0.025637
e5-counters-rdma-qps4,timed-4GiB,4294967296,4,gpu-3uwoq-6g3ya-2,0,300,0.025409
e5-counters-rdma-qps4,timed-4GiB,4294967296,4,gpu-3uwoq-6g3ya-2,0,301,0.024971
e5-counters-rdma-qps4,timed-4GiB,4294967296,4,gpu-3uwoq-6g3ya-2,0,302,0.024956
e5-counters-rdma-qps4,timed-4GiB,4294967296,4,gpu-3uwoq-6g3ya-2,0,303,0.024822
e5-counters-rdma-qps4,timed-4GiB,4294967296,4,gpu-3uwoq-6g3ya-2,0,304,0.024837
e5-counters-rdma-qps4,timed-4GiB,4294967296,4,gpu-3uwoq-6g3ya-2,0,305,0.024733
e5-counters-rdma-qps4,timed-4GiB,4294967296,4,gpu-3uwoq-6g3ya-2,0,306,0.024655
e5-counters-rdma-qps4,timed-4GiB,4294967296,4,gpu-3uwoq-6g3ya-2,0,307,0.024685
e5-counters-rdma-qps4,timed-4GiB,4294967296,4,gpu-3uwoq-6g3ya-2,0,308,0.024651
e5-counters-rdma-qps4,timed-4GiB,4294967296,4,gpu-3uwoq-6g3ya-2,0,309,0.024626
e5-counters-rdma-qps4,timed-4GiB,4294967296,4,gpu-3uwoq-6g3ya-2,0,310,0.024587
e5-counters-rdma-qps4,timed-4GiB,4294967296,4,gpu-3uwoq-6g3ya-2,0,311,0.024853
e5-counters-rdma-qps4,timed-4GiB,4294967296,4,gpu-3uwoq-6g3ya-2,0,312,0.024997
e5-counters-rdma-qps4,timed-4GiB,4294967296,4,gpu-3uwoq-6g3ya-2,0,313,0.025213
e5-counters-rdma-qps4,timed-4GiB,4294967296,4,gpu-3uwoq-6g3ya-2,0,314,0.024892
e5-counters-rdma-qps4,timed-4GiB,4294967296,4,gpu-3uwoq-6g3ya-2,0,315,0.024837
e5-counters-rdma-qps4,timed-4GiB,4294967296,4,gpu-3uwoq-6g3ya-2,0,316,0.024744
e5-counters-rdma-qps4,timed-4GiB,4294967296,4,gpu-3uwoq-6g3ya-2,0,317,0.024822
e5-counters-rdma-qps4,timed-4GiB,4294967296,4,gpu-3uwoq-6g3ya-2,0,318,0.024952
e5-counters-rdma-qps4,timed-4GiB,4294967296,4,gpu-3uwoq-6g3ya-2,0,319,0.024748
e5-counters-rdma-qps4,timed-4GiB,4294967296,4,gpu-3uwoq-6g3ya-2,0,320,0.024682
e5-counters-rdma-qps4,timed-4GiB,4294967296,4,gpu-3uwoq-6g3ya-2,0,321,0.024561
e5-counters-rdma-qps4,timed-4GiB,4294967296,4,gpu-3uwoq-6g3ya-2,0,322,0.024892
e5-counters-rdma-qps4,timed-4GiB,4294967296,4,gpu-3uwoq-6g3ya-2,0,323,0.025096
e5-counters-rdma-qps4,timed-4GiB,4294967296,4,gpu-3uwoq-6g3ya-2,0,324,0.024878
e5-counters-rdma-qps4,timed-4GiB,4294967296,4,gpu-3uwoq-6g3ya-2,0,325,0.024773
e5-counters-rdma-qps4,timed-4GiB,4294967296,4,gpu-3uwoq-6g3ya-2,0,326,0.024749
e5-counters-rdma-qps4,timed-4GiB,4294967296,4,gpu-3uwoq-6g3ya-2,0,327,0.024777
e5-counters-rdma-qps4,timed-4GiB,4294967296,4,gpu-3uwoq-6g3ya-2,0,328,0.024826
e5-counters-rdma-qps4,timed-4GiB,4294967296,4,gpu-3uwoq-6g3ya-2,0,329,0.024599
e5-counters-rdma-qps4,timed-4GiB,4294967296,4,gpu-3uwoq-6g3ya-2,0,330,0.024657
e5-counters-rdma-qps4,timed-4GiB,4294967296,4,gpu-3uwoq-6g3ya-2,0,331,0.024822
e5-counters-rdma-qps4,timed-4GiB,4294967296,4,gpu-3uwoq-6g3ya-2,0,332,0.024835
e5-counters-rdma-qps4,timed-4GiB,4294967296,4,gpu-3uwoq-6g3ya-2,0,333,0.024633
e5-counters-rdma-qps4,timed-4GiB,4294967296,4,gpu-3uwoq-6g3ya-2,0,334,0.024602
e5-counters-rdma-qps4,timed-4GiB,4294967296,4,gpu-3uwoq-6g3ya-2,0,335,0.024545
e5-counters-rdma-qps4,timed-4GiB,4294967296,4,gpu-3uwoq-6g3ya-2,0,336,0.024621
e5-counters-rdma-qps4,timed-4GiB,4294967296,4,gpu-3uwoq-6g3ya-2,0,337,0.024585
e5-counters-rdma-qps4,timed-4GiB,4294967296,4,gpu-3uwoq-6g3ya-2,0,338,0.024815
e5-counters-rdma-qps4,timed-4GiB,4294967296,4,gpu-3uwoq-6g3ya-2,0,339,0.026041
e5-counters-rdma-qps4,timed-4GiB,4294967296,4,gpu-3uwoq-6g3ya-2,0,340,0.026348
e5-counters-rdma-qps4,timed-4GiB,4294967296,4,gpu-3uwoq-6g3ya-2,0,341,0.025662
e5-counters-rdma-qps4,timed-4GiB,4294967296,4,gpu-3uwoq-6g3ya-2,0,342,0.025183
e5-counters-rdma-qps4,timed-4GiB,4294967296,4,gpu-3uwoq-6g3ya-2,0,343,0.025068
e5-counters-rdma-qps4,timed-4GiB,4294967296,4,gpu-3uwoq-6g3ya-2,0,344,0.024927
e5-counters-rdma-qps4,timed-4GiB,4294967296,4,gpu-3uwoq-6g3ya-2,0,345,0.024865
e5-counters-rdma-qps4,timed-4GiB,4294967296,4,gpu-3uwoq-6g3ya-2,0,346,0.024745
e5-counters-rdma-qps4,timed-4GiB,4294967296,4,gpu-3uwoq-6g3ya-2,0,347,0.024752
e5-counters-rdma-qps4,timed-4GiB,4294967296,4,gpu-3uwoq-6g3ya-2,0,348,0.024638
e5-counters-rdma-qps4,timed-4GiB,4294967296,4,gpu-3uwoq-6g3ya-2,0,349,0.024619
e5-counters-rdma-qps4,timed-4GiB,4294967296,4,gpu-3uwoq-6g3ya-2,0,350,0.024725
e5-counters-rdma-qps4,timed-4GiB,4294967296,4,gpu-3uwoq-6g3ya-2,0,351,0.024567
e5-counters-rdma-qps4,timed-4GiB,4294967296,4,gpu-3uwoq-6g3ya-2,0,352,0.024680
e5-counters-rdma-qps4,timed-4GiB,4294967296,4,gpu-3uwoq-6g3ya-2,0,353,0.024609
e5-counters-rdma-qps4,timed-4GiB,4294967296,4,gpu-3uwoq-6g3ya-2,0,354,0.024637
e5-counters-rdma-qps4,timed-4GiB,4294967296,4,gpu-3uwoq-6g3ya-2,0,355,0.024661
e5-counters-rdma-qps4,timed-4GiB,4294967296,4,gpu-3uwoq-6g3ya-2,0,356,0.024583
e5-counters-rdma-qps4,timed-4GiB,4294967296,4,gpu-3uwoq-6g3ya-2,0,357,0.024451
e5-counters-rdma-qps4,timed-4GiB,4294967296,4,gpu-3uwoq-6g3ya-2,0,358,0.024649
e5-counters-rdma-qps4,timed-4GiB,4294967296,4,gpu-3uwoq-6g3ya-2,0,359,0.024630
e5-counters-rdma-qps4,timed-4GiB,4294967296,4,gpu-3uwoq-6g3ya-2,0,360,0.024585
e5-counters-rdma-qps4,timed-4GiB,4294967296,4,gpu-3uwoq-6g3ya-2,0,361,0.024568
e5-counters-rdma-qps4,timed-4GiB,4294967296,4,gpu-3uwoq-6g3ya-2,0,362,0.024547
e5-counters-rdma-qps4,timed-4GiB,4294967296,4,gpu-3uwoq-6g3ya-2,0,363,0.024619
e5-counters-rdma-qps4,timed-4GiB,4294967296,4,gpu-3uwoq-6g3ya-2,0,364,0.024954
e5-counters-rdma-qps4,timed-4GiB,4294967296,4,gpu-3uwoq-6g3ya-2,0,365,0.024906
e5-counters-rdma-qps4,timed-4GiB,4294967296,4,gpu-3uwoq-6g3ya-2,0,366,0.024915
e5-counters-rdma-qps4,timed-4GiB,4294967296,4,gpu-3uwoq-6g3ya-2,0,367,0.024728
e5-counters-rdma-qps4,timed-4GiB,4294967296,4,gpu-3uwoq-6g3ya-2,0,368,0.024697
e5-counters-rdma-qps4,timed-4GiB,4294967296,4,gpu-3uwoq-6g3ya-2,0,369,0.024805
e5-counters-rdma-qps4,timed-4GiB,4294967296,4,gpu-3uwoq-6g3ya-2,0,370,0.024747
e5-counters-rdma-qps4,timed-4GiB,4294967296,4,gpu-3uwoq-6g3ya-2,0,371,0.024912
e5-counters-rdma-qps4,timed-4GiB,4294967296,4,gpu-3uwoq-6g3ya-2,0,372,0.024792
e5-counters-rdma-qps4,timed-4GiB,4294967296,4,gpu-3uwoq-6g3ya-2,0,373,0.024653
e5-counters-rdma-qps4,timed-4GiB,4294967296,4,gpu-3uwoq-6g3ya-2,0,374,0.024798
e5-counters-rdma-qps4,timed-4GiB,4294967296,4,gpu-3uwoq-6g3ya-2,0,375,0.024599
e5-counters-rdma-qps4,timed-4GiB,4294967296,4,gpu-3uwoq-6g3ya-2,0,376,0.024743
e5-counters-rdma-qps4,timed-4GiB,4294967296,4,gpu-3uwoq-6g3ya-2,0,377,0.024569
e5-counters-rdma-qps4,timed-4GiB,4294967296,4,gpu-3uwoq-6g3ya-2,0,378,0.024674
e5-counters-rdma-qps4,timed-4GiB,4294967296,4,gpu-3uwoq-6g3ya-2,0,379,0.025571
e5-counters-rdma-qps4,timed-4GiB,4294967296,4,gpu-3uwoq-6g3ya-2,0,380,0.025169
e5-counters-rdma-qps4,timed-4GiB,4294967296,4,gpu-3uwoq-6g3ya-2,0,381,0.024902
e5-counters-rdma-qps4,timed-4GiB,4294967296,4,gpu-3uwoq-6g3ya-2,0,382,0.024855
e5-counters-rdma-qps4,timed-4GiB,4294967296,4,gpu-3uwoq-6g3ya-2,0,383,0.024623
e5-counters-rdma-qps4,timed-4GiB,4294967296,4,gpu-3uwoq-6g3ya-2,0,384,0.024770
e5-counters-rdma-qps4,timed-4GiB,4294967296,4,gpu-3uwoq-6g3ya-2,0,385,0.025139
e5-counters-rdma-qps4,timed-4GiB,4294967296,4,gpu-3uwoq-6g3ya-2,0,386,0.025345
e5-counters-rdma-qps4,timed-4GiB,4294967296,4,gpu-3uwoq-6g3ya-2,0,387,0.024964
e5-counters-rdma-qps4,timed-4GiB,4294967296,4,gpu-3uwoq-6g3ya-2,0,388,0.024899
e5-counters-rdma-qps4,timed-4GiB,4294967296,4,gpu-3uwoq-6g3ya-2,0,389,0.024904
e5-counters-rdma-qps4,timed-4GiB,4294967296,4,gpu-3uwoq-6g3ya-2,0,390,0.024954
e5-counters-rdma-qps4,timed-4GiB,4294967296,4,gpu-3uwoq-6g3ya-2,0,391,0.024703
e5-counters-rdma-qps4,timed-4GiB,4294967296,4,gpu-3uwoq-6g3ya-2,0,392,0.024714
e5-counters-rdma-qps4,timed-4GiB,4294967296,4,gpu-3uwoq-6g3ya-2,0,393,0.024520
e5-counters-rdma-qps4,timed-4GiB,4294967296,4,gpu-3uwoq-6g3ya-2,0,394,0.024579
e5-counters-rdma-qps4,timed-4GiB,4294967296,4,gpu-3uwoq-6g3ya-2,0,395,0.024850
e5-counters-rdma-qps4,timed-4GiB,4294967296,4,gpu-3uwoq-6g3ya-2,0,396,0.024938
e5-counters-rdma-qps4,timed-4GiB,4294967296,4,gpu-3uwoq-6g3ya-2,0,397,0.024975
e5-counters-rdma-qps4,timed-4GiB,4294967296,4,gpu-3uwoq-6g3ya-2,0,398,0.024879
e5-counters-rdma-qps4,timed-4GiB,4294967296,4,gpu-3uwoq-6g3ya-2,0,399,0.024907
e5-counters-rdma-qps4,timed-4GiB,4294967296,5,gpu-3uwoq-6g3ya-2,1,0,0.057030
e5-counters-rdma-qps4,timed-4GiB,4294967296,5,gpu-3uwoq-6g3ya-2,1,1,0.030333
e5-counters-rdma-qps4,timed-4GiB,4294967296,5,gpu-3uwoq-6g3ya-2,1,2,0.026821
e5-counters-rdma-qps4,timed-4GiB,4294967296,5,gpu-3uwoq-6g3ya-2,1,3,0.025287
e5-counters-rdma-qps4,timed-4GiB,4294967296,5,gpu-3uwoq-6g3ya-2,1,4,0.025082
e5-counters-rdma-qps4,timed-4GiB,4294967296,5,gpu-3uwoq-6g3ya-2,1,5,0.024893
e5-counters-rdma-qps4,timed-4GiB,4294967296,5,gpu-3uwoq-6g3ya-2,1,6,0.024971
e5-counters-rdma-qps4,timed-4GiB,4294967296,5,gpu-3uwoq-6g3ya-2,1,7,0.024883
e5-counters-rdma-qps4,timed-4GiB,4294967296,5,gpu-3uwoq-6g3ya-2,1,8,0.025033
e5-counters-rdma-qps4,timed-4GiB,4294967296,5,gpu-3uwoq-6g3ya-2,1,9,0.024863
e5-counters-rdma-qps4,timed-4GiB,4294967296,5,gpu-3uwoq-6g3ya-2,1,10,0.024924
e5-counters-rdma-qps4,timed-4GiB,4294967296,5,gpu-3uwoq-6g3ya-2,1,11,0.024831
e5-counters-rdma-qps4,timed-4GiB,4294967296,5,gpu-3uwoq-6g3ya-2,1,12,0.024603
e5-counters-rdma-qps4,timed-4GiB,4294967296,5,gpu-3uwoq-6g3ya-2,1,13,0.024588
e5-counters-rdma-qps4,timed-4GiB,4294967296,5,gpu-3uwoq-6g3ya-2,1,14,0.024777
e5-counters-rdma-qps4,timed-4GiB,4294967296,5,gpu-3uwoq-6g3ya-2,1,15,0.024786
e5-counters-rdma-qps4,timed-4GiB,4294967296,5,gpu-3uwoq-6g3ya-2,1,16,0.025268
e5-counters-rdma-qps4,timed-4GiB,4294967296,5,gpu-3uwoq-6g3ya-2,1,17,0.025335
e5-counters-rdma-qps4,timed-4GiB,4294967296,5,gpu-3uwoq-6g3ya-2,1,18,0.025197
e5-counters-rdma-qps4,timed-4GiB,4294967296,5,gpu-3uwoq-6g3ya-2,1,19,0.024974
e5-counters-rdma-qps4,timed-4GiB,4294967296,5,gpu-3uwoq-6g3ya-2,1,20,0.024812
e5-counters-rdma-qps4,timed-4GiB,4294967296,5,gpu-3uwoq-6g3ya-2,1,21,0.024849
e5-counters-rdma-qps4,timed-4GiB,4294967296,5,gpu-3uwoq-6g3ya-2,1,22,0.024894
e5-counters-rdma-qps4,timed-4GiB,4294967296,5,gpu-3uwoq-6g3ya-2,1,23,0.024627
e5-counters-rdma-qps4,timed-4GiB,4294967296,5,gpu-3uwoq-6g3ya-2,1,24,0.024697
e5-counters-rdma-qps4,timed-4GiB,4294967296,5,gpu-3uwoq-6g3ya-2,1,25,0.024755
e5-counters-rdma-qps4,timed-4GiB,4294967296,5,gpu-3uwoq-6g3ya-2,1,26,0.024558
e5-counters-rdma-qps4,timed-4GiB,4294967296,5,gpu-3uwoq-6g3ya-2,1,27,0.024554
e5-counters-rdma-qps4,timed-4GiB,4294967296,5,gpu-3uwoq-6g3ya-2,1,28,0.024562
e5-counters-rdma-qps4,timed-4GiB,4294967296,5,gpu-3uwoq-6g3ya-2,1,29,0.024499
e5-counters-rdma-qps4,timed-4GiB,4294967296,5,gpu-3uwoq-6g3ya-2,1,30,0.024545
e5-counters-rdma-qps4,timed-4GiB,4294967296,5,gpu-3uwoq-6g3ya-2,1,31,0.024716
e5-counters-rdma-qps4,timed-4GiB,4294967296,5,gpu-3uwoq-6g3ya-2,1,32,0.024572
e5-counters-rdma-qps4,timed-4GiB,4294967296,5,gpu-3uwoq-6g3ya-2,1,33,0.024477
e5-counters-rdma-qps4,timed-4GiB,4294967296,5,gpu-3uwoq-6g3ya-2,1,34,0.024559
e5-counters-rdma-qps4,timed-4GiB,4294967296,5,gpu-3uwoq-6g3ya-2,1,35,0.024372
e5-counters-rdma-qps4,timed-4GiB,4294967296,5,gpu-3uwoq-6g3ya-2,1,36,0.024482
e5-counters-rdma-qps4,timed-4GiB,4294967296,5,gpu-3uwoq-6g3ya-2,1,37,0.024523
e5-counters-rdma-qps4,timed-4GiB,4294967296,5,gpu-3uwoq-6g3ya-2,1,38,0.024449
e5-counters-rdma-qps4,timed-4GiB,4294967296,5,gpu-3uwoq-6g3ya-2,1,39,0.024477
e5-counters-rdma-qps4,timed-4GiB,4294967296,5,gpu-3uwoq-6g3ya-2,1,40,0.024557
e5-counters-rdma-qps4,timed-4GiB,4294967296,5,gpu-3uwoq-6g3ya-2,1,41,0.024486
e5-counters-rdma-qps4,timed-4GiB,4294967296,5,gpu-3uwoq-6g3ya-2,1,42,0.024449
e5-counters-rdma-qps4,timed-4GiB,4294967296,5,gpu-3uwoq-6g3ya-2,1,43,0.024588
e5-counters-rdma-qps4,timed-4GiB,4294967296,5,gpu-3uwoq-6g3ya-2,1,44,0.024656
e5-counters-rdma-qps4,timed-4GiB,4294967296,5,gpu-3uwoq-6g3ya-2,1,45,0.024577
e5-counters-rdma-qps4,timed-4GiB,4294967296,5,gpu-3uwoq-6g3ya-2,1,46,0.024603
e5-counters-rdma-qps4,timed-4GiB,4294967296,5,gpu-3uwoq-6g3ya-2,1,47,0.024510
e5-counters-rdma-qps4,timed-4GiB,4294967296,5,gpu-3uwoq-6g3ya-2,1,48,0.024560
e5-counters-rdma-qps4,timed-4GiB,4294967296,5,gpu-3uwoq-6g3ya-2,1,49,0.024843
e5-counters-rdma-qps4,timed-4GiB,4294967296,5,gpu-3uwoq-6g3ya-2,1,50,0.024658
e5-counters-rdma-qps4,timed-4GiB,4294967296,5,gpu-3uwoq-6g3ya-2,1,51,0.024871
e5-counters-rdma-qps4,timed-4GiB,4294967296,5,gpu-3uwoq-6g3ya-2,1,52,0.024634
e5-counters-rdma-qps4,timed-4GiB,4294967296,5,gpu-3uwoq-6g3ya-2,1,53,0.024575
e5-counters-rdma-qps4,timed-4GiB,4294967296,5,gpu-3uwoq-6g3ya-2,1,54,0.024556
e5-counters-rdma-qps4,timed-4GiB,4294967296,5,gpu-3uwoq-6g3ya-2,1,55,0.024582
e5-counters-rdma-qps4,timed-4GiB,4294967296,5,gpu-3uwoq-6g3ya-2,1,56,0.024648
e5-counters-rdma-qps4,timed-4GiB,4294967296,5,gpu-3uwoq-6g3ya-2,1,57,0.025573
e5-counters-rdma-qps4,timed-4GiB,4294967296,5,gpu-3uwoq-6g3ya-2,1,58,0.025400
e5-counters-rdma-qps4,timed-4GiB,4294967296,5,gpu-3uwoq-6g3ya-2,1,59,0.024978
e5-counters-rdma-qps4,timed-4GiB,4294967296,5,gpu-3uwoq-6g3ya-2,1,60,0.024715
e5-counters-rdma-qps4,timed-4GiB,4294967296,5,gpu-3uwoq-6g3ya-2,1,61,0.024878
e5-counters-rdma-qps4,timed-4GiB,4294967296,5,gpu-3uwoq-6g3ya-2,1,62,0.024755
e5-counters-rdma-qps4,timed-4GiB,4294967296,5,gpu-3uwoq-6g3ya-2,1,63,0.024877
e5-counters-rdma-qps4,timed-4GiB,4294967296,5,gpu-3uwoq-6g3ya-2,1,64,0.024808
e5-counters-rdma-qps4,timed-4GiB,4294967296,5,gpu-3uwoq-6g3ya-2,1,65,0.024655
e5-counters-rdma-qps4,timed-4GiB,4294967296,5,gpu-3uwoq-6g3ya-2,1,66,0.024736
e5-counters-rdma-qps4,timed-4GiB,4294967296,5,gpu-3uwoq-6g3ya-2,1,67,0.024657
e5-counters-rdma-qps4,timed-4GiB,4294967296,5,gpu-3uwoq-6g3ya-2,1,68,0.024655
e5-counters-rdma-qps4,timed-4GiB,4294967296,5,gpu-3uwoq-6g3ya-2,1,69,0.024647
e5-counters-rdma-qps4,timed-4GiB,4294967296,5,gpu-3uwoq-6g3ya-2,1,70,0.024759
e5-counters-rdma-qps4,timed-4GiB,4294967296,5,gpu-3uwoq-6g3ya-2,1,71,0.024702
e5-counters-rdma-qps4,timed-4GiB,4294967296,5,gpu-3uwoq-6g3ya-2,1,72,0.024651
e5-counters-rdma-qps4,timed-4GiB,4294967296,5,gpu-3uwoq-6g3ya-2,1,73,0.024736
e5-counters-rdma-qps4,timed-4GiB,4294967296,5,gpu-3uwoq-6g3ya-2,1,74,0.024670
e5-counters-rdma-qps4,timed-4GiB,4294967296,5,gpu-3uwoq-6g3ya-2,1,75,0.024628
e5-counters-rdma-qps4,timed-4GiB,4294967296,5,gpu-3uwoq-6g3ya-2,1,76,0.024610
e5-counters-rdma-qps4,timed-4GiB,4294967296,5,gpu-3uwoq-6g3ya-2,1,77,0.024696
e5-counters-rdma-qps4,timed-4GiB,4294967296,5,gpu-3uwoq-6g3ya-2,1,78,0.024658
e5-counters-rdma-qps4,timed-4GiB,4294967296,5,gpu-3uwoq-6g3ya-2,1,79,0.024594
e5-counters-rdma-qps4,timed-4GiB,4294967296,5,gpu-3uwoq-6g3ya-2,1,80,0.024530
e5-counters-rdma-qps4,timed-4GiB,4294967296,5,gpu-3uwoq-6g3ya-2,1,81,0.025109
e5-counters-rdma-qps4,timed-4GiB,4294967296,5,gpu-3uwoq-6g3ya-2,1,82,0.025340
e5-counters-rdma-qps4,timed-4GiB,4294967296,5,gpu-3uwoq-6g3ya-2,1,83,0.024680
e5-counters-rdma-qps4,timed-4GiB,4294967296,5,gpu-3uwoq-6g3ya-2,1,84,0.024718
e5-counters-rdma-qps4,timed-4GiB,4294967296,5,gpu-3uwoq-6g3ya-2,1,85,0.024700
e5-counters-rdma-qps4,timed-4GiB,4294967296,5,gpu-3uwoq-6g3ya-2,1,86,0.024822
e5-counters-rdma-qps4,timed-4GiB,4294967296,5,gpu-3uwoq-6g3ya-2,1,87,0.024488
e5-counters-rdma-qps4,timed-4GiB,4294967296,5,gpu-3uwoq-6g3ya-2,1,88,0.024591
e5-counters-rdma-qps4,timed-4GiB,4294967296,5,gpu-3uwoq-6g3ya-2,1,89,0.024757
e5-counters-rdma-qps4,timed-4GiB,4294967296,5,gpu-3uwoq-6g3ya-2,1,90,0.024668
e5-counters-rdma-qps4,timed-4GiB,4294967296,5,gpu-3uwoq-6g3ya-2,1,91,0.024619
e5-counters-rdma-qps4,timed-4GiB,4294967296,5,gpu-3uwoq-6g3ya-2,1,92,0.024554
e5-counters-rdma-qps4,timed-4GiB,4294967296,5,gpu-3uwoq-6g3ya-2,1,93,0.024598
e5-counters-rdma-qps4,timed-4GiB,4294967296,5,gpu-3uwoq-6g3ya-2,1,94,0.024549
e5-counters-rdma-qps4,timed-4GiB,4294967296,5,gpu-3uwoq-6g3ya-2,1,95,0.024569
e5-counters-rdma-qps4,timed-4GiB,4294967296,5,gpu-3uwoq-6g3ya-2,1,96,0.024705
e5-counters-rdma-qps4,timed-4GiB,4294967296,5,gpu-3uwoq-6g3ya-2,1,97,0.025231
e5-counters-rdma-qps4,timed-4GiB,4294967296,5,gpu-3uwoq-6g3ya-2,1,98,0.025352
e5-counters-rdma-qps4,timed-4GiB,4294967296,5,gpu-3uwoq-6g3ya-2,1,99,0.025294
e5-counters-rdma-qps4,timed-4GiB,4294967296,5,gpu-3uwoq-6g3ya-2,1,100,0.024740
e5-counters-rdma-qps4,timed-4GiB,4294967296,5,gpu-3uwoq-6g3ya-2,1,101,0.024807
e5-counters-rdma-qps4,timed-4GiB,4294967296,5,gpu-3uwoq-6g3ya-2,1,102,0.024772
e5-counters-rdma-qps4,timed-4GiB,4294967296,5,gpu-3uwoq-6g3ya-2,1,103,0.024874
e5-counters-rdma-qps4,timed-4GiB,4294967296,5,gpu-3uwoq-6g3ya-2,1,104,0.024853
e5-counters-rdma-qps4,timed-4GiB,4294967296,5,gpu-3uwoq-6g3ya-2,1,105,0.025100
e5-counters-rdma-qps4,timed-4GiB,4294967296,5,gpu-3uwoq-6g3ya-2,1,106,0.025038
e5-counters-rdma-qps4,timed-4GiB,4294967296,5,gpu-3uwoq-6g3ya-2,1,107,0.024844
e5-counters-rdma-qps4,timed-4GiB,4294967296,5,gpu-3uwoq-6g3ya-2,1,108,0.024910
e5-counters-rdma-qps4,timed-4GiB,4294967296,5,gpu-3uwoq-6g3ya-2,1,109,0.024909
e5-counters-rdma-qps4,timed-4GiB,4294967296,5,gpu-3uwoq-6g3ya-2,1,110,0.024822
e5-counters-rdma-qps4,timed-4GiB,4294967296,5,gpu-3uwoq-6g3ya-2,1,111,0.024933
e5-counters-rdma-qps4,timed-4GiB,4294967296,5,gpu-3uwoq-6g3ya-2,1,112,0.024738
e5-counters-rdma-qps4,timed-4GiB,4294967296,5,gpu-3uwoq-6g3ya-2,1,113,0.024720
e5-counters-rdma-qps4,timed-4GiB,4294967296,5,gpu-3uwoq-6g3ya-2,1,114,0.024644
e5-counters-rdma-qps4,timed-4GiB,4294967296,5,gpu-3uwoq-6g3ya-2,1,115,0.024670
e5-counters-rdma-qps4,timed-4GiB,4294967296,5,gpu-3uwoq-6g3ya-2,1,116,0.024830
e5-counters-rdma-qps4,timed-4GiB,4294967296,5,gpu-3uwoq-6g3ya-2,1,117,0.024821
e5-counters-rdma-qps4,timed-4GiB,4294967296,5,gpu-3uwoq-6g3ya-2,1,118,0.024751
e5-counters-rdma-qps4,timed-4GiB,4294967296,5,gpu-3uwoq-6g3ya-2,1,119,0.024727
e5-counters-rdma-qps4,timed-4GiB,4294967296,5,gpu-3uwoq-6g3ya-2,1,120,0.024740
e5-counters-rdma-qps4,timed-4GiB,4294967296,5,gpu-3uwoq-6g3ya-2,1,121,0.024682
e5-counters-rdma-qps4,timed-4GiB,4294967296,5,gpu-3uwoq-6g3ya-2,1,122,0.024601
e5-counters-rdma-qps4,timed-4GiB,4294967296,5,gpu-3uwoq-6g3ya-2,1,123,0.024753
e5-counters-rdma-qps4,timed-4GiB,4294967296,5,gpu-3uwoq-6g3ya-2,1,124,0.024628
e5-counters-rdma-qps4,timed-4GiB,4294967296,5,gpu-3uwoq-6g3ya-2,1,125,0.024670
e5-counters-rdma-qps4,timed-4GiB,4294967296,5,gpu-3uwoq-6g3ya-2,1,126,0.024816
e5-counters-rdma-qps4,timed-4GiB,4294967296,5,gpu-3uwoq-6g3ya-2,1,127,0.024646
e5-counters-rdma-qps4,timed-4GiB,4294967296,5,gpu-3uwoq-6g3ya-2,1,128,0.024595
e5-counters-rdma-qps4,timed-4GiB,4294967296,5,gpu-3uwoq-6g3ya-2,1,129,0.024791
e5-counters-rdma-qps4,timed-4GiB,4294967296,5,gpu-3uwoq-6g3ya-2,1,130,0.024781
e5-counters-rdma-qps4,timed-4GiB,4294967296,5,gpu-3uwoq-6g3ya-2,1,131,0.024638
e5-counters-rdma-qps4,timed-4GiB,4294967296,5,gpu-3uwoq-6g3ya-2,1,132,0.024550
e5-counters-rdma-qps4,timed-4GiB,4294967296,5,gpu-3uwoq-6g3ya-2,1,133,0.024662
e5-counters-rdma-qps4,timed-4GiB,4294967296,5,gpu-3uwoq-6g3ya-2,1,134,0.024493
e5-counters-rdma-qps4,timed-4GiB,4294967296,5,gpu-3uwoq-6g3ya-2,1,135,0.024771
e5-counters-rdma-qps4,timed-4GiB,4294967296,5,gpu-3uwoq-6g3ya-2,1,136,0.024697
e5-counters-rdma-qps4,timed-4GiB,4294967296,5,gpu-3uwoq-6g3ya-2,1,137,0.024989
e5-counters-rdma-qps4,timed-4GiB,4294967296,5,gpu-3uwoq-6g3ya-2,1,138,0.026192
e5-counters-rdma-qps4,timed-4GiB,4294967296,5,gpu-3uwoq-6g3ya-2,1,139,0.025679
e5-counters-rdma-qps4,timed-4GiB,4294967296,5,gpu-3uwoq-6g3ya-2,1,140,0.025326
e5-counters-rdma-qps4,timed-4GiB,4294967296,5,gpu-3uwoq-6g3ya-2,1,141,0.025071
e5-counters-rdma-qps4,timed-4GiB,4294967296,5,gpu-3uwoq-6g3ya-2,1,142,0.025062
e5-counters-rdma-qps4,timed-4GiB,4294967296,5,gpu-3uwoq-6g3ya-2,1,143,0.024829
e5-counters-rdma-qps4,timed-4GiB,4294967296,5,gpu-3uwoq-6g3ya-2,1,144,0.024969
e5-counters-rdma-qps4,timed-4GiB,4294967296,5,gpu-3uwoq-6g3ya-2,1,145,0.025009
e5-counters-rdma-qps4,timed-4GiB,4294967296,5,gpu-3uwoq-6g3ya-2,1,146,0.024882
e5-counters-rdma-qps4,timed-4GiB,4294967296,5,gpu-3uwoq-6g3ya-2,1,147,0.024837
e5-counters-rdma-qps4,timed-4GiB,4294967296,5,gpu-3uwoq-6g3ya-2,1,148,0.024888
e5-counters-rdma-qps4,timed-4GiB,4294967296,5,gpu-3uwoq-6g3ya-2,1,149,0.024848
e5-counters-rdma-qps4,timed-4GiB,4294967296,5,gpu-3uwoq-6g3ya-2,1,150,0.024750
e5-counters-rdma-qps4,timed-4GiB,4294967296,5,gpu-3uwoq-6g3ya-2,1,151,0.024774
e5-counters-rdma-qps4,timed-4GiB,4294967296,5,gpu-3uwoq-6g3ya-2,1,152,0.024835
e5-counters-rdma-qps4,timed-4GiB,4294967296,5,gpu-3uwoq-6g3ya-2,1,153,0.024874
e5-counters-rdma-qps4,timed-4GiB,4294967296,5,gpu-3uwoq-6g3ya-2,1,154,0.024778
e5-counters-rdma-qps4,timed-4GiB,4294967296,5,gpu-3uwoq-6g3ya-2,1,155,0.024835
e5-counters-rdma-qps4,timed-4GiB,4294967296,5,gpu-3uwoq-6g3ya-2,1,156,0.024826
e5-counters-rdma-qps4,timed-4GiB,4294967296,5,gpu-3uwoq-6g3ya-2,1,157,0.024913
e5-counters-rdma-qps4,timed-4GiB,4294967296,5,gpu-3uwoq-6g3ya-2,1,158,0.024793
e5-counters-rdma-qps4,timed-4GiB,4294967296,5,gpu-3uwoq-6g3ya-2,1,159,0.024942
e5-counters-rdma-qps4,timed-4GiB,4294967296,5,gpu-3uwoq-6g3ya-2,1,160,0.024910
e5-counters-rdma-qps4,timed-4GiB,4294967296,5,gpu-3uwoq-6g3ya-2,1,161,0.024590
e5-counters-rdma-qps4,timed-4GiB,4294967296,5,gpu-3uwoq-6g3ya-2,1,162,0.024728
e5-counters-rdma-qps4,timed-4GiB,4294967296,5,gpu-3uwoq-6g3ya-2,1,163,0.024581
e5-counters-rdma-qps4,timed-4GiB,4294967296,5,gpu-3uwoq-6g3ya-2,1,164,0.024593
e5-counters-rdma-qps4,timed-4GiB,4294967296,5,gpu-3uwoq-6g3ya-2,1,165,0.024686
e5-counters-rdma-qps4,timed-4GiB,4294967296,5,gpu-3uwoq-6g3ya-2,1,166,0.024632
e5-counters-rdma-qps4,timed-4GiB,4294967296,5,gpu-3uwoq-6g3ya-2,1,167,0.024560
e5-counters-rdma-qps4,timed-4GiB,4294967296,5,gpu-3uwoq-6g3ya-2,1,168,0.024653
e5-counters-rdma-qps4,timed-4GiB,4294967296,5,gpu-3uwoq-6g3ya-2,1,169,0.024592
e5-counters-rdma-qps4,timed-4GiB,4294967296,5,gpu-3uwoq-6g3ya-2,1,170,0.025096
e5-counters-rdma-qps4,timed-4GiB,4294967296,5,gpu-3uwoq-6g3ya-2,1,171,0.024851
e5-counters-rdma-qps4,timed-4GiB,4294967296,5,gpu-3uwoq-6g3ya-2,1,172,0.024646
e5-counters-rdma-qps4,timed-4GiB,4294967296,5,gpu-3uwoq-6g3ya-2,1,173,0.024612
e5-counters-rdma-qps4,timed-4GiB,4294967296,5,gpu-3uwoq-6g3ya-2,1,174,0.024579
e5-counters-rdma-qps4,timed-4GiB,4294967296,5,gpu-3uwoq-6g3ya-2,1,175,0.024567
e5-counters-rdma-qps4,timed-4GiB,4294967296,5,gpu-3uwoq-6g3ya-2,1,176,0.024584
e5-counters-rdma-qps4,timed-4GiB,4294967296,5,gpu-3uwoq-6g3ya-2,1,177,0.024756
e5-counters-rdma-qps4,timed-4GiB,4294967296,5,gpu-3uwoq-6g3ya-2,1,178,0.025487
e5-counters-rdma-qps4,timed-4GiB,4294967296,5,gpu-3uwoq-6g3ya-2,1,179,0.025529
e5-counters-rdma-qps4,timed-4GiB,4294967296,5,gpu-3uwoq-6g3ya-2,1,180,0.025035
e5-counters-rdma-qps4,timed-4GiB,4294967296,5,gpu-3uwoq-6g3ya-2,1,181,0.024794
e5-counters-rdma-qps4,timed-4GiB,4294967296,5,gpu-3uwoq-6g3ya-2,1,182,0.024780
e5-counters-rdma-qps4,timed-4GiB,4294967296,5,gpu-3uwoq-6g3ya-2,1,183,0.024778
e5-counters-rdma-qps4,timed-4GiB,4294967296,5,gpu-3uwoq-6g3ya-2,1,184,0.024689
e5-counters-rdma-qps4,timed-4GiB,4294967296,5,gpu-3uwoq-6g3ya-2,1,185,0.024647
e5-counters-rdma-qps4,timed-4GiB,4294967296,5,gpu-3uwoq-6g3ya-2,1,186,0.024674
e5-counters-rdma-qps4,timed-4GiB,4294967296,5,gpu-3uwoq-6g3ya-2,1,187,0.024618
e5-counters-rdma-qps4,timed-4GiB,4294967296,5,gpu-3uwoq-6g3ya-2,1,188,0.024595
e5-counters-rdma-qps4,timed-4GiB,4294967296,5,gpu-3uwoq-6g3ya-2,1,189,0.024663
e5-counters-rdma-qps4,timed-4GiB,4294967296,5,gpu-3uwoq-6g3ya-2,1,190,0.024678
e5-counters-rdma-qps4,timed-4GiB,4294967296,5,gpu-3uwoq-6g3ya-2,1,191,0.024606
e5-counters-rdma-qps4,timed-4GiB,4294967296,5,gpu-3uwoq-6g3ya-2,1,192,0.024793
e5-counters-rdma-qps4,timed-4GiB,4294967296,5,gpu-3uwoq-6g3ya-2,1,193,0.024520
e5-counters-rdma-qps4,timed-4GiB,4294967296,5,gpu-3uwoq-6g3ya-2,1,194,0.024670
e5-counters-rdma-qps4,timed-4GiB,4294967296,5,gpu-3uwoq-6g3ya-2,1,195,0.024618
e5-counters-rdma-qps4,timed-4GiB,4294967296,5,gpu-3uwoq-6g3ya-2,1,196,0.024603
e5-counters-rdma-qps4,timed-4GiB,4294967296,5,gpu-3uwoq-6g3ya-2,1,197,0.024631
e5-counters-rdma-qps4,timed-4GiB,4294967296,5,gpu-3uwoq-6g3ya-2,1,198,0.024643
e5-counters-rdma-qps4,timed-4GiB,4294967296,5,gpu-3uwoq-6g3ya-2,1,199,0.024714
e5-counters-rdma-qps4,timed-4GiB,4294967296,5,gpu-3uwoq-6g3ya-2,1,200,0.024566
e5-counters-rdma-qps4,timed-4GiB,4294967296,5,gpu-3uwoq-6g3ya-2,1,201,0.024649
e5-counters-rdma-qps4,timed-4GiB,4294967296,5,gpu-3uwoq-6g3ya-2,1,202,0.024690
e5-counters-rdma-qps4,timed-4GiB,4294967296,5,gpu-3uwoq-6g3ya-2,1,203,0.024654
e5-counters-rdma-qps4,timed-4GiB,4294967296,5,gpu-3uwoq-6g3ya-2,1,204,0.024630
e5-counters-rdma-qps4,timed-4GiB,4294967296,5,gpu-3uwoq-6g3ya-2,1,205,0.024503
e5-counters-rdma-qps4,timed-4GiB,4294967296,5,gpu-3uwoq-6g3ya-2,1,206,0.024528
e5-counters-rdma-qps4,timed-4GiB,4294967296,5,gpu-3uwoq-6g3ya-2,1,207,0.024743
e5-counters-rdma-qps4,timed-4GiB,4294967296,5,gpu-3uwoq-6g3ya-2,1,208,0.025516
e5-counters-rdma-qps4,timed-4GiB,4294967296,5,gpu-3uwoq-6g3ya-2,1,209,0.025645
e5-counters-rdma-qps4,timed-4GiB,4294967296,5,gpu-3uwoq-6g3ya-2,1,210,0.025227
e5-counters-rdma-qps4,timed-4GiB,4294967296,5,gpu-3uwoq-6g3ya-2,1,211,0.025265
e5-counters-rdma-qps4,timed-4GiB,4294967296,5,gpu-3uwoq-6g3ya-2,1,212,0.025084
e5-counters-rdma-qps4,timed-4GiB,4294967296,5,gpu-3uwoq-6g3ya-2,1,213,0.024998
e5-counters-rdma-qps4,timed-4GiB,4294967296,5,gpu-3uwoq-6g3ya-2,1,214,0.024781
e5-counters-rdma-qps4,timed-4GiB,4294967296,5,gpu-3uwoq-6g3ya-2,1,215,0.024764
e5-counters-rdma-qps4,timed-4GiB,4294967296,5,gpu-3uwoq-6g3ya-2,1,216,0.024751
e5-counters-rdma-qps4,timed-4GiB,4294967296,5,gpu-3uwoq-6g3ya-2,1,217,0.025196
e5-counters-rdma-qps4,timed-4GiB,4294967296,5,gpu-3uwoq-6g3ya-2,1,218,0.026180
e5-counters-rdma-qps4,timed-4GiB,4294967296,5,gpu-3uwoq-6g3ya-2,1,219,0.025642
e5-counters-rdma-qps4,timed-4GiB,4294967296,5,gpu-3uwoq-6g3ya-2,1,220,0.025519
e5-counters-rdma-qps4,timed-4GiB,4294967296,5,gpu-3uwoq-6g3ya-2,1,221,0.025525
e5-counters-rdma-qps4,timed-4GiB,4294967296,5,gpu-3uwoq-6g3ya-2,1,222,0.025528
e5-counters-rdma-qps4,timed-4GiB,4294967296,5,gpu-3uwoq-6g3ya-2,1,223,0.025167
e5-counters-rdma-qps4,timed-4GiB,4294967296,5,gpu-3uwoq-6g3ya-2,1,224,0.025303
e5-counters-rdma-qps4,timed-4GiB,4294967296,5,gpu-3uwoq-6g3ya-2,1,225,0.025161
e5-counters-rdma-qps4,timed-4GiB,4294967296,5,gpu-3uwoq-6g3ya-2,1,226,0.025027
e5-counters-rdma-qps4,timed-4GiB,4294967296,5,gpu-3uwoq-6g3ya-2,1,227,0.024987
e5-counters-rdma-qps4,timed-4GiB,4294967296,5,gpu-3uwoq-6g3ya-2,1,228,0.024767
e5-counters-rdma-qps4,timed-4GiB,4294967296,5,gpu-3uwoq-6g3ya-2,1,229,0.024771
e5-counters-rdma-qps4,timed-4GiB,4294967296,5,gpu-3uwoq-6g3ya-2,1,230,0.024703
e5-counters-rdma-qps4,timed-4GiB,4294967296,5,gpu-3uwoq-6g3ya-2,1,231,0.025087
e5-counters-rdma-qps4,timed-4GiB,4294967296,5,gpu-3uwoq-6g3ya-2,1,232,0.025218
e5-counters-rdma-qps4,timed-4GiB,4294967296,5,gpu-3uwoq-6g3ya-2,1,233,0.025098
e5-counters-rdma-qps4,timed-4GiB,4294967296,5,gpu-3uwoq-6g3ya-2,1,234,0.025023
e5-counters-rdma-qps4,timed-4GiB,4294967296,5,gpu-3uwoq-6g3ya-2,1,235,0.025032
e5-counters-rdma-qps4,timed-4GiB,4294967296,5,gpu-3uwoq-6g3ya-2,1,236,0.025055
e5-counters-rdma-qps4,timed-4GiB,4294967296,5,gpu-3uwoq-6g3ya-2,1,237,0.025057
e5-counters-rdma-qps4,timed-4GiB,4294967296,5,gpu-3uwoq-6g3ya-2,1,238,0.024922
e5-counters-rdma-qps4,timed-4GiB,4294967296,5,gpu-3uwoq-6g3ya-2,1,239,0.024770
e5-counters-rdma-qps4,timed-4GiB,4294967296,5,gpu-3uwoq-6g3ya-2,1,240,0.024774
e5-counters-rdma-qps4,timed-4GiB,4294967296,5,gpu-3uwoq-6g3ya-2,1,241,0.024770
e5-counters-rdma-qps4,timed-4GiB,4294967296,5,gpu-3uwoq-6g3ya-2,1,242,0.025199
e5-counters-rdma-qps4,timed-4GiB,4294967296,5,gpu-3uwoq-6g3ya-2,1,243,0.025175
e5-counters-rdma-qps4,timed-4GiB,4294967296,5,gpu-3uwoq-6g3ya-2,1,244,0.024896
e5-counters-rdma-qps4,timed-4GiB,4294967296,5,gpu-3uwoq-6g3ya-2,1,245,0.024889
e5-counters-rdma-qps4,timed-4GiB,4294967296,5,gpu-3uwoq-6g3ya-2,1,246,0.024871
e5-counters-rdma-qps4,timed-4GiB,4294967296,5,gpu-3uwoq-6g3ya-2,1,247,0.024985
e5-counters-rdma-qps4,timed-4GiB,4294967296,5,gpu-3uwoq-6g3ya-2,1,248,0.024867
e5-counters-rdma-qps4,timed-4GiB,4294967296,5,gpu-3uwoq-6g3ya-2,1,249,0.024709
e5-counters-rdma-qps4,timed-4GiB,4294967296,5,gpu-3uwoq-6g3ya-2,1,250,0.025080
e5-counters-rdma-qps4,timed-4GiB,4294967296,5,gpu-3uwoq-6g3ya-2,1,251,0.024719
e5-counters-rdma-qps4,timed-4GiB,4294967296,5,gpu-3uwoq-6g3ya-2,1,252,0.024804
e5-counters-rdma-qps4,timed-4GiB,4294967296,5,gpu-3uwoq-6g3ya-2,1,253,0.024721
e5-counters-rdma-qps4,timed-4GiB,4294967296,5,gpu-3uwoq-6g3ya-2,1,254,0.024647
e5-counters-rdma-qps4,timed-4GiB,4294967296,5,gpu-3uwoq-6g3ya-2,1,255,0.024807
e5-counters-rdma-qps4,timed-4GiB,4294967296,5,gpu-3uwoq-6g3ya-2,1,256,0.024660
e5-counters-rdma-qps4,timed-4GiB,4294967296,5,gpu-3uwoq-6g3ya-2,1,257,0.024817
e5-counters-rdma-qps4,timed-4GiB,4294967296,5,gpu-3uwoq-6g3ya-2,1,258,0.025479
e5-counters-rdma-qps4,timed-4GiB,4294967296,5,gpu-3uwoq-6g3ya-2,1,259,0.025986
e5-counters-rdma-qps4,timed-4GiB,4294967296,5,gpu-3uwoq-6g3ya-2,1,260,0.025849
e5-counters-rdma-qps4,timed-4GiB,4294967296,5,gpu-3uwoq-6g3ya-2,1,261,0.025118
e5-counters-rdma-qps4,timed-4GiB,4294967296,5,gpu-3uwoq-6g3ya-2,1,262,0.024945
e5-counters-rdma-qps4,timed-4GiB,4294967296,5,gpu-3uwoq-6g3ya-2,1,263,0.024873
e5-counters-rdma-qps4,timed-4GiB,4294967296,5,gpu-3uwoq-6g3ya-2,1,264,0.024832
e5-counters-rdma-qps4,timed-4GiB,4294967296,5,gpu-3uwoq-6g3ya-2,1,265,0.024717
e5-counters-rdma-qps4,timed-4GiB,4294967296,5,gpu-3uwoq-6g3ya-2,1,266,0.025187
e5-counters-rdma-qps4,timed-4GiB,4294967296,5,gpu-3uwoq-6g3ya-2,1,267,0.025198
e5-counters-rdma-qps4,timed-4GiB,4294967296,5,gpu-3uwoq-6g3ya-2,1,268,0.025033
e5-counters-rdma-qps4,timed-4GiB,4294967296,5,gpu-3uwoq-6g3ya-2,1,269,0.024946
e5-counters-rdma-qps4,timed-4GiB,4294967296,5,gpu-3uwoq-6g3ya-2,1,270,0.024840
e5-counters-rdma-qps4,timed-4GiB,4294967296,5,gpu-3uwoq-6g3ya-2,1,271,0.024870
e5-counters-rdma-qps4,timed-4GiB,4294967296,5,gpu-3uwoq-6g3ya-2,1,272,0.025371
e5-counters-rdma-qps4,timed-4GiB,4294967296,5,gpu-3uwoq-6g3ya-2,1,273,0.025298
e5-counters-rdma-qps4,timed-4GiB,4294967296,5,gpu-3uwoq-6g3ya-2,1,274,0.024986
e5-counters-rdma-qps4,timed-4GiB,4294967296,5,gpu-3uwoq-6g3ya-2,1,275,0.024924
e5-counters-rdma-qps4,timed-4GiB,4294967296,5,gpu-3uwoq-6g3ya-2,1,276,0.024865
e5-counters-rdma-qps4,timed-4GiB,4294967296,5,gpu-3uwoq-6g3ya-2,1,277,0.024665
e5-counters-rdma-qps4,timed-4GiB,4294967296,5,gpu-3uwoq-6g3ya-2,1,278,0.024652
e5-counters-rdma-qps4,timed-4GiB,4294967296,5,gpu-3uwoq-6g3ya-2,1,279,0.024559
e5-counters-rdma-qps4,timed-4GiB,4294967296,5,gpu-3uwoq-6g3ya-2,1,280,0.024717
e5-counters-rdma-qps4,timed-4GiB,4294967296,5,gpu-3uwoq-6g3ya-2,1,281,0.024671
e5-counters-rdma-qps4,timed-4GiB,4294967296,5,gpu-3uwoq-6g3ya-2,1,282,0.024572
e5-counters-rdma-qps4,timed-4GiB,4294967296,5,gpu-3uwoq-6g3ya-2,1,283,0.024575
e5-counters-rdma-qps4,timed-4GiB,4294967296,5,gpu-3uwoq-6g3ya-2,1,284,0.024659
e5-counters-rdma-qps4,timed-4GiB,4294967296,5,gpu-3uwoq-6g3ya-2,1,285,0.024575
e5-counters-rdma-qps4,timed-4GiB,4294967296,5,gpu-3uwoq-6g3ya-2,1,286,0.024623
e5-counters-rdma-qps4,timed-4GiB,4294967296,5,gpu-3uwoq-6g3ya-2,1,287,0.024513
e5-counters-rdma-qps4,timed-4GiB,4294967296,5,gpu-3uwoq-6g3ya-2,1,288,0.024357
e5-counters-rdma-qps4,timed-4GiB,4294967296,5,gpu-3uwoq-6g3ya-2,1,289,0.024618
e5-counters-rdma-qps4,timed-4GiB,4294967296,5,gpu-3uwoq-6g3ya-2,1,290,0.024738
e5-counters-rdma-qps4,timed-4GiB,4294967296,5,gpu-3uwoq-6g3ya-2,1,291,0.024736
e5-counters-rdma-qps4,timed-4GiB,4294967296,5,gpu-3uwoq-6g3ya-2,1,292,0.024675
e5-counters-rdma-qps4,timed-4GiB,4294967296,5,gpu-3uwoq-6g3ya-2,1,293,0.024612
e5-counters-rdma-qps4,timed-4GiB,4294967296,5,gpu-3uwoq-6g3ya-2,1,294,0.024591
e5-counters-rdma-qps4,timed-4GiB,4294967296,5,gpu-3uwoq-6g3ya-2,1,295,0.024625
e5-counters-rdma-qps4,timed-4GiB,4294967296,5,gpu-3uwoq-6g3ya-2,1,296,0.024658
e5-counters-rdma-qps4,timed-4GiB,4294967296,5,gpu-3uwoq-6g3ya-2,1,297,0.024729
e5-counters-rdma-qps4,timed-4GiB,4294967296,5,gpu-3uwoq-6g3ya-2,1,298,0.025240
e5-counters-rdma-qps4,timed-4GiB,4294967296,5,gpu-3uwoq-6g3ya-2,1,299,0.025634
e5-counters-rdma-qps4,timed-4GiB,4294967296,5,gpu-3uwoq-6g3ya-2,1,300,0.025410
e5-counters-rdma-qps4,timed-4GiB,4294967296,5,gpu-3uwoq-6g3ya-2,1,301,0.024973
e5-counters-rdma-qps4,timed-4GiB,4294967296,5,gpu-3uwoq-6g3ya-2,1,302,0.024959
e5-counters-rdma-qps4,timed-4GiB,4294967296,5,gpu-3uwoq-6g3ya-2,1,303,0.024819
e5-counters-rdma-qps4,timed-4GiB,4294967296,5,gpu-3uwoq-6g3ya-2,1,304,0.024838
e5-counters-rdma-qps4,timed-4GiB,4294967296,5,gpu-3uwoq-6g3ya-2,1,305,0.024732
e5-counters-rdma-qps4,timed-4GiB,4294967296,5,gpu-3uwoq-6g3ya-2,1,306,0.024656
e5-counters-rdma-qps4,timed-4GiB,4294967296,5,gpu-3uwoq-6g3ya-2,1,307,0.024684
e5-counters-rdma-qps4,timed-4GiB,4294967296,5,gpu-3uwoq-6g3ya-2,1,308,0.024652
e5-counters-rdma-qps4,timed-4GiB,4294967296,5,gpu-3uwoq-6g3ya-2,1,309,0.024623
e5-counters-rdma-qps4,timed-4GiB,4294967296,5,gpu-3uwoq-6g3ya-2,1,310,0.024591
e5-counters-rdma-qps4,timed-4GiB,4294967296,5,gpu-3uwoq-6g3ya-2,1,311,0.024852
e5-counters-rdma-qps4,timed-4GiB,4294967296,5,gpu-3uwoq-6g3ya-2,1,312,0.024998
e5-counters-rdma-qps4,timed-4GiB,4294967296,5,gpu-3uwoq-6g3ya-2,1,313,0.025212
e5-counters-rdma-qps4,timed-4GiB,4294967296,5,gpu-3uwoq-6g3ya-2,1,314,0.024894
e5-counters-rdma-qps4,timed-4GiB,4294967296,5,gpu-3uwoq-6g3ya-2,1,315,0.024835
e5-counters-rdma-qps4,timed-4GiB,4294967296,5,gpu-3uwoq-6g3ya-2,1,316,0.024745
e5-counters-rdma-qps4,timed-4GiB,4294967296,5,gpu-3uwoq-6g3ya-2,1,317,0.024821
e5-counters-rdma-qps4,timed-4GiB,4294967296,5,gpu-3uwoq-6g3ya-2,1,318,0.024953
e5-counters-rdma-qps4,timed-4GiB,4294967296,5,gpu-3uwoq-6g3ya-2,1,319,0.024747
e5-counters-rdma-qps4,timed-4GiB,4294967296,5,gpu-3uwoq-6g3ya-2,1,320,0.024683
e5-counters-rdma-qps4,timed-4GiB,4294967296,5,gpu-3uwoq-6g3ya-2,1,321,0.024560
e5-counters-rdma-qps4,timed-4GiB,4294967296,5,gpu-3uwoq-6g3ya-2,1,322,0.024892
e5-counters-rdma-qps4,timed-4GiB,4294967296,5,gpu-3uwoq-6g3ya-2,1,323,0.025095
e5-counters-rdma-qps4,timed-4GiB,4294967296,5,gpu-3uwoq-6g3ya-2,1,324,0.024881
e5-counters-rdma-qps4,timed-4GiB,4294967296,5,gpu-3uwoq-6g3ya-2,1,325,0.024772
e5-counters-rdma-qps4,timed-4GiB,4294967296,5,gpu-3uwoq-6g3ya-2,1,326,0.024749
e5-counters-rdma-qps4,timed-4GiB,4294967296,5,gpu-3uwoq-6g3ya-2,1,327,0.024777
e5-counters-rdma-qps4,timed-4GiB,4294967296,5,gpu-3uwoq-6g3ya-2,1,328,0.024825
e5-counters-rdma-qps4,timed-4GiB,4294967296,5,gpu-3uwoq-6g3ya-2,1,329,0.024600
e5-counters-rdma-qps4,timed-4GiB,4294967296,5,gpu-3uwoq-6g3ya-2,1,330,0.024658
e5-counters-rdma-qps4,timed-4GiB,4294967296,5,gpu-3uwoq-6g3ya-2,1,331,0.024821
e5-counters-rdma-qps4,timed-4GiB,4294967296,5,gpu-3uwoq-6g3ya-2,1,332,0.024835
e5-counters-rdma-qps4,timed-4GiB,4294967296,5,gpu-3uwoq-6g3ya-2,1,333,0.024633
e5-counters-rdma-qps4,timed-4GiB,4294967296,5,gpu-3uwoq-6g3ya-2,1,334,0.024603
e5-counters-rdma-qps4,timed-4GiB,4294967296,5,gpu-3uwoq-6g3ya-2,1,335,0.024544
e5-counters-rdma-qps4,timed-4GiB,4294967296,5,gpu-3uwoq-6g3ya-2,1,336,0.024622
e5-counters-rdma-qps4,timed-4GiB,4294967296,5,gpu-3uwoq-6g3ya-2,1,337,0.024581
e5-counters-rdma-qps4,timed-4GiB,4294967296,5,gpu-3uwoq-6g3ya-2,1,338,0.024816
e5-counters-rdma-qps4,timed-4GiB,4294967296,5,gpu-3uwoq-6g3ya-2,1,339,0.026040
e5-counters-rdma-qps4,timed-4GiB,4294967296,5,gpu-3uwoq-6g3ya-2,1,340,0.026349
e5-counters-rdma-qps4,timed-4GiB,4294967296,5,gpu-3uwoq-6g3ya-2,1,341,0.025662
e5-counters-rdma-qps4,timed-4GiB,4294967296,5,gpu-3uwoq-6g3ya-2,1,342,0.025184
e5-counters-rdma-qps4,timed-4GiB,4294967296,5,gpu-3uwoq-6g3ya-2,1,343,0.025066
e5-counters-rdma-qps4,timed-4GiB,4294967296,5,gpu-3uwoq-6g3ya-2,1,344,0.024928
e5-counters-rdma-qps4,timed-4GiB,4294967296,5,gpu-3uwoq-6g3ya-2,1,345,0.024862
e5-counters-rdma-qps4,timed-4GiB,4294967296,5,gpu-3uwoq-6g3ya-2,1,346,0.024749
e5-counters-rdma-qps4,timed-4GiB,4294967296,5,gpu-3uwoq-6g3ya-2,1,347,0.024750
e5-counters-rdma-qps4,timed-4GiB,4294967296,5,gpu-3uwoq-6g3ya-2,1,348,0.024640
e5-counters-rdma-qps4,timed-4GiB,4294967296,5,gpu-3uwoq-6g3ya-2,1,349,0.024618
e5-counters-rdma-qps4,timed-4GiB,4294967296,5,gpu-3uwoq-6g3ya-2,1,350,0.024726
e5-counters-rdma-qps4,timed-4GiB,4294967296,5,gpu-3uwoq-6g3ya-2,1,351,0.024566
e5-counters-rdma-qps4,timed-4GiB,4294967296,5,gpu-3uwoq-6g3ya-2,1,352,0.024681
e5-counters-rdma-qps4,timed-4GiB,4294967296,5,gpu-3uwoq-6g3ya-2,1,353,0.024608
e5-counters-rdma-qps4,timed-4GiB,4294967296,5,gpu-3uwoq-6g3ya-2,1,354,0.024638
e5-counters-rdma-qps4,timed-4GiB,4294967296,5,gpu-3uwoq-6g3ya-2,1,355,0.024660
e5-counters-rdma-qps4,timed-4GiB,4294967296,5,gpu-3uwoq-6g3ya-2,1,356,0.024585
e5-counters-rdma-qps4,timed-4GiB,4294967296,5,gpu-3uwoq-6g3ya-2,1,357,0.024450
e5-counters-rdma-qps4,timed-4GiB,4294967296,5,gpu-3uwoq-6g3ya-2,1,358,0.024650
e5-counters-rdma-qps4,timed-4GiB,4294967296,5,gpu-3uwoq-6g3ya-2,1,359,0.024629
e5-counters-rdma-qps4,timed-4GiB,4294967296,5,gpu-3uwoq-6g3ya-2,1,360,0.024586
e5-counters-rdma-qps4,timed-4GiB,4294967296,5,gpu-3uwoq-6g3ya-2,1,361,0.024567
e5-counters-rdma-qps4,timed-4GiB,4294967296,5,gpu-3uwoq-6g3ya-2,1,362,0.024549
e5-counters-rdma-qps4,timed-4GiB,4294967296,5,gpu-3uwoq-6g3ya-2,1,363,0.024618
e5-counters-rdma-qps4,timed-4GiB,4294967296,5,gpu-3uwoq-6g3ya-2,1,364,0.024953
e5-counters-rdma-qps4,timed-4GiB,4294967296,5,gpu-3uwoq-6g3ya-2,1,365,0.024907
e5-counters-rdma-qps4,timed-4GiB,4294967296,5,gpu-3uwoq-6g3ya-2,1,366,0.024916
e5-counters-rdma-qps4,timed-4GiB,4294967296,5,gpu-3uwoq-6g3ya-2,1,367,0.024726
e5-counters-rdma-qps4,timed-4GiB,4294967296,5,gpu-3uwoq-6g3ya-2,1,368,0.024698
e5-counters-rdma-qps4,timed-4GiB,4294967296,5,gpu-3uwoq-6g3ya-2,1,369,0.024804
e5-counters-rdma-qps4,timed-4GiB,4294967296,5,gpu-3uwoq-6g3ya-2,1,370,0.024748
e5-counters-rdma-qps4,timed-4GiB,4294967296,5,gpu-3uwoq-6g3ya-2,1,371,0.024909
e5-counters-rdma-qps4,timed-4GiB,4294967296,5,gpu-3uwoq-6g3ya-2,1,372,0.024793
e5-counters-rdma-qps4,timed-4GiB,4294967296,5,gpu-3uwoq-6g3ya-2,1,373,0.024654
e5-counters-rdma-qps4,timed-4GiB,4294967296,5,gpu-3uwoq-6g3ya-2,1,374,0.024799
e5-counters-rdma-qps4,timed-4GiB,4294967296,5,gpu-3uwoq-6g3ya-2,1,375,0.024596
e5-counters-rdma-qps4,timed-4GiB,4294967296,5,gpu-3uwoq-6g3ya-2,1,376,0.024746
e5-counters-rdma-qps4,timed-4GiB,4294967296,5,gpu-3uwoq-6g3ya-2,1,377,0.024568
e5-counters-rdma-qps4,timed-4GiB,4294967296,5,gpu-3uwoq-6g3ya-2,1,378,0.024674
e5-counters-rdma-qps4,timed-4GiB,4294967296,5,gpu-3uwoq-6g3ya-2,1,379,0.025571
e5-counters-rdma-qps4,timed-4GiB,4294967296,5,gpu-3uwoq-6g3ya-2,1,380,0.025170
e5-counters-rdma-qps4,timed-4GiB,4294967296,5,gpu-3uwoq-6g3ya-2,1,381,0.024901
e5-counters-rdma-qps4,timed-4GiB,4294967296,5,gpu-3uwoq-6g3ya-2,1,382,0.024857
e5-counters-rdma-qps4,timed-4GiB,4294967296,5,gpu-3uwoq-6g3ya-2,1,383,0.024622
e5-counters-rdma-qps4,timed-4GiB,4294967296,5,gpu-3uwoq-6g3ya-2,1,384,0.024773
e5-counters-rdma-qps4,timed-4GiB,4294967296,5,gpu-3uwoq-6g3ya-2,1,385,0.025136
e5-counters-rdma-qps4,timed-4GiB,4294967296,5,gpu-3uwoq-6g3ya-2,1,386,0.025346
e5-counters-rdma-qps4,timed-4GiB,4294967296,5,gpu-3uwoq-6g3ya-2,1,387,0.024962
e5-counters-rdma-qps4,timed-4GiB,4294967296,5,gpu-3uwoq-6g3ya-2,1,388,0.024901
e5-counters-rdma-qps4,timed-4GiB,4294967296,5,gpu-3uwoq-6g3ya-2,1,389,0.024901
e5-counters-rdma-qps4,timed-4GiB,4294967296,5,gpu-3uwoq-6g3ya-2,1,390,0.024957
e5-counters-rdma-qps4,timed-4GiB,4294967296,5,gpu-3uwoq-6g3ya-2,1,391,0.024702
e5-counters-rdma-qps4,timed-4GiB,4294967296,5,gpu-3uwoq-6g3ya-2,1,392,0.024715
e5-counters-rdma-qps4,timed-4GiB,4294967296,5,gpu-3uwoq-6g3ya-2,1,393,0.024519
e5-counters-rdma-qps4,timed-4GiB,4294967296,5,gpu-3uwoq-6g3ya-2,1,394,0.024580
e5-counters-rdma-qps4,timed-4GiB,4294967296,5,gpu-3uwoq-6g3ya-2,1,395,0.024852
e5-counters-rdma-qps4,timed-4GiB,4294967296,5,gpu-3uwoq-6g3ya-2,1,396,0.024936
e5-counters-rdma-qps4,timed-4GiB,4294967296,5,gpu-3uwoq-6g3ya-2,1,397,0.024975
e5-counters-rdma-qps4,timed-4GiB,4294967296,5,gpu-3uwoq-6g3ya-2,1,398,0.024877
e5-counters-rdma-qps4,timed-4GiB,4294967296,5,gpu-3uwoq-6g3ya-2,1,399,0.024910
e5-counters-rdma-qps4,timed-4GiB,4294967296,6,gpu-3uwoq-6g3ya-2,2,0,0.057038
e5-counters-rdma-qps4,timed-4GiB,4294967296,6,gpu-3uwoq-6g3ya-2,2,1,0.030328
e5-counters-rdma-qps4,timed-4GiB,4294967296,6,gpu-3uwoq-6g3ya-2,2,2,0.026819
e5-counters-rdma-qps4,timed-4GiB,4294967296,6,gpu-3uwoq-6g3ya-2,2,3,0.025285
e5-counters-rdma-qps4,timed-4GiB,4294967296,6,gpu-3uwoq-6g3ya-2,2,4,0.025081
e5-counters-rdma-qps4,timed-4GiB,4294967296,6,gpu-3uwoq-6g3ya-2,2,5,0.024897
e5-counters-rdma-qps4,timed-4GiB,4294967296,6,gpu-3uwoq-6g3ya-2,2,6,0.024965
e5-counters-rdma-qps4,timed-4GiB,4294967296,6,gpu-3uwoq-6g3ya-2,2,7,0.024885
e5-counters-rdma-qps4,timed-4GiB,4294967296,6,gpu-3uwoq-6g3ya-2,2,8,0.025031
e5-counters-rdma-qps4,timed-4GiB,4294967296,6,gpu-3uwoq-6g3ya-2,2,9,0.024862
e5-counters-rdma-qps4,timed-4GiB,4294967296,6,gpu-3uwoq-6g3ya-2,2,10,0.024923
e5-counters-rdma-qps4,timed-4GiB,4294967296,6,gpu-3uwoq-6g3ya-2,2,11,0.024830
e5-counters-rdma-qps4,timed-4GiB,4294967296,6,gpu-3uwoq-6g3ya-2,2,12,0.024603
e5-counters-rdma-qps4,timed-4GiB,4294967296,6,gpu-3uwoq-6g3ya-2,2,13,0.024589
e5-counters-rdma-qps4,timed-4GiB,4294967296,6,gpu-3uwoq-6g3ya-2,2,14,0.024775
e5-counters-rdma-qps4,timed-4GiB,4294967296,6,gpu-3uwoq-6g3ya-2,2,15,0.024787
e5-counters-rdma-qps4,timed-4GiB,4294967296,6,gpu-3uwoq-6g3ya-2,2,16,0.025268
e5-counters-rdma-qps4,timed-4GiB,4294967296,6,gpu-3uwoq-6g3ya-2,2,17,0.025332
e5-counters-rdma-qps4,timed-4GiB,4294967296,6,gpu-3uwoq-6g3ya-2,2,18,0.025197
e5-counters-rdma-qps4,timed-4GiB,4294967296,6,gpu-3uwoq-6g3ya-2,2,19,0.024973
e5-counters-rdma-qps4,timed-4GiB,4294967296,6,gpu-3uwoq-6g3ya-2,2,20,0.024810
e5-counters-rdma-qps4,timed-4GiB,4294967296,6,gpu-3uwoq-6g3ya-2,2,21,0.024851
e5-counters-rdma-qps4,timed-4GiB,4294967296,6,gpu-3uwoq-6g3ya-2,2,22,0.024893
e5-counters-rdma-qps4,timed-4GiB,4294967296,6,gpu-3uwoq-6g3ya-2,2,23,0.024627
e5-counters-rdma-qps4,timed-4GiB,4294967296,6,gpu-3uwoq-6g3ya-2,2,24,0.024699
e5-counters-rdma-qps4,timed-4GiB,4294967296,6,gpu-3uwoq-6g3ya-2,2,25,0.024755
e5-counters-rdma-qps4,timed-4GiB,4294967296,6,gpu-3uwoq-6g3ya-2,2,26,0.024555
e5-counters-rdma-qps4,timed-4GiB,4294967296,6,gpu-3uwoq-6g3ya-2,2,27,0.024553
e5-counters-rdma-qps4,timed-4GiB,4294967296,6,gpu-3uwoq-6g3ya-2,2,28,0.024562
e5-counters-rdma-qps4,timed-4GiB,4294967296,6,gpu-3uwoq-6g3ya-2,2,29,0.024500
e5-counters-rdma-qps4,timed-4GiB,4294967296,6,gpu-3uwoq-6g3ya-2,2,30,0.024545
e5-counters-rdma-qps4,timed-4GiB,4294967296,6,gpu-3uwoq-6g3ya-2,2,31,0.024713
e5-counters-rdma-qps4,timed-4GiB,4294967296,6,gpu-3uwoq-6g3ya-2,2,32,0.024570
e5-counters-rdma-qps4,timed-4GiB,4294967296,6,gpu-3uwoq-6g3ya-2,2,33,0.024480
e5-counters-rdma-qps4,timed-4GiB,4294967296,6,gpu-3uwoq-6g3ya-2,2,34,0.024558
e5-counters-rdma-qps4,timed-4GiB,4294967296,6,gpu-3uwoq-6g3ya-2,2,35,0.024369
e5-counters-rdma-qps4,timed-4GiB,4294967296,6,gpu-3uwoq-6g3ya-2,2,36,0.024484
e5-counters-rdma-qps4,timed-4GiB,4294967296,6,gpu-3uwoq-6g3ya-2,2,37,0.024522
e5-counters-rdma-qps4,timed-4GiB,4294967296,6,gpu-3uwoq-6g3ya-2,2,38,0.024447
e5-counters-rdma-qps4,timed-4GiB,4294967296,6,gpu-3uwoq-6g3ya-2,2,39,0.024476
e5-counters-rdma-qps4,timed-4GiB,4294967296,6,gpu-3uwoq-6g3ya-2,2,40,0.024557
e5-counters-rdma-qps4,timed-4GiB,4294967296,6,gpu-3uwoq-6g3ya-2,2,41,0.024485
e5-counters-rdma-qps4,timed-4GiB,4294967296,6,gpu-3uwoq-6g3ya-2,2,42,0.024450
e5-counters-rdma-qps4,timed-4GiB,4294967296,6,gpu-3uwoq-6g3ya-2,2,43,0.024586
e5-counters-rdma-qps4,timed-4GiB,4294967296,6,gpu-3uwoq-6g3ya-2,2,44,0.024658
e5-counters-rdma-qps4,timed-4GiB,4294967296,6,gpu-3uwoq-6g3ya-2,2,45,0.024577
e5-counters-rdma-qps4,timed-4GiB,4294967296,6,gpu-3uwoq-6g3ya-2,2,46,0.024600
e5-counters-rdma-qps4,timed-4GiB,4294967296,6,gpu-3uwoq-6g3ya-2,2,47,0.024512
e5-counters-rdma-qps4,timed-4GiB,4294967296,6,gpu-3uwoq-6g3ya-2,2,48,0.024558
e5-counters-rdma-qps4,timed-4GiB,4294967296,6,gpu-3uwoq-6g3ya-2,2,49,0.024844
e5-counters-rdma-qps4,timed-4GiB,4294967296,6,gpu-3uwoq-6g3ya-2,2,50,0.024658
e5-counters-rdma-qps4,timed-4GiB,4294967296,6,gpu-3uwoq-6g3ya-2,2,51,0.024866
e5-counters-rdma-qps4,timed-4GiB,4294967296,6,gpu-3uwoq-6g3ya-2,2,52,0.024636
e5-counters-rdma-qps4,timed-4GiB,4294967296,6,gpu-3uwoq-6g3ya-2,2,53,0.024574
e5-counters-rdma-qps4,timed-4GiB,4294967296,6,gpu-3uwoq-6g3ya-2,2,54,0.024556
e5-counters-rdma-qps4,timed-4GiB,4294967296,6,gpu-3uwoq-6g3ya-2,2,55,0.024583
e5-counters-rdma-qps4,timed-4GiB,4294967296,6,gpu-3uwoq-6g3ya-2,2,56,0.024646
e5-counters-rdma-qps4,timed-4GiB,4294967296,6,gpu-3uwoq-6g3ya-2,2,57,0.025572
e5-counters-rdma-qps4,timed-4GiB,4294967296,6,gpu-3uwoq-6g3ya-2,2,58,0.025400
e5-counters-rdma-qps4,timed-4GiB,4294967296,6,gpu-3uwoq-6g3ya-2,2,59,0.024978
e5-counters-rdma-qps4,timed-4GiB,4294967296,6,gpu-3uwoq-6g3ya-2,2,60,0.024715
e5-counters-rdma-qps4,timed-4GiB,4294967296,6,gpu-3uwoq-6g3ya-2,2,61,0.024877
e5-counters-rdma-qps4,timed-4GiB,4294967296,6,gpu-3uwoq-6g3ya-2,2,62,0.024754
e5-counters-rdma-qps4,timed-4GiB,4294967296,6,gpu-3uwoq-6g3ya-2,2,63,0.024876
e5-counters-rdma-qps4,timed-4GiB,4294967296,6,gpu-3uwoq-6g3ya-2,2,64,0.024807
e5-counters-rdma-qps4,timed-4GiB,4294967296,6,gpu-3uwoq-6g3ya-2,2,65,0.024654
e5-counters-rdma-qps4,timed-4GiB,4294967296,6,gpu-3uwoq-6g3ya-2,2,66,0.024738
e5-counters-rdma-qps4,timed-4GiB,4294967296,6,gpu-3uwoq-6g3ya-2,2,67,0.024656
e5-counters-rdma-qps4,timed-4GiB,4294967296,6,gpu-3uwoq-6g3ya-2,2,68,0.024655
e5-counters-rdma-qps4,timed-4GiB,4294967296,6,gpu-3uwoq-6g3ya-2,2,69,0.024644
e5-counters-rdma-qps4,timed-4GiB,4294967296,6,gpu-3uwoq-6g3ya-2,2,70,0.024759
e5-counters-rdma-qps4,timed-4GiB,4294967296,6,gpu-3uwoq-6g3ya-2,2,71,0.024701
e5-counters-rdma-qps4,timed-4GiB,4294967296,6,gpu-3uwoq-6g3ya-2,2,72,0.024651
e5-counters-rdma-qps4,timed-4GiB,4294967296,6,gpu-3uwoq-6g3ya-2,2,73,0.024735
e5-counters-rdma-qps4,timed-4GiB,4294967296,6,gpu-3uwoq-6g3ya-2,2,74,0.024670
e5-counters-rdma-qps4,timed-4GiB,4294967296,6,gpu-3uwoq-6g3ya-2,2,75,0.024627
e5-counters-rdma-qps4,timed-4GiB,4294967296,6,gpu-3uwoq-6g3ya-2,2,76,0.024610
e5-counters-rdma-qps4,timed-4GiB,4294967296,6,gpu-3uwoq-6g3ya-2,2,77,0.024697
e5-counters-rdma-qps4,timed-4GiB,4294967296,6,gpu-3uwoq-6g3ya-2,2,78,0.024656
e5-counters-rdma-qps4,timed-4GiB,4294967296,6,gpu-3uwoq-6g3ya-2,2,79,0.024594
e5-counters-rdma-qps4,timed-4GiB,4294967296,6,gpu-3uwoq-6g3ya-2,2,80,0.024530
e5-counters-rdma-qps4,timed-4GiB,4294967296,6,gpu-3uwoq-6g3ya-2,2,81,0.025107
e5-counters-rdma-qps4,timed-4GiB,4294967296,6,gpu-3uwoq-6g3ya-2,2,82,0.025340
e5-counters-rdma-qps4,timed-4GiB,4294967296,6,gpu-3uwoq-6g3ya-2,2,83,0.024679
e5-counters-rdma-qps4,timed-4GiB,4294967296,6,gpu-3uwoq-6g3ya-2,2,84,0.024720
e5-counters-rdma-qps4,timed-4GiB,4294967296,6,gpu-3uwoq-6g3ya-2,2,85,0.024699
e5-counters-rdma-qps4,timed-4GiB,4294967296,6,gpu-3uwoq-6g3ya-2,2,86,0.024819
e5-counters-rdma-qps4,timed-4GiB,4294967296,6,gpu-3uwoq-6g3ya-2,2,87,0.024487
e5-counters-rdma-qps4,timed-4GiB,4294967296,6,gpu-3uwoq-6g3ya-2,2,88,0.024591
e5-counters-rdma-qps4,timed-4GiB,4294967296,6,gpu-3uwoq-6g3ya-2,2,89,0.024756
e5-counters-rdma-qps4,timed-4GiB,4294967296,6,gpu-3uwoq-6g3ya-2,2,90,0.024668
e5-counters-rdma-qps4,timed-4GiB,4294967296,6,gpu-3uwoq-6g3ya-2,2,91,0.024620
e5-counters-rdma-qps4,timed-4GiB,4294967296,6,gpu-3uwoq-6g3ya-2,2,92,0.024551
e5-counters-rdma-qps4,timed-4GiB,4294967296,6,gpu-3uwoq-6g3ya-2,2,93,0.024597
e5-counters-rdma-qps4,timed-4GiB,4294967296,6,gpu-3uwoq-6g3ya-2,2,94,0.024546
e5-counters-rdma-qps4,timed-4GiB,4294967296,6,gpu-3uwoq-6g3ya-2,2,95,0.024572
e5-counters-rdma-qps4,timed-4GiB,4294967296,6,gpu-3uwoq-6g3ya-2,2,96,0.024703
e5-counters-rdma-qps4,timed-4GiB,4294967296,6,gpu-3uwoq-6g3ya-2,2,97,0.025230
e5-counters-rdma-qps4,timed-4GiB,4294967296,6,gpu-3uwoq-6g3ya-2,2,98,0.025352
e5-counters-rdma-qps4,timed-4GiB,4294967296,6,gpu-3uwoq-6g3ya-2,2,99,0.025293
e5-counters-rdma-qps4,timed-4GiB,4294967296,6,gpu-3uwoq-6g3ya-2,2,100,0.024740
e5-counters-rdma-qps4,timed-4GiB,4294967296,6,gpu-3uwoq-6g3ya-2,2,101,0.024806
e5-counters-rdma-qps4,timed-4GiB,4294967296,6,gpu-3uwoq-6g3ya-2,2,102,0.024771
e5-counters-rdma-qps4,timed-4GiB,4294967296,6,gpu-3uwoq-6g3ya-2,2,103,0.024873
e5-counters-rdma-qps4,timed-4GiB,4294967296,6,gpu-3uwoq-6g3ya-2,2,104,0.024852
e5-counters-rdma-qps4,timed-4GiB,4294967296,6,gpu-3uwoq-6g3ya-2,2,105,0.025102
e5-counters-rdma-qps4,timed-4GiB,4294967296,6,gpu-3uwoq-6g3ya-2,2,106,0.025036
e5-counters-rdma-qps4,timed-4GiB,4294967296,6,gpu-3uwoq-6g3ya-2,2,107,0.024843
e5-counters-rdma-qps4,timed-4GiB,4294967296,6,gpu-3uwoq-6g3ya-2,2,108,0.024911
e5-counters-rdma-qps4,timed-4GiB,4294967296,6,gpu-3uwoq-6g3ya-2,2,109,0.024906
e5-counters-rdma-qps4,timed-4GiB,4294967296,6,gpu-3uwoq-6g3ya-2,2,110,0.024820
e5-counters-rdma-qps4,timed-4GiB,4294967296,6,gpu-3uwoq-6g3ya-2,2,111,0.024935
e5-counters-rdma-qps4,timed-4GiB,4294967296,6,gpu-3uwoq-6g3ya-2,2,112,0.024736
e5-counters-rdma-qps4,timed-4GiB,4294967296,6,gpu-3uwoq-6g3ya-2,2,113,0.024720
e5-counters-rdma-qps4,timed-4GiB,4294967296,6,gpu-3uwoq-6g3ya-2,2,114,0.024644
e5-counters-rdma-qps4,timed-4GiB,4294967296,6,gpu-3uwoq-6g3ya-2,2,115,0.024673
e5-counters-rdma-qps4,timed-4GiB,4294967296,6,gpu-3uwoq-6g3ya-2,2,116,0.024828
e5-counters-rdma-qps4,timed-4GiB,4294967296,6,gpu-3uwoq-6g3ya-2,2,117,0.024818
e5-counters-rdma-qps4,timed-4GiB,4294967296,6,gpu-3uwoq-6g3ya-2,2,118,0.024750
e5-counters-rdma-qps4,timed-4GiB,4294967296,6,gpu-3uwoq-6g3ya-2,2,119,0.024727
e5-counters-rdma-qps4,timed-4GiB,4294967296,6,gpu-3uwoq-6g3ya-2,2,120,0.024740
e5-counters-rdma-qps4,timed-4GiB,4294967296,6,gpu-3uwoq-6g3ya-2,2,121,0.024682
e5-counters-rdma-qps4,timed-4GiB,4294967296,6,gpu-3uwoq-6g3ya-2,2,122,0.024601
e5-counters-rdma-qps4,timed-4GiB,4294967296,6,gpu-3uwoq-6g3ya-2,2,123,0.024752
e5-counters-rdma-qps4,timed-4GiB,4294967296,6,gpu-3uwoq-6g3ya-2,2,124,0.024627
e5-counters-rdma-qps4,timed-4GiB,4294967296,6,gpu-3uwoq-6g3ya-2,2,125,0.024669
e5-counters-rdma-qps4,timed-4GiB,4294967296,6,gpu-3uwoq-6g3ya-2,2,126,0.024816
e5-counters-rdma-qps4,timed-4GiB,4294967296,6,gpu-3uwoq-6g3ya-2,2,127,0.024644
e5-counters-rdma-qps4,timed-4GiB,4294967296,6,gpu-3uwoq-6g3ya-2,2,128,0.024597
e5-counters-rdma-qps4,timed-4GiB,4294967296,6,gpu-3uwoq-6g3ya-2,2,129,0.024788
e5-counters-rdma-qps4,timed-4GiB,4294967296,6,gpu-3uwoq-6g3ya-2,2,130,0.024783
e5-counters-rdma-qps4,timed-4GiB,4294967296,6,gpu-3uwoq-6g3ya-2,2,131,0.024638
e5-counters-rdma-qps4,timed-4GiB,4294967296,6,gpu-3uwoq-6g3ya-2,2,132,0.024548
e5-counters-rdma-qps4,timed-4GiB,4294967296,6,gpu-3uwoq-6g3ya-2,2,133,0.024661
e5-counters-rdma-qps4,timed-4GiB,4294967296,6,gpu-3uwoq-6g3ya-2,2,134,0.024492
e5-counters-rdma-qps4,timed-4GiB,4294967296,6,gpu-3uwoq-6g3ya-2,2,135,0.024771
e5-counters-rdma-qps4,timed-4GiB,4294967296,6,gpu-3uwoq-6g3ya-2,2,136,0.024699
e5-counters-rdma-qps4,timed-4GiB,4294967296,6,gpu-3uwoq-6g3ya-2,2,137,0.024987
e5-counters-rdma-qps4,timed-4GiB,4294967296,6,gpu-3uwoq-6g3ya-2,2,138,0.026193
e5-counters-rdma-qps4,timed-4GiB,4294967296,6,gpu-3uwoq-6g3ya-2,2,139,0.025676
e5-counters-rdma-qps4,timed-4GiB,4294967296,6,gpu-3uwoq-6g3ya-2,2,140,0.025328
e5-counters-rdma-qps4,timed-4GiB,4294967296,6,gpu-3uwoq-6g3ya-2,2,141,0.025068
e5-counters-rdma-qps4,timed-4GiB,4294967296,6,gpu-3uwoq-6g3ya-2,2,142,0.025061
e5-counters-rdma-qps4,timed-4GiB,4294967296,6,gpu-3uwoq-6g3ya-2,2,143,0.024828
e5-counters-rdma-qps4,timed-4GiB,4294967296,6,gpu-3uwoq-6g3ya-2,2,144,0.024969
e5-counters-rdma-qps4,timed-4GiB,4294967296,6,gpu-3uwoq-6g3ya-2,2,145,0.025008
e5-counters-rdma-qps4,timed-4GiB,4294967296,6,gpu-3uwoq-6g3ya-2,2,146,0.024881
e5-counters-rdma-qps4,timed-4GiB,4294967296,6,gpu-3uwoq-6g3ya-2,2,147,0.024836
e5-counters-rdma-qps4,timed-4GiB,4294967296,6,gpu-3uwoq-6g3ya-2,2,148,0.024889
e5-counters-rdma-qps4,timed-4GiB,4294967296,6,gpu-3uwoq-6g3ya-2,2,149,0.024847
e5-counters-rdma-qps4,timed-4GiB,4294967296,6,gpu-3uwoq-6g3ya-2,2,150,0.024750
e5-counters-rdma-qps4,timed-4GiB,4294967296,6,gpu-3uwoq-6g3ya-2,2,151,0.024773
e5-counters-rdma-qps4,timed-4GiB,4294967296,6,gpu-3uwoq-6g3ya-2,2,152,0.024836
e5-counters-rdma-qps4,timed-4GiB,4294967296,6,gpu-3uwoq-6g3ya-2,2,153,0.024871
e5-counters-rdma-qps4,timed-4GiB,4294967296,6,gpu-3uwoq-6g3ya-2,2,154,0.024778
e5-counters-rdma-qps4,timed-4GiB,4294967296,6,gpu-3uwoq-6g3ya-2,2,155,0.024836
e5-counters-rdma-qps4,timed-4GiB,4294967296,6,gpu-3uwoq-6g3ya-2,2,156,0.024824
e5-counters-rdma-qps4,timed-4GiB,4294967296,6,gpu-3uwoq-6g3ya-2,2,157,0.024914
e5-counters-rdma-qps4,timed-4GiB,4294967296,6,gpu-3uwoq-6g3ya-2,2,158,0.024791
e5-counters-rdma-qps4,timed-4GiB,4294967296,6,gpu-3uwoq-6g3ya-2,2,159,0.024941
e5-counters-rdma-qps4,timed-4GiB,4294967296,6,gpu-3uwoq-6g3ya-2,2,160,0.024910
e5-counters-rdma-qps4,timed-4GiB,4294967296,6,gpu-3uwoq-6g3ya-2,2,161,0.024590
e5-counters-rdma-qps4,timed-4GiB,4294967296,6,gpu-3uwoq-6g3ya-2,2,162,0.024730
e5-counters-rdma-qps4,timed-4GiB,4294967296,6,gpu-3uwoq-6g3ya-2,2,163,0.024578
e5-counters-rdma-qps4,timed-4GiB,4294967296,6,gpu-3uwoq-6g3ya-2,2,164,0.024592
e5-counters-rdma-qps4,timed-4GiB,4294967296,6,gpu-3uwoq-6g3ya-2,2,165,0.024688
e5-counters-rdma-qps4,timed-4GiB,4294967296,6,gpu-3uwoq-6g3ya-2,2,166,0.024629
e5-counters-rdma-qps4,timed-4GiB,4294967296,6,gpu-3uwoq-6g3ya-2,2,167,0.024560
e5-counters-rdma-qps4,timed-4GiB,4294967296,6,gpu-3uwoq-6g3ya-2,2,168,0.024652
e5-counters-rdma-qps4,timed-4GiB,4294967296,6,gpu-3uwoq-6g3ya-2,2,169,0.024591
e5-counters-rdma-qps4,timed-4GiB,4294967296,6,gpu-3uwoq-6g3ya-2,2,170,0.025095
e5-counters-rdma-qps4,timed-4GiB,4294967296,6,gpu-3uwoq-6g3ya-2,2,171,0.024851
e5-counters-rdma-qps4,timed-4GiB,4294967296,6,gpu-3uwoq-6g3ya-2,2,172,0.024646
e5-counters-rdma-qps4,timed-4GiB,4294967296,6,gpu-3uwoq-6g3ya-2,2,173,0.024612
e5-counters-rdma-qps4,timed-4GiB,4294967296,6,gpu-3uwoq-6g3ya-2,2,174,0.024578
e5-counters-rdma-qps4,timed-4GiB,4294967296,6,gpu-3uwoq-6g3ya-2,2,175,0.024568
e5-counters-rdma-qps4,timed-4GiB,4294967296,6,gpu-3uwoq-6g3ya-2,2,176,0.024582
e5-counters-rdma-qps4,timed-4GiB,4294967296,6,gpu-3uwoq-6g3ya-2,2,177,0.024755
e5-counters-rdma-qps4,timed-4GiB,4294967296,6,gpu-3uwoq-6g3ya-2,2,178,0.025486
e5-counters-rdma-qps4,timed-4GiB,4294967296,6,gpu-3uwoq-6g3ya-2,2,179,0.025529
e5-counters-rdma-qps4,timed-4GiB,4294967296,6,gpu-3uwoq-6g3ya-2,2,180,0.025035
e5-counters-rdma-qps4,timed-4GiB,4294967296,6,gpu-3uwoq-6g3ya-2,2,181,0.024795
e5-counters-rdma-qps4,timed-4GiB,4294967296,6,gpu-3uwoq-6g3ya-2,2,182,0.024778
e5-counters-rdma-qps4,timed-4GiB,4294967296,6,gpu-3uwoq-6g3ya-2,2,183,0.024779
e5-counters-rdma-qps4,timed-4GiB,4294967296,6,gpu-3uwoq-6g3ya-2,2,184,0.024687
e5-counters-rdma-qps4,timed-4GiB,4294967296,6,gpu-3uwoq-6g3ya-2,2,185,0.024648
e5-counters-rdma-qps4,timed-4GiB,4294967296,6,gpu-3uwoq-6g3ya-2,2,186,0.024673
e5-counters-rdma-qps4,timed-4GiB,4294967296,6,gpu-3uwoq-6g3ya-2,2,187,0.024617
e5-counters-rdma-qps4,timed-4GiB,4294967296,6,gpu-3uwoq-6g3ya-2,2,188,0.024593
e5-counters-rdma-qps4,timed-4GiB,4294967296,6,gpu-3uwoq-6g3ya-2,2,189,0.024664
e5-counters-rdma-qps4,timed-4GiB,4294967296,6,gpu-3uwoq-6g3ya-2,2,190,0.024677
e5-counters-rdma-qps4,timed-4GiB,4294967296,6,gpu-3uwoq-6g3ya-2,2,191,0.024605
e5-counters-rdma-qps4,timed-4GiB,4294967296,6,gpu-3uwoq-6g3ya-2,2,192,0.024791
e5-counters-rdma-qps4,timed-4GiB,4294967296,6,gpu-3uwoq-6g3ya-2,2,193,0.024519
e5-counters-rdma-qps4,timed-4GiB,4294967296,6,gpu-3uwoq-6g3ya-2,2,194,0.024669
e5-counters-rdma-qps4,timed-4GiB,4294967296,6,gpu-3uwoq-6g3ya-2,2,195,0.024617
e5-counters-rdma-qps4,timed-4GiB,4294967296,6,gpu-3uwoq-6g3ya-2,2,196,0.024603
e5-counters-rdma-qps4,timed-4GiB,4294967296,6,gpu-3uwoq-6g3ya-2,2,197,0.024632
e5-counters-rdma-qps4,timed-4GiB,4294967296,6,gpu-3uwoq-6g3ya-2,2,198,0.024643
e5-counters-rdma-qps4,timed-4GiB,4294967296,6,gpu-3uwoq-6g3ya-2,2,199,0.024713
e5-counters-rdma-qps4,timed-4GiB,4294967296,6,gpu-3uwoq-6g3ya-2,2,200,0.024566
e5-counters-rdma-qps4,timed-4GiB,4294967296,6,gpu-3uwoq-6g3ya-2,2,201,0.024649
e5-counters-rdma-qps4,timed-4GiB,4294967296,6,gpu-3uwoq-6g3ya-2,2,202,0.024687
e5-counters-rdma-qps4,timed-4GiB,4294967296,6,gpu-3uwoq-6g3ya-2,2,203,0.024654
e5-counters-rdma-qps4,timed-4GiB,4294967296,6,gpu-3uwoq-6g3ya-2,2,204,0.024630
e5-counters-rdma-qps4,timed-4GiB,4294967296,6,gpu-3uwoq-6g3ya-2,2,205,0.024501
e5-counters-rdma-qps4,timed-4GiB,4294967296,6,gpu-3uwoq-6g3ya-2,2,206,0.024529
e5-counters-rdma-qps4,timed-4GiB,4294967296,6,gpu-3uwoq-6g3ya-2,2,207,0.024742
e5-counters-rdma-qps4,timed-4GiB,4294967296,6,gpu-3uwoq-6g3ya-2,2,208,0.025514
e5-counters-rdma-qps4,timed-4GiB,4294967296,6,gpu-3uwoq-6g3ya-2,2,209,0.025647
e5-counters-rdma-qps4,timed-4GiB,4294967296,6,gpu-3uwoq-6g3ya-2,2,210,0.025226
e5-counters-rdma-qps4,timed-4GiB,4294967296,6,gpu-3uwoq-6g3ya-2,2,211,0.025266
e5-counters-rdma-qps4,timed-4GiB,4294967296,6,gpu-3uwoq-6g3ya-2,2,212,0.025082
e5-counters-rdma-qps4,timed-4GiB,4294967296,6,gpu-3uwoq-6g3ya-2,2,213,0.024997
e5-counters-rdma-qps4,timed-4GiB,4294967296,6,gpu-3uwoq-6g3ya-2,2,214,0.024782
e5-counters-rdma-qps4,timed-4GiB,4294967296,6,gpu-3uwoq-6g3ya-2,2,215,0.024760
e5-counters-rdma-qps4,timed-4GiB,4294967296,6,gpu-3uwoq-6g3ya-2,2,216,0.024750
e5-counters-rdma-qps4,timed-4GiB,4294967296,6,gpu-3uwoq-6g3ya-2,2,217,0.025195
e5-counters-rdma-qps4,timed-4GiB,4294967296,6,gpu-3uwoq-6g3ya-2,2,218,0.026183
e5-counters-rdma-qps4,timed-4GiB,4294967296,6,gpu-3uwoq-6g3ya-2,2,219,0.025637
e5-counters-rdma-qps4,timed-4GiB,4294967296,6,gpu-3uwoq-6g3ya-2,2,220,0.025519
e5-counters-rdma-qps4,timed-4GiB,4294967296,6,gpu-3uwoq-6g3ya-2,2,221,0.025527
e5-counters-rdma-qps4,timed-4GiB,4294967296,6,gpu-3uwoq-6g3ya-2,2,222,0.025528
e5-counters-rdma-qps4,timed-4GiB,4294967296,6,gpu-3uwoq-6g3ya-2,2,223,0.025166
e5-counters-rdma-qps4,timed-4GiB,4294967296,6,gpu-3uwoq-6g3ya-2,2,224,0.025301
e5-counters-rdma-qps4,timed-4GiB,4294967296,6,gpu-3uwoq-6g3ya-2,2,225,0.025160
e5-counters-rdma-qps4,timed-4GiB,4294967296,6,gpu-3uwoq-6g3ya-2,2,226,0.025027
e5-counters-rdma-qps4,timed-4GiB,4294967296,6,gpu-3uwoq-6g3ya-2,2,227,0.024986
e5-counters-rdma-qps4,timed-4GiB,4294967296,6,gpu-3uwoq-6g3ya-2,2,228,0.024766
e5-counters-rdma-qps4,timed-4GiB,4294967296,6,gpu-3uwoq-6g3ya-2,2,229,0.024772
e5-counters-rdma-qps4,timed-4GiB,4294967296,6,gpu-3uwoq-6g3ya-2,2,230,0.024703
e5-counters-rdma-qps4,timed-4GiB,4294967296,6,gpu-3uwoq-6g3ya-2,2,231,0.025086
e5-counters-rdma-qps4,timed-4GiB,4294967296,6,gpu-3uwoq-6g3ya-2,2,232,0.025217
e5-counters-rdma-qps4,timed-4GiB,4294967296,6,gpu-3uwoq-6g3ya-2,2,233,0.025098
e5-counters-rdma-qps4,timed-4GiB,4294967296,6,gpu-3uwoq-6g3ya-2,2,234,0.025022
e5-counters-rdma-qps4,timed-4GiB,4294967296,6,gpu-3uwoq-6g3ya-2,2,235,0.025029
e5-counters-rdma-qps4,timed-4GiB,4294967296,6,gpu-3uwoq-6g3ya-2,2,236,0.025055
e5-counters-rdma-qps4,timed-4GiB,4294967296,6,gpu-3uwoq-6g3ya-2,2,237,0.025058
e5-counters-rdma-qps4,timed-4GiB,4294967296,6,gpu-3uwoq-6g3ya-2,2,238,0.024920
e5-counters-rdma-qps4,timed-4GiB,4294967296,6,gpu-3uwoq-6g3ya-2,2,239,0.024769
e5-counters-rdma-qps4,timed-4GiB,4294967296,6,gpu-3uwoq-6g3ya-2,2,240,0.024774
e5-counters-rdma-qps4,timed-4GiB,4294967296,6,gpu-3uwoq-6g3ya-2,2,241,0.024769
e5-counters-rdma-qps4,timed-4GiB,4294967296,6,gpu-3uwoq-6g3ya-2,2,242,0.025199
e5-counters-rdma-qps4,timed-4GiB,4294967296,6,gpu-3uwoq-6g3ya-2,2,243,0.025174
e5-counters-rdma-qps4,timed-4GiB,4294967296,6,gpu-3uwoq-6g3ya-2,2,244,0.024895
e5-counters-rdma-qps4,timed-4GiB,4294967296,6,gpu-3uwoq-6g3ya-2,2,245,0.024886
e5-counters-rdma-qps4,timed-4GiB,4294967296,6,gpu-3uwoq-6g3ya-2,2,246,0.024873
e5-counters-rdma-qps4,timed-4GiB,4294967296,6,gpu-3uwoq-6g3ya-2,2,247,0.024984
e5-counters-rdma-qps4,timed-4GiB,4294967296,6,gpu-3uwoq-6g3ya-2,2,248,0.024868
e5-counters-rdma-qps4,timed-4GiB,4294967296,6,gpu-3uwoq-6g3ya-2,2,249,0.024706
e5-counters-rdma-qps4,timed-4GiB,4294967296,6,gpu-3uwoq-6g3ya-2,2,250,0.025084
e5-counters-rdma-qps4,timed-4GiB,4294967296,6,gpu-3uwoq-6g3ya-2,2,251,0.024714
e5-counters-rdma-qps4,timed-4GiB,4294967296,6,gpu-3uwoq-6g3ya-2,2,252,0.024803
e5-counters-rdma-qps4,timed-4GiB,4294967296,6,gpu-3uwoq-6g3ya-2,2,253,0.024724
e5-counters-rdma-qps4,timed-4GiB,4294967296,6,gpu-3uwoq-6g3ya-2,2,254,0.024642
e5-counters-rdma-qps4,timed-4GiB,4294967296,6,gpu-3uwoq-6g3ya-2,2,255,0.024808
e5-counters-rdma-qps4,timed-4GiB,4294967296,6,gpu-3uwoq-6g3ya-2,2,256,0.024658
e5-counters-rdma-qps4,timed-4GiB,4294967296,6,gpu-3uwoq-6g3ya-2,2,257,0.024818
e5-counters-rdma-qps4,timed-4GiB,4294967296,6,gpu-3uwoq-6g3ya-2,2,258,0.025477
e5-counters-rdma-qps4,timed-4GiB,4294967296,6,gpu-3uwoq-6g3ya-2,2,259,0.025986
e5-counters-rdma-qps4,timed-4GiB,4294967296,6,gpu-3uwoq-6g3ya-2,2,260,0.025851
e5-counters-rdma-qps4,timed-4GiB,4294967296,6,gpu-3uwoq-6g3ya-2,2,261,0.025115
e5-counters-rdma-qps4,timed-4GiB,4294967296,6,gpu-3uwoq-6g3ya-2,2,262,0.024947
e5-counters-rdma-qps4,timed-4GiB,4294967296,6,gpu-3uwoq-6g3ya-2,2,263,0.024872
e5-counters-rdma-qps4,timed-4GiB,4294967296,6,gpu-3uwoq-6g3ya-2,2,264,0.024832
e5-counters-rdma-qps4,timed-4GiB,4294967296,6,gpu-3uwoq-6g3ya-2,2,265,0.024714
e5-counters-rdma-qps4,timed-4GiB,4294967296,6,gpu-3uwoq-6g3ya-2,2,266,0.025186
e5-counters-rdma-qps4,timed-4GiB,4294967296,6,gpu-3uwoq-6g3ya-2,2,267,0.025199
e5-counters-rdma-qps4,timed-4GiB,4294967296,6,gpu-3uwoq-6g3ya-2,2,268,0.025031
e5-counters-rdma-qps4,timed-4GiB,4294967296,6,gpu-3uwoq-6g3ya-2,2,269,0.024946
e5-counters-rdma-qps4,timed-4GiB,4294967296,6,gpu-3uwoq-6g3ya-2,2,270,0.024841
e5-counters-rdma-qps4,timed-4GiB,4294967296,6,gpu-3uwoq-6g3ya-2,2,271,0.024867
e5-counters-rdma-qps4,timed-4GiB,4294967296,6,gpu-3uwoq-6g3ya-2,2,272,0.025373
e5-counters-rdma-qps4,timed-4GiB,4294967296,6,gpu-3uwoq-6g3ya-2,2,273,0.025295
e5-counters-rdma-qps4,timed-4GiB,4294967296,6,gpu-3uwoq-6g3ya-2,2,274,0.024986
e5-counters-rdma-qps4,timed-4GiB,4294967296,6,gpu-3uwoq-6g3ya-2,2,275,0.024926
e5-counters-rdma-qps4,timed-4GiB,4294967296,6,gpu-3uwoq-6g3ya-2,2,276,0.024865
e5-counters-rdma-qps4,timed-4GiB,4294967296,6,gpu-3uwoq-6g3ya-2,2,277,0.024664
e5-counters-rdma-qps4,timed-4GiB,4294967296,6,gpu-3uwoq-6g3ya-2,2,278,0.024652
e5-counters-rdma-qps4,timed-4GiB,4294967296,6,gpu-3uwoq-6g3ya-2,2,279,0.024556
e5-counters-rdma-qps4,timed-4GiB,4294967296,6,gpu-3uwoq-6g3ya-2,2,280,0.024717
e5-counters-rdma-qps4,timed-4GiB,4294967296,6,gpu-3uwoq-6g3ya-2,2,281,0.024672
e5-counters-rdma-qps4,timed-4GiB,4294967296,6,gpu-3uwoq-6g3ya-2,2,282,0.024570
e5-counters-rdma-qps4,timed-4GiB,4294967296,6,gpu-3uwoq-6g3ya-2,2,283,0.024574
e5-counters-rdma-qps4,timed-4GiB,4294967296,6,gpu-3uwoq-6g3ya-2,2,284,0.024661
e5-counters-rdma-qps4,timed-4GiB,4294967296,6,gpu-3uwoq-6g3ya-2,2,285,0.024572
e5-counters-rdma-qps4,timed-4GiB,4294967296,6,gpu-3uwoq-6g3ya-2,2,286,0.024623
e5-counters-rdma-qps4,timed-4GiB,4294967296,6,gpu-3uwoq-6g3ya-2,2,287,0.024514
e5-counters-rdma-qps4,timed-4GiB,4294967296,6,gpu-3uwoq-6g3ya-2,2,288,0.024355
e5-counters-rdma-qps4,timed-4GiB,4294967296,6,gpu-3uwoq-6g3ya-2,2,289,0.024618
e5-counters-rdma-qps4,timed-4GiB,4294967296,6,gpu-3uwoq-6g3ya-2,2,290,0.024738
e5-counters-rdma-qps4,timed-4GiB,4294967296,6,gpu-3uwoq-6g3ya-2,2,291,0.024735
e5-counters-rdma-qps4,timed-4GiB,4294967296,6,gpu-3uwoq-6g3ya-2,2,292,0.024674
e5-counters-rdma-qps4,timed-4GiB,4294967296,6,gpu-3uwoq-6g3ya-2,2,293,0.024613
e5-counters-rdma-qps4,timed-4GiB,4294967296,6,gpu-3uwoq-6g3ya-2,2,294,0.024590
e5-counters-rdma-qps4,timed-4GiB,4294967296,6,gpu-3uwoq-6g3ya-2,2,295,0.024625
e5-counters-rdma-qps4,timed-4GiB,4294967296,6,gpu-3uwoq-6g3ya-2,2,296,0.024658
e5-counters-rdma-qps4,timed-4GiB,4294967296,6,gpu-3uwoq-6g3ya-2,2,297,0.024728
e5-counters-rdma-qps4,timed-4GiB,4294967296,6,gpu-3uwoq-6g3ya-2,2,298,0.025240
e5-counters-rdma-qps4,timed-4GiB,4294967296,6,gpu-3uwoq-6g3ya-2,2,299,0.025633
e5-counters-rdma-qps4,timed-4GiB,4294967296,6,gpu-3uwoq-6g3ya-2,2,300,0.025409
e5-counters-rdma-qps4,timed-4GiB,4294967296,6,gpu-3uwoq-6g3ya-2,2,301,0.024970
e5-counters-rdma-qps4,timed-4GiB,4294967296,6,gpu-3uwoq-6g3ya-2,2,302,0.024959
e5-counters-rdma-qps4,timed-4GiB,4294967296,6,gpu-3uwoq-6g3ya-2,2,303,0.024818
e5-counters-rdma-qps4,timed-4GiB,4294967296,6,gpu-3uwoq-6g3ya-2,2,304,0.024838
e5-counters-rdma-qps4,timed-4GiB,4294967296,6,gpu-3uwoq-6g3ya-2,2,305,0.024731
e5-counters-rdma-qps4,timed-4GiB,4294967296,6,gpu-3uwoq-6g3ya-2,2,306,0.024656
e5-counters-rdma-qps4,timed-4GiB,4294967296,6,gpu-3uwoq-6g3ya-2,2,307,0.024685
e5-counters-rdma-qps4,timed-4GiB,4294967296,6,gpu-3uwoq-6g3ya-2,2,308,0.024652
e5-counters-rdma-qps4,timed-4GiB,4294967296,6,gpu-3uwoq-6g3ya-2,2,309,0.024623
e5-counters-rdma-qps4,timed-4GiB,4294967296,6,gpu-3uwoq-6g3ya-2,2,310,0.024588
e5-counters-rdma-qps4,timed-4GiB,4294967296,6,gpu-3uwoq-6g3ya-2,2,311,0.024851
e5-counters-rdma-qps4,timed-4GiB,4294967296,6,gpu-3uwoq-6g3ya-2,2,312,0.024998
e5-counters-rdma-qps4,timed-4GiB,4294967296,6,gpu-3uwoq-6g3ya-2,2,313,0.025212
e5-counters-rdma-qps4,timed-4GiB,4294967296,6,gpu-3uwoq-6g3ya-2,2,314,0.024893
e5-counters-rdma-qps4,timed-4GiB,4294967296,6,gpu-3uwoq-6g3ya-2,2,315,0.024834
e5-counters-rdma-qps4,timed-4GiB,4294967296,6,gpu-3uwoq-6g3ya-2,2,316,0.024745
e5-counters-rdma-qps4,timed-4GiB,4294967296,6,gpu-3uwoq-6g3ya-2,2,317,0.024822
e5-counters-rdma-qps4,timed-4GiB,4294967296,6,gpu-3uwoq-6g3ya-2,2,318,0.024951
e5-counters-rdma-qps4,timed-4GiB,4294967296,6,gpu-3uwoq-6g3ya-2,2,319,0.024747
e5-counters-rdma-qps4,timed-4GiB,4294967296,6,gpu-3uwoq-6g3ya-2,2,320,0.024682
e5-counters-rdma-qps4,timed-4GiB,4294967296,6,gpu-3uwoq-6g3ya-2,2,321,0.024561
e5-counters-rdma-qps4,timed-4GiB,4294967296,6,gpu-3uwoq-6g3ya-2,2,322,0.024891
e5-counters-rdma-qps4,timed-4GiB,4294967296,6,gpu-3uwoq-6g3ya-2,2,323,0.025095
e5-counters-rdma-qps4,timed-4GiB,4294967296,6,gpu-3uwoq-6g3ya-2,2,324,0.024881
e5-counters-rdma-qps4,timed-4GiB,4294967296,6,gpu-3uwoq-6g3ya-2,2,325,0.024769
e5-counters-rdma-qps4,timed-4GiB,4294967296,6,gpu-3uwoq-6g3ya-2,2,326,0.024750
e5-counters-rdma-qps4,timed-4GiB,4294967296,6,gpu-3uwoq-6g3ya-2,2,327,0.024775
e5-counters-rdma-qps4,timed-4GiB,4294967296,6,gpu-3uwoq-6g3ya-2,2,328,0.024827
e5-counters-rdma-qps4,timed-4GiB,4294967296,6,gpu-3uwoq-6g3ya-2,2,329,0.024599
e5-counters-rdma-qps4,timed-4GiB,4294967296,6,gpu-3uwoq-6g3ya-2,2,330,0.024658
e5-counters-rdma-qps4,timed-4GiB,4294967296,6,gpu-3uwoq-6g3ya-2,2,331,0.024820
e5-counters-rdma-qps4,timed-4GiB,4294967296,6,gpu-3uwoq-6g3ya-2,2,332,0.024832
e5-counters-rdma-qps4,timed-4GiB,4294967296,6,gpu-3uwoq-6g3ya-2,2,333,0.024633
e5-counters-rdma-qps4,timed-4GiB,4294967296,6,gpu-3uwoq-6g3ya-2,2,334,0.024602
e5-counters-rdma-qps4,timed-4GiB,4294967296,6,gpu-3uwoq-6g3ya-2,2,335,0.024544
e5-counters-rdma-qps4,timed-4GiB,4294967296,6,gpu-3uwoq-6g3ya-2,2,336,0.024624
e5-counters-rdma-qps4,timed-4GiB,4294967296,6,gpu-3uwoq-6g3ya-2,2,337,0.024581
e5-counters-rdma-qps4,timed-4GiB,4294967296,6,gpu-3uwoq-6g3ya-2,2,338,0.024813
e5-counters-rdma-qps4,timed-4GiB,4294967296,6,gpu-3uwoq-6g3ya-2,2,339,0.026041
e5-counters-rdma-qps4,timed-4GiB,4294967296,6,gpu-3uwoq-6g3ya-2,2,340,0.026348
e5-counters-rdma-qps4,timed-4GiB,4294967296,6,gpu-3uwoq-6g3ya-2,2,341,0.025660
e5-counters-rdma-qps4,timed-4GiB,4294967296,6,gpu-3uwoq-6g3ya-2,2,342,0.025186
e5-counters-rdma-qps4,timed-4GiB,4294967296,6,gpu-3uwoq-6g3ya-2,2,343,0.025064
e5-counters-rdma-qps4,timed-4GiB,4294967296,6,gpu-3uwoq-6g3ya-2,2,344,0.024928
e5-counters-rdma-qps4,timed-4GiB,4294967296,6,gpu-3uwoq-6g3ya-2,2,345,0.024863
e5-counters-rdma-qps4,timed-4GiB,4294967296,6,gpu-3uwoq-6g3ya-2,2,346,0.024746
e5-counters-rdma-qps4,timed-4GiB,4294967296,6,gpu-3uwoq-6g3ya-2,2,347,0.024749
e5-counters-rdma-qps4,timed-4GiB,4294967296,6,gpu-3uwoq-6g3ya-2,2,348,0.024641
e5-counters-rdma-qps4,timed-4GiB,4294967296,6,gpu-3uwoq-6g3ya-2,2,349,0.024615
e5-counters-rdma-qps4,timed-4GiB,4294967296,6,gpu-3uwoq-6g3ya-2,2,350,0.024727
e5-counters-rdma-qps4,timed-4GiB,4294967296,6,gpu-3uwoq-6g3ya-2,2,351,0.024565
e5-counters-rdma-qps4,timed-4GiB,4294967296,6,gpu-3uwoq-6g3ya-2,2,352,0.024680
e5-counters-rdma-qps4,timed-4GiB,4294967296,6,gpu-3uwoq-6g3ya-2,2,353,0.024605
e5-counters-rdma-qps4,timed-4GiB,4294967296,6,gpu-3uwoq-6g3ya-2,2,354,0.024638
e5-counters-rdma-qps4,timed-4GiB,4294967296,6,gpu-3uwoq-6g3ya-2,2,355,0.024659
e5-counters-rdma-qps4,timed-4GiB,4294967296,6,gpu-3uwoq-6g3ya-2,2,356,0.024584
e5-counters-rdma-qps4,timed-4GiB,4294967296,6,gpu-3uwoq-6g3ya-2,2,357,0.024450
e5-counters-rdma-qps4,timed-4GiB,4294967296,6,gpu-3uwoq-6g3ya-2,2,358,0.024649
e5-counters-rdma-qps4,timed-4GiB,4294967296,6,gpu-3uwoq-6g3ya-2,2,359,0.024629
e5-counters-rdma-qps4,timed-4GiB,4294967296,6,gpu-3uwoq-6g3ya-2,2,360,0.024586
e5-counters-rdma-qps4,timed-4GiB,4294967296,6,gpu-3uwoq-6g3ya-2,2,361,0.024568
e5-counters-rdma-qps4,timed-4GiB,4294967296,6,gpu-3uwoq-6g3ya-2,2,362,0.024546
e5-counters-rdma-qps4,timed-4GiB,4294967296,6,gpu-3uwoq-6g3ya-2,2,363,0.024617
e5-counters-rdma-qps4,timed-4GiB,4294967296,6,gpu-3uwoq-6g3ya-2,2,364,0.024955
e5-counters-rdma-qps4,timed-4GiB,4294967296,6,gpu-3uwoq-6g3ya-2,2,365,0.024904
e5-counters-rdma-qps4,timed-4GiB,4294967296,6,gpu-3uwoq-6g3ya-2,2,366,0.024918
e5-counters-rdma-qps4,timed-4GiB,4294967296,6,gpu-3uwoq-6g3ya-2,2,367,0.024724
e5-counters-rdma-qps4,timed-4GiB,4294967296,6,gpu-3uwoq-6g3ya-2,2,368,0.024698
e5-counters-rdma-qps4,timed-4GiB,4294967296,6,gpu-3uwoq-6g3ya-2,2,369,0.024806
e5-counters-rdma-qps4,timed-4GiB,4294967296,6,gpu-3uwoq-6g3ya-2,2,370,0.024746
e5-counters-rdma-qps4,timed-4GiB,4294967296,6,gpu-3uwoq-6g3ya-2,2,371,0.024910
e5-counters-rdma-qps4,timed-4GiB,4294967296,6,gpu-3uwoq-6g3ya-2,2,372,0.024791
e5-counters-rdma-qps4,timed-4GiB,4294967296,6,gpu-3uwoq-6g3ya-2,2,373,0.024653
e5-counters-rdma-qps4,timed-4GiB,4294967296,6,gpu-3uwoq-6g3ya-2,2,374,0.024801
e5-counters-rdma-qps4,timed-4GiB,4294967296,6,gpu-3uwoq-6g3ya-2,2,375,0.024595
e5-counters-rdma-qps4,timed-4GiB,4294967296,6,gpu-3uwoq-6g3ya-2,2,376,0.024744
e5-counters-rdma-qps4,timed-4GiB,4294967296,6,gpu-3uwoq-6g3ya-2,2,377,0.024567
e5-counters-rdma-qps4,timed-4GiB,4294967296,6,gpu-3uwoq-6g3ya-2,2,378,0.024674
e5-counters-rdma-qps4,timed-4GiB,4294967296,6,gpu-3uwoq-6g3ya-2,2,379,0.025570
e5-counters-rdma-qps4,timed-4GiB,4294967296,6,gpu-3uwoq-6g3ya-2,2,380,0.025170
e5-counters-rdma-qps4,timed-4GiB,4294967296,6,gpu-3uwoq-6g3ya-2,2,381,0.024900
e5-counters-rdma-qps4,timed-4GiB,4294967296,6,gpu-3uwoq-6g3ya-2,2,382,0.024857
e5-counters-rdma-qps4,timed-4GiB,4294967296,6,gpu-3uwoq-6g3ya-2,2,383,0.024622
e5-counters-rdma-qps4,timed-4GiB,4294967296,6,gpu-3uwoq-6g3ya-2,2,384,0.024770
e5-counters-rdma-qps4,timed-4GiB,4294967296,6,gpu-3uwoq-6g3ya-2,2,385,0.025140
e5-counters-rdma-qps4,timed-4GiB,4294967296,6,gpu-3uwoq-6g3ya-2,2,386,0.025344
e5-counters-rdma-qps4,timed-4GiB,4294967296,6,gpu-3uwoq-6g3ya-2,2,387,0.024961
e5-counters-rdma-qps4,timed-4GiB,4294967296,6,gpu-3uwoq-6g3ya-2,2,388,0.024901
e5-counters-rdma-qps4,timed-4GiB,4294967296,6,gpu-3uwoq-6g3ya-2,2,389,0.024902
e5-counters-rdma-qps4,timed-4GiB,4294967296,6,gpu-3uwoq-6g3ya-2,2,390,0.024955
e5-counters-rdma-qps4,timed-4GiB,4294967296,6,gpu-3uwoq-6g3ya-2,2,391,0.024703
e5-counters-rdma-qps4,timed-4GiB,4294967296,6,gpu-3uwoq-6g3ya-2,2,392,0.024713
e5-counters-rdma-qps4,timed-4GiB,4294967296,6,gpu-3uwoq-6g3ya-2,2,393,0.024519
e5-counters-rdma-qps4,timed-4GiB,4294967296,6,gpu-3uwoq-6g3ya-2,2,394,0.024581
e5-counters-rdma-qps4,timed-4GiB,4294967296,6,gpu-3uwoq-6g3ya-2,2,395,0.024850
e5-counters-rdma-qps4,timed-4GiB,4294967296,6,gpu-3uwoq-6g3ya-2,2,396,0.024936
e5-counters-rdma-qps4,timed-4GiB,4294967296,6,gpu-3uwoq-6g3ya-2,2,397,0.024975
e5-counters-rdma-qps4,timed-4GiB,4294967296,6,gpu-3uwoq-6g3ya-2,2,398,0.024878
e5-counters-rdma-qps4,timed-4GiB,4294967296,6,gpu-3uwoq-6g3ya-2,2,399,0.024907
e5-counters-rdma-qps4,timed-4GiB,4294967296,7,gpu-3uwoq-6g3ya-2,3,0,0.057033
e5-counters-rdma-qps4,timed-4GiB,4294967296,7,gpu-3uwoq-6g3ya-2,3,1,0.030332
e5-counters-rdma-qps4,timed-4GiB,4294967296,7,gpu-3uwoq-6g3ya-2,3,2,0.026821
e5-counters-rdma-qps4,timed-4GiB,4294967296,7,gpu-3uwoq-6g3ya-2,3,3,0.025286
e5-counters-rdma-qps4,timed-4GiB,4294967296,7,gpu-3uwoq-6g3ya-2,3,4,0.025081
e5-counters-rdma-qps4,timed-4GiB,4294967296,7,gpu-3uwoq-6g3ya-2,3,5,0.024895
e5-counters-rdma-qps4,timed-4GiB,4294967296,7,gpu-3uwoq-6g3ya-2,3,6,0.024968
e5-counters-rdma-qps4,timed-4GiB,4294967296,7,gpu-3uwoq-6g3ya-2,3,7,0.024883
e5-counters-rdma-qps4,timed-4GiB,4294967296,7,gpu-3uwoq-6g3ya-2,3,8,0.025033
e5-counters-rdma-qps4,timed-4GiB,4294967296,7,gpu-3uwoq-6g3ya-2,3,9,0.024862
e5-counters-rdma-qps4,timed-4GiB,4294967296,7,gpu-3uwoq-6g3ya-2,3,10,0.024923
e5-counters-rdma-qps4,timed-4GiB,4294967296,7,gpu-3uwoq-6g3ya-2,3,11,0.024830
e5-counters-rdma-qps4,timed-4GiB,4294967296,7,gpu-3uwoq-6g3ya-2,3,12,0.024603
e5-counters-rdma-qps4,timed-4GiB,4294967296,7,gpu-3uwoq-6g3ya-2,3,13,0.024589
e5-counters-rdma-qps4,timed-4GiB,4294967296,7,gpu-3uwoq-6g3ya-2,3,14,0.024775
e5-counters-rdma-qps4,timed-4GiB,4294967296,7,gpu-3uwoq-6g3ya-2,3,15,0.024785
e5-counters-rdma-qps4,timed-4GiB,4294967296,7,gpu-3uwoq-6g3ya-2,3,16,0.025268
e5-counters-rdma-qps4,timed-4GiB,4294967296,7,gpu-3uwoq-6g3ya-2,3,17,0.025334
e5-counters-rdma-qps4,timed-4GiB,4294967296,7,gpu-3uwoq-6g3ya-2,3,18,0.025197
e5-counters-rdma-qps4,timed-4GiB,4294967296,7,gpu-3uwoq-6g3ya-2,3,19,0.024973
e5-counters-rdma-qps4,timed-4GiB,4294967296,7,gpu-3uwoq-6g3ya-2,3,20,0.024810
e5-counters-rdma-qps4,timed-4GiB,4294967296,7,gpu-3uwoq-6g3ya-2,3,21,0.024849
e5-counters-rdma-qps4,timed-4GiB,4294967296,7,gpu-3uwoq-6g3ya-2,3,22,0.024895
e5-counters-rdma-qps4,timed-4GiB,4294967296,7,gpu-3uwoq-6g3ya-2,3,23,0.024627
e5-counters-rdma-qps4,timed-4GiB,4294967296,7,gpu-3uwoq-6g3ya-2,3,24,0.024697
e5-counters-rdma-qps4,timed-4GiB,4294967296,7,gpu-3uwoq-6g3ya-2,3,25,0.024755
e5-counters-rdma-qps4,timed-4GiB,4294967296,7,gpu-3uwoq-6g3ya-2,3,26,0.024557
e5-counters-rdma-qps4,timed-4GiB,4294967296,7,gpu-3uwoq-6g3ya-2,3,27,0.024553
e5-counters-rdma-qps4,timed-4GiB,4294967296,7,gpu-3uwoq-6g3ya-2,3,28,0.024560
e5-counters-rdma-qps4,timed-4GiB,4294967296,7,gpu-3uwoq-6g3ya-2,3,29,0.024500
e5-counters-rdma-qps4,timed-4GiB,4294967296,7,gpu-3uwoq-6g3ya-2,3,30,0.024544
e5-counters-rdma-qps4,timed-4GiB,4294967296,7,gpu-3uwoq-6g3ya-2,3,31,0.024713
e5-counters-rdma-qps4,timed-4GiB,4294967296,7,gpu-3uwoq-6g3ya-2,3,32,0.024572
e5-counters-rdma-qps4,timed-4GiB,4294967296,7,gpu-3uwoq-6g3ya-2,3,33,0.024478
e5-counters-rdma-qps4,timed-4GiB,4294967296,7,gpu-3uwoq-6g3ya-2,3,34,0.024559
e5-counters-rdma-qps4,timed-4GiB,4294967296,7,gpu-3uwoq-6g3ya-2,3,35,0.024372
e5-counters-rdma-qps4,timed-4GiB,4294967296,7,gpu-3uwoq-6g3ya-2,3,36,0.024484
e5-counters-rdma-qps4,timed-4GiB,4294967296,7,gpu-3uwoq-6g3ya-2,3,37,0.024522
e5-counters-rdma-qps4,timed-4GiB,4294967296,7,gpu-3uwoq-6g3ya-2,3,38,0.024447
e5-counters-rdma-qps4,timed-4GiB,4294967296,7,gpu-3uwoq-6g3ya-2,3,39,0.024476
e5-counters-rdma-qps4,timed-4GiB,4294967296,7,gpu-3uwoq-6g3ya-2,3,40,0.024557
e5-counters-rdma-qps4,timed-4GiB,4294967296,7,gpu-3uwoq-6g3ya-2,3,41,0.024483
e5-counters-rdma-qps4,timed-4GiB,4294967296,7,gpu-3uwoq-6g3ya-2,3,42,0.024450
e5-counters-rdma-qps4,timed-4GiB,4294967296,7,gpu-3uwoq-6g3ya-2,3,43,0.024586
e5-counters-rdma-qps4,timed-4GiB,4294967296,7,gpu-3uwoq-6g3ya-2,3,44,0.024660
e5-counters-rdma-qps4,timed-4GiB,4294967296,7,gpu-3uwoq-6g3ya-2,3,45,0.024574
e5-counters-rdma-qps4,timed-4GiB,4294967296,7,gpu-3uwoq-6g3ya-2,3,46,0.024603
e5-counters-rdma-qps4,timed-4GiB,4294967296,7,gpu-3uwoq-6g3ya-2,3,47,0.024510
e5-counters-rdma-qps4,timed-4GiB,4294967296,7,gpu-3uwoq-6g3ya-2,3,48,0.024559
e5-counters-rdma-qps4,timed-4GiB,4294967296,7,gpu-3uwoq-6g3ya-2,3,49,0.024843
e5-counters-rdma-qps4,timed-4GiB,4294967296,7,gpu-3uwoq-6g3ya-2,3,50,0.024659
e5-counters-rdma-qps4,timed-4GiB,4294967296,7,gpu-3uwoq-6g3ya-2,3,51,0.024866
e5-counters-rdma-qps4,timed-4GiB,4294967296,7,gpu-3uwoq-6g3ya-2,3,52,0.024634
e5-counters-rdma-qps4,timed-4GiB,4294967296,7,gpu-3uwoq-6g3ya-2,3,53,0.024576
e5-counters-rdma-qps4,timed-4GiB,4294967296,7,gpu-3uwoq-6g3ya-2,3,54,0.024555
e5-counters-rdma-qps4,timed-4GiB,4294967296,7,gpu-3uwoq-6g3ya-2,3,55,0.024582
e5-counters-rdma-qps4,timed-4GiB,4294967296,7,gpu-3uwoq-6g3ya-2,3,56,0.024647
e5-counters-rdma-qps4,timed-4GiB,4294967296,7,gpu-3uwoq-6g3ya-2,3,57,0.025570
e5-counters-rdma-qps4,timed-4GiB,4294967296,7,gpu-3uwoq-6g3ya-2,3,58,0.025401
e5-counters-rdma-qps4,timed-4GiB,4294967296,7,gpu-3uwoq-6g3ya-2,3,59,0.024977
e5-counters-rdma-qps4,timed-4GiB,4294967296,7,gpu-3uwoq-6g3ya-2,3,60,0.024716
e5-counters-rdma-qps4,timed-4GiB,4294967296,7,gpu-3uwoq-6g3ya-2,3,61,0.024877
e5-counters-rdma-qps4,timed-4GiB,4294967296,7,gpu-3uwoq-6g3ya-2,3,62,0.024754
e5-counters-rdma-qps4,timed-4GiB,4294967296,7,gpu-3uwoq-6g3ya-2,3,63,0.024876
e5-counters-rdma-qps4,timed-4GiB,4294967296,7,gpu-3uwoq-6g3ya-2,3,64,0.024807
e5-counters-rdma-qps4,timed-4GiB,4294967296,7,gpu-3uwoq-6g3ya-2,3,65,0.024654
e5-counters-rdma-qps4,timed-4GiB,4294967296,7,gpu-3uwoq-6g3ya-2,3,66,0.024736
e5-counters-rdma-qps4,timed-4GiB,4294967296,7,gpu-3uwoq-6g3ya-2,3,67,0.024656
e5-counters-rdma-qps4,timed-4GiB,4294967296,7,gpu-3uwoq-6g3ya-2,3,68,0.024655
e5-counters-rdma-qps4,timed-4GiB,4294967296,7,gpu-3uwoq-6g3ya-2,3,69,0.024646
e5-counters-rdma-qps4,timed-4GiB,4294967296,7,gpu-3uwoq-6g3ya-2,3,70,0.024759
e5-counters-rdma-qps4,timed-4GiB,4294967296,7,gpu-3uwoq-6g3ya-2,3,71,0.024701
e5-counters-rdma-qps4,timed-4GiB,4294967296,7,gpu-3uwoq-6g3ya-2,3,72,0.024650
e5-counters-rdma-qps4,timed-4GiB,4294967296,7,gpu-3uwoq-6g3ya-2,3,73,0.024735
e5-counters-rdma-qps4,timed-4GiB,4294967296,7,gpu-3uwoq-6g3ya-2,3,74,0.024670
e5-counters-rdma-qps4,timed-4GiB,4294967296,7,gpu-3uwoq-6g3ya-2,3,75,0.024627
e5-counters-rdma-qps4,timed-4GiB,4294967296,7,gpu-3uwoq-6g3ya-2,3,76,0.024610
e5-counters-rdma-qps4,timed-4GiB,4294967296,7,gpu-3uwoq-6g3ya-2,3,77,0.024697
e5-counters-rdma-qps4,timed-4GiB,4294967296,7,gpu-3uwoq-6g3ya-2,3,78,0.024656
e5-counters-rdma-qps4,timed-4GiB,4294967296,7,gpu-3uwoq-6g3ya-2,3,79,0.024592
e5-counters-rdma-qps4,timed-4GiB,4294967296,7,gpu-3uwoq-6g3ya-2,3,80,0.024530
e5-counters-rdma-qps4,timed-4GiB,4294967296,7,gpu-3uwoq-6g3ya-2,3,81,0.025109
e5-counters-rdma-qps4,timed-4GiB,4294967296,7,gpu-3uwoq-6g3ya-2,3,82,0.025337
e5-counters-rdma-qps4,timed-4GiB,4294967296,7,gpu-3uwoq-6g3ya-2,3,83,0.024677
e5-counters-rdma-qps4,timed-4GiB,4294967296,7,gpu-3uwoq-6g3ya-2,3,84,0.024724
e5-counters-rdma-qps4,timed-4GiB,4294967296,7,gpu-3uwoq-6g3ya-2,3,85,0.024699
e5-counters-rdma-qps4,timed-4GiB,4294967296,7,gpu-3uwoq-6g3ya-2,3,86,0.024820
e5-counters-rdma-qps4,timed-4GiB,4294967296,7,gpu-3uwoq-6g3ya-2,3,87,0.024487
e5-counters-rdma-qps4,timed-4GiB,4294967296,7,gpu-3uwoq-6g3ya-2,3,88,0.024589
e5-counters-rdma-qps4,timed-4GiB,4294967296,7,gpu-3uwoq-6g3ya-2,3,89,0.024756
e5-counters-rdma-qps4,timed-4GiB,4294967296,7,gpu-3uwoq-6g3ya-2,3,90,0.024670
e5-counters-rdma-qps4,timed-4GiB,4294967296,7,gpu-3uwoq-6g3ya-2,3,91,0.024620
e5-counters-rdma-qps4,timed-4GiB,4294967296,7,gpu-3uwoq-6g3ya-2,3,92,0.024552
e5-counters-rdma-qps4,timed-4GiB,4294967296,7,gpu-3uwoq-6g3ya-2,3,93,0.024597
e5-counters-rdma-qps4,timed-4GiB,4294967296,7,gpu-3uwoq-6g3ya-2,3,94,0.024547
e5-counters-rdma-qps4,timed-4GiB,4294967296,7,gpu-3uwoq-6g3ya-2,3,95,0.024570
e5-counters-rdma-qps4,timed-4GiB,4294967296,7,gpu-3uwoq-6g3ya-2,3,96,0.024705
e5-counters-rdma-qps4,timed-4GiB,4294967296,7,gpu-3uwoq-6g3ya-2,3,97,0.025230
e5-counters-rdma-qps4,timed-4GiB,4294967296,7,gpu-3uwoq-6g3ya-2,3,98,0.025352
e5-counters-rdma-qps4,timed-4GiB,4294967296,7,gpu-3uwoq-6g3ya-2,3,99,0.025293
e5-counters-rdma-qps4,timed-4GiB,4294967296,7,gpu-3uwoq-6g3ya-2,3,100,0.024740
e5-counters-rdma-qps4,timed-4GiB,4294967296,7,gpu-3uwoq-6g3ya-2,3,101,0.024806
e5-counters-rdma-qps4,timed-4GiB,4294967296,7,gpu-3uwoq-6g3ya-2,3,102,0.024772
e5-counters-rdma-qps4,timed-4GiB,4294967296,7,gpu-3uwoq-6g3ya-2,3,103,0.024873
e5-counters-rdma-qps4,timed-4GiB,4294967296,7,gpu-3uwoq-6g3ya-2,3,104,0.024852
e5-counters-rdma-qps4,timed-4GiB,4294967296,7,gpu-3uwoq-6g3ya-2,3,105,0.025100
e5-counters-rdma-qps4,timed-4GiB,4294967296,7,gpu-3uwoq-6g3ya-2,3,106,0.025036
e5-counters-rdma-qps4,timed-4GiB,4294967296,7,gpu-3uwoq-6g3ya-2,3,107,0.024845
e5-counters-rdma-qps4,timed-4GiB,4294967296,7,gpu-3uwoq-6g3ya-2,3,108,0.024912
e5-counters-rdma-qps4,timed-4GiB,4294967296,7,gpu-3uwoq-6g3ya-2,3,109,0.024906
e5-counters-rdma-qps4,timed-4GiB,4294967296,7,gpu-3uwoq-6g3ya-2,3,110,0.024821
e5-counters-rdma-qps4,timed-4GiB,4294967296,7,gpu-3uwoq-6g3ya-2,3,111,0.024933
e5-counters-rdma-qps4,timed-4GiB,4294967296,7,gpu-3uwoq-6g3ya-2,3,112,0.024738
e5-counters-rdma-qps4,timed-4GiB,4294967296,7,gpu-3uwoq-6g3ya-2,3,113,0.024720
e5-counters-rdma-qps4,timed-4GiB,4294967296,7,gpu-3uwoq-6g3ya-2,3,114,0.024644
e5-counters-rdma-qps4,timed-4GiB,4294967296,7,gpu-3uwoq-6g3ya-2,3,115,0.024671
e5-counters-rdma-qps4,timed-4GiB,4294967296,7,gpu-3uwoq-6g3ya-2,3,116,0.024828
e5-counters-rdma-qps4,timed-4GiB,4294967296,7,gpu-3uwoq-6g3ya-2,3,117,0.024820
e5-counters-rdma-qps4,timed-4GiB,4294967296,7,gpu-3uwoq-6g3ya-2,3,118,0.024750
e5-counters-rdma-qps4,timed-4GiB,4294967296,7,gpu-3uwoq-6g3ya-2,3,119,0.024728
e5-counters-rdma-qps4,timed-4GiB,4294967296,7,gpu-3uwoq-6g3ya-2,3,120,0.024738
e5-counters-rdma-qps4,timed-4GiB,4294967296,7,gpu-3uwoq-6g3ya-2,3,121,0.024682
e5-counters-rdma-qps4,timed-4GiB,4294967296,7,gpu-3uwoq-6g3ya-2,3,122,0.024600
e5-counters-rdma-qps4,timed-4GiB,4294967296,7,gpu-3uwoq-6g3ya-2,3,123,0.024753
e5-counters-rdma-qps4,timed-4GiB,4294967296,7,gpu-3uwoq-6g3ya-2,3,124,0.024627
e5-counters-rdma-qps4,timed-4GiB,4294967296,7,gpu-3uwoq-6g3ya-2,3,125,0.024671
e5-counters-rdma-qps4,timed-4GiB,4294967296,7,gpu-3uwoq-6g3ya-2,3,126,0.024814
e5-counters-rdma-qps4,timed-4GiB,4294967296,7,gpu-3uwoq-6g3ya-2,3,127,0.024644
e5-counters-rdma-qps4,timed-4GiB,4294967296,7,gpu-3uwoq-6g3ya-2,3,128,0.024598
e5-counters-rdma-qps4,timed-4GiB,4294967296,7,gpu-3uwoq-6g3ya-2,3,129,0.024786
e5-counters-rdma-qps4,timed-4GiB,4294967296,7,gpu-3uwoq-6g3ya-2,3,130,0.024785
e5-counters-rdma-qps4,timed-4GiB,4294967296,7,gpu-3uwoq-6g3ya-2,3,131,0.024636
e5-counters-rdma-qps4,timed-4GiB,4294967296,7,gpu-3uwoq-6g3ya-2,3,132,0.024549
e5-counters-rdma-qps4,timed-4GiB,4294967296,7,gpu-3uwoq-6g3ya-2,3,133,0.024661
e5-counters-rdma-qps4,timed-4GiB,4294967296,7,gpu-3uwoq-6g3ya-2,3,134,0.024492
e5-counters-rdma-qps4,timed-4GiB,4294967296,7,gpu-3uwoq-6g3ya-2,3,135,0.024771
e5-counters-rdma-qps4,timed-4GiB,4294967296,7,gpu-3uwoq-6g3ya-2,3,136,0.024697
e5-counters-rdma-qps4,timed-4GiB,4294967296,7,gpu-3uwoq-6g3ya-2,3,137,0.024989
e5-counters-rdma-qps4,timed-4GiB,4294967296,7,gpu-3uwoq-6g3ya-2,3,138,0.026191
e5-counters-rdma-qps4,timed-4GiB,4294967296,7,gpu-3uwoq-6g3ya-2,3,139,0.025678
e5-counters-rdma-qps4,timed-4GiB,4294967296,7,gpu-3uwoq-6g3ya-2,3,140,0.025328
e5-counters-rdma-qps4,timed-4GiB,4294967296,7,gpu-3uwoq-6g3ya-2,3,141,0.025070
e5-counters-rdma-qps4,timed-4GiB,4294967296,7,gpu-3uwoq-6g3ya-2,3,142,0.025059
e5-counters-rdma-qps4,timed-4GiB,4294967296,7,gpu-3uwoq-6g3ya-2,3,143,0.024828
e5-counters-rdma-qps4,timed-4GiB,4294967296,7,gpu-3uwoq-6g3ya-2,3,144,0.024969
e5-counters-rdma-qps4,timed-4GiB,4294967296,7,gpu-3uwoq-6g3ya-2,3,145,0.025009
e5-counters-rdma-qps4,timed-4GiB,4294967296,7,gpu-3uwoq-6g3ya-2,3,146,0.024881
e5-counters-rdma-qps4,timed-4GiB,4294967296,7,gpu-3uwoq-6g3ya-2,3,147,0.024836
e5-counters-rdma-qps4,timed-4GiB,4294967296,7,gpu-3uwoq-6g3ya-2,3,148,0.024888
e5-counters-rdma-qps4,timed-4GiB,4294967296,7,gpu-3uwoq-6g3ya-2,3,149,0.024847
e5-counters-rdma-qps4,timed-4GiB,4294967296,7,gpu-3uwoq-6g3ya-2,3,150,0.024749
e5-counters-rdma-qps4,timed-4GiB,4294967296,7,gpu-3uwoq-6g3ya-2,3,151,0.024773
e5-counters-rdma-qps4,timed-4GiB,4294967296,7,gpu-3uwoq-6g3ya-2,3,152,0.024836
e5-counters-rdma-qps4,timed-4GiB,4294967296,7,gpu-3uwoq-6g3ya-2,3,153,0.024871
e5-counters-rdma-qps4,timed-4GiB,4294967296,7,gpu-3uwoq-6g3ya-2,3,154,0.024778
e5-counters-rdma-qps4,timed-4GiB,4294967296,7,gpu-3uwoq-6g3ya-2,3,155,0.024836
e5-counters-rdma-qps4,timed-4GiB,4294967296,7,gpu-3uwoq-6g3ya-2,3,156,0.024824
e5-counters-rdma-qps4,timed-4GiB,4294967296,7,gpu-3uwoq-6g3ya-2,3,157,0.024912
e5-counters-rdma-qps4,timed-4GiB,4294967296,7,gpu-3uwoq-6g3ya-2,3,158,0.024793
e5-counters-rdma-qps4,timed-4GiB,4294967296,7,gpu-3uwoq-6g3ya-2,3,159,0.024941
e5-counters-rdma-qps4,timed-4GiB,4294967296,7,gpu-3uwoq-6g3ya-2,3,160,0.024908
e5-counters-rdma-qps4,timed-4GiB,4294967296,7,gpu-3uwoq-6g3ya-2,3,161,0.024589
e5-counters-rdma-qps4,timed-4GiB,4294967296,7,gpu-3uwoq-6g3ya-2,3,162,0.024730
e5-counters-rdma-qps4,timed-4GiB,4294967296,7,gpu-3uwoq-6g3ya-2,3,163,0.024581
e5-counters-rdma-qps4,timed-4GiB,4294967296,7,gpu-3uwoq-6g3ya-2,3,164,0.024592
e5-counters-rdma-qps4,timed-4GiB,4294967296,7,gpu-3uwoq-6g3ya-2,3,165,0.024688
e5-counters-rdma-qps4,timed-4GiB,4294967296,7,gpu-3uwoq-6g3ya-2,3,166,0.024630
e5-counters-rdma-qps4,timed-4GiB,4294967296,7,gpu-3uwoq-6g3ya-2,3,167,0.024560
e5-counters-rdma-qps4,timed-4GiB,4294967296,7,gpu-3uwoq-6g3ya-2,3,168,0.024653
e5-counters-rdma-qps4,timed-4GiB,4294967296,7,gpu-3uwoq-6g3ya-2,3,169,0.024592
e5-counters-rdma-qps4,timed-4GiB,4294967296,7,gpu-3uwoq-6g3ya-2,3,170,0.025097
e5-counters-rdma-qps4,timed-4GiB,4294967296,7,gpu-3uwoq-6g3ya-2,3,171,0.024848
e5-counters-rdma-qps4,timed-4GiB,4294967296,7,gpu-3uwoq-6g3ya-2,3,172,0.024646
e5-counters-rdma-qps4,timed-4GiB,4294967296,7,gpu-3uwoq-6g3ya-2,3,173,0.024610
e5-counters-rdma-qps4,timed-4GiB,4294967296,7,gpu-3uwoq-6g3ya-2,3,174,0.024580
e5-counters-rdma-qps4,timed-4GiB,4294967296,7,gpu-3uwoq-6g3ya-2,3,175,0.024568
e5-counters-rdma-qps4,timed-4GiB,4294967296,7,gpu-3uwoq-6g3ya-2,3,176,0.024582
e5-counters-rdma-qps4,timed-4GiB,4294967296,7,gpu-3uwoq-6g3ya-2,3,177,0.024755
e5-counters-rdma-qps4,timed-4GiB,4294967296,7,gpu-3uwoq-6g3ya-2,3,178,0.025487
e5-counters-rdma-qps4,timed-4GiB,4294967296,7,gpu-3uwoq-6g3ya-2,3,179,0.025531
e5-counters-rdma-qps4,timed-4GiB,4294967296,7,gpu-3uwoq-6g3ya-2,3,180,0.025034
e5-counters-rdma-qps4,timed-4GiB,4294967296,7,gpu-3uwoq-6g3ya-2,3,181,0.024793
e5-counters-rdma-qps4,timed-4GiB,4294967296,7,gpu-3uwoq-6g3ya-2,3,182,0.024780
e5-counters-rdma-qps4,timed-4GiB,4294967296,7,gpu-3uwoq-6g3ya-2,3,183,0.024777
e5-counters-rdma-qps4,timed-4GiB,4294967296,7,gpu-3uwoq-6g3ya-2,3,184,0.024687
e5-counters-rdma-qps4,timed-4GiB,4294967296,7,gpu-3uwoq-6g3ya-2,3,185,0.024648
e5-counters-rdma-qps4,timed-4GiB,4294967296,7,gpu-3uwoq-6g3ya-2,3,186,0.024674
e5-counters-rdma-qps4,timed-4GiB,4294967296,7,gpu-3uwoq-6g3ya-2,3,187,0.024619
e5-counters-rdma-qps4,timed-4GiB,4294967296,7,gpu-3uwoq-6g3ya-2,3,188,0.024593
e5-counters-rdma-qps4,timed-4GiB,4294967296,7,gpu-3uwoq-6g3ya-2,3,189,0.024662
e5-counters-rdma-qps4,timed-4GiB,4294967296,7,gpu-3uwoq-6g3ya-2,3,190,0.024677
e5-counters-rdma-qps4,timed-4GiB,4294967296,7,gpu-3uwoq-6g3ya-2,3,191,0.024607
e5-counters-rdma-qps4,timed-4GiB,4294967296,7,gpu-3uwoq-6g3ya-2,3,192,0.024791
e5-counters-rdma-qps4,timed-4GiB,4294967296,7,gpu-3uwoq-6g3ya-2,3,193,0.024519
e5-counters-rdma-qps4,timed-4GiB,4294967296,7,gpu-3uwoq-6g3ya-2,3,194,0.024669
e5-counters-rdma-qps4,timed-4GiB,4294967296,7,gpu-3uwoq-6g3ya-2,3,195,0.024617
e5-counters-rdma-qps4,timed-4GiB,4294967296,7,gpu-3uwoq-6g3ya-2,3,196,0.024603
e5-counters-rdma-qps4,timed-4GiB,4294967296,7,gpu-3uwoq-6g3ya-2,3,197,0.024629
e5-counters-rdma-qps4,timed-4GiB,4294967296,7,gpu-3uwoq-6g3ya-2,3,198,0.024643
e5-counters-rdma-qps4,timed-4GiB,4294967296,7,gpu-3uwoq-6g3ya-2,3,199,0.024715
e5-counters-rdma-qps4,timed-4GiB,4294967296,7,gpu-3uwoq-6g3ya-2,3,200,0.024564
e5-counters-rdma-qps4,timed-4GiB,4294967296,7,gpu-3uwoq-6g3ya-2,3,201,0.024649
e5-counters-rdma-qps4,timed-4GiB,4294967296,7,gpu-3uwoq-6g3ya-2,3,202,0.024687
e5-counters-rdma-qps4,timed-4GiB,4294967296,7,gpu-3uwoq-6g3ya-2,3,203,0.024656
e5-counters-rdma-qps4,timed-4GiB,4294967296,7,gpu-3uwoq-6g3ya-2,3,204,0.024630
e5-counters-rdma-qps4,timed-4GiB,4294967296,7,gpu-3uwoq-6g3ya-2,3,205,0.024501
e5-counters-rdma-qps4,timed-4GiB,4294967296,7,gpu-3uwoq-6g3ya-2,3,206,0.024529
e5-counters-rdma-qps4,timed-4GiB,4294967296,7,gpu-3uwoq-6g3ya-2,3,207,0.024744
e5-counters-rdma-qps4,timed-4GiB,4294967296,7,gpu-3uwoq-6g3ya-2,3,208,0.025512
e5-counters-rdma-qps4,timed-4GiB,4294967296,7,gpu-3uwoq-6g3ya-2,3,209,0.025647
e5-counters-rdma-qps4,timed-4GiB,4294967296,7,gpu-3uwoq-6g3ya-2,3,210,0.025229
e5-counters-rdma-qps4,timed-4GiB,4294967296,7,gpu-3uwoq-6g3ya-2,3,211,0.025262
e5-counters-rdma-qps4,timed-4GiB,4294967296,7,gpu-3uwoq-6g3ya-2,3,212,0.025084
e5-counters-rdma-qps4,timed-4GiB,4294967296,7,gpu-3uwoq-6g3ya-2,3,213,0.024995
e5-counters-rdma-qps4,timed-4GiB,4294967296,7,gpu-3uwoq-6g3ya-2,3,214,0.024782
e5-counters-rdma-qps4,timed-4GiB,4294967296,7,gpu-3uwoq-6g3ya-2,3,215,0.024763
e5-counters-rdma-qps4,timed-4GiB,4294967296,7,gpu-3uwoq-6g3ya-2,3,216,0.024748
e5-counters-rdma-qps4,timed-4GiB,4294967296,7,gpu-3uwoq-6g3ya-2,3,217,0.025197
e5-counters-rdma-qps4,timed-4GiB,4294967296,7,gpu-3uwoq-6g3ya-2,3,218,0.026177
e5-counters-rdma-qps4,timed-4GiB,4294967296,7,gpu-3uwoq-6g3ya-2,3,219,0.025644
e5-counters-rdma-qps4,timed-4GiB,4294967296,7,gpu-3uwoq-6g3ya-2,3,220,0.025519
e5-counters-rdma-qps4,timed-4GiB,4294967296,7,gpu-3uwoq-6g3ya-2,3,221,0.025526
e5-counters-rdma-qps4,timed-4GiB,4294967296,7,gpu-3uwoq-6g3ya-2,3,222,0.025526
e5-counters-rdma-qps4,timed-4GiB,4294967296,7,gpu-3uwoq-6g3ya-2,3,223,0.025168
e5-counters-rdma-qps4,timed-4GiB,4294967296,7,gpu-3uwoq-6g3ya-2,3,224,0.025301
e5-counters-rdma-qps4,timed-4GiB,4294967296,7,gpu-3uwoq-6g3ya-2,3,225,0.025160
e5-counters-rdma-qps4,timed-4GiB,4294967296,7,gpu-3uwoq-6g3ya-2,3,226,0.025027
e5-counters-rdma-qps4,timed-4GiB,4294967296,7,gpu-3uwoq-6g3ya-2,3,227,0.024985
e5-counters-rdma-qps4,timed-4GiB,4294967296,7,gpu-3uwoq-6g3ya-2,3,228,0.024766
e5-counters-rdma-qps4,timed-4GiB,4294967296,7,gpu-3uwoq-6g3ya-2,3,229,0.024770
e5-counters-rdma-qps4,timed-4GiB,4294967296,7,gpu-3uwoq-6g3ya-2,3,230,0.024703
e5-counters-rdma-qps4,timed-4GiB,4294967296,7,gpu-3uwoq-6g3ya-2,3,231,0.025086
e5-counters-rdma-qps4,timed-4GiB,4294967296,7,gpu-3uwoq-6g3ya-2,3,232,0.025219
e5-counters-rdma-qps4,timed-4GiB,4294967296,7,gpu-3uwoq-6g3ya-2,3,233,0.025097
e5-counters-rdma-qps4,timed-4GiB,4294967296,7,gpu-3uwoq-6g3ya-2,3,234,0.025022
e5-counters-rdma-qps4,timed-4GiB,4294967296,7,gpu-3uwoq-6g3ya-2,3,235,0.025031
e5-counters-rdma-qps4,timed-4GiB,4294967296,7,gpu-3uwoq-6g3ya-2,3,236,0.025055
e5-counters-rdma-qps4,timed-4GiB,4294967296,7,gpu-3uwoq-6g3ya-2,3,237,0.025056
e5-counters-rdma-qps4,timed-4GiB,4294967296,7,gpu-3uwoq-6g3ya-2,3,238,0.024922
e5-counters-rdma-qps4,timed-4GiB,4294967296,7,gpu-3uwoq-6g3ya-2,3,239,0.024769
e5-counters-rdma-qps4,timed-4GiB,4294967296,7,gpu-3uwoq-6g3ya-2,3,240,0.024774
e5-counters-rdma-qps4,timed-4GiB,4294967296,7,gpu-3uwoq-6g3ya-2,3,241,0.024769
e5-counters-rdma-qps4,timed-4GiB,4294967296,7,gpu-3uwoq-6g3ya-2,3,242,0.025198
e5-counters-rdma-qps4,timed-4GiB,4294967296,7,gpu-3uwoq-6g3ya-2,3,243,0.025174
e5-counters-rdma-qps4,timed-4GiB,4294967296,7,gpu-3uwoq-6g3ya-2,3,244,0.024893
e5-counters-rdma-qps4,timed-4GiB,4294967296,7,gpu-3uwoq-6g3ya-2,3,245,0.024889
e5-counters-rdma-qps4,timed-4GiB,4294967296,7,gpu-3uwoq-6g3ya-2,3,246,0.024872
e5-counters-rdma-qps4,timed-4GiB,4294967296,7,gpu-3uwoq-6g3ya-2,3,247,0.024984
e5-counters-rdma-qps4,timed-4GiB,4294967296,7,gpu-3uwoq-6g3ya-2,3,248,0.024867
e5-counters-rdma-qps4,timed-4GiB,4294967296,7,gpu-3uwoq-6g3ya-2,3,249,0.024709
e5-counters-rdma-qps4,timed-4GiB,4294967296,7,gpu-3uwoq-6g3ya-2,3,250,0.025082
e5-counters-rdma-qps4,timed-4GiB,4294967296,7,gpu-3uwoq-6g3ya-2,3,251,0.024716
e5-counters-rdma-qps4,timed-4GiB,4294967296,7,gpu-3uwoq-6g3ya-2,3,252,0.024804
e5-counters-rdma-qps4,timed-4GiB,4294967296,7,gpu-3uwoq-6g3ya-2,3,253,0.024722
e5-counters-rdma-qps4,timed-4GiB,4294967296,7,gpu-3uwoq-6g3ya-2,3,254,0.024645
e5-counters-rdma-qps4,timed-4GiB,4294967296,7,gpu-3uwoq-6g3ya-2,3,255,0.024806
e5-counters-rdma-qps4,timed-4GiB,4294967296,7,gpu-3uwoq-6g3ya-2,3,256,0.024660
e5-counters-rdma-qps4,timed-4GiB,4294967296,7,gpu-3uwoq-6g3ya-2,3,257,0.024816
e5-counters-rdma-qps4,timed-4GiB,4294967296,7,gpu-3uwoq-6g3ya-2,3,258,0.025477
e5-counters-rdma-qps4,timed-4GiB,4294967296,7,gpu-3uwoq-6g3ya-2,3,259,0.025988
e5-counters-rdma-qps4,timed-4GiB,4294967296,7,gpu-3uwoq-6g3ya-2,3,260,0.025849
e5-counters-rdma-qps4,timed-4GiB,4294967296,7,gpu-3uwoq-6g3ya-2,3,261,0.025117
e5-counters-rdma-qps4,timed-4GiB,4294967296,7,gpu-3uwoq-6g3ya-2,3,262,0.024945
e5-counters-rdma-qps4,timed-4GiB,4294967296,7,gpu-3uwoq-6g3ya-2,3,263,0.024874
e5-counters-rdma-qps4,timed-4GiB,4294967296,7,gpu-3uwoq-6g3ya-2,3,264,0.024830
e5-counters-rdma-qps4,timed-4GiB,4294967296,7,gpu-3uwoq-6g3ya-2,3,265,0.024716
e5-counters-rdma-qps4,timed-4GiB,4294967296,7,gpu-3uwoq-6g3ya-2,3,266,0.025186
e5-counters-rdma-qps4,timed-4GiB,4294967296,7,gpu-3uwoq-6g3ya-2,3,267,0.025197
e5-counters-rdma-qps4,timed-4GiB,4294967296,7,gpu-3uwoq-6g3ya-2,3,268,0.025032
e5-counters-rdma-qps4,timed-4GiB,4294967296,7,gpu-3uwoq-6g3ya-2,3,269,0.024946
e5-counters-rdma-qps4,timed-4GiB,4294967296,7,gpu-3uwoq-6g3ya-2,3,270,0.024839
e5-counters-rdma-qps4,timed-4GiB,4294967296,7,gpu-3uwoq-6g3ya-2,3,271,0.024869
e5-counters-rdma-qps4,timed-4GiB,4294967296,7,gpu-3uwoq-6g3ya-2,3,272,0.025373
e5-counters-rdma-qps4,timed-4GiB,4294967296,7,gpu-3uwoq-6g3ya-2,3,273,0.025295
e5-counters-rdma-qps4,timed-4GiB,4294967296,7,gpu-3uwoq-6g3ya-2,3,274,0.024986
e5-counters-rdma-qps4,timed-4GiB,4294967296,7,gpu-3uwoq-6g3ya-2,3,275,0.024923
e5-counters-rdma-qps4,timed-4GiB,4294967296,7,gpu-3uwoq-6g3ya-2,3,276,0.024867
e5-counters-rdma-qps4,timed-4GiB,4294967296,7,gpu-3uwoq-6g3ya-2,3,277,0.024663
e5-counters-rdma-qps4,timed-4GiB,4294967296,7,gpu-3uwoq-6g3ya-2,3,278,0.024654
e5-counters-rdma-qps4,timed-4GiB,4294967296,7,gpu-3uwoq-6g3ya-2,3,279,0.024556
e5-counters-rdma-qps4,timed-4GiB,4294967296,7,gpu-3uwoq-6g3ya-2,3,280,0.024718
e5-counters-rdma-qps4,timed-4GiB,4294967296,7,gpu-3uwoq-6g3ya-2,3,281,0.024669
e5-counters-rdma-qps4,timed-4GiB,4294967296,7,gpu-3uwoq-6g3ya-2,3,282,0.024572
e5-counters-rdma-qps4,timed-4GiB,4294967296,7,gpu-3uwoq-6g3ya-2,3,283,0.024574
e5-counters-rdma-qps4,timed-4GiB,4294967296,7,gpu-3uwoq-6g3ya-2,3,284,0.024659
e5-counters-rdma-qps4,timed-4GiB,4294967296,7,gpu-3uwoq-6g3ya-2,3,285,0.024574
e5-counters-rdma-qps4,timed-4GiB,4294967296,7,gpu-3uwoq-6g3ya-2,3,286,0.024623
e5-counters-rdma-qps4,timed-4GiB,4294967296,7,gpu-3uwoq-6g3ya-2,3,287,0.024512
e5-counters-rdma-qps4,timed-4GiB,4294967296,7,gpu-3uwoq-6g3ya-2,3,288,0.024357
e5-counters-rdma-qps4,timed-4GiB,4294967296,7,gpu-3uwoq-6g3ya-2,3,289,0.024617
e5-counters-rdma-qps4,timed-4GiB,4294967296,7,gpu-3uwoq-6g3ya-2,3,290,0.024738
e5-counters-rdma-qps4,timed-4GiB,4294967296,7,gpu-3uwoq-6g3ya-2,3,291,0.024735
e5-counters-rdma-qps4,timed-4GiB,4294967296,7,gpu-3uwoq-6g3ya-2,3,292,0.024674
e5-counters-rdma-qps4,timed-4GiB,4294967296,7,gpu-3uwoq-6g3ya-2,3,293,0.024611
e5-counters-rdma-qps4,timed-4GiB,4294967296,7,gpu-3uwoq-6g3ya-2,3,294,0.024590
e5-counters-rdma-qps4,timed-4GiB,4294967296,7,gpu-3uwoq-6g3ya-2,3,295,0.024627
e5-counters-rdma-qps4,timed-4GiB,4294967296,7,gpu-3uwoq-6g3ya-2,3,296,0.024658
e5-counters-rdma-qps4,timed-4GiB,4294967296,7,gpu-3uwoq-6g3ya-2,3,297,0.024728
e5-counters-rdma-qps4,timed-4GiB,4294967296,7,gpu-3uwoq-6g3ya-2,3,298,0.025237
e5-counters-rdma-qps4,timed-4GiB,4294967296,7,gpu-3uwoq-6g3ya-2,3,299,0.025635
e5-counters-rdma-qps4,timed-4GiB,4294967296,7,gpu-3uwoq-6g3ya-2,3,300,0.025407
e5-counters-rdma-qps4,timed-4GiB,4294967296,7,gpu-3uwoq-6g3ya-2,3,301,0.024970
e5-counters-rdma-qps4,timed-4GiB,4294967296,7,gpu-3uwoq-6g3ya-2,3,302,0.024959
e5-counters-rdma-qps4,timed-4GiB,4294967296,7,gpu-3uwoq-6g3ya-2,3,303,0.024820
e5-counters-rdma-qps4,timed-4GiB,4294967296,7,gpu-3uwoq-6g3ya-2,3,304,0.024838
e5-counters-rdma-qps4,timed-4GiB,4294967296,7,gpu-3uwoq-6g3ya-2,3,305,0.024731
e5-counters-rdma-qps4,timed-4GiB,4294967296,7,gpu-3uwoq-6g3ya-2,3,306,0.024656
e5-counters-rdma-qps4,timed-4GiB,4294967296,7,gpu-3uwoq-6g3ya-2,3,307,0.024685
e5-counters-rdma-qps4,timed-4GiB,4294967296,7,gpu-3uwoq-6g3ya-2,3,308,0.024650
e5-counters-rdma-qps4,timed-4GiB,4294967296,7,gpu-3uwoq-6g3ya-2,3,309,0.024625
e5-counters-rdma-qps4,timed-4GiB,4294967296,7,gpu-3uwoq-6g3ya-2,3,310,0.024588
e5-counters-rdma-qps4,timed-4GiB,4294967296,7,gpu-3uwoq-6g3ya-2,3,311,0.024851
e5-counters-rdma-qps4,timed-4GiB,4294967296,7,gpu-3uwoq-6g3ya-2,3,312,0.024998
e5-counters-rdma-qps4,timed-4GiB,4294967296,7,gpu-3uwoq-6g3ya-2,3,313,0.025211
e5-counters-rdma-qps4,timed-4GiB,4294967296,7,gpu-3uwoq-6g3ya-2,3,314,0.024893
e5-counters-rdma-qps4,timed-4GiB,4294967296,7,gpu-3uwoq-6g3ya-2,3,315,0.024834
e5-counters-rdma-qps4,timed-4GiB,4294967296,7,gpu-3uwoq-6g3ya-2,3,316,0.024744
e5-counters-rdma-qps4,timed-4GiB,4294967296,7,gpu-3uwoq-6g3ya-2,3,317,0.024821
e5-counters-rdma-qps4,timed-4GiB,4294967296,7,gpu-3uwoq-6g3ya-2,3,318,0.024953
e5-counters-rdma-qps4,timed-4GiB,4294967296,7,gpu-3uwoq-6g3ya-2,3,319,0.024746
e5-counters-rdma-qps4,timed-4GiB,4294967296,7,gpu-3uwoq-6g3ya-2,3,320,0.024682
e5-counters-rdma-qps4,timed-4GiB,4294967296,7,gpu-3uwoq-6g3ya-2,3,321,0.024561
e5-counters-rdma-qps4,timed-4GiB,4294967296,7,gpu-3uwoq-6g3ya-2,3,322,0.024891
e5-counters-rdma-qps4,timed-4GiB,4294967296,7,gpu-3uwoq-6g3ya-2,3,323,0.025095
e5-counters-rdma-qps4,timed-4GiB,4294967296,7,gpu-3uwoq-6g3ya-2,3,324,0.024879
e5-counters-rdma-qps4,timed-4GiB,4294967296,7,gpu-3uwoq-6g3ya-2,3,325,0.024771
e5-counters-rdma-qps4,timed-4GiB,4294967296,7,gpu-3uwoq-6g3ya-2,3,326,0.024748
e5-counters-rdma-qps4,timed-4GiB,4294967296,7,gpu-3uwoq-6g3ya-2,3,327,0.024777
e5-counters-rdma-qps4,timed-4GiB,4294967296,7,gpu-3uwoq-6g3ya-2,3,328,0.024825
e5-counters-rdma-qps4,timed-4GiB,4294967296,7,gpu-3uwoq-6g3ya-2,3,329,0.024599
e5-counters-rdma-qps4,timed-4GiB,4294967296,7,gpu-3uwoq-6g3ya-2,3,330,0.024657
e5-counters-rdma-qps4,timed-4GiB,4294967296,7,gpu-3uwoq-6g3ya-2,3,331,0.024820
e5-counters-rdma-qps4,timed-4GiB,4294967296,7,gpu-3uwoq-6g3ya-2,3,332,0.024834
e5-counters-rdma-qps4,timed-4GiB,4294967296,7,gpu-3uwoq-6g3ya-2,3,333,0.024633
e5-counters-rdma-qps4,timed-4GiB,4294967296,7,gpu-3uwoq-6g3ya-2,3,334,0.024603
e5-counters-rdma-qps4,timed-4GiB,4294967296,7,gpu-3uwoq-6g3ya-2,3,335,0.024544
e5-counters-rdma-qps4,timed-4GiB,4294967296,7,gpu-3uwoq-6g3ya-2,3,336,0.024624
e5-counters-rdma-qps4,timed-4GiB,4294967296,7,gpu-3uwoq-6g3ya-2,3,337,0.024580
e5-counters-rdma-qps4,timed-4GiB,4294967296,7,gpu-3uwoq-6g3ya-2,3,338,0.024813
e5-counters-rdma-qps4,timed-4GiB,4294967296,7,gpu-3uwoq-6g3ya-2,3,339,0.026041
e5-counters-rdma-qps4,timed-4GiB,4294967296,7,gpu-3uwoq-6g3ya-2,3,340,0.026348
e5-counters-rdma-qps4,timed-4GiB,4294967296,7,gpu-3uwoq-6g3ya-2,3,341,0.025660
e5-counters-rdma-qps4,timed-4GiB,4294967296,7,gpu-3uwoq-6g3ya-2,3,342,0.025186
e5-counters-rdma-qps4,timed-4GiB,4294967296,7,gpu-3uwoq-6g3ya-2,3,343,0.025066
e5-counters-rdma-qps4,timed-4GiB,4294967296,7,gpu-3uwoq-6g3ya-2,3,344,0.024926
e5-counters-rdma-qps4,timed-4GiB,4294967296,7,gpu-3uwoq-6g3ya-2,3,345,0.024863
e5-counters-rdma-qps4,timed-4GiB,4294967296,7,gpu-3uwoq-6g3ya-2,3,346,0.024746
e5-counters-rdma-qps4,timed-4GiB,4294967296,7,gpu-3uwoq-6g3ya-2,3,347,0.024750
e5-counters-rdma-qps4,timed-4GiB,4294967296,7,gpu-3uwoq-6g3ya-2,3,348,0.024639
e5-counters-rdma-qps4,timed-4GiB,4294967296,7,gpu-3uwoq-6g3ya-2,3,349,0.024617
e5-counters-rdma-qps4,timed-4GiB,4294967296,7,gpu-3uwoq-6g3ya-2,3,350,0.024725
e5-counters-rdma-qps4,timed-4GiB,4294967296,7,gpu-3uwoq-6g3ya-2,3,351,0.024565
e5-counters-rdma-qps4,timed-4GiB,4294967296,7,gpu-3uwoq-6g3ya-2,3,352,0.024680
e5-counters-rdma-qps4,timed-4GiB,4294967296,7,gpu-3uwoq-6g3ya-2,3,353,0.024607
e5-counters-rdma-qps4,timed-4GiB,4294967296,7,gpu-3uwoq-6g3ya-2,3,354,0.024635
e5-counters-rdma-qps4,timed-4GiB,4294967296,7,gpu-3uwoq-6g3ya-2,3,355,0.024661
e5-counters-rdma-qps4,timed-4GiB,4294967296,7,gpu-3uwoq-6g3ya-2,3,356,0.024586
e5-counters-rdma-qps4,timed-4GiB,4294967296,7,gpu-3uwoq-6g3ya-2,3,357,0.024447
e5-counters-rdma-qps4,timed-4GiB,4294967296,7,gpu-3uwoq-6g3ya-2,3,358,0.024650
e5-counters-rdma-qps4,timed-4GiB,4294967296,7,gpu-3uwoq-6g3ya-2,3,359,0.024629
e5-counters-rdma-qps4,timed-4GiB,4294967296,7,gpu-3uwoq-6g3ya-2,3,360,0.024586
e5-counters-rdma-qps4,timed-4GiB,4294967296,7,gpu-3uwoq-6g3ya-2,3,361,0.024568
e5-counters-rdma-qps4,timed-4GiB,4294967296,7,gpu-3uwoq-6g3ya-2,3,362,0.024546
e5-counters-rdma-qps4,timed-4GiB,4294967296,7,gpu-3uwoq-6g3ya-2,3,363,0.024617
e5-counters-rdma-qps4,timed-4GiB,4294967296,7,gpu-3uwoq-6g3ya-2,3,364,0.024955
e5-counters-rdma-qps4,timed-4GiB,4294967296,7,gpu-3uwoq-6g3ya-2,3,365,0.024904
e5-counters-rdma-qps4,timed-4GiB,4294967296,7,gpu-3uwoq-6g3ya-2,3,366,0.024916
e5-counters-rdma-qps4,timed-4GiB,4294967296,7,gpu-3uwoq-6g3ya-2,3,367,0.024726
e5-counters-rdma-qps4,timed-4GiB,4294967296,7,gpu-3uwoq-6g3ya-2,3,368,0.024698
e5-counters-rdma-qps4,timed-4GiB,4294967296,7,gpu-3uwoq-6g3ya-2,3,369,0.024804
e5-counters-rdma-qps4,timed-4GiB,4294967296,7,gpu-3uwoq-6g3ya-2,3,370,0.024748
e5-counters-rdma-qps4,timed-4GiB,4294967296,7,gpu-3uwoq-6g3ya-2,3,371,0.024908
e5-counters-rdma-qps4,timed-4GiB,4294967296,7,gpu-3uwoq-6g3ya-2,3,372,0.024793
e5-counters-rdma-qps4,timed-4GiB,4294967296,7,gpu-3uwoq-6g3ya-2,3,373,0.024653
e5-counters-rdma-qps4,timed-4GiB,4294967296,7,gpu-3uwoq-6g3ya-2,3,374,0.024800
e5-counters-rdma-qps4,timed-4GiB,4294967296,7,gpu-3uwoq-6g3ya-2,3,375,0.024595
e5-counters-rdma-qps4,timed-4GiB,4294967296,7,gpu-3uwoq-6g3ya-2,3,376,0.024746
e5-counters-rdma-qps4,timed-4GiB,4294967296,7,gpu-3uwoq-6g3ya-2,3,377,0.024567
e5-counters-rdma-qps4,timed-4GiB,4294967296,7,gpu-3uwoq-6g3ya-2,3,378,0.024674
e5-counters-rdma-qps4,timed-4GiB,4294967296,7,gpu-3uwoq-6g3ya-2,3,379,0.025570
e5-counters-rdma-qps4,timed-4GiB,4294967296,7,gpu-3uwoq-6g3ya-2,3,380,0.025170
e5-counters-rdma-qps4,timed-4GiB,4294967296,7,gpu-3uwoq-6g3ya-2,3,381,0.024900
e5-counters-rdma-qps4,timed-4GiB,4294967296,7,gpu-3uwoq-6g3ya-2,3,382,0.024857
e5-counters-rdma-qps4,timed-4GiB,4294967296,7,gpu-3uwoq-6g3ya-2,3,383,0.024622
e5-counters-rdma-qps4,timed-4GiB,4294967296,7,gpu-3uwoq-6g3ya-2,3,384,0.024770
e5-counters-rdma-qps4,timed-4GiB,4294967296,7,gpu-3uwoq-6g3ya-2,3,385,0.025138
e5-counters-rdma-qps4,timed-4GiB,4294967296,7,gpu-3uwoq-6g3ya-2,3,386,0.025343
e5-counters-rdma-qps4,timed-4GiB,4294967296,7,gpu-3uwoq-6g3ya-2,3,387,0.024963
e5-counters-rdma-qps4,timed-4GiB,4294967296,7,gpu-3uwoq-6g3ya-2,3,388,0.024901
e5-counters-rdma-qps4,timed-4GiB,4294967296,7,gpu-3uwoq-6g3ya-2,3,389,0.024902
e5-counters-rdma-qps4,timed-4GiB,4294967296,7,gpu-3uwoq-6g3ya-2,3,390,0.024955
e5-counters-rdma-qps4,timed-4GiB,4294967296,7,gpu-3uwoq-6g3ya-2,3,391,0.024703
e5-counters-rdma-qps4,timed-4GiB,4294967296,7,gpu-3uwoq-6g3ya-2,3,392,0.024713
e5-counters-rdma-qps4,timed-4GiB,4294967296,7,gpu-3uwoq-6g3ya-2,3,393,0.024519
e5-counters-rdma-qps4,timed-4GiB,4294967296,7,gpu-3uwoq-6g3ya-2,3,394,0.024579
e5-counters-rdma-qps4,timed-4GiB,4294967296,7,gpu-3uwoq-6g3ya-2,3,395,0.024852
e5-counters-rdma-qps4,timed-4GiB,4294967296,7,gpu-3uwoq-6g3ya-2,3,396,0.024936
e5-counters-rdma-qps4,timed-4GiB,4294967296,7,gpu-3uwoq-6g3ya-2,3,397,0.024975
e5-counters-rdma-qps4,timed-4GiB,4294967296,7,gpu-3uwoq-6g3ya-2,3,398,0.024876
e5-counters-rdma-qps4,timed-4GiB,4294967296,7,gpu-3uwoq-6g3ya-2,3,399,0.024907
