ts_iso,node,source,device,metric,value
2026-09-30T06:46:58.417Z,gpu-3uwoq-6g3ya-1,ib_counter,rdma_vf_rail0,port_xmit_data,4.05431e+12
2026-09-30T06:46:58.417Z,gpu-3uwoq-6g3ya-1,ib_counter,rdma_vf_rail0,port_rcv_data,2.08688e+12
2026-09-30T06:46:58.417Z,gpu-3uwoq-6g3ya-1,ib_counter,rdma_vf_rail0,port_xmit_packets,1.09514e+09
2026-09-30T06:46:58.417Z,gpu-3uwoq-6g3ya-1,ib_counter,rdma_vf_rail0,port_rcv_packets,7.30222e+08
2026-09-30T06:46:58.417Z,gpu-3uwoq-6g3ya-1,ib_counter,rdma_vf_rail0,port_xmit_wait,0
2026-09-30T06:46:58.417Z,gpu-3uwoq-6g3ya-1,ib_counter,rdma_vf_rail0,port_rcv_errors,0
2026-09-30T06:46:58.417Z,gpu-3uwoq-6g3ya-1,ib_counter,rdma_vf_rail0,port_xmit_discards,0
2026-09-30T06:46:58.417Z,gpu-3uwoq-6g3ya-1,ib_counter,rdma_vf_rail0,link_downed,0
2026-09-30T06:46:58.417Z,gpu-3uwoq-6g3ya-1,ib_hw_counter,rdma_vf_rail0,out_of_sequence,0
2026-09-30T06:46:58.417Z,gpu-3uwoq-6g3ya-1,ib_hw_counter,rdma_vf_rail0,packet_seq_err,8
2026-09-30T06:46:58.417Z,gpu-3uwoq-6g3ya-1,ib_hw_counter,rdma_vf_rail0,local_ack_timeout_err,0
2026-09-30T06:46:58.417Z,gpu-3uwoq-6g3ya-1,ib_hw_counter,rdma_vf_rail0,rx_write_requests,4.44406e+08
2026-09-30T06:46:58.417Z,gpu-3uwoq-6g3ya-1,ib_hw_counter,rdma_vf_rail0,rx_read_requests,8.83833e+06
2026-09-30T06:46:58.417Z,gpu-3uwoq-6g3ya-1,ib_hw_counter,rdma_vf_rail0,req_cqe_error,0
2026-09-30T06:46:58.417Z,gpu-3uwoq-6g3ya-1,ib_hw_counter,rdma_vf_rail0,resp_cqe_error,0
2026-09-30T06:46:58.417Z,gpu-3uwoq-6g3ya-1,ib_hw_counter,rdma_vf_rail0,implied_nak_seq_err,0
2026-09-30T06:46:58.417Z,gpu-3uwoq-6g3ya-1,ib_hw_counter,rdma_vf_rail0,duplicate_request,0
2026-09-30T06:46:58.417Z,gpu-3uwoq-6g3ya-1,ib_counter,rdma_vf_rail1,port_xmit_data,3.94677e+12
2026-09-30T06:46:58.417Z,gpu-3uwoq-6g3ya-1,ib_counter,rdma_vf_rail1,port_rcv_data,1.97875e+12
2026-09-30T06:46:58.417Z,gpu-3uwoq-6g3ya-1,ib_counter,rdma_vf_rail1,port_xmit_packets,1.06896e+09
2026-09-30T06:46:58.417Z,gpu-3uwoq-6g3ya-1,ib_counter,rdma_vf_rail1,port_rcv_packets,6.99145e+08
2026-09-30T06:46:58.417Z,gpu-3uwoq-6g3ya-1,ib_counter,rdma_vf_rail1,port_xmit_wait,0
2026-09-30T06:46:58.417Z,gpu-3uwoq-6g3ya-1,ib_counter,rdma_vf_rail1,port_rcv_errors,0
2026-09-30T06:46:58.417Z,gpu-3uwoq-6g3ya-1,ib_counter,rdma_vf_rail1,port_xmit_discards,0
2026-09-30T06:46:58.417Z,gpu-3uwoq-6g3ya-1,ib_counter,rdma_vf_rail1,link_downed,0
2026-09-30T06:46:58.417Z,gpu-3uwoq-6g3ya-1,ib_hw_counter,rdma_vf_rail1,out_of_sequence,0
2026-09-30T06:46:58.417Z,gpu-3uwoq-6g3ya-1,ib_hw_counter,rdma_vf_rail1,packet_seq_err,8
2026-09-30T06:46:58.417Z,gpu-3uwoq-6g3ya-1,ib_hw_counter,rdma_vf_rail1,local_ack_timeout_err,0
2026-09-30T06:46:58.417Z,gpu-3uwoq-6g3ya-1,ib_hw_counter,rdma_vf_rail1,rx_write_requests,4.42808e+08
2026-09-30T06:46:58.417Z,gpu-3uwoq-6g3ya-1,ib_hw_counter,rdma_vf_rail1,rx_read_requests,8.03731e+06
2026-09-30T06:46:58.417Z,gpu-3uwoq-6g3ya-1,ib_hw_counter,rdma_vf_rail1,req_cqe_error,0
2026-09-30T06:46:58.417Z,gpu-3uwoq-6g3ya-1,ib_hw_counter,rdma_vf_rail1,resp_cqe_error,0
2026-09-30T06:46:58.417Z,gpu-3uwoq-6g3ya-1,ib_hw_counter,rdma_vf_rail1,implied_nak_seq_err,0
2026-09-30T06:46:58.417Z,gpu-3uwoq-6g3ya-1,ib_hw_counter,rdma_vf_rail1,duplicate_request,0
2026-09-30T06:46:58.417Z,gpu-3uwoq-6g3ya-1,ib_counter,rdma_vf_rail2,port_xmit_data,3.91927e+12
2026-09-30T06:46:58.417Z,gpu-3uwoq-6g3ya-1,ib_counter,rdma_vf_rail2,port_rcv_data,1.95098e+12
2026-09-30T06:46:58.417Z,gpu-3uwoq-6g3ya-1,ib_counter,rdma_vf_rail2,port_xmit_packets,1.0544e+09
2026-09-30T06:46:58.417Z,gpu-3uwoq-6g3ya-1,ib_counter,rdma_vf_rail2,port_rcv_packets,6.80094e+08
2026-09-30T06:46:58.417Z,gpu-3uwoq-6g3ya-1,ib_counter,rdma_vf_rail2,port_xmit_wait,0
2026-09-30T06:46:58.417Z,gpu-3uwoq-6g3ya-1,ib_counter,rdma_vf_rail2,port_rcv_errors,0
2026-09-30T06:46:58.417Z,gpu-3uwoq-6g3ya-1,ib_counter,rdma_vf_rail2,port_xmit_discards,0
2026-09-30T06:46:58.417Z,gpu-3uwoq-6g3ya-1,ib_counter,rdma_vf_rail2,link_downed,0
2026-09-30T06:46:58.417Z,gpu-3uwoq-6g3ya-1,ib_hw_counter,rdma_vf_rail2,out_of_sequence,0
2026-09-30T06:46:58.417Z,gpu-3uwoq-6g3ya-1,ib_hw_counter,rdma_vf_rail2,packet_seq_err,7
2026-09-30T06:46:58.417Z,gpu-3uwoq-6g3ya-1,ib_hw_counter,rdma_vf_rail2,local_ack_timeout_err,0
2026-09-30T06:46:58.417Z,gpu-3uwoq-6g3ya-1,ib_hw_counter,rdma_vf_rail2,rx_write_requests,4.42381e+08
2026-09-30T06:46:58.417Z,gpu-3uwoq-6g3ya-1,ib_hw_counter,rdma_vf_rail2,rx_read_requests,7.82969e+06
2026-09-30T06:46:58.417Z,gpu-3uwoq-6g3ya-1,ib_hw_counter,rdma_vf_rail2,req_cqe_error,0
2026-09-30T06:46:58.417Z,gpu-3uwoq-6g3ya-1,ib_hw_counter,rdma_vf_rail2,resp_cqe_error,0
2026-09-30T06:46:58.417Z,gpu-3uwoq-6g3ya-1,ib_hw_counter,rdma_vf_rail2,implied_nak_seq_err,0
2026-09-30T06:46:58.417Z,gpu-3uwoq-6g3ya-1,ib_hw_counter,rdma_vf_rail2,duplicate_request,0
2026-09-30T06:46:58.417Z,gpu-3uwoq-6g3ya-1,ib_counter,rdma_vf_rail3,port_xmit_data,3.91953e+12
2026-09-30T06:46:58.417Z,gpu-3uwoq-6g3ya-1,ib_counter,rdma_vf_rail3,port_rcv_data,1.95074e+12
2026-09-30T06:46:58.417Z,gpu-3uwoq-6g3ya-1,ib_counter,rdma_vf_rail3,port_xmit_packets,1.05518e+09
2026-09-30T06:46:58.417Z,gpu-3uwoq-6g3ya-1,ib_counter,rdma_vf_rail3,port_rcv_packets,6.76919e+08
2026-09-30T06:46:58.417Z,gpu-3uwoq-6g3ya-1,ib_counter,rdma_vf_rail3,port_xmit_wait,0
2026-09-30T06:46:58.417Z,gpu-3uwoq-6g3ya-1,ib_counter,rdma_vf_rail3,port_rcv_errors,0
2026-09-30T06:46:58.417Z,gpu-3uwoq-6g3ya-1,ib_counter,rdma_vf_rail3,port_xmit_discards,0
2026-09-30T06:46:58.417Z,gpu-3uwoq-6g3ya-1,ib_counter,rdma_vf_rail3,link_downed,0
2026-09-30T06:46:58.417Z,gpu-3uwoq-6g3ya-1,ib_hw_counter,rdma_vf_rail3,out_of_sequence,1
2026-09-30T06:46:58.417Z,gpu-3uwoq-6g3ya-1,ib_hw_counter,rdma_vf_rail3,packet_seq_err,7
2026-09-30T06:46:58.417Z,gpu-3uwoq-6g3ya-1,ib_hw_counter,rdma_vf_rail3,local_ack_timeout_err,0
2026-09-30T06:46:58.417Z,gpu-3uwoq-6g3ya-1,ib_hw_counter,rdma_vf_rail3,rx_write_requests,4.42381e+08
2026-09-30T06:46:58.417Z,gpu-3uwoq-6g3ya-1,ib_hw_counter,rdma_vf_rail3,rx_read_requests,7.82969e+06
2026-09-30T06:46:58.417Z,gpu-3uwoq-6g3ya-1,ib_hw_counter,rdma_vf_rail3,req_cqe_error,0
2026-09-30T06:46:58.417Z,gpu-3uwoq-6g3ya-1,ib_hw_counter,rdma_vf_rail3,resp_cqe_error,0
2026-09-30T06:46:58.417Z,gpu-3uwoq-6g3ya-1,ib_hw_counter,rdma_vf_rail3,implied_nak_seq_err,0
2026-09-30T06:46:58.417Z,gpu-3uwoq-6g3ya-1,ib_hw_counter,rdma_vf_rail3,duplicate_request,0
2026-09-30T06:46:58.417Z,gpu-3uwoq-6g3ya-1,dcgm,gpu2,gpu_util,0
2026-09-30T06:46:58.417Z,gpu-3uwoq-6g3ya-1,dcgm,gpu3,gpu_util,0
2026-09-30T06:46:58.417Z,gpu-3uwoq-6g3ya-1,dcgm,gpu0,gpu_util,0
2026-09-30T06:46:58.417Z,gpu-3uwoq-6g3ya-1,dcgm,gpu1,gpu_util,0
2026-09-30T06:46:58.417Z,gpu-3uwoq-6g3ya-1,dcgm,gpu2,nvlink_bandwidth_total,0
2026-09-30T06:46:58.417Z,gpu-3uwoq-6g3ya-1,dcgm,gpu3,nvlink_bandwidth_total,0
2026-09-30T06:46:58.417Z,gpu-3uwoq-6g3ya-1,dcgm,gpu0,nvlink_bandwidth_total,0
2026-09-30T06:46:58.417Z,gpu-3uwoq-6g3ya-1,dcgm,gpu1,nvlink_bandwidth_total,0
2026-09-30T06:46:58.417Z,gpu-3uwoq-6g3ya-1,dcgm,gpu2,power_w,222.82
2026-09-30T06:46:58.417Z,gpu-3uwoq-6g3ya-1,dcgm,gpu3,power_w,227.025
2026-09-30T06:46:58.417Z,gpu-3uwoq-6g3ya-1,dcgm,gpu0,power_w,230.256
2026-09-30T06:46:58.417Z,gpu-3uwoq-6g3ya-1,dcgm,gpu1,power_w,226.594
2026-09-30T06:46:58.417Z,gpu-3uwoq-6g3ya-1,dcgm,gpu2,sm_clock_mhz,2070
2026-09-30T06:46:58.417Z,gpu-3uwoq-6g3ya-1,dcgm,gpu3,sm_clock_mhz,2070
2026-09-30T06:46:58.417Z,gpu-3uwoq-6g3ya-1,dcgm,gpu0,sm_clock_mhz,2070
2026-09-30T06:46:58.417Z,gpu-3uwoq-6g3ya-1,dcgm,gpu1,sm_clock_mhz,2070
2026-09-30T06:46:58.417Z,gpu-3uwoq-6g3ya-1,dcgm,gpu2,dram_active,0
2026-09-30T06:46:58.417Z,gpu-3uwoq-6g3ya-1,dcgm,gpu3,dram_active,0
2026-09-30T06:46:58.417Z,gpu-3uwoq-6g3ya-1,dcgm,gpu0,dram_active,0
2026-09-30T06:46:58.417Z,gpu-3uwoq-6g3ya-1,dcgm,gpu1,dram_active,0
2026-09-30T06:46:58.417Z,gpu-3uwoq-6g3ya-1,dcgm,gpu2,pcie_rx_bytes,25997
2026-09-30T06:46:58.417Z,gpu-3uwoq-6g3ya-1,dcgm,gpu3,pcie_rx_bytes,26171
2026-09-30T06:46:58.417Z,gpu-3uwoq-6g3ya-1,dcgm,gpu0,pcie_rx_bytes,21016
2026-09-30T06:46:58.417Z,gpu-3uwoq-6g3ya-1,dcgm,gpu1,pcie_rx_bytes,20964
2026-09-30T06:46:58.417Z,gpu-3uwoq-6g3ya-1,dcgm,gpu2,pcie_tx_bytes,25543
2026-09-30T06:46:58.417Z,gpu-3uwoq-6g3ya-1,dcgm,gpu3,pcie_tx_bytes,25735
2026-09-30T06:46:58.417Z,gpu-3uwoq-6g3ya-1,dcgm,gpu0,pcie_tx_bytes,20578
2026-09-30T06:46:58.417Z,gpu-3uwoq-6g3ya-1,dcgm,gpu1,pcie_tx_bytes,20510
2026-09-30T06:46:58.417Z,gpu-3uwoq-6g3ya-1,dcgm,gpu2,tensor_active,0
2026-09-30T06:46:58.417Z,gpu-3uwoq-6g3ya-1,dcgm,gpu3,tensor_active,0
2026-09-30T06:46:58.417Z,gpu-3uwoq-6g3ya-1,dcgm,gpu0,tensor_active,0
2026-09-30T06:46:58.417Z,gpu-3uwoq-6g3ya-1,dcgm,gpu1,tensor_active,0
2026-09-30T06:46:58.417Z,gpu-3uwoq-6g3ya-1,dcgm,gpu2,sm_active,0
2026-09-30T06:46:58.417Z,gpu-3uwoq-6g3ya-1,dcgm,gpu3,sm_active,0
2026-09-30T06:46:58.417Z,gpu-3uwoq-6g3ya-1,dcgm,gpu0,sm_active,0
2026-09-30T06:46:58.417Z,gpu-3uwoq-6g3ya-1,dcgm,gpu1,sm_active,0
2026-09-30T06:46:58.417Z,gpu-3uwoq-6g3ya-1,nvlink,gpu0,nvlink_rx_bytes,1.02469e+13
2026-09-30T06:46:58.417Z,gpu-3uwoq-6g3ya-1,nvlink,gpu0,nvlink_tx_bytes,1.02513e+13
2026-09-30T06:46:58.417Z,gpu-3uwoq-6g3ya-1,nvlink,gpu1,nvlink_rx_bytes,1.04013e+13
2026-09-30T06:46:58.417Z,gpu-3uwoq-6g3ya-1,nvlink,gpu1,nvlink_tx_bytes,1.04042e+13
2026-09-30T06:46:58.417Z,gpu-3uwoq-6g3ya-1,nvlink,gpu2,nvlink_rx_bytes,1.02695e+13
2026-09-30T06:46:58.417Z,gpu-3uwoq-6g3ya-1,nvlink,gpu2,nvlink_tx_bytes,1.02732e+13
2026-09-30T06:46:58.417Z,gpu-3uwoq-6g3ya-1,nvlink,gpu3,nvlink_rx_bytes,1.0219e+13
2026-09-30T06:46:58.417Z,gpu-3uwoq-6g3ya-1,nvlink,gpu3,nvlink_tx_bytes,1.0222e+13
2026-09-30T06:46:59.417Z,gpu-3uwoq-6g3ya-1,ib_counter,rdma_vf_rail0,port_xmit_data,4.05431e+12
2026-09-30T06:46:59.417Z,gpu-3uwoq-6g3ya-1,ib_counter,rdma_vf_rail0,port_rcv_data,2.08688e+12
2026-09-30T06:46:59.417Z,gpu-3uwoq-6g3ya-1,ib_counter,rdma_vf_rail0,port_xmit_packets,1.09514e+09
2026-09-30T06:46:59.417Z,gpu-3uwoq-6g3ya-1,ib_counter,rdma_vf_rail0,port_rcv_packets,7.30222e+08
2026-09-30T06:46:59.417Z,gpu-3uwoq-6g3ya-1,ib_counter,rdma_vf_rail0,port_xmit_wait,0
2026-09-30T06:46:59.417Z,gpu-3uwoq-6g3ya-1,ib_counter,rdma_vf_rail0,port_rcv_errors,0
2026-09-30T06:46:59.417Z,gpu-3uwoq-6g3ya-1,ib_counter,rdma_vf_rail0,port_xmit_discards,0
2026-09-30T06:46:59.417Z,gpu-3uwoq-6g3ya-1,ib_counter,rdma_vf_rail0,link_downed,0
2026-09-30T06:46:59.417Z,gpu-3uwoq-6g3ya-1,ib_hw_counter,rdma_vf_rail0,out_of_sequence,0
2026-09-30T06:46:59.417Z,gpu-3uwoq-6g3ya-1,ib_hw_counter,rdma_vf_rail0,packet_seq_err,8
2026-09-30T06:46:59.417Z,gpu-3uwoq-6g3ya-1,ib_hw_counter,rdma_vf_rail0,local_ack_timeout_err,0
2026-09-30T06:46:59.417Z,gpu-3uwoq-6g3ya-1,ib_hw_counter,rdma_vf_rail0,rx_write_requests,4.44406e+08
2026-09-30T06:46:59.417Z,gpu-3uwoq-6g3ya-1,ib_hw_counter,rdma_vf_rail0,rx_read_requests,8.83833e+06
2026-09-30T06:46:59.417Z,gpu-3uwoq-6g3ya-1,ib_hw_counter,rdma_vf_rail0,req_cqe_error,0
2026-09-30T06:46:59.417Z,gpu-3uwoq-6g3ya-1,ib_hw_counter,rdma_vf_rail0,resp_cqe_error,0
2026-09-30T06:46:59.417Z,gpu-3uwoq-6g3ya-1,ib_hw_counter,rdma_vf_rail0,implied_nak_seq_err,0
2026-09-30T06:46:59.417Z,gpu-3uwoq-6g3ya-1,ib_hw_counter,rdma_vf_rail0,duplicate_request,0
2026-09-30T06:46:59.417Z,gpu-3uwoq-6g3ya-1,ib_counter,rdma_vf_rail1,port_xmit_data,3.94677e+12
2026-09-30T06:46:59.417Z,gpu-3uwoq-6g3ya-1,ib_counter,rdma_vf_rail1,port_rcv_data,1.97875e+12
2026-09-30T06:46:59.417Z,gpu-3uwoq-6g3ya-1,ib_counter,rdma_vf_rail1,port_xmit_packets,1.06896e+09
2026-09-30T06:46:59.417Z,gpu-3uwoq-6g3ya-1,ib_counter,rdma_vf_rail1,port_rcv_packets,6.99145e+08
2026-09-30T06:46:59.417Z,gpu-3uwoq-6g3ya-1,ib_counter,rdma_vf_rail1,port_xmit_wait,0
2026-09-30T06:46:59.417Z,gpu-3uwoq-6g3ya-1,ib_counter,rdma_vf_rail1,port_rcv_errors,0
2026-09-30T06:46:59.417Z,gpu-3uwoq-6g3ya-1,ib_counter,rdma_vf_rail1,port_xmit_discards,0
2026-09-30T06:46:59.417Z,gpu-3uwoq-6g3ya-1,ib_counter,rdma_vf_rail1,link_downed,0
2026-09-30T06:46:59.417Z,gpu-3uwoq-6g3ya-1,ib_hw_counter,rdma_vf_rail1,out_of_sequence,0
2026-09-30T06:46:59.417Z,gpu-3uwoq-6g3ya-1,ib_hw_counter,rdma_vf_rail1,packet_seq_err,8
2026-09-30T06:46:59.417Z,gpu-3uwoq-6g3ya-1,ib_hw_counter,rdma_vf_rail1,local_ack_timeout_err,0
2026-09-30T06:46:59.417Z,gpu-3uwoq-6g3ya-1,ib_hw_counter,rdma_vf_rail1,rx_write_requests,4.42808e+08
2026-09-30T06:46:59.417Z,gpu-3uwoq-6g3ya-1,ib_hw_counter,rdma_vf_rail1,rx_read_requests,8.03731e+06
2026-09-30T06:46:59.417Z,gpu-3uwoq-6g3ya-1,ib_hw_counter,rdma_vf_rail1,req_cqe_error,0
2026-09-30T06:46:59.417Z,gpu-3uwoq-6g3ya-1,ib_hw_counter,rdma_vf_rail1,resp_cqe_error,0
2026-09-30T06:46:59.417Z,gpu-3uwoq-6g3ya-1,ib_hw_counter,rdma_vf_rail1,implied_nak_seq_err,0
2026-09-30T06:46:59.417Z,gpu-3uwoq-6g3ya-1,ib_hw_counter,rdma_vf_rail1,duplicate_request,0
2026-09-30T06:46:59.417Z,gpu-3uwoq-6g3ya-1,ib_counter,rdma_vf_rail2,port_xmit_data,3.91927e+12
2026-09-30T06:46:59.417Z,gpu-3uwoq-6g3ya-1,ib_counter,rdma_vf_rail2,port_rcv_data,1.95098e+12
2026-09-30T06:46:59.417Z,gpu-3uwoq-6g3ya-1,ib_counter,rdma_vf_rail2,port_xmit_packets,1.0544e+09
2026-09-30T06:46:59.417Z,gpu-3uwoq-6g3ya-1,ib_counter,rdma_vf_rail2,port_rcv_packets,6.80094e+08
2026-09-30T06:46:59.417Z,gpu-3uwoq-6g3ya-1,ib_counter,rdma_vf_rail2,port_xmit_wait,0
2026-09-30T06:46:59.417Z,gpu-3uwoq-6g3ya-1,ib_counter,rdma_vf_rail2,port_rcv_errors,0
2026-09-30T06:46:59.417Z,gpu-3uwoq-6g3ya-1,ib_counter,rdma_vf_rail2,port_xmit_discards,0
2026-09-30T06:46:59.417Z,gpu-3uwoq-6g3ya-1,ib_counter,rdma_vf_rail2,link_downed,0
2026-09-30T06:46:59.417Z,gpu-3uwoq-6g3ya-1,ib_hw_counter,rdma_vf_rail2,out_of_sequence,0
2026-09-30T06:46:59.417Z,gpu-3uwoq-6g3ya-1,ib_hw_counter,rdma_vf_rail2,packet_seq_err,7
2026-09-30T06:46:59.417Z,gpu-3uwoq-6g3ya-1,ib_hw_counter,rdma_vf_rail2,local_ack_timeout_err,0
2026-09-30T06:46:59.417Z,gpu-3uwoq-6g3ya-1,ib_hw_counter,rdma_vf_rail2,rx_write_requests,4.42381e+08
2026-09-30T06:46:59.417Z,gpu-3uwoq-6g3ya-1,ib_hw_counter,rdma_vf_rail2,rx_read_requests,7.82969e+06
2026-09-30T06:46:59.417Z,gpu-3uwoq-6g3ya-1,ib_hw_counter,rdma_vf_rail2,req_cqe_error,0
2026-09-30T06:46:59.417Z,gpu-3uwoq-6g3ya-1,ib_hw_counter,rdma_vf_rail2,resp_cqe_error,0
2026-09-30T06:46:59.417Z,gpu-3uwoq-6g3ya-1,ib_hw_counter,rdma_vf_rail2,implied_nak_seq_err,0
2026-09-30T06:46:59.417Z,gpu-3uwoq-6g3ya-1,ib_hw_counter,rdma_vf_rail2,duplicate_request,0
2026-09-30T06:46:59.417Z,gpu-3uwoq-6g3ya-1,ib_counter,rdma_vf_rail3,port_xmit_data,3.91953e+12
2026-09-30T06:46:59.417Z,gpu-3uwoq-6g3ya-1,ib_counter,rdma_vf_rail3,port_rcv_data,1.95074e+12
2026-09-30T06:46:59.417Z,gpu-3uwoq-6g3ya-1,ib_counter,rdma_vf_rail3,port_xmit_packets,1.05518e+09
2026-09-30T06:46:59.417Z,gpu-3uwoq-6g3ya-1,ib_counter,rdma_vf_rail3,port_rcv_packets,6.76919e+08
2026-09-30T06:46:59.417Z,gpu-3uwoq-6g3ya-1,ib_counter,rdma_vf_rail3,port_xmit_wait,0
2026-09-30T06:46:59.417Z,gpu-3uwoq-6g3ya-1,ib_counter,rdma_vf_rail3,port_rcv_errors,0
2026-09-30T06:46:59.417Z,gpu-3uwoq-6g3ya-1,ib_counter,rdma_vf_rail3,port_xmit_discards,0
2026-09-30T06:46:59.417Z,gpu-3uwoq-6g3ya-1,ib_counter,rdma_vf_rail3,link_downed,0
2026-09-30T06:46:59.417Z,gpu-3uwoq-6g3ya-1,ib_hw_counter,rdma_vf_rail3,out_of_sequence,1
2026-09-30T06:46:59.417Z,gpu-3uwoq-6g3ya-1,ib_hw_counter,rdma_vf_rail3,packet_seq_err,7
2026-09-30T06:46:59.417Z,gpu-3uwoq-6g3ya-1,ib_hw_counter,rdma_vf_rail3,local_ack_timeout_err,0
2026-09-30T06:46:59.417Z,gpu-3uwoq-6g3ya-1,ib_hw_counter,rdma_vf_rail3,rx_write_requests,4.42381e+08
2026-09-30T06:46:59.417Z,gpu-3uwoq-6g3ya-1,ib_hw_counter,rdma_vf_rail3,rx_read_requests,7.82969e+06
2026-09-30T06:46:59.417Z,gpu-3uwoq-6g3ya-1,ib_hw_counter,rdma_vf_rail3,req_cqe_error,0
2026-09-30T06:46:59.417Z,gpu-3uwoq-6g3ya-1,ib_hw_counter,rdma_vf_rail3,resp_cqe_error,0
2026-09-30T06:46:59.417Z,gpu-3uwoq-6g3ya-1,ib_hw_counter,rdma_vf_rail3,implied_nak_seq_err,0
2026-09-30T06:46:59.417Z,gpu-3uwoq-6g3ya-1,ib_hw_counter,rdma_vf_rail3,duplicate_request,0
2026-09-30T06:46:59.417Z,gpu-3uwoq-6g3ya-1,dcgm,gpu2,gpu_util,0
2026-09-30T06:46:59.417Z,gpu-3uwoq-6g3ya-1,dcgm,gpu3,gpu_util,0
2026-09-30T06:46:59.417Z,gpu-3uwoq-6g3ya-1,dcgm,gpu0,gpu_util,0
2026-09-30T06:46:59.417Z,gpu-3uwoq-6g3ya-1,dcgm,gpu1,gpu_util,0
2026-09-30T06:46:59.417Z,gpu-3uwoq-6g3ya-1,dcgm,gpu2,nvlink_bandwidth_total,0
2026-09-30T06:46:59.417Z,gpu-3uwoq-6g3ya-1,dcgm,gpu3,nvlink_bandwidth_total,0
2026-09-30T06:46:59.417Z,gpu-3uwoq-6g3ya-1,dcgm,gpu0,nvlink_bandwidth_total,0
2026-09-30T06:46:59.417Z,gpu-3uwoq-6g3ya-1,dcgm,gpu1,nvlink_bandwidth_total,0
2026-09-30T06:46:59.417Z,gpu-3uwoq-6g3ya-1,dcgm,gpu2,power_w,222.82
2026-09-30T06:46:59.417Z,gpu-3uwoq-6g3ya-1,dcgm,gpu3,power_w,227.025
2026-09-30T06:46:59.417Z,gpu-3uwoq-6g3ya-1,dcgm,gpu0,power_w,230.256
2026-09-30T06:46:59.417Z,gpu-3uwoq-6g3ya-1,dcgm,gpu1,power_w,226.594
2026-09-30T06:46:59.417Z,gpu-3uwoq-6g3ya-1,dcgm,gpu2,sm_clock_mhz,2070
2026-09-30T06:46:59.417Z,gpu-3uwoq-6g3ya-1,dcgm,gpu3,sm_clock_mhz,2070
2026-09-30T06:46:59.417Z,gpu-3uwoq-6g3ya-1,dcgm,gpu0,sm_clock_mhz,2070
2026-09-30T06:46:59.417Z,gpu-3uwoq-6g3ya-1,dcgm,gpu1,sm_clock_mhz,2070
2026-09-30T06:46:59.417Z,gpu-3uwoq-6g3ya-1,dcgm,gpu2,dram_active,0
2026-09-30T06:46:59.417Z,gpu-3uwoq-6g3ya-1,dcgm,gpu3,dram_active,0
2026-09-30T06:46:59.417Z,gpu-3uwoq-6g3ya-1,dcgm,gpu0,dram_active,0
2026-09-30T06:46:59.417Z,gpu-3uwoq-6g3ya-1,dcgm,gpu1,dram_active,0
2026-09-30T06:46:59.417Z,gpu-3uwoq-6g3ya-1,dcgm,gpu2,pcie_rx_bytes,25997
2026-09-30T06:46:59.417Z,gpu-3uwoq-6g3ya-1,dcgm,gpu3,pcie_rx_bytes,26171
2026-09-30T06:46:59.417Z,gpu-3uwoq-6g3ya-1,dcgm,gpu0,pcie_rx_bytes,21016
2026-09-30T06:46:59.417Z,gpu-3uwoq-6g3ya-1,dcgm,gpu1,pcie_rx_bytes,20964
2026-09-30T06:46:59.417Z,gpu-3uwoq-6g3ya-1,dcgm,gpu2,pcie_tx_bytes,25543
2026-09-30T06:46:59.417Z,gpu-3uwoq-6g3ya-1,dcgm,gpu3,pcie_tx_bytes,25735
2026-09-30T06:46:59.417Z,gpu-3uwoq-6g3ya-1,dcgm,gpu0,pcie_tx_bytes,20578
2026-09-30T06:46:59.417Z,gpu-3uwoq-6g3ya-1,dcgm,gpu1,pcie_tx_bytes,20510
2026-09-30T06:46:59.417Z,gpu-3uwoq-6g3ya-1,dcgm,gpu2,tensor_active,0
2026-09-30T06:46:59.417Z,gpu-3uwoq-6g3ya-1,dcgm,gpu3,tensor_active,0
2026-09-30T06:46:59.417Z,gpu-3uwoq-6g3ya-1,dcgm,gpu0,tensor_active,0
2026-09-30T06:46:59.417Z,gpu-3uwoq-6g3ya-1,dcgm,gpu1,tensor_active,0
2026-09-30T06:46:59.417Z,gpu-3uwoq-6g3ya-1,dcgm,gpu2,sm_active,0
2026-09-30T06:46:59.417Z,gpu-3uwoq-6g3ya-1,dcgm,gpu3,sm_active,0
2026-09-30T06:46:59.417Z,gpu-3uwoq-6g3ya-1,dcgm,gpu0,sm_active,0
2026-09-30T06:46:59.417Z,gpu-3uwoq-6g3ya-1,dcgm,gpu1,sm_active,0
2026-09-30T06:46:59.417Z,gpu-3uwoq-6g3ya-1,nvlink,gpu0,nvlink_rx_bytes,1.02469e+13
2026-09-30T06:46:59.417Z,gpu-3uwoq-6g3ya-1,nvlink,gpu0,nvlink_tx_bytes,1.02513e+13
2026-09-30T06:46:59.417Z,gpu-3uwoq-6g3ya-1,nvlink,gpu1,nvlink_rx_bytes,1.04013e+13
2026-09-30T06:46:59.417Z,gpu-3uwoq-6g3ya-1,nvlink,gpu1,nvlink_tx_bytes,1.04042e+13
2026-09-30T06:46:59.417Z,gpu-3uwoq-6g3ya-1,nvlink,gpu2,nvlink_rx_bytes,1.02695e+13
2026-09-30T06:46:59.417Z,gpu-3uwoq-6g3ya-1,nvlink,gpu2,nvlink_tx_bytes,1.02732e+13
2026-09-30T06:46:59.417Z,gpu-3uwoq-6g3ya-1,nvlink,gpu3,nvlink_rx_bytes,1.0219e+13
2026-09-30T06:46:59.417Z,gpu-3uwoq-6g3ya-1,nvlink,gpu3,nvlink_tx_bytes,1.0222e+13
2026-09-30T06:47:00.417Z,gpu-3uwoq-6g3ya-1,ib_counter,rdma_vf_rail0,port_xmit_data,4.05431e+12
2026-09-30T06:47:00.417Z,gpu-3uwoq-6g3ya-1,ib_counter,rdma_vf_rail0,port_rcv_data,2.08688e+12
2026-09-30T06:47:00.417Z,gpu-3uwoq-6g3ya-1,ib_counter,rdma_vf_rail0,port_xmit_packets,1.09514e+09
2026-09-30T06:47:00.417Z,gpu-3uwoq-6g3ya-1,ib_counter,rdma_vf_rail0,port_rcv_packets,7.30222e+08
2026-09-30T06:47:00.417Z,gpu-3uwoq-6g3ya-1,ib_counter,rdma_vf_rail0,port_xmit_wait,0
2026-09-30T06:47:00.417Z,gpu-3uwoq-6g3ya-1,ib_counter,rdma_vf_rail0,port_rcv_errors,0
2026-09-30T06:47:00.417Z,gpu-3uwoq-6g3ya-1,ib_counter,rdma_vf_rail0,port_xmit_discards,0
2026-09-30T06:47:00.417Z,gpu-3uwoq-6g3ya-1,ib_counter,rdma_vf_rail0,link_downed,0
2026-09-30T06:47:00.417Z,gpu-3uwoq-6g3ya-1,ib_hw_counter,rdma_vf_rail0,out_of_sequence,0
2026-09-30T06:47:00.417Z,gpu-3uwoq-6g3ya-1,ib_hw_counter,rdma_vf_rail0,packet_seq_err,8
2026-09-30T06:47:00.417Z,gpu-3uwoq-6g3ya-1,ib_hw_counter,rdma_vf_rail0,local_ack_timeout_err,0
2026-09-30T06:47:00.417Z,gpu-3uwoq-6g3ya-1,ib_hw_counter,rdma_vf_rail0,rx_write_requests,4.44406e+08
2026-09-30T06:47:00.417Z,gpu-3uwoq-6g3ya-1,ib_hw_counter,rdma_vf_rail0,rx_read_requests,8.83833e+06
2026-09-30T06:47:00.417Z,gpu-3uwoq-6g3ya-1,ib_hw_counter,rdma_vf_rail0,req_cqe_error,0
2026-09-30T06:47:00.417Z,gpu-3uwoq-6g3ya-1,ib_hw_counter,rdma_vf_rail0,resp_cqe_error,0
2026-09-30T06:47:00.417Z,gpu-3uwoq-6g3ya-1,ib_hw_counter,rdma_vf_rail0,implied_nak_seq_err,0
2026-09-30T06:47:00.417Z,gpu-3uwoq-6g3ya-1,ib_hw_counter,rdma_vf_rail0,duplicate_request,0
2026-09-30T06:47:00.417Z,gpu-3uwoq-6g3ya-1,ib_counter,rdma_vf_rail1,port_xmit_data,3.94677e+12
2026-09-30T06:47:00.417Z,gpu-3uwoq-6g3ya-1,ib_counter,rdma_vf_rail1,port_rcv_data,1.97875e+12
2026-09-30T06:47:00.417Z,gpu-3uwoq-6g3ya-1,ib_counter,rdma_vf_rail1,port_xmit_packets,1.06896e+09
2026-09-30T06:47:00.417Z,gpu-3uwoq-6g3ya-1,ib_counter,rdma_vf_rail1,port_rcv_packets,6.99145e+08
2026-09-30T06:47:00.417Z,gpu-3uwoq-6g3ya-1,ib_counter,rdma_vf_rail1,port_xmit_wait,0
2026-09-30T06:47:00.417Z,gpu-3uwoq-6g3ya-1,ib_counter,rdma_vf_rail1,port_rcv_errors,0
2026-09-30T06:47:00.417Z,gpu-3uwoq-6g3ya-1,ib_counter,rdma_vf_rail1,port_xmit_discards,0
2026-09-30T06:47:00.417Z,gpu-3uwoq-6g3ya-1,ib_counter,rdma_vf_rail1,link_downed,0
2026-09-30T06:47:00.417Z,gpu-3uwoq-6g3ya-1,ib_hw_counter,rdma_vf_rail1,out_of_sequence,0
2026-09-30T06:47:00.417Z,gpu-3uwoq-6g3ya-1,ib_hw_counter,rdma_vf_rail1,packet_seq_err,8
2026-09-30T06:47:00.417Z,gpu-3uwoq-6g3ya-1,ib_hw_counter,rdma_vf_rail1,local_ack_timeout_err,0
2026-09-30T06:47:00.417Z,gpu-3uwoq-6g3ya-1,ib_hw_counter,rdma_vf_rail1,rx_write_requests,4.42808e+08
2026-09-30T06:47:00.417Z,gpu-3uwoq-6g3ya-1,ib_hw_counter,rdma_vf_rail1,rx_read_requests,8.03731e+06
2026-09-30T06:47:00.417Z,gpu-3uwoq-6g3ya-1,ib_hw_counter,rdma_vf_rail1,req_cqe_error,0
2026-09-30T06:47:00.417Z,gpu-3uwoq-6g3ya-1,ib_hw_counter,rdma_vf_rail1,resp_cqe_error,0
2026-09-30T06:47:00.417Z,gpu-3uwoq-6g3ya-1,ib_hw_counter,rdma_vf_rail1,implied_nak_seq_err,0
2026-09-30T06:47:00.417Z,gpu-3uwoq-6g3ya-1,ib_hw_counter,rdma_vf_rail1,duplicate_request,0
2026-09-30T06:47:00.417Z,gpu-3uwoq-6g3ya-1,ib_counter,rdma_vf_rail2,port_xmit_data,3.91927e+12
2026-09-30T06:47:00.417Z,gpu-3uwoq-6g3ya-1,ib_counter,rdma_vf_rail2,port_rcv_data,1.95098e+12
2026-09-30T06:47:00.417Z,gpu-3uwoq-6g3ya-1,ib_counter,rdma_vf_rail2,port_xmit_packets,1.0544e+09
2026-09-30T06:47:00.417Z,gpu-3uwoq-6g3ya-1,ib_counter,rdma_vf_rail2,port_rcv_packets,6.80094e+08
2026-09-30T06:47:00.417Z,gpu-3uwoq-6g3ya-1,ib_counter,rdma_vf_rail2,port_xmit_wait,0
2026-09-30T06:47:00.417Z,gpu-3uwoq-6g3ya-1,ib_counter,rdma_vf_rail2,port_rcv_errors,0
2026-09-30T06:47:00.417Z,gpu-3uwoq-6g3ya-1,ib_counter,rdma_vf_rail2,port_xmit_discards,0
2026-09-30T06:47:00.417Z,gpu-3uwoq-6g3ya-1,ib_counter,rdma_vf_rail2,link_downed,0
2026-09-30T06:47:00.417Z,gpu-3uwoq-6g3ya-1,ib_hw_counter,rdma_vf_rail2,out_of_sequence,0
2026-09-30T06:47:00.417Z,gpu-3uwoq-6g3ya-1,ib_hw_counter,rdma_vf_rail2,packet_seq_err,7
2026-09-30T06:47:00.417Z,gpu-3uwoq-6g3ya-1,ib_hw_counter,rdma_vf_rail2,local_ack_timeout_err,0
2026-09-30T06:47:00.417Z,gpu-3uwoq-6g3ya-1,ib_hw_counter,rdma_vf_rail2,rx_write_requests,4.42381e+08
2026-09-30T06:47:00.417Z,gpu-3uwoq-6g3ya-1,ib_hw_counter,rdma_vf_rail2,rx_read_requests,7.82969e+06
2026-09-30T06:47:00.417Z,gpu-3uwoq-6g3ya-1,ib_hw_counter,rdma_vf_rail2,req_cqe_error,0
2026-09-30T06:47:00.417Z,gpu-3uwoq-6g3ya-1,ib_hw_counter,rdma_vf_rail2,resp_cqe_error,0
2026-09-30T06:47:00.417Z,gpu-3uwoq-6g3ya-1,ib_hw_counter,rdma_vf_rail2,implied_nak_seq_err,0
2026-09-30T06:47:00.417Z,gpu-3uwoq-6g3ya-1,ib_hw_counter,rdma_vf_rail2,duplicate_request,0
2026-09-30T06:47:00.417Z,gpu-3uwoq-6g3ya-1,ib_counter,rdma_vf_rail3,port_xmit_data,3.91953e+12
2026-09-30T06:47:00.417Z,gpu-3uwoq-6g3ya-1,ib_counter,rdma_vf_rail3,port_rcv_data,1.95074e+12
2026-09-30T06:47:00.417Z,gpu-3uwoq-6g3ya-1,ib_counter,rdma_vf_rail3,port_xmit_packets,1.05518e+09
2026-09-30T06:47:00.417Z,gpu-3uwoq-6g3ya-1,ib_counter,rdma_vf_rail3,port_rcv_packets,6.76919e+08
2026-09-30T06:47:00.417Z,gpu-3uwoq-6g3ya-1,ib_counter,rdma_vf_rail3,port_xmit_wait,0
2026-09-30T06:47:00.417Z,gpu-3uwoq-6g3ya-1,ib_counter,rdma_vf_rail3,port_rcv_errors,0
2026-09-30T06:47:00.417Z,gpu-3uwoq-6g3ya-1,ib_counter,rdma_vf_rail3,port_xmit_discards,0
2026-09-30T06:47:00.417Z,gpu-3uwoq-6g3ya-1,ib_counter,rdma_vf_rail3,link_downed,0
2026-09-30T06:47:00.417Z,gpu-3uwoq-6g3ya-1,ib_hw_counter,rdma_vf_rail3,out_of_sequence,1
2026-09-30T06:47:00.417Z,gpu-3uwoq-6g3ya-1,ib_hw_counter,rdma_vf_rail3,packet_seq_err,7
2026-09-30T06:47:00.417Z,gpu-3uwoq-6g3ya-1,ib_hw_counter,rdma_vf_rail3,local_ack_timeout_err,0
2026-09-30T06:47:00.417Z,gpu-3uwoq-6g3ya-1,ib_hw_counter,rdma_vf_rail3,rx_write_requests,4.42381e+08
2026-09-30T06:47:00.417Z,gpu-3uwoq-6g3ya-1,ib_hw_counter,rdma_vf_rail3,rx_read_requests,7.82969e+06
2026-09-30T06:47:00.417Z,gpu-3uwoq-6g3ya-1,ib_hw_counter,rdma_vf_rail3,req_cqe_error,0
2026-09-30T06:47:00.417Z,gpu-3uwoq-6g3ya-1,ib_hw_counter,rdma_vf_rail3,resp_cqe_error,0
2026-09-30T06:47:00.417Z,gpu-3uwoq-6g3ya-1,ib_hw_counter,rdma_vf_rail3,implied_nak_seq_err,0
2026-09-30T06:47:00.417Z,gpu-3uwoq-6g3ya-1,ib_hw_counter,rdma_vf_rail3,duplicate_request,0
2026-09-30T06:47:00.417Z,gpu-3uwoq-6g3ya-1,dcgm,gpu2,gpu_util,0
2026-09-30T06:47:00.417Z,gpu-3uwoq-6g3ya-1,dcgm,gpu3,gpu_util,0
2026-09-30T06:47:00.417Z,gpu-3uwoq-6g3ya-1,dcgm,gpu0,gpu_util,0
2026-09-30T06:47:00.417Z,gpu-3uwoq-6g3ya-1,dcgm,gpu1,gpu_util,0
2026-09-30T06:47:00.417Z,gpu-3uwoq-6g3ya-1,dcgm,gpu2,nvlink_bandwidth_total,0
2026-09-30T06:47:00.417Z,gpu-3uwoq-6g3ya-1,dcgm,gpu3,nvlink_bandwidth_total,0
2026-09-30T06:47:00.417Z,gpu-3uwoq-6g3ya-1,dcgm,gpu0,nvlink_bandwidth_total,0
2026-09-30T06:47:00.417Z,gpu-3uwoq-6g3ya-1,dcgm,gpu1,nvlink_bandwidth_total,0
2026-09-30T06:47:00.417Z,gpu-3uwoq-6g3ya-1,dcgm,gpu2,power_w,222.82
2026-09-30T06:47:00.417Z,gpu-3uwoq-6g3ya-1,dcgm,gpu3,power_w,227.025
2026-09-30T06:47:00.417Z,gpu-3uwoq-6g3ya-1,dcgm,gpu0,power_w,230.256
2026-09-30T06:47:00.417Z,gpu-3uwoq-6g3ya-1,dcgm,gpu1,power_w,226.594
2026-09-30T06:47:00.417Z,gpu-3uwoq-6g3ya-1,dcgm,gpu2,sm_clock_mhz,2070
2026-09-30T06:47:00.417Z,gpu-3uwoq-6g3ya-1,dcgm,gpu3,sm_clock_mhz,2070
2026-09-30T06:47:00.417Z,gpu-3uwoq-6g3ya-1,dcgm,gpu0,sm_clock_mhz,2070
2026-09-30T06:47:00.417Z,gpu-3uwoq-6g3ya-1,dcgm,gpu1,sm_clock_mhz,2070
2026-09-30T06:47:00.417Z,gpu-3uwoq-6g3ya-1,dcgm,gpu2,dram_active,0
2026-09-30T06:47:00.417Z,gpu-3uwoq-6g3ya-1,dcgm,gpu3,dram_active,0
2026-09-30T06:47:00.417Z,gpu-3uwoq-6g3ya-1,dcgm,gpu0,dram_active,0
2026-09-30T06:47:00.417Z,gpu-3uwoq-6g3ya-1,dcgm,gpu1,dram_active,0
2026-09-30T06:47:00.417Z,gpu-3uwoq-6g3ya-1,dcgm,gpu2,pcie_rx_bytes,25997
2026-09-30T06:47:00.417Z,gpu-3uwoq-6g3ya-1,dcgm,gpu3,pcie_rx_bytes,26171
2026-09-30T06:47:00.417Z,gpu-3uwoq-6g3ya-1,dcgm,gpu0,pcie_rx_bytes,21016
2026-09-30T06:47:00.417Z,gpu-3uwoq-6g3ya-1,dcgm,gpu1,pcie_rx_bytes,20964
2026-09-30T06:47:00.417Z,gpu-3uwoq-6g3ya-1,dcgm,gpu2,pcie_tx_bytes,25543
2026-09-30T06:47:00.417Z,gpu-3uwoq-6g3ya-1,dcgm,gpu3,pcie_tx_bytes,25735
2026-09-30T06:47:00.417Z,gpu-3uwoq-6g3ya-1,dcgm,gpu0,pcie_tx_bytes,20578
2026-09-30T06:47:00.417Z,gpu-3uwoq-6g3ya-1,dcgm,gpu1,pcie_tx_bytes,20510
2026-09-30T06:47:00.417Z,gpu-3uwoq-6g3ya-1,dcgm,gpu2,tensor_active,0
2026-09-30T06:47:00.417Z,gpu-3uwoq-6g3ya-1,dcgm,gpu3,tensor_active,0
2026-09-30T06:47:00.417Z,gpu-3uwoq-6g3ya-1,dcgm,gpu0,tensor_active,0
2026-09-30T06:47:00.417Z,gpu-3uwoq-6g3ya-1,dcgm,gpu1,tensor_active,0
2026-09-30T06:47:00.417Z,gpu-3uwoq-6g3ya-1,dcgm,gpu2,sm_active,0
2026-09-30T06:47:00.417Z,gpu-3uwoq-6g3ya-1,dcgm,gpu3,sm_active,0
2026-09-30T06:47:00.417Z,gpu-3uwoq-6g3ya-1,dcgm,gpu0,sm_active,0
2026-09-30T06:47:00.417Z,gpu-3uwoq-6g3ya-1,dcgm,gpu1,sm_active,0
2026-09-30T06:47:00.417Z,gpu-3uwoq-6g3ya-1,nvlink,gpu0,nvlink_rx_bytes,1.02469e+13
2026-09-30T06:47:00.417Z,gpu-3uwoq-6g3ya-1,nvlink,gpu0,nvlink_tx_bytes,1.02513e+13
2026-09-30T06:47:00.417Z,gpu-3uwoq-6g3ya-1,nvlink,gpu1,nvlink_rx_bytes,1.04013e+13
2026-09-30T06:47:00.417Z,gpu-3uwoq-6g3ya-1,nvlink,gpu1,nvlink_tx_bytes,1.04042e+13
2026-09-30T06:47:00.417Z,gpu-3uwoq-6g3ya-1,nvlink,gpu2,nvlink_rx_bytes,1.02695e+13
2026-09-30T06:47:00.417Z,gpu-3uwoq-6g3ya-1,nvlink,gpu2,nvlink_tx_bytes,1.02732e+13
2026-09-30T06:47:00.417Z,gpu-3uwoq-6g3ya-1,nvlink,gpu3,nvlink_rx_bytes,1.0219e+13
2026-09-30T06:47:00.417Z,gpu-3uwoq-6g3ya-1,nvlink,gpu3,nvlink_tx_bytes,1.0222e+13
2026-09-30T06:47:01.418Z,gpu-3uwoq-6g3ya-1,ib_counter,rdma_vf_rail0,port_xmit_data,4.05431e+12
2026-09-30T06:47:01.418Z,gpu-3uwoq-6g3ya-1,ib_counter,rdma_vf_rail0,port_rcv_data,2.08688e+12
2026-09-30T06:47:01.418Z,gpu-3uwoq-6g3ya-1,ib_counter,rdma_vf_rail0,port_xmit_packets,1.09514e+09
2026-09-30T06:47:01.418Z,gpu-3uwoq-6g3ya-1,ib_counter,rdma_vf_rail0,port_rcv_packets,7.30222e+08
2026-09-30T06:47:01.418Z,gpu-3uwoq-6g3ya-1,ib_counter,rdma_vf_rail0,port_xmit_wait,0
2026-09-30T06:47:01.418Z,gpu-3uwoq-6g3ya-1,ib_counter,rdma_vf_rail0,port_rcv_errors,0
2026-09-30T06:47:01.418Z,gpu-3uwoq-6g3ya-1,ib_counter,rdma_vf_rail0,port_xmit_discards,0
2026-09-30T06:47:01.418Z,gpu-3uwoq-6g3ya-1,ib_counter,rdma_vf_rail0,link_downed,0
2026-09-30T06:47:01.418Z,gpu-3uwoq-6g3ya-1,ib_hw_counter,rdma_vf_rail0,out_of_sequence,0
2026-09-30T06:47:01.418Z,gpu-3uwoq-6g3ya-1,ib_hw_counter,rdma_vf_rail0,packet_seq_err,8
2026-09-30T06:47:01.418Z,gpu-3uwoq-6g3ya-1,ib_hw_counter,rdma_vf_rail0,local_ack_timeout_err,0
2026-09-30T06:47:01.418Z,gpu-3uwoq-6g3ya-1,ib_hw_counter,rdma_vf_rail0,rx_write_requests,4.44406e+08
2026-09-30T06:47:01.418Z,gpu-3uwoq-6g3ya-1,ib_hw_counter,rdma_vf_rail0,rx_read_requests,8.83833e+06
2026-09-30T06:47:01.418Z,gpu-3uwoq-6g3ya-1,ib_hw_counter,rdma_vf_rail0,req_cqe_error,0
2026-09-30T06:47:01.418Z,gpu-3uwoq-6g3ya-1,ib_hw_counter,rdma_vf_rail0,resp_cqe_error,0
2026-09-30T06:47:01.418Z,gpu-3uwoq-6g3ya-1,ib_hw_counter,rdma_vf_rail0,implied_nak_seq_err,0
2026-09-30T06:47:01.418Z,gpu-3uwoq-6g3ya-1,ib_hw_counter,rdma_vf_rail0,duplicate_request,0
2026-09-30T06:47:01.418Z,gpu-3uwoq-6g3ya-1,ib_counter,rdma_vf_rail1,port_xmit_data,3.94677e+12
2026-09-30T06:47:01.418Z,gpu-3uwoq-6g3ya-1,ib_counter,rdma_vf_rail1,port_rcv_data,1.97875e+12
2026-09-30T06:47:01.418Z,gpu-3uwoq-6g3ya-1,ib_counter,rdma_vf_rail1,port_xmit_packets,1.06896e+09
2026-09-30T06:47:01.418Z,gpu-3uwoq-6g3ya-1,ib_counter,rdma_vf_rail1,port_rcv_packets,6.99145e+08
2026-09-30T06:47:01.418Z,gpu-3uwoq-6g3ya-1,ib_counter,rdma_vf_rail1,port_xmit_wait,0
2026-09-30T06:47:01.418Z,gpu-3uwoq-6g3ya-1,ib_counter,rdma_vf_rail1,port_rcv_errors,0
2026-09-30T06:47:01.418Z,gpu-3uwoq-6g3ya-1,ib_counter,rdma_vf_rail1,port_xmit_discards,0
2026-09-30T06:47:01.418Z,gpu-3uwoq-6g3ya-1,ib_counter,rdma_vf_rail1,link_downed,0
2026-09-30T06:47:01.418Z,gpu-3uwoq-6g3ya-1,ib_hw_counter,rdma_vf_rail1,out_of_sequence,0
2026-09-30T06:47:01.418Z,gpu-3uwoq-6g3ya-1,ib_hw_counter,rdma_vf_rail1,packet_seq_err,8
2026-09-30T06:47:01.418Z,gpu-3uwoq-6g3ya-1,ib_hw_counter,rdma_vf_rail1,local_ack_timeout_err,0
2026-09-30T06:47:01.418Z,gpu-3uwoq-6g3ya-1,ib_hw_counter,rdma_vf_rail1,rx_write_requests,4.42808e+08
2026-09-30T06:47:01.418Z,gpu-3uwoq-6g3ya-1,ib_hw_counter,rdma_vf_rail1,rx_read_requests,8.03731e+06
2026-09-30T06:47:01.418Z,gpu-3uwoq-6g3ya-1,ib_hw_counter,rdma_vf_rail1,req_cqe_error,0
2026-09-30T06:47:01.418Z,gpu-3uwoq-6g3ya-1,ib_hw_counter,rdma_vf_rail1,resp_cqe_error,0
2026-09-30T06:47:01.418Z,gpu-3uwoq-6g3ya-1,ib_hw_counter,rdma_vf_rail1,implied_nak_seq_err,0
2026-09-30T06:47:01.418Z,gpu-3uwoq-6g3ya-1,ib_hw_counter,rdma_vf_rail1,duplicate_request,0
2026-09-30T06:47:01.418Z,gpu-3uwoq-6g3ya-1,ib_counter,rdma_vf_rail2,port_xmit_data,3.91927e+12
2026-09-30T06:47:01.418Z,gpu-3uwoq-6g3ya-1,ib_counter,rdma_vf_rail2,port_rcv_data,1.95098e+12
2026-09-30T06:47:01.418Z,gpu-3uwoq-6g3ya-1,ib_counter,rdma_vf_rail2,port_xmit_packets,1.0544e+09
2026-09-30T06:47:01.418Z,gpu-3uwoq-6g3ya-1,ib_counter,rdma_vf_rail2,port_rcv_packets,6.80094e+08
2026-09-30T06:47:01.418Z,gpu-3uwoq-6g3ya-1,ib_counter,rdma_vf_rail2,port_xmit_wait,0
2026-09-30T06:47:01.418Z,gpu-3uwoq-6g3ya-1,ib_counter,rdma_vf_rail2,port_rcv_errors,0
2026-09-30T06:47:01.418Z,gpu-3uwoq-6g3ya-1,ib_counter,rdma_vf_rail2,port_xmit_discards,0
2026-09-30T06:47:01.418Z,gpu-3uwoq-6g3ya-1,ib_counter,rdma_vf_rail2,link_downed,0
2026-09-30T06:47:01.418Z,gpu-3uwoq-6g3ya-1,ib_hw_counter,rdma_vf_rail2,out_of_sequence,0
2026-09-30T06:47:01.418Z,gpu-3uwoq-6g3ya-1,ib_hw_counter,rdma_vf_rail2,packet_seq_err,7
2026-09-30T06:47:01.418Z,gpu-3uwoq-6g3ya-1,ib_hw_counter,rdma_vf_rail2,local_ack_timeout_err,0
2026-09-30T06:47:01.418Z,gpu-3uwoq-6g3ya-1,ib_hw_counter,rdma_vf_rail2,rx_write_requests,4.42381e+08
2026-09-30T06:47:01.418Z,gpu-3uwoq-6g3ya-1,ib_hw_counter,rdma_vf_rail2,rx_read_requests,7.82969e+06
2026-09-30T06:47:01.418Z,gpu-3uwoq-6g3ya-1,ib_hw_counter,rdma_vf_rail2,req_cqe_error,0
2026-09-30T06:47:01.418Z,gpu-3uwoq-6g3ya-1,ib_hw_counter,rdma_vf_rail2,resp_cqe_error,0
2026-09-30T06:47:01.418Z,gpu-3uwoq-6g3ya-1,ib_hw_counter,rdma_vf_rail2,implied_nak_seq_err,0
2026-09-30T06:47:01.418Z,gpu-3uwoq-6g3ya-1,ib_hw_counter,rdma_vf_rail2,duplicate_request,0
2026-09-30T06:47:01.418Z,gpu-3uwoq-6g3ya-1,ib_counter,rdma_vf_rail3,port_xmit_data,3.91953e+12
2026-09-30T06:47:01.418Z,gpu-3uwoq-6g3ya-1,ib_counter,rdma_vf_rail3,port_rcv_data,1.95074e+12
2026-09-30T06:47:01.418Z,gpu-3uwoq-6g3ya-1,ib_counter,rdma_vf_rail3,port_xmit_packets,1.05518e+09
2026-09-30T06:47:01.418Z,gpu-3uwoq-6g3ya-1,ib_counter,rdma_vf_rail3,port_rcv_packets,6.76919e+08
2026-09-30T06:47:01.418Z,gpu-3uwoq-6g3ya-1,ib_counter,rdma_vf_rail3,port_xmit_wait,0
2026-09-30T06:47:01.418Z,gpu-3uwoq-6g3ya-1,ib_counter,rdma_vf_rail3,port_rcv_errors,0
2026-09-30T06:47:01.418Z,gpu-3uwoq-6g3ya-1,ib_counter,rdma_vf_rail3,port_xmit_discards,0
2026-09-30T06:47:01.418Z,gpu-3uwoq-6g3ya-1,ib_counter,rdma_vf_rail3,link_downed,0
2026-09-30T06:47:01.418Z,gpu-3uwoq-6g3ya-1,ib_hw_counter,rdma_vf_rail3,out_of_sequence,1
2026-09-30T06:47:01.418Z,gpu-3uwoq-6g3ya-1,ib_hw_counter,rdma_vf_rail3,packet_seq_err,7
2026-09-30T06:47:01.418Z,gpu-3uwoq-6g3ya-1,ib_hw_counter,rdma_vf_rail3,local_ack_timeout_err,0
2026-09-30T06:47:01.418Z,gpu-3uwoq-6g3ya-1,ib_hw_counter,rdma_vf_rail3,rx_write_requests,4.42381e+08
2026-09-30T06:47:01.418Z,gpu-3uwoq-6g3ya-1,ib_hw_counter,rdma_vf_rail3,rx_read_requests,7.82969e+06
2026-09-30T06:47:01.418Z,gpu-3uwoq-6g3ya-1,ib_hw_counter,rdma_vf_rail3,req_cqe_error,0
2026-09-30T06:47:01.418Z,gpu-3uwoq-6g3ya-1,ib_hw_counter,rdma_vf_rail3,resp_cqe_error,0
2026-09-30T06:47:01.418Z,gpu-3uwoq-6g3ya-1,ib_hw_counter,rdma_vf_rail3,implied_nak_seq_err,0
2026-09-30T06:47:01.418Z,gpu-3uwoq-6g3ya-1,ib_hw_counter,rdma_vf_rail3,duplicate_request,0
2026-09-30T06:47:01.418Z,gpu-3uwoq-6g3ya-1,dcgm,gpu2,gpu_util,0
2026-09-30T06:47:01.418Z,gpu-3uwoq-6g3ya-1,dcgm,gpu3,gpu_util,0
2026-09-30T06:47:01.418Z,gpu-3uwoq-6g3ya-1,dcgm,gpu0,gpu_util,0
2026-09-30T06:47:01.418Z,gpu-3uwoq-6g3ya-1,dcgm,gpu1,gpu_util,0
2026-09-30T06:47:01.418Z,gpu-3uwoq-6g3ya-1,dcgm,gpu2,nvlink_bandwidth_total,0
2026-09-30T06:47:01.418Z,gpu-3uwoq-6g3ya-1,dcgm,gpu3,nvlink_bandwidth_total,0
2026-09-30T06:47:01.418Z,gpu-3uwoq-6g3ya-1,dcgm,gpu0,nvlink_bandwidth_total,0
2026-09-30T06:47:01.418Z,gpu-3uwoq-6g3ya-1,dcgm,gpu1,nvlink_bandwidth_total,0
2026-09-30T06:47:01.418Z,gpu-3uwoq-6g3ya-1,dcgm,gpu2,power_w,222.82
2026-09-30T06:47:01.418Z,gpu-3uwoq-6g3ya-1,dcgm,gpu3,power_w,227.025
2026-09-30T06:47:01.418Z,gpu-3uwoq-6g3ya-1,dcgm,gpu0,power_w,230.256
2026-09-30T06:47:01.418Z,gpu-3uwoq-6g3ya-1,dcgm,gpu1,power_w,226.594
2026-09-30T06:47:01.418Z,gpu-3uwoq-6g3ya-1,dcgm,gpu2,sm_clock_mhz,2070
2026-09-30T06:47:01.418Z,gpu-3uwoq-6g3ya-1,dcgm,gpu3,sm_clock_mhz,2070
2026-09-30T06:47:01.418Z,gpu-3uwoq-6g3ya-1,dcgm,gpu0,sm_clock_mhz,2070
2026-09-30T06:47:01.418Z,gpu-3uwoq-6g3ya-1,dcgm,gpu1,sm_clock_mhz,2070
2026-09-30T06:47:01.418Z,gpu-3uwoq-6g3ya-1,dcgm,gpu2,dram_active,0
2026-09-30T06:47:01.418Z,gpu-3uwoq-6g3ya-1,dcgm,gpu3,dram_active,0
2026-09-30T06:47:01.418Z,gpu-3uwoq-6g3ya-1,dcgm,gpu0,dram_active,0
2026-09-30T06:47:01.418Z,gpu-3uwoq-6g3ya-1,dcgm,gpu1,dram_active,0
2026-09-30T06:47:01.418Z,gpu-3uwoq-6g3ya-1,dcgm,gpu2,pcie_rx_bytes,25997
2026-09-30T06:47:01.418Z,gpu-3uwoq-6g3ya-1,dcgm,gpu3,pcie_rx_bytes,26171
2026-09-30T06:47:01.418Z,gpu-3uwoq-6g3ya-1,dcgm,gpu0,pcie_rx_bytes,21016
2026-09-30T06:47:01.418Z,gpu-3uwoq-6g3ya-1,dcgm,gpu1,pcie_rx_bytes,20964
2026-09-30T06:47:01.418Z,gpu-3uwoq-6g3ya-1,dcgm,gpu2,pcie_tx_bytes,25543
2026-09-30T06:47:01.418Z,gpu-3uwoq-6g3ya-1,dcgm,gpu3,pcie_tx_bytes,25735
2026-09-30T06:47:01.418Z,gpu-3uwoq-6g3ya-1,dcgm,gpu0,pcie_tx_bytes,20578
2026-09-30T06:47:01.418Z,gpu-3uwoq-6g3ya-1,dcgm,gpu1,pcie_tx_bytes,20510
2026-09-30T06:47:01.418Z,gpu-3uwoq-6g3ya-1,dcgm,gpu2,tensor_active,0
2026-09-30T06:47:01.418Z,gpu-3uwoq-6g3ya-1,dcgm,gpu3,tensor_active,0
2026-09-30T06:47:01.418Z,gpu-3uwoq-6g3ya-1,dcgm,gpu0,tensor_active,0
2026-09-30T06:47:01.418Z,gpu-3uwoq-6g3ya-1,dcgm,gpu1,tensor_active,0
2026-09-30T06:47:01.418Z,gpu-3uwoq-6g3ya-1,dcgm,gpu2,sm_active,0
2026-09-30T06:47:01.418Z,gpu-3uwoq-6g3ya-1,dcgm,gpu3,sm_active,0
2026-09-30T06:47:01.418Z,gpu-3uwoq-6g3ya-1,dcgm,gpu0,sm_active,0
2026-09-30T06:47:01.418Z,gpu-3uwoq-6g3ya-1,dcgm,gpu1,sm_active,0
2026-09-30T06:47:01.418Z,gpu-3uwoq-6g3ya-1,nvlink,gpu0,nvlink_rx_bytes,1.02469e+13
2026-09-30T06:47:01.418Z,gpu-3uwoq-6g3ya-1,nvlink,gpu0,nvlink_tx_bytes,1.02513e+13
2026-09-30T06:47:01.418Z,gpu-3uwoq-6g3ya-1,nvlink,gpu1,nvlink_rx_bytes,1.04013e+13
2026-09-30T06:47:01.418Z,gpu-3uwoq-6g3ya-1,nvlink,gpu1,nvlink_tx_bytes,1.04042e+13
2026-09-30T06:47:01.418Z,gpu-3uwoq-6g3ya-1,nvlink,gpu2,nvlink_rx_bytes,1.02695e+13
2026-09-30T06:47:01.418Z,gpu-3uwoq-6g3ya-1,nvlink,gpu2,nvlink_tx_bytes,1.02732e+13
2026-09-30T06:47:01.418Z,gpu-3uwoq-6g3ya-1,nvlink,gpu3,nvlink_rx_bytes,1.0219e+13
2026-09-30T06:47:01.418Z,gpu-3uwoq-6g3ya-1,nvlink,gpu3,nvlink_tx_bytes,1.0222e+13
2026-09-30T06:47:02.418Z,gpu-3uwoq-6g3ya-1,ib_counter,rdma_vf_rail0,port_xmit_data,4.05431e+12
2026-09-30T06:47:02.418Z,gpu-3uwoq-6g3ya-1,ib_counter,rdma_vf_rail0,port_rcv_data,2.08688e+12
2026-09-30T06:47:02.418Z,gpu-3uwoq-6g3ya-1,ib_counter,rdma_vf_rail0,port_xmit_packets,1.09514e+09
2026-09-30T06:47:02.418Z,gpu-3uwoq-6g3ya-1,ib_counter,rdma_vf_rail0,port_rcv_packets,7.30222e+08
2026-09-30T06:47:02.418Z,gpu-3uwoq-6g3ya-1,ib_counter,rdma_vf_rail0,port_xmit_wait,0
2026-09-30T06:47:02.418Z,gpu-3uwoq-6g3ya-1,ib_counter,rdma_vf_rail0,port_rcv_errors,0
2026-09-30T06:47:02.418Z,gpu-3uwoq-6g3ya-1,ib_counter,rdma_vf_rail0,port_xmit_discards,0
2026-09-30T06:47:02.418Z,gpu-3uwoq-6g3ya-1,ib_counter,rdma_vf_rail0,link_downed,0
2026-09-30T06:47:02.418Z,gpu-3uwoq-6g3ya-1,ib_hw_counter,rdma_vf_rail0,out_of_sequence,0
2026-09-30T06:47:02.418Z,gpu-3uwoq-6g3ya-1,ib_hw_counter,rdma_vf_rail0,packet_seq_err,8
2026-09-30T06:47:02.418Z,gpu-3uwoq-6g3ya-1,ib_hw_counter,rdma_vf_rail0,local_ack_timeout_err,0
2026-09-30T06:47:02.418Z,gpu-3uwoq-6g3ya-1,ib_hw_counter,rdma_vf_rail0,rx_write_requests,4.44406e+08
2026-09-30T06:47:02.418Z,gpu-3uwoq-6g3ya-1,ib_hw_counter,rdma_vf_rail0,rx_read_requests,8.83833e+06
2026-09-30T06:47:02.418Z,gpu-3uwoq-6g3ya-1,ib_hw_counter,rdma_vf_rail0,req_cqe_error,0
2026-09-30T06:47:02.418Z,gpu-3uwoq-6g3ya-1,ib_hw_counter,rdma_vf_rail0,resp_cqe_error,0
2026-09-30T06:47:02.418Z,gpu-3uwoq-6g3ya-1,ib_hw_counter,rdma_vf_rail0,implied_nak_seq_err,0
2026-09-30T06:47:02.418Z,gpu-3uwoq-6g3ya-1,ib_hw_counter,rdma_vf_rail0,duplicate_request,0
2026-09-30T06:47:02.418Z,gpu-3uwoq-6g3ya-1,ib_counter,rdma_vf_rail1,port_xmit_data,3.94677e+12
2026-09-30T06:47:02.418Z,gpu-3uwoq-6g3ya-1,ib_counter,rdma_vf_rail1,port_rcv_data,1.97875e+12
2026-09-30T06:47:02.418Z,gpu-3uwoq-6g3ya-1,ib_counter,rdma_vf_rail1,port_xmit_packets,1.06896e+09
2026-09-30T06:47:02.418Z,gpu-3uwoq-6g3ya-1,ib_counter,rdma_vf_rail1,port_rcv_packets,6.99145e+08
2026-09-30T06:47:02.418Z,gpu-3uwoq-6g3ya-1,ib_counter,rdma_vf_rail1,port_xmit_wait,0
2026-09-30T06:47:02.418Z,gpu-3uwoq-6g3ya-1,ib_counter,rdma_vf_rail1,port_rcv_errors,0
2026-09-30T06:47:02.418Z,gpu-3uwoq-6g3ya-1,ib_counter,rdma_vf_rail1,port_xmit_discards,0
2026-09-30T06:47:02.418Z,gpu-3uwoq-6g3ya-1,ib_counter,rdma_vf_rail1,link_downed,0
2026-09-30T06:47:02.418Z,gpu-3uwoq-6g3ya-1,ib_hw_counter,rdma_vf_rail1,out_of_sequence,0
2026-09-30T06:47:02.418Z,gpu-3uwoq-6g3ya-1,ib_hw_counter,rdma_vf_rail1,packet_seq_err,8
2026-09-30T06:47:02.418Z,gpu-3uwoq-6g3ya-1,ib_hw_counter,rdma_vf_rail1,local_ack_timeout_err,0
2026-09-30T06:47:02.418Z,gpu-3uwoq-6g3ya-1,ib_hw_counter,rdma_vf_rail1,rx_write_requests,4.42808e+08
2026-09-30T06:47:02.418Z,gpu-3uwoq-6g3ya-1,ib_hw_counter,rdma_vf_rail1,rx_read_requests,8.03731e+06
2026-09-30T06:47:02.418Z,gpu-3uwoq-6g3ya-1,ib_hw_counter,rdma_vf_rail1,req_cqe_error,0
2026-09-30T06:47:02.418Z,gpu-3uwoq-6g3ya-1,ib_hw_counter,rdma_vf_rail1,resp_cqe_error,0
2026-09-30T06:47:02.418Z,gpu-3uwoq-6g3ya-1,ib_hw_counter,rdma_vf_rail1,implied_nak_seq_err,0
2026-09-30T06:47:02.418Z,gpu-3uwoq-6g3ya-1,ib_hw_counter,rdma_vf_rail1,duplicate_request,0
2026-09-30T06:47:02.418Z,gpu-3uwoq-6g3ya-1,ib_counter,rdma_vf_rail2,port_xmit_data,3.91927e+12
2026-09-30T06:47:02.418Z,gpu-3uwoq-6g3ya-1,ib_counter,rdma_vf_rail2,port_rcv_data,1.95098e+12
2026-09-30T06:47:02.418Z,gpu-3uwoq-6g3ya-1,ib_counter,rdma_vf_rail2,port_xmit_packets,1.0544e+09
2026-09-30T06:47:02.418Z,gpu-3uwoq-6g3ya-1,ib_counter,rdma_vf_rail2,port_rcv_packets,6.80094e+08
2026-09-30T06:47:02.418Z,gpu-3uwoq-6g3ya-1,ib_counter,rdma_vf_rail2,port_xmit_wait,0
2026-09-30T06:47:02.418Z,gpu-3uwoq-6g3ya-1,ib_counter,rdma_vf_rail2,port_rcv_errors,0
2026-09-30T06:47:02.418Z,gpu-3uwoq-6g3ya-1,ib_counter,rdma_vf_rail2,port_xmit_discards,0
2026-09-30T06:47:02.418Z,gpu-3uwoq-6g3ya-1,ib_counter,rdma_vf_rail2,link_downed,0
2026-09-30T06:47:02.418Z,gpu-3uwoq-6g3ya-1,ib_hw_counter,rdma_vf_rail2,out_of_sequence,0
2026-09-30T06:47:02.418Z,gpu-3uwoq-6g3ya-1,ib_hw_counter,rdma_vf_rail2,packet_seq_err,7
2026-09-30T06:47:02.418Z,gpu-3uwoq-6g3ya-1,ib_hw_counter,rdma_vf_rail2,local_ack_timeout_err,0
2026-09-30T06:47:02.418Z,gpu-3uwoq-6g3ya-1,ib_hw_counter,rdma_vf_rail2,rx_write_requests,4.42381e+08
2026-09-30T06:47:02.418Z,gpu-3uwoq-6g3ya-1,ib_hw_counter,rdma_vf_rail2,rx_read_requests,7.82969e+06
2026-09-30T06:47:02.418Z,gpu-3uwoq-6g3ya-1,ib_hw_counter,rdma_vf_rail2,req_cqe_error,0
2026-09-30T06:47:02.418Z,gpu-3uwoq-6g3ya-1,ib_hw_counter,rdma_vf_rail2,resp_cqe_error,0
2026-09-30T06:47:02.418Z,gpu-3uwoq-6g3ya-1,ib_hw_counter,rdma_vf_rail2,implied_nak_seq_err,0
2026-09-30T06:47:02.418Z,gpu-3uwoq-6g3ya-1,ib_hw_counter,rdma_vf_rail2,duplicate_request,0
2026-09-30T06:47:02.418Z,gpu-3uwoq-6g3ya-1,ib_counter,rdma_vf_rail3,port_xmit_data,3.91953e+12
2026-09-30T06:47:02.418Z,gpu-3uwoq-6g3ya-1,ib_counter,rdma_vf_rail3,port_rcv_data,1.95074e+12
2026-09-30T06:47:02.418Z,gpu-3uwoq-6g3ya-1,ib_counter,rdma_vf_rail3,port_xmit_packets,1.05518e+09
2026-09-30T06:47:02.418Z,gpu-3uwoq-6g3ya-1,ib_counter,rdma_vf_rail3,port_rcv_packets,6.76919e+08
2026-09-30T06:47:02.418Z,gpu-3uwoq-6g3ya-1,ib_counter,rdma_vf_rail3,port_xmit_wait,0
2026-09-30T06:47:02.418Z,gpu-3uwoq-6g3ya-1,ib_counter,rdma_vf_rail3,port_rcv_errors,0
2026-09-30T06:47:02.418Z,gpu-3uwoq-6g3ya-1,ib_counter,rdma_vf_rail3,port_xmit_discards,0
2026-09-30T06:47:02.418Z,gpu-3uwoq-6g3ya-1,ib_counter,rdma_vf_rail3,link_downed,0
2026-09-30T06:47:02.418Z,gpu-3uwoq-6g3ya-1,ib_hw_counter,rdma_vf_rail3,out_of_sequence,1
2026-09-30T06:47:02.418Z,gpu-3uwoq-6g3ya-1,ib_hw_counter,rdma_vf_rail3,packet_seq_err,7
2026-09-30T06:47:02.418Z,gpu-3uwoq-6g3ya-1,ib_hw_counter,rdma_vf_rail3,local_ack_timeout_err,0
2026-09-30T06:47:02.418Z,gpu-3uwoq-6g3ya-1,ib_hw_counter,rdma_vf_rail3,rx_write_requests,4.42381e+08
2026-09-30T06:47:02.418Z,gpu-3uwoq-6g3ya-1,ib_hw_counter,rdma_vf_rail3,rx_read_requests,7.82969e+06
2026-09-30T06:47:02.418Z,gpu-3uwoq-6g3ya-1,ib_hw_counter,rdma_vf_rail3,req_cqe_error,0
2026-09-30T06:47:02.418Z,gpu-3uwoq-6g3ya-1,ib_hw_counter,rdma_vf_rail3,resp_cqe_error,0
2026-09-30T06:47:02.418Z,gpu-3uwoq-6g3ya-1,ib_hw_counter,rdma_vf_rail3,implied_nak_seq_err,0
2026-09-30T06:47:02.418Z,gpu-3uwoq-6g3ya-1,ib_hw_counter,rdma_vf_rail3,duplicate_request,0
2026-09-30T06:47:02.418Z,gpu-3uwoq-6g3ya-1,dcgm,gpu2,gpu_util,0
2026-09-30T06:47:02.418Z,gpu-3uwoq-6g3ya-1,dcgm,gpu3,gpu_util,0
2026-09-30T06:47:02.418Z,gpu-3uwoq-6g3ya-1,dcgm,gpu0,gpu_util,0
2026-09-30T06:47:02.418Z,gpu-3uwoq-6g3ya-1,dcgm,gpu1,gpu_util,0
2026-09-30T06:47:02.418Z,gpu-3uwoq-6g3ya-1,dcgm,gpu2,nvlink_bandwidth_total,0
2026-09-30T06:47:02.418Z,gpu-3uwoq-6g3ya-1,dcgm,gpu3,nvlink_bandwidth_total,0
2026-09-30T06:47:02.418Z,gpu-3uwoq-6g3ya-1,dcgm,gpu0,nvlink_bandwidth_total,0
2026-09-30T06:47:02.418Z,gpu-3uwoq-6g3ya-1,dcgm,gpu1,nvlink_bandwidth_total,0
2026-09-30T06:47:02.418Z,gpu-3uwoq-6g3ya-1,dcgm,gpu2,power_w,222.82
2026-09-30T06:47:02.418Z,gpu-3uwoq-6g3ya-1,dcgm,gpu3,power_w,227.025
2026-09-30T06:47:02.418Z,gpu-3uwoq-6g3ya-1,dcgm,gpu0,power_w,230.256
2026-09-30T06:47:02.418Z,gpu-3uwoq-6g3ya-1,dcgm,gpu1,power_w,226.594
2026-09-30T06:47:02.418Z,gpu-3uwoq-6g3ya-1,dcgm,gpu2,sm_clock_mhz,2070
2026-09-30T06:47:02.418Z,gpu-3uwoq-6g3ya-1,dcgm,gpu3,sm_clock_mhz,2070
2026-09-30T06:47:02.418Z,gpu-3uwoq-6g3ya-1,dcgm,gpu0,sm_clock_mhz,2070
2026-09-30T06:47:02.418Z,gpu-3uwoq-6g3ya-1,dcgm,gpu1,sm_clock_mhz,2070
2026-09-30T06:47:02.418Z,gpu-3uwoq-6g3ya-1,dcgm,gpu2,dram_active,0
2026-09-30T06:47:02.418Z,gpu-3uwoq-6g3ya-1,dcgm,gpu3,dram_active,0
2026-09-30T06:47:02.418Z,gpu-3uwoq-6g3ya-1,dcgm,gpu0,dram_active,0
2026-09-30T06:47:02.418Z,gpu-3uwoq-6g3ya-1,dcgm,gpu1,dram_active,0
2026-09-30T06:47:02.418Z,gpu-3uwoq-6g3ya-1,dcgm,gpu2,pcie_rx_bytes,25997
2026-09-30T06:47:02.418Z,gpu-3uwoq-6g3ya-1,dcgm,gpu3,pcie_rx_bytes,26171
2026-09-30T06:47:02.418Z,gpu-3uwoq-6g3ya-1,dcgm,gpu0,pcie_rx_bytes,21016
2026-09-30T06:47:02.418Z,gpu-3uwoq-6g3ya-1,dcgm,gpu1,pcie_rx_bytes,20964
2026-09-30T06:47:02.418Z,gpu-3uwoq-6g3ya-1,dcgm,gpu2,pcie_tx_bytes,25543
2026-09-30T06:47:02.418Z,gpu-3uwoq-6g3ya-1,dcgm,gpu3,pcie_tx_bytes,25735
2026-09-30T06:47:02.418Z,gpu-3uwoq-6g3ya-1,dcgm,gpu0,pcie_tx_bytes,20578
2026-09-30T06:47:02.418Z,gpu-3uwoq-6g3ya-1,dcgm,gpu1,pcie_tx_bytes,20510
2026-09-30T06:47:02.418Z,gpu-3uwoq-6g3ya-1,dcgm,gpu2,tensor_active,0
2026-09-30T06:47:02.418Z,gpu-3uwoq-6g3ya-1,dcgm,gpu3,tensor_active,0
2026-09-30T06:47:02.418Z,gpu-3uwoq-6g3ya-1,dcgm,gpu0,tensor_active,0
2026-09-30T06:47:02.418Z,gpu-3uwoq-6g3ya-1,dcgm,gpu1,tensor_active,0
2026-09-30T06:47:02.418Z,gpu-3uwoq-6g3ya-1,dcgm,gpu2,sm_active,0
2026-09-30T06:47:02.418Z,gpu-3uwoq-6g3ya-1,dcgm,gpu3,sm_active,0
2026-09-30T06:47:02.418Z,gpu-3uwoq-6g3ya-1,dcgm,gpu0,sm_active,0
2026-09-30T06:47:02.418Z,gpu-3uwoq-6g3ya-1,dcgm,gpu1,sm_active,0
2026-09-30T06:47:02.418Z,gpu-3uwoq-6g3ya-1,nvlink,gpu0,nvlink_rx_bytes,1.02469e+13
2026-09-30T06:47:02.418Z,gpu-3uwoq-6g3ya-1,nvlink,gpu0,nvlink_tx_bytes,1.02513e+13
2026-09-30T06:47:02.418Z,gpu-3uwoq-6g3ya-1,nvlink,gpu1,nvlink_rx_bytes,1.04013e+13
2026-09-30T06:47:02.418Z,gpu-3uwoq-6g3ya-1,nvlink,gpu1,nvlink_tx_bytes,1.04042e+13
2026-09-30T06:47:02.418Z,gpu-3uwoq-6g3ya-1,nvlink,gpu2,nvlink_rx_bytes,1.02695e+13
2026-09-30T06:47:02.418Z,gpu-3uwoq-6g3ya-1,nvlink,gpu2,nvlink_tx_bytes,1.02732e+13
2026-09-30T06:47:02.418Z,gpu-3uwoq-6g3ya-1,nvlink,gpu3,nvlink_rx_bytes,1.0219e+13
2026-09-30T06:47:02.418Z,gpu-3uwoq-6g3ya-1,nvlink,gpu3,nvlink_tx_bytes,1.0222e+13
2026-09-30T06:47:03.418Z,gpu-3uwoq-6g3ya-1,ib_counter,rdma_vf_rail0,port_xmit_data,4.05431e+12
2026-09-30T06:47:03.418Z,gpu-3uwoq-6g3ya-1,ib_counter,rdma_vf_rail0,port_rcv_data,2.08688e+12
2026-09-30T06:47:03.418Z,gpu-3uwoq-6g3ya-1,ib_counter,rdma_vf_rail0,port_xmit_packets,1.09514e+09
2026-09-30T06:47:03.418Z,gpu-3uwoq-6g3ya-1,ib_counter,rdma_vf_rail0,port_rcv_packets,7.30222e+08
2026-09-30T06:47:03.418Z,gpu-3uwoq-6g3ya-1,ib_counter,rdma_vf_rail0,port_xmit_wait,0
2026-09-30T06:47:03.418Z,gpu-3uwoq-6g3ya-1,ib_counter,rdma_vf_rail0,port_rcv_errors,0
2026-09-30T06:47:03.418Z,gpu-3uwoq-6g3ya-1,ib_counter,rdma_vf_rail0,port_xmit_discards,0
2026-09-30T06:47:03.418Z,gpu-3uwoq-6g3ya-1,ib_counter,rdma_vf_rail0,link_downed,0
2026-09-30T06:47:03.418Z,gpu-3uwoq-6g3ya-1,ib_hw_counter,rdma_vf_rail0,out_of_sequence,0
2026-09-30T06:47:03.418Z,gpu-3uwoq-6g3ya-1,ib_hw_counter,rdma_vf_rail0,packet_seq_err,8
2026-09-30T06:47:03.418Z,gpu-3uwoq-6g3ya-1,ib_hw_counter,rdma_vf_rail0,local_ack_timeout_err,0
2026-09-30T06:47:03.418Z,gpu-3uwoq-6g3ya-1,ib_hw_counter,rdma_vf_rail0,rx_write_requests,4.44406e+08
2026-09-30T06:47:03.418Z,gpu-3uwoq-6g3ya-1,ib_hw_counter,rdma_vf_rail0,rx_read_requests,8.83833e+06
2026-09-30T06:47:03.418Z,gpu-3uwoq-6g3ya-1,ib_hw_counter,rdma_vf_rail0,req_cqe_error,0
2026-09-30T06:47:03.418Z,gpu-3uwoq-6g3ya-1,ib_hw_counter,rdma_vf_rail0,resp_cqe_error,0
2026-09-30T06:47:03.418Z,gpu-3uwoq-6g3ya-1,ib_hw_counter,rdma_vf_rail0,implied_nak_seq_err,0
2026-09-30T06:47:03.418Z,gpu-3uwoq-6g3ya-1,ib_hw_counter,rdma_vf_rail0,duplicate_request,0
2026-09-30T06:47:03.418Z,gpu-3uwoq-6g3ya-1,ib_counter,rdma_vf_rail1,port_xmit_data,3.94677e+12
2026-09-30T06:47:03.418Z,gpu-3uwoq-6g3ya-1,ib_counter,rdma_vf_rail1,port_rcv_data,1.97875e+12
2026-09-30T06:47:03.418Z,gpu-3uwoq-6g3ya-1,ib_counter,rdma_vf_rail1,port_xmit_packets,1.06896e+09
2026-09-30T06:47:03.418Z,gpu-3uwoq-6g3ya-1,ib_counter,rdma_vf_rail1,port_rcv_packets,6.99145e+08
2026-09-30T06:47:03.418Z,gpu-3uwoq-6g3ya-1,ib_counter,rdma_vf_rail1,port_xmit_wait,0
2026-09-30T06:47:03.418Z,gpu-3uwoq-6g3ya-1,ib_counter,rdma_vf_rail1,port_rcv_errors,0
2026-09-30T06:47:03.418Z,gpu-3uwoq-6g3ya-1,ib_counter,rdma_vf_rail1,port_xmit_discards,0
2026-09-30T06:47:03.418Z,gpu-3uwoq-6g3ya-1,ib_counter,rdma_vf_rail1,link_downed,0
2026-09-30T06:47:03.418Z,gpu-3uwoq-6g3ya-1,ib_hw_counter,rdma_vf_rail1,out_of_sequence,0
2026-09-30T06:47:03.418Z,gpu-3uwoq-6g3ya-1,ib_hw_counter,rdma_vf_rail1,packet_seq_err,8
2026-09-30T06:47:03.418Z,gpu-3uwoq-6g3ya-1,ib_hw_counter,rdma_vf_rail1,local_ack_timeout_err,0
2026-09-30T06:47:03.418Z,gpu-3uwoq-6g3ya-1,ib_hw_counter,rdma_vf_rail1,rx_write_requests,4.42808e+08
2026-09-30T06:47:03.418Z,gpu-3uwoq-6g3ya-1,ib_hw_counter,rdma_vf_rail1,rx_read_requests,8.03731e+06
2026-09-30T06:47:03.418Z,gpu-3uwoq-6g3ya-1,ib_hw_counter,rdma_vf_rail1,req_cqe_error,0
2026-09-30T06:47:03.418Z,gpu-3uwoq-6g3ya-1,ib_hw_counter,rdma_vf_rail1,resp_cqe_error,0
2026-09-30T06:47:03.418Z,gpu-3uwoq-6g3ya-1,ib_hw_counter,rdma_vf_rail1,implied_nak_seq_err,0
2026-09-30T06:47:03.418Z,gpu-3uwoq-6g3ya-1,ib_hw_counter,rdma_vf_rail1,duplicate_request,0
2026-09-30T06:47:03.418Z,gpu-3uwoq-6g3ya-1,ib_counter,rdma_vf_rail2,port_xmit_data,3.91927e+12
2026-09-30T06:47:03.418Z,gpu-3uwoq-6g3ya-1,ib_counter,rdma_vf_rail2,port_rcv_data,1.95098e+12
2026-09-30T06:47:03.418Z,gpu-3uwoq-6g3ya-1,ib_counter,rdma_vf_rail2,port_xmit_packets,1.0544e+09
2026-09-30T06:47:03.418Z,gpu-3uwoq-6g3ya-1,ib_counter,rdma_vf_rail2,port_rcv_packets,6.80094e+08
2026-09-30T06:47:03.418Z,gpu-3uwoq-6g3ya-1,ib_counter,rdma_vf_rail2,port_xmit_wait,0
2026-09-30T06:47:03.418Z,gpu-3uwoq-6g3ya-1,ib_counter,rdma_vf_rail2,port_rcv_errors,0
2026-09-30T06:47:03.418Z,gpu-3uwoq-6g3ya-1,ib_counter,rdma_vf_rail2,port_xmit_discards,0
2026-09-30T06:47:03.418Z,gpu-3uwoq-6g3ya-1,ib_counter,rdma_vf_rail2,link_downed,0
2026-09-30T06:47:03.418Z,gpu-3uwoq-6g3ya-1,ib_hw_counter,rdma_vf_rail2,out_of_sequence,0
2026-09-30T06:47:03.418Z,gpu-3uwoq-6g3ya-1,ib_hw_counter,rdma_vf_rail2,packet_seq_err,7
2026-09-30T06:47:03.418Z,gpu-3uwoq-6g3ya-1,ib_hw_counter,rdma_vf_rail2,local_ack_timeout_err,0
2026-09-30T06:47:03.418Z,gpu-3uwoq-6g3ya-1,ib_hw_counter,rdma_vf_rail2,rx_write_requests,4.42381e+08
2026-09-30T06:47:03.418Z,gpu-3uwoq-6g3ya-1,ib_hw_counter,rdma_vf_rail2,rx_read_requests,7.82969e+06
2026-09-30T06:47:03.418Z,gpu-3uwoq-6g3ya-1,ib_hw_counter,rdma_vf_rail2,req_cqe_error,0
2026-09-30T06:47:03.418Z,gpu-3uwoq-6g3ya-1,ib_hw_counter,rdma_vf_rail2,resp_cqe_error,0
2026-09-30T06:47:03.418Z,gpu-3uwoq-6g3ya-1,ib_hw_counter,rdma_vf_rail2,implied_nak_seq_err,0
2026-09-30T06:47:03.418Z,gpu-3uwoq-6g3ya-1,ib_hw_counter,rdma_vf_rail2,duplicate_request,0
2026-09-30T06:47:03.418Z,gpu-3uwoq-6g3ya-1,ib_counter,rdma_vf_rail3,port_xmit_data,3.91953e+12
2026-09-30T06:47:03.418Z,gpu-3uwoq-6g3ya-1,ib_counter,rdma_vf_rail3,port_rcv_data,1.95074e+12
2026-09-30T06:47:03.418Z,gpu-3uwoq-6g3ya-1,ib_counter,rdma_vf_rail3,port_xmit_packets,1.05518e+09
2026-09-30T06:47:03.418Z,gpu-3uwoq-6g3ya-1,ib_counter,rdma_vf_rail3,port_rcv_packets,6.76919e+08
2026-09-30T06:47:03.418Z,gpu-3uwoq-6g3ya-1,ib_counter,rdma_vf_rail3,port_xmit_wait,0
2026-09-30T06:47:03.418Z,gpu-3uwoq-6g3ya-1,ib_counter,rdma_vf_rail3,port_rcv_errors,0
2026-09-30T06:47:03.418Z,gpu-3uwoq-6g3ya-1,ib_counter,rdma_vf_rail3,port_xmit_discards,0
2026-09-30T06:47:03.418Z,gpu-3uwoq-6g3ya-1,ib_counter,rdma_vf_rail3,link_downed,0
2026-09-30T06:47:03.418Z,gpu-3uwoq-6g3ya-1,ib_hw_counter,rdma_vf_rail3,out_of_sequence,1
2026-09-30T06:47:03.418Z,gpu-3uwoq-6g3ya-1,ib_hw_counter,rdma_vf_rail3,packet_seq_err,7
2026-09-30T06:47:03.418Z,gpu-3uwoq-6g3ya-1,ib_hw_counter,rdma_vf_rail3,local_ack_timeout_err,0
2026-09-30T06:47:03.418Z,gpu-3uwoq-6g3ya-1,ib_hw_counter,rdma_vf_rail3,rx_write_requests,4.42381e+08
2026-09-30T06:47:03.418Z,gpu-3uwoq-6g3ya-1,ib_hw_counter,rdma_vf_rail3,rx_read_requests,7.82969e+06
2026-09-30T06:47:03.418Z,gpu-3uwoq-6g3ya-1,ib_hw_counter,rdma_vf_rail3,req_cqe_error,0
2026-09-30T06:47:03.418Z,gpu-3uwoq-6g3ya-1,ib_hw_counter,rdma_vf_rail3,resp_cqe_error,0
2026-09-30T06:47:03.418Z,gpu-3uwoq-6g3ya-1,ib_hw_counter,rdma_vf_rail3,implied_nak_seq_err,0
2026-09-30T06:47:03.418Z,gpu-3uwoq-6g3ya-1,ib_hw_counter,rdma_vf_rail3,duplicate_request,0
2026-09-30T06:47:03.418Z,gpu-3uwoq-6g3ya-1,dcgm,gpu2,gpu_util,0
2026-09-30T06:47:03.418Z,gpu-3uwoq-6g3ya-1,dcgm,gpu3,gpu_util,0
2026-09-30T06:47:03.418Z,gpu-3uwoq-6g3ya-1,dcgm,gpu0,gpu_util,0
2026-09-30T06:47:03.418Z,gpu-3uwoq-6g3ya-1,dcgm,gpu1,gpu_util,0
2026-09-30T06:47:03.418Z,gpu-3uwoq-6g3ya-1,dcgm,gpu2,nvlink_bandwidth_total,0
2026-09-30T06:47:03.418Z,gpu-3uwoq-6g3ya-1,dcgm,gpu3,nvlink_bandwidth_total,0
2026-09-30T06:47:03.418Z,gpu-3uwoq-6g3ya-1,dcgm,gpu0,nvlink_bandwidth_total,0
2026-09-30T06:47:03.418Z,gpu-3uwoq-6g3ya-1,dcgm,gpu1,nvlink_bandwidth_total,0
2026-09-30T06:47:03.418Z,gpu-3uwoq-6g3ya-1,dcgm,gpu2,power_w,222.82
2026-09-30T06:47:03.418Z,gpu-3uwoq-6g3ya-1,dcgm,gpu3,power_w,227.025
2026-09-30T06:47:03.418Z,gpu-3uwoq-6g3ya-1,dcgm,gpu0,power_w,230.256
2026-09-30T06:47:03.418Z,gpu-3uwoq-6g3ya-1,dcgm,gpu1,power_w,226.594
2026-09-30T06:47:03.418Z,gpu-3uwoq-6g3ya-1,dcgm,gpu2,sm_clock_mhz,2070
2026-09-30T06:47:03.418Z,gpu-3uwoq-6g3ya-1,dcgm,gpu3,sm_clock_mhz,2070
2026-09-30T06:47:03.418Z,gpu-3uwoq-6g3ya-1,dcgm,gpu0,sm_clock_mhz,2070
2026-09-30T06:47:03.418Z,gpu-3uwoq-6g3ya-1,dcgm,gpu1,sm_clock_mhz,2070
2026-09-30T06:47:03.418Z,gpu-3uwoq-6g3ya-1,dcgm,gpu2,dram_active,0
2026-09-30T06:47:03.418Z,gpu-3uwoq-6g3ya-1,dcgm,gpu3,dram_active,0
2026-09-30T06:47:03.418Z,gpu-3uwoq-6g3ya-1,dcgm,gpu0,dram_active,0
2026-09-30T06:47:03.418Z,gpu-3uwoq-6g3ya-1,dcgm,gpu1,dram_active,0
2026-09-30T06:47:03.418Z,gpu-3uwoq-6g3ya-1,dcgm,gpu2,pcie_rx_bytes,25997
2026-09-30T06:47:03.418Z,gpu-3uwoq-6g3ya-1,dcgm,gpu3,pcie_rx_bytes,26171
2026-09-30T06:47:03.418Z,gpu-3uwoq-6g3ya-1,dcgm,gpu0,pcie_rx_bytes,21016
2026-09-30T06:47:03.418Z,gpu-3uwoq-6g3ya-1,dcgm,gpu1,pcie_rx_bytes,20964
2026-09-30T06:47:03.418Z,gpu-3uwoq-6g3ya-1,dcgm,gpu2,pcie_tx_bytes,25543
2026-09-30T06:47:03.418Z,gpu-3uwoq-6g3ya-1,dcgm,gpu3,pcie_tx_bytes,25735
2026-09-30T06:47:03.418Z,gpu-3uwoq-6g3ya-1,dcgm,gpu0,pcie_tx_bytes,20578
2026-09-30T06:47:03.418Z,gpu-3uwoq-6g3ya-1,dcgm,gpu1,pcie_tx_bytes,20510
2026-09-30T06:47:03.418Z,gpu-3uwoq-6g3ya-1,dcgm,gpu2,tensor_active,0
2026-09-30T06:47:03.418Z,gpu-3uwoq-6g3ya-1,dcgm,gpu3,tensor_active,0
2026-09-30T06:47:03.418Z,gpu-3uwoq-6g3ya-1,dcgm,gpu0,tensor_active,0
2026-09-30T06:47:03.418Z,gpu-3uwoq-6g3ya-1,dcgm,gpu1,tensor_active,0
2026-09-30T06:47:03.418Z,gpu-3uwoq-6g3ya-1,dcgm,gpu2,sm_active,0
2026-09-30T06:47:03.418Z,gpu-3uwoq-6g3ya-1,dcgm,gpu3,sm_active,0
2026-09-30T06:47:03.418Z,gpu-3uwoq-6g3ya-1,dcgm,gpu0,sm_active,0
2026-09-30T06:47:03.418Z,gpu-3uwoq-6g3ya-1,dcgm,gpu1,sm_active,0
2026-09-30T06:47:03.418Z,gpu-3uwoq-6g3ya-1,nvlink,gpu0,nvlink_rx_bytes,1.02469e+13
2026-09-30T06:47:03.418Z,gpu-3uwoq-6g3ya-1,nvlink,gpu0,nvlink_tx_bytes,1.02513e+13
2026-09-30T06:47:03.418Z,gpu-3uwoq-6g3ya-1,nvlink,gpu1,nvlink_rx_bytes,1.04013e+13
2026-09-30T06:47:03.418Z,gpu-3uwoq-6g3ya-1,nvlink,gpu1,nvlink_tx_bytes,1.04042e+13
2026-09-30T06:47:03.418Z,gpu-3uwoq-6g3ya-1,nvlink,gpu2,nvlink_rx_bytes,1.02695e+13
2026-09-30T06:47:03.418Z,gpu-3uwoq-6g3ya-1,nvlink,gpu2,nvlink_tx_bytes,1.02732e+13
2026-09-30T06:47:03.418Z,gpu-3uwoq-6g3ya-1,nvlink,gpu3,nvlink_rx_bytes,1.0219e+13
2026-09-30T06:47:03.418Z,gpu-3uwoq-6g3ya-1,nvlink,gpu3,nvlink_tx_bytes,1.0222e+13
2026-09-30T06:47:04.418Z,gpu-3uwoq-6g3ya-1,ib_counter,rdma_vf_rail0,port_xmit_data,4.05431e+12
2026-09-30T06:47:04.418Z,gpu-3uwoq-6g3ya-1,ib_counter,rdma_vf_rail0,port_rcv_data,2.08688e+12
2026-09-30T06:47:04.418Z,gpu-3uwoq-6g3ya-1,ib_counter,rdma_vf_rail0,port_xmit_packets,1.09514e+09
2026-09-30T06:47:04.418Z,gpu-3uwoq-6g3ya-1,ib_counter,rdma_vf_rail0,port_rcv_packets,7.30222e+08
2026-09-30T06:47:04.418Z,gpu-3uwoq-6g3ya-1,ib_counter,rdma_vf_rail0,port_xmit_wait,0
2026-09-30T06:47:04.418Z,gpu-3uwoq-6g3ya-1,ib_counter,rdma_vf_rail0,port_rcv_errors,0
2026-09-30T06:47:04.418Z,gpu-3uwoq-6g3ya-1,ib_counter,rdma_vf_rail0,port_xmit_discards,0
2026-09-30T06:47:04.418Z,gpu-3uwoq-6g3ya-1,ib_counter,rdma_vf_rail0,link_downed,0
2026-09-30T06:47:04.418Z,gpu-3uwoq-6g3ya-1,ib_hw_counter,rdma_vf_rail0,out_of_sequence,0
2026-09-30T06:47:04.418Z,gpu-3uwoq-6g3ya-1,ib_hw_counter,rdma_vf_rail0,packet_seq_err,8
2026-09-30T06:47:04.418Z,gpu-3uwoq-6g3ya-1,ib_hw_counter,rdma_vf_rail0,local_ack_timeout_err,0
2026-09-30T06:47:04.418Z,gpu-3uwoq-6g3ya-1,ib_hw_counter,rdma_vf_rail0,rx_write_requests,4.44406e+08
2026-09-30T06:47:04.418Z,gpu-3uwoq-6g3ya-1,ib_hw_counter,rdma_vf_rail0,rx_read_requests,8.83833e+06
2026-09-30T06:47:04.418Z,gpu-3uwoq-6g3ya-1,ib_hw_counter,rdma_vf_rail0,req_cqe_error,0
2026-09-30T06:47:04.418Z,gpu-3uwoq-6g3ya-1,ib_hw_counter,rdma_vf_rail0,resp_cqe_error,0
2026-09-30T06:47:04.418Z,gpu-3uwoq-6g3ya-1,ib_hw_counter,rdma_vf_rail0,implied_nak_seq_err,0
2026-09-30T06:47:04.418Z,gpu-3uwoq-6g3ya-1,ib_hw_counter,rdma_vf_rail0,duplicate_request,0
2026-09-30T06:47:04.418Z,gpu-3uwoq-6g3ya-1,ib_counter,rdma_vf_rail1,port_xmit_data,3.94677e+12
2026-09-30T06:47:04.418Z,gpu-3uwoq-6g3ya-1,ib_counter,rdma_vf_rail1,port_rcv_data,1.97875e+12
2026-09-30T06:47:04.418Z,gpu-3uwoq-6g3ya-1,ib_counter,rdma_vf_rail1,port_xmit_packets,1.06896e+09
2026-09-30T06:47:04.418Z,gpu-3uwoq-6g3ya-1,ib_counter,rdma_vf_rail1,port_rcv_packets,6.99145e+08
2026-09-30T06:47:04.418Z,gpu-3uwoq-6g3ya-1,ib_counter,rdma_vf_rail1,port_xmit_wait,0
2026-09-30T06:47:04.418Z,gpu-3uwoq-6g3ya-1,ib_counter,rdma_vf_rail1,port_rcv_errors,0
2026-09-30T06:47:04.418Z,gpu-3uwoq-6g3ya-1,ib_counter,rdma_vf_rail1,port_xmit_discards,0
2026-09-30T06:47:04.418Z,gpu-3uwoq-6g3ya-1,ib_counter,rdma_vf_rail1,link_downed,0
2026-09-30T06:47:04.418Z,gpu-3uwoq-6g3ya-1,ib_hw_counter,rdma_vf_rail1,out_of_sequence,0
2026-09-30T06:47:04.418Z,gpu-3uwoq-6g3ya-1,ib_hw_counter,rdma_vf_rail1,packet_seq_err,8
2026-09-30T06:47:04.418Z,gpu-3uwoq-6g3ya-1,ib_hw_counter,rdma_vf_rail1,local_ack_timeout_err,0
2026-09-30T06:47:04.418Z,gpu-3uwoq-6g3ya-1,ib_hw_counter,rdma_vf_rail1,rx_write_requests,4.42808e+08
2026-09-30T06:47:04.418Z,gpu-3uwoq-6g3ya-1,ib_hw_counter,rdma_vf_rail1,rx_read_requests,8.03731e+06
2026-09-30T06:47:04.418Z,gpu-3uwoq-6g3ya-1,ib_hw_counter,rdma_vf_rail1,req_cqe_error,0
2026-09-30T06:47:04.418Z,gpu-3uwoq-6g3ya-1,ib_hw_counter,rdma_vf_rail1,resp_cqe_error,0
2026-09-30T06:47:04.418Z,gpu-3uwoq-6g3ya-1,ib_hw_counter,rdma_vf_rail1,implied_nak_seq_err,0
2026-09-30T06:47:04.418Z,gpu-3uwoq-6g3ya-1,ib_hw_counter,rdma_vf_rail1,duplicate_request,0
2026-09-30T06:47:04.418Z,gpu-3uwoq-6g3ya-1,ib_counter,rdma_vf_rail2,port_xmit_data,3.91927e+12
2026-09-30T06:47:04.418Z,gpu-3uwoq-6g3ya-1,ib_counter,rdma_vf_rail2,port_rcv_data,1.95098e+12
2026-09-30T06:47:04.418Z,gpu-3uwoq-6g3ya-1,ib_counter,rdma_vf_rail2,port_xmit_packets,1.0544e+09
2026-09-30T06:47:04.418Z,gpu-3uwoq-6g3ya-1,ib_counter,rdma_vf_rail2,port_rcv_packets,6.80094e+08
2026-09-30T06:47:04.418Z,gpu-3uwoq-6g3ya-1,ib_counter,rdma_vf_rail2,port_xmit_wait,0
2026-09-30T06:47:04.418Z,gpu-3uwoq-6g3ya-1,ib_counter,rdma_vf_rail2,port_rcv_errors,0
2026-09-30T06:47:04.418Z,gpu-3uwoq-6g3ya-1,ib_counter,rdma_vf_rail2,port_xmit_discards,0
2026-09-30T06:47:04.418Z,gpu-3uwoq-6g3ya-1,ib_counter,rdma_vf_rail2,link_downed,0
2026-09-30T06:47:04.418Z,gpu-3uwoq-6g3ya-1,ib_hw_counter,rdma_vf_rail2,out_of_sequence,0
2026-09-30T06:47:04.418Z,gpu-3uwoq-6g3ya-1,ib_hw_counter,rdma_vf_rail2,packet_seq_err,7
2026-09-30T06:47:04.418Z,gpu-3uwoq-6g3ya-1,ib_hw_counter,rdma_vf_rail2,local_ack_timeout_err,0
2026-09-30T06:47:04.418Z,gpu-3uwoq-6g3ya-1,ib_hw_counter,rdma_vf_rail2,rx_write_requests,4.42381e+08
2026-09-30T06:47:04.418Z,gpu-3uwoq-6g3ya-1,ib_hw_counter,rdma_vf_rail2,rx_read_requests,7.82969e+06
2026-09-30T06:47:04.418Z,gpu-3uwoq-6g3ya-1,ib_hw_counter,rdma_vf_rail2,req_cqe_error,0
2026-09-30T06:47:04.418Z,gpu-3uwoq-6g3ya-1,ib_hw_counter,rdma_vf_rail2,resp_cqe_error,0
2026-09-30T06:47:04.418Z,gpu-3uwoq-6g3ya-1,ib_hw_counter,rdma_vf_rail2,implied_nak_seq_err,0
2026-09-30T06:47:04.418Z,gpu-3uwoq-6g3ya-1,ib_hw_counter,rdma_vf_rail2,duplicate_request,0
2026-09-30T06:47:04.418Z,gpu-3uwoq-6g3ya-1,ib_counter,rdma_vf_rail3,port_xmit_data,3.91953e+12
2026-09-30T06:47:04.418Z,gpu-3uwoq-6g3ya-1,ib_counter,rdma_vf_rail3,port_rcv_data,1.95074e+12
2026-09-30T06:47:04.418Z,gpu-3uwoq-6g3ya-1,ib_counter,rdma_vf_rail3,port_xmit_packets,1.05518e+09
2026-09-30T06:47:04.418Z,gpu-3uwoq-6g3ya-1,ib_counter,rdma_vf_rail3,port_rcv_packets,6.76919e+08
2026-09-30T06:47:04.418Z,gpu-3uwoq-6g3ya-1,ib_counter,rdma_vf_rail3,port_xmit_wait,0
2026-09-30T06:47:04.418Z,gpu-3uwoq-6g3ya-1,ib_counter,rdma_vf_rail3,port_rcv_errors,0
2026-09-30T06:47:04.418Z,gpu-3uwoq-6g3ya-1,ib_counter,rdma_vf_rail3,port_xmit_discards,0
2026-09-30T06:47:04.418Z,gpu-3uwoq-6g3ya-1,ib_counter,rdma_vf_rail3,link_downed,0
2026-09-30T06:47:04.418Z,gpu-3uwoq-6g3ya-1,ib_hw_counter,rdma_vf_rail3,out_of_sequence,1
2026-09-30T06:47:04.418Z,gpu-3uwoq-6g3ya-1,ib_hw_counter,rdma_vf_rail3,packet_seq_err,7
2026-09-30T06:47:04.418Z,gpu-3uwoq-6g3ya-1,ib_hw_counter,rdma_vf_rail3,local_ack_timeout_err,0
2026-09-30T06:47:04.418Z,gpu-3uwoq-6g3ya-1,ib_hw_counter,rdma_vf_rail3,rx_write_requests,4.42381e+08
2026-09-30T06:47:04.418Z,gpu-3uwoq-6g3ya-1,ib_hw_counter,rdma_vf_rail3,rx_read_requests,7.82969e+06
2026-09-30T06:47:04.418Z,gpu-3uwoq-6g3ya-1,ib_hw_counter,rdma_vf_rail3,req_cqe_error,0
2026-09-30T06:47:04.418Z,gpu-3uwoq-6g3ya-1,ib_hw_counter,rdma_vf_rail3,resp_cqe_error,0
2026-09-30T06:47:04.418Z,gpu-3uwoq-6g3ya-1,ib_hw_counter,rdma_vf_rail3,implied_nak_seq_err,0
2026-09-30T06:47:04.418Z,gpu-3uwoq-6g3ya-1,ib_hw_counter,rdma_vf_rail3,duplicate_request,0
2026-09-30T06:47:04.418Z,gpu-3uwoq-6g3ya-1,dcgm,gpu2,gpu_util,0
2026-09-30T06:47:04.418Z,gpu-3uwoq-6g3ya-1,dcgm,gpu3,gpu_util,0
2026-09-30T06:47:04.418Z,gpu-3uwoq-6g3ya-1,dcgm,gpu0,gpu_util,0
2026-09-30T06:47:04.418Z,gpu-3uwoq-6g3ya-1,dcgm,gpu1,gpu_util,0
2026-09-30T06:47:04.418Z,gpu-3uwoq-6g3ya-1,dcgm,gpu2,nvlink_bandwidth_total,0
2026-09-30T06:47:04.418Z,gpu-3uwoq-6g3ya-1,dcgm,gpu3,nvlink_bandwidth_total,0
2026-09-30T06:47:04.418Z,gpu-3uwoq-6g3ya-1,dcgm,gpu0,nvlink_bandwidth_total,0
2026-09-30T06:47:04.418Z,gpu-3uwoq-6g3ya-1,dcgm,gpu1,nvlink_bandwidth_total,0
2026-09-30T06:47:04.418Z,gpu-3uwoq-6g3ya-1,dcgm,gpu2,power_w,222.82
2026-09-30T06:47:04.418Z,gpu-3uwoq-6g3ya-1,dcgm,gpu3,power_w,227.025
2026-09-30T06:47:04.418Z,gpu-3uwoq-6g3ya-1,dcgm,gpu0,power_w,230.256
2026-09-30T06:47:04.418Z,gpu-3uwoq-6g3ya-1,dcgm,gpu1,power_w,226.594
2026-09-30T06:47:04.418Z,gpu-3uwoq-6g3ya-1,dcgm,gpu2,sm_clock_mhz,2070
2026-09-30T06:47:04.418Z,gpu-3uwoq-6g3ya-1,dcgm,gpu3,sm_clock_mhz,2070
2026-09-30T06:47:04.418Z,gpu-3uwoq-6g3ya-1,dcgm,gpu0,sm_clock_mhz,2070
2026-09-30T06:47:04.418Z,gpu-3uwoq-6g3ya-1,dcgm,gpu1,sm_clock_mhz,2070
2026-09-30T06:47:04.418Z,gpu-3uwoq-6g3ya-1,dcgm,gpu2,dram_active,0
2026-09-30T06:47:04.418Z,gpu-3uwoq-6g3ya-1,dcgm,gpu3,dram_active,0
2026-09-30T06:47:04.418Z,gpu-3uwoq-6g3ya-1,dcgm,gpu0,dram_active,0
2026-09-30T06:47:04.418Z,gpu-3uwoq-6g3ya-1,dcgm,gpu1,dram_active,0
2026-09-30T06:47:04.418Z,gpu-3uwoq-6g3ya-1,dcgm,gpu2,pcie_rx_bytes,25997
2026-09-30T06:47:04.418Z,gpu-3uwoq-6g3ya-1,dcgm,gpu3,pcie_rx_bytes,26171
2026-09-30T06:47:04.418Z,gpu-3uwoq-6g3ya-1,dcgm,gpu0,pcie_rx_bytes,21016
2026-09-30T06:47:04.418Z,gpu-3uwoq-6g3ya-1,dcgm,gpu1,pcie_rx_bytes,20964
2026-09-30T06:47:04.418Z,gpu-3uwoq-6g3ya-1,dcgm,gpu2,pcie_tx_bytes,25543
2026-09-30T06:47:04.418Z,gpu-3uwoq-6g3ya-1,dcgm,gpu3,pcie_tx_bytes,25735
2026-09-30T06:47:04.418Z,gpu-3uwoq-6g3ya-1,dcgm,gpu0,pcie_tx_bytes,20578
2026-09-30T06:47:04.418Z,gpu-3uwoq-6g3ya-1,dcgm,gpu1,pcie_tx_bytes,20510
2026-09-30T06:47:04.418Z,gpu-3uwoq-6g3ya-1,dcgm,gpu2,tensor_active,0
2026-09-30T06:47:04.418Z,gpu-3uwoq-6g3ya-1,dcgm,gpu3,tensor_active,0
2026-09-30T06:47:04.418Z,gpu-3uwoq-6g3ya-1,dcgm,gpu0,tensor_active,0
2026-09-30T06:47:04.418Z,gpu-3uwoq-6g3ya-1,dcgm,gpu1,tensor_active,0
2026-09-30T06:47:04.418Z,gpu-3uwoq-6g3ya-1,dcgm,gpu2,sm_active,0
2026-09-30T06:47:04.418Z,gpu-3uwoq-6g3ya-1,dcgm,gpu3,sm_active,0
2026-09-30T06:47:04.418Z,gpu-3uwoq-6g3ya-1,dcgm,gpu0,sm_active,0
2026-09-30T06:47:04.418Z,gpu-3uwoq-6g3ya-1,dcgm,gpu1,sm_active,0
2026-09-30T06:47:04.418Z,gpu-3uwoq-6g3ya-1,nvlink,gpu0,nvlink_rx_bytes,1.02469e+13
2026-09-30T06:47:04.418Z,gpu-3uwoq-6g3ya-1,nvlink,gpu0,nvlink_tx_bytes,1.02513e+13
2026-09-30T06:47:04.418Z,gpu-3uwoq-6g3ya-1,nvlink,gpu1,nvlink_rx_bytes,1.04013e+13
2026-09-30T06:47:04.418Z,gpu-3uwoq-6g3ya-1,nvlink,gpu1,nvlink_tx_bytes,1.04042e+13
2026-09-30T06:47:04.418Z,gpu-3uwoq-6g3ya-1,nvlink,gpu2,nvlink_rx_bytes,1.02695e+13
2026-09-30T06:47:04.418Z,gpu-3uwoq-6g3ya-1,nvlink,gpu2,nvlink_tx_bytes,1.02732e+13
2026-09-30T06:47:04.418Z,gpu-3uwoq-6g3ya-1,nvlink,gpu3,nvlink_rx_bytes,1.0219e+13
2026-09-30T06:47:04.418Z,gpu-3uwoq-6g3ya-1,nvlink,gpu3,nvlink_tx_bytes,1.0222e+13
2026-09-30T06:47:05.418Z,gpu-3uwoq-6g3ya-1,ib_counter,rdma_vf_rail0,port_xmit_data,4.05431e+12
2026-09-30T06:47:05.418Z,gpu-3uwoq-6g3ya-1,ib_counter,rdma_vf_rail0,port_rcv_data,2.08688e+12
2026-09-30T06:47:05.418Z,gpu-3uwoq-6g3ya-1,ib_counter,rdma_vf_rail0,port_xmit_packets,1.09514e+09
2026-09-30T06:47:05.418Z,gpu-3uwoq-6g3ya-1,ib_counter,rdma_vf_rail0,port_rcv_packets,7.30222e+08
2026-09-30T06:47:05.418Z,gpu-3uwoq-6g3ya-1,ib_counter,rdma_vf_rail0,port_xmit_wait,0
2026-09-30T06:47:05.418Z,gpu-3uwoq-6g3ya-1,ib_counter,rdma_vf_rail0,port_rcv_errors,0
2026-09-30T06:47:05.418Z,gpu-3uwoq-6g3ya-1,ib_counter,rdma_vf_rail0,port_xmit_discards,0
2026-09-30T06:47:05.418Z,gpu-3uwoq-6g3ya-1,ib_counter,rdma_vf_rail0,link_downed,0
2026-09-30T06:47:05.418Z,gpu-3uwoq-6g3ya-1,ib_hw_counter,rdma_vf_rail0,out_of_sequence,0
2026-09-30T06:47:05.418Z,gpu-3uwoq-6g3ya-1,ib_hw_counter,rdma_vf_rail0,packet_seq_err,8
2026-09-30T06:47:05.418Z,gpu-3uwoq-6g3ya-1,ib_hw_counter,rdma_vf_rail0,local_ack_timeout_err,0
2026-09-30T06:47:05.418Z,gpu-3uwoq-6g3ya-1,ib_hw_counter,rdma_vf_rail0,rx_write_requests,4.44406e+08
2026-09-30T06:47:05.418Z,gpu-3uwoq-6g3ya-1,ib_hw_counter,rdma_vf_rail0,rx_read_requests,8.83833e+06
2026-09-30T06:47:05.418Z,gpu-3uwoq-6g3ya-1,ib_hw_counter,rdma_vf_rail0,req_cqe_error,0
2026-09-30T06:47:05.418Z,gpu-3uwoq-6g3ya-1,ib_hw_counter,rdma_vf_rail0,resp_cqe_error,0
2026-09-30T06:47:05.418Z,gpu-3uwoq-6g3ya-1,ib_hw_counter,rdma_vf_rail0,implied_nak_seq_err,0
2026-09-30T06:47:05.418Z,gpu-3uwoq-6g3ya-1,ib_hw_counter,rdma_vf_rail0,duplicate_request,0
2026-09-30T06:47:05.418Z,gpu-3uwoq-6g3ya-1,ib_counter,rdma_vf_rail1,port_xmit_data,3.94677e+12
2026-09-30T06:47:05.418Z,gpu-3uwoq-6g3ya-1,ib_counter,rdma_vf_rail1,port_rcv_data,1.97875e+12
2026-09-30T06:47:05.418Z,gpu-3uwoq-6g3ya-1,ib_counter,rdma_vf_rail1,port_xmit_packets,1.06896e+09
2026-09-30T06:47:05.418Z,gpu-3uwoq-6g3ya-1,ib_counter,rdma_vf_rail1,port_rcv_packets,6.99145e+08
2026-09-30T06:47:05.418Z,gpu-3uwoq-6g3ya-1,ib_counter,rdma_vf_rail1,port_xmit_wait,0
2026-09-30T06:47:05.418Z,gpu-3uwoq-6g3ya-1,ib_counter,rdma_vf_rail1,port_rcv_errors,0
2026-09-30T06:47:05.418Z,gpu-3uwoq-6g3ya-1,ib_counter,rdma_vf_rail1,port_xmit_discards,0
2026-09-30T06:47:05.418Z,gpu-3uwoq-6g3ya-1,ib_counter,rdma_vf_rail1,link_downed,0
2026-09-30T06:47:05.418Z,gpu-3uwoq-6g3ya-1,ib_hw_counter,rdma_vf_rail1,out_of_sequence,0
2026-09-30T06:47:05.418Z,gpu-3uwoq-6g3ya-1,ib_hw_counter,rdma_vf_rail1,packet_seq_err,8
2026-09-30T06:47:05.418Z,gpu-3uwoq-6g3ya-1,ib_hw_counter,rdma_vf_rail1,local_ack_timeout_err,0
2026-09-30T06:47:05.418Z,gpu-3uwoq-6g3ya-1,ib_hw_counter,rdma_vf_rail1,rx_write_requests,4.42808e+08
2026-09-30T06:47:05.418Z,gpu-3uwoq-6g3ya-1,ib_hw_counter,rdma_vf_rail1,rx_read_requests,8.03731e+06
2026-09-30T06:47:05.418Z,gpu-3uwoq-6g3ya-1,ib_hw_counter,rdma_vf_rail1,req_cqe_error,0
2026-09-30T06:47:05.418Z,gpu-3uwoq-6g3ya-1,ib_hw_counter,rdma_vf_rail1,resp_cqe_error,0
2026-09-30T06:47:05.418Z,gpu-3uwoq-6g3ya-1,ib_hw_counter,rdma_vf_rail1,implied_nak_seq_err,0
2026-09-30T06:47:05.418Z,gpu-3uwoq-6g3ya-1,ib_hw_counter,rdma_vf_rail1,duplicate_request,0
2026-09-30T06:47:05.418Z,gpu-3uwoq-6g3ya-1,ib_counter,rdma_vf_rail2,port_xmit_data,3.91927e+12
2026-09-30T06:47:05.418Z,gpu-3uwoq-6g3ya-1,ib_counter,rdma_vf_rail2,port_rcv_data,1.95098e+12
2026-09-30T06:47:05.418Z,gpu-3uwoq-6g3ya-1,ib_counter,rdma_vf_rail2,port_xmit_packets,1.0544e+09
2026-09-30T06:47:05.418Z,gpu-3uwoq-6g3ya-1,ib_counter,rdma_vf_rail2,port_rcv_packets,6.80094e+08
2026-09-30T06:47:05.418Z,gpu-3uwoq-6g3ya-1,ib_counter,rdma_vf_rail2,port_xmit_wait,0
2026-09-30T06:47:05.418Z,gpu-3uwoq-6g3ya-1,ib_counter,rdma_vf_rail2,port_rcv_errors,0
2026-09-30T06:47:05.418Z,gpu-3uwoq-6g3ya-1,ib_counter,rdma_vf_rail2,port_xmit_discards,0
2026-09-30T06:47:05.418Z,gpu-3uwoq-6g3ya-1,ib_counter,rdma_vf_rail2,link_downed,0
2026-09-30T06:47:05.418Z,gpu-3uwoq-6g3ya-1,ib_hw_counter,rdma_vf_rail2,out_of_sequence,0
2026-09-30T06:47:05.418Z,gpu-3uwoq-6g3ya-1,ib_hw_counter,rdma_vf_rail2,packet_seq_err,7
2026-09-30T06:47:05.418Z,gpu-3uwoq-6g3ya-1,ib_hw_counter,rdma_vf_rail2,local_ack_timeout_err,0
2026-09-30T06:47:05.418Z,gpu-3uwoq-6g3ya-1,ib_hw_counter,rdma_vf_rail2,rx_write_requests,4.42381e+08
2026-09-30T06:47:05.418Z,gpu-3uwoq-6g3ya-1,ib_hw_counter,rdma_vf_rail2,rx_read_requests,7.82969e+06
2026-09-30T06:47:05.418Z,gpu-3uwoq-6g3ya-1,ib_hw_counter,rdma_vf_rail2,req_cqe_error,0
2026-09-30T06:47:05.418Z,gpu-3uwoq-6g3ya-1,ib_hw_counter,rdma_vf_rail2,resp_cqe_error,0
2026-09-30T06:47:05.418Z,gpu-3uwoq-6g3ya-1,ib_hw_counter,rdma_vf_rail2,implied_nak_seq_err,0
2026-09-30T06:47:05.418Z,gpu-3uwoq-6g3ya-1,ib_hw_counter,rdma_vf_rail2,duplicate_request,0
2026-09-30T06:47:05.418Z,gpu-3uwoq-6g3ya-1,ib_counter,rdma_vf_rail3,port_xmit_data,3.91953e+12
2026-09-30T06:47:05.418Z,gpu-3uwoq-6g3ya-1,ib_counter,rdma_vf_rail3,port_rcv_data,1.95074e+12
2026-09-30T06:47:05.418Z,gpu-3uwoq-6g3ya-1,ib_counter,rdma_vf_rail3,port_xmit_packets,1.05518e+09
2026-09-30T06:47:05.418Z,gpu-3uwoq-6g3ya-1,ib_counter,rdma_vf_rail3,port_rcv_packets,6.76919e+08
2026-09-30T06:47:05.418Z,gpu-3uwoq-6g3ya-1,ib_counter,rdma_vf_rail3,port_xmit_wait,0
2026-09-30T06:47:05.418Z,gpu-3uwoq-6g3ya-1,ib_counter,rdma_vf_rail3,port_rcv_errors,0
2026-09-30T06:47:05.418Z,gpu-3uwoq-6g3ya-1,ib_counter,rdma_vf_rail3,port_xmit_discards,0
2026-09-30T06:47:05.418Z,gpu-3uwoq-6g3ya-1,ib_counter,rdma_vf_rail3,link_downed,0
2026-09-30T06:47:05.418Z,gpu-3uwoq-6g3ya-1,ib_hw_counter,rdma_vf_rail3,out_of_sequence,1
2026-09-30T06:47:05.418Z,gpu-3uwoq-6g3ya-1,ib_hw_counter,rdma_vf_rail3,packet_seq_err,7
2026-09-30T06:47:05.418Z,gpu-3uwoq-6g3ya-1,ib_hw_counter,rdma_vf_rail3,local_ack_timeout_err,0
2026-09-30T06:47:05.418Z,gpu-3uwoq-6g3ya-1,ib_hw_counter,rdma_vf_rail3,rx_write_requests,4.42381e+08
2026-09-30T06:47:05.418Z,gpu-3uwoq-6g3ya-1,ib_hw_counter,rdma_vf_rail3,rx_read_requests,7.82969e+06
2026-09-30T06:47:05.418Z,gpu-3uwoq-6g3ya-1,ib_hw_counter,rdma_vf_rail3,req_cqe_error,0
2026-09-30T06:47:05.418Z,gpu-3uwoq-6g3ya-1,ib_hw_counter,rdma_vf_rail3,resp_cqe_error,0
2026-09-30T06:47:05.418Z,gpu-3uwoq-6g3ya-1,ib_hw_counter,rdma_vf_rail3,implied_nak_seq_err,0
2026-09-30T06:47:05.418Z,gpu-3uwoq-6g3ya-1,ib_hw_counter,rdma_vf_rail3,duplicate_request,0
2026-09-30T06:47:05.418Z,gpu-3uwoq-6g3ya-1,dcgm,gpu2,gpu_util,0
2026-09-30T06:47:05.418Z,gpu-3uwoq-6g3ya-1,dcgm,gpu3,gpu_util,0
2026-09-30T06:47:05.418Z,gpu-3uwoq-6g3ya-1,dcgm,gpu0,gpu_util,0
2026-09-30T06:47:05.418Z,gpu-3uwoq-6g3ya-1,dcgm,gpu1,gpu_util,0
2026-09-30T06:47:05.418Z,gpu-3uwoq-6g3ya-1,dcgm,gpu2,nvlink_bandwidth_total,0
2026-09-30T06:47:05.418Z,gpu-3uwoq-6g3ya-1,dcgm,gpu3,nvlink_bandwidth_total,0
2026-09-30T06:47:05.418Z,gpu-3uwoq-6g3ya-1,dcgm,gpu0,nvlink_bandwidth_total,0
2026-09-30T06:47:05.418Z,gpu-3uwoq-6g3ya-1,dcgm,gpu1,nvlink_bandwidth_total,0
2026-09-30T06:47:05.418Z,gpu-3uwoq-6g3ya-1,dcgm,gpu2,power_w,222.82
2026-09-30T06:47:05.418Z,gpu-3uwoq-6g3ya-1,dcgm,gpu3,power_w,227.025
2026-09-30T06:47:05.418Z,gpu-3uwoq-6g3ya-1,dcgm,gpu0,power_w,230.256
2026-09-30T06:47:05.418Z,gpu-3uwoq-6g3ya-1,dcgm,gpu1,power_w,226.594
2026-09-30T06:47:05.418Z,gpu-3uwoq-6g3ya-1,dcgm,gpu2,sm_clock_mhz,2070
2026-09-30T06:47:05.418Z,gpu-3uwoq-6g3ya-1,dcgm,gpu3,sm_clock_mhz,2070
2026-09-30T06:47:05.418Z,gpu-3uwoq-6g3ya-1,dcgm,gpu0,sm_clock_mhz,2070
2026-09-30T06:47:05.418Z,gpu-3uwoq-6g3ya-1,dcgm,gpu1,sm_clock_mhz,2070
2026-09-30T06:47:05.418Z,gpu-3uwoq-6g3ya-1,dcgm,gpu2,dram_active,0
2026-09-30T06:47:05.418Z,gpu-3uwoq-6g3ya-1,dcgm,gpu3,dram_active,0
2026-09-30T06:47:05.418Z,gpu-3uwoq-6g3ya-1,dcgm,gpu0,dram_active,0
2026-09-30T06:47:05.418Z,gpu-3uwoq-6g3ya-1,dcgm,gpu1,dram_active,0
2026-09-30T06:47:05.418Z,gpu-3uwoq-6g3ya-1,dcgm,gpu2,pcie_rx_bytes,25997
2026-09-30T06:47:05.418Z,gpu-3uwoq-6g3ya-1,dcgm,gpu3,pcie_rx_bytes,26171
2026-09-30T06:47:05.418Z,gpu-3uwoq-6g3ya-1,dcgm,gpu0,pcie_rx_bytes,21016
2026-09-30T06:47:05.418Z,gpu-3uwoq-6g3ya-1,dcgm,gpu1,pcie_rx_bytes,20964
2026-09-30T06:47:05.418Z,gpu-3uwoq-6g3ya-1,dcgm,gpu2,pcie_tx_bytes,25543
2026-09-30T06:47:05.418Z,gpu-3uwoq-6g3ya-1,dcgm,gpu3,pcie_tx_bytes,25735
2026-09-30T06:47:05.418Z,gpu-3uwoq-6g3ya-1,dcgm,gpu0,pcie_tx_bytes,20578
2026-09-30T06:47:05.418Z,gpu-3uwoq-6g3ya-1,dcgm,gpu1,pcie_tx_bytes,20510
2026-09-30T06:47:05.418Z,gpu-3uwoq-6g3ya-1,dcgm,gpu2,tensor_active,0
2026-09-30T06:47:05.418Z,gpu-3uwoq-6g3ya-1,dcgm,gpu3,tensor_active,0
2026-09-30T06:47:05.418Z,gpu-3uwoq-6g3ya-1,dcgm,gpu0,tensor_active,0
2026-09-30T06:47:05.418Z,gpu-3uwoq-6g3ya-1,dcgm,gpu1,tensor_active,0
2026-09-30T06:47:05.418Z,gpu-3uwoq-6g3ya-1,dcgm,gpu2,sm_active,0
2026-09-30T06:47:05.418Z,gpu-3uwoq-6g3ya-1,dcgm,gpu3,sm_active,0
2026-09-30T06:47:05.418Z,gpu-3uwoq-6g3ya-1,dcgm,gpu0,sm_active,0
2026-09-30T06:47:05.418Z,gpu-3uwoq-6g3ya-1,dcgm,gpu1,sm_active,0
2026-09-30T06:47:05.418Z,gpu-3uwoq-6g3ya-1,nvlink,gpu0,nvlink_rx_bytes,1.02469e+13
2026-09-30T06:47:05.418Z,gpu-3uwoq-6g3ya-1,nvlink,gpu0,nvlink_tx_bytes,1.02513e+13
2026-09-30T06:47:05.418Z,gpu-3uwoq-6g3ya-1,nvlink,gpu1,nvlink_rx_bytes,1.04013e+13
2026-09-30T06:47:05.418Z,gpu-3uwoq-6g3ya-1,nvlink,gpu1,nvlink_tx_bytes,1.04042e+13
2026-09-30T06:47:05.418Z,gpu-3uwoq-6g3ya-1,nvlink,gpu2,nvlink_rx_bytes,1.02695e+13
2026-09-30T06:47:05.418Z,gpu-3uwoq-6g3ya-1,nvlink,gpu2,nvlink_tx_bytes,1.02732e+13
2026-09-30T06:47:05.418Z,gpu-3uwoq-6g3ya-1,nvlink,gpu3,nvlink_rx_bytes,1.0219e+13
2026-09-30T06:47:05.418Z,gpu-3uwoq-6g3ya-1,nvlink,gpu3,nvlink_tx_bytes,1.0222e+13
2026-09-30T06:47:06.418Z,gpu-3uwoq-6g3ya-1,ib_counter,rdma_vf_rail0,port_xmit_data,4.05431e+12
2026-09-30T06:47:06.418Z,gpu-3uwoq-6g3ya-1,ib_counter,rdma_vf_rail0,port_rcv_data,2.08688e+12
2026-09-30T06:47:06.418Z,gpu-3uwoq-6g3ya-1,ib_counter,rdma_vf_rail0,port_xmit_packets,1.09514e+09
2026-09-30T06:47:06.418Z,gpu-3uwoq-6g3ya-1,ib_counter,rdma_vf_rail0,port_rcv_packets,7.30222e+08
2026-09-30T06:47:06.418Z,gpu-3uwoq-6g3ya-1,ib_counter,rdma_vf_rail0,port_xmit_wait,0
2026-09-30T06:47:06.418Z,gpu-3uwoq-6g3ya-1,ib_counter,rdma_vf_rail0,port_rcv_errors,0
2026-09-30T06:47:06.418Z,gpu-3uwoq-6g3ya-1,ib_counter,rdma_vf_rail0,port_xmit_discards,0
2026-09-30T06:47:06.418Z,gpu-3uwoq-6g3ya-1,ib_counter,rdma_vf_rail0,link_downed,0
2026-09-30T06:47:06.418Z,gpu-3uwoq-6g3ya-1,ib_hw_counter,rdma_vf_rail0,out_of_sequence,0
2026-09-30T06:47:06.418Z,gpu-3uwoq-6g3ya-1,ib_hw_counter,rdma_vf_rail0,packet_seq_err,8
2026-09-30T06:47:06.418Z,gpu-3uwoq-6g3ya-1,ib_hw_counter,rdma_vf_rail0,local_ack_timeout_err,0
2026-09-30T06:47:06.418Z,gpu-3uwoq-6g3ya-1,ib_hw_counter,rdma_vf_rail0,rx_write_requests,4.44406e+08
2026-09-30T06:47:06.418Z,gpu-3uwoq-6g3ya-1,ib_hw_counter,rdma_vf_rail0,rx_read_requests,8.83833e+06
2026-09-30T06:47:06.418Z,gpu-3uwoq-6g3ya-1,ib_hw_counter,rdma_vf_rail0,req_cqe_error,0
2026-09-30T06:47:06.418Z,gpu-3uwoq-6g3ya-1,ib_hw_counter,rdma_vf_rail0,resp_cqe_error,0
2026-09-30T06:47:06.418Z,gpu-3uwoq-6g3ya-1,ib_hw_counter,rdma_vf_rail0,implied_nak_seq_err,0
2026-09-30T06:47:06.418Z,gpu-3uwoq-6g3ya-1,ib_hw_counter,rdma_vf_rail0,duplicate_request,0
2026-09-30T06:47:06.418Z,gpu-3uwoq-6g3ya-1,ib_counter,rdma_vf_rail1,port_xmit_data,3.94677e+12
2026-09-30T06:47:06.418Z,gpu-3uwoq-6g3ya-1,ib_counter,rdma_vf_rail1,port_rcv_data,1.97875e+12
2026-09-30T06:47:06.418Z,gpu-3uwoq-6g3ya-1,ib_counter,rdma_vf_rail1,port_xmit_packets,1.06896e+09
2026-09-30T06:47:06.418Z,gpu-3uwoq-6g3ya-1,ib_counter,rdma_vf_rail1,port_rcv_packets,6.99145e+08
2026-09-30T06:47:06.418Z,gpu-3uwoq-6g3ya-1,ib_counter,rdma_vf_rail1,port_xmit_wait,0
2026-09-30T06:47:06.418Z,gpu-3uwoq-6g3ya-1,ib_counter,rdma_vf_rail1,port_rcv_errors,0
2026-09-30T06:47:06.418Z,gpu-3uwoq-6g3ya-1,ib_counter,rdma_vf_rail1,port_xmit_discards,0
2026-09-30T06:47:06.418Z,gpu-3uwoq-6g3ya-1,ib_counter,rdma_vf_rail1,link_downed,0
2026-09-30T06:47:06.418Z,gpu-3uwoq-6g3ya-1,ib_hw_counter,rdma_vf_rail1,out_of_sequence,0
2026-09-30T06:47:06.418Z,gpu-3uwoq-6g3ya-1,ib_hw_counter,rdma_vf_rail1,packet_seq_err,8
2026-09-30T06:47:06.418Z,gpu-3uwoq-6g3ya-1,ib_hw_counter,rdma_vf_rail1,local_ack_timeout_err,0
2026-09-30T06:47:06.418Z,gpu-3uwoq-6g3ya-1,ib_hw_counter,rdma_vf_rail1,rx_write_requests,4.42808e+08
2026-09-30T06:47:06.418Z,gpu-3uwoq-6g3ya-1,ib_hw_counter,rdma_vf_rail1,rx_read_requests,8.03731e+06
2026-09-30T06:47:06.418Z,gpu-3uwoq-6g3ya-1,ib_hw_counter,rdma_vf_rail1,req_cqe_error,0
2026-09-30T06:47:06.418Z,gpu-3uwoq-6g3ya-1,ib_hw_counter,rdma_vf_rail1,resp_cqe_error,0
2026-09-30T06:47:06.418Z,gpu-3uwoq-6g3ya-1,ib_hw_counter,rdma_vf_rail1,implied_nak_seq_err,0
2026-09-30T06:47:06.418Z,gpu-3uwoq-6g3ya-1,ib_hw_counter,rdma_vf_rail1,duplicate_request,0
2026-09-30T06:47:06.418Z,gpu-3uwoq-6g3ya-1,ib_counter,rdma_vf_rail2,port_xmit_data,3.91927e+12
2026-09-30T06:47:06.418Z,gpu-3uwoq-6g3ya-1,ib_counter,rdma_vf_rail2,port_rcv_data,1.95098e+12
2026-09-30T06:47:06.418Z,gpu-3uwoq-6g3ya-1,ib_counter,rdma_vf_rail2,port_xmit_packets,1.0544e+09
2026-09-30T06:47:06.418Z,gpu-3uwoq-6g3ya-1,ib_counter,rdma_vf_rail2,port_rcv_packets,6.80094e+08
2026-09-30T06:47:06.418Z,gpu-3uwoq-6g3ya-1,ib_counter,rdma_vf_rail2,port_xmit_wait,0
2026-09-30T06:47:06.418Z,gpu-3uwoq-6g3ya-1,ib_counter,rdma_vf_rail2,port_rcv_errors,0
2026-09-30T06:47:06.418Z,gpu-3uwoq-6g3ya-1,ib_counter,rdma_vf_rail2,port_xmit_discards,0
2026-09-30T06:47:06.418Z,gpu-3uwoq-6g3ya-1,ib_counter,rdma_vf_rail2,link_downed,0
2026-09-30T06:47:06.418Z,gpu-3uwoq-6g3ya-1,ib_hw_counter,rdma_vf_rail2,out_of_sequence,0
2026-09-30T06:47:06.418Z,gpu-3uwoq-6g3ya-1,ib_hw_counter,rdma_vf_rail2,packet_seq_err,7
2026-09-30T06:47:06.418Z,gpu-3uwoq-6g3ya-1,ib_hw_counter,rdma_vf_rail2,local_ack_timeout_err,0
2026-09-30T06:47:06.418Z,gpu-3uwoq-6g3ya-1,ib_hw_counter,rdma_vf_rail2,rx_write_requests,4.42381e+08
2026-09-30T06:47:06.418Z,gpu-3uwoq-6g3ya-1,ib_hw_counter,rdma_vf_rail2,rx_read_requests,7.82969e+06
2026-09-30T06:47:06.418Z,gpu-3uwoq-6g3ya-1,ib_hw_counter,rdma_vf_rail2,req_cqe_error,0
2026-09-30T06:47:06.418Z,gpu-3uwoq-6g3ya-1,ib_hw_counter,rdma_vf_rail2,resp_cqe_error,0
2026-09-30T06:47:06.418Z,gpu-3uwoq-6g3ya-1,ib_hw_counter,rdma_vf_rail2,implied_nak_seq_err,0
2026-09-30T06:47:06.418Z,gpu-3uwoq-6g3ya-1,ib_hw_counter,rdma_vf_rail2,duplicate_request,0
2026-09-30T06:47:06.418Z,gpu-3uwoq-6g3ya-1,ib_counter,rdma_vf_rail3,port_xmit_data,3.91953e+12
2026-09-30T06:47:06.418Z,gpu-3uwoq-6g3ya-1,ib_counter,rdma_vf_rail3,port_rcv_data,1.95074e+12
2026-09-30T06:47:06.418Z,gpu-3uwoq-6g3ya-1,ib_counter,rdma_vf_rail3,port_xmit_packets,1.05518e+09
2026-09-30T06:47:06.418Z,gpu-3uwoq-6g3ya-1,ib_counter,rdma_vf_rail3,port_rcv_packets,6.76919e+08
2026-09-30T06:47:06.418Z,gpu-3uwoq-6g3ya-1,ib_counter,rdma_vf_rail3,port_xmit_wait,0
2026-09-30T06:47:06.418Z,gpu-3uwoq-6g3ya-1,ib_counter,rdma_vf_rail3,port_rcv_errors,0
2026-09-30T06:47:06.418Z,gpu-3uwoq-6g3ya-1,ib_counter,rdma_vf_rail3,port_xmit_discards,0
2026-09-30T06:47:06.418Z,gpu-3uwoq-6g3ya-1,ib_counter,rdma_vf_rail3,link_downed,0
2026-09-30T06:47:06.418Z,gpu-3uwoq-6g3ya-1,ib_hw_counter,rdma_vf_rail3,out_of_sequence,1
2026-09-30T06:47:06.418Z,gpu-3uwoq-6g3ya-1,ib_hw_counter,rdma_vf_rail3,packet_seq_err,7
2026-09-30T06:47:06.418Z,gpu-3uwoq-6g3ya-1,ib_hw_counter,rdma_vf_rail3,local_ack_timeout_err,0
2026-09-30T06:47:06.418Z,gpu-3uwoq-6g3ya-1,ib_hw_counter,rdma_vf_rail3,rx_write_requests,4.42381e+08
2026-09-30T06:47:06.418Z,gpu-3uwoq-6g3ya-1,ib_hw_counter,rdma_vf_rail3,rx_read_requests,7.82969e+06
2026-09-30T06:47:06.418Z,gpu-3uwoq-6g3ya-1,ib_hw_counter,rdma_vf_rail3,req_cqe_error,0
2026-09-30T06:47:06.418Z,gpu-3uwoq-6g3ya-1,ib_hw_counter,rdma_vf_rail3,resp_cqe_error,0
2026-09-30T06:47:06.418Z,gpu-3uwoq-6g3ya-1,ib_hw_counter,rdma_vf_rail3,implied_nak_seq_err,0
2026-09-30T06:47:06.418Z,gpu-3uwoq-6g3ya-1,ib_hw_counter,rdma_vf_rail3,duplicate_request,0
2026-09-30T06:47:06.418Z,gpu-3uwoq-6g3ya-1,dcgm,gpu2,gpu_util,0
2026-09-30T06:47:06.418Z,gpu-3uwoq-6g3ya-1,dcgm,gpu3,gpu_util,0
2026-09-30T06:47:06.418Z,gpu-3uwoq-6g3ya-1,dcgm,gpu0,gpu_util,0
2026-09-30T06:47:06.418Z,gpu-3uwoq-6g3ya-1,dcgm,gpu1,gpu_util,0
2026-09-30T06:47:06.418Z,gpu-3uwoq-6g3ya-1,dcgm,gpu2,nvlink_bandwidth_total,0
2026-09-30T06:47:06.418Z,gpu-3uwoq-6g3ya-1,dcgm,gpu3,nvlink_bandwidth_total,0
2026-09-30T06:47:06.418Z,gpu-3uwoq-6g3ya-1,dcgm,gpu0,nvlink_bandwidth_total,0
2026-09-30T06:47:06.418Z,gpu-3uwoq-6g3ya-1,dcgm,gpu1,nvlink_bandwidth_total,0
2026-09-30T06:47:06.418Z,gpu-3uwoq-6g3ya-1,dcgm,gpu2,power_w,222.82
2026-09-30T06:47:06.418Z,gpu-3uwoq-6g3ya-1,dcgm,gpu3,power_w,227.025
2026-09-30T06:47:06.418Z,gpu-3uwoq-6g3ya-1,dcgm,gpu0,power_w,230.256
2026-09-30T06:47:06.418Z,gpu-3uwoq-6g3ya-1,dcgm,gpu1,power_w,226.594
2026-09-30T06:47:06.418Z,gpu-3uwoq-6g3ya-1,dcgm,gpu2,sm_clock_mhz,2070
2026-09-30T06:47:06.418Z,gpu-3uwoq-6g3ya-1,dcgm,gpu3,sm_clock_mhz,2070
2026-09-30T06:47:06.418Z,gpu-3uwoq-6g3ya-1,dcgm,gpu0,sm_clock_mhz,2070
2026-09-30T06:47:06.418Z,gpu-3uwoq-6g3ya-1,dcgm,gpu1,sm_clock_mhz,2070
2026-09-30T06:47:06.418Z,gpu-3uwoq-6g3ya-1,dcgm,gpu2,dram_active,0
2026-09-30T06:47:06.418Z,gpu-3uwoq-6g3ya-1,dcgm,gpu3,dram_active,0
2026-09-30T06:47:06.418Z,gpu-3uwoq-6g3ya-1,dcgm,gpu0,dram_active,0
2026-09-30T06:47:06.418Z,gpu-3uwoq-6g3ya-1,dcgm,gpu1,dram_active,0
2026-09-30T06:47:06.418Z,gpu-3uwoq-6g3ya-1,dcgm,gpu2,pcie_rx_bytes,25997
2026-09-30T06:47:06.418Z,gpu-3uwoq-6g3ya-1,dcgm,gpu3,pcie_rx_bytes,26171
2026-09-30T06:47:06.418Z,gpu-3uwoq-6g3ya-1,dcgm,gpu0,pcie_rx_bytes,21016
2026-09-30T06:47:06.418Z,gpu-3uwoq-6g3ya-1,dcgm,gpu1,pcie_rx_bytes,20964
2026-09-30T06:47:06.418Z,gpu-3uwoq-6g3ya-1,dcgm,gpu2,pcie_tx_bytes,25543
2026-09-30T06:47:06.418Z,gpu-3uwoq-6g3ya-1,dcgm,gpu3,pcie_tx_bytes,25735
2026-09-30T06:47:06.418Z,gpu-3uwoq-6g3ya-1,dcgm,gpu0,pcie_tx_bytes,20578
2026-09-30T06:47:06.418Z,gpu-3uwoq-6g3ya-1,dcgm,gpu1,pcie_tx_bytes,20510
2026-09-30T06:47:06.418Z,gpu-3uwoq-6g3ya-1,dcgm,gpu2,tensor_active,0
2026-09-30T06:47:06.418Z,gpu-3uwoq-6g3ya-1,dcgm,gpu3,tensor_active,0
2026-09-30T06:47:06.418Z,gpu-3uwoq-6g3ya-1,dcgm,gpu0,tensor_active,0
2026-09-30T06:47:06.418Z,gpu-3uwoq-6g3ya-1,dcgm,gpu1,tensor_active,0
2026-09-30T06:47:06.418Z,gpu-3uwoq-6g3ya-1,dcgm,gpu2,sm_active,0
2026-09-30T06:47:06.418Z,gpu-3uwoq-6g3ya-1,dcgm,gpu3,sm_active,0
2026-09-30T06:47:06.418Z,gpu-3uwoq-6g3ya-1,dcgm,gpu0,sm_active,0
2026-09-30T06:47:06.418Z,gpu-3uwoq-6g3ya-1,dcgm,gpu1,sm_active,0
2026-09-30T06:47:06.418Z,gpu-3uwoq-6g3ya-1,nvlink,gpu0,nvlink_rx_bytes,1.02469e+13
2026-09-30T06:47:06.418Z,gpu-3uwoq-6g3ya-1,nvlink,gpu0,nvlink_tx_bytes,1.02513e+13
2026-09-30T06:47:06.418Z,gpu-3uwoq-6g3ya-1,nvlink,gpu1,nvlink_rx_bytes,1.04013e+13
2026-09-30T06:47:06.418Z,gpu-3uwoq-6g3ya-1,nvlink,gpu1,nvlink_tx_bytes,1.04042e+13
2026-09-30T06:47:06.418Z,gpu-3uwoq-6g3ya-1,nvlink,gpu2,nvlink_rx_bytes,1.02695e+13
2026-09-30T06:47:06.418Z,gpu-3uwoq-6g3ya-1,nvlink,gpu2,nvlink_tx_bytes,1.02732e+13
2026-09-30T06:47:06.418Z,gpu-3uwoq-6g3ya-1,nvlink,gpu3,nvlink_rx_bytes,1.0219e+13
2026-09-30T06:47:06.418Z,gpu-3uwoq-6g3ya-1,nvlink,gpu3,nvlink_tx_bytes,1.0222e+13
2026-09-30T06:47:07.418Z,gpu-3uwoq-6g3ya-1,ib_counter,rdma_vf_rail0,port_xmit_data,4.05431e+12
2026-09-30T06:47:07.418Z,gpu-3uwoq-6g3ya-1,ib_counter,rdma_vf_rail0,port_rcv_data,2.08688e+12
2026-09-30T06:47:07.418Z,gpu-3uwoq-6g3ya-1,ib_counter,rdma_vf_rail0,port_xmit_packets,1.09514e+09
2026-09-30T06:47:07.418Z,gpu-3uwoq-6g3ya-1,ib_counter,rdma_vf_rail0,port_rcv_packets,7.30222e+08
2026-09-30T06:47:07.418Z,gpu-3uwoq-6g3ya-1,ib_counter,rdma_vf_rail0,port_xmit_wait,0
2026-09-30T06:47:07.418Z,gpu-3uwoq-6g3ya-1,ib_counter,rdma_vf_rail0,port_rcv_errors,0
2026-09-30T06:47:07.418Z,gpu-3uwoq-6g3ya-1,ib_counter,rdma_vf_rail0,port_xmit_discards,0
2026-09-30T06:47:07.418Z,gpu-3uwoq-6g3ya-1,ib_counter,rdma_vf_rail0,link_downed,0
2026-09-30T06:47:07.418Z,gpu-3uwoq-6g3ya-1,ib_hw_counter,rdma_vf_rail0,out_of_sequence,0
2026-09-30T06:47:07.418Z,gpu-3uwoq-6g3ya-1,ib_hw_counter,rdma_vf_rail0,packet_seq_err,8
2026-09-30T06:47:07.418Z,gpu-3uwoq-6g3ya-1,ib_hw_counter,rdma_vf_rail0,local_ack_timeout_err,0
2026-09-30T06:47:07.418Z,gpu-3uwoq-6g3ya-1,ib_hw_counter,rdma_vf_rail0,rx_write_requests,4.44406e+08
2026-09-30T06:47:07.418Z,gpu-3uwoq-6g3ya-1,ib_hw_counter,rdma_vf_rail0,rx_read_requests,8.83833e+06
2026-09-30T06:47:07.418Z,gpu-3uwoq-6g3ya-1,ib_hw_counter,rdma_vf_rail0,req_cqe_error,0
2026-09-30T06:47:07.418Z,gpu-3uwoq-6g3ya-1,ib_hw_counter,rdma_vf_rail0,resp_cqe_error,0
2026-09-30T06:47:07.418Z,gpu-3uwoq-6g3ya-1,ib_hw_counter,rdma_vf_rail0,implied_nak_seq_err,0
2026-09-30T06:47:07.418Z,gpu-3uwoq-6g3ya-1,ib_hw_counter,rdma_vf_rail0,duplicate_request,0
2026-09-30T06:47:07.418Z,gpu-3uwoq-6g3ya-1,ib_counter,rdma_vf_rail1,port_xmit_data,3.94677e+12
2026-09-30T06:47:07.418Z,gpu-3uwoq-6g3ya-1,ib_counter,rdma_vf_rail1,port_rcv_data,1.97875e+12
2026-09-30T06:47:07.418Z,gpu-3uwoq-6g3ya-1,ib_counter,rdma_vf_rail1,port_xmit_packets,1.06896e+09
2026-09-30T06:47:07.418Z,gpu-3uwoq-6g3ya-1,ib_counter,rdma_vf_rail1,port_rcv_packets,6.99145e+08
2026-09-30T06:47:07.418Z,gpu-3uwoq-6g3ya-1,ib_counter,rdma_vf_rail1,port_xmit_wait,0
2026-09-30T06:47:07.418Z,gpu-3uwoq-6g3ya-1,ib_counter,rdma_vf_rail1,port_rcv_errors,0
2026-09-30T06:47:07.418Z,gpu-3uwoq-6g3ya-1,ib_counter,rdma_vf_rail1,port_xmit_discards,0
2026-09-30T06:47:07.418Z,gpu-3uwoq-6g3ya-1,ib_counter,rdma_vf_rail1,link_downed,0
2026-09-30T06:47:07.418Z,gpu-3uwoq-6g3ya-1,ib_hw_counter,rdma_vf_rail1,out_of_sequence,0
2026-09-30T06:47:07.418Z,gpu-3uwoq-6g3ya-1,ib_hw_counter,rdma_vf_rail1,packet_seq_err,8
2026-09-30T06:47:07.418Z,gpu-3uwoq-6g3ya-1,ib_hw_counter,rdma_vf_rail1,local_ack_timeout_err,0
2026-09-30T06:47:07.418Z,gpu-3uwoq-6g3ya-1,ib_hw_counter,rdma_vf_rail1,rx_write_requests,4.42808e+08
2026-09-30T06:47:07.418Z,gpu-3uwoq-6g3ya-1,ib_hw_counter,rdma_vf_rail1,rx_read_requests,8.03731e+06
2026-09-30T06:47:07.418Z,gpu-3uwoq-6g3ya-1,ib_hw_counter,rdma_vf_rail1,req_cqe_error,0
2026-09-30T06:47:07.418Z,gpu-3uwoq-6g3ya-1,ib_hw_counter,rdma_vf_rail1,resp_cqe_error,0
2026-09-30T06:47:07.418Z,gpu-3uwoq-6g3ya-1,ib_hw_counter,rdma_vf_rail1,implied_nak_seq_err,0
2026-09-30T06:47:07.418Z,gpu-3uwoq-6g3ya-1,ib_hw_counter,rdma_vf_rail1,duplicate_request,0
2026-09-30T06:47:07.418Z,gpu-3uwoq-6g3ya-1,ib_counter,rdma_vf_rail2,port_xmit_data,3.91927e+12
2026-09-30T06:47:07.418Z,gpu-3uwoq-6g3ya-1,ib_counter,rdma_vf_rail2,port_rcv_data,1.95098e+12
2026-09-30T06:47:07.418Z,gpu-3uwoq-6g3ya-1,ib_counter,rdma_vf_rail2,port_xmit_packets,1.0544e+09
2026-09-30T06:47:07.418Z,gpu-3uwoq-6g3ya-1,ib_counter,rdma_vf_rail2,port_rcv_packets,6.80094e+08
2026-09-30T06:47:07.418Z,gpu-3uwoq-6g3ya-1,ib_counter,rdma_vf_rail2,port_xmit_wait,0
2026-09-30T06:47:07.418Z,gpu-3uwoq-6g3ya-1,ib_counter,rdma_vf_rail2,port_rcv_errors,0
2026-09-30T06:47:07.418Z,gpu-3uwoq-6g3ya-1,ib_counter,rdma_vf_rail2,port_xmit_discards,0
2026-09-30T06:47:07.418Z,gpu-3uwoq-6g3ya-1,ib_counter,rdma_vf_rail2,link_downed,0
2026-09-30T06:47:07.418Z,gpu-3uwoq-6g3ya-1,ib_hw_counter,rdma_vf_rail2,out_of_sequence,0
2026-09-30T06:47:07.418Z,gpu-3uwoq-6g3ya-1,ib_hw_counter,rdma_vf_rail2,packet_seq_err,7
2026-09-30T06:47:07.418Z,gpu-3uwoq-6g3ya-1,ib_hw_counter,rdma_vf_rail2,local_ack_timeout_err,0
2026-09-30T06:47:07.418Z,gpu-3uwoq-6g3ya-1,ib_hw_counter,rdma_vf_rail2,rx_write_requests,4.42381e+08
2026-09-30T06:47:07.418Z,gpu-3uwoq-6g3ya-1,ib_hw_counter,rdma_vf_rail2,rx_read_requests,7.82969e+06
2026-09-30T06:47:07.418Z,gpu-3uwoq-6g3ya-1,ib_hw_counter,rdma_vf_rail2,req_cqe_error,0
2026-09-30T06:47:07.418Z,gpu-3uwoq-6g3ya-1,ib_hw_counter,rdma_vf_rail2,resp_cqe_error,0
2026-09-30T06:47:07.418Z,gpu-3uwoq-6g3ya-1,ib_hw_counter,rdma_vf_rail2,implied_nak_seq_err,0
2026-09-30T06:47:07.418Z,gpu-3uwoq-6g3ya-1,ib_hw_counter,rdma_vf_rail2,duplicate_request,0
2026-09-30T06:47:07.418Z,gpu-3uwoq-6g3ya-1,ib_counter,rdma_vf_rail3,port_xmit_data,3.91953e+12
2026-09-30T06:47:07.418Z,gpu-3uwoq-6g3ya-1,ib_counter,rdma_vf_rail3,port_rcv_data,1.95074e+12
2026-09-30T06:47:07.418Z,gpu-3uwoq-6g3ya-1,ib_counter,rdma_vf_rail3,port_xmit_packets,1.05518e+09
2026-09-30T06:47:07.418Z,gpu-3uwoq-6g3ya-1,ib_counter,rdma_vf_rail3,port_rcv_packets,6.76919e+08
2026-09-30T06:47:07.418Z,gpu-3uwoq-6g3ya-1,ib_counter,rdma_vf_rail3,port_xmit_wait,0
2026-09-30T06:47:07.418Z,gpu-3uwoq-6g3ya-1,ib_counter,rdma_vf_rail3,port_rcv_errors,0
2026-09-30T06:47:07.418Z,gpu-3uwoq-6g3ya-1,ib_counter,rdma_vf_rail3,port_xmit_discards,0
2026-09-30T06:47:07.418Z,gpu-3uwoq-6g3ya-1,ib_counter,rdma_vf_rail3,link_downed,0
2026-09-30T06:47:07.418Z,gpu-3uwoq-6g3ya-1,ib_hw_counter,rdma_vf_rail3,out_of_sequence,1
2026-09-30T06:47:07.418Z,gpu-3uwoq-6g3ya-1,ib_hw_counter,rdma_vf_rail3,packet_seq_err,7
2026-09-30T06:47:07.418Z,gpu-3uwoq-6g3ya-1,ib_hw_counter,rdma_vf_rail3,local_ack_timeout_err,0
2026-09-30T06:47:07.418Z,gpu-3uwoq-6g3ya-1,ib_hw_counter,rdma_vf_rail3,rx_write_requests,4.42381e+08
2026-09-30T06:47:07.418Z,gpu-3uwoq-6g3ya-1,ib_hw_counter,rdma_vf_rail3,rx_read_requests,7.82969e+06
2026-09-30T06:47:07.418Z,gpu-3uwoq-6g3ya-1,ib_hw_counter,rdma_vf_rail3,req_cqe_error,0
2026-09-30T06:47:07.418Z,gpu-3uwoq-6g3ya-1,ib_hw_counter,rdma_vf_rail3,resp_cqe_error,0
2026-09-30T06:47:07.418Z,gpu-3uwoq-6g3ya-1,ib_hw_counter,rdma_vf_rail3,implied_nak_seq_err,0
2026-09-30T06:47:07.418Z,gpu-3uwoq-6g3ya-1,ib_hw_counter,rdma_vf_rail3,duplicate_request,0
2026-09-30T06:47:07.418Z,gpu-3uwoq-6g3ya-1,dcgm,gpu2,gpu_util,0
2026-09-30T06:47:07.418Z,gpu-3uwoq-6g3ya-1,dcgm,gpu3,gpu_util,0
2026-09-30T06:47:07.418Z,gpu-3uwoq-6g3ya-1,dcgm,gpu0,gpu_util,0
2026-09-30T06:47:07.418Z,gpu-3uwoq-6g3ya-1,dcgm,gpu1,gpu_util,0
2026-09-30T06:47:07.418Z,gpu-3uwoq-6g3ya-1,dcgm,gpu2,nvlink_bandwidth_total,0
2026-09-30T06:47:07.418Z,gpu-3uwoq-6g3ya-1,dcgm,gpu3,nvlink_bandwidth_total,0
2026-09-30T06:47:07.418Z,gpu-3uwoq-6g3ya-1,dcgm,gpu0,nvlink_bandwidth_total,0
2026-09-30T06:47:07.418Z,gpu-3uwoq-6g3ya-1,dcgm,gpu1,nvlink_bandwidth_total,0
2026-09-30T06:47:07.418Z,gpu-3uwoq-6g3ya-1,dcgm,gpu2,power_w,222.82
2026-09-30T06:47:07.418Z,gpu-3uwoq-6g3ya-1,dcgm,gpu3,power_w,227.025
2026-09-30T06:47:07.418Z,gpu-3uwoq-6g3ya-1,dcgm,gpu0,power_w,230.256
2026-09-30T06:47:07.418Z,gpu-3uwoq-6g3ya-1,dcgm,gpu1,power_w,226.594
2026-09-30T06:47:07.418Z,gpu-3uwoq-6g3ya-1,dcgm,gpu2,sm_clock_mhz,2070
2026-09-30T06:47:07.418Z,gpu-3uwoq-6g3ya-1,dcgm,gpu3,sm_clock_mhz,2070
2026-09-30T06:47:07.418Z,gpu-3uwoq-6g3ya-1,dcgm,gpu0,sm_clock_mhz,2070
2026-09-30T06:47:07.418Z,gpu-3uwoq-6g3ya-1,dcgm,gpu1,sm_clock_mhz,2070
2026-09-30T06:47:07.418Z,gpu-3uwoq-6g3ya-1,dcgm,gpu2,dram_active,0
2026-09-30T06:47:07.418Z,gpu-3uwoq-6g3ya-1,dcgm,gpu3,dram_active,0
2026-09-30T06:47:07.418Z,gpu-3uwoq-6g3ya-1,dcgm,gpu0,dram_active,0
2026-09-30T06:47:07.418Z,gpu-3uwoq-6g3ya-1,dcgm,gpu1,dram_active,0
2026-09-30T06:47:07.418Z,gpu-3uwoq-6g3ya-1,dcgm,gpu2,pcie_rx_bytes,25997
2026-09-30T06:47:07.418Z,gpu-3uwoq-6g3ya-1,dcgm,gpu3,pcie_rx_bytes,26171
2026-09-30T06:47:07.418Z,gpu-3uwoq-6g3ya-1,dcgm,gpu0,pcie_rx_bytes,21016
2026-09-30T06:47:07.418Z,gpu-3uwoq-6g3ya-1,dcgm,gpu1,pcie_rx_bytes,20964
2026-09-30T06:47:07.418Z,gpu-3uwoq-6g3ya-1,dcgm,gpu2,pcie_tx_bytes,25543
2026-09-30T06:47:07.418Z,gpu-3uwoq-6g3ya-1,dcgm,gpu3,pcie_tx_bytes,25735
2026-09-30T06:47:07.418Z,gpu-3uwoq-6g3ya-1,dcgm,gpu0,pcie_tx_bytes,20578
2026-09-30T06:47:07.418Z,gpu-3uwoq-6g3ya-1,dcgm,gpu1,pcie_tx_bytes,20510
2026-09-30T06:47:07.418Z,gpu-3uwoq-6g3ya-1,dcgm,gpu2,tensor_active,0
2026-09-30T06:47:07.418Z,gpu-3uwoq-6g3ya-1,dcgm,gpu3,tensor_active,0
2026-09-30T06:47:07.418Z,gpu-3uwoq-6g3ya-1,dcgm,gpu0,tensor_active,0
2026-09-30T06:47:07.418Z,gpu-3uwoq-6g3ya-1,dcgm,gpu1,tensor_active,0
2026-09-30T06:47:07.418Z,gpu-3uwoq-6g3ya-1,dcgm,gpu2,sm_active,0
2026-09-30T06:47:07.418Z,gpu-3uwoq-6g3ya-1,dcgm,gpu3,sm_active,0
2026-09-30T06:47:07.418Z,gpu-3uwoq-6g3ya-1,dcgm,gpu0,sm_active,0
2026-09-30T06:47:07.418Z,gpu-3uwoq-6g3ya-1,dcgm,gpu1,sm_active,0
2026-09-30T06:47:07.418Z,gpu-3uwoq-6g3ya-1,nvlink,gpu0,nvlink_rx_bytes,1.02469e+13
2026-09-30T06:47:07.418Z,gpu-3uwoq-6g3ya-1,nvlink,gpu0,nvlink_tx_bytes,1.02513e+13
2026-09-30T06:47:07.418Z,gpu-3uwoq-6g3ya-1,nvlink,gpu1,nvlink_rx_bytes,1.04013e+13
2026-09-30T06:47:07.418Z,gpu-3uwoq-6g3ya-1,nvlink,gpu1,nvlink_tx_bytes,1.04042e+13
2026-09-30T06:47:07.418Z,gpu-3uwoq-6g3ya-1,nvlink,gpu2,nvlink_rx_bytes,1.02695e+13
2026-09-30T06:47:07.418Z,gpu-3uwoq-6g3ya-1,nvlink,gpu2,nvlink_tx_bytes,1.02732e+13
2026-09-30T06:47:07.418Z,gpu-3uwoq-6g3ya-1,nvlink,gpu3,nvlink_rx_bytes,1.0219e+13
2026-09-30T06:47:07.418Z,gpu-3uwoq-6g3ya-1,nvlink,gpu3,nvlink_tx_bytes,1.0222e+13
2026-09-30T06:47:08.418Z,gpu-3uwoq-6g3ya-1,ib_counter,rdma_vf_rail0,port_xmit_data,4.05431e+12
2026-09-30T06:47:08.418Z,gpu-3uwoq-6g3ya-1,ib_counter,rdma_vf_rail0,port_rcv_data,2.08688e+12
2026-09-30T06:47:08.418Z,gpu-3uwoq-6g3ya-1,ib_counter,rdma_vf_rail0,port_xmit_packets,1.09514e+09
2026-09-30T06:47:08.418Z,gpu-3uwoq-6g3ya-1,ib_counter,rdma_vf_rail0,port_rcv_packets,7.30222e+08
2026-09-30T06:47:08.418Z,gpu-3uwoq-6g3ya-1,ib_counter,rdma_vf_rail0,port_xmit_wait,0
2026-09-30T06:47:08.418Z,gpu-3uwoq-6g3ya-1,ib_counter,rdma_vf_rail0,port_rcv_errors,0
2026-09-30T06:47:08.418Z,gpu-3uwoq-6g3ya-1,ib_counter,rdma_vf_rail0,port_xmit_discards,0
2026-09-30T06:47:08.418Z,gpu-3uwoq-6g3ya-1,ib_counter,rdma_vf_rail0,link_downed,0
2026-09-30T06:47:08.418Z,gpu-3uwoq-6g3ya-1,ib_hw_counter,rdma_vf_rail0,out_of_sequence,0
2026-09-30T06:47:08.418Z,gpu-3uwoq-6g3ya-1,ib_hw_counter,rdma_vf_rail0,packet_seq_err,8
2026-09-30T06:47:08.418Z,gpu-3uwoq-6g3ya-1,ib_hw_counter,rdma_vf_rail0,local_ack_timeout_err,0
2026-09-30T06:47:08.418Z,gpu-3uwoq-6g3ya-1,ib_hw_counter,rdma_vf_rail0,rx_write_requests,4.44406e+08
2026-09-30T06:47:08.418Z,gpu-3uwoq-6g3ya-1,ib_hw_counter,rdma_vf_rail0,rx_read_requests,8.83833e+06
2026-09-30T06:47:08.418Z,gpu-3uwoq-6g3ya-1,ib_hw_counter,rdma_vf_rail0,req_cqe_error,0
2026-09-30T06:47:08.418Z,gpu-3uwoq-6g3ya-1,ib_hw_counter,rdma_vf_rail0,resp_cqe_error,0
2026-09-30T06:47:08.418Z,gpu-3uwoq-6g3ya-1,ib_hw_counter,rdma_vf_rail0,implied_nak_seq_err,0
2026-09-30T06:47:08.418Z,gpu-3uwoq-6g3ya-1,ib_hw_counter,rdma_vf_rail0,duplicate_request,0
2026-09-30T06:47:08.418Z,gpu-3uwoq-6g3ya-1,ib_counter,rdma_vf_rail1,port_xmit_data,3.94677e+12
2026-09-30T06:47:08.418Z,gpu-3uwoq-6g3ya-1,ib_counter,rdma_vf_rail1,port_rcv_data,1.97875e+12
2026-09-30T06:47:08.418Z,gpu-3uwoq-6g3ya-1,ib_counter,rdma_vf_rail1,port_xmit_packets,1.06896e+09
2026-09-30T06:47:08.418Z,gpu-3uwoq-6g3ya-1,ib_counter,rdma_vf_rail1,port_rcv_packets,6.99145e+08
2026-09-30T06:47:08.418Z,gpu-3uwoq-6g3ya-1,ib_counter,rdma_vf_rail1,port_xmit_wait,0
2026-09-30T06:47:08.418Z,gpu-3uwoq-6g3ya-1,ib_counter,rdma_vf_rail1,port_rcv_errors,0
2026-09-30T06:47:08.418Z,gpu-3uwoq-6g3ya-1,ib_counter,rdma_vf_rail1,port_xmit_discards,0
2026-09-30T06:47:08.418Z,gpu-3uwoq-6g3ya-1,ib_counter,rdma_vf_rail1,link_downed,0
2026-09-30T06:47:08.418Z,gpu-3uwoq-6g3ya-1,ib_hw_counter,rdma_vf_rail1,out_of_sequence,0
2026-09-30T06:47:08.418Z,gpu-3uwoq-6g3ya-1,ib_hw_counter,rdma_vf_rail1,packet_seq_err,8
2026-09-30T06:47:08.418Z,gpu-3uwoq-6g3ya-1,ib_hw_counter,rdma_vf_rail1,local_ack_timeout_err,0
2026-09-30T06:47:08.418Z,gpu-3uwoq-6g3ya-1,ib_hw_counter,rdma_vf_rail1,rx_write_requests,4.42808e+08
2026-09-30T06:47:08.418Z,gpu-3uwoq-6g3ya-1,ib_hw_counter,rdma_vf_rail1,rx_read_requests,8.03731e+06
2026-09-30T06:47:08.418Z,gpu-3uwoq-6g3ya-1,ib_hw_counter,rdma_vf_rail1,req_cqe_error,0
2026-09-30T06:47:08.418Z,gpu-3uwoq-6g3ya-1,ib_hw_counter,rdma_vf_rail1,resp_cqe_error,0
2026-09-30T06:47:08.418Z,gpu-3uwoq-6g3ya-1,ib_hw_counter,rdma_vf_rail1,implied_nak_seq_err,0
2026-09-30T06:47:08.418Z,gpu-3uwoq-6g3ya-1,ib_hw_counter,rdma_vf_rail1,duplicate_request,0
2026-09-30T06:47:08.418Z,gpu-3uwoq-6g3ya-1,ib_counter,rdma_vf_rail2,port_xmit_data,3.91927e+12
2026-09-30T06:47:08.418Z,gpu-3uwoq-6g3ya-1,ib_counter,rdma_vf_rail2,port_rcv_data,1.95098e+12
2026-09-30T06:47:08.418Z,gpu-3uwoq-6g3ya-1,ib_counter,rdma_vf_rail2,port_xmit_packets,1.0544e+09
2026-09-30T06:47:08.418Z,gpu-3uwoq-6g3ya-1,ib_counter,rdma_vf_rail2,port_rcv_packets,6.80094e+08
2026-09-30T06:47:08.418Z,gpu-3uwoq-6g3ya-1,ib_counter,rdma_vf_rail2,port_xmit_wait,0
2026-09-30T06:47:08.418Z,gpu-3uwoq-6g3ya-1,ib_counter,rdma_vf_rail2,port_rcv_errors,0
2026-09-30T06:47:08.418Z,gpu-3uwoq-6g3ya-1,ib_counter,rdma_vf_rail2,port_xmit_discards,0
2026-09-30T06:47:08.418Z,gpu-3uwoq-6g3ya-1,ib_counter,rdma_vf_rail2,link_downed,0
2026-09-30T06:47:08.418Z,gpu-3uwoq-6g3ya-1,ib_hw_counter,rdma_vf_rail2,out_of_sequence,0
2026-09-30T06:47:08.418Z,gpu-3uwoq-6g3ya-1,ib_hw_counter,rdma_vf_rail2,packet_seq_err,7
2026-09-30T06:47:08.418Z,gpu-3uwoq-6g3ya-1,ib_hw_counter,rdma_vf_rail2,local_ack_timeout_err,0
2026-09-30T06:47:08.418Z,gpu-3uwoq-6g3ya-1,ib_hw_counter,rdma_vf_rail2,rx_write_requests,4.42381e+08
2026-09-30T06:47:08.418Z,gpu-3uwoq-6g3ya-1,ib_hw_counter,rdma_vf_rail2,rx_read_requests,7.82969e+06
2026-09-30T06:47:08.418Z,gpu-3uwoq-6g3ya-1,ib_hw_counter,rdma_vf_rail2,req_cqe_error,0
2026-09-30T06:47:08.418Z,gpu-3uwoq-6g3ya-1,ib_hw_counter,rdma_vf_rail2,resp_cqe_error,0
2026-09-30T06:47:08.418Z,gpu-3uwoq-6g3ya-1,ib_hw_counter,rdma_vf_rail2,implied_nak_seq_err,0
2026-09-30T06:47:08.418Z,gpu-3uwoq-6g3ya-1,ib_hw_counter,rdma_vf_rail2,duplicate_request,0
2026-09-30T06:47:08.418Z,gpu-3uwoq-6g3ya-1,ib_counter,rdma_vf_rail3,port_xmit_data,3.91953e+12
2026-09-30T06:47:08.418Z,gpu-3uwoq-6g3ya-1,ib_counter,rdma_vf_rail3,port_rcv_data,1.95074e+12
2026-09-30T06:47:08.418Z,gpu-3uwoq-6g3ya-1,ib_counter,rdma_vf_rail3,port_xmit_packets,1.05518e+09
2026-09-30T06:47:08.418Z,gpu-3uwoq-6g3ya-1,ib_counter,rdma_vf_rail3,port_rcv_packets,6.76919e+08
2026-09-30T06:47:08.418Z,gpu-3uwoq-6g3ya-1,ib_counter,rdma_vf_rail3,port_xmit_wait,0
2026-09-30T06:47:08.418Z,gpu-3uwoq-6g3ya-1,ib_counter,rdma_vf_rail3,port_rcv_errors,0
2026-09-30T06:47:08.418Z,gpu-3uwoq-6g3ya-1,ib_counter,rdma_vf_rail3,port_xmit_discards,0
2026-09-30T06:47:08.418Z,gpu-3uwoq-6g3ya-1,ib_counter,rdma_vf_rail3,link_downed,0
2026-09-30T06:47:08.418Z,gpu-3uwoq-6g3ya-1,ib_hw_counter,rdma_vf_rail3,out_of_sequence,1
2026-09-30T06:47:08.418Z,gpu-3uwoq-6g3ya-1,ib_hw_counter,rdma_vf_rail3,packet_seq_err,7
2026-09-30T06:47:08.418Z,gpu-3uwoq-6g3ya-1,ib_hw_counter,rdma_vf_rail3,local_ack_timeout_err,0
2026-09-30T06:47:08.418Z,gpu-3uwoq-6g3ya-1,ib_hw_counter,rdma_vf_rail3,rx_write_requests,4.42381e+08
2026-09-30T06:47:08.418Z,gpu-3uwoq-6g3ya-1,ib_hw_counter,rdma_vf_rail3,rx_read_requests,7.82969e+06
2026-09-30T06:47:08.418Z,gpu-3uwoq-6g3ya-1,ib_hw_counter,rdma_vf_rail3,req_cqe_error,0
2026-09-30T06:47:08.418Z,gpu-3uwoq-6g3ya-1,ib_hw_counter,rdma_vf_rail3,resp_cqe_error,0
2026-09-30T06:47:08.418Z,gpu-3uwoq-6g3ya-1,ib_hw_counter,rdma_vf_rail3,implied_nak_seq_err,0
2026-09-30T06:47:08.418Z,gpu-3uwoq-6g3ya-1,ib_hw_counter,rdma_vf_rail3,duplicate_request,0
2026-09-30T06:47:08.418Z,gpu-3uwoq-6g3ya-1,dcgm,gpu2,gpu_util,0
2026-09-30T06:47:08.418Z,gpu-3uwoq-6g3ya-1,dcgm,gpu3,gpu_util,0
2026-09-30T06:47:08.418Z,gpu-3uwoq-6g3ya-1,dcgm,gpu0,gpu_util,0
2026-09-30T06:47:08.418Z,gpu-3uwoq-6g3ya-1,dcgm,gpu1,gpu_util,0
2026-09-30T06:47:08.418Z,gpu-3uwoq-6g3ya-1,dcgm,gpu2,nvlink_bandwidth_total,0
2026-09-30T06:47:08.418Z,gpu-3uwoq-6g3ya-1,dcgm,gpu3,nvlink_bandwidth_total,0
2026-09-30T06:47:08.418Z,gpu-3uwoq-6g3ya-1,dcgm,gpu0,nvlink_bandwidth_total,0
2026-09-30T06:47:08.418Z,gpu-3uwoq-6g3ya-1,dcgm,gpu1,nvlink_bandwidth_total,0
2026-09-30T06:47:08.418Z,gpu-3uwoq-6g3ya-1,dcgm,gpu2,power_w,223.243
2026-09-30T06:47:08.418Z,gpu-3uwoq-6g3ya-1,dcgm,gpu3,power_w,227.099
2026-09-30T06:47:08.418Z,gpu-3uwoq-6g3ya-1,dcgm,gpu0,power_w,230.65
2026-09-30T06:47:08.418Z,gpu-3uwoq-6g3ya-1,dcgm,gpu1,power_w,228.565
2026-09-30T06:47:08.418Z,gpu-3uwoq-6g3ya-1,dcgm,gpu2,sm_clock_mhz,2070
2026-09-30T06:47:08.418Z,gpu-3uwoq-6g3ya-1,dcgm,gpu3,sm_clock_mhz,2070
2026-09-30T06:47:08.418Z,gpu-3uwoq-6g3ya-1,dcgm,gpu0,sm_clock_mhz,2070
2026-09-30T06:47:08.418Z,gpu-3uwoq-6g3ya-1,dcgm,gpu1,sm_clock_mhz,2070
2026-09-30T06:47:08.418Z,gpu-3uwoq-6g3ya-1,dcgm,gpu2,dram_active,0
2026-09-30T06:47:08.418Z,gpu-3uwoq-6g3ya-1,dcgm,gpu3,dram_active,0
2026-09-30T06:47:08.418Z,gpu-3uwoq-6g3ya-1,dcgm,gpu0,dram_active,0
2026-09-30T06:47:08.418Z,gpu-3uwoq-6g3ya-1,dcgm,gpu1,dram_active,0
2026-09-30T06:47:08.418Z,gpu-3uwoq-6g3ya-1,dcgm,gpu2,pcie_rx_bytes,100516
2026-09-30T06:47:08.418Z,gpu-3uwoq-6g3ya-1,dcgm,gpu3,pcie_rx_bytes,26171
2026-09-30T06:47:08.418Z,gpu-3uwoq-6g3ya-1,dcgm,gpu0,pcie_rx_bytes,99529
2026-09-30T06:47:08.418Z,gpu-3uwoq-6g3ya-1,dcgm,gpu1,pcie_rx_bytes,190359
2026-09-30T06:47:08.418Z,gpu-3uwoq-6g3ya-1,dcgm,gpu2,pcie_tx_bytes,94630
2026-09-30T06:47:08.418Z,gpu-3uwoq-6g3ya-1,dcgm,gpu3,pcie_tx_bytes,25735
2026-09-30T06:47:08.418Z,gpu-3uwoq-6g3ya-1,dcgm,gpu0,pcie_tx_bytes,93554
2026-09-30T06:47:08.418Z,gpu-3uwoq-6g3ya-1,dcgm,gpu1,pcie_tx_bytes,179832
2026-09-30T06:47:08.418Z,gpu-3uwoq-6g3ya-1,dcgm,gpu2,tensor_active,0
2026-09-30T06:47:08.418Z,gpu-3uwoq-6g3ya-1,dcgm,gpu3,tensor_active,0
2026-09-30T06:47:08.418Z,gpu-3uwoq-6g3ya-1,dcgm,gpu0,tensor_active,0
2026-09-30T06:47:08.418Z,gpu-3uwoq-6g3ya-1,dcgm,gpu1,tensor_active,0
2026-09-30T06:47:08.418Z,gpu-3uwoq-6g3ya-1,dcgm,gpu2,sm_active,0
2026-09-30T06:47:08.418Z,gpu-3uwoq-6g3ya-1,dcgm,gpu3,sm_active,0
2026-09-30T06:47:08.418Z,gpu-3uwoq-6g3ya-1,dcgm,gpu0,sm_active,0
2026-09-30T06:47:08.418Z,gpu-3uwoq-6g3ya-1,dcgm,gpu1,sm_active,0
2026-09-30T06:47:08.418Z,gpu-3uwoq-6g3ya-1,nvlink,gpu0,nvlink_rx_bytes,1.02469e+13
2026-09-30T06:47:08.418Z,gpu-3uwoq-6g3ya-1,nvlink,gpu0,nvlink_tx_bytes,1.02513e+13
2026-09-30T06:47:08.418Z,gpu-3uwoq-6g3ya-1,nvlink,gpu1,nvlink_rx_bytes,1.04013e+13
2026-09-30T06:47:08.418Z,gpu-3uwoq-6g3ya-1,nvlink,gpu1,nvlink_tx_bytes,1.04042e+13
2026-09-30T06:47:08.418Z,gpu-3uwoq-6g3ya-1,nvlink,gpu2,nvlink_rx_bytes,1.02695e+13
2026-09-30T06:47:08.418Z,gpu-3uwoq-6g3ya-1,nvlink,gpu2,nvlink_tx_bytes,1.02732e+13
2026-09-30T06:47:08.418Z,gpu-3uwoq-6g3ya-1,nvlink,gpu3,nvlink_rx_bytes,1.0219e+13
2026-09-30T06:47:08.418Z,gpu-3uwoq-6g3ya-1,nvlink,gpu3,nvlink_tx_bytes,1.0222e+13
2026-09-30T06:47:09.418Z,gpu-3uwoq-6g3ya-1,ib_counter,rdma_vf_rail0,port_xmit_data,4.05431e+12
2026-09-30T06:47:09.418Z,gpu-3uwoq-6g3ya-1,ib_counter,rdma_vf_rail0,port_rcv_data,2.08688e+12
2026-09-30T06:47:09.418Z,gpu-3uwoq-6g3ya-1,ib_counter,rdma_vf_rail0,port_xmit_packets,1.09514e+09
2026-09-30T06:47:09.418Z,gpu-3uwoq-6g3ya-1,ib_counter,rdma_vf_rail0,port_rcv_packets,7.30222e+08
2026-09-30T06:47:09.418Z,gpu-3uwoq-6g3ya-1,ib_counter,rdma_vf_rail0,port_xmit_wait,0
2026-09-30T06:47:09.418Z,gpu-3uwoq-6g3ya-1,ib_counter,rdma_vf_rail0,port_rcv_errors,0
2026-09-30T06:47:09.418Z,gpu-3uwoq-6g3ya-1,ib_counter,rdma_vf_rail0,port_xmit_discards,0
2026-09-30T06:47:09.418Z,gpu-3uwoq-6g3ya-1,ib_counter,rdma_vf_rail0,link_downed,0
2026-09-30T06:47:09.418Z,gpu-3uwoq-6g3ya-1,ib_hw_counter,rdma_vf_rail0,out_of_sequence,0
2026-09-30T06:47:09.418Z,gpu-3uwoq-6g3ya-1,ib_hw_counter,rdma_vf_rail0,packet_seq_err,8
2026-09-30T06:47:09.418Z,gpu-3uwoq-6g3ya-1,ib_hw_counter,rdma_vf_rail0,local_ack_timeout_err,0
2026-09-30T06:47:09.418Z,gpu-3uwoq-6g3ya-1,ib_hw_counter,rdma_vf_rail0,rx_write_requests,4.44406e+08
2026-09-30T06:47:09.418Z,gpu-3uwoq-6g3ya-1,ib_hw_counter,rdma_vf_rail0,rx_read_requests,8.83833e+06
2026-09-30T06:47:09.418Z,gpu-3uwoq-6g3ya-1,ib_hw_counter,rdma_vf_rail0,req_cqe_error,0
2026-09-30T06:47:09.418Z,gpu-3uwoq-6g3ya-1,ib_hw_counter,rdma_vf_rail0,resp_cqe_error,0
2026-09-30T06:47:09.418Z,gpu-3uwoq-6g3ya-1,ib_hw_counter,rdma_vf_rail0,implied_nak_seq_err,0
2026-09-30T06:47:09.418Z,gpu-3uwoq-6g3ya-1,ib_hw_counter,rdma_vf_rail0,duplicate_request,0
2026-09-30T06:47:09.418Z,gpu-3uwoq-6g3ya-1,ib_counter,rdma_vf_rail1,port_xmit_data,3.94677e+12
2026-09-30T06:47:09.418Z,gpu-3uwoq-6g3ya-1,ib_counter,rdma_vf_rail1,port_rcv_data,1.97875e+12
2026-09-30T06:47:09.418Z,gpu-3uwoq-6g3ya-1,ib_counter,rdma_vf_rail1,port_xmit_packets,1.06896e+09
2026-09-30T06:47:09.418Z,gpu-3uwoq-6g3ya-1,ib_counter,rdma_vf_rail1,port_rcv_packets,6.99145e+08
2026-09-30T06:47:09.418Z,gpu-3uwoq-6g3ya-1,ib_counter,rdma_vf_rail1,port_xmit_wait,0
2026-09-30T06:47:09.418Z,gpu-3uwoq-6g3ya-1,ib_counter,rdma_vf_rail1,port_rcv_errors,0
2026-09-30T06:47:09.418Z,gpu-3uwoq-6g3ya-1,ib_counter,rdma_vf_rail1,port_xmit_discards,0
2026-09-30T06:47:09.418Z,gpu-3uwoq-6g3ya-1,ib_counter,rdma_vf_rail1,link_downed,0
2026-09-30T06:47:09.418Z,gpu-3uwoq-6g3ya-1,ib_hw_counter,rdma_vf_rail1,out_of_sequence,0
2026-09-30T06:47:09.418Z,gpu-3uwoq-6g3ya-1,ib_hw_counter,rdma_vf_rail1,packet_seq_err,8
2026-09-30T06:47:09.418Z,gpu-3uwoq-6g3ya-1,ib_hw_counter,rdma_vf_rail1,local_ack_timeout_err,0
2026-09-30T06:47:09.418Z,gpu-3uwoq-6g3ya-1,ib_hw_counter,rdma_vf_rail1,rx_write_requests,4.42808e+08
2026-09-30T06:47:09.418Z,gpu-3uwoq-6g3ya-1,ib_hw_counter,rdma_vf_rail1,rx_read_requests,8.03731e+06
2026-09-30T06:47:09.418Z,gpu-3uwoq-6g3ya-1,ib_hw_counter,rdma_vf_rail1,req_cqe_error,0
2026-09-30T06:47:09.418Z,gpu-3uwoq-6g3ya-1,ib_hw_counter,rdma_vf_rail1,resp_cqe_error,0
2026-09-30T06:47:09.418Z,gpu-3uwoq-6g3ya-1,ib_hw_counter,rdma_vf_rail1,implied_nak_seq_err,0
2026-09-30T06:47:09.418Z,gpu-3uwoq-6g3ya-1,ib_hw_counter,rdma_vf_rail1,duplicate_request,0
2026-09-30T06:47:09.418Z,gpu-3uwoq-6g3ya-1,ib_counter,rdma_vf_rail2,port_xmit_data,3.91927e+12
2026-09-30T06:47:09.418Z,gpu-3uwoq-6g3ya-1,ib_counter,rdma_vf_rail2,port_rcv_data,1.95098e+12
2026-09-30T06:47:09.418Z,gpu-3uwoq-6g3ya-1,ib_counter,rdma_vf_rail2,port_xmit_packets,1.0544e+09
2026-09-30T06:47:09.418Z,gpu-3uwoq-6g3ya-1,ib_counter,rdma_vf_rail2,port_rcv_packets,6.80094e+08
2026-09-30T06:47:09.418Z,gpu-3uwoq-6g3ya-1,ib_counter,rdma_vf_rail2,port_xmit_wait,0
2026-09-30T06:47:09.418Z,gpu-3uwoq-6g3ya-1,ib_counter,rdma_vf_rail2,port_rcv_errors,0
2026-09-30T06:47:09.418Z,gpu-3uwoq-6g3ya-1,ib_counter,rdma_vf_rail2,port_xmit_discards,0
2026-09-30T06:47:09.418Z,gpu-3uwoq-6g3ya-1,ib_counter,rdma_vf_rail2,link_downed,0
2026-09-30T06:47:09.418Z,gpu-3uwoq-6g3ya-1,ib_hw_counter,rdma_vf_rail2,out_of_sequence,0
2026-09-30T06:47:09.418Z,gpu-3uwoq-6g3ya-1,ib_hw_counter,rdma_vf_rail2,packet_seq_err,7
2026-09-30T06:47:09.418Z,gpu-3uwoq-6g3ya-1,ib_hw_counter,rdma_vf_rail2,local_ack_timeout_err,0
2026-09-30T06:47:09.418Z,gpu-3uwoq-6g3ya-1,ib_hw_counter,rdma_vf_rail2,rx_write_requests,4.42381e+08
2026-09-30T06:47:09.418Z,gpu-3uwoq-6g3ya-1,ib_hw_counter,rdma_vf_rail2,rx_read_requests,7.82969e+06
2026-09-30T06:47:09.418Z,gpu-3uwoq-6g3ya-1,ib_hw_counter,rdma_vf_rail2,req_cqe_error,0
2026-09-30T06:47:09.418Z,gpu-3uwoq-6g3ya-1,ib_hw_counter,rdma_vf_rail2,resp_cqe_error,0
2026-09-30T06:47:09.418Z,gpu-3uwoq-6g3ya-1,ib_hw_counter,rdma_vf_rail2,implied_nak_seq_err,0
2026-09-30T06:47:09.418Z,gpu-3uwoq-6g3ya-1,ib_hw_counter,rdma_vf_rail2,duplicate_request,0
2026-09-30T06:47:09.418Z,gpu-3uwoq-6g3ya-1,ib_counter,rdma_vf_rail3,port_xmit_data,3.91953e+12
2026-09-30T06:47:09.418Z,gpu-3uwoq-6g3ya-1,ib_counter,rdma_vf_rail3,port_rcv_data,1.95074e+12
2026-09-30T06:47:09.418Z,gpu-3uwoq-6g3ya-1,ib_counter,rdma_vf_rail3,port_xmit_packets,1.05518e+09
2026-09-30T06:47:09.418Z,gpu-3uwoq-6g3ya-1,ib_counter,rdma_vf_rail3,port_rcv_packets,6.76919e+08
2026-09-30T06:47:09.418Z,gpu-3uwoq-6g3ya-1,ib_counter,rdma_vf_rail3,port_xmit_wait,0
2026-09-30T06:47:09.418Z,gpu-3uwoq-6g3ya-1,ib_counter,rdma_vf_rail3,port_rcv_errors,0
2026-09-30T06:47:09.418Z,gpu-3uwoq-6g3ya-1,ib_counter,rdma_vf_rail3,port_xmit_discards,0
2026-09-30T06:47:09.418Z,gpu-3uwoq-6g3ya-1,ib_counter,rdma_vf_rail3,link_downed,0
2026-09-30T06:47:09.418Z,gpu-3uwoq-6g3ya-1,ib_hw_counter,rdma_vf_rail3,out_of_sequence,1
2026-09-30T06:47:09.418Z,gpu-3uwoq-6g3ya-1,ib_hw_counter,rdma_vf_rail3,packet_seq_err,7
2026-09-30T06:47:09.418Z,gpu-3uwoq-6g3ya-1,ib_hw_counter,rdma_vf_rail3,local_ack_timeout_err,0
2026-09-30T06:47:09.418Z,gpu-3uwoq-6g3ya-1,ib_hw_counter,rdma_vf_rail3,rx_write_requests,4.42381e+08
2026-09-30T06:47:09.418Z,gpu-3uwoq-6g3ya-1,ib_hw_counter,rdma_vf_rail3,rx_read_requests,7.82969e+06
2026-09-30T06:47:09.418Z,gpu-3uwoq-6g3ya-1,ib_hw_counter,rdma_vf_rail3,req_cqe_error,0
2026-09-30T06:47:09.418Z,gpu-3uwoq-6g3ya-1,ib_hw_counter,rdma_vf_rail3,resp_cqe_error,0
2026-09-30T06:47:09.418Z,gpu-3uwoq-6g3ya-1,ib_hw_counter,rdma_vf_rail3,implied_nak_seq_err,0
2026-09-30T06:47:09.418Z,gpu-3uwoq-6g3ya-1,ib_hw_counter,rdma_vf_rail3,duplicate_request,0
2026-09-30T06:47:09.418Z,gpu-3uwoq-6g3ya-1,dcgm,gpu2,gpu_util,0
2026-09-30T06:47:09.418Z,gpu-3uwoq-6g3ya-1,dcgm,gpu3,gpu_util,0
2026-09-30T06:47:09.418Z,gpu-3uwoq-6g3ya-1,dcgm,gpu0,gpu_util,0
2026-09-30T06:47:09.418Z,gpu-3uwoq-6g3ya-1,dcgm,gpu1,gpu_util,0
2026-09-30T06:47:09.418Z,gpu-3uwoq-6g3ya-1,dcgm,gpu2,nvlink_bandwidth_total,0
2026-09-30T06:47:09.418Z,gpu-3uwoq-6g3ya-1,dcgm,gpu3,nvlink_bandwidth_total,0
2026-09-30T06:47:09.418Z,gpu-3uwoq-6g3ya-1,dcgm,gpu0,nvlink_bandwidth_total,0
2026-09-30T06:47:09.418Z,gpu-3uwoq-6g3ya-1,dcgm,gpu1,nvlink_bandwidth_total,0
2026-09-30T06:47:09.418Z,gpu-3uwoq-6g3ya-1,dcgm,gpu2,power_w,223.243
2026-09-30T06:47:09.418Z,gpu-3uwoq-6g3ya-1,dcgm,gpu3,power_w,227.099
2026-09-30T06:47:09.418Z,gpu-3uwoq-6g3ya-1,dcgm,gpu0,power_w,230.65
2026-09-30T06:47:09.418Z,gpu-3uwoq-6g3ya-1,dcgm,gpu1,power_w,228.565
2026-09-30T06:47:09.418Z,gpu-3uwoq-6g3ya-1,dcgm,gpu2,sm_clock_mhz,2070
2026-09-30T06:47:09.418Z,gpu-3uwoq-6g3ya-1,dcgm,gpu3,sm_clock_mhz,2070
2026-09-30T06:47:09.418Z,gpu-3uwoq-6g3ya-1,dcgm,gpu0,sm_clock_mhz,2070
2026-09-30T06:47:09.418Z,gpu-3uwoq-6g3ya-1,dcgm,gpu1,sm_clock_mhz,2070
2026-09-30T06:47:09.418Z,gpu-3uwoq-6g3ya-1,dcgm,gpu2,dram_active,0
2026-09-30T06:47:09.418Z,gpu-3uwoq-6g3ya-1,dcgm,gpu3,dram_active,0
2026-09-30T06:47:09.418Z,gpu-3uwoq-6g3ya-1,dcgm,gpu0,dram_active,0
2026-09-30T06:47:09.418Z,gpu-3uwoq-6g3ya-1,dcgm,gpu1,dram_active,0
2026-09-30T06:47:09.418Z,gpu-3uwoq-6g3ya-1,dcgm,gpu2,pcie_rx_bytes,100516
2026-09-30T06:47:09.418Z,gpu-3uwoq-6g3ya-1,dcgm,gpu3,pcie_rx_bytes,95879
2026-09-30T06:47:09.418Z,gpu-3uwoq-6g3ya-1,dcgm,gpu0,pcie_rx_bytes,99529
2026-09-30T06:47:09.418Z,gpu-3uwoq-6g3ya-1,dcgm,gpu1,pcie_rx_bytes,190359
2026-09-30T06:47:09.418Z,gpu-3uwoq-6g3ya-1,dcgm,gpu2,pcie_tx_bytes,94630
2026-09-30T06:47:09.418Z,gpu-3uwoq-6g3ya-1,dcgm,gpu3,pcie_tx_bytes,90026
2026-09-30T06:47:09.418Z,gpu-3uwoq-6g3ya-1,dcgm,gpu0,pcie_tx_bytes,93554
2026-09-30T06:47:09.418Z,gpu-3uwoq-6g3ya-1,dcgm,gpu1,pcie_tx_bytes,179832
2026-09-30T06:47:09.418Z,gpu-3uwoq-6g3ya-1,dcgm,gpu2,tensor_active,0
2026-09-30T06:47:09.418Z,gpu-3uwoq-6g3ya-1,dcgm,gpu3,tensor_active,0
2026-09-30T06:47:09.418Z,gpu-3uwoq-6g3ya-1,dcgm,gpu0,tensor_active,0
2026-09-30T06:47:09.418Z,gpu-3uwoq-6g3ya-1,dcgm,gpu1,tensor_active,0
2026-09-30T06:47:09.418Z,gpu-3uwoq-6g3ya-1,dcgm,gpu2,sm_active,0
2026-09-30T06:47:09.418Z,gpu-3uwoq-6g3ya-1,dcgm,gpu3,sm_active,0
2026-09-30T06:47:09.418Z,gpu-3uwoq-6g3ya-1,dcgm,gpu0,sm_active,0
2026-09-30T06:47:09.418Z,gpu-3uwoq-6g3ya-1,dcgm,gpu1,sm_active,0
2026-09-30T06:47:09.418Z,gpu-3uwoq-6g3ya-1,nvlink,gpu0,nvlink_rx_bytes,1.02469e+13
2026-09-30T06:47:09.418Z,gpu-3uwoq-6g3ya-1,nvlink,gpu0,nvlink_tx_bytes,1.02513e+13
2026-09-30T06:47:09.418Z,gpu-3uwoq-6g3ya-1,nvlink,gpu1,nvlink_rx_bytes,1.04013e+13
2026-09-30T06:47:09.418Z,gpu-3uwoq-6g3ya-1,nvlink,gpu1,nvlink_tx_bytes,1.04042e+13
2026-09-30T06:47:09.418Z,gpu-3uwoq-6g3ya-1,nvlink,gpu2,nvlink_rx_bytes,1.02695e+13
2026-09-30T06:47:09.418Z,gpu-3uwoq-6g3ya-1,nvlink,gpu2,nvlink_tx_bytes,1.02732e+13
2026-09-30T06:47:09.418Z,gpu-3uwoq-6g3ya-1,nvlink,gpu3,nvlink_rx_bytes,1.0219e+13
2026-09-30T06:47:09.418Z,gpu-3uwoq-6g3ya-1,nvlink,gpu3,nvlink_tx_bytes,1.0222e+13
2026-09-30T06:47:10.418Z,gpu-3uwoq-6g3ya-1,ib_counter,rdma_vf_rail0,port_xmit_data,4.05431e+12
2026-09-30T06:47:10.418Z,gpu-3uwoq-6g3ya-1,ib_counter,rdma_vf_rail0,port_rcv_data,2.08688e+12
2026-09-30T06:47:10.418Z,gpu-3uwoq-6g3ya-1,ib_counter,rdma_vf_rail0,port_xmit_packets,1.09514e+09
2026-09-30T06:47:10.418Z,gpu-3uwoq-6g3ya-1,ib_counter,rdma_vf_rail0,port_rcv_packets,7.30222e+08
2026-09-30T06:47:10.418Z,gpu-3uwoq-6g3ya-1,ib_counter,rdma_vf_rail0,port_xmit_wait,0
2026-09-30T06:47:10.418Z,gpu-3uwoq-6g3ya-1,ib_counter,rdma_vf_rail0,port_rcv_errors,0
2026-09-30T06:47:10.418Z,gpu-3uwoq-6g3ya-1,ib_counter,rdma_vf_rail0,port_xmit_discards,0
2026-09-30T06:47:10.418Z,gpu-3uwoq-6g3ya-1,ib_counter,rdma_vf_rail0,link_downed,0
2026-09-30T06:47:10.418Z,gpu-3uwoq-6g3ya-1,ib_hw_counter,rdma_vf_rail0,out_of_sequence,0
2026-09-30T06:47:10.418Z,gpu-3uwoq-6g3ya-1,ib_hw_counter,rdma_vf_rail0,packet_seq_err,8
2026-09-30T06:47:10.418Z,gpu-3uwoq-6g3ya-1,ib_hw_counter,rdma_vf_rail0,local_ack_timeout_err,0
2026-09-30T06:47:10.418Z,gpu-3uwoq-6g3ya-1,ib_hw_counter,rdma_vf_rail0,rx_write_requests,4.44406e+08
2026-09-30T06:47:10.418Z,gpu-3uwoq-6g3ya-1,ib_hw_counter,rdma_vf_rail0,rx_read_requests,8.83833e+06
2026-09-30T06:47:10.418Z,gpu-3uwoq-6g3ya-1,ib_hw_counter,rdma_vf_rail0,req_cqe_error,0
2026-09-30T06:47:10.418Z,gpu-3uwoq-6g3ya-1,ib_hw_counter,rdma_vf_rail0,resp_cqe_error,0
2026-09-30T06:47:10.418Z,gpu-3uwoq-6g3ya-1,ib_hw_counter,rdma_vf_rail0,implied_nak_seq_err,0
2026-09-30T06:47:10.418Z,gpu-3uwoq-6g3ya-1,ib_hw_counter,rdma_vf_rail0,duplicate_request,0
2026-09-30T06:47:10.418Z,gpu-3uwoq-6g3ya-1,ib_counter,rdma_vf_rail1,port_xmit_data,3.94677e+12
2026-09-30T06:47:10.418Z,gpu-3uwoq-6g3ya-1,ib_counter,rdma_vf_rail1,port_rcv_data,1.97875e+12
2026-09-30T06:47:10.418Z,gpu-3uwoq-6g3ya-1,ib_counter,rdma_vf_rail1,port_xmit_packets,1.06896e+09
2026-09-30T06:47:10.418Z,gpu-3uwoq-6g3ya-1,ib_counter,rdma_vf_rail1,port_rcv_packets,6.99145e+08
2026-09-30T06:47:10.418Z,gpu-3uwoq-6g3ya-1,ib_counter,rdma_vf_rail1,port_xmit_wait,0
2026-09-30T06:47:10.418Z,gpu-3uwoq-6g3ya-1,ib_counter,rdma_vf_rail1,port_rcv_errors,0
2026-09-30T06:47:10.418Z,gpu-3uwoq-6g3ya-1,ib_counter,rdma_vf_rail1,port_xmit_discards,0
2026-09-30T06:47:10.418Z,gpu-3uwoq-6g3ya-1,ib_counter,rdma_vf_rail1,link_downed,0
2026-09-30T06:47:10.418Z,gpu-3uwoq-6g3ya-1,ib_hw_counter,rdma_vf_rail1,out_of_sequence,0
2026-09-30T06:47:10.418Z,gpu-3uwoq-6g3ya-1,ib_hw_counter,rdma_vf_rail1,packet_seq_err,8
2026-09-30T06:47:10.418Z,gpu-3uwoq-6g3ya-1,ib_hw_counter,rdma_vf_rail1,local_ack_timeout_err,0
2026-09-30T06:47:10.418Z,gpu-3uwoq-6g3ya-1,ib_hw_counter,rdma_vf_rail1,rx_write_requests,4.42808e+08
2026-09-30T06:47:10.418Z,gpu-3uwoq-6g3ya-1,ib_hw_counter,rdma_vf_rail1,rx_read_requests,8.03731e+06
2026-09-30T06:47:10.418Z,gpu-3uwoq-6g3ya-1,ib_hw_counter,rdma_vf_rail1,req_cqe_error,0
2026-09-30T06:47:10.418Z,gpu-3uwoq-6g3ya-1,ib_hw_counter,rdma_vf_rail1,resp_cqe_error,0
2026-09-30T06:47:10.418Z,gpu-3uwoq-6g3ya-1,ib_hw_counter,rdma_vf_rail1,implied_nak_seq_err,0
2026-09-30T06:47:10.418Z,gpu-3uwoq-6g3ya-1,ib_hw_counter,rdma_vf_rail1,duplicate_request,0
2026-09-30T06:47:10.418Z,gpu-3uwoq-6g3ya-1,ib_counter,rdma_vf_rail2,port_xmit_data,3.91927e+12
2026-09-30T06:47:10.418Z,gpu-3uwoq-6g3ya-1,ib_counter,rdma_vf_rail2,port_rcv_data,1.95098e+12
2026-09-30T06:47:10.418Z,gpu-3uwoq-6g3ya-1,ib_counter,rdma_vf_rail2,port_xmit_packets,1.0544e+09
2026-09-30T06:47:10.418Z,gpu-3uwoq-6g3ya-1,ib_counter,rdma_vf_rail2,port_rcv_packets,6.80094e+08
2026-09-30T06:47:10.418Z,gpu-3uwoq-6g3ya-1,ib_counter,rdma_vf_rail2,port_xmit_wait,0
2026-09-30T06:47:10.418Z,gpu-3uwoq-6g3ya-1,ib_counter,rdma_vf_rail2,port_rcv_errors,0
2026-09-30T06:47:10.418Z,gpu-3uwoq-6g3ya-1,ib_counter,rdma_vf_rail2,port_xmit_discards,0
2026-09-30T06:47:10.418Z,gpu-3uwoq-6g3ya-1,ib_counter,rdma_vf_rail2,link_downed,0
2026-09-30T06:47:10.418Z,gpu-3uwoq-6g3ya-1,ib_hw_counter,rdma_vf_rail2,out_of_sequence,0
2026-09-30T06:47:10.418Z,gpu-3uwoq-6g3ya-1,ib_hw_counter,rdma_vf_rail2,packet_seq_err,7
2026-09-30T06:47:10.418Z,gpu-3uwoq-6g3ya-1,ib_hw_counter,rdma_vf_rail2,local_ack_timeout_err,0
2026-09-30T06:47:10.418Z,gpu-3uwoq-6g3ya-1,ib_hw_counter,rdma_vf_rail2,rx_write_requests,4.42381e+08
2026-09-30T06:47:10.418Z,gpu-3uwoq-6g3ya-1,ib_hw_counter,rdma_vf_rail2,rx_read_requests,7.82969e+06
2026-09-30T06:47:10.418Z,gpu-3uwoq-6g3ya-1,ib_hw_counter,rdma_vf_rail2,req_cqe_error,0
2026-09-30T06:47:10.418Z,gpu-3uwoq-6g3ya-1,ib_hw_counter,rdma_vf_rail2,resp_cqe_error,0
2026-09-30T06:47:10.418Z,gpu-3uwoq-6g3ya-1,ib_hw_counter,rdma_vf_rail2,implied_nak_seq_err,0
2026-09-30T06:47:10.418Z,gpu-3uwoq-6g3ya-1,ib_hw_counter,rdma_vf_rail2,duplicate_request,0
2026-09-30T06:47:10.418Z,gpu-3uwoq-6g3ya-1,ib_counter,rdma_vf_rail3,port_xmit_data,3.91953e+12
2026-09-30T06:47:10.418Z,gpu-3uwoq-6g3ya-1,ib_counter,rdma_vf_rail3,port_rcv_data,1.95074e+12
2026-09-30T06:47:10.418Z,gpu-3uwoq-6g3ya-1,ib_counter,rdma_vf_rail3,port_xmit_packets,1.05518e+09
2026-09-30T06:47:10.418Z,gpu-3uwoq-6g3ya-1,ib_counter,rdma_vf_rail3,port_rcv_packets,6.76919e+08
2026-09-30T06:47:10.418Z,gpu-3uwoq-6g3ya-1,ib_counter,rdma_vf_rail3,port_xmit_wait,0
2026-09-30T06:47:10.418Z,gpu-3uwoq-6g3ya-1,ib_counter,rdma_vf_rail3,port_rcv_errors,0
2026-09-30T06:47:10.418Z,gpu-3uwoq-6g3ya-1,ib_counter,rdma_vf_rail3,port_xmit_discards,0
2026-09-30T06:47:10.418Z,gpu-3uwoq-6g3ya-1,ib_counter,rdma_vf_rail3,link_downed,0
2026-09-30T06:47:10.418Z,gpu-3uwoq-6g3ya-1,ib_hw_counter,rdma_vf_rail3,out_of_sequence,1
2026-09-30T06:47:10.418Z,gpu-3uwoq-6g3ya-1,ib_hw_counter,rdma_vf_rail3,packet_seq_err,7
2026-09-30T06:47:10.418Z,gpu-3uwoq-6g3ya-1,ib_hw_counter,rdma_vf_rail3,local_ack_timeout_err,0
2026-09-30T06:47:10.418Z,gpu-3uwoq-6g3ya-1,ib_hw_counter,rdma_vf_rail3,rx_write_requests,4.42381e+08
2026-09-30T06:47:10.418Z,gpu-3uwoq-6g3ya-1,ib_hw_counter,rdma_vf_rail3,rx_read_requests,7.82969e+06
2026-09-30T06:47:10.418Z,gpu-3uwoq-6g3ya-1,ib_hw_counter,rdma_vf_rail3,req_cqe_error,0
2026-09-30T06:47:10.418Z,gpu-3uwoq-6g3ya-1,ib_hw_counter,rdma_vf_rail3,resp_cqe_error,0
2026-09-30T06:47:10.418Z,gpu-3uwoq-6g3ya-1,ib_hw_counter,rdma_vf_rail3,implied_nak_seq_err,0
2026-09-30T06:47:10.418Z,gpu-3uwoq-6g3ya-1,ib_hw_counter,rdma_vf_rail3,duplicate_request,0
2026-09-30T06:47:10.418Z,gpu-3uwoq-6g3ya-1,dcgm,gpu2,gpu_util,0
2026-09-30T06:47:10.418Z,gpu-3uwoq-6g3ya-1,dcgm,gpu3,gpu_util,0
2026-09-30T06:47:10.418Z,gpu-3uwoq-6g3ya-1,dcgm,gpu0,gpu_util,0
2026-09-30T06:47:10.418Z,gpu-3uwoq-6g3ya-1,dcgm,gpu1,gpu_util,0
2026-09-30T06:47:10.418Z,gpu-3uwoq-6g3ya-1,dcgm,gpu2,nvlink_bandwidth_total,0
2026-09-30T06:47:10.418Z,gpu-3uwoq-6g3ya-1,dcgm,gpu3,nvlink_bandwidth_total,0
2026-09-30T06:47:10.418Z,gpu-3uwoq-6g3ya-1,dcgm,gpu0,nvlink_bandwidth_total,0
2026-09-30T06:47:10.418Z,gpu-3uwoq-6g3ya-1,dcgm,gpu1,nvlink_bandwidth_total,0
2026-09-30T06:47:10.418Z,gpu-3uwoq-6g3ya-1,dcgm,gpu2,power_w,223.243
2026-09-30T06:47:10.418Z,gpu-3uwoq-6g3ya-1,dcgm,gpu3,power_w,227.099
2026-09-30T06:47:10.418Z,gpu-3uwoq-6g3ya-1,dcgm,gpu0,power_w,230.65
2026-09-30T06:47:10.418Z,gpu-3uwoq-6g3ya-1,dcgm,gpu1,power_w,228.565
2026-09-30T06:47:10.418Z,gpu-3uwoq-6g3ya-1,dcgm,gpu2,sm_clock_mhz,2070
2026-09-30T06:47:10.418Z,gpu-3uwoq-6g3ya-1,dcgm,gpu3,sm_clock_mhz,2070
2026-09-30T06:47:10.418Z,gpu-3uwoq-6g3ya-1,dcgm,gpu0,sm_clock_mhz,2070
2026-09-30T06:47:10.418Z,gpu-3uwoq-6g3ya-1,dcgm,gpu1,sm_clock_mhz,2070
2026-09-30T06:47:10.418Z,gpu-3uwoq-6g3ya-1,dcgm,gpu2,dram_active,0
2026-09-30T06:47:10.418Z,gpu-3uwoq-6g3ya-1,dcgm,gpu3,dram_active,0
2026-09-30T06:47:10.418Z,gpu-3uwoq-6g3ya-1,dcgm,gpu0,dram_active,0
2026-09-30T06:47:10.418Z,gpu-3uwoq-6g3ya-1,dcgm,gpu1,dram_active,0
2026-09-30T06:47:10.418Z,gpu-3uwoq-6g3ya-1,dcgm,gpu2,pcie_rx_bytes,100516
2026-09-30T06:47:10.418Z,gpu-3uwoq-6g3ya-1,dcgm,gpu3,pcie_rx_bytes,95879
2026-09-30T06:47:10.418Z,gpu-3uwoq-6g3ya-1,dcgm,gpu0,pcie_rx_bytes,99529
2026-09-30T06:47:10.418Z,gpu-3uwoq-6g3ya-1,dcgm,gpu1,pcie_rx_bytes,190359
2026-09-30T06:47:10.418Z,gpu-3uwoq-6g3ya-1,dcgm,gpu2,pcie_tx_bytes,94630
2026-09-30T06:47:10.418Z,gpu-3uwoq-6g3ya-1,dcgm,gpu3,pcie_tx_bytes,90026
2026-09-30T06:47:10.418Z,gpu-3uwoq-6g3ya-1,dcgm,gpu0,pcie_tx_bytes,93554
2026-09-30T06:47:10.418Z,gpu-3uwoq-6g3ya-1,dcgm,gpu1,pcie_tx_bytes,179832
2026-09-30T06:47:10.418Z,gpu-3uwoq-6g3ya-1,dcgm,gpu2,tensor_active,0
2026-09-30T06:47:10.418Z,gpu-3uwoq-6g3ya-1,dcgm,gpu3,tensor_active,0
2026-09-30T06:47:10.418Z,gpu-3uwoq-6g3ya-1,dcgm,gpu0,tensor_active,0
2026-09-30T06:47:10.418Z,gpu-3uwoq-6g3ya-1,dcgm,gpu1,tensor_active,0
2026-09-30T06:47:10.418Z,gpu-3uwoq-6g3ya-1,dcgm,gpu2,sm_active,0
2026-09-30T06:47:10.418Z,gpu-3uwoq-6g3ya-1,dcgm,gpu3,sm_active,0
2026-09-30T06:47:10.418Z,gpu-3uwoq-6g3ya-1,dcgm,gpu0,sm_active,0
2026-09-30T06:47:10.418Z,gpu-3uwoq-6g3ya-1,dcgm,gpu1,sm_active,0
2026-09-30T06:47:10.418Z,gpu-3uwoq-6g3ya-1,nvlink,gpu0,nvlink_rx_bytes,1.02469e+13
2026-09-30T06:47:10.418Z,gpu-3uwoq-6g3ya-1,nvlink,gpu0,nvlink_tx_bytes,1.02513e+13
2026-09-30T06:47:10.418Z,gpu-3uwoq-6g3ya-1,nvlink,gpu1,nvlink_rx_bytes,1.04013e+13
2026-09-30T06:47:10.418Z,gpu-3uwoq-6g3ya-1,nvlink,gpu1,nvlink_tx_bytes,1.04042e+13
2026-09-30T06:47:10.418Z,gpu-3uwoq-6g3ya-1,nvlink,gpu2,nvlink_rx_bytes,1.02695e+13
2026-09-30T06:47:10.418Z,gpu-3uwoq-6g3ya-1,nvlink,gpu2,nvlink_tx_bytes,1.02732e+13
2026-09-30T06:47:10.418Z,gpu-3uwoq-6g3ya-1,nvlink,gpu3,nvlink_rx_bytes,1.0219e+13
2026-09-30T06:47:10.418Z,gpu-3uwoq-6g3ya-1,nvlink,gpu3,nvlink_tx_bytes,1.0222e+13
2026-09-30T06:47:11.418Z,gpu-3uwoq-6g3ya-1,ib_counter,rdma_vf_rail0,port_xmit_data,4.05431e+12
2026-09-30T06:47:11.418Z,gpu-3uwoq-6g3ya-1,ib_counter,rdma_vf_rail0,port_rcv_data,2.08688e+12
2026-09-30T06:47:11.418Z,gpu-3uwoq-6g3ya-1,ib_counter,rdma_vf_rail0,port_xmit_packets,1.09514e+09
2026-09-30T06:47:11.418Z,gpu-3uwoq-6g3ya-1,ib_counter,rdma_vf_rail0,port_rcv_packets,7.30222e+08
2026-09-30T06:47:11.418Z,gpu-3uwoq-6g3ya-1,ib_counter,rdma_vf_rail0,port_xmit_wait,0
2026-09-30T06:47:11.418Z,gpu-3uwoq-6g3ya-1,ib_counter,rdma_vf_rail0,port_rcv_errors,0
2026-09-30T06:47:11.418Z,gpu-3uwoq-6g3ya-1,ib_counter,rdma_vf_rail0,port_xmit_discards,0
2026-09-30T06:47:11.418Z,gpu-3uwoq-6g3ya-1,ib_counter,rdma_vf_rail0,link_downed,0
2026-09-30T06:47:11.418Z,gpu-3uwoq-6g3ya-1,ib_hw_counter,rdma_vf_rail0,out_of_sequence,0
2026-09-30T06:47:11.418Z,gpu-3uwoq-6g3ya-1,ib_hw_counter,rdma_vf_rail0,packet_seq_err,8
2026-09-30T06:47:11.418Z,gpu-3uwoq-6g3ya-1,ib_hw_counter,rdma_vf_rail0,local_ack_timeout_err,0
2026-09-30T06:47:11.418Z,gpu-3uwoq-6g3ya-1,ib_hw_counter,rdma_vf_rail0,rx_write_requests,4.44406e+08
2026-09-30T06:47:11.418Z,gpu-3uwoq-6g3ya-1,ib_hw_counter,rdma_vf_rail0,rx_read_requests,8.83833e+06
2026-09-30T06:47:11.418Z,gpu-3uwoq-6g3ya-1,ib_hw_counter,rdma_vf_rail0,req_cqe_error,0
2026-09-30T06:47:11.418Z,gpu-3uwoq-6g3ya-1,ib_hw_counter,rdma_vf_rail0,resp_cqe_error,0
2026-09-30T06:47:11.418Z,gpu-3uwoq-6g3ya-1,ib_hw_counter,rdma_vf_rail0,implied_nak_seq_err,0
2026-09-30T06:47:11.418Z,gpu-3uwoq-6g3ya-1,ib_hw_counter,rdma_vf_rail0,duplicate_request,0
2026-09-30T06:47:11.418Z,gpu-3uwoq-6g3ya-1,ib_counter,rdma_vf_rail1,port_xmit_data,3.94677e+12
2026-09-30T06:47:11.418Z,gpu-3uwoq-6g3ya-1,ib_counter,rdma_vf_rail1,port_rcv_data,1.97875e+12
2026-09-30T06:47:11.418Z,gpu-3uwoq-6g3ya-1,ib_counter,rdma_vf_rail1,port_xmit_packets,1.06896e+09
2026-09-30T06:47:11.418Z,gpu-3uwoq-6g3ya-1,ib_counter,rdma_vf_rail1,port_rcv_packets,6.99145e+08
2026-09-30T06:47:11.418Z,gpu-3uwoq-6g3ya-1,ib_counter,rdma_vf_rail1,port_xmit_wait,0
2026-09-30T06:47:11.418Z,gpu-3uwoq-6g3ya-1,ib_counter,rdma_vf_rail1,port_rcv_errors,0
2026-09-30T06:47:11.418Z,gpu-3uwoq-6g3ya-1,ib_counter,rdma_vf_rail1,port_xmit_discards,0
2026-09-30T06:47:11.418Z,gpu-3uwoq-6g3ya-1,ib_counter,rdma_vf_rail1,link_downed,0
2026-09-30T06:47:11.418Z,gpu-3uwoq-6g3ya-1,ib_hw_counter,rdma_vf_rail1,out_of_sequence,0
2026-09-30T06:47:11.418Z,gpu-3uwoq-6g3ya-1,ib_hw_counter,rdma_vf_rail1,packet_seq_err,8
2026-09-30T06:47:11.418Z,gpu-3uwoq-6g3ya-1,ib_hw_counter,rdma_vf_rail1,local_ack_timeout_err,0
2026-09-30T06:47:11.418Z,gpu-3uwoq-6g3ya-1,ib_hw_counter,rdma_vf_rail1,rx_write_requests,4.42808e+08
2026-09-30T06:47:11.418Z,gpu-3uwoq-6g3ya-1,ib_hw_counter,rdma_vf_rail1,rx_read_requests,8.03731e+06
2026-09-30T06:47:11.418Z,gpu-3uwoq-6g3ya-1,ib_hw_counter,rdma_vf_rail1,req_cqe_error,0
2026-09-30T06:47:11.418Z,gpu-3uwoq-6g3ya-1,ib_hw_counter,rdma_vf_rail1,resp_cqe_error,0
2026-09-30T06:47:11.418Z,gpu-3uwoq-6g3ya-1,ib_hw_counter,rdma_vf_rail1,implied_nak_seq_err,0
2026-09-30T06:47:11.418Z,gpu-3uwoq-6g3ya-1,ib_hw_counter,rdma_vf_rail1,duplicate_request,0
2026-09-30T06:47:11.418Z,gpu-3uwoq-6g3ya-1,ib_counter,rdma_vf_rail2,port_xmit_data,3.91927e+12
2026-09-30T06:47:11.418Z,gpu-3uwoq-6g3ya-1,ib_counter,rdma_vf_rail2,port_rcv_data,1.95098e+12
2026-09-30T06:47:11.418Z,gpu-3uwoq-6g3ya-1,ib_counter,rdma_vf_rail2,port_xmit_packets,1.0544e+09
2026-09-30T06:47:11.418Z,gpu-3uwoq-6g3ya-1,ib_counter,rdma_vf_rail2,port_rcv_packets,6.80094e+08
2026-09-30T06:47:11.418Z,gpu-3uwoq-6g3ya-1,ib_counter,rdma_vf_rail2,port_xmit_wait,0
2026-09-30T06:47:11.418Z,gpu-3uwoq-6g3ya-1,ib_counter,rdma_vf_rail2,port_rcv_errors,0
2026-09-30T06:47:11.418Z,gpu-3uwoq-6g3ya-1,ib_counter,rdma_vf_rail2,port_xmit_discards,0
2026-09-30T06:47:11.418Z,gpu-3uwoq-6g3ya-1,ib_counter,rdma_vf_rail2,link_downed,0
2026-09-30T06:47:11.418Z,gpu-3uwoq-6g3ya-1,ib_hw_counter,rdma_vf_rail2,out_of_sequence,0
2026-09-30T06:47:11.418Z,gpu-3uwoq-6g3ya-1,ib_hw_counter,rdma_vf_rail2,packet_seq_err,7
2026-09-30T06:47:11.418Z,gpu-3uwoq-6g3ya-1,ib_hw_counter,rdma_vf_rail2,local_ack_timeout_err,0
2026-09-30T06:47:11.418Z,gpu-3uwoq-6g3ya-1,ib_hw_counter,rdma_vf_rail2,rx_write_requests,4.42381e+08
2026-09-30T06:47:11.418Z,gpu-3uwoq-6g3ya-1,ib_hw_counter,rdma_vf_rail2,rx_read_requests,7.82969e+06
2026-09-30T06:47:11.418Z,gpu-3uwoq-6g3ya-1,ib_hw_counter,rdma_vf_rail2,req_cqe_error,0
2026-09-30T06:47:11.418Z,gpu-3uwoq-6g3ya-1,ib_hw_counter,rdma_vf_rail2,resp_cqe_error,0
2026-09-30T06:47:11.418Z,gpu-3uwoq-6g3ya-1,ib_hw_counter,rdma_vf_rail2,implied_nak_seq_err,0
2026-09-30T06:47:11.418Z,gpu-3uwoq-6g3ya-1,ib_hw_counter,rdma_vf_rail2,duplicate_request,0
2026-09-30T06:47:11.418Z,gpu-3uwoq-6g3ya-1,ib_counter,rdma_vf_rail3,port_xmit_data,3.91953e+12
2026-09-30T06:47:11.418Z,gpu-3uwoq-6g3ya-1,ib_counter,rdma_vf_rail3,port_rcv_data,1.95074e+12
2026-09-30T06:47:11.418Z,gpu-3uwoq-6g3ya-1,ib_counter,rdma_vf_rail3,port_xmit_packets,1.05518e+09
2026-09-30T06:47:11.418Z,gpu-3uwoq-6g3ya-1,ib_counter,rdma_vf_rail3,port_rcv_packets,6.76919e+08
2026-09-30T06:47:11.418Z,gpu-3uwoq-6g3ya-1,ib_counter,rdma_vf_rail3,port_xmit_wait,0
2026-09-30T06:47:11.418Z,gpu-3uwoq-6g3ya-1,ib_counter,rdma_vf_rail3,port_rcv_errors,0
2026-09-30T06:47:11.418Z,gpu-3uwoq-6g3ya-1,ib_counter,rdma_vf_rail3,port_xmit_discards,0
2026-09-30T06:47:11.418Z,gpu-3uwoq-6g3ya-1,ib_counter,rdma_vf_rail3,link_downed,0
2026-09-30T06:47:11.418Z,gpu-3uwoq-6g3ya-1,ib_hw_counter,rdma_vf_rail3,out_of_sequence,1
2026-09-30T06:47:11.418Z,gpu-3uwoq-6g3ya-1,ib_hw_counter,rdma_vf_rail3,packet_seq_err,7
2026-09-30T06:47:11.418Z,gpu-3uwoq-6g3ya-1,ib_hw_counter,rdma_vf_rail3,local_ack_timeout_err,0
2026-09-30T06:47:11.418Z,gpu-3uwoq-6g3ya-1,ib_hw_counter,rdma_vf_rail3,rx_write_requests,4.42381e+08
2026-09-30T06:47:11.418Z,gpu-3uwoq-6g3ya-1,ib_hw_counter,rdma_vf_rail3,rx_read_requests,7.82969e+06
2026-09-30T06:47:11.418Z,gpu-3uwoq-6g3ya-1,ib_hw_counter,rdma_vf_rail3,req_cqe_error,0
2026-09-30T06:47:11.418Z,gpu-3uwoq-6g3ya-1,ib_hw_counter,rdma_vf_rail3,resp_cqe_error,0
2026-09-30T06:47:11.418Z,gpu-3uwoq-6g3ya-1,ib_hw_counter,rdma_vf_rail3,implied_nak_seq_err,0
2026-09-30T06:47:11.418Z,gpu-3uwoq-6g3ya-1,ib_hw_counter,rdma_vf_rail3,duplicate_request,0
2026-09-30T06:47:11.418Z,gpu-3uwoq-6g3ya-1,dcgm,gpu2,gpu_util,0
2026-09-30T06:47:11.418Z,gpu-3uwoq-6g3ya-1,dcgm,gpu3,gpu_util,0
2026-09-30T06:47:11.418Z,gpu-3uwoq-6g3ya-1,dcgm,gpu0,gpu_util,0
2026-09-30T06:47:11.418Z,gpu-3uwoq-6g3ya-1,dcgm,gpu1,gpu_util,0
2026-09-30T06:47:11.418Z,gpu-3uwoq-6g3ya-1,dcgm,gpu2,nvlink_bandwidth_total,0
2026-09-30T06:47:11.418Z,gpu-3uwoq-6g3ya-1,dcgm,gpu3,nvlink_bandwidth_total,0
2026-09-30T06:47:11.418Z,gpu-3uwoq-6g3ya-1,dcgm,gpu0,nvlink_bandwidth_total,0
2026-09-30T06:47:11.418Z,gpu-3uwoq-6g3ya-1,dcgm,gpu1,nvlink_bandwidth_total,0
2026-09-30T06:47:11.418Z,gpu-3uwoq-6g3ya-1,dcgm,gpu2,power_w,223.243
2026-09-30T06:47:11.418Z,gpu-3uwoq-6g3ya-1,dcgm,gpu3,power_w,227.099
2026-09-30T06:47:11.418Z,gpu-3uwoq-6g3ya-1,dcgm,gpu0,power_w,230.65
2026-09-30T06:47:11.418Z,gpu-3uwoq-6g3ya-1,dcgm,gpu1,power_w,228.565
2026-09-30T06:47:11.418Z,gpu-3uwoq-6g3ya-1,dcgm,gpu2,sm_clock_mhz,2070
2026-09-30T06:47:11.418Z,gpu-3uwoq-6g3ya-1,dcgm,gpu3,sm_clock_mhz,2070
2026-09-30T06:47:11.418Z,gpu-3uwoq-6g3ya-1,dcgm,gpu0,sm_clock_mhz,2070
2026-09-30T06:47:11.418Z,gpu-3uwoq-6g3ya-1,dcgm,gpu1,sm_clock_mhz,2070
2026-09-30T06:47:11.418Z,gpu-3uwoq-6g3ya-1,dcgm,gpu2,dram_active,0
2026-09-30T06:47:11.418Z,gpu-3uwoq-6g3ya-1,dcgm,gpu3,dram_active,0
2026-09-30T06:47:11.418Z,gpu-3uwoq-6g3ya-1,dcgm,gpu0,dram_active,0
2026-09-30T06:47:11.418Z,gpu-3uwoq-6g3ya-1,dcgm,gpu1,dram_active,0
2026-09-30T06:47:11.418Z,gpu-3uwoq-6g3ya-1,dcgm,gpu2,pcie_rx_bytes,100516
2026-09-30T06:47:11.418Z,gpu-3uwoq-6g3ya-1,dcgm,gpu3,pcie_rx_bytes,95879
2026-09-30T06:47:11.418Z,gpu-3uwoq-6g3ya-1,dcgm,gpu0,pcie_rx_bytes,99529
2026-09-30T06:47:11.418Z,gpu-3uwoq-6g3ya-1,dcgm,gpu1,pcie_rx_bytes,190359
2026-09-30T06:47:11.418Z,gpu-3uwoq-6g3ya-1,dcgm,gpu2,pcie_tx_bytes,94630
2026-09-30T06:47:11.418Z,gpu-3uwoq-6g3ya-1,dcgm,gpu3,pcie_tx_bytes,90026
2026-09-30T06:47:11.418Z,gpu-3uwoq-6g3ya-1,dcgm,gpu0,pcie_tx_bytes,93554
2026-09-30T06:47:11.418Z,gpu-3uwoq-6g3ya-1,dcgm,gpu1,pcie_tx_bytes,179832
2026-09-30T06:47:11.418Z,gpu-3uwoq-6g3ya-1,dcgm,gpu2,tensor_active,0
2026-09-30T06:47:11.418Z,gpu-3uwoq-6g3ya-1,dcgm,gpu3,tensor_active,0
2026-09-30T06:47:11.418Z,gpu-3uwoq-6g3ya-1,dcgm,gpu0,tensor_active,0
2026-09-30T06:47:11.418Z,gpu-3uwoq-6g3ya-1,dcgm,gpu1,tensor_active,0
2026-09-30T06:47:11.418Z,gpu-3uwoq-6g3ya-1,dcgm,gpu2,sm_active,0
2026-09-30T06:47:11.418Z,gpu-3uwoq-6g3ya-1,dcgm,gpu3,sm_active,0
2026-09-30T06:47:11.418Z,gpu-3uwoq-6g3ya-1,dcgm,gpu0,sm_active,0
2026-09-30T06:47:11.418Z,gpu-3uwoq-6g3ya-1,dcgm,gpu1,sm_active,0
2026-09-30T06:47:11.418Z,gpu-3uwoq-6g3ya-1,nvlink,gpu0,nvlink_rx_bytes,1.02469e+13
2026-09-30T06:47:11.418Z,gpu-3uwoq-6g3ya-1,nvlink,gpu0,nvlink_tx_bytes,1.02513e+13
2026-09-30T06:47:11.418Z,gpu-3uwoq-6g3ya-1,nvlink,gpu1,nvlink_rx_bytes,1.04013e+13
2026-09-30T06:47:11.418Z,gpu-3uwoq-6g3ya-1,nvlink,gpu1,nvlink_tx_bytes,1.04042e+13
2026-09-30T06:47:11.418Z,gpu-3uwoq-6g3ya-1,nvlink,gpu2,nvlink_rx_bytes,1.02695e+13
2026-09-30T06:47:11.418Z,gpu-3uwoq-6g3ya-1,nvlink,gpu2,nvlink_tx_bytes,1.02732e+13
2026-09-30T06:47:11.418Z,gpu-3uwoq-6g3ya-1,nvlink,gpu3,nvlink_rx_bytes,1.0219e+13
2026-09-30T06:47:11.418Z,gpu-3uwoq-6g3ya-1,nvlink,gpu3,nvlink_tx_bytes,1.0222e+13
2026-09-30T06:47:12.418Z,gpu-3uwoq-6g3ya-1,ib_counter,rdma_vf_rail0,port_xmit_data,4.05431e+12
2026-09-30T06:47:12.418Z,gpu-3uwoq-6g3ya-1,ib_counter,rdma_vf_rail0,port_rcv_data,2.08688e+12
2026-09-30T06:47:12.418Z,gpu-3uwoq-6g3ya-1,ib_counter,rdma_vf_rail0,port_xmit_packets,1.09514e+09
2026-09-30T06:47:12.418Z,gpu-3uwoq-6g3ya-1,ib_counter,rdma_vf_rail0,port_rcv_packets,7.30222e+08
2026-09-30T06:47:12.418Z,gpu-3uwoq-6g3ya-1,ib_counter,rdma_vf_rail0,port_xmit_wait,0
2026-09-30T06:47:12.418Z,gpu-3uwoq-6g3ya-1,ib_counter,rdma_vf_rail0,port_rcv_errors,0
2026-09-30T06:47:12.418Z,gpu-3uwoq-6g3ya-1,ib_counter,rdma_vf_rail0,port_xmit_discards,0
2026-09-30T06:47:12.418Z,gpu-3uwoq-6g3ya-1,ib_counter,rdma_vf_rail0,link_downed,0
2026-09-30T06:47:12.418Z,gpu-3uwoq-6g3ya-1,ib_hw_counter,rdma_vf_rail0,out_of_sequence,0
2026-09-30T06:47:12.418Z,gpu-3uwoq-6g3ya-1,ib_hw_counter,rdma_vf_rail0,packet_seq_err,8
2026-09-30T06:47:12.418Z,gpu-3uwoq-6g3ya-1,ib_hw_counter,rdma_vf_rail0,local_ack_timeout_err,0
2026-09-30T06:47:12.418Z,gpu-3uwoq-6g3ya-1,ib_hw_counter,rdma_vf_rail0,rx_write_requests,4.44406e+08
2026-09-30T06:47:12.418Z,gpu-3uwoq-6g3ya-1,ib_hw_counter,rdma_vf_rail0,rx_read_requests,8.83833e+06
2026-09-30T06:47:12.418Z,gpu-3uwoq-6g3ya-1,ib_hw_counter,rdma_vf_rail0,req_cqe_error,0
2026-09-30T06:47:12.418Z,gpu-3uwoq-6g3ya-1,ib_hw_counter,rdma_vf_rail0,resp_cqe_error,0
2026-09-30T06:47:12.418Z,gpu-3uwoq-6g3ya-1,ib_hw_counter,rdma_vf_rail0,implied_nak_seq_err,0
2026-09-30T06:47:12.418Z,gpu-3uwoq-6g3ya-1,ib_hw_counter,rdma_vf_rail0,duplicate_request,0
2026-09-30T06:47:12.418Z,gpu-3uwoq-6g3ya-1,ib_counter,rdma_vf_rail1,port_xmit_data,3.94677e+12
2026-09-30T06:47:12.418Z,gpu-3uwoq-6g3ya-1,ib_counter,rdma_vf_rail1,port_rcv_data,1.97875e+12
2026-09-30T06:47:12.418Z,gpu-3uwoq-6g3ya-1,ib_counter,rdma_vf_rail1,port_xmit_packets,1.06896e+09
2026-09-30T06:47:12.418Z,gpu-3uwoq-6g3ya-1,ib_counter,rdma_vf_rail1,port_rcv_packets,6.99145e+08
2026-09-30T06:47:12.418Z,gpu-3uwoq-6g3ya-1,ib_counter,rdma_vf_rail1,port_xmit_wait,0
2026-09-30T06:47:12.418Z,gpu-3uwoq-6g3ya-1,ib_counter,rdma_vf_rail1,port_rcv_errors,0
2026-09-30T06:47:12.418Z,gpu-3uwoq-6g3ya-1,ib_counter,rdma_vf_rail1,port_xmit_discards,0
2026-09-30T06:47:12.418Z,gpu-3uwoq-6g3ya-1,ib_counter,rdma_vf_rail1,link_downed,0
2026-09-30T06:47:12.418Z,gpu-3uwoq-6g3ya-1,ib_hw_counter,rdma_vf_rail1,out_of_sequence,0
2026-09-30T06:47:12.418Z,gpu-3uwoq-6g3ya-1,ib_hw_counter,rdma_vf_rail1,packet_seq_err,8
2026-09-30T06:47:12.418Z,gpu-3uwoq-6g3ya-1,ib_hw_counter,rdma_vf_rail1,local_ack_timeout_err,0
2026-09-30T06:47:12.418Z,gpu-3uwoq-6g3ya-1,ib_hw_counter,rdma_vf_rail1,rx_write_requests,4.42808e+08
2026-09-30T06:47:12.418Z,gpu-3uwoq-6g3ya-1,ib_hw_counter,rdma_vf_rail1,rx_read_requests,8.03731e+06
2026-09-30T06:47:12.418Z,gpu-3uwoq-6g3ya-1,ib_hw_counter,rdma_vf_rail1,req_cqe_error,0
2026-09-30T06:47:12.418Z,gpu-3uwoq-6g3ya-1,ib_hw_counter,rdma_vf_rail1,resp_cqe_error,0
2026-09-30T06:47:12.418Z,gpu-3uwoq-6g3ya-1,ib_hw_counter,rdma_vf_rail1,implied_nak_seq_err,0
2026-09-30T06:47:12.418Z,gpu-3uwoq-6g3ya-1,ib_hw_counter,rdma_vf_rail1,duplicate_request,0
2026-09-30T06:47:12.418Z,gpu-3uwoq-6g3ya-1,ib_counter,rdma_vf_rail2,port_xmit_data,3.91927e+12
2026-09-30T06:47:12.418Z,gpu-3uwoq-6g3ya-1,ib_counter,rdma_vf_rail2,port_rcv_data,1.95098e+12
2026-09-30T06:47:12.418Z,gpu-3uwoq-6g3ya-1,ib_counter,rdma_vf_rail2,port_xmit_packets,1.0544e+09
2026-09-30T06:47:12.418Z,gpu-3uwoq-6g3ya-1,ib_counter,rdma_vf_rail2,port_rcv_packets,6.80094e+08
2026-09-30T06:47:12.418Z,gpu-3uwoq-6g3ya-1,ib_counter,rdma_vf_rail2,port_xmit_wait,0
2026-09-30T06:47:12.418Z,gpu-3uwoq-6g3ya-1,ib_counter,rdma_vf_rail2,port_rcv_errors,0
2026-09-30T06:47:12.418Z,gpu-3uwoq-6g3ya-1,ib_counter,rdma_vf_rail2,port_xmit_discards,0
2026-09-30T06:47:12.418Z,gpu-3uwoq-6g3ya-1,ib_counter,rdma_vf_rail2,link_downed,0
2026-09-30T06:47:12.418Z,gpu-3uwoq-6g3ya-1,ib_hw_counter,rdma_vf_rail2,out_of_sequence,0
2026-09-30T06:47:12.418Z,gpu-3uwoq-6g3ya-1,ib_hw_counter,rdma_vf_rail2,packet_seq_err,7
2026-09-30T06:47:12.418Z,gpu-3uwoq-6g3ya-1,ib_hw_counter,rdma_vf_rail2,local_ack_timeout_err,0
2026-09-30T06:47:12.418Z,gpu-3uwoq-6g3ya-1,ib_hw_counter,rdma_vf_rail2,rx_write_requests,4.42381e+08
2026-09-30T06:47:12.418Z,gpu-3uwoq-6g3ya-1,ib_hw_counter,rdma_vf_rail2,rx_read_requests,7.82969e+06
2026-09-30T06:47:12.418Z,gpu-3uwoq-6g3ya-1,ib_hw_counter,rdma_vf_rail2,req_cqe_error,0
2026-09-30T06:47:12.418Z,gpu-3uwoq-6g3ya-1,ib_hw_counter,rdma_vf_rail2,resp_cqe_error,0
2026-09-30T06:47:12.418Z,gpu-3uwoq-6g3ya-1,ib_hw_counter,rdma_vf_rail2,implied_nak_seq_err,0
2026-09-30T06:47:12.418Z,gpu-3uwoq-6g3ya-1,ib_hw_counter,rdma_vf_rail2,duplicate_request,0
2026-09-30T06:47:12.418Z,gpu-3uwoq-6g3ya-1,ib_counter,rdma_vf_rail3,port_xmit_data,3.91953e+12
2026-09-30T06:47:12.418Z,gpu-3uwoq-6g3ya-1,ib_counter,rdma_vf_rail3,port_rcv_data,1.95074e+12
2026-09-30T06:47:12.418Z,gpu-3uwoq-6g3ya-1,ib_counter,rdma_vf_rail3,port_xmit_packets,1.05518e+09
2026-09-30T06:47:12.418Z,gpu-3uwoq-6g3ya-1,ib_counter,rdma_vf_rail3,port_rcv_packets,6.76919e+08
2026-09-30T06:47:12.418Z,gpu-3uwoq-6g3ya-1,ib_counter,rdma_vf_rail3,port_xmit_wait,0
2026-09-30T06:47:12.418Z,gpu-3uwoq-6g3ya-1,ib_counter,rdma_vf_rail3,port_rcv_errors,0
2026-09-30T06:47:12.418Z,gpu-3uwoq-6g3ya-1,ib_counter,rdma_vf_rail3,port_xmit_discards,0
2026-09-30T06:47:12.418Z,gpu-3uwoq-6g3ya-1,ib_counter,rdma_vf_rail3,link_downed,0
2026-09-30T06:47:12.418Z,gpu-3uwoq-6g3ya-1,ib_hw_counter,rdma_vf_rail3,out_of_sequence,1
2026-09-30T06:47:12.418Z,gpu-3uwoq-6g3ya-1,ib_hw_counter,rdma_vf_rail3,packet_seq_err,7
2026-09-30T06:47:12.418Z,gpu-3uwoq-6g3ya-1,ib_hw_counter,rdma_vf_rail3,local_ack_timeout_err,0
2026-09-30T06:47:12.418Z,gpu-3uwoq-6g3ya-1,ib_hw_counter,rdma_vf_rail3,rx_write_requests,4.42381e+08
2026-09-30T06:47:12.418Z,gpu-3uwoq-6g3ya-1,ib_hw_counter,rdma_vf_rail3,rx_read_requests,7.82969e+06
2026-09-30T06:47:12.418Z,gpu-3uwoq-6g3ya-1,ib_hw_counter,rdma_vf_rail3,req_cqe_error,0
2026-09-30T06:47:12.418Z,gpu-3uwoq-6g3ya-1,ib_hw_counter,rdma_vf_rail3,resp_cqe_error,0
2026-09-30T06:47:12.418Z,gpu-3uwoq-6g3ya-1,ib_hw_counter,rdma_vf_rail3,implied_nak_seq_err,0
2026-09-30T06:47:12.418Z,gpu-3uwoq-6g3ya-1,ib_hw_counter,rdma_vf_rail3,duplicate_request,0
2026-09-30T06:47:12.418Z,gpu-3uwoq-6g3ya-1,dcgm,gpu2,gpu_util,0
2026-09-30T06:47:12.418Z,gpu-3uwoq-6g3ya-1,dcgm,gpu3,gpu_util,0
2026-09-30T06:47:12.418Z,gpu-3uwoq-6g3ya-1,dcgm,gpu0,gpu_util,0
2026-09-30T06:47:12.418Z,gpu-3uwoq-6g3ya-1,dcgm,gpu1,gpu_util,0
2026-09-30T06:47:12.418Z,gpu-3uwoq-6g3ya-1,dcgm,gpu2,nvlink_bandwidth_total,0
2026-09-30T06:47:12.418Z,gpu-3uwoq-6g3ya-1,dcgm,gpu3,nvlink_bandwidth_total,0
2026-09-30T06:47:12.418Z,gpu-3uwoq-6g3ya-1,dcgm,gpu0,nvlink_bandwidth_total,0
2026-09-30T06:47:12.418Z,gpu-3uwoq-6g3ya-1,dcgm,gpu1,nvlink_bandwidth_total,0
2026-09-30T06:47:12.418Z,gpu-3uwoq-6g3ya-1,dcgm,gpu2,power_w,223.243
2026-09-30T06:47:12.418Z,gpu-3uwoq-6g3ya-1,dcgm,gpu3,power_w,227.099
2026-09-30T06:47:12.418Z,gpu-3uwoq-6g3ya-1,dcgm,gpu0,power_w,230.65
2026-09-30T06:47:12.418Z,gpu-3uwoq-6g3ya-1,dcgm,gpu1,power_w,228.565
2026-09-30T06:47:12.418Z,gpu-3uwoq-6g3ya-1,dcgm,gpu2,sm_clock_mhz,2070
2026-09-30T06:47:12.418Z,gpu-3uwoq-6g3ya-1,dcgm,gpu3,sm_clock_mhz,2070
2026-09-30T06:47:12.418Z,gpu-3uwoq-6g3ya-1,dcgm,gpu0,sm_clock_mhz,2070
2026-09-30T06:47:12.418Z,gpu-3uwoq-6g3ya-1,dcgm,gpu1,sm_clock_mhz,2070
2026-09-30T06:47:12.418Z,gpu-3uwoq-6g3ya-1,dcgm,gpu2,dram_active,0
2026-09-30T06:47:12.418Z,gpu-3uwoq-6g3ya-1,dcgm,gpu3,dram_active,0
2026-09-30T06:47:12.418Z,gpu-3uwoq-6g3ya-1,dcgm,gpu0,dram_active,0
2026-09-30T06:47:12.418Z,gpu-3uwoq-6g3ya-1,dcgm,gpu1,dram_active,0
2026-09-30T06:47:12.418Z,gpu-3uwoq-6g3ya-1,dcgm,gpu2,pcie_rx_bytes,100516
2026-09-30T06:47:12.418Z,gpu-3uwoq-6g3ya-1,dcgm,gpu3,pcie_rx_bytes,95879
2026-09-30T06:47:12.418Z,gpu-3uwoq-6g3ya-1,dcgm,gpu0,pcie_rx_bytes,99529
2026-09-30T06:47:12.418Z,gpu-3uwoq-6g3ya-1,dcgm,gpu1,pcie_rx_bytes,190359
2026-09-30T06:47:12.418Z,gpu-3uwoq-6g3ya-1,dcgm,gpu2,pcie_tx_bytes,94630
2026-09-30T06:47:12.418Z,gpu-3uwoq-6g3ya-1,dcgm,gpu3,pcie_tx_bytes,90026
2026-09-30T06:47:12.418Z,gpu-3uwoq-6g3ya-1,dcgm,gpu0,pcie_tx_bytes,93554
2026-09-30T06:47:12.418Z,gpu-3uwoq-6g3ya-1,dcgm,gpu1,pcie_tx_bytes,179832
2026-09-30T06:47:12.418Z,gpu-3uwoq-6g3ya-1,dcgm,gpu2,tensor_active,0
2026-09-30T06:47:12.418Z,gpu-3uwoq-6g3ya-1,dcgm,gpu3,tensor_active,0
2026-09-30T06:47:12.418Z,gpu-3uwoq-6g3ya-1,dcgm,gpu0,tensor_active,0
2026-09-30T06:47:12.418Z,gpu-3uwoq-6g3ya-1,dcgm,gpu1,tensor_active,0
2026-09-30T06:47:12.418Z,gpu-3uwoq-6g3ya-1,dcgm,gpu2,sm_active,0
2026-09-30T06:47:12.418Z,gpu-3uwoq-6g3ya-1,dcgm,gpu3,sm_active,0
2026-09-30T06:47:12.418Z,gpu-3uwoq-6g3ya-1,dcgm,gpu0,sm_active,0
2026-09-30T06:47:12.418Z,gpu-3uwoq-6g3ya-1,dcgm,gpu1,sm_active,0
2026-09-30T06:47:12.418Z,gpu-3uwoq-6g3ya-1,nvlink,gpu0,nvlink_rx_bytes,1.02469e+13
2026-09-30T06:47:12.418Z,gpu-3uwoq-6g3ya-1,nvlink,gpu0,nvlink_tx_bytes,1.02513e+13
2026-09-30T06:47:12.418Z,gpu-3uwoq-6g3ya-1,nvlink,gpu1,nvlink_rx_bytes,1.04013e+13
2026-09-30T06:47:12.418Z,gpu-3uwoq-6g3ya-1,nvlink,gpu1,nvlink_tx_bytes,1.04042e+13
2026-09-30T06:47:12.418Z,gpu-3uwoq-6g3ya-1,nvlink,gpu2,nvlink_rx_bytes,1.02695e+13
2026-09-30T06:47:12.418Z,gpu-3uwoq-6g3ya-1,nvlink,gpu2,nvlink_tx_bytes,1.02732e+13
2026-09-30T06:47:12.418Z,gpu-3uwoq-6g3ya-1,nvlink,gpu3,nvlink_rx_bytes,1.0219e+13
2026-09-30T06:47:12.418Z,gpu-3uwoq-6g3ya-1,nvlink,gpu3,nvlink_tx_bytes,1.0222e+13
2026-09-30T06:47:13.419Z,gpu-3uwoq-6g3ya-1,ib_counter,rdma_vf_rail0,port_xmit_data,4.05431e+12
2026-09-30T06:47:13.419Z,gpu-3uwoq-6g3ya-1,ib_counter,rdma_vf_rail0,port_rcv_data,2.08688e+12
2026-09-30T06:47:13.419Z,gpu-3uwoq-6g3ya-1,ib_counter,rdma_vf_rail0,port_xmit_packets,1.09514e+09
2026-09-30T06:47:13.419Z,gpu-3uwoq-6g3ya-1,ib_counter,rdma_vf_rail0,port_rcv_packets,7.30222e+08
2026-09-30T06:47:13.419Z,gpu-3uwoq-6g3ya-1,ib_counter,rdma_vf_rail0,port_xmit_wait,0
2026-09-30T06:47:13.419Z,gpu-3uwoq-6g3ya-1,ib_counter,rdma_vf_rail0,port_rcv_errors,0
2026-09-30T06:47:13.419Z,gpu-3uwoq-6g3ya-1,ib_counter,rdma_vf_rail0,port_xmit_discards,0
2026-09-30T06:47:13.419Z,gpu-3uwoq-6g3ya-1,ib_counter,rdma_vf_rail0,link_downed,0
2026-09-30T06:47:13.419Z,gpu-3uwoq-6g3ya-1,ib_hw_counter,rdma_vf_rail0,out_of_sequence,0
2026-09-30T06:47:13.419Z,gpu-3uwoq-6g3ya-1,ib_hw_counter,rdma_vf_rail0,packet_seq_err,8
2026-09-30T06:47:13.419Z,gpu-3uwoq-6g3ya-1,ib_hw_counter,rdma_vf_rail0,local_ack_timeout_err,0
2026-09-30T06:47:13.419Z,gpu-3uwoq-6g3ya-1,ib_hw_counter,rdma_vf_rail0,rx_write_requests,4.44406e+08
2026-09-30T06:47:13.419Z,gpu-3uwoq-6g3ya-1,ib_hw_counter,rdma_vf_rail0,rx_read_requests,8.83833e+06
2026-09-30T06:47:13.419Z,gpu-3uwoq-6g3ya-1,ib_hw_counter,rdma_vf_rail0,req_cqe_error,0
2026-09-30T06:47:13.419Z,gpu-3uwoq-6g3ya-1,ib_hw_counter,rdma_vf_rail0,resp_cqe_error,0
2026-09-30T06:47:13.419Z,gpu-3uwoq-6g3ya-1,ib_hw_counter,rdma_vf_rail0,implied_nak_seq_err,0
2026-09-30T06:47:13.419Z,gpu-3uwoq-6g3ya-1,ib_hw_counter,rdma_vf_rail0,duplicate_request,0
2026-09-30T06:47:13.419Z,gpu-3uwoq-6g3ya-1,ib_counter,rdma_vf_rail1,port_xmit_data,3.94677e+12
2026-09-30T06:47:13.419Z,gpu-3uwoq-6g3ya-1,ib_counter,rdma_vf_rail1,port_rcv_data,1.97875e+12
2026-09-30T06:47:13.419Z,gpu-3uwoq-6g3ya-1,ib_counter,rdma_vf_rail1,port_xmit_packets,1.06896e+09
2026-09-30T06:47:13.419Z,gpu-3uwoq-6g3ya-1,ib_counter,rdma_vf_rail1,port_rcv_packets,6.99145e+08
2026-09-30T06:47:13.419Z,gpu-3uwoq-6g3ya-1,ib_counter,rdma_vf_rail1,port_xmit_wait,0
2026-09-30T06:47:13.419Z,gpu-3uwoq-6g3ya-1,ib_counter,rdma_vf_rail1,port_rcv_errors,0
2026-09-30T06:47:13.419Z,gpu-3uwoq-6g3ya-1,ib_counter,rdma_vf_rail1,port_xmit_discards,0
2026-09-30T06:47:13.419Z,gpu-3uwoq-6g3ya-1,ib_counter,rdma_vf_rail1,link_downed,0
2026-09-30T06:47:13.419Z,gpu-3uwoq-6g3ya-1,ib_hw_counter,rdma_vf_rail1,out_of_sequence,0
2026-09-30T06:47:13.419Z,gpu-3uwoq-6g3ya-1,ib_hw_counter,rdma_vf_rail1,packet_seq_err,8
2026-09-30T06:47:13.419Z,gpu-3uwoq-6g3ya-1,ib_hw_counter,rdma_vf_rail1,local_ack_timeout_err,0
2026-09-30T06:47:13.419Z,gpu-3uwoq-6g3ya-1,ib_hw_counter,rdma_vf_rail1,rx_write_requests,4.42808e+08
2026-09-30T06:47:13.419Z,gpu-3uwoq-6g3ya-1,ib_hw_counter,rdma_vf_rail1,rx_read_requests,8.03731e+06
2026-09-30T06:47:13.419Z,gpu-3uwoq-6g3ya-1,ib_hw_counter,rdma_vf_rail1,req_cqe_error,0
2026-09-30T06:47:13.419Z,gpu-3uwoq-6g3ya-1,ib_hw_counter,rdma_vf_rail1,resp_cqe_error,0
2026-09-30T06:47:13.419Z,gpu-3uwoq-6g3ya-1,ib_hw_counter,rdma_vf_rail1,implied_nak_seq_err,0
2026-09-30T06:47:13.419Z,gpu-3uwoq-6g3ya-1,ib_hw_counter,rdma_vf_rail1,duplicate_request,0
2026-09-30T06:47:13.419Z,gpu-3uwoq-6g3ya-1,ib_counter,rdma_vf_rail2,port_xmit_data,3.91927e+12
2026-09-30T06:47:13.419Z,gpu-3uwoq-6g3ya-1,ib_counter,rdma_vf_rail2,port_rcv_data,1.95098e+12
2026-09-30T06:47:13.419Z,gpu-3uwoq-6g3ya-1,ib_counter,rdma_vf_rail2,port_xmit_packets,1.0544e+09
2026-09-30T06:47:13.419Z,gpu-3uwoq-6g3ya-1,ib_counter,rdma_vf_rail2,port_rcv_packets,6.80094e+08
2026-09-30T06:47:13.419Z,gpu-3uwoq-6g3ya-1,ib_counter,rdma_vf_rail2,port_xmit_wait,0
2026-09-30T06:47:13.419Z,gpu-3uwoq-6g3ya-1,ib_counter,rdma_vf_rail2,port_rcv_errors,0
2026-09-30T06:47:13.419Z,gpu-3uwoq-6g3ya-1,ib_counter,rdma_vf_rail2,port_xmit_discards,0
2026-09-30T06:47:13.419Z,gpu-3uwoq-6g3ya-1,ib_counter,rdma_vf_rail2,link_downed,0
2026-09-30T06:47:13.419Z,gpu-3uwoq-6g3ya-1,ib_hw_counter,rdma_vf_rail2,out_of_sequence,0
2026-09-30T06:47:13.419Z,gpu-3uwoq-6g3ya-1,ib_hw_counter,rdma_vf_rail2,packet_seq_err,7
2026-09-30T06:47:13.419Z,gpu-3uwoq-6g3ya-1,ib_hw_counter,rdma_vf_rail2,local_ack_timeout_err,0
2026-09-30T06:47:13.419Z,gpu-3uwoq-6g3ya-1,ib_hw_counter,rdma_vf_rail2,rx_write_requests,4.42381e+08
2026-09-30T06:47:13.419Z,gpu-3uwoq-6g3ya-1,ib_hw_counter,rdma_vf_rail2,rx_read_requests,7.82969e+06
2026-09-30T06:47:13.419Z,gpu-3uwoq-6g3ya-1,ib_hw_counter,rdma_vf_rail2,req_cqe_error,0
2026-09-30T06:47:13.419Z,gpu-3uwoq-6g3ya-1,ib_hw_counter,rdma_vf_rail2,resp_cqe_error,0
2026-09-30T06:47:13.419Z,gpu-3uwoq-6g3ya-1,ib_hw_counter,rdma_vf_rail2,implied_nak_seq_err,0
2026-09-30T06:47:13.419Z,gpu-3uwoq-6g3ya-1,ib_hw_counter,rdma_vf_rail2,duplicate_request,0
2026-09-30T06:47:13.419Z,gpu-3uwoq-6g3ya-1,ib_counter,rdma_vf_rail3,port_xmit_data,3.91953e+12
2026-09-30T06:47:13.419Z,gpu-3uwoq-6g3ya-1,ib_counter,rdma_vf_rail3,port_rcv_data,1.95074e+12
2026-09-30T06:47:13.419Z,gpu-3uwoq-6g3ya-1,ib_counter,rdma_vf_rail3,port_xmit_packets,1.05518e+09
2026-09-30T06:47:13.419Z,gpu-3uwoq-6g3ya-1,ib_counter,rdma_vf_rail3,port_rcv_packets,6.76919e+08
2026-09-30T06:47:13.419Z,gpu-3uwoq-6g3ya-1,ib_counter,rdma_vf_rail3,port_xmit_wait,0
2026-09-30T06:47:13.419Z,gpu-3uwoq-6g3ya-1,ib_counter,rdma_vf_rail3,port_rcv_errors,0
2026-09-30T06:47:13.419Z,gpu-3uwoq-6g3ya-1,ib_counter,rdma_vf_rail3,port_xmit_discards,0
2026-09-30T06:47:13.419Z,gpu-3uwoq-6g3ya-1,ib_counter,rdma_vf_rail3,link_downed,0
2026-09-30T06:47:13.419Z,gpu-3uwoq-6g3ya-1,ib_hw_counter,rdma_vf_rail3,out_of_sequence,1
2026-09-30T06:47:13.419Z,gpu-3uwoq-6g3ya-1,ib_hw_counter,rdma_vf_rail3,packet_seq_err,7
2026-09-30T06:47:13.419Z,gpu-3uwoq-6g3ya-1,ib_hw_counter,rdma_vf_rail3,local_ack_timeout_err,0
2026-09-30T06:47:13.419Z,gpu-3uwoq-6g3ya-1,ib_hw_counter,rdma_vf_rail3,rx_write_requests,4.42381e+08
2026-09-30T06:47:13.419Z,gpu-3uwoq-6g3ya-1,ib_hw_counter,rdma_vf_rail3,rx_read_requests,7.82969e+06
2026-09-30T06:47:13.419Z,gpu-3uwoq-6g3ya-1,ib_hw_counter,rdma_vf_rail3,req_cqe_error,0
2026-09-30T06:47:13.419Z,gpu-3uwoq-6g3ya-1,ib_hw_counter,rdma_vf_rail3,resp_cqe_error,0
2026-09-30T06:47:13.419Z,gpu-3uwoq-6g3ya-1,ib_hw_counter,rdma_vf_rail3,implied_nak_seq_err,0
2026-09-30T06:47:13.419Z,gpu-3uwoq-6g3ya-1,ib_hw_counter,rdma_vf_rail3,duplicate_request,0
2026-09-30T06:47:13.419Z,gpu-3uwoq-6g3ya-1,dcgm,gpu2,gpu_util,0
2026-09-30T06:47:13.419Z,gpu-3uwoq-6g3ya-1,dcgm,gpu3,gpu_util,0
2026-09-30T06:47:13.419Z,gpu-3uwoq-6g3ya-1,dcgm,gpu0,gpu_util,0
2026-09-30T06:47:13.419Z,gpu-3uwoq-6g3ya-1,dcgm,gpu1,gpu_util,0
2026-09-30T06:47:13.419Z,gpu-3uwoq-6g3ya-1,dcgm,gpu2,nvlink_bandwidth_total,0
2026-09-30T06:47:13.419Z,gpu-3uwoq-6g3ya-1,dcgm,gpu3,nvlink_bandwidth_total,0
2026-09-30T06:47:13.419Z,gpu-3uwoq-6g3ya-1,dcgm,gpu0,nvlink_bandwidth_total,0
2026-09-30T06:47:13.419Z,gpu-3uwoq-6g3ya-1,dcgm,gpu1,nvlink_bandwidth_total,0
2026-09-30T06:47:13.419Z,gpu-3uwoq-6g3ya-1,dcgm,gpu2,power_w,223.243
2026-09-30T06:47:13.419Z,gpu-3uwoq-6g3ya-1,dcgm,gpu3,power_w,227.099
2026-09-30T06:47:13.419Z,gpu-3uwoq-6g3ya-1,dcgm,gpu0,power_w,230.65
2026-09-30T06:47:13.419Z,gpu-3uwoq-6g3ya-1,dcgm,gpu1,power_w,228.565
2026-09-30T06:47:13.419Z,gpu-3uwoq-6g3ya-1,dcgm,gpu2,sm_clock_mhz,2070
2026-09-30T06:47:13.419Z,gpu-3uwoq-6g3ya-1,dcgm,gpu3,sm_clock_mhz,2070
2026-09-30T06:47:13.419Z,gpu-3uwoq-6g3ya-1,dcgm,gpu0,sm_clock_mhz,2070
2026-09-30T06:47:13.419Z,gpu-3uwoq-6g3ya-1,dcgm,gpu1,sm_clock_mhz,2070
2026-09-30T06:47:13.419Z,gpu-3uwoq-6g3ya-1,dcgm,gpu2,dram_active,0
2026-09-30T06:47:13.419Z,gpu-3uwoq-6g3ya-1,dcgm,gpu3,dram_active,0
2026-09-30T06:47:13.419Z,gpu-3uwoq-6g3ya-1,dcgm,gpu0,dram_active,0
2026-09-30T06:47:13.419Z,gpu-3uwoq-6g3ya-1,dcgm,gpu1,dram_active,0
2026-09-30T06:47:13.419Z,gpu-3uwoq-6g3ya-1,dcgm,gpu2,pcie_rx_bytes,100516
2026-09-30T06:47:13.419Z,gpu-3uwoq-6g3ya-1,dcgm,gpu3,pcie_rx_bytes,95879
2026-09-30T06:47:13.419Z,gpu-3uwoq-6g3ya-1,dcgm,gpu0,pcie_rx_bytes,99529
2026-09-30T06:47:13.419Z,gpu-3uwoq-6g3ya-1,dcgm,gpu1,pcie_rx_bytes,190359
2026-09-30T06:47:13.419Z,gpu-3uwoq-6g3ya-1,dcgm,gpu2,pcie_tx_bytes,94630
2026-09-30T06:47:13.419Z,gpu-3uwoq-6g3ya-1,dcgm,gpu3,pcie_tx_bytes,90026
2026-09-30T06:47:13.419Z,gpu-3uwoq-6g3ya-1,dcgm,gpu0,pcie_tx_bytes,93554
2026-09-30T06:47:13.419Z,gpu-3uwoq-6g3ya-1,dcgm,gpu1,pcie_tx_bytes,179832
2026-09-30T06:47:13.419Z,gpu-3uwoq-6g3ya-1,dcgm,gpu2,tensor_active,0
2026-09-30T06:47:13.419Z,gpu-3uwoq-6g3ya-1,dcgm,gpu3,tensor_active,0
2026-09-30T06:47:13.419Z,gpu-3uwoq-6g3ya-1,dcgm,gpu0,tensor_active,0
2026-09-30T06:47:13.419Z,gpu-3uwoq-6g3ya-1,dcgm,gpu1,tensor_active,0
2026-09-30T06:47:13.419Z,gpu-3uwoq-6g3ya-1,dcgm,gpu2,sm_active,0
2026-09-30T06:47:13.419Z,gpu-3uwoq-6g3ya-1,dcgm,gpu3,sm_active,0
2026-09-30T06:47:13.419Z,gpu-3uwoq-6g3ya-1,dcgm,gpu0,sm_active,0
2026-09-30T06:47:13.419Z,gpu-3uwoq-6g3ya-1,dcgm,gpu1,sm_active,0
2026-09-30T06:47:13.419Z,gpu-3uwoq-6g3ya-1,nvlink,gpu0,nvlink_rx_bytes,1.02469e+13
2026-09-30T06:47:13.419Z,gpu-3uwoq-6g3ya-1,nvlink,gpu0,nvlink_tx_bytes,1.02513e+13
2026-09-30T06:47:13.419Z,gpu-3uwoq-6g3ya-1,nvlink,gpu1,nvlink_rx_bytes,1.04013e+13
2026-09-30T06:47:13.419Z,gpu-3uwoq-6g3ya-1,nvlink,gpu1,nvlink_tx_bytes,1.04042e+13
2026-09-30T06:47:13.419Z,gpu-3uwoq-6g3ya-1,nvlink,gpu2,nvlink_rx_bytes,1.02695e+13
2026-09-30T06:47:13.419Z,gpu-3uwoq-6g3ya-1,nvlink,gpu2,nvlink_tx_bytes,1.02732e+13
2026-09-30T06:47:13.419Z,gpu-3uwoq-6g3ya-1,nvlink,gpu3,nvlink_rx_bytes,1.0219e+13
2026-09-30T06:47:13.419Z,gpu-3uwoq-6g3ya-1,nvlink,gpu3,nvlink_tx_bytes,1.0222e+13
2026-09-30T06:47:14.419Z,gpu-3uwoq-6g3ya-1,ib_counter,rdma_vf_rail0,port_xmit_data,4.05431e+12
2026-09-30T06:47:14.419Z,gpu-3uwoq-6g3ya-1,ib_counter,rdma_vf_rail0,port_rcv_data,2.08688e+12
2026-09-30T06:47:14.419Z,gpu-3uwoq-6g3ya-1,ib_counter,rdma_vf_rail0,port_xmit_packets,1.09514e+09
2026-09-30T06:47:14.419Z,gpu-3uwoq-6g3ya-1,ib_counter,rdma_vf_rail0,port_rcv_packets,7.30222e+08
2026-09-30T06:47:14.419Z,gpu-3uwoq-6g3ya-1,ib_counter,rdma_vf_rail0,port_xmit_wait,0
2026-09-30T06:47:14.419Z,gpu-3uwoq-6g3ya-1,ib_counter,rdma_vf_rail0,port_rcv_errors,0
2026-09-30T06:47:14.419Z,gpu-3uwoq-6g3ya-1,ib_counter,rdma_vf_rail0,port_xmit_discards,0
2026-09-30T06:47:14.419Z,gpu-3uwoq-6g3ya-1,ib_counter,rdma_vf_rail0,link_downed,0
2026-09-30T06:47:14.419Z,gpu-3uwoq-6g3ya-1,ib_hw_counter,rdma_vf_rail0,out_of_sequence,0
2026-09-30T06:47:14.419Z,gpu-3uwoq-6g3ya-1,ib_hw_counter,rdma_vf_rail0,packet_seq_err,8
2026-09-30T06:47:14.419Z,gpu-3uwoq-6g3ya-1,ib_hw_counter,rdma_vf_rail0,local_ack_timeout_err,0
2026-09-30T06:47:14.419Z,gpu-3uwoq-6g3ya-1,ib_hw_counter,rdma_vf_rail0,rx_write_requests,4.44406e+08
2026-09-30T06:47:14.419Z,gpu-3uwoq-6g3ya-1,ib_hw_counter,rdma_vf_rail0,rx_read_requests,8.83833e+06
2026-09-30T06:47:14.419Z,gpu-3uwoq-6g3ya-1,ib_hw_counter,rdma_vf_rail0,req_cqe_error,0
2026-09-30T06:47:14.419Z,gpu-3uwoq-6g3ya-1,ib_hw_counter,rdma_vf_rail0,resp_cqe_error,0
2026-09-30T06:47:14.419Z,gpu-3uwoq-6g3ya-1,ib_hw_counter,rdma_vf_rail0,implied_nak_seq_err,0
2026-09-30T06:47:14.419Z,gpu-3uwoq-6g3ya-1,ib_hw_counter,rdma_vf_rail0,duplicate_request,0
2026-09-30T06:47:14.419Z,gpu-3uwoq-6g3ya-1,ib_counter,rdma_vf_rail1,port_xmit_data,3.94677e+12
2026-09-30T06:47:14.419Z,gpu-3uwoq-6g3ya-1,ib_counter,rdma_vf_rail1,port_rcv_data,1.97875e+12
2026-09-30T06:47:14.419Z,gpu-3uwoq-6g3ya-1,ib_counter,rdma_vf_rail1,port_xmit_packets,1.06896e+09
2026-09-30T06:47:14.419Z,gpu-3uwoq-6g3ya-1,ib_counter,rdma_vf_rail1,port_rcv_packets,6.99145e+08
2026-09-30T06:47:14.419Z,gpu-3uwoq-6g3ya-1,ib_counter,rdma_vf_rail1,port_xmit_wait,0
2026-09-30T06:47:14.419Z,gpu-3uwoq-6g3ya-1,ib_counter,rdma_vf_rail1,port_rcv_errors,0
2026-09-30T06:47:14.419Z,gpu-3uwoq-6g3ya-1,ib_counter,rdma_vf_rail1,port_xmit_discards,0
2026-09-30T06:47:14.419Z,gpu-3uwoq-6g3ya-1,ib_counter,rdma_vf_rail1,link_downed,0
2026-09-30T06:47:14.419Z,gpu-3uwoq-6g3ya-1,ib_hw_counter,rdma_vf_rail1,out_of_sequence,0
2026-09-30T06:47:14.419Z,gpu-3uwoq-6g3ya-1,ib_hw_counter,rdma_vf_rail1,packet_seq_err,8
2026-09-30T06:47:14.419Z,gpu-3uwoq-6g3ya-1,ib_hw_counter,rdma_vf_rail1,local_ack_timeout_err,0
2026-09-30T06:47:14.419Z,gpu-3uwoq-6g3ya-1,ib_hw_counter,rdma_vf_rail1,rx_write_requests,4.42808e+08
2026-09-30T06:47:14.419Z,gpu-3uwoq-6g3ya-1,ib_hw_counter,rdma_vf_rail1,rx_read_requests,8.03731e+06
2026-09-30T06:47:14.419Z,gpu-3uwoq-6g3ya-1,ib_hw_counter,rdma_vf_rail1,req_cqe_error,0
2026-09-30T06:47:14.419Z,gpu-3uwoq-6g3ya-1,ib_hw_counter,rdma_vf_rail1,resp_cqe_error,0
2026-09-30T06:47:14.419Z,gpu-3uwoq-6g3ya-1,ib_hw_counter,rdma_vf_rail1,implied_nak_seq_err,0
2026-09-30T06:47:14.419Z,gpu-3uwoq-6g3ya-1,ib_hw_counter,rdma_vf_rail1,duplicate_request,0
2026-09-30T06:47:14.419Z,gpu-3uwoq-6g3ya-1,ib_counter,rdma_vf_rail2,port_xmit_data,3.91927e+12
2026-09-30T06:47:14.419Z,gpu-3uwoq-6g3ya-1,ib_counter,rdma_vf_rail2,port_rcv_data,1.95098e+12
2026-09-30T06:47:14.419Z,gpu-3uwoq-6g3ya-1,ib_counter,rdma_vf_rail2,port_xmit_packets,1.0544e+09
2026-09-30T06:47:14.419Z,gpu-3uwoq-6g3ya-1,ib_counter,rdma_vf_rail2,port_rcv_packets,6.80094e+08
2026-09-30T06:47:14.419Z,gpu-3uwoq-6g3ya-1,ib_counter,rdma_vf_rail2,port_xmit_wait,0
2026-09-30T06:47:14.419Z,gpu-3uwoq-6g3ya-1,ib_counter,rdma_vf_rail2,port_rcv_errors,0
2026-09-30T06:47:14.419Z,gpu-3uwoq-6g3ya-1,ib_counter,rdma_vf_rail2,port_xmit_discards,0
2026-09-30T06:47:14.419Z,gpu-3uwoq-6g3ya-1,ib_counter,rdma_vf_rail2,link_downed,0
2026-09-30T06:47:14.419Z,gpu-3uwoq-6g3ya-1,ib_hw_counter,rdma_vf_rail2,out_of_sequence,0
2026-09-30T06:47:14.419Z,gpu-3uwoq-6g3ya-1,ib_hw_counter,rdma_vf_rail2,packet_seq_err,7
2026-09-30T06:47:14.419Z,gpu-3uwoq-6g3ya-1,ib_hw_counter,rdma_vf_rail2,local_ack_timeout_err,0
2026-09-30T06:47:14.419Z,gpu-3uwoq-6g3ya-1,ib_hw_counter,rdma_vf_rail2,rx_write_requests,4.42381e+08
2026-09-30T06:47:14.419Z,gpu-3uwoq-6g3ya-1,ib_hw_counter,rdma_vf_rail2,rx_read_requests,7.82969e+06
2026-09-30T06:47:14.419Z,gpu-3uwoq-6g3ya-1,ib_hw_counter,rdma_vf_rail2,req_cqe_error,0
2026-09-30T06:47:14.419Z,gpu-3uwoq-6g3ya-1,ib_hw_counter,rdma_vf_rail2,resp_cqe_error,0
2026-09-30T06:47:14.419Z,gpu-3uwoq-6g3ya-1,ib_hw_counter,rdma_vf_rail2,implied_nak_seq_err,0
2026-09-30T06:47:14.419Z,gpu-3uwoq-6g3ya-1,ib_hw_counter,rdma_vf_rail2,duplicate_request,0
2026-09-30T06:47:14.419Z,gpu-3uwoq-6g3ya-1,ib_counter,rdma_vf_rail3,port_xmit_data,3.91953e+12
2026-09-30T06:47:14.419Z,gpu-3uwoq-6g3ya-1,ib_counter,rdma_vf_rail3,port_rcv_data,1.95074e+12
2026-09-30T06:47:14.419Z,gpu-3uwoq-6g3ya-1,ib_counter,rdma_vf_rail3,port_xmit_packets,1.05518e+09
2026-09-30T06:47:14.419Z,gpu-3uwoq-6g3ya-1,ib_counter,rdma_vf_rail3,port_rcv_packets,6.76919e+08
2026-09-30T06:47:14.419Z,gpu-3uwoq-6g3ya-1,ib_counter,rdma_vf_rail3,port_xmit_wait,0
2026-09-30T06:47:14.419Z,gpu-3uwoq-6g3ya-1,ib_counter,rdma_vf_rail3,port_rcv_errors,0
2026-09-30T06:47:14.419Z,gpu-3uwoq-6g3ya-1,ib_counter,rdma_vf_rail3,port_xmit_discards,0
2026-09-30T06:47:14.419Z,gpu-3uwoq-6g3ya-1,ib_counter,rdma_vf_rail3,link_downed,0
2026-09-30T06:47:14.419Z,gpu-3uwoq-6g3ya-1,ib_hw_counter,rdma_vf_rail3,out_of_sequence,1
2026-09-30T06:47:14.419Z,gpu-3uwoq-6g3ya-1,ib_hw_counter,rdma_vf_rail3,packet_seq_err,7
2026-09-30T06:47:14.419Z,gpu-3uwoq-6g3ya-1,ib_hw_counter,rdma_vf_rail3,local_ack_timeout_err,0
2026-09-30T06:47:14.419Z,gpu-3uwoq-6g3ya-1,ib_hw_counter,rdma_vf_rail3,rx_write_requests,4.42381e+08
2026-09-30T06:47:14.419Z,gpu-3uwoq-6g3ya-1,ib_hw_counter,rdma_vf_rail3,rx_read_requests,7.82969e+06
2026-09-30T06:47:14.419Z,gpu-3uwoq-6g3ya-1,ib_hw_counter,rdma_vf_rail3,req_cqe_error,0
2026-09-30T06:47:14.419Z,gpu-3uwoq-6g3ya-1,ib_hw_counter,rdma_vf_rail3,resp_cqe_error,0
2026-09-30T06:47:14.419Z,gpu-3uwoq-6g3ya-1,ib_hw_counter,rdma_vf_rail3,implied_nak_seq_err,0
2026-09-30T06:47:14.419Z,gpu-3uwoq-6g3ya-1,ib_hw_counter,rdma_vf_rail3,duplicate_request,0
2026-09-30T06:47:14.419Z,gpu-3uwoq-6g3ya-1,dcgm,gpu2,gpu_util,0
2026-09-30T06:47:14.419Z,gpu-3uwoq-6g3ya-1,dcgm,gpu3,gpu_util,0
2026-09-30T06:47:14.419Z,gpu-3uwoq-6g3ya-1,dcgm,gpu0,gpu_util,0
2026-09-30T06:47:14.419Z,gpu-3uwoq-6g3ya-1,dcgm,gpu1,gpu_util,0
2026-09-30T06:47:14.419Z,gpu-3uwoq-6g3ya-1,dcgm,gpu2,nvlink_bandwidth_total,0
2026-09-30T06:47:14.419Z,gpu-3uwoq-6g3ya-1,dcgm,gpu3,nvlink_bandwidth_total,0
2026-09-30T06:47:14.419Z,gpu-3uwoq-6g3ya-1,dcgm,gpu0,nvlink_bandwidth_total,0
2026-09-30T06:47:14.419Z,gpu-3uwoq-6g3ya-1,dcgm,gpu1,nvlink_bandwidth_total,0
2026-09-30T06:47:14.419Z,gpu-3uwoq-6g3ya-1,dcgm,gpu2,power_w,223.243
2026-09-30T06:47:14.419Z,gpu-3uwoq-6g3ya-1,dcgm,gpu3,power_w,227.099
2026-09-30T06:47:14.419Z,gpu-3uwoq-6g3ya-1,dcgm,gpu0,power_w,230.65
2026-09-30T06:47:14.419Z,gpu-3uwoq-6g3ya-1,dcgm,gpu1,power_w,228.565
2026-09-30T06:47:14.419Z,gpu-3uwoq-6g3ya-1,dcgm,gpu2,sm_clock_mhz,2070
2026-09-30T06:47:14.419Z,gpu-3uwoq-6g3ya-1,dcgm,gpu3,sm_clock_mhz,2070
2026-09-30T06:47:14.419Z,gpu-3uwoq-6g3ya-1,dcgm,gpu0,sm_clock_mhz,2070
2026-09-30T06:47:14.419Z,gpu-3uwoq-6g3ya-1,dcgm,gpu1,sm_clock_mhz,2070
2026-09-30T06:47:14.419Z,gpu-3uwoq-6g3ya-1,dcgm,gpu2,dram_active,0
2026-09-30T06:47:14.419Z,gpu-3uwoq-6g3ya-1,dcgm,gpu3,dram_active,0
2026-09-30T06:47:14.419Z,gpu-3uwoq-6g3ya-1,dcgm,gpu0,dram_active,0
2026-09-30T06:47:14.419Z,gpu-3uwoq-6g3ya-1,dcgm,gpu1,dram_active,0
2026-09-30T06:47:14.419Z,gpu-3uwoq-6g3ya-1,dcgm,gpu2,pcie_rx_bytes,100516
2026-09-30T06:47:14.419Z,gpu-3uwoq-6g3ya-1,dcgm,gpu3,pcie_rx_bytes,95879
2026-09-30T06:47:14.419Z,gpu-3uwoq-6g3ya-1,dcgm,gpu0,pcie_rx_bytes,99529
2026-09-30T06:47:14.419Z,gpu-3uwoq-6g3ya-1,dcgm,gpu1,pcie_rx_bytes,190359
2026-09-30T06:47:14.419Z,gpu-3uwoq-6g3ya-1,dcgm,gpu2,pcie_tx_bytes,94630
2026-09-30T06:47:14.419Z,gpu-3uwoq-6g3ya-1,dcgm,gpu3,pcie_tx_bytes,90026
2026-09-30T06:47:14.419Z,gpu-3uwoq-6g3ya-1,dcgm,gpu0,pcie_tx_bytes,93554
2026-09-30T06:47:14.419Z,gpu-3uwoq-6g3ya-1,dcgm,gpu1,pcie_tx_bytes,179832
2026-09-30T06:47:14.419Z,gpu-3uwoq-6g3ya-1,dcgm,gpu2,tensor_active,0
2026-09-30T06:47:14.419Z,gpu-3uwoq-6g3ya-1,dcgm,gpu3,tensor_active,0
2026-09-30T06:47:14.419Z,gpu-3uwoq-6g3ya-1,dcgm,gpu0,tensor_active,0
2026-09-30T06:47:14.419Z,gpu-3uwoq-6g3ya-1,dcgm,gpu1,tensor_active,0
2026-09-30T06:47:14.419Z,gpu-3uwoq-6g3ya-1,dcgm,gpu2,sm_active,0
2026-09-30T06:47:14.419Z,gpu-3uwoq-6g3ya-1,dcgm,gpu3,sm_active,0
2026-09-30T06:47:14.419Z,gpu-3uwoq-6g3ya-1,dcgm,gpu0,sm_active,0
2026-09-30T06:47:14.419Z,gpu-3uwoq-6g3ya-1,dcgm,gpu1,sm_active,0
2026-09-30T06:47:14.419Z,gpu-3uwoq-6g3ya-1,nvlink,gpu0,nvlink_rx_bytes,1.02469e+13
2026-09-30T06:47:14.419Z,gpu-3uwoq-6g3ya-1,nvlink,gpu0,nvlink_tx_bytes,1.02513e+13
2026-09-30T06:47:14.419Z,gpu-3uwoq-6g3ya-1,nvlink,gpu1,nvlink_rx_bytes,1.04013e+13
2026-09-30T06:47:14.419Z,gpu-3uwoq-6g3ya-1,nvlink,gpu1,nvlink_tx_bytes,1.04042e+13
2026-09-30T06:47:14.419Z,gpu-3uwoq-6g3ya-1,nvlink,gpu2,nvlink_rx_bytes,1.02695e+13
2026-09-30T06:47:14.419Z,gpu-3uwoq-6g3ya-1,nvlink,gpu2,nvlink_tx_bytes,1.02732e+13
2026-09-30T06:47:14.419Z,gpu-3uwoq-6g3ya-1,nvlink,gpu3,nvlink_rx_bytes,1.0219e+13
2026-09-30T06:47:14.419Z,gpu-3uwoq-6g3ya-1,nvlink,gpu3,nvlink_tx_bytes,1.0222e+13
2026-09-30T06:47:15.419Z,gpu-3uwoq-6g3ya-1,ib_counter,rdma_vf_rail0,port_xmit_data,4.05431e+12
2026-09-30T06:47:15.419Z,gpu-3uwoq-6g3ya-1,ib_counter,rdma_vf_rail0,port_rcv_data,2.08688e+12
2026-09-30T06:47:15.419Z,gpu-3uwoq-6g3ya-1,ib_counter,rdma_vf_rail0,port_xmit_packets,1.09514e+09
2026-09-30T06:47:15.419Z,gpu-3uwoq-6g3ya-1,ib_counter,rdma_vf_rail0,port_rcv_packets,7.30222e+08
2026-09-30T06:47:15.419Z,gpu-3uwoq-6g3ya-1,ib_counter,rdma_vf_rail0,port_xmit_wait,0
2026-09-30T06:47:15.419Z,gpu-3uwoq-6g3ya-1,ib_counter,rdma_vf_rail0,port_rcv_errors,0
2026-09-30T06:47:15.419Z,gpu-3uwoq-6g3ya-1,ib_counter,rdma_vf_rail0,port_xmit_discards,0
2026-09-30T06:47:15.419Z,gpu-3uwoq-6g3ya-1,ib_counter,rdma_vf_rail0,link_downed,0
2026-09-30T06:47:15.419Z,gpu-3uwoq-6g3ya-1,ib_hw_counter,rdma_vf_rail0,out_of_sequence,0
2026-09-30T06:47:15.419Z,gpu-3uwoq-6g3ya-1,ib_hw_counter,rdma_vf_rail0,packet_seq_err,8
2026-09-30T06:47:15.419Z,gpu-3uwoq-6g3ya-1,ib_hw_counter,rdma_vf_rail0,local_ack_timeout_err,0
2026-09-30T06:47:15.419Z,gpu-3uwoq-6g3ya-1,ib_hw_counter,rdma_vf_rail0,rx_write_requests,4.44406e+08
2026-09-30T06:47:15.419Z,gpu-3uwoq-6g3ya-1,ib_hw_counter,rdma_vf_rail0,rx_read_requests,8.83833e+06
2026-09-30T06:47:15.419Z,gpu-3uwoq-6g3ya-1,ib_hw_counter,rdma_vf_rail0,req_cqe_error,0
2026-09-30T06:47:15.419Z,gpu-3uwoq-6g3ya-1,ib_hw_counter,rdma_vf_rail0,resp_cqe_error,0
2026-09-30T06:47:15.419Z,gpu-3uwoq-6g3ya-1,ib_hw_counter,rdma_vf_rail0,implied_nak_seq_err,0
2026-09-30T06:47:15.419Z,gpu-3uwoq-6g3ya-1,ib_hw_counter,rdma_vf_rail0,duplicate_request,0
2026-09-30T06:47:15.419Z,gpu-3uwoq-6g3ya-1,ib_counter,rdma_vf_rail1,port_xmit_data,3.94677e+12
2026-09-30T06:47:15.419Z,gpu-3uwoq-6g3ya-1,ib_counter,rdma_vf_rail1,port_rcv_data,1.97875e+12
2026-09-30T06:47:15.419Z,gpu-3uwoq-6g3ya-1,ib_counter,rdma_vf_rail1,port_xmit_packets,1.06896e+09
2026-09-30T06:47:15.419Z,gpu-3uwoq-6g3ya-1,ib_counter,rdma_vf_rail1,port_rcv_packets,6.99145e+08
2026-09-30T06:47:15.419Z,gpu-3uwoq-6g3ya-1,ib_counter,rdma_vf_rail1,port_xmit_wait,0
2026-09-30T06:47:15.419Z,gpu-3uwoq-6g3ya-1,ib_counter,rdma_vf_rail1,port_rcv_errors,0
2026-09-30T06:47:15.419Z,gpu-3uwoq-6g3ya-1,ib_counter,rdma_vf_rail1,port_xmit_discards,0
2026-09-30T06:47:15.419Z,gpu-3uwoq-6g3ya-1,ib_counter,rdma_vf_rail1,link_downed,0
2026-09-30T06:47:15.419Z,gpu-3uwoq-6g3ya-1,ib_hw_counter,rdma_vf_rail1,out_of_sequence,0
2026-09-30T06:47:15.419Z,gpu-3uwoq-6g3ya-1,ib_hw_counter,rdma_vf_rail1,packet_seq_err,8
2026-09-30T06:47:15.419Z,gpu-3uwoq-6g3ya-1,ib_hw_counter,rdma_vf_rail1,local_ack_timeout_err,0
2026-09-30T06:47:15.419Z,gpu-3uwoq-6g3ya-1,ib_hw_counter,rdma_vf_rail1,rx_write_requests,4.42808e+08
2026-09-30T06:47:15.419Z,gpu-3uwoq-6g3ya-1,ib_hw_counter,rdma_vf_rail1,rx_read_requests,8.03731e+06
2026-09-30T06:47:15.419Z,gpu-3uwoq-6g3ya-1,ib_hw_counter,rdma_vf_rail1,req_cqe_error,0
2026-09-30T06:47:15.419Z,gpu-3uwoq-6g3ya-1,ib_hw_counter,rdma_vf_rail1,resp_cqe_error,0
2026-09-30T06:47:15.419Z,gpu-3uwoq-6g3ya-1,ib_hw_counter,rdma_vf_rail1,implied_nak_seq_err,0
2026-09-30T06:47:15.419Z,gpu-3uwoq-6g3ya-1,ib_hw_counter,rdma_vf_rail1,duplicate_request,0
2026-09-30T06:47:15.419Z,gpu-3uwoq-6g3ya-1,ib_counter,rdma_vf_rail2,port_xmit_data,3.91927e+12
2026-09-30T06:47:15.419Z,gpu-3uwoq-6g3ya-1,ib_counter,rdma_vf_rail2,port_rcv_data,1.95098e+12
2026-09-30T06:47:15.419Z,gpu-3uwoq-6g3ya-1,ib_counter,rdma_vf_rail2,port_xmit_packets,1.0544e+09
2026-09-30T06:47:15.419Z,gpu-3uwoq-6g3ya-1,ib_counter,rdma_vf_rail2,port_rcv_packets,6.80094e+08
2026-09-30T06:47:15.419Z,gpu-3uwoq-6g3ya-1,ib_counter,rdma_vf_rail2,port_xmit_wait,0
2026-09-30T06:47:15.419Z,gpu-3uwoq-6g3ya-1,ib_counter,rdma_vf_rail2,port_rcv_errors,0
2026-09-30T06:47:15.419Z,gpu-3uwoq-6g3ya-1,ib_counter,rdma_vf_rail2,port_xmit_discards,0
2026-09-30T06:47:15.419Z,gpu-3uwoq-6g3ya-1,ib_counter,rdma_vf_rail2,link_downed,0
2026-09-30T06:47:15.419Z,gpu-3uwoq-6g3ya-1,ib_hw_counter,rdma_vf_rail2,out_of_sequence,0
2026-09-30T06:47:15.419Z,gpu-3uwoq-6g3ya-1,ib_hw_counter,rdma_vf_rail2,packet_seq_err,7
2026-09-30T06:47:15.419Z,gpu-3uwoq-6g3ya-1,ib_hw_counter,rdma_vf_rail2,local_ack_timeout_err,0
2026-09-30T06:47:15.419Z,gpu-3uwoq-6g3ya-1,ib_hw_counter,rdma_vf_rail2,rx_write_requests,4.42381e+08
2026-09-30T06:47:15.419Z,gpu-3uwoq-6g3ya-1,ib_hw_counter,rdma_vf_rail2,rx_read_requests,7.82969e+06
2026-09-30T06:47:15.419Z,gpu-3uwoq-6g3ya-1,ib_hw_counter,rdma_vf_rail2,req_cqe_error,0
2026-09-30T06:47:15.419Z,gpu-3uwoq-6g3ya-1,ib_hw_counter,rdma_vf_rail2,resp_cqe_error,0
2026-09-30T06:47:15.419Z,gpu-3uwoq-6g3ya-1,ib_hw_counter,rdma_vf_rail2,implied_nak_seq_err,0
2026-09-30T06:47:15.419Z,gpu-3uwoq-6g3ya-1,ib_hw_counter,rdma_vf_rail2,duplicate_request,0
2026-09-30T06:47:15.419Z,gpu-3uwoq-6g3ya-1,ib_counter,rdma_vf_rail3,port_xmit_data,3.91953e+12
2026-09-30T06:47:15.419Z,gpu-3uwoq-6g3ya-1,ib_counter,rdma_vf_rail3,port_rcv_data,1.95074e+12
2026-09-30T06:47:15.419Z,gpu-3uwoq-6g3ya-1,ib_counter,rdma_vf_rail3,port_xmit_packets,1.05518e+09
2026-09-30T06:47:15.419Z,gpu-3uwoq-6g3ya-1,ib_counter,rdma_vf_rail3,port_rcv_packets,6.76919e+08
2026-09-30T06:47:15.419Z,gpu-3uwoq-6g3ya-1,ib_counter,rdma_vf_rail3,port_xmit_wait,0
2026-09-30T06:47:15.419Z,gpu-3uwoq-6g3ya-1,ib_counter,rdma_vf_rail3,port_rcv_errors,0
2026-09-30T06:47:15.419Z,gpu-3uwoq-6g3ya-1,ib_counter,rdma_vf_rail3,port_xmit_discards,0
2026-09-30T06:47:15.419Z,gpu-3uwoq-6g3ya-1,ib_counter,rdma_vf_rail3,link_downed,0
2026-09-30T06:47:15.419Z,gpu-3uwoq-6g3ya-1,ib_hw_counter,rdma_vf_rail3,out_of_sequence,1
2026-09-30T06:47:15.419Z,gpu-3uwoq-6g3ya-1,ib_hw_counter,rdma_vf_rail3,packet_seq_err,7
2026-09-30T06:47:15.419Z,gpu-3uwoq-6g3ya-1,ib_hw_counter,rdma_vf_rail3,local_ack_timeout_err,0
2026-09-30T06:47:15.419Z,gpu-3uwoq-6g3ya-1,ib_hw_counter,rdma_vf_rail3,rx_write_requests,4.42381e+08
2026-09-30T06:47:15.419Z,gpu-3uwoq-6g3ya-1,ib_hw_counter,rdma_vf_rail3,rx_read_requests,7.82969e+06
2026-09-30T06:47:15.419Z,gpu-3uwoq-6g3ya-1,ib_hw_counter,rdma_vf_rail3,req_cqe_error,0
2026-09-30T06:47:15.419Z,gpu-3uwoq-6g3ya-1,ib_hw_counter,rdma_vf_rail3,resp_cqe_error,0
2026-09-30T06:47:15.419Z,gpu-3uwoq-6g3ya-1,ib_hw_counter,rdma_vf_rail3,implied_nak_seq_err,0
2026-09-30T06:47:15.419Z,gpu-3uwoq-6g3ya-1,ib_hw_counter,rdma_vf_rail3,duplicate_request,0
2026-09-30T06:47:15.419Z,gpu-3uwoq-6g3ya-1,dcgm,gpu2,gpu_util,0
2026-09-30T06:47:15.419Z,gpu-3uwoq-6g3ya-1,dcgm,gpu3,gpu_util,0
2026-09-30T06:47:15.419Z,gpu-3uwoq-6g3ya-1,dcgm,gpu0,gpu_util,0
2026-09-30T06:47:15.419Z,gpu-3uwoq-6g3ya-1,dcgm,gpu1,gpu_util,0
2026-09-30T06:47:15.419Z,gpu-3uwoq-6g3ya-1,dcgm,gpu2,nvlink_bandwidth_total,0
2026-09-30T06:47:15.419Z,gpu-3uwoq-6g3ya-1,dcgm,gpu3,nvlink_bandwidth_total,0
2026-09-30T06:47:15.419Z,gpu-3uwoq-6g3ya-1,dcgm,gpu0,nvlink_bandwidth_total,0
2026-09-30T06:47:15.419Z,gpu-3uwoq-6g3ya-1,dcgm,gpu1,nvlink_bandwidth_total,0
2026-09-30T06:47:15.419Z,gpu-3uwoq-6g3ya-1,dcgm,gpu2,power_w,223.243
2026-09-30T06:47:15.419Z,gpu-3uwoq-6g3ya-1,dcgm,gpu3,power_w,227.099
2026-09-30T06:47:15.419Z,gpu-3uwoq-6g3ya-1,dcgm,gpu0,power_w,230.65
2026-09-30T06:47:15.419Z,gpu-3uwoq-6g3ya-1,dcgm,gpu1,power_w,228.565
2026-09-30T06:47:15.419Z,gpu-3uwoq-6g3ya-1,dcgm,gpu2,sm_clock_mhz,2070
2026-09-30T06:47:15.419Z,gpu-3uwoq-6g3ya-1,dcgm,gpu3,sm_clock_mhz,2070
2026-09-30T06:47:15.419Z,gpu-3uwoq-6g3ya-1,dcgm,gpu0,sm_clock_mhz,2070
2026-09-30T06:47:15.419Z,gpu-3uwoq-6g3ya-1,dcgm,gpu1,sm_clock_mhz,2070
2026-09-30T06:47:15.419Z,gpu-3uwoq-6g3ya-1,dcgm,gpu2,dram_active,0
2026-09-30T06:47:15.419Z,gpu-3uwoq-6g3ya-1,dcgm,gpu3,dram_active,0
2026-09-30T06:47:15.419Z,gpu-3uwoq-6g3ya-1,dcgm,gpu0,dram_active,0
2026-09-30T06:47:15.419Z,gpu-3uwoq-6g3ya-1,dcgm,gpu1,dram_active,0
2026-09-30T06:47:15.419Z,gpu-3uwoq-6g3ya-1,dcgm,gpu2,pcie_rx_bytes,100516
2026-09-30T06:47:15.419Z,gpu-3uwoq-6g3ya-1,dcgm,gpu3,pcie_rx_bytes,95879
2026-09-30T06:47:15.419Z,gpu-3uwoq-6g3ya-1,dcgm,gpu0,pcie_rx_bytes,99529
2026-09-30T06:47:15.419Z,gpu-3uwoq-6g3ya-1,dcgm,gpu1,pcie_rx_bytes,190359
2026-09-30T06:47:15.419Z,gpu-3uwoq-6g3ya-1,dcgm,gpu2,pcie_tx_bytes,94630
2026-09-30T06:47:15.419Z,gpu-3uwoq-6g3ya-1,dcgm,gpu3,pcie_tx_bytes,90026
2026-09-30T06:47:15.419Z,gpu-3uwoq-6g3ya-1,dcgm,gpu0,pcie_tx_bytes,93554
2026-09-30T06:47:15.419Z,gpu-3uwoq-6g3ya-1,dcgm,gpu1,pcie_tx_bytes,179832
2026-09-30T06:47:15.419Z,gpu-3uwoq-6g3ya-1,dcgm,gpu2,tensor_active,0
2026-09-30T06:47:15.419Z,gpu-3uwoq-6g3ya-1,dcgm,gpu3,tensor_active,0
2026-09-30T06:47:15.419Z,gpu-3uwoq-6g3ya-1,dcgm,gpu0,tensor_active,0
2026-09-30T06:47:15.419Z,gpu-3uwoq-6g3ya-1,dcgm,gpu1,tensor_active,0
2026-09-30T06:47:15.419Z,gpu-3uwoq-6g3ya-1,dcgm,gpu2,sm_active,0
2026-09-30T06:47:15.419Z,gpu-3uwoq-6g3ya-1,dcgm,gpu3,sm_active,0
2026-09-30T06:47:15.419Z,gpu-3uwoq-6g3ya-1,dcgm,gpu0,sm_active,0
2026-09-30T06:47:15.419Z,gpu-3uwoq-6g3ya-1,dcgm,gpu1,sm_active,0
2026-09-30T06:47:15.419Z,gpu-3uwoq-6g3ya-1,nvlink,gpu0,nvlink_rx_bytes,1.02469e+13
2026-09-30T06:47:15.419Z,gpu-3uwoq-6g3ya-1,nvlink,gpu0,nvlink_tx_bytes,1.02513e+13
2026-09-30T06:47:15.419Z,gpu-3uwoq-6g3ya-1,nvlink,gpu1,nvlink_rx_bytes,1.04013e+13
2026-09-30T06:47:15.419Z,gpu-3uwoq-6g3ya-1,nvlink,gpu1,nvlink_tx_bytes,1.04042e+13
2026-09-30T06:47:15.419Z,gpu-3uwoq-6g3ya-1,nvlink,gpu2,nvlink_rx_bytes,1.02695e+13
2026-09-30T06:47:15.419Z,gpu-3uwoq-6g3ya-1,nvlink,gpu2,nvlink_tx_bytes,1.02732e+13
2026-09-30T06:47:15.419Z,gpu-3uwoq-6g3ya-1,nvlink,gpu3,nvlink_rx_bytes,1.0219e+13
2026-09-30T06:47:15.419Z,gpu-3uwoq-6g3ya-1,nvlink,gpu3,nvlink_tx_bytes,1.0222e+13
2026-09-30T06:47:16.419Z,gpu-3uwoq-6g3ya-1,ib_counter,rdma_vf_rail0,port_xmit_data,4.05431e+12
2026-09-30T06:47:16.419Z,gpu-3uwoq-6g3ya-1,ib_counter,rdma_vf_rail0,port_rcv_data,2.08688e+12
2026-09-30T06:47:16.419Z,gpu-3uwoq-6g3ya-1,ib_counter,rdma_vf_rail0,port_xmit_packets,1.09514e+09
2026-09-30T06:47:16.419Z,gpu-3uwoq-6g3ya-1,ib_counter,rdma_vf_rail0,port_rcv_packets,7.30222e+08
2026-09-30T06:47:16.419Z,gpu-3uwoq-6g3ya-1,ib_counter,rdma_vf_rail0,port_xmit_wait,0
2026-09-30T06:47:16.419Z,gpu-3uwoq-6g3ya-1,ib_counter,rdma_vf_rail0,port_rcv_errors,0
2026-09-30T06:47:16.419Z,gpu-3uwoq-6g3ya-1,ib_counter,rdma_vf_rail0,port_xmit_discards,0
2026-09-30T06:47:16.419Z,gpu-3uwoq-6g3ya-1,ib_counter,rdma_vf_rail0,link_downed,0
2026-09-30T06:47:16.419Z,gpu-3uwoq-6g3ya-1,ib_hw_counter,rdma_vf_rail0,out_of_sequence,0
2026-09-30T06:47:16.419Z,gpu-3uwoq-6g3ya-1,ib_hw_counter,rdma_vf_rail0,packet_seq_err,8
2026-09-30T06:47:16.419Z,gpu-3uwoq-6g3ya-1,ib_hw_counter,rdma_vf_rail0,local_ack_timeout_err,0
2026-09-30T06:47:16.419Z,gpu-3uwoq-6g3ya-1,ib_hw_counter,rdma_vf_rail0,rx_write_requests,4.44406e+08
2026-09-30T06:47:16.419Z,gpu-3uwoq-6g3ya-1,ib_hw_counter,rdma_vf_rail0,rx_read_requests,8.83833e+06
2026-09-30T06:47:16.419Z,gpu-3uwoq-6g3ya-1,ib_hw_counter,rdma_vf_rail0,req_cqe_error,0
2026-09-30T06:47:16.419Z,gpu-3uwoq-6g3ya-1,ib_hw_counter,rdma_vf_rail0,resp_cqe_error,0
2026-09-30T06:47:16.419Z,gpu-3uwoq-6g3ya-1,ib_hw_counter,rdma_vf_rail0,implied_nak_seq_err,0
2026-09-30T06:47:16.419Z,gpu-3uwoq-6g3ya-1,ib_hw_counter,rdma_vf_rail0,duplicate_request,0
2026-09-30T06:47:16.419Z,gpu-3uwoq-6g3ya-1,ib_counter,rdma_vf_rail1,port_xmit_data,3.94677e+12
2026-09-30T06:47:16.419Z,gpu-3uwoq-6g3ya-1,ib_counter,rdma_vf_rail1,port_rcv_data,1.97875e+12
2026-09-30T06:47:16.419Z,gpu-3uwoq-6g3ya-1,ib_counter,rdma_vf_rail1,port_xmit_packets,1.06896e+09
2026-09-30T06:47:16.419Z,gpu-3uwoq-6g3ya-1,ib_counter,rdma_vf_rail1,port_rcv_packets,6.99145e+08
2026-09-30T06:47:16.419Z,gpu-3uwoq-6g3ya-1,ib_counter,rdma_vf_rail1,port_xmit_wait,0
2026-09-30T06:47:16.419Z,gpu-3uwoq-6g3ya-1,ib_counter,rdma_vf_rail1,port_rcv_errors,0
2026-09-30T06:47:16.419Z,gpu-3uwoq-6g3ya-1,ib_counter,rdma_vf_rail1,port_xmit_discards,0
2026-09-30T06:47:16.419Z,gpu-3uwoq-6g3ya-1,ib_counter,rdma_vf_rail1,link_downed,0
2026-09-30T06:47:16.419Z,gpu-3uwoq-6g3ya-1,ib_hw_counter,rdma_vf_rail1,out_of_sequence,0
2026-09-30T06:47:16.419Z,gpu-3uwoq-6g3ya-1,ib_hw_counter,rdma_vf_rail1,packet_seq_err,8
2026-09-30T06:47:16.419Z,gpu-3uwoq-6g3ya-1,ib_hw_counter,rdma_vf_rail1,local_ack_timeout_err,0
2026-09-30T06:47:16.419Z,gpu-3uwoq-6g3ya-1,ib_hw_counter,rdma_vf_rail1,rx_write_requests,4.42808e+08
2026-09-30T06:47:16.419Z,gpu-3uwoq-6g3ya-1,ib_hw_counter,rdma_vf_rail1,rx_read_requests,8.03731e+06
2026-09-30T06:47:16.419Z,gpu-3uwoq-6g3ya-1,ib_hw_counter,rdma_vf_rail1,req_cqe_error,0
2026-09-30T06:47:16.419Z,gpu-3uwoq-6g3ya-1,ib_hw_counter,rdma_vf_rail1,resp_cqe_error,0
2026-09-30T06:47:16.419Z,gpu-3uwoq-6g3ya-1,ib_hw_counter,rdma_vf_rail1,implied_nak_seq_err,0
2026-09-30T06:47:16.419Z,gpu-3uwoq-6g3ya-1,ib_hw_counter,rdma_vf_rail1,duplicate_request,0
2026-09-30T06:47:16.419Z,gpu-3uwoq-6g3ya-1,ib_counter,rdma_vf_rail2,port_xmit_data,3.91927e+12
2026-09-30T06:47:16.419Z,gpu-3uwoq-6g3ya-1,ib_counter,rdma_vf_rail2,port_rcv_data,1.95098e+12
2026-09-30T06:47:16.419Z,gpu-3uwoq-6g3ya-1,ib_counter,rdma_vf_rail2,port_xmit_packets,1.0544e+09
2026-09-30T06:47:16.419Z,gpu-3uwoq-6g3ya-1,ib_counter,rdma_vf_rail2,port_rcv_packets,6.80094e+08
2026-09-30T06:47:16.419Z,gpu-3uwoq-6g3ya-1,ib_counter,rdma_vf_rail2,port_xmit_wait,0
2026-09-30T06:47:16.419Z,gpu-3uwoq-6g3ya-1,ib_counter,rdma_vf_rail2,port_rcv_errors,0
2026-09-30T06:47:16.419Z,gpu-3uwoq-6g3ya-1,ib_counter,rdma_vf_rail2,port_xmit_discards,0
2026-09-30T06:47:16.419Z,gpu-3uwoq-6g3ya-1,ib_counter,rdma_vf_rail2,link_downed,0
2026-09-30T06:47:16.419Z,gpu-3uwoq-6g3ya-1,ib_hw_counter,rdma_vf_rail2,out_of_sequence,0
2026-09-30T06:47:16.419Z,gpu-3uwoq-6g3ya-1,ib_hw_counter,rdma_vf_rail2,packet_seq_err,7
2026-09-30T06:47:16.419Z,gpu-3uwoq-6g3ya-1,ib_hw_counter,rdma_vf_rail2,local_ack_timeout_err,0
2026-09-30T06:47:16.419Z,gpu-3uwoq-6g3ya-1,ib_hw_counter,rdma_vf_rail2,rx_write_requests,4.42381e+08
2026-09-30T06:47:16.419Z,gpu-3uwoq-6g3ya-1,ib_hw_counter,rdma_vf_rail2,rx_read_requests,7.82969e+06
2026-09-30T06:47:16.419Z,gpu-3uwoq-6g3ya-1,ib_hw_counter,rdma_vf_rail2,req_cqe_error,0
2026-09-30T06:47:16.419Z,gpu-3uwoq-6g3ya-1,ib_hw_counter,rdma_vf_rail2,resp_cqe_error,0
2026-09-30T06:47:16.419Z,gpu-3uwoq-6g3ya-1,ib_hw_counter,rdma_vf_rail2,implied_nak_seq_err,0
2026-09-30T06:47:16.419Z,gpu-3uwoq-6g3ya-1,ib_hw_counter,rdma_vf_rail2,duplicate_request,0
2026-09-30T06:47:16.419Z,gpu-3uwoq-6g3ya-1,ib_counter,rdma_vf_rail3,port_xmit_data,3.91953e+12
2026-09-30T06:47:16.419Z,gpu-3uwoq-6g3ya-1,ib_counter,rdma_vf_rail3,port_rcv_data,1.95074e+12
2026-09-30T06:47:16.419Z,gpu-3uwoq-6g3ya-1,ib_counter,rdma_vf_rail3,port_xmit_packets,1.05518e+09
2026-09-30T06:47:16.419Z,gpu-3uwoq-6g3ya-1,ib_counter,rdma_vf_rail3,port_rcv_packets,6.76919e+08
2026-09-30T06:47:16.419Z,gpu-3uwoq-6g3ya-1,ib_counter,rdma_vf_rail3,port_xmit_wait,0
2026-09-30T06:47:16.419Z,gpu-3uwoq-6g3ya-1,ib_counter,rdma_vf_rail3,port_rcv_errors,0
2026-09-30T06:47:16.419Z,gpu-3uwoq-6g3ya-1,ib_counter,rdma_vf_rail3,port_xmit_discards,0
2026-09-30T06:47:16.419Z,gpu-3uwoq-6g3ya-1,ib_counter,rdma_vf_rail3,link_downed,0
2026-09-30T06:47:16.419Z,gpu-3uwoq-6g3ya-1,ib_hw_counter,rdma_vf_rail3,out_of_sequence,1
2026-09-30T06:47:16.419Z,gpu-3uwoq-6g3ya-1,ib_hw_counter,rdma_vf_rail3,packet_seq_err,7
2026-09-30T06:47:16.419Z,gpu-3uwoq-6g3ya-1,ib_hw_counter,rdma_vf_rail3,local_ack_timeout_err,0
2026-09-30T06:47:16.419Z,gpu-3uwoq-6g3ya-1,ib_hw_counter,rdma_vf_rail3,rx_write_requests,4.42381e+08
2026-09-30T06:47:16.419Z,gpu-3uwoq-6g3ya-1,ib_hw_counter,rdma_vf_rail3,rx_read_requests,7.82969e+06
2026-09-30T06:47:16.419Z,gpu-3uwoq-6g3ya-1,ib_hw_counter,rdma_vf_rail3,req_cqe_error,0
2026-09-30T06:47:16.419Z,gpu-3uwoq-6g3ya-1,ib_hw_counter,rdma_vf_rail3,resp_cqe_error,0
2026-09-30T06:47:16.419Z,gpu-3uwoq-6g3ya-1,ib_hw_counter,rdma_vf_rail3,implied_nak_seq_err,0
2026-09-30T06:47:16.419Z,gpu-3uwoq-6g3ya-1,ib_hw_counter,rdma_vf_rail3,duplicate_request,0
2026-09-30T06:47:16.419Z,gpu-3uwoq-6g3ya-1,dcgm,gpu2,gpu_util,0
2026-09-30T06:47:16.419Z,gpu-3uwoq-6g3ya-1,dcgm,gpu3,gpu_util,0
2026-09-30T06:47:16.419Z,gpu-3uwoq-6g3ya-1,dcgm,gpu0,gpu_util,0
2026-09-30T06:47:16.419Z,gpu-3uwoq-6g3ya-1,dcgm,gpu1,gpu_util,0
2026-09-30T06:47:16.419Z,gpu-3uwoq-6g3ya-1,dcgm,gpu2,nvlink_bandwidth_total,0
2026-09-30T06:47:16.419Z,gpu-3uwoq-6g3ya-1,dcgm,gpu3,nvlink_bandwidth_total,0
2026-09-30T06:47:16.419Z,gpu-3uwoq-6g3ya-1,dcgm,gpu0,nvlink_bandwidth_total,0
2026-09-30T06:47:16.419Z,gpu-3uwoq-6g3ya-1,dcgm,gpu1,nvlink_bandwidth_total,0
2026-09-30T06:47:16.419Z,gpu-3uwoq-6g3ya-1,dcgm,gpu2,power_w,223.243
2026-09-30T06:47:16.419Z,gpu-3uwoq-6g3ya-1,dcgm,gpu3,power_w,227.099
2026-09-30T06:47:16.419Z,gpu-3uwoq-6g3ya-1,dcgm,gpu0,power_w,230.65
2026-09-30T06:47:16.419Z,gpu-3uwoq-6g3ya-1,dcgm,gpu1,power_w,228.565
2026-09-30T06:47:16.419Z,gpu-3uwoq-6g3ya-1,dcgm,gpu2,sm_clock_mhz,2070
2026-09-30T06:47:16.419Z,gpu-3uwoq-6g3ya-1,dcgm,gpu3,sm_clock_mhz,2070
2026-09-30T06:47:16.419Z,gpu-3uwoq-6g3ya-1,dcgm,gpu0,sm_clock_mhz,2070
2026-09-30T06:47:16.419Z,gpu-3uwoq-6g3ya-1,dcgm,gpu1,sm_clock_mhz,2070
2026-09-30T06:47:16.419Z,gpu-3uwoq-6g3ya-1,dcgm,gpu2,dram_active,0
2026-09-30T06:47:16.419Z,gpu-3uwoq-6g3ya-1,dcgm,gpu3,dram_active,0
2026-09-30T06:47:16.419Z,gpu-3uwoq-6g3ya-1,dcgm,gpu0,dram_active,0
2026-09-30T06:47:16.419Z,gpu-3uwoq-6g3ya-1,dcgm,gpu1,dram_active,0
2026-09-30T06:47:16.419Z,gpu-3uwoq-6g3ya-1,dcgm,gpu2,pcie_rx_bytes,100516
2026-09-30T06:47:16.419Z,gpu-3uwoq-6g3ya-1,dcgm,gpu3,pcie_rx_bytes,95879
2026-09-30T06:47:16.419Z,gpu-3uwoq-6g3ya-1,dcgm,gpu0,pcie_rx_bytes,99529
2026-09-30T06:47:16.419Z,gpu-3uwoq-6g3ya-1,dcgm,gpu1,pcie_rx_bytes,190359
2026-09-30T06:47:16.419Z,gpu-3uwoq-6g3ya-1,dcgm,gpu2,pcie_tx_bytes,94630
2026-09-30T06:47:16.419Z,gpu-3uwoq-6g3ya-1,dcgm,gpu3,pcie_tx_bytes,90026
2026-09-30T06:47:16.419Z,gpu-3uwoq-6g3ya-1,dcgm,gpu0,pcie_tx_bytes,93554
2026-09-30T06:47:16.419Z,gpu-3uwoq-6g3ya-1,dcgm,gpu1,pcie_tx_bytes,179832
2026-09-30T06:47:16.419Z,gpu-3uwoq-6g3ya-1,dcgm,gpu2,tensor_active,0
2026-09-30T06:47:16.419Z,gpu-3uwoq-6g3ya-1,dcgm,gpu3,tensor_active,0
2026-09-30T06:47:16.419Z,gpu-3uwoq-6g3ya-1,dcgm,gpu0,tensor_active,0
2026-09-30T06:47:16.419Z,gpu-3uwoq-6g3ya-1,dcgm,gpu1,tensor_active,0
2026-09-30T06:47:16.419Z,gpu-3uwoq-6g3ya-1,dcgm,gpu2,sm_active,0
2026-09-30T06:47:16.419Z,gpu-3uwoq-6g3ya-1,dcgm,gpu3,sm_active,0
2026-09-30T06:47:16.419Z,gpu-3uwoq-6g3ya-1,dcgm,gpu0,sm_active,0
2026-09-30T06:47:16.419Z,gpu-3uwoq-6g3ya-1,dcgm,gpu1,sm_active,0
2026-09-30T06:47:16.419Z,gpu-3uwoq-6g3ya-1,nvlink,gpu0,nvlink_rx_bytes,1.02469e+13
2026-09-30T06:47:16.419Z,gpu-3uwoq-6g3ya-1,nvlink,gpu0,nvlink_tx_bytes,1.02513e+13
2026-09-30T06:47:16.419Z,gpu-3uwoq-6g3ya-1,nvlink,gpu1,nvlink_rx_bytes,1.04013e+13
2026-09-30T06:47:16.419Z,gpu-3uwoq-6g3ya-1,nvlink,gpu1,nvlink_tx_bytes,1.04042e+13
2026-09-30T06:47:16.419Z,gpu-3uwoq-6g3ya-1,nvlink,gpu2,nvlink_rx_bytes,1.02695e+13
2026-09-30T06:47:16.419Z,gpu-3uwoq-6g3ya-1,nvlink,gpu2,nvlink_tx_bytes,1.02732e+13
2026-09-30T06:47:16.419Z,gpu-3uwoq-6g3ya-1,nvlink,gpu3,nvlink_rx_bytes,1.0219e+13
2026-09-30T06:47:16.419Z,gpu-3uwoq-6g3ya-1,nvlink,gpu3,nvlink_tx_bytes,1.0222e+13
2026-09-30T06:47:17.419Z,gpu-3uwoq-6g3ya-1,ib_counter,rdma_vf_rail0,port_xmit_data,4.05431e+12
2026-09-30T06:47:17.419Z,gpu-3uwoq-6g3ya-1,ib_counter,rdma_vf_rail0,port_rcv_data,2.08688e+12
2026-09-30T06:47:17.419Z,gpu-3uwoq-6g3ya-1,ib_counter,rdma_vf_rail0,port_xmit_packets,1.09514e+09
2026-09-30T06:47:17.419Z,gpu-3uwoq-6g3ya-1,ib_counter,rdma_vf_rail0,port_rcv_packets,7.30222e+08
2026-09-30T06:47:17.419Z,gpu-3uwoq-6g3ya-1,ib_counter,rdma_vf_rail0,port_xmit_wait,0
2026-09-30T06:47:17.419Z,gpu-3uwoq-6g3ya-1,ib_counter,rdma_vf_rail0,port_rcv_errors,0
2026-09-30T06:47:17.419Z,gpu-3uwoq-6g3ya-1,ib_counter,rdma_vf_rail0,port_xmit_discards,0
2026-09-30T06:47:17.419Z,gpu-3uwoq-6g3ya-1,ib_counter,rdma_vf_rail0,link_downed,0
2026-09-30T06:47:17.419Z,gpu-3uwoq-6g3ya-1,ib_hw_counter,rdma_vf_rail0,out_of_sequence,0
2026-09-30T06:47:17.419Z,gpu-3uwoq-6g3ya-1,ib_hw_counter,rdma_vf_rail0,packet_seq_err,8
2026-09-30T06:47:17.419Z,gpu-3uwoq-6g3ya-1,ib_hw_counter,rdma_vf_rail0,local_ack_timeout_err,0
2026-09-30T06:47:17.419Z,gpu-3uwoq-6g3ya-1,ib_hw_counter,rdma_vf_rail0,rx_write_requests,4.44406e+08
2026-09-30T06:47:17.419Z,gpu-3uwoq-6g3ya-1,ib_hw_counter,rdma_vf_rail0,rx_read_requests,8.83833e+06
2026-09-30T06:47:17.419Z,gpu-3uwoq-6g3ya-1,ib_hw_counter,rdma_vf_rail0,req_cqe_error,0
2026-09-30T06:47:17.419Z,gpu-3uwoq-6g3ya-1,ib_hw_counter,rdma_vf_rail0,resp_cqe_error,0
2026-09-30T06:47:17.419Z,gpu-3uwoq-6g3ya-1,ib_hw_counter,rdma_vf_rail0,implied_nak_seq_err,0
2026-09-30T06:47:17.419Z,gpu-3uwoq-6g3ya-1,ib_hw_counter,rdma_vf_rail0,duplicate_request,0
2026-09-30T06:47:17.419Z,gpu-3uwoq-6g3ya-1,ib_counter,rdma_vf_rail1,port_xmit_data,3.94677e+12
2026-09-30T06:47:17.419Z,gpu-3uwoq-6g3ya-1,ib_counter,rdma_vf_rail1,port_rcv_data,1.97875e+12
2026-09-30T06:47:17.419Z,gpu-3uwoq-6g3ya-1,ib_counter,rdma_vf_rail1,port_xmit_packets,1.06896e+09
2026-09-30T06:47:17.419Z,gpu-3uwoq-6g3ya-1,ib_counter,rdma_vf_rail1,port_rcv_packets,6.99145e+08
2026-09-30T06:47:17.419Z,gpu-3uwoq-6g3ya-1,ib_counter,rdma_vf_rail1,port_xmit_wait,0
2026-09-30T06:47:17.419Z,gpu-3uwoq-6g3ya-1,ib_counter,rdma_vf_rail1,port_rcv_errors,0
2026-09-30T06:47:17.419Z,gpu-3uwoq-6g3ya-1,ib_counter,rdma_vf_rail1,port_xmit_discards,0
2026-09-30T06:47:17.419Z,gpu-3uwoq-6g3ya-1,ib_counter,rdma_vf_rail1,link_downed,0
2026-09-30T06:47:17.419Z,gpu-3uwoq-6g3ya-1,ib_hw_counter,rdma_vf_rail1,out_of_sequence,0
2026-09-30T06:47:17.419Z,gpu-3uwoq-6g3ya-1,ib_hw_counter,rdma_vf_rail1,packet_seq_err,8
2026-09-30T06:47:17.419Z,gpu-3uwoq-6g3ya-1,ib_hw_counter,rdma_vf_rail1,local_ack_timeout_err,0
2026-09-30T06:47:17.419Z,gpu-3uwoq-6g3ya-1,ib_hw_counter,rdma_vf_rail1,rx_write_requests,4.42808e+08
2026-09-30T06:47:17.419Z,gpu-3uwoq-6g3ya-1,ib_hw_counter,rdma_vf_rail1,rx_read_requests,8.03731e+06
2026-09-30T06:47:17.419Z,gpu-3uwoq-6g3ya-1,ib_hw_counter,rdma_vf_rail1,req_cqe_error,0
2026-09-30T06:47:17.419Z,gpu-3uwoq-6g3ya-1,ib_hw_counter,rdma_vf_rail1,resp_cqe_error,0
2026-09-30T06:47:17.419Z,gpu-3uwoq-6g3ya-1,ib_hw_counter,rdma_vf_rail1,implied_nak_seq_err,0
2026-09-30T06:47:17.419Z,gpu-3uwoq-6g3ya-1,ib_hw_counter,rdma_vf_rail1,duplicate_request,0
2026-09-30T06:47:17.419Z,gpu-3uwoq-6g3ya-1,ib_counter,rdma_vf_rail2,port_xmit_data,3.91927e+12
2026-09-30T06:47:17.419Z,gpu-3uwoq-6g3ya-1,ib_counter,rdma_vf_rail2,port_rcv_data,1.95098e+12
2026-09-30T06:47:17.419Z,gpu-3uwoq-6g3ya-1,ib_counter,rdma_vf_rail2,port_xmit_packets,1.0544e+09
2026-09-30T06:47:17.419Z,gpu-3uwoq-6g3ya-1,ib_counter,rdma_vf_rail2,port_rcv_packets,6.80094e+08
2026-09-30T06:47:17.419Z,gpu-3uwoq-6g3ya-1,ib_counter,rdma_vf_rail2,port_xmit_wait,0
2026-09-30T06:47:17.419Z,gpu-3uwoq-6g3ya-1,ib_counter,rdma_vf_rail2,port_rcv_errors,0
2026-09-30T06:47:17.419Z,gpu-3uwoq-6g3ya-1,ib_counter,rdma_vf_rail2,port_xmit_discards,0
2026-09-30T06:47:17.419Z,gpu-3uwoq-6g3ya-1,ib_counter,rdma_vf_rail2,link_downed,0
2026-09-30T06:47:17.419Z,gpu-3uwoq-6g3ya-1,ib_hw_counter,rdma_vf_rail2,out_of_sequence,0
2026-09-30T06:47:17.419Z,gpu-3uwoq-6g3ya-1,ib_hw_counter,rdma_vf_rail2,packet_seq_err,7
2026-09-30T06:47:17.419Z,gpu-3uwoq-6g3ya-1,ib_hw_counter,rdma_vf_rail2,local_ack_timeout_err,0
2026-09-30T06:47:17.419Z,gpu-3uwoq-6g3ya-1,ib_hw_counter,rdma_vf_rail2,rx_write_requests,4.42381e+08
2026-09-30T06:47:17.419Z,gpu-3uwoq-6g3ya-1,ib_hw_counter,rdma_vf_rail2,rx_read_requests,7.82969e+06
2026-09-30T06:47:17.419Z,gpu-3uwoq-6g3ya-1,ib_hw_counter,rdma_vf_rail2,req_cqe_error,0
2026-09-30T06:47:17.419Z,gpu-3uwoq-6g3ya-1,ib_hw_counter,rdma_vf_rail2,resp_cqe_error,0
2026-09-30T06:47:17.419Z,gpu-3uwoq-6g3ya-1,ib_hw_counter,rdma_vf_rail2,implied_nak_seq_err,0
2026-09-30T06:47:17.419Z,gpu-3uwoq-6g3ya-1,ib_hw_counter,rdma_vf_rail2,duplicate_request,0
2026-09-30T06:47:17.419Z,gpu-3uwoq-6g3ya-1,ib_counter,rdma_vf_rail3,port_xmit_data,3.91953e+12
2026-09-30T06:47:17.419Z,gpu-3uwoq-6g3ya-1,ib_counter,rdma_vf_rail3,port_rcv_data,1.95074e+12
2026-09-30T06:47:17.419Z,gpu-3uwoq-6g3ya-1,ib_counter,rdma_vf_rail3,port_xmit_packets,1.05518e+09
2026-09-30T06:47:17.419Z,gpu-3uwoq-6g3ya-1,ib_counter,rdma_vf_rail3,port_rcv_packets,6.76919e+08
2026-09-30T06:47:17.419Z,gpu-3uwoq-6g3ya-1,ib_counter,rdma_vf_rail3,port_xmit_wait,0
2026-09-30T06:47:17.419Z,gpu-3uwoq-6g3ya-1,ib_counter,rdma_vf_rail3,port_rcv_errors,0
2026-09-30T06:47:17.419Z,gpu-3uwoq-6g3ya-1,ib_counter,rdma_vf_rail3,port_xmit_discards,0
2026-09-30T06:47:17.419Z,gpu-3uwoq-6g3ya-1,ib_counter,rdma_vf_rail3,link_downed,0
2026-09-30T06:47:17.419Z,gpu-3uwoq-6g3ya-1,ib_hw_counter,rdma_vf_rail3,out_of_sequence,1
2026-09-30T06:47:17.419Z,gpu-3uwoq-6g3ya-1,ib_hw_counter,rdma_vf_rail3,packet_seq_err,7
2026-09-30T06:47:17.419Z,gpu-3uwoq-6g3ya-1,ib_hw_counter,rdma_vf_rail3,local_ack_timeout_err,0
2026-09-30T06:47:17.419Z,gpu-3uwoq-6g3ya-1,ib_hw_counter,rdma_vf_rail3,rx_write_requests,4.42381e+08
2026-09-30T06:47:17.419Z,gpu-3uwoq-6g3ya-1,ib_hw_counter,rdma_vf_rail3,rx_read_requests,7.82969e+06
2026-09-30T06:47:17.419Z,gpu-3uwoq-6g3ya-1,ib_hw_counter,rdma_vf_rail3,req_cqe_error,0
2026-09-30T06:47:17.419Z,gpu-3uwoq-6g3ya-1,ib_hw_counter,rdma_vf_rail3,resp_cqe_error,0
2026-09-30T06:47:17.419Z,gpu-3uwoq-6g3ya-1,ib_hw_counter,rdma_vf_rail3,implied_nak_seq_err,0
2026-09-30T06:47:17.419Z,gpu-3uwoq-6g3ya-1,ib_hw_counter,rdma_vf_rail3,duplicate_request,0
2026-09-30T06:47:17.419Z,gpu-3uwoq-6g3ya-1,dcgm,gpu2,gpu_util,0
2026-09-30T06:47:17.419Z,gpu-3uwoq-6g3ya-1,dcgm,gpu3,gpu_util,0
2026-09-30T06:47:17.419Z,gpu-3uwoq-6g3ya-1,dcgm,gpu0,gpu_util,0
2026-09-30T06:47:17.419Z,gpu-3uwoq-6g3ya-1,dcgm,gpu1,gpu_util,0
2026-09-30T06:47:17.419Z,gpu-3uwoq-6g3ya-1,dcgm,gpu2,nvlink_bandwidth_total,0
2026-09-30T06:47:17.419Z,gpu-3uwoq-6g3ya-1,dcgm,gpu3,nvlink_bandwidth_total,0
2026-09-30T06:47:17.419Z,gpu-3uwoq-6g3ya-1,dcgm,gpu0,nvlink_bandwidth_total,0
2026-09-30T06:47:17.419Z,gpu-3uwoq-6g3ya-1,dcgm,gpu1,nvlink_bandwidth_total,0
2026-09-30T06:47:17.419Z,gpu-3uwoq-6g3ya-1,dcgm,gpu2,power_w,223.243
2026-09-30T06:47:17.419Z,gpu-3uwoq-6g3ya-1,dcgm,gpu3,power_w,227.099
2026-09-30T06:47:17.419Z,gpu-3uwoq-6g3ya-1,dcgm,gpu0,power_w,230.65
2026-09-30T06:47:17.419Z,gpu-3uwoq-6g3ya-1,dcgm,gpu1,power_w,228.565
2026-09-30T06:47:17.419Z,gpu-3uwoq-6g3ya-1,dcgm,gpu2,sm_clock_mhz,2070
2026-09-30T06:47:17.419Z,gpu-3uwoq-6g3ya-1,dcgm,gpu3,sm_clock_mhz,2070
2026-09-30T06:47:17.419Z,gpu-3uwoq-6g3ya-1,dcgm,gpu0,sm_clock_mhz,2070
2026-09-30T06:47:17.419Z,gpu-3uwoq-6g3ya-1,dcgm,gpu1,sm_clock_mhz,2070
2026-09-30T06:47:17.419Z,gpu-3uwoq-6g3ya-1,dcgm,gpu2,dram_active,0
2026-09-30T06:47:17.419Z,gpu-3uwoq-6g3ya-1,dcgm,gpu3,dram_active,0
2026-09-30T06:47:17.419Z,gpu-3uwoq-6g3ya-1,dcgm,gpu0,dram_active,0
2026-09-30T06:47:17.419Z,gpu-3uwoq-6g3ya-1,dcgm,gpu1,dram_active,0
2026-09-30T06:47:17.419Z,gpu-3uwoq-6g3ya-1,dcgm,gpu2,pcie_rx_bytes,100516
2026-09-30T06:47:17.419Z,gpu-3uwoq-6g3ya-1,dcgm,gpu3,pcie_rx_bytes,95879
2026-09-30T06:47:17.419Z,gpu-3uwoq-6g3ya-1,dcgm,gpu0,pcie_rx_bytes,99529
2026-09-30T06:47:17.419Z,gpu-3uwoq-6g3ya-1,dcgm,gpu1,pcie_rx_bytes,190359
2026-09-30T06:47:17.419Z,gpu-3uwoq-6g3ya-1,dcgm,gpu2,pcie_tx_bytes,94630
2026-09-30T06:47:17.419Z,gpu-3uwoq-6g3ya-1,dcgm,gpu3,pcie_tx_bytes,90026
2026-09-30T06:47:17.419Z,gpu-3uwoq-6g3ya-1,dcgm,gpu0,pcie_tx_bytes,93554
2026-09-30T06:47:17.419Z,gpu-3uwoq-6g3ya-1,dcgm,gpu1,pcie_tx_bytes,179832
2026-09-30T06:47:17.419Z,gpu-3uwoq-6g3ya-1,dcgm,gpu2,tensor_active,0
2026-09-30T06:47:17.419Z,gpu-3uwoq-6g3ya-1,dcgm,gpu3,tensor_active,0
2026-09-30T06:47:17.419Z,gpu-3uwoq-6g3ya-1,dcgm,gpu0,tensor_active,0
2026-09-30T06:47:17.419Z,gpu-3uwoq-6g3ya-1,dcgm,gpu1,tensor_active,0
2026-09-30T06:47:17.419Z,gpu-3uwoq-6g3ya-1,dcgm,gpu2,sm_active,0
2026-09-30T06:47:17.419Z,gpu-3uwoq-6g3ya-1,dcgm,gpu3,sm_active,0
2026-09-30T06:47:17.419Z,gpu-3uwoq-6g3ya-1,dcgm,gpu0,sm_active,0
2026-09-30T06:47:17.419Z,gpu-3uwoq-6g3ya-1,dcgm,gpu1,sm_active,0
2026-09-30T06:47:17.419Z,gpu-3uwoq-6g3ya-1,nvlink,gpu0,nvlink_rx_bytes,1.02469e+13
2026-09-30T06:47:17.419Z,gpu-3uwoq-6g3ya-1,nvlink,gpu0,nvlink_tx_bytes,1.02513e+13
2026-09-30T06:47:17.419Z,gpu-3uwoq-6g3ya-1,nvlink,gpu1,nvlink_rx_bytes,1.04013e+13
2026-09-30T06:47:17.419Z,gpu-3uwoq-6g3ya-1,nvlink,gpu1,nvlink_tx_bytes,1.04042e+13
2026-09-30T06:47:17.419Z,gpu-3uwoq-6g3ya-1,nvlink,gpu2,nvlink_rx_bytes,1.02695e+13
2026-09-30T06:47:17.419Z,gpu-3uwoq-6g3ya-1,nvlink,gpu2,nvlink_tx_bytes,1.02732e+13
2026-09-30T06:47:17.419Z,gpu-3uwoq-6g3ya-1,nvlink,gpu3,nvlink_rx_bytes,1.0219e+13
2026-09-30T06:47:17.419Z,gpu-3uwoq-6g3ya-1,nvlink,gpu3,nvlink_tx_bytes,1.0222e+13
2026-09-30T06:47:18.419Z,gpu-3uwoq-6g3ya-1,ib_counter,rdma_vf_rail0,port_xmit_data,4.05431e+12
2026-09-30T06:47:18.419Z,gpu-3uwoq-6g3ya-1,ib_counter,rdma_vf_rail0,port_rcv_data,2.08688e+12
2026-09-30T06:47:18.419Z,gpu-3uwoq-6g3ya-1,ib_counter,rdma_vf_rail0,port_xmit_packets,1.09514e+09
2026-09-30T06:47:18.419Z,gpu-3uwoq-6g3ya-1,ib_counter,rdma_vf_rail0,port_rcv_packets,7.30222e+08
2026-09-30T06:47:18.419Z,gpu-3uwoq-6g3ya-1,ib_counter,rdma_vf_rail0,port_xmit_wait,0
2026-09-30T06:47:18.419Z,gpu-3uwoq-6g3ya-1,ib_counter,rdma_vf_rail0,port_rcv_errors,0
2026-09-30T06:47:18.419Z,gpu-3uwoq-6g3ya-1,ib_counter,rdma_vf_rail0,port_xmit_discards,0
2026-09-30T06:47:18.419Z,gpu-3uwoq-6g3ya-1,ib_counter,rdma_vf_rail0,link_downed,0
2026-09-30T06:47:18.419Z,gpu-3uwoq-6g3ya-1,ib_hw_counter,rdma_vf_rail0,out_of_sequence,0
2026-09-30T06:47:18.419Z,gpu-3uwoq-6g3ya-1,ib_hw_counter,rdma_vf_rail0,packet_seq_err,8
2026-09-30T06:47:18.419Z,gpu-3uwoq-6g3ya-1,ib_hw_counter,rdma_vf_rail0,local_ack_timeout_err,0
2026-09-30T06:47:18.419Z,gpu-3uwoq-6g3ya-1,ib_hw_counter,rdma_vf_rail0,rx_write_requests,4.44406e+08
2026-09-30T06:47:18.419Z,gpu-3uwoq-6g3ya-1,ib_hw_counter,rdma_vf_rail0,rx_read_requests,8.83833e+06
2026-09-30T06:47:18.419Z,gpu-3uwoq-6g3ya-1,ib_hw_counter,rdma_vf_rail0,req_cqe_error,0
2026-09-30T06:47:18.419Z,gpu-3uwoq-6g3ya-1,ib_hw_counter,rdma_vf_rail0,resp_cqe_error,0
2026-09-30T06:47:18.419Z,gpu-3uwoq-6g3ya-1,ib_hw_counter,rdma_vf_rail0,implied_nak_seq_err,0
2026-09-30T06:47:18.419Z,gpu-3uwoq-6g3ya-1,ib_hw_counter,rdma_vf_rail0,duplicate_request,0
2026-09-30T06:47:18.419Z,gpu-3uwoq-6g3ya-1,ib_counter,rdma_vf_rail1,port_xmit_data,3.94677e+12
2026-09-30T06:47:18.419Z,gpu-3uwoq-6g3ya-1,ib_counter,rdma_vf_rail1,port_rcv_data,1.97875e+12
2026-09-30T06:47:18.419Z,gpu-3uwoq-6g3ya-1,ib_counter,rdma_vf_rail1,port_xmit_packets,1.06896e+09
2026-09-30T06:47:18.419Z,gpu-3uwoq-6g3ya-1,ib_counter,rdma_vf_rail1,port_rcv_packets,6.99145e+08
2026-09-30T06:47:18.419Z,gpu-3uwoq-6g3ya-1,ib_counter,rdma_vf_rail1,port_xmit_wait,0
2026-09-30T06:47:18.419Z,gpu-3uwoq-6g3ya-1,ib_counter,rdma_vf_rail1,port_rcv_errors,0
2026-09-30T06:47:18.419Z,gpu-3uwoq-6g3ya-1,ib_counter,rdma_vf_rail1,port_xmit_discards,0
2026-09-30T06:47:18.419Z,gpu-3uwoq-6g3ya-1,ib_counter,rdma_vf_rail1,link_downed,0
2026-09-30T06:47:18.419Z,gpu-3uwoq-6g3ya-1,ib_hw_counter,rdma_vf_rail1,out_of_sequence,0
2026-09-30T06:47:18.419Z,gpu-3uwoq-6g3ya-1,ib_hw_counter,rdma_vf_rail1,packet_seq_err,8
2026-09-30T06:47:18.419Z,gpu-3uwoq-6g3ya-1,ib_hw_counter,rdma_vf_rail1,local_ack_timeout_err,0
2026-09-30T06:47:18.419Z,gpu-3uwoq-6g3ya-1,ib_hw_counter,rdma_vf_rail1,rx_write_requests,4.42808e+08
2026-09-30T06:47:18.419Z,gpu-3uwoq-6g3ya-1,ib_hw_counter,rdma_vf_rail1,rx_read_requests,8.03731e+06
2026-09-30T06:47:18.419Z,gpu-3uwoq-6g3ya-1,ib_hw_counter,rdma_vf_rail1,req_cqe_error,0
2026-09-30T06:47:18.419Z,gpu-3uwoq-6g3ya-1,ib_hw_counter,rdma_vf_rail1,resp_cqe_error,0
2026-09-30T06:47:18.419Z,gpu-3uwoq-6g3ya-1,ib_hw_counter,rdma_vf_rail1,implied_nak_seq_err,0
2026-09-30T06:47:18.419Z,gpu-3uwoq-6g3ya-1,ib_hw_counter,rdma_vf_rail1,duplicate_request,0
2026-09-30T06:47:18.419Z,gpu-3uwoq-6g3ya-1,ib_counter,rdma_vf_rail2,port_xmit_data,3.91927e+12
2026-09-30T06:47:18.419Z,gpu-3uwoq-6g3ya-1,ib_counter,rdma_vf_rail2,port_rcv_data,1.95098e+12
2026-09-30T06:47:18.419Z,gpu-3uwoq-6g3ya-1,ib_counter,rdma_vf_rail2,port_xmit_packets,1.0544e+09
2026-09-30T06:47:18.419Z,gpu-3uwoq-6g3ya-1,ib_counter,rdma_vf_rail2,port_rcv_packets,6.80094e+08
2026-09-30T06:47:18.419Z,gpu-3uwoq-6g3ya-1,ib_counter,rdma_vf_rail2,port_xmit_wait,0
2026-09-30T06:47:18.419Z,gpu-3uwoq-6g3ya-1,ib_counter,rdma_vf_rail2,port_rcv_errors,0
2026-09-30T06:47:18.419Z,gpu-3uwoq-6g3ya-1,ib_counter,rdma_vf_rail2,port_xmit_discards,0
2026-09-30T06:47:18.419Z,gpu-3uwoq-6g3ya-1,ib_counter,rdma_vf_rail2,link_downed,0
2026-09-30T06:47:18.419Z,gpu-3uwoq-6g3ya-1,ib_hw_counter,rdma_vf_rail2,out_of_sequence,0
2026-09-30T06:47:18.419Z,gpu-3uwoq-6g3ya-1,ib_hw_counter,rdma_vf_rail2,packet_seq_err,7
2026-09-30T06:47:18.419Z,gpu-3uwoq-6g3ya-1,ib_hw_counter,rdma_vf_rail2,local_ack_timeout_err,0
2026-09-30T06:47:18.419Z,gpu-3uwoq-6g3ya-1,ib_hw_counter,rdma_vf_rail2,rx_write_requests,4.42381e+08
2026-09-30T06:47:18.419Z,gpu-3uwoq-6g3ya-1,ib_hw_counter,rdma_vf_rail2,rx_read_requests,7.82969e+06
2026-09-30T06:47:18.419Z,gpu-3uwoq-6g3ya-1,ib_hw_counter,rdma_vf_rail2,req_cqe_error,0
2026-09-30T06:47:18.419Z,gpu-3uwoq-6g3ya-1,ib_hw_counter,rdma_vf_rail2,resp_cqe_error,0
2026-09-30T06:47:18.419Z,gpu-3uwoq-6g3ya-1,ib_hw_counter,rdma_vf_rail2,implied_nak_seq_err,0
2026-09-30T06:47:18.419Z,gpu-3uwoq-6g3ya-1,ib_hw_counter,rdma_vf_rail2,duplicate_request,0
2026-09-30T06:47:18.419Z,gpu-3uwoq-6g3ya-1,ib_counter,rdma_vf_rail3,port_xmit_data,3.91953e+12
2026-09-30T06:47:18.419Z,gpu-3uwoq-6g3ya-1,ib_counter,rdma_vf_rail3,port_rcv_data,1.95074e+12
2026-09-30T06:47:18.419Z,gpu-3uwoq-6g3ya-1,ib_counter,rdma_vf_rail3,port_xmit_packets,1.05518e+09
2026-09-30T06:47:18.419Z,gpu-3uwoq-6g3ya-1,ib_counter,rdma_vf_rail3,port_rcv_packets,6.76919e+08
2026-09-30T06:47:18.419Z,gpu-3uwoq-6g3ya-1,ib_counter,rdma_vf_rail3,port_xmit_wait,0
2026-09-30T06:47:18.419Z,gpu-3uwoq-6g3ya-1,ib_counter,rdma_vf_rail3,port_rcv_errors,0
2026-09-30T06:47:18.419Z,gpu-3uwoq-6g3ya-1,ib_counter,rdma_vf_rail3,port_xmit_discards,0
2026-09-30T06:47:18.419Z,gpu-3uwoq-6g3ya-1,ib_counter,rdma_vf_rail3,link_downed,0
2026-09-30T06:47:18.419Z,gpu-3uwoq-6g3ya-1,ib_hw_counter,rdma_vf_rail3,out_of_sequence,1
2026-09-30T06:47:18.419Z,gpu-3uwoq-6g3ya-1,ib_hw_counter,rdma_vf_rail3,packet_seq_err,7
2026-09-30T06:47:18.419Z,gpu-3uwoq-6g3ya-1,ib_hw_counter,rdma_vf_rail3,local_ack_timeout_err,0
2026-09-30T06:47:18.419Z,gpu-3uwoq-6g3ya-1,ib_hw_counter,rdma_vf_rail3,rx_write_requests,4.42381e+08
2026-09-30T06:47:18.419Z,gpu-3uwoq-6g3ya-1,ib_hw_counter,rdma_vf_rail3,rx_read_requests,7.82969e+06
2026-09-30T06:47:18.419Z,gpu-3uwoq-6g3ya-1,ib_hw_counter,rdma_vf_rail3,req_cqe_error,0
2026-09-30T06:47:18.419Z,gpu-3uwoq-6g3ya-1,ib_hw_counter,rdma_vf_rail3,resp_cqe_error,0
2026-09-30T06:47:18.419Z,gpu-3uwoq-6g3ya-1,ib_hw_counter,rdma_vf_rail3,implied_nak_seq_err,0
2026-09-30T06:47:18.419Z,gpu-3uwoq-6g3ya-1,ib_hw_counter,rdma_vf_rail3,duplicate_request,0
2026-09-30T06:47:18.419Z,gpu-3uwoq-6g3ya-1,dcgm,gpu2,gpu_util,0
2026-09-30T06:47:18.419Z,gpu-3uwoq-6g3ya-1,dcgm,gpu3,gpu_util,0
2026-09-30T06:47:18.419Z,gpu-3uwoq-6g3ya-1,dcgm,gpu0,gpu_util,0
2026-09-30T06:47:18.419Z,gpu-3uwoq-6g3ya-1,dcgm,gpu1,gpu_util,0
2026-09-30T06:47:18.419Z,gpu-3uwoq-6g3ya-1,dcgm,gpu2,nvlink_bandwidth_total,0
2026-09-30T06:47:18.419Z,gpu-3uwoq-6g3ya-1,dcgm,gpu3,nvlink_bandwidth_total,0
2026-09-30T06:47:18.419Z,gpu-3uwoq-6g3ya-1,dcgm,gpu0,nvlink_bandwidth_total,0
2026-09-30T06:47:18.419Z,gpu-3uwoq-6g3ya-1,dcgm,gpu1,nvlink_bandwidth_total,0
2026-09-30T06:47:18.419Z,gpu-3uwoq-6g3ya-1,dcgm,gpu2,power_w,223.243
2026-09-30T06:47:18.419Z,gpu-3uwoq-6g3ya-1,dcgm,gpu3,power_w,227.099
2026-09-30T06:47:18.419Z,gpu-3uwoq-6g3ya-1,dcgm,gpu0,power_w,230.65
2026-09-30T06:47:18.419Z,gpu-3uwoq-6g3ya-1,dcgm,gpu1,power_w,228.565
2026-09-30T06:47:18.419Z,gpu-3uwoq-6g3ya-1,dcgm,gpu2,sm_clock_mhz,2070
2026-09-30T06:47:18.419Z,gpu-3uwoq-6g3ya-1,dcgm,gpu3,sm_clock_mhz,2070
2026-09-30T06:47:18.419Z,gpu-3uwoq-6g3ya-1,dcgm,gpu0,sm_clock_mhz,2070
2026-09-30T06:47:18.419Z,gpu-3uwoq-6g3ya-1,dcgm,gpu1,sm_clock_mhz,2070
2026-09-30T06:47:18.419Z,gpu-3uwoq-6g3ya-1,dcgm,gpu2,dram_active,0
2026-09-30T06:47:18.419Z,gpu-3uwoq-6g3ya-1,dcgm,gpu3,dram_active,0
2026-09-30T06:47:18.419Z,gpu-3uwoq-6g3ya-1,dcgm,gpu0,dram_active,0
2026-09-30T06:47:18.419Z,gpu-3uwoq-6g3ya-1,dcgm,gpu1,dram_active,0
2026-09-30T06:47:18.419Z,gpu-3uwoq-6g3ya-1,dcgm,gpu2,pcie_rx_bytes,100516
2026-09-30T06:47:18.419Z,gpu-3uwoq-6g3ya-1,dcgm,gpu3,pcie_rx_bytes,95879
2026-09-30T06:47:18.419Z,gpu-3uwoq-6g3ya-1,dcgm,gpu0,pcie_rx_bytes,99529
2026-09-30T06:47:18.419Z,gpu-3uwoq-6g3ya-1,dcgm,gpu1,pcie_rx_bytes,190359
2026-09-30T06:47:18.419Z,gpu-3uwoq-6g3ya-1,dcgm,gpu2,pcie_tx_bytes,94630
2026-09-30T06:47:18.419Z,gpu-3uwoq-6g3ya-1,dcgm,gpu3,pcie_tx_bytes,90026
2026-09-30T06:47:18.419Z,gpu-3uwoq-6g3ya-1,dcgm,gpu0,pcie_tx_bytes,93554
2026-09-30T06:47:18.419Z,gpu-3uwoq-6g3ya-1,dcgm,gpu1,pcie_tx_bytes,179832
2026-09-30T06:47:18.419Z,gpu-3uwoq-6g3ya-1,dcgm,gpu2,tensor_active,0
2026-09-30T06:47:18.419Z,gpu-3uwoq-6g3ya-1,dcgm,gpu3,tensor_active,0
2026-09-30T06:47:18.419Z,gpu-3uwoq-6g3ya-1,dcgm,gpu0,tensor_active,0
2026-09-30T06:47:18.419Z,gpu-3uwoq-6g3ya-1,dcgm,gpu1,tensor_active,0
2026-09-30T06:47:18.419Z,gpu-3uwoq-6g3ya-1,dcgm,gpu2,sm_active,0
2026-09-30T06:47:18.419Z,gpu-3uwoq-6g3ya-1,dcgm,gpu3,sm_active,0
2026-09-30T06:47:18.419Z,gpu-3uwoq-6g3ya-1,dcgm,gpu0,sm_active,0
2026-09-30T06:47:18.419Z,gpu-3uwoq-6g3ya-1,dcgm,gpu1,sm_active,0
2026-09-30T06:47:18.419Z,gpu-3uwoq-6g3ya-1,nvlink,gpu0,nvlink_rx_bytes,1.02469e+13
2026-09-30T06:47:18.419Z,gpu-3uwoq-6g3ya-1,nvlink,gpu0,nvlink_tx_bytes,1.02513e+13
2026-09-30T06:47:18.419Z,gpu-3uwoq-6g3ya-1,nvlink,gpu1,nvlink_rx_bytes,1.04013e+13
2026-09-30T06:47:18.419Z,gpu-3uwoq-6g3ya-1,nvlink,gpu1,nvlink_tx_bytes,1.04042e+13
2026-09-30T06:47:18.419Z,gpu-3uwoq-6g3ya-1,nvlink,gpu2,nvlink_rx_bytes,1.02695e+13
2026-09-30T06:47:18.419Z,gpu-3uwoq-6g3ya-1,nvlink,gpu2,nvlink_tx_bytes,1.02732e+13
2026-09-30T06:47:18.419Z,gpu-3uwoq-6g3ya-1,nvlink,gpu3,nvlink_rx_bytes,1.0219e+13
2026-09-30T06:47:18.419Z,gpu-3uwoq-6g3ya-1,nvlink,gpu3,nvlink_tx_bytes,1.0222e+13
2026-09-30T06:47:19.419Z,gpu-3uwoq-6g3ya-1,ib_counter,rdma_vf_rail0,port_xmit_data,4.05431e+12
2026-09-30T06:47:19.419Z,gpu-3uwoq-6g3ya-1,ib_counter,rdma_vf_rail0,port_rcv_data,2.08688e+12
2026-09-30T06:47:19.419Z,gpu-3uwoq-6g3ya-1,ib_counter,rdma_vf_rail0,port_xmit_packets,1.09514e+09
2026-09-30T06:47:19.419Z,gpu-3uwoq-6g3ya-1,ib_counter,rdma_vf_rail0,port_rcv_packets,7.30222e+08
2026-09-30T06:47:19.419Z,gpu-3uwoq-6g3ya-1,ib_counter,rdma_vf_rail0,port_xmit_wait,0
2026-09-30T06:47:19.419Z,gpu-3uwoq-6g3ya-1,ib_counter,rdma_vf_rail0,port_rcv_errors,0
2026-09-30T06:47:19.419Z,gpu-3uwoq-6g3ya-1,ib_counter,rdma_vf_rail0,port_xmit_discards,0
2026-09-30T06:47:19.419Z,gpu-3uwoq-6g3ya-1,ib_counter,rdma_vf_rail0,link_downed,0
2026-09-30T06:47:19.419Z,gpu-3uwoq-6g3ya-1,ib_hw_counter,rdma_vf_rail0,out_of_sequence,0
2026-09-30T06:47:19.419Z,gpu-3uwoq-6g3ya-1,ib_hw_counter,rdma_vf_rail0,packet_seq_err,8
2026-09-30T06:47:19.419Z,gpu-3uwoq-6g3ya-1,ib_hw_counter,rdma_vf_rail0,local_ack_timeout_err,0
2026-09-30T06:47:19.419Z,gpu-3uwoq-6g3ya-1,ib_hw_counter,rdma_vf_rail0,rx_write_requests,4.44406e+08
2026-09-30T06:47:19.419Z,gpu-3uwoq-6g3ya-1,ib_hw_counter,rdma_vf_rail0,rx_read_requests,8.83833e+06
2026-09-30T06:47:19.419Z,gpu-3uwoq-6g3ya-1,ib_hw_counter,rdma_vf_rail0,req_cqe_error,0
2026-09-30T06:47:19.419Z,gpu-3uwoq-6g3ya-1,ib_hw_counter,rdma_vf_rail0,resp_cqe_error,0
2026-09-30T06:47:19.419Z,gpu-3uwoq-6g3ya-1,ib_hw_counter,rdma_vf_rail0,implied_nak_seq_err,0
2026-09-30T06:47:19.419Z,gpu-3uwoq-6g3ya-1,ib_hw_counter,rdma_vf_rail0,duplicate_request,0
2026-09-30T06:47:19.419Z,gpu-3uwoq-6g3ya-1,ib_counter,rdma_vf_rail1,port_xmit_data,3.94677e+12
2026-09-30T06:47:19.419Z,gpu-3uwoq-6g3ya-1,ib_counter,rdma_vf_rail1,port_rcv_data,1.97875e+12
2026-09-30T06:47:19.419Z,gpu-3uwoq-6g3ya-1,ib_counter,rdma_vf_rail1,port_xmit_packets,1.06896e+09
2026-09-30T06:47:19.419Z,gpu-3uwoq-6g3ya-1,ib_counter,rdma_vf_rail1,port_rcv_packets,6.99145e+08
2026-09-30T06:47:19.419Z,gpu-3uwoq-6g3ya-1,ib_counter,rdma_vf_rail1,port_xmit_wait,0
2026-09-30T06:47:19.419Z,gpu-3uwoq-6g3ya-1,ib_counter,rdma_vf_rail1,port_rcv_errors,0
2026-09-30T06:47:19.419Z,gpu-3uwoq-6g3ya-1,ib_counter,rdma_vf_rail1,port_xmit_discards,0
2026-09-30T06:47:19.419Z,gpu-3uwoq-6g3ya-1,ib_counter,rdma_vf_rail1,link_downed,0
2026-09-30T06:47:19.419Z,gpu-3uwoq-6g3ya-1,ib_hw_counter,rdma_vf_rail1,out_of_sequence,0
2026-09-30T06:47:19.419Z,gpu-3uwoq-6g3ya-1,ib_hw_counter,rdma_vf_rail1,packet_seq_err,8
2026-09-30T06:47:19.419Z,gpu-3uwoq-6g3ya-1,ib_hw_counter,rdma_vf_rail1,local_ack_timeout_err,0
2026-09-30T06:47:19.419Z,gpu-3uwoq-6g3ya-1,ib_hw_counter,rdma_vf_rail1,rx_write_requests,4.42808e+08
2026-09-30T06:47:19.419Z,gpu-3uwoq-6g3ya-1,ib_hw_counter,rdma_vf_rail1,rx_read_requests,8.03731e+06
2026-09-30T06:47:19.419Z,gpu-3uwoq-6g3ya-1,ib_hw_counter,rdma_vf_rail1,req_cqe_error,0
2026-09-30T06:47:19.419Z,gpu-3uwoq-6g3ya-1,ib_hw_counter,rdma_vf_rail1,resp_cqe_error,0
2026-09-30T06:47:19.419Z,gpu-3uwoq-6g3ya-1,ib_hw_counter,rdma_vf_rail1,implied_nak_seq_err,0
2026-09-30T06:47:19.419Z,gpu-3uwoq-6g3ya-1,ib_hw_counter,rdma_vf_rail1,duplicate_request,0
2026-09-30T06:47:19.419Z,gpu-3uwoq-6g3ya-1,ib_counter,rdma_vf_rail2,port_xmit_data,3.91927e+12
2026-09-30T06:47:19.419Z,gpu-3uwoq-6g3ya-1,ib_counter,rdma_vf_rail2,port_rcv_data,1.95098e+12
2026-09-30T06:47:19.419Z,gpu-3uwoq-6g3ya-1,ib_counter,rdma_vf_rail2,port_xmit_packets,1.0544e+09
2026-09-30T06:47:19.419Z,gpu-3uwoq-6g3ya-1,ib_counter,rdma_vf_rail2,port_rcv_packets,6.80094e+08
2026-09-30T06:47:19.419Z,gpu-3uwoq-6g3ya-1,ib_counter,rdma_vf_rail2,port_xmit_wait,0
2026-09-30T06:47:19.419Z,gpu-3uwoq-6g3ya-1,ib_counter,rdma_vf_rail2,port_rcv_errors,0
2026-09-30T06:47:19.419Z,gpu-3uwoq-6g3ya-1,ib_counter,rdma_vf_rail2,port_xmit_discards,0
2026-09-30T06:47:19.419Z,gpu-3uwoq-6g3ya-1,ib_counter,rdma_vf_rail2,link_downed,0
2026-09-30T06:47:19.419Z,gpu-3uwoq-6g3ya-1,ib_hw_counter,rdma_vf_rail2,out_of_sequence,0
2026-09-30T06:47:19.419Z,gpu-3uwoq-6g3ya-1,ib_hw_counter,rdma_vf_rail2,packet_seq_err,7
2026-09-30T06:47:19.419Z,gpu-3uwoq-6g3ya-1,ib_hw_counter,rdma_vf_rail2,local_ack_timeout_err,0
2026-09-30T06:47:19.419Z,gpu-3uwoq-6g3ya-1,ib_hw_counter,rdma_vf_rail2,rx_write_requests,4.42381e+08
2026-09-30T06:47:19.419Z,gpu-3uwoq-6g3ya-1,ib_hw_counter,rdma_vf_rail2,rx_read_requests,7.82969e+06
2026-09-30T06:47:19.419Z,gpu-3uwoq-6g3ya-1,ib_hw_counter,rdma_vf_rail2,req_cqe_error,0
2026-09-30T06:47:19.419Z,gpu-3uwoq-6g3ya-1,ib_hw_counter,rdma_vf_rail2,resp_cqe_error,0
2026-09-30T06:47:19.419Z,gpu-3uwoq-6g3ya-1,ib_hw_counter,rdma_vf_rail2,implied_nak_seq_err,0
2026-09-30T06:47:19.419Z,gpu-3uwoq-6g3ya-1,ib_hw_counter,rdma_vf_rail2,duplicate_request,0
2026-09-30T06:47:19.419Z,gpu-3uwoq-6g3ya-1,ib_counter,rdma_vf_rail3,port_xmit_data,3.91953e+12
2026-09-30T06:47:19.419Z,gpu-3uwoq-6g3ya-1,ib_counter,rdma_vf_rail3,port_rcv_data,1.95074e+12
2026-09-30T06:47:19.419Z,gpu-3uwoq-6g3ya-1,ib_counter,rdma_vf_rail3,port_xmit_packets,1.05518e+09
2026-09-30T06:47:19.419Z,gpu-3uwoq-6g3ya-1,ib_counter,rdma_vf_rail3,port_rcv_packets,6.76919e+08
2026-09-30T06:47:19.419Z,gpu-3uwoq-6g3ya-1,ib_counter,rdma_vf_rail3,port_xmit_wait,0
2026-09-30T06:47:19.419Z,gpu-3uwoq-6g3ya-1,ib_counter,rdma_vf_rail3,port_rcv_errors,0
2026-09-30T06:47:19.419Z,gpu-3uwoq-6g3ya-1,ib_counter,rdma_vf_rail3,port_xmit_discards,0
2026-09-30T06:47:19.419Z,gpu-3uwoq-6g3ya-1,ib_counter,rdma_vf_rail3,link_downed,0
2026-09-30T06:47:19.419Z,gpu-3uwoq-6g3ya-1,ib_hw_counter,rdma_vf_rail3,out_of_sequence,1
2026-09-30T06:47:19.419Z,gpu-3uwoq-6g3ya-1,ib_hw_counter,rdma_vf_rail3,packet_seq_err,7
2026-09-30T06:47:19.419Z,gpu-3uwoq-6g3ya-1,ib_hw_counter,rdma_vf_rail3,local_ack_timeout_err,0
2026-09-30T06:47:19.419Z,gpu-3uwoq-6g3ya-1,ib_hw_counter,rdma_vf_rail3,rx_write_requests,4.42381e+08
2026-09-30T06:47:19.419Z,gpu-3uwoq-6g3ya-1,ib_hw_counter,rdma_vf_rail3,rx_read_requests,7.82969e+06
2026-09-30T06:47:19.419Z,gpu-3uwoq-6g3ya-1,ib_hw_counter,rdma_vf_rail3,req_cqe_error,0
2026-09-30T06:47:19.419Z,gpu-3uwoq-6g3ya-1,ib_hw_counter,rdma_vf_rail3,resp_cqe_error,0
2026-09-30T06:47:19.419Z,gpu-3uwoq-6g3ya-1,ib_hw_counter,rdma_vf_rail3,implied_nak_seq_err,0
2026-09-30T06:47:19.419Z,gpu-3uwoq-6g3ya-1,ib_hw_counter,rdma_vf_rail3,duplicate_request,0
2026-09-30T06:47:19.419Z,gpu-3uwoq-6g3ya-1,dcgm,gpu2,gpu_util,0
2026-09-30T06:47:19.419Z,gpu-3uwoq-6g3ya-1,dcgm,gpu3,gpu_util,0
2026-09-30T06:47:19.419Z,gpu-3uwoq-6g3ya-1,dcgm,gpu0,gpu_util,0
2026-09-30T06:47:19.419Z,gpu-3uwoq-6g3ya-1,dcgm,gpu1,gpu_util,0
2026-09-30T06:47:19.419Z,gpu-3uwoq-6g3ya-1,dcgm,gpu2,nvlink_bandwidth_total,0
2026-09-30T06:47:19.419Z,gpu-3uwoq-6g3ya-1,dcgm,gpu3,nvlink_bandwidth_total,0
2026-09-30T06:47:19.419Z,gpu-3uwoq-6g3ya-1,dcgm,gpu0,nvlink_bandwidth_total,0
2026-09-30T06:47:19.419Z,gpu-3uwoq-6g3ya-1,dcgm,gpu1,nvlink_bandwidth_total,0
2026-09-30T06:47:19.419Z,gpu-3uwoq-6g3ya-1,dcgm,gpu2,power_w,223.243
2026-09-30T06:47:19.419Z,gpu-3uwoq-6g3ya-1,dcgm,gpu3,power_w,227.099
2026-09-30T06:47:19.419Z,gpu-3uwoq-6g3ya-1,dcgm,gpu0,power_w,230.65
2026-09-30T06:47:19.419Z,gpu-3uwoq-6g3ya-1,dcgm,gpu1,power_w,228.565
2026-09-30T06:47:19.419Z,gpu-3uwoq-6g3ya-1,dcgm,gpu2,sm_clock_mhz,2070
2026-09-30T06:47:19.419Z,gpu-3uwoq-6g3ya-1,dcgm,gpu3,sm_clock_mhz,2070
2026-09-30T06:47:19.419Z,gpu-3uwoq-6g3ya-1,dcgm,gpu0,sm_clock_mhz,2070
2026-09-30T06:47:19.419Z,gpu-3uwoq-6g3ya-1,dcgm,gpu1,sm_clock_mhz,2070
2026-09-30T06:47:19.419Z,gpu-3uwoq-6g3ya-1,dcgm,gpu2,dram_active,0
2026-09-30T06:47:19.419Z,gpu-3uwoq-6g3ya-1,dcgm,gpu3,dram_active,0
2026-09-30T06:47:19.419Z,gpu-3uwoq-6g3ya-1,dcgm,gpu0,dram_active,0
2026-09-30T06:47:19.419Z,gpu-3uwoq-6g3ya-1,dcgm,gpu1,dram_active,0
2026-09-30T06:47:19.419Z,gpu-3uwoq-6g3ya-1,dcgm,gpu2,pcie_rx_bytes,100516
2026-09-30T06:47:19.419Z,gpu-3uwoq-6g3ya-1,dcgm,gpu3,pcie_rx_bytes,95879
2026-09-30T06:47:19.419Z,gpu-3uwoq-6g3ya-1,dcgm,gpu0,pcie_rx_bytes,99529
2026-09-30T06:47:19.419Z,gpu-3uwoq-6g3ya-1,dcgm,gpu1,pcie_rx_bytes,190359
2026-09-30T06:47:19.419Z,gpu-3uwoq-6g3ya-1,dcgm,gpu2,pcie_tx_bytes,94630
2026-09-30T06:47:19.419Z,gpu-3uwoq-6g3ya-1,dcgm,gpu3,pcie_tx_bytes,90026
2026-09-30T06:47:19.419Z,gpu-3uwoq-6g3ya-1,dcgm,gpu0,pcie_tx_bytes,93554
2026-09-30T06:47:19.419Z,gpu-3uwoq-6g3ya-1,dcgm,gpu1,pcie_tx_bytes,179832
2026-09-30T06:47:19.419Z,gpu-3uwoq-6g3ya-1,dcgm,gpu2,tensor_active,0
2026-09-30T06:47:19.419Z,gpu-3uwoq-6g3ya-1,dcgm,gpu3,tensor_active,0
2026-09-30T06:47:19.419Z,gpu-3uwoq-6g3ya-1,dcgm,gpu0,tensor_active,0
2026-09-30T06:47:19.419Z,gpu-3uwoq-6g3ya-1,dcgm,gpu1,tensor_active,0
2026-09-30T06:47:19.419Z,gpu-3uwoq-6g3ya-1,dcgm,gpu2,sm_active,0
2026-09-30T06:47:19.419Z,gpu-3uwoq-6g3ya-1,dcgm,gpu3,sm_active,0
2026-09-30T06:47:19.419Z,gpu-3uwoq-6g3ya-1,dcgm,gpu0,sm_active,0
2026-09-30T06:47:19.419Z,gpu-3uwoq-6g3ya-1,dcgm,gpu1,sm_active,0
2026-09-30T06:47:19.419Z,gpu-3uwoq-6g3ya-1,nvlink,gpu0,nvlink_rx_bytes,1.02469e+13
2026-09-30T06:47:19.419Z,gpu-3uwoq-6g3ya-1,nvlink,gpu0,nvlink_tx_bytes,1.02513e+13
2026-09-30T06:47:19.419Z,gpu-3uwoq-6g3ya-1,nvlink,gpu1,nvlink_rx_bytes,1.04013e+13
2026-09-30T06:47:19.419Z,gpu-3uwoq-6g3ya-1,nvlink,gpu1,nvlink_tx_bytes,1.04042e+13
2026-09-30T06:47:19.419Z,gpu-3uwoq-6g3ya-1,nvlink,gpu2,nvlink_rx_bytes,1.02695e+13
2026-09-30T06:47:19.419Z,gpu-3uwoq-6g3ya-1,nvlink,gpu2,nvlink_tx_bytes,1.02732e+13
2026-09-30T06:47:19.419Z,gpu-3uwoq-6g3ya-1,nvlink,gpu3,nvlink_rx_bytes,1.0219e+13
2026-09-30T06:47:19.419Z,gpu-3uwoq-6g3ya-1,nvlink,gpu3,nvlink_tx_bytes,1.0222e+13
2026-09-30T06:47:20.419Z,gpu-3uwoq-6g3ya-1,ib_counter,rdma_vf_rail0,port_xmit_data,4.05431e+12
2026-09-30T06:47:20.419Z,gpu-3uwoq-6g3ya-1,ib_counter,rdma_vf_rail0,port_rcv_data,2.08688e+12
2026-09-30T06:47:20.419Z,gpu-3uwoq-6g3ya-1,ib_counter,rdma_vf_rail0,port_xmit_packets,1.09514e+09
2026-09-30T06:47:20.419Z,gpu-3uwoq-6g3ya-1,ib_counter,rdma_vf_rail0,port_rcv_packets,7.30222e+08
2026-09-30T06:47:20.419Z,gpu-3uwoq-6g3ya-1,ib_counter,rdma_vf_rail0,port_xmit_wait,0
2026-09-30T06:47:20.419Z,gpu-3uwoq-6g3ya-1,ib_counter,rdma_vf_rail0,port_rcv_errors,0
2026-09-30T06:47:20.419Z,gpu-3uwoq-6g3ya-1,ib_counter,rdma_vf_rail0,port_xmit_discards,0
2026-09-30T06:47:20.419Z,gpu-3uwoq-6g3ya-1,ib_counter,rdma_vf_rail0,link_downed,0
2026-09-30T06:47:20.419Z,gpu-3uwoq-6g3ya-1,ib_hw_counter,rdma_vf_rail0,out_of_sequence,0
2026-09-30T06:47:20.419Z,gpu-3uwoq-6g3ya-1,ib_hw_counter,rdma_vf_rail0,packet_seq_err,8
2026-09-30T06:47:20.419Z,gpu-3uwoq-6g3ya-1,ib_hw_counter,rdma_vf_rail0,local_ack_timeout_err,0
2026-09-30T06:47:20.419Z,gpu-3uwoq-6g3ya-1,ib_hw_counter,rdma_vf_rail0,rx_write_requests,4.44406e+08
2026-09-30T06:47:20.419Z,gpu-3uwoq-6g3ya-1,ib_hw_counter,rdma_vf_rail0,rx_read_requests,8.83833e+06
2026-09-30T06:47:20.419Z,gpu-3uwoq-6g3ya-1,ib_hw_counter,rdma_vf_rail0,req_cqe_error,0
2026-09-30T06:47:20.419Z,gpu-3uwoq-6g3ya-1,ib_hw_counter,rdma_vf_rail0,resp_cqe_error,0
2026-09-30T06:47:20.419Z,gpu-3uwoq-6g3ya-1,ib_hw_counter,rdma_vf_rail0,implied_nak_seq_err,0
2026-09-30T06:47:20.419Z,gpu-3uwoq-6g3ya-1,ib_hw_counter,rdma_vf_rail0,duplicate_request,0
2026-09-30T06:47:20.419Z,gpu-3uwoq-6g3ya-1,ib_counter,rdma_vf_rail1,port_xmit_data,3.94677e+12
2026-09-30T06:47:20.419Z,gpu-3uwoq-6g3ya-1,ib_counter,rdma_vf_rail1,port_rcv_data,1.97875e+12
2026-09-30T06:47:20.419Z,gpu-3uwoq-6g3ya-1,ib_counter,rdma_vf_rail1,port_xmit_packets,1.06896e+09
2026-09-30T06:47:20.419Z,gpu-3uwoq-6g3ya-1,ib_counter,rdma_vf_rail1,port_rcv_packets,6.99145e+08
2026-09-30T06:47:20.419Z,gpu-3uwoq-6g3ya-1,ib_counter,rdma_vf_rail1,port_xmit_wait,0
2026-09-30T06:47:20.419Z,gpu-3uwoq-6g3ya-1,ib_counter,rdma_vf_rail1,port_rcv_errors,0
2026-09-30T06:47:20.419Z,gpu-3uwoq-6g3ya-1,ib_counter,rdma_vf_rail1,port_xmit_discards,0
2026-09-30T06:47:20.419Z,gpu-3uwoq-6g3ya-1,ib_counter,rdma_vf_rail1,link_downed,0
2026-09-30T06:47:20.419Z,gpu-3uwoq-6g3ya-1,ib_hw_counter,rdma_vf_rail1,out_of_sequence,0
2026-09-30T06:47:20.419Z,gpu-3uwoq-6g3ya-1,ib_hw_counter,rdma_vf_rail1,packet_seq_err,8
2026-09-30T06:47:20.419Z,gpu-3uwoq-6g3ya-1,ib_hw_counter,rdma_vf_rail1,local_ack_timeout_err,0
2026-09-30T06:47:20.419Z,gpu-3uwoq-6g3ya-1,ib_hw_counter,rdma_vf_rail1,rx_write_requests,4.42808e+08
2026-09-30T06:47:20.419Z,gpu-3uwoq-6g3ya-1,ib_hw_counter,rdma_vf_rail1,rx_read_requests,8.03731e+06
2026-09-30T06:47:20.419Z,gpu-3uwoq-6g3ya-1,ib_hw_counter,rdma_vf_rail1,req_cqe_error,0
2026-09-30T06:47:20.419Z,gpu-3uwoq-6g3ya-1,ib_hw_counter,rdma_vf_rail1,resp_cqe_error,0
2026-09-30T06:47:20.419Z,gpu-3uwoq-6g3ya-1,ib_hw_counter,rdma_vf_rail1,implied_nak_seq_err,0
2026-09-30T06:47:20.419Z,gpu-3uwoq-6g3ya-1,ib_hw_counter,rdma_vf_rail1,duplicate_request,0
2026-09-30T06:47:20.419Z,gpu-3uwoq-6g3ya-1,ib_counter,rdma_vf_rail2,port_xmit_data,3.91927e+12
2026-09-30T06:47:20.419Z,gpu-3uwoq-6g3ya-1,ib_counter,rdma_vf_rail2,port_rcv_data,1.95098e+12
2026-09-30T06:47:20.419Z,gpu-3uwoq-6g3ya-1,ib_counter,rdma_vf_rail2,port_xmit_packets,1.0544e+09
2026-09-30T06:47:20.419Z,gpu-3uwoq-6g3ya-1,ib_counter,rdma_vf_rail2,port_rcv_packets,6.80094e+08
2026-09-30T06:47:20.419Z,gpu-3uwoq-6g3ya-1,ib_counter,rdma_vf_rail2,port_xmit_wait,0
2026-09-30T06:47:20.419Z,gpu-3uwoq-6g3ya-1,ib_counter,rdma_vf_rail2,port_rcv_errors,0
2026-09-30T06:47:20.419Z,gpu-3uwoq-6g3ya-1,ib_counter,rdma_vf_rail2,port_xmit_discards,0
2026-09-30T06:47:20.419Z,gpu-3uwoq-6g3ya-1,ib_counter,rdma_vf_rail2,link_downed,0
2026-09-30T06:47:20.419Z,gpu-3uwoq-6g3ya-1,ib_hw_counter,rdma_vf_rail2,out_of_sequence,0
2026-09-30T06:47:20.419Z,gpu-3uwoq-6g3ya-1,ib_hw_counter,rdma_vf_rail2,packet_seq_err,7
2026-09-30T06:47:20.419Z,gpu-3uwoq-6g3ya-1,ib_hw_counter,rdma_vf_rail2,local_ack_timeout_err,0
2026-09-30T06:47:20.419Z,gpu-3uwoq-6g3ya-1,ib_hw_counter,rdma_vf_rail2,rx_write_requests,4.42381e+08
2026-09-30T06:47:20.419Z,gpu-3uwoq-6g3ya-1,ib_hw_counter,rdma_vf_rail2,rx_read_requests,7.82969e+06
2026-09-30T06:47:20.419Z,gpu-3uwoq-6g3ya-1,ib_hw_counter,rdma_vf_rail2,req_cqe_error,0
2026-09-30T06:47:20.419Z,gpu-3uwoq-6g3ya-1,ib_hw_counter,rdma_vf_rail2,resp_cqe_error,0
2026-09-30T06:47:20.419Z,gpu-3uwoq-6g3ya-1,ib_hw_counter,rdma_vf_rail2,implied_nak_seq_err,0
2026-09-30T06:47:20.419Z,gpu-3uwoq-6g3ya-1,ib_hw_counter,rdma_vf_rail2,duplicate_request,0
2026-09-30T06:47:20.419Z,gpu-3uwoq-6g3ya-1,ib_counter,rdma_vf_rail3,port_xmit_data,3.91953e+12
2026-09-30T06:47:20.419Z,gpu-3uwoq-6g3ya-1,ib_counter,rdma_vf_rail3,port_rcv_data,1.95074e+12
2026-09-30T06:47:20.419Z,gpu-3uwoq-6g3ya-1,ib_counter,rdma_vf_rail3,port_xmit_packets,1.05518e+09
2026-09-30T06:47:20.419Z,gpu-3uwoq-6g3ya-1,ib_counter,rdma_vf_rail3,port_rcv_packets,6.76919e+08
2026-09-30T06:47:20.419Z,gpu-3uwoq-6g3ya-1,ib_counter,rdma_vf_rail3,port_xmit_wait,0
2026-09-30T06:47:20.419Z,gpu-3uwoq-6g3ya-1,ib_counter,rdma_vf_rail3,port_rcv_errors,0
2026-09-30T06:47:20.419Z,gpu-3uwoq-6g3ya-1,ib_counter,rdma_vf_rail3,port_xmit_discards,0
2026-09-30T06:47:20.419Z,gpu-3uwoq-6g3ya-1,ib_counter,rdma_vf_rail3,link_downed,0
2026-09-30T06:47:20.419Z,gpu-3uwoq-6g3ya-1,ib_hw_counter,rdma_vf_rail3,out_of_sequence,1
2026-09-30T06:47:20.419Z,gpu-3uwoq-6g3ya-1,ib_hw_counter,rdma_vf_rail3,packet_seq_err,7
2026-09-30T06:47:20.419Z,gpu-3uwoq-6g3ya-1,ib_hw_counter,rdma_vf_rail3,local_ack_timeout_err,0
2026-09-30T06:47:20.419Z,gpu-3uwoq-6g3ya-1,ib_hw_counter,rdma_vf_rail3,rx_write_requests,4.42381e+08
2026-09-30T06:47:20.419Z,gpu-3uwoq-6g3ya-1,ib_hw_counter,rdma_vf_rail3,rx_read_requests,7.82969e+06
2026-09-30T06:47:20.419Z,gpu-3uwoq-6g3ya-1,ib_hw_counter,rdma_vf_rail3,req_cqe_error,0
2026-09-30T06:47:20.419Z,gpu-3uwoq-6g3ya-1,ib_hw_counter,rdma_vf_rail3,resp_cqe_error,0
2026-09-30T06:47:20.419Z,gpu-3uwoq-6g3ya-1,ib_hw_counter,rdma_vf_rail3,implied_nak_seq_err,0
2026-09-30T06:47:20.419Z,gpu-3uwoq-6g3ya-1,ib_hw_counter,rdma_vf_rail3,duplicate_request,0
2026-09-30T06:47:20.419Z,gpu-3uwoq-6g3ya-1,dcgm,gpu2,gpu_util,0
2026-09-30T06:47:20.419Z,gpu-3uwoq-6g3ya-1,dcgm,gpu3,gpu_util,0
2026-09-30T06:47:20.419Z,gpu-3uwoq-6g3ya-1,dcgm,gpu0,gpu_util,0
2026-09-30T06:47:20.419Z,gpu-3uwoq-6g3ya-1,dcgm,gpu1,gpu_util,0
2026-09-30T06:47:20.419Z,gpu-3uwoq-6g3ya-1,dcgm,gpu2,nvlink_bandwidth_total,0
2026-09-30T06:47:20.419Z,gpu-3uwoq-6g3ya-1,dcgm,gpu3,nvlink_bandwidth_total,0
2026-09-30T06:47:20.419Z,gpu-3uwoq-6g3ya-1,dcgm,gpu0,nvlink_bandwidth_total,0
2026-09-30T06:47:20.419Z,gpu-3uwoq-6g3ya-1,dcgm,gpu1,nvlink_bandwidth_total,0
2026-09-30T06:47:20.419Z,gpu-3uwoq-6g3ya-1,dcgm,gpu2,power_w,223.243
2026-09-30T06:47:20.419Z,gpu-3uwoq-6g3ya-1,dcgm,gpu3,power_w,227.099
2026-09-30T06:47:20.419Z,gpu-3uwoq-6g3ya-1,dcgm,gpu0,power_w,230.65
2026-09-30T06:47:20.419Z,gpu-3uwoq-6g3ya-1,dcgm,gpu1,power_w,228.565
2026-09-30T06:47:20.419Z,gpu-3uwoq-6g3ya-1,dcgm,gpu2,sm_clock_mhz,2070
2026-09-30T06:47:20.419Z,gpu-3uwoq-6g3ya-1,dcgm,gpu3,sm_clock_mhz,2070
2026-09-30T06:47:20.419Z,gpu-3uwoq-6g3ya-1,dcgm,gpu0,sm_clock_mhz,2070
2026-09-30T06:47:20.419Z,gpu-3uwoq-6g3ya-1,dcgm,gpu1,sm_clock_mhz,2070
2026-09-30T06:47:20.419Z,gpu-3uwoq-6g3ya-1,dcgm,gpu2,dram_active,0
2026-09-30T06:47:20.419Z,gpu-3uwoq-6g3ya-1,dcgm,gpu3,dram_active,0
2026-09-30T06:47:20.419Z,gpu-3uwoq-6g3ya-1,dcgm,gpu0,dram_active,0
2026-09-30T06:47:20.419Z,gpu-3uwoq-6g3ya-1,dcgm,gpu1,dram_active,0
2026-09-30T06:47:20.419Z,gpu-3uwoq-6g3ya-1,dcgm,gpu2,pcie_rx_bytes,100516
2026-09-30T06:47:20.419Z,gpu-3uwoq-6g3ya-1,dcgm,gpu3,pcie_rx_bytes,95879
2026-09-30T06:47:20.419Z,gpu-3uwoq-6g3ya-1,dcgm,gpu0,pcie_rx_bytes,99529
2026-09-30T06:47:20.419Z,gpu-3uwoq-6g3ya-1,dcgm,gpu1,pcie_rx_bytes,190359
2026-09-30T06:47:20.419Z,gpu-3uwoq-6g3ya-1,dcgm,gpu2,pcie_tx_bytes,94630
2026-09-30T06:47:20.419Z,gpu-3uwoq-6g3ya-1,dcgm,gpu3,pcie_tx_bytes,90026
2026-09-30T06:47:20.419Z,gpu-3uwoq-6g3ya-1,dcgm,gpu0,pcie_tx_bytes,93554
2026-09-30T06:47:20.419Z,gpu-3uwoq-6g3ya-1,dcgm,gpu1,pcie_tx_bytes,179832
2026-09-30T06:47:20.419Z,gpu-3uwoq-6g3ya-1,dcgm,gpu2,tensor_active,0
2026-09-30T06:47:20.419Z,gpu-3uwoq-6g3ya-1,dcgm,gpu3,tensor_active,0
2026-09-30T06:47:20.419Z,gpu-3uwoq-6g3ya-1,dcgm,gpu0,tensor_active,0
2026-09-30T06:47:20.419Z,gpu-3uwoq-6g3ya-1,dcgm,gpu1,tensor_active,0
2026-09-30T06:47:20.419Z,gpu-3uwoq-6g3ya-1,dcgm,gpu2,sm_active,0
2026-09-30T06:47:20.419Z,gpu-3uwoq-6g3ya-1,dcgm,gpu3,sm_active,0
2026-09-30T06:47:20.419Z,gpu-3uwoq-6g3ya-1,dcgm,gpu0,sm_active,0
2026-09-30T06:47:20.419Z,gpu-3uwoq-6g3ya-1,dcgm,gpu1,sm_active,0
2026-09-30T06:47:20.419Z,gpu-3uwoq-6g3ya-1,nvlink,gpu0,nvlink_rx_bytes,1.02469e+13
2026-09-30T06:47:20.419Z,gpu-3uwoq-6g3ya-1,nvlink,gpu0,nvlink_tx_bytes,1.02513e+13
2026-09-30T06:47:20.419Z,gpu-3uwoq-6g3ya-1,nvlink,gpu1,nvlink_rx_bytes,1.04013e+13
2026-09-30T06:47:20.419Z,gpu-3uwoq-6g3ya-1,nvlink,gpu1,nvlink_tx_bytes,1.04042e+13
2026-09-30T06:47:20.419Z,gpu-3uwoq-6g3ya-1,nvlink,gpu2,nvlink_rx_bytes,1.02695e+13
2026-09-30T06:47:20.419Z,gpu-3uwoq-6g3ya-1,nvlink,gpu2,nvlink_tx_bytes,1.02732e+13
2026-09-30T06:47:20.419Z,gpu-3uwoq-6g3ya-1,nvlink,gpu3,nvlink_rx_bytes,1.0219e+13
2026-09-30T06:47:20.419Z,gpu-3uwoq-6g3ya-1,nvlink,gpu3,nvlink_tx_bytes,1.0222e+13
2026-09-30T06:47:21.419Z,gpu-3uwoq-6g3ya-1,ib_counter,rdma_vf_rail0,port_xmit_data,4.05431e+12
2026-09-30T06:47:21.419Z,gpu-3uwoq-6g3ya-1,ib_counter,rdma_vf_rail0,port_rcv_data,2.08688e+12
2026-09-30T06:47:21.419Z,gpu-3uwoq-6g3ya-1,ib_counter,rdma_vf_rail0,port_xmit_packets,1.09514e+09
2026-09-30T06:47:21.419Z,gpu-3uwoq-6g3ya-1,ib_counter,rdma_vf_rail0,port_rcv_packets,7.30222e+08
2026-09-30T06:47:21.419Z,gpu-3uwoq-6g3ya-1,ib_counter,rdma_vf_rail0,port_xmit_wait,0
2026-09-30T06:47:21.419Z,gpu-3uwoq-6g3ya-1,ib_counter,rdma_vf_rail0,port_rcv_errors,0
2026-09-30T06:47:21.419Z,gpu-3uwoq-6g3ya-1,ib_counter,rdma_vf_rail0,port_xmit_discards,0
2026-09-30T06:47:21.419Z,gpu-3uwoq-6g3ya-1,ib_counter,rdma_vf_rail0,link_downed,0
2026-09-30T06:47:21.419Z,gpu-3uwoq-6g3ya-1,ib_hw_counter,rdma_vf_rail0,out_of_sequence,0
2026-09-30T06:47:21.419Z,gpu-3uwoq-6g3ya-1,ib_hw_counter,rdma_vf_rail0,packet_seq_err,8
2026-09-30T06:47:21.419Z,gpu-3uwoq-6g3ya-1,ib_hw_counter,rdma_vf_rail0,local_ack_timeout_err,0
2026-09-30T06:47:21.419Z,gpu-3uwoq-6g3ya-1,ib_hw_counter,rdma_vf_rail0,rx_write_requests,4.44406e+08
2026-09-30T06:47:21.419Z,gpu-3uwoq-6g3ya-1,ib_hw_counter,rdma_vf_rail0,rx_read_requests,8.83833e+06
2026-09-30T06:47:21.419Z,gpu-3uwoq-6g3ya-1,ib_hw_counter,rdma_vf_rail0,req_cqe_error,0
2026-09-30T06:47:21.419Z,gpu-3uwoq-6g3ya-1,ib_hw_counter,rdma_vf_rail0,resp_cqe_error,0
2026-09-30T06:47:21.419Z,gpu-3uwoq-6g3ya-1,ib_hw_counter,rdma_vf_rail0,implied_nak_seq_err,0
2026-09-30T06:47:21.419Z,gpu-3uwoq-6g3ya-1,ib_hw_counter,rdma_vf_rail0,duplicate_request,0
2026-09-30T06:47:21.419Z,gpu-3uwoq-6g3ya-1,ib_counter,rdma_vf_rail1,port_xmit_data,3.94677e+12
2026-09-30T06:47:21.419Z,gpu-3uwoq-6g3ya-1,ib_counter,rdma_vf_rail1,port_rcv_data,1.97875e+12
2026-09-30T06:47:21.419Z,gpu-3uwoq-6g3ya-1,ib_counter,rdma_vf_rail1,port_xmit_packets,1.06896e+09
2026-09-30T06:47:21.419Z,gpu-3uwoq-6g3ya-1,ib_counter,rdma_vf_rail1,port_rcv_packets,6.99145e+08
2026-09-30T06:47:21.419Z,gpu-3uwoq-6g3ya-1,ib_counter,rdma_vf_rail1,port_xmit_wait,0
2026-09-30T06:47:21.419Z,gpu-3uwoq-6g3ya-1,ib_counter,rdma_vf_rail1,port_rcv_errors,0
2026-09-30T06:47:21.419Z,gpu-3uwoq-6g3ya-1,ib_counter,rdma_vf_rail1,port_xmit_discards,0
2026-09-30T06:47:21.419Z,gpu-3uwoq-6g3ya-1,ib_counter,rdma_vf_rail1,link_downed,0
2026-09-30T06:47:21.419Z,gpu-3uwoq-6g3ya-1,ib_hw_counter,rdma_vf_rail1,out_of_sequence,0
2026-09-30T06:47:21.419Z,gpu-3uwoq-6g3ya-1,ib_hw_counter,rdma_vf_rail1,packet_seq_err,8
2026-09-30T06:47:21.419Z,gpu-3uwoq-6g3ya-1,ib_hw_counter,rdma_vf_rail1,local_ack_timeout_err,0
2026-09-30T06:47:21.419Z,gpu-3uwoq-6g3ya-1,ib_hw_counter,rdma_vf_rail1,rx_write_requests,4.42808e+08
2026-09-30T06:47:21.419Z,gpu-3uwoq-6g3ya-1,ib_hw_counter,rdma_vf_rail1,rx_read_requests,8.03731e+06
2026-09-30T06:47:21.419Z,gpu-3uwoq-6g3ya-1,ib_hw_counter,rdma_vf_rail1,req_cqe_error,0
2026-09-30T06:47:21.419Z,gpu-3uwoq-6g3ya-1,ib_hw_counter,rdma_vf_rail1,resp_cqe_error,0
2026-09-30T06:47:21.419Z,gpu-3uwoq-6g3ya-1,ib_hw_counter,rdma_vf_rail1,implied_nak_seq_err,0
2026-09-30T06:47:21.419Z,gpu-3uwoq-6g3ya-1,ib_hw_counter,rdma_vf_rail1,duplicate_request,0
2026-09-30T06:47:21.419Z,gpu-3uwoq-6g3ya-1,ib_counter,rdma_vf_rail2,port_xmit_data,3.91927e+12
2026-09-30T06:47:21.419Z,gpu-3uwoq-6g3ya-1,ib_counter,rdma_vf_rail2,port_rcv_data,1.95098e+12
2026-09-30T06:47:21.419Z,gpu-3uwoq-6g3ya-1,ib_counter,rdma_vf_rail2,port_xmit_packets,1.0544e+09
2026-09-30T06:47:21.419Z,gpu-3uwoq-6g3ya-1,ib_counter,rdma_vf_rail2,port_rcv_packets,6.80094e+08
2026-09-30T06:47:21.419Z,gpu-3uwoq-6g3ya-1,ib_counter,rdma_vf_rail2,port_xmit_wait,0
2026-09-30T06:47:21.419Z,gpu-3uwoq-6g3ya-1,ib_counter,rdma_vf_rail2,port_rcv_errors,0
2026-09-30T06:47:21.419Z,gpu-3uwoq-6g3ya-1,ib_counter,rdma_vf_rail2,port_xmit_discards,0
2026-09-30T06:47:21.419Z,gpu-3uwoq-6g3ya-1,ib_counter,rdma_vf_rail2,link_downed,0
2026-09-30T06:47:21.419Z,gpu-3uwoq-6g3ya-1,ib_hw_counter,rdma_vf_rail2,out_of_sequence,0
2026-09-30T06:47:21.419Z,gpu-3uwoq-6g3ya-1,ib_hw_counter,rdma_vf_rail2,packet_seq_err,7
2026-09-30T06:47:21.419Z,gpu-3uwoq-6g3ya-1,ib_hw_counter,rdma_vf_rail2,local_ack_timeout_err,0
2026-09-30T06:47:21.419Z,gpu-3uwoq-6g3ya-1,ib_hw_counter,rdma_vf_rail2,rx_write_requests,4.42381e+08
2026-09-30T06:47:21.419Z,gpu-3uwoq-6g3ya-1,ib_hw_counter,rdma_vf_rail2,rx_read_requests,7.82969e+06
2026-09-30T06:47:21.419Z,gpu-3uwoq-6g3ya-1,ib_hw_counter,rdma_vf_rail2,req_cqe_error,0
2026-09-30T06:47:21.419Z,gpu-3uwoq-6g3ya-1,ib_hw_counter,rdma_vf_rail2,resp_cqe_error,0
2026-09-30T06:47:21.419Z,gpu-3uwoq-6g3ya-1,ib_hw_counter,rdma_vf_rail2,implied_nak_seq_err,0
2026-09-30T06:47:21.419Z,gpu-3uwoq-6g3ya-1,ib_hw_counter,rdma_vf_rail2,duplicate_request,0
2026-09-30T06:47:21.419Z,gpu-3uwoq-6g3ya-1,ib_counter,rdma_vf_rail3,port_xmit_data,3.91953e+12
2026-09-30T06:47:21.419Z,gpu-3uwoq-6g3ya-1,ib_counter,rdma_vf_rail3,port_rcv_data,1.95074e+12
2026-09-30T06:47:21.419Z,gpu-3uwoq-6g3ya-1,ib_counter,rdma_vf_rail3,port_xmit_packets,1.05518e+09
2026-09-30T06:47:21.419Z,gpu-3uwoq-6g3ya-1,ib_counter,rdma_vf_rail3,port_rcv_packets,6.76919e+08
2026-09-30T06:47:21.419Z,gpu-3uwoq-6g3ya-1,ib_counter,rdma_vf_rail3,port_xmit_wait,0
2026-09-30T06:47:21.419Z,gpu-3uwoq-6g3ya-1,ib_counter,rdma_vf_rail3,port_rcv_errors,0
2026-09-30T06:47:21.419Z,gpu-3uwoq-6g3ya-1,ib_counter,rdma_vf_rail3,port_xmit_discards,0
2026-09-30T06:47:21.419Z,gpu-3uwoq-6g3ya-1,ib_counter,rdma_vf_rail3,link_downed,0
2026-09-30T06:47:21.419Z,gpu-3uwoq-6g3ya-1,ib_hw_counter,rdma_vf_rail3,out_of_sequence,1
2026-09-30T06:47:21.419Z,gpu-3uwoq-6g3ya-1,ib_hw_counter,rdma_vf_rail3,packet_seq_err,7
2026-09-30T06:47:21.419Z,gpu-3uwoq-6g3ya-1,ib_hw_counter,rdma_vf_rail3,local_ack_timeout_err,0
2026-09-30T06:47:21.419Z,gpu-3uwoq-6g3ya-1,ib_hw_counter,rdma_vf_rail3,rx_write_requests,4.42381e+08
2026-09-30T06:47:21.419Z,gpu-3uwoq-6g3ya-1,ib_hw_counter,rdma_vf_rail3,rx_read_requests,7.82969e+06
2026-09-30T06:47:21.419Z,gpu-3uwoq-6g3ya-1,ib_hw_counter,rdma_vf_rail3,req_cqe_error,0
2026-09-30T06:47:21.419Z,gpu-3uwoq-6g3ya-1,ib_hw_counter,rdma_vf_rail3,resp_cqe_error,0
2026-09-30T06:47:21.419Z,gpu-3uwoq-6g3ya-1,ib_hw_counter,rdma_vf_rail3,implied_nak_seq_err,0
2026-09-30T06:47:21.419Z,gpu-3uwoq-6g3ya-1,ib_hw_counter,rdma_vf_rail3,duplicate_request,0
2026-09-30T06:47:21.419Z,gpu-3uwoq-6g3ya-1,dcgm,gpu2,gpu_util,0
2026-09-30T06:47:21.419Z,gpu-3uwoq-6g3ya-1,dcgm,gpu3,gpu_util,0
2026-09-30T06:47:21.419Z,gpu-3uwoq-6g3ya-1,dcgm,gpu0,gpu_util,0
2026-09-30T06:47:21.419Z,gpu-3uwoq-6g3ya-1,dcgm,gpu1,gpu_util,0
2026-09-30T06:47:21.419Z,gpu-3uwoq-6g3ya-1,dcgm,gpu2,nvlink_bandwidth_total,0
2026-09-30T06:47:21.419Z,gpu-3uwoq-6g3ya-1,dcgm,gpu3,nvlink_bandwidth_total,0
2026-09-30T06:47:21.419Z,gpu-3uwoq-6g3ya-1,dcgm,gpu0,nvlink_bandwidth_total,0
2026-09-30T06:47:21.419Z,gpu-3uwoq-6g3ya-1,dcgm,gpu1,nvlink_bandwidth_total,0
2026-09-30T06:47:21.419Z,gpu-3uwoq-6g3ya-1,dcgm,gpu2,power_w,223.243
2026-09-30T06:47:21.419Z,gpu-3uwoq-6g3ya-1,dcgm,gpu3,power_w,227.099
2026-09-30T06:47:21.419Z,gpu-3uwoq-6g3ya-1,dcgm,gpu0,power_w,230.65
2026-09-30T06:47:21.419Z,gpu-3uwoq-6g3ya-1,dcgm,gpu1,power_w,228.565
2026-09-30T06:47:21.419Z,gpu-3uwoq-6g3ya-1,dcgm,gpu2,sm_clock_mhz,2070
2026-09-30T06:47:21.419Z,gpu-3uwoq-6g3ya-1,dcgm,gpu3,sm_clock_mhz,2070
2026-09-30T06:47:21.419Z,gpu-3uwoq-6g3ya-1,dcgm,gpu0,sm_clock_mhz,2070
2026-09-30T06:47:21.419Z,gpu-3uwoq-6g3ya-1,dcgm,gpu1,sm_clock_mhz,2070
2026-09-30T06:47:21.419Z,gpu-3uwoq-6g3ya-1,dcgm,gpu2,dram_active,0
2026-09-30T06:47:21.419Z,gpu-3uwoq-6g3ya-1,dcgm,gpu3,dram_active,0
2026-09-30T06:47:21.419Z,gpu-3uwoq-6g3ya-1,dcgm,gpu0,dram_active,0
2026-09-30T06:47:21.419Z,gpu-3uwoq-6g3ya-1,dcgm,gpu1,dram_active,0
2026-09-30T06:47:21.419Z,gpu-3uwoq-6g3ya-1,dcgm,gpu2,pcie_rx_bytes,100516
2026-09-30T06:47:21.419Z,gpu-3uwoq-6g3ya-1,dcgm,gpu3,pcie_rx_bytes,95879
2026-09-30T06:47:21.419Z,gpu-3uwoq-6g3ya-1,dcgm,gpu0,pcie_rx_bytes,99529
2026-09-30T06:47:21.419Z,gpu-3uwoq-6g3ya-1,dcgm,gpu1,pcie_rx_bytes,190359
2026-09-30T06:47:21.419Z,gpu-3uwoq-6g3ya-1,dcgm,gpu2,pcie_tx_bytes,94630
2026-09-30T06:47:21.419Z,gpu-3uwoq-6g3ya-1,dcgm,gpu3,pcie_tx_bytes,90026
2026-09-30T06:47:21.419Z,gpu-3uwoq-6g3ya-1,dcgm,gpu0,pcie_tx_bytes,93554
2026-09-30T06:47:21.419Z,gpu-3uwoq-6g3ya-1,dcgm,gpu1,pcie_tx_bytes,179832
2026-09-30T06:47:21.419Z,gpu-3uwoq-6g3ya-1,dcgm,gpu2,tensor_active,0
2026-09-30T06:47:21.419Z,gpu-3uwoq-6g3ya-1,dcgm,gpu3,tensor_active,0
2026-09-30T06:47:21.419Z,gpu-3uwoq-6g3ya-1,dcgm,gpu0,tensor_active,0
2026-09-30T06:47:21.419Z,gpu-3uwoq-6g3ya-1,dcgm,gpu1,tensor_active,0
2026-09-30T06:47:21.419Z,gpu-3uwoq-6g3ya-1,dcgm,gpu2,sm_active,0
2026-09-30T06:47:21.419Z,gpu-3uwoq-6g3ya-1,dcgm,gpu3,sm_active,0
2026-09-30T06:47:21.419Z,gpu-3uwoq-6g3ya-1,dcgm,gpu0,sm_active,0
2026-09-30T06:47:21.419Z,gpu-3uwoq-6g3ya-1,dcgm,gpu1,sm_active,0
2026-09-30T06:47:21.419Z,gpu-3uwoq-6g3ya-1,nvlink,gpu0,nvlink_rx_bytes,1.02469e+13
2026-09-30T06:47:21.419Z,gpu-3uwoq-6g3ya-1,nvlink,gpu0,nvlink_tx_bytes,1.02513e+13
2026-09-30T06:47:21.419Z,gpu-3uwoq-6g3ya-1,nvlink,gpu1,nvlink_rx_bytes,1.04013e+13
2026-09-30T06:47:21.419Z,gpu-3uwoq-6g3ya-1,nvlink,gpu1,nvlink_tx_bytes,1.04042e+13
2026-09-30T06:47:21.419Z,gpu-3uwoq-6g3ya-1,nvlink,gpu2,nvlink_rx_bytes,1.02695e+13
2026-09-30T06:47:21.419Z,gpu-3uwoq-6g3ya-1,nvlink,gpu2,nvlink_tx_bytes,1.02732e+13
2026-09-30T06:47:21.419Z,gpu-3uwoq-6g3ya-1,nvlink,gpu3,nvlink_rx_bytes,1.0219e+13
2026-09-30T06:47:21.419Z,gpu-3uwoq-6g3ya-1,nvlink,gpu3,nvlink_tx_bytes,1.0222e+13
2026-09-30T06:47:22.419Z,gpu-3uwoq-6g3ya-1,ib_counter,rdma_vf_rail0,port_xmit_data,4.05431e+12
2026-09-30T06:47:22.419Z,gpu-3uwoq-6g3ya-1,ib_counter,rdma_vf_rail0,port_rcv_data,2.08688e+12
2026-09-30T06:47:22.419Z,gpu-3uwoq-6g3ya-1,ib_counter,rdma_vf_rail0,port_xmit_packets,1.09514e+09
2026-09-30T06:47:22.419Z,gpu-3uwoq-6g3ya-1,ib_counter,rdma_vf_rail0,port_rcv_packets,7.30222e+08
2026-09-30T06:47:22.419Z,gpu-3uwoq-6g3ya-1,ib_counter,rdma_vf_rail0,port_xmit_wait,0
2026-09-30T06:47:22.419Z,gpu-3uwoq-6g3ya-1,ib_counter,rdma_vf_rail0,port_rcv_errors,0
2026-09-30T06:47:22.419Z,gpu-3uwoq-6g3ya-1,ib_counter,rdma_vf_rail0,port_xmit_discards,0
2026-09-30T06:47:22.419Z,gpu-3uwoq-6g3ya-1,ib_counter,rdma_vf_rail0,link_downed,0
2026-09-30T06:47:22.419Z,gpu-3uwoq-6g3ya-1,ib_hw_counter,rdma_vf_rail0,out_of_sequence,0
2026-09-30T06:47:22.419Z,gpu-3uwoq-6g3ya-1,ib_hw_counter,rdma_vf_rail0,packet_seq_err,8
2026-09-30T06:47:22.419Z,gpu-3uwoq-6g3ya-1,ib_hw_counter,rdma_vf_rail0,local_ack_timeout_err,0
2026-09-30T06:47:22.419Z,gpu-3uwoq-6g3ya-1,ib_hw_counter,rdma_vf_rail0,rx_write_requests,4.44406e+08
2026-09-30T06:47:22.419Z,gpu-3uwoq-6g3ya-1,ib_hw_counter,rdma_vf_rail0,rx_read_requests,8.83833e+06
2026-09-30T06:47:22.419Z,gpu-3uwoq-6g3ya-1,ib_hw_counter,rdma_vf_rail0,req_cqe_error,0
2026-09-30T06:47:22.419Z,gpu-3uwoq-6g3ya-1,ib_hw_counter,rdma_vf_rail0,resp_cqe_error,0
2026-09-30T06:47:22.419Z,gpu-3uwoq-6g3ya-1,ib_hw_counter,rdma_vf_rail0,implied_nak_seq_err,0
2026-09-30T06:47:22.419Z,gpu-3uwoq-6g3ya-1,ib_hw_counter,rdma_vf_rail0,duplicate_request,0
2026-09-30T06:47:22.419Z,gpu-3uwoq-6g3ya-1,ib_counter,rdma_vf_rail1,port_xmit_data,3.94677e+12
2026-09-30T06:47:22.419Z,gpu-3uwoq-6g3ya-1,ib_counter,rdma_vf_rail1,port_rcv_data,1.97875e+12
2026-09-30T06:47:22.419Z,gpu-3uwoq-6g3ya-1,ib_counter,rdma_vf_rail1,port_xmit_packets,1.06896e+09
2026-09-30T06:47:22.419Z,gpu-3uwoq-6g3ya-1,ib_counter,rdma_vf_rail1,port_rcv_packets,6.99145e+08
2026-09-30T06:47:22.419Z,gpu-3uwoq-6g3ya-1,ib_counter,rdma_vf_rail1,port_xmit_wait,0
2026-09-30T06:47:22.419Z,gpu-3uwoq-6g3ya-1,ib_counter,rdma_vf_rail1,port_rcv_errors,0
2026-09-30T06:47:22.419Z,gpu-3uwoq-6g3ya-1,ib_counter,rdma_vf_rail1,port_xmit_discards,0
2026-09-30T06:47:22.419Z,gpu-3uwoq-6g3ya-1,ib_counter,rdma_vf_rail1,link_downed,0
2026-09-30T06:47:22.419Z,gpu-3uwoq-6g3ya-1,ib_hw_counter,rdma_vf_rail1,out_of_sequence,0
2026-09-30T06:47:22.419Z,gpu-3uwoq-6g3ya-1,ib_hw_counter,rdma_vf_rail1,packet_seq_err,8
2026-09-30T06:47:22.419Z,gpu-3uwoq-6g3ya-1,ib_hw_counter,rdma_vf_rail1,local_ack_timeout_err,0
2026-09-30T06:47:22.419Z,gpu-3uwoq-6g3ya-1,ib_hw_counter,rdma_vf_rail1,rx_write_requests,4.42808e+08
2026-09-30T06:47:22.419Z,gpu-3uwoq-6g3ya-1,ib_hw_counter,rdma_vf_rail1,rx_read_requests,8.03731e+06
2026-09-30T06:47:22.419Z,gpu-3uwoq-6g3ya-1,ib_hw_counter,rdma_vf_rail1,req_cqe_error,0
2026-09-30T06:47:22.419Z,gpu-3uwoq-6g3ya-1,ib_hw_counter,rdma_vf_rail1,resp_cqe_error,0
2026-09-30T06:47:22.419Z,gpu-3uwoq-6g3ya-1,ib_hw_counter,rdma_vf_rail1,implied_nak_seq_err,0
2026-09-30T06:47:22.419Z,gpu-3uwoq-6g3ya-1,ib_hw_counter,rdma_vf_rail1,duplicate_request,0
2026-09-30T06:47:22.419Z,gpu-3uwoq-6g3ya-1,ib_counter,rdma_vf_rail2,port_xmit_data,3.91927e+12
2026-09-30T06:47:22.419Z,gpu-3uwoq-6g3ya-1,ib_counter,rdma_vf_rail2,port_rcv_data,1.95098e+12
2026-09-30T06:47:22.419Z,gpu-3uwoq-6g3ya-1,ib_counter,rdma_vf_rail2,port_xmit_packets,1.0544e+09
2026-09-30T06:47:22.419Z,gpu-3uwoq-6g3ya-1,ib_counter,rdma_vf_rail2,port_rcv_packets,6.80094e+08
2026-09-30T06:47:22.419Z,gpu-3uwoq-6g3ya-1,ib_counter,rdma_vf_rail2,port_xmit_wait,0
2026-09-30T06:47:22.419Z,gpu-3uwoq-6g3ya-1,ib_counter,rdma_vf_rail2,port_rcv_errors,0
2026-09-30T06:47:22.419Z,gpu-3uwoq-6g3ya-1,ib_counter,rdma_vf_rail2,port_xmit_discards,0
2026-09-30T06:47:22.419Z,gpu-3uwoq-6g3ya-1,ib_counter,rdma_vf_rail2,link_downed,0
2026-09-30T06:47:22.419Z,gpu-3uwoq-6g3ya-1,ib_hw_counter,rdma_vf_rail2,out_of_sequence,0
2026-09-30T06:47:22.419Z,gpu-3uwoq-6g3ya-1,ib_hw_counter,rdma_vf_rail2,packet_seq_err,7
2026-09-30T06:47:22.419Z,gpu-3uwoq-6g3ya-1,ib_hw_counter,rdma_vf_rail2,local_ack_timeout_err,0
2026-09-30T06:47:22.419Z,gpu-3uwoq-6g3ya-1,ib_hw_counter,rdma_vf_rail2,rx_write_requests,4.42381e+08
2026-09-30T06:47:22.419Z,gpu-3uwoq-6g3ya-1,ib_hw_counter,rdma_vf_rail2,rx_read_requests,7.82969e+06
2026-09-30T06:47:22.419Z,gpu-3uwoq-6g3ya-1,ib_hw_counter,rdma_vf_rail2,req_cqe_error,0
2026-09-30T06:47:22.419Z,gpu-3uwoq-6g3ya-1,ib_hw_counter,rdma_vf_rail2,resp_cqe_error,0
2026-09-30T06:47:22.419Z,gpu-3uwoq-6g3ya-1,ib_hw_counter,rdma_vf_rail2,implied_nak_seq_err,0
2026-09-30T06:47:22.419Z,gpu-3uwoq-6g3ya-1,ib_hw_counter,rdma_vf_rail2,duplicate_request,0
2026-09-30T06:47:22.419Z,gpu-3uwoq-6g3ya-1,ib_counter,rdma_vf_rail3,port_xmit_data,3.91953e+12
2026-09-30T06:47:22.419Z,gpu-3uwoq-6g3ya-1,ib_counter,rdma_vf_rail3,port_rcv_data,1.95074e+12
2026-09-30T06:47:22.419Z,gpu-3uwoq-6g3ya-1,ib_counter,rdma_vf_rail3,port_xmit_packets,1.05518e+09
2026-09-30T06:47:22.419Z,gpu-3uwoq-6g3ya-1,ib_counter,rdma_vf_rail3,port_rcv_packets,6.76919e+08
2026-09-30T06:47:22.419Z,gpu-3uwoq-6g3ya-1,ib_counter,rdma_vf_rail3,port_xmit_wait,0
2026-09-30T06:47:22.419Z,gpu-3uwoq-6g3ya-1,ib_counter,rdma_vf_rail3,port_rcv_errors,0
2026-09-30T06:47:22.419Z,gpu-3uwoq-6g3ya-1,ib_counter,rdma_vf_rail3,port_xmit_discards,0
2026-09-30T06:47:22.419Z,gpu-3uwoq-6g3ya-1,ib_counter,rdma_vf_rail3,link_downed,0
2026-09-30T06:47:22.419Z,gpu-3uwoq-6g3ya-1,ib_hw_counter,rdma_vf_rail3,out_of_sequence,1
2026-09-30T06:47:22.419Z,gpu-3uwoq-6g3ya-1,ib_hw_counter,rdma_vf_rail3,packet_seq_err,7
2026-09-30T06:47:22.419Z,gpu-3uwoq-6g3ya-1,ib_hw_counter,rdma_vf_rail3,local_ack_timeout_err,0
2026-09-30T06:47:22.419Z,gpu-3uwoq-6g3ya-1,ib_hw_counter,rdma_vf_rail3,rx_write_requests,4.42381e+08
2026-09-30T06:47:22.419Z,gpu-3uwoq-6g3ya-1,ib_hw_counter,rdma_vf_rail3,rx_read_requests,7.82969e+06
2026-09-30T06:47:22.419Z,gpu-3uwoq-6g3ya-1,ib_hw_counter,rdma_vf_rail3,req_cqe_error,0
2026-09-30T06:47:22.419Z,gpu-3uwoq-6g3ya-1,ib_hw_counter,rdma_vf_rail3,resp_cqe_error,0
2026-09-30T06:47:22.419Z,gpu-3uwoq-6g3ya-1,ib_hw_counter,rdma_vf_rail3,implied_nak_seq_err,0
2026-09-30T06:47:22.419Z,gpu-3uwoq-6g3ya-1,ib_hw_counter,rdma_vf_rail3,duplicate_request,0
2026-09-30T06:47:22.419Z,gpu-3uwoq-6g3ya-1,dcgm,gpu2,gpu_util,0
2026-09-30T06:47:22.419Z,gpu-3uwoq-6g3ya-1,dcgm,gpu3,gpu_util,0
2026-09-30T06:47:22.419Z,gpu-3uwoq-6g3ya-1,dcgm,gpu0,gpu_util,0
2026-09-30T06:47:22.419Z,gpu-3uwoq-6g3ya-1,dcgm,gpu1,gpu_util,0
2026-09-30T06:47:22.419Z,gpu-3uwoq-6g3ya-1,dcgm,gpu2,nvlink_bandwidth_total,0
2026-09-30T06:47:22.419Z,gpu-3uwoq-6g3ya-1,dcgm,gpu3,nvlink_bandwidth_total,0
2026-09-30T06:47:22.419Z,gpu-3uwoq-6g3ya-1,dcgm,gpu0,nvlink_bandwidth_total,0
2026-09-30T06:47:22.419Z,gpu-3uwoq-6g3ya-1,dcgm,gpu1,nvlink_bandwidth_total,0
2026-09-30T06:47:22.419Z,gpu-3uwoq-6g3ya-1,dcgm,gpu2,power_w,223.243
2026-09-30T06:47:22.419Z,gpu-3uwoq-6g3ya-1,dcgm,gpu3,power_w,227.099
2026-09-30T06:47:22.419Z,gpu-3uwoq-6g3ya-1,dcgm,gpu0,power_w,230.65
2026-09-30T06:47:22.419Z,gpu-3uwoq-6g3ya-1,dcgm,gpu1,power_w,228.565
2026-09-30T06:47:22.419Z,gpu-3uwoq-6g3ya-1,dcgm,gpu2,sm_clock_mhz,2070
2026-09-30T06:47:22.419Z,gpu-3uwoq-6g3ya-1,dcgm,gpu3,sm_clock_mhz,2070
2026-09-30T06:47:22.419Z,gpu-3uwoq-6g3ya-1,dcgm,gpu0,sm_clock_mhz,2070
2026-09-30T06:47:22.419Z,gpu-3uwoq-6g3ya-1,dcgm,gpu1,sm_clock_mhz,2070
2026-09-30T06:47:22.419Z,gpu-3uwoq-6g3ya-1,dcgm,gpu2,dram_active,0
2026-09-30T06:47:22.419Z,gpu-3uwoq-6g3ya-1,dcgm,gpu3,dram_active,0
2026-09-30T06:47:22.419Z,gpu-3uwoq-6g3ya-1,dcgm,gpu0,dram_active,0
2026-09-30T06:47:22.419Z,gpu-3uwoq-6g3ya-1,dcgm,gpu1,dram_active,0
2026-09-30T06:47:22.419Z,gpu-3uwoq-6g3ya-1,dcgm,gpu2,pcie_rx_bytes,100516
2026-09-30T06:47:22.419Z,gpu-3uwoq-6g3ya-1,dcgm,gpu3,pcie_rx_bytes,95879
2026-09-30T06:47:22.419Z,gpu-3uwoq-6g3ya-1,dcgm,gpu0,pcie_rx_bytes,99529
2026-09-30T06:47:22.419Z,gpu-3uwoq-6g3ya-1,dcgm,gpu1,pcie_rx_bytes,190359
2026-09-30T06:47:22.419Z,gpu-3uwoq-6g3ya-1,dcgm,gpu2,pcie_tx_bytes,94630
2026-09-30T06:47:22.419Z,gpu-3uwoq-6g3ya-1,dcgm,gpu3,pcie_tx_bytes,90026
2026-09-30T06:47:22.419Z,gpu-3uwoq-6g3ya-1,dcgm,gpu0,pcie_tx_bytes,93554
2026-09-30T06:47:22.419Z,gpu-3uwoq-6g3ya-1,dcgm,gpu1,pcie_tx_bytes,179832
2026-09-30T06:47:22.419Z,gpu-3uwoq-6g3ya-1,dcgm,gpu2,tensor_active,0
2026-09-30T06:47:22.419Z,gpu-3uwoq-6g3ya-1,dcgm,gpu3,tensor_active,0
2026-09-30T06:47:22.419Z,gpu-3uwoq-6g3ya-1,dcgm,gpu0,tensor_active,0
2026-09-30T06:47:22.419Z,gpu-3uwoq-6g3ya-1,dcgm,gpu1,tensor_active,0
2026-09-30T06:47:22.419Z,gpu-3uwoq-6g3ya-1,dcgm,gpu2,sm_active,0
2026-09-30T06:47:22.419Z,gpu-3uwoq-6g3ya-1,dcgm,gpu3,sm_active,0
2026-09-30T06:47:22.419Z,gpu-3uwoq-6g3ya-1,dcgm,gpu0,sm_active,0
2026-09-30T06:47:22.419Z,gpu-3uwoq-6g3ya-1,dcgm,gpu1,sm_active,0
2026-09-30T06:47:22.419Z,gpu-3uwoq-6g3ya-1,nvlink,gpu0,nvlink_rx_bytes,1.02469e+13
2026-09-30T06:47:22.419Z,gpu-3uwoq-6g3ya-1,nvlink,gpu0,nvlink_tx_bytes,1.02513e+13
2026-09-30T06:47:22.419Z,gpu-3uwoq-6g3ya-1,nvlink,gpu1,nvlink_rx_bytes,1.04013e+13
2026-09-30T06:47:22.419Z,gpu-3uwoq-6g3ya-1,nvlink,gpu1,nvlink_tx_bytes,1.04042e+13
2026-09-30T06:47:22.419Z,gpu-3uwoq-6g3ya-1,nvlink,gpu2,nvlink_rx_bytes,1.02695e+13
2026-09-30T06:47:22.419Z,gpu-3uwoq-6g3ya-1,nvlink,gpu2,nvlink_tx_bytes,1.02732e+13
2026-09-30T06:47:22.419Z,gpu-3uwoq-6g3ya-1,nvlink,gpu3,nvlink_rx_bytes,1.0219e+13
2026-09-30T06:47:22.419Z,gpu-3uwoq-6g3ya-1,nvlink,gpu3,nvlink_tx_bytes,1.0222e+13
2026-09-30T06:47:23.419Z,gpu-3uwoq-6g3ya-1,ib_counter,rdma_vf_rail0,port_xmit_data,4.05431e+12
2026-09-30T06:47:23.419Z,gpu-3uwoq-6g3ya-1,ib_counter,rdma_vf_rail0,port_rcv_data,2.08688e+12
2026-09-30T06:47:23.419Z,gpu-3uwoq-6g3ya-1,ib_counter,rdma_vf_rail0,port_xmit_packets,1.09514e+09
2026-09-30T06:47:23.419Z,gpu-3uwoq-6g3ya-1,ib_counter,rdma_vf_rail0,port_rcv_packets,7.30222e+08
2026-09-30T06:47:23.419Z,gpu-3uwoq-6g3ya-1,ib_counter,rdma_vf_rail0,port_xmit_wait,0
2026-09-30T06:47:23.419Z,gpu-3uwoq-6g3ya-1,ib_counter,rdma_vf_rail0,port_rcv_errors,0
2026-09-30T06:47:23.419Z,gpu-3uwoq-6g3ya-1,ib_counter,rdma_vf_rail0,port_xmit_discards,0
2026-09-30T06:47:23.419Z,gpu-3uwoq-6g3ya-1,ib_counter,rdma_vf_rail0,link_downed,0
2026-09-30T06:47:23.419Z,gpu-3uwoq-6g3ya-1,ib_hw_counter,rdma_vf_rail0,out_of_sequence,0
2026-09-30T06:47:23.419Z,gpu-3uwoq-6g3ya-1,ib_hw_counter,rdma_vf_rail0,packet_seq_err,8
2026-09-30T06:47:23.419Z,gpu-3uwoq-6g3ya-1,ib_hw_counter,rdma_vf_rail0,local_ack_timeout_err,0
2026-09-30T06:47:23.419Z,gpu-3uwoq-6g3ya-1,ib_hw_counter,rdma_vf_rail0,rx_write_requests,4.44406e+08
2026-09-30T06:47:23.419Z,gpu-3uwoq-6g3ya-1,ib_hw_counter,rdma_vf_rail0,rx_read_requests,8.83833e+06
2026-09-30T06:47:23.419Z,gpu-3uwoq-6g3ya-1,ib_hw_counter,rdma_vf_rail0,req_cqe_error,0
2026-09-30T06:47:23.419Z,gpu-3uwoq-6g3ya-1,ib_hw_counter,rdma_vf_rail0,resp_cqe_error,0
2026-09-30T06:47:23.419Z,gpu-3uwoq-6g3ya-1,ib_hw_counter,rdma_vf_rail0,implied_nak_seq_err,0
2026-09-30T06:47:23.419Z,gpu-3uwoq-6g3ya-1,ib_hw_counter,rdma_vf_rail0,duplicate_request,0
2026-09-30T06:47:23.419Z,gpu-3uwoq-6g3ya-1,ib_counter,rdma_vf_rail1,port_xmit_data,3.94677e+12
2026-09-30T06:47:23.419Z,gpu-3uwoq-6g3ya-1,ib_counter,rdma_vf_rail1,port_rcv_data,1.97875e+12
2026-09-30T06:47:23.419Z,gpu-3uwoq-6g3ya-1,ib_counter,rdma_vf_rail1,port_xmit_packets,1.06896e+09
2026-09-30T06:47:23.419Z,gpu-3uwoq-6g3ya-1,ib_counter,rdma_vf_rail1,port_rcv_packets,6.99145e+08
2026-09-30T06:47:23.419Z,gpu-3uwoq-6g3ya-1,ib_counter,rdma_vf_rail1,port_xmit_wait,0
2026-09-30T06:47:23.419Z,gpu-3uwoq-6g3ya-1,ib_counter,rdma_vf_rail1,port_rcv_errors,0
2026-09-30T06:47:23.419Z,gpu-3uwoq-6g3ya-1,ib_counter,rdma_vf_rail1,port_xmit_discards,0
2026-09-30T06:47:23.419Z,gpu-3uwoq-6g3ya-1,ib_counter,rdma_vf_rail1,link_downed,0
2026-09-30T06:47:23.419Z,gpu-3uwoq-6g3ya-1,ib_hw_counter,rdma_vf_rail1,out_of_sequence,0
2026-09-30T06:47:23.419Z,gpu-3uwoq-6g3ya-1,ib_hw_counter,rdma_vf_rail1,packet_seq_err,8
2026-09-30T06:47:23.419Z,gpu-3uwoq-6g3ya-1,ib_hw_counter,rdma_vf_rail1,local_ack_timeout_err,0
2026-09-30T06:47:23.419Z,gpu-3uwoq-6g3ya-1,ib_hw_counter,rdma_vf_rail1,rx_write_requests,4.42808e+08
2026-09-30T06:47:23.419Z,gpu-3uwoq-6g3ya-1,ib_hw_counter,rdma_vf_rail1,rx_read_requests,8.03731e+06
2026-09-30T06:47:23.419Z,gpu-3uwoq-6g3ya-1,ib_hw_counter,rdma_vf_rail1,req_cqe_error,0
2026-09-30T06:47:23.419Z,gpu-3uwoq-6g3ya-1,ib_hw_counter,rdma_vf_rail1,resp_cqe_error,0
2026-09-30T06:47:23.419Z,gpu-3uwoq-6g3ya-1,ib_hw_counter,rdma_vf_rail1,implied_nak_seq_err,0
2026-09-30T06:47:23.419Z,gpu-3uwoq-6g3ya-1,ib_hw_counter,rdma_vf_rail1,duplicate_request,0
2026-09-30T06:47:23.419Z,gpu-3uwoq-6g3ya-1,ib_counter,rdma_vf_rail2,port_xmit_data,3.91927e+12
2026-09-30T06:47:23.419Z,gpu-3uwoq-6g3ya-1,ib_counter,rdma_vf_rail2,port_rcv_data,1.95098e+12
2026-09-30T06:47:23.419Z,gpu-3uwoq-6g3ya-1,ib_counter,rdma_vf_rail2,port_xmit_packets,1.0544e+09
2026-09-30T06:47:23.419Z,gpu-3uwoq-6g3ya-1,ib_counter,rdma_vf_rail2,port_rcv_packets,6.80094e+08
2026-09-30T06:47:23.419Z,gpu-3uwoq-6g3ya-1,ib_counter,rdma_vf_rail2,port_xmit_wait,0
2026-09-30T06:47:23.419Z,gpu-3uwoq-6g3ya-1,ib_counter,rdma_vf_rail2,port_rcv_errors,0
2026-09-30T06:47:23.419Z,gpu-3uwoq-6g3ya-1,ib_counter,rdma_vf_rail2,port_xmit_discards,0
2026-09-30T06:47:23.419Z,gpu-3uwoq-6g3ya-1,ib_counter,rdma_vf_rail2,link_downed,0
2026-09-30T06:47:23.419Z,gpu-3uwoq-6g3ya-1,ib_hw_counter,rdma_vf_rail2,out_of_sequence,0
2026-09-30T06:47:23.419Z,gpu-3uwoq-6g3ya-1,ib_hw_counter,rdma_vf_rail2,packet_seq_err,7
2026-09-30T06:47:23.419Z,gpu-3uwoq-6g3ya-1,ib_hw_counter,rdma_vf_rail2,local_ack_timeout_err,0
2026-09-30T06:47:23.419Z,gpu-3uwoq-6g3ya-1,ib_hw_counter,rdma_vf_rail2,rx_write_requests,4.42381e+08
2026-09-30T06:47:23.419Z,gpu-3uwoq-6g3ya-1,ib_hw_counter,rdma_vf_rail2,rx_read_requests,7.82969e+06
2026-09-30T06:47:23.419Z,gpu-3uwoq-6g3ya-1,ib_hw_counter,rdma_vf_rail2,req_cqe_error,0
2026-09-30T06:47:23.419Z,gpu-3uwoq-6g3ya-1,ib_hw_counter,rdma_vf_rail2,resp_cqe_error,0
2026-09-30T06:47:23.419Z,gpu-3uwoq-6g3ya-1,ib_hw_counter,rdma_vf_rail2,implied_nak_seq_err,0
2026-09-30T06:47:23.419Z,gpu-3uwoq-6g3ya-1,ib_hw_counter,rdma_vf_rail2,duplicate_request,0
2026-09-30T06:47:23.419Z,gpu-3uwoq-6g3ya-1,ib_counter,rdma_vf_rail3,port_xmit_data,3.91953e+12
2026-09-30T06:47:23.419Z,gpu-3uwoq-6g3ya-1,ib_counter,rdma_vf_rail3,port_rcv_data,1.95074e+12
2026-09-30T06:47:23.419Z,gpu-3uwoq-6g3ya-1,ib_counter,rdma_vf_rail3,port_xmit_packets,1.05518e+09
2026-09-30T06:47:23.419Z,gpu-3uwoq-6g3ya-1,ib_counter,rdma_vf_rail3,port_rcv_packets,6.76919e+08
2026-09-30T06:47:23.419Z,gpu-3uwoq-6g3ya-1,ib_counter,rdma_vf_rail3,port_xmit_wait,0
2026-09-30T06:47:23.419Z,gpu-3uwoq-6g3ya-1,ib_counter,rdma_vf_rail3,port_rcv_errors,0
2026-09-30T06:47:23.419Z,gpu-3uwoq-6g3ya-1,ib_counter,rdma_vf_rail3,port_xmit_discards,0
2026-09-30T06:47:23.419Z,gpu-3uwoq-6g3ya-1,ib_counter,rdma_vf_rail3,link_downed,0
2026-09-30T06:47:23.419Z,gpu-3uwoq-6g3ya-1,ib_hw_counter,rdma_vf_rail3,out_of_sequence,1
2026-09-30T06:47:23.419Z,gpu-3uwoq-6g3ya-1,ib_hw_counter,rdma_vf_rail3,packet_seq_err,7
2026-09-30T06:47:23.419Z,gpu-3uwoq-6g3ya-1,ib_hw_counter,rdma_vf_rail3,local_ack_timeout_err,0
2026-09-30T06:47:23.419Z,gpu-3uwoq-6g3ya-1,ib_hw_counter,rdma_vf_rail3,rx_write_requests,4.42381e+08
2026-09-30T06:47:23.419Z,gpu-3uwoq-6g3ya-1,ib_hw_counter,rdma_vf_rail3,rx_read_requests,7.82969e+06
2026-09-30T06:47:23.419Z,gpu-3uwoq-6g3ya-1,ib_hw_counter,rdma_vf_rail3,req_cqe_error,0
2026-09-30T06:47:23.419Z,gpu-3uwoq-6g3ya-1,ib_hw_counter,rdma_vf_rail3,resp_cqe_error,0
2026-09-30T06:47:23.419Z,gpu-3uwoq-6g3ya-1,ib_hw_counter,rdma_vf_rail3,implied_nak_seq_err,0
2026-09-30T06:47:23.419Z,gpu-3uwoq-6g3ya-1,ib_hw_counter,rdma_vf_rail3,duplicate_request,0
2026-09-30T06:47:23.419Z,gpu-3uwoq-6g3ya-1,dcgm,gpu2,gpu_util,0
2026-09-30T06:47:23.419Z,gpu-3uwoq-6g3ya-1,dcgm,gpu3,gpu_util,0
2026-09-30T06:47:23.419Z,gpu-3uwoq-6g3ya-1,dcgm,gpu0,gpu_util,0
2026-09-30T06:47:23.419Z,gpu-3uwoq-6g3ya-1,dcgm,gpu1,gpu_util,0
2026-09-30T06:47:23.419Z,gpu-3uwoq-6g3ya-1,dcgm,gpu2,nvlink_bandwidth_total,0
2026-09-30T06:47:23.419Z,gpu-3uwoq-6g3ya-1,dcgm,gpu3,nvlink_bandwidth_total,0
2026-09-30T06:47:23.419Z,gpu-3uwoq-6g3ya-1,dcgm,gpu0,nvlink_bandwidth_total,0
2026-09-30T06:47:23.419Z,gpu-3uwoq-6g3ya-1,dcgm,gpu1,nvlink_bandwidth_total,0
2026-09-30T06:47:23.419Z,gpu-3uwoq-6g3ya-1,dcgm,gpu2,power_w,223.243
2026-09-30T06:47:23.419Z,gpu-3uwoq-6g3ya-1,dcgm,gpu3,power_w,227.099
2026-09-30T06:47:23.419Z,gpu-3uwoq-6g3ya-1,dcgm,gpu0,power_w,230.65
2026-09-30T06:47:23.419Z,gpu-3uwoq-6g3ya-1,dcgm,gpu1,power_w,228.565
2026-09-30T06:47:23.419Z,gpu-3uwoq-6g3ya-1,dcgm,gpu2,sm_clock_mhz,2070
2026-09-30T06:47:23.419Z,gpu-3uwoq-6g3ya-1,dcgm,gpu3,sm_clock_mhz,2070
2026-09-30T06:47:23.419Z,gpu-3uwoq-6g3ya-1,dcgm,gpu0,sm_clock_mhz,2070
2026-09-30T06:47:23.419Z,gpu-3uwoq-6g3ya-1,dcgm,gpu1,sm_clock_mhz,2070
2026-09-30T06:47:23.419Z,gpu-3uwoq-6g3ya-1,dcgm,gpu2,dram_active,0
2026-09-30T06:47:23.419Z,gpu-3uwoq-6g3ya-1,dcgm,gpu3,dram_active,0
2026-09-30T06:47:23.419Z,gpu-3uwoq-6g3ya-1,dcgm,gpu0,dram_active,0
2026-09-30T06:47:23.419Z,gpu-3uwoq-6g3ya-1,dcgm,gpu1,dram_active,0
2026-09-30T06:47:23.419Z,gpu-3uwoq-6g3ya-1,dcgm,gpu2,pcie_rx_bytes,100516
2026-09-30T06:47:23.419Z,gpu-3uwoq-6g3ya-1,dcgm,gpu3,pcie_rx_bytes,95879
2026-09-30T06:47:23.419Z,gpu-3uwoq-6g3ya-1,dcgm,gpu0,pcie_rx_bytes,99529
2026-09-30T06:47:23.419Z,gpu-3uwoq-6g3ya-1,dcgm,gpu1,pcie_rx_bytes,190359
2026-09-30T06:47:23.419Z,gpu-3uwoq-6g3ya-1,dcgm,gpu2,pcie_tx_bytes,94630
2026-09-30T06:47:23.419Z,gpu-3uwoq-6g3ya-1,dcgm,gpu3,pcie_tx_bytes,90026
2026-09-30T06:47:23.419Z,gpu-3uwoq-6g3ya-1,dcgm,gpu0,pcie_tx_bytes,93554
2026-09-30T06:47:23.419Z,gpu-3uwoq-6g3ya-1,dcgm,gpu1,pcie_tx_bytes,179832
2026-09-30T06:47:23.419Z,gpu-3uwoq-6g3ya-1,dcgm,gpu2,tensor_active,0
2026-09-30T06:47:23.419Z,gpu-3uwoq-6g3ya-1,dcgm,gpu3,tensor_active,0
2026-09-30T06:47:23.419Z,gpu-3uwoq-6g3ya-1,dcgm,gpu0,tensor_active,0
2026-09-30T06:47:23.419Z,gpu-3uwoq-6g3ya-1,dcgm,gpu1,tensor_active,0
2026-09-30T06:47:23.419Z,gpu-3uwoq-6g3ya-1,dcgm,gpu2,sm_active,0
2026-09-30T06:47:23.419Z,gpu-3uwoq-6g3ya-1,dcgm,gpu3,sm_active,0
2026-09-30T06:47:23.419Z,gpu-3uwoq-6g3ya-1,dcgm,gpu0,sm_active,0
2026-09-30T06:47:23.419Z,gpu-3uwoq-6g3ya-1,dcgm,gpu1,sm_active,0
2026-09-30T06:47:23.419Z,gpu-3uwoq-6g3ya-1,nvlink,gpu0,nvlink_rx_bytes,1.02469e+13
2026-09-30T06:47:23.419Z,gpu-3uwoq-6g3ya-1,nvlink,gpu0,nvlink_tx_bytes,1.02513e+13
2026-09-30T06:47:23.419Z,gpu-3uwoq-6g3ya-1,nvlink,gpu1,nvlink_rx_bytes,1.04013e+13
2026-09-30T06:47:23.419Z,gpu-3uwoq-6g3ya-1,nvlink,gpu1,nvlink_tx_bytes,1.04042e+13
2026-09-30T06:47:23.419Z,gpu-3uwoq-6g3ya-1,nvlink,gpu2,nvlink_rx_bytes,1.02695e+13
2026-09-30T06:47:23.419Z,gpu-3uwoq-6g3ya-1,nvlink,gpu2,nvlink_tx_bytes,1.02732e+13
2026-09-30T06:47:23.419Z,gpu-3uwoq-6g3ya-1,nvlink,gpu3,nvlink_rx_bytes,1.0219e+13
2026-09-30T06:47:23.419Z,gpu-3uwoq-6g3ya-1,nvlink,gpu3,nvlink_tx_bytes,1.0222e+13
2026-09-30T06:47:24.419Z,gpu-3uwoq-6g3ya-1,ib_counter,rdma_vf_rail0,port_xmit_data,4.05431e+12
2026-09-30T06:47:24.419Z,gpu-3uwoq-6g3ya-1,ib_counter,rdma_vf_rail0,port_rcv_data,2.08688e+12
2026-09-30T06:47:24.419Z,gpu-3uwoq-6g3ya-1,ib_counter,rdma_vf_rail0,port_xmit_packets,1.09514e+09
2026-09-30T06:47:24.419Z,gpu-3uwoq-6g3ya-1,ib_counter,rdma_vf_rail0,port_rcv_packets,7.30222e+08
2026-09-30T06:47:24.419Z,gpu-3uwoq-6g3ya-1,ib_counter,rdma_vf_rail0,port_xmit_wait,0
2026-09-30T06:47:24.419Z,gpu-3uwoq-6g3ya-1,ib_counter,rdma_vf_rail0,port_rcv_errors,0
2026-09-30T06:47:24.419Z,gpu-3uwoq-6g3ya-1,ib_counter,rdma_vf_rail0,port_xmit_discards,0
2026-09-30T06:47:24.419Z,gpu-3uwoq-6g3ya-1,ib_counter,rdma_vf_rail0,link_downed,0
2026-09-30T06:47:24.419Z,gpu-3uwoq-6g3ya-1,ib_hw_counter,rdma_vf_rail0,out_of_sequence,0
2026-09-30T06:47:24.419Z,gpu-3uwoq-6g3ya-1,ib_hw_counter,rdma_vf_rail0,packet_seq_err,8
2026-09-30T06:47:24.419Z,gpu-3uwoq-6g3ya-1,ib_hw_counter,rdma_vf_rail0,local_ack_timeout_err,0
2026-09-30T06:47:24.419Z,gpu-3uwoq-6g3ya-1,ib_hw_counter,rdma_vf_rail0,rx_write_requests,4.44406e+08
2026-09-30T06:47:24.419Z,gpu-3uwoq-6g3ya-1,ib_hw_counter,rdma_vf_rail0,rx_read_requests,8.83833e+06
2026-09-30T06:47:24.419Z,gpu-3uwoq-6g3ya-1,ib_hw_counter,rdma_vf_rail0,req_cqe_error,0
2026-09-30T06:47:24.419Z,gpu-3uwoq-6g3ya-1,ib_hw_counter,rdma_vf_rail0,resp_cqe_error,0
2026-09-30T06:47:24.419Z,gpu-3uwoq-6g3ya-1,ib_hw_counter,rdma_vf_rail0,implied_nak_seq_err,0
2026-09-30T06:47:24.419Z,gpu-3uwoq-6g3ya-1,ib_hw_counter,rdma_vf_rail0,duplicate_request,0
2026-09-30T06:47:24.419Z,gpu-3uwoq-6g3ya-1,ib_counter,rdma_vf_rail1,port_xmit_data,3.94677e+12
2026-09-30T06:47:24.419Z,gpu-3uwoq-6g3ya-1,ib_counter,rdma_vf_rail1,port_rcv_data,1.97875e+12
2026-09-30T06:47:24.419Z,gpu-3uwoq-6g3ya-1,ib_counter,rdma_vf_rail1,port_xmit_packets,1.06896e+09
2026-09-30T06:47:24.419Z,gpu-3uwoq-6g3ya-1,ib_counter,rdma_vf_rail1,port_rcv_packets,6.99145e+08
2026-09-30T06:47:24.419Z,gpu-3uwoq-6g3ya-1,ib_counter,rdma_vf_rail1,port_xmit_wait,0
2026-09-30T06:47:24.419Z,gpu-3uwoq-6g3ya-1,ib_counter,rdma_vf_rail1,port_rcv_errors,0
2026-09-30T06:47:24.419Z,gpu-3uwoq-6g3ya-1,ib_counter,rdma_vf_rail1,port_xmit_discards,0
2026-09-30T06:47:24.419Z,gpu-3uwoq-6g3ya-1,ib_counter,rdma_vf_rail1,link_downed,0
2026-09-30T06:47:24.419Z,gpu-3uwoq-6g3ya-1,ib_hw_counter,rdma_vf_rail1,out_of_sequence,0
2026-09-30T06:47:24.419Z,gpu-3uwoq-6g3ya-1,ib_hw_counter,rdma_vf_rail1,packet_seq_err,8
2026-09-30T06:47:24.419Z,gpu-3uwoq-6g3ya-1,ib_hw_counter,rdma_vf_rail1,local_ack_timeout_err,0
2026-09-30T06:47:24.419Z,gpu-3uwoq-6g3ya-1,ib_hw_counter,rdma_vf_rail1,rx_write_requests,4.42808e+08
2026-09-30T06:47:24.419Z,gpu-3uwoq-6g3ya-1,ib_hw_counter,rdma_vf_rail1,rx_read_requests,8.03731e+06
2026-09-30T06:47:24.419Z,gpu-3uwoq-6g3ya-1,ib_hw_counter,rdma_vf_rail1,req_cqe_error,0
2026-09-30T06:47:24.419Z,gpu-3uwoq-6g3ya-1,ib_hw_counter,rdma_vf_rail1,resp_cqe_error,0
2026-09-30T06:47:24.419Z,gpu-3uwoq-6g3ya-1,ib_hw_counter,rdma_vf_rail1,implied_nak_seq_err,0
2026-09-30T06:47:24.419Z,gpu-3uwoq-6g3ya-1,ib_hw_counter,rdma_vf_rail1,duplicate_request,0
2026-09-30T06:47:24.419Z,gpu-3uwoq-6g3ya-1,ib_counter,rdma_vf_rail2,port_xmit_data,3.91927e+12
2026-09-30T06:47:24.419Z,gpu-3uwoq-6g3ya-1,ib_counter,rdma_vf_rail2,port_rcv_data,1.95098e+12
2026-09-30T06:47:24.419Z,gpu-3uwoq-6g3ya-1,ib_counter,rdma_vf_rail2,port_xmit_packets,1.0544e+09
2026-09-30T06:47:24.419Z,gpu-3uwoq-6g3ya-1,ib_counter,rdma_vf_rail2,port_rcv_packets,6.80094e+08
2026-09-30T06:47:24.419Z,gpu-3uwoq-6g3ya-1,ib_counter,rdma_vf_rail2,port_xmit_wait,0
2026-09-30T06:47:24.419Z,gpu-3uwoq-6g3ya-1,ib_counter,rdma_vf_rail2,port_rcv_errors,0
2026-09-30T06:47:24.419Z,gpu-3uwoq-6g3ya-1,ib_counter,rdma_vf_rail2,port_xmit_discards,0
2026-09-30T06:47:24.419Z,gpu-3uwoq-6g3ya-1,ib_counter,rdma_vf_rail2,link_downed,0
2026-09-30T06:47:24.419Z,gpu-3uwoq-6g3ya-1,ib_hw_counter,rdma_vf_rail2,out_of_sequence,0
2026-09-30T06:47:24.419Z,gpu-3uwoq-6g3ya-1,ib_hw_counter,rdma_vf_rail2,packet_seq_err,7
2026-09-30T06:47:24.419Z,gpu-3uwoq-6g3ya-1,ib_hw_counter,rdma_vf_rail2,local_ack_timeout_err,0
2026-09-30T06:47:24.419Z,gpu-3uwoq-6g3ya-1,ib_hw_counter,rdma_vf_rail2,rx_write_requests,4.42381e+08
2026-09-30T06:47:24.419Z,gpu-3uwoq-6g3ya-1,ib_hw_counter,rdma_vf_rail2,rx_read_requests,7.82969e+06
2026-09-30T06:47:24.419Z,gpu-3uwoq-6g3ya-1,ib_hw_counter,rdma_vf_rail2,req_cqe_error,0
2026-09-30T06:47:24.419Z,gpu-3uwoq-6g3ya-1,ib_hw_counter,rdma_vf_rail2,resp_cqe_error,0
2026-09-30T06:47:24.419Z,gpu-3uwoq-6g3ya-1,ib_hw_counter,rdma_vf_rail2,implied_nak_seq_err,0
2026-09-30T06:47:24.419Z,gpu-3uwoq-6g3ya-1,ib_hw_counter,rdma_vf_rail2,duplicate_request,0
2026-09-30T06:47:24.419Z,gpu-3uwoq-6g3ya-1,ib_counter,rdma_vf_rail3,port_xmit_data,3.91953e+12
2026-09-30T06:47:24.419Z,gpu-3uwoq-6g3ya-1,ib_counter,rdma_vf_rail3,port_rcv_data,1.95074e+12
2026-09-30T06:47:24.419Z,gpu-3uwoq-6g3ya-1,ib_counter,rdma_vf_rail3,port_xmit_packets,1.05518e+09
2026-09-30T06:47:24.419Z,gpu-3uwoq-6g3ya-1,ib_counter,rdma_vf_rail3,port_rcv_packets,6.76919e+08
2026-09-30T06:47:24.419Z,gpu-3uwoq-6g3ya-1,ib_counter,rdma_vf_rail3,port_xmit_wait,0
2026-09-30T06:47:24.419Z,gpu-3uwoq-6g3ya-1,ib_counter,rdma_vf_rail3,port_rcv_errors,0
2026-09-30T06:47:24.419Z,gpu-3uwoq-6g3ya-1,ib_counter,rdma_vf_rail3,port_xmit_discards,0
2026-09-30T06:47:24.419Z,gpu-3uwoq-6g3ya-1,ib_counter,rdma_vf_rail3,link_downed,0
2026-09-30T06:47:24.419Z,gpu-3uwoq-6g3ya-1,ib_hw_counter,rdma_vf_rail3,out_of_sequence,1
2026-09-30T06:47:24.419Z,gpu-3uwoq-6g3ya-1,ib_hw_counter,rdma_vf_rail3,packet_seq_err,7
2026-09-30T06:47:24.419Z,gpu-3uwoq-6g3ya-1,ib_hw_counter,rdma_vf_rail3,local_ack_timeout_err,0
2026-09-30T06:47:24.419Z,gpu-3uwoq-6g3ya-1,ib_hw_counter,rdma_vf_rail3,rx_write_requests,4.42381e+08
2026-09-30T06:47:24.419Z,gpu-3uwoq-6g3ya-1,ib_hw_counter,rdma_vf_rail3,rx_read_requests,7.82969e+06
2026-09-30T06:47:24.419Z,gpu-3uwoq-6g3ya-1,ib_hw_counter,rdma_vf_rail3,req_cqe_error,0
2026-09-30T06:47:24.419Z,gpu-3uwoq-6g3ya-1,ib_hw_counter,rdma_vf_rail3,resp_cqe_error,0
2026-09-30T06:47:24.419Z,gpu-3uwoq-6g3ya-1,ib_hw_counter,rdma_vf_rail3,implied_nak_seq_err,0
2026-09-30T06:47:24.419Z,gpu-3uwoq-6g3ya-1,ib_hw_counter,rdma_vf_rail3,duplicate_request,0
2026-09-30T06:47:24.419Z,gpu-3uwoq-6g3ya-1,dcgm,gpu2,gpu_util,0
2026-09-30T06:47:24.419Z,gpu-3uwoq-6g3ya-1,dcgm,gpu3,gpu_util,0
2026-09-30T06:47:24.419Z,gpu-3uwoq-6g3ya-1,dcgm,gpu0,gpu_util,0
2026-09-30T06:47:24.419Z,gpu-3uwoq-6g3ya-1,dcgm,gpu1,gpu_util,0
2026-09-30T06:47:24.419Z,gpu-3uwoq-6g3ya-1,dcgm,gpu2,nvlink_bandwidth_total,0
2026-09-30T06:47:24.419Z,gpu-3uwoq-6g3ya-1,dcgm,gpu3,nvlink_bandwidth_total,0
2026-09-30T06:47:24.419Z,gpu-3uwoq-6g3ya-1,dcgm,gpu0,nvlink_bandwidth_total,0
2026-09-30T06:47:24.419Z,gpu-3uwoq-6g3ya-1,dcgm,gpu1,nvlink_bandwidth_total,0
2026-09-30T06:47:24.419Z,gpu-3uwoq-6g3ya-1,dcgm,gpu2,power_w,223.243
2026-09-30T06:47:24.419Z,gpu-3uwoq-6g3ya-1,dcgm,gpu3,power_w,227.099
2026-09-30T06:47:24.419Z,gpu-3uwoq-6g3ya-1,dcgm,gpu0,power_w,230.65
2026-09-30T06:47:24.419Z,gpu-3uwoq-6g3ya-1,dcgm,gpu1,power_w,228.565
2026-09-30T06:47:24.419Z,gpu-3uwoq-6g3ya-1,dcgm,gpu2,sm_clock_mhz,2070
2026-09-30T06:47:24.419Z,gpu-3uwoq-6g3ya-1,dcgm,gpu3,sm_clock_mhz,2070
2026-09-30T06:47:24.419Z,gpu-3uwoq-6g3ya-1,dcgm,gpu0,sm_clock_mhz,2070
2026-09-30T06:47:24.419Z,gpu-3uwoq-6g3ya-1,dcgm,gpu1,sm_clock_mhz,2070
2026-09-30T06:47:24.419Z,gpu-3uwoq-6g3ya-1,dcgm,gpu2,dram_active,0
2026-09-30T06:47:24.419Z,gpu-3uwoq-6g3ya-1,dcgm,gpu3,dram_active,0
2026-09-30T06:47:24.419Z,gpu-3uwoq-6g3ya-1,dcgm,gpu0,dram_active,0
2026-09-30T06:47:24.419Z,gpu-3uwoq-6g3ya-1,dcgm,gpu1,dram_active,0
2026-09-30T06:47:24.419Z,gpu-3uwoq-6g3ya-1,dcgm,gpu2,pcie_rx_bytes,100516
2026-09-30T06:47:24.419Z,gpu-3uwoq-6g3ya-1,dcgm,gpu3,pcie_rx_bytes,95879
2026-09-30T06:47:24.419Z,gpu-3uwoq-6g3ya-1,dcgm,gpu0,pcie_rx_bytes,99529
2026-09-30T06:47:24.419Z,gpu-3uwoq-6g3ya-1,dcgm,gpu1,pcie_rx_bytes,190359
2026-09-30T06:47:24.419Z,gpu-3uwoq-6g3ya-1,dcgm,gpu2,pcie_tx_bytes,94630
2026-09-30T06:47:24.419Z,gpu-3uwoq-6g3ya-1,dcgm,gpu3,pcie_tx_bytes,90026
2026-09-30T06:47:24.419Z,gpu-3uwoq-6g3ya-1,dcgm,gpu0,pcie_tx_bytes,93554
2026-09-30T06:47:24.419Z,gpu-3uwoq-6g3ya-1,dcgm,gpu1,pcie_tx_bytes,179832
2026-09-30T06:47:24.419Z,gpu-3uwoq-6g3ya-1,dcgm,gpu2,tensor_active,0
2026-09-30T06:47:24.419Z,gpu-3uwoq-6g3ya-1,dcgm,gpu3,tensor_active,0
2026-09-30T06:47:24.419Z,gpu-3uwoq-6g3ya-1,dcgm,gpu0,tensor_active,0
2026-09-30T06:47:24.419Z,gpu-3uwoq-6g3ya-1,dcgm,gpu1,tensor_active,0
2026-09-30T06:47:24.419Z,gpu-3uwoq-6g3ya-1,dcgm,gpu2,sm_active,0
2026-09-30T06:47:24.419Z,gpu-3uwoq-6g3ya-1,dcgm,gpu3,sm_active,0
2026-09-30T06:47:24.419Z,gpu-3uwoq-6g3ya-1,dcgm,gpu0,sm_active,0
2026-09-30T06:47:24.419Z,gpu-3uwoq-6g3ya-1,dcgm,gpu1,sm_active,0
2026-09-30T06:47:24.419Z,gpu-3uwoq-6g3ya-1,nvlink,gpu0,nvlink_rx_bytes,1.02469e+13
2026-09-30T06:47:24.419Z,gpu-3uwoq-6g3ya-1,nvlink,gpu0,nvlink_tx_bytes,1.02513e+13
2026-09-30T06:47:24.419Z,gpu-3uwoq-6g3ya-1,nvlink,gpu1,nvlink_rx_bytes,1.04013e+13
2026-09-30T06:47:24.419Z,gpu-3uwoq-6g3ya-1,nvlink,gpu1,nvlink_tx_bytes,1.04042e+13
2026-09-30T06:47:24.419Z,gpu-3uwoq-6g3ya-1,nvlink,gpu2,nvlink_rx_bytes,1.02695e+13
2026-09-30T06:47:24.419Z,gpu-3uwoq-6g3ya-1,nvlink,gpu2,nvlink_tx_bytes,1.02732e+13
2026-09-30T06:47:24.419Z,gpu-3uwoq-6g3ya-1,nvlink,gpu3,nvlink_rx_bytes,1.0219e+13
2026-09-30T06:47:24.419Z,gpu-3uwoq-6g3ya-1,nvlink,gpu3,nvlink_tx_bytes,1.0222e+13
2026-09-30T06:47:25.419Z,gpu-3uwoq-6g3ya-1,ib_counter,rdma_vf_rail0,port_xmit_data,4.05431e+12
2026-09-30T06:47:25.419Z,gpu-3uwoq-6g3ya-1,ib_counter,rdma_vf_rail0,port_rcv_data,2.08688e+12
2026-09-30T06:47:25.419Z,gpu-3uwoq-6g3ya-1,ib_counter,rdma_vf_rail0,port_xmit_packets,1.09514e+09
2026-09-30T06:47:25.419Z,gpu-3uwoq-6g3ya-1,ib_counter,rdma_vf_rail0,port_rcv_packets,7.30222e+08
2026-09-30T06:47:25.419Z,gpu-3uwoq-6g3ya-1,ib_counter,rdma_vf_rail0,port_xmit_wait,0
2026-09-30T06:47:25.419Z,gpu-3uwoq-6g3ya-1,ib_counter,rdma_vf_rail0,port_rcv_errors,0
2026-09-30T06:47:25.419Z,gpu-3uwoq-6g3ya-1,ib_counter,rdma_vf_rail0,port_xmit_discards,0
2026-09-30T06:47:25.419Z,gpu-3uwoq-6g3ya-1,ib_counter,rdma_vf_rail0,link_downed,0
2026-09-30T06:47:25.419Z,gpu-3uwoq-6g3ya-1,ib_hw_counter,rdma_vf_rail0,out_of_sequence,0
2026-09-30T06:47:25.419Z,gpu-3uwoq-6g3ya-1,ib_hw_counter,rdma_vf_rail0,packet_seq_err,8
2026-09-30T06:47:25.419Z,gpu-3uwoq-6g3ya-1,ib_hw_counter,rdma_vf_rail0,local_ack_timeout_err,0
2026-09-30T06:47:25.419Z,gpu-3uwoq-6g3ya-1,ib_hw_counter,rdma_vf_rail0,rx_write_requests,4.44406e+08
2026-09-30T06:47:25.419Z,gpu-3uwoq-6g3ya-1,ib_hw_counter,rdma_vf_rail0,rx_read_requests,8.83833e+06
2026-09-30T06:47:25.419Z,gpu-3uwoq-6g3ya-1,ib_hw_counter,rdma_vf_rail0,req_cqe_error,0
2026-09-30T06:47:25.419Z,gpu-3uwoq-6g3ya-1,ib_hw_counter,rdma_vf_rail0,resp_cqe_error,0
2026-09-30T06:47:25.419Z,gpu-3uwoq-6g3ya-1,ib_hw_counter,rdma_vf_rail0,implied_nak_seq_err,0
2026-09-30T06:47:25.419Z,gpu-3uwoq-6g3ya-1,ib_hw_counter,rdma_vf_rail0,duplicate_request,0
2026-09-30T06:47:25.419Z,gpu-3uwoq-6g3ya-1,ib_counter,rdma_vf_rail1,port_xmit_data,3.94677e+12
2026-09-30T06:47:25.419Z,gpu-3uwoq-6g3ya-1,ib_counter,rdma_vf_rail1,port_rcv_data,1.97875e+12
2026-09-30T06:47:25.419Z,gpu-3uwoq-6g3ya-1,ib_counter,rdma_vf_rail1,port_xmit_packets,1.06896e+09
2026-09-30T06:47:25.419Z,gpu-3uwoq-6g3ya-1,ib_counter,rdma_vf_rail1,port_rcv_packets,6.99145e+08
2026-09-30T06:47:25.419Z,gpu-3uwoq-6g3ya-1,ib_counter,rdma_vf_rail1,port_xmit_wait,0
2026-09-30T06:47:25.419Z,gpu-3uwoq-6g3ya-1,ib_counter,rdma_vf_rail1,port_rcv_errors,0
2026-09-30T06:47:25.419Z,gpu-3uwoq-6g3ya-1,ib_counter,rdma_vf_rail1,port_xmit_discards,0
2026-09-30T06:47:25.419Z,gpu-3uwoq-6g3ya-1,ib_counter,rdma_vf_rail1,link_downed,0
2026-09-30T06:47:25.419Z,gpu-3uwoq-6g3ya-1,ib_hw_counter,rdma_vf_rail1,out_of_sequence,0
2026-09-30T06:47:25.419Z,gpu-3uwoq-6g3ya-1,ib_hw_counter,rdma_vf_rail1,packet_seq_err,8
2026-09-30T06:47:25.419Z,gpu-3uwoq-6g3ya-1,ib_hw_counter,rdma_vf_rail1,local_ack_timeout_err,0
2026-09-30T06:47:25.419Z,gpu-3uwoq-6g3ya-1,ib_hw_counter,rdma_vf_rail1,rx_write_requests,4.42808e+08
2026-09-30T06:47:25.419Z,gpu-3uwoq-6g3ya-1,ib_hw_counter,rdma_vf_rail1,rx_read_requests,8.03731e+06
2026-09-30T06:47:25.419Z,gpu-3uwoq-6g3ya-1,ib_hw_counter,rdma_vf_rail1,req_cqe_error,0
2026-09-30T06:47:25.419Z,gpu-3uwoq-6g3ya-1,ib_hw_counter,rdma_vf_rail1,resp_cqe_error,0
2026-09-30T06:47:25.419Z,gpu-3uwoq-6g3ya-1,ib_hw_counter,rdma_vf_rail1,implied_nak_seq_err,0
2026-09-30T06:47:25.419Z,gpu-3uwoq-6g3ya-1,ib_hw_counter,rdma_vf_rail1,duplicate_request,0
2026-09-30T06:47:25.419Z,gpu-3uwoq-6g3ya-1,ib_counter,rdma_vf_rail2,port_xmit_data,3.91927e+12
2026-09-30T06:47:25.419Z,gpu-3uwoq-6g3ya-1,ib_counter,rdma_vf_rail2,port_rcv_data,1.95098e+12
2026-09-30T06:47:25.419Z,gpu-3uwoq-6g3ya-1,ib_counter,rdma_vf_rail2,port_xmit_packets,1.0544e+09
2026-09-30T06:47:25.419Z,gpu-3uwoq-6g3ya-1,ib_counter,rdma_vf_rail2,port_rcv_packets,6.80094e+08
2026-09-30T06:47:25.419Z,gpu-3uwoq-6g3ya-1,ib_counter,rdma_vf_rail2,port_xmit_wait,0
2026-09-30T06:47:25.419Z,gpu-3uwoq-6g3ya-1,ib_counter,rdma_vf_rail2,port_rcv_errors,0
2026-09-30T06:47:25.419Z,gpu-3uwoq-6g3ya-1,ib_counter,rdma_vf_rail2,port_xmit_discards,0
2026-09-30T06:47:25.419Z,gpu-3uwoq-6g3ya-1,ib_counter,rdma_vf_rail2,link_downed,0
2026-09-30T06:47:25.419Z,gpu-3uwoq-6g3ya-1,ib_hw_counter,rdma_vf_rail2,out_of_sequence,0
2026-09-30T06:47:25.419Z,gpu-3uwoq-6g3ya-1,ib_hw_counter,rdma_vf_rail2,packet_seq_err,7
2026-09-30T06:47:25.419Z,gpu-3uwoq-6g3ya-1,ib_hw_counter,rdma_vf_rail2,local_ack_timeout_err,0
2026-09-30T06:47:25.419Z,gpu-3uwoq-6g3ya-1,ib_hw_counter,rdma_vf_rail2,rx_write_requests,4.42381e+08
2026-09-30T06:47:25.419Z,gpu-3uwoq-6g3ya-1,ib_hw_counter,rdma_vf_rail2,rx_read_requests,7.82969e+06
2026-09-30T06:47:25.419Z,gpu-3uwoq-6g3ya-1,ib_hw_counter,rdma_vf_rail2,req_cqe_error,0
2026-09-30T06:47:25.419Z,gpu-3uwoq-6g3ya-1,ib_hw_counter,rdma_vf_rail2,resp_cqe_error,0
2026-09-30T06:47:25.419Z,gpu-3uwoq-6g3ya-1,ib_hw_counter,rdma_vf_rail2,implied_nak_seq_err,0
2026-09-30T06:47:25.419Z,gpu-3uwoq-6g3ya-1,ib_hw_counter,rdma_vf_rail2,duplicate_request,0
2026-09-30T06:47:25.419Z,gpu-3uwoq-6g3ya-1,ib_counter,rdma_vf_rail3,port_xmit_data,3.91953e+12
2026-09-30T06:47:25.419Z,gpu-3uwoq-6g3ya-1,ib_counter,rdma_vf_rail3,port_rcv_data,1.95074e+12
2026-09-30T06:47:25.419Z,gpu-3uwoq-6g3ya-1,ib_counter,rdma_vf_rail3,port_xmit_packets,1.05518e+09
2026-09-30T06:47:25.419Z,gpu-3uwoq-6g3ya-1,ib_counter,rdma_vf_rail3,port_rcv_packets,6.76919e+08
2026-09-30T06:47:25.419Z,gpu-3uwoq-6g3ya-1,ib_counter,rdma_vf_rail3,port_xmit_wait,0
2026-09-30T06:47:25.419Z,gpu-3uwoq-6g3ya-1,ib_counter,rdma_vf_rail3,port_rcv_errors,0
2026-09-30T06:47:25.419Z,gpu-3uwoq-6g3ya-1,ib_counter,rdma_vf_rail3,port_xmit_discards,0
2026-09-30T06:47:25.419Z,gpu-3uwoq-6g3ya-1,ib_counter,rdma_vf_rail3,link_downed,0
2026-09-30T06:47:25.419Z,gpu-3uwoq-6g3ya-1,ib_hw_counter,rdma_vf_rail3,out_of_sequence,1
2026-09-30T06:47:25.419Z,gpu-3uwoq-6g3ya-1,ib_hw_counter,rdma_vf_rail3,packet_seq_err,7
2026-09-30T06:47:25.419Z,gpu-3uwoq-6g3ya-1,ib_hw_counter,rdma_vf_rail3,local_ack_timeout_err,0
2026-09-30T06:47:25.419Z,gpu-3uwoq-6g3ya-1,ib_hw_counter,rdma_vf_rail3,rx_write_requests,4.42381e+08
2026-09-30T06:47:25.419Z,gpu-3uwoq-6g3ya-1,ib_hw_counter,rdma_vf_rail3,rx_read_requests,7.82969e+06
2026-09-30T06:47:25.419Z,gpu-3uwoq-6g3ya-1,ib_hw_counter,rdma_vf_rail3,req_cqe_error,0
2026-09-30T06:47:25.419Z,gpu-3uwoq-6g3ya-1,ib_hw_counter,rdma_vf_rail3,resp_cqe_error,0
2026-09-30T06:47:25.419Z,gpu-3uwoq-6g3ya-1,ib_hw_counter,rdma_vf_rail3,implied_nak_seq_err,0
2026-09-30T06:47:25.419Z,gpu-3uwoq-6g3ya-1,ib_hw_counter,rdma_vf_rail3,duplicate_request,0
2026-09-30T06:47:25.419Z,gpu-3uwoq-6g3ya-1,dcgm,gpu2,gpu_util,0
2026-09-30T06:47:25.419Z,gpu-3uwoq-6g3ya-1,dcgm,gpu3,gpu_util,0
2026-09-30T06:47:25.419Z,gpu-3uwoq-6g3ya-1,dcgm,gpu0,gpu_util,0
2026-09-30T06:47:25.419Z,gpu-3uwoq-6g3ya-1,dcgm,gpu1,gpu_util,0
2026-09-30T06:47:25.419Z,gpu-3uwoq-6g3ya-1,dcgm,gpu2,nvlink_bandwidth_total,0
2026-09-30T06:47:25.419Z,gpu-3uwoq-6g3ya-1,dcgm,gpu3,nvlink_bandwidth_total,0
2026-09-30T06:47:25.419Z,gpu-3uwoq-6g3ya-1,dcgm,gpu0,nvlink_bandwidth_total,0
2026-09-30T06:47:25.419Z,gpu-3uwoq-6g3ya-1,dcgm,gpu1,nvlink_bandwidth_total,0
2026-09-30T06:47:25.419Z,gpu-3uwoq-6g3ya-1,dcgm,gpu2,power_w,223.243
2026-09-30T06:47:25.419Z,gpu-3uwoq-6g3ya-1,dcgm,gpu3,power_w,227.099
2026-09-30T06:47:25.419Z,gpu-3uwoq-6g3ya-1,dcgm,gpu0,power_w,230.65
2026-09-30T06:47:25.419Z,gpu-3uwoq-6g3ya-1,dcgm,gpu1,power_w,228.565
2026-09-30T06:47:25.419Z,gpu-3uwoq-6g3ya-1,dcgm,gpu2,sm_clock_mhz,2070
2026-09-30T06:47:25.419Z,gpu-3uwoq-6g3ya-1,dcgm,gpu3,sm_clock_mhz,2070
2026-09-30T06:47:25.419Z,gpu-3uwoq-6g3ya-1,dcgm,gpu0,sm_clock_mhz,2070
2026-09-30T06:47:25.419Z,gpu-3uwoq-6g3ya-1,dcgm,gpu1,sm_clock_mhz,2070
2026-09-30T06:47:25.419Z,gpu-3uwoq-6g3ya-1,dcgm,gpu2,dram_active,0
2026-09-30T06:47:25.419Z,gpu-3uwoq-6g3ya-1,dcgm,gpu3,dram_active,0
2026-09-30T06:47:25.419Z,gpu-3uwoq-6g3ya-1,dcgm,gpu0,dram_active,0
2026-09-30T06:47:25.419Z,gpu-3uwoq-6g3ya-1,dcgm,gpu1,dram_active,0
2026-09-30T06:47:25.419Z,gpu-3uwoq-6g3ya-1,dcgm,gpu2,pcie_rx_bytes,100516
2026-09-30T06:47:25.419Z,gpu-3uwoq-6g3ya-1,dcgm,gpu3,pcie_rx_bytes,95879
2026-09-30T06:47:25.419Z,gpu-3uwoq-6g3ya-1,dcgm,gpu0,pcie_rx_bytes,99529
2026-09-30T06:47:25.419Z,gpu-3uwoq-6g3ya-1,dcgm,gpu1,pcie_rx_bytes,190359
2026-09-30T06:47:25.419Z,gpu-3uwoq-6g3ya-1,dcgm,gpu2,pcie_tx_bytes,94630
2026-09-30T06:47:25.419Z,gpu-3uwoq-6g3ya-1,dcgm,gpu3,pcie_tx_bytes,90026
2026-09-30T06:47:25.419Z,gpu-3uwoq-6g3ya-1,dcgm,gpu0,pcie_tx_bytes,93554
2026-09-30T06:47:25.419Z,gpu-3uwoq-6g3ya-1,dcgm,gpu1,pcie_tx_bytes,179832
2026-09-30T06:47:25.419Z,gpu-3uwoq-6g3ya-1,dcgm,gpu2,tensor_active,0
2026-09-30T06:47:25.419Z,gpu-3uwoq-6g3ya-1,dcgm,gpu3,tensor_active,0
2026-09-30T06:47:25.419Z,gpu-3uwoq-6g3ya-1,dcgm,gpu0,tensor_active,0
2026-09-30T06:47:25.419Z,gpu-3uwoq-6g3ya-1,dcgm,gpu1,tensor_active,0
2026-09-30T06:47:25.419Z,gpu-3uwoq-6g3ya-1,dcgm,gpu2,sm_active,0
2026-09-30T06:47:25.419Z,gpu-3uwoq-6g3ya-1,dcgm,gpu3,sm_active,0
2026-09-30T06:47:25.419Z,gpu-3uwoq-6g3ya-1,dcgm,gpu0,sm_active,0
2026-09-30T06:47:25.419Z,gpu-3uwoq-6g3ya-1,dcgm,gpu1,sm_active,0
2026-09-30T06:47:25.419Z,gpu-3uwoq-6g3ya-1,nvlink,gpu0,nvlink_rx_bytes,1.02469e+13
2026-09-30T06:47:25.419Z,gpu-3uwoq-6g3ya-1,nvlink,gpu0,nvlink_tx_bytes,1.02513e+13
2026-09-30T06:47:25.419Z,gpu-3uwoq-6g3ya-1,nvlink,gpu1,nvlink_rx_bytes,1.04013e+13
2026-09-30T06:47:25.419Z,gpu-3uwoq-6g3ya-1,nvlink,gpu1,nvlink_tx_bytes,1.04042e+13
2026-09-30T06:47:25.419Z,gpu-3uwoq-6g3ya-1,nvlink,gpu2,nvlink_rx_bytes,1.02695e+13
2026-09-30T06:47:25.419Z,gpu-3uwoq-6g3ya-1,nvlink,gpu2,nvlink_tx_bytes,1.02732e+13
2026-09-30T06:47:25.419Z,gpu-3uwoq-6g3ya-1,nvlink,gpu3,nvlink_rx_bytes,1.0219e+13
2026-09-30T06:47:25.419Z,gpu-3uwoq-6g3ya-1,nvlink,gpu3,nvlink_tx_bytes,1.0222e+13
2026-09-30T06:47:26.420Z,gpu-3uwoq-6g3ya-1,ib_counter,rdma_vf_rail0,port_xmit_data,4.05431e+12
2026-09-30T06:47:26.420Z,gpu-3uwoq-6g3ya-1,ib_counter,rdma_vf_rail0,port_rcv_data,2.08688e+12
2026-09-30T06:47:26.420Z,gpu-3uwoq-6g3ya-1,ib_counter,rdma_vf_rail0,port_xmit_packets,1.09514e+09
2026-09-30T06:47:26.420Z,gpu-3uwoq-6g3ya-1,ib_counter,rdma_vf_rail0,port_rcv_packets,7.30222e+08
2026-09-30T06:47:26.420Z,gpu-3uwoq-6g3ya-1,ib_counter,rdma_vf_rail0,port_xmit_wait,0
2026-09-30T06:47:26.420Z,gpu-3uwoq-6g3ya-1,ib_counter,rdma_vf_rail0,port_rcv_errors,0
2026-09-30T06:47:26.420Z,gpu-3uwoq-6g3ya-1,ib_counter,rdma_vf_rail0,port_xmit_discards,0
2026-09-30T06:47:26.420Z,gpu-3uwoq-6g3ya-1,ib_counter,rdma_vf_rail0,link_downed,0
2026-09-30T06:47:26.420Z,gpu-3uwoq-6g3ya-1,ib_hw_counter,rdma_vf_rail0,out_of_sequence,0
2026-09-30T06:47:26.420Z,gpu-3uwoq-6g3ya-1,ib_hw_counter,rdma_vf_rail0,packet_seq_err,8
2026-09-30T06:47:26.420Z,gpu-3uwoq-6g3ya-1,ib_hw_counter,rdma_vf_rail0,local_ack_timeout_err,0
2026-09-30T06:47:26.420Z,gpu-3uwoq-6g3ya-1,ib_hw_counter,rdma_vf_rail0,rx_write_requests,4.44406e+08
2026-09-30T06:47:26.420Z,gpu-3uwoq-6g3ya-1,ib_hw_counter,rdma_vf_rail0,rx_read_requests,8.83833e+06
2026-09-30T06:47:26.420Z,gpu-3uwoq-6g3ya-1,ib_hw_counter,rdma_vf_rail0,req_cqe_error,0
2026-09-30T06:47:26.420Z,gpu-3uwoq-6g3ya-1,ib_hw_counter,rdma_vf_rail0,resp_cqe_error,0
2026-09-30T06:47:26.420Z,gpu-3uwoq-6g3ya-1,ib_hw_counter,rdma_vf_rail0,implied_nak_seq_err,0
2026-09-30T06:47:26.420Z,gpu-3uwoq-6g3ya-1,ib_hw_counter,rdma_vf_rail0,duplicate_request,0
2026-09-30T06:47:26.420Z,gpu-3uwoq-6g3ya-1,ib_counter,rdma_vf_rail1,port_xmit_data,3.94677e+12
2026-09-30T06:47:26.420Z,gpu-3uwoq-6g3ya-1,ib_counter,rdma_vf_rail1,port_rcv_data,1.97875e+12
2026-09-30T06:47:26.420Z,gpu-3uwoq-6g3ya-1,ib_counter,rdma_vf_rail1,port_xmit_packets,1.06896e+09
2026-09-30T06:47:26.420Z,gpu-3uwoq-6g3ya-1,ib_counter,rdma_vf_rail1,port_rcv_packets,6.99145e+08
2026-09-30T06:47:26.420Z,gpu-3uwoq-6g3ya-1,ib_counter,rdma_vf_rail1,port_xmit_wait,0
2026-09-30T06:47:26.420Z,gpu-3uwoq-6g3ya-1,ib_counter,rdma_vf_rail1,port_rcv_errors,0
2026-09-30T06:47:26.420Z,gpu-3uwoq-6g3ya-1,ib_counter,rdma_vf_rail1,port_xmit_discards,0
2026-09-30T06:47:26.420Z,gpu-3uwoq-6g3ya-1,ib_counter,rdma_vf_rail1,link_downed,0
2026-09-30T06:47:26.420Z,gpu-3uwoq-6g3ya-1,ib_hw_counter,rdma_vf_rail1,out_of_sequence,0
2026-09-30T06:47:26.420Z,gpu-3uwoq-6g3ya-1,ib_hw_counter,rdma_vf_rail1,packet_seq_err,8
2026-09-30T06:47:26.420Z,gpu-3uwoq-6g3ya-1,ib_hw_counter,rdma_vf_rail1,local_ack_timeout_err,0
2026-09-30T06:47:26.420Z,gpu-3uwoq-6g3ya-1,ib_hw_counter,rdma_vf_rail1,rx_write_requests,4.42808e+08
2026-09-30T06:47:26.420Z,gpu-3uwoq-6g3ya-1,ib_hw_counter,rdma_vf_rail1,rx_read_requests,8.03731e+06
2026-09-30T06:47:26.420Z,gpu-3uwoq-6g3ya-1,ib_hw_counter,rdma_vf_rail1,req_cqe_error,0
2026-09-30T06:47:26.420Z,gpu-3uwoq-6g3ya-1,ib_hw_counter,rdma_vf_rail1,resp_cqe_error,0
2026-09-30T06:47:26.420Z,gpu-3uwoq-6g3ya-1,ib_hw_counter,rdma_vf_rail1,implied_nak_seq_err,0
2026-09-30T06:47:26.420Z,gpu-3uwoq-6g3ya-1,ib_hw_counter,rdma_vf_rail1,duplicate_request,0
2026-09-30T06:47:26.420Z,gpu-3uwoq-6g3ya-1,ib_counter,rdma_vf_rail2,port_xmit_data,3.91927e+12
2026-09-30T06:47:26.420Z,gpu-3uwoq-6g3ya-1,ib_counter,rdma_vf_rail2,port_rcv_data,1.95098e+12
2026-09-30T06:47:26.420Z,gpu-3uwoq-6g3ya-1,ib_counter,rdma_vf_rail2,port_xmit_packets,1.0544e+09
2026-09-30T06:47:26.420Z,gpu-3uwoq-6g3ya-1,ib_counter,rdma_vf_rail2,port_rcv_packets,6.80094e+08
2026-09-30T06:47:26.420Z,gpu-3uwoq-6g3ya-1,ib_counter,rdma_vf_rail2,port_xmit_wait,0
2026-09-30T06:47:26.420Z,gpu-3uwoq-6g3ya-1,ib_counter,rdma_vf_rail2,port_rcv_errors,0
2026-09-30T06:47:26.420Z,gpu-3uwoq-6g3ya-1,ib_counter,rdma_vf_rail2,port_xmit_discards,0
2026-09-30T06:47:26.420Z,gpu-3uwoq-6g3ya-1,ib_counter,rdma_vf_rail2,link_downed,0
2026-09-30T06:47:26.420Z,gpu-3uwoq-6g3ya-1,ib_hw_counter,rdma_vf_rail2,out_of_sequence,0
2026-09-30T06:47:26.420Z,gpu-3uwoq-6g3ya-1,ib_hw_counter,rdma_vf_rail2,packet_seq_err,7
2026-09-30T06:47:26.420Z,gpu-3uwoq-6g3ya-1,ib_hw_counter,rdma_vf_rail2,local_ack_timeout_err,0
2026-09-30T06:47:26.420Z,gpu-3uwoq-6g3ya-1,ib_hw_counter,rdma_vf_rail2,rx_write_requests,4.42381e+08
2026-09-30T06:47:26.420Z,gpu-3uwoq-6g3ya-1,ib_hw_counter,rdma_vf_rail2,rx_read_requests,7.82969e+06
2026-09-30T06:47:26.420Z,gpu-3uwoq-6g3ya-1,ib_hw_counter,rdma_vf_rail2,req_cqe_error,0
2026-09-30T06:47:26.420Z,gpu-3uwoq-6g3ya-1,ib_hw_counter,rdma_vf_rail2,resp_cqe_error,0
2026-09-30T06:47:26.420Z,gpu-3uwoq-6g3ya-1,ib_hw_counter,rdma_vf_rail2,implied_nak_seq_err,0
2026-09-30T06:47:26.420Z,gpu-3uwoq-6g3ya-1,ib_hw_counter,rdma_vf_rail2,duplicate_request,0
2026-09-30T06:47:26.420Z,gpu-3uwoq-6g3ya-1,ib_counter,rdma_vf_rail3,port_xmit_data,3.91953e+12
2026-09-30T06:47:26.420Z,gpu-3uwoq-6g3ya-1,ib_counter,rdma_vf_rail3,port_rcv_data,1.95074e+12
2026-09-30T06:47:26.420Z,gpu-3uwoq-6g3ya-1,ib_counter,rdma_vf_rail3,port_xmit_packets,1.05518e+09
2026-09-30T06:47:26.420Z,gpu-3uwoq-6g3ya-1,ib_counter,rdma_vf_rail3,port_rcv_packets,6.76919e+08
2026-09-30T06:47:26.420Z,gpu-3uwoq-6g3ya-1,ib_counter,rdma_vf_rail3,port_xmit_wait,0
2026-09-30T06:47:26.420Z,gpu-3uwoq-6g3ya-1,ib_counter,rdma_vf_rail3,port_rcv_errors,0
2026-09-30T06:47:26.420Z,gpu-3uwoq-6g3ya-1,ib_counter,rdma_vf_rail3,port_xmit_discards,0
2026-09-30T06:47:26.420Z,gpu-3uwoq-6g3ya-1,ib_counter,rdma_vf_rail3,link_downed,0
2026-09-30T06:47:26.420Z,gpu-3uwoq-6g3ya-1,ib_hw_counter,rdma_vf_rail3,out_of_sequence,1
2026-09-30T06:47:26.420Z,gpu-3uwoq-6g3ya-1,ib_hw_counter,rdma_vf_rail3,packet_seq_err,7
2026-09-30T06:47:26.420Z,gpu-3uwoq-6g3ya-1,ib_hw_counter,rdma_vf_rail3,local_ack_timeout_err,0
2026-09-30T06:47:26.420Z,gpu-3uwoq-6g3ya-1,ib_hw_counter,rdma_vf_rail3,rx_write_requests,4.42381e+08
2026-09-30T06:47:26.420Z,gpu-3uwoq-6g3ya-1,ib_hw_counter,rdma_vf_rail3,rx_read_requests,7.82969e+06
2026-09-30T06:47:26.420Z,gpu-3uwoq-6g3ya-1,ib_hw_counter,rdma_vf_rail3,req_cqe_error,0
2026-09-30T06:47:26.420Z,gpu-3uwoq-6g3ya-1,ib_hw_counter,rdma_vf_rail3,resp_cqe_error,0
2026-09-30T06:47:26.420Z,gpu-3uwoq-6g3ya-1,ib_hw_counter,rdma_vf_rail3,implied_nak_seq_err,0
2026-09-30T06:47:26.420Z,gpu-3uwoq-6g3ya-1,ib_hw_counter,rdma_vf_rail3,duplicate_request,0
2026-09-30T06:47:26.420Z,gpu-3uwoq-6g3ya-1,dcgm,gpu2,gpu_util,0
2026-09-30T06:47:26.420Z,gpu-3uwoq-6g3ya-1,dcgm,gpu3,gpu_util,0
2026-09-30T06:47:26.420Z,gpu-3uwoq-6g3ya-1,dcgm,gpu0,gpu_util,0
2026-09-30T06:47:26.420Z,gpu-3uwoq-6g3ya-1,dcgm,gpu1,gpu_util,0
2026-09-30T06:47:26.420Z,gpu-3uwoq-6g3ya-1,dcgm,gpu2,nvlink_bandwidth_total,0
2026-09-30T06:47:26.420Z,gpu-3uwoq-6g3ya-1,dcgm,gpu3,nvlink_bandwidth_total,0
2026-09-30T06:47:26.420Z,gpu-3uwoq-6g3ya-1,dcgm,gpu0,nvlink_bandwidth_total,0
2026-09-30T06:47:26.420Z,gpu-3uwoq-6g3ya-1,dcgm,gpu1,nvlink_bandwidth_total,0
2026-09-30T06:47:26.420Z,gpu-3uwoq-6g3ya-1,dcgm,gpu2,power_w,223.243
2026-09-30T06:47:26.420Z,gpu-3uwoq-6g3ya-1,dcgm,gpu3,power_w,227.099
2026-09-30T06:47:26.420Z,gpu-3uwoq-6g3ya-1,dcgm,gpu0,power_w,230.65
2026-09-30T06:47:26.420Z,gpu-3uwoq-6g3ya-1,dcgm,gpu1,power_w,228.565
2026-09-30T06:47:26.420Z,gpu-3uwoq-6g3ya-1,dcgm,gpu2,sm_clock_mhz,2070
2026-09-30T06:47:26.420Z,gpu-3uwoq-6g3ya-1,dcgm,gpu3,sm_clock_mhz,2070
2026-09-30T06:47:26.420Z,gpu-3uwoq-6g3ya-1,dcgm,gpu0,sm_clock_mhz,2070
2026-09-30T06:47:26.420Z,gpu-3uwoq-6g3ya-1,dcgm,gpu1,sm_clock_mhz,2070
2026-09-30T06:47:26.420Z,gpu-3uwoq-6g3ya-1,dcgm,gpu2,dram_active,0
2026-09-30T06:47:26.420Z,gpu-3uwoq-6g3ya-1,dcgm,gpu3,dram_active,0
2026-09-30T06:47:26.420Z,gpu-3uwoq-6g3ya-1,dcgm,gpu0,dram_active,0
2026-09-30T06:47:26.420Z,gpu-3uwoq-6g3ya-1,dcgm,gpu1,dram_active,0
2026-09-30T06:47:26.420Z,gpu-3uwoq-6g3ya-1,dcgm,gpu2,pcie_rx_bytes,100516
2026-09-30T06:47:26.420Z,gpu-3uwoq-6g3ya-1,dcgm,gpu3,pcie_rx_bytes,95879
2026-09-30T06:47:26.420Z,gpu-3uwoq-6g3ya-1,dcgm,gpu0,pcie_rx_bytes,99529
2026-09-30T06:47:26.420Z,gpu-3uwoq-6g3ya-1,dcgm,gpu1,pcie_rx_bytes,190359
2026-09-30T06:47:26.420Z,gpu-3uwoq-6g3ya-1,dcgm,gpu2,pcie_tx_bytes,94630
2026-09-30T06:47:26.420Z,gpu-3uwoq-6g3ya-1,dcgm,gpu3,pcie_tx_bytes,90026
2026-09-30T06:47:26.420Z,gpu-3uwoq-6g3ya-1,dcgm,gpu0,pcie_tx_bytes,93554
2026-09-30T06:47:26.420Z,gpu-3uwoq-6g3ya-1,dcgm,gpu1,pcie_tx_bytes,179832
2026-09-30T06:47:26.420Z,gpu-3uwoq-6g3ya-1,dcgm,gpu2,tensor_active,0
2026-09-30T06:47:26.420Z,gpu-3uwoq-6g3ya-1,dcgm,gpu3,tensor_active,0
2026-09-30T06:47:26.420Z,gpu-3uwoq-6g3ya-1,dcgm,gpu0,tensor_active,0
2026-09-30T06:47:26.420Z,gpu-3uwoq-6g3ya-1,dcgm,gpu1,tensor_active,0
2026-09-30T06:47:26.420Z,gpu-3uwoq-6g3ya-1,dcgm,gpu2,sm_active,0
2026-09-30T06:47:26.420Z,gpu-3uwoq-6g3ya-1,dcgm,gpu3,sm_active,0
2026-09-30T06:47:26.420Z,gpu-3uwoq-6g3ya-1,dcgm,gpu0,sm_active,0
2026-09-30T06:47:26.420Z,gpu-3uwoq-6g3ya-1,dcgm,gpu1,sm_active,0
2026-09-30T06:47:26.420Z,gpu-3uwoq-6g3ya-1,nvlink,gpu0,nvlink_rx_bytes,1.02469e+13
2026-09-30T06:47:26.420Z,gpu-3uwoq-6g3ya-1,nvlink,gpu0,nvlink_tx_bytes,1.02513e+13
2026-09-30T06:47:26.420Z,gpu-3uwoq-6g3ya-1,nvlink,gpu1,nvlink_rx_bytes,1.04013e+13
2026-09-30T06:47:26.420Z,gpu-3uwoq-6g3ya-1,nvlink,gpu1,nvlink_tx_bytes,1.04042e+13
2026-09-30T06:47:26.420Z,gpu-3uwoq-6g3ya-1,nvlink,gpu2,nvlink_rx_bytes,1.02695e+13
2026-09-30T06:47:26.420Z,gpu-3uwoq-6g3ya-1,nvlink,gpu2,nvlink_tx_bytes,1.02732e+13
2026-09-30T06:47:26.420Z,gpu-3uwoq-6g3ya-1,nvlink,gpu3,nvlink_rx_bytes,1.0219e+13
2026-09-30T06:47:26.420Z,gpu-3uwoq-6g3ya-1,nvlink,gpu3,nvlink_tx_bytes,1.0222e+13
2026-09-30T06:47:27.420Z,gpu-3uwoq-6g3ya-1,ib_counter,rdma_vf_rail0,port_xmit_data,4.05431e+12
2026-09-30T06:47:27.420Z,gpu-3uwoq-6g3ya-1,ib_counter,rdma_vf_rail0,port_rcv_data,2.08688e+12
2026-09-30T06:47:27.420Z,gpu-3uwoq-6g3ya-1,ib_counter,rdma_vf_rail0,port_xmit_packets,1.09514e+09
2026-09-30T06:47:27.420Z,gpu-3uwoq-6g3ya-1,ib_counter,rdma_vf_rail0,port_rcv_packets,7.30222e+08
2026-09-30T06:47:27.420Z,gpu-3uwoq-6g3ya-1,ib_counter,rdma_vf_rail0,port_xmit_wait,0
2026-09-30T06:47:27.420Z,gpu-3uwoq-6g3ya-1,ib_counter,rdma_vf_rail0,port_rcv_errors,0
2026-09-30T06:47:27.420Z,gpu-3uwoq-6g3ya-1,ib_counter,rdma_vf_rail0,port_xmit_discards,0
2026-09-30T06:47:27.420Z,gpu-3uwoq-6g3ya-1,ib_counter,rdma_vf_rail0,link_downed,0
2026-09-30T06:47:27.420Z,gpu-3uwoq-6g3ya-1,ib_hw_counter,rdma_vf_rail0,out_of_sequence,0
2026-09-30T06:47:27.420Z,gpu-3uwoq-6g3ya-1,ib_hw_counter,rdma_vf_rail0,packet_seq_err,8
2026-09-30T06:47:27.420Z,gpu-3uwoq-6g3ya-1,ib_hw_counter,rdma_vf_rail0,local_ack_timeout_err,0
2026-09-30T06:47:27.420Z,gpu-3uwoq-6g3ya-1,ib_hw_counter,rdma_vf_rail0,rx_write_requests,4.44406e+08
2026-09-30T06:47:27.420Z,gpu-3uwoq-6g3ya-1,ib_hw_counter,rdma_vf_rail0,rx_read_requests,8.83833e+06
2026-09-30T06:47:27.420Z,gpu-3uwoq-6g3ya-1,ib_hw_counter,rdma_vf_rail0,req_cqe_error,0
2026-09-30T06:47:27.420Z,gpu-3uwoq-6g3ya-1,ib_hw_counter,rdma_vf_rail0,resp_cqe_error,0
2026-09-30T06:47:27.420Z,gpu-3uwoq-6g3ya-1,ib_hw_counter,rdma_vf_rail0,implied_nak_seq_err,0
2026-09-30T06:47:27.420Z,gpu-3uwoq-6g3ya-1,ib_hw_counter,rdma_vf_rail0,duplicate_request,0
2026-09-30T06:47:27.420Z,gpu-3uwoq-6g3ya-1,ib_counter,rdma_vf_rail1,port_xmit_data,3.94677e+12
2026-09-30T06:47:27.420Z,gpu-3uwoq-6g3ya-1,ib_counter,rdma_vf_rail1,port_rcv_data,1.97875e+12
2026-09-30T06:47:27.420Z,gpu-3uwoq-6g3ya-1,ib_counter,rdma_vf_rail1,port_xmit_packets,1.06896e+09
2026-09-30T06:47:27.420Z,gpu-3uwoq-6g3ya-1,ib_counter,rdma_vf_rail1,port_rcv_packets,6.99145e+08
2026-09-30T06:47:27.420Z,gpu-3uwoq-6g3ya-1,ib_counter,rdma_vf_rail1,port_xmit_wait,0
2026-09-30T06:47:27.420Z,gpu-3uwoq-6g3ya-1,ib_counter,rdma_vf_rail1,port_rcv_errors,0
2026-09-30T06:47:27.420Z,gpu-3uwoq-6g3ya-1,ib_counter,rdma_vf_rail1,port_xmit_discards,0
2026-09-30T06:47:27.420Z,gpu-3uwoq-6g3ya-1,ib_counter,rdma_vf_rail1,link_downed,0
2026-09-30T06:47:27.420Z,gpu-3uwoq-6g3ya-1,ib_hw_counter,rdma_vf_rail1,out_of_sequence,0
2026-09-30T06:47:27.420Z,gpu-3uwoq-6g3ya-1,ib_hw_counter,rdma_vf_rail1,packet_seq_err,8
2026-09-30T06:47:27.420Z,gpu-3uwoq-6g3ya-1,ib_hw_counter,rdma_vf_rail1,local_ack_timeout_err,0
2026-09-30T06:47:27.420Z,gpu-3uwoq-6g3ya-1,ib_hw_counter,rdma_vf_rail1,rx_write_requests,4.42808e+08
2026-09-30T06:47:27.420Z,gpu-3uwoq-6g3ya-1,ib_hw_counter,rdma_vf_rail1,rx_read_requests,8.03731e+06
2026-09-30T06:47:27.420Z,gpu-3uwoq-6g3ya-1,ib_hw_counter,rdma_vf_rail1,req_cqe_error,0
2026-09-30T06:47:27.420Z,gpu-3uwoq-6g3ya-1,ib_hw_counter,rdma_vf_rail1,resp_cqe_error,0
2026-09-30T06:47:27.420Z,gpu-3uwoq-6g3ya-1,ib_hw_counter,rdma_vf_rail1,implied_nak_seq_err,0
2026-09-30T06:47:27.420Z,gpu-3uwoq-6g3ya-1,ib_hw_counter,rdma_vf_rail1,duplicate_request,0
2026-09-30T06:47:27.420Z,gpu-3uwoq-6g3ya-1,ib_counter,rdma_vf_rail2,port_xmit_data,3.91927e+12
2026-09-30T06:47:27.420Z,gpu-3uwoq-6g3ya-1,ib_counter,rdma_vf_rail2,port_rcv_data,1.95098e+12
2026-09-30T06:47:27.420Z,gpu-3uwoq-6g3ya-1,ib_counter,rdma_vf_rail2,port_xmit_packets,1.0544e+09
2026-09-30T06:47:27.420Z,gpu-3uwoq-6g3ya-1,ib_counter,rdma_vf_rail2,port_rcv_packets,6.80094e+08
2026-09-30T06:47:27.420Z,gpu-3uwoq-6g3ya-1,ib_counter,rdma_vf_rail2,port_xmit_wait,0
2026-09-30T06:47:27.420Z,gpu-3uwoq-6g3ya-1,ib_counter,rdma_vf_rail2,port_rcv_errors,0
2026-09-30T06:47:27.420Z,gpu-3uwoq-6g3ya-1,ib_counter,rdma_vf_rail2,port_xmit_discards,0
2026-09-30T06:47:27.420Z,gpu-3uwoq-6g3ya-1,ib_counter,rdma_vf_rail2,link_downed,0
2026-09-30T06:47:27.420Z,gpu-3uwoq-6g3ya-1,ib_hw_counter,rdma_vf_rail2,out_of_sequence,0
2026-09-30T06:47:27.420Z,gpu-3uwoq-6g3ya-1,ib_hw_counter,rdma_vf_rail2,packet_seq_err,7
2026-09-30T06:47:27.420Z,gpu-3uwoq-6g3ya-1,ib_hw_counter,rdma_vf_rail2,local_ack_timeout_err,0
2026-09-30T06:47:27.420Z,gpu-3uwoq-6g3ya-1,ib_hw_counter,rdma_vf_rail2,rx_write_requests,4.42381e+08
2026-09-30T06:47:27.420Z,gpu-3uwoq-6g3ya-1,ib_hw_counter,rdma_vf_rail2,rx_read_requests,7.82969e+06
2026-09-30T06:47:27.420Z,gpu-3uwoq-6g3ya-1,ib_hw_counter,rdma_vf_rail2,req_cqe_error,0
2026-09-30T06:47:27.420Z,gpu-3uwoq-6g3ya-1,ib_hw_counter,rdma_vf_rail2,resp_cqe_error,0
2026-09-30T06:47:27.420Z,gpu-3uwoq-6g3ya-1,ib_hw_counter,rdma_vf_rail2,implied_nak_seq_err,0
2026-09-30T06:47:27.420Z,gpu-3uwoq-6g3ya-1,ib_hw_counter,rdma_vf_rail2,duplicate_request,0
2026-09-30T06:47:27.420Z,gpu-3uwoq-6g3ya-1,ib_counter,rdma_vf_rail3,port_xmit_data,3.91953e+12
2026-09-30T06:47:27.420Z,gpu-3uwoq-6g3ya-1,ib_counter,rdma_vf_rail3,port_rcv_data,1.95074e+12
2026-09-30T06:47:27.420Z,gpu-3uwoq-6g3ya-1,ib_counter,rdma_vf_rail3,port_xmit_packets,1.05518e+09
2026-09-30T06:47:27.420Z,gpu-3uwoq-6g3ya-1,ib_counter,rdma_vf_rail3,port_rcv_packets,6.76919e+08
2026-09-30T06:47:27.420Z,gpu-3uwoq-6g3ya-1,ib_counter,rdma_vf_rail3,port_xmit_wait,0
2026-09-30T06:47:27.420Z,gpu-3uwoq-6g3ya-1,ib_counter,rdma_vf_rail3,port_rcv_errors,0
2026-09-30T06:47:27.420Z,gpu-3uwoq-6g3ya-1,ib_counter,rdma_vf_rail3,port_xmit_discards,0
2026-09-30T06:47:27.420Z,gpu-3uwoq-6g3ya-1,ib_counter,rdma_vf_rail3,link_downed,0
2026-09-30T06:47:27.420Z,gpu-3uwoq-6g3ya-1,ib_hw_counter,rdma_vf_rail3,out_of_sequence,1
2026-09-30T06:47:27.420Z,gpu-3uwoq-6g3ya-1,ib_hw_counter,rdma_vf_rail3,packet_seq_err,7
2026-09-30T06:47:27.420Z,gpu-3uwoq-6g3ya-1,ib_hw_counter,rdma_vf_rail3,local_ack_timeout_err,0
2026-09-30T06:47:27.420Z,gpu-3uwoq-6g3ya-1,ib_hw_counter,rdma_vf_rail3,rx_write_requests,4.42381e+08
2026-09-30T06:47:27.420Z,gpu-3uwoq-6g3ya-1,ib_hw_counter,rdma_vf_rail3,rx_read_requests,7.82969e+06
2026-09-30T06:47:27.420Z,gpu-3uwoq-6g3ya-1,ib_hw_counter,rdma_vf_rail3,req_cqe_error,0
2026-09-30T06:47:27.420Z,gpu-3uwoq-6g3ya-1,ib_hw_counter,rdma_vf_rail3,resp_cqe_error,0
2026-09-30T06:47:27.420Z,gpu-3uwoq-6g3ya-1,ib_hw_counter,rdma_vf_rail3,implied_nak_seq_err,0
2026-09-30T06:47:27.420Z,gpu-3uwoq-6g3ya-1,ib_hw_counter,rdma_vf_rail3,duplicate_request,0
2026-09-30T06:47:27.420Z,gpu-3uwoq-6g3ya-1,dcgm,gpu2,gpu_util,0
2026-09-30T06:47:27.420Z,gpu-3uwoq-6g3ya-1,dcgm,gpu3,gpu_util,0
2026-09-30T06:47:27.420Z,gpu-3uwoq-6g3ya-1,dcgm,gpu0,gpu_util,0
2026-09-30T06:47:27.420Z,gpu-3uwoq-6g3ya-1,dcgm,gpu1,gpu_util,0
2026-09-30T06:47:27.420Z,gpu-3uwoq-6g3ya-1,dcgm,gpu2,nvlink_bandwidth_total,0
2026-09-30T06:47:27.420Z,gpu-3uwoq-6g3ya-1,dcgm,gpu3,nvlink_bandwidth_total,0
2026-09-30T06:47:27.420Z,gpu-3uwoq-6g3ya-1,dcgm,gpu0,nvlink_bandwidth_total,0
2026-09-30T06:47:27.420Z,gpu-3uwoq-6g3ya-1,dcgm,gpu1,nvlink_bandwidth_total,0
2026-09-30T06:47:27.420Z,gpu-3uwoq-6g3ya-1,dcgm,gpu2,power_w,223.243
2026-09-30T06:47:27.420Z,gpu-3uwoq-6g3ya-1,dcgm,gpu3,power_w,227.099
2026-09-30T06:47:27.420Z,gpu-3uwoq-6g3ya-1,dcgm,gpu0,power_w,230.65
2026-09-30T06:47:27.420Z,gpu-3uwoq-6g3ya-1,dcgm,gpu1,power_w,228.565
2026-09-30T06:47:27.420Z,gpu-3uwoq-6g3ya-1,dcgm,gpu2,sm_clock_mhz,2070
2026-09-30T06:47:27.420Z,gpu-3uwoq-6g3ya-1,dcgm,gpu3,sm_clock_mhz,2070
2026-09-30T06:47:27.420Z,gpu-3uwoq-6g3ya-1,dcgm,gpu0,sm_clock_mhz,2070
2026-09-30T06:47:27.420Z,gpu-3uwoq-6g3ya-1,dcgm,gpu1,sm_clock_mhz,2070
2026-09-30T06:47:27.420Z,gpu-3uwoq-6g3ya-1,dcgm,gpu2,dram_active,0
2026-09-30T06:47:27.420Z,gpu-3uwoq-6g3ya-1,dcgm,gpu3,dram_active,0
2026-09-30T06:47:27.420Z,gpu-3uwoq-6g3ya-1,dcgm,gpu0,dram_active,0
2026-09-30T06:47:27.420Z,gpu-3uwoq-6g3ya-1,dcgm,gpu1,dram_active,0
2026-09-30T06:47:27.420Z,gpu-3uwoq-6g3ya-1,dcgm,gpu2,pcie_rx_bytes,100516
2026-09-30T06:47:27.420Z,gpu-3uwoq-6g3ya-1,dcgm,gpu3,pcie_rx_bytes,95879
2026-09-30T06:47:27.420Z,gpu-3uwoq-6g3ya-1,dcgm,gpu0,pcie_rx_bytes,99529
2026-09-30T06:47:27.420Z,gpu-3uwoq-6g3ya-1,dcgm,gpu1,pcie_rx_bytes,190359
2026-09-30T06:47:27.420Z,gpu-3uwoq-6g3ya-1,dcgm,gpu2,pcie_tx_bytes,94630
2026-09-30T06:47:27.420Z,gpu-3uwoq-6g3ya-1,dcgm,gpu3,pcie_tx_bytes,90026
2026-09-30T06:47:27.420Z,gpu-3uwoq-6g3ya-1,dcgm,gpu0,pcie_tx_bytes,93554
2026-09-30T06:47:27.420Z,gpu-3uwoq-6g3ya-1,dcgm,gpu1,pcie_tx_bytes,179832
2026-09-30T06:47:27.420Z,gpu-3uwoq-6g3ya-1,dcgm,gpu2,tensor_active,0
2026-09-30T06:47:27.420Z,gpu-3uwoq-6g3ya-1,dcgm,gpu3,tensor_active,0
2026-09-30T06:47:27.420Z,gpu-3uwoq-6g3ya-1,dcgm,gpu0,tensor_active,0
2026-09-30T06:47:27.420Z,gpu-3uwoq-6g3ya-1,dcgm,gpu1,tensor_active,0
2026-09-30T06:47:27.420Z,gpu-3uwoq-6g3ya-1,dcgm,gpu2,sm_active,0
2026-09-30T06:47:27.420Z,gpu-3uwoq-6g3ya-1,dcgm,gpu3,sm_active,0
2026-09-30T06:47:27.420Z,gpu-3uwoq-6g3ya-1,dcgm,gpu0,sm_active,0
2026-09-30T06:47:27.420Z,gpu-3uwoq-6g3ya-1,dcgm,gpu1,sm_active,0
2026-09-30T06:47:27.420Z,gpu-3uwoq-6g3ya-1,nvlink,gpu0,nvlink_rx_bytes,1.02469e+13
2026-09-30T06:47:27.420Z,gpu-3uwoq-6g3ya-1,nvlink,gpu0,nvlink_tx_bytes,1.02513e+13
2026-09-30T06:47:27.420Z,gpu-3uwoq-6g3ya-1,nvlink,gpu1,nvlink_rx_bytes,1.04013e+13
2026-09-30T06:47:27.420Z,gpu-3uwoq-6g3ya-1,nvlink,gpu1,nvlink_tx_bytes,1.04042e+13
2026-09-30T06:47:27.420Z,gpu-3uwoq-6g3ya-1,nvlink,gpu2,nvlink_rx_bytes,1.02695e+13
2026-09-30T06:47:27.420Z,gpu-3uwoq-6g3ya-1,nvlink,gpu2,nvlink_tx_bytes,1.02732e+13
2026-09-30T06:47:27.420Z,gpu-3uwoq-6g3ya-1,nvlink,gpu3,nvlink_rx_bytes,1.0219e+13
2026-09-30T06:47:27.420Z,gpu-3uwoq-6g3ya-1,nvlink,gpu3,nvlink_tx_bytes,1.0222e+13
2026-09-30T06:47:28.420Z,gpu-3uwoq-6g3ya-1,ib_counter,rdma_vf_rail0,port_xmit_data,4.05431e+12
2026-09-30T06:47:28.420Z,gpu-3uwoq-6g3ya-1,ib_counter,rdma_vf_rail0,port_rcv_data,2.08688e+12
2026-09-30T06:47:28.420Z,gpu-3uwoq-6g3ya-1,ib_counter,rdma_vf_rail0,port_xmit_packets,1.09514e+09
2026-09-30T06:47:28.420Z,gpu-3uwoq-6g3ya-1,ib_counter,rdma_vf_rail0,port_rcv_packets,7.30222e+08
2026-09-30T06:47:28.420Z,gpu-3uwoq-6g3ya-1,ib_counter,rdma_vf_rail0,port_xmit_wait,0
2026-09-30T06:47:28.420Z,gpu-3uwoq-6g3ya-1,ib_counter,rdma_vf_rail0,port_rcv_errors,0
2026-09-30T06:47:28.420Z,gpu-3uwoq-6g3ya-1,ib_counter,rdma_vf_rail0,port_xmit_discards,0
2026-09-30T06:47:28.420Z,gpu-3uwoq-6g3ya-1,ib_counter,rdma_vf_rail0,link_downed,0
2026-09-30T06:47:28.420Z,gpu-3uwoq-6g3ya-1,ib_hw_counter,rdma_vf_rail0,out_of_sequence,0
2026-09-30T06:47:28.420Z,gpu-3uwoq-6g3ya-1,ib_hw_counter,rdma_vf_rail0,packet_seq_err,8
2026-09-30T06:47:28.420Z,gpu-3uwoq-6g3ya-1,ib_hw_counter,rdma_vf_rail0,local_ack_timeout_err,0
2026-09-30T06:47:28.420Z,gpu-3uwoq-6g3ya-1,ib_hw_counter,rdma_vf_rail0,rx_write_requests,4.44406e+08
2026-09-30T06:47:28.420Z,gpu-3uwoq-6g3ya-1,ib_hw_counter,rdma_vf_rail0,rx_read_requests,8.83833e+06
2026-09-30T06:47:28.420Z,gpu-3uwoq-6g3ya-1,ib_hw_counter,rdma_vf_rail0,req_cqe_error,0
2026-09-30T06:47:28.420Z,gpu-3uwoq-6g3ya-1,ib_hw_counter,rdma_vf_rail0,resp_cqe_error,0
2026-09-30T06:47:28.420Z,gpu-3uwoq-6g3ya-1,ib_hw_counter,rdma_vf_rail0,implied_nak_seq_err,0
2026-09-30T06:47:28.420Z,gpu-3uwoq-6g3ya-1,ib_hw_counter,rdma_vf_rail0,duplicate_request,0
2026-09-30T06:47:28.420Z,gpu-3uwoq-6g3ya-1,ib_counter,rdma_vf_rail1,port_xmit_data,3.94677e+12
2026-09-30T06:47:28.420Z,gpu-3uwoq-6g3ya-1,ib_counter,rdma_vf_rail1,port_rcv_data,1.97875e+12
2026-09-30T06:47:28.420Z,gpu-3uwoq-6g3ya-1,ib_counter,rdma_vf_rail1,port_xmit_packets,1.06896e+09
2026-09-30T06:47:28.420Z,gpu-3uwoq-6g3ya-1,ib_counter,rdma_vf_rail1,port_rcv_packets,6.99145e+08
2026-09-30T06:47:28.420Z,gpu-3uwoq-6g3ya-1,ib_counter,rdma_vf_rail1,port_xmit_wait,0
2026-09-30T06:47:28.420Z,gpu-3uwoq-6g3ya-1,ib_counter,rdma_vf_rail1,port_rcv_errors,0
2026-09-30T06:47:28.420Z,gpu-3uwoq-6g3ya-1,ib_counter,rdma_vf_rail1,port_xmit_discards,0
2026-09-30T06:47:28.420Z,gpu-3uwoq-6g3ya-1,ib_counter,rdma_vf_rail1,link_downed,0
2026-09-30T06:47:28.420Z,gpu-3uwoq-6g3ya-1,ib_hw_counter,rdma_vf_rail1,out_of_sequence,0
2026-09-30T06:47:28.420Z,gpu-3uwoq-6g3ya-1,ib_hw_counter,rdma_vf_rail1,packet_seq_err,8
2026-09-30T06:47:28.420Z,gpu-3uwoq-6g3ya-1,ib_hw_counter,rdma_vf_rail1,local_ack_timeout_err,0
2026-09-30T06:47:28.420Z,gpu-3uwoq-6g3ya-1,ib_hw_counter,rdma_vf_rail1,rx_write_requests,4.42808e+08
2026-09-30T06:47:28.420Z,gpu-3uwoq-6g3ya-1,ib_hw_counter,rdma_vf_rail1,rx_read_requests,8.03731e+06
2026-09-30T06:47:28.420Z,gpu-3uwoq-6g3ya-1,ib_hw_counter,rdma_vf_rail1,req_cqe_error,0
2026-09-30T06:47:28.420Z,gpu-3uwoq-6g3ya-1,ib_hw_counter,rdma_vf_rail1,resp_cqe_error,0
2026-09-30T06:47:28.420Z,gpu-3uwoq-6g3ya-1,ib_hw_counter,rdma_vf_rail1,implied_nak_seq_err,0
2026-09-30T06:47:28.420Z,gpu-3uwoq-6g3ya-1,ib_hw_counter,rdma_vf_rail1,duplicate_request,0
2026-09-30T06:47:28.420Z,gpu-3uwoq-6g3ya-1,ib_counter,rdma_vf_rail2,port_xmit_data,3.91927e+12
2026-09-30T06:47:28.420Z,gpu-3uwoq-6g3ya-1,ib_counter,rdma_vf_rail2,port_rcv_data,1.95098e+12
2026-09-30T06:47:28.420Z,gpu-3uwoq-6g3ya-1,ib_counter,rdma_vf_rail2,port_xmit_packets,1.0544e+09
2026-09-30T06:47:28.420Z,gpu-3uwoq-6g3ya-1,ib_counter,rdma_vf_rail2,port_rcv_packets,6.80094e+08
2026-09-30T06:47:28.420Z,gpu-3uwoq-6g3ya-1,ib_counter,rdma_vf_rail2,port_xmit_wait,0
2026-09-30T06:47:28.420Z,gpu-3uwoq-6g3ya-1,ib_counter,rdma_vf_rail2,port_rcv_errors,0
2026-09-30T06:47:28.420Z,gpu-3uwoq-6g3ya-1,ib_counter,rdma_vf_rail2,port_xmit_discards,0
2026-09-30T06:47:28.420Z,gpu-3uwoq-6g3ya-1,ib_counter,rdma_vf_rail2,link_downed,0
2026-09-30T06:47:28.420Z,gpu-3uwoq-6g3ya-1,ib_hw_counter,rdma_vf_rail2,out_of_sequence,0
2026-09-30T06:47:28.420Z,gpu-3uwoq-6g3ya-1,ib_hw_counter,rdma_vf_rail2,packet_seq_err,7
2026-09-30T06:47:28.420Z,gpu-3uwoq-6g3ya-1,ib_hw_counter,rdma_vf_rail2,local_ack_timeout_err,0
2026-09-30T06:47:28.420Z,gpu-3uwoq-6g3ya-1,ib_hw_counter,rdma_vf_rail2,rx_write_requests,4.42381e+08
2026-09-30T06:47:28.420Z,gpu-3uwoq-6g3ya-1,ib_hw_counter,rdma_vf_rail2,rx_read_requests,7.82969e+06
2026-09-30T06:47:28.420Z,gpu-3uwoq-6g3ya-1,ib_hw_counter,rdma_vf_rail2,req_cqe_error,0
2026-09-30T06:47:28.420Z,gpu-3uwoq-6g3ya-1,ib_hw_counter,rdma_vf_rail2,resp_cqe_error,0
2026-09-30T06:47:28.420Z,gpu-3uwoq-6g3ya-1,ib_hw_counter,rdma_vf_rail2,implied_nak_seq_err,0
2026-09-30T06:47:28.420Z,gpu-3uwoq-6g3ya-1,ib_hw_counter,rdma_vf_rail2,duplicate_request,0
2026-09-30T06:47:28.420Z,gpu-3uwoq-6g3ya-1,ib_counter,rdma_vf_rail3,port_xmit_data,3.91953e+12
2026-09-30T06:47:28.420Z,gpu-3uwoq-6g3ya-1,ib_counter,rdma_vf_rail3,port_rcv_data,1.95074e+12
2026-09-30T06:47:28.420Z,gpu-3uwoq-6g3ya-1,ib_counter,rdma_vf_rail3,port_xmit_packets,1.05518e+09
2026-09-30T06:47:28.420Z,gpu-3uwoq-6g3ya-1,ib_counter,rdma_vf_rail3,port_rcv_packets,6.76919e+08
2026-09-30T06:47:28.420Z,gpu-3uwoq-6g3ya-1,ib_counter,rdma_vf_rail3,port_xmit_wait,0
2026-09-30T06:47:28.420Z,gpu-3uwoq-6g3ya-1,ib_counter,rdma_vf_rail3,port_rcv_errors,0
2026-09-30T06:47:28.420Z,gpu-3uwoq-6g3ya-1,ib_counter,rdma_vf_rail3,port_xmit_discards,0
2026-09-30T06:47:28.420Z,gpu-3uwoq-6g3ya-1,ib_counter,rdma_vf_rail3,link_downed,0
2026-09-30T06:47:28.420Z,gpu-3uwoq-6g3ya-1,ib_hw_counter,rdma_vf_rail3,out_of_sequence,1
2026-09-30T06:47:28.420Z,gpu-3uwoq-6g3ya-1,ib_hw_counter,rdma_vf_rail3,packet_seq_err,7
2026-09-30T06:47:28.420Z,gpu-3uwoq-6g3ya-1,ib_hw_counter,rdma_vf_rail3,local_ack_timeout_err,0
2026-09-30T06:47:28.420Z,gpu-3uwoq-6g3ya-1,ib_hw_counter,rdma_vf_rail3,rx_write_requests,4.42381e+08
2026-09-30T06:47:28.420Z,gpu-3uwoq-6g3ya-1,ib_hw_counter,rdma_vf_rail3,rx_read_requests,7.82969e+06
2026-09-30T06:47:28.420Z,gpu-3uwoq-6g3ya-1,ib_hw_counter,rdma_vf_rail3,req_cqe_error,0
2026-09-30T06:47:28.420Z,gpu-3uwoq-6g3ya-1,ib_hw_counter,rdma_vf_rail3,resp_cqe_error,0
2026-09-30T06:47:28.420Z,gpu-3uwoq-6g3ya-1,ib_hw_counter,rdma_vf_rail3,implied_nak_seq_err,0
2026-09-30T06:47:28.420Z,gpu-3uwoq-6g3ya-1,ib_hw_counter,rdma_vf_rail3,duplicate_request,0
2026-09-30T06:47:28.420Z,gpu-3uwoq-6g3ya-1,dcgm,gpu2,gpu_util,0
2026-09-30T06:47:28.420Z,gpu-3uwoq-6g3ya-1,dcgm,gpu3,gpu_util,0
2026-09-30T06:47:28.420Z,gpu-3uwoq-6g3ya-1,dcgm,gpu0,gpu_util,0
2026-09-30T06:47:28.420Z,gpu-3uwoq-6g3ya-1,dcgm,gpu1,gpu_util,0
2026-09-30T06:47:28.420Z,gpu-3uwoq-6g3ya-1,dcgm,gpu2,nvlink_bandwidth_total,0
2026-09-30T06:47:28.420Z,gpu-3uwoq-6g3ya-1,dcgm,gpu3,nvlink_bandwidth_total,0
2026-09-30T06:47:28.420Z,gpu-3uwoq-6g3ya-1,dcgm,gpu0,nvlink_bandwidth_total,0
2026-09-30T06:47:28.420Z,gpu-3uwoq-6g3ya-1,dcgm,gpu1,nvlink_bandwidth_total,0
2026-09-30T06:47:28.420Z,gpu-3uwoq-6g3ya-1,dcgm,gpu2,power_w,223.243
2026-09-30T06:47:28.420Z,gpu-3uwoq-6g3ya-1,dcgm,gpu3,power_w,227.099
2026-09-30T06:47:28.420Z,gpu-3uwoq-6g3ya-1,dcgm,gpu0,power_w,230.65
2026-09-30T06:47:28.420Z,gpu-3uwoq-6g3ya-1,dcgm,gpu1,power_w,228.565
2026-09-30T06:47:28.420Z,gpu-3uwoq-6g3ya-1,dcgm,gpu2,sm_clock_mhz,2070
2026-09-30T06:47:28.420Z,gpu-3uwoq-6g3ya-1,dcgm,gpu3,sm_clock_mhz,2070
2026-09-30T06:47:28.420Z,gpu-3uwoq-6g3ya-1,dcgm,gpu0,sm_clock_mhz,2070
2026-09-30T06:47:28.420Z,gpu-3uwoq-6g3ya-1,dcgm,gpu1,sm_clock_mhz,2070
2026-09-30T06:47:28.420Z,gpu-3uwoq-6g3ya-1,dcgm,gpu2,dram_active,0
2026-09-30T06:47:28.420Z,gpu-3uwoq-6g3ya-1,dcgm,gpu3,dram_active,0
2026-09-30T06:47:28.420Z,gpu-3uwoq-6g3ya-1,dcgm,gpu0,dram_active,0
2026-09-30T06:47:28.420Z,gpu-3uwoq-6g3ya-1,dcgm,gpu1,dram_active,0
2026-09-30T06:47:28.420Z,gpu-3uwoq-6g3ya-1,dcgm,gpu2,pcie_rx_bytes,100516
2026-09-30T06:47:28.420Z,gpu-3uwoq-6g3ya-1,dcgm,gpu3,pcie_rx_bytes,95879
2026-09-30T06:47:28.420Z,gpu-3uwoq-6g3ya-1,dcgm,gpu0,pcie_rx_bytes,99529
2026-09-30T06:47:28.420Z,gpu-3uwoq-6g3ya-1,dcgm,gpu1,pcie_rx_bytes,190359
2026-09-30T06:47:28.420Z,gpu-3uwoq-6g3ya-1,dcgm,gpu2,pcie_tx_bytes,94630
2026-09-30T06:47:28.420Z,gpu-3uwoq-6g3ya-1,dcgm,gpu3,pcie_tx_bytes,90026
2026-09-30T06:47:28.420Z,gpu-3uwoq-6g3ya-1,dcgm,gpu0,pcie_tx_bytes,93554
2026-09-30T06:47:28.420Z,gpu-3uwoq-6g3ya-1,dcgm,gpu1,pcie_tx_bytes,179832
2026-09-30T06:47:28.420Z,gpu-3uwoq-6g3ya-1,dcgm,gpu2,tensor_active,0
2026-09-30T06:47:28.420Z,gpu-3uwoq-6g3ya-1,dcgm,gpu3,tensor_active,0
2026-09-30T06:47:28.420Z,gpu-3uwoq-6g3ya-1,dcgm,gpu0,tensor_active,0
2026-09-30T06:47:28.420Z,gpu-3uwoq-6g3ya-1,dcgm,gpu1,tensor_active,0
2026-09-30T06:47:28.420Z,gpu-3uwoq-6g3ya-1,dcgm,gpu2,sm_active,0
2026-09-30T06:47:28.420Z,gpu-3uwoq-6g3ya-1,dcgm,gpu3,sm_active,0
2026-09-30T06:47:28.420Z,gpu-3uwoq-6g3ya-1,dcgm,gpu0,sm_active,0
2026-09-30T06:47:28.420Z,gpu-3uwoq-6g3ya-1,dcgm,gpu1,sm_active,0
2026-09-30T06:47:28.420Z,gpu-3uwoq-6g3ya-1,nvlink,gpu0,nvlink_rx_bytes,1.02469e+13
2026-09-30T06:47:28.420Z,gpu-3uwoq-6g3ya-1,nvlink,gpu0,nvlink_tx_bytes,1.02513e+13
2026-09-30T06:47:28.420Z,gpu-3uwoq-6g3ya-1,nvlink,gpu1,nvlink_rx_bytes,1.04013e+13
2026-09-30T06:47:28.420Z,gpu-3uwoq-6g3ya-1,nvlink,gpu1,nvlink_tx_bytes,1.04042e+13
2026-09-30T06:47:28.420Z,gpu-3uwoq-6g3ya-1,nvlink,gpu2,nvlink_rx_bytes,1.02695e+13
2026-09-30T06:47:28.420Z,gpu-3uwoq-6g3ya-1,nvlink,gpu2,nvlink_tx_bytes,1.02732e+13
2026-09-30T06:47:28.420Z,gpu-3uwoq-6g3ya-1,nvlink,gpu3,nvlink_rx_bytes,1.0219e+13
2026-09-30T06:47:28.420Z,gpu-3uwoq-6g3ya-1,nvlink,gpu3,nvlink_tx_bytes,1.0222e+13
2026-09-30T06:47:29.420Z,gpu-3uwoq-6g3ya-1,ib_counter,rdma_vf_rail0,port_xmit_data,4.05431e+12
2026-09-30T06:47:29.420Z,gpu-3uwoq-6g3ya-1,ib_counter,rdma_vf_rail0,port_rcv_data,2.08688e+12
2026-09-30T06:47:29.420Z,gpu-3uwoq-6g3ya-1,ib_counter,rdma_vf_rail0,port_xmit_packets,1.09514e+09
2026-09-30T06:47:29.420Z,gpu-3uwoq-6g3ya-1,ib_counter,rdma_vf_rail0,port_rcv_packets,7.30222e+08
2026-09-30T06:47:29.420Z,gpu-3uwoq-6g3ya-1,ib_counter,rdma_vf_rail0,port_xmit_wait,0
2026-09-30T06:47:29.420Z,gpu-3uwoq-6g3ya-1,ib_counter,rdma_vf_rail0,port_rcv_errors,0
2026-09-30T06:47:29.420Z,gpu-3uwoq-6g3ya-1,ib_counter,rdma_vf_rail0,port_xmit_discards,0
2026-09-30T06:47:29.420Z,gpu-3uwoq-6g3ya-1,ib_counter,rdma_vf_rail0,link_downed,0
2026-09-30T06:47:29.420Z,gpu-3uwoq-6g3ya-1,ib_hw_counter,rdma_vf_rail0,out_of_sequence,0
2026-09-30T06:47:29.420Z,gpu-3uwoq-6g3ya-1,ib_hw_counter,rdma_vf_rail0,packet_seq_err,8
2026-09-30T06:47:29.420Z,gpu-3uwoq-6g3ya-1,ib_hw_counter,rdma_vf_rail0,local_ack_timeout_err,0
2026-09-30T06:47:29.420Z,gpu-3uwoq-6g3ya-1,ib_hw_counter,rdma_vf_rail0,rx_write_requests,4.44406e+08
2026-09-30T06:47:29.420Z,gpu-3uwoq-6g3ya-1,ib_hw_counter,rdma_vf_rail0,rx_read_requests,8.83833e+06
2026-09-30T06:47:29.420Z,gpu-3uwoq-6g3ya-1,ib_hw_counter,rdma_vf_rail0,req_cqe_error,0
2026-09-30T06:47:29.420Z,gpu-3uwoq-6g3ya-1,ib_hw_counter,rdma_vf_rail0,resp_cqe_error,0
2026-09-30T06:47:29.420Z,gpu-3uwoq-6g3ya-1,ib_hw_counter,rdma_vf_rail0,implied_nak_seq_err,0
2026-09-30T06:47:29.420Z,gpu-3uwoq-6g3ya-1,ib_hw_counter,rdma_vf_rail0,duplicate_request,0
2026-09-30T06:47:29.420Z,gpu-3uwoq-6g3ya-1,ib_counter,rdma_vf_rail1,port_xmit_data,3.94677e+12
2026-09-30T06:47:29.420Z,gpu-3uwoq-6g3ya-1,ib_counter,rdma_vf_rail1,port_rcv_data,1.97875e+12
2026-09-30T06:47:29.420Z,gpu-3uwoq-6g3ya-1,ib_counter,rdma_vf_rail1,port_xmit_packets,1.06896e+09
2026-09-30T06:47:29.420Z,gpu-3uwoq-6g3ya-1,ib_counter,rdma_vf_rail1,port_rcv_packets,6.99145e+08
2026-09-30T06:47:29.420Z,gpu-3uwoq-6g3ya-1,ib_counter,rdma_vf_rail1,port_xmit_wait,0
2026-09-30T06:47:29.420Z,gpu-3uwoq-6g3ya-1,ib_counter,rdma_vf_rail1,port_rcv_errors,0
2026-09-30T06:47:29.420Z,gpu-3uwoq-6g3ya-1,ib_counter,rdma_vf_rail1,port_xmit_discards,0
2026-09-30T06:47:29.420Z,gpu-3uwoq-6g3ya-1,ib_counter,rdma_vf_rail1,link_downed,0
2026-09-30T06:47:29.420Z,gpu-3uwoq-6g3ya-1,ib_hw_counter,rdma_vf_rail1,out_of_sequence,0
2026-09-30T06:47:29.420Z,gpu-3uwoq-6g3ya-1,ib_hw_counter,rdma_vf_rail1,packet_seq_err,8
2026-09-30T06:47:29.420Z,gpu-3uwoq-6g3ya-1,ib_hw_counter,rdma_vf_rail1,local_ack_timeout_err,0
2026-09-30T06:47:29.420Z,gpu-3uwoq-6g3ya-1,ib_hw_counter,rdma_vf_rail1,rx_write_requests,4.42808e+08
2026-09-30T06:47:29.420Z,gpu-3uwoq-6g3ya-1,ib_hw_counter,rdma_vf_rail1,rx_read_requests,8.03731e+06
2026-09-30T06:47:29.420Z,gpu-3uwoq-6g3ya-1,ib_hw_counter,rdma_vf_rail1,req_cqe_error,0
2026-09-30T06:47:29.420Z,gpu-3uwoq-6g3ya-1,ib_hw_counter,rdma_vf_rail1,resp_cqe_error,0
2026-09-30T06:47:29.420Z,gpu-3uwoq-6g3ya-1,ib_hw_counter,rdma_vf_rail1,implied_nak_seq_err,0
2026-09-30T06:47:29.420Z,gpu-3uwoq-6g3ya-1,ib_hw_counter,rdma_vf_rail1,duplicate_request,0
2026-09-30T06:47:29.420Z,gpu-3uwoq-6g3ya-1,ib_counter,rdma_vf_rail2,port_xmit_data,3.91927e+12
2026-09-30T06:47:29.420Z,gpu-3uwoq-6g3ya-1,ib_counter,rdma_vf_rail2,port_rcv_data,1.95098e+12
2026-09-30T06:47:29.420Z,gpu-3uwoq-6g3ya-1,ib_counter,rdma_vf_rail2,port_xmit_packets,1.0544e+09
2026-09-30T06:47:29.420Z,gpu-3uwoq-6g3ya-1,ib_counter,rdma_vf_rail2,port_rcv_packets,6.80094e+08
2026-09-30T06:47:29.420Z,gpu-3uwoq-6g3ya-1,ib_counter,rdma_vf_rail2,port_xmit_wait,0
2026-09-30T06:47:29.420Z,gpu-3uwoq-6g3ya-1,ib_counter,rdma_vf_rail2,port_rcv_errors,0
2026-09-30T06:47:29.420Z,gpu-3uwoq-6g3ya-1,ib_counter,rdma_vf_rail2,port_xmit_discards,0
2026-09-30T06:47:29.420Z,gpu-3uwoq-6g3ya-1,ib_counter,rdma_vf_rail2,link_downed,0
2026-09-30T06:47:29.420Z,gpu-3uwoq-6g3ya-1,ib_hw_counter,rdma_vf_rail2,out_of_sequence,0
2026-09-30T06:47:29.420Z,gpu-3uwoq-6g3ya-1,ib_hw_counter,rdma_vf_rail2,packet_seq_err,7
2026-09-30T06:47:29.420Z,gpu-3uwoq-6g3ya-1,ib_hw_counter,rdma_vf_rail2,local_ack_timeout_err,0
2026-09-30T06:47:29.420Z,gpu-3uwoq-6g3ya-1,ib_hw_counter,rdma_vf_rail2,rx_write_requests,4.42381e+08
2026-09-30T06:47:29.420Z,gpu-3uwoq-6g3ya-1,ib_hw_counter,rdma_vf_rail2,rx_read_requests,7.82969e+06
2026-09-30T06:47:29.420Z,gpu-3uwoq-6g3ya-1,ib_hw_counter,rdma_vf_rail2,req_cqe_error,0
2026-09-30T06:47:29.420Z,gpu-3uwoq-6g3ya-1,ib_hw_counter,rdma_vf_rail2,resp_cqe_error,0
2026-09-30T06:47:29.420Z,gpu-3uwoq-6g3ya-1,ib_hw_counter,rdma_vf_rail2,implied_nak_seq_err,0
2026-09-30T06:47:29.420Z,gpu-3uwoq-6g3ya-1,ib_hw_counter,rdma_vf_rail2,duplicate_request,0
2026-09-30T06:47:29.420Z,gpu-3uwoq-6g3ya-1,ib_counter,rdma_vf_rail3,port_xmit_data,3.91953e+12
2026-09-30T06:47:29.420Z,gpu-3uwoq-6g3ya-1,ib_counter,rdma_vf_rail3,port_rcv_data,1.95074e+12
2026-09-30T06:47:29.420Z,gpu-3uwoq-6g3ya-1,ib_counter,rdma_vf_rail3,port_xmit_packets,1.05518e+09
2026-09-30T06:47:29.420Z,gpu-3uwoq-6g3ya-1,ib_counter,rdma_vf_rail3,port_rcv_packets,6.76919e+08
2026-09-30T06:47:29.420Z,gpu-3uwoq-6g3ya-1,ib_counter,rdma_vf_rail3,port_xmit_wait,0
2026-09-30T06:47:29.420Z,gpu-3uwoq-6g3ya-1,ib_counter,rdma_vf_rail3,port_rcv_errors,0
2026-09-30T06:47:29.420Z,gpu-3uwoq-6g3ya-1,ib_counter,rdma_vf_rail3,port_xmit_discards,0
2026-09-30T06:47:29.420Z,gpu-3uwoq-6g3ya-1,ib_counter,rdma_vf_rail3,link_downed,0
2026-09-30T06:47:29.420Z,gpu-3uwoq-6g3ya-1,ib_hw_counter,rdma_vf_rail3,out_of_sequence,1
2026-09-30T06:47:29.420Z,gpu-3uwoq-6g3ya-1,ib_hw_counter,rdma_vf_rail3,packet_seq_err,7
2026-09-30T06:47:29.420Z,gpu-3uwoq-6g3ya-1,ib_hw_counter,rdma_vf_rail3,local_ack_timeout_err,0
2026-09-30T06:47:29.420Z,gpu-3uwoq-6g3ya-1,ib_hw_counter,rdma_vf_rail3,rx_write_requests,4.42381e+08
2026-09-30T06:47:29.420Z,gpu-3uwoq-6g3ya-1,ib_hw_counter,rdma_vf_rail3,rx_read_requests,7.82969e+06
2026-09-30T06:47:29.420Z,gpu-3uwoq-6g3ya-1,ib_hw_counter,rdma_vf_rail3,req_cqe_error,0
2026-09-30T06:47:29.420Z,gpu-3uwoq-6g3ya-1,ib_hw_counter,rdma_vf_rail3,resp_cqe_error,0
2026-09-30T06:47:29.420Z,gpu-3uwoq-6g3ya-1,ib_hw_counter,rdma_vf_rail3,implied_nak_seq_err,0
2026-09-30T06:47:29.420Z,gpu-3uwoq-6g3ya-1,ib_hw_counter,rdma_vf_rail3,duplicate_request,0
2026-09-30T06:47:29.420Z,gpu-3uwoq-6g3ya-1,dcgm,gpu2,gpu_util,0
2026-09-30T06:47:29.420Z,gpu-3uwoq-6g3ya-1,dcgm,gpu3,gpu_util,0
2026-09-30T06:47:29.420Z,gpu-3uwoq-6g3ya-1,dcgm,gpu0,gpu_util,0
2026-09-30T06:47:29.420Z,gpu-3uwoq-6g3ya-1,dcgm,gpu1,gpu_util,0
2026-09-30T06:47:29.420Z,gpu-3uwoq-6g3ya-1,dcgm,gpu2,nvlink_bandwidth_total,0
2026-09-30T06:47:29.420Z,gpu-3uwoq-6g3ya-1,dcgm,gpu3,nvlink_bandwidth_total,0
2026-09-30T06:47:29.420Z,gpu-3uwoq-6g3ya-1,dcgm,gpu0,nvlink_bandwidth_total,0
2026-09-30T06:47:29.420Z,gpu-3uwoq-6g3ya-1,dcgm,gpu1,nvlink_bandwidth_total,0
2026-09-30T06:47:29.420Z,gpu-3uwoq-6g3ya-1,dcgm,gpu2,power_w,223.243
2026-09-30T06:47:29.420Z,gpu-3uwoq-6g3ya-1,dcgm,gpu3,power_w,227.099
2026-09-30T06:47:29.420Z,gpu-3uwoq-6g3ya-1,dcgm,gpu0,power_w,230.65
2026-09-30T06:47:29.420Z,gpu-3uwoq-6g3ya-1,dcgm,gpu1,power_w,228.565
2026-09-30T06:47:29.420Z,gpu-3uwoq-6g3ya-1,dcgm,gpu2,sm_clock_mhz,2070
2026-09-30T06:47:29.420Z,gpu-3uwoq-6g3ya-1,dcgm,gpu3,sm_clock_mhz,2070
2026-09-30T06:47:29.420Z,gpu-3uwoq-6g3ya-1,dcgm,gpu0,sm_clock_mhz,2070
2026-09-30T06:47:29.420Z,gpu-3uwoq-6g3ya-1,dcgm,gpu1,sm_clock_mhz,2070
2026-09-30T06:47:29.420Z,gpu-3uwoq-6g3ya-1,dcgm,gpu2,dram_active,0
2026-09-30T06:47:29.420Z,gpu-3uwoq-6g3ya-1,dcgm,gpu3,dram_active,0
2026-09-30T06:47:29.420Z,gpu-3uwoq-6g3ya-1,dcgm,gpu0,dram_active,0
2026-09-30T06:47:29.420Z,gpu-3uwoq-6g3ya-1,dcgm,gpu1,dram_active,0
2026-09-30T06:47:29.420Z,gpu-3uwoq-6g3ya-1,dcgm,gpu2,pcie_rx_bytes,100516
2026-09-30T06:47:29.420Z,gpu-3uwoq-6g3ya-1,dcgm,gpu3,pcie_rx_bytes,95879
2026-09-30T06:47:29.420Z,gpu-3uwoq-6g3ya-1,dcgm,gpu0,pcie_rx_bytes,99529
2026-09-30T06:47:29.420Z,gpu-3uwoq-6g3ya-1,dcgm,gpu1,pcie_rx_bytes,190359
2026-09-30T06:47:29.420Z,gpu-3uwoq-6g3ya-1,dcgm,gpu2,pcie_tx_bytes,94630
2026-09-30T06:47:29.420Z,gpu-3uwoq-6g3ya-1,dcgm,gpu3,pcie_tx_bytes,90026
2026-09-30T06:47:29.420Z,gpu-3uwoq-6g3ya-1,dcgm,gpu0,pcie_tx_bytes,93554
2026-09-30T06:47:29.420Z,gpu-3uwoq-6g3ya-1,dcgm,gpu1,pcie_tx_bytes,179832
2026-09-30T06:47:29.420Z,gpu-3uwoq-6g3ya-1,dcgm,gpu2,tensor_active,0
2026-09-30T06:47:29.420Z,gpu-3uwoq-6g3ya-1,dcgm,gpu3,tensor_active,0
2026-09-30T06:47:29.420Z,gpu-3uwoq-6g3ya-1,dcgm,gpu0,tensor_active,0
2026-09-30T06:47:29.420Z,gpu-3uwoq-6g3ya-1,dcgm,gpu1,tensor_active,0
2026-09-30T06:47:29.420Z,gpu-3uwoq-6g3ya-1,dcgm,gpu2,sm_active,0
2026-09-30T06:47:29.420Z,gpu-3uwoq-6g3ya-1,dcgm,gpu3,sm_active,0
2026-09-30T06:47:29.420Z,gpu-3uwoq-6g3ya-1,dcgm,gpu0,sm_active,0
2026-09-30T06:47:29.420Z,gpu-3uwoq-6g3ya-1,dcgm,gpu1,sm_active,0
2026-09-30T06:47:29.420Z,gpu-3uwoq-6g3ya-1,nvlink,gpu0,nvlink_rx_bytes,1.02469e+13
2026-09-30T06:47:29.420Z,gpu-3uwoq-6g3ya-1,nvlink,gpu0,nvlink_tx_bytes,1.02513e+13
2026-09-30T06:47:29.420Z,gpu-3uwoq-6g3ya-1,nvlink,gpu1,nvlink_rx_bytes,1.04013e+13
2026-09-30T06:47:29.420Z,gpu-3uwoq-6g3ya-1,nvlink,gpu1,nvlink_tx_bytes,1.04042e+13
2026-09-30T06:47:29.420Z,gpu-3uwoq-6g3ya-1,nvlink,gpu2,nvlink_rx_bytes,1.02695e+13
2026-09-30T06:47:29.420Z,gpu-3uwoq-6g3ya-1,nvlink,gpu2,nvlink_tx_bytes,1.02732e+13
2026-09-30T06:47:29.420Z,gpu-3uwoq-6g3ya-1,nvlink,gpu3,nvlink_rx_bytes,1.0219e+13
2026-09-30T06:47:29.420Z,gpu-3uwoq-6g3ya-1,nvlink,gpu3,nvlink_tx_bytes,1.0222e+13
2026-09-30T06:47:30.420Z,gpu-3uwoq-6g3ya-1,ib_counter,rdma_vf_rail0,port_xmit_data,4.05431e+12
2026-09-30T06:47:30.420Z,gpu-3uwoq-6g3ya-1,ib_counter,rdma_vf_rail0,port_rcv_data,2.08688e+12
2026-09-30T06:47:30.420Z,gpu-3uwoq-6g3ya-1,ib_counter,rdma_vf_rail0,port_xmit_packets,1.09514e+09
2026-09-30T06:47:30.420Z,gpu-3uwoq-6g3ya-1,ib_counter,rdma_vf_rail0,port_rcv_packets,7.30222e+08
2026-09-30T06:47:30.420Z,gpu-3uwoq-6g3ya-1,ib_counter,rdma_vf_rail0,port_xmit_wait,0
2026-09-30T06:47:30.420Z,gpu-3uwoq-6g3ya-1,ib_counter,rdma_vf_rail0,port_rcv_errors,0
2026-09-30T06:47:30.420Z,gpu-3uwoq-6g3ya-1,ib_counter,rdma_vf_rail0,port_xmit_discards,0
2026-09-30T06:47:30.420Z,gpu-3uwoq-6g3ya-1,ib_counter,rdma_vf_rail0,link_downed,0
2026-09-30T06:47:30.420Z,gpu-3uwoq-6g3ya-1,ib_hw_counter,rdma_vf_rail0,out_of_sequence,0
2026-09-30T06:47:30.420Z,gpu-3uwoq-6g3ya-1,ib_hw_counter,rdma_vf_rail0,packet_seq_err,8
2026-09-30T06:47:30.420Z,gpu-3uwoq-6g3ya-1,ib_hw_counter,rdma_vf_rail0,local_ack_timeout_err,0
2026-09-30T06:47:30.420Z,gpu-3uwoq-6g3ya-1,ib_hw_counter,rdma_vf_rail0,rx_write_requests,4.44406e+08
2026-09-30T06:47:30.420Z,gpu-3uwoq-6g3ya-1,ib_hw_counter,rdma_vf_rail0,rx_read_requests,8.83833e+06
2026-09-30T06:47:30.420Z,gpu-3uwoq-6g3ya-1,ib_hw_counter,rdma_vf_rail0,req_cqe_error,0
2026-09-30T06:47:30.420Z,gpu-3uwoq-6g3ya-1,ib_hw_counter,rdma_vf_rail0,resp_cqe_error,0
2026-09-30T06:47:30.420Z,gpu-3uwoq-6g3ya-1,ib_hw_counter,rdma_vf_rail0,implied_nak_seq_err,0
2026-09-30T06:47:30.420Z,gpu-3uwoq-6g3ya-1,ib_hw_counter,rdma_vf_rail0,duplicate_request,0
2026-09-30T06:47:30.420Z,gpu-3uwoq-6g3ya-1,ib_counter,rdma_vf_rail1,port_xmit_data,3.94677e+12
2026-09-30T06:47:30.420Z,gpu-3uwoq-6g3ya-1,ib_counter,rdma_vf_rail1,port_rcv_data,1.97875e+12
2026-09-30T06:47:30.420Z,gpu-3uwoq-6g3ya-1,ib_counter,rdma_vf_rail1,port_xmit_packets,1.06896e+09
2026-09-30T06:47:30.420Z,gpu-3uwoq-6g3ya-1,ib_counter,rdma_vf_rail1,port_rcv_packets,6.99145e+08
2026-09-30T06:47:30.420Z,gpu-3uwoq-6g3ya-1,ib_counter,rdma_vf_rail1,port_xmit_wait,0
2026-09-30T06:47:30.420Z,gpu-3uwoq-6g3ya-1,ib_counter,rdma_vf_rail1,port_rcv_errors,0
2026-09-30T06:47:30.420Z,gpu-3uwoq-6g3ya-1,ib_counter,rdma_vf_rail1,port_xmit_discards,0
2026-09-30T06:47:30.420Z,gpu-3uwoq-6g3ya-1,ib_counter,rdma_vf_rail1,link_downed,0
2026-09-30T06:47:30.420Z,gpu-3uwoq-6g3ya-1,ib_hw_counter,rdma_vf_rail1,out_of_sequence,0
2026-09-30T06:47:30.420Z,gpu-3uwoq-6g3ya-1,ib_hw_counter,rdma_vf_rail1,packet_seq_err,8
2026-09-30T06:47:30.420Z,gpu-3uwoq-6g3ya-1,ib_hw_counter,rdma_vf_rail1,local_ack_timeout_err,0
2026-09-30T06:47:30.420Z,gpu-3uwoq-6g3ya-1,ib_hw_counter,rdma_vf_rail1,rx_write_requests,4.42808e+08
2026-09-30T06:47:30.420Z,gpu-3uwoq-6g3ya-1,ib_hw_counter,rdma_vf_rail1,rx_read_requests,8.03731e+06
2026-09-30T06:47:30.420Z,gpu-3uwoq-6g3ya-1,ib_hw_counter,rdma_vf_rail1,req_cqe_error,0
2026-09-30T06:47:30.420Z,gpu-3uwoq-6g3ya-1,ib_hw_counter,rdma_vf_rail1,resp_cqe_error,0
2026-09-30T06:47:30.420Z,gpu-3uwoq-6g3ya-1,ib_hw_counter,rdma_vf_rail1,implied_nak_seq_err,0
2026-09-30T06:47:30.420Z,gpu-3uwoq-6g3ya-1,ib_hw_counter,rdma_vf_rail1,duplicate_request,0
2026-09-30T06:47:30.420Z,gpu-3uwoq-6g3ya-1,ib_counter,rdma_vf_rail2,port_xmit_data,3.91927e+12
2026-09-30T06:47:30.420Z,gpu-3uwoq-6g3ya-1,ib_counter,rdma_vf_rail2,port_rcv_data,1.95098e+12
2026-09-30T06:47:30.420Z,gpu-3uwoq-6g3ya-1,ib_counter,rdma_vf_rail2,port_xmit_packets,1.0544e+09
2026-09-30T06:47:30.420Z,gpu-3uwoq-6g3ya-1,ib_counter,rdma_vf_rail2,port_rcv_packets,6.80094e+08
2026-09-30T06:47:30.420Z,gpu-3uwoq-6g3ya-1,ib_counter,rdma_vf_rail2,port_xmit_wait,0
2026-09-30T06:47:30.420Z,gpu-3uwoq-6g3ya-1,ib_counter,rdma_vf_rail2,port_rcv_errors,0
2026-09-30T06:47:30.420Z,gpu-3uwoq-6g3ya-1,ib_counter,rdma_vf_rail2,port_xmit_discards,0
2026-09-30T06:47:30.420Z,gpu-3uwoq-6g3ya-1,ib_counter,rdma_vf_rail2,link_downed,0
2026-09-30T06:47:30.420Z,gpu-3uwoq-6g3ya-1,ib_hw_counter,rdma_vf_rail2,out_of_sequence,0
2026-09-30T06:47:30.420Z,gpu-3uwoq-6g3ya-1,ib_hw_counter,rdma_vf_rail2,packet_seq_err,7
2026-09-30T06:47:30.420Z,gpu-3uwoq-6g3ya-1,ib_hw_counter,rdma_vf_rail2,local_ack_timeout_err,0
2026-09-30T06:47:30.420Z,gpu-3uwoq-6g3ya-1,ib_hw_counter,rdma_vf_rail2,rx_write_requests,4.42381e+08
2026-09-30T06:47:30.420Z,gpu-3uwoq-6g3ya-1,ib_hw_counter,rdma_vf_rail2,rx_read_requests,7.82969e+06
2026-09-30T06:47:30.420Z,gpu-3uwoq-6g3ya-1,ib_hw_counter,rdma_vf_rail2,req_cqe_error,0
2026-09-30T06:47:30.420Z,gpu-3uwoq-6g3ya-1,ib_hw_counter,rdma_vf_rail2,resp_cqe_error,0
2026-09-30T06:47:30.420Z,gpu-3uwoq-6g3ya-1,ib_hw_counter,rdma_vf_rail2,implied_nak_seq_err,0
2026-09-30T06:47:30.420Z,gpu-3uwoq-6g3ya-1,ib_hw_counter,rdma_vf_rail2,duplicate_request,0
2026-09-30T06:47:30.420Z,gpu-3uwoq-6g3ya-1,ib_counter,rdma_vf_rail3,port_xmit_data,3.91953e+12
2026-09-30T06:47:30.420Z,gpu-3uwoq-6g3ya-1,ib_counter,rdma_vf_rail3,port_rcv_data,1.95074e+12
2026-09-30T06:47:30.420Z,gpu-3uwoq-6g3ya-1,ib_counter,rdma_vf_rail3,port_xmit_packets,1.05518e+09
2026-09-30T06:47:30.420Z,gpu-3uwoq-6g3ya-1,ib_counter,rdma_vf_rail3,port_rcv_packets,6.76919e+08
2026-09-30T06:47:30.420Z,gpu-3uwoq-6g3ya-1,ib_counter,rdma_vf_rail3,port_xmit_wait,0
2026-09-30T06:47:30.420Z,gpu-3uwoq-6g3ya-1,ib_counter,rdma_vf_rail3,port_rcv_errors,0
2026-09-30T06:47:30.420Z,gpu-3uwoq-6g3ya-1,ib_counter,rdma_vf_rail3,port_xmit_discards,0
2026-09-30T06:47:30.420Z,gpu-3uwoq-6g3ya-1,ib_counter,rdma_vf_rail3,link_downed,0
2026-09-30T06:47:30.420Z,gpu-3uwoq-6g3ya-1,ib_hw_counter,rdma_vf_rail3,out_of_sequence,1
2026-09-30T06:47:30.420Z,gpu-3uwoq-6g3ya-1,ib_hw_counter,rdma_vf_rail3,packet_seq_err,7
2026-09-30T06:47:30.420Z,gpu-3uwoq-6g3ya-1,ib_hw_counter,rdma_vf_rail3,local_ack_timeout_err,0
2026-09-30T06:47:30.420Z,gpu-3uwoq-6g3ya-1,ib_hw_counter,rdma_vf_rail3,rx_write_requests,4.42381e+08
2026-09-30T06:47:30.420Z,gpu-3uwoq-6g3ya-1,ib_hw_counter,rdma_vf_rail3,rx_read_requests,7.82969e+06
2026-09-30T06:47:30.420Z,gpu-3uwoq-6g3ya-1,ib_hw_counter,rdma_vf_rail3,req_cqe_error,0
2026-09-30T06:47:30.420Z,gpu-3uwoq-6g3ya-1,ib_hw_counter,rdma_vf_rail3,resp_cqe_error,0
2026-09-30T06:47:30.420Z,gpu-3uwoq-6g3ya-1,ib_hw_counter,rdma_vf_rail3,implied_nak_seq_err,0
2026-09-30T06:47:30.420Z,gpu-3uwoq-6g3ya-1,ib_hw_counter,rdma_vf_rail3,duplicate_request,0
2026-09-30T06:47:30.420Z,gpu-3uwoq-6g3ya-1,dcgm,gpu2,gpu_util,0
2026-09-30T06:47:30.420Z,gpu-3uwoq-6g3ya-1,dcgm,gpu3,gpu_util,0
2026-09-30T06:47:30.420Z,gpu-3uwoq-6g3ya-1,dcgm,gpu0,gpu_util,0
2026-09-30T06:47:30.420Z,gpu-3uwoq-6g3ya-1,dcgm,gpu1,gpu_util,0
2026-09-30T06:47:30.420Z,gpu-3uwoq-6g3ya-1,dcgm,gpu2,nvlink_bandwidth_total,0
2026-09-30T06:47:30.420Z,gpu-3uwoq-6g3ya-1,dcgm,gpu3,nvlink_bandwidth_total,0
2026-09-30T06:47:30.420Z,gpu-3uwoq-6g3ya-1,dcgm,gpu0,nvlink_bandwidth_total,0
2026-09-30T06:47:30.420Z,gpu-3uwoq-6g3ya-1,dcgm,gpu1,nvlink_bandwidth_total,0
2026-09-30T06:47:30.420Z,gpu-3uwoq-6g3ya-1,dcgm,gpu2,power_w,223.243
2026-09-30T06:47:30.420Z,gpu-3uwoq-6g3ya-1,dcgm,gpu3,power_w,227.099
2026-09-30T06:47:30.420Z,gpu-3uwoq-6g3ya-1,dcgm,gpu0,power_w,230.65
2026-09-30T06:47:30.420Z,gpu-3uwoq-6g3ya-1,dcgm,gpu1,power_w,228.565
2026-09-30T06:47:30.420Z,gpu-3uwoq-6g3ya-1,dcgm,gpu2,sm_clock_mhz,2070
2026-09-30T06:47:30.420Z,gpu-3uwoq-6g3ya-1,dcgm,gpu3,sm_clock_mhz,2070
2026-09-30T06:47:30.420Z,gpu-3uwoq-6g3ya-1,dcgm,gpu0,sm_clock_mhz,2070
2026-09-30T06:47:30.420Z,gpu-3uwoq-6g3ya-1,dcgm,gpu1,sm_clock_mhz,2070
2026-09-30T06:47:30.420Z,gpu-3uwoq-6g3ya-1,dcgm,gpu2,dram_active,0
2026-09-30T06:47:30.420Z,gpu-3uwoq-6g3ya-1,dcgm,gpu3,dram_active,0
2026-09-30T06:47:30.420Z,gpu-3uwoq-6g3ya-1,dcgm,gpu0,dram_active,0
2026-09-30T06:47:30.420Z,gpu-3uwoq-6g3ya-1,dcgm,gpu1,dram_active,0
2026-09-30T06:47:30.420Z,gpu-3uwoq-6g3ya-1,dcgm,gpu2,pcie_rx_bytes,100516
2026-09-30T06:47:30.420Z,gpu-3uwoq-6g3ya-1,dcgm,gpu3,pcie_rx_bytes,95879
2026-09-30T06:47:30.420Z,gpu-3uwoq-6g3ya-1,dcgm,gpu0,pcie_rx_bytes,99529
2026-09-30T06:47:30.420Z,gpu-3uwoq-6g3ya-1,dcgm,gpu1,pcie_rx_bytes,190359
2026-09-30T06:47:30.420Z,gpu-3uwoq-6g3ya-1,dcgm,gpu2,pcie_tx_bytes,94630
2026-09-30T06:47:30.420Z,gpu-3uwoq-6g3ya-1,dcgm,gpu3,pcie_tx_bytes,90026
2026-09-30T06:47:30.420Z,gpu-3uwoq-6g3ya-1,dcgm,gpu0,pcie_tx_bytes,93554
2026-09-30T06:47:30.420Z,gpu-3uwoq-6g3ya-1,dcgm,gpu1,pcie_tx_bytes,179832
2026-09-30T06:47:30.420Z,gpu-3uwoq-6g3ya-1,dcgm,gpu2,tensor_active,0
2026-09-30T06:47:30.420Z,gpu-3uwoq-6g3ya-1,dcgm,gpu3,tensor_active,0
2026-09-30T06:47:30.420Z,gpu-3uwoq-6g3ya-1,dcgm,gpu0,tensor_active,0
2026-09-30T06:47:30.420Z,gpu-3uwoq-6g3ya-1,dcgm,gpu1,tensor_active,0
2026-09-30T06:47:30.420Z,gpu-3uwoq-6g3ya-1,dcgm,gpu2,sm_active,0
2026-09-30T06:47:30.420Z,gpu-3uwoq-6g3ya-1,dcgm,gpu3,sm_active,0
2026-09-30T06:47:30.420Z,gpu-3uwoq-6g3ya-1,dcgm,gpu0,sm_active,0
2026-09-30T06:47:30.420Z,gpu-3uwoq-6g3ya-1,dcgm,gpu1,sm_active,0
2026-09-30T06:47:30.420Z,gpu-3uwoq-6g3ya-1,nvlink,gpu0,nvlink_rx_bytes,1.02469e+13
2026-09-30T06:47:30.420Z,gpu-3uwoq-6g3ya-1,nvlink,gpu0,nvlink_tx_bytes,1.02513e+13
2026-09-30T06:47:30.420Z,gpu-3uwoq-6g3ya-1,nvlink,gpu1,nvlink_rx_bytes,1.04013e+13
2026-09-30T06:47:30.420Z,gpu-3uwoq-6g3ya-1,nvlink,gpu1,nvlink_tx_bytes,1.04042e+13
2026-09-30T06:47:30.420Z,gpu-3uwoq-6g3ya-1,nvlink,gpu2,nvlink_rx_bytes,1.02695e+13
2026-09-30T06:47:30.420Z,gpu-3uwoq-6g3ya-1,nvlink,gpu2,nvlink_tx_bytes,1.02732e+13
2026-09-30T06:47:30.420Z,gpu-3uwoq-6g3ya-1,nvlink,gpu3,nvlink_rx_bytes,1.0219e+13
2026-09-30T06:47:30.420Z,gpu-3uwoq-6g3ya-1,nvlink,gpu3,nvlink_tx_bytes,1.0222e+13
2026-09-30T06:47:31.420Z,gpu-3uwoq-6g3ya-1,ib_counter,rdma_vf_rail0,port_xmit_data,4.05431e+12
2026-09-30T06:47:31.420Z,gpu-3uwoq-6g3ya-1,ib_counter,rdma_vf_rail0,port_rcv_data,2.08688e+12
2026-09-30T06:47:31.420Z,gpu-3uwoq-6g3ya-1,ib_counter,rdma_vf_rail0,port_xmit_packets,1.09514e+09
2026-09-30T06:47:31.420Z,gpu-3uwoq-6g3ya-1,ib_counter,rdma_vf_rail0,port_rcv_packets,7.30222e+08
2026-09-30T06:47:31.420Z,gpu-3uwoq-6g3ya-1,ib_counter,rdma_vf_rail0,port_xmit_wait,0
2026-09-30T06:47:31.420Z,gpu-3uwoq-6g3ya-1,ib_counter,rdma_vf_rail0,port_rcv_errors,0
2026-09-30T06:47:31.420Z,gpu-3uwoq-6g3ya-1,ib_counter,rdma_vf_rail0,port_xmit_discards,0
2026-09-30T06:47:31.420Z,gpu-3uwoq-6g3ya-1,ib_counter,rdma_vf_rail0,link_downed,0
2026-09-30T06:47:31.420Z,gpu-3uwoq-6g3ya-1,ib_hw_counter,rdma_vf_rail0,out_of_sequence,0
2026-09-30T06:47:31.420Z,gpu-3uwoq-6g3ya-1,ib_hw_counter,rdma_vf_rail0,packet_seq_err,8
2026-09-30T06:47:31.420Z,gpu-3uwoq-6g3ya-1,ib_hw_counter,rdma_vf_rail0,local_ack_timeout_err,0
2026-09-30T06:47:31.420Z,gpu-3uwoq-6g3ya-1,ib_hw_counter,rdma_vf_rail0,rx_write_requests,4.44406e+08
2026-09-30T06:47:31.420Z,gpu-3uwoq-6g3ya-1,ib_hw_counter,rdma_vf_rail0,rx_read_requests,8.83833e+06
2026-09-30T06:47:31.420Z,gpu-3uwoq-6g3ya-1,ib_hw_counter,rdma_vf_rail0,req_cqe_error,0
2026-09-30T06:47:31.420Z,gpu-3uwoq-6g3ya-1,ib_hw_counter,rdma_vf_rail0,resp_cqe_error,0
2026-09-30T06:47:31.420Z,gpu-3uwoq-6g3ya-1,ib_hw_counter,rdma_vf_rail0,implied_nak_seq_err,0
2026-09-30T06:47:31.420Z,gpu-3uwoq-6g3ya-1,ib_hw_counter,rdma_vf_rail0,duplicate_request,0
2026-09-30T06:47:31.420Z,gpu-3uwoq-6g3ya-1,ib_counter,rdma_vf_rail1,port_xmit_data,3.94677e+12
2026-09-30T06:47:31.420Z,gpu-3uwoq-6g3ya-1,ib_counter,rdma_vf_rail1,port_rcv_data,1.97875e+12
2026-09-30T06:47:31.420Z,gpu-3uwoq-6g3ya-1,ib_counter,rdma_vf_rail1,port_xmit_packets,1.06896e+09
2026-09-30T06:47:31.420Z,gpu-3uwoq-6g3ya-1,ib_counter,rdma_vf_rail1,port_rcv_packets,6.99145e+08
2026-09-30T06:47:31.420Z,gpu-3uwoq-6g3ya-1,ib_counter,rdma_vf_rail1,port_xmit_wait,0
2026-09-30T06:47:31.420Z,gpu-3uwoq-6g3ya-1,ib_counter,rdma_vf_rail1,port_rcv_errors,0
2026-09-30T06:47:31.420Z,gpu-3uwoq-6g3ya-1,ib_counter,rdma_vf_rail1,port_xmit_discards,0
2026-09-30T06:47:31.420Z,gpu-3uwoq-6g3ya-1,ib_counter,rdma_vf_rail1,link_downed,0
2026-09-30T06:47:31.420Z,gpu-3uwoq-6g3ya-1,ib_hw_counter,rdma_vf_rail1,out_of_sequence,0
2026-09-30T06:47:31.420Z,gpu-3uwoq-6g3ya-1,ib_hw_counter,rdma_vf_rail1,packet_seq_err,8
2026-09-30T06:47:31.420Z,gpu-3uwoq-6g3ya-1,ib_hw_counter,rdma_vf_rail1,local_ack_timeout_err,0
2026-09-30T06:47:31.420Z,gpu-3uwoq-6g3ya-1,ib_hw_counter,rdma_vf_rail1,rx_write_requests,4.42808e+08
2026-09-30T06:47:31.420Z,gpu-3uwoq-6g3ya-1,ib_hw_counter,rdma_vf_rail1,rx_read_requests,8.03731e+06
2026-09-30T06:47:31.420Z,gpu-3uwoq-6g3ya-1,ib_hw_counter,rdma_vf_rail1,req_cqe_error,0
2026-09-30T06:47:31.420Z,gpu-3uwoq-6g3ya-1,ib_hw_counter,rdma_vf_rail1,resp_cqe_error,0
2026-09-30T06:47:31.420Z,gpu-3uwoq-6g3ya-1,ib_hw_counter,rdma_vf_rail1,implied_nak_seq_err,0
2026-09-30T06:47:31.420Z,gpu-3uwoq-6g3ya-1,ib_hw_counter,rdma_vf_rail1,duplicate_request,0
2026-09-30T06:47:31.420Z,gpu-3uwoq-6g3ya-1,ib_counter,rdma_vf_rail2,port_xmit_data,3.91927e+12
2026-09-30T06:47:31.420Z,gpu-3uwoq-6g3ya-1,ib_counter,rdma_vf_rail2,port_rcv_data,1.95098e+12
2026-09-30T06:47:31.420Z,gpu-3uwoq-6g3ya-1,ib_counter,rdma_vf_rail2,port_xmit_packets,1.0544e+09
2026-09-30T06:47:31.420Z,gpu-3uwoq-6g3ya-1,ib_counter,rdma_vf_rail2,port_rcv_packets,6.80094e+08
2026-09-30T06:47:31.420Z,gpu-3uwoq-6g3ya-1,ib_counter,rdma_vf_rail2,port_xmit_wait,0
2026-09-30T06:47:31.420Z,gpu-3uwoq-6g3ya-1,ib_counter,rdma_vf_rail2,port_rcv_errors,0
2026-09-30T06:47:31.420Z,gpu-3uwoq-6g3ya-1,ib_counter,rdma_vf_rail2,port_xmit_discards,0
2026-09-30T06:47:31.420Z,gpu-3uwoq-6g3ya-1,ib_counter,rdma_vf_rail2,link_downed,0
2026-09-30T06:47:31.420Z,gpu-3uwoq-6g3ya-1,ib_hw_counter,rdma_vf_rail2,out_of_sequence,0
2026-09-30T06:47:31.420Z,gpu-3uwoq-6g3ya-1,ib_hw_counter,rdma_vf_rail2,packet_seq_err,7
2026-09-30T06:47:31.420Z,gpu-3uwoq-6g3ya-1,ib_hw_counter,rdma_vf_rail2,local_ack_timeout_err,0
2026-09-30T06:47:31.420Z,gpu-3uwoq-6g3ya-1,ib_hw_counter,rdma_vf_rail2,rx_write_requests,4.42381e+08
2026-09-30T06:47:31.420Z,gpu-3uwoq-6g3ya-1,ib_hw_counter,rdma_vf_rail2,rx_read_requests,7.82969e+06
2026-09-30T06:47:31.420Z,gpu-3uwoq-6g3ya-1,ib_hw_counter,rdma_vf_rail2,req_cqe_error,0
2026-09-30T06:47:31.420Z,gpu-3uwoq-6g3ya-1,ib_hw_counter,rdma_vf_rail2,resp_cqe_error,0
2026-09-30T06:47:31.420Z,gpu-3uwoq-6g3ya-1,ib_hw_counter,rdma_vf_rail2,implied_nak_seq_err,0
2026-09-30T06:47:31.420Z,gpu-3uwoq-6g3ya-1,ib_hw_counter,rdma_vf_rail2,duplicate_request,0
2026-09-30T06:47:31.420Z,gpu-3uwoq-6g3ya-1,ib_counter,rdma_vf_rail3,port_xmit_data,3.91953e+12
2026-09-30T06:47:31.420Z,gpu-3uwoq-6g3ya-1,ib_counter,rdma_vf_rail3,port_rcv_data,1.95074e+12
2026-09-30T06:47:31.420Z,gpu-3uwoq-6g3ya-1,ib_counter,rdma_vf_rail3,port_xmit_packets,1.05518e+09
2026-09-30T06:47:31.420Z,gpu-3uwoq-6g3ya-1,ib_counter,rdma_vf_rail3,port_rcv_packets,6.76919e+08
2026-09-30T06:47:31.420Z,gpu-3uwoq-6g3ya-1,ib_counter,rdma_vf_rail3,port_xmit_wait,0
2026-09-30T06:47:31.420Z,gpu-3uwoq-6g3ya-1,ib_counter,rdma_vf_rail3,port_rcv_errors,0
2026-09-30T06:47:31.420Z,gpu-3uwoq-6g3ya-1,ib_counter,rdma_vf_rail3,port_xmit_discards,0
2026-09-30T06:47:31.420Z,gpu-3uwoq-6g3ya-1,ib_counter,rdma_vf_rail3,link_downed,0
2026-09-30T06:47:31.420Z,gpu-3uwoq-6g3ya-1,ib_hw_counter,rdma_vf_rail3,out_of_sequence,1
2026-09-30T06:47:31.420Z,gpu-3uwoq-6g3ya-1,ib_hw_counter,rdma_vf_rail3,packet_seq_err,7
2026-09-30T06:47:31.420Z,gpu-3uwoq-6g3ya-1,ib_hw_counter,rdma_vf_rail3,local_ack_timeout_err,0
2026-09-30T06:47:31.420Z,gpu-3uwoq-6g3ya-1,ib_hw_counter,rdma_vf_rail3,rx_write_requests,4.42381e+08
2026-09-30T06:47:31.420Z,gpu-3uwoq-6g3ya-1,ib_hw_counter,rdma_vf_rail3,rx_read_requests,7.82969e+06
2026-09-30T06:47:31.420Z,gpu-3uwoq-6g3ya-1,ib_hw_counter,rdma_vf_rail3,req_cqe_error,0
2026-09-30T06:47:31.420Z,gpu-3uwoq-6g3ya-1,ib_hw_counter,rdma_vf_rail3,resp_cqe_error,0
2026-09-30T06:47:31.420Z,gpu-3uwoq-6g3ya-1,ib_hw_counter,rdma_vf_rail3,implied_nak_seq_err,0
2026-09-30T06:47:31.420Z,gpu-3uwoq-6g3ya-1,ib_hw_counter,rdma_vf_rail3,duplicate_request,0
2026-09-30T06:47:31.420Z,gpu-3uwoq-6g3ya-1,dcgm,gpu2,gpu_util,0
2026-09-30T06:47:31.420Z,gpu-3uwoq-6g3ya-1,dcgm,gpu3,gpu_util,0
2026-09-30T06:47:31.420Z,gpu-3uwoq-6g3ya-1,dcgm,gpu0,gpu_util,0
2026-09-30T06:47:31.420Z,gpu-3uwoq-6g3ya-1,dcgm,gpu1,gpu_util,0
2026-09-30T06:47:31.420Z,gpu-3uwoq-6g3ya-1,dcgm,gpu2,nvlink_bandwidth_total,0
2026-09-30T06:47:31.420Z,gpu-3uwoq-6g3ya-1,dcgm,gpu3,nvlink_bandwidth_total,0
2026-09-30T06:47:31.420Z,gpu-3uwoq-6g3ya-1,dcgm,gpu0,nvlink_bandwidth_total,0
2026-09-30T06:47:31.420Z,gpu-3uwoq-6g3ya-1,dcgm,gpu1,nvlink_bandwidth_total,0
2026-09-30T06:47:31.420Z,gpu-3uwoq-6g3ya-1,dcgm,gpu2,power_w,223.243
2026-09-30T06:47:31.420Z,gpu-3uwoq-6g3ya-1,dcgm,gpu3,power_w,227.099
2026-09-30T06:47:31.420Z,gpu-3uwoq-6g3ya-1,dcgm,gpu0,power_w,230.65
2026-09-30T06:47:31.420Z,gpu-3uwoq-6g3ya-1,dcgm,gpu1,power_w,228.565
2026-09-30T06:47:31.420Z,gpu-3uwoq-6g3ya-1,dcgm,gpu2,sm_clock_mhz,2070
2026-09-30T06:47:31.420Z,gpu-3uwoq-6g3ya-1,dcgm,gpu3,sm_clock_mhz,2070
2026-09-30T06:47:31.420Z,gpu-3uwoq-6g3ya-1,dcgm,gpu0,sm_clock_mhz,2070
2026-09-30T06:47:31.420Z,gpu-3uwoq-6g3ya-1,dcgm,gpu1,sm_clock_mhz,2070
2026-09-30T06:47:31.420Z,gpu-3uwoq-6g3ya-1,dcgm,gpu2,dram_active,0
2026-09-30T06:47:31.420Z,gpu-3uwoq-6g3ya-1,dcgm,gpu3,dram_active,0
2026-09-30T06:47:31.420Z,gpu-3uwoq-6g3ya-1,dcgm,gpu0,dram_active,0
2026-09-30T06:47:31.420Z,gpu-3uwoq-6g3ya-1,dcgm,gpu1,dram_active,0
2026-09-30T06:47:31.420Z,gpu-3uwoq-6g3ya-1,dcgm,gpu2,pcie_rx_bytes,100516
2026-09-30T06:47:31.420Z,gpu-3uwoq-6g3ya-1,dcgm,gpu3,pcie_rx_bytes,95879
2026-09-30T06:47:31.420Z,gpu-3uwoq-6g3ya-1,dcgm,gpu0,pcie_rx_bytes,99529
2026-09-30T06:47:31.420Z,gpu-3uwoq-6g3ya-1,dcgm,gpu1,pcie_rx_bytes,190359
2026-09-30T06:47:31.420Z,gpu-3uwoq-6g3ya-1,dcgm,gpu2,pcie_tx_bytes,94630
2026-09-30T06:47:31.420Z,gpu-3uwoq-6g3ya-1,dcgm,gpu3,pcie_tx_bytes,90026
2026-09-30T06:47:31.420Z,gpu-3uwoq-6g3ya-1,dcgm,gpu0,pcie_tx_bytes,93554
2026-09-30T06:47:31.420Z,gpu-3uwoq-6g3ya-1,dcgm,gpu1,pcie_tx_bytes,179832
2026-09-30T06:47:31.420Z,gpu-3uwoq-6g3ya-1,dcgm,gpu2,tensor_active,0
2026-09-30T06:47:31.420Z,gpu-3uwoq-6g3ya-1,dcgm,gpu3,tensor_active,0
2026-09-30T06:47:31.420Z,gpu-3uwoq-6g3ya-1,dcgm,gpu0,tensor_active,0
2026-09-30T06:47:31.420Z,gpu-3uwoq-6g3ya-1,dcgm,gpu1,tensor_active,0
2026-09-30T06:47:31.420Z,gpu-3uwoq-6g3ya-1,dcgm,gpu2,sm_active,0
2026-09-30T06:47:31.420Z,gpu-3uwoq-6g3ya-1,dcgm,gpu3,sm_active,0
2026-09-30T06:47:31.420Z,gpu-3uwoq-6g3ya-1,dcgm,gpu0,sm_active,0
2026-09-30T06:47:31.420Z,gpu-3uwoq-6g3ya-1,dcgm,gpu1,sm_active,0
2026-09-30T06:47:31.420Z,gpu-3uwoq-6g3ya-1,nvlink,gpu0,nvlink_rx_bytes,1.02469e+13
2026-09-30T06:47:31.420Z,gpu-3uwoq-6g3ya-1,nvlink,gpu0,nvlink_tx_bytes,1.02513e+13
2026-09-30T06:47:31.420Z,gpu-3uwoq-6g3ya-1,nvlink,gpu1,nvlink_rx_bytes,1.04013e+13
2026-09-30T06:47:31.420Z,gpu-3uwoq-6g3ya-1,nvlink,gpu1,nvlink_tx_bytes,1.04042e+13
2026-09-30T06:47:31.420Z,gpu-3uwoq-6g3ya-1,nvlink,gpu2,nvlink_rx_bytes,1.02695e+13
2026-09-30T06:47:31.420Z,gpu-3uwoq-6g3ya-1,nvlink,gpu2,nvlink_tx_bytes,1.02732e+13
2026-09-30T06:47:31.420Z,gpu-3uwoq-6g3ya-1,nvlink,gpu3,nvlink_rx_bytes,1.0219e+13
2026-09-30T06:47:31.420Z,gpu-3uwoq-6g3ya-1,nvlink,gpu3,nvlink_tx_bytes,1.0222e+13
2026-09-30T06:47:32.420Z,gpu-3uwoq-6g3ya-1,ib_counter,rdma_vf_rail0,port_xmit_data,4.05431e+12
2026-09-30T06:47:32.420Z,gpu-3uwoq-6g3ya-1,ib_counter,rdma_vf_rail0,port_rcv_data,2.08688e+12
2026-09-30T06:47:32.420Z,gpu-3uwoq-6g3ya-1,ib_counter,rdma_vf_rail0,port_xmit_packets,1.09514e+09
2026-09-30T06:47:32.420Z,gpu-3uwoq-6g3ya-1,ib_counter,rdma_vf_rail0,port_rcv_packets,7.30222e+08
2026-09-30T06:47:32.420Z,gpu-3uwoq-6g3ya-1,ib_counter,rdma_vf_rail0,port_xmit_wait,0
2026-09-30T06:47:32.420Z,gpu-3uwoq-6g3ya-1,ib_counter,rdma_vf_rail0,port_rcv_errors,0
2026-09-30T06:47:32.420Z,gpu-3uwoq-6g3ya-1,ib_counter,rdma_vf_rail0,port_xmit_discards,0
2026-09-30T06:47:32.420Z,gpu-3uwoq-6g3ya-1,ib_counter,rdma_vf_rail0,link_downed,0
2026-09-30T06:47:32.420Z,gpu-3uwoq-6g3ya-1,ib_hw_counter,rdma_vf_rail0,out_of_sequence,0
2026-09-30T06:47:32.420Z,gpu-3uwoq-6g3ya-1,ib_hw_counter,rdma_vf_rail0,packet_seq_err,8
2026-09-30T06:47:32.420Z,gpu-3uwoq-6g3ya-1,ib_hw_counter,rdma_vf_rail0,local_ack_timeout_err,0
2026-09-30T06:47:32.420Z,gpu-3uwoq-6g3ya-1,ib_hw_counter,rdma_vf_rail0,rx_write_requests,4.44406e+08
2026-09-30T06:47:32.420Z,gpu-3uwoq-6g3ya-1,ib_hw_counter,rdma_vf_rail0,rx_read_requests,8.83833e+06
2026-09-30T06:47:32.420Z,gpu-3uwoq-6g3ya-1,ib_hw_counter,rdma_vf_rail0,req_cqe_error,0
2026-09-30T06:47:32.420Z,gpu-3uwoq-6g3ya-1,ib_hw_counter,rdma_vf_rail0,resp_cqe_error,0
2026-09-30T06:47:32.420Z,gpu-3uwoq-6g3ya-1,ib_hw_counter,rdma_vf_rail0,implied_nak_seq_err,0
2026-09-30T06:47:32.420Z,gpu-3uwoq-6g3ya-1,ib_hw_counter,rdma_vf_rail0,duplicate_request,0
2026-09-30T06:47:32.420Z,gpu-3uwoq-6g3ya-1,ib_counter,rdma_vf_rail1,port_xmit_data,3.94677e+12
2026-09-30T06:47:32.420Z,gpu-3uwoq-6g3ya-1,ib_counter,rdma_vf_rail1,port_rcv_data,1.97875e+12
2026-09-30T06:47:32.420Z,gpu-3uwoq-6g3ya-1,ib_counter,rdma_vf_rail1,port_xmit_packets,1.06896e+09
2026-09-30T06:47:32.420Z,gpu-3uwoq-6g3ya-1,ib_counter,rdma_vf_rail1,port_rcv_packets,6.99145e+08
2026-09-30T06:47:32.420Z,gpu-3uwoq-6g3ya-1,ib_counter,rdma_vf_rail1,port_xmit_wait,0
2026-09-30T06:47:32.420Z,gpu-3uwoq-6g3ya-1,ib_counter,rdma_vf_rail1,port_rcv_errors,0
2026-09-30T06:47:32.420Z,gpu-3uwoq-6g3ya-1,ib_counter,rdma_vf_rail1,port_xmit_discards,0
2026-09-30T06:47:32.420Z,gpu-3uwoq-6g3ya-1,ib_counter,rdma_vf_rail1,link_downed,0
2026-09-30T06:47:32.420Z,gpu-3uwoq-6g3ya-1,ib_hw_counter,rdma_vf_rail1,out_of_sequence,0
2026-09-30T06:47:32.420Z,gpu-3uwoq-6g3ya-1,ib_hw_counter,rdma_vf_rail1,packet_seq_err,8
2026-09-30T06:47:32.420Z,gpu-3uwoq-6g3ya-1,ib_hw_counter,rdma_vf_rail1,local_ack_timeout_err,0
2026-09-30T06:47:32.420Z,gpu-3uwoq-6g3ya-1,ib_hw_counter,rdma_vf_rail1,rx_write_requests,4.42808e+08
2026-09-30T06:47:32.420Z,gpu-3uwoq-6g3ya-1,ib_hw_counter,rdma_vf_rail1,rx_read_requests,8.03731e+06
2026-09-30T06:47:32.420Z,gpu-3uwoq-6g3ya-1,ib_hw_counter,rdma_vf_rail1,req_cqe_error,0
2026-09-30T06:47:32.420Z,gpu-3uwoq-6g3ya-1,ib_hw_counter,rdma_vf_rail1,resp_cqe_error,0
2026-09-30T06:47:32.420Z,gpu-3uwoq-6g3ya-1,ib_hw_counter,rdma_vf_rail1,implied_nak_seq_err,0
2026-09-30T06:47:32.420Z,gpu-3uwoq-6g3ya-1,ib_hw_counter,rdma_vf_rail1,duplicate_request,0
2026-09-30T06:47:32.420Z,gpu-3uwoq-6g3ya-1,ib_counter,rdma_vf_rail2,port_xmit_data,3.91927e+12
2026-09-30T06:47:32.420Z,gpu-3uwoq-6g3ya-1,ib_counter,rdma_vf_rail2,port_rcv_data,1.95098e+12
2026-09-30T06:47:32.420Z,gpu-3uwoq-6g3ya-1,ib_counter,rdma_vf_rail2,port_xmit_packets,1.0544e+09
2026-09-30T06:47:32.420Z,gpu-3uwoq-6g3ya-1,ib_counter,rdma_vf_rail2,port_rcv_packets,6.80094e+08
2026-09-30T06:47:32.420Z,gpu-3uwoq-6g3ya-1,ib_counter,rdma_vf_rail2,port_xmit_wait,0
2026-09-30T06:47:32.420Z,gpu-3uwoq-6g3ya-1,ib_counter,rdma_vf_rail2,port_rcv_errors,0
2026-09-30T06:47:32.420Z,gpu-3uwoq-6g3ya-1,ib_counter,rdma_vf_rail2,port_xmit_discards,0
2026-09-30T06:47:32.420Z,gpu-3uwoq-6g3ya-1,ib_counter,rdma_vf_rail2,link_downed,0
2026-09-30T06:47:32.420Z,gpu-3uwoq-6g3ya-1,ib_hw_counter,rdma_vf_rail2,out_of_sequence,0
2026-09-30T06:47:32.420Z,gpu-3uwoq-6g3ya-1,ib_hw_counter,rdma_vf_rail2,packet_seq_err,7
2026-09-30T06:47:32.420Z,gpu-3uwoq-6g3ya-1,ib_hw_counter,rdma_vf_rail2,local_ack_timeout_err,0
2026-09-30T06:47:32.420Z,gpu-3uwoq-6g3ya-1,ib_hw_counter,rdma_vf_rail2,rx_write_requests,4.42381e+08
2026-09-30T06:47:32.420Z,gpu-3uwoq-6g3ya-1,ib_hw_counter,rdma_vf_rail2,rx_read_requests,7.82969e+06
2026-09-30T06:47:32.420Z,gpu-3uwoq-6g3ya-1,ib_hw_counter,rdma_vf_rail2,req_cqe_error,0
2026-09-30T06:47:32.420Z,gpu-3uwoq-6g3ya-1,ib_hw_counter,rdma_vf_rail2,resp_cqe_error,0
2026-09-30T06:47:32.420Z,gpu-3uwoq-6g3ya-1,ib_hw_counter,rdma_vf_rail2,implied_nak_seq_err,0
2026-09-30T06:47:32.420Z,gpu-3uwoq-6g3ya-1,ib_hw_counter,rdma_vf_rail2,duplicate_request,0
2026-09-30T06:47:32.420Z,gpu-3uwoq-6g3ya-1,ib_counter,rdma_vf_rail3,port_xmit_data,3.91953e+12
2026-09-30T06:47:32.420Z,gpu-3uwoq-6g3ya-1,ib_counter,rdma_vf_rail3,port_rcv_data,1.95074e+12
2026-09-30T06:47:32.420Z,gpu-3uwoq-6g3ya-1,ib_counter,rdma_vf_rail3,port_xmit_packets,1.05518e+09
2026-09-30T06:47:32.420Z,gpu-3uwoq-6g3ya-1,ib_counter,rdma_vf_rail3,port_rcv_packets,6.76919e+08
2026-09-30T06:47:32.420Z,gpu-3uwoq-6g3ya-1,ib_counter,rdma_vf_rail3,port_xmit_wait,0
2026-09-30T06:47:32.420Z,gpu-3uwoq-6g3ya-1,ib_counter,rdma_vf_rail3,port_rcv_errors,0
2026-09-30T06:47:32.420Z,gpu-3uwoq-6g3ya-1,ib_counter,rdma_vf_rail3,port_xmit_discards,0
2026-09-30T06:47:32.420Z,gpu-3uwoq-6g3ya-1,ib_counter,rdma_vf_rail3,link_downed,0
2026-09-30T06:47:32.420Z,gpu-3uwoq-6g3ya-1,ib_hw_counter,rdma_vf_rail3,out_of_sequence,1
2026-09-30T06:47:32.420Z,gpu-3uwoq-6g3ya-1,ib_hw_counter,rdma_vf_rail3,packet_seq_err,7
2026-09-30T06:47:32.420Z,gpu-3uwoq-6g3ya-1,ib_hw_counter,rdma_vf_rail3,local_ack_timeout_err,0
2026-09-30T06:47:32.420Z,gpu-3uwoq-6g3ya-1,ib_hw_counter,rdma_vf_rail3,rx_write_requests,4.42381e+08
2026-09-30T06:47:32.420Z,gpu-3uwoq-6g3ya-1,ib_hw_counter,rdma_vf_rail3,rx_read_requests,7.82969e+06
2026-09-30T06:47:32.420Z,gpu-3uwoq-6g3ya-1,ib_hw_counter,rdma_vf_rail3,req_cqe_error,0
2026-09-30T06:47:32.420Z,gpu-3uwoq-6g3ya-1,ib_hw_counter,rdma_vf_rail3,resp_cqe_error,0
2026-09-30T06:47:32.420Z,gpu-3uwoq-6g3ya-1,ib_hw_counter,rdma_vf_rail3,implied_nak_seq_err,0
2026-09-30T06:47:32.420Z,gpu-3uwoq-6g3ya-1,ib_hw_counter,rdma_vf_rail3,duplicate_request,0
2026-09-30T06:47:32.420Z,gpu-3uwoq-6g3ya-1,dcgm,gpu2,gpu_util,0
2026-09-30T06:47:32.420Z,gpu-3uwoq-6g3ya-1,dcgm,gpu3,gpu_util,0
2026-09-30T06:47:32.420Z,gpu-3uwoq-6g3ya-1,dcgm,gpu0,gpu_util,0
2026-09-30T06:47:32.420Z,gpu-3uwoq-6g3ya-1,dcgm,gpu1,gpu_util,0
2026-09-30T06:47:32.420Z,gpu-3uwoq-6g3ya-1,dcgm,gpu2,nvlink_bandwidth_total,0
2026-09-30T06:47:32.420Z,gpu-3uwoq-6g3ya-1,dcgm,gpu3,nvlink_bandwidth_total,0
2026-09-30T06:47:32.420Z,gpu-3uwoq-6g3ya-1,dcgm,gpu0,nvlink_bandwidth_total,0
2026-09-30T06:47:32.420Z,gpu-3uwoq-6g3ya-1,dcgm,gpu1,nvlink_bandwidth_total,0
2026-09-30T06:47:32.420Z,gpu-3uwoq-6g3ya-1,dcgm,gpu2,power_w,223.243
2026-09-30T06:47:32.420Z,gpu-3uwoq-6g3ya-1,dcgm,gpu3,power_w,227.099
2026-09-30T06:47:32.420Z,gpu-3uwoq-6g3ya-1,dcgm,gpu0,power_w,230.65
2026-09-30T06:47:32.420Z,gpu-3uwoq-6g3ya-1,dcgm,gpu1,power_w,228.565
2026-09-30T06:47:32.420Z,gpu-3uwoq-6g3ya-1,dcgm,gpu2,sm_clock_mhz,2070
2026-09-30T06:47:32.420Z,gpu-3uwoq-6g3ya-1,dcgm,gpu3,sm_clock_mhz,2070
2026-09-30T06:47:32.420Z,gpu-3uwoq-6g3ya-1,dcgm,gpu0,sm_clock_mhz,2070
2026-09-30T06:47:32.420Z,gpu-3uwoq-6g3ya-1,dcgm,gpu1,sm_clock_mhz,2070
2026-09-30T06:47:32.420Z,gpu-3uwoq-6g3ya-1,dcgm,gpu2,dram_active,0
2026-09-30T06:47:32.420Z,gpu-3uwoq-6g3ya-1,dcgm,gpu3,dram_active,0
2026-09-30T06:47:32.420Z,gpu-3uwoq-6g3ya-1,dcgm,gpu0,dram_active,0
2026-09-30T06:47:32.420Z,gpu-3uwoq-6g3ya-1,dcgm,gpu1,dram_active,0
2026-09-30T06:47:32.420Z,gpu-3uwoq-6g3ya-1,dcgm,gpu2,pcie_rx_bytes,100516
2026-09-30T06:47:32.420Z,gpu-3uwoq-6g3ya-1,dcgm,gpu3,pcie_rx_bytes,95879
2026-09-30T06:47:32.420Z,gpu-3uwoq-6g3ya-1,dcgm,gpu0,pcie_rx_bytes,99529
2026-09-30T06:47:32.420Z,gpu-3uwoq-6g3ya-1,dcgm,gpu1,pcie_rx_bytes,190359
2026-09-30T06:47:32.420Z,gpu-3uwoq-6g3ya-1,dcgm,gpu2,pcie_tx_bytes,94630
2026-09-30T06:47:32.420Z,gpu-3uwoq-6g3ya-1,dcgm,gpu3,pcie_tx_bytes,90026
2026-09-30T06:47:32.420Z,gpu-3uwoq-6g3ya-1,dcgm,gpu0,pcie_tx_bytes,93554
2026-09-30T06:47:32.420Z,gpu-3uwoq-6g3ya-1,dcgm,gpu1,pcie_tx_bytes,179832
2026-09-30T06:47:32.420Z,gpu-3uwoq-6g3ya-1,dcgm,gpu2,tensor_active,0
2026-09-30T06:47:32.420Z,gpu-3uwoq-6g3ya-1,dcgm,gpu3,tensor_active,0
2026-09-30T06:47:32.420Z,gpu-3uwoq-6g3ya-1,dcgm,gpu0,tensor_active,0
2026-09-30T06:47:32.420Z,gpu-3uwoq-6g3ya-1,dcgm,gpu1,tensor_active,0
2026-09-30T06:47:32.420Z,gpu-3uwoq-6g3ya-1,dcgm,gpu2,sm_active,0
2026-09-30T06:47:32.420Z,gpu-3uwoq-6g3ya-1,dcgm,gpu3,sm_active,0
2026-09-30T06:47:32.420Z,gpu-3uwoq-6g3ya-1,dcgm,gpu0,sm_active,0
2026-09-30T06:47:32.420Z,gpu-3uwoq-6g3ya-1,dcgm,gpu1,sm_active,0
2026-09-30T06:47:32.420Z,gpu-3uwoq-6g3ya-1,nvlink,gpu0,nvlink_rx_bytes,1.02469e+13
2026-09-30T06:47:32.420Z,gpu-3uwoq-6g3ya-1,nvlink,gpu0,nvlink_tx_bytes,1.02513e+13
2026-09-30T06:47:32.420Z,gpu-3uwoq-6g3ya-1,nvlink,gpu1,nvlink_rx_bytes,1.04013e+13
2026-09-30T06:47:32.420Z,gpu-3uwoq-6g3ya-1,nvlink,gpu1,nvlink_tx_bytes,1.04042e+13
2026-09-30T06:47:32.420Z,gpu-3uwoq-6g3ya-1,nvlink,gpu2,nvlink_rx_bytes,1.02695e+13
2026-09-30T06:47:32.420Z,gpu-3uwoq-6g3ya-1,nvlink,gpu2,nvlink_tx_bytes,1.02732e+13
2026-09-30T06:47:32.420Z,gpu-3uwoq-6g3ya-1,nvlink,gpu3,nvlink_rx_bytes,1.0219e+13
2026-09-30T06:47:32.420Z,gpu-3uwoq-6g3ya-1,nvlink,gpu3,nvlink_tx_bytes,1.0222e+13
2026-09-30T06:47:33.420Z,gpu-3uwoq-6g3ya-1,ib_counter,rdma_vf_rail0,port_xmit_data,4.05483e+12
2026-09-30T06:47:33.420Z,gpu-3uwoq-6g3ya-1,ib_counter,rdma_vf_rail0,port_rcv_data,2.0874e+12
2026-09-30T06:47:33.420Z,gpu-3uwoq-6g3ya-1,ib_counter,rdma_vf_rail0,port_xmit_packets,1.09532e+09
2026-09-30T06:47:33.420Z,gpu-3uwoq-6g3ya-1,ib_counter,rdma_vf_rail0,port_rcv_packets,7.30426e+08
2026-09-30T06:47:33.420Z,gpu-3uwoq-6g3ya-1,ib_counter,rdma_vf_rail0,port_xmit_wait,0
2026-09-30T06:47:33.420Z,gpu-3uwoq-6g3ya-1,ib_counter,rdma_vf_rail0,port_rcv_errors,0
2026-09-30T06:47:33.420Z,gpu-3uwoq-6g3ya-1,ib_counter,rdma_vf_rail0,port_xmit_discards,0
2026-09-30T06:47:33.420Z,gpu-3uwoq-6g3ya-1,ib_counter,rdma_vf_rail0,link_downed,0
2026-09-30T06:47:33.420Z,gpu-3uwoq-6g3ya-1,ib_hw_counter,rdma_vf_rail0,out_of_sequence,0
2026-09-30T06:47:33.420Z,gpu-3uwoq-6g3ya-1,ib_hw_counter,rdma_vf_rail0,packet_seq_err,8
2026-09-30T06:47:33.420Z,gpu-3uwoq-6g3ya-1,ib_hw_counter,rdma_vf_rail0,local_ack_timeout_err,0
2026-09-30T06:47:33.420Z,gpu-3uwoq-6g3ya-1,ib_hw_counter,rdma_vf_rail0,rx_write_requests,4.4443e+08
2026-09-30T06:47:33.420Z,gpu-3uwoq-6g3ya-1,ib_hw_counter,rdma_vf_rail0,rx_read_requests,8.84601e+06
2026-09-30T06:47:33.420Z,gpu-3uwoq-6g3ya-1,ib_hw_counter,rdma_vf_rail0,req_cqe_error,0
2026-09-30T06:47:33.420Z,gpu-3uwoq-6g3ya-1,ib_hw_counter,rdma_vf_rail0,resp_cqe_error,0
2026-09-30T06:47:33.420Z,gpu-3uwoq-6g3ya-1,ib_hw_counter,rdma_vf_rail0,implied_nak_seq_err,0
2026-09-30T06:47:33.420Z,gpu-3uwoq-6g3ya-1,ib_hw_counter,rdma_vf_rail0,duplicate_request,0
2026-09-30T06:47:33.420Z,gpu-3uwoq-6g3ya-1,ib_counter,rdma_vf_rail1,port_xmit_data,3.94729e+12
2026-09-30T06:47:33.420Z,gpu-3uwoq-6g3ya-1,ib_counter,rdma_vf_rail1,port_rcv_data,1.97928e+12
2026-09-30T06:47:33.420Z,gpu-3uwoq-6g3ya-1,ib_counter,rdma_vf_rail1,port_xmit_packets,1.06914e+09
2026-09-30T06:47:33.420Z,gpu-3uwoq-6g3ya-1,ib_counter,rdma_vf_rail1,port_rcv_packets,6.99348e+08
2026-09-30T06:47:33.420Z,gpu-3uwoq-6g3ya-1,ib_counter,rdma_vf_rail1,port_xmit_wait,0
2026-09-30T06:47:33.420Z,gpu-3uwoq-6g3ya-1,ib_counter,rdma_vf_rail1,port_rcv_errors,0
2026-09-30T06:47:33.420Z,gpu-3uwoq-6g3ya-1,ib_counter,rdma_vf_rail1,port_xmit_discards,0
2026-09-30T06:47:33.420Z,gpu-3uwoq-6g3ya-1,ib_counter,rdma_vf_rail1,link_downed,0
2026-09-30T06:47:33.420Z,gpu-3uwoq-6g3ya-1,ib_hw_counter,rdma_vf_rail1,out_of_sequence,0
2026-09-30T06:47:33.420Z,gpu-3uwoq-6g3ya-1,ib_hw_counter,rdma_vf_rail1,packet_seq_err,8
2026-09-30T06:47:33.420Z,gpu-3uwoq-6g3ya-1,ib_hw_counter,rdma_vf_rail1,local_ack_timeout_err,0
2026-09-30T06:47:33.420Z,gpu-3uwoq-6g3ya-1,ib_hw_counter,rdma_vf_rail1,rx_write_requests,4.42831e+08
2026-09-30T06:47:33.420Z,gpu-3uwoq-6g3ya-1,ib_hw_counter,rdma_vf_rail1,rx_read_requests,8.04499e+06
2026-09-30T06:47:33.420Z,gpu-3uwoq-6g3ya-1,ib_hw_counter,rdma_vf_rail1,req_cqe_error,0
2026-09-30T06:47:33.420Z,gpu-3uwoq-6g3ya-1,ib_hw_counter,rdma_vf_rail1,resp_cqe_error,0
2026-09-30T06:47:33.420Z,gpu-3uwoq-6g3ya-1,ib_hw_counter,rdma_vf_rail1,implied_nak_seq_err,0
2026-09-30T06:47:33.420Z,gpu-3uwoq-6g3ya-1,ib_hw_counter,rdma_vf_rail1,duplicate_request,0
2026-09-30T06:47:33.420Z,gpu-3uwoq-6g3ya-1,ib_counter,rdma_vf_rail2,port_xmit_data,3.91979e+12
2026-09-30T06:47:33.420Z,gpu-3uwoq-6g3ya-1,ib_counter,rdma_vf_rail2,port_rcv_data,1.9515e+12
2026-09-30T06:47:33.420Z,gpu-3uwoq-6g3ya-1,ib_counter,rdma_vf_rail2,port_xmit_packets,1.05458e+09
2026-09-30T06:47:33.420Z,gpu-3uwoq-6g3ya-1,ib_counter,rdma_vf_rail2,port_rcv_packets,6.80299e+08
2026-09-30T06:47:33.420Z,gpu-3uwoq-6g3ya-1,ib_counter,rdma_vf_rail2,port_xmit_wait,0
2026-09-30T06:47:33.420Z,gpu-3uwoq-6g3ya-1,ib_counter,rdma_vf_rail2,port_rcv_errors,0
2026-09-30T06:47:33.420Z,gpu-3uwoq-6g3ya-1,ib_counter,rdma_vf_rail2,port_xmit_discards,0
2026-09-30T06:47:33.420Z,gpu-3uwoq-6g3ya-1,ib_counter,rdma_vf_rail2,link_downed,0
2026-09-30T06:47:33.420Z,gpu-3uwoq-6g3ya-1,ib_hw_counter,rdma_vf_rail2,out_of_sequence,0
2026-09-30T06:47:33.420Z,gpu-3uwoq-6g3ya-1,ib_hw_counter,rdma_vf_rail2,packet_seq_err,7
2026-09-30T06:47:33.420Z,gpu-3uwoq-6g3ya-1,ib_hw_counter,rdma_vf_rail2,local_ack_timeout_err,0
2026-09-30T06:47:33.420Z,gpu-3uwoq-6g3ya-1,ib_hw_counter,rdma_vf_rail2,rx_write_requests,4.42404e+08
2026-09-30T06:47:33.420Z,gpu-3uwoq-6g3ya-1,ib_hw_counter,rdma_vf_rail2,rx_read_requests,7.83737e+06
2026-09-30T06:47:33.420Z,gpu-3uwoq-6g3ya-1,ib_hw_counter,rdma_vf_rail2,req_cqe_error,0
2026-09-30T06:47:33.420Z,gpu-3uwoq-6g3ya-1,ib_hw_counter,rdma_vf_rail2,resp_cqe_error,0
2026-09-30T06:47:33.420Z,gpu-3uwoq-6g3ya-1,ib_hw_counter,rdma_vf_rail2,implied_nak_seq_err,0
2026-09-30T06:47:33.420Z,gpu-3uwoq-6g3ya-1,ib_hw_counter,rdma_vf_rail2,duplicate_request,0
2026-09-30T06:47:33.420Z,gpu-3uwoq-6g3ya-1,ib_counter,rdma_vf_rail3,port_xmit_data,3.92004e+12
2026-09-30T06:47:33.420Z,gpu-3uwoq-6g3ya-1,ib_counter,rdma_vf_rail3,port_rcv_data,1.95127e+12
2026-09-30T06:47:33.420Z,gpu-3uwoq-6g3ya-1,ib_counter,rdma_vf_rail3,port_xmit_packets,1.05536e+09
2026-09-30T06:47:33.420Z,gpu-3uwoq-6g3ya-1,ib_counter,rdma_vf_rail3,port_rcv_packets,6.77124e+08
2026-09-30T06:47:33.420Z,gpu-3uwoq-6g3ya-1,ib_counter,rdma_vf_rail3,port_xmit_wait,0
2026-09-30T06:47:33.420Z,gpu-3uwoq-6g3ya-1,ib_counter,rdma_vf_rail3,port_rcv_errors,0
2026-09-30T06:47:33.420Z,gpu-3uwoq-6g3ya-1,ib_counter,rdma_vf_rail3,port_xmit_discards,0
2026-09-30T06:47:33.420Z,gpu-3uwoq-6g3ya-1,ib_counter,rdma_vf_rail3,link_downed,0
2026-09-30T06:47:33.420Z,gpu-3uwoq-6g3ya-1,ib_hw_counter,rdma_vf_rail3,out_of_sequence,1
2026-09-30T06:47:33.420Z,gpu-3uwoq-6g3ya-1,ib_hw_counter,rdma_vf_rail3,packet_seq_err,7
2026-09-30T06:47:33.420Z,gpu-3uwoq-6g3ya-1,ib_hw_counter,rdma_vf_rail3,local_ack_timeout_err,0
2026-09-30T06:47:33.420Z,gpu-3uwoq-6g3ya-1,ib_hw_counter,rdma_vf_rail3,rx_write_requests,4.42404e+08
2026-09-30T06:47:33.420Z,gpu-3uwoq-6g3ya-1,ib_hw_counter,rdma_vf_rail3,rx_read_requests,7.83737e+06
2026-09-30T06:47:33.420Z,gpu-3uwoq-6g3ya-1,ib_hw_counter,rdma_vf_rail3,req_cqe_error,0
2026-09-30T06:47:33.420Z,gpu-3uwoq-6g3ya-1,ib_hw_counter,rdma_vf_rail3,resp_cqe_error,0
2026-09-30T06:47:33.420Z,gpu-3uwoq-6g3ya-1,ib_hw_counter,rdma_vf_rail3,implied_nak_seq_err,0
2026-09-30T06:47:33.420Z,gpu-3uwoq-6g3ya-1,ib_hw_counter,rdma_vf_rail3,duplicate_request,0
2026-09-30T06:47:33.420Z,gpu-3uwoq-6g3ya-1,dcgm,gpu2,gpu_util,0
2026-09-30T06:47:33.420Z,gpu-3uwoq-6g3ya-1,dcgm,gpu3,gpu_util,0
2026-09-30T06:47:33.420Z,gpu-3uwoq-6g3ya-1,dcgm,gpu0,gpu_util,0
2026-09-30T06:47:33.420Z,gpu-3uwoq-6g3ya-1,dcgm,gpu1,gpu_util,0
2026-09-30T06:47:33.420Z,gpu-3uwoq-6g3ya-1,dcgm,gpu2,nvlink_bandwidth_total,0
2026-09-30T06:47:33.420Z,gpu-3uwoq-6g3ya-1,dcgm,gpu3,nvlink_bandwidth_total,0
2026-09-30T06:47:33.420Z,gpu-3uwoq-6g3ya-1,dcgm,gpu0,nvlink_bandwidth_total,0
2026-09-30T06:47:33.420Z,gpu-3uwoq-6g3ya-1,dcgm,gpu1,nvlink_bandwidth_total,0
2026-09-30T06:47:33.420Z,gpu-3uwoq-6g3ya-1,dcgm,gpu2,power_w,223.243
2026-09-30T06:47:33.420Z,gpu-3uwoq-6g3ya-1,dcgm,gpu3,power_w,227.099
2026-09-30T06:47:33.420Z,gpu-3uwoq-6g3ya-1,dcgm,gpu0,power_w,230.65
2026-09-30T06:47:33.420Z,gpu-3uwoq-6g3ya-1,dcgm,gpu1,power_w,228.565
2026-09-30T06:47:33.420Z,gpu-3uwoq-6g3ya-1,dcgm,gpu2,sm_clock_mhz,2070
2026-09-30T06:47:33.420Z,gpu-3uwoq-6g3ya-1,dcgm,gpu3,sm_clock_mhz,2070
2026-09-30T06:47:33.420Z,gpu-3uwoq-6g3ya-1,dcgm,gpu0,sm_clock_mhz,2070
2026-09-30T06:47:33.420Z,gpu-3uwoq-6g3ya-1,dcgm,gpu1,sm_clock_mhz,2070
2026-09-30T06:47:33.420Z,gpu-3uwoq-6g3ya-1,dcgm,gpu2,dram_active,0
2026-09-30T06:47:33.420Z,gpu-3uwoq-6g3ya-1,dcgm,gpu3,dram_active,0
2026-09-30T06:47:33.420Z,gpu-3uwoq-6g3ya-1,dcgm,gpu0,dram_active,0
2026-09-30T06:47:33.420Z,gpu-3uwoq-6g3ya-1,dcgm,gpu1,dram_active,0
2026-09-30T06:47:33.420Z,gpu-3uwoq-6g3ya-1,dcgm,gpu2,pcie_rx_bytes,100516
2026-09-30T06:47:33.420Z,gpu-3uwoq-6g3ya-1,dcgm,gpu3,pcie_rx_bytes,95879
2026-09-30T06:47:33.420Z,gpu-3uwoq-6g3ya-1,dcgm,gpu0,pcie_rx_bytes,99529
2026-09-30T06:47:33.420Z,gpu-3uwoq-6g3ya-1,dcgm,gpu1,pcie_rx_bytes,190359
2026-09-30T06:47:33.420Z,gpu-3uwoq-6g3ya-1,dcgm,gpu2,pcie_tx_bytes,94630
2026-09-30T06:47:33.420Z,gpu-3uwoq-6g3ya-1,dcgm,gpu3,pcie_tx_bytes,90026
2026-09-30T06:47:33.420Z,gpu-3uwoq-6g3ya-1,dcgm,gpu0,pcie_tx_bytes,93554
2026-09-30T06:47:33.420Z,gpu-3uwoq-6g3ya-1,dcgm,gpu1,pcie_tx_bytes,179832
2026-09-30T06:47:33.420Z,gpu-3uwoq-6g3ya-1,dcgm,gpu2,tensor_active,0
2026-09-30T06:47:33.420Z,gpu-3uwoq-6g3ya-1,dcgm,gpu3,tensor_active,0
2026-09-30T06:47:33.420Z,gpu-3uwoq-6g3ya-1,dcgm,gpu0,tensor_active,0
2026-09-30T06:47:33.420Z,gpu-3uwoq-6g3ya-1,dcgm,gpu1,tensor_active,0
2026-09-30T06:47:33.420Z,gpu-3uwoq-6g3ya-1,dcgm,gpu2,sm_active,0
2026-09-30T06:47:33.420Z,gpu-3uwoq-6g3ya-1,dcgm,gpu3,sm_active,0
2026-09-30T06:47:33.420Z,gpu-3uwoq-6g3ya-1,dcgm,gpu0,sm_active,0
2026-09-30T06:47:33.420Z,gpu-3uwoq-6g3ya-1,dcgm,gpu1,sm_active,0
2026-09-30T06:47:33.420Z,gpu-3uwoq-6g3ya-1,nvlink,gpu0,nvlink_rx_bytes,1.02469e+13
2026-09-30T06:47:33.420Z,gpu-3uwoq-6g3ya-1,nvlink,gpu0,nvlink_tx_bytes,1.02513e+13
2026-09-30T06:47:33.420Z,gpu-3uwoq-6g3ya-1,nvlink,gpu1,nvlink_rx_bytes,1.04013e+13
2026-09-30T06:47:33.420Z,gpu-3uwoq-6g3ya-1,nvlink,gpu1,nvlink_tx_bytes,1.04042e+13
2026-09-30T06:47:33.420Z,gpu-3uwoq-6g3ya-1,nvlink,gpu2,nvlink_rx_bytes,1.02695e+13
2026-09-30T06:47:33.420Z,gpu-3uwoq-6g3ya-1,nvlink,gpu2,nvlink_tx_bytes,1.02732e+13
2026-09-30T06:47:33.420Z,gpu-3uwoq-6g3ya-1,nvlink,gpu3,nvlink_rx_bytes,1.0219e+13
2026-09-30T06:47:33.420Z,gpu-3uwoq-6g3ya-1,nvlink,gpu3,nvlink_tx_bytes,1.0222e+13
2026-09-30T06:47:34.420Z,gpu-3uwoq-6g3ya-1,ib_counter,rdma_vf_rail0,port_xmit_data,4.05483e+12
2026-09-30T06:47:34.420Z,gpu-3uwoq-6g3ya-1,ib_counter,rdma_vf_rail0,port_rcv_data,2.0874e+12
2026-09-30T06:47:34.420Z,gpu-3uwoq-6g3ya-1,ib_counter,rdma_vf_rail0,port_xmit_packets,1.09532e+09
2026-09-30T06:47:34.420Z,gpu-3uwoq-6g3ya-1,ib_counter,rdma_vf_rail0,port_rcv_packets,7.30426e+08
2026-09-30T06:47:34.420Z,gpu-3uwoq-6g3ya-1,ib_counter,rdma_vf_rail0,port_xmit_wait,0
2026-09-30T06:47:34.420Z,gpu-3uwoq-6g3ya-1,ib_counter,rdma_vf_rail0,port_rcv_errors,0
2026-09-30T06:47:34.420Z,gpu-3uwoq-6g3ya-1,ib_counter,rdma_vf_rail0,port_xmit_discards,0
2026-09-30T06:47:34.420Z,gpu-3uwoq-6g3ya-1,ib_counter,rdma_vf_rail0,link_downed,0
2026-09-30T06:47:34.420Z,gpu-3uwoq-6g3ya-1,ib_hw_counter,rdma_vf_rail0,out_of_sequence,0
2026-09-30T06:47:34.420Z,gpu-3uwoq-6g3ya-1,ib_hw_counter,rdma_vf_rail0,packet_seq_err,8
2026-09-30T06:47:34.420Z,gpu-3uwoq-6g3ya-1,ib_hw_counter,rdma_vf_rail0,local_ack_timeout_err,0
2026-09-30T06:47:34.420Z,gpu-3uwoq-6g3ya-1,ib_hw_counter,rdma_vf_rail0,rx_write_requests,4.4443e+08
2026-09-30T06:47:34.420Z,gpu-3uwoq-6g3ya-1,ib_hw_counter,rdma_vf_rail0,rx_read_requests,8.84601e+06
2026-09-30T06:47:34.420Z,gpu-3uwoq-6g3ya-1,ib_hw_counter,rdma_vf_rail0,req_cqe_error,0
2026-09-30T06:47:34.420Z,gpu-3uwoq-6g3ya-1,ib_hw_counter,rdma_vf_rail0,resp_cqe_error,0
2026-09-30T06:47:34.420Z,gpu-3uwoq-6g3ya-1,ib_hw_counter,rdma_vf_rail0,implied_nak_seq_err,0
2026-09-30T06:47:34.420Z,gpu-3uwoq-6g3ya-1,ib_hw_counter,rdma_vf_rail0,duplicate_request,0
2026-09-30T06:47:34.420Z,gpu-3uwoq-6g3ya-1,ib_counter,rdma_vf_rail1,port_xmit_data,3.94729e+12
2026-09-30T06:47:34.420Z,gpu-3uwoq-6g3ya-1,ib_counter,rdma_vf_rail1,port_rcv_data,1.97928e+12
2026-09-30T06:47:34.420Z,gpu-3uwoq-6g3ya-1,ib_counter,rdma_vf_rail1,port_xmit_packets,1.06914e+09
2026-09-30T06:47:34.420Z,gpu-3uwoq-6g3ya-1,ib_counter,rdma_vf_rail1,port_rcv_packets,6.99348e+08
2026-09-30T06:47:34.420Z,gpu-3uwoq-6g3ya-1,ib_counter,rdma_vf_rail1,port_xmit_wait,0
2026-09-30T06:47:34.420Z,gpu-3uwoq-6g3ya-1,ib_counter,rdma_vf_rail1,port_rcv_errors,0
2026-09-30T06:47:34.420Z,gpu-3uwoq-6g3ya-1,ib_counter,rdma_vf_rail1,port_xmit_discards,0
2026-09-30T06:47:34.420Z,gpu-3uwoq-6g3ya-1,ib_counter,rdma_vf_rail1,link_downed,0
2026-09-30T06:47:34.420Z,gpu-3uwoq-6g3ya-1,ib_hw_counter,rdma_vf_rail1,out_of_sequence,0
2026-09-30T06:47:34.420Z,gpu-3uwoq-6g3ya-1,ib_hw_counter,rdma_vf_rail1,packet_seq_err,8
2026-09-30T06:47:34.420Z,gpu-3uwoq-6g3ya-1,ib_hw_counter,rdma_vf_rail1,local_ack_timeout_err,0
2026-09-30T06:47:34.420Z,gpu-3uwoq-6g3ya-1,ib_hw_counter,rdma_vf_rail1,rx_write_requests,4.42831e+08
2026-09-30T06:47:34.420Z,gpu-3uwoq-6g3ya-1,ib_hw_counter,rdma_vf_rail1,rx_read_requests,8.04499e+06
2026-09-30T06:47:34.420Z,gpu-3uwoq-6g3ya-1,ib_hw_counter,rdma_vf_rail1,req_cqe_error,0
2026-09-30T06:47:34.420Z,gpu-3uwoq-6g3ya-1,ib_hw_counter,rdma_vf_rail1,resp_cqe_error,0
2026-09-30T06:47:34.420Z,gpu-3uwoq-6g3ya-1,ib_hw_counter,rdma_vf_rail1,implied_nak_seq_err,0
2026-09-30T06:47:34.420Z,gpu-3uwoq-6g3ya-1,ib_hw_counter,rdma_vf_rail1,duplicate_request,0
2026-09-30T06:47:34.420Z,gpu-3uwoq-6g3ya-1,ib_counter,rdma_vf_rail2,port_xmit_data,3.91979e+12
2026-09-30T06:47:34.420Z,gpu-3uwoq-6g3ya-1,ib_counter,rdma_vf_rail2,port_rcv_data,1.9515e+12
2026-09-30T06:47:34.420Z,gpu-3uwoq-6g3ya-1,ib_counter,rdma_vf_rail2,port_xmit_packets,1.05458e+09
2026-09-30T06:47:34.420Z,gpu-3uwoq-6g3ya-1,ib_counter,rdma_vf_rail2,port_rcv_packets,6.80299e+08
2026-09-30T06:47:34.420Z,gpu-3uwoq-6g3ya-1,ib_counter,rdma_vf_rail2,port_xmit_wait,0
2026-09-30T06:47:34.420Z,gpu-3uwoq-6g3ya-1,ib_counter,rdma_vf_rail2,port_rcv_errors,0
2026-09-30T06:47:34.420Z,gpu-3uwoq-6g3ya-1,ib_counter,rdma_vf_rail2,port_xmit_discards,0
2026-09-30T06:47:34.420Z,gpu-3uwoq-6g3ya-1,ib_counter,rdma_vf_rail2,link_downed,0
2026-09-30T06:47:34.420Z,gpu-3uwoq-6g3ya-1,ib_hw_counter,rdma_vf_rail2,out_of_sequence,0
2026-09-30T06:47:34.420Z,gpu-3uwoq-6g3ya-1,ib_hw_counter,rdma_vf_rail2,packet_seq_err,7
2026-09-30T06:47:34.420Z,gpu-3uwoq-6g3ya-1,ib_hw_counter,rdma_vf_rail2,local_ack_timeout_err,0
2026-09-30T06:47:34.420Z,gpu-3uwoq-6g3ya-1,ib_hw_counter,rdma_vf_rail2,rx_write_requests,4.42404e+08
2026-09-30T06:47:34.420Z,gpu-3uwoq-6g3ya-1,ib_hw_counter,rdma_vf_rail2,rx_read_requests,7.83737e+06
2026-09-30T06:47:34.420Z,gpu-3uwoq-6g3ya-1,ib_hw_counter,rdma_vf_rail2,req_cqe_error,0
2026-09-30T06:47:34.420Z,gpu-3uwoq-6g3ya-1,ib_hw_counter,rdma_vf_rail2,resp_cqe_error,0
2026-09-30T06:47:34.420Z,gpu-3uwoq-6g3ya-1,ib_hw_counter,rdma_vf_rail2,implied_nak_seq_err,0
2026-09-30T06:47:34.420Z,gpu-3uwoq-6g3ya-1,ib_hw_counter,rdma_vf_rail2,duplicate_request,0
2026-09-30T06:47:34.420Z,gpu-3uwoq-6g3ya-1,ib_counter,rdma_vf_rail3,port_xmit_data,3.92004e+12
2026-09-30T06:47:34.420Z,gpu-3uwoq-6g3ya-1,ib_counter,rdma_vf_rail3,port_rcv_data,1.95127e+12
2026-09-30T06:47:34.420Z,gpu-3uwoq-6g3ya-1,ib_counter,rdma_vf_rail3,port_xmit_packets,1.05536e+09
2026-09-30T06:47:34.420Z,gpu-3uwoq-6g3ya-1,ib_counter,rdma_vf_rail3,port_rcv_packets,6.77124e+08
2026-09-30T06:47:34.420Z,gpu-3uwoq-6g3ya-1,ib_counter,rdma_vf_rail3,port_xmit_wait,0
2026-09-30T06:47:34.420Z,gpu-3uwoq-6g3ya-1,ib_counter,rdma_vf_rail3,port_rcv_errors,0
2026-09-30T06:47:34.420Z,gpu-3uwoq-6g3ya-1,ib_counter,rdma_vf_rail3,port_xmit_discards,0
2026-09-30T06:47:34.420Z,gpu-3uwoq-6g3ya-1,ib_counter,rdma_vf_rail3,link_downed,0
2026-09-30T06:47:34.420Z,gpu-3uwoq-6g3ya-1,ib_hw_counter,rdma_vf_rail3,out_of_sequence,1
2026-09-30T06:47:34.420Z,gpu-3uwoq-6g3ya-1,ib_hw_counter,rdma_vf_rail3,packet_seq_err,7
2026-09-30T06:47:34.420Z,gpu-3uwoq-6g3ya-1,ib_hw_counter,rdma_vf_rail3,local_ack_timeout_err,0
2026-09-30T06:47:34.420Z,gpu-3uwoq-6g3ya-1,ib_hw_counter,rdma_vf_rail3,rx_write_requests,4.42404e+08
2026-09-30T06:47:34.420Z,gpu-3uwoq-6g3ya-1,ib_hw_counter,rdma_vf_rail3,rx_read_requests,7.83737e+06
2026-09-30T06:47:34.420Z,gpu-3uwoq-6g3ya-1,ib_hw_counter,rdma_vf_rail3,req_cqe_error,0
2026-09-30T06:47:34.420Z,gpu-3uwoq-6g3ya-1,ib_hw_counter,rdma_vf_rail3,resp_cqe_error,0
2026-09-30T06:47:34.420Z,gpu-3uwoq-6g3ya-1,ib_hw_counter,rdma_vf_rail3,implied_nak_seq_err,0
2026-09-30T06:47:34.420Z,gpu-3uwoq-6g3ya-1,ib_hw_counter,rdma_vf_rail3,duplicate_request,0
2026-09-30T06:47:34.420Z,gpu-3uwoq-6g3ya-1,dcgm,gpu2,gpu_util,0
2026-09-30T06:47:34.420Z,gpu-3uwoq-6g3ya-1,dcgm,gpu3,gpu_util,0
2026-09-30T06:47:34.420Z,gpu-3uwoq-6g3ya-1,dcgm,gpu0,gpu_util,0
2026-09-30T06:47:34.420Z,gpu-3uwoq-6g3ya-1,dcgm,gpu1,gpu_util,0
2026-09-30T06:47:34.420Z,gpu-3uwoq-6g3ya-1,dcgm,gpu2,nvlink_bandwidth_total,0
2026-09-30T06:47:34.420Z,gpu-3uwoq-6g3ya-1,dcgm,gpu3,nvlink_bandwidth_total,0
2026-09-30T06:47:34.420Z,gpu-3uwoq-6g3ya-1,dcgm,gpu0,nvlink_bandwidth_total,0
2026-09-30T06:47:34.420Z,gpu-3uwoq-6g3ya-1,dcgm,gpu1,nvlink_bandwidth_total,0
2026-09-30T06:47:34.420Z,gpu-3uwoq-6g3ya-1,dcgm,gpu2,power_w,223.243
2026-09-30T06:47:34.420Z,gpu-3uwoq-6g3ya-1,dcgm,gpu3,power_w,227.099
2026-09-30T06:47:34.420Z,gpu-3uwoq-6g3ya-1,dcgm,gpu0,power_w,230.65
2026-09-30T06:47:34.420Z,gpu-3uwoq-6g3ya-1,dcgm,gpu1,power_w,228.565
2026-09-30T06:47:34.420Z,gpu-3uwoq-6g3ya-1,dcgm,gpu2,sm_clock_mhz,2070
2026-09-30T06:47:34.420Z,gpu-3uwoq-6g3ya-1,dcgm,gpu3,sm_clock_mhz,2070
2026-09-30T06:47:34.420Z,gpu-3uwoq-6g3ya-1,dcgm,gpu0,sm_clock_mhz,2070
2026-09-30T06:47:34.420Z,gpu-3uwoq-6g3ya-1,dcgm,gpu1,sm_clock_mhz,2070
2026-09-30T06:47:34.420Z,gpu-3uwoq-6g3ya-1,dcgm,gpu2,dram_active,0
2026-09-30T06:47:34.420Z,gpu-3uwoq-6g3ya-1,dcgm,gpu3,dram_active,0
2026-09-30T06:47:34.420Z,gpu-3uwoq-6g3ya-1,dcgm,gpu0,dram_active,0
2026-09-30T06:47:34.420Z,gpu-3uwoq-6g3ya-1,dcgm,gpu1,dram_active,0
2026-09-30T06:47:34.420Z,gpu-3uwoq-6g3ya-1,dcgm,gpu2,pcie_rx_bytes,100516
2026-09-30T06:47:34.420Z,gpu-3uwoq-6g3ya-1,dcgm,gpu3,pcie_rx_bytes,95879
2026-09-30T06:47:34.420Z,gpu-3uwoq-6g3ya-1,dcgm,gpu0,pcie_rx_bytes,99529
2026-09-30T06:47:34.420Z,gpu-3uwoq-6g3ya-1,dcgm,gpu1,pcie_rx_bytes,190359
2026-09-30T06:47:34.420Z,gpu-3uwoq-6g3ya-1,dcgm,gpu2,pcie_tx_bytes,94630
2026-09-30T06:47:34.420Z,gpu-3uwoq-6g3ya-1,dcgm,gpu3,pcie_tx_bytes,90026
2026-09-30T06:47:34.420Z,gpu-3uwoq-6g3ya-1,dcgm,gpu0,pcie_tx_bytes,93554
2026-09-30T06:47:34.420Z,gpu-3uwoq-6g3ya-1,dcgm,gpu1,pcie_tx_bytes,179832
2026-09-30T06:47:34.420Z,gpu-3uwoq-6g3ya-1,dcgm,gpu2,tensor_active,0
2026-09-30T06:47:34.420Z,gpu-3uwoq-6g3ya-1,dcgm,gpu3,tensor_active,0
2026-09-30T06:47:34.420Z,gpu-3uwoq-6g3ya-1,dcgm,gpu0,tensor_active,0
2026-09-30T06:47:34.420Z,gpu-3uwoq-6g3ya-1,dcgm,gpu1,tensor_active,0
2026-09-30T06:47:34.420Z,gpu-3uwoq-6g3ya-1,dcgm,gpu2,sm_active,0
2026-09-30T06:47:34.420Z,gpu-3uwoq-6g3ya-1,dcgm,gpu3,sm_active,0
2026-09-30T06:47:34.420Z,gpu-3uwoq-6g3ya-1,dcgm,gpu0,sm_active,0
2026-09-30T06:47:34.420Z,gpu-3uwoq-6g3ya-1,dcgm,gpu1,sm_active,0
2026-09-30T06:47:34.420Z,gpu-3uwoq-6g3ya-1,nvlink,gpu0,nvlink_rx_bytes,1.02469e+13
2026-09-30T06:47:34.420Z,gpu-3uwoq-6g3ya-1,nvlink,gpu0,nvlink_tx_bytes,1.02513e+13
2026-09-30T06:47:34.420Z,gpu-3uwoq-6g3ya-1,nvlink,gpu1,nvlink_rx_bytes,1.04013e+13
2026-09-30T06:47:34.420Z,gpu-3uwoq-6g3ya-1,nvlink,gpu1,nvlink_tx_bytes,1.04042e+13
2026-09-30T06:47:34.420Z,gpu-3uwoq-6g3ya-1,nvlink,gpu2,nvlink_rx_bytes,1.02695e+13
2026-09-30T06:47:34.420Z,gpu-3uwoq-6g3ya-1,nvlink,gpu2,nvlink_tx_bytes,1.02732e+13
2026-09-30T06:47:34.420Z,gpu-3uwoq-6g3ya-1,nvlink,gpu3,nvlink_rx_bytes,1.0219e+13
2026-09-30T06:47:34.420Z,gpu-3uwoq-6g3ya-1,nvlink,gpu3,nvlink_tx_bytes,1.0222e+13
2026-09-30T06:47:35.420Z,gpu-3uwoq-6g3ya-1,ib_counter,rdma_vf_rail0,port_xmit_data,4.05483e+12
2026-09-30T06:47:35.420Z,gpu-3uwoq-6g3ya-1,ib_counter,rdma_vf_rail0,port_rcv_data,2.0874e+12
2026-09-30T06:47:35.420Z,gpu-3uwoq-6g3ya-1,ib_counter,rdma_vf_rail0,port_xmit_packets,1.09532e+09
2026-09-30T06:47:35.420Z,gpu-3uwoq-6g3ya-1,ib_counter,rdma_vf_rail0,port_rcv_packets,7.30426e+08
2026-09-30T06:47:35.420Z,gpu-3uwoq-6g3ya-1,ib_counter,rdma_vf_rail0,port_xmit_wait,0
2026-09-30T06:47:35.420Z,gpu-3uwoq-6g3ya-1,ib_counter,rdma_vf_rail0,port_rcv_errors,0
2026-09-30T06:47:35.420Z,gpu-3uwoq-6g3ya-1,ib_counter,rdma_vf_rail0,port_xmit_discards,0
2026-09-30T06:47:35.420Z,gpu-3uwoq-6g3ya-1,ib_counter,rdma_vf_rail0,link_downed,0
2026-09-30T06:47:35.420Z,gpu-3uwoq-6g3ya-1,ib_hw_counter,rdma_vf_rail0,out_of_sequence,0
2026-09-30T06:47:35.420Z,gpu-3uwoq-6g3ya-1,ib_hw_counter,rdma_vf_rail0,packet_seq_err,8
2026-09-30T06:47:35.420Z,gpu-3uwoq-6g3ya-1,ib_hw_counter,rdma_vf_rail0,local_ack_timeout_err,0
2026-09-30T06:47:35.420Z,gpu-3uwoq-6g3ya-1,ib_hw_counter,rdma_vf_rail0,rx_write_requests,4.4443e+08
2026-09-30T06:47:35.420Z,gpu-3uwoq-6g3ya-1,ib_hw_counter,rdma_vf_rail0,rx_read_requests,8.84601e+06
2026-09-30T06:47:35.420Z,gpu-3uwoq-6g3ya-1,ib_hw_counter,rdma_vf_rail0,req_cqe_error,0
2026-09-30T06:47:35.420Z,gpu-3uwoq-6g3ya-1,ib_hw_counter,rdma_vf_rail0,resp_cqe_error,0
2026-09-30T06:47:35.420Z,gpu-3uwoq-6g3ya-1,ib_hw_counter,rdma_vf_rail0,implied_nak_seq_err,0
2026-09-30T06:47:35.420Z,gpu-3uwoq-6g3ya-1,ib_hw_counter,rdma_vf_rail0,duplicate_request,0
2026-09-30T06:47:35.420Z,gpu-3uwoq-6g3ya-1,ib_counter,rdma_vf_rail1,port_xmit_data,3.94729e+12
2026-09-30T06:47:35.420Z,gpu-3uwoq-6g3ya-1,ib_counter,rdma_vf_rail1,port_rcv_data,1.97928e+12
2026-09-30T06:47:35.420Z,gpu-3uwoq-6g3ya-1,ib_counter,rdma_vf_rail1,port_xmit_packets,1.06914e+09
2026-09-30T06:47:35.420Z,gpu-3uwoq-6g3ya-1,ib_counter,rdma_vf_rail1,port_rcv_packets,6.99348e+08
2026-09-30T06:47:35.420Z,gpu-3uwoq-6g3ya-1,ib_counter,rdma_vf_rail1,port_xmit_wait,0
2026-09-30T06:47:35.420Z,gpu-3uwoq-6g3ya-1,ib_counter,rdma_vf_rail1,port_rcv_errors,0
2026-09-30T06:47:35.420Z,gpu-3uwoq-6g3ya-1,ib_counter,rdma_vf_rail1,port_xmit_discards,0
2026-09-30T06:47:35.420Z,gpu-3uwoq-6g3ya-1,ib_counter,rdma_vf_rail1,link_downed,0
2026-09-30T06:47:35.420Z,gpu-3uwoq-6g3ya-1,ib_hw_counter,rdma_vf_rail1,out_of_sequence,0
2026-09-30T06:47:35.420Z,gpu-3uwoq-6g3ya-1,ib_hw_counter,rdma_vf_rail1,packet_seq_err,8
2026-09-30T06:47:35.420Z,gpu-3uwoq-6g3ya-1,ib_hw_counter,rdma_vf_rail1,local_ack_timeout_err,0
2026-09-30T06:47:35.420Z,gpu-3uwoq-6g3ya-1,ib_hw_counter,rdma_vf_rail1,rx_write_requests,4.42831e+08
2026-09-30T06:47:35.420Z,gpu-3uwoq-6g3ya-1,ib_hw_counter,rdma_vf_rail1,rx_read_requests,8.04499e+06
2026-09-30T06:47:35.420Z,gpu-3uwoq-6g3ya-1,ib_hw_counter,rdma_vf_rail1,req_cqe_error,0
2026-09-30T06:47:35.420Z,gpu-3uwoq-6g3ya-1,ib_hw_counter,rdma_vf_rail1,resp_cqe_error,0
2026-09-30T06:47:35.420Z,gpu-3uwoq-6g3ya-1,ib_hw_counter,rdma_vf_rail1,implied_nak_seq_err,0
2026-09-30T06:47:35.420Z,gpu-3uwoq-6g3ya-1,ib_hw_counter,rdma_vf_rail1,duplicate_request,0
2026-09-30T06:47:35.420Z,gpu-3uwoq-6g3ya-1,ib_counter,rdma_vf_rail2,port_xmit_data,3.91979e+12
2026-09-30T06:47:35.420Z,gpu-3uwoq-6g3ya-1,ib_counter,rdma_vf_rail2,port_rcv_data,1.9515e+12
2026-09-30T06:47:35.420Z,gpu-3uwoq-6g3ya-1,ib_counter,rdma_vf_rail2,port_xmit_packets,1.05458e+09
2026-09-30T06:47:35.420Z,gpu-3uwoq-6g3ya-1,ib_counter,rdma_vf_rail2,port_rcv_packets,6.80299e+08
2026-09-30T06:47:35.420Z,gpu-3uwoq-6g3ya-1,ib_counter,rdma_vf_rail2,port_xmit_wait,0
2026-09-30T06:47:35.420Z,gpu-3uwoq-6g3ya-1,ib_counter,rdma_vf_rail2,port_rcv_errors,0
2026-09-30T06:47:35.420Z,gpu-3uwoq-6g3ya-1,ib_counter,rdma_vf_rail2,port_xmit_discards,0
2026-09-30T06:47:35.420Z,gpu-3uwoq-6g3ya-1,ib_counter,rdma_vf_rail2,link_downed,0
2026-09-30T06:47:35.420Z,gpu-3uwoq-6g3ya-1,ib_hw_counter,rdma_vf_rail2,out_of_sequence,0
2026-09-30T06:47:35.420Z,gpu-3uwoq-6g3ya-1,ib_hw_counter,rdma_vf_rail2,packet_seq_err,7
2026-09-30T06:47:35.420Z,gpu-3uwoq-6g3ya-1,ib_hw_counter,rdma_vf_rail2,local_ack_timeout_err,0
2026-09-30T06:47:35.420Z,gpu-3uwoq-6g3ya-1,ib_hw_counter,rdma_vf_rail2,rx_write_requests,4.42404e+08
2026-09-30T06:47:35.420Z,gpu-3uwoq-6g3ya-1,ib_hw_counter,rdma_vf_rail2,rx_read_requests,7.83737e+06
2026-09-30T06:47:35.420Z,gpu-3uwoq-6g3ya-1,ib_hw_counter,rdma_vf_rail2,req_cqe_error,0
2026-09-30T06:47:35.420Z,gpu-3uwoq-6g3ya-1,ib_hw_counter,rdma_vf_rail2,resp_cqe_error,0
2026-09-30T06:47:35.420Z,gpu-3uwoq-6g3ya-1,ib_hw_counter,rdma_vf_rail2,implied_nak_seq_err,0
2026-09-30T06:47:35.420Z,gpu-3uwoq-6g3ya-1,ib_hw_counter,rdma_vf_rail2,duplicate_request,0
2026-09-30T06:47:35.420Z,gpu-3uwoq-6g3ya-1,ib_counter,rdma_vf_rail3,port_xmit_data,3.92004e+12
2026-09-30T06:47:35.420Z,gpu-3uwoq-6g3ya-1,ib_counter,rdma_vf_rail3,port_rcv_data,1.95127e+12
2026-09-30T06:47:35.420Z,gpu-3uwoq-6g3ya-1,ib_counter,rdma_vf_rail3,port_xmit_packets,1.05536e+09
2026-09-30T06:47:35.420Z,gpu-3uwoq-6g3ya-1,ib_counter,rdma_vf_rail3,port_rcv_packets,6.77124e+08
2026-09-30T06:47:35.420Z,gpu-3uwoq-6g3ya-1,ib_counter,rdma_vf_rail3,port_xmit_wait,0
2026-09-30T06:47:35.420Z,gpu-3uwoq-6g3ya-1,ib_counter,rdma_vf_rail3,port_rcv_errors,0
2026-09-30T06:47:35.420Z,gpu-3uwoq-6g3ya-1,ib_counter,rdma_vf_rail3,port_xmit_discards,0
2026-09-30T06:47:35.420Z,gpu-3uwoq-6g3ya-1,ib_counter,rdma_vf_rail3,link_downed,0
2026-09-30T06:47:35.420Z,gpu-3uwoq-6g3ya-1,ib_hw_counter,rdma_vf_rail3,out_of_sequence,1
2026-09-30T06:47:35.420Z,gpu-3uwoq-6g3ya-1,ib_hw_counter,rdma_vf_rail3,packet_seq_err,7
2026-09-30T06:47:35.420Z,gpu-3uwoq-6g3ya-1,ib_hw_counter,rdma_vf_rail3,local_ack_timeout_err,0
2026-09-30T06:47:35.420Z,gpu-3uwoq-6g3ya-1,ib_hw_counter,rdma_vf_rail3,rx_write_requests,4.42404e+08
2026-09-30T06:47:35.420Z,gpu-3uwoq-6g3ya-1,ib_hw_counter,rdma_vf_rail3,rx_read_requests,7.83737e+06
2026-09-30T06:47:35.420Z,gpu-3uwoq-6g3ya-1,ib_hw_counter,rdma_vf_rail3,req_cqe_error,0
2026-09-30T06:47:35.420Z,gpu-3uwoq-6g3ya-1,ib_hw_counter,rdma_vf_rail3,resp_cqe_error,0
2026-09-30T06:47:35.420Z,gpu-3uwoq-6g3ya-1,ib_hw_counter,rdma_vf_rail3,implied_nak_seq_err,0
2026-09-30T06:47:35.420Z,gpu-3uwoq-6g3ya-1,ib_hw_counter,rdma_vf_rail3,duplicate_request,0
2026-09-30T06:47:35.420Z,gpu-3uwoq-6g3ya-1,dcgm,gpu2,gpu_util,0
2026-09-30T06:47:35.420Z,gpu-3uwoq-6g3ya-1,dcgm,gpu3,gpu_util,0
2026-09-30T06:47:35.420Z,gpu-3uwoq-6g3ya-1,dcgm,gpu0,gpu_util,0
2026-09-30T06:47:35.420Z,gpu-3uwoq-6g3ya-1,dcgm,gpu1,gpu_util,0
2026-09-30T06:47:35.420Z,gpu-3uwoq-6g3ya-1,dcgm,gpu2,nvlink_bandwidth_total,0
2026-09-30T06:47:35.420Z,gpu-3uwoq-6g3ya-1,dcgm,gpu3,nvlink_bandwidth_total,0
2026-09-30T06:47:35.420Z,gpu-3uwoq-6g3ya-1,dcgm,gpu0,nvlink_bandwidth_total,0
2026-09-30T06:47:35.420Z,gpu-3uwoq-6g3ya-1,dcgm,gpu1,nvlink_bandwidth_total,0
2026-09-30T06:47:35.420Z,gpu-3uwoq-6g3ya-1,dcgm,gpu2,power_w,223.243
2026-09-30T06:47:35.420Z,gpu-3uwoq-6g3ya-1,dcgm,gpu3,power_w,227.099
2026-09-30T06:47:35.420Z,gpu-3uwoq-6g3ya-1,dcgm,gpu0,power_w,230.65
2026-09-30T06:47:35.420Z,gpu-3uwoq-6g3ya-1,dcgm,gpu1,power_w,228.565
2026-09-30T06:47:35.420Z,gpu-3uwoq-6g3ya-1,dcgm,gpu2,sm_clock_mhz,2070
2026-09-30T06:47:35.420Z,gpu-3uwoq-6g3ya-1,dcgm,gpu3,sm_clock_mhz,2070
2026-09-30T06:47:35.420Z,gpu-3uwoq-6g3ya-1,dcgm,gpu0,sm_clock_mhz,2070
2026-09-30T06:47:35.420Z,gpu-3uwoq-6g3ya-1,dcgm,gpu1,sm_clock_mhz,2070
2026-09-30T06:47:35.420Z,gpu-3uwoq-6g3ya-1,dcgm,gpu2,dram_active,0
2026-09-30T06:47:35.420Z,gpu-3uwoq-6g3ya-1,dcgm,gpu3,dram_active,0
2026-09-30T06:47:35.420Z,gpu-3uwoq-6g3ya-1,dcgm,gpu0,dram_active,0
2026-09-30T06:47:35.420Z,gpu-3uwoq-6g3ya-1,dcgm,gpu1,dram_active,0
2026-09-30T06:47:35.420Z,gpu-3uwoq-6g3ya-1,dcgm,gpu2,pcie_rx_bytes,100516
2026-09-30T06:47:35.420Z,gpu-3uwoq-6g3ya-1,dcgm,gpu3,pcie_rx_bytes,95879
2026-09-30T06:47:35.420Z,gpu-3uwoq-6g3ya-1,dcgm,gpu0,pcie_rx_bytes,99529
2026-09-30T06:47:35.420Z,gpu-3uwoq-6g3ya-1,dcgm,gpu1,pcie_rx_bytes,190359
2026-09-30T06:47:35.420Z,gpu-3uwoq-6g3ya-1,dcgm,gpu2,pcie_tx_bytes,94630
2026-09-30T06:47:35.420Z,gpu-3uwoq-6g3ya-1,dcgm,gpu3,pcie_tx_bytes,90026
2026-09-30T06:47:35.420Z,gpu-3uwoq-6g3ya-1,dcgm,gpu0,pcie_tx_bytes,93554
2026-09-30T06:47:35.420Z,gpu-3uwoq-6g3ya-1,dcgm,gpu1,pcie_tx_bytes,179832
2026-09-30T06:47:35.420Z,gpu-3uwoq-6g3ya-1,dcgm,gpu2,tensor_active,0
2026-09-30T06:47:35.420Z,gpu-3uwoq-6g3ya-1,dcgm,gpu3,tensor_active,0
2026-09-30T06:47:35.420Z,gpu-3uwoq-6g3ya-1,dcgm,gpu0,tensor_active,0
2026-09-30T06:47:35.420Z,gpu-3uwoq-6g3ya-1,dcgm,gpu1,tensor_active,0
2026-09-30T06:47:35.420Z,gpu-3uwoq-6g3ya-1,dcgm,gpu2,sm_active,0
2026-09-30T06:47:35.420Z,gpu-3uwoq-6g3ya-1,dcgm,gpu3,sm_active,0
2026-09-30T06:47:35.420Z,gpu-3uwoq-6g3ya-1,dcgm,gpu0,sm_active,0
2026-09-30T06:47:35.420Z,gpu-3uwoq-6g3ya-1,dcgm,gpu1,sm_active,0
2026-09-30T06:47:35.420Z,gpu-3uwoq-6g3ya-1,nvlink,gpu0,nvlink_rx_bytes,1.02469e+13
2026-09-30T06:47:35.420Z,gpu-3uwoq-6g3ya-1,nvlink,gpu0,nvlink_tx_bytes,1.02513e+13
2026-09-30T06:47:35.420Z,gpu-3uwoq-6g3ya-1,nvlink,gpu1,nvlink_rx_bytes,1.04013e+13
2026-09-30T06:47:35.420Z,gpu-3uwoq-6g3ya-1,nvlink,gpu1,nvlink_tx_bytes,1.04042e+13
2026-09-30T06:47:35.420Z,gpu-3uwoq-6g3ya-1,nvlink,gpu2,nvlink_rx_bytes,1.02695e+13
2026-09-30T06:47:35.420Z,gpu-3uwoq-6g3ya-1,nvlink,gpu2,nvlink_tx_bytes,1.02732e+13
2026-09-30T06:47:35.420Z,gpu-3uwoq-6g3ya-1,nvlink,gpu3,nvlink_rx_bytes,1.0219e+13
2026-09-30T06:47:35.420Z,gpu-3uwoq-6g3ya-1,nvlink,gpu3,nvlink_tx_bytes,1.0222e+13
2026-09-30T06:47:36.420Z,gpu-3uwoq-6g3ya-1,ib_counter,rdma_vf_rail0,port_xmit_data,4.06776e+12
2026-09-30T06:47:36.420Z,gpu-3uwoq-6g3ya-1,ib_counter,rdma_vf_rail0,port_rcv_data,2.10036e+12
2026-09-30T06:47:36.420Z,gpu-3uwoq-6g3ya-1,ib_counter,rdma_vf_rail0,port_xmit_packets,1.0991e+09
2026-09-30T06:47:36.420Z,gpu-3uwoq-6g3ya-1,ib_counter,rdma_vf_rail0,port_rcv_packets,7.34514e+08
2026-09-30T06:47:36.420Z,gpu-3uwoq-6g3ya-1,ib_counter,rdma_vf_rail0,port_xmit_wait,0
2026-09-30T06:47:36.420Z,gpu-3uwoq-6g3ya-1,ib_counter,rdma_vf_rail0,port_rcv_errors,0
2026-09-30T06:47:36.420Z,gpu-3uwoq-6g3ya-1,ib_counter,rdma_vf_rail0,port_xmit_discards,0
2026-09-30T06:47:36.420Z,gpu-3uwoq-6g3ya-1,ib_counter,rdma_vf_rail0,link_downed,0
2026-09-30T06:47:36.420Z,gpu-3uwoq-6g3ya-1,ib_hw_counter,rdma_vf_rail0,out_of_sequence,0
2026-09-30T06:47:36.420Z,gpu-3uwoq-6g3ya-1,ib_hw_counter,rdma_vf_rail0,packet_seq_err,8
2026-09-30T06:47:36.420Z,gpu-3uwoq-6g3ya-1,ib_hw_counter,rdma_vf_rail0,local_ack_timeout_err,0
2026-09-30T06:47:36.420Z,gpu-3uwoq-6g3ya-1,ib_hw_counter,rdma_vf_rail0,rx_write_requests,4.44718e+08
2026-09-30T06:47:36.420Z,gpu-3uwoq-6g3ya-1,ib_hw_counter,rdma_vf_rail0,rx_read_requests,8.94226e+06
2026-09-30T06:47:36.420Z,gpu-3uwoq-6g3ya-1,ib_hw_counter,rdma_vf_rail0,req_cqe_error,0
2026-09-30T06:47:36.420Z,gpu-3uwoq-6g3ya-1,ib_hw_counter,rdma_vf_rail0,resp_cqe_error,0
2026-09-30T06:47:36.420Z,gpu-3uwoq-6g3ya-1,ib_hw_counter,rdma_vf_rail0,implied_nak_seq_err,0
2026-09-30T06:47:36.420Z,gpu-3uwoq-6g3ya-1,ib_hw_counter,rdma_vf_rail0,duplicate_request,0
2026-09-30T06:47:36.420Z,gpu-3uwoq-6g3ya-1,ib_counter,rdma_vf_rail1,port_xmit_data,3.96023e+12
2026-09-30T06:47:36.420Z,gpu-3uwoq-6g3ya-1,ib_counter,rdma_vf_rail1,port_rcv_data,1.99224e+12
2026-09-30T06:47:36.420Z,gpu-3uwoq-6g3ya-1,ib_counter,rdma_vf_rail1,port_xmit_packets,1.07291e+09
2026-09-30T06:47:36.420Z,gpu-3uwoq-6g3ya-1,ib_counter,rdma_vf_rail1,port_rcv_packets,7.03437e+08
2026-09-30T06:47:36.420Z,gpu-3uwoq-6g3ya-1,ib_counter,rdma_vf_rail1,port_xmit_wait,0
2026-09-30T06:47:36.420Z,gpu-3uwoq-6g3ya-1,ib_counter,rdma_vf_rail1,port_rcv_errors,0
2026-09-30T06:47:36.420Z,gpu-3uwoq-6g3ya-1,ib_counter,rdma_vf_rail1,port_xmit_discards,0
2026-09-30T06:47:36.420Z,gpu-3uwoq-6g3ya-1,ib_counter,rdma_vf_rail1,link_downed,0
2026-09-30T06:47:36.420Z,gpu-3uwoq-6g3ya-1,ib_hw_counter,rdma_vf_rail1,out_of_sequence,0
2026-09-30T06:47:36.420Z,gpu-3uwoq-6g3ya-1,ib_hw_counter,rdma_vf_rail1,packet_seq_err,8
2026-09-30T06:47:36.420Z,gpu-3uwoq-6g3ya-1,ib_hw_counter,rdma_vf_rail1,local_ack_timeout_err,0
2026-09-30T06:47:36.420Z,gpu-3uwoq-6g3ya-1,ib_hw_counter,rdma_vf_rail1,rx_write_requests,4.4312e+08
2026-09-30T06:47:36.420Z,gpu-3uwoq-6g3ya-1,ib_hw_counter,rdma_vf_rail1,rx_read_requests,8.14125e+06
2026-09-30T06:47:36.420Z,gpu-3uwoq-6g3ya-1,ib_hw_counter,rdma_vf_rail1,req_cqe_error,0
2026-09-30T06:47:36.420Z,gpu-3uwoq-6g3ya-1,ib_hw_counter,rdma_vf_rail1,resp_cqe_error,0
2026-09-30T06:47:36.420Z,gpu-3uwoq-6g3ya-1,ib_hw_counter,rdma_vf_rail1,implied_nak_seq_err,0
2026-09-30T06:47:36.420Z,gpu-3uwoq-6g3ya-1,ib_hw_counter,rdma_vf_rail1,duplicate_request,0
2026-09-30T06:47:36.420Z,gpu-3uwoq-6g3ya-1,ib_counter,rdma_vf_rail2,port_xmit_data,3.93272e+12
2026-09-30T06:47:36.420Z,gpu-3uwoq-6g3ya-1,ib_counter,rdma_vf_rail2,port_rcv_data,1.96447e+12
2026-09-30T06:47:36.420Z,gpu-3uwoq-6g3ya-1,ib_counter,rdma_vf_rail2,port_xmit_packets,1.05836e+09
2026-09-30T06:47:36.420Z,gpu-3uwoq-6g3ya-1,ib_counter,rdma_vf_rail2,port_rcv_packets,6.8439e+08
2026-09-30T06:47:36.420Z,gpu-3uwoq-6g3ya-1,ib_counter,rdma_vf_rail2,port_xmit_wait,0
2026-09-30T06:47:36.420Z,gpu-3uwoq-6g3ya-1,ib_counter,rdma_vf_rail2,port_rcv_errors,0
2026-09-30T06:47:36.420Z,gpu-3uwoq-6g3ya-1,ib_counter,rdma_vf_rail2,port_xmit_discards,0
2026-09-30T06:47:36.420Z,gpu-3uwoq-6g3ya-1,ib_counter,rdma_vf_rail2,link_downed,0
2026-09-30T06:47:36.420Z,gpu-3uwoq-6g3ya-1,ib_hw_counter,rdma_vf_rail2,out_of_sequence,0
2026-09-30T06:47:36.420Z,gpu-3uwoq-6g3ya-1,ib_hw_counter,rdma_vf_rail2,packet_seq_err,7
2026-09-30T06:47:36.420Z,gpu-3uwoq-6g3ya-1,ib_hw_counter,rdma_vf_rail2,local_ack_timeout_err,0
2026-09-30T06:47:36.420Z,gpu-3uwoq-6g3ya-1,ib_hw_counter,rdma_vf_rail2,rx_write_requests,4.42693e+08
2026-09-30T06:47:36.420Z,gpu-3uwoq-6g3ya-1,ib_hw_counter,rdma_vf_rail2,rx_read_requests,7.93362e+06
2026-09-30T06:47:36.420Z,gpu-3uwoq-6g3ya-1,ib_hw_counter,rdma_vf_rail2,req_cqe_error,0
2026-09-30T06:47:36.420Z,gpu-3uwoq-6g3ya-1,ib_hw_counter,rdma_vf_rail2,resp_cqe_error,0
2026-09-30T06:47:36.420Z,gpu-3uwoq-6g3ya-1,ib_hw_counter,rdma_vf_rail2,implied_nak_seq_err,0
2026-09-30T06:47:36.420Z,gpu-3uwoq-6g3ya-1,ib_hw_counter,rdma_vf_rail2,duplicate_request,0
2026-09-30T06:47:36.420Z,gpu-3uwoq-6g3ya-1,ib_counter,rdma_vf_rail3,port_xmit_data,3.93298e+12
2026-09-30T06:47:36.420Z,gpu-3uwoq-6g3ya-1,ib_counter,rdma_vf_rail3,port_rcv_data,1.96423e+12
2026-09-30T06:47:36.420Z,gpu-3uwoq-6g3ya-1,ib_counter,rdma_vf_rail3,port_xmit_packets,1.05914e+09
2026-09-30T06:47:36.420Z,gpu-3uwoq-6g3ya-1,ib_counter,rdma_vf_rail3,port_rcv_packets,6.81213e+08
2026-09-30T06:47:36.420Z,gpu-3uwoq-6g3ya-1,ib_counter,rdma_vf_rail3,port_xmit_wait,0
2026-09-30T06:47:36.420Z,gpu-3uwoq-6g3ya-1,ib_counter,rdma_vf_rail3,port_rcv_errors,0
2026-09-30T06:47:36.420Z,gpu-3uwoq-6g3ya-1,ib_counter,rdma_vf_rail3,port_xmit_discards,0
2026-09-30T06:47:36.420Z,gpu-3uwoq-6g3ya-1,ib_counter,rdma_vf_rail3,link_downed,0
2026-09-30T06:47:36.420Z,gpu-3uwoq-6g3ya-1,ib_hw_counter,rdma_vf_rail3,out_of_sequence,1
2026-09-30T06:47:36.420Z,gpu-3uwoq-6g3ya-1,ib_hw_counter,rdma_vf_rail3,packet_seq_err,7
2026-09-30T06:47:36.420Z,gpu-3uwoq-6g3ya-1,ib_hw_counter,rdma_vf_rail3,local_ack_timeout_err,0
2026-09-30T06:47:36.420Z,gpu-3uwoq-6g3ya-1,ib_hw_counter,rdma_vf_rail3,rx_write_requests,4.42693e+08
2026-09-30T06:47:36.420Z,gpu-3uwoq-6g3ya-1,ib_hw_counter,rdma_vf_rail3,rx_read_requests,7.93362e+06
2026-09-30T06:47:36.420Z,gpu-3uwoq-6g3ya-1,ib_hw_counter,rdma_vf_rail3,req_cqe_error,0
2026-09-30T06:47:36.420Z,gpu-3uwoq-6g3ya-1,ib_hw_counter,rdma_vf_rail3,resp_cqe_error,0
2026-09-30T06:47:36.420Z,gpu-3uwoq-6g3ya-1,ib_hw_counter,rdma_vf_rail3,implied_nak_seq_err,0
2026-09-30T06:47:36.420Z,gpu-3uwoq-6g3ya-1,ib_hw_counter,rdma_vf_rail3,duplicate_request,0
2026-09-30T06:47:36.420Z,gpu-3uwoq-6g3ya-1,dcgm,gpu2,gpu_util,0
2026-09-30T06:47:36.420Z,gpu-3uwoq-6g3ya-1,dcgm,gpu3,gpu_util,0
2026-09-30T06:47:36.420Z,gpu-3uwoq-6g3ya-1,dcgm,gpu0,gpu_util,0
2026-09-30T06:47:36.420Z,gpu-3uwoq-6g3ya-1,dcgm,gpu1,gpu_util,0
2026-09-30T06:47:36.420Z,gpu-3uwoq-6g3ya-1,dcgm,gpu2,nvlink_bandwidth_total,0
2026-09-30T06:47:36.420Z,gpu-3uwoq-6g3ya-1,dcgm,gpu3,nvlink_bandwidth_total,0
2026-09-30T06:47:36.420Z,gpu-3uwoq-6g3ya-1,dcgm,gpu0,nvlink_bandwidth_total,0
2026-09-30T06:47:36.420Z,gpu-3uwoq-6g3ya-1,dcgm,gpu1,nvlink_bandwidth_total,0
2026-09-30T06:47:36.420Z,gpu-3uwoq-6g3ya-1,dcgm,gpu2,power_w,223.243
2026-09-30T06:47:36.420Z,gpu-3uwoq-6g3ya-1,dcgm,gpu3,power_w,227.099
2026-09-30T06:47:36.420Z,gpu-3uwoq-6g3ya-1,dcgm,gpu0,power_w,230.65
2026-09-30T06:47:36.420Z,gpu-3uwoq-6g3ya-1,dcgm,gpu1,power_w,228.565
2026-09-30T06:47:36.420Z,gpu-3uwoq-6g3ya-1,dcgm,gpu2,sm_clock_mhz,2070
2026-09-30T06:47:36.420Z,gpu-3uwoq-6g3ya-1,dcgm,gpu3,sm_clock_mhz,2070
2026-09-30T06:47:36.420Z,gpu-3uwoq-6g3ya-1,dcgm,gpu0,sm_clock_mhz,2070
2026-09-30T06:47:36.420Z,gpu-3uwoq-6g3ya-1,dcgm,gpu1,sm_clock_mhz,2070
2026-09-30T06:47:36.420Z,gpu-3uwoq-6g3ya-1,dcgm,gpu2,dram_active,0
2026-09-30T06:47:36.420Z,gpu-3uwoq-6g3ya-1,dcgm,gpu3,dram_active,0
2026-09-30T06:47:36.420Z,gpu-3uwoq-6g3ya-1,dcgm,gpu0,dram_active,0
2026-09-30T06:47:36.420Z,gpu-3uwoq-6g3ya-1,dcgm,gpu1,dram_active,0
2026-09-30T06:47:36.420Z,gpu-3uwoq-6g3ya-1,dcgm,gpu2,pcie_rx_bytes,100516
2026-09-30T06:47:36.420Z,gpu-3uwoq-6g3ya-1,dcgm,gpu3,pcie_rx_bytes,95879
2026-09-30T06:47:36.420Z,gpu-3uwoq-6g3ya-1,dcgm,gpu0,pcie_rx_bytes,99529
2026-09-30T06:47:36.420Z,gpu-3uwoq-6g3ya-1,dcgm,gpu1,pcie_rx_bytes,190359
2026-09-30T06:47:36.420Z,gpu-3uwoq-6g3ya-1,dcgm,gpu2,pcie_tx_bytes,94630
2026-09-30T06:47:36.420Z,gpu-3uwoq-6g3ya-1,dcgm,gpu3,pcie_tx_bytes,90026
2026-09-30T06:47:36.420Z,gpu-3uwoq-6g3ya-1,dcgm,gpu0,pcie_tx_bytes,93554
2026-09-30T06:47:36.420Z,gpu-3uwoq-6g3ya-1,dcgm,gpu1,pcie_tx_bytes,179832
2026-09-30T06:47:36.420Z,gpu-3uwoq-6g3ya-1,dcgm,gpu2,tensor_active,0
2026-09-30T06:47:36.420Z,gpu-3uwoq-6g3ya-1,dcgm,gpu3,tensor_active,0
2026-09-30T06:47:36.420Z,gpu-3uwoq-6g3ya-1,dcgm,gpu0,tensor_active,0
2026-09-30T06:47:36.420Z,gpu-3uwoq-6g3ya-1,dcgm,gpu1,tensor_active,0
2026-09-30T06:47:36.420Z,gpu-3uwoq-6g3ya-1,dcgm,gpu2,sm_active,0
2026-09-30T06:47:36.420Z,gpu-3uwoq-6g3ya-1,dcgm,gpu3,sm_active,0
2026-09-30T06:47:36.420Z,gpu-3uwoq-6g3ya-1,dcgm,gpu0,sm_active,0
2026-09-30T06:47:36.420Z,gpu-3uwoq-6g3ya-1,dcgm,gpu1,sm_active,0
2026-09-30T06:47:36.420Z,gpu-3uwoq-6g3ya-1,nvlink,gpu0,nvlink_rx_bytes,1.02469e+13
2026-09-30T06:47:36.420Z,gpu-3uwoq-6g3ya-1,nvlink,gpu0,nvlink_tx_bytes,1.02513e+13
2026-09-30T06:47:36.420Z,gpu-3uwoq-6g3ya-1,nvlink,gpu1,nvlink_rx_bytes,1.04013e+13
2026-09-30T06:47:36.420Z,gpu-3uwoq-6g3ya-1,nvlink,gpu1,nvlink_tx_bytes,1.04042e+13
2026-09-30T06:47:36.420Z,gpu-3uwoq-6g3ya-1,nvlink,gpu2,nvlink_rx_bytes,1.02695e+13
2026-09-30T06:47:36.420Z,gpu-3uwoq-6g3ya-1,nvlink,gpu2,nvlink_tx_bytes,1.02732e+13
2026-09-30T06:47:36.420Z,gpu-3uwoq-6g3ya-1,nvlink,gpu3,nvlink_rx_bytes,1.0219e+13
2026-09-30T06:47:36.420Z,gpu-3uwoq-6g3ya-1,nvlink,gpu3,nvlink_tx_bytes,1.0222e+13
2026-09-30T06:47:37.420Z,gpu-3uwoq-6g3ya-1,ib_counter,rdma_vf_rail0,port_xmit_data,4.06776e+12
2026-09-30T06:47:37.420Z,gpu-3uwoq-6g3ya-1,ib_counter,rdma_vf_rail0,port_rcv_data,2.10036e+12
2026-09-30T06:47:37.420Z,gpu-3uwoq-6g3ya-1,ib_counter,rdma_vf_rail0,port_xmit_packets,1.0991e+09
2026-09-30T06:47:37.420Z,gpu-3uwoq-6g3ya-1,ib_counter,rdma_vf_rail0,port_rcv_packets,7.34514e+08
2026-09-30T06:47:37.420Z,gpu-3uwoq-6g3ya-1,ib_counter,rdma_vf_rail0,port_xmit_wait,0
2026-09-30T06:47:37.420Z,gpu-3uwoq-6g3ya-1,ib_counter,rdma_vf_rail0,port_rcv_errors,0
2026-09-30T06:47:37.420Z,gpu-3uwoq-6g3ya-1,ib_counter,rdma_vf_rail0,port_xmit_discards,0
2026-09-30T06:47:37.420Z,gpu-3uwoq-6g3ya-1,ib_counter,rdma_vf_rail0,link_downed,0
2026-09-30T06:47:37.420Z,gpu-3uwoq-6g3ya-1,ib_hw_counter,rdma_vf_rail0,out_of_sequence,0
2026-09-30T06:47:37.420Z,gpu-3uwoq-6g3ya-1,ib_hw_counter,rdma_vf_rail0,packet_seq_err,8
2026-09-30T06:47:37.420Z,gpu-3uwoq-6g3ya-1,ib_hw_counter,rdma_vf_rail0,local_ack_timeout_err,0
2026-09-30T06:47:37.420Z,gpu-3uwoq-6g3ya-1,ib_hw_counter,rdma_vf_rail0,rx_write_requests,4.44718e+08
2026-09-30T06:47:37.420Z,gpu-3uwoq-6g3ya-1,ib_hw_counter,rdma_vf_rail0,rx_read_requests,8.94226e+06
2026-09-30T06:47:37.420Z,gpu-3uwoq-6g3ya-1,ib_hw_counter,rdma_vf_rail0,req_cqe_error,0
2026-09-30T06:47:37.420Z,gpu-3uwoq-6g3ya-1,ib_hw_counter,rdma_vf_rail0,resp_cqe_error,0
2026-09-30T06:47:37.420Z,gpu-3uwoq-6g3ya-1,ib_hw_counter,rdma_vf_rail0,implied_nak_seq_err,0
2026-09-30T06:47:37.420Z,gpu-3uwoq-6g3ya-1,ib_hw_counter,rdma_vf_rail0,duplicate_request,0
2026-09-30T06:47:37.420Z,gpu-3uwoq-6g3ya-1,ib_counter,rdma_vf_rail1,port_xmit_data,3.96023e+12
2026-09-30T06:47:37.420Z,gpu-3uwoq-6g3ya-1,ib_counter,rdma_vf_rail1,port_rcv_data,1.99224e+12
2026-09-30T06:47:37.420Z,gpu-3uwoq-6g3ya-1,ib_counter,rdma_vf_rail1,port_xmit_packets,1.07291e+09
2026-09-30T06:47:37.420Z,gpu-3uwoq-6g3ya-1,ib_counter,rdma_vf_rail1,port_rcv_packets,7.03437e+08
2026-09-30T06:47:37.420Z,gpu-3uwoq-6g3ya-1,ib_counter,rdma_vf_rail1,port_xmit_wait,0
2026-09-30T06:47:37.420Z,gpu-3uwoq-6g3ya-1,ib_counter,rdma_vf_rail1,port_rcv_errors,0
2026-09-30T06:47:37.420Z,gpu-3uwoq-6g3ya-1,ib_counter,rdma_vf_rail1,port_xmit_discards,0
2026-09-30T06:47:37.420Z,gpu-3uwoq-6g3ya-1,ib_counter,rdma_vf_rail1,link_downed,0
2026-09-30T06:47:37.420Z,gpu-3uwoq-6g3ya-1,ib_hw_counter,rdma_vf_rail1,out_of_sequence,0
2026-09-30T06:47:37.420Z,gpu-3uwoq-6g3ya-1,ib_hw_counter,rdma_vf_rail1,packet_seq_err,8
2026-09-30T06:47:37.420Z,gpu-3uwoq-6g3ya-1,ib_hw_counter,rdma_vf_rail1,local_ack_timeout_err,0
2026-09-30T06:47:37.420Z,gpu-3uwoq-6g3ya-1,ib_hw_counter,rdma_vf_rail1,rx_write_requests,4.4312e+08
2026-09-30T06:47:37.420Z,gpu-3uwoq-6g3ya-1,ib_hw_counter,rdma_vf_rail1,rx_read_requests,8.14125e+06
2026-09-30T06:47:37.420Z,gpu-3uwoq-6g3ya-1,ib_hw_counter,rdma_vf_rail1,req_cqe_error,0
2026-09-30T06:47:37.420Z,gpu-3uwoq-6g3ya-1,ib_hw_counter,rdma_vf_rail1,resp_cqe_error,0
2026-09-30T06:47:37.420Z,gpu-3uwoq-6g3ya-1,ib_hw_counter,rdma_vf_rail1,implied_nak_seq_err,0
2026-09-30T06:47:37.420Z,gpu-3uwoq-6g3ya-1,ib_hw_counter,rdma_vf_rail1,duplicate_request,0
2026-09-30T06:47:37.420Z,gpu-3uwoq-6g3ya-1,ib_counter,rdma_vf_rail2,port_xmit_data,3.93272e+12
2026-09-30T06:47:37.420Z,gpu-3uwoq-6g3ya-1,ib_counter,rdma_vf_rail2,port_rcv_data,1.96447e+12
2026-09-30T06:47:37.420Z,gpu-3uwoq-6g3ya-1,ib_counter,rdma_vf_rail2,port_xmit_packets,1.05836e+09
2026-09-30T06:47:37.420Z,gpu-3uwoq-6g3ya-1,ib_counter,rdma_vf_rail2,port_rcv_packets,6.8439e+08
2026-09-30T06:47:37.420Z,gpu-3uwoq-6g3ya-1,ib_counter,rdma_vf_rail2,port_xmit_wait,0
2026-09-30T06:47:37.420Z,gpu-3uwoq-6g3ya-1,ib_counter,rdma_vf_rail2,port_rcv_errors,0
2026-09-30T06:47:37.420Z,gpu-3uwoq-6g3ya-1,ib_counter,rdma_vf_rail2,port_xmit_discards,0
2026-09-30T06:47:37.420Z,gpu-3uwoq-6g3ya-1,ib_counter,rdma_vf_rail2,link_downed,0
2026-09-30T06:47:37.420Z,gpu-3uwoq-6g3ya-1,ib_hw_counter,rdma_vf_rail2,out_of_sequence,0
2026-09-30T06:47:37.420Z,gpu-3uwoq-6g3ya-1,ib_hw_counter,rdma_vf_rail2,packet_seq_err,7
2026-09-30T06:47:37.420Z,gpu-3uwoq-6g3ya-1,ib_hw_counter,rdma_vf_rail2,local_ack_timeout_err,0
2026-09-30T06:47:37.420Z,gpu-3uwoq-6g3ya-1,ib_hw_counter,rdma_vf_rail2,rx_write_requests,4.42693e+08
2026-09-30T06:47:37.420Z,gpu-3uwoq-6g3ya-1,ib_hw_counter,rdma_vf_rail2,rx_read_requests,7.93362e+06
2026-09-30T06:47:37.420Z,gpu-3uwoq-6g3ya-1,ib_hw_counter,rdma_vf_rail2,req_cqe_error,0
2026-09-30T06:47:37.420Z,gpu-3uwoq-6g3ya-1,ib_hw_counter,rdma_vf_rail2,resp_cqe_error,0
2026-09-30T06:47:37.420Z,gpu-3uwoq-6g3ya-1,ib_hw_counter,rdma_vf_rail2,implied_nak_seq_err,0
2026-09-30T06:47:37.420Z,gpu-3uwoq-6g3ya-1,ib_hw_counter,rdma_vf_rail2,duplicate_request,0
2026-09-30T06:47:37.420Z,gpu-3uwoq-6g3ya-1,ib_counter,rdma_vf_rail3,port_xmit_data,3.93298e+12
2026-09-30T06:47:37.420Z,gpu-3uwoq-6g3ya-1,ib_counter,rdma_vf_rail3,port_rcv_data,1.96423e+12
2026-09-30T06:47:37.420Z,gpu-3uwoq-6g3ya-1,ib_counter,rdma_vf_rail3,port_xmit_packets,1.05914e+09
2026-09-30T06:47:37.420Z,gpu-3uwoq-6g3ya-1,ib_counter,rdma_vf_rail3,port_rcv_packets,6.81213e+08
2026-09-30T06:47:37.420Z,gpu-3uwoq-6g3ya-1,ib_counter,rdma_vf_rail3,port_xmit_wait,0
2026-09-30T06:47:37.420Z,gpu-3uwoq-6g3ya-1,ib_counter,rdma_vf_rail3,port_rcv_errors,0
2026-09-30T06:47:37.420Z,gpu-3uwoq-6g3ya-1,ib_counter,rdma_vf_rail3,port_xmit_discards,0
2026-09-30T06:47:37.420Z,gpu-3uwoq-6g3ya-1,ib_counter,rdma_vf_rail3,link_downed,0
2026-09-30T06:47:37.420Z,gpu-3uwoq-6g3ya-1,ib_hw_counter,rdma_vf_rail3,out_of_sequence,1
2026-09-30T06:47:37.420Z,gpu-3uwoq-6g3ya-1,ib_hw_counter,rdma_vf_rail3,packet_seq_err,7
2026-09-30T06:47:37.420Z,gpu-3uwoq-6g3ya-1,ib_hw_counter,rdma_vf_rail3,local_ack_timeout_err,0
2026-09-30T06:47:37.420Z,gpu-3uwoq-6g3ya-1,ib_hw_counter,rdma_vf_rail3,rx_write_requests,4.42693e+08
2026-09-30T06:47:37.420Z,gpu-3uwoq-6g3ya-1,ib_hw_counter,rdma_vf_rail3,rx_read_requests,7.93362e+06
2026-09-30T06:47:37.420Z,gpu-3uwoq-6g3ya-1,ib_hw_counter,rdma_vf_rail3,req_cqe_error,0
2026-09-30T06:47:37.420Z,gpu-3uwoq-6g3ya-1,ib_hw_counter,rdma_vf_rail3,resp_cqe_error,0
2026-09-30T06:47:37.420Z,gpu-3uwoq-6g3ya-1,ib_hw_counter,rdma_vf_rail3,implied_nak_seq_err,0
2026-09-30T06:47:37.420Z,gpu-3uwoq-6g3ya-1,ib_hw_counter,rdma_vf_rail3,duplicate_request,0
2026-09-30T06:47:37.420Z,gpu-3uwoq-6g3ya-1,dcgm,gpu2,gpu_util,0
2026-09-30T06:47:37.420Z,gpu-3uwoq-6g3ya-1,dcgm,gpu3,gpu_util,0
2026-09-30T06:47:37.420Z,gpu-3uwoq-6g3ya-1,dcgm,gpu0,gpu_util,0
2026-09-30T06:47:37.420Z,gpu-3uwoq-6g3ya-1,dcgm,gpu1,gpu_util,0
2026-09-30T06:47:37.420Z,gpu-3uwoq-6g3ya-1,dcgm,gpu2,nvlink_bandwidth_total,0
2026-09-30T06:47:37.420Z,gpu-3uwoq-6g3ya-1,dcgm,gpu3,nvlink_bandwidth_total,0
2026-09-30T06:47:37.420Z,gpu-3uwoq-6g3ya-1,dcgm,gpu0,nvlink_bandwidth_total,0
2026-09-30T06:47:37.420Z,gpu-3uwoq-6g3ya-1,dcgm,gpu1,nvlink_bandwidth_total,0
2026-09-30T06:47:37.420Z,gpu-3uwoq-6g3ya-1,dcgm,gpu2,power_w,223.243
2026-09-30T06:47:37.420Z,gpu-3uwoq-6g3ya-1,dcgm,gpu3,power_w,227.099
2026-09-30T06:47:37.420Z,gpu-3uwoq-6g3ya-1,dcgm,gpu0,power_w,230.65
2026-09-30T06:47:37.420Z,gpu-3uwoq-6g3ya-1,dcgm,gpu1,power_w,228.565
2026-09-30T06:47:37.420Z,gpu-3uwoq-6g3ya-1,dcgm,gpu2,sm_clock_mhz,2070
2026-09-30T06:47:37.420Z,gpu-3uwoq-6g3ya-1,dcgm,gpu3,sm_clock_mhz,2070
2026-09-30T06:47:37.420Z,gpu-3uwoq-6g3ya-1,dcgm,gpu0,sm_clock_mhz,2070
2026-09-30T06:47:37.420Z,gpu-3uwoq-6g3ya-1,dcgm,gpu1,sm_clock_mhz,2070
2026-09-30T06:47:37.420Z,gpu-3uwoq-6g3ya-1,dcgm,gpu2,dram_active,0.001434
2026-09-30T06:47:37.420Z,gpu-3uwoq-6g3ya-1,dcgm,gpu3,dram_active,0
2026-09-30T06:47:37.420Z,gpu-3uwoq-6g3ya-1,dcgm,gpu0,dram_active,0
2026-09-30T06:47:37.420Z,gpu-3uwoq-6g3ya-1,dcgm,gpu1,dram_active,0
2026-09-30T06:47:37.420Z,gpu-3uwoq-6g3ya-1,dcgm,gpu2,pcie_rx_bytes,100516
2026-09-30T06:47:37.420Z,gpu-3uwoq-6g3ya-1,dcgm,gpu3,pcie_rx_bytes,95879
2026-09-30T06:47:37.420Z,gpu-3uwoq-6g3ya-1,dcgm,gpu0,pcie_rx_bytes,99529
2026-09-30T06:47:37.420Z,gpu-3uwoq-6g3ya-1,dcgm,gpu1,pcie_rx_bytes,190359
2026-09-30T06:47:37.420Z,gpu-3uwoq-6g3ya-1,dcgm,gpu2,pcie_tx_bytes,94630
2026-09-30T06:47:37.420Z,gpu-3uwoq-6g3ya-1,dcgm,gpu3,pcie_tx_bytes,90026
2026-09-30T06:47:37.420Z,gpu-3uwoq-6g3ya-1,dcgm,gpu0,pcie_tx_bytes,93554
2026-09-30T06:47:37.420Z,gpu-3uwoq-6g3ya-1,dcgm,gpu1,pcie_tx_bytes,179832
2026-09-30T06:47:37.420Z,gpu-3uwoq-6g3ya-1,dcgm,gpu2,tensor_active,0
2026-09-30T06:47:37.420Z,gpu-3uwoq-6g3ya-1,dcgm,gpu3,tensor_active,0
2026-09-30T06:47:37.420Z,gpu-3uwoq-6g3ya-1,dcgm,gpu0,tensor_active,0
2026-09-30T06:47:37.420Z,gpu-3uwoq-6g3ya-1,dcgm,gpu1,tensor_active,0
2026-09-30T06:47:37.420Z,gpu-3uwoq-6g3ya-1,dcgm,gpu2,sm_active,0
2026-09-30T06:47:37.420Z,gpu-3uwoq-6g3ya-1,dcgm,gpu3,sm_active,0
2026-09-30T06:47:37.420Z,gpu-3uwoq-6g3ya-1,dcgm,gpu0,sm_active,0
2026-09-30T06:47:37.420Z,gpu-3uwoq-6g3ya-1,dcgm,gpu1,sm_active,0
2026-09-30T06:47:37.420Z,gpu-3uwoq-6g3ya-1,nvlink,gpu0,nvlink_rx_bytes,1.02469e+13
2026-09-30T06:47:37.420Z,gpu-3uwoq-6g3ya-1,nvlink,gpu0,nvlink_tx_bytes,1.02513e+13
2026-09-30T06:47:37.420Z,gpu-3uwoq-6g3ya-1,nvlink,gpu1,nvlink_rx_bytes,1.04013e+13
2026-09-30T06:47:37.420Z,gpu-3uwoq-6g3ya-1,nvlink,gpu1,nvlink_tx_bytes,1.04042e+13
2026-09-30T06:47:37.420Z,gpu-3uwoq-6g3ya-1,nvlink,gpu2,nvlink_rx_bytes,1.02695e+13
2026-09-30T06:47:37.420Z,gpu-3uwoq-6g3ya-1,nvlink,gpu2,nvlink_tx_bytes,1.02732e+13
2026-09-30T06:47:37.420Z,gpu-3uwoq-6g3ya-1,nvlink,gpu3,nvlink_rx_bytes,1.0219e+13
2026-09-30T06:47:37.420Z,gpu-3uwoq-6g3ya-1,nvlink,gpu3,nvlink_tx_bytes,1.0222e+13
2026-09-30T06:47:38.420Z,gpu-3uwoq-6g3ya-1,ib_counter,rdma_vf_rail0,port_xmit_data,4.06776e+12
2026-09-30T06:47:38.420Z,gpu-3uwoq-6g3ya-1,ib_counter,rdma_vf_rail0,port_rcv_data,2.10036e+12
2026-09-30T06:47:38.420Z,gpu-3uwoq-6g3ya-1,ib_counter,rdma_vf_rail0,port_xmit_packets,1.0991e+09
2026-09-30T06:47:38.420Z,gpu-3uwoq-6g3ya-1,ib_counter,rdma_vf_rail0,port_rcv_packets,7.34514e+08
2026-09-30T06:47:38.420Z,gpu-3uwoq-6g3ya-1,ib_counter,rdma_vf_rail0,port_xmit_wait,0
2026-09-30T06:47:38.420Z,gpu-3uwoq-6g3ya-1,ib_counter,rdma_vf_rail0,port_rcv_errors,0
2026-09-30T06:47:38.420Z,gpu-3uwoq-6g3ya-1,ib_counter,rdma_vf_rail0,port_xmit_discards,0
2026-09-30T06:47:38.420Z,gpu-3uwoq-6g3ya-1,ib_counter,rdma_vf_rail0,link_downed,0
2026-09-30T06:47:38.420Z,gpu-3uwoq-6g3ya-1,ib_hw_counter,rdma_vf_rail0,out_of_sequence,0
2026-09-30T06:47:38.420Z,gpu-3uwoq-6g3ya-1,ib_hw_counter,rdma_vf_rail0,packet_seq_err,8
2026-09-30T06:47:38.420Z,gpu-3uwoq-6g3ya-1,ib_hw_counter,rdma_vf_rail0,local_ack_timeout_err,0
2026-09-30T06:47:38.420Z,gpu-3uwoq-6g3ya-1,ib_hw_counter,rdma_vf_rail0,rx_write_requests,4.44718e+08
2026-09-30T06:47:38.420Z,gpu-3uwoq-6g3ya-1,ib_hw_counter,rdma_vf_rail0,rx_read_requests,8.94226e+06
2026-09-30T06:47:38.420Z,gpu-3uwoq-6g3ya-1,ib_hw_counter,rdma_vf_rail0,req_cqe_error,0
2026-09-30T06:47:38.420Z,gpu-3uwoq-6g3ya-1,ib_hw_counter,rdma_vf_rail0,resp_cqe_error,0
2026-09-30T06:47:38.420Z,gpu-3uwoq-6g3ya-1,ib_hw_counter,rdma_vf_rail0,implied_nak_seq_err,0
2026-09-30T06:47:38.420Z,gpu-3uwoq-6g3ya-1,ib_hw_counter,rdma_vf_rail0,duplicate_request,0
2026-09-30T06:47:38.420Z,gpu-3uwoq-6g3ya-1,ib_counter,rdma_vf_rail1,port_xmit_data,3.96023e+12
2026-09-30T06:47:38.420Z,gpu-3uwoq-6g3ya-1,ib_counter,rdma_vf_rail1,port_rcv_data,1.99224e+12
2026-09-30T06:47:38.420Z,gpu-3uwoq-6g3ya-1,ib_counter,rdma_vf_rail1,port_xmit_packets,1.07291e+09
2026-09-30T06:47:38.420Z,gpu-3uwoq-6g3ya-1,ib_counter,rdma_vf_rail1,port_rcv_packets,7.03437e+08
2026-09-30T06:47:38.420Z,gpu-3uwoq-6g3ya-1,ib_counter,rdma_vf_rail1,port_xmit_wait,0
2026-09-30T06:47:38.420Z,gpu-3uwoq-6g3ya-1,ib_counter,rdma_vf_rail1,port_rcv_errors,0
2026-09-30T06:47:38.420Z,gpu-3uwoq-6g3ya-1,ib_counter,rdma_vf_rail1,port_xmit_discards,0
2026-09-30T06:47:38.420Z,gpu-3uwoq-6g3ya-1,ib_counter,rdma_vf_rail1,link_downed,0
2026-09-30T06:47:38.420Z,gpu-3uwoq-6g3ya-1,ib_hw_counter,rdma_vf_rail1,out_of_sequence,0
2026-09-30T06:47:38.420Z,gpu-3uwoq-6g3ya-1,ib_hw_counter,rdma_vf_rail1,packet_seq_err,8
2026-09-30T06:47:38.420Z,gpu-3uwoq-6g3ya-1,ib_hw_counter,rdma_vf_rail1,local_ack_timeout_err,0
2026-09-30T06:47:38.420Z,gpu-3uwoq-6g3ya-1,ib_hw_counter,rdma_vf_rail1,rx_write_requests,4.4312e+08
2026-09-30T06:47:38.420Z,gpu-3uwoq-6g3ya-1,ib_hw_counter,rdma_vf_rail1,rx_read_requests,8.14125e+06
2026-09-30T06:47:38.420Z,gpu-3uwoq-6g3ya-1,ib_hw_counter,rdma_vf_rail1,req_cqe_error,0
2026-09-30T06:47:38.420Z,gpu-3uwoq-6g3ya-1,ib_hw_counter,rdma_vf_rail1,resp_cqe_error,0
2026-09-30T06:47:38.420Z,gpu-3uwoq-6g3ya-1,ib_hw_counter,rdma_vf_rail1,implied_nak_seq_err,0
2026-09-30T06:47:38.420Z,gpu-3uwoq-6g3ya-1,ib_hw_counter,rdma_vf_rail1,duplicate_request,0
2026-09-30T06:47:38.420Z,gpu-3uwoq-6g3ya-1,ib_counter,rdma_vf_rail2,port_xmit_data,3.93272e+12
2026-09-30T06:47:38.420Z,gpu-3uwoq-6g3ya-1,ib_counter,rdma_vf_rail2,port_rcv_data,1.96447e+12
2026-09-30T06:47:38.420Z,gpu-3uwoq-6g3ya-1,ib_counter,rdma_vf_rail2,port_xmit_packets,1.05836e+09
2026-09-30T06:47:38.420Z,gpu-3uwoq-6g3ya-1,ib_counter,rdma_vf_rail2,port_rcv_packets,6.8439e+08
2026-09-30T06:47:38.420Z,gpu-3uwoq-6g3ya-1,ib_counter,rdma_vf_rail2,port_xmit_wait,0
2026-09-30T06:47:38.420Z,gpu-3uwoq-6g3ya-1,ib_counter,rdma_vf_rail2,port_rcv_errors,0
2026-09-30T06:47:38.420Z,gpu-3uwoq-6g3ya-1,ib_counter,rdma_vf_rail2,port_xmit_discards,0
2026-09-30T06:47:38.420Z,gpu-3uwoq-6g3ya-1,ib_counter,rdma_vf_rail2,link_downed,0
2026-09-30T06:47:38.420Z,gpu-3uwoq-6g3ya-1,ib_hw_counter,rdma_vf_rail2,out_of_sequence,0
2026-09-30T06:47:38.420Z,gpu-3uwoq-6g3ya-1,ib_hw_counter,rdma_vf_rail2,packet_seq_err,7
2026-09-30T06:47:38.420Z,gpu-3uwoq-6g3ya-1,ib_hw_counter,rdma_vf_rail2,local_ack_timeout_err,0
2026-09-30T06:47:38.420Z,gpu-3uwoq-6g3ya-1,ib_hw_counter,rdma_vf_rail2,rx_write_requests,4.42693e+08
2026-09-30T06:47:38.420Z,gpu-3uwoq-6g3ya-1,ib_hw_counter,rdma_vf_rail2,rx_read_requests,7.93362e+06
2026-09-30T06:47:38.420Z,gpu-3uwoq-6g3ya-1,ib_hw_counter,rdma_vf_rail2,req_cqe_error,0
2026-09-30T06:47:38.420Z,gpu-3uwoq-6g3ya-1,ib_hw_counter,rdma_vf_rail2,resp_cqe_error,0
2026-09-30T06:47:38.420Z,gpu-3uwoq-6g3ya-1,ib_hw_counter,rdma_vf_rail2,implied_nak_seq_err,0
2026-09-30T06:47:38.420Z,gpu-3uwoq-6g3ya-1,ib_hw_counter,rdma_vf_rail2,duplicate_request,0
2026-09-30T06:47:38.420Z,gpu-3uwoq-6g3ya-1,ib_counter,rdma_vf_rail3,port_xmit_data,3.93298e+12
2026-09-30T06:47:38.420Z,gpu-3uwoq-6g3ya-1,ib_counter,rdma_vf_rail3,port_rcv_data,1.96423e+12
2026-09-30T06:47:38.420Z,gpu-3uwoq-6g3ya-1,ib_counter,rdma_vf_rail3,port_xmit_packets,1.05914e+09
2026-09-30T06:47:38.420Z,gpu-3uwoq-6g3ya-1,ib_counter,rdma_vf_rail3,port_rcv_packets,6.81213e+08
2026-09-30T06:47:38.420Z,gpu-3uwoq-6g3ya-1,ib_counter,rdma_vf_rail3,port_xmit_wait,0
2026-09-30T06:47:38.420Z,gpu-3uwoq-6g3ya-1,ib_counter,rdma_vf_rail3,port_rcv_errors,0
2026-09-30T06:47:38.420Z,gpu-3uwoq-6g3ya-1,ib_counter,rdma_vf_rail3,port_xmit_discards,0
2026-09-30T06:47:38.420Z,gpu-3uwoq-6g3ya-1,ib_counter,rdma_vf_rail3,link_downed,0
2026-09-30T06:47:38.420Z,gpu-3uwoq-6g3ya-1,ib_hw_counter,rdma_vf_rail3,out_of_sequence,1
2026-09-30T06:47:38.420Z,gpu-3uwoq-6g3ya-1,ib_hw_counter,rdma_vf_rail3,packet_seq_err,7
2026-09-30T06:47:38.420Z,gpu-3uwoq-6g3ya-1,ib_hw_counter,rdma_vf_rail3,local_ack_timeout_err,0
2026-09-30T06:47:38.420Z,gpu-3uwoq-6g3ya-1,ib_hw_counter,rdma_vf_rail3,rx_write_requests,4.42693e+08
2026-09-30T06:47:38.420Z,gpu-3uwoq-6g3ya-1,ib_hw_counter,rdma_vf_rail3,rx_read_requests,7.93362e+06
2026-09-30T06:47:38.420Z,gpu-3uwoq-6g3ya-1,ib_hw_counter,rdma_vf_rail3,req_cqe_error,0
2026-09-30T06:47:38.420Z,gpu-3uwoq-6g3ya-1,ib_hw_counter,rdma_vf_rail3,resp_cqe_error,0
2026-09-30T06:47:38.420Z,gpu-3uwoq-6g3ya-1,ib_hw_counter,rdma_vf_rail3,implied_nak_seq_err,0
2026-09-30T06:47:38.420Z,gpu-3uwoq-6g3ya-1,ib_hw_counter,rdma_vf_rail3,duplicate_request,0
2026-09-30T06:47:38.420Z,gpu-3uwoq-6g3ya-1,dcgm,gpu2,gpu_util,0
2026-09-30T06:47:38.420Z,gpu-3uwoq-6g3ya-1,dcgm,gpu3,gpu_util,0
2026-09-30T06:47:38.420Z,gpu-3uwoq-6g3ya-1,dcgm,gpu0,gpu_util,0
2026-09-30T06:47:38.420Z,gpu-3uwoq-6g3ya-1,dcgm,gpu1,gpu_util,0
2026-09-30T06:47:38.420Z,gpu-3uwoq-6g3ya-1,dcgm,gpu2,nvlink_bandwidth_total,0
2026-09-30T06:47:38.420Z,gpu-3uwoq-6g3ya-1,dcgm,gpu3,nvlink_bandwidth_total,0
2026-09-30T06:47:38.420Z,gpu-3uwoq-6g3ya-1,dcgm,gpu0,nvlink_bandwidth_total,0
2026-09-30T06:47:38.420Z,gpu-3uwoq-6g3ya-1,dcgm,gpu1,nvlink_bandwidth_total,0
2026-09-30T06:47:38.420Z,gpu-3uwoq-6g3ya-1,dcgm,gpu2,power_w,222.514
2026-09-30T06:47:38.420Z,gpu-3uwoq-6g3ya-1,dcgm,gpu3,power_w,227.338
2026-09-30T06:47:38.420Z,gpu-3uwoq-6g3ya-1,dcgm,gpu0,power_w,230.785
2026-09-30T06:47:38.420Z,gpu-3uwoq-6g3ya-1,dcgm,gpu1,power_w,226.514
2026-09-30T06:47:38.420Z,gpu-3uwoq-6g3ya-1,dcgm,gpu2,sm_clock_mhz,2070
2026-09-30T06:47:38.420Z,gpu-3uwoq-6g3ya-1,dcgm,gpu3,sm_clock_mhz,2070
2026-09-30T06:47:38.420Z,gpu-3uwoq-6g3ya-1,dcgm,gpu0,sm_clock_mhz,2070
2026-09-30T06:47:38.420Z,gpu-3uwoq-6g3ya-1,dcgm,gpu1,sm_clock_mhz,2070
2026-09-30T06:47:38.420Z,gpu-3uwoq-6g3ya-1,dcgm,gpu2,dram_active,0.001434
2026-09-30T06:47:38.420Z,gpu-3uwoq-6g3ya-1,dcgm,gpu3,dram_active,0.001437
2026-09-30T06:47:38.420Z,gpu-3uwoq-6g3ya-1,dcgm,gpu0,dram_active,0.001399
2026-09-30T06:47:38.420Z,gpu-3uwoq-6g3ya-1,dcgm,gpu1,dram_active,0.001431
2026-09-30T06:47:38.420Z,gpu-3uwoq-6g3ya-1,dcgm,gpu2,pcie_rx_bytes,4.77522e+08
2026-09-30T06:47:38.420Z,gpu-3uwoq-6g3ya-1,dcgm,gpu3,pcie_rx_bytes,95879
2026-09-30T06:47:38.420Z,gpu-3uwoq-6g3ya-1,dcgm,gpu0,pcie_rx_bytes,4.77628e+08
2026-09-30T06:47:38.420Z,gpu-3uwoq-6g3ya-1,dcgm,gpu1,pcie_rx_bytes,4.79099e+08
2026-09-30T06:47:38.420Z,gpu-3uwoq-6g3ya-1,dcgm,gpu2,pcie_tx_bytes,4.68663e+08
2026-09-30T06:47:38.420Z,gpu-3uwoq-6g3ya-1,dcgm,gpu3,pcie_tx_bytes,90026
2026-09-30T06:47:38.420Z,gpu-3uwoq-6g3ya-1,dcgm,gpu0,pcie_tx_bytes,4.68768e+08
2026-09-30T06:47:38.420Z,gpu-3uwoq-6g3ya-1,dcgm,gpu1,pcie_tx_bytes,4.70211e+08
2026-09-30T06:47:38.420Z,gpu-3uwoq-6g3ya-1,dcgm,gpu2,tensor_active,0
2026-09-30T06:47:38.420Z,gpu-3uwoq-6g3ya-1,dcgm,gpu3,tensor_active,0
2026-09-30T06:47:38.420Z,gpu-3uwoq-6g3ya-1,dcgm,gpu0,tensor_active,0
2026-09-30T06:47:38.420Z,gpu-3uwoq-6g3ya-1,dcgm,gpu1,tensor_active,0
2026-09-30T06:47:38.420Z,gpu-3uwoq-6g3ya-1,dcgm,gpu2,sm_active,0.00183
2026-09-30T06:47:38.420Z,gpu-3uwoq-6g3ya-1,dcgm,gpu3,sm_active,0
2026-09-30T06:47:38.420Z,gpu-3uwoq-6g3ya-1,dcgm,gpu0,sm_active,0.001845
2026-09-30T06:47:38.420Z,gpu-3uwoq-6g3ya-1,dcgm,gpu1,sm_active,0
2026-09-30T06:47:38.420Z,gpu-3uwoq-6g3ya-1,nvlink,gpu0,nvlink_rx_bytes,1.02469e+13
2026-09-30T06:47:38.420Z,gpu-3uwoq-6g3ya-1,nvlink,gpu0,nvlink_tx_bytes,1.02513e+13
2026-09-30T06:47:38.420Z,gpu-3uwoq-6g3ya-1,nvlink,gpu1,nvlink_rx_bytes,1.04013e+13
2026-09-30T06:47:38.420Z,gpu-3uwoq-6g3ya-1,nvlink,gpu1,nvlink_tx_bytes,1.04042e+13
2026-09-30T06:47:38.420Z,gpu-3uwoq-6g3ya-1,nvlink,gpu2,nvlink_rx_bytes,1.02695e+13
2026-09-30T06:47:38.420Z,gpu-3uwoq-6g3ya-1,nvlink,gpu2,nvlink_tx_bytes,1.02732e+13
2026-09-30T06:47:38.420Z,gpu-3uwoq-6g3ya-1,nvlink,gpu3,nvlink_rx_bytes,1.0219e+13
2026-09-30T06:47:38.420Z,gpu-3uwoq-6g3ya-1,nvlink,gpu3,nvlink_tx_bytes,1.0222e+13
2026-09-30T06:47:39.420Z,gpu-3uwoq-6g3ya-1,ib_counter,rdma_vf_rail0,port_xmit_data,4.06776e+12
2026-09-30T06:47:39.420Z,gpu-3uwoq-6g3ya-1,ib_counter,rdma_vf_rail0,port_rcv_data,2.10036e+12
2026-09-30T06:47:39.420Z,gpu-3uwoq-6g3ya-1,ib_counter,rdma_vf_rail0,port_xmit_packets,1.0991e+09
2026-09-30T06:47:39.420Z,gpu-3uwoq-6g3ya-1,ib_counter,rdma_vf_rail0,port_rcv_packets,7.34514e+08
2026-09-30T06:47:39.420Z,gpu-3uwoq-6g3ya-1,ib_counter,rdma_vf_rail0,port_xmit_wait,0
2026-09-30T06:47:39.420Z,gpu-3uwoq-6g3ya-1,ib_counter,rdma_vf_rail0,port_rcv_errors,0
2026-09-30T06:47:39.420Z,gpu-3uwoq-6g3ya-1,ib_counter,rdma_vf_rail0,port_xmit_discards,0
2026-09-30T06:47:39.420Z,gpu-3uwoq-6g3ya-1,ib_counter,rdma_vf_rail0,link_downed,0
2026-09-30T06:47:39.420Z,gpu-3uwoq-6g3ya-1,ib_hw_counter,rdma_vf_rail0,out_of_sequence,0
2026-09-30T06:47:39.420Z,gpu-3uwoq-6g3ya-1,ib_hw_counter,rdma_vf_rail0,packet_seq_err,8
2026-09-30T06:47:39.420Z,gpu-3uwoq-6g3ya-1,ib_hw_counter,rdma_vf_rail0,local_ack_timeout_err,0
2026-09-30T06:47:39.420Z,gpu-3uwoq-6g3ya-1,ib_hw_counter,rdma_vf_rail0,rx_write_requests,4.44718e+08
2026-09-30T06:47:39.420Z,gpu-3uwoq-6g3ya-1,ib_hw_counter,rdma_vf_rail0,rx_read_requests,8.94226e+06
2026-09-30T06:47:39.420Z,gpu-3uwoq-6g3ya-1,ib_hw_counter,rdma_vf_rail0,req_cqe_error,0
2026-09-30T06:47:39.420Z,gpu-3uwoq-6g3ya-1,ib_hw_counter,rdma_vf_rail0,resp_cqe_error,0
2026-09-30T06:47:39.420Z,gpu-3uwoq-6g3ya-1,ib_hw_counter,rdma_vf_rail0,implied_nak_seq_err,0
2026-09-30T06:47:39.420Z,gpu-3uwoq-6g3ya-1,ib_hw_counter,rdma_vf_rail0,duplicate_request,0
2026-09-30T06:47:39.420Z,gpu-3uwoq-6g3ya-1,ib_counter,rdma_vf_rail1,port_xmit_data,3.96023e+12
2026-09-30T06:47:39.420Z,gpu-3uwoq-6g3ya-1,ib_counter,rdma_vf_rail1,port_rcv_data,1.99224e+12
2026-09-30T06:47:39.420Z,gpu-3uwoq-6g3ya-1,ib_counter,rdma_vf_rail1,port_xmit_packets,1.07291e+09
2026-09-30T06:47:39.420Z,gpu-3uwoq-6g3ya-1,ib_counter,rdma_vf_rail1,port_rcv_packets,7.03437e+08
2026-09-30T06:47:39.420Z,gpu-3uwoq-6g3ya-1,ib_counter,rdma_vf_rail1,port_xmit_wait,0
2026-09-30T06:47:39.420Z,gpu-3uwoq-6g3ya-1,ib_counter,rdma_vf_rail1,port_rcv_errors,0
2026-09-30T06:47:39.420Z,gpu-3uwoq-6g3ya-1,ib_counter,rdma_vf_rail1,port_xmit_discards,0
2026-09-30T06:47:39.420Z,gpu-3uwoq-6g3ya-1,ib_counter,rdma_vf_rail1,link_downed,0
2026-09-30T06:47:39.420Z,gpu-3uwoq-6g3ya-1,ib_hw_counter,rdma_vf_rail1,out_of_sequence,0
2026-09-30T06:47:39.420Z,gpu-3uwoq-6g3ya-1,ib_hw_counter,rdma_vf_rail1,packet_seq_err,8
2026-09-30T06:47:39.420Z,gpu-3uwoq-6g3ya-1,ib_hw_counter,rdma_vf_rail1,local_ack_timeout_err,0
2026-09-30T06:47:39.420Z,gpu-3uwoq-6g3ya-1,ib_hw_counter,rdma_vf_rail1,rx_write_requests,4.4312e+08
2026-09-30T06:47:39.420Z,gpu-3uwoq-6g3ya-1,ib_hw_counter,rdma_vf_rail1,rx_read_requests,8.14125e+06
2026-09-30T06:47:39.420Z,gpu-3uwoq-6g3ya-1,ib_hw_counter,rdma_vf_rail1,req_cqe_error,0
2026-09-30T06:47:39.420Z,gpu-3uwoq-6g3ya-1,ib_hw_counter,rdma_vf_rail1,resp_cqe_error,0
2026-09-30T06:47:39.420Z,gpu-3uwoq-6g3ya-1,ib_hw_counter,rdma_vf_rail1,implied_nak_seq_err,0
2026-09-30T06:47:39.420Z,gpu-3uwoq-6g3ya-1,ib_hw_counter,rdma_vf_rail1,duplicate_request,0
2026-09-30T06:47:39.420Z,gpu-3uwoq-6g3ya-1,ib_counter,rdma_vf_rail2,port_xmit_data,3.93272e+12
2026-09-30T06:47:39.420Z,gpu-3uwoq-6g3ya-1,ib_counter,rdma_vf_rail2,port_rcv_data,1.96447e+12
2026-09-30T06:47:39.420Z,gpu-3uwoq-6g3ya-1,ib_counter,rdma_vf_rail2,port_xmit_packets,1.05836e+09
2026-09-30T06:47:39.420Z,gpu-3uwoq-6g3ya-1,ib_counter,rdma_vf_rail2,port_rcv_packets,6.8439e+08
2026-09-30T06:47:39.420Z,gpu-3uwoq-6g3ya-1,ib_counter,rdma_vf_rail2,port_xmit_wait,0
2026-09-30T06:47:39.420Z,gpu-3uwoq-6g3ya-1,ib_counter,rdma_vf_rail2,port_rcv_errors,0
2026-09-30T06:47:39.420Z,gpu-3uwoq-6g3ya-1,ib_counter,rdma_vf_rail2,port_xmit_discards,0
2026-09-30T06:47:39.420Z,gpu-3uwoq-6g3ya-1,ib_counter,rdma_vf_rail2,link_downed,0
2026-09-30T06:47:39.420Z,gpu-3uwoq-6g3ya-1,ib_hw_counter,rdma_vf_rail2,out_of_sequence,0
2026-09-30T06:47:39.420Z,gpu-3uwoq-6g3ya-1,ib_hw_counter,rdma_vf_rail2,packet_seq_err,7
2026-09-30T06:47:39.420Z,gpu-3uwoq-6g3ya-1,ib_hw_counter,rdma_vf_rail2,local_ack_timeout_err,0
2026-09-30T06:47:39.420Z,gpu-3uwoq-6g3ya-1,ib_hw_counter,rdma_vf_rail2,rx_write_requests,4.42693e+08
2026-09-30T06:47:39.420Z,gpu-3uwoq-6g3ya-1,ib_hw_counter,rdma_vf_rail2,rx_read_requests,7.93362e+06
2026-09-30T06:47:39.420Z,gpu-3uwoq-6g3ya-1,ib_hw_counter,rdma_vf_rail2,req_cqe_error,0
2026-09-30T06:47:39.420Z,gpu-3uwoq-6g3ya-1,ib_hw_counter,rdma_vf_rail2,resp_cqe_error,0
2026-09-30T06:47:39.420Z,gpu-3uwoq-6g3ya-1,ib_hw_counter,rdma_vf_rail2,implied_nak_seq_err,0
2026-09-30T06:47:39.420Z,gpu-3uwoq-6g3ya-1,ib_hw_counter,rdma_vf_rail2,duplicate_request,0
2026-09-30T06:47:39.420Z,gpu-3uwoq-6g3ya-1,ib_counter,rdma_vf_rail3,port_xmit_data,3.93298e+12
2026-09-30T06:47:39.420Z,gpu-3uwoq-6g3ya-1,ib_counter,rdma_vf_rail3,port_rcv_data,1.96423e+12
2026-09-30T06:47:39.420Z,gpu-3uwoq-6g3ya-1,ib_counter,rdma_vf_rail3,port_xmit_packets,1.05914e+09
2026-09-30T06:47:39.420Z,gpu-3uwoq-6g3ya-1,ib_counter,rdma_vf_rail3,port_rcv_packets,6.81213e+08
2026-09-30T06:47:39.420Z,gpu-3uwoq-6g3ya-1,ib_counter,rdma_vf_rail3,port_xmit_wait,0
2026-09-30T06:47:39.420Z,gpu-3uwoq-6g3ya-1,ib_counter,rdma_vf_rail3,port_rcv_errors,0
2026-09-30T06:47:39.420Z,gpu-3uwoq-6g3ya-1,ib_counter,rdma_vf_rail3,port_xmit_discards,0
2026-09-30T06:47:39.420Z,gpu-3uwoq-6g3ya-1,ib_counter,rdma_vf_rail3,link_downed,0
2026-09-30T06:47:39.420Z,gpu-3uwoq-6g3ya-1,ib_hw_counter,rdma_vf_rail3,out_of_sequence,1
2026-09-30T06:47:39.420Z,gpu-3uwoq-6g3ya-1,ib_hw_counter,rdma_vf_rail3,packet_seq_err,7
2026-09-30T06:47:39.420Z,gpu-3uwoq-6g3ya-1,ib_hw_counter,rdma_vf_rail3,local_ack_timeout_err,0
2026-09-30T06:47:39.420Z,gpu-3uwoq-6g3ya-1,ib_hw_counter,rdma_vf_rail3,rx_write_requests,4.42693e+08
2026-09-30T06:47:39.420Z,gpu-3uwoq-6g3ya-1,ib_hw_counter,rdma_vf_rail3,rx_read_requests,7.93362e+06
2026-09-30T06:47:39.420Z,gpu-3uwoq-6g3ya-1,ib_hw_counter,rdma_vf_rail3,req_cqe_error,0
2026-09-30T06:47:39.420Z,gpu-3uwoq-6g3ya-1,ib_hw_counter,rdma_vf_rail3,resp_cqe_error,0
2026-09-30T06:47:39.420Z,gpu-3uwoq-6g3ya-1,ib_hw_counter,rdma_vf_rail3,implied_nak_seq_err,0
2026-09-30T06:47:39.420Z,gpu-3uwoq-6g3ya-1,ib_hw_counter,rdma_vf_rail3,duplicate_request,0
2026-09-30T06:47:39.420Z,gpu-3uwoq-6g3ya-1,dcgm,gpu2,gpu_util,0
2026-09-30T06:47:39.420Z,gpu-3uwoq-6g3ya-1,dcgm,gpu3,gpu_util,0
2026-09-30T06:47:39.420Z,gpu-3uwoq-6g3ya-1,dcgm,gpu0,gpu_util,0
2026-09-30T06:47:39.420Z,gpu-3uwoq-6g3ya-1,dcgm,gpu1,gpu_util,0
2026-09-30T06:47:39.420Z,gpu-3uwoq-6g3ya-1,dcgm,gpu2,nvlink_bandwidth_total,0
2026-09-30T06:47:39.420Z,gpu-3uwoq-6g3ya-1,dcgm,gpu3,nvlink_bandwidth_total,4270
2026-09-30T06:47:39.420Z,gpu-3uwoq-6g3ya-1,dcgm,gpu0,nvlink_bandwidth_total,0
2026-09-30T06:47:39.420Z,gpu-3uwoq-6g3ya-1,dcgm,gpu1,nvlink_bandwidth_total,0
2026-09-30T06:47:39.420Z,gpu-3uwoq-6g3ya-1,dcgm,gpu2,power_w,222.514
2026-09-30T06:47:39.420Z,gpu-3uwoq-6g3ya-1,dcgm,gpu3,power_w,227.338
2026-09-30T06:47:39.420Z,gpu-3uwoq-6g3ya-1,dcgm,gpu0,power_w,230.785
2026-09-30T06:47:39.420Z,gpu-3uwoq-6g3ya-1,dcgm,gpu1,power_w,226.514
2026-09-30T06:47:39.420Z,gpu-3uwoq-6g3ya-1,dcgm,gpu2,sm_clock_mhz,2070
2026-09-30T06:47:39.420Z,gpu-3uwoq-6g3ya-1,dcgm,gpu3,sm_clock_mhz,2070
2026-09-30T06:47:39.420Z,gpu-3uwoq-6g3ya-1,dcgm,gpu0,sm_clock_mhz,2070
2026-09-30T06:47:39.420Z,gpu-3uwoq-6g3ya-1,dcgm,gpu1,sm_clock_mhz,2070
2026-09-30T06:47:39.420Z,gpu-3uwoq-6g3ya-1,dcgm,gpu2,dram_active,0.001434
2026-09-30T06:47:39.420Z,gpu-3uwoq-6g3ya-1,dcgm,gpu3,dram_active,0.001437
2026-09-30T06:47:39.420Z,gpu-3uwoq-6g3ya-1,dcgm,gpu0,dram_active,0.001399
2026-09-30T06:47:39.420Z,gpu-3uwoq-6g3ya-1,dcgm,gpu1,dram_active,0.001431
2026-09-30T06:47:39.420Z,gpu-3uwoq-6g3ya-1,dcgm,gpu2,pcie_rx_bytes,4.77522e+08
2026-09-30T06:47:39.420Z,gpu-3uwoq-6g3ya-1,dcgm,gpu3,pcie_rx_bytes,4.77808e+08
2026-09-30T06:47:39.420Z,gpu-3uwoq-6g3ya-1,dcgm,gpu0,pcie_rx_bytes,4.77628e+08
2026-09-30T06:47:39.420Z,gpu-3uwoq-6g3ya-1,dcgm,gpu1,pcie_rx_bytes,4.79099e+08
2026-09-30T06:47:39.420Z,gpu-3uwoq-6g3ya-1,dcgm,gpu2,pcie_tx_bytes,4.68663e+08
2026-09-30T06:47:39.420Z,gpu-3uwoq-6g3ya-1,dcgm,gpu3,pcie_tx_bytes,4.68945e+08
2026-09-30T06:47:39.420Z,gpu-3uwoq-6g3ya-1,dcgm,gpu0,pcie_tx_bytes,4.68768e+08
2026-09-30T06:47:39.420Z,gpu-3uwoq-6g3ya-1,dcgm,gpu1,pcie_tx_bytes,4.70211e+08
2026-09-30T06:47:39.420Z,gpu-3uwoq-6g3ya-1,dcgm,gpu2,tensor_active,0
2026-09-30T06:47:39.420Z,gpu-3uwoq-6g3ya-1,dcgm,gpu3,tensor_active,0
2026-09-30T06:47:39.420Z,gpu-3uwoq-6g3ya-1,dcgm,gpu0,tensor_active,0
2026-09-30T06:47:39.420Z,gpu-3uwoq-6g3ya-1,dcgm,gpu1,tensor_active,0
2026-09-30T06:47:39.420Z,gpu-3uwoq-6g3ya-1,dcgm,gpu2,sm_active,0.00183
2026-09-30T06:47:39.420Z,gpu-3uwoq-6g3ya-1,dcgm,gpu3,sm_active,0.001844
2026-09-30T06:47:39.420Z,gpu-3uwoq-6g3ya-1,dcgm,gpu0,sm_active,0.001845
2026-09-30T06:47:39.420Z,gpu-3uwoq-6g3ya-1,dcgm,gpu1,sm_active,0.001956
2026-09-30T06:47:39.420Z,gpu-3uwoq-6g3ya-1,nvlink,gpu0,nvlink_rx_bytes,1.02469e+13
2026-09-30T06:47:39.420Z,gpu-3uwoq-6g3ya-1,nvlink,gpu0,nvlink_tx_bytes,1.02513e+13
2026-09-30T06:47:39.420Z,gpu-3uwoq-6g3ya-1,nvlink,gpu1,nvlink_rx_bytes,1.04013e+13
2026-09-30T06:47:39.420Z,gpu-3uwoq-6g3ya-1,nvlink,gpu1,nvlink_tx_bytes,1.04042e+13
2026-09-30T06:47:39.420Z,gpu-3uwoq-6g3ya-1,nvlink,gpu2,nvlink_rx_bytes,1.02695e+13
2026-09-30T06:47:39.420Z,gpu-3uwoq-6g3ya-1,nvlink,gpu2,nvlink_tx_bytes,1.02732e+13
2026-09-30T06:47:39.420Z,gpu-3uwoq-6g3ya-1,nvlink,gpu3,nvlink_rx_bytes,1.0219e+13
2026-09-30T06:47:39.420Z,gpu-3uwoq-6g3ya-1,nvlink,gpu3,nvlink_tx_bytes,1.0222e+13
2026-09-30T06:47:40.421Z,gpu-3uwoq-6g3ya-1,ib_counter,rdma_vf_rail0,port_xmit_data,4.06776e+12
2026-09-30T06:47:40.421Z,gpu-3uwoq-6g3ya-1,ib_counter,rdma_vf_rail0,port_rcv_data,2.10036e+12
2026-09-30T06:47:40.421Z,gpu-3uwoq-6g3ya-1,ib_counter,rdma_vf_rail0,port_xmit_packets,1.0991e+09
2026-09-30T06:47:40.421Z,gpu-3uwoq-6g3ya-1,ib_counter,rdma_vf_rail0,port_rcv_packets,7.34514e+08
2026-09-30T06:47:40.421Z,gpu-3uwoq-6g3ya-1,ib_counter,rdma_vf_rail0,port_xmit_wait,0
2026-09-30T06:47:40.421Z,gpu-3uwoq-6g3ya-1,ib_counter,rdma_vf_rail0,port_rcv_errors,0
2026-09-30T06:47:40.421Z,gpu-3uwoq-6g3ya-1,ib_counter,rdma_vf_rail0,port_xmit_discards,0
2026-09-30T06:47:40.421Z,gpu-3uwoq-6g3ya-1,ib_counter,rdma_vf_rail0,link_downed,0
2026-09-30T06:47:40.421Z,gpu-3uwoq-6g3ya-1,ib_hw_counter,rdma_vf_rail0,out_of_sequence,0
2026-09-30T06:47:40.421Z,gpu-3uwoq-6g3ya-1,ib_hw_counter,rdma_vf_rail0,packet_seq_err,8
2026-09-30T06:47:40.421Z,gpu-3uwoq-6g3ya-1,ib_hw_counter,rdma_vf_rail0,local_ack_timeout_err,0
2026-09-30T06:47:40.421Z,gpu-3uwoq-6g3ya-1,ib_hw_counter,rdma_vf_rail0,rx_write_requests,4.44718e+08
2026-09-30T06:47:40.421Z,gpu-3uwoq-6g3ya-1,ib_hw_counter,rdma_vf_rail0,rx_read_requests,8.94226e+06
2026-09-30T06:47:40.421Z,gpu-3uwoq-6g3ya-1,ib_hw_counter,rdma_vf_rail0,req_cqe_error,0
2026-09-30T06:47:40.421Z,gpu-3uwoq-6g3ya-1,ib_hw_counter,rdma_vf_rail0,resp_cqe_error,0
2026-09-30T06:47:40.421Z,gpu-3uwoq-6g3ya-1,ib_hw_counter,rdma_vf_rail0,implied_nak_seq_err,0
2026-09-30T06:47:40.421Z,gpu-3uwoq-6g3ya-1,ib_hw_counter,rdma_vf_rail0,duplicate_request,0
2026-09-30T06:47:40.421Z,gpu-3uwoq-6g3ya-1,ib_counter,rdma_vf_rail1,port_xmit_data,3.96023e+12
2026-09-30T06:47:40.421Z,gpu-3uwoq-6g3ya-1,ib_counter,rdma_vf_rail1,port_rcv_data,1.99224e+12
2026-09-30T06:47:40.421Z,gpu-3uwoq-6g3ya-1,ib_counter,rdma_vf_rail1,port_xmit_packets,1.07291e+09
2026-09-30T06:47:40.421Z,gpu-3uwoq-6g3ya-1,ib_counter,rdma_vf_rail1,port_rcv_packets,7.03437e+08
2026-09-30T06:47:40.421Z,gpu-3uwoq-6g3ya-1,ib_counter,rdma_vf_rail1,port_xmit_wait,0
2026-09-30T06:47:40.421Z,gpu-3uwoq-6g3ya-1,ib_counter,rdma_vf_rail1,port_rcv_errors,0
2026-09-30T06:47:40.421Z,gpu-3uwoq-6g3ya-1,ib_counter,rdma_vf_rail1,port_xmit_discards,0
2026-09-30T06:47:40.421Z,gpu-3uwoq-6g3ya-1,ib_counter,rdma_vf_rail1,link_downed,0
2026-09-30T06:47:40.421Z,gpu-3uwoq-6g3ya-1,ib_hw_counter,rdma_vf_rail1,out_of_sequence,0
2026-09-30T06:47:40.421Z,gpu-3uwoq-6g3ya-1,ib_hw_counter,rdma_vf_rail1,packet_seq_err,8
2026-09-30T06:47:40.421Z,gpu-3uwoq-6g3ya-1,ib_hw_counter,rdma_vf_rail1,local_ack_timeout_err,0
2026-09-30T06:47:40.421Z,gpu-3uwoq-6g3ya-1,ib_hw_counter,rdma_vf_rail1,rx_write_requests,4.4312e+08
2026-09-30T06:47:40.421Z,gpu-3uwoq-6g3ya-1,ib_hw_counter,rdma_vf_rail1,rx_read_requests,8.14125e+06
2026-09-30T06:47:40.421Z,gpu-3uwoq-6g3ya-1,ib_hw_counter,rdma_vf_rail1,req_cqe_error,0
2026-09-30T06:47:40.421Z,gpu-3uwoq-6g3ya-1,ib_hw_counter,rdma_vf_rail1,resp_cqe_error,0
2026-09-30T06:47:40.421Z,gpu-3uwoq-6g3ya-1,ib_hw_counter,rdma_vf_rail1,implied_nak_seq_err,0
2026-09-30T06:47:40.421Z,gpu-3uwoq-6g3ya-1,ib_hw_counter,rdma_vf_rail1,duplicate_request,0
2026-09-30T06:47:40.421Z,gpu-3uwoq-6g3ya-1,ib_counter,rdma_vf_rail2,port_xmit_data,3.93272e+12
2026-09-30T06:47:40.421Z,gpu-3uwoq-6g3ya-1,ib_counter,rdma_vf_rail2,port_rcv_data,1.96447e+12
2026-09-30T06:47:40.421Z,gpu-3uwoq-6g3ya-1,ib_counter,rdma_vf_rail2,port_xmit_packets,1.05836e+09
2026-09-30T06:47:40.421Z,gpu-3uwoq-6g3ya-1,ib_counter,rdma_vf_rail2,port_rcv_packets,6.8439e+08
2026-09-30T06:47:40.421Z,gpu-3uwoq-6g3ya-1,ib_counter,rdma_vf_rail2,port_xmit_wait,0
2026-09-30T06:47:40.421Z,gpu-3uwoq-6g3ya-1,ib_counter,rdma_vf_rail2,port_rcv_errors,0
2026-09-30T06:47:40.421Z,gpu-3uwoq-6g3ya-1,ib_counter,rdma_vf_rail2,port_xmit_discards,0
2026-09-30T06:47:40.421Z,gpu-3uwoq-6g3ya-1,ib_counter,rdma_vf_rail2,link_downed,0
2026-09-30T06:47:40.421Z,gpu-3uwoq-6g3ya-1,ib_hw_counter,rdma_vf_rail2,out_of_sequence,0
2026-09-30T06:47:40.421Z,gpu-3uwoq-6g3ya-1,ib_hw_counter,rdma_vf_rail2,packet_seq_err,7
2026-09-30T06:47:40.421Z,gpu-3uwoq-6g3ya-1,ib_hw_counter,rdma_vf_rail2,local_ack_timeout_err,0
2026-09-30T06:47:40.421Z,gpu-3uwoq-6g3ya-1,ib_hw_counter,rdma_vf_rail2,rx_write_requests,4.42693e+08
2026-09-30T06:47:40.421Z,gpu-3uwoq-6g3ya-1,ib_hw_counter,rdma_vf_rail2,rx_read_requests,7.93362e+06
2026-09-30T06:47:40.421Z,gpu-3uwoq-6g3ya-1,ib_hw_counter,rdma_vf_rail2,req_cqe_error,0
2026-09-30T06:47:40.421Z,gpu-3uwoq-6g3ya-1,ib_hw_counter,rdma_vf_rail2,resp_cqe_error,0
2026-09-30T06:47:40.421Z,gpu-3uwoq-6g3ya-1,ib_hw_counter,rdma_vf_rail2,implied_nak_seq_err,0
2026-09-30T06:47:40.421Z,gpu-3uwoq-6g3ya-1,ib_hw_counter,rdma_vf_rail2,duplicate_request,0
2026-09-30T06:47:40.421Z,gpu-3uwoq-6g3ya-1,ib_counter,rdma_vf_rail3,port_xmit_data,3.93298e+12
2026-09-30T06:47:40.421Z,gpu-3uwoq-6g3ya-1,ib_counter,rdma_vf_rail3,port_rcv_data,1.96423e+12
2026-09-30T06:47:40.421Z,gpu-3uwoq-6g3ya-1,ib_counter,rdma_vf_rail3,port_xmit_packets,1.05914e+09
2026-09-30T06:47:40.421Z,gpu-3uwoq-6g3ya-1,ib_counter,rdma_vf_rail3,port_rcv_packets,6.81213e+08
2026-09-30T06:47:40.421Z,gpu-3uwoq-6g3ya-1,ib_counter,rdma_vf_rail3,port_xmit_wait,0
2026-09-30T06:47:40.421Z,gpu-3uwoq-6g3ya-1,ib_counter,rdma_vf_rail3,port_rcv_errors,0
2026-09-30T06:47:40.421Z,gpu-3uwoq-6g3ya-1,ib_counter,rdma_vf_rail3,port_xmit_discards,0
2026-09-30T06:47:40.421Z,gpu-3uwoq-6g3ya-1,ib_counter,rdma_vf_rail3,link_downed,0
2026-09-30T06:47:40.421Z,gpu-3uwoq-6g3ya-1,ib_hw_counter,rdma_vf_rail3,out_of_sequence,1
2026-09-30T06:47:40.421Z,gpu-3uwoq-6g3ya-1,ib_hw_counter,rdma_vf_rail3,packet_seq_err,7
2026-09-30T06:47:40.421Z,gpu-3uwoq-6g3ya-1,ib_hw_counter,rdma_vf_rail3,local_ack_timeout_err,0
2026-09-30T06:47:40.421Z,gpu-3uwoq-6g3ya-1,ib_hw_counter,rdma_vf_rail3,rx_write_requests,4.42693e+08
2026-09-30T06:47:40.421Z,gpu-3uwoq-6g3ya-1,ib_hw_counter,rdma_vf_rail3,rx_read_requests,7.93362e+06
2026-09-30T06:47:40.421Z,gpu-3uwoq-6g3ya-1,ib_hw_counter,rdma_vf_rail3,req_cqe_error,0
2026-09-30T06:47:40.421Z,gpu-3uwoq-6g3ya-1,ib_hw_counter,rdma_vf_rail3,resp_cqe_error,0
2026-09-30T06:47:40.421Z,gpu-3uwoq-6g3ya-1,ib_hw_counter,rdma_vf_rail3,implied_nak_seq_err,0
2026-09-30T06:47:40.421Z,gpu-3uwoq-6g3ya-1,ib_hw_counter,rdma_vf_rail3,duplicate_request,0
2026-09-30T06:47:40.421Z,gpu-3uwoq-6g3ya-1,dcgm,gpu2,gpu_util,0
2026-09-30T06:47:40.421Z,gpu-3uwoq-6g3ya-1,dcgm,gpu3,gpu_util,0
2026-09-30T06:47:40.421Z,gpu-3uwoq-6g3ya-1,dcgm,gpu0,gpu_util,0
2026-09-30T06:47:40.421Z,gpu-3uwoq-6g3ya-1,dcgm,gpu1,gpu_util,0
2026-09-30T06:47:40.421Z,gpu-3uwoq-6g3ya-1,dcgm,gpu2,nvlink_bandwidth_total,0
2026-09-30T06:47:40.421Z,gpu-3uwoq-6g3ya-1,dcgm,gpu3,nvlink_bandwidth_total,4270
2026-09-30T06:47:40.421Z,gpu-3uwoq-6g3ya-1,dcgm,gpu0,nvlink_bandwidth_total,0
2026-09-30T06:47:40.421Z,gpu-3uwoq-6g3ya-1,dcgm,gpu1,nvlink_bandwidth_total,0
2026-09-30T06:47:40.421Z,gpu-3uwoq-6g3ya-1,dcgm,gpu2,power_w,222.514
2026-09-30T06:47:40.421Z,gpu-3uwoq-6g3ya-1,dcgm,gpu3,power_w,227.338
2026-09-30T06:47:40.421Z,gpu-3uwoq-6g3ya-1,dcgm,gpu0,power_w,230.785
2026-09-30T06:47:40.421Z,gpu-3uwoq-6g3ya-1,dcgm,gpu1,power_w,226.514
2026-09-30T06:47:40.421Z,gpu-3uwoq-6g3ya-1,dcgm,gpu2,sm_clock_mhz,2070
2026-09-30T06:47:40.421Z,gpu-3uwoq-6g3ya-1,dcgm,gpu3,sm_clock_mhz,2070
2026-09-30T06:47:40.421Z,gpu-3uwoq-6g3ya-1,dcgm,gpu0,sm_clock_mhz,2070
2026-09-30T06:47:40.421Z,gpu-3uwoq-6g3ya-1,dcgm,gpu1,sm_clock_mhz,2070
2026-09-30T06:47:40.421Z,gpu-3uwoq-6g3ya-1,dcgm,gpu2,dram_active,0.001434
2026-09-30T06:47:40.421Z,gpu-3uwoq-6g3ya-1,dcgm,gpu3,dram_active,0.001437
2026-09-30T06:47:40.421Z,gpu-3uwoq-6g3ya-1,dcgm,gpu0,dram_active,0.001399
2026-09-30T06:47:40.421Z,gpu-3uwoq-6g3ya-1,dcgm,gpu1,dram_active,0.001431
2026-09-30T06:47:40.421Z,gpu-3uwoq-6g3ya-1,dcgm,gpu2,pcie_rx_bytes,4.77522e+08
2026-09-30T06:47:40.421Z,gpu-3uwoq-6g3ya-1,dcgm,gpu3,pcie_rx_bytes,4.77808e+08
2026-09-30T06:47:40.421Z,gpu-3uwoq-6g3ya-1,dcgm,gpu0,pcie_rx_bytes,4.77628e+08
2026-09-30T06:47:40.421Z,gpu-3uwoq-6g3ya-1,dcgm,gpu1,pcie_rx_bytes,4.79099e+08
2026-09-30T06:47:40.421Z,gpu-3uwoq-6g3ya-1,dcgm,gpu2,pcie_tx_bytes,4.68663e+08
2026-09-30T06:47:40.421Z,gpu-3uwoq-6g3ya-1,dcgm,gpu3,pcie_tx_bytes,4.68945e+08
2026-09-30T06:47:40.421Z,gpu-3uwoq-6g3ya-1,dcgm,gpu0,pcie_tx_bytes,4.68768e+08
2026-09-30T06:47:40.421Z,gpu-3uwoq-6g3ya-1,dcgm,gpu1,pcie_tx_bytes,4.70211e+08
2026-09-30T06:47:40.421Z,gpu-3uwoq-6g3ya-1,dcgm,gpu2,tensor_active,0
2026-09-30T06:47:40.421Z,gpu-3uwoq-6g3ya-1,dcgm,gpu3,tensor_active,0
2026-09-30T06:47:40.421Z,gpu-3uwoq-6g3ya-1,dcgm,gpu0,tensor_active,0
2026-09-30T06:47:40.421Z,gpu-3uwoq-6g3ya-1,dcgm,gpu1,tensor_active,0
2026-09-30T06:47:40.421Z,gpu-3uwoq-6g3ya-1,dcgm,gpu2,sm_active,0.00183
2026-09-30T06:47:40.421Z,gpu-3uwoq-6g3ya-1,dcgm,gpu3,sm_active,0.001844
2026-09-30T06:47:40.421Z,gpu-3uwoq-6g3ya-1,dcgm,gpu0,sm_active,0.001845
2026-09-30T06:47:40.421Z,gpu-3uwoq-6g3ya-1,dcgm,gpu1,sm_active,0.001956
2026-09-30T06:47:40.421Z,gpu-3uwoq-6g3ya-1,nvlink,gpu0,nvlink_rx_bytes,1.02469e+13
2026-09-30T06:47:40.421Z,gpu-3uwoq-6g3ya-1,nvlink,gpu0,nvlink_tx_bytes,1.02513e+13
2026-09-30T06:47:40.421Z,gpu-3uwoq-6g3ya-1,nvlink,gpu1,nvlink_rx_bytes,1.04013e+13
2026-09-30T06:47:40.421Z,gpu-3uwoq-6g3ya-1,nvlink,gpu1,nvlink_tx_bytes,1.04042e+13
2026-09-30T06:47:40.421Z,gpu-3uwoq-6g3ya-1,nvlink,gpu2,nvlink_rx_bytes,1.02695e+13
2026-09-30T06:47:40.421Z,gpu-3uwoq-6g3ya-1,nvlink,gpu2,nvlink_tx_bytes,1.02732e+13
2026-09-30T06:47:40.421Z,gpu-3uwoq-6g3ya-1,nvlink,gpu3,nvlink_rx_bytes,1.0219e+13
2026-09-30T06:47:40.421Z,gpu-3uwoq-6g3ya-1,nvlink,gpu3,nvlink_tx_bytes,1.0222e+13
2026-09-30T06:47:41.421Z,gpu-3uwoq-6g3ya-1,ib_counter,rdma_vf_rail0,port_xmit_data,4.06776e+12
2026-09-30T06:47:41.421Z,gpu-3uwoq-6g3ya-1,ib_counter,rdma_vf_rail0,port_rcv_data,2.10036e+12
2026-09-30T06:47:41.421Z,gpu-3uwoq-6g3ya-1,ib_counter,rdma_vf_rail0,port_xmit_packets,1.0991e+09
2026-09-30T06:47:41.421Z,gpu-3uwoq-6g3ya-1,ib_counter,rdma_vf_rail0,port_rcv_packets,7.34514e+08
2026-09-30T06:47:41.421Z,gpu-3uwoq-6g3ya-1,ib_counter,rdma_vf_rail0,port_xmit_wait,0
2026-09-30T06:47:41.421Z,gpu-3uwoq-6g3ya-1,ib_counter,rdma_vf_rail0,port_rcv_errors,0
2026-09-30T06:47:41.421Z,gpu-3uwoq-6g3ya-1,ib_counter,rdma_vf_rail0,port_xmit_discards,0
2026-09-30T06:47:41.421Z,gpu-3uwoq-6g3ya-1,ib_counter,rdma_vf_rail0,link_downed,0
2026-09-30T06:47:41.421Z,gpu-3uwoq-6g3ya-1,ib_hw_counter,rdma_vf_rail0,out_of_sequence,0
2026-09-30T06:47:41.421Z,gpu-3uwoq-6g3ya-1,ib_hw_counter,rdma_vf_rail0,packet_seq_err,8
2026-09-30T06:47:41.421Z,gpu-3uwoq-6g3ya-1,ib_hw_counter,rdma_vf_rail0,local_ack_timeout_err,0
2026-09-30T06:47:41.421Z,gpu-3uwoq-6g3ya-1,ib_hw_counter,rdma_vf_rail0,rx_write_requests,4.44718e+08
2026-09-30T06:47:41.421Z,gpu-3uwoq-6g3ya-1,ib_hw_counter,rdma_vf_rail0,rx_read_requests,8.94226e+06
2026-09-30T06:47:41.421Z,gpu-3uwoq-6g3ya-1,ib_hw_counter,rdma_vf_rail0,req_cqe_error,0
2026-09-30T06:47:41.421Z,gpu-3uwoq-6g3ya-1,ib_hw_counter,rdma_vf_rail0,resp_cqe_error,0
2026-09-30T06:47:41.421Z,gpu-3uwoq-6g3ya-1,ib_hw_counter,rdma_vf_rail0,implied_nak_seq_err,0
2026-09-30T06:47:41.421Z,gpu-3uwoq-6g3ya-1,ib_hw_counter,rdma_vf_rail0,duplicate_request,0
2026-09-30T06:47:41.421Z,gpu-3uwoq-6g3ya-1,ib_counter,rdma_vf_rail1,port_xmit_data,3.96023e+12
2026-09-30T06:47:41.421Z,gpu-3uwoq-6g3ya-1,ib_counter,rdma_vf_rail1,port_rcv_data,1.99224e+12
2026-09-30T06:47:41.421Z,gpu-3uwoq-6g3ya-1,ib_counter,rdma_vf_rail1,port_xmit_packets,1.07291e+09
2026-09-30T06:47:41.421Z,gpu-3uwoq-6g3ya-1,ib_counter,rdma_vf_rail1,port_rcv_packets,7.03437e+08
2026-09-30T06:47:41.421Z,gpu-3uwoq-6g3ya-1,ib_counter,rdma_vf_rail1,port_xmit_wait,0
2026-09-30T06:47:41.421Z,gpu-3uwoq-6g3ya-1,ib_counter,rdma_vf_rail1,port_rcv_errors,0
2026-09-30T06:47:41.421Z,gpu-3uwoq-6g3ya-1,ib_counter,rdma_vf_rail1,port_xmit_discards,0
2026-09-30T06:47:41.421Z,gpu-3uwoq-6g3ya-1,ib_counter,rdma_vf_rail1,link_downed,0
2026-09-30T06:47:41.421Z,gpu-3uwoq-6g3ya-1,ib_hw_counter,rdma_vf_rail1,out_of_sequence,0
2026-09-30T06:47:41.421Z,gpu-3uwoq-6g3ya-1,ib_hw_counter,rdma_vf_rail1,packet_seq_err,8
2026-09-30T06:47:41.421Z,gpu-3uwoq-6g3ya-1,ib_hw_counter,rdma_vf_rail1,local_ack_timeout_err,0
2026-09-30T06:47:41.421Z,gpu-3uwoq-6g3ya-1,ib_hw_counter,rdma_vf_rail1,rx_write_requests,4.4312e+08
2026-09-30T06:47:41.421Z,gpu-3uwoq-6g3ya-1,ib_hw_counter,rdma_vf_rail1,rx_read_requests,8.14125e+06
2026-09-30T06:47:41.421Z,gpu-3uwoq-6g3ya-1,ib_hw_counter,rdma_vf_rail1,req_cqe_error,0
2026-09-30T06:47:41.421Z,gpu-3uwoq-6g3ya-1,ib_hw_counter,rdma_vf_rail1,resp_cqe_error,0
2026-09-30T06:47:41.421Z,gpu-3uwoq-6g3ya-1,ib_hw_counter,rdma_vf_rail1,implied_nak_seq_err,0
2026-09-30T06:47:41.421Z,gpu-3uwoq-6g3ya-1,ib_hw_counter,rdma_vf_rail1,duplicate_request,0
2026-09-30T06:47:41.421Z,gpu-3uwoq-6g3ya-1,ib_counter,rdma_vf_rail2,port_xmit_data,3.93272e+12
2026-09-30T06:47:41.421Z,gpu-3uwoq-6g3ya-1,ib_counter,rdma_vf_rail2,port_rcv_data,1.96447e+12
2026-09-30T06:47:41.421Z,gpu-3uwoq-6g3ya-1,ib_counter,rdma_vf_rail2,port_xmit_packets,1.05836e+09
2026-09-30T06:47:41.421Z,gpu-3uwoq-6g3ya-1,ib_counter,rdma_vf_rail2,port_rcv_packets,6.8439e+08
2026-09-30T06:47:41.421Z,gpu-3uwoq-6g3ya-1,ib_counter,rdma_vf_rail2,port_xmit_wait,0
2026-09-30T06:47:41.421Z,gpu-3uwoq-6g3ya-1,ib_counter,rdma_vf_rail2,port_rcv_errors,0
2026-09-30T06:47:41.421Z,gpu-3uwoq-6g3ya-1,ib_counter,rdma_vf_rail2,port_xmit_discards,0
2026-09-30T06:47:41.421Z,gpu-3uwoq-6g3ya-1,ib_counter,rdma_vf_rail2,link_downed,0
2026-09-30T06:47:41.421Z,gpu-3uwoq-6g3ya-1,ib_hw_counter,rdma_vf_rail2,out_of_sequence,0
2026-09-30T06:47:41.421Z,gpu-3uwoq-6g3ya-1,ib_hw_counter,rdma_vf_rail2,packet_seq_err,7
2026-09-30T06:47:41.421Z,gpu-3uwoq-6g3ya-1,ib_hw_counter,rdma_vf_rail2,local_ack_timeout_err,0
2026-09-30T06:47:41.421Z,gpu-3uwoq-6g3ya-1,ib_hw_counter,rdma_vf_rail2,rx_write_requests,4.42693e+08
2026-09-30T06:47:41.421Z,gpu-3uwoq-6g3ya-1,ib_hw_counter,rdma_vf_rail2,rx_read_requests,7.93362e+06
2026-09-30T06:47:41.421Z,gpu-3uwoq-6g3ya-1,ib_hw_counter,rdma_vf_rail2,req_cqe_error,0
2026-09-30T06:47:41.421Z,gpu-3uwoq-6g3ya-1,ib_hw_counter,rdma_vf_rail2,resp_cqe_error,0
2026-09-30T06:47:41.421Z,gpu-3uwoq-6g3ya-1,ib_hw_counter,rdma_vf_rail2,implied_nak_seq_err,0
2026-09-30T06:47:41.421Z,gpu-3uwoq-6g3ya-1,ib_hw_counter,rdma_vf_rail2,duplicate_request,0
2026-09-30T06:47:41.421Z,gpu-3uwoq-6g3ya-1,ib_counter,rdma_vf_rail3,port_xmit_data,3.93298e+12
2026-09-30T06:47:41.421Z,gpu-3uwoq-6g3ya-1,ib_counter,rdma_vf_rail3,port_rcv_data,1.96423e+12
2026-09-30T06:47:41.421Z,gpu-3uwoq-6g3ya-1,ib_counter,rdma_vf_rail3,port_xmit_packets,1.05914e+09
2026-09-30T06:47:41.421Z,gpu-3uwoq-6g3ya-1,ib_counter,rdma_vf_rail3,port_rcv_packets,6.81213e+08
2026-09-30T06:47:41.421Z,gpu-3uwoq-6g3ya-1,ib_counter,rdma_vf_rail3,port_xmit_wait,0
2026-09-30T06:47:41.421Z,gpu-3uwoq-6g3ya-1,ib_counter,rdma_vf_rail3,port_rcv_errors,0
2026-09-30T06:47:41.421Z,gpu-3uwoq-6g3ya-1,ib_counter,rdma_vf_rail3,port_xmit_discards,0
2026-09-30T06:47:41.421Z,gpu-3uwoq-6g3ya-1,ib_counter,rdma_vf_rail3,link_downed,0
2026-09-30T06:47:41.421Z,gpu-3uwoq-6g3ya-1,ib_hw_counter,rdma_vf_rail3,out_of_sequence,1
2026-09-30T06:47:41.421Z,gpu-3uwoq-6g3ya-1,ib_hw_counter,rdma_vf_rail3,packet_seq_err,7
2026-09-30T06:47:41.421Z,gpu-3uwoq-6g3ya-1,ib_hw_counter,rdma_vf_rail3,local_ack_timeout_err,0
2026-09-30T06:47:41.421Z,gpu-3uwoq-6g3ya-1,ib_hw_counter,rdma_vf_rail3,rx_write_requests,4.42693e+08
2026-09-30T06:47:41.421Z,gpu-3uwoq-6g3ya-1,ib_hw_counter,rdma_vf_rail3,rx_read_requests,7.93362e+06
2026-09-30T06:47:41.421Z,gpu-3uwoq-6g3ya-1,ib_hw_counter,rdma_vf_rail3,req_cqe_error,0
2026-09-30T06:47:41.421Z,gpu-3uwoq-6g3ya-1,ib_hw_counter,rdma_vf_rail3,resp_cqe_error,0
2026-09-30T06:47:41.421Z,gpu-3uwoq-6g3ya-1,ib_hw_counter,rdma_vf_rail3,implied_nak_seq_err,0
2026-09-30T06:47:41.421Z,gpu-3uwoq-6g3ya-1,ib_hw_counter,rdma_vf_rail3,duplicate_request,0
2026-09-30T06:47:41.421Z,gpu-3uwoq-6g3ya-1,dcgm,gpu2,gpu_util,0
2026-09-30T06:47:41.421Z,gpu-3uwoq-6g3ya-1,dcgm,gpu3,gpu_util,0
2026-09-30T06:47:41.421Z,gpu-3uwoq-6g3ya-1,dcgm,gpu0,gpu_util,0
2026-09-30T06:47:41.421Z,gpu-3uwoq-6g3ya-1,dcgm,gpu1,gpu_util,0
2026-09-30T06:47:41.421Z,gpu-3uwoq-6g3ya-1,dcgm,gpu2,nvlink_bandwidth_total,0
2026-09-30T06:47:41.421Z,gpu-3uwoq-6g3ya-1,dcgm,gpu3,nvlink_bandwidth_total,4270
2026-09-30T06:47:41.421Z,gpu-3uwoq-6g3ya-1,dcgm,gpu0,nvlink_bandwidth_total,0
2026-09-30T06:47:41.421Z,gpu-3uwoq-6g3ya-1,dcgm,gpu1,nvlink_bandwidth_total,0
2026-09-30T06:47:41.421Z,gpu-3uwoq-6g3ya-1,dcgm,gpu2,power_w,222.514
2026-09-30T06:47:41.421Z,gpu-3uwoq-6g3ya-1,dcgm,gpu3,power_w,227.338
2026-09-30T06:47:41.421Z,gpu-3uwoq-6g3ya-1,dcgm,gpu0,power_w,230.785
2026-09-30T06:47:41.421Z,gpu-3uwoq-6g3ya-1,dcgm,gpu1,power_w,226.514
2026-09-30T06:47:41.421Z,gpu-3uwoq-6g3ya-1,dcgm,gpu2,sm_clock_mhz,2070
2026-09-30T06:47:41.421Z,gpu-3uwoq-6g3ya-1,dcgm,gpu3,sm_clock_mhz,2070
2026-09-30T06:47:41.421Z,gpu-3uwoq-6g3ya-1,dcgm,gpu0,sm_clock_mhz,2070
2026-09-30T06:47:41.421Z,gpu-3uwoq-6g3ya-1,dcgm,gpu1,sm_clock_mhz,2070
2026-09-30T06:47:41.421Z,gpu-3uwoq-6g3ya-1,dcgm,gpu2,dram_active,0.001434
2026-09-30T06:47:41.421Z,gpu-3uwoq-6g3ya-1,dcgm,gpu3,dram_active,0.001437
2026-09-30T06:47:41.421Z,gpu-3uwoq-6g3ya-1,dcgm,gpu0,dram_active,0.001399
2026-09-30T06:47:41.421Z,gpu-3uwoq-6g3ya-1,dcgm,gpu1,dram_active,0.001431
2026-09-30T06:47:41.421Z,gpu-3uwoq-6g3ya-1,dcgm,gpu2,pcie_rx_bytes,4.77522e+08
2026-09-30T06:47:41.421Z,gpu-3uwoq-6g3ya-1,dcgm,gpu3,pcie_rx_bytes,4.77808e+08
2026-09-30T06:47:41.421Z,gpu-3uwoq-6g3ya-1,dcgm,gpu0,pcie_rx_bytes,4.77628e+08
2026-09-30T06:47:41.421Z,gpu-3uwoq-6g3ya-1,dcgm,gpu1,pcie_rx_bytes,4.79099e+08
2026-09-30T06:47:41.421Z,gpu-3uwoq-6g3ya-1,dcgm,gpu2,pcie_tx_bytes,4.68663e+08
2026-09-30T06:47:41.421Z,gpu-3uwoq-6g3ya-1,dcgm,gpu3,pcie_tx_bytes,4.68945e+08
2026-09-30T06:47:41.421Z,gpu-3uwoq-6g3ya-1,dcgm,gpu0,pcie_tx_bytes,4.68768e+08
2026-09-30T06:47:41.421Z,gpu-3uwoq-6g3ya-1,dcgm,gpu1,pcie_tx_bytes,4.70211e+08
2026-09-30T06:47:41.421Z,gpu-3uwoq-6g3ya-1,dcgm,gpu2,tensor_active,0
2026-09-30T06:47:41.421Z,gpu-3uwoq-6g3ya-1,dcgm,gpu3,tensor_active,0
2026-09-30T06:47:41.421Z,gpu-3uwoq-6g3ya-1,dcgm,gpu0,tensor_active,0
2026-09-30T06:47:41.421Z,gpu-3uwoq-6g3ya-1,dcgm,gpu1,tensor_active,0
2026-09-30T06:47:41.421Z,gpu-3uwoq-6g3ya-1,dcgm,gpu2,sm_active,0.00183
2026-09-30T06:47:41.421Z,gpu-3uwoq-6g3ya-1,dcgm,gpu3,sm_active,0.001844
2026-09-30T06:47:41.421Z,gpu-3uwoq-6g3ya-1,dcgm,gpu0,sm_active,0.001845
2026-09-30T06:47:41.421Z,gpu-3uwoq-6g3ya-1,dcgm,gpu1,sm_active,0.001956
2026-09-30T06:47:41.421Z,gpu-3uwoq-6g3ya-1,nvlink,gpu0,nvlink_rx_bytes,1.02469e+13
2026-09-30T06:47:41.421Z,gpu-3uwoq-6g3ya-1,nvlink,gpu0,nvlink_tx_bytes,1.02513e+13
2026-09-30T06:47:41.421Z,gpu-3uwoq-6g3ya-1,nvlink,gpu1,nvlink_rx_bytes,1.04013e+13
2026-09-30T06:47:41.421Z,gpu-3uwoq-6g3ya-1,nvlink,gpu1,nvlink_tx_bytes,1.04042e+13
2026-09-30T06:47:41.421Z,gpu-3uwoq-6g3ya-1,nvlink,gpu2,nvlink_rx_bytes,1.02695e+13
2026-09-30T06:47:41.421Z,gpu-3uwoq-6g3ya-1,nvlink,gpu2,nvlink_tx_bytes,1.02732e+13
2026-09-30T06:47:41.421Z,gpu-3uwoq-6g3ya-1,nvlink,gpu3,nvlink_rx_bytes,1.0219e+13
2026-09-30T06:47:41.421Z,gpu-3uwoq-6g3ya-1,nvlink,gpu3,nvlink_tx_bytes,1.0222e+13
2026-09-30T06:47:42.421Z,gpu-3uwoq-6g3ya-1,ib_counter,rdma_vf_rail0,port_xmit_data,4.06776e+12
2026-09-30T06:47:42.421Z,gpu-3uwoq-6g3ya-1,ib_counter,rdma_vf_rail0,port_rcv_data,2.10036e+12
2026-09-30T06:47:42.421Z,gpu-3uwoq-6g3ya-1,ib_counter,rdma_vf_rail0,port_xmit_packets,1.0991e+09
2026-09-30T06:47:42.421Z,gpu-3uwoq-6g3ya-1,ib_counter,rdma_vf_rail0,port_rcv_packets,7.34514e+08
2026-09-30T06:47:42.421Z,gpu-3uwoq-6g3ya-1,ib_counter,rdma_vf_rail0,port_xmit_wait,0
2026-09-30T06:47:42.421Z,gpu-3uwoq-6g3ya-1,ib_counter,rdma_vf_rail0,port_rcv_errors,0
2026-09-30T06:47:42.421Z,gpu-3uwoq-6g3ya-1,ib_counter,rdma_vf_rail0,port_xmit_discards,0
2026-09-30T06:47:42.421Z,gpu-3uwoq-6g3ya-1,ib_counter,rdma_vf_rail0,link_downed,0
2026-09-30T06:47:42.421Z,gpu-3uwoq-6g3ya-1,ib_hw_counter,rdma_vf_rail0,out_of_sequence,0
2026-09-30T06:47:42.421Z,gpu-3uwoq-6g3ya-1,ib_hw_counter,rdma_vf_rail0,packet_seq_err,8
2026-09-30T06:47:42.421Z,gpu-3uwoq-6g3ya-1,ib_hw_counter,rdma_vf_rail0,local_ack_timeout_err,0
2026-09-30T06:47:42.421Z,gpu-3uwoq-6g3ya-1,ib_hw_counter,rdma_vf_rail0,rx_write_requests,4.44718e+08
2026-09-30T06:47:42.421Z,gpu-3uwoq-6g3ya-1,ib_hw_counter,rdma_vf_rail0,rx_read_requests,8.94226e+06
2026-09-30T06:47:42.421Z,gpu-3uwoq-6g3ya-1,ib_hw_counter,rdma_vf_rail0,req_cqe_error,0
2026-09-30T06:47:42.421Z,gpu-3uwoq-6g3ya-1,ib_hw_counter,rdma_vf_rail0,resp_cqe_error,0
2026-09-30T06:47:42.421Z,gpu-3uwoq-6g3ya-1,ib_hw_counter,rdma_vf_rail0,implied_nak_seq_err,0
2026-09-30T06:47:42.421Z,gpu-3uwoq-6g3ya-1,ib_hw_counter,rdma_vf_rail0,duplicate_request,0
2026-09-30T06:47:42.421Z,gpu-3uwoq-6g3ya-1,ib_counter,rdma_vf_rail1,port_xmit_data,3.96023e+12
2026-09-30T06:47:42.421Z,gpu-3uwoq-6g3ya-1,ib_counter,rdma_vf_rail1,port_rcv_data,1.99224e+12
2026-09-30T06:47:42.421Z,gpu-3uwoq-6g3ya-1,ib_counter,rdma_vf_rail1,port_xmit_packets,1.07291e+09
2026-09-30T06:47:42.421Z,gpu-3uwoq-6g3ya-1,ib_counter,rdma_vf_rail1,port_rcv_packets,7.03437e+08
2026-09-30T06:47:42.421Z,gpu-3uwoq-6g3ya-1,ib_counter,rdma_vf_rail1,port_xmit_wait,0
2026-09-30T06:47:42.421Z,gpu-3uwoq-6g3ya-1,ib_counter,rdma_vf_rail1,port_rcv_errors,0
2026-09-30T06:47:42.421Z,gpu-3uwoq-6g3ya-1,ib_counter,rdma_vf_rail1,port_xmit_discards,0
2026-09-30T06:47:42.421Z,gpu-3uwoq-6g3ya-1,ib_counter,rdma_vf_rail1,link_downed,0
2026-09-30T06:47:42.421Z,gpu-3uwoq-6g3ya-1,ib_hw_counter,rdma_vf_rail1,out_of_sequence,0
2026-09-30T06:47:42.421Z,gpu-3uwoq-6g3ya-1,ib_hw_counter,rdma_vf_rail1,packet_seq_err,8
2026-09-30T06:47:42.421Z,gpu-3uwoq-6g3ya-1,ib_hw_counter,rdma_vf_rail1,local_ack_timeout_err,0
2026-09-30T06:47:42.421Z,gpu-3uwoq-6g3ya-1,ib_hw_counter,rdma_vf_rail1,rx_write_requests,4.4312e+08
2026-09-30T06:47:42.421Z,gpu-3uwoq-6g3ya-1,ib_hw_counter,rdma_vf_rail1,rx_read_requests,8.14125e+06
2026-09-30T06:47:42.421Z,gpu-3uwoq-6g3ya-1,ib_hw_counter,rdma_vf_rail1,req_cqe_error,0
2026-09-30T06:47:42.421Z,gpu-3uwoq-6g3ya-1,ib_hw_counter,rdma_vf_rail1,resp_cqe_error,0
2026-09-30T06:47:42.421Z,gpu-3uwoq-6g3ya-1,ib_hw_counter,rdma_vf_rail1,implied_nak_seq_err,0
2026-09-30T06:47:42.421Z,gpu-3uwoq-6g3ya-1,ib_hw_counter,rdma_vf_rail1,duplicate_request,0
2026-09-30T06:47:42.421Z,gpu-3uwoq-6g3ya-1,ib_counter,rdma_vf_rail2,port_xmit_data,3.93272e+12
2026-09-30T06:47:42.421Z,gpu-3uwoq-6g3ya-1,ib_counter,rdma_vf_rail2,port_rcv_data,1.96447e+12
2026-09-30T06:47:42.421Z,gpu-3uwoq-6g3ya-1,ib_counter,rdma_vf_rail2,port_xmit_packets,1.05836e+09
2026-09-30T06:47:42.421Z,gpu-3uwoq-6g3ya-1,ib_counter,rdma_vf_rail2,port_rcv_packets,6.8439e+08
2026-09-30T06:47:42.421Z,gpu-3uwoq-6g3ya-1,ib_counter,rdma_vf_rail2,port_xmit_wait,0
2026-09-30T06:47:42.421Z,gpu-3uwoq-6g3ya-1,ib_counter,rdma_vf_rail2,port_rcv_errors,0
2026-09-30T06:47:42.421Z,gpu-3uwoq-6g3ya-1,ib_counter,rdma_vf_rail2,port_xmit_discards,0
2026-09-30T06:47:42.421Z,gpu-3uwoq-6g3ya-1,ib_counter,rdma_vf_rail2,link_downed,0
2026-09-30T06:47:42.421Z,gpu-3uwoq-6g3ya-1,ib_hw_counter,rdma_vf_rail2,out_of_sequence,0
2026-09-30T06:47:42.421Z,gpu-3uwoq-6g3ya-1,ib_hw_counter,rdma_vf_rail2,packet_seq_err,7
2026-09-30T06:47:42.421Z,gpu-3uwoq-6g3ya-1,ib_hw_counter,rdma_vf_rail2,local_ack_timeout_err,0
2026-09-30T06:47:42.421Z,gpu-3uwoq-6g3ya-1,ib_hw_counter,rdma_vf_rail2,rx_write_requests,4.42693e+08
2026-09-30T06:47:42.421Z,gpu-3uwoq-6g3ya-1,ib_hw_counter,rdma_vf_rail2,rx_read_requests,7.93362e+06
2026-09-30T06:47:42.421Z,gpu-3uwoq-6g3ya-1,ib_hw_counter,rdma_vf_rail2,req_cqe_error,0
2026-09-30T06:47:42.421Z,gpu-3uwoq-6g3ya-1,ib_hw_counter,rdma_vf_rail2,resp_cqe_error,0
2026-09-30T06:47:42.421Z,gpu-3uwoq-6g3ya-1,ib_hw_counter,rdma_vf_rail2,implied_nak_seq_err,0
2026-09-30T06:47:42.421Z,gpu-3uwoq-6g3ya-1,ib_hw_counter,rdma_vf_rail2,duplicate_request,0
2026-09-30T06:47:42.421Z,gpu-3uwoq-6g3ya-1,ib_counter,rdma_vf_rail3,port_xmit_data,3.93298e+12
2026-09-30T06:47:42.421Z,gpu-3uwoq-6g3ya-1,ib_counter,rdma_vf_rail3,port_rcv_data,1.96423e+12
2026-09-30T06:47:42.421Z,gpu-3uwoq-6g3ya-1,ib_counter,rdma_vf_rail3,port_xmit_packets,1.05914e+09
2026-09-30T06:47:42.421Z,gpu-3uwoq-6g3ya-1,ib_counter,rdma_vf_rail3,port_rcv_packets,6.81213e+08
2026-09-30T06:47:42.421Z,gpu-3uwoq-6g3ya-1,ib_counter,rdma_vf_rail3,port_xmit_wait,0
2026-09-30T06:47:42.421Z,gpu-3uwoq-6g3ya-1,ib_counter,rdma_vf_rail3,port_rcv_errors,0
2026-09-30T06:47:42.421Z,gpu-3uwoq-6g3ya-1,ib_counter,rdma_vf_rail3,port_xmit_discards,0
2026-09-30T06:47:42.421Z,gpu-3uwoq-6g3ya-1,ib_counter,rdma_vf_rail3,link_downed,0
2026-09-30T06:47:42.421Z,gpu-3uwoq-6g3ya-1,ib_hw_counter,rdma_vf_rail3,out_of_sequence,1
2026-09-30T06:47:42.421Z,gpu-3uwoq-6g3ya-1,ib_hw_counter,rdma_vf_rail3,packet_seq_err,7
2026-09-30T06:47:42.421Z,gpu-3uwoq-6g3ya-1,ib_hw_counter,rdma_vf_rail3,local_ack_timeout_err,0
2026-09-30T06:47:42.421Z,gpu-3uwoq-6g3ya-1,ib_hw_counter,rdma_vf_rail3,rx_write_requests,4.42693e+08
2026-09-30T06:47:42.421Z,gpu-3uwoq-6g3ya-1,ib_hw_counter,rdma_vf_rail3,rx_read_requests,7.93362e+06
2026-09-30T06:47:42.421Z,gpu-3uwoq-6g3ya-1,ib_hw_counter,rdma_vf_rail3,req_cqe_error,0
2026-09-30T06:47:42.421Z,gpu-3uwoq-6g3ya-1,ib_hw_counter,rdma_vf_rail3,resp_cqe_error,0
2026-09-30T06:47:42.421Z,gpu-3uwoq-6g3ya-1,ib_hw_counter,rdma_vf_rail3,implied_nak_seq_err,0
2026-09-30T06:47:42.421Z,gpu-3uwoq-6g3ya-1,ib_hw_counter,rdma_vf_rail3,duplicate_request,0
2026-09-30T06:47:42.421Z,gpu-3uwoq-6g3ya-1,dcgm,gpu2,gpu_util,0
2026-09-30T06:47:42.421Z,gpu-3uwoq-6g3ya-1,dcgm,gpu3,gpu_util,0
2026-09-30T06:47:42.421Z,gpu-3uwoq-6g3ya-1,dcgm,gpu0,gpu_util,0
2026-09-30T06:47:42.421Z,gpu-3uwoq-6g3ya-1,dcgm,gpu1,gpu_util,0
2026-09-30T06:47:42.421Z,gpu-3uwoq-6g3ya-1,dcgm,gpu2,nvlink_bandwidth_total,0
2026-09-30T06:47:42.421Z,gpu-3uwoq-6g3ya-1,dcgm,gpu3,nvlink_bandwidth_total,4270
2026-09-30T06:47:42.421Z,gpu-3uwoq-6g3ya-1,dcgm,gpu0,nvlink_bandwidth_total,0
2026-09-30T06:47:42.421Z,gpu-3uwoq-6g3ya-1,dcgm,gpu1,nvlink_bandwidth_total,0
2026-09-30T06:47:42.421Z,gpu-3uwoq-6g3ya-1,dcgm,gpu2,power_w,222.514
2026-09-30T06:47:42.421Z,gpu-3uwoq-6g3ya-1,dcgm,gpu3,power_w,227.338
2026-09-30T06:47:42.421Z,gpu-3uwoq-6g3ya-1,dcgm,gpu0,power_w,230.785
2026-09-30T06:47:42.421Z,gpu-3uwoq-6g3ya-1,dcgm,gpu1,power_w,226.514
2026-09-30T06:47:42.421Z,gpu-3uwoq-6g3ya-1,dcgm,gpu2,sm_clock_mhz,2070
2026-09-30T06:47:42.421Z,gpu-3uwoq-6g3ya-1,dcgm,gpu3,sm_clock_mhz,2070
2026-09-30T06:47:42.421Z,gpu-3uwoq-6g3ya-1,dcgm,gpu0,sm_clock_mhz,2070
2026-09-30T06:47:42.421Z,gpu-3uwoq-6g3ya-1,dcgm,gpu1,sm_clock_mhz,2070
2026-09-30T06:47:42.421Z,gpu-3uwoq-6g3ya-1,dcgm,gpu2,dram_active,0.001434
2026-09-30T06:47:42.421Z,gpu-3uwoq-6g3ya-1,dcgm,gpu3,dram_active,0.001437
2026-09-30T06:47:42.421Z,gpu-3uwoq-6g3ya-1,dcgm,gpu0,dram_active,0.001399
2026-09-30T06:47:42.421Z,gpu-3uwoq-6g3ya-1,dcgm,gpu1,dram_active,0.001431
2026-09-30T06:47:42.421Z,gpu-3uwoq-6g3ya-1,dcgm,gpu2,pcie_rx_bytes,4.77522e+08
2026-09-30T06:47:42.421Z,gpu-3uwoq-6g3ya-1,dcgm,gpu3,pcie_rx_bytes,4.77808e+08
2026-09-30T06:47:42.421Z,gpu-3uwoq-6g3ya-1,dcgm,gpu0,pcie_rx_bytes,4.77628e+08
2026-09-30T06:47:42.421Z,gpu-3uwoq-6g3ya-1,dcgm,gpu1,pcie_rx_bytes,4.79099e+08
2026-09-30T06:47:42.421Z,gpu-3uwoq-6g3ya-1,dcgm,gpu2,pcie_tx_bytes,4.68663e+08
2026-09-30T06:47:42.421Z,gpu-3uwoq-6g3ya-1,dcgm,gpu3,pcie_tx_bytes,4.68945e+08
2026-09-30T06:47:42.421Z,gpu-3uwoq-6g3ya-1,dcgm,gpu0,pcie_tx_bytes,4.68768e+08
2026-09-30T06:47:42.421Z,gpu-3uwoq-6g3ya-1,dcgm,gpu1,pcie_tx_bytes,4.70211e+08
2026-09-30T06:47:42.421Z,gpu-3uwoq-6g3ya-1,dcgm,gpu2,tensor_active,0
2026-09-30T06:47:42.421Z,gpu-3uwoq-6g3ya-1,dcgm,gpu3,tensor_active,0
2026-09-30T06:47:42.421Z,gpu-3uwoq-6g3ya-1,dcgm,gpu0,tensor_active,0
2026-09-30T06:47:42.421Z,gpu-3uwoq-6g3ya-1,dcgm,gpu1,tensor_active,0
2026-09-30T06:47:42.421Z,gpu-3uwoq-6g3ya-1,dcgm,gpu2,sm_active,0.00183
2026-09-30T06:47:42.421Z,gpu-3uwoq-6g3ya-1,dcgm,gpu3,sm_active,0.001844
2026-09-30T06:47:42.421Z,gpu-3uwoq-6g3ya-1,dcgm,gpu0,sm_active,0.001845
2026-09-30T06:47:42.421Z,gpu-3uwoq-6g3ya-1,dcgm,gpu1,sm_active,0.001956
2026-09-30T06:47:42.421Z,gpu-3uwoq-6g3ya-1,nvlink,gpu0,nvlink_rx_bytes,1.02469e+13
2026-09-30T06:47:42.421Z,gpu-3uwoq-6g3ya-1,nvlink,gpu0,nvlink_tx_bytes,1.02513e+13
2026-09-30T06:47:42.421Z,gpu-3uwoq-6g3ya-1,nvlink,gpu1,nvlink_rx_bytes,1.04013e+13
2026-09-30T06:47:42.421Z,gpu-3uwoq-6g3ya-1,nvlink,gpu1,nvlink_tx_bytes,1.04042e+13
2026-09-30T06:47:42.421Z,gpu-3uwoq-6g3ya-1,nvlink,gpu2,nvlink_rx_bytes,1.02695e+13
2026-09-30T06:47:42.421Z,gpu-3uwoq-6g3ya-1,nvlink,gpu2,nvlink_tx_bytes,1.02732e+13
2026-09-30T06:47:42.421Z,gpu-3uwoq-6g3ya-1,nvlink,gpu3,nvlink_rx_bytes,1.0219e+13
2026-09-30T06:47:42.421Z,gpu-3uwoq-6g3ya-1,nvlink,gpu3,nvlink_tx_bytes,1.0222e+13
2026-09-30T06:47:43.421Z,gpu-3uwoq-6g3ya-1,ib_counter,rdma_vf_rail0,port_xmit_data,4.06776e+12
2026-09-30T06:47:43.421Z,gpu-3uwoq-6g3ya-1,ib_counter,rdma_vf_rail0,port_rcv_data,2.10036e+12
2026-09-30T06:47:43.421Z,gpu-3uwoq-6g3ya-1,ib_counter,rdma_vf_rail0,port_xmit_packets,1.0991e+09
2026-09-30T06:47:43.421Z,gpu-3uwoq-6g3ya-1,ib_counter,rdma_vf_rail0,port_rcv_packets,7.34514e+08
2026-09-30T06:47:43.421Z,gpu-3uwoq-6g3ya-1,ib_counter,rdma_vf_rail0,port_xmit_wait,0
2026-09-30T06:47:43.421Z,gpu-3uwoq-6g3ya-1,ib_counter,rdma_vf_rail0,port_rcv_errors,0
2026-09-30T06:47:43.421Z,gpu-3uwoq-6g3ya-1,ib_counter,rdma_vf_rail0,port_xmit_discards,0
2026-09-30T06:47:43.421Z,gpu-3uwoq-6g3ya-1,ib_counter,rdma_vf_rail0,link_downed,0
2026-09-30T06:47:43.421Z,gpu-3uwoq-6g3ya-1,ib_hw_counter,rdma_vf_rail0,out_of_sequence,0
2026-09-30T06:47:43.421Z,gpu-3uwoq-6g3ya-1,ib_hw_counter,rdma_vf_rail0,packet_seq_err,8
2026-09-30T06:47:43.421Z,gpu-3uwoq-6g3ya-1,ib_hw_counter,rdma_vf_rail0,local_ack_timeout_err,0
2026-09-30T06:47:43.421Z,gpu-3uwoq-6g3ya-1,ib_hw_counter,rdma_vf_rail0,rx_write_requests,4.44718e+08
2026-09-30T06:47:43.421Z,gpu-3uwoq-6g3ya-1,ib_hw_counter,rdma_vf_rail0,rx_read_requests,8.94226e+06
2026-09-30T06:47:43.421Z,gpu-3uwoq-6g3ya-1,ib_hw_counter,rdma_vf_rail0,req_cqe_error,0
2026-09-30T06:47:43.421Z,gpu-3uwoq-6g3ya-1,ib_hw_counter,rdma_vf_rail0,resp_cqe_error,0
2026-09-30T06:47:43.421Z,gpu-3uwoq-6g3ya-1,ib_hw_counter,rdma_vf_rail0,implied_nak_seq_err,0
2026-09-30T06:47:43.421Z,gpu-3uwoq-6g3ya-1,ib_hw_counter,rdma_vf_rail0,duplicate_request,0
2026-09-30T06:47:43.421Z,gpu-3uwoq-6g3ya-1,ib_counter,rdma_vf_rail1,port_xmit_data,3.96023e+12
2026-09-30T06:47:43.421Z,gpu-3uwoq-6g3ya-1,ib_counter,rdma_vf_rail1,port_rcv_data,1.99224e+12
2026-09-30T06:47:43.421Z,gpu-3uwoq-6g3ya-1,ib_counter,rdma_vf_rail1,port_xmit_packets,1.07291e+09
2026-09-30T06:47:43.421Z,gpu-3uwoq-6g3ya-1,ib_counter,rdma_vf_rail1,port_rcv_packets,7.03437e+08
2026-09-30T06:47:43.421Z,gpu-3uwoq-6g3ya-1,ib_counter,rdma_vf_rail1,port_xmit_wait,0
2026-09-30T06:47:43.421Z,gpu-3uwoq-6g3ya-1,ib_counter,rdma_vf_rail1,port_rcv_errors,0
2026-09-30T06:47:43.421Z,gpu-3uwoq-6g3ya-1,ib_counter,rdma_vf_rail1,port_xmit_discards,0
2026-09-30T06:47:43.421Z,gpu-3uwoq-6g3ya-1,ib_counter,rdma_vf_rail1,link_downed,0
2026-09-30T06:47:43.421Z,gpu-3uwoq-6g3ya-1,ib_hw_counter,rdma_vf_rail1,out_of_sequence,0
2026-09-30T06:47:43.421Z,gpu-3uwoq-6g3ya-1,ib_hw_counter,rdma_vf_rail1,packet_seq_err,8
2026-09-30T06:47:43.421Z,gpu-3uwoq-6g3ya-1,ib_hw_counter,rdma_vf_rail1,local_ack_timeout_err,0
2026-09-30T06:47:43.421Z,gpu-3uwoq-6g3ya-1,ib_hw_counter,rdma_vf_rail1,rx_write_requests,4.4312e+08
2026-09-30T06:47:43.421Z,gpu-3uwoq-6g3ya-1,ib_hw_counter,rdma_vf_rail1,rx_read_requests,8.14125e+06
2026-09-30T06:47:43.421Z,gpu-3uwoq-6g3ya-1,ib_hw_counter,rdma_vf_rail1,req_cqe_error,0
2026-09-30T06:47:43.421Z,gpu-3uwoq-6g3ya-1,ib_hw_counter,rdma_vf_rail1,resp_cqe_error,0
2026-09-30T06:47:43.421Z,gpu-3uwoq-6g3ya-1,ib_hw_counter,rdma_vf_rail1,implied_nak_seq_err,0
2026-09-30T06:47:43.421Z,gpu-3uwoq-6g3ya-1,ib_hw_counter,rdma_vf_rail1,duplicate_request,0
2026-09-30T06:47:43.421Z,gpu-3uwoq-6g3ya-1,ib_counter,rdma_vf_rail2,port_xmit_data,3.93272e+12
2026-09-30T06:47:43.421Z,gpu-3uwoq-6g3ya-1,ib_counter,rdma_vf_rail2,port_rcv_data,1.96447e+12
2026-09-30T06:47:43.421Z,gpu-3uwoq-6g3ya-1,ib_counter,rdma_vf_rail2,port_xmit_packets,1.05836e+09
2026-09-30T06:47:43.421Z,gpu-3uwoq-6g3ya-1,ib_counter,rdma_vf_rail2,port_rcv_packets,6.8439e+08
2026-09-30T06:47:43.421Z,gpu-3uwoq-6g3ya-1,ib_counter,rdma_vf_rail2,port_xmit_wait,0
2026-09-30T06:47:43.421Z,gpu-3uwoq-6g3ya-1,ib_counter,rdma_vf_rail2,port_rcv_errors,0
2026-09-30T06:47:43.421Z,gpu-3uwoq-6g3ya-1,ib_counter,rdma_vf_rail2,port_xmit_discards,0
2026-09-30T06:47:43.421Z,gpu-3uwoq-6g3ya-1,ib_counter,rdma_vf_rail2,link_downed,0
2026-09-30T06:47:43.421Z,gpu-3uwoq-6g3ya-1,ib_hw_counter,rdma_vf_rail2,out_of_sequence,0
2026-09-30T06:47:43.421Z,gpu-3uwoq-6g3ya-1,ib_hw_counter,rdma_vf_rail2,packet_seq_err,7
2026-09-30T06:47:43.421Z,gpu-3uwoq-6g3ya-1,ib_hw_counter,rdma_vf_rail2,local_ack_timeout_err,0
2026-09-30T06:47:43.421Z,gpu-3uwoq-6g3ya-1,ib_hw_counter,rdma_vf_rail2,rx_write_requests,4.42693e+08
2026-09-30T06:47:43.421Z,gpu-3uwoq-6g3ya-1,ib_hw_counter,rdma_vf_rail2,rx_read_requests,7.93362e+06
2026-09-30T06:47:43.421Z,gpu-3uwoq-6g3ya-1,ib_hw_counter,rdma_vf_rail2,req_cqe_error,0
2026-09-30T06:47:43.421Z,gpu-3uwoq-6g3ya-1,ib_hw_counter,rdma_vf_rail2,resp_cqe_error,0
2026-09-30T06:47:43.421Z,gpu-3uwoq-6g3ya-1,ib_hw_counter,rdma_vf_rail2,implied_nak_seq_err,0
2026-09-30T06:47:43.421Z,gpu-3uwoq-6g3ya-1,ib_hw_counter,rdma_vf_rail2,duplicate_request,0
2026-09-30T06:47:43.421Z,gpu-3uwoq-6g3ya-1,ib_counter,rdma_vf_rail3,port_xmit_data,3.93298e+12
2026-09-30T06:47:43.421Z,gpu-3uwoq-6g3ya-1,ib_counter,rdma_vf_rail3,port_rcv_data,1.96423e+12
2026-09-30T06:47:43.421Z,gpu-3uwoq-6g3ya-1,ib_counter,rdma_vf_rail3,port_xmit_packets,1.05914e+09
2026-09-30T06:47:43.421Z,gpu-3uwoq-6g3ya-1,ib_counter,rdma_vf_rail3,port_rcv_packets,6.81213e+08
2026-09-30T06:47:43.421Z,gpu-3uwoq-6g3ya-1,ib_counter,rdma_vf_rail3,port_xmit_wait,0
2026-09-30T06:47:43.421Z,gpu-3uwoq-6g3ya-1,ib_counter,rdma_vf_rail3,port_rcv_errors,0
2026-09-30T06:47:43.421Z,gpu-3uwoq-6g3ya-1,ib_counter,rdma_vf_rail3,port_xmit_discards,0
2026-09-30T06:47:43.421Z,gpu-3uwoq-6g3ya-1,ib_counter,rdma_vf_rail3,link_downed,0
2026-09-30T06:47:43.421Z,gpu-3uwoq-6g3ya-1,ib_hw_counter,rdma_vf_rail3,out_of_sequence,1
2026-09-30T06:47:43.421Z,gpu-3uwoq-6g3ya-1,ib_hw_counter,rdma_vf_rail3,packet_seq_err,7
2026-09-30T06:47:43.421Z,gpu-3uwoq-6g3ya-1,ib_hw_counter,rdma_vf_rail3,local_ack_timeout_err,0
2026-09-30T06:47:43.421Z,gpu-3uwoq-6g3ya-1,ib_hw_counter,rdma_vf_rail3,rx_write_requests,4.42693e+08
2026-09-30T06:47:43.421Z,gpu-3uwoq-6g3ya-1,ib_hw_counter,rdma_vf_rail3,rx_read_requests,7.93362e+06
2026-09-30T06:47:43.421Z,gpu-3uwoq-6g3ya-1,ib_hw_counter,rdma_vf_rail3,req_cqe_error,0
2026-09-30T06:47:43.421Z,gpu-3uwoq-6g3ya-1,ib_hw_counter,rdma_vf_rail3,resp_cqe_error,0
2026-09-30T06:47:43.421Z,gpu-3uwoq-6g3ya-1,ib_hw_counter,rdma_vf_rail3,implied_nak_seq_err,0
2026-09-30T06:47:43.421Z,gpu-3uwoq-6g3ya-1,ib_hw_counter,rdma_vf_rail3,duplicate_request,0
2026-09-30T06:47:43.421Z,gpu-3uwoq-6g3ya-1,dcgm,gpu2,gpu_util,0
2026-09-30T06:47:43.421Z,gpu-3uwoq-6g3ya-1,dcgm,gpu3,gpu_util,0
2026-09-30T06:47:43.421Z,gpu-3uwoq-6g3ya-1,dcgm,gpu0,gpu_util,0
2026-09-30T06:47:43.421Z,gpu-3uwoq-6g3ya-1,dcgm,gpu1,gpu_util,0
2026-09-30T06:47:43.421Z,gpu-3uwoq-6g3ya-1,dcgm,gpu2,nvlink_bandwidth_total,0
2026-09-30T06:47:43.421Z,gpu-3uwoq-6g3ya-1,dcgm,gpu3,nvlink_bandwidth_total,4270
2026-09-30T06:47:43.421Z,gpu-3uwoq-6g3ya-1,dcgm,gpu0,nvlink_bandwidth_total,0
2026-09-30T06:47:43.421Z,gpu-3uwoq-6g3ya-1,dcgm,gpu1,nvlink_bandwidth_total,0
2026-09-30T06:47:43.421Z,gpu-3uwoq-6g3ya-1,dcgm,gpu2,power_w,222.514
2026-09-30T06:47:43.421Z,gpu-3uwoq-6g3ya-1,dcgm,gpu3,power_w,227.338
2026-09-30T06:47:43.421Z,gpu-3uwoq-6g3ya-1,dcgm,gpu0,power_w,230.785
2026-09-30T06:47:43.421Z,gpu-3uwoq-6g3ya-1,dcgm,gpu1,power_w,226.514
2026-09-30T06:47:43.421Z,gpu-3uwoq-6g3ya-1,dcgm,gpu2,sm_clock_mhz,2070
2026-09-30T06:47:43.421Z,gpu-3uwoq-6g3ya-1,dcgm,gpu3,sm_clock_mhz,2070
2026-09-30T06:47:43.421Z,gpu-3uwoq-6g3ya-1,dcgm,gpu0,sm_clock_mhz,2070
2026-09-30T06:47:43.421Z,gpu-3uwoq-6g3ya-1,dcgm,gpu1,sm_clock_mhz,2070
2026-09-30T06:47:43.421Z,gpu-3uwoq-6g3ya-1,dcgm,gpu2,dram_active,0.001434
2026-09-30T06:47:43.421Z,gpu-3uwoq-6g3ya-1,dcgm,gpu3,dram_active,0.001437
2026-09-30T06:47:43.421Z,gpu-3uwoq-6g3ya-1,dcgm,gpu0,dram_active,0.001399
2026-09-30T06:47:43.421Z,gpu-3uwoq-6g3ya-1,dcgm,gpu1,dram_active,0.001431
2026-09-30T06:47:43.421Z,gpu-3uwoq-6g3ya-1,dcgm,gpu2,pcie_rx_bytes,4.77522e+08
2026-09-30T06:47:43.421Z,gpu-3uwoq-6g3ya-1,dcgm,gpu3,pcie_rx_bytes,4.77808e+08
2026-09-30T06:47:43.421Z,gpu-3uwoq-6g3ya-1,dcgm,gpu0,pcie_rx_bytes,4.77628e+08
2026-09-30T06:47:43.421Z,gpu-3uwoq-6g3ya-1,dcgm,gpu1,pcie_rx_bytes,4.79099e+08
2026-09-30T06:47:43.421Z,gpu-3uwoq-6g3ya-1,dcgm,gpu2,pcie_tx_bytes,4.68663e+08
2026-09-30T06:47:43.421Z,gpu-3uwoq-6g3ya-1,dcgm,gpu3,pcie_tx_bytes,4.68945e+08
2026-09-30T06:47:43.421Z,gpu-3uwoq-6g3ya-1,dcgm,gpu0,pcie_tx_bytes,4.68768e+08
2026-09-30T06:47:43.421Z,gpu-3uwoq-6g3ya-1,dcgm,gpu1,pcie_tx_bytes,4.70211e+08
2026-09-30T06:47:43.421Z,gpu-3uwoq-6g3ya-1,dcgm,gpu2,tensor_active,0
2026-09-30T06:47:43.421Z,gpu-3uwoq-6g3ya-1,dcgm,gpu3,tensor_active,0
2026-09-30T06:47:43.421Z,gpu-3uwoq-6g3ya-1,dcgm,gpu0,tensor_active,0
2026-09-30T06:47:43.421Z,gpu-3uwoq-6g3ya-1,dcgm,gpu1,tensor_active,0
2026-09-30T06:47:43.421Z,gpu-3uwoq-6g3ya-1,dcgm,gpu2,sm_active,0.00183
2026-09-30T06:47:43.421Z,gpu-3uwoq-6g3ya-1,dcgm,gpu3,sm_active,0.001844
2026-09-30T06:47:43.421Z,gpu-3uwoq-6g3ya-1,dcgm,gpu0,sm_active,0.001845
2026-09-30T06:47:43.421Z,gpu-3uwoq-6g3ya-1,dcgm,gpu1,sm_active,0.001956
2026-09-30T06:47:43.421Z,gpu-3uwoq-6g3ya-1,nvlink,gpu0,nvlink_rx_bytes,1.02469e+13
2026-09-30T06:47:43.421Z,gpu-3uwoq-6g3ya-1,nvlink,gpu0,nvlink_tx_bytes,1.02513e+13
2026-09-30T06:47:43.421Z,gpu-3uwoq-6g3ya-1,nvlink,gpu1,nvlink_rx_bytes,1.04013e+13
2026-09-30T06:47:43.421Z,gpu-3uwoq-6g3ya-1,nvlink,gpu1,nvlink_tx_bytes,1.04042e+13
2026-09-30T06:47:43.421Z,gpu-3uwoq-6g3ya-1,nvlink,gpu2,nvlink_rx_bytes,1.02695e+13
2026-09-30T06:47:43.421Z,gpu-3uwoq-6g3ya-1,nvlink,gpu2,nvlink_tx_bytes,1.02732e+13
2026-09-30T06:47:43.421Z,gpu-3uwoq-6g3ya-1,nvlink,gpu3,nvlink_rx_bytes,1.0219e+13
2026-09-30T06:47:43.421Z,gpu-3uwoq-6g3ya-1,nvlink,gpu3,nvlink_tx_bytes,1.0222e+13
2026-09-30T06:47:44.421Z,gpu-3uwoq-6g3ya-1,ib_counter,rdma_vf_rail0,port_xmit_data,4.06776e+12
2026-09-30T06:47:44.421Z,gpu-3uwoq-6g3ya-1,ib_counter,rdma_vf_rail0,port_rcv_data,2.10036e+12
2026-09-30T06:47:44.421Z,gpu-3uwoq-6g3ya-1,ib_counter,rdma_vf_rail0,port_xmit_packets,1.0991e+09
2026-09-30T06:47:44.421Z,gpu-3uwoq-6g3ya-1,ib_counter,rdma_vf_rail0,port_rcv_packets,7.34514e+08
2026-09-30T06:47:44.421Z,gpu-3uwoq-6g3ya-1,ib_counter,rdma_vf_rail0,port_xmit_wait,0
2026-09-30T06:47:44.421Z,gpu-3uwoq-6g3ya-1,ib_counter,rdma_vf_rail0,port_rcv_errors,0
2026-09-30T06:47:44.421Z,gpu-3uwoq-6g3ya-1,ib_counter,rdma_vf_rail0,port_xmit_discards,0
2026-09-30T06:47:44.421Z,gpu-3uwoq-6g3ya-1,ib_counter,rdma_vf_rail0,link_downed,0
2026-09-30T06:47:44.421Z,gpu-3uwoq-6g3ya-1,ib_hw_counter,rdma_vf_rail0,out_of_sequence,0
2026-09-30T06:47:44.421Z,gpu-3uwoq-6g3ya-1,ib_hw_counter,rdma_vf_rail0,packet_seq_err,8
2026-09-30T06:47:44.421Z,gpu-3uwoq-6g3ya-1,ib_hw_counter,rdma_vf_rail0,local_ack_timeout_err,0
2026-09-30T06:47:44.421Z,gpu-3uwoq-6g3ya-1,ib_hw_counter,rdma_vf_rail0,rx_write_requests,4.44718e+08
2026-09-30T06:47:44.421Z,gpu-3uwoq-6g3ya-1,ib_hw_counter,rdma_vf_rail0,rx_read_requests,8.94226e+06
2026-09-30T06:47:44.421Z,gpu-3uwoq-6g3ya-1,ib_hw_counter,rdma_vf_rail0,req_cqe_error,0
2026-09-30T06:47:44.421Z,gpu-3uwoq-6g3ya-1,ib_hw_counter,rdma_vf_rail0,resp_cqe_error,0
2026-09-30T06:47:44.421Z,gpu-3uwoq-6g3ya-1,ib_hw_counter,rdma_vf_rail0,implied_nak_seq_err,0
2026-09-30T06:47:44.421Z,gpu-3uwoq-6g3ya-1,ib_hw_counter,rdma_vf_rail0,duplicate_request,0
2026-09-30T06:47:44.421Z,gpu-3uwoq-6g3ya-1,ib_counter,rdma_vf_rail1,port_xmit_data,3.96023e+12
2026-09-30T06:47:44.421Z,gpu-3uwoq-6g3ya-1,ib_counter,rdma_vf_rail1,port_rcv_data,1.99224e+12
2026-09-30T06:47:44.421Z,gpu-3uwoq-6g3ya-1,ib_counter,rdma_vf_rail1,port_xmit_packets,1.07291e+09
2026-09-30T06:47:44.421Z,gpu-3uwoq-6g3ya-1,ib_counter,rdma_vf_rail1,port_rcv_packets,7.03437e+08
2026-09-30T06:47:44.421Z,gpu-3uwoq-6g3ya-1,ib_counter,rdma_vf_rail1,port_xmit_wait,0
2026-09-30T06:47:44.421Z,gpu-3uwoq-6g3ya-1,ib_counter,rdma_vf_rail1,port_rcv_errors,0
2026-09-30T06:47:44.421Z,gpu-3uwoq-6g3ya-1,ib_counter,rdma_vf_rail1,port_xmit_discards,0
2026-09-30T06:47:44.421Z,gpu-3uwoq-6g3ya-1,ib_counter,rdma_vf_rail1,link_downed,0
2026-09-30T06:47:44.421Z,gpu-3uwoq-6g3ya-1,ib_hw_counter,rdma_vf_rail1,out_of_sequence,0
2026-09-30T06:47:44.421Z,gpu-3uwoq-6g3ya-1,ib_hw_counter,rdma_vf_rail1,packet_seq_err,8
2026-09-30T06:47:44.421Z,gpu-3uwoq-6g3ya-1,ib_hw_counter,rdma_vf_rail1,local_ack_timeout_err,0
2026-09-30T06:47:44.421Z,gpu-3uwoq-6g3ya-1,ib_hw_counter,rdma_vf_rail1,rx_write_requests,4.4312e+08
2026-09-30T06:47:44.421Z,gpu-3uwoq-6g3ya-1,ib_hw_counter,rdma_vf_rail1,rx_read_requests,8.14125e+06
2026-09-30T06:47:44.421Z,gpu-3uwoq-6g3ya-1,ib_hw_counter,rdma_vf_rail1,req_cqe_error,0
2026-09-30T06:47:44.421Z,gpu-3uwoq-6g3ya-1,ib_hw_counter,rdma_vf_rail1,resp_cqe_error,0
2026-09-30T06:47:44.421Z,gpu-3uwoq-6g3ya-1,ib_hw_counter,rdma_vf_rail1,implied_nak_seq_err,0
2026-09-30T06:47:44.421Z,gpu-3uwoq-6g3ya-1,ib_hw_counter,rdma_vf_rail1,duplicate_request,0
2026-09-30T06:47:44.421Z,gpu-3uwoq-6g3ya-1,ib_counter,rdma_vf_rail2,port_xmit_data,3.93272e+12
2026-09-30T06:47:44.421Z,gpu-3uwoq-6g3ya-1,ib_counter,rdma_vf_rail2,port_rcv_data,1.96447e+12
2026-09-30T06:47:44.421Z,gpu-3uwoq-6g3ya-1,ib_counter,rdma_vf_rail2,port_xmit_packets,1.05836e+09
2026-09-30T06:47:44.421Z,gpu-3uwoq-6g3ya-1,ib_counter,rdma_vf_rail2,port_rcv_packets,6.8439e+08
2026-09-30T06:47:44.421Z,gpu-3uwoq-6g3ya-1,ib_counter,rdma_vf_rail2,port_xmit_wait,0
2026-09-30T06:47:44.421Z,gpu-3uwoq-6g3ya-1,ib_counter,rdma_vf_rail2,port_rcv_errors,0
2026-09-30T06:47:44.421Z,gpu-3uwoq-6g3ya-1,ib_counter,rdma_vf_rail2,port_xmit_discards,0
2026-09-30T06:47:44.421Z,gpu-3uwoq-6g3ya-1,ib_counter,rdma_vf_rail2,link_downed,0
2026-09-30T06:47:44.421Z,gpu-3uwoq-6g3ya-1,ib_hw_counter,rdma_vf_rail2,out_of_sequence,0
2026-09-30T06:47:44.421Z,gpu-3uwoq-6g3ya-1,ib_hw_counter,rdma_vf_rail2,packet_seq_err,7
2026-09-30T06:47:44.421Z,gpu-3uwoq-6g3ya-1,ib_hw_counter,rdma_vf_rail2,local_ack_timeout_err,0
2026-09-30T06:47:44.421Z,gpu-3uwoq-6g3ya-1,ib_hw_counter,rdma_vf_rail2,rx_write_requests,4.42693e+08
2026-09-30T06:47:44.421Z,gpu-3uwoq-6g3ya-1,ib_hw_counter,rdma_vf_rail2,rx_read_requests,7.93362e+06
2026-09-30T06:47:44.421Z,gpu-3uwoq-6g3ya-1,ib_hw_counter,rdma_vf_rail2,req_cqe_error,0
2026-09-30T06:47:44.421Z,gpu-3uwoq-6g3ya-1,ib_hw_counter,rdma_vf_rail2,resp_cqe_error,0
2026-09-30T06:47:44.421Z,gpu-3uwoq-6g3ya-1,ib_hw_counter,rdma_vf_rail2,implied_nak_seq_err,0
2026-09-30T06:47:44.421Z,gpu-3uwoq-6g3ya-1,ib_hw_counter,rdma_vf_rail2,duplicate_request,0
2026-09-30T06:47:44.421Z,gpu-3uwoq-6g3ya-1,ib_counter,rdma_vf_rail3,port_xmit_data,3.93298e+12
2026-09-30T06:47:44.421Z,gpu-3uwoq-6g3ya-1,ib_counter,rdma_vf_rail3,port_rcv_data,1.96423e+12
2026-09-30T06:47:44.421Z,gpu-3uwoq-6g3ya-1,ib_counter,rdma_vf_rail3,port_xmit_packets,1.05914e+09
2026-09-30T06:47:44.421Z,gpu-3uwoq-6g3ya-1,ib_counter,rdma_vf_rail3,port_rcv_packets,6.81213e+08
2026-09-30T06:47:44.421Z,gpu-3uwoq-6g3ya-1,ib_counter,rdma_vf_rail3,port_xmit_wait,0
2026-09-30T06:47:44.421Z,gpu-3uwoq-6g3ya-1,ib_counter,rdma_vf_rail3,port_rcv_errors,0
2026-09-30T06:47:44.421Z,gpu-3uwoq-6g3ya-1,ib_counter,rdma_vf_rail3,port_xmit_discards,0
2026-09-30T06:47:44.421Z,gpu-3uwoq-6g3ya-1,ib_counter,rdma_vf_rail3,link_downed,0
2026-09-30T06:47:44.421Z,gpu-3uwoq-6g3ya-1,ib_hw_counter,rdma_vf_rail3,out_of_sequence,1
2026-09-30T06:47:44.421Z,gpu-3uwoq-6g3ya-1,ib_hw_counter,rdma_vf_rail3,packet_seq_err,7
2026-09-30T06:47:44.421Z,gpu-3uwoq-6g3ya-1,ib_hw_counter,rdma_vf_rail3,local_ack_timeout_err,0
2026-09-30T06:47:44.421Z,gpu-3uwoq-6g3ya-1,ib_hw_counter,rdma_vf_rail3,rx_write_requests,4.42693e+08
2026-09-30T06:47:44.421Z,gpu-3uwoq-6g3ya-1,ib_hw_counter,rdma_vf_rail3,rx_read_requests,7.93362e+06
2026-09-30T06:47:44.421Z,gpu-3uwoq-6g3ya-1,ib_hw_counter,rdma_vf_rail3,req_cqe_error,0
2026-09-30T06:47:44.421Z,gpu-3uwoq-6g3ya-1,ib_hw_counter,rdma_vf_rail3,resp_cqe_error,0
2026-09-30T06:47:44.421Z,gpu-3uwoq-6g3ya-1,ib_hw_counter,rdma_vf_rail3,implied_nak_seq_err,0
2026-09-30T06:47:44.421Z,gpu-3uwoq-6g3ya-1,ib_hw_counter,rdma_vf_rail3,duplicate_request,0
2026-09-30T06:47:44.421Z,gpu-3uwoq-6g3ya-1,dcgm,gpu2,gpu_util,0
2026-09-30T06:47:44.421Z,gpu-3uwoq-6g3ya-1,dcgm,gpu3,gpu_util,0
2026-09-30T06:47:44.421Z,gpu-3uwoq-6g3ya-1,dcgm,gpu0,gpu_util,0
2026-09-30T06:47:44.421Z,gpu-3uwoq-6g3ya-1,dcgm,gpu1,gpu_util,0
2026-09-30T06:47:44.421Z,gpu-3uwoq-6g3ya-1,dcgm,gpu2,nvlink_bandwidth_total,0
2026-09-30T06:47:44.421Z,gpu-3uwoq-6g3ya-1,dcgm,gpu3,nvlink_bandwidth_total,4270
2026-09-30T06:47:44.421Z,gpu-3uwoq-6g3ya-1,dcgm,gpu0,nvlink_bandwidth_total,0
2026-09-30T06:47:44.421Z,gpu-3uwoq-6g3ya-1,dcgm,gpu1,nvlink_bandwidth_total,0
2026-09-30T06:47:44.421Z,gpu-3uwoq-6g3ya-1,dcgm,gpu2,power_w,222.514
2026-09-30T06:47:44.421Z,gpu-3uwoq-6g3ya-1,dcgm,gpu3,power_w,227.338
2026-09-30T06:47:44.421Z,gpu-3uwoq-6g3ya-1,dcgm,gpu0,power_w,230.785
2026-09-30T06:47:44.421Z,gpu-3uwoq-6g3ya-1,dcgm,gpu1,power_w,226.514
2026-09-30T06:47:44.421Z,gpu-3uwoq-6g3ya-1,dcgm,gpu2,sm_clock_mhz,2070
2026-09-30T06:47:44.421Z,gpu-3uwoq-6g3ya-1,dcgm,gpu3,sm_clock_mhz,2070
2026-09-30T06:47:44.421Z,gpu-3uwoq-6g3ya-1,dcgm,gpu0,sm_clock_mhz,2070
2026-09-30T06:47:44.421Z,gpu-3uwoq-6g3ya-1,dcgm,gpu1,sm_clock_mhz,2070
2026-09-30T06:47:44.421Z,gpu-3uwoq-6g3ya-1,dcgm,gpu2,dram_active,0.001434
2026-09-30T06:47:44.421Z,gpu-3uwoq-6g3ya-1,dcgm,gpu3,dram_active,0.001437
2026-09-30T06:47:44.421Z,gpu-3uwoq-6g3ya-1,dcgm,gpu0,dram_active,0.001399
2026-09-30T06:47:44.421Z,gpu-3uwoq-6g3ya-1,dcgm,gpu1,dram_active,0.001431
2026-09-30T06:47:44.421Z,gpu-3uwoq-6g3ya-1,dcgm,gpu2,pcie_rx_bytes,4.77522e+08
2026-09-30T06:47:44.421Z,gpu-3uwoq-6g3ya-1,dcgm,gpu3,pcie_rx_bytes,4.77808e+08
2026-09-30T06:47:44.421Z,gpu-3uwoq-6g3ya-1,dcgm,gpu0,pcie_rx_bytes,4.77628e+08
2026-09-30T06:47:44.421Z,gpu-3uwoq-6g3ya-1,dcgm,gpu1,pcie_rx_bytes,4.79099e+08
2026-09-30T06:47:44.421Z,gpu-3uwoq-6g3ya-1,dcgm,gpu2,pcie_tx_bytes,4.68663e+08
2026-09-30T06:47:44.421Z,gpu-3uwoq-6g3ya-1,dcgm,gpu3,pcie_tx_bytes,4.68945e+08
2026-09-30T06:47:44.421Z,gpu-3uwoq-6g3ya-1,dcgm,gpu0,pcie_tx_bytes,4.68768e+08
2026-09-30T06:47:44.421Z,gpu-3uwoq-6g3ya-1,dcgm,gpu1,pcie_tx_bytes,4.70211e+08
2026-09-30T06:47:44.421Z,gpu-3uwoq-6g3ya-1,dcgm,gpu2,tensor_active,0
2026-09-30T06:47:44.421Z,gpu-3uwoq-6g3ya-1,dcgm,gpu3,tensor_active,0
2026-09-30T06:47:44.421Z,gpu-3uwoq-6g3ya-1,dcgm,gpu0,tensor_active,0
2026-09-30T06:47:44.421Z,gpu-3uwoq-6g3ya-1,dcgm,gpu1,tensor_active,0
2026-09-30T06:47:44.421Z,gpu-3uwoq-6g3ya-1,dcgm,gpu2,sm_active,0.00183
2026-09-30T06:47:44.421Z,gpu-3uwoq-6g3ya-1,dcgm,gpu3,sm_active,0.001844
2026-09-30T06:47:44.421Z,gpu-3uwoq-6g3ya-1,dcgm,gpu0,sm_active,0.001845
2026-09-30T06:47:44.421Z,gpu-3uwoq-6g3ya-1,dcgm,gpu1,sm_active,0.001956
2026-09-30T06:47:44.421Z,gpu-3uwoq-6g3ya-1,nvlink,gpu0,nvlink_rx_bytes,1.02469e+13
2026-09-30T06:47:44.421Z,gpu-3uwoq-6g3ya-1,nvlink,gpu0,nvlink_tx_bytes,1.02513e+13
2026-09-30T06:47:44.421Z,gpu-3uwoq-6g3ya-1,nvlink,gpu1,nvlink_rx_bytes,1.04013e+13
2026-09-30T06:47:44.421Z,gpu-3uwoq-6g3ya-1,nvlink,gpu1,nvlink_tx_bytes,1.04042e+13
2026-09-30T06:47:44.421Z,gpu-3uwoq-6g3ya-1,nvlink,gpu2,nvlink_rx_bytes,1.02695e+13
2026-09-30T06:47:44.421Z,gpu-3uwoq-6g3ya-1,nvlink,gpu2,nvlink_tx_bytes,1.02732e+13
2026-09-30T06:47:44.421Z,gpu-3uwoq-6g3ya-1,nvlink,gpu3,nvlink_rx_bytes,1.0219e+13
2026-09-30T06:47:44.421Z,gpu-3uwoq-6g3ya-1,nvlink,gpu3,nvlink_tx_bytes,1.0222e+13
