ts_iso,node,source,device,metric,value
2026-09-30T16:22:34.441Z,gpu-3uwoq-6g3ya-1,ib_counter,rdma_vf_rail0,port_xmit_data,6.27354e+12
2026-09-30T16:22:34.441Z,gpu-3uwoq-6g3ya-1,ib_counter,rdma_vf_rail0,port_rcv_data,4.31116e+12
2026-09-30T16:22:34.441Z,gpu-3uwoq-6g3ya-1,ib_counter,rdma_vf_rail0,port_xmit_packets,1.72334e+09
2026-09-30T16:22:34.441Z,gpu-3uwoq-6g3ya-1,ib_counter,rdma_vf_rail0,port_rcv_packets,1.4035e+09
2026-09-30T16:22:34.441Z,gpu-3uwoq-6g3ya-1,ib_counter,rdma_vf_rail0,port_xmit_wait,0
2026-09-30T16:22:34.441Z,gpu-3uwoq-6g3ya-1,ib_counter,rdma_vf_rail0,port_rcv_errors,0
2026-09-30T16:22:34.441Z,gpu-3uwoq-6g3ya-1,ib_counter,rdma_vf_rail0,port_xmit_discards,0
2026-09-30T16:22:34.441Z,gpu-3uwoq-6g3ya-1,ib_counter,rdma_vf_rail0,link_downed,0
2026-09-30T16:22:34.441Z,gpu-3uwoq-6g3ya-1,ib_hw_counter,rdma_vf_rail0,out_of_sequence,8
2026-09-30T16:22:34.441Z,gpu-3uwoq-6g3ya-1,ib_hw_counter,rdma_vf_rail0,packet_seq_err,9
2026-09-30T16:22:34.441Z,gpu-3uwoq-6g3ya-1,ib_hw_counter,rdma_vf_rail0,local_ack_timeout_err,0
2026-09-30T16:22:34.441Z,gpu-3uwoq-6g3ya-1,ib_hw_counter,rdma_vf_rail0,rx_write_requests,4.85746e+08
2026-09-30T16:22:34.441Z,gpu-3uwoq-6g3ya-1,ib_hw_counter,rdma_vf_rail0,rx_read_requests,2.27639e+07
2026-09-30T16:22:34.441Z,gpu-3uwoq-6g3ya-1,ib_hw_counter,rdma_vf_rail0,req_cqe_error,0
2026-09-30T16:22:34.441Z,gpu-3uwoq-6g3ya-1,ib_hw_counter,rdma_vf_rail0,resp_cqe_error,0
2026-09-30T16:22:34.441Z,gpu-3uwoq-6g3ya-1,ib_hw_counter,rdma_vf_rail0,implied_nak_seq_err,0
2026-09-30T16:22:34.441Z,gpu-3uwoq-6g3ya-1,ib_hw_counter,rdma_vf_rail0,duplicate_request,0
2026-09-30T16:22:34.441Z,gpu-3uwoq-6g3ya-1,ib_counter,rdma_vf_rail1,port_xmit_data,5.48301e+12
2026-09-30T16:22:34.441Z,gpu-3uwoq-6g3ya-1,ib_counter,rdma_vf_rail1,port_rcv_data,3.51844e+12
2026-09-30T16:22:34.441Z,gpu-3uwoq-6g3ya-1,ib_counter,rdma_vf_rail1,port_xmit_packets,1.50928e+09
2026-09-30T16:22:34.441Z,gpu-3uwoq-6g3ya-1,ib_counter,rdma_vf_rail1,port_rcv_packets,1.16889e+09
2026-09-30T16:22:34.441Z,gpu-3uwoq-6g3ya-1,ib_counter,rdma_vf_rail1,port_xmit_wait,0
2026-09-30T16:22:34.441Z,gpu-3uwoq-6g3ya-1,ib_counter,rdma_vf_rail1,port_rcv_errors,0
2026-09-30T16:22:34.441Z,gpu-3uwoq-6g3ya-1,ib_counter,rdma_vf_rail1,port_xmit_discards,0
2026-09-30T16:22:34.441Z,gpu-3uwoq-6g3ya-1,ib_counter,rdma_vf_rail1,link_downed,0
2026-09-30T16:22:34.441Z,gpu-3uwoq-6g3ya-1,ib_hw_counter,rdma_vf_rail1,out_of_sequence,7
2026-09-30T16:22:34.441Z,gpu-3uwoq-6g3ya-1,ib_hw_counter,rdma_vf_rail1,packet_seq_err,8
2026-09-30T16:22:34.441Z,gpu-3uwoq-6g3ya-1,ib_hw_counter,rdma_vf_rail1,local_ack_timeout_err,0
2026-09-30T16:22:34.441Z,gpu-3uwoq-6g3ya-1,ib_hw_counter,rdma_vf_rail1,rx_write_requests,4.73996e+08
2026-09-30T16:22:34.441Z,gpu-3uwoq-6g3ya-1,ib_hw_counter,rdma_vf_rail1,rx_read_requests,1.68838e+07
2026-09-30T16:22:34.441Z,gpu-3uwoq-6g3ya-1,ib_hw_counter,rdma_vf_rail1,req_cqe_error,0
2026-09-30T16:22:34.441Z,gpu-3uwoq-6g3ya-1,ib_hw_counter,rdma_vf_rail1,resp_cqe_error,0
2026-09-30T16:22:34.441Z,gpu-3uwoq-6g3ya-1,ib_hw_counter,rdma_vf_rail1,implied_nak_seq_err,0
2026-09-30T16:22:34.441Z,gpu-3uwoq-6g3ya-1,ib_hw_counter,rdma_vf_rail1,duplicate_request,0
2026-09-30T16:22:34.441Z,gpu-3uwoq-6g3ya-1,ib_counter,rdma_vf_rail2,port_xmit_data,5.4557e+12
2026-09-30T16:22:34.441Z,gpu-3uwoq-6g3ya-1,ib_counter,rdma_vf_rail2,port_rcv_data,3.49072e+12
2026-09-30T16:22:34.441Z,gpu-3uwoq-6g3ya-1,ib_counter,rdma_vf_rail2,port_xmit_packets,1.49548e+09
2026-09-30T16:22:34.441Z,gpu-3uwoq-6g3ya-1,ib_counter,rdma_vf_rail2,port_rcv_packets,1.15052e+09
2026-09-30T16:22:34.441Z,gpu-3uwoq-6g3ya-1,ib_counter,rdma_vf_rail2,port_xmit_wait,0
2026-09-30T16:22:34.441Z,gpu-3uwoq-6g3ya-1,ib_counter,rdma_vf_rail2,port_rcv_errors,0
2026-09-30T16:22:34.441Z,gpu-3uwoq-6g3ya-1,ib_counter,rdma_vf_rail2,port_xmit_discards,0
2026-09-30T16:22:34.441Z,gpu-3uwoq-6g3ya-1,ib_counter,rdma_vf_rail2,link_downed,0
2026-09-30T16:22:34.441Z,gpu-3uwoq-6g3ya-1,ib_hw_counter,rdma_vf_rail2,out_of_sequence,8
2026-09-30T16:22:34.441Z,gpu-3uwoq-6g3ya-1,ib_hw_counter,rdma_vf_rail2,packet_seq_err,7
2026-09-30T16:22:34.441Z,gpu-3uwoq-6g3ya-1,ib_hw_counter,rdma_vf_rail2,local_ack_timeout_err,0
2026-09-30T16:22:34.441Z,gpu-3uwoq-6g3ya-1,ib_hw_counter,rdma_vf_rail2,rx_write_requests,4.73562e+08
2026-09-30T16:22:34.441Z,gpu-3uwoq-6g3ya-1,ib_hw_counter,rdma_vf_rail2,rx_read_requests,1.66762e+07
2026-09-30T16:22:34.441Z,gpu-3uwoq-6g3ya-1,ib_hw_counter,rdma_vf_rail2,req_cqe_error,0
2026-09-30T16:22:34.441Z,gpu-3uwoq-6g3ya-1,ib_hw_counter,rdma_vf_rail2,resp_cqe_error,0
2026-09-30T16:22:34.441Z,gpu-3uwoq-6g3ya-1,ib_hw_counter,rdma_vf_rail2,implied_nak_seq_err,0
2026-09-30T16:22:34.441Z,gpu-3uwoq-6g3ya-1,ib_hw_counter,rdma_vf_rail2,duplicate_request,0
2026-09-30T16:22:34.441Z,gpu-3uwoq-6g3ya-1,ib_counter,rdma_vf_rail3,port_xmit_data,5.45593e+12
2026-09-30T16:22:34.441Z,gpu-3uwoq-6g3ya-1,ib_counter,rdma_vf_rail3,port_rcv_data,3.49051e+12
2026-09-30T16:22:34.441Z,gpu-3uwoq-6g3ya-1,ib_counter,rdma_vf_rail3,port_xmit_packets,1.49601e+09
2026-09-30T16:22:34.441Z,gpu-3uwoq-6g3ya-1,ib_counter,rdma_vf_rail3,port_rcv_packets,1.14761e+09
2026-09-30T16:22:34.441Z,gpu-3uwoq-6g3ya-1,ib_counter,rdma_vf_rail3,port_xmit_wait,0
2026-09-30T16:22:34.441Z,gpu-3uwoq-6g3ya-1,ib_counter,rdma_vf_rail3,port_rcv_errors,0
2026-09-30T16:22:34.441Z,gpu-3uwoq-6g3ya-1,ib_counter,rdma_vf_rail3,port_xmit_discards,0
2026-09-30T16:22:34.441Z,gpu-3uwoq-6g3ya-1,ib_counter,rdma_vf_rail3,link_downed,0
2026-09-30T16:22:34.441Z,gpu-3uwoq-6g3ya-1,ib_hw_counter,rdma_vf_rail3,out_of_sequence,9
2026-09-30T16:22:34.441Z,gpu-3uwoq-6g3ya-1,ib_hw_counter,rdma_vf_rail3,packet_seq_err,8
2026-09-30T16:22:34.441Z,gpu-3uwoq-6g3ya-1,ib_hw_counter,rdma_vf_rail3,local_ack_timeout_err,0
2026-09-30T16:22:34.441Z,gpu-3uwoq-6g3ya-1,ib_hw_counter,rdma_vf_rail3,rx_write_requests,4.73562e+08
2026-09-30T16:22:34.441Z,gpu-3uwoq-6g3ya-1,ib_hw_counter,rdma_vf_rail3,rx_read_requests,1.66762e+07
2026-09-30T16:22:34.441Z,gpu-3uwoq-6g3ya-1,ib_hw_counter,rdma_vf_rail3,req_cqe_error,0
2026-09-30T16:22:34.441Z,gpu-3uwoq-6g3ya-1,ib_hw_counter,rdma_vf_rail3,resp_cqe_error,0
2026-09-30T16:22:34.441Z,gpu-3uwoq-6g3ya-1,ib_hw_counter,rdma_vf_rail3,implied_nak_seq_err,0
2026-09-30T16:22:34.441Z,gpu-3uwoq-6g3ya-1,ib_hw_counter,rdma_vf_rail3,duplicate_request,0
2026-09-30T16:22:34.441Z,gpu-3uwoq-6g3ya-1,dcgm,gpu2,gpu_util,0
2026-09-30T16:22:34.441Z,gpu-3uwoq-6g3ya-1,dcgm,gpu3,gpu_util,0
2026-09-30T16:22:34.441Z,gpu-3uwoq-6g3ya-1,dcgm,gpu0,gpu_util,0
2026-09-30T16:22:34.441Z,gpu-3uwoq-6g3ya-1,dcgm,gpu1,gpu_util,0
2026-09-30T16:22:34.441Z,gpu-3uwoq-6g3ya-1,dcgm,gpu2,nvlink_bandwidth_total,0
2026-09-30T16:22:34.441Z,gpu-3uwoq-6g3ya-1,dcgm,gpu3,nvlink_bandwidth_total,0
2026-09-30T16:22:34.441Z,gpu-3uwoq-6g3ya-1,dcgm,gpu0,nvlink_bandwidth_total,0
2026-09-30T16:22:34.441Z,gpu-3uwoq-6g3ya-1,dcgm,gpu1,nvlink_bandwidth_total,0
2026-09-30T16:22:34.441Z,gpu-3uwoq-6g3ya-1,dcgm,gpu2,power_w,222.82
2026-09-30T16:22:34.441Z,gpu-3uwoq-6g3ya-1,dcgm,gpu3,power_w,227.025
2026-09-30T16:22:34.441Z,gpu-3uwoq-6g3ya-1,dcgm,gpu0,power_w,230.185
2026-09-30T16:22:34.441Z,gpu-3uwoq-6g3ya-1,dcgm,gpu1,power_w,226.298
2026-09-30T16:22:34.441Z,gpu-3uwoq-6g3ya-1,dcgm,gpu2,sm_clock_mhz,2070
2026-09-30T16:22:34.441Z,gpu-3uwoq-6g3ya-1,dcgm,gpu3,sm_clock_mhz,2070
2026-09-30T16:22:34.441Z,gpu-3uwoq-6g3ya-1,dcgm,gpu0,sm_clock_mhz,2070
2026-09-30T16:22:34.441Z,gpu-3uwoq-6g3ya-1,dcgm,gpu1,sm_clock_mhz,2070
2026-09-30T16:22:34.441Z,gpu-3uwoq-6g3ya-1,dcgm,gpu2,dram_active,0
2026-09-30T16:22:34.441Z,gpu-3uwoq-6g3ya-1,dcgm,gpu3,dram_active,0
2026-09-30T16:22:34.441Z,gpu-3uwoq-6g3ya-1,dcgm,gpu0,dram_active,0
2026-09-30T16:22:34.441Z,gpu-3uwoq-6g3ya-1,dcgm,gpu1,dram_active,0
2026-09-30T16:22:34.441Z,gpu-3uwoq-6g3ya-1,dcgm,gpu2,pcie_rx_bytes,62771
2026-09-30T16:22:34.441Z,gpu-3uwoq-6g3ya-1,dcgm,gpu3,pcie_rx_bytes,56573
2026-09-30T16:22:34.441Z,gpu-3uwoq-6g3ya-1,dcgm,gpu0,pcie_rx_bytes,67208
2026-09-30T16:22:34.441Z,gpu-3uwoq-6g3ya-1,dcgm,gpu1,pcie_rx_bytes,65593
2026-09-30T16:22:34.441Z,gpu-3uwoq-6g3ya-1,dcgm,gpu2,pcie_tx_bytes,60352
2026-09-30T16:22:34.441Z,gpu-3uwoq-6g3ya-1,dcgm,gpu3,pcie_tx_bytes,54162
2026-09-30T16:22:34.441Z,gpu-3uwoq-6g3ya-1,dcgm,gpu0,pcie_tx_bytes,64797
2026-09-30T16:22:34.441Z,gpu-3uwoq-6g3ya-1,dcgm,gpu1,pcie_tx_bytes,63167
2026-09-30T16:22:34.441Z,gpu-3uwoq-6g3ya-1,dcgm,gpu2,tensor_active,0
2026-09-30T16:22:34.441Z,gpu-3uwoq-6g3ya-1,dcgm,gpu3,tensor_active,0
2026-09-30T16:22:34.441Z,gpu-3uwoq-6g3ya-1,dcgm,gpu0,tensor_active,0
2026-09-30T16:22:34.441Z,gpu-3uwoq-6g3ya-1,dcgm,gpu1,tensor_active,0
2026-09-30T16:22:34.441Z,gpu-3uwoq-6g3ya-1,dcgm,gpu2,sm_active,0
2026-09-30T16:22:34.441Z,gpu-3uwoq-6g3ya-1,dcgm,gpu3,sm_active,0
2026-09-30T16:22:34.441Z,gpu-3uwoq-6g3ya-1,dcgm,gpu0,sm_active,0
2026-09-30T16:22:34.441Z,gpu-3uwoq-6g3ya-1,dcgm,gpu1,sm_active,0
2026-09-30T16:22:34.441Z,gpu-3uwoq-6g3ya-1,nvlink,gpu0,nvlink_rx_bytes,2.19204e+13
2026-09-30T16:22:34.441Z,gpu-3uwoq-6g3ya-1,nvlink,gpu0,nvlink_tx_bytes,2.19341e+13
2026-09-30T16:22:34.441Z,gpu-3uwoq-6g3ya-1,nvlink,gpu1,nvlink_rx_bytes,2.27892e+13
2026-09-30T16:22:34.441Z,gpu-3uwoq-6g3ya-1,nvlink,gpu1,nvlink_tx_bytes,2.28013e+13
2026-09-30T16:22:34.441Z,gpu-3uwoq-6g3ya-1,nvlink,gpu2,nvlink_rx_bytes,2.19858e+13
2026-09-30T16:22:34.441Z,gpu-3uwoq-6g3ya-1,nvlink,gpu2,nvlink_tx_bytes,2.20045e+13
2026-09-30T16:22:34.441Z,gpu-3uwoq-6g3ya-1,nvlink,gpu3,nvlink_rx_bytes,2.18839e+13
2026-09-30T16:22:34.441Z,gpu-3uwoq-6g3ya-1,nvlink,gpu3,nvlink_tx_bytes,2.19016e+13
2026-09-30T16:22:35.441Z,gpu-3uwoq-6g3ya-1,ib_counter,rdma_vf_rail0,port_xmit_data,6.27354e+12
2026-09-30T16:22:35.441Z,gpu-3uwoq-6g3ya-1,ib_counter,rdma_vf_rail0,port_rcv_data,4.31116e+12
2026-09-30T16:22:35.441Z,gpu-3uwoq-6g3ya-1,ib_counter,rdma_vf_rail0,port_xmit_packets,1.72334e+09
2026-09-30T16:22:35.441Z,gpu-3uwoq-6g3ya-1,ib_counter,rdma_vf_rail0,port_rcv_packets,1.4035e+09
2026-09-30T16:22:35.441Z,gpu-3uwoq-6g3ya-1,ib_counter,rdma_vf_rail0,port_xmit_wait,0
2026-09-30T16:22:35.441Z,gpu-3uwoq-6g3ya-1,ib_counter,rdma_vf_rail0,port_rcv_errors,0
2026-09-30T16:22:35.441Z,gpu-3uwoq-6g3ya-1,ib_counter,rdma_vf_rail0,port_xmit_discards,0
2026-09-30T16:22:35.441Z,gpu-3uwoq-6g3ya-1,ib_counter,rdma_vf_rail0,link_downed,0
2026-09-30T16:22:35.441Z,gpu-3uwoq-6g3ya-1,ib_hw_counter,rdma_vf_rail0,out_of_sequence,8
2026-09-30T16:22:35.441Z,gpu-3uwoq-6g3ya-1,ib_hw_counter,rdma_vf_rail0,packet_seq_err,9
2026-09-30T16:22:35.441Z,gpu-3uwoq-6g3ya-1,ib_hw_counter,rdma_vf_rail0,local_ack_timeout_err,0
2026-09-30T16:22:35.441Z,gpu-3uwoq-6g3ya-1,ib_hw_counter,rdma_vf_rail0,rx_write_requests,4.85746e+08
2026-09-30T16:22:35.441Z,gpu-3uwoq-6g3ya-1,ib_hw_counter,rdma_vf_rail0,rx_read_requests,2.27639e+07
2026-09-30T16:22:35.441Z,gpu-3uwoq-6g3ya-1,ib_hw_counter,rdma_vf_rail0,req_cqe_error,0
2026-09-30T16:22:35.441Z,gpu-3uwoq-6g3ya-1,ib_hw_counter,rdma_vf_rail0,resp_cqe_error,0
2026-09-30T16:22:35.441Z,gpu-3uwoq-6g3ya-1,ib_hw_counter,rdma_vf_rail0,implied_nak_seq_err,0
2026-09-30T16:22:35.441Z,gpu-3uwoq-6g3ya-1,ib_hw_counter,rdma_vf_rail0,duplicate_request,0
2026-09-30T16:22:35.441Z,gpu-3uwoq-6g3ya-1,ib_counter,rdma_vf_rail1,port_xmit_data,5.48301e+12
2026-09-30T16:22:35.441Z,gpu-3uwoq-6g3ya-1,ib_counter,rdma_vf_rail1,port_rcv_data,3.51844e+12
2026-09-30T16:22:35.441Z,gpu-3uwoq-6g3ya-1,ib_counter,rdma_vf_rail1,port_xmit_packets,1.50928e+09
2026-09-30T16:22:35.441Z,gpu-3uwoq-6g3ya-1,ib_counter,rdma_vf_rail1,port_rcv_packets,1.16889e+09
2026-09-30T16:22:35.441Z,gpu-3uwoq-6g3ya-1,ib_counter,rdma_vf_rail1,port_xmit_wait,0
2026-09-30T16:22:35.441Z,gpu-3uwoq-6g3ya-1,ib_counter,rdma_vf_rail1,port_rcv_errors,0
2026-09-30T16:22:35.441Z,gpu-3uwoq-6g3ya-1,ib_counter,rdma_vf_rail1,port_xmit_discards,0
2026-09-30T16:22:35.441Z,gpu-3uwoq-6g3ya-1,ib_counter,rdma_vf_rail1,link_downed,0
2026-09-30T16:22:35.441Z,gpu-3uwoq-6g3ya-1,ib_hw_counter,rdma_vf_rail1,out_of_sequence,7
2026-09-30T16:22:35.441Z,gpu-3uwoq-6g3ya-1,ib_hw_counter,rdma_vf_rail1,packet_seq_err,8
2026-09-30T16:22:35.441Z,gpu-3uwoq-6g3ya-1,ib_hw_counter,rdma_vf_rail1,local_ack_timeout_err,0
2026-09-30T16:22:35.441Z,gpu-3uwoq-6g3ya-1,ib_hw_counter,rdma_vf_rail1,rx_write_requests,4.73996e+08
2026-09-30T16:22:35.441Z,gpu-3uwoq-6g3ya-1,ib_hw_counter,rdma_vf_rail1,rx_read_requests,1.68838e+07
2026-09-30T16:22:35.441Z,gpu-3uwoq-6g3ya-1,ib_hw_counter,rdma_vf_rail1,req_cqe_error,0
2026-09-30T16:22:35.441Z,gpu-3uwoq-6g3ya-1,ib_hw_counter,rdma_vf_rail1,resp_cqe_error,0
2026-09-30T16:22:35.441Z,gpu-3uwoq-6g3ya-1,ib_hw_counter,rdma_vf_rail1,implied_nak_seq_err,0
2026-09-30T16:22:35.441Z,gpu-3uwoq-6g3ya-1,ib_hw_counter,rdma_vf_rail1,duplicate_request,0
2026-09-30T16:22:35.441Z,gpu-3uwoq-6g3ya-1,ib_counter,rdma_vf_rail2,port_xmit_data,5.4557e+12
2026-09-30T16:22:35.441Z,gpu-3uwoq-6g3ya-1,ib_counter,rdma_vf_rail2,port_rcv_data,3.49072e+12
2026-09-30T16:22:35.441Z,gpu-3uwoq-6g3ya-1,ib_counter,rdma_vf_rail2,port_xmit_packets,1.49548e+09
2026-09-30T16:22:35.441Z,gpu-3uwoq-6g3ya-1,ib_counter,rdma_vf_rail2,port_rcv_packets,1.15052e+09
2026-09-30T16:22:35.441Z,gpu-3uwoq-6g3ya-1,ib_counter,rdma_vf_rail2,port_xmit_wait,0
2026-09-30T16:22:35.441Z,gpu-3uwoq-6g3ya-1,ib_counter,rdma_vf_rail2,port_rcv_errors,0
2026-09-30T16:22:35.441Z,gpu-3uwoq-6g3ya-1,ib_counter,rdma_vf_rail2,port_xmit_discards,0
2026-09-30T16:22:35.441Z,gpu-3uwoq-6g3ya-1,ib_counter,rdma_vf_rail2,link_downed,0
2026-09-30T16:22:35.441Z,gpu-3uwoq-6g3ya-1,ib_hw_counter,rdma_vf_rail2,out_of_sequence,8
2026-09-30T16:22:35.441Z,gpu-3uwoq-6g3ya-1,ib_hw_counter,rdma_vf_rail2,packet_seq_err,7
2026-09-30T16:22:35.441Z,gpu-3uwoq-6g3ya-1,ib_hw_counter,rdma_vf_rail2,local_ack_timeout_err,0
2026-09-30T16:22:35.441Z,gpu-3uwoq-6g3ya-1,ib_hw_counter,rdma_vf_rail2,rx_write_requests,4.73562e+08
2026-09-30T16:22:35.441Z,gpu-3uwoq-6g3ya-1,ib_hw_counter,rdma_vf_rail2,rx_read_requests,1.66762e+07
2026-09-30T16:22:35.441Z,gpu-3uwoq-6g3ya-1,ib_hw_counter,rdma_vf_rail2,req_cqe_error,0
2026-09-30T16:22:35.441Z,gpu-3uwoq-6g3ya-1,ib_hw_counter,rdma_vf_rail2,resp_cqe_error,0
2026-09-30T16:22:35.441Z,gpu-3uwoq-6g3ya-1,ib_hw_counter,rdma_vf_rail2,implied_nak_seq_err,0
2026-09-30T16:22:35.441Z,gpu-3uwoq-6g3ya-1,ib_hw_counter,rdma_vf_rail2,duplicate_request,0
2026-09-30T16:22:35.441Z,gpu-3uwoq-6g3ya-1,ib_counter,rdma_vf_rail3,port_xmit_data,5.45593e+12
2026-09-30T16:22:35.441Z,gpu-3uwoq-6g3ya-1,ib_counter,rdma_vf_rail3,port_rcv_data,3.49051e+12
2026-09-30T16:22:35.441Z,gpu-3uwoq-6g3ya-1,ib_counter,rdma_vf_rail3,port_xmit_packets,1.49601e+09
2026-09-30T16:22:35.441Z,gpu-3uwoq-6g3ya-1,ib_counter,rdma_vf_rail3,port_rcv_packets,1.14761e+09
2026-09-30T16:22:35.441Z,gpu-3uwoq-6g3ya-1,ib_counter,rdma_vf_rail3,port_xmit_wait,0
2026-09-30T16:22:35.441Z,gpu-3uwoq-6g3ya-1,ib_counter,rdma_vf_rail3,port_rcv_errors,0
2026-09-30T16:22:35.441Z,gpu-3uwoq-6g3ya-1,ib_counter,rdma_vf_rail3,port_xmit_discards,0
2026-09-30T16:22:35.441Z,gpu-3uwoq-6g3ya-1,ib_counter,rdma_vf_rail3,link_downed,0
2026-09-30T16:22:35.441Z,gpu-3uwoq-6g3ya-1,ib_hw_counter,rdma_vf_rail3,out_of_sequence,9
2026-09-30T16:22:35.441Z,gpu-3uwoq-6g3ya-1,ib_hw_counter,rdma_vf_rail3,packet_seq_err,8
2026-09-30T16:22:35.441Z,gpu-3uwoq-6g3ya-1,ib_hw_counter,rdma_vf_rail3,local_ack_timeout_err,0
2026-09-30T16:22:35.441Z,gpu-3uwoq-6g3ya-1,ib_hw_counter,rdma_vf_rail3,rx_write_requests,4.73562e+08
2026-09-30T16:22:35.441Z,gpu-3uwoq-6g3ya-1,ib_hw_counter,rdma_vf_rail3,rx_read_requests,1.66762e+07
2026-09-30T16:22:35.441Z,gpu-3uwoq-6g3ya-1,ib_hw_counter,rdma_vf_rail3,req_cqe_error,0
2026-09-30T16:22:35.441Z,gpu-3uwoq-6g3ya-1,ib_hw_counter,rdma_vf_rail3,resp_cqe_error,0
2026-09-30T16:22:35.441Z,gpu-3uwoq-6g3ya-1,ib_hw_counter,rdma_vf_rail3,implied_nak_seq_err,0
2026-09-30T16:22:35.441Z,gpu-3uwoq-6g3ya-1,ib_hw_counter,rdma_vf_rail3,duplicate_request,0
2026-09-30T16:22:35.441Z,gpu-3uwoq-6g3ya-1,dcgm,gpu2,gpu_util,0
2026-09-30T16:22:35.441Z,gpu-3uwoq-6g3ya-1,dcgm,gpu3,gpu_util,0
2026-09-30T16:22:35.441Z,gpu-3uwoq-6g3ya-1,dcgm,gpu0,gpu_util,0
2026-09-30T16:22:35.441Z,gpu-3uwoq-6g3ya-1,dcgm,gpu1,gpu_util,0
2026-09-30T16:22:35.441Z,gpu-3uwoq-6g3ya-1,dcgm,gpu2,nvlink_bandwidth_total,0
2026-09-30T16:22:35.441Z,gpu-3uwoq-6g3ya-1,dcgm,gpu3,nvlink_bandwidth_total,0
2026-09-30T16:22:35.441Z,gpu-3uwoq-6g3ya-1,dcgm,gpu0,nvlink_bandwidth_total,0
2026-09-30T16:22:35.441Z,gpu-3uwoq-6g3ya-1,dcgm,gpu1,nvlink_bandwidth_total,0
2026-09-30T16:22:35.441Z,gpu-3uwoq-6g3ya-1,dcgm,gpu2,power_w,222.82
2026-09-30T16:22:35.441Z,gpu-3uwoq-6g3ya-1,dcgm,gpu3,power_w,227.025
2026-09-30T16:22:35.441Z,gpu-3uwoq-6g3ya-1,dcgm,gpu0,power_w,230.185
2026-09-30T16:22:35.441Z,gpu-3uwoq-6g3ya-1,dcgm,gpu1,power_w,226.298
2026-09-30T16:22:35.441Z,gpu-3uwoq-6g3ya-1,dcgm,gpu2,sm_clock_mhz,2070
2026-09-30T16:22:35.441Z,gpu-3uwoq-6g3ya-1,dcgm,gpu3,sm_clock_mhz,2070
2026-09-30T16:22:35.441Z,gpu-3uwoq-6g3ya-1,dcgm,gpu0,sm_clock_mhz,2070
2026-09-30T16:22:35.441Z,gpu-3uwoq-6g3ya-1,dcgm,gpu1,sm_clock_mhz,2070
2026-09-30T16:22:35.441Z,gpu-3uwoq-6g3ya-1,dcgm,gpu2,dram_active,0
2026-09-30T16:22:35.441Z,gpu-3uwoq-6g3ya-1,dcgm,gpu3,dram_active,0
2026-09-30T16:22:35.441Z,gpu-3uwoq-6g3ya-1,dcgm,gpu0,dram_active,0
2026-09-30T16:22:35.441Z,gpu-3uwoq-6g3ya-1,dcgm,gpu1,dram_active,0
2026-09-30T16:22:35.441Z,gpu-3uwoq-6g3ya-1,dcgm,gpu2,pcie_rx_bytes,62771
2026-09-30T16:22:35.441Z,gpu-3uwoq-6g3ya-1,dcgm,gpu3,pcie_rx_bytes,56573
2026-09-30T16:22:35.441Z,gpu-3uwoq-6g3ya-1,dcgm,gpu0,pcie_rx_bytes,67208
2026-09-30T16:22:35.441Z,gpu-3uwoq-6g3ya-1,dcgm,gpu1,pcie_rx_bytes,65593
2026-09-30T16:22:35.441Z,gpu-3uwoq-6g3ya-1,dcgm,gpu2,pcie_tx_bytes,60352
2026-09-30T16:22:35.441Z,gpu-3uwoq-6g3ya-1,dcgm,gpu3,pcie_tx_bytes,54162
2026-09-30T16:22:35.441Z,gpu-3uwoq-6g3ya-1,dcgm,gpu0,pcie_tx_bytes,64797
2026-09-30T16:22:35.441Z,gpu-3uwoq-6g3ya-1,dcgm,gpu1,pcie_tx_bytes,63167
2026-09-30T16:22:35.441Z,gpu-3uwoq-6g3ya-1,dcgm,gpu2,tensor_active,0
2026-09-30T16:22:35.441Z,gpu-3uwoq-6g3ya-1,dcgm,gpu3,tensor_active,0
2026-09-30T16:22:35.441Z,gpu-3uwoq-6g3ya-1,dcgm,gpu0,tensor_active,0
2026-09-30T16:22:35.441Z,gpu-3uwoq-6g3ya-1,dcgm,gpu1,tensor_active,0
2026-09-30T16:22:35.441Z,gpu-3uwoq-6g3ya-1,dcgm,gpu2,sm_active,0
2026-09-30T16:22:35.441Z,gpu-3uwoq-6g3ya-1,dcgm,gpu3,sm_active,0
2026-09-30T16:22:35.441Z,gpu-3uwoq-6g3ya-1,dcgm,gpu0,sm_active,0
2026-09-30T16:22:35.441Z,gpu-3uwoq-6g3ya-1,dcgm,gpu1,sm_active,0
2026-09-30T16:22:35.441Z,gpu-3uwoq-6g3ya-1,nvlink,gpu0,nvlink_rx_bytes,2.19204e+13
2026-09-30T16:22:35.441Z,gpu-3uwoq-6g3ya-1,nvlink,gpu0,nvlink_tx_bytes,2.19341e+13
2026-09-30T16:22:35.441Z,gpu-3uwoq-6g3ya-1,nvlink,gpu1,nvlink_rx_bytes,2.27892e+13
2026-09-30T16:22:35.441Z,gpu-3uwoq-6g3ya-1,nvlink,gpu1,nvlink_tx_bytes,2.28013e+13
2026-09-30T16:22:35.441Z,gpu-3uwoq-6g3ya-1,nvlink,gpu2,nvlink_rx_bytes,2.19858e+13
2026-09-30T16:22:35.441Z,gpu-3uwoq-6g3ya-1,nvlink,gpu2,nvlink_tx_bytes,2.20045e+13
2026-09-30T16:22:35.441Z,gpu-3uwoq-6g3ya-1,nvlink,gpu3,nvlink_rx_bytes,2.18839e+13
2026-09-30T16:22:35.441Z,gpu-3uwoq-6g3ya-1,nvlink,gpu3,nvlink_tx_bytes,2.19016e+13
2026-09-30T16:22:36.441Z,gpu-3uwoq-6g3ya-1,ib_counter,rdma_vf_rail0,port_xmit_data,6.27354e+12
2026-09-30T16:22:36.441Z,gpu-3uwoq-6g3ya-1,ib_counter,rdma_vf_rail0,port_rcv_data,4.31116e+12
2026-09-30T16:22:36.441Z,gpu-3uwoq-6g3ya-1,ib_counter,rdma_vf_rail0,port_xmit_packets,1.72334e+09
2026-09-30T16:22:36.441Z,gpu-3uwoq-6g3ya-1,ib_counter,rdma_vf_rail0,port_rcv_packets,1.4035e+09
2026-09-30T16:22:36.441Z,gpu-3uwoq-6g3ya-1,ib_counter,rdma_vf_rail0,port_xmit_wait,0
2026-09-30T16:22:36.441Z,gpu-3uwoq-6g3ya-1,ib_counter,rdma_vf_rail0,port_rcv_errors,0
2026-09-30T16:22:36.441Z,gpu-3uwoq-6g3ya-1,ib_counter,rdma_vf_rail0,port_xmit_discards,0
2026-09-30T16:22:36.441Z,gpu-3uwoq-6g3ya-1,ib_counter,rdma_vf_rail0,link_downed,0
2026-09-30T16:22:36.441Z,gpu-3uwoq-6g3ya-1,ib_hw_counter,rdma_vf_rail0,out_of_sequence,8
2026-09-30T16:22:36.441Z,gpu-3uwoq-6g3ya-1,ib_hw_counter,rdma_vf_rail0,packet_seq_err,9
2026-09-30T16:22:36.441Z,gpu-3uwoq-6g3ya-1,ib_hw_counter,rdma_vf_rail0,local_ack_timeout_err,0
2026-09-30T16:22:36.441Z,gpu-3uwoq-6g3ya-1,ib_hw_counter,rdma_vf_rail0,rx_write_requests,4.85746e+08
2026-09-30T16:22:36.441Z,gpu-3uwoq-6g3ya-1,ib_hw_counter,rdma_vf_rail0,rx_read_requests,2.27639e+07
2026-09-30T16:22:36.441Z,gpu-3uwoq-6g3ya-1,ib_hw_counter,rdma_vf_rail0,req_cqe_error,0
2026-09-30T16:22:36.441Z,gpu-3uwoq-6g3ya-1,ib_hw_counter,rdma_vf_rail0,resp_cqe_error,0
2026-09-30T16:22:36.441Z,gpu-3uwoq-6g3ya-1,ib_hw_counter,rdma_vf_rail0,implied_nak_seq_err,0
2026-09-30T16:22:36.441Z,gpu-3uwoq-6g3ya-1,ib_hw_counter,rdma_vf_rail0,duplicate_request,0
2026-09-30T16:22:36.441Z,gpu-3uwoq-6g3ya-1,ib_counter,rdma_vf_rail1,port_xmit_data,5.48301e+12
2026-09-30T16:22:36.441Z,gpu-3uwoq-6g3ya-1,ib_counter,rdma_vf_rail1,port_rcv_data,3.51844e+12
2026-09-30T16:22:36.441Z,gpu-3uwoq-6g3ya-1,ib_counter,rdma_vf_rail1,port_xmit_packets,1.50928e+09
2026-09-30T16:22:36.441Z,gpu-3uwoq-6g3ya-1,ib_counter,rdma_vf_rail1,port_rcv_packets,1.16889e+09
2026-09-30T16:22:36.441Z,gpu-3uwoq-6g3ya-1,ib_counter,rdma_vf_rail1,port_xmit_wait,0
2026-09-30T16:22:36.441Z,gpu-3uwoq-6g3ya-1,ib_counter,rdma_vf_rail1,port_rcv_errors,0
2026-09-30T16:22:36.441Z,gpu-3uwoq-6g3ya-1,ib_counter,rdma_vf_rail1,port_xmit_discards,0
2026-09-30T16:22:36.441Z,gpu-3uwoq-6g3ya-1,ib_counter,rdma_vf_rail1,link_downed,0
2026-09-30T16:22:36.441Z,gpu-3uwoq-6g3ya-1,ib_hw_counter,rdma_vf_rail1,out_of_sequence,7
2026-09-30T16:22:36.441Z,gpu-3uwoq-6g3ya-1,ib_hw_counter,rdma_vf_rail1,packet_seq_err,8
2026-09-30T16:22:36.441Z,gpu-3uwoq-6g3ya-1,ib_hw_counter,rdma_vf_rail1,local_ack_timeout_err,0
2026-09-30T16:22:36.441Z,gpu-3uwoq-6g3ya-1,ib_hw_counter,rdma_vf_rail1,rx_write_requests,4.73996e+08
2026-09-30T16:22:36.441Z,gpu-3uwoq-6g3ya-1,ib_hw_counter,rdma_vf_rail1,rx_read_requests,1.68838e+07
2026-09-30T16:22:36.441Z,gpu-3uwoq-6g3ya-1,ib_hw_counter,rdma_vf_rail1,req_cqe_error,0
2026-09-30T16:22:36.441Z,gpu-3uwoq-6g3ya-1,ib_hw_counter,rdma_vf_rail1,resp_cqe_error,0
2026-09-30T16:22:36.441Z,gpu-3uwoq-6g3ya-1,ib_hw_counter,rdma_vf_rail1,implied_nak_seq_err,0
2026-09-30T16:22:36.441Z,gpu-3uwoq-6g3ya-1,ib_hw_counter,rdma_vf_rail1,duplicate_request,0
2026-09-30T16:22:36.441Z,gpu-3uwoq-6g3ya-1,ib_counter,rdma_vf_rail2,port_xmit_data,5.4557e+12
2026-09-30T16:22:36.441Z,gpu-3uwoq-6g3ya-1,ib_counter,rdma_vf_rail2,port_rcv_data,3.49072e+12
2026-09-30T16:22:36.441Z,gpu-3uwoq-6g3ya-1,ib_counter,rdma_vf_rail2,port_xmit_packets,1.49548e+09
2026-09-30T16:22:36.441Z,gpu-3uwoq-6g3ya-1,ib_counter,rdma_vf_rail2,port_rcv_packets,1.15052e+09
2026-09-30T16:22:36.441Z,gpu-3uwoq-6g3ya-1,ib_counter,rdma_vf_rail2,port_xmit_wait,0
2026-09-30T16:22:36.441Z,gpu-3uwoq-6g3ya-1,ib_counter,rdma_vf_rail2,port_rcv_errors,0
2026-09-30T16:22:36.441Z,gpu-3uwoq-6g3ya-1,ib_counter,rdma_vf_rail2,port_xmit_discards,0
2026-09-30T16:22:36.441Z,gpu-3uwoq-6g3ya-1,ib_counter,rdma_vf_rail2,link_downed,0
2026-09-30T16:22:36.441Z,gpu-3uwoq-6g3ya-1,ib_hw_counter,rdma_vf_rail2,out_of_sequence,8
2026-09-30T16:22:36.441Z,gpu-3uwoq-6g3ya-1,ib_hw_counter,rdma_vf_rail2,packet_seq_err,7
2026-09-30T16:22:36.441Z,gpu-3uwoq-6g3ya-1,ib_hw_counter,rdma_vf_rail2,local_ack_timeout_err,0
2026-09-30T16:22:36.441Z,gpu-3uwoq-6g3ya-1,ib_hw_counter,rdma_vf_rail2,rx_write_requests,4.73562e+08
2026-09-30T16:22:36.441Z,gpu-3uwoq-6g3ya-1,ib_hw_counter,rdma_vf_rail2,rx_read_requests,1.66762e+07
2026-09-30T16:22:36.441Z,gpu-3uwoq-6g3ya-1,ib_hw_counter,rdma_vf_rail2,req_cqe_error,0
2026-09-30T16:22:36.441Z,gpu-3uwoq-6g3ya-1,ib_hw_counter,rdma_vf_rail2,resp_cqe_error,0
2026-09-30T16:22:36.441Z,gpu-3uwoq-6g3ya-1,ib_hw_counter,rdma_vf_rail2,implied_nak_seq_err,0
2026-09-30T16:22:36.441Z,gpu-3uwoq-6g3ya-1,ib_hw_counter,rdma_vf_rail2,duplicate_request,0
2026-09-30T16:22:36.441Z,gpu-3uwoq-6g3ya-1,ib_counter,rdma_vf_rail3,port_xmit_data,5.45593e+12
2026-09-30T16:22:36.441Z,gpu-3uwoq-6g3ya-1,ib_counter,rdma_vf_rail3,port_rcv_data,3.49051e+12
2026-09-30T16:22:36.441Z,gpu-3uwoq-6g3ya-1,ib_counter,rdma_vf_rail3,port_xmit_packets,1.49601e+09
2026-09-30T16:22:36.441Z,gpu-3uwoq-6g3ya-1,ib_counter,rdma_vf_rail3,port_rcv_packets,1.14761e+09
2026-09-30T16:22:36.441Z,gpu-3uwoq-6g3ya-1,ib_counter,rdma_vf_rail3,port_xmit_wait,0
2026-09-30T16:22:36.441Z,gpu-3uwoq-6g3ya-1,ib_counter,rdma_vf_rail3,port_rcv_errors,0
2026-09-30T16:22:36.441Z,gpu-3uwoq-6g3ya-1,ib_counter,rdma_vf_rail3,port_xmit_discards,0
2026-09-30T16:22:36.441Z,gpu-3uwoq-6g3ya-1,ib_counter,rdma_vf_rail3,link_downed,0
2026-09-30T16:22:36.441Z,gpu-3uwoq-6g3ya-1,ib_hw_counter,rdma_vf_rail3,out_of_sequence,9
2026-09-30T16:22:36.441Z,gpu-3uwoq-6g3ya-1,ib_hw_counter,rdma_vf_rail3,packet_seq_err,8
2026-09-30T16:22:36.441Z,gpu-3uwoq-6g3ya-1,ib_hw_counter,rdma_vf_rail3,local_ack_timeout_err,0
2026-09-30T16:22:36.441Z,gpu-3uwoq-6g3ya-1,ib_hw_counter,rdma_vf_rail3,rx_write_requests,4.73562e+08
2026-09-30T16:22:36.441Z,gpu-3uwoq-6g3ya-1,ib_hw_counter,rdma_vf_rail3,rx_read_requests,1.66762e+07
2026-09-30T16:22:36.441Z,gpu-3uwoq-6g3ya-1,ib_hw_counter,rdma_vf_rail3,req_cqe_error,0
2026-09-30T16:22:36.441Z,gpu-3uwoq-6g3ya-1,ib_hw_counter,rdma_vf_rail3,resp_cqe_error,0
2026-09-30T16:22:36.441Z,gpu-3uwoq-6g3ya-1,ib_hw_counter,rdma_vf_rail3,implied_nak_seq_err,0
2026-09-30T16:22:36.441Z,gpu-3uwoq-6g3ya-1,ib_hw_counter,rdma_vf_rail3,duplicate_request,0
2026-09-30T16:22:36.441Z,gpu-3uwoq-6g3ya-1,dcgm,gpu2,gpu_util,0
2026-09-30T16:22:36.441Z,gpu-3uwoq-6g3ya-1,dcgm,gpu3,gpu_util,0
2026-09-30T16:22:36.441Z,gpu-3uwoq-6g3ya-1,dcgm,gpu0,gpu_util,0
2026-09-30T16:22:36.441Z,gpu-3uwoq-6g3ya-1,dcgm,gpu1,gpu_util,0
2026-09-30T16:22:36.441Z,gpu-3uwoq-6g3ya-1,dcgm,gpu2,nvlink_bandwidth_total,0
2026-09-30T16:22:36.441Z,gpu-3uwoq-6g3ya-1,dcgm,gpu3,nvlink_bandwidth_total,0
2026-09-30T16:22:36.441Z,gpu-3uwoq-6g3ya-1,dcgm,gpu0,nvlink_bandwidth_total,0
2026-09-30T16:22:36.441Z,gpu-3uwoq-6g3ya-1,dcgm,gpu1,nvlink_bandwidth_total,0
2026-09-30T16:22:36.441Z,gpu-3uwoq-6g3ya-1,dcgm,gpu2,power_w,222.82
2026-09-30T16:22:36.441Z,gpu-3uwoq-6g3ya-1,dcgm,gpu3,power_w,227.025
2026-09-30T16:22:36.441Z,gpu-3uwoq-6g3ya-1,dcgm,gpu0,power_w,230.185
2026-09-30T16:22:36.441Z,gpu-3uwoq-6g3ya-1,dcgm,gpu1,power_w,226.298
2026-09-30T16:22:36.441Z,gpu-3uwoq-6g3ya-1,dcgm,gpu2,sm_clock_mhz,2070
2026-09-30T16:22:36.441Z,gpu-3uwoq-6g3ya-1,dcgm,gpu3,sm_clock_mhz,2070
2026-09-30T16:22:36.441Z,gpu-3uwoq-6g3ya-1,dcgm,gpu0,sm_clock_mhz,2070
2026-09-30T16:22:36.441Z,gpu-3uwoq-6g3ya-1,dcgm,gpu1,sm_clock_mhz,2070
2026-09-30T16:22:36.441Z,gpu-3uwoq-6g3ya-1,dcgm,gpu2,dram_active,0
2026-09-30T16:22:36.441Z,gpu-3uwoq-6g3ya-1,dcgm,gpu3,dram_active,0
2026-09-30T16:22:36.441Z,gpu-3uwoq-6g3ya-1,dcgm,gpu0,dram_active,0
2026-09-30T16:22:36.441Z,gpu-3uwoq-6g3ya-1,dcgm,gpu1,dram_active,0
2026-09-30T16:22:36.441Z,gpu-3uwoq-6g3ya-1,dcgm,gpu2,pcie_rx_bytes,62771
2026-09-30T16:22:36.441Z,gpu-3uwoq-6g3ya-1,dcgm,gpu3,pcie_rx_bytes,56573
2026-09-30T16:22:36.441Z,gpu-3uwoq-6g3ya-1,dcgm,gpu0,pcie_rx_bytes,67208
2026-09-30T16:22:36.441Z,gpu-3uwoq-6g3ya-1,dcgm,gpu1,pcie_rx_bytes,65593
2026-09-30T16:22:36.441Z,gpu-3uwoq-6g3ya-1,dcgm,gpu2,pcie_tx_bytes,60352
2026-09-30T16:22:36.441Z,gpu-3uwoq-6g3ya-1,dcgm,gpu3,pcie_tx_bytes,54162
2026-09-30T16:22:36.441Z,gpu-3uwoq-6g3ya-1,dcgm,gpu0,pcie_tx_bytes,64797
2026-09-30T16:22:36.441Z,gpu-3uwoq-6g3ya-1,dcgm,gpu1,pcie_tx_bytes,63167
2026-09-30T16:22:36.441Z,gpu-3uwoq-6g3ya-1,dcgm,gpu2,tensor_active,0
2026-09-30T16:22:36.441Z,gpu-3uwoq-6g3ya-1,dcgm,gpu3,tensor_active,0
2026-09-30T16:22:36.441Z,gpu-3uwoq-6g3ya-1,dcgm,gpu0,tensor_active,0
2026-09-30T16:22:36.441Z,gpu-3uwoq-6g3ya-1,dcgm,gpu1,tensor_active,0
2026-09-30T16:22:36.441Z,gpu-3uwoq-6g3ya-1,dcgm,gpu2,sm_active,0
2026-09-30T16:22:36.441Z,gpu-3uwoq-6g3ya-1,dcgm,gpu3,sm_active,0
2026-09-30T16:22:36.441Z,gpu-3uwoq-6g3ya-1,dcgm,gpu0,sm_active,0
2026-09-30T16:22:36.441Z,gpu-3uwoq-6g3ya-1,dcgm,gpu1,sm_active,0
2026-09-30T16:22:36.441Z,gpu-3uwoq-6g3ya-1,nvlink,gpu0,nvlink_rx_bytes,2.19204e+13
2026-09-30T16:22:36.441Z,gpu-3uwoq-6g3ya-1,nvlink,gpu0,nvlink_tx_bytes,2.19341e+13
2026-09-30T16:22:36.441Z,gpu-3uwoq-6g3ya-1,nvlink,gpu1,nvlink_rx_bytes,2.27892e+13
2026-09-30T16:22:36.441Z,gpu-3uwoq-6g3ya-1,nvlink,gpu1,nvlink_tx_bytes,2.28013e+13
2026-09-30T16:22:36.441Z,gpu-3uwoq-6g3ya-1,nvlink,gpu2,nvlink_rx_bytes,2.19858e+13
2026-09-30T16:22:36.441Z,gpu-3uwoq-6g3ya-1,nvlink,gpu2,nvlink_tx_bytes,2.20045e+13
2026-09-30T16:22:36.441Z,gpu-3uwoq-6g3ya-1,nvlink,gpu3,nvlink_rx_bytes,2.18839e+13
2026-09-30T16:22:36.441Z,gpu-3uwoq-6g3ya-1,nvlink,gpu3,nvlink_tx_bytes,2.19016e+13
2026-09-30T16:22:37.441Z,gpu-3uwoq-6g3ya-1,ib_counter,rdma_vf_rail0,port_xmit_data,6.27354e+12
2026-09-30T16:22:37.441Z,gpu-3uwoq-6g3ya-1,ib_counter,rdma_vf_rail0,port_rcv_data,4.31116e+12
2026-09-30T16:22:37.441Z,gpu-3uwoq-6g3ya-1,ib_counter,rdma_vf_rail0,port_xmit_packets,1.72334e+09
2026-09-30T16:22:37.441Z,gpu-3uwoq-6g3ya-1,ib_counter,rdma_vf_rail0,port_rcv_packets,1.4035e+09
2026-09-30T16:22:37.441Z,gpu-3uwoq-6g3ya-1,ib_counter,rdma_vf_rail0,port_xmit_wait,0
2026-09-30T16:22:37.441Z,gpu-3uwoq-6g3ya-1,ib_counter,rdma_vf_rail0,port_rcv_errors,0
2026-09-30T16:22:37.441Z,gpu-3uwoq-6g3ya-1,ib_counter,rdma_vf_rail0,port_xmit_discards,0
2026-09-30T16:22:37.441Z,gpu-3uwoq-6g3ya-1,ib_counter,rdma_vf_rail0,link_downed,0
2026-09-30T16:22:37.441Z,gpu-3uwoq-6g3ya-1,ib_hw_counter,rdma_vf_rail0,out_of_sequence,8
2026-09-30T16:22:37.441Z,gpu-3uwoq-6g3ya-1,ib_hw_counter,rdma_vf_rail0,packet_seq_err,9
2026-09-30T16:22:37.441Z,gpu-3uwoq-6g3ya-1,ib_hw_counter,rdma_vf_rail0,local_ack_timeout_err,0
2026-09-30T16:22:37.441Z,gpu-3uwoq-6g3ya-1,ib_hw_counter,rdma_vf_rail0,rx_write_requests,4.85746e+08
2026-09-30T16:22:37.441Z,gpu-3uwoq-6g3ya-1,ib_hw_counter,rdma_vf_rail0,rx_read_requests,2.27639e+07
2026-09-30T16:22:37.441Z,gpu-3uwoq-6g3ya-1,ib_hw_counter,rdma_vf_rail0,req_cqe_error,0
2026-09-30T16:22:37.441Z,gpu-3uwoq-6g3ya-1,ib_hw_counter,rdma_vf_rail0,resp_cqe_error,0
2026-09-30T16:22:37.441Z,gpu-3uwoq-6g3ya-1,ib_hw_counter,rdma_vf_rail0,implied_nak_seq_err,0
2026-09-30T16:22:37.441Z,gpu-3uwoq-6g3ya-1,ib_hw_counter,rdma_vf_rail0,duplicate_request,0
2026-09-30T16:22:37.441Z,gpu-3uwoq-6g3ya-1,ib_counter,rdma_vf_rail1,port_xmit_data,5.48301e+12
2026-09-30T16:22:37.441Z,gpu-3uwoq-6g3ya-1,ib_counter,rdma_vf_rail1,port_rcv_data,3.51844e+12
2026-09-30T16:22:37.441Z,gpu-3uwoq-6g3ya-1,ib_counter,rdma_vf_rail1,port_xmit_packets,1.50928e+09
2026-09-30T16:22:37.441Z,gpu-3uwoq-6g3ya-1,ib_counter,rdma_vf_rail1,port_rcv_packets,1.16889e+09
2026-09-30T16:22:37.441Z,gpu-3uwoq-6g3ya-1,ib_counter,rdma_vf_rail1,port_xmit_wait,0
2026-09-30T16:22:37.441Z,gpu-3uwoq-6g3ya-1,ib_counter,rdma_vf_rail1,port_rcv_errors,0
2026-09-30T16:22:37.441Z,gpu-3uwoq-6g3ya-1,ib_counter,rdma_vf_rail1,port_xmit_discards,0
2026-09-30T16:22:37.441Z,gpu-3uwoq-6g3ya-1,ib_counter,rdma_vf_rail1,link_downed,0
2026-09-30T16:22:37.441Z,gpu-3uwoq-6g3ya-1,ib_hw_counter,rdma_vf_rail1,out_of_sequence,7
2026-09-30T16:22:37.441Z,gpu-3uwoq-6g3ya-1,ib_hw_counter,rdma_vf_rail1,packet_seq_err,8
2026-09-30T16:22:37.441Z,gpu-3uwoq-6g3ya-1,ib_hw_counter,rdma_vf_rail1,local_ack_timeout_err,0
2026-09-30T16:22:37.441Z,gpu-3uwoq-6g3ya-1,ib_hw_counter,rdma_vf_rail1,rx_write_requests,4.73996e+08
2026-09-30T16:22:37.441Z,gpu-3uwoq-6g3ya-1,ib_hw_counter,rdma_vf_rail1,rx_read_requests,1.68838e+07
2026-09-30T16:22:37.441Z,gpu-3uwoq-6g3ya-1,ib_hw_counter,rdma_vf_rail1,req_cqe_error,0
2026-09-30T16:22:37.441Z,gpu-3uwoq-6g3ya-1,ib_hw_counter,rdma_vf_rail1,resp_cqe_error,0
2026-09-30T16:22:37.441Z,gpu-3uwoq-6g3ya-1,ib_hw_counter,rdma_vf_rail1,implied_nak_seq_err,0
2026-09-30T16:22:37.441Z,gpu-3uwoq-6g3ya-1,ib_hw_counter,rdma_vf_rail1,duplicate_request,0
2026-09-30T16:22:37.441Z,gpu-3uwoq-6g3ya-1,ib_counter,rdma_vf_rail2,port_xmit_data,5.4557e+12
2026-09-30T16:22:37.441Z,gpu-3uwoq-6g3ya-1,ib_counter,rdma_vf_rail2,port_rcv_data,3.49072e+12
2026-09-30T16:22:37.441Z,gpu-3uwoq-6g3ya-1,ib_counter,rdma_vf_rail2,port_xmit_packets,1.49548e+09
2026-09-30T16:22:37.441Z,gpu-3uwoq-6g3ya-1,ib_counter,rdma_vf_rail2,port_rcv_packets,1.15052e+09
2026-09-30T16:22:37.441Z,gpu-3uwoq-6g3ya-1,ib_counter,rdma_vf_rail2,port_xmit_wait,0
2026-09-30T16:22:37.441Z,gpu-3uwoq-6g3ya-1,ib_counter,rdma_vf_rail2,port_rcv_errors,0
2026-09-30T16:22:37.441Z,gpu-3uwoq-6g3ya-1,ib_counter,rdma_vf_rail2,port_xmit_discards,0
2026-09-30T16:22:37.441Z,gpu-3uwoq-6g3ya-1,ib_counter,rdma_vf_rail2,link_downed,0
2026-09-30T16:22:37.441Z,gpu-3uwoq-6g3ya-1,ib_hw_counter,rdma_vf_rail2,out_of_sequence,8
2026-09-30T16:22:37.441Z,gpu-3uwoq-6g3ya-1,ib_hw_counter,rdma_vf_rail2,packet_seq_err,7
2026-09-30T16:22:37.441Z,gpu-3uwoq-6g3ya-1,ib_hw_counter,rdma_vf_rail2,local_ack_timeout_err,0
2026-09-30T16:22:37.441Z,gpu-3uwoq-6g3ya-1,ib_hw_counter,rdma_vf_rail2,rx_write_requests,4.73562e+08
2026-09-30T16:22:37.441Z,gpu-3uwoq-6g3ya-1,ib_hw_counter,rdma_vf_rail2,rx_read_requests,1.66762e+07
2026-09-30T16:22:37.441Z,gpu-3uwoq-6g3ya-1,ib_hw_counter,rdma_vf_rail2,req_cqe_error,0
2026-09-30T16:22:37.441Z,gpu-3uwoq-6g3ya-1,ib_hw_counter,rdma_vf_rail2,resp_cqe_error,0
2026-09-30T16:22:37.441Z,gpu-3uwoq-6g3ya-1,ib_hw_counter,rdma_vf_rail2,implied_nak_seq_err,0
2026-09-30T16:22:37.441Z,gpu-3uwoq-6g3ya-1,ib_hw_counter,rdma_vf_rail2,duplicate_request,0
2026-09-30T16:22:37.441Z,gpu-3uwoq-6g3ya-1,ib_counter,rdma_vf_rail3,port_xmit_data,5.45593e+12
2026-09-30T16:22:37.441Z,gpu-3uwoq-6g3ya-1,ib_counter,rdma_vf_rail3,port_rcv_data,3.49051e+12
2026-09-30T16:22:37.441Z,gpu-3uwoq-6g3ya-1,ib_counter,rdma_vf_rail3,port_xmit_packets,1.49601e+09
2026-09-30T16:22:37.441Z,gpu-3uwoq-6g3ya-1,ib_counter,rdma_vf_rail3,port_rcv_packets,1.14761e+09
2026-09-30T16:22:37.441Z,gpu-3uwoq-6g3ya-1,ib_counter,rdma_vf_rail3,port_xmit_wait,0
2026-09-30T16:22:37.441Z,gpu-3uwoq-6g3ya-1,ib_counter,rdma_vf_rail3,port_rcv_errors,0
2026-09-30T16:22:37.441Z,gpu-3uwoq-6g3ya-1,ib_counter,rdma_vf_rail3,port_xmit_discards,0
2026-09-30T16:22:37.441Z,gpu-3uwoq-6g3ya-1,ib_counter,rdma_vf_rail3,link_downed,0
2026-09-30T16:22:37.441Z,gpu-3uwoq-6g3ya-1,ib_hw_counter,rdma_vf_rail3,out_of_sequence,9
2026-09-30T16:22:37.441Z,gpu-3uwoq-6g3ya-1,ib_hw_counter,rdma_vf_rail3,packet_seq_err,8
2026-09-30T16:22:37.441Z,gpu-3uwoq-6g3ya-1,ib_hw_counter,rdma_vf_rail3,local_ack_timeout_err,0
2026-09-30T16:22:37.441Z,gpu-3uwoq-6g3ya-1,ib_hw_counter,rdma_vf_rail3,rx_write_requests,4.73562e+08
2026-09-30T16:22:37.441Z,gpu-3uwoq-6g3ya-1,ib_hw_counter,rdma_vf_rail3,rx_read_requests,1.66762e+07
2026-09-30T16:22:37.441Z,gpu-3uwoq-6g3ya-1,ib_hw_counter,rdma_vf_rail3,req_cqe_error,0
2026-09-30T16:22:37.441Z,gpu-3uwoq-6g3ya-1,ib_hw_counter,rdma_vf_rail3,resp_cqe_error,0
2026-09-30T16:22:37.441Z,gpu-3uwoq-6g3ya-1,ib_hw_counter,rdma_vf_rail3,implied_nak_seq_err,0
2026-09-30T16:22:37.441Z,gpu-3uwoq-6g3ya-1,ib_hw_counter,rdma_vf_rail3,duplicate_request,0
2026-09-30T16:22:37.441Z,gpu-3uwoq-6g3ya-1,dcgm,gpu2,gpu_util,0
2026-09-30T16:22:37.441Z,gpu-3uwoq-6g3ya-1,dcgm,gpu3,gpu_util,0
2026-09-30T16:22:37.441Z,gpu-3uwoq-6g3ya-1,dcgm,gpu0,gpu_util,0
2026-09-30T16:22:37.441Z,gpu-3uwoq-6g3ya-1,dcgm,gpu1,gpu_util,0
2026-09-30T16:22:37.441Z,gpu-3uwoq-6g3ya-1,dcgm,gpu2,nvlink_bandwidth_total,0
2026-09-30T16:22:37.441Z,gpu-3uwoq-6g3ya-1,dcgm,gpu3,nvlink_bandwidth_total,0
2026-09-30T16:22:37.441Z,gpu-3uwoq-6g3ya-1,dcgm,gpu0,nvlink_bandwidth_total,0
2026-09-30T16:22:37.441Z,gpu-3uwoq-6g3ya-1,dcgm,gpu1,nvlink_bandwidth_total,0
2026-09-30T16:22:37.441Z,gpu-3uwoq-6g3ya-1,dcgm,gpu2,power_w,222.82
2026-09-30T16:22:37.441Z,gpu-3uwoq-6g3ya-1,dcgm,gpu3,power_w,227.025
2026-09-30T16:22:37.441Z,gpu-3uwoq-6g3ya-1,dcgm,gpu0,power_w,230.185
2026-09-30T16:22:37.441Z,gpu-3uwoq-6g3ya-1,dcgm,gpu1,power_w,226.298
2026-09-30T16:22:37.441Z,gpu-3uwoq-6g3ya-1,dcgm,gpu2,sm_clock_mhz,2070
2026-09-30T16:22:37.441Z,gpu-3uwoq-6g3ya-1,dcgm,gpu3,sm_clock_mhz,2070
2026-09-30T16:22:37.441Z,gpu-3uwoq-6g3ya-1,dcgm,gpu0,sm_clock_mhz,2070
2026-09-30T16:22:37.441Z,gpu-3uwoq-6g3ya-1,dcgm,gpu1,sm_clock_mhz,2070
2026-09-30T16:22:37.441Z,gpu-3uwoq-6g3ya-1,dcgm,gpu2,dram_active,0
2026-09-30T16:22:37.441Z,gpu-3uwoq-6g3ya-1,dcgm,gpu3,dram_active,0
2026-09-30T16:22:37.441Z,gpu-3uwoq-6g3ya-1,dcgm,gpu0,dram_active,0
2026-09-30T16:22:37.441Z,gpu-3uwoq-6g3ya-1,dcgm,gpu1,dram_active,0
2026-09-30T16:22:37.441Z,gpu-3uwoq-6g3ya-1,dcgm,gpu2,pcie_rx_bytes,62771
2026-09-30T16:22:37.441Z,gpu-3uwoq-6g3ya-1,dcgm,gpu3,pcie_rx_bytes,56573
2026-09-30T16:22:37.441Z,gpu-3uwoq-6g3ya-1,dcgm,gpu0,pcie_rx_bytes,67208
2026-09-30T16:22:37.441Z,gpu-3uwoq-6g3ya-1,dcgm,gpu1,pcie_rx_bytes,65593
2026-09-30T16:22:37.441Z,gpu-3uwoq-6g3ya-1,dcgm,gpu2,pcie_tx_bytes,60352
2026-09-30T16:22:37.441Z,gpu-3uwoq-6g3ya-1,dcgm,gpu3,pcie_tx_bytes,54162
2026-09-30T16:22:37.441Z,gpu-3uwoq-6g3ya-1,dcgm,gpu0,pcie_tx_bytes,64797
2026-09-30T16:22:37.441Z,gpu-3uwoq-6g3ya-1,dcgm,gpu1,pcie_tx_bytes,63167
2026-09-30T16:22:37.441Z,gpu-3uwoq-6g3ya-1,dcgm,gpu2,tensor_active,0
2026-09-30T16:22:37.441Z,gpu-3uwoq-6g3ya-1,dcgm,gpu3,tensor_active,0
2026-09-30T16:22:37.441Z,gpu-3uwoq-6g3ya-1,dcgm,gpu0,tensor_active,0
2026-09-30T16:22:37.441Z,gpu-3uwoq-6g3ya-1,dcgm,gpu1,tensor_active,0
2026-09-30T16:22:37.441Z,gpu-3uwoq-6g3ya-1,dcgm,gpu2,sm_active,0
2026-09-30T16:22:37.441Z,gpu-3uwoq-6g3ya-1,dcgm,gpu3,sm_active,0
2026-09-30T16:22:37.441Z,gpu-3uwoq-6g3ya-1,dcgm,gpu0,sm_active,0
2026-09-30T16:22:37.441Z,gpu-3uwoq-6g3ya-1,dcgm,gpu1,sm_active,0
2026-09-30T16:22:37.441Z,gpu-3uwoq-6g3ya-1,nvlink,gpu0,nvlink_rx_bytes,2.19204e+13
2026-09-30T16:22:37.441Z,gpu-3uwoq-6g3ya-1,nvlink,gpu0,nvlink_tx_bytes,2.19341e+13
2026-09-30T16:22:37.441Z,gpu-3uwoq-6g3ya-1,nvlink,gpu1,nvlink_rx_bytes,2.27892e+13
2026-09-30T16:22:37.441Z,gpu-3uwoq-6g3ya-1,nvlink,gpu1,nvlink_tx_bytes,2.28013e+13
2026-09-30T16:22:37.441Z,gpu-3uwoq-6g3ya-1,nvlink,gpu2,nvlink_rx_bytes,2.19858e+13
2026-09-30T16:22:37.441Z,gpu-3uwoq-6g3ya-1,nvlink,gpu2,nvlink_tx_bytes,2.20045e+13
2026-09-30T16:22:37.441Z,gpu-3uwoq-6g3ya-1,nvlink,gpu3,nvlink_rx_bytes,2.18839e+13
2026-09-30T16:22:37.441Z,gpu-3uwoq-6g3ya-1,nvlink,gpu3,nvlink_tx_bytes,2.19016e+13
2026-09-30T16:22:38.441Z,gpu-3uwoq-6g3ya-1,ib_counter,rdma_vf_rail0,port_xmit_data,6.27354e+12
2026-09-30T16:22:38.441Z,gpu-3uwoq-6g3ya-1,ib_counter,rdma_vf_rail0,port_rcv_data,4.31116e+12
2026-09-30T16:22:38.441Z,gpu-3uwoq-6g3ya-1,ib_counter,rdma_vf_rail0,port_xmit_packets,1.72334e+09
2026-09-30T16:22:38.441Z,gpu-3uwoq-6g3ya-1,ib_counter,rdma_vf_rail0,port_rcv_packets,1.4035e+09
2026-09-30T16:22:38.441Z,gpu-3uwoq-6g3ya-1,ib_counter,rdma_vf_rail0,port_xmit_wait,0
2026-09-30T16:22:38.441Z,gpu-3uwoq-6g3ya-1,ib_counter,rdma_vf_rail0,port_rcv_errors,0
2026-09-30T16:22:38.441Z,gpu-3uwoq-6g3ya-1,ib_counter,rdma_vf_rail0,port_xmit_discards,0
2026-09-30T16:22:38.441Z,gpu-3uwoq-6g3ya-1,ib_counter,rdma_vf_rail0,link_downed,0
2026-09-30T16:22:38.441Z,gpu-3uwoq-6g3ya-1,ib_hw_counter,rdma_vf_rail0,out_of_sequence,8
2026-09-30T16:22:38.441Z,gpu-3uwoq-6g3ya-1,ib_hw_counter,rdma_vf_rail0,packet_seq_err,9
2026-09-30T16:22:38.441Z,gpu-3uwoq-6g3ya-1,ib_hw_counter,rdma_vf_rail0,local_ack_timeout_err,0
2026-09-30T16:22:38.441Z,gpu-3uwoq-6g3ya-1,ib_hw_counter,rdma_vf_rail0,rx_write_requests,4.85746e+08
2026-09-30T16:22:38.441Z,gpu-3uwoq-6g3ya-1,ib_hw_counter,rdma_vf_rail0,rx_read_requests,2.27639e+07
2026-09-30T16:22:38.441Z,gpu-3uwoq-6g3ya-1,ib_hw_counter,rdma_vf_rail0,req_cqe_error,0
2026-09-30T16:22:38.441Z,gpu-3uwoq-6g3ya-1,ib_hw_counter,rdma_vf_rail0,resp_cqe_error,0
2026-09-30T16:22:38.441Z,gpu-3uwoq-6g3ya-1,ib_hw_counter,rdma_vf_rail0,implied_nak_seq_err,0
2026-09-30T16:22:38.441Z,gpu-3uwoq-6g3ya-1,ib_hw_counter,rdma_vf_rail0,duplicate_request,0
2026-09-30T16:22:38.441Z,gpu-3uwoq-6g3ya-1,ib_counter,rdma_vf_rail1,port_xmit_data,5.48301e+12
2026-09-30T16:22:38.441Z,gpu-3uwoq-6g3ya-1,ib_counter,rdma_vf_rail1,port_rcv_data,3.51844e+12
2026-09-30T16:22:38.441Z,gpu-3uwoq-6g3ya-1,ib_counter,rdma_vf_rail1,port_xmit_packets,1.50928e+09
2026-09-30T16:22:38.441Z,gpu-3uwoq-6g3ya-1,ib_counter,rdma_vf_rail1,port_rcv_packets,1.16889e+09
2026-09-30T16:22:38.441Z,gpu-3uwoq-6g3ya-1,ib_counter,rdma_vf_rail1,port_xmit_wait,0
2026-09-30T16:22:38.441Z,gpu-3uwoq-6g3ya-1,ib_counter,rdma_vf_rail1,port_rcv_errors,0
2026-09-30T16:22:38.441Z,gpu-3uwoq-6g3ya-1,ib_counter,rdma_vf_rail1,port_xmit_discards,0
2026-09-30T16:22:38.441Z,gpu-3uwoq-6g3ya-1,ib_counter,rdma_vf_rail1,link_downed,0
2026-09-30T16:22:38.441Z,gpu-3uwoq-6g3ya-1,ib_hw_counter,rdma_vf_rail1,out_of_sequence,7
2026-09-30T16:22:38.441Z,gpu-3uwoq-6g3ya-1,ib_hw_counter,rdma_vf_rail1,packet_seq_err,8
2026-09-30T16:22:38.441Z,gpu-3uwoq-6g3ya-1,ib_hw_counter,rdma_vf_rail1,local_ack_timeout_err,0
2026-09-30T16:22:38.441Z,gpu-3uwoq-6g3ya-1,ib_hw_counter,rdma_vf_rail1,rx_write_requests,4.73996e+08
2026-09-30T16:22:38.441Z,gpu-3uwoq-6g3ya-1,ib_hw_counter,rdma_vf_rail1,rx_read_requests,1.68838e+07
2026-09-30T16:22:38.441Z,gpu-3uwoq-6g3ya-1,ib_hw_counter,rdma_vf_rail1,req_cqe_error,0
2026-09-30T16:22:38.441Z,gpu-3uwoq-6g3ya-1,ib_hw_counter,rdma_vf_rail1,resp_cqe_error,0
2026-09-30T16:22:38.441Z,gpu-3uwoq-6g3ya-1,ib_hw_counter,rdma_vf_rail1,implied_nak_seq_err,0
2026-09-30T16:22:38.441Z,gpu-3uwoq-6g3ya-1,ib_hw_counter,rdma_vf_rail1,duplicate_request,0
2026-09-30T16:22:38.441Z,gpu-3uwoq-6g3ya-1,ib_counter,rdma_vf_rail2,port_xmit_data,5.4557e+12
2026-09-30T16:22:38.441Z,gpu-3uwoq-6g3ya-1,ib_counter,rdma_vf_rail2,port_rcv_data,3.49072e+12
2026-09-30T16:22:38.441Z,gpu-3uwoq-6g3ya-1,ib_counter,rdma_vf_rail2,port_xmit_packets,1.49548e+09
2026-09-30T16:22:38.441Z,gpu-3uwoq-6g3ya-1,ib_counter,rdma_vf_rail2,port_rcv_packets,1.15052e+09
2026-09-30T16:22:38.441Z,gpu-3uwoq-6g3ya-1,ib_counter,rdma_vf_rail2,port_xmit_wait,0
2026-09-30T16:22:38.441Z,gpu-3uwoq-6g3ya-1,ib_counter,rdma_vf_rail2,port_rcv_errors,0
2026-09-30T16:22:38.441Z,gpu-3uwoq-6g3ya-1,ib_counter,rdma_vf_rail2,port_xmit_discards,0
2026-09-30T16:22:38.441Z,gpu-3uwoq-6g3ya-1,ib_counter,rdma_vf_rail2,link_downed,0
2026-09-30T16:22:38.441Z,gpu-3uwoq-6g3ya-1,ib_hw_counter,rdma_vf_rail2,out_of_sequence,8
2026-09-30T16:22:38.441Z,gpu-3uwoq-6g3ya-1,ib_hw_counter,rdma_vf_rail2,packet_seq_err,7
2026-09-30T16:22:38.441Z,gpu-3uwoq-6g3ya-1,ib_hw_counter,rdma_vf_rail2,local_ack_timeout_err,0
2026-09-30T16:22:38.441Z,gpu-3uwoq-6g3ya-1,ib_hw_counter,rdma_vf_rail2,rx_write_requests,4.73562e+08
2026-09-30T16:22:38.441Z,gpu-3uwoq-6g3ya-1,ib_hw_counter,rdma_vf_rail2,rx_read_requests,1.66762e+07
2026-09-30T16:22:38.441Z,gpu-3uwoq-6g3ya-1,ib_hw_counter,rdma_vf_rail2,req_cqe_error,0
2026-09-30T16:22:38.441Z,gpu-3uwoq-6g3ya-1,ib_hw_counter,rdma_vf_rail2,resp_cqe_error,0
2026-09-30T16:22:38.441Z,gpu-3uwoq-6g3ya-1,ib_hw_counter,rdma_vf_rail2,implied_nak_seq_err,0
2026-09-30T16:22:38.441Z,gpu-3uwoq-6g3ya-1,ib_hw_counter,rdma_vf_rail2,duplicate_request,0
2026-09-30T16:22:38.441Z,gpu-3uwoq-6g3ya-1,ib_counter,rdma_vf_rail3,port_xmit_data,5.45593e+12
2026-09-30T16:22:38.441Z,gpu-3uwoq-6g3ya-1,ib_counter,rdma_vf_rail3,port_rcv_data,3.49051e+12
2026-09-30T16:22:38.441Z,gpu-3uwoq-6g3ya-1,ib_counter,rdma_vf_rail3,port_xmit_packets,1.49601e+09
2026-09-30T16:22:38.441Z,gpu-3uwoq-6g3ya-1,ib_counter,rdma_vf_rail3,port_rcv_packets,1.14761e+09
2026-09-30T16:22:38.441Z,gpu-3uwoq-6g3ya-1,ib_counter,rdma_vf_rail3,port_xmit_wait,0
2026-09-30T16:22:38.441Z,gpu-3uwoq-6g3ya-1,ib_counter,rdma_vf_rail3,port_rcv_errors,0
2026-09-30T16:22:38.441Z,gpu-3uwoq-6g3ya-1,ib_counter,rdma_vf_rail3,port_xmit_discards,0
2026-09-30T16:22:38.441Z,gpu-3uwoq-6g3ya-1,ib_counter,rdma_vf_rail3,link_downed,0
2026-09-30T16:22:38.441Z,gpu-3uwoq-6g3ya-1,ib_hw_counter,rdma_vf_rail3,out_of_sequence,9
2026-09-30T16:22:38.441Z,gpu-3uwoq-6g3ya-1,ib_hw_counter,rdma_vf_rail3,packet_seq_err,8
2026-09-30T16:22:38.441Z,gpu-3uwoq-6g3ya-1,ib_hw_counter,rdma_vf_rail3,local_ack_timeout_err,0
2026-09-30T16:22:38.441Z,gpu-3uwoq-6g3ya-1,ib_hw_counter,rdma_vf_rail3,rx_write_requests,4.73562e+08
2026-09-30T16:22:38.441Z,gpu-3uwoq-6g3ya-1,ib_hw_counter,rdma_vf_rail3,rx_read_requests,1.66762e+07
2026-09-30T16:22:38.441Z,gpu-3uwoq-6g3ya-1,ib_hw_counter,rdma_vf_rail3,req_cqe_error,0
2026-09-30T16:22:38.441Z,gpu-3uwoq-6g3ya-1,ib_hw_counter,rdma_vf_rail3,resp_cqe_error,0
2026-09-30T16:22:38.441Z,gpu-3uwoq-6g3ya-1,ib_hw_counter,rdma_vf_rail3,implied_nak_seq_err,0
2026-09-30T16:22:38.441Z,gpu-3uwoq-6g3ya-1,ib_hw_counter,rdma_vf_rail3,duplicate_request,0
2026-09-30T16:22:38.441Z,gpu-3uwoq-6g3ya-1,dcgm,gpu2,gpu_util,0
2026-09-30T16:22:38.441Z,gpu-3uwoq-6g3ya-1,dcgm,gpu3,gpu_util,0
2026-09-30T16:22:38.441Z,gpu-3uwoq-6g3ya-1,dcgm,gpu0,gpu_util,0
2026-09-30T16:22:38.441Z,gpu-3uwoq-6g3ya-1,dcgm,gpu1,gpu_util,0
2026-09-30T16:22:38.441Z,gpu-3uwoq-6g3ya-1,dcgm,gpu2,nvlink_bandwidth_total,0
2026-09-30T16:22:38.441Z,gpu-3uwoq-6g3ya-1,dcgm,gpu3,nvlink_bandwidth_total,0
2026-09-30T16:22:38.441Z,gpu-3uwoq-6g3ya-1,dcgm,gpu0,nvlink_bandwidth_total,0
2026-09-30T16:22:38.441Z,gpu-3uwoq-6g3ya-1,dcgm,gpu1,nvlink_bandwidth_total,0
2026-09-30T16:22:38.441Z,gpu-3uwoq-6g3ya-1,dcgm,gpu2,power_w,222.82
2026-09-30T16:22:38.441Z,gpu-3uwoq-6g3ya-1,dcgm,gpu3,power_w,227.026
2026-09-30T16:22:38.441Z,gpu-3uwoq-6g3ya-1,dcgm,gpu0,power_w,230.127
2026-09-30T16:22:38.441Z,gpu-3uwoq-6g3ya-1,dcgm,gpu1,power_w,226.298
2026-09-30T16:22:38.441Z,gpu-3uwoq-6g3ya-1,dcgm,gpu2,sm_clock_mhz,2070
2026-09-30T16:22:38.441Z,gpu-3uwoq-6g3ya-1,dcgm,gpu3,sm_clock_mhz,2070
2026-09-30T16:22:38.441Z,gpu-3uwoq-6g3ya-1,dcgm,gpu0,sm_clock_mhz,2070
2026-09-30T16:22:38.441Z,gpu-3uwoq-6g3ya-1,dcgm,gpu1,sm_clock_mhz,2070
2026-09-30T16:22:38.441Z,gpu-3uwoq-6g3ya-1,dcgm,gpu2,dram_active,0
2026-09-30T16:22:38.441Z,gpu-3uwoq-6g3ya-1,dcgm,gpu3,dram_active,0
2026-09-30T16:22:38.441Z,gpu-3uwoq-6g3ya-1,dcgm,gpu0,dram_active,0
2026-09-30T16:22:38.441Z,gpu-3uwoq-6g3ya-1,dcgm,gpu1,dram_active,0
2026-09-30T16:22:38.441Z,gpu-3uwoq-6g3ya-1,dcgm,gpu2,pcie_rx_bytes,43152
2026-09-30T16:22:38.441Z,gpu-3uwoq-6g3ya-1,dcgm,gpu3,pcie_rx_bytes,56573
2026-09-30T16:22:38.441Z,gpu-3uwoq-6g3ya-1,dcgm,gpu0,pcie_rx_bytes,50088
2026-09-30T16:22:38.441Z,gpu-3uwoq-6g3ya-1,dcgm,gpu1,pcie_rx_bytes,54948
2026-09-30T16:22:38.441Z,gpu-3uwoq-6g3ya-1,dcgm,gpu2,pcie_tx_bytes,39623
2026-09-30T16:22:38.441Z,gpu-3uwoq-6g3ya-1,dcgm,gpu3,pcie_tx_bytes,54162
2026-09-30T16:22:38.441Z,gpu-3uwoq-6g3ya-1,dcgm,gpu0,pcie_tx_bytes,46489
2026-09-30T16:22:38.441Z,gpu-3uwoq-6g3ya-1,dcgm,gpu1,pcie_tx_bytes,51404
2026-09-30T16:22:38.441Z,gpu-3uwoq-6g3ya-1,dcgm,gpu2,tensor_active,0
2026-09-30T16:22:38.441Z,gpu-3uwoq-6g3ya-1,dcgm,gpu3,tensor_active,0
2026-09-30T16:22:38.441Z,gpu-3uwoq-6g3ya-1,dcgm,gpu0,tensor_active,0
2026-09-30T16:22:38.441Z,gpu-3uwoq-6g3ya-1,dcgm,gpu1,tensor_active,0
2026-09-30T16:22:38.441Z,gpu-3uwoq-6g3ya-1,dcgm,gpu2,sm_active,0
2026-09-30T16:22:38.441Z,gpu-3uwoq-6g3ya-1,dcgm,gpu3,sm_active,0
2026-09-30T16:22:38.441Z,gpu-3uwoq-6g3ya-1,dcgm,gpu0,sm_active,0
2026-09-30T16:22:38.441Z,gpu-3uwoq-6g3ya-1,dcgm,gpu1,sm_active,0
2026-09-30T16:22:38.441Z,gpu-3uwoq-6g3ya-1,nvlink,gpu0,nvlink_rx_bytes,2.19204e+13
2026-09-30T16:22:38.441Z,gpu-3uwoq-6g3ya-1,nvlink,gpu0,nvlink_tx_bytes,2.19341e+13
2026-09-30T16:22:38.441Z,gpu-3uwoq-6g3ya-1,nvlink,gpu1,nvlink_rx_bytes,2.27892e+13
2026-09-30T16:22:38.441Z,gpu-3uwoq-6g3ya-1,nvlink,gpu1,nvlink_tx_bytes,2.28013e+13
2026-09-30T16:22:38.441Z,gpu-3uwoq-6g3ya-1,nvlink,gpu2,nvlink_rx_bytes,2.19858e+13
2026-09-30T16:22:38.441Z,gpu-3uwoq-6g3ya-1,nvlink,gpu2,nvlink_tx_bytes,2.20045e+13
2026-09-30T16:22:38.441Z,gpu-3uwoq-6g3ya-1,nvlink,gpu3,nvlink_rx_bytes,2.18839e+13
2026-09-30T16:22:38.441Z,gpu-3uwoq-6g3ya-1,nvlink,gpu3,nvlink_tx_bytes,2.19016e+13
2026-09-30T16:22:39.441Z,gpu-3uwoq-6g3ya-1,ib_counter,rdma_vf_rail0,port_xmit_data,6.27354e+12
2026-09-30T16:22:39.441Z,gpu-3uwoq-6g3ya-1,ib_counter,rdma_vf_rail0,port_rcv_data,4.31116e+12
2026-09-30T16:22:39.441Z,gpu-3uwoq-6g3ya-1,ib_counter,rdma_vf_rail0,port_xmit_packets,1.72334e+09
2026-09-30T16:22:39.441Z,gpu-3uwoq-6g3ya-1,ib_counter,rdma_vf_rail0,port_rcv_packets,1.4035e+09
2026-09-30T16:22:39.441Z,gpu-3uwoq-6g3ya-1,ib_counter,rdma_vf_rail0,port_xmit_wait,0
2026-09-30T16:22:39.441Z,gpu-3uwoq-6g3ya-1,ib_counter,rdma_vf_rail0,port_rcv_errors,0
2026-09-30T16:22:39.441Z,gpu-3uwoq-6g3ya-1,ib_counter,rdma_vf_rail0,port_xmit_discards,0
2026-09-30T16:22:39.441Z,gpu-3uwoq-6g3ya-1,ib_counter,rdma_vf_rail0,link_downed,0
2026-09-30T16:22:39.441Z,gpu-3uwoq-6g3ya-1,ib_hw_counter,rdma_vf_rail0,out_of_sequence,8
2026-09-30T16:22:39.441Z,gpu-3uwoq-6g3ya-1,ib_hw_counter,rdma_vf_rail0,packet_seq_err,9
2026-09-30T16:22:39.441Z,gpu-3uwoq-6g3ya-1,ib_hw_counter,rdma_vf_rail0,local_ack_timeout_err,0
2026-09-30T16:22:39.441Z,gpu-3uwoq-6g3ya-1,ib_hw_counter,rdma_vf_rail0,rx_write_requests,4.85746e+08
2026-09-30T16:22:39.441Z,gpu-3uwoq-6g3ya-1,ib_hw_counter,rdma_vf_rail0,rx_read_requests,2.27639e+07
2026-09-30T16:22:39.441Z,gpu-3uwoq-6g3ya-1,ib_hw_counter,rdma_vf_rail0,req_cqe_error,0
2026-09-30T16:22:39.441Z,gpu-3uwoq-6g3ya-1,ib_hw_counter,rdma_vf_rail0,resp_cqe_error,0
2026-09-30T16:22:39.441Z,gpu-3uwoq-6g3ya-1,ib_hw_counter,rdma_vf_rail0,implied_nak_seq_err,0
2026-09-30T16:22:39.441Z,gpu-3uwoq-6g3ya-1,ib_hw_counter,rdma_vf_rail0,duplicate_request,0
2026-09-30T16:22:39.441Z,gpu-3uwoq-6g3ya-1,ib_counter,rdma_vf_rail1,port_xmit_data,5.48301e+12
2026-09-30T16:22:39.441Z,gpu-3uwoq-6g3ya-1,ib_counter,rdma_vf_rail1,port_rcv_data,3.51844e+12
2026-09-30T16:22:39.441Z,gpu-3uwoq-6g3ya-1,ib_counter,rdma_vf_rail1,port_xmit_packets,1.50928e+09
2026-09-30T16:22:39.441Z,gpu-3uwoq-6g3ya-1,ib_counter,rdma_vf_rail1,port_rcv_packets,1.16889e+09
2026-09-30T16:22:39.441Z,gpu-3uwoq-6g3ya-1,ib_counter,rdma_vf_rail1,port_xmit_wait,0
2026-09-30T16:22:39.441Z,gpu-3uwoq-6g3ya-1,ib_counter,rdma_vf_rail1,port_rcv_errors,0
2026-09-30T16:22:39.441Z,gpu-3uwoq-6g3ya-1,ib_counter,rdma_vf_rail1,port_xmit_discards,0
2026-09-30T16:22:39.441Z,gpu-3uwoq-6g3ya-1,ib_counter,rdma_vf_rail1,link_downed,0
2026-09-30T16:22:39.441Z,gpu-3uwoq-6g3ya-1,ib_hw_counter,rdma_vf_rail1,out_of_sequence,7
2026-09-30T16:22:39.441Z,gpu-3uwoq-6g3ya-1,ib_hw_counter,rdma_vf_rail1,packet_seq_err,8
2026-09-30T16:22:39.441Z,gpu-3uwoq-6g3ya-1,ib_hw_counter,rdma_vf_rail1,local_ack_timeout_err,0
2026-09-30T16:22:39.441Z,gpu-3uwoq-6g3ya-1,ib_hw_counter,rdma_vf_rail1,rx_write_requests,4.73996e+08
2026-09-30T16:22:39.441Z,gpu-3uwoq-6g3ya-1,ib_hw_counter,rdma_vf_rail1,rx_read_requests,1.68838e+07
2026-09-30T16:22:39.441Z,gpu-3uwoq-6g3ya-1,ib_hw_counter,rdma_vf_rail1,req_cqe_error,0
2026-09-30T16:22:39.441Z,gpu-3uwoq-6g3ya-1,ib_hw_counter,rdma_vf_rail1,resp_cqe_error,0
2026-09-30T16:22:39.441Z,gpu-3uwoq-6g3ya-1,ib_hw_counter,rdma_vf_rail1,implied_nak_seq_err,0
2026-09-30T16:22:39.441Z,gpu-3uwoq-6g3ya-1,ib_hw_counter,rdma_vf_rail1,duplicate_request,0
2026-09-30T16:22:39.441Z,gpu-3uwoq-6g3ya-1,ib_counter,rdma_vf_rail2,port_xmit_data,5.4557e+12
2026-09-30T16:22:39.441Z,gpu-3uwoq-6g3ya-1,ib_counter,rdma_vf_rail2,port_rcv_data,3.49072e+12
2026-09-30T16:22:39.441Z,gpu-3uwoq-6g3ya-1,ib_counter,rdma_vf_rail2,port_xmit_packets,1.49548e+09
2026-09-30T16:22:39.441Z,gpu-3uwoq-6g3ya-1,ib_counter,rdma_vf_rail2,port_rcv_packets,1.15052e+09
2026-09-30T16:22:39.441Z,gpu-3uwoq-6g3ya-1,ib_counter,rdma_vf_rail2,port_xmit_wait,0
2026-09-30T16:22:39.441Z,gpu-3uwoq-6g3ya-1,ib_counter,rdma_vf_rail2,port_rcv_errors,0
2026-09-30T16:22:39.441Z,gpu-3uwoq-6g3ya-1,ib_counter,rdma_vf_rail2,port_xmit_discards,0
2026-09-30T16:22:39.441Z,gpu-3uwoq-6g3ya-1,ib_counter,rdma_vf_rail2,link_downed,0
2026-09-30T16:22:39.441Z,gpu-3uwoq-6g3ya-1,ib_hw_counter,rdma_vf_rail2,out_of_sequence,8
2026-09-30T16:22:39.441Z,gpu-3uwoq-6g3ya-1,ib_hw_counter,rdma_vf_rail2,packet_seq_err,7
2026-09-30T16:22:39.441Z,gpu-3uwoq-6g3ya-1,ib_hw_counter,rdma_vf_rail2,local_ack_timeout_err,0
2026-09-30T16:22:39.441Z,gpu-3uwoq-6g3ya-1,ib_hw_counter,rdma_vf_rail2,rx_write_requests,4.73562e+08
2026-09-30T16:22:39.441Z,gpu-3uwoq-6g3ya-1,ib_hw_counter,rdma_vf_rail2,rx_read_requests,1.66762e+07
2026-09-30T16:22:39.441Z,gpu-3uwoq-6g3ya-1,ib_hw_counter,rdma_vf_rail2,req_cqe_error,0
2026-09-30T16:22:39.441Z,gpu-3uwoq-6g3ya-1,ib_hw_counter,rdma_vf_rail2,resp_cqe_error,0
2026-09-30T16:22:39.441Z,gpu-3uwoq-6g3ya-1,ib_hw_counter,rdma_vf_rail2,implied_nak_seq_err,0
2026-09-30T16:22:39.441Z,gpu-3uwoq-6g3ya-1,ib_hw_counter,rdma_vf_rail2,duplicate_request,0
2026-09-30T16:22:39.441Z,gpu-3uwoq-6g3ya-1,ib_counter,rdma_vf_rail3,port_xmit_data,5.45593e+12
2026-09-30T16:22:39.441Z,gpu-3uwoq-6g3ya-1,ib_counter,rdma_vf_rail3,port_rcv_data,3.49051e+12
2026-09-30T16:22:39.441Z,gpu-3uwoq-6g3ya-1,ib_counter,rdma_vf_rail3,port_xmit_packets,1.49601e+09
2026-09-30T16:22:39.441Z,gpu-3uwoq-6g3ya-1,ib_counter,rdma_vf_rail3,port_rcv_packets,1.14761e+09
2026-09-30T16:22:39.441Z,gpu-3uwoq-6g3ya-1,ib_counter,rdma_vf_rail3,port_xmit_wait,0
2026-09-30T16:22:39.441Z,gpu-3uwoq-6g3ya-1,ib_counter,rdma_vf_rail3,port_rcv_errors,0
2026-09-30T16:22:39.441Z,gpu-3uwoq-6g3ya-1,ib_counter,rdma_vf_rail3,port_xmit_discards,0
2026-09-30T16:22:39.441Z,gpu-3uwoq-6g3ya-1,ib_counter,rdma_vf_rail3,link_downed,0
2026-09-30T16:22:39.441Z,gpu-3uwoq-6g3ya-1,ib_hw_counter,rdma_vf_rail3,out_of_sequence,9
2026-09-30T16:22:39.441Z,gpu-3uwoq-6g3ya-1,ib_hw_counter,rdma_vf_rail3,packet_seq_err,8
2026-09-30T16:22:39.441Z,gpu-3uwoq-6g3ya-1,ib_hw_counter,rdma_vf_rail3,local_ack_timeout_err,0
2026-09-30T16:22:39.441Z,gpu-3uwoq-6g3ya-1,ib_hw_counter,rdma_vf_rail3,rx_write_requests,4.73562e+08
2026-09-30T16:22:39.441Z,gpu-3uwoq-6g3ya-1,ib_hw_counter,rdma_vf_rail3,rx_read_requests,1.66762e+07
2026-09-30T16:22:39.441Z,gpu-3uwoq-6g3ya-1,ib_hw_counter,rdma_vf_rail3,req_cqe_error,0
2026-09-30T16:22:39.441Z,gpu-3uwoq-6g3ya-1,ib_hw_counter,rdma_vf_rail3,resp_cqe_error,0
2026-09-30T16:22:39.441Z,gpu-3uwoq-6g3ya-1,ib_hw_counter,rdma_vf_rail3,implied_nak_seq_err,0
2026-09-30T16:22:39.441Z,gpu-3uwoq-6g3ya-1,ib_hw_counter,rdma_vf_rail3,duplicate_request,0
2026-09-30T16:22:39.441Z,gpu-3uwoq-6g3ya-1,dcgm,gpu2,gpu_util,0
2026-09-30T16:22:39.441Z,gpu-3uwoq-6g3ya-1,dcgm,gpu3,gpu_util,0
2026-09-30T16:22:39.441Z,gpu-3uwoq-6g3ya-1,dcgm,gpu0,gpu_util,0
2026-09-30T16:22:39.441Z,gpu-3uwoq-6g3ya-1,dcgm,gpu1,gpu_util,0
2026-09-30T16:22:39.441Z,gpu-3uwoq-6g3ya-1,dcgm,gpu2,nvlink_bandwidth_total,0
2026-09-30T16:22:39.441Z,gpu-3uwoq-6g3ya-1,dcgm,gpu3,nvlink_bandwidth_total,0
2026-09-30T16:22:39.441Z,gpu-3uwoq-6g3ya-1,dcgm,gpu0,nvlink_bandwidth_total,0
2026-09-30T16:22:39.441Z,gpu-3uwoq-6g3ya-1,dcgm,gpu1,nvlink_bandwidth_total,0
2026-09-30T16:22:39.441Z,gpu-3uwoq-6g3ya-1,dcgm,gpu2,power_w,222.82
2026-09-30T16:22:39.441Z,gpu-3uwoq-6g3ya-1,dcgm,gpu3,power_w,227.026
2026-09-30T16:22:39.441Z,gpu-3uwoq-6g3ya-1,dcgm,gpu0,power_w,230.127
2026-09-30T16:22:39.441Z,gpu-3uwoq-6g3ya-1,dcgm,gpu1,power_w,226.521
2026-09-30T16:22:39.441Z,gpu-3uwoq-6g3ya-1,dcgm,gpu2,sm_clock_mhz,2070
2026-09-30T16:22:39.441Z,gpu-3uwoq-6g3ya-1,dcgm,gpu3,sm_clock_mhz,2070
2026-09-30T16:22:39.441Z,gpu-3uwoq-6g3ya-1,dcgm,gpu0,sm_clock_mhz,2070
2026-09-30T16:22:39.441Z,gpu-3uwoq-6g3ya-1,dcgm,gpu1,sm_clock_mhz,2070
2026-09-30T16:22:39.441Z,gpu-3uwoq-6g3ya-1,dcgm,gpu2,dram_active,0
2026-09-30T16:22:39.441Z,gpu-3uwoq-6g3ya-1,dcgm,gpu3,dram_active,0
2026-09-30T16:22:39.441Z,gpu-3uwoq-6g3ya-1,dcgm,gpu0,dram_active,0
2026-09-30T16:22:39.441Z,gpu-3uwoq-6g3ya-1,dcgm,gpu1,dram_active,0
2026-09-30T16:22:39.441Z,gpu-3uwoq-6g3ya-1,dcgm,gpu2,pcie_rx_bytes,43152
2026-09-30T16:22:39.441Z,gpu-3uwoq-6g3ya-1,dcgm,gpu3,pcie_rx_bytes,36130
2026-09-30T16:22:39.441Z,gpu-3uwoq-6g3ya-1,dcgm,gpu0,pcie_rx_bytes,50088
2026-09-30T16:22:39.441Z,gpu-3uwoq-6g3ya-1,dcgm,gpu1,pcie_rx_bytes,54948
2026-09-30T16:22:39.441Z,gpu-3uwoq-6g3ya-1,dcgm,gpu2,pcie_tx_bytes,39623
2026-09-30T16:22:39.441Z,gpu-3uwoq-6g3ya-1,dcgm,gpu3,pcie_tx_bytes,33072
2026-09-30T16:22:39.441Z,gpu-3uwoq-6g3ya-1,dcgm,gpu0,pcie_tx_bytes,46489
2026-09-30T16:22:39.441Z,gpu-3uwoq-6g3ya-1,dcgm,gpu1,pcie_tx_bytes,51404
2026-09-30T16:22:39.441Z,gpu-3uwoq-6g3ya-1,dcgm,gpu2,tensor_active,0
2026-09-30T16:22:39.441Z,gpu-3uwoq-6g3ya-1,dcgm,gpu3,tensor_active,0
2026-09-30T16:22:39.441Z,gpu-3uwoq-6g3ya-1,dcgm,gpu0,tensor_active,0
2026-09-30T16:22:39.441Z,gpu-3uwoq-6g3ya-1,dcgm,gpu1,tensor_active,0
2026-09-30T16:22:39.441Z,gpu-3uwoq-6g3ya-1,dcgm,gpu2,sm_active,0
2026-09-30T16:22:39.441Z,gpu-3uwoq-6g3ya-1,dcgm,gpu3,sm_active,0
2026-09-30T16:22:39.441Z,gpu-3uwoq-6g3ya-1,dcgm,gpu0,sm_active,0
2026-09-30T16:22:39.441Z,gpu-3uwoq-6g3ya-1,dcgm,gpu1,sm_active,0
2026-09-30T16:22:39.441Z,gpu-3uwoq-6g3ya-1,nvlink,gpu0,nvlink_rx_bytes,2.19204e+13
2026-09-30T16:22:39.441Z,gpu-3uwoq-6g3ya-1,nvlink,gpu0,nvlink_tx_bytes,2.19341e+13
2026-09-30T16:22:39.441Z,gpu-3uwoq-6g3ya-1,nvlink,gpu1,nvlink_rx_bytes,2.27892e+13
2026-09-30T16:22:39.441Z,gpu-3uwoq-6g3ya-1,nvlink,gpu1,nvlink_tx_bytes,2.28013e+13
2026-09-30T16:22:39.441Z,gpu-3uwoq-6g3ya-1,nvlink,gpu2,nvlink_rx_bytes,2.19858e+13
2026-09-30T16:22:39.441Z,gpu-3uwoq-6g3ya-1,nvlink,gpu2,nvlink_tx_bytes,2.20045e+13
2026-09-30T16:22:39.441Z,gpu-3uwoq-6g3ya-1,nvlink,gpu3,nvlink_rx_bytes,2.18839e+13
2026-09-30T16:22:39.441Z,gpu-3uwoq-6g3ya-1,nvlink,gpu3,nvlink_tx_bytes,2.19016e+13
2026-09-30T16:22:40.442Z,gpu-3uwoq-6g3ya-1,ib_counter,rdma_vf_rail0,port_xmit_data,6.27354e+12
2026-09-30T16:22:40.442Z,gpu-3uwoq-6g3ya-1,ib_counter,rdma_vf_rail0,port_rcv_data,4.31116e+12
2026-09-30T16:22:40.442Z,gpu-3uwoq-6g3ya-1,ib_counter,rdma_vf_rail0,port_xmit_packets,1.72334e+09
2026-09-30T16:22:40.442Z,gpu-3uwoq-6g3ya-1,ib_counter,rdma_vf_rail0,port_rcv_packets,1.4035e+09
2026-09-30T16:22:40.442Z,gpu-3uwoq-6g3ya-1,ib_counter,rdma_vf_rail0,port_xmit_wait,0
2026-09-30T16:22:40.442Z,gpu-3uwoq-6g3ya-1,ib_counter,rdma_vf_rail0,port_rcv_errors,0
2026-09-30T16:22:40.442Z,gpu-3uwoq-6g3ya-1,ib_counter,rdma_vf_rail0,port_xmit_discards,0
2026-09-30T16:22:40.442Z,gpu-3uwoq-6g3ya-1,ib_counter,rdma_vf_rail0,link_downed,0
2026-09-30T16:22:40.442Z,gpu-3uwoq-6g3ya-1,ib_hw_counter,rdma_vf_rail0,out_of_sequence,8
2026-09-30T16:22:40.442Z,gpu-3uwoq-6g3ya-1,ib_hw_counter,rdma_vf_rail0,packet_seq_err,9
2026-09-30T16:22:40.442Z,gpu-3uwoq-6g3ya-1,ib_hw_counter,rdma_vf_rail0,local_ack_timeout_err,0
2026-09-30T16:22:40.442Z,gpu-3uwoq-6g3ya-1,ib_hw_counter,rdma_vf_rail0,rx_write_requests,4.85746e+08
2026-09-30T16:22:40.442Z,gpu-3uwoq-6g3ya-1,ib_hw_counter,rdma_vf_rail0,rx_read_requests,2.27639e+07
2026-09-30T16:22:40.442Z,gpu-3uwoq-6g3ya-1,ib_hw_counter,rdma_vf_rail0,req_cqe_error,0
2026-09-30T16:22:40.442Z,gpu-3uwoq-6g3ya-1,ib_hw_counter,rdma_vf_rail0,resp_cqe_error,0
2026-09-30T16:22:40.442Z,gpu-3uwoq-6g3ya-1,ib_hw_counter,rdma_vf_rail0,implied_nak_seq_err,0
2026-09-30T16:22:40.442Z,gpu-3uwoq-6g3ya-1,ib_hw_counter,rdma_vf_rail0,duplicate_request,0
2026-09-30T16:22:40.442Z,gpu-3uwoq-6g3ya-1,ib_counter,rdma_vf_rail1,port_xmit_data,5.48301e+12
2026-09-30T16:22:40.442Z,gpu-3uwoq-6g3ya-1,ib_counter,rdma_vf_rail1,port_rcv_data,3.51844e+12
2026-09-30T16:22:40.442Z,gpu-3uwoq-6g3ya-1,ib_counter,rdma_vf_rail1,port_xmit_packets,1.50928e+09
2026-09-30T16:22:40.442Z,gpu-3uwoq-6g3ya-1,ib_counter,rdma_vf_rail1,port_rcv_packets,1.16889e+09
2026-09-30T16:22:40.442Z,gpu-3uwoq-6g3ya-1,ib_counter,rdma_vf_rail1,port_xmit_wait,0
2026-09-30T16:22:40.442Z,gpu-3uwoq-6g3ya-1,ib_counter,rdma_vf_rail1,port_rcv_errors,0
2026-09-30T16:22:40.442Z,gpu-3uwoq-6g3ya-1,ib_counter,rdma_vf_rail1,port_xmit_discards,0
2026-09-30T16:22:40.442Z,gpu-3uwoq-6g3ya-1,ib_counter,rdma_vf_rail1,link_downed,0
2026-09-30T16:22:40.442Z,gpu-3uwoq-6g3ya-1,ib_hw_counter,rdma_vf_rail1,out_of_sequence,7
2026-09-30T16:22:40.442Z,gpu-3uwoq-6g3ya-1,ib_hw_counter,rdma_vf_rail1,packet_seq_err,8
2026-09-30T16:22:40.442Z,gpu-3uwoq-6g3ya-1,ib_hw_counter,rdma_vf_rail1,local_ack_timeout_err,0
2026-09-30T16:22:40.442Z,gpu-3uwoq-6g3ya-1,ib_hw_counter,rdma_vf_rail1,rx_write_requests,4.73996e+08
2026-09-30T16:22:40.442Z,gpu-3uwoq-6g3ya-1,ib_hw_counter,rdma_vf_rail1,rx_read_requests,1.68838e+07
2026-09-30T16:22:40.442Z,gpu-3uwoq-6g3ya-1,ib_hw_counter,rdma_vf_rail1,req_cqe_error,0
2026-09-30T16:22:40.442Z,gpu-3uwoq-6g3ya-1,ib_hw_counter,rdma_vf_rail1,resp_cqe_error,0
2026-09-30T16:22:40.442Z,gpu-3uwoq-6g3ya-1,ib_hw_counter,rdma_vf_rail1,implied_nak_seq_err,0
2026-09-30T16:22:40.442Z,gpu-3uwoq-6g3ya-1,ib_hw_counter,rdma_vf_rail1,duplicate_request,0
2026-09-30T16:22:40.442Z,gpu-3uwoq-6g3ya-1,ib_counter,rdma_vf_rail2,port_xmit_data,5.4557e+12
2026-09-30T16:22:40.442Z,gpu-3uwoq-6g3ya-1,ib_counter,rdma_vf_rail2,port_rcv_data,3.49072e+12
2026-09-30T16:22:40.442Z,gpu-3uwoq-6g3ya-1,ib_counter,rdma_vf_rail2,port_xmit_packets,1.49548e+09
2026-09-30T16:22:40.442Z,gpu-3uwoq-6g3ya-1,ib_counter,rdma_vf_rail2,port_rcv_packets,1.15052e+09
2026-09-30T16:22:40.442Z,gpu-3uwoq-6g3ya-1,ib_counter,rdma_vf_rail2,port_xmit_wait,0
2026-09-30T16:22:40.442Z,gpu-3uwoq-6g3ya-1,ib_counter,rdma_vf_rail2,port_rcv_errors,0
2026-09-30T16:22:40.442Z,gpu-3uwoq-6g3ya-1,ib_counter,rdma_vf_rail2,port_xmit_discards,0
2026-09-30T16:22:40.442Z,gpu-3uwoq-6g3ya-1,ib_counter,rdma_vf_rail2,link_downed,0
2026-09-30T16:22:40.442Z,gpu-3uwoq-6g3ya-1,ib_hw_counter,rdma_vf_rail2,out_of_sequence,8
2026-09-30T16:22:40.442Z,gpu-3uwoq-6g3ya-1,ib_hw_counter,rdma_vf_rail2,packet_seq_err,7
2026-09-30T16:22:40.442Z,gpu-3uwoq-6g3ya-1,ib_hw_counter,rdma_vf_rail2,local_ack_timeout_err,0
2026-09-30T16:22:40.442Z,gpu-3uwoq-6g3ya-1,ib_hw_counter,rdma_vf_rail2,rx_write_requests,4.73562e+08
2026-09-30T16:22:40.442Z,gpu-3uwoq-6g3ya-1,ib_hw_counter,rdma_vf_rail2,rx_read_requests,1.66762e+07
2026-09-30T16:22:40.442Z,gpu-3uwoq-6g3ya-1,ib_hw_counter,rdma_vf_rail2,req_cqe_error,0
2026-09-30T16:22:40.442Z,gpu-3uwoq-6g3ya-1,ib_hw_counter,rdma_vf_rail2,resp_cqe_error,0
2026-09-30T16:22:40.442Z,gpu-3uwoq-6g3ya-1,ib_hw_counter,rdma_vf_rail2,implied_nak_seq_err,0
2026-09-30T16:22:40.442Z,gpu-3uwoq-6g3ya-1,ib_hw_counter,rdma_vf_rail2,duplicate_request,0
2026-09-30T16:22:40.442Z,gpu-3uwoq-6g3ya-1,ib_counter,rdma_vf_rail3,port_xmit_data,5.45593e+12
2026-09-30T16:22:40.442Z,gpu-3uwoq-6g3ya-1,ib_counter,rdma_vf_rail3,port_rcv_data,3.49051e+12
2026-09-30T16:22:40.442Z,gpu-3uwoq-6g3ya-1,ib_counter,rdma_vf_rail3,port_xmit_packets,1.49601e+09
2026-09-30T16:22:40.442Z,gpu-3uwoq-6g3ya-1,ib_counter,rdma_vf_rail3,port_rcv_packets,1.14761e+09
2026-09-30T16:22:40.442Z,gpu-3uwoq-6g3ya-1,ib_counter,rdma_vf_rail3,port_xmit_wait,0
2026-09-30T16:22:40.442Z,gpu-3uwoq-6g3ya-1,ib_counter,rdma_vf_rail3,port_rcv_errors,0
2026-09-30T16:22:40.442Z,gpu-3uwoq-6g3ya-1,ib_counter,rdma_vf_rail3,port_xmit_discards,0
2026-09-30T16:22:40.442Z,gpu-3uwoq-6g3ya-1,ib_counter,rdma_vf_rail3,link_downed,0
2026-09-30T16:22:40.442Z,gpu-3uwoq-6g3ya-1,ib_hw_counter,rdma_vf_rail3,out_of_sequence,9
2026-09-30T16:22:40.442Z,gpu-3uwoq-6g3ya-1,ib_hw_counter,rdma_vf_rail3,packet_seq_err,8
2026-09-30T16:22:40.442Z,gpu-3uwoq-6g3ya-1,ib_hw_counter,rdma_vf_rail3,local_ack_timeout_err,0
2026-09-30T16:22:40.442Z,gpu-3uwoq-6g3ya-1,ib_hw_counter,rdma_vf_rail3,rx_write_requests,4.73562e+08
2026-09-30T16:22:40.442Z,gpu-3uwoq-6g3ya-1,ib_hw_counter,rdma_vf_rail3,rx_read_requests,1.66762e+07
2026-09-30T16:22:40.442Z,gpu-3uwoq-6g3ya-1,ib_hw_counter,rdma_vf_rail3,req_cqe_error,0
2026-09-30T16:22:40.442Z,gpu-3uwoq-6g3ya-1,ib_hw_counter,rdma_vf_rail3,resp_cqe_error,0
2026-09-30T16:22:40.442Z,gpu-3uwoq-6g3ya-1,ib_hw_counter,rdma_vf_rail3,implied_nak_seq_err,0
2026-09-30T16:22:40.442Z,gpu-3uwoq-6g3ya-1,ib_hw_counter,rdma_vf_rail3,duplicate_request,0
2026-09-30T16:22:40.442Z,gpu-3uwoq-6g3ya-1,dcgm,gpu2,gpu_util,0
2026-09-30T16:22:40.442Z,gpu-3uwoq-6g3ya-1,dcgm,gpu3,gpu_util,0
2026-09-30T16:22:40.442Z,gpu-3uwoq-6g3ya-1,dcgm,gpu0,gpu_util,0
2026-09-30T16:22:40.442Z,gpu-3uwoq-6g3ya-1,dcgm,gpu1,gpu_util,0
2026-09-30T16:22:40.442Z,gpu-3uwoq-6g3ya-1,dcgm,gpu2,nvlink_bandwidth_total,0
2026-09-30T16:22:40.442Z,gpu-3uwoq-6g3ya-1,dcgm,gpu3,nvlink_bandwidth_total,0
2026-09-30T16:22:40.442Z,gpu-3uwoq-6g3ya-1,dcgm,gpu0,nvlink_bandwidth_total,0
2026-09-30T16:22:40.442Z,gpu-3uwoq-6g3ya-1,dcgm,gpu1,nvlink_bandwidth_total,0
2026-09-30T16:22:40.442Z,gpu-3uwoq-6g3ya-1,dcgm,gpu2,power_w,222.82
2026-09-30T16:22:40.442Z,gpu-3uwoq-6g3ya-1,dcgm,gpu3,power_w,227.026
2026-09-30T16:22:40.442Z,gpu-3uwoq-6g3ya-1,dcgm,gpu0,power_w,230.127
2026-09-30T16:22:40.442Z,gpu-3uwoq-6g3ya-1,dcgm,gpu1,power_w,226.521
2026-09-30T16:22:40.442Z,gpu-3uwoq-6g3ya-1,dcgm,gpu2,sm_clock_mhz,2070
2026-09-30T16:22:40.442Z,gpu-3uwoq-6g3ya-1,dcgm,gpu3,sm_clock_mhz,2070
2026-09-30T16:22:40.442Z,gpu-3uwoq-6g3ya-1,dcgm,gpu0,sm_clock_mhz,2070
2026-09-30T16:22:40.442Z,gpu-3uwoq-6g3ya-1,dcgm,gpu1,sm_clock_mhz,2070
2026-09-30T16:22:40.442Z,gpu-3uwoq-6g3ya-1,dcgm,gpu2,dram_active,0
2026-09-30T16:22:40.442Z,gpu-3uwoq-6g3ya-1,dcgm,gpu3,dram_active,0
2026-09-30T16:22:40.442Z,gpu-3uwoq-6g3ya-1,dcgm,gpu0,dram_active,0
2026-09-30T16:22:40.442Z,gpu-3uwoq-6g3ya-1,dcgm,gpu1,dram_active,0
2026-09-30T16:22:40.442Z,gpu-3uwoq-6g3ya-1,dcgm,gpu2,pcie_rx_bytes,43152
2026-09-30T16:22:40.442Z,gpu-3uwoq-6g3ya-1,dcgm,gpu3,pcie_rx_bytes,36130
2026-09-30T16:22:40.442Z,gpu-3uwoq-6g3ya-1,dcgm,gpu0,pcie_rx_bytes,50088
2026-09-30T16:22:40.442Z,gpu-3uwoq-6g3ya-1,dcgm,gpu1,pcie_rx_bytes,54948
2026-09-30T16:22:40.442Z,gpu-3uwoq-6g3ya-1,dcgm,gpu2,pcie_tx_bytes,39623
2026-09-30T16:22:40.442Z,gpu-3uwoq-6g3ya-1,dcgm,gpu3,pcie_tx_bytes,33072
2026-09-30T16:22:40.442Z,gpu-3uwoq-6g3ya-1,dcgm,gpu0,pcie_tx_bytes,46489
2026-09-30T16:22:40.442Z,gpu-3uwoq-6g3ya-1,dcgm,gpu1,pcie_tx_bytes,51404
2026-09-30T16:22:40.442Z,gpu-3uwoq-6g3ya-1,dcgm,gpu2,tensor_active,0
2026-09-30T16:22:40.442Z,gpu-3uwoq-6g3ya-1,dcgm,gpu3,tensor_active,0
2026-09-30T16:22:40.442Z,gpu-3uwoq-6g3ya-1,dcgm,gpu0,tensor_active,0
2026-09-30T16:22:40.442Z,gpu-3uwoq-6g3ya-1,dcgm,gpu1,tensor_active,0
2026-09-30T16:22:40.442Z,gpu-3uwoq-6g3ya-1,dcgm,gpu2,sm_active,0
2026-09-30T16:22:40.442Z,gpu-3uwoq-6g3ya-1,dcgm,gpu3,sm_active,0
2026-09-30T16:22:40.442Z,gpu-3uwoq-6g3ya-1,dcgm,gpu0,sm_active,0
2026-09-30T16:22:40.442Z,gpu-3uwoq-6g3ya-1,dcgm,gpu1,sm_active,0
2026-09-30T16:22:40.442Z,gpu-3uwoq-6g3ya-1,nvlink,gpu0,nvlink_rx_bytes,2.19204e+13
2026-09-30T16:22:40.442Z,gpu-3uwoq-6g3ya-1,nvlink,gpu0,nvlink_tx_bytes,2.19341e+13
2026-09-30T16:22:40.442Z,gpu-3uwoq-6g3ya-1,nvlink,gpu1,nvlink_rx_bytes,2.27892e+13
2026-09-30T16:22:40.442Z,gpu-3uwoq-6g3ya-1,nvlink,gpu1,nvlink_tx_bytes,2.28013e+13
2026-09-30T16:22:40.442Z,gpu-3uwoq-6g3ya-1,nvlink,gpu2,nvlink_rx_bytes,2.19858e+13
2026-09-30T16:22:40.442Z,gpu-3uwoq-6g3ya-1,nvlink,gpu2,nvlink_tx_bytes,2.20045e+13
2026-09-30T16:22:40.442Z,gpu-3uwoq-6g3ya-1,nvlink,gpu3,nvlink_rx_bytes,2.18839e+13
2026-09-30T16:22:40.442Z,gpu-3uwoq-6g3ya-1,nvlink,gpu3,nvlink_tx_bytes,2.19016e+13
2026-09-30T16:22:41.442Z,gpu-3uwoq-6g3ya-1,ib_counter,rdma_vf_rail0,port_xmit_data,6.27354e+12
2026-09-30T16:22:41.442Z,gpu-3uwoq-6g3ya-1,ib_counter,rdma_vf_rail0,port_rcv_data,4.31116e+12
2026-09-30T16:22:41.442Z,gpu-3uwoq-6g3ya-1,ib_counter,rdma_vf_rail0,port_xmit_packets,1.72334e+09
2026-09-30T16:22:41.442Z,gpu-3uwoq-6g3ya-1,ib_counter,rdma_vf_rail0,port_rcv_packets,1.4035e+09
2026-09-30T16:22:41.442Z,gpu-3uwoq-6g3ya-1,ib_counter,rdma_vf_rail0,port_xmit_wait,0
2026-09-30T16:22:41.442Z,gpu-3uwoq-6g3ya-1,ib_counter,rdma_vf_rail0,port_rcv_errors,0
2026-09-30T16:22:41.442Z,gpu-3uwoq-6g3ya-1,ib_counter,rdma_vf_rail0,port_xmit_discards,0
2026-09-30T16:22:41.442Z,gpu-3uwoq-6g3ya-1,ib_counter,rdma_vf_rail0,link_downed,0
2026-09-30T16:22:41.442Z,gpu-3uwoq-6g3ya-1,ib_hw_counter,rdma_vf_rail0,out_of_sequence,8
2026-09-30T16:22:41.442Z,gpu-3uwoq-6g3ya-1,ib_hw_counter,rdma_vf_rail0,packet_seq_err,9
2026-09-30T16:22:41.442Z,gpu-3uwoq-6g3ya-1,ib_hw_counter,rdma_vf_rail0,local_ack_timeout_err,0
2026-09-30T16:22:41.442Z,gpu-3uwoq-6g3ya-1,ib_hw_counter,rdma_vf_rail0,rx_write_requests,4.85746e+08
2026-09-30T16:22:41.442Z,gpu-3uwoq-6g3ya-1,ib_hw_counter,rdma_vf_rail0,rx_read_requests,2.27639e+07
2026-09-30T16:22:41.442Z,gpu-3uwoq-6g3ya-1,ib_hw_counter,rdma_vf_rail0,req_cqe_error,0
2026-09-30T16:22:41.442Z,gpu-3uwoq-6g3ya-1,ib_hw_counter,rdma_vf_rail0,resp_cqe_error,0
2026-09-30T16:22:41.442Z,gpu-3uwoq-6g3ya-1,ib_hw_counter,rdma_vf_rail0,implied_nak_seq_err,0
2026-09-30T16:22:41.442Z,gpu-3uwoq-6g3ya-1,ib_hw_counter,rdma_vf_rail0,duplicate_request,0
2026-09-30T16:22:41.442Z,gpu-3uwoq-6g3ya-1,ib_counter,rdma_vf_rail1,port_xmit_data,5.48301e+12
2026-09-30T16:22:41.442Z,gpu-3uwoq-6g3ya-1,ib_counter,rdma_vf_rail1,port_rcv_data,3.51844e+12
2026-09-30T16:22:41.442Z,gpu-3uwoq-6g3ya-1,ib_counter,rdma_vf_rail1,port_xmit_packets,1.50928e+09
2026-09-30T16:22:41.442Z,gpu-3uwoq-6g3ya-1,ib_counter,rdma_vf_rail1,port_rcv_packets,1.16889e+09
2026-09-30T16:22:41.442Z,gpu-3uwoq-6g3ya-1,ib_counter,rdma_vf_rail1,port_xmit_wait,0
2026-09-30T16:22:41.442Z,gpu-3uwoq-6g3ya-1,ib_counter,rdma_vf_rail1,port_rcv_errors,0
2026-09-30T16:22:41.442Z,gpu-3uwoq-6g3ya-1,ib_counter,rdma_vf_rail1,port_xmit_discards,0
2026-09-30T16:22:41.442Z,gpu-3uwoq-6g3ya-1,ib_counter,rdma_vf_rail1,link_downed,0
2026-09-30T16:22:41.442Z,gpu-3uwoq-6g3ya-1,ib_hw_counter,rdma_vf_rail1,out_of_sequence,7
2026-09-30T16:22:41.442Z,gpu-3uwoq-6g3ya-1,ib_hw_counter,rdma_vf_rail1,packet_seq_err,8
2026-09-30T16:22:41.442Z,gpu-3uwoq-6g3ya-1,ib_hw_counter,rdma_vf_rail1,local_ack_timeout_err,0
2026-09-30T16:22:41.442Z,gpu-3uwoq-6g3ya-1,ib_hw_counter,rdma_vf_rail1,rx_write_requests,4.73996e+08
2026-09-30T16:22:41.442Z,gpu-3uwoq-6g3ya-1,ib_hw_counter,rdma_vf_rail1,rx_read_requests,1.68838e+07
2026-09-30T16:22:41.442Z,gpu-3uwoq-6g3ya-1,ib_hw_counter,rdma_vf_rail1,req_cqe_error,0
2026-09-30T16:22:41.442Z,gpu-3uwoq-6g3ya-1,ib_hw_counter,rdma_vf_rail1,resp_cqe_error,0
2026-09-30T16:22:41.442Z,gpu-3uwoq-6g3ya-1,ib_hw_counter,rdma_vf_rail1,implied_nak_seq_err,0
2026-09-30T16:22:41.442Z,gpu-3uwoq-6g3ya-1,ib_hw_counter,rdma_vf_rail1,duplicate_request,0
2026-09-30T16:22:41.442Z,gpu-3uwoq-6g3ya-1,ib_counter,rdma_vf_rail2,port_xmit_data,5.4557e+12
2026-09-30T16:22:41.442Z,gpu-3uwoq-6g3ya-1,ib_counter,rdma_vf_rail2,port_rcv_data,3.49072e+12
2026-09-30T16:22:41.442Z,gpu-3uwoq-6g3ya-1,ib_counter,rdma_vf_rail2,port_xmit_packets,1.49548e+09
2026-09-30T16:22:41.442Z,gpu-3uwoq-6g3ya-1,ib_counter,rdma_vf_rail2,port_rcv_packets,1.15052e+09
2026-09-30T16:22:41.442Z,gpu-3uwoq-6g3ya-1,ib_counter,rdma_vf_rail2,port_xmit_wait,0
2026-09-30T16:22:41.442Z,gpu-3uwoq-6g3ya-1,ib_counter,rdma_vf_rail2,port_rcv_errors,0
2026-09-30T16:22:41.442Z,gpu-3uwoq-6g3ya-1,ib_counter,rdma_vf_rail2,port_xmit_discards,0
2026-09-30T16:22:41.442Z,gpu-3uwoq-6g3ya-1,ib_counter,rdma_vf_rail2,link_downed,0
2026-09-30T16:22:41.442Z,gpu-3uwoq-6g3ya-1,ib_hw_counter,rdma_vf_rail2,out_of_sequence,8
2026-09-30T16:22:41.442Z,gpu-3uwoq-6g3ya-1,ib_hw_counter,rdma_vf_rail2,packet_seq_err,7
2026-09-30T16:22:41.442Z,gpu-3uwoq-6g3ya-1,ib_hw_counter,rdma_vf_rail2,local_ack_timeout_err,0
2026-09-30T16:22:41.442Z,gpu-3uwoq-6g3ya-1,ib_hw_counter,rdma_vf_rail2,rx_write_requests,4.73562e+08
2026-09-30T16:22:41.442Z,gpu-3uwoq-6g3ya-1,ib_hw_counter,rdma_vf_rail2,rx_read_requests,1.66762e+07
2026-09-30T16:22:41.442Z,gpu-3uwoq-6g3ya-1,ib_hw_counter,rdma_vf_rail2,req_cqe_error,0
2026-09-30T16:22:41.442Z,gpu-3uwoq-6g3ya-1,ib_hw_counter,rdma_vf_rail2,resp_cqe_error,0
2026-09-30T16:22:41.442Z,gpu-3uwoq-6g3ya-1,ib_hw_counter,rdma_vf_rail2,implied_nak_seq_err,0
2026-09-30T16:22:41.442Z,gpu-3uwoq-6g3ya-1,ib_hw_counter,rdma_vf_rail2,duplicate_request,0
2026-09-30T16:22:41.442Z,gpu-3uwoq-6g3ya-1,ib_counter,rdma_vf_rail3,port_xmit_data,5.45593e+12
2026-09-30T16:22:41.442Z,gpu-3uwoq-6g3ya-1,ib_counter,rdma_vf_rail3,port_rcv_data,3.49051e+12
2026-09-30T16:22:41.442Z,gpu-3uwoq-6g3ya-1,ib_counter,rdma_vf_rail3,port_xmit_packets,1.49601e+09
2026-09-30T16:22:41.442Z,gpu-3uwoq-6g3ya-1,ib_counter,rdma_vf_rail3,port_rcv_packets,1.14761e+09
2026-09-30T16:22:41.442Z,gpu-3uwoq-6g3ya-1,ib_counter,rdma_vf_rail3,port_xmit_wait,0
2026-09-30T16:22:41.442Z,gpu-3uwoq-6g3ya-1,ib_counter,rdma_vf_rail3,port_rcv_errors,0
2026-09-30T16:22:41.442Z,gpu-3uwoq-6g3ya-1,ib_counter,rdma_vf_rail3,port_xmit_discards,0
2026-09-30T16:22:41.442Z,gpu-3uwoq-6g3ya-1,ib_counter,rdma_vf_rail3,link_downed,0
2026-09-30T16:22:41.442Z,gpu-3uwoq-6g3ya-1,ib_hw_counter,rdma_vf_rail3,out_of_sequence,9
2026-09-30T16:22:41.442Z,gpu-3uwoq-6g3ya-1,ib_hw_counter,rdma_vf_rail3,packet_seq_err,8
2026-09-30T16:22:41.442Z,gpu-3uwoq-6g3ya-1,ib_hw_counter,rdma_vf_rail3,local_ack_timeout_err,0
2026-09-30T16:22:41.442Z,gpu-3uwoq-6g3ya-1,ib_hw_counter,rdma_vf_rail3,rx_write_requests,4.73562e+08
2026-09-30T16:22:41.442Z,gpu-3uwoq-6g3ya-1,ib_hw_counter,rdma_vf_rail3,rx_read_requests,1.66762e+07
2026-09-30T16:22:41.442Z,gpu-3uwoq-6g3ya-1,ib_hw_counter,rdma_vf_rail3,req_cqe_error,0
2026-09-30T16:22:41.442Z,gpu-3uwoq-6g3ya-1,ib_hw_counter,rdma_vf_rail3,resp_cqe_error,0
2026-09-30T16:22:41.442Z,gpu-3uwoq-6g3ya-1,ib_hw_counter,rdma_vf_rail3,implied_nak_seq_err,0
2026-09-30T16:22:41.442Z,gpu-3uwoq-6g3ya-1,ib_hw_counter,rdma_vf_rail3,duplicate_request,0
2026-09-30T16:22:41.442Z,gpu-3uwoq-6g3ya-1,dcgm,gpu2,gpu_util,0
2026-09-30T16:22:41.442Z,gpu-3uwoq-6g3ya-1,dcgm,gpu3,gpu_util,0
2026-09-30T16:22:41.442Z,gpu-3uwoq-6g3ya-1,dcgm,gpu0,gpu_util,0
2026-09-30T16:22:41.442Z,gpu-3uwoq-6g3ya-1,dcgm,gpu1,gpu_util,0
2026-09-30T16:22:41.442Z,gpu-3uwoq-6g3ya-1,dcgm,gpu2,nvlink_bandwidth_total,0
2026-09-30T16:22:41.442Z,gpu-3uwoq-6g3ya-1,dcgm,gpu3,nvlink_bandwidth_total,0
2026-09-30T16:22:41.442Z,gpu-3uwoq-6g3ya-1,dcgm,gpu0,nvlink_bandwidth_total,0
2026-09-30T16:22:41.442Z,gpu-3uwoq-6g3ya-1,dcgm,gpu1,nvlink_bandwidth_total,0
2026-09-30T16:22:41.442Z,gpu-3uwoq-6g3ya-1,dcgm,gpu2,power_w,222.82
2026-09-30T16:22:41.442Z,gpu-3uwoq-6g3ya-1,dcgm,gpu3,power_w,227.026
2026-09-30T16:22:41.442Z,gpu-3uwoq-6g3ya-1,dcgm,gpu0,power_w,230.127
2026-09-30T16:22:41.442Z,gpu-3uwoq-6g3ya-1,dcgm,gpu1,power_w,226.521
2026-09-30T16:22:41.442Z,gpu-3uwoq-6g3ya-1,dcgm,gpu2,sm_clock_mhz,2070
2026-09-30T16:22:41.442Z,gpu-3uwoq-6g3ya-1,dcgm,gpu3,sm_clock_mhz,2070
2026-09-30T16:22:41.442Z,gpu-3uwoq-6g3ya-1,dcgm,gpu0,sm_clock_mhz,2070
2026-09-30T16:22:41.442Z,gpu-3uwoq-6g3ya-1,dcgm,gpu1,sm_clock_mhz,2070
2026-09-30T16:22:41.442Z,gpu-3uwoq-6g3ya-1,dcgm,gpu2,dram_active,0
2026-09-30T16:22:41.442Z,gpu-3uwoq-6g3ya-1,dcgm,gpu3,dram_active,0
2026-09-30T16:22:41.442Z,gpu-3uwoq-6g3ya-1,dcgm,gpu0,dram_active,0
2026-09-30T16:22:41.442Z,gpu-3uwoq-6g3ya-1,dcgm,gpu1,dram_active,0
2026-09-30T16:22:41.442Z,gpu-3uwoq-6g3ya-1,dcgm,gpu2,pcie_rx_bytes,43152
2026-09-30T16:22:41.442Z,gpu-3uwoq-6g3ya-1,dcgm,gpu3,pcie_rx_bytes,36130
2026-09-30T16:22:41.442Z,gpu-3uwoq-6g3ya-1,dcgm,gpu0,pcie_rx_bytes,50088
2026-09-30T16:22:41.442Z,gpu-3uwoq-6g3ya-1,dcgm,gpu1,pcie_rx_bytes,54948
2026-09-30T16:22:41.442Z,gpu-3uwoq-6g3ya-1,dcgm,gpu2,pcie_tx_bytes,39623
2026-09-30T16:22:41.442Z,gpu-3uwoq-6g3ya-1,dcgm,gpu3,pcie_tx_bytes,33072
2026-09-30T16:22:41.442Z,gpu-3uwoq-6g3ya-1,dcgm,gpu0,pcie_tx_bytes,46489
2026-09-30T16:22:41.442Z,gpu-3uwoq-6g3ya-1,dcgm,gpu1,pcie_tx_bytes,51404
2026-09-30T16:22:41.442Z,gpu-3uwoq-6g3ya-1,dcgm,gpu2,tensor_active,0
2026-09-30T16:22:41.442Z,gpu-3uwoq-6g3ya-1,dcgm,gpu3,tensor_active,0
2026-09-30T16:22:41.442Z,gpu-3uwoq-6g3ya-1,dcgm,gpu0,tensor_active,0
2026-09-30T16:22:41.442Z,gpu-3uwoq-6g3ya-1,dcgm,gpu1,tensor_active,0
2026-09-30T16:22:41.442Z,gpu-3uwoq-6g3ya-1,dcgm,gpu2,sm_active,0
2026-09-30T16:22:41.442Z,gpu-3uwoq-6g3ya-1,dcgm,gpu3,sm_active,0
2026-09-30T16:22:41.442Z,gpu-3uwoq-6g3ya-1,dcgm,gpu0,sm_active,0
2026-09-30T16:22:41.442Z,gpu-3uwoq-6g3ya-1,dcgm,gpu1,sm_active,0
2026-09-30T16:22:41.442Z,gpu-3uwoq-6g3ya-1,nvlink,gpu0,nvlink_rx_bytes,2.19204e+13
2026-09-30T16:22:41.442Z,gpu-3uwoq-6g3ya-1,nvlink,gpu0,nvlink_tx_bytes,2.19341e+13
2026-09-30T16:22:41.442Z,gpu-3uwoq-6g3ya-1,nvlink,gpu1,nvlink_rx_bytes,2.27892e+13
2026-09-30T16:22:41.442Z,gpu-3uwoq-6g3ya-1,nvlink,gpu1,nvlink_tx_bytes,2.28013e+13
2026-09-30T16:22:41.442Z,gpu-3uwoq-6g3ya-1,nvlink,gpu2,nvlink_rx_bytes,2.19858e+13
2026-09-30T16:22:41.442Z,gpu-3uwoq-6g3ya-1,nvlink,gpu2,nvlink_tx_bytes,2.20045e+13
2026-09-30T16:22:41.442Z,gpu-3uwoq-6g3ya-1,nvlink,gpu3,nvlink_rx_bytes,2.18839e+13
2026-09-30T16:22:41.442Z,gpu-3uwoq-6g3ya-1,nvlink,gpu3,nvlink_tx_bytes,2.19016e+13
2026-09-30T16:22:42.442Z,gpu-3uwoq-6g3ya-1,ib_counter,rdma_vf_rail0,port_xmit_data,6.27354e+12
2026-09-30T16:22:42.442Z,gpu-3uwoq-6g3ya-1,ib_counter,rdma_vf_rail0,port_rcv_data,4.31116e+12
2026-09-30T16:22:42.442Z,gpu-3uwoq-6g3ya-1,ib_counter,rdma_vf_rail0,port_xmit_packets,1.72334e+09
2026-09-30T16:22:42.442Z,gpu-3uwoq-6g3ya-1,ib_counter,rdma_vf_rail0,port_rcv_packets,1.4035e+09
2026-09-30T16:22:42.442Z,gpu-3uwoq-6g3ya-1,ib_counter,rdma_vf_rail0,port_xmit_wait,0
2026-09-30T16:22:42.442Z,gpu-3uwoq-6g3ya-1,ib_counter,rdma_vf_rail0,port_rcv_errors,0
2026-09-30T16:22:42.442Z,gpu-3uwoq-6g3ya-1,ib_counter,rdma_vf_rail0,port_xmit_discards,0
2026-09-30T16:22:42.442Z,gpu-3uwoq-6g3ya-1,ib_counter,rdma_vf_rail0,link_downed,0
2026-09-30T16:22:42.442Z,gpu-3uwoq-6g3ya-1,ib_hw_counter,rdma_vf_rail0,out_of_sequence,8
2026-09-30T16:22:42.442Z,gpu-3uwoq-6g3ya-1,ib_hw_counter,rdma_vf_rail0,packet_seq_err,9
2026-09-30T16:22:42.442Z,gpu-3uwoq-6g3ya-1,ib_hw_counter,rdma_vf_rail0,local_ack_timeout_err,0
2026-09-30T16:22:42.442Z,gpu-3uwoq-6g3ya-1,ib_hw_counter,rdma_vf_rail0,rx_write_requests,4.85746e+08
2026-09-30T16:22:42.442Z,gpu-3uwoq-6g3ya-1,ib_hw_counter,rdma_vf_rail0,rx_read_requests,2.27639e+07
2026-09-30T16:22:42.442Z,gpu-3uwoq-6g3ya-1,ib_hw_counter,rdma_vf_rail0,req_cqe_error,0
2026-09-30T16:22:42.442Z,gpu-3uwoq-6g3ya-1,ib_hw_counter,rdma_vf_rail0,resp_cqe_error,0
2026-09-30T16:22:42.442Z,gpu-3uwoq-6g3ya-1,ib_hw_counter,rdma_vf_rail0,implied_nak_seq_err,0
2026-09-30T16:22:42.442Z,gpu-3uwoq-6g3ya-1,ib_hw_counter,rdma_vf_rail0,duplicate_request,0
2026-09-30T16:22:42.442Z,gpu-3uwoq-6g3ya-1,ib_counter,rdma_vf_rail1,port_xmit_data,5.48301e+12
2026-09-30T16:22:42.442Z,gpu-3uwoq-6g3ya-1,ib_counter,rdma_vf_rail1,port_rcv_data,3.51844e+12
2026-09-30T16:22:42.442Z,gpu-3uwoq-6g3ya-1,ib_counter,rdma_vf_rail1,port_xmit_packets,1.50928e+09
2026-09-30T16:22:42.442Z,gpu-3uwoq-6g3ya-1,ib_counter,rdma_vf_rail1,port_rcv_packets,1.16889e+09
2026-09-30T16:22:42.442Z,gpu-3uwoq-6g3ya-1,ib_counter,rdma_vf_rail1,port_xmit_wait,0
2026-09-30T16:22:42.442Z,gpu-3uwoq-6g3ya-1,ib_counter,rdma_vf_rail1,port_rcv_errors,0
2026-09-30T16:22:42.442Z,gpu-3uwoq-6g3ya-1,ib_counter,rdma_vf_rail1,port_xmit_discards,0
2026-09-30T16:22:42.442Z,gpu-3uwoq-6g3ya-1,ib_counter,rdma_vf_rail1,link_downed,0
2026-09-30T16:22:42.442Z,gpu-3uwoq-6g3ya-1,ib_hw_counter,rdma_vf_rail1,out_of_sequence,7
2026-09-30T16:22:42.442Z,gpu-3uwoq-6g3ya-1,ib_hw_counter,rdma_vf_rail1,packet_seq_err,8
2026-09-30T16:22:42.442Z,gpu-3uwoq-6g3ya-1,ib_hw_counter,rdma_vf_rail1,local_ack_timeout_err,0
2026-09-30T16:22:42.442Z,gpu-3uwoq-6g3ya-1,ib_hw_counter,rdma_vf_rail1,rx_write_requests,4.73996e+08
2026-09-30T16:22:42.442Z,gpu-3uwoq-6g3ya-1,ib_hw_counter,rdma_vf_rail1,rx_read_requests,1.68838e+07
2026-09-30T16:22:42.442Z,gpu-3uwoq-6g3ya-1,ib_hw_counter,rdma_vf_rail1,req_cqe_error,0
2026-09-30T16:22:42.442Z,gpu-3uwoq-6g3ya-1,ib_hw_counter,rdma_vf_rail1,resp_cqe_error,0
2026-09-30T16:22:42.442Z,gpu-3uwoq-6g3ya-1,ib_hw_counter,rdma_vf_rail1,implied_nak_seq_err,0
2026-09-30T16:22:42.442Z,gpu-3uwoq-6g3ya-1,ib_hw_counter,rdma_vf_rail1,duplicate_request,0
2026-09-30T16:22:42.442Z,gpu-3uwoq-6g3ya-1,ib_counter,rdma_vf_rail2,port_xmit_data,5.4557e+12
2026-09-30T16:22:42.442Z,gpu-3uwoq-6g3ya-1,ib_counter,rdma_vf_rail2,port_rcv_data,3.49072e+12
2026-09-30T16:22:42.442Z,gpu-3uwoq-6g3ya-1,ib_counter,rdma_vf_rail2,port_xmit_packets,1.49548e+09
2026-09-30T16:22:42.442Z,gpu-3uwoq-6g3ya-1,ib_counter,rdma_vf_rail2,port_rcv_packets,1.15052e+09
2026-09-30T16:22:42.442Z,gpu-3uwoq-6g3ya-1,ib_counter,rdma_vf_rail2,port_xmit_wait,0
2026-09-30T16:22:42.442Z,gpu-3uwoq-6g3ya-1,ib_counter,rdma_vf_rail2,port_rcv_errors,0
2026-09-30T16:22:42.442Z,gpu-3uwoq-6g3ya-1,ib_counter,rdma_vf_rail2,port_xmit_discards,0
2026-09-30T16:22:42.442Z,gpu-3uwoq-6g3ya-1,ib_counter,rdma_vf_rail2,link_downed,0
2026-09-30T16:22:42.442Z,gpu-3uwoq-6g3ya-1,ib_hw_counter,rdma_vf_rail2,out_of_sequence,8
2026-09-30T16:22:42.442Z,gpu-3uwoq-6g3ya-1,ib_hw_counter,rdma_vf_rail2,packet_seq_err,7
2026-09-30T16:22:42.442Z,gpu-3uwoq-6g3ya-1,ib_hw_counter,rdma_vf_rail2,local_ack_timeout_err,0
2026-09-30T16:22:42.442Z,gpu-3uwoq-6g3ya-1,ib_hw_counter,rdma_vf_rail2,rx_write_requests,4.73562e+08
2026-09-30T16:22:42.442Z,gpu-3uwoq-6g3ya-1,ib_hw_counter,rdma_vf_rail2,rx_read_requests,1.66762e+07
2026-09-30T16:22:42.442Z,gpu-3uwoq-6g3ya-1,ib_hw_counter,rdma_vf_rail2,req_cqe_error,0
2026-09-30T16:22:42.442Z,gpu-3uwoq-6g3ya-1,ib_hw_counter,rdma_vf_rail2,resp_cqe_error,0
2026-09-30T16:22:42.442Z,gpu-3uwoq-6g3ya-1,ib_hw_counter,rdma_vf_rail2,implied_nak_seq_err,0
2026-09-30T16:22:42.442Z,gpu-3uwoq-6g3ya-1,ib_hw_counter,rdma_vf_rail2,duplicate_request,0
2026-09-30T16:22:42.442Z,gpu-3uwoq-6g3ya-1,ib_counter,rdma_vf_rail3,port_xmit_data,5.45593e+12
2026-09-30T16:22:42.442Z,gpu-3uwoq-6g3ya-1,ib_counter,rdma_vf_rail3,port_rcv_data,3.49051e+12
2026-09-30T16:22:42.442Z,gpu-3uwoq-6g3ya-1,ib_counter,rdma_vf_rail3,port_xmit_packets,1.49601e+09
2026-09-30T16:22:42.442Z,gpu-3uwoq-6g3ya-1,ib_counter,rdma_vf_rail3,port_rcv_packets,1.14761e+09
2026-09-30T16:22:42.442Z,gpu-3uwoq-6g3ya-1,ib_counter,rdma_vf_rail3,port_xmit_wait,0
2026-09-30T16:22:42.442Z,gpu-3uwoq-6g3ya-1,ib_counter,rdma_vf_rail3,port_rcv_errors,0
2026-09-30T16:22:42.442Z,gpu-3uwoq-6g3ya-1,ib_counter,rdma_vf_rail3,port_xmit_discards,0
2026-09-30T16:22:42.442Z,gpu-3uwoq-6g3ya-1,ib_counter,rdma_vf_rail3,link_downed,0
2026-09-30T16:22:42.442Z,gpu-3uwoq-6g3ya-1,ib_hw_counter,rdma_vf_rail3,out_of_sequence,9
2026-09-30T16:22:42.442Z,gpu-3uwoq-6g3ya-1,ib_hw_counter,rdma_vf_rail3,packet_seq_err,8
2026-09-30T16:22:42.442Z,gpu-3uwoq-6g3ya-1,ib_hw_counter,rdma_vf_rail3,local_ack_timeout_err,0
2026-09-30T16:22:42.442Z,gpu-3uwoq-6g3ya-1,ib_hw_counter,rdma_vf_rail3,rx_write_requests,4.73562e+08
2026-09-30T16:22:42.442Z,gpu-3uwoq-6g3ya-1,ib_hw_counter,rdma_vf_rail3,rx_read_requests,1.66762e+07
2026-09-30T16:22:42.442Z,gpu-3uwoq-6g3ya-1,ib_hw_counter,rdma_vf_rail3,req_cqe_error,0
2026-09-30T16:22:42.442Z,gpu-3uwoq-6g3ya-1,ib_hw_counter,rdma_vf_rail3,resp_cqe_error,0
2026-09-30T16:22:42.442Z,gpu-3uwoq-6g3ya-1,ib_hw_counter,rdma_vf_rail3,implied_nak_seq_err,0
2026-09-30T16:22:42.442Z,gpu-3uwoq-6g3ya-1,ib_hw_counter,rdma_vf_rail3,duplicate_request,0
2026-09-30T16:22:42.442Z,gpu-3uwoq-6g3ya-1,dcgm,gpu2,gpu_util,0
2026-09-30T16:22:42.442Z,gpu-3uwoq-6g3ya-1,dcgm,gpu3,gpu_util,0
2026-09-30T16:22:42.442Z,gpu-3uwoq-6g3ya-1,dcgm,gpu0,gpu_util,0
2026-09-30T16:22:42.442Z,gpu-3uwoq-6g3ya-1,dcgm,gpu1,gpu_util,0
2026-09-30T16:22:42.442Z,gpu-3uwoq-6g3ya-1,dcgm,gpu2,nvlink_bandwidth_total,0
2026-09-30T16:22:42.442Z,gpu-3uwoq-6g3ya-1,dcgm,gpu3,nvlink_bandwidth_total,0
2026-09-30T16:22:42.442Z,gpu-3uwoq-6g3ya-1,dcgm,gpu0,nvlink_bandwidth_total,0
2026-09-30T16:22:42.442Z,gpu-3uwoq-6g3ya-1,dcgm,gpu1,nvlink_bandwidth_total,0
2026-09-30T16:22:42.442Z,gpu-3uwoq-6g3ya-1,dcgm,gpu2,power_w,222.82
2026-09-30T16:22:42.442Z,gpu-3uwoq-6g3ya-1,dcgm,gpu3,power_w,227.026
2026-09-30T16:22:42.442Z,gpu-3uwoq-6g3ya-1,dcgm,gpu0,power_w,230.127
2026-09-30T16:22:42.442Z,gpu-3uwoq-6g3ya-1,dcgm,gpu1,power_w,226.521
2026-09-30T16:22:42.442Z,gpu-3uwoq-6g3ya-1,dcgm,gpu2,sm_clock_mhz,2070
2026-09-30T16:22:42.442Z,gpu-3uwoq-6g3ya-1,dcgm,gpu3,sm_clock_mhz,2070
2026-09-30T16:22:42.442Z,gpu-3uwoq-6g3ya-1,dcgm,gpu0,sm_clock_mhz,2070
2026-09-30T16:22:42.442Z,gpu-3uwoq-6g3ya-1,dcgm,gpu1,sm_clock_mhz,2070
2026-09-30T16:22:42.442Z,gpu-3uwoq-6g3ya-1,dcgm,gpu2,dram_active,0
2026-09-30T16:22:42.442Z,gpu-3uwoq-6g3ya-1,dcgm,gpu3,dram_active,0
2026-09-30T16:22:42.442Z,gpu-3uwoq-6g3ya-1,dcgm,gpu0,dram_active,0
2026-09-30T16:22:42.442Z,gpu-3uwoq-6g3ya-1,dcgm,gpu1,dram_active,0
2026-09-30T16:22:42.442Z,gpu-3uwoq-6g3ya-1,dcgm,gpu2,pcie_rx_bytes,43152
2026-09-30T16:22:42.442Z,gpu-3uwoq-6g3ya-1,dcgm,gpu3,pcie_rx_bytes,36130
2026-09-30T16:22:42.442Z,gpu-3uwoq-6g3ya-1,dcgm,gpu0,pcie_rx_bytes,50088
2026-09-30T16:22:42.442Z,gpu-3uwoq-6g3ya-1,dcgm,gpu1,pcie_rx_bytes,54948
2026-09-30T16:22:42.442Z,gpu-3uwoq-6g3ya-1,dcgm,gpu2,pcie_tx_bytes,39623
2026-09-30T16:22:42.442Z,gpu-3uwoq-6g3ya-1,dcgm,gpu3,pcie_tx_bytes,33072
2026-09-30T16:22:42.442Z,gpu-3uwoq-6g3ya-1,dcgm,gpu0,pcie_tx_bytes,46489
2026-09-30T16:22:42.442Z,gpu-3uwoq-6g3ya-1,dcgm,gpu1,pcie_tx_bytes,51404
2026-09-30T16:22:42.442Z,gpu-3uwoq-6g3ya-1,dcgm,gpu2,tensor_active,0
2026-09-30T16:22:42.442Z,gpu-3uwoq-6g3ya-1,dcgm,gpu3,tensor_active,0
2026-09-30T16:22:42.442Z,gpu-3uwoq-6g3ya-1,dcgm,gpu0,tensor_active,0
2026-09-30T16:22:42.442Z,gpu-3uwoq-6g3ya-1,dcgm,gpu1,tensor_active,0
2026-09-30T16:22:42.442Z,gpu-3uwoq-6g3ya-1,dcgm,gpu2,sm_active,0
2026-09-30T16:22:42.442Z,gpu-3uwoq-6g3ya-1,dcgm,gpu3,sm_active,0
2026-09-30T16:22:42.442Z,gpu-3uwoq-6g3ya-1,dcgm,gpu0,sm_active,0
2026-09-30T16:22:42.442Z,gpu-3uwoq-6g3ya-1,dcgm,gpu1,sm_active,0
2026-09-30T16:22:42.442Z,gpu-3uwoq-6g3ya-1,nvlink,gpu0,nvlink_rx_bytes,2.19204e+13
2026-09-30T16:22:42.442Z,gpu-3uwoq-6g3ya-1,nvlink,gpu0,nvlink_tx_bytes,2.19341e+13
2026-09-30T16:22:42.442Z,gpu-3uwoq-6g3ya-1,nvlink,gpu1,nvlink_rx_bytes,2.27892e+13
2026-09-30T16:22:42.442Z,gpu-3uwoq-6g3ya-1,nvlink,gpu1,nvlink_tx_bytes,2.28013e+13
2026-09-30T16:22:42.442Z,gpu-3uwoq-6g3ya-1,nvlink,gpu2,nvlink_rx_bytes,2.19858e+13
2026-09-30T16:22:42.442Z,gpu-3uwoq-6g3ya-1,nvlink,gpu2,nvlink_tx_bytes,2.20045e+13
2026-09-30T16:22:42.442Z,gpu-3uwoq-6g3ya-1,nvlink,gpu3,nvlink_rx_bytes,2.18839e+13
2026-09-30T16:22:42.442Z,gpu-3uwoq-6g3ya-1,nvlink,gpu3,nvlink_tx_bytes,2.19016e+13
2026-09-30T16:22:43.442Z,gpu-3uwoq-6g3ya-1,ib_counter,rdma_vf_rail0,port_xmit_data,6.27354e+12
2026-09-30T16:22:43.442Z,gpu-3uwoq-6g3ya-1,ib_counter,rdma_vf_rail0,port_rcv_data,4.31116e+12
2026-09-30T16:22:43.442Z,gpu-3uwoq-6g3ya-1,ib_counter,rdma_vf_rail0,port_xmit_packets,1.72334e+09
2026-09-30T16:22:43.442Z,gpu-3uwoq-6g3ya-1,ib_counter,rdma_vf_rail0,port_rcv_packets,1.4035e+09
2026-09-30T16:22:43.442Z,gpu-3uwoq-6g3ya-1,ib_counter,rdma_vf_rail0,port_xmit_wait,0
2026-09-30T16:22:43.442Z,gpu-3uwoq-6g3ya-1,ib_counter,rdma_vf_rail0,port_rcv_errors,0
2026-09-30T16:22:43.442Z,gpu-3uwoq-6g3ya-1,ib_counter,rdma_vf_rail0,port_xmit_discards,0
2026-09-30T16:22:43.442Z,gpu-3uwoq-6g3ya-1,ib_counter,rdma_vf_rail0,link_downed,0
2026-09-30T16:22:43.442Z,gpu-3uwoq-6g3ya-1,ib_hw_counter,rdma_vf_rail0,out_of_sequence,8
2026-09-30T16:22:43.442Z,gpu-3uwoq-6g3ya-1,ib_hw_counter,rdma_vf_rail0,packet_seq_err,9
2026-09-30T16:22:43.442Z,gpu-3uwoq-6g3ya-1,ib_hw_counter,rdma_vf_rail0,local_ack_timeout_err,0
2026-09-30T16:22:43.442Z,gpu-3uwoq-6g3ya-1,ib_hw_counter,rdma_vf_rail0,rx_write_requests,4.85746e+08
2026-09-30T16:22:43.442Z,gpu-3uwoq-6g3ya-1,ib_hw_counter,rdma_vf_rail0,rx_read_requests,2.27639e+07
2026-09-30T16:22:43.442Z,gpu-3uwoq-6g3ya-1,ib_hw_counter,rdma_vf_rail0,req_cqe_error,0
2026-09-30T16:22:43.442Z,gpu-3uwoq-6g3ya-1,ib_hw_counter,rdma_vf_rail0,resp_cqe_error,0
2026-09-30T16:22:43.442Z,gpu-3uwoq-6g3ya-1,ib_hw_counter,rdma_vf_rail0,implied_nak_seq_err,0
2026-09-30T16:22:43.442Z,gpu-3uwoq-6g3ya-1,ib_hw_counter,rdma_vf_rail0,duplicate_request,0
2026-09-30T16:22:43.442Z,gpu-3uwoq-6g3ya-1,ib_counter,rdma_vf_rail1,port_xmit_data,5.48301e+12
2026-09-30T16:22:43.442Z,gpu-3uwoq-6g3ya-1,ib_counter,rdma_vf_rail1,port_rcv_data,3.51844e+12
2026-09-30T16:22:43.442Z,gpu-3uwoq-6g3ya-1,ib_counter,rdma_vf_rail1,port_xmit_packets,1.50928e+09
2026-09-30T16:22:43.442Z,gpu-3uwoq-6g3ya-1,ib_counter,rdma_vf_rail1,port_rcv_packets,1.16889e+09
2026-09-30T16:22:43.442Z,gpu-3uwoq-6g3ya-1,ib_counter,rdma_vf_rail1,port_xmit_wait,0
2026-09-30T16:22:43.442Z,gpu-3uwoq-6g3ya-1,ib_counter,rdma_vf_rail1,port_rcv_errors,0
2026-09-30T16:22:43.442Z,gpu-3uwoq-6g3ya-1,ib_counter,rdma_vf_rail1,port_xmit_discards,0
2026-09-30T16:22:43.442Z,gpu-3uwoq-6g3ya-1,ib_counter,rdma_vf_rail1,link_downed,0
2026-09-30T16:22:43.442Z,gpu-3uwoq-6g3ya-1,ib_hw_counter,rdma_vf_rail1,out_of_sequence,7
2026-09-30T16:22:43.442Z,gpu-3uwoq-6g3ya-1,ib_hw_counter,rdma_vf_rail1,packet_seq_err,8
2026-09-30T16:22:43.442Z,gpu-3uwoq-6g3ya-1,ib_hw_counter,rdma_vf_rail1,local_ack_timeout_err,0
2026-09-30T16:22:43.442Z,gpu-3uwoq-6g3ya-1,ib_hw_counter,rdma_vf_rail1,rx_write_requests,4.73996e+08
2026-09-30T16:22:43.442Z,gpu-3uwoq-6g3ya-1,ib_hw_counter,rdma_vf_rail1,rx_read_requests,1.68838e+07
2026-09-30T16:22:43.442Z,gpu-3uwoq-6g3ya-1,ib_hw_counter,rdma_vf_rail1,req_cqe_error,0
2026-09-30T16:22:43.442Z,gpu-3uwoq-6g3ya-1,ib_hw_counter,rdma_vf_rail1,resp_cqe_error,0
2026-09-30T16:22:43.442Z,gpu-3uwoq-6g3ya-1,ib_hw_counter,rdma_vf_rail1,implied_nak_seq_err,0
2026-09-30T16:22:43.442Z,gpu-3uwoq-6g3ya-1,ib_hw_counter,rdma_vf_rail1,duplicate_request,0
2026-09-30T16:22:43.442Z,gpu-3uwoq-6g3ya-1,ib_counter,rdma_vf_rail2,port_xmit_data,5.4557e+12
2026-09-30T16:22:43.442Z,gpu-3uwoq-6g3ya-1,ib_counter,rdma_vf_rail2,port_rcv_data,3.49072e+12
2026-09-30T16:22:43.442Z,gpu-3uwoq-6g3ya-1,ib_counter,rdma_vf_rail2,port_xmit_packets,1.49548e+09
2026-09-30T16:22:43.442Z,gpu-3uwoq-6g3ya-1,ib_counter,rdma_vf_rail2,port_rcv_packets,1.15052e+09
2026-09-30T16:22:43.442Z,gpu-3uwoq-6g3ya-1,ib_counter,rdma_vf_rail2,port_xmit_wait,0
2026-09-30T16:22:43.442Z,gpu-3uwoq-6g3ya-1,ib_counter,rdma_vf_rail2,port_rcv_errors,0
2026-09-30T16:22:43.442Z,gpu-3uwoq-6g3ya-1,ib_counter,rdma_vf_rail2,port_xmit_discards,0
2026-09-30T16:22:43.442Z,gpu-3uwoq-6g3ya-1,ib_counter,rdma_vf_rail2,link_downed,0
2026-09-30T16:22:43.442Z,gpu-3uwoq-6g3ya-1,ib_hw_counter,rdma_vf_rail2,out_of_sequence,8
2026-09-30T16:22:43.442Z,gpu-3uwoq-6g3ya-1,ib_hw_counter,rdma_vf_rail2,packet_seq_err,7
2026-09-30T16:22:43.442Z,gpu-3uwoq-6g3ya-1,ib_hw_counter,rdma_vf_rail2,local_ack_timeout_err,0
2026-09-30T16:22:43.442Z,gpu-3uwoq-6g3ya-1,ib_hw_counter,rdma_vf_rail2,rx_write_requests,4.73562e+08
2026-09-30T16:22:43.442Z,gpu-3uwoq-6g3ya-1,ib_hw_counter,rdma_vf_rail2,rx_read_requests,1.66762e+07
2026-09-30T16:22:43.442Z,gpu-3uwoq-6g3ya-1,ib_hw_counter,rdma_vf_rail2,req_cqe_error,0
2026-09-30T16:22:43.442Z,gpu-3uwoq-6g3ya-1,ib_hw_counter,rdma_vf_rail2,resp_cqe_error,0
2026-09-30T16:22:43.442Z,gpu-3uwoq-6g3ya-1,ib_hw_counter,rdma_vf_rail2,implied_nak_seq_err,0
2026-09-30T16:22:43.442Z,gpu-3uwoq-6g3ya-1,ib_hw_counter,rdma_vf_rail2,duplicate_request,0
2026-09-30T16:22:43.442Z,gpu-3uwoq-6g3ya-1,ib_counter,rdma_vf_rail3,port_xmit_data,5.45593e+12
2026-09-30T16:22:43.442Z,gpu-3uwoq-6g3ya-1,ib_counter,rdma_vf_rail3,port_rcv_data,3.49051e+12
2026-09-30T16:22:43.442Z,gpu-3uwoq-6g3ya-1,ib_counter,rdma_vf_rail3,port_xmit_packets,1.49601e+09
2026-09-30T16:22:43.442Z,gpu-3uwoq-6g3ya-1,ib_counter,rdma_vf_rail3,port_rcv_packets,1.14761e+09
2026-09-30T16:22:43.442Z,gpu-3uwoq-6g3ya-1,ib_counter,rdma_vf_rail3,port_xmit_wait,0
2026-09-30T16:22:43.442Z,gpu-3uwoq-6g3ya-1,ib_counter,rdma_vf_rail3,port_rcv_errors,0
2026-09-30T16:22:43.442Z,gpu-3uwoq-6g3ya-1,ib_counter,rdma_vf_rail3,port_xmit_discards,0
2026-09-30T16:22:43.442Z,gpu-3uwoq-6g3ya-1,ib_counter,rdma_vf_rail3,link_downed,0
2026-09-30T16:22:43.442Z,gpu-3uwoq-6g3ya-1,ib_hw_counter,rdma_vf_rail3,out_of_sequence,9
2026-09-30T16:22:43.442Z,gpu-3uwoq-6g3ya-1,ib_hw_counter,rdma_vf_rail3,packet_seq_err,8
2026-09-30T16:22:43.442Z,gpu-3uwoq-6g3ya-1,ib_hw_counter,rdma_vf_rail3,local_ack_timeout_err,0
2026-09-30T16:22:43.442Z,gpu-3uwoq-6g3ya-1,ib_hw_counter,rdma_vf_rail3,rx_write_requests,4.73562e+08
2026-09-30T16:22:43.442Z,gpu-3uwoq-6g3ya-1,ib_hw_counter,rdma_vf_rail3,rx_read_requests,1.66762e+07
2026-09-30T16:22:43.442Z,gpu-3uwoq-6g3ya-1,ib_hw_counter,rdma_vf_rail3,req_cqe_error,0
2026-09-30T16:22:43.442Z,gpu-3uwoq-6g3ya-1,ib_hw_counter,rdma_vf_rail3,resp_cqe_error,0
2026-09-30T16:22:43.442Z,gpu-3uwoq-6g3ya-1,ib_hw_counter,rdma_vf_rail3,implied_nak_seq_err,0
2026-09-30T16:22:43.442Z,gpu-3uwoq-6g3ya-1,ib_hw_counter,rdma_vf_rail3,duplicate_request,0
2026-09-30T16:22:43.442Z,gpu-3uwoq-6g3ya-1,dcgm,gpu2,gpu_util,0
2026-09-30T16:22:43.442Z,gpu-3uwoq-6g3ya-1,dcgm,gpu3,gpu_util,0
2026-09-30T16:22:43.442Z,gpu-3uwoq-6g3ya-1,dcgm,gpu0,gpu_util,0
2026-09-30T16:22:43.442Z,gpu-3uwoq-6g3ya-1,dcgm,gpu1,gpu_util,0
2026-09-30T16:22:43.442Z,gpu-3uwoq-6g3ya-1,dcgm,gpu2,nvlink_bandwidth_total,0
2026-09-30T16:22:43.442Z,gpu-3uwoq-6g3ya-1,dcgm,gpu3,nvlink_bandwidth_total,0
2026-09-30T16:22:43.442Z,gpu-3uwoq-6g3ya-1,dcgm,gpu0,nvlink_bandwidth_total,0
2026-09-30T16:22:43.442Z,gpu-3uwoq-6g3ya-1,dcgm,gpu1,nvlink_bandwidth_total,0
2026-09-30T16:22:43.442Z,gpu-3uwoq-6g3ya-1,dcgm,gpu2,power_w,222.82
2026-09-30T16:22:43.442Z,gpu-3uwoq-6g3ya-1,dcgm,gpu3,power_w,227.026
2026-09-30T16:22:43.442Z,gpu-3uwoq-6g3ya-1,dcgm,gpu0,power_w,230.127
2026-09-30T16:22:43.442Z,gpu-3uwoq-6g3ya-1,dcgm,gpu1,power_w,226.521
2026-09-30T16:22:43.442Z,gpu-3uwoq-6g3ya-1,dcgm,gpu2,sm_clock_mhz,2070
2026-09-30T16:22:43.442Z,gpu-3uwoq-6g3ya-1,dcgm,gpu3,sm_clock_mhz,2070
2026-09-30T16:22:43.442Z,gpu-3uwoq-6g3ya-1,dcgm,gpu0,sm_clock_mhz,2070
2026-09-30T16:22:43.442Z,gpu-3uwoq-6g3ya-1,dcgm,gpu1,sm_clock_mhz,2070
2026-09-30T16:22:43.442Z,gpu-3uwoq-6g3ya-1,dcgm,gpu2,dram_active,0
2026-09-30T16:22:43.442Z,gpu-3uwoq-6g3ya-1,dcgm,gpu3,dram_active,0
2026-09-30T16:22:43.442Z,gpu-3uwoq-6g3ya-1,dcgm,gpu0,dram_active,0
2026-09-30T16:22:43.442Z,gpu-3uwoq-6g3ya-1,dcgm,gpu1,dram_active,0
2026-09-30T16:22:43.442Z,gpu-3uwoq-6g3ya-1,dcgm,gpu2,pcie_rx_bytes,43152
2026-09-30T16:22:43.442Z,gpu-3uwoq-6g3ya-1,dcgm,gpu3,pcie_rx_bytes,36130
2026-09-30T16:22:43.442Z,gpu-3uwoq-6g3ya-1,dcgm,gpu0,pcie_rx_bytes,50088
2026-09-30T16:22:43.442Z,gpu-3uwoq-6g3ya-1,dcgm,gpu1,pcie_rx_bytes,54948
2026-09-30T16:22:43.442Z,gpu-3uwoq-6g3ya-1,dcgm,gpu2,pcie_tx_bytes,39623
2026-09-30T16:22:43.442Z,gpu-3uwoq-6g3ya-1,dcgm,gpu3,pcie_tx_bytes,33072
2026-09-30T16:22:43.442Z,gpu-3uwoq-6g3ya-1,dcgm,gpu0,pcie_tx_bytes,46489
2026-09-30T16:22:43.442Z,gpu-3uwoq-6g3ya-1,dcgm,gpu1,pcie_tx_bytes,51404
2026-09-30T16:22:43.442Z,gpu-3uwoq-6g3ya-1,dcgm,gpu2,tensor_active,0
2026-09-30T16:22:43.442Z,gpu-3uwoq-6g3ya-1,dcgm,gpu3,tensor_active,0
2026-09-30T16:22:43.442Z,gpu-3uwoq-6g3ya-1,dcgm,gpu0,tensor_active,0
2026-09-30T16:22:43.442Z,gpu-3uwoq-6g3ya-1,dcgm,gpu1,tensor_active,0
2026-09-30T16:22:43.442Z,gpu-3uwoq-6g3ya-1,dcgm,gpu2,sm_active,0
2026-09-30T16:22:43.442Z,gpu-3uwoq-6g3ya-1,dcgm,gpu3,sm_active,0
2026-09-30T16:22:43.442Z,gpu-3uwoq-6g3ya-1,dcgm,gpu0,sm_active,0
2026-09-30T16:22:43.442Z,gpu-3uwoq-6g3ya-1,dcgm,gpu1,sm_active,0
2026-09-30T16:22:43.442Z,gpu-3uwoq-6g3ya-1,nvlink,gpu0,nvlink_rx_bytes,2.19204e+13
2026-09-30T16:22:43.442Z,gpu-3uwoq-6g3ya-1,nvlink,gpu0,nvlink_tx_bytes,2.19341e+13
2026-09-30T16:22:43.442Z,gpu-3uwoq-6g3ya-1,nvlink,gpu1,nvlink_rx_bytes,2.27892e+13
2026-09-30T16:22:43.442Z,gpu-3uwoq-6g3ya-1,nvlink,gpu1,nvlink_tx_bytes,2.28013e+13
2026-09-30T16:22:43.442Z,gpu-3uwoq-6g3ya-1,nvlink,gpu2,nvlink_rx_bytes,2.19858e+13
2026-09-30T16:22:43.442Z,gpu-3uwoq-6g3ya-1,nvlink,gpu2,nvlink_tx_bytes,2.20045e+13
2026-09-30T16:22:43.442Z,gpu-3uwoq-6g3ya-1,nvlink,gpu3,nvlink_rx_bytes,2.18839e+13
2026-09-30T16:22:43.442Z,gpu-3uwoq-6g3ya-1,nvlink,gpu3,nvlink_tx_bytes,2.19016e+13
2026-09-30T16:22:44.442Z,gpu-3uwoq-6g3ya-1,ib_counter,rdma_vf_rail0,port_xmit_data,6.27354e+12
2026-09-30T16:22:44.442Z,gpu-3uwoq-6g3ya-1,ib_counter,rdma_vf_rail0,port_rcv_data,4.31116e+12
2026-09-30T16:22:44.442Z,gpu-3uwoq-6g3ya-1,ib_counter,rdma_vf_rail0,port_xmit_packets,1.72334e+09
2026-09-30T16:22:44.442Z,gpu-3uwoq-6g3ya-1,ib_counter,rdma_vf_rail0,port_rcv_packets,1.4035e+09
2026-09-30T16:22:44.442Z,gpu-3uwoq-6g3ya-1,ib_counter,rdma_vf_rail0,port_xmit_wait,0
2026-09-30T16:22:44.442Z,gpu-3uwoq-6g3ya-1,ib_counter,rdma_vf_rail0,port_rcv_errors,0
2026-09-30T16:22:44.442Z,gpu-3uwoq-6g3ya-1,ib_counter,rdma_vf_rail0,port_xmit_discards,0
2026-09-30T16:22:44.442Z,gpu-3uwoq-6g3ya-1,ib_counter,rdma_vf_rail0,link_downed,0
2026-09-30T16:22:44.442Z,gpu-3uwoq-6g3ya-1,ib_hw_counter,rdma_vf_rail0,out_of_sequence,8
2026-09-30T16:22:44.442Z,gpu-3uwoq-6g3ya-1,ib_hw_counter,rdma_vf_rail0,packet_seq_err,9
2026-09-30T16:22:44.442Z,gpu-3uwoq-6g3ya-1,ib_hw_counter,rdma_vf_rail0,local_ack_timeout_err,0
2026-09-30T16:22:44.442Z,gpu-3uwoq-6g3ya-1,ib_hw_counter,rdma_vf_rail0,rx_write_requests,4.85746e+08
2026-09-30T16:22:44.442Z,gpu-3uwoq-6g3ya-1,ib_hw_counter,rdma_vf_rail0,rx_read_requests,2.27639e+07
2026-09-30T16:22:44.442Z,gpu-3uwoq-6g3ya-1,ib_hw_counter,rdma_vf_rail0,req_cqe_error,0
2026-09-30T16:22:44.442Z,gpu-3uwoq-6g3ya-1,ib_hw_counter,rdma_vf_rail0,resp_cqe_error,0
2026-09-30T16:22:44.442Z,gpu-3uwoq-6g3ya-1,ib_hw_counter,rdma_vf_rail0,implied_nak_seq_err,0
2026-09-30T16:22:44.442Z,gpu-3uwoq-6g3ya-1,ib_hw_counter,rdma_vf_rail0,duplicate_request,0
2026-09-30T16:22:44.442Z,gpu-3uwoq-6g3ya-1,ib_counter,rdma_vf_rail1,port_xmit_data,5.48301e+12
2026-09-30T16:22:44.442Z,gpu-3uwoq-6g3ya-1,ib_counter,rdma_vf_rail1,port_rcv_data,3.51844e+12
2026-09-30T16:22:44.442Z,gpu-3uwoq-6g3ya-1,ib_counter,rdma_vf_rail1,port_xmit_packets,1.50928e+09
2026-09-30T16:22:44.442Z,gpu-3uwoq-6g3ya-1,ib_counter,rdma_vf_rail1,port_rcv_packets,1.16889e+09
2026-09-30T16:22:44.442Z,gpu-3uwoq-6g3ya-1,ib_counter,rdma_vf_rail1,port_xmit_wait,0
2026-09-30T16:22:44.442Z,gpu-3uwoq-6g3ya-1,ib_counter,rdma_vf_rail1,port_rcv_errors,0
2026-09-30T16:22:44.442Z,gpu-3uwoq-6g3ya-1,ib_counter,rdma_vf_rail1,port_xmit_discards,0
2026-09-30T16:22:44.442Z,gpu-3uwoq-6g3ya-1,ib_counter,rdma_vf_rail1,link_downed,0
2026-09-30T16:22:44.442Z,gpu-3uwoq-6g3ya-1,ib_hw_counter,rdma_vf_rail1,out_of_sequence,7
2026-09-30T16:22:44.442Z,gpu-3uwoq-6g3ya-1,ib_hw_counter,rdma_vf_rail1,packet_seq_err,8
2026-09-30T16:22:44.442Z,gpu-3uwoq-6g3ya-1,ib_hw_counter,rdma_vf_rail1,local_ack_timeout_err,0
2026-09-30T16:22:44.442Z,gpu-3uwoq-6g3ya-1,ib_hw_counter,rdma_vf_rail1,rx_write_requests,4.73996e+08
2026-09-30T16:22:44.442Z,gpu-3uwoq-6g3ya-1,ib_hw_counter,rdma_vf_rail1,rx_read_requests,1.68838e+07
2026-09-30T16:22:44.442Z,gpu-3uwoq-6g3ya-1,ib_hw_counter,rdma_vf_rail1,req_cqe_error,0
2026-09-30T16:22:44.442Z,gpu-3uwoq-6g3ya-1,ib_hw_counter,rdma_vf_rail1,resp_cqe_error,0
2026-09-30T16:22:44.442Z,gpu-3uwoq-6g3ya-1,ib_hw_counter,rdma_vf_rail1,implied_nak_seq_err,0
2026-09-30T16:22:44.442Z,gpu-3uwoq-6g3ya-1,ib_hw_counter,rdma_vf_rail1,duplicate_request,0
2026-09-30T16:22:44.442Z,gpu-3uwoq-6g3ya-1,ib_counter,rdma_vf_rail2,port_xmit_data,5.4557e+12
2026-09-30T16:22:44.442Z,gpu-3uwoq-6g3ya-1,ib_counter,rdma_vf_rail2,port_rcv_data,3.49072e+12
2026-09-30T16:22:44.442Z,gpu-3uwoq-6g3ya-1,ib_counter,rdma_vf_rail2,port_xmit_packets,1.49548e+09
2026-09-30T16:22:44.442Z,gpu-3uwoq-6g3ya-1,ib_counter,rdma_vf_rail2,port_rcv_packets,1.15052e+09
2026-09-30T16:22:44.442Z,gpu-3uwoq-6g3ya-1,ib_counter,rdma_vf_rail2,port_xmit_wait,0
2026-09-30T16:22:44.442Z,gpu-3uwoq-6g3ya-1,ib_counter,rdma_vf_rail2,port_rcv_errors,0
2026-09-30T16:22:44.442Z,gpu-3uwoq-6g3ya-1,ib_counter,rdma_vf_rail2,port_xmit_discards,0
2026-09-30T16:22:44.442Z,gpu-3uwoq-6g3ya-1,ib_counter,rdma_vf_rail2,link_downed,0
2026-09-30T16:22:44.442Z,gpu-3uwoq-6g3ya-1,ib_hw_counter,rdma_vf_rail2,out_of_sequence,8
2026-09-30T16:22:44.442Z,gpu-3uwoq-6g3ya-1,ib_hw_counter,rdma_vf_rail2,packet_seq_err,7
2026-09-30T16:22:44.442Z,gpu-3uwoq-6g3ya-1,ib_hw_counter,rdma_vf_rail2,local_ack_timeout_err,0
2026-09-30T16:22:44.442Z,gpu-3uwoq-6g3ya-1,ib_hw_counter,rdma_vf_rail2,rx_write_requests,4.73562e+08
2026-09-30T16:22:44.442Z,gpu-3uwoq-6g3ya-1,ib_hw_counter,rdma_vf_rail2,rx_read_requests,1.66762e+07
2026-09-30T16:22:44.442Z,gpu-3uwoq-6g3ya-1,ib_hw_counter,rdma_vf_rail2,req_cqe_error,0
2026-09-30T16:22:44.442Z,gpu-3uwoq-6g3ya-1,ib_hw_counter,rdma_vf_rail2,resp_cqe_error,0
2026-09-30T16:22:44.442Z,gpu-3uwoq-6g3ya-1,ib_hw_counter,rdma_vf_rail2,implied_nak_seq_err,0
2026-09-30T16:22:44.442Z,gpu-3uwoq-6g3ya-1,ib_hw_counter,rdma_vf_rail2,duplicate_request,0
2026-09-30T16:22:44.442Z,gpu-3uwoq-6g3ya-1,ib_counter,rdma_vf_rail3,port_xmit_data,5.45593e+12
2026-09-30T16:22:44.442Z,gpu-3uwoq-6g3ya-1,ib_counter,rdma_vf_rail3,port_rcv_data,3.49051e+12
2026-09-30T16:22:44.442Z,gpu-3uwoq-6g3ya-1,ib_counter,rdma_vf_rail3,port_xmit_packets,1.49601e+09
2026-09-30T16:22:44.442Z,gpu-3uwoq-6g3ya-1,ib_counter,rdma_vf_rail3,port_rcv_packets,1.14761e+09
2026-09-30T16:22:44.442Z,gpu-3uwoq-6g3ya-1,ib_counter,rdma_vf_rail3,port_xmit_wait,0
2026-09-30T16:22:44.442Z,gpu-3uwoq-6g3ya-1,ib_counter,rdma_vf_rail3,port_rcv_errors,0
2026-09-30T16:22:44.442Z,gpu-3uwoq-6g3ya-1,ib_counter,rdma_vf_rail3,port_xmit_discards,0
2026-09-30T16:22:44.442Z,gpu-3uwoq-6g3ya-1,ib_counter,rdma_vf_rail3,link_downed,0
2026-09-30T16:22:44.442Z,gpu-3uwoq-6g3ya-1,ib_hw_counter,rdma_vf_rail3,out_of_sequence,9
2026-09-30T16:22:44.442Z,gpu-3uwoq-6g3ya-1,ib_hw_counter,rdma_vf_rail3,packet_seq_err,8
2026-09-30T16:22:44.442Z,gpu-3uwoq-6g3ya-1,ib_hw_counter,rdma_vf_rail3,local_ack_timeout_err,0
2026-09-30T16:22:44.442Z,gpu-3uwoq-6g3ya-1,ib_hw_counter,rdma_vf_rail3,rx_write_requests,4.73562e+08
2026-09-30T16:22:44.442Z,gpu-3uwoq-6g3ya-1,ib_hw_counter,rdma_vf_rail3,rx_read_requests,1.66762e+07
2026-09-30T16:22:44.442Z,gpu-3uwoq-6g3ya-1,ib_hw_counter,rdma_vf_rail3,req_cqe_error,0
2026-09-30T16:22:44.442Z,gpu-3uwoq-6g3ya-1,ib_hw_counter,rdma_vf_rail3,resp_cqe_error,0
2026-09-30T16:22:44.442Z,gpu-3uwoq-6g3ya-1,ib_hw_counter,rdma_vf_rail3,implied_nak_seq_err,0
2026-09-30T16:22:44.442Z,gpu-3uwoq-6g3ya-1,ib_hw_counter,rdma_vf_rail3,duplicate_request,0
2026-09-30T16:22:44.442Z,gpu-3uwoq-6g3ya-1,dcgm,gpu2,gpu_util,0
2026-09-30T16:22:44.442Z,gpu-3uwoq-6g3ya-1,dcgm,gpu3,gpu_util,0
2026-09-30T16:22:44.442Z,gpu-3uwoq-6g3ya-1,dcgm,gpu0,gpu_util,0
2026-09-30T16:22:44.442Z,gpu-3uwoq-6g3ya-1,dcgm,gpu1,gpu_util,0
2026-09-30T16:22:44.442Z,gpu-3uwoq-6g3ya-1,dcgm,gpu2,nvlink_bandwidth_total,0
2026-09-30T16:22:44.442Z,gpu-3uwoq-6g3ya-1,dcgm,gpu3,nvlink_bandwidth_total,0
2026-09-30T16:22:44.442Z,gpu-3uwoq-6g3ya-1,dcgm,gpu0,nvlink_bandwidth_total,0
2026-09-30T16:22:44.442Z,gpu-3uwoq-6g3ya-1,dcgm,gpu1,nvlink_bandwidth_total,0
2026-09-30T16:22:44.442Z,gpu-3uwoq-6g3ya-1,dcgm,gpu2,power_w,222.82
2026-09-30T16:22:44.442Z,gpu-3uwoq-6g3ya-1,dcgm,gpu3,power_w,227.026
2026-09-30T16:22:44.442Z,gpu-3uwoq-6g3ya-1,dcgm,gpu0,power_w,230.127
2026-09-30T16:22:44.442Z,gpu-3uwoq-6g3ya-1,dcgm,gpu1,power_w,226.521
2026-09-30T16:22:44.442Z,gpu-3uwoq-6g3ya-1,dcgm,gpu2,sm_clock_mhz,2070
2026-09-30T16:22:44.442Z,gpu-3uwoq-6g3ya-1,dcgm,gpu3,sm_clock_mhz,2070
2026-09-30T16:22:44.442Z,gpu-3uwoq-6g3ya-1,dcgm,gpu0,sm_clock_mhz,2070
2026-09-30T16:22:44.442Z,gpu-3uwoq-6g3ya-1,dcgm,gpu1,sm_clock_mhz,2070
2026-09-30T16:22:44.442Z,gpu-3uwoq-6g3ya-1,dcgm,gpu2,dram_active,0
2026-09-30T16:22:44.442Z,gpu-3uwoq-6g3ya-1,dcgm,gpu3,dram_active,0
2026-09-30T16:22:44.442Z,gpu-3uwoq-6g3ya-1,dcgm,gpu0,dram_active,0
2026-09-30T16:22:44.442Z,gpu-3uwoq-6g3ya-1,dcgm,gpu1,dram_active,0
2026-09-30T16:22:44.442Z,gpu-3uwoq-6g3ya-1,dcgm,gpu2,pcie_rx_bytes,43152
2026-09-30T16:22:44.442Z,gpu-3uwoq-6g3ya-1,dcgm,gpu3,pcie_rx_bytes,36130
2026-09-30T16:22:44.442Z,gpu-3uwoq-6g3ya-1,dcgm,gpu0,pcie_rx_bytes,50088
2026-09-30T16:22:44.442Z,gpu-3uwoq-6g3ya-1,dcgm,gpu1,pcie_rx_bytes,54948
2026-09-30T16:22:44.442Z,gpu-3uwoq-6g3ya-1,dcgm,gpu2,pcie_tx_bytes,39623
2026-09-30T16:22:44.442Z,gpu-3uwoq-6g3ya-1,dcgm,gpu3,pcie_tx_bytes,33072
2026-09-30T16:22:44.442Z,gpu-3uwoq-6g3ya-1,dcgm,gpu0,pcie_tx_bytes,46489
2026-09-30T16:22:44.442Z,gpu-3uwoq-6g3ya-1,dcgm,gpu1,pcie_tx_bytes,51404
2026-09-30T16:22:44.442Z,gpu-3uwoq-6g3ya-1,dcgm,gpu2,tensor_active,0
2026-09-30T16:22:44.442Z,gpu-3uwoq-6g3ya-1,dcgm,gpu3,tensor_active,0
2026-09-30T16:22:44.442Z,gpu-3uwoq-6g3ya-1,dcgm,gpu0,tensor_active,0
2026-09-30T16:22:44.442Z,gpu-3uwoq-6g3ya-1,dcgm,gpu1,tensor_active,0
2026-09-30T16:22:44.442Z,gpu-3uwoq-6g3ya-1,dcgm,gpu2,sm_active,0
2026-09-30T16:22:44.442Z,gpu-3uwoq-6g3ya-1,dcgm,gpu3,sm_active,0
2026-09-30T16:22:44.442Z,gpu-3uwoq-6g3ya-1,dcgm,gpu0,sm_active,0
2026-09-30T16:22:44.442Z,gpu-3uwoq-6g3ya-1,dcgm,gpu1,sm_active,0
2026-09-30T16:22:44.442Z,gpu-3uwoq-6g3ya-1,nvlink,gpu0,nvlink_rx_bytes,2.19204e+13
2026-09-30T16:22:44.442Z,gpu-3uwoq-6g3ya-1,nvlink,gpu0,nvlink_tx_bytes,2.19341e+13
2026-09-30T16:22:44.442Z,gpu-3uwoq-6g3ya-1,nvlink,gpu1,nvlink_rx_bytes,2.27892e+13
2026-09-30T16:22:44.442Z,gpu-3uwoq-6g3ya-1,nvlink,gpu1,nvlink_tx_bytes,2.28013e+13
2026-09-30T16:22:44.442Z,gpu-3uwoq-6g3ya-1,nvlink,gpu2,nvlink_rx_bytes,2.19858e+13
2026-09-30T16:22:44.442Z,gpu-3uwoq-6g3ya-1,nvlink,gpu2,nvlink_tx_bytes,2.20045e+13
2026-09-30T16:22:44.442Z,gpu-3uwoq-6g3ya-1,nvlink,gpu3,nvlink_rx_bytes,2.18839e+13
2026-09-30T16:22:44.442Z,gpu-3uwoq-6g3ya-1,nvlink,gpu3,nvlink_tx_bytes,2.19016e+13
2026-09-30T16:22:45.442Z,gpu-3uwoq-6g3ya-1,ib_counter,rdma_vf_rail0,port_xmit_data,6.27354e+12
2026-09-30T16:22:45.442Z,gpu-3uwoq-6g3ya-1,ib_counter,rdma_vf_rail0,port_rcv_data,4.31116e+12
2026-09-30T16:22:45.442Z,gpu-3uwoq-6g3ya-1,ib_counter,rdma_vf_rail0,port_xmit_packets,1.72334e+09
2026-09-30T16:22:45.442Z,gpu-3uwoq-6g3ya-1,ib_counter,rdma_vf_rail0,port_rcv_packets,1.4035e+09
2026-09-30T16:22:45.442Z,gpu-3uwoq-6g3ya-1,ib_counter,rdma_vf_rail0,port_xmit_wait,0
2026-09-30T16:22:45.442Z,gpu-3uwoq-6g3ya-1,ib_counter,rdma_vf_rail0,port_rcv_errors,0
2026-09-30T16:22:45.442Z,gpu-3uwoq-6g3ya-1,ib_counter,rdma_vf_rail0,port_xmit_discards,0
2026-09-30T16:22:45.442Z,gpu-3uwoq-6g3ya-1,ib_counter,rdma_vf_rail0,link_downed,0
2026-09-30T16:22:45.442Z,gpu-3uwoq-6g3ya-1,ib_hw_counter,rdma_vf_rail0,out_of_sequence,8
2026-09-30T16:22:45.442Z,gpu-3uwoq-6g3ya-1,ib_hw_counter,rdma_vf_rail0,packet_seq_err,9
2026-09-30T16:22:45.442Z,gpu-3uwoq-6g3ya-1,ib_hw_counter,rdma_vf_rail0,local_ack_timeout_err,0
2026-09-30T16:22:45.442Z,gpu-3uwoq-6g3ya-1,ib_hw_counter,rdma_vf_rail0,rx_write_requests,4.85746e+08
2026-09-30T16:22:45.442Z,gpu-3uwoq-6g3ya-1,ib_hw_counter,rdma_vf_rail0,rx_read_requests,2.27639e+07
2026-09-30T16:22:45.442Z,gpu-3uwoq-6g3ya-1,ib_hw_counter,rdma_vf_rail0,req_cqe_error,0
2026-09-30T16:22:45.442Z,gpu-3uwoq-6g3ya-1,ib_hw_counter,rdma_vf_rail0,resp_cqe_error,0
2026-09-30T16:22:45.442Z,gpu-3uwoq-6g3ya-1,ib_hw_counter,rdma_vf_rail0,implied_nak_seq_err,0
2026-09-30T16:22:45.442Z,gpu-3uwoq-6g3ya-1,ib_hw_counter,rdma_vf_rail0,duplicate_request,0
2026-09-30T16:22:45.442Z,gpu-3uwoq-6g3ya-1,ib_counter,rdma_vf_rail1,port_xmit_data,5.48301e+12
2026-09-30T16:22:45.442Z,gpu-3uwoq-6g3ya-1,ib_counter,rdma_vf_rail1,port_rcv_data,3.51844e+12
2026-09-30T16:22:45.442Z,gpu-3uwoq-6g3ya-1,ib_counter,rdma_vf_rail1,port_xmit_packets,1.50928e+09
2026-09-30T16:22:45.442Z,gpu-3uwoq-6g3ya-1,ib_counter,rdma_vf_rail1,port_rcv_packets,1.16889e+09
2026-09-30T16:22:45.442Z,gpu-3uwoq-6g3ya-1,ib_counter,rdma_vf_rail1,port_xmit_wait,0
2026-09-30T16:22:45.442Z,gpu-3uwoq-6g3ya-1,ib_counter,rdma_vf_rail1,port_rcv_errors,0
2026-09-30T16:22:45.442Z,gpu-3uwoq-6g3ya-1,ib_counter,rdma_vf_rail1,port_xmit_discards,0
2026-09-30T16:22:45.442Z,gpu-3uwoq-6g3ya-1,ib_counter,rdma_vf_rail1,link_downed,0
2026-09-30T16:22:45.442Z,gpu-3uwoq-6g3ya-1,ib_hw_counter,rdma_vf_rail1,out_of_sequence,7
2026-09-30T16:22:45.442Z,gpu-3uwoq-6g3ya-1,ib_hw_counter,rdma_vf_rail1,packet_seq_err,8
2026-09-30T16:22:45.442Z,gpu-3uwoq-6g3ya-1,ib_hw_counter,rdma_vf_rail1,local_ack_timeout_err,0
2026-09-30T16:22:45.442Z,gpu-3uwoq-6g3ya-1,ib_hw_counter,rdma_vf_rail1,rx_write_requests,4.73996e+08
2026-09-30T16:22:45.442Z,gpu-3uwoq-6g3ya-1,ib_hw_counter,rdma_vf_rail1,rx_read_requests,1.68838e+07
2026-09-30T16:22:45.442Z,gpu-3uwoq-6g3ya-1,ib_hw_counter,rdma_vf_rail1,req_cqe_error,0
2026-09-30T16:22:45.442Z,gpu-3uwoq-6g3ya-1,ib_hw_counter,rdma_vf_rail1,resp_cqe_error,0
2026-09-30T16:22:45.442Z,gpu-3uwoq-6g3ya-1,ib_hw_counter,rdma_vf_rail1,implied_nak_seq_err,0
2026-09-30T16:22:45.442Z,gpu-3uwoq-6g3ya-1,ib_hw_counter,rdma_vf_rail1,duplicate_request,0
2026-09-30T16:22:45.442Z,gpu-3uwoq-6g3ya-1,ib_counter,rdma_vf_rail2,port_xmit_data,5.4557e+12
2026-09-30T16:22:45.442Z,gpu-3uwoq-6g3ya-1,ib_counter,rdma_vf_rail2,port_rcv_data,3.49072e+12
2026-09-30T16:22:45.442Z,gpu-3uwoq-6g3ya-1,ib_counter,rdma_vf_rail2,port_xmit_packets,1.49548e+09
2026-09-30T16:22:45.442Z,gpu-3uwoq-6g3ya-1,ib_counter,rdma_vf_rail2,port_rcv_packets,1.15052e+09
2026-09-30T16:22:45.442Z,gpu-3uwoq-6g3ya-1,ib_counter,rdma_vf_rail2,port_xmit_wait,0
2026-09-30T16:22:45.442Z,gpu-3uwoq-6g3ya-1,ib_counter,rdma_vf_rail2,port_rcv_errors,0
2026-09-30T16:22:45.442Z,gpu-3uwoq-6g3ya-1,ib_counter,rdma_vf_rail2,port_xmit_discards,0
2026-09-30T16:22:45.442Z,gpu-3uwoq-6g3ya-1,ib_counter,rdma_vf_rail2,link_downed,0
2026-09-30T16:22:45.442Z,gpu-3uwoq-6g3ya-1,ib_hw_counter,rdma_vf_rail2,out_of_sequence,8
2026-09-30T16:22:45.442Z,gpu-3uwoq-6g3ya-1,ib_hw_counter,rdma_vf_rail2,packet_seq_err,7
2026-09-30T16:22:45.442Z,gpu-3uwoq-6g3ya-1,ib_hw_counter,rdma_vf_rail2,local_ack_timeout_err,0
2026-09-30T16:22:45.442Z,gpu-3uwoq-6g3ya-1,ib_hw_counter,rdma_vf_rail2,rx_write_requests,4.73562e+08
2026-09-30T16:22:45.442Z,gpu-3uwoq-6g3ya-1,ib_hw_counter,rdma_vf_rail2,rx_read_requests,1.66762e+07
2026-09-30T16:22:45.442Z,gpu-3uwoq-6g3ya-1,ib_hw_counter,rdma_vf_rail2,req_cqe_error,0
2026-09-30T16:22:45.442Z,gpu-3uwoq-6g3ya-1,ib_hw_counter,rdma_vf_rail2,resp_cqe_error,0
2026-09-30T16:22:45.442Z,gpu-3uwoq-6g3ya-1,ib_hw_counter,rdma_vf_rail2,implied_nak_seq_err,0
2026-09-30T16:22:45.442Z,gpu-3uwoq-6g3ya-1,ib_hw_counter,rdma_vf_rail2,duplicate_request,0
2026-09-30T16:22:45.442Z,gpu-3uwoq-6g3ya-1,ib_counter,rdma_vf_rail3,port_xmit_data,5.45593e+12
2026-09-30T16:22:45.442Z,gpu-3uwoq-6g3ya-1,ib_counter,rdma_vf_rail3,port_rcv_data,3.49051e+12
2026-09-30T16:22:45.442Z,gpu-3uwoq-6g3ya-1,ib_counter,rdma_vf_rail3,port_xmit_packets,1.49601e+09
2026-09-30T16:22:45.442Z,gpu-3uwoq-6g3ya-1,ib_counter,rdma_vf_rail3,port_rcv_packets,1.14761e+09
2026-09-30T16:22:45.442Z,gpu-3uwoq-6g3ya-1,ib_counter,rdma_vf_rail3,port_xmit_wait,0
2026-09-30T16:22:45.442Z,gpu-3uwoq-6g3ya-1,ib_counter,rdma_vf_rail3,port_rcv_errors,0
2026-09-30T16:22:45.442Z,gpu-3uwoq-6g3ya-1,ib_counter,rdma_vf_rail3,port_xmit_discards,0
2026-09-30T16:22:45.442Z,gpu-3uwoq-6g3ya-1,ib_counter,rdma_vf_rail3,link_downed,0
2026-09-30T16:22:45.442Z,gpu-3uwoq-6g3ya-1,ib_hw_counter,rdma_vf_rail3,out_of_sequence,9
2026-09-30T16:22:45.442Z,gpu-3uwoq-6g3ya-1,ib_hw_counter,rdma_vf_rail3,packet_seq_err,8
2026-09-30T16:22:45.442Z,gpu-3uwoq-6g3ya-1,ib_hw_counter,rdma_vf_rail3,local_ack_timeout_err,0
2026-09-30T16:22:45.442Z,gpu-3uwoq-6g3ya-1,ib_hw_counter,rdma_vf_rail3,rx_write_requests,4.73562e+08
2026-09-30T16:22:45.442Z,gpu-3uwoq-6g3ya-1,ib_hw_counter,rdma_vf_rail3,rx_read_requests,1.66762e+07
2026-09-30T16:22:45.442Z,gpu-3uwoq-6g3ya-1,ib_hw_counter,rdma_vf_rail3,req_cqe_error,0
2026-09-30T16:22:45.442Z,gpu-3uwoq-6g3ya-1,ib_hw_counter,rdma_vf_rail3,resp_cqe_error,0
2026-09-30T16:22:45.442Z,gpu-3uwoq-6g3ya-1,ib_hw_counter,rdma_vf_rail3,implied_nak_seq_err,0
2026-09-30T16:22:45.442Z,gpu-3uwoq-6g3ya-1,ib_hw_counter,rdma_vf_rail3,duplicate_request,0
2026-09-30T16:22:45.442Z,gpu-3uwoq-6g3ya-1,dcgm,gpu2,gpu_util,0
2026-09-30T16:22:45.442Z,gpu-3uwoq-6g3ya-1,dcgm,gpu3,gpu_util,0
2026-09-30T16:22:45.442Z,gpu-3uwoq-6g3ya-1,dcgm,gpu0,gpu_util,0
2026-09-30T16:22:45.442Z,gpu-3uwoq-6g3ya-1,dcgm,gpu1,gpu_util,0
2026-09-30T16:22:45.442Z,gpu-3uwoq-6g3ya-1,dcgm,gpu2,nvlink_bandwidth_total,0
2026-09-30T16:22:45.442Z,gpu-3uwoq-6g3ya-1,dcgm,gpu3,nvlink_bandwidth_total,0
2026-09-30T16:22:45.442Z,gpu-3uwoq-6g3ya-1,dcgm,gpu0,nvlink_bandwidth_total,0
2026-09-30T16:22:45.442Z,gpu-3uwoq-6g3ya-1,dcgm,gpu1,nvlink_bandwidth_total,0
2026-09-30T16:22:45.442Z,gpu-3uwoq-6g3ya-1,dcgm,gpu2,power_w,222.82
2026-09-30T16:22:45.442Z,gpu-3uwoq-6g3ya-1,dcgm,gpu3,power_w,227.026
2026-09-30T16:22:45.442Z,gpu-3uwoq-6g3ya-1,dcgm,gpu0,power_w,230.127
2026-09-30T16:22:45.442Z,gpu-3uwoq-6g3ya-1,dcgm,gpu1,power_w,226.521
2026-09-30T16:22:45.442Z,gpu-3uwoq-6g3ya-1,dcgm,gpu2,sm_clock_mhz,2070
2026-09-30T16:22:45.442Z,gpu-3uwoq-6g3ya-1,dcgm,gpu3,sm_clock_mhz,2070
2026-09-30T16:22:45.442Z,gpu-3uwoq-6g3ya-1,dcgm,gpu0,sm_clock_mhz,2070
2026-09-30T16:22:45.442Z,gpu-3uwoq-6g3ya-1,dcgm,gpu1,sm_clock_mhz,2070
2026-09-30T16:22:45.442Z,gpu-3uwoq-6g3ya-1,dcgm,gpu2,dram_active,0
2026-09-30T16:22:45.442Z,gpu-3uwoq-6g3ya-1,dcgm,gpu3,dram_active,0
2026-09-30T16:22:45.442Z,gpu-3uwoq-6g3ya-1,dcgm,gpu0,dram_active,0
2026-09-30T16:22:45.442Z,gpu-3uwoq-6g3ya-1,dcgm,gpu1,dram_active,0
2026-09-30T16:22:45.442Z,gpu-3uwoq-6g3ya-1,dcgm,gpu2,pcie_rx_bytes,43152
2026-09-30T16:22:45.442Z,gpu-3uwoq-6g3ya-1,dcgm,gpu3,pcie_rx_bytes,36130
2026-09-30T16:22:45.442Z,gpu-3uwoq-6g3ya-1,dcgm,gpu0,pcie_rx_bytes,50088
2026-09-30T16:22:45.442Z,gpu-3uwoq-6g3ya-1,dcgm,gpu1,pcie_rx_bytes,54948
2026-09-30T16:22:45.442Z,gpu-3uwoq-6g3ya-1,dcgm,gpu2,pcie_tx_bytes,39623
2026-09-30T16:22:45.442Z,gpu-3uwoq-6g3ya-1,dcgm,gpu3,pcie_tx_bytes,33072
2026-09-30T16:22:45.442Z,gpu-3uwoq-6g3ya-1,dcgm,gpu0,pcie_tx_bytes,46489
2026-09-30T16:22:45.442Z,gpu-3uwoq-6g3ya-1,dcgm,gpu1,pcie_tx_bytes,51404
2026-09-30T16:22:45.442Z,gpu-3uwoq-6g3ya-1,dcgm,gpu2,tensor_active,0
2026-09-30T16:22:45.442Z,gpu-3uwoq-6g3ya-1,dcgm,gpu3,tensor_active,0
2026-09-30T16:22:45.442Z,gpu-3uwoq-6g3ya-1,dcgm,gpu0,tensor_active,0
2026-09-30T16:22:45.442Z,gpu-3uwoq-6g3ya-1,dcgm,gpu1,tensor_active,0
2026-09-30T16:22:45.442Z,gpu-3uwoq-6g3ya-1,dcgm,gpu2,sm_active,0
2026-09-30T16:22:45.442Z,gpu-3uwoq-6g3ya-1,dcgm,gpu3,sm_active,0
2026-09-30T16:22:45.442Z,gpu-3uwoq-6g3ya-1,dcgm,gpu0,sm_active,0
2026-09-30T16:22:45.442Z,gpu-3uwoq-6g3ya-1,dcgm,gpu1,sm_active,0
2026-09-30T16:22:45.442Z,gpu-3uwoq-6g3ya-1,nvlink,gpu0,nvlink_rx_bytes,2.19204e+13
2026-09-30T16:22:45.442Z,gpu-3uwoq-6g3ya-1,nvlink,gpu0,nvlink_tx_bytes,2.19341e+13
2026-09-30T16:22:45.442Z,gpu-3uwoq-6g3ya-1,nvlink,gpu1,nvlink_rx_bytes,2.27892e+13
2026-09-30T16:22:45.442Z,gpu-3uwoq-6g3ya-1,nvlink,gpu1,nvlink_tx_bytes,2.28013e+13
2026-09-30T16:22:45.442Z,gpu-3uwoq-6g3ya-1,nvlink,gpu2,nvlink_rx_bytes,2.19858e+13
2026-09-30T16:22:45.442Z,gpu-3uwoq-6g3ya-1,nvlink,gpu2,nvlink_tx_bytes,2.20045e+13
2026-09-30T16:22:45.442Z,gpu-3uwoq-6g3ya-1,nvlink,gpu3,nvlink_rx_bytes,2.18839e+13
2026-09-30T16:22:45.442Z,gpu-3uwoq-6g3ya-1,nvlink,gpu3,nvlink_tx_bytes,2.19016e+13
2026-09-30T16:22:46.442Z,gpu-3uwoq-6g3ya-1,ib_counter,rdma_vf_rail0,port_xmit_data,6.27354e+12
2026-09-30T16:22:46.442Z,gpu-3uwoq-6g3ya-1,ib_counter,rdma_vf_rail0,port_rcv_data,4.31116e+12
2026-09-30T16:22:46.442Z,gpu-3uwoq-6g3ya-1,ib_counter,rdma_vf_rail0,port_xmit_packets,1.72334e+09
2026-09-30T16:22:46.442Z,gpu-3uwoq-6g3ya-1,ib_counter,rdma_vf_rail0,port_rcv_packets,1.4035e+09
2026-09-30T16:22:46.442Z,gpu-3uwoq-6g3ya-1,ib_counter,rdma_vf_rail0,port_xmit_wait,0
2026-09-30T16:22:46.442Z,gpu-3uwoq-6g3ya-1,ib_counter,rdma_vf_rail0,port_rcv_errors,0
2026-09-30T16:22:46.442Z,gpu-3uwoq-6g3ya-1,ib_counter,rdma_vf_rail0,port_xmit_discards,0
2026-09-30T16:22:46.442Z,gpu-3uwoq-6g3ya-1,ib_counter,rdma_vf_rail0,link_downed,0
2026-09-30T16:22:46.442Z,gpu-3uwoq-6g3ya-1,ib_hw_counter,rdma_vf_rail0,out_of_sequence,8
2026-09-30T16:22:46.442Z,gpu-3uwoq-6g3ya-1,ib_hw_counter,rdma_vf_rail0,packet_seq_err,9
2026-09-30T16:22:46.442Z,gpu-3uwoq-6g3ya-1,ib_hw_counter,rdma_vf_rail0,local_ack_timeout_err,0
2026-09-30T16:22:46.442Z,gpu-3uwoq-6g3ya-1,ib_hw_counter,rdma_vf_rail0,rx_write_requests,4.85746e+08
2026-09-30T16:22:46.442Z,gpu-3uwoq-6g3ya-1,ib_hw_counter,rdma_vf_rail0,rx_read_requests,2.27639e+07
2026-09-30T16:22:46.442Z,gpu-3uwoq-6g3ya-1,ib_hw_counter,rdma_vf_rail0,req_cqe_error,0
2026-09-30T16:22:46.442Z,gpu-3uwoq-6g3ya-1,ib_hw_counter,rdma_vf_rail0,resp_cqe_error,0
2026-09-30T16:22:46.442Z,gpu-3uwoq-6g3ya-1,ib_hw_counter,rdma_vf_rail0,implied_nak_seq_err,0
2026-09-30T16:22:46.442Z,gpu-3uwoq-6g3ya-1,ib_hw_counter,rdma_vf_rail0,duplicate_request,0
2026-09-30T16:22:46.442Z,gpu-3uwoq-6g3ya-1,ib_counter,rdma_vf_rail1,port_xmit_data,5.48301e+12
2026-09-30T16:22:46.442Z,gpu-3uwoq-6g3ya-1,ib_counter,rdma_vf_rail1,port_rcv_data,3.51844e+12
2026-09-30T16:22:46.442Z,gpu-3uwoq-6g3ya-1,ib_counter,rdma_vf_rail1,port_xmit_packets,1.50928e+09
2026-09-30T16:22:46.442Z,gpu-3uwoq-6g3ya-1,ib_counter,rdma_vf_rail1,port_rcv_packets,1.16889e+09
2026-09-30T16:22:46.442Z,gpu-3uwoq-6g3ya-1,ib_counter,rdma_vf_rail1,port_xmit_wait,0
2026-09-30T16:22:46.442Z,gpu-3uwoq-6g3ya-1,ib_counter,rdma_vf_rail1,port_rcv_errors,0
2026-09-30T16:22:46.442Z,gpu-3uwoq-6g3ya-1,ib_counter,rdma_vf_rail1,port_xmit_discards,0
2026-09-30T16:22:46.442Z,gpu-3uwoq-6g3ya-1,ib_counter,rdma_vf_rail1,link_downed,0
2026-09-30T16:22:46.442Z,gpu-3uwoq-6g3ya-1,ib_hw_counter,rdma_vf_rail1,out_of_sequence,7
2026-09-30T16:22:46.442Z,gpu-3uwoq-6g3ya-1,ib_hw_counter,rdma_vf_rail1,packet_seq_err,8
2026-09-30T16:22:46.442Z,gpu-3uwoq-6g3ya-1,ib_hw_counter,rdma_vf_rail1,local_ack_timeout_err,0
2026-09-30T16:22:46.442Z,gpu-3uwoq-6g3ya-1,ib_hw_counter,rdma_vf_rail1,rx_write_requests,4.73996e+08
2026-09-30T16:22:46.442Z,gpu-3uwoq-6g3ya-1,ib_hw_counter,rdma_vf_rail1,rx_read_requests,1.68838e+07
2026-09-30T16:22:46.442Z,gpu-3uwoq-6g3ya-1,ib_hw_counter,rdma_vf_rail1,req_cqe_error,0
2026-09-30T16:22:46.442Z,gpu-3uwoq-6g3ya-1,ib_hw_counter,rdma_vf_rail1,resp_cqe_error,0
2026-09-30T16:22:46.442Z,gpu-3uwoq-6g3ya-1,ib_hw_counter,rdma_vf_rail1,implied_nak_seq_err,0
2026-09-30T16:22:46.442Z,gpu-3uwoq-6g3ya-1,ib_hw_counter,rdma_vf_rail1,duplicate_request,0
2026-09-30T16:22:46.442Z,gpu-3uwoq-6g3ya-1,ib_counter,rdma_vf_rail2,port_xmit_data,5.4557e+12
2026-09-30T16:22:46.442Z,gpu-3uwoq-6g3ya-1,ib_counter,rdma_vf_rail2,port_rcv_data,3.49072e+12
2026-09-30T16:22:46.442Z,gpu-3uwoq-6g3ya-1,ib_counter,rdma_vf_rail2,port_xmit_packets,1.49548e+09
2026-09-30T16:22:46.442Z,gpu-3uwoq-6g3ya-1,ib_counter,rdma_vf_rail2,port_rcv_packets,1.15052e+09
2026-09-30T16:22:46.442Z,gpu-3uwoq-6g3ya-1,ib_counter,rdma_vf_rail2,port_xmit_wait,0
2026-09-30T16:22:46.442Z,gpu-3uwoq-6g3ya-1,ib_counter,rdma_vf_rail2,port_rcv_errors,0
2026-09-30T16:22:46.442Z,gpu-3uwoq-6g3ya-1,ib_counter,rdma_vf_rail2,port_xmit_discards,0
2026-09-30T16:22:46.442Z,gpu-3uwoq-6g3ya-1,ib_counter,rdma_vf_rail2,link_downed,0
2026-09-30T16:22:46.442Z,gpu-3uwoq-6g3ya-1,ib_hw_counter,rdma_vf_rail2,out_of_sequence,8
2026-09-30T16:22:46.442Z,gpu-3uwoq-6g3ya-1,ib_hw_counter,rdma_vf_rail2,packet_seq_err,7
2026-09-30T16:22:46.442Z,gpu-3uwoq-6g3ya-1,ib_hw_counter,rdma_vf_rail2,local_ack_timeout_err,0
2026-09-30T16:22:46.442Z,gpu-3uwoq-6g3ya-1,ib_hw_counter,rdma_vf_rail2,rx_write_requests,4.73562e+08
2026-09-30T16:22:46.442Z,gpu-3uwoq-6g3ya-1,ib_hw_counter,rdma_vf_rail2,rx_read_requests,1.66762e+07
2026-09-30T16:22:46.442Z,gpu-3uwoq-6g3ya-1,ib_hw_counter,rdma_vf_rail2,req_cqe_error,0
2026-09-30T16:22:46.442Z,gpu-3uwoq-6g3ya-1,ib_hw_counter,rdma_vf_rail2,resp_cqe_error,0
2026-09-30T16:22:46.442Z,gpu-3uwoq-6g3ya-1,ib_hw_counter,rdma_vf_rail2,implied_nak_seq_err,0
2026-09-30T16:22:46.442Z,gpu-3uwoq-6g3ya-1,ib_hw_counter,rdma_vf_rail2,duplicate_request,0
2026-09-30T16:22:46.442Z,gpu-3uwoq-6g3ya-1,ib_counter,rdma_vf_rail3,port_xmit_data,5.45593e+12
2026-09-30T16:22:46.442Z,gpu-3uwoq-6g3ya-1,ib_counter,rdma_vf_rail3,port_rcv_data,3.49051e+12
2026-09-30T16:22:46.442Z,gpu-3uwoq-6g3ya-1,ib_counter,rdma_vf_rail3,port_xmit_packets,1.49601e+09
2026-09-30T16:22:46.442Z,gpu-3uwoq-6g3ya-1,ib_counter,rdma_vf_rail3,port_rcv_packets,1.14761e+09
2026-09-30T16:22:46.442Z,gpu-3uwoq-6g3ya-1,ib_counter,rdma_vf_rail3,port_xmit_wait,0
2026-09-30T16:22:46.442Z,gpu-3uwoq-6g3ya-1,ib_counter,rdma_vf_rail3,port_rcv_errors,0
2026-09-30T16:22:46.442Z,gpu-3uwoq-6g3ya-1,ib_counter,rdma_vf_rail3,port_xmit_discards,0
2026-09-30T16:22:46.442Z,gpu-3uwoq-6g3ya-1,ib_counter,rdma_vf_rail3,link_downed,0
2026-09-30T16:22:46.442Z,gpu-3uwoq-6g3ya-1,ib_hw_counter,rdma_vf_rail3,out_of_sequence,9
2026-09-30T16:22:46.442Z,gpu-3uwoq-6g3ya-1,ib_hw_counter,rdma_vf_rail3,packet_seq_err,8
2026-09-30T16:22:46.442Z,gpu-3uwoq-6g3ya-1,ib_hw_counter,rdma_vf_rail3,local_ack_timeout_err,0
2026-09-30T16:22:46.442Z,gpu-3uwoq-6g3ya-1,ib_hw_counter,rdma_vf_rail3,rx_write_requests,4.73562e+08
2026-09-30T16:22:46.442Z,gpu-3uwoq-6g3ya-1,ib_hw_counter,rdma_vf_rail3,rx_read_requests,1.66762e+07
2026-09-30T16:22:46.442Z,gpu-3uwoq-6g3ya-1,ib_hw_counter,rdma_vf_rail3,req_cqe_error,0
2026-09-30T16:22:46.442Z,gpu-3uwoq-6g3ya-1,ib_hw_counter,rdma_vf_rail3,resp_cqe_error,0
2026-09-30T16:22:46.442Z,gpu-3uwoq-6g3ya-1,ib_hw_counter,rdma_vf_rail3,implied_nak_seq_err,0
2026-09-30T16:22:46.442Z,gpu-3uwoq-6g3ya-1,ib_hw_counter,rdma_vf_rail3,duplicate_request,0
2026-09-30T16:22:46.442Z,gpu-3uwoq-6g3ya-1,dcgm,gpu2,gpu_util,0
2026-09-30T16:22:46.442Z,gpu-3uwoq-6g3ya-1,dcgm,gpu3,gpu_util,0
2026-09-30T16:22:46.442Z,gpu-3uwoq-6g3ya-1,dcgm,gpu0,gpu_util,0
2026-09-30T16:22:46.442Z,gpu-3uwoq-6g3ya-1,dcgm,gpu1,gpu_util,0
2026-09-30T16:22:46.442Z,gpu-3uwoq-6g3ya-1,dcgm,gpu2,nvlink_bandwidth_total,0
2026-09-30T16:22:46.442Z,gpu-3uwoq-6g3ya-1,dcgm,gpu3,nvlink_bandwidth_total,0
2026-09-30T16:22:46.442Z,gpu-3uwoq-6g3ya-1,dcgm,gpu0,nvlink_bandwidth_total,0
2026-09-30T16:22:46.442Z,gpu-3uwoq-6g3ya-1,dcgm,gpu1,nvlink_bandwidth_total,0
2026-09-30T16:22:46.442Z,gpu-3uwoq-6g3ya-1,dcgm,gpu2,power_w,222.82
2026-09-30T16:22:46.442Z,gpu-3uwoq-6g3ya-1,dcgm,gpu3,power_w,227.026
2026-09-30T16:22:46.442Z,gpu-3uwoq-6g3ya-1,dcgm,gpu0,power_w,230.127
2026-09-30T16:22:46.442Z,gpu-3uwoq-6g3ya-1,dcgm,gpu1,power_w,226.521
2026-09-30T16:22:46.442Z,gpu-3uwoq-6g3ya-1,dcgm,gpu2,sm_clock_mhz,2070
2026-09-30T16:22:46.442Z,gpu-3uwoq-6g3ya-1,dcgm,gpu3,sm_clock_mhz,2070
2026-09-30T16:22:46.442Z,gpu-3uwoq-6g3ya-1,dcgm,gpu0,sm_clock_mhz,2070
2026-09-30T16:22:46.442Z,gpu-3uwoq-6g3ya-1,dcgm,gpu1,sm_clock_mhz,2070
2026-09-30T16:22:46.442Z,gpu-3uwoq-6g3ya-1,dcgm,gpu2,dram_active,0
2026-09-30T16:22:46.442Z,gpu-3uwoq-6g3ya-1,dcgm,gpu3,dram_active,0
2026-09-30T16:22:46.442Z,gpu-3uwoq-6g3ya-1,dcgm,gpu0,dram_active,0
2026-09-30T16:22:46.442Z,gpu-3uwoq-6g3ya-1,dcgm,gpu1,dram_active,0
2026-09-30T16:22:46.442Z,gpu-3uwoq-6g3ya-1,dcgm,gpu2,pcie_rx_bytes,43152
2026-09-30T16:22:46.442Z,gpu-3uwoq-6g3ya-1,dcgm,gpu3,pcie_rx_bytes,36130
2026-09-30T16:22:46.442Z,gpu-3uwoq-6g3ya-1,dcgm,gpu0,pcie_rx_bytes,50088
2026-09-30T16:22:46.442Z,gpu-3uwoq-6g3ya-1,dcgm,gpu1,pcie_rx_bytes,54948
2026-09-30T16:22:46.442Z,gpu-3uwoq-6g3ya-1,dcgm,gpu2,pcie_tx_bytes,39623
2026-09-30T16:22:46.442Z,gpu-3uwoq-6g3ya-1,dcgm,gpu3,pcie_tx_bytes,33072
2026-09-30T16:22:46.442Z,gpu-3uwoq-6g3ya-1,dcgm,gpu0,pcie_tx_bytes,46489
2026-09-30T16:22:46.442Z,gpu-3uwoq-6g3ya-1,dcgm,gpu1,pcie_tx_bytes,51404
2026-09-30T16:22:46.442Z,gpu-3uwoq-6g3ya-1,dcgm,gpu2,tensor_active,0
2026-09-30T16:22:46.442Z,gpu-3uwoq-6g3ya-1,dcgm,gpu3,tensor_active,0
2026-09-30T16:22:46.442Z,gpu-3uwoq-6g3ya-1,dcgm,gpu0,tensor_active,0
2026-09-30T16:22:46.442Z,gpu-3uwoq-6g3ya-1,dcgm,gpu1,tensor_active,0
2026-09-30T16:22:46.442Z,gpu-3uwoq-6g3ya-1,dcgm,gpu2,sm_active,0
2026-09-30T16:22:46.442Z,gpu-3uwoq-6g3ya-1,dcgm,gpu3,sm_active,0
2026-09-30T16:22:46.442Z,gpu-3uwoq-6g3ya-1,dcgm,gpu0,sm_active,0
2026-09-30T16:22:46.442Z,gpu-3uwoq-6g3ya-1,dcgm,gpu1,sm_active,0
2026-09-30T16:22:46.442Z,gpu-3uwoq-6g3ya-1,nvlink,gpu0,nvlink_rx_bytes,2.19204e+13
2026-09-30T16:22:46.442Z,gpu-3uwoq-6g3ya-1,nvlink,gpu0,nvlink_tx_bytes,2.19341e+13
2026-09-30T16:22:46.442Z,gpu-3uwoq-6g3ya-1,nvlink,gpu1,nvlink_rx_bytes,2.27892e+13
2026-09-30T16:22:46.442Z,gpu-3uwoq-6g3ya-1,nvlink,gpu1,nvlink_tx_bytes,2.28013e+13
2026-09-30T16:22:46.442Z,gpu-3uwoq-6g3ya-1,nvlink,gpu2,nvlink_rx_bytes,2.19858e+13
2026-09-30T16:22:46.442Z,gpu-3uwoq-6g3ya-1,nvlink,gpu2,nvlink_tx_bytes,2.20045e+13
2026-09-30T16:22:46.442Z,gpu-3uwoq-6g3ya-1,nvlink,gpu3,nvlink_rx_bytes,2.18839e+13
2026-09-30T16:22:46.442Z,gpu-3uwoq-6g3ya-1,nvlink,gpu3,nvlink_tx_bytes,2.19016e+13
2026-09-30T16:22:47.442Z,gpu-3uwoq-6g3ya-1,ib_counter,rdma_vf_rail0,port_xmit_data,6.27354e+12
2026-09-30T16:22:47.442Z,gpu-3uwoq-6g3ya-1,ib_counter,rdma_vf_rail0,port_rcv_data,4.31116e+12
2026-09-30T16:22:47.442Z,gpu-3uwoq-6g3ya-1,ib_counter,rdma_vf_rail0,port_xmit_packets,1.72334e+09
2026-09-30T16:22:47.442Z,gpu-3uwoq-6g3ya-1,ib_counter,rdma_vf_rail0,port_rcv_packets,1.4035e+09
2026-09-30T16:22:47.442Z,gpu-3uwoq-6g3ya-1,ib_counter,rdma_vf_rail0,port_xmit_wait,0
2026-09-30T16:22:47.442Z,gpu-3uwoq-6g3ya-1,ib_counter,rdma_vf_rail0,port_rcv_errors,0
2026-09-30T16:22:47.442Z,gpu-3uwoq-6g3ya-1,ib_counter,rdma_vf_rail0,port_xmit_discards,0
2026-09-30T16:22:47.442Z,gpu-3uwoq-6g3ya-1,ib_counter,rdma_vf_rail0,link_downed,0
2026-09-30T16:22:47.442Z,gpu-3uwoq-6g3ya-1,ib_hw_counter,rdma_vf_rail0,out_of_sequence,8
2026-09-30T16:22:47.442Z,gpu-3uwoq-6g3ya-1,ib_hw_counter,rdma_vf_rail0,packet_seq_err,9
2026-09-30T16:22:47.442Z,gpu-3uwoq-6g3ya-1,ib_hw_counter,rdma_vf_rail0,local_ack_timeout_err,0
2026-09-30T16:22:47.442Z,gpu-3uwoq-6g3ya-1,ib_hw_counter,rdma_vf_rail0,rx_write_requests,4.85746e+08
2026-09-30T16:22:47.442Z,gpu-3uwoq-6g3ya-1,ib_hw_counter,rdma_vf_rail0,rx_read_requests,2.27639e+07
2026-09-30T16:22:47.442Z,gpu-3uwoq-6g3ya-1,ib_hw_counter,rdma_vf_rail0,req_cqe_error,0
2026-09-30T16:22:47.442Z,gpu-3uwoq-6g3ya-1,ib_hw_counter,rdma_vf_rail0,resp_cqe_error,0
2026-09-30T16:22:47.442Z,gpu-3uwoq-6g3ya-1,ib_hw_counter,rdma_vf_rail0,implied_nak_seq_err,0
2026-09-30T16:22:47.442Z,gpu-3uwoq-6g3ya-1,ib_hw_counter,rdma_vf_rail0,duplicate_request,0
2026-09-30T16:22:47.442Z,gpu-3uwoq-6g3ya-1,ib_counter,rdma_vf_rail1,port_xmit_data,5.48301e+12
2026-09-30T16:22:47.442Z,gpu-3uwoq-6g3ya-1,ib_counter,rdma_vf_rail1,port_rcv_data,3.51844e+12
2026-09-30T16:22:47.442Z,gpu-3uwoq-6g3ya-1,ib_counter,rdma_vf_rail1,port_xmit_packets,1.50928e+09
2026-09-30T16:22:47.442Z,gpu-3uwoq-6g3ya-1,ib_counter,rdma_vf_rail1,port_rcv_packets,1.16889e+09
2026-09-30T16:22:47.442Z,gpu-3uwoq-6g3ya-1,ib_counter,rdma_vf_rail1,port_xmit_wait,0
2026-09-30T16:22:47.442Z,gpu-3uwoq-6g3ya-1,ib_counter,rdma_vf_rail1,port_rcv_errors,0
2026-09-30T16:22:47.442Z,gpu-3uwoq-6g3ya-1,ib_counter,rdma_vf_rail1,port_xmit_discards,0
2026-09-30T16:22:47.442Z,gpu-3uwoq-6g3ya-1,ib_counter,rdma_vf_rail1,link_downed,0
2026-09-30T16:22:47.442Z,gpu-3uwoq-6g3ya-1,ib_hw_counter,rdma_vf_rail1,out_of_sequence,7
2026-09-30T16:22:47.442Z,gpu-3uwoq-6g3ya-1,ib_hw_counter,rdma_vf_rail1,packet_seq_err,8
2026-09-30T16:22:47.442Z,gpu-3uwoq-6g3ya-1,ib_hw_counter,rdma_vf_rail1,local_ack_timeout_err,0
2026-09-30T16:22:47.442Z,gpu-3uwoq-6g3ya-1,ib_hw_counter,rdma_vf_rail1,rx_write_requests,4.73996e+08
2026-09-30T16:22:47.442Z,gpu-3uwoq-6g3ya-1,ib_hw_counter,rdma_vf_rail1,rx_read_requests,1.68838e+07
2026-09-30T16:22:47.442Z,gpu-3uwoq-6g3ya-1,ib_hw_counter,rdma_vf_rail1,req_cqe_error,0
2026-09-30T16:22:47.442Z,gpu-3uwoq-6g3ya-1,ib_hw_counter,rdma_vf_rail1,resp_cqe_error,0
2026-09-30T16:22:47.442Z,gpu-3uwoq-6g3ya-1,ib_hw_counter,rdma_vf_rail1,implied_nak_seq_err,0
2026-09-30T16:22:47.442Z,gpu-3uwoq-6g3ya-1,ib_hw_counter,rdma_vf_rail1,duplicate_request,0
2026-09-30T16:22:47.442Z,gpu-3uwoq-6g3ya-1,ib_counter,rdma_vf_rail2,port_xmit_data,5.4557e+12
2026-09-30T16:22:47.442Z,gpu-3uwoq-6g3ya-1,ib_counter,rdma_vf_rail2,port_rcv_data,3.49072e+12
2026-09-30T16:22:47.442Z,gpu-3uwoq-6g3ya-1,ib_counter,rdma_vf_rail2,port_xmit_packets,1.49548e+09
2026-09-30T16:22:47.442Z,gpu-3uwoq-6g3ya-1,ib_counter,rdma_vf_rail2,port_rcv_packets,1.15052e+09
2026-09-30T16:22:47.442Z,gpu-3uwoq-6g3ya-1,ib_counter,rdma_vf_rail2,port_xmit_wait,0
2026-09-30T16:22:47.442Z,gpu-3uwoq-6g3ya-1,ib_counter,rdma_vf_rail2,port_rcv_errors,0
2026-09-30T16:22:47.442Z,gpu-3uwoq-6g3ya-1,ib_counter,rdma_vf_rail2,port_xmit_discards,0
2026-09-30T16:22:47.442Z,gpu-3uwoq-6g3ya-1,ib_counter,rdma_vf_rail2,link_downed,0
2026-09-30T16:22:47.442Z,gpu-3uwoq-6g3ya-1,ib_hw_counter,rdma_vf_rail2,out_of_sequence,8
2026-09-30T16:22:47.442Z,gpu-3uwoq-6g3ya-1,ib_hw_counter,rdma_vf_rail2,packet_seq_err,7
2026-09-30T16:22:47.442Z,gpu-3uwoq-6g3ya-1,ib_hw_counter,rdma_vf_rail2,local_ack_timeout_err,0
2026-09-30T16:22:47.442Z,gpu-3uwoq-6g3ya-1,ib_hw_counter,rdma_vf_rail2,rx_write_requests,4.73562e+08
2026-09-30T16:22:47.442Z,gpu-3uwoq-6g3ya-1,ib_hw_counter,rdma_vf_rail2,rx_read_requests,1.66762e+07
2026-09-30T16:22:47.442Z,gpu-3uwoq-6g3ya-1,ib_hw_counter,rdma_vf_rail2,req_cqe_error,0
2026-09-30T16:22:47.442Z,gpu-3uwoq-6g3ya-1,ib_hw_counter,rdma_vf_rail2,resp_cqe_error,0
2026-09-30T16:22:47.442Z,gpu-3uwoq-6g3ya-1,ib_hw_counter,rdma_vf_rail2,implied_nak_seq_err,0
2026-09-30T16:22:47.442Z,gpu-3uwoq-6g3ya-1,ib_hw_counter,rdma_vf_rail2,duplicate_request,0
2026-09-30T16:22:47.442Z,gpu-3uwoq-6g3ya-1,ib_counter,rdma_vf_rail3,port_xmit_data,5.45593e+12
2026-09-30T16:22:47.442Z,gpu-3uwoq-6g3ya-1,ib_counter,rdma_vf_rail3,port_rcv_data,3.49051e+12
2026-09-30T16:22:47.442Z,gpu-3uwoq-6g3ya-1,ib_counter,rdma_vf_rail3,port_xmit_packets,1.49601e+09
2026-09-30T16:22:47.442Z,gpu-3uwoq-6g3ya-1,ib_counter,rdma_vf_rail3,port_rcv_packets,1.14761e+09
2026-09-30T16:22:47.442Z,gpu-3uwoq-6g3ya-1,ib_counter,rdma_vf_rail3,port_xmit_wait,0
2026-09-30T16:22:47.442Z,gpu-3uwoq-6g3ya-1,ib_counter,rdma_vf_rail3,port_rcv_errors,0
2026-09-30T16:22:47.442Z,gpu-3uwoq-6g3ya-1,ib_counter,rdma_vf_rail3,port_xmit_discards,0
2026-09-30T16:22:47.442Z,gpu-3uwoq-6g3ya-1,ib_counter,rdma_vf_rail3,link_downed,0
2026-09-30T16:22:47.442Z,gpu-3uwoq-6g3ya-1,ib_hw_counter,rdma_vf_rail3,out_of_sequence,9
2026-09-30T16:22:47.442Z,gpu-3uwoq-6g3ya-1,ib_hw_counter,rdma_vf_rail3,packet_seq_err,8
2026-09-30T16:22:47.442Z,gpu-3uwoq-6g3ya-1,ib_hw_counter,rdma_vf_rail3,local_ack_timeout_err,0
2026-09-30T16:22:47.442Z,gpu-3uwoq-6g3ya-1,ib_hw_counter,rdma_vf_rail3,rx_write_requests,4.73562e+08
2026-09-30T16:22:47.442Z,gpu-3uwoq-6g3ya-1,ib_hw_counter,rdma_vf_rail3,rx_read_requests,1.66762e+07
2026-09-30T16:22:47.442Z,gpu-3uwoq-6g3ya-1,ib_hw_counter,rdma_vf_rail3,req_cqe_error,0
2026-09-30T16:22:47.442Z,gpu-3uwoq-6g3ya-1,ib_hw_counter,rdma_vf_rail3,resp_cqe_error,0
2026-09-30T16:22:47.442Z,gpu-3uwoq-6g3ya-1,ib_hw_counter,rdma_vf_rail3,implied_nak_seq_err,0
2026-09-30T16:22:47.442Z,gpu-3uwoq-6g3ya-1,ib_hw_counter,rdma_vf_rail3,duplicate_request,0
2026-09-30T16:22:47.442Z,gpu-3uwoq-6g3ya-1,dcgm,gpu2,gpu_util,0
2026-09-30T16:22:47.442Z,gpu-3uwoq-6g3ya-1,dcgm,gpu3,gpu_util,0
2026-09-30T16:22:47.442Z,gpu-3uwoq-6g3ya-1,dcgm,gpu0,gpu_util,0
2026-09-30T16:22:47.442Z,gpu-3uwoq-6g3ya-1,dcgm,gpu1,gpu_util,0
2026-09-30T16:22:47.442Z,gpu-3uwoq-6g3ya-1,dcgm,gpu2,nvlink_bandwidth_total,0
2026-09-30T16:22:47.442Z,gpu-3uwoq-6g3ya-1,dcgm,gpu3,nvlink_bandwidth_total,0
2026-09-30T16:22:47.442Z,gpu-3uwoq-6g3ya-1,dcgm,gpu0,nvlink_bandwidth_total,0
2026-09-30T16:22:47.442Z,gpu-3uwoq-6g3ya-1,dcgm,gpu1,nvlink_bandwidth_total,0
2026-09-30T16:22:47.442Z,gpu-3uwoq-6g3ya-1,dcgm,gpu2,power_w,222.82
2026-09-30T16:22:47.442Z,gpu-3uwoq-6g3ya-1,dcgm,gpu3,power_w,227.026
2026-09-30T16:22:47.442Z,gpu-3uwoq-6g3ya-1,dcgm,gpu0,power_w,230.127
2026-09-30T16:22:47.442Z,gpu-3uwoq-6g3ya-1,dcgm,gpu1,power_w,226.521
2026-09-30T16:22:47.442Z,gpu-3uwoq-6g3ya-1,dcgm,gpu2,sm_clock_mhz,2070
2026-09-30T16:22:47.442Z,gpu-3uwoq-6g3ya-1,dcgm,gpu3,sm_clock_mhz,2070
2026-09-30T16:22:47.442Z,gpu-3uwoq-6g3ya-1,dcgm,gpu0,sm_clock_mhz,2070
2026-09-30T16:22:47.442Z,gpu-3uwoq-6g3ya-1,dcgm,gpu1,sm_clock_mhz,2070
2026-09-30T16:22:47.442Z,gpu-3uwoq-6g3ya-1,dcgm,gpu2,dram_active,0
2026-09-30T16:22:47.442Z,gpu-3uwoq-6g3ya-1,dcgm,gpu3,dram_active,0
2026-09-30T16:22:47.442Z,gpu-3uwoq-6g3ya-1,dcgm,gpu0,dram_active,0
2026-09-30T16:22:47.442Z,gpu-3uwoq-6g3ya-1,dcgm,gpu1,dram_active,0
2026-09-30T16:22:47.442Z,gpu-3uwoq-6g3ya-1,dcgm,gpu2,pcie_rx_bytes,43152
2026-09-30T16:22:47.442Z,gpu-3uwoq-6g3ya-1,dcgm,gpu3,pcie_rx_bytes,36130
2026-09-30T16:22:47.442Z,gpu-3uwoq-6g3ya-1,dcgm,gpu0,pcie_rx_bytes,50088
2026-09-30T16:22:47.442Z,gpu-3uwoq-6g3ya-1,dcgm,gpu1,pcie_rx_bytes,54948
2026-09-30T16:22:47.442Z,gpu-3uwoq-6g3ya-1,dcgm,gpu2,pcie_tx_bytes,39623
2026-09-30T16:22:47.442Z,gpu-3uwoq-6g3ya-1,dcgm,gpu3,pcie_tx_bytes,33072
2026-09-30T16:22:47.442Z,gpu-3uwoq-6g3ya-1,dcgm,gpu0,pcie_tx_bytes,46489
2026-09-30T16:22:47.442Z,gpu-3uwoq-6g3ya-1,dcgm,gpu1,pcie_tx_bytes,51404
2026-09-30T16:22:47.442Z,gpu-3uwoq-6g3ya-1,dcgm,gpu2,tensor_active,0
2026-09-30T16:22:47.442Z,gpu-3uwoq-6g3ya-1,dcgm,gpu3,tensor_active,0
2026-09-30T16:22:47.442Z,gpu-3uwoq-6g3ya-1,dcgm,gpu0,tensor_active,0
2026-09-30T16:22:47.442Z,gpu-3uwoq-6g3ya-1,dcgm,gpu1,tensor_active,0
2026-09-30T16:22:47.442Z,gpu-3uwoq-6g3ya-1,dcgm,gpu2,sm_active,0
2026-09-30T16:22:47.442Z,gpu-3uwoq-6g3ya-1,dcgm,gpu3,sm_active,0
2026-09-30T16:22:47.442Z,gpu-3uwoq-6g3ya-1,dcgm,gpu0,sm_active,0
2026-09-30T16:22:47.442Z,gpu-3uwoq-6g3ya-1,dcgm,gpu1,sm_active,0
2026-09-30T16:22:47.442Z,gpu-3uwoq-6g3ya-1,nvlink,gpu0,nvlink_rx_bytes,2.19204e+13
2026-09-30T16:22:47.442Z,gpu-3uwoq-6g3ya-1,nvlink,gpu0,nvlink_tx_bytes,2.19341e+13
2026-09-30T16:22:47.442Z,gpu-3uwoq-6g3ya-1,nvlink,gpu1,nvlink_rx_bytes,2.27892e+13
2026-09-30T16:22:47.442Z,gpu-3uwoq-6g3ya-1,nvlink,gpu1,nvlink_tx_bytes,2.28013e+13
2026-09-30T16:22:47.442Z,gpu-3uwoq-6g3ya-1,nvlink,gpu2,nvlink_rx_bytes,2.19858e+13
2026-09-30T16:22:47.442Z,gpu-3uwoq-6g3ya-1,nvlink,gpu2,nvlink_tx_bytes,2.20045e+13
2026-09-30T16:22:47.442Z,gpu-3uwoq-6g3ya-1,nvlink,gpu3,nvlink_rx_bytes,2.18839e+13
2026-09-30T16:22:47.442Z,gpu-3uwoq-6g3ya-1,nvlink,gpu3,nvlink_tx_bytes,2.19016e+13
2026-09-30T16:22:48.442Z,gpu-3uwoq-6g3ya-1,ib_counter,rdma_vf_rail0,port_xmit_data,6.27354e+12
2026-09-30T16:22:48.442Z,gpu-3uwoq-6g3ya-1,ib_counter,rdma_vf_rail0,port_rcv_data,4.31116e+12
2026-09-30T16:22:48.442Z,gpu-3uwoq-6g3ya-1,ib_counter,rdma_vf_rail0,port_xmit_packets,1.72334e+09
2026-09-30T16:22:48.442Z,gpu-3uwoq-6g3ya-1,ib_counter,rdma_vf_rail0,port_rcv_packets,1.4035e+09
2026-09-30T16:22:48.442Z,gpu-3uwoq-6g3ya-1,ib_counter,rdma_vf_rail0,port_xmit_wait,0
2026-09-30T16:22:48.442Z,gpu-3uwoq-6g3ya-1,ib_counter,rdma_vf_rail0,port_rcv_errors,0
2026-09-30T16:22:48.442Z,gpu-3uwoq-6g3ya-1,ib_counter,rdma_vf_rail0,port_xmit_discards,0
2026-09-30T16:22:48.442Z,gpu-3uwoq-6g3ya-1,ib_counter,rdma_vf_rail0,link_downed,0
2026-09-30T16:22:48.442Z,gpu-3uwoq-6g3ya-1,ib_hw_counter,rdma_vf_rail0,out_of_sequence,8
2026-09-30T16:22:48.442Z,gpu-3uwoq-6g3ya-1,ib_hw_counter,rdma_vf_rail0,packet_seq_err,9
2026-09-30T16:22:48.442Z,gpu-3uwoq-6g3ya-1,ib_hw_counter,rdma_vf_rail0,local_ack_timeout_err,0
2026-09-30T16:22:48.442Z,gpu-3uwoq-6g3ya-1,ib_hw_counter,rdma_vf_rail0,rx_write_requests,4.85746e+08
2026-09-30T16:22:48.442Z,gpu-3uwoq-6g3ya-1,ib_hw_counter,rdma_vf_rail0,rx_read_requests,2.27639e+07
2026-09-30T16:22:48.442Z,gpu-3uwoq-6g3ya-1,ib_hw_counter,rdma_vf_rail0,req_cqe_error,0
2026-09-30T16:22:48.442Z,gpu-3uwoq-6g3ya-1,ib_hw_counter,rdma_vf_rail0,resp_cqe_error,0
2026-09-30T16:22:48.442Z,gpu-3uwoq-6g3ya-1,ib_hw_counter,rdma_vf_rail0,implied_nak_seq_err,0
2026-09-30T16:22:48.442Z,gpu-3uwoq-6g3ya-1,ib_hw_counter,rdma_vf_rail0,duplicate_request,0
2026-09-30T16:22:48.442Z,gpu-3uwoq-6g3ya-1,ib_counter,rdma_vf_rail1,port_xmit_data,5.48301e+12
2026-09-30T16:22:48.442Z,gpu-3uwoq-6g3ya-1,ib_counter,rdma_vf_rail1,port_rcv_data,3.51844e+12
2026-09-30T16:22:48.442Z,gpu-3uwoq-6g3ya-1,ib_counter,rdma_vf_rail1,port_xmit_packets,1.50928e+09
2026-09-30T16:22:48.442Z,gpu-3uwoq-6g3ya-1,ib_counter,rdma_vf_rail1,port_rcv_packets,1.16889e+09
2026-09-30T16:22:48.442Z,gpu-3uwoq-6g3ya-1,ib_counter,rdma_vf_rail1,port_xmit_wait,0
2026-09-30T16:22:48.442Z,gpu-3uwoq-6g3ya-1,ib_counter,rdma_vf_rail1,port_rcv_errors,0
2026-09-30T16:22:48.442Z,gpu-3uwoq-6g3ya-1,ib_counter,rdma_vf_rail1,port_xmit_discards,0
2026-09-30T16:22:48.442Z,gpu-3uwoq-6g3ya-1,ib_counter,rdma_vf_rail1,link_downed,0
2026-09-30T16:22:48.442Z,gpu-3uwoq-6g3ya-1,ib_hw_counter,rdma_vf_rail1,out_of_sequence,7
2026-09-30T16:22:48.442Z,gpu-3uwoq-6g3ya-1,ib_hw_counter,rdma_vf_rail1,packet_seq_err,8
2026-09-30T16:22:48.442Z,gpu-3uwoq-6g3ya-1,ib_hw_counter,rdma_vf_rail1,local_ack_timeout_err,0
2026-09-30T16:22:48.442Z,gpu-3uwoq-6g3ya-1,ib_hw_counter,rdma_vf_rail1,rx_write_requests,4.73996e+08
2026-09-30T16:22:48.442Z,gpu-3uwoq-6g3ya-1,ib_hw_counter,rdma_vf_rail1,rx_read_requests,1.68838e+07
2026-09-30T16:22:48.442Z,gpu-3uwoq-6g3ya-1,ib_hw_counter,rdma_vf_rail1,req_cqe_error,0
2026-09-30T16:22:48.442Z,gpu-3uwoq-6g3ya-1,ib_hw_counter,rdma_vf_rail1,resp_cqe_error,0
2026-09-30T16:22:48.442Z,gpu-3uwoq-6g3ya-1,ib_hw_counter,rdma_vf_rail1,implied_nak_seq_err,0
2026-09-30T16:22:48.442Z,gpu-3uwoq-6g3ya-1,ib_hw_counter,rdma_vf_rail1,duplicate_request,0
2026-09-30T16:22:48.442Z,gpu-3uwoq-6g3ya-1,ib_counter,rdma_vf_rail2,port_xmit_data,5.4557e+12
2026-09-30T16:22:48.442Z,gpu-3uwoq-6g3ya-1,ib_counter,rdma_vf_rail2,port_rcv_data,3.49072e+12
2026-09-30T16:22:48.442Z,gpu-3uwoq-6g3ya-1,ib_counter,rdma_vf_rail2,port_xmit_packets,1.49548e+09
2026-09-30T16:22:48.442Z,gpu-3uwoq-6g3ya-1,ib_counter,rdma_vf_rail2,port_rcv_packets,1.15052e+09
2026-09-30T16:22:48.442Z,gpu-3uwoq-6g3ya-1,ib_counter,rdma_vf_rail2,port_xmit_wait,0
2026-09-30T16:22:48.442Z,gpu-3uwoq-6g3ya-1,ib_counter,rdma_vf_rail2,port_rcv_errors,0
2026-09-30T16:22:48.442Z,gpu-3uwoq-6g3ya-1,ib_counter,rdma_vf_rail2,port_xmit_discards,0
2026-09-30T16:22:48.442Z,gpu-3uwoq-6g3ya-1,ib_counter,rdma_vf_rail2,link_downed,0
2026-09-30T16:22:48.442Z,gpu-3uwoq-6g3ya-1,ib_hw_counter,rdma_vf_rail2,out_of_sequence,8
2026-09-30T16:22:48.442Z,gpu-3uwoq-6g3ya-1,ib_hw_counter,rdma_vf_rail2,packet_seq_err,7
2026-09-30T16:22:48.442Z,gpu-3uwoq-6g3ya-1,ib_hw_counter,rdma_vf_rail2,local_ack_timeout_err,0
2026-09-30T16:22:48.442Z,gpu-3uwoq-6g3ya-1,ib_hw_counter,rdma_vf_rail2,rx_write_requests,4.73562e+08
2026-09-30T16:22:48.442Z,gpu-3uwoq-6g3ya-1,ib_hw_counter,rdma_vf_rail2,rx_read_requests,1.66762e+07
2026-09-30T16:22:48.442Z,gpu-3uwoq-6g3ya-1,ib_hw_counter,rdma_vf_rail2,req_cqe_error,0
2026-09-30T16:22:48.442Z,gpu-3uwoq-6g3ya-1,ib_hw_counter,rdma_vf_rail2,resp_cqe_error,0
2026-09-30T16:22:48.442Z,gpu-3uwoq-6g3ya-1,ib_hw_counter,rdma_vf_rail2,implied_nak_seq_err,0
2026-09-30T16:22:48.442Z,gpu-3uwoq-6g3ya-1,ib_hw_counter,rdma_vf_rail2,duplicate_request,0
2026-09-30T16:22:48.442Z,gpu-3uwoq-6g3ya-1,ib_counter,rdma_vf_rail3,port_xmit_data,5.45593e+12
2026-09-30T16:22:48.442Z,gpu-3uwoq-6g3ya-1,ib_counter,rdma_vf_rail3,port_rcv_data,3.49051e+12
2026-09-30T16:22:48.442Z,gpu-3uwoq-6g3ya-1,ib_counter,rdma_vf_rail3,port_xmit_packets,1.49601e+09
2026-09-30T16:22:48.442Z,gpu-3uwoq-6g3ya-1,ib_counter,rdma_vf_rail3,port_rcv_packets,1.14761e+09
2026-09-30T16:22:48.442Z,gpu-3uwoq-6g3ya-1,ib_counter,rdma_vf_rail3,port_xmit_wait,0
2026-09-30T16:22:48.442Z,gpu-3uwoq-6g3ya-1,ib_counter,rdma_vf_rail3,port_rcv_errors,0
2026-09-30T16:22:48.442Z,gpu-3uwoq-6g3ya-1,ib_counter,rdma_vf_rail3,port_xmit_discards,0
2026-09-30T16:22:48.442Z,gpu-3uwoq-6g3ya-1,ib_counter,rdma_vf_rail3,link_downed,0
2026-09-30T16:22:48.442Z,gpu-3uwoq-6g3ya-1,ib_hw_counter,rdma_vf_rail3,out_of_sequence,9
2026-09-30T16:22:48.442Z,gpu-3uwoq-6g3ya-1,ib_hw_counter,rdma_vf_rail3,packet_seq_err,8
2026-09-30T16:22:48.442Z,gpu-3uwoq-6g3ya-1,ib_hw_counter,rdma_vf_rail3,local_ack_timeout_err,0
2026-09-30T16:22:48.442Z,gpu-3uwoq-6g3ya-1,ib_hw_counter,rdma_vf_rail3,rx_write_requests,4.73562e+08
2026-09-30T16:22:48.442Z,gpu-3uwoq-6g3ya-1,ib_hw_counter,rdma_vf_rail3,rx_read_requests,1.66762e+07
2026-09-30T16:22:48.442Z,gpu-3uwoq-6g3ya-1,ib_hw_counter,rdma_vf_rail3,req_cqe_error,0
2026-09-30T16:22:48.442Z,gpu-3uwoq-6g3ya-1,ib_hw_counter,rdma_vf_rail3,resp_cqe_error,0
2026-09-30T16:22:48.442Z,gpu-3uwoq-6g3ya-1,ib_hw_counter,rdma_vf_rail3,implied_nak_seq_err,0
2026-09-30T16:22:48.442Z,gpu-3uwoq-6g3ya-1,ib_hw_counter,rdma_vf_rail3,duplicate_request,0
2026-09-30T16:22:48.442Z,gpu-3uwoq-6g3ya-1,dcgm,gpu2,gpu_util,0
2026-09-30T16:22:48.442Z,gpu-3uwoq-6g3ya-1,dcgm,gpu3,gpu_util,0
2026-09-30T16:22:48.442Z,gpu-3uwoq-6g3ya-1,dcgm,gpu0,gpu_util,0
2026-09-30T16:22:48.442Z,gpu-3uwoq-6g3ya-1,dcgm,gpu1,gpu_util,0
2026-09-30T16:22:48.442Z,gpu-3uwoq-6g3ya-1,dcgm,gpu2,nvlink_bandwidth_total,0
2026-09-30T16:22:48.442Z,gpu-3uwoq-6g3ya-1,dcgm,gpu3,nvlink_bandwidth_total,0
2026-09-30T16:22:48.442Z,gpu-3uwoq-6g3ya-1,dcgm,gpu0,nvlink_bandwidth_total,0
2026-09-30T16:22:48.442Z,gpu-3uwoq-6g3ya-1,dcgm,gpu1,nvlink_bandwidth_total,0
2026-09-30T16:22:48.442Z,gpu-3uwoq-6g3ya-1,dcgm,gpu2,power_w,222.82
2026-09-30T16:22:48.442Z,gpu-3uwoq-6g3ya-1,dcgm,gpu3,power_w,227.026
2026-09-30T16:22:48.442Z,gpu-3uwoq-6g3ya-1,dcgm,gpu0,power_w,230.127
2026-09-30T16:22:48.442Z,gpu-3uwoq-6g3ya-1,dcgm,gpu1,power_w,226.521
2026-09-30T16:22:48.442Z,gpu-3uwoq-6g3ya-1,dcgm,gpu2,sm_clock_mhz,2070
2026-09-30T16:22:48.442Z,gpu-3uwoq-6g3ya-1,dcgm,gpu3,sm_clock_mhz,2070
2026-09-30T16:22:48.442Z,gpu-3uwoq-6g3ya-1,dcgm,gpu0,sm_clock_mhz,2070
2026-09-30T16:22:48.442Z,gpu-3uwoq-6g3ya-1,dcgm,gpu1,sm_clock_mhz,2070
2026-09-30T16:22:48.442Z,gpu-3uwoq-6g3ya-1,dcgm,gpu2,dram_active,0
2026-09-30T16:22:48.442Z,gpu-3uwoq-6g3ya-1,dcgm,gpu3,dram_active,0
2026-09-30T16:22:48.442Z,gpu-3uwoq-6g3ya-1,dcgm,gpu0,dram_active,0
2026-09-30T16:22:48.442Z,gpu-3uwoq-6g3ya-1,dcgm,gpu1,dram_active,0
2026-09-30T16:22:48.442Z,gpu-3uwoq-6g3ya-1,dcgm,gpu2,pcie_rx_bytes,43152
2026-09-30T16:22:48.442Z,gpu-3uwoq-6g3ya-1,dcgm,gpu3,pcie_rx_bytes,36130
2026-09-30T16:22:48.442Z,gpu-3uwoq-6g3ya-1,dcgm,gpu0,pcie_rx_bytes,50088
2026-09-30T16:22:48.442Z,gpu-3uwoq-6g3ya-1,dcgm,gpu1,pcie_rx_bytes,54948
2026-09-30T16:22:48.442Z,gpu-3uwoq-6g3ya-1,dcgm,gpu2,pcie_tx_bytes,39623
2026-09-30T16:22:48.442Z,gpu-3uwoq-6g3ya-1,dcgm,gpu3,pcie_tx_bytes,33072
2026-09-30T16:22:48.442Z,gpu-3uwoq-6g3ya-1,dcgm,gpu0,pcie_tx_bytes,46489
2026-09-30T16:22:48.442Z,gpu-3uwoq-6g3ya-1,dcgm,gpu1,pcie_tx_bytes,51404
2026-09-30T16:22:48.442Z,gpu-3uwoq-6g3ya-1,dcgm,gpu2,tensor_active,0
2026-09-30T16:22:48.442Z,gpu-3uwoq-6g3ya-1,dcgm,gpu3,tensor_active,0
2026-09-30T16:22:48.442Z,gpu-3uwoq-6g3ya-1,dcgm,gpu0,tensor_active,0
2026-09-30T16:22:48.442Z,gpu-3uwoq-6g3ya-1,dcgm,gpu1,tensor_active,0
2026-09-30T16:22:48.442Z,gpu-3uwoq-6g3ya-1,dcgm,gpu2,sm_active,0
2026-09-30T16:22:48.442Z,gpu-3uwoq-6g3ya-1,dcgm,gpu3,sm_active,0
2026-09-30T16:22:48.442Z,gpu-3uwoq-6g3ya-1,dcgm,gpu0,sm_active,0
2026-09-30T16:22:48.442Z,gpu-3uwoq-6g3ya-1,dcgm,gpu1,sm_active,0
2026-09-30T16:22:48.442Z,gpu-3uwoq-6g3ya-1,nvlink,gpu0,nvlink_rx_bytes,2.19204e+13
2026-09-30T16:22:48.442Z,gpu-3uwoq-6g3ya-1,nvlink,gpu0,nvlink_tx_bytes,2.19341e+13
2026-09-30T16:22:48.442Z,gpu-3uwoq-6g3ya-1,nvlink,gpu1,nvlink_rx_bytes,2.27892e+13
2026-09-30T16:22:48.442Z,gpu-3uwoq-6g3ya-1,nvlink,gpu1,nvlink_tx_bytes,2.28013e+13
2026-09-30T16:22:48.442Z,gpu-3uwoq-6g3ya-1,nvlink,gpu2,nvlink_rx_bytes,2.19858e+13
2026-09-30T16:22:48.442Z,gpu-3uwoq-6g3ya-1,nvlink,gpu2,nvlink_tx_bytes,2.20045e+13
2026-09-30T16:22:48.442Z,gpu-3uwoq-6g3ya-1,nvlink,gpu3,nvlink_rx_bytes,2.18839e+13
2026-09-30T16:22:48.442Z,gpu-3uwoq-6g3ya-1,nvlink,gpu3,nvlink_tx_bytes,2.19016e+13
2026-09-30T16:22:49.442Z,gpu-3uwoq-6g3ya-1,ib_counter,rdma_vf_rail0,port_xmit_data,6.27354e+12
2026-09-30T16:22:49.442Z,gpu-3uwoq-6g3ya-1,ib_counter,rdma_vf_rail0,port_rcv_data,4.31116e+12
2026-09-30T16:22:49.442Z,gpu-3uwoq-6g3ya-1,ib_counter,rdma_vf_rail0,port_xmit_packets,1.72334e+09
2026-09-30T16:22:49.442Z,gpu-3uwoq-6g3ya-1,ib_counter,rdma_vf_rail0,port_rcv_packets,1.4035e+09
2026-09-30T16:22:49.442Z,gpu-3uwoq-6g3ya-1,ib_counter,rdma_vf_rail0,port_xmit_wait,0
2026-09-30T16:22:49.442Z,gpu-3uwoq-6g3ya-1,ib_counter,rdma_vf_rail0,port_rcv_errors,0
2026-09-30T16:22:49.442Z,gpu-3uwoq-6g3ya-1,ib_counter,rdma_vf_rail0,port_xmit_discards,0
2026-09-30T16:22:49.442Z,gpu-3uwoq-6g3ya-1,ib_counter,rdma_vf_rail0,link_downed,0
2026-09-30T16:22:49.442Z,gpu-3uwoq-6g3ya-1,ib_hw_counter,rdma_vf_rail0,out_of_sequence,8
2026-09-30T16:22:49.442Z,gpu-3uwoq-6g3ya-1,ib_hw_counter,rdma_vf_rail0,packet_seq_err,9
2026-09-30T16:22:49.442Z,gpu-3uwoq-6g3ya-1,ib_hw_counter,rdma_vf_rail0,local_ack_timeout_err,0
2026-09-30T16:22:49.442Z,gpu-3uwoq-6g3ya-1,ib_hw_counter,rdma_vf_rail0,rx_write_requests,4.85746e+08
2026-09-30T16:22:49.442Z,gpu-3uwoq-6g3ya-1,ib_hw_counter,rdma_vf_rail0,rx_read_requests,2.27639e+07
2026-09-30T16:22:49.442Z,gpu-3uwoq-6g3ya-1,ib_hw_counter,rdma_vf_rail0,req_cqe_error,0
2026-09-30T16:22:49.442Z,gpu-3uwoq-6g3ya-1,ib_hw_counter,rdma_vf_rail0,resp_cqe_error,0
2026-09-30T16:22:49.442Z,gpu-3uwoq-6g3ya-1,ib_hw_counter,rdma_vf_rail0,implied_nak_seq_err,0
2026-09-30T16:22:49.442Z,gpu-3uwoq-6g3ya-1,ib_hw_counter,rdma_vf_rail0,duplicate_request,0
2026-09-30T16:22:49.442Z,gpu-3uwoq-6g3ya-1,ib_counter,rdma_vf_rail1,port_xmit_data,5.48301e+12
2026-09-30T16:22:49.442Z,gpu-3uwoq-6g3ya-1,ib_counter,rdma_vf_rail1,port_rcv_data,3.51844e+12
2026-09-30T16:22:49.442Z,gpu-3uwoq-6g3ya-1,ib_counter,rdma_vf_rail1,port_xmit_packets,1.50928e+09
2026-09-30T16:22:49.442Z,gpu-3uwoq-6g3ya-1,ib_counter,rdma_vf_rail1,port_rcv_packets,1.16889e+09
2026-09-30T16:22:49.442Z,gpu-3uwoq-6g3ya-1,ib_counter,rdma_vf_rail1,port_xmit_wait,0
2026-09-30T16:22:49.442Z,gpu-3uwoq-6g3ya-1,ib_counter,rdma_vf_rail1,port_rcv_errors,0
2026-09-30T16:22:49.442Z,gpu-3uwoq-6g3ya-1,ib_counter,rdma_vf_rail1,port_xmit_discards,0
2026-09-30T16:22:49.442Z,gpu-3uwoq-6g3ya-1,ib_counter,rdma_vf_rail1,link_downed,0
2026-09-30T16:22:49.442Z,gpu-3uwoq-6g3ya-1,ib_hw_counter,rdma_vf_rail1,out_of_sequence,7
2026-09-30T16:22:49.442Z,gpu-3uwoq-6g3ya-1,ib_hw_counter,rdma_vf_rail1,packet_seq_err,8
2026-09-30T16:22:49.442Z,gpu-3uwoq-6g3ya-1,ib_hw_counter,rdma_vf_rail1,local_ack_timeout_err,0
2026-09-30T16:22:49.442Z,gpu-3uwoq-6g3ya-1,ib_hw_counter,rdma_vf_rail1,rx_write_requests,4.73996e+08
2026-09-30T16:22:49.442Z,gpu-3uwoq-6g3ya-1,ib_hw_counter,rdma_vf_rail1,rx_read_requests,1.68838e+07
2026-09-30T16:22:49.442Z,gpu-3uwoq-6g3ya-1,ib_hw_counter,rdma_vf_rail1,req_cqe_error,0
2026-09-30T16:22:49.442Z,gpu-3uwoq-6g3ya-1,ib_hw_counter,rdma_vf_rail1,resp_cqe_error,0
2026-09-30T16:22:49.442Z,gpu-3uwoq-6g3ya-1,ib_hw_counter,rdma_vf_rail1,implied_nak_seq_err,0
2026-09-30T16:22:49.442Z,gpu-3uwoq-6g3ya-1,ib_hw_counter,rdma_vf_rail1,duplicate_request,0
2026-09-30T16:22:49.442Z,gpu-3uwoq-6g3ya-1,ib_counter,rdma_vf_rail2,port_xmit_data,5.4557e+12
2026-09-30T16:22:49.442Z,gpu-3uwoq-6g3ya-1,ib_counter,rdma_vf_rail2,port_rcv_data,3.49072e+12
2026-09-30T16:22:49.442Z,gpu-3uwoq-6g3ya-1,ib_counter,rdma_vf_rail2,port_xmit_packets,1.49548e+09
2026-09-30T16:22:49.442Z,gpu-3uwoq-6g3ya-1,ib_counter,rdma_vf_rail2,port_rcv_packets,1.15052e+09
2026-09-30T16:22:49.442Z,gpu-3uwoq-6g3ya-1,ib_counter,rdma_vf_rail2,port_xmit_wait,0
2026-09-30T16:22:49.442Z,gpu-3uwoq-6g3ya-1,ib_counter,rdma_vf_rail2,port_rcv_errors,0
2026-09-30T16:22:49.442Z,gpu-3uwoq-6g3ya-1,ib_counter,rdma_vf_rail2,port_xmit_discards,0
2026-09-30T16:22:49.442Z,gpu-3uwoq-6g3ya-1,ib_counter,rdma_vf_rail2,link_downed,0
2026-09-30T16:22:49.442Z,gpu-3uwoq-6g3ya-1,ib_hw_counter,rdma_vf_rail2,out_of_sequence,8
2026-09-30T16:22:49.442Z,gpu-3uwoq-6g3ya-1,ib_hw_counter,rdma_vf_rail2,packet_seq_err,7
2026-09-30T16:22:49.442Z,gpu-3uwoq-6g3ya-1,ib_hw_counter,rdma_vf_rail2,local_ack_timeout_err,0
2026-09-30T16:22:49.442Z,gpu-3uwoq-6g3ya-1,ib_hw_counter,rdma_vf_rail2,rx_write_requests,4.73562e+08
2026-09-30T16:22:49.442Z,gpu-3uwoq-6g3ya-1,ib_hw_counter,rdma_vf_rail2,rx_read_requests,1.66762e+07
2026-09-30T16:22:49.442Z,gpu-3uwoq-6g3ya-1,ib_hw_counter,rdma_vf_rail2,req_cqe_error,0
2026-09-30T16:22:49.442Z,gpu-3uwoq-6g3ya-1,ib_hw_counter,rdma_vf_rail2,resp_cqe_error,0
2026-09-30T16:22:49.442Z,gpu-3uwoq-6g3ya-1,ib_hw_counter,rdma_vf_rail2,implied_nak_seq_err,0
2026-09-30T16:22:49.442Z,gpu-3uwoq-6g3ya-1,ib_hw_counter,rdma_vf_rail2,duplicate_request,0
2026-09-30T16:22:49.442Z,gpu-3uwoq-6g3ya-1,ib_counter,rdma_vf_rail3,port_xmit_data,5.45593e+12
2026-09-30T16:22:49.442Z,gpu-3uwoq-6g3ya-1,ib_counter,rdma_vf_rail3,port_rcv_data,3.49051e+12
2026-09-30T16:22:49.442Z,gpu-3uwoq-6g3ya-1,ib_counter,rdma_vf_rail3,port_xmit_packets,1.49601e+09
2026-09-30T16:22:49.442Z,gpu-3uwoq-6g3ya-1,ib_counter,rdma_vf_rail3,port_rcv_packets,1.14761e+09
2026-09-30T16:22:49.442Z,gpu-3uwoq-6g3ya-1,ib_counter,rdma_vf_rail3,port_xmit_wait,0
2026-09-30T16:22:49.442Z,gpu-3uwoq-6g3ya-1,ib_counter,rdma_vf_rail3,port_rcv_errors,0
2026-09-30T16:22:49.442Z,gpu-3uwoq-6g3ya-1,ib_counter,rdma_vf_rail3,port_xmit_discards,0
2026-09-30T16:22:49.442Z,gpu-3uwoq-6g3ya-1,ib_counter,rdma_vf_rail3,link_downed,0
2026-09-30T16:22:49.442Z,gpu-3uwoq-6g3ya-1,ib_hw_counter,rdma_vf_rail3,out_of_sequence,9
2026-09-30T16:22:49.442Z,gpu-3uwoq-6g3ya-1,ib_hw_counter,rdma_vf_rail3,packet_seq_err,8
2026-09-30T16:22:49.442Z,gpu-3uwoq-6g3ya-1,ib_hw_counter,rdma_vf_rail3,local_ack_timeout_err,0
2026-09-30T16:22:49.442Z,gpu-3uwoq-6g3ya-1,ib_hw_counter,rdma_vf_rail3,rx_write_requests,4.73562e+08
2026-09-30T16:22:49.442Z,gpu-3uwoq-6g3ya-1,ib_hw_counter,rdma_vf_rail3,rx_read_requests,1.66762e+07
2026-09-30T16:22:49.442Z,gpu-3uwoq-6g3ya-1,ib_hw_counter,rdma_vf_rail3,req_cqe_error,0
2026-09-30T16:22:49.442Z,gpu-3uwoq-6g3ya-1,ib_hw_counter,rdma_vf_rail3,resp_cqe_error,0
2026-09-30T16:22:49.442Z,gpu-3uwoq-6g3ya-1,ib_hw_counter,rdma_vf_rail3,implied_nak_seq_err,0
2026-09-30T16:22:49.442Z,gpu-3uwoq-6g3ya-1,ib_hw_counter,rdma_vf_rail3,duplicate_request,0
2026-09-30T16:22:49.442Z,gpu-3uwoq-6g3ya-1,dcgm,gpu2,gpu_util,0
2026-09-30T16:22:49.442Z,gpu-3uwoq-6g3ya-1,dcgm,gpu3,gpu_util,0
2026-09-30T16:22:49.442Z,gpu-3uwoq-6g3ya-1,dcgm,gpu0,gpu_util,0
2026-09-30T16:22:49.442Z,gpu-3uwoq-6g3ya-1,dcgm,gpu1,gpu_util,0
2026-09-30T16:22:49.442Z,gpu-3uwoq-6g3ya-1,dcgm,gpu2,nvlink_bandwidth_total,0
2026-09-30T16:22:49.442Z,gpu-3uwoq-6g3ya-1,dcgm,gpu3,nvlink_bandwidth_total,0
2026-09-30T16:22:49.442Z,gpu-3uwoq-6g3ya-1,dcgm,gpu0,nvlink_bandwidth_total,0
2026-09-30T16:22:49.442Z,gpu-3uwoq-6g3ya-1,dcgm,gpu1,nvlink_bandwidth_total,0
2026-09-30T16:22:49.442Z,gpu-3uwoq-6g3ya-1,dcgm,gpu2,power_w,222.82
2026-09-30T16:22:49.442Z,gpu-3uwoq-6g3ya-1,dcgm,gpu3,power_w,227.026
2026-09-30T16:22:49.442Z,gpu-3uwoq-6g3ya-1,dcgm,gpu0,power_w,230.127
2026-09-30T16:22:49.442Z,gpu-3uwoq-6g3ya-1,dcgm,gpu1,power_w,226.521
2026-09-30T16:22:49.442Z,gpu-3uwoq-6g3ya-1,dcgm,gpu2,sm_clock_mhz,2070
2026-09-30T16:22:49.442Z,gpu-3uwoq-6g3ya-1,dcgm,gpu3,sm_clock_mhz,2070
2026-09-30T16:22:49.442Z,gpu-3uwoq-6g3ya-1,dcgm,gpu0,sm_clock_mhz,2070
2026-09-30T16:22:49.442Z,gpu-3uwoq-6g3ya-1,dcgm,gpu1,sm_clock_mhz,2070
2026-09-30T16:22:49.442Z,gpu-3uwoq-6g3ya-1,dcgm,gpu2,dram_active,0
2026-09-30T16:22:49.442Z,gpu-3uwoq-6g3ya-1,dcgm,gpu3,dram_active,0
2026-09-30T16:22:49.442Z,gpu-3uwoq-6g3ya-1,dcgm,gpu0,dram_active,0
2026-09-30T16:22:49.442Z,gpu-3uwoq-6g3ya-1,dcgm,gpu1,dram_active,0
2026-09-30T16:22:49.442Z,gpu-3uwoq-6g3ya-1,dcgm,gpu2,pcie_rx_bytes,43152
2026-09-30T16:22:49.442Z,gpu-3uwoq-6g3ya-1,dcgm,gpu3,pcie_rx_bytes,36130
2026-09-30T16:22:49.442Z,gpu-3uwoq-6g3ya-1,dcgm,gpu0,pcie_rx_bytes,50088
2026-09-30T16:22:49.442Z,gpu-3uwoq-6g3ya-1,dcgm,gpu1,pcie_rx_bytes,54948
2026-09-30T16:22:49.442Z,gpu-3uwoq-6g3ya-1,dcgm,gpu2,pcie_tx_bytes,39623
2026-09-30T16:22:49.442Z,gpu-3uwoq-6g3ya-1,dcgm,gpu3,pcie_tx_bytes,33072
2026-09-30T16:22:49.442Z,gpu-3uwoq-6g3ya-1,dcgm,gpu0,pcie_tx_bytes,46489
2026-09-30T16:22:49.442Z,gpu-3uwoq-6g3ya-1,dcgm,gpu1,pcie_tx_bytes,51404
2026-09-30T16:22:49.442Z,gpu-3uwoq-6g3ya-1,dcgm,gpu2,tensor_active,0
2026-09-30T16:22:49.442Z,gpu-3uwoq-6g3ya-1,dcgm,gpu3,tensor_active,0
2026-09-30T16:22:49.442Z,gpu-3uwoq-6g3ya-1,dcgm,gpu0,tensor_active,0
2026-09-30T16:22:49.442Z,gpu-3uwoq-6g3ya-1,dcgm,gpu1,tensor_active,0
2026-09-30T16:22:49.442Z,gpu-3uwoq-6g3ya-1,dcgm,gpu2,sm_active,0
2026-09-30T16:22:49.442Z,gpu-3uwoq-6g3ya-1,dcgm,gpu3,sm_active,0
2026-09-30T16:22:49.442Z,gpu-3uwoq-6g3ya-1,dcgm,gpu0,sm_active,0
2026-09-30T16:22:49.442Z,gpu-3uwoq-6g3ya-1,dcgm,gpu1,sm_active,0
2026-09-30T16:22:49.442Z,gpu-3uwoq-6g3ya-1,nvlink,gpu0,nvlink_rx_bytes,2.19204e+13
2026-09-30T16:22:49.442Z,gpu-3uwoq-6g3ya-1,nvlink,gpu0,nvlink_tx_bytes,2.19341e+13
2026-09-30T16:22:49.442Z,gpu-3uwoq-6g3ya-1,nvlink,gpu1,nvlink_rx_bytes,2.27892e+13
2026-09-30T16:22:49.442Z,gpu-3uwoq-6g3ya-1,nvlink,gpu1,nvlink_tx_bytes,2.28013e+13
2026-09-30T16:22:49.442Z,gpu-3uwoq-6g3ya-1,nvlink,gpu2,nvlink_rx_bytes,2.19858e+13
2026-09-30T16:22:49.442Z,gpu-3uwoq-6g3ya-1,nvlink,gpu2,nvlink_tx_bytes,2.20045e+13
2026-09-30T16:22:49.442Z,gpu-3uwoq-6g3ya-1,nvlink,gpu3,nvlink_rx_bytes,2.18839e+13
2026-09-30T16:22:49.442Z,gpu-3uwoq-6g3ya-1,nvlink,gpu3,nvlink_tx_bytes,2.19016e+13
2026-09-30T16:22:50.442Z,gpu-3uwoq-6g3ya-1,ib_counter,rdma_vf_rail0,port_xmit_data,6.27354e+12
2026-09-30T16:22:50.442Z,gpu-3uwoq-6g3ya-1,ib_counter,rdma_vf_rail0,port_rcv_data,4.31116e+12
2026-09-30T16:22:50.442Z,gpu-3uwoq-6g3ya-1,ib_counter,rdma_vf_rail0,port_xmit_packets,1.72334e+09
2026-09-30T16:22:50.442Z,gpu-3uwoq-6g3ya-1,ib_counter,rdma_vf_rail0,port_rcv_packets,1.4035e+09
2026-09-30T16:22:50.442Z,gpu-3uwoq-6g3ya-1,ib_counter,rdma_vf_rail0,port_xmit_wait,0
2026-09-30T16:22:50.442Z,gpu-3uwoq-6g3ya-1,ib_counter,rdma_vf_rail0,port_rcv_errors,0
2026-09-30T16:22:50.442Z,gpu-3uwoq-6g3ya-1,ib_counter,rdma_vf_rail0,port_xmit_discards,0
2026-09-30T16:22:50.442Z,gpu-3uwoq-6g3ya-1,ib_counter,rdma_vf_rail0,link_downed,0
2026-09-30T16:22:50.442Z,gpu-3uwoq-6g3ya-1,ib_hw_counter,rdma_vf_rail0,out_of_sequence,8
2026-09-30T16:22:50.442Z,gpu-3uwoq-6g3ya-1,ib_hw_counter,rdma_vf_rail0,packet_seq_err,9
2026-09-30T16:22:50.442Z,gpu-3uwoq-6g3ya-1,ib_hw_counter,rdma_vf_rail0,local_ack_timeout_err,0
2026-09-30T16:22:50.442Z,gpu-3uwoq-6g3ya-1,ib_hw_counter,rdma_vf_rail0,rx_write_requests,4.85746e+08
2026-09-30T16:22:50.442Z,gpu-3uwoq-6g3ya-1,ib_hw_counter,rdma_vf_rail0,rx_read_requests,2.27639e+07
2026-09-30T16:22:50.442Z,gpu-3uwoq-6g3ya-1,ib_hw_counter,rdma_vf_rail0,req_cqe_error,0
2026-09-30T16:22:50.442Z,gpu-3uwoq-6g3ya-1,ib_hw_counter,rdma_vf_rail0,resp_cqe_error,0
2026-09-30T16:22:50.442Z,gpu-3uwoq-6g3ya-1,ib_hw_counter,rdma_vf_rail0,implied_nak_seq_err,0
2026-09-30T16:22:50.442Z,gpu-3uwoq-6g3ya-1,ib_hw_counter,rdma_vf_rail0,duplicate_request,0
2026-09-30T16:22:50.442Z,gpu-3uwoq-6g3ya-1,ib_counter,rdma_vf_rail1,port_xmit_data,5.48301e+12
2026-09-30T16:22:50.442Z,gpu-3uwoq-6g3ya-1,ib_counter,rdma_vf_rail1,port_rcv_data,3.51844e+12
2026-09-30T16:22:50.442Z,gpu-3uwoq-6g3ya-1,ib_counter,rdma_vf_rail1,port_xmit_packets,1.50928e+09
2026-09-30T16:22:50.442Z,gpu-3uwoq-6g3ya-1,ib_counter,rdma_vf_rail1,port_rcv_packets,1.16889e+09
2026-09-30T16:22:50.442Z,gpu-3uwoq-6g3ya-1,ib_counter,rdma_vf_rail1,port_xmit_wait,0
2026-09-30T16:22:50.442Z,gpu-3uwoq-6g3ya-1,ib_counter,rdma_vf_rail1,port_rcv_errors,0
2026-09-30T16:22:50.442Z,gpu-3uwoq-6g3ya-1,ib_counter,rdma_vf_rail1,port_xmit_discards,0
2026-09-30T16:22:50.442Z,gpu-3uwoq-6g3ya-1,ib_counter,rdma_vf_rail1,link_downed,0
2026-09-30T16:22:50.442Z,gpu-3uwoq-6g3ya-1,ib_hw_counter,rdma_vf_rail1,out_of_sequence,7
2026-09-30T16:22:50.442Z,gpu-3uwoq-6g3ya-1,ib_hw_counter,rdma_vf_rail1,packet_seq_err,8
2026-09-30T16:22:50.442Z,gpu-3uwoq-6g3ya-1,ib_hw_counter,rdma_vf_rail1,local_ack_timeout_err,0
2026-09-30T16:22:50.442Z,gpu-3uwoq-6g3ya-1,ib_hw_counter,rdma_vf_rail1,rx_write_requests,4.73996e+08
2026-09-30T16:22:50.442Z,gpu-3uwoq-6g3ya-1,ib_hw_counter,rdma_vf_rail1,rx_read_requests,1.68838e+07
2026-09-30T16:22:50.442Z,gpu-3uwoq-6g3ya-1,ib_hw_counter,rdma_vf_rail1,req_cqe_error,0
2026-09-30T16:22:50.442Z,gpu-3uwoq-6g3ya-1,ib_hw_counter,rdma_vf_rail1,resp_cqe_error,0
2026-09-30T16:22:50.442Z,gpu-3uwoq-6g3ya-1,ib_hw_counter,rdma_vf_rail1,implied_nak_seq_err,0
2026-09-30T16:22:50.442Z,gpu-3uwoq-6g3ya-1,ib_hw_counter,rdma_vf_rail1,duplicate_request,0
2026-09-30T16:22:50.442Z,gpu-3uwoq-6g3ya-1,ib_counter,rdma_vf_rail2,port_xmit_data,5.4557e+12
2026-09-30T16:22:50.442Z,gpu-3uwoq-6g3ya-1,ib_counter,rdma_vf_rail2,port_rcv_data,3.49072e+12
2026-09-30T16:22:50.442Z,gpu-3uwoq-6g3ya-1,ib_counter,rdma_vf_rail2,port_xmit_packets,1.49548e+09
2026-09-30T16:22:50.442Z,gpu-3uwoq-6g3ya-1,ib_counter,rdma_vf_rail2,port_rcv_packets,1.15052e+09
2026-09-30T16:22:50.442Z,gpu-3uwoq-6g3ya-1,ib_counter,rdma_vf_rail2,port_xmit_wait,0
2026-09-30T16:22:50.442Z,gpu-3uwoq-6g3ya-1,ib_counter,rdma_vf_rail2,port_rcv_errors,0
2026-09-30T16:22:50.442Z,gpu-3uwoq-6g3ya-1,ib_counter,rdma_vf_rail2,port_xmit_discards,0
2026-09-30T16:22:50.442Z,gpu-3uwoq-6g3ya-1,ib_counter,rdma_vf_rail2,link_downed,0
2026-09-30T16:22:50.442Z,gpu-3uwoq-6g3ya-1,ib_hw_counter,rdma_vf_rail2,out_of_sequence,8
2026-09-30T16:22:50.442Z,gpu-3uwoq-6g3ya-1,ib_hw_counter,rdma_vf_rail2,packet_seq_err,7
2026-09-30T16:22:50.442Z,gpu-3uwoq-6g3ya-1,ib_hw_counter,rdma_vf_rail2,local_ack_timeout_err,0
2026-09-30T16:22:50.442Z,gpu-3uwoq-6g3ya-1,ib_hw_counter,rdma_vf_rail2,rx_write_requests,4.73562e+08
2026-09-30T16:22:50.442Z,gpu-3uwoq-6g3ya-1,ib_hw_counter,rdma_vf_rail2,rx_read_requests,1.66762e+07
2026-09-30T16:22:50.442Z,gpu-3uwoq-6g3ya-1,ib_hw_counter,rdma_vf_rail2,req_cqe_error,0
2026-09-30T16:22:50.442Z,gpu-3uwoq-6g3ya-1,ib_hw_counter,rdma_vf_rail2,resp_cqe_error,0
2026-09-30T16:22:50.442Z,gpu-3uwoq-6g3ya-1,ib_hw_counter,rdma_vf_rail2,implied_nak_seq_err,0
2026-09-30T16:22:50.442Z,gpu-3uwoq-6g3ya-1,ib_hw_counter,rdma_vf_rail2,duplicate_request,0
2026-09-30T16:22:50.442Z,gpu-3uwoq-6g3ya-1,ib_counter,rdma_vf_rail3,port_xmit_data,5.45593e+12
2026-09-30T16:22:50.442Z,gpu-3uwoq-6g3ya-1,ib_counter,rdma_vf_rail3,port_rcv_data,3.49051e+12
2026-09-30T16:22:50.442Z,gpu-3uwoq-6g3ya-1,ib_counter,rdma_vf_rail3,port_xmit_packets,1.49601e+09
2026-09-30T16:22:50.442Z,gpu-3uwoq-6g3ya-1,ib_counter,rdma_vf_rail3,port_rcv_packets,1.14761e+09
2026-09-30T16:22:50.442Z,gpu-3uwoq-6g3ya-1,ib_counter,rdma_vf_rail3,port_xmit_wait,0
2026-09-30T16:22:50.442Z,gpu-3uwoq-6g3ya-1,ib_counter,rdma_vf_rail3,port_rcv_errors,0
2026-09-30T16:22:50.442Z,gpu-3uwoq-6g3ya-1,ib_counter,rdma_vf_rail3,port_xmit_discards,0
2026-09-30T16:22:50.442Z,gpu-3uwoq-6g3ya-1,ib_counter,rdma_vf_rail3,link_downed,0
2026-09-30T16:22:50.442Z,gpu-3uwoq-6g3ya-1,ib_hw_counter,rdma_vf_rail3,out_of_sequence,9
2026-09-30T16:22:50.442Z,gpu-3uwoq-6g3ya-1,ib_hw_counter,rdma_vf_rail3,packet_seq_err,8
2026-09-30T16:22:50.442Z,gpu-3uwoq-6g3ya-1,ib_hw_counter,rdma_vf_rail3,local_ack_timeout_err,0
2026-09-30T16:22:50.442Z,gpu-3uwoq-6g3ya-1,ib_hw_counter,rdma_vf_rail3,rx_write_requests,4.73562e+08
2026-09-30T16:22:50.442Z,gpu-3uwoq-6g3ya-1,ib_hw_counter,rdma_vf_rail3,rx_read_requests,1.66762e+07
2026-09-30T16:22:50.442Z,gpu-3uwoq-6g3ya-1,ib_hw_counter,rdma_vf_rail3,req_cqe_error,0
2026-09-30T16:22:50.442Z,gpu-3uwoq-6g3ya-1,ib_hw_counter,rdma_vf_rail3,resp_cqe_error,0
2026-09-30T16:22:50.442Z,gpu-3uwoq-6g3ya-1,ib_hw_counter,rdma_vf_rail3,implied_nak_seq_err,0
2026-09-30T16:22:50.442Z,gpu-3uwoq-6g3ya-1,ib_hw_counter,rdma_vf_rail3,duplicate_request,0
2026-09-30T16:22:50.442Z,gpu-3uwoq-6g3ya-1,dcgm,gpu2,gpu_util,0
2026-09-30T16:22:50.442Z,gpu-3uwoq-6g3ya-1,dcgm,gpu3,gpu_util,0
2026-09-30T16:22:50.442Z,gpu-3uwoq-6g3ya-1,dcgm,gpu0,gpu_util,0
2026-09-30T16:22:50.442Z,gpu-3uwoq-6g3ya-1,dcgm,gpu1,gpu_util,0
2026-09-30T16:22:50.442Z,gpu-3uwoq-6g3ya-1,dcgm,gpu2,nvlink_bandwidth_total,0
2026-09-30T16:22:50.442Z,gpu-3uwoq-6g3ya-1,dcgm,gpu3,nvlink_bandwidth_total,0
2026-09-30T16:22:50.442Z,gpu-3uwoq-6g3ya-1,dcgm,gpu0,nvlink_bandwidth_total,0
2026-09-30T16:22:50.442Z,gpu-3uwoq-6g3ya-1,dcgm,gpu1,nvlink_bandwidth_total,0
2026-09-30T16:22:50.442Z,gpu-3uwoq-6g3ya-1,dcgm,gpu2,power_w,222.82
2026-09-30T16:22:50.442Z,gpu-3uwoq-6g3ya-1,dcgm,gpu3,power_w,227.026
2026-09-30T16:22:50.442Z,gpu-3uwoq-6g3ya-1,dcgm,gpu0,power_w,230.127
2026-09-30T16:22:50.442Z,gpu-3uwoq-6g3ya-1,dcgm,gpu1,power_w,226.521
2026-09-30T16:22:50.442Z,gpu-3uwoq-6g3ya-1,dcgm,gpu2,sm_clock_mhz,2070
2026-09-30T16:22:50.442Z,gpu-3uwoq-6g3ya-1,dcgm,gpu3,sm_clock_mhz,2070
2026-09-30T16:22:50.442Z,gpu-3uwoq-6g3ya-1,dcgm,gpu0,sm_clock_mhz,2070
2026-09-30T16:22:50.442Z,gpu-3uwoq-6g3ya-1,dcgm,gpu1,sm_clock_mhz,2070
2026-09-30T16:22:50.442Z,gpu-3uwoq-6g3ya-1,dcgm,gpu2,dram_active,0
2026-09-30T16:22:50.442Z,gpu-3uwoq-6g3ya-1,dcgm,gpu3,dram_active,0
2026-09-30T16:22:50.442Z,gpu-3uwoq-6g3ya-1,dcgm,gpu0,dram_active,0
2026-09-30T16:22:50.442Z,gpu-3uwoq-6g3ya-1,dcgm,gpu1,dram_active,0
2026-09-30T16:22:50.442Z,gpu-3uwoq-6g3ya-1,dcgm,gpu2,pcie_rx_bytes,43152
2026-09-30T16:22:50.442Z,gpu-3uwoq-6g3ya-1,dcgm,gpu3,pcie_rx_bytes,36130
2026-09-30T16:22:50.442Z,gpu-3uwoq-6g3ya-1,dcgm,gpu0,pcie_rx_bytes,50088
2026-09-30T16:22:50.442Z,gpu-3uwoq-6g3ya-1,dcgm,gpu1,pcie_rx_bytes,54948
2026-09-30T16:22:50.442Z,gpu-3uwoq-6g3ya-1,dcgm,gpu2,pcie_tx_bytes,39623
2026-09-30T16:22:50.442Z,gpu-3uwoq-6g3ya-1,dcgm,gpu3,pcie_tx_bytes,33072
2026-09-30T16:22:50.442Z,gpu-3uwoq-6g3ya-1,dcgm,gpu0,pcie_tx_bytes,46489
2026-09-30T16:22:50.442Z,gpu-3uwoq-6g3ya-1,dcgm,gpu1,pcie_tx_bytes,51404
2026-09-30T16:22:50.442Z,gpu-3uwoq-6g3ya-1,dcgm,gpu2,tensor_active,0
2026-09-30T16:22:50.442Z,gpu-3uwoq-6g3ya-1,dcgm,gpu3,tensor_active,0
2026-09-30T16:22:50.442Z,gpu-3uwoq-6g3ya-1,dcgm,gpu0,tensor_active,0
2026-09-30T16:22:50.442Z,gpu-3uwoq-6g3ya-1,dcgm,gpu1,tensor_active,0
2026-09-30T16:22:50.442Z,gpu-3uwoq-6g3ya-1,dcgm,gpu2,sm_active,0
2026-09-30T16:22:50.442Z,gpu-3uwoq-6g3ya-1,dcgm,gpu3,sm_active,0
2026-09-30T16:22:50.442Z,gpu-3uwoq-6g3ya-1,dcgm,gpu0,sm_active,0
2026-09-30T16:22:50.442Z,gpu-3uwoq-6g3ya-1,dcgm,gpu1,sm_active,0
2026-09-30T16:22:50.442Z,gpu-3uwoq-6g3ya-1,nvlink,gpu0,nvlink_rx_bytes,2.19204e+13
2026-09-30T16:22:50.442Z,gpu-3uwoq-6g3ya-1,nvlink,gpu0,nvlink_tx_bytes,2.19341e+13
2026-09-30T16:22:50.442Z,gpu-3uwoq-6g3ya-1,nvlink,gpu1,nvlink_rx_bytes,2.27892e+13
2026-09-30T16:22:50.442Z,gpu-3uwoq-6g3ya-1,nvlink,gpu1,nvlink_tx_bytes,2.28013e+13
2026-09-30T16:22:50.442Z,gpu-3uwoq-6g3ya-1,nvlink,gpu2,nvlink_rx_bytes,2.19858e+13
2026-09-30T16:22:50.442Z,gpu-3uwoq-6g3ya-1,nvlink,gpu2,nvlink_tx_bytes,2.20045e+13
2026-09-30T16:22:50.442Z,gpu-3uwoq-6g3ya-1,nvlink,gpu3,nvlink_rx_bytes,2.18839e+13
2026-09-30T16:22:50.442Z,gpu-3uwoq-6g3ya-1,nvlink,gpu3,nvlink_tx_bytes,2.19016e+13
2026-09-30T16:22:51.443Z,gpu-3uwoq-6g3ya-1,ib_counter,rdma_vf_rail0,port_xmit_data,6.27354e+12
2026-09-30T16:22:51.443Z,gpu-3uwoq-6g3ya-1,ib_counter,rdma_vf_rail0,port_rcv_data,4.31116e+12
2026-09-30T16:22:51.443Z,gpu-3uwoq-6g3ya-1,ib_counter,rdma_vf_rail0,port_xmit_packets,1.72334e+09
2026-09-30T16:22:51.443Z,gpu-3uwoq-6g3ya-1,ib_counter,rdma_vf_rail0,port_rcv_packets,1.4035e+09
2026-09-30T16:22:51.443Z,gpu-3uwoq-6g3ya-1,ib_counter,rdma_vf_rail0,port_xmit_wait,0
2026-09-30T16:22:51.443Z,gpu-3uwoq-6g3ya-1,ib_counter,rdma_vf_rail0,port_rcv_errors,0
2026-09-30T16:22:51.443Z,gpu-3uwoq-6g3ya-1,ib_counter,rdma_vf_rail0,port_xmit_discards,0
2026-09-30T16:22:51.443Z,gpu-3uwoq-6g3ya-1,ib_counter,rdma_vf_rail0,link_downed,0
2026-09-30T16:22:51.443Z,gpu-3uwoq-6g3ya-1,ib_hw_counter,rdma_vf_rail0,out_of_sequence,8
2026-09-30T16:22:51.443Z,gpu-3uwoq-6g3ya-1,ib_hw_counter,rdma_vf_rail0,packet_seq_err,9
2026-09-30T16:22:51.443Z,gpu-3uwoq-6g3ya-1,ib_hw_counter,rdma_vf_rail0,local_ack_timeout_err,0
2026-09-30T16:22:51.443Z,gpu-3uwoq-6g3ya-1,ib_hw_counter,rdma_vf_rail0,rx_write_requests,4.85746e+08
2026-09-30T16:22:51.443Z,gpu-3uwoq-6g3ya-1,ib_hw_counter,rdma_vf_rail0,rx_read_requests,2.27639e+07
2026-09-30T16:22:51.443Z,gpu-3uwoq-6g3ya-1,ib_hw_counter,rdma_vf_rail0,req_cqe_error,0
2026-09-30T16:22:51.443Z,gpu-3uwoq-6g3ya-1,ib_hw_counter,rdma_vf_rail0,resp_cqe_error,0
2026-09-30T16:22:51.443Z,gpu-3uwoq-6g3ya-1,ib_hw_counter,rdma_vf_rail0,implied_nak_seq_err,0
2026-09-30T16:22:51.443Z,gpu-3uwoq-6g3ya-1,ib_hw_counter,rdma_vf_rail0,duplicate_request,0
2026-09-30T16:22:51.443Z,gpu-3uwoq-6g3ya-1,ib_counter,rdma_vf_rail1,port_xmit_data,5.48301e+12
2026-09-30T16:22:51.443Z,gpu-3uwoq-6g3ya-1,ib_counter,rdma_vf_rail1,port_rcv_data,3.51844e+12
2026-09-30T16:22:51.443Z,gpu-3uwoq-6g3ya-1,ib_counter,rdma_vf_rail1,port_xmit_packets,1.50928e+09
2026-09-30T16:22:51.443Z,gpu-3uwoq-6g3ya-1,ib_counter,rdma_vf_rail1,port_rcv_packets,1.16889e+09
2026-09-30T16:22:51.443Z,gpu-3uwoq-6g3ya-1,ib_counter,rdma_vf_rail1,port_xmit_wait,0
2026-09-30T16:22:51.443Z,gpu-3uwoq-6g3ya-1,ib_counter,rdma_vf_rail1,port_rcv_errors,0
2026-09-30T16:22:51.443Z,gpu-3uwoq-6g3ya-1,ib_counter,rdma_vf_rail1,port_xmit_discards,0
2026-09-30T16:22:51.443Z,gpu-3uwoq-6g3ya-1,ib_counter,rdma_vf_rail1,link_downed,0
2026-09-30T16:22:51.443Z,gpu-3uwoq-6g3ya-1,ib_hw_counter,rdma_vf_rail1,out_of_sequence,7
2026-09-30T16:22:51.443Z,gpu-3uwoq-6g3ya-1,ib_hw_counter,rdma_vf_rail1,packet_seq_err,8
2026-09-30T16:22:51.443Z,gpu-3uwoq-6g3ya-1,ib_hw_counter,rdma_vf_rail1,local_ack_timeout_err,0
2026-09-30T16:22:51.443Z,gpu-3uwoq-6g3ya-1,ib_hw_counter,rdma_vf_rail1,rx_write_requests,4.73996e+08
2026-09-30T16:22:51.443Z,gpu-3uwoq-6g3ya-1,ib_hw_counter,rdma_vf_rail1,rx_read_requests,1.68838e+07
2026-09-30T16:22:51.443Z,gpu-3uwoq-6g3ya-1,ib_hw_counter,rdma_vf_rail1,req_cqe_error,0
2026-09-30T16:22:51.443Z,gpu-3uwoq-6g3ya-1,ib_hw_counter,rdma_vf_rail1,resp_cqe_error,0
2026-09-30T16:22:51.443Z,gpu-3uwoq-6g3ya-1,ib_hw_counter,rdma_vf_rail1,implied_nak_seq_err,0
2026-09-30T16:22:51.443Z,gpu-3uwoq-6g3ya-1,ib_hw_counter,rdma_vf_rail1,duplicate_request,0
2026-09-30T16:22:51.443Z,gpu-3uwoq-6g3ya-1,ib_counter,rdma_vf_rail2,port_xmit_data,5.4557e+12
2026-09-30T16:22:51.443Z,gpu-3uwoq-6g3ya-1,ib_counter,rdma_vf_rail2,port_rcv_data,3.49072e+12
2026-09-30T16:22:51.443Z,gpu-3uwoq-6g3ya-1,ib_counter,rdma_vf_rail2,port_xmit_packets,1.49548e+09
2026-09-30T16:22:51.443Z,gpu-3uwoq-6g3ya-1,ib_counter,rdma_vf_rail2,port_rcv_packets,1.15052e+09
2026-09-30T16:22:51.443Z,gpu-3uwoq-6g3ya-1,ib_counter,rdma_vf_rail2,port_xmit_wait,0
2026-09-30T16:22:51.443Z,gpu-3uwoq-6g3ya-1,ib_counter,rdma_vf_rail2,port_rcv_errors,0
2026-09-30T16:22:51.443Z,gpu-3uwoq-6g3ya-1,ib_counter,rdma_vf_rail2,port_xmit_discards,0
2026-09-30T16:22:51.443Z,gpu-3uwoq-6g3ya-1,ib_counter,rdma_vf_rail2,link_downed,0
2026-09-30T16:22:51.443Z,gpu-3uwoq-6g3ya-1,ib_hw_counter,rdma_vf_rail2,out_of_sequence,8
2026-09-30T16:22:51.443Z,gpu-3uwoq-6g3ya-1,ib_hw_counter,rdma_vf_rail2,packet_seq_err,7
2026-09-30T16:22:51.443Z,gpu-3uwoq-6g3ya-1,ib_hw_counter,rdma_vf_rail2,local_ack_timeout_err,0
2026-09-30T16:22:51.443Z,gpu-3uwoq-6g3ya-1,ib_hw_counter,rdma_vf_rail2,rx_write_requests,4.73562e+08
2026-09-30T16:22:51.443Z,gpu-3uwoq-6g3ya-1,ib_hw_counter,rdma_vf_rail2,rx_read_requests,1.66762e+07
2026-09-30T16:22:51.443Z,gpu-3uwoq-6g3ya-1,ib_hw_counter,rdma_vf_rail2,req_cqe_error,0
2026-09-30T16:22:51.443Z,gpu-3uwoq-6g3ya-1,ib_hw_counter,rdma_vf_rail2,resp_cqe_error,0
2026-09-30T16:22:51.443Z,gpu-3uwoq-6g3ya-1,ib_hw_counter,rdma_vf_rail2,implied_nak_seq_err,0
2026-09-30T16:22:51.443Z,gpu-3uwoq-6g3ya-1,ib_hw_counter,rdma_vf_rail2,duplicate_request,0
2026-09-30T16:22:51.443Z,gpu-3uwoq-6g3ya-1,ib_counter,rdma_vf_rail3,port_xmit_data,5.45593e+12
2026-09-30T16:22:51.443Z,gpu-3uwoq-6g3ya-1,ib_counter,rdma_vf_rail3,port_rcv_data,3.49051e+12
2026-09-30T16:22:51.443Z,gpu-3uwoq-6g3ya-1,ib_counter,rdma_vf_rail3,port_xmit_packets,1.49601e+09
2026-09-30T16:22:51.443Z,gpu-3uwoq-6g3ya-1,ib_counter,rdma_vf_rail3,port_rcv_packets,1.14761e+09
2026-09-30T16:22:51.443Z,gpu-3uwoq-6g3ya-1,ib_counter,rdma_vf_rail3,port_xmit_wait,0
2026-09-30T16:22:51.443Z,gpu-3uwoq-6g3ya-1,ib_counter,rdma_vf_rail3,port_rcv_errors,0
2026-09-30T16:22:51.443Z,gpu-3uwoq-6g3ya-1,ib_counter,rdma_vf_rail3,port_xmit_discards,0
2026-09-30T16:22:51.443Z,gpu-3uwoq-6g3ya-1,ib_counter,rdma_vf_rail3,link_downed,0
2026-09-30T16:22:51.443Z,gpu-3uwoq-6g3ya-1,ib_hw_counter,rdma_vf_rail3,out_of_sequence,9
2026-09-30T16:22:51.443Z,gpu-3uwoq-6g3ya-1,ib_hw_counter,rdma_vf_rail3,packet_seq_err,8
2026-09-30T16:22:51.443Z,gpu-3uwoq-6g3ya-1,ib_hw_counter,rdma_vf_rail3,local_ack_timeout_err,0
2026-09-30T16:22:51.443Z,gpu-3uwoq-6g3ya-1,ib_hw_counter,rdma_vf_rail3,rx_write_requests,4.73562e+08
2026-09-30T16:22:51.443Z,gpu-3uwoq-6g3ya-1,ib_hw_counter,rdma_vf_rail3,rx_read_requests,1.66762e+07
2026-09-30T16:22:51.443Z,gpu-3uwoq-6g3ya-1,ib_hw_counter,rdma_vf_rail3,req_cqe_error,0
2026-09-30T16:22:51.443Z,gpu-3uwoq-6g3ya-1,ib_hw_counter,rdma_vf_rail3,resp_cqe_error,0
2026-09-30T16:22:51.443Z,gpu-3uwoq-6g3ya-1,ib_hw_counter,rdma_vf_rail3,implied_nak_seq_err,0
2026-09-30T16:22:51.443Z,gpu-3uwoq-6g3ya-1,ib_hw_counter,rdma_vf_rail3,duplicate_request,0
2026-09-30T16:22:51.443Z,gpu-3uwoq-6g3ya-1,dcgm,gpu2,gpu_util,0
2026-09-30T16:22:51.443Z,gpu-3uwoq-6g3ya-1,dcgm,gpu3,gpu_util,0
2026-09-30T16:22:51.443Z,gpu-3uwoq-6g3ya-1,dcgm,gpu0,gpu_util,0
2026-09-30T16:22:51.443Z,gpu-3uwoq-6g3ya-1,dcgm,gpu1,gpu_util,0
2026-09-30T16:22:51.443Z,gpu-3uwoq-6g3ya-1,dcgm,gpu2,nvlink_bandwidth_total,0
2026-09-30T16:22:51.443Z,gpu-3uwoq-6g3ya-1,dcgm,gpu3,nvlink_bandwidth_total,0
2026-09-30T16:22:51.443Z,gpu-3uwoq-6g3ya-1,dcgm,gpu0,nvlink_bandwidth_total,0
2026-09-30T16:22:51.443Z,gpu-3uwoq-6g3ya-1,dcgm,gpu1,nvlink_bandwidth_total,0
2026-09-30T16:22:51.443Z,gpu-3uwoq-6g3ya-1,dcgm,gpu2,power_w,222.82
2026-09-30T16:22:51.443Z,gpu-3uwoq-6g3ya-1,dcgm,gpu3,power_w,227.026
2026-09-30T16:22:51.443Z,gpu-3uwoq-6g3ya-1,dcgm,gpu0,power_w,230.127
2026-09-30T16:22:51.443Z,gpu-3uwoq-6g3ya-1,dcgm,gpu1,power_w,226.521
2026-09-30T16:22:51.443Z,gpu-3uwoq-6g3ya-1,dcgm,gpu2,sm_clock_mhz,2070
2026-09-30T16:22:51.443Z,gpu-3uwoq-6g3ya-1,dcgm,gpu3,sm_clock_mhz,2070
2026-09-30T16:22:51.443Z,gpu-3uwoq-6g3ya-1,dcgm,gpu0,sm_clock_mhz,2070
2026-09-30T16:22:51.443Z,gpu-3uwoq-6g3ya-1,dcgm,gpu1,sm_clock_mhz,2070
2026-09-30T16:22:51.443Z,gpu-3uwoq-6g3ya-1,dcgm,gpu2,dram_active,0
2026-09-30T16:22:51.443Z,gpu-3uwoq-6g3ya-1,dcgm,gpu3,dram_active,0
2026-09-30T16:22:51.443Z,gpu-3uwoq-6g3ya-1,dcgm,gpu0,dram_active,0
2026-09-30T16:22:51.443Z,gpu-3uwoq-6g3ya-1,dcgm,gpu1,dram_active,0
2026-09-30T16:22:51.443Z,gpu-3uwoq-6g3ya-1,dcgm,gpu2,pcie_rx_bytes,43152
2026-09-30T16:22:51.443Z,gpu-3uwoq-6g3ya-1,dcgm,gpu3,pcie_rx_bytes,36130
2026-09-30T16:22:51.443Z,gpu-3uwoq-6g3ya-1,dcgm,gpu0,pcie_rx_bytes,50088
2026-09-30T16:22:51.443Z,gpu-3uwoq-6g3ya-1,dcgm,gpu1,pcie_rx_bytes,54948
2026-09-30T16:22:51.443Z,gpu-3uwoq-6g3ya-1,dcgm,gpu2,pcie_tx_bytes,39623
2026-09-30T16:22:51.443Z,gpu-3uwoq-6g3ya-1,dcgm,gpu3,pcie_tx_bytes,33072
2026-09-30T16:22:51.443Z,gpu-3uwoq-6g3ya-1,dcgm,gpu0,pcie_tx_bytes,46489
2026-09-30T16:22:51.443Z,gpu-3uwoq-6g3ya-1,dcgm,gpu1,pcie_tx_bytes,51404
2026-09-30T16:22:51.443Z,gpu-3uwoq-6g3ya-1,dcgm,gpu2,tensor_active,0
2026-09-30T16:22:51.443Z,gpu-3uwoq-6g3ya-1,dcgm,gpu3,tensor_active,0
2026-09-30T16:22:51.443Z,gpu-3uwoq-6g3ya-1,dcgm,gpu0,tensor_active,0
2026-09-30T16:22:51.443Z,gpu-3uwoq-6g3ya-1,dcgm,gpu1,tensor_active,0
2026-09-30T16:22:51.443Z,gpu-3uwoq-6g3ya-1,dcgm,gpu2,sm_active,0
2026-09-30T16:22:51.443Z,gpu-3uwoq-6g3ya-1,dcgm,gpu3,sm_active,0
2026-09-30T16:22:51.443Z,gpu-3uwoq-6g3ya-1,dcgm,gpu0,sm_active,0
2026-09-30T16:22:51.443Z,gpu-3uwoq-6g3ya-1,dcgm,gpu1,sm_active,0
2026-09-30T16:22:51.443Z,gpu-3uwoq-6g3ya-1,nvlink,gpu0,nvlink_rx_bytes,2.19204e+13
2026-09-30T16:22:51.443Z,gpu-3uwoq-6g3ya-1,nvlink,gpu0,nvlink_tx_bytes,2.19341e+13
2026-09-30T16:22:51.443Z,gpu-3uwoq-6g3ya-1,nvlink,gpu1,nvlink_rx_bytes,2.27892e+13
2026-09-30T16:22:51.443Z,gpu-3uwoq-6g3ya-1,nvlink,gpu1,nvlink_tx_bytes,2.28013e+13
2026-09-30T16:22:51.443Z,gpu-3uwoq-6g3ya-1,nvlink,gpu2,nvlink_rx_bytes,2.19858e+13
2026-09-30T16:22:51.443Z,gpu-3uwoq-6g3ya-1,nvlink,gpu2,nvlink_tx_bytes,2.20045e+13
2026-09-30T16:22:51.443Z,gpu-3uwoq-6g3ya-1,nvlink,gpu3,nvlink_rx_bytes,2.18839e+13
2026-09-30T16:22:51.443Z,gpu-3uwoq-6g3ya-1,nvlink,gpu3,nvlink_tx_bytes,2.19016e+13
2026-09-30T16:22:52.443Z,gpu-3uwoq-6g3ya-1,ib_counter,rdma_vf_rail0,port_xmit_data,6.27354e+12
2026-09-30T16:22:52.443Z,gpu-3uwoq-6g3ya-1,ib_counter,rdma_vf_rail0,port_rcv_data,4.31116e+12
2026-09-30T16:22:52.443Z,gpu-3uwoq-6g3ya-1,ib_counter,rdma_vf_rail0,port_xmit_packets,1.72334e+09
2026-09-30T16:22:52.443Z,gpu-3uwoq-6g3ya-1,ib_counter,rdma_vf_rail0,port_rcv_packets,1.4035e+09
2026-09-30T16:22:52.443Z,gpu-3uwoq-6g3ya-1,ib_counter,rdma_vf_rail0,port_xmit_wait,0
2026-09-30T16:22:52.443Z,gpu-3uwoq-6g3ya-1,ib_counter,rdma_vf_rail0,port_rcv_errors,0
2026-09-30T16:22:52.443Z,gpu-3uwoq-6g3ya-1,ib_counter,rdma_vf_rail0,port_xmit_discards,0
2026-09-30T16:22:52.443Z,gpu-3uwoq-6g3ya-1,ib_counter,rdma_vf_rail0,link_downed,0
2026-09-30T16:22:52.443Z,gpu-3uwoq-6g3ya-1,ib_hw_counter,rdma_vf_rail0,out_of_sequence,8
2026-09-30T16:22:52.443Z,gpu-3uwoq-6g3ya-1,ib_hw_counter,rdma_vf_rail0,packet_seq_err,9
2026-09-30T16:22:52.443Z,gpu-3uwoq-6g3ya-1,ib_hw_counter,rdma_vf_rail0,local_ack_timeout_err,0
2026-09-30T16:22:52.443Z,gpu-3uwoq-6g3ya-1,ib_hw_counter,rdma_vf_rail0,rx_write_requests,4.85746e+08
2026-09-30T16:22:52.443Z,gpu-3uwoq-6g3ya-1,ib_hw_counter,rdma_vf_rail0,rx_read_requests,2.27639e+07
2026-09-30T16:22:52.443Z,gpu-3uwoq-6g3ya-1,ib_hw_counter,rdma_vf_rail0,req_cqe_error,0
2026-09-30T16:22:52.443Z,gpu-3uwoq-6g3ya-1,ib_hw_counter,rdma_vf_rail0,resp_cqe_error,0
2026-09-30T16:22:52.443Z,gpu-3uwoq-6g3ya-1,ib_hw_counter,rdma_vf_rail0,implied_nak_seq_err,0
2026-09-30T16:22:52.443Z,gpu-3uwoq-6g3ya-1,ib_hw_counter,rdma_vf_rail0,duplicate_request,0
2026-09-30T16:22:52.443Z,gpu-3uwoq-6g3ya-1,ib_counter,rdma_vf_rail1,port_xmit_data,5.48301e+12
2026-09-30T16:22:52.443Z,gpu-3uwoq-6g3ya-1,ib_counter,rdma_vf_rail1,port_rcv_data,3.51844e+12
2026-09-30T16:22:52.443Z,gpu-3uwoq-6g3ya-1,ib_counter,rdma_vf_rail1,port_xmit_packets,1.50928e+09
2026-09-30T16:22:52.443Z,gpu-3uwoq-6g3ya-1,ib_counter,rdma_vf_rail1,port_rcv_packets,1.16889e+09
2026-09-30T16:22:52.443Z,gpu-3uwoq-6g3ya-1,ib_counter,rdma_vf_rail1,port_xmit_wait,0
2026-09-30T16:22:52.443Z,gpu-3uwoq-6g3ya-1,ib_counter,rdma_vf_rail1,port_rcv_errors,0
2026-09-30T16:22:52.443Z,gpu-3uwoq-6g3ya-1,ib_counter,rdma_vf_rail1,port_xmit_discards,0
2026-09-30T16:22:52.443Z,gpu-3uwoq-6g3ya-1,ib_counter,rdma_vf_rail1,link_downed,0
2026-09-30T16:22:52.443Z,gpu-3uwoq-6g3ya-1,ib_hw_counter,rdma_vf_rail1,out_of_sequence,7
2026-09-30T16:22:52.443Z,gpu-3uwoq-6g3ya-1,ib_hw_counter,rdma_vf_rail1,packet_seq_err,8
2026-09-30T16:22:52.443Z,gpu-3uwoq-6g3ya-1,ib_hw_counter,rdma_vf_rail1,local_ack_timeout_err,0
2026-09-30T16:22:52.443Z,gpu-3uwoq-6g3ya-1,ib_hw_counter,rdma_vf_rail1,rx_write_requests,4.73996e+08
2026-09-30T16:22:52.443Z,gpu-3uwoq-6g3ya-1,ib_hw_counter,rdma_vf_rail1,rx_read_requests,1.68838e+07
2026-09-30T16:22:52.443Z,gpu-3uwoq-6g3ya-1,ib_hw_counter,rdma_vf_rail1,req_cqe_error,0
2026-09-30T16:22:52.443Z,gpu-3uwoq-6g3ya-1,ib_hw_counter,rdma_vf_rail1,resp_cqe_error,0
2026-09-30T16:22:52.443Z,gpu-3uwoq-6g3ya-1,ib_hw_counter,rdma_vf_rail1,implied_nak_seq_err,0
2026-09-30T16:22:52.443Z,gpu-3uwoq-6g3ya-1,ib_hw_counter,rdma_vf_rail1,duplicate_request,0
2026-09-30T16:22:52.443Z,gpu-3uwoq-6g3ya-1,ib_counter,rdma_vf_rail2,port_xmit_data,5.4557e+12
2026-09-30T16:22:52.443Z,gpu-3uwoq-6g3ya-1,ib_counter,rdma_vf_rail2,port_rcv_data,3.49072e+12
2026-09-30T16:22:52.443Z,gpu-3uwoq-6g3ya-1,ib_counter,rdma_vf_rail2,port_xmit_packets,1.49548e+09
2026-09-30T16:22:52.443Z,gpu-3uwoq-6g3ya-1,ib_counter,rdma_vf_rail2,port_rcv_packets,1.15052e+09
2026-09-30T16:22:52.443Z,gpu-3uwoq-6g3ya-1,ib_counter,rdma_vf_rail2,port_xmit_wait,0
2026-09-30T16:22:52.443Z,gpu-3uwoq-6g3ya-1,ib_counter,rdma_vf_rail2,port_rcv_errors,0
2026-09-30T16:22:52.443Z,gpu-3uwoq-6g3ya-1,ib_counter,rdma_vf_rail2,port_xmit_discards,0
2026-09-30T16:22:52.443Z,gpu-3uwoq-6g3ya-1,ib_counter,rdma_vf_rail2,link_downed,0
2026-09-30T16:22:52.443Z,gpu-3uwoq-6g3ya-1,ib_hw_counter,rdma_vf_rail2,out_of_sequence,8
2026-09-30T16:22:52.443Z,gpu-3uwoq-6g3ya-1,ib_hw_counter,rdma_vf_rail2,packet_seq_err,7
2026-09-30T16:22:52.443Z,gpu-3uwoq-6g3ya-1,ib_hw_counter,rdma_vf_rail2,local_ack_timeout_err,0
2026-09-30T16:22:52.443Z,gpu-3uwoq-6g3ya-1,ib_hw_counter,rdma_vf_rail2,rx_write_requests,4.73562e+08
2026-09-30T16:22:52.443Z,gpu-3uwoq-6g3ya-1,ib_hw_counter,rdma_vf_rail2,rx_read_requests,1.66762e+07
2026-09-30T16:22:52.443Z,gpu-3uwoq-6g3ya-1,ib_hw_counter,rdma_vf_rail2,req_cqe_error,0
2026-09-30T16:22:52.443Z,gpu-3uwoq-6g3ya-1,ib_hw_counter,rdma_vf_rail2,resp_cqe_error,0
2026-09-30T16:22:52.443Z,gpu-3uwoq-6g3ya-1,ib_hw_counter,rdma_vf_rail2,implied_nak_seq_err,0
2026-09-30T16:22:52.443Z,gpu-3uwoq-6g3ya-1,ib_hw_counter,rdma_vf_rail2,duplicate_request,0
2026-09-30T16:22:52.443Z,gpu-3uwoq-6g3ya-1,ib_counter,rdma_vf_rail3,port_xmit_data,5.45593e+12
2026-09-30T16:22:52.443Z,gpu-3uwoq-6g3ya-1,ib_counter,rdma_vf_rail3,port_rcv_data,3.49051e+12
2026-09-30T16:22:52.443Z,gpu-3uwoq-6g3ya-1,ib_counter,rdma_vf_rail3,port_xmit_packets,1.49601e+09
2026-09-30T16:22:52.443Z,gpu-3uwoq-6g3ya-1,ib_counter,rdma_vf_rail3,port_rcv_packets,1.14761e+09
2026-09-30T16:22:52.443Z,gpu-3uwoq-6g3ya-1,ib_counter,rdma_vf_rail3,port_xmit_wait,0
2026-09-30T16:22:52.443Z,gpu-3uwoq-6g3ya-1,ib_counter,rdma_vf_rail3,port_rcv_errors,0
2026-09-30T16:22:52.443Z,gpu-3uwoq-6g3ya-1,ib_counter,rdma_vf_rail3,port_xmit_discards,0
2026-09-30T16:22:52.443Z,gpu-3uwoq-6g3ya-1,ib_counter,rdma_vf_rail3,link_downed,0
2026-09-30T16:22:52.443Z,gpu-3uwoq-6g3ya-1,ib_hw_counter,rdma_vf_rail3,out_of_sequence,9
2026-09-30T16:22:52.443Z,gpu-3uwoq-6g3ya-1,ib_hw_counter,rdma_vf_rail3,packet_seq_err,8
2026-09-30T16:22:52.443Z,gpu-3uwoq-6g3ya-1,ib_hw_counter,rdma_vf_rail3,local_ack_timeout_err,0
2026-09-30T16:22:52.443Z,gpu-3uwoq-6g3ya-1,ib_hw_counter,rdma_vf_rail3,rx_write_requests,4.73562e+08
2026-09-30T16:22:52.443Z,gpu-3uwoq-6g3ya-1,ib_hw_counter,rdma_vf_rail3,rx_read_requests,1.66762e+07
2026-09-30T16:22:52.443Z,gpu-3uwoq-6g3ya-1,ib_hw_counter,rdma_vf_rail3,req_cqe_error,0
2026-09-30T16:22:52.443Z,gpu-3uwoq-6g3ya-1,ib_hw_counter,rdma_vf_rail3,resp_cqe_error,0
2026-09-30T16:22:52.443Z,gpu-3uwoq-6g3ya-1,ib_hw_counter,rdma_vf_rail3,implied_nak_seq_err,0
2026-09-30T16:22:52.443Z,gpu-3uwoq-6g3ya-1,ib_hw_counter,rdma_vf_rail3,duplicate_request,0
2026-09-30T16:22:52.443Z,gpu-3uwoq-6g3ya-1,dcgm,gpu2,gpu_util,0
2026-09-30T16:22:52.443Z,gpu-3uwoq-6g3ya-1,dcgm,gpu3,gpu_util,0
2026-09-30T16:22:52.443Z,gpu-3uwoq-6g3ya-1,dcgm,gpu0,gpu_util,0
2026-09-30T16:22:52.443Z,gpu-3uwoq-6g3ya-1,dcgm,gpu1,gpu_util,0
2026-09-30T16:22:52.443Z,gpu-3uwoq-6g3ya-1,dcgm,gpu2,nvlink_bandwidth_total,0
2026-09-30T16:22:52.443Z,gpu-3uwoq-6g3ya-1,dcgm,gpu3,nvlink_bandwidth_total,0
2026-09-30T16:22:52.443Z,gpu-3uwoq-6g3ya-1,dcgm,gpu0,nvlink_bandwidth_total,0
2026-09-30T16:22:52.443Z,gpu-3uwoq-6g3ya-1,dcgm,gpu1,nvlink_bandwidth_total,0
2026-09-30T16:22:52.443Z,gpu-3uwoq-6g3ya-1,dcgm,gpu2,power_w,222.82
2026-09-30T16:22:52.443Z,gpu-3uwoq-6g3ya-1,dcgm,gpu3,power_w,227.026
2026-09-30T16:22:52.443Z,gpu-3uwoq-6g3ya-1,dcgm,gpu0,power_w,230.127
2026-09-30T16:22:52.443Z,gpu-3uwoq-6g3ya-1,dcgm,gpu1,power_w,226.521
2026-09-30T16:22:52.443Z,gpu-3uwoq-6g3ya-1,dcgm,gpu2,sm_clock_mhz,2070
2026-09-30T16:22:52.443Z,gpu-3uwoq-6g3ya-1,dcgm,gpu3,sm_clock_mhz,2070
2026-09-30T16:22:52.443Z,gpu-3uwoq-6g3ya-1,dcgm,gpu0,sm_clock_mhz,2070
2026-09-30T16:22:52.443Z,gpu-3uwoq-6g3ya-1,dcgm,gpu1,sm_clock_mhz,2070
2026-09-30T16:22:52.443Z,gpu-3uwoq-6g3ya-1,dcgm,gpu2,dram_active,0
2026-09-30T16:22:52.443Z,gpu-3uwoq-6g3ya-1,dcgm,gpu3,dram_active,0
2026-09-30T16:22:52.443Z,gpu-3uwoq-6g3ya-1,dcgm,gpu0,dram_active,0
2026-09-30T16:22:52.443Z,gpu-3uwoq-6g3ya-1,dcgm,gpu1,dram_active,0
2026-09-30T16:22:52.443Z,gpu-3uwoq-6g3ya-1,dcgm,gpu2,pcie_rx_bytes,43152
2026-09-30T16:22:52.443Z,gpu-3uwoq-6g3ya-1,dcgm,gpu3,pcie_rx_bytes,36130
2026-09-30T16:22:52.443Z,gpu-3uwoq-6g3ya-1,dcgm,gpu0,pcie_rx_bytes,50088
2026-09-30T16:22:52.443Z,gpu-3uwoq-6g3ya-1,dcgm,gpu1,pcie_rx_bytes,54948
2026-09-30T16:22:52.443Z,gpu-3uwoq-6g3ya-1,dcgm,gpu2,pcie_tx_bytes,39623
2026-09-30T16:22:52.443Z,gpu-3uwoq-6g3ya-1,dcgm,gpu3,pcie_tx_bytes,33072
2026-09-30T16:22:52.443Z,gpu-3uwoq-6g3ya-1,dcgm,gpu0,pcie_tx_bytes,46489
2026-09-30T16:22:52.443Z,gpu-3uwoq-6g3ya-1,dcgm,gpu1,pcie_tx_bytes,51404
2026-09-30T16:22:52.443Z,gpu-3uwoq-6g3ya-1,dcgm,gpu2,tensor_active,0
2026-09-30T16:22:52.443Z,gpu-3uwoq-6g3ya-1,dcgm,gpu3,tensor_active,0
2026-09-30T16:22:52.443Z,gpu-3uwoq-6g3ya-1,dcgm,gpu0,tensor_active,0
2026-09-30T16:22:52.443Z,gpu-3uwoq-6g3ya-1,dcgm,gpu1,tensor_active,0
2026-09-30T16:22:52.443Z,gpu-3uwoq-6g3ya-1,dcgm,gpu2,sm_active,0
2026-09-30T16:22:52.443Z,gpu-3uwoq-6g3ya-1,dcgm,gpu3,sm_active,0
2026-09-30T16:22:52.443Z,gpu-3uwoq-6g3ya-1,dcgm,gpu0,sm_active,0
2026-09-30T16:22:52.443Z,gpu-3uwoq-6g3ya-1,dcgm,gpu1,sm_active,0
2026-09-30T16:22:52.443Z,gpu-3uwoq-6g3ya-1,nvlink,gpu0,nvlink_rx_bytes,2.19204e+13
2026-09-30T16:22:52.443Z,gpu-3uwoq-6g3ya-1,nvlink,gpu0,nvlink_tx_bytes,2.19341e+13
2026-09-30T16:22:52.443Z,gpu-3uwoq-6g3ya-1,nvlink,gpu1,nvlink_rx_bytes,2.27892e+13
2026-09-30T16:22:52.443Z,gpu-3uwoq-6g3ya-1,nvlink,gpu1,nvlink_tx_bytes,2.28013e+13
2026-09-30T16:22:52.443Z,gpu-3uwoq-6g3ya-1,nvlink,gpu2,nvlink_rx_bytes,2.19858e+13
2026-09-30T16:22:52.443Z,gpu-3uwoq-6g3ya-1,nvlink,gpu2,nvlink_tx_bytes,2.20045e+13
2026-09-30T16:22:52.443Z,gpu-3uwoq-6g3ya-1,nvlink,gpu3,nvlink_rx_bytes,2.18839e+13
2026-09-30T16:22:52.443Z,gpu-3uwoq-6g3ya-1,nvlink,gpu3,nvlink_tx_bytes,2.19016e+13
2026-09-30T16:22:53.443Z,gpu-3uwoq-6g3ya-1,ib_counter,rdma_vf_rail0,port_xmit_data,6.27354e+12
2026-09-30T16:22:53.443Z,gpu-3uwoq-6g3ya-1,ib_counter,rdma_vf_rail0,port_rcv_data,4.31116e+12
2026-09-30T16:22:53.443Z,gpu-3uwoq-6g3ya-1,ib_counter,rdma_vf_rail0,port_xmit_packets,1.72334e+09
2026-09-30T16:22:53.443Z,gpu-3uwoq-6g3ya-1,ib_counter,rdma_vf_rail0,port_rcv_packets,1.4035e+09
2026-09-30T16:22:53.443Z,gpu-3uwoq-6g3ya-1,ib_counter,rdma_vf_rail0,port_xmit_wait,0
2026-09-30T16:22:53.443Z,gpu-3uwoq-6g3ya-1,ib_counter,rdma_vf_rail0,port_rcv_errors,0
2026-09-30T16:22:53.443Z,gpu-3uwoq-6g3ya-1,ib_counter,rdma_vf_rail0,port_xmit_discards,0
2026-09-30T16:22:53.443Z,gpu-3uwoq-6g3ya-1,ib_counter,rdma_vf_rail0,link_downed,0
2026-09-30T16:22:53.443Z,gpu-3uwoq-6g3ya-1,ib_hw_counter,rdma_vf_rail0,out_of_sequence,8
2026-09-30T16:22:53.443Z,gpu-3uwoq-6g3ya-1,ib_hw_counter,rdma_vf_rail0,packet_seq_err,9
2026-09-30T16:22:53.443Z,gpu-3uwoq-6g3ya-1,ib_hw_counter,rdma_vf_rail0,local_ack_timeout_err,0
2026-09-30T16:22:53.443Z,gpu-3uwoq-6g3ya-1,ib_hw_counter,rdma_vf_rail0,rx_write_requests,4.85746e+08
2026-09-30T16:22:53.443Z,gpu-3uwoq-6g3ya-1,ib_hw_counter,rdma_vf_rail0,rx_read_requests,2.27639e+07
2026-09-30T16:22:53.443Z,gpu-3uwoq-6g3ya-1,ib_hw_counter,rdma_vf_rail0,req_cqe_error,0
2026-09-30T16:22:53.443Z,gpu-3uwoq-6g3ya-1,ib_hw_counter,rdma_vf_rail0,resp_cqe_error,0
2026-09-30T16:22:53.443Z,gpu-3uwoq-6g3ya-1,ib_hw_counter,rdma_vf_rail0,implied_nak_seq_err,0
2026-09-30T16:22:53.443Z,gpu-3uwoq-6g3ya-1,ib_hw_counter,rdma_vf_rail0,duplicate_request,0
2026-09-30T16:22:53.443Z,gpu-3uwoq-6g3ya-1,ib_counter,rdma_vf_rail1,port_xmit_data,5.48301e+12
2026-09-30T16:22:53.443Z,gpu-3uwoq-6g3ya-1,ib_counter,rdma_vf_rail1,port_rcv_data,3.51844e+12
2026-09-30T16:22:53.443Z,gpu-3uwoq-6g3ya-1,ib_counter,rdma_vf_rail1,port_xmit_packets,1.50928e+09
2026-09-30T16:22:53.443Z,gpu-3uwoq-6g3ya-1,ib_counter,rdma_vf_rail1,port_rcv_packets,1.16889e+09
2026-09-30T16:22:53.443Z,gpu-3uwoq-6g3ya-1,ib_counter,rdma_vf_rail1,port_xmit_wait,0
2026-09-30T16:22:53.443Z,gpu-3uwoq-6g3ya-1,ib_counter,rdma_vf_rail1,port_rcv_errors,0
2026-09-30T16:22:53.443Z,gpu-3uwoq-6g3ya-1,ib_counter,rdma_vf_rail1,port_xmit_discards,0
2026-09-30T16:22:53.443Z,gpu-3uwoq-6g3ya-1,ib_counter,rdma_vf_rail1,link_downed,0
2026-09-30T16:22:53.443Z,gpu-3uwoq-6g3ya-1,ib_hw_counter,rdma_vf_rail1,out_of_sequence,7
2026-09-30T16:22:53.443Z,gpu-3uwoq-6g3ya-1,ib_hw_counter,rdma_vf_rail1,packet_seq_err,8
2026-09-30T16:22:53.443Z,gpu-3uwoq-6g3ya-1,ib_hw_counter,rdma_vf_rail1,local_ack_timeout_err,0
2026-09-30T16:22:53.443Z,gpu-3uwoq-6g3ya-1,ib_hw_counter,rdma_vf_rail1,rx_write_requests,4.73996e+08
2026-09-30T16:22:53.443Z,gpu-3uwoq-6g3ya-1,ib_hw_counter,rdma_vf_rail1,rx_read_requests,1.68838e+07
2026-09-30T16:22:53.443Z,gpu-3uwoq-6g3ya-1,ib_hw_counter,rdma_vf_rail1,req_cqe_error,0
2026-09-30T16:22:53.443Z,gpu-3uwoq-6g3ya-1,ib_hw_counter,rdma_vf_rail1,resp_cqe_error,0
2026-09-30T16:22:53.443Z,gpu-3uwoq-6g3ya-1,ib_hw_counter,rdma_vf_rail1,implied_nak_seq_err,0
2026-09-30T16:22:53.443Z,gpu-3uwoq-6g3ya-1,ib_hw_counter,rdma_vf_rail1,duplicate_request,0
2026-09-30T16:22:53.443Z,gpu-3uwoq-6g3ya-1,ib_counter,rdma_vf_rail2,port_xmit_data,5.4557e+12
2026-09-30T16:22:53.443Z,gpu-3uwoq-6g3ya-1,ib_counter,rdma_vf_rail2,port_rcv_data,3.49072e+12
2026-09-30T16:22:53.443Z,gpu-3uwoq-6g3ya-1,ib_counter,rdma_vf_rail2,port_xmit_packets,1.49548e+09
2026-09-30T16:22:53.443Z,gpu-3uwoq-6g3ya-1,ib_counter,rdma_vf_rail2,port_rcv_packets,1.15052e+09
2026-09-30T16:22:53.443Z,gpu-3uwoq-6g3ya-1,ib_counter,rdma_vf_rail2,port_xmit_wait,0
2026-09-30T16:22:53.443Z,gpu-3uwoq-6g3ya-1,ib_counter,rdma_vf_rail2,port_rcv_errors,0
2026-09-30T16:22:53.443Z,gpu-3uwoq-6g3ya-1,ib_counter,rdma_vf_rail2,port_xmit_discards,0
2026-09-30T16:22:53.443Z,gpu-3uwoq-6g3ya-1,ib_counter,rdma_vf_rail2,link_downed,0
2026-09-30T16:22:53.443Z,gpu-3uwoq-6g3ya-1,ib_hw_counter,rdma_vf_rail2,out_of_sequence,8
2026-09-30T16:22:53.443Z,gpu-3uwoq-6g3ya-1,ib_hw_counter,rdma_vf_rail2,packet_seq_err,7
2026-09-30T16:22:53.443Z,gpu-3uwoq-6g3ya-1,ib_hw_counter,rdma_vf_rail2,local_ack_timeout_err,0
2026-09-30T16:22:53.443Z,gpu-3uwoq-6g3ya-1,ib_hw_counter,rdma_vf_rail2,rx_write_requests,4.73562e+08
2026-09-30T16:22:53.443Z,gpu-3uwoq-6g3ya-1,ib_hw_counter,rdma_vf_rail2,rx_read_requests,1.66762e+07
2026-09-30T16:22:53.443Z,gpu-3uwoq-6g3ya-1,ib_hw_counter,rdma_vf_rail2,req_cqe_error,0
2026-09-30T16:22:53.443Z,gpu-3uwoq-6g3ya-1,ib_hw_counter,rdma_vf_rail2,resp_cqe_error,0
2026-09-30T16:22:53.443Z,gpu-3uwoq-6g3ya-1,ib_hw_counter,rdma_vf_rail2,implied_nak_seq_err,0
2026-09-30T16:22:53.443Z,gpu-3uwoq-6g3ya-1,ib_hw_counter,rdma_vf_rail2,duplicate_request,0
2026-09-30T16:22:53.443Z,gpu-3uwoq-6g3ya-1,ib_counter,rdma_vf_rail3,port_xmit_data,5.45593e+12
2026-09-30T16:22:53.443Z,gpu-3uwoq-6g3ya-1,ib_counter,rdma_vf_rail3,port_rcv_data,3.49051e+12
2026-09-30T16:22:53.443Z,gpu-3uwoq-6g3ya-1,ib_counter,rdma_vf_rail3,port_xmit_packets,1.49601e+09
2026-09-30T16:22:53.443Z,gpu-3uwoq-6g3ya-1,ib_counter,rdma_vf_rail3,port_rcv_packets,1.14761e+09
2026-09-30T16:22:53.443Z,gpu-3uwoq-6g3ya-1,ib_counter,rdma_vf_rail3,port_xmit_wait,0
2026-09-30T16:22:53.443Z,gpu-3uwoq-6g3ya-1,ib_counter,rdma_vf_rail3,port_rcv_errors,0
2026-09-30T16:22:53.443Z,gpu-3uwoq-6g3ya-1,ib_counter,rdma_vf_rail3,port_xmit_discards,0
2026-09-30T16:22:53.443Z,gpu-3uwoq-6g3ya-1,ib_counter,rdma_vf_rail3,link_downed,0
2026-09-30T16:22:53.443Z,gpu-3uwoq-6g3ya-1,ib_hw_counter,rdma_vf_rail3,out_of_sequence,9
2026-09-30T16:22:53.443Z,gpu-3uwoq-6g3ya-1,ib_hw_counter,rdma_vf_rail3,packet_seq_err,8
2026-09-30T16:22:53.443Z,gpu-3uwoq-6g3ya-1,ib_hw_counter,rdma_vf_rail3,local_ack_timeout_err,0
2026-09-30T16:22:53.443Z,gpu-3uwoq-6g3ya-1,ib_hw_counter,rdma_vf_rail3,rx_write_requests,4.73562e+08
2026-09-30T16:22:53.443Z,gpu-3uwoq-6g3ya-1,ib_hw_counter,rdma_vf_rail3,rx_read_requests,1.66762e+07
2026-09-30T16:22:53.443Z,gpu-3uwoq-6g3ya-1,ib_hw_counter,rdma_vf_rail3,req_cqe_error,0
2026-09-30T16:22:53.443Z,gpu-3uwoq-6g3ya-1,ib_hw_counter,rdma_vf_rail3,resp_cqe_error,0
2026-09-30T16:22:53.443Z,gpu-3uwoq-6g3ya-1,ib_hw_counter,rdma_vf_rail3,implied_nak_seq_err,0
2026-09-30T16:22:53.443Z,gpu-3uwoq-6g3ya-1,ib_hw_counter,rdma_vf_rail3,duplicate_request,0
2026-09-30T16:22:53.443Z,gpu-3uwoq-6g3ya-1,dcgm,gpu2,gpu_util,0
2026-09-30T16:22:53.443Z,gpu-3uwoq-6g3ya-1,dcgm,gpu3,gpu_util,0
2026-09-30T16:22:53.443Z,gpu-3uwoq-6g3ya-1,dcgm,gpu0,gpu_util,0
2026-09-30T16:22:53.443Z,gpu-3uwoq-6g3ya-1,dcgm,gpu1,gpu_util,0
2026-09-30T16:22:53.443Z,gpu-3uwoq-6g3ya-1,dcgm,gpu2,nvlink_bandwidth_total,0
2026-09-30T16:22:53.443Z,gpu-3uwoq-6g3ya-1,dcgm,gpu3,nvlink_bandwidth_total,0
2026-09-30T16:22:53.443Z,gpu-3uwoq-6g3ya-1,dcgm,gpu0,nvlink_bandwidth_total,0
2026-09-30T16:22:53.443Z,gpu-3uwoq-6g3ya-1,dcgm,gpu1,nvlink_bandwidth_total,0
2026-09-30T16:22:53.443Z,gpu-3uwoq-6g3ya-1,dcgm,gpu2,power_w,222.82
2026-09-30T16:22:53.443Z,gpu-3uwoq-6g3ya-1,dcgm,gpu3,power_w,227.026
2026-09-30T16:22:53.443Z,gpu-3uwoq-6g3ya-1,dcgm,gpu0,power_w,230.127
2026-09-30T16:22:53.443Z,gpu-3uwoq-6g3ya-1,dcgm,gpu1,power_w,226.521
2026-09-30T16:22:53.443Z,gpu-3uwoq-6g3ya-1,dcgm,gpu2,sm_clock_mhz,2070
2026-09-30T16:22:53.443Z,gpu-3uwoq-6g3ya-1,dcgm,gpu3,sm_clock_mhz,2070
2026-09-30T16:22:53.443Z,gpu-3uwoq-6g3ya-1,dcgm,gpu0,sm_clock_mhz,2070
2026-09-30T16:22:53.443Z,gpu-3uwoq-6g3ya-1,dcgm,gpu1,sm_clock_mhz,2070
2026-09-30T16:22:53.443Z,gpu-3uwoq-6g3ya-1,dcgm,gpu2,dram_active,0
2026-09-30T16:22:53.443Z,gpu-3uwoq-6g3ya-1,dcgm,gpu3,dram_active,0
2026-09-30T16:22:53.443Z,gpu-3uwoq-6g3ya-1,dcgm,gpu0,dram_active,0
2026-09-30T16:22:53.443Z,gpu-3uwoq-6g3ya-1,dcgm,gpu1,dram_active,0
2026-09-30T16:22:53.443Z,gpu-3uwoq-6g3ya-1,dcgm,gpu2,pcie_rx_bytes,43152
2026-09-30T16:22:53.443Z,gpu-3uwoq-6g3ya-1,dcgm,gpu3,pcie_rx_bytes,36130
2026-09-30T16:22:53.443Z,gpu-3uwoq-6g3ya-1,dcgm,gpu0,pcie_rx_bytes,50088
2026-09-30T16:22:53.443Z,gpu-3uwoq-6g3ya-1,dcgm,gpu1,pcie_rx_bytes,54948
2026-09-30T16:22:53.443Z,gpu-3uwoq-6g3ya-1,dcgm,gpu2,pcie_tx_bytes,39623
2026-09-30T16:22:53.443Z,gpu-3uwoq-6g3ya-1,dcgm,gpu3,pcie_tx_bytes,33072
2026-09-30T16:22:53.443Z,gpu-3uwoq-6g3ya-1,dcgm,gpu0,pcie_tx_bytes,46489
2026-09-30T16:22:53.443Z,gpu-3uwoq-6g3ya-1,dcgm,gpu1,pcie_tx_bytes,51404
2026-09-30T16:22:53.443Z,gpu-3uwoq-6g3ya-1,dcgm,gpu2,tensor_active,0
2026-09-30T16:22:53.443Z,gpu-3uwoq-6g3ya-1,dcgm,gpu3,tensor_active,0
2026-09-30T16:22:53.443Z,gpu-3uwoq-6g3ya-1,dcgm,gpu0,tensor_active,0
2026-09-30T16:22:53.443Z,gpu-3uwoq-6g3ya-1,dcgm,gpu1,tensor_active,0
2026-09-30T16:22:53.443Z,gpu-3uwoq-6g3ya-1,dcgm,gpu2,sm_active,0
2026-09-30T16:22:53.443Z,gpu-3uwoq-6g3ya-1,dcgm,gpu3,sm_active,0
2026-09-30T16:22:53.443Z,gpu-3uwoq-6g3ya-1,dcgm,gpu0,sm_active,0
2026-09-30T16:22:53.443Z,gpu-3uwoq-6g3ya-1,dcgm,gpu1,sm_active,0
2026-09-30T16:22:53.443Z,gpu-3uwoq-6g3ya-1,nvlink,gpu0,nvlink_rx_bytes,2.19204e+13
2026-09-30T16:22:53.443Z,gpu-3uwoq-6g3ya-1,nvlink,gpu0,nvlink_tx_bytes,2.19341e+13
2026-09-30T16:22:53.443Z,gpu-3uwoq-6g3ya-1,nvlink,gpu1,nvlink_rx_bytes,2.27892e+13
2026-09-30T16:22:53.443Z,gpu-3uwoq-6g3ya-1,nvlink,gpu1,nvlink_tx_bytes,2.28013e+13
2026-09-30T16:22:53.443Z,gpu-3uwoq-6g3ya-1,nvlink,gpu2,nvlink_rx_bytes,2.19858e+13
2026-09-30T16:22:53.443Z,gpu-3uwoq-6g3ya-1,nvlink,gpu2,nvlink_tx_bytes,2.20045e+13
2026-09-30T16:22:53.443Z,gpu-3uwoq-6g3ya-1,nvlink,gpu3,nvlink_rx_bytes,2.18839e+13
2026-09-30T16:22:53.443Z,gpu-3uwoq-6g3ya-1,nvlink,gpu3,nvlink_tx_bytes,2.19016e+13
2026-09-30T16:22:54.443Z,gpu-3uwoq-6g3ya-1,ib_counter,rdma_vf_rail0,port_xmit_data,6.27354e+12
2026-09-30T16:22:54.443Z,gpu-3uwoq-6g3ya-1,ib_counter,rdma_vf_rail0,port_rcv_data,4.31116e+12
2026-09-30T16:22:54.443Z,gpu-3uwoq-6g3ya-1,ib_counter,rdma_vf_rail0,port_xmit_packets,1.72334e+09
2026-09-30T16:22:54.443Z,gpu-3uwoq-6g3ya-1,ib_counter,rdma_vf_rail0,port_rcv_packets,1.4035e+09
2026-09-30T16:22:54.443Z,gpu-3uwoq-6g3ya-1,ib_counter,rdma_vf_rail0,port_xmit_wait,0
2026-09-30T16:22:54.443Z,gpu-3uwoq-6g3ya-1,ib_counter,rdma_vf_rail0,port_rcv_errors,0
2026-09-30T16:22:54.443Z,gpu-3uwoq-6g3ya-1,ib_counter,rdma_vf_rail0,port_xmit_discards,0
2026-09-30T16:22:54.443Z,gpu-3uwoq-6g3ya-1,ib_counter,rdma_vf_rail0,link_downed,0
2026-09-30T16:22:54.443Z,gpu-3uwoq-6g3ya-1,ib_hw_counter,rdma_vf_rail0,out_of_sequence,8
2026-09-30T16:22:54.443Z,gpu-3uwoq-6g3ya-1,ib_hw_counter,rdma_vf_rail0,packet_seq_err,9
2026-09-30T16:22:54.443Z,gpu-3uwoq-6g3ya-1,ib_hw_counter,rdma_vf_rail0,local_ack_timeout_err,0
2026-09-30T16:22:54.443Z,gpu-3uwoq-6g3ya-1,ib_hw_counter,rdma_vf_rail0,rx_write_requests,4.85746e+08
2026-09-30T16:22:54.443Z,gpu-3uwoq-6g3ya-1,ib_hw_counter,rdma_vf_rail0,rx_read_requests,2.27639e+07
2026-09-30T16:22:54.443Z,gpu-3uwoq-6g3ya-1,ib_hw_counter,rdma_vf_rail0,req_cqe_error,0
2026-09-30T16:22:54.443Z,gpu-3uwoq-6g3ya-1,ib_hw_counter,rdma_vf_rail0,resp_cqe_error,0
2026-09-30T16:22:54.443Z,gpu-3uwoq-6g3ya-1,ib_hw_counter,rdma_vf_rail0,implied_nak_seq_err,0
2026-09-30T16:22:54.443Z,gpu-3uwoq-6g3ya-1,ib_hw_counter,rdma_vf_rail0,duplicate_request,0
2026-09-30T16:22:54.443Z,gpu-3uwoq-6g3ya-1,ib_counter,rdma_vf_rail1,port_xmit_data,5.48301e+12
2026-09-30T16:22:54.443Z,gpu-3uwoq-6g3ya-1,ib_counter,rdma_vf_rail1,port_rcv_data,3.51844e+12
2026-09-30T16:22:54.443Z,gpu-3uwoq-6g3ya-1,ib_counter,rdma_vf_rail1,port_xmit_packets,1.50928e+09
2026-09-30T16:22:54.443Z,gpu-3uwoq-6g3ya-1,ib_counter,rdma_vf_rail1,port_rcv_packets,1.16889e+09
2026-09-30T16:22:54.443Z,gpu-3uwoq-6g3ya-1,ib_counter,rdma_vf_rail1,port_xmit_wait,0
2026-09-30T16:22:54.443Z,gpu-3uwoq-6g3ya-1,ib_counter,rdma_vf_rail1,port_rcv_errors,0
2026-09-30T16:22:54.443Z,gpu-3uwoq-6g3ya-1,ib_counter,rdma_vf_rail1,port_xmit_discards,0
2026-09-30T16:22:54.443Z,gpu-3uwoq-6g3ya-1,ib_counter,rdma_vf_rail1,link_downed,0
2026-09-30T16:22:54.443Z,gpu-3uwoq-6g3ya-1,ib_hw_counter,rdma_vf_rail1,out_of_sequence,7
2026-09-30T16:22:54.443Z,gpu-3uwoq-6g3ya-1,ib_hw_counter,rdma_vf_rail1,packet_seq_err,8
2026-09-30T16:22:54.443Z,gpu-3uwoq-6g3ya-1,ib_hw_counter,rdma_vf_rail1,local_ack_timeout_err,0
2026-09-30T16:22:54.443Z,gpu-3uwoq-6g3ya-1,ib_hw_counter,rdma_vf_rail1,rx_write_requests,4.73996e+08
2026-09-30T16:22:54.443Z,gpu-3uwoq-6g3ya-1,ib_hw_counter,rdma_vf_rail1,rx_read_requests,1.68838e+07
2026-09-30T16:22:54.443Z,gpu-3uwoq-6g3ya-1,ib_hw_counter,rdma_vf_rail1,req_cqe_error,0
2026-09-30T16:22:54.443Z,gpu-3uwoq-6g3ya-1,ib_hw_counter,rdma_vf_rail1,resp_cqe_error,0
2026-09-30T16:22:54.443Z,gpu-3uwoq-6g3ya-1,ib_hw_counter,rdma_vf_rail1,implied_nak_seq_err,0
2026-09-30T16:22:54.443Z,gpu-3uwoq-6g3ya-1,ib_hw_counter,rdma_vf_rail1,duplicate_request,0
2026-09-30T16:22:54.443Z,gpu-3uwoq-6g3ya-1,ib_counter,rdma_vf_rail2,port_xmit_data,5.4557e+12
2026-09-30T16:22:54.443Z,gpu-3uwoq-6g3ya-1,ib_counter,rdma_vf_rail2,port_rcv_data,3.49072e+12
2026-09-30T16:22:54.443Z,gpu-3uwoq-6g3ya-1,ib_counter,rdma_vf_rail2,port_xmit_packets,1.49548e+09
2026-09-30T16:22:54.443Z,gpu-3uwoq-6g3ya-1,ib_counter,rdma_vf_rail2,port_rcv_packets,1.15052e+09
2026-09-30T16:22:54.443Z,gpu-3uwoq-6g3ya-1,ib_counter,rdma_vf_rail2,port_xmit_wait,0
2026-09-30T16:22:54.443Z,gpu-3uwoq-6g3ya-1,ib_counter,rdma_vf_rail2,port_rcv_errors,0
2026-09-30T16:22:54.443Z,gpu-3uwoq-6g3ya-1,ib_counter,rdma_vf_rail2,port_xmit_discards,0
2026-09-30T16:22:54.443Z,gpu-3uwoq-6g3ya-1,ib_counter,rdma_vf_rail2,link_downed,0
2026-09-30T16:22:54.443Z,gpu-3uwoq-6g3ya-1,ib_hw_counter,rdma_vf_rail2,out_of_sequence,8
2026-09-30T16:22:54.443Z,gpu-3uwoq-6g3ya-1,ib_hw_counter,rdma_vf_rail2,packet_seq_err,7
2026-09-30T16:22:54.443Z,gpu-3uwoq-6g3ya-1,ib_hw_counter,rdma_vf_rail2,local_ack_timeout_err,0
2026-09-30T16:22:54.443Z,gpu-3uwoq-6g3ya-1,ib_hw_counter,rdma_vf_rail2,rx_write_requests,4.73562e+08
2026-09-30T16:22:54.443Z,gpu-3uwoq-6g3ya-1,ib_hw_counter,rdma_vf_rail2,rx_read_requests,1.66762e+07
2026-09-30T16:22:54.443Z,gpu-3uwoq-6g3ya-1,ib_hw_counter,rdma_vf_rail2,req_cqe_error,0
2026-09-30T16:22:54.443Z,gpu-3uwoq-6g3ya-1,ib_hw_counter,rdma_vf_rail2,resp_cqe_error,0
2026-09-30T16:22:54.443Z,gpu-3uwoq-6g3ya-1,ib_hw_counter,rdma_vf_rail2,implied_nak_seq_err,0
2026-09-30T16:22:54.443Z,gpu-3uwoq-6g3ya-1,ib_hw_counter,rdma_vf_rail2,duplicate_request,0
2026-09-30T16:22:54.443Z,gpu-3uwoq-6g3ya-1,ib_counter,rdma_vf_rail3,port_xmit_data,5.45593e+12
2026-09-30T16:22:54.443Z,gpu-3uwoq-6g3ya-1,ib_counter,rdma_vf_rail3,port_rcv_data,3.49051e+12
2026-09-30T16:22:54.443Z,gpu-3uwoq-6g3ya-1,ib_counter,rdma_vf_rail3,port_xmit_packets,1.49601e+09
2026-09-30T16:22:54.443Z,gpu-3uwoq-6g3ya-1,ib_counter,rdma_vf_rail3,port_rcv_packets,1.14761e+09
2026-09-30T16:22:54.443Z,gpu-3uwoq-6g3ya-1,ib_counter,rdma_vf_rail3,port_xmit_wait,0
2026-09-30T16:22:54.443Z,gpu-3uwoq-6g3ya-1,ib_counter,rdma_vf_rail3,port_rcv_errors,0
2026-09-30T16:22:54.443Z,gpu-3uwoq-6g3ya-1,ib_counter,rdma_vf_rail3,port_xmit_discards,0
2026-09-30T16:22:54.443Z,gpu-3uwoq-6g3ya-1,ib_counter,rdma_vf_rail3,link_downed,0
2026-09-30T16:22:54.443Z,gpu-3uwoq-6g3ya-1,ib_hw_counter,rdma_vf_rail3,out_of_sequence,9
2026-09-30T16:22:54.443Z,gpu-3uwoq-6g3ya-1,ib_hw_counter,rdma_vf_rail3,packet_seq_err,8
2026-09-30T16:22:54.443Z,gpu-3uwoq-6g3ya-1,ib_hw_counter,rdma_vf_rail3,local_ack_timeout_err,0
2026-09-30T16:22:54.443Z,gpu-3uwoq-6g3ya-1,ib_hw_counter,rdma_vf_rail3,rx_write_requests,4.73562e+08
2026-09-30T16:22:54.443Z,gpu-3uwoq-6g3ya-1,ib_hw_counter,rdma_vf_rail3,rx_read_requests,1.66762e+07
2026-09-30T16:22:54.443Z,gpu-3uwoq-6g3ya-1,ib_hw_counter,rdma_vf_rail3,req_cqe_error,0
2026-09-30T16:22:54.443Z,gpu-3uwoq-6g3ya-1,ib_hw_counter,rdma_vf_rail3,resp_cqe_error,0
2026-09-30T16:22:54.443Z,gpu-3uwoq-6g3ya-1,ib_hw_counter,rdma_vf_rail3,implied_nak_seq_err,0
2026-09-30T16:22:54.443Z,gpu-3uwoq-6g3ya-1,ib_hw_counter,rdma_vf_rail3,duplicate_request,0
2026-09-30T16:22:54.443Z,gpu-3uwoq-6g3ya-1,dcgm,gpu2,gpu_util,0
2026-09-30T16:22:54.443Z,gpu-3uwoq-6g3ya-1,dcgm,gpu3,gpu_util,0
2026-09-30T16:22:54.443Z,gpu-3uwoq-6g3ya-1,dcgm,gpu0,gpu_util,0
2026-09-30T16:22:54.443Z,gpu-3uwoq-6g3ya-1,dcgm,gpu1,gpu_util,0
2026-09-30T16:22:54.443Z,gpu-3uwoq-6g3ya-1,dcgm,gpu2,nvlink_bandwidth_total,0
2026-09-30T16:22:54.443Z,gpu-3uwoq-6g3ya-1,dcgm,gpu3,nvlink_bandwidth_total,0
2026-09-30T16:22:54.443Z,gpu-3uwoq-6g3ya-1,dcgm,gpu0,nvlink_bandwidth_total,0
2026-09-30T16:22:54.443Z,gpu-3uwoq-6g3ya-1,dcgm,gpu1,nvlink_bandwidth_total,0
2026-09-30T16:22:54.443Z,gpu-3uwoq-6g3ya-1,dcgm,gpu2,power_w,222.82
2026-09-30T16:22:54.443Z,gpu-3uwoq-6g3ya-1,dcgm,gpu3,power_w,227.026
2026-09-30T16:22:54.443Z,gpu-3uwoq-6g3ya-1,dcgm,gpu0,power_w,230.127
2026-09-30T16:22:54.443Z,gpu-3uwoq-6g3ya-1,dcgm,gpu1,power_w,226.521
2026-09-30T16:22:54.443Z,gpu-3uwoq-6g3ya-1,dcgm,gpu2,sm_clock_mhz,2070
2026-09-30T16:22:54.443Z,gpu-3uwoq-6g3ya-1,dcgm,gpu3,sm_clock_mhz,2070
2026-09-30T16:22:54.443Z,gpu-3uwoq-6g3ya-1,dcgm,gpu0,sm_clock_mhz,2070
2026-09-30T16:22:54.443Z,gpu-3uwoq-6g3ya-1,dcgm,gpu1,sm_clock_mhz,2070
2026-09-30T16:22:54.443Z,gpu-3uwoq-6g3ya-1,dcgm,gpu2,dram_active,0
2026-09-30T16:22:54.443Z,gpu-3uwoq-6g3ya-1,dcgm,gpu3,dram_active,0
2026-09-30T16:22:54.443Z,gpu-3uwoq-6g3ya-1,dcgm,gpu0,dram_active,0
2026-09-30T16:22:54.443Z,gpu-3uwoq-6g3ya-1,dcgm,gpu1,dram_active,0
2026-09-30T16:22:54.443Z,gpu-3uwoq-6g3ya-1,dcgm,gpu2,pcie_rx_bytes,43152
2026-09-30T16:22:54.443Z,gpu-3uwoq-6g3ya-1,dcgm,gpu3,pcie_rx_bytes,36130
2026-09-30T16:22:54.443Z,gpu-3uwoq-6g3ya-1,dcgm,gpu0,pcie_rx_bytes,50088
2026-09-30T16:22:54.443Z,gpu-3uwoq-6g3ya-1,dcgm,gpu1,pcie_rx_bytes,54948
2026-09-30T16:22:54.443Z,gpu-3uwoq-6g3ya-1,dcgm,gpu2,pcie_tx_bytes,39623
2026-09-30T16:22:54.443Z,gpu-3uwoq-6g3ya-1,dcgm,gpu3,pcie_tx_bytes,33072
2026-09-30T16:22:54.443Z,gpu-3uwoq-6g3ya-1,dcgm,gpu0,pcie_tx_bytes,46489
2026-09-30T16:22:54.443Z,gpu-3uwoq-6g3ya-1,dcgm,gpu1,pcie_tx_bytes,51404
2026-09-30T16:22:54.443Z,gpu-3uwoq-6g3ya-1,dcgm,gpu2,tensor_active,0
2026-09-30T16:22:54.443Z,gpu-3uwoq-6g3ya-1,dcgm,gpu3,tensor_active,0
2026-09-30T16:22:54.443Z,gpu-3uwoq-6g3ya-1,dcgm,gpu0,tensor_active,0
2026-09-30T16:22:54.443Z,gpu-3uwoq-6g3ya-1,dcgm,gpu1,tensor_active,0
2026-09-30T16:22:54.443Z,gpu-3uwoq-6g3ya-1,dcgm,gpu2,sm_active,0
2026-09-30T16:22:54.443Z,gpu-3uwoq-6g3ya-1,dcgm,gpu3,sm_active,0
2026-09-30T16:22:54.443Z,gpu-3uwoq-6g3ya-1,dcgm,gpu0,sm_active,0
2026-09-30T16:22:54.443Z,gpu-3uwoq-6g3ya-1,dcgm,gpu1,sm_active,0
2026-09-30T16:22:54.443Z,gpu-3uwoq-6g3ya-1,nvlink,gpu0,nvlink_rx_bytes,2.19204e+13
2026-09-30T16:22:54.443Z,gpu-3uwoq-6g3ya-1,nvlink,gpu0,nvlink_tx_bytes,2.19341e+13
2026-09-30T16:22:54.443Z,gpu-3uwoq-6g3ya-1,nvlink,gpu1,nvlink_rx_bytes,2.27892e+13
2026-09-30T16:22:54.443Z,gpu-3uwoq-6g3ya-1,nvlink,gpu1,nvlink_tx_bytes,2.28013e+13
2026-09-30T16:22:54.443Z,gpu-3uwoq-6g3ya-1,nvlink,gpu2,nvlink_rx_bytes,2.19858e+13
2026-09-30T16:22:54.443Z,gpu-3uwoq-6g3ya-1,nvlink,gpu2,nvlink_tx_bytes,2.20045e+13
2026-09-30T16:22:54.443Z,gpu-3uwoq-6g3ya-1,nvlink,gpu3,nvlink_rx_bytes,2.18839e+13
2026-09-30T16:22:54.443Z,gpu-3uwoq-6g3ya-1,nvlink,gpu3,nvlink_tx_bytes,2.19016e+13
2026-09-30T16:22:55.443Z,gpu-3uwoq-6g3ya-1,ib_counter,rdma_vf_rail0,port_xmit_data,6.27354e+12
2026-09-30T16:22:55.443Z,gpu-3uwoq-6g3ya-1,ib_counter,rdma_vf_rail0,port_rcv_data,4.31116e+12
2026-09-30T16:22:55.443Z,gpu-3uwoq-6g3ya-1,ib_counter,rdma_vf_rail0,port_xmit_packets,1.72334e+09
2026-09-30T16:22:55.443Z,gpu-3uwoq-6g3ya-1,ib_counter,rdma_vf_rail0,port_rcv_packets,1.4035e+09
2026-09-30T16:22:55.443Z,gpu-3uwoq-6g3ya-1,ib_counter,rdma_vf_rail0,port_xmit_wait,0
2026-09-30T16:22:55.443Z,gpu-3uwoq-6g3ya-1,ib_counter,rdma_vf_rail0,port_rcv_errors,0
2026-09-30T16:22:55.443Z,gpu-3uwoq-6g3ya-1,ib_counter,rdma_vf_rail0,port_xmit_discards,0
2026-09-30T16:22:55.443Z,gpu-3uwoq-6g3ya-1,ib_counter,rdma_vf_rail0,link_downed,0
2026-09-30T16:22:55.443Z,gpu-3uwoq-6g3ya-1,ib_hw_counter,rdma_vf_rail0,out_of_sequence,8
2026-09-30T16:22:55.443Z,gpu-3uwoq-6g3ya-1,ib_hw_counter,rdma_vf_rail0,packet_seq_err,9
2026-09-30T16:22:55.443Z,gpu-3uwoq-6g3ya-1,ib_hw_counter,rdma_vf_rail0,local_ack_timeout_err,0
2026-09-30T16:22:55.443Z,gpu-3uwoq-6g3ya-1,ib_hw_counter,rdma_vf_rail0,rx_write_requests,4.85746e+08
2026-09-30T16:22:55.443Z,gpu-3uwoq-6g3ya-1,ib_hw_counter,rdma_vf_rail0,rx_read_requests,2.27639e+07
2026-09-30T16:22:55.443Z,gpu-3uwoq-6g3ya-1,ib_hw_counter,rdma_vf_rail0,req_cqe_error,0
2026-09-30T16:22:55.443Z,gpu-3uwoq-6g3ya-1,ib_hw_counter,rdma_vf_rail0,resp_cqe_error,0
2026-09-30T16:22:55.443Z,gpu-3uwoq-6g3ya-1,ib_hw_counter,rdma_vf_rail0,implied_nak_seq_err,0
2026-09-30T16:22:55.443Z,gpu-3uwoq-6g3ya-1,ib_hw_counter,rdma_vf_rail0,duplicate_request,0
2026-09-30T16:22:55.443Z,gpu-3uwoq-6g3ya-1,ib_counter,rdma_vf_rail1,port_xmit_data,5.48301e+12
2026-09-30T16:22:55.443Z,gpu-3uwoq-6g3ya-1,ib_counter,rdma_vf_rail1,port_rcv_data,3.51844e+12
2026-09-30T16:22:55.443Z,gpu-3uwoq-6g3ya-1,ib_counter,rdma_vf_rail1,port_xmit_packets,1.50928e+09
2026-09-30T16:22:55.443Z,gpu-3uwoq-6g3ya-1,ib_counter,rdma_vf_rail1,port_rcv_packets,1.16889e+09
2026-09-30T16:22:55.443Z,gpu-3uwoq-6g3ya-1,ib_counter,rdma_vf_rail1,port_xmit_wait,0
2026-09-30T16:22:55.443Z,gpu-3uwoq-6g3ya-1,ib_counter,rdma_vf_rail1,port_rcv_errors,0
2026-09-30T16:22:55.443Z,gpu-3uwoq-6g3ya-1,ib_counter,rdma_vf_rail1,port_xmit_discards,0
2026-09-30T16:22:55.443Z,gpu-3uwoq-6g3ya-1,ib_counter,rdma_vf_rail1,link_downed,0
2026-09-30T16:22:55.443Z,gpu-3uwoq-6g3ya-1,ib_hw_counter,rdma_vf_rail1,out_of_sequence,7
2026-09-30T16:22:55.443Z,gpu-3uwoq-6g3ya-1,ib_hw_counter,rdma_vf_rail1,packet_seq_err,8
2026-09-30T16:22:55.443Z,gpu-3uwoq-6g3ya-1,ib_hw_counter,rdma_vf_rail1,local_ack_timeout_err,0
2026-09-30T16:22:55.443Z,gpu-3uwoq-6g3ya-1,ib_hw_counter,rdma_vf_rail1,rx_write_requests,4.73996e+08
2026-09-30T16:22:55.443Z,gpu-3uwoq-6g3ya-1,ib_hw_counter,rdma_vf_rail1,rx_read_requests,1.68838e+07
2026-09-30T16:22:55.443Z,gpu-3uwoq-6g3ya-1,ib_hw_counter,rdma_vf_rail1,req_cqe_error,0
2026-09-30T16:22:55.443Z,gpu-3uwoq-6g3ya-1,ib_hw_counter,rdma_vf_rail1,resp_cqe_error,0
2026-09-30T16:22:55.443Z,gpu-3uwoq-6g3ya-1,ib_hw_counter,rdma_vf_rail1,implied_nak_seq_err,0
2026-09-30T16:22:55.443Z,gpu-3uwoq-6g3ya-1,ib_hw_counter,rdma_vf_rail1,duplicate_request,0
2026-09-30T16:22:55.443Z,gpu-3uwoq-6g3ya-1,ib_counter,rdma_vf_rail2,port_xmit_data,5.4557e+12
2026-09-30T16:22:55.443Z,gpu-3uwoq-6g3ya-1,ib_counter,rdma_vf_rail2,port_rcv_data,3.49072e+12
2026-09-30T16:22:55.443Z,gpu-3uwoq-6g3ya-1,ib_counter,rdma_vf_rail2,port_xmit_packets,1.49548e+09
2026-09-30T16:22:55.443Z,gpu-3uwoq-6g3ya-1,ib_counter,rdma_vf_rail2,port_rcv_packets,1.15052e+09
2026-09-30T16:22:55.443Z,gpu-3uwoq-6g3ya-1,ib_counter,rdma_vf_rail2,port_xmit_wait,0
2026-09-30T16:22:55.443Z,gpu-3uwoq-6g3ya-1,ib_counter,rdma_vf_rail2,port_rcv_errors,0
2026-09-30T16:22:55.443Z,gpu-3uwoq-6g3ya-1,ib_counter,rdma_vf_rail2,port_xmit_discards,0
2026-09-30T16:22:55.443Z,gpu-3uwoq-6g3ya-1,ib_counter,rdma_vf_rail2,link_downed,0
2026-09-30T16:22:55.443Z,gpu-3uwoq-6g3ya-1,ib_hw_counter,rdma_vf_rail2,out_of_sequence,8
2026-09-30T16:22:55.443Z,gpu-3uwoq-6g3ya-1,ib_hw_counter,rdma_vf_rail2,packet_seq_err,7
2026-09-30T16:22:55.443Z,gpu-3uwoq-6g3ya-1,ib_hw_counter,rdma_vf_rail2,local_ack_timeout_err,0
2026-09-30T16:22:55.443Z,gpu-3uwoq-6g3ya-1,ib_hw_counter,rdma_vf_rail2,rx_write_requests,4.73562e+08
2026-09-30T16:22:55.443Z,gpu-3uwoq-6g3ya-1,ib_hw_counter,rdma_vf_rail2,rx_read_requests,1.66762e+07
2026-09-30T16:22:55.443Z,gpu-3uwoq-6g3ya-1,ib_hw_counter,rdma_vf_rail2,req_cqe_error,0
2026-09-30T16:22:55.443Z,gpu-3uwoq-6g3ya-1,ib_hw_counter,rdma_vf_rail2,resp_cqe_error,0
2026-09-30T16:22:55.443Z,gpu-3uwoq-6g3ya-1,ib_hw_counter,rdma_vf_rail2,implied_nak_seq_err,0
2026-09-30T16:22:55.443Z,gpu-3uwoq-6g3ya-1,ib_hw_counter,rdma_vf_rail2,duplicate_request,0
2026-09-30T16:22:55.443Z,gpu-3uwoq-6g3ya-1,ib_counter,rdma_vf_rail3,port_xmit_data,5.45593e+12
2026-09-30T16:22:55.443Z,gpu-3uwoq-6g3ya-1,ib_counter,rdma_vf_rail3,port_rcv_data,3.49051e+12
2026-09-30T16:22:55.443Z,gpu-3uwoq-6g3ya-1,ib_counter,rdma_vf_rail3,port_xmit_packets,1.49601e+09
2026-09-30T16:22:55.443Z,gpu-3uwoq-6g3ya-1,ib_counter,rdma_vf_rail3,port_rcv_packets,1.14761e+09
2026-09-30T16:22:55.443Z,gpu-3uwoq-6g3ya-1,ib_counter,rdma_vf_rail3,port_xmit_wait,0
2026-09-30T16:22:55.443Z,gpu-3uwoq-6g3ya-1,ib_counter,rdma_vf_rail3,port_rcv_errors,0
2026-09-30T16:22:55.443Z,gpu-3uwoq-6g3ya-1,ib_counter,rdma_vf_rail3,port_xmit_discards,0
2026-09-30T16:22:55.443Z,gpu-3uwoq-6g3ya-1,ib_counter,rdma_vf_rail3,link_downed,0
2026-09-30T16:22:55.443Z,gpu-3uwoq-6g3ya-1,ib_hw_counter,rdma_vf_rail3,out_of_sequence,9
2026-09-30T16:22:55.443Z,gpu-3uwoq-6g3ya-1,ib_hw_counter,rdma_vf_rail3,packet_seq_err,8
2026-09-30T16:22:55.443Z,gpu-3uwoq-6g3ya-1,ib_hw_counter,rdma_vf_rail3,local_ack_timeout_err,0
2026-09-30T16:22:55.443Z,gpu-3uwoq-6g3ya-1,ib_hw_counter,rdma_vf_rail3,rx_write_requests,4.73562e+08
2026-09-30T16:22:55.443Z,gpu-3uwoq-6g3ya-1,ib_hw_counter,rdma_vf_rail3,rx_read_requests,1.66762e+07
2026-09-30T16:22:55.443Z,gpu-3uwoq-6g3ya-1,ib_hw_counter,rdma_vf_rail3,req_cqe_error,0
2026-09-30T16:22:55.443Z,gpu-3uwoq-6g3ya-1,ib_hw_counter,rdma_vf_rail3,resp_cqe_error,0
2026-09-30T16:22:55.443Z,gpu-3uwoq-6g3ya-1,ib_hw_counter,rdma_vf_rail3,implied_nak_seq_err,0
2026-09-30T16:22:55.443Z,gpu-3uwoq-6g3ya-1,ib_hw_counter,rdma_vf_rail3,duplicate_request,0
2026-09-30T16:22:55.443Z,gpu-3uwoq-6g3ya-1,dcgm,gpu2,gpu_util,0
2026-09-30T16:22:55.443Z,gpu-3uwoq-6g3ya-1,dcgm,gpu3,gpu_util,0
2026-09-30T16:22:55.443Z,gpu-3uwoq-6g3ya-1,dcgm,gpu0,gpu_util,0
2026-09-30T16:22:55.443Z,gpu-3uwoq-6g3ya-1,dcgm,gpu1,gpu_util,0
2026-09-30T16:22:55.443Z,gpu-3uwoq-6g3ya-1,dcgm,gpu2,nvlink_bandwidth_total,0
2026-09-30T16:22:55.443Z,gpu-3uwoq-6g3ya-1,dcgm,gpu3,nvlink_bandwidth_total,0
2026-09-30T16:22:55.443Z,gpu-3uwoq-6g3ya-1,dcgm,gpu0,nvlink_bandwidth_total,0
2026-09-30T16:22:55.443Z,gpu-3uwoq-6g3ya-1,dcgm,gpu1,nvlink_bandwidth_total,0
2026-09-30T16:22:55.443Z,gpu-3uwoq-6g3ya-1,dcgm,gpu2,power_w,222.82
2026-09-30T16:22:55.443Z,gpu-3uwoq-6g3ya-1,dcgm,gpu3,power_w,227.026
2026-09-30T16:22:55.443Z,gpu-3uwoq-6g3ya-1,dcgm,gpu0,power_w,230.127
2026-09-30T16:22:55.443Z,gpu-3uwoq-6g3ya-1,dcgm,gpu1,power_w,226.521
2026-09-30T16:22:55.443Z,gpu-3uwoq-6g3ya-1,dcgm,gpu2,sm_clock_mhz,2070
2026-09-30T16:22:55.443Z,gpu-3uwoq-6g3ya-1,dcgm,gpu3,sm_clock_mhz,2070
2026-09-30T16:22:55.443Z,gpu-3uwoq-6g3ya-1,dcgm,gpu0,sm_clock_mhz,2070
2026-09-30T16:22:55.443Z,gpu-3uwoq-6g3ya-1,dcgm,gpu1,sm_clock_mhz,2070
2026-09-30T16:22:55.443Z,gpu-3uwoq-6g3ya-1,dcgm,gpu2,dram_active,0
2026-09-30T16:22:55.443Z,gpu-3uwoq-6g3ya-1,dcgm,gpu3,dram_active,0
2026-09-30T16:22:55.443Z,gpu-3uwoq-6g3ya-1,dcgm,gpu0,dram_active,0
2026-09-30T16:22:55.443Z,gpu-3uwoq-6g3ya-1,dcgm,gpu1,dram_active,0
2026-09-30T16:22:55.443Z,gpu-3uwoq-6g3ya-1,dcgm,gpu2,pcie_rx_bytes,43152
2026-09-30T16:22:55.443Z,gpu-3uwoq-6g3ya-1,dcgm,gpu3,pcie_rx_bytes,36130
2026-09-30T16:22:55.443Z,gpu-3uwoq-6g3ya-1,dcgm,gpu0,pcie_rx_bytes,50088
2026-09-30T16:22:55.443Z,gpu-3uwoq-6g3ya-1,dcgm,gpu1,pcie_rx_bytes,54948
2026-09-30T16:22:55.443Z,gpu-3uwoq-6g3ya-1,dcgm,gpu2,pcie_tx_bytes,39623
2026-09-30T16:22:55.443Z,gpu-3uwoq-6g3ya-1,dcgm,gpu3,pcie_tx_bytes,33072
2026-09-30T16:22:55.443Z,gpu-3uwoq-6g3ya-1,dcgm,gpu0,pcie_tx_bytes,46489
2026-09-30T16:22:55.443Z,gpu-3uwoq-6g3ya-1,dcgm,gpu1,pcie_tx_bytes,51404
2026-09-30T16:22:55.443Z,gpu-3uwoq-6g3ya-1,dcgm,gpu2,tensor_active,0
2026-09-30T16:22:55.443Z,gpu-3uwoq-6g3ya-1,dcgm,gpu3,tensor_active,0
2026-09-30T16:22:55.443Z,gpu-3uwoq-6g3ya-1,dcgm,gpu0,tensor_active,0
2026-09-30T16:22:55.443Z,gpu-3uwoq-6g3ya-1,dcgm,gpu1,tensor_active,0
2026-09-30T16:22:55.443Z,gpu-3uwoq-6g3ya-1,dcgm,gpu2,sm_active,0
2026-09-30T16:22:55.443Z,gpu-3uwoq-6g3ya-1,dcgm,gpu3,sm_active,0
2026-09-30T16:22:55.443Z,gpu-3uwoq-6g3ya-1,dcgm,gpu0,sm_active,0
2026-09-30T16:22:55.443Z,gpu-3uwoq-6g3ya-1,dcgm,gpu1,sm_active,0
2026-09-30T16:22:55.443Z,gpu-3uwoq-6g3ya-1,nvlink,gpu0,nvlink_rx_bytes,2.19204e+13
2026-09-30T16:22:55.443Z,gpu-3uwoq-6g3ya-1,nvlink,gpu0,nvlink_tx_bytes,2.19341e+13
2026-09-30T16:22:55.443Z,gpu-3uwoq-6g3ya-1,nvlink,gpu1,nvlink_rx_bytes,2.27892e+13
2026-09-30T16:22:55.443Z,gpu-3uwoq-6g3ya-1,nvlink,gpu1,nvlink_tx_bytes,2.28013e+13
2026-09-30T16:22:55.443Z,gpu-3uwoq-6g3ya-1,nvlink,gpu2,nvlink_rx_bytes,2.19858e+13
2026-09-30T16:22:55.443Z,gpu-3uwoq-6g3ya-1,nvlink,gpu2,nvlink_tx_bytes,2.20045e+13
2026-09-30T16:22:55.443Z,gpu-3uwoq-6g3ya-1,nvlink,gpu3,nvlink_rx_bytes,2.18839e+13
2026-09-30T16:22:55.443Z,gpu-3uwoq-6g3ya-1,nvlink,gpu3,nvlink_tx_bytes,2.19016e+13
2026-09-30T16:22:56.443Z,gpu-3uwoq-6g3ya-1,ib_counter,rdma_vf_rail0,port_xmit_data,6.27354e+12
2026-09-30T16:22:56.443Z,gpu-3uwoq-6g3ya-1,ib_counter,rdma_vf_rail0,port_rcv_data,4.31116e+12
2026-09-30T16:22:56.443Z,gpu-3uwoq-6g3ya-1,ib_counter,rdma_vf_rail0,port_xmit_packets,1.72334e+09
2026-09-30T16:22:56.443Z,gpu-3uwoq-6g3ya-1,ib_counter,rdma_vf_rail0,port_rcv_packets,1.4035e+09
2026-09-30T16:22:56.443Z,gpu-3uwoq-6g3ya-1,ib_counter,rdma_vf_rail0,port_xmit_wait,0
2026-09-30T16:22:56.443Z,gpu-3uwoq-6g3ya-1,ib_counter,rdma_vf_rail0,port_rcv_errors,0
2026-09-30T16:22:56.443Z,gpu-3uwoq-6g3ya-1,ib_counter,rdma_vf_rail0,port_xmit_discards,0
2026-09-30T16:22:56.443Z,gpu-3uwoq-6g3ya-1,ib_counter,rdma_vf_rail0,link_downed,0
2026-09-30T16:22:56.443Z,gpu-3uwoq-6g3ya-1,ib_hw_counter,rdma_vf_rail0,out_of_sequence,8
2026-09-30T16:22:56.443Z,gpu-3uwoq-6g3ya-1,ib_hw_counter,rdma_vf_rail0,packet_seq_err,9
2026-09-30T16:22:56.443Z,gpu-3uwoq-6g3ya-1,ib_hw_counter,rdma_vf_rail0,local_ack_timeout_err,0
2026-09-30T16:22:56.443Z,gpu-3uwoq-6g3ya-1,ib_hw_counter,rdma_vf_rail0,rx_write_requests,4.85746e+08
2026-09-30T16:22:56.443Z,gpu-3uwoq-6g3ya-1,ib_hw_counter,rdma_vf_rail0,rx_read_requests,2.27639e+07
2026-09-30T16:22:56.443Z,gpu-3uwoq-6g3ya-1,ib_hw_counter,rdma_vf_rail0,req_cqe_error,0
2026-09-30T16:22:56.443Z,gpu-3uwoq-6g3ya-1,ib_hw_counter,rdma_vf_rail0,resp_cqe_error,0
2026-09-30T16:22:56.443Z,gpu-3uwoq-6g3ya-1,ib_hw_counter,rdma_vf_rail0,implied_nak_seq_err,0
2026-09-30T16:22:56.443Z,gpu-3uwoq-6g3ya-1,ib_hw_counter,rdma_vf_rail0,duplicate_request,0
2026-09-30T16:22:56.443Z,gpu-3uwoq-6g3ya-1,ib_counter,rdma_vf_rail1,port_xmit_data,5.48301e+12
2026-09-30T16:22:56.443Z,gpu-3uwoq-6g3ya-1,ib_counter,rdma_vf_rail1,port_rcv_data,3.51844e+12
2026-09-30T16:22:56.443Z,gpu-3uwoq-6g3ya-1,ib_counter,rdma_vf_rail1,port_xmit_packets,1.50928e+09
2026-09-30T16:22:56.443Z,gpu-3uwoq-6g3ya-1,ib_counter,rdma_vf_rail1,port_rcv_packets,1.16889e+09
2026-09-30T16:22:56.443Z,gpu-3uwoq-6g3ya-1,ib_counter,rdma_vf_rail1,port_xmit_wait,0
2026-09-30T16:22:56.443Z,gpu-3uwoq-6g3ya-1,ib_counter,rdma_vf_rail1,port_rcv_errors,0
2026-09-30T16:22:56.443Z,gpu-3uwoq-6g3ya-1,ib_counter,rdma_vf_rail1,port_xmit_discards,0
2026-09-30T16:22:56.443Z,gpu-3uwoq-6g3ya-1,ib_counter,rdma_vf_rail1,link_downed,0
2026-09-30T16:22:56.443Z,gpu-3uwoq-6g3ya-1,ib_hw_counter,rdma_vf_rail1,out_of_sequence,7
2026-09-30T16:22:56.443Z,gpu-3uwoq-6g3ya-1,ib_hw_counter,rdma_vf_rail1,packet_seq_err,8
2026-09-30T16:22:56.443Z,gpu-3uwoq-6g3ya-1,ib_hw_counter,rdma_vf_rail1,local_ack_timeout_err,0
2026-09-30T16:22:56.443Z,gpu-3uwoq-6g3ya-1,ib_hw_counter,rdma_vf_rail1,rx_write_requests,4.73996e+08
2026-09-30T16:22:56.443Z,gpu-3uwoq-6g3ya-1,ib_hw_counter,rdma_vf_rail1,rx_read_requests,1.68838e+07
2026-09-30T16:22:56.443Z,gpu-3uwoq-6g3ya-1,ib_hw_counter,rdma_vf_rail1,req_cqe_error,0
2026-09-30T16:22:56.443Z,gpu-3uwoq-6g3ya-1,ib_hw_counter,rdma_vf_rail1,resp_cqe_error,0
2026-09-30T16:22:56.443Z,gpu-3uwoq-6g3ya-1,ib_hw_counter,rdma_vf_rail1,implied_nak_seq_err,0
2026-09-30T16:22:56.443Z,gpu-3uwoq-6g3ya-1,ib_hw_counter,rdma_vf_rail1,duplicate_request,0
2026-09-30T16:22:56.443Z,gpu-3uwoq-6g3ya-1,ib_counter,rdma_vf_rail2,port_xmit_data,5.4557e+12
2026-09-30T16:22:56.443Z,gpu-3uwoq-6g3ya-1,ib_counter,rdma_vf_rail2,port_rcv_data,3.49072e+12
2026-09-30T16:22:56.443Z,gpu-3uwoq-6g3ya-1,ib_counter,rdma_vf_rail2,port_xmit_packets,1.49548e+09
2026-09-30T16:22:56.443Z,gpu-3uwoq-6g3ya-1,ib_counter,rdma_vf_rail2,port_rcv_packets,1.15052e+09
2026-09-30T16:22:56.443Z,gpu-3uwoq-6g3ya-1,ib_counter,rdma_vf_rail2,port_xmit_wait,0
2026-09-30T16:22:56.443Z,gpu-3uwoq-6g3ya-1,ib_counter,rdma_vf_rail2,port_rcv_errors,0
2026-09-30T16:22:56.443Z,gpu-3uwoq-6g3ya-1,ib_counter,rdma_vf_rail2,port_xmit_discards,0
2026-09-30T16:22:56.443Z,gpu-3uwoq-6g3ya-1,ib_counter,rdma_vf_rail2,link_downed,0
2026-09-30T16:22:56.443Z,gpu-3uwoq-6g3ya-1,ib_hw_counter,rdma_vf_rail2,out_of_sequence,8
2026-09-30T16:22:56.443Z,gpu-3uwoq-6g3ya-1,ib_hw_counter,rdma_vf_rail2,packet_seq_err,7
2026-09-30T16:22:56.443Z,gpu-3uwoq-6g3ya-1,ib_hw_counter,rdma_vf_rail2,local_ack_timeout_err,0
2026-09-30T16:22:56.443Z,gpu-3uwoq-6g3ya-1,ib_hw_counter,rdma_vf_rail2,rx_write_requests,4.73562e+08
2026-09-30T16:22:56.443Z,gpu-3uwoq-6g3ya-1,ib_hw_counter,rdma_vf_rail2,rx_read_requests,1.66762e+07
2026-09-30T16:22:56.443Z,gpu-3uwoq-6g3ya-1,ib_hw_counter,rdma_vf_rail2,req_cqe_error,0
2026-09-30T16:22:56.443Z,gpu-3uwoq-6g3ya-1,ib_hw_counter,rdma_vf_rail2,resp_cqe_error,0
2026-09-30T16:22:56.443Z,gpu-3uwoq-6g3ya-1,ib_hw_counter,rdma_vf_rail2,implied_nak_seq_err,0
2026-09-30T16:22:56.443Z,gpu-3uwoq-6g3ya-1,ib_hw_counter,rdma_vf_rail2,duplicate_request,0
2026-09-30T16:22:56.443Z,gpu-3uwoq-6g3ya-1,ib_counter,rdma_vf_rail3,port_xmit_data,5.45593e+12
2026-09-30T16:22:56.443Z,gpu-3uwoq-6g3ya-1,ib_counter,rdma_vf_rail3,port_rcv_data,3.49051e+12
2026-09-30T16:22:56.443Z,gpu-3uwoq-6g3ya-1,ib_counter,rdma_vf_rail3,port_xmit_packets,1.49601e+09
2026-09-30T16:22:56.443Z,gpu-3uwoq-6g3ya-1,ib_counter,rdma_vf_rail3,port_rcv_packets,1.14761e+09
2026-09-30T16:22:56.443Z,gpu-3uwoq-6g3ya-1,ib_counter,rdma_vf_rail3,port_xmit_wait,0
2026-09-30T16:22:56.443Z,gpu-3uwoq-6g3ya-1,ib_counter,rdma_vf_rail3,port_rcv_errors,0
2026-09-30T16:22:56.443Z,gpu-3uwoq-6g3ya-1,ib_counter,rdma_vf_rail3,port_xmit_discards,0
2026-09-30T16:22:56.443Z,gpu-3uwoq-6g3ya-1,ib_counter,rdma_vf_rail3,link_downed,0
2026-09-30T16:22:56.443Z,gpu-3uwoq-6g3ya-1,ib_hw_counter,rdma_vf_rail3,out_of_sequence,9
2026-09-30T16:22:56.443Z,gpu-3uwoq-6g3ya-1,ib_hw_counter,rdma_vf_rail3,packet_seq_err,8
2026-09-30T16:22:56.443Z,gpu-3uwoq-6g3ya-1,ib_hw_counter,rdma_vf_rail3,local_ack_timeout_err,0
2026-09-30T16:22:56.443Z,gpu-3uwoq-6g3ya-1,ib_hw_counter,rdma_vf_rail3,rx_write_requests,4.73562e+08
2026-09-30T16:22:56.443Z,gpu-3uwoq-6g3ya-1,ib_hw_counter,rdma_vf_rail3,rx_read_requests,1.66762e+07
2026-09-30T16:22:56.443Z,gpu-3uwoq-6g3ya-1,ib_hw_counter,rdma_vf_rail3,req_cqe_error,0
2026-09-30T16:22:56.443Z,gpu-3uwoq-6g3ya-1,ib_hw_counter,rdma_vf_rail3,resp_cqe_error,0
2026-09-30T16:22:56.443Z,gpu-3uwoq-6g3ya-1,ib_hw_counter,rdma_vf_rail3,implied_nak_seq_err,0
2026-09-30T16:22:56.443Z,gpu-3uwoq-6g3ya-1,ib_hw_counter,rdma_vf_rail3,duplicate_request,0
2026-09-30T16:22:56.443Z,gpu-3uwoq-6g3ya-1,dcgm,gpu2,gpu_util,0
2026-09-30T16:22:56.443Z,gpu-3uwoq-6g3ya-1,dcgm,gpu3,gpu_util,0
2026-09-30T16:22:56.443Z,gpu-3uwoq-6g3ya-1,dcgm,gpu0,gpu_util,0
2026-09-30T16:22:56.443Z,gpu-3uwoq-6g3ya-1,dcgm,gpu1,gpu_util,0
2026-09-30T16:22:56.443Z,gpu-3uwoq-6g3ya-1,dcgm,gpu2,nvlink_bandwidth_total,0
2026-09-30T16:22:56.443Z,gpu-3uwoq-6g3ya-1,dcgm,gpu3,nvlink_bandwidth_total,0
2026-09-30T16:22:56.443Z,gpu-3uwoq-6g3ya-1,dcgm,gpu0,nvlink_bandwidth_total,0
2026-09-30T16:22:56.443Z,gpu-3uwoq-6g3ya-1,dcgm,gpu1,nvlink_bandwidth_total,0
2026-09-30T16:22:56.443Z,gpu-3uwoq-6g3ya-1,dcgm,gpu2,power_w,222.82
2026-09-30T16:22:56.443Z,gpu-3uwoq-6g3ya-1,dcgm,gpu3,power_w,227.026
2026-09-30T16:22:56.443Z,gpu-3uwoq-6g3ya-1,dcgm,gpu0,power_w,230.127
2026-09-30T16:22:56.443Z,gpu-3uwoq-6g3ya-1,dcgm,gpu1,power_w,226.521
2026-09-30T16:22:56.443Z,gpu-3uwoq-6g3ya-1,dcgm,gpu2,sm_clock_mhz,2070
2026-09-30T16:22:56.443Z,gpu-3uwoq-6g3ya-1,dcgm,gpu3,sm_clock_mhz,2070
2026-09-30T16:22:56.443Z,gpu-3uwoq-6g3ya-1,dcgm,gpu0,sm_clock_mhz,2070
2026-09-30T16:22:56.443Z,gpu-3uwoq-6g3ya-1,dcgm,gpu1,sm_clock_mhz,2070
2026-09-30T16:22:56.443Z,gpu-3uwoq-6g3ya-1,dcgm,gpu2,dram_active,0
2026-09-30T16:22:56.443Z,gpu-3uwoq-6g3ya-1,dcgm,gpu3,dram_active,0
2026-09-30T16:22:56.443Z,gpu-3uwoq-6g3ya-1,dcgm,gpu0,dram_active,0
2026-09-30T16:22:56.443Z,gpu-3uwoq-6g3ya-1,dcgm,gpu1,dram_active,0
2026-09-30T16:22:56.443Z,gpu-3uwoq-6g3ya-1,dcgm,gpu2,pcie_rx_bytes,43152
2026-09-30T16:22:56.443Z,gpu-3uwoq-6g3ya-1,dcgm,gpu3,pcie_rx_bytes,36130
2026-09-30T16:22:56.443Z,gpu-3uwoq-6g3ya-1,dcgm,gpu0,pcie_rx_bytes,50088
2026-09-30T16:22:56.443Z,gpu-3uwoq-6g3ya-1,dcgm,gpu1,pcie_rx_bytes,54948
2026-09-30T16:22:56.443Z,gpu-3uwoq-6g3ya-1,dcgm,gpu2,pcie_tx_bytes,39623
2026-09-30T16:22:56.443Z,gpu-3uwoq-6g3ya-1,dcgm,gpu3,pcie_tx_bytes,33072
2026-09-30T16:22:56.443Z,gpu-3uwoq-6g3ya-1,dcgm,gpu0,pcie_tx_bytes,46489
2026-09-30T16:22:56.443Z,gpu-3uwoq-6g3ya-1,dcgm,gpu1,pcie_tx_bytes,51404
2026-09-30T16:22:56.443Z,gpu-3uwoq-6g3ya-1,dcgm,gpu2,tensor_active,0
2026-09-30T16:22:56.443Z,gpu-3uwoq-6g3ya-1,dcgm,gpu3,tensor_active,0
2026-09-30T16:22:56.443Z,gpu-3uwoq-6g3ya-1,dcgm,gpu0,tensor_active,0
2026-09-30T16:22:56.443Z,gpu-3uwoq-6g3ya-1,dcgm,gpu1,tensor_active,0
2026-09-30T16:22:56.443Z,gpu-3uwoq-6g3ya-1,dcgm,gpu2,sm_active,0
2026-09-30T16:22:56.443Z,gpu-3uwoq-6g3ya-1,dcgm,gpu3,sm_active,0
2026-09-30T16:22:56.443Z,gpu-3uwoq-6g3ya-1,dcgm,gpu0,sm_active,0
2026-09-30T16:22:56.443Z,gpu-3uwoq-6g3ya-1,dcgm,gpu1,sm_active,0
2026-09-30T16:22:56.443Z,gpu-3uwoq-6g3ya-1,nvlink,gpu0,nvlink_rx_bytes,2.19204e+13
2026-09-30T16:22:56.443Z,gpu-3uwoq-6g3ya-1,nvlink,gpu0,nvlink_tx_bytes,2.19341e+13
2026-09-30T16:22:56.443Z,gpu-3uwoq-6g3ya-1,nvlink,gpu1,nvlink_rx_bytes,2.27892e+13
2026-09-30T16:22:56.443Z,gpu-3uwoq-6g3ya-1,nvlink,gpu1,nvlink_tx_bytes,2.28013e+13
2026-09-30T16:22:56.443Z,gpu-3uwoq-6g3ya-1,nvlink,gpu2,nvlink_rx_bytes,2.19858e+13
2026-09-30T16:22:56.443Z,gpu-3uwoq-6g3ya-1,nvlink,gpu2,nvlink_tx_bytes,2.20045e+13
2026-09-30T16:22:56.443Z,gpu-3uwoq-6g3ya-1,nvlink,gpu3,nvlink_rx_bytes,2.18839e+13
2026-09-30T16:22:56.443Z,gpu-3uwoq-6g3ya-1,nvlink,gpu3,nvlink_tx_bytes,2.19016e+13
2026-09-30T16:22:57.443Z,gpu-3uwoq-6g3ya-1,ib_counter,rdma_vf_rail0,port_xmit_data,6.27354e+12
2026-09-30T16:22:57.443Z,gpu-3uwoq-6g3ya-1,ib_counter,rdma_vf_rail0,port_rcv_data,4.31116e+12
2026-09-30T16:22:57.443Z,gpu-3uwoq-6g3ya-1,ib_counter,rdma_vf_rail0,port_xmit_packets,1.72334e+09
2026-09-30T16:22:57.443Z,gpu-3uwoq-6g3ya-1,ib_counter,rdma_vf_rail0,port_rcv_packets,1.4035e+09
2026-09-30T16:22:57.443Z,gpu-3uwoq-6g3ya-1,ib_counter,rdma_vf_rail0,port_xmit_wait,0
2026-09-30T16:22:57.443Z,gpu-3uwoq-6g3ya-1,ib_counter,rdma_vf_rail0,port_rcv_errors,0
2026-09-30T16:22:57.443Z,gpu-3uwoq-6g3ya-1,ib_counter,rdma_vf_rail0,port_xmit_discards,0
2026-09-30T16:22:57.443Z,gpu-3uwoq-6g3ya-1,ib_counter,rdma_vf_rail0,link_downed,0
2026-09-30T16:22:57.443Z,gpu-3uwoq-6g3ya-1,ib_hw_counter,rdma_vf_rail0,out_of_sequence,8
2026-09-30T16:22:57.443Z,gpu-3uwoq-6g3ya-1,ib_hw_counter,rdma_vf_rail0,packet_seq_err,9
2026-09-30T16:22:57.443Z,gpu-3uwoq-6g3ya-1,ib_hw_counter,rdma_vf_rail0,local_ack_timeout_err,0
2026-09-30T16:22:57.443Z,gpu-3uwoq-6g3ya-1,ib_hw_counter,rdma_vf_rail0,rx_write_requests,4.85746e+08
2026-09-30T16:22:57.443Z,gpu-3uwoq-6g3ya-1,ib_hw_counter,rdma_vf_rail0,rx_read_requests,2.27639e+07
2026-09-30T16:22:57.443Z,gpu-3uwoq-6g3ya-1,ib_hw_counter,rdma_vf_rail0,req_cqe_error,0
2026-09-30T16:22:57.443Z,gpu-3uwoq-6g3ya-1,ib_hw_counter,rdma_vf_rail0,resp_cqe_error,0
2026-09-30T16:22:57.443Z,gpu-3uwoq-6g3ya-1,ib_hw_counter,rdma_vf_rail0,implied_nak_seq_err,0
2026-09-30T16:22:57.443Z,gpu-3uwoq-6g3ya-1,ib_hw_counter,rdma_vf_rail0,duplicate_request,0
2026-09-30T16:22:57.443Z,gpu-3uwoq-6g3ya-1,ib_counter,rdma_vf_rail1,port_xmit_data,5.48301e+12
2026-09-30T16:22:57.443Z,gpu-3uwoq-6g3ya-1,ib_counter,rdma_vf_rail1,port_rcv_data,3.51844e+12
2026-09-30T16:22:57.443Z,gpu-3uwoq-6g3ya-1,ib_counter,rdma_vf_rail1,port_xmit_packets,1.50928e+09
2026-09-30T16:22:57.443Z,gpu-3uwoq-6g3ya-1,ib_counter,rdma_vf_rail1,port_rcv_packets,1.16889e+09
2026-09-30T16:22:57.443Z,gpu-3uwoq-6g3ya-1,ib_counter,rdma_vf_rail1,port_xmit_wait,0
2026-09-30T16:22:57.443Z,gpu-3uwoq-6g3ya-1,ib_counter,rdma_vf_rail1,port_rcv_errors,0
2026-09-30T16:22:57.443Z,gpu-3uwoq-6g3ya-1,ib_counter,rdma_vf_rail1,port_xmit_discards,0
2026-09-30T16:22:57.443Z,gpu-3uwoq-6g3ya-1,ib_counter,rdma_vf_rail1,link_downed,0
2026-09-30T16:22:57.443Z,gpu-3uwoq-6g3ya-1,ib_hw_counter,rdma_vf_rail1,out_of_sequence,7
2026-09-30T16:22:57.443Z,gpu-3uwoq-6g3ya-1,ib_hw_counter,rdma_vf_rail1,packet_seq_err,8
2026-09-30T16:22:57.443Z,gpu-3uwoq-6g3ya-1,ib_hw_counter,rdma_vf_rail1,local_ack_timeout_err,0
2026-09-30T16:22:57.443Z,gpu-3uwoq-6g3ya-1,ib_hw_counter,rdma_vf_rail1,rx_write_requests,4.73996e+08
2026-09-30T16:22:57.443Z,gpu-3uwoq-6g3ya-1,ib_hw_counter,rdma_vf_rail1,rx_read_requests,1.68838e+07
2026-09-30T16:22:57.443Z,gpu-3uwoq-6g3ya-1,ib_hw_counter,rdma_vf_rail1,req_cqe_error,0
2026-09-30T16:22:57.443Z,gpu-3uwoq-6g3ya-1,ib_hw_counter,rdma_vf_rail1,resp_cqe_error,0
2026-09-30T16:22:57.443Z,gpu-3uwoq-6g3ya-1,ib_hw_counter,rdma_vf_rail1,implied_nak_seq_err,0
2026-09-30T16:22:57.443Z,gpu-3uwoq-6g3ya-1,ib_hw_counter,rdma_vf_rail1,duplicate_request,0
2026-09-30T16:22:57.443Z,gpu-3uwoq-6g3ya-1,ib_counter,rdma_vf_rail2,port_xmit_data,5.4557e+12
2026-09-30T16:22:57.443Z,gpu-3uwoq-6g3ya-1,ib_counter,rdma_vf_rail2,port_rcv_data,3.49072e+12
2026-09-30T16:22:57.443Z,gpu-3uwoq-6g3ya-1,ib_counter,rdma_vf_rail2,port_xmit_packets,1.49548e+09
2026-09-30T16:22:57.443Z,gpu-3uwoq-6g3ya-1,ib_counter,rdma_vf_rail2,port_rcv_packets,1.15052e+09
2026-09-30T16:22:57.443Z,gpu-3uwoq-6g3ya-1,ib_counter,rdma_vf_rail2,port_xmit_wait,0
2026-09-30T16:22:57.443Z,gpu-3uwoq-6g3ya-1,ib_counter,rdma_vf_rail2,port_rcv_errors,0
2026-09-30T16:22:57.443Z,gpu-3uwoq-6g3ya-1,ib_counter,rdma_vf_rail2,port_xmit_discards,0
2026-09-30T16:22:57.443Z,gpu-3uwoq-6g3ya-1,ib_counter,rdma_vf_rail2,link_downed,0
2026-09-30T16:22:57.443Z,gpu-3uwoq-6g3ya-1,ib_hw_counter,rdma_vf_rail2,out_of_sequence,8
2026-09-30T16:22:57.443Z,gpu-3uwoq-6g3ya-1,ib_hw_counter,rdma_vf_rail2,packet_seq_err,7
2026-09-30T16:22:57.443Z,gpu-3uwoq-6g3ya-1,ib_hw_counter,rdma_vf_rail2,local_ack_timeout_err,0
2026-09-30T16:22:57.443Z,gpu-3uwoq-6g3ya-1,ib_hw_counter,rdma_vf_rail2,rx_write_requests,4.73562e+08
2026-09-30T16:22:57.443Z,gpu-3uwoq-6g3ya-1,ib_hw_counter,rdma_vf_rail2,rx_read_requests,1.66762e+07
2026-09-30T16:22:57.443Z,gpu-3uwoq-6g3ya-1,ib_hw_counter,rdma_vf_rail2,req_cqe_error,0
2026-09-30T16:22:57.443Z,gpu-3uwoq-6g3ya-1,ib_hw_counter,rdma_vf_rail2,resp_cqe_error,0
2026-09-30T16:22:57.443Z,gpu-3uwoq-6g3ya-1,ib_hw_counter,rdma_vf_rail2,implied_nak_seq_err,0
2026-09-30T16:22:57.443Z,gpu-3uwoq-6g3ya-1,ib_hw_counter,rdma_vf_rail2,duplicate_request,0
2026-09-30T16:22:57.443Z,gpu-3uwoq-6g3ya-1,ib_counter,rdma_vf_rail3,port_xmit_data,5.45593e+12
2026-09-30T16:22:57.443Z,gpu-3uwoq-6g3ya-1,ib_counter,rdma_vf_rail3,port_rcv_data,3.49051e+12
2026-09-30T16:22:57.443Z,gpu-3uwoq-6g3ya-1,ib_counter,rdma_vf_rail3,port_xmit_packets,1.49601e+09
2026-09-30T16:22:57.443Z,gpu-3uwoq-6g3ya-1,ib_counter,rdma_vf_rail3,port_rcv_packets,1.14761e+09
2026-09-30T16:22:57.443Z,gpu-3uwoq-6g3ya-1,ib_counter,rdma_vf_rail3,port_xmit_wait,0
2026-09-30T16:22:57.443Z,gpu-3uwoq-6g3ya-1,ib_counter,rdma_vf_rail3,port_rcv_errors,0
2026-09-30T16:22:57.443Z,gpu-3uwoq-6g3ya-1,ib_counter,rdma_vf_rail3,port_xmit_discards,0
2026-09-30T16:22:57.443Z,gpu-3uwoq-6g3ya-1,ib_counter,rdma_vf_rail3,link_downed,0
2026-09-30T16:22:57.443Z,gpu-3uwoq-6g3ya-1,ib_hw_counter,rdma_vf_rail3,out_of_sequence,9
2026-09-30T16:22:57.443Z,gpu-3uwoq-6g3ya-1,ib_hw_counter,rdma_vf_rail3,packet_seq_err,8
2026-09-30T16:22:57.443Z,gpu-3uwoq-6g3ya-1,ib_hw_counter,rdma_vf_rail3,local_ack_timeout_err,0
2026-09-30T16:22:57.443Z,gpu-3uwoq-6g3ya-1,ib_hw_counter,rdma_vf_rail3,rx_write_requests,4.73562e+08
2026-09-30T16:22:57.443Z,gpu-3uwoq-6g3ya-1,ib_hw_counter,rdma_vf_rail3,rx_read_requests,1.66762e+07
2026-09-30T16:22:57.443Z,gpu-3uwoq-6g3ya-1,ib_hw_counter,rdma_vf_rail3,req_cqe_error,0
2026-09-30T16:22:57.443Z,gpu-3uwoq-6g3ya-1,ib_hw_counter,rdma_vf_rail3,resp_cqe_error,0
2026-09-30T16:22:57.443Z,gpu-3uwoq-6g3ya-1,ib_hw_counter,rdma_vf_rail3,implied_nak_seq_err,0
2026-09-30T16:22:57.443Z,gpu-3uwoq-6g3ya-1,ib_hw_counter,rdma_vf_rail3,duplicate_request,0
2026-09-30T16:22:57.443Z,gpu-3uwoq-6g3ya-1,dcgm,gpu2,gpu_util,0
2026-09-30T16:22:57.443Z,gpu-3uwoq-6g3ya-1,dcgm,gpu3,gpu_util,0
2026-09-30T16:22:57.443Z,gpu-3uwoq-6g3ya-1,dcgm,gpu0,gpu_util,0
2026-09-30T16:22:57.443Z,gpu-3uwoq-6g3ya-1,dcgm,gpu1,gpu_util,0
2026-09-30T16:22:57.443Z,gpu-3uwoq-6g3ya-1,dcgm,gpu2,nvlink_bandwidth_total,0
2026-09-30T16:22:57.443Z,gpu-3uwoq-6g3ya-1,dcgm,gpu3,nvlink_bandwidth_total,0
2026-09-30T16:22:57.443Z,gpu-3uwoq-6g3ya-1,dcgm,gpu0,nvlink_bandwidth_total,0
2026-09-30T16:22:57.443Z,gpu-3uwoq-6g3ya-1,dcgm,gpu1,nvlink_bandwidth_total,0
2026-09-30T16:22:57.443Z,gpu-3uwoq-6g3ya-1,dcgm,gpu2,power_w,222.82
2026-09-30T16:22:57.443Z,gpu-3uwoq-6g3ya-1,dcgm,gpu3,power_w,227.026
2026-09-30T16:22:57.443Z,gpu-3uwoq-6g3ya-1,dcgm,gpu0,power_w,230.127
2026-09-30T16:22:57.443Z,gpu-3uwoq-6g3ya-1,dcgm,gpu1,power_w,226.521
2026-09-30T16:22:57.443Z,gpu-3uwoq-6g3ya-1,dcgm,gpu2,sm_clock_mhz,2070
2026-09-30T16:22:57.443Z,gpu-3uwoq-6g3ya-1,dcgm,gpu3,sm_clock_mhz,2070
2026-09-30T16:22:57.443Z,gpu-3uwoq-6g3ya-1,dcgm,gpu0,sm_clock_mhz,2070
2026-09-30T16:22:57.443Z,gpu-3uwoq-6g3ya-1,dcgm,gpu1,sm_clock_mhz,2070
2026-09-30T16:22:57.443Z,gpu-3uwoq-6g3ya-1,dcgm,gpu2,dram_active,0
2026-09-30T16:22:57.443Z,gpu-3uwoq-6g3ya-1,dcgm,gpu3,dram_active,0
2026-09-30T16:22:57.443Z,gpu-3uwoq-6g3ya-1,dcgm,gpu0,dram_active,0
2026-09-30T16:22:57.443Z,gpu-3uwoq-6g3ya-1,dcgm,gpu1,dram_active,0
2026-09-30T16:22:57.443Z,gpu-3uwoq-6g3ya-1,dcgm,gpu2,pcie_rx_bytes,43152
2026-09-30T16:22:57.443Z,gpu-3uwoq-6g3ya-1,dcgm,gpu3,pcie_rx_bytes,36130
2026-09-30T16:22:57.443Z,gpu-3uwoq-6g3ya-1,dcgm,gpu0,pcie_rx_bytes,50088
2026-09-30T16:22:57.443Z,gpu-3uwoq-6g3ya-1,dcgm,gpu1,pcie_rx_bytes,54948
2026-09-30T16:22:57.443Z,gpu-3uwoq-6g3ya-1,dcgm,gpu2,pcie_tx_bytes,39623
2026-09-30T16:22:57.443Z,gpu-3uwoq-6g3ya-1,dcgm,gpu3,pcie_tx_bytes,33072
2026-09-30T16:22:57.443Z,gpu-3uwoq-6g3ya-1,dcgm,gpu0,pcie_tx_bytes,46489
2026-09-30T16:22:57.443Z,gpu-3uwoq-6g3ya-1,dcgm,gpu1,pcie_tx_bytes,51404
2026-09-30T16:22:57.443Z,gpu-3uwoq-6g3ya-1,dcgm,gpu2,tensor_active,0
2026-09-30T16:22:57.443Z,gpu-3uwoq-6g3ya-1,dcgm,gpu3,tensor_active,0
2026-09-30T16:22:57.443Z,gpu-3uwoq-6g3ya-1,dcgm,gpu0,tensor_active,0
2026-09-30T16:22:57.443Z,gpu-3uwoq-6g3ya-1,dcgm,gpu1,tensor_active,0
2026-09-30T16:22:57.443Z,gpu-3uwoq-6g3ya-1,dcgm,gpu2,sm_active,0
2026-09-30T16:22:57.443Z,gpu-3uwoq-6g3ya-1,dcgm,gpu3,sm_active,0
2026-09-30T16:22:57.443Z,gpu-3uwoq-6g3ya-1,dcgm,gpu0,sm_active,0
2026-09-30T16:22:57.443Z,gpu-3uwoq-6g3ya-1,dcgm,gpu1,sm_active,0
2026-09-30T16:22:57.443Z,gpu-3uwoq-6g3ya-1,nvlink,gpu0,nvlink_rx_bytes,2.19204e+13
2026-09-30T16:22:57.443Z,gpu-3uwoq-6g3ya-1,nvlink,gpu0,nvlink_tx_bytes,2.19341e+13
2026-09-30T16:22:57.443Z,gpu-3uwoq-6g3ya-1,nvlink,gpu1,nvlink_rx_bytes,2.27892e+13
2026-09-30T16:22:57.443Z,gpu-3uwoq-6g3ya-1,nvlink,gpu1,nvlink_tx_bytes,2.28013e+13
2026-09-30T16:22:57.443Z,gpu-3uwoq-6g3ya-1,nvlink,gpu2,nvlink_rx_bytes,2.19858e+13
2026-09-30T16:22:57.443Z,gpu-3uwoq-6g3ya-1,nvlink,gpu2,nvlink_tx_bytes,2.20045e+13
2026-09-30T16:22:57.443Z,gpu-3uwoq-6g3ya-1,nvlink,gpu3,nvlink_rx_bytes,2.18839e+13
2026-09-30T16:22:57.443Z,gpu-3uwoq-6g3ya-1,nvlink,gpu3,nvlink_tx_bytes,2.19016e+13
2026-09-30T16:22:58.443Z,gpu-3uwoq-6g3ya-1,ib_counter,rdma_vf_rail0,port_xmit_data,6.27354e+12
2026-09-30T16:22:58.443Z,gpu-3uwoq-6g3ya-1,ib_counter,rdma_vf_rail0,port_rcv_data,4.31116e+12
2026-09-30T16:22:58.443Z,gpu-3uwoq-6g3ya-1,ib_counter,rdma_vf_rail0,port_xmit_packets,1.72334e+09
2026-09-30T16:22:58.443Z,gpu-3uwoq-6g3ya-1,ib_counter,rdma_vf_rail0,port_rcv_packets,1.4035e+09
2026-09-30T16:22:58.443Z,gpu-3uwoq-6g3ya-1,ib_counter,rdma_vf_rail0,port_xmit_wait,0
2026-09-30T16:22:58.443Z,gpu-3uwoq-6g3ya-1,ib_counter,rdma_vf_rail0,port_rcv_errors,0
2026-09-30T16:22:58.443Z,gpu-3uwoq-6g3ya-1,ib_counter,rdma_vf_rail0,port_xmit_discards,0
2026-09-30T16:22:58.443Z,gpu-3uwoq-6g3ya-1,ib_counter,rdma_vf_rail0,link_downed,0
2026-09-30T16:22:58.443Z,gpu-3uwoq-6g3ya-1,ib_hw_counter,rdma_vf_rail0,out_of_sequence,8
2026-09-30T16:22:58.443Z,gpu-3uwoq-6g3ya-1,ib_hw_counter,rdma_vf_rail0,packet_seq_err,9
2026-09-30T16:22:58.443Z,gpu-3uwoq-6g3ya-1,ib_hw_counter,rdma_vf_rail0,local_ack_timeout_err,0
2026-09-30T16:22:58.443Z,gpu-3uwoq-6g3ya-1,ib_hw_counter,rdma_vf_rail0,rx_write_requests,4.85746e+08
2026-09-30T16:22:58.443Z,gpu-3uwoq-6g3ya-1,ib_hw_counter,rdma_vf_rail0,rx_read_requests,2.27639e+07
2026-09-30T16:22:58.443Z,gpu-3uwoq-6g3ya-1,ib_hw_counter,rdma_vf_rail0,req_cqe_error,0
2026-09-30T16:22:58.443Z,gpu-3uwoq-6g3ya-1,ib_hw_counter,rdma_vf_rail0,resp_cqe_error,0
2026-09-30T16:22:58.443Z,gpu-3uwoq-6g3ya-1,ib_hw_counter,rdma_vf_rail0,implied_nak_seq_err,0
2026-09-30T16:22:58.443Z,gpu-3uwoq-6g3ya-1,ib_hw_counter,rdma_vf_rail0,duplicate_request,0
2026-09-30T16:22:58.443Z,gpu-3uwoq-6g3ya-1,ib_counter,rdma_vf_rail1,port_xmit_data,5.48301e+12
2026-09-30T16:22:58.443Z,gpu-3uwoq-6g3ya-1,ib_counter,rdma_vf_rail1,port_rcv_data,3.51844e+12
2026-09-30T16:22:58.443Z,gpu-3uwoq-6g3ya-1,ib_counter,rdma_vf_rail1,port_xmit_packets,1.50928e+09
2026-09-30T16:22:58.443Z,gpu-3uwoq-6g3ya-1,ib_counter,rdma_vf_rail1,port_rcv_packets,1.16889e+09
2026-09-30T16:22:58.443Z,gpu-3uwoq-6g3ya-1,ib_counter,rdma_vf_rail1,port_xmit_wait,0
2026-09-30T16:22:58.443Z,gpu-3uwoq-6g3ya-1,ib_counter,rdma_vf_rail1,port_rcv_errors,0
2026-09-30T16:22:58.443Z,gpu-3uwoq-6g3ya-1,ib_counter,rdma_vf_rail1,port_xmit_discards,0
2026-09-30T16:22:58.443Z,gpu-3uwoq-6g3ya-1,ib_counter,rdma_vf_rail1,link_downed,0
2026-09-30T16:22:58.443Z,gpu-3uwoq-6g3ya-1,ib_hw_counter,rdma_vf_rail1,out_of_sequence,7
2026-09-30T16:22:58.443Z,gpu-3uwoq-6g3ya-1,ib_hw_counter,rdma_vf_rail1,packet_seq_err,8
2026-09-30T16:22:58.443Z,gpu-3uwoq-6g3ya-1,ib_hw_counter,rdma_vf_rail1,local_ack_timeout_err,0
2026-09-30T16:22:58.443Z,gpu-3uwoq-6g3ya-1,ib_hw_counter,rdma_vf_rail1,rx_write_requests,4.73996e+08
2026-09-30T16:22:58.443Z,gpu-3uwoq-6g3ya-1,ib_hw_counter,rdma_vf_rail1,rx_read_requests,1.68838e+07
2026-09-30T16:22:58.443Z,gpu-3uwoq-6g3ya-1,ib_hw_counter,rdma_vf_rail1,req_cqe_error,0
2026-09-30T16:22:58.443Z,gpu-3uwoq-6g3ya-1,ib_hw_counter,rdma_vf_rail1,resp_cqe_error,0
2026-09-30T16:22:58.443Z,gpu-3uwoq-6g3ya-1,ib_hw_counter,rdma_vf_rail1,implied_nak_seq_err,0
2026-09-30T16:22:58.443Z,gpu-3uwoq-6g3ya-1,ib_hw_counter,rdma_vf_rail1,duplicate_request,0
2026-09-30T16:22:58.443Z,gpu-3uwoq-6g3ya-1,ib_counter,rdma_vf_rail2,port_xmit_data,5.4557e+12
2026-09-30T16:22:58.443Z,gpu-3uwoq-6g3ya-1,ib_counter,rdma_vf_rail2,port_rcv_data,3.49072e+12
2026-09-30T16:22:58.443Z,gpu-3uwoq-6g3ya-1,ib_counter,rdma_vf_rail2,port_xmit_packets,1.49548e+09
2026-09-30T16:22:58.443Z,gpu-3uwoq-6g3ya-1,ib_counter,rdma_vf_rail2,port_rcv_packets,1.15052e+09
2026-09-30T16:22:58.443Z,gpu-3uwoq-6g3ya-1,ib_counter,rdma_vf_rail2,port_xmit_wait,0
2026-09-30T16:22:58.443Z,gpu-3uwoq-6g3ya-1,ib_counter,rdma_vf_rail2,port_rcv_errors,0
2026-09-30T16:22:58.443Z,gpu-3uwoq-6g3ya-1,ib_counter,rdma_vf_rail2,port_xmit_discards,0
2026-09-30T16:22:58.443Z,gpu-3uwoq-6g3ya-1,ib_counter,rdma_vf_rail2,link_downed,0
2026-09-30T16:22:58.443Z,gpu-3uwoq-6g3ya-1,ib_hw_counter,rdma_vf_rail2,out_of_sequence,8
2026-09-30T16:22:58.443Z,gpu-3uwoq-6g3ya-1,ib_hw_counter,rdma_vf_rail2,packet_seq_err,7
2026-09-30T16:22:58.443Z,gpu-3uwoq-6g3ya-1,ib_hw_counter,rdma_vf_rail2,local_ack_timeout_err,0
2026-09-30T16:22:58.443Z,gpu-3uwoq-6g3ya-1,ib_hw_counter,rdma_vf_rail2,rx_write_requests,4.73562e+08
2026-09-30T16:22:58.443Z,gpu-3uwoq-6g3ya-1,ib_hw_counter,rdma_vf_rail2,rx_read_requests,1.66762e+07
2026-09-30T16:22:58.443Z,gpu-3uwoq-6g3ya-1,ib_hw_counter,rdma_vf_rail2,req_cqe_error,0
2026-09-30T16:22:58.443Z,gpu-3uwoq-6g3ya-1,ib_hw_counter,rdma_vf_rail2,resp_cqe_error,0
2026-09-30T16:22:58.443Z,gpu-3uwoq-6g3ya-1,ib_hw_counter,rdma_vf_rail2,implied_nak_seq_err,0
2026-09-30T16:22:58.443Z,gpu-3uwoq-6g3ya-1,ib_hw_counter,rdma_vf_rail2,duplicate_request,0
2026-09-30T16:22:58.443Z,gpu-3uwoq-6g3ya-1,ib_counter,rdma_vf_rail3,port_xmit_data,5.45593e+12
2026-09-30T16:22:58.443Z,gpu-3uwoq-6g3ya-1,ib_counter,rdma_vf_rail3,port_rcv_data,3.49051e+12
2026-09-30T16:22:58.443Z,gpu-3uwoq-6g3ya-1,ib_counter,rdma_vf_rail3,port_xmit_packets,1.49601e+09
2026-09-30T16:22:58.443Z,gpu-3uwoq-6g3ya-1,ib_counter,rdma_vf_rail3,port_rcv_packets,1.14761e+09
2026-09-30T16:22:58.443Z,gpu-3uwoq-6g3ya-1,ib_counter,rdma_vf_rail3,port_xmit_wait,0
2026-09-30T16:22:58.443Z,gpu-3uwoq-6g3ya-1,ib_counter,rdma_vf_rail3,port_rcv_errors,0
2026-09-30T16:22:58.443Z,gpu-3uwoq-6g3ya-1,ib_counter,rdma_vf_rail3,port_xmit_discards,0
2026-09-30T16:22:58.443Z,gpu-3uwoq-6g3ya-1,ib_counter,rdma_vf_rail3,link_downed,0
2026-09-30T16:22:58.443Z,gpu-3uwoq-6g3ya-1,ib_hw_counter,rdma_vf_rail3,out_of_sequence,9
2026-09-30T16:22:58.443Z,gpu-3uwoq-6g3ya-1,ib_hw_counter,rdma_vf_rail3,packet_seq_err,8
2026-09-30T16:22:58.443Z,gpu-3uwoq-6g3ya-1,ib_hw_counter,rdma_vf_rail3,local_ack_timeout_err,0
2026-09-30T16:22:58.443Z,gpu-3uwoq-6g3ya-1,ib_hw_counter,rdma_vf_rail3,rx_write_requests,4.73562e+08
2026-09-30T16:22:58.443Z,gpu-3uwoq-6g3ya-1,ib_hw_counter,rdma_vf_rail3,rx_read_requests,1.66762e+07
2026-09-30T16:22:58.443Z,gpu-3uwoq-6g3ya-1,ib_hw_counter,rdma_vf_rail3,req_cqe_error,0
2026-09-30T16:22:58.443Z,gpu-3uwoq-6g3ya-1,ib_hw_counter,rdma_vf_rail3,resp_cqe_error,0
2026-09-30T16:22:58.443Z,gpu-3uwoq-6g3ya-1,ib_hw_counter,rdma_vf_rail3,implied_nak_seq_err,0
2026-09-30T16:22:58.443Z,gpu-3uwoq-6g3ya-1,ib_hw_counter,rdma_vf_rail3,duplicate_request,0
2026-09-30T16:22:58.443Z,gpu-3uwoq-6g3ya-1,dcgm,gpu2,gpu_util,0
2026-09-30T16:22:58.443Z,gpu-3uwoq-6g3ya-1,dcgm,gpu3,gpu_util,0
2026-09-30T16:22:58.443Z,gpu-3uwoq-6g3ya-1,dcgm,gpu0,gpu_util,0
2026-09-30T16:22:58.443Z,gpu-3uwoq-6g3ya-1,dcgm,gpu1,gpu_util,0
2026-09-30T16:22:58.443Z,gpu-3uwoq-6g3ya-1,dcgm,gpu2,nvlink_bandwidth_total,0
2026-09-30T16:22:58.443Z,gpu-3uwoq-6g3ya-1,dcgm,gpu3,nvlink_bandwidth_total,0
2026-09-30T16:22:58.443Z,gpu-3uwoq-6g3ya-1,dcgm,gpu0,nvlink_bandwidth_total,0
2026-09-30T16:22:58.443Z,gpu-3uwoq-6g3ya-1,dcgm,gpu1,nvlink_bandwidth_total,0
2026-09-30T16:22:58.443Z,gpu-3uwoq-6g3ya-1,dcgm,gpu2,power_w,222.82
2026-09-30T16:22:58.443Z,gpu-3uwoq-6g3ya-1,dcgm,gpu3,power_w,227.026
2026-09-30T16:22:58.443Z,gpu-3uwoq-6g3ya-1,dcgm,gpu0,power_w,230.127
2026-09-30T16:22:58.443Z,gpu-3uwoq-6g3ya-1,dcgm,gpu1,power_w,226.521
2026-09-30T16:22:58.443Z,gpu-3uwoq-6g3ya-1,dcgm,gpu2,sm_clock_mhz,2070
2026-09-30T16:22:58.443Z,gpu-3uwoq-6g3ya-1,dcgm,gpu3,sm_clock_mhz,2070
2026-09-30T16:22:58.443Z,gpu-3uwoq-6g3ya-1,dcgm,gpu0,sm_clock_mhz,2070
2026-09-30T16:22:58.443Z,gpu-3uwoq-6g3ya-1,dcgm,gpu1,sm_clock_mhz,2070
2026-09-30T16:22:58.443Z,gpu-3uwoq-6g3ya-1,dcgm,gpu2,dram_active,0
2026-09-30T16:22:58.443Z,gpu-3uwoq-6g3ya-1,dcgm,gpu3,dram_active,0
2026-09-30T16:22:58.443Z,gpu-3uwoq-6g3ya-1,dcgm,gpu0,dram_active,0
2026-09-30T16:22:58.443Z,gpu-3uwoq-6g3ya-1,dcgm,gpu1,dram_active,0
2026-09-30T16:22:58.443Z,gpu-3uwoq-6g3ya-1,dcgm,gpu2,pcie_rx_bytes,43152
2026-09-30T16:22:58.443Z,gpu-3uwoq-6g3ya-1,dcgm,gpu3,pcie_rx_bytes,36130
2026-09-30T16:22:58.443Z,gpu-3uwoq-6g3ya-1,dcgm,gpu0,pcie_rx_bytes,50088
2026-09-30T16:22:58.443Z,gpu-3uwoq-6g3ya-1,dcgm,gpu1,pcie_rx_bytes,54948
2026-09-30T16:22:58.443Z,gpu-3uwoq-6g3ya-1,dcgm,gpu2,pcie_tx_bytes,39623
2026-09-30T16:22:58.443Z,gpu-3uwoq-6g3ya-1,dcgm,gpu3,pcie_tx_bytes,33072
2026-09-30T16:22:58.443Z,gpu-3uwoq-6g3ya-1,dcgm,gpu0,pcie_tx_bytes,46489
2026-09-30T16:22:58.443Z,gpu-3uwoq-6g3ya-1,dcgm,gpu1,pcie_tx_bytes,51404
2026-09-30T16:22:58.443Z,gpu-3uwoq-6g3ya-1,dcgm,gpu2,tensor_active,0
2026-09-30T16:22:58.443Z,gpu-3uwoq-6g3ya-1,dcgm,gpu3,tensor_active,0
2026-09-30T16:22:58.443Z,gpu-3uwoq-6g3ya-1,dcgm,gpu0,tensor_active,0
2026-09-30T16:22:58.443Z,gpu-3uwoq-6g3ya-1,dcgm,gpu1,tensor_active,0
2026-09-30T16:22:58.443Z,gpu-3uwoq-6g3ya-1,dcgm,gpu2,sm_active,0
2026-09-30T16:22:58.443Z,gpu-3uwoq-6g3ya-1,dcgm,gpu3,sm_active,0
2026-09-30T16:22:58.443Z,gpu-3uwoq-6g3ya-1,dcgm,gpu0,sm_active,0
2026-09-30T16:22:58.443Z,gpu-3uwoq-6g3ya-1,dcgm,gpu1,sm_active,0
2026-09-30T16:22:58.443Z,gpu-3uwoq-6g3ya-1,nvlink,gpu0,nvlink_rx_bytes,2.19204e+13
2026-09-30T16:22:58.443Z,gpu-3uwoq-6g3ya-1,nvlink,gpu0,nvlink_tx_bytes,2.19341e+13
2026-09-30T16:22:58.443Z,gpu-3uwoq-6g3ya-1,nvlink,gpu1,nvlink_rx_bytes,2.27892e+13
2026-09-30T16:22:58.443Z,gpu-3uwoq-6g3ya-1,nvlink,gpu1,nvlink_tx_bytes,2.28013e+13
2026-09-30T16:22:58.443Z,gpu-3uwoq-6g3ya-1,nvlink,gpu2,nvlink_rx_bytes,2.19858e+13
2026-09-30T16:22:58.443Z,gpu-3uwoq-6g3ya-1,nvlink,gpu2,nvlink_tx_bytes,2.20045e+13
2026-09-30T16:22:58.443Z,gpu-3uwoq-6g3ya-1,nvlink,gpu3,nvlink_rx_bytes,2.18839e+13
2026-09-30T16:22:58.443Z,gpu-3uwoq-6g3ya-1,nvlink,gpu3,nvlink_tx_bytes,2.19016e+13
2026-09-30T16:22:59.443Z,gpu-3uwoq-6g3ya-1,ib_counter,rdma_vf_rail0,port_xmit_data,6.27354e+12
2026-09-30T16:22:59.443Z,gpu-3uwoq-6g3ya-1,ib_counter,rdma_vf_rail0,port_rcv_data,4.31116e+12
2026-09-30T16:22:59.443Z,gpu-3uwoq-6g3ya-1,ib_counter,rdma_vf_rail0,port_xmit_packets,1.72334e+09
2026-09-30T16:22:59.443Z,gpu-3uwoq-6g3ya-1,ib_counter,rdma_vf_rail0,port_rcv_packets,1.4035e+09
2026-09-30T16:22:59.443Z,gpu-3uwoq-6g3ya-1,ib_counter,rdma_vf_rail0,port_xmit_wait,0
2026-09-30T16:22:59.443Z,gpu-3uwoq-6g3ya-1,ib_counter,rdma_vf_rail0,port_rcv_errors,0
2026-09-30T16:22:59.443Z,gpu-3uwoq-6g3ya-1,ib_counter,rdma_vf_rail0,port_xmit_discards,0
2026-09-30T16:22:59.443Z,gpu-3uwoq-6g3ya-1,ib_counter,rdma_vf_rail0,link_downed,0
2026-09-30T16:22:59.443Z,gpu-3uwoq-6g3ya-1,ib_hw_counter,rdma_vf_rail0,out_of_sequence,8
2026-09-30T16:22:59.443Z,gpu-3uwoq-6g3ya-1,ib_hw_counter,rdma_vf_rail0,packet_seq_err,9
2026-09-30T16:22:59.443Z,gpu-3uwoq-6g3ya-1,ib_hw_counter,rdma_vf_rail0,local_ack_timeout_err,0
2026-09-30T16:22:59.443Z,gpu-3uwoq-6g3ya-1,ib_hw_counter,rdma_vf_rail0,rx_write_requests,4.85746e+08
2026-09-30T16:22:59.443Z,gpu-3uwoq-6g3ya-1,ib_hw_counter,rdma_vf_rail0,rx_read_requests,2.27639e+07
2026-09-30T16:22:59.443Z,gpu-3uwoq-6g3ya-1,ib_hw_counter,rdma_vf_rail0,req_cqe_error,0
2026-09-30T16:22:59.443Z,gpu-3uwoq-6g3ya-1,ib_hw_counter,rdma_vf_rail0,resp_cqe_error,0
2026-09-30T16:22:59.443Z,gpu-3uwoq-6g3ya-1,ib_hw_counter,rdma_vf_rail0,implied_nak_seq_err,0
2026-09-30T16:22:59.443Z,gpu-3uwoq-6g3ya-1,ib_hw_counter,rdma_vf_rail0,duplicate_request,0
2026-09-30T16:22:59.443Z,gpu-3uwoq-6g3ya-1,ib_counter,rdma_vf_rail1,port_xmit_data,5.48301e+12
2026-09-30T16:22:59.443Z,gpu-3uwoq-6g3ya-1,ib_counter,rdma_vf_rail1,port_rcv_data,3.51844e+12
2026-09-30T16:22:59.443Z,gpu-3uwoq-6g3ya-1,ib_counter,rdma_vf_rail1,port_xmit_packets,1.50928e+09
2026-09-30T16:22:59.443Z,gpu-3uwoq-6g3ya-1,ib_counter,rdma_vf_rail1,port_rcv_packets,1.16889e+09
2026-09-30T16:22:59.443Z,gpu-3uwoq-6g3ya-1,ib_counter,rdma_vf_rail1,port_xmit_wait,0
2026-09-30T16:22:59.443Z,gpu-3uwoq-6g3ya-1,ib_counter,rdma_vf_rail1,port_rcv_errors,0
2026-09-30T16:22:59.443Z,gpu-3uwoq-6g3ya-1,ib_counter,rdma_vf_rail1,port_xmit_discards,0
2026-09-30T16:22:59.443Z,gpu-3uwoq-6g3ya-1,ib_counter,rdma_vf_rail1,link_downed,0
2026-09-30T16:22:59.443Z,gpu-3uwoq-6g3ya-1,ib_hw_counter,rdma_vf_rail1,out_of_sequence,7
2026-09-30T16:22:59.443Z,gpu-3uwoq-6g3ya-1,ib_hw_counter,rdma_vf_rail1,packet_seq_err,8
2026-09-30T16:22:59.443Z,gpu-3uwoq-6g3ya-1,ib_hw_counter,rdma_vf_rail1,local_ack_timeout_err,0
2026-09-30T16:22:59.443Z,gpu-3uwoq-6g3ya-1,ib_hw_counter,rdma_vf_rail1,rx_write_requests,4.73996e+08
2026-09-30T16:22:59.443Z,gpu-3uwoq-6g3ya-1,ib_hw_counter,rdma_vf_rail1,rx_read_requests,1.68838e+07
2026-09-30T16:22:59.443Z,gpu-3uwoq-6g3ya-1,ib_hw_counter,rdma_vf_rail1,req_cqe_error,0
2026-09-30T16:22:59.443Z,gpu-3uwoq-6g3ya-1,ib_hw_counter,rdma_vf_rail1,resp_cqe_error,0
2026-09-30T16:22:59.443Z,gpu-3uwoq-6g3ya-1,ib_hw_counter,rdma_vf_rail1,implied_nak_seq_err,0
2026-09-30T16:22:59.443Z,gpu-3uwoq-6g3ya-1,ib_hw_counter,rdma_vf_rail1,duplicate_request,0
2026-09-30T16:22:59.443Z,gpu-3uwoq-6g3ya-1,ib_counter,rdma_vf_rail2,port_xmit_data,5.4557e+12
2026-09-30T16:22:59.443Z,gpu-3uwoq-6g3ya-1,ib_counter,rdma_vf_rail2,port_rcv_data,3.49072e+12
2026-09-30T16:22:59.443Z,gpu-3uwoq-6g3ya-1,ib_counter,rdma_vf_rail2,port_xmit_packets,1.49548e+09
2026-09-30T16:22:59.443Z,gpu-3uwoq-6g3ya-1,ib_counter,rdma_vf_rail2,port_rcv_packets,1.15052e+09
2026-09-30T16:22:59.443Z,gpu-3uwoq-6g3ya-1,ib_counter,rdma_vf_rail2,port_xmit_wait,0
2026-09-30T16:22:59.443Z,gpu-3uwoq-6g3ya-1,ib_counter,rdma_vf_rail2,port_rcv_errors,0
2026-09-30T16:22:59.443Z,gpu-3uwoq-6g3ya-1,ib_counter,rdma_vf_rail2,port_xmit_discards,0
2026-09-30T16:22:59.443Z,gpu-3uwoq-6g3ya-1,ib_counter,rdma_vf_rail2,link_downed,0
2026-09-30T16:22:59.443Z,gpu-3uwoq-6g3ya-1,ib_hw_counter,rdma_vf_rail2,out_of_sequence,8
2026-09-30T16:22:59.443Z,gpu-3uwoq-6g3ya-1,ib_hw_counter,rdma_vf_rail2,packet_seq_err,7
2026-09-30T16:22:59.443Z,gpu-3uwoq-6g3ya-1,ib_hw_counter,rdma_vf_rail2,local_ack_timeout_err,0
2026-09-30T16:22:59.443Z,gpu-3uwoq-6g3ya-1,ib_hw_counter,rdma_vf_rail2,rx_write_requests,4.73562e+08
2026-09-30T16:22:59.443Z,gpu-3uwoq-6g3ya-1,ib_hw_counter,rdma_vf_rail2,rx_read_requests,1.66762e+07
2026-09-30T16:22:59.443Z,gpu-3uwoq-6g3ya-1,ib_hw_counter,rdma_vf_rail2,req_cqe_error,0
2026-09-30T16:22:59.443Z,gpu-3uwoq-6g3ya-1,ib_hw_counter,rdma_vf_rail2,resp_cqe_error,0
2026-09-30T16:22:59.443Z,gpu-3uwoq-6g3ya-1,ib_hw_counter,rdma_vf_rail2,implied_nak_seq_err,0
2026-09-30T16:22:59.443Z,gpu-3uwoq-6g3ya-1,ib_hw_counter,rdma_vf_rail2,duplicate_request,0
2026-09-30T16:22:59.443Z,gpu-3uwoq-6g3ya-1,ib_counter,rdma_vf_rail3,port_xmit_data,5.45593e+12
2026-09-30T16:22:59.443Z,gpu-3uwoq-6g3ya-1,ib_counter,rdma_vf_rail3,port_rcv_data,3.49051e+12
2026-09-30T16:22:59.443Z,gpu-3uwoq-6g3ya-1,ib_counter,rdma_vf_rail3,port_xmit_packets,1.49601e+09
2026-09-30T16:22:59.443Z,gpu-3uwoq-6g3ya-1,ib_counter,rdma_vf_rail3,port_rcv_packets,1.14761e+09
2026-09-30T16:22:59.443Z,gpu-3uwoq-6g3ya-1,ib_counter,rdma_vf_rail3,port_xmit_wait,0
2026-09-30T16:22:59.443Z,gpu-3uwoq-6g3ya-1,ib_counter,rdma_vf_rail3,port_rcv_errors,0
2026-09-30T16:22:59.443Z,gpu-3uwoq-6g3ya-1,ib_counter,rdma_vf_rail3,port_xmit_discards,0
2026-09-30T16:22:59.443Z,gpu-3uwoq-6g3ya-1,ib_counter,rdma_vf_rail3,link_downed,0
2026-09-30T16:22:59.443Z,gpu-3uwoq-6g3ya-1,ib_hw_counter,rdma_vf_rail3,out_of_sequence,9
2026-09-30T16:22:59.443Z,gpu-3uwoq-6g3ya-1,ib_hw_counter,rdma_vf_rail3,packet_seq_err,8
2026-09-30T16:22:59.443Z,gpu-3uwoq-6g3ya-1,ib_hw_counter,rdma_vf_rail3,local_ack_timeout_err,0
2026-09-30T16:22:59.443Z,gpu-3uwoq-6g3ya-1,ib_hw_counter,rdma_vf_rail3,rx_write_requests,4.73562e+08
2026-09-30T16:22:59.443Z,gpu-3uwoq-6g3ya-1,ib_hw_counter,rdma_vf_rail3,rx_read_requests,1.66762e+07
2026-09-30T16:22:59.443Z,gpu-3uwoq-6g3ya-1,ib_hw_counter,rdma_vf_rail3,req_cqe_error,0
2026-09-30T16:22:59.443Z,gpu-3uwoq-6g3ya-1,ib_hw_counter,rdma_vf_rail3,resp_cqe_error,0
2026-09-30T16:22:59.443Z,gpu-3uwoq-6g3ya-1,ib_hw_counter,rdma_vf_rail3,implied_nak_seq_err,0
2026-09-30T16:22:59.443Z,gpu-3uwoq-6g3ya-1,ib_hw_counter,rdma_vf_rail3,duplicate_request,0
2026-09-30T16:22:59.443Z,gpu-3uwoq-6g3ya-1,dcgm,gpu2,gpu_util,0
2026-09-30T16:22:59.443Z,gpu-3uwoq-6g3ya-1,dcgm,gpu3,gpu_util,0
2026-09-30T16:22:59.443Z,gpu-3uwoq-6g3ya-1,dcgm,gpu0,gpu_util,0
2026-09-30T16:22:59.443Z,gpu-3uwoq-6g3ya-1,dcgm,gpu1,gpu_util,0
2026-09-30T16:22:59.443Z,gpu-3uwoq-6g3ya-1,dcgm,gpu2,nvlink_bandwidth_total,0
2026-09-30T16:22:59.443Z,gpu-3uwoq-6g3ya-1,dcgm,gpu3,nvlink_bandwidth_total,0
2026-09-30T16:22:59.443Z,gpu-3uwoq-6g3ya-1,dcgm,gpu0,nvlink_bandwidth_total,0
2026-09-30T16:22:59.443Z,gpu-3uwoq-6g3ya-1,dcgm,gpu1,nvlink_bandwidth_total,0
2026-09-30T16:22:59.443Z,gpu-3uwoq-6g3ya-1,dcgm,gpu2,power_w,222.82
2026-09-30T16:22:59.443Z,gpu-3uwoq-6g3ya-1,dcgm,gpu3,power_w,227.026
2026-09-30T16:22:59.443Z,gpu-3uwoq-6g3ya-1,dcgm,gpu0,power_w,230.127
2026-09-30T16:22:59.443Z,gpu-3uwoq-6g3ya-1,dcgm,gpu1,power_w,226.521
2026-09-30T16:22:59.443Z,gpu-3uwoq-6g3ya-1,dcgm,gpu2,sm_clock_mhz,2070
2026-09-30T16:22:59.443Z,gpu-3uwoq-6g3ya-1,dcgm,gpu3,sm_clock_mhz,2070
2026-09-30T16:22:59.443Z,gpu-3uwoq-6g3ya-1,dcgm,gpu0,sm_clock_mhz,2070
2026-09-30T16:22:59.443Z,gpu-3uwoq-6g3ya-1,dcgm,gpu1,sm_clock_mhz,2070
2026-09-30T16:22:59.443Z,gpu-3uwoq-6g3ya-1,dcgm,gpu2,dram_active,0
2026-09-30T16:22:59.443Z,gpu-3uwoq-6g3ya-1,dcgm,gpu3,dram_active,0
2026-09-30T16:22:59.443Z,gpu-3uwoq-6g3ya-1,dcgm,gpu0,dram_active,0
2026-09-30T16:22:59.443Z,gpu-3uwoq-6g3ya-1,dcgm,gpu1,dram_active,0
2026-09-30T16:22:59.443Z,gpu-3uwoq-6g3ya-1,dcgm,gpu2,pcie_rx_bytes,43152
2026-09-30T16:22:59.443Z,gpu-3uwoq-6g3ya-1,dcgm,gpu3,pcie_rx_bytes,36130
2026-09-30T16:22:59.443Z,gpu-3uwoq-6g3ya-1,dcgm,gpu0,pcie_rx_bytes,50088
2026-09-30T16:22:59.443Z,gpu-3uwoq-6g3ya-1,dcgm,gpu1,pcie_rx_bytes,54948
2026-09-30T16:22:59.443Z,gpu-3uwoq-6g3ya-1,dcgm,gpu2,pcie_tx_bytes,39623
2026-09-30T16:22:59.443Z,gpu-3uwoq-6g3ya-1,dcgm,gpu3,pcie_tx_bytes,33072
2026-09-30T16:22:59.443Z,gpu-3uwoq-6g3ya-1,dcgm,gpu0,pcie_tx_bytes,46489
2026-09-30T16:22:59.443Z,gpu-3uwoq-6g3ya-1,dcgm,gpu1,pcie_tx_bytes,51404
2026-09-30T16:22:59.443Z,gpu-3uwoq-6g3ya-1,dcgm,gpu2,tensor_active,0
2026-09-30T16:22:59.443Z,gpu-3uwoq-6g3ya-1,dcgm,gpu3,tensor_active,0
2026-09-30T16:22:59.443Z,gpu-3uwoq-6g3ya-1,dcgm,gpu0,tensor_active,0
2026-09-30T16:22:59.443Z,gpu-3uwoq-6g3ya-1,dcgm,gpu1,tensor_active,0
2026-09-30T16:22:59.443Z,gpu-3uwoq-6g3ya-1,dcgm,gpu2,sm_active,0
2026-09-30T16:22:59.443Z,gpu-3uwoq-6g3ya-1,dcgm,gpu3,sm_active,0
2026-09-30T16:22:59.443Z,gpu-3uwoq-6g3ya-1,dcgm,gpu0,sm_active,0
2026-09-30T16:22:59.443Z,gpu-3uwoq-6g3ya-1,dcgm,gpu1,sm_active,0
2026-09-30T16:22:59.443Z,gpu-3uwoq-6g3ya-1,nvlink,gpu0,nvlink_rx_bytes,2.19204e+13
2026-09-30T16:22:59.443Z,gpu-3uwoq-6g3ya-1,nvlink,gpu0,nvlink_tx_bytes,2.19341e+13
2026-09-30T16:22:59.443Z,gpu-3uwoq-6g3ya-1,nvlink,gpu1,nvlink_rx_bytes,2.27892e+13
2026-09-30T16:22:59.443Z,gpu-3uwoq-6g3ya-1,nvlink,gpu1,nvlink_tx_bytes,2.28013e+13
2026-09-30T16:22:59.443Z,gpu-3uwoq-6g3ya-1,nvlink,gpu2,nvlink_rx_bytes,2.19858e+13
2026-09-30T16:22:59.443Z,gpu-3uwoq-6g3ya-1,nvlink,gpu2,nvlink_tx_bytes,2.20045e+13
2026-09-30T16:22:59.443Z,gpu-3uwoq-6g3ya-1,nvlink,gpu3,nvlink_rx_bytes,2.18839e+13
2026-09-30T16:22:59.443Z,gpu-3uwoq-6g3ya-1,nvlink,gpu3,nvlink_tx_bytes,2.19016e+13
2026-09-30T16:23:00.443Z,gpu-3uwoq-6g3ya-1,ib_counter,rdma_vf_rail0,port_xmit_data,6.27354e+12
2026-09-30T16:23:00.443Z,gpu-3uwoq-6g3ya-1,ib_counter,rdma_vf_rail0,port_rcv_data,4.31116e+12
2026-09-30T16:23:00.443Z,gpu-3uwoq-6g3ya-1,ib_counter,rdma_vf_rail0,port_xmit_packets,1.72334e+09
2026-09-30T16:23:00.443Z,gpu-3uwoq-6g3ya-1,ib_counter,rdma_vf_rail0,port_rcv_packets,1.4035e+09
2026-09-30T16:23:00.443Z,gpu-3uwoq-6g3ya-1,ib_counter,rdma_vf_rail0,port_xmit_wait,0
2026-09-30T16:23:00.443Z,gpu-3uwoq-6g3ya-1,ib_counter,rdma_vf_rail0,port_rcv_errors,0
2026-09-30T16:23:00.443Z,gpu-3uwoq-6g3ya-1,ib_counter,rdma_vf_rail0,port_xmit_discards,0
2026-09-30T16:23:00.443Z,gpu-3uwoq-6g3ya-1,ib_counter,rdma_vf_rail0,link_downed,0
2026-09-30T16:23:00.443Z,gpu-3uwoq-6g3ya-1,ib_hw_counter,rdma_vf_rail0,out_of_sequence,8
2026-09-30T16:23:00.443Z,gpu-3uwoq-6g3ya-1,ib_hw_counter,rdma_vf_rail0,packet_seq_err,9
2026-09-30T16:23:00.443Z,gpu-3uwoq-6g3ya-1,ib_hw_counter,rdma_vf_rail0,local_ack_timeout_err,0
2026-09-30T16:23:00.443Z,gpu-3uwoq-6g3ya-1,ib_hw_counter,rdma_vf_rail0,rx_write_requests,4.85746e+08
2026-09-30T16:23:00.443Z,gpu-3uwoq-6g3ya-1,ib_hw_counter,rdma_vf_rail0,rx_read_requests,2.27639e+07
2026-09-30T16:23:00.443Z,gpu-3uwoq-6g3ya-1,ib_hw_counter,rdma_vf_rail0,req_cqe_error,0
2026-09-30T16:23:00.443Z,gpu-3uwoq-6g3ya-1,ib_hw_counter,rdma_vf_rail0,resp_cqe_error,0
2026-09-30T16:23:00.443Z,gpu-3uwoq-6g3ya-1,ib_hw_counter,rdma_vf_rail0,implied_nak_seq_err,0
2026-09-30T16:23:00.443Z,gpu-3uwoq-6g3ya-1,ib_hw_counter,rdma_vf_rail0,duplicate_request,0
2026-09-30T16:23:00.443Z,gpu-3uwoq-6g3ya-1,ib_counter,rdma_vf_rail1,port_xmit_data,5.48301e+12
2026-09-30T16:23:00.443Z,gpu-3uwoq-6g3ya-1,ib_counter,rdma_vf_rail1,port_rcv_data,3.51844e+12
2026-09-30T16:23:00.443Z,gpu-3uwoq-6g3ya-1,ib_counter,rdma_vf_rail1,port_xmit_packets,1.50928e+09
2026-09-30T16:23:00.443Z,gpu-3uwoq-6g3ya-1,ib_counter,rdma_vf_rail1,port_rcv_packets,1.16889e+09
2026-09-30T16:23:00.443Z,gpu-3uwoq-6g3ya-1,ib_counter,rdma_vf_rail1,port_xmit_wait,0
2026-09-30T16:23:00.443Z,gpu-3uwoq-6g3ya-1,ib_counter,rdma_vf_rail1,port_rcv_errors,0
2026-09-30T16:23:00.443Z,gpu-3uwoq-6g3ya-1,ib_counter,rdma_vf_rail1,port_xmit_discards,0
2026-09-30T16:23:00.443Z,gpu-3uwoq-6g3ya-1,ib_counter,rdma_vf_rail1,link_downed,0
2026-09-30T16:23:00.443Z,gpu-3uwoq-6g3ya-1,ib_hw_counter,rdma_vf_rail1,out_of_sequence,7
2026-09-30T16:23:00.443Z,gpu-3uwoq-6g3ya-1,ib_hw_counter,rdma_vf_rail1,packet_seq_err,8
2026-09-30T16:23:00.443Z,gpu-3uwoq-6g3ya-1,ib_hw_counter,rdma_vf_rail1,local_ack_timeout_err,0
2026-09-30T16:23:00.443Z,gpu-3uwoq-6g3ya-1,ib_hw_counter,rdma_vf_rail1,rx_write_requests,4.73996e+08
2026-09-30T16:23:00.443Z,gpu-3uwoq-6g3ya-1,ib_hw_counter,rdma_vf_rail1,rx_read_requests,1.68838e+07
2026-09-30T16:23:00.443Z,gpu-3uwoq-6g3ya-1,ib_hw_counter,rdma_vf_rail1,req_cqe_error,0
2026-09-30T16:23:00.443Z,gpu-3uwoq-6g3ya-1,ib_hw_counter,rdma_vf_rail1,resp_cqe_error,0
2026-09-30T16:23:00.443Z,gpu-3uwoq-6g3ya-1,ib_hw_counter,rdma_vf_rail1,implied_nak_seq_err,0
2026-09-30T16:23:00.443Z,gpu-3uwoq-6g3ya-1,ib_hw_counter,rdma_vf_rail1,duplicate_request,0
2026-09-30T16:23:00.443Z,gpu-3uwoq-6g3ya-1,ib_counter,rdma_vf_rail2,port_xmit_data,5.4557e+12
2026-09-30T16:23:00.443Z,gpu-3uwoq-6g3ya-1,ib_counter,rdma_vf_rail2,port_rcv_data,3.49072e+12
2026-09-30T16:23:00.443Z,gpu-3uwoq-6g3ya-1,ib_counter,rdma_vf_rail2,port_xmit_packets,1.49548e+09
2026-09-30T16:23:00.443Z,gpu-3uwoq-6g3ya-1,ib_counter,rdma_vf_rail2,port_rcv_packets,1.15052e+09
2026-09-30T16:23:00.443Z,gpu-3uwoq-6g3ya-1,ib_counter,rdma_vf_rail2,port_xmit_wait,0
2026-09-30T16:23:00.443Z,gpu-3uwoq-6g3ya-1,ib_counter,rdma_vf_rail2,port_rcv_errors,0
2026-09-30T16:23:00.443Z,gpu-3uwoq-6g3ya-1,ib_counter,rdma_vf_rail2,port_xmit_discards,0
2026-09-30T16:23:00.443Z,gpu-3uwoq-6g3ya-1,ib_counter,rdma_vf_rail2,link_downed,0
2026-09-30T16:23:00.443Z,gpu-3uwoq-6g3ya-1,ib_hw_counter,rdma_vf_rail2,out_of_sequence,8
2026-09-30T16:23:00.443Z,gpu-3uwoq-6g3ya-1,ib_hw_counter,rdma_vf_rail2,packet_seq_err,7
2026-09-30T16:23:00.443Z,gpu-3uwoq-6g3ya-1,ib_hw_counter,rdma_vf_rail2,local_ack_timeout_err,0
2026-09-30T16:23:00.443Z,gpu-3uwoq-6g3ya-1,ib_hw_counter,rdma_vf_rail2,rx_write_requests,4.73562e+08
2026-09-30T16:23:00.443Z,gpu-3uwoq-6g3ya-1,ib_hw_counter,rdma_vf_rail2,rx_read_requests,1.66762e+07
2026-09-30T16:23:00.443Z,gpu-3uwoq-6g3ya-1,ib_hw_counter,rdma_vf_rail2,req_cqe_error,0
2026-09-30T16:23:00.443Z,gpu-3uwoq-6g3ya-1,ib_hw_counter,rdma_vf_rail2,resp_cqe_error,0
2026-09-30T16:23:00.443Z,gpu-3uwoq-6g3ya-1,ib_hw_counter,rdma_vf_rail2,implied_nak_seq_err,0
2026-09-30T16:23:00.443Z,gpu-3uwoq-6g3ya-1,ib_hw_counter,rdma_vf_rail2,duplicate_request,0
2026-09-30T16:23:00.443Z,gpu-3uwoq-6g3ya-1,ib_counter,rdma_vf_rail3,port_xmit_data,5.45593e+12
2026-09-30T16:23:00.443Z,gpu-3uwoq-6g3ya-1,ib_counter,rdma_vf_rail3,port_rcv_data,3.49051e+12
2026-09-30T16:23:00.443Z,gpu-3uwoq-6g3ya-1,ib_counter,rdma_vf_rail3,port_xmit_packets,1.49601e+09
2026-09-30T16:23:00.443Z,gpu-3uwoq-6g3ya-1,ib_counter,rdma_vf_rail3,port_rcv_packets,1.14761e+09
2026-09-30T16:23:00.443Z,gpu-3uwoq-6g3ya-1,ib_counter,rdma_vf_rail3,port_xmit_wait,0
2026-09-30T16:23:00.443Z,gpu-3uwoq-6g3ya-1,ib_counter,rdma_vf_rail3,port_rcv_errors,0
2026-09-30T16:23:00.443Z,gpu-3uwoq-6g3ya-1,ib_counter,rdma_vf_rail3,port_xmit_discards,0
2026-09-30T16:23:00.443Z,gpu-3uwoq-6g3ya-1,ib_counter,rdma_vf_rail3,link_downed,0
2026-09-30T16:23:00.443Z,gpu-3uwoq-6g3ya-1,ib_hw_counter,rdma_vf_rail3,out_of_sequence,9
2026-09-30T16:23:00.443Z,gpu-3uwoq-6g3ya-1,ib_hw_counter,rdma_vf_rail3,packet_seq_err,8
2026-09-30T16:23:00.443Z,gpu-3uwoq-6g3ya-1,ib_hw_counter,rdma_vf_rail3,local_ack_timeout_err,0
2026-09-30T16:23:00.443Z,gpu-3uwoq-6g3ya-1,ib_hw_counter,rdma_vf_rail3,rx_write_requests,4.73562e+08
2026-09-30T16:23:00.443Z,gpu-3uwoq-6g3ya-1,ib_hw_counter,rdma_vf_rail3,rx_read_requests,1.66762e+07
2026-09-30T16:23:00.443Z,gpu-3uwoq-6g3ya-1,ib_hw_counter,rdma_vf_rail3,req_cqe_error,0
2026-09-30T16:23:00.443Z,gpu-3uwoq-6g3ya-1,ib_hw_counter,rdma_vf_rail3,resp_cqe_error,0
2026-09-30T16:23:00.443Z,gpu-3uwoq-6g3ya-1,ib_hw_counter,rdma_vf_rail3,implied_nak_seq_err,0
2026-09-30T16:23:00.443Z,gpu-3uwoq-6g3ya-1,ib_hw_counter,rdma_vf_rail3,duplicate_request,0
2026-09-30T16:23:00.443Z,gpu-3uwoq-6g3ya-1,dcgm,gpu2,gpu_util,0
2026-09-30T16:23:00.443Z,gpu-3uwoq-6g3ya-1,dcgm,gpu3,gpu_util,0
2026-09-30T16:23:00.443Z,gpu-3uwoq-6g3ya-1,dcgm,gpu0,gpu_util,0
2026-09-30T16:23:00.443Z,gpu-3uwoq-6g3ya-1,dcgm,gpu1,gpu_util,0
2026-09-30T16:23:00.443Z,gpu-3uwoq-6g3ya-1,dcgm,gpu2,nvlink_bandwidth_total,0
2026-09-30T16:23:00.443Z,gpu-3uwoq-6g3ya-1,dcgm,gpu3,nvlink_bandwidth_total,0
2026-09-30T16:23:00.443Z,gpu-3uwoq-6g3ya-1,dcgm,gpu0,nvlink_bandwidth_total,0
2026-09-30T16:23:00.443Z,gpu-3uwoq-6g3ya-1,dcgm,gpu1,nvlink_bandwidth_total,0
2026-09-30T16:23:00.443Z,gpu-3uwoq-6g3ya-1,dcgm,gpu2,power_w,222.82
2026-09-30T16:23:00.443Z,gpu-3uwoq-6g3ya-1,dcgm,gpu3,power_w,227.026
2026-09-30T16:23:00.443Z,gpu-3uwoq-6g3ya-1,dcgm,gpu0,power_w,230.127
2026-09-30T16:23:00.443Z,gpu-3uwoq-6g3ya-1,dcgm,gpu1,power_w,226.521
2026-09-30T16:23:00.443Z,gpu-3uwoq-6g3ya-1,dcgm,gpu2,sm_clock_mhz,2070
2026-09-30T16:23:00.443Z,gpu-3uwoq-6g3ya-1,dcgm,gpu3,sm_clock_mhz,2070
2026-09-30T16:23:00.443Z,gpu-3uwoq-6g3ya-1,dcgm,gpu0,sm_clock_mhz,2070
2026-09-30T16:23:00.443Z,gpu-3uwoq-6g3ya-1,dcgm,gpu1,sm_clock_mhz,2070
2026-09-30T16:23:00.443Z,gpu-3uwoq-6g3ya-1,dcgm,gpu2,dram_active,0
2026-09-30T16:23:00.443Z,gpu-3uwoq-6g3ya-1,dcgm,gpu3,dram_active,0
2026-09-30T16:23:00.443Z,gpu-3uwoq-6g3ya-1,dcgm,gpu0,dram_active,0
2026-09-30T16:23:00.443Z,gpu-3uwoq-6g3ya-1,dcgm,gpu1,dram_active,0
2026-09-30T16:23:00.443Z,gpu-3uwoq-6g3ya-1,dcgm,gpu2,pcie_rx_bytes,43152
2026-09-30T16:23:00.443Z,gpu-3uwoq-6g3ya-1,dcgm,gpu3,pcie_rx_bytes,36130
2026-09-30T16:23:00.443Z,gpu-3uwoq-6g3ya-1,dcgm,gpu0,pcie_rx_bytes,50088
2026-09-30T16:23:00.443Z,gpu-3uwoq-6g3ya-1,dcgm,gpu1,pcie_rx_bytes,54948
2026-09-30T16:23:00.443Z,gpu-3uwoq-6g3ya-1,dcgm,gpu2,pcie_tx_bytes,39623
2026-09-30T16:23:00.443Z,gpu-3uwoq-6g3ya-1,dcgm,gpu3,pcie_tx_bytes,33072
2026-09-30T16:23:00.443Z,gpu-3uwoq-6g3ya-1,dcgm,gpu0,pcie_tx_bytes,46489
2026-09-30T16:23:00.443Z,gpu-3uwoq-6g3ya-1,dcgm,gpu1,pcie_tx_bytes,51404
2026-09-30T16:23:00.443Z,gpu-3uwoq-6g3ya-1,dcgm,gpu2,tensor_active,0
2026-09-30T16:23:00.443Z,gpu-3uwoq-6g3ya-1,dcgm,gpu3,tensor_active,0
2026-09-30T16:23:00.443Z,gpu-3uwoq-6g3ya-1,dcgm,gpu0,tensor_active,0
2026-09-30T16:23:00.443Z,gpu-3uwoq-6g3ya-1,dcgm,gpu1,tensor_active,0
2026-09-30T16:23:00.443Z,gpu-3uwoq-6g3ya-1,dcgm,gpu2,sm_active,0
2026-09-30T16:23:00.443Z,gpu-3uwoq-6g3ya-1,dcgm,gpu3,sm_active,0
2026-09-30T16:23:00.443Z,gpu-3uwoq-6g3ya-1,dcgm,gpu0,sm_active,0
2026-09-30T16:23:00.443Z,gpu-3uwoq-6g3ya-1,dcgm,gpu1,sm_active,0
2026-09-30T16:23:00.443Z,gpu-3uwoq-6g3ya-1,nvlink,gpu0,nvlink_rx_bytes,2.19204e+13
2026-09-30T16:23:00.443Z,gpu-3uwoq-6g3ya-1,nvlink,gpu0,nvlink_tx_bytes,2.19341e+13
2026-09-30T16:23:00.443Z,gpu-3uwoq-6g3ya-1,nvlink,gpu1,nvlink_rx_bytes,2.27892e+13
2026-09-30T16:23:00.443Z,gpu-3uwoq-6g3ya-1,nvlink,gpu1,nvlink_tx_bytes,2.28013e+13
2026-09-30T16:23:00.443Z,gpu-3uwoq-6g3ya-1,nvlink,gpu2,nvlink_rx_bytes,2.19858e+13
2026-09-30T16:23:00.443Z,gpu-3uwoq-6g3ya-1,nvlink,gpu2,nvlink_tx_bytes,2.20045e+13
2026-09-30T16:23:00.443Z,gpu-3uwoq-6g3ya-1,nvlink,gpu3,nvlink_rx_bytes,2.18839e+13
2026-09-30T16:23:00.443Z,gpu-3uwoq-6g3ya-1,nvlink,gpu3,nvlink_tx_bytes,2.19016e+13
2026-09-30T16:23:01.444Z,gpu-3uwoq-6g3ya-1,ib_counter,rdma_vf_rail0,port_xmit_data,6.27354e+12
2026-09-30T16:23:01.444Z,gpu-3uwoq-6g3ya-1,ib_counter,rdma_vf_rail0,port_rcv_data,4.31116e+12
2026-09-30T16:23:01.444Z,gpu-3uwoq-6g3ya-1,ib_counter,rdma_vf_rail0,port_xmit_packets,1.72334e+09
2026-09-30T16:23:01.444Z,gpu-3uwoq-6g3ya-1,ib_counter,rdma_vf_rail0,port_rcv_packets,1.4035e+09
2026-09-30T16:23:01.444Z,gpu-3uwoq-6g3ya-1,ib_counter,rdma_vf_rail0,port_xmit_wait,0
2026-09-30T16:23:01.444Z,gpu-3uwoq-6g3ya-1,ib_counter,rdma_vf_rail0,port_rcv_errors,0
2026-09-30T16:23:01.444Z,gpu-3uwoq-6g3ya-1,ib_counter,rdma_vf_rail0,port_xmit_discards,0
2026-09-30T16:23:01.444Z,gpu-3uwoq-6g3ya-1,ib_counter,rdma_vf_rail0,link_downed,0
2026-09-30T16:23:01.444Z,gpu-3uwoq-6g3ya-1,ib_hw_counter,rdma_vf_rail0,out_of_sequence,8
2026-09-30T16:23:01.444Z,gpu-3uwoq-6g3ya-1,ib_hw_counter,rdma_vf_rail0,packet_seq_err,9
2026-09-30T16:23:01.444Z,gpu-3uwoq-6g3ya-1,ib_hw_counter,rdma_vf_rail0,local_ack_timeout_err,0
2026-09-30T16:23:01.444Z,gpu-3uwoq-6g3ya-1,ib_hw_counter,rdma_vf_rail0,rx_write_requests,4.85746e+08
2026-09-30T16:23:01.444Z,gpu-3uwoq-6g3ya-1,ib_hw_counter,rdma_vf_rail0,rx_read_requests,2.27639e+07
2026-09-30T16:23:01.444Z,gpu-3uwoq-6g3ya-1,ib_hw_counter,rdma_vf_rail0,req_cqe_error,0
2026-09-30T16:23:01.444Z,gpu-3uwoq-6g3ya-1,ib_hw_counter,rdma_vf_rail0,resp_cqe_error,0
2026-09-30T16:23:01.444Z,gpu-3uwoq-6g3ya-1,ib_hw_counter,rdma_vf_rail0,implied_nak_seq_err,0
2026-09-30T16:23:01.444Z,gpu-3uwoq-6g3ya-1,ib_hw_counter,rdma_vf_rail0,duplicate_request,0
2026-09-30T16:23:01.444Z,gpu-3uwoq-6g3ya-1,ib_counter,rdma_vf_rail1,port_xmit_data,5.48301e+12
2026-09-30T16:23:01.444Z,gpu-3uwoq-6g3ya-1,ib_counter,rdma_vf_rail1,port_rcv_data,3.51844e+12
2026-09-30T16:23:01.444Z,gpu-3uwoq-6g3ya-1,ib_counter,rdma_vf_rail1,port_xmit_packets,1.50928e+09
2026-09-30T16:23:01.444Z,gpu-3uwoq-6g3ya-1,ib_counter,rdma_vf_rail1,port_rcv_packets,1.16889e+09
2026-09-30T16:23:01.444Z,gpu-3uwoq-6g3ya-1,ib_counter,rdma_vf_rail1,port_xmit_wait,0
2026-09-30T16:23:01.444Z,gpu-3uwoq-6g3ya-1,ib_counter,rdma_vf_rail1,port_rcv_errors,0
2026-09-30T16:23:01.444Z,gpu-3uwoq-6g3ya-1,ib_counter,rdma_vf_rail1,port_xmit_discards,0
2026-09-30T16:23:01.444Z,gpu-3uwoq-6g3ya-1,ib_counter,rdma_vf_rail1,link_downed,0
2026-09-30T16:23:01.444Z,gpu-3uwoq-6g3ya-1,ib_hw_counter,rdma_vf_rail1,out_of_sequence,7
2026-09-30T16:23:01.444Z,gpu-3uwoq-6g3ya-1,ib_hw_counter,rdma_vf_rail1,packet_seq_err,8
2026-09-30T16:23:01.444Z,gpu-3uwoq-6g3ya-1,ib_hw_counter,rdma_vf_rail1,local_ack_timeout_err,0
2026-09-30T16:23:01.444Z,gpu-3uwoq-6g3ya-1,ib_hw_counter,rdma_vf_rail1,rx_write_requests,4.73996e+08
2026-09-30T16:23:01.444Z,gpu-3uwoq-6g3ya-1,ib_hw_counter,rdma_vf_rail1,rx_read_requests,1.68838e+07
2026-09-30T16:23:01.444Z,gpu-3uwoq-6g3ya-1,ib_hw_counter,rdma_vf_rail1,req_cqe_error,0
2026-09-30T16:23:01.444Z,gpu-3uwoq-6g3ya-1,ib_hw_counter,rdma_vf_rail1,resp_cqe_error,0
2026-09-30T16:23:01.444Z,gpu-3uwoq-6g3ya-1,ib_hw_counter,rdma_vf_rail1,implied_nak_seq_err,0
2026-09-30T16:23:01.444Z,gpu-3uwoq-6g3ya-1,ib_hw_counter,rdma_vf_rail1,duplicate_request,0
2026-09-30T16:23:01.444Z,gpu-3uwoq-6g3ya-1,ib_counter,rdma_vf_rail2,port_xmit_data,5.4557e+12
2026-09-30T16:23:01.444Z,gpu-3uwoq-6g3ya-1,ib_counter,rdma_vf_rail2,port_rcv_data,3.49072e+12
2026-09-30T16:23:01.444Z,gpu-3uwoq-6g3ya-1,ib_counter,rdma_vf_rail2,port_xmit_packets,1.49548e+09
2026-09-30T16:23:01.444Z,gpu-3uwoq-6g3ya-1,ib_counter,rdma_vf_rail2,port_rcv_packets,1.15052e+09
2026-09-30T16:23:01.444Z,gpu-3uwoq-6g3ya-1,ib_counter,rdma_vf_rail2,port_xmit_wait,0
2026-09-30T16:23:01.444Z,gpu-3uwoq-6g3ya-1,ib_counter,rdma_vf_rail2,port_rcv_errors,0
2026-09-30T16:23:01.444Z,gpu-3uwoq-6g3ya-1,ib_counter,rdma_vf_rail2,port_xmit_discards,0
2026-09-30T16:23:01.444Z,gpu-3uwoq-6g3ya-1,ib_counter,rdma_vf_rail2,link_downed,0
2026-09-30T16:23:01.444Z,gpu-3uwoq-6g3ya-1,ib_hw_counter,rdma_vf_rail2,out_of_sequence,8
2026-09-30T16:23:01.444Z,gpu-3uwoq-6g3ya-1,ib_hw_counter,rdma_vf_rail2,packet_seq_err,7
2026-09-30T16:23:01.444Z,gpu-3uwoq-6g3ya-1,ib_hw_counter,rdma_vf_rail2,local_ack_timeout_err,0
2026-09-30T16:23:01.444Z,gpu-3uwoq-6g3ya-1,ib_hw_counter,rdma_vf_rail2,rx_write_requests,4.73562e+08
2026-09-30T16:23:01.444Z,gpu-3uwoq-6g3ya-1,ib_hw_counter,rdma_vf_rail2,rx_read_requests,1.66762e+07
2026-09-30T16:23:01.444Z,gpu-3uwoq-6g3ya-1,ib_hw_counter,rdma_vf_rail2,req_cqe_error,0
2026-09-30T16:23:01.444Z,gpu-3uwoq-6g3ya-1,ib_hw_counter,rdma_vf_rail2,resp_cqe_error,0
2026-09-30T16:23:01.444Z,gpu-3uwoq-6g3ya-1,ib_hw_counter,rdma_vf_rail2,implied_nak_seq_err,0
2026-09-30T16:23:01.444Z,gpu-3uwoq-6g3ya-1,ib_hw_counter,rdma_vf_rail2,duplicate_request,0
2026-09-30T16:23:01.444Z,gpu-3uwoq-6g3ya-1,ib_counter,rdma_vf_rail3,port_xmit_data,5.45593e+12
2026-09-30T16:23:01.444Z,gpu-3uwoq-6g3ya-1,ib_counter,rdma_vf_rail3,port_rcv_data,3.49051e+12
2026-09-30T16:23:01.444Z,gpu-3uwoq-6g3ya-1,ib_counter,rdma_vf_rail3,port_xmit_packets,1.49601e+09
2026-09-30T16:23:01.444Z,gpu-3uwoq-6g3ya-1,ib_counter,rdma_vf_rail3,port_rcv_packets,1.14761e+09
2026-09-30T16:23:01.444Z,gpu-3uwoq-6g3ya-1,ib_counter,rdma_vf_rail3,port_xmit_wait,0
2026-09-30T16:23:01.444Z,gpu-3uwoq-6g3ya-1,ib_counter,rdma_vf_rail3,port_rcv_errors,0
2026-09-30T16:23:01.444Z,gpu-3uwoq-6g3ya-1,ib_counter,rdma_vf_rail3,port_xmit_discards,0
2026-09-30T16:23:01.444Z,gpu-3uwoq-6g3ya-1,ib_counter,rdma_vf_rail3,link_downed,0
2026-09-30T16:23:01.444Z,gpu-3uwoq-6g3ya-1,ib_hw_counter,rdma_vf_rail3,out_of_sequence,9
2026-09-30T16:23:01.444Z,gpu-3uwoq-6g3ya-1,ib_hw_counter,rdma_vf_rail3,packet_seq_err,8
2026-09-30T16:23:01.444Z,gpu-3uwoq-6g3ya-1,ib_hw_counter,rdma_vf_rail3,local_ack_timeout_err,0
2026-09-30T16:23:01.444Z,gpu-3uwoq-6g3ya-1,ib_hw_counter,rdma_vf_rail3,rx_write_requests,4.73562e+08
2026-09-30T16:23:01.444Z,gpu-3uwoq-6g3ya-1,ib_hw_counter,rdma_vf_rail3,rx_read_requests,1.66762e+07
2026-09-30T16:23:01.444Z,gpu-3uwoq-6g3ya-1,ib_hw_counter,rdma_vf_rail3,req_cqe_error,0
2026-09-30T16:23:01.444Z,gpu-3uwoq-6g3ya-1,ib_hw_counter,rdma_vf_rail3,resp_cqe_error,0
2026-09-30T16:23:01.444Z,gpu-3uwoq-6g3ya-1,ib_hw_counter,rdma_vf_rail3,implied_nak_seq_err,0
2026-09-30T16:23:01.444Z,gpu-3uwoq-6g3ya-1,ib_hw_counter,rdma_vf_rail3,duplicate_request,0
2026-09-30T16:23:01.444Z,gpu-3uwoq-6g3ya-1,dcgm,gpu2,gpu_util,0
2026-09-30T16:23:01.444Z,gpu-3uwoq-6g3ya-1,dcgm,gpu3,gpu_util,0
2026-09-30T16:23:01.444Z,gpu-3uwoq-6g3ya-1,dcgm,gpu0,gpu_util,0
2026-09-30T16:23:01.444Z,gpu-3uwoq-6g3ya-1,dcgm,gpu1,gpu_util,0
2026-09-30T16:23:01.444Z,gpu-3uwoq-6g3ya-1,dcgm,gpu2,nvlink_bandwidth_total,0
2026-09-30T16:23:01.444Z,gpu-3uwoq-6g3ya-1,dcgm,gpu3,nvlink_bandwidth_total,0
2026-09-30T16:23:01.444Z,gpu-3uwoq-6g3ya-1,dcgm,gpu0,nvlink_bandwidth_total,0
2026-09-30T16:23:01.444Z,gpu-3uwoq-6g3ya-1,dcgm,gpu1,nvlink_bandwidth_total,0
2026-09-30T16:23:01.444Z,gpu-3uwoq-6g3ya-1,dcgm,gpu2,power_w,222.82
2026-09-30T16:23:01.444Z,gpu-3uwoq-6g3ya-1,dcgm,gpu3,power_w,227.026
2026-09-30T16:23:01.444Z,gpu-3uwoq-6g3ya-1,dcgm,gpu0,power_w,230.127
2026-09-30T16:23:01.444Z,gpu-3uwoq-6g3ya-1,dcgm,gpu1,power_w,226.521
2026-09-30T16:23:01.444Z,gpu-3uwoq-6g3ya-1,dcgm,gpu2,sm_clock_mhz,2070
2026-09-30T16:23:01.444Z,gpu-3uwoq-6g3ya-1,dcgm,gpu3,sm_clock_mhz,2070
2026-09-30T16:23:01.444Z,gpu-3uwoq-6g3ya-1,dcgm,gpu0,sm_clock_mhz,2070
2026-09-30T16:23:01.444Z,gpu-3uwoq-6g3ya-1,dcgm,gpu1,sm_clock_mhz,2070
2026-09-30T16:23:01.444Z,gpu-3uwoq-6g3ya-1,dcgm,gpu2,dram_active,0
2026-09-30T16:23:01.444Z,gpu-3uwoq-6g3ya-1,dcgm,gpu3,dram_active,0
2026-09-30T16:23:01.444Z,gpu-3uwoq-6g3ya-1,dcgm,gpu0,dram_active,0
2026-09-30T16:23:01.444Z,gpu-3uwoq-6g3ya-1,dcgm,gpu1,dram_active,0
2026-09-30T16:23:01.444Z,gpu-3uwoq-6g3ya-1,dcgm,gpu2,pcie_rx_bytes,43152
2026-09-30T16:23:01.444Z,gpu-3uwoq-6g3ya-1,dcgm,gpu3,pcie_rx_bytes,36130
2026-09-30T16:23:01.444Z,gpu-3uwoq-6g3ya-1,dcgm,gpu0,pcie_rx_bytes,50088
2026-09-30T16:23:01.444Z,gpu-3uwoq-6g3ya-1,dcgm,gpu1,pcie_rx_bytes,54948
2026-09-30T16:23:01.444Z,gpu-3uwoq-6g3ya-1,dcgm,gpu2,pcie_tx_bytes,39623
2026-09-30T16:23:01.444Z,gpu-3uwoq-6g3ya-1,dcgm,gpu3,pcie_tx_bytes,33072
2026-09-30T16:23:01.444Z,gpu-3uwoq-6g3ya-1,dcgm,gpu0,pcie_tx_bytes,46489
2026-09-30T16:23:01.444Z,gpu-3uwoq-6g3ya-1,dcgm,gpu1,pcie_tx_bytes,51404
2026-09-30T16:23:01.444Z,gpu-3uwoq-6g3ya-1,dcgm,gpu2,tensor_active,0
2026-09-30T16:23:01.444Z,gpu-3uwoq-6g3ya-1,dcgm,gpu3,tensor_active,0
2026-09-30T16:23:01.444Z,gpu-3uwoq-6g3ya-1,dcgm,gpu0,tensor_active,0
2026-09-30T16:23:01.444Z,gpu-3uwoq-6g3ya-1,dcgm,gpu1,tensor_active,0
2026-09-30T16:23:01.444Z,gpu-3uwoq-6g3ya-1,dcgm,gpu2,sm_active,0
2026-09-30T16:23:01.444Z,gpu-3uwoq-6g3ya-1,dcgm,gpu3,sm_active,0
2026-09-30T16:23:01.444Z,gpu-3uwoq-6g3ya-1,dcgm,gpu0,sm_active,0
2026-09-30T16:23:01.444Z,gpu-3uwoq-6g3ya-1,dcgm,gpu1,sm_active,0
2026-09-30T16:23:01.444Z,gpu-3uwoq-6g3ya-1,nvlink,gpu0,nvlink_rx_bytes,2.19204e+13
2026-09-30T16:23:01.444Z,gpu-3uwoq-6g3ya-1,nvlink,gpu0,nvlink_tx_bytes,2.19341e+13
2026-09-30T16:23:01.444Z,gpu-3uwoq-6g3ya-1,nvlink,gpu1,nvlink_rx_bytes,2.27892e+13
2026-09-30T16:23:01.444Z,gpu-3uwoq-6g3ya-1,nvlink,gpu1,nvlink_tx_bytes,2.28013e+13
2026-09-30T16:23:01.444Z,gpu-3uwoq-6g3ya-1,nvlink,gpu2,nvlink_rx_bytes,2.19858e+13
2026-09-30T16:23:01.444Z,gpu-3uwoq-6g3ya-1,nvlink,gpu2,nvlink_tx_bytes,2.20045e+13
2026-09-30T16:23:01.444Z,gpu-3uwoq-6g3ya-1,nvlink,gpu3,nvlink_rx_bytes,2.18839e+13
2026-09-30T16:23:01.444Z,gpu-3uwoq-6g3ya-1,nvlink,gpu3,nvlink_tx_bytes,2.19016e+13
2026-09-30T16:23:02.444Z,gpu-3uwoq-6g3ya-1,ib_counter,rdma_vf_rail0,port_xmit_data,6.27354e+12
2026-09-30T16:23:02.444Z,gpu-3uwoq-6g3ya-1,ib_counter,rdma_vf_rail0,port_rcv_data,4.31116e+12
2026-09-30T16:23:02.444Z,gpu-3uwoq-6g3ya-1,ib_counter,rdma_vf_rail0,port_xmit_packets,1.72334e+09
2026-09-30T16:23:02.444Z,gpu-3uwoq-6g3ya-1,ib_counter,rdma_vf_rail0,port_rcv_packets,1.4035e+09
2026-09-30T16:23:02.444Z,gpu-3uwoq-6g3ya-1,ib_counter,rdma_vf_rail0,port_xmit_wait,0
2026-09-30T16:23:02.444Z,gpu-3uwoq-6g3ya-1,ib_counter,rdma_vf_rail0,port_rcv_errors,0
2026-09-30T16:23:02.444Z,gpu-3uwoq-6g3ya-1,ib_counter,rdma_vf_rail0,port_xmit_discards,0
2026-09-30T16:23:02.444Z,gpu-3uwoq-6g3ya-1,ib_counter,rdma_vf_rail0,link_downed,0
2026-09-30T16:23:02.444Z,gpu-3uwoq-6g3ya-1,ib_hw_counter,rdma_vf_rail0,out_of_sequence,8
2026-09-30T16:23:02.444Z,gpu-3uwoq-6g3ya-1,ib_hw_counter,rdma_vf_rail0,packet_seq_err,9
2026-09-30T16:23:02.444Z,gpu-3uwoq-6g3ya-1,ib_hw_counter,rdma_vf_rail0,local_ack_timeout_err,0
2026-09-30T16:23:02.444Z,gpu-3uwoq-6g3ya-1,ib_hw_counter,rdma_vf_rail0,rx_write_requests,4.85746e+08
2026-09-30T16:23:02.444Z,gpu-3uwoq-6g3ya-1,ib_hw_counter,rdma_vf_rail0,rx_read_requests,2.27639e+07
2026-09-30T16:23:02.444Z,gpu-3uwoq-6g3ya-1,ib_hw_counter,rdma_vf_rail0,req_cqe_error,0
2026-09-30T16:23:02.444Z,gpu-3uwoq-6g3ya-1,ib_hw_counter,rdma_vf_rail0,resp_cqe_error,0
2026-09-30T16:23:02.444Z,gpu-3uwoq-6g3ya-1,ib_hw_counter,rdma_vf_rail0,implied_nak_seq_err,0
2026-09-30T16:23:02.444Z,gpu-3uwoq-6g3ya-1,ib_hw_counter,rdma_vf_rail0,duplicate_request,0
2026-09-30T16:23:02.444Z,gpu-3uwoq-6g3ya-1,ib_counter,rdma_vf_rail1,port_xmit_data,5.48301e+12
2026-09-30T16:23:02.444Z,gpu-3uwoq-6g3ya-1,ib_counter,rdma_vf_rail1,port_rcv_data,3.51844e+12
2026-09-30T16:23:02.444Z,gpu-3uwoq-6g3ya-1,ib_counter,rdma_vf_rail1,port_xmit_packets,1.50928e+09
2026-09-30T16:23:02.444Z,gpu-3uwoq-6g3ya-1,ib_counter,rdma_vf_rail1,port_rcv_packets,1.16889e+09
2026-09-30T16:23:02.444Z,gpu-3uwoq-6g3ya-1,ib_counter,rdma_vf_rail1,port_xmit_wait,0
2026-09-30T16:23:02.444Z,gpu-3uwoq-6g3ya-1,ib_counter,rdma_vf_rail1,port_rcv_errors,0
2026-09-30T16:23:02.444Z,gpu-3uwoq-6g3ya-1,ib_counter,rdma_vf_rail1,port_xmit_discards,0
2026-09-30T16:23:02.444Z,gpu-3uwoq-6g3ya-1,ib_counter,rdma_vf_rail1,link_downed,0
2026-09-30T16:23:02.444Z,gpu-3uwoq-6g3ya-1,ib_hw_counter,rdma_vf_rail1,out_of_sequence,7
2026-09-30T16:23:02.444Z,gpu-3uwoq-6g3ya-1,ib_hw_counter,rdma_vf_rail1,packet_seq_err,8
2026-09-30T16:23:02.444Z,gpu-3uwoq-6g3ya-1,ib_hw_counter,rdma_vf_rail1,local_ack_timeout_err,0
2026-09-30T16:23:02.444Z,gpu-3uwoq-6g3ya-1,ib_hw_counter,rdma_vf_rail1,rx_write_requests,4.73996e+08
2026-09-30T16:23:02.444Z,gpu-3uwoq-6g3ya-1,ib_hw_counter,rdma_vf_rail1,rx_read_requests,1.68838e+07
2026-09-30T16:23:02.444Z,gpu-3uwoq-6g3ya-1,ib_hw_counter,rdma_vf_rail1,req_cqe_error,0
2026-09-30T16:23:02.444Z,gpu-3uwoq-6g3ya-1,ib_hw_counter,rdma_vf_rail1,resp_cqe_error,0
2026-09-30T16:23:02.444Z,gpu-3uwoq-6g3ya-1,ib_hw_counter,rdma_vf_rail1,implied_nak_seq_err,0
2026-09-30T16:23:02.444Z,gpu-3uwoq-6g3ya-1,ib_hw_counter,rdma_vf_rail1,duplicate_request,0
2026-09-30T16:23:02.444Z,gpu-3uwoq-6g3ya-1,ib_counter,rdma_vf_rail2,port_xmit_data,5.4557e+12
2026-09-30T16:23:02.444Z,gpu-3uwoq-6g3ya-1,ib_counter,rdma_vf_rail2,port_rcv_data,3.49072e+12
2026-09-30T16:23:02.444Z,gpu-3uwoq-6g3ya-1,ib_counter,rdma_vf_rail2,port_xmit_packets,1.49548e+09
2026-09-30T16:23:02.444Z,gpu-3uwoq-6g3ya-1,ib_counter,rdma_vf_rail2,port_rcv_packets,1.15052e+09
2026-09-30T16:23:02.444Z,gpu-3uwoq-6g3ya-1,ib_counter,rdma_vf_rail2,port_xmit_wait,0
2026-09-30T16:23:02.444Z,gpu-3uwoq-6g3ya-1,ib_counter,rdma_vf_rail2,port_rcv_errors,0
2026-09-30T16:23:02.444Z,gpu-3uwoq-6g3ya-1,ib_counter,rdma_vf_rail2,port_xmit_discards,0
2026-09-30T16:23:02.444Z,gpu-3uwoq-6g3ya-1,ib_counter,rdma_vf_rail2,link_downed,0
2026-09-30T16:23:02.444Z,gpu-3uwoq-6g3ya-1,ib_hw_counter,rdma_vf_rail2,out_of_sequence,8
2026-09-30T16:23:02.444Z,gpu-3uwoq-6g3ya-1,ib_hw_counter,rdma_vf_rail2,packet_seq_err,7
2026-09-30T16:23:02.444Z,gpu-3uwoq-6g3ya-1,ib_hw_counter,rdma_vf_rail2,local_ack_timeout_err,0
2026-09-30T16:23:02.444Z,gpu-3uwoq-6g3ya-1,ib_hw_counter,rdma_vf_rail2,rx_write_requests,4.73562e+08
2026-09-30T16:23:02.444Z,gpu-3uwoq-6g3ya-1,ib_hw_counter,rdma_vf_rail2,rx_read_requests,1.66762e+07
2026-09-30T16:23:02.444Z,gpu-3uwoq-6g3ya-1,ib_hw_counter,rdma_vf_rail2,req_cqe_error,0
2026-09-30T16:23:02.444Z,gpu-3uwoq-6g3ya-1,ib_hw_counter,rdma_vf_rail2,resp_cqe_error,0
2026-09-30T16:23:02.444Z,gpu-3uwoq-6g3ya-1,ib_hw_counter,rdma_vf_rail2,implied_nak_seq_err,0
2026-09-30T16:23:02.444Z,gpu-3uwoq-6g3ya-1,ib_hw_counter,rdma_vf_rail2,duplicate_request,0
2026-09-30T16:23:02.444Z,gpu-3uwoq-6g3ya-1,ib_counter,rdma_vf_rail3,port_xmit_data,5.45593e+12
2026-09-30T16:23:02.444Z,gpu-3uwoq-6g3ya-1,ib_counter,rdma_vf_rail3,port_rcv_data,3.49051e+12
2026-09-30T16:23:02.444Z,gpu-3uwoq-6g3ya-1,ib_counter,rdma_vf_rail3,port_xmit_packets,1.49601e+09
2026-09-30T16:23:02.444Z,gpu-3uwoq-6g3ya-1,ib_counter,rdma_vf_rail3,port_rcv_packets,1.14761e+09
2026-09-30T16:23:02.444Z,gpu-3uwoq-6g3ya-1,ib_counter,rdma_vf_rail3,port_xmit_wait,0
2026-09-30T16:23:02.444Z,gpu-3uwoq-6g3ya-1,ib_counter,rdma_vf_rail3,port_rcv_errors,0
2026-09-30T16:23:02.444Z,gpu-3uwoq-6g3ya-1,ib_counter,rdma_vf_rail3,port_xmit_discards,0
2026-09-30T16:23:02.444Z,gpu-3uwoq-6g3ya-1,ib_counter,rdma_vf_rail3,link_downed,0
2026-09-30T16:23:02.444Z,gpu-3uwoq-6g3ya-1,ib_hw_counter,rdma_vf_rail3,out_of_sequence,9
2026-09-30T16:23:02.444Z,gpu-3uwoq-6g3ya-1,ib_hw_counter,rdma_vf_rail3,packet_seq_err,8
2026-09-30T16:23:02.444Z,gpu-3uwoq-6g3ya-1,ib_hw_counter,rdma_vf_rail3,local_ack_timeout_err,0
2026-09-30T16:23:02.444Z,gpu-3uwoq-6g3ya-1,ib_hw_counter,rdma_vf_rail3,rx_write_requests,4.73562e+08
2026-09-30T16:23:02.444Z,gpu-3uwoq-6g3ya-1,ib_hw_counter,rdma_vf_rail3,rx_read_requests,1.66762e+07
2026-09-30T16:23:02.444Z,gpu-3uwoq-6g3ya-1,ib_hw_counter,rdma_vf_rail3,req_cqe_error,0
2026-09-30T16:23:02.444Z,gpu-3uwoq-6g3ya-1,ib_hw_counter,rdma_vf_rail3,resp_cqe_error,0
2026-09-30T16:23:02.444Z,gpu-3uwoq-6g3ya-1,ib_hw_counter,rdma_vf_rail3,implied_nak_seq_err,0
2026-09-30T16:23:02.444Z,gpu-3uwoq-6g3ya-1,ib_hw_counter,rdma_vf_rail3,duplicate_request,0
2026-09-30T16:23:02.444Z,gpu-3uwoq-6g3ya-1,dcgm,gpu2,gpu_util,0
2026-09-30T16:23:02.444Z,gpu-3uwoq-6g3ya-1,dcgm,gpu3,gpu_util,0
2026-09-30T16:23:02.444Z,gpu-3uwoq-6g3ya-1,dcgm,gpu0,gpu_util,0
2026-09-30T16:23:02.444Z,gpu-3uwoq-6g3ya-1,dcgm,gpu1,gpu_util,0
2026-09-30T16:23:02.444Z,gpu-3uwoq-6g3ya-1,dcgm,gpu2,nvlink_bandwidth_total,0
2026-09-30T16:23:02.444Z,gpu-3uwoq-6g3ya-1,dcgm,gpu3,nvlink_bandwidth_total,0
2026-09-30T16:23:02.444Z,gpu-3uwoq-6g3ya-1,dcgm,gpu0,nvlink_bandwidth_total,0
2026-09-30T16:23:02.444Z,gpu-3uwoq-6g3ya-1,dcgm,gpu1,nvlink_bandwidth_total,0
2026-09-30T16:23:02.444Z,gpu-3uwoq-6g3ya-1,dcgm,gpu2,power_w,222.82
2026-09-30T16:23:02.444Z,gpu-3uwoq-6g3ya-1,dcgm,gpu3,power_w,227.026
2026-09-30T16:23:02.444Z,gpu-3uwoq-6g3ya-1,dcgm,gpu0,power_w,230.127
2026-09-30T16:23:02.444Z,gpu-3uwoq-6g3ya-1,dcgm,gpu1,power_w,226.521
2026-09-30T16:23:02.444Z,gpu-3uwoq-6g3ya-1,dcgm,gpu2,sm_clock_mhz,2070
2026-09-30T16:23:02.444Z,gpu-3uwoq-6g3ya-1,dcgm,gpu3,sm_clock_mhz,2070
2026-09-30T16:23:02.444Z,gpu-3uwoq-6g3ya-1,dcgm,gpu0,sm_clock_mhz,2070
2026-09-30T16:23:02.444Z,gpu-3uwoq-6g3ya-1,dcgm,gpu1,sm_clock_mhz,2070
2026-09-30T16:23:02.444Z,gpu-3uwoq-6g3ya-1,dcgm,gpu2,dram_active,0
2026-09-30T16:23:02.444Z,gpu-3uwoq-6g3ya-1,dcgm,gpu3,dram_active,0
2026-09-30T16:23:02.444Z,gpu-3uwoq-6g3ya-1,dcgm,gpu0,dram_active,0
2026-09-30T16:23:02.444Z,gpu-3uwoq-6g3ya-1,dcgm,gpu1,dram_active,0
2026-09-30T16:23:02.444Z,gpu-3uwoq-6g3ya-1,dcgm,gpu2,pcie_rx_bytes,43152
2026-09-30T16:23:02.444Z,gpu-3uwoq-6g3ya-1,dcgm,gpu3,pcie_rx_bytes,36130
2026-09-30T16:23:02.444Z,gpu-3uwoq-6g3ya-1,dcgm,gpu0,pcie_rx_bytes,50088
2026-09-30T16:23:02.444Z,gpu-3uwoq-6g3ya-1,dcgm,gpu1,pcie_rx_bytes,54948
2026-09-30T16:23:02.444Z,gpu-3uwoq-6g3ya-1,dcgm,gpu2,pcie_tx_bytes,39623
2026-09-30T16:23:02.444Z,gpu-3uwoq-6g3ya-1,dcgm,gpu3,pcie_tx_bytes,33072
2026-09-30T16:23:02.444Z,gpu-3uwoq-6g3ya-1,dcgm,gpu0,pcie_tx_bytes,46489
2026-09-30T16:23:02.444Z,gpu-3uwoq-6g3ya-1,dcgm,gpu1,pcie_tx_bytes,51404
2026-09-30T16:23:02.444Z,gpu-3uwoq-6g3ya-1,dcgm,gpu2,tensor_active,0
2026-09-30T16:23:02.444Z,gpu-3uwoq-6g3ya-1,dcgm,gpu3,tensor_active,0
2026-09-30T16:23:02.444Z,gpu-3uwoq-6g3ya-1,dcgm,gpu0,tensor_active,0
2026-09-30T16:23:02.444Z,gpu-3uwoq-6g3ya-1,dcgm,gpu1,tensor_active,0
2026-09-30T16:23:02.444Z,gpu-3uwoq-6g3ya-1,dcgm,gpu2,sm_active,0
2026-09-30T16:23:02.444Z,gpu-3uwoq-6g3ya-1,dcgm,gpu3,sm_active,0
2026-09-30T16:23:02.444Z,gpu-3uwoq-6g3ya-1,dcgm,gpu0,sm_active,0
2026-09-30T16:23:02.444Z,gpu-3uwoq-6g3ya-1,dcgm,gpu1,sm_active,0
2026-09-30T16:23:02.444Z,gpu-3uwoq-6g3ya-1,nvlink,gpu0,nvlink_rx_bytes,2.19204e+13
2026-09-30T16:23:02.444Z,gpu-3uwoq-6g3ya-1,nvlink,gpu0,nvlink_tx_bytes,2.19341e+13
2026-09-30T16:23:02.444Z,gpu-3uwoq-6g3ya-1,nvlink,gpu1,nvlink_rx_bytes,2.27892e+13
2026-09-30T16:23:02.444Z,gpu-3uwoq-6g3ya-1,nvlink,gpu1,nvlink_tx_bytes,2.28013e+13
2026-09-30T16:23:02.444Z,gpu-3uwoq-6g3ya-1,nvlink,gpu2,nvlink_rx_bytes,2.19858e+13
2026-09-30T16:23:02.444Z,gpu-3uwoq-6g3ya-1,nvlink,gpu2,nvlink_tx_bytes,2.20045e+13
2026-09-30T16:23:02.444Z,gpu-3uwoq-6g3ya-1,nvlink,gpu3,nvlink_rx_bytes,2.18839e+13
2026-09-30T16:23:02.444Z,gpu-3uwoq-6g3ya-1,nvlink,gpu3,nvlink_tx_bytes,2.19016e+13
2026-09-30T16:23:03.444Z,gpu-3uwoq-6g3ya-1,ib_counter,rdma_vf_rail0,port_xmit_data,6.27354e+12
2026-09-30T16:23:03.444Z,gpu-3uwoq-6g3ya-1,ib_counter,rdma_vf_rail0,port_rcv_data,4.31116e+12
2026-09-30T16:23:03.444Z,gpu-3uwoq-6g3ya-1,ib_counter,rdma_vf_rail0,port_xmit_packets,1.72334e+09
2026-09-30T16:23:03.444Z,gpu-3uwoq-6g3ya-1,ib_counter,rdma_vf_rail0,port_rcv_packets,1.4035e+09
2026-09-30T16:23:03.444Z,gpu-3uwoq-6g3ya-1,ib_counter,rdma_vf_rail0,port_xmit_wait,0
2026-09-30T16:23:03.444Z,gpu-3uwoq-6g3ya-1,ib_counter,rdma_vf_rail0,port_rcv_errors,0
2026-09-30T16:23:03.444Z,gpu-3uwoq-6g3ya-1,ib_counter,rdma_vf_rail0,port_xmit_discards,0
2026-09-30T16:23:03.444Z,gpu-3uwoq-6g3ya-1,ib_counter,rdma_vf_rail0,link_downed,0
2026-09-30T16:23:03.444Z,gpu-3uwoq-6g3ya-1,ib_hw_counter,rdma_vf_rail0,out_of_sequence,8
2026-09-30T16:23:03.444Z,gpu-3uwoq-6g3ya-1,ib_hw_counter,rdma_vf_rail0,packet_seq_err,9
2026-09-30T16:23:03.444Z,gpu-3uwoq-6g3ya-1,ib_hw_counter,rdma_vf_rail0,local_ack_timeout_err,0
2026-09-30T16:23:03.444Z,gpu-3uwoq-6g3ya-1,ib_hw_counter,rdma_vf_rail0,rx_write_requests,4.85746e+08
2026-09-30T16:23:03.444Z,gpu-3uwoq-6g3ya-1,ib_hw_counter,rdma_vf_rail0,rx_read_requests,2.27639e+07
2026-09-30T16:23:03.444Z,gpu-3uwoq-6g3ya-1,ib_hw_counter,rdma_vf_rail0,req_cqe_error,0
2026-09-30T16:23:03.444Z,gpu-3uwoq-6g3ya-1,ib_hw_counter,rdma_vf_rail0,resp_cqe_error,0
2026-09-30T16:23:03.444Z,gpu-3uwoq-6g3ya-1,ib_hw_counter,rdma_vf_rail0,implied_nak_seq_err,0
2026-09-30T16:23:03.444Z,gpu-3uwoq-6g3ya-1,ib_hw_counter,rdma_vf_rail0,duplicate_request,0
2026-09-30T16:23:03.444Z,gpu-3uwoq-6g3ya-1,ib_counter,rdma_vf_rail1,port_xmit_data,5.48301e+12
2026-09-30T16:23:03.444Z,gpu-3uwoq-6g3ya-1,ib_counter,rdma_vf_rail1,port_rcv_data,3.51844e+12
2026-09-30T16:23:03.444Z,gpu-3uwoq-6g3ya-1,ib_counter,rdma_vf_rail1,port_xmit_packets,1.50928e+09
2026-09-30T16:23:03.444Z,gpu-3uwoq-6g3ya-1,ib_counter,rdma_vf_rail1,port_rcv_packets,1.16889e+09
2026-09-30T16:23:03.444Z,gpu-3uwoq-6g3ya-1,ib_counter,rdma_vf_rail1,port_xmit_wait,0
2026-09-30T16:23:03.444Z,gpu-3uwoq-6g3ya-1,ib_counter,rdma_vf_rail1,port_rcv_errors,0
2026-09-30T16:23:03.444Z,gpu-3uwoq-6g3ya-1,ib_counter,rdma_vf_rail1,port_xmit_discards,0
2026-09-30T16:23:03.444Z,gpu-3uwoq-6g3ya-1,ib_counter,rdma_vf_rail1,link_downed,0
2026-09-30T16:23:03.444Z,gpu-3uwoq-6g3ya-1,ib_hw_counter,rdma_vf_rail1,out_of_sequence,7
2026-09-30T16:23:03.444Z,gpu-3uwoq-6g3ya-1,ib_hw_counter,rdma_vf_rail1,packet_seq_err,8
2026-09-30T16:23:03.444Z,gpu-3uwoq-6g3ya-1,ib_hw_counter,rdma_vf_rail1,local_ack_timeout_err,0
2026-09-30T16:23:03.444Z,gpu-3uwoq-6g3ya-1,ib_hw_counter,rdma_vf_rail1,rx_write_requests,4.73996e+08
2026-09-30T16:23:03.444Z,gpu-3uwoq-6g3ya-1,ib_hw_counter,rdma_vf_rail1,rx_read_requests,1.68838e+07
2026-09-30T16:23:03.444Z,gpu-3uwoq-6g3ya-1,ib_hw_counter,rdma_vf_rail1,req_cqe_error,0
2026-09-30T16:23:03.444Z,gpu-3uwoq-6g3ya-1,ib_hw_counter,rdma_vf_rail1,resp_cqe_error,0
2026-09-30T16:23:03.444Z,gpu-3uwoq-6g3ya-1,ib_hw_counter,rdma_vf_rail1,implied_nak_seq_err,0
2026-09-30T16:23:03.444Z,gpu-3uwoq-6g3ya-1,ib_hw_counter,rdma_vf_rail1,duplicate_request,0
2026-09-30T16:23:03.444Z,gpu-3uwoq-6g3ya-1,ib_counter,rdma_vf_rail2,port_xmit_data,5.4557e+12
2026-09-30T16:23:03.444Z,gpu-3uwoq-6g3ya-1,ib_counter,rdma_vf_rail2,port_rcv_data,3.49072e+12
2026-09-30T16:23:03.444Z,gpu-3uwoq-6g3ya-1,ib_counter,rdma_vf_rail2,port_xmit_packets,1.49548e+09
2026-09-30T16:23:03.444Z,gpu-3uwoq-6g3ya-1,ib_counter,rdma_vf_rail2,port_rcv_packets,1.15052e+09
2026-09-30T16:23:03.444Z,gpu-3uwoq-6g3ya-1,ib_counter,rdma_vf_rail2,port_xmit_wait,0
2026-09-30T16:23:03.444Z,gpu-3uwoq-6g3ya-1,ib_counter,rdma_vf_rail2,port_rcv_errors,0
2026-09-30T16:23:03.444Z,gpu-3uwoq-6g3ya-1,ib_counter,rdma_vf_rail2,port_xmit_discards,0
2026-09-30T16:23:03.444Z,gpu-3uwoq-6g3ya-1,ib_counter,rdma_vf_rail2,link_downed,0
2026-09-30T16:23:03.444Z,gpu-3uwoq-6g3ya-1,ib_hw_counter,rdma_vf_rail2,out_of_sequence,8
2026-09-30T16:23:03.444Z,gpu-3uwoq-6g3ya-1,ib_hw_counter,rdma_vf_rail2,packet_seq_err,7
2026-09-30T16:23:03.444Z,gpu-3uwoq-6g3ya-1,ib_hw_counter,rdma_vf_rail2,local_ack_timeout_err,0
2026-09-30T16:23:03.444Z,gpu-3uwoq-6g3ya-1,ib_hw_counter,rdma_vf_rail2,rx_write_requests,4.73562e+08
2026-09-30T16:23:03.444Z,gpu-3uwoq-6g3ya-1,ib_hw_counter,rdma_vf_rail2,rx_read_requests,1.66762e+07
2026-09-30T16:23:03.444Z,gpu-3uwoq-6g3ya-1,ib_hw_counter,rdma_vf_rail2,req_cqe_error,0
2026-09-30T16:23:03.444Z,gpu-3uwoq-6g3ya-1,ib_hw_counter,rdma_vf_rail2,resp_cqe_error,0
2026-09-30T16:23:03.444Z,gpu-3uwoq-6g3ya-1,ib_hw_counter,rdma_vf_rail2,implied_nak_seq_err,0
2026-09-30T16:23:03.444Z,gpu-3uwoq-6g3ya-1,ib_hw_counter,rdma_vf_rail2,duplicate_request,0
2026-09-30T16:23:03.444Z,gpu-3uwoq-6g3ya-1,ib_counter,rdma_vf_rail3,port_xmit_data,5.45593e+12
2026-09-30T16:23:03.444Z,gpu-3uwoq-6g3ya-1,ib_counter,rdma_vf_rail3,port_rcv_data,3.49051e+12
2026-09-30T16:23:03.444Z,gpu-3uwoq-6g3ya-1,ib_counter,rdma_vf_rail3,port_xmit_packets,1.49601e+09
2026-09-30T16:23:03.444Z,gpu-3uwoq-6g3ya-1,ib_counter,rdma_vf_rail3,port_rcv_packets,1.14761e+09
2026-09-30T16:23:03.444Z,gpu-3uwoq-6g3ya-1,ib_counter,rdma_vf_rail3,port_xmit_wait,0
2026-09-30T16:23:03.444Z,gpu-3uwoq-6g3ya-1,ib_counter,rdma_vf_rail3,port_rcv_errors,0
2026-09-30T16:23:03.444Z,gpu-3uwoq-6g3ya-1,ib_counter,rdma_vf_rail3,port_xmit_discards,0
2026-09-30T16:23:03.444Z,gpu-3uwoq-6g3ya-1,ib_counter,rdma_vf_rail3,link_downed,0
2026-09-30T16:23:03.444Z,gpu-3uwoq-6g3ya-1,ib_hw_counter,rdma_vf_rail3,out_of_sequence,9
2026-09-30T16:23:03.444Z,gpu-3uwoq-6g3ya-1,ib_hw_counter,rdma_vf_rail3,packet_seq_err,8
2026-09-30T16:23:03.444Z,gpu-3uwoq-6g3ya-1,ib_hw_counter,rdma_vf_rail3,local_ack_timeout_err,0
2026-09-30T16:23:03.444Z,gpu-3uwoq-6g3ya-1,ib_hw_counter,rdma_vf_rail3,rx_write_requests,4.73562e+08
2026-09-30T16:23:03.444Z,gpu-3uwoq-6g3ya-1,ib_hw_counter,rdma_vf_rail3,rx_read_requests,1.66762e+07
2026-09-30T16:23:03.444Z,gpu-3uwoq-6g3ya-1,ib_hw_counter,rdma_vf_rail3,req_cqe_error,0
2026-09-30T16:23:03.444Z,gpu-3uwoq-6g3ya-1,ib_hw_counter,rdma_vf_rail3,resp_cqe_error,0
2026-09-30T16:23:03.444Z,gpu-3uwoq-6g3ya-1,ib_hw_counter,rdma_vf_rail3,implied_nak_seq_err,0
2026-09-30T16:23:03.444Z,gpu-3uwoq-6g3ya-1,ib_hw_counter,rdma_vf_rail3,duplicate_request,0
2026-09-30T16:23:03.444Z,gpu-3uwoq-6g3ya-1,dcgm,gpu2,gpu_util,0
2026-09-30T16:23:03.444Z,gpu-3uwoq-6g3ya-1,dcgm,gpu3,gpu_util,0
2026-09-30T16:23:03.444Z,gpu-3uwoq-6g3ya-1,dcgm,gpu0,gpu_util,0
2026-09-30T16:23:03.444Z,gpu-3uwoq-6g3ya-1,dcgm,gpu1,gpu_util,0
2026-09-30T16:23:03.444Z,gpu-3uwoq-6g3ya-1,dcgm,gpu2,nvlink_bandwidth_total,0
2026-09-30T16:23:03.444Z,gpu-3uwoq-6g3ya-1,dcgm,gpu3,nvlink_bandwidth_total,0
2026-09-30T16:23:03.444Z,gpu-3uwoq-6g3ya-1,dcgm,gpu0,nvlink_bandwidth_total,0
2026-09-30T16:23:03.444Z,gpu-3uwoq-6g3ya-1,dcgm,gpu1,nvlink_bandwidth_total,0
2026-09-30T16:23:03.444Z,gpu-3uwoq-6g3ya-1,dcgm,gpu2,power_w,222.82
2026-09-30T16:23:03.444Z,gpu-3uwoq-6g3ya-1,dcgm,gpu3,power_w,227.026
2026-09-30T16:23:03.444Z,gpu-3uwoq-6g3ya-1,dcgm,gpu0,power_w,230.127
2026-09-30T16:23:03.444Z,gpu-3uwoq-6g3ya-1,dcgm,gpu1,power_w,226.521
2026-09-30T16:23:03.444Z,gpu-3uwoq-6g3ya-1,dcgm,gpu2,sm_clock_mhz,2070
2026-09-30T16:23:03.444Z,gpu-3uwoq-6g3ya-1,dcgm,gpu3,sm_clock_mhz,2070
2026-09-30T16:23:03.444Z,gpu-3uwoq-6g3ya-1,dcgm,gpu0,sm_clock_mhz,2070
2026-09-30T16:23:03.444Z,gpu-3uwoq-6g3ya-1,dcgm,gpu1,sm_clock_mhz,2070
2026-09-30T16:23:03.444Z,gpu-3uwoq-6g3ya-1,dcgm,gpu2,dram_active,0
2026-09-30T16:23:03.444Z,gpu-3uwoq-6g3ya-1,dcgm,gpu3,dram_active,0
2026-09-30T16:23:03.444Z,gpu-3uwoq-6g3ya-1,dcgm,gpu0,dram_active,0
2026-09-30T16:23:03.444Z,gpu-3uwoq-6g3ya-1,dcgm,gpu1,dram_active,0
2026-09-30T16:23:03.444Z,gpu-3uwoq-6g3ya-1,dcgm,gpu2,pcie_rx_bytes,43152
2026-09-30T16:23:03.444Z,gpu-3uwoq-6g3ya-1,dcgm,gpu3,pcie_rx_bytes,36130
2026-09-30T16:23:03.444Z,gpu-3uwoq-6g3ya-1,dcgm,gpu0,pcie_rx_bytes,50088
2026-09-30T16:23:03.444Z,gpu-3uwoq-6g3ya-1,dcgm,gpu1,pcie_rx_bytes,54948
2026-09-30T16:23:03.444Z,gpu-3uwoq-6g3ya-1,dcgm,gpu2,pcie_tx_bytes,39623
2026-09-30T16:23:03.444Z,gpu-3uwoq-6g3ya-1,dcgm,gpu3,pcie_tx_bytes,33072
2026-09-30T16:23:03.444Z,gpu-3uwoq-6g3ya-1,dcgm,gpu0,pcie_tx_bytes,46489
2026-09-30T16:23:03.444Z,gpu-3uwoq-6g3ya-1,dcgm,gpu1,pcie_tx_bytes,51404
2026-09-30T16:23:03.444Z,gpu-3uwoq-6g3ya-1,dcgm,gpu2,tensor_active,0
2026-09-30T16:23:03.444Z,gpu-3uwoq-6g3ya-1,dcgm,gpu3,tensor_active,0
2026-09-30T16:23:03.444Z,gpu-3uwoq-6g3ya-1,dcgm,gpu0,tensor_active,0
2026-09-30T16:23:03.444Z,gpu-3uwoq-6g3ya-1,dcgm,gpu1,tensor_active,0
2026-09-30T16:23:03.444Z,gpu-3uwoq-6g3ya-1,dcgm,gpu2,sm_active,0
2026-09-30T16:23:03.444Z,gpu-3uwoq-6g3ya-1,dcgm,gpu3,sm_active,0
2026-09-30T16:23:03.444Z,gpu-3uwoq-6g3ya-1,dcgm,gpu0,sm_active,0
2026-09-30T16:23:03.444Z,gpu-3uwoq-6g3ya-1,dcgm,gpu1,sm_active,0
2026-09-30T16:23:03.444Z,gpu-3uwoq-6g3ya-1,nvlink,gpu0,nvlink_rx_bytes,2.19204e+13
2026-09-30T16:23:03.444Z,gpu-3uwoq-6g3ya-1,nvlink,gpu0,nvlink_tx_bytes,2.19341e+13
2026-09-30T16:23:03.444Z,gpu-3uwoq-6g3ya-1,nvlink,gpu1,nvlink_rx_bytes,2.27892e+13
2026-09-30T16:23:03.444Z,gpu-3uwoq-6g3ya-1,nvlink,gpu1,nvlink_tx_bytes,2.28013e+13
2026-09-30T16:23:03.444Z,gpu-3uwoq-6g3ya-1,nvlink,gpu2,nvlink_rx_bytes,2.19858e+13
2026-09-30T16:23:03.444Z,gpu-3uwoq-6g3ya-1,nvlink,gpu2,nvlink_tx_bytes,2.20045e+13
2026-09-30T16:23:03.444Z,gpu-3uwoq-6g3ya-1,nvlink,gpu3,nvlink_rx_bytes,2.18839e+13
2026-09-30T16:23:03.444Z,gpu-3uwoq-6g3ya-1,nvlink,gpu3,nvlink_tx_bytes,2.19016e+13
2026-09-30T16:23:04.444Z,gpu-3uwoq-6g3ya-1,ib_counter,rdma_vf_rail0,port_xmit_data,6.27354e+12
2026-09-30T16:23:04.444Z,gpu-3uwoq-6g3ya-1,ib_counter,rdma_vf_rail0,port_rcv_data,4.31116e+12
2026-09-30T16:23:04.444Z,gpu-3uwoq-6g3ya-1,ib_counter,rdma_vf_rail0,port_xmit_packets,1.72334e+09
2026-09-30T16:23:04.444Z,gpu-3uwoq-6g3ya-1,ib_counter,rdma_vf_rail0,port_rcv_packets,1.4035e+09
2026-09-30T16:23:04.444Z,gpu-3uwoq-6g3ya-1,ib_counter,rdma_vf_rail0,port_xmit_wait,0
2026-09-30T16:23:04.444Z,gpu-3uwoq-6g3ya-1,ib_counter,rdma_vf_rail0,port_rcv_errors,0
2026-09-30T16:23:04.444Z,gpu-3uwoq-6g3ya-1,ib_counter,rdma_vf_rail0,port_xmit_discards,0
2026-09-30T16:23:04.444Z,gpu-3uwoq-6g3ya-1,ib_counter,rdma_vf_rail0,link_downed,0
2026-09-30T16:23:04.444Z,gpu-3uwoq-6g3ya-1,ib_hw_counter,rdma_vf_rail0,out_of_sequence,8
2026-09-30T16:23:04.444Z,gpu-3uwoq-6g3ya-1,ib_hw_counter,rdma_vf_rail0,packet_seq_err,9
2026-09-30T16:23:04.444Z,gpu-3uwoq-6g3ya-1,ib_hw_counter,rdma_vf_rail0,local_ack_timeout_err,0
2026-09-30T16:23:04.444Z,gpu-3uwoq-6g3ya-1,ib_hw_counter,rdma_vf_rail0,rx_write_requests,4.85746e+08
2026-09-30T16:23:04.444Z,gpu-3uwoq-6g3ya-1,ib_hw_counter,rdma_vf_rail0,rx_read_requests,2.27639e+07
2026-09-30T16:23:04.444Z,gpu-3uwoq-6g3ya-1,ib_hw_counter,rdma_vf_rail0,req_cqe_error,0
2026-09-30T16:23:04.444Z,gpu-3uwoq-6g3ya-1,ib_hw_counter,rdma_vf_rail0,resp_cqe_error,0
2026-09-30T16:23:04.444Z,gpu-3uwoq-6g3ya-1,ib_hw_counter,rdma_vf_rail0,implied_nak_seq_err,0
2026-09-30T16:23:04.444Z,gpu-3uwoq-6g3ya-1,ib_hw_counter,rdma_vf_rail0,duplicate_request,0
2026-09-30T16:23:04.444Z,gpu-3uwoq-6g3ya-1,ib_counter,rdma_vf_rail1,port_xmit_data,5.48301e+12
2026-09-30T16:23:04.444Z,gpu-3uwoq-6g3ya-1,ib_counter,rdma_vf_rail1,port_rcv_data,3.51844e+12
2026-09-30T16:23:04.444Z,gpu-3uwoq-6g3ya-1,ib_counter,rdma_vf_rail1,port_xmit_packets,1.50928e+09
2026-09-30T16:23:04.444Z,gpu-3uwoq-6g3ya-1,ib_counter,rdma_vf_rail1,port_rcv_packets,1.16889e+09
2026-09-30T16:23:04.444Z,gpu-3uwoq-6g3ya-1,ib_counter,rdma_vf_rail1,port_xmit_wait,0
2026-09-30T16:23:04.444Z,gpu-3uwoq-6g3ya-1,ib_counter,rdma_vf_rail1,port_rcv_errors,0
2026-09-30T16:23:04.444Z,gpu-3uwoq-6g3ya-1,ib_counter,rdma_vf_rail1,port_xmit_discards,0
2026-09-30T16:23:04.444Z,gpu-3uwoq-6g3ya-1,ib_counter,rdma_vf_rail1,link_downed,0
2026-09-30T16:23:04.444Z,gpu-3uwoq-6g3ya-1,ib_hw_counter,rdma_vf_rail1,out_of_sequence,7
2026-09-30T16:23:04.444Z,gpu-3uwoq-6g3ya-1,ib_hw_counter,rdma_vf_rail1,packet_seq_err,8
2026-09-30T16:23:04.444Z,gpu-3uwoq-6g3ya-1,ib_hw_counter,rdma_vf_rail1,local_ack_timeout_err,0
2026-09-30T16:23:04.444Z,gpu-3uwoq-6g3ya-1,ib_hw_counter,rdma_vf_rail1,rx_write_requests,4.73996e+08
2026-09-30T16:23:04.444Z,gpu-3uwoq-6g3ya-1,ib_hw_counter,rdma_vf_rail1,rx_read_requests,1.68838e+07
2026-09-30T16:23:04.444Z,gpu-3uwoq-6g3ya-1,ib_hw_counter,rdma_vf_rail1,req_cqe_error,0
2026-09-30T16:23:04.444Z,gpu-3uwoq-6g3ya-1,ib_hw_counter,rdma_vf_rail1,resp_cqe_error,0
2026-09-30T16:23:04.444Z,gpu-3uwoq-6g3ya-1,ib_hw_counter,rdma_vf_rail1,implied_nak_seq_err,0
2026-09-30T16:23:04.444Z,gpu-3uwoq-6g3ya-1,ib_hw_counter,rdma_vf_rail1,duplicate_request,0
2026-09-30T16:23:04.444Z,gpu-3uwoq-6g3ya-1,ib_counter,rdma_vf_rail2,port_xmit_data,5.4557e+12
2026-09-30T16:23:04.444Z,gpu-3uwoq-6g3ya-1,ib_counter,rdma_vf_rail2,port_rcv_data,3.49072e+12
2026-09-30T16:23:04.444Z,gpu-3uwoq-6g3ya-1,ib_counter,rdma_vf_rail2,port_xmit_packets,1.49548e+09
2026-09-30T16:23:04.444Z,gpu-3uwoq-6g3ya-1,ib_counter,rdma_vf_rail2,port_rcv_packets,1.15052e+09
2026-09-30T16:23:04.444Z,gpu-3uwoq-6g3ya-1,ib_counter,rdma_vf_rail2,port_xmit_wait,0
2026-09-30T16:23:04.444Z,gpu-3uwoq-6g3ya-1,ib_counter,rdma_vf_rail2,port_rcv_errors,0
2026-09-30T16:23:04.444Z,gpu-3uwoq-6g3ya-1,ib_counter,rdma_vf_rail2,port_xmit_discards,0
2026-09-30T16:23:04.444Z,gpu-3uwoq-6g3ya-1,ib_counter,rdma_vf_rail2,link_downed,0
2026-09-30T16:23:04.444Z,gpu-3uwoq-6g3ya-1,ib_hw_counter,rdma_vf_rail2,out_of_sequence,8
2026-09-30T16:23:04.444Z,gpu-3uwoq-6g3ya-1,ib_hw_counter,rdma_vf_rail2,packet_seq_err,7
2026-09-30T16:23:04.444Z,gpu-3uwoq-6g3ya-1,ib_hw_counter,rdma_vf_rail2,local_ack_timeout_err,0
2026-09-30T16:23:04.444Z,gpu-3uwoq-6g3ya-1,ib_hw_counter,rdma_vf_rail2,rx_write_requests,4.73562e+08
2026-09-30T16:23:04.444Z,gpu-3uwoq-6g3ya-1,ib_hw_counter,rdma_vf_rail2,rx_read_requests,1.66762e+07
2026-09-30T16:23:04.444Z,gpu-3uwoq-6g3ya-1,ib_hw_counter,rdma_vf_rail2,req_cqe_error,0
2026-09-30T16:23:04.444Z,gpu-3uwoq-6g3ya-1,ib_hw_counter,rdma_vf_rail2,resp_cqe_error,0
2026-09-30T16:23:04.444Z,gpu-3uwoq-6g3ya-1,ib_hw_counter,rdma_vf_rail2,implied_nak_seq_err,0
2026-09-30T16:23:04.444Z,gpu-3uwoq-6g3ya-1,ib_hw_counter,rdma_vf_rail2,duplicate_request,0
2026-09-30T16:23:04.444Z,gpu-3uwoq-6g3ya-1,ib_counter,rdma_vf_rail3,port_xmit_data,5.45593e+12
2026-09-30T16:23:04.444Z,gpu-3uwoq-6g3ya-1,ib_counter,rdma_vf_rail3,port_rcv_data,3.49051e+12
2026-09-30T16:23:04.444Z,gpu-3uwoq-6g3ya-1,ib_counter,rdma_vf_rail3,port_xmit_packets,1.49601e+09
2026-09-30T16:23:04.444Z,gpu-3uwoq-6g3ya-1,ib_counter,rdma_vf_rail3,port_rcv_packets,1.14761e+09
2026-09-30T16:23:04.444Z,gpu-3uwoq-6g3ya-1,ib_counter,rdma_vf_rail3,port_xmit_wait,0
2026-09-30T16:23:04.444Z,gpu-3uwoq-6g3ya-1,ib_counter,rdma_vf_rail3,port_rcv_errors,0
2026-09-30T16:23:04.444Z,gpu-3uwoq-6g3ya-1,ib_counter,rdma_vf_rail3,port_xmit_discards,0
2026-09-30T16:23:04.444Z,gpu-3uwoq-6g3ya-1,ib_counter,rdma_vf_rail3,link_downed,0
2026-09-30T16:23:04.444Z,gpu-3uwoq-6g3ya-1,ib_hw_counter,rdma_vf_rail3,out_of_sequence,9
2026-09-30T16:23:04.444Z,gpu-3uwoq-6g3ya-1,ib_hw_counter,rdma_vf_rail3,packet_seq_err,8
2026-09-30T16:23:04.444Z,gpu-3uwoq-6g3ya-1,ib_hw_counter,rdma_vf_rail3,local_ack_timeout_err,0
2026-09-30T16:23:04.444Z,gpu-3uwoq-6g3ya-1,ib_hw_counter,rdma_vf_rail3,rx_write_requests,4.73562e+08
2026-09-30T16:23:04.444Z,gpu-3uwoq-6g3ya-1,ib_hw_counter,rdma_vf_rail3,rx_read_requests,1.66762e+07
2026-09-30T16:23:04.444Z,gpu-3uwoq-6g3ya-1,ib_hw_counter,rdma_vf_rail3,req_cqe_error,0
2026-09-30T16:23:04.444Z,gpu-3uwoq-6g3ya-1,ib_hw_counter,rdma_vf_rail3,resp_cqe_error,0
2026-09-30T16:23:04.444Z,gpu-3uwoq-6g3ya-1,ib_hw_counter,rdma_vf_rail3,implied_nak_seq_err,0
2026-09-30T16:23:04.444Z,gpu-3uwoq-6g3ya-1,ib_hw_counter,rdma_vf_rail3,duplicate_request,0
2026-09-30T16:23:04.444Z,gpu-3uwoq-6g3ya-1,dcgm,gpu2,gpu_util,0
2026-09-30T16:23:04.444Z,gpu-3uwoq-6g3ya-1,dcgm,gpu3,gpu_util,0
2026-09-30T16:23:04.444Z,gpu-3uwoq-6g3ya-1,dcgm,gpu0,gpu_util,0
2026-09-30T16:23:04.444Z,gpu-3uwoq-6g3ya-1,dcgm,gpu1,gpu_util,0
2026-09-30T16:23:04.444Z,gpu-3uwoq-6g3ya-1,dcgm,gpu2,nvlink_bandwidth_total,0
2026-09-30T16:23:04.444Z,gpu-3uwoq-6g3ya-1,dcgm,gpu3,nvlink_bandwidth_total,0
2026-09-30T16:23:04.444Z,gpu-3uwoq-6g3ya-1,dcgm,gpu0,nvlink_bandwidth_total,0
2026-09-30T16:23:04.444Z,gpu-3uwoq-6g3ya-1,dcgm,gpu1,nvlink_bandwidth_total,0
2026-09-30T16:23:04.444Z,gpu-3uwoq-6g3ya-1,dcgm,gpu2,power_w,222.82
2026-09-30T16:23:04.444Z,gpu-3uwoq-6g3ya-1,dcgm,gpu3,power_w,227.026
2026-09-30T16:23:04.444Z,gpu-3uwoq-6g3ya-1,dcgm,gpu0,power_w,230.127
2026-09-30T16:23:04.444Z,gpu-3uwoq-6g3ya-1,dcgm,gpu1,power_w,226.521
2026-09-30T16:23:04.444Z,gpu-3uwoq-6g3ya-1,dcgm,gpu2,sm_clock_mhz,2070
2026-09-30T16:23:04.444Z,gpu-3uwoq-6g3ya-1,dcgm,gpu3,sm_clock_mhz,2070
2026-09-30T16:23:04.444Z,gpu-3uwoq-6g3ya-1,dcgm,gpu0,sm_clock_mhz,2070
2026-09-30T16:23:04.444Z,gpu-3uwoq-6g3ya-1,dcgm,gpu1,sm_clock_mhz,2070
2026-09-30T16:23:04.444Z,gpu-3uwoq-6g3ya-1,dcgm,gpu2,dram_active,0
2026-09-30T16:23:04.444Z,gpu-3uwoq-6g3ya-1,dcgm,gpu3,dram_active,0
2026-09-30T16:23:04.444Z,gpu-3uwoq-6g3ya-1,dcgm,gpu0,dram_active,0
2026-09-30T16:23:04.444Z,gpu-3uwoq-6g3ya-1,dcgm,gpu1,dram_active,0
2026-09-30T16:23:04.444Z,gpu-3uwoq-6g3ya-1,dcgm,gpu2,pcie_rx_bytes,43152
2026-09-30T16:23:04.444Z,gpu-3uwoq-6g3ya-1,dcgm,gpu3,pcie_rx_bytes,36130
2026-09-30T16:23:04.444Z,gpu-3uwoq-6g3ya-1,dcgm,gpu0,pcie_rx_bytes,50088
2026-09-30T16:23:04.444Z,gpu-3uwoq-6g3ya-1,dcgm,gpu1,pcie_rx_bytes,54948
2026-09-30T16:23:04.444Z,gpu-3uwoq-6g3ya-1,dcgm,gpu2,pcie_tx_bytes,39623
2026-09-30T16:23:04.444Z,gpu-3uwoq-6g3ya-1,dcgm,gpu3,pcie_tx_bytes,33072
2026-09-30T16:23:04.444Z,gpu-3uwoq-6g3ya-1,dcgm,gpu0,pcie_tx_bytes,46489
2026-09-30T16:23:04.444Z,gpu-3uwoq-6g3ya-1,dcgm,gpu1,pcie_tx_bytes,51404
2026-09-30T16:23:04.444Z,gpu-3uwoq-6g3ya-1,dcgm,gpu2,tensor_active,0
2026-09-30T16:23:04.444Z,gpu-3uwoq-6g3ya-1,dcgm,gpu3,tensor_active,0
2026-09-30T16:23:04.444Z,gpu-3uwoq-6g3ya-1,dcgm,gpu0,tensor_active,0
2026-09-30T16:23:04.444Z,gpu-3uwoq-6g3ya-1,dcgm,gpu1,tensor_active,0
2026-09-30T16:23:04.444Z,gpu-3uwoq-6g3ya-1,dcgm,gpu2,sm_active,0
2026-09-30T16:23:04.444Z,gpu-3uwoq-6g3ya-1,dcgm,gpu3,sm_active,0
2026-09-30T16:23:04.444Z,gpu-3uwoq-6g3ya-1,dcgm,gpu0,sm_active,0
2026-09-30T16:23:04.444Z,gpu-3uwoq-6g3ya-1,dcgm,gpu1,sm_active,0
2026-09-30T16:23:04.444Z,gpu-3uwoq-6g3ya-1,nvlink,gpu0,nvlink_rx_bytes,2.19204e+13
2026-09-30T16:23:04.444Z,gpu-3uwoq-6g3ya-1,nvlink,gpu0,nvlink_tx_bytes,2.19341e+13
2026-09-30T16:23:04.444Z,gpu-3uwoq-6g3ya-1,nvlink,gpu1,nvlink_rx_bytes,2.27892e+13
2026-09-30T16:23:04.444Z,gpu-3uwoq-6g3ya-1,nvlink,gpu1,nvlink_tx_bytes,2.28013e+13
2026-09-30T16:23:04.444Z,gpu-3uwoq-6g3ya-1,nvlink,gpu2,nvlink_rx_bytes,2.19858e+13
2026-09-30T16:23:04.444Z,gpu-3uwoq-6g3ya-1,nvlink,gpu2,nvlink_tx_bytes,2.20045e+13
2026-09-30T16:23:04.444Z,gpu-3uwoq-6g3ya-1,nvlink,gpu3,nvlink_rx_bytes,2.18839e+13
2026-09-30T16:23:04.444Z,gpu-3uwoq-6g3ya-1,nvlink,gpu3,nvlink_tx_bytes,2.19016e+13
2026-09-30T16:23:05.444Z,gpu-3uwoq-6g3ya-1,ib_counter,rdma_vf_rail0,port_xmit_data,6.27354e+12
2026-09-30T16:23:05.444Z,gpu-3uwoq-6g3ya-1,ib_counter,rdma_vf_rail0,port_rcv_data,4.31116e+12
2026-09-30T16:23:05.444Z,gpu-3uwoq-6g3ya-1,ib_counter,rdma_vf_rail0,port_xmit_packets,1.72334e+09
2026-09-30T16:23:05.444Z,gpu-3uwoq-6g3ya-1,ib_counter,rdma_vf_rail0,port_rcv_packets,1.4035e+09
2026-09-30T16:23:05.444Z,gpu-3uwoq-6g3ya-1,ib_counter,rdma_vf_rail0,port_xmit_wait,0
2026-09-30T16:23:05.444Z,gpu-3uwoq-6g3ya-1,ib_counter,rdma_vf_rail0,port_rcv_errors,0
2026-09-30T16:23:05.444Z,gpu-3uwoq-6g3ya-1,ib_counter,rdma_vf_rail0,port_xmit_discards,0
2026-09-30T16:23:05.444Z,gpu-3uwoq-6g3ya-1,ib_counter,rdma_vf_rail0,link_downed,0
2026-09-30T16:23:05.444Z,gpu-3uwoq-6g3ya-1,ib_hw_counter,rdma_vf_rail0,out_of_sequence,8
2026-09-30T16:23:05.444Z,gpu-3uwoq-6g3ya-1,ib_hw_counter,rdma_vf_rail0,packet_seq_err,9
2026-09-30T16:23:05.444Z,gpu-3uwoq-6g3ya-1,ib_hw_counter,rdma_vf_rail0,local_ack_timeout_err,0
2026-09-30T16:23:05.444Z,gpu-3uwoq-6g3ya-1,ib_hw_counter,rdma_vf_rail0,rx_write_requests,4.85746e+08
2026-09-30T16:23:05.444Z,gpu-3uwoq-6g3ya-1,ib_hw_counter,rdma_vf_rail0,rx_read_requests,2.27639e+07
2026-09-30T16:23:05.444Z,gpu-3uwoq-6g3ya-1,ib_hw_counter,rdma_vf_rail0,req_cqe_error,0
2026-09-30T16:23:05.444Z,gpu-3uwoq-6g3ya-1,ib_hw_counter,rdma_vf_rail0,resp_cqe_error,0
2026-09-30T16:23:05.444Z,gpu-3uwoq-6g3ya-1,ib_hw_counter,rdma_vf_rail0,implied_nak_seq_err,0
2026-09-30T16:23:05.444Z,gpu-3uwoq-6g3ya-1,ib_hw_counter,rdma_vf_rail0,duplicate_request,0
2026-09-30T16:23:05.444Z,gpu-3uwoq-6g3ya-1,ib_counter,rdma_vf_rail1,port_xmit_data,5.48301e+12
2026-09-30T16:23:05.444Z,gpu-3uwoq-6g3ya-1,ib_counter,rdma_vf_rail1,port_rcv_data,3.51844e+12
2026-09-30T16:23:05.444Z,gpu-3uwoq-6g3ya-1,ib_counter,rdma_vf_rail1,port_xmit_packets,1.50928e+09
2026-09-30T16:23:05.444Z,gpu-3uwoq-6g3ya-1,ib_counter,rdma_vf_rail1,port_rcv_packets,1.16889e+09
2026-09-30T16:23:05.444Z,gpu-3uwoq-6g3ya-1,ib_counter,rdma_vf_rail1,port_xmit_wait,0
2026-09-30T16:23:05.444Z,gpu-3uwoq-6g3ya-1,ib_counter,rdma_vf_rail1,port_rcv_errors,0
2026-09-30T16:23:05.444Z,gpu-3uwoq-6g3ya-1,ib_counter,rdma_vf_rail1,port_xmit_discards,0
2026-09-30T16:23:05.444Z,gpu-3uwoq-6g3ya-1,ib_counter,rdma_vf_rail1,link_downed,0
2026-09-30T16:23:05.444Z,gpu-3uwoq-6g3ya-1,ib_hw_counter,rdma_vf_rail1,out_of_sequence,7
2026-09-30T16:23:05.444Z,gpu-3uwoq-6g3ya-1,ib_hw_counter,rdma_vf_rail1,packet_seq_err,8
2026-09-30T16:23:05.444Z,gpu-3uwoq-6g3ya-1,ib_hw_counter,rdma_vf_rail1,local_ack_timeout_err,0
2026-09-30T16:23:05.444Z,gpu-3uwoq-6g3ya-1,ib_hw_counter,rdma_vf_rail1,rx_write_requests,4.73996e+08
2026-09-30T16:23:05.444Z,gpu-3uwoq-6g3ya-1,ib_hw_counter,rdma_vf_rail1,rx_read_requests,1.68838e+07
2026-09-30T16:23:05.444Z,gpu-3uwoq-6g3ya-1,ib_hw_counter,rdma_vf_rail1,req_cqe_error,0
2026-09-30T16:23:05.444Z,gpu-3uwoq-6g3ya-1,ib_hw_counter,rdma_vf_rail1,resp_cqe_error,0
2026-09-30T16:23:05.444Z,gpu-3uwoq-6g3ya-1,ib_hw_counter,rdma_vf_rail1,implied_nak_seq_err,0
2026-09-30T16:23:05.444Z,gpu-3uwoq-6g3ya-1,ib_hw_counter,rdma_vf_rail1,duplicate_request,0
2026-09-30T16:23:05.444Z,gpu-3uwoq-6g3ya-1,ib_counter,rdma_vf_rail2,port_xmit_data,5.4557e+12
2026-09-30T16:23:05.444Z,gpu-3uwoq-6g3ya-1,ib_counter,rdma_vf_rail2,port_rcv_data,3.49072e+12
2026-09-30T16:23:05.444Z,gpu-3uwoq-6g3ya-1,ib_counter,rdma_vf_rail2,port_xmit_packets,1.49548e+09
2026-09-30T16:23:05.444Z,gpu-3uwoq-6g3ya-1,ib_counter,rdma_vf_rail2,port_rcv_packets,1.15052e+09
2026-09-30T16:23:05.444Z,gpu-3uwoq-6g3ya-1,ib_counter,rdma_vf_rail2,port_xmit_wait,0
2026-09-30T16:23:05.444Z,gpu-3uwoq-6g3ya-1,ib_counter,rdma_vf_rail2,port_rcv_errors,0
2026-09-30T16:23:05.444Z,gpu-3uwoq-6g3ya-1,ib_counter,rdma_vf_rail2,port_xmit_discards,0
2026-09-30T16:23:05.444Z,gpu-3uwoq-6g3ya-1,ib_counter,rdma_vf_rail2,link_downed,0
2026-09-30T16:23:05.444Z,gpu-3uwoq-6g3ya-1,ib_hw_counter,rdma_vf_rail2,out_of_sequence,8
2026-09-30T16:23:05.444Z,gpu-3uwoq-6g3ya-1,ib_hw_counter,rdma_vf_rail2,packet_seq_err,7
2026-09-30T16:23:05.444Z,gpu-3uwoq-6g3ya-1,ib_hw_counter,rdma_vf_rail2,local_ack_timeout_err,0
2026-09-30T16:23:05.444Z,gpu-3uwoq-6g3ya-1,ib_hw_counter,rdma_vf_rail2,rx_write_requests,4.73562e+08
2026-09-30T16:23:05.444Z,gpu-3uwoq-6g3ya-1,ib_hw_counter,rdma_vf_rail2,rx_read_requests,1.66762e+07
2026-09-30T16:23:05.444Z,gpu-3uwoq-6g3ya-1,ib_hw_counter,rdma_vf_rail2,req_cqe_error,0
2026-09-30T16:23:05.444Z,gpu-3uwoq-6g3ya-1,ib_hw_counter,rdma_vf_rail2,resp_cqe_error,0
2026-09-30T16:23:05.444Z,gpu-3uwoq-6g3ya-1,ib_hw_counter,rdma_vf_rail2,implied_nak_seq_err,0
2026-09-30T16:23:05.444Z,gpu-3uwoq-6g3ya-1,ib_hw_counter,rdma_vf_rail2,duplicate_request,0
2026-09-30T16:23:05.444Z,gpu-3uwoq-6g3ya-1,ib_counter,rdma_vf_rail3,port_xmit_data,5.45593e+12
2026-09-30T16:23:05.444Z,gpu-3uwoq-6g3ya-1,ib_counter,rdma_vf_rail3,port_rcv_data,3.49051e+12
2026-09-30T16:23:05.444Z,gpu-3uwoq-6g3ya-1,ib_counter,rdma_vf_rail3,port_xmit_packets,1.49601e+09
2026-09-30T16:23:05.444Z,gpu-3uwoq-6g3ya-1,ib_counter,rdma_vf_rail3,port_rcv_packets,1.14761e+09
2026-09-30T16:23:05.444Z,gpu-3uwoq-6g3ya-1,ib_counter,rdma_vf_rail3,port_xmit_wait,0
2026-09-30T16:23:05.444Z,gpu-3uwoq-6g3ya-1,ib_counter,rdma_vf_rail3,port_rcv_errors,0
2026-09-30T16:23:05.444Z,gpu-3uwoq-6g3ya-1,ib_counter,rdma_vf_rail3,port_xmit_discards,0
2026-09-30T16:23:05.444Z,gpu-3uwoq-6g3ya-1,ib_counter,rdma_vf_rail3,link_downed,0
2026-09-30T16:23:05.444Z,gpu-3uwoq-6g3ya-1,ib_hw_counter,rdma_vf_rail3,out_of_sequence,9
2026-09-30T16:23:05.444Z,gpu-3uwoq-6g3ya-1,ib_hw_counter,rdma_vf_rail3,packet_seq_err,8
2026-09-30T16:23:05.444Z,gpu-3uwoq-6g3ya-1,ib_hw_counter,rdma_vf_rail3,local_ack_timeout_err,0
2026-09-30T16:23:05.444Z,gpu-3uwoq-6g3ya-1,ib_hw_counter,rdma_vf_rail3,rx_write_requests,4.73562e+08
2026-09-30T16:23:05.444Z,gpu-3uwoq-6g3ya-1,ib_hw_counter,rdma_vf_rail3,rx_read_requests,1.66762e+07
2026-09-30T16:23:05.444Z,gpu-3uwoq-6g3ya-1,ib_hw_counter,rdma_vf_rail3,req_cqe_error,0
2026-09-30T16:23:05.444Z,gpu-3uwoq-6g3ya-1,ib_hw_counter,rdma_vf_rail3,resp_cqe_error,0
2026-09-30T16:23:05.444Z,gpu-3uwoq-6g3ya-1,ib_hw_counter,rdma_vf_rail3,implied_nak_seq_err,0
2026-09-30T16:23:05.444Z,gpu-3uwoq-6g3ya-1,ib_hw_counter,rdma_vf_rail3,duplicate_request,0
2026-09-30T16:23:05.444Z,gpu-3uwoq-6g3ya-1,dcgm,gpu2,gpu_util,0
2026-09-30T16:23:05.444Z,gpu-3uwoq-6g3ya-1,dcgm,gpu3,gpu_util,0
2026-09-30T16:23:05.444Z,gpu-3uwoq-6g3ya-1,dcgm,gpu0,gpu_util,0
2026-09-30T16:23:05.444Z,gpu-3uwoq-6g3ya-1,dcgm,gpu1,gpu_util,0
2026-09-30T16:23:05.444Z,gpu-3uwoq-6g3ya-1,dcgm,gpu2,nvlink_bandwidth_total,0
2026-09-30T16:23:05.444Z,gpu-3uwoq-6g3ya-1,dcgm,gpu3,nvlink_bandwidth_total,0
2026-09-30T16:23:05.444Z,gpu-3uwoq-6g3ya-1,dcgm,gpu0,nvlink_bandwidth_total,0
2026-09-30T16:23:05.444Z,gpu-3uwoq-6g3ya-1,dcgm,gpu1,nvlink_bandwidth_total,0
2026-09-30T16:23:05.444Z,gpu-3uwoq-6g3ya-1,dcgm,gpu2,power_w,222.82
2026-09-30T16:23:05.444Z,gpu-3uwoq-6g3ya-1,dcgm,gpu3,power_w,227.026
2026-09-30T16:23:05.444Z,gpu-3uwoq-6g3ya-1,dcgm,gpu0,power_w,230.127
2026-09-30T16:23:05.444Z,gpu-3uwoq-6g3ya-1,dcgm,gpu1,power_w,226.521
2026-09-30T16:23:05.444Z,gpu-3uwoq-6g3ya-1,dcgm,gpu2,sm_clock_mhz,2070
2026-09-30T16:23:05.444Z,gpu-3uwoq-6g3ya-1,dcgm,gpu3,sm_clock_mhz,2070
2026-09-30T16:23:05.444Z,gpu-3uwoq-6g3ya-1,dcgm,gpu0,sm_clock_mhz,2070
2026-09-30T16:23:05.444Z,gpu-3uwoq-6g3ya-1,dcgm,gpu1,sm_clock_mhz,2070
2026-09-30T16:23:05.444Z,gpu-3uwoq-6g3ya-1,dcgm,gpu2,dram_active,0
2026-09-30T16:23:05.444Z,gpu-3uwoq-6g3ya-1,dcgm,gpu3,dram_active,0
2026-09-30T16:23:05.444Z,gpu-3uwoq-6g3ya-1,dcgm,gpu0,dram_active,0
2026-09-30T16:23:05.444Z,gpu-3uwoq-6g3ya-1,dcgm,gpu1,dram_active,0
2026-09-30T16:23:05.444Z,gpu-3uwoq-6g3ya-1,dcgm,gpu2,pcie_rx_bytes,43152
2026-09-30T16:23:05.444Z,gpu-3uwoq-6g3ya-1,dcgm,gpu3,pcie_rx_bytes,36130
2026-09-30T16:23:05.444Z,gpu-3uwoq-6g3ya-1,dcgm,gpu0,pcie_rx_bytes,50088
2026-09-30T16:23:05.444Z,gpu-3uwoq-6g3ya-1,dcgm,gpu1,pcie_rx_bytes,54948
2026-09-30T16:23:05.444Z,gpu-3uwoq-6g3ya-1,dcgm,gpu2,pcie_tx_bytes,39623
2026-09-30T16:23:05.444Z,gpu-3uwoq-6g3ya-1,dcgm,gpu3,pcie_tx_bytes,33072
2026-09-30T16:23:05.444Z,gpu-3uwoq-6g3ya-1,dcgm,gpu0,pcie_tx_bytes,46489
2026-09-30T16:23:05.444Z,gpu-3uwoq-6g3ya-1,dcgm,gpu1,pcie_tx_bytes,51404
2026-09-30T16:23:05.444Z,gpu-3uwoq-6g3ya-1,dcgm,gpu2,tensor_active,0
2026-09-30T16:23:05.444Z,gpu-3uwoq-6g3ya-1,dcgm,gpu3,tensor_active,0
2026-09-30T16:23:05.444Z,gpu-3uwoq-6g3ya-1,dcgm,gpu0,tensor_active,0
2026-09-30T16:23:05.444Z,gpu-3uwoq-6g3ya-1,dcgm,gpu1,tensor_active,0
2026-09-30T16:23:05.444Z,gpu-3uwoq-6g3ya-1,dcgm,gpu2,sm_active,0
2026-09-30T16:23:05.444Z,gpu-3uwoq-6g3ya-1,dcgm,gpu3,sm_active,0
2026-09-30T16:23:05.444Z,gpu-3uwoq-6g3ya-1,dcgm,gpu0,sm_active,0
2026-09-30T16:23:05.444Z,gpu-3uwoq-6g3ya-1,dcgm,gpu1,sm_active,0
2026-09-30T16:23:05.444Z,gpu-3uwoq-6g3ya-1,nvlink,gpu0,nvlink_rx_bytes,2.19204e+13
2026-09-30T16:23:05.444Z,gpu-3uwoq-6g3ya-1,nvlink,gpu0,nvlink_tx_bytes,2.19341e+13
2026-09-30T16:23:05.444Z,gpu-3uwoq-6g3ya-1,nvlink,gpu1,nvlink_rx_bytes,2.27892e+13
2026-09-30T16:23:05.444Z,gpu-3uwoq-6g3ya-1,nvlink,gpu1,nvlink_tx_bytes,2.28013e+13
2026-09-30T16:23:05.444Z,gpu-3uwoq-6g3ya-1,nvlink,gpu2,nvlink_rx_bytes,2.19858e+13
2026-09-30T16:23:05.444Z,gpu-3uwoq-6g3ya-1,nvlink,gpu2,nvlink_tx_bytes,2.20045e+13
2026-09-30T16:23:05.444Z,gpu-3uwoq-6g3ya-1,nvlink,gpu3,nvlink_rx_bytes,2.18839e+13
2026-09-30T16:23:05.444Z,gpu-3uwoq-6g3ya-1,nvlink,gpu3,nvlink_tx_bytes,2.19016e+13
2026-09-30T16:23:06.444Z,gpu-3uwoq-6g3ya-1,ib_counter,rdma_vf_rail0,port_xmit_data,6.27354e+12
2026-09-30T16:23:06.444Z,gpu-3uwoq-6g3ya-1,ib_counter,rdma_vf_rail0,port_rcv_data,4.31116e+12
2026-09-30T16:23:06.444Z,gpu-3uwoq-6g3ya-1,ib_counter,rdma_vf_rail0,port_xmit_packets,1.72334e+09
2026-09-30T16:23:06.444Z,gpu-3uwoq-6g3ya-1,ib_counter,rdma_vf_rail0,port_rcv_packets,1.4035e+09
2026-09-30T16:23:06.444Z,gpu-3uwoq-6g3ya-1,ib_counter,rdma_vf_rail0,port_xmit_wait,0
2026-09-30T16:23:06.444Z,gpu-3uwoq-6g3ya-1,ib_counter,rdma_vf_rail0,port_rcv_errors,0
2026-09-30T16:23:06.444Z,gpu-3uwoq-6g3ya-1,ib_counter,rdma_vf_rail0,port_xmit_discards,0
2026-09-30T16:23:06.444Z,gpu-3uwoq-6g3ya-1,ib_counter,rdma_vf_rail0,link_downed,0
2026-09-30T16:23:06.444Z,gpu-3uwoq-6g3ya-1,ib_hw_counter,rdma_vf_rail0,out_of_sequence,8
2026-09-30T16:23:06.444Z,gpu-3uwoq-6g3ya-1,ib_hw_counter,rdma_vf_rail0,packet_seq_err,9
2026-09-30T16:23:06.444Z,gpu-3uwoq-6g3ya-1,ib_hw_counter,rdma_vf_rail0,local_ack_timeout_err,0
2026-09-30T16:23:06.444Z,gpu-3uwoq-6g3ya-1,ib_hw_counter,rdma_vf_rail0,rx_write_requests,4.85746e+08
2026-09-30T16:23:06.444Z,gpu-3uwoq-6g3ya-1,ib_hw_counter,rdma_vf_rail0,rx_read_requests,2.27639e+07
2026-09-30T16:23:06.444Z,gpu-3uwoq-6g3ya-1,ib_hw_counter,rdma_vf_rail0,req_cqe_error,0
2026-09-30T16:23:06.444Z,gpu-3uwoq-6g3ya-1,ib_hw_counter,rdma_vf_rail0,resp_cqe_error,0
2026-09-30T16:23:06.444Z,gpu-3uwoq-6g3ya-1,ib_hw_counter,rdma_vf_rail0,implied_nak_seq_err,0
2026-09-30T16:23:06.444Z,gpu-3uwoq-6g3ya-1,ib_hw_counter,rdma_vf_rail0,duplicate_request,0
2026-09-30T16:23:06.444Z,gpu-3uwoq-6g3ya-1,ib_counter,rdma_vf_rail1,port_xmit_data,5.48301e+12
2026-09-30T16:23:06.444Z,gpu-3uwoq-6g3ya-1,ib_counter,rdma_vf_rail1,port_rcv_data,3.51844e+12
2026-09-30T16:23:06.444Z,gpu-3uwoq-6g3ya-1,ib_counter,rdma_vf_rail1,port_xmit_packets,1.50928e+09
2026-09-30T16:23:06.444Z,gpu-3uwoq-6g3ya-1,ib_counter,rdma_vf_rail1,port_rcv_packets,1.16889e+09
2026-09-30T16:23:06.444Z,gpu-3uwoq-6g3ya-1,ib_counter,rdma_vf_rail1,port_xmit_wait,0
2026-09-30T16:23:06.444Z,gpu-3uwoq-6g3ya-1,ib_counter,rdma_vf_rail1,port_rcv_errors,0
2026-09-30T16:23:06.444Z,gpu-3uwoq-6g3ya-1,ib_counter,rdma_vf_rail1,port_xmit_discards,0
2026-09-30T16:23:06.444Z,gpu-3uwoq-6g3ya-1,ib_counter,rdma_vf_rail1,link_downed,0
2026-09-30T16:23:06.444Z,gpu-3uwoq-6g3ya-1,ib_hw_counter,rdma_vf_rail1,out_of_sequence,7
2026-09-30T16:23:06.444Z,gpu-3uwoq-6g3ya-1,ib_hw_counter,rdma_vf_rail1,packet_seq_err,8
2026-09-30T16:23:06.444Z,gpu-3uwoq-6g3ya-1,ib_hw_counter,rdma_vf_rail1,local_ack_timeout_err,0
2026-09-30T16:23:06.444Z,gpu-3uwoq-6g3ya-1,ib_hw_counter,rdma_vf_rail1,rx_write_requests,4.73996e+08
2026-09-30T16:23:06.444Z,gpu-3uwoq-6g3ya-1,ib_hw_counter,rdma_vf_rail1,rx_read_requests,1.68838e+07
2026-09-30T16:23:06.444Z,gpu-3uwoq-6g3ya-1,ib_hw_counter,rdma_vf_rail1,req_cqe_error,0
2026-09-30T16:23:06.444Z,gpu-3uwoq-6g3ya-1,ib_hw_counter,rdma_vf_rail1,resp_cqe_error,0
2026-09-30T16:23:06.444Z,gpu-3uwoq-6g3ya-1,ib_hw_counter,rdma_vf_rail1,implied_nak_seq_err,0
2026-09-30T16:23:06.444Z,gpu-3uwoq-6g3ya-1,ib_hw_counter,rdma_vf_rail1,duplicate_request,0
2026-09-30T16:23:06.444Z,gpu-3uwoq-6g3ya-1,ib_counter,rdma_vf_rail2,port_xmit_data,5.4557e+12
2026-09-30T16:23:06.444Z,gpu-3uwoq-6g3ya-1,ib_counter,rdma_vf_rail2,port_rcv_data,3.49072e+12
2026-09-30T16:23:06.444Z,gpu-3uwoq-6g3ya-1,ib_counter,rdma_vf_rail2,port_xmit_packets,1.49548e+09
2026-09-30T16:23:06.444Z,gpu-3uwoq-6g3ya-1,ib_counter,rdma_vf_rail2,port_rcv_packets,1.15052e+09
2026-09-30T16:23:06.444Z,gpu-3uwoq-6g3ya-1,ib_counter,rdma_vf_rail2,port_xmit_wait,0
2026-09-30T16:23:06.444Z,gpu-3uwoq-6g3ya-1,ib_counter,rdma_vf_rail2,port_rcv_errors,0
2026-09-30T16:23:06.444Z,gpu-3uwoq-6g3ya-1,ib_counter,rdma_vf_rail2,port_xmit_discards,0
2026-09-30T16:23:06.444Z,gpu-3uwoq-6g3ya-1,ib_counter,rdma_vf_rail2,link_downed,0
2026-09-30T16:23:06.444Z,gpu-3uwoq-6g3ya-1,ib_hw_counter,rdma_vf_rail2,out_of_sequence,8
2026-09-30T16:23:06.444Z,gpu-3uwoq-6g3ya-1,ib_hw_counter,rdma_vf_rail2,packet_seq_err,7
2026-09-30T16:23:06.444Z,gpu-3uwoq-6g3ya-1,ib_hw_counter,rdma_vf_rail2,local_ack_timeout_err,0
2026-09-30T16:23:06.444Z,gpu-3uwoq-6g3ya-1,ib_hw_counter,rdma_vf_rail2,rx_write_requests,4.73562e+08
2026-09-30T16:23:06.444Z,gpu-3uwoq-6g3ya-1,ib_hw_counter,rdma_vf_rail2,rx_read_requests,1.66762e+07
2026-09-30T16:23:06.444Z,gpu-3uwoq-6g3ya-1,ib_hw_counter,rdma_vf_rail2,req_cqe_error,0
2026-09-30T16:23:06.444Z,gpu-3uwoq-6g3ya-1,ib_hw_counter,rdma_vf_rail2,resp_cqe_error,0
2026-09-30T16:23:06.444Z,gpu-3uwoq-6g3ya-1,ib_hw_counter,rdma_vf_rail2,implied_nak_seq_err,0
2026-09-30T16:23:06.444Z,gpu-3uwoq-6g3ya-1,ib_hw_counter,rdma_vf_rail2,duplicate_request,0
2026-09-30T16:23:06.444Z,gpu-3uwoq-6g3ya-1,ib_counter,rdma_vf_rail3,port_xmit_data,5.45593e+12
2026-09-30T16:23:06.444Z,gpu-3uwoq-6g3ya-1,ib_counter,rdma_vf_rail3,port_rcv_data,3.49051e+12
2026-09-30T16:23:06.444Z,gpu-3uwoq-6g3ya-1,ib_counter,rdma_vf_rail3,port_xmit_packets,1.49601e+09
2026-09-30T16:23:06.444Z,gpu-3uwoq-6g3ya-1,ib_counter,rdma_vf_rail3,port_rcv_packets,1.14761e+09
2026-09-30T16:23:06.444Z,gpu-3uwoq-6g3ya-1,ib_counter,rdma_vf_rail3,port_xmit_wait,0
2026-09-30T16:23:06.444Z,gpu-3uwoq-6g3ya-1,ib_counter,rdma_vf_rail3,port_rcv_errors,0
2026-09-30T16:23:06.444Z,gpu-3uwoq-6g3ya-1,ib_counter,rdma_vf_rail3,port_xmit_discards,0
2026-09-30T16:23:06.444Z,gpu-3uwoq-6g3ya-1,ib_counter,rdma_vf_rail3,link_downed,0
2026-09-30T16:23:06.444Z,gpu-3uwoq-6g3ya-1,ib_hw_counter,rdma_vf_rail3,out_of_sequence,9
2026-09-30T16:23:06.444Z,gpu-3uwoq-6g3ya-1,ib_hw_counter,rdma_vf_rail3,packet_seq_err,8
2026-09-30T16:23:06.444Z,gpu-3uwoq-6g3ya-1,ib_hw_counter,rdma_vf_rail3,local_ack_timeout_err,0
2026-09-30T16:23:06.444Z,gpu-3uwoq-6g3ya-1,ib_hw_counter,rdma_vf_rail3,rx_write_requests,4.73562e+08
2026-09-30T16:23:06.444Z,gpu-3uwoq-6g3ya-1,ib_hw_counter,rdma_vf_rail3,rx_read_requests,1.66762e+07
2026-09-30T16:23:06.444Z,gpu-3uwoq-6g3ya-1,ib_hw_counter,rdma_vf_rail3,req_cqe_error,0
2026-09-30T16:23:06.444Z,gpu-3uwoq-6g3ya-1,ib_hw_counter,rdma_vf_rail3,resp_cqe_error,0
2026-09-30T16:23:06.444Z,gpu-3uwoq-6g3ya-1,ib_hw_counter,rdma_vf_rail3,implied_nak_seq_err,0
2026-09-30T16:23:06.444Z,gpu-3uwoq-6g3ya-1,ib_hw_counter,rdma_vf_rail3,duplicate_request,0
2026-09-30T16:23:06.444Z,gpu-3uwoq-6g3ya-1,dcgm,gpu2,gpu_util,0
2026-09-30T16:23:06.444Z,gpu-3uwoq-6g3ya-1,dcgm,gpu3,gpu_util,0
2026-09-30T16:23:06.444Z,gpu-3uwoq-6g3ya-1,dcgm,gpu0,gpu_util,0
2026-09-30T16:23:06.444Z,gpu-3uwoq-6g3ya-1,dcgm,gpu1,gpu_util,0
2026-09-30T16:23:06.444Z,gpu-3uwoq-6g3ya-1,dcgm,gpu2,nvlink_bandwidth_total,0
2026-09-30T16:23:06.444Z,gpu-3uwoq-6g3ya-1,dcgm,gpu3,nvlink_bandwidth_total,0
2026-09-30T16:23:06.444Z,gpu-3uwoq-6g3ya-1,dcgm,gpu0,nvlink_bandwidth_total,0
2026-09-30T16:23:06.444Z,gpu-3uwoq-6g3ya-1,dcgm,gpu1,nvlink_bandwidth_total,0
2026-09-30T16:23:06.444Z,gpu-3uwoq-6g3ya-1,dcgm,gpu2,power_w,222.82
2026-09-30T16:23:06.444Z,gpu-3uwoq-6g3ya-1,dcgm,gpu3,power_w,227.026
2026-09-30T16:23:06.444Z,gpu-3uwoq-6g3ya-1,dcgm,gpu0,power_w,230.127
2026-09-30T16:23:06.444Z,gpu-3uwoq-6g3ya-1,dcgm,gpu1,power_w,226.521
2026-09-30T16:23:06.444Z,gpu-3uwoq-6g3ya-1,dcgm,gpu2,sm_clock_mhz,2070
2026-09-30T16:23:06.444Z,gpu-3uwoq-6g3ya-1,dcgm,gpu3,sm_clock_mhz,2070
2026-09-30T16:23:06.444Z,gpu-3uwoq-6g3ya-1,dcgm,gpu0,sm_clock_mhz,2070
2026-09-30T16:23:06.444Z,gpu-3uwoq-6g3ya-1,dcgm,gpu1,sm_clock_mhz,2070
2026-09-30T16:23:06.444Z,gpu-3uwoq-6g3ya-1,dcgm,gpu2,dram_active,0
2026-09-30T16:23:06.444Z,gpu-3uwoq-6g3ya-1,dcgm,gpu3,dram_active,0
2026-09-30T16:23:06.444Z,gpu-3uwoq-6g3ya-1,dcgm,gpu0,dram_active,0
2026-09-30T16:23:06.444Z,gpu-3uwoq-6g3ya-1,dcgm,gpu1,dram_active,0
2026-09-30T16:23:06.444Z,gpu-3uwoq-6g3ya-1,dcgm,gpu2,pcie_rx_bytes,43152
2026-09-30T16:23:06.444Z,gpu-3uwoq-6g3ya-1,dcgm,gpu3,pcie_rx_bytes,36130
2026-09-30T16:23:06.444Z,gpu-3uwoq-6g3ya-1,dcgm,gpu0,pcie_rx_bytes,50088
2026-09-30T16:23:06.444Z,gpu-3uwoq-6g3ya-1,dcgm,gpu1,pcie_rx_bytes,54948
2026-09-30T16:23:06.444Z,gpu-3uwoq-6g3ya-1,dcgm,gpu2,pcie_tx_bytes,39623
2026-09-30T16:23:06.444Z,gpu-3uwoq-6g3ya-1,dcgm,gpu3,pcie_tx_bytes,33072
2026-09-30T16:23:06.444Z,gpu-3uwoq-6g3ya-1,dcgm,gpu0,pcie_tx_bytes,46489
2026-09-30T16:23:06.444Z,gpu-3uwoq-6g3ya-1,dcgm,gpu1,pcie_tx_bytes,51404
2026-09-30T16:23:06.444Z,gpu-3uwoq-6g3ya-1,dcgm,gpu2,tensor_active,0
2026-09-30T16:23:06.444Z,gpu-3uwoq-6g3ya-1,dcgm,gpu3,tensor_active,0
2026-09-30T16:23:06.444Z,gpu-3uwoq-6g3ya-1,dcgm,gpu0,tensor_active,0
2026-09-30T16:23:06.444Z,gpu-3uwoq-6g3ya-1,dcgm,gpu1,tensor_active,0
2026-09-30T16:23:06.444Z,gpu-3uwoq-6g3ya-1,dcgm,gpu2,sm_active,0
2026-09-30T16:23:06.444Z,gpu-3uwoq-6g3ya-1,dcgm,gpu3,sm_active,0
2026-09-30T16:23:06.444Z,gpu-3uwoq-6g3ya-1,dcgm,gpu0,sm_active,0
2026-09-30T16:23:06.444Z,gpu-3uwoq-6g3ya-1,dcgm,gpu1,sm_active,0
2026-09-30T16:23:06.444Z,gpu-3uwoq-6g3ya-1,nvlink,gpu0,nvlink_rx_bytes,2.19204e+13
2026-09-30T16:23:06.444Z,gpu-3uwoq-6g3ya-1,nvlink,gpu0,nvlink_tx_bytes,2.19341e+13
2026-09-30T16:23:06.444Z,gpu-3uwoq-6g3ya-1,nvlink,gpu1,nvlink_rx_bytes,2.27892e+13
2026-09-30T16:23:06.444Z,gpu-3uwoq-6g3ya-1,nvlink,gpu1,nvlink_tx_bytes,2.28013e+13
2026-09-30T16:23:06.444Z,gpu-3uwoq-6g3ya-1,nvlink,gpu2,nvlink_rx_bytes,2.19858e+13
2026-09-30T16:23:06.444Z,gpu-3uwoq-6g3ya-1,nvlink,gpu2,nvlink_tx_bytes,2.20045e+13
2026-09-30T16:23:06.444Z,gpu-3uwoq-6g3ya-1,nvlink,gpu3,nvlink_rx_bytes,2.18839e+13
2026-09-30T16:23:06.444Z,gpu-3uwoq-6g3ya-1,nvlink,gpu3,nvlink_tx_bytes,2.19016e+13
2026-09-30T16:23:07.444Z,gpu-3uwoq-6g3ya-1,ib_counter,rdma_vf_rail0,port_xmit_data,6.27354e+12
2026-09-30T16:23:07.444Z,gpu-3uwoq-6g3ya-1,ib_counter,rdma_vf_rail0,port_rcv_data,4.31116e+12
2026-09-30T16:23:07.444Z,gpu-3uwoq-6g3ya-1,ib_counter,rdma_vf_rail0,port_xmit_packets,1.72334e+09
2026-09-30T16:23:07.444Z,gpu-3uwoq-6g3ya-1,ib_counter,rdma_vf_rail0,port_rcv_packets,1.4035e+09
2026-09-30T16:23:07.444Z,gpu-3uwoq-6g3ya-1,ib_counter,rdma_vf_rail0,port_xmit_wait,0
2026-09-30T16:23:07.444Z,gpu-3uwoq-6g3ya-1,ib_counter,rdma_vf_rail0,port_rcv_errors,0
2026-09-30T16:23:07.444Z,gpu-3uwoq-6g3ya-1,ib_counter,rdma_vf_rail0,port_xmit_discards,0
2026-09-30T16:23:07.444Z,gpu-3uwoq-6g3ya-1,ib_counter,rdma_vf_rail0,link_downed,0
2026-09-30T16:23:07.444Z,gpu-3uwoq-6g3ya-1,ib_hw_counter,rdma_vf_rail0,out_of_sequence,8
2026-09-30T16:23:07.444Z,gpu-3uwoq-6g3ya-1,ib_hw_counter,rdma_vf_rail0,packet_seq_err,9
2026-09-30T16:23:07.444Z,gpu-3uwoq-6g3ya-1,ib_hw_counter,rdma_vf_rail0,local_ack_timeout_err,0
2026-09-30T16:23:07.444Z,gpu-3uwoq-6g3ya-1,ib_hw_counter,rdma_vf_rail0,rx_write_requests,4.85746e+08
2026-09-30T16:23:07.444Z,gpu-3uwoq-6g3ya-1,ib_hw_counter,rdma_vf_rail0,rx_read_requests,2.27639e+07
2026-09-30T16:23:07.444Z,gpu-3uwoq-6g3ya-1,ib_hw_counter,rdma_vf_rail0,req_cqe_error,0
2026-09-30T16:23:07.444Z,gpu-3uwoq-6g3ya-1,ib_hw_counter,rdma_vf_rail0,resp_cqe_error,0
2026-09-30T16:23:07.444Z,gpu-3uwoq-6g3ya-1,ib_hw_counter,rdma_vf_rail0,implied_nak_seq_err,0
2026-09-30T16:23:07.444Z,gpu-3uwoq-6g3ya-1,ib_hw_counter,rdma_vf_rail0,duplicate_request,0
2026-09-30T16:23:07.444Z,gpu-3uwoq-6g3ya-1,ib_counter,rdma_vf_rail1,port_xmit_data,5.48301e+12
2026-09-30T16:23:07.444Z,gpu-3uwoq-6g3ya-1,ib_counter,rdma_vf_rail1,port_rcv_data,3.51844e+12
2026-09-30T16:23:07.444Z,gpu-3uwoq-6g3ya-1,ib_counter,rdma_vf_rail1,port_xmit_packets,1.50928e+09
2026-09-30T16:23:07.444Z,gpu-3uwoq-6g3ya-1,ib_counter,rdma_vf_rail1,port_rcv_packets,1.16889e+09
2026-09-30T16:23:07.444Z,gpu-3uwoq-6g3ya-1,ib_counter,rdma_vf_rail1,port_xmit_wait,0
2026-09-30T16:23:07.444Z,gpu-3uwoq-6g3ya-1,ib_counter,rdma_vf_rail1,port_rcv_errors,0
2026-09-30T16:23:07.444Z,gpu-3uwoq-6g3ya-1,ib_counter,rdma_vf_rail1,port_xmit_discards,0
2026-09-30T16:23:07.444Z,gpu-3uwoq-6g3ya-1,ib_counter,rdma_vf_rail1,link_downed,0
2026-09-30T16:23:07.444Z,gpu-3uwoq-6g3ya-1,ib_hw_counter,rdma_vf_rail1,out_of_sequence,7
2026-09-30T16:23:07.444Z,gpu-3uwoq-6g3ya-1,ib_hw_counter,rdma_vf_rail1,packet_seq_err,8
2026-09-30T16:23:07.444Z,gpu-3uwoq-6g3ya-1,ib_hw_counter,rdma_vf_rail1,local_ack_timeout_err,0
2026-09-30T16:23:07.444Z,gpu-3uwoq-6g3ya-1,ib_hw_counter,rdma_vf_rail1,rx_write_requests,4.73996e+08
2026-09-30T16:23:07.444Z,gpu-3uwoq-6g3ya-1,ib_hw_counter,rdma_vf_rail1,rx_read_requests,1.68838e+07
2026-09-30T16:23:07.444Z,gpu-3uwoq-6g3ya-1,ib_hw_counter,rdma_vf_rail1,req_cqe_error,0
2026-09-30T16:23:07.444Z,gpu-3uwoq-6g3ya-1,ib_hw_counter,rdma_vf_rail1,resp_cqe_error,0
2026-09-30T16:23:07.444Z,gpu-3uwoq-6g3ya-1,ib_hw_counter,rdma_vf_rail1,implied_nak_seq_err,0
2026-09-30T16:23:07.444Z,gpu-3uwoq-6g3ya-1,ib_hw_counter,rdma_vf_rail1,duplicate_request,0
2026-09-30T16:23:07.444Z,gpu-3uwoq-6g3ya-1,ib_counter,rdma_vf_rail2,port_xmit_data,5.4557e+12
2026-09-30T16:23:07.444Z,gpu-3uwoq-6g3ya-1,ib_counter,rdma_vf_rail2,port_rcv_data,3.49072e+12
2026-09-30T16:23:07.444Z,gpu-3uwoq-6g3ya-1,ib_counter,rdma_vf_rail2,port_xmit_packets,1.49548e+09
2026-09-30T16:23:07.444Z,gpu-3uwoq-6g3ya-1,ib_counter,rdma_vf_rail2,port_rcv_packets,1.15052e+09
2026-09-30T16:23:07.444Z,gpu-3uwoq-6g3ya-1,ib_counter,rdma_vf_rail2,port_xmit_wait,0
2026-09-30T16:23:07.444Z,gpu-3uwoq-6g3ya-1,ib_counter,rdma_vf_rail2,port_rcv_errors,0
2026-09-30T16:23:07.444Z,gpu-3uwoq-6g3ya-1,ib_counter,rdma_vf_rail2,port_xmit_discards,0
2026-09-30T16:23:07.444Z,gpu-3uwoq-6g3ya-1,ib_counter,rdma_vf_rail2,link_downed,0
2026-09-30T16:23:07.444Z,gpu-3uwoq-6g3ya-1,ib_hw_counter,rdma_vf_rail2,out_of_sequence,8
2026-09-30T16:23:07.444Z,gpu-3uwoq-6g3ya-1,ib_hw_counter,rdma_vf_rail2,packet_seq_err,7
2026-09-30T16:23:07.444Z,gpu-3uwoq-6g3ya-1,ib_hw_counter,rdma_vf_rail2,local_ack_timeout_err,0
2026-09-30T16:23:07.444Z,gpu-3uwoq-6g3ya-1,ib_hw_counter,rdma_vf_rail2,rx_write_requests,4.73562e+08
2026-09-30T16:23:07.444Z,gpu-3uwoq-6g3ya-1,ib_hw_counter,rdma_vf_rail2,rx_read_requests,1.66762e+07
2026-09-30T16:23:07.444Z,gpu-3uwoq-6g3ya-1,ib_hw_counter,rdma_vf_rail2,req_cqe_error,0
2026-09-30T16:23:07.444Z,gpu-3uwoq-6g3ya-1,ib_hw_counter,rdma_vf_rail2,resp_cqe_error,0
2026-09-30T16:23:07.444Z,gpu-3uwoq-6g3ya-1,ib_hw_counter,rdma_vf_rail2,implied_nak_seq_err,0
2026-09-30T16:23:07.444Z,gpu-3uwoq-6g3ya-1,ib_hw_counter,rdma_vf_rail2,duplicate_request,0
2026-09-30T16:23:07.444Z,gpu-3uwoq-6g3ya-1,ib_counter,rdma_vf_rail3,port_xmit_data,5.45593e+12
2026-09-30T16:23:07.444Z,gpu-3uwoq-6g3ya-1,ib_counter,rdma_vf_rail3,port_rcv_data,3.49051e+12
2026-09-30T16:23:07.444Z,gpu-3uwoq-6g3ya-1,ib_counter,rdma_vf_rail3,port_xmit_packets,1.49601e+09
2026-09-30T16:23:07.444Z,gpu-3uwoq-6g3ya-1,ib_counter,rdma_vf_rail3,port_rcv_packets,1.14761e+09
2026-09-30T16:23:07.444Z,gpu-3uwoq-6g3ya-1,ib_counter,rdma_vf_rail3,port_xmit_wait,0
2026-09-30T16:23:07.444Z,gpu-3uwoq-6g3ya-1,ib_counter,rdma_vf_rail3,port_rcv_errors,0
2026-09-30T16:23:07.444Z,gpu-3uwoq-6g3ya-1,ib_counter,rdma_vf_rail3,port_xmit_discards,0
2026-09-30T16:23:07.444Z,gpu-3uwoq-6g3ya-1,ib_counter,rdma_vf_rail3,link_downed,0
2026-09-30T16:23:07.444Z,gpu-3uwoq-6g3ya-1,ib_hw_counter,rdma_vf_rail3,out_of_sequence,9
2026-09-30T16:23:07.444Z,gpu-3uwoq-6g3ya-1,ib_hw_counter,rdma_vf_rail3,packet_seq_err,8
2026-09-30T16:23:07.444Z,gpu-3uwoq-6g3ya-1,ib_hw_counter,rdma_vf_rail3,local_ack_timeout_err,0
2026-09-30T16:23:07.444Z,gpu-3uwoq-6g3ya-1,ib_hw_counter,rdma_vf_rail3,rx_write_requests,4.73562e+08
2026-09-30T16:23:07.444Z,gpu-3uwoq-6g3ya-1,ib_hw_counter,rdma_vf_rail3,rx_read_requests,1.66762e+07
2026-09-30T16:23:07.444Z,gpu-3uwoq-6g3ya-1,ib_hw_counter,rdma_vf_rail3,req_cqe_error,0
2026-09-30T16:23:07.444Z,gpu-3uwoq-6g3ya-1,ib_hw_counter,rdma_vf_rail3,resp_cqe_error,0
2026-09-30T16:23:07.444Z,gpu-3uwoq-6g3ya-1,ib_hw_counter,rdma_vf_rail3,implied_nak_seq_err,0
2026-09-30T16:23:07.444Z,gpu-3uwoq-6g3ya-1,ib_hw_counter,rdma_vf_rail3,duplicate_request,0
2026-09-30T16:23:07.444Z,gpu-3uwoq-6g3ya-1,dcgm,gpu2,gpu_util,0
2026-09-30T16:23:07.444Z,gpu-3uwoq-6g3ya-1,dcgm,gpu3,gpu_util,0
2026-09-30T16:23:07.444Z,gpu-3uwoq-6g3ya-1,dcgm,gpu0,gpu_util,0
2026-09-30T16:23:07.444Z,gpu-3uwoq-6g3ya-1,dcgm,gpu1,gpu_util,0
2026-09-30T16:23:07.444Z,gpu-3uwoq-6g3ya-1,dcgm,gpu2,nvlink_bandwidth_total,0
2026-09-30T16:23:07.444Z,gpu-3uwoq-6g3ya-1,dcgm,gpu3,nvlink_bandwidth_total,70000
2026-09-30T16:23:07.444Z,gpu-3uwoq-6g3ya-1,dcgm,gpu0,nvlink_bandwidth_total,0
2026-09-30T16:23:07.444Z,gpu-3uwoq-6g3ya-1,dcgm,gpu1,nvlink_bandwidth_total,0
2026-09-30T16:23:07.444Z,gpu-3uwoq-6g3ya-1,dcgm,gpu2,power_w,222.82
2026-09-30T16:23:07.444Z,gpu-3uwoq-6g3ya-1,dcgm,gpu3,power_w,227.026
2026-09-30T16:23:07.444Z,gpu-3uwoq-6g3ya-1,dcgm,gpu0,power_w,230.127
2026-09-30T16:23:07.444Z,gpu-3uwoq-6g3ya-1,dcgm,gpu1,power_w,226.521
2026-09-30T16:23:07.444Z,gpu-3uwoq-6g3ya-1,dcgm,gpu2,sm_clock_mhz,2070
2026-09-30T16:23:07.444Z,gpu-3uwoq-6g3ya-1,dcgm,gpu3,sm_clock_mhz,2070
2026-09-30T16:23:07.444Z,gpu-3uwoq-6g3ya-1,dcgm,gpu0,sm_clock_mhz,2070
2026-09-30T16:23:07.444Z,gpu-3uwoq-6g3ya-1,dcgm,gpu1,sm_clock_mhz,2070
2026-09-30T16:23:07.444Z,gpu-3uwoq-6g3ya-1,dcgm,gpu2,dram_active,0
2026-09-30T16:23:07.444Z,gpu-3uwoq-6g3ya-1,dcgm,gpu3,dram_active,0
2026-09-30T16:23:07.444Z,gpu-3uwoq-6g3ya-1,dcgm,gpu0,dram_active,0
2026-09-30T16:23:07.444Z,gpu-3uwoq-6g3ya-1,dcgm,gpu1,dram_active,0
2026-09-30T16:23:07.444Z,gpu-3uwoq-6g3ya-1,dcgm,gpu2,pcie_rx_bytes,43152
2026-09-30T16:23:07.444Z,gpu-3uwoq-6g3ya-1,dcgm,gpu3,pcie_rx_bytes,36130
2026-09-30T16:23:07.444Z,gpu-3uwoq-6g3ya-1,dcgm,gpu0,pcie_rx_bytes,50088
2026-09-30T16:23:07.444Z,gpu-3uwoq-6g3ya-1,dcgm,gpu1,pcie_rx_bytes,54948
2026-09-30T16:23:07.444Z,gpu-3uwoq-6g3ya-1,dcgm,gpu2,pcie_tx_bytes,39623
2026-09-30T16:23:07.444Z,gpu-3uwoq-6g3ya-1,dcgm,gpu3,pcie_tx_bytes,33072
2026-09-30T16:23:07.444Z,gpu-3uwoq-6g3ya-1,dcgm,gpu0,pcie_tx_bytes,46489
2026-09-30T16:23:07.444Z,gpu-3uwoq-6g3ya-1,dcgm,gpu1,pcie_tx_bytes,51404
2026-09-30T16:23:07.444Z,gpu-3uwoq-6g3ya-1,dcgm,gpu2,tensor_active,0
2026-09-30T16:23:07.444Z,gpu-3uwoq-6g3ya-1,dcgm,gpu3,tensor_active,0
2026-09-30T16:23:07.444Z,gpu-3uwoq-6g3ya-1,dcgm,gpu0,tensor_active,0
2026-09-30T16:23:07.444Z,gpu-3uwoq-6g3ya-1,dcgm,gpu1,tensor_active,0
2026-09-30T16:23:07.444Z,gpu-3uwoq-6g3ya-1,dcgm,gpu2,sm_active,0
2026-09-30T16:23:07.444Z,gpu-3uwoq-6g3ya-1,dcgm,gpu3,sm_active,0
2026-09-30T16:23:07.444Z,gpu-3uwoq-6g3ya-1,dcgm,gpu0,sm_active,0
2026-09-30T16:23:07.444Z,gpu-3uwoq-6g3ya-1,dcgm,gpu1,sm_active,0
2026-09-30T16:23:07.444Z,gpu-3uwoq-6g3ya-1,nvlink,gpu0,nvlink_rx_bytes,2.31733e+13
2026-09-30T16:23:07.444Z,gpu-3uwoq-6g3ya-1,nvlink,gpu0,nvlink_tx_bytes,2.31869e+13
2026-09-30T16:23:07.444Z,gpu-3uwoq-6g3ya-1,nvlink,gpu1,nvlink_rx_bytes,2.40813e+13
2026-09-30T16:23:07.444Z,gpu-3uwoq-6g3ya-1,nvlink,gpu1,nvlink_tx_bytes,2.40933e+13
2026-09-30T16:23:07.444Z,gpu-3uwoq-6g3ya-1,nvlink,gpu2,nvlink_rx_bytes,2.33166e+13
2026-09-30T16:23:07.444Z,gpu-3uwoq-6g3ya-1,nvlink,gpu2,nvlink_tx_bytes,2.33351e+13
2026-09-30T16:23:07.444Z,gpu-3uwoq-6g3ya-1,nvlink,gpu3,nvlink_rx_bytes,2.32548e+13
2026-09-30T16:23:07.444Z,gpu-3uwoq-6g3ya-1,nvlink,gpu3,nvlink_tx_bytes,2.32723e+13
2026-09-30T16:23:08.444Z,gpu-3uwoq-6g3ya-1,ib_counter,rdma_vf_rail0,port_xmit_data,6.27354e+12
2026-09-30T16:23:08.444Z,gpu-3uwoq-6g3ya-1,ib_counter,rdma_vf_rail0,port_rcv_data,4.31116e+12
2026-09-30T16:23:08.444Z,gpu-3uwoq-6g3ya-1,ib_counter,rdma_vf_rail0,port_xmit_packets,1.72334e+09
2026-09-30T16:23:08.444Z,gpu-3uwoq-6g3ya-1,ib_counter,rdma_vf_rail0,port_rcv_packets,1.4035e+09
2026-09-30T16:23:08.444Z,gpu-3uwoq-6g3ya-1,ib_counter,rdma_vf_rail0,port_xmit_wait,0
2026-09-30T16:23:08.444Z,gpu-3uwoq-6g3ya-1,ib_counter,rdma_vf_rail0,port_rcv_errors,0
2026-09-30T16:23:08.444Z,gpu-3uwoq-6g3ya-1,ib_counter,rdma_vf_rail0,port_xmit_discards,0
2026-09-30T16:23:08.444Z,gpu-3uwoq-6g3ya-1,ib_counter,rdma_vf_rail0,link_downed,0
2026-09-30T16:23:08.444Z,gpu-3uwoq-6g3ya-1,ib_hw_counter,rdma_vf_rail0,out_of_sequence,8
2026-09-30T16:23:08.444Z,gpu-3uwoq-6g3ya-1,ib_hw_counter,rdma_vf_rail0,packet_seq_err,9
2026-09-30T16:23:08.444Z,gpu-3uwoq-6g3ya-1,ib_hw_counter,rdma_vf_rail0,local_ack_timeout_err,0
2026-09-30T16:23:08.444Z,gpu-3uwoq-6g3ya-1,ib_hw_counter,rdma_vf_rail0,rx_write_requests,4.85746e+08
2026-09-30T16:23:08.444Z,gpu-3uwoq-6g3ya-1,ib_hw_counter,rdma_vf_rail0,rx_read_requests,2.27639e+07
2026-09-30T16:23:08.444Z,gpu-3uwoq-6g3ya-1,ib_hw_counter,rdma_vf_rail0,req_cqe_error,0
2026-09-30T16:23:08.444Z,gpu-3uwoq-6g3ya-1,ib_hw_counter,rdma_vf_rail0,resp_cqe_error,0
2026-09-30T16:23:08.444Z,gpu-3uwoq-6g3ya-1,ib_hw_counter,rdma_vf_rail0,implied_nak_seq_err,0
2026-09-30T16:23:08.444Z,gpu-3uwoq-6g3ya-1,ib_hw_counter,rdma_vf_rail0,duplicate_request,0
2026-09-30T16:23:08.444Z,gpu-3uwoq-6g3ya-1,ib_counter,rdma_vf_rail1,port_xmit_data,5.48301e+12
2026-09-30T16:23:08.444Z,gpu-3uwoq-6g3ya-1,ib_counter,rdma_vf_rail1,port_rcv_data,3.51844e+12
2026-09-30T16:23:08.444Z,gpu-3uwoq-6g3ya-1,ib_counter,rdma_vf_rail1,port_xmit_packets,1.50928e+09
2026-09-30T16:23:08.444Z,gpu-3uwoq-6g3ya-1,ib_counter,rdma_vf_rail1,port_rcv_packets,1.16889e+09
2026-09-30T16:23:08.444Z,gpu-3uwoq-6g3ya-1,ib_counter,rdma_vf_rail1,port_xmit_wait,0
2026-09-30T16:23:08.444Z,gpu-3uwoq-6g3ya-1,ib_counter,rdma_vf_rail1,port_rcv_errors,0
2026-09-30T16:23:08.444Z,gpu-3uwoq-6g3ya-1,ib_counter,rdma_vf_rail1,port_xmit_discards,0
2026-09-30T16:23:08.444Z,gpu-3uwoq-6g3ya-1,ib_counter,rdma_vf_rail1,link_downed,0
2026-09-30T16:23:08.444Z,gpu-3uwoq-6g3ya-1,ib_hw_counter,rdma_vf_rail1,out_of_sequence,7
2026-09-30T16:23:08.444Z,gpu-3uwoq-6g3ya-1,ib_hw_counter,rdma_vf_rail1,packet_seq_err,8
2026-09-30T16:23:08.444Z,gpu-3uwoq-6g3ya-1,ib_hw_counter,rdma_vf_rail1,local_ack_timeout_err,0
2026-09-30T16:23:08.444Z,gpu-3uwoq-6g3ya-1,ib_hw_counter,rdma_vf_rail1,rx_write_requests,4.73996e+08
2026-09-30T16:23:08.444Z,gpu-3uwoq-6g3ya-1,ib_hw_counter,rdma_vf_rail1,rx_read_requests,1.68838e+07
2026-09-30T16:23:08.444Z,gpu-3uwoq-6g3ya-1,ib_hw_counter,rdma_vf_rail1,req_cqe_error,0
2026-09-30T16:23:08.444Z,gpu-3uwoq-6g3ya-1,ib_hw_counter,rdma_vf_rail1,resp_cqe_error,0
2026-09-30T16:23:08.444Z,gpu-3uwoq-6g3ya-1,ib_hw_counter,rdma_vf_rail1,implied_nak_seq_err,0
2026-09-30T16:23:08.444Z,gpu-3uwoq-6g3ya-1,ib_hw_counter,rdma_vf_rail1,duplicate_request,0
2026-09-30T16:23:08.444Z,gpu-3uwoq-6g3ya-1,ib_counter,rdma_vf_rail2,port_xmit_data,5.4557e+12
2026-09-30T16:23:08.444Z,gpu-3uwoq-6g3ya-1,ib_counter,rdma_vf_rail2,port_rcv_data,3.49072e+12
2026-09-30T16:23:08.444Z,gpu-3uwoq-6g3ya-1,ib_counter,rdma_vf_rail2,port_xmit_packets,1.49548e+09
2026-09-30T16:23:08.444Z,gpu-3uwoq-6g3ya-1,ib_counter,rdma_vf_rail2,port_rcv_packets,1.15052e+09
2026-09-30T16:23:08.444Z,gpu-3uwoq-6g3ya-1,ib_counter,rdma_vf_rail2,port_xmit_wait,0
2026-09-30T16:23:08.444Z,gpu-3uwoq-6g3ya-1,ib_counter,rdma_vf_rail2,port_rcv_errors,0
2026-09-30T16:23:08.444Z,gpu-3uwoq-6g3ya-1,ib_counter,rdma_vf_rail2,port_xmit_discards,0
2026-09-30T16:23:08.444Z,gpu-3uwoq-6g3ya-1,ib_counter,rdma_vf_rail2,link_downed,0
2026-09-30T16:23:08.444Z,gpu-3uwoq-6g3ya-1,ib_hw_counter,rdma_vf_rail2,out_of_sequence,8
2026-09-30T16:23:08.444Z,gpu-3uwoq-6g3ya-1,ib_hw_counter,rdma_vf_rail2,packet_seq_err,7
2026-09-30T16:23:08.444Z,gpu-3uwoq-6g3ya-1,ib_hw_counter,rdma_vf_rail2,local_ack_timeout_err,0
2026-09-30T16:23:08.444Z,gpu-3uwoq-6g3ya-1,ib_hw_counter,rdma_vf_rail2,rx_write_requests,4.73562e+08
2026-09-30T16:23:08.444Z,gpu-3uwoq-6g3ya-1,ib_hw_counter,rdma_vf_rail2,rx_read_requests,1.66762e+07
2026-09-30T16:23:08.444Z,gpu-3uwoq-6g3ya-1,ib_hw_counter,rdma_vf_rail2,req_cqe_error,0
2026-09-30T16:23:08.444Z,gpu-3uwoq-6g3ya-1,ib_hw_counter,rdma_vf_rail2,resp_cqe_error,0
2026-09-30T16:23:08.444Z,gpu-3uwoq-6g3ya-1,ib_hw_counter,rdma_vf_rail2,implied_nak_seq_err,0
2026-09-30T16:23:08.444Z,gpu-3uwoq-6g3ya-1,ib_hw_counter,rdma_vf_rail2,duplicate_request,0
2026-09-30T16:23:08.444Z,gpu-3uwoq-6g3ya-1,ib_counter,rdma_vf_rail3,port_xmit_data,5.45593e+12
2026-09-30T16:23:08.444Z,gpu-3uwoq-6g3ya-1,ib_counter,rdma_vf_rail3,port_rcv_data,3.49051e+12
2026-09-30T16:23:08.444Z,gpu-3uwoq-6g3ya-1,ib_counter,rdma_vf_rail3,port_xmit_packets,1.49601e+09
2026-09-30T16:23:08.444Z,gpu-3uwoq-6g3ya-1,ib_counter,rdma_vf_rail3,port_rcv_packets,1.14761e+09
2026-09-30T16:23:08.444Z,gpu-3uwoq-6g3ya-1,ib_counter,rdma_vf_rail3,port_xmit_wait,0
2026-09-30T16:23:08.444Z,gpu-3uwoq-6g3ya-1,ib_counter,rdma_vf_rail3,port_rcv_errors,0
2026-09-30T16:23:08.444Z,gpu-3uwoq-6g3ya-1,ib_counter,rdma_vf_rail3,port_xmit_discards,0
2026-09-30T16:23:08.444Z,gpu-3uwoq-6g3ya-1,ib_counter,rdma_vf_rail3,link_downed,0
2026-09-30T16:23:08.444Z,gpu-3uwoq-6g3ya-1,ib_hw_counter,rdma_vf_rail3,out_of_sequence,9
2026-09-30T16:23:08.444Z,gpu-3uwoq-6g3ya-1,ib_hw_counter,rdma_vf_rail3,packet_seq_err,8
2026-09-30T16:23:08.444Z,gpu-3uwoq-6g3ya-1,ib_hw_counter,rdma_vf_rail3,local_ack_timeout_err,0
2026-09-30T16:23:08.444Z,gpu-3uwoq-6g3ya-1,ib_hw_counter,rdma_vf_rail3,rx_write_requests,4.73562e+08
2026-09-30T16:23:08.444Z,gpu-3uwoq-6g3ya-1,ib_hw_counter,rdma_vf_rail3,rx_read_requests,1.66762e+07
2026-09-30T16:23:08.444Z,gpu-3uwoq-6g3ya-1,ib_hw_counter,rdma_vf_rail3,req_cqe_error,0
2026-09-30T16:23:08.444Z,gpu-3uwoq-6g3ya-1,ib_hw_counter,rdma_vf_rail3,resp_cqe_error,0
2026-09-30T16:23:08.444Z,gpu-3uwoq-6g3ya-1,ib_hw_counter,rdma_vf_rail3,implied_nak_seq_err,0
2026-09-30T16:23:08.444Z,gpu-3uwoq-6g3ya-1,ib_hw_counter,rdma_vf_rail3,duplicate_request,0
2026-09-30T16:23:08.444Z,gpu-3uwoq-6g3ya-1,dcgm,gpu2,gpu_util,0
2026-09-30T16:23:08.444Z,gpu-3uwoq-6g3ya-1,dcgm,gpu3,gpu_util,0
2026-09-30T16:23:08.444Z,gpu-3uwoq-6g3ya-1,dcgm,gpu0,gpu_util,100
2026-09-30T16:23:08.444Z,gpu-3uwoq-6g3ya-1,dcgm,gpu1,gpu_util,100
2026-09-30T16:23:08.444Z,gpu-3uwoq-6g3ya-1,dcgm,gpu2,nvlink_bandwidth_total,128837
2026-09-30T16:23:08.444Z,gpu-3uwoq-6g3ya-1,dcgm,gpu3,nvlink_bandwidth_total,70000
2026-09-30T16:23:08.444Z,gpu-3uwoq-6g3ya-1,dcgm,gpu0,nvlink_bandwidth_total,126125
2026-09-30T16:23:08.444Z,gpu-3uwoq-6g3ya-1,dcgm,gpu1,nvlink_bandwidth_total,126730
2026-09-30T16:23:08.444Z,gpu-3uwoq-6g3ya-1,dcgm,gpu2,power_w,488.249
2026-09-30T16:23:08.444Z,gpu-3uwoq-6g3ya-1,dcgm,gpu3,power_w,491.843
2026-09-30T16:23:08.444Z,gpu-3uwoq-6g3ya-1,dcgm,gpu0,power_w,458.453
2026-09-30T16:23:08.444Z,gpu-3uwoq-6g3ya-1,dcgm,gpu1,power_w,226.521
2026-09-30T16:23:08.444Z,gpu-3uwoq-6g3ya-1,dcgm,gpu2,sm_clock_mhz,2070
2026-09-30T16:23:08.444Z,gpu-3uwoq-6g3ya-1,dcgm,gpu3,sm_clock_mhz,2070
2026-09-30T16:23:08.444Z,gpu-3uwoq-6g3ya-1,dcgm,gpu0,sm_clock_mhz,2070
2026-09-30T16:23:08.444Z,gpu-3uwoq-6g3ya-1,dcgm,gpu1,sm_clock_mhz,2070
2026-09-30T16:23:08.444Z,gpu-3uwoq-6g3ya-1,dcgm,gpu2,dram_active,0.037669
2026-09-30T16:23:08.444Z,gpu-3uwoq-6g3ya-1,dcgm,gpu3,dram_active,0.030762
2026-09-30T16:23:08.444Z,gpu-3uwoq-6g3ya-1,dcgm,gpu0,dram_active,0.037841
2026-09-30T16:23:08.444Z,gpu-3uwoq-6g3ya-1,dcgm,gpu1,dram_active,0.040131
2026-09-30T16:23:08.444Z,gpu-3uwoq-6g3ya-1,dcgm,gpu2,pcie_rx_bytes,339903
2026-09-30T16:23:08.444Z,gpu-3uwoq-6g3ya-1,dcgm,gpu3,pcie_rx_bytes,36130
2026-09-30T16:23:08.444Z,gpu-3uwoq-6g3ya-1,dcgm,gpu0,pcie_rx_bytes,391428
2026-09-30T16:23:08.444Z,gpu-3uwoq-6g3ya-1,dcgm,gpu1,pcie_rx_bytes,404495
2026-09-30T16:23:08.444Z,gpu-3uwoq-6g3ya-1,dcgm,gpu2,pcie_tx_bytes,283339
2026-09-30T16:23:08.444Z,gpu-3uwoq-6g3ya-1,dcgm,gpu3,pcie_tx_bytes,33072
2026-09-30T16:23:08.444Z,gpu-3uwoq-6g3ya-1,dcgm,gpu0,pcie_tx_bytes,334236
2026-09-30T16:23:08.444Z,gpu-3uwoq-6g3ya-1,dcgm,gpu1,pcie_tx_bytes,347883
2026-09-30T16:23:08.444Z,gpu-3uwoq-6g3ya-1,dcgm,gpu2,tensor_active,0
2026-09-30T16:23:08.444Z,gpu-3uwoq-6g3ya-1,dcgm,gpu3,tensor_active,0
2026-09-30T16:23:08.444Z,gpu-3uwoq-6g3ya-1,dcgm,gpu0,tensor_active,0
2026-09-30T16:23:08.444Z,gpu-3uwoq-6g3ya-1,dcgm,gpu1,tensor_active,0
2026-09-30T16:23:08.444Z,gpu-3uwoq-6g3ya-1,dcgm,gpu2,sm_active,0.0165
2026-09-30T16:23:08.444Z,gpu-3uwoq-6g3ya-1,dcgm,gpu3,sm_active,0
2026-09-30T16:23:08.444Z,gpu-3uwoq-6g3ya-1,dcgm,gpu0,sm_active,0.016548
2026-09-30T16:23:08.444Z,gpu-3uwoq-6g3ya-1,dcgm,gpu1,sm_active,0
2026-09-30T16:23:08.444Z,gpu-3uwoq-6g3ya-1,nvlink,gpu0,nvlink_rx_bytes,2.31733e+13
2026-09-30T16:23:08.444Z,gpu-3uwoq-6g3ya-1,nvlink,gpu0,nvlink_tx_bytes,2.31869e+13
2026-09-30T16:23:08.444Z,gpu-3uwoq-6g3ya-1,nvlink,gpu1,nvlink_rx_bytes,2.40813e+13
2026-09-30T16:23:08.444Z,gpu-3uwoq-6g3ya-1,nvlink,gpu1,nvlink_tx_bytes,2.40933e+13
2026-09-30T16:23:08.444Z,gpu-3uwoq-6g3ya-1,nvlink,gpu2,nvlink_rx_bytes,2.33166e+13
2026-09-30T16:23:08.444Z,gpu-3uwoq-6g3ya-1,nvlink,gpu2,nvlink_tx_bytes,2.33351e+13
2026-09-30T16:23:08.444Z,gpu-3uwoq-6g3ya-1,nvlink,gpu3,nvlink_rx_bytes,2.32548e+13
2026-09-30T16:23:08.444Z,gpu-3uwoq-6g3ya-1,nvlink,gpu3,nvlink_tx_bytes,2.32723e+13
2026-09-30T16:23:09.444Z,gpu-3uwoq-6g3ya-1,ib_counter,rdma_vf_rail0,port_xmit_data,6.27354e+12
2026-09-30T16:23:09.444Z,gpu-3uwoq-6g3ya-1,ib_counter,rdma_vf_rail0,port_rcv_data,4.31116e+12
2026-09-30T16:23:09.444Z,gpu-3uwoq-6g3ya-1,ib_counter,rdma_vf_rail0,port_xmit_packets,1.72334e+09
2026-09-30T16:23:09.444Z,gpu-3uwoq-6g3ya-1,ib_counter,rdma_vf_rail0,port_rcv_packets,1.4035e+09
2026-09-30T16:23:09.444Z,gpu-3uwoq-6g3ya-1,ib_counter,rdma_vf_rail0,port_xmit_wait,0
2026-09-30T16:23:09.444Z,gpu-3uwoq-6g3ya-1,ib_counter,rdma_vf_rail0,port_rcv_errors,0
2026-09-30T16:23:09.444Z,gpu-3uwoq-6g3ya-1,ib_counter,rdma_vf_rail0,port_xmit_discards,0
2026-09-30T16:23:09.444Z,gpu-3uwoq-6g3ya-1,ib_counter,rdma_vf_rail0,link_downed,0
2026-09-30T16:23:09.444Z,gpu-3uwoq-6g3ya-1,ib_hw_counter,rdma_vf_rail0,out_of_sequence,8
2026-09-30T16:23:09.444Z,gpu-3uwoq-6g3ya-1,ib_hw_counter,rdma_vf_rail0,packet_seq_err,9
2026-09-30T16:23:09.444Z,gpu-3uwoq-6g3ya-1,ib_hw_counter,rdma_vf_rail0,local_ack_timeout_err,0
2026-09-30T16:23:09.444Z,gpu-3uwoq-6g3ya-1,ib_hw_counter,rdma_vf_rail0,rx_write_requests,4.85746e+08
2026-09-30T16:23:09.444Z,gpu-3uwoq-6g3ya-1,ib_hw_counter,rdma_vf_rail0,rx_read_requests,2.27639e+07
2026-09-30T16:23:09.444Z,gpu-3uwoq-6g3ya-1,ib_hw_counter,rdma_vf_rail0,req_cqe_error,0
2026-09-30T16:23:09.444Z,gpu-3uwoq-6g3ya-1,ib_hw_counter,rdma_vf_rail0,resp_cqe_error,0
2026-09-30T16:23:09.444Z,gpu-3uwoq-6g3ya-1,ib_hw_counter,rdma_vf_rail0,implied_nak_seq_err,0
2026-09-30T16:23:09.444Z,gpu-3uwoq-6g3ya-1,ib_hw_counter,rdma_vf_rail0,duplicate_request,0
2026-09-30T16:23:09.444Z,gpu-3uwoq-6g3ya-1,ib_counter,rdma_vf_rail1,port_xmit_data,5.48301e+12
2026-09-30T16:23:09.444Z,gpu-3uwoq-6g3ya-1,ib_counter,rdma_vf_rail1,port_rcv_data,3.51844e+12
2026-09-30T16:23:09.444Z,gpu-3uwoq-6g3ya-1,ib_counter,rdma_vf_rail1,port_xmit_packets,1.50928e+09
2026-09-30T16:23:09.444Z,gpu-3uwoq-6g3ya-1,ib_counter,rdma_vf_rail1,port_rcv_packets,1.16889e+09
2026-09-30T16:23:09.444Z,gpu-3uwoq-6g3ya-1,ib_counter,rdma_vf_rail1,port_xmit_wait,0
2026-09-30T16:23:09.444Z,gpu-3uwoq-6g3ya-1,ib_counter,rdma_vf_rail1,port_rcv_errors,0
2026-09-30T16:23:09.444Z,gpu-3uwoq-6g3ya-1,ib_counter,rdma_vf_rail1,port_xmit_discards,0
2026-09-30T16:23:09.444Z,gpu-3uwoq-6g3ya-1,ib_counter,rdma_vf_rail1,link_downed,0
2026-09-30T16:23:09.444Z,gpu-3uwoq-6g3ya-1,ib_hw_counter,rdma_vf_rail1,out_of_sequence,7
2026-09-30T16:23:09.444Z,gpu-3uwoq-6g3ya-1,ib_hw_counter,rdma_vf_rail1,packet_seq_err,8
2026-09-30T16:23:09.444Z,gpu-3uwoq-6g3ya-1,ib_hw_counter,rdma_vf_rail1,local_ack_timeout_err,0
2026-09-30T16:23:09.444Z,gpu-3uwoq-6g3ya-1,ib_hw_counter,rdma_vf_rail1,rx_write_requests,4.73996e+08
2026-09-30T16:23:09.444Z,gpu-3uwoq-6g3ya-1,ib_hw_counter,rdma_vf_rail1,rx_read_requests,1.68838e+07
2026-09-30T16:23:09.444Z,gpu-3uwoq-6g3ya-1,ib_hw_counter,rdma_vf_rail1,req_cqe_error,0
2026-09-30T16:23:09.444Z,gpu-3uwoq-6g3ya-1,ib_hw_counter,rdma_vf_rail1,resp_cqe_error,0
2026-09-30T16:23:09.444Z,gpu-3uwoq-6g3ya-1,ib_hw_counter,rdma_vf_rail1,implied_nak_seq_err,0
2026-09-30T16:23:09.444Z,gpu-3uwoq-6g3ya-1,ib_hw_counter,rdma_vf_rail1,duplicate_request,0
2026-09-30T16:23:09.444Z,gpu-3uwoq-6g3ya-1,ib_counter,rdma_vf_rail2,port_xmit_data,5.4557e+12
2026-09-30T16:23:09.444Z,gpu-3uwoq-6g3ya-1,ib_counter,rdma_vf_rail2,port_rcv_data,3.49072e+12
2026-09-30T16:23:09.444Z,gpu-3uwoq-6g3ya-1,ib_counter,rdma_vf_rail2,port_xmit_packets,1.49548e+09
2026-09-30T16:23:09.444Z,gpu-3uwoq-6g3ya-1,ib_counter,rdma_vf_rail2,port_rcv_packets,1.15052e+09
2026-09-30T16:23:09.444Z,gpu-3uwoq-6g3ya-1,ib_counter,rdma_vf_rail2,port_xmit_wait,0
2026-09-30T16:23:09.444Z,gpu-3uwoq-6g3ya-1,ib_counter,rdma_vf_rail2,port_rcv_errors,0
2026-09-30T16:23:09.444Z,gpu-3uwoq-6g3ya-1,ib_counter,rdma_vf_rail2,port_xmit_discards,0
2026-09-30T16:23:09.444Z,gpu-3uwoq-6g3ya-1,ib_counter,rdma_vf_rail2,link_downed,0
2026-09-30T16:23:09.444Z,gpu-3uwoq-6g3ya-1,ib_hw_counter,rdma_vf_rail2,out_of_sequence,8
2026-09-30T16:23:09.444Z,gpu-3uwoq-6g3ya-1,ib_hw_counter,rdma_vf_rail2,packet_seq_err,7
2026-09-30T16:23:09.444Z,gpu-3uwoq-6g3ya-1,ib_hw_counter,rdma_vf_rail2,local_ack_timeout_err,0
2026-09-30T16:23:09.444Z,gpu-3uwoq-6g3ya-1,ib_hw_counter,rdma_vf_rail2,rx_write_requests,4.73562e+08
2026-09-30T16:23:09.444Z,gpu-3uwoq-6g3ya-1,ib_hw_counter,rdma_vf_rail2,rx_read_requests,1.66762e+07
2026-09-30T16:23:09.444Z,gpu-3uwoq-6g3ya-1,ib_hw_counter,rdma_vf_rail2,req_cqe_error,0
2026-09-30T16:23:09.444Z,gpu-3uwoq-6g3ya-1,ib_hw_counter,rdma_vf_rail2,resp_cqe_error,0
2026-09-30T16:23:09.444Z,gpu-3uwoq-6g3ya-1,ib_hw_counter,rdma_vf_rail2,implied_nak_seq_err,0
2026-09-30T16:23:09.444Z,gpu-3uwoq-6g3ya-1,ib_hw_counter,rdma_vf_rail2,duplicate_request,0
2026-09-30T16:23:09.444Z,gpu-3uwoq-6g3ya-1,ib_counter,rdma_vf_rail3,port_xmit_data,5.45593e+12
2026-09-30T16:23:09.444Z,gpu-3uwoq-6g3ya-1,ib_counter,rdma_vf_rail3,port_rcv_data,3.49051e+12
2026-09-30T16:23:09.444Z,gpu-3uwoq-6g3ya-1,ib_counter,rdma_vf_rail3,port_xmit_packets,1.49601e+09
2026-09-30T16:23:09.444Z,gpu-3uwoq-6g3ya-1,ib_counter,rdma_vf_rail3,port_rcv_packets,1.14761e+09
2026-09-30T16:23:09.444Z,gpu-3uwoq-6g3ya-1,ib_counter,rdma_vf_rail3,port_xmit_wait,0
2026-09-30T16:23:09.444Z,gpu-3uwoq-6g3ya-1,ib_counter,rdma_vf_rail3,port_rcv_errors,0
2026-09-30T16:23:09.444Z,gpu-3uwoq-6g3ya-1,ib_counter,rdma_vf_rail3,port_xmit_discards,0
2026-09-30T16:23:09.444Z,gpu-3uwoq-6g3ya-1,ib_counter,rdma_vf_rail3,link_downed,0
2026-09-30T16:23:09.444Z,gpu-3uwoq-6g3ya-1,ib_hw_counter,rdma_vf_rail3,out_of_sequence,9
2026-09-30T16:23:09.444Z,gpu-3uwoq-6g3ya-1,ib_hw_counter,rdma_vf_rail3,packet_seq_err,8
2026-09-30T16:23:09.444Z,gpu-3uwoq-6g3ya-1,ib_hw_counter,rdma_vf_rail3,local_ack_timeout_err,0
2026-09-30T16:23:09.444Z,gpu-3uwoq-6g3ya-1,ib_hw_counter,rdma_vf_rail3,rx_write_requests,4.73562e+08
2026-09-30T16:23:09.444Z,gpu-3uwoq-6g3ya-1,ib_hw_counter,rdma_vf_rail3,rx_read_requests,1.66762e+07
2026-09-30T16:23:09.444Z,gpu-3uwoq-6g3ya-1,ib_hw_counter,rdma_vf_rail3,req_cqe_error,0
2026-09-30T16:23:09.444Z,gpu-3uwoq-6g3ya-1,ib_hw_counter,rdma_vf_rail3,resp_cqe_error,0
2026-09-30T16:23:09.444Z,gpu-3uwoq-6g3ya-1,ib_hw_counter,rdma_vf_rail3,implied_nak_seq_err,0
2026-09-30T16:23:09.444Z,gpu-3uwoq-6g3ya-1,ib_hw_counter,rdma_vf_rail3,duplicate_request,0
2026-09-30T16:23:09.444Z,gpu-3uwoq-6g3ya-1,dcgm,gpu2,gpu_util,100
2026-09-30T16:23:09.444Z,gpu-3uwoq-6g3ya-1,dcgm,gpu3,gpu_util,100
2026-09-30T16:23:09.444Z,gpu-3uwoq-6g3ya-1,dcgm,gpu0,gpu_util,100
2026-09-30T16:23:09.444Z,gpu-3uwoq-6g3ya-1,dcgm,gpu1,gpu_util,100
2026-09-30T16:23:09.444Z,gpu-3uwoq-6g3ya-1,dcgm,gpu2,nvlink_bandwidth_total,128837
2026-09-30T16:23:09.444Z,gpu-3uwoq-6g3ya-1,dcgm,gpu3,nvlink_bandwidth_total,70000
2026-09-30T16:23:09.444Z,gpu-3uwoq-6g3ya-1,dcgm,gpu0,nvlink_bandwidth_total,126125
2026-09-30T16:23:09.444Z,gpu-3uwoq-6g3ya-1,dcgm,gpu1,nvlink_bandwidth_total,126730
2026-09-30T16:23:09.444Z,gpu-3uwoq-6g3ya-1,dcgm,gpu2,power_w,488.249
2026-09-30T16:23:09.444Z,gpu-3uwoq-6g3ya-1,dcgm,gpu3,power_w,491.843
2026-09-30T16:23:09.444Z,gpu-3uwoq-6g3ya-1,dcgm,gpu0,power_w,458.453
2026-09-30T16:23:09.444Z,gpu-3uwoq-6g3ya-1,dcgm,gpu1,power_w,454.322
2026-09-30T16:23:09.444Z,gpu-3uwoq-6g3ya-1,dcgm,gpu2,sm_clock_mhz,2070
2026-09-30T16:23:09.444Z,gpu-3uwoq-6g3ya-1,dcgm,gpu3,sm_clock_mhz,2070
2026-09-30T16:23:09.444Z,gpu-3uwoq-6g3ya-1,dcgm,gpu0,sm_clock_mhz,2070
2026-09-30T16:23:09.444Z,gpu-3uwoq-6g3ya-1,dcgm,gpu1,sm_clock_mhz,2070
2026-09-30T16:23:09.444Z,gpu-3uwoq-6g3ya-1,dcgm,gpu2,dram_active,0.037669
2026-09-30T16:23:09.444Z,gpu-3uwoq-6g3ya-1,dcgm,gpu3,dram_active,0.030762
2026-09-30T16:23:09.444Z,gpu-3uwoq-6g3ya-1,dcgm,gpu0,dram_active,0.037841
2026-09-30T16:23:09.444Z,gpu-3uwoq-6g3ya-1,dcgm,gpu1,dram_active,0.040131
2026-09-30T16:23:09.444Z,gpu-3uwoq-6g3ya-1,dcgm,gpu2,pcie_rx_bytes,339903
2026-09-30T16:23:09.444Z,gpu-3uwoq-6g3ya-1,dcgm,gpu3,pcie_rx_bytes,345303
2026-09-30T16:23:09.444Z,gpu-3uwoq-6g3ya-1,dcgm,gpu0,pcie_rx_bytes,391428
2026-09-30T16:23:09.444Z,gpu-3uwoq-6g3ya-1,dcgm,gpu1,pcie_rx_bytes,404495
2026-09-30T16:23:09.444Z,gpu-3uwoq-6g3ya-1,dcgm,gpu2,pcie_tx_bytes,283339
2026-09-30T16:23:09.444Z,gpu-3uwoq-6g3ya-1,dcgm,gpu3,pcie_tx_bytes,287956
2026-09-30T16:23:09.444Z,gpu-3uwoq-6g3ya-1,dcgm,gpu0,pcie_tx_bytes,334236
2026-09-30T16:23:09.444Z,gpu-3uwoq-6g3ya-1,dcgm,gpu1,pcie_tx_bytes,347883
2026-09-30T16:23:09.444Z,gpu-3uwoq-6g3ya-1,dcgm,gpu2,tensor_active,0
2026-09-30T16:23:09.444Z,gpu-3uwoq-6g3ya-1,dcgm,gpu3,tensor_active,0
2026-09-30T16:23:09.444Z,gpu-3uwoq-6g3ya-1,dcgm,gpu0,tensor_active,0
2026-09-30T16:23:09.444Z,gpu-3uwoq-6g3ya-1,dcgm,gpu1,tensor_active,0
2026-09-30T16:23:09.444Z,gpu-3uwoq-6g3ya-1,dcgm,gpu2,sm_active,0.0165
2026-09-30T16:23:09.444Z,gpu-3uwoq-6g3ya-1,dcgm,gpu3,sm_active,0.013427
2026-09-30T16:23:09.444Z,gpu-3uwoq-6g3ya-1,dcgm,gpu0,sm_active,0.016548
2026-09-30T16:23:09.444Z,gpu-3uwoq-6g3ya-1,dcgm,gpu1,sm_active,0.017527
2026-09-30T16:23:09.444Z,gpu-3uwoq-6g3ya-1,nvlink,gpu0,nvlink_rx_bytes,2.31733e+13
2026-09-30T16:23:09.444Z,gpu-3uwoq-6g3ya-1,nvlink,gpu0,nvlink_tx_bytes,2.31869e+13
2026-09-30T16:23:09.444Z,gpu-3uwoq-6g3ya-1,nvlink,gpu1,nvlink_rx_bytes,2.40813e+13
2026-09-30T16:23:09.444Z,gpu-3uwoq-6g3ya-1,nvlink,gpu1,nvlink_tx_bytes,2.40933e+13
2026-09-30T16:23:09.444Z,gpu-3uwoq-6g3ya-1,nvlink,gpu2,nvlink_rx_bytes,2.33166e+13
2026-09-30T16:23:09.444Z,gpu-3uwoq-6g3ya-1,nvlink,gpu2,nvlink_tx_bytes,2.33351e+13
2026-09-30T16:23:09.444Z,gpu-3uwoq-6g3ya-1,nvlink,gpu3,nvlink_rx_bytes,2.32548e+13
2026-09-30T16:23:09.444Z,gpu-3uwoq-6g3ya-1,nvlink,gpu3,nvlink_tx_bytes,2.32723e+13
2026-09-30T16:23:10.444Z,gpu-3uwoq-6g3ya-1,ib_counter,rdma_vf_rail0,port_xmit_data,6.27354e+12
2026-09-30T16:23:10.444Z,gpu-3uwoq-6g3ya-1,ib_counter,rdma_vf_rail0,port_rcv_data,4.31116e+12
2026-09-30T16:23:10.444Z,gpu-3uwoq-6g3ya-1,ib_counter,rdma_vf_rail0,port_xmit_packets,1.72334e+09
2026-09-30T16:23:10.444Z,gpu-3uwoq-6g3ya-1,ib_counter,rdma_vf_rail0,port_rcv_packets,1.4035e+09
2026-09-30T16:23:10.444Z,gpu-3uwoq-6g3ya-1,ib_counter,rdma_vf_rail0,port_xmit_wait,0
2026-09-30T16:23:10.444Z,gpu-3uwoq-6g3ya-1,ib_counter,rdma_vf_rail0,port_rcv_errors,0
2026-09-30T16:23:10.444Z,gpu-3uwoq-6g3ya-1,ib_counter,rdma_vf_rail0,port_xmit_discards,0
2026-09-30T16:23:10.444Z,gpu-3uwoq-6g3ya-1,ib_counter,rdma_vf_rail0,link_downed,0
2026-09-30T16:23:10.444Z,gpu-3uwoq-6g3ya-1,ib_hw_counter,rdma_vf_rail0,out_of_sequence,8
2026-09-30T16:23:10.444Z,gpu-3uwoq-6g3ya-1,ib_hw_counter,rdma_vf_rail0,packet_seq_err,9
2026-09-30T16:23:10.444Z,gpu-3uwoq-6g3ya-1,ib_hw_counter,rdma_vf_rail0,local_ack_timeout_err,0
2026-09-30T16:23:10.444Z,gpu-3uwoq-6g3ya-1,ib_hw_counter,rdma_vf_rail0,rx_write_requests,4.85746e+08
2026-09-30T16:23:10.444Z,gpu-3uwoq-6g3ya-1,ib_hw_counter,rdma_vf_rail0,rx_read_requests,2.27639e+07
2026-09-30T16:23:10.444Z,gpu-3uwoq-6g3ya-1,ib_hw_counter,rdma_vf_rail0,req_cqe_error,0
2026-09-30T16:23:10.444Z,gpu-3uwoq-6g3ya-1,ib_hw_counter,rdma_vf_rail0,resp_cqe_error,0
2026-09-30T16:23:10.444Z,gpu-3uwoq-6g3ya-1,ib_hw_counter,rdma_vf_rail0,implied_nak_seq_err,0
2026-09-30T16:23:10.444Z,gpu-3uwoq-6g3ya-1,ib_hw_counter,rdma_vf_rail0,duplicate_request,0
2026-09-30T16:23:10.444Z,gpu-3uwoq-6g3ya-1,ib_counter,rdma_vf_rail1,port_xmit_data,5.48301e+12
2026-09-30T16:23:10.444Z,gpu-3uwoq-6g3ya-1,ib_counter,rdma_vf_rail1,port_rcv_data,3.51844e+12
2026-09-30T16:23:10.444Z,gpu-3uwoq-6g3ya-1,ib_counter,rdma_vf_rail1,port_xmit_packets,1.50928e+09
2026-09-30T16:23:10.444Z,gpu-3uwoq-6g3ya-1,ib_counter,rdma_vf_rail1,port_rcv_packets,1.16889e+09
2026-09-30T16:23:10.444Z,gpu-3uwoq-6g3ya-1,ib_counter,rdma_vf_rail1,port_xmit_wait,0
2026-09-30T16:23:10.444Z,gpu-3uwoq-6g3ya-1,ib_counter,rdma_vf_rail1,port_rcv_errors,0
2026-09-30T16:23:10.444Z,gpu-3uwoq-6g3ya-1,ib_counter,rdma_vf_rail1,port_xmit_discards,0
2026-09-30T16:23:10.444Z,gpu-3uwoq-6g3ya-1,ib_counter,rdma_vf_rail1,link_downed,0
2026-09-30T16:23:10.444Z,gpu-3uwoq-6g3ya-1,ib_hw_counter,rdma_vf_rail1,out_of_sequence,7
2026-09-30T16:23:10.444Z,gpu-3uwoq-6g3ya-1,ib_hw_counter,rdma_vf_rail1,packet_seq_err,8
2026-09-30T16:23:10.444Z,gpu-3uwoq-6g3ya-1,ib_hw_counter,rdma_vf_rail1,local_ack_timeout_err,0
2026-09-30T16:23:10.444Z,gpu-3uwoq-6g3ya-1,ib_hw_counter,rdma_vf_rail1,rx_write_requests,4.73996e+08
2026-09-30T16:23:10.444Z,gpu-3uwoq-6g3ya-1,ib_hw_counter,rdma_vf_rail1,rx_read_requests,1.68838e+07
2026-09-30T16:23:10.444Z,gpu-3uwoq-6g3ya-1,ib_hw_counter,rdma_vf_rail1,req_cqe_error,0
2026-09-30T16:23:10.444Z,gpu-3uwoq-6g3ya-1,ib_hw_counter,rdma_vf_rail1,resp_cqe_error,0
2026-09-30T16:23:10.444Z,gpu-3uwoq-6g3ya-1,ib_hw_counter,rdma_vf_rail1,implied_nak_seq_err,0
2026-09-30T16:23:10.444Z,gpu-3uwoq-6g3ya-1,ib_hw_counter,rdma_vf_rail1,duplicate_request,0
2026-09-30T16:23:10.444Z,gpu-3uwoq-6g3ya-1,ib_counter,rdma_vf_rail2,port_xmit_data,5.4557e+12
2026-09-30T16:23:10.444Z,gpu-3uwoq-6g3ya-1,ib_counter,rdma_vf_rail2,port_rcv_data,3.49072e+12
2026-09-30T16:23:10.444Z,gpu-3uwoq-6g3ya-1,ib_counter,rdma_vf_rail2,port_xmit_packets,1.49548e+09
2026-09-30T16:23:10.444Z,gpu-3uwoq-6g3ya-1,ib_counter,rdma_vf_rail2,port_rcv_packets,1.15052e+09
2026-09-30T16:23:10.444Z,gpu-3uwoq-6g3ya-1,ib_counter,rdma_vf_rail2,port_xmit_wait,0
2026-09-30T16:23:10.444Z,gpu-3uwoq-6g3ya-1,ib_counter,rdma_vf_rail2,port_rcv_errors,0
2026-09-30T16:23:10.444Z,gpu-3uwoq-6g3ya-1,ib_counter,rdma_vf_rail2,port_xmit_discards,0
2026-09-30T16:23:10.444Z,gpu-3uwoq-6g3ya-1,ib_counter,rdma_vf_rail2,link_downed,0
2026-09-30T16:23:10.444Z,gpu-3uwoq-6g3ya-1,ib_hw_counter,rdma_vf_rail2,out_of_sequence,8
2026-09-30T16:23:10.444Z,gpu-3uwoq-6g3ya-1,ib_hw_counter,rdma_vf_rail2,packet_seq_err,7
2026-09-30T16:23:10.444Z,gpu-3uwoq-6g3ya-1,ib_hw_counter,rdma_vf_rail2,local_ack_timeout_err,0
2026-09-30T16:23:10.444Z,gpu-3uwoq-6g3ya-1,ib_hw_counter,rdma_vf_rail2,rx_write_requests,4.73562e+08
2026-09-30T16:23:10.444Z,gpu-3uwoq-6g3ya-1,ib_hw_counter,rdma_vf_rail2,rx_read_requests,1.66762e+07
2026-09-30T16:23:10.444Z,gpu-3uwoq-6g3ya-1,ib_hw_counter,rdma_vf_rail2,req_cqe_error,0
2026-09-30T16:23:10.444Z,gpu-3uwoq-6g3ya-1,ib_hw_counter,rdma_vf_rail2,resp_cqe_error,0
2026-09-30T16:23:10.444Z,gpu-3uwoq-6g3ya-1,ib_hw_counter,rdma_vf_rail2,implied_nak_seq_err,0
2026-09-30T16:23:10.444Z,gpu-3uwoq-6g3ya-1,ib_hw_counter,rdma_vf_rail2,duplicate_request,0
2026-09-30T16:23:10.444Z,gpu-3uwoq-6g3ya-1,ib_counter,rdma_vf_rail3,port_xmit_data,5.45593e+12
2026-09-30T16:23:10.444Z,gpu-3uwoq-6g3ya-1,ib_counter,rdma_vf_rail3,port_rcv_data,3.49051e+12
2026-09-30T16:23:10.444Z,gpu-3uwoq-6g3ya-1,ib_counter,rdma_vf_rail3,port_xmit_packets,1.49601e+09
2026-09-30T16:23:10.444Z,gpu-3uwoq-6g3ya-1,ib_counter,rdma_vf_rail3,port_rcv_packets,1.14761e+09
2026-09-30T16:23:10.444Z,gpu-3uwoq-6g3ya-1,ib_counter,rdma_vf_rail3,port_xmit_wait,0
2026-09-30T16:23:10.444Z,gpu-3uwoq-6g3ya-1,ib_counter,rdma_vf_rail3,port_rcv_errors,0
2026-09-30T16:23:10.444Z,gpu-3uwoq-6g3ya-1,ib_counter,rdma_vf_rail3,port_xmit_discards,0
2026-09-30T16:23:10.444Z,gpu-3uwoq-6g3ya-1,ib_counter,rdma_vf_rail3,link_downed,0
2026-09-30T16:23:10.444Z,gpu-3uwoq-6g3ya-1,ib_hw_counter,rdma_vf_rail3,out_of_sequence,9
2026-09-30T16:23:10.444Z,gpu-3uwoq-6g3ya-1,ib_hw_counter,rdma_vf_rail3,packet_seq_err,8
2026-09-30T16:23:10.444Z,gpu-3uwoq-6g3ya-1,ib_hw_counter,rdma_vf_rail3,local_ack_timeout_err,0
2026-09-30T16:23:10.444Z,gpu-3uwoq-6g3ya-1,ib_hw_counter,rdma_vf_rail3,rx_write_requests,4.73562e+08
2026-09-30T16:23:10.444Z,gpu-3uwoq-6g3ya-1,ib_hw_counter,rdma_vf_rail3,rx_read_requests,1.66762e+07
2026-09-30T16:23:10.444Z,gpu-3uwoq-6g3ya-1,ib_hw_counter,rdma_vf_rail3,req_cqe_error,0
2026-09-30T16:23:10.444Z,gpu-3uwoq-6g3ya-1,ib_hw_counter,rdma_vf_rail3,resp_cqe_error,0
2026-09-30T16:23:10.444Z,gpu-3uwoq-6g3ya-1,ib_hw_counter,rdma_vf_rail3,implied_nak_seq_err,0
2026-09-30T16:23:10.444Z,gpu-3uwoq-6g3ya-1,ib_hw_counter,rdma_vf_rail3,duplicate_request,0
2026-09-30T16:23:10.444Z,gpu-3uwoq-6g3ya-1,dcgm,gpu2,gpu_util,100
2026-09-30T16:23:10.444Z,gpu-3uwoq-6g3ya-1,dcgm,gpu3,gpu_util,100
2026-09-30T16:23:10.444Z,gpu-3uwoq-6g3ya-1,dcgm,gpu0,gpu_util,100
2026-09-30T16:23:10.444Z,gpu-3uwoq-6g3ya-1,dcgm,gpu1,gpu_util,100
2026-09-30T16:23:10.444Z,gpu-3uwoq-6g3ya-1,dcgm,gpu2,nvlink_bandwidth_total,128837
2026-09-30T16:23:10.444Z,gpu-3uwoq-6g3ya-1,dcgm,gpu3,nvlink_bandwidth_total,70000
2026-09-30T16:23:10.444Z,gpu-3uwoq-6g3ya-1,dcgm,gpu0,nvlink_bandwidth_total,126125
2026-09-30T16:23:10.444Z,gpu-3uwoq-6g3ya-1,dcgm,gpu1,nvlink_bandwidth_total,126730
2026-09-30T16:23:10.444Z,gpu-3uwoq-6g3ya-1,dcgm,gpu2,power_w,488.249
2026-09-30T16:23:10.444Z,gpu-3uwoq-6g3ya-1,dcgm,gpu3,power_w,491.843
2026-09-30T16:23:10.444Z,gpu-3uwoq-6g3ya-1,dcgm,gpu0,power_w,458.453
2026-09-30T16:23:10.444Z,gpu-3uwoq-6g3ya-1,dcgm,gpu1,power_w,454.322
2026-09-30T16:23:10.444Z,gpu-3uwoq-6g3ya-1,dcgm,gpu2,sm_clock_mhz,2070
2026-09-30T16:23:10.444Z,gpu-3uwoq-6g3ya-1,dcgm,gpu3,sm_clock_mhz,2070
2026-09-30T16:23:10.444Z,gpu-3uwoq-6g3ya-1,dcgm,gpu0,sm_clock_mhz,2070
2026-09-30T16:23:10.444Z,gpu-3uwoq-6g3ya-1,dcgm,gpu1,sm_clock_mhz,2070
2026-09-30T16:23:10.444Z,gpu-3uwoq-6g3ya-1,dcgm,gpu2,dram_active,0.037669
2026-09-30T16:23:10.444Z,gpu-3uwoq-6g3ya-1,dcgm,gpu3,dram_active,0.030762
2026-09-30T16:23:10.444Z,gpu-3uwoq-6g3ya-1,dcgm,gpu0,dram_active,0.037841
2026-09-30T16:23:10.444Z,gpu-3uwoq-6g3ya-1,dcgm,gpu1,dram_active,0.040131
2026-09-30T16:23:10.444Z,gpu-3uwoq-6g3ya-1,dcgm,gpu2,pcie_rx_bytes,339903
2026-09-30T16:23:10.444Z,gpu-3uwoq-6g3ya-1,dcgm,gpu3,pcie_rx_bytes,345303
2026-09-30T16:23:10.444Z,gpu-3uwoq-6g3ya-1,dcgm,gpu0,pcie_rx_bytes,391428
2026-09-30T16:23:10.444Z,gpu-3uwoq-6g3ya-1,dcgm,gpu1,pcie_rx_bytes,404495
2026-09-30T16:23:10.444Z,gpu-3uwoq-6g3ya-1,dcgm,gpu2,pcie_tx_bytes,283339
2026-09-30T16:23:10.444Z,gpu-3uwoq-6g3ya-1,dcgm,gpu3,pcie_tx_bytes,287956
2026-09-30T16:23:10.444Z,gpu-3uwoq-6g3ya-1,dcgm,gpu0,pcie_tx_bytes,334236
2026-09-30T16:23:10.444Z,gpu-3uwoq-6g3ya-1,dcgm,gpu1,pcie_tx_bytes,347883
2026-09-30T16:23:10.444Z,gpu-3uwoq-6g3ya-1,dcgm,gpu2,tensor_active,0
2026-09-30T16:23:10.444Z,gpu-3uwoq-6g3ya-1,dcgm,gpu3,tensor_active,0
2026-09-30T16:23:10.444Z,gpu-3uwoq-6g3ya-1,dcgm,gpu0,tensor_active,0
2026-09-30T16:23:10.444Z,gpu-3uwoq-6g3ya-1,dcgm,gpu1,tensor_active,0
2026-09-30T16:23:10.444Z,gpu-3uwoq-6g3ya-1,dcgm,gpu2,sm_active,0.0165
2026-09-30T16:23:10.444Z,gpu-3uwoq-6g3ya-1,dcgm,gpu3,sm_active,0.013427
2026-09-30T16:23:10.444Z,gpu-3uwoq-6g3ya-1,dcgm,gpu0,sm_active,0.016548
2026-09-30T16:23:10.444Z,gpu-3uwoq-6g3ya-1,dcgm,gpu1,sm_active,0.017527
2026-09-30T16:23:10.444Z,gpu-3uwoq-6g3ya-1,nvlink,gpu0,nvlink_rx_bytes,2.31733e+13
2026-09-30T16:23:10.444Z,gpu-3uwoq-6g3ya-1,nvlink,gpu0,nvlink_tx_bytes,2.31869e+13
2026-09-30T16:23:10.444Z,gpu-3uwoq-6g3ya-1,nvlink,gpu1,nvlink_rx_bytes,2.40813e+13
2026-09-30T16:23:10.444Z,gpu-3uwoq-6g3ya-1,nvlink,gpu1,nvlink_tx_bytes,2.40933e+13
2026-09-30T16:23:10.444Z,gpu-3uwoq-6g3ya-1,nvlink,gpu2,nvlink_rx_bytes,2.33166e+13
2026-09-30T16:23:10.444Z,gpu-3uwoq-6g3ya-1,nvlink,gpu2,nvlink_tx_bytes,2.33351e+13
2026-09-30T16:23:10.444Z,gpu-3uwoq-6g3ya-1,nvlink,gpu3,nvlink_rx_bytes,2.32548e+13
2026-09-30T16:23:10.444Z,gpu-3uwoq-6g3ya-1,nvlink,gpu3,nvlink_tx_bytes,2.32723e+13
2026-09-30T16:23:11.444Z,gpu-3uwoq-6g3ya-1,ib_counter,rdma_vf_rail0,port_xmit_data,6.27354e+12
2026-09-30T16:23:11.444Z,gpu-3uwoq-6g3ya-1,ib_counter,rdma_vf_rail0,port_rcv_data,4.31116e+12
2026-09-30T16:23:11.444Z,gpu-3uwoq-6g3ya-1,ib_counter,rdma_vf_rail0,port_xmit_packets,1.72334e+09
2026-09-30T16:23:11.444Z,gpu-3uwoq-6g3ya-1,ib_counter,rdma_vf_rail0,port_rcv_packets,1.4035e+09
2026-09-30T16:23:11.444Z,gpu-3uwoq-6g3ya-1,ib_counter,rdma_vf_rail0,port_xmit_wait,0
2026-09-30T16:23:11.444Z,gpu-3uwoq-6g3ya-1,ib_counter,rdma_vf_rail0,port_rcv_errors,0
2026-09-30T16:23:11.444Z,gpu-3uwoq-6g3ya-1,ib_counter,rdma_vf_rail0,port_xmit_discards,0
2026-09-30T16:23:11.444Z,gpu-3uwoq-6g3ya-1,ib_counter,rdma_vf_rail0,link_downed,0
2026-09-30T16:23:11.444Z,gpu-3uwoq-6g3ya-1,ib_hw_counter,rdma_vf_rail0,out_of_sequence,8
2026-09-30T16:23:11.444Z,gpu-3uwoq-6g3ya-1,ib_hw_counter,rdma_vf_rail0,packet_seq_err,9
2026-09-30T16:23:11.444Z,gpu-3uwoq-6g3ya-1,ib_hw_counter,rdma_vf_rail0,local_ack_timeout_err,0
2026-09-30T16:23:11.444Z,gpu-3uwoq-6g3ya-1,ib_hw_counter,rdma_vf_rail0,rx_write_requests,4.85746e+08
2026-09-30T16:23:11.444Z,gpu-3uwoq-6g3ya-1,ib_hw_counter,rdma_vf_rail0,rx_read_requests,2.27639e+07
2026-09-30T16:23:11.444Z,gpu-3uwoq-6g3ya-1,ib_hw_counter,rdma_vf_rail0,req_cqe_error,0
2026-09-30T16:23:11.444Z,gpu-3uwoq-6g3ya-1,ib_hw_counter,rdma_vf_rail0,resp_cqe_error,0
2026-09-30T16:23:11.444Z,gpu-3uwoq-6g3ya-1,ib_hw_counter,rdma_vf_rail0,implied_nak_seq_err,0
2026-09-30T16:23:11.444Z,gpu-3uwoq-6g3ya-1,ib_hw_counter,rdma_vf_rail0,duplicate_request,0
2026-09-30T16:23:11.444Z,gpu-3uwoq-6g3ya-1,ib_counter,rdma_vf_rail1,port_xmit_data,5.48301e+12
2026-09-30T16:23:11.444Z,gpu-3uwoq-6g3ya-1,ib_counter,rdma_vf_rail1,port_rcv_data,3.51844e+12
2026-09-30T16:23:11.444Z,gpu-3uwoq-6g3ya-1,ib_counter,rdma_vf_rail1,port_xmit_packets,1.50928e+09
2026-09-30T16:23:11.444Z,gpu-3uwoq-6g3ya-1,ib_counter,rdma_vf_rail1,port_rcv_packets,1.16889e+09
2026-09-30T16:23:11.444Z,gpu-3uwoq-6g3ya-1,ib_counter,rdma_vf_rail1,port_xmit_wait,0
2026-09-30T16:23:11.444Z,gpu-3uwoq-6g3ya-1,ib_counter,rdma_vf_rail1,port_rcv_errors,0
2026-09-30T16:23:11.444Z,gpu-3uwoq-6g3ya-1,ib_counter,rdma_vf_rail1,port_xmit_discards,0
2026-09-30T16:23:11.444Z,gpu-3uwoq-6g3ya-1,ib_counter,rdma_vf_rail1,link_downed,0
2026-09-30T16:23:11.444Z,gpu-3uwoq-6g3ya-1,ib_hw_counter,rdma_vf_rail1,out_of_sequence,7
2026-09-30T16:23:11.444Z,gpu-3uwoq-6g3ya-1,ib_hw_counter,rdma_vf_rail1,packet_seq_err,8
2026-09-30T16:23:11.444Z,gpu-3uwoq-6g3ya-1,ib_hw_counter,rdma_vf_rail1,local_ack_timeout_err,0
2026-09-30T16:23:11.444Z,gpu-3uwoq-6g3ya-1,ib_hw_counter,rdma_vf_rail1,rx_write_requests,4.73996e+08
2026-09-30T16:23:11.444Z,gpu-3uwoq-6g3ya-1,ib_hw_counter,rdma_vf_rail1,rx_read_requests,1.68838e+07
2026-09-30T16:23:11.444Z,gpu-3uwoq-6g3ya-1,ib_hw_counter,rdma_vf_rail1,req_cqe_error,0
2026-09-30T16:23:11.444Z,gpu-3uwoq-6g3ya-1,ib_hw_counter,rdma_vf_rail1,resp_cqe_error,0
2026-09-30T16:23:11.444Z,gpu-3uwoq-6g3ya-1,ib_hw_counter,rdma_vf_rail1,implied_nak_seq_err,0
2026-09-30T16:23:11.444Z,gpu-3uwoq-6g3ya-1,ib_hw_counter,rdma_vf_rail1,duplicate_request,0
2026-09-30T16:23:11.444Z,gpu-3uwoq-6g3ya-1,ib_counter,rdma_vf_rail2,port_xmit_data,5.4557e+12
2026-09-30T16:23:11.444Z,gpu-3uwoq-6g3ya-1,ib_counter,rdma_vf_rail2,port_rcv_data,3.49072e+12
2026-09-30T16:23:11.444Z,gpu-3uwoq-6g3ya-1,ib_counter,rdma_vf_rail2,port_xmit_packets,1.49548e+09
2026-09-30T16:23:11.444Z,gpu-3uwoq-6g3ya-1,ib_counter,rdma_vf_rail2,port_rcv_packets,1.15052e+09
2026-09-30T16:23:11.444Z,gpu-3uwoq-6g3ya-1,ib_counter,rdma_vf_rail2,port_xmit_wait,0
2026-09-30T16:23:11.444Z,gpu-3uwoq-6g3ya-1,ib_counter,rdma_vf_rail2,port_rcv_errors,0
2026-09-30T16:23:11.444Z,gpu-3uwoq-6g3ya-1,ib_counter,rdma_vf_rail2,port_xmit_discards,0
2026-09-30T16:23:11.444Z,gpu-3uwoq-6g3ya-1,ib_counter,rdma_vf_rail2,link_downed,0
2026-09-30T16:23:11.444Z,gpu-3uwoq-6g3ya-1,ib_hw_counter,rdma_vf_rail2,out_of_sequence,8
2026-09-30T16:23:11.444Z,gpu-3uwoq-6g3ya-1,ib_hw_counter,rdma_vf_rail2,packet_seq_err,7
2026-09-30T16:23:11.444Z,gpu-3uwoq-6g3ya-1,ib_hw_counter,rdma_vf_rail2,local_ack_timeout_err,0
2026-09-30T16:23:11.444Z,gpu-3uwoq-6g3ya-1,ib_hw_counter,rdma_vf_rail2,rx_write_requests,4.73562e+08
2026-09-30T16:23:11.444Z,gpu-3uwoq-6g3ya-1,ib_hw_counter,rdma_vf_rail2,rx_read_requests,1.66762e+07
2026-09-30T16:23:11.444Z,gpu-3uwoq-6g3ya-1,ib_hw_counter,rdma_vf_rail2,req_cqe_error,0
2026-09-30T16:23:11.444Z,gpu-3uwoq-6g3ya-1,ib_hw_counter,rdma_vf_rail2,resp_cqe_error,0
2026-09-30T16:23:11.444Z,gpu-3uwoq-6g3ya-1,ib_hw_counter,rdma_vf_rail2,implied_nak_seq_err,0
2026-09-30T16:23:11.444Z,gpu-3uwoq-6g3ya-1,ib_hw_counter,rdma_vf_rail2,duplicate_request,0
2026-09-30T16:23:11.444Z,gpu-3uwoq-6g3ya-1,ib_counter,rdma_vf_rail3,port_xmit_data,5.45593e+12
2026-09-30T16:23:11.444Z,gpu-3uwoq-6g3ya-1,ib_counter,rdma_vf_rail3,port_rcv_data,3.49051e+12
2026-09-30T16:23:11.444Z,gpu-3uwoq-6g3ya-1,ib_counter,rdma_vf_rail3,port_xmit_packets,1.49601e+09
2026-09-30T16:23:11.444Z,gpu-3uwoq-6g3ya-1,ib_counter,rdma_vf_rail3,port_rcv_packets,1.14761e+09
2026-09-30T16:23:11.444Z,gpu-3uwoq-6g3ya-1,ib_counter,rdma_vf_rail3,port_xmit_wait,0
2026-09-30T16:23:11.444Z,gpu-3uwoq-6g3ya-1,ib_counter,rdma_vf_rail3,port_rcv_errors,0
2026-09-30T16:23:11.444Z,gpu-3uwoq-6g3ya-1,ib_counter,rdma_vf_rail3,port_xmit_discards,0
2026-09-30T16:23:11.444Z,gpu-3uwoq-6g3ya-1,ib_counter,rdma_vf_rail3,link_downed,0
2026-09-30T16:23:11.444Z,gpu-3uwoq-6g3ya-1,ib_hw_counter,rdma_vf_rail3,out_of_sequence,9
2026-09-30T16:23:11.444Z,gpu-3uwoq-6g3ya-1,ib_hw_counter,rdma_vf_rail3,packet_seq_err,8
2026-09-30T16:23:11.444Z,gpu-3uwoq-6g3ya-1,ib_hw_counter,rdma_vf_rail3,local_ack_timeout_err,0
2026-09-30T16:23:11.444Z,gpu-3uwoq-6g3ya-1,ib_hw_counter,rdma_vf_rail3,rx_write_requests,4.73562e+08
2026-09-30T16:23:11.444Z,gpu-3uwoq-6g3ya-1,ib_hw_counter,rdma_vf_rail3,rx_read_requests,1.66762e+07
2026-09-30T16:23:11.444Z,gpu-3uwoq-6g3ya-1,ib_hw_counter,rdma_vf_rail3,req_cqe_error,0
2026-09-30T16:23:11.444Z,gpu-3uwoq-6g3ya-1,ib_hw_counter,rdma_vf_rail3,resp_cqe_error,0
2026-09-30T16:23:11.444Z,gpu-3uwoq-6g3ya-1,ib_hw_counter,rdma_vf_rail3,implied_nak_seq_err,0
2026-09-30T16:23:11.444Z,gpu-3uwoq-6g3ya-1,ib_hw_counter,rdma_vf_rail3,duplicate_request,0
2026-09-30T16:23:11.444Z,gpu-3uwoq-6g3ya-1,dcgm,gpu2,gpu_util,100
2026-09-30T16:23:11.444Z,gpu-3uwoq-6g3ya-1,dcgm,gpu3,gpu_util,100
2026-09-30T16:23:11.444Z,gpu-3uwoq-6g3ya-1,dcgm,gpu0,gpu_util,100
2026-09-30T16:23:11.444Z,gpu-3uwoq-6g3ya-1,dcgm,gpu1,gpu_util,100
2026-09-30T16:23:11.444Z,gpu-3uwoq-6g3ya-1,dcgm,gpu2,nvlink_bandwidth_total,128837
2026-09-30T16:23:11.444Z,gpu-3uwoq-6g3ya-1,dcgm,gpu3,nvlink_bandwidth_total,70000
2026-09-30T16:23:11.444Z,gpu-3uwoq-6g3ya-1,dcgm,gpu0,nvlink_bandwidth_total,126125
2026-09-30T16:23:11.444Z,gpu-3uwoq-6g3ya-1,dcgm,gpu1,nvlink_bandwidth_total,126730
2026-09-30T16:23:11.444Z,gpu-3uwoq-6g3ya-1,dcgm,gpu2,power_w,488.249
2026-09-30T16:23:11.444Z,gpu-3uwoq-6g3ya-1,dcgm,gpu3,power_w,491.843
2026-09-30T16:23:11.444Z,gpu-3uwoq-6g3ya-1,dcgm,gpu0,power_w,458.453
2026-09-30T16:23:11.444Z,gpu-3uwoq-6g3ya-1,dcgm,gpu1,power_w,454.322
2026-09-30T16:23:11.444Z,gpu-3uwoq-6g3ya-1,dcgm,gpu2,sm_clock_mhz,2070
2026-09-30T16:23:11.444Z,gpu-3uwoq-6g3ya-1,dcgm,gpu3,sm_clock_mhz,2070
2026-09-30T16:23:11.444Z,gpu-3uwoq-6g3ya-1,dcgm,gpu0,sm_clock_mhz,2070
2026-09-30T16:23:11.444Z,gpu-3uwoq-6g3ya-1,dcgm,gpu1,sm_clock_mhz,2070
2026-09-30T16:23:11.444Z,gpu-3uwoq-6g3ya-1,dcgm,gpu2,dram_active,0.037669
2026-09-30T16:23:11.444Z,gpu-3uwoq-6g3ya-1,dcgm,gpu3,dram_active,0.030762
2026-09-30T16:23:11.444Z,gpu-3uwoq-6g3ya-1,dcgm,gpu0,dram_active,0.037841
2026-09-30T16:23:11.444Z,gpu-3uwoq-6g3ya-1,dcgm,gpu1,dram_active,0.040131
2026-09-30T16:23:11.444Z,gpu-3uwoq-6g3ya-1,dcgm,gpu2,pcie_rx_bytes,339903
2026-09-30T16:23:11.444Z,gpu-3uwoq-6g3ya-1,dcgm,gpu3,pcie_rx_bytes,345303
2026-09-30T16:23:11.444Z,gpu-3uwoq-6g3ya-1,dcgm,gpu0,pcie_rx_bytes,391428
2026-09-30T16:23:11.444Z,gpu-3uwoq-6g3ya-1,dcgm,gpu1,pcie_rx_bytes,404495
2026-09-30T16:23:11.444Z,gpu-3uwoq-6g3ya-1,dcgm,gpu2,pcie_tx_bytes,283339
2026-09-30T16:23:11.444Z,gpu-3uwoq-6g3ya-1,dcgm,gpu3,pcie_tx_bytes,287956
2026-09-30T16:23:11.444Z,gpu-3uwoq-6g3ya-1,dcgm,gpu0,pcie_tx_bytes,334236
2026-09-30T16:23:11.444Z,gpu-3uwoq-6g3ya-1,dcgm,gpu1,pcie_tx_bytes,347883
2026-09-30T16:23:11.444Z,gpu-3uwoq-6g3ya-1,dcgm,gpu2,tensor_active,0
2026-09-30T16:23:11.444Z,gpu-3uwoq-6g3ya-1,dcgm,gpu3,tensor_active,0
2026-09-30T16:23:11.444Z,gpu-3uwoq-6g3ya-1,dcgm,gpu0,tensor_active,0
2026-09-30T16:23:11.444Z,gpu-3uwoq-6g3ya-1,dcgm,gpu1,tensor_active,0
2026-09-30T16:23:11.444Z,gpu-3uwoq-6g3ya-1,dcgm,gpu2,sm_active,0.0165
2026-09-30T16:23:11.444Z,gpu-3uwoq-6g3ya-1,dcgm,gpu3,sm_active,0.013427
2026-09-30T16:23:11.444Z,gpu-3uwoq-6g3ya-1,dcgm,gpu0,sm_active,0.016548
2026-09-30T16:23:11.444Z,gpu-3uwoq-6g3ya-1,dcgm,gpu1,sm_active,0.017527
2026-09-30T16:23:11.444Z,gpu-3uwoq-6g3ya-1,nvlink,gpu0,nvlink_rx_bytes,2.31733e+13
2026-09-30T16:23:11.444Z,gpu-3uwoq-6g3ya-1,nvlink,gpu0,nvlink_tx_bytes,2.31869e+13
2026-09-30T16:23:11.444Z,gpu-3uwoq-6g3ya-1,nvlink,gpu1,nvlink_rx_bytes,2.40813e+13
2026-09-30T16:23:11.444Z,gpu-3uwoq-6g3ya-1,nvlink,gpu1,nvlink_tx_bytes,2.40933e+13
2026-09-30T16:23:11.444Z,gpu-3uwoq-6g3ya-1,nvlink,gpu2,nvlink_rx_bytes,2.33166e+13
2026-09-30T16:23:11.444Z,gpu-3uwoq-6g3ya-1,nvlink,gpu2,nvlink_tx_bytes,2.33351e+13
2026-09-30T16:23:11.444Z,gpu-3uwoq-6g3ya-1,nvlink,gpu3,nvlink_rx_bytes,2.32548e+13
2026-09-30T16:23:11.444Z,gpu-3uwoq-6g3ya-1,nvlink,gpu3,nvlink_tx_bytes,2.32723e+13
2026-09-30T16:23:12.444Z,gpu-3uwoq-6g3ya-1,ib_counter,rdma_vf_rail0,port_xmit_data,6.27354e+12
2026-09-30T16:23:12.444Z,gpu-3uwoq-6g3ya-1,ib_counter,rdma_vf_rail0,port_rcv_data,4.31116e+12
2026-09-30T16:23:12.444Z,gpu-3uwoq-6g3ya-1,ib_counter,rdma_vf_rail0,port_xmit_packets,1.72334e+09
2026-09-30T16:23:12.444Z,gpu-3uwoq-6g3ya-1,ib_counter,rdma_vf_rail0,port_rcv_packets,1.4035e+09
2026-09-30T16:23:12.444Z,gpu-3uwoq-6g3ya-1,ib_counter,rdma_vf_rail0,port_xmit_wait,0
2026-09-30T16:23:12.444Z,gpu-3uwoq-6g3ya-1,ib_counter,rdma_vf_rail0,port_rcv_errors,0
2026-09-30T16:23:12.444Z,gpu-3uwoq-6g3ya-1,ib_counter,rdma_vf_rail0,port_xmit_discards,0
2026-09-30T16:23:12.444Z,gpu-3uwoq-6g3ya-1,ib_counter,rdma_vf_rail0,link_downed,0
2026-09-30T16:23:12.444Z,gpu-3uwoq-6g3ya-1,ib_hw_counter,rdma_vf_rail0,out_of_sequence,8
2026-09-30T16:23:12.444Z,gpu-3uwoq-6g3ya-1,ib_hw_counter,rdma_vf_rail0,packet_seq_err,9
2026-09-30T16:23:12.444Z,gpu-3uwoq-6g3ya-1,ib_hw_counter,rdma_vf_rail0,local_ack_timeout_err,0
2026-09-30T16:23:12.444Z,gpu-3uwoq-6g3ya-1,ib_hw_counter,rdma_vf_rail0,rx_write_requests,4.85746e+08
2026-09-30T16:23:12.444Z,gpu-3uwoq-6g3ya-1,ib_hw_counter,rdma_vf_rail0,rx_read_requests,2.27639e+07
2026-09-30T16:23:12.444Z,gpu-3uwoq-6g3ya-1,ib_hw_counter,rdma_vf_rail0,req_cqe_error,0
2026-09-30T16:23:12.444Z,gpu-3uwoq-6g3ya-1,ib_hw_counter,rdma_vf_rail0,resp_cqe_error,0
2026-09-30T16:23:12.444Z,gpu-3uwoq-6g3ya-1,ib_hw_counter,rdma_vf_rail0,implied_nak_seq_err,0
2026-09-30T16:23:12.444Z,gpu-3uwoq-6g3ya-1,ib_hw_counter,rdma_vf_rail0,duplicate_request,0
2026-09-30T16:23:12.444Z,gpu-3uwoq-6g3ya-1,ib_counter,rdma_vf_rail1,port_xmit_data,5.48301e+12
2026-09-30T16:23:12.444Z,gpu-3uwoq-6g3ya-1,ib_counter,rdma_vf_rail1,port_rcv_data,3.51844e+12
2026-09-30T16:23:12.444Z,gpu-3uwoq-6g3ya-1,ib_counter,rdma_vf_rail1,port_xmit_packets,1.50928e+09
2026-09-30T16:23:12.444Z,gpu-3uwoq-6g3ya-1,ib_counter,rdma_vf_rail1,port_rcv_packets,1.16889e+09
2026-09-30T16:23:12.444Z,gpu-3uwoq-6g3ya-1,ib_counter,rdma_vf_rail1,port_xmit_wait,0
2026-09-30T16:23:12.444Z,gpu-3uwoq-6g3ya-1,ib_counter,rdma_vf_rail1,port_rcv_errors,0
2026-09-30T16:23:12.444Z,gpu-3uwoq-6g3ya-1,ib_counter,rdma_vf_rail1,port_xmit_discards,0
2026-09-30T16:23:12.444Z,gpu-3uwoq-6g3ya-1,ib_counter,rdma_vf_rail1,link_downed,0
2026-09-30T16:23:12.444Z,gpu-3uwoq-6g3ya-1,ib_hw_counter,rdma_vf_rail1,out_of_sequence,7
2026-09-30T16:23:12.444Z,gpu-3uwoq-6g3ya-1,ib_hw_counter,rdma_vf_rail1,packet_seq_err,8
2026-09-30T16:23:12.444Z,gpu-3uwoq-6g3ya-1,ib_hw_counter,rdma_vf_rail1,local_ack_timeout_err,0
2026-09-30T16:23:12.444Z,gpu-3uwoq-6g3ya-1,ib_hw_counter,rdma_vf_rail1,rx_write_requests,4.73996e+08
2026-09-30T16:23:12.444Z,gpu-3uwoq-6g3ya-1,ib_hw_counter,rdma_vf_rail1,rx_read_requests,1.68838e+07
2026-09-30T16:23:12.444Z,gpu-3uwoq-6g3ya-1,ib_hw_counter,rdma_vf_rail1,req_cqe_error,0
2026-09-30T16:23:12.444Z,gpu-3uwoq-6g3ya-1,ib_hw_counter,rdma_vf_rail1,resp_cqe_error,0
2026-09-30T16:23:12.444Z,gpu-3uwoq-6g3ya-1,ib_hw_counter,rdma_vf_rail1,implied_nak_seq_err,0
2026-09-30T16:23:12.444Z,gpu-3uwoq-6g3ya-1,ib_hw_counter,rdma_vf_rail1,duplicate_request,0
2026-09-30T16:23:12.444Z,gpu-3uwoq-6g3ya-1,ib_counter,rdma_vf_rail2,port_xmit_data,5.4557e+12
2026-09-30T16:23:12.444Z,gpu-3uwoq-6g3ya-1,ib_counter,rdma_vf_rail2,port_rcv_data,3.49072e+12
2026-09-30T16:23:12.444Z,gpu-3uwoq-6g3ya-1,ib_counter,rdma_vf_rail2,port_xmit_packets,1.49548e+09
2026-09-30T16:23:12.444Z,gpu-3uwoq-6g3ya-1,ib_counter,rdma_vf_rail2,port_rcv_packets,1.15052e+09
2026-09-30T16:23:12.444Z,gpu-3uwoq-6g3ya-1,ib_counter,rdma_vf_rail2,port_xmit_wait,0
2026-09-30T16:23:12.444Z,gpu-3uwoq-6g3ya-1,ib_counter,rdma_vf_rail2,port_rcv_errors,0
2026-09-30T16:23:12.444Z,gpu-3uwoq-6g3ya-1,ib_counter,rdma_vf_rail2,port_xmit_discards,0
2026-09-30T16:23:12.444Z,gpu-3uwoq-6g3ya-1,ib_counter,rdma_vf_rail2,link_downed,0
2026-09-30T16:23:12.444Z,gpu-3uwoq-6g3ya-1,ib_hw_counter,rdma_vf_rail2,out_of_sequence,8
2026-09-30T16:23:12.444Z,gpu-3uwoq-6g3ya-1,ib_hw_counter,rdma_vf_rail2,packet_seq_err,7
2026-09-30T16:23:12.444Z,gpu-3uwoq-6g3ya-1,ib_hw_counter,rdma_vf_rail2,local_ack_timeout_err,0
2026-09-30T16:23:12.444Z,gpu-3uwoq-6g3ya-1,ib_hw_counter,rdma_vf_rail2,rx_write_requests,4.73562e+08
2026-09-30T16:23:12.444Z,gpu-3uwoq-6g3ya-1,ib_hw_counter,rdma_vf_rail2,rx_read_requests,1.66762e+07
2026-09-30T16:23:12.444Z,gpu-3uwoq-6g3ya-1,ib_hw_counter,rdma_vf_rail2,req_cqe_error,0
2026-09-30T16:23:12.444Z,gpu-3uwoq-6g3ya-1,ib_hw_counter,rdma_vf_rail2,resp_cqe_error,0
2026-09-30T16:23:12.444Z,gpu-3uwoq-6g3ya-1,ib_hw_counter,rdma_vf_rail2,implied_nak_seq_err,0
2026-09-30T16:23:12.444Z,gpu-3uwoq-6g3ya-1,ib_hw_counter,rdma_vf_rail2,duplicate_request,0
2026-09-30T16:23:12.444Z,gpu-3uwoq-6g3ya-1,ib_counter,rdma_vf_rail3,port_xmit_data,5.45593e+12
2026-09-30T16:23:12.444Z,gpu-3uwoq-6g3ya-1,ib_counter,rdma_vf_rail3,port_rcv_data,3.49051e+12
2026-09-30T16:23:12.444Z,gpu-3uwoq-6g3ya-1,ib_counter,rdma_vf_rail3,port_xmit_packets,1.49601e+09
2026-09-30T16:23:12.444Z,gpu-3uwoq-6g3ya-1,ib_counter,rdma_vf_rail3,port_rcv_packets,1.14761e+09
2026-09-30T16:23:12.444Z,gpu-3uwoq-6g3ya-1,ib_counter,rdma_vf_rail3,port_xmit_wait,0
2026-09-30T16:23:12.444Z,gpu-3uwoq-6g3ya-1,ib_counter,rdma_vf_rail3,port_rcv_errors,0
2026-09-30T16:23:12.444Z,gpu-3uwoq-6g3ya-1,ib_counter,rdma_vf_rail3,port_xmit_discards,0
2026-09-30T16:23:12.444Z,gpu-3uwoq-6g3ya-1,ib_counter,rdma_vf_rail3,link_downed,0
2026-09-30T16:23:12.444Z,gpu-3uwoq-6g3ya-1,ib_hw_counter,rdma_vf_rail3,out_of_sequence,9
2026-09-30T16:23:12.444Z,gpu-3uwoq-6g3ya-1,ib_hw_counter,rdma_vf_rail3,packet_seq_err,8
2026-09-30T16:23:12.444Z,gpu-3uwoq-6g3ya-1,ib_hw_counter,rdma_vf_rail3,local_ack_timeout_err,0
2026-09-30T16:23:12.444Z,gpu-3uwoq-6g3ya-1,ib_hw_counter,rdma_vf_rail3,rx_write_requests,4.73562e+08
2026-09-30T16:23:12.444Z,gpu-3uwoq-6g3ya-1,ib_hw_counter,rdma_vf_rail3,rx_read_requests,1.66762e+07
2026-09-30T16:23:12.444Z,gpu-3uwoq-6g3ya-1,ib_hw_counter,rdma_vf_rail3,req_cqe_error,0
2026-09-30T16:23:12.444Z,gpu-3uwoq-6g3ya-1,ib_hw_counter,rdma_vf_rail3,resp_cqe_error,0
2026-09-30T16:23:12.444Z,gpu-3uwoq-6g3ya-1,ib_hw_counter,rdma_vf_rail3,implied_nak_seq_err,0
2026-09-30T16:23:12.444Z,gpu-3uwoq-6g3ya-1,ib_hw_counter,rdma_vf_rail3,duplicate_request,0
2026-09-30T16:23:12.444Z,gpu-3uwoq-6g3ya-1,dcgm,gpu2,gpu_util,100
2026-09-30T16:23:12.444Z,gpu-3uwoq-6g3ya-1,dcgm,gpu3,gpu_util,100
2026-09-30T16:23:12.444Z,gpu-3uwoq-6g3ya-1,dcgm,gpu0,gpu_util,100
2026-09-30T16:23:12.444Z,gpu-3uwoq-6g3ya-1,dcgm,gpu1,gpu_util,100
2026-09-30T16:23:12.444Z,gpu-3uwoq-6g3ya-1,dcgm,gpu2,nvlink_bandwidth_total,128837
2026-09-30T16:23:12.444Z,gpu-3uwoq-6g3ya-1,dcgm,gpu3,nvlink_bandwidth_total,70000
2026-09-30T16:23:12.444Z,gpu-3uwoq-6g3ya-1,dcgm,gpu0,nvlink_bandwidth_total,126125
2026-09-30T16:23:12.444Z,gpu-3uwoq-6g3ya-1,dcgm,gpu1,nvlink_bandwidth_total,126730
2026-09-30T16:23:12.444Z,gpu-3uwoq-6g3ya-1,dcgm,gpu2,power_w,488.249
2026-09-30T16:23:12.444Z,gpu-3uwoq-6g3ya-1,dcgm,gpu3,power_w,491.843
2026-09-30T16:23:12.444Z,gpu-3uwoq-6g3ya-1,dcgm,gpu0,power_w,458.453
2026-09-30T16:23:12.444Z,gpu-3uwoq-6g3ya-1,dcgm,gpu1,power_w,454.322
2026-09-30T16:23:12.444Z,gpu-3uwoq-6g3ya-1,dcgm,gpu2,sm_clock_mhz,2070
2026-09-30T16:23:12.444Z,gpu-3uwoq-6g3ya-1,dcgm,gpu3,sm_clock_mhz,2070
2026-09-30T16:23:12.444Z,gpu-3uwoq-6g3ya-1,dcgm,gpu0,sm_clock_mhz,2070
2026-09-30T16:23:12.444Z,gpu-3uwoq-6g3ya-1,dcgm,gpu1,sm_clock_mhz,2070
2026-09-30T16:23:12.444Z,gpu-3uwoq-6g3ya-1,dcgm,gpu2,dram_active,0.037669
2026-09-30T16:23:12.444Z,gpu-3uwoq-6g3ya-1,dcgm,gpu3,dram_active,0.030762
2026-09-30T16:23:12.444Z,gpu-3uwoq-6g3ya-1,dcgm,gpu0,dram_active,0.037841
2026-09-30T16:23:12.444Z,gpu-3uwoq-6g3ya-1,dcgm,gpu1,dram_active,0.040131
2026-09-30T16:23:12.444Z,gpu-3uwoq-6g3ya-1,dcgm,gpu2,pcie_rx_bytes,339903
2026-09-30T16:23:12.444Z,gpu-3uwoq-6g3ya-1,dcgm,gpu3,pcie_rx_bytes,345303
2026-09-30T16:23:12.444Z,gpu-3uwoq-6g3ya-1,dcgm,gpu0,pcie_rx_bytes,391428
2026-09-30T16:23:12.444Z,gpu-3uwoq-6g3ya-1,dcgm,gpu1,pcie_rx_bytes,404495
2026-09-30T16:23:12.444Z,gpu-3uwoq-6g3ya-1,dcgm,gpu2,pcie_tx_bytes,283339
2026-09-30T16:23:12.444Z,gpu-3uwoq-6g3ya-1,dcgm,gpu3,pcie_tx_bytes,287956
2026-09-30T16:23:12.444Z,gpu-3uwoq-6g3ya-1,dcgm,gpu0,pcie_tx_bytes,334236
2026-09-30T16:23:12.444Z,gpu-3uwoq-6g3ya-1,dcgm,gpu1,pcie_tx_bytes,347883
2026-09-30T16:23:12.444Z,gpu-3uwoq-6g3ya-1,dcgm,gpu2,tensor_active,0
2026-09-30T16:23:12.444Z,gpu-3uwoq-6g3ya-1,dcgm,gpu3,tensor_active,0
2026-09-30T16:23:12.444Z,gpu-3uwoq-6g3ya-1,dcgm,gpu0,tensor_active,0
2026-09-30T16:23:12.444Z,gpu-3uwoq-6g3ya-1,dcgm,gpu1,tensor_active,0
2026-09-30T16:23:12.444Z,gpu-3uwoq-6g3ya-1,dcgm,gpu2,sm_active,0.0165
2026-09-30T16:23:12.444Z,gpu-3uwoq-6g3ya-1,dcgm,gpu3,sm_active,0.013427
2026-09-30T16:23:12.444Z,gpu-3uwoq-6g3ya-1,dcgm,gpu0,sm_active,0.016548
2026-09-30T16:23:12.444Z,gpu-3uwoq-6g3ya-1,dcgm,gpu1,sm_active,0.017527
2026-09-30T16:23:12.444Z,gpu-3uwoq-6g3ya-1,nvlink,gpu0,nvlink_rx_bytes,2.31733e+13
2026-09-30T16:23:12.444Z,gpu-3uwoq-6g3ya-1,nvlink,gpu0,nvlink_tx_bytes,2.31869e+13
2026-09-30T16:23:12.444Z,gpu-3uwoq-6g3ya-1,nvlink,gpu1,nvlink_rx_bytes,2.40813e+13
2026-09-30T16:23:12.444Z,gpu-3uwoq-6g3ya-1,nvlink,gpu1,nvlink_tx_bytes,2.40933e+13
2026-09-30T16:23:12.444Z,gpu-3uwoq-6g3ya-1,nvlink,gpu2,nvlink_rx_bytes,2.33166e+13
2026-09-30T16:23:12.444Z,gpu-3uwoq-6g3ya-1,nvlink,gpu2,nvlink_tx_bytes,2.33351e+13
2026-09-30T16:23:12.444Z,gpu-3uwoq-6g3ya-1,nvlink,gpu3,nvlink_rx_bytes,2.32548e+13
2026-09-30T16:23:12.444Z,gpu-3uwoq-6g3ya-1,nvlink,gpu3,nvlink_tx_bytes,2.32723e+13
2026-09-30T16:23:13.444Z,gpu-3uwoq-6g3ya-1,ib_counter,rdma_vf_rail0,port_xmit_data,6.27354e+12
2026-09-30T16:23:13.444Z,gpu-3uwoq-6g3ya-1,ib_counter,rdma_vf_rail0,port_rcv_data,4.31116e+12
2026-09-30T16:23:13.444Z,gpu-3uwoq-6g3ya-1,ib_counter,rdma_vf_rail0,port_xmit_packets,1.72334e+09
2026-09-30T16:23:13.444Z,gpu-3uwoq-6g3ya-1,ib_counter,rdma_vf_rail0,port_rcv_packets,1.4035e+09
2026-09-30T16:23:13.444Z,gpu-3uwoq-6g3ya-1,ib_counter,rdma_vf_rail0,port_xmit_wait,0
2026-09-30T16:23:13.444Z,gpu-3uwoq-6g3ya-1,ib_counter,rdma_vf_rail0,port_rcv_errors,0
2026-09-30T16:23:13.444Z,gpu-3uwoq-6g3ya-1,ib_counter,rdma_vf_rail0,port_xmit_discards,0
2026-09-30T16:23:13.444Z,gpu-3uwoq-6g3ya-1,ib_counter,rdma_vf_rail0,link_downed,0
2026-09-30T16:23:13.444Z,gpu-3uwoq-6g3ya-1,ib_hw_counter,rdma_vf_rail0,out_of_sequence,8
2026-09-30T16:23:13.444Z,gpu-3uwoq-6g3ya-1,ib_hw_counter,rdma_vf_rail0,packet_seq_err,9
2026-09-30T16:23:13.444Z,gpu-3uwoq-6g3ya-1,ib_hw_counter,rdma_vf_rail0,local_ack_timeout_err,0
2026-09-30T16:23:13.444Z,gpu-3uwoq-6g3ya-1,ib_hw_counter,rdma_vf_rail0,rx_write_requests,4.85746e+08
2026-09-30T16:23:13.444Z,gpu-3uwoq-6g3ya-1,ib_hw_counter,rdma_vf_rail0,rx_read_requests,2.27639e+07
2026-09-30T16:23:13.444Z,gpu-3uwoq-6g3ya-1,ib_hw_counter,rdma_vf_rail0,req_cqe_error,0
2026-09-30T16:23:13.444Z,gpu-3uwoq-6g3ya-1,ib_hw_counter,rdma_vf_rail0,resp_cqe_error,0
2026-09-30T16:23:13.444Z,gpu-3uwoq-6g3ya-1,ib_hw_counter,rdma_vf_rail0,implied_nak_seq_err,0
2026-09-30T16:23:13.444Z,gpu-3uwoq-6g3ya-1,ib_hw_counter,rdma_vf_rail0,duplicate_request,0
2026-09-30T16:23:13.444Z,gpu-3uwoq-6g3ya-1,ib_counter,rdma_vf_rail1,port_xmit_data,5.48301e+12
2026-09-30T16:23:13.444Z,gpu-3uwoq-6g3ya-1,ib_counter,rdma_vf_rail1,port_rcv_data,3.51844e+12
2026-09-30T16:23:13.444Z,gpu-3uwoq-6g3ya-1,ib_counter,rdma_vf_rail1,port_xmit_packets,1.50928e+09
2026-09-30T16:23:13.444Z,gpu-3uwoq-6g3ya-1,ib_counter,rdma_vf_rail1,port_rcv_packets,1.16889e+09
2026-09-30T16:23:13.444Z,gpu-3uwoq-6g3ya-1,ib_counter,rdma_vf_rail1,port_xmit_wait,0
2026-09-30T16:23:13.444Z,gpu-3uwoq-6g3ya-1,ib_counter,rdma_vf_rail1,port_rcv_errors,0
2026-09-30T16:23:13.444Z,gpu-3uwoq-6g3ya-1,ib_counter,rdma_vf_rail1,port_xmit_discards,0
2026-09-30T16:23:13.444Z,gpu-3uwoq-6g3ya-1,ib_counter,rdma_vf_rail1,link_downed,0
2026-09-30T16:23:13.444Z,gpu-3uwoq-6g3ya-1,ib_hw_counter,rdma_vf_rail1,out_of_sequence,7
2026-09-30T16:23:13.444Z,gpu-3uwoq-6g3ya-1,ib_hw_counter,rdma_vf_rail1,packet_seq_err,8
2026-09-30T16:23:13.444Z,gpu-3uwoq-6g3ya-1,ib_hw_counter,rdma_vf_rail1,local_ack_timeout_err,0
2026-09-30T16:23:13.444Z,gpu-3uwoq-6g3ya-1,ib_hw_counter,rdma_vf_rail1,rx_write_requests,4.73996e+08
2026-09-30T16:23:13.444Z,gpu-3uwoq-6g3ya-1,ib_hw_counter,rdma_vf_rail1,rx_read_requests,1.68838e+07
2026-09-30T16:23:13.444Z,gpu-3uwoq-6g3ya-1,ib_hw_counter,rdma_vf_rail1,req_cqe_error,0
2026-09-30T16:23:13.444Z,gpu-3uwoq-6g3ya-1,ib_hw_counter,rdma_vf_rail1,resp_cqe_error,0
2026-09-30T16:23:13.444Z,gpu-3uwoq-6g3ya-1,ib_hw_counter,rdma_vf_rail1,implied_nak_seq_err,0
2026-09-30T16:23:13.444Z,gpu-3uwoq-6g3ya-1,ib_hw_counter,rdma_vf_rail1,duplicate_request,0
2026-09-30T16:23:13.444Z,gpu-3uwoq-6g3ya-1,ib_counter,rdma_vf_rail2,port_xmit_data,5.4557e+12
2026-09-30T16:23:13.444Z,gpu-3uwoq-6g3ya-1,ib_counter,rdma_vf_rail2,port_rcv_data,3.49072e+12
2026-09-30T16:23:13.444Z,gpu-3uwoq-6g3ya-1,ib_counter,rdma_vf_rail2,port_xmit_packets,1.49548e+09
2026-09-30T16:23:13.444Z,gpu-3uwoq-6g3ya-1,ib_counter,rdma_vf_rail2,port_rcv_packets,1.15052e+09
2026-09-30T16:23:13.444Z,gpu-3uwoq-6g3ya-1,ib_counter,rdma_vf_rail2,port_xmit_wait,0
2026-09-30T16:23:13.444Z,gpu-3uwoq-6g3ya-1,ib_counter,rdma_vf_rail2,port_rcv_errors,0
2026-09-30T16:23:13.444Z,gpu-3uwoq-6g3ya-1,ib_counter,rdma_vf_rail2,port_xmit_discards,0
2026-09-30T16:23:13.444Z,gpu-3uwoq-6g3ya-1,ib_counter,rdma_vf_rail2,link_downed,0
2026-09-30T16:23:13.444Z,gpu-3uwoq-6g3ya-1,ib_hw_counter,rdma_vf_rail2,out_of_sequence,8
2026-09-30T16:23:13.444Z,gpu-3uwoq-6g3ya-1,ib_hw_counter,rdma_vf_rail2,packet_seq_err,7
2026-09-30T16:23:13.444Z,gpu-3uwoq-6g3ya-1,ib_hw_counter,rdma_vf_rail2,local_ack_timeout_err,0
2026-09-30T16:23:13.444Z,gpu-3uwoq-6g3ya-1,ib_hw_counter,rdma_vf_rail2,rx_write_requests,4.73562e+08
2026-09-30T16:23:13.444Z,gpu-3uwoq-6g3ya-1,ib_hw_counter,rdma_vf_rail2,rx_read_requests,1.66762e+07
2026-09-30T16:23:13.444Z,gpu-3uwoq-6g3ya-1,ib_hw_counter,rdma_vf_rail2,req_cqe_error,0
2026-09-30T16:23:13.444Z,gpu-3uwoq-6g3ya-1,ib_hw_counter,rdma_vf_rail2,resp_cqe_error,0
2026-09-30T16:23:13.444Z,gpu-3uwoq-6g3ya-1,ib_hw_counter,rdma_vf_rail2,implied_nak_seq_err,0
2026-09-30T16:23:13.444Z,gpu-3uwoq-6g3ya-1,ib_hw_counter,rdma_vf_rail2,duplicate_request,0
2026-09-30T16:23:13.444Z,gpu-3uwoq-6g3ya-1,ib_counter,rdma_vf_rail3,port_xmit_data,5.45593e+12
2026-09-30T16:23:13.444Z,gpu-3uwoq-6g3ya-1,ib_counter,rdma_vf_rail3,port_rcv_data,3.49051e+12
2026-09-30T16:23:13.444Z,gpu-3uwoq-6g3ya-1,ib_counter,rdma_vf_rail3,port_xmit_packets,1.49601e+09
2026-09-30T16:23:13.444Z,gpu-3uwoq-6g3ya-1,ib_counter,rdma_vf_rail3,port_rcv_packets,1.14761e+09
2026-09-30T16:23:13.444Z,gpu-3uwoq-6g3ya-1,ib_counter,rdma_vf_rail3,port_xmit_wait,0
2026-09-30T16:23:13.444Z,gpu-3uwoq-6g3ya-1,ib_counter,rdma_vf_rail3,port_rcv_errors,0
2026-09-30T16:23:13.444Z,gpu-3uwoq-6g3ya-1,ib_counter,rdma_vf_rail3,port_xmit_discards,0
2026-09-30T16:23:13.444Z,gpu-3uwoq-6g3ya-1,ib_counter,rdma_vf_rail3,link_downed,0
2026-09-30T16:23:13.444Z,gpu-3uwoq-6g3ya-1,ib_hw_counter,rdma_vf_rail3,out_of_sequence,9
2026-09-30T16:23:13.444Z,gpu-3uwoq-6g3ya-1,ib_hw_counter,rdma_vf_rail3,packet_seq_err,8
2026-09-30T16:23:13.444Z,gpu-3uwoq-6g3ya-1,ib_hw_counter,rdma_vf_rail3,local_ack_timeout_err,0
2026-09-30T16:23:13.444Z,gpu-3uwoq-6g3ya-1,ib_hw_counter,rdma_vf_rail3,rx_write_requests,4.73562e+08
2026-09-30T16:23:13.444Z,gpu-3uwoq-6g3ya-1,ib_hw_counter,rdma_vf_rail3,rx_read_requests,1.66762e+07
2026-09-30T16:23:13.444Z,gpu-3uwoq-6g3ya-1,ib_hw_counter,rdma_vf_rail3,req_cqe_error,0
2026-09-30T16:23:13.444Z,gpu-3uwoq-6g3ya-1,ib_hw_counter,rdma_vf_rail3,resp_cqe_error,0
2026-09-30T16:23:13.444Z,gpu-3uwoq-6g3ya-1,ib_hw_counter,rdma_vf_rail3,implied_nak_seq_err,0
2026-09-30T16:23:13.444Z,gpu-3uwoq-6g3ya-1,ib_hw_counter,rdma_vf_rail3,duplicate_request,0
2026-09-30T16:23:13.444Z,gpu-3uwoq-6g3ya-1,dcgm,gpu2,gpu_util,100
2026-09-30T16:23:13.444Z,gpu-3uwoq-6g3ya-1,dcgm,gpu3,gpu_util,100
2026-09-30T16:23:13.444Z,gpu-3uwoq-6g3ya-1,dcgm,gpu0,gpu_util,100
2026-09-30T16:23:13.444Z,gpu-3uwoq-6g3ya-1,dcgm,gpu1,gpu_util,100
2026-09-30T16:23:13.444Z,gpu-3uwoq-6g3ya-1,dcgm,gpu2,nvlink_bandwidth_total,128837
2026-09-30T16:23:13.444Z,gpu-3uwoq-6g3ya-1,dcgm,gpu3,nvlink_bandwidth_total,70000
2026-09-30T16:23:13.444Z,gpu-3uwoq-6g3ya-1,dcgm,gpu0,nvlink_bandwidth_total,126125
2026-09-30T16:23:13.444Z,gpu-3uwoq-6g3ya-1,dcgm,gpu1,nvlink_bandwidth_total,126730
2026-09-30T16:23:13.444Z,gpu-3uwoq-6g3ya-1,dcgm,gpu2,power_w,488.249
2026-09-30T16:23:13.444Z,gpu-3uwoq-6g3ya-1,dcgm,gpu3,power_w,491.843
2026-09-30T16:23:13.444Z,gpu-3uwoq-6g3ya-1,dcgm,gpu0,power_w,458.453
2026-09-30T16:23:13.444Z,gpu-3uwoq-6g3ya-1,dcgm,gpu1,power_w,454.322
2026-09-30T16:23:13.444Z,gpu-3uwoq-6g3ya-1,dcgm,gpu2,sm_clock_mhz,2070
2026-09-30T16:23:13.444Z,gpu-3uwoq-6g3ya-1,dcgm,gpu3,sm_clock_mhz,2070
2026-09-30T16:23:13.444Z,gpu-3uwoq-6g3ya-1,dcgm,gpu0,sm_clock_mhz,2070
2026-09-30T16:23:13.444Z,gpu-3uwoq-6g3ya-1,dcgm,gpu1,sm_clock_mhz,2070
2026-09-30T16:23:13.444Z,gpu-3uwoq-6g3ya-1,dcgm,gpu2,dram_active,0.037669
2026-09-30T16:23:13.444Z,gpu-3uwoq-6g3ya-1,dcgm,gpu3,dram_active,0.030762
2026-09-30T16:23:13.444Z,gpu-3uwoq-6g3ya-1,dcgm,gpu0,dram_active,0.037841
2026-09-30T16:23:13.444Z,gpu-3uwoq-6g3ya-1,dcgm,gpu1,dram_active,0.040131
2026-09-30T16:23:13.444Z,gpu-3uwoq-6g3ya-1,dcgm,gpu2,pcie_rx_bytes,339903
2026-09-30T16:23:13.444Z,gpu-3uwoq-6g3ya-1,dcgm,gpu3,pcie_rx_bytes,345303
2026-09-30T16:23:13.444Z,gpu-3uwoq-6g3ya-1,dcgm,gpu0,pcie_rx_bytes,391428
2026-09-30T16:23:13.444Z,gpu-3uwoq-6g3ya-1,dcgm,gpu1,pcie_rx_bytes,404495
2026-09-30T16:23:13.444Z,gpu-3uwoq-6g3ya-1,dcgm,gpu2,pcie_tx_bytes,283339
2026-09-30T16:23:13.444Z,gpu-3uwoq-6g3ya-1,dcgm,gpu3,pcie_tx_bytes,287956
2026-09-30T16:23:13.444Z,gpu-3uwoq-6g3ya-1,dcgm,gpu0,pcie_tx_bytes,334236
2026-09-30T16:23:13.444Z,gpu-3uwoq-6g3ya-1,dcgm,gpu1,pcie_tx_bytes,347883
2026-09-30T16:23:13.444Z,gpu-3uwoq-6g3ya-1,dcgm,gpu2,tensor_active,0
2026-09-30T16:23:13.444Z,gpu-3uwoq-6g3ya-1,dcgm,gpu3,tensor_active,0
2026-09-30T16:23:13.444Z,gpu-3uwoq-6g3ya-1,dcgm,gpu0,tensor_active,0
2026-09-30T16:23:13.444Z,gpu-3uwoq-6g3ya-1,dcgm,gpu1,tensor_active,0
2026-09-30T16:23:13.444Z,gpu-3uwoq-6g3ya-1,dcgm,gpu2,sm_active,0.0165
2026-09-30T16:23:13.444Z,gpu-3uwoq-6g3ya-1,dcgm,gpu3,sm_active,0.013427
2026-09-30T16:23:13.444Z,gpu-3uwoq-6g3ya-1,dcgm,gpu0,sm_active,0.016548
2026-09-30T16:23:13.444Z,gpu-3uwoq-6g3ya-1,dcgm,gpu1,sm_active,0.017527
2026-09-30T16:23:13.444Z,gpu-3uwoq-6g3ya-1,nvlink,gpu0,nvlink_rx_bytes,2.31733e+13
2026-09-30T16:23:13.444Z,gpu-3uwoq-6g3ya-1,nvlink,gpu0,nvlink_tx_bytes,2.31869e+13
2026-09-30T16:23:13.444Z,gpu-3uwoq-6g3ya-1,nvlink,gpu1,nvlink_rx_bytes,2.40813e+13
2026-09-30T16:23:13.444Z,gpu-3uwoq-6g3ya-1,nvlink,gpu1,nvlink_tx_bytes,2.40933e+13
2026-09-30T16:23:13.444Z,gpu-3uwoq-6g3ya-1,nvlink,gpu2,nvlink_rx_bytes,2.33166e+13
2026-09-30T16:23:13.444Z,gpu-3uwoq-6g3ya-1,nvlink,gpu2,nvlink_tx_bytes,2.33351e+13
2026-09-30T16:23:13.444Z,gpu-3uwoq-6g3ya-1,nvlink,gpu3,nvlink_rx_bytes,2.32548e+13
2026-09-30T16:23:13.444Z,gpu-3uwoq-6g3ya-1,nvlink,gpu3,nvlink_tx_bytes,2.32723e+13
2026-09-30T16:23:14.445Z,gpu-3uwoq-6g3ya-1,ib_counter,rdma_vf_rail0,port_xmit_data,6.27354e+12
2026-09-30T16:23:14.445Z,gpu-3uwoq-6g3ya-1,ib_counter,rdma_vf_rail0,port_rcv_data,4.31116e+12
2026-09-30T16:23:14.445Z,gpu-3uwoq-6g3ya-1,ib_counter,rdma_vf_rail0,port_xmit_packets,1.72334e+09
2026-09-30T16:23:14.445Z,gpu-3uwoq-6g3ya-1,ib_counter,rdma_vf_rail0,port_rcv_packets,1.4035e+09
2026-09-30T16:23:14.445Z,gpu-3uwoq-6g3ya-1,ib_counter,rdma_vf_rail0,port_xmit_wait,0
2026-09-30T16:23:14.445Z,gpu-3uwoq-6g3ya-1,ib_counter,rdma_vf_rail0,port_rcv_errors,0
2026-09-30T16:23:14.445Z,gpu-3uwoq-6g3ya-1,ib_counter,rdma_vf_rail0,port_xmit_discards,0
2026-09-30T16:23:14.445Z,gpu-3uwoq-6g3ya-1,ib_counter,rdma_vf_rail0,link_downed,0
2026-09-30T16:23:14.445Z,gpu-3uwoq-6g3ya-1,ib_hw_counter,rdma_vf_rail0,out_of_sequence,8
2026-09-30T16:23:14.445Z,gpu-3uwoq-6g3ya-1,ib_hw_counter,rdma_vf_rail0,packet_seq_err,9
2026-09-30T16:23:14.445Z,gpu-3uwoq-6g3ya-1,ib_hw_counter,rdma_vf_rail0,local_ack_timeout_err,0
2026-09-30T16:23:14.445Z,gpu-3uwoq-6g3ya-1,ib_hw_counter,rdma_vf_rail0,rx_write_requests,4.85746e+08
2026-09-30T16:23:14.445Z,gpu-3uwoq-6g3ya-1,ib_hw_counter,rdma_vf_rail0,rx_read_requests,2.27639e+07
2026-09-30T16:23:14.445Z,gpu-3uwoq-6g3ya-1,ib_hw_counter,rdma_vf_rail0,req_cqe_error,0
2026-09-30T16:23:14.445Z,gpu-3uwoq-6g3ya-1,ib_hw_counter,rdma_vf_rail0,resp_cqe_error,0
2026-09-30T16:23:14.445Z,gpu-3uwoq-6g3ya-1,ib_hw_counter,rdma_vf_rail0,implied_nak_seq_err,0
2026-09-30T16:23:14.445Z,gpu-3uwoq-6g3ya-1,ib_hw_counter,rdma_vf_rail0,duplicate_request,0
2026-09-30T16:23:14.445Z,gpu-3uwoq-6g3ya-1,ib_counter,rdma_vf_rail1,port_xmit_data,5.48301e+12
2026-09-30T16:23:14.445Z,gpu-3uwoq-6g3ya-1,ib_counter,rdma_vf_rail1,port_rcv_data,3.51844e+12
2026-09-30T16:23:14.445Z,gpu-3uwoq-6g3ya-1,ib_counter,rdma_vf_rail1,port_xmit_packets,1.50928e+09
2026-09-30T16:23:14.445Z,gpu-3uwoq-6g3ya-1,ib_counter,rdma_vf_rail1,port_rcv_packets,1.16889e+09
2026-09-30T16:23:14.445Z,gpu-3uwoq-6g3ya-1,ib_counter,rdma_vf_rail1,port_xmit_wait,0
2026-09-30T16:23:14.445Z,gpu-3uwoq-6g3ya-1,ib_counter,rdma_vf_rail1,port_rcv_errors,0
2026-09-30T16:23:14.445Z,gpu-3uwoq-6g3ya-1,ib_counter,rdma_vf_rail1,port_xmit_discards,0
2026-09-30T16:23:14.445Z,gpu-3uwoq-6g3ya-1,ib_counter,rdma_vf_rail1,link_downed,0
2026-09-30T16:23:14.445Z,gpu-3uwoq-6g3ya-1,ib_hw_counter,rdma_vf_rail1,out_of_sequence,7
2026-09-30T16:23:14.445Z,gpu-3uwoq-6g3ya-1,ib_hw_counter,rdma_vf_rail1,packet_seq_err,8
2026-09-30T16:23:14.445Z,gpu-3uwoq-6g3ya-1,ib_hw_counter,rdma_vf_rail1,local_ack_timeout_err,0
2026-09-30T16:23:14.445Z,gpu-3uwoq-6g3ya-1,ib_hw_counter,rdma_vf_rail1,rx_write_requests,4.73996e+08
2026-09-30T16:23:14.445Z,gpu-3uwoq-6g3ya-1,ib_hw_counter,rdma_vf_rail1,rx_read_requests,1.68838e+07
2026-09-30T16:23:14.445Z,gpu-3uwoq-6g3ya-1,ib_hw_counter,rdma_vf_rail1,req_cqe_error,0
2026-09-30T16:23:14.445Z,gpu-3uwoq-6g3ya-1,ib_hw_counter,rdma_vf_rail1,resp_cqe_error,0
2026-09-30T16:23:14.445Z,gpu-3uwoq-6g3ya-1,ib_hw_counter,rdma_vf_rail1,implied_nak_seq_err,0
2026-09-30T16:23:14.445Z,gpu-3uwoq-6g3ya-1,ib_hw_counter,rdma_vf_rail1,duplicate_request,0
2026-09-30T16:23:14.445Z,gpu-3uwoq-6g3ya-1,ib_counter,rdma_vf_rail2,port_xmit_data,5.4557e+12
2026-09-30T16:23:14.445Z,gpu-3uwoq-6g3ya-1,ib_counter,rdma_vf_rail2,port_rcv_data,3.49072e+12
2026-09-30T16:23:14.445Z,gpu-3uwoq-6g3ya-1,ib_counter,rdma_vf_rail2,port_xmit_packets,1.49548e+09
2026-09-30T16:23:14.445Z,gpu-3uwoq-6g3ya-1,ib_counter,rdma_vf_rail2,port_rcv_packets,1.15052e+09
2026-09-30T16:23:14.445Z,gpu-3uwoq-6g3ya-1,ib_counter,rdma_vf_rail2,port_xmit_wait,0
2026-09-30T16:23:14.445Z,gpu-3uwoq-6g3ya-1,ib_counter,rdma_vf_rail2,port_rcv_errors,0
2026-09-30T16:23:14.445Z,gpu-3uwoq-6g3ya-1,ib_counter,rdma_vf_rail2,port_xmit_discards,0
2026-09-30T16:23:14.445Z,gpu-3uwoq-6g3ya-1,ib_counter,rdma_vf_rail2,link_downed,0
2026-09-30T16:23:14.445Z,gpu-3uwoq-6g3ya-1,ib_hw_counter,rdma_vf_rail2,out_of_sequence,8
2026-09-30T16:23:14.445Z,gpu-3uwoq-6g3ya-1,ib_hw_counter,rdma_vf_rail2,packet_seq_err,7
2026-09-30T16:23:14.445Z,gpu-3uwoq-6g3ya-1,ib_hw_counter,rdma_vf_rail2,local_ack_timeout_err,0
2026-09-30T16:23:14.445Z,gpu-3uwoq-6g3ya-1,ib_hw_counter,rdma_vf_rail2,rx_write_requests,4.73562e+08
2026-09-30T16:23:14.445Z,gpu-3uwoq-6g3ya-1,ib_hw_counter,rdma_vf_rail2,rx_read_requests,1.66762e+07
2026-09-30T16:23:14.445Z,gpu-3uwoq-6g3ya-1,ib_hw_counter,rdma_vf_rail2,req_cqe_error,0
2026-09-30T16:23:14.445Z,gpu-3uwoq-6g3ya-1,ib_hw_counter,rdma_vf_rail2,resp_cqe_error,0
2026-09-30T16:23:14.445Z,gpu-3uwoq-6g3ya-1,ib_hw_counter,rdma_vf_rail2,implied_nak_seq_err,0
2026-09-30T16:23:14.445Z,gpu-3uwoq-6g3ya-1,ib_hw_counter,rdma_vf_rail2,duplicate_request,0
2026-09-30T16:23:14.445Z,gpu-3uwoq-6g3ya-1,ib_counter,rdma_vf_rail3,port_xmit_data,5.45593e+12
2026-09-30T16:23:14.445Z,gpu-3uwoq-6g3ya-1,ib_counter,rdma_vf_rail3,port_rcv_data,3.49051e+12
2026-09-30T16:23:14.445Z,gpu-3uwoq-6g3ya-1,ib_counter,rdma_vf_rail3,port_xmit_packets,1.49601e+09
2026-09-30T16:23:14.445Z,gpu-3uwoq-6g3ya-1,ib_counter,rdma_vf_rail3,port_rcv_packets,1.14761e+09
2026-09-30T16:23:14.445Z,gpu-3uwoq-6g3ya-1,ib_counter,rdma_vf_rail3,port_xmit_wait,0
2026-09-30T16:23:14.445Z,gpu-3uwoq-6g3ya-1,ib_counter,rdma_vf_rail3,port_rcv_errors,0
2026-09-30T16:23:14.445Z,gpu-3uwoq-6g3ya-1,ib_counter,rdma_vf_rail3,port_xmit_discards,0
2026-09-30T16:23:14.445Z,gpu-3uwoq-6g3ya-1,ib_counter,rdma_vf_rail3,link_downed,0
2026-09-30T16:23:14.445Z,gpu-3uwoq-6g3ya-1,ib_hw_counter,rdma_vf_rail3,out_of_sequence,9
2026-09-30T16:23:14.445Z,gpu-3uwoq-6g3ya-1,ib_hw_counter,rdma_vf_rail3,packet_seq_err,8
2026-09-30T16:23:14.445Z,gpu-3uwoq-6g3ya-1,ib_hw_counter,rdma_vf_rail3,local_ack_timeout_err,0
2026-09-30T16:23:14.445Z,gpu-3uwoq-6g3ya-1,ib_hw_counter,rdma_vf_rail3,rx_write_requests,4.73562e+08
2026-09-30T16:23:14.445Z,gpu-3uwoq-6g3ya-1,ib_hw_counter,rdma_vf_rail3,rx_read_requests,1.66762e+07
2026-09-30T16:23:14.445Z,gpu-3uwoq-6g3ya-1,ib_hw_counter,rdma_vf_rail3,req_cqe_error,0
2026-09-30T16:23:14.445Z,gpu-3uwoq-6g3ya-1,ib_hw_counter,rdma_vf_rail3,resp_cqe_error,0
2026-09-30T16:23:14.445Z,gpu-3uwoq-6g3ya-1,ib_hw_counter,rdma_vf_rail3,implied_nak_seq_err,0
2026-09-30T16:23:14.445Z,gpu-3uwoq-6g3ya-1,ib_hw_counter,rdma_vf_rail3,duplicate_request,0
2026-09-30T16:23:14.445Z,gpu-3uwoq-6g3ya-1,dcgm,gpu2,gpu_util,100
2026-09-30T16:23:14.445Z,gpu-3uwoq-6g3ya-1,dcgm,gpu3,gpu_util,100
2026-09-30T16:23:14.445Z,gpu-3uwoq-6g3ya-1,dcgm,gpu0,gpu_util,100
2026-09-30T16:23:14.445Z,gpu-3uwoq-6g3ya-1,dcgm,gpu1,gpu_util,100
2026-09-30T16:23:14.445Z,gpu-3uwoq-6g3ya-1,dcgm,gpu2,nvlink_bandwidth_total,128837
2026-09-30T16:23:14.445Z,gpu-3uwoq-6g3ya-1,dcgm,gpu3,nvlink_bandwidth_total,70000
2026-09-30T16:23:14.445Z,gpu-3uwoq-6g3ya-1,dcgm,gpu0,nvlink_bandwidth_total,126125
2026-09-30T16:23:14.445Z,gpu-3uwoq-6g3ya-1,dcgm,gpu1,nvlink_bandwidth_total,126730
2026-09-30T16:23:14.445Z,gpu-3uwoq-6g3ya-1,dcgm,gpu2,power_w,488.249
2026-09-30T16:23:14.445Z,gpu-3uwoq-6g3ya-1,dcgm,gpu3,power_w,491.843
2026-09-30T16:23:14.445Z,gpu-3uwoq-6g3ya-1,dcgm,gpu0,power_w,458.453
2026-09-30T16:23:14.445Z,gpu-3uwoq-6g3ya-1,dcgm,gpu1,power_w,454.322
2026-09-30T16:23:14.445Z,gpu-3uwoq-6g3ya-1,dcgm,gpu2,sm_clock_mhz,2070
2026-09-30T16:23:14.445Z,gpu-3uwoq-6g3ya-1,dcgm,gpu3,sm_clock_mhz,2070
2026-09-30T16:23:14.445Z,gpu-3uwoq-6g3ya-1,dcgm,gpu0,sm_clock_mhz,2070
2026-09-30T16:23:14.445Z,gpu-3uwoq-6g3ya-1,dcgm,gpu1,sm_clock_mhz,2070
2026-09-30T16:23:14.445Z,gpu-3uwoq-6g3ya-1,dcgm,gpu2,dram_active,0.037669
2026-09-30T16:23:14.445Z,gpu-3uwoq-6g3ya-1,dcgm,gpu3,dram_active,0.030762
2026-09-30T16:23:14.445Z,gpu-3uwoq-6g3ya-1,dcgm,gpu0,dram_active,0.037841
2026-09-30T16:23:14.445Z,gpu-3uwoq-6g3ya-1,dcgm,gpu1,dram_active,0.040131
2026-09-30T16:23:14.445Z,gpu-3uwoq-6g3ya-1,dcgm,gpu2,pcie_rx_bytes,339903
2026-09-30T16:23:14.445Z,gpu-3uwoq-6g3ya-1,dcgm,gpu3,pcie_rx_bytes,345303
2026-09-30T16:23:14.445Z,gpu-3uwoq-6g3ya-1,dcgm,gpu0,pcie_rx_bytes,391428
2026-09-30T16:23:14.445Z,gpu-3uwoq-6g3ya-1,dcgm,gpu1,pcie_rx_bytes,404495
2026-09-30T16:23:14.445Z,gpu-3uwoq-6g3ya-1,dcgm,gpu2,pcie_tx_bytes,283339
2026-09-30T16:23:14.445Z,gpu-3uwoq-6g3ya-1,dcgm,gpu3,pcie_tx_bytes,287956
2026-09-30T16:23:14.445Z,gpu-3uwoq-6g3ya-1,dcgm,gpu0,pcie_tx_bytes,334236
2026-09-30T16:23:14.445Z,gpu-3uwoq-6g3ya-1,dcgm,gpu1,pcie_tx_bytes,347883
2026-09-30T16:23:14.445Z,gpu-3uwoq-6g3ya-1,dcgm,gpu2,tensor_active,0
2026-09-30T16:23:14.445Z,gpu-3uwoq-6g3ya-1,dcgm,gpu3,tensor_active,0
2026-09-30T16:23:14.445Z,gpu-3uwoq-6g3ya-1,dcgm,gpu0,tensor_active,0
2026-09-30T16:23:14.445Z,gpu-3uwoq-6g3ya-1,dcgm,gpu1,tensor_active,0
2026-09-30T16:23:14.445Z,gpu-3uwoq-6g3ya-1,dcgm,gpu2,sm_active,0.0165
2026-09-30T16:23:14.445Z,gpu-3uwoq-6g3ya-1,dcgm,gpu3,sm_active,0.013427
2026-09-30T16:23:14.445Z,gpu-3uwoq-6g3ya-1,dcgm,gpu0,sm_active,0.016548
2026-09-30T16:23:14.445Z,gpu-3uwoq-6g3ya-1,dcgm,gpu1,sm_active,0.017527
2026-09-30T16:23:14.445Z,gpu-3uwoq-6g3ya-1,nvlink,gpu0,nvlink_rx_bytes,2.31733e+13
2026-09-30T16:23:14.445Z,gpu-3uwoq-6g3ya-1,nvlink,gpu0,nvlink_tx_bytes,2.31869e+13
2026-09-30T16:23:14.445Z,gpu-3uwoq-6g3ya-1,nvlink,gpu1,nvlink_rx_bytes,2.40813e+13
2026-09-30T16:23:14.445Z,gpu-3uwoq-6g3ya-1,nvlink,gpu1,nvlink_tx_bytes,2.40933e+13
2026-09-30T16:23:14.445Z,gpu-3uwoq-6g3ya-1,nvlink,gpu2,nvlink_rx_bytes,2.33166e+13
2026-09-30T16:23:14.445Z,gpu-3uwoq-6g3ya-1,nvlink,gpu2,nvlink_tx_bytes,2.33351e+13
2026-09-30T16:23:14.445Z,gpu-3uwoq-6g3ya-1,nvlink,gpu3,nvlink_rx_bytes,2.32548e+13
2026-09-30T16:23:14.445Z,gpu-3uwoq-6g3ya-1,nvlink,gpu3,nvlink_tx_bytes,2.32723e+13
2026-09-30T16:23:15.445Z,gpu-3uwoq-6g3ya-1,ib_counter,rdma_vf_rail0,port_xmit_data,6.27354e+12
2026-09-30T16:23:15.445Z,gpu-3uwoq-6g3ya-1,ib_counter,rdma_vf_rail0,port_rcv_data,4.31116e+12
2026-09-30T16:23:15.445Z,gpu-3uwoq-6g3ya-1,ib_counter,rdma_vf_rail0,port_xmit_packets,1.72334e+09
2026-09-30T16:23:15.445Z,gpu-3uwoq-6g3ya-1,ib_counter,rdma_vf_rail0,port_rcv_packets,1.4035e+09
2026-09-30T16:23:15.445Z,gpu-3uwoq-6g3ya-1,ib_counter,rdma_vf_rail0,port_xmit_wait,0
2026-09-30T16:23:15.445Z,gpu-3uwoq-6g3ya-1,ib_counter,rdma_vf_rail0,port_rcv_errors,0
2026-09-30T16:23:15.445Z,gpu-3uwoq-6g3ya-1,ib_counter,rdma_vf_rail0,port_xmit_discards,0
2026-09-30T16:23:15.445Z,gpu-3uwoq-6g3ya-1,ib_counter,rdma_vf_rail0,link_downed,0
2026-09-30T16:23:15.445Z,gpu-3uwoq-6g3ya-1,ib_hw_counter,rdma_vf_rail0,out_of_sequence,8
2026-09-30T16:23:15.445Z,gpu-3uwoq-6g3ya-1,ib_hw_counter,rdma_vf_rail0,packet_seq_err,9
2026-09-30T16:23:15.445Z,gpu-3uwoq-6g3ya-1,ib_hw_counter,rdma_vf_rail0,local_ack_timeout_err,0
2026-09-30T16:23:15.445Z,gpu-3uwoq-6g3ya-1,ib_hw_counter,rdma_vf_rail0,rx_write_requests,4.85746e+08
2026-09-30T16:23:15.445Z,gpu-3uwoq-6g3ya-1,ib_hw_counter,rdma_vf_rail0,rx_read_requests,2.27639e+07
2026-09-30T16:23:15.445Z,gpu-3uwoq-6g3ya-1,ib_hw_counter,rdma_vf_rail0,req_cqe_error,0
2026-09-30T16:23:15.445Z,gpu-3uwoq-6g3ya-1,ib_hw_counter,rdma_vf_rail0,resp_cqe_error,0
2026-09-30T16:23:15.445Z,gpu-3uwoq-6g3ya-1,ib_hw_counter,rdma_vf_rail0,implied_nak_seq_err,0
2026-09-30T16:23:15.445Z,gpu-3uwoq-6g3ya-1,ib_hw_counter,rdma_vf_rail0,duplicate_request,0
2026-09-30T16:23:15.445Z,gpu-3uwoq-6g3ya-1,ib_counter,rdma_vf_rail1,port_xmit_data,5.48301e+12
2026-09-30T16:23:15.445Z,gpu-3uwoq-6g3ya-1,ib_counter,rdma_vf_rail1,port_rcv_data,3.51844e+12
2026-09-30T16:23:15.445Z,gpu-3uwoq-6g3ya-1,ib_counter,rdma_vf_rail1,port_xmit_packets,1.50928e+09
2026-09-30T16:23:15.445Z,gpu-3uwoq-6g3ya-1,ib_counter,rdma_vf_rail1,port_rcv_packets,1.16889e+09
2026-09-30T16:23:15.445Z,gpu-3uwoq-6g3ya-1,ib_counter,rdma_vf_rail1,port_xmit_wait,0
2026-09-30T16:23:15.445Z,gpu-3uwoq-6g3ya-1,ib_counter,rdma_vf_rail1,port_rcv_errors,0
2026-09-30T16:23:15.445Z,gpu-3uwoq-6g3ya-1,ib_counter,rdma_vf_rail1,port_xmit_discards,0
2026-09-30T16:23:15.445Z,gpu-3uwoq-6g3ya-1,ib_counter,rdma_vf_rail1,link_downed,0
2026-09-30T16:23:15.445Z,gpu-3uwoq-6g3ya-1,ib_hw_counter,rdma_vf_rail1,out_of_sequence,7
2026-09-30T16:23:15.445Z,gpu-3uwoq-6g3ya-1,ib_hw_counter,rdma_vf_rail1,packet_seq_err,8
2026-09-30T16:23:15.445Z,gpu-3uwoq-6g3ya-1,ib_hw_counter,rdma_vf_rail1,local_ack_timeout_err,0
2026-09-30T16:23:15.445Z,gpu-3uwoq-6g3ya-1,ib_hw_counter,rdma_vf_rail1,rx_write_requests,4.73996e+08
2026-09-30T16:23:15.445Z,gpu-3uwoq-6g3ya-1,ib_hw_counter,rdma_vf_rail1,rx_read_requests,1.68838e+07
2026-09-30T16:23:15.445Z,gpu-3uwoq-6g3ya-1,ib_hw_counter,rdma_vf_rail1,req_cqe_error,0
2026-09-30T16:23:15.445Z,gpu-3uwoq-6g3ya-1,ib_hw_counter,rdma_vf_rail1,resp_cqe_error,0
2026-09-30T16:23:15.445Z,gpu-3uwoq-6g3ya-1,ib_hw_counter,rdma_vf_rail1,implied_nak_seq_err,0
2026-09-30T16:23:15.445Z,gpu-3uwoq-6g3ya-1,ib_hw_counter,rdma_vf_rail1,duplicate_request,0
2026-09-30T16:23:15.445Z,gpu-3uwoq-6g3ya-1,ib_counter,rdma_vf_rail2,port_xmit_data,5.4557e+12
2026-09-30T16:23:15.445Z,gpu-3uwoq-6g3ya-1,ib_counter,rdma_vf_rail2,port_rcv_data,3.49072e+12
2026-09-30T16:23:15.445Z,gpu-3uwoq-6g3ya-1,ib_counter,rdma_vf_rail2,port_xmit_packets,1.49548e+09
2026-09-30T16:23:15.445Z,gpu-3uwoq-6g3ya-1,ib_counter,rdma_vf_rail2,port_rcv_packets,1.15052e+09
2026-09-30T16:23:15.445Z,gpu-3uwoq-6g3ya-1,ib_counter,rdma_vf_rail2,port_xmit_wait,0
2026-09-30T16:23:15.445Z,gpu-3uwoq-6g3ya-1,ib_counter,rdma_vf_rail2,port_rcv_errors,0
2026-09-30T16:23:15.445Z,gpu-3uwoq-6g3ya-1,ib_counter,rdma_vf_rail2,port_xmit_discards,0
2026-09-30T16:23:15.445Z,gpu-3uwoq-6g3ya-1,ib_counter,rdma_vf_rail2,link_downed,0
2026-09-30T16:23:15.445Z,gpu-3uwoq-6g3ya-1,ib_hw_counter,rdma_vf_rail2,out_of_sequence,8
2026-09-30T16:23:15.445Z,gpu-3uwoq-6g3ya-1,ib_hw_counter,rdma_vf_rail2,packet_seq_err,7
2026-09-30T16:23:15.445Z,gpu-3uwoq-6g3ya-1,ib_hw_counter,rdma_vf_rail2,local_ack_timeout_err,0
2026-09-30T16:23:15.445Z,gpu-3uwoq-6g3ya-1,ib_hw_counter,rdma_vf_rail2,rx_write_requests,4.73562e+08
2026-09-30T16:23:15.445Z,gpu-3uwoq-6g3ya-1,ib_hw_counter,rdma_vf_rail2,rx_read_requests,1.66762e+07
2026-09-30T16:23:15.445Z,gpu-3uwoq-6g3ya-1,ib_hw_counter,rdma_vf_rail2,req_cqe_error,0
2026-09-30T16:23:15.445Z,gpu-3uwoq-6g3ya-1,ib_hw_counter,rdma_vf_rail2,resp_cqe_error,0
2026-09-30T16:23:15.445Z,gpu-3uwoq-6g3ya-1,ib_hw_counter,rdma_vf_rail2,implied_nak_seq_err,0
2026-09-30T16:23:15.445Z,gpu-3uwoq-6g3ya-1,ib_hw_counter,rdma_vf_rail2,duplicate_request,0
2026-09-30T16:23:15.445Z,gpu-3uwoq-6g3ya-1,ib_counter,rdma_vf_rail3,port_xmit_data,5.45593e+12
2026-09-30T16:23:15.445Z,gpu-3uwoq-6g3ya-1,ib_counter,rdma_vf_rail3,port_rcv_data,3.49051e+12
2026-09-30T16:23:15.445Z,gpu-3uwoq-6g3ya-1,ib_counter,rdma_vf_rail3,port_xmit_packets,1.49601e+09
2026-09-30T16:23:15.445Z,gpu-3uwoq-6g3ya-1,ib_counter,rdma_vf_rail3,port_rcv_packets,1.14761e+09
2026-09-30T16:23:15.445Z,gpu-3uwoq-6g3ya-1,ib_counter,rdma_vf_rail3,port_xmit_wait,0
2026-09-30T16:23:15.445Z,gpu-3uwoq-6g3ya-1,ib_counter,rdma_vf_rail3,port_rcv_errors,0
2026-09-30T16:23:15.445Z,gpu-3uwoq-6g3ya-1,ib_counter,rdma_vf_rail3,port_xmit_discards,0
2026-09-30T16:23:15.445Z,gpu-3uwoq-6g3ya-1,ib_counter,rdma_vf_rail3,link_downed,0
2026-09-30T16:23:15.445Z,gpu-3uwoq-6g3ya-1,ib_hw_counter,rdma_vf_rail3,out_of_sequence,9
2026-09-30T16:23:15.445Z,gpu-3uwoq-6g3ya-1,ib_hw_counter,rdma_vf_rail3,packet_seq_err,8
2026-09-30T16:23:15.445Z,gpu-3uwoq-6g3ya-1,ib_hw_counter,rdma_vf_rail3,local_ack_timeout_err,0
2026-09-30T16:23:15.445Z,gpu-3uwoq-6g3ya-1,ib_hw_counter,rdma_vf_rail3,rx_write_requests,4.73562e+08
2026-09-30T16:23:15.445Z,gpu-3uwoq-6g3ya-1,ib_hw_counter,rdma_vf_rail3,rx_read_requests,1.66762e+07
2026-09-30T16:23:15.445Z,gpu-3uwoq-6g3ya-1,ib_hw_counter,rdma_vf_rail3,req_cqe_error,0
2026-09-30T16:23:15.445Z,gpu-3uwoq-6g3ya-1,ib_hw_counter,rdma_vf_rail3,resp_cqe_error,0
2026-09-30T16:23:15.445Z,gpu-3uwoq-6g3ya-1,ib_hw_counter,rdma_vf_rail3,implied_nak_seq_err,0
2026-09-30T16:23:15.445Z,gpu-3uwoq-6g3ya-1,ib_hw_counter,rdma_vf_rail3,duplicate_request,0
2026-09-30T16:23:15.445Z,gpu-3uwoq-6g3ya-1,dcgm,gpu2,gpu_util,100
2026-09-30T16:23:15.445Z,gpu-3uwoq-6g3ya-1,dcgm,gpu3,gpu_util,100
2026-09-30T16:23:15.445Z,gpu-3uwoq-6g3ya-1,dcgm,gpu0,gpu_util,100
2026-09-30T16:23:15.445Z,gpu-3uwoq-6g3ya-1,dcgm,gpu1,gpu_util,100
2026-09-30T16:23:15.445Z,gpu-3uwoq-6g3ya-1,dcgm,gpu2,nvlink_bandwidth_total,128837
2026-09-30T16:23:15.445Z,gpu-3uwoq-6g3ya-1,dcgm,gpu3,nvlink_bandwidth_total,70000
2026-09-30T16:23:15.445Z,gpu-3uwoq-6g3ya-1,dcgm,gpu0,nvlink_bandwidth_total,126125
2026-09-30T16:23:15.445Z,gpu-3uwoq-6g3ya-1,dcgm,gpu1,nvlink_bandwidth_total,126730
2026-09-30T16:23:15.445Z,gpu-3uwoq-6g3ya-1,dcgm,gpu2,power_w,488.249
2026-09-30T16:23:15.445Z,gpu-3uwoq-6g3ya-1,dcgm,gpu3,power_w,491.843
2026-09-30T16:23:15.445Z,gpu-3uwoq-6g3ya-1,dcgm,gpu0,power_w,458.453
2026-09-30T16:23:15.445Z,gpu-3uwoq-6g3ya-1,dcgm,gpu1,power_w,454.322
2026-09-30T16:23:15.445Z,gpu-3uwoq-6g3ya-1,dcgm,gpu2,sm_clock_mhz,2070
2026-09-30T16:23:15.445Z,gpu-3uwoq-6g3ya-1,dcgm,gpu3,sm_clock_mhz,2070
2026-09-30T16:23:15.445Z,gpu-3uwoq-6g3ya-1,dcgm,gpu0,sm_clock_mhz,2070
2026-09-30T16:23:15.445Z,gpu-3uwoq-6g3ya-1,dcgm,gpu1,sm_clock_mhz,2070
2026-09-30T16:23:15.445Z,gpu-3uwoq-6g3ya-1,dcgm,gpu2,dram_active,0.037669
2026-09-30T16:23:15.445Z,gpu-3uwoq-6g3ya-1,dcgm,gpu3,dram_active,0.030762
2026-09-30T16:23:15.445Z,gpu-3uwoq-6g3ya-1,dcgm,gpu0,dram_active,0.037841
2026-09-30T16:23:15.445Z,gpu-3uwoq-6g3ya-1,dcgm,gpu1,dram_active,0.040131
2026-09-30T16:23:15.445Z,gpu-3uwoq-6g3ya-1,dcgm,gpu2,pcie_rx_bytes,339903
2026-09-30T16:23:15.445Z,gpu-3uwoq-6g3ya-1,dcgm,gpu3,pcie_rx_bytes,345303
2026-09-30T16:23:15.445Z,gpu-3uwoq-6g3ya-1,dcgm,gpu0,pcie_rx_bytes,391428
2026-09-30T16:23:15.445Z,gpu-3uwoq-6g3ya-1,dcgm,gpu1,pcie_rx_bytes,404495
2026-09-30T16:23:15.445Z,gpu-3uwoq-6g3ya-1,dcgm,gpu2,pcie_tx_bytes,283339
2026-09-30T16:23:15.445Z,gpu-3uwoq-6g3ya-1,dcgm,gpu3,pcie_tx_bytes,287956
2026-09-30T16:23:15.445Z,gpu-3uwoq-6g3ya-1,dcgm,gpu0,pcie_tx_bytes,334236
2026-09-30T16:23:15.445Z,gpu-3uwoq-6g3ya-1,dcgm,gpu1,pcie_tx_bytes,347883
2026-09-30T16:23:15.445Z,gpu-3uwoq-6g3ya-1,dcgm,gpu2,tensor_active,0
2026-09-30T16:23:15.445Z,gpu-3uwoq-6g3ya-1,dcgm,gpu3,tensor_active,0
2026-09-30T16:23:15.445Z,gpu-3uwoq-6g3ya-1,dcgm,gpu0,tensor_active,0
2026-09-30T16:23:15.445Z,gpu-3uwoq-6g3ya-1,dcgm,gpu1,tensor_active,0
2026-09-30T16:23:15.445Z,gpu-3uwoq-6g3ya-1,dcgm,gpu2,sm_active,0.0165
2026-09-30T16:23:15.445Z,gpu-3uwoq-6g3ya-1,dcgm,gpu3,sm_active,0.013427
2026-09-30T16:23:15.445Z,gpu-3uwoq-6g3ya-1,dcgm,gpu0,sm_active,0.016548
2026-09-30T16:23:15.445Z,gpu-3uwoq-6g3ya-1,dcgm,gpu1,sm_active,0.017527
2026-09-30T16:23:15.445Z,gpu-3uwoq-6g3ya-1,nvlink,gpu0,nvlink_rx_bytes,2.31733e+13
2026-09-30T16:23:15.445Z,gpu-3uwoq-6g3ya-1,nvlink,gpu0,nvlink_tx_bytes,2.31869e+13
2026-09-30T16:23:15.445Z,gpu-3uwoq-6g3ya-1,nvlink,gpu1,nvlink_rx_bytes,2.40813e+13
2026-09-30T16:23:15.445Z,gpu-3uwoq-6g3ya-1,nvlink,gpu1,nvlink_tx_bytes,2.40933e+13
2026-09-30T16:23:15.445Z,gpu-3uwoq-6g3ya-1,nvlink,gpu2,nvlink_rx_bytes,2.33166e+13
2026-09-30T16:23:15.445Z,gpu-3uwoq-6g3ya-1,nvlink,gpu2,nvlink_tx_bytes,2.33351e+13
2026-09-30T16:23:15.445Z,gpu-3uwoq-6g3ya-1,nvlink,gpu3,nvlink_rx_bytes,2.32548e+13
2026-09-30T16:23:15.445Z,gpu-3uwoq-6g3ya-1,nvlink,gpu3,nvlink_tx_bytes,2.32723e+13
2026-09-30T16:23:16.445Z,gpu-3uwoq-6g3ya-1,ib_counter,rdma_vf_rail0,port_xmit_data,6.27354e+12
2026-09-30T16:23:16.445Z,gpu-3uwoq-6g3ya-1,ib_counter,rdma_vf_rail0,port_rcv_data,4.31116e+12
2026-09-30T16:23:16.445Z,gpu-3uwoq-6g3ya-1,ib_counter,rdma_vf_rail0,port_xmit_packets,1.72334e+09
2026-09-30T16:23:16.445Z,gpu-3uwoq-6g3ya-1,ib_counter,rdma_vf_rail0,port_rcv_packets,1.4035e+09
2026-09-30T16:23:16.445Z,gpu-3uwoq-6g3ya-1,ib_counter,rdma_vf_rail0,port_xmit_wait,0
2026-09-30T16:23:16.445Z,gpu-3uwoq-6g3ya-1,ib_counter,rdma_vf_rail0,port_rcv_errors,0
2026-09-30T16:23:16.445Z,gpu-3uwoq-6g3ya-1,ib_counter,rdma_vf_rail0,port_xmit_discards,0
2026-09-30T16:23:16.445Z,gpu-3uwoq-6g3ya-1,ib_counter,rdma_vf_rail0,link_downed,0
2026-09-30T16:23:16.445Z,gpu-3uwoq-6g3ya-1,ib_hw_counter,rdma_vf_rail0,out_of_sequence,8
2026-09-30T16:23:16.445Z,gpu-3uwoq-6g3ya-1,ib_hw_counter,rdma_vf_rail0,packet_seq_err,9
2026-09-30T16:23:16.445Z,gpu-3uwoq-6g3ya-1,ib_hw_counter,rdma_vf_rail0,local_ack_timeout_err,0
2026-09-30T16:23:16.445Z,gpu-3uwoq-6g3ya-1,ib_hw_counter,rdma_vf_rail0,rx_write_requests,4.85746e+08
2026-09-30T16:23:16.445Z,gpu-3uwoq-6g3ya-1,ib_hw_counter,rdma_vf_rail0,rx_read_requests,2.27639e+07
2026-09-30T16:23:16.445Z,gpu-3uwoq-6g3ya-1,ib_hw_counter,rdma_vf_rail0,req_cqe_error,0
2026-09-30T16:23:16.445Z,gpu-3uwoq-6g3ya-1,ib_hw_counter,rdma_vf_rail0,resp_cqe_error,0
2026-09-30T16:23:16.445Z,gpu-3uwoq-6g3ya-1,ib_hw_counter,rdma_vf_rail0,implied_nak_seq_err,0
2026-09-30T16:23:16.445Z,gpu-3uwoq-6g3ya-1,ib_hw_counter,rdma_vf_rail0,duplicate_request,0
2026-09-30T16:23:16.445Z,gpu-3uwoq-6g3ya-1,ib_counter,rdma_vf_rail1,port_xmit_data,5.48301e+12
2026-09-30T16:23:16.445Z,gpu-3uwoq-6g3ya-1,ib_counter,rdma_vf_rail1,port_rcv_data,3.51844e+12
2026-09-30T16:23:16.445Z,gpu-3uwoq-6g3ya-1,ib_counter,rdma_vf_rail1,port_xmit_packets,1.50928e+09
2026-09-30T16:23:16.445Z,gpu-3uwoq-6g3ya-1,ib_counter,rdma_vf_rail1,port_rcv_packets,1.16889e+09
2026-09-30T16:23:16.445Z,gpu-3uwoq-6g3ya-1,ib_counter,rdma_vf_rail1,port_xmit_wait,0
2026-09-30T16:23:16.445Z,gpu-3uwoq-6g3ya-1,ib_counter,rdma_vf_rail1,port_rcv_errors,0
2026-09-30T16:23:16.445Z,gpu-3uwoq-6g3ya-1,ib_counter,rdma_vf_rail1,port_xmit_discards,0
2026-09-30T16:23:16.445Z,gpu-3uwoq-6g3ya-1,ib_counter,rdma_vf_rail1,link_downed,0
2026-09-30T16:23:16.445Z,gpu-3uwoq-6g3ya-1,ib_hw_counter,rdma_vf_rail1,out_of_sequence,7
2026-09-30T16:23:16.445Z,gpu-3uwoq-6g3ya-1,ib_hw_counter,rdma_vf_rail1,packet_seq_err,8
2026-09-30T16:23:16.445Z,gpu-3uwoq-6g3ya-1,ib_hw_counter,rdma_vf_rail1,local_ack_timeout_err,0
2026-09-30T16:23:16.445Z,gpu-3uwoq-6g3ya-1,ib_hw_counter,rdma_vf_rail1,rx_write_requests,4.73996e+08
2026-09-30T16:23:16.445Z,gpu-3uwoq-6g3ya-1,ib_hw_counter,rdma_vf_rail1,rx_read_requests,1.68838e+07
2026-09-30T16:23:16.445Z,gpu-3uwoq-6g3ya-1,ib_hw_counter,rdma_vf_rail1,req_cqe_error,0
2026-09-30T16:23:16.445Z,gpu-3uwoq-6g3ya-1,ib_hw_counter,rdma_vf_rail1,resp_cqe_error,0
2026-09-30T16:23:16.445Z,gpu-3uwoq-6g3ya-1,ib_hw_counter,rdma_vf_rail1,implied_nak_seq_err,0
2026-09-30T16:23:16.445Z,gpu-3uwoq-6g3ya-1,ib_hw_counter,rdma_vf_rail1,duplicate_request,0
2026-09-30T16:23:16.445Z,gpu-3uwoq-6g3ya-1,ib_counter,rdma_vf_rail2,port_xmit_data,5.4557e+12
2026-09-30T16:23:16.445Z,gpu-3uwoq-6g3ya-1,ib_counter,rdma_vf_rail2,port_rcv_data,3.49072e+12
2026-09-30T16:23:16.445Z,gpu-3uwoq-6g3ya-1,ib_counter,rdma_vf_rail2,port_xmit_packets,1.49548e+09
2026-09-30T16:23:16.445Z,gpu-3uwoq-6g3ya-1,ib_counter,rdma_vf_rail2,port_rcv_packets,1.15052e+09
2026-09-30T16:23:16.445Z,gpu-3uwoq-6g3ya-1,ib_counter,rdma_vf_rail2,port_xmit_wait,0
2026-09-30T16:23:16.445Z,gpu-3uwoq-6g3ya-1,ib_counter,rdma_vf_rail2,port_rcv_errors,0
2026-09-30T16:23:16.445Z,gpu-3uwoq-6g3ya-1,ib_counter,rdma_vf_rail2,port_xmit_discards,0
2026-09-30T16:23:16.445Z,gpu-3uwoq-6g3ya-1,ib_counter,rdma_vf_rail2,link_downed,0
2026-09-30T16:23:16.445Z,gpu-3uwoq-6g3ya-1,ib_hw_counter,rdma_vf_rail2,out_of_sequence,8
2026-09-30T16:23:16.445Z,gpu-3uwoq-6g3ya-1,ib_hw_counter,rdma_vf_rail2,packet_seq_err,7
2026-09-30T16:23:16.445Z,gpu-3uwoq-6g3ya-1,ib_hw_counter,rdma_vf_rail2,local_ack_timeout_err,0
2026-09-30T16:23:16.445Z,gpu-3uwoq-6g3ya-1,ib_hw_counter,rdma_vf_rail2,rx_write_requests,4.73562e+08
2026-09-30T16:23:16.445Z,gpu-3uwoq-6g3ya-1,ib_hw_counter,rdma_vf_rail2,rx_read_requests,1.66762e+07
2026-09-30T16:23:16.445Z,gpu-3uwoq-6g3ya-1,ib_hw_counter,rdma_vf_rail2,req_cqe_error,0
2026-09-30T16:23:16.445Z,gpu-3uwoq-6g3ya-1,ib_hw_counter,rdma_vf_rail2,resp_cqe_error,0
2026-09-30T16:23:16.445Z,gpu-3uwoq-6g3ya-1,ib_hw_counter,rdma_vf_rail2,implied_nak_seq_err,0
2026-09-30T16:23:16.445Z,gpu-3uwoq-6g3ya-1,ib_hw_counter,rdma_vf_rail2,duplicate_request,0
2026-09-30T16:23:16.445Z,gpu-3uwoq-6g3ya-1,ib_counter,rdma_vf_rail3,port_xmit_data,5.45593e+12
2026-09-30T16:23:16.445Z,gpu-3uwoq-6g3ya-1,ib_counter,rdma_vf_rail3,port_rcv_data,3.49051e+12
2026-09-30T16:23:16.445Z,gpu-3uwoq-6g3ya-1,ib_counter,rdma_vf_rail3,port_xmit_packets,1.49601e+09
2026-09-30T16:23:16.445Z,gpu-3uwoq-6g3ya-1,ib_counter,rdma_vf_rail3,port_rcv_packets,1.14761e+09
2026-09-30T16:23:16.445Z,gpu-3uwoq-6g3ya-1,ib_counter,rdma_vf_rail3,port_xmit_wait,0
2026-09-30T16:23:16.445Z,gpu-3uwoq-6g3ya-1,ib_counter,rdma_vf_rail3,port_rcv_errors,0
2026-09-30T16:23:16.445Z,gpu-3uwoq-6g3ya-1,ib_counter,rdma_vf_rail3,port_xmit_discards,0
2026-09-30T16:23:16.445Z,gpu-3uwoq-6g3ya-1,ib_counter,rdma_vf_rail3,link_downed,0
2026-09-30T16:23:16.445Z,gpu-3uwoq-6g3ya-1,ib_hw_counter,rdma_vf_rail3,out_of_sequence,9
2026-09-30T16:23:16.445Z,gpu-3uwoq-6g3ya-1,ib_hw_counter,rdma_vf_rail3,packet_seq_err,8
2026-09-30T16:23:16.445Z,gpu-3uwoq-6g3ya-1,ib_hw_counter,rdma_vf_rail3,local_ack_timeout_err,0
2026-09-30T16:23:16.445Z,gpu-3uwoq-6g3ya-1,ib_hw_counter,rdma_vf_rail3,rx_write_requests,4.73562e+08
2026-09-30T16:23:16.445Z,gpu-3uwoq-6g3ya-1,ib_hw_counter,rdma_vf_rail3,rx_read_requests,1.66762e+07
2026-09-30T16:23:16.445Z,gpu-3uwoq-6g3ya-1,ib_hw_counter,rdma_vf_rail3,req_cqe_error,0
2026-09-30T16:23:16.445Z,gpu-3uwoq-6g3ya-1,ib_hw_counter,rdma_vf_rail3,resp_cqe_error,0
2026-09-30T16:23:16.445Z,gpu-3uwoq-6g3ya-1,ib_hw_counter,rdma_vf_rail3,implied_nak_seq_err,0
2026-09-30T16:23:16.445Z,gpu-3uwoq-6g3ya-1,ib_hw_counter,rdma_vf_rail3,duplicate_request,0
2026-09-30T16:23:16.445Z,gpu-3uwoq-6g3ya-1,dcgm,gpu2,gpu_util,100
2026-09-30T16:23:16.445Z,gpu-3uwoq-6g3ya-1,dcgm,gpu3,gpu_util,100
2026-09-30T16:23:16.445Z,gpu-3uwoq-6g3ya-1,dcgm,gpu0,gpu_util,100
2026-09-30T16:23:16.445Z,gpu-3uwoq-6g3ya-1,dcgm,gpu1,gpu_util,100
2026-09-30T16:23:16.445Z,gpu-3uwoq-6g3ya-1,dcgm,gpu2,nvlink_bandwidth_total,128837
2026-09-30T16:23:16.445Z,gpu-3uwoq-6g3ya-1,dcgm,gpu3,nvlink_bandwidth_total,70000
2026-09-30T16:23:16.445Z,gpu-3uwoq-6g3ya-1,dcgm,gpu0,nvlink_bandwidth_total,126125
2026-09-30T16:23:16.445Z,gpu-3uwoq-6g3ya-1,dcgm,gpu1,nvlink_bandwidth_total,126730
2026-09-30T16:23:16.445Z,gpu-3uwoq-6g3ya-1,dcgm,gpu2,power_w,488.249
2026-09-30T16:23:16.445Z,gpu-3uwoq-6g3ya-1,dcgm,gpu3,power_w,491.843
2026-09-30T16:23:16.445Z,gpu-3uwoq-6g3ya-1,dcgm,gpu0,power_w,458.453
2026-09-30T16:23:16.445Z,gpu-3uwoq-6g3ya-1,dcgm,gpu1,power_w,454.322
2026-09-30T16:23:16.445Z,gpu-3uwoq-6g3ya-1,dcgm,gpu2,sm_clock_mhz,2070
2026-09-30T16:23:16.445Z,gpu-3uwoq-6g3ya-1,dcgm,gpu3,sm_clock_mhz,2070
2026-09-30T16:23:16.445Z,gpu-3uwoq-6g3ya-1,dcgm,gpu0,sm_clock_mhz,2070
2026-09-30T16:23:16.445Z,gpu-3uwoq-6g3ya-1,dcgm,gpu1,sm_clock_mhz,2070
2026-09-30T16:23:16.445Z,gpu-3uwoq-6g3ya-1,dcgm,gpu2,dram_active,0.037669
2026-09-30T16:23:16.445Z,gpu-3uwoq-6g3ya-1,dcgm,gpu3,dram_active,0.030762
2026-09-30T16:23:16.445Z,gpu-3uwoq-6g3ya-1,dcgm,gpu0,dram_active,0.037841
2026-09-30T16:23:16.445Z,gpu-3uwoq-6g3ya-1,dcgm,gpu1,dram_active,0.040131
2026-09-30T16:23:16.445Z,gpu-3uwoq-6g3ya-1,dcgm,gpu2,pcie_rx_bytes,339903
2026-09-30T16:23:16.445Z,gpu-3uwoq-6g3ya-1,dcgm,gpu3,pcie_rx_bytes,345303
2026-09-30T16:23:16.445Z,gpu-3uwoq-6g3ya-1,dcgm,gpu0,pcie_rx_bytes,391428
2026-09-30T16:23:16.445Z,gpu-3uwoq-6g3ya-1,dcgm,gpu1,pcie_rx_bytes,404495
2026-09-30T16:23:16.445Z,gpu-3uwoq-6g3ya-1,dcgm,gpu2,pcie_tx_bytes,283339
2026-09-30T16:23:16.445Z,gpu-3uwoq-6g3ya-1,dcgm,gpu3,pcie_tx_bytes,287956
2026-09-30T16:23:16.445Z,gpu-3uwoq-6g3ya-1,dcgm,gpu0,pcie_tx_bytes,334236
2026-09-30T16:23:16.445Z,gpu-3uwoq-6g3ya-1,dcgm,gpu1,pcie_tx_bytes,347883
2026-09-30T16:23:16.445Z,gpu-3uwoq-6g3ya-1,dcgm,gpu2,tensor_active,0
2026-09-30T16:23:16.445Z,gpu-3uwoq-6g3ya-1,dcgm,gpu3,tensor_active,0
2026-09-30T16:23:16.445Z,gpu-3uwoq-6g3ya-1,dcgm,gpu0,tensor_active,0
2026-09-30T16:23:16.445Z,gpu-3uwoq-6g3ya-1,dcgm,gpu1,tensor_active,0
2026-09-30T16:23:16.445Z,gpu-3uwoq-6g3ya-1,dcgm,gpu2,sm_active,0.0165
2026-09-30T16:23:16.445Z,gpu-3uwoq-6g3ya-1,dcgm,gpu3,sm_active,0.013427
2026-09-30T16:23:16.445Z,gpu-3uwoq-6g3ya-1,dcgm,gpu0,sm_active,0.016548
2026-09-30T16:23:16.445Z,gpu-3uwoq-6g3ya-1,dcgm,gpu1,sm_active,0.017527
2026-09-30T16:23:16.445Z,gpu-3uwoq-6g3ya-1,nvlink,gpu0,nvlink_rx_bytes,2.31733e+13
2026-09-30T16:23:16.445Z,gpu-3uwoq-6g3ya-1,nvlink,gpu0,nvlink_tx_bytes,2.31869e+13
2026-09-30T16:23:16.445Z,gpu-3uwoq-6g3ya-1,nvlink,gpu1,nvlink_rx_bytes,2.40813e+13
2026-09-30T16:23:16.445Z,gpu-3uwoq-6g3ya-1,nvlink,gpu1,nvlink_tx_bytes,2.40933e+13
2026-09-30T16:23:16.445Z,gpu-3uwoq-6g3ya-1,nvlink,gpu2,nvlink_rx_bytes,2.33166e+13
2026-09-30T16:23:16.445Z,gpu-3uwoq-6g3ya-1,nvlink,gpu2,nvlink_tx_bytes,2.33351e+13
2026-09-30T16:23:16.445Z,gpu-3uwoq-6g3ya-1,nvlink,gpu3,nvlink_rx_bytes,2.32548e+13
2026-09-30T16:23:16.445Z,gpu-3uwoq-6g3ya-1,nvlink,gpu3,nvlink_tx_bytes,2.32723e+13
2026-09-30T16:23:17.445Z,gpu-3uwoq-6g3ya-1,ib_counter,rdma_vf_rail0,port_xmit_data,6.27354e+12
2026-09-30T16:23:17.445Z,gpu-3uwoq-6g3ya-1,ib_counter,rdma_vf_rail0,port_rcv_data,4.31116e+12
2026-09-30T16:23:17.445Z,gpu-3uwoq-6g3ya-1,ib_counter,rdma_vf_rail0,port_xmit_packets,1.72334e+09
2026-09-30T16:23:17.445Z,gpu-3uwoq-6g3ya-1,ib_counter,rdma_vf_rail0,port_rcv_packets,1.4035e+09
2026-09-30T16:23:17.445Z,gpu-3uwoq-6g3ya-1,ib_counter,rdma_vf_rail0,port_xmit_wait,0
2026-09-30T16:23:17.445Z,gpu-3uwoq-6g3ya-1,ib_counter,rdma_vf_rail0,port_rcv_errors,0
2026-09-30T16:23:17.445Z,gpu-3uwoq-6g3ya-1,ib_counter,rdma_vf_rail0,port_xmit_discards,0
2026-09-30T16:23:17.445Z,gpu-3uwoq-6g3ya-1,ib_counter,rdma_vf_rail0,link_downed,0
2026-09-30T16:23:17.445Z,gpu-3uwoq-6g3ya-1,ib_hw_counter,rdma_vf_rail0,out_of_sequence,8
2026-09-30T16:23:17.445Z,gpu-3uwoq-6g3ya-1,ib_hw_counter,rdma_vf_rail0,packet_seq_err,9
2026-09-30T16:23:17.445Z,gpu-3uwoq-6g3ya-1,ib_hw_counter,rdma_vf_rail0,local_ack_timeout_err,0
2026-09-30T16:23:17.445Z,gpu-3uwoq-6g3ya-1,ib_hw_counter,rdma_vf_rail0,rx_write_requests,4.85746e+08
2026-09-30T16:23:17.445Z,gpu-3uwoq-6g3ya-1,ib_hw_counter,rdma_vf_rail0,rx_read_requests,2.27639e+07
2026-09-30T16:23:17.445Z,gpu-3uwoq-6g3ya-1,ib_hw_counter,rdma_vf_rail0,req_cqe_error,0
2026-09-30T16:23:17.445Z,gpu-3uwoq-6g3ya-1,ib_hw_counter,rdma_vf_rail0,resp_cqe_error,0
2026-09-30T16:23:17.445Z,gpu-3uwoq-6g3ya-1,ib_hw_counter,rdma_vf_rail0,implied_nak_seq_err,0
2026-09-30T16:23:17.445Z,gpu-3uwoq-6g3ya-1,ib_hw_counter,rdma_vf_rail0,duplicate_request,0
2026-09-30T16:23:17.445Z,gpu-3uwoq-6g3ya-1,ib_counter,rdma_vf_rail1,port_xmit_data,5.48301e+12
2026-09-30T16:23:17.445Z,gpu-3uwoq-6g3ya-1,ib_counter,rdma_vf_rail1,port_rcv_data,3.51844e+12
2026-09-30T16:23:17.445Z,gpu-3uwoq-6g3ya-1,ib_counter,rdma_vf_rail1,port_xmit_packets,1.50928e+09
2026-09-30T16:23:17.445Z,gpu-3uwoq-6g3ya-1,ib_counter,rdma_vf_rail1,port_rcv_packets,1.16889e+09
2026-09-30T16:23:17.445Z,gpu-3uwoq-6g3ya-1,ib_counter,rdma_vf_rail1,port_xmit_wait,0
2026-09-30T16:23:17.445Z,gpu-3uwoq-6g3ya-1,ib_counter,rdma_vf_rail1,port_rcv_errors,0
2026-09-30T16:23:17.445Z,gpu-3uwoq-6g3ya-1,ib_counter,rdma_vf_rail1,port_xmit_discards,0
2026-09-30T16:23:17.445Z,gpu-3uwoq-6g3ya-1,ib_counter,rdma_vf_rail1,link_downed,0
2026-09-30T16:23:17.445Z,gpu-3uwoq-6g3ya-1,ib_hw_counter,rdma_vf_rail1,out_of_sequence,7
2026-09-30T16:23:17.445Z,gpu-3uwoq-6g3ya-1,ib_hw_counter,rdma_vf_rail1,packet_seq_err,8
2026-09-30T16:23:17.445Z,gpu-3uwoq-6g3ya-1,ib_hw_counter,rdma_vf_rail1,local_ack_timeout_err,0
2026-09-30T16:23:17.445Z,gpu-3uwoq-6g3ya-1,ib_hw_counter,rdma_vf_rail1,rx_write_requests,4.73996e+08
2026-09-30T16:23:17.445Z,gpu-3uwoq-6g3ya-1,ib_hw_counter,rdma_vf_rail1,rx_read_requests,1.68838e+07
2026-09-30T16:23:17.445Z,gpu-3uwoq-6g3ya-1,ib_hw_counter,rdma_vf_rail1,req_cqe_error,0
2026-09-30T16:23:17.445Z,gpu-3uwoq-6g3ya-1,ib_hw_counter,rdma_vf_rail1,resp_cqe_error,0
2026-09-30T16:23:17.445Z,gpu-3uwoq-6g3ya-1,ib_hw_counter,rdma_vf_rail1,implied_nak_seq_err,0
2026-09-30T16:23:17.445Z,gpu-3uwoq-6g3ya-1,ib_hw_counter,rdma_vf_rail1,duplicate_request,0
2026-09-30T16:23:17.445Z,gpu-3uwoq-6g3ya-1,ib_counter,rdma_vf_rail2,port_xmit_data,5.4557e+12
2026-09-30T16:23:17.445Z,gpu-3uwoq-6g3ya-1,ib_counter,rdma_vf_rail2,port_rcv_data,3.49072e+12
2026-09-30T16:23:17.445Z,gpu-3uwoq-6g3ya-1,ib_counter,rdma_vf_rail2,port_xmit_packets,1.49548e+09
2026-09-30T16:23:17.445Z,gpu-3uwoq-6g3ya-1,ib_counter,rdma_vf_rail2,port_rcv_packets,1.15052e+09
2026-09-30T16:23:17.445Z,gpu-3uwoq-6g3ya-1,ib_counter,rdma_vf_rail2,port_xmit_wait,0
2026-09-30T16:23:17.445Z,gpu-3uwoq-6g3ya-1,ib_counter,rdma_vf_rail2,port_rcv_errors,0
2026-09-30T16:23:17.445Z,gpu-3uwoq-6g3ya-1,ib_counter,rdma_vf_rail2,port_xmit_discards,0
2026-09-30T16:23:17.445Z,gpu-3uwoq-6g3ya-1,ib_counter,rdma_vf_rail2,link_downed,0
2026-09-30T16:23:17.445Z,gpu-3uwoq-6g3ya-1,ib_hw_counter,rdma_vf_rail2,out_of_sequence,8
2026-09-30T16:23:17.445Z,gpu-3uwoq-6g3ya-1,ib_hw_counter,rdma_vf_rail2,packet_seq_err,7
2026-09-30T16:23:17.445Z,gpu-3uwoq-6g3ya-1,ib_hw_counter,rdma_vf_rail2,local_ack_timeout_err,0
2026-09-30T16:23:17.445Z,gpu-3uwoq-6g3ya-1,ib_hw_counter,rdma_vf_rail2,rx_write_requests,4.73562e+08
2026-09-30T16:23:17.445Z,gpu-3uwoq-6g3ya-1,ib_hw_counter,rdma_vf_rail2,rx_read_requests,1.66762e+07
2026-09-30T16:23:17.445Z,gpu-3uwoq-6g3ya-1,ib_hw_counter,rdma_vf_rail2,req_cqe_error,0
2026-09-30T16:23:17.445Z,gpu-3uwoq-6g3ya-1,ib_hw_counter,rdma_vf_rail2,resp_cqe_error,0
2026-09-30T16:23:17.445Z,gpu-3uwoq-6g3ya-1,ib_hw_counter,rdma_vf_rail2,implied_nak_seq_err,0
2026-09-30T16:23:17.445Z,gpu-3uwoq-6g3ya-1,ib_hw_counter,rdma_vf_rail2,duplicate_request,0
2026-09-30T16:23:17.445Z,gpu-3uwoq-6g3ya-1,ib_counter,rdma_vf_rail3,port_xmit_data,5.45593e+12
2026-09-30T16:23:17.445Z,gpu-3uwoq-6g3ya-1,ib_counter,rdma_vf_rail3,port_rcv_data,3.49051e+12
2026-09-30T16:23:17.445Z,gpu-3uwoq-6g3ya-1,ib_counter,rdma_vf_rail3,port_xmit_packets,1.49601e+09
2026-09-30T16:23:17.445Z,gpu-3uwoq-6g3ya-1,ib_counter,rdma_vf_rail3,port_rcv_packets,1.14761e+09
2026-09-30T16:23:17.445Z,gpu-3uwoq-6g3ya-1,ib_counter,rdma_vf_rail3,port_xmit_wait,0
2026-09-30T16:23:17.445Z,gpu-3uwoq-6g3ya-1,ib_counter,rdma_vf_rail3,port_rcv_errors,0
2026-09-30T16:23:17.445Z,gpu-3uwoq-6g3ya-1,ib_counter,rdma_vf_rail3,port_xmit_discards,0
2026-09-30T16:23:17.445Z,gpu-3uwoq-6g3ya-1,ib_counter,rdma_vf_rail3,link_downed,0
2026-09-30T16:23:17.445Z,gpu-3uwoq-6g3ya-1,ib_hw_counter,rdma_vf_rail3,out_of_sequence,9
2026-09-30T16:23:17.445Z,gpu-3uwoq-6g3ya-1,ib_hw_counter,rdma_vf_rail3,packet_seq_err,8
2026-09-30T16:23:17.445Z,gpu-3uwoq-6g3ya-1,ib_hw_counter,rdma_vf_rail3,local_ack_timeout_err,0
2026-09-30T16:23:17.445Z,gpu-3uwoq-6g3ya-1,ib_hw_counter,rdma_vf_rail3,rx_write_requests,4.73562e+08
2026-09-30T16:23:17.445Z,gpu-3uwoq-6g3ya-1,ib_hw_counter,rdma_vf_rail3,rx_read_requests,1.66762e+07
2026-09-30T16:23:17.445Z,gpu-3uwoq-6g3ya-1,ib_hw_counter,rdma_vf_rail3,req_cqe_error,0
2026-09-30T16:23:17.445Z,gpu-3uwoq-6g3ya-1,ib_hw_counter,rdma_vf_rail3,resp_cqe_error,0
2026-09-30T16:23:17.445Z,gpu-3uwoq-6g3ya-1,ib_hw_counter,rdma_vf_rail3,implied_nak_seq_err,0
2026-09-30T16:23:17.445Z,gpu-3uwoq-6g3ya-1,ib_hw_counter,rdma_vf_rail3,duplicate_request,0
2026-09-30T16:23:17.445Z,gpu-3uwoq-6g3ya-1,dcgm,gpu2,gpu_util,100
2026-09-30T16:23:17.445Z,gpu-3uwoq-6g3ya-1,dcgm,gpu3,gpu_util,100
2026-09-30T16:23:17.445Z,gpu-3uwoq-6g3ya-1,dcgm,gpu0,gpu_util,100
2026-09-30T16:23:17.445Z,gpu-3uwoq-6g3ya-1,dcgm,gpu1,gpu_util,100
2026-09-30T16:23:17.445Z,gpu-3uwoq-6g3ya-1,dcgm,gpu2,nvlink_bandwidth_total,128837
2026-09-30T16:23:17.445Z,gpu-3uwoq-6g3ya-1,dcgm,gpu3,nvlink_bandwidth_total,70000
2026-09-30T16:23:17.445Z,gpu-3uwoq-6g3ya-1,dcgm,gpu0,nvlink_bandwidth_total,126125
2026-09-30T16:23:17.445Z,gpu-3uwoq-6g3ya-1,dcgm,gpu1,nvlink_bandwidth_total,126730
2026-09-30T16:23:17.445Z,gpu-3uwoq-6g3ya-1,dcgm,gpu2,power_w,488.249
2026-09-30T16:23:17.445Z,gpu-3uwoq-6g3ya-1,dcgm,gpu3,power_w,491.843
2026-09-30T16:23:17.445Z,gpu-3uwoq-6g3ya-1,dcgm,gpu0,power_w,458.453
2026-09-30T16:23:17.445Z,gpu-3uwoq-6g3ya-1,dcgm,gpu1,power_w,454.322
2026-09-30T16:23:17.445Z,gpu-3uwoq-6g3ya-1,dcgm,gpu2,sm_clock_mhz,2070
2026-09-30T16:23:17.445Z,gpu-3uwoq-6g3ya-1,dcgm,gpu3,sm_clock_mhz,2070
2026-09-30T16:23:17.445Z,gpu-3uwoq-6g3ya-1,dcgm,gpu0,sm_clock_mhz,2070
2026-09-30T16:23:17.445Z,gpu-3uwoq-6g3ya-1,dcgm,gpu1,sm_clock_mhz,2070
2026-09-30T16:23:17.445Z,gpu-3uwoq-6g3ya-1,dcgm,gpu2,dram_active,0.037669
2026-09-30T16:23:17.445Z,gpu-3uwoq-6g3ya-1,dcgm,gpu3,dram_active,0.030762
2026-09-30T16:23:17.445Z,gpu-3uwoq-6g3ya-1,dcgm,gpu0,dram_active,0.037841
2026-09-30T16:23:17.445Z,gpu-3uwoq-6g3ya-1,dcgm,gpu1,dram_active,0.040131
2026-09-30T16:23:17.445Z,gpu-3uwoq-6g3ya-1,dcgm,gpu2,pcie_rx_bytes,339903
2026-09-30T16:23:17.445Z,gpu-3uwoq-6g3ya-1,dcgm,gpu3,pcie_rx_bytes,345303
2026-09-30T16:23:17.445Z,gpu-3uwoq-6g3ya-1,dcgm,gpu0,pcie_rx_bytes,391428
2026-09-30T16:23:17.445Z,gpu-3uwoq-6g3ya-1,dcgm,gpu1,pcie_rx_bytes,404495
2026-09-30T16:23:17.445Z,gpu-3uwoq-6g3ya-1,dcgm,gpu2,pcie_tx_bytes,283339
2026-09-30T16:23:17.445Z,gpu-3uwoq-6g3ya-1,dcgm,gpu3,pcie_tx_bytes,287956
2026-09-30T16:23:17.445Z,gpu-3uwoq-6g3ya-1,dcgm,gpu0,pcie_tx_bytes,334236
2026-09-30T16:23:17.445Z,gpu-3uwoq-6g3ya-1,dcgm,gpu1,pcie_tx_bytes,347883
2026-09-30T16:23:17.445Z,gpu-3uwoq-6g3ya-1,dcgm,gpu2,tensor_active,0
2026-09-30T16:23:17.445Z,gpu-3uwoq-6g3ya-1,dcgm,gpu3,tensor_active,0
2026-09-30T16:23:17.445Z,gpu-3uwoq-6g3ya-1,dcgm,gpu0,tensor_active,0
2026-09-30T16:23:17.445Z,gpu-3uwoq-6g3ya-1,dcgm,gpu1,tensor_active,0
2026-09-30T16:23:17.445Z,gpu-3uwoq-6g3ya-1,dcgm,gpu2,sm_active,0.0165
2026-09-30T16:23:17.445Z,gpu-3uwoq-6g3ya-1,dcgm,gpu3,sm_active,0.013427
2026-09-30T16:23:17.445Z,gpu-3uwoq-6g3ya-1,dcgm,gpu0,sm_active,0.016548
2026-09-30T16:23:17.445Z,gpu-3uwoq-6g3ya-1,dcgm,gpu1,sm_active,0.017527
2026-09-30T16:23:17.445Z,gpu-3uwoq-6g3ya-1,nvlink,gpu0,nvlink_rx_bytes,2.31733e+13
2026-09-30T16:23:17.445Z,gpu-3uwoq-6g3ya-1,nvlink,gpu0,nvlink_tx_bytes,2.31869e+13
2026-09-30T16:23:17.445Z,gpu-3uwoq-6g3ya-1,nvlink,gpu1,nvlink_rx_bytes,2.40813e+13
2026-09-30T16:23:17.445Z,gpu-3uwoq-6g3ya-1,nvlink,gpu1,nvlink_tx_bytes,2.40933e+13
2026-09-30T16:23:17.445Z,gpu-3uwoq-6g3ya-1,nvlink,gpu2,nvlink_rx_bytes,2.33166e+13
2026-09-30T16:23:17.445Z,gpu-3uwoq-6g3ya-1,nvlink,gpu2,nvlink_tx_bytes,2.33351e+13
2026-09-30T16:23:17.445Z,gpu-3uwoq-6g3ya-1,nvlink,gpu3,nvlink_rx_bytes,2.32548e+13
2026-09-30T16:23:17.445Z,gpu-3uwoq-6g3ya-1,nvlink,gpu3,nvlink_tx_bytes,2.32723e+13
2026-09-30T16:23:18.445Z,gpu-3uwoq-6g3ya-1,ib_counter,rdma_vf_rail0,port_xmit_data,6.27354e+12
2026-09-30T16:23:18.445Z,gpu-3uwoq-6g3ya-1,ib_counter,rdma_vf_rail0,port_rcv_data,4.31116e+12
2026-09-30T16:23:18.445Z,gpu-3uwoq-6g3ya-1,ib_counter,rdma_vf_rail0,port_xmit_packets,1.72334e+09
2026-09-30T16:23:18.445Z,gpu-3uwoq-6g3ya-1,ib_counter,rdma_vf_rail0,port_rcv_packets,1.4035e+09
2026-09-30T16:23:18.445Z,gpu-3uwoq-6g3ya-1,ib_counter,rdma_vf_rail0,port_xmit_wait,0
2026-09-30T16:23:18.445Z,gpu-3uwoq-6g3ya-1,ib_counter,rdma_vf_rail0,port_rcv_errors,0
2026-09-30T16:23:18.445Z,gpu-3uwoq-6g3ya-1,ib_counter,rdma_vf_rail0,port_xmit_discards,0
2026-09-30T16:23:18.445Z,gpu-3uwoq-6g3ya-1,ib_counter,rdma_vf_rail0,link_downed,0
2026-09-30T16:23:18.445Z,gpu-3uwoq-6g3ya-1,ib_hw_counter,rdma_vf_rail0,out_of_sequence,8
2026-09-30T16:23:18.445Z,gpu-3uwoq-6g3ya-1,ib_hw_counter,rdma_vf_rail0,packet_seq_err,9
2026-09-30T16:23:18.445Z,gpu-3uwoq-6g3ya-1,ib_hw_counter,rdma_vf_rail0,local_ack_timeout_err,0
2026-09-30T16:23:18.445Z,gpu-3uwoq-6g3ya-1,ib_hw_counter,rdma_vf_rail0,rx_write_requests,4.85746e+08
2026-09-30T16:23:18.445Z,gpu-3uwoq-6g3ya-1,ib_hw_counter,rdma_vf_rail0,rx_read_requests,2.27639e+07
2026-09-30T16:23:18.445Z,gpu-3uwoq-6g3ya-1,ib_hw_counter,rdma_vf_rail0,req_cqe_error,0
2026-09-30T16:23:18.445Z,gpu-3uwoq-6g3ya-1,ib_hw_counter,rdma_vf_rail0,resp_cqe_error,0
2026-09-30T16:23:18.445Z,gpu-3uwoq-6g3ya-1,ib_hw_counter,rdma_vf_rail0,implied_nak_seq_err,0
2026-09-30T16:23:18.445Z,gpu-3uwoq-6g3ya-1,ib_hw_counter,rdma_vf_rail0,duplicate_request,0
2026-09-30T16:23:18.445Z,gpu-3uwoq-6g3ya-1,ib_counter,rdma_vf_rail1,port_xmit_data,5.48301e+12
2026-09-30T16:23:18.445Z,gpu-3uwoq-6g3ya-1,ib_counter,rdma_vf_rail1,port_rcv_data,3.51844e+12
2026-09-30T16:23:18.445Z,gpu-3uwoq-6g3ya-1,ib_counter,rdma_vf_rail1,port_xmit_packets,1.50928e+09
2026-09-30T16:23:18.445Z,gpu-3uwoq-6g3ya-1,ib_counter,rdma_vf_rail1,port_rcv_packets,1.16889e+09
2026-09-30T16:23:18.445Z,gpu-3uwoq-6g3ya-1,ib_counter,rdma_vf_rail1,port_xmit_wait,0
2026-09-30T16:23:18.445Z,gpu-3uwoq-6g3ya-1,ib_counter,rdma_vf_rail1,port_rcv_errors,0
2026-09-30T16:23:18.445Z,gpu-3uwoq-6g3ya-1,ib_counter,rdma_vf_rail1,port_xmit_discards,0
2026-09-30T16:23:18.445Z,gpu-3uwoq-6g3ya-1,ib_counter,rdma_vf_rail1,link_downed,0
2026-09-30T16:23:18.445Z,gpu-3uwoq-6g3ya-1,ib_hw_counter,rdma_vf_rail1,out_of_sequence,7
2026-09-30T16:23:18.445Z,gpu-3uwoq-6g3ya-1,ib_hw_counter,rdma_vf_rail1,packet_seq_err,8
2026-09-30T16:23:18.445Z,gpu-3uwoq-6g3ya-1,ib_hw_counter,rdma_vf_rail1,local_ack_timeout_err,0
2026-09-30T16:23:18.445Z,gpu-3uwoq-6g3ya-1,ib_hw_counter,rdma_vf_rail1,rx_write_requests,4.73996e+08
2026-09-30T16:23:18.445Z,gpu-3uwoq-6g3ya-1,ib_hw_counter,rdma_vf_rail1,rx_read_requests,1.68838e+07
2026-09-30T16:23:18.445Z,gpu-3uwoq-6g3ya-1,ib_hw_counter,rdma_vf_rail1,req_cqe_error,0
2026-09-30T16:23:18.445Z,gpu-3uwoq-6g3ya-1,ib_hw_counter,rdma_vf_rail1,resp_cqe_error,0
2026-09-30T16:23:18.445Z,gpu-3uwoq-6g3ya-1,ib_hw_counter,rdma_vf_rail1,implied_nak_seq_err,0
2026-09-30T16:23:18.445Z,gpu-3uwoq-6g3ya-1,ib_hw_counter,rdma_vf_rail1,duplicate_request,0
2026-09-30T16:23:18.445Z,gpu-3uwoq-6g3ya-1,ib_counter,rdma_vf_rail2,port_xmit_data,5.4557e+12
2026-09-30T16:23:18.445Z,gpu-3uwoq-6g3ya-1,ib_counter,rdma_vf_rail2,port_rcv_data,3.49072e+12
2026-09-30T16:23:18.445Z,gpu-3uwoq-6g3ya-1,ib_counter,rdma_vf_rail2,port_xmit_packets,1.49548e+09
2026-09-30T16:23:18.445Z,gpu-3uwoq-6g3ya-1,ib_counter,rdma_vf_rail2,port_rcv_packets,1.15052e+09
2026-09-30T16:23:18.445Z,gpu-3uwoq-6g3ya-1,ib_counter,rdma_vf_rail2,port_xmit_wait,0
2026-09-30T16:23:18.445Z,gpu-3uwoq-6g3ya-1,ib_counter,rdma_vf_rail2,port_rcv_errors,0
2026-09-30T16:23:18.445Z,gpu-3uwoq-6g3ya-1,ib_counter,rdma_vf_rail2,port_xmit_discards,0
2026-09-30T16:23:18.445Z,gpu-3uwoq-6g3ya-1,ib_counter,rdma_vf_rail2,link_downed,0
2026-09-30T16:23:18.445Z,gpu-3uwoq-6g3ya-1,ib_hw_counter,rdma_vf_rail2,out_of_sequence,8
2026-09-30T16:23:18.445Z,gpu-3uwoq-6g3ya-1,ib_hw_counter,rdma_vf_rail2,packet_seq_err,7
2026-09-30T16:23:18.445Z,gpu-3uwoq-6g3ya-1,ib_hw_counter,rdma_vf_rail2,local_ack_timeout_err,0
2026-09-30T16:23:18.445Z,gpu-3uwoq-6g3ya-1,ib_hw_counter,rdma_vf_rail2,rx_write_requests,4.73562e+08
2026-09-30T16:23:18.445Z,gpu-3uwoq-6g3ya-1,ib_hw_counter,rdma_vf_rail2,rx_read_requests,1.66762e+07
2026-09-30T16:23:18.445Z,gpu-3uwoq-6g3ya-1,ib_hw_counter,rdma_vf_rail2,req_cqe_error,0
2026-09-30T16:23:18.445Z,gpu-3uwoq-6g3ya-1,ib_hw_counter,rdma_vf_rail2,resp_cqe_error,0
2026-09-30T16:23:18.445Z,gpu-3uwoq-6g3ya-1,ib_hw_counter,rdma_vf_rail2,implied_nak_seq_err,0
2026-09-30T16:23:18.445Z,gpu-3uwoq-6g3ya-1,ib_hw_counter,rdma_vf_rail2,duplicate_request,0
2026-09-30T16:23:18.445Z,gpu-3uwoq-6g3ya-1,ib_counter,rdma_vf_rail3,port_xmit_data,5.45593e+12
2026-09-30T16:23:18.445Z,gpu-3uwoq-6g3ya-1,ib_counter,rdma_vf_rail3,port_rcv_data,3.49051e+12
2026-09-30T16:23:18.445Z,gpu-3uwoq-6g3ya-1,ib_counter,rdma_vf_rail3,port_xmit_packets,1.49601e+09
2026-09-30T16:23:18.445Z,gpu-3uwoq-6g3ya-1,ib_counter,rdma_vf_rail3,port_rcv_packets,1.14761e+09
2026-09-30T16:23:18.445Z,gpu-3uwoq-6g3ya-1,ib_counter,rdma_vf_rail3,port_xmit_wait,0
2026-09-30T16:23:18.445Z,gpu-3uwoq-6g3ya-1,ib_counter,rdma_vf_rail3,port_rcv_errors,0
2026-09-30T16:23:18.445Z,gpu-3uwoq-6g3ya-1,ib_counter,rdma_vf_rail3,port_xmit_discards,0
2026-09-30T16:23:18.445Z,gpu-3uwoq-6g3ya-1,ib_counter,rdma_vf_rail3,link_downed,0
2026-09-30T16:23:18.445Z,gpu-3uwoq-6g3ya-1,ib_hw_counter,rdma_vf_rail3,out_of_sequence,9
2026-09-30T16:23:18.445Z,gpu-3uwoq-6g3ya-1,ib_hw_counter,rdma_vf_rail3,packet_seq_err,8
2026-09-30T16:23:18.445Z,gpu-3uwoq-6g3ya-1,ib_hw_counter,rdma_vf_rail3,local_ack_timeout_err,0
2026-09-30T16:23:18.445Z,gpu-3uwoq-6g3ya-1,ib_hw_counter,rdma_vf_rail3,rx_write_requests,4.73562e+08
2026-09-30T16:23:18.445Z,gpu-3uwoq-6g3ya-1,ib_hw_counter,rdma_vf_rail3,rx_read_requests,1.66762e+07
2026-09-30T16:23:18.445Z,gpu-3uwoq-6g3ya-1,ib_hw_counter,rdma_vf_rail3,req_cqe_error,0
2026-09-30T16:23:18.445Z,gpu-3uwoq-6g3ya-1,ib_hw_counter,rdma_vf_rail3,resp_cqe_error,0
2026-09-30T16:23:18.445Z,gpu-3uwoq-6g3ya-1,ib_hw_counter,rdma_vf_rail3,implied_nak_seq_err,0
2026-09-30T16:23:18.445Z,gpu-3uwoq-6g3ya-1,ib_hw_counter,rdma_vf_rail3,duplicate_request,0
2026-09-30T16:23:18.445Z,gpu-3uwoq-6g3ya-1,dcgm,gpu2,gpu_util,100
2026-09-30T16:23:18.445Z,gpu-3uwoq-6g3ya-1,dcgm,gpu3,gpu_util,100
2026-09-30T16:23:18.445Z,gpu-3uwoq-6g3ya-1,dcgm,gpu0,gpu_util,100
2026-09-30T16:23:18.445Z,gpu-3uwoq-6g3ya-1,dcgm,gpu1,gpu_util,100
2026-09-30T16:23:18.445Z,gpu-3uwoq-6g3ya-1,dcgm,gpu2,nvlink_bandwidth_total,128837
2026-09-30T16:23:18.445Z,gpu-3uwoq-6g3ya-1,dcgm,gpu3,nvlink_bandwidth_total,70000
2026-09-30T16:23:18.445Z,gpu-3uwoq-6g3ya-1,dcgm,gpu0,nvlink_bandwidth_total,126125
2026-09-30T16:23:18.445Z,gpu-3uwoq-6g3ya-1,dcgm,gpu1,nvlink_bandwidth_total,126730
2026-09-30T16:23:18.445Z,gpu-3uwoq-6g3ya-1,dcgm,gpu2,power_w,488.249
2026-09-30T16:23:18.445Z,gpu-3uwoq-6g3ya-1,dcgm,gpu3,power_w,491.843
2026-09-30T16:23:18.445Z,gpu-3uwoq-6g3ya-1,dcgm,gpu0,power_w,458.453
2026-09-30T16:23:18.445Z,gpu-3uwoq-6g3ya-1,dcgm,gpu1,power_w,454.322
2026-09-30T16:23:18.445Z,gpu-3uwoq-6g3ya-1,dcgm,gpu2,sm_clock_mhz,2070
2026-09-30T16:23:18.445Z,gpu-3uwoq-6g3ya-1,dcgm,gpu3,sm_clock_mhz,2070
2026-09-30T16:23:18.445Z,gpu-3uwoq-6g3ya-1,dcgm,gpu0,sm_clock_mhz,2070
2026-09-30T16:23:18.445Z,gpu-3uwoq-6g3ya-1,dcgm,gpu1,sm_clock_mhz,2070
2026-09-30T16:23:18.445Z,gpu-3uwoq-6g3ya-1,dcgm,gpu2,dram_active,0.037669
2026-09-30T16:23:18.445Z,gpu-3uwoq-6g3ya-1,dcgm,gpu3,dram_active,0.030762
2026-09-30T16:23:18.445Z,gpu-3uwoq-6g3ya-1,dcgm,gpu0,dram_active,0.037841
2026-09-30T16:23:18.445Z,gpu-3uwoq-6g3ya-1,dcgm,gpu1,dram_active,0.040131
2026-09-30T16:23:18.445Z,gpu-3uwoq-6g3ya-1,dcgm,gpu2,pcie_rx_bytes,339903
2026-09-30T16:23:18.445Z,gpu-3uwoq-6g3ya-1,dcgm,gpu3,pcie_rx_bytes,345303
2026-09-30T16:23:18.445Z,gpu-3uwoq-6g3ya-1,dcgm,gpu0,pcie_rx_bytes,391428
2026-09-30T16:23:18.445Z,gpu-3uwoq-6g3ya-1,dcgm,gpu1,pcie_rx_bytes,404495
2026-09-30T16:23:18.445Z,gpu-3uwoq-6g3ya-1,dcgm,gpu2,pcie_tx_bytes,283339
2026-09-30T16:23:18.445Z,gpu-3uwoq-6g3ya-1,dcgm,gpu3,pcie_tx_bytes,287956
2026-09-30T16:23:18.445Z,gpu-3uwoq-6g3ya-1,dcgm,gpu0,pcie_tx_bytes,334236
2026-09-30T16:23:18.445Z,gpu-3uwoq-6g3ya-1,dcgm,gpu1,pcie_tx_bytes,347883
2026-09-30T16:23:18.445Z,gpu-3uwoq-6g3ya-1,dcgm,gpu2,tensor_active,0
2026-09-30T16:23:18.445Z,gpu-3uwoq-6g3ya-1,dcgm,gpu3,tensor_active,0
2026-09-30T16:23:18.445Z,gpu-3uwoq-6g3ya-1,dcgm,gpu0,tensor_active,0
2026-09-30T16:23:18.445Z,gpu-3uwoq-6g3ya-1,dcgm,gpu1,tensor_active,0
2026-09-30T16:23:18.445Z,gpu-3uwoq-6g3ya-1,dcgm,gpu2,sm_active,0.0165
2026-09-30T16:23:18.445Z,gpu-3uwoq-6g3ya-1,dcgm,gpu3,sm_active,0.013427
2026-09-30T16:23:18.445Z,gpu-3uwoq-6g3ya-1,dcgm,gpu0,sm_active,0.016548
2026-09-30T16:23:18.445Z,gpu-3uwoq-6g3ya-1,dcgm,gpu1,sm_active,0.017527
2026-09-30T16:23:18.445Z,gpu-3uwoq-6g3ya-1,nvlink,gpu0,nvlink_rx_bytes,2.31733e+13
2026-09-30T16:23:18.445Z,gpu-3uwoq-6g3ya-1,nvlink,gpu0,nvlink_tx_bytes,2.31869e+13
2026-09-30T16:23:18.445Z,gpu-3uwoq-6g3ya-1,nvlink,gpu1,nvlink_rx_bytes,2.40813e+13
2026-09-30T16:23:18.445Z,gpu-3uwoq-6g3ya-1,nvlink,gpu1,nvlink_tx_bytes,2.40933e+13
2026-09-30T16:23:18.445Z,gpu-3uwoq-6g3ya-1,nvlink,gpu2,nvlink_rx_bytes,2.33166e+13
2026-09-30T16:23:18.445Z,gpu-3uwoq-6g3ya-1,nvlink,gpu2,nvlink_tx_bytes,2.33351e+13
2026-09-30T16:23:18.445Z,gpu-3uwoq-6g3ya-1,nvlink,gpu3,nvlink_rx_bytes,2.32548e+13
2026-09-30T16:23:18.445Z,gpu-3uwoq-6g3ya-1,nvlink,gpu3,nvlink_tx_bytes,2.32723e+13
2026-09-30T16:23:19.445Z,gpu-3uwoq-6g3ya-1,ib_counter,rdma_vf_rail0,port_xmit_data,6.27354e+12
2026-09-30T16:23:19.445Z,gpu-3uwoq-6g3ya-1,ib_counter,rdma_vf_rail0,port_rcv_data,4.31116e+12
2026-09-30T16:23:19.445Z,gpu-3uwoq-6g3ya-1,ib_counter,rdma_vf_rail0,port_xmit_packets,1.72334e+09
2026-09-30T16:23:19.445Z,gpu-3uwoq-6g3ya-1,ib_counter,rdma_vf_rail0,port_rcv_packets,1.4035e+09
2026-09-30T16:23:19.445Z,gpu-3uwoq-6g3ya-1,ib_counter,rdma_vf_rail0,port_xmit_wait,0
2026-09-30T16:23:19.445Z,gpu-3uwoq-6g3ya-1,ib_counter,rdma_vf_rail0,port_rcv_errors,0
2026-09-30T16:23:19.445Z,gpu-3uwoq-6g3ya-1,ib_counter,rdma_vf_rail0,port_xmit_discards,0
2026-09-30T16:23:19.445Z,gpu-3uwoq-6g3ya-1,ib_counter,rdma_vf_rail0,link_downed,0
2026-09-30T16:23:19.445Z,gpu-3uwoq-6g3ya-1,ib_hw_counter,rdma_vf_rail0,out_of_sequence,8
2026-09-30T16:23:19.445Z,gpu-3uwoq-6g3ya-1,ib_hw_counter,rdma_vf_rail0,packet_seq_err,9
2026-09-30T16:23:19.445Z,gpu-3uwoq-6g3ya-1,ib_hw_counter,rdma_vf_rail0,local_ack_timeout_err,0
2026-09-30T16:23:19.445Z,gpu-3uwoq-6g3ya-1,ib_hw_counter,rdma_vf_rail0,rx_write_requests,4.85746e+08
2026-09-30T16:23:19.445Z,gpu-3uwoq-6g3ya-1,ib_hw_counter,rdma_vf_rail0,rx_read_requests,2.27639e+07
2026-09-30T16:23:19.445Z,gpu-3uwoq-6g3ya-1,ib_hw_counter,rdma_vf_rail0,req_cqe_error,0
2026-09-30T16:23:19.445Z,gpu-3uwoq-6g3ya-1,ib_hw_counter,rdma_vf_rail0,resp_cqe_error,0
2026-09-30T16:23:19.445Z,gpu-3uwoq-6g3ya-1,ib_hw_counter,rdma_vf_rail0,implied_nak_seq_err,0
2026-09-30T16:23:19.445Z,gpu-3uwoq-6g3ya-1,ib_hw_counter,rdma_vf_rail0,duplicate_request,0
2026-09-30T16:23:19.445Z,gpu-3uwoq-6g3ya-1,ib_counter,rdma_vf_rail1,port_xmit_data,5.48301e+12
2026-09-30T16:23:19.445Z,gpu-3uwoq-6g3ya-1,ib_counter,rdma_vf_rail1,port_rcv_data,3.51844e+12
2026-09-30T16:23:19.445Z,gpu-3uwoq-6g3ya-1,ib_counter,rdma_vf_rail1,port_xmit_packets,1.50928e+09
2026-09-30T16:23:19.445Z,gpu-3uwoq-6g3ya-1,ib_counter,rdma_vf_rail1,port_rcv_packets,1.16889e+09
2026-09-30T16:23:19.445Z,gpu-3uwoq-6g3ya-1,ib_counter,rdma_vf_rail1,port_xmit_wait,0
2026-09-30T16:23:19.445Z,gpu-3uwoq-6g3ya-1,ib_counter,rdma_vf_rail1,port_rcv_errors,0
2026-09-30T16:23:19.445Z,gpu-3uwoq-6g3ya-1,ib_counter,rdma_vf_rail1,port_xmit_discards,0
2026-09-30T16:23:19.445Z,gpu-3uwoq-6g3ya-1,ib_counter,rdma_vf_rail1,link_downed,0
2026-09-30T16:23:19.445Z,gpu-3uwoq-6g3ya-1,ib_hw_counter,rdma_vf_rail1,out_of_sequence,7
2026-09-30T16:23:19.445Z,gpu-3uwoq-6g3ya-1,ib_hw_counter,rdma_vf_rail1,packet_seq_err,8
2026-09-30T16:23:19.445Z,gpu-3uwoq-6g3ya-1,ib_hw_counter,rdma_vf_rail1,local_ack_timeout_err,0
2026-09-30T16:23:19.445Z,gpu-3uwoq-6g3ya-1,ib_hw_counter,rdma_vf_rail1,rx_write_requests,4.73996e+08
2026-09-30T16:23:19.445Z,gpu-3uwoq-6g3ya-1,ib_hw_counter,rdma_vf_rail1,rx_read_requests,1.68838e+07
2026-09-30T16:23:19.445Z,gpu-3uwoq-6g3ya-1,ib_hw_counter,rdma_vf_rail1,req_cqe_error,0
2026-09-30T16:23:19.445Z,gpu-3uwoq-6g3ya-1,ib_hw_counter,rdma_vf_rail1,resp_cqe_error,0
2026-09-30T16:23:19.445Z,gpu-3uwoq-6g3ya-1,ib_hw_counter,rdma_vf_rail1,implied_nak_seq_err,0
2026-09-30T16:23:19.445Z,gpu-3uwoq-6g3ya-1,ib_hw_counter,rdma_vf_rail1,duplicate_request,0
2026-09-30T16:23:19.445Z,gpu-3uwoq-6g3ya-1,ib_counter,rdma_vf_rail2,port_xmit_data,5.4557e+12
2026-09-30T16:23:19.445Z,gpu-3uwoq-6g3ya-1,ib_counter,rdma_vf_rail2,port_rcv_data,3.49072e+12
2026-09-30T16:23:19.445Z,gpu-3uwoq-6g3ya-1,ib_counter,rdma_vf_rail2,port_xmit_packets,1.49548e+09
2026-09-30T16:23:19.445Z,gpu-3uwoq-6g3ya-1,ib_counter,rdma_vf_rail2,port_rcv_packets,1.15052e+09
2026-09-30T16:23:19.445Z,gpu-3uwoq-6g3ya-1,ib_counter,rdma_vf_rail2,port_xmit_wait,0
2026-09-30T16:23:19.445Z,gpu-3uwoq-6g3ya-1,ib_counter,rdma_vf_rail2,port_rcv_errors,0
2026-09-30T16:23:19.445Z,gpu-3uwoq-6g3ya-1,ib_counter,rdma_vf_rail2,port_xmit_discards,0
2026-09-30T16:23:19.445Z,gpu-3uwoq-6g3ya-1,ib_counter,rdma_vf_rail2,link_downed,0
2026-09-30T16:23:19.445Z,gpu-3uwoq-6g3ya-1,ib_hw_counter,rdma_vf_rail2,out_of_sequence,8
2026-09-30T16:23:19.445Z,gpu-3uwoq-6g3ya-1,ib_hw_counter,rdma_vf_rail2,packet_seq_err,7
2026-09-30T16:23:19.445Z,gpu-3uwoq-6g3ya-1,ib_hw_counter,rdma_vf_rail2,local_ack_timeout_err,0
2026-09-30T16:23:19.445Z,gpu-3uwoq-6g3ya-1,ib_hw_counter,rdma_vf_rail2,rx_write_requests,4.73562e+08
2026-09-30T16:23:19.445Z,gpu-3uwoq-6g3ya-1,ib_hw_counter,rdma_vf_rail2,rx_read_requests,1.66762e+07
2026-09-30T16:23:19.445Z,gpu-3uwoq-6g3ya-1,ib_hw_counter,rdma_vf_rail2,req_cqe_error,0
2026-09-30T16:23:19.445Z,gpu-3uwoq-6g3ya-1,ib_hw_counter,rdma_vf_rail2,resp_cqe_error,0
2026-09-30T16:23:19.445Z,gpu-3uwoq-6g3ya-1,ib_hw_counter,rdma_vf_rail2,implied_nak_seq_err,0
2026-09-30T16:23:19.445Z,gpu-3uwoq-6g3ya-1,ib_hw_counter,rdma_vf_rail2,duplicate_request,0
2026-09-30T16:23:19.445Z,gpu-3uwoq-6g3ya-1,ib_counter,rdma_vf_rail3,port_xmit_data,5.45593e+12
2026-09-30T16:23:19.445Z,gpu-3uwoq-6g3ya-1,ib_counter,rdma_vf_rail3,port_rcv_data,3.49051e+12
2026-09-30T16:23:19.445Z,gpu-3uwoq-6g3ya-1,ib_counter,rdma_vf_rail3,port_xmit_packets,1.49601e+09
2026-09-30T16:23:19.445Z,gpu-3uwoq-6g3ya-1,ib_counter,rdma_vf_rail3,port_rcv_packets,1.14761e+09
2026-09-30T16:23:19.445Z,gpu-3uwoq-6g3ya-1,ib_counter,rdma_vf_rail3,port_xmit_wait,0
2026-09-30T16:23:19.445Z,gpu-3uwoq-6g3ya-1,ib_counter,rdma_vf_rail3,port_rcv_errors,0
2026-09-30T16:23:19.445Z,gpu-3uwoq-6g3ya-1,ib_counter,rdma_vf_rail3,port_xmit_discards,0
2026-09-30T16:23:19.445Z,gpu-3uwoq-6g3ya-1,ib_counter,rdma_vf_rail3,link_downed,0
2026-09-30T16:23:19.445Z,gpu-3uwoq-6g3ya-1,ib_hw_counter,rdma_vf_rail3,out_of_sequence,9
2026-09-30T16:23:19.445Z,gpu-3uwoq-6g3ya-1,ib_hw_counter,rdma_vf_rail3,packet_seq_err,8
2026-09-30T16:23:19.445Z,gpu-3uwoq-6g3ya-1,ib_hw_counter,rdma_vf_rail3,local_ack_timeout_err,0
2026-09-30T16:23:19.445Z,gpu-3uwoq-6g3ya-1,ib_hw_counter,rdma_vf_rail3,rx_write_requests,4.73562e+08
2026-09-30T16:23:19.445Z,gpu-3uwoq-6g3ya-1,ib_hw_counter,rdma_vf_rail3,rx_read_requests,1.66762e+07
2026-09-30T16:23:19.445Z,gpu-3uwoq-6g3ya-1,ib_hw_counter,rdma_vf_rail3,req_cqe_error,0
2026-09-30T16:23:19.445Z,gpu-3uwoq-6g3ya-1,ib_hw_counter,rdma_vf_rail3,resp_cqe_error,0
2026-09-30T16:23:19.445Z,gpu-3uwoq-6g3ya-1,ib_hw_counter,rdma_vf_rail3,implied_nak_seq_err,0
2026-09-30T16:23:19.445Z,gpu-3uwoq-6g3ya-1,ib_hw_counter,rdma_vf_rail3,duplicate_request,0
2026-09-30T16:23:19.445Z,gpu-3uwoq-6g3ya-1,dcgm,gpu2,gpu_util,100
2026-09-30T16:23:19.445Z,gpu-3uwoq-6g3ya-1,dcgm,gpu3,gpu_util,100
2026-09-30T16:23:19.445Z,gpu-3uwoq-6g3ya-1,dcgm,gpu0,gpu_util,100
2026-09-30T16:23:19.445Z,gpu-3uwoq-6g3ya-1,dcgm,gpu1,gpu_util,100
2026-09-30T16:23:19.445Z,gpu-3uwoq-6g3ya-1,dcgm,gpu2,nvlink_bandwidth_total,128837
2026-09-30T16:23:19.445Z,gpu-3uwoq-6g3ya-1,dcgm,gpu3,nvlink_bandwidth_total,70000
2026-09-30T16:23:19.445Z,gpu-3uwoq-6g3ya-1,dcgm,gpu0,nvlink_bandwidth_total,126125
2026-09-30T16:23:19.445Z,gpu-3uwoq-6g3ya-1,dcgm,gpu1,nvlink_bandwidth_total,126730
2026-09-30T16:23:19.445Z,gpu-3uwoq-6g3ya-1,dcgm,gpu2,power_w,488.249
2026-09-30T16:23:19.445Z,gpu-3uwoq-6g3ya-1,dcgm,gpu3,power_w,491.843
2026-09-30T16:23:19.445Z,gpu-3uwoq-6g3ya-1,dcgm,gpu0,power_w,458.453
2026-09-30T16:23:19.445Z,gpu-3uwoq-6g3ya-1,dcgm,gpu1,power_w,454.322
2026-09-30T16:23:19.445Z,gpu-3uwoq-6g3ya-1,dcgm,gpu2,sm_clock_mhz,2070
2026-09-30T16:23:19.445Z,gpu-3uwoq-6g3ya-1,dcgm,gpu3,sm_clock_mhz,2070
2026-09-30T16:23:19.445Z,gpu-3uwoq-6g3ya-1,dcgm,gpu0,sm_clock_mhz,2070
2026-09-30T16:23:19.445Z,gpu-3uwoq-6g3ya-1,dcgm,gpu1,sm_clock_mhz,2070
2026-09-30T16:23:19.445Z,gpu-3uwoq-6g3ya-1,dcgm,gpu2,dram_active,0.037669
2026-09-30T16:23:19.445Z,gpu-3uwoq-6g3ya-1,dcgm,gpu3,dram_active,0.030762
2026-09-30T16:23:19.445Z,gpu-3uwoq-6g3ya-1,dcgm,gpu0,dram_active,0.037841
2026-09-30T16:23:19.445Z,gpu-3uwoq-6g3ya-1,dcgm,gpu1,dram_active,0.040131
2026-09-30T16:23:19.445Z,gpu-3uwoq-6g3ya-1,dcgm,gpu2,pcie_rx_bytes,339903
2026-09-30T16:23:19.445Z,gpu-3uwoq-6g3ya-1,dcgm,gpu3,pcie_rx_bytes,345303
2026-09-30T16:23:19.445Z,gpu-3uwoq-6g3ya-1,dcgm,gpu0,pcie_rx_bytes,391428
2026-09-30T16:23:19.445Z,gpu-3uwoq-6g3ya-1,dcgm,gpu1,pcie_rx_bytes,404495
2026-09-30T16:23:19.445Z,gpu-3uwoq-6g3ya-1,dcgm,gpu2,pcie_tx_bytes,283339
2026-09-30T16:23:19.445Z,gpu-3uwoq-6g3ya-1,dcgm,gpu3,pcie_tx_bytes,287956
2026-09-30T16:23:19.445Z,gpu-3uwoq-6g3ya-1,dcgm,gpu0,pcie_tx_bytes,334236
2026-09-30T16:23:19.445Z,gpu-3uwoq-6g3ya-1,dcgm,gpu1,pcie_tx_bytes,347883
2026-09-30T16:23:19.445Z,gpu-3uwoq-6g3ya-1,dcgm,gpu2,tensor_active,0
2026-09-30T16:23:19.445Z,gpu-3uwoq-6g3ya-1,dcgm,gpu3,tensor_active,0
2026-09-30T16:23:19.445Z,gpu-3uwoq-6g3ya-1,dcgm,gpu0,tensor_active,0
2026-09-30T16:23:19.445Z,gpu-3uwoq-6g3ya-1,dcgm,gpu1,tensor_active,0
2026-09-30T16:23:19.445Z,gpu-3uwoq-6g3ya-1,dcgm,gpu2,sm_active,0.0165
2026-09-30T16:23:19.445Z,gpu-3uwoq-6g3ya-1,dcgm,gpu3,sm_active,0.013427
2026-09-30T16:23:19.445Z,gpu-3uwoq-6g3ya-1,dcgm,gpu0,sm_active,0.016548
2026-09-30T16:23:19.445Z,gpu-3uwoq-6g3ya-1,dcgm,gpu1,sm_active,0.017527
2026-09-30T16:23:19.445Z,gpu-3uwoq-6g3ya-1,nvlink,gpu0,nvlink_rx_bytes,2.31733e+13
2026-09-30T16:23:19.445Z,gpu-3uwoq-6g3ya-1,nvlink,gpu0,nvlink_tx_bytes,2.31869e+13
2026-09-30T16:23:19.445Z,gpu-3uwoq-6g3ya-1,nvlink,gpu1,nvlink_rx_bytes,2.40813e+13
2026-09-30T16:23:19.445Z,gpu-3uwoq-6g3ya-1,nvlink,gpu1,nvlink_tx_bytes,2.40933e+13
2026-09-30T16:23:19.445Z,gpu-3uwoq-6g3ya-1,nvlink,gpu2,nvlink_rx_bytes,2.33166e+13
2026-09-30T16:23:19.445Z,gpu-3uwoq-6g3ya-1,nvlink,gpu2,nvlink_tx_bytes,2.33351e+13
2026-09-30T16:23:19.445Z,gpu-3uwoq-6g3ya-1,nvlink,gpu3,nvlink_rx_bytes,2.32548e+13
2026-09-30T16:23:19.445Z,gpu-3uwoq-6g3ya-1,nvlink,gpu3,nvlink_tx_bytes,2.32723e+13
2026-09-30T16:23:20.445Z,gpu-3uwoq-6g3ya-1,ib_counter,rdma_vf_rail0,port_xmit_data,6.27354e+12
2026-09-30T16:23:20.445Z,gpu-3uwoq-6g3ya-1,ib_counter,rdma_vf_rail0,port_rcv_data,4.31116e+12
2026-09-30T16:23:20.445Z,gpu-3uwoq-6g3ya-1,ib_counter,rdma_vf_rail0,port_xmit_packets,1.72334e+09
2026-09-30T16:23:20.445Z,gpu-3uwoq-6g3ya-1,ib_counter,rdma_vf_rail0,port_rcv_packets,1.4035e+09
2026-09-30T16:23:20.445Z,gpu-3uwoq-6g3ya-1,ib_counter,rdma_vf_rail0,port_xmit_wait,0
2026-09-30T16:23:20.445Z,gpu-3uwoq-6g3ya-1,ib_counter,rdma_vf_rail0,port_rcv_errors,0
2026-09-30T16:23:20.445Z,gpu-3uwoq-6g3ya-1,ib_counter,rdma_vf_rail0,port_xmit_discards,0
2026-09-30T16:23:20.445Z,gpu-3uwoq-6g3ya-1,ib_counter,rdma_vf_rail0,link_downed,0
2026-09-30T16:23:20.445Z,gpu-3uwoq-6g3ya-1,ib_hw_counter,rdma_vf_rail0,out_of_sequence,8
2026-09-30T16:23:20.445Z,gpu-3uwoq-6g3ya-1,ib_hw_counter,rdma_vf_rail0,packet_seq_err,9
2026-09-30T16:23:20.445Z,gpu-3uwoq-6g3ya-1,ib_hw_counter,rdma_vf_rail0,local_ack_timeout_err,0
2026-09-30T16:23:20.445Z,gpu-3uwoq-6g3ya-1,ib_hw_counter,rdma_vf_rail0,rx_write_requests,4.85746e+08
2026-09-30T16:23:20.445Z,gpu-3uwoq-6g3ya-1,ib_hw_counter,rdma_vf_rail0,rx_read_requests,2.27639e+07
2026-09-30T16:23:20.445Z,gpu-3uwoq-6g3ya-1,ib_hw_counter,rdma_vf_rail0,req_cqe_error,0
2026-09-30T16:23:20.445Z,gpu-3uwoq-6g3ya-1,ib_hw_counter,rdma_vf_rail0,resp_cqe_error,0
2026-09-30T16:23:20.445Z,gpu-3uwoq-6g3ya-1,ib_hw_counter,rdma_vf_rail0,implied_nak_seq_err,0
2026-09-30T16:23:20.445Z,gpu-3uwoq-6g3ya-1,ib_hw_counter,rdma_vf_rail0,duplicate_request,0
2026-09-30T16:23:20.445Z,gpu-3uwoq-6g3ya-1,ib_counter,rdma_vf_rail1,port_xmit_data,5.48301e+12
2026-09-30T16:23:20.445Z,gpu-3uwoq-6g3ya-1,ib_counter,rdma_vf_rail1,port_rcv_data,3.51844e+12
2026-09-30T16:23:20.445Z,gpu-3uwoq-6g3ya-1,ib_counter,rdma_vf_rail1,port_xmit_packets,1.50928e+09
2026-09-30T16:23:20.445Z,gpu-3uwoq-6g3ya-1,ib_counter,rdma_vf_rail1,port_rcv_packets,1.16889e+09
2026-09-30T16:23:20.445Z,gpu-3uwoq-6g3ya-1,ib_counter,rdma_vf_rail1,port_xmit_wait,0
2026-09-30T16:23:20.445Z,gpu-3uwoq-6g3ya-1,ib_counter,rdma_vf_rail1,port_rcv_errors,0
2026-09-30T16:23:20.445Z,gpu-3uwoq-6g3ya-1,ib_counter,rdma_vf_rail1,port_xmit_discards,0
2026-09-30T16:23:20.445Z,gpu-3uwoq-6g3ya-1,ib_counter,rdma_vf_rail1,link_downed,0
2026-09-30T16:23:20.445Z,gpu-3uwoq-6g3ya-1,ib_hw_counter,rdma_vf_rail1,out_of_sequence,7
2026-09-30T16:23:20.445Z,gpu-3uwoq-6g3ya-1,ib_hw_counter,rdma_vf_rail1,packet_seq_err,8
2026-09-30T16:23:20.445Z,gpu-3uwoq-6g3ya-1,ib_hw_counter,rdma_vf_rail1,local_ack_timeout_err,0
2026-09-30T16:23:20.445Z,gpu-3uwoq-6g3ya-1,ib_hw_counter,rdma_vf_rail1,rx_write_requests,4.73996e+08
2026-09-30T16:23:20.445Z,gpu-3uwoq-6g3ya-1,ib_hw_counter,rdma_vf_rail1,rx_read_requests,1.68838e+07
2026-09-30T16:23:20.445Z,gpu-3uwoq-6g3ya-1,ib_hw_counter,rdma_vf_rail1,req_cqe_error,0
2026-09-30T16:23:20.445Z,gpu-3uwoq-6g3ya-1,ib_hw_counter,rdma_vf_rail1,resp_cqe_error,0
2026-09-30T16:23:20.445Z,gpu-3uwoq-6g3ya-1,ib_hw_counter,rdma_vf_rail1,implied_nak_seq_err,0
2026-09-30T16:23:20.445Z,gpu-3uwoq-6g3ya-1,ib_hw_counter,rdma_vf_rail1,duplicate_request,0
2026-09-30T16:23:20.445Z,gpu-3uwoq-6g3ya-1,ib_counter,rdma_vf_rail2,port_xmit_data,5.4557e+12
2026-09-30T16:23:20.445Z,gpu-3uwoq-6g3ya-1,ib_counter,rdma_vf_rail2,port_rcv_data,3.49072e+12
2026-09-30T16:23:20.445Z,gpu-3uwoq-6g3ya-1,ib_counter,rdma_vf_rail2,port_xmit_packets,1.49548e+09
2026-09-30T16:23:20.445Z,gpu-3uwoq-6g3ya-1,ib_counter,rdma_vf_rail2,port_rcv_packets,1.15052e+09
2026-09-30T16:23:20.445Z,gpu-3uwoq-6g3ya-1,ib_counter,rdma_vf_rail2,port_xmit_wait,0
2026-09-30T16:23:20.445Z,gpu-3uwoq-6g3ya-1,ib_counter,rdma_vf_rail2,port_rcv_errors,0
2026-09-30T16:23:20.445Z,gpu-3uwoq-6g3ya-1,ib_counter,rdma_vf_rail2,port_xmit_discards,0
2026-09-30T16:23:20.445Z,gpu-3uwoq-6g3ya-1,ib_counter,rdma_vf_rail2,link_downed,0
2026-09-30T16:23:20.445Z,gpu-3uwoq-6g3ya-1,ib_hw_counter,rdma_vf_rail2,out_of_sequence,8
2026-09-30T16:23:20.445Z,gpu-3uwoq-6g3ya-1,ib_hw_counter,rdma_vf_rail2,packet_seq_err,7
2026-09-30T16:23:20.445Z,gpu-3uwoq-6g3ya-1,ib_hw_counter,rdma_vf_rail2,local_ack_timeout_err,0
2026-09-30T16:23:20.445Z,gpu-3uwoq-6g3ya-1,ib_hw_counter,rdma_vf_rail2,rx_write_requests,4.73562e+08
2026-09-30T16:23:20.445Z,gpu-3uwoq-6g3ya-1,ib_hw_counter,rdma_vf_rail2,rx_read_requests,1.66762e+07
2026-09-30T16:23:20.445Z,gpu-3uwoq-6g3ya-1,ib_hw_counter,rdma_vf_rail2,req_cqe_error,0
2026-09-30T16:23:20.445Z,gpu-3uwoq-6g3ya-1,ib_hw_counter,rdma_vf_rail2,resp_cqe_error,0
2026-09-30T16:23:20.445Z,gpu-3uwoq-6g3ya-1,ib_hw_counter,rdma_vf_rail2,implied_nak_seq_err,0
2026-09-30T16:23:20.445Z,gpu-3uwoq-6g3ya-1,ib_hw_counter,rdma_vf_rail2,duplicate_request,0
2026-09-30T16:23:20.445Z,gpu-3uwoq-6g3ya-1,ib_counter,rdma_vf_rail3,port_xmit_data,5.45593e+12
2026-09-30T16:23:20.445Z,gpu-3uwoq-6g3ya-1,ib_counter,rdma_vf_rail3,port_rcv_data,3.49051e+12
2026-09-30T16:23:20.445Z,gpu-3uwoq-6g3ya-1,ib_counter,rdma_vf_rail3,port_xmit_packets,1.49601e+09
2026-09-30T16:23:20.445Z,gpu-3uwoq-6g3ya-1,ib_counter,rdma_vf_rail3,port_rcv_packets,1.14761e+09
2026-09-30T16:23:20.445Z,gpu-3uwoq-6g3ya-1,ib_counter,rdma_vf_rail3,port_xmit_wait,0
2026-09-30T16:23:20.445Z,gpu-3uwoq-6g3ya-1,ib_counter,rdma_vf_rail3,port_rcv_errors,0
2026-09-30T16:23:20.445Z,gpu-3uwoq-6g3ya-1,ib_counter,rdma_vf_rail3,port_xmit_discards,0
2026-09-30T16:23:20.445Z,gpu-3uwoq-6g3ya-1,ib_counter,rdma_vf_rail3,link_downed,0
2026-09-30T16:23:20.445Z,gpu-3uwoq-6g3ya-1,ib_hw_counter,rdma_vf_rail3,out_of_sequence,9
2026-09-30T16:23:20.445Z,gpu-3uwoq-6g3ya-1,ib_hw_counter,rdma_vf_rail3,packet_seq_err,8
2026-09-30T16:23:20.445Z,gpu-3uwoq-6g3ya-1,ib_hw_counter,rdma_vf_rail3,local_ack_timeout_err,0
2026-09-30T16:23:20.445Z,gpu-3uwoq-6g3ya-1,ib_hw_counter,rdma_vf_rail3,rx_write_requests,4.73562e+08
2026-09-30T16:23:20.445Z,gpu-3uwoq-6g3ya-1,ib_hw_counter,rdma_vf_rail3,rx_read_requests,1.66762e+07
2026-09-30T16:23:20.445Z,gpu-3uwoq-6g3ya-1,ib_hw_counter,rdma_vf_rail3,req_cqe_error,0
2026-09-30T16:23:20.445Z,gpu-3uwoq-6g3ya-1,ib_hw_counter,rdma_vf_rail3,resp_cqe_error,0
2026-09-30T16:23:20.445Z,gpu-3uwoq-6g3ya-1,ib_hw_counter,rdma_vf_rail3,implied_nak_seq_err,0
2026-09-30T16:23:20.445Z,gpu-3uwoq-6g3ya-1,ib_hw_counter,rdma_vf_rail3,duplicate_request,0
2026-09-30T16:23:20.445Z,gpu-3uwoq-6g3ya-1,dcgm,gpu2,gpu_util,100
2026-09-30T16:23:20.445Z,gpu-3uwoq-6g3ya-1,dcgm,gpu3,gpu_util,100
2026-09-30T16:23:20.445Z,gpu-3uwoq-6g3ya-1,dcgm,gpu0,gpu_util,100
2026-09-30T16:23:20.445Z,gpu-3uwoq-6g3ya-1,dcgm,gpu1,gpu_util,100
2026-09-30T16:23:20.445Z,gpu-3uwoq-6g3ya-1,dcgm,gpu2,nvlink_bandwidth_total,128837
2026-09-30T16:23:20.445Z,gpu-3uwoq-6g3ya-1,dcgm,gpu3,nvlink_bandwidth_total,70000
2026-09-30T16:23:20.445Z,gpu-3uwoq-6g3ya-1,dcgm,gpu0,nvlink_bandwidth_total,126125
2026-09-30T16:23:20.445Z,gpu-3uwoq-6g3ya-1,dcgm,gpu1,nvlink_bandwidth_total,126730
2026-09-30T16:23:20.445Z,gpu-3uwoq-6g3ya-1,dcgm,gpu2,power_w,488.249
2026-09-30T16:23:20.445Z,gpu-3uwoq-6g3ya-1,dcgm,gpu3,power_w,491.843
2026-09-30T16:23:20.445Z,gpu-3uwoq-6g3ya-1,dcgm,gpu0,power_w,458.453
2026-09-30T16:23:20.445Z,gpu-3uwoq-6g3ya-1,dcgm,gpu1,power_w,454.322
2026-09-30T16:23:20.445Z,gpu-3uwoq-6g3ya-1,dcgm,gpu2,sm_clock_mhz,2070
2026-09-30T16:23:20.445Z,gpu-3uwoq-6g3ya-1,dcgm,gpu3,sm_clock_mhz,2070
2026-09-30T16:23:20.445Z,gpu-3uwoq-6g3ya-1,dcgm,gpu0,sm_clock_mhz,2070
2026-09-30T16:23:20.445Z,gpu-3uwoq-6g3ya-1,dcgm,gpu1,sm_clock_mhz,2070
2026-09-30T16:23:20.445Z,gpu-3uwoq-6g3ya-1,dcgm,gpu2,dram_active,0.037669
2026-09-30T16:23:20.445Z,gpu-3uwoq-6g3ya-1,dcgm,gpu3,dram_active,0.030762
2026-09-30T16:23:20.445Z,gpu-3uwoq-6g3ya-1,dcgm,gpu0,dram_active,0.037841
2026-09-30T16:23:20.445Z,gpu-3uwoq-6g3ya-1,dcgm,gpu1,dram_active,0.040131
2026-09-30T16:23:20.445Z,gpu-3uwoq-6g3ya-1,dcgm,gpu2,pcie_rx_bytes,339903
2026-09-30T16:23:20.445Z,gpu-3uwoq-6g3ya-1,dcgm,gpu3,pcie_rx_bytes,345303
2026-09-30T16:23:20.445Z,gpu-3uwoq-6g3ya-1,dcgm,gpu0,pcie_rx_bytes,391428
2026-09-30T16:23:20.445Z,gpu-3uwoq-6g3ya-1,dcgm,gpu1,pcie_rx_bytes,404495
2026-09-30T16:23:20.445Z,gpu-3uwoq-6g3ya-1,dcgm,gpu2,pcie_tx_bytes,283339
2026-09-30T16:23:20.445Z,gpu-3uwoq-6g3ya-1,dcgm,gpu3,pcie_tx_bytes,287956
2026-09-30T16:23:20.445Z,gpu-3uwoq-6g3ya-1,dcgm,gpu0,pcie_tx_bytes,334236
2026-09-30T16:23:20.445Z,gpu-3uwoq-6g3ya-1,dcgm,gpu1,pcie_tx_bytes,347883
2026-09-30T16:23:20.445Z,gpu-3uwoq-6g3ya-1,dcgm,gpu2,tensor_active,0
2026-09-30T16:23:20.445Z,gpu-3uwoq-6g3ya-1,dcgm,gpu3,tensor_active,0
2026-09-30T16:23:20.445Z,gpu-3uwoq-6g3ya-1,dcgm,gpu0,tensor_active,0
2026-09-30T16:23:20.445Z,gpu-3uwoq-6g3ya-1,dcgm,gpu1,tensor_active,0
2026-09-30T16:23:20.445Z,gpu-3uwoq-6g3ya-1,dcgm,gpu2,sm_active,0.0165
2026-09-30T16:23:20.445Z,gpu-3uwoq-6g3ya-1,dcgm,gpu3,sm_active,0.013427
2026-09-30T16:23:20.445Z,gpu-3uwoq-6g3ya-1,dcgm,gpu0,sm_active,0.016548
2026-09-30T16:23:20.445Z,gpu-3uwoq-6g3ya-1,dcgm,gpu1,sm_active,0.017527
2026-09-30T16:23:20.445Z,gpu-3uwoq-6g3ya-1,nvlink,gpu0,nvlink_rx_bytes,2.31733e+13
2026-09-30T16:23:20.445Z,gpu-3uwoq-6g3ya-1,nvlink,gpu0,nvlink_tx_bytes,2.31869e+13
2026-09-30T16:23:20.445Z,gpu-3uwoq-6g3ya-1,nvlink,gpu1,nvlink_rx_bytes,2.40813e+13
2026-09-30T16:23:20.445Z,gpu-3uwoq-6g3ya-1,nvlink,gpu1,nvlink_tx_bytes,2.40933e+13
2026-09-30T16:23:20.445Z,gpu-3uwoq-6g3ya-1,nvlink,gpu2,nvlink_rx_bytes,2.33166e+13
2026-09-30T16:23:20.445Z,gpu-3uwoq-6g3ya-1,nvlink,gpu2,nvlink_tx_bytes,2.33351e+13
2026-09-30T16:23:20.445Z,gpu-3uwoq-6g3ya-1,nvlink,gpu3,nvlink_rx_bytes,2.32548e+13
2026-09-30T16:23:20.445Z,gpu-3uwoq-6g3ya-1,nvlink,gpu3,nvlink_tx_bytes,2.32723e+13
2026-09-30T16:23:21.445Z,gpu-3uwoq-6g3ya-1,ib_counter,rdma_vf_rail0,port_xmit_data,6.27354e+12
2026-09-30T16:23:21.445Z,gpu-3uwoq-6g3ya-1,ib_counter,rdma_vf_rail0,port_rcv_data,4.31116e+12
2026-09-30T16:23:21.445Z,gpu-3uwoq-6g3ya-1,ib_counter,rdma_vf_rail0,port_xmit_packets,1.72334e+09
2026-09-30T16:23:21.445Z,gpu-3uwoq-6g3ya-1,ib_counter,rdma_vf_rail0,port_rcv_packets,1.4035e+09
2026-09-30T16:23:21.445Z,gpu-3uwoq-6g3ya-1,ib_counter,rdma_vf_rail0,port_xmit_wait,0
2026-09-30T16:23:21.445Z,gpu-3uwoq-6g3ya-1,ib_counter,rdma_vf_rail0,port_rcv_errors,0
2026-09-30T16:23:21.445Z,gpu-3uwoq-6g3ya-1,ib_counter,rdma_vf_rail0,port_xmit_discards,0
2026-09-30T16:23:21.445Z,gpu-3uwoq-6g3ya-1,ib_counter,rdma_vf_rail0,link_downed,0
2026-09-30T16:23:21.445Z,gpu-3uwoq-6g3ya-1,ib_hw_counter,rdma_vf_rail0,out_of_sequence,8
2026-09-30T16:23:21.445Z,gpu-3uwoq-6g3ya-1,ib_hw_counter,rdma_vf_rail0,packet_seq_err,9
2026-09-30T16:23:21.445Z,gpu-3uwoq-6g3ya-1,ib_hw_counter,rdma_vf_rail0,local_ack_timeout_err,0
2026-09-30T16:23:21.445Z,gpu-3uwoq-6g3ya-1,ib_hw_counter,rdma_vf_rail0,rx_write_requests,4.85746e+08
2026-09-30T16:23:21.445Z,gpu-3uwoq-6g3ya-1,ib_hw_counter,rdma_vf_rail0,rx_read_requests,2.27639e+07
2026-09-30T16:23:21.445Z,gpu-3uwoq-6g3ya-1,ib_hw_counter,rdma_vf_rail0,req_cqe_error,0
2026-09-30T16:23:21.445Z,gpu-3uwoq-6g3ya-1,ib_hw_counter,rdma_vf_rail0,resp_cqe_error,0
2026-09-30T16:23:21.445Z,gpu-3uwoq-6g3ya-1,ib_hw_counter,rdma_vf_rail0,implied_nak_seq_err,0
2026-09-30T16:23:21.445Z,gpu-3uwoq-6g3ya-1,ib_hw_counter,rdma_vf_rail0,duplicate_request,0
2026-09-30T16:23:21.445Z,gpu-3uwoq-6g3ya-1,ib_counter,rdma_vf_rail1,port_xmit_data,5.48301e+12
2026-09-30T16:23:21.445Z,gpu-3uwoq-6g3ya-1,ib_counter,rdma_vf_rail1,port_rcv_data,3.51844e+12
2026-09-30T16:23:21.445Z,gpu-3uwoq-6g3ya-1,ib_counter,rdma_vf_rail1,port_xmit_packets,1.50928e+09
2026-09-30T16:23:21.445Z,gpu-3uwoq-6g3ya-1,ib_counter,rdma_vf_rail1,port_rcv_packets,1.16889e+09
2026-09-30T16:23:21.445Z,gpu-3uwoq-6g3ya-1,ib_counter,rdma_vf_rail1,port_xmit_wait,0
2026-09-30T16:23:21.445Z,gpu-3uwoq-6g3ya-1,ib_counter,rdma_vf_rail1,port_rcv_errors,0
2026-09-30T16:23:21.445Z,gpu-3uwoq-6g3ya-1,ib_counter,rdma_vf_rail1,port_xmit_discards,0
2026-09-30T16:23:21.445Z,gpu-3uwoq-6g3ya-1,ib_counter,rdma_vf_rail1,link_downed,0
2026-09-30T16:23:21.445Z,gpu-3uwoq-6g3ya-1,ib_hw_counter,rdma_vf_rail1,out_of_sequence,7
2026-09-30T16:23:21.445Z,gpu-3uwoq-6g3ya-1,ib_hw_counter,rdma_vf_rail1,packet_seq_err,8
2026-09-30T16:23:21.445Z,gpu-3uwoq-6g3ya-1,ib_hw_counter,rdma_vf_rail1,local_ack_timeout_err,0
2026-09-30T16:23:21.445Z,gpu-3uwoq-6g3ya-1,ib_hw_counter,rdma_vf_rail1,rx_write_requests,4.73996e+08
2026-09-30T16:23:21.445Z,gpu-3uwoq-6g3ya-1,ib_hw_counter,rdma_vf_rail1,rx_read_requests,1.68838e+07
2026-09-30T16:23:21.445Z,gpu-3uwoq-6g3ya-1,ib_hw_counter,rdma_vf_rail1,req_cqe_error,0
2026-09-30T16:23:21.445Z,gpu-3uwoq-6g3ya-1,ib_hw_counter,rdma_vf_rail1,resp_cqe_error,0
2026-09-30T16:23:21.445Z,gpu-3uwoq-6g3ya-1,ib_hw_counter,rdma_vf_rail1,implied_nak_seq_err,0
2026-09-30T16:23:21.445Z,gpu-3uwoq-6g3ya-1,ib_hw_counter,rdma_vf_rail1,duplicate_request,0
2026-09-30T16:23:21.445Z,gpu-3uwoq-6g3ya-1,ib_counter,rdma_vf_rail2,port_xmit_data,5.4557e+12
2026-09-30T16:23:21.445Z,gpu-3uwoq-6g3ya-1,ib_counter,rdma_vf_rail2,port_rcv_data,3.49072e+12
2026-09-30T16:23:21.445Z,gpu-3uwoq-6g3ya-1,ib_counter,rdma_vf_rail2,port_xmit_packets,1.49548e+09
2026-09-30T16:23:21.445Z,gpu-3uwoq-6g3ya-1,ib_counter,rdma_vf_rail2,port_rcv_packets,1.15052e+09
2026-09-30T16:23:21.445Z,gpu-3uwoq-6g3ya-1,ib_counter,rdma_vf_rail2,port_xmit_wait,0
2026-09-30T16:23:21.445Z,gpu-3uwoq-6g3ya-1,ib_counter,rdma_vf_rail2,port_rcv_errors,0
2026-09-30T16:23:21.445Z,gpu-3uwoq-6g3ya-1,ib_counter,rdma_vf_rail2,port_xmit_discards,0
2026-09-30T16:23:21.445Z,gpu-3uwoq-6g3ya-1,ib_counter,rdma_vf_rail2,link_downed,0
2026-09-30T16:23:21.445Z,gpu-3uwoq-6g3ya-1,ib_hw_counter,rdma_vf_rail2,out_of_sequence,8
2026-09-30T16:23:21.445Z,gpu-3uwoq-6g3ya-1,ib_hw_counter,rdma_vf_rail2,packet_seq_err,7
2026-09-30T16:23:21.445Z,gpu-3uwoq-6g3ya-1,ib_hw_counter,rdma_vf_rail2,local_ack_timeout_err,0
2026-09-30T16:23:21.445Z,gpu-3uwoq-6g3ya-1,ib_hw_counter,rdma_vf_rail2,rx_write_requests,4.73562e+08
2026-09-30T16:23:21.445Z,gpu-3uwoq-6g3ya-1,ib_hw_counter,rdma_vf_rail2,rx_read_requests,1.66762e+07
2026-09-30T16:23:21.445Z,gpu-3uwoq-6g3ya-1,ib_hw_counter,rdma_vf_rail2,req_cqe_error,0
2026-09-30T16:23:21.445Z,gpu-3uwoq-6g3ya-1,ib_hw_counter,rdma_vf_rail2,resp_cqe_error,0
2026-09-30T16:23:21.445Z,gpu-3uwoq-6g3ya-1,ib_hw_counter,rdma_vf_rail2,implied_nak_seq_err,0
2026-09-30T16:23:21.445Z,gpu-3uwoq-6g3ya-1,ib_hw_counter,rdma_vf_rail2,duplicate_request,0
2026-09-30T16:23:21.445Z,gpu-3uwoq-6g3ya-1,ib_counter,rdma_vf_rail3,port_xmit_data,5.45593e+12
2026-09-30T16:23:21.445Z,gpu-3uwoq-6g3ya-1,ib_counter,rdma_vf_rail3,port_rcv_data,3.49051e+12
2026-09-30T16:23:21.445Z,gpu-3uwoq-6g3ya-1,ib_counter,rdma_vf_rail3,port_xmit_packets,1.49601e+09
2026-09-30T16:23:21.445Z,gpu-3uwoq-6g3ya-1,ib_counter,rdma_vf_rail3,port_rcv_packets,1.14761e+09
2026-09-30T16:23:21.445Z,gpu-3uwoq-6g3ya-1,ib_counter,rdma_vf_rail3,port_xmit_wait,0
2026-09-30T16:23:21.445Z,gpu-3uwoq-6g3ya-1,ib_counter,rdma_vf_rail3,port_rcv_errors,0
2026-09-30T16:23:21.445Z,gpu-3uwoq-6g3ya-1,ib_counter,rdma_vf_rail3,port_xmit_discards,0
2026-09-30T16:23:21.445Z,gpu-3uwoq-6g3ya-1,ib_counter,rdma_vf_rail3,link_downed,0
2026-09-30T16:23:21.445Z,gpu-3uwoq-6g3ya-1,ib_hw_counter,rdma_vf_rail3,out_of_sequence,9
2026-09-30T16:23:21.445Z,gpu-3uwoq-6g3ya-1,ib_hw_counter,rdma_vf_rail3,packet_seq_err,8
2026-09-30T16:23:21.445Z,gpu-3uwoq-6g3ya-1,ib_hw_counter,rdma_vf_rail3,local_ack_timeout_err,0
2026-09-30T16:23:21.445Z,gpu-3uwoq-6g3ya-1,ib_hw_counter,rdma_vf_rail3,rx_write_requests,4.73562e+08
2026-09-30T16:23:21.445Z,gpu-3uwoq-6g3ya-1,ib_hw_counter,rdma_vf_rail3,rx_read_requests,1.66762e+07
2026-09-30T16:23:21.445Z,gpu-3uwoq-6g3ya-1,ib_hw_counter,rdma_vf_rail3,req_cqe_error,0
2026-09-30T16:23:21.445Z,gpu-3uwoq-6g3ya-1,ib_hw_counter,rdma_vf_rail3,resp_cqe_error,0
2026-09-30T16:23:21.445Z,gpu-3uwoq-6g3ya-1,ib_hw_counter,rdma_vf_rail3,implied_nak_seq_err,0
2026-09-30T16:23:21.445Z,gpu-3uwoq-6g3ya-1,ib_hw_counter,rdma_vf_rail3,duplicate_request,0
2026-09-30T16:23:21.445Z,gpu-3uwoq-6g3ya-1,dcgm,gpu2,gpu_util,100
2026-09-30T16:23:21.445Z,gpu-3uwoq-6g3ya-1,dcgm,gpu3,gpu_util,100
2026-09-30T16:23:21.445Z,gpu-3uwoq-6g3ya-1,dcgm,gpu0,gpu_util,100
2026-09-30T16:23:21.445Z,gpu-3uwoq-6g3ya-1,dcgm,gpu1,gpu_util,100
2026-09-30T16:23:21.445Z,gpu-3uwoq-6g3ya-1,dcgm,gpu2,nvlink_bandwidth_total,128837
2026-09-30T16:23:21.445Z,gpu-3uwoq-6g3ya-1,dcgm,gpu3,nvlink_bandwidth_total,70000
2026-09-30T16:23:21.445Z,gpu-3uwoq-6g3ya-1,dcgm,gpu0,nvlink_bandwidth_total,126125
2026-09-30T16:23:21.445Z,gpu-3uwoq-6g3ya-1,dcgm,gpu1,nvlink_bandwidth_total,126730
2026-09-30T16:23:21.445Z,gpu-3uwoq-6g3ya-1,dcgm,gpu2,power_w,488.249
2026-09-30T16:23:21.445Z,gpu-3uwoq-6g3ya-1,dcgm,gpu3,power_w,491.843
2026-09-30T16:23:21.445Z,gpu-3uwoq-6g3ya-1,dcgm,gpu0,power_w,458.453
2026-09-30T16:23:21.445Z,gpu-3uwoq-6g3ya-1,dcgm,gpu1,power_w,454.322
2026-09-30T16:23:21.445Z,gpu-3uwoq-6g3ya-1,dcgm,gpu2,sm_clock_mhz,2070
2026-09-30T16:23:21.445Z,gpu-3uwoq-6g3ya-1,dcgm,gpu3,sm_clock_mhz,2070
2026-09-30T16:23:21.445Z,gpu-3uwoq-6g3ya-1,dcgm,gpu0,sm_clock_mhz,2070
2026-09-30T16:23:21.445Z,gpu-3uwoq-6g3ya-1,dcgm,gpu1,sm_clock_mhz,2070
2026-09-30T16:23:21.445Z,gpu-3uwoq-6g3ya-1,dcgm,gpu2,dram_active,0.037669
2026-09-30T16:23:21.445Z,gpu-3uwoq-6g3ya-1,dcgm,gpu3,dram_active,0.030762
2026-09-30T16:23:21.445Z,gpu-3uwoq-6g3ya-1,dcgm,gpu0,dram_active,0.037841
2026-09-30T16:23:21.445Z,gpu-3uwoq-6g3ya-1,dcgm,gpu1,dram_active,0.040131
2026-09-30T16:23:21.445Z,gpu-3uwoq-6g3ya-1,dcgm,gpu2,pcie_rx_bytes,339903
2026-09-30T16:23:21.445Z,gpu-3uwoq-6g3ya-1,dcgm,gpu3,pcie_rx_bytes,345303
2026-09-30T16:23:21.445Z,gpu-3uwoq-6g3ya-1,dcgm,gpu0,pcie_rx_bytes,391428
2026-09-30T16:23:21.445Z,gpu-3uwoq-6g3ya-1,dcgm,gpu1,pcie_rx_bytes,404495
2026-09-30T16:23:21.445Z,gpu-3uwoq-6g3ya-1,dcgm,gpu2,pcie_tx_bytes,283339
2026-09-30T16:23:21.445Z,gpu-3uwoq-6g3ya-1,dcgm,gpu3,pcie_tx_bytes,287956
2026-09-30T16:23:21.445Z,gpu-3uwoq-6g3ya-1,dcgm,gpu0,pcie_tx_bytes,334236
2026-09-30T16:23:21.445Z,gpu-3uwoq-6g3ya-1,dcgm,gpu1,pcie_tx_bytes,347883
2026-09-30T16:23:21.445Z,gpu-3uwoq-6g3ya-1,dcgm,gpu2,tensor_active,0
2026-09-30T16:23:21.445Z,gpu-3uwoq-6g3ya-1,dcgm,gpu3,tensor_active,0
2026-09-30T16:23:21.445Z,gpu-3uwoq-6g3ya-1,dcgm,gpu0,tensor_active,0
2026-09-30T16:23:21.445Z,gpu-3uwoq-6g3ya-1,dcgm,gpu1,tensor_active,0
2026-09-30T16:23:21.445Z,gpu-3uwoq-6g3ya-1,dcgm,gpu2,sm_active,0.0165
2026-09-30T16:23:21.445Z,gpu-3uwoq-6g3ya-1,dcgm,gpu3,sm_active,0.013427
2026-09-30T16:23:21.445Z,gpu-3uwoq-6g3ya-1,dcgm,gpu0,sm_active,0.016548
2026-09-30T16:23:21.445Z,gpu-3uwoq-6g3ya-1,dcgm,gpu1,sm_active,0.017527
2026-09-30T16:23:21.445Z,gpu-3uwoq-6g3ya-1,nvlink,gpu0,nvlink_rx_bytes,2.31733e+13
2026-09-30T16:23:21.445Z,gpu-3uwoq-6g3ya-1,nvlink,gpu0,nvlink_tx_bytes,2.31869e+13
2026-09-30T16:23:21.445Z,gpu-3uwoq-6g3ya-1,nvlink,gpu1,nvlink_rx_bytes,2.40813e+13
2026-09-30T16:23:21.445Z,gpu-3uwoq-6g3ya-1,nvlink,gpu1,nvlink_tx_bytes,2.40933e+13
2026-09-30T16:23:21.445Z,gpu-3uwoq-6g3ya-1,nvlink,gpu2,nvlink_rx_bytes,2.33166e+13
2026-09-30T16:23:21.445Z,gpu-3uwoq-6g3ya-1,nvlink,gpu2,nvlink_tx_bytes,2.33351e+13
2026-09-30T16:23:21.445Z,gpu-3uwoq-6g3ya-1,nvlink,gpu3,nvlink_rx_bytes,2.32548e+13
2026-09-30T16:23:21.445Z,gpu-3uwoq-6g3ya-1,nvlink,gpu3,nvlink_tx_bytes,2.32723e+13
