ts_iso,node,source,device,metric,value
2026-09-30T06:24:05.873Z,gpu-3uwoq-6g3ya-2,ib_counter,rdma_vf_rail0,port_xmit_data,2.8979e+12
2026-09-30T06:24:05.873Z,gpu-3uwoq-6g3ya-2,ib_counter,rdma_vf_rail0,port_rcv_data,5.85726e+12
2026-09-30T06:24:05.873Z,gpu-3uwoq-6g3ya-2,ib_counter,rdma_vf_rail0,port_xmit_packets,9.93301e+08
2026-09-30T06:24:05.873Z,gpu-3uwoq-6g3ya-2,ib_counter,rdma_vf_rail0,port_rcv_packets,1.61819e+09
2026-09-30T06:24:05.873Z,gpu-3uwoq-6g3ya-2,ib_counter,rdma_vf_rail0,port_xmit_wait,0
2026-09-30T06:24:05.873Z,gpu-3uwoq-6g3ya-2,ib_counter,rdma_vf_rail0,port_rcv_errors,0
2026-09-30T06:24:05.873Z,gpu-3uwoq-6g3ya-2,ib_counter,rdma_vf_rail0,port_xmit_discards,0
2026-09-30T06:24:05.873Z,gpu-3uwoq-6g3ya-2,ib_counter,rdma_vf_rail0,link_downed,0
2026-09-30T06:24:05.873Z,gpu-3uwoq-6g3ya-2,ib_hw_counter,rdma_vf_rail0,out_of_sequence,0
2026-09-30T06:24:05.873Z,gpu-3uwoq-6g3ya-2,ib_hw_counter,rdma_vf_rail0,packet_seq_err,0
2026-09-30T06:24:05.873Z,gpu-3uwoq-6g3ya-2,ib_hw_counter,rdma_vf_rail0,local_ack_timeout_err,0
2026-09-30T06:24:05.873Z,gpu-3uwoq-6g3ya-2,ib_hw_counter,rdma_vf_rail0,rx_write_requests,7.07105e+08
2026-09-30T06:24:05.873Z,gpu-3uwoq-6g3ya-2,ib_hw_counter,rdma_vf_rail0,rx_read_requests,1.14286e+07
2026-09-30T06:24:05.873Z,gpu-3uwoq-6g3ya-2,ib_hw_counter,rdma_vf_rail0,req_cqe_error,0
2026-09-30T06:24:05.873Z,gpu-3uwoq-6g3ya-2,ib_hw_counter,rdma_vf_rail0,resp_cqe_error,0
2026-09-30T06:24:05.873Z,gpu-3uwoq-6g3ya-2,ib_hw_counter,rdma_vf_rail0,implied_nak_seq_err,0
2026-09-30T06:24:05.873Z,gpu-3uwoq-6g3ya-2,ib_hw_counter,rdma_vf_rail0,duplicate_request,0
2026-09-30T06:24:05.873Z,gpu-3uwoq-6g3ya-2,ib_counter,rdma_vf_rail1,port_xmit_data,2.78983e+12
2026-09-30T06:24:05.873Z,gpu-3uwoq-6g3ya-2,ib_counter,rdma_vf_rail1,port_rcv_data,5.74915e+12
2026-09-30T06:24:05.873Z,gpu-3uwoq-6g3ya-2,ib_counter,rdma_vf_rail1,port_xmit_packets,9.6064e+08
2026-09-30T06:24:05.873Z,gpu-3uwoq-6g3ya-2,ib_counter,rdma_vf_rail1,port_rcv_packets,1.58571e+09
2026-09-30T06:24:05.873Z,gpu-3uwoq-6g3ya-2,ib_counter,rdma_vf_rail1,port_xmit_wait,0
2026-09-30T06:24:05.873Z,gpu-3uwoq-6g3ya-2,ib_counter,rdma_vf_rail1,port_rcv_errors,0
2026-09-30T06:24:05.873Z,gpu-3uwoq-6g3ya-2,ib_counter,rdma_vf_rail1,port_xmit_discards,0
2026-09-30T06:24:05.873Z,gpu-3uwoq-6g3ya-2,ib_counter,rdma_vf_rail1,link_downed,0
2026-09-30T06:24:05.873Z,gpu-3uwoq-6g3ya-2,ib_hw_counter,rdma_vf_rail1,out_of_sequence,0
2026-09-30T06:24:05.873Z,gpu-3uwoq-6g3ya-2,ib_hw_counter,rdma_vf_rail1,packet_seq_err,0
2026-09-30T06:24:05.873Z,gpu-3uwoq-6g3ya-2,ib_hw_counter,rdma_vf_rail1,local_ack_timeout_err,0
2026-09-30T06:24:05.873Z,gpu-3uwoq-6g3ya-2,ib_hw_counter,rdma_vf_rail1,rx_write_requests,7.05505e+08
2026-09-30T06:24:05.873Z,gpu-3uwoq-6g3ya-2,ib_hw_counter,rdma_vf_rail1,rx_read_requests,1.06278e+07
2026-09-30T06:24:05.873Z,gpu-3uwoq-6g3ya-2,ib_hw_counter,rdma_vf_rail1,req_cqe_error,0
2026-09-30T06:24:05.873Z,gpu-3uwoq-6g3ya-2,ib_hw_counter,rdma_vf_rail1,resp_cqe_error,0
2026-09-30T06:24:05.873Z,gpu-3uwoq-6g3ya-2,ib_hw_counter,rdma_vf_rail1,implied_nak_seq_err,0
2026-09-30T06:24:05.873Z,gpu-3uwoq-6g3ya-2,ib_hw_counter,rdma_vf_rail1,duplicate_request,0
2026-09-30T06:24:05.873Z,gpu-3uwoq-6g3ya-2,ib_counter,rdma_vf_rail2,port_xmit_data,2.76211e+12
2026-09-30T06:24:05.873Z,gpu-3uwoq-6g3ya-2,ib_counter,rdma_vf_rail2,port_rcv_data,5.72087e+12
2026-09-30T06:24:05.873Z,gpu-3uwoq-6g3ya-2,ib_counter,rdma_vf_rail2,port_xmit_packets,9.42748e+08
2026-09-30T06:24:05.873Z,gpu-3uwoq-6g3ya-2,ib_counter,rdma_vf_rail2,port_rcv_packets,1.56156e+09
2026-09-30T06:24:05.873Z,gpu-3uwoq-6g3ya-2,ib_counter,rdma_vf_rail2,port_xmit_wait,0
2026-09-30T06:24:05.873Z,gpu-3uwoq-6g3ya-2,ib_counter,rdma_vf_rail2,port_rcv_errors,0
2026-09-30T06:24:05.873Z,gpu-3uwoq-6g3ya-2,ib_counter,rdma_vf_rail2,port_xmit_discards,0
2026-09-30T06:24:05.873Z,gpu-3uwoq-6g3ya-2,ib_counter,rdma_vf_rail2,link_downed,0
2026-09-30T06:24:05.873Z,gpu-3uwoq-6g3ya-2,ib_hw_counter,rdma_vf_rail2,out_of_sequence,0
2026-09-30T06:24:05.873Z,gpu-3uwoq-6g3ya-2,ib_hw_counter,rdma_vf_rail2,packet_seq_err,0
2026-09-30T06:24:05.873Z,gpu-3uwoq-6g3ya-2,ib_hw_counter,rdma_vf_rail2,local_ack_timeout_err,0
2026-09-30T06:24:05.873Z,gpu-3uwoq-6g3ya-2,ib_hw_counter,rdma_vf_rail2,rx_write_requests,7.05079e+08
2026-09-30T06:24:05.873Z,gpu-3uwoq-6g3ya-2,ib_hw_counter,rdma_vf_rail2,rx_read_requests,1.042e+07
2026-09-30T06:24:05.873Z,gpu-3uwoq-6g3ya-2,ib_hw_counter,rdma_vf_rail2,req_cqe_error,0
2026-09-30T06:24:05.873Z,gpu-3uwoq-6g3ya-2,ib_hw_counter,rdma_vf_rail2,resp_cqe_error,0
2026-09-30T06:24:05.873Z,gpu-3uwoq-6g3ya-2,ib_hw_counter,rdma_vf_rail2,implied_nak_seq_err,0
2026-09-30T06:24:05.873Z,gpu-3uwoq-6g3ya-2,ib_hw_counter,rdma_vf_rail2,duplicate_request,0
2026-09-30T06:24:05.873Z,gpu-3uwoq-6g3ya-2,ib_counter,rdma_vf_rail3,port_xmit_data,2.76198e+12
2026-09-30T06:24:05.873Z,gpu-3uwoq-6g3ya-2,ib_counter,rdma_vf_rail3,port_rcv_data,5.72148e+12
2026-09-30T06:24:05.873Z,gpu-3uwoq-6g3ya-2,ib_counter,rdma_vf_rail3,port_xmit_packets,9.41089e+08
2026-09-30T06:24:05.873Z,gpu-3uwoq-6g3ya-2,ib_counter,rdma_vf_rail3,port_rcv_packets,1.56898e+09
2026-09-30T06:24:05.873Z,gpu-3uwoq-6g3ya-2,ib_counter,rdma_vf_rail3,port_xmit_wait,0
2026-09-30T06:24:05.873Z,gpu-3uwoq-6g3ya-2,ib_counter,rdma_vf_rail3,port_rcv_errors,0
2026-09-30T06:24:05.873Z,gpu-3uwoq-6g3ya-2,ib_counter,rdma_vf_rail3,port_xmit_discards,0
2026-09-30T06:24:05.873Z,gpu-3uwoq-6g3ya-2,ib_counter,rdma_vf_rail3,link_downed,0
2026-09-30T06:24:05.873Z,gpu-3uwoq-6g3ya-2,ib_hw_counter,rdma_vf_rail3,out_of_sequence,0
2026-09-30T06:24:05.873Z,gpu-3uwoq-6g3ya-2,ib_hw_counter,rdma_vf_rail3,packet_seq_err,1
2026-09-30T06:24:05.873Z,gpu-3uwoq-6g3ya-2,ib_hw_counter,rdma_vf_rail3,local_ack_timeout_err,0
2026-09-30T06:24:05.873Z,gpu-3uwoq-6g3ya-2,ib_hw_counter,rdma_vf_rail3,rx_write_requests,7.05079e+08
2026-09-30T06:24:05.873Z,gpu-3uwoq-6g3ya-2,ib_hw_counter,rdma_vf_rail3,rx_read_requests,1.042e+07
2026-09-30T06:24:05.873Z,gpu-3uwoq-6g3ya-2,ib_hw_counter,rdma_vf_rail3,req_cqe_error,0
2026-09-30T06:24:05.873Z,gpu-3uwoq-6g3ya-2,ib_hw_counter,rdma_vf_rail3,resp_cqe_error,0
2026-09-30T06:24:05.873Z,gpu-3uwoq-6g3ya-2,ib_hw_counter,rdma_vf_rail3,implied_nak_seq_err,0
2026-09-30T06:24:05.873Z,gpu-3uwoq-6g3ya-2,ib_hw_counter,rdma_vf_rail3,duplicate_request,0
2026-09-30T06:24:05.873Z,gpu-3uwoq-6g3ya-2,dcgm,gpu2,gpu_util,0
2026-09-30T06:24:05.873Z,gpu-3uwoq-6g3ya-2,dcgm,gpu3,gpu_util,0
2026-09-30T06:24:05.873Z,gpu-3uwoq-6g3ya-2,dcgm,gpu1,gpu_util,0
2026-09-30T06:24:05.873Z,gpu-3uwoq-6g3ya-2,dcgm,gpu0,gpu_util,0
2026-09-30T06:24:05.873Z,gpu-3uwoq-6g3ya-2,dcgm,gpu2,nvlink_bandwidth_total,0
2026-09-30T06:24:05.873Z,gpu-3uwoq-6g3ya-2,dcgm,gpu3,nvlink_bandwidth_total,0
2026-09-30T06:24:05.873Z,gpu-3uwoq-6g3ya-2,dcgm,gpu1,nvlink_bandwidth_total,0
2026-09-30T06:24:05.873Z,gpu-3uwoq-6g3ya-2,dcgm,gpu0,nvlink_bandwidth_total,0
2026-09-30T06:24:05.873Z,gpu-3uwoq-6g3ya-2,dcgm,gpu2,power_w,230.638
2026-09-30T06:24:05.873Z,gpu-3uwoq-6g3ya-2,dcgm,gpu3,power_w,234.331
2026-09-30T06:24:05.873Z,gpu-3uwoq-6g3ya-2,dcgm,gpu1,power_w,230.033
2026-09-30T06:24:05.873Z,gpu-3uwoq-6g3ya-2,dcgm,gpu0,power_w,226.432
2026-09-30T06:24:05.873Z,gpu-3uwoq-6g3ya-2,dcgm,gpu2,sm_clock_mhz,2070
2026-09-30T06:24:05.873Z,gpu-3uwoq-6g3ya-2,dcgm,gpu3,sm_clock_mhz,2070
2026-09-30T06:24:05.873Z,gpu-3uwoq-6g3ya-2,dcgm,gpu1,sm_clock_mhz,2070
2026-09-30T06:24:05.873Z,gpu-3uwoq-6g3ya-2,dcgm,gpu0,sm_clock_mhz,2070
2026-09-30T06:24:05.873Z,gpu-3uwoq-6g3ya-2,dcgm,gpu2,dram_active,0
2026-09-30T06:24:05.873Z,gpu-3uwoq-6g3ya-2,dcgm,gpu3,dram_active,0
2026-09-30T06:24:05.873Z,gpu-3uwoq-6g3ya-2,dcgm,gpu1,dram_active,0
2026-09-30T06:24:05.873Z,gpu-3uwoq-6g3ya-2,dcgm,gpu0,dram_active,0
2026-09-30T06:24:05.873Z,gpu-3uwoq-6g3ya-2,dcgm,gpu2,pcie_rx_bytes,45876
2026-09-30T06:24:05.873Z,gpu-3uwoq-6g3ya-2,dcgm,gpu3,pcie_rx_bytes,44341
2026-09-30T06:24:05.873Z,gpu-3uwoq-6g3ya-2,dcgm,gpu1,pcie_rx_bytes,55952
2026-09-30T06:24:05.873Z,gpu-3uwoq-6g3ya-2,dcgm,gpu0,pcie_rx_bytes,57131
2026-09-30T06:24:05.873Z,gpu-3uwoq-6g3ya-2,dcgm,gpu2,pcie_tx_bytes,43727
2026-09-30T06:24:05.873Z,gpu-3uwoq-6g3ya-2,dcgm,gpu3,pcie_tx_bytes,42174
2026-09-30T06:24:05.873Z,gpu-3uwoq-6g3ya-2,dcgm,gpu1,pcie_tx_bytes,53786
2026-09-30T06:24:05.873Z,gpu-3uwoq-6g3ya-2,dcgm,gpu0,pcie_tx_bytes,54965
2026-09-30T06:24:05.873Z,gpu-3uwoq-6g3ya-2,dcgm,gpu2,tensor_active,0
2026-09-30T06:24:05.873Z,gpu-3uwoq-6g3ya-2,dcgm,gpu3,tensor_active,0
2026-09-30T06:24:05.873Z,gpu-3uwoq-6g3ya-2,dcgm,gpu1,tensor_active,0
2026-09-30T06:24:05.873Z,gpu-3uwoq-6g3ya-2,dcgm,gpu0,tensor_active,0
2026-09-30T06:24:05.873Z,gpu-3uwoq-6g3ya-2,dcgm,gpu2,sm_active,0
2026-09-30T06:24:05.873Z,gpu-3uwoq-6g3ya-2,dcgm,gpu3,sm_active,0
2026-09-30T06:24:05.873Z,gpu-3uwoq-6g3ya-2,dcgm,gpu1,sm_active,0
2026-09-30T06:24:05.873Z,gpu-3uwoq-6g3ya-2,dcgm,gpu0,sm_active,0
2026-09-30T06:24:05.873Z,gpu-3uwoq-6g3ya-2,nvlink,gpu0,nvlink_rx_bytes,4.68692e+13
2026-09-30T06:24:05.873Z,gpu-3uwoq-6g3ya-2,nvlink,gpu0,nvlink_tx_bytes,4.68696e+13
2026-09-30T06:24:05.873Z,gpu-3uwoq-6g3ya-2,nvlink,gpu1,nvlink_rx_bytes,4.70222e+13
2026-09-30T06:24:05.873Z,gpu-3uwoq-6g3ya-2,nvlink,gpu1,nvlink_tx_bytes,4.70228e+13
2026-09-30T06:24:05.873Z,gpu-3uwoq-6g3ya-2,nvlink,gpu2,nvlink_rx_bytes,4.68912e+13
2026-09-30T06:24:05.873Z,gpu-3uwoq-6g3ya-2,nvlink,gpu2,nvlink_tx_bytes,4.68913e+13
2026-09-30T06:24:05.873Z,gpu-3uwoq-6g3ya-2,nvlink,gpu3,nvlink_rx_bytes,4.68385e+13
2026-09-30T06:24:05.873Z,gpu-3uwoq-6g3ya-2,nvlink,gpu3,nvlink_tx_bytes,4.68389e+13
2026-09-30T06:24:06.874Z,gpu-3uwoq-6g3ya-2,ib_counter,rdma_vf_rail0,port_xmit_data,2.8979e+12
2026-09-30T06:24:06.874Z,gpu-3uwoq-6g3ya-2,ib_counter,rdma_vf_rail0,port_rcv_data,5.85726e+12
2026-09-30T06:24:06.874Z,gpu-3uwoq-6g3ya-2,ib_counter,rdma_vf_rail0,port_xmit_packets,9.93301e+08
2026-09-30T06:24:06.874Z,gpu-3uwoq-6g3ya-2,ib_counter,rdma_vf_rail0,port_rcv_packets,1.61819e+09
2026-09-30T06:24:06.874Z,gpu-3uwoq-6g3ya-2,ib_counter,rdma_vf_rail0,port_xmit_wait,0
2026-09-30T06:24:06.874Z,gpu-3uwoq-6g3ya-2,ib_counter,rdma_vf_rail0,port_rcv_errors,0
2026-09-30T06:24:06.874Z,gpu-3uwoq-6g3ya-2,ib_counter,rdma_vf_rail0,port_xmit_discards,0
2026-09-30T06:24:06.874Z,gpu-3uwoq-6g3ya-2,ib_counter,rdma_vf_rail0,link_downed,0
2026-09-30T06:24:06.874Z,gpu-3uwoq-6g3ya-2,ib_hw_counter,rdma_vf_rail0,out_of_sequence,0
2026-09-30T06:24:06.874Z,gpu-3uwoq-6g3ya-2,ib_hw_counter,rdma_vf_rail0,packet_seq_err,0
2026-09-30T06:24:06.874Z,gpu-3uwoq-6g3ya-2,ib_hw_counter,rdma_vf_rail0,local_ack_timeout_err,0
2026-09-30T06:24:06.874Z,gpu-3uwoq-6g3ya-2,ib_hw_counter,rdma_vf_rail0,rx_write_requests,7.07105e+08
2026-09-30T06:24:06.874Z,gpu-3uwoq-6g3ya-2,ib_hw_counter,rdma_vf_rail0,rx_read_requests,1.14286e+07
2026-09-30T06:24:06.874Z,gpu-3uwoq-6g3ya-2,ib_hw_counter,rdma_vf_rail0,req_cqe_error,0
2026-09-30T06:24:06.874Z,gpu-3uwoq-6g3ya-2,ib_hw_counter,rdma_vf_rail0,resp_cqe_error,0
2026-09-30T06:24:06.874Z,gpu-3uwoq-6g3ya-2,ib_hw_counter,rdma_vf_rail0,implied_nak_seq_err,0
2026-09-30T06:24:06.874Z,gpu-3uwoq-6g3ya-2,ib_hw_counter,rdma_vf_rail0,duplicate_request,0
2026-09-30T06:24:06.874Z,gpu-3uwoq-6g3ya-2,ib_counter,rdma_vf_rail1,port_xmit_data,2.78983e+12
2026-09-30T06:24:06.874Z,gpu-3uwoq-6g3ya-2,ib_counter,rdma_vf_rail1,port_rcv_data,5.74915e+12
2026-09-30T06:24:06.874Z,gpu-3uwoq-6g3ya-2,ib_counter,rdma_vf_rail1,port_xmit_packets,9.6064e+08
2026-09-30T06:24:06.874Z,gpu-3uwoq-6g3ya-2,ib_counter,rdma_vf_rail1,port_rcv_packets,1.58571e+09
2026-09-30T06:24:06.874Z,gpu-3uwoq-6g3ya-2,ib_counter,rdma_vf_rail1,port_xmit_wait,0
2026-09-30T06:24:06.874Z,gpu-3uwoq-6g3ya-2,ib_counter,rdma_vf_rail1,port_rcv_errors,0
2026-09-30T06:24:06.874Z,gpu-3uwoq-6g3ya-2,ib_counter,rdma_vf_rail1,port_xmit_discards,0
2026-09-30T06:24:06.874Z,gpu-3uwoq-6g3ya-2,ib_counter,rdma_vf_rail1,link_downed,0
2026-09-30T06:24:06.874Z,gpu-3uwoq-6g3ya-2,ib_hw_counter,rdma_vf_rail1,out_of_sequence,0
2026-09-30T06:24:06.874Z,gpu-3uwoq-6g3ya-2,ib_hw_counter,rdma_vf_rail1,packet_seq_err,0
2026-09-30T06:24:06.874Z,gpu-3uwoq-6g3ya-2,ib_hw_counter,rdma_vf_rail1,local_ack_timeout_err,0
2026-09-30T06:24:06.874Z,gpu-3uwoq-6g3ya-2,ib_hw_counter,rdma_vf_rail1,rx_write_requests,7.05505e+08
2026-09-30T06:24:06.874Z,gpu-3uwoq-6g3ya-2,ib_hw_counter,rdma_vf_rail1,rx_read_requests,1.06278e+07
2026-09-30T06:24:06.874Z,gpu-3uwoq-6g3ya-2,ib_hw_counter,rdma_vf_rail1,req_cqe_error,0
2026-09-30T06:24:06.874Z,gpu-3uwoq-6g3ya-2,ib_hw_counter,rdma_vf_rail1,resp_cqe_error,0
2026-09-30T06:24:06.874Z,gpu-3uwoq-6g3ya-2,ib_hw_counter,rdma_vf_rail1,implied_nak_seq_err,0
2026-09-30T06:24:06.874Z,gpu-3uwoq-6g3ya-2,ib_hw_counter,rdma_vf_rail1,duplicate_request,0
2026-09-30T06:24:06.874Z,gpu-3uwoq-6g3ya-2,ib_counter,rdma_vf_rail2,port_xmit_data,2.76211e+12
2026-09-30T06:24:06.874Z,gpu-3uwoq-6g3ya-2,ib_counter,rdma_vf_rail2,port_rcv_data,5.72087e+12
2026-09-30T06:24:06.874Z,gpu-3uwoq-6g3ya-2,ib_counter,rdma_vf_rail2,port_xmit_packets,9.42748e+08
2026-09-30T06:24:06.874Z,gpu-3uwoq-6g3ya-2,ib_counter,rdma_vf_rail2,port_rcv_packets,1.56156e+09
2026-09-30T06:24:06.874Z,gpu-3uwoq-6g3ya-2,ib_counter,rdma_vf_rail2,port_xmit_wait,0
2026-09-30T06:24:06.874Z,gpu-3uwoq-6g3ya-2,ib_counter,rdma_vf_rail2,port_rcv_errors,0
2026-09-30T06:24:06.874Z,gpu-3uwoq-6g3ya-2,ib_counter,rdma_vf_rail2,port_xmit_discards,0
2026-09-30T06:24:06.874Z,gpu-3uwoq-6g3ya-2,ib_counter,rdma_vf_rail2,link_downed,0
2026-09-30T06:24:06.874Z,gpu-3uwoq-6g3ya-2,ib_hw_counter,rdma_vf_rail2,out_of_sequence,0
2026-09-30T06:24:06.874Z,gpu-3uwoq-6g3ya-2,ib_hw_counter,rdma_vf_rail2,packet_seq_err,0
2026-09-30T06:24:06.874Z,gpu-3uwoq-6g3ya-2,ib_hw_counter,rdma_vf_rail2,local_ack_timeout_err,0
2026-09-30T06:24:06.874Z,gpu-3uwoq-6g3ya-2,ib_hw_counter,rdma_vf_rail2,rx_write_requests,7.05079e+08
2026-09-30T06:24:06.874Z,gpu-3uwoq-6g3ya-2,ib_hw_counter,rdma_vf_rail2,rx_read_requests,1.042e+07
2026-09-30T06:24:06.874Z,gpu-3uwoq-6g3ya-2,ib_hw_counter,rdma_vf_rail2,req_cqe_error,0
2026-09-30T06:24:06.874Z,gpu-3uwoq-6g3ya-2,ib_hw_counter,rdma_vf_rail2,resp_cqe_error,0
2026-09-30T06:24:06.874Z,gpu-3uwoq-6g3ya-2,ib_hw_counter,rdma_vf_rail2,implied_nak_seq_err,0
2026-09-30T06:24:06.874Z,gpu-3uwoq-6g3ya-2,ib_hw_counter,rdma_vf_rail2,duplicate_request,0
2026-09-30T06:24:06.874Z,gpu-3uwoq-6g3ya-2,ib_counter,rdma_vf_rail3,port_xmit_data,2.76198e+12
2026-09-30T06:24:06.874Z,gpu-3uwoq-6g3ya-2,ib_counter,rdma_vf_rail3,port_rcv_data,5.72148e+12
2026-09-30T06:24:06.874Z,gpu-3uwoq-6g3ya-2,ib_counter,rdma_vf_rail3,port_xmit_packets,9.41089e+08
2026-09-30T06:24:06.874Z,gpu-3uwoq-6g3ya-2,ib_counter,rdma_vf_rail3,port_rcv_packets,1.56898e+09
2026-09-30T06:24:06.874Z,gpu-3uwoq-6g3ya-2,ib_counter,rdma_vf_rail3,port_xmit_wait,0
2026-09-30T06:24:06.874Z,gpu-3uwoq-6g3ya-2,ib_counter,rdma_vf_rail3,port_rcv_errors,0
2026-09-30T06:24:06.874Z,gpu-3uwoq-6g3ya-2,ib_counter,rdma_vf_rail3,port_xmit_discards,0
2026-09-30T06:24:06.874Z,gpu-3uwoq-6g3ya-2,ib_counter,rdma_vf_rail3,link_downed,0
2026-09-30T06:24:06.874Z,gpu-3uwoq-6g3ya-2,ib_hw_counter,rdma_vf_rail3,out_of_sequence,0
2026-09-30T06:24:06.874Z,gpu-3uwoq-6g3ya-2,ib_hw_counter,rdma_vf_rail3,packet_seq_err,1
2026-09-30T06:24:06.874Z,gpu-3uwoq-6g3ya-2,ib_hw_counter,rdma_vf_rail3,local_ack_timeout_err,0
2026-09-30T06:24:06.874Z,gpu-3uwoq-6g3ya-2,ib_hw_counter,rdma_vf_rail3,rx_write_requests,7.05079e+08
2026-09-30T06:24:06.874Z,gpu-3uwoq-6g3ya-2,ib_hw_counter,rdma_vf_rail3,rx_read_requests,1.042e+07
2026-09-30T06:24:06.874Z,gpu-3uwoq-6g3ya-2,ib_hw_counter,rdma_vf_rail3,req_cqe_error,0
2026-09-30T06:24:06.874Z,gpu-3uwoq-6g3ya-2,ib_hw_counter,rdma_vf_rail3,resp_cqe_error,0
2026-09-30T06:24:06.874Z,gpu-3uwoq-6g3ya-2,ib_hw_counter,rdma_vf_rail3,implied_nak_seq_err,0
2026-09-30T06:24:06.874Z,gpu-3uwoq-6g3ya-2,ib_hw_counter,rdma_vf_rail3,duplicate_request,0
2026-09-30T06:24:06.874Z,gpu-3uwoq-6g3ya-2,dcgm,gpu2,gpu_util,0
2026-09-30T06:24:06.874Z,gpu-3uwoq-6g3ya-2,dcgm,gpu3,gpu_util,0
2026-09-30T06:24:06.874Z,gpu-3uwoq-6g3ya-2,dcgm,gpu1,gpu_util,0
2026-09-30T06:24:06.874Z,gpu-3uwoq-6g3ya-2,dcgm,gpu0,gpu_util,0
2026-09-30T06:24:06.874Z,gpu-3uwoq-6g3ya-2,dcgm,gpu2,nvlink_bandwidth_total,0
2026-09-30T06:24:06.874Z,gpu-3uwoq-6g3ya-2,dcgm,gpu3,nvlink_bandwidth_total,0
2026-09-30T06:24:06.874Z,gpu-3uwoq-6g3ya-2,dcgm,gpu1,nvlink_bandwidth_total,0
2026-09-30T06:24:06.874Z,gpu-3uwoq-6g3ya-2,dcgm,gpu0,nvlink_bandwidth_total,0
2026-09-30T06:24:06.874Z,gpu-3uwoq-6g3ya-2,dcgm,gpu2,power_w,230.638
2026-09-30T06:24:06.874Z,gpu-3uwoq-6g3ya-2,dcgm,gpu3,power_w,234.331
2026-09-30T06:24:06.874Z,gpu-3uwoq-6g3ya-2,dcgm,gpu1,power_w,230.033
2026-09-30T06:24:06.874Z,gpu-3uwoq-6g3ya-2,dcgm,gpu0,power_w,226.432
2026-09-30T06:24:06.874Z,gpu-3uwoq-6g3ya-2,dcgm,gpu2,sm_clock_mhz,2070
2026-09-30T06:24:06.874Z,gpu-3uwoq-6g3ya-2,dcgm,gpu3,sm_clock_mhz,2070
2026-09-30T06:24:06.874Z,gpu-3uwoq-6g3ya-2,dcgm,gpu1,sm_clock_mhz,2070
2026-09-30T06:24:06.874Z,gpu-3uwoq-6g3ya-2,dcgm,gpu0,sm_clock_mhz,2070
2026-09-30T06:24:06.874Z,gpu-3uwoq-6g3ya-2,dcgm,gpu2,dram_active,0
2026-09-30T06:24:06.874Z,gpu-3uwoq-6g3ya-2,dcgm,gpu3,dram_active,0
2026-09-30T06:24:06.874Z,gpu-3uwoq-6g3ya-2,dcgm,gpu1,dram_active,0
2026-09-30T06:24:06.874Z,gpu-3uwoq-6g3ya-2,dcgm,gpu0,dram_active,0
2026-09-30T06:24:06.874Z,gpu-3uwoq-6g3ya-2,dcgm,gpu2,pcie_rx_bytes,45876
2026-09-30T06:24:06.874Z,gpu-3uwoq-6g3ya-2,dcgm,gpu3,pcie_rx_bytes,44341
2026-09-30T06:24:06.874Z,gpu-3uwoq-6g3ya-2,dcgm,gpu1,pcie_rx_bytes,55952
2026-09-30T06:24:06.874Z,gpu-3uwoq-6g3ya-2,dcgm,gpu0,pcie_rx_bytes,57131
2026-09-30T06:24:06.874Z,gpu-3uwoq-6g3ya-2,dcgm,gpu2,pcie_tx_bytes,43727
2026-09-30T06:24:06.874Z,gpu-3uwoq-6g3ya-2,dcgm,gpu3,pcie_tx_bytes,42174
2026-09-30T06:24:06.874Z,gpu-3uwoq-6g3ya-2,dcgm,gpu1,pcie_tx_bytes,53786
2026-09-30T06:24:06.874Z,gpu-3uwoq-6g3ya-2,dcgm,gpu0,pcie_tx_bytes,54965
2026-09-30T06:24:06.874Z,gpu-3uwoq-6g3ya-2,dcgm,gpu2,tensor_active,0
2026-09-30T06:24:06.874Z,gpu-3uwoq-6g3ya-2,dcgm,gpu3,tensor_active,0
2026-09-30T06:24:06.874Z,gpu-3uwoq-6g3ya-2,dcgm,gpu1,tensor_active,0
2026-09-30T06:24:06.874Z,gpu-3uwoq-6g3ya-2,dcgm,gpu0,tensor_active,0
2026-09-30T06:24:06.874Z,gpu-3uwoq-6g3ya-2,dcgm,gpu2,sm_active,0
2026-09-30T06:24:06.874Z,gpu-3uwoq-6g3ya-2,dcgm,gpu3,sm_active,0
2026-09-30T06:24:06.874Z,gpu-3uwoq-6g3ya-2,dcgm,gpu1,sm_active,0
2026-09-30T06:24:06.874Z,gpu-3uwoq-6g3ya-2,dcgm,gpu0,sm_active,0
2026-09-30T06:24:06.874Z,gpu-3uwoq-6g3ya-2,nvlink,gpu0,nvlink_rx_bytes,4.68692e+13
2026-09-30T06:24:06.874Z,gpu-3uwoq-6g3ya-2,nvlink,gpu0,nvlink_tx_bytes,4.68696e+13
2026-09-30T06:24:06.874Z,gpu-3uwoq-6g3ya-2,nvlink,gpu1,nvlink_rx_bytes,4.70222e+13
2026-09-30T06:24:06.874Z,gpu-3uwoq-6g3ya-2,nvlink,gpu1,nvlink_tx_bytes,4.70228e+13
2026-09-30T06:24:06.874Z,gpu-3uwoq-6g3ya-2,nvlink,gpu2,nvlink_rx_bytes,4.68912e+13
2026-09-30T06:24:06.874Z,gpu-3uwoq-6g3ya-2,nvlink,gpu2,nvlink_tx_bytes,4.68913e+13
2026-09-30T06:24:06.874Z,gpu-3uwoq-6g3ya-2,nvlink,gpu3,nvlink_rx_bytes,4.68385e+13
2026-09-30T06:24:06.874Z,gpu-3uwoq-6g3ya-2,nvlink,gpu3,nvlink_tx_bytes,4.68389e+13
2026-09-30T06:24:07.874Z,gpu-3uwoq-6g3ya-2,ib_counter,rdma_vf_rail0,port_xmit_data,2.8979e+12
2026-09-30T06:24:07.874Z,gpu-3uwoq-6g3ya-2,ib_counter,rdma_vf_rail0,port_rcv_data,5.85726e+12
2026-09-30T06:24:07.874Z,gpu-3uwoq-6g3ya-2,ib_counter,rdma_vf_rail0,port_xmit_packets,9.93301e+08
2026-09-30T06:24:07.874Z,gpu-3uwoq-6g3ya-2,ib_counter,rdma_vf_rail0,port_rcv_packets,1.61819e+09
2026-09-30T06:24:07.874Z,gpu-3uwoq-6g3ya-2,ib_counter,rdma_vf_rail0,port_xmit_wait,0
2026-09-30T06:24:07.874Z,gpu-3uwoq-6g3ya-2,ib_counter,rdma_vf_rail0,port_rcv_errors,0
2026-09-30T06:24:07.874Z,gpu-3uwoq-6g3ya-2,ib_counter,rdma_vf_rail0,port_xmit_discards,0
2026-09-30T06:24:07.874Z,gpu-3uwoq-6g3ya-2,ib_counter,rdma_vf_rail0,link_downed,0
2026-09-30T06:24:07.874Z,gpu-3uwoq-6g3ya-2,ib_hw_counter,rdma_vf_rail0,out_of_sequence,0
2026-09-30T06:24:07.874Z,gpu-3uwoq-6g3ya-2,ib_hw_counter,rdma_vf_rail0,packet_seq_err,0
2026-09-30T06:24:07.874Z,gpu-3uwoq-6g3ya-2,ib_hw_counter,rdma_vf_rail0,local_ack_timeout_err,0
2026-09-30T06:24:07.874Z,gpu-3uwoq-6g3ya-2,ib_hw_counter,rdma_vf_rail0,rx_write_requests,7.07105e+08
2026-09-30T06:24:07.874Z,gpu-3uwoq-6g3ya-2,ib_hw_counter,rdma_vf_rail0,rx_read_requests,1.14286e+07
2026-09-30T06:24:07.874Z,gpu-3uwoq-6g3ya-2,ib_hw_counter,rdma_vf_rail0,req_cqe_error,0
2026-09-30T06:24:07.874Z,gpu-3uwoq-6g3ya-2,ib_hw_counter,rdma_vf_rail0,resp_cqe_error,0
2026-09-30T06:24:07.874Z,gpu-3uwoq-6g3ya-2,ib_hw_counter,rdma_vf_rail0,implied_nak_seq_err,0
2026-09-30T06:24:07.874Z,gpu-3uwoq-6g3ya-2,ib_hw_counter,rdma_vf_rail0,duplicate_request,0
2026-09-30T06:24:07.874Z,gpu-3uwoq-6g3ya-2,ib_counter,rdma_vf_rail1,port_xmit_data,2.78983e+12
2026-09-30T06:24:07.874Z,gpu-3uwoq-6g3ya-2,ib_counter,rdma_vf_rail1,port_rcv_data,5.74915e+12
2026-09-30T06:24:07.874Z,gpu-3uwoq-6g3ya-2,ib_counter,rdma_vf_rail1,port_xmit_packets,9.6064e+08
2026-09-30T06:24:07.874Z,gpu-3uwoq-6g3ya-2,ib_counter,rdma_vf_rail1,port_rcv_packets,1.58571e+09
2026-09-30T06:24:07.874Z,gpu-3uwoq-6g3ya-2,ib_counter,rdma_vf_rail1,port_xmit_wait,0
2026-09-30T06:24:07.874Z,gpu-3uwoq-6g3ya-2,ib_counter,rdma_vf_rail1,port_rcv_errors,0
2026-09-30T06:24:07.874Z,gpu-3uwoq-6g3ya-2,ib_counter,rdma_vf_rail1,port_xmit_discards,0
2026-09-30T06:24:07.874Z,gpu-3uwoq-6g3ya-2,ib_counter,rdma_vf_rail1,link_downed,0
2026-09-30T06:24:07.874Z,gpu-3uwoq-6g3ya-2,ib_hw_counter,rdma_vf_rail1,out_of_sequence,0
2026-09-30T06:24:07.874Z,gpu-3uwoq-6g3ya-2,ib_hw_counter,rdma_vf_rail1,packet_seq_err,0
2026-09-30T06:24:07.874Z,gpu-3uwoq-6g3ya-2,ib_hw_counter,rdma_vf_rail1,local_ack_timeout_err,0
2026-09-30T06:24:07.874Z,gpu-3uwoq-6g3ya-2,ib_hw_counter,rdma_vf_rail1,rx_write_requests,7.05505e+08
2026-09-30T06:24:07.874Z,gpu-3uwoq-6g3ya-2,ib_hw_counter,rdma_vf_rail1,rx_read_requests,1.06278e+07
2026-09-30T06:24:07.874Z,gpu-3uwoq-6g3ya-2,ib_hw_counter,rdma_vf_rail1,req_cqe_error,0
2026-09-30T06:24:07.874Z,gpu-3uwoq-6g3ya-2,ib_hw_counter,rdma_vf_rail1,resp_cqe_error,0
2026-09-30T06:24:07.874Z,gpu-3uwoq-6g3ya-2,ib_hw_counter,rdma_vf_rail1,implied_nak_seq_err,0
2026-09-30T06:24:07.874Z,gpu-3uwoq-6g3ya-2,ib_hw_counter,rdma_vf_rail1,duplicate_request,0
2026-09-30T06:24:07.874Z,gpu-3uwoq-6g3ya-2,ib_counter,rdma_vf_rail2,port_xmit_data,2.76211e+12
2026-09-30T06:24:07.874Z,gpu-3uwoq-6g3ya-2,ib_counter,rdma_vf_rail2,port_rcv_data,5.72087e+12
2026-09-30T06:24:07.874Z,gpu-3uwoq-6g3ya-2,ib_counter,rdma_vf_rail2,port_xmit_packets,9.42748e+08
2026-09-30T06:24:07.874Z,gpu-3uwoq-6g3ya-2,ib_counter,rdma_vf_rail2,port_rcv_packets,1.56156e+09
2026-09-30T06:24:07.874Z,gpu-3uwoq-6g3ya-2,ib_counter,rdma_vf_rail2,port_xmit_wait,0
2026-09-30T06:24:07.874Z,gpu-3uwoq-6g3ya-2,ib_counter,rdma_vf_rail2,port_rcv_errors,0
2026-09-30T06:24:07.874Z,gpu-3uwoq-6g3ya-2,ib_counter,rdma_vf_rail2,port_xmit_discards,0
2026-09-30T06:24:07.874Z,gpu-3uwoq-6g3ya-2,ib_counter,rdma_vf_rail2,link_downed,0
2026-09-30T06:24:07.874Z,gpu-3uwoq-6g3ya-2,ib_hw_counter,rdma_vf_rail2,out_of_sequence,0
2026-09-30T06:24:07.874Z,gpu-3uwoq-6g3ya-2,ib_hw_counter,rdma_vf_rail2,packet_seq_err,0
2026-09-30T06:24:07.874Z,gpu-3uwoq-6g3ya-2,ib_hw_counter,rdma_vf_rail2,local_ack_timeout_err,0
2026-09-30T06:24:07.874Z,gpu-3uwoq-6g3ya-2,ib_hw_counter,rdma_vf_rail2,rx_write_requests,7.05079e+08
2026-09-30T06:24:07.874Z,gpu-3uwoq-6g3ya-2,ib_hw_counter,rdma_vf_rail2,rx_read_requests,1.042e+07
2026-09-30T06:24:07.874Z,gpu-3uwoq-6g3ya-2,ib_hw_counter,rdma_vf_rail2,req_cqe_error,0
2026-09-30T06:24:07.874Z,gpu-3uwoq-6g3ya-2,ib_hw_counter,rdma_vf_rail2,resp_cqe_error,0
2026-09-30T06:24:07.874Z,gpu-3uwoq-6g3ya-2,ib_hw_counter,rdma_vf_rail2,implied_nak_seq_err,0
2026-09-30T06:24:07.874Z,gpu-3uwoq-6g3ya-2,ib_hw_counter,rdma_vf_rail2,duplicate_request,0
2026-09-30T06:24:07.874Z,gpu-3uwoq-6g3ya-2,ib_counter,rdma_vf_rail3,port_xmit_data,2.76198e+12
2026-09-30T06:24:07.874Z,gpu-3uwoq-6g3ya-2,ib_counter,rdma_vf_rail3,port_rcv_data,5.72148e+12
2026-09-30T06:24:07.874Z,gpu-3uwoq-6g3ya-2,ib_counter,rdma_vf_rail3,port_xmit_packets,9.41089e+08
2026-09-30T06:24:07.874Z,gpu-3uwoq-6g3ya-2,ib_counter,rdma_vf_rail3,port_rcv_packets,1.56898e+09
2026-09-30T06:24:07.874Z,gpu-3uwoq-6g3ya-2,ib_counter,rdma_vf_rail3,port_xmit_wait,0
2026-09-30T06:24:07.874Z,gpu-3uwoq-6g3ya-2,ib_counter,rdma_vf_rail3,port_rcv_errors,0
2026-09-30T06:24:07.874Z,gpu-3uwoq-6g3ya-2,ib_counter,rdma_vf_rail3,port_xmit_discards,0
2026-09-30T06:24:07.874Z,gpu-3uwoq-6g3ya-2,ib_counter,rdma_vf_rail3,link_downed,0
2026-09-30T06:24:07.874Z,gpu-3uwoq-6g3ya-2,ib_hw_counter,rdma_vf_rail3,out_of_sequence,0
2026-09-30T06:24:07.874Z,gpu-3uwoq-6g3ya-2,ib_hw_counter,rdma_vf_rail3,packet_seq_err,1
2026-09-30T06:24:07.874Z,gpu-3uwoq-6g3ya-2,ib_hw_counter,rdma_vf_rail3,local_ack_timeout_err,0
2026-09-30T06:24:07.874Z,gpu-3uwoq-6g3ya-2,ib_hw_counter,rdma_vf_rail3,rx_write_requests,7.05079e+08
2026-09-30T06:24:07.874Z,gpu-3uwoq-6g3ya-2,ib_hw_counter,rdma_vf_rail3,rx_read_requests,1.042e+07
2026-09-30T06:24:07.874Z,gpu-3uwoq-6g3ya-2,ib_hw_counter,rdma_vf_rail3,req_cqe_error,0
2026-09-30T06:24:07.874Z,gpu-3uwoq-6g3ya-2,ib_hw_counter,rdma_vf_rail3,resp_cqe_error,0
2026-09-30T06:24:07.874Z,gpu-3uwoq-6g3ya-2,ib_hw_counter,rdma_vf_rail3,implied_nak_seq_err,0
2026-09-30T06:24:07.874Z,gpu-3uwoq-6g3ya-2,ib_hw_counter,rdma_vf_rail3,duplicate_request,0
2026-09-30T06:24:07.874Z,gpu-3uwoq-6g3ya-2,dcgm,gpu2,gpu_util,0
2026-09-30T06:24:07.874Z,gpu-3uwoq-6g3ya-2,dcgm,gpu3,gpu_util,0
2026-09-30T06:24:07.874Z,gpu-3uwoq-6g3ya-2,dcgm,gpu1,gpu_util,0
2026-09-30T06:24:07.874Z,gpu-3uwoq-6g3ya-2,dcgm,gpu0,gpu_util,0
2026-09-30T06:24:07.874Z,gpu-3uwoq-6g3ya-2,dcgm,gpu2,nvlink_bandwidth_total,0
2026-09-30T06:24:07.874Z,gpu-3uwoq-6g3ya-2,dcgm,gpu3,nvlink_bandwidth_total,0
2026-09-30T06:24:07.874Z,gpu-3uwoq-6g3ya-2,dcgm,gpu1,nvlink_bandwidth_total,0
2026-09-30T06:24:07.874Z,gpu-3uwoq-6g3ya-2,dcgm,gpu0,nvlink_bandwidth_total,0
2026-09-30T06:24:07.874Z,gpu-3uwoq-6g3ya-2,dcgm,gpu2,power_w,230.638
2026-09-30T06:24:07.874Z,gpu-3uwoq-6g3ya-2,dcgm,gpu3,power_w,234.331
2026-09-30T06:24:07.874Z,gpu-3uwoq-6g3ya-2,dcgm,gpu1,power_w,230.033
2026-09-30T06:24:07.874Z,gpu-3uwoq-6g3ya-2,dcgm,gpu0,power_w,226.432
2026-09-30T06:24:07.874Z,gpu-3uwoq-6g3ya-2,dcgm,gpu2,sm_clock_mhz,2070
2026-09-30T06:24:07.874Z,gpu-3uwoq-6g3ya-2,dcgm,gpu3,sm_clock_mhz,2070
2026-09-30T06:24:07.874Z,gpu-3uwoq-6g3ya-2,dcgm,gpu1,sm_clock_mhz,2070
2026-09-30T06:24:07.874Z,gpu-3uwoq-6g3ya-2,dcgm,gpu0,sm_clock_mhz,2070
2026-09-30T06:24:07.874Z,gpu-3uwoq-6g3ya-2,dcgm,gpu2,dram_active,0
2026-09-30T06:24:07.874Z,gpu-3uwoq-6g3ya-2,dcgm,gpu3,dram_active,0
2026-09-30T06:24:07.874Z,gpu-3uwoq-6g3ya-2,dcgm,gpu1,dram_active,0
2026-09-30T06:24:07.874Z,gpu-3uwoq-6g3ya-2,dcgm,gpu0,dram_active,0
2026-09-30T06:24:07.874Z,gpu-3uwoq-6g3ya-2,dcgm,gpu2,pcie_rx_bytes,45876
2026-09-30T06:24:07.874Z,gpu-3uwoq-6g3ya-2,dcgm,gpu3,pcie_rx_bytes,44341
2026-09-30T06:24:07.874Z,gpu-3uwoq-6g3ya-2,dcgm,gpu1,pcie_rx_bytes,55952
2026-09-30T06:24:07.874Z,gpu-3uwoq-6g3ya-2,dcgm,gpu0,pcie_rx_bytes,57131
2026-09-30T06:24:07.874Z,gpu-3uwoq-6g3ya-2,dcgm,gpu2,pcie_tx_bytes,43727
2026-09-30T06:24:07.874Z,gpu-3uwoq-6g3ya-2,dcgm,gpu3,pcie_tx_bytes,42174
2026-09-30T06:24:07.874Z,gpu-3uwoq-6g3ya-2,dcgm,gpu1,pcie_tx_bytes,53786
2026-09-30T06:24:07.874Z,gpu-3uwoq-6g3ya-2,dcgm,gpu0,pcie_tx_bytes,54965
2026-09-30T06:24:07.874Z,gpu-3uwoq-6g3ya-2,dcgm,gpu2,tensor_active,0
2026-09-30T06:24:07.874Z,gpu-3uwoq-6g3ya-2,dcgm,gpu3,tensor_active,0
2026-09-30T06:24:07.874Z,gpu-3uwoq-6g3ya-2,dcgm,gpu1,tensor_active,0
2026-09-30T06:24:07.874Z,gpu-3uwoq-6g3ya-2,dcgm,gpu0,tensor_active,0
2026-09-30T06:24:07.874Z,gpu-3uwoq-6g3ya-2,dcgm,gpu2,sm_active,0
2026-09-30T06:24:07.874Z,gpu-3uwoq-6g3ya-2,dcgm,gpu3,sm_active,0
2026-09-30T06:24:07.874Z,gpu-3uwoq-6g3ya-2,dcgm,gpu1,sm_active,0
2026-09-30T06:24:07.874Z,gpu-3uwoq-6g3ya-2,dcgm,gpu0,sm_active,0
2026-09-30T06:24:07.874Z,gpu-3uwoq-6g3ya-2,nvlink,gpu0,nvlink_rx_bytes,4.68692e+13
2026-09-30T06:24:07.874Z,gpu-3uwoq-6g3ya-2,nvlink,gpu0,nvlink_tx_bytes,4.68696e+13
2026-09-30T06:24:07.874Z,gpu-3uwoq-6g3ya-2,nvlink,gpu1,nvlink_rx_bytes,4.70222e+13
2026-09-30T06:24:07.874Z,gpu-3uwoq-6g3ya-2,nvlink,gpu1,nvlink_tx_bytes,4.70228e+13
2026-09-30T06:24:07.874Z,gpu-3uwoq-6g3ya-2,nvlink,gpu2,nvlink_rx_bytes,4.68912e+13
2026-09-30T06:24:07.874Z,gpu-3uwoq-6g3ya-2,nvlink,gpu2,nvlink_tx_bytes,4.68913e+13
2026-09-30T06:24:07.874Z,gpu-3uwoq-6g3ya-2,nvlink,gpu3,nvlink_rx_bytes,4.68385e+13
2026-09-30T06:24:07.874Z,gpu-3uwoq-6g3ya-2,nvlink,gpu3,nvlink_tx_bytes,4.68389e+13
2026-09-30T06:24:08.874Z,gpu-3uwoq-6g3ya-2,ib_counter,rdma_vf_rail0,port_xmit_data,2.8979e+12
2026-09-30T06:24:08.874Z,gpu-3uwoq-6g3ya-2,ib_counter,rdma_vf_rail0,port_rcv_data,5.85726e+12
2026-09-30T06:24:08.874Z,gpu-3uwoq-6g3ya-2,ib_counter,rdma_vf_rail0,port_xmit_packets,9.93301e+08
2026-09-30T06:24:08.874Z,gpu-3uwoq-6g3ya-2,ib_counter,rdma_vf_rail0,port_rcv_packets,1.61819e+09
2026-09-30T06:24:08.874Z,gpu-3uwoq-6g3ya-2,ib_counter,rdma_vf_rail0,port_xmit_wait,0
2026-09-30T06:24:08.874Z,gpu-3uwoq-6g3ya-2,ib_counter,rdma_vf_rail0,port_rcv_errors,0
2026-09-30T06:24:08.874Z,gpu-3uwoq-6g3ya-2,ib_counter,rdma_vf_rail0,port_xmit_discards,0
2026-09-30T06:24:08.874Z,gpu-3uwoq-6g3ya-2,ib_counter,rdma_vf_rail0,link_downed,0
2026-09-30T06:24:08.874Z,gpu-3uwoq-6g3ya-2,ib_hw_counter,rdma_vf_rail0,out_of_sequence,0
2026-09-30T06:24:08.874Z,gpu-3uwoq-6g3ya-2,ib_hw_counter,rdma_vf_rail0,packet_seq_err,0
2026-09-30T06:24:08.874Z,gpu-3uwoq-6g3ya-2,ib_hw_counter,rdma_vf_rail0,local_ack_timeout_err,0
2026-09-30T06:24:08.874Z,gpu-3uwoq-6g3ya-2,ib_hw_counter,rdma_vf_rail0,rx_write_requests,7.07105e+08
2026-09-30T06:24:08.874Z,gpu-3uwoq-6g3ya-2,ib_hw_counter,rdma_vf_rail0,rx_read_requests,1.14286e+07
2026-09-30T06:24:08.874Z,gpu-3uwoq-6g3ya-2,ib_hw_counter,rdma_vf_rail0,req_cqe_error,0
2026-09-30T06:24:08.874Z,gpu-3uwoq-6g3ya-2,ib_hw_counter,rdma_vf_rail0,resp_cqe_error,0
2026-09-30T06:24:08.874Z,gpu-3uwoq-6g3ya-2,ib_hw_counter,rdma_vf_rail0,implied_nak_seq_err,0
2026-09-30T06:24:08.874Z,gpu-3uwoq-6g3ya-2,ib_hw_counter,rdma_vf_rail0,duplicate_request,0
2026-09-30T06:24:08.874Z,gpu-3uwoq-6g3ya-2,ib_counter,rdma_vf_rail1,port_xmit_data,2.78983e+12
2026-09-30T06:24:08.874Z,gpu-3uwoq-6g3ya-2,ib_counter,rdma_vf_rail1,port_rcv_data,5.74915e+12
2026-09-30T06:24:08.874Z,gpu-3uwoq-6g3ya-2,ib_counter,rdma_vf_rail1,port_xmit_packets,9.6064e+08
2026-09-30T06:24:08.874Z,gpu-3uwoq-6g3ya-2,ib_counter,rdma_vf_rail1,port_rcv_packets,1.58571e+09
2026-09-30T06:24:08.874Z,gpu-3uwoq-6g3ya-2,ib_counter,rdma_vf_rail1,port_xmit_wait,0
2026-09-30T06:24:08.874Z,gpu-3uwoq-6g3ya-2,ib_counter,rdma_vf_rail1,port_rcv_errors,0
2026-09-30T06:24:08.874Z,gpu-3uwoq-6g3ya-2,ib_counter,rdma_vf_rail1,port_xmit_discards,0
2026-09-30T06:24:08.874Z,gpu-3uwoq-6g3ya-2,ib_counter,rdma_vf_rail1,link_downed,0
2026-09-30T06:24:08.874Z,gpu-3uwoq-6g3ya-2,ib_hw_counter,rdma_vf_rail1,out_of_sequence,0
2026-09-30T06:24:08.874Z,gpu-3uwoq-6g3ya-2,ib_hw_counter,rdma_vf_rail1,packet_seq_err,0
2026-09-30T06:24:08.874Z,gpu-3uwoq-6g3ya-2,ib_hw_counter,rdma_vf_rail1,local_ack_timeout_err,0
2026-09-30T06:24:08.874Z,gpu-3uwoq-6g3ya-2,ib_hw_counter,rdma_vf_rail1,rx_write_requests,7.05505e+08
2026-09-30T06:24:08.874Z,gpu-3uwoq-6g3ya-2,ib_hw_counter,rdma_vf_rail1,rx_read_requests,1.06278e+07
2026-09-30T06:24:08.874Z,gpu-3uwoq-6g3ya-2,ib_hw_counter,rdma_vf_rail1,req_cqe_error,0
2026-09-30T06:24:08.874Z,gpu-3uwoq-6g3ya-2,ib_hw_counter,rdma_vf_rail1,resp_cqe_error,0
2026-09-30T06:24:08.874Z,gpu-3uwoq-6g3ya-2,ib_hw_counter,rdma_vf_rail1,implied_nak_seq_err,0
2026-09-30T06:24:08.874Z,gpu-3uwoq-6g3ya-2,ib_hw_counter,rdma_vf_rail1,duplicate_request,0
2026-09-30T06:24:08.874Z,gpu-3uwoq-6g3ya-2,ib_counter,rdma_vf_rail2,port_xmit_data,2.76211e+12
2026-09-30T06:24:08.874Z,gpu-3uwoq-6g3ya-2,ib_counter,rdma_vf_rail2,port_rcv_data,5.72087e+12
2026-09-30T06:24:08.874Z,gpu-3uwoq-6g3ya-2,ib_counter,rdma_vf_rail2,port_xmit_packets,9.42748e+08
2026-09-30T06:24:08.874Z,gpu-3uwoq-6g3ya-2,ib_counter,rdma_vf_rail2,port_rcv_packets,1.56156e+09
2026-09-30T06:24:08.874Z,gpu-3uwoq-6g3ya-2,ib_counter,rdma_vf_rail2,port_xmit_wait,0
2026-09-30T06:24:08.874Z,gpu-3uwoq-6g3ya-2,ib_counter,rdma_vf_rail2,port_rcv_errors,0
2026-09-30T06:24:08.874Z,gpu-3uwoq-6g3ya-2,ib_counter,rdma_vf_rail2,port_xmit_discards,0
2026-09-30T06:24:08.874Z,gpu-3uwoq-6g3ya-2,ib_counter,rdma_vf_rail2,link_downed,0
2026-09-30T06:24:08.874Z,gpu-3uwoq-6g3ya-2,ib_hw_counter,rdma_vf_rail2,out_of_sequence,0
2026-09-30T06:24:08.874Z,gpu-3uwoq-6g3ya-2,ib_hw_counter,rdma_vf_rail2,packet_seq_err,0
2026-09-30T06:24:08.874Z,gpu-3uwoq-6g3ya-2,ib_hw_counter,rdma_vf_rail2,local_ack_timeout_err,0
2026-09-30T06:24:08.874Z,gpu-3uwoq-6g3ya-2,ib_hw_counter,rdma_vf_rail2,rx_write_requests,7.05079e+08
2026-09-30T06:24:08.874Z,gpu-3uwoq-6g3ya-2,ib_hw_counter,rdma_vf_rail2,rx_read_requests,1.042e+07
2026-09-30T06:24:08.874Z,gpu-3uwoq-6g3ya-2,ib_hw_counter,rdma_vf_rail2,req_cqe_error,0
2026-09-30T06:24:08.874Z,gpu-3uwoq-6g3ya-2,ib_hw_counter,rdma_vf_rail2,resp_cqe_error,0
2026-09-30T06:24:08.874Z,gpu-3uwoq-6g3ya-2,ib_hw_counter,rdma_vf_rail2,implied_nak_seq_err,0
2026-09-30T06:24:08.874Z,gpu-3uwoq-6g3ya-2,ib_hw_counter,rdma_vf_rail2,duplicate_request,0
2026-09-30T06:24:08.874Z,gpu-3uwoq-6g3ya-2,ib_counter,rdma_vf_rail3,port_xmit_data,2.76198e+12
2026-09-30T06:24:08.874Z,gpu-3uwoq-6g3ya-2,ib_counter,rdma_vf_rail3,port_rcv_data,5.72148e+12
2026-09-30T06:24:08.874Z,gpu-3uwoq-6g3ya-2,ib_counter,rdma_vf_rail3,port_xmit_packets,9.41089e+08
2026-09-30T06:24:08.874Z,gpu-3uwoq-6g3ya-2,ib_counter,rdma_vf_rail3,port_rcv_packets,1.56898e+09
2026-09-30T06:24:08.874Z,gpu-3uwoq-6g3ya-2,ib_counter,rdma_vf_rail3,port_xmit_wait,0
2026-09-30T06:24:08.874Z,gpu-3uwoq-6g3ya-2,ib_counter,rdma_vf_rail3,port_rcv_errors,0
2026-09-30T06:24:08.874Z,gpu-3uwoq-6g3ya-2,ib_counter,rdma_vf_rail3,port_xmit_discards,0
2026-09-30T06:24:08.874Z,gpu-3uwoq-6g3ya-2,ib_counter,rdma_vf_rail3,link_downed,0
2026-09-30T06:24:08.874Z,gpu-3uwoq-6g3ya-2,ib_hw_counter,rdma_vf_rail3,out_of_sequence,0
2026-09-30T06:24:08.874Z,gpu-3uwoq-6g3ya-2,ib_hw_counter,rdma_vf_rail3,packet_seq_err,1
2026-09-30T06:24:08.874Z,gpu-3uwoq-6g3ya-2,ib_hw_counter,rdma_vf_rail3,local_ack_timeout_err,0
2026-09-30T06:24:08.874Z,gpu-3uwoq-6g3ya-2,ib_hw_counter,rdma_vf_rail3,rx_write_requests,7.05079e+08
2026-09-30T06:24:08.874Z,gpu-3uwoq-6g3ya-2,ib_hw_counter,rdma_vf_rail3,rx_read_requests,1.042e+07
2026-09-30T06:24:08.874Z,gpu-3uwoq-6g3ya-2,ib_hw_counter,rdma_vf_rail3,req_cqe_error,0
2026-09-30T06:24:08.874Z,gpu-3uwoq-6g3ya-2,ib_hw_counter,rdma_vf_rail3,resp_cqe_error,0
2026-09-30T06:24:08.874Z,gpu-3uwoq-6g3ya-2,ib_hw_counter,rdma_vf_rail3,implied_nak_seq_err,0
2026-09-30T06:24:08.874Z,gpu-3uwoq-6g3ya-2,ib_hw_counter,rdma_vf_rail3,duplicate_request,0
2026-09-30T06:24:08.874Z,gpu-3uwoq-6g3ya-2,dcgm,gpu2,gpu_util,0
2026-09-30T06:24:08.874Z,gpu-3uwoq-6g3ya-2,dcgm,gpu3,gpu_util,0
2026-09-30T06:24:08.874Z,gpu-3uwoq-6g3ya-2,dcgm,gpu1,gpu_util,0
2026-09-30T06:24:08.874Z,gpu-3uwoq-6g3ya-2,dcgm,gpu0,gpu_util,0
2026-09-30T06:24:08.874Z,gpu-3uwoq-6g3ya-2,dcgm,gpu2,nvlink_bandwidth_total,0
2026-09-30T06:24:08.874Z,gpu-3uwoq-6g3ya-2,dcgm,gpu3,nvlink_bandwidth_total,0
2026-09-30T06:24:08.874Z,gpu-3uwoq-6g3ya-2,dcgm,gpu1,nvlink_bandwidth_total,0
2026-09-30T06:24:08.874Z,gpu-3uwoq-6g3ya-2,dcgm,gpu0,nvlink_bandwidth_total,0
2026-09-30T06:24:08.874Z,gpu-3uwoq-6g3ya-2,dcgm,gpu2,power_w,230.638
2026-09-30T06:24:08.874Z,gpu-3uwoq-6g3ya-2,dcgm,gpu3,power_w,234.331
2026-09-30T06:24:08.874Z,gpu-3uwoq-6g3ya-2,dcgm,gpu1,power_w,230.033
2026-09-30T06:24:08.874Z,gpu-3uwoq-6g3ya-2,dcgm,gpu0,power_w,226.432
2026-09-30T06:24:08.874Z,gpu-3uwoq-6g3ya-2,dcgm,gpu2,sm_clock_mhz,2070
2026-09-30T06:24:08.874Z,gpu-3uwoq-6g3ya-2,dcgm,gpu3,sm_clock_mhz,2070
2026-09-30T06:24:08.874Z,gpu-3uwoq-6g3ya-2,dcgm,gpu1,sm_clock_mhz,2070
2026-09-30T06:24:08.874Z,gpu-3uwoq-6g3ya-2,dcgm,gpu0,sm_clock_mhz,2070
2026-09-30T06:24:08.874Z,gpu-3uwoq-6g3ya-2,dcgm,gpu2,dram_active,0
2026-09-30T06:24:08.874Z,gpu-3uwoq-6g3ya-2,dcgm,gpu3,dram_active,0
2026-09-30T06:24:08.874Z,gpu-3uwoq-6g3ya-2,dcgm,gpu1,dram_active,0
2026-09-30T06:24:08.874Z,gpu-3uwoq-6g3ya-2,dcgm,gpu0,dram_active,0
2026-09-30T06:24:08.874Z,gpu-3uwoq-6g3ya-2,dcgm,gpu2,pcie_rx_bytes,45876
2026-09-30T06:24:08.874Z,gpu-3uwoq-6g3ya-2,dcgm,gpu3,pcie_rx_bytes,44341
2026-09-30T06:24:08.874Z,gpu-3uwoq-6g3ya-2,dcgm,gpu1,pcie_rx_bytes,55952
2026-09-30T06:24:08.874Z,gpu-3uwoq-6g3ya-2,dcgm,gpu0,pcie_rx_bytes,57131
2026-09-30T06:24:08.874Z,gpu-3uwoq-6g3ya-2,dcgm,gpu2,pcie_tx_bytes,43727
2026-09-30T06:24:08.874Z,gpu-3uwoq-6g3ya-2,dcgm,gpu3,pcie_tx_bytes,42174
2026-09-30T06:24:08.874Z,gpu-3uwoq-6g3ya-2,dcgm,gpu1,pcie_tx_bytes,53786
2026-09-30T06:24:08.874Z,gpu-3uwoq-6g3ya-2,dcgm,gpu0,pcie_tx_bytes,54965
2026-09-30T06:24:08.874Z,gpu-3uwoq-6g3ya-2,dcgm,gpu2,tensor_active,0
2026-09-30T06:24:08.874Z,gpu-3uwoq-6g3ya-2,dcgm,gpu3,tensor_active,0
2026-09-30T06:24:08.874Z,gpu-3uwoq-6g3ya-2,dcgm,gpu1,tensor_active,0
2026-09-30T06:24:08.874Z,gpu-3uwoq-6g3ya-2,dcgm,gpu0,tensor_active,0
2026-09-30T06:24:08.874Z,gpu-3uwoq-6g3ya-2,dcgm,gpu2,sm_active,0
2026-09-30T06:24:08.874Z,gpu-3uwoq-6g3ya-2,dcgm,gpu3,sm_active,0
2026-09-30T06:24:08.874Z,gpu-3uwoq-6g3ya-2,dcgm,gpu1,sm_active,0
2026-09-30T06:24:08.874Z,gpu-3uwoq-6g3ya-2,dcgm,gpu0,sm_active,0
2026-09-30T06:24:08.874Z,gpu-3uwoq-6g3ya-2,nvlink,gpu0,nvlink_rx_bytes,4.68692e+13
2026-09-30T06:24:08.874Z,gpu-3uwoq-6g3ya-2,nvlink,gpu0,nvlink_tx_bytes,4.68696e+13
2026-09-30T06:24:08.874Z,gpu-3uwoq-6g3ya-2,nvlink,gpu1,nvlink_rx_bytes,4.70222e+13
2026-09-30T06:24:08.874Z,gpu-3uwoq-6g3ya-2,nvlink,gpu1,nvlink_tx_bytes,4.70228e+13
2026-09-30T06:24:08.874Z,gpu-3uwoq-6g3ya-2,nvlink,gpu2,nvlink_rx_bytes,4.68912e+13
2026-09-30T06:24:08.874Z,gpu-3uwoq-6g3ya-2,nvlink,gpu2,nvlink_tx_bytes,4.68913e+13
2026-09-30T06:24:08.874Z,gpu-3uwoq-6g3ya-2,nvlink,gpu3,nvlink_rx_bytes,4.68385e+13
2026-09-30T06:24:08.874Z,gpu-3uwoq-6g3ya-2,nvlink,gpu3,nvlink_tx_bytes,4.68389e+13
2026-09-30T06:24:09.874Z,gpu-3uwoq-6g3ya-2,ib_counter,rdma_vf_rail0,port_xmit_data,2.8979e+12
2026-09-30T06:24:09.874Z,gpu-3uwoq-6g3ya-2,ib_counter,rdma_vf_rail0,port_rcv_data,5.85726e+12
2026-09-30T06:24:09.874Z,gpu-3uwoq-6g3ya-2,ib_counter,rdma_vf_rail0,port_xmit_packets,9.93301e+08
2026-09-30T06:24:09.874Z,gpu-3uwoq-6g3ya-2,ib_counter,rdma_vf_rail0,port_rcv_packets,1.61819e+09
2026-09-30T06:24:09.874Z,gpu-3uwoq-6g3ya-2,ib_counter,rdma_vf_rail0,port_xmit_wait,0
2026-09-30T06:24:09.874Z,gpu-3uwoq-6g3ya-2,ib_counter,rdma_vf_rail0,port_rcv_errors,0
2026-09-30T06:24:09.874Z,gpu-3uwoq-6g3ya-2,ib_counter,rdma_vf_rail0,port_xmit_discards,0
2026-09-30T06:24:09.874Z,gpu-3uwoq-6g3ya-2,ib_counter,rdma_vf_rail0,link_downed,0
2026-09-30T06:24:09.874Z,gpu-3uwoq-6g3ya-2,ib_hw_counter,rdma_vf_rail0,out_of_sequence,0
2026-09-30T06:24:09.874Z,gpu-3uwoq-6g3ya-2,ib_hw_counter,rdma_vf_rail0,packet_seq_err,0
2026-09-30T06:24:09.874Z,gpu-3uwoq-6g3ya-2,ib_hw_counter,rdma_vf_rail0,local_ack_timeout_err,0
2026-09-30T06:24:09.874Z,gpu-3uwoq-6g3ya-2,ib_hw_counter,rdma_vf_rail0,rx_write_requests,7.07105e+08
2026-09-30T06:24:09.874Z,gpu-3uwoq-6g3ya-2,ib_hw_counter,rdma_vf_rail0,rx_read_requests,1.14286e+07
2026-09-30T06:24:09.874Z,gpu-3uwoq-6g3ya-2,ib_hw_counter,rdma_vf_rail0,req_cqe_error,0
2026-09-30T06:24:09.874Z,gpu-3uwoq-6g3ya-2,ib_hw_counter,rdma_vf_rail0,resp_cqe_error,0
2026-09-30T06:24:09.874Z,gpu-3uwoq-6g3ya-2,ib_hw_counter,rdma_vf_rail0,implied_nak_seq_err,0
2026-09-30T06:24:09.874Z,gpu-3uwoq-6g3ya-2,ib_hw_counter,rdma_vf_rail0,duplicate_request,0
2026-09-30T06:24:09.874Z,gpu-3uwoq-6g3ya-2,ib_counter,rdma_vf_rail1,port_xmit_data,2.78983e+12
2026-09-30T06:24:09.874Z,gpu-3uwoq-6g3ya-2,ib_counter,rdma_vf_rail1,port_rcv_data,5.74915e+12
2026-09-30T06:24:09.874Z,gpu-3uwoq-6g3ya-2,ib_counter,rdma_vf_rail1,port_xmit_packets,9.6064e+08
2026-09-30T06:24:09.874Z,gpu-3uwoq-6g3ya-2,ib_counter,rdma_vf_rail1,port_rcv_packets,1.58571e+09
2026-09-30T06:24:09.874Z,gpu-3uwoq-6g3ya-2,ib_counter,rdma_vf_rail1,port_xmit_wait,0
2026-09-30T06:24:09.874Z,gpu-3uwoq-6g3ya-2,ib_counter,rdma_vf_rail1,port_rcv_errors,0
2026-09-30T06:24:09.874Z,gpu-3uwoq-6g3ya-2,ib_counter,rdma_vf_rail1,port_xmit_discards,0
2026-09-30T06:24:09.874Z,gpu-3uwoq-6g3ya-2,ib_counter,rdma_vf_rail1,link_downed,0
2026-09-30T06:24:09.874Z,gpu-3uwoq-6g3ya-2,ib_hw_counter,rdma_vf_rail1,out_of_sequence,0
2026-09-30T06:24:09.874Z,gpu-3uwoq-6g3ya-2,ib_hw_counter,rdma_vf_rail1,packet_seq_err,0
2026-09-30T06:24:09.874Z,gpu-3uwoq-6g3ya-2,ib_hw_counter,rdma_vf_rail1,local_ack_timeout_err,0
2026-09-30T06:24:09.874Z,gpu-3uwoq-6g3ya-2,ib_hw_counter,rdma_vf_rail1,rx_write_requests,7.05505e+08
2026-09-30T06:24:09.874Z,gpu-3uwoq-6g3ya-2,ib_hw_counter,rdma_vf_rail1,rx_read_requests,1.06278e+07
2026-09-30T06:24:09.874Z,gpu-3uwoq-6g3ya-2,ib_hw_counter,rdma_vf_rail1,req_cqe_error,0
2026-09-30T06:24:09.874Z,gpu-3uwoq-6g3ya-2,ib_hw_counter,rdma_vf_rail1,resp_cqe_error,0
2026-09-30T06:24:09.874Z,gpu-3uwoq-6g3ya-2,ib_hw_counter,rdma_vf_rail1,implied_nak_seq_err,0
2026-09-30T06:24:09.874Z,gpu-3uwoq-6g3ya-2,ib_hw_counter,rdma_vf_rail1,duplicate_request,0
2026-09-30T06:24:09.874Z,gpu-3uwoq-6g3ya-2,ib_counter,rdma_vf_rail2,port_xmit_data,2.76211e+12
2026-09-30T06:24:09.874Z,gpu-3uwoq-6g3ya-2,ib_counter,rdma_vf_rail2,port_rcv_data,5.72087e+12
2026-09-30T06:24:09.874Z,gpu-3uwoq-6g3ya-2,ib_counter,rdma_vf_rail2,port_xmit_packets,9.42748e+08
2026-09-30T06:24:09.874Z,gpu-3uwoq-6g3ya-2,ib_counter,rdma_vf_rail2,port_rcv_packets,1.56156e+09
2026-09-30T06:24:09.874Z,gpu-3uwoq-6g3ya-2,ib_counter,rdma_vf_rail2,port_xmit_wait,0
2026-09-30T06:24:09.874Z,gpu-3uwoq-6g3ya-2,ib_counter,rdma_vf_rail2,port_rcv_errors,0
2026-09-30T06:24:09.874Z,gpu-3uwoq-6g3ya-2,ib_counter,rdma_vf_rail2,port_xmit_discards,0
2026-09-30T06:24:09.874Z,gpu-3uwoq-6g3ya-2,ib_counter,rdma_vf_rail2,link_downed,0
2026-09-30T06:24:09.874Z,gpu-3uwoq-6g3ya-2,ib_hw_counter,rdma_vf_rail2,out_of_sequence,0
2026-09-30T06:24:09.874Z,gpu-3uwoq-6g3ya-2,ib_hw_counter,rdma_vf_rail2,packet_seq_err,0
2026-09-30T06:24:09.874Z,gpu-3uwoq-6g3ya-2,ib_hw_counter,rdma_vf_rail2,local_ack_timeout_err,0
2026-09-30T06:24:09.874Z,gpu-3uwoq-6g3ya-2,ib_hw_counter,rdma_vf_rail2,rx_write_requests,7.05079e+08
2026-09-30T06:24:09.874Z,gpu-3uwoq-6g3ya-2,ib_hw_counter,rdma_vf_rail2,rx_read_requests,1.042e+07
2026-09-30T06:24:09.874Z,gpu-3uwoq-6g3ya-2,ib_hw_counter,rdma_vf_rail2,req_cqe_error,0
2026-09-30T06:24:09.874Z,gpu-3uwoq-6g3ya-2,ib_hw_counter,rdma_vf_rail2,resp_cqe_error,0
2026-09-30T06:24:09.874Z,gpu-3uwoq-6g3ya-2,ib_hw_counter,rdma_vf_rail2,implied_nak_seq_err,0
2026-09-30T06:24:09.874Z,gpu-3uwoq-6g3ya-2,ib_hw_counter,rdma_vf_rail2,duplicate_request,0
2026-09-30T06:24:09.874Z,gpu-3uwoq-6g3ya-2,ib_counter,rdma_vf_rail3,port_xmit_data,2.76198e+12
2026-09-30T06:24:09.874Z,gpu-3uwoq-6g3ya-2,ib_counter,rdma_vf_rail3,port_rcv_data,5.72148e+12
2026-09-30T06:24:09.874Z,gpu-3uwoq-6g3ya-2,ib_counter,rdma_vf_rail3,port_xmit_packets,9.41089e+08
2026-09-30T06:24:09.874Z,gpu-3uwoq-6g3ya-2,ib_counter,rdma_vf_rail3,port_rcv_packets,1.56898e+09
2026-09-30T06:24:09.874Z,gpu-3uwoq-6g3ya-2,ib_counter,rdma_vf_rail3,port_xmit_wait,0
2026-09-30T06:24:09.874Z,gpu-3uwoq-6g3ya-2,ib_counter,rdma_vf_rail3,port_rcv_errors,0
2026-09-30T06:24:09.874Z,gpu-3uwoq-6g3ya-2,ib_counter,rdma_vf_rail3,port_xmit_discards,0
2026-09-30T06:24:09.874Z,gpu-3uwoq-6g3ya-2,ib_counter,rdma_vf_rail3,link_downed,0
2026-09-30T06:24:09.874Z,gpu-3uwoq-6g3ya-2,ib_hw_counter,rdma_vf_rail3,out_of_sequence,0
2026-09-30T06:24:09.874Z,gpu-3uwoq-6g3ya-2,ib_hw_counter,rdma_vf_rail3,packet_seq_err,1
2026-09-30T06:24:09.874Z,gpu-3uwoq-6g3ya-2,ib_hw_counter,rdma_vf_rail3,local_ack_timeout_err,0
2026-09-30T06:24:09.874Z,gpu-3uwoq-6g3ya-2,ib_hw_counter,rdma_vf_rail3,rx_write_requests,7.05079e+08
2026-09-30T06:24:09.874Z,gpu-3uwoq-6g3ya-2,ib_hw_counter,rdma_vf_rail3,rx_read_requests,1.042e+07
2026-09-30T06:24:09.874Z,gpu-3uwoq-6g3ya-2,ib_hw_counter,rdma_vf_rail3,req_cqe_error,0
2026-09-30T06:24:09.874Z,gpu-3uwoq-6g3ya-2,ib_hw_counter,rdma_vf_rail3,resp_cqe_error,0
2026-09-30T06:24:09.874Z,gpu-3uwoq-6g3ya-2,ib_hw_counter,rdma_vf_rail3,implied_nak_seq_err,0
2026-09-30T06:24:09.874Z,gpu-3uwoq-6g3ya-2,ib_hw_counter,rdma_vf_rail3,duplicate_request,0
2026-09-30T06:24:09.874Z,gpu-3uwoq-6g3ya-2,dcgm,gpu2,gpu_util,0
2026-09-30T06:24:09.874Z,gpu-3uwoq-6g3ya-2,dcgm,gpu3,gpu_util,0
2026-09-30T06:24:09.874Z,gpu-3uwoq-6g3ya-2,dcgm,gpu1,gpu_util,0
2026-09-30T06:24:09.874Z,gpu-3uwoq-6g3ya-2,dcgm,gpu0,gpu_util,0
2026-09-30T06:24:09.874Z,gpu-3uwoq-6g3ya-2,dcgm,gpu2,nvlink_bandwidth_total,0
2026-09-30T06:24:09.874Z,gpu-3uwoq-6g3ya-2,dcgm,gpu3,nvlink_bandwidth_total,0
2026-09-30T06:24:09.874Z,gpu-3uwoq-6g3ya-2,dcgm,gpu1,nvlink_bandwidth_total,0
2026-09-30T06:24:09.874Z,gpu-3uwoq-6g3ya-2,dcgm,gpu0,nvlink_bandwidth_total,0
2026-09-30T06:24:09.874Z,gpu-3uwoq-6g3ya-2,dcgm,gpu2,power_w,230.638
2026-09-30T06:24:09.874Z,gpu-3uwoq-6g3ya-2,dcgm,gpu3,power_w,234.331
2026-09-30T06:24:09.874Z,gpu-3uwoq-6g3ya-2,dcgm,gpu1,power_w,230.033
2026-09-30T06:24:09.874Z,gpu-3uwoq-6g3ya-2,dcgm,gpu0,power_w,226.432
2026-09-30T06:24:09.874Z,gpu-3uwoq-6g3ya-2,dcgm,gpu2,sm_clock_mhz,2070
2026-09-30T06:24:09.874Z,gpu-3uwoq-6g3ya-2,dcgm,gpu3,sm_clock_mhz,2070
2026-09-30T06:24:09.874Z,gpu-3uwoq-6g3ya-2,dcgm,gpu1,sm_clock_mhz,2070
2026-09-30T06:24:09.874Z,gpu-3uwoq-6g3ya-2,dcgm,gpu0,sm_clock_mhz,2070
2026-09-30T06:24:09.874Z,gpu-3uwoq-6g3ya-2,dcgm,gpu2,dram_active,0
2026-09-30T06:24:09.874Z,gpu-3uwoq-6g3ya-2,dcgm,gpu3,dram_active,0
2026-09-30T06:24:09.874Z,gpu-3uwoq-6g3ya-2,dcgm,gpu1,dram_active,0
2026-09-30T06:24:09.874Z,gpu-3uwoq-6g3ya-2,dcgm,gpu0,dram_active,0
2026-09-30T06:24:09.874Z,gpu-3uwoq-6g3ya-2,dcgm,gpu2,pcie_rx_bytes,45876
2026-09-30T06:24:09.874Z,gpu-3uwoq-6g3ya-2,dcgm,gpu3,pcie_rx_bytes,44341
2026-09-30T06:24:09.874Z,gpu-3uwoq-6g3ya-2,dcgm,gpu1,pcie_rx_bytes,55952
2026-09-30T06:24:09.874Z,gpu-3uwoq-6g3ya-2,dcgm,gpu0,pcie_rx_bytes,57131
2026-09-30T06:24:09.874Z,gpu-3uwoq-6g3ya-2,dcgm,gpu2,pcie_tx_bytes,43727
2026-09-30T06:24:09.874Z,gpu-3uwoq-6g3ya-2,dcgm,gpu3,pcie_tx_bytes,42174
2026-09-30T06:24:09.874Z,gpu-3uwoq-6g3ya-2,dcgm,gpu1,pcie_tx_bytes,53786
2026-09-30T06:24:09.874Z,gpu-3uwoq-6g3ya-2,dcgm,gpu0,pcie_tx_bytes,54965
2026-09-30T06:24:09.874Z,gpu-3uwoq-6g3ya-2,dcgm,gpu2,tensor_active,0
2026-09-30T06:24:09.874Z,gpu-3uwoq-6g3ya-2,dcgm,gpu3,tensor_active,0
2026-09-30T06:24:09.874Z,gpu-3uwoq-6g3ya-2,dcgm,gpu1,tensor_active,0
2026-09-30T06:24:09.874Z,gpu-3uwoq-6g3ya-2,dcgm,gpu0,tensor_active,0
2026-09-30T06:24:09.874Z,gpu-3uwoq-6g3ya-2,dcgm,gpu2,sm_active,0
2026-09-30T06:24:09.874Z,gpu-3uwoq-6g3ya-2,dcgm,gpu3,sm_active,0
2026-09-30T06:24:09.874Z,gpu-3uwoq-6g3ya-2,dcgm,gpu1,sm_active,0
2026-09-30T06:24:09.874Z,gpu-3uwoq-6g3ya-2,dcgm,gpu0,sm_active,0
2026-09-30T06:24:09.874Z,gpu-3uwoq-6g3ya-2,nvlink,gpu0,nvlink_rx_bytes,4.68692e+13
2026-09-30T06:24:09.874Z,gpu-3uwoq-6g3ya-2,nvlink,gpu0,nvlink_tx_bytes,4.68696e+13
2026-09-30T06:24:09.874Z,gpu-3uwoq-6g3ya-2,nvlink,gpu1,nvlink_rx_bytes,4.70222e+13
2026-09-30T06:24:09.874Z,gpu-3uwoq-6g3ya-2,nvlink,gpu1,nvlink_tx_bytes,4.70228e+13
2026-09-30T06:24:09.874Z,gpu-3uwoq-6g3ya-2,nvlink,gpu2,nvlink_rx_bytes,4.68912e+13
2026-09-30T06:24:09.874Z,gpu-3uwoq-6g3ya-2,nvlink,gpu2,nvlink_tx_bytes,4.68913e+13
2026-09-30T06:24:09.874Z,gpu-3uwoq-6g3ya-2,nvlink,gpu3,nvlink_rx_bytes,4.68385e+13
2026-09-30T06:24:09.874Z,gpu-3uwoq-6g3ya-2,nvlink,gpu3,nvlink_tx_bytes,4.68389e+13
2026-09-30T06:24:10.874Z,gpu-3uwoq-6g3ya-2,ib_counter,rdma_vf_rail0,port_xmit_data,2.8979e+12
2026-09-30T06:24:10.874Z,gpu-3uwoq-6g3ya-2,ib_counter,rdma_vf_rail0,port_rcv_data,5.85726e+12
2026-09-30T06:24:10.874Z,gpu-3uwoq-6g3ya-2,ib_counter,rdma_vf_rail0,port_xmit_packets,9.93301e+08
2026-09-30T06:24:10.874Z,gpu-3uwoq-6g3ya-2,ib_counter,rdma_vf_rail0,port_rcv_packets,1.61819e+09
2026-09-30T06:24:10.874Z,gpu-3uwoq-6g3ya-2,ib_counter,rdma_vf_rail0,port_xmit_wait,0
2026-09-30T06:24:10.874Z,gpu-3uwoq-6g3ya-2,ib_counter,rdma_vf_rail0,port_rcv_errors,0
2026-09-30T06:24:10.874Z,gpu-3uwoq-6g3ya-2,ib_counter,rdma_vf_rail0,port_xmit_discards,0
2026-09-30T06:24:10.874Z,gpu-3uwoq-6g3ya-2,ib_counter,rdma_vf_rail0,link_downed,0
2026-09-30T06:24:10.874Z,gpu-3uwoq-6g3ya-2,ib_hw_counter,rdma_vf_rail0,out_of_sequence,0
2026-09-30T06:24:10.874Z,gpu-3uwoq-6g3ya-2,ib_hw_counter,rdma_vf_rail0,packet_seq_err,0
2026-09-30T06:24:10.874Z,gpu-3uwoq-6g3ya-2,ib_hw_counter,rdma_vf_rail0,local_ack_timeout_err,0
2026-09-30T06:24:10.874Z,gpu-3uwoq-6g3ya-2,ib_hw_counter,rdma_vf_rail0,rx_write_requests,7.07105e+08
2026-09-30T06:24:10.874Z,gpu-3uwoq-6g3ya-2,ib_hw_counter,rdma_vf_rail0,rx_read_requests,1.14286e+07
2026-09-30T06:24:10.874Z,gpu-3uwoq-6g3ya-2,ib_hw_counter,rdma_vf_rail0,req_cqe_error,0
2026-09-30T06:24:10.874Z,gpu-3uwoq-6g3ya-2,ib_hw_counter,rdma_vf_rail0,resp_cqe_error,0
2026-09-30T06:24:10.874Z,gpu-3uwoq-6g3ya-2,ib_hw_counter,rdma_vf_rail0,implied_nak_seq_err,0
2026-09-30T06:24:10.874Z,gpu-3uwoq-6g3ya-2,ib_hw_counter,rdma_vf_rail0,duplicate_request,0
2026-09-30T06:24:10.874Z,gpu-3uwoq-6g3ya-2,ib_counter,rdma_vf_rail1,port_xmit_data,2.78983e+12
2026-09-30T06:24:10.874Z,gpu-3uwoq-6g3ya-2,ib_counter,rdma_vf_rail1,port_rcv_data,5.74915e+12
2026-09-30T06:24:10.874Z,gpu-3uwoq-6g3ya-2,ib_counter,rdma_vf_rail1,port_xmit_packets,9.6064e+08
2026-09-30T06:24:10.874Z,gpu-3uwoq-6g3ya-2,ib_counter,rdma_vf_rail1,port_rcv_packets,1.58571e+09
2026-09-30T06:24:10.874Z,gpu-3uwoq-6g3ya-2,ib_counter,rdma_vf_rail1,port_xmit_wait,0
2026-09-30T06:24:10.874Z,gpu-3uwoq-6g3ya-2,ib_counter,rdma_vf_rail1,port_rcv_errors,0
2026-09-30T06:24:10.874Z,gpu-3uwoq-6g3ya-2,ib_counter,rdma_vf_rail1,port_xmit_discards,0
2026-09-30T06:24:10.874Z,gpu-3uwoq-6g3ya-2,ib_counter,rdma_vf_rail1,link_downed,0
2026-09-30T06:24:10.874Z,gpu-3uwoq-6g3ya-2,ib_hw_counter,rdma_vf_rail1,out_of_sequence,0
2026-09-30T06:24:10.874Z,gpu-3uwoq-6g3ya-2,ib_hw_counter,rdma_vf_rail1,packet_seq_err,0
2026-09-30T06:24:10.874Z,gpu-3uwoq-6g3ya-2,ib_hw_counter,rdma_vf_rail1,local_ack_timeout_err,0
2026-09-30T06:24:10.874Z,gpu-3uwoq-6g3ya-2,ib_hw_counter,rdma_vf_rail1,rx_write_requests,7.05505e+08
2026-09-30T06:24:10.874Z,gpu-3uwoq-6g3ya-2,ib_hw_counter,rdma_vf_rail1,rx_read_requests,1.06278e+07
2026-09-30T06:24:10.874Z,gpu-3uwoq-6g3ya-2,ib_hw_counter,rdma_vf_rail1,req_cqe_error,0
2026-09-30T06:24:10.874Z,gpu-3uwoq-6g3ya-2,ib_hw_counter,rdma_vf_rail1,resp_cqe_error,0
2026-09-30T06:24:10.874Z,gpu-3uwoq-6g3ya-2,ib_hw_counter,rdma_vf_rail1,implied_nak_seq_err,0
2026-09-30T06:24:10.874Z,gpu-3uwoq-6g3ya-2,ib_hw_counter,rdma_vf_rail1,duplicate_request,0
2026-09-30T06:24:10.874Z,gpu-3uwoq-6g3ya-2,ib_counter,rdma_vf_rail2,port_xmit_data,2.76211e+12
2026-09-30T06:24:10.874Z,gpu-3uwoq-6g3ya-2,ib_counter,rdma_vf_rail2,port_rcv_data,5.72087e+12
2026-09-30T06:24:10.874Z,gpu-3uwoq-6g3ya-2,ib_counter,rdma_vf_rail2,port_xmit_packets,9.42748e+08
2026-09-30T06:24:10.874Z,gpu-3uwoq-6g3ya-2,ib_counter,rdma_vf_rail2,port_rcv_packets,1.56156e+09
2026-09-30T06:24:10.874Z,gpu-3uwoq-6g3ya-2,ib_counter,rdma_vf_rail2,port_xmit_wait,0
2026-09-30T06:24:10.874Z,gpu-3uwoq-6g3ya-2,ib_counter,rdma_vf_rail2,port_rcv_errors,0
2026-09-30T06:24:10.874Z,gpu-3uwoq-6g3ya-2,ib_counter,rdma_vf_rail2,port_xmit_discards,0
2026-09-30T06:24:10.874Z,gpu-3uwoq-6g3ya-2,ib_counter,rdma_vf_rail2,link_downed,0
2026-09-30T06:24:10.874Z,gpu-3uwoq-6g3ya-2,ib_hw_counter,rdma_vf_rail2,out_of_sequence,0
2026-09-30T06:24:10.874Z,gpu-3uwoq-6g3ya-2,ib_hw_counter,rdma_vf_rail2,packet_seq_err,0
2026-09-30T06:24:10.874Z,gpu-3uwoq-6g3ya-2,ib_hw_counter,rdma_vf_rail2,local_ack_timeout_err,0
2026-09-30T06:24:10.874Z,gpu-3uwoq-6g3ya-2,ib_hw_counter,rdma_vf_rail2,rx_write_requests,7.05079e+08
2026-09-30T06:24:10.874Z,gpu-3uwoq-6g3ya-2,ib_hw_counter,rdma_vf_rail2,rx_read_requests,1.042e+07
2026-09-30T06:24:10.874Z,gpu-3uwoq-6g3ya-2,ib_hw_counter,rdma_vf_rail2,req_cqe_error,0
2026-09-30T06:24:10.874Z,gpu-3uwoq-6g3ya-2,ib_hw_counter,rdma_vf_rail2,resp_cqe_error,0
2026-09-30T06:24:10.874Z,gpu-3uwoq-6g3ya-2,ib_hw_counter,rdma_vf_rail2,implied_nak_seq_err,0
2026-09-30T06:24:10.874Z,gpu-3uwoq-6g3ya-2,ib_hw_counter,rdma_vf_rail2,duplicate_request,0
2026-09-30T06:24:10.874Z,gpu-3uwoq-6g3ya-2,ib_counter,rdma_vf_rail3,port_xmit_data,2.76198e+12
2026-09-30T06:24:10.874Z,gpu-3uwoq-6g3ya-2,ib_counter,rdma_vf_rail3,port_rcv_data,5.72148e+12
2026-09-30T06:24:10.874Z,gpu-3uwoq-6g3ya-2,ib_counter,rdma_vf_rail3,port_xmit_packets,9.41089e+08
2026-09-30T06:24:10.874Z,gpu-3uwoq-6g3ya-2,ib_counter,rdma_vf_rail3,port_rcv_packets,1.56898e+09
2026-09-30T06:24:10.874Z,gpu-3uwoq-6g3ya-2,ib_counter,rdma_vf_rail3,port_xmit_wait,0
2026-09-30T06:24:10.874Z,gpu-3uwoq-6g3ya-2,ib_counter,rdma_vf_rail3,port_rcv_errors,0
2026-09-30T06:24:10.874Z,gpu-3uwoq-6g3ya-2,ib_counter,rdma_vf_rail3,port_xmit_discards,0
2026-09-30T06:24:10.874Z,gpu-3uwoq-6g3ya-2,ib_counter,rdma_vf_rail3,link_downed,0
2026-09-30T06:24:10.874Z,gpu-3uwoq-6g3ya-2,ib_hw_counter,rdma_vf_rail3,out_of_sequence,0
2026-09-30T06:24:10.874Z,gpu-3uwoq-6g3ya-2,ib_hw_counter,rdma_vf_rail3,packet_seq_err,1
2026-09-30T06:24:10.874Z,gpu-3uwoq-6g3ya-2,ib_hw_counter,rdma_vf_rail3,local_ack_timeout_err,0
2026-09-30T06:24:10.874Z,gpu-3uwoq-6g3ya-2,ib_hw_counter,rdma_vf_rail3,rx_write_requests,7.05079e+08
2026-09-30T06:24:10.874Z,gpu-3uwoq-6g3ya-2,ib_hw_counter,rdma_vf_rail3,rx_read_requests,1.042e+07
2026-09-30T06:24:10.874Z,gpu-3uwoq-6g3ya-2,ib_hw_counter,rdma_vf_rail3,req_cqe_error,0
2026-09-30T06:24:10.874Z,gpu-3uwoq-6g3ya-2,ib_hw_counter,rdma_vf_rail3,resp_cqe_error,0
2026-09-30T06:24:10.874Z,gpu-3uwoq-6g3ya-2,ib_hw_counter,rdma_vf_rail3,implied_nak_seq_err,0
2026-09-30T06:24:10.874Z,gpu-3uwoq-6g3ya-2,ib_hw_counter,rdma_vf_rail3,duplicate_request,0
2026-09-30T06:24:10.874Z,gpu-3uwoq-6g3ya-2,dcgm,gpu2,gpu_util,0
2026-09-30T06:24:10.874Z,gpu-3uwoq-6g3ya-2,dcgm,gpu3,gpu_util,0
2026-09-30T06:24:10.874Z,gpu-3uwoq-6g3ya-2,dcgm,gpu1,gpu_util,0
2026-09-30T06:24:10.874Z,gpu-3uwoq-6g3ya-2,dcgm,gpu0,gpu_util,0
2026-09-30T06:24:10.874Z,gpu-3uwoq-6g3ya-2,dcgm,gpu2,nvlink_bandwidth_total,0
2026-09-30T06:24:10.874Z,gpu-3uwoq-6g3ya-2,dcgm,gpu3,nvlink_bandwidth_total,0
2026-09-30T06:24:10.874Z,gpu-3uwoq-6g3ya-2,dcgm,gpu1,nvlink_bandwidth_total,0
2026-09-30T06:24:10.874Z,gpu-3uwoq-6g3ya-2,dcgm,gpu0,nvlink_bandwidth_total,0
2026-09-30T06:24:10.874Z,gpu-3uwoq-6g3ya-2,dcgm,gpu2,power_w,230.638
2026-09-30T06:24:10.874Z,gpu-3uwoq-6g3ya-2,dcgm,gpu3,power_w,234.331
2026-09-30T06:24:10.874Z,gpu-3uwoq-6g3ya-2,dcgm,gpu1,power_w,230.033
2026-09-30T06:24:10.874Z,gpu-3uwoq-6g3ya-2,dcgm,gpu0,power_w,226.432
2026-09-30T06:24:10.874Z,gpu-3uwoq-6g3ya-2,dcgm,gpu2,sm_clock_mhz,2070
2026-09-30T06:24:10.874Z,gpu-3uwoq-6g3ya-2,dcgm,gpu3,sm_clock_mhz,2070
2026-09-30T06:24:10.874Z,gpu-3uwoq-6g3ya-2,dcgm,gpu1,sm_clock_mhz,2070
2026-09-30T06:24:10.874Z,gpu-3uwoq-6g3ya-2,dcgm,gpu0,sm_clock_mhz,2070
2026-09-30T06:24:10.874Z,gpu-3uwoq-6g3ya-2,dcgm,gpu2,dram_active,0
2026-09-30T06:24:10.874Z,gpu-3uwoq-6g3ya-2,dcgm,gpu3,dram_active,0
2026-09-30T06:24:10.874Z,gpu-3uwoq-6g3ya-2,dcgm,gpu1,dram_active,0
2026-09-30T06:24:10.874Z,gpu-3uwoq-6g3ya-2,dcgm,gpu0,dram_active,0
2026-09-30T06:24:10.874Z,gpu-3uwoq-6g3ya-2,dcgm,gpu2,pcie_rx_bytes,45876
2026-09-30T06:24:10.874Z,gpu-3uwoq-6g3ya-2,dcgm,gpu3,pcie_rx_bytes,44341
2026-09-30T06:24:10.874Z,gpu-3uwoq-6g3ya-2,dcgm,gpu1,pcie_rx_bytes,55952
2026-09-30T06:24:10.874Z,gpu-3uwoq-6g3ya-2,dcgm,gpu0,pcie_rx_bytes,57131
2026-09-30T06:24:10.874Z,gpu-3uwoq-6g3ya-2,dcgm,gpu2,pcie_tx_bytes,43727
2026-09-30T06:24:10.874Z,gpu-3uwoq-6g3ya-2,dcgm,gpu3,pcie_tx_bytes,42174
2026-09-30T06:24:10.874Z,gpu-3uwoq-6g3ya-2,dcgm,gpu1,pcie_tx_bytes,53786
2026-09-30T06:24:10.874Z,gpu-3uwoq-6g3ya-2,dcgm,gpu0,pcie_tx_bytes,54965
2026-09-30T06:24:10.874Z,gpu-3uwoq-6g3ya-2,dcgm,gpu2,tensor_active,0
2026-09-30T06:24:10.874Z,gpu-3uwoq-6g3ya-2,dcgm,gpu3,tensor_active,0
2026-09-30T06:24:10.874Z,gpu-3uwoq-6g3ya-2,dcgm,gpu1,tensor_active,0
2026-09-30T06:24:10.874Z,gpu-3uwoq-6g3ya-2,dcgm,gpu0,tensor_active,0
2026-09-30T06:24:10.874Z,gpu-3uwoq-6g3ya-2,dcgm,gpu2,sm_active,0
2026-09-30T06:24:10.874Z,gpu-3uwoq-6g3ya-2,dcgm,gpu3,sm_active,0
2026-09-30T06:24:10.874Z,gpu-3uwoq-6g3ya-2,dcgm,gpu1,sm_active,0
2026-09-30T06:24:10.874Z,gpu-3uwoq-6g3ya-2,dcgm,gpu0,sm_active,0
2026-09-30T06:24:10.874Z,gpu-3uwoq-6g3ya-2,nvlink,gpu0,nvlink_rx_bytes,4.68692e+13
2026-09-30T06:24:10.874Z,gpu-3uwoq-6g3ya-2,nvlink,gpu0,nvlink_tx_bytes,4.68696e+13
2026-09-30T06:24:10.874Z,gpu-3uwoq-6g3ya-2,nvlink,gpu1,nvlink_rx_bytes,4.70222e+13
2026-09-30T06:24:10.874Z,gpu-3uwoq-6g3ya-2,nvlink,gpu1,nvlink_tx_bytes,4.70228e+13
2026-09-30T06:24:10.874Z,gpu-3uwoq-6g3ya-2,nvlink,gpu2,nvlink_rx_bytes,4.68912e+13
2026-09-30T06:24:10.874Z,gpu-3uwoq-6g3ya-2,nvlink,gpu2,nvlink_tx_bytes,4.68913e+13
2026-09-30T06:24:10.874Z,gpu-3uwoq-6g3ya-2,nvlink,gpu3,nvlink_rx_bytes,4.68385e+13
2026-09-30T06:24:10.874Z,gpu-3uwoq-6g3ya-2,nvlink,gpu3,nvlink_tx_bytes,4.68389e+13
2026-09-30T06:24:11.874Z,gpu-3uwoq-6g3ya-2,ib_counter,rdma_vf_rail0,port_xmit_data,2.8979e+12
2026-09-30T06:24:11.874Z,gpu-3uwoq-6g3ya-2,ib_counter,rdma_vf_rail0,port_rcv_data,5.85726e+12
2026-09-30T06:24:11.874Z,gpu-3uwoq-6g3ya-2,ib_counter,rdma_vf_rail0,port_xmit_packets,9.93301e+08
2026-09-30T06:24:11.874Z,gpu-3uwoq-6g3ya-2,ib_counter,rdma_vf_rail0,port_rcv_packets,1.61819e+09
2026-09-30T06:24:11.874Z,gpu-3uwoq-6g3ya-2,ib_counter,rdma_vf_rail0,port_xmit_wait,0
2026-09-30T06:24:11.874Z,gpu-3uwoq-6g3ya-2,ib_counter,rdma_vf_rail0,port_rcv_errors,0
2026-09-30T06:24:11.874Z,gpu-3uwoq-6g3ya-2,ib_counter,rdma_vf_rail0,port_xmit_discards,0
2026-09-30T06:24:11.874Z,gpu-3uwoq-6g3ya-2,ib_counter,rdma_vf_rail0,link_downed,0
2026-09-30T06:24:11.874Z,gpu-3uwoq-6g3ya-2,ib_hw_counter,rdma_vf_rail0,out_of_sequence,0
2026-09-30T06:24:11.874Z,gpu-3uwoq-6g3ya-2,ib_hw_counter,rdma_vf_rail0,packet_seq_err,0
2026-09-30T06:24:11.874Z,gpu-3uwoq-6g3ya-2,ib_hw_counter,rdma_vf_rail0,local_ack_timeout_err,0
2026-09-30T06:24:11.874Z,gpu-3uwoq-6g3ya-2,ib_hw_counter,rdma_vf_rail0,rx_write_requests,7.07105e+08
2026-09-30T06:24:11.874Z,gpu-3uwoq-6g3ya-2,ib_hw_counter,rdma_vf_rail0,rx_read_requests,1.14286e+07
2026-09-30T06:24:11.874Z,gpu-3uwoq-6g3ya-2,ib_hw_counter,rdma_vf_rail0,req_cqe_error,0
2026-09-30T06:24:11.874Z,gpu-3uwoq-6g3ya-2,ib_hw_counter,rdma_vf_rail0,resp_cqe_error,0
2026-09-30T06:24:11.874Z,gpu-3uwoq-6g3ya-2,ib_hw_counter,rdma_vf_rail0,implied_nak_seq_err,0
2026-09-30T06:24:11.874Z,gpu-3uwoq-6g3ya-2,ib_hw_counter,rdma_vf_rail0,duplicate_request,0
2026-09-30T06:24:11.874Z,gpu-3uwoq-6g3ya-2,ib_counter,rdma_vf_rail1,port_xmit_data,2.78983e+12
2026-09-30T06:24:11.874Z,gpu-3uwoq-6g3ya-2,ib_counter,rdma_vf_rail1,port_rcv_data,5.74915e+12
2026-09-30T06:24:11.874Z,gpu-3uwoq-6g3ya-2,ib_counter,rdma_vf_rail1,port_xmit_packets,9.6064e+08
2026-09-30T06:24:11.874Z,gpu-3uwoq-6g3ya-2,ib_counter,rdma_vf_rail1,port_rcv_packets,1.58571e+09
2026-09-30T06:24:11.874Z,gpu-3uwoq-6g3ya-2,ib_counter,rdma_vf_rail1,port_xmit_wait,0
2026-09-30T06:24:11.874Z,gpu-3uwoq-6g3ya-2,ib_counter,rdma_vf_rail1,port_rcv_errors,0
2026-09-30T06:24:11.874Z,gpu-3uwoq-6g3ya-2,ib_counter,rdma_vf_rail1,port_xmit_discards,0
2026-09-30T06:24:11.874Z,gpu-3uwoq-6g3ya-2,ib_counter,rdma_vf_rail1,link_downed,0
2026-09-30T06:24:11.874Z,gpu-3uwoq-6g3ya-2,ib_hw_counter,rdma_vf_rail1,out_of_sequence,0
2026-09-30T06:24:11.874Z,gpu-3uwoq-6g3ya-2,ib_hw_counter,rdma_vf_rail1,packet_seq_err,0
2026-09-30T06:24:11.874Z,gpu-3uwoq-6g3ya-2,ib_hw_counter,rdma_vf_rail1,local_ack_timeout_err,0
2026-09-30T06:24:11.874Z,gpu-3uwoq-6g3ya-2,ib_hw_counter,rdma_vf_rail1,rx_write_requests,7.05505e+08
2026-09-30T06:24:11.874Z,gpu-3uwoq-6g3ya-2,ib_hw_counter,rdma_vf_rail1,rx_read_requests,1.06278e+07
2026-09-30T06:24:11.874Z,gpu-3uwoq-6g3ya-2,ib_hw_counter,rdma_vf_rail1,req_cqe_error,0
2026-09-30T06:24:11.874Z,gpu-3uwoq-6g3ya-2,ib_hw_counter,rdma_vf_rail1,resp_cqe_error,0
2026-09-30T06:24:11.874Z,gpu-3uwoq-6g3ya-2,ib_hw_counter,rdma_vf_rail1,implied_nak_seq_err,0
2026-09-30T06:24:11.874Z,gpu-3uwoq-6g3ya-2,ib_hw_counter,rdma_vf_rail1,duplicate_request,0
2026-09-30T06:24:11.874Z,gpu-3uwoq-6g3ya-2,ib_counter,rdma_vf_rail2,port_xmit_data,2.76211e+12
2026-09-30T06:24:11.874Z,gpu-3uwoq-6g3ya-2,ib_counter,rdma_vf_rail2,port_rcv_data,5.72087e+12
2026-09-30T06:24:11.874Z,gpu-3uwoq-6g3ya-2,ib_counter,rdma_vf_rail2,port_xmit_packets,9.42748e+08
2026-09-30T06:24:11.874Z,gpu-3uwoq-6g3ya-2,ib_counter,rdma_vf_rail2,port_rcv_packets,1.56156e+09
2026-09-30T06:24:11.874Z,gpu-3uwoq-6g3ya-2,ib_counter,rdma_vf_rail2,port_xmit_wait,0
2026-09-30T06:24:11.874Z,gpu-3uwoq-6g3ya-2,ib_counter,rdma_vf_rail2,port_rcv_errors,0
2026-09-30T06:24:11.874Z,gpu-3uwoq-6g3ya-2,ib_counter,rdma_vf_rail2,port_xmit_discards,0
2026-09-30T06:24:11.874Z,gpu-3uwoq-6g3ya-2,ib_counter,rdma_vf_rail2,link_downed,0
2026-09-30T06:24:11.874Z,gpu-3uwoq-6g3ya-2,ib_hw_counter,rdma_vf_rail2,out_of_sequence,0
2026-09-30T06:24:11.874Z,gpu-3uwoq-6g3ya-2,ib_hw_counter,rdma_vf_rail2,packet_seq_err,0
2026-09-30T06:24:11.874Z,gpu-3uwoq-6g3ya-2,ib_hw_counter,rdma_vf_rail2,local_ack_timeout_err,0
2026-09-30T06:24:11.874Z,gpu-3uwoq-6g3ya-2,ib_hw_counter,rdma_vf_rail2,rx_write_requests,7.05079e+08
2026-09-30T06:24:11.874Z,gpu-3uwoq-6g3ya-2,ib_hw_counter,rdma_vf_rail2,rx_read_requests,1.042e+07
2026-09-30T06:24:11.874Z,gpu-3uwoq-6g3ya-2,ib_hw_counter,rdma_vf_rail2,req_cqe_error,0
2026-09-30T06:24:11.874Z,gpu-3uwoq-6g3ya-2,ib_hw_counter,rdma_vf_rail2,resp_cqe_error,0
2026-09-30T06:24:11.874Z,gpu-3uwoq-6g3ya-2,ib_hw_counter,rdma_vf_rail2,implied_nak_seq_err,0
2026-09-30T06:24:11.874Z,gpu-3uwoq-6g3ya-2,ib_hw_counter,rdma_vf_rail2,duplicate_request,0
2026-09-30T06:24:11.874Z,gpu-3uwoq-6g3ya-2,ib_counter,rdma_vf_rail3,port_xmit_data,2.76198e+12
2026-09-30T06:24:11.874Z,gpu-3uwoq-6g3ya-2,ib_counter,rdma_vf_rail3,port_rcv_data,5.72148e+12
2026-09-30T06:24:11.874Z,gpu-3uwoq-6g3ya-2,ib_counter,rdma_vf_rail3,port_xmit_packets,9.41089e+08
2026-09-30T06:24:11.874Z,gpu-3uwoq-6g3ya-2,ib_counter,rdma_vf_rail3,port_rcv_packets,1.56898e+09
2026-09-30T06:24:11.874Z,gpu-3uwoq-6g3ya-2,ib_counter,rdma_vf_rail3,port_xmit_wait,0
2026-09-30T06:24:11.874Z,gpu-3uwoq-6g3ya-2,ib_counter,rdma_vf_rail3,port_rcv_errors,0
2026-09-30T06:24:11.874Z,gpu-3uwoq-6g3ya-2,ib_counter,rdma_vf_rail3,port_xmit_discards,0
2026-09-30T06:24:11.874Z,gpu-3uwoq-6g3ya-2,ib_counter,rdma_vf_rail3,link_downed,0
2026-09-30T06:24:11.874Z,gpu-3uwoq-6g3ya-2,ib_hw_counter,rdma_vf_rail3,out_of_sequence,0
2026-09-30T06:24:11.874Z,gpu-3uwoq-6g3ya-2,ib_hw_counter,rdma_vf_rail3,packet_seq_err,1
2026-09-30T06:24:11.874Z,gpu-3uwoq-6g3ya-2,ib_hw_counter,rdma_vf_rail3,local_ack_timeout_err,0
2026-09-30T06:24:11.874Z,gpu-3uwoq-6g3ya-2,ib_hw_counter,rdma_vf_rail3,rx_write_requests,7.05079e+08
2026-09-30T06:24:11.874Z,gpu-3uwoq-6g3ya-2,ib_hw_counter,rdma_vf_rail3,rx_read_requests,1.042e+07
2026-09-30T06:24:11.874Z,gpu-3uwoq-6g3ya-2,ib_hw_counter,rdma_vf_rail3,req_cqe_error,0
2026-09-30T06:24:11.874Z,gpu-3uwoq-6g3ya-2,ib_hw_counter,rdma_vf_rail3,resp_cqe_error,0
2026-09-30T06:24:11.874Z,gpu-3uwoq-6g3ya-2,ib_hw_counter,rdma_vf_rail3,implied_nak_seq_err,0
2026-09-30T06:24:11.874Z,gpu-3uwoq-6g3ya-2,ib_hw_counter,rdma_vf_rail3,duplicate_request,0
2026-09-30T06:24:11.874Z,gpu-3uwoq-6g3ya-2,dcgm,gpu2,gpu_util,0
2026-09-30T06:24:11.874Z,gpu-3uwoq-6g3ya-2,dcgm,gpu3,gpu_util,0
2026-09-30T06:24:11.874Z,gpu-3uwoq-6g3ya-2,dcgm,gpu1,gpu_util,0
2026-09-30T06:24:11.874Z,gpu-3uwoq-6g3ya-2,dcgm,gpu0,gpu_util,0
2026-09-30T06:24:11.874Z,gpu-3uwoq-6g3ya-2,dcgm,gpu2,nvlink_bandwidth_total,0
2026-09-30T06:24:11.874Z,gpu-3uwoq-6g3ya-2,dcgm,gpu3,nvlink_bandwidth_total,0
2026-09-30T06:24:11.874Z,gpu-3uwoq-6g3ya-2,dcgm,gpu1,nvlink_bandwidth_total,0
2026-09-30T06:24:11.874Z,gpu-3uwoq-6g3ya-2,dcgm,gpu0,nvlink_bandwidth_total,0
2026-09-30T06:24:11.874Z,gpu-3uwoq-6g3ya-2,dcgm,gpu2,power_w,230.638
2026-09-30T06:24:11.874Z,gpu-3uwoq-6g3ya-2,dcgm,gpu3,power_w,234.331
2026-09-30T06:24:11.874Z,gpu-3uwoq-6g3ya-2,dcgm,gpu1,power_w,230.033
2026-09-30T06:24:11.874Z,gpu-3uwoq-6g3ya-2,dcgm,gpu0,power_w,226.432
2026-09-30T06:24:11.874Z,gpu-3uwoq-6g3ya-2,dcgm,gpu2,sm_clock_mhz,2070
2026-09-30T06:24:11.874Z,gpu-3uwoq-6g3ya-2,dcgm,gpu3,sm_clock_mhz,2070
2026-09-30T06:24:11.874Z,gpu-3uwoq-6g3ya-2,dcgm,gpu1,sm_clock_mhz,2070
2026-09-30T06:24:11.874Z,gpu-3uwoq-6g3ya-2,dcgm,gpu0,sm_clock_mhz,2070
2026-09-30T06:24:11.874Z,gpu-3uwoq-6g3ya-2,dcgm,gpu2,dram_active,0
2026-09-30T06:24:11.874Z,gpu-3uwoq-6g3ya-2,dcgm,gpu3,dram_active,0
2026-09-30T06:24:11.874Z,gpu-3uwoq-6g3ya-2,dcgm,gpu1,dram_active,0
2026-09-30T06:24:11.874Z,gpu-3uwoq-6g3ya-2,dcgm,gpu0,dram_active,0
2026-09-30T06:24:11.874Z,gpu-3uwoq-6g3ya-2,dcgm,gpu2,pcie_rx_bytes,45876
2026-09-30T06:24:11.874Z,gpu-3uwoq-6g3ya-2,dcgm,gpu3,pcie_rx_bytes,44341
2026-09-30T06:24:11.874Z,gpu-3uwoq-6g3ya-2,dcgm,gpu1,pcie_rx_bytes,55952
2026-09-30T06:24:11.874Z,gpu-3uwoq-6g3ya-2,dcgm,gpu0,pcie_rx_bytes,57131
2026-09-30T06:24:11.874Z,gpu-3uwoq-6g3ya-2,dcgm,gpu2,pcie_tx_bytes,43727
2026-09-30T06:24:11.874Z,gpu-3uwoq-6g3ya-2,dcgm,gpu3,pcie_tx_bytes,42174
2026-09-30T06:24:11.874Z,gpu-3uwoq-6g3ya-2,dcgm,gpu1,pcie_tx_bytes,53786
2026-09-30T06:24:11.874Z,gpu-3uwoq-6g3ya-2,dcgm,gpu0,pcie_tx_bytes,54965
2026-09-30T06:24:11.874Z,gpu-3uwoq-6g3ya-2,dcgm,gpu2,tensor_active,0
2026-09-30T06:24:11.874Z,gpu-3uwoq-6g3ya-2,dcgm,gpu3,tensor_active,0
2026-09-30T06:24:11.874Z,gpu-3uwoq-6g3ya-2,dcgm,gpu1,tensor_active,0
2026-09-30T06:24:11.874Z,gpu-3uwoq-6g3ya-2,dcgm,gpu0,tensor_active,0
2026-09-30T06:24:11.874Z,gpu-3uwoq-6g3ya-2,dcgm,gpu2,sm_active,0
2026-09-30T06:24:11.874Z,gpu-3uwoq-6g3ya-2,dcgm,gpu3,sm_active,0
2026-09-30T06:24:11.874Z,gpu-3uwoq-6g3ya-2,dcgm,gpu1,sm_active,0
2026-09-30T06:24:11.874Z,gpu-3uwoq-6g3ya-2,dcgm,gpu0,sm_active,0
2026-09-30T06:24:11.874Z,gpu-3uwoq-6g3ya-2,nvlink,gpu0,nvlink_rx_bytes,4.68692e+13
2026-09-30T06:24:11.874Z,gpu-3uwoq-6g3ya-2,nvlink,gpu0,nvlink_tx_bytes,4.68696e+13
2026-09-30T06:24:11.874Z,gpu-3uwoq-6g3ya-2,nvlink,gpu1,nvlink_rx_bytes,4.70222e+13
2026-09-30T06:24:11.874Z,gpu-3uwoq-6g3ya-2,nvlink,gpu1,nvlink_tx_bytes,4.70228e+13
2026-09-30T06:24:11.874Z,gpu-3uwoq-6g3ya-2,nvlink,gpu2,nvlink_rx_bytes,4.68912e+13
2026-09-30T06:24:11.874Z,gpu-3uwoq-6g3ya-2,nvlink,gpu2,nvlink_tx_bytes,4.68913e+13
2026-09-30T06:24:11.874Z,gpu-3uwoq-6g3ya-2,nvlink,gpu3,nvlink_rx_bytes,4.68385e+13
2026-09-30T06:24:11.874Z,gpu-3uwoq-6g3ya-2,nvlink,gpu3,nvlink_tx_bytes,4.68389e+13
2026-09-30T06:24:12.874Z,gpu-3uwoq-6g3ya-2,ib_counter,rdma_vf_rail0,port_xmit_data,2.8979e+12
2026-09-30T06:24:12.874Z,gpu-3uwoq-6g3ya-2,ib_counter,rdma_vf_rail0,port_rcv_data,5.85726e+12
2026-09-30T06:24:12.874Z,gpu-3uwoq-6g3ya-2,ib_counter,rdma_vf_rail0,port_xmit_packets,9.93301e+08
2026-09-30T06:24:12.874Z,gpu-3uwoq-6g3ya-2,ib_counter,rdma_vf_rail0,port_rcv_packets,1.61819e+09
2026-09-30T06:24:12.874Z,gpu-3uwoq-6g3ya-2,ib_counter,rdma_vf_rail0,port_xmit_wait,0
2026-09-30T06:24:12.874Z,gpu-3uwoq-6g3ya-2,ib_counter,rdma_vf_rail0,port_rcv_errors,0
2026-09-30T06:24:12.874Z,gpu-3uwoq-6g3ya-2,ib_counter,rdma_vf_rail0,port_xmit_discards,0
2026-09-30T06:24:12.874Z,gpu-3uwoq-6g3ya-2,ib_counter,rdma_vf_rail0,link_downed,0
2026-09-30T06:24:12.874Z,gpu-3uwoq-6g3ya-2,ib_hw_counter,rdma_vf_rail0,out_of_sequence,0
2026-09-30T06:24:12.874Z,gpu-3uwoq-6g3ya-2,ib_hw_counter,rdma_vf_rail0,packet_seq_err,0
2026-09-30T06:24:12.874Z,gpu-3uwoq-6g3ya-2,ib_hw_counter,rdma_vf_rail0,local_ack_timeout_err,0
2026-09-30T06:24:12.874Z,gpu-3uwoq-6g3ya-2,ib_hw_counter,rdma_vf_rail0,rx_write_requests,7.07105e+08
2026-09-30T06:24:12.874Z,gpu-3uwoq-6g3ya-2,ib_hw_counter,rdma_vf_rail0,rx_read_requests,1.14286e+07
2026-09-30T06:24:12.874Z,gpu-3uwoq-6g3ya-2,ib_hw_counter,rdma_vf_rail0,req_cqe_error,0
2026-09-30T06:24:12.874Z,gpu-3uwoq-6g3ya-2,ib_hw_counter,rdma_vf_rail0,resp_cqe_error,0
2026-09-30T06:24:12.874Z,gpu-3uwoq-6g3ya-2,ib_hw_counter,rdma_vf_rail0,implied_nak_seq_err,0
2026-09-30T06:24:12.874Z,gpu-3uwoq-6g3ya-2,ib_hw_counter,rdma_vf_rail0,duplicate_request,0
2026-09-30T06:24:12.874Z,gpu-3uwoq-6g3ya-2,ib_counter,rdma_vf_rail1,port_xmit_data,2.78983e+12
2026-09-30T06:24:12.874Z,gpu-3uwoq-6g3ya-2,ib_counter,rdma_vf_rail1,port_rcv_data,5.74915e+12
2026-09-30T06:24:12.874Z,gpu-3uwoq-6g3ya-2,ib_counter,rdma_vf_rail1,port_xmit_packets,9.6064e+08
2026-09-30T06:24:12.874Z,gpu-3uwoq-6g3ya-2,ib_counter,rdma_vf_rail1,port_rcv_packets,1.58571e+09
2026-09-30T06:24:12.874Z,gpu-3uwoq-6g3ya-2,ib_counter,rdma_vf_rail1,port_xmit_wait,0
2026-09-30T06:24:12.874Z,gpu-3uwoq-6g3ya-2,ib_counter,rdma_vf_rail1,port_rcv_errors,0
2026-09-30T06:24:12.874Z,gpu-3uwoq-6g3ya-2,ib_counter,rdma_vf_rail1,port_xmit_discards,0
2026-09-30T06:24:12.874Z,gpu-3uwoq-6g3ya-2,ib_counter,rdma_vf_rail1,link_downed,0
2026-09-30T06:24:12.874Z,gpu-3uwoq-6g3ya-2,ib_hw_counter,rdma_vf_rail1,out_of_sequence,0
2026-09-30T06:24:12.874Z,gpu-3uwoq-6g3ya-2,ib_hw_counter,rdma_vf_rail1,packet_seq_err,0
2026-09-30T06:24:12.874Z,gpu-3uwoq-6g3ya-2,ib_hw_counter,rdma_vf_rail1,local_ack_timeout_err,0
2026-09-30T06:24:12.874Z,gpu-3uwoq-6g3ya-2,ib_hw_counter,rdma_vf_rail1,rx_write_requests,7.05505e+08
2026-09-30T06:24:12.874Z,gpu-3uwoq-6g3ya-2,ib_hw_counter,rdma_vf_rail1,rx_read_requests,1.06278e+07
2026-09-30T06:24:12.874Z,gpu-3uwoq-6g3ya-2,ib_hw_counter,rdma_vf_rail1,req_cqe_error,0
2026-09-30T06:24:12.874Z,gpu-3uwoq-6g3ya-2,ib_hw_counter,rdma_vf_rail1,resp_cqe_error,0
2026-09-30T06:24:12.874Z,gpu-3uwoq-6g3ya-2,ib_hw_counter,rdma_vf_rail1,implied_nak_seq_err,0
2026-09-30T06:24:12.874Z,gpu-3uwoq-6g3ya-2,ib_hw_counter,rdma_vf_rail1,duplicate_request,0
2026-09-30T06:24:12.874Z,gpu-3uwoq-6g3ya-2,ib_counter,rdma_vf_rail2,port_xmit_data,2.76211e+12
2026-09-30T06:24:12.874Z,gpu-3uwoq-6g3ya-2,ib_counter,rdma_vf_rail2,port_rcv_data,5.72087e+12
2026-09-30T06:24:12.874Z,gpu-3uwoq-6g3ya-2,ib_counter,rdma_vf_rail2,port_xmit_packets,9.42748e+08
2026-09-30T06:24:12.874Z,gpu-3uwoq-6g3ya-2,ib_counter,rdma_vf_rail2,port_rcv_packets,1.56156e+09
2026-09-30T06:24:12.874Z,gpu-3uwoq-6g3ya-2,ib_counter,rdma_vf_rail2,port_xmit_wait,0
2026-09-30T06:24:12.874Z,gpu-3uwoq-6g3ya-2,ib_counter,rdma_vf_rail2,port_rcv_errors,0
2026-09-30T06:24:12.874Z,gpu-3uwoq-6g3ya-2,ib_counter,rdma_vf_rail2,port_xmit_discards,0
2026-09-30T06:24:12.874Z,gpu-3uwoq-6g3ya-2,ib_counter,rdma_vf_rail2,link_downed,0
2026-09-30T06:24:12.874Z,gpu-3uwoq-6g3ya-2,ib_hw_counter,rdma_vf_rail2,out_of_sequence,0
2026-09-30T06:24:12.874Z,gpu-3uwoq-6g3ya-2,ib_hw_counter,rdma_vf_rail2,packet_seq_err,0
2026-09-30T06:24:12.874Z,gpu-3uwoq-6g3ya-2,ib_hw_counter,rdma_vf_rail2,local_ack_timeout_err,0
2026-09-30T06:24:12.874Z,gpu-3uwoq-6g3ya-2,ib_hw_counter,rdma_vf_rail2,rx_write_requests,7.05079e+08
2026-09-30T06:24:12.874Z,gpu-3uwoq-6g3ya-2,ib_hw_counter,rdma_vf_rail2,rx_read_requests,1.042e+07
2026-09-30T06:24:12.874Z,gpu-3uwoq-6g3ya-2,ib_hw_counter,rdma_vf_rail2,req_cqe_error,0
2026-09-30T06:24:12.874Z,gpu-3uwoq-6g3ya-2,ib_hw_counter,rdma_vf_rail2,resp_cqe_error,0
2026-09-30T06:24:12.874Z,gpu-3uwoq-6g3ya-2,ib_hw_counter,rdma_vf_rail2,implied_nak_seq_err,0
2026-09-30T06:24:12.874Z,gpu-3uwoq-6g3ya-2,ib_hw_counter,rdma_vf_rail2,duplicate_request,0
2026-09-30T06:24:12.874Z,gpu-3uwoq-6g3ya-2,ib_counter,rdma_vf_rail3,port_xmit_data,2.76198e+12
2026-09-30T06:24:12.874Z,gpu-3uwoq-6g3ya-2,ib_counter,rdma_vf_rail3,port_rcv_data,5.72148e+12
2026-09-30T06:24:12.874Z,gpu-3uwoq-6g3ya-2,ib_counter,rdma_vf_rail3,port_xmit_packets,9.41089e+08
2026-09-30T06:24:12.874Z,gpu-3uwoq-6g3ya-2,ib_counter,rdma_vf_rail3,port_rcv_packets,1.56898e+09
2026-09-30T06:24:12.874Z,gpu-3uwoq-6g3ya-2,ib_counter,rdma_vf_rail3,port_xmit_wait,0
2026-09-30T06:24:12.874Z,gpu-3uwoq-6g3ya-2,ib_counter,rdma_vf_rail3,port_rcv_errors,0
2026-09-30T06:24:12.874Z,gpu-3uwoq-6g3ya-2,ib_counter,rdma_vf_rail3,port_xmit_discards,0
2026-09-30T06:24:12.874Z,gpu-3uwoq-6g3ya-2,ib_counter,rdma_vf_rail3,link_downed,0
2026-09-30T06:24:12.874Z,gpu-3uwoq-6g3ya-2,ib_hw_counter,rdma_vf_rail3,out_of_sequence,0
2026-09-30T06:24:12.874Z,gpu-3uwoq-6g3ya-2,ib_hw_counter,rdma_vf_rail3,packet_seq_err,1
2026-09-30T06:24:12.874Z,gpu-3uwoq-6g3ya-2,ib_hw_counter,rdma_vf_rail3,local_ack_timeout_err,0
2026-09-30T06:24:12.874Z,gpu-3uwoq-6g3ya-2,ib_hw_counter,rdma_vf_rail3,rx_write_requests,7.05079e+08
2026-09-30T06:24:12.874Z,gpu-3uwoq-6g3ya-2,ib_hw_counter,rdma_vf_rail3,rx_read_requests,1.042e+07
2026-09-30T06:24:12.874Z,gpu-3uwoq-6g3ya-2,ib_hw_counter,rdma_vf_rail3,req_cqe_error,0
2026-09-30T06:24:12.874Z,gpu-3uwoq-6g3ya-2,ib_hw_counter,rdma_vf_rail3,resp_cqe_error,0
2026-09-30T06:24:12.874Z,gpu-3uwoq-6g3ya-2,ib_hw_counter,rdma_vf_rail3,implied_nak_seq_err,0
2026-09-30T06:24:12.874Z,gpu-3uwoq-6g3ya-2,ib_hw_counter,rdma_vf_rail3,duplicate_request,0
2026-09-30T06:24:12.874Z,gpu-3uwoq-6g3ya-2,dcgm,gpu2,gpu_util,0
2026-09-30T06:24:12.874Z,gpu-3uwoq-6g3ya-2,dcgm,gpu3,gpu_util,0
2026-09-30T06:24:12.874Z,gpu-3uwoq-6g3ya-2,dcgm,gpu1,gpu_util,0
2026-09-30T06:24:12.874Z,gpu-3uwoq-6g3ya-2,dcgm,gpu0,gpu_util,0
2026-09-30T06:24:12.874Z,gpu-3uwoq-6g3ya-2,dcgm,gpu2,nvlink_bandwidth_total,0
2026-09-30T06:24:12.874Z,gpu-3uwoq-6g3ya-2,dcgm,gpu3,nvlink_bandwidth_total,0
2026-09-30T06:24:12.874Z,gpu-3uwoq-6g3ya-2,dcgm,gpu1,nvlink_bandwidth_total,0
2026-09-30T06:24:12.874Z,gpu-3uwoq-6g3ya-2,dcgm,gpu0,nvlink_bandwidth_total,0
2026-09-30T06:24:12.874Z,gpu-3uwoq-6g3ya-2,dcgm,gpu2,power_w,230.638
2026-09-30T06:24:12.874Z,gpu-3uwoq-6g3ya-2,dcgm,gpu3,power_w,234.331
2026-09-30T06:24:12.874Z,gpu-3uwoq-6g3ya-2,dcgm,gpu1,power_w,230.033
2026-09-30T06:24:12.874Z,gpu-3uwoq-6g3ya-2,dcgm,gpu0,power_w,226.432
2026-09-30T06:24:12.874Z,gpu-3uwoq-6g3ya-2,dcgm,gpu2,sm_clock_mhz,2070
2026-09-30T06:24:12.874Z,gpu-3uwoq-6g3ya-2,dcgm,gpu3,sm_clock_mhz,2070
2026-09-30T06:24:12.874Z,gpu-3uwoq-6g3ya-2,dcgm,gpu1,sm_clock_mhz,2070
2026-09-30T06:24:12.874Z,gpu-3uwoq-6g3ya-2,dcgm,gpu0,sm_clock_mhz,2070
2026-09-30T06:24:12.874Z,gpu-3uwoq-6g3ya-2,dcgm,gpu2,dram_active,0
2026-09-30T06:24:12.874Z,gpu-3uwoq-6g3ya-2,dcgm,gpu3,dram_active,0
2026-09-30T06:24:12.874Z,gpu-3uwoq-6g3ya-2,dcgm,gpu1,dram_active,0
2026-09-30T06:24:12.874Z,gpu-3uwoq-6g3ya-2,dcgm,gpu0,dram_active,0
2026-09-30T06:24:12.874Z,gpu-3uwoq-6g3ya-2,dcgm,gpu2,pcie_rx_bytes,45876
2026-09-30T06:24:12.874Z,gpu-3uwoq-6g3ya-2,dcgm,gpu3,pcie_rx_bytes,44341
2026-09-30T06:24:12.874Z,gpu-3uwoq-6g3ya-2,dcgm,gpu1,pcie_rx_bytes,55952
2026-09-30T06:24:12.874Z,gpu-3uwoq-6g3ya-2,dcgm,gpu0,pcie_rx_bytes,57131
2026-09-30T06:24:12.874Z,gpu-3uwoq-6g3ya-2,dcgm,gpu2,pcie_tx_bytes,43727
2026-09-30T06:24:12.874Z,gpu-3uwoq-6g3ya-2,dcgm,gpu3,pcie_tx_bytes,42174
2026-09-30T06:24:12.874Z,gpu-3uwoq-6g3ya-2,dcgm,gpu1,pcie_tx_bytes,53786
2026-09-30T06:24:12.874Z,gpu-3uwoq-6g3ya-2,dcgm,gpu0,pcie_tx_bytes,54965
2026-09-30T06:24:12.874Z,gpu-3uwoq-6g3ya-2,dcgm,gpu2,tensor_active,0
2026-09-30T06:24:12.874Z,gpu-3uwoq-6g3ya-2,dcgm,gpu3,tensor_active,0
2026-09-30T06:24:12.874Z,gpu-3uwoq-6g3ya-2,dcgm,gpu1,tensor_active,0
2026-09-30T06:24:12.874Z,gpu-3uwoq-6g3ya-2,dcgm,gpu0,tensor_active,0
2026-09-30T06:24:12.874Z,gpu-3uwoq-6g3ya-2,dcgm,gpu2,sm_active,0
2026-09-30T06:24:12.874Z,gpu-3uwoq-6g3ya-2,dcgm,gpu3,sm_active,0
2026-09-30T06:24:12.874Z,gpu-3uwoq-6g3ya-2,dcgm,gpu1,sm_active,0
2026-09-30T06:24:12.874Z,gpu-3uwoq-6g3ya-2,dcgm,gpu0,sm_active,0
2026-09-30T06:24:12.874Z,gpu-3uwoq-6g3ya-2,nvlink,gpu0,nvlink_rx_bytes,4.68692e+13
2026-09-30T06:24:12.874Z,gpu-3uwoq-6g3ya-2,nvlink,gpu0,nvlink_tx_bytes,4.68696e+13
2026-09-30T06:24:12.874Z,gpu-3uwoq-6g3ya-2,nvlink,gpu1,nvlink_rx_bytes,4.70222e+13
2026-09-30T06:24:12.874Z,gpu-3uwoq-6g3ya-2,nvlink,gpu1,nvlink_tx_bytes,4.70228e+13
2026-09-30T06:24:12.874Z,gpu-3uwoq-6g3ya-2,nvlink,gpu2,nvlink_rx_bytes,4.68912e+13
2026-09-30T06:24:12.874Z,gpu-3uwoq-6g3ya-2,nvlink,gpu2,nvlink_tx_bytes,4.68913e+13
2026-09-30T06:24:12.874Z,gpu-3uwoq-6g3ya-2,nvlink,gpu3,nvlink_rx_bytes,4.68385e+13
2026-09-30T06:24:12.874Z,gpu-3uwoq-6g3ya-2,nvlink,gpu3,nvlink_tx_bytes,4.68389e+13
2026-09-30T06:24:13.874Z,gpu-3uwoq-6g3ya-2,ib_counter,rdma_vf_rail0,port_xmit_data,2.8979e+12
2026-09-30T06:24:13.874Z,gpu-3uwoq-6g3ya-2,ib_counter,rdma_vf_rail0,port_rcv_data,5.85726e+12
2026-09-30T06:24:13.874Z,gpu-3uwoq-6g3ya-2,ib_counter,rdma_vf_rail0,port_xmit_packets,9.93301e+08
2026-09-30T06:24:13.874Z,gpu-3uwoq-6g3ya-2,ib_counter,rdma_vf_rail0,port_rcv_packets,1.61819e+09
2026-09-30T06:24:13.874Z,gpu-3uwoq-6g3ya-2,ib_counter,rdma_vf_rail0,port_xmit_wait,0
2026-09-30T06:24:13.874Z,gpu-3uwoq-6g3ya-2,ib_counter,rdma_vf_rail0,port_rcv_errors,0
2026-09-30T06:24:13.874Z,gpu-3uwoq-6g3ya-2,ib_counter,rdma_vf_rail0,port_xmit_discards,0
2026-09-30T06:24:13.874Z,gpu-3uwoq-6g3ya-2,ib_counter,rdma_vf_rail0,link_downed,0
2026-09-30T06:24:13.874Z,gpu-3uwoq-6g3ya-2,ib_hw_counter,rdma_vf_rail0,out_of_sequence,0
2026-09-30T06:24:13.874Z,gpu-3uwoq-6g3ya-2,ib_hw_counter,rdma_vf_rail0,packet_seq_err,0
2026-09-30T06:24:13.874Z,gpu-3uwoq-6g3ya-2,ib_hw_counter,rdma_vf_rail0,local_ack_timeout_err,0
2026-09-30T06:24:13.874Z,gpu-3uwoq-6g3ya-2,ib_hw_counter,rdma_vf_rail0,rx_write_requests,7.07105e+08
2026-09-30T06:24:13.874Z,gpu-3uwoq-6g3ya-2,ib_hw_counter,rdma_vf_rail0,rx_read_requests,1.14286e+07
2026-09-30T06:24:13.874Z,gpu-3uwoq-6g3ya-2,ib_hw_counter,rdma_vf_rail0,req_cqe_error,0
2026-09-30T06:24:13.874Z,gpu-3uwoq-6g3ya-2,ib_hw_counter,rdma_vf_rail0,resp_cqe_error,0
2026-09-30T06:24:13.874Z,gpu-3uwoq-6g3ya-2,ib_hw_counter,rdma_vf_rail0,implied_nak_seq_err,0
2026-09-30T06:24:13.874Z,gpu-3uwoq-6g3ya-2,ib_hw_counter,rdma_vf_rail0,duplicate_request,0
2026-09-30T06:24:13.874Z,gpu-3uwoq-6g3ya-2,ib_counter,rdma_vf_rail1,port_xmit_data,2.78983e+12
2026-09-30T06:24:13.874Z,gpu-3uwoq-6g3ya-2,ib_counter,rdma_vf_rail1,port_rcv_data,5.74915e+12
2026-09-30T06:24:13.874Z,gpu-3uwoq-6g3ya-2,ib_counter,rdma_vf_rail1,port_xmit_packets,9.6064e+08
2026-09-30T06:24:13.874Z,gpu-3uwoq-6g3ya-2,ib_counter,rdma_vf_rail1,port_rcv_packets,1.58571e+09
2026-09-30T06:24:13.874Z,gpu-3uwoq-6g3ya-2,ib_counter,rdma_vf_rail1,port_xmit_wait,0
2026-09-30T06:24:13.874Z,gpu-3uwoq-6g3ya-2,ib_counter,rdma_vf_rail1,port_rcv_errors,0
2026-09-30T06:24:13.874Z,gpu-3uwoq-6g3ya-2,ib_counter,rdma_vf_rail1,port_xmit_discards,0
2026-09-30T06:24:13.874Z,gpu-3uwoq-6g3ya-2,ib_counter,rdma_vf_rail1,link_downed,0
2026-09-30T06:24:13.874Z,gpu-3uwoq-6g3ya-2,ib_hw_counter,rdma_vf_rail1,out_of_sequence,0
2026-09-30T06:24:13.874Z,gpu-3uwoq-6g3ya-2,ib_hw_counter,rdma_vf_rail1,packet_seq_err,0
2026-09-30T06:24:13.874Z,gpu-3uwoq-6g3ya-2,ib_hw_counter,rdma_vf_rail1,local_ack_timeout_err,0
2026-09-30T06:24:13.874Z,gpu-3uwoq-6g3ya-2,ib_hw_counter,rdma_vf_rail1,rx_write_requests,7.05505e+08
2026-09-30T06:24:13.874Z,gpu-3uwoq-6g3ya-2,ib_hw_counter,rdma_vf_rail1,rx_read_requests,1.06278e+07
2026-09-30T06:24:13.874Z,gpu-3uwoq-6g3ya-2,ib_hw_counter,rdma_vf_rail1,req_cqe_error,0
2026-09-30T06:24:13.874Z,gpu-3uwoq-6g3ya-2,ib_hw_counter,rdma_vf_rail1,resp_cqe_error,0
2026-09-30T06:24:13.874Z,gpu-3uwoq-6g3ya-2,ib_hw_counter,rdma_vf_rail1,implied_nak_seq_err,0
2026-09-30T06:24:13.874Z,gpu-3uwoq-6g3ya-2,ib_hw_counter,rdma_vf_rail1,duplicate_request,0
2026-09-30T06:24:13.874Z,gpu-3uwoq-6g3ya-2,ib_counter,rdma_vf_rail2,port_xmit_data,2.76211e+12
2026-09-30T06:24:13.874Z,gpu-3uwoq-6g3ya-2,ib_counter,rdma_vf_rail2,port_rcv_data,5.72087e+12
2026-09-30T06:24:13.874Z,gpu-3uwoq-6g3ya-2,ib_counter,rdma_vf_rail2,port_xmit_packets,9.42748e+08
2026-09-30T06:24:13.874Z,gpu-3uwoq-6g3ya-2,ib_counter,rdma_vf_rail2,port_rcv_packets,1.56156e+09
2026-09-30T06:24:13.874Z,gpu-3uwoq-6g3ya-2,ib_counter,rdma_vf_rail2,port_xmit_wait,0
2026-09-30T06:24:13.874Z,gpu-3uwoq-6g3ya-2,ib_counter,rdma_vf_rail2,port_rcv_errors,0
2026-09-30T06:24:13.874Z,gpu-3uwoq-6g3ya-2,ib_counter,rdma_vf_rail2,port_xmit_discards,0
2026-09-30T06:24:13.874Z,gpu-3uwoq-6g3ya-2,ib_counter,rdma_vf_rail2,link_downed,0
2026-09-30T06:24:13.874Z,gpu-3uwoq-6g3ya-2,ib_hw_counter,rdma_vf_rail2,out_of_sequence,0
2026-09-30T06:24:13.874Z,gpu-3uwoq-6g3ya-2,ib_hw_counter,rdma_vf_rail2,packet_seq_err,0
2026-09-30T06:24:13.874Z,gpu-3uwoq-6g3ya-2,ib_hw_counter,rdma_vf_rail2,local_ack_timeout_err,0
2026-09-30T06:24:13.874Z,gpu-3uwoq-6g3ya-2,ib_hw_counter,rdma_vf_rail2,rx_write_requests,7.05079e+08
2026-09-30T06:24:13.874Z,gpu-3uwoq-6g3ya-2,ib_hw_counter,rdma_vf_rail2,rx_read_requests,1.042e+07
2026-09-30T06:24:13.874Z,gpu-3uwoq-6g3ya-2,ib_hw_counter,rdma_vf_rail2,req_cqe_error,0
2026-09-30T06:24:13.874Z,gpu-3uwoq-6g3ya-2,ib_hw_counter,rdma_vf_rail2,resp_cqe_error,0
2026-09-30T06:24:13.874Z,gpu-3uwoq-6g3ya-2,ib_hw_counter,rdma_vf_rail2,implied_nak_seq_err,0
2026-09-30T06:24:13.874Z,gpu-3uwoq-6g3ya-2,ib_hw_counter,rdma_vf_rail2,duplicate_request,0
2026-09-30T06:24:13.874Z,gpu-3uwoq-6g3ya-2,ib_counter,rdma_vf_rail3,port_xmit_data,2.76198e+12
2026-09-30T06:24:13.874Z,gpu-3uwoq-6g3ya-2,ib_counter,rdma_vf_rail3,port_rcv_data,5.72148e+12
2026-09-30T06:24:13.874Z,gpu-3uwoq-6g3ya-2,ib_counter,rdma_vf_rail3,port_xmit_packets,9.41089e+08
2026-09-30T06:24:13.874Z,gpu-3uwoq-6g3ya-2,ib_counter,rdma_vf_rail3,port_rcv_packets,1.56898e+09
2026-09-30T06:24:13.874Z,gpu-3uwoq-6g3ya-2,ib_counter,rdma_vf_rail3,port_xmit_wait,0
2026-09-30T06:24:13.874Z,gpu-3uwoq-6g3ya-2,ib_counter,rdma_vf_rail3,port_rcv_errors,0
2026-09-30T06:24:13.874Z,gpu-3uwoq-6g3ya-2,ib_counter,rdma_vf_rail3,port_xmit_discards,0
2026-09-30T06:24:13.874Z,gpu-3uwoq-6g3ya-2,ib_counter,rdma_vf_rail3,link_downed,0
2026-09-30T06:24:13.874Z,gpu-3uwoq-6g3ya-2,ib_hw_counter,rdma_vf_rail3,out_of_sequence,0
2026-09-30T06:24:13.874Z,gpu-3uwoq-6g3ya-2,ib_hw_counter,rdma_vf_rail3,packet_seq_err,1
2026-09-30T06:24:13.874Z,gpu-3uwoq-6g3ya-2,ib_hw_counter,rdma_vf_rail3,local_ack_timeout_err,0
2026-09-30T06:24:13.874Z,gpu-3uwoq-6g3ya-2,ib_hw_counter,rdma_vf_rail3,rx_write_requests,7.05079e+08
2026-09-30T06:24:13.874Z,gpu-3uwoq-6g3ya-2,ib_hw_counter,rdma_vf_rail3,rx_read_requests,1.042e+07
2026-09-30T06:24:13.874Z,gpu-3uwoq-6g3ya-2,ib_hw_counter,rdma_vf_rail3,req_cqe_error,0
2026-09-30T06:24:13.874Z,gpu-3uwoq-6g3ya-2,ib_hw_counter,rdma_vf_rail3,resp_cqe_error,0
2026-09-30T06:24:13.874Z,gpu-3uwoq-6g3ya-2,ib_hw_counter,rdma_vf_rail3,implied_nak_seq_err,0
2026-09-30T06:24:13.874Z,gpu-3uwoq-6g3ya-2,ib_hw_counter,rdma_vf_rail3,duplicate_request,0
2026-09-30T06:24:13.874Z,gpu-3uwoq-6g3ya-2,dcgm,gpu2,gpu_util,0
2026-09-30T06:24:13.874Z,gpu-3uwoq-6g3ya-2,dcgm,gpu3,gpu_util,0
2026-09-30T06:24:13.874Z,gpu-3uwoq-6g3ya-2,dcgm,gpu1,gpu_util,0
2026-09-30T06:24:13.874Z,gpu-3uwoq-6g3ya-2,dcgm,gpu0,gpu_util,0
2026-09-30T06:24:13.874Z,gpu-3uwoq-6g3ya-2,dcgm,gpu2,nvlink_bandwidth_total,0
2026-09-30T06:24:13.874Z,gpu-3uwoq-6g3ya-2,dcgm,gpu3,nvlink_bandwidth_total,0
2026-09-30T06:24:13.874Z,gpu-3uwoq-6g3ya-2,dcgm,gpu1,nvlink_bandwidth_total,0
2026-09-30T06:24:13.874Z,gpu-3uwoq-6g3ya-2,dcgm,gpu0,nvlink_bandwidth_total,0
2026-09-30T06:24:13.874Z,gpu-3uwoq-6g3ya-2,dcgm,gpu2,power_w,230.638
2026-09-30T06:24:13.874Z,gpu-3uwoq-6g3ya-2,dcgm,gpu3,power_w,234.331
2026-09-30T06:24:13.874Z,gpu-3uwoq-6g3ya-2,dcgm,gpu1,power_w,230.033
2026-09-30T06:24:13.874Z,gpu-3uwoq-6g3ya-2,dcgm,gpu0,power_w,226.432
2026-09-30T06:24:13.874Z,gpu-3uwoq-6g3ya-2,dcgm,gpu2,sm_clock_mhz,2070
2026-09-30T06:24:13.874Z,gpu-3uwoq-6g3ya-2,dcgm,gpu3,sm_clock_mhz,2070
2026-09-30T06:24:13.874Z,gpu-3uwoq-6g3ya-2,dcgm,gpu1,sm_clock_mhz,2070
2026-09-30T06:24:13.874Z,gpu-3uwoq-6g3ya-2,dcgm,gpu0,sm_clock_mhz,2070
2026-09-30T06:24:13.874Z,gpu-3uwoq-6g3ya-2,dcgm,gpu2,dram_active,0
2026-09-30T06:24:13.874Z,gpu-3uwoq-6g3ya-2,dcgm,gpu3,dram_active,0
2026-09-30T06:24:13.874Z,gpu-3uwoq-6g3ya-2,dcgm,gpu1,dram_active,0
2026-09-30T06:24:13.874Z,gpu-3uwoq-6g3ya-2,dcgm,gpu0,dram_active,0
2026-09-30T06:24:13.874Z,gpu-3uwoq-6g3ya-2,dcgm,gpu2,pcie_rx_bytes,45876
2026-09-30T06:24:13.874Z,gpu-3uwoq-6g3ya-2,dcgm,gpu3,pcie_rx_bytes,44341
2026-09-30T06:24:13.874Z,gpu-3uwoq-6g3ya-2,dcgm,gpu1,pcie_rx_bytes,55952
2026-09-30T06:24:13.874Z,gpu-3uwoq-6g3ya-2,dcgm,gpu0,pcie_rx_bytes,57131
2026-09-30T06:24:13.874Z,gpu-3uwoq-6g3ya-2,dcgm,gpu2,pcie_tx_bytes,43727
2026-09-30T06:24:13.874Z,gpu-3uwoq-6g3ya-2,dcgm,gpu3,pcie_tx_bytes,42174
2026-09-30T06:24:13.874Z,gpu-3uwoq-6g3ya-2,dcgm,gpu1,pcie_tx_bytes,53786
2026-09-30T06:24:13.874Z,gpu-3uwoq-6g3ya-2,dcgm,gpu0,pcie_tx_bytes,54965
2026-09-30T06:24:13.874Z,gpu-3uwoq-6g3ya-2,dcgm,gpu2,tensor_active,0
2026-09-30T06:24:13.874Z,gpu-3uwoq-6g3ya-2,dcgm,gpu3,tensor_active,0
2026-09-30T06:24:13.874Z,gpu-3uwoq-6g3ya-2,dcgm,gpu1,tensor_active,0
2026-09-30T06:24:13.874Z,gpu-3uwoq-6g3ya-2,dcgm,gpu0,tensor_active,0
2026-09-30T06:24:13.874Z,gpu-3uwoq-6g3ya-2,dcgm,gpu2,sm_active,0
2026-09-30T06:24:13.874Z,gpu-3uwoq-6g3ya-2,dcgm,gpu3,sm_active,0
2026-09-30T06:24:13.874Z,gpu-3uwoq-6g3ya-2,dcgm,gpu1,sm_active,0
2026-09-30T06:24:13.874Z,gpu-3uwoq-6g3ya-2,dcgm,gpu0,sm_active,0
2026-09-30T06:24:13.874Z,gpu-3uwoq-6g3ya-2,nvlink,gpu0,nvlink_rx_bytes,4.68692e+13
2026-09-30T06:24:13.874Z,gpu-3uwoq-6g3ya-2,nvlink,gpu0,nvlink_tx_bytes,4.68696e+13
2026-09-30T06:24:13.874Z,gpu-3uwoq-6g3ya-2,nvlink,gpu1,nvlink_rx_bytes,4.70222e+13
2026-09-30T06:24:13.874Z,gpu-3uwoq-6g3ya-2,nvlink,gpu1,nvlink_tx_bytes,4.70228e+13
2026-09-30T06:24:13.874Z,gpu-3uwoq-6g3ya-2,nvlink,gpu2,nvlink_rx_bytes,4.68912e+13
2026-09-30T06:24:13.874Z,gpu-3uwoq-6g3ya-2,nvlink,gpu2,nvlink_tx_bytes,4.68913e+13
2026-09-30T06:24:13.874Z,gpu-3uwoq-6g3ya-2,nvlink,gpu3,nvlink_rx_bytes,4.68385e+13
2026-09-30T06:24:13.874Z,gpu-3uwoq-6g3ya-2,nvlink,gpu3,nvlink_tx_bytes,4.68389e+13
2026-09-30T06:24:14.874Z,gpu-3uwoq-6g3ya-2,ib_counter,rdma_vf_rail0,port_xmit_data,2.8979e+12
2026-09-30T06:24:14.874Z,gpu-3uwoq-6g3ya-2,ib_counter,rdma_vf_rail0,port_rcv_data,5.85726e+12
2026-09-30T06:24:14.874Z,gpu-3uwoq-6g3ya-2,ib_counter,rdma_vf_rail0,port_xmit_packets,9.93301e+08
2026-09-30T06:24:14.874Z,gpu-3uwoq-6g3ya-2,ib_counter,rdma_vf_rail0,port_rcv_packets,1.61819e+09
2026-09-30T06:24:14.874Z,gpu-3uwoq-6g3ya-2,ib_counter,rdma_vf_rail0,port_xmit_wait,0
2026-09-30T06:24:14.874Z,gpu-3uwoq-6g3ya-2,ib_counter,rdma_vf_rail0,port_rcv_errors,0
2026-09-30T06:24:14.874Z,gpu-3uwoq-6g3ya-2,ib_counter,rdma_vf_rail0,port_xmit_discards,0
2026-09-30T06:24:14.874Z,gpu-3uwoq-6g3ya-2,ib_counter,rdma_vf_rail0,link_downed,0
2026-09-30T06:24:14.874Z,gpu-3uwoq-6g3ya-2,ib_hw_counter,rdma_vf_rail0,out_of_sequence,0
2026-09-30T06:24:14.874Z,gpu-3uwoq-6g3ya-2,ib_hw_counter,rdma_vf_rail0,packet_seq_err,0
2026-09-30T06:24:14.874Z,gpu-3uwoq-6g3ya-2,ib_hw_counter,rdma_vf_rail0,local_ack_timeout_err,0
2026-09-30T06:24:14.874Z,gpu-3uwoq-6g3ya-2,ib_hw_counter,rdma_vf_rail0,rx_write_requests,7.07105e+08
2026-09-30T06:24:14.874Z,gpu-3uwoq-6g3ya-2,ib_hw_counter,rdma_vf_rail0,rx_read_requests,1.14286e+07
2026-09-30T06:24:14.874Z,gpu-3uwoq-6g3ya-2,ib_hw_counter,rdma_vf_rail0,req_cqe_error,0
2026-09-30T06:24:14.874Z,gpu-3uwoq-6g3ya-2,ib_hw_counter,rdma_vf_rail0,resp_cqe_error,0
2026-09-30T06:24:14.874Z,gpu-3uwoq-6g3ya-2,ib_hw_counter,rdma_vf_rail0,implied_nak_seq_err,0
2026-09-30T06:24:14.874Z,gpu-3uwoq-6g3ya-2,ib_hw_counter,rdma_vf_rail0,duplicate_request,0
2026-09-30T06:24:14.874Z,gpu-3uwoq-6g3ya-2,ib_counter,rdma_vf_rail1,port_xmit_data,2.78983e+12
2026-09-30T06:24:14.874Z,gpu-3uwoq-6g3ya-2,ib_counter,rdma_vf_rail1,port_rcv_data,5.74915e+12
2026-09-30T06:24:14.874Z,gpu-3uwoq-6g3ya-2,ib_counter,rdma_vf_rail1,port_xmit_packets,9.6064e+08
2026-09-30T06:24:14.874Z,gpu-3uwoq-6g3ya-2,ib_counter,rdma_vf_rail1,port_rcv_packets,1.58571e+09
2026-09-30T06:24:14.874Z,gpu-3uwoq-6g3ya-2,ib_counter,rdma_vf_rail1,port_xmit_wait,0
2026-09-30T06:24:14.874Z,gpu-3uwoq-6g3ya-2,ib_counter,rdma_vf_rail1,port_rcv_errors,0
2026-09-30T06:24:14.874Z,gpu-3uwoq-6g3ya-2,ib_counter,rdma_vf_rail1,port_xmit_discards,0
2026-09-30T06:24:14.874Z,gpu-3uwoq-6g3ya-2,ib_counter,rdma_vf_rail1,link_downed,0
2026-09-30T06:24:14.874Z,gpu-3uwoq-6g3ya-2,ib_hw_counter,rdma_vf_rail1,out_of_sequence,0
2026-09-30T06:24:14.874Z,gpu-3uwoq-6g3ya-2,ib_hw_counter,rdma_vf_rail1,packet_seq_err,0
2026-09-30T06:24:14.874Z,gpu-3uwoq-6g3ya-2,ib_hw_counter,rdma_vf_rail1,local_ack_timeout_err,0
2026-09-30T06:24:14.874Z,gpu-3uwoq-6g3ya-2,ib_hw_counter,rdma_vf_rail1,rx_write_requests,7.05505e+08
2026-09-30T06:24:14.874Z,gpu-3uwoq-6g3ya-2,ib_hw_counter,rdma_vf_rail1,rx_read_requests,1.06278e+07
2026-09-30T06:24:14.874Z,gpu-3uwoq-6g3ya-2,ib_hw_counter,rdma_vf_rail1,req_cqe_error,0
2026-09-30T06:24:14.874Z,gpu-3uwoq-6g3ya-2,ib_hw_counter,rdma_vf_rail1,resp_cqe_error,0
2026-09-30T06:24:14.874Z,gpu-3uwoq-6g3ya-2,ib_hw_counter,rdma_vf_rail1,implied_nak_seq_err,0
2026-09-30T06:24:14.874Z,gpu-3uwoq-6g3ya-2,ib_hw_counter,rdma_vf_rail1,duplicate_request,0
2026-09-30T06:24:14.874Z,gpu-3uwoq-6g3ya-2,ib_counter,rdma_vf_rail2,port_xmit_data,2.76211e+12
2026-09-30T06:24:14.874Z,gpu-3uwoq-6g3ya-2,ib_counter,rdma_vf_rail2,port_rcv_data,5.72087e+12
2026-09-30T06:24:14.874Z,gpu-3uwoq-6g3ya-2,ib_counter,rdma_vf_rail2,port_xmit_packets,9.42748e+08
2026-09-30T06:24:14.874Z,gpu-3uwoq-6g3ya-2,ib_counter,rdma_vf_rail2,port_rcv_packets,1.56156e+09
2026-09-30T06:24:14.874Z,gpu-3uwoq-6g3ya-2,ib_counter,rdma_vf_rail2,port_xmit_wait,0
2026-09-30T06:24:14.874Z,gpu-3uwoq-6g3ya-2,ib_counter,rdma_vf_rail2,port_rcv_errors,0
2026-09-30T06:24:14.874Z,gpu-3uwoq-6g3ya-2,ib_counter,rdma_vf_rail2,port_xmit_discards,0
2026-09-30T06:24:14.874Z,gpu-3uwoq-6g3ya-2,ib_counter,rdma_vf_rail2,link_downed,0
2026-09-30T06:24:14.874Z,gpu-3uwoq-6g3ya-2,ib_hw_counter,rdma_vf_rail2,out_of_sequence,0
2026-09-30T06:24:14.874Z,gpu-3uwoq-6g3ya-2,ib_hw_counter,rdma_vf_rail2,packet_seq_err,0
2026-09-30T06:24:14.874Z,gpu-3uwoq-6g3ya-2,ib_hw_counter,rdma_vf_rail2,local_ack_timeout_err,0
2026-09-30T06:24:14.874Z,gpu-3uwoq-6g3ya-2,ib_hw_counter,rdma_vf_rail2,rx_write_requests,7.05079e+08
2026-09-30T06:24:14.874Z,gpu-3uwoq-6g3ya-2,ib_hw_counter,rdma_vf_rail2,rx_read_requests,1.042e+07
2026-09-30T06:24:14.874Z,gpu-3uwoq-6g3ya-2,ib_hw_counter,rdma_vf_rail2,req_cqe_error,0
2026-09-30T06:24:14.874Z,gpu-3uwoq-6g3ya-2,ib_hw_counter,rdma_vf_rail2,resp_cqe_error,0
2026-09-30T06:24:14.874Z,gpu-3uwoq-6g3ya-2,ib_hw_counter,rdma_vf_rail2,implied_nak_seq_err,0
2026-09-30T06:24:14.874Z,gpu-3uwoq-6g3ya-2,ib_hw_counter,rdma_vf_rail2,duplicate_request,0
2026-09-30T06:24:14.874Z,gpu-3uwoq-6g3ya-2,ib_counter,rdma_vf_rail3,port_xmit_data,2.76198e+12
2026-09-30T06:24:14.874Z,gpu-3uwoq-6g3ya-2,ib_counter,rdma_vf_rail3,port_rcv_data,5.72148e+12
2026-09-30T06:24:14.874Z,gpu-3uwoq-6g3ya-2,ib_counter,rdma_vf_rail3,port_xmit_packets,9.41089e+08
2026-09-30T06:24:14.874Z,gpu-3uwoq-6g3ya-2,ib_counter,rdma_vf_rail3,port_rcv_packets,1.56898e+09
2026-09-30T06:24:14.874Z,gpu-3uwoq-6g3ya-2,ib_counter,rdma_vf_rail3,port_xmit_wait,0
2026-09-30T06:24:14.874Z,gpu-3uwoq-6g3ya-2,ib_counter,rdma_vf_rail3,port_rcv_errors,0
2026-09-30T06:24:14.874Z,gpu-3uwoq-6g3ya-2,ib_counter,rdma_vf_rail3,port_xmit_discards,0
2026-09-30T06:24:14.874Z,gpu-3uwoq-6g3ya-2,ib_counter,rdma_vf_rail3,link_downed,0
2026-09-30T06:24:14.874Z,gpu-3uwoq-6g3ya-2,ib_hw_counter,rdma_vf_rail3,out_of_sequence,0
2026-09-30T06:24:14.874Z,gpu-3uwoq-6g3ya-2,ib_hw_counter,rdma_vf_rail3,packet_seq_err,1
2026-09-30T06:24:14.874Z,gpu-3uwoq-6g3ya-2,ib_hw_counter,rdma_vf_rail3,local_ack_timeout_err,0
2026-09-30T06:24:14.874Z,gpu-3uwoq-6g3ya-2,ib_hw_counter,rdma_vf_rail3,rx_write_requests,7.05079e+08
2026-09-30T06:24:14.874Z,gpu-3uwoq-6g3ya-2,ib_hw_counter,rdma_vf_rail3,rx_read_requests,1.042e+07
2026-09-30T06:24:14.874Z,gpu-3uwoq-6g3ya-2,ib_hw_counter,rdma_vf_rail3,req_cqe_error,0
2026-09-30T06:24:14.874Z,gpu-3uwoq-6g3ya-2,ib_hw_counter,rdma_vf_rail3,resp_cqe_error,0
2026-09-30T06:24:14.874Z,gpu-3uwoq-6g3ya-2,ib_hw_counter,rdma_vf_rail3,implied_nak_seq_err,0
2026-09-30T06:24:14.874Z,gpu-3uwoq-6g3ya-2,ib_hw_counter,rdma_vf_rail3,duplicate_request,0
2026-09-30T06:24:14.874Z,gpu-3uwoq-6g3ya-2,dcgm,gpu2,gpu_util,0
2026-09-30T06:24:14.874Z,gpu-3uwoq-6g3ya-2,dcgm,gpu3,gpu_util,0
2026-09-30T06:24:14.874Z,gpu-3uwoq-6g3ya-2,dcgm,gpu1,gpu_util,0
2026-09-30T06:24:14.874Z,gpu-3uwoq-6g3ya-2,dcgm,gpu0,gpu_util,0
2026-09-30T06:24:14.874Z,gpu-3uwoq-6g3ya-2,dcgm,gpu2,nvlink_bandwidth_total,0
2026-09-30T06:24:14.874Z,gpu-3uwoq-6g3ya-2,dcgm,gpu3,nvlink_bandwidth_total,0
2026-09-30T06:24:14.874Z,gpu-3uwoq-6g3ya-2,dcgm,gpu1,nvlink_bandwidth_total,0
2026-09-30T06:24:14.874Z,gpu-3uwoq-6g3ya-2,dcgm,gpu0,nvlink_bandwidth_total,0
2026-09-30T06:24:14.874Z,gpu-3uwoq-6g3ya-2,dcgm,gpu2,power_w,230.638
2026-09-30T06:24:14.874Z,gpu-3uwoq-6g3ya-2,dcgm,gpu3,power_w,234.331
2026-09-30T06:24:14.874Z,gpu-3uwoq-6g3ya-2,dcgm,gpu1,power_w,230.033
2026-09-30T06:24:14.874Z,gpu-3uwoq-6g3ya-2,dcgm,gpu0,power_w,226.432
2026-09-30T06:24:14.874Z,gpu-3uwoq-6g3ya-2,dcgm,gpu2,sm_clock_mhz,2070
2026-09-30T06:24:14.874Z,gpu-3uwoq-6g3ya-2,dcgm,gpu3,sm_clock_mhz,2070
2026-09-30T06:24:14.874Z,gpu-3uwoq-6g3ya-2,dcgm,gpu1,sm_clock_mhz,2070
2026-09-30T06:24:14.874Z,gpu-3uwoq-6g3ya-2,dcgm,gpu0,sm_clock_mhz,2070
2026-09-30T06:24:14.874Z,gpu-3uwoq-6g3ya-2,dcgm,gpu2,dram_active,0
2026-09-30T06:24:14.874Z,gpu-3uwoq-6g3ya-2,dcgm,gpu3,dram_active,0
2026-09-30T06:24:14.874Z,gpu-3uwoq-6g3ya-2,dcgm,gpu1,dram_active,0
2026-09-30T06:24:14.874Z,gpu-3uwoq-6g3ya-2,dcgm,gpu0,dram_active,0
2026-09-30T06:24:14.874Z,gpu-3uwoq-6g3ya-2,dcgm,gpu2,pcie_rx_bytes,45876
2026-09-30T06:24:14.874Z,gpu-3uwoq-6g3ya-2,dcgm,gpu3,pcie_rx_bytes,44341
2026-09-30T06:24:14.874Z,gpu-3uwoq-6g3ya-2,dcgm,gpu1,pcie_rx_bytes,55952
2026-09-30T06:24:14.874Z,gpu-3uwoq-6g3ya-2,dcgm,gpu0,pcie_rx_bytes,57131
2026-09-30T06:24:14.874Z,gpu-3uwoq-6g3ya-2,dcgm,gpu2,pcie_tx_bytes,43727
2026-09-30T06:24:14.874Z,gpu-3uwoq-6g3ya-2,dcgm,gpu3,pcie_tx_bytes,42174
2026-09-30T06:24:14.874Z,gpu-3uwoq-6g3ya-2,dcgm,gpu1,pcie_tx_bytes,53786
2026-09-30T06:24:14.874Z,gpu-3uwoq-6g3ya-2,dcgm,gpu0,pcie_tx_bytes,54965
2026-09-30T06:24:14.874Z,gpu-3uwoq-6g3ya-2,dcgm,gpu2,tensor_active,0
2026-09-30T06:24:14.874Z,gpu-3uwoq-6g3ya-2,dcgm,gpu3,tensor_active,0
2026-09-30T06:24:14.874Z,gpu-3uwoq-6g3ya-2,dcgm,gpu1,tensor_active,0
2026-09-30T06:24:14.874Z,gpu-3uwoq-6g3ya-2,dcgm,gpu0,tensor_active,0
2026-09-30T06:24:14.874Z,gpu-3uwoq-6g3ya-2,dcgm,gpu2,sm_active,0
2026-09-30T06:24:14.874Z,gpu-3uwoq-6g3ya-2,dcgm,gpu3,sm_active,0
2026-09-30T06:24:14.874Z,gpu-3uwoq-6g3ya-2,dcgm,gpu1,sm_active,0
2026-09-30T06:24:14.874Z,gpu-3uwoq-6g3ya-2,dcgm,gpu0,sm_active,0
2026-09-30T06:24:14.874Z,gpu-3uwoq-6g3ya-2,nvlink,gpu0,nvlink_rx_bytes,4.68692e+13
2026-09-30T06:24:14.874Z,gpu-3uwoq-6g3ya-2,nvlink,gpu0,nvlink_tx_bytes,4.68696e+13
2026-09-30T06:24:14.874Z,gpu-3uwoq-6g3ya-2,nvlink,gpu1,nvlink_rx_bytes,4.70222e+13
2026-09-30T06:24:14.874Z,gpu-3uwoq-6g3ya-2,nvlink,gpu1,nvlink_tx_bytes,4.70228e+13
2026-09-30T06:24:14.874Z,gpu-3uwoq-6g3ya-2,nvlink,gpu2,nvlink_rx_bytes,4.68912e+13
2026-09-30T06:24:14.874Z,gpu-3uwoq-6g3ya-2,nvlink,gpu2,nvlink_tx_bytes,4.68913e+13
2026-09-30T06:24:14.874Z,gpu-3uwoq-6g3ya-2,nvlink,gpu3,nvlink_rx_bytes,4.68385e+13
2026-09-30T06:24:14.874Z,gpu-3uwoq-6g3ya-2,nvlink,gpu3,nvlink_tx_bytes,4.68389e+13
2026-09-30T06:24:15.874Z,gpu-3uwoq-6g3ya-2,ib_counter,rdma_vf_rail0,port_xmit_data,2.8979e+12
2026-09-30T06:24:15.874Z,gpu-3uwoq-6g3ya-2,ib_counter,rdma_vf_rail0,port_rcv_data,5.85726e+12
2026-09-30T06:24:15.874Z,gpu-3uwoq-6g3ya-2,ib_counter,rdma_vf_rail0,port_xmit_packets,9.93301e+08
2026-09-30T06:24:15.874Z,gpu-3uwoq-6g3ya-2,ib_counter,rdma_vf_rail0,port_rcv_packets,1.61819e+09
2026-09-30T06:24:15.874Z,gpu-3uwoq-6g3ya-2,ib_counter,rdma_vf_rail0,port_xmit_wait,0
2026-09-30T06:24:15.874Z,gpu-3uwoq-6g3ya-2,ib_counter,rdma_vf_rail0,port_rcv_errors,0
2026-09-30T06:24:15.874Z,gpu-3uwoq-6g3ya-2,ib_counter,rdma_vf_rail0,port_xmit_discards,0
2026-09-30T06:24:15.874Z,gpu-3uwoq-6g3ya-2,ib_counter,rdma_vf_rail0,link_downed,0
2026-09-30T06:24:15.874Z,gpu-3uwoq-6g3ya-2,ib_hw_counter,rdma_vf_rail0,out_of_sequence,0
2026-09-30T06:24:15.874Z,gpu-3uwoq-6g3ya-2,ib_hw_counter,rdma_vf_rail0,packet_seq_err,0
2026-09-30T06:24:15.874Z,gpu-3uwoq-6g3ya-2,ib_hw_counter,rdma_vf_rail0,local_ack_timeout_err,0
2026-09-30T06:24:15.874Z,gpu-3uwoq-6g3ya-2,ib_hw_counter,rdma_vf_rail0,rx_write_requests,7.07105e+08
2026-09-30T06:24:15.874Z,gpu-3uwoq-6g3ya-2,ib_hw_counter,rdma_vf_rail0,rx_read_requests,1.14286e+07
2026-09-30T06:24:15.874Z,gpu-3uwoq-6g3ya-2,ib_hw_counter,rdma_vf_rail0,req_cqe_error,0
2026-09-30T06:24:15.874Z,gpu-3uwoq-6g3ya-2,ib_hw_counter,rdma_vf_rail0,resp_cqe_error,0
2026-09-30T06:24:15.874Z,gpu-3uwoq-6g3ya-2,ib_hw_counter,rdma_vf_rail0,implied_nak_seq_err,0
2026-09-30T06:24:15.874Z,gpu-3uwoq-6g3ya-2,ib_hw_counter,rdma_vf_rail0,duplicate_request,0
2026-09-30T06:24:15.874Z,gpu-3uwoq-6g3ya-2,ib_counter,rdma_vf_rail1,port_xmit_data,2.78983e+12
2026-09-30T06:24:15.874Z,gpu-3uwoq-6g3ya-2,ib_counter,rdma_vf_rail1,port_rcv_data,5.74915e+12
2026-09-30T06:24:15.874Z,gpu-3uwoq-6g3ya-2,ib_counter,rdma_vf_rail1,port_xmit_packets,9.6064e+08
2026-09-30T06:24:15.874Z,gpu-3uwoq-6g3ya-2,ib_counter,rdma_vf_rail1,port_rcv_packets,1.58571e+09
2026-09-30T06:24:15.874Z,gpu-3uwoq-6g3ya-2,ib_counter,rdma_vf_rail1,port_xmit_wait,0
2026-09-30T06:24:15.874Z,gpu-3uwoq-6g3ya-2,ib_counter,rdma_vf_rail1,port_rcv_errors,0
2026-09-30T06:24:15.874Z,gpu-3uwoq-6g3ya-2,ib_counter,rdma_vf_rail1,port_xmit_discards,0
2026-09-30T06:24:15.874Z,gpu-3uwoq-6g3ya-2,ib_counter,rdma_vf_rail1,link_downed,0
2026-09-30T06:24:15.874Z,gpu-3uwoq-6g3ya-2,ib_hw_counter,rdma_vf_rail1,out_of_sequence,0
2026-09-30T06:24:15.874Z,gpu-3uwoq-6g3ya-2,ib_hw_counter,rdma_vf_rail1,packet_seq_err,0
2026-09-30T06:24:15.874Z,gpu-3uwoq-6g3ya-2,ib_hw_counter,rdma_vf_rail1,local_ack_timeout_err,0
2026-09-30T06:24:15.874Z,gpu-3uwoq-6g3ya-2,ib_hw_counter,rdma_vf_rail1,rx_write_requests,7.05505e+08
2026-09-30T06:24:15.874Z,gpu-3uwoq-6g3ya-2,ib_hw_counter,rdma_vf_rail1,rx_read_requests,1.06278e+07
2026-09-30T06:24:15.874Z,gpu-3uwoq-6g3ya-2,ib_hw_counter,rdma_vf_rail1,req_cqe_error,0
2026-09-30T06:24:15.874Z,gpu-3uwoq-6g3ya-2,ib_hw_counter,rdma_vf_rail1,resp_cqe_error,0
2026-09-30T06:24:15.874Z,gpu-3uwoq-6g3ya-2,ib_hw_counter,rdma_vf_rail1,implied_nak_seq_err,0
2026-09-30T06:24:15.874Z,gpu-3uwoq-6g3ya-2,ib_hw_counter,rdma_vf_rail1,duplicate_request,0
2026-09-30T06:24:15.874Z,gpu-3uwoq-6g3ya-2,ib_counter,rdma_vf_rail2,port_xmit_data,2.76211e+12
2026-09-30T06:24:15.874Z,gpu-3uwoq-6g3ya-2,ib_counter,rdma_vf_rail2,port_rcv_data,5.72087e+12
2026-09-30T06:24:15.874Z,gpu-3uwoq-6g3ya-2,ib_counter,rdma_vf_rail2,port_xmit_packets,9.42748e+08
2026-09-30T06:24:15.874Z,gpu-3uwoq-6g3ya-2,ib_counter,rdma_vf_rail2,port_rcv_packets,1.56156e+09
2026-09-30T06:24:15.874Z,gpu-3uwoq-6g3ya-2,ib_counter,rdma_vf_rail2,port_xmit_wait,0
2026-09-30T06:24:15.874Z,gpu-3uwoq-6g3ya-2,ib_counter,rdma_vf_rail2,port_rcv_errors,0
2026-09-30T06:24:15.874Z,gpu-3uwoq-6g3ya-2,ib_counter,rdma_vf_rail2,port_xmit_discards,0
2026-09-30T06:24:15.874Z,gpu-3uwoq-6g3ya-2,ib_counter,rdma_vf_rail2,link_downed,0
2026-09-30T06:24:15.874Z,gpu-3uwoq-6g3ya-2,ib_hw_counter,rdma_vf_rail2,out_of_sequence,0
2026-09-30T06:24:15.874Z,gpu-3uwoq-6g3ya-2,ib_hw_counter,rdma_vf_rail2,packet_seq_err,0
2026-09-30T06:24:15.874Z,gpu-3uwoq-6g3ya-2,ib_hw_counter,rdma_vf_rail2,local_ack_timeout_err,0
2026-09-30T06:24:15.874Z,gpu-3uwoq-6g3ya-2,ib_hw_counter,rdma_vf_rail2,rx_write_requests,7.05079e+08
2026-09-30T06:24:15.874Z,gpu-3uwoq-6g3ya-2,ib_hw_counter,rdma_vf_rail2,rx_read_requests,1.042e+07
2026-09-30T06:24:15.874Z,gpu-3uwoq-6g3ya-2,ib_hw_counter,rdma_vf_rail2,req_cqe_error,0
2026-09-30T06:24:15.874Z,gpu-3uwoq-6g3ya-2,ib_hw_counter,rdma_vf_rail2,resp_cqe_error,0
2026-09-30T06:24:15.874Z,gpu-3uwoq-6g3ya-2,ib_hw_counter,rdma_vf_rail2,implied_nak_seq_err,0
2026-09-30T06:24:15.874Z,gpu-3uwoq-6g3ya-2,ib_hw_counter,rdma_vf_rail2,duplicate_request,0
2026-09-30T06:24:15.874Z,gpu-3uwoq-6g3ya-2,ib_counter,rdma_vf_rail3,port_xmit_data,2.76198e+12
2026-09-30T06:24:15.874Z,gpu-3uwoq-6g3ya-2,ib_counter,rdma_vf_rail3,port_rcv_data,5.72148e+12
2026-09-30T06:24:15.874Z,gpu-3uwoq-6g3ya-2,ib_counter,rdma_vf_rail3,port_xmit_packets,9.41089e+08
2026-09-30T06:24:15.874Z,gpu-3uwoq-6g3ya-2,ib_counter,rdma_vf_rail3,port_rcv_packets,1.56898e+09
2026-09-30T06:24:15.874Z,gpu-3uwoq-6g3ya-2,ib_counter,rdma_vf_rail3,port_xmit_wait,0
2026-09-30T06:24:15.874Z,gpu-3uwoq-6g3ya-2,ib_counter,rdma_vf_rail3,port_rcv_errors,0
2026-09-30T06:24:15.874Z,gpu-3uwoq-6g3ya-2,ib_counter,rdma_vf_rail3,port_xmit_discards,0
2026-09-30T06:24:15.874Z,gpu-3uwoq-6g3ya-2,ib_counter,rdma_vf_rail3,link_downed,0
2026-09-30T06:24:15.874Z,gpu-3uwoq-6g3ya-2,ib_hw_counter,rdma_vf_rail3,out_of_sequence,0
2026-09-30T06:24:15.874Z,gpu-3uwoq-6g3ya-2,ib_hw_counter,rdma_vf_rail3,packet_seq_err,1
2026-09-30T06:24:15.874Z,gpu-3uwoq-6g3ya-2,ib_hw_counter,rdma_vf_rail3,local_ack_timeout_err,0
2026-09-30T06:24:15.874Z,gpu-3uwoq-6g3ya-2,ib_hw_counter,rdma_vf_rail3,rx_write_requests,7.05079e+08
2026-09-30T06:24:15.874Z,gpu-3uwoq-6g3ya-2,ib_hw_counter,rdma_vf_rail3,rx_read_requests,1.042e+07
2026-09-30T06:24:15.874Z,gpu-3uwoq-6g3ya-2,ib_hw_counter,rdma_vf_rail3,req_cqe_error,0
2026-09-30T06:24:15.874Z,gpu-3uwoq-6g3ya-2,ib_hw_counter,rdma_vf_rail3,resp_cqe_error,0
2026-09-30T06:24:15.874Z,gpu-3uwoq-6g3ya-2,ib_hw_counter,rdma_vf_rail3,implied_nak_seq_err,0
2026-09-30T06:24:15.874Z,gpu-3uwoq-6g3ya-2,ib_hw_counter,rdma_vf_rail3,duplicate_request,0
2026-09-30T06:24:15.874Z,gpu-3uwoq-6g3ya-2,dcgm,gpu2,gpu_util,0
2026-09-30T06:24:15.874Z,gpu-3uwoq-6g3ya-2,dcgm,gpu3,gpu_util,0
2026-09-30T06:24:15.874Z,gpu-3uwoq-6g3ya-2,dcgm,gpu1,gpu_util,0
2026-09-30T06:24:15.874Z,gpu-3uwoq-6g3ya-2,dcgm,gpu0,gpu_util,0
2026-09-30T06:24:15.874Z,gpu-3uwoq-6g3ya-2,dcgm,gpu2,nvlink_bandwidth_total,0
2026-09-30T06:24:15.874Z,gpu-3uwoq-6g3ya-2,dcgm,gpu3,nvlink_bandwidth_total,0
2026-09-30T06:24:15.874Z,gpu-3uwoq-6g3ya-2,dcgm,gpu1,nvlink_bandwidth_total,0
2026-09-30T06:24:15.874Z,gpu-3uwoq-6g3ya-2,dcgm,gpu0,nvlink_bandwidth_total,0
2026-09-30T06:24:15.874Z,gpu-3uwoq-6g3ya-2,dcgm,gpu2,power_w,230.638
2026-09-30T06:24:15.874Z,gpu-3uwoq-6g3ya-2,dcgm,gpu3,power_w,234.331
2026-09-30T06:24:15.874Z,gpu-3uwoq-6g3ya-2,dcgm,gpu1,power_w,230.033
2026-09-30T06:24:15.874Z,gpu-3uwoq-6g3ya-2,dcgm,gpu0,power_w,226.432
2026-09-30T06:24:15.874Z,gpu-3uwoq-6g3ya-2,dcgm,gpu2,sm_clock_mhz,2070
2026-09-30T06:24:15.874Z,gpu-3uwoq-6g3ya-2,dcgm,gpu3,sm_clock_mhz,2070
2026-09-30T06:24:15.874Z,gpu-3uwoq-6g3ya-2,dcgm,gpu1,sm_clock_mhz,2070
2026-09-30T06:24:15.874Z,gpu-3uwoq-6g3ya-2,dcgm,gpu0,sm_clock_mhz,2070
2026-09-30T06:24:15.874Z,gpu-3uwoq-6g3ya-2,dcgm,gpu2,dram_active,0
2026-09-30T06:24:15.874Z,gpu-3uwoq-6g3ya-2,dcgm,gpu3,dram_active,0
2026-09-30T06:24:15.874Z,gpu-3uwoq-6g3ya-2,dcgm,gpu1,dram_active,0
2026-09-30T06:24:15.874Z,gpu-3uwoq-6g3ya-2,dcgm,gpu0,dram_active,0
2026-09-30T06:24:15.874Z,gpu-3uwoq-6g3ya-2,dcgm,gpu2,pcie_rx_bytes,45876
2026-09-30T06:24:15.874Z,gpu-3uwoq-6g3ya-2,dcgm,gpu3,pcie_rx_bytes,44341
2026-09-30T06:24:15.874Z,gpu-3uwoq-6g3ya-2,dcgm,gpu1,pcie_rx_bytes,55952
2026-09-30T06:24:15.874Z,gpu-3uwoq-6g3ya-2,dcgm,gpu0,pcie_rx_bytes,57131
2026-09-30T06:24:15.874Z,gpu-3uwoq-6g3ya-2,dcgm,gpu2,pcie_tx_bytes,43727
2026-09-30T06:24:15.874Z,gpu-3uwoq-6g3ya-2,dcgm,gpu3,pcie_tx_bytes,42174
2026-09-30T06:24:15.874Z,gpu-3uwoq-6g3ya-2,dcgm,gpu1,pcie_tx_bytes,53786
2026-09-30T06:24:15.874Z,gpu-3uwoq-6g3ya-2,dcgm,gpu0,pcie_tx_bytes,54965
2026-09-30T06:24:15.874Z,gpu-3uwoq-6g3ya-2,dcgm,gpu2,tensor_active,0
2026-09-30T06:24:15.874Z,gpu-3uwoq-6g3ya-2,dcgm,gpu3,tensor_active,0
2026-09-30T06:24:15.874Z,gpu-3uwoq-6g3ya-2,dcgm,gpu1,tensor_active,0
2026-09-30T06:24:15.874Z,gpu-3uwoq-6g3ya-2,dcgm,gpu0,tensor_active,0
2026-09-30T06:24:15.874Z,gpu-3uwoq-6g3ya-2,dcgm,gpu2,sm_active,0
2026-09-30T06:24:15.874Z,gpu-3uwoq-6g3ya-2,dcgm,gpu3,sm_active,0
2026-09-30T06:24:15.874Z,gpu-3uwoq-6g3ya-2,dcgm,gpu1,sm_active,0
2026-09-30T06:24:15.874Z,gpu-3uwoq-6g3ya-2,dcgm,gpu0,sm_active,0
2026-09-30T06:24:15.874Z,gpu-3uwoq-6g3ya-2,nvlink,gpu0,nvlink_rx_bytes,4.68692e+13
2026-09-30T06:24:15.874Z,gpu-3uwoq-6g3ya-2,nvlink,gpu0,nvlink_tx_bytes,4.68696e+13
2026-09-30T06:24:15.874Z,gpu-3uwoq-6g3ya-2,nvlink,gpu1,nvlink_rx_bytes,4.70222e+13
2026-09-30T06:24:15.874Z,gpu-3uwoq-6g3ya-2,nvlink,gpu1,nvlink_tx_bytes,4.70228e+13
2026-09-30T06:24:15.874Z,gpu-3uwoq-6g3ya-2,nvlink,gpu2,nvlink_rx_bytes,4.68912e+13
2026-09-30T06:24:15.874Z,gpu-3uwoq-6g3ya-2,nvlink,gpu2,nvlink_tx_bytes,4.68913e+13
2026-09-30T06:24:15.874Z,gpu-3uwoq-6g3ya-2,nvlink,gpu3,nvlink_rx_bytes,4.68385e+13
2026-09-30T06:24:15.874Z,gpu-3uwoq-6g3ya-2,nvlink,gpu3,nvlink_tx_bytes,4.68389e+13
2026-09-30T06:24:16.875Z,gpu-3uwoq-6g3ya-2,ib_counter,rdma_vf_rail0,port_xmit_data,2.8979e+12
2026-09-30T06:24:16.875Z,gpu-3uwoq-6g3ya-2,ib_counter,rdma_vf_rail0,port_rcv_data,5.85726e+12
2026-09-30T06:24:16.875Z,gpu-3uwoq-6g3ya-2,ib_counter,rdma_vf_rail0,port_xmit_packets,9.93301e+08
2026-09-30T06:24:16.875Z,gpu-3uwoq-6g3ya-2,ib_counter,rdma_vf_rail0,port_rcv_packets,1.61819e+09
2026-09-30T06:24:16.875Z,gpu-3uwoq-6g3ya-2,ib_counter,rdma_vf_rail0,port_xmit_wait,0
2026-09-30T06:24:16.875Z,gpu-3uwoq-6g3ya-2,ib_counter,rdma_vf_rail0,port_rcv_errors,0
2026-09-30T06:24:16.875Z,gpu-3uwoq-6g3ya-2,ib_counter,rdma_vf_rail0,port_xmit_discards,0
2026-09-30T06:24:16.875Z,gpu-3uwoq-6g3ya-2,ib_counter,rdma_vf_rail0,link_downed,0
2026-09-30T06:24:16.875Z,gpu-3uwoq-6g3ya-2,ib_hw_counter,rdma_vf_rail0,out_of_sequence,0
2026-09-30T06:24:16.875Z,gpu-3uwoq-6g3ya-2,ib_hw_counter,rdma_vf_rail0,packet_seq_err,0
2026-09-30T06:24:16.875Z,gpu-3uwoq-6g3ya-2,ib_hw_counter,rdma_vf_rail0,local_ack_timeout_err,0
2026-09-30T06:24:16.875Z,gpu-3uwoq-6g3ya-2,ib_hw_counter,rdma_vf_rail0,rx_write_requests,7.07105e+08
2026-09-30T06:24:16.875Z,gpu-3uwoq-6g3ya-2,ib_hw_counter,rdma_vf_rail0,rx_read_requests,1.14286e+07
2026-09-30T06:24:16.875Z,gpu-3uwoq-6g3ya-2,ib_hw_counter,rdma_vf_rail0,req_cqe_error,0
2026-09-30T06:24:16.875Z,gpu-3uwoq-6g3ya-2,ib_hw_counter,rdma_vf_rail0,resp_cqe_error,0
2026-09-30T06:24:16.875Z,gpu-3uwoq-6g3ya-2,ib_hw_counter,rdma_vf_rail0,implied_nak_seq_err,0
2026-09-30T06:24:16.875Z,gpu-3uwoq-6g3ya-2,ib_hw_counter,rdma_vf_rail0,duplicate_request,0
2026-09-30T06:24:16.875Z,gpu-3uwoq-6g3ya-2,ib_counter,rdma_vf_rail1,port_xmit_data,2.78983e+12
2026-09-30T06:24:16.875Z,gpu-3uwoq-6g3ya-2,ib_counter,rdma_vf_rail1,port_rcv_data,5.74915e+12
2026-09-30T06:24:16.875Z,gpu-3uwoq-6g3ya-2,ib_counter,rdma_vf_rail1,port_xmit_packets,9.6064e+08
2026-09-30T06:24:16.875Z,gpu-3uwoq-6g3ya-2,ib_counter,rdma_vf_rail1,port_rcv_packets,1.58571e+09
2026-09-30T06:24:16.875Z,gpu-3uwoq-6g3ya-2,ib_counter,rdma_vf_rail1,port_xmit_wait,0
2026-09-30T06:24:16.875Z,gpu-3uwoq-6g3ya-2,ib_counter,rdma_vf_rail1,port_rcv_errors,0
2026-09-30T06:24:16.875Z,gpu-3uwoq-6g3ya-2,ib_counter,rdma_vf_rail1,port_xmit_discards,0
2026-09-30T06:24:16.875Z,gpu-3uwoq-6g3ya-2,ib_counter,rdma_vf_rail1,link_downed,0
2026-09-30T06:24:16.875Z,gpu-3uwoq-6g3ya-2,ib_hw_counter,rdma_vf_rail1,out_of_sequence,0
2026-09-30T06:24:16.875Z,gpu-3uwoq-6g3ya-2,ib_hw_counter,rdma_vf_rail1,packet_seq_err,0
2026-09-30T06:24:16.875Z,gpu-3uwoq-6g3ya-2,ib_hw_counter,rdma_vf_rail1,local_ack_timeout_err,0
2026-09-30T06:24:16.875Z,gpu-3uwoq-6g3ya-2,ib_hw_counter,rdma_vf_rail1,rx_write_requests,7.05505e+08
2026-09-30T06:24:16.875Z,gpu-3uwoq-6g3ya-2,ib_hw_counter,rdma_vf_rail1,rx_read_requests,1.06278e+07
2026-09-30T06:24:16.875Z,gpu-3uwoq-6g3ya-2,ib_hw_counter,rdma_vf_rail1,req_cqe_error,0
2026-09-30T06:24:16.875Z,gpu-3uwoq-6g3ya-2,ib_hw_counter,rdma_vf_rail1,resp_cqe_error,0
2026-09-30T06:24:16.875Z,gpu-3uwoq-6g3ya-2,ib_hw_counter,rdma_vf_rail1,implied_nak_seq_err,0
2026-09-30T06:24:16.875Z,gpu-3uwoq-6g3ya-2,ib_hw_counter,rdma_vf_rail1,duplicate_request,0
2026-09-30T06:24:16.875Z,gpu-3uwoq-6g3ya-2,ib_counter,rdma_vf_rail2,port_xmit_data,2.76211e+12
2026-09-30T06:24:16.875Z,gpu-3uwoq-6g3ya-2,ib_counter,rdma_vf_rail2,port_rcv_data,5.72087e+12
2026-09-30T06:24:16.875Z,gpu-3uwoq-6g3ya-2,ib_counter,rdma_vf_rail2,port_xmit_packets,9.42748e+08
2026-09-30T06:24:16.875Z,gpu-3uwoq-6g3ya-2,ib_counter,rdma_vf_rail2,port_rcv_packets,1.56156e+09
2026-09-30T06:24:16.875Z,gpu-3uwoq-6g3ya-2,ib_counter,rdma_vf_rail2,port_xmit_wait,0
2026-09-30T06:24:16.875Z,gpu-3uwoq-6g3ya-2,ib_counter,rdma_vf_rail2,port_rcv_errors,0
2026-09-30T06:24:16.875Z,gpu-3uwoq-6g3ya-2,ib_counter,rdma_vf_rail2,port_xmit_discards,0
2026-09-30T06:24:16.875Z,gpu-3uwoq-6g3ya-2,ib_counter,rdma_vf_rail2,link_downed,0
2026-09-30T06:24:16.875Z,gpu-3uwoq-6g3ya-2,ib_hw_counter,rdma_vf_rail2,out_of_sequence,0
2026-09-30T06:24:16.875Z,gpu-3uwoq-6g3ya-2,ib_hw_counter,rdma_vf_rail2,packet_seq_err,0
2026-09-30T06:24:16.875Z,gpu-3uwoq-6g3ya-2,ib_hw_counter,rdma_vf_rail2,local_ack_timeout_err,0
2026-09-30T06:24:16.875Z,gpu-3uwoq-6g3ya-2,ib_hw_counter,rdma_vf_rail2,rx_write_requests,7.05079e+08
2026-09-30T06:24:16.875Z,gpu-3uwoq-6g3ya-2,ib_hw_counter,rdma_vf_rail2,rx_read_requests,1.042e+07
2026-09-30T06:24:16.875Z,gpu-3uwoq-6g3ya-2,ib_hw_counter,rdma_vf_rail2,req_cqe_error,0
2026-09-30T06:24:16.875Z,gpu-3uwoq-6g3ya-2,ib_hw_counter,rdma_vf_rail2,resp_cqe_error,0
2026-09-30T06:24:16.875Z,gpu-3uwoq-6g3ya-2,ib_hw_counter,rdma_vf_rail2,implied_nak_seq_err,0
2026-09-30T06:24:16.875Z,gpu-3uwoq-6g3ya-2,ib_hw_counter,rdma_vf_rail2,duplicate_request,0
2026-09-30T06:24:16.875Z,gpu-3uwoq-6g3ya-2,ib_counter,rdma_vf_rail3,port_xmit_data,2.76198e+12
2026-09-30T06:24:16.875Z,gpu-3uwoq-6g3ya-2,ib_counter,rdma_vf_rail3,port_rcv_data,5.72148e+12
2026-09-30T06:24:16.875Z,gpu-3uwoq-6g3ya-2,ib_counter,rdma_vf_rail3,port_xmit_packets,9.41089e+08
2026-09-30T06:24:16.875Z,gpu-3uwoq-6g3ya-2,ib_counter,rdma_vf_rail3,port_rcv_packets,1.56898e+09
2026-09-30T06:24:16.875Z,gpu-3uwoq-6g3ya-2,ib_counter,rdma_vf_rail3,port_xmit_wait,0
2026-09-30T06:24:16.875Z,gpu-3uwoq-6g3ya-2,ib_counter,rdma_vf_rail3,port_rcv_errors,0
2026-09-30T06:24:16.875Z,gpu-3uwoq-6g3ya-2,ib_counter,rdma_vf_rail3,port_xmit_discards,0
2026-09-30T06:24:16.875Z,gpu-3uwoq-6g3ya-2,ib_counter,rdma_vf_rail3,link_downed,0
2026-09-30T06:24:16.875Z,gpu-3uwoq-6g3ya-2,ib_hw_counter,rdma_vf_rail3,out_of_sequence,0
2026-09-30T06:24:16.875Z,gpu-3uwoq-6g3ya-2,ib_hw_counter,rdma_vf_rail3,packet_seq_err,1
2026-09-30T06:24:16.875Z,gpu-3uwoq-6g3ya-2,ib_hw_counter,rdma_vf_rail3,local_ack_timeout_err,0
2026-09-30T06:24:16.875Z,gpu-3uwoq-6g3ya-2,ib_hw_counter,rdma_vf_rail3,rx_write_requests,7.05079e+08
2026-09-30T06:24:16.875Z,gpu-3uwoq-6g3ya-2,ib_hw_counter,rdma_vf_rail3,rx_read_requests,1.042e+07
2026-09-30T06:24:16.875Z,gpu-3uwoq-6g3ya-2,ib_hw_counter,rdma_vf_rail3,req_cqe_error,0
2026-09-30T06:24:16.875Z,gpu-3uwoq-6g3ya-2,ib_hw_counter,rdma_vf_rail3,resp_cqe_error,0
2026-09-30T06:24:16.875Z,gpu-3uwoq-6g3ya-2,ib_hw_counter,rdma_vf_rail3,implied_nak_seq_err,0
2026-09-30T06:24:16.875Z,gpu-3uwoq-6g3ya-2,ib_hw_counter,rdma_vf_rail3,duplicate_request,0
2026-09-30T06:24:16.875Z,gpu-3uwoq-6g3ya-2,dcgm,gpu2,gpu_util,0
2026-09-30T06:24:16.875Z,gpu-3uwoq-6g3ya-2,dcgm,gpu3,gpu_util,0
2026-09-30T06:24:16.875Z,gpu-3uwoq-6g3ya-2,dcgm,gpu1,gpu_util,0
2026-09-30T06:24:16.875Z,gpu-3uwoq-6g3ya-2,dcgm,gpu0,gpu_util,0
2026-09-30T06:24:16.875Z,gpu-3uwoq-6g3ya-2,dcgm,gpu2,nvlink_bandwidth_total,0
2026-09-30T06:24:16.875Z,gpu-3uwoq-6g3ya-2,dcgm,gpu3,nvlink_bandwidth_total,0
2026-09-30T06:24:16.875Z,gpu-3uwoq-6g3ya-2,dcgm,gpu1,nvlink_bandwidth_total,0
2026-09-30T06:24:16.875Z,gpu-3uwoq-6g3ya-2,dcgm,gpu0,nvlink_bandwidth_total,0
2026-09-30T06:24:16.875Z,gpu-3uwoq-6g3ya-2,dcgm,gpu2,power_w,230.638
2026-09-30T06:24:16.875Z,gpu-3uwoq-6g3ya-2,dcgm,gpu3,power_w,234.331
2026-09-30T06:24:16.875Z,gpu-3uwoq-6g3ya-2,dcgm,gpu1,power_w,230.033
2026-09-30T06:24:16.875Z,gpu-3uwoq-6g3ya-2,dcgm,gpu0,power_w,226.432
2026-09-30T06:24:16.875Z,gpu-3uwoq-6g3ya-2,dcgm,gpu2,sm_clock_mhz,2070
2026-09-30T06:24:16.875Z,gpu-3uwoq-6g3ya-2,dcgm,gpu3,sm_clock_mhz,2070
2026-09-30T06:24:16.875Z,gpu-3uwoq-6g3ya-2,dcgm,gpu1,sm_clock_mhz,2070
2026-09-30T06:24:16.875Z,gpu-3uwoq-6g3ya-2,dcgm,gpu0,sm_clock_mhz,2070
2026-09-30T06:24:16.875Z,gpu-3uwoq-6g3ya-2,dcgm,gpu2,dram_active,0
2026-09-30T06:24:16.875Z,gpu-3uwoq-6g3ya-2,dcgm,gpu3,dram_active,0
2026-09-30T06:24:16.875Z,gpu-3uwoq-6g3ya-2,dcgm,gpu1,dram_active,0
2026-09-30T06:24:16.875Z,gpu-3uwoq-6g3ya-2,dcgm,gpu0,dram_active,0
2026-09-30T06:24:16.875Z,gpu-3uwoq-6g3ya-2,dcgm,gpu2,pcie_rx_bytes,45876
2026-09-30T06:24:16.875Z,gpu-3uwoq-6g3ya-2,dcgm,gpu3,pcie_rx_bytes,44341
2026-09-30T06:24:16.875Z,gpu-3uwoq-6g3ya-2,dcgm,gpu1,pcie_rx_bytes,55952
2026-09-30T06:24:16.875Z,gpu-3uwoq-6g3ya-2,dcgm,gpu0,pcie_rx_bytes,57131
2026-09-30T06:24:16.875Z,gpu-3uwoq-6g3ya-2,dcgm,gpu2,pcie_tx_bytes,43727
2026-09-30T06:24:16.875Z,gpu-3uwoq-6g3ya-2,dcgm,gpu3,pcie_tx_bytes,42174
2026-09-30T06:24:16.875Z,gpu-3uwoq-6g3ya-2,dcgm,gpu1,pcie_tx_bytes,53786
2026-09-30T06:24:16.875Z,gpu-3uwoq-6g3ya-2,dcgm,gpu0,pcie_tx_bytes,54965
2026-09-30T06:24:16.875Z,gpu-3uwoq-6g3ya-2,dcgm,gpu2,tensor_active,0
2026-09-30T06:24:16.875Z,gpu-3uwoq-6g3ya-2,dcgm,gpu3,tensor_active,0
2026-09-30T06:24:16.875Z,gpu-3uwoq-6g3ya-2,dcgm,gpu1,tensor_active,0
2026-09-30T06:24:16.875Z,gpu-3uwoq-6g3ya-2,dcgm,gpu0,tensor_active,0
2026-09-30T06:24:16.875Z,gpu-3uwoq-6g3ya-2,dcgm,gpu2,sm_active,0
2026-09-30T06:24:16.875Z,gpu-3uwoq-6g3ya-2,dcgm,gpu3,sm_active,0
2026-09-30T06:24:16.875Z,gpu-3uwoq-6g3ya-2,dcgm,gpu1,sm_active,0
2026-09-30T06:24:16.875Z,gpu-3uwoq-6g3ya-2,dcgm,gpu0,sm_active,0
2026-09-30T06:24:16.875Z,gpu-3uwoq-6g3ya-2,nvlink,gpu0,nvlink_rx_bytes,4.68692e+13
2026-09-30T06:24:16.875Z,gpu-3uwoq-6g3ya-2,nvlink,gpu0,nvlink_tx_bytes,4.68696e+13
2026-09-30T06:24:16.875Z,gpu-3uwoq-6g3ya-2,nvlink,gpu1,nvlink_rx_bytes,4.70222e+13
2026-09-30T06:24:16.875Z,gpu-3uwoq-6g3ya-2,nvlink,gpu1,nvlink_tx_bytes,4.70228e+13
2026-09-30T06:24:16.875Z,gpu-3uwoq-6g3ya-2,nvlink,gpu2,nvlink_rx_bytes,4.68912e+13
2026-09-30T06:24:16.875Z,gpu-3uwoq-6g3ya-2,nvlink,gpu2,nvlink_tx_bytes,4.68913e+13
2026-09-30T06:24:16.875Z,gpu-3uwoq-6g3ya-2,nvlink,gpu3,nvlink_rx_bytes,4.68385e+13
2026-09-30T06:24:16.875Z,gpu-3uwoq-6g3ya-2,nvlink,gpu3,nvlink_tx_bytes,4.68389e+13
2026-09-30T06:24:17.875Z,gpu-3uwoq-6g3ya-2,ib_counter,rdma_vf_rail0,port_xmit_data,2.8979e+12
2026-09-30T06:24:17.875Z,gpu-3uwoq-6g3ya-2,ib_counter,rdma_vf_rail0,port_rcv_data,5.85726e+12
2026-09-30T06:24:17.875Z,gpu-3uwoq-6g3ya-2,ib_counter,rdma_vf_rail0,port_xmit_packets,9.93301e+08
2026-09-30T06:24:17.875Z,gpu-3uwoq-6g3ya-2,ib_counter,rdma_vf_rail0,port_rcv_packets,1.61819e+09
2026-09-30T06:24:17.875Z,gpu-3uwoq-6g3ya-2,ib_counter,rdma_vf_rail0,port_xmit_wait,0
2026-09-30T06:24:17.875Z,gpu-3uwoq-6g3ya-2,ib_counter,rdma_vf_rail0,port_rcv_errors,0
2026-09-30T06:24:17.875Z,gpu-3uwoq-6g3ya-2,ib_counter,rdma_vf_rail0,port_xmit_discards,0
2026-09-30T06:24:17.875Z,gpu-3uwoq-6g3ya-2,ib_counter,rdma_vf_rail0,link_downed,0
2026-09-30T06:24:17.875Z,gpu-3uwoq-6g3ya-2,ib_hw_counter,rdma_vf_rail0,out_of_sequence,0
2026-09-30T06:24:17.875Z,gpu-3uwoq-6g3ya-2,ib_hw_counter,rdma_vf_rail0,packet_seq_err,0
2026-09-30T06:24:17.875Z,gpu-3uwoq-6g3ya-2,ib_hw_counter,rdma_vf_rail0,local_ack_timeout_err,0
2026-09-30T06:24:17.875Z,gpu-3uwoq-6g3ya-2,ib_hw_counter,rdma_vf_rail0,rx_write_requests,7.07105e+08
2026-09-30T06:24:17.875Z,gpu-3uwoq-6g3ya-2,ib_hw_counter,rdma_vf_rail0,rx_read_requests,1.14286e+07
2026-09-30T06:24:17.875Z,gpu-3uwoq-6g3ya-2,ib_hw_counter,rdma_vf_rail0,req_cqe_error,0
2026-09-30T06:24:17.875Z,gpu-3uwoq-6g3ya-2,ib_hw_counter,rdma_vf_rail0,resp_cqe_error,0
2026-09-30T06:24:17.875Z,gpu-3uwoq-6g3ya-2,ib_hw_counter,rdma_vf_rail0,implied_nak_seq_err,0
2026-09-30T06:24:17.875Z,gpu-3uwoq-6g3ya-2,ib_hw_counter,rdma_vf_rail0,duplicate_request,0
2026-09-30T06:24:17.875Z,gpu-3uwoq-6g3ya-2,ib_counter,rdma_vf_rail1,port_xmit_data,2.78983e+12
2026-09-30T06:24:17.875Z,gpu-3uwoq-6g3ya-2,ib_counter,rdma_vf_rail1,port_rcv_data,5.74915e+12
2026-09-30T06:24:17.875Z,gpu-3uwoq-6g3ya-2,ib_counter,rdma_vf_rail1,port_xmit_packets,9.6064e+08
2026-09-30T06:24:17.875Z,gpu-3uwoq-6g3ya-2,ib_counter,rdma_vf_rail1,port_rcv_packets,1.58571e+09
2026-09-30T06:24:17.875Z,gpu-3uwoq-6g3ya-2,ib_counter,rdma_vf_rail1,port_xmit_wait,0
2026-09-30T06:24:17.875Z,gpu-3uwoq-6g3ya-2,ib_counter,rdma_vf_rail1,port_rcv_errors,0
2026-09-30T06:24:17.875Z,gpu-3uwoq-6g3ya-2,ib_counter,rdma_vf_rail1,port_xmit_discards,0
2026-09-30T06:24:17.875Z,gpu-3uwoq-6g3ya-2,ib_counter,rdma_vf_rail1,link_downed,0
2026-09-30T06:24:17.875Z,gpu-3uwoq-6g3ya-2,ib_hw_counter,rdma_vf_rail1,out_of_sequence,0
2026-09-30T06:24:17.875Z,gpu-3uwoq-6g3ya-2,ib_hw_counter,rdma_vf_rail1,packet_seq_err,0
2026-09-30T06:24:17.875Z,gpu-3uwoq-6g3ya-2,ib_hw_counter,rdma_vf_rail1,local_ack_timeout_err,0
2026-09-30T06:24:17.875Z,gpu-3uwoq-6g3ya-2,ib_hw_counter,rdma_vf_rail1,rx_write_requests,7.05505e+08
2026-09-30T06:24:17.875Z,gpu-3uwoq-6g3ya-2,ib_hw_counter,rdma_vf_rail1,rx_read_requests,1.06278e+07
2026-09-30T06:24:17.875Z,gpu-3uwoq-6g3ya-2,ib_hw_counter,rdma_vf_rail1,req_cqe_error,0
2026-09-30T06:24:17.875Z,gpu-3uwoq-6g3ya-2,ib_hw_counter,rdma_vf_rail1,resp_cqe_error,0
2026-09-30T06:24:17.875Z,gpu-3uwoq-6g3ya-2,ib_hw_counter,rdma_vf_rail1,implied_nak_seq_err,0
2026-09-30T06:24:17.875Z,gpu-3uwoq-6g3ya-2,ib_hw_counter,rdma_vf_rail1,duplicate_request,0
2026-09-30T06:24:17.875Z,gpu-3uwoq-6g3ya-2,ib_counter,rdma_vf_rail2,port_xmit_data,2.76211e+12
2026-09-30T06:24:17.875Z,gpu-3uwoq-6g3ya-2,ib_counter,rdma_vf_rail2,port_rcv_data,5.72087e+12
2026-09-30T06:24:17.875Z,gpu-3uwoq-6g3ya-2,ib_counter,rdma_vf_rail2,port_xmit_packets,9.42748e+08
2026-09-30T06:24:17.875Z,gpu-3uwoq-6g3ya-2,ib_counter,rdma_vf_rail2,port_rcv_packets,1.56156e+09
2026-09-30T06:24:17.875Z,gpu-3uwoq-6g3ya-2,ib_counter,rdma_vf_rail2,port_xmit_wait,0
2026-09-30T06:24:17.875Z,gpu-3uwoq-6g3ya-2,ib_counter,rdma_vf_rail2,port_rcv_errors,0
2026-09-30T06:24:17.875Z,gpu-3uwoq-6g3ya-2,ib_counter,rdma_vf_rail2,port_xmit_discards,0
2026-09-30T06:24:17.875Z,gpu-3uwoq-6g3ya-2,ib_counter,rdma_vf_rail2,link_downed,0
2026-09-30T06:24:17.875Z,gpu-3uwoq-6g3ya-2,ib_hw_counter,rdma_vf_rail2,out_of_sequence,0
2026-09-30T06:24:17.875Z,gpu-3uwoq-6g3ya-2,ib_hw_counter,rdma_vf_rail2,packet_seq_err,0
2026-09-30T06:24:17.875Z,gpu-3uwoq-6g3ya-2,ib_hw_counter,rdma_vf_rail2,local_ack_timeout_err,0
2026-09-30T06:24:17.875Z,gpu-3uwoq-6g3ya-2,ib_hw_counter,rdma_vf_rail2,rx_write_requests,7.05079e+08
2026-09-30T06:24:17.875Z,gpu-3uwoq-6g3ya-2,ib_hw_counter,rdma_vf_rail2,rx_read_requests,1.042e+07
2026-09-30T06:24:17.875Z,gpu-3uwoq-6g3ya-2,ib_hw_counter,rdma_vf_rail2,req_cqe_error,0
2026-09-30T06:24:17.875Z,gpu-3uwoq-6g3ya-2,ib_hw_counter,rdma_vf_rail2,resp_cqe_error,0
2026-09-30T06:24:17.875Z,gpu-3uwoq-6g3ya-2,ib_hw_counter,rdma_vf_rail2,implied_nak_seq_err,0
2026-09-30T06:24:17.875Z,gpu-3uwoq-6g3ya-2,ib_hw_counter,rdma_vf_rail2,duplicate_request,0
2026-09-30T06:24:17.875Z,gpu-3uwoq-6g3ya-2,ib_counter,rdma_vf_rail3,port_xmit_data,2.76198e+12
2026-09-30T06:24:17.875Z,gpu-3uwoq-6g3ya-2,ib_counter,rdma_vf_rail3,port_rcv_data,5.72148e+12
2026-09-30T06:24:17.875Z,gpu-3uwoq-6g3ya-2,ib_counter,rdma_vf_rail3,port_xmit_packets,9.41089e+08
2026-09-30T06:24:17.875Z,gpu-3uwoq-6g3ya-2,ib_counter,rdma_vf_rail3,port_rcv_packets,1.56898e+09
2026-09-30T06:24:17.875Z,gpu-3uwoq-6g3ya-2,ib_counter,rdma_vf_rail3,port_xmit_wait,0
2026-09-30T06:24:17.875Z,gpu-3uwoq-6g3ya-2,ib_counter,rdma_vf_rail3,port_rcv_errors,0
2026-09-30T06:24:17.875Z,gpu-3uwoq-6g3ya-2,ib_counter,rdma_vf_rail3,port_xmit_discards,0
2026-09-30T06:24:17.875Z,gpu-3uwoq-6g3ya-2,ib_counter,rdma_vf_rail3,link_downed,0
2026-09-30T06:24:17.875Z,gpu-3uwoq-6g3ya-2,ib_hw_counter,rdma_vf_rail3,out_of_sequence,0
2026-09-30T06:24:17.875Z,gpu-3uwoq-6g3ya-2,ib_hw_counter,rdma_vf_rail3,packet_seq_err,1
2026-09-30T06:24:17.875Z,gpu-3uwoq-6g3ya-2,ib_hw_counter,rdma_vf_rail3,local_ack_timeout_err,0
2026-09-30T06:24:17.875Z,gpu-3uwoq-6g3ya-2,ib_hw_counter,rdma_vf_rail3,rx_write_requests,7.05079e+08
2026-09-30T06:24:17.875Z,gpu-3uwoq-6g3ya-2,ib_hw_counter,rdma_vf_rail3,rx_read_requests,1.042e+07
2026-09-30T06:24:17.875Z,gpu-3uwoq-6g3ya-2,ib_hw_counter,rdma_vf_rail3,req_cqe_error,0
2026-09-30T06:24:17.875Z,gpu-3uwoq-6g3ya-2,ib_hw_counter,rdma_vf_rail3,resp_cqe_error,0
2026-09-30T06:24:17.875Z,gpu-3uwoq-6g3ya-2,ib_hw_counter,rdma_vf_rail3,implied_nak_seq_err,0
2026-09-30T06:24:17.875Z,gpu-3uwoq-6g3ya-2,ib_hw_counter,rdma_vf_rail3,duplicate_request,0
2026-09-30T06:24:17.875Z,gpu-3uwoq-6g3ya-2,dcgm,gpu2,gpu_util,0
2026-09-30T06:24:17.875Z,gpu-3uwoq-6g3ya-2,dcgm,gpu3,gpu_util,0
2026-09-30T06:24:17.875Z,gpu-3uwoq-6g3ya-2,dcgm,gpu1,gpu_util,0
2026-09-30T06:24:17.875Z,gpu-3uwoq-6g3ya-2,dcgm,gpu0,gpu_util,0
2026-09-30T06:24:17.875Z,gpu-3uwoq-6g3ya-2,dcgm,gpu2,nvlink_bandwidth_total,0
2026-09-30T06:24:17.875Z,gpu-3uwoq-6g3ya-2,dcgm,gpu3,nvlink_bandwidth_total,0
2026-09-30T06:24:17.875Z,gpu-3uwoq-6g3ya-2,dcgm,gpu1,nvlink_bandwidth_total,0
2026-09-30T06:24:17.875Z,gpu-3uwoq-6g3ya-2,dcgm,gpu0,nvlink_bandwidth_total,0
2026-09-30T06:24:17.875Z,gpu-3uwoq-6g3ya-2,dcgm,gpu2,power_w,231.177
2026-09-30T06:24:17.875Z,gpu-3uwoq-6g3ya-2,dcgm,gpu3,power_w,234.24
2026-09-30T06:24:17.875Z,gpu-3uwoq-6g3ya-2,dcgm,gpu1,power_w,230.033
2026-09-30T06:24:17.875Z,gpu-3uwoq-6g3ya-2,dcgm,gpu0,power_w,226.432
2026-09-30T06:24:17.875Z,gpu-3uwoq-6g3ya-2,dcgm,gpu2,sm_clock_mhz,2070
2026-09-30T06:24:17.875Z,gpu-3uwoq-6g3ya-2,dcgm,gpu3,sm_clock_mhz,2070
2026-09-30T06:24:17.875Z,gpu-3uwoq-6g3ya-2,dcgm,gpu1,sm_clock_mhz,2070
2026-09-30T06:24:17.875Z,gpu-3uwoq-6g3ya-2,dcgm,gpu0,sm_clock_mhz,2070
2026-09-30T06:24:17.875Z,gpu-3uwoq-6g3ya-2,dcgm,gpu2,dram_active,3e-06
2026-09-30T06:24:17.875Z,gpu-3uwoq-6g3ya-2,dcgm,gpu3,dram_active,3e-06
2026-09-30T06:24:17.875Z,gpu-3uwoq-6g3ya-2,dcgm,gpu1,dram_active,0
2026-09-30T06:24:17.875Z,gpu-3uwoq-6g3ya-2,dcgm,gpu0,dram_active,0
2026-09-30T06:24:17.875Z,gpu-3uwoq-6g3ya-2,dcgm,gpu2,pcie_rx_bytes,247651
2026-09-30T06:24:17.875Z,gpu-3uwoq-6g3ya-2,dcgm,gpu3,pcie_rx_bytes,44341
2026-09-30T06:24:17.875Z,gpu-3uwoq-6g3ya-2,dcgm,gpu1,pcie_rx_bytes,293204
2026-09-30T06:24:17.875Z,gpu-3uwoq-6g3ya-2,dcgm,gpu0,pcie_rx_bytes,297902
2026-09-30T06:24:17.875Z,gpu-3uwoq-6g3ya-2,dcgm,gpu2,pcie_tx_bytes,43727
2026-09-30T06:24:17.875Z,gpu-3uwoq-6g3ya-2,dcgm,gpu3,pcie_tx_bytes,42174
2026-09-30T06:24:17.875Z,gpu-3uwoq-6g3ya-2,dcgm,gpu1,pcie_tx_bytes,270834
2026-09-30T06:24:17.875Z,gpu-3uwoq-6g3ya-2,dcgm,gpu0,pcie_tx_bytes,275071
2026-09-30T06:24:17.875Z,gpu-3uwoq-6g3ya-2,dcgm,gpu2,tensor_active,0
2026-09-30T06:24:17.875Z,gpu-3uwoq-6g3ya-2,dcgm,gpu3,tensor_active,0
2026-09-30T06:24:17.875Z,gpu-3uwoq-6g3ya-2,dcgm,gpu1,tensor_active,0
2026-09-30T06:24:17.875Z,gpu-3uwoq-6g3ya-2,dcgm,gpu0,tensor_active,0
2026-09-30T06:24:17.875Z,gpu-3uwoq-6g3ya-2,dcgm,gpu2,sm_active,0
2026-09-30T06:24:17.875Z,gpu-3uwoq-6g3ya-2,dcgm,gpu3,sm_active,0
2026-09-30T06:24:17.875Z,gpu-3uwoq-6g3ya-2,dcgm,gpu1,sm_active,0
2026-09-30T06:24:17.875Z,gpu-3uwoq-6g3ya-2,dcgm,gpu0,sm_active,0
2026-09-30T06:24:17.875Z,gpu-3uwoq-6g3ya-2,nvlink,gpu0,nvlink_rx_bytes,4.68692e+13
2026-09-30T06:24:17.875Z,gpu-3uwoq-6g3ya-2,nvlink,gpu0,nvlink_tx_bytes,4.68696e+13
2026-09-30T06:24:17.875Z,gpu-3uwoq-6g3ya-2,nvlink,gpu1,nvlink_rx_bytes,4.70222e+13
2026-09-30T06:24:17.875Z,gpu-3uwoq-6g3ya-2,nvlink,gpu1,nvlink_tx_bytes,4.70228e+13
2026-09-30T06:24:17.875Z,gpu-3uwoq-6g3ya-2,nvlink,gpu2,nvlink_rx_bytes,4.68912e+13
2026-09-30T06:24:17.875Z,gpu-3uwoq-6g3ya-2,nvlink,gpu2,nvlink_tx_bytes,4.68913e+13
2026-09-30T06:24:17.875Z,gpu-3uwoq-6g3ya-2,nvlink,gpu3,nvlink_rx_bytes,4.68385e+13
2026-09-30T06:24:17.875Z,gpu-3uwoq-6g3ya-2,nvlink,gpu3,nvlink_tx_bytes,4.68389e+13
2026-09-30T06:24:18.875Z,gpu-3uwoq-6g3ya-2,ib_counter,rdma_vf_rail0,port_xmit_data,2.8979e+12
2026-09-30T06:24:18.875Z,gpu-3uwoq-6g3ya-2,ib_counter,rdma_vf_rail0,port_rcv_data,5.85726e+12
2026-09-30T06:24:18.875Z,gpu-3uwoq-6g3ya-2,ib_counter,rdma_vf_rail0,port_xmit_packets,9.93301e+08
2026-09-30T06:24:18.875Z,gpu-3uwoq-6g3ya-2,ib_counter,rdma_vf_rail0,port_rcv_packets,1.61819e+09
2026-09-30T06:24:18.875Z,gpu-3uwoq-6g3ya-2,ib_counter,rdma_vf_rail0,port_xmit_wait,0
2026-09-30T06:24:18.875Z,gpu-3uwoq-6g3ya-2,ib_counter,rdma_vf_rail0,port_rcv_errors,0
2026-09-30T06:24:18.875Z,gpu-3uwoq-6g3ya-2,ib_counter,rdma_vf_rail0,port_xmit_discards,0
2026-09-30T06:24:18.875Z,gpu-3uwoq-6g3ya-2,ib_counter,rdma_vf_rail0,link_downed,0
2026-09-30T06:24:18.875Z,gpu-3uwoq-6g3ya-2,ib_hw_counter,rdma_vf_rail0,out_of_sequence,0
2026-09-30T06:24:18.875Z,gpu-3uwoq-6g3ya-2,ib_hw_counter,rdma_vf_rail0,packet_seq_err,0
2026-09-30T06:24:18.875Z,gpu-3uwoq-6g3ya-2,ib_hw_counter,rdma_vf_rail0,local_ack_timeout_err,0
2026-09-30T06:24:18.875Z,gpu-3uwoq-6g3ya-2,ib_hw_counter,rdma_vf_rail0,rx_write_requests,7.07105e+08
2026-09-30T06:24:18.875Z,gpu-3uwoq-6g3ya-2,ib_hw_counter,rdma_vf_rail0,rx_read_requests,1.14286e+07
2026-09-30T06:24:18.875Z,gpu-3uwoq-6g3ya-2,ib_hw_counter,rdma_vf_rail0,req_cqe_error,0
2026-09-30T06:24:18.875Z,gpu-3uwoq-6g3ya-2,ib_hw_counter,rdma_vf_rail0,resp_cqe_error,0
2026-09-30T06:24:18.875Z,gpu-3uwoq-6g3ya-2,ib_hw_counter,rdma_vf_rail0,implied_nak_seq_err,0
2026-09-30T06:24:18.875Z,gpu-3uwoq-6g3ya-2,ib_hw_counter,rdma_vf_rail0,duplicate_request,0
2026-09-30T06:24:18.875Z,gpu-3uwoq-6g3ya-2,ib_counter,rdma_vf_rail1,port_xmit_data,2.78983e+12
2026-09-30T06:24:18.875Z,gpu-3uwoq-6g3ya-2,ib_counter,rdma_vf_rail1,port_rcv_data,5.74915e+12
2026-09-30T06:24:18.875Z,gpu-3uwoq-6g3ya-2,ib_counter,rdma_vf_rail1,port_xmit_packets,9.6064e+08
2026-09-30T06:24:18.875Z,gpu-3uwoq-6g3ya-2,ib_counter,rdma_vf_rail1,port_rcv_packets,1.58571e+09
2026-09-30T06:24:18.875Z,gpu-3uwoq-6g3ya-2,ib_counter,rdma_vf_rail1,port_xmit_wait,0
2026-09-30T06:24:18.875Z,gpu-3uwoq-6g3ya-2,ib_counter,rdma_vf_rail1,port_rcv_errors,0
2026-09-30T06:24:18.875Z,gpu-3uwoq-6g3ya-2,ib_counter,rdma_vf_rail1,port_xmit_discards,0
2026-09-30T06:24:18.875Z,gpu-3uwoq-6g3ya-2,ib_counter,rdma_vf_rail1,link_downed,0
2026-09-30T06:24:18.875Z,gpu-3uwoq-6g3ya-2,ib_hw_counter,rdma_vf_rail1,out_of_sequence,0
2026-09-30T06:24:18.875Z,gpu-3uwoq-6g3ya-2,ib_hw_counter,rdma_vf_rail1,packet_seq_err,0
2026-09-30T06:24:18.875Z,gpu-3uwoq-6g3ya-2,ib_hw_counter,rdma_vf_rail1,local_ack_timeout_err,0
2026-09-30T06:24:18.875Z,gpu-3uwoq-6g3ya-2,ib_hw_counter,rdma_vf_rail1,rx_write_requests,7.05505e+08
2026-09-30T06:24:18.875Z,gpu-3uwoq-6g3ya-2,ib_hw_counter,rdma_vf_rail1,rx_read_requests,1.06278e+07
2026-09-30T06:24:18.875Z,gpu-3uwoq-6g3ya-2,ib_hw_counter,rdma_vf_rail1,req_cqe_error,0
2026-09-30T06:24:18.875Z,gpu-3uwoq-6g3ya-2,ib_hw_counter,rdma_vf_rail1,resp_cqe_error,0
2026-09-30T06:24:18.875Z,gpu-3uwoq-6g3ya-2,ib_hw_counter,rdma_vf_rail1,implied_nak_seq_err,0
2026-09-30T06:24:18.875Z,gpu-3uwoq-6g3ya-2,ib_hw_counter,rdma_vf_rail1,duplicate_request,0
2026-09-30T06:24:18.875Z,gpu-3uwoq-6g3ya-2,ib_counter,rdma_vf_rail2,port_xmit_data,2.76211e+12
2026-09-30T06:24:18.875Z,gpu-3uwoq-6g3ya-2,ib_counter,rdma_vf_rail2,port_rcv_data,5.72087e+12
2026-09-30T06:24:18.875Z,gpu-3uwoq-6g3ya-2,ib_counter,rdma_vf_rail2,port_xmit_packets,9.42748e+08
2026-09-30T06:24:18.875Z,gpu-3uwoq-6g3ya-2,ib_counter,rdma_vf_rail2,port_rcv_packets,1.56156e+09
2026-09-30T06:24:18.875Z,gpu-3uwoq-6g3ya-2,ib_counter,rdma_vf_rail2,port_xmit_wait,0
2026-09-30T06:24:18.875Z,gpu-3uwoq-6g3ya-2,ib_counter,rdma_vf_rail2,port_rcv_errors,0
2026-09-30T06:24:18.875Z,gpu-3uwoq-6g3ya-2,ib_counter,rdma_vf_rail2,port_xmit_discards,0
2026-09-30T06:24:18.875Z,gpu-3uwoq-6g3ya-2,ib_counter,rdma_vf_rail2,link_downed,0
2026-09-30T06:24:18.875Z,gpu-3uwoq-6g3ya-2,ib_hw_counter,rdma_vf_rail2,out_of_sequence,0
2026-09-30T06:24:18.875Z,gpu-3uwoq-6g3ya-2,ib_hw_counter,rdma_vf_rail2,packet_seq_err,0
2026-09-30T06:24:18.875Z,gpu-3uwoq-6g3ya-2,ib_hw_counter,rdma_vf_rail2,local_ack_timeout_err,0
2026-09-30T06:24:18.875Z,gpu-3uwoq-6g3ya-2,ib_hw_counter,rdma_vf_rail2,rx_write_requests,7.05079e+08
2026-09-30T06:24:18.875Z,gpu-3uwoq-6g3ya-2,ib_hw_counter,rdma_vf_rail2,rx_read_requests,1.042e+07
2026-09-30T06:24:18.875Z,gpu-3uwoq-6g3ya-2,ib_hw_counter,rdma_vf_rail2,req_cqe_error,0
2026-09-30T06:24:18.875Z,gpu-3uwoq-6g3ya-2,ib_hw_counter,rdma_vf_rail2,resp_cqe_error,0
2026-09-30T06:24:18.875Z,gpu-3uwoq-6g3ya-2,ib_hw_counter,rdma_vf_rail2,implied_nak_seq_err,0
2026-09-30T06:24:18.875Z,gpu-3uwoq-6g3ya-2,ib_hw_counter,rdma_vf_rail2,duplicate_request,0
2026-09-30T06:24:18.875Z,gpu-3uwoq-6g3ya-2,ib_counter,rdma_vf_rail3,port_xmit_data,2.76198e+12
2026-09-30T06:24:18.875Z,gpu-3uwoq-6g3ya-2,ib_counter,rdma_vf_rail3,port_rcv_data,5.72148e+12
2026-09-30T06:24:18.875Z,gpu-3uwoq-6g3ya-2,ib_counter,rdma_vf_rail3,port_xmit_packets,9.41089e+08
2026-09-30T06:24:18.875Z,gpu-3uwoq-6g3ya-2,ib_counter,rdma_vf_rail3,port_rcv_packets,1.56898e+09
2026-09-30T06:24:18.875Z,gpu-3uwoq-6g3ya-2,ib_counter,rdma_vf_rail3,port_xmit_wait,0
2026-09-30T06:24:18.875Z,gpu-3uwoq-6g3ya-2,ib_counter,rdma_vf_rail3,port_rcv_errors,0
2026-09-30T06:24:18.875Z,gpu-3uwoq-6g3ya-2,ib_counter,rdma_vf_rail3,port_xmit_discards,0
2026-09-30T06:24:18.875Z,gpu-3uwoq-6g3ya-2,ib_counter,rdma_vf_rail3,link_downed,0
2026-09-30T06:24:18.875Z,gpu-3uwoq-6g3ya-2,ib_hw_counter,rdma_vf_rail3,out_of_sequence,0
2026-09-30T06:24:18.875Z,gpu-3uwoq-6g3ya-2,ib_hw_counter,rdma_vf_rail3,packet_seq_err,1
2026-09-30T06:24:18.875Z,gpu-3uwoq-6g3ya-2,ib_hw_counter,rdma_vf_rail3,local_ack_timeout_err,0
2026-09-30T06:24:18.875Z,gpu-3uwoq-6g3ya-2,ib_hw_counter,rdma_vf_rail3,rx_write_requests,7.05079e+08
2026-09-30T06:24:18.875Z,gpu-3uwoq-6g3ya-2,ib_hw_counter,rdma_vf_rail3,rx_read_requests,1.042e+07
2026-09-30T06:24:18.875Z,gpu-3uwoq-6g3ya-2,ib_hw_counter,rdma_vf_rail3,req_cqe_error,0
2026-09-30T06:24:18.875Z,gpu-3uwoq-6g3ya-2,ib_hw_counter,rdma_vf_rail3,resp_cqe_error,0
2026-09-30T06:24:18.875Z,gpu-3uwoq-6g3ya-2,ib_hw_counter,rdma_vf_rail3,implied_nak_seq_err,0
2026-09-30T06:24:18.875Z,gpu-3uwoq-6g3ya-2,ib_hw_counter,rdma_vf_rail3,duplicate_request,0
2026-09-30T06:24:18.875Z,gpu-3uwoq-6g3ya-2,dcgm,gpu2,gpu_util,0
2026-09-30T06:24:18.875Z,gpu-3uwoq-6g3ya-2,dcgm,gpu3,gpu_util,0
2026-09-30T06:24:18.875Z,gpu-3uwoq-6g3ya-2,dcgm,gpu1,gpu_util,0
2026-09-30T06:24:18.875Z,gpu-3uwoq-6g3ya-2,dcgm,gpu0,gpu_util,0
2026-09-30T06:24:18.875Z,gpu-3uwoq-6g3ya-2,dcgm,gpu2,nvlink_bandwidth_total,0
2026-09-30T06:24:18.875Z,gpu-3uwoq-6g3ya-2,dcgm,gpu3,nvlink_bandwidth_total,0
2026-09-30T06:24:18.875Z,gpu-3uwoq-6g3ya-2,dcgm,gpu1,nvlink_bandwidth_total,0
2026-09-30T06:24:18.875Z,gpu-3uwoq-6g3ya-2,dcgm,gpu0,nvlink_bandwidth_total,0
2026-09-30T06:24:18.875Z,gpu-3uwoq-6g3ya-2,dcgm,gpu2,power_w,231.177
2026-09-30T06:24:18.875Z,gpu-3uwoq-6g3ya-2,dcgm,gpu3,power_w,234.24
2026-09-30T06:24:18.875Z,gpu-3uwoq-6g3ya-2,dcgm,gpu1,power_w,230.033
2026-09-30T06:24:18.875Z,gpu-3uwoq-6g3ya-2,dcgm,gpu0,power_w,226.432
2026-09-30T06:24:18.875Z,gpu-3uwoq-6g3ya-2,dcgm,gpu2,sm_clock_mhz,2070
2026-09-30T06:24:18.875Z,gpu-3uwoq-6g3ya-2,dcgm,gpu3,sm_clock_mhz,2070
2026-09-30T06:24:18.875Z,gpu-3uwoq-6g3ya-2,dcgm,gpu1,sm_clock_mhz,2070
2026-09-30T06:24:18.875Z,gpu-3uwoq-6g3ya-2,dcgm,gpu0,sm_clock_mhz,2070
2026-09-30T06:24:18.875Z,gpu-3uwoq-6g3ya-2,dcgm,gpu2,dram_active,3e-06
2026-09-30T06:24:18.875Z,gpu-3uwoq-6g3ya-2,dcgm,gpu3,dram_active,3e-06
2026-09-30T06:24:18.875Z,gpu-3uwoq-6g3ya-2,dcgm,gpu1,dram_active,0
2026-09-30T06:24:18.875Z,gpu-3uwoq-6g3ya-2,dcgm,gpu0,dram_active,0
2026-09-30T06:24:18.875Z,gpu-3uwoq-6g3ya-2,dcgm,gpu2,pcie_rx_bytes,247651
2026-09-30T06:24:18.875Z,gpu-3uwoq-6g3ya-2,dcgm,gpu3,pcie_rx_bytes,44341
2026-09-30T06:24:18.875Z,gpu-3uwoq-6g3ya-2,dcgm,gpu1,pcie_rx_bytes,293204
2026-09-30T06:24:18.875Z,gpu-3uwoq-6g3ya-2,dcgm,gpu0,pcie_rx_bytes,297902
2026-09-30T06:24:18.875Z,gpu-3uwoq-6g3ya-2,dcgm,gpu2,pcie_tx_bytes,43727
2026-09-30T06:24:18.875Z,gpu-3uwoq-6g3ya-2,dcgm,gpu3,pcie_tx_bytes,42174
2026-09-30T06:24:18.875Z,gpu-3uwoq-6g3ya-2,dcgm,gpu1,pcie_tx_bytes,270834
2026-09-30T06:24:18.875Z,gpu-3uwoq-6g3ya-2,dcgm,gpu0,pcie_tx_bytes,275071
2026-09-30T06:24:18.875Z,gpu-3uwoq-6g3ya-2,dcgm,gpu2,tensor_active,0
2026-09-30T06:24:18.875Z,gpu-3uwoq-6g3ya-2,dcgm,gpu3,tensor_active,0
2026-09-30T06:24:18.875Z,gpu-3uwoq-6g3ya-2,dcgm,gpu1,tensor_active,0
2026-09-30T06:24:18.875Z,gpu-3uwoq-6g3ya-2,dcgm,gpu0,tensor_active,0
2026-09-30T06:24:18.875Z,gpu-3uwoq-6g3ya-2,dcgm,gpu2,sm_active,0
2026-09-30T06:24:18.875Z,gpu-3uwoq-6g3ya-2,dcgm,gpu3,sm_active,0
2026-09-30T06:24:18.875Z,gpu-3uwoq-6g3ya-2,dcgm,gpu1,sm_active,0
2026-09-30T06:24:18.875Z,gpu-3uwoq-6g3ya-2,dcgm,gpu0,sm_active,0
2026-09-30T06:24:18.875Z,gpu-3uwoq-6g3ya-2,nvlink,gpu0,nvlink_rx_bytes,4.68692e+13
2026-09-30T06:24:18.875Z,gpu-3uwoq-6g3ya-2,nvlink,gpu0,nvlink_tx_bytes,4.68696e+13
2026-09-30T06:24:18.875Z,gpu-3uwoq-6g3ya-2,nvlink,gpu1,nvlink_rx_bytes,4.70222e+13
2026-09-30T06:24:18.875Z,gpu-3uwoq-6g3ya-2,nvlink,gpu1,nvlink_tx_bytes,4.70228e+13
2026-09-30T06:24:18.875Z,gpu-3uwoq-6g3ya-2,nvlink,gpu2,nvlink_rx_bytes,4.68912e+13
2026-09-30T06:24:18.875Z,gpu-3uwoq-6g3ya-2,nvlink,gpu2,nvlink_tx_bytes,4.68913e+13
2026-09-30T06:24:18.875Z,gpu-3uwoq-6g3ya-2,nvlink,gpu3,nvlink_rx_bytes,4.68385e+13
2026-09-30T06:24:18.875Z,gpu-3uwoq-6g3ya-2,nvlink,gpu3,nvlink_tx_bytes,4.68389e+13
2026-09-30T06:24:19.875Z,gpu-3uwoq-6g3ya-2,ib_counter,rdma_vf_rail0,port_xmit_data,2.8979e+12
2026-09-30T06:24:19.875Z,gpu-3uwoq-6g3ya-2,ib_counter,rdma_vf_rail0,port_rcv_data,5.85726e+12
2026-09-30T06:24:19.875Z,gpu-3uwoq-6g3ya-2,ib_counter,rdma_vf_rail0,port_xmit_packets,9.93301e+08
2026-09-30T06:24:19.875Z,gpu-3uwoq-6g3ya-2,ib_counter,rdma_vf_rail0,port_rcv_packets,1.61819e+09
2026-09-30T06:24:19.875Z,gpu-3uwoq-6g3ya-2,ib_counter,rdma_vf_rail0,port_xmit_wait,0
2026-09-30T06:24:19.875Z,gpu-3uwoq-6g3ya-2,ib_counter,rdma_vf_rail0,port_rcv_errors,0
2026-09-30T06:24:19.875Z,gpu-3uwoq-6g3ya-2,ib_counter,rdma_vf_rail0,port_xmit_discards,0
2026-09-30T06:24:19.875Z,gpu-3uwoq-6g3ya-2,ib_counter,rdma_vf_rail0,link_downed,0
2026-09-30T06:24:19.875Z,gpu-3uwoq-6g3ya-2,ib_hw_counter,rdma_vf_rail0,out_of_sequence,0
2026-09-30T06:24:19.875Z,gpu-3uwoq-6g3ya-2,ib_hw_counter,rdma_vf_rail0,packet_seq_err,0
2026-09-30T06:24:19.875Z,gpu-3uwoq-6g3ya-2,ib_hw_counter,rdma_vf_rail0,local_ack_timeout_err,0
2026-09-30T06:24:19.875Z,gpu-3uwoq-6g3ya-2,ib_hw_counter,rdma_vf_rail0,rx_write_requests,7.07105e+08
2026-09-30T06:24:19.875Z,gpu-3uwoq-6g3ya-2,ib_hw_counter,rdma_vf_rail0,rx_read_requests,1.14286e+07
2026-09-30T06:24:19.875Z,gpu-3uwoq-6g3ya-2,ib_hw_counter,rdma_vf_rail0,req_cqe_error,0
2026-09-30T06:24:19.875Z,gpu-3uwoq-6g3ya-2,ib_hw_counter,rdma_vf_rail0,resp_cqe_error,0
2026-09-30T06:24:19.875Z,gpu-3uwoq-6g3ya-2,ib_hw_counter,rdma_vf_rail0,implied_nak_seq_err,0
2026-09-30T06:24:19.875Z,gpu-3uwoq-6g3ya-2,ib_hw_counter,rdma_vf_rail0,duplicate_request,0
2026-09-30T06:24:19.875Z,gpu-3uwoq-6g3ya-2,ib_counter,rdma_vf_rail1,port_xmit_data,2.78983e+12
2026-09-30T06:24:19.875Z,gpu-3uwoq-6g3ya-2,ib_counter,rdma_vf_rail1,port_rcv_data,5.74915e+12
2026-09-30T06:24:19.875Z,gpu-3uwoq-6g3ya-2,ib_counter,rdma_vf_rail1,port_xmit_packets,9.6064e+08
2026-09-30T06:24:19.875Z,gpu-3uwoq-6g3ya-2,ib_counter,rdma_vf_rail1,port_rcv_packets,1.58571e+09
2026-09-30T06:24:19.875Z,gpu-3uwoq-6g3ya-2,ib_counter,rdma_vf_rail1,port_xmit_wait,0
2026-09-30T06:24:19.875Z,gpu-3uwoq-6g3ya-2,ib_counter,rdma_vf_rail1,port_rcv_errors,0
2026-09-30T06:24:19.875Z,gpu-3uwoq-6g3ya-2,ib_counter,rdma_vf_rail1,port_xmit_discards,0
2026-09-30T06:24:19.875Z,gpu-3uwoq-6g3ya-2,ib_counter,rdma_vf_rail1,link_downed,0
2026-09-30T06:24:19.875Z,gpu-3uwoq-6g3ya-2,ib_hw_counter,rdma_vf_rail1,out_of_sequence,0
2026-09-30T06:24:19.875Z,gpu-3uwoq-6g3ya-2,ib_hw_counter,rdma_vf_rail1,packet_seq_err,0
2026-09-30T06:24:19.875Z,gpu-3uwoq-6g3ya-2,ib_hw_counter,rdma_vf_rail1,local_ack_timeout_err,0
2026-09-30T06:24:19.875Z,gpu-3uwoq-6g3ya-2,ib_hw_counter,rdma_vf_rail1,rx_write_requests,7.05505e+08
2026-09-30T06:24:19.875Z,gpu-3uwoq-6g3ya-2,ib_hw_counter,rdma_vf_rail1,rx_read_requests,1.06278e+07
2026-09-30T06:24:19.875Z,gpu-3uwoq-6g3ya-2,ib_hw_counter,rdma_vf_rail1,req_cqe_error,0
2026-09-30T06:24:19.875Z,gpu-3uwoq-6g3ya-2,ib_hw_counter,rdma_vf_rail1,resp_cqe_error,0
2026-09-30T06:24:19.875Z,gpu-3uwoq-6g3ya-2,ib_hw_counter,rdma_vf_rail1,implied_nak_seq_err,0
2026-09-30T06:24:19.875Z,gpu-3uwoq-6g3ya-2,ib_hw_counter,rdma_vf_rail1,duplicate_request,0
2026-09-30T06:24:19.875Z,gpu-3uwoq-6g3ya-2,ib_counter,rdma_vf_rail2,port_xmit_data,2.76211e+12
2026-09-30T06:24:19.875Z,gpu-3uwoq-6g3ya-2,ib_counter,rdma_vf_rail2,port_rcv_data,5.72087e+12
2026-09-30T06:24:19.875Z,gpu-3uwoq-6g3ya-2,ib_counter,rdma_vf_rail2,port_xmit_packets,9.42748e+08
2026-09-30T06:24:19.875Z,gpu-3uwoq-6g3ya-2,ib_counter,rdma_vf_rail2,port_rcv_packets,1.56156e+09
2026-09-30T06:24:19.875Z,gpu-3uwoq-6g3ya-2,ib_counter,rdma_vf_rail2,port_xmit_wait,0
2026-09-30T06:24:19.875Z,gpu-3uwoq-6g3ya-2,ib_counter,rdma_vf_rail2,port_rcv_errors,0
2026-09-30T06:24:19.875Z,gpu-3uwoq-6g3ya-2,ib_counter,rdma_vf_rail2,port_xmit_discards,0
2026-09-30T06:24:19.875Z,gpu-3uwoq-6g3ya-2,ib_counter,rdma_vf_rail2,link_downed,0
2026-09-30T06:24:19.875Z,gpu-3uwoq-6g3ya-2,ib_hw_counter,rdma_vf_rail2,out_of_sequence,0
2026-09-30T06:24:19.875Z,gpu-3uwoq-6g3ya-2,ib_hw_counter,rdma_vf_rail2,packet_seq_err,0
2026-09-30T06:24:19.875Z,gpu-3uwoq-6g3ya-2,ib_hw_counter,rdma_vf_rail2,local_ack_timeout_err,0
2026-09-30T06:24:19.875Z,gpu-3uwoq-6g3ya-2,ib_hw_counter,rdma_vf_rail2,rx_write_requests,7.05079e+08
2026-09-30T06:24:19.875Z,gpu-3uwoq-6g3ya-2,ib_hw_counter,rdma_vf_rail2,rx_read_requests,1.042e+07
2026-09-30T06:24:19.875Z,gpu-3uwoq-6g3ya-2,ib_hw_counter,rdma_vf_rail2,req_cqe_error,0
2026-09-30T06:24:19.875Z,gpu-3uwoq-6g3ya-2,ib_hw_counter,rdma_vf_rail2,resp_cqe_error,0
2026-09-30T06:24:19.875Z,gpu-3uwoq-6g3ya-2,ib_hw_counter,rdma_vf_rail2,implied_nak_seq_err,0
2026-09-30T06:24:19.875Z,gpu-3uwoq-6g3ya-2,ib_hw_counter,rdma_vf_rail2,duplicate_request,0
2026-09-30T06:24:19.875Z,gpu-3uwoq-6g3ya-2,ib_counter,rdma_vf_rail3,port_xmit_data,2.76198e+12
2026-09-30T06:24:19.875Z,gpu-3uwoq-6g3ya-2,ib_counter,rdma_vf_rail3,port_rcv_data,5.72148e+12
2026-09-30T06:24:19.875Z,gpu-3uwoq-6g3ya-2,ib_counter,rdma_vf_rail3,port_xmit_packets,9.41089e+08
2026-09-30T06:24:19.875Z,gpu-3uwoq-6g3ya-2,ib_counter,rdma_vf_rail3,port_rcv_packets,1.56898e+09
2026-09-30T06:24:19.875Z,gpu-3uwoq-6g3ya-2,ib_counter,rdma_vf_rail3,port_xmit_wait,0
2026-09-30T06:24:19.875Z,gpu-3uwoq-6g3ya-2,ib_counter,rdma_vf_rail3,port_rcv_errors,0
2026-09-30T06:24:19.875Z,gpu-3uwoq-6g3ya-2,ib_counter,rdma_vf_rail3,port_xmit_discards,0
2026-09-30T06:24:19.875Z,gpu-3uwoq-6g3ya-2,ib_counter,rdma_vf_rail3,link_downed,0
2026-09-30T06:24:19.875Z,gpu-3uwoq-6g3ya-2,ib_hw_counter,rdma_vf_rail3,out_of_sequence,0
2026-09-30T06:24:19.875Z,gpu-3uwoq-6g3ya-2,ib_hw_counter,rdma_vf_rail3,packet_seq_err,1
2026-09-30T06:24:19.875Z,gpu-3uwoq-6g3ya-2,ib_hw_counter,rdma_vf_rail3,local_ack_timeout_err,0
2026-09-30T06:24:19.875Z,gpu-3uwoq-6g3ya-2,ib_hw_counter,rdma_vf_rail3,rx_write_requests,7.05079e+08
2026-09-30T06:24:19.875Z,gpu-3uwoq-6g3ya-2,ib_hw_counter,rdma_vf_rail3,rx_read_requests,1.042e+07
2026-09-30T06:24:19.875Z,gpu-3uwoq-6g3ya-2,ib_hw_counter,rdma_vf_rail3,req_cqe_error,0
2026-09-30T06:24:19.875Z,gpu-3uwoq-6g3ya-2,ib_hw_counter,rdma_vf_rail3,resp_cqe_error,0
2026-09-30T06:24:19.875Z,gpu-3uwoq-6g3ya-2,ib_hw_counter,rdma_vf_rail3,implied_nak_seq_err,0
2026-09-30T06:24:19.875Z,gpu-3uwoq-6g3ya-2,ib_hw_counter,rdma_vf_rail3,duplicate_request,0
2026-09-30T06:24:19.875Z,gpu-3uwoq-6g3ya-2,dcgm,gpu2,gpu_util,0
2026-09-30T06:24:19.875Z,gpu-3uwoq-6g3ya-2,dcgm,gpu3,gpu_util,0
2026-09-30T06:24:19.875Z,gpu-3uwoq-6g3ya-2,dcgm,gpu1,gpu_util,0
2026-09-30T06:24:19.875Z,gpu-3uwoq-6g3ya-2,dcgm,gpu0,gpu_util,0
2026-09-30T06:24:19.875Z,gpu-3uwoq-6g3ya-2,dcgm,gpu2,nvlink_bandwidth_total,0
2026-09-30T06:24:19.875Z,gpu-3uwoq-6g3ya-2,dcgm,gpu3,nvlink_bandwidth_total,0
2026-09-30T06:24:19.875Z,gpu-3uwoq-6g3ya-2,dcgm,gpu1,nvlink_bandwidth_total,0
2026-09-30T06:24:19.875Z,gpu-3uwoq-6g3ya-2,dcgm,gpu0,nvlink_bandwidth_total,0
2026-09-30T06:24:19.875Z,gpu-3uwoq-6g3ya-2,dcgm,gpu2,power_w,231.177
2026-09-30T06:24:19.875Z,gpu-3uwoq-6g3ya-2,dcgm,gpu3,power_w,234.24
2026-09-30T06:24:19.875Z,gpu-3uwoq-6g3ya-2,dcgm,gpu1,power_w,230.033
2026-09-30T06:24:19.875Z,gpu-3uwoq-6g3ya-2,dcgm,gpu0,power_w,226.432
2026-09-30T06:24:19.875Z,gpu-3uwoq-6g3ya-2,dcgm,gpu2,sm_clock_mhz,2070
2026-09-30T06:24:19.875Z,gpu-3uwoq-6g3ya-2,dcgm,gpu3,sm_clock_mhz,2070
2026-09-30T06:24:19.875Z,gpu-3uwoq-6g3ya-2,dcgm,gpu1,sm_clock_mhz,2070
2026-09-30T06:24:19.875Z,gpu-3uwoq-6g3ya-2,dcgm,gpu0,sm_clock_mhz,2070
2026-09-30T06:24:19.875Z,gpu-3uwoq-6g3ya-2,dcgm,gpu2,dram_active,3e-06
2026-09-30T06:24:19.875Z,gpu-3uwoq-6g3ya-2,dcgm,gpu3,dram_active,3e-06
2026-09-30T06:24:19.875Z,gpu-3uwoq-6g3ya-2,dcgm,gpu1,dram_active,0
2026-09-30T06:24:19.875Z,gpu-3uwoq-6g3ya-2,dcgm,gpu0,dram_active,0
2026-09-30T06:24:19.875Z,gpu-3uwoq-6g3ya-2,dcgm,gpu2,pcie_rx_bytes,247651
2026-09-30T06:24:19.875Z,gpu-3uwoq-6g3ya-2,dcgm,gpu3,pcie_rx_bytes,44341
2026-09-30T06:24:19.875Z,gpu-3uwoq-6g3ya-2,dcgm,gpu1,pcie_rx_bytes,293204
2026-09-30T06:24:19.875Z,gpu-3uwoq-6g3ya-2,dcgm,gpu0,pcie_rx_bytes,297902
2026-09-30T06:24:19.875Z,gpu-3uwoq-6g3ya-2,dcgm,gpu2,pcie_tx_bytes,43727
2026-09-30T06:24:19.875Z,gpu-3uwoq-6g3ya-2,dcgm,gpu3,pcie_tx_bytes,42174
2026-09-30T06:24:19.875Z,gpu-3uwoq-6g3ya-2,dcgm,gpu1,pcie_tx_bytes,270834
2026-09-30T06:24:19.875Z,gpu-3uwoq-6g3ya-2,dcgm,gpu0,pcie_tx_bytes,275071
2026-09-30T06:24:19.875Z,gpu-3uwoq-6g3ya-2,dcgm,gpu2,tensor_active,0
2026-09-30T06:24:19.875Z,gpu-3uwoq-6g3ya-2,dcgm,gpu3,tensor_active,0
2026-09-30T06:24:19.875Z,gpu-3uwoq-6g3ya-2,dcgm,gpu1,tensor_active,0
2026-09-30T06:24:19.875Z,gpu-3uwoq-6g3ya-2,dcgm,gpu0,tensor_active,0
2026-09-30T06:24:19.875Z,gpu-3uwoq-6g3ya-2,dcgm,gpu2,sm_active,0
2026-09-30T06:24:19.875Z,gpu-3uwoq-6g3ya-2,dcgm,gpu3,sm_active,0
2026-09-30T06:24:19.875Z,gpu-3uwoq-6g3ya-2,dcgm,gpu1,sm_active,0
2026-09-30T06:24:19.875Z,gpu-3uwoq-6g3ya-2,dcgm,gpu0,sm_active,0
2026-09-30T06:24:19.875Z,gpu-3uwoq-6g3ya-2,nvlink,gpu0,nvlink_rx_bytes,4.68692e+13
2026-09-30T06:24:19.875Z,gpu-3uwoq-6g3ya-2,nvlink,gpu0,nvlink_tx_bytes,4.68696e+13
2026-09-30T06:24:19.875Z,gpu-3uwoq-6g3ya-2,nvlink,gpu1,nvlink_rx_bytes,4.70222e+13
2026-09-30T06:24:19.875Z,gpu-3uwoq-6g3ya-2,nvlink,gpu1,nvlink_tx_bytes,4.70228e+13
2026-09-30T06:24:19.875Z,gpu-3uwoq-6g3ya-2,nvlink,gpu2,nvlink_rx_bytes,4.68912e+13
2026-09-30T06:24:19.875Z,gpu-3uwoq-6g3ya-2,nvlink,gpu2,nvlink_tx_bytes,4.68913e+13
2026-09-30T06:24:19.875Z,gpu-3uwoq-6g3ya-2,nvlink,gpu3,nvlink_rx_bytes,4.68385e+13
2026-09-30T06:24:19.875Z,gpu-3uwoq-6g3ya-2,nvlink,gpu3,nvlink_tx_bytes,4.68389e+13
2026-09-30T06:24:20.875Z,gpu-3uwoq-6g3ya-2,ib_counter,rdma_vf_rail0,port_xmit_data,2.8979e+12
2026-09-30T06:24:20.875Z,gpu-3uwoq-6g3ya-2,ib_counter,rdma_vf_rail0,port_rcv_data,5.85726e+12
2026-09-30T06:24:20.875Z,gpu-3uwoq-6g3ya-2,ib_counter,rdma_vf_rail0,port_xmit_packets,9.93301e+08
2026-09-30T06:24:20.875Z,gpu-3uwoq-6g3ya-2,ib_counter,rdma_vf_rail0,port_rcv_packets,1.61819e+09
2026-09-30T06:24:20.875Z,gpu-3uwoq-6g3ya-2,ib_counter,rdma_vf_rail0,port_xmit_wait,0
2026-09-30T06:24:20.875Z,gpu-3uwoq-6g3ya-2,ib_counter,rdma_vf_rail0,port_rcv_errors,0
2026-09-30T06:24:20.875Z,gpu-3uwoq-6g3ya-2,ib_counter,rdma_vf_rail0,port_xmit_discards,0
2026-09-30T06:24:20.875Z,gpu-3uwoq-6g3ya-2,ib_counter,rdma_vf_rail0,link_downed,0
2026-09-30T06:24:20.875Z,gpu-3uwoq-6g3ya-2,ib_hw_counter,rdma_vf_rail0,out_of_sequence,0
2026-09-30T06:24:20.875Z,gpu-3uwoq-6g3ya-2,ib_hw_counter,rdma_vf_rail0,packet_seq_err,0
2026-09-30T06:24:20.875Z,gpu-3uwoq-6g3ya-2,ib_hw_counter,rdma_vf_rail0,local_ack_timeout_err,0
2026-09-30T06:24:20.875Z,gpu-3uwoq-6g3ya-2,ib_hw_counter,rdma_vf_rail0,rx_write_requests,7.07105e+08
2026-09-30T06:24:20.875Z,gpu-3uwoq-6g3ya-2,ib_hw_counter,rdma_vf_rail0,rx_read_requests,1.14286e+07
2026-09-30T06:24:20.875Z,gpu-3uwoq-6g3ya-2,ib_hw_counter,rdma_vf_rail0,req_cqe_error,0
2026-09-30T06:24:20.875Z,gpu-3uwoq-6g3ya-2,ib_hw_counter,rdma_vf_rail0,resp_cqe_error,0
2026-09-30T06:24:20.875Z,gpu-3uwoq-6g3ya-2,ib_hw_counter,rdma_vf_rail0,implied_nak_seq_err,0
2026-09-30T06:24:20.875Z,gpu-3uwoq-6g3ya-2,ib_hw_counter,rdma_vf_rail0,duplicate_request,0
2026-09-30T06:24:20.875Z,gpu-3uwoq-6g3ya-2,ib_counter,rdma_vf_rail1,port_xmit_data,2.78983e+12
2026-09-30T06:24:20.875Z,gpu-3uwoq-6g3ya-2,ib_counter,rdma_vf_rail1,port_rcv_data,5.74915e+12
2026-09-30T06:24:20.875Z,gpu-3uwoq-6g3ya-2,ib_counter,rdma_vf_rail1,port_xmit_packets,9.6064e+08
2026-09-30T06:24:20.875Z,gpu-3uwoq-6g3ya-2,ib_counter,rdma_vf_rail1,port_rcv_packets,1.58571e+09
2026-09-30T06:24:20.875Z,gpu-3uwoq-6g3ya-2,ib_counter,rdma_vf_rail1,port_xmit_wait,0
2026-09-30T06:24:20.875Z,gpu-3uwoq-6g3ya-2,ib_counter,rdma_vf_rail1,port_rcv_errors,0
2026-09-30T06:24:20.875Z,gpu-3uwoq-6g3ya-2,ib_counter,rdma_vf_rail1,port_xmit_discards,0
2026-09-30T06:24:20.875Z,gpu-3uwoq-6g3ya-2,ib_counter,rdma_vf_rail1,link_downed,0
2026-09-30T06:24:20.875Z,gpu-3uwoq-6g3ya-2,ib_hw_counter,rdma_vf_rail1,out_of_sequence,0
2026-09-30T06:24:20.875Z,gpu-3uwoq-6g3ya-2,ib_hw_counter,rdma_vf_rail1,packet_seq_err,0
2026-09-30T06:24:20.875Z,gpu-3uwoq-6g3ya-2,ib_hw_counter,rdma_vf_rail1,local_ack_timeout_err,0
2026-09-30T06:24:20.875Z,gpu-3uwoq-6g3ya-2,ib_hw_counter,rdma_vf_rail1,rx_write_requests,7.05505e+08
2026-09-30T06:24:20.875Z,gpu-3uwoq-6g3ya-2,ib_hw_counter,rdma_vf_rail1,rx_read_requests,1.06278e+07
2026-09-30T06:24:20.875Z,gpu-3uwoq-6g3ya-2,ib_hw_counter,rdma_vf_rail1,req_cqe_error,0
2026-09-30T06:24:20.875Z,gpu-3uwoq-6g3ya-2,ib_hw_counter,rdma_vf_rail1,resp_cqe_error,0
2026-09-30T06:24:20.875Z,gpu-3uwoq-6g3ya-2,ib_hw_counter,rdma_vf_rail1,implied_nak_seq_err,0
2026-09-30T06:24:20.875Z,gpu-3uwoq-6g3ya-2,ib_hw_counter,rdma_vf_rail1,duplicate_request,0
2026-09-30T06:24:20.875Z,gpu-3uwoq-6g3ya-2,ib_counter,rdma_vf_rail2,port_xmit_data,2.76211e+12
2026-09-30T06:24:20.875Z,gpu-3uwoq-6g3ya-2,ib_counter,rdma_vf_rail2,port_rcv_data,5.72087e+12
2026-09-30T06:24:20.875Z,gpu-3uwoq-6g3ya-2,ib_counter,rdma_vf_rail2,port_xmit_packets,9.42748e+08
2026-09-30T06:24:20.875Z,gpu-3uwoq-6g3ya-2,ib_counter,rdma_vf_rail2,port_rcv_packets,1.56156e+09
2026-09-30T06:24:20.875Z,gpu-3uwoq-6g3ya-2,ib_counter,rdma_vf_rail2,port_xmit_wait,0
2026-09-30T06:24:20.875Z,gpu-3uwoq-6g3ya-2,ib_counter,rdma_vf_rail2,port_rcv_errors,0
2026-09-30T06:24:20.875Z,gpu-3uwoq-6g3ya-2,ib_counter,rdma_vf_rail2,port_xmit_discards,0
2026-09-30T06:24:20.875Z,gpu-3uwoq-6g3ya-2,ib_counter,rdma_vf_rail2,link_downed,0
2026-09-30T06:24:20.875Z,gpu-3uwoq-6g3ya-2,ib_hw_counter,rdma_vf_rail2,out_of_sequence,0
2026-09-30T06:24:20.875Z,gpu-3uwoq-6g3ya-2,ib_hw_counter,rdma_vf_rail2,packet_seq_err,0
2026-09-30T06:24:20.875Z,gpu-3uwoq-6g3ya-2,ib_hw_counter,rdma_vf_rail2,local_ack_timeout_err,0
2026-09-30T06:24:20.875Z,gpu-3uwoq-6g3ya-2,ib_hw_counter,rdma_vf_rail2,rx_write_requests,7.05079e+08
2026-09-30T06:24:20.875Z,gpu-3uwoq-6g3ya-2,ib_hw_counter,rdma_vf_rail2,rx_read_requests,1.042e+07
2026-09-30T06:24:20.875Z,gpu-3uwoq-6g3ya-2,ib_hw_counter,rdma_vf_rail2,req_cqe_error,0
2026-09-30T06:24:20.875Z,gpu-3uwoq-6g3ya-2,ib_hw_counter,rdma_vf_rail2,resp_cqe_error,0
2026-09-30T06:24:20.875Z,gpu-3uwoq-6g3ya-2,ib_hw_counter,rdma_vf_rail2,implied_nak_seq_err,0
2026-09-30T06:24:20.875Z,gpu-3uwoq-6g3ya-2,ib_hw_counter,rdma_vf_rail2,duplicate_request,0
2026-09-30T06:24:20.875Z,gpu-3uwoq-6g3ya-2,ib_counter,rdma_vf_rail3,port_xmit_data,2.76198e+12
2026-09-30T06:24:20.875Z,gpu-3uwoq-6g3ya-2,ib_counter,rdma_vf_rail3,port_rcv_data,5.72148e+12
2026-09-30T06:24:20.875Z,gpu-3uwoq-6g3ya-2,ib_counter,rdma_vf_rail3,port_xmit_packets,9.41089e+08
2026-09-30T06:24:20.875Z,gpu-3uwoq-6g3ya-2,ib_counter,rdma_vf_rail3,port_rcv_packets,1.56898e+09
2026-09-30T06:24:20.875Z,gpu-3uwoq-6g3ya-2,ib_counter,rdma_vf_rail3,port_xmit_wait,0
2026-09-30T06:24:20.875Z,gpu-3uwoq-6g3ya-2,ib_counter,rdma_vf_rail3,port_rcv_errors,0
2026-09-30T06:24:20.875Z,gpu-3uwoq-6g3ya-2,ib_counter,rdma_vf_rail3,port_xmit_discards,0
2026-09-30T06:24:20.875Z,gpu-3uwoq-6g3ya-2,ib_counter,rdma_vf_rail3,link_downed,0
2026-09-30T06:24:20.875Z,gpu-3uwoq-6g3ya-2,ib_hw_counter,rdma_vf_rail3,out_of_sequence,0
2026-09-30T06:24:20.875Z,gpu-3uwoq-6g3ya-2,ib_hw_counter,rdma_vf_rail3,packet_seq_err,1
2026-09-30T06:24:20.875Z,gpu-3uwoq-6g3ya-2,ib_hw_counter,rdma_vf_rail3,local_ack_timeout_err,0
2026-09-30T06:24:20.875Z,gpu-3uwoq-6g3ya-2,ib_hw_counter,rdma_vf_rail3,rx_write_requests,7.05079e+08
2026-09-30T06:24:20.875Z,gpu-3uwoq-6g3ya-2,ib_hw_counter,rdma_vf_rail3,rx_read_requests,1.042e+07
2026-09-30T06:24:20.875Z,gpu-3uwoq-6g3ya-2,ib_hw_counter,rdma_vf_rail3,req_cqe_error,0
2026-09-30T06:24:20.875Z,gpu-3uwoq-6g3ya-2,ib_hw_counter,rdma_vf_rail3,resp_cqe_error,0
2026-09-30T06:24:20.875Z,gpu-3uwoq-6g3ya-2,ib_hw_counter,rdma_vf_rail3,implied_nak_seq_err,0
2026-09-30T06:24:20.875Z,gpu-3uwoq-6g3ya-2,ib_hw_counter,rdma_vf_rail3,duplicate_request,0
2026-09-30T06:24:20.875Z,gpu-3uwoq-6g3ya-2,dcgm,gpu2,gpu_util,0
2026-09-30T06:24:20.875Z,gpu-3uwoq-6g3ya-2,dcgm,gpu3,gpu_util,0
2026-09-30T06:24:20.875Z,gpu-3uwoq-6g3ya-2,dcgm,gpu1,gpu_util,0
2026-09-30T06:24:20.875Z,gpu-3uwoq-6g3ya-2,dcgm,gpu0,gpu_util,0
2026-09-30T06:24:20.875Z,gpu-3uwoq-6g3ya-2,dcgm,gpu2,nvlink_bandwidth_total,0
2026-09-30T06:24:20.875Z,gpu-3uwoq-6g3ya-2,dcgm,gpu3,nvlink_bandwidth_total,0
2026-09-30T06:24:20.875Z,gpu-3uwoq-6g3ya-2,dcgm,gpu1,nvlink_bandwidth_total,0
2026-09-30T06:24:20.875Z,gpu-3uwoq-6g3ya-2,dcgm,gpu0,nvlink_bandwidth_total,0
2026-09-30T06:24:20.875Z,gpu-3uwoq-6g3ya-2,dcgm,gpu2,power_w,231.177
2026-09-30T06:24:20.875Z,gpu-3uwoq-6g3ya-2,dcgm,gpu3,power_w,234.24
2026-09-30T06:24:20.875Z,gpu-3uwoq-6g3ya-2,dcgm,gpu1,power_w,229.904
2026-09-30T06:24:20.875Z,gpu-3uwoq-6g3ya-2,dcgm,gpu0,power_w,226.486
2026-09-30T06:24:20.875Z,gpu-3uwoq-6g3ya-2,dcgm,gpu2,sm_clock_mhz,2070
2026-09-30T06:24:20.875Z,gpu-3uwoq-6g3ya-2,dcgm,gpu3,sm_clock_mhz,2070
2026-09-30T06:24:20.875Z,gpu-3uwoq-6g3ya-2,dcgm,gpu1,sm_clock_mhz,2070
2026-09-30T06:24:20.875Z,gpu-3uwoq-6g3ya-2,dcgm,gpu0,sm_clock_mhz,2070
2026-09-30T06:24:20.875Z,gpu-3uwoq-6g3ya-2,dcgm,gpu2,dram_active,3e-06
2026-09-30T06:24:20.875Z,gpu-3uwoq-6g3ya-2,dcgm,gpu3,dram_active,3e-06
2026-09-30T06:24:20.875Z,gpu-3uwoq-6g3ya-2,dcgm,gpu1,dram_active,3e-06
2026-09-30T06:24:20.875Z,gpu-3uwoq-6g3ya-2,dcgm,gpu0,dram_active,3e-06
2026-09-30T06:24:20.875Z,gpu-3uwoq-6g3ya-2,dcgm,gpu2,pcie_rx_bytes,247651
2026-09-30T06:24:20.875Z,gpu-3uwoq-6g3ya-2,dcgm,gpu3,pcie_rx_bytes,234991
2026-09-30T06:24:20.875Z,gpu-3uwoq-6g3ya-2,dcgm,gpu1,pcie_rx_bytes,293204
2026-09-30T06:24:20.875Z,gpu-3uwoq-6g3ya-2,dcgm,gpu0,pcie_rx_bytes,297902
2026-09-30T06:24:20.875Z,gpu-3uwoq-6g3ya-2,dcgm,gpu2,pcie_tx_bytes,225131
2026-09-30T06:24:20.875Z,gpu-3uwoq-6g3ya-2,dcgm,gpu3,pcie_tx_bytes,212334
2026-09-30T06:24:20.875Z,gpu-3uwoq-6g3ya-2,dcgm,gpu1,pcie_tx_bytes,270834
2026-09-30T06:24:20.875Z,gpu-3uwoq-6g3ya-2,dcgm,gpu0,pcie_tx_bytes,275071
2026-09-30T06:24:20.875Z,gpu-3uwoq-6g3ya-2,dcgm,gpu2,tensor_active,0
2026-09-30T06:24:20.875Z,gpu-3uwoq-6g3ya-2,dcgm,gpu3,tensor_active,0
2026-09-30T06:24:20.875Z,gpu-3uwoq-6g3ya-2,dcgm,gpu1,tensor_active,0
2026-09-30T06:24:20.875Z,gpu-3uwoq-6g3ya-2,dcgm,gpu0,tensor_active,0
2026-09-30T06:24:20.875Z,gpu-3uwoq-6g3ya-2,dcgm,gpu2,sm_active,0
2026-09-30T06:24:20.875Z,gpu-3uwoq-6g3ya-2,dcgm,gpu3,sm_active,0
2026-09-30T06:24:20.875Z,gpu-3uwoq-6g3ya-2,dcgm,gpu1,sm_active,0
2026-09-30T06:24:20.875Z,gpu-3uwoq-6g3ya-2,dcgm,gpu0,sm_active,0
2026-09-30T06:24:20.875Z,gpu-3uwoq-6g3ya-2,nvlink,gpu0,nvlink_rx_bytes,4.68692e+13
2026-09-30T06:24:20.875Z,gpu-3uwoq-6g3ya-2,nvlink,gpu0,nvlink_tx_bytes,4.68696e+13
2026-09-30T06:24:20.875Z,gpu-3uwoq-6g3ya-2,nvlink,gpu1,nvlink_rx_bytes,4.70222e+13
2026-09-30T06:24:20.875Z,gpu-3uwoq-6g3ya-2,nvlink,gpu1,nvlink_tx_bytes,4.70228e+13
2026-09-30T06:24:20.875Z,gpu-3uwoq-6g3ya-2,nvlink,gpu2,nvlink_rx_bytes,4.68912e+13
2026-09-30T06:24:20.875Z,gpu-3uwoq-6g3ya-2,nvlink,gpu2,nvlink_tx_bytes,4.68913e+13
2026-09-30T06:24:20.875Z,gpu-3uwoq-6g3ya-2,nvlink,gpu3,nvlink_rx_bytes,4.68385e+13
2026-09-30T06:24:20.875Z,gpu-3uwoq-6g3ya-2,nvlink,gpu3,nvlink_tx_bytes,4.68389e+13
2026-09-30T06:24:21.875Z,gpu-3uwoq-6g3ya-2,ib_counter,rdma_vf_rail0,port_xmit_data,2.8979e+12
2026-09-30T06:24:21.875Z,gpu-3uwoq-6g3ya-2,ib_counter,rdma_vf_rail0,port_rcv_data,5.85726e+12
2026-09-30T06:24:21.875Z,gpu-3uwoq-6g3ya-2,ib_counter,rdma_vf_rail0,port_xmit_packets,9.93301e+08
2026-09-30T06:24:21.875Z,gpu-3uwoq-6g3ya-2,ib_counter,rdma_vf_rail0,port_rcv_packets,1.61819e+09
2026-09-30T06:24:21.875Z,gpu-3uwoq-6g3ya-2,ib_counter,rdma_vf_rail0,port_xmit_wait,0
2026-09-30T06:24:21.875Z,gpu-3uwoq-6g3ya-2,ib_counter,rdma_vf_rail0,port_rcv_errors,0
2026-09-30T06:24:21.875Z,gpu-3uwoq-6g3ya-2,ib_counter,rdma_vf_rail0,port_xmit_discards,0
2026-09-30T06:24:21.875Z,gpu-3uwoq-6g3ya-2,ib_counter,rdma_vf_rail0,link_downed,0
2026-09-30T06:24:21.875Z,gpu-3uwoq-6g3ya-2,ib_hw_counter,rdma_vf_rail0,out_of_sequence,0
2026-09-30T06:24:21.875Z,gpu-3uwoq-6g3ya-2,ib_hw_counter,rdma_vf_rail0,packet_seq_err,0
2026-09-30T06:24:21.875Z,gpu-3uwoq-6g3ya-2,ib_hw_counter,rdma_vf_rail0,local_ack_timeout_err,0
2026-09-30T06:24:21.875Z,gpu-3uwoq-6g3ya-2,ib_hw_counter,rdma_vf_rail0,rx_write_requests,7.07105e+08
2026-09-30T06:24:21.875Z,gpu-3uwoq-6g3ya-2,ib_hw_counter,rdma_vf_rail0,rx_read_requests,1.14286e+07
2026-09-30T06:24:21.875Z,gpu-3uwoq-6g3ya-2,ib_hw_counter,rdma_vf_rail0,req_cqe_error,0
2026-09-30T06:24:21.875Z,gpu-3uwoq-6g3ya-2,ib_hw_counter,rdma_vf_rail0,resp_cqe_error,0
2026-09-30T06:24:21.875Z,gpu-3uwoq-6g3ya-2,ib_hw_counter,rdma_vf_rail0,implied_nak_seq_err,0
2026-09-30T06:24:21.875Z,gpu-3uwoq-6g3ya-2,ib_hw_counter,rdma_vf_rail0,duplicate_request,0
2026-09-30T06:24:21.875Z,gpu-3uwoq-6g3ya-2,ib_counter,rdma_vf_rail1,port_xmit_data,2.78983e+12
2026-09-30T06:24:21.875Z,gpu-3uwoq-6g3ya-2,ib_counter,rdma_vf_rail1,port_rcv_data,5.74915e+12
2026-09-30T06:24:21.875Z,gpu-3uwoq-6g3ya-2,ib_counter,rdma_vf_rail1,port_xmit_packets,9.6064e+08
2026-09-30T06:24:21.875Z,gpu-3uwoq-6g3ya-2,ib_counter,rdma_vf_rail1,port_rcv_packets,1.58571e+09
2026-09-30T06:24:21.875Z,gpu-3uwoq-6g3ya-2,ib_counter,rdma_vf_rail1,port_xmit_wait,0
2026-09-30T06:24:21.875Z,gpu-3uwoq-6g3ya-2,ib_counter,rdma_vf_rail1,port_rcv_errors,0
2026-09-30T06:24:21.875Z,gpu-3uwoq-6g3ya-2,ib_counter,rdma_vf_rail1,port_xmit_discards,0
2026-09-30T06:24:21.875Z,gpu-3uwoq-6g3ya-2,ib_counter,rdma_vf_rail1,link_downed,0
2026-09-30T06:24:21.875Z,gpu-3uwoq-6g3ya-2,ib_hw_counter,rdma_vf_rail1,out_of_sequence,0
2026-09-30T06:24:21.875Z,gpu-3uwoq-6g3ya-2,ib_hw_counter,rdma_vf_rail1,packet_seq_err,0
2026-09-30T06:24:21.875Z,gpu-3uwoq-6g3ya-2,ib_hw_counter,rdma_vf_rail1,local_ack_timeout_err,0
2026-09-30T06:24:21.875Z,gpu-3uwoq-6g3ya-2,ib_hw_counter,rdma_vf_rail1,rx_write_requests,7.05505e+08
2026-09-30T06:24:21.875Z,gpu-3uwoq-6g3ya-2,ib_hw_counter,rdma_vf_rail1,rx_read_requests,1.06278e+07
2026-09-30T06:24:21.875Z,gpu-3uwoq-6g3ya-2,ib_hw_counter,rdma_vf_rail1,req_cqe_error,0
2026-09-30T06:24:21.875Z,gpu-3uwoq-6g3ya-2,ib_hw_counter,rdma_vf_rail1,resp_cqe_error,0
2026-09-30T06:24:21.875Z,gpu-3uwoq-6g3ya-2,ib_hw_counter,rdma_vf_rail1,implied_nak_seq_err,0
2026-09-30T06:24:21.875Z,gpu-3uwoq-6g3ya-2,ib_hw_counter,rdma_vf_rail1,duplicate_request,0
2026-09-30T06:24:21.875Z,gpu-3uwoq-6g3ya-2,ib_counter,rdma_vf_rail2,port_xmit_data,2.76211e+12
2026-09-30T06:24:21.875Z,gpu-3uwoq-6g3ya-2,ib_counter,rdma_vf_rail2,port_rcv_data,5.72087e+12
2026-09-30T06:24:21.875Z,gpu-3uwoq-6g3ya-2,ib_counter,rdma_vf_rail2,port_xmit_packets,9.42748e+08
2026-09-30T06:24:21.875Z,gpu-3uwoq-6g3ya-2,ib_counter,rdma_vf_rail2,port_rcv_packets,1.56156e+09
2026-09-30T06:24:21.875Z,gpu-3uwoq-6g3ya-2,ib_counter,rdma_vf_rail2,port_xmit_wait,0
2026-09-30T06:24:21.875Z,gpu-3uwoq-6g3ya-2,ib_counter,rdma_vf_rail2,port_rcv_errors,0
2026-09-30T06:24:21.875Z,gpu-3uwoq-6g3ya-2,ib_counter,rdma_vf_rail2,port_xmit_discards,0
2026-09-30T06:24:21.875Z,gpu-3uwoq-6g3ya-2,ib_counter,rdma_vf_rail2,link_downed,0
2026-09-30T06:24:21.875Z,gpu-3uwoq-6g3ya-2,ib_hw_counter,rdma_vf_rail2,out_of_sequence,0
2026-09-30T06:24:21.875Z,gpu-3uwoq-6g3ya-2,ib_hw_counter,rdma_vf_rail2,packet_seq_err,0
2026-09-30T06:24:21.875Z,gpu-3uwoq-6g3ya-2,ib_hw_counter,rdma_vf_rail2,local_ack_timeout_err,0
2026-09-30T06:24:21.875Z,gpu-3uwoq-6g3ya-2,ib_hw_counter,rdma_vf_rail2,rx_write_requests,7.05079e+08
2026-09-30T06:24:21.875Z,gpu-3uwoq-6g3ya-2,ib_hw_counter,rdma_vf_rail2,rx_read_requests,1.042e+07
2026-09-30T06:24:21.875Z,gpu-3uwoq-6g3ya-2,ib_hw_counter,rdma_vf_rail2,req_cqe_error,0
2026-09-30T06:24:21.875Z,gpu-3uwoq-6g3ya-2,ib_hw_counter,rdma_vf_rail2,resp_cqe_error,0
2026-09-30T06:24:21.875Z,gpu-3uwoq-6g3ya-2,ib_hw_counter,rdma_vf_rail2,implied_nak_seq_err,0
2026-09-30T06:24:21.875Z,gpu-3uwoq-6g3ya-2,ib_hw_counter,rdma_vf_rail2,duplicate_request,0
2026-09-30T06:24:21.875Z,gpu-3uwoq-6g3ya-2,ib_counter,rdma_vf_rail3,port_xmit_data,2.76198e+12
2026-09-30T06:24:21.875Z,gpu-3uwoq-6g3ya-2,ib_counter,rdma_vf_rail3,port_rcv_data,5.72148e+12
2026-09-30T06:24:21.875Z,gpu-3uwoq-6g3ya-2,ib_counter,rdma_vf_rail3,port_xmit_packets,9.41089e+08
2026-09-30T06:24:21.875Z,gpu-3uwoq-6g3ya-2,ib_counter,rdma_vf_rail3,port_rcv_packets,1.56898e+09
2026-09-30T06:24:21.875Z,gpu-3uwoq-6g3ya-2,ib_counter,rdma_vf_rail3,port_xmit_wait,0
2026-09-30T06:24:21.875Z,gpu-3uwoq-6g3ya-2,ib_counter,rdma_vf_rail3,port_rcv_errors,0
2026-09-30T06:24:21.875Z,gpu-3uwoq-6g3ya-2,ib_counter,rdma_vf_rail3,port_xmit_discards,0
2026-09-30T06:24:21.875Z,gpu-3uwoq-6g3ya-2,ib_counter,rdma_vf_rail3,link_downed,0
2026-09-30T06:24:21.875Z,gpu-3uwoq-6g3ya-2,ib_hw_counter,rdma_vf_rail3,out_of_sequence,0
2026-09-30T06:24:21.875Z,gpu-3uwoq-6g3ya-2,ib_hw_counter,rdma_vf_rail3,packet_seq_err,1
2026-09-30T06:24:21.875Z,gpu-3uwoq-6g3ya-2,ib_hw_counter,rdma_vf_rail3,local_ack_timeout_err,0
2026-09-30T06:24:21.875Z,gpu-3uwoq-6g3ya-2,ib_hw_counter,rdma_vf_rail3,rx_write_requests,7.05079e+08
2026-09-30T06:24:21.875Z,gpu-3uwoq-6g3ya-2,ib_hw_counter,rdma_vf_rail3,rx_read_requests,1.042e+07
2026-09-30T06:24:21.875Z,gpu-3uwoq-6g3ya-2,ib_hw_counter,rdma_vf_rail3,req_cqe_error,0
2026-09-30T06:24:21.875Z,gpu-3uwoq-6g3ya-2,ib_hw_counter,rdma_vf_rail3,resp_cqe_error,0
2026-09-30T06:24:21.875Z,gpu-3uwoq-6g3ya-2,ib_hw_counter,rdma_vf_rail3,implied_nak_seq_err,0
2026-09-30T06:24:21.875Z,gpu-3uwoq-6g3ya-2,ib_hw_counter,rdma_vf_rail3,duplicate_request,0
2026-09-30T06:24:21.875Z,gpu-3uwoq-6g3ya-2,dcgm,gpu2,gpu_util,0
2026-09-30T06:24:21.875Z,gpu-3uwoq-6g3ya-2,dcgm,gpu3,gpu_util,0
2026-09-30T06:24:21.875Z,gpu-3uwoq-6g3ya-2,dcgm,gpu1,gpu_util,0
2026-09-30T06:24:21.875Z,gpu-3uwoq-6g3ya-2,dcgm,gpu0,gpu_util,0
2026-09-30T06:24:21.875Z,gpu-3uwoq-6g3ya-2,dcgm,gpu2,nvlink_bandwidth_total,0
2026-09-30T06:24:21.875Z,gpu-3uwoq-6g3ya-2,dcgm,gpu3,nvlink_bandwidth_total,0
2026-09-30T06:24:21.875Z,gpu-3uwoq-6g3ya-2,dcgm,gpu1,nvlink_bandwidth_total,0
2026-09-30T06:24:21.875Z,gpu-3uwoq-6g3ya-2,dcgm,gpu0,nvlink_bandwidth_total,0
2026-09-30T06:24:21.875Z,gpu-3uwoq-6g3ya-2,dcgm,gpu2,power_w,231.177
2026-09-30T06:24:21.875Z,gpu-3uwoq-6g3ya-2,dcgm,gpu3,power_w,234.24
2026-09-30T06:24:21.875Z,gpu-3uwoq-6g3ya-2,dcgm,gpu1,power_w,229.904
2026-09-30T06:24:21.875Z,gpu-3uwoq-6g3ya-2,dcgm,gpu0,power_w,226.486
2026-09-30T06:24:21.875Z,gpu-3uwoq-6g3ya-2,dcgm,gpu2,sm_clock_mhz,2070
2026-09-30T06:24:21.875Z,gpu-3uwoq-6g3ya-2,dcgm,gpu3,sm_clock_mhz,2070
2026-09-30T06:24:21.875Z,gpu-3uwoq-6g3ya-2,dcgm,gpu1,sm_clock_mhz,2070
2026-09-30T06:24:21.875Z,gpu-3uwoq-6g3ya-2,dcgm,gpu0,sm_clock_mhz,2070
2026-09-30T06:24:21.875Z,gpu-3uwoq-6g3ya-2,dcgm,gpu2,dram_active,3e-06
2026-09-30T06:24:21.875Z,gpu-3uwoq-6g3ya-2,dcgm,gpu3,dram_active,3e-06
2026-09-30T06:24:21.875Z,gpu-3uwoq-6g3ya-2,dcgm,gpu1,dram_active,3e-06
2026-09-30T06:24:21.875Z,gpu-3uwoq-6g3ya-2,dcgm,gpu0,dram_active,3e-06
2026-09-30T06:24:21.875Z,gpu-3uwoq-6g3ya-2,dcgm,gpu2,pcie_rx_bytes,247651
2026-09-30T06:24:21.875Z,gpu-3uwoq-6g3ya-2,dcgm,gpu3,pcie_rx_bytes,234991
2026-09-30T06:24:21.875Z,gpu-3uwoq-6g3ya-2,dcgm,gpu1,pcie_rx_bytes,293204
2026-09-30T06:24:21.875Z,gpu-3uwoq-6g3ya-2,dcgm,gpu0,pcie_rx_bytes,297902
2026-09-30T06:24:21.875Z,gpu-3uwoq-6g3ya-2,dcgm,gpu2,pcie_tx_bytes,225131
2026-09-30T06:24:21.875Z,gpu-3uwoq-6g3ya-2,dcgm,gpu3,pcie_tx_bytes,212334
2026-09-30T06:24:21.875Z,gpu-3uwoq-6g3ya-2,dcgm,gpu1,pcie_tx_bytes,270834
2026-09-30T06:24:21.875Z,gpu-3uwoq-6g3ya-2,dcgm,gpu0,pcie_tx_bytes,275071
2026-09-30T06:24:21.875Z,gpu-3uwoq-6g3ya-2,dcgm,gpu2,tensor_active,0
2026-09-30T06:24:21.875Z,gpu-3uwoq-6g3ya-2,dcgm,gpu3,tensor_active,0
2026-09-30T06:24:21.875Z,gpu-3uwoq-6g3ya-2,dcgm,gpu1,tensor_active,0
2026-09-30T06:24:21.875Z,gpu-3uwoq-6g3ya-2,dcgm,gpu0,tensor_active,0
2026-09-30T06:24:21.875Z,gpu-3uwoq-6g3ya-2,dcgm,gpu2,sm_active,0
2026-09-30T06:24:21.875Z,gpu-3uwoq-6g3ya-2,dcgm,gpu3,sm_active,0
2026-09-30T06:24:21.875Z,gpu-3uwoq-6g3ya-2,dcgm,gpu1,sm_active,0
2026-09-30T06:24:21.875Z,gpu-3uwoq-6g3ya-2,dcgm,gpu0,sm_active,0
2026-09-30T06:24:21.875Z,gpu-3uwoq-6g3ya-2,nvlink,gpu0,nvlink_rx_bytes,4.68692e+13
2026-09-30T06:24:21.875Z,gpu-3uwoq-6g3ya-2,nvlink,gpu0,nvlink_tx_bytes,4.68696e+13
2026-09-30T06:24:21.875Z,gpu-3uwoq-6g3ya-2,nvlink,gpu1,nvlink_rx_bytes,4.70222e+13
2026-09-30T06:24:21.875Z,gpu-3uwoq-6g3ya-2,nvlink,gpu1,nvlink_tx_bytes,4.70228e+13
2026-09-30T06:24:21.875Z,gpu-3uwoq-6g3ya-2,nvlink,gpu2,nvlink_rx_bytes,4.68912e+13
2026-09-30T06:24:21.875Z,gpu-3uwoq-6g3ya-2,nvlink,gpu2,nvlink_tx_bytes,4.68913e+13
2026-09-30T06:24:21.875Z,gpu-3uwoq-6g3ya-2,nvlink,gpu3,nvlink_rx_bytes,4.68385e+13
2026-09-30T06:24:21.875Z,gpu-3uwoq-6g3ya-2,nvlink,gpu3,nvlink_tx_bytes,4.68389e+13
2026-09-30T06:24:22.875Z,gpu-3uwoq-6g3ya-2,ib_counter,rdma_vf_rail0,port_xmit_data,2.8979e+12
2026-09-30T06:24:22.875Z,gpu-3uwoq-6g3ya-2,ib_counter,rdma_vf_rail0,port_rcv_data,5.85726e+12
2026-09-30T06:24:22.875Z,gpu-3uwoq-6g3ya-2,ib_counter,rdma_vf_rail0,port_xmit_packets,9.93301e+08
2026-09-30T06:24:22.875Z,gpu-3uwoq-6g3ya-2,ib_counter,rdma_vf_rail0,port_rcv_packets,1.61819e+09
2026-09-30T06:24:22.875Z,gpu-3uwoq-6g3ya-2,ib_counter,rdma_vf_rail0,port_xmit_wait,0
2026-09-30T06:24:22.875Z,gpu-3uwoq-6g3ya-2,ib_counter,rdma_vf_rail0,port_rcv_errors,0
2026-09-30T06:24:22.875Z,gpu-3uwoq-6g3ya-2,ib_counter,rdma_vf_rail0,port_xmit_discards,0
2026-09-30T06:24:22.875Z,gpu-3uwoq-6g3ya-2,ib_counter,rdma_vf_rail0,link_downed,0
2026-09-30T06:24:22.875Z,gpu-3uwoq-6g3ya-2,ib_hw_counter,rdma_vf_rail0,out_of_sequence,0
2026-09-30T06:24:22.875Z,gpu-3uwoq-6g3ya-2,ib_hw_counter,rdma_vf_rail0,packet_seq_err,0
2026-09-30T06:24:22.875Z,gpu-3uwoq-6g3ya-2,ib_hw_counter,rdma_vf_rail0,local_ack_timeout_err,0
2026-09-30T06:24:22.875Z,gpu-3uwoq-6g3ya-2,ib_hw_counter,rdma_vf_rail0,rx_write_requests,7.07105e+08
2026-09-30T06:24:22.875Z,gpu-3uwoq-6g3ya-2,ib_hw_counter,rdma_vf_rail0,rx_read_requests,1.14286e+07
2026-09-30T06:24:22.875Z,gpu-3uwoq-6g3ya-2,ib_hw_counter,rdma_vf_rail0,req_cqe_error,0
2026-09-30T06:24:22.875Z,gpu-3uwoq-6g3ya-2,ib_hw_counter,rdma_vf_rail0,resp_cqe_error,0
2026-09-30T06:24:22.875Z,gpu-3uwoq-6g3ya-2,ib_hw_counter,rdma_vf_rail0,implied_nak_seq_err,0
2026-09-30T06:24:22.875Z,gpu-3uwoq-6g3ya-2,ib_hw_counter,rdma_vf_rail0,duplicate_request,0
2026-09-30T06:24:22.875Z,gpu-3uwoq-6g3ya-2,ib_counter,rdma_vf_rail1,port_xmit_data,2.78983e+12
2026-09-30T06:24:22.875Z,gpu-3uwoq-6g3ya-2,ib_counter,rdma_vf_rail1,port_rcv_data,5.74915e+12
2026-09-30T06:24:22.875Z,gpu-3uwoq-6g3ya-2,ib_counter,rdma_vf_rail1,port_xmit_packets,9.6064e+08
2026-09-30T06:24:22.875Z,gpu-3uwoq-6g3ya-2,ib_counter,rdma_vf_rail1,port_rcv_packets,1.58571e+09
2026-09-30T06:24:22.875Z,gpu-3uwoq-6g3ya-2,ib_counter,rdma_vf_rail1,port_xmit_wait,0
2026-09-30T06:24:22.875Z,gpu-3uwoq-6g3ya-2,ib_counter,rdma_vf_rail1,port_rcv_errors,0
2026-09-30T06:24:22.875Z,gpu-3uwoq-6g3ya-2,ib_counter,rdma_vf_rail1,port_xmit_discards,0
2026-09-30T06:24:22.875Z,gpu-3uwoq-6g3ya-2,ib_counter,rdma_vf_rail1,link_downed,0
2026-09-30T06:24:22.875Z,gpu-3uwoq-6g3ya-2,ib_hw_counter,rdma_vf_rail1,out_of_sequence,0
2026-09-30T06:24:22.875Z,gpu-3uwoq-6g3ya-2,ib_hw_counter,rdma_vf_rail1,packet_seq_err,0
2026-09-30T06:24:22.875Z,gpu-3uwoq-6g3ya-2,ib_hw_counter,rdma_vf_rail1,local_ack_timeout_err,0
2026-09-30T06:24:22.875Z,gpu-3uwoq-6g3ya-2,ib_hw_counter,rdma_vf_rail1,rx_write_requests,7.05505e+08
2026-09-30T06:24:22.875Z,gpu-3uwoq-6g3ya-2,ib_hw_counter,rdma_vf_rail1,rx_read_requests,1.06278e+07
2026-09-30T06:24:22.875Z,gpu-3uwoq-6g3ya-2,ib_hw_counter,rdma_vf_rail1,req_cqe_error,0
2026-09-30T06:24:22.875Z,gpu-3uwoq-6g3ya-2,ib_hw_counter,rdma_vf_rail1,resp_cqe_error,0
2026-09-30T06:24:22.875Z,gpu-3uwoq-6g3ya-2,ib_hw_counter,rdma_vf_rail1,implied_nak_seq_err,0
2026-09-30T06:24:22.875Z,gpu-3uwoq-6g3ya-2,ib_hw_counter,rdma_vf_rail1,duplicate_request,0
2026-09-30T06:24:22.875Z,gpu-3uwoq-6g3ya-2,ib_counter,rdma_vf_rail2,port_xmit_data,2.76211e+12
2026-09-30T06:24:22.875Z,gpu-3uwoq-6g3ya-2,ib_counter,rdma_vf_rail2,port_rcv_data,5.72087e+12
2026-09-30T06:24:22.875Z,gpu-3uwoq-6g3ya-2,ib_counter,rdma_vf_rail2,port_xmit_packets,9.42748e+08
2026-09-30T06:24:22.875Z,gpu-3uwoq-6g3ya-2,ib_counter,rdma_vf_rail2,port_rcv_packets,1.56156e+09
2026-09-30T06:24:22.875Z,gpu-3uwoq-6g3ya-2,ib_counter,rdma_vf_rail2,port_xmit_wait,0
2026-09-30T06:24:22.875Z,gpu-3uwoq-6g3ya-2,ib_counter,rdma_vf_rail2,port_rcv_errors,0
2026-09-30T06:24:22.875Z,gpu-3uwoq-6g3ya-2,ib_counter,rdma_vf_rail2,port_xmit_discards,0
2026-09-30T06:24:22.875Z,gpu-3uwoq-6g3ya-2,ib_counter,rdma_vf_rail2,link_downed,0
2026-09-30T06:24:22.875Z,gpu-3uwoq-6g3ya-2,ib_hw_counter,rdma_vf_rail2,out_of_sequence,0
2026-09-30T06:24:22.875Z,gpu-3uwoq-6g3ya-2,ib_hw_counter,rdma_vf_rail2,packet_seq_err,0
2026-09-30T06:24:22.875Z,gpu-3uwoq-6g3ya-2,ib_hw_counter,rdma_vf_rail2,local_ack_timeout_err,0
2026-09-30T06:24:22.875Z,gpu-3uwoq-6g3ya-2,ib_hw_counter,rdma_vf_rail2,rx_write_requests,7.05079e+08
2026-09-30T06:24:22.875Z,gpu-3uwoq-6g3ya-2,ib_hw_counter,rdma_vf_rail2,rx_read_requests,1.042e+07
2026-09-30T06:24:22.875Z,gpu-3uwoq-6g3ya-2,ib_hw_counter,rdma_vf_rail2,req_cqe_error,0
2026-09-30T06:24:22.875Z,gpu-3uwoq-6g3ya-2,ib_hw_counter,rdma_vf_rail2,resp_cqe_error,0
2026-09-30T06:24:22.875Z,gpu-3uwoq-6g3ya-2,ib_hw_counter,rdma_vf_rail2,implied_nak_seq_err,0
2026-09-30T06:24:22.875Z,gpu-3uwoq-6g3ya-2,ib_hw_counter,rdma_vf_rail2,duplicate_request,0
2026-09-30T06:24:22.875Z,gpu-3uwoq-6g3ya-2,ib_counter,rdma_vf_rail3,port_xmit_data,2.76198e+12
2026-09-30T06:24:22.875Z,gpu-3uwoq-6g3ya-2,ib_counter,rdma_vf_rail3,port_rcv_data,5.72148e+12
2026-09-30T06:24:22.875Z,gpu-3uwoq-6g3ya-2,ib_counter,rdma_vf_rail3,port_xmit_packets,9.41089e+08
2026-09-30T06:24:22.875Z,gpu-3uwoq-6g3ya-2,ib_counter,rdma_vf_rail3,port_rcv_packets,1.56898e+09
2026-09-30T06:24:22.875Z,gpu-3uwoq-6g3ya-2,ib_counter,rdma_vf_rail3,port_xmit_wait,0
2026-09-30T06:24:22.875Z,gpu-3uwoq-6g3ya-2,ib_counter,rdma_vf_rail3,port_rcv_errors,0
2026-09-30T06:24:22.875Z,gpu-3uwoq-6g3ya-2,ib_counter,rdma_vf_rail3,port_xmit_discards,0
2026-09-30T06:24:22.875Z,gpu-3uwoq-6g3ya-2,ib_counter,rdma_vf_rail3,link_downed,0
2026-09-30T06:24:22.875Z,gpu-3uwoq-6g3ya-2,ib_hw_counter,rdma_vf_rail3,out_of_sequence,0
2026-09-30T06:24:22.875Z,gpu-3uwoq-6g3ya-2,ib_hw_counter,rdma_vf_rail3,packet_seq_err,1
2026-09-30T06:24:22.875Z,gpu-3uwoq-6g3ya-2,ib_hw_counter,rdma_vf_rail3,local_ack_timeout_err,0
2026-09-30T06:24:22.875Z,gpu-3uwoq-6g3ya-2,ib_hw_counter,rdma_vf_rail3,rx_write_requests,7.05079e+08
2026-09-30T06:24:22.875Z,gpu-3uwoq-6g3ya-2,ib_hw_counter,rdma_vf_rail3,rx_read_requests,1.042e+07
2026-09-30T06:24:22.875Z,gpu-3uwoq-6g3ya-2,ib_hw_counter,rdma_vf_rail3,req_cqe_error,0
2026-09-30T06:24:22.875Z,gpu-3uwoq-6g3ya-2,ib_hw_counter,rdma_vf_rail3,resp_cqe_error,0
2026-09-30T06:24:22.875Z,gpu-3uwoq-6g3ya-2,ib_hw_counter,rdma_vf_rail3,implied_nak_seq_err,0
2026-09-30T06:24:22.875Z,gpu-3uwoq-6g3ya-2,ib_hw_counter,rdma_vf_rail3,duplicate_request,0
2026-09-30T06:24:22.875Z,gpu-3uwoq-6g3ya-2,dcgm,gpu2,gpu_util,0
2026-09-30T06:24:22.875Z,gpu-3uwoq-6g3ya-2,dcgm,gpu3,gpu_util,0
2026-09-30T06:24:22.875Z,gpu-3uwoq-6g3ya-2,dcgm,gpu1,gpu_util,0
2026-09-30T06:24:22.875Z,gpu-3uwoq-6g3ya-2,dcgm,gpu0,gpu_util,0
2026-09-30T06:24:22.875Z,gpu-3uwoq-6g3ya-2,dcgm,gpu2,nvlink_bandwidth_total,0
2026-09-30T06:24:22.875Z,gpu-3uwoq-6g3ya-2,dcgm,gpu3,nvlink_bandwidth_total,0
2026-09-30T06:24:22.875Z,gpu-3uwoq-6g3ya-2,dcgm,gpu1,nvlink_bandwidth_total,0
2026-09-30T06:24:22.875Z,gpu-3uwoq-6g3ya-2,dcgm,gpu0,nvlink_bandwidth_total,0
2026-09-30T06:24:22.875Z,gpu-3uwoq-6g3ya-2,dcgm,gpu2,power_w,231.177
2026-09-30T06:24:22.875Z,gpu-3uwoq-6g3ya-2,dcgm,gpu3,power_w,234.24
2026-09-30T06:24:22.875Z,gpu-3uwoq-6g3ya-2,dcgm,gpu1,power_w,229.904
2026-09-30T06:24:22.875Z,gpu-3uwoq-6g3ya-2,dcgm,gpu0,power_w,226.486
2026-09-30T06:24:22.875Z,gpu-3uwoq-6g3ya-2,dcgm,gpu2,sm_clock_mhz,2070
2026-09-30T06:24:22.875Z,gpu-3uwoq-6g3ya-2,dcgm,gpu3,sm_clock_mhz,2070
2026-09-30T06:24:22.875Z,gpu-3uwoq-6g3ya-2,dcgm,gpu1,sm_clock_mhz,2070
2026-09-30T06:24:22.875Z,gpu-3uwoq-6g3ya-2,dcgm,gpu0,sm_clock_mhz,2070
2026-09-30T06:24:22.875Z,gpu-3uwoq-6g3ya-2,dcgm,gpu2,dram_active,3e-06
2026-09-30T06:24:22.875Z,gpu-3uwoq-6g3ya-2,dcgm,gpu3,dram_active,3e-06
2026-09-30T06:24:22.875Z,gpu-3uwoq-6g3ya-2,dcgm,gpu1,dram_active,3e-06
2026-09-30T06:24:22.875Z,gpu-3uwoq-6g3ya-2,dcgm,gpu0,dram_active,3e-06
2026-09-30T06:24:22.875Z,gpu-3uwoq-6g3ya-2,dcgm,gpu2,pcie_rx_bytes,247651
2026-09-30T06:24:22.875Z,gpu-3uwoq-6g3ya-2,dcgm,gpu3,pcie_rx_bytes,234991
2026-09-30T06:24:22.875Z,gpu-3uwoq-6g3ya-2,dcgm,gpu1,pcie_rx_bytes,293204
2026-09-30T06:24:22.875Z,gpu-3uwoq-6g3ya-2,dcgm,gpu0,pcie_rx_bytes,297902
2026-09-30T06:24:22.875Z,gpu-3uwoq-6g3ya-2,dcgm,gpu2,pcie_tx_bytes,225131
2026-09-30T06:24:22.875Z,gpu-3uwoq-6g3ya-2,dcgm,gpu3,pcie_tx_bytes,212334
2026-09-30T06:24:22.875Z,gpu-3uwoq-6g3ya-2,dcgm,gpu1,pcie_tx_bytes,270834
2026-09-30T06:24:22.875Z,gpu-3uwoq-6g3ya-2,dcgm,gpu0,pcie_tx_bytes,275071
2026-09-30T06:24:22.875Z,gpu-3uwoq-6g3ya-2,dcgm,gpu2,tensor_active,0
2026-09-30T06:24:22.875Z,gpu-3uwoq-6g3ya-2,dcgm,gpu3,tensor_active,0
2026-09-30T06:24:22.875Z,gpu-3uwoq-6g3ya-2,dcgm,gpu1,tensor_active,0
2026-09-30T06:24:22.875Z,gpu-3uwoq-6g3ya-2,dcgm,gpu0,tensor_active,0
2026-09-30T06:24:22.875Z,gpu-3uwoq-6g3ya-2,dcgm,gpu2,sm_active,0
2026-09-30T06:24:22.875Z,gpu-3uwoq-6g3ya-2,dcgm,gpu3,sm_active,0
2026-09-30T06:24:22.875Z,gpu-3uwoq-6g3ya-2,dcgm,gpu1,sm_active,0
2026-09-30T06:24:22.875Z,gpu-3uwoq-6g3ya-2,dcgm,gpu0,sm_active,0
2026-09-30T06:24:22.875Z,gpu-3uwoq-6g3ya-2,nvlink,gpu0,nvlink_rx_bytes,4.68692e+13
2026-09-30T06:24:22.875Z,gpu-3uwoq-6g3ya-2,nvlink,gpu0,nvlink_tx_bytes,4.68696e+13
2026-09-30T06:24:22.875Z,gpu-3uwoq-6g3ya-2,nvlink,gpu1,nvlink_rx_bytes,4.70222e+13
2026-09-30T06:24:22.875Z,gpu-3uwoq-6g3ya-2,nvlink,gpu1,nvlink_tx_bytes,4.70228e+13
2026-09-30T06:24:22.875Z,gpu-3uwoq-6g3ya-2,nvlink,gpu2,nvlink_rx_bytes,4.68912e+13
2026-09-30T06:24:22.875Z,gpu-3uwoq-6g3ya-2,nvlink,gpu2,nvlink_tx_bytes,4.68913e+13
2026-09-30T06:24:22.875Z,gpu-3uwoq-6g3ya-2,nvlink,gpu3,nvlink_rx_bytes,4.68385e+13
2026-09-30T06:24:22.875Z,gpu-3uwoq-6g3ya-2,nvlink,gpu3,nvlink_tx_bytes,4.68389e+13
2026-09-30T06:24:23.875Z,gpu-3uwoq-6g3ya-2,ib_counter,rdma_vf_rail0,port_xmit_data,2.8979e+12
2026-09-30T06:24:23.875Z,gpu-3uwoq-6g3ya-2,ib_counter,rdma_vf_rail0,port_rcv_data,5.85726e+12
2026-09-30T06:24:23.875Z,gpu-3uwoq-6g3ya-2,ib_counter,rdma_vf_rail0,port_xmit_packets,9.93301e+08
2026-09-30T06:24:23.875Z,gpu-3uwoq-6g3ya-2,ib_counter,rdma_vf_rail0,port_rcv_packets,1.61819e+09
2026-09-30T06:24:23.875Z,gpu-3uwoq-6g3ya-2,ib_counter,rdma_vf_rail0,port_xmit_wait,0
2026-09-30T06:24:23.875Z,gpu-3uwoq-6g3ya-2,ib_counter,rdma_vf_rail0,port_rcv_errors,0
2026-09-30T06:24:23.875Z,gpu-3uwoq-6g3ya-2,ib_counter,rdma_vf_rail0,port_xmit_discards,0
2026-09-30T06:24:23.875Z,gpu-3uwoq-6g3ya-2,ib_counter,rdma_vf_rail0,link_downed,0
2026-09-30T06:24:23.875Z,gpu-3uwoq-6g3ya-2,ib_hw_counter,rdma_vf_rail0,out_of_sequence,0
2026-09-30T06:24:23.875Z,gpu-3uwoq-6g3ya-2,ib_hw_counter,rdma_vf_rail0,packet_seq_err,0
2026-09-30T06:24:23.875Z,gpu-3uwoq-6g3ya-2,ib_hw_counter,rdma_vf_rail0,local_ack_timeout_err,0
2026-09-30T06:24:23.875Z,gpu-3uwoq-6g3ya-2,ib_hw_counter,rdma_vf_rail0,rx_write_requests,7.07105e+08
2026-09-30T06:24:23.875Z,gpu-3uwoq-6g3ya-2,ib_hw_counter,rdma_vf_rail0,rx_read_requests,1.14286e+07
2026-09-30T06:24:23.875Z,gpu-3uwoq-6g3ya-2,ib_hw_counter,rdma_vf_rail0,req_cqe_error,0
2026-09-30T06:24:23.875Z,gpu-3uwoq-6g3ya-2,ib_hw_counter,rdma_vf_rail0,resp_cqe_error,0
2026-09-30T06:24:23.875Z,gpu-3uwoq-6g3ya-2,ib_hw_counter,rdma_vf_rail0,implied_nak_seq_err,0
2026-09-30T06:24:23.875Z,gpu-3uwoq-6g3ya-2,ib_hw_counter,rdma_vf_rail0,duplicate_request,0
2026-09-30T06:24:23.875Z,gpu-3uwoq-6g3ya-2,ib_counter,rdma_vf_rail1,port_xmit_data,2.78983e+12
2026-09-30T06:24:23.875Z,gpu-3uwoq-6g3ya-2,ib_counter,rdma_vf_rail1,port_rcv_data,5.74915e+12
2026-09-30T06:24:23.875Z,gpu-3uwoq-6g3ya-2,ib_counter,rdma_vf_rail1,port_xmit_packets,9.6064e+08
2026-09-30T06:24:23.875Z,gpu-3uwoq-6g3ya-2,ib_counter,rdma_vf_rail1,port_rcv_packets,1.58571e+09
2026-09-30T06:24:23.875Z,gpu-3uwoq-6g3ya-2,ib_counter,rdma_vf_rail1,port_xmit_wait,0
2026-09-30T06:24:23.875Z,gpu-3uwoq-6g3ya-2,ib_counter,rdma_vf_rail1,port_rcv_errors,0
2026-09-30T06:24:23.875Z,gpu-3uwoq-6g3ya-2,ib_counter,rdma_vf_rail1,port_xmit_discards,0
2026-09-30T06:24:23.875Z,gpu-3uwoq-6g3ya-2,ib_counter,rdma_vf_rail1,link_downed,0
2026-09-30T06:24:23.875Z,gpu-3uwoq-6g3ya-2,ib_hw_counter,rdma_vf_rail1,out_of_sequence,0
2026-09-30T06:24:23.875Z,gpu-3uwoq-6g3ya-2,ib_hw_counter,rdma_vf_rail1,packet_seq_err,0
2026-09-30T06:24:23.875Z,gpu-3uwoq-6g3ya-2,ib_hw_counter,rdma_vf_rail1,local_ack_timeout_err,0
2026-09-30T06:24:23.875Z,gpu-3uwoq-6g3ya-2,ib_hw_counter,rdma_vf_rail1,rx_write_requests,7.05505e+08
2026-09-30T06:24:23.875Z,gpu-3uwoq-6g3ya-2,ib_hw_counter,rdma_vf_rail1,rx_read_requests,1.06278e+07
2026-09-30T06:24:23.875Z,gpu-3uwoq-6g3ya-2,ib_hw_counter,rdma_vf_rail1,req_cqe_error,0
2026-09-30T06:24:23.875Z,gpu-3uwoq-6g3ya-2,ib_hw_counter,rdma_vf_rail1,resp_cqe_error,0
2026-09-30T06:24:23.875Z,gpu-3uwoq-6g3ya-2,ib_hw_counter,rdma_vf_rail1,implied_nak_seq_err,0
2026-09-30T06:24:23.875Z,gpu-3uwoq-6g3ya-2,ib_hw_counter,rdma_vf_rail1,duplicate_request,0
2026-09-30T06:24:23.875Z,gpu-3uwoq-6g3ya-2,ib_counter,rdma_vf_rail2,port_xmit_data,2.76211e+12
2026-09-30T06:24:23.875Z,gpu-3uwoq-6g3ya-2,ib_counter,rdma_vf_rail2,port_rcv_data,5.72087e+12
2026-09-30T06:24:23.875Z,gpu-3uwoq-6g3ya-2,ib_counter,rdma_vf_rail2,port_xmit_packets,9.42748e+08
2026-09-30T06:24:23.875Z,gpu-3uwoq-6g3ya-2,ib_counter,rdma_vf_rail2,port_rcv_packets,1.56156e+09
2026-09-30T06:24:23.875Z,gpu-3uwoq-6g3ya-2,ib_counter,rdma_vf_rail2,port_xmit_wait,0
2026-09-30T06:24:23.875Z,gpu-3uwoq-6g3ya-2,ib_counter,rdma_vf_rail2,port_rcv_errors,0
2026-09-30T06:24:23.875Z,gpu-3uwoq-6g3ya-2,ib_counter,rdma_vf_rail2,port_xmit_discards,0
2026-09-30T06:24:23.875Z,gpu-3uwoq-6g3ya-2,ib_counter,rdma_vf_rail2,link_downed,0
2026-09-30T06:24:23.875Z,gpu-3uwoq-6g3ya-2,ib_hw_counter,rdma_vf_rail2,out_of_sequence,0
2026-09-30T06:24:23.875Z,gpu-3uwoq-6g3ya-2,ib_hw_counter,rdma_vf_rail2,packet_seq_err,0
2026-09-30T06:24:23.875Z,gpu-3uwoq-6g3ya-2,ib_hw_counter,rdma_vf_rail2,local_ack_timeout_err,0
2026-09-30T06:24:23.875Z,gpu-3uwoq-6g3ya-2,ib_hw_counter,rdma_vf_rail2,rx_write_requests,7.05079e+08
2026-09-30T06:24:23.875Z,gpu-3uwoq-6g3ya-2,ib_hw_counter,rdma_vf_rail2,rx_read_requests,1.042e+07
2026-09-30T06:24:23.875Z,gpu-3uwoq-6g3ya-2,ib_hw_counter,rdma_vf_rail2,req_cqe_error,0
2026-09-30T06:24:23.875Z,gpu-3uwoq-6g3ya-2,ib_hw_counter,rdma_vf_rail2,resp_cqe_error,0
2026-09-30T06:24:23.875Z,gpu-3uwoq-6g3ya-2,ib_hw_counter,rdma_vf_rail2,implied_nak_seq_err,0
2026-09-30T06:24:23.875Z,gpu-3uwoq-6g3ya-2,ib_hw_counter,rdma_vf_rail2,duplicate_request,0
2026-09-30T06:24:23.875Z,gpu-3uwoq-6g3ya-2,ib_counter,rdma_vf_rail3,port_xmit_data,2.76198e+12
2026-09-30T06:24:23.875Z,gpu-3uwoq-6g3ya-2,ib_counter,rdma_vf_rail3,port_rcv_data,5.72148e+12
2026-09-30T06:24:23.875Z,gpu-3uwoq-6g3ya-2,ib_counter,rdma_vf_rail3,port_xmit_packets,9.41089e+08
2026-09-30T06:24:23.875Z,gpu-3uwoq-6g3ya-2,ib_counter,rdma_vf_rail3,port_rcv_packets,1.56898e+09
2026-09-30T06:24:23.875Z,gpu-3uwoq-6g3ya-2,ib_counter,rdma_vf_rail3,port_xmit_wait,0
2026-09-30T06:24:23.875Z,gpu-3uwoq-6g3ya-2,ib_counter,rdma_vf_rail3,port_rcv_errors,0
2026-09-30T06:24:23.875Z,gpu-3uwoq-6g3ya-2,ib_counter,rdma_vf_rail3,port_xmit_discards,0
2026-09-30T06:24:23.875Z,gpu-3uwoq-6g3ya-2,ib_counter,rdma_vf_rail3,link_downed,0
2026-09-30T06:24:23.875Z,gpu-3uwoq-6g3ya-2,ib_hw_counter,rdma_vf_rail3,out_of_sequence,0
2026-09-30T06:24:23.875Z,gpu-3uwoq-6g3ya-2,ib_hw_counter,rdma_vf_rail3,packet_seq_err,1
2026-09-30T06:24:23.875Z,gpu-3uwoq-6g3ya-2,ib_hw_counter,rdma_vf_rail3,local_ack_timeout_err,0
2026-09-30T06:24:23.875Z,gpu-3uwoq-6g3ya-2,ib_hw_counter,rdma_vf_rail3,rx_write_requests,7.05079e+08
2026-09-30T06:24:23.875Z,gpu-3uwoq-6g3ya-2,ib_hw_counter,rdma_vf_rail3,rx_read_requests,1.042e+07
2026-09-30T06:24:23.875Z,gpu-3uwoq-6g3ya-2,ib_hw_counter,rdma_vf_rail3,req_cqe_error,0
2026-09-30T06:24:23.875Z,gpu-3uwoq-6g3ya-2,ib_hw_counter,rdma_vf_rail3,resp_cqe_error,0
2026-09-30T06:24:23.875Z,gpu-3uwoq-6g3ya-2,ib_hw_counter,rdma_vf_rail3,implied_nak_seq_err,0
2026-09-30T06:24:23.875Z,gpu-3uwoq-6g3ya-2,ib_hw_counter,rdma_vf_rail3,duplicate_request,0
2026-09-30T06:24:23.875Z,gpu-3uwoq-6g3ya-2,dcgm,gpu2,gpu_util,0
2026-09-30T06:24:23.875Z,gpu-3uwoq-6g3ya-2,dcgm,gpu3,gpu_util,0
2026-09-30T06:24:23.875Z,gpu-3uwoq-6g3ya-2,dcgm,gpu1,gpu_util,0
2026-09-30T06:24:23.875Z,gpu-3uwoq-6g3ya-2,dcgm,gpu0,gpu_util,0
2026-09-30T06:24:23.875Z,gpu-3uwoq-6g3ya-2,dcgm,gpu2,nvlink_bandwidth_total,0
2026-09-30T06:24:23.875Z,gpu-3uwoq-6g3ya-2,dcgm,gpu3,nvlink_bandwidth_total,0
2026-09-30T06:24:23.875Z,gpu-3uwoq-6g3ya-2,dcgm,gpu1,nvlink_bandwidth_total,0
2026-09-30T06:24:23.875Z,gpu-3uwoq-6g3ya-2,dcgm,gpu0,nvlink_bandwidth_total,0
2026-09-30T06:24:23.875Z,gpu-3uwoq-6g3ya-2,dcgm,gpu2,power_w,231.177
2026-09-30T06:24:23.875Z,gpu-3uwoq-6g3ya-2,dcgm,gpu3,power_w,234.24
2026-09-30T06:24:23.875Z,gpu-3uwoq-6g3ya-2,dcgm,gpu1,power_w,229.904
2026-09-30T06:24:23.875Z,gpu-3uwoq-6g3ya-2,dcgm,gpu0,power_w,226.486
2026-09-30T06:24:23.875Z,gpu-3uwoq-6g3ya-2,dcgm,gpu2,sm_clock_mhz,2070
2026-09-30T06:24:23.875Z,gpu-3uwoq-6g3ya-2,dcgm,gpu3,sm_clock_mhz,2070
2026-09-30T06:24:23.875Z,gpu-3uwoq-6g3ya-2,dcgm,gpu1,sm_clock_mhz,2070
2026-09-30T06:24:23.875Z,gpu-3uwoq-6g3ya-2,dcgm,gpu0,sm_clock_mhz,2070
2026-09-30T06:24:23.875Z,gpu-3uwoq-6g3ya-2,dcgm,gpu2,dram_active,3e-06
2026-09-30T06:24:23.875Z,gpu-3uwoq-6g3ya-2,dcgm,gpu3,dram_active,3e-06
2026-09-30T06:24:23.875Z,gpu-3uwoq-6g3ya-2,dcgm,gpu1,dram_active,3e-06
2026-09-30T06:24:23.875Z,gpu-3uwoq-6g3ya-2,dcgm,gpu0,dram_active,3e-06
2026-09-30T06:24:23.875Z,gpu-3uwoq-6g3ya-2,dcgm,gpu2,pcie_rx_bytes,247651
2026-09-30T06:24:23.875Z,gpu-3uwoq-6g3ya-2,dcgm,gpu3,pcie_rx_bytes,234991
2026-09-30T06:24:23.875Z,gpu-3uwoq-6g3ya-2,dcgm,gpu1,pcie_rx_bytes,293204
2026-09-30T06:24:23.875Z,gpu-3uwoq-6g3ya-2,dcgm,gpu0,pcie_rx_bytes,297902
2026-09-30T06:24:23.875Z,gpu-3uwoq-6g3ya-2,dcgm,gpu2,pcie_tx_bytes,225131
2026-09-30T06:24:23.875Z,gpu-3uwoq-6g3ya-2,dcgm,gpu3,pcie_tx_bytes,212334
2026-09-30T06:24:23.875Z,gpu-3uwoq-6g3ya-2,dcgm,gpu1,pcie_tx_bytes,270834
2026-09-30T06:24:23.875Z,gpu-3uwoq-6g3ya-2,dcgm,gpu0,pcie_tx_bytes,275071
2026-09-30T06:24:23.875Z,gpu-3uwoq-6g3ya-2,dcgm,gpu2,tensor_active,0
2026-09-30T06:24:23.875Z,gpu-3uwoq-6g3ya-2,dcgm,gpu3,tensor_active,0
2026-09-30T06:24:23.875Z,gpu-3uwoq-6g3ya-2,dcgm,gpu1,tensor_active,0
2026-09-30T06:24:23.875Z,gpu-3uwoq-6g3ya-2,dcgm,gpu0,tensor_active,0
2026-09-30T06:24:23.875Z,gpu-3uwoq-6g3ya-2,dcgm,gpu2,sm_active,0
2026-09-30T06:24:23.875Z,gpu-3uwoq-6g3ya-2,dcgm,gpu3,sm_active,0
2026-09-30T06:24:23.875Z,gpu-3uwoq-6g3ya-2,dcgm,gpu1,sm_active,0
2026-09-30T06:24:23.875Z,gpu-3uwoq-6g3ya-2,dcgm,gpu0,sm_active,0
2026-09-30T06:24:23.875Z,gpu-3uwoq-6g3ya-2,nvlink,gpu0,nvlink_rx_bytes,4.68692e+13
2026-09-30T06:24:23.875Z,gpu-3uwoq-6g3ya-2,nvlink,gpu0,nvlink_tx_bytes,4.68696e+13
2026-09-30T06:24:23.875Z,gpu-3uwoq-6g3ya-2,nvlink,gpu1,nvlink_rx_bytes,4.70222e+13
2026-09-30T06:24:23.875Z,gpu-3uwoq-6g3ya-2,nvlink,gpu1,nvlink_tx_bytes,4.70228e+13
2026-09-30T06:24:23.875Z,gpu-3uwoq-6g3ya-2,nvlink,gpu2,nvlink_rx_bytes,4.68912e+13
2026-09-30T06:24:23.875Z,gpu-3uwoq-6g3ya-2,nvlink,gpu2,nvlink_tx_bytes,4.68913e+13
2026-09-30T06:24:23.875Z,gpu-3uwoq-6g3ya-2,nvlink,gpu3,nvlink_rx_bytes,4.68385e+13
2026-09-30T06:24:23.875Z,gpu-3uwoq-6g3ya-2,nvlink,gpu3,nvlink_tx_bytes,4.68389e+13
2026-09-30T06:24:24.875Z,gpu-3uwoq-6g3ya-2,ib_counter,rdma_vf_rail0,port_xmit_data,2.8979e+12
2026-09-30T06:24:24.875Z,gpu-3uwoq-6g3ya-2,ib_counter,rdma_vf_rail0,port_rcv_data,5.85726e+12
2026-09-30T06:24:24.875Z,gpu-3uwoq-6g3ya-2,ib_counter,rdma_vf_rail0,port_xmit_packets,9.93301e+08
2026-09-30T06:24:24.875Z,gpu-3uwoq-6g3ya-2,ib_counter,rdma_vf_rail0,port_rcv_packets,1.61819e+09
2026-09-30T06:24:24.875Z,gpu-3uwoq-6g3ya-2,ib_counter,rdma_vf_rail0,port_xmit_wait,0
2026-09-30T06:24:24.875Z,gpu-3uwoq-6g3ya-2,ib_counter,rdma_vf_rail0,port_rcv_errors,0
2026-09-30T06:24:24.875Z,gpu-3uwoq-6g3ya-2,ib_counter,rdma_vf_rail0,port_xmit_discards,0
2026-09-30T06:24:24.875Z,gpu-3uwoq-6g3ya-2,ib_counter,rdma_vf_rail0,link_downed,0
2026-09-30T06:24:24.875Z,gpu-3uwoq-6g3ya-2,ib_hw_counter,rdma_vf_rail0,out_of_sequence,0
2026-09-30T06:24:24.875Z,gpu-3uwoq-6g3ya-2,ib_hw_counter,rdma_vf_rail0,packet_seq_err,0
2026-09-30T06:24:24.875Z,gpu-3uwoq-6g3ya-2,ib_hw_counter,rdma_vf_rail0,local_ack_timeout_err,0
2026-09-30T06:24:24.875Z,gpu-3uwoq-6g3ya-2,ib_hw_counter,rdma_vf_rail0,rx_write_requests,7.07105e+08
2026-09-30T06:24:24.875Z,gpu-3uwoq-6g3ya-2,ib_hw_counter,rdma_vf_rail0,rx_read_requests,1.14286e+07
2026-09-30T06:24:24.875Z,gpu-3uwoq-6g3ya-2,ib_hw_counter,rdma_vf_rail0,req_cqe_error,0
2026-09-30T06:24:24.875Z,gpu-3uwoq-6g3ya-2,ib_hw_counter,rdma_vf_rail0,resp_cqe_error,0
2026-09-30T06:24:24.875Z,gpu-3uwoq-6g3ya-2,ib_hw_counter,rdma_vf_rail0,implied_nak_seq_err,0
2026-09-30T06:24:24.875Z,gpu-3uwoq-6g3ya-2,ib_hw_counter,rdma_vf_rail0,duplicate_request,0
2026-09-30T06:24:24.875Z,gpu-3uwoq-6g3ya-2,ib_counter,rdma_vf_rail1,port_xmit_data,2.78983e+12
2026-09-30T06:24:24.875Z,gpu-3uwoq-6g3ya-2,ib_counter,rdma_vf_rail1,port_rcv_data,5.74915e+12
2026-09-30T06:24:24.875Z,gpu-3uwoq-6g3ya-2,ib_counter,rdma_vf_rail1,port_xmit_packets,9.6064e+08
2026-09-30T06:24:24.875Z,gpu-3uwoq-6g3ya-2,ib_counter,rdma_vf_rail1,port_rcv_packets,1.58571e+09
2026-09-30T06:24:24.875Z,gpu-3uwoq-6g3ya-2,ib_counter,rdma_vf_rail1,port_xmit_wait,0
2026-09-30T06:24:24.875Z,gpu-3uwoq-6g3ya-2,ib_counter,rdma_vf_rail1,port_rcv_errors,0
2026-09-30T06:24:24.875Z,gpu-3uwoq-6g3ya-2,ib_counter,rdma_vf_rail1,port_xmit_discards,0
2026-09-30T06:24:24.875Z,gpu-3uwoq-6g3ya-2,ib_counter,rdma_vf_rail1,link_downed,0
2026-09-30T06:24:24.875Z,gpu-3uwoq-6g3ya-2,ib_hw_counter,rdma_vf_rail1,out_of_sequence,0
2026-09-30T06:24:24.875Z,gpu-3uwoq-6g3ya-2,ib_hw_counter,rdma_vf_rail1,packet_seq_err,0
2026-09-30T06:24:24.875Z,gpu-3uwoq-6g3ya-2,ib_hw_counter,rdma_vf_rail1,local_ack_timeout_err,0
2026-09-30T06:24:24.875Z,gpu-3uwoq-6g3ya-2,ib_hw_counter,rdma_vf_rail1,rx_write_requests,7.05505e+08
2026-09-30T06:24:24.875Z,gpu-3uwoq-6g3ya-2,ib_hw_counter,rdma_vf_rail1,rx_read_requests,1.06278e+07
2026-09-30T06:24:24.875Z,gpu-3uwoq-6g3ya-2,ib_hw_counter,rdma_vf_rail1,req_cqe_error,0
2026-09-30T06:24:24.875Z,gpu-3uwoq-6g3ya-2,ib_hw_counter,rdma_vf_rail1,resp_cqe_error,0
2026-09-30T06:24:24.875Z,gpu-3uwoq-6g3ya-2,ib_hw_counter,rdma_vf_rail1,implied_nak_seq_err,0
2026-09-30T06:24:24.875Z,gpu-3uwoq-6g3ya-2,ib_hw_counter,rdma_vf_rail1,duplicate_request,0
2026-09-30T06:24:24.875Z,gpu-3uwoq-6g3ya-2,ib_counter,rdma_vf_rail2,port_xmit_data,2.76211e+12
2026-09-30T06:24:24.875Z,gpu-3uwoq-6g3ya-2,ib_counter,rdma_vf_rail2,port_rcv_data,5.72087e+12
2026-09-30T06:24:24.875Z,gpu-3uwoq-6g3ya-2,ib_counter,rdma_vf_rail2,port_xmit_packets,9.42748e+08
2026-09-30T06:24:24.875Z,gpu-3uwoq-6g3ya-2,ib_counter,rdma_vf_rail2,port_rcv_packets,1.56156e+09
2026-09-30T06:24:24.875Z,gpu-3uwoq-6g3ya-2,ib_counter,rdma_vf_rail2,port_xmit_wait,0
2026-09-30T06:24:24.875Z,gpu-3uwoq-6g3ya-2,ib_counter,rdma_vf_rail2,port_rcv_errors,0
2026-09-30T06:24:24.875Z,gpu-3uwoq-6g3ya-2,ib_counter,rdma_vf_rail2,port_xmit_discards,0
2026-09-30T06:24:24.875Z,gpu-3uwoq-6g3ya-2,ib_counter,rdma_vf_rail2,link_downed,0
2026-09-30T06:24:24.875Z,gpu-3uwoq-6g3ya-2,ib_hw_counter,rdma_vf_rail2,out_of_sequence,0
2026-09-30T06:24:24.875Z,gpu-3uwoq-6g3ya-2,ib_hw_counter,rdma_vf_rail2,packet_seq_err,0
2026-09-30T06:24:24.875Z,gpu-3uwoq-6g3ya-2,ib_hw_counter,rdma_vf_rail2,local_ack_timeout_err,0
2026-09-30T06:24:24.875Z,gpu-3uwoq-6g3ya-2,ib_hw_counter,rdma_vf_rail2,rx_write_requests,7.05079e+08
2026-09-30T06:24:24.875Z,gpu-3uwoq-6g3ya-2,ib_hw_counter,rdma_vf_rail2,rx_read_requests,1.042e+07
2026-09-30T06:24:24.875Z,gpu-3uwoq-6g3ya-2,ib_hw_counter,rdma_vf_rail2,req_cqe_error,0
2026-09-30T06:24:24.875Z,gpu-3uwoq-6g3ya-2,ib_hw_counter,rdma_vf_rail2,resp_cqe_error,0
2026-09-30T06:24:24.875Z,gpu-3uwoq-6g3ya-2,ib_hw_counter,rdma_vf_rail2,implied_nak_seq_err,0
2026-09-30T06:24:24.875Z,gpu-3uwoq-6g3ya-2,ib_hw_counter,rdma_vf_rail2,duplicate_request,0
2026-09-30T06:24:24.875Z,gpu-3uwoq-6g3ya-2,ib_counter,rdma_vf_rail3,port_xmit_data,2.76198e+12
2026-09-30T06:24:24.875Z,gpu-3uwoq-6g3ya-2,ib_counter,rdma_vf_rail3,port_rcv_data,5.72148e+12
2026-09-30T06:24:24.875Z,gpu-3uwoq-6g3ya-2,ib_counter,rdma_vf_rail3,port_xmit_packets,9.41089e+08
2026-09-30T06:24:24.875Z,gpu-3uwoq-6g3ya-2,ib_counter,rdma_vf_rail3,port_rcv_packets,1.56898e+09
2026-09-30T06:24:24.875Z,gpu-3uwoq-6g3ya-2,ib_counter,rdma_vf_rail3,port_xmit_wait,0
2026-09-30T06:24:24.875Z,gpu-3uwoq-6g3ya-2,ib_counter,rdma_vf_rail3,port_rcv_errors,0
2026-09-30T06:24:24.875Z,gpu-3uwoq-6g3ya-2,ib_counter,rdma_vf_rail3,port_xmit_discards,0
2026-09-30T06:24:24.875Z,gpu-3uwoq-6g3ya-2,ib_counter,rdma_vf_rail3,link_downed,0
2026-09-30T06:24:24.875Z,gpu-3uwoq-6g3ya-2,ib_hw_counter,rdma_vf_rail3,out_of_sequence,0
2026-09-30T06:24:24.875Z,gpu-3uwoq-6g3ya-2,ib_hw_counter,rdma_vf_rail3,packet_seq_err,1
2026-09-30T06:24:24.875Z,gpu-3uwoq-6g3ya-2,ib_hw_counter,rdma_vf_rail3,local_ack_timeout_err,0
2026-09-30T06:24:24.875Z,gpu-3uwoq-6g3ya-2,ib_hw_counter,rdma_vf_rail3,rx_write_requests,7.05079e+08
2026-09-30T06:24:24.875Z,gpu-3uwoq-6g3ya-2,ib_hw_counter,rdma_vf_rail3,rx_read_requests,1.042e+07
2026-09-30T06:24:24.875Z,gpu-3uwoq-6g3ya-2,ib_hw_counter,rdma_vf_rail3,req_cqe_error,0
2026-09-30T06:24:24.875Z,gpu-3uwoq-6g3ya-2,ib_hw_counter,rdma_vf_rail3,resp_cqe_error,0
2026-09-30T06:24:24.875Z,gpu-3uwoq-6g3ya-2,ib_hw_counter,rdma_vf_rail3,implied_nak_seq_err,0
2026-09-30T06:24:24.875Z,gpu-3uwoq-6g3ya-2,ib_hw_counter,rdma_vf_rail3,duplicate_request,0
2026-09-30T06:24:24.875Z,gpu-3uwoq-6g3ya-2,dcgm,gpu2,gpu_util,0
2026-09-30T06:24:24.875Z,gpu-3uwoq-6g3ya-2,dcgm,gpu3,gpu_util,0
2026-09-30T06:24:24.875Z,gpu-3uwoq-6g3ya-2,dcgm,gpu1,gpu_util,0
2026-09-30T06:24:24.875Z,gpu-3uwoq-6g3ya-2,dcgm,gpu0,gpu_util,0
2026-09-30T06:24:24.875Z,gpu-3uwoq-6g3ya-2,dcgm,gpu2,nvlink_bandwidth_total,0
2026-09-30T06:24:24.875Z,gpu-3uwoq-6g3ya-2,dcgm,gpu3,nvlink_bandwidth_total,0
2026-09-30T06:24:24.875Z,gpu-3uwoq-6g3ya-2,dcgm,gpu1,nvlink_bandwidth_total,0
2026-09-30T06:24:24.875Z,gpu-3uwoq-6g3ya-2,dcgm,gpu0,nvlink_bandwidth_total,0
2026-09-30T06:24:24.875Z,gpu-3uwoq-6g3ya-2,dcgm,gpu2,power_w,231.177
2026-09-30T06:24:24.875Z,gpu-3uwoq-6g3ya-2,dcgm,gpu3,power_w,234.24
2026-09-30T06:24:24.875Z,gpu-3uwoq-6g3ya-2,dcgm,gpu1,power_w,229.904
2026-09-30T06:24:24.875Z,gpu-3uwoq-6g3ya-2,dcgm,gpu0,power_w,226.486
2026-09-30T06:24:24.875Z,gpu-3uwoq-6g3ya-2,dcgm,gpu2,sm_clock_mhz,2070
2026-09-30T06:24:24.875Z,gpu-3uwoq-6g3ya-2,dcgm,gpu3,sm_clock_mhz,2070
2026-09-30T06:24:24.875Z,gpu-3uwoq-6g3ya-2,dcgm,gpu1,sm_clock_mhz,2070
2026-09-30T06:24:24.875Z,gpu-3uwoq-6g3ya-2,dcgm,gpu0,sm_clock_mhz,2070
2026-09-30T06:24:24.875Z,gpu-3uwoq-6g3ya-2,dcgm,gpu2,dram_active,3e-06
2026-09-30T06:24:24.875Z,gpu-3uwoq-6g3ya-2,dcgm,gpu3,dram_active,3e-06
2026-09-30T06:24:24.875Z,gpu-3uwoq-6g3ya-2,dcgm,gpu1,dram_active,3e-06
2026-09-30T06:24:24.875Z,gpu-3uwoq-6g3ya-2,dcgm,gpu0,dram_active,3e-06
2026-09-30T06:24:24.875Z,gpu-3uwoq-6g3ya-2,dcgm,gpu2,pcie_rx_bytes,247651
2026-09-30T06:24:24.875Z,gpu-3uwoq-6g3ya-2,dcgm,gpu3,pcie_rx_bytes,234991
2026-09-30T06:24:24.875Z,gpu-3uwoq-6g3ya-2,dcgm,gpu1,pcie_rx_bytes,293204
2026-09-30T06:24:24.875Z,gpu-3uwoq-6g3ya-2,dcgm,gpu0,pcie_rx_bytes,297902
2026-09-30T06:24:24.875Z,gpu-3uwoq-6g3ya-2,dcgm,gpu2,pcie_tx_bytes,225131
2026-09-30T06:24:24.875Z,gpu-3uwoq-6g3ya-2,dcgm,gpu3,pcie_tx_bytes,212334
2026-09-30T06:24:24.875Z,gpu-3uwoq-6g3ya-2,dcgm,gpu1,pcie_tx_bytes,270834
2026-09-30T06:24:24.875Z,gpu-3uwoq-6g3ya-2,dcgm,gpu0,pcie_tx_bytes,275071
2026-09-30T06:24:24.875Z,gpu-3uwoq-6g3ya-2,dcgm,gpu2,tensor_active,0
2026-09-30T06:24:24.875Z,gpu-3uwoq-6g3ya-2,dcgm,gpu3,tensor_active,0
2026-09-30T06:24:24.875Z,gpu-3uwoq-6g3ya-2,dcgm,gpu1,tensor_active,0
2026-09-30T06:24:24.875Z,gpu-3uwoq-6g3ya-2,dcgm,gpu0,tensor_active,0
2026-09-30T06:24:24.875Z,gpu-3uwoq-6g3ya-2,dcgm,gpu2,sm_active,0
2026-09-30T06:24:24.875Z,gpu-3uwoq-6g3ya-2,dcgm,gpu3,sm_active,0
2026-09-30T06:24:24.875Z,gpu-3uwoq-6g3ya-2,dcgm,gpu1,sm_active,0
2026-09-30T06:24:24.875Z,gpu-3uwoq-6g3ya-2,dcgm,gpu0,sm_active,0
2026-09-30T06:24:24.875Z,gpu-3uwoq-6g3ya-2,nvlink,gpu0,nvlink_rx_bytes,4.68692e+13
2026-09-30T06:24:24.875Z,gpu-3uwoq-6g3ya-2,nvlink,gpu0,nvlink_tx_bytes,4.68696e+13
2026-09-30T06:24:24.875Z,gpu-3uwoq-6g3ya-2,nvlink,gpu1,nvlink_rx_bytes,4.70222e+13
2026-09-30T06:24:24.875Z,gpu-3uwoq-6g3ya-2,nvlink,gpu1,nvlink_tx_bytes,4.70228e+13
2026-09-30T06:24:24.875Z,gpu-3uwoq-6g3ya-2,nvlink,gpu2,nvlink_rx_bytes,4.68912e+13
2026-09-30T06:24:24.875Z,gpu-3uwoq-6g3ya-2,nvlink,gpu2,nvlink_tx_bytes,4.68913e+13
2026-09-30T06:24:24.875Z,gpu-3uwoq-6g3ya-2,nvlink,gpu3,nvlink_rx_bytes,4.68385e+13
2026-09-30T06:24:24.875Z,gpu-3uwoq-6g3ya-2,nvlink,gpu3,nvlink_tx_bytes,4.68389e+13
2026-09-30T06:24:25.875Z,gpu-3uwoq-6g3ya-2,ib_counter,rdma_vf_rail0,port_xmit_data,2.8979e+12
2026-09-30T06:24:25.875Z,gpu-3uwoq-6g3ya-2,ib_counter,rdma_vf_rail0,port_rcv_data,5.85726e+12
2026-09-30T06:24:25.875Z,gpu-3uwoq-6g3ya-2,ib_counter,rdma_vf_rail0,port_xmit_packets,9.93301e+08
2026-09-30T06:24:25.875Z,gpu-3uwoq-6g3ya-2,ib_counter,rdma_vf_rail0,port_rcv_packets,1.61819e+09
2026-09-30T06:24:25.875Z,gpu-3uwoq-6g3ya-2,ib_counter,rdma_vf_rail0,port_xmit_wait,0
2026-09-30T06:24:25.875Z,gpu-3uwoq-6g3ya-2,ib_counter,rdma_vf_rail0,port_rcv_errors,0
2026-09-30T06:24:25.875Z,gpu-3uwoq-6g3ya-2,ib_counter,rdma_vf_rail0,port_xmit_discards,0
2026-09-30T06:24:25.875Z,gpu-3uwoq-6g3ya-2,ib_counter,rdma_vf_rail0,link_downed,0
2026-09-30T06:24:25.875Z,gpu-3uwoq-6g3ya-2,ib_hw_counter,rdma_vf_rail0,out_of_sequence,0
2026-09-30T06:24:25.875Z,gpu-3uwoq-6g3ya-2,ib_hw_counter,rdma_vf_rail0,packet_seq_err,0
2026-09-30T06:24:25.875Z,gpu-3uwoq-6g3ya-2,ib_hw_counter,rdma_vf_rail0,local_ack_timeout_err,0
2026-09-30T06:24:25.875Z,gpu-3uwoq-6g3ya-2,ib_hw_counter,rdma_vf_rail0,rx_write_requests,7.07105e+08
2026-09-30T06:24:25.875Z,gpu-3uwoq-6g3ya-2,ib_hw_counter,rdma_vf_rail0,rx_read_requests,1.14286e+07
2026-09-30T06:24:25.875Z,gpu-3uwoq-6g3ya-2,ib_hw_counter,rdma_vf_rail0,req_cqe_error,0
2026-09-30T06:24:25.875Z,gpu-3uwoq-6g3ya-2,ib_hw_counter,rdma_vf_rail0,resp_cqe_error,0
2026-09-30T06:24:25.875Z,gpu-3uwoq-6g3ya-2,ib_hw_counter,rdma_vf_rail0,implied_nak_seq_err,0
2026-09-30T06:24:25.875Z,gpu-3uwoq-6g3ya-2,ib_hw_counter,rdma_vf_rail0,duplicate_request,0
2026-09-30T06:24:25.875Z,gpu-3uwoq-6g3ya-2,ib_counter,rdma_vf_rail1,port_xmit_data,2.78983e+12
2026-09-30T06:24:25.875Z,gpu-3uwoq-6g3ya-2,ib_counter,rdma_vf_rail1,port_rcv_data,5.74915e+12
2026-09-30T06:24:25.875Z,gpu-3uwoq-6g3ya-2,ib_counter,rdma_vf_rail1,port_xmit_packets,9.6064e+08
2026-09-30T06:24:25.875Z,gpu-3uwoq-6g3ya-2,ib_counter,rdma_vf_rail1,port_rcv_packets,1.58571e+09
2026-09-30T06:24:25.875Z,gpu-3uwoq-6g3ya-2,ib_counter,rdma_vf_rail1,port_xmit_wait,0
2026-09-30T06:24:25.875Z,gpu-3uwoq-6g3ya-2,ib_counter,rdma_vf_rail1,port_rcv_errors,0
2026-09-30T06:24:25.875Z,gpu-3uwoq-6g3ya-2,ib_counter,rdma_vf_rail1,port_xmit_discards,0
2026-09-30T06:24:25.875Z,gpu-3uwoq-6g3ya-2,ib_counter,rdma_vf_rail1,link_downed,0
2026-09-30T06:24:25.875Z,gpu-3uwoq-6g3ya-2,ib_hw_counter,rdma_vf_rail1,out_of_sequence,0
2026-09-30T06:24:25.875Z,gpu-3uwoq-6g3ya-2,ib_hw_counter,rdma_vf_rail1,packet_seq_err,0
2026-09-30T06:24:25.875Z,gpu-3uwoq-6g3ya-2,ib_hw_counter,rdma_vf_rail1,local_ack_timeout_err,0
2026-09-30T06:24:25.875Z,gpu-3uwoq-6g3ya-2,ib_hw_counter,rdma_vf_rail1,rx_write_requests,7.05505e+08
2026-09-30T06:24:25.875Z,gpu-3uwoq-6g3ya-2,ib_hw_counter,rdma_vf_rail1,rx_read_requests,1.06278e+07
2026-09-30T06:24:25.875Z,gpu-3uwoq-6g3ya-2,ib_hw_counter,rdma_vf_rail1,req_cqe_error,0
2026-09-30T06:24:25.875Z,gpu-3uwoq-6g3ya-2,ib_hw_counter,rdma_vf_rail1,resp_cqe_error,0
2026-09-30T06:24:25.875Z,gpu-3uwoq-6g3ya-2,ib_hw_counter,rdma_vf_rail1,implied_nak_seq_err,0
2026-09-30T06:24:25.875Z,gpu-3uwoq-6g3ya-2,ib_hw_counter,rdma_vf_rail1,duplicate_request,0
2026-09-30T06:24:25.875Z,gpu-3uwoq-6g3ya-2,ib_counter,rdma_vf_rail2,port_xmit_data,2.76211e+12
2026-09-30T06:24:25.875Z,gpu-3uwoq-6g3ya-2,ib_counter,rdma_vf_rail2,port_rcv_data,5.72087e+12
2026-09-30T06:24:25.875Z,gpu-3uwoq-6g3ya-2,ib_counter,rdma_vf_rail2,port_xmit_packets,9.42748e+08
2026-09-30T06:24:25.875Z,gpu-3uwoq-6g3ya-2,ib_counter,rdma_vf_rail2,port_rcv_packets,1.56156e+09
2026-09-30T06:24:25.875Z,gpu-3uwoq-6g3ya-2,ib_counter,rdma_vf_rail2,port_xmit_wait,0
2026-09-30T06:24:25.875Z,gpu-3uwoq-6g3ya-2,ib_counter,rdma_vf_rail2,port_rcv_errors,0
2026-09-30T06:24:25.875Z,gpu-3uwoq-6g3ya-2,ib_counter,rdma_vf_rail2,port_xmit_discards,0
2026-09-30T06:24:25.875Z,gpu-3uwoq-6g3ya-2,ib_counter,rdma_vf_rail2,link_downed,0
2026-09-30T06:24:25.875Z,gpu-3uwoq-6g3ya-2,ib_hw_counter,rdma_vf_rail2,out_of_sequence,0
2026-09-30T06:24:25.875Z,gpu-3uwoq-6g3ya-2,ib_hw_counter,rdma_vf_rail2,packet_seq_err,0
2026-09-30T06:24:25.875Z,gpu-3uwoq-6g3ya-2,ib_hw_counter,rdma_vf_rail2,local_ack_timeout_err,0
2026-09-30T06:24:25.875Z,gpu-3uwoq-6g3ya-2,ib_hw_counter,rdma_vf_rail2,rx_write_requests,7.05079e+08
2026-09-30T06:24:25.875Z,gpu-3uwoq-6g3ya-2,ib_hw_counter,rdma_vf_rail2,rx_read_requests,1.042e+07
2026-09-30T06:24:25.875Z,gpu-3uwoq-6g3ya-2,ib_hw_counter,rdma_vf_rail2,req_cqe_error,0
2026-09-30T06:24:25.875Z,gpu-3uwoq-6g3ya-2,ib_hw_counter,rdma_vf_rail2,resp_cqe_error,0
2026-09-30T06:24:25.875Z,gpu-3uwoq-6g3ya-2,ib_hw_counter,rdma_vf_rail2,implied_nak_seq_err,0
2026-09-30T06:24:25.875Z,gpu-3uwoq-6g3ya-2,ib_hw_counter,rdma_vf_rail2,duplicate_request,0
2026-09-30T06:24:25.875Z,gpu-3uwoq-6g3ya-2,ib_counter,rdma_vf_rail3,port_xmit_data,2.76198e+12
2026-09-30T06:24:25.875Z,gpu-3uwoq-6g3ya-2,ib_counter,rdma_vf_rail3,port_rcv_data,5.72148e+12
2026-09-30T06:24:25.875Z,gpu-3uwoq-6g3ya-2,ib_counter,rdma_vf_rail3,port_xmit_packets,9.41089e+08
2026-09-30T06:24:25.875Z,gpu-3uwoq-6g3ya-2,ib_counter,rdma_vf_rail3,port_rcv_packets,1.56898e+09
2026-09-30T06:24:25.875Z,gpu-3uwoq-6g3ya-2,ib_counter,rdma_vf_rail3,port_xmit_wait,0
2026-09-30T06:24:25.875Z,gpu-3uwoq-6g3ya-2,ib_counter,rdma_vf_rail3,port_rcv_errors,0
2026-09-30T06:24:25.875Z,gpu-3uwoq-6g3ya-2,ib_counter,rdma_vf_rail3,port_xmit_discards,0
2026-09-30T06:24:25.875Z,gpu-3uwoq-6g3ya-2,ib_counter,rdma_vf_rail3,link_downed,0
2026-09-30T06:24:25.875Z,gpu-3uwoq-6g3ya-2,ib_hw_counter,rdma_vf_rail3,out_of_sequence,0
2026-09-30T06:24:25.875Z,gpu-3uwoq-6g3ya-2,ib_hw_counter,rdma_vf_rail3,packet_seq_err,1
2026-09-30T06:24:25.875Z,gpu-3uwoq-6g3ya-2,ib_hw_counter,rdma_vf_rail3,local_ack_timeout_err,0
2026-09-30T06:24:25.875Z,gpu-3uwoq-6g3ya-2,ib_hw_counter,rdma_vf_rail3,rx_write_requests,7.05079e+08
2026-09-30T06:24:25.875Z,gpu-3uwoq-6g3ya-2,ib_hw_counter,rdma_vf_rail3,rx_read_requests,1.042e+07
2026-09-30T06:24:25.875Z,gpu-3uwoq-6g3ya-2,ib_hw_counter,rdma_vf_rail3,req_cqe_error,0
2026-09-30T06:24:25.875Z,gpu-3uwoq-6g3ya-2,ib_hw_counter,rdma_vf_rail3,resp_cqe_error,0
2026-09-30T06:24:25.875Z,gpu-3uwoq-6g3ya-2,ib_hw_counter,rdma_vf_rail3,implied_nak_seq_err,0
2026-09-30T06:24:25.875Z,gpu-3uwoq-6g3ya-2,ib_hw_counter,rdma_vf_rail3,duplicate_request,0
2026-09-30T06:24:25.875Z,gpu-3uwoq-6g3ya-2,dcgm,gpu2,gpu_util,0
2026-09-30T06:24:25.875Z,gpu-3uwoq-6g3ya-2,dcgm,gpu3,gpu_util,0
2026-09-30T06:24:25.875Z,gpu-3uwoq-6g3ya-2,dcgm,gpu1,gpu_util,0
2026-09-30T06:24:25.875Z,gpu-3uwoq-6g3ya-2,dcgm,gpu0,gpu_util,0
2026-09-30T06:24:25.875Z,gpu-3uwoq-6g3ya-2,dcgm,gpu2,nvlink_bandwidth_total,0
2026-09-30T06:24:25.875Z,gpu-3uwoq-6g3ya-2,dcgm,gpu3,nvlink_bandwidth_total,0
2026-09-30T06:24:25.875Z,gpu-3uwoq-6g3ya-2,dcgm,gpu1,nvlink_bandwidth_total,0
2026-09-30T06:24:25.875Z,gpu-3uwoq-6g3ya-2,dcgm,gpu0,nvlink_bandwidth_total,0
2026-09-30T06:24:25.875Z,gpu-3uwoq-6g3ya-2,dcgm,gpu2,power_w,231.177
2026-09-30T06:24:25.875Z,gpu-3uwoq-6g3ya-2,dcgm,gpu3,power_w,234.24
2026-09-30T06:24:25.875Z,gpu-3uwoq-6g3ya-2,dcgm,gpu1,power_w,229.904
2026-09-30T06:24:25.875Z,gpu-3uwoq-6g3ya-2,dcgm,gpu0,power_w,226.486
2026-09-30T06:24:25.875Z,gpu-3uwoq-6g3ya-2,dcgm,gpu2,sm_clock_mhz,2070
2026-09-30T06:24:25.875Z,gpu-3uwoq-6g3ya-2,dcgm,gpu3,sm_clock_mhz,2070
2026-09-30T06:24:25.875Z,gpu-3uwoq-6g3ya-2,dcgm,gpu1,sm_clock_mhz,2070
2026-09-30T06:24:25.875Z,gpu-3uwoq-6g3ya-2,dcgm,gpu0,sm_clock_mhz,2070
2026-09-30T06:24:25.875Z,gpu-3uwoq-6g3ya-2,dcgm,gpu2,dram_active,3e-06
2026-09-30T06:24:25.875Z,gpu-3uwoq-6g3ya-2,dcgm,gpu3,dram_active,3e-06
2026-09-30T06:24:25.875Z,gpu-3uwoq-6g3ya-2,dcgm,gpu1,dram_active,3e-06
2026-09-30T06:24:25.875Z,gpu-3uwoq-6g3ya-2,dcgm,gpu0,dram_active,3e-06
2026-09-30T06:24:25.875Z,gpu-3uwoq-6g3ya-2,dcgm,gpu2,pcie_rx_bytes,247651
2026-09-30T06:24:25.875Z,gpu-3uwoq-6g3ya-2,dcgm,gpu3,pcie_rx_bytes,234991
2026-09-30T06:24:25.875Z,gpu-3uwoq-6g3ya-2,dcgm,gpu1,pcie_rx_bytes,293204
2026-09-30T06:24:25.875Z,gpu-3uwoq-6g3ya-2,dcgm,gpu0,pcie_rx_bytes,297902
2026-09-30T06:24:25.875Z,gpu-3uwoq-6g3ya-2,dcgm,gpu2,pcie_tx_bytes,225131
2026-09-30T06:24:25.875Z,gpu-3uwoq-6g3ya-2,dcgm,gpu3,pcie_tx_bytes,212334
2026-09-30T06:24:25.875Z,gpu-3uwoq-6g3ya-2,dcgm,gpu1,pcie_tx_bytes,270834
2026-09-30T06:24:25.875Z,gpu-3uwoq-6g3ya-2,dcgm,gpu0,pcie_tx_bytes,275071
2026-09-30T06:24:25.875Z,gpu-3uwoq-6g3ya-2,dcgm,gpu2,tensor_active,0
2026-09-30T06:24:25.875Z,gpu-3uwoq-6g3ya-2,dcgm,gpu3,tensor_active,0
2026-09-30T06:24:25.875Z,gpu-3uwoq-6g3ya-2,dcgm,gpu1,tensor_active,0
2026-09-30T06:24:25.875Z,gpu-3uwoq-6g3ya-2,dcgm,gpu0,tensor_active,0
2026-09-30T06:24:25.875Z,gpu-3uwoq-6g3ya-2,dcgm,gpu2,sm_active,0
2026-09-30T06:24:25.875Z,gpu-3uwoq-6g3ya-2,dcgm,gpu3,sm_active,0
2026-09-30T06:24:25.875Z,gpu-3uwoq-6g3ya-2,dcgm,gpu1,sm_active,0
2026-09-30T06:24:25.875Z,gpu-3uwoq-6g3ya-2,dcgm,gpu0,sm_active,0
2026-09-30T06:24:25.875Z,gpu-3uwoq-6g3ya-2,nvlink,gpu0,nvlink_rx_bytes,4.68692e+13
2026-09-30T06:24:25.875Z,gpu-3uwoq-6g3ya-2,nvlink,gpu0,nvlink_tx_bytes,4.68696e+13
2026-09-30T06:24:25.875Z,gpu-3uwoq-6g3ya-2,nvlink,gpu1,nvlink_rx_bytes,4.70222e+13
2026-09-30T06:24:25.875Z,gpu-3uwoq-6g3ya-2,nvlink,gpu1,nvlink_tx_bytes,4.70228e+13
2026-09-30T06:24:25.875Z,gpu-3uwoq-6g3ya-2,nvlink,gpu2,nvlink_rx_bytes,4.68912e+13
2026-09-30T06:24:25.875Z,gpu-3uwoq-6g3ya-2,nvlink,gpu2,nvlink_tx_bytes,4.68913e+13
2026-09-30T06:24:25.875Z,gpu-3uwoq-6g3ya-2,nvlink,gpu3,nvlink_rx_bytes,4.68385e+13
2026-09-30T06:24:25.875Z,gpu-3uwoq-6g3ya-2,nvlink,gpu3,nvlink_tx_bytes,4.68389e+13
2026-09-30T06:24:26.875Z,gpu-3uwoq-6g3ya-2,ib_counter,rdma_vf_rail0,port_xmit_data,2.8979e+12
2026-09-30T06:24:26.875Z,gpu-3uwoq-6g3ya-2,ib_counter,rdma_vf_rail0,port_rcv_data,5.85726e+12
2026-09-30T06:24:26.875Z,gpu-3uwoq-6g3ya-2,ib_counter,rdma_vf_rail0,port_xmit_packets,9.93301e+08
2026-09-30T06:24:26.875Z,gpu-3uwoq-6g3ya-2,ib_counter,rdma_vf_rail0,port_rcv_packets,1.61819e+09
2026-09-30T06:24:26.875Z,gpu-3uwoq-6g3ya-2,ib_counter,rdma_vf_rail0,port_xmit_wait,0
2026-09-30T06:24:26.875Z,gpu-3uwoq-6g3ya-2,ib_counter,rdma_vf_rail0,port_rcv_errors,0
2026-09-30T06:24:26.875Z,gpu-3uwoq-6g3ya-2,ib_counter,rdma_vf_rail0,port_xmit_discards,0
2026-09-30T06:24:26.875Z,gpu-3uwoq-6g3ya-2,ib_counter,rdma_vf_rail0,link_downed,0
2026-09-30T06:24:26.875Z,gpu-3uwoq-6g3ya-2,ib_hw_counter,rdma_vf_rail0,out_of_sequence,0
2026-09-30T06:24:26.875Z,gpu-3uwoq-6g3ya-2,ib_hw_counter,rdma_vf_rail0,packet_seq_err,0
2026-09-30T06:24:26.875Z,gpu-3uwoq-6g3ya-2,ib_hw_counter,rdma_vf_rail0,local_ack_timeout_err,0
2026-09-30T06:24:26.875Z,gpu-3uwoq-6g3ya-2,ib_hw_counter,rdma_vf_rail0,rx_write_requests,7.07105e+08
2026-09-30T06:24:26.875Z,gpu-3uwoq-6g3ya-2,ib_hw_counter,rdma_vf_rail0,rx_read_requests,1.14286e+07
2026-09-30T06:24:26.875Z,gpu-3uwoq-6g3ya-2,ib_hw_counter,rdma_vf_rail0,req_cqe_error,0
2026-09-30T06:24:26.875Z,gpu-3uwoq-6g3ya-2,ib_hw_counter,rdma_vf_rail0,resp_cqe_error,0
2026-09-30T06:24:26.875Z,gpu-3uwoq-6g3ya-2,ib_hw_counter,rdma_vf_rail0,implied_nak_seq_err,0
2026-09-30T06:24:26.875Z,gpu-3uwoq-6g3ya-2,ib_hw_counter,rdma_vf_rail0,duplicate_request,0
2026-09-30T06:24:26.875Z,gpu-3uwoq-6g3ya-2,ib_counter,rdma_vf_rail1,port_xmit_data,2.78983e+12
2026-09-30T06:24:26.875Z,gpu-3uwoq-6g3ya-2,ib_counter,rdma_vf_rail1,port_rcv_data,5.74915e+12
2026-09-30T06:24:26.875Z,gpu-3uwoq-6g3ya-2,ib_counter,rdma_vf_rail1,port_xmit_packets,9.6064e+08
2026-09-30T06:24:26.875Z,gpu-3uwoq-6g3ya-2,ib_counter,rdma_vf_rail1,port_rcv_packets,1.58571e+09
2026-09-30T06:24:26.875Z,gpu-3uwoq-6g3ya-2,ib_counter,rdma_vf_rail1,port_xmit_wait,0
2026-09-30T06:24:26.875Z,gpu-3uwoq-6g3ya-2,ib_counter,rdma_vf_rail1,port_rcv_errors,0
2026-09-30T06:24:26.875Z,gpu-3uwoq-6g3ya-2,ib_counter,rdma_vf_rail1,port_xmit_discards,0
2026-09-30T06:24:26.875Z,gpu-3uwoq-6g3ya-2,ib_counter,rdma_vf_rail1,link_downed,0
2026-09-30T06:24:26.875Z,gpu-3uwoq-6g3ya-2,ib_hw_counter,rdma_vf_rail1,out_of_sequence,0
2026-09-30T06:24:26.875Z,gpu-3uwoq-6g3ya-2,ib_hw_counter,rdma_vf_rail1,packet_seq_err,0
2026-09-30T06:24:26.875Z,gpu-3uwoq-6g3ya-2,ib_hw_counter,rdma_vf_rail1,local_ack_timeout_err,0
2026-09-30T06:24:26.875Z,gpu-3uwoq-6g3ya-2,ib_hw_counter,rdma_vf_rail1,rx_write_requests,7.05505e+08
2026-09-30T06:24:26.875Z,gpu-3uwoq-6g3ya-2,ib_hw_counter,rdma_vf_rail1,rx_read_requests,1.06278e+07
2026-09-30T06:24:26.875Z,gpu-3uwoq-6g3ya-2,ib_hw_counter,rdma_vf_rail1,req_cqe_error,0
2026-09-30T06:24:26.875Z,gpu-3uwoq-6g3ya-2,ib_hw_counter,rdma_vf_rail1,resp_cqe_error,0
2026-09-30T06:24:26.875Z,gpu-3uwoq-6g3ya-2,ib_hw_counter,rdma_vf_rail1,implied_nak_seq_err,0
2026-09-30T06:24:26.875Z,gpu-3uwoq-6g3ya-2,ib_hw_counter,rdma_vf_rail1,duplicate_request,0
2026-09-30T06:24:26.875Z,gpu-3uwoq-6g3ya-2,ib_counter,rdma_vf_rail2,port_xmit_data,2.76211e+12
2026-09-30T06:24:26.875Z,gpu-3uwoq-6g3ya-2,ib_counter,rdma_vf_rail2,port_rcv_data,5.72087e+12
2026-09-30T06:24:26.875Z,gpu-3uwoq-6g3ya-2,ib_counter,rdma_vf_rail2,port_xmit_packets,9.42748e+08
2026-09-30T06:24:26.875Z,gpu-3uwoq-6g3ya-2,ib_counter,rdma_vf_rail2,port_rcv_packets,1.56156e+09
2026-09-30T06:24:26.875Z,gpu-3uwoq-6g3ya-2,ib_counter,rdma_vf_rail2,port_xmit_wait,0
2026-09-30T06:24:26.875Z,gpu-3uwoq-6g3ya-2,ib_counter,rdma_vf_rail2,port_rcv_errors,0
2026-09-30T06:24:26.875Z,gpu-3uwoq-6g3ya-2,ib_counter,rdma_vf_rail2,port_xmit_discards,0
2026-09-30T06:24:26.875Z,gpu-3uwoq-6g3ya-2,ib_counter,rdma_vf_rail2,link_downed,0
2026-09-30T06:24:26.875Z,gpu-3uwoq-6g3ya-2,ib_hw_counter,rdma_vf_rail2,out_of_sequence,0
2026-09-30T06:24:26.875Z,gpu-3uwoq-6g3ya-2,ib_hw_counter,rdma_vf_rail2,packet_seq_err,0
2026-09-30T06:24:26.875Z,gpu-3uwoq-6g3ya-2,ib_hw_counter,rdma_vf_rail2,local_ack_timeout_err,0
2026-09-30T06:24:26.875Z,gpu-3uwoq-6g3ya-2,ib_hw_counter,rdma_vf_rail2,rx_write_requests,7.05079e+08
2026-09-30T06:24:26.875Z,gpu-3uwoq-6g3ya-2,ib_hw_counter,rdma_vf_rail2,rx_read_requests,1.042e+07
2026-09-30T06:24:26.875Z,gpu-3uwoq-6g3ya-2,ib_hw_counter,rdma_vf_rail2,req_cqe_error,0
2026-09-30T06:24:26.875Z,gpu-3uwoq-6g3ya-2,ib_hw_counter,rdma_vf_rail2,resp_cqe_error,0
2026-09-30T06:24:26.875Z,gpu-3uwoq-6g3ya-2,ib_hw_counter,rdma_vf_rail2,implied_nak_seq_err,0
2026-09-30T06:24:26.875Z,gpu-3uwoq-6g3ya-2,ib_hw_counter,rdma_vf_rail2,duplicate_request,0
2026-09-30T06:24:26.875Z,gpu-3uwoq-6g3ya-2,ib_counter,rdma_vf_rail3,port_xmit_data,2.76198e+12
2026-09-30T06:24:26.875Z,gpu-3uwoq-6g3ya-2,ib_counter,rdma_vf_rail3,port_rcv_data,5.72148e+12
2026-09-30T06:24:26.875Z,gpu-3uwoq-6g3ya-2,ib_counter,rdma_vf_rail3,port_xmit_packets,9.41089e+08
2026-09-30T06:24:26.875Z,gpu-3uwoq-6g3ya-2,ib_counter,rdma_vf_rail3,port_rcv_packets,1.56898e+09
2026-09-30T06:24:26.875Z,gpu-3uwoq-6g3ya-2,ib_counter,rdma_vf_rail3,port_xmit_wait,0
2026-09-30T06:24:26.875Z,gpu-3uwoq-6g3ya-2,ib_counter,rdma_vf_rail3,port_rcv_errors,0
2026-09-30T06:24:26.875Z,gpu-3uwoq-6g3ya-2,ib_counter,rdma_vf_rail3,port_xmit_discards,0
2026-09-30T06:24:26.875Z,gpu-3uwoq-6g3ya-2,ib_counter,rdma_vf_rail3,link_downed,0
2026-09-30T06:24:26.875Z,gpu-3uwoq-6g3ya-2,ib_hw_counter,rdma_vf_rail3,out_of_sequence,0
2026-09-30T06:24:26.875Z,gpu-3uwoq-6g3ya-2,ib_hw_counter,rdma_vf_rail3,packet_seq_err,1
2026-09-30T06:24:26.875Z,gpu-3uwoq-6g3ya-2,ib_hw_counter,rdma_vf_rail3,local_ack_timeout_err,0
2026-09-30T06:24:26.875Z,gpu-3uwoq-6g3ya-2,ib_hw_counter,rdma_vf_rail3,rx_write_requests,7.05079e+08
2026-09-30T06:24:26.875Z,gpu-3uwoq-6g3ya-2,ib_hw_counter,rdma_vf_rail3,rx_read_requests,1.042e+07
2026-09-30T06:24:26.875Z,gpu-3uwoq-6g3ya-2,ib_hw_counter,rdma_vf_rail3,req_cqe_error,0
2026-09-30T06:24:26.875Z,gpu-3uwoq-6g3ya-2,ib_hw_counter,rdma_vf_rail3,resp_cqe_error,0
2026-09-30T06:24:26.875Z,gpu-3uwoq-6g3ya-2,ib_hw_counter,rdma_vf_rail3,implied_nak_seq_err,0
2026-09-30T06:24:26.875Z,gpu-3uwoq-6g3ya-2,ib_hw_counter,rdma_vf_rail3,duplicate_request,0
2026-09-30T06:24:26.875Z,gpu-3uwoq-6g3ya-2,dcgm,gpu2,gpu_util,0
2026-09-30T06:24:26.875Z,gpu-3uwoq-6g3ya-2,dcgm,gpu3,gpu_util,0
2026-09-30T06:24:26.875Z,gpu-3uwoq-6g3ya-2,dcgm,gpu1,gpu_util,0
2026-09-30T06:24:26.875Z,gpu-3uwoq-6g3ya-2,dcgm,gpu0,gpu_util,0
2026-09-30T06:24:26.875Z,gpu-3uwoq-6g3ya-2,dcgm,gpu2,nvlink_bandwidth_total,0
2026-09-30T06:24:26.875Z,gpu-3uwoq-6g3ya-2,dcgm,gpu3,nvlink_bandwidth_total,0
2026-09-30T06:24:26.875Z,gpu-3uwoq-6g3ya-2,dcgm,gpu1,nvlink_bandwidth_total,0
2026-09-30T06:24:26.875Z,gpu-3uwoq-6g3ya-2,dcgm,gpu0,nvlink_bandwidth_total,0
2026-09-30T06:24:26.875Z,gpu-3uwoq-6g3ya-2,dcgm,gpu2,power_w,231.177
2026-09-30T06:24:26.875Z,gpu-3uwoq-6g3ya-2,dcgm,gpu3,power_w,234.24
2026-09-30T06:24:26.875Z,gpu-3uwoq-6g3ya-2,dcgm,gpu1,power_w,229.904
2026-09-30T06:24:26.875Z,gpu-3uwoq-6g3ya-2,dcgm,gpu0,power_w,226.486
2026-09-30T06:24:26.875Z,gpu-3uwoq-6g3ya-2,dcgm,gpu2,sm_clock_mhz,2070
2026-09-30T06:24:26.875Z,gpu-3uwoq-6g3ya-2,dcgm,gpu3,sm_clock_mhz,2070
2026-09-30T06:24:26.875Z,gpu-3uwoq-6g3ya-2,dcgm,gpu1,sm_clock_mhz,2070
2026-09-30T06:24:26.875Z,gpu-3uwoq-6g3ya-2,dcgm,gpu0,sm_clock_mhz,2070
2026-09-30T06:24:26.875Z,gpu-3uwoq-6g3ya-2,dcgm,gpu2,dram_active,3e-06
2026-09-30T06:24:26.875Z,gpu-3uwoq-6g3ya-2,dcgm,gpu3,dram_active,3e-06
2026-09-30T06:24:26.875Z,gpu-3uwoq-6g3ya-2,dcgm,gpu1,dram_active,3e-06
2026-09-30T06:24:26.875Z,gpu-3uwoq-6g3ya-2,dcgm,gpu0,dram_active,3e-06
2026-09-30T06:24:26.875Z,gpu-3uwoq-6g3ya-2,dcgm,gpu2,pcie_rx_bytes,247651
2026-09-30T06:24:26.875Z,gpu-3uwoq-6g3ya-2,dcgm,gpu3,pcie_rx_bytes,234991
2026-09-30T06:24:26.875Z,gpu-3uwoq-6g3ya-2,dcgm,gpu1,pcie_rx_bytes,293204
2026-09-30T06:24:26.875Z,gpu-3uwoq-6g3ya-2,dcgm,gpu0,pcie_rx_bytes,297902
2026-09-30T06:24:26.875Z,gpu-3uwoq-6g3ya-2,dcgm,gpu2,pcie_tx_bytes,225131
2026-09-30T06:24:26.875Z,gpu-3uwoq-6g3ya-2,dcgm,gpu3,pcie_tx_bytes,212334
2026-09-30T06:24:26.875Z,gpu-3uwoq-6g3ya-2,dcgm,gpu1,pcie_tx_bytes,270834
2026-09-30T06:24:26.875Z,gpu-3uwoq-6g3ya-2,dcgm,gpu0,pcie_tx_bytes,275071
2026-09-30T06:24:26.875Z,gpu-3uwoq-6g3ya-2,dcgm,gpu2,tensor_active,0
2026-09-30T06:24:26.875Z,gpu-3uwoq-6g3ya-2,dcgm,gpu3,tensor_active,0
2026-09-30T06:24:26.875Z,gpu-3uwoq-6g3ya-2,dcgm,gpu1,tensor_active,0
2026-09-30T06:24:26.875Z,gpu-3uwoq-6g3ya-2,dcgm,gpu0,tensor_active,0
2026-09-30T06:24:26.875Z,gpu-3uwoq-6g3ya-2,dcgm,gpu2,sm_active,0
2026-09-30T06:24:26.875Z,gpu-3uwoq-6g3ya-2,dcgm,gpu3,sm_active,0
2026-09-30T06:24:26.875Z,gpu-3uwoq-6g3ya-2,dcgm,gpu1,sm_active,0
2026-09-30T06:24:26.875Z,gpu-3uwoq-6g3ya-2,dcgm,gpu0,sm_active,0
2026-09-30T06:24:26.875Z,gpu-3uwoq-6g3ya-2,nvlink,gpu0,nvlink_rx_bytes,4.68692e+13
2026-09-30T06:24:26.875Z,gpu-3uwoq-6g3ya-2,nvlink,gpu0,nvlink_tx_bytes,4.68696e+13
2026-09-30T06:24:26.875Z,gpu-3uwoq-6g3ya-2,nvlink,gpu1,nvlink_rx_bytes,4.70222e+13
2026-09-30T06:24:26.875Z,gpu-3uwoq-6g3ya-2,nvlink,gpu1,nvlink_tx_bytes,4.70228e+13
2026-09-30T06:24:26.875Z,gpu-3uwoq-6g3ya-2,nvlink,gpu2,nvlink_rx_bytes,4.68912e+13
2026-09-30T06:24:26.875Z,gpu-3uwoq-6g3ya-2,nvlink,gpu2,nvlink_tx_bytes,4.68913e+13
2026-09-30T06:24:26.875Z,gpu-3uwoq-6g3ya-2,nvlink,gpu3,nvlink_rx_bytes,4.68385e+13
2026-09-30T06:24:26.875Z,gpu-3uwoq-6g3ya-2,nvlink,gpu3,nvlink_tx_bytes,4.68389e+13
2026-09-30T06:24:27.876Z,gpu-3uwoq-6g3ya-2,ib_counter,rdma_vf_rail0,port_xmit_data,2.8979e+12
2026-09-30T06:24:27.876Z,gpu-3uwoq-6g3ya-2,ib_counter,rdma_vf_rail0,port_rcv_data,5.85726e+12
2026-09-30T06:24:27.876Z,gpu-3uwoq-6g3ya-2,ib_counter,rdma_vf_rail0,port_xmit_packets,9.93301e+08
2026-09-30T06:24:27.876Z,gpu-3uwoq-6g3ya-2,ib_counter,rdma_vf_rail0,port_rcv_packets,1.61819e+09
2026-09-30T06:24:27.876Z,gpu-3uwoq-6g3ya-2,ib_counter,rdma_vf_rail0,port_xmit_wait,0
2026-09-30T06:24:27.876Z,gpu-3uwoq-6g3ya-2,ib_counter,rdma_vf_rail0,port_rcv_errors,0
2026-09-30T06:24:27.876Z,gpu-3uwoq-6g3ya-2,ib_counter,rdma_vf_rail0,port_xmit_discards,0
2026-09-30T06:24:27.876Z,gpu-3uwoq-6g3ya-2,ib_counter,rdma_vf_rail0,link_downed,0
2026-09-30T06:24:27.876Z,gpu-3uwoq-6g3ya-2,ib_hw_counter,rdma_vf_rail0,out_of_sequence,0
2026-09-30T06:24:27.876Z,gpu-3uwoq-6g3ya-2,ib_hw_counter,rdma_vf_rail0,packet_seq_err,0
2026-09-30T06:24:27.876Z,gpu-3uwoq-6g3ya-2,ib_hw_counter,rdma_vf_rail0,local_ack_timeout_err,0
2026-09-30T06:24:27.876Z,gpu-3uwoq-6g3ya-2,ib_hw_counter,rdma_vf_rail0,rx_write_requests,7.07105e+08
2026-09-30T06:24:27.876Z,gpu-3uwoq-6g3ya-2,ib_hw_counter,rdma_vf_rail0,rx_read_requests,1.14286e+07
2026-09-30T06:24:27.876Z,gpu-3uwoq-6g3ya-2,ib_hw_counter,rdma_vf_rail0,req_cqe_error,0
2026-09-30T06:24:27.876Z,gpu-3uwoq-6g3ya-2,ib_hw_counter,rdma_vf_rail0,resp_cqe_error,0
2026-09-30T06:24:27.876Z,gpu-3uwoq-6g3ya-2,ib_hw_counter,rdma_vf_rail0,implied_nak_seq_err,0
2026-09-30T06:24:27.876Z,gpu-3uwoq-6g3ya-2,ib_hw_counter,rdma_vf_rail0,duplicate_request,0
2026-09-30T06:24:27.876Z,gpu-3uwoq-6g3ya-2,ib_counter,rdma_vf_rail1,port_xmit_data,2.78983e+12
2026-09-30T06:24:27.876Z,gpu-3uwoq-6g3ya-2,ib_counter,rdma_vf_rail1,port_rcv_data,5.74915e+12
2026-09-30T06:24:27.876Z,gpu-3uwoq-6g3ya-2,ib_counter,rdma_vf_rail1,port_xmit_packets,9.6064e+08
2026-09-30T06:24:27.876Z,gpu-3uwoq-6g3ya-2,ib_counter,rdma_vf_rail1,port_rcv_packets,1.58571e+09
2026-09-30T06:24:27.876Z,gpu-3uwoq-6g3ya-2,ib_counter,rdma_vf_rail1,port_xmit_wait,0
2026-09-30T06:24:27.876Z,gpu-3uwoq-6g3ya-2,ib_counter,rdma_vf_rail1,port_rcv_errors,0
2026-09-30T06:24:27.876Z,gpu-3uwoq-6g3ya-2,ib_counter,rdma_vf_rail1,port_xmit_discards,0
2026-09-30T06:24:27.876Z,gpu-3uwoq-6g3ya-2,ib_counter,rdma_vf_rail1,link_downed,0
2026-09-30T06:24:27.876Z,gpu-3uwoq-6g3ya-2,ib_hw_counter,rdma_vf_rail1,out_of_sequence,0
2026-09-30T06:24:27.876Z,gpu-3uwoq-6g3ya-2,ib_hw_counter,rdma_vf_rail1,packet_seq_err,0
2026-09-30T06:24:27.876Z,gpu-3uwoq-6g3ya-2,ib_hw_counter,rdma_vf_rail1,local_ack_timeout_err,0
2026-09-30T06:24:27.876Z,gpu-3uwoq-6g3ya-2,ib_hw_counter,rdma_vf_rail1,rx_write_requests,7.05505e+08
2026-09-30T06:24:27.876Z,gpu-3uwoq-6g3ya-2,ib_hw_counter,rdma_vf_rail1,rx_read_requests,1.06278e+07
2026-09-30T06:24:27.876Z,gpu-3uwoq-6g3ya-2,ib_hw_counter,rdma_vf_rail1,req_cqe_error,0
2026-09-30T06:24:27.876Z,gpu-3uwoq-6g3ya-2,ib_hw_counter,rdma_vf_rail1,resp_cqe_error,0
2026-09-30T06:24:27.876Z,gpu-3uwoq-6g3ya-2,ib_hw_counter,rdma_vf_rail1,implied_nak_seq_err,0
2026-09-30T06:24:27.876Z,gpu-3uwoq-6g3ya-2,ib_hw_counter,rdma_vf_rail1,duplicate_request,0
2026-09-30T06:24:27.876Z,gpu-3uwoq-6g3ya-2,ib_counter,rdma_vf_rail2,port_xmit_data,2.76211e+12
2026-09-30T06:24:27.876Z,gpu-3uwoq-6g3ya-2,ib_counter,rdma_vf_rail2,port_rcv_data,5.72087e+12
2026-09-30T06:24:27.876Z,gpu-3uwoq-6g3ya-2,ib_counter,rdma_vf_rail2,port_xmit_packets,9.42748e+08
2026-09-30T06:24:27.876Z,gpu-3uwoq-6g3ya-2,ib_counter,rdma_vf_rail2,port_rcv_packets,1.56156e+09
2026-09-30T06:24:27.876Z,gpu-3uwoq-6g3ya-2,ib_counter,rdma_vf_rail2,port_xmit_wait,0
2026-09-30T06:24:27.876Z,gpu-3uwoq-6g3ya-2,ib_counter,rdma_vf_rail2,port_rcv_errors,0
2026-09-30T06:24:27.876Z,gpu-3uwoq-6g3ya-2,ib_counter,rdma_vf_rail2,port_xmit_discards,0
2026-09-30T06:24:27.876Z,gpu-3uwoq-6g3ya-2,ib_counter,rdma_vf_rail2,link_downed,0
2026-09-30T06:24:27.876Z,gpu-3uwoq-6g3ya-2,ib_hw_counter,rdma_vf_rail2,out_of_sequence,0
2026-09-30T06:24:27.876Z,gpu-3uwoq-6g3ya-2,ib_hw_counter,rdma_vf_rail2,packet_seq_err,0
2026-09-30T06:24:27.876Z,gpu-3uwoq-6g3ya-2,ib_hw_counter,rdma_vf_rail2,local_ack_timeout_err,0
2026-09-30T06:24:27.876Z,gpu-3uwoq-6g3ya-2,ib_hw_counter,rdma_vf_rail2,rx_write_requests,7.05079e+08
2026-09-30T06:24:27.876Z,gpu-3uwoq-6g3ya-2,ib_hw_counter,rdma_vf_rail2,rx_read_requests,1.042e+07
2026-09-30T06:24:27.876Z,gpu-3uwoq-6g3ya-2,ib_hw_counter,rdma_vf_rail2,req_cqe_error,0
2026-09-30T06:24:27.876Z,gpu-3uwoq-6g3ya-2,ib_hw_counter,rdma_vf_rail2,resp_cqe_error,0
2026-09-30T06:24:27.876Z,gpu-3uwoq-6g3ya-2,ib_hw_counter,rdma_vf_rail2,implied_nak_seq_err,0
2026-09-30T06:24:27.876Z,gpu-3uwoq-6g3ya-2,ib_hw_counter,rdma_vf_rail2,duplicate_request,0
2026-09-30T06:24:27.876Z,gpu-3uwoq-6g3ya-2,ib_counter,rdma_vf_rail3,port_xmit_data,2.76198e+12
2026-09-30T06:24:27.876Z,gpu-3uwoq-6g3ya-2,ib_counter,rdma_vf_rail3,port_rcv_data,5.72148e+12
2026-09-30T06:24:27.876Z,gpu-3uwoq-6g3ya-2,ib_counter,rdma_vf_rail3,port_xmit_packets,9.41089e+08
2026-09-30T06:24:27.876Z,gpu-3uwoq-6g3ya-2,ib_counter,rdma_vf_rail3,port_rcv_packets,1.56898e+09
2026-09-30T06:24:27.876Z,gpu-3uwoq-6g3ya-2,ib_counter,rdma_vf_rail3,port_xmit_wait,0
2026-09-30T06:24:27.876Z,gpu-3uwoq-6g3ya-2,ib_counter,rdma_vf_rail3,port_rcv_errors,0
2026-09-30T06:24:27.876Z,gpu-3uwoq-6g3ya-2,ib_counter,rdma_vf_rail3,port_xmit_discards,0
2026-09-30T06:24:27.876Z,gpu-3uwoq-6g3ya-2,ib_counter,rdma_vf_rail3,link_downed,0
2026-09-30T06:24:27.876Z,gpu-3uwoq-6g3ya-2,ib_hw_counter,rdma_vf_rail3,out_of_sequence,0
2026-09-30T06:24:27.876Z,gpu-3uwoq-6g3ya-2,ib_hw_counter,rdma_vf_rail3,packet_seq_err,1
2026-09-30T06:24:27.876Z,gpu-3uwoq-6g3ya-2,ib_hw_counter,rdma_vf_rail3,local_ack_timeout_err,0
2026-09-30T06:24:27.876Z,gpu-3uwoq-6g3ya-2,ib_hw_counter,rdma_vf_rail3,rx_write_requests,7.05079e+08
2026-09-30T06:24:27.876Z,gpu-3uwoq-6g3ya-2,ib_hw_counter,rdma_vf_rail3,rx_read_requests,1.042e+07
2026-09-30T06:24:27.876Z,gpu-3uwoq-6g3ya-2,ib_hw_counter,rdma_vf_rail3,req_cqe_error,0
2026-09-30T06:24:27.876Z,gpu-3uwoq-6g3ya-2,ib_hw_counter,rdma_vf_rail3,resp_cqe_error,0
2026-09-30T06:24:27.876Z,gpu-3uwoq-6g3ya-2,ib_hw_counter,rdma_vf_rail3,implied_nak_seq_err,0
2026-09-30T06:24:27.876Z,gpu-3uwoq-6g3ya-2,ib_hw_counter,rdma_vf_rail3,duplicate_request,0
2026-09-30T06:24:27.876Z,gpu-3uwoq-6g3ya-2,dcgm,gpu2,gpu_util,0
2026-09-30T06:24:27.876Z,gpu-3uwoq-6g3ya-2,dcgm,gpu3,gpu_util,0
2026-09-30T06:24:27.876Z,gpu-3uwoq-6g3ya-2,dcgm,gpu1,gpu_util,0
2026-09-30T06:24:27.876Z,gpu-3uwoq-6g3ya-2,dcgm,gpu0,gpu_util,0
2026-09-30T06:24:27.876Z,gpu-3uwoq-6g3ya-2,dcgm,gpu2,nvlink_bandwidth_total,0
2026-09-30T06:24:27.876Z,gpu-3uwoq-6g3ya-2,dcgm,gpu3,nvlink_bandwidth_total,0
2026-09-30T06:24:27.876Z,gpu-3uwoq-6g3ya-2,dcgm,gpu1,nvlink_bandwidth_total,0
2026-09-30T06:24:27.876Z,gpu-3uwoq-6g3ya-2,dcgm,gpu0,nvlink_bandwidth_total,0
2026-09-30T06:24:27.876Z,gpu-3uwoq-6g3ya-2,dcgm,gpu2,power_w,231.177
2026-09-30T06:24:27.876Z,gpu-3uwoq-6g3ya-2,dcgm,gpu3,power_w,234.24
2026-09-30T06:24:27.876Z,gpu-3uwoq-6g3ya-2,dcgm,gpu1,power_w,229.904
2026-09-30T06:24:27.876Z,gpu-3uwoq-6g3ya-2,dcgm,gpu0,power_w,226.486
2026-09-30T06:24:27.876Z,gpu-3uwoq-6g3ya-2,dcgm,gpu2,sm_clock_mhz,2070
2026-09-30T06:24:27.876Z,gpu-3uwoq-6g3ya-2,dcgm,gpu3,sm_clock_mhz,2070
2026-09-30T06:24:27.876Z,gpu-3uwoq-6g3ya-2,dcgm,gpu1,sm_clock_mhz,2070
2026-09-30T06:24:27.876Z,gpu-3uwoq-6g3ya-2,dcgm,gpu0,sm_clock_mhz,2070
2026-09-30T06:24:27.876Z,gpu-3uwoq-6g3ya-2,dcgm,gpu2,dram_active,3e-06
2026-09-30T06:24:27.876Z,gpu-3uwoq-6g3ya-2,dcgm,gpu3,dram_active,3e-06
2026-09-30T06:24:27.876Z,gpu-3uwoq-6g3ya-2,dcgm,gpu1,dram_active,3e-06
2026-09-30T06:24:27.876Z,gpu-3uwoq-6g3ya-2,dcgm,gpu0,dram_active,3e-06
2026-09-30T06:24:27.876Z,gpu-3uwoq-6g3ya-2,dcgm,gpu2,pcie_rx_bytes,247651
2026-09-30T06:24:27.876Z,gpu-3uwoq-6g3ya-2,dcgm,gpu3,pcie_rx_bytes,234991
2026-09-30T06:24:27.876Z,gpu-3uwoq-6g3ya-2,dcgm,gpu1,pcie_rx_bytes,293204
2026-09-30T06:24:27.876Z,gpu-3uwoq-6g3ya-2,dcgm,gpu0,pcie_rx_bytes,297902
2026-09-30T06:24:27.876Z,gpu-3uwoq-6g3ya-2,dcgm,gpu2,pcie_tx_bytes,225131
2026-09-30T06:24:27.876Z,gpu-3uwoq-6g3ya-2,dcgm,gpu3,pcie_tx_bytes,212334
2026-09-30T06:24:27.876Z,gpu-3uwoq-6g3ya-2,dcgm,gpu1,pcie_tx_bytes,270834
2026-09-30T06:24:27.876Z,gpu-3uwoq-6g3ya-2,dcgm,gpu0,pcie_tx_bytes,275071
2026-09-30T06:24:27.876Z,gpu-3uwoq-6g3ya-2,dcgm,gpu2,tensor_active,0
2026-09-30T06:24:27.876Z,gpu-3uwoq-6g3ya-2,dcgm,gpu3,tensor_active,0
2026-09-30T06:24:27.876Z,gpu-3uwoq-6g3ya-2,dcgm,gpu1,tensor_active,0
2026-09-30T06:24:27.876Z,gpu-3uwoq-6g3ya-2,dcgm,gpu0,tensor_active,0
2026-09-30T06:24:27.876Z,gpu-3uwoq-6g3ya-2,dcgm,gpu2,sm_active,0
2026-09-30T06:24:27.876Z,gpu-3uwoq-6g3ya-2,dcgm,gpu3,sm_active,0
2026-09-30T06:24:27.876Z,gpu-3uwoq-6g3ya-2,dcgm,gpu1,sm_active,0
2026-09-30T06:24:27.876Z,gpu-3uwoq-6g3ya-2,dcgm,gpu0,sm_active,0
2026-09-30T06:24:27.876Z,gpu-3uwoq-6g3ya-2,nvlink,gpu0,nvlink_rx_bytes,4.68692e+13
2026-09-30T06:24:27.876Z,gpu-3uwoq-6g3ya-2,nvlink,gpu0,nvlink_tx_bytes,4.68696e+13
2026-09-30T06:24:27.876Z,gpu-3uwoq-6g3ya-2,nvlink,gpu1,nvlink_rx_bytes,4.70222e+13
2026-09-30T06:24:27.876Z,gpu-3uwoq-6g3ya-2,nvlink,gpu1,nvlink_tx_bytes,4.70228e+13
2026-09-30T06:24:27.876Z,gpu-3uwoq-6g3ya-2,nvlink,gpu2,nvlink_rx_bytes,4.68912e+13
2026-09-30T06:24:27.876Z,gpu-3uwoq-6g3ya-2,nvlink,gpu2,nvlink_tx_bytes,4.68913e+13
2026-09-30T06:24:27.876Z,gpu-3uwoq-6g3ya-2,nvlink,gpu3,nvlink_rx_bytes,4.68385e+13
2026-09-30T06:24:27.876Z,gpu-3uwoq-6g3ya-2,nvlink,gpu3,nvlink_tx_bytes,4.68389e+13
2026-09-30T06:24:28.876Z,gpu-3uwoq-6g3ya-2,ib_counter,rdma_vf_rail0,port_xmit_data,2.8979e+12
2026-09-30T06:24:28.876Z,gpu-3uwoq-6g3ya-2,ib_counter,rdma_vf_rail0,port_rcv_data,5.85726e+12
2026-09-30T06:24:28.876Z,gpu-3uwoq-6g3ya-2,ib_counter,rdma_vf_rail0,port_xmit_packets,9.93301e+08
2026-09-30T06:24:28.876Z,gpu-3uwoq-6g3ya-2,ib_counter,rdma_vf_rail0,port_rcv_packets,1.61819e+09
2026-09-30T06:24:28.876Z,gpu-3uwoq-6g3ya-2,ib_counter,rdma_vf_rail0,port_xmit_wait,0
2026-09-30T06:24:28.876Z,gpu-3uwoq-6g3ya-2,ib_counter,rdma_vf_rail0,port_rcv_errors,0
2026-09-30T06:24:28.876Z,gpu-3uwoq-6g3ya-2,ib_counter,rdma_vf_rail0,port_xmit_discards,0
2026-09-30T06:24:28.876Z,gpu-3uwoq-6g3ya-2,ib_counter,rdma_vf_rail0,link_downed,0
2026-09-30T06:24:28.876Z,gpu-3uwoq-6g3ya-2,ib_hw_counter,rdma_vf_rail0,out_of_sequence,0
2026-09-30T06:24:28.876Z,gpu-3uwoq-6g3ya-2,ib_hw_counter,rdma_vf_rail0,packet_seq_err,0
2026-09-30T06:24:28.876Z,gpu-3uwoq-6g3ya-2,ib_hw_counter,rdma_vf_rail0,local_ack_timeout_err,0
2026-09-30T06:24:28.876Z,gpu-3uwoq-6g3ya-2,ib_hw_counter,rdma_vf_rail0,rx_write_requests,7.07105e+08
2026-09-30T06:24:28.876Z,gpu-3uwoq-6g3ya-2,ib_hw_counter,rdma_vf_rail0,rx_read_requests,1.14286e+07
2026-09-30T06:24:28.876Z,gpu-3uwoq-6g3ya-2,ib_hw_counter,rdma_vf_rail0,req_cqe_error,0
2026-09-30T06:24:28.876Z,gpu-3uwoq-6g3ya-2,ib_hw_counter,rdma_vf_rail0,resp_cqe_error,0
2026-09-30T06:24:28.876Z,gpu-3uwoq-6g3ya-2,ib_hw_counter,rdma_vf_rail0,implied_nak_seq_err,0
2026-09-30T06:24:28.876Z,gpu-3uwoq-6g3ya-2,ib_hw_counter,rdma_vf_rail0,duplicate_request,0
2026-09-30T06:24:28.876Z,gpu-3uwoq-6g3ya-2,ib_counter,rdma_vf_rail1,port_xmit_data,2.78983e+12
2026-09-30T06:24:28.876Z,gpu-3uwoq-6g3ya-2,ib_counter,rdma_vf_rail1,port_rcv_data,5.74915e+12
2026-09-30T06:24:28.876Z,gpu-3uwoq-6g3ya-2,ib_counter,rdma_vf_rail1,port_xmit_packets,9.6064e+08
2026-09-30T06:24:28.876Z,gpu-3uwoq-6g3ya-2,ib_counter,rdma_vf_rail1,port_rcv_packets,1.58571e+09
2026-09-30T06:24:28.876Z,gpu-3uwoq-6g3ya-2,ib_counter,rdma_vf_rail1,port_xmit_wait,0
2026-09-30T06:24:28.876Z,gpu-3uwoq-6g3ya-2,ib_counter,rdma_vf_rail1,port_rcv_errors,0
2026-09-30T06:24:28.876Z,gpu-3uwoq-6g3ya-2,ib_counter,rdma_vf_rail1,port_xmit_discards,0
2026-09-30T06:24:28.876Z,gpu-3uwoq-6g3ya-2,ib_counter,rdma_vf_rail1,link_downed,0
2026-09-30T06:24:28.876Z,gpu-3uwoq-6g3ya-2,ib_hw_counter,rdma_vf_rail1,out_of_sequence,0
2026-09-30T06:24:28.876Z,gpu-3uwoq-6g3ya-2,ib_hw_counter,rdma_vf_rail1,packet_seq_err,0
2026-09-30T06:24:28.876Z,gpu-3uwoq-6g3ya-2,ib_hw_counter,rdma_vf_rail1,local_ack_timeout_err,0
2026-09-30T06:24:28.876Z,gpu-3uwoq-6g3ya-2,ib_hw_counter,rdma_vf_rail1,rx_write_requests,7.05505e+08
2026-09-30T06:24:28.876Z,gpu-3uwoq-6g3ya-2,ib_hw_counter,rdma_vf_rail1,rx_read_requests,1.06278e+07
2026-09-30T06:24:28.876Z,gpu-3uwoq-6g3ya-2,ib_hw_counter,rdma_vf_rail1,req_cqe_error,0
2026-09-30T06:24:28.876Z,gpu-3uwoq-6g3ya-2,ib_hw_counter,rdma_vf_rail1,resp_cqe_error,0
2026-09-30T06:24:28.876Z,gpu-3uwoq-6g3ya-2,ib_hw_counter,rdma_vf_rail1,implied_nak_seq_err,0
2026-09-30T06:24:28.876Z,gpu-3uwoq-6g3ya-2,ib_hw_counter,rdma_vf_rail1,duplicate_request,0
2026-09-30T06:24:28.876Z,gpu-3uwoq-6g3ya-2,ib_counter,rdma_vf_rail2,port_xmit_data,2.76211e+12
2026-09-30T06:24:28.876Z,gpu-3uwoq-6g3ya-2,ib_counter,rdma_vf_rail2,port_rcv_data,5.72087e+12
2026-09-30T06:24:28.876Z,gpu-3uwoq-6g3ya-2,ib_counter,rdma_vf_rail2,port_xmit_packets,9.42748e+08
2026-09-30T06:24:28.876Z,gpu-3uwoq-6g3ya-2,ib_counter,rdma_vf_rail2,port_rcv_packets,1.56156e+09
2026-09-30T06:24:28.876Z,gpu-3uwoq-6g3ya-2,ib_counter,rdma_vf_rail2,port_xmit_wait,0
2026-09-30T06:24:28.876Z,gpu-3uwoq-6g3ya-2,ib_counter,rdma_vf_rail2,port_rcv_errors,0
2026-09-30T06:24:28.876Z,gpu-3uwoq-6g3ya-2,ib_counter,rdma_vf_rail2,port_xmit_discards,0
2026-09-30T06:24:28.876Z,gpu-3uwoq-6g3ya-2,ib_counter,rdma_vf_rail2,link_downed,0
2026-09-30T06:24:28.876Z,gpu-3uwoq-6g3ya-2,ib_hw_counter,rdma_vf_rail2,out_of_sequence,0
2026-09-30T06:24:28.876Z,gpu-3uwoq-6g3ya-2,ib_hw_counter,rdma_vf_rail2,packet_seq_err,0
2026-09-30T06:24:28.876Z,gpu-3uwoq-6g3ya-2,ib_hw_counter,rdma_vf_rail2,local_ack_timeout_err,0
2026-09-30T06:24:28.876Z,gpu-3uwoq-6g3ya-2,ib_hw_counter,rdma_vf_rail2,rx_write_requests,7.05079e+08
2026-09-30T06:24:28.876Z,gpu-3uwoq-6g3ya-2,ib_hw_counter,rdma_vf_rail2,rx_read_requests,1.042e+07
2026-09-30T06:24:28.876Z,gpu-3uwoq-6g3ya-2,ib_hw_counter,rdma_vf_rail2,req_cqe_error,0
2026-09-30T06:24:28.876Z,gpu-3uwoq-6g3ya-2,ib_hw_counter,rdma_vf_rail2,resp_cqe_error,0
2026-09-30T06:24:28.876Z,gpu-3uwoq-6g3ya-2,ib_hw_counter,rdma_vf_rail2,implied_nak_seq_err,0
2026-09-30T06:24:28.876Z,gpu-3uwoq-6g3ya-2,ib_hw_counter,rdma_vf_rail2,duplicate_request,0
2026-09-30T06:24:28.876Z,gpu-3uwoq-6g3ya-2,ib_counter,rdma_vf_rail3,port_xmit_data,2.76198e+12
2026-09-30T06:24:28.876Z,gpu-3uwoq-6g3ya-2,ib_counter,rdma_vf_rail3,port_rcv_data,5.72148e+12
2026-09-30T06:24:28.876Z,gpu-3uwoq-6g3ya-2,ib_counter,rdma_vf_rail3,port_xmit_packets,9.41089e+08
2026-09-30T06:24:28.876Z,gpu-3uwoq-6g3ya-2,ib_counter,rdma_vf_rail3,port_rcv_packets,1.56898e+09
2026-09-30T06:24:28.876Z,gpu-3uwoq-6g3ya-2,ib_counter,rdma_vf_rail3,port_xmit_wait,0
2026-09-30T06:24:28.876Z,gpu-3uwoq-6g3ya-2,ib_counter,rdma_vf_rail3,port_rcv_errors,0
2026-09-30T06:24:28.876Z,gpu-3uwoq-6g3ya-2,ib_counter,rdma_vf_rail3,port_xmit_discards,0
2026-09-30T06:24:28.876Z,gpu-3uwoq-6g3ya-2,ib_counter,rdma_vf_rail3,link_downed,0
2026-09-30T06:24:28.876Z,gpu-3uwoq-6g3ya-2,ib_hw_counter,rdma_vf_rail3,out_of_sequence,0
2026-09-30T06:24:28.876Z,gpu-3uwoq-6g3ya-2,ib_hw_counter,rdma_vf_rail3,packet_seq_err,1
2026-09-30T06:24:28.876Z,gpu-3uwoq-6g3ya-2,ib_hw_counter,rdma_vf_rail3,local_ack_timeout_err,0
2026-09-30T06:24:28.876Z,gpu-3uwoq-6g3ya-2,ib_hw_counter,rdma_vf_rail3,rx_write_requests,7.05079e+08
2026-09-30T06:24:28.876Z,gpu-3uwoq-6g3ya-2,ib_hw_counter,rdma_vf_rail3,rx_read_requests,1.042e+07
2026-09-30T06:24:28.876Z,gpu-3uwoq-6g3ya-2,ib_hw_counter,rdma_vf_rail3,req_cqe_error,0
2026-09-30T06:24:28.876Z,gpu-3uwoq-6g3ya-2,ib_hw_counter,rdma_vf_rail3,resp_cqe_error,0
2026-09-30T06:24:28.876Z,gpu-3uwoq-6g3ya-2,ib_hw_counter,rdma_vf_rail3,implied_nak_seq_err,0
2026-09-30T06:24:28.876Z,gpu-3uwoq-6g3ya-2,ib_hw_counter,rdma_vf_rail3,duplicate_request,0
2026-09-30T06:24:28.876Z,gpu-3uwoq-6g3ya-2,dcgm,gpu2,gpu_util,0
2026-09-30T06:24:28.876Z,gpu-3uwoq-6g3ya-2,dcgm,gpu3,gpu_util,0
2026-09-30T06:24:28.876Z,gpu-3uwoq-6g3ya-2,dcgm,gpu1,gpu_util,0
2026-09-30T06:24:28.876Z,gpu-3uwoq-6g3ya-2,dcgm,gpu0,gpu_util,0
2026-09-30T06:24:28.876Z,gpu-3uwoq-6g3ya-2,dcgm,gpu2,nvlink_bandwidth_total,0
2026-09-30T06:24:28.876Z,gpu-3uwoq-6g3ya-2,dcgm,gpu3,nvlink_bandwidth_total,0
2026-09-30T06:24:28.876Z,gpu-3uwoq-6g3ya-2,dcgm,gpu1,nvlink_bandwidth_total,0
2026-09-30T06:24:28.876Z,gpu-3uwoq-6g3ya-2,dcgm,gpu0,nvlink_bandwidth_total,0
2026-09-30T06:24:28.876Z,gpu-3uwoq-6g3ya-2,dcgm,gpu2,power_w,231.177
2026-09-30T06:24:28.876Z,gpu-3uwoq-6g3ya-2,dcgm,gpu3,power_w,234.24
2026-09-30T06:24:28.876Z,gpu-3uwoq-6g3ya-2,dcgm,gpu1,power_w,229.904
2026-09-30T06:24:28.876Z,gpu-3uwoq-6g3ya-2,dcgm,gpu0,power_w,226.486
2026-09-30T06:24:28.876Z,gpu-3uwoq-6g3ya-2,dcgm,gpu2,sm_clock_mhz,2070
2026-09-30T06:24:28.876Z,gpu-3uwoq-6g3ya-2,dcgm,gpu3,sm_clock_mhz,2070
2026-09-30T06:24:28.876Z,gpu-3uwoq-6g3ya-2,dcgm,gpu1,sm_clock_mhz,2070
2026-09-30T06:24:28.876Z,gpu-3uwoq-6g3ya-2,dcgm,gpu0,sm_clock_mhz,2070
2026-09-30T06:24:28.876Z,gpu-3uwoq-6g3ya-2,dcgm,gpu2,dram_active,3e-06
2026-09-30T06:24:28.876Z,gpu-3uwoq-6g3ya-2,dcgm,gpu3,dram_active,3e-06
2026-09-30T06:24:28.876Z,gpu-3uwoq-6g3ya-2,dcgm,gpu1,dram_active,3e-06
2026-09-30T06:24:28.876Z,gpu-3uwoq-6g3ya-2,dcgm,gpu0,dram_active,3e-06
2026-09-30T06:24:28.876Z,gpu-3uwoq-6g3ya-2,dcgm,gpu2,pcie_rx_bytes,247651
2026-09-30T06:24:28.876Z,gpu-3uwoq-6g3ya-2,dcgm,gpu3,pcie_rx_bytes,234991
2026-09-30T06:24:28.876Z,gpu-3uwoq-6g3ya-2,dcgm,gpu1,pcie_rx_bytes,293204
2026-09-30T06:24:28.876Z,gpu-3uwoq-6g3ya-2,dcgm,gpu0,pcie_rx_bytes,297902
2026-09-30T06:24:28.876Z,gpu-3uwoq-6g3ya-2,dcgm,gpu2,pcie_tx_bytes,225131
2026-09-30T06:24:28.876Z,gpu-3uwoq-6g3ya-2,dcgm,gpu3,pcie_tx_bytes,212334
2026-09-30T06:24:28.876Z,gpu-3uwoq-6g3ya-2,dcgm,gpu1,pcie_tx_bytes,270834
2026-09-30T06:24:28.876Z,gpu-3uwoq-6g3ya-2,dcgm,gpu0,pcie_tx_bytes,275071
2026-09-30T06:24:28.876Z,gpu-3uwoq-6g3ya-2,dcgm,gpu2,tensor_active,0
2026-09-30T06:24:28.876Z,gpu-3uwoq-6g3ya-2,dcgm,gpu3,tensor_active,0
2026-09-30T06:24:28.876Z,gpu-3uwoq-6g3ya-2,dcgm,gpu1,tensor_active,0
2026-09-30T06:24:28.876Z,gpu-3uwoq-6g3ya-2,dcgm,gpu0,tensor_active,0
2026-09-30T06:24:28.876Z,gpu-3uwoq-6g3ya-2,dcgm,gpu2,sm_active,0
2026-09-30T06:24:28.876Z,gpu-3uwoq-6g3ya-2,dcgm,gpu3,sm_active,0
2026-09-30T06:24:28.876Z,gpu-3uwoq-6g3ya-2,dcgm,gpu1,sm_active,0
2026-09-30T06:24:28.876Z,gpu-3uwoq-6g3ya-2,dcgm,gpu0,sm_active,0
2026-09-30T06:24:28.876Z,gpu-3uwoq-6g3ya-2,nvlink,gpu0,nvlink_rx_bytes,4.68692e+13
2026-09-30T06:24:28.876Z,gpu-3uwoq-6g3ya-2,nvlink,gpu0,nvlink_tx_bytes,4.68696e+13
2026-09-30T06:24:28.876Z,gpu-3uwoq-6g3ya-2,nvlink,gpu1,nvlink_rx_bytes,4.70222e+13
2026-09-30T06:24:28.876Z,gpu-3uwoq-6g3ya-2,nvlink,gpu1,nvlink_tx_bytes,4.70228e+13
2026-09-30T06:24:28.876Z,gpu-3uwoq-6g3ya-2,nvlink,gpu2,nvlink_rx_bytes,4.68912e+13
2026-09-30T06:24:28.876Z,gpu-3uwoq-6g3ya-2,nvlink,gpu2,nvlink_tx_bytes,4.68913e+13
2026-09-30T06:24:28.876Z,gpu-3uwoq-6g3ya-2,nvlink,gpu3,nvlink_rx_bytes,4.68385e+13
2026-09-30T06:24:28.876Z,gpu-3uwoq-6g3ya-2,nvlink,gpu3,nvlink_tx_bytes,4.68389e+13
2026-09-30T06:24:29.876Z,gpu-3uwoq-6g3ya-2,ib_counter,rdma_vf_rail0,port_xmit_data,2.8979e+12
2026-09-30T06:24:29.876Z,gpu-3uwoq-6g3ya-2,ib_counter,rdma_vf_rail0,port_rcv_data,5.85726e+12
2026-09-30T06:24:29.876Z,gpu-3uwoq-6g3ya-2,ib_counter,rdma_vf_rail0,port_xmit_packets,9.93301e+08
2026-09-30T06:24:29.876Z,gpu-3uwoq-6g3ya-2,ib_counter,rdma_vf_rail0,port_rcv_packets,1.61819e+09
2026-09-30T06:24:29.876Z,gpu-3uwoq-6g3ya-2,ib_counter,rdma_vf_rail0,port_xmit_wait,0
2026-09-30T06:24:29.876Z,gpu-3uwoq-6g3ya-2,ib_counter,rdma_vf_rail0,port_rcv_errors,0
2026-09-30T06:24:29.876Z,gpu-3uwoq-6g3ya-2,ib_counter,rdma_vf_rail0,port_xmit_discards,0
2026-09-30T06:24:29.876Z,gpu-3uwoq-6g3ya-2,ib_counter,rdma_vf_rail0,link_downed,0
2026-09-30T06:24:29.876Z,gpu-3uwoq-6g3ya-2,ib_hw_counter,rdma_vf_rail0,out_of_sequence,0
2026-09-30T06:24:29.876Z,gpu-3uwoq-6g3ya-2,ib_hw_counter,rdma_vf_rail0,packet_seq_err,0
2026-09-30T06:24:29.876Z,gpu-3uwoq-6g3ya-2,ib_hw_counter,rdma_vf_rail0,local_ack_timeout_err,0
2026-09-30T06:24:29.876Z,gpu-3uwoq-6g3ya-2,ib_hw_counter,rdma_vf_rail0,rx_write_requests,7.07105e+08
2026-09-30T06:24:29.876Z,gpu-3uwoq-6g3ya-2,ib_hw_counter,rdma_vf_rail0,rx_read_requests,1.14286e+07
2026-09-30T06:24:29.876Z,gpu-3uwoq-6g3ya-2,ib_hw_counter,rdma_vf_rail0,req_cqe_error,0
2026-09-30T06:24:29.876Z,gpu-3uwoq-6g3ya-2,ib_hw_counter,rdma_vf_rail0,resp_cqe_error,0
2026-09-30T06:24:29.876Z,gpu-3uwoq-6g3ya-2,ib_hw_counter,rdma_vf_rail0,implied_nak_seq_err,0
2026-09-30T06:24:29.876Z,gpu-3uwoq-6g3ya-2,ib_hw_counter,rdma_vf_rail0,duplicate_request,0
2026-09-30T06:24:29.876Z,gpu-3uwoq-6g3ya-2,ib_counter,rdma_vf_rail1,port_xmit_data,2.78983e+12
2026-09-30T06:24:29.876Z,gpu-3uwoq-6g3ya-2,ib_counter,rdma_vf_rail1,port_rcv_data,5.74915e+12
2026-09-30T06:24:29.876Z,gpu-3uwoq-6g3ya-2,ib_counter,rdma_vf_rail1,port_xmit_packets,9.6064e+08
2026-09-30T06:24:29.876Z,gpu-3uwoq-6g3ya-2,ib_counter,rdma_vf_rail1,port_rcv_packets,1.58571e+09
2026-09-30T06:24:29.876Z,gpu-3uwoq-6g3ya-2,ib_counter,rdma_vf_rail1,port_xmit_wait,0
2026-09-30T06:24:29.876Z,gpu-3uwoq-6g3ya-2,ib_counter,rdma_vf_rail1,port_rcv_errors,0
2026-09-30T06:24:29.876Z,gpu-3uwoq-6g3ya-2,ib_counter,rdma_vf_rail1,port_xmit_discards,0
2026-09-30T06:24:29.876Z,gpu-3uwoq-6g3ya-2,ib_counter,rdma_vf_rail1,link_downed,0
2026-09-30T06:24:29.876Z,gpu-3uwoq-6g3ya-2,ib_hw_counter,rdma_vf_rail1,out_of_sequence,0
2026-09-30T06:24:29.876Z,gpu-3uwoq-6g3ya-2,ib_hw_counter,rdma_vf_rail1,packet_seq_err,0
2026-09-30T06:24:29.876Z,gpu-3uwoq-6g3ya-2,ib_hw_counter,rdma_vf_rail1,local_ack_timeout_err,0
2026-09-30T06:24:29.876Z,gpu-3uwoq-6g3ya-2,ib_hw_counter,rdma_vf_rail1,rx_write_requests,7.05505e+08
2026-09-30T06:24:29.876Z,gpu-3uwoq-6g3ya-2,ib_hw_counter,rdma_vf_rail1,rx_read_requests,1.06278e+07
2026-09-30T06:24:29.876Z,gpu-3uwoq-6g3ya-2,ib_hw_counter,rdma_vf_rail1,req_cqe_error,0
2026-09-30T06:24:29.876Z,gpu-3uwoq-6g3ya-2,ib_hw_counter,rdma_vf_rail1,resp_cqe_error,0
2026-09-30T06:24:29.876Z,gpu-3uwoq-6g3ya-2,ib_hw_counter,rdma_vf_rail1,implied_nak_seq_err,0
2026-09-30T06:24:29.876Z,gpu-3uwoq-6g3ya-2,ib_hw_counter,rdma_vf_rail1,duplicate_request,0
2026-09-30T06:24:29.876Z,gpu-3uwoq-6g3ya-2,ib_counter,rdma_vf_rail2,port_xmit_data,2.76211e+12
2026-09-30T06:24:29.876Z,gpu-3uwoq-6g3ya-2,ib_counter,rdma_vf_rail2,port_rcv_data,5.72087e+12
2026-09-30T06:24:29.876Z,gpu-3uwoq-6g3ya-2,ib_counter,rdma_vf_rail2,port_xmit_packets,9.42748e+08
2026-09-30T06:24:29.876Z,gpu-3uwoq-6g3ya-2,ib_counter,rdma_vf_rail2,port_rcv_packets,1.56156e+09
2026-09-30T06:24:29.876Z,gpu-3uwoq-6g3ya-2,ib_counter,rdma_vf_rail2,port_xmit_wait,0
2026-09-30T06:24:29.876Z,gpu-3uwoq-6g3ya-2,ib_counter,rdma_vf_rail2,port_rcv_errors,0
2026-09-30T06:24:29.876Z,gpu-3uwoq-6g3ya-2,ib_counter,rdma_vf_rail2,port_xmit_discards,0
2026-09-30T06:24:29.876Z,gpu-3uwoq-6g3ya-2,ib_counter,rdma_vf_rail2,link_downed,0
2026-09-30T06:24:29.876Z,gpu-3uwoq-6g3ya-2,ib_hw_counter,rdma_vf_rail2,out_of_sequence,0
2026-09-30T06:24:29.876Z,gpu-3uwoq-6g3ya-2,ib_hw_counter,rdma_vf_rail2,packet_seq_err,0
2026-09-30T06:24:29.876Z,gpu-3uwoq-6g3ya-2,ib_hw_counter,rdma_vf_rail2,local_ack_timeout_err,0
2026-09-30T06:24:29.876Z,gpu-3uwoq-6g3ya-2,ib_hw_counter,rdma_vf_rail2,rx_write_requests,7.05079e+08
2026-09-30T06:24:29.876Z,gpu-3uwoq-6g3ya-2,ib_hw_counter,rdma_vf_rail2,rx_read_requests,1.042e+07
2026-09-30T06:24:29.876Z,gpu-3uwoq-6g3ya-2,ib_hw_counter,rdma_vf_rail2,req_cqe_error,0
2026-09-30T06:24:29.876Z,gpu-3uwoq-6g3ya-2,ib_hw_counter,rdma_vf_rail2,resp_cqe_error,0
2026-09-30T06:24:29.876Z,gpu-3uwoq-6g3ya-2,ib_hw_counter,rdma_vf_rail2,implied_nak_seq_err,0
2026-09-30T06:24:29.876Z,gpu-3uwoq-6g3ya-2,ib_hw_counter,rdma_vf_rail2,duplicate_request,0
2026-09-30T06:24:29.876Z,gpu-3uwoq-6g3ya-2,ib_counter,rdma_vf_rail3,port_xmit_data,2.76198e+12
2026-09-30T06:24:29.876Z,gpu-3uwoq-6g3ya-2,ib_counter,rdma_vf_rail3,port_rcv_data,5.72148e+12
2026-09-30T06:24:29.876Z,gpu-3uwoq-6g3ya-2,ib_counter,rdma_vf_rail3,port_xmit_packets,9.41089e+08
2026-09-30T06:24:29.876Z,gpu-3uwoq-6g3ya-2,ib_counter,rdma_vf_rail3,port_rcv_packets,1.56898e+09
2026-09-30T06:24:29.876Z,gpu-3uwoq-6g3ya-2,ib_counter,rdma_vf_rail3,port_xmit_wait,0
2026-09-30T06:24:29.876Z,gpu-3uwoq-6g3ya-2,ib_counter,rdma_vf_rail3,port_rcv_errors,0
2026-09-30T06:24:29.876Z,gpu-3uwoq-6g3ya-2,ib_counter,rdma_vf_rail3,port_xmit_discards,0
2026-09-30T06:24:29.876Z,gpu-3uwoq-6g3ya-2,ib_counter,rdma_vf_rail3,link_downed,0
2026-09-30T06:24:29.876Z,gpu-3uwoq-6g3ya-2,ib_hw_counter,rdma_vf_rail3,out_of_sequence,0
2026-09-30T06:24:29.876Z,gpu-3uwoq-6g3ya-2,ib_hw_counter,rdma_vf_rail3,packet_seq_err,1
2026-09-30T06:24:29.876Z,gpu-3uwoq-6g3ya-2,ib_hw_counter,rdma_vf_rail3,local_ack_timeout_err,0
2026-09-30T06:24:29.876Z,gpu-3uwoq-6g3ya-2,ib_hw_counter,rdma_vf_rail3,rx_write_requests,7.05079e+08
2026-09-30T06:24:29.876Z,gpu-3uwoq-6g3ya-2,ib_hw_counter,rdma_vf_rail3,rx_read_requests,1.042e+07
2026-09-30T06:24:29.876Z,gpu-3uwoq-6g3ya-2,ib_hw_counter,rdma_vf_rail3,req_cqe_error,0
2026-09-30T06:24:29.876Z,gpu-3uwoq-6g3ya-2,ib_hw_counter,rdma_vf_rail3,resp_cqe_error,0
2026-09-30T06:24:29.876Z,gpu-3uwoq-6g3ya-2,ib_hw_counter,rdma_vf_rail3,implied_nak_seq_err,0
2026-09-30T06:24:29.876Z,gpu-3uwoq-6g3ya-2,ib_hw_counter,rdma_vf_rail3,duplicate_request,0
2026-09-30T06:24:29.876Z,gpu-3uwoq-6g3ya-2,dcgm,gpu2,gpu_util,0
2026-09-30T06:24:29.876Z,gpu-3uwoq-6g3ya-2,dcgm,gpu3,gpu_util,0
2026-09-30T06:24:29.876Z,gpu-3uwoq-6g3ya-2,dcgm,gpu1,gpu_util,0
2026-09-30T06:24:29.876Z,gpu-3uwoq-6g3ya-2,dcgm,gpu0,gpu_util,0
2026-09-30T06:24:29.876Z,gpu-3uwoq-6g3ya-2,dcgm,gpu2,nvlink_bandwidth_total,0
2026-09-30T06:24:29.876Z,gpu-3uwoq-6g3ya-2,dcgm,gpu3,nvlink_bandwidth_total,0
2026-09-30T06:24:29.876Z,gpu-3uwoq-6g3ya-2,dcgm,gpu1,nvlink_bandwidth_total,0
2026-09-30T06:24:29.876Z,gpu-3uwoq-6g3ya-2,dcgm,gpu0,nvlink_bandwidth_total,0
2026-09-30T06:24:29.876Z,gpu-3uwoq-6g3ya-2,dcgm,gpu2,power_w,231.177
2026-09-30T06:24:29.876Z,gpu-3uwoq-6g3ya-2,dcgm,gpu3,power_w,234.24
2026-09-30T06:24:29.876Z,gpu-3uwoq-6g3ya-2,dcgm,gpu1,power_w,229.904
2026-09-30T06:24:29.876Z,gpu-3uwoq-6g3ya-2,dcgm,gpu0,power_w,226.486
2026-09-30T06:24:29.876Z,gpu-3uwoq-6g3ya-2,dcgm,gpu2,sm_clock_mhz,2070
2026-09-30T06:24:29.876Z,gpu-3uwoq-6g3ya-2,dcgm,gpu3,sm_clock_mhz,2070
2026-09-30T06:24:29.876Z,gpu-3uwoq-6g3ya-2,dcgm,gpu1,sm_clock_mhz,2070
2026-09-30T06:24:29.876Z,gpu-3uwoq-6g3ya-2,dcgm,gpu0,sm_clock_mhz,2070
2026-09-30T06:24:29.876Z,gpu-3uwoq-6g3ya-2,dcgm,gpu2,dram_active,3e-06
2026-09-30T06:24:29.876Z,gpu-3uwoq-6g3ya-2,dcgm,gpu3,dram_active,3e-06
2026-09-30T06:24:29.876Z,gpu-3uwoq-6g3ya-2,dcgm,gpu1,dram_active,3e-06
2026-09-30T06:24:29.876Z,gpu-3uwoq-6g3ya-2,dcgm,gpu0,dram_active,3e-06
2026-09-30T06:24:29.876Z,gpu-3uwoq-6g3ya-2,dcgm,gpu2,pcie_rx_bytes,247651
2026-09-30T06:24:29.876Z,gpu-3uwoq-6g3ya-2,dcgm,gpu3,pcie_rx_bytes,234991
2026-09-30T06:24:29.876Z,gpu-3uwoq-6g3ya-2,dcgm,gpu1,pcie_rx_bytes,293204
2026-09-30T06:24:29.876Z,gpu-3uwoq-6g3ya-2,dcgm,gpu0,pcie_rx_bytes,297902
2026-09-30T06:24:29.876Z,gpu-3uwoq-6g3ya-2,dcgm,gpu2,pcie_tx_bytes,225131
2026-09-30T06:24:29.876Z,gpu-3uwoq-6g3ya-2,dcgm,gpu3,pcie_tx_bytes,212334
2026-09-30T06:24:29.876Z,gpu-3uwoq-6g3ya-2,dcgm,gpu1,pcie_tx_bytes,270834
2026-09-30T06:24:29.876Z,gpu-3uwoq-6g3ya-2,dcgm,gpu0,pcie_tx_bytes,275071
2026-09-30T06:24:29.876Z,gpu-3uwoq-6g3ya-2,dcgm,gpu2,tensor_active,0
2026-09-30T06:24:29.876Z,gpu-3uwoq-6g3ya-2,dcgm,gpu3,tensor_active,0
2026-09-30T06:24:29.876Z,gpu-3uwoq-6g3ya-2,dcgm,gpu1,tensor_active,0
2026-09-30T06:24:29.876Z,gpu-3uwoq-6g3ya-2,dcgm,gpu0,tensor_active,0
2026-09-30T06:24:29.876Z,gpu-3uwoq-6g3ya-2,dcgm,gpu2,sm_active,0
2026-09-30T06:24:29.876Z,gpu-3uwoq-6g3ya-2,dcgm,gpu3,sm_active,0
2026-09-30T06:24:29.876Z,gpu-3uwoq-6g3ya-2,dcgm,gpu1,sm_active,0
2026-09-30T06:24:29.876Z,gpu-3uwoq-6g3ya-2,dcgm,gpu0,sm_active,0
2026-09-30T06:24:29.876Z,gpu-3uwoq-6g3ya-2,nvlink,gpu0,nvlink_rx_bytes,4.68692e+13
2026-09-30T06:24:29.876Z,gpu-3uwoq-6g3ya-2,nvlink,gpu0,nvlink_tx_bytes,4.68696e+13
2026-09-30T06:24:29.876Z,gpu-3uwoq-6g3ya-2,nvlink,gpu1,nvlink_rx_bytes,4.70222e+13
2026-09-30T06:24:29.876Z,gpu-3uwoq-6g3ya-2,nvlink,gpu1,nvlink_tx_bytes,4.70228e+13
2026-09-30T06:24:29.876Z,gpu-3uwoq-6g3ya-2,nvlink,gpu2,nvlink_rx_bytes,4.68912e+13
2026-09-30T06:24:29.876Z,gpu-3uwoq-6g3ya-2,nvlink,gpu2,nvlink_tx_bytes,4.68913e+13
2026-09-30T06:24:29.876Z,gpu-3uwoq-6g3ya-2,nvlink,gpu3,nvlink_rx_bytes,4.68385e+13
2026-09-30T06:24:29.876Z,gpu-3uwoq-6g3ya-2,nvlink,gpu3,nvlink_tx_bytes,4.68389e+13
2026-09-30T06:24:30.876Z,gpu-3uwoq-6g3ya-2,ib_counter,rdma_vf_rail0,port_xmit_data,2.8979e+12
2026-09-30T06:24:30.876Z,gpu-3uwoq-6g3ya-2,ib_counter,rdma_vf_rail0,port_rcv_data,5.85726e+12
2026-09-30T06:24:30.876Z,gpu-3uwoq-6g3ya-2,ib_counter,rdma_vf_rail0,port_xmit_packets,9.93301e+08
2026-09-30T06:24:30.876Z,gpu-3uwoq-6g3ya-2,ib_counter,rdma_vf_rail0,port_rcv_packets,1.61819e+09
2026-09-30T06:24:30.876Z,gpu-3uwoq-6g3ya-2,ib_counter,rdma_vf_rail0,port_xmit_wait,0
2026-09-30T06:24:30.876Z,gpu-3uwoq-6g3ya-2,ib_counter,rdma_vf_rail0,port_rcv_errors,0
2026-09-30T06:24:30.876Z,gpu-3uwoq-6g3ya-2,ib_counter,rdma_vf_rail0,port_xmit_discards,0
2026-09-30T06:24:30.876Z,gpu-3uwoq-6g3ya-2,ib_counter,rdma_vf_rail0,link_downed,0
2026-09-30T06:24:30.876Z,gpu-3uwoq-6g3ya-2,ib_hw_counter,rdma_vf_rail0,out_of_sequence,0
2026-09-30T06:24:30.876Z,gpu-3uwoq-6g3ya-2,ib_hw_counter,rdma_vf_rail0,packet_seq_err,0
2026-09-30T06:24:30.876Z,gpu-3uwoq-6g3ya-2,ib_hw_counter,rdma_vf_rail0,local_ack_timeout_err,0
2026-09-30T06:24:30.876Z,gpu-3uwoq-6g3ya-2,ib_hw_counter,rdma_vf_rail0,rx_write_requests,7.07105e+08
2026-09-30T06:24:30.876Z,gpu-3uwoq-6g3ya-2,ib_hw_counter,rdma_vf_rail0,rx_read_requests,1.14286e+07
2026-09-30T06:24:30.876Z,gpu-3uwoq-6g3ya-2,ib_hw_counter,rdma_vf_rail0,req_cqe_error,0
2026-09-30T06:24:30.876Z,gpu-3uwoq-6g3ya-2,ib_hw_counter,rdma_vf_rail0,resp_cqe_error,0
2026-09-30T06:24:30.876Z,gpu-3uwoq-6g3ya-2,ib_hw_counter,rdma_vf_rail0,implied_nak_seq_err,0
2026-09-30T06:24:30.876Z,gpu-3uwoq-6g3ya-2,ib_hw_counter,rdma_vf_rail0,duplicate_request,0
2026-09-30T06:24:30.876Z,gpu-3uwoq-6g3ya-2,ib_counter,rdma_vf_rail1,port_xmit_data,2.78983e+12
2026-09-30T06:24:30.876Z,gpu-3uwoq-6g3ya-2,ib_counter,rdma_vf_rail1,port_rcv_data,5.74915e+12
2026-09-30T06:24:30.876Z,gpu-3uwoq-6g3ya-2,ib_counter,rdma_vf_rail1,port_xmit_packets,9.6064e+08
2026-09-30T06:24:30.876Z,gpu-3uwoq-6g3ya-2,ib_counter,rdma_vf_rail1,port_rcv_packets,1.58571e+09
2026-09-30T06:24:30.876Z,gpu-3uwoq-6g3ya-2,ib_counter,rdma_vf_rail1,port_xmit_wait,0
2026-09-30T06:24:30.876Z,gpu-3uwoq-6g3ya-2,ib_counter,rdma_vf_rail1,port_rcv_errors,0
2026-09-30T06:24:30.876Z,gpu-3uwoq-6g3ya-2,ib_counter,rdma_vf_rail1,port_xmit_discards,0
2026-09-30T06:24:30.876Z,gpu-3uwoq-6g3ya-2,ib_counter,rdma_vf_rail1,link_downed,0
2026-09-30T06:24:30.876Z,gpu-3uwoq-6g3ya-2,ib_hw_counter,rdma_vf_rail1,out_of_sequence,0
2026-09-30T06:24:30.876Z,gpu-3uwoq-6g3ya-2,ib_hw_counter,rdma_vf_rail1,packet_seq_err,0
2026-09-30T06:24:30.876Z,gpu-3uwoq-6g3ya-2,ib_hw_counter,rdma_vf_rail1,local_ack_timeout_err,0
2026-09-30T06:24:30.876Z,gpu-3uwoq-6g3ya-2,ib_hw_counter,rdma_vf_rail1,rx_write_requests,7.05505e+08
2026-09-30T06:24:30.876Z,gpu-3uwoq-6g3ya-2,ib_hw_counter,rdma_vf_rail1,rx_read_requests,1.06278e+07
2026-09-30T06:24:30.876Z,gpu-3uwoq-6g3ya-2,ib_hw_counter,rdma_vf_rail1,req_cqe_error,0
2026-09-30T06:24:30.876Z,gpu-3uwoq-6g3ya-2,ib_hw_counter,rdma_vf_rail1,resp_cqe_error,0
2026-09-30T06:24:30.876Z,gpu-3uwoq-6g3ya-2,ib_hw_counter,rdma_vf_rail1,implied_nak_seq_err,0
2026-09-30T06:24:30.876Z,gpu-3uwoq-6g3ya-2,ib_hw_counter,rdma_vf_rail1,duplicate_request,0
2026-09-30T06:24:30.876Z,gpu-3uwoq-6g3ya-2,ib_counter,rdma_vf_rail2,port_xmit_data,2.76211e+12
2026-09-30T06:24:30.876Z,gpu-3uwoq-6g3ya-2,ib_counter,rdma_vf_rail2,port_rcv_data,5.72087e+12
2026-09-30T06:24:30.876Z,gpu-3uwoq-6g3ya-2,ib_counter,rdma_vf_rail2,port_xmit_packets,9.42748e+08
2026-09-30T06:24:30.876Z,gpu-3uwoq-6g3ya-2,ib_counter,rdma_vf_rail2,port_rcv_packets,1.56156e+09
2026-09-30T06:24:30.876Z,gpu-3uwoq-6g3ya-2,ib_counter,rdma_vf_rail2,port_xmit_wait,0
2026-09-30T06:24:30.876Z,gpu-3uwoq-6g3ya-2,ib_counter,rdma_vf_rail2,port_rcv_errors,0
2026-09-30T06:24:30.876Z,gpu-3uwoq-6g3ya-2,ib_counter,rdma_vf_rail2,port_xmit_discards,0
2026-09-30T06:24:30.876Z,gpu-3uwoq-6g3ya-2,ib_counter,rdma_vf_rail2,link_downed,0
2026-09-30T06:24:30.876Z,gpu-3uwoq-6g3ya-2,ib_hw_counter,rdma_vf_rail2,out_of_sequence,0
2026-09-30T06:24:30.876Z,gpu-3uwoq-6g3ya-2,ib_hw_counter,rdma_vf_rail2,packet_seq_err,0
2026-09-30T06:24:30.876Z,gpu-3uwoq-6g3ya-2,ib_hw_counter,rdma_vf_rail2,local_ack_timeout_err,0
2026-09-30T06:24:30.876Z,gpu-3uwoq-6g3ya-2,ib_hw_counter,rdma_vf_rail2,rx_write_requests,7.05079e+08
2026-09-30T06:24:30.876Z,gpu-3uwoq-6g3ya-2,ib_hw_counter,rdma_vf_rail2,rx_read_requests,1.042e+07
2026-09-30T06:24:30.876Z,gpu-3uwoq-6g3ya-2,ib_hw_counter,rdma_vf_rail2,req_cqe_error,0
2026-09-30T06:24:30.876Z,gpu-3uwoq-6g3ya-2,ib_hw_counter,rdma_vf_rail2,resp_cqe_error,0
2026-09-30T06:24:30.876Z,gpu-3uwoq-6g3ya-2,ib_hw_counter,rdma_vf_rail2,implied_nak_seq_err,0
2026-09-30T06:24:30.876Z,gpu-3uwoq-6g3ya-2,ib_hw_counter,rdma_vf_rail2,duplicate_request,0
2026-09-30T06:24:30.876Z,gpu-3uwoq-6g3ya-2,ib_counter,rdma_vf_rail3,port_xmit_data,2.76198e+12
2026-09-30T06:24:30.876Z,gpu-3uwoq-6g3ya-2,ib_counter,rdma_vf_rail3,port_rcv_data,5.72148e+12
2026-09-30T06:24:30.876Z,gpu-3uwoq-6g3ya-2,ib_counter,rdma_vf_rail3,port_xmit_packets,9.41089e+08
2026-09-30T06:24:30.876Z,gpu-3uwoq-6g3ya-2,ib_counter,rdma_vf_rail3,port_rcv_packets,1.56898e+09
2026-09-30T06:24:30.876Z,gpu-3uwoq-6g3ya-2,ib_counter,rdma_vf_rail3,port_xmit_wait,0
2026-09-30T06:24:30.876Z,gpu-3uwoq-6g3ya-2,ib_counter,rdma_vf_rail3,port_rcv_errors,0
2026-09-30T06:24:30.876Z,gpu-3uwoq-6g3ya-2,ib_counter,rdma_vf_rail3,port_xmit_discards,0
2026-09-30T06:24:30.876Z,gpu-3uwoq-6g3ya-2,ib_counter,rdma_vf_rail3,link_downed,0
2026-09-30T06:24:30.876Z,gpu-3uwoq-6g3ya-2,ib_hw_counter,rdma_vf_rail3,out_of_sequence,0
2026-09-30T06:24:30.876Z,gpu-3uwoq-6g3ya-2,ib_hw_counter,rdma_vf_rail3,packet_seq_err,1
2026-09-30T06:24:30.876Z,gpu-3uwoq-6g3ya-2,ib_hw_counter,rdma_vf_rail3,local_ack_timeout_err,0
2026-09-30T06:24:30.876Z,gpu-3uwoq-6g3ya-2,ib_hw_counter,rdma_vf_rail3,rx_write_requests,7.05079e+08
2026-09-30T06:24:30.876Z,gpu-3uwoq-6g3ya-2,ib_hw_counter,rdma_vf_rail3,rx_read_requests,1.042e+07
2026-09-30T06:24:30.876Z,gpu-3uwoq-6g3ya-2,ib_hw_counter,rdma_vf_rail3,req_cqe_error,0
2026-09-30T06:24:30.876Z,gpu-3uwoq-6g3ya-2,ib_hw_counter,rdma_vf_rail3,resp_cqe_error,0
2026-09-30T06:24:30.876Z,gpu-3uwoq-6g3ya-2,ib_hw_counter,rdma_vf_rail3,implied_nak_seq_err,0
2026-09-30T06:24:30.876Z,gpu-3uwoq-6g3ya-2,ib_hw_counter,rdma_vf_rail3,duplicate_request,0
2026-09-30T06:24:30.876Z,gpu-3uwoq-6g3ya-2,dcgm,gpu2,gpu_util,0
2026-09-30T06:24:30.876Z,gpu-3uwoq-6g3ya-2,dcgm,gpu3,gpu_util,0
2026-09-30T06:24:30.876Z,gpu-3uwoq-6g3ya-2,dcgm,gpu1,gpu_util,0
2026-09-30T06:24:30.876Z,gpu-3uwoq-6g3ya-2,dcgm,gpu0,gpu_util,0
2026-09-30T06:24:30.876Z,gpu-3uwoq-6g3ya-2,dcgm,gpu2,nvlink_bandwidth_total,0
2026-09-30T06:24:30.876Z,gpu-3uwoq-6g3ya-2,dcgm,gpu3,nvlink_bandwidth_total,0
2026-09-30T06:24:30.876Z,gpu-3uwoq-6g3ya-2,dcgm,gpu1,nvlink_bandwidth_total,0
2026-09-30T06:24:30.876Z,gpu-3uwoq-6g3ya-2,dcgm,gpu0,nvlink_bandwidth_total,0
2026-09-30T06:24:30.876Z,gpu-3uwoq-6g3ya-2,dcgm,gpu2,power_w,231.177
2026-09-30T06:24:30.876Z,gpu-3uwoq-6g3ya-2,dcgm,gpu3,power_w,234.24
2026-09-30T06:24:30.876Z,gpu-3uwoq-6g3ya-2,dcgm,gpu1,power_w,229.904
2026-09-30T06:24:30.876Z,gpu-3uwoq-6g3ya-2,dcgm,gpu0,power_w,226.486
2026-09-30T06:24:30.876Z,gpu-3uwoq-6g3ya-2,dcgm,gpu2,sm_clock_mhz,2070
2026-09-30T06:24:30.876Z,gpu-3uwoq-6g3ya-2,dcgm,gpu3,sm_clock_mhz,2070
2026-09-30T06:24:30.876Z,gpu-3uwoq-6g3ya-2,dcgm,gpu1,sm_clock_mhz,2070
2026-09-30T06:24:30.876Z,gpu-3uwoq-6g3ya-2,dcgm,gpu0,sm_clock_mhz,2070
2026-09-30T06:24:30.876Z,gpu-3uwoq-6g3ya-2,dcgm,gpu2,dram_active,3e-06
2026-09-30T06:24:30.876Z,gpu-3uwoq-6g3ya-2,dcgm,gpu3,dram_active,3e-06
2026-09-30T06:24:30.876Z,gpu-3uwoq-6g3ya-2,dcgm,gpu1,dram_active,3e-06
2026-09-30T06:24:30.876Z,gpu-3uwoq-6g3ya-2,dcgm,gpu0,dram_active,3e-06
2026-09-30T06:24:30.876Z,gpu-3uwoq-6g3ya-2,dcgm,gpu2,pcie_rx_bytes,247651
2026-09-30T06:24:30.876Z,gpu-3uwoq-6g3ya-2,dcgm,gpu3,pcie_rx_bytes,234991
2026-09-30T06:24:30.876Z,gpu-3uwoq-6g3ya-2,dcgm,gpu1,pcie_rx_bytes,293204
2026-09-30T06:24:30.876Z,gpu-3uwoq-6g3ya-2,dcgm,gpu0,pcie_rx_bytes,297902
2026-09-30T06:24:30.876Z,gpu-3uwoq-6g3ya-2,dcgm,gpu2,pcie_tx_bytes,225131
2026-09-30T06:24:30.876Z,gpu-3uwoq-6g3ya-2,dcgm,gpu3,pcie_tx_bytes,212334
2026-09-30T06:24:30.876Z,gpu-3uwoq-6g3ya-2,dcgm,gpu1,pcie_tx_bytes,270834
2026-09-30T06:24:30.876Z,gpu-3uwoq-6g3ya-2,dcgm,gpu0,pcie_tx_bytes,275071
2026-09-30T06:24:30.876Z,gpu-3uwoq-6g3ya-2,dcgm,gpu2,tensor_active,0
2026-09-30T06:24:30.876Z,gpu-3uwoq-6g3ya-2,dcgm,gpu3,tensor_active,0
2026-09-30T06:24:30.876Z,gpu-3uwoq-6g3ya-2,dcgm,gpu1,tensor_active,0
2026-09-30T06:24:30.876Z,gpu-3uwoq-6g3ya-2,dcgm,gpu0,tensor_active,0
2026-09-30T06:24:30.876Z,gpu-3uwoq-6g3ya-2,dcgm,gpu2,sm_active,0
2026-09-30T06:24:30.876Z,gpu-3uwoq-6g3ya-2,dcgm,gpu3,sm_active,0
2026-09-30T06:24:30.876Z,gpu-3uwoq-6g3ya-2,dcgm,gpu1,sm_active,0
2026-09-30T06:24:30.876Z,gpu-3uwoq-6g3ya-2,dcgm,gpu0,sm_active,0
2026-09-30T06:24:30.876Z,gpu-3uwoq-6g3ya-2,nvlink,gpu0,nvlink_rx_bytes,4.68692e+13
2026-09-30T06:24:30.876Z,gpu-3uwoq-6g3ya-2,nvlink,gpu0,nvlink_tx_bytes,4.68696e+13
2026-09-30T06:24:30.876Z,gpu-3uwoq-6g3ya-2,nvlink,gpu1,nvlink_rx_bytes,4.70222e+13
2026-09-30T06:24:30.876Z,gpu-3uwoq-6g3ya-2,nvlink,gpu1,nvlink_tx_bytes,4.70228e+13
2026-09-30T06:24:30.876Z,gpu-3uwoq-6g3ya-2,nvlink,gpu2,nvlink_rx_bytes,4.68912e+13
2026-09-30T06:24:30.876Z,gpu-3uwoq-6g3ya-2,nvlink,gpu2,nvlink_tx_bytes,4.68913e+13
2026-09-30T06:24:30.876Z,gpu-3uwoq-6g3ya-2,nvlink,gpu3,nvlink_rx_bytes,4.68385e+13
2026-09-30T06:24:30.876Z,gpu-3uwoq-6g3ya-2,nvlink,gpu3,nvlink_tx_bytes,4.68389e+13
2026-09-30T06:24:31.876Z,gpu-3uwoq-6g3ya-2,ib_counter,rdma_vf_rail0,port_xmit_data,2.8979e+12
2026-09-30T06:24:31.876Z,gpu-3uwoq-6g3ya-2,ib_counter,rdma_vf_rail0,port_rcv_data,5.85726e+12
2026-09-30T06:24:31.876Z,gpu-3uwoq-6g3ya-2,ib_counter,rdma_vf_rail0,port_xmit_packets,9.93301e+08
2026-09-30T06:24:31.876Z,gpu-3uwoq-6g3ya-2,ib_counter,rdma_vf_rail0,port_rcv_packets,1.61819e+09
2026-09-30T06:24:31.876Z,gpu-3uwoq-6g3ya-2,ib_counter,rdma_vf_rail0,port_xmit_wait,0
2026-09-30T06:24:31.876Z,gpu-3uwoq-6g3ya-2,ib_counter,rdma_vf_rail0,port_rcv_errors,0
2026-09-30T06:24:31.876Z,gpu-3uwoq-6g3ya-2,ib_counter,rdma_vf_rail0,port_xmit_discards,0
2026-09-30T06:24:31.876Z,gpu-3uwoq-6g3ya-2,ib_counter,rdma_vf_rail0,link_downed,0
2026-09-30T06:24:31.876Z,gpu-3uwoq-6g3ya-2,ib_hw_counter,rdma_vf_rail0,out_of_sequence,0
2026-09-30T06:24:31.876Z,gpu-3uwoq-6g3ya-2,ib_hw_counter,rdma_vf_rail0,packet_seq_err,0
2026-09-30T06:24:31.876Z,gpu-3uwoq-6g3ya-2,ib_hw_counter,rdma_vf_rail0,local_ack_timeout_err,0
2026-09-30T06:24:31.876Z,gpu-3uwoq-6g3ya-2,ib_hw_counter,rdma_vf_rail0,rx_write_requests,7.07105e+08
2026-09-30T06:24:31.876Z,gpu-3uwoq-6g3ya-2,ib_hw_counter,rdma_vf_rail0,rx_read_requests,1.14286e+07
2026-09-30T06:24:31.876Z,gpu-3uwoq-6g3ya-2,ib_hw_counter,rdma_vf_rail0,req_cqe_error,0
2026-09-30T06:24:31.876Z,gpu-3uwoq-6g3ya-2,ib_hw_counter,rdma_vf_rail0,resp_cqe_error,0
2026-09-30T06:24:31.876Z,gpu-3uwoq-6g3ya-2,ib_hw_counter,rdma_vf_rail0,implied_nak_seq_err,0
2026-09-30T06:24:31.876Z,gpu-3uwoq-6g3ya-2,ib_hw_counter,rdma_vf_rail0,duplicate_request,0
2026-09-30T06:24:31.876Z,gpu-3uwoq-6g3ya-2,ib_counter,rdma_vf_rail1,port_xmit_data,2.78983e+12
2026-09-30T06:24:31.876Z,gpu-3uwoq-6g3ya-2,ib_counter,rdma_vf_rail1,port_rcv_data,5.74915e+12
2026-09-30T06:24:31.876Z,gpu-3uwoq-6g3ya-2,ib_counter,rdma_vf_rail1,port_xmit_packets,9.6064e+08
2026-09-30T06:24:31.876Z,gpu-3uwoq-6g3ya-2,ib_counter,rdma_vf_rail1,port_rcv_packets,1.58571e+09
2026-09-30T06:24:31.876Z,gpu-3uwoq-6g3ya-2,ib_counter,rdma_vf_rail1,port_xmit_wait,0
2026-09-30T06:24:31.876Z,gpu-3uwoq-6g3ya-2,ib_counter,rdma_vf_rail1,port_rcv_errors,0
2026-09-30T06:24:31.876Z,gpu-3uwoq-6g3ya-2,ib_counter,rdma_vf_rail1,port_xmit_discards,0
2026-09-30T06:24:31.876Z,gpu-3uwoq-6g3ya-2,ib_counter,rdma_vf_rail1,link_downed,0
2026-09-30T06:24:31.876Z,gpu-3uwoq-6g3ya-2,ib_hw_counter,rdma_vf_rail1,out_of_sequence,0
2026-09-30T06:24:31.876Z,gpu-3uwoq-6g3ya-2,ib_hw_counter,rdma_vf_rail1,packet_seq_err,0
2026-09-30T06:24:31.876Z,gpu-3uwoq-6g3ya-2,ib_hw_counter,rdma_vf_rail1,local_ack_timeout_err,0
2026-09-30T06:24:31.876Z,gpu-3uwoq-6g3ya-2,ib_hw_counter,rdma_vf_rail1,rx_write_requests,7.05505e+08
2026-09-30T06:24:31.876Z,gpu-3uwoq-6g3ya-2,ib_hw_counter,rdma_vf_rail1,rx_read_requests,1.06278e+07
2026-09-30T06:24:31.876Z,gpu-3uwoq-6g3ya-2,ib_hw_counter,rdma_vf_rail1,req_cqe_error,0
2026-09-30T06:24:31.876Z,gpu-3uwoq-6g3ya-2,ib_hw_counter,rdma_vf_rail1,resp_cqe_error,0
2026-09-30T06:24:31.876Z,gpu-3uwoq-6g3ya-2,ib_hw_counter,rdma_vf_rail1,implied_nak_seq_err,0
2026-09-30T06:24:31.876Z,gpu-3uwoq-6g3ya-2,ib_hw_counter,rdma_vf_rail1,duplicate_request,0
2026-09-30T06:24:31.876Z,gpu-3uwoq-6g3ya-2,ib_counter,rdma_vf_rail2,port_xmit_data,2.76211e+12
2026-09-30T06:24:31.876Z,gpu-3uwoq-6g3ya-2,ib_counter,rdma_vf_rail2,port_rcv_data,5.72087e+12
2026-09-30T06:24:31.876Z,gpu-3uwoq-6g3ya-2,ib_counter,rdma_vf_rail2,port_xmit_packets,9.42748e+08
2026-09-30T06:24:31.876Z,gpu-3uwoq-6g3ya-2,ib_counter,rdma_vf_rail2,port_rcv_packets,1.56156e+09
2026-09-30T06:24:31.876Z,gpu-3uwoq-6g3ya-2,ib_counter,rdma_vf_rail2,port_xmit_wait,0
2026-09-30T06:24:31.876Z,gpu-3uwoq-6g3ya-2,ib_counter,rdma_vf_rail2,port_rcv_errors,0
2026-09-30T06:24:31.876Z,gpu-3uwoq-6g3ya-2,ib_counter,rdma_vf_rail2,port_xmit_discards,0
2026-09-30T06:24:31.876Z,gpu-3uwoq-6g3ya-2,ib_counter,rdma_vf_rail2,link_downed,0
2026-09-30T06:24:31.876Z,gpu-3uwoq-6g3ya-2,ib_hw_counter,rdma_vf_rail2,out_of_sequence,0
2026-09-30T06:24:31.876Z,gpu-3uwoq-6g3ya-2,ib_hw_counter,rdma_vf_rail2,packet_seq_err,0
2026-09-30T06:24:31.876Z,gpu-3uwoq-6g3ya-2,ib_hw_counter,rdma_vf_rail2,local_ack_timeout_err,0
2026-09-30T06:24:31.876Z,gpu-3uwoq-6g3ya-2,ib_hw_counter,rdma_vf_rail2,rx_write_requests,7.05079e+08
2026-09-30T06:24:31.876Z,gpu-3uwoq-6g3ya-2,ib_hw_counter,rdma_vf_rail2,rx_read_requests,1.042e+07
2026-09-30T06:24:31.876Z,gpu-3uwoq-6g3ya-2,ib_hw_counter,rdma_vf_rail2,req_cqe_error,0
2026-09-30T06:24:31.876Z,gpu-3uwoq-6g3ya-2,ib_hw_counter,rdma_vf_rail2,resp_cqe_error,0
2026-09-30T06:24:31.876Z,gpu-3uwoq-6g3ya-2,ib_hw_counter,rdma_vf_rail2,implied_nak_seq_err,0
2026-09-30T06:24:31.876Z,gpu-3uwoq-6g3ya-2,ib_hw_counter,rdma_vf_rail2,duplicate_request,0
2026-09-30T06:24:31.876Z,gpu-3uwoq-6g3ya-2,ib_counter,rdma_vf_rail3,port_xmit_data,2.76198e+12
2026-09-30T06:24:31.876Z,gpu-3uwoq-6g3ya-2,ib_counter,rdma_vf_rail3,port_rcv_data,5.72148e+12
2026-09-30T06:24:31.876Z,gpu-3uwoq-6g3ya-2,ib_counter,rdma_vf_rail3,port_xmit_packets,9.41089e+08
2026-09-30T06:24:31.876Z,gpu-3uwoq-6g3ya-2,ib_counter,rdma_vf_rail3,port_rcv_packets,1.56898e+09
2026-09-30T06:24:31.876Z,gpu-3uwoq-6g3ya-2,ib_counter,rdma_vf_rail3,port_xmit_wait,0
2026-09-30T06:24:31.876Z,gpu-3uwoq-6g3ya-2,ib_counter,rdma_vf_rail3,port_rcv_errors,0
2026-09-30T06:24:31.876Z,gpu-3uwoq-6g3ya-2,ib_counter,rdma_vf_rail3,port_xmit_discards,0
2026-09-30T06:24:31.876Z,gpu-3uwoq-6g3ya-2,ib_counter,rdma_vf_rail3,link_downed,0
2026-09-30T06:24:31.876Z,gpu-3uwoq-6g3ya-2,ib_hw_counter,rdma_vf_rail3,out_of_sequence,0
2026-09-30T06:24:31.876Z,gpu-3uwoq-6g3ya-2,ib_hw_counter,rdma_vf_rail3,packet_seq_err,1
2026-09-30T06:24:31.876Z,gpu-3uwoq-6g3ya-2,ib_hw_counter,rdma_vf_rail3,local_ack_timeout_err,0
2026-09-30T06:24:31.876Z,gpu-3uwoq-6g3ya-2,ib_hw_counter,rdma_vf_rail3,rx_write_requests,7.05079e+08
2026-09-30T06:24:31.876Z,gpu-3uwoq-6g3ya-2,ib_hw_counter,rdma_vf_rail3,rx_read_requests,1.042e+07
2026-09-30T06:24:31.876Z,gpu-3uwoq-6g3ya-2,ib_hw_counter,rdma_vf_rail3,req_cqe_error,0
2026-09-30T06:24:31.876Z,gpu-3uwoq-6g3ya-2,ib_hw_counter,rdma_vf_rail3,resp_cqe_error,0
2026-09-30T06:24:31.876Z,gpu-3uwoq-6g3ya-2,ib_hw_counter,rdma_vf_rail3,implied_nak_seq_err,0
2026-09-30T06:24:31.876Z,gpu-3uwoq-6g3ya-2,ib_hw_counter,rdma_vf_rail3,duplicate_request,0
2026-09-30T06:24:31.876Z,gpu-3uwoq-6g3ya-2,dcgm,gpu2,gpu_util,0
2026-09-30T06:24:31.876Z,gpu-3uwoq-6g3ya-2,dcgm,gpu3,gpu_util,0
2026-09-30T06:24:31.876Z,gpu-3uwoq-6g3ya-2,dcgm,gpu1,gpu_util,0
2026-09-30T06:24:31.876Z,gpu-3uwoq-6g3ya-2,dcgm,gpu0,gpu_util,0
2026-09-30T06:24:31.876Z,gpu-3uwoq-6g3ya-2,dcgm,gpu2,nvlink_bandwidth_total,0
2026-09-30T06:24:31.876Z,gpu-3uwoq-6g3ya-2,dcgm,gpu3,nvlink_bandwidth_total,0
2026-09-30T06:24:31.876Z,gpu-3uwoq-6g3ya-2,dcgm,gpu1,nvlink_bandwidth_total,0
2026-09-30T06:24:31.876Z,gpu-3uwoq-6g3ya-2,dcgm,gpu0,nvlink_bandwidth_total,0
2026-09-30T06:24:31.876Z,gpu-3uwoq-6g3ya-2,dcgm,gpu2,power_w,231.177
2026-09-30T06:24:31.876Z,gpu-3uwoq-6g3ya-2,dcgm,gpu3,power_w,234.24
2026-09-30T06:24:31.876Z,gpu-3uwoq-6g3ya-2,dcgm,gpu1,power_w,229.904
2026-09-30T06:24:31.876Z,gpu-3uwoq-6g3ya-2,dcgm,gpu0,power_w,226.486
2026-09-30T06:24:31.876Z,gpu-3uwoq-6g3ya-2,dcgm,gpu2,sm_clock_mhz,2070
2026-09-30T06:24:31.876Z,gpu-3uwoq-6g3ya-2,dcgm,gpu3,sm_clock_mhz,2070
2026-09-30T06:24:31.876Z,gpu-3uwoq-6g3ya-2,dcgm,gpu1,sm_clock_mhz,2070
2026-09-30T06:24:31.876Z,gpu-3uwoq-6g3ya-2,dcgm,gpu0,sm_clock_mhz,2070
2026-09-30T06:24:31.876Z,gpu-3uwoq-6g3ya-2,dcgm,gpu2,dram_active,3e-06
2026-09-30T06:24:31.876Z,gpu-3uwoq-6g3ya-2,dcgm,gpu3,dram_active,3e-06
2026-09-30T06:24:31.876Z,gpu-3uwoq-6g3ya-2,dcgm,gpu1,dram_active,3e-06
2026-09-30T06:24:31.876Z,gpu-3uwoq-6g3ya-2,dcgm,gpu0,dram_active,3e-06
2026-09-30T06:24:31.876Z,gpu-3uwoq-6g3ya-2,dcgm,gpu2,pcie_rx_bytes,247651
2026-09-30T06:24:31.876Z,gpu-3uwoq-6g3ya-2,dcgm,gpu3,pcie_rx_bytes,234991
2026-09-30T06:24:31.876Z,gpu-3uwoq-6g3ya-2,dcgm,gpu1,pcie_rx_bytes,293204
2026-09-30T06:24:31.876Z,gpu-3uwoq-6g3ya-2,dcgm,gpu0,pcie_rx_bytes,297902
2026-09-30T06:24:31.876Z,gpu-3uwoq-6g3ya-2,dcgm,gpu2,pcie_tx_bytes,225131
2026-09-30T06:24:31.876Z,gpu-3uwoq-6g3ya-2,dcgm,gpu3,pcie_tx_bytes,212334
2026-09-30T06:24:31.876Z,gpu-3uwoq-6g3ya-2,dcgm,gpu1,pcie_tx_bytes,270834
2026-09-30T06:24:31.876Z,gpu-3uwoq-6g3ya-2,dcgm,gpu0,pcie_tx_bytes,275071
2026-09-30T06:24:31.876Z,gpu-3uwoq-6g3ya-2,dcgm,gpu2,tensor_active,0
2026-09-30T06:24:31.876Z,gpu-3uwoq-6g3ya-2,dcgm,gpu3,tensor_active,0
2026-09-30T06:24:31.876Z,gpu-3uwoq-6g3ya-2,dcgm,gpu1,tensor_active,0
2026-09-30T06:24:31.876Z,gpu-3uwoq-6g3ya-2,dcgm,gpu0,tensor_active,0
2026-09-30T06:24:31.876Z,gpu-3uwoq-6g3ya-2,dcgm,gpu2,sm_active,0
2026-09-30T06:24:31.876Z,gpu-3uwoq-6g3ya-2,dcgm,gpu3,sm_active,0
2026-09-30T06:24:31.876Z,gpu-3uwoq-6g3ya-2,dcgm,gpu1,sm_active,0
2026-09-30T06:24:31.876Z,gpu-3uwoq-6g3ya-2,dcgm,gpu0,sm_active,0
2026-09-30T06:24:31.876Z,gpu-3uwoq-6g3ya-2,nvlink,gpu0,nvlink_rx_bytes,4.68692e+13
2026-09-30T06:24:31.876Z,gpu-3uwoq-6g3ya-2,nvlink,gpu0,nvlink_tx_bytes,4.68696e+13
2026-09-30T06:24:31.876Z,gpu-3uwoq-6g3ya-2,nvlink,gpu1,nvlink_rx_bytes,4.70222e+13
2026-09-30T06:24:31.876Z,gpu-3uwoq-6g3ya-2,nvlink,gpu1,nvlink_tx_bytes,4.70228e+13
2026-09-30T06:24:31.876Z,gpu-3uwoq-6g3ya-2,nvlink,gpu2,nvlink_rx_bytes,4.68912e+13
2026-09-30T06:24:31.876Z,gpu-3uwoq-6g3ya-2,nvlink,gpu2,nvlink_tx_bytes,4.68913e+13
2026-09-30T06:24:31.876Z,gpu-3uwoq-6g3ya-2,nvlink,gpu3,nvlink_rx_bytes,4.68385e+13
2026-09-30T06:24:31.876Z,gpu-3uwoq-6g3ya-2,nvlink,gpu3,nvlink_tx_bytes,4.68389e+13
2026-09-30T06:24:32.876Z,gpu-3uwoq-6g3ya-2,ib_counter,rdma_vf_rail0,port_xmit_data,2.8979e+12
2026-09-30T06:24:32.876Z,gpu-3uwoq-6g3ya-2,ib_counter,rdma_vf_rail0,port_rcv_data,5.85726e+12
2026-09-30T06:24:32.876Z,gpu-3uwoq-6g3ya-2,ib_counter,rdma_vf_rail0,port_xmit_packets,9.93301e+08
2026-09-30T06:24:32.876Z,gpu-3uwoq-6g3ya-2,ib_counter,rdma_vf_rail0,port_rcv_packets,1.61819e+09
2026-09-30T06:24:32.876Z,gpu-3uwoq-6g3ya-2,ib_counter,rdma_vf_rail0,port_xmit_wait,0
2026-09-30T06:24:32.876Z,gpu-3uwoq-6g3ya-2,ib_counter,rdma_vf_rail0,port_rcv_errors,0
2026-09-30T06:24:32.876Z,gpu-3uwoq-6g3ya-2,ib_counter,rdma_vf_rail0,port_xmit_discards,0
2026-09-30T06:24:32.876Z,gpu-3uwoq-6g3ya-2,ib_counter,rdma_vf_rail0,link_downed,0
2026-09-30T06:24:32.876Z,gpu-3uwoq-6g3ya-2,ib_hw_counter,rdma_vf_rail0,out_of_sequence,0
2026-09-30T06:24:32.876Z,gpu-3uwoq-6g3ya-2,ib_hw_counter,rdma_vf_rail0,packet_seq_err,0
2026-09-30T06:24:32.876Z,gpu-3uwoq-6g3ya-2,ib_hw_counter,rdma_vf_rail0,local_ack_timeout_err,0
2026-09-30T06:24:32.876Z,gpu-3uwoq-6g3ya-2,ib_hw_counter,rdma_vf_rail0,rx_write_requests,7.07105e+08
2026-09-30T06:24:32.876Z,gpu-3uwoq-6g3ya-2,ib_hw_counter,rdma_vf_rail0,rx_read_requests,1.14286e+07
2026-09-30T06:24:32.876Z,gpu-3uwoq-6g3ya-2,ib_hw_counter,rdma_vf_rail0,req_cqe_error,0
2026-09-30T06:24:32.876Z,gpu-3uwoq-6g3ya-2,ib_hw_counter,rdma_vf_rail0,resp_cqe_error,0
2026-09-30T06:24:32.876Z,gpu-3uwoq-6g3ya-2,ib_hw_counter,rdma_vf_rail0,implied_nak_seq_err,0
2026-09-30T06:24:32.876Z,gpu-3uwoq-6g3ya-2,ib_hw_counter,rdma_vf_rail0,duplicate_request,0
2026-09-30T06:24:32.876Z,gpu-3uwoq-6g3ya-2,ib_counter,rdma_vf_rail1,port_xmit_data,2.78983e+12
2026-09-30T06:24:32.876Z,gpu-3uwoq-6g3ya-2,ib_counter,rdma_vf_rail1,port_rcv_data,5.74915e+12
2026-09-30T06:24:32.876Z,gpu-3uwoq-6g3ya-2,ib_counter,rdma_vf_rail1,port_xmit_packets,9.6064e+08
2026-09-30T06:24:32.876Z,gpu-3uwoq-6g3ya-2,ib_counter,rdma_vf_rail1,port_rcv_packets,1.58571e+09
2026-09-30T06:24:32.876Z,gpu-3uwoq-6g3ya-2,ib_counter,rdma_vf_rail1,port_xmit_wait,0
2026-09-30T06:24:32.876Z,gpu-3uwoq-6g3ya-2,ib_counter,rdma_vf_rail1,port_rcv_errors,0
2026-09-30T06:24:32.876Z,gpu-3uwoq-6g3ya-2,ib_counter,rdma_vf_rail1,port_xmit_discards,0
2026-09-30T06:24:32.876Z,gpu-3uwoq-6g3ya-2,ib_counter,rdma_vf_rail1,link_downed,0
2026-09-30T06:24:32.876Z,gpu-3uwoq-6g3ya-2,ib_hw_counter,rdma_vf_rail1,out_of_sequence,0
2026-09-30T06:24:32.876Z,gpu-3uwoq-6g3ya-2,ib_hw_counter,rdma_vf_rail1,packet_seq_err,0
2026-09-30T06:24:32.876Z,gpu-3uwoq-6g3ya-2,ib_hw_counter,rdma_vf_rail1,local_ack_timeout_err,0
2026-09-30T06:24:32.876Z,gpu-3uwoq-6g3ya-2,ib_hw_counter,rdma_vf_rail1,rx_write_requests,7.05505e+08
2026-09-30T06:24:32.876Z,gpu-3uwoq-6g3ya-2,ib_hw_counter,rdma_vf_rail1,rx_read_requests,1.06278e+07
2026-09-30T06:24:32.876Z,gpu-3uwoq-6g3ya-2,ib_hw_counter,rdma_vf_rail1,req_cqe_error,0
2026-09-30T06:24:32.876Z,gpu-3uwoq-6g3ya-2,ib_hw_counter,rdma_vf_rail1,resp_cqe_error,0
2026-09-30T06:24:32.876Z,gpu-3uwoq-6g3ya-2,ib_hw_counter,rdma_vf_rail1,implied_nak_seq_err,0
2026-09-30T06:24:32.876Z,gpu-3uwoq-6g3ya-2,ib_hw_counter,rdma_vf_rail1,duplicate_request,0
2026-09-30T06:24:32.876Z,gpu-3uwoq-6g3ya-2,ib_counter,rdma_vf_rail2,port_xmit_data,2.76211e+12
2026-09-30T06:24:32.876Z,gpu-3uwoq-6g3ya-2,ib_counter,rdma_vf_rail2,port_rcv_data,5.72087e+12
2026-09-30T06:24:32.876Z,gpu-3uwoq-6g3ya-2,ib_counter,rdma_vf_rail2,port_xmit_packets,9.42748e+08
2026-09-30T06:24:32.876Z,gpu-3uwoq-6g3ya-2,ib_counter,rdma_vf_rail2,port_rcv_packets,1.56156e+09
2026-09-30T06:24:32.876Z,gpu-3uwoq-6g3ya-2,ib_counter,rdma_vf_rail2,port_xmit_wait,0
2026-09-30T06:24:32.876Z,gpu-3uwoq-6g3ya-2,ib_counter,rdma_vf_rail2,port_rcv_errors,0
2026-09-30T06:24:32.876Z,gpu-3uwoq-6g3ya-2,ib_counter,rdma_vf_rail2,port_xmit_discards,0
2026-09-30T06:24:32.876Z,gpu-3uwoq-6g3ya-2,ib_counter,rdma_vf_rail2,link_downed,0
2026-09-30T06:24:32.876Z,gpu-3uwoq-6g3ya-2,ib_hw_counter,rdma_vf_rail2,out_of_sequence,0
2026-09-30T06:24:32.876Z,gpu-3uwoq-6g3ya-2,ib_hw_counter,rdma_vf_rail2,packet_seq_err,0
2026-09-30T06:24:32.876Z,gpu-3uwoq-6g3ya-2,ib_hw_counter,rdma_vf_rail2,local_ack_timeout_err,0
2026-09-30T06:24:32.876Z,gpu-3uwoq-6g3ya-2,ib_hw_counter,rdma_vf_rail2,rx_write_requests,7.05079e+08
2026-09-30T06:24:32.876Z,gpu-3uwoq-6g3ya-2,ib_hw_counter,rdma_vf_rail2,rx_read_requests,1.042e+07
2026-09-30T06:24:32.876Z,gpu-3uwoq-6g3ya-2,ib_hw_counter,rdma_vf_rail2,req_cqe_error,0
2026-09-30T06:24:32.876Z,gpu-3uwoq-6g3ya-2,ib_hw_counter,rdma_vf_rail2,resp_cqe_error,0
2026-09-30T06:24:32.876Z,gpu-3uwoq-6g3ya-2,ib_hw_counter,rdma_vf_rail2,implied_nak_seq_err,0
2026-09-30T06:24:32.876Z,gpu-3uwoq-6g3ya-2,ib_hw_counter,rdma_vf_rail2,duplicate_request,0
2026-09-30T06:24:32.876Z,gpu-3uwoq-6g3ya-2,ib_counter,rdma_vf_rail3,port_xmit_data,2.76198e+12
2026-09-30T06:24:32.876Z,gpu-3uwoq-6g3ya-2,ib_counter,rdma_vf_rail3,port_rcv_data,5.72148e+12
2026-09-30T06:24:32.876Z,gpu-3uwoq-6g3ya-2,ib_counter,rdma_vf_rail3,port_xmit_packets,9.41089e+08
2026-09-30T06:24:32.876Z,gpu-3uwoq-6g3ya-2,ib_counter,rdma_vf_rail3,port_rcv_packets,1.56898e+09
2026-09-30T06:24:32.876Z,gpu-3uwoq-6g3ya-2,ib_counter,rdma_vf_rail3,port_xmit_wait,0
2026-09-30T06:24:32.876Z,gpu-3uwoq-6g3ya-2,ib_counter,rdma_vf_rail3,port_rcv_errors,0
2026-09-30T06:24:32.876Z,gpu-3uwoq-6g3ya-2,ib_counter,rdma_vf_rail3,port_xmit_discards,0
2026-09-30T06:24:32.876Z,gpu-3uwoq-6g3ya-2,ib_counter,rdma_vf_rail3,link_downed,0
2026-09-30T06:24:32.876Z,gpu-3uwoq-6g3ya-2,ib_hw_counter,rdma_vf_rail3,out_of_sequence,0
2026-09-30T06:24:32.876Z,gpu-3uwoq-6g3ya-2,ib_hw_counter,rdma_vf_rail3,packet_seq_err,1
2026-09-30T06:24:32.876Z,gpu-3uwoq-6g3ya-2,ib_hw_counter,rdma_vf_rail3,local_ack_timeout_err,0
2026-09-30T06:24:32.876Z,gpu-3uwoq-6g3ya-2,ib_hw_counter,rdma_vf_rail3,rx_write_requests,7.05079e+08
2026-09-30T06:24:32.876Z,gpu-3uwoq-6g3ya-2,ib_hw_counter,rdma_vf_rail3,rx_read_requests,1.042e+07
2026-09-30T06:24:32.876Z,gpu-3uwoq-6g3ya-2,ib_hw_counter,rdma_vf_rail3,req_cqe_error,0
2026-09-30T06:24:32.876Z,gpu-3uwoq-6g3ya-2,ib_hw_counter,rdma_vf_rail3,resp_cqe_error,0
2026-09-30T06:24:32.876Z,gpu-3uwoq-6g3ya-2,ib_hw_counter,rdma_vf_rail3,implied_nak_seq_err,0
2026-09-30T06:24:32.876Z,gpu-3uwoq-6g3ya-2,ib_hw_counter,rdma_vf_rail3,duplicate_request,0
2026-09-30T06:24:32.876Z,gpu-3uwoq-6g3ya-2,dcgm,gpu2,gpu_util,0
2026-09-30T06:24:32.876Z,gpu-3uwoq-6g3ya-2,dcgm,gpu3,gpu_util,0
2026-09-30T06:24:32.876Z,gpu-3uwoq-6g3ya-2,dcgm,gpu1,gpu_util,0
2026-09-30T06:24:32.876Z,gpu-3uwoq-6g3ya-2,dcgm,gpu0,gpu_util,0
2026-09-30T06:24:32.876Z,gpu-3uwoq-6g3ya-2,dcgm,gpu2,nvlink_bandwidth_total,0
2026-09-30T06:24:32.876Z,gpu-3uwoq-6g3ya-2,dcgm,gpu3,nvlink_bandwidth_total,0
2026-09-30T06:24:32.876Z,gpu-3uwoq-6g3ya-2,dcgm,gpu1,nvlink_bandwidth_total,0
2026-09-30T06:24:32.876Z,gpu-3uwoq-6g3ya-2,dcgm,gpu0,nvlink_bandwidth_total,0
2026-09-30T06:24:32.876Z,gpu-3uwoq-6g3ya-2,dcgm,gpu2,power_w,231.177
2026-09-30T06:24:32.876Z,gpu-3uwoq-6g3ya-2,dcgm,gpu3,power_w,234.24
2026-09-30T06:24:32.876Z,gpu-3uwoq-6g3ya-2,dcgm,gpu1,power_w,229.904
2026-09-30T06:24:32.876Z,gpu-3uwoq-6g3ya-2,dcgm,gpu0,power_w,226.486
2026-09-30T06:24:32.876Z,gpu-3uwoq-6g3ya-2,dcgm,gpu2,sm_clock_mhz,2070
2026-09-30T06:24:32.876Z,gpu-3uwoq-6g3ya-2,dcgm,gpu3,sm_clock_mhz,2070
2026-09-30T06:24:32.876Z,gpu-3uwoq-6g3ya-2,dcgm,gpu1,sm_clock_mhz,2070
2026-09-30T06:24:32.876Z,gpu-3uwoq-6g3ya-2,dcgm,gpu0,sm_clock_mhz,2070
2026-09-30T06:24:32.876Z,gpu-3uwoq-6g3ya-2,dcgm,gpu2,dram_active,3e-06
2026-09-30T06:24:32.876Z,gpu-3uwoq-6g3ya-2,dcgm,gpu3,dram_active,3e-06
2026-09-30T06:24:32.876Z,gpu-3uwoq-6g3ya-2,dcgm,gpu1,dram_active,3e-06
2026-09-30T06:24:32.876Z,gpu-3uwoq-6g3ya-2,dcgm,gpu0,dram_active,3e-06
2026-09-30T06:24:32.876Z,gpu-3uwoq-6g3ya-2,dcgm,gpu2,pcie_rx_bytes,247651
2026-09-30T06:24:32.876Z,gpu-3uwoq-6g3ya-2,dcgm,gpu3,pcie_rx_bytes,234991
2026-09-30T06:24:32.876Z,gpu-3uwoq-6g3ya-2,dcgm,gpu1,pcie_rx_bytes,293204
2026-09-30T06:24:32.876Z,gpu-3uwoq-6g3ya-2,dcgm,gpu0,pcie_rx_bytes,297902
2026-09-30T06:24:32.876Z,gpu-3uwoq-6g3ya-2,dcgm,gpu2,pcie_tx_bytes,225131
2026-09-30T06:24:32.876Z,gpu-3uwoq-6g3ya-2,dcgm,gpu3,pcie_tx_bytes,212334
2026-09-30T06:24:32.876Z,gpu-3uwoq-6g3ya-2,dcgm,gpu1,pcie_tx_bytes,270834
2026-09-30T06:24:32.876Z,gpu-3uwoq-6g3ya-2,dcgm,gpu0,pcie_tx_bytes,275071
2026-09-30T06:24:32.876Z,gpu-3uwoq-6g3ya-2,dcgm,gpu2,tensor_active,0
2026-09-30T06:24:32.876Z,gpu-3uwoq-6g3ya-2,dcgm,gpu3,tensor_active,0
2026-09-30T06:24:32.876Z,gpu-3uwoq-6g3ya-2,dcgm,gpu1,tensor_active,0
2026-09-30T06:24:32.876Z,gpu-3uwoq-6g3ya-2,dcgm,gpu0,tensor_active,0
2026-09-30T06:24:32.876Z,gpu-3uwoq-6g3ya-2,dcgm,gpu2,sm_active,0
2026-09-30T06:24:32.876Z,gpu-3uwoq-6g3ya-2,dcgm,gpu3,sm_active,0
2026-09-30T06:24:32.876Z,gpu-3uwoq-6g3ya-2,dcgm,gpu1,sm_active,0
2026-09-30T06:24:32.876Z,gpu-3uwoq-6g3ya-2,dcgm,gpu0,sm_active,0
2026-09-30T06:24:32.876Z,gpu-3uwoq-6g3ya-2,nvlink,gpu0,nvlink_rx_bytes,4.68692e+13
2026-09-30T06:24:32.876Z,gpu-3uwoq-6g3ya-2,nvlink,gpu0,nvlink_tx_bytes,4.68696e+13
2026-09-30T06:24:32.876Z,gpu-3uwoq-6g3ya-2,nvlink,gpu1,nvlink_rx_bytes,4.70222e+13
2026-09-30T06:24:32.876Z,gpu-3uwoq-6g3ya-2,nvlink,gpu1,nvlink_tx_bytes,4.70228e+13
2026-09-30T06:24:32.876Z,gpu-3uwoq-6g3ya-2,nvlink,gpu2,nvlink_rx_bytes,4.68912e+13
2026-09-30T06:24:32.876Z,gpu-3uwoq-6g3ya-2,nvlink,gpu2,nvlink_tx_bytes,4.68913e+13
2026-09-30T06:24:32.876Z,gpu-3uwoq-6g3ya-2,nvlink,gpu3,nvlink_rx_bytes,4.68385e+13
2026-09-30T06:24:32.876Z,gpu-3uwoq-6g3ya-2,nvlink,gpu3,nvlink_tx_bytes,4.68389e+13
2026-09-30T06:24:33.876Z,gpu-3uwoq-6g3ya-2,ib_counter,rdma_vf_rail0,port_xmit_data,2.8979e+12
2026-09-30T06:24:33.876Z,gpu-3uwoq-6g3ya-2,ib_counter,rdma_vf_rail0,port_rcv_data,5.85726e+12
2026-09-30T06:24:33.876Z,gpu-3uwoq-6g3ya-2,ib_counter,rdma_vf_rail0,port_xmit_packets,9.93301e+08
2026-09-30T06:24:33.876Z,gpu-3uwoq-6g3ya-2,ib_counter,rdma_vf_rail0,port_rcv_packets,1.61819e+09
2026-09-30T06:24:33.876Z,gpu-3uwoq-6g3ya-2,ib_counter,rdma_vf_rail0,port_xmit_wait,0
2026-09-30T06:24:33.876Z,gpu-3uwoq-6g3ya-2,ib_counter,rdma_vf_rail0,port_rcv_errors,0
2026-09-30T06:24:33.876Z,gpu-3uwoq-6g3ya-2,ib_counter,rdma_vf_rail0,port_xmit_discards,0
2026-09-30T06:24:33.876Z,gpu-3uwoq-6g3ya-2,ib_counter,rdma_vf_rail0,link_downed,0
2026-09-30T06:24:33.876Z,gpu-3uwoq-6g3ya-2,ib_hw_counter,rdma_vf_rail0,out_of_sequence,0
2026-09-30T06:24:33.876Z,gpu-3uwoq-6g3ya-2,ib_hw_counter,rdma_vf_rail0,packet_seq_err,0
2026-09-30T06:24:33.876Z,gpu-3uwoq-6g3ya-2,ib_hw_counter,rdma_vf_rail0,local_ack_timeout_err,0
2026-09-30T06:24:33.876Z,gpu-3uwoq-6g3ya-2,ib_hw_counter,rdma_vf_rail0,rx_write_requests,7.07105e+08
2026-09-30T06:24:33.876Z,gpu-3uwoq-6g3ya-2,ib_hw_counter,rdma_vf_rail0,rx_read_requests,1.14286e+07
2026-09-30T06:24:33.876Z,gpu-3uwoq-6g3ya-2,ib_hw_counter,rdma_vf_rail0,req_cqe_error,0
2026-09-30T06:24:33.876Z,gpu-3uwoq-6g3ya-2,ib_hw_counter,rdma_vf_rail0,resp_cqe_error,0
2026-09-30T06:24:33.876Z,gpu-3uwoq-6g3ya-2,ib_hw_counter,rdma_vf_rail0,implied_nak_seq_err,0
2026-09-30T06:24:33.876Z,gpu-3uwoq-6g3ya-2,ib_hw_counter,rdma_vf_rail0,duplicate_request,0
2026-09-30T06:24:33.876Z,gpu-3uwoq-6g3ya-2,ib_counter,rdma_vf_rail1,port_xmit_data,2.78983e+12
2026-09-30T06:24:33.876Z,gpu-3uwoq-6g3ya-2,ib_counter,rdma_vf_rail1,port_rcv_data,5.74915e+12
2026-09-30T06:24:33.876Z,gpu-3uwoq-6g3ya-2,ib_counter,rdma_vf_rail1,port_xmit_packets,9.6064e+08
2026-09-30T06:24:33.876Z,gpu-3uwoq-6g3ya-2,ib_counter,rdma_vf_rail1,port_rcv_packets,1.58571e+09
2026-09-30T06:24:33.876Z,gpu-3uwoq-6g3ya-2,ib_counter,rdma_vf_rail1,port_xmit_wait,0
2026-09-30T06:24:33.876Z,gpu-3uwoq-6g3ya-2,ib_counter,rdma_vf_rail1,port_rcv_errors,0
2026-09-30T06:24:33.876Z,gpu-3uwoq-6g3ya-2,ib_counter,rdma_vf_rail1,port_xmit_discards,0
2026-09-30T06:24:33.876Z,gpu-3uwoq-6g3ya-2,ib_counter,rdma_vf_rail1,link_downed,0
2026-09-30T06:24:33.876Z,gpu-3uwoq-6g3ya-2,ib_hw_counter,rdma_vf_rail1,out_of_sequence,0
2026-09-30T06:24:33.876Z,gpu-3uwoq-6g3ya-2,ib_hw_counter,rdma_vf_rail1,packet_seq_err,0
2026-09-30T06:24:33.876Z,gpu-3uwoq-6g3ya-2,ib_hw_counter,rdma_vf_rail1,local_ack_timeout_err,0
2026-09-30T06:24:33.876Z,gpu-3uwoq-6g3ya-2,ib_hw_counter,rdma_vf_rail1,rx_write_requests,7.05505e+08
2026-09-30T06:24:33.876Z,gpu-3uwoq-6g3ya-2,ib_hw_counter,rdma_vf_rail1,rx_read_requests,1.06278e+07
2026-09-30T06:24:33.876Z,gpu-3uwoq-6g3ya-2,ib_hw_counter,rdma_vf_rail1,req_cqe_error,0
2026-09-30T06:24:33.876Z,gpu-3uwoq-6g3ya-2,ib_hw_counter,rdma_vf_rail1,resp_cqe_error,0
2026-09-30T06:24:33.876Z,gpu-3uwoq-6g3ya-2,ib_hw_counter,rdma_vf_rail1,implied_nak_seq_err,0
2026-09-30T06:24:33.876Z,gpu-3uwoq-6g3ya-2,ib_hw_counter,rdma_vf_rail1,duplicate_request,0
2026-09-30T06:24:33.876Z,gpu-3uwoq-6g3ya-2,ib_counter,rdma_vf_rail2,port_xmit_data,2.76211e+12
2026-09-30T06:24:33.876Z,gpu-3uwoq-6g3ya-2,ib_counter,rdma_vf_rail2,port_rcv_data,5.72087e+12
2026-09-30T06:24:33.876Z,gpu-3uwoq-6g3ya-2,ib_counter,rdma_vf_rail2,port_xmit_packets,9.42748e+08
2026-09-30T06:24:33.876Z,gpu-3uwoq-6g3ya-2,ib_counter,rdma_vf_rail2,port_rcv_packets,1.56156e+09
2026-09-30T06:24:33.876Z,gpu-3uwoq-6g3ya-2,ib_counter,rdma_vf_rail2,port_xmit_wait,0
2026-09-30T06:24:33.876Z,gpu-3uwoq-6g3ya-2,ib_counter,rdma_vf_rail2,port_rcv_errors,0
2026-09-30T06:24:33.876Z,gpu-3uwoq-6g3ya-2,ib_counter,rdma_vf_rail2,port_xmit_discards,0
2026-09-30T06:24:33.876Z,gpu-3uwoq-6g3ya-2,ib_counter,rdma_vf_rail2,link_downed,0
2026-09-30T06:24:33.876Z,gpu-3uwoq-6g3ya-2,ib_hw_counter,rdma_vf_rail2,out_of_sequence,0
2026-09-30T06:24:33.876Z,gpu-3uwoq-6g3ya-2,ib_hw_counter,rdma_vf_rail2,packet_seq_err,0
2026-09-30T06:24:33.876Z,gpu-3uwoq-6g3ya-2,ib_hw_counter,rdma_vf_rail2,local_ack_timeout_err,0
2026-09-30T06:24:33.876Z,gpu-3uwoq-6g3ya-2,ib_hw_counter,rdma_vf_rail2,rx_write_requests,7.05079e+08
2026-09-30T06:24:33.876Z,gpu-3uwoq-6g3ya-2,ib_hw_counter,rdma_vf_rail2,rx_read_requests,1.042e+07
2026-09-30T06:24:33.876Z,gpu-3uwoq-6g3ya-2,ib_hw_counter,rdma_vf_rail2,req_cqe_error,0
2026-09-30T06:24:33.876Z,gpu-3uwoq-6g3ya-2,ib_hw_counter,rdma_vf_rail2,resp_cqe_error,0
2026-09-30T06:24:33.876Z,gpu-3uwoq-6g3ya-2,ib_hw_counter,rdma_vf_rail2,implied_nak_seq_err,0
2026-09-30T06:24:33.876Z,gpu-3uwoq-6g3ya-2,ib_hw_counter,rdma_vf_rail2,duplicate_request,0
2026-09-30T06:24:33.876Z,gpu-3uwoq-6g3ya-2,ib_counter,rdma_vf_rail3,port_xmit_data,2.76198e+12
2026-09-30T06:24:33.876Z,gpu-3uwoq-6g3ya-2,ib_counter,rdma_vf_rail3,port_rcv_data,5.72148e+12
2026-09-30T06:24:33.876Z,gpu-3uwoq-6g3ya-2,ib_counter,rdma_vf_rail3,port_xmit_packets,9.41089e+08
2026-09-30T06:24:33.876Z,gpu-3uwoq-6g3ya-2,ib_counter,rdma_vf_rail3,port_rcv_packets,1.56898e+09
2026-09-30T06:24:33.876Z,gpu-3uwoq-6g3ya-2,ib_counter,rdma_vf_rail3,port_xmit_wait,0
2026-09-30T06:24:33.876Z,gpu-3uwoq-6g3ya-2,ib_counter,rdma_vf_rail3,port_rcv_errors,0
2026-09-30T06:24:33.876Z,gpu-3uwoq-6g3ya-2,ib_counter,rdma_vf_rail3,port_xmit_discards,0
2026-09-30T06:24:33.876Z,gpu-3uwoq-6g3ya-2,ib_counter,rdma_vf_rail3,link_downed,0
2026-09-30T06:24:33.876Z,gpu-3uwoq-6g3ya-2,ib_hw_counter,rdma_vf_rail3,out_of_sequence,0
2026-09-30T06:24:33.876Z,gpu-3uwoq-6g3ya-2,ib_hw_counter,rdma_vf_rail3,packet_seq_err,1
2026-09-30T06:24:33.876Z,gpu-3uwoq-6g3ya-2,ib_hw_counter,rdma_vf_rail3,local_ack_timeout_err,0
2026-09-30T06:24:33.876Z,gpu-3uwoq-6g3ya-2,ib_hw_counter,rdma_vf_rail3,rx_write_requests,7.05079e+08
2026-09-30T06:24:33.876Z,gpu-3uwoq-6g3ya-2,ib_hw_counter,rdma_vf_rail3,rx_read_requests,1.042e+07
2026-09-30T06:24:33.876Z,gpu-3uwoq-6g3ya-2,ib_hw_counter,rdma_vf_rail3,req_cqe_error,0
2026-09-30T06:24:33.876Z,gpu-3uwoq-6g3ya-2,ib_hw_counter,rdma_vf_rail3,resp_cqe_error,0
2026-09-30T06:24:33.876Z,gpu-3uwoq-6g3ya-2,ib_hw_counter,rdma_vf_rail3,implied_nak_seq_err,0
2026-09-30T06:24:33.876Z,gpu-3uwoq-6g3ya-2,ib_hw_counter,rdma_vf_rail3,duplicate_request,0
2026-09-30T06:24:33.876Z,gpu-3uwoq-6g3ya-2,dcgm,gpu2,gpu_util,0
2026-09-30T06:24:33.876Z,gpu-3uwoq-6g3ya-2,dcgm,gpu3,gpu_util,0
2026-09-30T06:24:33.876Z,gpu-3uwoq-6g3ya-2,dcgm,gpu1,gpu_util,0
2026-09-30T06:24:33.876Z,gpu-3uwoq-6g3ya-2,dcgm,gpu0,gpu_util,0
2026-09-30T06:24:33.876Z,gpu-3uwoq-6g3ya-2,dcgm,gpu2,nvlink_bandwidth_total,0
2026-09-30T06:24:33.876Z,gpu-3uwoq-6g3ya-2,dcgm,gpu3,nvlink_bandwidth_total,0
2026-09-30T06:24:33.876Z,gpu-3uwoq-6g3ya-2,dcgm,gpu1,nvlink_bandwidth_total,0
2026-09-30T06:24:33.876Z,gpu-3uwoq-6g3ya-2,dcgm,gpu0,nvlink_bandwidth_total,0
2026-09-30T06:24:33.876Z,gpu-3uwoq-6g3ya-2,dcgm,gpu2,power_w,231.177
2026-09-30T06:24:33.876Z,gpu-3uwoq-6g3ya-2,dcgm,gpu3,power_w,234.24
2026-09-30T06:24:33.876Z,gpu-3uwoq-6g3ya-2,dcgm,gpu1,power_w,229.904
2026-09-30T06:24:33.876Z,gpu-3uwoq-6g3ya-2,dcgm,gpu0,power_w,226.486
2026-09-30T06:24:33.876Z,gpu-3uwoq-6g3ya-2,dcgm,gpu2,sm_clock_mhz,2070
2026-09-30T06:24:33.876Z,gpu-3uwoq-6g3ya-2,dcgm,gpu3,sm_clock_mhz,2070
2026-09-30T06:24:33.876Z,gpu-3uwoq-6g3ya-2,dcgm,gpu1,sm_clock_mhz,2070
2026-09-30T06:24:33.876Z,gpu-3uwoq-6g3ya-2,dcgm,gpu0,sm_clock_mhz,2070
2026-09-30T06:24:33.876Z,gpu-3uwoq-6g3ya-2,dcgm,gpu2,dram_active,3e-06
2026-09-30T06:24:33.876Z,gpu-3uwoq-6g3ya-2,dcgm,gpu3,dram_active,3e-06
2026-09-30T06:24:33.876Z,gpu-3uwoq-6g3ya-2,dcgm,gpu1,dram_active,3e-06
2026-09-30T06:24:33.876Z,gpu-3uwoq-6g3ya-2,dcgm,gpu0,dram_active,3e-06
2026-09-30T06:24:33.876Z,gpu-3uwoq-6g3ya-2,dcgm,gpu2,pcie_rx_bytes,247651
2026-09-30T06:24:33.876Z,gpu-3uwoq-6g3ya-2,dcgm,gpu3,pcie_rx_bytes,234991
2026-09-30T06:24:33.876Z,gpu-3uwoq-6g3ya-2,dcgm,gpu1,pcie_rx_bytes,293204
2026-09-30T06:24:33.876Z,gpu-3uwoq-6g3ya-2,dcgm,gpu0,pcie_rx_bytes,297902
2026-09-30T06:24:33.876Z,gpu-3uwoq-6g3ya-2,dcgm,gpu2,pcie_tx_bytes,225131
2026-09-30T06:24:33.876Z,gpu-3uwoq-6g3ya-2,dcgm,gpu3,pcie_tx_bytes,212334
2026-09-30T06:24:33.876Z,gpu-3uwoq-6g3ya-2,dcgm,gpu1,pcie_tx_bytes,270834
2026-09-30T06:24:33.876Z,gpu-3uwoq-6g3ya-2,dcgm,gpu0,pcie_tx_bytes,275071
2026-09-30T06:24:33.876Z,gpu-3uwoq-6g3ya-2,dcgm,gpu2,tensor_active,0
2026-09-30T06:24:33.876Z,gpu-3uwoq-6g3ya-2,dcgm,gpu3,tensor_active,0
2026-09-30T06:24:33.876Z,gpu-3uwoq-6g3ya-2,dcgm,gpu1,tensor_active,0
2026-09-30T06:24:33.876Z,gpu-3uwoq-6g3ya-2,dcgm,gpu0,tensor_active,0
2026-09-30T06:24:33.876Z,gpu-3uwoq-6g3ya-2,dcgm,gpu2,sm_active,0
2026-09-30T06:24:33.876Z,gpu-3uwoq-6g3ya-2,dcgm,gpu3,sm_active,0
2026-09-30T06:24:33.876Z,gpu-3uwoq-6g3ya-2,dcgm,gpu1,sm_active,0
2026-09-30T06:24:33.876Z,gpu-3uwoq-6g3ya-2,dcgm,gpu0,sm_active,0
2026-09-30T06:24:33.876Z,gpu-3uwoq-6g3ya-2,nvlink,gpu0,nvlink_rx_bytes,4.68692e+13
2026-09-30T06:24:33.876Z,gpu-3uwoq-6g3ya-2,nvlink,gpu0,nvlink_tx_bytes,4.68696e+13
2026-09-30T06:24:33.876Z,gpu-3uwoq-6g3ya-2,nvlink,gpu1,nvlink_rx_bytes,4.70222e+13
2026-09-30T06:24:33.876Z,gpu-3uwoq-6g3ya-2,nvlink,gpu1,nvlink_tx_bytes,4.70228e+13
2026-09-30T06:24:33.876Z,gpu-3uwoq-6g3ya-2,nvlink,gpu2,nvlink_rx_bytes,4.68912e+13
2026-09-30T06:24:33.876Z,gpu-3uwoq-6g3ya-2,nvlink,gpu2,nvlink_tx_bytes,4.68913e+13
2026-09-30T06:24:33.876Z,gpu-3uwoq-6g3ya-2,nvlink,gpu3,nvlink_rx_bytes,4.68385e+13
2026-09-30T06:24:33.876Z,gpu-3uwoq-6g3ya-2,nvlink,gpu3,nvlink_tx_bytes,4.68389e+13
2026-09-30T06:24:34.876Z,gpu-3uwoq-6g3ya-2,ib_counter,rdma_vf_rail0,port_xmit_data,2.8979e+12
2026-09-30T06:24:34.876Z,gpu-3uwoq-6g3ya-2,ib_counter,rdma_vf_rail0,port_rcv_data,5.85726e+12
2026-09-30T06:24:34.876Z,gpu-3uwoq-6g3ya-2,ib_counter,rdma_vf_rail0,port_xmit_packets,9.93301e+08
2026-09-30T06:24:34.876Z,gpu-3uwoq-6g3ya-2,ib_counter,rdma_vf_rail0,port_rcv_packets,1.61819e+09
2026-09-30T06:24:34.876Z,gpu-3uwoq-6g3ya-2,ib_counter,rdma_vf_rail0,port_xmit_wait,0
2026-09-30T06:24:34.876Z,gpu-3uwoq-6g3ya-2,ib_counter,rdma_vf_rail0,port_rcv_errors,0
2026-09-30T06:24:34.876Z,gpu-3uwoq-6g3ya-2,ib_counter,rdma_vf_rail0,port_xmit_discards,0
2026-09-30T06:24:34.876Z,gpu-3uwoq-6g3ya-2,ib_counter,rdma_vf_rail0,link_downed,0
2026-09-30T06:24:34.876Z,gpu-3uwoq-6g3ya-2,ib_hw_counter,rdma_vf_rail0,out_of_sequence,0
2026-09-30T06:24:34.876Z,gpu-3uwoq-6g3ya-2,ib_hw_counter,rdma_vf_rail0,packet_seq_err,0
2026-09-30T06:24:34.876Z,gpu-3uwoq-6g3ya-2,ib_hw_counter,rdma_vf_rail0,local_ack_timeout_err,0
2026-09-30T06:24:34.876Z,gpu-3uwoq-6g3ya-2,ib_hw_counter,rdma_vf_rail0,rx_write_requests,7.07105e+08
2026-09-30T06:24:34.876Z,gpu-3uwoq-6g3ya-2,ib_hw_counter,rdma_vf_rail0,rx_read_requests,1.14286e+07
2026-09-30T06:24:34.876Z,gpu-3uwoq-6g3ya-2,ib_hw_counter,rdma_vf_rail0,req_cqe_error,0
2026-09-30T06:24:34.876Z,gpu-3uwoq-6g3ya-2,ib_hw_counter,rdma_vf_rail0,resp_cqe_error,0
2026-09-30T06:24:34.876Z,gpu-3uwoq-6g3ya-2,ib_hw_counter,rdma_vf_rail0,implied_nak_seq_err,0
2026-09-30T06:24:34.876Z,gpu-3uwoq-6g3ya-2,ib_hw_counter,rdma_vf_rail0,duplicate_request,0
2026-09-30T06:24:34.876Z,gpu-3uwoq-6g3ya-2,ib_counter,rdma_vf_rail1,port_xmit_data,2.78983e+12
2026-09-30T06:24:34.876Z,gpu-3uwoq-6g3ya-2,ib_counter,rdma_vf_rail1,port_rcv_data,5.74915e+12
2026-09-30T06:24:34.876Z,gpu-3uwoq-6g3ya-2,ib_counter,rdma_vf_rail1,port_xmit_packets,9.6064e+08
2026-09-30T06:24:34.876Z,gpu-3uwoq-6g3ya-2,ib_counter,rdma_vf_rail1,port_rcv_packets,1.58571e+09
2026-09-30T06:24:34.876Z,gpu-3uwoq-6g3ya-2,ib_counter,rdma_vf_rail1,port_xmit_wait,0
2026-09-30T06:24:34.876Z,gpu-3uwoq-6g3ya-2,ib_counter,rdma_vf_rail1,port_rcv_errors,0
2026-09-30T06:24:34.876Z,gpu-3uwoq-6g3ya-2,ib_counter,rdma_vf_rail1,port_xmit_discards,0
2026-09-30T06:24:34.876Z,gpu-3uwoq-6g3ya-2,ib_counter,rdma_vf_rail1,link_downed,0
2026-09-30T06:24:34.876Z,gpu-3uwoq-6g3ya-2,ib_hw_counter,rdma_vf_rail1,out_of_sequence,0
2026-09-30T06:24:34.876Z,gpu-3uwoq-6g3ya-2,ib_hw_counter,rdma_vf_rail1,packet_seq_err,0
2026-09-30T06:24:34.876Z,gpu-3uwoq-6g3ya-2,ib_hw_counter,rdma_vf_rail1,local_ack_timeout_err,0
2026-09-30T06:24:34.876Z,gpu-3uwoq-6g3ya-2,ib_hw_counter,rdma_vf_rail1,rx_write_requests,7.05505e+08
2026-09-30T06:24:34.876Z,gpu-3uwoq-6g3ya-2,ib_hw_counter,rdma_vf_rail1,rx_read_requests,1.06278e+07
2026-09-30T06:24:34.876Z,gpu-3uwoq-6g3ya-2,ib_hw_counter,rdma_vf_rail1,req_cqe_error,0
2026-09-30T06:24:34.876Z,gpu-3uwoq-6g3ya-2,ib_hw_counter,rdma_vf_rail1,resp_cqe_error,0
2026-09-30T06:24:34.876Z,gpu-3uwoq-6g3ya-2,ib_hw_counter,rdma_vf_rail1,implied_nak_seq_err,0
2026-09-30T06:24:34.876Z,gpu-3uwoq-6g3ya-2,ib_hw_counter,rdma_vf_rail1,duplicate_request,0
2026-09-30T06:24:34.876Z,gpu-3uwoq-6g3ya-2,ib_counter,rdma_vf_rail2,port_xmit_data,2.76211e+12
2026-09-30T06:24:34.876Z,gpu-3uwoq-6g3ya-2,ib_counter,rdma_vf_rail2,port_rcv_data,5.72087e+12
2026-09-30T06:24:34.876Z,gpu-3uwoq-6g3ya-2,ib_counter,rdma_vf_rail2,port_xmit_packets,9.42748e+08
2026-09-30T06:24:34.876Z,gpu-3uwoq-6g3ya-2,ib_counter,rdma_vf_rail2,port_rcv_packets,1.56156e+09
2026-09-30T06:24:34.876Z,gpu-3uwoq-6g3ya-2,ib_counter,rdma_vf_rail2,port_xmit_wait,0
2026-09-30T06:24:34.876Z,gpu-3uwoq-6g3ya-2,ib_counter,rdma_vf_rail2,port_rcv_errors,0
2026-09-30T06:24:34.876Z,gpu-3uwoq-6g3ya-2,ib_counter,rdma_vf_rail2,port_xmit_discards,0
2026-09-30T06:24:34.876Z,gpu-3uwoq-6g3ya-2,ib_counter,rdma_vf_rail2,link_downed,0
2026-09-30T06:24:34.876Z,gpu-3uwoq-6g3ya-2,ib_hw_counter,rdma_vf_rail2,out_of_sequence,0
2026-09-30T06:24:34.876Z,gpu-3uwoq-6g3ya-2,ib_hw_counter,rdma_vf_rail2,packet_seq_err,0
2026-09-30T06:24:34.876Z,gpu-3uwoq-6g3ya-2,ib_hw_counter,rdma_vf_rail2,local_ack_timeout_err,0
2026-09-30T06:24:34.876Z,gpu-3uwoq-6g3ya-2,ib_hw_counter,rdma_vf_rail2,rx_write_requests,7.05079e+08
2026-09-30T06:24:34.876Z,gpu-3uwoq-6g3ya-2,ib_hw_counter,rdma_vf_rail2,rx_read_requests,1.042e+07
2026-09-30T06:24:34.876Z,gpu-3uwoq-6g3ya-2,ib_hw_counter,rdma_vf_rail2,req_cqe_error,0
2026-09-30T06:24:34.876Z,gpu-3uwoq-6g3ya-2,ib_hw_counter,rdma_vf_rail2,resp_cqe_error,0
2026-09-30T06:24:34.876Z,gpu-3uwoq-6g3ya-2,ib_hw_counter,rdma_vf_rail2,implied_nak_seq_err,0
2026-09-30T06:24:34.876Z,gpu-3uwoq-6g3ya-2,ib_hw_counter,rdma_vf_rail2,duplicate_request,0
2026-09-30T06:24:34.876Z,gpu-3uwoq-6g3ya-2,ib_counter,rdma_vf_rail3,port_xmit_data,2.76198e+12
2026-09-30T06:24:34.876Z,gpu-3uwoq-6g3ya-2,ib_counter,rdma_vf_rail3,port_rcv_data,5.72148e+12
2026-09-30T06:24:34.876Z,gpu-3uwoq-6g3ya-2,ib_counter,rdma_vf_rail3,port_xmit_packets,9.41089e+08
2026-09-30T06:24:34.876Z,gpu-3uwoq-6g3ya-2,ib_counter,rdma_vf_rail3,port_rcv_packets,1.56898e+09
2026-09-30T06:24:34.876Z,gpu-3uwoq-6g3ya-2,ib_counter,rdma_vf_rail3,port_xmit_wait,0
2026-09-30T06:24:34.876Z,gpu-3uwoq-6g3ya-2,ib_counter,rdma_vf_rail3,port_rcv_errors,0
2026-09-30T06:24:34.876Z,gpu-3uwoq-6g3ya-2,ib_counter,rdma_vf_rail3,port_xmit_discards,0
2026-09-30T06:24:34.876Z,gpu-3uwoq-6g3ya-2,ib_counter,rdma_vf_rail3,link_downed,0
2026-09-30T06:24:34.876Z,gpu-3uwoq-6g3ya-2,ib_hw_counter,rdma_vf_rail3,out_of_sequence,0
2026-09-30T06:24:34.876Z,gpu-3uwoq-6g3ya-2,ib_hw_counter,rdma_vf_rail3,packet_seq_err,1
2026-09-30T06:24:34.876Z,gpu-3uwoq-6g3ya-2,ib_hw_counter,rdma_vf_rail3,local_ack_timeout_err,0
2026-09-30T06:24:34.876Z,gpu-3uwoq-6g3ya-2,ib_hw_counter,rdma_vf_rail3,rx_write_requests,7.05079e+08
2026-09-30T06:24:34.876Z,gpu-3uwoq-6g3ya-2,ib_hw_counter,rdma_vf_rail3,rx_read_requests,1.042e+07
2026-09-30T06:24:34.876Z,gpu-3uwoq-6g3ya-2,ib_hw_counter,rdma_vf_rail3,req_cqe_error,0
2026-09-30T06:24:34.876Z,gpu-3uwoq-6g3ya-2,ib_hw_counter,rdma_vf_rail3,resp_cqe_error,0
2026-09-30T06:24:34.876Z,gpu-3uwoq-6g3ya-2,ib_hw_counter,rdma_vf_rail3,implied_nak_seq_err,0
2026-09-30T06:24:34.876Z,gpu-3uwoq-6g3ya-2,ib_hw_counter,rdma_vf_rail3,duplicate_request,0
2026-09-30T06:24:34.876Z,gpu-3uwoq-6g3ya-2,dcgm,gpu2,gpu_util,0
2026-09-30T06:24:34.876Z,gpu-3uwoq-6g3ya-2,dcgm,gpu3,gpu_util,0
2026-09-30T06:24:34.876Z,gpu-3uwoq-6g3ya-2,dcgm,gpu1,gpu_util,0
2026-09-30T06:24:34.876Z,gpu-3uwoq-6g3ya-2,dcgm,gpu0,gpu_util,0
2026-09-30T06:24:34.876Z,gpu-3uwoq-6g3ya-2,dcgm,gpu2,nvlink_bandwidth_total,0
2026-09-30T06:24:34.876Z,gpu-3uwoq-6g3ya-2,dcgm,gpu3,nvlink_bandwidth_total,0
2026-09-30T06:24:34.876Z,gpu-3uwoq-6g3ya-2,dcgm,gpu1,nvlink_bandwidth_total,0
2026-09-30T06:24:34.876Z,gpu-3uwoq-6g3ya-2,dcgm,gpu0,nvlink_bandwidth_total,0
2026-09-30T06:24:34.876Z,gpu-3uwoq-6g3ya-2,dcgm,gpu2,power_w,231.177
2026-09-30T06:24:34.876Z,gpu-3uwoq-6g3ya-2,dcgm,gpu3,power_w,234.24
2026-09-30T06:24:34.876Z,gpu-3uwoq-6g3ya-2,dcgm,gpu1,power_w,229.904
2026-09-30T06:24:34.876Z,gpu-3uwoq-6g3ya-2,dcgm,gpu0,power_w,226.486
2026-09-30T06:24:34.876Z,gpu-3uwoq-6g3ya-2,dcgm,gpu2,sm_clock_mhz,2070
2026-09-30T06:24:34.876Z,gpu-3uwoq-6g3ya-2,dcgm,gpu3,sm_clock_mhz,2070
2026-09-30T06:24:34.876Z,gpu-3uwoq-6g3ya-2,dcgm,gpu1,sm_clock_mhz,2070
2026-09-30T06:24:34.876Z,gpu-3uwoq-6g3ya-2,dcgm,gpu0,sm_clock_mhz,2070
2026-09-30T06:24:34.876Z,gpu-3uwoq-6g3ya-2,dcgm,gpu2,dram_active,3e-06
2026-09-30T06:24:34.876Z,gpu-3uwoq-6g3ya-2,dcgm,gpu3,dram_active,3e-06
2026-09-30T06:24:34.876Z,gpu-3uwoq-6g3ya-2,dcgm,gpu1,dram_active,3e-06
2026-09-30T06:24:34.876Z,gpu-3uwoq-6g3ya-2,dcgm,gpu0,dram_active,3e-06
2026-09-30T06:24:34.876Z,gpu-3uwoq-6g3ya-2,dcgm,gpu2,pcie_rx_bytes,247651
2026-09-30T06:24:34.876Z,gpu-3uwoq-6g3ya-2,dcgm,gpu3,pcie_rx_bytes,234991
2026-09-30T06:24:34.876Z,gpu-3uwoq-6g3ya-2,dcgm,gpu1,pcie_rx_bytes,293204
2026-09-30T06:24:34.876Z,gpu-3uwoq-6g3ya-2,dcgm,gpu0,pcie_rx_bytes,297902
2026-09-30T06:24:34.876Z,gpu-3uwoq-6g3ya-2,dcgm,gpu2,pcie_tx_bytes,225131
2026-09-30T06:24:34.876Z,gpu-3uwoq-6g3ya-2,dcgm,gpu3,pcie_tx_bytes,212334
2026-09-30T06:24:34.876Z,gpu-3uwoq-6g3ya-2,dcgm,gpu1,pcie_tx_bytes,270834
2026-09-30T06:24:34.876Z,gpu-3uwoq-6g3ya-2,dcgm,gpu0,pcie_tx_bytes,275071
2026-09-30T06:24:34.876Z,gpu-3uwoq-6g3ya-2,dcgm,gpu2,tensor_active,0
2026-09-30T06:24:34.876Z,gpu-3uwoq-6g3ya-2,dcgm,gpu3,tensor_active,0
2026-09-30T06:24:34.876Z,gpu-3uwoq-6g3ya-2,dcgm,gpu1,tensor_active,0
2026-09-30T06:24:34.876Z,gpu-3uwoq-6g3ya-2,dcgm,gpu0,tensor_active,0
2026-09-30T06:24:34.876Z,gpu-3uwoq-6g3ya-2,dcgm,gpu2,sm_active,0
2026-09-30T06:24:34.876Z,gpu-3uwoq-6g3ya-2,dcgm,gpu3,sm_active,0
2026-09-30T06:24:34.876Z,gpu-3uwoq-6g3ya-2,dcgm,gpu1,sm_active,0
2026-09-30T06:24:34.876Z,gpu-3uwoq-6g3ya-2,dcgm,gpu0,sm_active,0
2026-09-30T06:24:34.876Z,gpu-3uwoq-6g3ya-2,nvlink,gpu0,nvlink_rx_bytes,4.68692e+13
2026-09-30T06:24:34.876Z,gpu-3uwoq-6g3ya-2,nvlink,gpu0,nvlink_tx_bytes,4.68696e+13
2026-09-30T06:24:34.876Z,gpu-3uwoq-6g3ya-2,nvlink,gpu1,nvlink_rx_bytes,4.70222e+13
2026-09-30T06:24:34.876Z,gpu-3uwoq-6g3ya-2,nvlink,gpu1,nvlink_tx_bytes,4.70228e+13
2026-09-30T06:24:34.876Z,gpu-3uwoq-6g3ya-2,nvlink,gpu2,nvlink_rx_bytes,4.68912e+13
2026-09-30T06:24:34.876Z,gpu-3uwoq-6g3ya-2,nvlink,gpu2,nvlink_tx_bytes,4.68913e+13
2026-09-30T06:24:34.876Z,gpu-3uwoq-6g3ya-2,nvlink,gpu3,nvlink_rx_bytes,4.68385e+13
2026-09-30T06:24:34.876Z,gpu-3uwoq-6g3ya-2,nvlink,gpu3,nvlink_tx_bytes,4.68389e+13
2026-09-30T06:24:35.876Z,gpu-3uwoq-6g3ya-2,ib_counter,rdma_vf_rail0,port_xmit_data,2.8979e+12
2026-09-30T06:24:35.876Z,gpu-3uwoq-6g3ya-2,ib_counter,rdma_vf_rail0,port_rcv_data,5.85726e+12
2026-09-30T06:24:35.876Z,gpu-3uwoq-6g3ya-2,ib_counter,rdma_vf_rail0,port_xmit_packets,9.93301e+08
2026-09-30T06:24:35.876Z,gpu-3uwoq-6g3ya-2,ib_counter,rdma_vf_rail0,port_rcv_packets,1.61819e+09
2026-09-30T06:24:35.876Z,gpu-3uwoq-6g3ya-2,ib_counter,rdma_vf_rail0,port_xmit_wait,0
2026-09-30T06:24:35.876Z,gpu-3uwoq-6g3ya-2,ib_counter,rdma_vf_rail0,port_rcv_errors,0
2026-09-30T06:24:35.876Z,gpu-3uwoq-6g3ya-2,ib_counter,rdma_vf_rail0,port_xmit_discards,0
2026-09-30T06:24:35.876Z,gpu-3uwoq-6g3ya-2,ib_counter,rdma_vf_rail0,link_downed,0
2026-09-30T06:24:35.876Z,gpu-3uwoq-6g3ya-2,ib_hw_counter,rdma_vf_rail0,out_of_sequence,0
2026-09-30T06:24:35.876Z,gpu-3uwoq-6g3ya-2,ib_hw_counter,rdma_vf_rail0,packet_seq_err,0
2026-09-30T06:24:35.876Z,gpu-3uwoq-6g3ya-2,ib_hw_counter,rdma_vf_rail0,local_ack_timeout_err,0
2026-09-30T06:24:35.876Z,gpu-3uwoq-6g3ya-2,ib_hw_counter,rdma_vf_rail0,rx_write_requests,7.07105e+08
2026-09-30T06:24:35.876Z,gpu-3uwoq-6g3ya-2,ib_hw_counter,rdma_vf_rail0,rx_read_requests,1.14286e+07
2026-09-30T06:24:35.876Z,gpu-3uwoq-6g3ya-2,ib_hw_counter,rdma_vf_rail0,req_cqe_error,0
2026-09-30T06:24:35.876Z,gpu-3uwoq-6g3ya-2,ib_hw_counter,rdma_vf_rail0,resp_cqe_error,0
2026-09-30T06:24:35.876Z,gpu-3uwoq-6g3ya-2,ib_hw_counter,rdma_vf_rail0,implied_nak_seq_err,0
2026-09-30T06:24:35.876Z,gpu-3uwoq-6g3ya-2,ib_hw_counter,rdma_vf_rail0,duplicate_request,0
2026-09-30T06:24:35.876Z,gpu-3uwoq-6g3ya-2,ib_counter,rdma_vf_rail1,port_xmit_data,2.78983e+12
2026-09-30T06:24:35.876Z,gpu-3uwoq-6g3ya-2,ib_counter,rdma_vf_rail1,port_rcv_data,5.74915e+12
2026-09-30T06:24:35.876Z,gpu-3uwoq-6g3ya-2,ib_counter,rdma_vf_rail1,port_xmit_packets,9.6064e+08
2026-09-30T06:24:35.876Z,gpu-3uwoq-6g3ya-2,ib_counter,rdma_vf_rail1,port_rcv_packets,1.58571e+09
2026-09-30T06:24:35.876Z,gpu-3uwoq-6g3ya-2,ib_counter,rdma_vf_rail1,port_xmit_wait,0
2026-09-30T06:24:35.876Z,gpu-3uwoq-6g3ya-2,ib_counter,rdma_vf_rail1,port_rcv_errors,0
2026-09-30T06:24:35.876Z,gpu-3uwoq-6g3ya-2,ib_counter,rdma_vf_rail1,port_xmit_discards,0
2026-09-30T06:24:35.876Z,gpu-3uwoq-6g3ya-2,ib_counter,rdma_vf_rail1,link_downed,0
2026-09-30T06:24:35.876Z,gpu-3uwoq-6g3ya-2,ib_hw_counter,rdma_vf_rail1,out_of_sequence,0
2026-09-30T06:24:35.876Z,gpu-3uwoq-6g3ya-2,ib_hw_counter,rdma_vf_rail1,packet_seq_err,0
2026-09-30T06:24:35.876Z,gpu-3uwoq-6g3ya-2,ib_hw_counter,rdma_vf_rail1,local_ack_timeout_err,0
2026-09-30T06:24:35.876Z,gpu-3uwoq-6g3ya-2,ib_hw_counter,rdma_vf_rail1,rx_write_requests,7.05505e+08
2026-09-30T06:24:35.876Z,gpu-3uwoq-6g3ya-2,ib_hw_counter,rdma_vf_rail1,rx_read_requests,1.06278e+07
2026-09-30T06:24:35.876Z,gpu-3uwoq-6g3ya-2,ib_hw_counter,rdma_vf_rail1,req_cqe_error,0
2026-09-30T06:24:35.876Z,gpu-3uwoq-6g3ya-2,ib_hw_counter,rdma_vf_rail1,resp_cqe_error,0
2026-09-30T06:24:35.876Z,gpu-3uwoq-6g3ya-2,ib_hw_counter,rdma_vf_rail1,implied_nak_seq_err,0
2026-09-30T06:24:35.876Z,gpu-3uwoq-6g3ya-2,ib_hw_counter,rdma_vf_rail1,duplicate_request,0
2026-09-30T06:24:35.876Z,gpu-3uwoq-6g3ya-2,ib_counter,rdma_vf_rail2,port_xmit_data,2.76211e+12
2026-09-30T06:24:35.876Z,gpu-3uwoq-6g3ya-2,ib_counter,rdma_vf_rail2,port_rcv_data,5.72087e+12
2026-09-30T06:24:35.876Z,gpu-3uwoq-6g3ya-2,ib_counter,rdma_vf_rail2,port_xmit_packets,9.42748e+08
2026-09-30T06:24:35.876Z,gpu-3uwoq-6g3ya-2,ib_counter,rdma_vf_rail2,port_rcv_packets,1.56156e+09
2026-09-30T06:24:35.876Z,gpu-3uwoq-6g3ya-2,ib_counter,rdma_vf_rail2,port_xmit_wait,0
2026-09-30T06:24:35.876Z,gpu-3uwoq-6g3ya-2,ib_counter,rdma_vf_rail2,port_rcv_errors,0
2026-09-30T06:24:35.876Z,gpu-3uwoq-6g3ya-2,ib_counter,rdma_vf_rail2,port_xmit_discards,0
2026-09-30T06:24:35.876Z,gpu-3uwoq-6g3ya-2,ib_counter,rdma_vf_rail2,link_downed,0
2026-09-30T06:24:35.876Z,gpu-3uwoq-6g3ya-2,ib_hw_counter,rdma_vf_rail2,out_of_sequence,0
2026-09-30T06:24:35.876Z,gpu-3uwoq-6g3ya-2,ib_hw_counter,rdma_vf_rail2,packet_seq_err,0
2026-09-30T06:24:35.876Z,gpu-3uwoq-6g3ya-2,ib_hw_counter,rdma_vf_rail2,local_ack_timeout_err,0
2026-09-30T06:24:35.876Z,gpu-3uwoq-6g3ya-2,ib_hw_counter,rdma_vf_rail2,rx_write_requests,7.05079e+08
2026-09-30T06:24:35.876Z,gpu-3uwoq-6g3ya-2,ib_hw_counter,rdma_vf_rail2,rx_read_requests,1.042e+07
2026-09-30T06:24:35.876Z,gpu-3uwoq-6g3ya-2,ib_hw_counter,rdma_vf_rail2,req_cqe_error,0
2026-09-30T06:24:35.876Z,gpu-3uwoq-6g3ya-2,ib_hw_counter,rdma_vf_rail2,resp_cqe_error,0
2026-09-30T06:24:35.876Z,gpu-3uwoq-6g3ya-2,ib_hw_counter,rdma_vf_rail2,implied_nak_seq_err,0
2026-09-30T06:24:35.876Z,gpu-3uwoq-6g3ya-2,ib_hw_counter,rdma_vf_rail2,duplicate_request,0
2026-09-30T06:24:35.876Z,gpu-3uwoq-6g3ya-2,ib_counter,rdma_vf_rail3,port_xmit_data,2.76198e+12
2026-09-30T06:24:35.876Z,gpu-3uwoq-6g3ya-2,ib_counter,rdma_vf_rail3,port_rcv_data,5.72148e+12
2026-09-30T06:24:35.876Z,gpu-3uwoq-6g3ya-2,ib_counter,rdma_vf_rail3,port_xmit_packets,9.41089e+08
2026-09-30T06:24:35.876Z,gpu-3uwoq-6g3ya-2,ib_counter,rdma_vf_rail3,port_rcv_packets,1.56898e+09
2026-09-30T06:24:35.876Z,gpu-3uwoq-6g3ya-2,ib_counter,rdma_vf_rail3,port_xmit_wait,0
2026-09-30T06:24:35.876Z,gpu-3uwoq-6g3ya-2,ib_counter,rdma_vf_rail3,port_rcv_errors,0
2026-09-30T06:24:35.876Z,gpu-3uwoq-6g3ya-2,ib_counter,rdma_vf_rail3,port_xmit_discards,0
2026-09-30T06:24:35.876Z,gpu-3uwoq-6g3ya-2,ib_counter,rdma_vf_rail3,link_downed,0
2026-09-30T06:24:35.876Z,gpu-3uwoq-6g3ya-2,ib_hw_counter,rdma_vf_rail3,out_of_sequence,0
2026-09-30T06:24:35.876Z,gpu-3uwoq-6g3ya-2,ib_hw_counter,rdma_vf_rail3,packet_seq_err,1
2026-09-30T06:24:35.876Z,gpu-3uwoq-6g3ya-2,ib_hw_counter,rdma_vf_rail3,local_ack_timeout_err,0
2026-09-30T06:24:35.876Z,gpu-3uwoq-6g3ya-2,ib_hw_counter,rdma_vf_rail3,rx_write_requests,7.05079e+08
2026-09-30T06:24:35.876Z,gpu-3uwoq-6g3ya-2,ib_hw_counter,rdma_vf_rail3,rx_read_requests,1.042e+07
2026-09-30T06:24:35.876Z,gpu-3uwoq-6g3ya-2,ib_hw_counter,rdma_vf_rail3,req_cqe_error,0
2026-09-30T06:24:35.876Z,gpu-3uwoq-6g3ya-2,ib_hw_counter,rdma_vf_rail3,resp_cqe_error,0
2026-09-30T06:24:35.876Z,gpu-3uwoq-6g3ya-2,ib_hw_counter,rdma_vf_rail3,implied_nak_seq_err,0
2026-09-30T06:24:35.876Z,gpu-3uwoq-6g3ya-2,ib_hw_counter,rdma_vf_rail3,duplicate_request,0
2026-09-30T06:24:35.876Z,gpu-3uwoq-6g3ya-2,dcgm,gpu2,gpu_util,0
2026-09-30T06:24:35.876Z,gpu-3uwoq-6g3ya-2,dcgm,gpu3,gpu_util,0
2026-09-30T06:24:35.876Z,gpu-3uwoq-6g3ya-2,dcgm,gpu1,gpu_util,0
2026-09-30T06:24:35.876Z,gpu-3uwoq-6g3ya-2,dcgm,gpu0,gpu_util,0
2026-09-30T06:24:35.876Z,gpu-3uwoq-6g3ya-2,dcgm,gpu2,nvlink_bandwidth_total,0
2026-09-30T06:24:35.876Z,gpu-3uwoq-6g3ya-2,dcgm,gpu3,nvlink_bandwidth_total,0
2026-09-30T06:24:35.876Z,gpu-3uwoq-6g3ya-2,dcgm,gpu1,nvlink_bandwidth_total,0
2026-09-30T06:24:35.876Z,gpu-3uwoq-6g3ya-2,dcgm,gpu0,nvlink_bandwidth_total,0
2026-09-30T06:24:35.876Z,gpu-3uwoq-6g3ya-2,dcgm,gpu2,power_w,231.177
2026-09-30T06:24:35.876Z,gpu-3uwoq-6g3ya-2,dcgm,gpu3,power_w,234.24
2026-09-30T06:24:35.876Z,gpu-3uwoq-6g3ya-2,dcgm,gpu1,power_w,229.904
2026-09-30T06:24:35.876Z,gpu-3uwoq-6g3ya-2,dcgm,gpu0,power_w,226.486
2026-09-30T06:24:35.876Z,gpu-3uwoq-6g3ya-2,dcgm,gpu2,sm_clock_mhz,2070
2026-09-30T06:24:35.876Z,gpu-3uwoq-6g3ya-2,dcgm,gpu3,sm_clock_mhz,2070
2026-09-30T06:24:35.876Z,gpu-3uwoq-6g3ya-2,dcgm,gpu1,sm_clock_mhz,2070
2026-09-30T06:24:35.876Z,gpu-3uwoq-6g3ya-2,dcgm,gpu0,sm_clock_mhz,2070
2026-09-30T06:24:35.876Z,gpu-3uwoq-6g3ya-2,dcgm,gpu2,dram_active,3e-06
2026-09-30T06:24:35.876Z,gpu-3uwoq-6g3ya-2,dcgm,gpu3,dram_active,3e-06
2026-09-30T06:24:35.876Z,gpu-3uwoq-6g3ya-2,dcgm,gpu1,dram_active,3e-06
2026-09-30T06:24:35.876Z,gpu-3uwoq-6g3ya-2,dcgm,gpu0,dram_active,3e-06
2026-09-30T06:24:35.876Z,gpu-3uwoq-6g3ya-2,dcgm,gpu2,pcie_rx_bytes,247651
2026-09-30T06:24:35.876Z,gpu-3uwoq-6g3ya-2,dcgm,gpu3,pcie_rx_bytes,234991
2026-09-30T06:24:35.876Z,gpu-3uwoq-6g3ya-2,dcgm,gpu1,pcie_rx_bytes,293204
2026-09-30T06:24:35.876Z,gpu-3uwoq-6g3ya-2,dcgm,gpu0,pcie_rx_bytes,297902
2026-09-30T06:24:35.876Z,gpu-3uwoq-6g3ya-2,dcgm,gpu2,pcie_tx_bytes,225131
2026-09-30T06:24:35.876Z,gpu-3uwoq-6g3ya-2,dcgm,gpu3,pcie_tx_bytes,212334
2026-09-30T06:24:35.876Z,gpu-3uwoq-6g3ya-2,dcgm,gpu1,pcie_tx_bytes,270834
2026-09-30T06:24:35.876Z,gpu-3uwoq-6g3ya-2,dcgm,gpu0,pcie_tx_bytes,275071
2026-09-30T06:24:35.876Z,gpu-3uwoq-6g3ya-2,dcgm,gpu2,tensor_active,0
2026-09-30T06:24:35.876Z,gpu-3uwoq-6g3ya-2,dcgm,gpu3,tensor_active,0
2026-09-30T06:24:35.876Z,gpu-3uwoq-6g3ya-2,dcgm,gpu1,tensor_active,0
2026-09-30T06:24:35.876Z,gpu-3uwoq-6g3ya-2,dcgm,gpu0,tensor_active,0
2026-09-30T06:24:35.876Z,gpu-3uwoq-6g3ya-2,dcgm,gpu2,sm_active,0
2026-09-30T06:24:35.876Z,gpu-3uwoq-6g3ya-2,dcgm,gpu3,sm_active,0
2026-09-30T06:24:35.876Z,gpu-3uwoq-6g3ya-2,dcgm,gpu1,sm_active,0
2026-09-30T06:24:35.876Z,gpu-3uwoq-6g3ya-2,dcgm,gpu0,sm_active,0
2026-09-30T06:24:35.876Z,gpu-3uwoq-6g3ya-2,nvlink,gpu0,nvlink_rx_bytes,4.68692e+13
2026-09-30T06:24:35.876Z,gpu-3uwoq-6g3ya-2,nvlink,gpu0,nvlink_tx_bytes,4.68696e+13
2026-09-30T06:24:35.876Z,gpu-3uwoq-6g3ya-2,nvlink,gpu1,nvlink_rx_bytes,4.70222e+13
2026-09-30T06:24:35.876Z,gpu-3uwoq-6g3ya-2,nvlink,gpu1,nvlink_tx_bytes,4.70228e+13
2026-09-30T06:24:35.876Z,gpu-3uwoq-6g3ya-2,nvlink,gpu2,nvlink_rx_bytes,4.68912e+13
2026-09-30T06:24:35.876Z,gpu-3uwoq-6g3ya-2,nvlink,gpu2,nvlink_tx_bytes,4.68913e+13
2026-09-30T06:24:35.876Z,gpu-3uwoq-6g3ya-2,nvlink,gpu3,nvlink_rx_bytes,4.68385e+13
2026-09-30T06:24:35.876Z,gpu-3uwoq-6g3ya-2,nvlink,gpu3,nvlink_tx_bytes,4.68389e+13
2026-09-30T06:24:36.876Z,gpu-3uwoq-6g3ya-2,ib_counter,rdma_vf_rail0,port_xmit_data,2.8979e+12
2026-09-30T06:24:36.876Z,gpu-3uwoq-6g3ya-2,ib_counter,rdma_vf_rail0,port_rcv_data,5.85726e+12
2026-09-30T06:24:36.876Z,gpu-3uwoq-6g3ya-2,ib_counter,rdma_vf_rail0,port_xmit_packets,9.93301e+08
2026-09-30T06:24:36.876Z,gpu-3uwoq-6g3ya-2,ib_counter,rdma_vf_rail0,port_rcv_packets,1.61819e+09
2026-09-30T06:24:36.876Z,gpu-3uwoq-6g3ya-2,ib_counter,rdma_vf_rail0,port_xmit_wait,0
2026-09-30T06:24:36.876Z,gpu-3uwoq-6g3ya-2,ib_counter,rdma_vf_rail0,port_rcv_errors,0
2026-09-30T06:24:36.876Z,gpu-3uwoq-6g3ya-2,ib_counter,rdma_vf_rail0,port_xmit_discards,0
2026-09-30T06:24:36.876Z,gpu-3uwoq-6g3ya-2,ib_counter,rdma_vf_rail0,link_downed,0
2026-09-30T06:24:36.876Z,gpu-3uwoq-6g3ya-2,ib_hw_counter,rdma_vf_rail0,out_of_sequence,0
2026-09-30T06:24:36.876Z,gpu-3uwoq-6g3ya-2,ib_hw_counter,rdma_vf_rail0,packet_seq_err,0
2026-09-30T06:24:36.876Z,gpu-3uwoq-6g3ya-2,ib_hw_counter,rdma_vf_rail0,local_ack_timeout_err,0
2026-09-30T06:24:36.876Z,gpu-3uwoq-6g3ya-2,ib_hw_counter,rdma_vf_rail0,rx_write_requests,7.07105e+08
2026-09-30T06:24:36.876Z,gpu-3uwoq-6g3ya-2,ib_hw_counter,rdma_vf_rail0,rx_read_requests,1.14286e+07
2026-09-30T06:24:36.876Z,gpu-3uwoq-6g3ya-2,ib_hw_counter,rdma_vf_rail0,req_cqe_error,0
2026-09-30T06:24:36.876Z,gpu-3uwoq-6g3ya-2,ib_hw_counter,rdma_vf_rail0,resp_cqe_error,0
2026-09-30T06:24:36.876Z,gpu-3uwoq-6g3ya-2,ib_hw_counter,rdma_vf_rail0,implied_nak_seq_err,0
2026-09-30T06:24:36.876Z,gpu-3uwoq-6g3ya-2,ib_hw_counter,rdma_vf_rail0,duplicate_request,0
2026-09-30T06:24:36.876Z,gpu-3uwoq-6g3ya-2,ib_counter,rdma_vf_rail1,port_xmit_data,2.78983e+12
2026-09-30T06:24:36.876Z,gpu-3uwoq-6g3ya-2,ib_counter,rdma_vf_rail1,port_rcv_data,5.74915e+12
2026-09-30T06:24:36.876Z,gpu-3uwoq-6g3ya-2,ib_counter,rdma_vf_rail1,port_xmit_packets,9.6064e+08
2026-09-30T06:24:36.876Z,gpu-3uwoq-6g3ya-2,ib_counter,rdma_vf_rail1,port_rcv_packets,1.58571e+09
2026-09-30T06:24:36.876Z,gpu-3uwoq-6g3ya-2,ib_counter,rdma_vf_rail1,port_xmit_wait,0
2026-09-30T06:24:36.876Z,gpu-3uwoq-6g3ya-2,ib_counter,rdma_vf_rail1,port_rcv_errors,0
2026-09-30T06:24:36.876Z,gpu-3uwoq-6g3ya-2,ib_counter,rdma_vf_rail1,port_xmit_discards,0
2026-09-30T06:24:36.876Z,gpu-3uwoq-6g3ya-2,ib_counter,rdma_vf_rail1,link_downed,0
2026-09-30T06:24:36.876Z,gpu-3uwoq-6g3ya-2,ib_hw_counter,rdma_vf_rail1,out_of_sequence,0
2026-09-30T06:24:36.876Z,gpu-3uwoq-6g3ya-2,ib_hw_counter,rdma_vf_rail1,packet_seq_err,0
2026-09-30T06:24:36.876Z,gpu-3uwoq-6g3ya-2,ib_hw_counter,rdma_vf_rail1,local_ack_timeout_err,0
2026-09-30T06:24:36.876Z,gpu-3uwoq-6g3ya-2,ib_hw_counter,rdma_vf_rail1,rx_write_requests,7.05505e+08
2026-09-30T06:24:36.876Z,gpu-3uwoq-6g3ya-2,ib_hw_counter,rdma_vf_rail1,rx_read_requests,1.06278e+07
2026-09-30T06:24:36.876Z,gpu-3uwoq-6g3ya-2,ib_hw_counter,rdma_vf_rail1,req_cqe_error,0
2026-09-30T06:24:36.876Z,gpu-3uwoq-6g3ya-2,ib_hw_counter,rdma_vf_rail1,resp_cqe_error,0
2026-09-30T06:24:36.876Z,gpu-3uwoq-6g3ya-2,ib_hw_counter,rdma_vf_rail1,implied_nak_seq_err,0
2026-09-30T06:24:36.876Z,gpu-3uwoq-6g3ya-2,ib_hw_counter,rdma_vf_rail1,duplicate_request,0
2026-09-30T06:24:36.876Z,gpu-3uwoq-6g3ya-2,ib_counter,rdma_vf_rail2,port_xmit_data,2.76211e+12
2026-09-30T06:24:36.876Z,gpu-3uwoq-6g3ya-2,ib_counter,rdma_vf_rail2,port_rcv_data,5.72087e+12
2026-09-30T06:24:36.876Z,gpu-3uwoq-6g3ya-2,ib_counter,rdma_vf_rail2,port_xmit_packets,9.42748e+08
2026-09-30T06:24:36.876Z,gpu-3uwoq-6g3ya-2,ib_counter,rdma_vf_rail2,port_rcv_packets,1.56156e+09
2026-09-30T06:24:36.876Z,gpu-3uwoq-6g3ya-2,ib_counter,rdma_vf_rail2,port_xmit_wait,0
2026-09-30T06:24:36.876Z,gpu-3uwoq-6g3ya-2,ib_counter,rdma_vf_rail2,port_rcv_errors,0
2026-09-30T06:24:36.876Z,gpu-3uwoq-6g3ya-2,ib_counter,rdma_vf_rail2,port_xmit_discards,0
2026-09-30T06:24:36.876Z,gpu-3uwoq-6g3ya-2,ib_counter,rdma_vf_rail2,link_downed,0
2026-09-30T06:24:36.876Z,gpu-3uwoq-6g3ya-2,ib_hw_counter,rdma_vf_rail2,out_of_sequence,0
2026-09-30T06:24:36.876Z,gpu-3uwoq-6g3ya-2,ib_hw_counter,rdma_vf_rail2,packet_seq_err,0
2026-09-30T06:24:36.876Z,gpu-3uwoq-6g3ya-2,ib_hw_counter,rdma_vf_rail2,local_ack_timeout_err,0
2026-09-30T06:24:36.876Z,gpu-3uwoq-6g3ya-2,ib_hw_counter,rdma_vf_rail2,rx_write_requests,7.05079e+08
2026-09-30T06:24:36.876Z,gpu-3uwoq-6g3ya-2,ib_hw_counter,rdma_vf_rail2,rx_read_requests,1.042e+07
2026-09-30T06:24:36.876Z,gpu-3uwoq-6g3ya-2,ib_hw_counter,rdma_vf_rail2,req_cqe_error,0
2026-09-30T06:24:36.876Z,gpu-3uwoq-6g3ya-2,ib_hw_counter,rdma_vf_rail2,resp_cqe_error,0
2026-09-30T06:24:36.876Z,gpu-3uwoq-6g3ya-2,ib_hw_counter,rdma_vf_rail2,implied_nak_seq_err,0
2026-09-30T06:24:36.876Z,gpu-3uwoq-6g3ya-2,ib_hw_counter,rdma_vf_rail2,duplicate_request,0
2026-09-30T06:24:36.876Z,gpu-3uwoq-6g3ya-2,ib_counter,rdma_vf_rail3,port_xmit_data,2.76198e+12
2026-09-30T06:24:36.876Z,gpu-3uwoq-6g3ya-2,ib_counter,rdma_vf_rail3,port_rcv_data,5.72148e+12
2026-09-30T06:24:36.876Z,gpu-3uwoq-6g3ya-2,ib_counter,rdma_vf_rail3,port_xmit_packets,9.41089e+08
2026-09-30T06:24:36.876Z,gpu-3uwoq-6g3ya-2,ib_counter,rdma_vf_rail3,port_rcv_packets,1.56898e+09
2026-09-30T06:24:36.876Z,gpu-3uwoq-6g3ya-2,ib_counter,rdma_vf_rail3,port_xmit_wait,0
2026-09-30T06:24:36.876Z,gpu-3uwoq-6g3ya-2,ib_counter,rdma_vf_rail3,port_rcv_errors,0
2026-09-30T06:24:36.876Z,gpu-3uwoq-6g3ya-2,ib_counter,rdma_vf_rail3,port_xmit_discards,0
2026-09-30T06:24:36.876Z,gpu-3uwoq-6g3ya-2,ib_counter,rdma_vf_rail3,link_downed,0
2026-09-30T06:24:36.876Z,gpu-3uwoq-6g3ya-2,ib_hw_counter,rdma_vf_rail3,out_of_sequence,0
2026-09-30T06:24:36.876Z,gpu-3uwoq-6g3ya-2,ib_hw_counter,rdma_vf_rail3,packet_seq_err,1
2026-09-30T06:24:36.876Z,gpu-3uwoq-6g3ya-2,ib_hw_counter,rdma_vf_rail3,local_ack_timeout_err,0
2026-09-30T06:24:36.876Z,gpu-3uwoq-6g3ya-2,ib_hw_counter,rdma_vf_rail3,rx_write_requests,7.05079e+08
2026-09-30T06:24:36.876Z,gpu-3uwoq-6g3ya-2,ib_hw_counter,rdma_vf_rail3,rx_read_requests,1.042e+07
2026-09-30T06:24:36.876Z,gpu-3uwoq-6g3ya-2,ib_hw_counter,rdma_vf_rail3,req_cqe_error,0
2026-09-30T06:24:36.876Z,gpu-3uwoq-6g3ya-2,ib_hw_counter,rdma_vf_rail3,resp_cqe_error,0
2026-09-30T06:24:36.876Z,gpu-3uwoq-6g3ya-2,ib_hw_counter,rdma_vf_rail3,implied_nak_seq_err,0
2026-09-30T06:24:36.876Z,gpu-3uwoq-6g3ya-2,ib_hw_counter,rdma_vf_rail3,duplicate_request,0
2026-09-30T06:24:36.876Z,gpu-3uwoq-6g3ya-2,dcgm,gpu2,gpu_util,0
2026-09-30T06:24:36.876Z,gpu-3uwoq-6g3ya-2,dcgm,gpu3,gpu_util,0
2026-09-30T06:24:36.876Z,gpu-3uwoq-6g3ya-2,dcgm,gpu1,gpu_util,0
2026-09-30T06:24:36.876Z,gpu-3uwoq-6g3ya-2,dcgm,gpu0,gpu_util,0
2026-09-30T06:24:36.876Z,gpu-3uwoq-6g3ya-2,dcgm,gpu2,nvlink_bandwidth_total,0
2026-09-30T06:24:36.876Z,gpu-3uwoq-6g3ya-2,dcgm,gpu3,nvlink_bandwidth_total,0
2026-09-30T06:24:36.876Z,gpu-3uwoq-6g3ya-2,dcgm,gpu1,nvlink_bandwidth_total,0
2026-09-30T06:24:36.876Z,gpu-3uwoq-6g3ya-2,dcgm,gpu0,nvlink_bandwidth_total,0
2026-09-30T06:24:36.876Z,gpu-3uwoq-6g3ya-2,dcgm,gpu2,power_w,231.177
2026-09-30T06:24:36.876Z,gpu-3uwoq-6g3ya-2,dcgm,gpu3,power_w,234.24
2026-09-30T06:24:36.876Z,gpu-3uwoq-6g3ya-2,dcgm,gpu1,power_w,229.904
2026-09-30T06:24:36.876Z,gpu-3uwoq-6g3ya-2,dcgm,gpu0,power_w,226.486
2026-09-30T06:24:36.876Z,gpu-3uwoq-6g3ya-2,dcgm,gpu2,sm_clock_mhz,2070
2026-09-30T06:24:36.876Z,gpu-3uwoq-6g3ya-2,dcgm,gpu3,sm_clock_mhz,2070
2026-09-30T06:24:36.876Z,gpu-3uwoq-6g3ya-2,dcgm,gpu1,sm_clock_mhz,2070
2026-09-30T06:24:36.876Z,gpu-3uwoq-6g3ya-2,dcgm,gpu0,sm_clock_mhz,2070
2026-09-30T06:24:36.876Z,gpu-3uwoq-6g3ya-2,dcgm,gpu2,dram_active,3e-06
2026-09-30T06:24:36.876Z,gpu-3uwoq-6g3ya-2,dcgm,gpu3,dram_active,3e-06
2026-09-30T06:24:36.876Z,gpu-3uwoq-6g3ya-2,dcgm,gpu1,dram_active,3e-06
2026-09-30T06:24:36.876Z,gpu-3uwoq-6g3ya-2,dcgm,gpu0,dram_active,3e-06
2026-09-30T06:24:36.876Z,gpu-3uwoq-6g3ya-2,dcgm,gpu2,pcie_rx_bytes,247651
2026-09-30T06:24:36.876Z,gpu-3uwoq-6g3ya-2,dcgm,gpu3,pcie_rx_bytes,234991
2026-09-30T06:24:36.876Z,gpu-3uwoq-6g3ya-2,dcgm,gpu1,pcie_rx_bytes,293204
2026-09-30T06:24:36.876Z,gpu-3uwoq-6g3ya-2,dcgm,gpu0,pcie_rx_bytes,297902
2026-09-30T06:24:36.876Z,gpu-3uwoq-6g3ya-2,dcgm,gpu2,pcie_tx_bytes,225131
2026-09-30T06:24:36.876Z,gpu-3uwoq-6g3ya-2,dcgm,gpu3,pcie_tx_bytes,212334
2026-09-30T06:24:36.876Z,gpu-3uwoq-6g3ya-2,dcgm,gpu1,pcie_tx_bytes,270834
2026-09-30T06:24:36.876Z,gpu-3uwoq-6g3ya-2,dcgm,gpu0,pcie_tx_bytes,275071
2026-09-30T06:24:36.876Z,gpu-3uwoq-6g3ya-2,dcgm,gpu2,tensor_active,0
2026-09-30T06:24:36.876Z,gpu-3uwoq-6g3ya-2,dcgm,gpu3,tensor_active,0
2026-09-30T06:24:36.876Z,gpu-3uwoq-6g3ya-2,dcgm,gpu1,tensor_active,0
2026-09-30T06:24:36.876Z,gpu-3uwoq-6g3ya-2,dcgm,gpu0,tensor_active,0
2026-09-30T06:24:36.876Z,gpu-3uwoq-6g3ya-2,dcgm,gpu2,sm_active,0
2026-09-30T06:24:36.876Z,gpu-3uwoq-6g3ya-2,dcgm,gpu3,sm_active,0
2026-09-30T06:24:36.876Z,gpu-3uwoq-6g3ya-2,dcgm,gpu1,sm_active,0
2026-09-30T06:24:36.876Z,gpu-3uwoq-6g3ya-2,dcgm,gpu0,sm_active,0
2026-09-30T06:24:36.876Z,gpu-3uwoq-6g3ya-2,nvlink,gpu0,nvlink_rx_bytes,4.68692e+13
2026-09-30T06:24:36.876Z,gpu-3uwoq-6g3ya-2,nvlink,gpu0,nvlink_tx_bytes,4.68696e+13
2026-09-30T06:24:36.876Z,gpu-3uwoq-6g3ya-2,nvlink,gpu1,nvlink_rx_bytes,4.70222e+13
2026-09-30T06:24:36.876Z,gpu-3uwoq-6g3ya-2,nvlink,gpu1,nvlink_tx_bytes,4.70228e+13
2026-09-30T06:24:36.876Z,gpu-3uwoq-6g3ya-2,nvlink,gpu2,nvlink_rx_bytes,4.68912e+13
2026-09-30T06:24:36.876Z,gpu-3uwoq-6g3ya-2,nvlink,gpu2,nvlink_tx_bytes,4.68913e+13
2026-09-30T06:24:36.876Z,gpu-3uwoq-6g3ya-2,nvlink,gpu3,nvlink_rx_bytes,4.68385e+13
2026-09-30T06:24:36.876Z,gpu-3uwoq-6g3ya-2,nvlink,gpu3,nvlink_tx_bytes,4.68389e+13
2026-09-30T06:24:37.876Z,gpu-3uwoq-6g3ya-2,ib_counter,rdma_vf_rail0,port_xmit_data,2.8979e+12
2026-09-30T06:24:37.876Z,gpu-3uwoq-6g3ya-2,ib_counter,rdma_vf_rail0,port_rcv_data,5.85726e+12
2026-09-30T06:24:37.876Z,gpu-3uwoq-6g3ya-2,ib_counter,rdma_vf_rail0,port_xmit_packets,9.93301e+08
2026-09-30T06:24:37.876Z,gpu-3uwoq-6g3ya-2,ib_counter,rdma_vf_rail0,port_rcv_packets,1.61819e+09
2026-09-30T06:24:37.876Z,gpu-3uwoq-6g3ya-2,ib_counter,rdma_vf_rail0,port_xmit_wait,0
2026-09-30T06:24:37.876Z,gpu-3uwoq-6g3ya-2,ib_counter,rdma_vf_rail0,port_rcv_errors,0
2026-09-30T06:24:37.876Z,gpu-3uwoq-6g3ya-2,ib_counter,rdma_vf_rail0,port_xmit_discards,0
2026-09-30T06:24:37.876Z,gpu-3uwoq-6g3ya-2,ib_counter,rdma_vf_rail0,link_downed,0
2026-09-30T06:24:37.876Z,gpu-3uwoq-6g3ya-2,ib_hw_counter,rdma_vf_rail0,out_of_sequence,0
2026-09-30T06:24:37.876Z,gpu-3uwoq-6g3ya-2,ib_hw_counter,rdma_vf_rail0,packet_seq_err,0
2026-09-30T06:24:37.876Z,gpu-3uwoq-6g3ya-2,ib_hw_counter,rdma_vf_rail0,local_ack_timeout_err,0
2026-09-30T06:24:37.876Z,gpu-3uwoq-6g3ya-2,ib_hw_counter,rdma_vf_rail0,rx_write_requests,7.07105e+08
2026-09-30T06:24:37.876Z,gpu-3uwoq-6g3ya-2,ib_hw_counter,rdma_vf_rail0,rx_read_requests,1.14286e+07
2026-09-30T06:24:37.876Z,gpu-3uwoq-6g3ya-2,ib_hw_counter,rdma_vf_rail0,req_cqe_error,0
2026-09-30T06:24:37.876Z,gpu-3uwoq-6g3ya-2,ib_hw_counter,rdma_vf_rail0,resp_cqe_error,0
2026-09-30T06:24:37.876Z,gpu-3uwoq-6g3ya-2,ib_hw_counter,rdma_vf_rail0,implied_nak_seq_err,0
2026-09-30T06:24:37.876Z,gpu-3uwoq-6g3ya-2,ib_hw_counter,rdma_vf_rail0,duplicate_request,0
2026-09-30T06:24:37.876Z,gpu-3uwoq-6g3ya-2,ib_counter,rdma_vf_rail1,port_xmit_data,2.78983e+12
2026-09-30T06:24:37.876Z,gpu-3uwoq-6g3ya-2,ib_counter,rdma_vf_rail1,port_rcv_data,5.74915e+12
2026-09-30T06:24:37.876Z,gpu-3uwoq-6g3ya-2,ib_counter,rdma_vf_rail1,port_xmit_packets,9.6064e+08
2026-09-30T06:24:37.876Z,gpu-3uwoq-6g3ya-2,ib_counter,rdma_vf_rail1,port_rcv_packets,1.58571e+09
2026-09-30T06:24:37.876Z,gpu-3uwoq-6g3ya-2,ib_counter,rdma_vf_rail1,port_xmit_wait,0
2026-09-30T06:24:37.876Z,gpu-3uwoq-6g3ya-2,ib_counter,rdma_vf_rail1,port_rcv_errors,0
2026-09-30T06:24:37.876Z,gpu-3uwoq-6g3ya-2,ib_counter,rdma_vf_rail1,port_xmit_discards,0
2026-09-30T06:24:37.876Z,gpu-3uwoq-6g3ya-2,ib_counter,rdma_vf_rail1,link_downed,0
2026-09-30T06:24:37.876Z,gpu-3uwoq-6g3ya-2,ib_hw_counter,rdma_vf_rail1,out_of_sequence,0
2026-09-30T06:24:37.876Z,gpu-3uwoq-6g3ya-2,ib_hw_counter,rdma_vf_rail1,packet_seq_err,0
2026-09-30T06:24:37.876Z,gpu-3uwoq-6g3ya-2,ib_hw_counter,rdma_vf_rail1,local_ack_timeout_err,0
2026-09-30T06:24:37.876Z,gpu-3uwoq-6g3ya-2,ib_hw_counter,rdma_vf_rail1,rx_write_requests,7.05505e+08
2026-09-30T06:24:37.876Z,gpu-3uwoq-6g3ya-2,ib_hw_counter,rdma_vf_rail1,rx_read_requests,1.06278e+07
2026-09-30T06:24:37.876Z,gpu-3uwoq-6g3ya-2,ib_hw_counter,rdma_vf_rail1,req_cqe_error,0
2026-09-30T06:24:37.876Z,gpu-3uwoq-6g3ya-2,ib_hw_counter,rdma_vf_rail1,resp_cqe_error,0
2026-09-30T06:24:37.876Z,gpu-3uwoq-6g3ya-2,ib_hw_counter,rdma_vf_rail1,implied_nak_seq_err,0
2026-09-30T06:24:37.876Z,gpu-3uwoq-6g3ya-2,ib_hw_counter,rdma_vf_rail1,duplicate_request,0
2026-09-30T06:24:37.876Z,gpu-3uwoq-6g3ya-2,ib_counter,rdma_vf_rail2,port_xmit_data,2.76211e+12
2026-09-30T06:24:37.876Z,gpu-3uwoq-6g3ya-2,ib_counter,rdma_vf_rail2,port_rcv_data,5.72087e+12
2026-09-30T06:24:37.876Z,gpu-3uwoq-6g3ya-2,ib_counter,rdma_vf_rail2,port_xmit_packets,9.42748e+08
2026-09-30T06:24:37.876Z,gpu-3uwoq-6g3ya-2,ib_counter,rdma_vf_rail2,port_rcv_packets,1.56156e+09
2026-09-30T06:24:37.876Z,gpu-3uwoq-6g3ya-2,ib_counter,rdma_vf_rail2,port_xmit_wait,0
2026-09-30T06:24:37.876Z,gpu-3uwoq-6g3ya-2,ib_counter,rdma_vf_rail2,port_rcv_errors,0
2026-09-30T06:24:37.876Z,gpu-3uwoq-6g3ya-2,ib_counter,rdma_vf_rail2,port_xmit_discards,0
2026-09-30T06:24:37.876Z,gpu-3uwoq-6g3ya-2,ib_counter,rdma_vf_rail2,link_downed,0
2026-09-30T06:24:37.876Z,gpu-3uwoq-6g3ya-2,ib_hw_counter,rdma_vf_rail2,out_of_sequence,0
2026-09-30T06:24:37.876Z,gpu-3uwoq-6g3ya-2,ib_hw_counter,rdma_vf_rail2,packet_seq_err,0
2026-09-30T06:24:37.876Z,gpu-3uwoq-6g3ya-2,ib_hw_counter,rdma_vf_rail2,local_ack_timeout_err,0
2026-09-30T06:24:37.876Z,gpu-3uwoq-6g3ya-2,ib_hw_counter,rdma_vf_rail2,rx_write_requests,7.05079e+08
2026-09-30T06:24:37.876Z,gpu-3uwoq-6g3ya-2,ib_hw_counter,rdma_vf_rail2,rx_read_requests,1.042e+07
2026-09-30T06:24:37.876Z,gpu-3uwoq-6g3ya-2,ib_hw_counter,rdma_vf_rail2,req_cqe_error,0
2026-09-30T06:24:37.876Z,gpu-3uwoq-6g3ya-2,ib_hw_counter,rdma_vf_rail2,resp_cqe_error,0
2026-09-30T06:24:37.876Z,gpu-3uwoq-6g3ya-2,ib_hw_counter,rdma_vf_rail2,implied_nak_seq_err,0
2026-09-30T06:24:37.876Z,gpu-3uwoq-6g3ya-2,ib_hw_counter,rdma_vf_rail2,duplicate_request,0
2026-09-30T06:24:37.876Z,gpu-3uwoq-6g3ya-2,ib_counter,rdma_vf_rail3,port_xmit_data,2.76198e+12
2026-09-30T06:24:37.876Z,gpu-3uwoq-6g3ya-2,ib_counter,rdma_vf_rail3,port_rcv_data,5.72148e+12
2026-09-30T06:24:37.876Z,gpu-3uwoq-6g3ya-2,ib_counter,rdma_vf_rail3,port_xmit_packets,9.41089e+08
2026-09-30T06:24:37.876Z,gpu-3uwoq-6g3ya-2,ib_counter,rdma_vf_rail3,port_rcv_packets,1.56898e+09
2026-09-30T06:24:37.876Z,gpu-3uwoq-6g3ya-2,ib_counter,rdma_vf_rail3,port_xmit_wait,0
2026-09-30T06:24:37.876Z,gpu-3uwoq-6g3ya-2,ib_counter,rdma_vf_rail3,port_rcv_errors,0
2026-09-30T06:24:37.876Z,gpu-3uwoq-6g3ya-2,ib_counter,rdma_vf_rail3,port_xmit_discards,0
2026-09-30T06:24:37.876Z,gpu-3uwoq-6g3ya-2,ib_counter,rdma_vf_rail3,link_downed,0
2026-09-30T06:24:37.876Z,gpu-3uwoq-6g3ya-2,ib_hw_counter,rdma_vf_rail3,out_of_sequence,0
2026-09-30T06:24:37.876Z,gpu-3uwoq-6g3ya-2,ib_hw_counter,rdma_vf_rail3,packet_seq_err,1
2026-09-30T06:24:37.876Z,gpu-3uwoq-6g3ya-2,ib_hw_counter,rdma_vf_rail3,local_ack_timeout_err,0
2026-09-30T06:24:37.876Z,gpu-3uwoq-6g3ya-2,ib_hw_counter,rdma_vf_rail3,rx_write_requests,7.05079e+08
2026-09-30T06:24:37.876Z,gpu-3uwoq-6g3ya-2,ib_hw_counter,rdma_vf_rail3,rx_read_requests,1.042e+07
2026-09-30T06:24:37.876Z,gpu-3uwoq-6g3ya-2,ib_hw_counter,rdma_vf_rail3,req_cqe_error,0
2026-09-30T06:24:37.876Z,gpu-3uwoq-6g3ya-2,ib_hw_counter,rdma_vf_rail3,resp_cqe_error,0
2026-09-30T06:24:37.876Z,gpu-3uwoq-6g3ya-2,ib_hw_counter,rdma_vf_rail3,implied_nak_seq_err,0
2026-09-30T06:24:37.876Z,gpu-3uwoq-6g3ya-2,ib_hw_counter,rdma_vf_rail3,duplicate_request,0
2026-09-30T06:24:37.876Z,gpu-3uwoq-6g3ya-2,dcgm,gpu2,gpu_util,0
2026-09-30T06:24:37.876Z,gpu-3uwoq-6g3ya-2,dcgm,gpu3,gpu_util,0
2026-09-30T06:24:37.876Z,gpu-3uwoq-6g3ya-2,dcgm,gpu1,gpu_util,0
2026-09-30T06:24:37.876Z,gpu-3uwoq-6g3ya-2,dcgm,gpu0,gpu_util,0
2026-09-30T06:24:37.876Z,gpu-3uwoq-6g3ya-2,dcgm,gpu2,nvlink_bandwidth_total,0
2026-09-30T06:24:37.876Z,gpu-3uwoq-6g3ya-2,dcgm,gpu3,nvlink_bandwidth_total,0
2026-09-30T06:24:37.876Z,gpu-3uwoq-6g3ya-2,dcgm,gpu1,nvlink_bandwidth_total,0
2026-09-30T06:24:37.876Z,gpu-3uwoq-6g3ya-2,dcgm,gpu0,nvlink_bandwidth_total,0
2026-09-30T06:24:37.876Z,gpu-3uwoq-6g3ya-2,dcgm,gpu2,power_w,231.177
2026-09-30T06:24:37.876Z,gpu-3uwoq-6g3ya-2,dcgm,gpu3,power_w,234.24
2026-09-30T06:24:37.876Z,gpu-3uwoq-6g3ya-2,dcgm,gpu1,power_w,229.904
2026-09-30T06:24:37.876Z,gpu-3uwoq-6g3ya-2,dcgm,gpu0,power_w,226.486
2026-09-30T06:24:37.876Z,gpu-3uwoq-6g3ya-2,dcgm,gpu2,sm_clock_mhz,2070
2026-09-30T06:24:37.876Z,gpu-3uwoq-6g3ya-2,dcgm,gpu3,sm_clock_mhz,2070
2026-09-30T06:24:37.876Z,gpu-3uwoq-6g3ya-2,dcgm,gpu1,sm_clock_mhz,2070
2026-09-30T06:24:37.876Z,gpu-3uwoq-6g3ya-2,dcgm,gpu0,sm_clock_mhz,2070
2026-09-30T06:24:37.876Z,gpu-3uwoq-6g3ya-2,dcgm,gpu2,dram_active,3e-06
2026-09-30T06:24:37.876Z,gpu-3uwoq-6g3ya-2,dcgm,gpu3,dram_active,3e-06
2026-09-30T06:24:37.876Z,gpu-3uwoq-6g3ya-2,dcgm,gpu1,dram_active,3e-06
2026-09-30T06:24:37.876Z,gpu-3uwoq-6g3ya-2,dcgm,gpu0,dram_active,3e-06
2026-09-30T06:24:37.876Z,gpu-3uwoq-6g3ya-2,dcgm,gpu2,pcie_rx_bytes,247651
2026-09-30T06:24:37.876Z,gpu-3uwoq-6g3ya-2,dcgm,gpu3,pcie_rx_bytes,234991
2026-09-30T06:24:37.876Z,gpu-3uwoq-6g3ya-2,dcgm,gpu1,pcie_rx_bytes,293204
2026-09-30T06:24:37.876Z,gpu-3uwoq-6g3ya-2,dcgm,gpu0,pcie_rx_bytes,297902
2026-09-30T06:24:37.876Z,gpu-3uwoq-6g3ya-2,dcgm,gpu2,pcie_tx_bytes,225131
2026-09-30T06:24:37.876Z,gpu-3uwoq-6g3ya-2,dcgm,gpu3,pcie_tx_bytes,212334
2026-09-30T06:24:37.876Z,gpu-3uwoq-6g3ya-2,dcgm,gpu1,pcie_tx_bytes,270834
2026-09-30T06:24:37.876Z,gpu-3uwoq-6g3ya-2,dcgm,gpu0,pcie_tx_bytes,275071
2026-09-30T06:24:37.876Z,gpu-3uwoq-6g3ya-2,dcgm,gpu2,tensor_active,0
2026-09-30T06:24:37.876Z,gpu-3uwoq-6g3ya-2,dcgm,gpu3,tensor_active,0
2026-09-30T06:24:37.876Z,gpu-3uwoq-6g3ya-2,dcgm,gpu1,tensor_active,0
2026-09-30T06:24:37.876Z,gpu-3uwoq-6g3ya-2,dcgm,gpu0,tensor_active,0
2026-09-30T06:24:37.876Z,gpu-3uwoq-6g3ya-2,dcgm,gpu2,sm_active,0
2026-09-30T06:24:37.876Z,gpu-3uwoq-6g3ya-2,dcgm,gpu3,sm_active,0
2026-09-30T06:24:37.876Z,gpu-3uwoq-6g3ya-2,dcgm,gpu1,sm_active,0
2026-09-30T06:24:37.876Z,gpu-3uwoq-6g3ya-2,dcgm,gpu0,sm_active,0
2026-09-30T06:24:37.876Z,gpu-3uwoq-6g3ya-2,nvlink,gpu0,nvlink_rx_bytes,4.68692e+13
2026-09-30T06:24:37.876Z,gpu-3uwoq-6g3ya-2,nvlink,gpu0,nvlink_tx_bytes,4.68696e+13
2026-09-30T06:24:37.876Z,gpu-3uwoq-6g3ya-2,nvlink,gpu1,nvlink_rx_bytes,4.70222e+13
2026-09-30T06:24:37.876Z,gpu-3uwoq-6g3ya-2,nvlink,gpu1,nvlink_tx_bytes,4.70228e+13
2026-09-30T06:24:37.876Z,gpu-3uwoq-6g3ya-2,nvlink,gpu2,nvlink_rx_bytes,4.68912e+13
2026-09-30T06:24:37.876Z,gpu-3uwoq-6g3ya-2,nvlink,gpu2,nvlink_tx_bytes,4.68913e+13
2026-09-30T06:24:37.876Z,gpu-3uwoq-6g3ya-2,nvlink,gpu3,nvlink_rx_bytes,4.68385e+13
2026-09-30T06:24:37.876Z,gpu-3uwoq-6g3ya-2,nvlink,gpu3,nvlink_tx_bytes,4.68389e+13
2026-09-30T06:24:38.877Z,gpu-3uwoq-6g3ya-2,ib_counter,rdma_vf_rail0,port_xmit_data,2.8979e+12
2026-09-30T06:24:38.877Z,gpu-3uwoq-6g3ya-2,ib_counter,rdma_vf_rail0,port_rcv_data,5.85726e+12
2026-09-30T06:24:38.877Z,gpu-3uwoq-6g3ya-2,ib_counter,rdma_vf_rail0,port_xmit_packets,9.93301e+08
2026-09-30T06:24:38.877Z,gpu-3uwoq-6g3ya-2,ib_counter,rdma_vf_rail0,port_rcv_packets,1.61819e+09
2026-09-30T06:24:38.877Z,gpu-3uwoq-6g3ya-2,ib_counter,rdma_vf_rail0,port_xmit_wait,0
2026-09-30T06:24:38.877Z,gpu-3uwoq-6g3ya-2,ib_counter,rdma_vf_rail0,port_rcv_errors,0
2026-09-30T06:24:38.877Z,gpu-3uwoq-6g3ya-2,ib_counter,rdma_vf_rail0,port_xmit_discards,0
2026-09-30T06:24:38.877Z,gpu-3uwoq-6g3ya-2,ib_counter,rdma_vf_rail0,link_downed,0
2026-09-30T06:24:38.877Z,gpu-3uwoq-6g3ya-2,ib_hw_counter,rdma_vf_rail0,out_of_sequence,0
2026-09-30T06:24:38.877Z,gpu-3uwoq-6g3ya-2,ib_hw_counter,rdma_vf_rail0,packet_seq_err,0
2026-09-30T06:24:38.877Z,gpu-3uwoq-6g3ya-2,ib_hw_counter,rdma_vf_rail0,local_ack_timeout_err,0
2026-09-30T06:24:38.877Z,gpu-3uwoq-6g3ya-2,ib_hw_counter,rdma_vf_rail0,rx_write_requests,7.07105e+08
2026-09-30T06:24:38.877Z,gpu-3uwoq-6g3ya-2,ib_hw_counter,rdma_vf_rail0,rx_read_requests,1.14286e+07
2026-09-30T06:24:38.877Z,gpu-3uwoq-6g3ya-2,ib_hw_counter,rdma_vf_rail0,req_cqe_error,0
2026-09-30T06:24:38.877Z,gpu-3uwoq-6g3ya-2,ib_hw_counter,rdma_vf_rail0,resp_cqe_error,0
2026-09-30T06:24:38.877Z,gpu-3uwoq-6g3ya-2,ib_hw_counter,rdma_vf_rail0,implied_nak_seq_err,0
2026-09-30T06:24:38.877Z,gpu-3uwoq-6g3ya-2,ib_hw_counter,rdma_vf_rail0,duplicate_request,0
2026-09-30T06:24:38.877Z,gpu-3uwoq-6g3ya-2,ib_counter,rdma_vf_rail1,port_xmit_data,2.78983e+12
2026-09-30T06:24:38.877Z,gpu-3uwoq-6g3ya-2,ib_counter,rdma_vf_rail1,port_rcv_data,5.74915e+12
2026-09-30T06:24:38.877Z,gpu-3uwoq-6g3ya-2,ib_counter,rdma_vf_rail1,port_xmit_packets,9.6064e+08
2026-09-30T06:24:38.877Z,gpu-3uwoq-6g3ya-2,ib_counter,rdma_vf_rail1,port_rcv_packets,1.58571e+09
2026-09-30T06:24:38.877Z,gpu-3uwoq-6g3ya-2,ib_counter,rdma_vf_rail1,port_xmit_wait,0
2026-09-30T06:24:38.877Z,gpu-3uwoq-6g3ya-2,ib_counter,rdma_vf_rail1,port_rcv_errors,0
2026-09-30T06:24:38.877Z,gpu-3uwoq-6g3ya-2,ib_counter,rdma_vf_rail1,port_xmit_discards,0
2026-09-30T06:24:38.877Z,gpu-3uwoq-6g3ya-2,ib_counter,rdma_vf_rail1,link_downed,0
2026-09-30T06:24:38.877Z,gpu-3uwoq-6g3ya-2,ib_hw_counter,rdma_vf_rail1,out_of_sequence,0
2026-09-30T06:24:38.877Z,gpu-3uwoq-6g3ya-2,ib_hw_counter,rdma_vf_rail1,packet_seq_err,0
2026-09-30T06:24:38.877Z,gpu-3uwoq-6g3ya-2,ib_hw_counter,rdma_vf_rail1,local_ack_timeout_err,0
2026-09-30T06:24:38.877Z,gpu-3uwoq-6g3ya-2,ib_hw_counter,rdma_vf_rail1,rx_write_requests,7.05505e+08
2026-09-30T06:24:38.877Z,gpu-3uwoq-6g3ya-2,ib_hw_counter,rdma_vf_rail1,rx_read_requests,1.06278e+07
2026-09-30T06:24:38.877Z,gpu-3uwoq-6g3ya-2,ib_hw_counter,rdma_vf_rail1,req_cqe_error,0
2026-09-30T06:24:38.877Z,gpu-3uwoq-6g3ya-2,ib_hw_counter,rdma_vf_rail1,resp_cqe_error,0
2026-09-30T06:24:38.877Z,gpu-3uwoq-6g3ya-2,ib_hw_counter,rdma_vf_rail1,implied_nak_seq_err,0
2026-09-30T06:24:38.877Z,gpu-3uwoq-6g3ya-2,ib_hw_counter,rdma_vf_rail1,duplicate_request,0
2026-09-30T06:24:38.877Z,gpu-3uwoq-6g3ya-2,ib_counter,rdma_vf_rail2,port_xmit_data,2.76211e+12
2026-09-30T06:24:38.877Z,gpu-3uwoq-6g3ya-2,ib_counter,rdma_vf_rail2,port_rcv_data,5.72087e+12
2026-09-30T06:24:38.877Z,gpu-3uwoq-6g3ya-2,ib_counter,rdma_vf_rail2,port_xmit_packets,9.42748e+08
2026-09-30T06:24:38.877Z,gpu-3uwoq-6g3ya-2,ib_counter,rdma_vf_rail2,port_rcv_packets,1.56156e+09
2026-09-30T06:24:38.877Z,gpu-3uwoq-6g3ya-2,ib_counter,rdma_vf_rail2,port_xmit_wait,0
2026-09-30T06:24:38.877Z,gpu-3uwoq-6g3ya-2,ib_counter,rdma_vf_rail2,port_rcv_errors,0
2026-09-30T06:24:38.877Z,gpu-3uwoq-6g3ya-2,ib_counter,rdma_vf_rail2,port_xmit_discards,0
2026-09-30T06:24:38.877Z,gpu-3uwoq-6g3ya-2,ib_counter,rdma_vf_rail2,link_downed,0
2026-09-30T06:24:38.877Z,gpu-3uwoq-6g3ya-2,ib_hw_counter,rdma_vf_rail2,out_of_sequence,0
2026-09-30T06:24:38.877Z,gpu-3uwoq-6g3ya-2,ib_hw_counter,rdma_vf_rail2,packet_seq_err,0
2026-09-30T06:24:38.877Z,gpu-3uwoq-6g3ya-2,ib_hw_counter,rdma_vf_rail2,local_ack_timeout_err,0
2026-09-30T06:24:38.877Z,gpu-3uwoq-6g3ya-2,ib_hw_counter,rdma_vf_rail2,rx_write_requests,7.05079e+08
2026-09-30T06:24:38.877Z,gpu-3uwoq-6g3ya-2,ib_hw_counter,rdma_vf_rail2,rx_read_requests,1.042e+07
2026-09-30T06:24:38.877Z,gpu-3uwoq-6g3ya-2,ib_hw_counter,rdma_vf_rail2,req_cqe_error,0
2026-09-30T06:24:38.877Z,gpu-3uwoq-6g3ya-2,ib_hw_counter,rdma_vf_rail2,resp_cqe_error,0
2026-09-30T06:24:38.877Z,gpu-3uwoq-6g3ya-2,ib_hw_counter,rdma_vf_rail2,implied_nak_seq_err,0
2026-09-30T06:24:38.877Z,gpu-3uwoq-6g3ya-2,ib_hw_counter,rdma_vf_rail2,duplicate_request,0
2026-09-30T06:24:38.877Z,gpu-3uwoq-6g3ya-2,ib_counter,rdma_vf_rail3,port_xmit_data,2.76198e+12
2026-09-30T06:24:38.877Z,gpu-3uwoq-6g3ya-2,ib_counter,rdma_vf_rail3,port_rcv_data,5.72148e+12
2026-09-30T06:24:38.877Z,gpu-3uwoq-6g3ya-2,ib_counter,rdma_vf_rail3,port_xmit_packets,9.41089e+08
2026-09-30T06:24:38.877Z,gpu-3uwoq-6g3ya-2,ib_counter,rdma_vf_rail3,port_rcv_packets,1.56898e+09
2026-09-30T06:24:38.877Z,gpu-3uwoq-6g3ya-2,ib_counter,rdma_vf_rail3,port_xmit_wait,0
2026-09-30T06:24:38.877Z,gpu-3uwoq-6g3ya-2,ib_counter,rdma_vf_rail3,port_rcv_errors,0
2026-09-30T06:24:38.877Z,gpu-3uwoq-6g3ya-2,ib_counter,rdma_vf_rail3,port_xmit_discards,0
2026-09-30T06:24:38.877Z,gpu-3uwoq-6g3ya-2,ib_counter,rdma_vf_rail3,link_downed,0
2026-09-30T06:24:38.877Z,gpu-3uwoq-6g3ya-2,ib_hw_counter,rdma_vf_rail3,out_of_sequence,0
2026-09-30T06:24:38.877Z,gpu-3uwoq-6g3ya-2,ib_hw_counter,rdma_vf_rail3,packet_seq_err,1
2026-09-30T06:24:38.877Z,gpu-3uwoq-6g3ya-2,ib_hw_counter,rdma_vf_rail3,local_ack_timeout_err,0
2026-09-30T06:24:38.877Z,gpu-3uwoq-6g3ya-2,ib_hw_counter,rdma_vf_rail3,rx_write_requests,7.05079e+08
2026-09-30T06:24:38.877Z,gpu-3uwoq-6g3ya-2,ib_hw_counter,rdma_vf_rail3,rx_read_requests,1.042e+07
2026-09-30T06:24:38.877Z,gpu-3uwoq-6g3ya-2,ib_hw_counter,rdma_vf_rail3,req_cqe_error,0
2026-09-30T06:24:38.877Z,gpu-3uwoq-6g3ya-2,ib_hw_counter,rdma_vf_rail3,resp_cqe_error,0
2026-09-30T06:24:38.877Z,gpu-3uwoq-6g3ya-2,ib_hw_counter,rdma_vf_rail3,implied_nak_seq_err,0
2026-09-30T06:24:38.877Z,gpu-3uwoq-6g3ya-2,ib_hw_counter,rdma_vf_rail3,duplicate_request,0
2026-09-30T06:24:38.877Z,gpu-3uwoq-6g3ya-2,dcgm,gpu2,gpu_util,0
2026-09-30T06:24:38.877Z,gpu-3uwoq-6g3ya-2,dcgm,gpu3,gpu_util,0
2026-09-30T06:24:38.877Z,gpu-3uwoq-6g3ya-2,dcgm,gpu1,gpu_util,0
2026-09-30T06:24:38.877Z,gpu-3uwoq-6g3ya-2,dcgm,gpu0,gpu_util,0
2026-09-30T06:24:38.877Z,gpu-3uwoq-6g3ya-2,dcgm,gpu2,nvlink_bandwidth_total,0
2026-09-30T06:24:38.877Z,gpu-3uwoq-6g3ya-2,dcgm,gpu3,nvlink_bandwidth_total,0
2026-09-30T06:24:38.877Z,gpu-3uwoq-6g3ya-2,dcgm,gpu1,nvlink_bandwidth_total,0
2026-09-30T06:24:38.877Z,gpu-3uwoq-6g3ya-2,dcgm,gpu0,nvlink_bandwidth_total,0
2026-09-30T06:24:38.877Z,gpu-3uwoq-6g3ya-2,dcgm,gpu2,power_w,231.177
2026-09-30T06:24:38.877Z,gpu-3uwoq-6g3ya-2,dcgm,gpu3,power_w,234.24
2026-09-30T06:24:38.877Z,gpu-3uwoq-6g3ya-2,dcgm,gpu1,power_w,229.904
2026-09-30T06:24:38.877Z,gpu-3uwoq-6g3ya-2,dcgm,gpu0,power_w,226.486
2026-09-30T06:24:38.877Z,gpu-3uwoq-6g3ya-2,dcgm,gpu2,sm_clock_mhz,2070
2026-09-30T06:24:38.877Z,gpu-3uwoq-6g3ya-2,dcgm,gpu3,sm_clock_mhz,2070
2026-09-30T06:24:38.877Z,gpu-3uwoq-6g3ya-2,dcgm,gpu1,sm_clock_mhz,2070
2026-09-30T06:24:38.877Z,gpu-3uwoq-6g3ya-2,dcgm,gpu0,sm_clock_mhz,2070
2026-09-30T06:24:38.877Z,gpu-3uwoq-6g3ya-2,dcgm,gpu2,dram_active,3e-06
2026-09-30T06:24:38.877Z,gpu-3uwoq-6g3ya-2,dcgm,gpu3,dram_active,3e-06
2026-09-30T06:24:38.877Z,gpu-3uwoq-6g3ya-2,dcgm,gpu1,dram_active,3e-06
2026-09-30T06:24:38.877Z,gpu-3uwoq-6g3ya-2,dcgm,gpu0,dram_active,3e-06
2026-09-30T06:24:38.877Z,gpu-3uwoq-6g3ya-2,dcgm,gpu2,pcie_rx_bytes,247651
2026-09-30T06:24:38.877Z,gpu-3uwoq-6g3ya-2,dcgm,gpu3,pcie_rx_bytes,234991
2026-09-30T06:24:38.877Z,gpu-3uwoq-6g3ya-2,dcgm,gpu1,pcie_rx_bytes,293204
2026-09-30T06:24:38.877Z,gpu-3uwoq-6g3ya-2,dcgm,gpu0,pcie_rx_bytes,297902
2026-09-30T06:24:38.877Z,gpu-3uwoq-6g3ya-2,dcgm,gpu2,pcie_tx_bytes,225131
2026-09-30T06:24:38.877Z,gpu-3uwoq-6g3ya-2,dcgm,gpu3,pcie_tx_bytes,212334
2026-09-30T06:24:38.877Z,gpu-3uwoq-6g3ya-2,dcgm,gpu1,pcie_tx_bytes,270834
2026-09-30T06:24:38.877Z,gpu-3uwoq-6g3ya-2,dcgm,gpu0,pcie_tx_bytes,275071
2026-09-30T06:24:38.877Z,gpu-3uwoq-6g3ya-2,dcgm,gpu2,tensor_active,0
2026-09-30T06:24:38.877Z,gpu-3uwoq-6g3ya-2,dcgm,gpu3,tensor_active,0
2026-09-30T06:24:38.877Z,gpu-3uwoq-6g3ya-2,dcgm,gpu1,tensor_active,0
2026-09-30T06:24:38.877Z,gpu-3uwoq-6g3ya-2,dcgm,gpu0,tensor_active,0
2026-09-30T06:24:38.877Z,gpu-3uwoq-6g3ya-2,dcgm,gpu2,sm_active,0
2026-09-30T06:24:38.877Z,gpu-3uwoq-6g3ya-2,dcgm,gpu3,sm_active,0
2026-09-30T06:24:38.877Z,gpu-3uwoq-6g3ya-2,dcgm,gpu1,sm_active,0
2026-09-30T06:24:38.877Z,gpu-3uwoq-6g3ya-2,dcgm,gpu0,sm_active,0
2026-09-30T06:24:38.877Z,gpu-3uwoq-6g3ya-2,nvlink,gpu0,nvlink_rx_bytes,4.68692e+13
2026-09-30T06:24:38.877Z,gpu-3uwoq-6g3ya-2,nvlink,gpu0,nvlink_tx_bytes,4.68696e+13
2026-09-30T06:24:38.877Z,gpu-3uwoq-6g3ya-2,nvlink,gpu1,nvlink_rx_bytes,4.70222e+13
2026-09-30T06:24:38.877Z,gpu-3uwoq-6g3ya-2,nvlink,gpu1,nvlink_tx_bytes,4.70228e+13
2026-09-30T06:24:38.877Z,gpu-3uwoq-6g3ya-2,nvlink,gpu2,nvlink_rx_bytes,4.68912e+13
2026-09-30T06:24:38.877Z,gpu-3uwoq-6g3ya-2,nvlink,gpu2,nvlink_tx_bytes,4.68913e+13
2026-09-30T06:24:38.877Z,gpu-3uwoq-6g3ya-2,nvlink,gpu3,nvlink_rx_bytes,4.68385e+13
2026-09-30T06:24:38.877Z,gpu-3uwoq-6g3ya-2,nvlink,gpu3,nvlink_tx_bytes,4.68389e+13
2026-09-30T06:24:39.877Z,gpu-3uwoq-6g3ya-2,ib_counter,rdma_vf_rail0,port_xmit_data,2.89798e+12
2026-09-30T06:24:39.877Z,gpu-3uwoq-6g3ya-2,ib_counter,rdma_vf_rail0,port_rcv_data,5.85735e+12
2026-09-30T06:24:39.877Z,gpu-3uwoq-6g3ya-2,ib_counter,rdma_vf_rail0,port_xmit_packets,9.93328e+08
2026-09-30T06:24:39.877Z,gpu-3uwoq-6g3ya-2,ib_counter,rdma_vf_rail0,port_rcv_packets,1.61823e+09
2026-09-30T06:24:39.877Z,gpu-3uwoq-6g3ya-2,ib_counter,rdma_vf_rail0,port_xmit_wait,0
2026-09-30T06:24:39.877Z,gpu-3uwoq-6g3ya-2,ib_counter,rdma_vf_rail0,port_rcv_errors,0
2026-09-30T06:24:39.877Z,gpu-3uwoq-6g3ya-2,ib_counter,rdma_vf_rail0,port_xmit_discards,0
2026-09-30T06:24:39.877Z,gpu-3uwoq-6g3ya-2,ib_counter,rdma_vf_rail0,link_downed,0
2026-09-30T06:24:39.877Z,gpu-3uwoq-6g3ya-2,ib_hw_counter,rdma_vf_rail0,out_of_sequence,0
2026-09-30T06:24:39.877Z,gpu-3uwoq-6g3ya-2,ib_hw_counter,rdma_vf_rail0,packet_seq_err,0
2026-09-30T06:24:39.877Z,gpu-3uwoq-6g3ya-2,ib_hw_counter,rdma_vf_rail0,local_ack_timeout_err,0
2026-09-30T06:24:39.877Z,gpu-3uwoq-6g3ya-2,ib_hw_counter,rdma_vf_rail0,rx_write_requests,7.07107e+08
2026-09-30T06:24:39.877Z,gpu-3uwoq-6g3ya-2,ib_hw_counter,rdma_vf_rail0,rx_read_requests,1.14299e+07
2026-09-30T06:24:39.877Z,gpu-3uwoq-6g3ya-2,ib_hw_counter,rdma_vf_rail0,req_cqe_error,0
2026-09-30T06:24:39.877Z,gpu-3uwoq-6g3ya-2,ib_hw_counter,rdma_vf_rail0,resp_cqe_error,0
2026-09-30T06:24:39.877Z,gpu-3uwoq-6g3ya-2,ib_hw_counter,rdma_vf_rail0,implied_nak_seq_err,0
2026-09-30T06:24:39.877Z,gpu-3uwoq-6g3ya-2,ib_hw_counter,rdma_vf_rail0,duplicate_request,0
2026-09-30T06:24:39.877Z,gpu-3uwoq-6g3ya-2,ib_counter,rdma_vf_rail1,port_xmit_data,2.78992e+12
2026-09-30T06:24:39.877Z,gpu-3uwoq-6g3ya-2,ib_counter,rdma_vf_rail1,port_rcv_data,5.74924e+12
2026-09-30T06:24:39.877Z,gpu-3uwoq-6g3ya-2,ib_counter,rdma_vf_rail1,port_xmit_packets,9.60667e+08
2026-09-30T06:24:39.877Z,gpu-3uwoq-6g3ya-2,ib_counter,rdma_vf_rail1,port_rcv_packets,1.58574e+09
2026-09-30T06:24:39.877Z,gpu-3uwoq-6g3ya-2,ib_counter,rdma_vf_rail1,port_xmit_wait,0
2026-09-30T06:24:39.877Z,gpu-3uwoq-6g3ya-2,ib_counter,rdma_vf_rail1,port_rcv_errors,0
2026-09-30T06:24:39.877Z,gpu-3uwoq-6g3ya-2,ib_counter,rdma_vf_rail1,port_xmit_discards,0
2026-09-30T06:24:39.877Z,gpu-3uwoq-6g3ya-2,ib_counter,rdma_vf_rail1,link_downed,0
2026-09-30T06:24:39.877Z,gpu-3uwoq-6g3ya-2,ib_hw_counter,rdma_vf_rail1,out_of_sequence,0
2026-09-30T06:24:39.877Z,gpu-3uwoq-6g3ya-2,ib_hw_counter,rdma_vf_rail1,packet_seq_err,0
2026-09-30T06:24:39.877Z,gpu-3uwoq-6g3ya-2,ib_hw_counter,rdma_vf_rail1,local_ack_timeout_err,0
2026-09-30T06:24:39.877Z,gpu-3uwoq-6g3ya-2,ib_hw_counter,rdma_vf_rail1,rx_write_requests,7.05508e+08
2026-09-30T06:24:39.877Z,gpu-3uwoq-6g3ya-2,ib_hw_counter,rdma_vf_rail1,rx_read_requests,1.06291e+07
2026-09-30T06:24:39.877Z,gpu-3uwoq-6g3ya-2,ib_hw_counter,rdma_vf_rail1,req_cqe_error,0
2026-09-30T06:24:39.877Z,gpu-3uwoq-6g3ya-2,ib_hw_counter,rdma_vf_rail1,resp_cqe_error,0
2026-09-30T06:24:39.877Z,gpu-3uwoq-6g3ya-2,ib_hw_counter,rdma_vf_rail1,implied_nak_seq_err,0
2026-09-30T06:24:39.877Z,gpu-3uwoq-6g3ya-2,ib_hw_counter,rdma_vf_rail1,duplicate_request,0
2026-09-30T06:24:39.877Z,gpu-3uwoq-6g3ya-2,ib_counter,rdma_vf_rail2,port_xmit_data,2.7622e+12
2026-09-30T06:24:39.877Z,gpu-3uwoq-6g3ya-2,ib_counter,rdma_vf_rail2,port_rcv_data,5.72096e+12
2026-09-30T06:24:39.877Z,gpu-3uwoq-6g3ya-2,ib_counter,rdma_vf_rail2,port_xmit_packets,9.42775e+08
2026-09-30T06:24:39.877Z,gpu-3uwoq-6g3ya-2,ib_counter,rdma_vf_rail2,port_rcv_packets,1.56159e+09
2026-09-30T06:24:39.877Z,gpu-3uwoq-6g3ya-2,ib_counter,rdma_vf_rail2,port_xmit_wait,0
2026-09-30T06:24:39.877Z,gpu-3uwoq-6g3ya-2,ib_counter,rdma_vf_rail2,port_rcv_errors,0
2026-09-30T06:24:39.877Z,gpu-3uwoq-6g3ya-2,ib_counter,rdma_vf_rail2,port_xmit_discards,0
2026-09-30T06:24:39.877Z,gpu-3uwoq-6g3ya-2,ib_counter,rdma_vf_rail2,link_downed,0
2026-09-30T06:24:39.877Z,gpu-3uwoq-6g3ya-2,ib_hw_counter,rdma_vf_rail2,out_of_sequence,0
2026-09-30T06:24:39.877Z,gpu-3uwoq-6g3ya-2,ib_hw_counter,rdma_vf_rail2,packet_seq_err,0
2026-09-30T06:24:39.877Z,gpu-3uwoq-6g3ya-2,ib_hw_counter,rdma_vf_rail2,local_ack_timeout_err,0
2026-09-30T06:24:39.877Z,gpu-3uwoq-6g3ya-2,ib_hw_counter,rdma_vf_rail2,rx_write_requests,7.05082e+08
2026-09-30T06:24:39.877Z,gpu-3uwoq-6g3ya-2,ib_hw_counter,rdma_vf_rail2,rx_read_requests,1.04212e+07
2026-09-30T06:24:39.877Z,gpu-3uwoq-6g3ya-2,ib_hw_counter,rdma_vf_rail2,req_cqe_error,0
2026-09-30T06:24:39.877Z,gpu-3uwoq-6g3ya-2,ib_hw_counter,rdma_vf_rail2,resp_cqe_error,0
2026-09-30T06:24:39.877Z,gpu-3uwoq-6g3ya-2,ib_hw_counter,rdma_vf_rail2,implied_nak_seq_err,0
2026-09-30T06:24:39.877Z,gpu-3uwoq-6g3ya-2,ib_hw_counter,rdma_vf_rail2,duplicate_request,0
2026-09-30T06:24:39.877Z,gpu-3uwoq-6g3ya-2,ib_counter,rdma_vf_rail3,port_xmit_data,2.76206e+12
2026-09-30T06:24:39.877Z,gpu-3uwoq-6g3ya-2,ib_counter,rdma_vf_rail3,port_rcv_data,5.72157e+12
2026-09-30T06:24:39.877Z,gpu-3uwoq-6g3ya-2,ib_counter,rdma_vf_rail3,port_xmit_packets,9.41117e+08
2026-09-30T06:24:39.877Z,gpu-3uwoq-6g3ya-2,ib_counter,rdma_vf_rail3,port_rcv_packets,1.56901e+09
2026-09-30T06:24:39.877Z,gpu-3uwoq-6g3ya-2,ib_counter,rdma_vf_rail3,port_xmit_wait,0
2026-09-30T06:24:39.877Z,gpu-3uwoq-6g3ya-2,ib_counter,rdma_vf_rail3,port_rcv_errors,0
2026-09-30T06:24:39.877Z,gpu-3uwoq-6g3ya-2,ib_counter,rdma_vf_rail3,port_xmit_discards,0
2026-09-30T06:24:39.877Z,gpu-3uwoq-6g3ya-2,ib_counter,rdma_vf_rail3,link_downed,0
2026-09-30T06:24:39.877Z,gpu-3uwoq-6g3ya-2,ib_hw_counter,rdma_vf_rail3,out_of_sequence,0
2026-09-30T06:24:39.877Z,gpu-3uwoq-6g3ya-2,ib_hw_counter,rdma_vf_rail3,packet_seq_err,1
2026-09-30T06:24:39.877Z,gpu-3uwoq-6g3ya-2,ib_hw_counter,rdma_vf_rail3,local_ack_timeout_err,0
2026-09-30T06:24:39.877Z,gpu-3uwoq-6g3ya-2,ib_hw_counter,rdma_vf_rail3,rx_write_requests,7.05082e+08
2026-09-30T06:24:39.877Z,gpu-3uwoq-6g3ya-2,ib_hw_counter,rdma_vf_rail3,rx_read_requests,1.04212e+07
2026-09-30T06:24:39.877Z,gpu-3uwoq-6g3ya-2,ib_hw_counter,rdma_vf_rail3,req_cqe_error,0
2026-09-30T06:24:39.877Z,gpu-3uwoq-6g3ya-2,ib_hw_counter,rdma_vf_rail3,resp_cqe_error,0
2026-09-30T06:24:39.877Z,gpu-3uwoq-6g3ya-2,ib_hw_counter,rdma_vf_rail3,implied_nak_seq_err,0
2026-09-30T06:24:39.877Z,gpu-3uwoq-6g3ya-2,ib_hw_counter,rdma_vf_rail3,duplicate_request,0
2026-09-30T06:24:39.877Z,gpu-3uwoq-6g3ya-2,dcgm,gpu2,gpu_util,0
2026-09-30T06:24:39.877Z,gpu-3uwoq-6g3ya-2,dcgm,gpu3,gpu_util,0
2026-09-30T06:24:39.877Z,gpu-3uwoq-6g3ya-2,dcgm,gpu1,gpu_util,0
2026-09-30T06:24:39.877Z,gpu-3uwoq-6g3ya-2,dcgm,gpu0,gpu_util,0
2026-09-30T06:24:39.877Z,gpu-3uwoq-6g3ya-2,dcgm,gpu2,nvlink_bandwidth_total,0
2026-09-30T06:24:39.877Z,gpu-3uwoq-6g3ya-2,dcgm,gpu3,nvlink_bandwidth_total,0
2026-09-30T06:24:39.877Z,gpu-3uwoq-6g3ya-2,dcgm,gpu1,nvlink_bandwidth_total,0
2026-09-30T06:24:39.877Z,gpu-3uwoq-6g3ya-2,dcgm,gpu0,nvlink_bandwidth_total,0
2026-09-30T06:24:39.877Z,gpu-3uwoq-6g3ya-2,dcgm,gpu2,power_w,231.177
2026-09-30T06:24:39.877Z,gpu-3uwoq-6g3ya-2,dcgm,gpu3,power_w,234.24
2026-09-30T06:24:39.877Z,gpu-3uwoq-6g3ya-2,dcgm,gpu1,power_w,229.904
2026-09-30T06:24:39.877Z,gpu-3uwoq-6g3ya-2,dcgm,gpu0,power_w,226.486
2026-09-30T06:24:39.877Z,gpu-3uwoq-6g3ya-2,dcgm,gpu2,sm_clock_mhz,2070
2026-09-30T06:24:39.877Z,gpu-3uwoq-6g3ya-2,dcgm,gpu3,sm_clock_mhz,2070
2026-09-30T06:24:39.877Z,gpu-3uwoq-6g3ya-2,dcgm,gpu1,sm_clock_mhz,2070
2026-09-30T06:24:39.877Z,gpu-3uwoq-6g3ya-2,dcgm,gpu0,sm_clock_mhz,2070
2026-09-30T06:24:39.877Z,gpu-3uwoq-6g3ya-2,dcgm,gpu2,dram_active,3e-06
2026-09-30T06:24:39.877Z,gpu-3uwoq-6g3ya-2,dcgm,gpu3,dram_active,3e-06
2026-09-30T06:24:39.877Z,gpu-3uwoq-6g3ya-2,dcgm,gpu1,dram_active,3e-06
2026-09-30T06:24:39.877Z,gpu-3uwoq-6g3ya-2,dcgm,gpu0,dram_active,3e-06
2026-09-30T06:24:39.877Z,gpu-3uwoq-6g3ya-2,dcgm,gpu2,pcie_rx_bytes,247651
2026-09-30T06:24:39.877Z,gpu-3uwoq-6g3ya-2,dcgm,gpu3,pcie_rx_bytes,234991
2026-09-30T06:24:39.877Z,gpu-3uwoq-6g3ya-2,dcgm,gpu1,pcie_rx_bytes,293204
2026-09-30T06:24:39.877Z,gpu-3uwoq-6g3ya-2,dcgm,gpu0,pcie_rx_bytes,297902
2026-09-30T06:24:39.877Z,gpu-3uwoq-6g3ya-2,dcgm,gpu2,pcie_tx_bytes,225131
2026-09-30T06:24:39.877Z,gpu-3uwoq-6g3ya-2,dcgm,gpu3,pcie_tx_bytes,212334
2026-09-30T06:24:39.877Z,gpu-3uwoq-6g3ya-2,dcgm,gpu1,pcie_tx_bytes,270834
2026-09-30T06:24:39.877Z,gpu-3uwoq-6g3ya-2,dcgm,gpu0,pcie_tx_bytes,275071
2026-09-30T06:24:39.877Z,gpu-3uwoq-6g3ya-2,dcgm,gpu2,tensor_active,0
2026-09-30T06:24:39.877Z,gpu-3uwoq-6g3ya-2,dcgm,gpu3,tensor_active,0
2026-09-30T06:24:39.877Z,gpu-3uwoq-6g3ya-2,dcgm,gpu1,tensor_active,0
2026-09-30T06:24:39.877Z,gpu-3uwoq-6g3ya-2,dcgm,gpu0,tensor_active,0
2026-09-30T06:24:39.877Z,gpu-3uwoq-6g3ya-2,dcgm,gpu2,sm_active,0
2026-09-30T06:24:39.877Z,gpu-3uwoq-6g3ya-2,dcgm,gpu3,sm_active,0
2026-09-30T06:24:39.877Z,gpu-3uwoq-6g3ya-2,dcgm,gpu1,sm_active,0
2026-09-30T06:24:39.877Z,gpu-3uwoq-6g3ya-2,dcgm,gpu0,sm_active,0
2026-09-30T06:24:39.877Z,gpu-3uwoq-6g3ya-2,nvlink,gpu0,nvlink_rx_bytes,4.68692e+13
2026-09-30T06:24:39.877Z,gpu-3uwoq-6g3ya-2,nvlink,gpu0,nvlink_tx_bytes,4.68696e+13
2026-09-30T06:24:39.877Z,gpu-3uwoq-6g3ya-2,nvlink,gpu1,nvlink_rx_bytes,4.70222e+13
2026-09-30T06:24:39.877Z,gpu-3uwoq-6g3ya-2,nvlink,gpu1,nvlink_tx_bytes,4.70228e+13
2026-09-30T06:24:39.877Z,gpu-3uwoq-6g3ya-2,nvlink,gpu2,nvlink_rx_bytes,4.68912e+13
2026-09-30T06:24:39.877Z,gpu-3uwoq-6g3ya-2,nvlink,gpu2,nvlink_tx_bytes,4.68913e+13
2026-09-30T06:24:39.877Z,gpu-3uwoq-6g3ya-2,nvlink,gpu3,nvlink_rx_bytes,4.68385e+13
2026-09-30T06:24:39.877Z,gpu-3uwoq-6g3ya-2,nvlink,gpu3,nvlink_tx_bytes,4.68389e+13
2026-09-30T06:24:40.877Z,gpu-3uwoq-6g3ya-2,ib_counter,rdma_vf_rail0,port_xmit_data,2.89841e+12
2026-09-30T06:24:40.877Z,gpu-3uwoq-6g3ya-2,ib_counter,rdma_vf_rail0,port_rcv_data,5.85778e+12
2026-09-30T06:24:40.877Z,gpu-3uwoq-6g3ya-2,ib_counter,rdma_vf_rail0,port_xmit_packets,9.93466e+08
2026-09-30T06:24:40.877Z,gpu-3uwoq-6g3ya-2,ib_counter,rdma_vf_rail0,port_rcv_packets,1.61838e+09
2026-09-30T06:24:40.877Z,gpu-3uwoq-6g3ya-2,ib_counter,rdma_vf_rail0,port_xmit_wait,0
2026-09-30T06:24:40.877Z,gpu-3uwoq-6g3ya-2,ib_counter,rdma_vf_rail0,port_rcv_errors,0
2026-09-30T06:24:40.877Z,gpu-3uwoq-6g3ya-2,ib_counter,rdma_vf_rail0,port_xmit_discards,0
2026-09-30T06:24:40.877Z,gpu-3uwoq-6g3ya-2,ib_counter,rdma_vf_rail0,link_downed,0
2026-09-30T06:24:40.877Z,gpu-3uwoq-6g3ya-2,ib_hw_counter,rdma_vf_rail0,out_of_sequence,0
2026-09-30T06:24:40.877Z,gpu-3uwoq-6g3ya-2,ib_hw_counter,rdma_vf_rail0,packet_seq_err,0
2026-09-30T06:24:40.877Z,gpu-3uwoq-6g3ya-2,ib_hw_counter,rdma_vf_rail0,local_ack_timeout_err,0
2026-09-30T06:24:40.877Z,gpu-3uwoq-6g3ya-2,ib_hw_counter,rdma_vf_rail0,rx_write_requests,7.0712e+08
2026-09-30T06:24:40.877Z,gpu-3uwoq-6g3ya-2,ib_hw_counter,rdma_vf_rail0,rx_read_requests,1.14363e+07
2026-09-30T06:24:40.877Z,gpu-3uwoq-6g3ya-2,ib_hw_counter,rdma_vf_rail0,req_cqe_error,0
2026-09-30T06:24:40.877Z,gpu-3uwoq-6g3ya-2,ib_hw_counter,rdma_vf_rail0,resp_cqe_error,0
2026-09-30T06:24:40.877Z,gpu-3uwoq-6g3ya-2,ib_hw_counter,rdma_vf_rail0,implied_nak_seq_err,0
2026-09-30T06:24:40.877Z,gpu-3uwoq-6g3ya-2,ib_hw_counter,rdma_vf_rail0,duplicate_request,0
2026-09-30T06:24:40.877Z,gpu-3uwoq-6g3ya-2,ib_counter,rdma_vf_rail1,port_xmit_data,2.79035e+12
2026-09-30T06:24:40.877Z,gpu-3uwoq-6g3ya-2,ib_counter,rdma_vf_rail1,port_rcv_data,5.74967e+12
2026-09-30T06:24:40.877Z,gpu-3uwoq-6g3ya-2,ib_counter,rdma_vf_rail1,port_xmit_packets,9.60804e+08
2026-09-30T06:24:40.877Z,gpu-3uwoq-6g3ya-2,ib_counter,rdma_vf_rail1,port_rcv_packets,1.5859e+09
2026-09-30T06:24:40.877Z,gpu-3uwoq-6g3ya-2,ib_counter,rdma_vf_rail1,port_xmit_wait,0
2026-09-30T06:24:40.877Z,gpu-3uwoq-6g3ya-2,ib_counter,rdma_vf_rail1,port_rcv_errors,0
2026-09-30T06:24:40.877Z,gpu-3uwoq-6g3ya-2,ib_counter,rdma_vf_rail1,port_xmit_discards,0
2026-09-30T06:24:40.877Z,gpu-3uwoq-6g3ya-2,ib_counter,rdma_vf_rail1,link_downed,0
2026-09-30T06:24:40.877Z,gpu-3uwoq-6g3ya-2,ib_hw_counter,rdma_vf_rail1,out_of_sequence,0
2026-09-30T06:24:40.877Z,gpu-3uwoq-6g3ya-2,ib_hw_counter,rdma_vf_rail1,packet_seq_err,0
2026-09-30T06:24:40.877Z,gpu-3uwoq-6g3ya-2,ib_hw_counter,rdma_vf_rail1,local_ack_timeout_err,0
2026-09-30T06:24:40.877Z,gpu-3uwoq-6g3ya-2,ib_hw_counter,rdma_vf_rail1,rx_write_requests,7.05521e+08
2026-09-30T06:24:40.877Z,gpu-3uwoq-6g3ya-2,ib_hw_counter,rdma_vf_rail1,rx_read_requests,1.06355e+07
2026-09-30T06:24:40.877Z,gpu-3uwoq-6g3ya-2,ib_hw_counter,rdma_vf_rail1,req_cqe_error,0
2026-09-30T06:24:40.877Z,gpu-3uwoq-6g3ya-2,ib_hw_counter,rdma_vf_rail1,resp_cqe_error,0
2026-09-30T06:24:40.877Z,gpu-3uwoq-6g3ya-2,ib_hw_counter,rdma_vf_rail1,implied_nak_seq_err,0
2026-09-30T06:24:40.877Z,gpu-3uwoq-6g3ya-2,ib_hw_counter,rdma_vf_rail1,duplicate_request,0
2026-09-30T06:24:40.877Z,gpu-3uwoq-6g3ya-2,ib_counter,rdma_vf_rail2,port_xmit_data,2.76263e+12
2026-09-30T06:24:40.877Z,gpu-3uwoq-6g3ya-2,ib_counter,rdma_vf_rail2,port_rcv_data,5.72139e+12
2026-09-30T06:24:40.877Z,gpu-3uwoq-6g3ya-2,ib_counter,rdma_vf_rail2,port_xmit_packets,9.42913e+08
2026-09-30T06:24:40.877Z,gpu-3uwoq-6g3ya-2,ib_counter,rdma_vf_rail2,port_rcv_packets,1.56175e+09
2026-09-30T06:24:40.877Z,gpu-3uwoq-6g3ya-2,ib_counter,rdma_vf_rail2,port_xmit_wait,0
2026-09-30T06:24:40.877Z,gpu-3uwoq-6g3ya-2,ib_counter,rdma_vf_rail2,port_rcv_errors,0
2026-09-30T06:24:40.877Z,gpu-3uwoq-6g3ya-2,ib_counter,rdma_vf_rail2,port_xmit_discards,0
2026-09-30T06:24:40.877Z,gpu-3uwoq-6g3ya-2,ib_counter,rdma_vf_rail2,link_downed,0
2026-09-30T06:24:40.877Z,gpu-3uwoq-6g3ya-2,ib_hw_counter,rdma_vf_rail2,out_of_sequence,0
2026-09-30T06:24:40.877Z,gpu-3uwoq-6g3ya-2,ib_hw_counter,rdma_vf_rail2,packet_seq_err,0
2026-09-30T06:24:40.877Z,gpu-3uwoq-6g3ya-2,ib_hw_counter,rdma_vf_rail2,local_ack_timeout_err,0
2026-09-30T06:24:40.877Z,gpu-3uwoq-6g3ya-2,ib_hw_counter,rdma_vf_rail2,rx_write_requests,7.05095e+08
2026-09-30T06:24:40.877Z,gpu-3uwoq-6g3ya-2,ib_hw_counter,rdma_vf_rail2,rx_read_requests,1.04276e+07
2026-09-30T06:24:40.877Z,gpu-3uwoq-6g3ya-2,ib_hw_counter,rdma_vf_rail2,req_cqe_error,0
2026-09-30T06:24:40.877Z,gpu-3uwoq-6g3ya-2,ib_hw_counter,rdma_vf_rail2,resp_cqe_error,0
2026-09-30T06:24:40.877Z,gpu-3uwoq-6g3ya-2,ib_hw_counter,rdma_vf_rail2,implied_nak_seq_err,0
2026-09-30T06:24:40.877Z,gpu-3uwoq-6g3ya-2,ib_hw_counter,rdma_vf_rail2,duplicate_request,0
2026-09-30T06:24:40.877Z,gpu-3uwoq-6g3ya-2,ib_counter,rdma_vf_rail3,port_xmit_data,2.76249e+12
2026-09-30T06:24:40.877Z,gpu-3uwoq-6g3ya-2,ib_counter,rdma_vf_rail3,port_rcv_data,5.722e+12
2026-09-30T06:24:40.877Z,gpu-3uwoq-6g3ya-2,ib_counter,rdma_vf_rail3,port_xmit_packets,9.41254e+08
2026-09-30T06:24:40.877Z,gpu-3uwoq-6g3ya-2,ib_counter,rdma_vf_rail3,port_rcv_packets,1.56917e+09
2026-09-30T06:24:40.877Z,gpu-3uwoq-6g3ya-2,ib_counter,rdma_vf_rail3,port_xmit_wait,0
2026-09-30T06:24:40.877Z,gpu-3uwoq-6g3ya-2,ib_counter,rdma_vf_rail3,port_rcv_errors,0
2026-09-30T06:24:40.877Z,gpu-3uwoq-6g3ya-2,ib_counter,rdma_vf_rail3,port_xmit_discards,0
2026-09-30T06:24:40.877Z,gpu-3uwoq-6g3ya-2,ib_counter,rdma_vf_rail3,link_downed,0
2026-09-30T06:24:40.877Z,gpu-3uwoq-6g3ya-2,ib_hw_counter,rdma_vf_rail3,out_of_sequence,0
2026-09-30T06:24:40.877Z,gpu-3uwoq-6g3ya-2,ib_hw_counter,rdma_vf_rail3,packet_seq_err,1
2026-09-30T06:24:40.877Z,gpu-3uwoq-6g3ya-2,ib_hw_counter,rdma_vf_rail3,local_ack_timeout_err,0
2026-09-30T06:24:40.877Z,gpu-3uwoq-6g3ya-2,ib_hw_counter,rdma_vf_rail3,rx_write_requests,7.05095e+08
2026-09-30T06:24:40.877Z,gpu-3uwoq-6g3ya-2,ib_hw_counter,rdma_vf_rail3,rx_read_requests,1.04276e+07
2026-09-30T06:24:40.877Z,gpu-3uwoq-6g3ya-2,ib_hw_counter,rdma_vf_rail3,req_cqe_error,0
2026-09-30T06:24:40.877Z,gpu-3uwoq-6g3ya-2,ib_hw_counter,rdma_vf_rail3,resp_cqe_error,0
2026-09-30T06:24:40.877Z,gpu-3uwoq-6g3ya-2,ib_hw_counter,rdma_vf_rail3,implied_nak_seq_err,0
2026-09-30T06:24:40.877Z,gpu-3uwoq-6g3ya-2,ib_hw_counter,rdma_vf_rail3,duplicate_request,0
2026-09-30T06:24:40.877Z,gpu-3uwoq-6g3ya-2,dcgm,gpu2,gpu_util,0
2026-09-30T06:24:40.877Z,gpu-3uwoq-6g3ya-2,dcgm,gpu3,gpu_util,0
2026-09-30T06:24:40.877Z,gpu-3uwoq-6g3ya-2,dcgm,gpu1,gpu_util,0
2026-09-30T06:24:40.877Z,gpu-3uwoq-6g3ya-2,dcgm,gpu0,gpu_util,0
2026-09-30T06:24:40.877Z,gpu-3uwoq-6g3ya-2,dcgm,gpu2,nvlink_bandwidth_total,0
2026-09-30T06:24:40.877Z,gpu-3uwoq-6g3ya-2,dcgm,gpu3,nvlink_bandwidth_total,0
2026-09-30T06:24:40.877Z,gpu-3uwoq-6g3ya-2,dcgm,gpu1,nvlink_bandwidth_total,0
2026-09-30T06:24:40.877Z,gpu-3uwoq-6g3ya-2,dcgm,gpu0,nvlink_bandwidth_total,0
2026-09-30T06:24:40.877Z,gpu-3uwoq-6g3ya-2,dcgm,gpu2,power_w,231.177
2026-09-30T06:24:40.877Z,gpu-3uwoq-6g3ya-2,dcgm,gpu3,power_w,234.24
2026-09-30T06:24:40.877Z,gpu-3uwoq-6g3ya-2,dcgm,gpu1,power_w,229.904
2026-09-30T06:24:40.877Z,gpu-3uwoq-6g3ya-2,dcgm,gpu0,power_w,226.486
2026-09-30T06:24:40.877Z,gpu-3uwoq-6g3ya-2,dcgm,gpu2,sm_clock_mhz,2070
2026-09-30T06:24:40.877Z,gpu-3uwoq-6g3ya-2,dcgm,gpu3,sm_clock_mhz,2070
2026-09-30T06:24:40.877Z,gpu-3uwoq-6g3ya-2,dcgm,gpu1,sm_clock_mhz,2070
2026-09-30T06:24:40.877Z,gpu-3uwoq-6g3ya-2,dcgm,gpu0,sm_clock_mhz,2070
2026-09-30T06:24:40.877Z,gpu-3uwoq-6g3ya-2,dcgm,gpu2,dram_active,3e-06
2026-09-30T06:24:40.877Z,gpu-3uwoq-6g3ya-2,dcgm,gpu3,dram_active,3e-06
2026-09-30T06:24:40.877Z,gpu-3uwoq-6g3ya-2,dcgm,gpu1,dram_active,3e-06
2026-09-30T06:24:40.877Z,gpu-3uwoq-6g3ya-2,dcgm,gpu0,dram_active,3e-06
2026-09-30T06:24:40.877Z,gpu-3uwoq-6g3ya-2,dcgm,gpu2,pcie_rx_bytes,247651
2026-09-30T06:24:40.877Z,gpu-3uwoq-6g3ya-2,dcgm,gpu3,pcie_rx_bytes,234991
2026-09-30T06:24:40.877Z,gpu-3uwoq-6g3ya-2,dcgm,gpu1,pcie_rx_bytes,293204
2026-09-30T06:24:40.877Z,gpu-3uwoq-6g3ya-2,dcgm,gpu0,pcie_rx_bytes,297902
2026-09-30T06:24:40.877Z,gpu-3uwoq-6g3ya-2,dcgm,gpu2,pcie_tx_bytes,225131
2026-09-30T06:24:40.877Z,gpu-3uwoq-6g3ya-2,dcgm,gpu3,pcie_tx_bytes,212334
2026-09-30T06:24:40.877Z,gpu-3uwoq-6g3ya-2,dcgm,gpu1,pcie_tx_bytes,270834
2026-09-30T06:24:40.877Z,gpu-3uwoq-6g3ya-2,dcgm,gpu0,pcie_tx_bytes,275071
2026-09-30T06:24:40.877Z,gpu-3uwoq-6g3ya-2,dcgm,gpu2,tensor_active,0
2026-09-30T06:24:40.877Z,gpu-3uwoq-6g3ya-2,dcgm,gpu3,tensor_active,0
2026-09-30T06:24:40.877Z,gpu-3uwoq-6g3ya-2,dcgm,gpu1,tensor_active,0
2026-09-30T06:24:40.877Z,gpu-3uwoq-6g3ya-2,dcgm,gpu0,tensor_active,0
2026-09-30T06:24:40.877Z,gpu-3uwoq-6g3ya-2,dcgm,gpu2,sm_active,0
2026-09-30T06:24:40.877Z,gpu-3uwoq-6g3ya-2,dcgm,gpu3,sm_active,0
2026-09-30T06:24:40.877Z,gpu-3uwoq-6g3ya-2,dcgm,gpu1,sm_active,0
2026-09-30T06:24:40.877Z,gpu-3uwoq-6g3ya-2,dcgm,gpu0,sm_active,0
2026-09-30T06:24:40.877Z,gpu-3uwoq-6g3ya-2,nvlink,gpu0,nvlink_rx_bytes,4.68692e+13
2026-09-30T06:24:40.877Z,gpu-3uwoq-6g3ya-2,nvlink,gpu0,nvlink_tx_bytes,4.68696e+13
2026-09-30T06:24:40.877Z,gpu-3uwoq-6g3ya-2,nvlink,gpu1,nvlink_rx_bytes,4.70222e+13
2026-09-30T06:24:40.877Z,gpu-3uwoq-6g3ya-2,nvlink,gpu1,nvlink_tx_bytes,4.70228e+13
2026-09-30T06:24:40.877Z,gpu-3uwoq-6g3ya-2,nvlink,gpu2,nvlink_rx_bytes,4.68912e+13
2026-09-30T06:24:40.877Z,gpu-3uwoq-6g3ya-2,nvlink,gpu2,nvlink_tx_bytes,4.68913e+13
2026-09-30T06:24:40.877Z,gpu-3uwoq-6g3ya-2,nvlink,gpu3,nvlink_rx_bytes,4.68385e+13
2026-09-30T06:24:40.877Z,gpu-3uwoq-6g3ya-2,nvlink,gpu3,nvlink_tx_bytes,4.68389e+13
2026-09-30T06:24:41.877Z,gpu-3uwoq-6g3ya-2,ib_counter,rdma_vf_rail0,port_xmit_data,2.89841e+12
2026-09-30T06:24:41.877Z,gpu-3uwoq-6g3ya-2,ib_counter,rdma_vf_rail0,port_rcv_data,5.85778e+12
2026-09-30T06:24:41.877Z,gpu-3uwoq-6g3ya-2,ib_counter,rdma_vf_rail0,port_xmit_packets,9.93466e+08
2026-09-30T06:24:41.877Z,gpu-3uwoq-6g3ya-2,ib_counter,rdma_vf_rail0,port_rcv_packets,1.61838e+09
2026-09-30T06:24:41.877Z,gpu-3uwoq-6g3ya-2,ib_counter,rdma_vf_rail0,port_xmit_wait,0
2026-09-30T06:24:41.877Z,gpu-3uwoq-6g3ya-2,ib_counter,rdma_vf_rail0,port_rcv_errors,0
2026-09-30T06:24:41.877Z,gpu-3uwoq-6g3ya-2,ib_counter,rdma_vf_rail0,port_xmit_discards,0
2026-09-30T06:24:41.877Z,gpu-3uwoq-6g3ya-2,ib_counter,rdma_vf_rail0,link_downed,0
2026-09-30T06:24:41.877Z,gpu-3uwoq-6g3ya-2,ib_hw_counter,rdma_vf_rail0,out_of_sequence,0
2026-09-30T06:24:41.877Z,gpu-3uwoq-6g3ya-2,ib_hw_counter,rdma_vf_rail0,packet_seq_err,0
2026-09-30T06:24:41.877Z,gpu-3uwoq-6g3ya-2,ib_hw_counter,rdma_vf_rail0,local_ack_timeout_err,0
2026-09-30T06:24:41.877Z,gpu-3uwoq-6g3ya-2,ib_hw_counter,rdma_vf_rail0,rx_write_requests,7.0712e+08
2026-09-30T06:24:41.877Z,gpu-3uwoq-6g3ya-2,ib_hw_counter,rdma_vf_rail0,rx_read_requests,1.14363e+07
2026-09-30T06:24:41.877Z,gpu-3uwoq-6g3ya-2,ib_hw_counter,rdma_vf_rail0,req_cqe_error,0
2026-09-30T06:24:41.877Z,gpu-3uwoq-6g3ya-2,ib_hw_counter,rdma_vf_rail0,resp_cqe_error,0
2026-09-30T06:24:41.877Z,gpu-3uwoq-6g3ya-2,ib_hw_counter,rdma_vf_rail0,implied_nak_seq_err,0
2026-09-30T06:24:41.877Z,gpu-3uwoq-6g3ya-2,ib_hw_counter,rdma_vf_rail0,duplicate_request,0
2026-09-30T06:24:41.877Z,gpu-3uwoq-6g3ya-2,ib_counter,rdma_vf_rail1,port_xmit_data,2.79035e+12
2026-09-30T06:24:41.877Z,gpu-3uwoq-6g3ya-2,ib_counter,rdma_vf_rail1,port_rcv_data,5.74967e+12
2026-09-30T06:24:41.877Z,gpu-3uwoq-6g3ya-2,ib_counter,rdma_vf_rail1,port_xmit_packets,9.60804e+08
2026-09-30T06:24:41.877Z,gpu-3uwoq-6g3ya-2,ib_counter,rdma_vf_rail1,port_rcv_packets,1.5859e+09
2026-09-30T06:24:41.877Z,gpu-3uwoq-6g3ya-2,ib_counter,rdma_vf_rail1,port_xmit_wait,0
2026-09-30T06:24:41.877Z,gpu-3uwoq-6g3ya-2,ib_counter,rdma_vf_rail1,port_rcv_errors,0
2026-09-30T06:24:41.877Z,gpu-3uwoq-6g3ya-2,ib_counter,rdma_vf_rail1,port_xmit_discards,0
2026-09-30T06:24:41.877Z,gpu-3uwoq-6g3ya-2,ib_counter,rdma_vf_rail1,link_downed,0
2026-09-30T06:24:41.877Z,gpu-3uwoq-6g3ya-2,ib_hw_counter,rdma_vf_rail1,out_of_sequence,0
2026-09-30T06:24:41.877Z,gpu-3uwoq-6g3ya-2,ib_hw_counter,rdma_vf_rail1,packet_seq_err,0
2026-09-30T06:24:41.877Z,gpu-3uwoq-6g3ya-2,ib_hw_counter,rdma_vf_rail1,local_ack_timeout_err,0
2026-09-30T06:24:41.877Z,gpu-3uwoq-6g3ya-2,ib_hw_counter,rdma_vf_rail1,rx_write_requests,7.05521e+08
2026-09-30T06:24:41.877Z,gpu-3uwoq-6g3ya-2,ib_hw_counter,rdma_vf_rail1,rx_read_requests,1.06355e+07
2026-09-30T06:24:41.877Z,gpu-3uwoq-6g3ya-2,ib_hw_counter,rdma_vf_rail1,req_cqe_error,0
2026-09-30T06:24:41.877Z,gpu-3uwoq-6g3ya-2,ib_hw_counter,rdma_vf_rail1,resp_cqe_error,0
2026-09-30T06:24:41.877Z,gpu-3uwoq-6g3ya-2,ib_hw_counter,rdma_vf_rail1,implied_nak_seq_err,0
2026-09-30T06:24:41.877Z,gpu-3uwoq-6g3ya-2,ib_hw_counter,rdma_vf_rail1,duplicate_request,0
2026-09-30T06:24:41.877Z,gpu-3uwoq-6g3ya-2,ib_counter,rdma_vf_rail2,port_xmit_data,2.76263e+12
2026-09-30T06:24:41.877Z,gpu-3uwoq-6g3ya-2,ib_counter,rdma_vf_rail2,port_rcv_data,5.72139e+12
2026-09-30T06:24:41.877Z,gpu-3uwoq-6g3ya-2,ib_counter,rdma_vf_rail2,port_xmit_packets,9.42913e+08
2026-09-30T06:24:41.877Z,gpu-3uwoq-6g3ya-2,ib_counter,rdma_vf_rail2,port_rcv_packets,1.56175e+09
2026-09-30T06:24:41.877Z,gpu-3uwoq-6g3ya-2,ib_counter,rdma_vf_rail2,port_xmit_wait,0
2026-09-30T06:24:41.877Z,gpu-3uwoq-6g3ya-2,ib_counter,rdma_vf_rail2,port_rcv_errors,0
2026-09-30T06:24:41.877Z,gpu-3uwoq-6g3ya-2,ib_counter,rdma_vf_rail2,port_xmit_discards,0
2026-09-30T06:24:41.877Z,gpu-3uwoq-6g3ya-2,ib_counter,rdma_vf_rail2,link_downed,0
2026-09-30T06:24:41.877Z,gpu-3uwoq-6g3ya-2,ib_hw_counter,rdma_vf_rail2,out_of_sequence,0
2026-09-30T06:24:41.877Z,gpu-3uwoq-6g3ya-2,ib_hw_counter,rdma_vf_rail2,packet_seq_err,0
2026-09-30T06:24:41.877Z,gpu-3uwoq-6g3ya-2,ib_hw_counter,rdma_vf_rail2,local_ack_timeout_err,0
2026-09-30T06:24:41.877Z,gpu-3uwoq-6g3ya-2,ib_hw_counter,rdma_vf_rail2,rx_write_requests,7.05095e+08
2026-09-30T06:24:41.877Z,gpu-3uwoq-6g3ya-2,ib_hw_counter,rdma_vf_rail2,rx_read_requests,1.04276e+07
2026-09-30T06:24:41.877Z,gpu-3uwoq-6g3ya-2,ib_hw_counter,rdma_vf_rail2,req_cqe_error,0
2026-09-30T06:24:41.877Z,gpu-3uwoq-6g3ya-2,ib_hw_counter,rdma_vf_rail2,resp_cqe_error,0
2026-09-30T06:24:41.877Z,gpu-3uwoq-6g3ya-2,ib_hw_counter,rdma_vf_rail2,implied_nak_seq_err,0
2026-09-30T06:24:41.877Z,gpu-3uwoq-6g3ya-2,ib_hw_counter,rdma_vf_rail2,duplicate_request,0
2026-09-30T06:24:41.877Z,gpu-3uwoq-6g3ya-2,ib_counter,rdma_vf_rail3,port_xmit_data,2.76249e+12
2026-09-30T06:24:41.877Z,gpu-3uwoq-6g3ya-2,ib_counter,rdma_vf_rail3,port_rcv_data,5.722e+12
2026-09-30T06:24:41.877Z,gpu-3uwoq-6g3ya-2,ib_counter,rdma_vf_rail3,port_xmit_packets,9.41254e+08
2026-09-30T06:24:41.877Z,gpu-3uwoq-6g3ya-2,ib_counter,rdma_vf_rail3,port_rcv_packets,1.56917e+09
2026-09-30T06:24:41.877Z,gpu-3uwoq-6g3ya-2,ib_counter,rdma_vf_rail3,port_xmit_wait,0
2026-09-30T06:24:41.877Z,gpu-3uwoq-6g3ya-2,ib_counter,rdma_vf_rail3,port_rcv_errors,0
2026-09-30T06:24:41.877Z,gpu-3uwoq-6g3ya-2,ib_counter,rdma_vf_rail3,port_xmit_discards,0
2026-09-30T06:24:41.877Z,gpu-3uwoq-6g3ya-2,ib_counter,rdma_vf_rail3,link_downed,0
2026-09-30T06:24:41.877Z,gpu-3uwoq-6g3ya-2,ib_hw_counter,rdma_vf_rail3,out_of_sequence,0
2026-09-30T06:24:41.877Z,gpu-3uwoq-6g3ya-2,ib_hw_counter,rdma_vf_rail3,packet_seq_err,1
2026-09-30T06:24:41.877Z,gpu-3uwoq-6g3ya-2,ib_hw_counter,rdma_vf_rail3,local_ack_timeout_err,0
2026-09-30T06:24:41.877Z,gpu-3uwoq-6g3ya-2,ib_hw_counter,rdma_vf_rail3,rx_write_requests,7.05095e+08
2026-09-30T06:24:41.877Z,gpu-3uwoq-6g3ya-2,ib_hw_counter,rdma_vf_rail3,rx_read_requests,1.04276e+07
2026-09-30T06:24:41.877Z,gpu-3uwoq-6g3ya-2,ib_hw_counter,rdma_vf_rail3,req_cqe_error,0
2026-09-30T06:24:41.877Z,gpu-3uwoq-6g3ya-2,ib_hw_counter,rdma_vf_rail3,resp_cqe_error,0
2026-09-30T06:24:41.877Z,gpu-3uwoq-6g3ya-2,ib_hw_counter,rdma_vf_rail3,implied_nak_seq_err,0
2026-09-30T06:24:41.877Z,gpu-3uwoq-6g3ya-2,ib_hw_counter,rdma_vf_rail3,duplicate_request,0
2026-09-30T06:24:41.877Z,gpu-3uwoq-6g3ya-2,dcgm,gpu2,gpu_util,0
2026-09-30T06:24:41.877Z,gpu-3uwoq-6g3ya-2,dcgm,gpu3,gpu_util,0
2026-09-30T06:24:41.877Z,gpu-3uwoq-6g3ya-2,dcgm,gpu1,gpu_util,0
2026-09-30T06:24:41.877Z,gpu-3uwoq-6g3ya-2,dcgm,gpu0,gpu_util,0
2026-09-30T06:24:41.877Z,gpu-3uwoq-6g3ya-2,dcgm,gpu2,nvlink_bandwidth_total,0
2026-09-30T06:24:41.877Z,gpu-3uwoq-6g3ya-2,dcgm,gpu3,nvlink_bandwidth_total,0
2026-09-30T06:24:41.877Z,gpu-3uwoq-6g3ya-2,dcgm,gpu1,nvlink_bandwidth_total,0
2026-09-30T06:24:41.877Z,gpu-3uwoq-6g3ya-2,dcgm,gpu0,nvlink_bandwidth_total,0
2026-09-30T06:24:41.877Z,gpu-3uwoq-6g3ya-2,dcgm,gpu2,power_w,231.177
2026-09-30T06:24:41.877Z,gpu-3uwoq-6g3ya-2,dcgm,gpu3,power_w,234.24
2026-09-30T06:24:41.877Z,gpu-3uwoq-6g3ya-2,dcgm,gpu1,power_w,229.904
2026-09-30T06:24:41.877Z,gpu-3uwoq-6g3ya-2,dcgm,gpu0,power_w,226.486
2026-09-30T06:24:41.877Z,gpu-3uwoq-6g3ya-2,dcgm,gpu2,sm_clock_mhz,2070
2026-09-30T06:24:41.877Z,gpu-3uwoq-6g3ya-2,dcgm,gpu3,sm_clock_mhz,2070
2026-09-30T06:24:41.877Z,gpu-3uwoq-6g3ya-2,dcgm,gpu1,sm_clock_mhz,2070
2026-09-30T06:24:41.877Z,gpu-3uwoq-6g3ya-2,dcgm,gpu0,sm_clock_mhz,2070
2026-09-30T06:24:41.877Z,gpu-3uwoq-6g3ya-2,dcgm,gpu2,dram_active,3e-06
2026-09-30T06:24:41.877Z,gpu-3uwoq-6g3ya-2,dcgm,gpu3,dram_active,3e-06
2026-09-30T06:24:41.877Z,gpu-3uwoq-6g3ya-2,dcgm,gpu1,dram_active,3e-06
2026-09-30T06:24:41.877Z,gpu-3uwoq-6g3ya-2,dcgm,gpu0,dram_active,3e-06
2026-09-30T06:24:41.877Z,gpu-3uwoq-6g3ya-2,dcgm,gpu2,pcie_rx_bytes,247651
2026-09-30T06:24:41.877Z,gpu-3uwoq-6g3ya-2,dcgm,gpu3,pcie_rx_bytes,234991
2026-09-30T06:24:41.877Z,gpu-3uwoq-6g3ya-2,dcgm,gpu1,pcie_rx_bytes,293204
2026-09-30T06:24:41.877Z,gpu-3uwoq-6g3ya-2,dcgm,gpu0,pcie_rx_bytes,297902
2026-09-30T06:24:41.877Z,gpu-3uwoq-6g3ya-2,dcgm,gpu2,pcie_tx_bytes,225131
2026-09-30T06:24:41.877Z,gpu-3uwoq-6g3ya-2,dcgm,gpu3,pcie_tx_bytes,212334
2026-09-30T06:24:41.877Z,gpu-3uwoq-6g3ya-2,dcgm,gpu1,pcie_tx_bytes,270834
2026-09-30T06:24:41.877Z,gpu-3uwoq-6g3ya-2,dcgm,gpu0,pcie_tx_bytes,275071
2026-09-30T06:24:41.877Z,gpu-3uwoq-6g3ya-2,dcgm,gpu2,tensor_active,0
2026-09-30T06:24:41.877Z,gpu-3uwoq-6g3ya-2,dcgm,gpu3,tensor_active,0
2026-09-30T06:24:41.877Z,gpu-3uwoq-6g3ya-2,dcgm,gpu1,tensor_active,0
2026-09-30T06:24:41.877Z,gpu-3uwoq-6g3ya-2,dcgm,gpu0,tensor_active,0
2026-09-30T06:24:41.877Z,gpu-3uwoq-6g3ya-2,dcgm,gpu2,sm_active,0
2026-09-30T06:24:41.877Z,gpu-3uwoq-6g3ya-2,dcgm,gpu3,sm_active,0
2026-09-30T06:24:41.877Z,gpu-3uwoq-6g3ya-2,dcgm,gpu1,sm_active,0
2026-09-30T06:24:41.877Z,gpu-3uwoq-6g3ya-2,dcgm,gpu0,sm_active,0
2026-09-30T06:24:41.877Z,gpu-3uwoq-6g3ya-2,nvlink,gpu0,nvlink_rx_bytes,4.68692e+13
2026-09-30T06:24:41.877Z,gpu-3uwoq-6g3ya-2,nvlink,gpu0,nvlink_tx_bytes,4.68696e+13
2026-09-30T06:24:41.877Z,gpu-3uwoq-6g3ya-2,nvlink,gpu1,nvlink_rx_bytes,4.70222e+13
2026-09-30T06:24:41.877Z,gpu-3uwoq-6g3ya-2,nvlink,gpu1,nvlink_tx_bytes,4.70228e+13
2026-09-30T06:24:41.877Z,gpu-3uwoq-6g3ya-2,nvlink,gpu2,nvlink_rx_bytes,4.68912e+13
2026-09-30T06:24:41.877Z,gpu-3uwoq-6g3ya-2,nvlink,gpu2,nvlink_tx_bytes,4.68913e+13
2026-09-30T06:24:41.877Z,gpu-3uwoq-6g3ya-2,nvlink,gpu3,nvlink_rx_bytes,4.68385e+13
2026-09-30T06:24:41.877Z,gpu-3uwoq-6g3ya-2,nvlink,gpu3,nvlink_tx_bytes,4.68389e+13
2026-09-30T06:24:42.877Z,gpu-3uwoq-6g3ya-2,ib_counter,rdma_vf_rail0,port_xmit_data,2.91133e+12
2026-09-30T06:24:42.877Z,gpu-3uwoq-6g3ya-2,ib_counter,rdma_vf_rail0,port_rcv_data,5.87073e+12
2026-09-30T06:24:42.877Z,gpu-3uwoq-6g3ya-2,ib_counter,rdma_vf_rail0,port_xmit_packets,9.97029e+08
2026-09-30T06:24:42.877Z,gpu-3uwoq-6g3ya-2,ib_counter,rdma_vf_rail0,port_rcv_packets,1.62223e+09
2026-09-30T06:24:42.877Z,gpu-3uwoq-6g3ya-2,ib_counter,rdma_vf_rail0,port_xmit_wait,0
2026-09-30T06:24:42.877Z,gpu-3uwoq-6g3ya-2,ib_counter,rdma_vf_rail0,port_rcv_errors,0
2026-09-30T06:24:42.877Z,gpu-3uwoq-6g3ya-2,ib_counter,rdma_vf_rail0,port_xmit_discards,0
2026-09-30T06:24:42.877Z,gpu-3uwoq-6g3ya-2,ib_counter,rdma_vf_rail0,link_downed,0
2026-09-30T06:24:42.877Z,gpu-3uwoq-6g3ya-2,ib_hw_counter,rdma_vf_rail0,out_of_sequence,0
2026-09-30T06:24:42.877Z,gpu-3uwoq-6g3ya-2,ib_hw_counter,rdma_vf_rail0,packet_seq_err,0
2026-09-30T06:24:42.877Z,gpu-3uwoq-6g3ya-2,ib_hw_counter,rdma_vf_rail0,local_ack_timeout_err,0
2026-09-30T06:24:42.877Z,gpu-3uwoq-6g3ya-2,ib_hw_counter,rdma_vf_rail0,rx_write_requests,7.07312e+08
2026-09-30T06:24:42.877Z,gpu-3uwoq-6g3ya-2,ib_hw_counter,rdma_vf_rail0,rx_read_requests,1.15325e+07
2026-09-30T06:24:42.877Z,gpu-3uwoq-6g3ya-2,ib_hw_counter,rdma_vf_rail0,req_cqe_error,0
2026-09-30T06:24:42.877Z,gpu-3uwoq-6g3ya-2,ib_hw_counter,rdma_vf_rail0,resp_cqe_error,0
2026-09-30T06:24:42.877Z,gpu-3uwoq-6g3ya-2,ib_hw_counter,rdma_vf_rail0,implied_nak_seq_err,0
2026-09-30T06:24:42.877Z,gpu-3uwoq-6g3ya-2,ib_hw_counter,rdma_vf_rail0,duplicate_request,0
2026-09-30T06:24:42.877Z,gpu-3uwoq-6g3ya-2,ib_counter,rdma_vf_rail1,port_xmit_data,2.80326e+12
2026-09-30T06:24:42.877Z,gpu-3uwoq-6g3ya-2,ib_counter,rdma_vf_rail1,port_rcv_data,5.76262e+12
2026-09-30T06:24:42.877Z,gpu-3uwoq-6g3ya-2,ib_counter,rdma_vf_rail1,port_xmit_packets,9.64359e+08
2026-09-30T06:24:42.877Z,gpu-3uwoq-6g3ya-2,ib_counter,rdma_vf_rail1,port_rcv_packets,1.58974e+09
2026-09-30T06:24:42.877Z,gpu-3uwoq-6g3ya-2,ib_counter,rdma_vf_rail1,port_xmit_wait,0
2026-09-30T06:24:42.877Z,gpu-3uwoq-6g3ya-2,ib_counter,rdma_vf_rail1,port_rcv_errors,0
2026-09-30T06:24:42.877Z,gpu-3uwoq-6g3ya-2,ib_counter,rdma_vf_rail1,port_xmit_discards,0
2026-09-30T06:24:42.877Z,gpu-3uwoq-6g3ya-2,ib_counter,rdma_vf_rail1,link_downed,0
2026-09-30T06:24:42.877Z,gpu-3uwoq-6g3ya-2,ib_hw_counter,rdma_vf_rail1,out_of_sequence,0
2026-09-30T06:24:42.877Z,gpu-3uwoq-6g3ya-2,ib_hw_counter,rdma_vf_rail1,packet_seq_err,0
2026-09-30T06:24:42.877Z,gpu-3uwoq-6g3ya-2,ib_hw_counter,rdma_vf_rail1,local_ack_timeout_err,0
2026-09-30T06:24:42.877Z,gpu-3uwoq-6g3ya-2,ib_hw_counter,rdma_vf_rail1,rx_write_requests,7.05713e+08
2026-09-30T06:24:42.877Z,gpu-3uwoq-6g3ya-2,ib_hw_counter,rdma_vf_rail1,rx_read_requests,1.07318e+07
2026-09-30T06:24:42.877Z,gpu-3uwoq-6g3ya-2,ib_hw_counter,rdma_vf_rail1,req_cqe_error,0
2026-09-30T06:24:42.877Z,gpu-3uwoq-6g3ya-2,ib_hw_counter,rdma_vf_rail1,resp_cqe_error,0
2026-09-30T06:24:42.877Z,gpu-3uwoq-6g3ya-2,ib_hw_counter,rdma_vf_rail1,implied_nak_seq_err,0
2026-09-30T06:24:42.877Z,gpu-3uwoq-6g3ya-2,ib_hw_counter,rdma_vf_rail1,duplicate_request,0
2026-09-30T06:24:42.877Z,gpu-3uwoq-6g3ya-2,ib_counter,rdma_vf_rail2,port_xmit_data,2.77554e+12
2026-09-30T06:24:42.877Z,gpu-3uwoq-6g3ya-2,ib_counter,rdma_vf_rail2,port_rcv_data,5.73434e+12
2026-09-30T06:24:42.877Z,gpu-3uwoq-6g3ya-2,ib_counter,rdma_vf_rail2,port_xmit_packets,9.46478e+08
2026-09-30T06:24:42.877Z,gpu-3uwoq-6g3ya-2,ib_counter,rdma_vf_rail2,port_rcv_packets,1.5656e+09
2026-09-30T06:24:42.877Z,gpu-3uwoq-6g3ya-2,ib_counter,rdma_vf_rail2,port_xmit_wait,0
2026-09-30T06:24:42.877Z,gpu-3uwoq-6g3ya-2,ib_counter,rdma_vf_rail2,port_rcv_errors,0
2026-09-30T06:24:42.877Z,gpu-3uwoq-6g3ya-2,ib_counter,rdma_vf_rail2,port_xmit_discards,0
2026-09-30T06:24:42.877Z,gpu-3uwoq-6g3ya-2,ib_counter,rdma_vf_rail2,link_downed,0
2026-09-30T06:24:42.877Z,gpu-3uwoq-6g3ya-2,ib_hw_counter,rdma_vf_rail2,out_of_sequence,0
2026-09-30T06:24:42.877Z,gpu-3uwoq-6g3ya-2,ib_hw_counter,rdma_vf_rail2,packet_seq_err,0
2026-09-30T06:24:42.877Z,gpu-3uwoq-6g3ya-2,ib_hw_counter,rdma_vf_rail2,local_ack_timeout_err,0
2026-09-30T06:24:42.877Z,gpu-3uwoq-6g3ya-2,ib_hw_counter,rdma_vf_rail2,rx_write_requests,7.05287e+08
2026-09-30T06:24:42.877Z,gpu-3uwoq-6g3ya-2,ib_hw_counter,rdma_vf_rail2,rx_read_requests,1.05239e+07
2026-09-30T06:24:42.877Z,gpu-3uwoq-6g3ya-2,ib_hw_counter,rdma_vf_rail2,req_cqe_error,0
2026-09-30T06:24:42.877Z,gpu-3uwoq-6g3ya-2,ib_hw_counter,rdma_vf_rail2,resp_cqe_error,0
2026-09-30T06:24:42.877Z,gpu-3uwoq-6g3ya-2,ib_hw_counter,rdma_vf_rail2,implied_nak_seq_err,0
2026-09-30T06:24:42.877Z,gpu-3uwoq-6g3ya-2,ib_hw_counter,rdma_vf_rail2,duplicate_request,0
2026-09-30T06:24:42.877Z,gpu-3uwoq-6g3ya-2,ib_counter,rdma_vf_rail3,port_xmit_data,2.77541e+12
2026-09-30T06:24:42.877Z,gpu-3uwoq-6g3ya-2,ib_counter,rdma_vf_rail3,port_rcv_data,5.73495e+12
2026-09-30T06:24:42.877Z,gpu-3uwoq-6g3ya-2,ib_counter,rdma_vf_rail3,port_xmit_packets,9.44818e+08
2026-09-30T06:24:42.877Z,gpu-3uwoq-6g3ya-2,ib_counter,rdma_vf_rail3,port_rcv_packets,1.57303e+09
2026-09-30T06:24:42.877Z,gpu-3uwoq-6g3ya-2,ib_counter,rdma_vf_rail3,port_xmit_wait,0
2026-09-30T06:24:42.877Z,gpu-3uwoq-6g3ya-2,ib_counter,rdma_vf_rail3,port_rcv_errors,0
2026-09-30T06:24:42.877Z,gpu-3uwoq-6g3ya-2,ib_counter,rdma_vf_rail3,port_xmit_discards,0
2026-09-30T06:24:42.877Z,gpu-3uwoq-6g3ya-2,ib_counter,rdma_vf_rail3,link_downed,0
2026-09-30T06:24:42.877Z,gpu-3uwoq-6g3ya-2,ib_hw_counter,rdma_vf_rail3,out_of_sequence,0
2026-09-30T06:24:42.877Z,gpu-3uwoq-6g3ya-2,ib_hw_counter,rdma_vf_rail3,packet_seq_err,1
2026-09-30T06:24:42.877Z,gpu-3uwoq-6g3ya-2,ib_hw_counter,rdma_vf_rail3,local_ack_timeout_err,0
2026-09-30T06:24:42.877Z,gpu-3uwoq-6g3ya-2,ib_hw_counter,rdma_vf_rail3,rx_write_requests,7.05287e+08
2026-09-30T06:24:42.877Z,gpu-3uwoq-6g3ya-2,ib_hw_counter,rdma_vf_rail3,rx_read_requests,1.05239e+07
2026-09-30T06:24:42.877Z,gpu-3uwoq-6g3ya-2,ib_hw_counter,rdma_vf_rail3,req_cqe_error,0
2026-09-30T06:24:42.877Z,gpu-3uwoq-6g3ya-2,ib_hw_counter,rdma_vf_rail3,resp_cqe_error,0
2026-09-30T06:24:42.877Z,gpu-3uwoq-6g3ya-2,ib_hw_counter,rdma_vf_rail3,implied_nak_seq_err,0
2026-09-30T06:24:42.877Z,gpu-3uwoq-6g3ya-2,ib_hw_counter,rdma_vf_rail3,duplicate_request,0
2026-09-30T06:24:42.877Z,gpu-3uwoq-6g3ya-2,dcgm,gpu2,gpu_util,0
2026-09-30T06:24:42.877Z,gpu-3uwoq-6g3ya-2,dcgm,gpu3,gpu_util,0
2026-09-30T06:24:42.877Z,gpu-3uwoq-6g3ya-2,dcgm,gpu1,gpu_util,0
2026-09-30T06:24:42.877Z,gpu-3uwoq-6g3ya-2,dcgm,gpu0,gpu_util,0
2026-09-30T06:24:42.877Z,gpu-3uwoq-6g3ya-2,dcgm,gpu2,nvlink_bandwidth_total,0
2026-09-30T06:24:42.877Z,gpu-3uwoq-6g3ya-2,dcgm,gpu3,nvlink_bandwidth_total,0
2026-09-30T06:24:42.877Z,gpu-3uwoq-6g3ya-2,dcgm,gpu1,nvlink_bandwidth_total,0
2026-09-30T06:24:42.877Z,gpu-3uwoq-6g3ya-2,dcgm,gpu0,nvlink_bandwidth_total,0
2026-09-30T06:24:42.877Z,gpu-3uwoq-6g3ya-2,dcgm,gpu2,power_w,231.177
2026-09-30T06:24:42.877Z,gpu-3uwoq-6g3ya-2,dcgm,gpu3,power_w,234.24
2026-09-30T06:24:42.877Z,gpu-3uwoq-6g3ya-2,dcgm,gpu1,power_w,229.904
2026-09-30T06:24:42.877Z,gpu-3uwoq-6g3ya-2,dcgm,gpu0,power_w,226.486
2026-09-30T06:24:42.877Z,gpu-3uwoq-6g3ya-2,dcgm,gpu2,sm_clock_mhz,2070
2026-09-30T06:24:42.877Z,gpu-3uwoq-6g3ya-2,dcgm,gpu3,sm_clock_mhz,2070
2026-09-30T06:24:42.877Z,gpu-3uwoq-6g3ya-2,dcgm,gpu1,sm_clock_mhz,2070
2026-09-30T06:24:42.877Z,gpu-3uwoq-6g3ya-2,dcgm,gpu0,sm_clock_mhz,2070
2026-09-30T06:24:42.877Z,gpu-3uwoq-6g3ya-2,dcgm,gpu2,dram_active,3e-06
2026-09-30T06:24:42.877Z,gpu-3uwoq-6g3ya-2,dcgm,gpu3,dram_active,3e-06
2026-09-30T06:24:42.877Z,gpu-3uwoq-6g3ya-2,dcgm,gpu1,dram_active,3e-06
2026-09-30T06:24:42.877Z,gpu-3uwoq-6g3ya-2,dcgm,gpu0,dram_active,3e-06
2026-09-30T06:24:42.877Z,gpu-3uwoq-6g3ya-2,dcgm,gpu2,pcie_rx_bytes,247651
2026-09-30T06:24:42.877Z,gpu-3uwoq-6g3ya-2,dcgm,gpu3,pcie_rx_bytes,234991
2026-09-30T06:24:42.877Z,gpu-3uwoq-6g3ya-2,dcgm,gpu1,pcie_rx_bytes,293204
2026-09-30T06:24:42.877Z,gpu-3uwoq-6g3ya-2,dcgm,gpu0,pcie_rx_bytes,297902
2026-09-30T06:24:42.877Z,gpu-3uwoq-6g3ya-2,dcgm,gpu2,pcie_tx_bytes,225131
2026-09-30T06:24:42.877Z,gpu-3uwoq-6g3ya-2,dcgm,gpu3,pcie_tx_bytes,212334
2026-09-30T06:24:42.877Z,gpu-3uwoq-6g3ya-2,dcgm,gpu1,pcie_tx_bytes,270834
2026-09-30T06:24:42.877Z,gpu-3uwoq-6g3ya-2,dcgm,gpu0,pcie_tx_bytes,275071
2026-09-30T06:24:42.877Z,gpu-3uwoq-6g3ya-2,dcgm,gpu2,tensor_active,0
2026-09-30T06:24:42.877Z,gpu-3uwoq-6g3ya-2,dcgm,gpu3,tensor_active,0
2026-09-30T06:24:42.877Z,gpu-3uwoq-6g3ya-2,dcgm,gpu1,tensor_active,0
2026-09-30T06:24:42.877Z,gpu-3uwoq-6g3ya-2,dcgm,gpu0,tensor_active,0
2026-09-30T06:24:42.877Z,gpu-3uwoq-6g3ya-2,dcgm,gpu2,sm_active,0
2026-09-30T06:24:42.877Z,gpu-3uwoq-6g3ya-2,dcgm,gpu3,sm_active,0
2026-09-30T06:24:42.877Z,gpu-3uwoq-6g3ya-2,dcgm,gpu1,sm_active,0
2026-09-30T06:24:42.877Z,gpu-3uwoq-6g3ya-2,dcgm,gpu0,sm_active,0
2026-09-30T06:24:42.877Z,gpu-3uwoq-6g3ya-2,nvlink,gpu0,nvlink_rx_bytes,4.68692e+13
2026-09-30T06:24:42.877Z,gpu-3uwoq-6g3ya-2,nvlink,gpu0,nvlink_tx_bytes,4.68696e+13
2026-09-30T06:24:42.877Z,gpu-3uwoq-6g3ya-2,nvlink,gpu1,nvlink_rx_bytes,4.70222e+13
2026-09-30T06:24:42.877Z,gpu-3uwoq-6g3ya-2,nvlink,gpu1,nvlink_tx_bytes,4.70228e+13
2026-09-30T06:24:42.877Z,gpu-3uwoq-6g3ya-2,nvlink,gpu2,nvlink_rx_bytes,4.68912e+13
2026-09-30T06:24:42.877Z,gpu-3uwoq-6g3ya-2,nvlink,gpu2,nvlink_tx_bytes,4.68913e+13
2026-09-30T06:24:42.877Z,gpu-3uwoq-6g3ya-2,nvlink,gpu3,nvlink_rx_bytes,4.68385e+13
2026-09-30T06:24:42.877Z,gpu-3uwoq-6g3ya-2,nvlink,gpu3,nvlink_tx_bytes,4.68389e+13
2026-09-30T06:24:43.877Z,gpu-3uwoq-6g3ya-2,ib_counter,rdma_vf_rail0,port_xmit_data,2.91133e+12
2026-09-30T06:24:43.877Z,gpu-3uwoq-6g3ya-2,ib_counter,rdma_vf_rail0,port_rcv_data,5.87073e+12
2026-09-30T06:24:43.877Z,gpu-3uwoq-6g3ya-2,ib_counter,rdma_vf_rail0,port_xmit_packets,9.97029e+08
2026-09-30T06:24:43.877Z,gpu-3uwoq-6g3ya-2,ib_counter,rdma_vf_rail0,port_rcv_packets,1.62223e+09
2026-09-30T06:24:43.877Z,gpu-3uwoq-6g3ya-2,ib_counter,rdma_vf_rail0,port_xmit_wait,0
2026-09-30T06:24:43.877Z,gpu-3uwoq-6g3ya-2,ib_counter,rdma_vf_rail0,port_rcv_errors,0
2026-09-30T06:24:43.877Z,gpu-3uwoq-6g3ya-2,ib_counter,rdma_vf_rail0,port_xmit_discards,0
2026-09-30T06:24:43.877Z,gpu-3uwoq-6g3ya-2,ib_counter,rdma_vf_rail0,link_downed,0
2026-09-30T06:24:43.877Z,gpu-3uwoq-6g3ya-2,ib_hw_counter,rdma_vf_rail0,out_of_sequence,0
2026-09-30T06:24:43.877Z,gpu-3uwoq-6g3ya-2,ib_hw_counter,rdma_vf_rail0,packet_seq_err,0
2026-09-30T06:24:43.877Z,gpu-3uwoq-6g3ya-2,ib_hw_counter,rdma_vf_rail0,local_ack_timeout_err,0
2026-09-30T06:24:43.877Z,gpu-3uwoq-6g3ya-2,ib_hw_counter,rdma_vf_rail0,rx_write_requests,7.07312e+08
2026-09-30T06:24:43.877Z,gpu-3uwoq-6g3ya-2,ib_hw_counter,rdma_vf_rail0,rx_read_requests,1.15325e+07
2026-09-30T06:24:43.877Z,gpu-3uwoq-6g3ya-2,ib_hw_counter,rdma_vf_rail0,req_cqe_error,0
2026-09-30T06:24:43.877Z,gpu-3uwoq-6g3ya-2,ib_hw_counter,rdma_vf_rail0,resp_cqe_error,0
2026-09-30T06:24:43.877Z,gpu-3uwoq-6g3ya-2,ib_hw_counter,rdma_vf_rail0,implied_nak_seq_err,0
2026-09-30T06:24:43.877Z,gpu-3uwoq-6g3ya-2,ib_hw_counter,rdma_vf_rail0,duplicate_request,0
2026-09-30T06:24:43.877Z,gpu-3uwoq-6g3ya-2,ib_counter,rdma_vf_rail1,port_xmit_data,2.80326e+12
2026-09-30T06:24:43.877Z,gpu-3uwoq-6g3ya-2,ib_counter,rdma_vf_rail1,port_rcv_data,5.76262e+12
2026-09-30T06:24:43.877Z,gpu-3uwoq-6g3ya-2,ib_counter,rdma_vf_rail1,port_xmit_packets,9.64359e+08
2026-09-30T06:24:43.877Z,gpu-3uwoq-6g3ya-2,ib_counter,rdma_vf_rail1,port_rcv_packets,1.58974e+09
2026-09-30T06:24:43.877Z,gpu-3uwoq-6g3ya-2,ib_counter,rdma_vf_rail1,port_xmit_wait,0
2026-09-30T06:24:43.877Z,gpu-3uwoq-6g3ya-2,ib_counter,rdma_vf_rail1,port_rcv_errors,0
2026-09-30T06:24:43.877Z,gpu-3uwoq-6g3ya-2,ib_counter,rdma_vf_rail1,port_xmit_discards,0
2026-09-30T06:24:43.877Z,gpu-3uwoq-6g3ya-2,ib_counter,rdma_vf_rail1,link_downed,0
2026-09-30T06:24:43.877Z,gpu-3uwoq-6g3ya-2,ib_hw_counter,rdma_vf_rail1,out_of_sequence,0
2026-09-30T06:24:43.877Z,gpu-3uwoq-6g3ya-2,ib_hw_counter,rdma_vf_rail1,packet_seq_err,0
2026-09-30T06:24:43.877Z,gpu-3uwoq-6g3ya-2,ib_hw_counter,rdma_vf_rail1,local_ack_timeout_err,0
2026-09-30T06:24:43.877Z,gpu-3uwoq-6g3ya-2,ib_hw_counter,rdma_vf_rail1,rx_write_requests,7.05713e+08
2026-09-30T06:24:43.877Z,gpu-3uwoq-6g3ya-2,ib_hw_counter,rdma_vf_rail1,rx_read_requests,1.07318e+07
2026-09-30T06:24:43.877Z,gpu-3uwoq-6g3ya-2,ib_hw_counter,rdma_vf_rail1,req_cqe_error,0
2026-09-30T06:24:43.877Z,gpu-3uwoq-6g3ya-2,ib_hw_counter,rdma_vf_rail1,resp_cqe_error,0
2026-09-30T06:24:43.877Z,gpu-3uwoq-6g3ya-2,ib_hw_counter,rdma_vf_rail1,implied_nak_seq_err,0
2026-09-30T06:24:43.877Z,gpu-3uwoq-6g3ya-2,ib_hw_counter,rdma_vf_rail1,duplicate_request,0
2026-09-30T06:24:43.877Z,gpu-3uwoq-6g3ya-2,ib_counter,rdma_vf_rail2,port_xmit_data,2.77554e+12
2026-09-30T06:24:43.877Z,gpu-3uwoq-6g3ya-2,ib_counter,rdma_vf_rail2,port_rcv_data,5.73434e+12
2026-09-30T06:24:43.877Z,gpu-3uwoq-6g3ya-2,ib_counter,rdma_vf_rail2,port_xmit_packets,9.46478e+08
2026-09-30T06:24:43.877Z,gpu-3uwoq-6g3ya-2,ib_counter,rdma_vf_rail2,port_rcv_packets,1.5656e+09
2026-09-30T06:24:43.877Z,gpu-3uwoq-6g3ya-2,ib_counter,rdma_vf_rail2,port_xmit_wait,0
2026-09-30T06:24:43.877Z,gpu-3uwoq-6g3ya-2,ib_counter,rdma_vf_rail2,port_rcv_errors,0
2026-09-30T06:24:43.877Z,gpu-3uwoq-6g3ya-2,ib_counter,rdma_vf_rail2,port_xmit_discards,0
2026-09-30T06:24:43.877Z,gpu-3uwoq-6g3ya-2,ib_counter,rdma_vf_rail2,link_downed,0
2026-09-30T06:24:43.877Z,gpu-3uwoq-6g3ya-2,ib_hw_counter,rdma_vf_rail2,out_of_sequence,0
2026-09-30T06:24:43.877Z,gpu-3uwoq-6g3ya-2,ib_hw_counter,rdma_vf_rail2,packet_seq_err,0
2026-09-30T06:24:43.877Z,gpu-3uwoq-6g3ya-2,ib_hw_counter,rdma_vf_rail2,local_ack_timeout_err,0
2026-09-30T06:24:43.877Z,gpu-3uwoq-6g3ya-2,ib_hw_counter,rdma_vf_rail2,rx_write_requests,7.05287e+08
2026-09-30T06:24:43.877Z,gpu-3uwoq-6g3ya-2,ib_hw_counter,rdma_vf_rail2,rx_read_requests,1.05239e+07
2026-09-30T06:24:43.877Z,gpu-3uwoq-6g3ya-2,ib_hw_counter,rdma_vf_rail2,req_cqe_error,0
2026-09-30T06:24:43.877Z,gpu-3uwoq-6g3ya-2,ib_hw_counter,rdma_vf_rail2,resp_cqe_error,0
2026-09-30T06:24:43.877Z,gpu-3uwoq-6g3ya-2,ib_hw_counter,rdma_vf_rail2,implied_nak_seq_err,0
2026-09-30T06:24:43.877Z,gpu-3uwoq-6g3ya-2,ib_hw_counter,rdma_vf_rail2,duplicate_request,0
2026-09-30T06:24:43.877Z,gpu-3uwoq-6g3ya-2,ib_counter,rdma_vf_rail3,port_xmit_data,2.77541e+12
2026-09-30T06:24:43.877Z,gpu-3uwoq-6g3ya-2,ib_counter,rdma_vf_rail3,port_rcv_data,5.73495e+12
2026-09-30T06:24:43.877Z,gpu-3uwoq-6g3ya-2,ib_counter,rdma_vf_rail3,port_xmit_packets,9.44818e+08
2026-09-30T06:24:43.877Z,gpu-3uwoq-6g3ya-2,ib_counter,rdma_vf_rail3,port_rcv_packets,1.57303e+09
2026-09-30T06:24:43.877Z,gpu-3uwoq-6g3ya-2,ib_counter,rdma_vf_rail3,port_xmit_wait,0
2026-09-30T06:24:43.877Z,gpu-3uwoq-6g3ya-2,ib_counter,rdma_vf_rail3,port_rcv_errors,0
2026-09-30T06:24:43.877Z,gpu-3uwoq-6g3ya-2,ib_counter,rdma_vf_rail3,port_xmit_discards,0
2026-09-30T06:24:43.877Z,gpu-3uwoq-6g3ya-2,ib_counter,rdma_vf_rail3,link_downed,0
2026-09-30T06:24:43.877Z,gpu-3uwoq-6g3ya-2,ib_hw_counter,rdma_vf_rail3,out_of_sequence,0
2026-09-30T06:24:43.877Z,gpu-3uwoq-6g3ya-2,ib_hw_counter,rdma_vf_rail3,packet_seq_err,1
2026-09-30T06:24:43.877Z,gpu-3uwoq-6g3ya-2,ib_hw_counter,rdma_vf_rail3,local_ack_timeout_err,0
2026-09-30T06:24:43.877Z,gpu-3uwoq-6g3ya-2,ib_hw_counter,rdma_vf_rail3,rx_write_requests,7.05287e+08
2026-09-30T06:24:43.877Z,gpu-3uwoq-6g3ya-2,ib_hw_counter,rdma_vf_rail3,rx_read_requests,1.05239e+07
2026-09-30T06:24:43.877Z,gpu-3uwoq-6g3ya-2,ib_hw_counter,rdma_vf_rail3,req_cqe_error,0
2026-09-30T06:24:43.877Z,gpu-3uwoq-6g3ya-2,ib_hw_counter,rdma_vf_rail3,resp_cqe_error,0
2026-09-30T06:24:43.877Z,gpu-3uwoq-6g3ya-2,ib_hw_counter,rdma_vf_rail3,implied_nak_seq_err,0
2026-09-30T06:24:43.877Z,gpu-3uwoq-6g3ya-2,ib_hw_counter,rdma_vf_rail3,duplicate_request,0
2026-09-30T06:24:43.877Z,gpu-3uwoq-6g3ya-2,dcgm,gpu2,gpu_util,0
2026-09-30T06:24:43.877Z,gpu-3uwoq-6g3ya-2,dcgm,gpu3,gpu_util,0
2026-09-30T06:24:43.877Z,gpu-3uwoq-6g3ya-2,dcgm,gpu1,gpu_util,0
2026-09-30T06:24:43.877Z,gpu-3uwoq-6g3ya-2,dcgm,gpu0,gpu_util,0
2026-09-30T06:24:43.877Z,gpu-3uwoq-6g3ya-2,dcgm,gpu2,nvlink_bandwidth_total,0
2026-09-30T06:24:43.877Z,gpu-3uwoq-6g3ya-2,dcgm,gpu3,nvlink_bandwidth_total,0
2026-09-30T06:24:43.877Z,gpu-3uwoq-6g3ya-2,dcgm,gpu1,nvlink_bandwidth_total,0
2026-09-30T06:24:43.877Z,gpu-3uwoq-6g3ya-2,dcgm,gpu0,nvlink_bandwidth_total,0
2026-09-30T06:24:43.877Z,gpu-3uwoq-6g3ya-2,dcgm,gpu2,power_w,231.177
2026-09-30T06:24:43.877Z,gpu-3uwoq-6g3ya-2,dcgm,gpu3,power_w,234.24
2026-09-30T06:24:43.877Z,gpu-3uwoq-6g3ya-2,dcgm,gpu1,power_w,229.904
2026-09-30T06:24:43.877Z,gpu-3uwoq-6g3ya-2,dcgm,gpu0,power_w,226.486
2026-09-30T06:24:43.877Z,gpu-3uwoq-6g3ya-2,dcgm,gpu2,sm_clock_mhz,2070
2026-09-30T06:24:43.877Z,gpu-3uwoq-6g3ya-2,dcgm,gpu3,sm_clock_mhz,2070
2026-09-30T06:24:43.877Z,gpu-3uwoq-6g3ya-2,dcgm,gpu1,sm_clock_mhz,2070
2026-09-30T06:24:43.877Z,gpu-3uwoq-6g3ya-2,dcgm,gpu0,sm_clock_mhz,2070
2026-09-30T06:24:43.877Z,gpu-3uwoq-6g3ya-2,dcgm,gpu2,dram_active,3e-06
2026-09-30T06:24:43.877Z,gpu-3uwoq-6g3ya-2,dcgm,gpu3,dram_active,3e-06
2026-09-30T06:24:43.877Z,gpu-3uwoq-6g3ya-2,dcgm,gpu1,dram_active,3e-06
2026-09-30T06:24:43.877Z,gpu-3uwoq-6g3ya-2,dcgm,gpu0,dram_active,3e-06
2026-09-30T06:24:43.877Z,gpu-3uwoq-6g3ya-2,dcgm,gpu2,pcie_rx_bytes,247651
2026-09-30T06:24:43.877Z,gpu-3uwoq-6g3ya-2,dcgm,gpu3,pcie_rx_bytes,234991
2026-09-30T06:24:43.877Z,gpu-3uwoq-6g3ya-2,dcgm,gpu1,pcie_rx_bytes,293204
2026-09-30T06:24:43.877Z,gpu-3uwoq-6g3ya-2,dcgm,gpu0,pcie_rx_bytes,297902
2026-09-30T06:24:43.877Z,gpu-3uwoq-6g3ya-2,dcgm,gpu2,pcie_tx_bytes,225131
2026-09-30T06:24:43.877Z,gpu-3uwoq-6g3ya-2,dcgm,gpu3,pcie_tx_bytes,212334
2026-09-30T06:24:43.877Z,gpu-3uwoq-6g3ya-2,dcgm,gpu1,pcie_tx_bytes,270834
2026-09-30T06:24:43.877Z,gpu-3uwoq-6g3ya-2,dcgm,gpu0,pcie_tx_bytes,275071
2026-09-30T06:24:43.877Z,gpu-3uwoq-6g3ya-2,dcgm,gpu2,tensor_active,0
2026-09-30T06:24:43.877Z,gpu-3uwoq-6g3ya-2,dcgm,gpu3,tensor_active,0
2026-09-30T06:24:43.877Z,gpu-3uwoq-6g3ya-2,dcgm,gpu1,tensor_active,0
2026-09-30T06:24:43.877Z,gpu-3uwoq-6g3ya-2,dcgm,gpu0,tensor_active,0
2026-09-30T06:24:43.877Z,gpu-3uwoq-6g3ya-2,dcgm,gpu2,sm_active,0
2026-09-30T06:24:43.877Z,gpu-3uwoq-6g3ya-2,dcgm,gpu3,sm_active,0
2026-09-30T06:24:43.877Z,gpu-3uwoq-6g3ya-2,dcgm,gpu1,sm_active,0
2026-09-30T06:24:43.877Z,gpu-3uwoq-6g3ya-2,dcgm,gpu0,sm_active,0
2026-09-30T06:24:43.877Z,gpu-3uwoq-6g3ya-2,nvlink,gpu0,nvlink_rx_bytes,4.68692e+13
2026-09-30T06:24:43.877Z,gpu-3uwoq-6g3ya-2,nvlink,gpu0,nvlink_tx_bytes,4.68696e+13
2026-09-30T06:24:43.877Z,gpu-3uwoq-6g3ya-2,nvlink,gpu1,nvlink_rx_bytes,4.70222e+13
2026-09-30T06:24:43.877Z,gpu-3uwoq-6g3ya-2,nvlink,gpu1,nvlink_tx_bytes,4.70228e+13
2026-09-30T06:24:43.877Z,gpu-3uwoq-6g3ya-2,nvlink,gpu2,nvlink_rx_bytes,4.68912e+13
2026-09-30T06:24:43.877Z,gpu-3uwoq-6g3ya-2,nvlink,gpu2,nvlink_tx_bytes,4.68913e+13
2026-09-30T06:24:43.877Z,gpu-3uwoq-6g3ya-2,nvlink,gpu3,nvlink_rx_bytes,4.68385e+13
2026-09-30T06:24:43.877Z,gpu-3uwoq-6g3ya-2,nvlink,gpu3,nvlink_tx_bytes,4.68389e+13
2026-09-30T06:24:44.877Z,gpu-3uwoq-6g3ya-2,ib_counter,rdma_vf_rail0,port_xmit_data,2.91133e+12
2026-09-30T06:24:44.877Z,gpu-3uwoq-6g3ya-2,ib_counter,rdma_vf_rail0,port_rcv_data,5.87073e+12
2026-09-30T06:24:44.877Z,gpu-3uwoq-6g3ya-2,ib_counter,rdma_vf_rail0,port_xmit_packets,9.97029e+08
2026-09-30T06:24:44.877Z,gpu-3uwoq-6g3ya-2,ib_counter,rdma_vf_rail0,port_rcv_packets,1.62223e+09
2026-09-30T06:24:44.877Z,gpu-3uwoq-6g3ya-2,ib_counter,rdma_vf_rail0,port_xmit_wait,0
2026-09-30T06:24:44.877Z,gpu-3uwoq-6g3ya-2,ib_counter,rdma_vf_rail0,port_rcv_errors,0
2026-09-30T06:24:44.877Z,gpu-3uwoq-6g3ya-2,ib_counter,rdma_vf_rail0,port_xmit_discards,0
2026-09-30T06:24:44.877Z,gpu-3uwoq-6g3ya-2,ib_counter,rdma_vf_rail0,link_downed,0
2026-09-30T06:24:44.877Z,gpu-3uwoq-6g3ya-2,ib_hw_counter,rdma_vf_rail0,out_of_sequence,0
2026-09-30T06:24:44.877Z,gpu-3uwoq-6g3ya-2,ib_hw_counter,rdma_vf_rail0,packet_seq_err,0
2026-09-30T06:24:44.877Z,gpu-3uwoq-6g3ya-2,ib_hw_counter,rdma_vf_rail0,local_ack_timeout_err,0
2026-09-30T06:24:44.877Z,gpu-3uwoq-6g3ya-2,ib_hw_counter,rdma_vf_rail0,rx_write_requests,7.07312e+08
2026-09-30T06:24:44.877Z,gpu-3uwoq-6g3ya-2,ib_hw_counter,rdma_vf_rail0,rx_read_requests,1.15325e+07
2026-09-30T06:24:44.877Z,gpu-3uwoq-6g3ya-2,ib_hw_counter,rdma_vf_rail0,req_cqe_error,0
2026-09-30T06:24:44.877Z,gpu-3uwoq-6g3ya-2,ib_hw_counter,rdma_vf_rail0,resp_cqe_error,0
2026-09-30T06:24:44.877Z,gpu-3uwoq-6g3ya-2,ib_hw_counter,rdma_vf_rail0,implied_nak_seq_err,0
2026-09-30T06:24:44.877Z,gpu-3uwoq-6g3ya-2,ib_hw_counter,rdma_vf_rail0,duplicate_request,0
2026-09-30T06:24:44.877Z,gpu-3uwoq-6g3ya-2,ib_counter,rdma_vf_rail1,port_xmit_data,2.80326e+12
2026-09-30T06:24:44.877Z,gpu-3uwoq-6g3ya-2,ib_counter,rdma_vf_rail1,port_rcv_data,5.76262e+12
2026-09-30T06:24:44.877Z,gpu-3uwoq-6g3ya-2,ib_counter,rdma_vf_rail1,port_xmit_packets,9.64359e+08
2026-09-30T06:24:44.877Z,gpu-3uwoq-6g3ya-2,ib_counter,rdma_vf_rail1,port_rcv_packets,1.58974e+09
2026-09-30T06:24:44.877Z,gpu-3uwoq-6g3ya-2,ib_counter,rdma_vf_rail1,port_xmit_wait,0
2026-09-30T06:24:44.877Z,gpu-3uwoq-6g3ya-2,ib_counter,rdma_vf_rail1,port_rcv_errors,0
2026-09-30T06:24:44.877Z,gpu-3uwoq-6g3ya-2,ib_counter,rdma_vf_rail1,port_xmit_discards,0
2026-09-30T06:24:44.877Z,gpu-3uwoq-6g3ya-2,ib_counter,rdma_vf_rail1,link_downed,0
2026-09-30T06:24:44.877Z,gpu-3uwoq-6g3ya-2,ib_hw_counter,rdma_vf_rail1,out_of_sequence,0
2026-09-30T06:24:44.877Z,gpu-3uwoq-6g3ya-2,ib_hw_counter,rdma_vf_rail1,packet_seq_err,0
2026-09-30T06:24:44.877Z,gpu-3uwoq-6g3ya-2,ib_hw_counter,rdma_vf_rail1,local_ack_timeout_err,0
2026-09-30T06:24:44.877Z,gpu-3uwoq-6g3ya-2,ib_hw_counter,rdma_vf_rail1,rx_write_requests,7.05713e+08
2026-09-30T06:24:44.877Z,gpu-3uwoq-6g3ya-2,ib_hw_counter,rdma_vf_rail1,rx_read_requests,1.07318e+07
2026-09-30T06:24:44.877Z,gpu-3uwoq-6g3ya-2,ib_hw_counter,rdma_vf_rail1,req_cqe_error,0
2026-09-30T06:24:44.877Z,gpu-3uwoq-6g3ya-2,ib_hw_counter,rdma_vf_rail1,resp_cqe_error,0
2026-09-30T06:24:44.877Z,gpu-3uwoq-6g3ya-2,ib_hw_counter,rdma_vf_rail1,implied_nak_seq_err,0
2026-09-30T06:24:44.877Z,gpu-3uwoq-6g3ya-2,ib_hw_counter,rdma_vf_rail1,duplicate_request,0
2026-09-30T06:24:44.877Z,gpu-3uwoq-6g3ya-2,ib_counter,rdma_vf_rail2,port_xmit_data,2.77554e+12
2026-09-30T06:24:44.877Z,gpu-3uwoq-6g3ya-2,ib_counter,rdma_vf_rail2,port_rcv_data,5.73434e+12
2026-09-30T06:24:44.877Z,gpu-3uwoq-6g3ya-2,ib_counter,rdma_vf_rail2,port_xmit_packets,9.46478e+08
2026-09-30T06:24:44.877Z,gpu-3uwoq-6g3ya-2,ib_counter,rdma_vf_rail2,port_rcv_packets,1.5656e+09
2026-09-30T06:24:44.877Z,gpu-3uwoq-6g3ya-2,ib_counter,rdma_vf_rail2,port_xmit_wait,0
2026-09-30T06:24:44.877Z,gpu-3uwoq-6g3ya-2,ib_counter,rdma_vf_rail2,port_rcv_errors,0
2026-09-30T06:24:44.877Z,gpu-3uwoq-6g3ya-2,ib_counter,rdma_vf_rail2,port_xmit_discards,0
2026-09-30T06:24:44.877Z,gpu-3uwoq-6g3ya-2,ib_counter,rdma_vf_rail2,link_downed,0
2026-09-30T06:24:44.877Z,gpu-3uwoq-6g3ya-2,ib_hw_counter,rdma_vf_rail2,out_of_sequence,0
2026-09-30T06:24:44.877Z,gpu-3uwoq-6g3ya-2,ib_hw_counter,rdma_vf_rail2,packet_seq_err,0
2026-09-30T06:24:44.877Z,gpu-3uwoq-6g3ya-2,ib_hw_counter,rdma_vf_rail2,local_ack_timeout_err,0
2026-09-30T06:24:44.877Z,gpu-3uwoq-6g3ya-2,ib_hw_counter,rdma_vf_rail2,rx_write_requests,7.05287e+08
2026-09-30T06:24:44.877Z,gpu-3uwoq-6g3ya-2,ib_hw_counter,rdma_vf_rail2,rx_read_requests,1.05239e+07
2026-09-30T06:24:44.877Z,gpu-3uwoq-6g3ya-2,ib_hw_counter,rdma_vf_rail2,req_cqe_error,0
2026-09-30T06:24:44.877Z,gpu-3uwoq-6g3ya-2,ib_hw_counter,rdma_vf_rail2,resp_cqe_error,0
2026-09-30T06:24:44.877Z,gpu-3uwoq-6g3ya-2,ib_hw_counter,rdma_vf_rail2,implied_nak_seq_err,0
2026-09-30T06:24:44.877Z,gpu-3uwoq-6g3ya-2,ib_hw_counter,rdma_vf_rail2,duplicate_request,0
2026-09-30T06:24:44.877Z,gpu-3uwoq-6g3ya-2,ib_counter,rdma_vf_rail3,port_xmit_data,2.77541e+12
2026-09-30T06:24:44.877Z,gpu-3uwoq-6g3ya-2,ib_counter,rdma_vf_rail3,port_rcv_data,5.73495e+12
2026-09-30T06:24:44.877Z,gpu-3uwoq-6g3ya-2,ib_counter,rdma_vf_rail3,port_xmit_packets,9.44818e+08
2026-09-30T06:24:44.877Z,gpu-3uwoq-6g3ya-2,ib_counter,rdma_vf_rail3,port_rcv_packets,1.57303e+09
2026-09-30T06:24:44.877Z,gpu-3uwoq-6g3ya-2,ib_counter,rdma_vf_rail3,port_xmit_wait,0
2026-09-30T06:24:44.877Z,gpu-3uwoq-6g3ya-2,ib_counter,rdma_vf_rail3,port_rcv_errors,0
2026-09-30T06:24:44.877Z,gpu-3uwoq-6g3ya-2,ib_counter,rdma_vf_rail3,port_xmit_discards,0
2026-09-30T06:24:44.877Z,gpu-3uwoq-6g3ya-2,ib_counter,rdma_vf_rail3,link_downed,0
2026-09-30T06:24:44.877Z,gpu-3uwoq-6g3ya-2,ib_hw_counter,rdma_vf_rail3,out_of_sequence,0
2026-09-30T06:24:44.877Z,gpu-3uwoq-6g3ya-2,ib_hw_counter,rdma_vf_rail3,packet_seq_err,1
2026-09-30T06:24:44.877Z,gpu-3uwoq-6g3ya-2,ib_hw_counter,rdma_vf_rail3,local_ack_timeout_err,0
2026-09-30T06:24:44.877Z,gpu-3uwoq-6g3ya-2,ib_hw_counter,rdma_vf_rail3,rx_write_requests,7.05287e+08
2026-09-30T06:24:44.877Z,gpu-3uwoq-6g3ya-2,ib_hw_counter,rdma_vf_rail3,rx_read_requests,1.05239e+07
2026-09-30T06:24:44.877Z,gpu-3uwoq-6g3ya-2,ib_hw_counter,rdma_vf_rail3,req_cqe_error,0
2026-09-30T06:24:44.877Z,gpu-3uwoq-6g3ya-2,ib_hw_counter,rdma_vf_rail3,resp_cqe_error,0
2026-09-30T06:24:44.877Z,gpu-3uwoq-6g3ya-2,ib_hw_counter,rdma_vf_rail3,implied_nak_seq_err,0
2026-09-30T06:24:44.877Z,gpu-3uwoq-6g3ya-2,ib_hw_counter,rdma_vf_rail3,duplicate_request,0
2026-09-30T06:24:44.877Z,gpu-3uwoq-6g3ya-2,dcgm,gpu2,gpu_util,0
2026-09-30T06:24:44.877Z,gpu-3uwoq-6g3ya-2,dcgm,gpu3,gpu_util,0
2026-09-30T06:24:44.877Z,gpu-3uwoq-6g3ya-2,dcgm,gpu1,gpu_util,0
2026-09-30T06:24:44.877Z,gpu-3uwoq-6g3ya-2,dcgm,gpu0,gpu_util,0
2026-09-30T06:24:44.877Z,gpu-3uwoq-6g3ya-2,dcgm,gpu2,nvlink_bandwidth_total,0
2026-09-30T06:24:44.877Z,gpu-3uwoq-6g3ya-2,dcgm,gpu3,nvlink_bandwidth_total,0
2026-09-30T06:24:44.877Z,gpu-3uwoq-6g3ya-2,dcgm,gpu1,nvlink_bandwidth_total,0
2026-09-30T06:24:44.877Z,gpu-3uwoq-6g3ya-2,dcgm,gpu0,nvlink_bandwidth_total,0
2026-09-30T06:24:44.877Z,gpu-3uwoq-6g3ya-2,dcgm,gpu2,power_w,231.177
2026-09-30T06:24:44.877Z,gpu-3uwoq-6g3ya-2,dcgm,gpu3,power_w,234.24
2026-09-30T06:24:44.877Z,gpu-3uwoq-6g3ya-2,dcgm,gpu1,power_w,229.904
2026-09-30T06:24:44.877Z,gpu-3uwoq-6g3ya-2,dcgm,gpu0,power_w,226.486
2026-09-30T06:24:44.877Z,gpu-3uwoq-6g3ya-2,dcgm,gpu2,sm_clock_mhz,2070
2026-09-30T06:24:44.877Z,gpu-3uwoq-6g3ya-2,dcgm,gpu3,sm_clock_mhz,2070
2026-09-30T06:24:44.877Z,gpu-3uwoq-6g3ya-2,dcgm,gpu1,sm_clock_mhz,2070
2026-09-30T06:24:44.877Z,gpu-3uwoq-6g3ya-2,dcgm,gpu0,sm_clock_mhz,2070
2026-09-30T06:24:44.877Z,gpu-3uwoq-6g3ya-2,dcgm,gpu2,dram_active,3e-06
2026-09-30T06:24:44.877Z,gpu-3uwoq-6g3ya-2,dcgm,gpu3,dram_active,3e-06
2026-09-30T06:24:44.877Z,gpu-3uwoq-6g3ya-2,dcgm,gpu1,dram_active,3e-06
2026-09-30T06:24:44.877Z,gpu-3uwoq-6g3ya-2,dcgm,gpu0,dram_active,3e-06
2026-09-30T06:24:44.877Z,gpu-3uwoq-6g3ya-2,dcgm,gpu2,pcie_rx_bytes,247651
2026-09-30T06:24:44.877Z,gpu-3uwoq-6g3ya-2,dcgm,gpu3,pcie_rx_bytes,234991
2026-09-30T06:24:44.877Z,gpu-3uwoq-6g3ya-2,dcgm,gpu1,pcie_rx_bytes,293204
2026-09-30T06:24:44.877Z,gpu-3uwoq-6g3ya-2,dcgm,gpu0,pcie_rx_bytes,297902
2026-09-30T06:24:44.877Z,gpu-3uwoq-6g3ya-2,dcgm,gpu2,pcie_tx_bytes,225131
2026-09-30T06:24:44.877Z,gpu-3uwoq-6g3ya-2,dcgm,gpu3,pcie_tx_bytes,212334
2026-09-30T06:24:44.877Z,gpu-3uwoq-6g3ya-2,dcgm,gpu1,pcie_tx_bytes,270834
2026-09-30T06:24:44.877Z,gpu-3uwoq-6g3ya-2,dcgm,gpu0,pcie_tx_bytes,275071
2026-09-30T06:24:44.877Z,gpu-3uwoq-6g3ya-2,dcgm,gpu2,tensor_active,0
2026-09-30T06:24:44.877Z,gpu-3uwoq-6g3ya-2,dcgm,gpu3,tensor_active,0
2026-09-30T06:24:44.877Z,gpu-3uwoq-6g3ya-2,dcgm,gpu1,tensor_active,0
2026-09-30T06:24:44.877Z,gpu-3uwoq-6g3ya-2,dcgm,gpu0,tensor_active,0
2026-09-30T06:24:44.877Z,gpu-3uwoq-6g3ya-2,dcgm,gpu2,sm_active,0
2026-09-30T06:24:44.877Z,gpu-3uwoq-6g3ya-2,dcgm,gpu3,sm_active,0
2026-09-30T06:24:44.877Z,gpu-3uwoq-6g3ya-2,dcgm,gpu1,sm_active,0
2026-09-30T06:24:44.877Z,gpu-3uwoq-6g3ya-2,dcgm,gpu0,sm_active,0
2026-09-30T06:24:44.877Z,gpu-3uwoq-6g3ya-2,nvlink,gpu0,nvlink_rx_bytes,4.68692e+13
2026-09-30T06:24:44.877Z,gpu-3uwoq-6g3ya-2,nvlink,gpu0,nvlink_tx_bytes,4.68696e+13
2026-09-30T06:24:44.877Z,gpu-3uwoq-6g3ya-2,nvlink,gpu1,nvlink_rx_bytes,4.70222e+13
2026-09-30T06:24:44.877Z,gpu-3uwoq-6g3ya-2,nvlink,gpu1,nvlink_tx_bytes,4.70228e+13
2026-09-30T06:24:44.877Z,gpu-3uwoq-6g3ya-2,nvlink,gpu2,nvlink_rx_bytes,4.68912e+13
2026-09-30T06:24:44.877Z,gpu-3uwoq-6g3ya-2,nvlink,gpu2,nvlink_tx_bytes,4.68913e+13
2026-09-30T06:24:44.877Z,gpu-3uwoq-6g3ya-2,nvlink,gpu3,nvlink_rx_bytes,4.68385e+13
2026-09-30T06:24:44.877Z,gpu-3uwoq-6g3ya-2,nvlink,gpu3,nvlink_tx_bytes,4.68389e+13
2026-09-30T06:24:45.877Z,gpu-3uwoq-6g3ya-2,ib_counter,rdma_vf_rail0,port_xmit_data,2.91133e+12
2026-09-30T06:24:45.877Z,gpu-3uwoq-6g3ya-2,ib_counter,rdma_vf_rail0,port_rcv_data,5.87073e+12
2026-09-30T06:24:45.877Z,gpu-3uwoq-6g3ya-2,ib_counter,rdma_vf_rail0,port_xmit_packets,9.97029e+08
2026-09-30T06:24:45.877Z,gpu-3uwoq-6g3ya-2,ib_counter,rdma_vf_rail0,port_rcv_packets,1.62223e+09
2026-09-30T06:24:45.877Z,gpu-3uwoq-6g3ya-2,ib_counter,rdma_vf_rail0,port_xmit_wait,0
2026-09-30T06:24:45.877Z,gpu-3uwoq-6g3ya-2,ib_counter,rdma_vf_rail0,port_rcv_errors,0
2026-09-30T06:24:45.877Z,gpu-3uwoq-6g3ya-2,ib_counter,rdma_vf_rail0,port_xmit_discards,0
2026-09-30T06:24:45.877Z,gpu-3uwoq-6g3ya-2,ib_counter,rdma_vf_rail0,link_downed,0
2026-09-30T06:24:45.877Z,gpu-3uwoq-6g3ya-2,ib_hw_counter,rdma_vf_rail0,out_of_sequence,0
2026-09-30T06:24:45.877Z,gpu-3uwoq-6g3ya-2,ib_hw_counter,rdma_vf_rail0,packet_seq_err,0
2026-09-30T06:24:45.877Z,gpu-3uwoq-6g3ya-2,ib_hw_counter,rdma_vf_rail0,local_ack_timeout_err,0
2026-09-30T06:24:45.877Z,gpu-3uwoq-6g3ya-2,ib_hw_counter,rdma_vf_rail0,rx_write_requests,7.07312e+08
2026-09-30T06:24:45.877Z,gpu-3uwoq-6g3ya-2,ib_hw_counter,rdma_vf_rail0,rx_read_requests,1.15325e+07
2026-09-30T06:24:45.877Z,gpu-3uwoq-6g3ya-2,ib_hw_counter,rdma_vf_rail0,req_cqe_error,0
2026-09-30T06:24:45.877Z,gpu-3uwoq-6g3ya-2,ib_hw_counter,rdma_vf_rail0,resp_cqe_error,0
2026-09-30T06:24:45.877Z,gpu-3uwoq-6g3ya-2,ib_hw_counter,rdma_vf_rail0,implied_nak_seq_err,0
2026-09-30T06:24:45.877Z,gpu-3uwoq-6g3ya-2,ib_hw_counter,rdma_vf_rail0,duplicate_request,0
2026-09-30T06:24:45.877Z,gpu-3uwoq-6g3ya-2,ib_counter,rdma_vf_rail1,port_xmit_data,2.80326e+12
2026-09-30T06:24:45.877Z,gpu-3uwoq-6g3ya-2,ib_counter,rdma_vf_rail1,port_rcv_data,5.76262e+12
2026-09-30T06:24:45.877Z,gpu-3uwoq-6g3ya-2,ib_counter,rdma_vf_rail1,port_xmit_packets,9.64359e+08
2026-09-30T06:24:45.877Z,gpu-3uwoq-6g3ya-2,ib_counter,rdma_vf_rail1,port_rcv_packets,1.58974e+09
2026-09-30T06:24:45.877Z,gpu-3uwoq-6g3ya-2,ib_counter,rdma_vf_rail1,port_xmit_wait,0
2026-09-30T06:24:45.877Z,gpu-3uwoq-6g3ya-2,ib_counter,rdma_vf_rail1,port_rcv_errors,0
2026-09-30T06:24:45.877Z,gpu-3uwoq-6g3ya-2,ib_counter,rdma_vf_rail1,port_xmit_discards,0
2026-09-30T06:24:45.877Z,gpu-3uwoq-6g3ya-2,ib_counter,rdma_vf_rail1,link_downed,0
2026-09-30T06:24:45.877Z,gpu-3uwoq-6g3ya-2,ib_hw_counter,rdma_vf_rail1,out_of_sequence,0
2026-09-30T06:24:45.877Z,gpu-3uwoq-6g3ya-2,ib_hw_counter,rdma_vf_rail1,packet_seq_err,0
2026-09-30T06:24:45.877Z,gpu-3uwoq-6g3ya-2,ib_hw_counter,rdma_vf_rail1,local_ack_timeout_err,0
2026-09-30T06:24:45.877Z,gpu-3uwoq-6g3ya-2,ib_hw_counter,rdma_vf_rail1,rx_write_requests,7.05713e+08
2026-09-30T06:24:45.877Z,gpu-3uwoq-6g3ya-2,ib_hw_counter,rdma_vf_rail1,rx_read_requests,1.07318e+07
2026-09-30T06:24:45.877Z,gpu-3uwoq-6g3ya-2,ib_hw_counter,rdma_vf_rail1,req_cqe_error,0
2026-09-30T06:24:45.877Z,gpu-3uwoq-6g3ya-2,ib_hw_counter,rdma_vf_rail1,resp_cqe_error,0
2026-09-30T06:24:45.877Z,gpu-3uwoq-6g3ya-2,ib_hw_counter,rdma_vf_rail1,implied_nak_seq_err,0
2026-09-30T06:24:45.877Z,gpu-3uwoq-6g3ya-2,ib_hw_counter,rdma_vf_rail1,duplicate_request,0
2026-09-30T06:24:45.877Z,gpu-3uwoq-6g3ya-2,ib_counter,rdma_vf_rail2,port_xmit_data,2.77554e+12
2026-09-30T06:24:45.877Z,gpu-3uwoq-6g3ya-2,ib_counter,rdma_vf_rail2,port_rcv_data,5.73434e+12
2026-09-30T06:24:45.877Z,gpu-3uwoq-6g3ya-2,ib_counter,rdma_vf_rail2,port_xmit_packets,9.46478e+08
2026-09-30T06:24:45.877Z,gpu-3uwoq-6g3ya-2,ib_counter,rdma_vf_rail2,port_rcv_packets,1.5656e+09
2026-09-30T06:24:45.877Z,gpu-3uwoq-6g3ya-2,ib_counter,rdma_vf_rail2,port_xmit_wait,0
2026-09-30T06:24:45.877Z,gpu-3uwoq-6g3ya-2,ib_counter,rdma_vf_rail2,port_rcv_errors,0
2026-09-30T06:24:45.877Z,gpu-3uwoq-6g3ya-2,ib_counter,rdma_vf_rail2,port_xmit_discards,0
2026-09-30T06:24:45.877Z,gpu-3uwoq-6g3ya-2,ib_counter,rdma_vf_rail2,link_downed,0
2026-09-30T06:24:45.877Z,gpu-3uwoq-6g3ya-2,ib_hw_counter,rdma_vf_rail2,out_of_sequence,0
2026-09-30T06:24:45.877Z,gpu-3uwoq-6g3ya-2,ib_hw_counter,rdma_vf_rail2,packet_seq_err,0
2026-09-30T06:24:45.877Z,gpu-3uwoq-6g3ya-2,ib_hw_counter,rdma_vf_rail2,local_ack_timeout_err,0
2026-09-30T06:24:45.877Z,gpu-3uwoq-6g3ya-2,ib_hw_counter,rdma_vf_rail2,rx_write_requests,7.05287e+08
2026-09-30T06:24:45.877Z,gpu-3uwoq-6g3ya-2,ib_hw_counter,rdma_vf_rail2,rx_read_requests,1.05239e+07
2026-09-30T06:24:45.877Z,gpu-3uwoq-6g3ya-2,ib_hw_counter,rdma_vf_rail2,req_cqe_error,0
2026-09-30T06:24:45.877Z,gpu-3uwoq-6g3ya-2,ib_hw_counter,rdma_vf_rail2,resp_cqe_error,0
2026-09-30T06:24:45.877Z,gpu-3uwoq-6g3ya-2,ib_hw_counter,rdma_vf_rail2,implied_nak_seq_err,0
2026-09-30T06:24:45.877Z,gpu-3uwoq-6g3ya-2,ib_hw_counter,rdma_vf_rail2,duplicate_request,0
2026-09-30T06:24:45.877Z,gpu-3uwoq-6g3ya-2,ib_counter,rdma_vf_rail3,port_xmit_data,2.77541e+12
2026-09-30T06:24:45.877Z,gpu-3uwoq-6g3ya-2,ib_counter,rdma_vf_rail3,port_rcv_data,5.73495e+12
2026-09-30T06:24:45.877Z,gpu-3uwoq-6g3ya-2,ib_counter,rdma_vf_rail3,port_xmit_packets,9.44818e+08
2026-09-30T06:24:45.877Z,gpu-3uwoq-6g3ya-2,ib_counter,rdma_vf_rail3,port_rcv_packets,1.57303e+09
2026-09-30T06:24:45.877Z,gpu-3uwoq-6g3ya-2,ib_counter,rdma_vf_rail3,port_xmit_wait,0
2026-09-30T06:24:45.877Z,gpu-3uwoq-6g3ya-2,ib_counter,rdma_vf_rail3,port_rcv_errors,0
2026-09-30T06:24:45.877Z,gpu-3uwoq-6g3ya-2,ib_counter,rdma_vf_rail3,port_xmit_discards,0
2026-09-30T06:24:45.877Z,gpu-3uwoq-6g3ya-2,ib_counter,rdma_vf_rail3,link_downed,0
2026-09-30T06:24:45.877Z,gpu-3uwoq-6g3ya-2,ib_hw_counter,rdma_vf_rail3,out_of_sequence,0
2026-09-30T06:24:45.877Z,gpu-3uwoq-6g3ya-2,ib_hw_counter,rdma_vf_rail3,packet_seq_err,1
2026-09-30T06:24:45.877Z,gpu-3uwoq-6g3ya-2,ib_hw_counter,rdma_vf_rail3,local_ack_timeout_err,0
2026-09-30T06:24:45.877Z,gpu-3uwoq-6g3ya-2,ib_hw_counter,rdma_vf_rail3,rx_write_requests,7.05287e+08
2026-09-30T06:24:45.877Z,gpu-3uwoq-6g3ya-2,ib_hw_counter,rdma_vf_rail3,rx_read_requests,1.05239e+07
2026-09-30T06:24:45.877Z,gpu-3uwoq-6g3ya-2,ib_hw_counter,rdma_vf_rail3,req_cqe_error,0
2026-09-30T06:24:45.877Z,gpu-3uwoq-6g3ya-2,ib_hw_counter,rdma_vf_rail3,resp_cqe_error,0
2026-09-30T06:24:45.877Z,gpu-3uwoq-6g3ya-2,ib_hw_counter,rdma_vf_rail3,implied_nak_seq_err,0
2026-09-30T06:24:45.877Z,gpu-3uwoq-6g3ya-2,ib_hw_counter,rdma_vf_rail3,duplicate_request,0
2026-09-30T06:24:45.877Z,gpu-3uwoq-6g3ya-2,dcgm,gpu2,gpu_util,0
2026-09-30T06:24:45.877Z,gpu-3uwoq-6g3ya-2,dcgm,gpu3,gpu_util,0
2026-09-30T06:24:45.877Z,gpu-3uwoq-6g3ya-2,dcgm,gpu1,gpu_util,0
2026-09-30T06:24:45.877Z,gpu-3uwoq-6g3ya-2,dcgm,gpu0,gpu_util,0
2026-09-30T06:24:45.877Z,gpu-3uwoq-6g3ya-2,dcgm,gpu2,nvlink_bandwidth_total,0
2026-09-30T06:24:45.877Z,gpu-3uwoq-6g3ya-2,dcgm,gpu3,nvlink_bandwidth_total,0
2026-09-30T06:24:45.877Z,gpu-3uwoq-6g3ya-2,dcgm,gpu1,nvlink_bandwidth_total,0
2026-09-30T06:24:45.877Z,gpu-3uwoq-6g3ya-2,dcgm,gpu0,nvlink_bandwidth_total,0
2026-09-30T06:24:45.877Z,gpu-3uwoq-6g3ya-2,dcgm,gpu2,power_w,231.177
2026-09-30T06:24:45.877Z,gpu-3uwoq-6g3ya-2,dcgm,gpu3,power_w,234.24
2026-09-30T06:24:45.877Z,gpu-3uwoq-6g3ya-2,dcgm,gpu1,power_w,229.904
2026-09-30T06:24:45.877Z,gpu-3uwoq-6g3ya-2,dcgm,gpu0,power_w,226.486
2026-09-30T06:24:45.877Z,gpu-3uwoq-6g3ya-2,dcgm,gpu2,sm_clock_mhz,2070
2026-09-30T06:24:45.877Z,gpu-3uwoq-6g3ya-2,dcgm,gpu3,sm_clock_mhz,2070
2026-09-30T06:24:45.877Z,gpu-3uwoq-6g3ya-2,dcgm,gpu1,sm_clock_mhz,2070
2026-09-30T06:24:45.877Z,gpu-3uwoq-6g3ya-2,dcgm,gpu0,sm_clock_mhz,2070
2026-09-30T06:24:45.877Z,gpu-3uwoq-6g3ya-2,dcgm,gpu2,dram_active,3e-06
2026-09-30T06:24:45.877Z,gpu-3uwoq-6g3ya-2,dcgm,gpu3,dram_active,3e-06
2026-09-30T06:24:45.877Z,gpu-3uwoq-6g3ya-2,dcgm,gpu1,dram_active,3e-06
2026-09-30T06:24:45.877Z,gpu-3uwoq-6g3ya-2,dcgm,gpu0,dram_active,3e-06
2026-09-30T06:24:45.877Z,gpu-3uwoq-6g3ya-2,dcgm,gpu2,pcie_rx_bytes,247651
2026-09-30T06:24:45.877Z,gpu-3uwoq-6g3ya-2,dcgm,gpu3,pcie_rx_bytes,234991
2026-09-30T06:24:45.877Z,gpu-3uwoq-6g3ya-2,dcgm,gpu1,pcie_rx_bytes,293204
2026-09-30T06:24:45.877Z,gpu-3uwoq-6g3ya-2,dcgm,gpu0,pcie_rx_bytes,297902
2026-09-30T06:24:45.877Z,gpu-3uwoq-6g3ya-2,dcgm,gpu2,pcie_tx_bytes,225131
2026-09-30T06:24:45.877Z,gpu-3uwoq-6g3ya-2,dcgm,gpu3,pcie_tx_bytes,212334
2026-09-30T06:24:45.877Z,gpu-3uwoq-6g3ya-2,dcgm,gpu1,pcie_tx_bytes,270834
2026-09-30T06:24:45.877Z,gpu-3uwoq-6g3ya-2,dcgm,gpu0,pcie_tx_bytes,275071
2026-09-30T06:24:45.877Z,gpu-3uwoq-6g3ya-2,dcgm,gpu2,tensor_active,0
2026-09-30T06:24:45.877Z,gpu-3uwoq-6g3ya-2,dcgm,gpu3,tensor_active,0
2026-09-30T06:24:45.877Z,gpu-3uwoq-6g3ya-2,dcgm,gpu1,tensor_active,0
2026-09-30T06:24:45.877Z,gpu-3uwoq-6g3ya-2,dcgm,gpu0,tensor_active,0
2026-09-30T06:24:45.877Z,gpu-3uwoq-6g3ya-2,dcgm,gpu2,sm_active,0
2026-09-30T06:24:45.877Z,gpu-3uwoq-6g3ya-2,dcgm,gpu3,sm_active,0
2026-09-30T06:24:45.877Z,gpu-3uwoq-6g3ya-2,dcgm,gpu1,sm_active,0
2026-09-30T06:24:45.877Z,gpu-3uwoq-6g3ya-2,dcgm,gpu0,sm_active,0
2026-09-30T06:24:45.877Z,gpu-3uwoq-6g3ya-2,nvlink,gpu0,nvlink_rx_bytes,4.68692e+13
2026-09-30T06:24:45.877Z,gpu-3uwoq-6g3ya-2,nvlink,gpu0,nvlink_tx_bytes,4.68696e+13
2026-09-30T06:24:45.877Z,gpu-3uwoq-6g3ya-2,nvlink,gpu1,nvlink_rx_bytes,4.70222e+13
2026-09-30T06:24:45.877Z,gpu-3uwoq-6g3ya-2,nvlink,gpu1,nvlink_tx_bytes,4.70228e+13
2026-09-30T06:24:45.877Z,gpu-3uwoq-6g3ya-2,nvlink,gpu2,nvlink_rx_bytes,4.68912e+13
2026-09-30T06:24:45.877Z,gpu-3uwoq-6g3ya-2,nvlink,gpu2,nvlink_tx_bytes,4.68913e+13
2026-09-30T06:24:45.877Z,gpu-3uwoq-6g3ya-2,nvlink,gpu3,nvlink_rx_bytes,4.68385e+13
2026-09-30T06:24:45.877Z,gpu-3uwoq-6g3ya-2,nvlink,gpu3,nvlink_tx_bytes,4.68389e+13
2026-09-30T06:24:46.877Z,gpu-3uwoq-6g3ya-2,ib_counter,rdma_vf_rail0,port_xmit_data,2.91133e+12
2026-09-30T06:24:46.877Z,gpu-3uwoq-6g3ya-2,ib_counter,rdma_vf_rail0,port_rcv_data,5.87073e+12
2026-09-30T06:24:46.877Z,gpu-3uwoq-6g3ya-2,ib_counter,rdma_vf_rail0,port_xmit_packets,9.97029e+08
2026-09-30T06:24:46.877Z,gpu-3uwoq-6g3ya-2,ib_counter,rdma_vf_rail0,port_rcv_packets,1.62223e+09
2026-09-30T06:24:46.877Z,gpu-3uwoq-6g3ya-2,ib_counter,rdma_vf_rail0,port_xmit_wait,0
2026-09-30T06:24:46.877Z,gpu-3uwoq-6g3ya-2,ib_counter,rdma_vf_rail0,port_rcv_errors,0
2026-09-30T06:24:46.877Z,gpu-3uwoq-6g3ya-2,ib_counter,rdma_vf_rail0,port_xmit_discards,0
2026-09-30T06:24:46.877Z,gpu-3uwoq-6g3ya-2,ib_counter,rdma_vf_rail0,link_downed,0
2026-09-30T06:24:46.877Z,gpu-3uwoq-6g3ya-2,ib_hw_counter,rdma_vf_rail0,out_of_sequence,0
2026-09-30T06:24:46.877Z,gpu-3uwoq-6g3ya-2,ib_hw_counter,rdma_vf_rail0,packet_seq_err,0
2026-09-30T06:24:46.877Z,gpu-3uwoq-6g3ya-2,ib_hw_counter,rdma_vf_rail0,local_ack_timeout_err,0
2026-09-30T06:24:46.877Z,gpu-3uwoq-6g3ya-2,ib_hw_counter,rdma_vf_rail0,rx_write_requests,7.07312e+08
2026-09-30T06:24:46.877Z,gpu-3uwoq-6g3ya-2,ib_hw_counter,rdma_vf_rail0,rx_read_requests,1.15325e+07
2026-09-30T06:24:46.877Z,gpu-3uwoq-6g3ya-2,ib_hw_counter,rdma_vf_rail0,req_cqe_error,0
2026-09-30T06:24:46.877Z,gpu-3uwoq-6g3ya-2,ib_hw_counter,rdma_vf_rail0,resp_cqe_error,0
2026-09-30T06:24:46.877Z,gpu-3uwoq-6g3ya-2,ib_hw_counter,rdma_vf_rail0,implied_nak_seq_err,0
2026-09-30T06:24:46.877Z,gpu-3uwoq-6g3ya-2,ib_hw_counter,rdma_vf_rail0,duplicate_request,0
2026-09-30T06:24:46.877Z,gpu-3uwoq-6g3ya-2,ib_counter,rdma_vf_rail1,port_xmit_data,2.80326e+12
2026-09-30T06:24:46.877Z,gpu-3uwoq-6g3ya-2,ib_counter,rdma_vf_rail1,port_rcv_data,5.76262e+12
2026-09-30T06:24:46.877Z,gpu-3uwoq-6g3ya-2,ib_counter,rdma_vf_rail1,port_xmit_packets,9.64359e+08
2026-09-30T06:24:46.877Z,gpu-3uwoq-6g3ya-2,ib_counter,rdma_vf_rail1,port_rcv_packets,1.58974e+09
2026-09-30T06:24:46.877Z,gpu-3uwoq-6g3ya-2,ib_counter,rdma_vf_rail1,port_xmit_wait,0
2026-09-30T06:24:46.877Z,gpu-3uwoq-6g3ya-2,ib_counter,rdma_vf_rail1,port_rcv_errors,0
2026-09-30T06:24:46.877Z,gpu-3uwoq-6g3ya-2,ib_counter,rdma_vf_rail1,port_xmit_discards,0
2026-09-30T06:24:46.877Z,gpu-3uwoq-6g3ya-2,ib_counter,rdma_vf_rail1,link_downed,0
2026-09-30T06:24:46.877Z,gpu-3uwoq-6g3ya-2,ib_hw_counter,rdma_vf_rail1,out_of_sequence,0
2026-09-30T06:24:46.877Z,gpu-3uwoq-6g3ya-2,ib_hw_counter,rdma_vf_rail1,packet_seq_err,0
2026-09-30T06:24:46.877Z,gpu-3uwoq-6g3ya-2,ib_hw_counter,rdma_vf_rail1,local_ack_timeout_err,0
2026-09-30T06:24:46.877Z,gpu-3uwoq-6g3ya-2,ib_hw_counter,rdma_vf_rail1,rx_write_requests,7.05713e+08
2026-09-30T06:24:46.877Z,gpu-3uwoq-6g3ya-2,ib_hw_counter,rdma_vf_rail1,rx_read_requests,1.07318e+07
2026-09-30T06:24:46.877Z,gpu-3uwoq-6g3ya-2,ib_hw_counter,rdma_vf_rail1,req_cqe_error,0
2026-09-30T06:24:46.877Z,gpu-3uwoq-6g3ya-2,ib_hw_counter,rdma_vf_rail1,resp_cqe_error,0
2026-09-30T06:24:46.877Z,gpu-3uwoq-6g3ya-2,ib_hw_counter,rdma_vf_rail1,implied_nak_seq_err,0
2026-09-30T06:24:46.877Z,gpu-3uwoq-6g3ya-2,ib_hw_counter,rdma_vf_rail1,duplicate_request,0
2026-09-30T06:24:46.877Z,gpu-3uwoq-6g3ya-2,ib_counter,rdma_vf_rail2,port_xmit_data,2.77554e+12
2026-09-30T06:24:46.877Z,gpu-3uwoq-6g3ya-2,ib_counter,rdma_vf_rail2,port_rcv_data,5.73434e+12
2026-09-30T06:24:46.877Z,gpu-3uwoq-6g3ya-2,ib_counter,rdma_vf_rail2,port_xmit_packets,9.46478e+08
2026-09-30T06:24:46.877Z,gpu-3uwoq-6g3ya-2,ib_counter,rdma_vf_rail2,port_rcv_packets,1.5656e+09
2026-09-30T06:24:46.877Z,gpu-3uwoq-6g3ya-2,ib_counter,rdma_vf_rail2,port_xmit_wait,0
2026-09-30T06:24:46.877Z,gpu-3uwoq-6g3ya-2,ib_counter,rdma_vf_rail2,port_rcv_errors,0
2026-09-30T06:24:46.877Z,gpu-3uwoq-6g3ya-2,ib_counter,rdma_vf_rail2,port_xmit_discards,0
2026-09-30T06:24:46.877Z,gpu-3uwoq-6g3ya-2,ib_counter,rdma_vf_rail2,link_downed,0
2026-09-30T06:24:46.877Z,gpu-3uwoq-6g3ya-2,ib_hw_counter,rdma_vf_rail2,out_of_sequence,0
2026-09-30T06:24:46.877Z,gpu-3uwoq-6g3ya-2,ib_hw_counter,rdma_vf_rail2,packet_seq_err,0
2026-09-30T06:24:46.877Z,gpu-3uwoq-6g3ya-2,ib_hw_counter,rdma_vf_rail2,local_ack_timeout_err,0
2026-09-30T06:24:46.877Z,gpu-3uwoq-6g3ya-2,ib_hw_counter,rdma_vf_rail2,rx_write_requests,7.05287e+08
2026-09-30T06:24:46.877Z,gpu-3uwoq-6g3ya-2,ib_hw_counter,rdma_vf_rail2,rx_read_requests,1.05239e+07
2026-09-30T06:24:46.877Z,gpu-3uwoq-6g3ya-2,ib_hw_counter,rdma_vf_rail2,req_cqe_error,0
2026-09-30T06:24:46.877Z,gpu-3uwoq-6g3ya-2,ib_hw_counter,rdma_vf_rail2,resp_cqe_error,0
2026-09-30T06:24:46.877Z,gpu-3uwoq-6g3ya-2,ib_hw_counter,rdma_vf_rail2,implied_nak_seq_err,0
2026-09-30T06:24:46.877Z,gpu-3uwoq-6g3ya-2,ib_hw_counter,rdma_vf_rail2,duplicate_request,0
2026-09-30T06:24:46.877Z,gpu-3uwoq-6g3ya-2,ib_counter,rdma_vf_rail3,port_xmit_data,2.77541e+12
2026-09-30T06:24:46.877Z,gpu-3uwoq-6g3ya-2,ib_counter,rdma_vf_rail3,port_rcv_data,5.73495e+12
2026-09-30T06:24:46.877Z,gpu-3uwoq-6g3ya-2,ib_counter,rdma_vf_rail3,port_xmit_packets,9.44818e+08
2026-09-30T06:24:46.877Z,gpu-3uwoq-6g3ya-2,ib_counter,rdma_vf_rail3,port_rcv_packets,1.57303e+09
2026-09-30T06:24:46.877Z,gpu-3uwoq-6g3ya-2,ib_counter,rdma_vf_rail3,port_xmit_wait,0
2026-09-30T06:24:46.877Z,gpu-3uwoq-6g3ya-2,ib_counter,rdma_vf_rail3,port_rcv_errors,0
2026-09-30T06:24:46.877Z,gpu-3uwoq-6g3ya-2,ib_counter,rdma_vf_rail3,port_xmit_discards,0
2026-09-30T06:24:46.877Z,gpu-3uwoq-6g3ya-2,ib_counter,rdma_vf_rail3,link_downed,0
2026-09-30T06:24:46.877Z,gpu-3uwoq-6g3ya-2,ib_hw_counter,rdma_vf_rail3,out_of_sequence,0
2026-09-30T06:24:46.877Z,gpu-3uwoq-6g3ya-2,ib_hw_counter,rdma_vf_rail3,packet_seq_err,1
2026-09-30T06:24:46.877Z,gpu-3uwoq-6g3ya-2,ib_hw_counter,rdma_vf_rail3,local_ack_timeout_err,0
2026-09-30T06:24:46.877Z,gpu-3uwoq-6g3ya-2,ib_hw_counter,rdma_vf_rail3,rx_write_requests,7.05287e+08
2026-09-30T06:24:46.877Z,gpu-3uwoq-6g3ya-2,ib_hw_counter,rdma_vf_rail3,rx_read_requests,1.05239e+07
2026-09-30T06:24:46.877Z,gpu-3uwoq-6g3ya-2,ib_hw_counter,rdma_vf_rail3,req_cqe_error,0
2026-09-30T06:24:46.877Z,gpu-3uwoq-6g3ya-2,ib_hw_counter,rdma_vf_rail3,resp_cqe_error,0
2026-09-30T06:24:46.877Z,gpu-3uwoq-6g3ya-2,ib_hw_counter,rdma_vf_rail3,implied_nak_seq_err,0
2026-09-30T06:24:46.877Z,gpu-3uwoq-6g3ya-2,ib_hw_counter,rdma_vf_rail3,duplicate_request,0
2026-09-30T06:24:46.877Z,gpu-3uwoq-6g3ya-2,dcgm,gpu2,gpu_util,0
2026-09-30T06:24:46.877Z,gpu-3uwoq-6g3ya-2,dcgm,gpu3,gpu_util,0
2026-09-30T06:24:46.877Z,gpu-3uwoq-6g3ya-2,dcgm,gpu1,gpu_util,0
2026-09-30T06:24:46.877Z,gpu-3uwoq-6g3ya-2,dcgm,gpu0,gpu_util,0
2026-09-30T06:24:46.877Z,gpu-3uwoq-6g3ya-2,dcgm,gpu2,nvlink_bandwidth_total,4277
2026-09-30T06:24:46.877Z,gpu-3uwoq-6g3ya-2,dcgm,gpu3,nvlink_bandwidth_total,4278
2026-09-30T06:24:46.877Z,gpu-3uwoq-6g3ya-2,dcgm,gpu1,nvlink_bandwidth_total,4280
2026-09-30T06:24:46.877Z,gpu-3uwoq-6g3ya-2,dcgm,gpu0,nvlink_bandwidth_total,4279
2026-09-30T06:24:46.877Z,gpu-3uwoq-6g3ya-2,dcgm,gpu2,power_w,231.177
2026-09-30T06:24:46.877Z,gpu-3uwoq-6g3ya-2,dcgm,gpu3,power_w,234.24
2026-09-30T06:24:46.877Z,gpu-3uwoq-6g3ya-2,dcgm,gpu1,power_w,229.904
2026-09-30T06:24:46.877Z,gpu-3uwoq-6g3ya-2,dcgm,gpu0,power_w,226.486
2026-09-30T06:24:46.877Z,gpu-3uwoq-6g3ya-2,dcgm,gpu2,sm_clock_mhz,2070
2026-09-30T06:24:46.877Z,gpu-3uwoq-6g3ya-2,dcgm,gpu3,sm_clock_mhz,2070
2026-09-30T06:24:46.877Z,gpu-3uwoq-6g3ya-2,dcgm,gpu1,sm_clock_mhz,2070
2026-09-30T06:24:46.877Z,gpu-3uwoq-6g3ya-2,dcgm,gpu0,sm_clock_mhz,2070
2026-09-30T06:24:46.877Z,gpu-3uwoq-6g3ya-2,dcgm,gpu2,dram_active,3e-06
2026-09-30T06:24:46.877Z,gpu-3uwoq-6g3ya-2,dcgm,gpu3,dram_active,3e-06
2026-09-30T06:24:46.877Z,gpu-3uwoq-6g3ya-2,dcgm,gpu1,dram_active,3e-06
2026-09-30T06:24:46.877Z,gpu-3uwoq-6g3ya-2,dcgm,gpu0,dram_active,3e-06
2026-09-30T06:24:46.877Z,gpu-3uwoq-6g3ya-2,dcgm,gpu2,pcie_rx_bytes,247651
2026-09-30T06:24:46.877Z,gpu-3uwoq-6g3ya-2,dcgm,gpu3,pcie_rx_bytes,234991
2026-09-30T06:24:46.877Z,gpu-3uwoq-6g3ya-2,dcgm,gpu1,pcie_rx_bytes,293204
2026-09-30T06:24:46.877Z,gpu-3uwoq-6g3ya-2,dcgm,gpu0,pcie_rx_bytes,297902
2026-09-30T06:24:46.877Z,gpu-3uwoq-6g3ya-2,dcgm,gpu2,pcie_tx_bytes,225131
2026-09-30T06:24:46.877Z,gpu-3uwoq-6g3ya-2,dcgm,gpu3,pcie_tx_bytes,212334
2026-09-30T06:24:46.877Z,gpu-3uwoq-6g3ya-2,dcgm,gpu1,pcie_tx_bytes,270834
2026-09-30T06:24:46.877Z,gpu-3uwoq-6g3ya-2,dcgm,gpu0,pcie_tx_bytes,275071
2026-09-30T06:24:46.877Z,gpu-3uwoq-6g3ya-2,dcgm,gpu2,tensor_active,0
2026-09-30T06:24:46.877Z,gpu-3uwoq-6g3ya-2,dcgm,gpu3,tensor_active,0
2026-09-30T06:24:46.877Z,gpu-3uwoq-6g3ya-2,dcgm,gpu1,tensor_active,0
2026-09-30T06:24:46.877Z,gpu-3uwoq-6g3ya-2,dcgm,gpu0,tensor_active,0
2026-09-30T06:24:46.877Z,gpu-3uwoq-6g3ya-2,dcgm,gpu2,sm_active,0
2026-09-30T06:24:46.877Z,gpu-3uwoq-6g3ya-2,dcgm,gpu3,sm_active,0
2026-09-30T06:24:46.877Z,gpu-3uwoq-6g3ya-2,dcgm,gpu1,sm_active,0
2026-09-30T06:24:46.877Z,gpu-3uwoq-6g3ya-2,dcgm,gpu0,sm_active,0
2026-09-30T06:24:46.877Z,gpu-3uwoq-6g3ya-2,nvlink,gpu0,nvlink_rx_bytes,4.68692e+13
2026-09-30T06:24:46.877Z,gpu-3uwoq-6g3ya-2,nvlink,gpu0,nvlink_tx_bytes,4.68696e+13
2026-09-30T06:24:46.877Z,gpu-3uwoq-6g3ya-2,nvlink,gpu1,nvlink_rx_bytes,4.70222e+13
2026-09-30T06:24:46.877Z,gpu-3uwoq-6g3ya-2,nvlink,gpu1,nvlink_tx_bytes,4.70228e+13
2026-09-30T06:24:46.877Z,gpu-3uwoq-6g3ya-2,nvlink,gpu2,nvlink_rx_bytes,4.68912e+13
2026-09-30T06:24:46.877Z,gpu-3uwoq-6g3ya-2,nvlink,gpu2,nvlink_tx_bytes,4.68913e+13
2026-09-30T06:24:46.877Z,gpu-3uwoq-6g3ya-2,nvlink,gpu3,nvlink_rx_bytes,4.68385e+13
2026-09-30T06:24:46.877Z,gpu-3uwoq-6g3ya-2,nvlink,gpu3,nvlink_tx_bytes,4.68389e+13
2026-09-30T06:24:47.877Z,gpu-3uwoq-6g3ya-2,ib_counter,rdma_vf_rail0,port_xmit_data,2.91133e+12
2026-09-30T06:24:47.877Z,gpu-3uwoq-6g3ya-2,ib_counter,rdma_vf_rail0,port_rcv_data,5.87073e+12
2026-09-30T06:24:47.877Z,gpu-3uwoq-6g3ya-2,ib_counter,rdma_vf_rail0,port_xmit_packets,9.97029e+08
2026-09-30T06:24:47.877Z,gpu-3uwoq-6g3ya-2,ib_counter,rdma_vf_rail0,port_rcv_packets,1.62223e+09
2026-09-30T06:24:47.877Z,gpu-3uwoq-6g3ya-2,ib_counter,rdma_vf_rail0,port_xmit_wait,0
2026-09-30T06:24:47.877Z,gpu-3uwoq-6g3ya-2,ib_counter,rdma_vf_rail0,port_rcv_errors,0
2026-09-30T06:24:47.877Z,gpu-3uwoq-6g3ya-2,ib_counter,rdma_vf_rail0,port_xmit_discards,0
2026-09-30T06:24:47.877Z,gpu-3uwoq-6g3ya-2,ib_counter,rdma_vf_rail0,link_downed,0
2026-09-30T06:24:47.877Z,gpu-3uwoq-6g3ya-2,ib_hw_counter,rdma_vf_rail0,out_of_sequence,0
2026-09-30T06:24:47.877Z,gpu-3uwoq-6g3ya-2,ib_hw_counter,rdma_vf_rail0,packet_seq_err,0
2026-09-30T06:24:47.877Z,gpu-3uwoq-6g3ya-2,ib_hw_counter,rdma_vf_rail0,local_ack_timeout_err,0
2026-09-30T06:24:47.877Z,gpu-3uwoq-6g3ya-2,ib_hw_counter,rdma_vf_rail0,rx_write_requests,7.07312e+08
2026-09-30T06:24:47.877Z,gpu-3uwoq-6g3ya-2,ib_hw_counter,rdma_vf_rail0,rx_read_requests,1.15325e+07
2026-09-30T06:24:47.877Z,gpu-3uwoq-6g3ya-2,ib_hw_counter,rdma_vf_rail0,req_cqe_error,0
2026-09-30T06:24:47.877Z,gpu-3uwoq-6g3ya-2,ib_hw_counter,rdma_vf_rail0,resp_cqe_error,0
2026-09-30T06:24:47.877Z,gpu-3uwoq-6g3ya-2,ib_hw_counter,rdma_vf_rail0,implied_nak_seq_err,0
2026-09-30T06:24:47.877Z,gpu-3uwoq-6g3ya-2,ib_hw_counter,rdma_vf_rail0,duplicate_request,0
2026-09-30T06:24:47.877Z,gpu-3uwoq-6g3ya-2,ib_counter,rdma_vf_rail1,port_xmit_data,2.80326e+12
2026-09-30T06:24:47.877Z,gpu-3uwoq-6g3ya-2,ib_counter,rdma_vf_rail1,port_rcv_data,5.76262e+12
2026-09-30T06:24:47.877Z,gpu-3uwoq-6g3ya-2,ib_counter,rdma_vf_rail1,port_xmit_packets,9.64359e+08
2026-09-30T06:24:47.877Z,gpu-3uwoq-6g3ya-2,ib_counter,rdma_vf_rail1,port_rcv_packets,1.58974e+09
2026-09-30T06:24:47.877Z,gpu-3uwoq-6g3ya-2,ib_counter,rdma_vf_rail1,port_xmit_wait,0
2026-09-30T06:24:47.877Z,gpu-3uwoq-6g3ya-2,ib_counter,rdma_vf_rail1,port_rcv_errors,0
2026-09-30T06:24:47.877Z,gpu-3uwoq-6g3ya-2,ib_counter,rdma_vf_rail1,port_xmit_discards,0
2026-09-30T06:24:47.877Z,gpu-3uwoq-6g3ya-2,ib_counter,rdma_vf_rail1,link_downed,0
2026-09-30T06:24:47.877Z,gpu-3uwoq-6g3ya-2,ib_hw_counter,rdma_vf_rail1,out_of_sequence,0
2026-09-30T06:24:47.877Z,gpu-3uwoq-6g3ya-2,ib_hw_counter,rdma_vf_rail1,packet_seq_err,0
2026-09-30T06:24:47.877Z,gpu-3uwoq-6g3ya-2,ib_hw_counter,rdma_vf_rail1,local_ack_timeout_err,0
2026-09-30T06:24:47.877Z,gpu-3uwoq-6g3ya-2,ib_hw_counter,rdma_vf_rail1,rx_write_requests,7.05713e+08
2026-09-30T06:24:47.877Z,gpu-3uwoq-6g3ya-2,ib_hw_counter,rdma_vf_rail1,rx_read_requests,1.07318e+07
2026-09-30T06:24:47.877Z,gpu-3uwoq-6g3ya-2,ib_hw_counter,rdma_vf_rail1,req_cqe_error,0
2026-09-30T06:24:47.877Z,gpu-3uwoq-6g3ya-2,ib_hw_counter,rdma_vf_rail1,resp_cqe_error,0
2026-09-30T06:24:47.877Z,gpu-3uwoq-6g3ya-2,ib_hw_counter,rdma_vf_rail1,implied_nak_seq_err,0
2026-09-30T06:24:47.877Z,gpu-3uwoq-6g3ya-2,ib_hw_counter,rdma_vf_rail1,duplicate_request,0
2026-09-30T06:24:47.877Z,gpu-3uwoq-6g3ya-2,ib_counter,rdma_vf_rail2,port_xmit_data,2.77554e+12
2026-09-30T06:24:47.877Z,gpu-3uwoq-6g3ya-2,ib_counter,rdma_vf_rail2,port_rcv_data,5.73434e+12
2026-09-30T06:24:47.877Z,gpu-3uwoq-6g3ya-2,ib_counter,rdma_vf_rail2,port_xmit_packets,9.46478e+08
2026-09-30T06:24:47.877Z,gpu-3uwoq-6g3ya-2,ib_counter,rdma_vf_rail2,port_rcv_packets,1.5656e+09
2026-09-30T06:24:47.877Z,gpu-3uwoq-6g3ya-2,ib_counter,rdma_vf_rail2,port_xmit_wait,0
2026-09-30T06:24:47.877Z,gpu-3uwoq-6g3ya-2,ib_counter,rdma_vf_rail2,port_rcv_errors,0
2026-09-30T06:24:47.877Z,gpu-3uwoq-6g3ya-2,ib_counter,rdma_vf_rail2,port_xmit_discards,0
2026-09-30T06:24:47.877Z,gpu-3uwoq-6g3ya-2,ib_counter,rdma_vf_rail2,link_downed,0
2026-09-30T06:24:47.877Z,gpu-3uwoq-6g3ya-2,ib_hw_counter,rdma_vf_rail2,out_of_sequence,0
2026-09-30T06:24:47.877Z,gpu-3uwoq-6g3ya-2,ib_hw_counter,rdma_vf_rail2,packet_seq_err,0
2026-09-30T06:24:47.877Z,gpu-3uwoq-6g3ya-2,ib_hw_counter,rdma_vf_rail2,local_ack_timeout_err,0
2026-09-30T06:24:47.877Z,gpu-3uwoq-6g3ya-2,ib_hw_counter,rdma_vf_rail2,rx_write_requests,7.05287e+08
2026-09-30T06:24:47.877Z,gpu-3uwoq-6g3ya-2,ib_hw_counter,rdma_vf_rail2,rx_read_requests,1.05239e+07
2026-09-30T06:24:47.877Z,gpu-3uwoq-6g3ya-2,ib_hw_counter,rdma_vf_rail2,req_cqe_error,0
2026-09-30T06:24:47.877Z,gpu-3uwoq-6g3ya-2,ib_hw_counter,rdma_vf_rail2,resp_cqe_error,0
2026-09-30T06:24:47.877Z,gpu-3uwoq-6g3ya-2,ib_hw_counter,rdma_vf_rail2,implied_nak_seq_err,0
2026-09-30T06:24:47.877Z,gpu-3uwoq-6g3ya-2,ib_hw_counter,rdma_vf_rail2,duplicate_request,0
2026-09-30T06:24:47.877Z,gpu-3uwoq-6g3ya-2,ib_counter,rdma_vf_rail3,port_xmit_data,2.77541e+12
2026-09-30T06:24:47.877Z,gpu-3uwoq-6g3ya-2,ib_counter,rdma_vf_rail3,port_rcv_data,5.73495e+12
2026-09-30T06:24:47.877Z,gpu-3uwoq-6g3ya-2,ib_counter,rdma_vf_rail3,port_xmit_packets,9.44818e+08
2026-09-30T06:24:47.877Z,gpu-3uwoq-6g3ya-2,ib_counter,rdma_vf_rail3,port_rcv_packets,1.57303e+09
2026-09-30T06:24:47.877Z,gpu-3uwoq-6g3ya-2,ib_counter,rdma_vf_rail3,port_xmit_wait,0
2026-09-30T06:24:47.877Z,gpu-3uwoq-6g3ya-2,ib_counter,rdma_vf_rail3,port_rcv_errors,0
2026-09-30T06:24:47.877Z,gpu-3uwoq-6g3ya-2,ib_counter,rdma_vf_rail3,port_xmit_discards,0
2026-09-30T06:24:47.877Z,gpu-3uwoq-6g3ya-2,ib_counter,rdma_vf_rail3,link_downed,0
2026-09-30T06:24:47.877Z,gpu-3uwoq-6g3ya-2,ib_hw_counter,rdma_vf_rail3,out_of_sequence,0
2026-09-30T06:24:47.877Z,gpu-3uwoq-6g3ya-2,ib_hw_counter,rdma_vf_rail3,packet_seq_err,1
2026-09-30T06:24:47.877Z,gpu-3uwoq-6g3ya-2,ib_hw_counter,rdma_vf_rail3,local_ack_timeout_err,0
2026-09-30T06:24:47.877Z,gpu-3uwoq-6g3ya-2,ib_hw_counter,rdma_vf_rail3,rx_write_requests,7.05287e+08
2026-09-30T06:24:47.877Z,gpu-3uwoq-6g3ya-2,ib_hw_counter,rdma_vf_rail3,rx_read_requests,1.05239e+07
2026-09-30T06:24:47.877Z,gpu-3uwoq-6g3ya-2,ib_hw_counter,rdma_vf_rail3,req_cqe_error,0
2026-09-30T06:24:47.877Z,gpu-3uwoq-6g3ya-2,ib_hw_counter,rdma_vf_rail3,resp_cqe_error,0
2026-09-30T06:24:47.877Z,gpu-3uwoq-6g3ya-2,ib_hw_counter,rdma_vf_rail3,implied_nak_seq_err,0
2026-09-30T06:24:47.877Z,gpu-3uwoq-6g3ya-2,ib_hw_counter,rdma_vf_rail3,duplicate_request,0
2026-09-30T06:24:47.877Z,gpu-3uwoq-6g3ya-2,dcgm,gpu2,gpu_util,0
2026-09-30T06:24:47.877Z,gpu-3uwoq-6g3ya-2,dcgm,gpu3,gpu_util,0
2026-09-30T06:24:47.877Z,gpu-3uwoq-6g3ya-2,dcgm,gpu1,gpu_util,0
2026-09-30T06:24:47.877Z,gpu-3uwoq-6g3ya-2,dcgm,gpu0,gpu_util,0
2026-09-30T06:24:47.877Z,gpu-3uwoq-6g3ya-2,dcgm,gpu2,nvlink_bandwidth_total,4277
2026-09-30T06:24:47.877Z,gpu-3uwoq-6g3ya-2,dcgm,gpu3,nvlink_bandwidth_total,4278
2026-09-30T06:24:47.877Z,gpu-3uwoq-6g3ya-2,dcgm,gpu1,nvlink_bandwidth_total,4280
2026-09-30T06:24:47.877Z,gpu-3uwoq-6g3ya-2,dcgm,gpu0,nvlink_bandwidth_total,4279
2026-09-30T06:24:47.877Z,gpu-3uwoq-6g3ya-2,dcgm,gpu2,power_w,230.714
2026-09-30T06:24:47.877Z,gpu-3uwoq-6g3ya-2,dcgm,gpu3,power_w,233.95
2026-09-30T06:24:47.877Z,gpu-3uwoq-6g3ya-2,dcgm,gpu1,power_w,229.904
2026-09-30T06:24:47.877Z,gpu-3uwoq-6g3ya-2,dcgm,gpu0,power_w,226.486
2026-09-30T06:24:47.877Z,gpu-3uwoq-6g3ya-2,dcgm,gpu2,sm_clock_mhz,2070
2026-09-30T06:24:47.877Z,gpu-3uwoq-6g3ya-2,dcgm,gpu3,sm_clock_mhz,2070
2026-09-30T06:24:47.877Z,gpu-3uwoq-6g3ya-2,dcgm,gpu1,sm_clock_mhz,2070
2026-09-30T06:24:47.877Z,gpu-3uwoq-6g3ya-2,dcgm,gpu0,sm_clock_mhz,2070
2026-09-30T06:24:47.877Z,gpu-3uwoq-6g3ya-2,dcgm,gpu2,dram_active,0.001416
2026-09-30T06:24:47.877Z,gpu-3uwoq-6g3ya-2,dcgm,gpu3,dram_active,0.001415
2026-09-30T06:24:47.877Z,gpu-3uwoq-6g3ya-2,dcgm,gpu1,dram_active,3e-06
2026-09-30T06:24:47.877Z,gpu-3uwoq-6g3ya-2,dcgm,gpu0,dram_active,3e-06
2026-09-30T06:24:47.877Z,gpu-3uwoq-6g3ya-2,dcgm,gpu2,pcie_rx_bytes,4.77689e+08
2026-09-30T06:24:47.877Z,gpu-3uwoq-6g3ya-2,dcgm,gpu3,pcie_rx_bytes,234991
2026-09-30T06:24:47.877Z,gpu-3uwoq-6g3ya-2,dcgm,gpu1,pcie_rx_bytes,4.77753e+08
2026-09-30T06:24:47.877Z,gpu-3uwoq-6g3ya-2,dcgm,gpu0,pcie_rx_bytes,4.77731e+08
2026-09-30T06:24:47.877Z,gpu-3uwoq-6g3ya-2,dcgm,gpu2,pcie_tx_bytes,225131
2026-09-30T06:24:47.877Z,gpu-3uwoq-6g3ya-2,dcgm,gpu3,pcie_tx_bytes,212334
2026-09-30T06:24:47.877Z,gpu-3uwoq-6g3ya-2,dcgm,gpu1,pcie_tx_bytes,4.68902e+08
2026-09-30T06:24:47.877Z,gpu-3uwoq-6g3ya-2,dcgm,gpu0,pcie_tx_bytes,4.68878e+08
2026-09-30T06:24:47.877Z,gpu-3uwoq-6g3ya-2,dcgm,gpu2,tensor_active,0
2026-09-30T06:24:47.877Z,gpu-3uwoq-6g3ya-2,dcgm,gpu3,tensor_active,0
2026-09-30T06:24:47.877Z,gpu-3uwoq-6g3ya-2,dcgm,gpu1,tensor_active,0
2026-09-30T06:24:47.877Z,gpu-3uwoq-6g3ya-2,dcgm,gpu0,tensor_active,0
2026-09-30T06:24:47.877Z,gpu-3uwoq-6g3ya-2,dcgm,gpu2,sm_active,0.001678
2026-09-30T06:24:47.877Z,gpu-3uwoq-6g3ya-2,dcgm,gpu3,sm_active,0
2026-09-30T06:24:47.877Z,gpu-3uwoq-6g3ya-2,dcgm,gpu1,sm_active,0
2026-09-30T06:24:47.877Z,gpu-3uwoq-6g3ya-2,dcgm,gpu0,sm_active,0.002154
2026-09-30T06:24:47.877Z,gpu-3uwoq-6g3ya-2,nvlink,gpu0,nvlink_rx_bytes,4.68692e+13
2026-09-30T06:24:47.877Z,gpu-3uwoq-6g3ya-2,nvlink,gpu0,nvlink_tx_bytes,4.68696e+13
2026-09-30T06:24:47.877Z,gpu-3uwoq-6g3ya-2,nvlink,gpu1,nvlink_rx_bytes,4.70222e+13
2026-09-30T06:24:47.877Z,gpu-3uwoq-6g3ya-2,nvlink,gpu1,nvlink_tx_bytes,4.70228e+13
2026-09-30T06:24:47.877Z,gpu-3uwoq-6g3ya-2,nvlink,gpu2,nvlink_rx_bytes,4.68912e+13
2026-09-30T06:24:47.877Z,gpu-3uwoq-6g3ya-2,nvlink,gpu2,nvlink_tx_bytes,4.68913e+13
2026-09-30T06:24:47.877Z,gpu-3uwoq-6g3ya-2,nvlink,gpu3,nvlink_rx_bytes,4.68385e+13
2026-09-30T06:24:47.877Z,gpu-3uwoq-6g3ya-2,nvlink,gpu3,nvlink_tx_bytes,4.68389e+13
2026-09-30T06:24:48.877Z,gpu-3uwoq-6g3ya-2,ib_counter,rdma_vf_rail0,port_xmit_data,2.91133e+12
2026-09-30T06:24:48.877Z,gpu-3uwoq-6g3ya-2,ib_counter,rdma_vf_rail0,port_rcv_data,5.87073e+12
2026-09-30T06:24:48.877Z,gpu-3uwoq-6g3ya-2,ib_counter,rdma_vf_rail0,port_xmit_packets,9.97029e+08
2026-09-30T06:24:48.877Z,gpu-3uwoq-6g3ya-2,ib_counter,rdma_vf_rail0,port_rcv_packets,1.62223e+09
2026-09-30T06:24:48.877Z,gpu-3uwoq-6g3ya-2,ib_counter,rdma_vf_rail0,port_xmit_wait,0
2026-09-30T06:24:48.877Z,gpu-3uwoq-6g3ya-2,ib_counter,rdma_vf_rail0,port_rcv_errors,0
2026-09-30T06:24:48.877Z,gpu-3uwoq-6g3ya-2,ib_counter,rdma_vf_rail0,port_xmit_discards,0
2026-09-30T06:24:48.877Z,gpu-3uwoq-6g3ya-2,ib_counter,rdma_vf_rail0,link_downed,0
2026-09-30T06:24:48.877Z,gpu-3uwoq-6g3ya-2,ib_hw_counter,rdma_vf_rail0,out_of_sequence,0
2026-09-30T06:24:48.877Z,gpu-3uwoq-6g3ya-2,ib_hw_counter,rdma_vf_rail0,packet_seq_err,0
2026-09-30T06:24:48.877Z,gpu-3uwoq-6g3ya-2,ib_hw_counter,rdma_vf_rail0,local_ack_timeout_err,0
2026-09-30T06:24:48.877Z,gpu-3uwoq-6g3ya-2,ib_hw_counter,rdma_vf_rail0,rx_write_requests,7.07312e+08
2026-09-30T06:24:48.877Z,gpu-3uwoq-6g3ya-2,ib_hw_counter,rdma_vf_rail0,rx_read_requests,1.15325e+07
2026-09-30T06:24:48.877Z,gpu-3uwoq-6g3ya-2,ib_hw_counter,rdma_vf_rail0,req_cqe_error,0
2026-09-30T06:24:48.877Z,gpu-3uwoq-6g3ya-2,ib_hw_counter,rdma_vf_rail0,resp_cqe_error,0
2026-09-30T06:24:48.877Z,gpu-3uwoq-6g3ya-2,ib_hw_counter,rdma_vf_rail0,implied_nak_seq_err,0
2026-09-30T06:24:48.877Z,gpu-3uwoq-6g3ya-2,ib_hw_counter,rdma_vf_rail0,duplicate_request,0
2026-09-30T06:24:48.877Z,gpu-3uwoq-6g3ya-2,ib_counter,rdma_vf_rail1,port_xmit_data,2.80326e+12
2026-09-30T06:24:48.877Z,gpu-3uwoq-6g3ya-2,ib_counter,rdma_vf_rail1,port_rcv_data,5.76262e+12
2026-09-30T06:24:48.877Z,gpu-3uwoq-6g3ya-2,ib_counter,rdma_vf_rail1,port_xmit_packets,9.64359e+08
2026-09-30T06:24:48.877Z,gpu-3uwoq-6g3ya-2,ib_counter,rdma_vf_rail1,port_rcv_packets,1.58974e+09
2026-09-30T06:24:48.877Z,gpu-3uwoq-6g3ya-2,ib_counter,rdma_vf_rail1,port_xmit_wait,0
2026-09-30T06:24:48.877Z,gpu-3uwoq-6g3ya-2,ib_counter,rdma_vf_rail1,port_rcv_errors,0
2026-09-30T06:24:48.877Z,gpu-3uwoq-6g3ya-2,ib_counter,rdma_vf_rail1,port_xmit_discards,0
2026-09-30T06:24:48.877Z,gpu-3uwoq-6g3ya-2,ib_counter,rdma_vf_rail1,link_downed,0
2026-09-30T06:24:48.877Z,gpu-3uwoq-6g3ya-2,ib_hw_counter,rdma_vf_rail1,out_of_sequence,0
2026-09-30T06:24:48.877Z,gpu-3uwoq-6g3ya-2,ib_hw_counter,rdma_vf_rail1,packet_seq_err,0
2026-09-30T06:24:48.877Z,gpu-3uwoq-6g3ya-2,ib_hw_counter,rdma_vf_rail1,local_ack_timeout_err,0
2026-09-30T06:24:48.877Z,gpu-3uwoq-6g3ya-2,ib_hw_counter,rdma_vf_rail1,rx_write_requests,7.05713e+08
2026-09-30T06:24:48.877Z,gpu-3uwoq-6g3ya-2,ib_hw_counter,rdma_vf_rail1,rx_read_requests,1.07318e+07
2026-09-30T06:24:48.877Z,gpu-3uwoq-6g3ya-2,ib_hw_counter,rdma_vf_rail1,req_cqe_error,0
2026-09-30T06:24:48.877Z,gpu-3uwoq-6g3ya-2,ib_hw_counter,rdma_vf_rail1,resp_cqe_error,0
2026-09-30T06:24:48.877Z,gpu-3uwoq-6g3ya-2,ib_hw_counter,rdma_vf_rail1,implied_nak_seq_err,0
2026-09-30T06:24:48.877Z,gpu-3uwoq-6g3ya-2,ib_hw_counter,rdma_vf_rail1,duplicate_request,0
2026-09-30T06:24:48.877Z,gpu-3uwoq-6g3ya-2,ib_counter,rdma_vf_rail2,port_xmit_data,2.77554e+12
2026-09-30T06:24:48.877Z,gpu-3uwoq-6g3ya-2,ib_counter,rdma_vf_rail2,port_rcv_data,5.73434e+12
2026-09-30T06:24:48.877Z,gpu-3uwoq-6g3ya-2,ib_counter,rdma_vf_rail2,port_xmit_packets,9.46478e+08
2026-09-30T06:24:48.877Z,gpu-3uwoq-6g3ya-2,ib_counter,rdma_vf_rail2,port_rcv_packets,1.5656e+09
2026-09-30T06:24:48.877Z,gpu-3uwoq-6g3ya-2,ib_counter,rdma_vf_rail2,port_xmit_wait,0
2026-09-30T06:24:48.877Z,gpu-3uwoq-6g3ya-2,ib_counter,rdma_vf_rail2,port_rcv_errors,0
2026-09-30T06:24:48.877Z,gpu-3uwoq-6g3ya-2,ib_counter,rdma_vf_rail2,port_xmit_discards,0
2026-09-30T06:24:48.877Z,gpu-3uwoq-6g3ya-2,ib_counter,rdma_vf_rail2,link_downed,0
2026-09-30T06:24:48.877Z,gpu-3uwoq-6g3ya-2,ib_hw_counter,rdma_vf_rail2,out_of_sequence,0
2026-09-30T06:24:48.877Z,gpu-3uwoq-6g3ya-2,ib_hw_counter,rdma_vf_rail2,packet_seq_err,0
2026-09-30T06:24:48.877Z,gpu-3uwoq-6g3ya-2,ib_hw_counter,rdma_vf_rail2,local_ack_timeout_err,0
2026-09-30T06:24:48.877Z,gpu-3uwoq-6g3ya-2,ib_hw_counter,rdma_vf_rail2,rx_write_requests,7.05287e+08
2026-09-30T06:24:48.877Z,gpu-3uwoq-6g3ya-2,ib_hw_counter,rdma_vf_rail2,rx_read_requests,1.05239e+07
2026-09-30T06:24:48.877Z,gpu-3uwoq-6g3ya-2,ib_hw_counter,rdma_vf_rail2,req_cqe_error,0
2026-09-30T06:24:48.877Z,gpu-3uwoq-6g3ya-2,ib_hw_counter,rdma_vf_rail2,resp_cqe_error,0
2026-09-30T06:24:48.877Z,gpu-3uwoq-6g3ya-2,ib_hw_counter,rdma_vf_rail2,implied_nak_seq_err,0
2026-09-30T06:24:48.877Z,gpu-3uwoq-6g3ya-2,ib_hw_counter,rdma_vf_rail2,duplicate_request,0
2026-09-30T06:24:48.877Z,gpu-3uwoq-6g3ya-2,ib_counter,rdma_vf_rail3,port_xmit_data,2.77541e+12
2026-09-30T06:24:48.877Z,gpu-3uwoq-6g3ya-2,ib_counter,rdma_vf_rail3,port_rcv_data,5.73495e+12
2026-09-30T06:24:48.877Z,gpu-3uwoq-6g3ya-2,ib_counter,rdma_vf_rail3,port_xmit_packets,9.44818e+08
2026-09-30T06:24:48.877Z,gpu-3uwoq-6g3ya-2,ib_counter,rdma_vf_rail3,port_rcv_packets,1.57303e+09
2026-09-30T06:24:48.877Z,gpu-3uwoq-6g3ya-2,ib_counter,rdma_vf_rail3,port_xmit_wait,0
2026-09-30T06:24:48.877Z,gpu-3uwoq-6g3ya-2,ib_counter,rdma_vf_rail3,port_rcv_errors,0
2026-09-30T06:24:48.877Z,gpu-3uwoq-6g3ya-2,ib_counter,rdma_vf_rail3,port_xmit_discards,0
2026-09-30T06:24:48.877Z,gpu-3uwoq-6g3ya-2,ib_counter,rdma_vf_rail3,link_downed,0
2026-09-30T06:24:48.877Z,gpu-3uwoq-6g3ya-2,ib_hw_counter,rdma_vf_rail3,out_of_sequence,0
2026-09-30T06:24:48.877Z,gpu-3uwoq-6g3ya-2,ib_hw_counter,rdma_vf_rail3,packet_seq_err,1
2026-09-30T06:24:48.877Z,gpu-3uwoq-6g3ya-2,ib_hw_counter,rdma_vf_rail3,local_ack_timeout_err,0
2026-09-30T06:24:48.877Z,gpu-3uwoq-6g3ya-2,ib_hw_counter,rdma_vf_rail3,rx_write_requests,7.05287e+08
2026-09-30T06:24:48.877Z,gpu-3uwoq-6g3ya-2,ib_hw_counter,rdma_vf_rail3,rx_read_requests,1.05239e+07
2026-09-30T06:24:48.877Z,gpu-3uwoq-6g3ya-2,ib_hw_counter,rdma_vf_rail3,req_cqe_error,0
2026-09-30T06:24:48.877Z,gpu-3uwoq-6g3ya-2,ib_hw_counter,rdma_vf_rail3,resp_cqe_error,0
2026-09-30T06:24:48.877Z,gpu-3uwoq-6g3ya-2,ib_hw_counter,rdma_vf_rail3,implied_nak_seq_err,0
2026-09-30T06:24:48.877Z,gpu-3uwoq-6g3ya-2,ib_hw_counter,rdma_vf_rail3,duplicate_request,0
2026-09-30T06:24:48.877Z,gpu-3uwoq-6g3ya-2,dcgm,gpu2,gpu_util,0
2026-09-30T06:24:48.877Z,gpu-3uwoq-6g3ya-2,dcgm,gpu3,gpu_util,0
2026-09-30T06:24:48.877Z,gpu-3uwoq-6g3ya-2,dcgm,gpu1,gpu_util,0
2026-09-30T06:24:48.877Z,gpu-3uwoq-6g3ya-2,dcgm,gpu0,gpu_util,0
2026-09-30T06:24:48.877Z,gpu-3uwoq-6g3ya-2,dcgm,gpu2,nvlink_bandwidth_total,4277
2026-09-30T06:24:48.877Z,gpu-3uwoq-6g3ya-2,dcgm,gpu3,nvlink_bandwidth_total,4278
2026-09-30T06:24:48.877Z,gpu-3uwoq-6g3ya-2,dcgm,gpu1,nvlink_bandwidth_total,4280
2026-09-30T06:24:48.877Z,gpu-3uwoq-6g3ya-2,dcgm,gpu0,nvlink_bandwidth_total,4279
2026-09-30T06:24:48.877Z,gpu-3uwoq-6g3ya-2,dcgm,gpu2,power_w,230.714
2026-09-30T06:24:48.877Z,gpu-3uwoq-6g3ya-2,dcgm,gpu3,power_w,233.95
2026-09-30T06:24:48.877Z,gpu-3uwoq-6g3ya-2,dcgm,gpu1,power_w,229.904
2026-09-30T06:24:48.877Z,gpu-3uwoq-6g3ya-2,dcgm,gpu0,power_w,226.486
2026-09-30T06:24:48.877Z,gpu-3uwoq-6g3ya-2,dcgm,gpu2,sm_clock_mhz,2070
2026-09-30T06:24:48.877Z,gpu-3uwoq-6g3ya-2,dcgm,gpu3,sm_clock_mhz,2070
2026-09-30T06:24:48.877Z,gpu-3uwoq-6g3ya-2,dcgm,gpu1,sm_clock_mhz,2070
2026-09-30T06:24:48.877Z,gpu-3uwoq-6g3ya-2,dcgm,gpu0,sm_clock_mhz,2070
2026-09-30T06:24:48.877Z,gpu-3uwoq-6g3ya-2,dcgm,gpu2,dram_active,0.001416
2026-09-30T06:24:48.877Z,gpu-3uwoq-6g3ya-2,dcgm,gpu3,dram_active,0.001415
2026-09-30T06:24:48.877Z,gpu-3uwoq-6g3ya-2,dcgm,gpu1,dram_active,3e-06
2026-09-30T06:24:48.877Z,gpu-3uwoq-6g3ya-2,dcgm,gpu0,dram_active,3e-06
2026-09-30T06:24:48.877Z,gpu-3uwoq-6g3ya-2,dcgm,gpu2,pcie_rx_bytes,4.77689e+08
2026-09-30T06:24:48.877Z,gpu-3uwoq-6g3ya-2,dcgm,gpu3,pcie_rx_bytes,234991
2026-09-30T06:24:48.877Z,gpu-3uwoq-6g3ya-2,dcgm,gpu1,pcie_rx_bytes,4.77753e+08
2026-09-30T06:24:48.877Z,gpu-3uwoq-6g3ya-2,dcgm,gpu0,pcie_rx_bytes,4.77731e+08
2026-09-30T06:24:48.877Z,gpu-3uwoq-6g3ya-2,dcgm,gpu2,pcie_tx_bytes,225131
2026-09-30T06:24:48.877Z,gpu-3uwoq-6g3ya-2,dcgm,gpu3,pcie_tx_bytes,212334
2026-09-30T06:24:48.877Z,gpu-3uwoq-6g3ya-2,dcgm,gpu1,pcie_tx_bytes,4.68902e+08
2026-09-30T06:24:48.877Z,gpu-3uwoq-6g3ya-2,dcgm,gpu0,pcie_tx_bytes,4.68878e+08
2026-09-30T06:24:48.877Z,gpu-3uwoq-6g3ya-2,dcgm,gpu2,tensor_active,0
2026-09-30T06:24:48.877Z,gpu-3uwoq-6g3ya-2,dcgm,gpu3,tensor_active,0
2026-09-30T06:24:48.877Z,gpu-3uwoq-6g3ya-2,dcgm,gpu1,tensor_active,0
2026-09-30T06:24:48.877Z,gpu-3uwoq-6g3ya-2,dcgm,gpu0,tensor_active,0
2026-09-30T06:24:48.877Z,gpu-3uwoq-6g3ya-2,dcgm,gpu2,sm_active,0.001678
2026-09-30T06:24:48.877Z,gpu-3uwoq-6g3ya-2,dcgm,gpu3,sm_active,0
2026-09-30T06:24:48.877Z,gpu-3uwoq-6g3ya-2,dcgm,gpu1,sm_active,0
2026-09-30T06:24:48.877Z,gpu-3uwoq-6g3ya-2,dcgm,gpu0,sm_active,0.002154
2026-09-30T06:24:48.877Z,gpu-3uwoq-6g3ya-2,nvlink,gpu0,nvlink_rx_bytes,4.69349e+13
2026-09-30T06:24:48.877Z,gpu-3uwoq-6g3ya-2,nvlink,gpu0,nvlink_tx_bytes,4.69354e+13
2026-09-30T06:24:48.877Z,gpu-3uwoq-6g3ya-2,nvlink,gpu1,nvlink_rx_bytes,4.7088e+13
2026-09-30T06:24:48.877Z,gpu-3uwoq-6g3ya-2,nvlink,gpu1,nvlink_tx_bytes,4.70886e+13
2026-09-30T06:24:48.877Z,gpu-3uwoq-6g3ya-2,nvlink,gpu2,nvlink_rx_bytes,4.69568e+13
2026-09-30T06:24:48.877Z,gpu-3uwoq-6g3ya-2,nvlink,gpu2,nvlink_tx_bytes,4.69571e+13
2026-09-30T06:24:48.877Z,gpu-3uwoq-6g3ya-2,nvlink,gpu3,nvlink_rx_bytes,4.69042e+13
2026-09-30T06:24:48.877Z,gpu-3uwoq-6g3ya-2,nvlink,gpu3,nvlink_tx_bytes,4.69047e+13
2026-09-30T06:24:49.877Z,gpu-3uwoq-6g3ya-2,ib_counter,rdma_vf_rail0,port_xmit_data,2.91133e+12
2026-09-30T06:24:49.877Z,gpu-3uwoq-6g3ya-2,ib_counter,rdma_vf_rail0,port_rcv_data,5.87073e+12
2026-09-30T06:24:49.877Z,gpu-3uwoq-6g3ya-2,ib_counter,rdma_vf_rail0,port_xmit_packets,9.97029e+08
2026-09-30T06:24:49.877Z,gpu-3uwoq-6g3ya-2,ib_counter,rdma_vf_rail0,port_rcv_packets,1.62223e+09
2026-09-30T06:24:49.877Z,gpu-3uwoq-6g3ya-2,ib_counter,rdma_vf_rail0,port_xmit_wait,0
2026-09-30T06:24:49.877Z,gpu-3uwoq-6g3ya-2,ib_counter,rdma_vf_rail0,port_rcv_errors,0
2026-09-30T06:24:49.877Z,gpu-3uwoq-6g3ya-2,ib_counter,rdma_vf_rail0,port_xmit_discards,0
2026-09-30T06:24:49.877Z,gpu-3uwoq-6g3ya-2,ib_counter,rdma_vf_rail0,link_downed,0
2026-09-30T06:24:49.877Z,gpu-3uwoq-6g3ya-2,ib_hw_counter,rdma_vf_rail0,out_of_sequence,0
2026-09-30T06:24:49.877Z,gpu-3uwoq-6g3ya-2,ib_hw_counter,rdma_vf_rail0,packet_seq_err,0
2026-09-30T06:24:49.877Z,gpu-3uwoq-6g3ya-2,ib_hw_counter,rdma_vf_rail0,local_ack_timeout_err,0
2026-09-30T06:24:49.877Z,gpu-3uwoq-6g3ya-2,ib_hw_counter,rdma_vf_rail0,rx_write_requests,7.07312e+08
2026-09-30T06:24:49.877Z,gpu-3uwoq-6g3ya-2,ib_hw_counter,rdma_vf_rail0,rx_read_requests,1.15325e+07
2026-09-30T06:24:49.877Z,gpu-3uwoq-6g3ya-2,ib_hw_counter,rdma_vf_rail0,req_cqe_error,0
2026-09-30T06:24:49.877Z,gpu-3uwoq-6g3ya-2,ib_hw_counter,rdma_vf_rail0,resp_cqe_error,0
2026-09-30T06:24:49.877Z,gpu-3uwoq-6g3ya-2,ib_hw_counter,rdma_vf_rail0,implied_nak_seq_err,0
2026-09-30T06:24:49.877Z,gpu-3uwoq-6g3ya-2,ib_hw_counter,rdma_vf_rail0,duplicate_request,0
2026-09-30T06:24:49.877Z,gpu-3uwoq-6g3ya-2,ib_counter,rdma_vf_rail1,port_xmit_data,2.80326e+12
2026-09-30T06:24:49.877Z,gpu-3uwoq-6g3ya-2,ib_counter,rdma_vf_rail1,port_rcv_data,5.76262e+12
2026-09-30T06:24:49.877Z,gpu-3uwoq-6g3ya-2,ib_counter,rdma_vf_rail1,port_xmit_packets,9.64359e+08
2026-09-30T06:24:49.877Z,gpu-3uwoq-6g3ya-2,ib_counter,rdma_vf_rail1,port_rcv_packets,1.58974e+09
2026-09-30T06:24:49.877Z,gpu-3uwoq-6g3ya-2,ib_counter,rdma_vf_rail1,port_xmit_wait,0
2026-09-30T06:24:49.877Z,gpu-3uwoq-6g3ya-2,ib_counter,rdma_vf_rail1,port_rcv_errors,0
2026-09-30T06:24:49.877Z,gpu-3uwoq-6g3ya-2,ib_counter,rdma_vf_rail1,port_xmit_discards,0
2026-09-30T06:24:49.877Z,gpu-3uwoq-6g3ya-2,ib_counter,rdma_vf_rail1,link_downed,0
2026-09-30T06:24:49.877Z,gpu-3uwoq-6g3ya-2,ib_hw_counter,rdma_vf_rail1,out_of_sequence,0
2026-09-30T06:24:49.877Z,gpu-3uwoq-6g3ya-2,ib_hw_counter,rdma_vf_rail1,packet_seq_err,0
2026-09-30T06:24:49.877Z,gpu-3uwoq-6g3ya-2,ib_hw_counter,rdma_vf_rail1,local_ack_timeout_err,0
2026-09-30T06:24:49.877Z,gpu-3uwoq-6g3ya-2,ib_hw_counter,rdma_vf_rail1,rx_write_requests,7.05713e+08
2026-09-30T06:24:49.877Z,gpu-3uwoq-6g3ya-2,ib_hw_counter,rdma_vf_rail1,rx_read_requests,1.07318e+07
2026-09-30T06:24:49.877Z,gpu-3uwoq-6g3ya-2,ib_hw_counter,rdma_vf_rail1,req_cqe_error,0
2026-09-30T06:24:49.877Z,gpu-3uwoq-6g3ya-2,ib_hw_counter,rdma_vf_rail1,resp_cqe_error,0
2026-09-30T06:24:49.877Z,gpu-3uwoq-6g3ya-2,ib_hw_counter,rdma_vf_rail1,implied_nak_seq_err,0
2026-09-30T06:24:49.877Z,gpu-3uwoq-6g3ya-2,ib_hw_counter,rdma_vf_rail1,duplicate_request,0
2026-09-30T06:24:49.877Z,gpu-3uwoq-6g3ya-2,ib_counter,rdma_vf_rail2,port_xmit_data,2.77554e+12
2026-09-30T06:24:49.877Z,gpu-3uwoq-6g3ya-2,ib_counter,rdma_vf_rail2,port_rcv_data,5.73434e+12
2026-09-30T06:24:49.877Z,gpu-3uwoq-6g3ya-2,ib_counter,rdma_vf_rail2,port_xmit_packets,9.46478e+08
2026-09-30T06:24:49.877Z,gpu-3uwoq-6g3ya-2,ib_counter,rdma_vf_rail2,port_rcv_packets,1.5656e+09
2026-09-30T06:24:49.877Z,gpu-3uwoq-6g3ya-2,ib_counter,rdma_vf_rail2,port_xmit_wait,0
2026-09-30T06:24:49.877Z,gpu-3uwoq-6g3ya-2,ib_counter,rdma_vf_rail2,port_rcv_errors,0
2026-09-30T06:24:49.877Z,gpu-3uwoq-6g3ya-2,ib_counter,rdma_vf_rail2,port_xmit_discards,0
2026-09-30T06:24:49.877Z,gpu-3uwoq-6g3ya-2,ib_counter,rdma_vf_rail2,link_downed,0
2026-09-30T06:24:49.877Z,gpu-3uwoq-6g3ya-2,ib_hw_counter,rdma_vf_rail2,out_of_sequence,0
2026-09-30T06:24:49.877Z,gpu-3uwoq-6g3ya-2,ib_hw_counter,rdma_vf_rail2,packet_seq_err,0
2026-09-30T06:24:49.877Z,gpu-3uwoq-6g3ya-2,ib_hw_counter,rdma_vf_rail2,local_ack_timeout_err,0
2026-09-30T06:24:49.877Z,gpu-3uwoq-6g3ya-2,ib_hw_counter,rdma_vf_rail2,rx_write_requests,7.05287e+08
2026-09-30T06:24:49.877Z,gpu-3uwoq-6g3ya-2,ib_hw_counter,rdma_vf_rail2,rx_read_requests,1.05239e+07
2026-09-30T06:24:49.877Z,gpu-3uwoq-6g3ya-2,ib_hw_counter,rdma_vf_rail2,req_cqe_error,0
2026-09-30T06:24:49.877Z,gpu-3uwoq-6g3ya-2,ib_hw_counter,rdma_vf_rail2,resp_cqe_error,0
2026-09-30T06:24:49.877Z,gpu-3uwoq-6g3ya-2,ib_hw_counter,rdma_vf_rail2,implied_nak_seq_err,0
2026-09-30T06:24:49.877Z,gpu-3uwoq-6g3ya-2,ib_hw_counter,rdma_vf_rail2,duplicate_request,0
2026-09-30T06:24:49.877Z,gpu-3uwoq-6g3ya-2,ib_counter,rdma_vf_rail3,port_xmit_data,2.77541e+12
2026-09-30T06:24:49.877Z,gpu-3uwoq-6g3ya-2,ib_counter,rdma_vf_rail3,port_rcv_data,5.73495e+12
2026-09-30T06:24:49.877Z,gpu-3uwoq-6g3ya-2,ib_counter,rdma_vf_rail3,port_xmit_packets,9.44818e+08
2026-09-30T06:24:49.877Z,gpu-3uwoq-6g3ya-2,ib_counter,rdma_vf_rail3,port_rcv_packets,1.57303e+09
2026-09-30T06:24:49.877Z,gpu-3uwoq-6g3ya-2,ib_counter,rdma_vf_rail3,port_xmit_wait,0
2026-09-30T06:24:49.877Z,gpu-3uwoq-6g3ya-2,ib_counter,rdma_vf_rail3,port_rcv_errors,0
2026-09-30T06:24:49.877Z,gpu-3uwoq-6g3ya-2,ib_counter,rdma_vf_rail3,port_xmit_discards,0
2026-09-30T06:24:49.877Z,gpu-3uwoq-6g3ya-2,ib_counter,rdma_vf_rail3,link_downed,0
2026-09-30T06:24:49.877Z,gpu-3uwoq-6g3ya-2,ib_hw_counter,rdma_vf_rail3,out_of_sequence,0
2026-09-30T06:24:49.877Z,gpu-3uwoq-6g3ya-2,ib_hw_counter,rdma_vf_rail3,packet_seq_err,1
2026-09-30T06:24:49.877Z,gpu-3uwoq-6g3ya-2,ib_hw_counter,rdma_vf_rail3,local_ack_timeout_err,0
2026-09-30T06:24:49.877Z,gpu-3uwoq-6g3ya-2,ib_hw_counter,rdma_vf_rail3,rx_write_requests,7.05287e+08
2026-09-30T06:24:49.877Z,gpu-3uwoq-6g3ya-2,ib_hw_counter,rdma_vf_rail3,rx_read_requests,1.05239e+07
2026-09-30T06:24:49.877Z,gpu-3uwoq-6g3ya-2,ib_hw_counter,rdma_vf_rail3,req_cqe_error,0
2026-09-30T06:24:49.877Z,gpu-3uwoq-6g3ya-2,ib_hw_counter,rdma_vf_rail3,resp_cqe_error,0
2026-09-30T06:24:49.877Z,gpu-3uwoq-6g3ya-2,ib_hw_counter,rdma_vf_rail3,implied_nak_seq_err,0
2026-09-30T06:24:49.877Z,gpu-3uwoq-6g3ya-2,ib_hw_counter,rdma_vf_rail3,duplicate_request,0
2026-09-30T06:24:49.877Z,gpu-3uwoq-6g3ya-2,dcgm,gpu2,gpu_util,0
2026-09-30T06:24:49.877Z,gpu-3uwoq-6g3ya-2,dcgm,gpu3,gpu_util,0
2026-09-30T06:24:49.877Z,gpu-3uwoq-6g3ya-2,dcgm,gpu1,gpu_util,0
2026-09-30T06:24:49.877Z,gpu-3uwoq-6g3ya-2,dcgm,gpu0,gpu_util,0
2026-09-30T06:24:49.877Z,gpu-3uwoq-6g3ya-2,dcgm,gpu2,nvlink_bandwidth_total,4277
2026-09-30T06:24:49.877Z,gpu-3uwoq-6g3ya-2,dcgm,gpu3,nvlink_bandwidth_total,4278
2026-09-30T06:24:49.877Z,gpu-3uwoq-6g3ya-2,dcgm,gpu1,nvlink_bandwidth_total,4280
2026-09-30T06:24:49.877Z,gpu-3uwoq-6g3ya-2,dcgm,gpu0,nvlink_bandwidth_total,4279
2026-09-30T06:24:49.877Z,gpu-3uwoq-6g3ya-2,dcgm,gpu2,power_w,230.714
2026-09-30T06:24:49.877Z,gpu-3uwoq-6g3ya-2,dcgm,gpu3,power_w,233.95
2026-09-30T06:24:49.877Z,gpu-3uwoq-6g3ya-2,dcgm,gpu1,power_w,229.904
2026-09-30T06:24:49.877Z,gpu-3uwoq-6g3ya-2,dcgm,gpu0,power_w,226.486
2026-09-30T06:24:49.877Z,gpu-3uwoq-6g3ya-2,dcgm,gpu2,sm_clock_mhz,2070
2026-09-30T06:24:49.877Z,gpu-3uwoq-6g3ya-2,dcgm,gpu3,sm_clock_mhz,2070
2026-09-30T06:24:49.877Z,gpu-3uwoq-6g3ya-2,dcgm,gpu1,sm_clock_mhz,2070
2026-09-30T06:24:49.877Z,gpu-3uwoq-6g3ya-2,dcgm,gpu0,sm_clock_mhz,2070
2026-09-30T06:24:49.877Z,gpu-3uwoq-6g3ya-2,dcgm,gpu2,dram_active,0.001416
2026-09-30T06:24:49.877Z,gpu-3uwoq-6g3ya-2,dcgm,gpu3,dram_active,0.001415
2026-09-30T06:24:49.877Z,gpu-3uwoq-6g3ya-2,dcgm,gpu1,dram_active,3e-06
2026-09-30T06:24:49.877Z,gpu-3uwoq-6g3ya-2,dcgm,gpu0,dram_active,3e-06
2026-09-30T06:24:49.877Z,gpu-3uwoq-6g3ya-2,dcgm,gpu2,pcie_rx_bytes,4.77689e+08
2026-09-30T06:24:49.877Z,gpu-3uwoq-6g3ya-2,dcgm,gpu3,pcie_rx_bytes,234991
2026-09-30T06:24:49.877Z,gpu-3uwoq-6g3ya-2,dcgm,gpu1,pcie_rx_bytes,4.77753e+08
2026-09-30T06:24:49.877Z,gpu-3uwoq-6g3ya-2,dcgm,gpu0,pcie_rx_bytes,4.77731e+08
2026-09-30T06:24:49.877Z,gpu-3uwoq-6g3ya-2,dcgm,gpu2,pcie_tx_bytes,225131
2026-09-30T06:24:49.877Z,gpu-3uwoq-6g3ya-2,dcgm,gpu3,pcie_tx_bytes,212334
2026-09-30T06:24:49.877Z,gpu-3uwoq-6g3ya-2,dcgm,gpu1,pcie_tx_bytes,4.68902e+08
2026-09-30T06:24:49.877Z,gpu-3uwoq-6g3ya-2,dcgm,gpu0,pcie_tx_bytes,4.68878e+08
2026-09-30T06:24:49.877Z,gpu-3uwoq-6g3ya-2,dcgm,gpu2,tensor_active,0
2026-09-30T06:24:49.877Z,gpu-3uwoq-6g3ya-2,dcgm,gpu3,tensor_active,0
2026-09-30T06:24:49.877Z,gpu-3uwoq-6g3ya-2,dcgm,gpu1,tensor_active,0
2026-09-30T06:24:49.877Z,gpu-3uwoq-6g3ya-2,dcgm,gpu0,tensor_active,0
2026-09-30T06:24:49.877Z,gpu-3uwoq-6g3ya-2,dcgm,gpu2,sm_active,0.001678
2026-09-30T06:24:49.877Z,gpu-3uwoq-6g3ya-2,dcgm,gpu3,sm_active,0
2026-09-30T06:24:49.877Z,gpu-3uwoq-6g3ya-2,dcgm,gpu1,sm_active,0
2026-09-30T06:24:49.877Z,gpu-3uwoq-6g3ya-2,dcgm,gpu0,sm_active,0.002154
2026-09-30T06:24:49.877Z,gpu-3uwoq-6g3ya-2,nvlink,gpu0,nvlink_rx_bytes,4.69349e+13
2026-09-30T06:24:49.877Z,gpu-3uwoq-6g3ya-2,nvlink,gpu0,nvlink_tx_bytes,4.69354e+13
2026-09-30T06:24:49.877Z,gpu-3uwoq-6g3ya-2,nvlink,gpu1,nvlink_rx_bytes,4.7088e+13
2026-09-30T06:24:49.877Z,gpu-3uwoq-6g3ya-2,nvlink,gpu1,nvlink_tx_bytes,4.70886e+13
2026-09-30T06:24:49.877Z,gpu-3uwoq-6g3ya-2,nvlink,gpu2,nvlink_rx_bytes,4.69568e+13
2026-09-30T06:24:49.877Z,gpu-3uwoq-6g3ya-2,nvlink,gpu2,nvlink_tx_bytes,4.69571e+13
2026-09-30T06:24:49.877Z,gpu-3uwoq-6g3ya-2,nvlink,gpu3,nvlink_rx_bytes,4.69042e+13
2026-09-30T06:24:49.877Z,gpu-3uwoq-6g3ya-2,nvlink,gpu3,nvlink_tx_bytes,4.69047e+13
2026-09-30T06:24:50.878Z,gpu-3uwoq-6g3ya-2,ib_counter,rdma_vf_rail0,port_xmit_data,2.91133e+12
2026-09-30T06:24:50.878Z,gpu-3uwoq-6g3ya-2,ib_counter,rdma_vf_rail0,port_rcv_data,5.87073e+12
2026-09-30T06:24:50.878Z,gpu-3uwoq-6g3ya-2,ib_counter,rdma_vf_rail0,port_xmit_packets,9.97029e+08
2026-09-30T06:24:50.878Z,gpu-3uwoq-6g3ya-2,ib_counter,rdma_vf_rail0,port_rcv_packets,1.62223e+09
2026-09-30T06:24:50.878Z,gpu-3uwoq-6g3ya-2,ib_counter,rdma_vf_rail0,port_xmit_wait,0
2026-09-30T06:24:50.878Z,gpu-3uwoq-6g3ya-2,ib_counter,rdma_vf_rail0,port_rcv_errors,0
2026-09-30T06:24:50.878Z,gpu-3uwoq-6g3ya-2,ib_counter,rdma_vf_rail0,port_xmit_discards,0
2026-09-30T06:24:50.878Z,gpu-3uwoq-6g3ya-2,ib_counter,rdma_vf_rail0,link_downed,0
2026-09-30T06:24:50.878Z,gpu-3uwoq-6g3ya-2,ib_hw_counter,rdma_vf_rail0,out_of_sequence,0
2026-09-30T06:24:50.878Z,gpu-3uwoq-6g3ya-2,ib_hw_counter,rdma_vf_rail0,packet_seq_err,0
2026-09-30T06:24:50.878Z,gpu-3uwoq-6g3ya-2,ib_hw_counter,rdma_vf_rail0,local_ack_timeout_err,0
2026-09-30T06:24:50.878Z,gpu-3uwoq-6g3ya-2,ib_hw_counter,rdma_vf_rail0,rx_write_requests,7.07312e+08
2026-09-30T06:24:50.878Z,gpu-3uwoq-6g3ya-2,ib_hw_counter,rdma_vf_rail0,rx_read_requests,1.15325e+07
2026-09-30T06:24:50.878Z,gpu-3uwoq-6g3ya-2,ib_hw_counter,rdma_vf_rail0,req_cqe_error,0
2026-09-30T06:24:50.878Z,gpu-3uwoq-6g3ya-2,ib_hw_counter,rdma_vf_rail0,resp_cqe_error,0
2026-09-30T06:24:50.878Z,gpu-3uwoq-6g3ya-2,ib_hw_counter,rdma_vf_rail0,implied_nak_seq_err,0
2026-09-30T06:24:50.878Z,gpu-3uwoq-6g3ya-2,ib_hw_counter,rdma_vf_rail0,duplicate_request,0
2026-09-30T06:24:50.878Z,gpu-3uwoq-6g3ya-2,ib_counter,rdma_vf_rail1,port_xmit_data,2.80326e+12
2026-09-30T06:24:50.878Z,gpu-3uwoq-6g3ya-2,ib_counter,rdma_vf_rail1,port_rcv_data,5.76262e+12
2026-09-30T06:24:50.878Z,gpu-3uwoq-6g3ya-2,ib_counter,rdma_vf_rail1,port_xmit_packets,9.64359e+08
2026-09-30T06:24:50.878Z,gpu-3uwoq-6g3ya-2,ib_counter,rdma_vf_rail1,port_rcv_packets,1.58974e+09
2026-09-30T06:24:50.878Z,gpu-3uwoq-6g3ya-2,ib_counter,rdma_vf_rail1,port_xmit_wait,0
2026-09-30T06:24:50.878Z,gpu-3uwoq-6g3ya-2,ib_counter,rdma_vf_rail1,port_rcv_errors,0
2026-09-30T06:24:50.878Z,gpu-3uwoq-6g3ya-2,ib_counter,rdma_vf_rail1,port_xmit_discards,0
2026-09-30T06:24:50.878Z,gpu-3uwoq-6g3ya-2,ib_counter,rdma_vf_rail1,link_downed,0
2026-09-30T06:24:50.878Z,gpu-3uwoq-6g3ya-2,ib_hw_counter,rdma_vf_rail1,out_of_sequence,0
2026-09-30T06:24:50.878Z,gpu-3uwoq-6g3ya-2,ib_hw_counter,rdma_vf_rail1,packet_seq_err,0
2026-09-30T06:24:50.878Z,gpu-3uwoq-6g3ya-2,ib_hw_counter,rdma_vf_rail1,local_ack_timeout_err,0
2026-09-30T06:24:50.878Z,gpu-3uwoq-6g3ya-2,ib_hw_counter,rdma_vf_rail1,rx_write_requests,7.05713e+08
2026-09-30T06:24:50.878Z,gpu-3uwoq-6g3ya-2,ib_hw_counter,rdma_vf_rail1,rx_read_requests,1.07318e+07
2026-09-30T06:24:50.878Z,gpu-3uwoq-6g3ya-2,ib_hw_counter,rdma_vf_rail1,req_cqe_error,0
2026-09-30T06:24:50.878Z,gpu-3uwoq-6g3ya-2,ib_hw_counter,rdma_vf_rail1,resp_cqe_error,0
2026-09-30T06:24:50.878Z,gpu-3uwoq-6g3ya-2,ib_hw_counter,rdma_vf_rail1,implied_nak_seq_err,0
2026-09-30T06:24:50.878Z,gpu-3uwoq-6g3ya-2,ib_hw_counter,rdma_vf_rail1,duplicate_request,0
2026-09-30T06:24:50.878Z,gpu-3uwoq-6g3ya-2,ib_counter,rdma_vf_rail2,port_xmit_data,2.77554e+12
2026-09-30T06:24:50.878Z,gpu-3uwoq-6g3ya-2,ib_counter,rdma_vf_rail2,port_rcv_data,5.73434e+12
2026-09-30T06:24:50.878Z,gpu-3uwoq-6g3ya-2,ib_counter,rdma_vf_rail2,port_xmit_packets,9.46478e+08
2026-09-30T06:24:50.878Z,gpu-3uwoq-6g3ya-2,ib_counter,rdma_vf_rail2,port_rcv_packets,1.5656e+09
2026-09-30T06:24:50.878Z,gpu-3uwoq-6g3ya-2,ib_counter,rdma_vf_rail2,port_xmit_wait,0
2026-09-30T06:24:50.878Z,gpu-3uwoq-6g3ya-2,ib_counter,rdma_vf_rail2,port_rcv_errors,0
2026-09-30T06:24:50.878Z,gpu-3uwoq-6g3ya-2,ib_counter,rdma_vf_rail2,port_xmit_discards,0
2026-09-30T06:24:50.878Z,gpu-3uwoq-6g3ya-2,ib_counter,rdma_vf_rail2,link_downed,0
2026-09-30T06:24:50.878Z,gpu-3uwoq-6g3ya-2,ib_hw_counter,rdma_vf_rail2,out_of_sequence,0
2026-09-30T06:24:50.878Z,gpu-3uwoq-6g3ya-2,ib_hw_counter,rdma_vf_rail2,packet_seq_err,0
2026-09-30T06:24:50.878Z,gpu-3uwoq-6g3ya-2,ib_hw_counter,rdma_vf_rail2,local_ack_timeout_err,0
2026-09-30T06:24:50.878Z,gpu-3uwoq-6g3ya-2,ib_hw_counter,rdma_vf_rail2,rx_write_requests,7.05287e+08
2026-09-30T06:24:50.878Z,gpu-3uwoq-6g3ya-2,ib_hw_counter,rdma_vf_rail2,rx_read_requests,1.05239e+07
2026-09-30T06:24:50.878Z,gpu-3uwoq-6g3ya-2,ib_hw_counter,rdma_vf_rail2,req_cqe_error,0
2026-09-30T06:24:50.878Z,gpu-3uwoq-6g3ya-2,ib_hw_counter,rdma_vf_rail2,resp_cqe_error,0
2026-09-30T06:24:50.878Z,gpu-3uwoq-6g3ya-2,ib_hw_counter,rdma_vf_rail2,implied_nak_seq_err,0
2026-09-30T06:24:50.878Z,gpu-3uwoq-6g3ya-2,ib_hw_counter,rdma_vf_rail2,duplicate_request,0
2026-09-30T06:24:50.878Z,gpu-3uwoq-6g3ya-2,ib_counter,rdma_vf_rail3,port_xmit_data,2.77541e+12
2026-09-30T06:24:50.878Z,gpu-3uwoq-6g3ya-2,ib_counter,rdma_vf_rail3,port_rcv_data,5.73495e+12
2026-09-30T06:24:50.878Z,gpu-3uwoq-6g3ya-2,ib_counter,rdma_vf_rail3,port_xmit_packets,9.44818e+08
2026-09-30T06:24:50.878Z,gpu-3uwoq-6g3ya-2,ib_counter,rdma_vf_rail3,port_rcv_packets,1.57303e+09
2026-09-30T06:24:50.878Z,gpu-3uwoq-6g3ya-2,ib_counter,rdma_vf_rail3,port_xmit_wait,0
2026-09-30T06:24:50.878Z,gpu-3uwoq-6g3ya-2,ib_counter,rdma_vf_rail3,port_rcv_errors,0
2026-09-30T06:24:50.878Z,gpu-3uwoq-6g3ya-2,ib_counter,rdma_vf_rail3,port_xmit_discards,0
2026-09-30T06:24:50.878Z,gpu-3uwoq-6g3ya-2,ib_counter,rdma_vf_rail3,link_downed,0
2026-09-30T06:24:50.878Z,gpu-3uwoq-6g3ya-2,ib_hw_counter,rdma_vf_rail3,out_of_sequence,0
2026-09-30T06:24:50.878Z,gpu-3uwoq-6g3ya-2,ib_hw_counter,rdma_vf_rail3,packet_seq_err,1
2026-09-30T06:24:50.878Z,gpu-3uwoq-6g3ya-2,ib_hw_counter,rdma_vf_rail3,local_ack_timeout_err,0
2026-09-30T06:24:50.878Z,gpu-3uwoq-6g3ya-2,ib_hw_counter,rdma_vf_rail3,rx_write_requests,7.05287e+08
2026-09-30T06:24:50.878Z,gpu-3uwoq-6g3ya-2,ib_hw_counter,rdma_vf_rail3,rx_read_requests,1.05239e+07
2026-09-30T06:24:50.878Z,gpu-3uwoq-6g3ya-2,ib_hw_counter,rdma_vf_rail3,req_cqe_error,0
2026-09-30T06:24:50.878Z,gpu-3uwoq-6g3ya-2,ib_hw_counter,rdma_vf_rail3,resp_cqe_error,0
2026-09-30T06:24:50.878Z,gpu-3uwoq-6g3ya-2,ib_hw_counter,rdma_vf_rail3,implied_nak_seq_err,0
2026-09-30T06:24:50.878Z,gpu-3uwoq-6g3ya-2,ib_hw_counter,rdma_vf_rail3,duplicate_request,0
2026-09-30T06:24:50.878Z,gpu-3uwoq-6g3ya-2,dcgm,gpu2,gpu_util,0
2026-09-30T06:24:50.878Z,gpu-3uwoq-6g3ya-2,dcgm,gpu3,gpu_util,0
2026-09-30T06:24:50.878Z,gpu-3uwoq-6g3ya-2,dcgm,gpu1,gpu_util,0
2026-09-30T06:24:50.878Z,gpu-3uwoq-6g3ya-2,dcgm,gpu0,gpu_util,0
2026-09-30T06:24:50.878Z,gpu-3uwoq-6g3ya-2,dcgm,gpu2,nvlink_bandwidth_total,4277
2026-09-30T06:24:50.878Z,gpu-3uwoq-6g3ya-2,dcgm,gpu3,nvlink_bandwidth_total,4278
2026-09-30T06:24:50.878Z,gpu-3uwoq-6g3ya-2,dcgm,gpu1,nvlink_bandwidth_total,4280
2026-09-30T06:24:50.878Z,gpu-3uwoq-6g3ya-2,dcgm,gpu0,nvlink_bandwidth_total,4279
2026-09-30T06:24:50.878Z,gpu-3uwoq-6g3ya-2,dcgm,gpu2,power_w,230.714
2026-09-30T06:24:50.878Z,gpu-3uwoq-6g3ya-2,dcgm,gpu3,power_w,233.95
2026-09-30T06:24:50.878Z,gpu-3uwoq-6g3ya-2,dcgm,gpu1,power_w,230.034
2026-09-30T06:24:50.878Z,gpu-3uwoq-6g3ya-2,dcgm,gpu0,power_w,226.51
2026-09-30T06:24:50.878Z,gpu-3uwoq-6g3ya-2,dcgm,gpu2,sm_clock_mhz,2070
2026-09-30T06:24:50.878Z,gpu-3uwoq-6g3ya-2,dcgm,gpu3,sm_clock_mhz,2070
2026-09-30T06:24:50.878Z,gpu-3uwoq-6g3ya-2,dcgm,gpu1,sm_clock_mhz,2070
2026-09-30T06:24:50.878Z,gpu-3uwoq-6g3ya-2,dcgm,gpu0,sm_clock_mhz,2070
2026-09-30T06:24:50.878Z,gpu-3uwoq-6g3ya-2,dcgm,gpu2,dram_active,0.001416
2026-09-30T06:24:50.878Z,gpu-3uwoq-6g3ya-2,dcgm,gpu3,dram_active,0.001415
2026-09-30T06:24:50.878Z,gpu-3uwoq-6g3ya-2,dcgm,gpu1,dram_active,0.00141
2026-09-30T06:24:50.878Z,gpu-3uwoq-6g3ya-2,dcgm,gpu0,dram_active,0.00141
2026-09-30T06:24:50.878Z,gpu-3uwoq-6g3ya-2,dcgm,gpu2,pcie_rx_bytes,4.77689e+08
2026-09-30T06:24:50.878Z,gpu-3uwoq-6g3ya-2,dcgm,gpu3,pcie_rx_bytes,4.77621e+08
2026-09-30T06:24:50.878Z,gpu-3uwoq-6g3ya-2,dcgm,gpu1,pcie_rx_bytes,4.77753e+08
2026-09-30T06:24:50.878Z,gpu-3uwoq-6g3ya-2,dcgm,gpu0,pcie_rx_bytes,4.77731e+08
2026-09-30T06:24:50.878Z,gpu-3uwoq-6g3ya-2,dcgm,gpu2,pcie_tx_bytes,4.68839e+08
2026-09-30T06:24:50.878Z,gpu-3uwoq-6g3ya-2,dcgm,gpu3,pcie_tx_bytes,4.68772e+08
2026-09-30T06:24:50.878Z,gpu-3uwoq-6g3ya-2,dcgm,gpu1,pcie_tx_bytes,4.68902e+08
2026-09-30T06:24:50.878Z,gpu-3uwoq-6g3ya-2,dcgm,gpu0,pcie_tx_bytes,4.68878e+08
2026-09-30T06:24:50.878Z,gpu-3uwoq-6g3ya-2,dcgm,gpu2,tensor_active,0
2026-09-30T06:24:50.878Z,gpu-3uwoq-6g3ya-2,dcgm,gpu3,tensor_active,0
2026-09-30T06:24:50.878Z,gpu-3uwoq-6g3ya-2,dcgm,gpu1,tensor_active,0
2026-09-30T06:24:50.878Z,gpu-3uwoq-6g3ya-2,dcgm,gpu0,tensor_active,0
2026-09-30T06:24:50.878Z,gpu-3uwoq-6g3ya-2,dcgm,gpu2,sm_active,0.001678
2026-09-30T06:24:50.878Z,gpu-3uwoq-6g3ya-2,dcgm,gpu3,sm_active,0.001736
2026-09-30T06:24:50.878Z,gpu-3uwoq-6g3ya-2,dcgm,gpu1,sm_active,0.0022
2026-09-30T06:24:50.878Z,gpu-3uwoq-6g3ya-2,dcgm,gpu0,sm_active,0.002154
2026-09-30T06:24:50.878Z,gpu-3uwoq-6g3ya-2,nvlink,gpu0,nvlink_rx_bytes,4.69349e+13
2026-09-30T06:24:50.878Z,gpu-3uwoq-6g3ya-2,nvlink,gpu0,nvlink_tx_bytes,4.69354e+13
2026-09-30T06:24:50.878Z,gpu-3uwoq-6g3ya-2,nvlink,gpu1,nvlink_rx_bytes,4.7088e+13
2026-09-30T06:24:50.878Z,gpu-3uwoq-6g3ya-2,nvlink,gpu1,nvlink_tx_bytes,4.70886e+13
2026-09-30T06:24:50.878Z,gpu-3uwoq-6g3ya-2,nvlink,gpu2,nvlink_rx_bytes,4.69568e+13
2026-09-30T06:24:50.878Z,gpu-3uwoq-6g3ya-2,nvlink,gpu2,nvlink_tx_bytes,4.69571e+13
2026-09-30T06:24:50.878Z,gpu-3uwoq-6g3ya-2,nvlink,gpu3,nvlink_rx_bytes,4.69042e+13
2026-09-30T06:24:50.878Z,gpu-3uwoq-6g3ya-2,nvlink,gpu3,nvlink_tx_bytes,4.69047e+13
2026-09-30T06:24:51.878Z,gpu-3uwoq-6g3ya-2,ib_counter,rdma_vf_rail0,port_xmit_data,2.91133e+12
2026-09-30T06:24:51.878Z,gpu-3uwoq-6g3ya-2,ib_counter,rdma_vf_rail0,port_rcv_data,5.87073e+12
2026-09-30T06:24:51.878Z,gpu-3uwoq-6g3ya-2,ib_counter,rdma_vf_rail0,port_xmit_packets,9.97029e+08
2026-09-30T06:24:51.878Z,gpu-3uwoq-6g3ya-2,ib_counter,rdma_vf_rail0,port_rcv_packets,1.62223e+09
2026-09-30T06:24:51.878Z,gpu-3uwoq-6g3ya-2,ib_counter,rdma_vf_rail0,port_xmit_wait,0
2026-09-30T06:24:51.878Z,gpu-3uwoq-6g3ya-2,ib_counter,rdma_vf_rail0,port_rcv_errors,0
2026-09-30T06:24:51.878Z,gpu-3uwoq-6g3ya-2,ib_counter,rdma_vf_rail0,port_xmit_discards,0
2026-09-30T06:24:51.878Z,gpu-3uwoq-6g3ya-2,ib_counter,rdma_vf_rail0,link_downed,0
2026-09-30T06:24:51.878Z,gpu-3uwoq-6g3ya-2,ib_hw_counter,rdma_vf_rail0,out_of_sequence,0
2026-09-30T06:24:51.878Z,gpu-3uwoq-6g3ya-2,ib_hw_counter,rdma_vf_rail0,packet_seq_err,0
2026-09-30T06:24:51.878Z,gpu-3uwoq-6g3ya-2,ib_hw_counter,rdma_vf_rail0,local_ack_timeout_err,0
2026-09-30T06:24:51.878Z,gpu-3uwoq-6g3ya-2,ib_hw_counter,rdma_vf_rail0,rx_write_requests,7.07312e+08
2026-09-30T06:24:51.878Z,gpu-3uwoq-6g3ya-2,ib_hw_counter,rdma_vf_rail0,rx_read_requests,1.15325e+07
2026-09-30T06:24:51.878Z,gpu-3uwoq-6g3ya-2,ib_hw_counter,rdma_vf_rail0,req_cqe_error,0
2026-09-30T06:24:51.878Z,gpu-3uwoq-6g3ya-2,ib_hw_counter,rdma_vf_rail0,resp_cqe_error,0
2026-09-30T06:24:51.878Z,gpu-3uwoq-6g3ya-2,ib_hw_counter,rdma_vf_rail0,implied_nak_seq_err,0
2026-09-30T06:24:51.878Z,gpu-3uwoq-6g3ya-2,ib_hw_counter,rdma_vf_rail0,duplicate_request,0
2026-09-30T06:24:51.878Z,gpu-3uwoq-6g3ya-2,ib_counter,rdma_vf_rail1,port_xmit_data,2.80326e+12
2026-09-30T06:24:51.878Z,gpu-3uwoq-6g3ya-2,ib_counter,rdma_vf_rail1,port_rcv_data,5.76262e+12
2026-09-30T06:24:51.878Z,gpu-3uwoq-6g3ya-2,ib_counter,rdma_vf_rail1,port_xmit_packets,9.64359e+08
2026-09-30T06:24:51.878Z,gpu-3uwoq-6g3ya-2,ib_counter,rdma_vf_rail1,port_rcv_packets,1.58974e+09
2026-09-30T06:24:51.878Z,gpu-3uwoq-6g3ya-2,ib_counter,rdma_vf_rail1,port_xmit_wait,0
2026-09-30T06:24:51.878Z,gpu-3uwoq-6g3ya-2,ib_counter,rdma_vf_rail1,port_rcv_errors,0
2026-09-30T06:24:51.878Z,gpu-3uwoq-6g3ya-2,ib_counter,rdma_vf_rail1,port_xmit_discards,0
2026-09-30T06:24:51.878Z,gpu-3uwoq-6g3ya-2,ib_counter,rdma_vf_rail1,link_downed,0
2026-09-30T06:24:51.878Z,gpu-3uwoq-6g3ya-2,ib_hw_counter,rdma_vf_rail1,out_of_sequence,0
2026-09-30T06:24:51.878Z,gpu-3uwoq-6g3ya-2,ib_hw_counter,rdma_vf_rail1,packet_seq_err,0
2026-09-30T06:24:51.878Z,gpu-3uwoq-6g3ya-2,ib_hw_counter,rdma_vf_rail1,local_ack_timeout_err,0
2026-09-30T06:24:51.878Z,gpu-3uwoq-6g3ya-2,ib_hw_counter,rdma_vf_rail1,rx_write_requests,7.05713e+08
2026-09-30T06:24:51.878Z,gpu-3uwoq-6g3ya-2,ib_hw_counter,rdma_vf_rail1,rx_read_requests,1.07318e+07
2026-09-30T06:24:51.878Z,gpu-3uwoq-6g3ya-2,ib_hw_counter,rdma_vf_rail1,req_cqe_error,0
2026-09-30T06:24:51.878Z,gpu-3uwoq-6g3ya-2,ib_hw_counter,rdma_vf_rail1,resp_cqe_error,0
2026-09-30T06:24:51.878Z,gpu-3uwoq-6g3ya-2,ib_hw_counter,rdma_vf_rail1,implied_nak_seq_err,0
2026-09-30T06:24:51.878Z,gpu-3uwoq-6g3ya-2,ib_hw_counter,rdma_vf_rail1,duplicate_request,0
2026-09-30T06:24:51.878Z,gpu-3uwoq-6g3ya-2,ib_counter,rdma_vf_rail2,port_xmit_data,2.77554e+12
2026-09-30T06:24:51.878Z,gpu-3uwoq-6g3ya-2,ib_counter,rdma_vf_rail2,port_rcv_data,5.73434e+12
2026-09-30T06:24:51.878Z,gpu-3uwoq-6g3ya-2,ib_counter,rdma_vf_rail2,port_xmit_packets,9.46478e+08
2026-09-30T06:24:51.878Z,gpu-3uwoq-6g3ya-2,ib_counter,rdma_vf_rail2,port_rcv_packets,1.5656e+09
2026-09-30T06:24:51.878Z,gpu-3uwoq-6g3ya-2,ib_counter,rdma_vf_rail2,port_xmit_wait,0
2026-09-30T06:24:51.878Z,gpu-3uwoq-6g3ya-2,ib_counter,rdma_vf_rail2,port_rcv_errors,0
2026-09-30T06:24:51.878Z,gpu-3uwoq-6g3ya-2,ib_counter,rdma_vf_rail2,port_xmit_discards,0
2026-09-30T06:24:51.878Z,gpu-3uwoq-6g3ya-2,ib_counter,rdma_vf_rail2,link_downed,0
2026-09-30T06:24:51.878Z,gpu-3uwoq-6g3ya-2,ib_hw_counter,rdma_vf_rail2,out_of_sequence,0
2026-09-30T06:24:51.878Z,gpu-3uwoq-6g3ya-2,ib_hw_counter,rdma_vf_rail2,packet_seq_err,0
2026-09-30T06:24:51.878Z,gpu-3uwoq-6g3ya-2,ib_hw_counter,rdma_vf_rail2,local_ack_timeout_err,0
2026-09-30T06:24:51.878Z,gpu-3uwoq-6g3ya-2,ib_hw_counter,rdma_vf_rail2,rx_write_requests,7.05287e+08
2026-09-30T06:24:51.878Z,gpu-3uwoq-6g3ya-2,ib_hw_counter,rdma_vf_rail2,rx_read_requests,1.05239e+07
2026-09-30T06:24:51.878Z,gpu-3uwoq-6g3ya-2,ib_hw_counter,rdma_vf_rail2,req_cqe_error,0
2026-09-30T06:24:51.878Z,gpu-3uwoq-6g3ya-2,ib_hw_counter,rdma_vf_rail2,resp_cqe_error,0
2026-09-30T06:24:51.878Z,gpu-3uwoq-6g3ya-2,ib_hw_counter,rdma_vf_rail2,implied_nak_seq_err,0
2026-09-30T06:24:51.878Z,gpu-3uwoq-6g3ya-2,ib_hw_counter,rdma_vf_rail2,duplicate_request,0
2026-09-30T06:24:51.878Z,gpu-3uwoq-6g3ya-2,ib_counter,rdma_vf_rail3,port_xmit_data,2.77541e+12
2026-09-30T06:24:51.878Z,gpu-3uwoq-6g3ya-2,ib_counter,rdma_vf_rail3,port_rcv_data,5.73495e+12
2026-09-30T06:24:51.878Z,gpu-3uwoq-6g3ya-2,ib_counter,rdma_vf_rail3,port_xmit_packets,9.44818e+08
2026-09-30T06:24:51.878Z,gpu-3uwoq-6g3ya-2,ib_counter,rdma_vf_rail3,port_rcv_packets,1.57303e+09
2026-09-30T06:24:51.878Z,gpu-3uwoq-6g3ya-2,ib_counter,rdma_vf_rail3,port_xmit_wait,0
2026-09-30T06:24:51.878Z,gpu-3uwoq-6g3ya-2,ib_counter,rdma_vf_rail3,port_rcv_errors,0
2026-09-30T06:24:51.878Z,gpu-3uwoq-6g3ya-2,ib_counter,rdma_vf_rail3,port_xmit_discards,0
2026-09-30T06:24:51.878Z,gpu-3uwoq-6g3ya-2,ib_counter,rdma_vf_rail3,link_downed,0
2026-09-30T06:24:51.878Z,gpu-3uwoq-6g3ya-2,ib_hw_counter,rdma_vf_rail3,out_of_sequence,0
2026-09-30T06:24:51.878Z,gpu-3uwoq-6g3ya-2,ib_hw_counter,rdma_vf_rail3,packet_seq_err,1
2026-09-30T06:24:51.878Z,gpu-3uwoq-6g3ya-2,ib_hw_counter,rdma_vf_rail3,local_ack_timeout_err,0
2026-09-30T06:24:51.878Z,gpu-3uwoq-6g3ya-2,ib_hw_counter,rdma_vf_rail3,rx_write_requests,7.05287e+08
2026-09-30T06:24:51.878Z,gpu-3uwoq-6g3ya-2,ib_hw_counter,rdma_vf_rail3,rx_read_requests,1.05239e+07
2026-09-30T06:24:51.878Z,gpu-3uwoq-6g3ya-2,ib_hw_counter,rdma_vf_rail3,req_cqe_error,0
2026-09-30T06:24:51.878Z,gpu-3uwoq-6g3ya-2,ib_hw_counter,rdma_vf_rail3,resp_cqe_error,0
2026-09-30T06:24:51.878Z,gpu-3uwoq-6g3ya-2,ib_hw_counter,rdma_vf_rail3,implied_nak_seq_err,0
2026-09-30T06:24:51.878Z,gpu-3uwoq-6g3ya-2,ib_hw_counter,rdma_vf_rail3,duplicate_request,0
2026-09-30T06:24:51.878Z,gpu-3uwoq-6g3ya-2,dcgm,gpu2,gpu_util,0
2026-09-30T06:24:51.878Z,gpu-3uwoq-6g3ya-2,dcgm,gpu3,gpu_util,0
2026-09-30T06:24:51.878Z,gpu-3uwoq-6g3ya-2,dcgm,gpu1,gpu_util,0
2026-09-30T06:24:51.878Z,gpu-3uwoq-6g3ya-2,dcgm,gpu0,gpu_util,0
2026-09-30T06:24:51.878Z,gpu-3uwoq-6g3ya-2,dcgm,gpu2,nvlink_bandwidth_total,4277
2026-09-30T06:24:51.878Z,gpu-3uwoq-6g3ya-2,dcgm,gpu3,nvlink_bandwidth_total,4278
2026-09-30T06:24:51.878Z,gpu-3uwoq-6g3ya-2,dcgm,gpu1,nvlink_bandwidth_total,4280
2026-09-30T06:24:51.878Z,gpu-3uwoq-6g3ya-2,dcgm,gpu0,nvlink_bandwidth_total,4279
2026-09-30T06:24:51.878Z,gpu-3uwoq-6g3ya-2,dcgm,gpu2,power_w,230.714
2026-09-30T06:24:51.878Z,gpu-3uwoq-6g3ya-2,dcgm,gpu3,power_w,233.95
2026-09-30T06:24:51.878Z,gpu-3uwoq-6g3ya-2,dcgm,gpu1,power_w,230.034
2026-09-30T06:24:51.878Z,gpu-3uwoq-6g3ya-2,dcgm,gpu0,power_w,226.51
2026-09-30T06:24:51.878Z,gpu-3uwoq-6g3ya-2,dcgm,gpu2,sm_clock_mhz,2070
2026-09-30T06:24:51.878Z,gpu-3uwoq-6g3ya-2,dcgm,gpu3,sm_clock_mhz,2070
2026-09-30T06:24:51.878Z,gpu-3uwoq-6g3ya-2,dcgm,gpu1,sm_clock_mhz,2070
2026-09-30T06:24:51.878Z,gpu-3uwoq-6g3ya-2,dcgm,gpu0,sm_clock_mhz,2070
2026-09-30T06:24:51.878Z,gpu-3uwoq-6g3ya-2,dcgm,gpu2,dram_active,0.001416
2026-09-30T06:24:51.878Z,gpu-3uwoq-6g3ya-2,dcgm,gpu3,dram_active,0.001415
2026-09-30T06:24:51.878Z,gpu-3uwoq-6g3ya-2,dcgm,gpu1,dram_active,0.00141
2026-09-30T06:24:51.878Z,gpu-3uwoq-6g3ya-2,dcgm,gpu0,dram_active,0.00141
2026-09-30T06:24:51.878Z,gpu-3uwoq-6g3ya-2,dcgm,gpu2,pcie_rx_bytes,4.77689e+08
2026-09-30T06:24:51.878Z,gpu-3uwoq-6g3ya-2,dcgm,gpu3,pcie_rx_bytes,4.77621e+08
2026-09-30T06:24:51.878Z,gpu-3uwoq-6g3ya-2,dcgm,gpu1,pcie_rx_bytes,4.77753e+08
2026-09-30T06:24:51.878Z,gpu-3uwoq-6g3ya-2,dcgm,gpu0,pcie_rx_bytes,4.77731e+08
2026-09-30T06:24:51.878Z,gpu-3uwoq-6g3ya-2,dcgm,gpu2,pcie_tx_bytes,4.68839e+08
2026-09-30T06:24:51.878Z,gpu-3uwoq-6g3ya-2,dcgm,gpu3,pcie_tx_bytes,4.68772e+08
2026-09-30T06:24:51.878Z,gpu-3uwoq-6g3ya-2,dcgm,gpu1,pcie_tx_bytes,4.68902e+08
2026-09-30T06:24:51.878Z,gpu-3uwoq-6g3ya-2,dcgm,gpu0,pcie_tx_bytes,4.68878e+08
2026-09-30T06:24:51.878Z,gpu-3uwoq-6g3ya-2,dcgm,gpu2,tensor_active,0
2026-09-30T06:24:51.878Z,gpu-3uwoq-6g3ya-2,dcgm,gpu3,tensor_active,0
2026-09-30T06:24:51.878Z,gpu-3uwoq-6g3ya-2,dcgm,gpu1,tensor_active,0
2026-09-30T06:24:51.878Z,gpu-3uwoq-6g3ya-2,dcgm,gpu0,tensor_active,0
2026-09-30T06:24:51.878Z,gpu-3uwoq-6g3ya-2,dcgm,gpu2,sm_active,0.001678
2026-09-30T06:24:51.878Z,gpu-3uwoq-6g3ya-2,dcgm,gpu3,sm_active,0.001736
2026-09-30T06:24:51.878Z,gpu-3uwoq-6g3ya-2,dcgm,gpu1,sm_active,0.0022
2026-09-30T06:24:51.878Z,gpu-3uwoq-6g3ya-2,dcgm,gpu0,sm_active,0.002154
2026-09-30T06:24:51.878Z,gpu-3uwoq-6g3ya-2,nvlink,gpu0,nvlink_rx_bytes,4.69349e+13
2026-09-30T06:24:51.878Z,gpu-3uwoq-6g3ya-2,nvlink,gpu0,nvlink_tx_bytes,4.69354e+13
2026-09-30T06:24:51.878Z,gpu-3uwoq-6g3ya-2,nvlink,gpu1,nvlink_rx_bytes,4.7088e+13
2026-09-30T06:24:51.878Z,gpu-3uwoq-6g3ya-2,nvlink,gpu1,nvlink_tx_bytes,4.70886e+13
2026-09-30T06:24:51.878Z,gpu-3uwoq-6g3ya-2,nvlink,gpu2,nvlink_rx_bytes,4.69568e+13
2026-09-30T06:24:51.878Z,gpu-3uwoq-6g3ya-2,nvlink,gpu2,nvlink_tx_bytes,4.69571e+13
2026-09-30T06:24:51.878Z,gpu-3uwoq-6g3ya-2,nvlink,gpu3,nvlink_rx_bytes,4.69042e+13
2026-09-30T06:24:51.878Z,gpu-3uwoq-6g3ya-2,nvlink,gpu3,nvlink_tx_bytes,4.69047e+13
2026-09-30T06:24:52.878Z,gpu-3uwoq-6g3ya-2,ib_counter,rdma_vf_rail0,port_xmit_data,2.91133e+12
2026-09-30T06:24:52.878Z,gpu-3uwoq-6g3ya-2,ib_counter,rdma_vf_rail0,port_rcv_data,5.87073e+12
2026-09-30T06:24:52.878Z,gpu-3uwoq-6g3ya-2,ib_counter,rdma_vf_rail0,port_xmit_packets,9.97029e+08
2026-09-30T06:24:52.878Z,gpu-3uwoq-6g3ya-2,ib_counter,rdma_vf_rail0,port_rcv_packets,1.62223e+09
2026-09-30T06:24:52.878Z,gpu-3uwoq-6g3ya-2,ib_counter,rdma_vf_rail0,port_xmit_wait,0
2026-09-30T06:24:52.878Z,gpu-3uwoq-6g3ya-2,ib_counter,rdma_vf_rail0,port_rcv_errors,0
2026-09-30T06:24:52.878Z,gpu-3uwoq-6g3ya-2,ib_counter,rdma_vf_rail0,port_xmit_discards,0
2026-09-30T06:24:52.878Z,gpu-3uwoq-6g3ya-2,ib_counter,rdma_vf_rail0,link_downed,0
2026-09-30T06:24:52.878Z,gpu-3uwoq-6g3ya-2,ib_hw_counter,rdma_vf_rail0,out_of_sequence,0
2026-09-30T06:24:52.878Z,gpu-3uwoq-6g3ya-2,ib_hw_counter,rdma_vf_rail0,packet_seq_err,0
2026-09-30T06:24:52.878Z,gpu-3uwoq-6g3ya-2,ib_hw_counter,rdma_vf_rail0,local_ack_timeout_err,0
2026-09-30T06:24:52.878Z,gpu-3uwoq-6g3ya-2,ib_hw_counter,rdma_vf_rail0,rx_write_requests,7.07312e+08
2026-09-30T06:24:52.878Z,gpu-3uwoq-6g3ya-2,ib_hw_counter,rdma_vf_rail0,rx_read_requests,1.15325e+07
2026-09-30T06:24:52.878Z,gpu-3uwoq-6g3ya-2,ib_hw_counter,rdma_vf_rail0,req_cqe_error,0
2026-09-30T06:24:52.878Z,gpu-3uwoq-6g3ya-2,ib_hw_counter,rdma_vf_rail0,resp_cqe_error,0
2026-09-30T06:24:52.878Z,gpu-3uwoq-6g3ya-2,ib_hw_counter,rdma_vf_rail0,implied_nak_seq_err,0
2026-09-30T06:24:52.878Z,gpu-3uwoq-6g3ya-2,ib_hw_counter,rdma_vf_rail0,duplicate_request,0
2026-09-30T06:24:52.878Z,gpu-3uwoq-6g3ya-2,ib_counter,rdma_vf_rail1,port_xmit_data,2.80326e+12
2026-09-30T06:24:52.878Z,gpu-3uwoq-6g3ya-2,ib_counter,rdma_vf_rail1,port_rcv_data,5.76262e+12
2026-09-30T06:24:52.878Z,gpu-3uwoq-6g3ya-2,ib_counter,rdma_vf_rail1,port_xmit_packets,9.64359e+08
2026-09-30T06:24:52.878Z,gpu-3uwoq-6g3ya-2,ib_counter,rdma_vf_rail1,port_rcv_packets,1.58974e+09
2026-09-30T06:24:52.878Z,gpu-3uwoq-6g3ya-2,ib_counter,rdma_vf_rail1,port_xmit_wait,0
2026-09-30T06:24:52.878Z,gpu-3uwoq-6g3ya-2,ib_counter,rdma_vf_rail1,port_rcv_errors,0
2026-09-30T06:24:52.878Z,gpu-3uwoq-6g3ya-2,ib_counter,rdma_vf_rail1,port_xmit_discards,0
2026-09-30T06:24:52.878Z,gpu-3uwoq-6g3ya-2,ib_counter,rdma_vf_rail1,link_downed,0
2026-09-30T06:24:52.878Z,gpu-3uwoq-6g3ya-2,ib_hw_counter,rdma_vf_rail1,out_of_sequence,0
2026-09-30T06:24:52.878Z,gpu-3uwoq-6g3ya-2,ib_hw_counter,rdma_vf_rail1,packet_seq_err,0
2026-09-30T06:24:52.878Z,gpu-3uwoq-6g3ya-2,ib_hw_counter,rdma_vf_rail1,local_ack_timeout_err,0
2026-09-30T06:24:52.878Z,gpu-3uwoq-6g3ya-2,ib_hw_counter,rdma_vf_rail1,rx_write_requests,7.05713e+08
2026-09-30T06:24:52.878Z,gpu-3uwoq-6g3ya-2,ib_hw_counter,rdma_vf_rail1,rx_read_requests,1.07318e+07
2026-09-30T06:24:52.878Z,gpu-3uwoq-6g3ya-2,ib_hw_counter,rdma_vf_rail1,req_cqe_error,0
2026-09-30T06:24:52.878Z,gpu-3uwoq-6g3ya-2,ib_hw_counter,rdma_vf_rail1,resp_cqe_error,0
2026-09-30T06:24:52.878Z,gpu-3uwoq-6g3ya-2,ib_hw_counter,rdma_vf_rail1,implied_nak_seq_err,0
2026-09-30T06:24:52.878Z,gpu-3uwoq-6g3ya-2,ib_hw_counter,rdma_vf_rail1,duplicate_request,0
2026-09-30T06:24:52.878Z,gpu-3uwoq-6g3ya-2,ib_counter,rdma_vf_rail2,port_xmit_data,2.77554e+12
2026-09-30T06:24:52.878Z,gpu-3uwoq-6g3ya-2,ib_counter,rdma_vf_rail2,port_rcv_data,5.73434e+12
2026-09-30T06:24:52.878Z,gpu-3uwoq-6g3ya-2,ib_counter,rdma_vf_rail2,port_xmit_packets,9.46478e+08
2026-09-30T06:24:52.878Z,gpu-3uwoq-6g3ya-2,ib_counter,rdma_vf_rail2,port_rcv_packets,1.5656e+09
2026-09-30T06:24:52.878Z,gpu-3uwoq-6g3ya-2,ib_counter,rdma_vf_rail2,port_xmit_wait,0
2026-09-30T06:24:52.878Z,gpu-3uwoq-6g3ya-2,ib_counter,rdma_vf_rail2,port_rcv_errors,0
2026-09-30T06:24:52.878Z,gpu-3uwoq-6g3ya-2,ib_counter,rdma_vf_rail2,port_xmit_discards,0
2026-09-30T06:24:52.878Z,gpu-3uwoq-6g3ya-2,ib_counter,rdma_vf_rail2,link_downed,0
2026-09-30T06:24:52.878Z,gpu-3uwoq-6g3ya-2,ib_hw_counter,rdma_vf_rail2,out_of_sequence,0
2026-09-30T06:24:52.878Z,gpu-3uwoq-6g3ya-2,ib_hw_counter,rdma_vf_rail2,packet_seq_err,0
2026-09-30T06:24:52.878Z,gpu-3uwoq-6g3ya-2,ib_hw_counter,rdma_vf_rail2,local_ack_timeout_err,0
2026-09-30T06:24:52.878Z,gpu-3uwoq-6g3ya-2,ib_hw_counter,rdma_vf_rail2,rx_write_requests,7.05287e+08
2026-09-30T06:24:52.878Z,gpu-3uwoq-6g3ya-2,ib_hw_counter,rdma_vf_rail2,rx_read_requests,1.05239e+07
2026-09-30T06:24:52.878Z,gpu-3uwoq-6g3ya-2,ib_hw_counter,rdma_vf_rail2,req_cqe_error,0
2026-09-30T06:24:52.878Z,gpu-3uwoq-6g3ya-2,ib_hw_counter,rdma_vf_rail2,resp_cqe_error,0
2026-09-30T06:24:52.878Z,gpu-3uwoq-6g3ya-2,ib_hw_counter,rdma_vf_rail2,implied_nak_seq_err,0
2026-09-30T06:24:52.878Z,gpu-3uwoq-6g3ya-2,ib_hw_counter,rdma_vf_rail2,duplicate_request,0
2026-09-30T06:24:52.878Z,gpu-3uwoq-6g3ya-2,ib_counter,rdma_vf_rail3,port_xmit_data,2.77541e+12
2026-09-30T06:24:52.878Z,gpu-3uwoq-6g3ya-2,ib_counter,rdma_vf_rail3,port_rcv_data,5.73495e+12
2026-09-30T06:24:52.878Z,gpu-3uwoq-6g3ya-2,ib_counter,rdma_vf_rail3,port_xmit_packets,9.44818e+08
2026-09-30T06:24:52.878Z,gpu-3uwoq-6g3ya-2,ib_counter,rdma_vf_rail3,port_rcv_packets,1.57303e+09
2026-09-30T06:24:52.878Z,gpu-3uwoq-6g3ya-2,ib_counter,rdma_vf_rail3,port_xmit_wait,0
2026-09-30T06:24:52.878Z,gpu-3uwoq-6g3ya-2,ib_counter,rdma_vf_rail3,port_rcv_errors,0
2026-09-30T06:24:52.878Z,gpu-3uwoq-6g3ya-2,ib_counter,rdma_vf_rail3,port_xmit_discards,0
2026-09-30T06:24:52.878Z,gpu-3uwoq-6g3ya-2,ib_counter,rdma_vf_rail3,link_downed,0
2026-09-30T06:24:52.878Z,gpu-3uwoq-6g3ya-2,ib_hw_counter,rdma_vf_rail3,out_of_sequence,0
2026-09-30T06:24:52.878Z,gpu-3uwoq-6g3ya-2,ib_hw_counter,rdma_vf_rail3,packet_seq_err,1
2026-09-30T06:24:52.878Z,gpu-3uwoq-6g3ya-2,ib_hw_counter,rdma_vf_rail3,local_ack_timeout_err,0
2026-09-30T06:24:52.878Z,gpu-3uwoq-6g3ya-2,ib_hw_counter,rdma_vf_rail3,rx_write_requests,7.05287e+08
2026-09-30T06:24:52.878Z,gpu-3uwoq-6g3ya-2,ib_hw_counter,rdma_vf_rail3,rx_read_requests,1.05239e+07
2026-09-30T06:24:52.878Z,gpu-3uwoq-6g3ya-2,ib_hw_counter,rdma_vf_rail3,req_cqe_error,0
2026-09-30T06:24:52.878Z,gpu-3uwoq-6g3ya-2,ib_hw_counter,rdma_vf_rail3,resp_cqe_error,0
2026-09-30T06:24:52.878Z,gpu-3uwoq-6g3ya-2,ib_hw_counter,rdma_vf_rail3,implied_nak_seq_err,0
2026-09-30T06:24:52.878Z,gpu-3uwoq-6g3ya-2,ib_hw_counter,rdma_vf_rail3,duplicate_request,0
2026-09-30T06:24:52.878Z,gpu-3uwoq-6g3ya-2,dcgm,gpu2,gpu_util,0
2026-09-30T06:24:52.878Z,gpu-3uwoq-6g3ya-2,dcgm,gpu3,gpu_util,0
2026-09-30T06:24:52.878Z,gpu-3uwoq-6g3ya-2,dcgm,gpu1,gpu_util,0
2026-09-30T06:24:52.878Z,gpu-3uwoq-6g3ya-2,dcgm,gpu0,gpu_util,0
2026-09-30T06:24:52.878Z,gpu-3uwoq-6g3ya-2,dcgm,gpu2,nvlink_bandwidth_total,4277
2026-09-30T06:24:52.878Z,gpu-3uwoq-6g3ya-2,dcgm,gpu3,nvlink_bandwidth_total,4278
2026-09-30T06:24:52.878Z,gpu-3uwoq-6g3ya-2,dcgm,gpu1,nvlink_bandwidth_total,4280
2026-09-30T06:24:52.878Z,gpu-3uwoq-6g3ya-2,dcgm,gpu0,nvlink_bandwidth_total,4279
2026-09-30T06:24:52.878Z,gpu-3uwoq-6g3ya-2,dcgm,gpu2,power_w,230.714
2026-09-30T06:24:52.878Z,gpu-3uwoq-6g3ya-2,dcgm,gpu3,power_w,233.95
2026-09-30T06:24:52.878Z,gpu-3uwoq-6g3ya-2,dcgm,gpu1,power_w,230.034
2026-09-30T06:24:52.878Z,gpu-3uwoq-6g3ya-2,dcgm,gpu0,power_w,226.51
2026-09-30T06:24:52.878Z,gpu-3uwoq-6g3ya-2,dcgm,gpu2,sm_clock_mhz,2070
2026-09-30T06:24:52.878Z,gpu-3uwoq-6g3ya-2,dcgm,gpu3,sm_clock_mhz,2070
2026-09-30T06:24:52.878Z,gpu-3uwoq-6g3ya-2,dcgm,gpu1,sm_clock_mhz,2070
2026-09-30T06:24:52.878Z,gpu-3uwoq-6g3ya-2,dcgm,gpu0,sm_clock_mhz,2070
2026-09-30T06:24:52.878Z,gpu-3uwoq-6g3ya-2,dcgm,gpu2,dram_active,0.001416
2026-09-30T06:24:52.878Z,gpu-3uwoq-6g3ya-2,dcgm,gpu3,dram_active,0.001415
2026-09-30T06:24:52.878Z,gpu-3uwoq-6g3ya-2,dcgm,gpu1,dram_active,0.00141
2026-09-30T06:24:52.878Z,gpu-3uwoq-6g3ya-2,dcgm,gpu0,dram_active,0.00141
2026-09-30T06:24:52.878Z,gpu-3uwoq-6g3ya-2,dcgm,gpu2,pcie_rx_bytes,4.77689e+08
2026-09-30T06:24:52.878Z,gpu-3uwoq-6g3ya-2,dcgm,gpu3,pcie_rx_bytes,4.77621e+08
2026-09-30T06:24:52.878Z,gpu-3uwoq-6g3ya-2,dcgm,gpu1,pcie_rx_bytes,4.77753e+08
2026-09-30T06:24:52.878Z,gpu-3uwoq-6g3ya-2,dcgm,gpu0,pcie_rx_bytes,4.77731e+08
2026-09-30T06:24:52.878Z,gpu-3uwoq-6g3ya-2,dcgm,gpu2,pcie_tx_bytes,4.68839e+08
2026-09-30T06:24:52.878Z,gpu-3uwoq-6g3ya-2,dcgm,gpu3,pcie_tx_bytes,4.68772e+08
2026-09-30T06:24:52.878Z,gpu-3uwoq-6g3ya-2,dcgm,gpu1,pcie_tx_bytes,4.68902e+08
2026-09-30T06:24:52.878Z,gpu-3uwoq-6g3ya-2,dcgm,gpu0,pcie_tx_bytes,4.68878e+08
2026-09-30T06:24:52.878Z,gpu-3uwoq-6g3ya-2,dcgm,gpu2,tensor_active,0
2026-09-30T06:24:52.878Z,gpu-3uwoq-6g3ya-2,dcgm,gpu3,tensor_active,0
2026-09-30T06:24:52.878Z,gpu-3uwoq-6g3ya-2,dcgm,gpu1,tensor_active,0
2026-09-30T06:24:52.878Z,gpu-3uwoq-6g3ya-2,dcgm,gpu0,tensor_active,0
2026-09-30T06:24:52.878Z,gpu-3uwoq-6g3ya-2,dcgm,gpu2,sm_active,0.001678
2026-09-30T06:24:52.878Z,gpu-3uwoq-6g3ya-2,dcgm,gpu3,sm_active,0.001736
2026-09-30T06:24:52.878Z,gpu-3uwoq-6g3ya-2,dcgm,gpu1,sm_active,0.0022
2026-09-30T06:24:52.878Z,gpu-3uwoq-6g3ya-2,dcgm,gpu0,sm_active,0.002154
2026-09-30T06:24:52.878Z,gpu-3uwoq-6g3ya-2,nvlink,gpu0,nvlink_rx_bytes,4.69349e+13
2026-09-30T06:24:52.878Z,gpu-3uwoq-6g3ya-2,nvlink,gpu0,nvlink_tx_bytes,4.69354e+13
2026-09-30T06:24:52.878Z,gpu-3uwoq-6g3ya-2,nvlink,gpu1,nvlink_rx_bytes,4.7088e+13
2026-09-30T06:24:52.878Z,gpu-3uwoq-6g3ya-2,nvlink,gpu1,nvlink_tx_bytes,4.70886e+13
2026-09-30T06:24:52.878Z,gpu-3uwoq-6g3ya-2,nvlink,gpu2,nvlink_rx_bytes,4.69568e+13
2026-09-30T06:24:52.878Z,gpu-3uwoq-6g3ya-2,nvlink,gpu2,nvlink_tx_bytes,4.69571e+13
2026-09-30T06:24:52.878Z,gpu-3uwoq-6g3ya-2,nvlink,gpu3,nvlink_rx_bytes,4.69042e+13
2026-09-30T06:24:52.878Z,gpu-3uwoq-6g3ya-2,nvlink,gpu3,nvlink_tx_bytes,4.69047e+13
