ts_iso,node,source,device,metric,value
2026-09-30T06:49:57.121Z,gpu-3uwoq-6g3ya-1,ib_counter,rdma_vf_rail0,port_xmit_data,4.08122e+12
2026-09-30T06:49:57.121Z,gpu-3uwoq-6g3ya-1,ib_counter,rdma_vf_rail0,port_rcv_data,2.11385e+12
2026-09-30T06:49:57.121Z,gpu-3uwoq-6g3ya-1,ib_counter,rdma_vf_rail0,port_xmit_packets,1.10305e+09
2026-09-30T06:49:57.121Z,gpu-3uwoq-6g3ya-1,ib_counter,rdma_vf_rail0,port_rcv_packets,7.38804e+08
2026-09-30T06:49:57.121Z,gpu-3uwoq-6g3ya-1,ib_counter,rdma_vf_rail0,port_xmit_wait,0
2026-09-30T06:49:57.121Z,gpu-3uwoq-6g3ya-1,ib_counter,rdma_vf_rail0,port_rcv_errors,0
2026-09-30T06:49:57.121Z,gpu-3uwoq-6g3ya-1,ib_counter,rdma_vf_rail0,port_xmit_discards,0
2026-09-30T06:49:57.121Z,gpu-3uwoq-6g3ya-1,ib_counter,rdma_vf_rail0,link_downed,0
2026-09-30T06:49:57.121Z,gpu-3uwoq-6g3ya-1,ib_hw_counter,rdma_vf_rail0,out_of_sequence,0
2026-09-30T06:49:57.121Z,gpu-3uwoq-6g3ya-1,ib_hw_counter,rdma_vf_rail0,packet_seq_err,8
2026-09-30T06:49:57.121Z,gpu-3uwoq-6g3ya-1,ib_hw_counter,rdma_vf_rail0,local_ack_timeout_err,0
2026-09-30T06:49:57.121Z,gpu-3uwoq-6g3ya-1,ib_hw_counter,rdma_vf_rail0,rx_write_requests,4.4503e+08
2026-09-30T06:49:57.121Z,gpu-3uwoq-6g3ya-1,ib_hw_counter,rdma_vf_rail0,rx_read_requests,9.0462e+06
2026-09-30T06:49:57.121Z,gpu-3uwoq-6g3ya-1,ib_hw_counter,rdma_vf_rail0,req_cqe_error,0
2026-09-30T06:49:57.121Z,gpu-3uwoq-6g3ya-1,ib_hw_counter,rdma_vf_rail0,resp_cqe_error,0
2026-09-30T06:49:57.121Z,gpu-3uwoq-6g3ya-1,ib_hw_counter,rdma_vf_rail0,implied_nak_seq_err,0
2026-09-30T06:49:57.121Z,gpu-3uwoq-6g3ya-1,ib_hw_counter,rdma_vf_rail0,duplicate_request,0
2026-09-30T06:49:57.121Z,gpu-3uwoq-6g3ya-1,ib_counter,rdma_vf_rail1,port_xmit_data,3.97368e+12
2026-09-30T06:49:57.121Z,gpu-3uwoq-6g3ya-1,ib_counter,rdma_vf_rail1,port_rcv_data,2.00573e+12
2026-09-30T06:49:57.121Z,gpu-3uwoq-6g3ya-1,ib_counter,rdma_vf_rail1,port_xmit_packets,1.07687e+09
2026-09-30T06:49:57.121Z,gpu-3uwoq-6g3ya-1,ib_counter,rdma_vf_rail1,port_rcv_packets,7.07728e+08
2026-09-30T06:49:57.121Z,gpu-3uwoq-6g3ya-1,ib_counter,rdma_vf_rail1,port_xmit_wait,0
2026-09-30T06:49:57.121Z,gpu-3uwoq-6g3ya-1,ib_counter,rdma_vf_rail1,port_rcv_errors,0
2026-09-30T06:49:57.121Z,gpu-3uwoq-6g3ya-1,ib_counter,rdma_vf_rail1,port_xmit_discards,0
2026-09-30T06:49:57.121Z,gpu-3uwoq-6g3ya-1,ib_counter,rdma_vf_rail1,link_downed,0
2026-09-30T06:49:57.121Z,gpu-3uwoq-6g3ya-1,ib_hw_counter,rdma_vf_rail1,out_of_sequence,0
2026-09-30T06:49:57.121Z,gpu-3uwoq-6g3ya-1,ib_hw_counter,rdma_vf_rail1,packet_seq_err,8
2026-09-30T06:49:57.121Z,gpu-3uwoq-6g3ya-1,ib_hw_counter,rdma_vf_rail1,local_ack_timeout_err,0
2026-09-30T06:49:57.121Z,gpu-3uwoq-6g3ya-1,ib_hw_counter,rdma_vf_rail1,rx_write_requests,4.43433e+08
2026-09-30T06:49:57.121Z,gpu-3uwoq-6g3ya-1,ib_hw_counter,rdma_vf_rail1,rx_read_requests,8.24518e+06
2026-09-30T06:49:57.121Z,gpu-3uwoq-6g3ya-1,ib_hw_counter,rdma_vf_rail1,req_cqe_error,0
2026-09-30T06:49:57.121Z,gpu-3uwoq-6g3ya-1,ib_hw_counter,rdma_vf_rail1,resp_cqe_error,0
2026-09-30T06:49:57.121Z,gpu-3uwoq-6g3ya-1,ib_hw_counter,rdma_vf_rail1,implied_nak_seq_err,0
2026-09-30T06:49:57.121Z,gpu-3uwoq-6g3ya-1,ib_hw_counter,rdma_vf_rail1,duplicate_request,0
2026-09-30T06:49:57.121Z,gpu-3uwoq-6g3ya-1,ib_counter,rdma_vf_rail2,port_xmit_data,3.94617e+12
2026-09-30T06:49:57.121Z,gpu-3uwoq-6g3ya-1,ib_counter,rdma_vf_rail2,port_rcv_data,1.97796e+12
2026-09-30T06:49:57.121Z,gpu-3uwoq-6g3ya-1,ib_counter,rdma_vf_rail2,port_xmit_packets,1.06232e+09
2026-09-30T06:49:57.121Z,gpu-3uwoq-6g3ya-1,ib_counter,rdma_vf_rail2,port_rcv_packets,6.88687e+08
2026-09-30T06:49:57.121Z,gpu-3uwoq-6g3ya-1,ib_counter,rdma_vf_rail2,port_xmit_wait,0
2026-09-30T06:49:57.121Z,gpu-3uwoq-6g3ya-1,ib_counter,rdma_vf_rail2,port_rcv_errors,0
2026-09-30T06:49:57.121Z,gpu-3uwoq-6g3ya-1,ib_counter,rdma_vf_rail2,port_xmit_discards,0
2026-09-30T06:49:57.121Z,gpu-3uwoq-6g3ya-1,ib_counter,rdma_vf_rail2,link_downed,0
2026-09-30T06:49:57.121Z,gpu-3uwoq-6g3ya-1,ib_hw_counter,rdma_vf_rail2,out_of_sequence,0
2026-09-30T06:49:57.121Z,gpu-3uwoq-6g3ya-1,ib_hw_counter,rdma_vf_rail2,packet_seq_err,7
2026-09-30T06:49:57.121Z,gpu-3uwoq-6g3ya-1,ib_hw_counter,rdma_vf_rail2,local_ack_timeout_err,0
2026-09-30T06:49:57.121Z,gpu-3uwoq-6g3ya-1,ib_hw_counter,rdma_vf_rail2,rx_write_requests,4.43005e+08
2026-09-30T06:49:57.121Z,gpu-3uwoq-6g3ya-1,ib_hw_counter,rdma_vf_rail2,rx_read_requests,8.03756e+06
2026-09-30T06:49:57.121Z,gpu-3uwoq-6g3ya-1,ib_hw_counter,rdma_vf_rail2,req_cqe_error,0
2026-09-30T06:49:57.121Z,gpu-3uwoq-6g3ya-1,ib_hw_counter,rdma_vf_rail2,resp_cqe_error,0
2026-09-30T06:49:57.121Z,gpu-3uwoq-6g3ya-1,ib_hw_counter,rdma_vf_rail2,implied_nak_seq_err,0
2026-09-30T06:49:57.121Z,gpu-3uwoq-6g3ya-1,ib_hw_counter,rdma_vf_rail2,duplicate_request,0
2026-09-30T06:49:57.121Z,gpu-3uwoq-6g3ya-1,ib_counter,rdma_vf_rail3,port_xmit_data,3.94643e+12
2026-09-30T06:49:57.121Z,gpu-3uwoq-6g3ya-1,ib_counter,rdma_vf_rail3,port_rcv_data,1.97772e+12
2026-09-30T06:49:57.121Z,gpu-3uwoq-6g3ya-1,ib_counter,rdma_vf_rail3,port_xmit_packets,1.06309e+09
2026-09-30T06:49:57.121Z,gpu-3uwoq-6g3ya-1,ib_counter,rdma_vf_rail3,port_rcv_packets,6.85505e+08
2026-09-30T06:49:57.121Z,gpu-3uwoq-6g3ya-1,ib_counter,rdma_vf_rail3,port_xmit_wait,0
2026-09-30T06:49:57.121Z,gpu-3uwoq-6g3ya-1,ib_counter,rdma_vf_rail3,port_rcv_errors,0
2026-09-30T06:49:57.121Z,gpu-3uwoq-6g3ya-1,ib_counter,rdma_vf_rail3,port_xmit_discards,0
2026-09-30T06:49:57.121Z,gpu-3uwoq-6g3ya-1,ib_counter,rdma_vf_rail3,link_downed,0
2026-09-30T06:49:57.121Z,gpu-3uwoq-6g3ya-1,ib_hw_counter,rdma_vf_rail3,out_of_sequence,1
2026-09-30T06:49:57.121Z,gpu-3uwoq-6g3ya-1,ib_hw_counter,rdma_vf_rail3,packet_seq_err,7
2026-09-30T06:49:57.121Z,gpu-3uwoq-6g3ya-1,ib_hw_counter,rdma_vf_rail3,local_ack_timeout_err,0
2026-09-30T06:49:57.121Z,gpu-3uwoq-6g3ya-1,ib_hw_counter,rdma_vf_rail3,rx_write_requests,4.43005e+08
2026-09-30T06:49:57.121Z,gpu-3uwoq-6g3ya-1,ib_hw_counter,rdma_vf_rail3,rx_read_requests,8.03756e+06
2026-09-30T06:49:57.121Z,gpu-3uwoq-6g3ya-1,ib_hw_counter,rdma_vf_rail3,req_cqe_error,0
2026-09-30T06:49:57.121Z,gpu-3uwoq-6g3ya-1,ib_hw_counter,rdma_vf_rail3,resp_cqe_error,0
2026-09-30T06:49:57.121Z,gpu-3uwoq-6g3ya-1,ib_hw_counter,rdma_vf_rail3,implied_nak_seq_err,0
2026-09-30T06:49:57.121Z,gpu-3uwoq-6g3ya-1,ib_hw_counter,rdma_vf_rail3,duplicate_request,0
2026-09-30T06:49:57.121Z,gpu-3uwoq-6g3ya-1,dcgm,gpu2,gpu_util,0
2026-09-30T06:49:57.121Z,gpu-3uwoq-6g3ya-1,dcgm,gpu3,gpu_util,0
2026-09-30T06:49:57.121Z,gpu-3uwoq-6g3ya-1,dcgm,gpu0,gpu_util,0
2026-09-30T06:49:57.121Z,gpu-3uwoq-6g3ya-1,dcgm,gpu1,gpu_util,0
2026-09-30T06:49:57.121Z,gpu-3uwoq-6g3ya-1,dcgm,gpu2,nvlink_bandwidth_total,0
2026-09-30T06:49:57.121Z,gpu-3uwoq-6g3ya-1,dcgm,gpu3,nvlink_bandwidth_total,0
2026-09-30T06:49:57.121Z,gpu-3uwoq-6g3ya-1,dcgm,gpu0,nvlink_bandwidth_total,0
2026-09-30T06:49:57.121Z,gpu-3uwoq-6g3ya-1,dcgm,gpu1,nvlink_bandwidth_total,0
2026-09-30T06:49:57.121Z,gpu-3uwoq-6g3ya-1,dcgm,gpu2,power_w,222.82
2026-09-30T06:49:57.121Z,gpu-3uwoq-6g3ya-1,dcgm,gpu3,power_w,227.026
2026-09-30T06:49:57.121Z,gpu-3uwoq-6g3ya-1,dcgm,gpu0,power_w,230.185
2026-09-30T06:49:57.121Z,gpu-3uwoq-6g3ya-1,dcgm,gpu1,power_w,226.374
2026-09-30T06:49:57.121Z,gpu-3uwoq-6g3ya-1,dcgm,gpu2,sm_clock_mhz,2070
2026-09-30T06:49:57.121Z,gpu-3uwoq-6g3ya-1,dcgm,gpu3,sm_clock_mhz,2070
2026-09-30T06:49:57.121Z,gpu-3uwoq-6g3ya-1,dcgm,gpu0,sm_clock_mhz,2070
2026-09-30T06:49:57.121Z,gpu-3uwoq-6g3ya-1,dcgm,gpu1,sm_clock_mhz,2070
2026-09-30T06:49:57.121Z,gpu-3uwoq-6g3ya-1,dcgm,gpu2,dram_active,0
2026-09-30T06:49:57.121Z,gpu-3uwoq-6g3ya-1,dcgm,gpu3,dram_active,0
2026-09-30T06:49:57.121Z,gpu-3uwoq-6g3ya-1,dcgm,gpu0,dram_active,0
2026-09-30T06:49:57.121Z,gpu-3uwoq-6g3ya-1,dcgm,gpu1,dram_active,0
2026-09-30T06:49:57.121Z,gpu-3uwoq-6g3ya-1,dcgm,gpu2,pcie_rx_bytes,66092
2026-09-30T06:49:57.121Z,gpu-3uwoq-6g3ya-1,dcgm,gpu3,pcie_rx_bytes,58333
2026-09-30T06:49:57.121Z,gpu-3uwoq-6g3ya-1,dcgm,gpu0,pcie_rx_bytes,60770
2026-09-30T06:49:57.121Z,gpu-3uwoq-6g3ya-1,dcgm,gpu1,pcie_rx_bytes,64316
2026-09-30T06:49:57.121Z,gpu-3uwoq-6g3ya-1,dcgm,gpu2,pcie_tx_bytes,63227
2026-09-30T06:49:57.121Z,gpu-3uwoq-6g3ya-1,dcgm,gpu3,pcie_tx_bytes,55468
2026-09-30T06:49:57.121Z,gpu-3uwoq-6g3ya-1,dcgm,gpu0,pcie_tx_bytes,57907
2026-09-30T06:49:57.121Z,gpu-3uwoq-6g3ya-1,dcgm,gpu1,pcie_tx_bytes,61455
2026-09-30T06:49:57.121Z,gpu-3uwoq-6g3ya-1,dcgm,gpu2,tensor_active,0
2026-09-30T06:49:57.121Z,gpu-3uwoq-6g3ya-1,dcgm,gpu3,tensor_active,0
2026-09-30T06:49:57.121Z,gpu-3uwoq-6g3ya-1,dcgm,gpu0,tensor_active,0
2026-09-30T06:49:57.121Z,gpu-3uwoq-6g3ya-1,dcgm,gpu1,tensor_active,0
2026-09-30T06:49:57.121Z,gpu-3uwoq-6g3ya-1,dcgm,gpu2,sm_active,0
2026-09-30T06:49:57.121Z,gpu-3uwoq-6g3ya-1,dcgm,gpu3,sm_active,0
2026-09-30T06:49:57.121Z,gpu-3uwoq-6g3ya-1,dcgm,gpu0,sm_active,0
2026-09-30T06:49:57.121Z,gpu-3uwoq-6g3ya-1,dcgm,gpu1,sm_active,0
2026-09-30T06:49:57.121Z,gpu-3uwoq-6g3ya-1,nvlink,gpu0,nvlink_rx_bytes,1.03151e+13
2026-09-30T06:49:57.121Z,gpu-3uwoq-6g3ya-1,nvlink,gpu0,nvlink_tx_bytes,1.03196e+13
2026-09-30T06:49:57.121Z,gpu-3uwoq-6g3ya-1,nvlink,gpu1,nvlink_rx_bytes,1.04695e+13
2026-09-30T06:49:57.121Z,gpu-3uwoq-6g3ya-1,nvlink,gpu1,nvlink_tx_bytes,1.04725e+13
2026-09-30T06:49:57.121Z,gpu-3uwoq-6g3ya-1,nvlink,gpu2,nvlink_rx_bytes,1.03377e+13
2026-09-30T06:49:57.121Z,gpu-3uwoq-6g3ya-1,nvlink,gpu2,nvlink_tx_bytes,1.03415e+13
2026-09-30T06:49:57.121Z,gpu-3uwoq-6g3ya-1,nvlink,gpu3,nvlink_rx_bytes,1.02871e+13
2026-09-30T06:49:57.121Z,gpu-3uwoq-6g3ya-1,nvlink,gpu3,nvlink_tx_bytes,1.02903e+13
2026-09-30T06:49:58.122Z,gpu-3uwoq-6g3ya-1,ib_counter,rdma_vf_rail0,port_xmit_data,4.08122e+12
2026-09-30T06:49:58.122Z,gpu-3uwoq-6g3ya-1,ib_counter,rdma_vf_rail0,port_rcv_data,2.11385e+12
2026-09-30T06:49:58.122Z,gpu-3uwoq-6g3ya-1,ib_counter,rdma_vf_rail0,port_xmit_packets,1.10305e+09
2026-09-30T06:49:58.122Z,gpu-3uwoq-6g3ya-1,ib_counter,rdma_vf_rail0,port_rcv_packets,7.38804e+08
2026-09-30T06:49:58.122Z,gpu-3uwoq-6g3ya-1,ib_counter,rdma_vf_rail0,port_xmit_wait,0
2026-09-30T06:49:58.122Z,gpu-3uwoq-6g3ya-1,ib_counter,rdma_vf_rail0,port_rcv_errors,0
2026-09-30T06:49:58.122Z,gpu-3uwoq-6g3ya-1,ib_counter,rdma_vf_rail0,port_xmit_discards,0
2026-09-30T06:49:58.122Z,gpu-3uwoq-6g3ya-1,ib_counter,rdma_vf_rail0,link_downed,0
2026-09-30T06:49:58.122Z,gpu-3uwoq-6g3ya-1,ib_hw_counter,rdma_vf_rail0,out_of_sequence,0
2026-09-30T06:49:58.122Z,gpu-3uwoq-6g3ya-1,ib_hw_counter,rdma_vf_rail0,packet_seq_err,8
2026-09-30T06:49:58.122Z,gpu-3uwoq-6g3ya-1,ib_hw_counter,rdma_vf_rail0,local_ack_timeout_err,0
2026-09-30T06:49:58.122Z,gpu-3uwoq-6g3ya-1,ib_hw_counter,rdma_vf_rail0,rx_write_requests,4.4503e+08
2026-09-30T06:49:58.122Z,gpu-3uwoq-6g3ya-1,ib_hw_counter,rdma_vf_rail0,rx_read_requests,9.0462e+06
2026-09-30T06:49:58.122Z,gpu-3uwoq-6g3ya-1,ib_hw_counter,rdma_vf_rail0,req_cqe_error,0
2026-09-30T06:49:58.122Z,gpu-3uwoq-6g3ya-1,ib_hw_counter,rdma_vf_rail0,resp_cqe_error,0
2026-09-30T06:49:58.122Z,gpu-3uwoq-6g3ya-1,ib_hw_counter,rdma_vf_rail0,implied_nak_seq_err,0
2026-09-30T06:49:58.122Z,gpu-3uwoq-6g3ya-1,ib_hw_counter,rdma_vf_rail0,duplicate_request,0
2026-09-30T06:49:58.122Z,gpu-3uwoq-6g3ya-1,ib_counter,rdma_vf_rail1,port_xmit_data,3.97368e+12
2026-09-30T06:49:58.122Z,gpu-3uwoq-6g3ya-1,ib_counter,rdma_vf_rail1,port_rcv_data,2.00573e+12
2026-09-30T06:49:58.122Z,gpu-3uwoq-6g3ya-1,ib_counter,rdma_vf_rail1,port_xmit_packets,1.07687e+09
2026-09-30T06:49:58.122Z,gpu-3uwoq-6g3ya-1,ib_counter,rdma_vf_rail1,port_rcv_packets,7.07728e+08
2026-09-30T06:49:58.122Z,gpu-3uwoq-6g3ya-1,ib_counter,rdma_vf_rail1,port_xmit_wait,0
2026-09-30T06:49:58.122Z,gpu-3uwoq-6g3ya-1,ib_counter,rdma_vf_rail1,port_rcv_errors,0
2026-09-30T06:49:58.122Z,gpu-3uwoq-6g3ya-1,ib_counter,rdma_vf_rail1,port_xmit_discards,0
2026-09-30T06:49:58.122Z,gpu-3uwoq-6g3ya-1,ib_counter,rdma_vf_rail1,link_downed,0
2026-09-30T06:49:58.122Z,gpu-3uwoq-6g3ya-1,ib_hw_counter,rdma_vf_rail1,out_of_sequence,0
2026-09-30T06:49:58.122Z,gpu-3uwoq-6g3ya-1,ib_hw_counter,rdma_vf_rail1,packet_seq_err,8
2026-09-30T06:49:58.122Z,gpu-3uwoq-6g3ya-1,ib_hw_counter,rdma_vf_rail1,local_ack_timeout_err,0
2026-09-30T06:49:58.122Z,gpu-3uwoq-6g3ya-1,ib_hw_counter,rdma_vf_rail1,rx_write_requests,4.43433e+08
2026-09-30T06:49:58.122Z,gpu-3uwoq-6g3ya-1,ib_hw_counter,rdma_vf_rail1,rx_read_requests,8.24518e+06
2026-09-30T06:49:58.122Z,gpu-3uwoq-6g3ya-1,ib_hw_counter,rdma_vf_rail1,req_cqe_error,0
2026-09-30T06:49:58.122Z,gpu-3uwoq-6g3ya-1,ib_hw_counter,rdma_vf_rail1,resp_cqe_error,0
2026-09-30T06:49:58.122Z,gpu-3uwoq-6g3ya-1,ib_hw_counter,rdma_vf_rail1,implied_nak_seq_err,0
2026-09-30T06:49:58.122Z,gpu-3uwoq-6g3ya-1,ib_hw_counter,rdma_vf_rail1,duplicate_request,0
2026-09-30T06:49:58.122Z,gpu-3uwoq-6g3ya-1,ib_counter,rdma_vf_rail2,port_xmit_data,3.94617e+12
2026-09-30T06:49:58.122Z,gpu-3uwoq-6g3ya-1,ib_counter,rdma_vf_rail2,port_rcv_data,1.97796e+12
2026-09-30T06:49:58.122Z,gpu-3uwoq-6g3ya-1,ib_counter,rdma_vf_rail2,port_xmit_packets,1.06232e+09
2026-09-30T06:49:58.122Z,gpu-3uwoq-6g3ya-1,ib_counter,rdma_vf_rail2,port_rcv_packets,6.88687e+08
2026-09-30T06:49:58.122Z,gpu-3uwoq-6g3ya-1,ib_counter,rdma_vf_rail2,port_xmit_wait,0
2026-09-30T06:49:58.122Z,gpu-3uwoq-6g3ya-1,ib_counter,rdma_vf_rail2,port_rcv_errors,0
2026-09-30T06:49:58.122Z,gpu-3uwoq-6g3ya-1,ib_counter,rdma_vf_rail2,port_xmit_discards,0
2026-09-30T06:49:58.122Z,gpu-3uwoq-6g3ya-1,ib_counter,rdma_vf_rail2,link_downed,0
2026-09-30T06:49:58.122Z,gpu-3uwoq-6g3ya-1,ib_hw_counter,rdma_vf_rail2,out_of_sequence,0
2026-09-30T06:49:58.122Z,gpu-3uwoq-6g3ya-1,ib_hw_counter,rdma_vf_rail2,packet_seq_err,7
2026-09-30T06:49:58.122Z,gpu-3uwoq-6g3ya-1,ib_hw_counter,rdma_vf_rail2,local_ack_timeout_err,0
2026-09-30T06:49:58.122Z,gpu-3uwoq-6g3ya-1,ib_hw_counter,rdma_vf_rail2,rx_write_requests,4.43005e+08
2026-09-30T06:49:58.122Z,gpu-3uwoq-6g3ya-1,ib_hw_counter,rdma_vf_rail2,rx_read_requests,8.03756e+06
2026-09-30T06:49:58.122Z,gpu-3uwoq-6g3ya-1,ib_hw_counter,rdma_vf_rail2,req_cqe_error,0
2026-09-30T06:49:58.122Z,gpu-3uwoq-6g3ya-1,ib_hw_counter,rdma_vf_rail2,resp_cqe_error,0
2026-09-30T06:49:58.122Z,gpu-3uwoq-6g3ya-1,ib_hw_counter,rdma_vf_rail2,implied_nak_seq_err,0
2026-09-30T06:49:58.122Z,gpu-3uwoq-6g3ya-1,ib_hw_counter,rdma_vf_rail2,duplicate_request,0
2026-09-30T06:49:58.122Z,gpu-3uwoq-6g3ya-1,ib_counter,rdma_vf_rail3,port_xmit_data,3.94643e+12
2026-09-30T06:49:58.122Z,gpu-3uwoq-6g3ya-1,ib_counter,rdma_vf_rail3,port_rcv_data,1.97772e+12
2026-09-30T06:49:58.122Z,gpu-3uwoq-6g3ya-1,ib_counter,rdma_vf_rail3,port_xmit_packets,1.06309e+09
2026-09-30T06:49:58.122Z,gpu-3uwoq-6g3ya-1,ib_counter,rdma_vf_rail3,port_rcv_packets,6.85505e+08
2026-09-30T06:49:58.122Z,gpu-3uwoq-6g3ya-1,ib_counter,rdma_vf_rail3,port_xmit_wait,0
2026-09-30T06:49:58.122Z,gpu-3uwoq-6g3ya-1,ib_counter,rdma_vf_rail3,port_rcv_errors,0
2026-09-30T06:49:58.122Z,gpu-3uwoq-6g3ya-1,ib_counter,rdma_vf_rail3,port_xmit_discards,0
2026-09-30T06:49:58.122Z,gpu-3uwoq-6g3ya-1,ib_counter,rdma_vf_rail3,link_downed,0
2026-09-30T06:49:58.122Z,gpu-3uwoq-6g3ya-1,ib_hw_counter,rdma_vf_rail3,out_of_sequence,1
2026-09-30T06:49:58.122Z,gpu-3uwoq-6g3ya-1,ib_hw_counter,rdma_vf_rail3,packet_seq_err,7
2026-09-30T06:49:58.122Z,gpu-3uwoq-6g3ya-1,ib_hw_counter,rdma_vf_rail3,local_ack_timeout_err,0
2026-09-30T06:49:58.122Z,gpu-3uwoq-6g3ya-1,ib_hw_counter,rdma_vf_rail3,rx_write_requests,4.43005e+08
2026-09-30T06:49:58.122Z,gpu-3uwoq-6g3ya-1,ib_hw_counter,rdma_vf_rail3,rx_read_requests,8.03756e+06
2026-09-30T06:49:58.122Z,gpu-3uwoq-6g3ya-1,ib_hw_counter,rdma_vf_rail3,req_cqe_error,0
2026-09-30T06:49:58.122Z,gpu-3uwoq-6g3ya-1,ib_hw_counter,rdma_vf_rail3,resp_cqe_error,0
2026-09-30T06:49:58.122Z,gpu-3uwoq-6g3ya-1,ib_hw_counter,rdma_vf_rail3,implied_nak_seq_err,0
2026-09-30T06:49:58.122Z,gpu-3uwoq-6g3ya-1,ib_hw_counter,rdma_vf_rail3,duplicate_request,0
2026-09-30T06:49:58.122Z,gpu-3uwoq-6g3ya-1,dcgm,gpu2,gpu_util,0
2026-09-30T06:49:58.122Z,gpu-3uwoq-6g3ya-1,dcgm,gpu3,gpu_util,0
2026-09-30T06:49:58.122Z,gpu-3uwoq-6g3ya-1,dcgm,gpu0,gpu_util,0
2026-09-30T06:49:58.122Z,gpu-3uwoq-6g3ya-1,dcgm,gpu1,gpu_util,0
2026-09-30T06:49:58.122Z,gpu-3uwoq-6g3ya-1,dcgm,gpu2,nvlink_bandwidth_total,0
2026-09-30T06:49:58.122Z,gpu-3uwoq-6g3ya-1,dcgm,gpu3,nvlink_bandwidth_total,0
2026-09-30T06:49:58.122Z,gpu-3uwoq-6g3ya-1,dcgm,gpu0,nvlink_bandwidth_total,0
2026-09-30T06:49:58.122Z,gpu-3uwoq-6g3ya-1,dcgm,gpu1,nvlink_bandwidth_total,0
2026-09-30T06:49:58.122Z,gpu-3uwoq-6g3ya-1,dcgm,gpu2,power_w,222.82
2026-09-30T06:49:58.122Z,gpu-3uwoq-6g3ya-1,dcgm,gpu3,power_w,227.026
2026-09-30T06:49:58.122Z,gpu-3uwoq-6g3ya-1,dcgm,gpu0,power_w,230.185
2026-09-30T06:49:58.122Z,gpu-3uwoq-6g3ya-1,dcgm,gpu1,power_w,226.374
2026-09-30T06:49:58.122Z,gpu-3uwoq-6g3ya-1,dcgm,gpu2,sm_clock_mhz,2070
2026-09-30T06:49:58.122Z,gpu-3uwoq-6g3ya-1,dcgm,gpu3,sm_clock_mhz,2070
2026-09-30T06:49:58.122Z,gpu-3uwoq-6g3ya-1,dcgm,gpu0,sm_clock_mhz,2070
2026-09-30T06:49:58.122Z,gpu-3uwoq-6g3ya-1,dcgm,gpu1,sm_clock_mhz,2070
2026-09-30T06:49:58.122Z,gpu-3uwoq-6g3ya-1,dcgm,gpu2,dram_active,0
2026-09-30T06:49:58.122Z,gpu-3uwoq-6g3ya-1,dcgm,gpu3,dram_active,0
2026-09-30T06:49:58.122Z,gpu-3uwoq-6g3ya-1,dcgm,gpu0,dram_active,0
2026-09-30T06:49:58.122Z,gpu-3uwoq-6g3ya-1,dcgm,gpu1,dram_active,0
2026-09-30T06:49:58.122Z,gpu-3uwoq-6g3ya-1,dcgm,gpu2,pcie_rx_bytes,66092
2026-09-30T06:49:58.122Z,gpu-3uwoq-6g3ya-1,dcgm,gpu3,pcie_rx_bytes,58333
2026-09-30T06:49:58.122Z,gpu-3uwoq-6g3ya-1,dcgm,gpu0,pcie_rx_bytes,60770
2026-09-30T06:49:58.122Z,gpu-3uwoq-6g3ya-1,dcgm,gpu1,pcie_rx_bytes,64316
2026-09-30T06:49:58.122Z,gpu-3uwoq-6g3ya-1,dcgm,gpu2,pcie_tx_bytes,63227
2026-09-30T06:49:58.122Z,gpu-3uwoq-6g3ya-1,dcgm,gpu3,pcie_tx_bytes,55468
2026-09-30T06:49:58.122Z,gpu-3uwoq-6g3ya-1,dcgm,gpu0,pcie_tx_bytes,57907
2026-09-30T06:49:58.122Z,gpu-3uwoq-6g3ya-1,dcgm,gpu1,pcie_tx_bytes,61455
2026-09-30T06:49:58.122Z,gpu-3uwoq-6g3ya-1,dcgm,gpu2,tensor_active,0
2026-09-30T06:49:58.122Z,gpu-3uwoq-6g3ya-1,dcgm,gpu3,tensor_active,0
2026-09-30T06:49:58.122Z,gpu-3uwoq-6g3ya-1,dcgm,gpu0,tensor_active,0
2026-09-30T06:49:58.122Z,gpu-3uwoq-6g3ya-1,dcgm,gpu1,tensor_active,0
2026-09-30T06:49:58.122Z,gpu-3uwoq-6g3ya-1,dcgm,gpu2,sm_active,0
2026-09-30T06:49:58.122Z,gpu-3uwoq-6g3ya-1,dcgm,gpu3,sm_active,0
2026-09-30T06:49:58.122Z,gpu-3uwoq-6g3ya-1,dcgm,gpu0,sm_active,0
2026-09-30T06:49:58.122Z,gpu-3uwoq-6g3ya-1,dcgm,gpu1,sm_active,0
2026-09-30T06:49:58.122Z,gpu-3uwoq-6g3ya-1,nvlink,gpu0,nvlink_rx_bytes,1.03151e+13
2026-09-30T06:49:58.122Z,gpu-3uwoq-6g3ya-1,nvlink,gpu0,nvlink_tx_bytes,1.03196e+13
2026-09-30T06:49:58.122Z,gpu-3uwoq-6g3ya-1,nvlink,gpu1,nvlink_rx_bytes,1.04695e+13
2026-09-30T06:49:58.122Z,gpu-3uwoq-6g3ya-1,nvlink,gpu1,nvlink_tx_bytes,1.04725e+13
2026-09-30T06:49:58.122Z,gpu-3uwoq-6g3ya-1,nvlink,gpu2,nvlink_rx_bytes,1.03377e+13
2026-09-30T06:49:58.122Z,gpu-3uwoq-6g3ya-1,nvlink,gpu2,nvlink_tx_bytes,1.03415e+13
2026-09-30T06:49:58.122Z,gpu-3uwoq-6g3ya-1,nvlink,gpu3,nvlink_rx_bytes,1.02871e+13
2026-09-30T06:49:58.122Z,gpu-3uwoq-6g3ya-1,nvlink,gpu3,nvlink_tx_bytes,1.02903e+13
2026-09-30T06:49:59.122Z,gpu-3uwoq-6g3ya-1,ib_counter,rdma_vf_rail0,port_xmit_data,4.08122e+12
2026-09-30T06:49:59.122Z,gpu-3uwoq-6g3ya-1,ib_counter,rdma_vf_rail0,port_rcv_data,2.11385e+12
2026-09-30T06:49:59.122Z,gpu-3uwoq-6g3ya-1,ib_counter,rdma_vf_rail0,port_xmit_packets,1.10305e+09
2026-09-30T06:49:59.122Z,gpu-3uwoq-6g3ya-1,ib_counter,rdma_vf_rail0,port_rcv_packets,7.38804e+08
2026-09-30T06:49:59.122Z,gpu-3uwoq-6g3ya-1,ib_counter,rdma_vf_rail0,port_xmit_wait,0
2026-09-30T06:49:59.122Z,gpu-3uwoq-6g3ya-1,ib_counter,rdma_vf_rail0,port_rcv_errors,0
2026-09-30T06:49:59.122Z,gpu-3uwoq-6g3ya-1,ib_counter,rdma_vf_rail0,port_xmit_discards,0
2026-09-30T06:49:59.122Z,gpu-3uwoq-6g3ya-1,ib_counter,rdma_vf_rail0,link_downed,0
2026-09-30T06:49:59.122Z,gpu-3uwoq-6g3ya-1,ib_hw_counter,rdma_vf_rail0,out_of_sequence,0
2026-09-30T06:49:59.122Z,gpu-3uwoq-6g3ya-1,ib_hw_counter,rdma_vf_rail0,packet_seq_err,8
2026-09-30T06:49:59.122Z,gpu-3uwoq-6g3ya-1,ib_hw_counter,rdma_vf_rail0,local_ack_timeout_err,0
2026-09-30T06:49:59.122Z,gpu-3uwoq-6g3ya-1,ib_hw_counter,rdma_vf_rail0,rx_write_requests,4.4503e+08
2026-09-30T06:49:59.122Z,gpu-3uwoq-6g3ya-1,ib_hw_counter,rdma_vf_rail0,rx_read_requests,9.0462e+06
2026-09-30T06:49:59.122Z,gpu-3uwoq-6g3ya-1,ib_hw_counter,rdma_vf_rail0,req_cqe_error,0
2026-09-30T06:49:59.122Z,gpu-3uwoq-6g3ya-1,ib_hw_counter,rdma_vf_rail0,resp_cqe_error,0
2026-09-30T06:49:59.122Z,gpu-3uwoq-6g3ya-1,ib_hw_counter,rdma_vf_rail0,implied_nak_seq_err,0
2026-09-30T06:49:59.122Z,gpu-3uwoq-6g3ya-1,ib_hw_counter,rdma_vf_rail0,duplicate_request,0
2026-09-30T06:49:59.122Z,gpu-3uwoq-6g3ya-1,ib_counter,rdma_vf_rail1,port_xmit_data,3.97368e+12
2026-09-30T06:49:59.122Z,gpu-3uwoq-6g3ya-1,ib_counter,rdma_vf_rail1,port_rcv_data,2.00573e+12
2026-09-30T06:49:59.122Z,gpu-3uwoq-6g3ya-1,ib_counter,rdma_vf_rail1,port_xmit_packets,1.07687e+09
2026-09-30T06:49:59.122Z,gpu-3uwoq-6g3ya-1,ib_counter,rdma_vf_rail1,port_rcv_packets,7.07728e+08
2026-09-30T06:49:59.122Z,gpu-3uwoq-6g3ya-1,ib_counter,rdma_vf_rail1,port_xmit_wait,0
2026-09-30T06:49:59.122Z,gpu-3uwoq-6g3ya-1,ib_counter,rdma_vf_rail1,port_rcv_errors,0
2026-09-30T06:49:59.122Z,gpu-3uwoq-6g3ya-1,ib_counter,rdma_vf_rail1,port_xmit_discards,0
2026-09-30T06:49:59.122Z,gpu-3uwoq-6g3ya-1,ib_counter,rdma_vf_rail1,link_downed,0
2026-09-30T06:49:59.122Z,gpu-3uwoq-6g3ya-1,ib_hw_counter,rdma_vf_rail1,out_of_sequence,0
2026-09-30T06:49:59.122Z,gpu-3uwoq-6g3ya-1,ib_hw_counter,rdma_vf_rail1,packet_seq_err,8
2026-09-30T06:49:59.122Z,gpu-3uwoq-6g3ya-1,ib_hw_counter,rdma_vf_rail1,local_ack_timeout_err,0
2026-09-30T06:49:59.122Z,gpu-3uwoq-6g3ya-1,ib_hw_counter,rdma_vf_rail1,rx_write_requests,4.43433e+08
2026-09-30T06:49:59.122Z,gpu-3uwoq-6g3ya-1,ib_hw_counter,rdma_vf_rail1,rx_read_requests,8.24518e+06
2026-09-30T06:49:59.122Z,gpu-3uwoq-6g3ya-1,ib_hw_counter,rdma_vf_rail1,req_cqe_error,0
2026-09-30T06:49:59.122Z,gpu-3uwoq-6g3ya-1,ib_hw_counter,rdma_vf_rail1,resp_cqe_error,0
2026-09-30T06:49:59.122Z,gpu-3uwoq-6g3ya-1,ib_hw_counter,rdma_vf_rail1,implied_nak_seq_err,0
2026-09-30T06:49:59.122Z,gpu-3uwoq-6g3ya-1,ib_hw_counter,rdma_vf_rail1,duplicate_request,0
2026-09-30T06:49:59.122Z,gpu-3uwoq-6g3ya-1,ib_counter,rdma_vf_rail2,port_xmit_data,3.94617e+12
2026-09-30T06:49:59.122Z,gpu-3uwoq-6g3ya-1,ib_counter,rdma_vf_rail2,port_rcv_data,1.97796e+12
2026-09-30T06:49:59.122Z,gpu-3uwoq-6g3ya-1,ib_counter,rdma_vf_rail2,port_xmit_packets,1.06232e+09
2026-09-30T06:49:59.122Z,gpu-3uwoq-6g3ya-1,ib_counter,rdma_vf_rail2,port_rcv_packets,6.88687e+08
2026-09-30T06:49:59.122Z,gpu-3uwoq-6g3ya-1,ib_counter,rdma_vf_rail2,port_xmit_wait,0
2026-09-30T06:49:59.122Z,gpu-3uwoq-6g3ya-1,ib_counter,rdma_vf_rail2,port_rcv_errors,0
2026-09-30T06:49:59.122Z,gpu-3uwoq-6g3ya-1,ib_counter,rdma_vf_rail2,port_xmit_discards,0
2026-09-30T06:49:59.122Z,gpu-3uwoq-6g3ya-1,ib_counter,rdma_vf_rail2,link_downed,0
2026-09-30T06:49:59.122Z,gpu-3uwoq-6g3ya-1,ib_hw_counter,rdma_vf_rail2,out_of_sequence,0
2026-09-30T06:49:59.122Z,gpu-3uwoq-6g3ya-1,ib_hw_counter,rdma_vf_rail2,packet_seq_err,7
2026-09-30T06:49:59.122Z,gpu-3uwoq-6g3ya-1,ib_hw_counter,rdma_vf_rail2,local_ack_timeout_err,0
2026-09-30T06:49:59.122Z,gpu-3uwoq-6g3ya-1,ib_hw_counter,rdma_vf_rail2,rx_write_requests,4.43005e+08
2026-09-30T06:49:59.122Z,gpu-3uwoq-6g3ya-1,ib_hw_counter,rdma_vf_rail2,rx_read_requests,8.03756e+06
2026-09-30T06:49:59.122Z,gpu-3uwoq-6g3ya-1,ib_hw_counter,rdma_vf_rail2,req_cqe_error,0
2026-09-30T06:49:59.122Z,gpu-3uwoq-6g3ya-1,ib_hw_counter,rdma_vf_rail2,resp_cqe_error,0
2026-09-30T06:49:59.122Z,gpu-3uwoq-6g3ya-1,ib_hw_counter,rdma_vf_rail2,implied_nak_seq_err,0
2026-09-30T06:49:59.122Z,gpu-3uwoq-6g3ya-1,ib_hw_counter,rdma_vf_rail2,duplicate_request,0
2026-09-30T06:49:59.122Z,gpu-3uwoq-6g3ya-1,ib_counter,rdma_vf_rail3,port_xmit_data,3.94643e+12
2026-09-30T06:49:59.122Z,gpu-3uwoq-6g3ya-1,ib_counter,rdma_vf_rail3,port_rcv_data,1.97772e+12
2026-09-30T06:49:59.122Z,gpu-3uwoq-6g3ya-1,ib_counter,rdma_vf_rail3,port_xmit_packets,1.06309e+09
2026-09-30T06:49:59.122Z,gpu-3uwoq-6g3ya-1,ib_counter,rdma_vf_rail3,port_rcv_packets,6.85505e+08
2026-09-30T06:49:59.122Z,gpu-3uwoq-6g3ya-1,ib_counter,rdma_vf_rail3,port_xmit_wait,0
2026-09-30T06:49:59.122Z,gpu-3uwoq-6g3ya-1,ib_counter,rdma_vf_rail3,port_rcv_errors,0
2026-09-30T06:49:59.122Z,gpu-3uwoq-6g3ya-1,ib_counter,rdma_vf_rail3,port_xmit_discards,0
2026-09-30T06:49:59.122Z,gpu-3uwoq-6g3ya-1,ib_counter,rdma_vf_rail3,link_downed,0
2026-09-30T06:49:59.122Z,gpu-3uwoq-6g3ya-1,ib_hw_counter,rdma_vf_rail3,out_of_sequence,1
2026-09-30T06:49:59.122Z,gpu-3uwoq-6g3ya-1,ib_hw_counter,rdma_vf_rail3,packet_seq_err,7
2026-09-30T06:49:59.122Z,gpu-3uwoq-6g3ya-1,ib_hw_counter,rdma_vf_rail3,local_ack_timeout_err,0
2026-09-30T06:49:59.122Z,gpu-3uwoq-6g3ya-1,ib_hw_counter,rdma_vf_rail3,rx_write_requests,4.43005e+08
2026-09-30T06:49:59.122Z,gpu-3uwoq-6g3ya-1,ib_hw_counter,rdma_vf_rail3,rx_read_requests,8.03756e+06
2026-09-30T06:49:59.122Z,gpu-3uwoq-6g3ya-1,ib_hw_counter,rdma_vf_rail3,req_cqe_error,0
2026-09-30T06:49:59.122Z,gpu-3uwoq-6g3ya-1,ib_hw_counter,rdma_vf_rail3,resp_cqe_error,0
2026-09-30T06:49:59.122Z,gpu-3uwoq-6g3ya-1,ib_hw_counter,rdma_vf_rail3,implied_nak_seq_err,0
2026-09-30T06:49:59.122Z,gpu-3uwoq-6g3ya-1,ib_hw_counter,rdma_vf_rail3,duplicate_request,0
2026-09-30T06:49:59.122Z,gpu-3uwoq-6g3ya-1,dcgm,gpu2,gpu_util,0
2026-09-30T06:49:59.122Z,gpu-3uwoq-6g3ya-1,dcgm,gpu3,gpu_util,0
2026-09-30T06:49:59.122Z,gpu-3uwoq-6g3ya-1,dcgm,gpu0,gpu_util,0
2026-09-30T06:49:59.122Z,gpu-3uwoq-6g3ya-1,dcgm,gpu1,gpu_util,0
2026-09-30T06:49:59.122Z,gpu-3uwoq-6g3ya-1,dcgm,gpu2,nvlink_bandwidth_total,0
2026-09-30T06:49:59.122Z,gpu-3uwoq-6g3ya-1,dcgm,gpu3,nvlink_bandwidth_total,0
2026-09-30T06:49:59.122Z,gpu-3uwoq-6g3ya-1,dcgm,gpu0,nvlink_bandwidth_total,0
2026-09-30T06:49:59.122Z,gpu-3uwoq-6g3ya-1,dcgm,gpu1,nvlink_bandwidth_total,0
2026-09-30T06:49:59.122Z,gpu-3uwoq-6g3ya-1,dcgm,gpu2,power_w,222.82
2026-09-30T06:49:59.122Z,gpu-3uwoq-6g3ya-1,dcgm,gpu3,power_w,227.026
2026-09-30T06:49:59.122Z,gpu-3uwoq-6g3ya-1,dcgm,gpu0,power_w,230.185
2026-09-30T06:49:59.122Z,gpu-3uwoq-6g3ya-1,dcgm,gpu1,power_w,226.374
2026-09-30T06:49:59.122Z,gpu-3uwoq-6g3ya-1,dcgm,gpu2,sm_clock_mhz,2070
2026-09-30T06:49:59.122Z,gpu-3uwoq-6g3ya-1,dcgm,gpu3,sm_clock_mhz,2070
2026-09-30T06:49:59.122Z,gpu-3uwoq-6g3ya-1,dcgm,gpu0,sm_clock_mhz,2070
2026-09-30T06:49:59.122Z,gpu-3uwoq-6g3ya-1,dcgm,gpu1,sm_clock_mhz,2070
2026-09-30T06:49:59.122Z,gpu-3uwoq-6g3ya-1,dcgm,gpu2,dram_active,0
2026-09-30T06:49:59.122Z,gpu-3uwoq-6g3ya-1,dcgm,gpu3,dram_active,0
2026-09-30T06:49:59.122Z,gpu-3uwoq-6g3ya-1,dcgm,gpu0,dram_active,0
2026-09-30T06:49:59.122Z,gpu-3uwoq-6g3ya-1,dcgm,gpu1,dram_active,0
2026-09-30T06:49:59.122Z,gpu-3uwoq-6g3ya-1,dcgm,gpu2,pcie_rx_bytes,66092
2026-09-30T06:49:59.122Z,gpu-3uwoq-6g3ya-1,dcgm,gpu3,pcie_rx_bytes,58333
2026-09-30T06:49:59.122Z,gpu-3uwoq-6g3ya-1,dcgm,gpu0,pcie_rx_bytes,60770
2026-09-30T06:49:59.122Z,gpu-3uwoq-6g3ya-1,dcgm,gpu1,pcie_rx_bytes,64316
2026-09-30T06:49:59.122Z,gpu-3uwoq-6g3ya-1,dcgm,gpu2,pcie_tx_bytes,63227
2026-09-30T06:49:59.122Z,gpu-3uwoq-6g3ya-1,dcgm,gpu3,pcie_tx_bytes,55468
2026-09-30T06:49:59.122Z,gpu-3uwoq-6g3ya-1,dcgm,gpu0,pcie_tx_bytes,57907
2026-09-30T06:49:59.122Z,gpu-3uwoq-6g3ya-1,dcgm,gpu1,pcie_tx_bytes,61455
2026-09-30T06:49:59.122Z,gpu-3uwoq-6g3ya-1,dcgm,gpu2,tensor_active,0
2026-09-30T06:49:59.122Z,gpu-3uwoq-6g3ya-1,dcgm,gpu3,tensor_active,0
2026-09-30T06:49:59.122Z,gpu-3uwoq-6g3ya-1,dcgm,gpu0,tensor_active,0
2026-09-30T06:49:59.122Z,gpu-3uwoq-6g3ya-1,dcgm,gpu1,tensor_active,0
2026-09-30T06:49:59.122Z,gpu-3uwoq-6g3ya-1,dcgm,gpu2,sm_active,0
2026-09-30T06:49:59.122Z,gpu-3uwoq-6g3ya-1,dcgm,gpu3,sm_active,0
2026-09-30T06:49:59.122Z,gpu-3uwoq-6g3ya-1,dcgm,gpu0,sm_active,0
2026-09-30T06:49:59.122Z,gpu-3uwoq-6g3ya-1,dcgm,gpu1,sm_active,0
2026-09-30T06:49:59.122Z,gpu-3uwoq-6g3ya-1,nvlink,gpu0,nvlink_rx_bytes,1.03151e+13
2026-09-30T06:49:59.122Z,gpu-3uwoq-6g3ya-1,nvlink,gpu0,nvlink_tx_bytes,1.03196e+13
2026-09-30T06:49:59.122Z,gpu-3uwoq-6g3ya-1,nvlink,gpu1,nvlink_rx_bytes,1.04695e+13
2026-09-30T06:49:59.122Z,gpu-3uwoq-6g3ya-1,nvlink,gpu1,nvlink_tx_bytes,1.04725e+13
2026-09-30T06:49:59.122Z,gpu-3uwoq-6g3ya-1,nvlink,gpu2,nvlink_rx_bytes,1.03377e+13
2026-09-30T06:49:59.122Z,gpu-3uwoq-6g3ya-1,nvlink,gpu2,nvlink_tx_bytes,1.03415e+13
2026-09-30T06:49:59.122Z,gpu-3uwoq-6g3ya-1,nvlink,gpu3,nvlink_rx_bytes,1.02871e+13
2026-09-30T06:49:59.122Z,gpu-3uwoq-6g3ya-1,nvlink,gpu3,nvlink_tx_bytes,1.02903e+13
2026-09-30T06:50:00.122Z,gpu-3uwoq-6g3ya-1,ib_counter,rdma_vf_rail0,port_xmit_data,4.08122e+12
2026-09-30T06:50:00.122Z,gpu-3uwoq-6g3ya-1,ib_counter,rdma_vf_rail0,port_rcv_data,2.11385e+12
2026-09-30T06:50:00.122Z,gpu-3uwoq-6g3ya-1,ib_counter,rdma_vf_rail0,port_xmit_packets,1.10305e+09
2026-09-30T06:50:00.122Z,gpu-3uwoq-6g3ya-1,ib_counter,rdma_vf_rail0,port_rcv_packets,7.38804e+08
2026-09-30T06:50:00.122Z,gpu-3uwoq-6g3ya-1,ib_counter,rdma_vf_rail0,port_xmit_wait,0
2026-09-30T06:50:00.122Z,gpu-3uwoq-6g3ya-1,ib_counter,rdma_vf_rail0,port_rcv_errors,0
2026-09-30T06:50:00.122Z,gpu-3uwoq-6g3ya-1,ib_counter,rdma_vf_rail0,port_xmit_discards,0
2026-09-30T06:50:00.122Z,gpu-3uwoq-6g3ya-1,ib_counter,rdma_vf_rail0,link_downed,0
2026-09-30T06:50:00.122Z,gpu-3uwoq-6g3ya-1,ib_hw_counter,rdma_vf_rail0,out_of_sequence,0
2026-09-30T06:50:00.122Z,gpu-3uwoq-6g3ya-1,ib_hw_counter,rdma_vf_rail0,packet_seq_err,8
2026-09-30T06:50:00.122Z,gpu-3uwoq-6g3ya-1,ib_hw_counter,rdma_vf_rail0,local_ack_timeout_err,0
2026-09-30T06:50:00.122Z,gpu-3uwoq-6g3ya-1,ib_hw_counter,rdma_vf_rail0,rx_write_requests,4.4503e+08
2026-09-30T06:50:00.122Z,gpu-3uwoq-6g3ya-1,ib_hw_counter,rdma_vf_rail0,rx_read_requests,9.0462e+06
2026-09-30T06:50:00.122Z,gpu-3uwoq-6g3ya-1,ib_hw_counter,rdma_vf_rail0,req_cqe_error,0
2026-09-30T06:50:00.122Z,gpu-3uwoq-6g3ya-1,ib_hw_counter,rdma_vf_rail0,resp_cqe_error,0
2026-09-30T06:50:00.122Z,gpu-3uwoq-6g3ya-1,ib_hw_counter,rdma_vf_rail0,implied_nak_seq_err,0
2026-09-30T06:50:00.122Z,gpu-3uwoq-6g3ya-1,ib_hw_counter,rdma_vf_rail0,duplicate_request,0
2026-09-30T06:50:00.122Z,gpu-3uwoq-6g3ya-1,ib_counter,rdma_vf_rail1,port_xmit_data,3.97368e+12
2026-09-30T06:50:00.122Z,gpu-3uwoq-6g3ya-1,ib_counter,rdma_vf_rail1,port_rcv_data,2.00573e+12
2026-09-30T06:50:00.122Z,gpu-3uwoq-6g3ya-1,ib_counter,rdma_vf_rail1,port_xmit_packets,1.07687e+09
2026-09-30T06:50:00.122Z,gpu-3uwoq-6g3ya-1,ib_counter,rdma_vf_rail1,port_rcv_packets,7.07728e+08
2026-09-30T06:50:00.122Z,gpu-3uwoq-6g3ya-1,ib_counter,rdma_vf_rail1,port_xmit_wait,0
2026-09-30T06:50:00.122Z,gpu-3uwoq-6g3ya-1,ib_counter,rdma_vf_rail1,port_rcv_errors,0
2026-09-30T06:50:00.122Z,gpu-3uwoq-6g3ya-1,ib_counter,rdma_vf_rail1,port_xmit_discards,0
2026-09-30T06:50:00.122Z,gpu-3uwoq-6g3ya-1,ib_counter,rdma_vf_rail1,link_downed,0
2026-09-30T06:50:00.122Z,gpu-3uwoq-6g3ya-1,ib_hw_counter,rdma_vf_rail1,out_of_sequence,0
2026-09-30T06:50:00.122Z,gpu-3uwoq-6g3ya-1,ib_hw_counter,rdma_vf_rail1,packet_seq_err,8
2026-09-30T06:50:00.122Z,gpu-3uwoq-6g3ya-1,ib_hw_counter,rdma_vf_rail1,local_ack_timeout_err,0
2026-09-30T06:50:00.122Z,gpu-3uwoq-6g3ya-1,ib_hw_counter,rdma_vf_rail1,rx_write_requests,4.43433e+08
2026-09-30T06:50:00.122Z,gpu-3uwoq-6g3ya-1,ib_hw_counter,rdma_vf_rail1,rx_read_requests,8.24518e+06
2026-09-30T06:50:00.122Z,gpu-3uwoq-6g3ya-1,ib_hw_counter,rdma_vf_rail1,req_cqe_error,0
2026-09-30T06:50:00.122Z,gpu-3uwoq-6g3ya-1,ib_hw_counter,rdma_vf_rail1,resp_cqe_error,0
2026-09-30T06:50:00.122Z,gpu-3uwoq-6g3ya-1,ib_hw_counter,rdma_vf_rail1,implied_nak_seq_err,0
2026-09-30T06:50:00.122Z,gpu-3uwoq-6g3ya-1,ib_hw_counter,rdma_vf_rail1,duplicate_request,0
2026-09-30T06:50:00.122Z,gpu-3uwoq-6g3ya-1,ib_counter,rdma_vf_rail2,port_xmit_data,3.94617e+12
2026-09-30T06:50:00.122Z,gpu-3uwoq-6g3ya-1,ib_counter,rdma_vf_rail2,port_rcv_data,1.97796e+12
2026-09-30T06:50:00.122Z,gpu-3uwoq-6g3ya-1,ib_counter,rdma_vf_rail2,port_xmit_packets,1.06232e+09
2026-09-30T06:50:00.122Z,gpu-3uwoq-6g3ya-1,ib_counter,rdma_vf_rail2,port_rcv_packets,6.88687e+08
2026-09-30T06:50:00.122Z,gpu-3uwoq-6g3ya-1,ib_counter,rdma_vf_rail2,port_xmit_wait,0
2026-09-30T06:50:00.122Z,gpu-3uwoq-6g3ya-1,ib_counter,rdma_vf_rail2,port_rcv_errors,0
2026-09-30T06:50:00.122Z,gpu-3uwoq-6g3ya-1,ib_counter,rdma_vf_rail2,port_xmit_discards,0
2026-09-30T06:50:00.122Z,gpu-3uwoq-6g3ya-1,ib_counter,rdma_vf_rail2,link_downed,0
2026-09-30T06:50:00.122Z,gpu-3uwoq-6g3ya-1,ib_hw_counter,rdma_vf_rail2,out_of_sequence,0
2026-09-30T06:50:00.122Z,gpu-3uwoq-6g3ya-1,ib_hw_counter,rdma_vf_rail2,packet_seq_err,7
2026-09-30T06:50:00.122Z,gpu-3uwoq-6g3ya-1,ib_hw_counter,rdma_vf_rail2,local_ack_timeout_err,0
2026-09-30T06:50:00.122Z,gpu-3uwoq-6g3ya-1,ib_hw_counter,rdma_vf_rail2,rx_write_requests,4.43005e+08
2026-09-30T06:50:00.122Z,gpu-3uwoq-6g3ya-1,ib_hw_counter,rdma_vf_rail2,rx_read_requests,8.03756e+06
2026-09-30T06:50:00.122Z,gpu-3uwoq-6g3ya-1,ib_hw_counter,rdma_vf_rail2,req_cqe_error,0
2026-09-30T06:50:00.122Z,gpu-3uwoq-6g3ya-1,ib_hw_counter,rdma_vf_rail2,resp_cqe_error,0
2026-09-30T06:50:00.122Z,gpu-3uwoq-6g3ya-1,ib_hw_counter,rdma_vf_rail2,implied_nak_seq_err,0
2026-09-30T06:50:00.122Z,gpu-3uwoq-6g3ya-1,ib_hw_counter,rdma_vf_rail2,duplicate_request,0
2026-09-30T06:50:00.122Z,gpu-3uwoq-6g3ya-1,ib_counter,rdma_vf_rail3,port_xmit_data,3.94643e+12
2026-09-30T06:50:00.122Z,gpu-3uwoq-6g3ya-1,ib_counter,rdma_vf_rail3,port_rcv_data,1.97772e+12
2026-09-30T06:50:00.122Z,gpu-3uwoq-6g3ya-1,ib_counter,rdma_vf_rail3,port_xmit_packets,1.06309e+09
2026-09-30T06:50:00.122Z,gpu-3uwoq-6g3ya-1,ib_counter,rdma_vf_rail3,port_rcv_packets,6.85505e+08
2026-09-30T06:50:00.122Z,gpu-3uwoq-6g3ya-1,ib_counter,rdma_vf_rail3,port_xmit_wait,0
2026-09-30T06:50:00.122Z,gpu-3uwoq-6g3ya-1,ib_counter,rdma_vf_rail3,port_rcv_errors,0
2026-09-30T06:50:00.122Z,gpu-3uwoq-6g3ya-1,ib_counter,rdma_vf_rail3,port_xmit_discards,0
2026-09-30T06:50:00.122Z,gpu-3uwoq-6g3ya-1,ib_counter,rdma_vf_rail3,link_downed,0
2026-09-30T06:50:00.122Z,gpu-3uwoq-6g3ya-1,ib_hw_counter,rdma_vf_rail3,out_of_sequence,1
2026-09-30T06:50:00.122Z,gpu-3uwoq-6g3ya-1,ib_hw_counter,rdma_vf_rail3,packet_seq_err,7
2026-09-30T06:50:00.122Z,gpu-3uwoq-6g3ya-1,ib_hw_counter,rdma_vf_rail3,local_ack_timeout_err,0
2026-09-30T06:50:00.122Z,gpu-3uwoq-6g3ya-1,ib_hw_counter,rdma_vf_rail3,rx_write_requests,4.43005e+08
2026-09-30T06:50:00.122Z,gpu-3uwoq-6g3ya-1,ib_hw_counter,rdma_vf_rail3,rx_read_requests,8.03756e+06
2026-09-30T06:50:00.122Z,gpu-3uwoq-6g3ya-1,ib_hw_counter,rdma_vf_rail3,req_cqe_error,0
2026-09-30T06:50:00.122Z,gpu-3uwoq-6g3ya-1,ib_hw_counter,rdma_vf_rail3,resp_cqe_error,0
2026-09-30T06:50:00.122Z,gpu-3uwoq-6g3ya-1,ib_hw_counter,rdma_vf_rail3,implied_nak_seq_err,0
2026-09-30T06:50:00.122Z,gpu-3uwoq-6g3ya-1,ib_hw_counter,rdma_vf_rail3,duplicate_request,0
2026-09-30T06:50:00.122Z,gpu-3uwoq-6g3ya-1,dcgm,gpu2,gpu_util,0
2026-09-30T06:50:00.122Z,gpu-3uwoq-6g3ya-1,dcgm,gpu3,gpu_util,0
2026-09-30T06:50:00.122Z,gpu-3uwoq-6g3ya-1,dcgm,gpu0,gpu_util,0
2026-09-30T06:50:00.122Z,gpu-3uwoq-6g3ya-1,dcgm,gpu1,gpu_util,0
2026-09-30T06:50:00.122Z,gpu-3uwoq-6g3ya-1,dcgm,gpu2,nvlink_bandwidth_total,0
2026-09-30T06:50:00.122Z,gpu-3uwoq-6g3ya-1,dcgm,gpu3,nvlink_bandwidth_total,0
2026-09-30T06:50:00.122Z,gpu-3uwoq-6g3ya-1,dcgm,gpu0,nvlink_bandwidth_total,0
2026-09-30T06:50:00.122Z,gpu-3uwoq-6g3ya-1,dcgm,gpu1,nvlink_bandwidth_total,0
2026-09-30T06:50:00.122Z,gpu-3uwoq-6g3ya-1,dcgm,gpu2,power_w,222.82
2026-09-30T06:50:00.122Z,gpu-3uwoq-6g3ya-1,dcgm,gpu3,power_w,227.026
2026-09-30T06:50:00.122Z,gpu-3uwoq-6g3ya-1,dcgm,gpu0,power_w,230.185
2026-09-30T06:50:00.122Z,gpu-3uwoq-6g3ya-1,dcgm,gpu1,power_w,226.374
2026-09-30T06:50:00.122Z,gpu-3uwoq-6g3ya-1,dcgm,gpu2,sm_clock_mhz,2070
2026-09-30T06:50:00.122Z,gpu-3uwoq-6g3ya-1,dcgm,gpu3,sm_clock_mhz,2070
2026-09-30T06:50:00.122Z,gpu-3uwoq-6g3ya-1,dcgm,gpu0,sm_clock_mhz,2070
2026-09-30T06:50:00.122Z,gpu-3uwoq-6g3ya-1,dcgm,gpu1,sm_clock_mhz,2070
2026-09-30T06:50:00.122Z,gpu-3uwoq-6g3ya-1,dcgm,gpu2,dram_active,0
2026-09-30T06:50:00.122Z,gpu-3uwoq-6g3ya-1,dcgm,gpu3,dram_active,0
2026-09-30T06:50:00.122Z,gpu-3uwoq-6g3ya-1,dcgm,gpu0,dram_active,0
2026-09-30T06:50:00.122Z,gpu-3uwoq-6g3ya-1,dcgm,gpu1,dram_active,0
2026-09-30T06:50:00.122Z,gpu-3uwoq-6g3ya-1,dcgm,gpu2,pcie_rx_bytes,66092
2026-09-30T06:50:00.122Z,gpu-3uwoq-6g3ya-1,dcgm,gpu3,pcie_rx_bytes,58333
2026-09-30T06:50:00.122Z,gpu-3uwoq-6g3ya-1,dcgm,gpu0,pcie_rx_bytes,60770
2026-09-30T06:50:00.122Z,gpu-3uwoq-6g3ya-1,dcgm,gpu1,pcie_rx_bytes,64316
2026-09-30T06:50:00.122Z,gpu-3uwoq-6g3ya-1,dcgm,gpu2,pcie_tx_bytes,63227
2026-09-30T06:50:00.122Z,gpu-3uwoq-6g3ya-1,dcgm,gpu3,pcie_tx_bytes,55468
2026-09-30T06:50:00.122Z,gpu-3uwoq-6g3ya-1,dcgm,gpu0,pcie_tx_bytes,57907
2026-09-30T06:50:00.122Z,gpu-3uwoq-6g3ya-1,dcgm,gpu1,pcie_tx_bytes,61455
2026-09-30T06:50:00.122Z,gpu-3uwoq-6g3ya-1,dcgm,gpu2,tensor_active,0
2026-09-30T06:50:00.122Z,gpu-3uwoq-6g3ya-1,dcgm,gpu3,tensor_active,0
2026-09-30T06:50:00.122Z,gpu-3uwoq-6g3ya-1,dcgm,gpu0,tensor_active,0
2026-09-30T06:50:00.122Z,gpu-3uwoq-6g3ya-1,dcgm,gpu1,tensor_active,0
2026-09-30T06:50:00.122Z,gpu-3uwoq-6g3ya-1,dcgm,gpu2,sm_active,0
2026-09-30T06:50:00.122Z,gpu-3uwoq-6g3ya-1,dcgm,gpu3,sm_active,0
2026-09-30T06:50:00.122Z,gpu-3uwoq-6g3ya-1,dcgm,gpu0,sm_active,0
2026-09-30T06:50:00.122Z,gpu-3uwoq-6g3ya-1,dcgm,gpu1,sm_active,0
2026-09-30T06:50:00.122Z,gpu-3uwoq-6g3ya-1,nvlink,gpu0,nvlink_rx_bytes,1.03151e+13
2026-09-30T06:50:00.122Z,gpu-3uwoq-6g3ya-1,nvlink,gpu0,nvlink_tx_bytes,1.03196e+13
2026-09-30T06:50:00.122Z,gpu-3uwoq-6g3ya-1,nvlink,gpu1,nvlink_rx_bytes,1.04695e+13
2026-09-30T06:50:00.122Z,gpu-3uwoq-6g3ya-1,nvlink,gpu1,nvlink_tx_bytes,1.04725e+13
2026-09-30T06:50:00.122Z,gpu-3uwoq-6g3ya-1,nvlink,gpu2,nvlink_rx_bytes,1.03377e+13
2026-09-30T06:50:00.122Z,gpu-3uwoq-6g3ya-1,nvlink,gpu2,nvlink_tx_bytes,1.03415e+13
2026-09-30T06:50:00.122Z,gpu-3uwoq-6g3ya-1,nvlink,gpu3,nvlink_rx_bytes,1.02871e+13
2026-09-30T06:50:00.122Z,gpu-3uwoq-6g3ya-1,nvlink,gpu3,nvlink_tx_bytes,1.02903e+13
2026-09-30T06:50:01.122Z,gpu-3uwoq-6g3ya-1,ib_counter,rdma_vf_rail0,port_xmit_data,4.08122e+12
2026-09-30T06:50:01.122Z,gpu-3uwoq-6g3ya-1,ib_counter,rdma_vf_rail0,port_rcv_data,2.11385e+12
2026-09-30T06:50:01.122Z,gpu-3uwoq-6g3ya-1,ib_counter,rdma_vf_rail0,port_xmit_packets,1.10305e+09
2026-09-30T06:50:01.122Z,gpu-3uwoq-6g3ya-1,ib_counter,rdma_vf_rail0,port_rcv_packets,7.38804e+08
2026-09-30T06:50:01.122Z,gpu-3uwoq-6g3ya-1,ib_counter,rdma_vf_rail0,port_xmit_wait,0
2026-09-30T06:50:01.122Z,gpu-3uwoq-6g3ya-1,ib_counter,rdma_vf_rail0,port_rcv_errors,0
2026-09-30T06:50:01.122Z,gpu-3uwoq-6g3ya-1,ib_counter,rdma_vf_rail0,port_xmit_discards,0
2026-09-30T06:50:01.122Z,gpu-3uwoq-6g3ya-1,ib_counter,rdma_vf_rail0,link_downed,0
2026-09-30T06:50:01.122Z,gpu-3uwoq-6g3ya-1,ib_hw_counter,rdma_vf_rail0,out_of_sequence,0
2026-09-30T06:50:01.122Z,gpu-3uwoq-6g3ya-1,ib_hw_counter,rdma_vf_rail0,packet_seq_err,8
2026-09-30T06:50:01.122Z,gpu-3uwoq-6g3ya-1,ib_hw_counter,rdma_vf_rail0,local_ack_timeout_err,0
2026-09-30T06:50:01.122Z,gpu-3uwoq-6g3ya-1,ib_hw_counter,rdma_vf_rail0,rx_write_requests,4.4503e+08
2026-09-30T06:50:01.122Z,gpu-3uwoq-6g3ya-1,ib_hw_counter,rdma_vf_rail0,rx_read_requests,9.0462e+06
2026-09-30T06:50:01.122Z,gpu-3uwoq-6g3ya-1,ib_hw_counter,rdma_vf_rail0,req_cqe_error,0
2026-09-30T06:50:01.122Z,gpu-3uwoq-6g3ya-1,ib_hw_counter,rdma_vf_rail0,resp_cqe_error,0
2026-09-30T06:50:01.122Z,gpu-3uwoq-6g3ya-1,ib_hw_counter,rdma_vf_rail0,implied_nak_seq_err,0
2026-09-30T06:50:01.122Z,gpu-3uwoq-6g3ya-1,ib_hw_counter,rdma_vf_rail0,duplicate_request,0
2026-09-30T06:50:01.122Z,gpu-3uwoq-6g3ya-1,ib_counter,rdma_vf_rail1,port_xmit_data,3.97368e+12
2026-09-30T06:50:01.122Z,gpu-3uwoq-6g3ya-1,ib_counter,rdma_vf_rail1,port_rcv_data,2.00573e+12
2026-09-30T06:50:01.122Z,gpu-3uwoq-6g3ya-1,ib_counter,rdma_vf_rail1,port_xmit_packets,1.07687e+09
2026-09-30T06:50:01.122Z,gpu-3uwoq-6g3ya-1,ib_counter,rdma_vf_rail1,port_rcv_packets,7.07728e+08
2026-09-30T06:50:01.122Z,gpu-3uwoq-6g3ya-1,ib_counter,rdma_vf_rail1,port_xmit_wait,0
2026-09-30T06:50:01.122Z,gpu-3uwoq-6g3ya-1,ib_counter,rdma_vf_rail1,port_rcv_errors,0
2026-09-30T06:50:01.122Z,gpu-3uwoq-6g3ya-1,ib_counter,rdma_vf_rail1,port_xmit_discards,0
2026-09-30T06:50:01.122Z,gpu-3uwoq-6g3ya-1,ib_counter,rdma_vf_rail1,link_downed,0
2026-09-30T06:50:01.122Z,gpu-3uwoq-6g3ya-1,ib_hw_counter,rdma_vf_rail1,out_of_sequence,0
2026-09-30T06:50:01.122Z,gpu-3uwoq-6g3ya-1,ib_hw_counter,rdma_vf_rail1,packet_seq_err,8
2026-09-30T06:50:01.122Z,gpu-3uwoq-6g3ya-1,ib_hw_counter,rdma_vf_rail1,local_ack_timeout_err,0
2026-09-30T06:50:01.122Z,gpu-3uwoq-6g3ya-1,ib_hw_counter,rdma_vf_rail1,rx_write_requests,4.43433e+08
2026-09-30T06:50:01.122Z,gpu-3uwoq-6g3ya-1,ib_hw_counter,rdma_vf_rail1,rx_read_requests,8.24518e+06
2026-09-30T06:50:01.122Z,gpu-3uwoq-6g3ya-1,ib_hw_counter,rdma_vf_rail1,req_cqe_error,0
2026-09-30T06:50:01.122Z,gpu-3uwoq-6g3ya-1,ib_hw_counter,rdma_vf_rail1,resp_cqe_error,0
2026-09-30T06:50:01.122Z,gpu-3uwoq-6g3ya-1,ib_hw_counter,rdma_vf_rail1,implied_nak_seq_err,0
2026-09-30T06:50:01.122Z,gpu-3uwoq-6g3ya-1,ib_hw_counter,rdma_vf_rail1,duplicate_request,0
2026-09-30T06:50:01.122Z,gpu-3uwoq-6g3ya-1,ib_counter,rdma_vf_rail2,port_xmit_data,3.94617e+12
2026-09-30T06:50:01.122Z,gpu-3uwoq-6g3ya-1,ib_counter,rdma_vf_rail2,port_rcv_data,1.97796e+12
2026-09-30T06:50:01.122Z,gpu-3uwoq-6g3ya-1,ib_counter,rdma_vf_rail2,port_xmit_packets,1.06232e+09
2026-09-30T06:50:01.122Z,gpu-3uwoq-6g3ya-1,ib_counter,rdma_vf_rail2,port_rcv_packets,6.88687e+08
2026-09-30T06:50:01.122Z,gpu-3uwoq-6g3ya-1,ib_counter,rdma_vf_rail2,port_xmit_wait,0
2026-09-30T06:50:01.122Z,gpu-3uwoq-6g3ya-1,ib_counter,rdma_vf_rail2,port_rcv_errors,0
2026-09-30T06:50:01.122Z,gpu-3uwoq-6g3ya-1,ib_counter,rdma_vf_rail2,port_xmit_discards,0
2026-09-30T06:50:01.122Z,gpu-3uwoq-6g3ya-1,ib_counter,rdma_vf_rail2,link_downed,0
2026-09-30T06:50:01.122Z,gpu-3uwoq-6g3ya-1,ib_hw_counter,rdma_vf_rail2,out_of_sequence,0
2026-09-30T06:50:01.122Z,gpu-3uwoq-6g3ya-1,ib_hw_counter,rdma_vf_rail2,packet_seq_err,7
2026-09-30T06:50:01.122Z,gpu-3uwoq-6g3ya-1,ib_hw_counter,rdma_vf_rail2,local_ack_timeout_err,0
2026-09-30T06:50:01.122Z,gpu-3uwoq-6g3ya-1,ib_hw_counter,rdma_vf_rail2,rx_write_requests,4.43005e+08
2026-09-30T06:50:01.122Z,gpu-3uwoq-6g3ya-1,ib_hw_counter,rdma_vf_rail2,rx_read_requests,8.03756e+06
2026-09-30T06:50:01.122Z,gpu-3uwoq-6g3ya-1,ib_hw_counter,rdma_vf_rail2,req_cqe_error,0
2026-09-30T06:50:01.122Z,gpu-3uwoq-6g3ya-1,ib_hw_counter,rdma_vf_rail2,resp_cqe_error,0
2026-09-30T06:50:01.122Z,gpu-3uwoq-6g3ya-1,ib_hw_counter,rdma_vf_rail2,implied_nak_seq_err,0
2026-09-30T06:50:01.122Z,gpu-3uwoq-6g3ya-1,ib_hw_counter,rdma_vf_rail2,duplicate_request,0
2026-09-30T06:50:01.122Z,gpu-3uwoq-6g3ya-1,ib_counter,rdma_vf_rail3,port_xmit_data,3.94643e+12
2026-09-30T06:50:01.122Z,gpu-3uwoq-6g3ya-1,ib_counter,rdma_vf_rail3,port_rcv_data,1.97772e+12
2026-09-30T06:50:01.122Z,gpu-3uwoq-6g3ya-1,ib_counter,rdma_vf_rail3,port_xmit_packets,1.06309e+09
2026-09-30T06:50:01.122Z,gpu-3uwoq-6g3ya-1,ib_counter,rdma_vf_rail3,port_rcv_packets,6.85505e+08
2026-09-30T06:50:01.122Z,gpu-3uwoq-6g3ya-1,ib_counter,rdma_vf_rail3,port_xmit_wait,0
2026-09-30T06:50:01.122Z,gpu-3uwoq-6g3ya-1,ib_counter,rdma_vf_rail3,port_rcv_errors,0
2026-09-30T06:50:01.122Z,gpu-3uwoq-6g3ya-1,ib_counter,rdma_vf_rail3,port_xmit_discards,0
2026-09-30T06:50:01.122Z,gpu-3uwoq-6g3ya-1,ib_counter,rdma_vf_rail3,link_downed,0
2026-09-30T06:50:01.122Z,gpu-3uwoq-6g3ya-1,ib_hw_counter,rdma_vf_rail3,out_of_sequence,1
2026-09-30T06:50:01.122Z,gpu-3uwoq-6g3ya-1,ib_hw_counter,rdma_vf_rail3,packet_seq_err,7
2026-09-30T06:50:01.122Z,gpu-3uwoq-6g3ya-1,ib_hw_counter,rdma_vf_rail3,local_ack_timeout_err,0
2026-09-30T06:50:01.122Z,gpu-3uwoq-6g3ya-1,ib_hw_counter,rdma_vf_rail3,rx_write_requests,4.43005e+08
2026-09-30T06:50:01.122Z,gpu-3uwoq-6g3ya-1,ib_hw_counter,rdma_vf_rail3,rx_read_requests,8.03756e+06
2026-09-30T06:50:01.122Z,gpu-3uwoq-6g3ya-1,ib_hw_counter,rdma_vf_rail3,req_cqe_error,0
2026-09-30T06:50:01.122Z,gpu-3uwoq-6g3ya-1,ib_hw_counter,rdma_vf_rail3,resp_cqe_error,0
2026-09-30T06:50:01.122Z,gpu-3uwoq-6g3ya-1,ib_hw_counter,rdma_vf_rail3,implied_nak_seq_err,0
2026-09-30T06:50:01.122Z,gpu-3uwoq-6g3ya-1,ib_hw_counter,rdma_vf_rail3,duplicate_request,0
2026-09-30T06:50:01.122Z,gpu-3uwoq-6g3ya-1,dcgm,gpu2,gpu_util,0
2026-09-30T06:50:01.122Z,gpu-3uwoq-6g3ya-1,dcgm,gpu3,gpu_util,0
2026-09-30T06:50:01.122Z,gpu-3uwoq-6g3ya-1,dcgm,gpu0,gpu_util,0
2026-09-30T06:50:01.122Z,gpu-3uwoq-6g3ya-1,dcgm,gpu1,gpu_util,0
2026-09-30T06:50:01.122Z,gpu-3uwoq-6g3ya-1,dcgm,gpu2,nvlink_bandwidth_total,0
2026-09-30T06:50:01.122Z,gpu-3uwoq-6g3ya-1,dcgm,gpu3,nvlink_bandwidth_total,0
2026-09-30T06:50:01.122Z,gpu-3uwoq-6g3ya-1,dcgm,gpu0,nvlink_bandwidth_total,0
2026-09-30T06:50:01.122Z,gpu-3uwoq-6g3ya-1,dcgm,gpu1,nvlink_bandwidth_total,0
2026-09-30T06:50:01.122Z,gpu-3uwoq-6g3ya-1,dcgm,gpu2,power_w,222.82
2026-09-30T06:50:01.122Z,gpu-3uwoq-6g3ya-1,dcgm,gpu3,power_w,227.026
2026-09-30T06:50:01.122Z,gpu-3uwoq-6g3ya-1,dcgm,gpu0,power_w,230.185
2026-09-30T06:50:01.122Z,gpu-3uwoq-6g3ya-1,dcgm,gpu1,power_w,226.374
2026-09-30T06:50:01.122Z,gpu-3uwoq-6g3ya-1,dcgm,gpu2,sm_clock_mhz,2070
2026-09-30T06:50:01.122Z,gpu-3uwoq-6g3ya-1,dcgm,gpu3,sm_clock_mhz,2070
2026-09-30T06:50:01.122Z,gpu-3uwoq-6g3ya-1,dcgm,gpu0,sm_clock_mhz,2070
2026-09-30T06:50:01.122Z,gpu-3uwoq-6g3ya-1,dcgm,gpu1,sm_clock_mhz,2070
2026-09-30T06:50:01.122Z,gpu-3uwoq-6g3ya-1,dcgm,gpu2,dram_active,0
2026-09-30T06:50:01.122Z,gpu-3uwoq-6g3ya-1,dcgm,gpu3,dram_active,0
2026-09-30T06:50:01.122Z,gpu-3uwoq-6g3ya-1,dcgm,gpu0,dram_active,0
2026-09-30T06:50:01.122Z,gpu-3uwoq-6g3ya-1,dcgm,gpu1,dram_active,0
2026-09-30T06:50:01.122Z,gpu-3uwoq-6g3ya-1,dcgm,gpu2,pcie_rx_bytes,66092
2026-09-30T06:50:01.122Z,gpu-3uwoq-6g3ya-1,dcgm,gpu3,pcie_rx_bytes,58333
2026-09-30T06:50:01.122Z,gpu-3uwoq-6g3ya-1,dcgm,gpu0,pcie_rx_bytes,60770
2026-09-30T06:50:01.122Z,gpu-3uwoq-6g3ya-1,dcgm,gpu1,pcie_rx_bytes,64316
2026-09-30T06:50:01.122Z,gpu-3uwoq-6g3ya-1,dcgm,gpu2,pcie_tx_bytes,63227
2026-09-30T06:50:01.122Z,gpu-3uwoq-6g3ya-1,dcgm,gpu3,pcie_tx_bytes,55468
2026-09-30T06:50:01.122Z,gpu-3uwoq-6g3ya-1,dcgm,gpu0,pcie_tx_bytes,57907
2026-09-30T06:50:01.122Z,gpu-3uwoq-6g3ya-1,dcgm,gpu1,pcie_tx_bytes,61455
2026-09-30T06:50:01.122Z,gpu-3uwoq-6g3ya-1,dcgm,gpu2,tensor_active,0
2026-09-30T06:50:01.122Z,gpu-3uwoq-6g3ya-1,dcgm,gpu3,tensor_active,0
2026-09-30T06:50:01.122Z,gpu-3uwoq-6g3ya-1,dcgm,gpu0,tensor_active,0
2026-09-30T06:50:01.122Z,gpu-3uwoq-6g3ya-1,dcgm,gpu1,tensor_active,0
2026-09-30T06:50:01.122Z,gpu-3uwoq-6g3ya-1,dcgm,gpu2,sm_active,0
2026-09-30T06:50:01.122Z,gpu-3uwoq-6g3ya-1,dcgm,gpu3,sm_active,0
2026-09-30T06:50:01.122Z,gpu-3uwoq-6g3ya-1,dcgm,gpu0,sm_active,0
2026-09-30T06:50:01.122Z,gpu-3uwoq-6g3ya-1,dcgm,gpu1,sm_active,0
2026-09-30T06:50:01.122Z,gpu-3uwoq-6g3ya-1,nvlink,gpu0,nvlink_rx_bytes,1.03151e+13
2026-09-30T06:50:01.122Z,gpu-3uwoq-6g3ya-1,nvlink,gpu0,nvlink_tx_bytes,1.03196e+13
2026-09-30T06:50:01.122Z,gpu-3uwoq-6g3ya-1,nvlink,gpu1,nvlink_rx_bytes,1.04695e+13
2026-09-30T06:50:01.122Z,gpu-3uwoq-6g3ya-1,nvlink,gpu1,nvlink_tx_bytes,1.04725e+13
2026-09-30T06:50:01.122Z,gpu-3uwoq-6g3ya-1,nvlink,gpu2,nvlink_rx_bytes,1.03377e+13
2026-09-30T06:50:01.122Z,gpu-3uwoq-6g3ya-1,nvlink,gpu2,nvlink_tx_bytes,1.03415e+13
2026-09-30T06:50:01.122Z,gpu-3uwoq-6g3ya-1,nvlink,gpu3,nvlink_rx_bytes,1.02871e+13
2026-09-30T06:50:01.122Z,gpu-3uwoq-6g3ya-1,nvlink,gpu3,nvlink_tx_bytes,1.02903e+13
2026-09-30T06:50:02.122Z,gpu-3uwoq-6g3ya-1,ib_counter,rdma_vf_rail0,port_xmit_data,4.08122e+12
2026-09-30T06:50:02.122Z,gpu-3uwoq-6g3ya-1,ib_counter,rdma_vf_rail0,port_rcv_data,2.11385e+12
2026-09-30T06:50:02.122Z,gpu-3uwoq-6g3ya-1,ib_counter,rdma_vf_rail0,port_xmit_packets,1.10305e+09
2026-09-30T06:50:02.122Z,gpu-3uwoq-6g3ya-1,ib_counter,rdma_vf_rail0,port_rcv_packets,7.38804e+08
2026-09-30T06:50:02.122Z,gpu-3uwoq-6g3ya-1,ib_counter,rdma_vf_rail0,port_xmit_wait,0
2026-09-30T06:50:02.122Z,gpu-3uwoq-6g3ya-1,ib_counter,rdma_vf_rail0,port_rcv_errors,0
2026-09-30T06:50:02.122Z,gpu-3uwoq-6g3ya-1,ib_counter,rdma_vf_rail0,port_xmit_discards,0
2026-09-30T06:50:02.122Z,gpu-3uwoq-6g3ya-1,ib_counter,rdma_vf_rail0,link_downed,0
2026-09-30T06:50:02.122Z,gpu-3uwoq-6g3ya-1,ib_hw_counter,rdma_vf_rail0,out_of_sequence,0
2026-09-30T06:50:02.122Z,gpu-3uwoq-6g3ya-1,ib_hw_counter,rdma_vf_rail0,packet_seq_err,8
2026-09-30T06:50:02.122Z,gpu-3uwoq-6g3ya-1,ib_hw_counter,rdma_vf_rail0,local_ack_timeout_err,0
2026-09-30T06:50:02.122Z,gpu-3uwoq-6g3ya-1,ib_hw_counter,rdma_vf_rail0,rx_write_requests,4.4503e+08
2026-09-30T06:50:02.122Z,gpu-3uwoq-6g3ya-1,ib_hw_counter,rdma_vf_rail0,rx_read_requests,9.0462e+06
2026-09-30T06:50:02.122Z,gpu-3uwoq-6g3ya-1,ib_hw_counter,rdma_vf_rail0,req_cqe_error,0
2026-09-30T06:50:02.122Z,gpu-3uwoq-6g3ya-1,ib_hw_counter,rdma_vf_rail0,resp_cqe_error,0
2026-09-30T06:50:02.122Z,gpu-3uwoq-6g3ya-1,ib_hw_counter,rdma_vf_rail0,implied_nak_seq_err,0
2026-09-30T06:50:02.122Z,gpu-3uwoq-6g3ya-1,ib_hw_counter,rdma_vf_rail0,duplicate_request,0
2026-09-30T06:50:02.122Z,gpu-3uwoq-6g3ya-1,ib_counter,rdma_vf_rail1,port_xmit_data,3.97368e+12
2026-09-30T06:50:02.122Z,gpu-3uwoq-6g3ya-1,ib_counter,rdma_vf_rail1,port_rcv_data,2.00573e+12
2026-09-30T06:50:02.122Z,gpu-3uwoq-6g3ya-1,ib_counter,rdma_vf_rail1,port_xmit_packets,1.07687e+09
2026-09-30T06:50:02.122Z,gpu-3uwoq-6g3ya-1,ib_counter,rdma_vf_rail1,port_rcv_packets,7.07728e+08
2026-09-30T06:50:02.122Z,gpu-3uwoq-6g3ya-1,ib_counter,rdma_vf_rail1,port_xmit_wait,0
2026-09-30T06:50:02.122Z,gpu-3uwoq-6g3ya-1,ib_counter,rdma_vf_rail1,port_rcv_errors,0
2026-09-30T06:50:02.122Z,gpu-3uwoq-6g3ya-1,ib_counter,rdma_vf_rail1,port_xmit_discards,0
2026-09-30T06:50:02.122Z,gpu-3uwoq-6g3ya-1,ib_counter,rdma_vf_rail1,link_downed,0
2026-09-30T06:50:02.122Z,gpu-3uwoq-6g3ya-1,ib_hw_counter,rdma_vf_rail1,out_of_sequence,0
2026-09-30T06:50:02.122Z,gpu-3uwoq-6g3ya-1,ib_hw_counter,rdma_vf_rail1,packet_seq_err,8
2026-09-30T06:50:02.122Z,gpu-3uwoq-6g3ya-1,ib_hw_counter,rdma_vf_rail1,local_ack_timeout_err,0
2026-09-30T06:50:02.122Z,gpu-3uwoq-6g3ya-1,ib_hw_counter,rdma_vf_rail1,rx_write_requests,4.43433e+08
2026-09-30T06:50:02.122Z,gpu-3uwoq-6g3ya-1,ib_hw_counter,rdma_vf_rail1,rx_read_requests,8.24518e+06
2026-09-30T06:50:02.122Z,gpu-3uwoq-6g3ya-1,ib_hw_counter,rdma_vf_rail1,req_cqe_error,0
2026-09-30T06:50:02.122Z,gpu-3uwoq-6g3ya-1,ib_hw_counter,rdma_vf_rail1,resp_cqe_error,0
2026-09-30T06:50:02.122Z,gpu-3uwoq-6g3ya-1,ib_hw_counter,rdma_vf_rail1,implied_nak_seq_err,0
2026-09-30T06:50:02.122Z,gpu-3uwoq-6g3ya-1,ib_hw_counter,rdma_vf_rail1,duplicate_request,0
2026-09-30T06:50:02.122Z,gpu-3uwoq-6g3ya-1,ib_counter,rdma_vf_rail2,port_xmit_data,3.94617e+12
2026-09-30T06:50:02.122Z,gpu-3uwoq-6g3ya-1,ib_counter,rdma_vf_rail2,port_rcv_data,1.97796e+12
2026-09-30T06:50:02.122Z,gpu-3uwoq-6g3ya-1,ib_counter,rdma_vf_rail2,port_xmit_packets,1.06232e+09
2026-09-30T06:50:02.122Z,gpu-3uwoq-6g3ya-1,ib_counter,rdma_vf_rail2,port_rcv_packets,6.88687e+08
2026-09-30T06:50:02.122Z,gpu-3uwoq-6g3ya-1,ib_counter,rdma_vf_rail2,port_xmit_wait,0
2026-09-30T06:50:02.122Z,gpu-3uwoq-6g3ya-1,ib_counter,rdma_vf_rail2,port_rcv_errors,0
2026-09-30T06:50:02.122Z,gpu-3uwoq-6g3ya-1,ib_counter,rdma_vf_rail2,port_xmit_discards,0
2026-09-30T06:50:02.122Z,gpu-3uwoq-6g3ya-1,ib_counter,rdma_vf_rail2,link_downed,0
2026-09-30T06:50:02.122Z,gpu-3uwoq-6g3ya-1,ib_hw_counter,rdma_vf_rail2,out_of_sequence,0
2026-09-30T06:50:02.122Z,gpu-3uwoq-6g3ya-1,ib_hw_counter,rdma_vf_rail2,packet_seq_err,7
2026-09-30T06:50:02.122Z,gpu-3uwoq-6g3ya-1,ib_hw_counter,rdma_vf_rail2,local_ack_timeout_err,0
2026-09-30T06:50:02.122Z,gpu-3uwoq-6g3ya-1,ib_hw_counter,rdma_vf_rail2,rx_write_requests,4.43005e+08
2026-09-30T06:50:02.122Z,gpu-3uwoq-6g3ya-1,ib_hw_counter,rdma_vf_rail2,rx_read_requests,8.03756e+06
2026-09-30T06:50:02.122Z,gpu-3uwoq-6g3ya-1,ib_hw_counter,rdma_vf_rail2,req_cqe_error,0
2026-09-30T06:50:02.122Z,gpu-3uwoq-6g3ya-1,ib_hw_counter,rdma_vf_rail2,resp_cqe_error,0
2026-09-30T06:50:02.122Z,gpu-3uwoq-6g3ya-1,ib_hw_counter,rdma_vf_rail2,implied_nak_seq_err,0
2026-09-30T06:50:02.122Z,gpu-3uwoq-6g3ya-1,ib_hw_counter,rdma_vf_rail2,duplicate_request,0
2026-09-30T06:50:02.122Z,gpu-3uwoq-6g3ya-1,ib_counter,rdma_vf_rail3,port_xmit_data,3.94643e+12
2026-09-30T06:50:02.122Z,gpu-3uwoq-6g3ya-1,ib_counter,rdma_vf_rail3,port_rcv_data,1.97772e+12
2026-09-30T06:50:02.122Z,gpu-3uwoq-6g3ya-1,ib_counter,rdma_vf_rail3,port_xmit_packets,1.06309e+09
2026-09-30T06:50:02.122Z,gpu-3uwoq-6g3ya-1,ib_counter,rdma_vf_rail3,port_rcv_packets,6.85505e+08
2026-09-30T06:50:02.122Z,gpu-3uwoq-6g3ya-1,ib_counter,rdma_vf_rail3,port_xmit_wait,0
2026-09-30T06:50:02.122Z,gpu-3uwoq-6g3ya-1,ib_counter,rdma_vf_rail3,port_rcv_errors,0
2026-09-30T06:50:02.122Z,gpu-3uwoq-6g3ya-1,ib_counter,rdma_vf_rail3,port_xmit_discards,0
2026-09-30T06:50:02.122Z,gpu-3uwoq-6g3ya-1,ib_counter,rdma_vf_rail3,link_downed,0
2026-09-30T06:50:02.122Z,gpu-3uwoq-6g3ya-1,ib_hw_counter,rdma_vf_rail3,out_of_sequence,1
2026-09-30T06:50:02.122Z,gpu-3uwoq-6g3ya-1,ib_hw_counter,rdma_vf_rail3,packet_seq_err,7
2026-09-30T06:50:02.122Z,gpu-3uwoq-6g3ya-1,ib_hw_counter,rdma_vf_rail3,local_ack_timeout_err,0
2026-09-30T06:50:02.122Z,gpu-3uwoq-6g3ya-1,ib_hw_counter,rdma_vf_rail3,rx_write_requests,4.43005e+08
2026-09-30T06:50:02.122Z,gpu-3uwoq-6g3ya-1,ib_hw_counter,rdma_vf_rail3,rx_read_requests,8.03756e+06
2026-09-30T06:50:02.122Z,gpu-3uwoq-6g3ya-1,ib_hw_counter,rdma_vf_rail3,req_cqe_error,0
2026-09-30T06:50:02.122Z,gpu-3uwoq-6g3ya-1,ib_hw_counter,rdma_vf_rail3,resp_cqe_error,0
2026-09-30T06:50:02.122Z,gpu-3uwoq-6g3ya-1,ib_hw_counter,rdma_vf_rail3,implied_nak_seq_err,0
2026-09-30T06:50:02.122Z,gpu-3uwoq-6g3ya-1,ib_hw_counter,rdma_vf_rail3,duplicate_request,0
2026-09-30T06:50:02.122Z,gpu-3uwoq-6g3ya-1,dcgm,gpu2,gpu_util,0
2026-09-30T06:50:02.122Z,gpu-3uwoq-6g3ya-1,dcgm,gpu3,gpu_util,0
2026-09-30T06:50:02.122Z,gpu-3uwoq-6g3ya-1,dcgm,gpu0,gpu_util,0
2026-09-30T06:50:02.122Z,gpu-3uwoq-6g3ya-1,dcgm,gpu1,gpu_util,0
2026-09-30T06:50:02.122Z,gpu-3uwoq-6g3ya-1,dcgm,gpu2,nvlink_bandwidth_total,0
2026-09-30T06:50:02.122Z,gpu-3uwoq-6g3ya-1,dcgm,gpu3,nvlink_bandwidth_total,0
2026-09-30T06:50:02.122Z,gpu-3uwoq-6g3ya-1,dcgm,gpu0,nvlink_bandwidth_total,0
2026-09-30T06:50:02.122Z,gpu-3uwoq-6g3ya-1,dcgm,gpu1,nvlink_bandwidth_total,0
2026-09-30T06:50:02.122Z,gpu-3uwoq-6g3ya-1,dcgm,gpu2,power_w,222.82
2026-09-30T06:50:02.122Z,gpu-3uwoq-6g3ya-1,dcgm,gpu3,power_w,227.026
2026-09-30T06:50:02.122Z,gpu-3uwoq-6g3ya-1,dcgm,gpu0,power_w,230.185
2026-09-30T06:50:02.122Z,gpu-3uwoq-6g3ya-1,dcgm,gpu1,power_w,226.374
2026-09-30T06:50:02.122Z,gpu-3uwoq-6g3ya-1,dcgm,gpu2,sm_clock_mhz,2070
2026-09-30T06:50:02.122Z,gpu-3uwoq-6g3ya-1,dcgm,gpu3,sm_clock_mhz,2070
2026-09-30T06:50:02.122Z,gpu-3uwoq-6g3ya-1,dcgm,gpu0,sm_clock_mhz,2070
2026-09-30T06:50:02.122Z,gpu-3uwoq-6g3ya-1,dcgm,gpu1,sm_clock_mhz,2070
2026-09-30T06:50:02.122Z,gpu-3uwoq-6g3ya-1,dcgm,gpu2,dram_active,0
2026-09-30T06:50:02.122Z,gpu-3uwoq-6g3ya-1,dcgm,gpu3,dram_active,0
2026-09-30T06:50:02.122Z,gpu-3uwoq-6g3ya-1,dcgm,gpu0,dram_active,0
2026-09-30T06:50:02.122Z,gpu-3uwoq-6g3ya-1,dcgm,gpu1,dram_active,0
2026-09-30T06:50:02.122Z,gpu-3uwoq-6g3ya-1,dcgm,gpu2,pcie_rx_bytes,66092
2026-09-30T06:50:02.122Z,gpu-3uwoq-6g3ya-1,dcgm,gpu3,pcie_rx_bytes,58333
2026-09-30T06:50:02.122Z,gpu-3uwoq-6g3ya-1,dcgm,gpu0,pcie_rx_bytes,60770
2026-09-30T06:50:02.122Z,gpu-3uwoq-6g3ya-1,dcgm,gpu1,pcie_rx_bytes,64316
2026-09-30T06:50:02.122Z,gpu-3uwoq-6g3ya-1,dcgm,gpu2,pcie_tx_bytes,63227
2026-09-30T06:50:02.122Z,gpu-3uwoq-6g3ya-1,dcgm,gpu3,pcie_tx_bytes,55468
2026-09-30T06:50:02.122Z,gpu-3uwoq-6g3ya-1,dcgm,gpu0,pcie_tx_bytes,57907
2026-09-30T06:50:02.122Z,gpu-3uwoq-6g3ya-1,dcgm,gpu1,pcie_tx_bytes,61455
2026-09-30T06:50:02.122Z,gpu-3uwoq-6g3ya-1,dcgm,gpu2,tensor_active,0
2026-09-30T06:50:02.122Z,gpu-3uwoq-6g3ya-1,dcgm,gpu3,tensor_active,0
2026-09-30T06:50:02.122Z,gpu-3uwoq-6g3ya-1,dcgm,gpu0,tensor_active,0
2026-09-30T06:50:02.122Z,gpu-3uwoq-6g3ya-1,dcgm,gpu1,tensor_active,0
2026-09-30T06:50:02.122Z,gpu-3uwoq-6g3ya-1,dcgm,gpu2,sm_active,0
2026-09-30T06:50:02.122Z,gpu-3uwoq-6g3ya-1,dcgm,gpu3,sm_active,0
2026-09-30T06:50:02.122Z,gpu-3uwoq-6g3ya-1,dcgm,gpu0,sm_active,0
2026-09-30T06:50:02.122Z,gpu-3uwoq-6g3ya-1,dcgm,gpu1,sm_active,0
2026-09-30T06:50:02.122Z,gpu-3uwoq-6g3ya-1,nvlink,gpu0,nvlink_rx_bytes,1.03151e+13
2026-09-30T06:50:02.122Z,gpu-3uwoq-6g3ya-1,nvlink,gpu0,nvlink_tx_bytes,1.03196e+13
2026-09-30T06:50:02.122Z,gpu-3uwoq-6g3ya-1,nvlink,gpu1,nvlink_rx_bytes,1.04695e+13
2026-09-30T06:50:02.122Z,gpu-3uwoq-6g3ya-1,nvlink,gpu1,nvlink_tx_bytes,1.04725e+13
2026-09-30T06:50:02.122Z,gpu-3uwoq-6g3ya-1,nvlink,gpu2,nvlink_rx_bytes,1.03377e+13
2026-09-30T06:50:02.122Z,gpu-3uwoq-6g3ya-1,nvlink,gpu2,nvlink_tx_bytes,1.03415e+13
2026-09-30T06:50:02.122Z,gpu-3uwoq-6g3ya-1,nvlink,gpu3,nvlink_rx_bytes,1.02871e+13
2026-09-30T06:50:02.122Z,gpu-3uwoq-6g3ya-1,nvlink,gpu3,nvlink_tx_bytes,1.02903e+13
2026-09-30T06:50:03.122Z,gpu-3uwoq-6g3ya-1,ib_counter,rdma_vf_rail0,port_xmit_data,4.08122e+12
2026-09-30T06:50:03.122Z,gpu-3uwoq-6g3ya-1,ib_counter,rdma_vf_rail0,port_rcv_data,2.11385e+12
2026-09-30T06:50:03.122Z,gpu-3uwoq-6g3ya-1,ib_counter,rdma_vf_rail0,port_xmit_packets,1.10305e+09
2026-09-30T06:50:03.122Z,gpu-3uwoq-6g3ya-1,ib_counter,rdma_vf_rail0,port_rcv_packets,7.38804e+08
2026-09-30T06:50:03.122Z,gpu-3uwoq-6g3ya-1,ib_counter,rdma_vf_rail0,port_xmit_wait,0
2026-09-30T06:50:03.122Z,gpu-3uwoq-6g3ya-1,ib_counter,rdma_vf_rail0,port_rcv_errors,0
2026-09-30T06:50:03.122Z,gpu-3uwoq-6g3ya-1,ib_counter,rdma_vf_rail0,port_xmit_discards,0
2026-09-30T06:50:03.122Z,gpu-3uwoq-6g3ya-1,ib_counter,rdma_vf_rail0,link_downed,0
2026-09-30T06:50:03.122Z,gpu-3uwoq-6g3ya-1,ib_hw_counter,rdma_vf_rail0,out_of_sequence,0
2026-09-30T06:50:03.122Z,gpu-3uwoq-6g3ya-1,ib_hw_counter,rdma_vf_rail0,packet_seq_err,8
2026-09-30T06:50:03.122Z,gpu-3uwoq-6g3ya-1,ib_hw_counter,rdma_vf_rail0,local_ack_timeout_err,0
2026-09-30T06:50:03.122Z,gpu-3uwoq-6g3ya-1,ib_hw_counter,rdma_vf_rail0,rx_write_requests,4.4503e+08
2026-09-30T06:50:03.122Z,gpu-3uwoq-6g3ya-1,ib_hw_counter,rdma_vf_rail0,rx_read_requests,9.0462e+06
2026-09-30T06:50:03.122Z,gpu-3uwoq-6g3ya-1,ib_hw_counter,rdma_vf_rail0,req_cqe_error,0
2026-09-30T06:50:03.122Z,gpu-3uwoq-6g3ya-1,ib_hw_counter,rdma_vf_rail0,resp_cqe_error,0
2026-09-30T06:50:03.122Z,gpu-3uwoq-6g3ya-1,ib_hw_counter,rdma_vf_rail0,implied_nak_seq_err,0
2026-09-30T06:50:03.122Z,gpu-3uwoq-6g3ya-1,ib_hw_counter,rdma_vf_rail0,duplicate_request,0
2026-09-30T06:50:03.122Z,gpu-3uwoq-6g3ya-1,ib_counter,rdma_vf_rail1,port_xmit_data,3.97368e+12
2026-09-30T06:50:03.122Z,gpu-3uwoq-6g3ya-1,ib_counter,rdma_vf_rail1,port_rcv_data,2.00573e+12
2026-09-30T06:50:03.122Z,gpu-3uwoq-6g3ya-1,ib_counter,rdma_vf_rail1,port_xmit_packets,1.07687e+09
2026-09-30T06:50:03.122Z,gpu-3uwoq-6g3ya-1,ib_counter,rdma_vf_rail1,port_rcv_packets,7.07728e+08
2026-09-30T06:50:03.122Z,gpu-3uwoq-6g3ya-1,ib_counter,rdma_vf_rail1,port_xmit_wait,0
2026-09-30T06:50:03.122Z,gpu-3uwoq-6g3ya-1,ib_counter,rdma_vf_rail1,port_rcv_errors,0
2026-09-30T06:50:03.122Z,gpu-3uwoq-6g3ya-1,ib_counter,rdma_vf_rail1,port_xmit_discards,0
2026-09-30T06:50:03.122Z,gpu-3uwoq-6g3ya-1,ib_counter,rdma_vf_rail1,link_downed,0
2026-09-30T06:50:03.122Z,gpu-3uwoq-6g3ya-1,ib_hw_counter,rdma_vf_rail1,out_of_sequence,0
2026-09-30T06:50:03.122Z,gpu-3uwoq-6g3ya-1,ib_hw_counter,rdma_vf_rail1,packet_seq_err,8
2026-09-30T06:50:03.122Z,gpu-3uwoq-6g3ya-1,ib_hw_counter,rdma_vf_rail1,local_ack_timeout_err,0
2026-09-30T06:50:03.122Z,gpu-3uwoq-6g3ya-1,ib_hw_counter,rdma_vf_rail1,rx_write_requests,4.43433e+08
2026-09-30T06:50:03.122Z,gpu-3uwoq-6g3ya-1,ib_hw_counter,rdma_vf_rail1,rx_read_requests,8.24518e+06
2026-09-30T06:50:03.122Z,gpu-3uwoq-6g3ya-1,ib_hw_counter,rdma_vf_rail1,req_cqe_error,0
2026-09-30T06:50:03.122Z,gpu-3uwoq-6g3ya-1,ib_hw_counter,rdma_vf_rail1,resp_cqe_error,0
2026-09-30T06:50:03.122Z,gpu-3uwoq-6g3ya-1,ib_hw_counter,rdma_vf_rail1,implied_nak_seq_err,0
2026-09-30T06:50:03.122Z,gpu-3uwoq-6g3ya-1,ib_hw_counter,rdma_vf_rail1,duplicate_request,0
2026-09-30T06:50:03.122Z,gpu-3uwoq-6g3ya-1,ib_counter,rdma_vf_rail2,port_xmit_data,3.94617e+12
2026-09-30T06:50:03.122Z,gpu-3uwoq-6g3ya-1,ib_counter,rdma_vf_rail2,port_rcv_data,1.97796e+12
2026-09-30T06:50:03.122Z,gpu-3uwoq-6g3ya-1,ib_counter,rdma_vf_rail2,port_xmit_packets,1.06232e+09
2026-09-30T06:50:03.122Z,gpu-3uwoq-6g3ya-1,ib_counter,rdma_vf_rail2,port_rcv_packets,6.88687e+08
2026-09-30T06:50:03.122Z,gpu-3uwoq-6g3ya-1,ib_counter,rdma_vf_rail2,port_xmit_wait,0
2026-09-30T06:50:03.122Z,gpu-3uwoq-6g3ya-1,ib_counter,rdma_vf_rail2,port_rcv_errors,0
2026-09-30T06:50:03.122Z,gpu-3uwoq-6g3ya-1,ib_counter,rdma_vf_rail2,port_xmit_discards,0
2026-09-30T06:50:03.122Z,gpu-3uwoq-6g3ya-1,ib_counter,rdma_vf_rail2,link_downed,0
2026-09-30T06:50:03.122Z,gpu-3uwoq-6g3ya-1,ib_hw_counter,rdma_vf_rail2,out_of_sequence,0
2026-09-30T06:50:03.122Z,gpu-3uwoq-6g3ya-1,ib_hw_counter,rdma_vf_rail2,packet_seq_err,7
2026-09-30T06:50:03.122Z,gpu-3uwoq-6g3ya-1,ib_hw_counter,rdma_vf_rail2,local_ack_timeout_err,0
2026-09-30T06:50:03.122Z,gpu-3uwoq-6g3ya-1,ib_hw_counter,rdma_vf_rail2,rx_write_requests,4.43005e+08
2026-09-30T06:50:03.122Z,gpu-3uwoq-6g3ya-1,ib_hw_counter,rdma_vf_rail2,rx_read_requests,8.03756e+06
2026-09-30T06:50:03.122Z,gpu-3uwoq-6g3ya-1,ib_hw_counter,rdma_vf_rail2,req_cqe_error,0
2026-09-30T06:50:03.122Z,gpu-3uwoq-6g3ya-1,ib_hw_counter,rdma_vf_rail2,resp_cqe_error,0
2026-09-30T06:50:03.122Z,gpu-3uwoq-6g3ya-1,ib_hw_counter,rdma_vf_rail2,implied_nak_seq_err,0
2026-09-30T06:50:03.122Z,gpu-3uwoq-6g3ya-1,ib_hw_counter,rdma_vf_rail2,duplicate_request,0
2026-09-30T06:50:03.122Z,gpu-3uwoq-6g3ya-1,ib_counter,rdma_vf_rail3,port_xmit_data,3.94643e+12
2026-09-30T06:50:03.122Z,gpu-3uwoq-6g3ya-1,ib_counter,rdma_vf_rail3,port_rcv_data,1.97772e+12
2026-09-30T06:50:03.122Z,gpu-3uwoq-6g3ya-1,ib_counter,rdma_vf_rail3,port_xmit_packets,1.06309e+09
2026-09-30T06:50:03.122Z,gpu-3uwoq-6g3ya-1,ib_counter,rdma_vf_rail3,port_rcv_packets,6.85505e+08
2026-09-30T06:50:03.122Z,gpu-3uwoq-6g3ya-1,ib_counter,rdma_vf_rail3,port_xmit_wait,0
2026-09-30T06:50:03.122Z,gpu-3uwoq-6g3ya-1,ib_counter,rdma_vf_rail3,port_rcv_errors,0
2026-09-30T06:50:03.122Z,gpu-3uwoq-6g3ya-1,ib_counter,rdma_vf_rail3,port_xmit_discards,0
2026-09-30T06:50:03.122Z,gpu-3uwoq-6g3ya-1,ib_counter,rdma_vf_rail3,link_downed,0
2026-09-30T06:50:03.122Z,gpu-3uwoq-6g3ya-1,ib_hw_counter,rdma_vf_rail3,out_of_sequence,1
2026-09-30T06:50:03.122Z,gpu-3uwoq-6g3ya-1,ib_hw_counter,rdma_vf_rail3,packet_seq_err,7
2026-09-30T06:50:03.122Z,gpu-3uwoq-6g3ya-1,ib_hw_counter,rdma_vf_rail3,local_ack_timeout_err,0
2026-09-30T06:50:03.122Z,gpu-3uwoq-6g3ya-1,ib_hw_counter,rdma_vf_rail3,rx_write_requests,4.43005e+08
2026-09-30T06:50:03.122Z,gpu-3uwoq-6g3ya-1,ib_hw_counter,rdma_vf_rail3,rx_read_requests,8.03756e+06
2026-09-30T06:50:03.122Z,gpu-3uwoq-6g3ya-1,ib_hw_counter,rdma_vf_rail3,req_cqe_error,0
2026-09-30T06:50:03.122Z,gpu-3uwoq-6g3ya-1,ib_hw_counter,rdma_vf_rail3,resp_cqe_error,0
2026-09-30T06:50:03.122Z,gpu-3uwoq-6g3ya-1,ib_hw_counter,rdma_vf_rail3,implied_nak_seq_err,0
2026-09-30T06:50:03.122Z,gpu-3uwoq-6g3ya-1,ib_hw_counter,rdma_vf_rail3,duplicate_request,0
2026-09-30T06:50:03.122Z,gpu-3uwoq-6g3ya-1,dcgm,gpu2,gpu_util,0
2026-09-30T06:50:03.122Z,gpu-3uwoq-6g3ya-1,dcgm,gpu3,gpu_util,0
2026-09-30T06:50:03.122Z,gpu-3uwoq-6g3ya-1,dcgm,gpu0,gpu_util,0
2026-09-30T06:50:03.122Z,gpu-3uwoq-6g3ya-1,dcgm,gpu1,gpu_util,0
2026-09-30T06:50:03.122Z,gpu-3uwoq-6g3ya-1,dcgm,gpu2,nvlink_bandwidth_total,0
2026-09-30T06:50:03.122Z,gpu-3uwoq-6g3ya-1,dcgm,gpu3,nvlink_bandwidth_total,0
2026-09-30T06:50:03.122Z,gpu-3uwoq-6g3ya-1,dcgm,gpu0,nvlink_bandwidth_total,0
2026-09-30T06:50:03.122Z,gpu-3uwoq-6g3ya-1,dcgm,gpu1,nvlink_bandwidth_total,0
2026-09-30T06:50:03.122Z,gpu-3uwoq-6g3ya-1,dcgm,gpu2,power_w,222.82
2026-09-30T06:50:03.122Z,gpu-3uwoq-6g3ya-1,dcgm,gpu3,power_w,227.026
2026-09-30T06:50:03.122Z,gpu-3uwoq-6g3ya-1,dcgm,gpu0,power_w,230.185
2026-09-30T06:50:03.122Z,gpu-3uwoq-6g3ya-1,dcgm,gpu1,power_w,226.374
2026-09-30T06:50:03.122Z,gpu-3uwoq-6g3ya-1,dcgm,gpu2,sm_clock_mhz,2070
2026-09-30T06:50:03.122Z,gpu-3uwoq-6g3ya-1,dcgm,gpu3,sm_clock_mhz,2070
2026-09-30T06:50:03.122Z,gpu-3uwoq-6g3ya-1,dcgm,gpu0,sm_clock_mhz,2070
2026-09-30T06:50:03.122Z,gpu-3uwoq-6g3ya-1,dcgm,gpu1,sm_clock_mhz,2070
2026-09-30T06:50:03.122Z,gpu-3uwoq-6g3ya-1,dcgm,gpu2,dram_active,0
2026-09-30T06:50:03.122Z,gpu-3uwoq-6g3ya-1,dcgm,gpu3,dram_active,0
2026-09-30T06:50:03.122Z,gpu-3uwoq-6g3ya-1,dcgm,gpu0,dram_active,0
2026-09-30T06:50:03.122Z,gpu-3uwoq-6g3ya-1,dcgm,gpu1,dram_active,0
2026-09-30T06:50:03.122Z,gpu-3uwoq-6g3ya-1,dcgm,gpu2,pcie_rx_bytes,66092
2026-09-30T06:50:03.122Z,gpu-3uwoq-6g3ya-1,dcgm,gpu3,pcie_rx_bytes,58333
2026-09-30T06:50:03.122Z,gpu-3uwoq-6g3ya-1,dcgm,gpu0,pcie_rx_bytes,60770
2026-09-30T06:50:03.122Z,gpu-3uwoq-6g3ya-1,dcgm,gpu1,pcie_rx_bytes,64316
2026-09-30T06:50:03.122Z,gpu-3uwoq-6g3ya-1,dcgm,gpu2,pcie_tx_bytes,63227
2026-09-30T06:50:03.122Z,gpu-3uwoq-6g3ya-1,dcgm,gpu3,pcie_tx_bytes,55468
2026-09-30T06:50:03.122Z,gpu-3uwoq-6g3ya-1,dcgm,gpu0,pcie_tx_bytes,57907
2026-09-30T06:50:03.122Z,gpu-3uwoq-6g3ya-1,dcgm,gpu1,pcie_tx_bytes,61455
2026-09-30T06:50:03.122Z,gpu-3uwoq-6g3ya-1,dcgm,gpu2,tensor_active,0
2026-09-30T06:50:03.122Z,gpu-3uwoq-6g3ya-1,dcgm,gpu3,tensor_active,0
2026-09-30T06:50:03.122Z,gpu-3uwoq-6g3ya-1,dcgm,gpu0,tensor_active,0
2026-09-30T06:50:03.122Z,gpu-3uwoq-6g3ya-1,dcgm,gpu1,tensor_active,0
2026-09-30T06:50:03.122Z,gpu-3uwoq-6g3ya-1,dcgm,gpu2,sm_active,0
2026-09-30T06:50:03.122Z,gpu-3uwoq-6g3ya-1,dcgm,gpu3,sm_active,0
2026-09-30T06:50:03.122Z,gpu-3uwoq-6g3ya-1,dcgm,gpu0,sm_active,0
2026-09-30T06:50:03.122Z,gpu-3uwoq-6g3ya-1,dcgm,gpu1,sm_active,0
2026-09-30T06:50:03.122Z,gpu-3uwoq-6g3ya-1,nvlink,gpu0,nvlink_rx_bytes,1.03783e+13
2026-09-30T06:50:03.122Z,gpu-3uwoq-6g3ya-1,nvlink,gpu0,nvlink_tx_bytes,1.03828e+13
2026-09-30T06:50:03.122Z,gpu-3uwoq-6g3ya-1,nvlink,gpu1,nvlink_rx_bytes,1.05327e+13
2026-09-30T06:50:03.122Z,gpu-3uwoq-6g3ya-1,nvlink,gpu1,nvlink_tx_bytes,1.05357e+13
2026-09-30T06:50:03.122Z,gpu-3uwoq-6g3ya-1,nvlink,gpu2,nvlink_rx_bytes,1.04008e+13
2026-09-30T06:50:03.122Z,gpu-3uwoq-6g3ya-1,nvlink,gpu2,nvlink_tx_bytes,1.04047e+13
2026-09-30T06:50:03.122Z,gpu-3uwoq-6g3ya-1,nvlink,gpu3,nvlink_rx_bytes,1.03502e+13
2026-09-30T06:50:03.122Z,gpu-3uwoq-6g3ya-1,nvlink,gpu3,nvlink_tx_bytes,1.03535e+13
2026-09-30T06:50:04.122Z,gpu-3uwoq-6g3ya-1,ib_counter,rdma_vf_rail0,port_xmit_data,4.08122e+12
2026-09-30T06:50:04.122Z,gpu-3uwoq-6g3ya-1,ib_counter,rdma_vf_rail0,port_rcv_data,2.11385e+12
2026-09-30T06:50:04.122Z,gpu-3uwoq-6g3ya-1,ib_counter,rdma_vf_rail0,port_xmit_packets,1.10305e+09
2026-09-30T06:50:04.122Z,gpu-3uwoq-6g3ya-1,ib_counter,rdma_vf_rail0,port_rcv_packets,7.38804e+08
2026-09-30T06:50:04.122Z,gpu-3uwoq-6g3ya-1,ib_counter,rdma_vf_rail0,port_xmit_wait,0
2026-09-30T06:50:04.122Z,gpu-3uwoq-6g3ya-1,ib_counter,rdma_vf_rail0,port_rcv_errors,0
2026-09-30T06:50:04.122Z,gpu-3uwoq-6g3ya-1,ib_counter,rdma_vf_rail0,port_xmit_discards,0
2026-09-30T06:50:04.122Z,gpu-3uwoq-6g3ya-1,ib_counter,rdma_vf_rail0,link_downed,0
2026-09-30T06:50:04.122Z,gpu-3uwoq-6g3ya-1,ib_hw_counter,rdma_vf_rail0,out_of_sequence,0
2026-09-30T06:50:04.122Z,gpu-3uwoq-6g3ya-1,ib_hw_counter,rdma_vf_rail0,packet_seq_err,8
2026-09-30T06:50:04.122Z,gpu-3uwoq-6g3ya-1,ib_hw_counter,rdma_vf_rail0,local_ack_timeout_err,0
2026-09-30T06:50:04.122Z,gpu-3uwoq-6g3ya-1,ib_hw_counter,rdma_vf_rail0,rx_write_requests,4.4503e+08
2026-09-30T06:50:04.122Z,gpu-3uwoq-6g3ya-1,ib_hw_counter,rdma_vf_rail0,rx_read_requests,9.0462e+06
2026-09-30T06:50:04.122Z,gpu-3uwoq-6g3ya-1,ib_hw_counter,rdma_vf_rail0,req_cqe_error,0
2026-09-30T06:50:04.122Z,gpu-3uwoq-6g3ya-1,ib_hw_counter,rdma_vf_rail0,resp_cqe_error,0
2026-09-30T06:50:04.122Z,gpu-3uwoq-6g3ya-1,ib_hw_counter,rdma_vf_rail0,implied_nak_seq_err,0
2026-09-30T06:50:04.122Z,gpu-3uwoq-6g3ya-1,ib_hw_counter,rdma_vf_rail0,duplicate_request,0
2026-09-30T06:50:04.122Z,gpu-3uwoq-6g3ya-1,ib_counter,rdma_vf_rail1,port_xmit_data,3.97368e+12
2026-09-30T06:50:04.122Z,gpu-3uwoq-6g3ya-1,ib_counter,rdma_vf_rail1,port_rcv_data,2.00573e+12
2026-09-30T06:50:04.122Z,gpu-3uwoq-6g3ya-1,ib_counter,rdma_vf_rail1,port_xmit_packets,1.07687e+09
2026-09-30T06:50:04.122Z,gpu-3uwoq-6g3ya-1,ib_counter,rdma_vf_rail1,port_rcv_packets,7.07728e+08
2026-09-30T06:50:04.122Z,gpu-3uwoq-6g3ya-1,ib_counter,rdma_vf_rail1,port_xmit_wait,0
2026-09-30T06:50:04.122Z,gpu-3uwoq-6g3ya-1,ib_counter,rdma_vf_rail1,port_rcv_errors,0
2026-09-30T06:50:04.122Z,gpu-3uwoq-6g3ya-1,ib_counter,rdma_vf_rail1,port_xmit_discards,0
2026-09-30T06:50:04.122Z,gpu-3uwoq-6g3ya-1,ib_counter,rdma_vf_rail1,link_downed,0
2026-09-30T06:50:04.122Z,gpu-3uwoq-6g3ya-1,ib_hw_counter,rdma_vf_rail1,out_of_sequence,0
2026-09-30T06:50:04.122Z,gpu-3uwoq-6g3ya-1,ib_hw_counter,rdma_vf_rail1,packet_seq_err,8
2026-09-30T06:50:04.122Z,gpu-3uwoq-6g3ya-1,ib_hw_counter,rdma_vf_rail1,local_ack_timeout_err,0
2026-09-30T06:50:04.122Z,gpu-3uwoq-6g3ya-1,ib_hw_counter,rdma_vf_rail1,rx_write_requests,4.43433e+08
2026-09-30T06:50:04.122Z,gpu-3uwoq-6g3ya-1,ib_hw_counter,rdma_vf_rail1,rx_read_requests,8.24518e+06
2026-09-30T06:50:04.122Z,gpu-3uwoq-6g3ya-1,ib_hw_counter,rdma_vf_rail1,req_cqe_error,0
2026-09-30T06:50:04.122Z,gpu-3uwoq-6g3ya-1,ib_hw_counter,rdma_vf_rail1,resp_cqe_error,0
2026-09-30T06:50:04.122Z,gpu-3uwoq-6g3ya-1,ib_hw_counter,rdma_vf_rail1,implied_nak_seq_err,0
2026-09-30T06:50:04.122Z,gpu-3uwoq-6g3ya-1,ib_hw_counter,rdma_vf_rail1,duplicate_request,0
2026-09-30T06:50:04.122Z,gpu-3uwoq-6g3ya-1,ib_counter,rdma_vf_rail2,port_xmit_data,3.94617e+12
2026-09-30T06:50:04.122Z,gpu-3uwoq-6g3ya-1,ib_counter,rdma_vf_rail2,port_rcv_data,1.97796e+12
2026-09-30T06:50:04.122Z,gpu-3uwoq-6g3ya-1,ib_counter,rdma_vf_rail2,port_xmit_packets,1.06232e+09
2026-09-30T06:50:04.122Z,gpu-3uwoq-6g3ya-1,ib_counter,rdma_vf_rail2,port_rcv_packets,6.88687e+08
2026-09-30T06:50:04.122Z,gpu-3uwoq-6g3ya-1,ib_counter,rdma_vf_rail2,port_xmit_wait,0
2026-09-30T06:50:04.122Z,gpu-3uwoq-6g3ya-1,ib_counter,rdma_vf_rail2,port_rcv_errors,0
2026-09-30T06:50:04.122Z,gpu-3uwoq-6g3ya-1,ib_counter,rdma_vf_rail2,port_xmit_discards,0
2026-09-30T06:50:04.122Z,gpu-3uwoq-6g3ya-1,ib_counter,rdma_vf_rail2,link_downed,0
2026-09-30T06:50:04.122Z,gpu-3uwoq-6g3ya-1,ib_hw_counter,rdma_vf_rail2,out_of_sequence,0
2026-09-30T06:50:04.122Z,gpu-3uwoq-6g3ya-1,ib_hw_counter,rdma_vf_rail2,packet_seq_err,7
2026-09-30T06:50:04.122Z,gpu-3uwoq-6g3ya-1,ib_hw_counter,rdma_vf_rail2,local_ack_timeout_err,0
2026-09-30T06:50:04.122Z,gpu-3uwoq-6g3ya-1,ib_hw_counter,rdma_vf_rail2,rx_write_requests,4.43005e+08
2026-09-30T06:50:04.122Z,gpu-3uwoq-6g3ya-1,ib_hw_counter,rdma_vf_rail2,rx_read_requests,8.03756e+06
2026-09-30T06:50:04.122Z,gpu-3uwoq-6g3ya-1,ib_hw_counter,rdma_vf_rail2,req_cqe_error,0
2026-09-30T06:50:04.122Z,gpu-3uwoq-6g3ya-1,ib_hw_counter,rdma_vf_rail2,resp_cqe_error,0
2026-09-30T06:50:04.122Z,gpu-3uwoq-6g3ya-1,ib_hw_counter,rdma_vf_rail2,implied_nak_seq_err,0
2026-09-30T06:50:04.122Z,gpu-3uwoq-6g3ya-1,ib_hw_counter,rdma_vf_rail2,duplicate_request,0
2026-09-30T06:50:04.122Z,gpu-3uwoq-6g3ya-1,ib_counter,rdma_vf_rail3,port_xmit_data,3.94643e+12
2026-09-30T06:50:04.122Z,gpu-3uwoq-6g3ya-1,ib_counter,rdma_vf_rail3,port_rcv_data,1.97772e+12
2026-09-30T06:50:04.122Z,gpu-3uwoq-6g3ya-1,ib_counter,rdma_vf_rail3,port_xmit_packets,1.06309e+09
2026-09-30T06:50:04.122Z,gpu-3uwoq-6g3ya-1,ib_counter,rdma_vf_rail3,port_rcv_packets,6.85505e+08
2026-09-30T06:50:04.122Z,gpu-3uwoq-6g3ya-1,ib_counter,rdma_vf_rail3,port_xmit_wait,0
2026-09-30T06:50:04.122Z,gpu-3uwoq-6g3ya-1,ib_counter,rdma_vf_rail3,port_rcv_errors,0
2026-09-30T06:50:04.122Z,gpu-3uwoq-6g3ya-1,ib_counter,rdma_vf_rail3,port_xmit_discards,0
2026-09-30T06:50:04.122Z,gpu-3uwoq-6g3ya-1,ib_counter,rdma_vf_rail3,link_downed,0
2026-09-30T06:50:04.122Z,gpu-3uwoq-6g3ya-1,ib_hw_counter,rdma_vf_rail3,out_of_sequence,1
2026-09-30T06:50:04.122Z,gpu-3uwoq-6g3ya-1,ib_hw_counter,rdma_vf_rail3,packet_seq_err,7
2026-09-30T06:50:04.122Z,gpu-3uwoq-6g3ya-1,ib_hw_counter,rdma_vf_rail3,local_ack_timeout_err,0
2026-09-30T06:50:04.122Z,gpu-3uwoq-6g3ya-1,ib_hw_counter,rdma_vf_rail3,rx_write_requests,4.43005e+08
2026-09-30T06:50:04.122Z,gpu-3uwoq-6g3ya-1,ib_hw_counter,rdma_vf_rail3,rx_read_requests,8.03756e+06
2026-09-30T06:50:04.122Z,gpu-3uwoq-6g3ya-1,ib_hw_counter,rdma_vf_rail3,req_cqe_error,0
2026-09-30T06:50:04.122Z,gpu-3uwoq-6g3ya-1,ib_hw_counter,rdma_vf_rail3,resp_cqe_error,0
2026-09-30T06:50:04.122Z,gpu-3uwoq-6g3ya-1,ib_hw_counter,rdma_vf_rail3,implied_nak_seq_err,0
2026-09-30T06:50:04.122Z,gpu-3uwoq-6g3ya-1,ib_hw_counter,rdma_vf_rail3,duplicate_request,0
2026-09-30T06:50:04.122Z,gpu-3uwoq-6g3ya-1,dcgm,gpu2,gpu_util,0
2026-09-30T06:50:04.122Z,gpu-3uwoq-6g3ya-1,dcgm,gpu3,gpu_util,0
2026-09-30T06:50:04.122Z,gpu-3uwoq-6g3ya-1,dcgm,gpu0,gpu_util,0
2026-09-30T06:50:04.122Z,gpu-3uwoq-6g3ya-1,dcgm,gpu1,gpu_util,0
2026-09-30T06:50:04.122Z,gpu-3uwoq-6g3ya-1,dcgm,gpu2,nvlink_bandwidth_total,0
2026-09-30T06:50:04.122Z,gpu-3uwoq-6g3ya-1,dcgm,gpu3,nvlink_bandwidth_total,0
2026-09-30T06:50:04.122Z,gpu-3uwoq-6g3ya-1,dcgm,gpu0,nvlink_bandwidth_total,0
2026-09-30T06:50:04.122Z,gpu-3uwoq-6g3ya-1,dcgm,gpu1,nvlink_bandwidth_total,0
2026-09-30T06:50:04.122Z,gpu-3uwoq-6g3ya-1,dcgm,gpu2,power_w,222.82
2026-09-30T06:50:04.122Z,gpu-3uwoq-6g3ya-1,dcgm,gpu3,power_w,227.026
2026-09-30T06:50:04.122Z,gpu-3uwoq-6g3ya-1,dcgm,gpu0,power_w,230.185
2026-09-30T06:50:04.122Z,gpu-3uwoq-6g3ya-1,dcgm,gpu1,power_w,226.374
2026-09-30T06:50:04.122Z,gpu-3uwoq-6g3ya-1,dcgm,gpu2,sm_clock_mhz,2070
2026-09-30T06:50:04.122Z,gpu-3uwoq-6g3ya-1,dcgm,gpu3,sm_clock_mhz,2070
2026-09-30T06:50:04.122Z,gpu-3uwoq-6g3ya-1,dcgm,gpu0,sm_clock_mhz,2070
2026-09-30T06:50:04.122Z,gpu-3uwoq-6g3ya-1,dcgm,gpu1,sm_clock_mhz,2070
2026-09-30T06:50:04.122Z,gpu-3uwoq-6g3ya-1,dcgm,gpu2,dram_active,0
2026-09-30T06:50:04.122Z,gpu-3uwoq-6g3ya-1,dcgm,gpu3,dram_active,0
2026-09-30T06:50:04.122Z,gpu-3uwoq-6g3ya-1,dcgm,gpu0,dram_active,0
2026-09-30T06:50:04.122Z,gpu-3uwoq-6g3ya-1,dcgm,gpu1,dram_active,0
2026-09-30T06:50:04.122Z,gpu-3uwoq-6g3ya-1,dcgm,gpu2,pcie_rx_bytes,66092
2026-09-30T06:50:04.122Z,gpu-3uwoq-6g3ya-1,dcgm,gpu3,pcie_rx_bytes,58333
2026-09-30T06:50:04.122Z,gpu-3uwoq-6g3ya-1,dcgm,gpu0,pcie_rx_bytes,60770
2026-09-30T06:50:04.122Z,gpu-3uwoq-6g3ya-1,dcgm,gpu1,pcie_rx_bytes,64316
2026-09-30T06:50:04.122Z,gpu-3uwoq-6g3ya-1,dcgm,gpu2,pcie_tx_bytes,63227
2026-09-30T06:50:04.122Z,gpu-3uwoq-6g3ya-1,dcgm,gpu3,pcie_tx_bytes,55468
2026-09-30T06:50:04.122Z,gpu-3uwoq-6g3ya-1,dcgm,gpu0,pcie_tx_bytes,57907
2026-09-30T06:50:04.122Z,gpu-3uwoq-6g3ya-1,dcgm,gpu1,pcie_tx_bytes,61455
2026-09-30T06:50:04.122Z,gpu-3uwoq-6g3ya-1,dcgm,gpu2,tensor_active,0
2026-09-30T06:50:04.122Z,gpu-3uwoq-6g3ya-1,dcgm,gpu3,tensor_active,0
2026-09-30T06:50:04.122Z,gpu-3uwoq-6g3ya-1,dcgm,gpu0,tensor_active,0
2026-09-30T06:50:04.122Z,gpu-3uwoq-6g3ya-1,dcgm,gpu1,tensor_active,0
2026-09-30T06:50:04.122Z,gpu-3uwoq-6g3ya-1,dcgm,gpu2,sm_active,0
2026-09-30T06:50:04.122Z,gpu-3uwoq-6g3ya-1,dcgm,gpu3,sm_active,0
2026-09-30T06:50:04.122Z,gpu-3uwoq-6g3ya-1,dcgm,gpu0,sm_active,0
2026-09-30T06:50:04.122Z,gpu-3uwoq-6g3ya-1,dcgm,gpu1,sm_active,0
2026-09-30T06:50:04.122Z,gpu-3uwoq-6g3ya-1,nvlink,gpu0,nvlink_rx_bytes,1.03783e+13
2026-09-30T06:50:04.122Z,gpu-3uwoq-6g3ya-1,nvlink,gpu0,nvlink_tx_bytes,1.03828e+13
2026-09-30T06:50:04.122Z,gpu-3uwoq-6g3ya-1,nvlink,gpu1,nvlink_rx_bytes,1.05327e+13
2026-09-30T06:50:04.122Z,gpu-3uwoq-6g3ya-1,nvlink,gpu1,nvlink_tx_bytes,1.05357e+13
2026-09-30T06:50:04.122Z,gpu-3uwoq-6g3ya-1,nvlink,gpu2,nvlink_rx_bytes,1.04008e+13
2026-09-30T06:50:04.122Z,gpu-3uwoq-6g3ya-1,nvlink,gpu2,nvlink_tx_bytes,1.04047e+13
2026-09-30T06:50:04.122Z,gpu-3uwoq-6g3ya-1,nvlink,gpu3,nvlink_rx_bytes,1.03502e+13
2026-09-30T06:50:04.122Z,gpu-3uwoq-6g3ya-1,nvlink,gpu3,nvlink_tx_bytes,1.03535e+13
2026-09-30T06:50:05.122Z,gpu-3uwoq-6g3ya-1,ib_counter,rdma_vf_rail0,port_xmit_data,4.08122e+12
2026-09-30T06:50:05.122Z,gpu-3uwoq-6g3ya-1,ib_counter,rdma_vf_rail0,port_rcv_data,2.11385e+12
2026-09-30T06:50:05.122Z,gpu-3uwoq-6g3ya-1,ib_counter,rdma_vf_rail0,port_xmit_packets,1.10305e+09
2026-09-30T06:50:05.122Z,gpu-3uwoq-6g3ya-1,ib_counter,rdma_vf_rail0,port_rcv_packets,7.38804e+08
2026-09-30T06:50:05.122Z,gpu-3uwoq-6g3ya-1,ib_counter,rdma_vf_rail0,port_xmit_wait,0
2026-09-30T06:50:05.122Z,gpu-3uwoq-6g3ya-1,ib_counter,rdma_vf_rail0,port_rcv_errors,0
2026-09-30T06:50:05.122Z,gpu-3uwoq-6g3ya-1,ib_counter,rdma_vf_rail0,port_xmit_discards,0
2026-09-30T06:50:05.122Z,gpu-3uwoq-6g3ya-1,ib_counter,rdma_vf_rail0,link_downed,0
2026-09-30T06:50:05.122Z,gpu-3uwoq-6g3ya-1,ib_hw_counter,rdma_vf_rail0,out_of_sequence,0
2026-09-30T06:50:05.122Z,gpu-3uwoq-6g3ya-1,ib_hw_counter,rdma_vf_rail0,packet_seq_err,8
2026-09-30T06:50:05.122Z,gpu-3uwoq-6g3ya-1,ib_hw_counter,rdma_vf_rail0,local_ack_timeout_err,0
2026-09-30T06:50:05.122Z,gpu-3uwoq-6g3ya-1,ib_hw_counter,rdma_vf_rail0,rx_write_requests,4.4503e+08
2026-09-30T06:50:05.122Z,gpu-3uwoq-6g3ya-1,ib_hw_counter,rdma_vf_rail0,rx_read_requests,9.0462e+06
2026-09-30T06:50:05.122Z,gpu-3uwoq-6g3ya-1,ib_hw_counter,rdma_vf_rail0,req_cqe_error,0
2026-09-30T06:50:05.122Z,gpu-3uwoq-6g3ya-1,ib_hw_counter,rdma_vf_rail0,resp_cqe_error,0
2026-09-30T06:50:05.122Z,gpu-3uwoq-6g3ya-1,ib_hw_counter,rdma_vf_rail0,implied_nak_seq_err,0
2026-09-30T06:50:05.122Z,gpu-3uwoq-6g3ya-1,ib_hw_counter,rdma_vf_rail0,duplicate_request,0
2026-09-30T06:50:05.122Z,gpu-3uwoq-6g3ya-1,ib_counter,rdma_vf_rail1,port_xmit_data,3.97368e+12
2026-09-30T06:50:05.122Z,gpu-3uwoq-6g3ya-1,ib_counter,rdma_vf_rail1,port_rcv_data,2.00573e+12
2026-09-30T06:50:05.122Z,gpu-3uwoq-6g3ya-1,ib_counter,rdma_vf_rail1,port_xmit_packets,1.07687e+09
2026-09-30T06:50:05.122Z,gpu-3uwoq-6g3ya-1,ib_counter,rdma_vf_rail1,port_rcv_packets,7.07728e+08
2026-09-30T06:50:05.122Z,gpu-3uwoq-6g3ya-1,ib_counter,rdma_vf_rail1,port_xmit_wait,0
2026-09-30T06:50:05.122Z,gpu-3uwoq-6g3ya-1,ib_counter,rdma_vf_rail1,port_rcv_errors,0
2026-09-30T06:50:05.122Z,gpu-3uwoq-6g3ya-1,ib_counter,rdma_vf_rail1,port_xmit_discards,0
2026-09-30T06:50:05.122Z,gpu-3uwoq-6g3ya-1,ib_counter,rdma_vf_rail1,link_downed,0
2026-09-30T06:50:05.122Z,gpu-3uwoq-6g3ya-1,ib_hw_counter,rdma_vf_rail1,out_of_sequence,0
2026-09-30T06:50:05.122Z,gpu-3uwoq-6g3ya-1,ib_hw_counter,rdma_vf_rail1,packet_seq_err,8
2026-09-30T06:50:05.122Z,gpu-3uwoq-6g3ya-1,ib_hw_counter,rdma_vf_rail1,local_ack_timeout_err,0
2026-09-30T06:50:05.122Z,gpu-3uwoq-6g3ya-1,ib_hw_counter,rdma_vf_rail1,rx_write_requests,4.43433e+08
2026-09-30T06:50:05.122Z,gpu-3uwoq-6g3ya-1,ib_hw_counter,rdma_vf_rail1,rx_read_requests,8.24518e+06
2026-09-30T06:50:05.122Z,gpu-3uwoq-6g3ya-1,ib_hw_counter,rdma_vf_rail1,req_cqe_error,0
2026-09-30T06:50:05.122Z,gpu-3uwoq-6g3ya-1,ib_hw_counter,rdma_vf_rail1,resp_cqe_error,0
2026-09-30T06:50:05.122Z,gpu-3uwoq-6g3ya-1,ib_hw_counter,rdma_vf_rail1,implied_nak_seq_err,0
2026-09-30T06:50:05.122Z,gpu-3uwoq-6g3ya-1,ib_hw_counter,rdma_vf_rail1,duplicate_request,0
2026-09-30T06:50:05.122Z,gpu-3uwoq-6g3ya-1,ib_counter,rdma_vf_rail2,port_xmit_data,3.94617e+12
2026-09-30T06:50:05.122Z,gpu-3uwoq-6g3ya-1,ib_counter,rdma_vf_rail2,port_rcv_data,1.97796e+12
2026-09-30T06:50:05.122Z,gpu-3uwoq-6g3ya-1,ib_counter,rdma_vf_rail2,port_xmit_packets,1.06232e+09
2026-09-30T06:50:05.122Z,gpu-3uwoq-6g3ya-1,ib_counter,rdma_vf_rail2,port_rcv_packets,6.88687e+08
2026-09-30T06:50:05.122Z,gpu-3uwoq-6g3ya-1,ib_counter,rdma_vf_rail2,port_xmit_wait,0
2026-09-30T06:50:05.122Z,gpu-3uwoq-6g3ya-1,ib_counter,rdma_vf_rail2,port_rcv_errors,0
2026-09-30T06:50:05.122Z,gpu-3uwoq-6g3ya-1,ib_counter,rdma_vf_rail2,port_xmit_discards,0
2026-09-30T06:50:05.122Z,gpu-3uwoq-6g3ya-1,ib_counter,rdma_vf_rail2,link_downed,0
2026-09-30T06:50:05.122Z,gpu-3uwoq-6g3ya-1,ib_hw_counter,rdma_vf_rail2,out_of_sequence,0
2026-09-30T06:50:05.122Z,gpu-3uwoq-6g3ya-1,ib_hw_counter,rdma_vf_rail2,packet_seq_err,7
2026-09-30T06:50:05.122Z,gpu-3uwoq-6g3ya-1,ib_hw_counter,rdma_vf_rail2,local_ack_timeout_err,0
2026-09-30T06:50:05.122Z,gpu-3uwoq-6g3ya-1,ib_hw_counter,rdma_vf_rail2,rx_write_requests,4.43005e+08
2026-09-30T06:50:05.122Z,gpu-3uwoq-6g3ya-1,ib_hw_counter,rdma_vf_rail2,rx_read_requests,8.03756e+06
2026-09-30T06:50:05.122Z,gpu-3uwoq-6g3ya-1,ib_hw_counter,rdma_vf_rail2,req_cqe_error,0
2026-09-30T06:50:05.122Z,gpu-3uwoq-6g3ya-1,ib_hw_counter,rdma_vf_rail2,resp_cqe_error,0
2026-09-30T06:50:05.122Z,gpu-3uwoq-6g3ya-1,ib_hw_counter,rdma_vf_rail2,implied_nak_seq_err,0
2026-09-30T06:50:05.122Z,gpu-3uwoq-6g3ya-1,ib_hw_counter,rdma_vf_rail2,duplicate_request,0
2026-09-30T06:50:05.122Z,gpu-3uwoq-6g3ya-1,ib_counter,rdma_vf_rail3,port_xmit_data,3.94643e+12
2026-09-30T06:50:05.122Z,gpu-3uwoq-6g3ya-1,ib_counter,rdma_vf_rail3,port_rcv_data,1.97772e+12
2026-09-30T06:50:05.122Z,gpu-3uwoq-6g3ya-1,ib_counter,rdma_vf_rail3,port_xmit_packets,1.06309e+09
2026-09-30T06:50:05.122Z,gpu-3uwoq-6g3ya-1,ib_counter,rdma_vf_rail3,port_rcv_packets,6.85505e+08
2026-09-30T06:50:05.122Z,gpu-3uwoq-6g3ya-1,ib_counter,rdma_vf_rail3,port_xmit_wait,0
2026-09-30T06:50:05.122Z,gpu-3uwoq-6g3ya-1,ib_counter,rdma_vf_rail3,port_rcv_errors,0
2026-09-30T06:50:05.122Z,gpu-3uwoq-6g3ya-1,ib_counter,rdma_vf_rail3,port_xmit_discards,0
2026-09-30T06:50:05.122Z,gpu-3uwoq-6g3ya-1,ib_counter,rdma_vf_rail3,link_downed,0
2026-09-30T06:50:05.122Z,gpu-3uwoq-6g3ya-1,ib_hw_counter,rdma_vf_rail3,out_of_sequence,1
2026-09-30T06:50:05.122Z,gpu-3uwoq-6g3ya-1,ib_hw_counter,rdma_vf_rail3,packet_seq_err,7
2026-09-30T06:50:05.122Z,gpu-3uwoq-6g3ya-1,ib_hw_counter,rdma_vf_rail3,local_ack_timeout_err,0
2026-09-30T06:50:05.122Z,gpu-3uwoq-6g3ya-1,ib_hw_counter,rdma_vf_rail3,rx_write_requests,4.43005e+08
2026-09-30T06:50:05.122Z,gpu-3uwoq-6g3ya-1,ib_hw_counter,rdma_vf_rail3,rx_read_requests,8.03756e+06
2026-09-30T06:50:05.122Z,gpu-3uwoq-6g3ya-1,ib_hw_counter,rdma_vf_rail3,req_cqe_error,0
2026-09-30T06:50:05.122Z,gpu-3uwoq-6g3ya-1,ib_hw_counter,rdma_vf_rail3,resp_cqe_error,0
2026-09-30T06:50:05.122Z,gpu-3uwoq-6g3ya-1,ib_hw_counter,rdma_vf_rail3,implied_nak_seq_err,0
2026-09-30T06:50:05.122Z,gpu-3uwoq-6g3ya-1,ib_hw_counter,rdma_vf_rail3,duplicate_request,0
2026-09-30T06:50:05.122Z,gpu-3uwoq-6g3ya-1,dcgm,gpu2,gpu_util,0
2026-09-30T06:50:05.122Z,gpu-3uwoq-6g3ya-1,dcgm,gpu3,gpu_util,0
2026-09-30T06:50:05.122Z,gpu-3uwoq-6g3ya-1,dcgm,gpu0,gpu_util,0
2026-09-30T06:50:05.122Z,gpu-3uwoq-6g3ya-1,dcgm,gpu1,gpu_util,0
2026-09-30T06:50:05.122Z,gpu-3uwoq-6g3ya-1,dcgm,gpu2,nvlink_bandwidth_total,0
2026-09-30T06:50:05.122Z,gpu-3uwoq-6g3ya-1,dcgm,gpu3,nvlink_bandwidth_total,0
2026-09-30T06:50:05.122Z,gpu-3uwoq-6g3ya-1,dcgm,gpu0,nvlink_bandwidth_total,0
2026-09-30T06:50:05.122Z,gpu-3uwoq-6g3ya-1,dcgm,gpu1,nvlink_bandwidth_total,0
2026-09-30T06:50:05.122Z,gpu-3uwoq-6g3ya-1,dcgm,gpu2,power_w,222.82
2026-09-30T06:50:05.122Z,gpu-3uwoq-6g3ya-1,dcgm,gpu3,power_w,227.026
2026-09-30T06:50:05.122Z,gpu-3uwoq-6g3ya-1,dcgm,gpu0,power_w,230.185
2026-09-30T06:50:05.122Z,gpu-3uwoq-6g3ya-1,dcgm,gpu1,power_w,226.374
2026-09-30T06:50:05.122Z,gpu-3uwoq-6g3ya-1,dcgm,gpu2,sm_clock_mhz,2070
2026-09-30T06:50:05.122Z,gpu-3uwoq-6g3ya-1,dcgm,gpu3,sm_clock_mhz,2070
2026-09-30T06:50:05.122Z,gpu-3uwoq-6g3ya-1,dcgm,gpu0,sm_clock_mhz,2070
2026-09-30T06:50:05.122Z,gpu-3uwoq-6g3ya-1,dcgm,gpu1,sm_clock_mhz,2070
2026-09-30T06:50:05.122Z,gpu-3uwoq-6g3ya-1,dcgm,gpu2,dram_active,0
2026-09-30T06:50:05.122Z,gpu-3uwoq-6g3ya-1,dcgm,gpu3,dram_active,0
2026-09-30T06:50:05.122Z,gpu-3uwoq-6g3ya-1,dcgm,gpu0,dram_active,0
2026-09-30T06:50:05.122Z,gpu-3uwoq-6g3ya-1,dcgm,gpu1,dram_active,0
2026-09-30T06:50:05.122Z,gpu-3uwoq-6g3ya-1,dcgm,gpu2,pcie_rx_bytes,66092
2026-09-30T06:50:05.122Z,gpu-3uwoq-6g3ya-1,dcgm,gpu3,pcie_rx_bytes,58333
2026-09-30T06:50:05.122Z,gpu-3uwoq-6g3ya-1,dcgm,gpu0,pcie_rx_bytes,60770
2026-09-30T06:50:05.122Z,gpu-3uwoq-6g3ya-1,dcgm,gpu1,pcie_rx_bytes,64316
2026-09-30T06:50:05.122Z,gpu-3uwoq-6g3ya-1,dcgm,gpu2,pcie_tx_bytes,63227
2026-09-30T06:50:05.122Z,gpu-3uwoq-6g3ya-1,dcgm,gpu3,pcie_tx_bytes,55468
2026-09-30T06:50:05.122Z,gpu-3uwoq-6g3ya-1,dcgm,gpu0,pcie_tx_bytes,57907
2026-09-30T06:50:05.122Z,gpu-3uwoq-6g3ya-1,dcgm,gpu1,pcie_tx_bytes,61455
2026-09-30T06:50:05.122Z,gpu-3uwoq-6g3ya-1,dcgm,gpu2,tensor_active,0
2026-09-30T06:50:05.122Z,gpu-3uwoq-6g3ya-1,dcgm,gpu3,tensor_active,0
2026-09-30T06:50:05.122Z,gpu-3uwoq-6g3ya-1,dcgm,gpu0,tensor_active,0
2026-09-30T06:50:05.122Z,gpu-3uwoq-6g3ya-1,dcgm,gpu1,tensor_active,0
2026-09-30T06:50:05.122Z,gpu-3uwoq-6g3ya-1,dcgm,gpu2,sm_active,0
2026-09-30T06:50:05.122Z,gpu-3uwoq-6g3ya-1,dcgm,gpu3,sm_active,0
2026-09-30T06:50:05.122Z,gpu-3uwoq-6g3ya-1,dcgm,gpu0,sm_active,0
2026-09-30T06:50:05.122Z,gpu-3uwoq-6g3ya-1,dcgm,gpu1,sm_active,0
2026-09-30T06:50:05.122Z,gpu-3uwoq-6g3ya-1,nvlink,gpu0,nvlink_rx_bytes,1.03783e+13
2026-09-30T06:50:05.122Z,gpu-3uwoq-6g3ya-1,nvlink,gpu0,nvlink_tx_bytes,1.03828e+13
2026-09-30T06:50:05.122Z,gpu-3uwoq-6g3ya-1,nvlink,gpu1,nvlink_rx_bytes,1.05327e+13
2026-09-30T06:50:05.122Z,gpu-3uwoq-6g3ya-1,nvlink,gpu1,nvlink_tx_bytes,1.05357e+13
2026-09-30T06:50:05.122Z,gpu-3uwoq-6g3ya-1,nvlink,gpu2,nvlink_rx_bytes,1.04008e+13
2026-09-30T06:50:05.122Z,gpu-3uwoq-6g3ya-1,nvlink,gpu2,nvlink_tx_bytes,1.04047e+13
2026-09-30T06:50:05.122Z,gpu-3uwoq-6g3ya-1,nvlink,gpu3,nvlink_rx_bytes,1.03502e+13
2026-09-30T06:50:05.122Z,gpu-3uwoq-6g3ya-1,nvlink,gpu3,nvlink_tx_bytes,1.03535e+13
2026-09-30T06:50:06.123Z,gpu-3uwoq-6g3ya-1,ib_counter,rdma_vf_rail0,port_xmit_data,4.08122e+12
2026-09-30T06:50:06.123Z,gpu-3uwoq-6g3ya-1,ib_counter,rdma_vf_rail0,port_rcv_data,2.11385e+12
2026-09-30T06:50:06.123Z,gpu-3uwoq-6g3ya-1,ib_counter,rdma_vf_rail0,port_xmit_packets,1.10305e+09
2026-09-30T06:50:06.123Z,gpu-3uwoq-6g3ya-1,ib_counter,rdma_vf_rail0,port_rcv_packets,7.38804e+08
2026-09-30T06:50:06.123Z,gpu-3uwoq-6g3ya-1,ib_counter,rdma_vf_rail0,port_xmit_wait,0
2026-09-30T06:50:06.123Z,gpu-3uwoq-6g3ya-1,ib_counter,rdma_vf_rail0,port_rcv_errors,0
2026-09-30T06:50:06.123Z,gpu-3uwoq-6g3ya-1,ib_counter,rdma_vf_rail0,port_xmit_discards,0
2026-09-30T06:50:06.123Z,gpu-3uwoq-6g3ya-1,ib_counter,rdma_vf_rail0,link_downed,0
2026-09-30T06:50:06.123Z,gpu-3uwoq-6g3ya-1,ib_hw_counter,rdma_vf_rail0,out_of_sequence,0
2026-09-30T06:50:06.123Z,gpu-3uwoq-6g3ya-1,ib_hw_counter,rdma_vf_rail0,packet_seq_err,8
2026-09-30T06:50:06.123Z,gpu-3uwoq-6g3ya-1,ib_hw_counter,rdma_vf_rail0,local_ack_timeout_err,0
2026-09-30T06:50:06.123Z,gpu-3uwoq-6g3ya-1,ib_hw_counter,rdma_vf_rail0,rx_write_requests,4.4503e+08
2026-09-30T06:50:06.123Z,gpu-3uwoq-6g3ya-1,ib_hw_counter,rdma_vf_rail0,rx_read_requests,9.0462e+06
2026-09-30T06:50:06.123Z,gpu-3uwoq-6g3ya-1,ib_hw_counter,rdma_vf_rail0,req_cqe_error,0
2026-09-30T06:50:06.123Z,gpu-3uwoq-6g3ya-1,ib_hw_counter,rdma_vf_rail0,resp_cqe_error,0
2026-09-30T06:50:06.123Z,gpu-3uwoq-6g3ya-1,ib_hw_counter,rdma_vf_rail0,implied_nak_seq_err,0
2026-09-30T06:50:06.123Z,gpu-3uwoq-6g3ya-1,ib_hw_counter,rdma_vf_rail0,duplicate_request,0
2026-09-30T06:50:06.123Z,gpu-3uwoq-6g3ya-1,ib_counter,rdma_vf_rail1,port_xmit_data,3.97368e+12
2026-09-30T06:50:06.123Z,gpu-3uwoq-6g3ya-1,ib_counter,rdma_vf_rail1,port_rcv_data,2.00573e+12
2026-09-30T06:50:06.123Z,gpu-3uwoq-6g3ya-1,ib_counter,rdma_vf_rail1,port_xmit_packets,1.07687e+09
2026-09-30T06:50:06.123Z,gpu-3uwoq-6g3ya-1,ib_counter,rdma_vf_rail1,port_rcv_packets,7.07728e+08
2026-09-30T06:50:06.123Z,gpu-3uwoq-6g3ya-1,ib_counter,rdma_vf_rail1,port_xmit_wait,0
2026-09-30T06:50:06.123Z,gpu-3uwoq-6g3ya-1,ib_counter,rdma_vf_rail1,port_rcv_errors,0
2026-09-30T06:50:06.123Z,gpu-3uwoq-6g3ya-1,ib_counter,rdma_vf_rail1,port_xmit_discards,0
2026-09-30T06:50:06.123Z,gpu-3uwoq-6g3ya-1,ib_counter,rdma_vf_rail1,link_downed,0
2026-09-30T06:50:06.123Z,gpu-3uwoq-6g3ya-1,ib_hw_counter,rdma_vf_rail1,out_of_sequence,0
2026-09-30T06:50:06.123Z,gpu-3uwoq-6g3ya-1,ib_hw_counter,rdma_vf_rail1,packet_seq_err,8
2026-09-30T06:50:06.123Z,gpu-3uwoq-6g3ya-1,ib_hw_counter,rdma_vf_rail1,local_ack_timeout_err,0
2026-09-30T06:50:06.123Z,gpu-3uwoq-6g3ya-1,ib_hw_counter,rdma_vf_rail1,rx_write_requests,4.43433e+08
2026-09-30T06:50:06.123Z,gpu-3uwoq-6g3ya-1,ib_hw_counter,rdma_vf_rail1,rx_read_requests,8.24518e+06
2026-09-30T06:50:06.123Z,gpu-3uwoq-6g3ya-1,ib_hw_counter,rdma_vf_rail1,req_cqe_error,0
2026-09-30T06:50:06.123Z,gpu-3uwoq-6g3ya-1,ib_hw_counter,rdma_vf_rail1,resp_cqe_error,0
2026-09-30T06:50:06.123Z,gpu-3uwoq-6g3ya-1,ib_hw_counter,rdma_vf_rail1,implied_nak_seq_err,0
2026-09-30T06:50:06.123Z,gpu-3uwoq-6g3ya-1,ib_hw_counter,rdma_vf_rail1,duplicate_request,0
2026-09-30T06:50:06.123Z,gpu-3uwoq-6g3ya-1,ib_counter,rdma_vf_rail2,port_xmit_data,3.94617e+12
2026-09-30T06:50:06.123Z,gpu-3uwoq-6g3ya-1,ib_counter,rdma_vf_rail2,port_rcv_data,1.97796e+12
2026-09-30T06:50:06.123Z,gpu-3uwoq-6g3ya-1,ib_counter,rdma_vf_rail2,port_xmit_packets,1.06232e+09
2026-09-30T06:50:06.123Z,gpu-3uwoq-6g3ya-1,ib_counter,rdma_vf_rail2,port_rcv_packets,6.88687e+08
2026-09-30T06:50:06.123Z,gpu-3uwoq-6g3ya-1,ib_counter,rdma_vf_rail2,port_xmit_wait,0
2026-09-30T06:50:06.123Z,gpu-3uwoq-6g3ya-1,ib_counter,rdma_vf_rail2,port_rcv_errors,0
2026-09-30T06:50:06.123Z,gpu-3uwoq-6g3ya-1,ib_counter,rdma_vf_rail2,port_xmit_discards,0
2026-09-30T06:50:06.123Z,gpu-3uwoq-6g3ya-1,ib_counter,rdma_vf_rail2,link_downed,0
2026-09-30T06:50:06.123Z,gpu-3uwoq-6g3ya-1,ib_hw_counter,rdma_vf_rail2,out_of_sequence,0
2026-09-30T06:50:06.123Z,gpu-3uwoq-6g3ya-1,ib_hw_counter,rdma_vf_rail2,packet_seq_err,7
2026-09-30T06:50:06.123Z,gpu-3uwoq-6g3ya-1,ib_hw_counter,rdma_vf_rail2,local_ack_timeout_err,0
2026-09-30T06:50:06.123Z,gpu-3uwoq-6g3ya-1,ib_hw_counter,rdma_vf_rail2,rx_write_requests,4.43005e+08
2026-09-30T06:50:06.123Z,gpu-3uwoq-6g3ya-1,ib_hw_counter,rdma_vf_rail2,rx_read_requests,8.03756e+06
2026-09-30T06:50:06.123Z,gpu-3uwoq-6g3ya-1,ib_hw_counter,rdma_vf_rail2,req_cqe_error,0
2026-09-30T06:50:06.123Z,gpu-3uwoq-6g3ya-1,ib_hw_counter,rdma_vf_rail2,resp_cqe_error,0
2026-09-30T06:50:06.123Z,gpu-3uwoq-6g3ya-1,ib_hw_counter,rdma_vf_rail2,implied_nak_seq_err,0
2026-09-30T06:50:06.123Z,gpu-3uwoq-6g3ya-1,ib_hw_counter,rdma_vf_rail2,duplicate_request,0
2026-09-30T06:50:06.123Z,gpu-3uwoq-6g3ya-1,ib_counter,rdma_vf_rail3,port_xmit_data,3.94643e+12
2026-09-30T06:50:06.123Z,gpu-3uwoq-6g3ya-1,ib_counter,rdma_vf_rail3,port_rcv_data,1.97772e+12
2026-09-30T06:50:06.123Z,gpu-3uwoq-6g3ya-1,ib_counter,rdma_vf_rail3,port_xmit_packets,1.06309e+09
2026-09-30T06:50:06.123Z,gpu-3uwoq-6g3ya-1,ib_counter,rdma_vf_rail3,port_rcv_packets,6.85505e+08
2026-09-30T06:50:06.123Z,gpu-3uwoq-6g3ya-1,ib_counter,rdma_vf_rail3,port_xmit_wait,0
2026-09-30T06:50:06.123Z,gpu-3uwoq-6g3ya-1,ib_counter,rdma_vf_rail3,port_rcv_errors,0
2026-09-30T06:50:06.123Z,gpu-3uwoq-6g3ya-1,ib_counter,rdma_vf_rail3,port_xmit_discards,0
2026-09-30T06:50:06.123Z,gpu-3uwoq-6g3ya-1,ib_counter,rdma_vf_rail3,link_downed,0
2026-09-30T06:50:06.123Z,gpu-3uwoq-6g3ya-1,ib_hw_counter,rdma_vf_rail3,out_of_sequence,1
2026-09-30T06:50:06.123Z,gpu-3uwoq-6g3ya-1,ib_hw_counter,rdma_vf_rail3,packet_seq_err,7
2026-09-30T06:50:06.123Z,gpu-3uwoq-6g3ya-1,ib_hw_counter,rdma_vf_rail3,local_ack_timeout_err,0
2026-09-30T06:50:06.123Z,gpu-3uwoq-6g3ya-1,ib_hw_counter,rdma_vf_rail3,rx_write_requests,4.43005e+08
2026-09-30T06:50:06.123Z,gpu-3uwoq-6g3ya-1,ib_hw_counter,rdma_vf_rail3,rx_read_requests,8.03756e+06
2026-09-30T06:50:06.123Z,gpu-3uwoq-6g3ya-1,ib_hw_counter,rdma_vf_rail3,req_cqe_error,0
2026-09-30T06:50:06.123Z,gpu-3uwoq-6g3ya-1,ib_hw_counter,rdma_vf_rail3,resp_cqe_error,0
2026-09-30T06:50:06.123Z,gpu-3uwoq-6g3ya-1,ib_hw_counter,rdma_vf_rail3,implied_nak_seq_err,0
2026-09-30T06:50:06.123Z,gpu-3uwoq-6g3ya-1,ib_hw_counter,rdma_vf_rail3,duplicate_request,0
2026-09-30T06:50:06.123Z,gpu-3uwoq-6g3ya-1,dcgm,gpu2,gpu_util,0
2026-09-30T06:50:06.123Z,gpu-3uwoq-6g3ya-1,dcgm,gpu3,gpu_util,0
2026-09-30T06:50:06.123Z,gpu-3uwoq-6g3ya-1,dcgm,gpu0,gpu_util,0
2026-09-30T06:50:06.123Z,gpu-3uwoq-6g3ya-1,dcgm,gpu1,gpu_util,0
2026-09-30T06:50:06.123Z,gpu-3uwoq-6g3ya-1,dcgm,gpu2,nvlink_bandwidth_total,0
2026-09-30T06:50:06.123Z,gpu-3uwoq-6g3ya-1,dcgm,gpu3,nvlink_bandwidth_total,0
2026-09-30T06:50:06.123Z,gpu-3uwoq-6g3ya-1,dcgm,gpu0,nvlink_bandwidth_total,0
2026-09-30T06:50:06.123Z,gpu-3uwoq-6g3ya-1,dcgm,gpu1,nvlink_bandwidth_total,0
2026-09-30T06:50:06.123Z,gpu-3uwoq-6g3ya-1,dcgm,gpu2,power_w,222.82
2026-09-30T06:50:06.123Z,gpu-3uwoq-6g3ya-1,dcgm,gpu3,power_w,227.026
2026-09-30T06:50:06.123Z,gpu-3uwoq-6g3ya-1,dcgm,gpu0,power_w,230.185
2026-09-30T06:50:06.123Z,gpu-3uwoq-6g3ya-1,dcgm,gpu1,power_w,226.374
2026-09-30T06:50:06.123Z,gpu-3uwoq-6g3ya-1,dcgm,gpu2,sm_clock_mhz,2070
2026-09-30T06:50:06.123Z,gpu-3uwoq-6g3ya-1,dcgm,gpu3,sm_clock_mhz,2070
2026-09-30T06:50:06.123Z,gpu-3uwoq-6g3ya-1,dcgm,gpu0,sm_clock_mhz,2070
2026-09-30T06:50:06.123Z,gpu-3uwoq-6g3ya-1,dcgm,gpu1,sm_clock_mhz,2070
2026-09-30T06:50:06.123Z,gpu-3uwoq-6g3ya-1,dcgm,gpu2,dram_active,0
2026-09-30T06:50:06.123Z,gpu-3uwoq-6g3ya-1,dcgm,gpu3,dram_active,0
2026-09-30T06:50:06.123Z,gpu-3uwoq-6g3ya-1,dcgm,gpu0,dram_active,0
2026-09-30T06:50:06.123Z,gpu-3uwoq-6g3ya-1,dcgm,gpu1,dram_active,0
2026-09-30T06:50:06.123Z,gpu-3uwoq-6g3ya-1,dcgm,gpu2,pcie_rx_bytes,66092
2026-09-30T06:50:06.123Z,gpu-3uwoq-6g3ya-1,dcgm,gpu3,pcie_rx_bytes,58333
2026-09-30T06:50:06.123Z,gpu-3uwoq-6g3ya-1,dcgm,gpu0,pcie_rx_bytes,60770
2026-09-30T06:50:06.123Z,gpu-3uwoq-6g3ya-1,dcgm,gpu1,pcie_rx_bytes,64316
2026-09-30T06:50:06.123Z,gpu-3uwoq-6g3ya-1,dcgm,gpu2,pcie_tx_bytes,63227
2026-09-30T06:50:06.123Z,gpu-3uwoq-6g3ya-1,dcgm,gpu3,pcie_tx_bytes,55468
2026-09-30T06:50:06.123Z,gpu-3uwoq-6g3ya-1,dcgm,gpu0,pcie_tx_bytes,57907
2026-09-30T06:50:06.123Z,gpu-3uwoq-6g3ya-1,dcgm,gpu1,pcie_tx_bytes,61455
2026-09-30T06:50:06.123Z,gpu-3uwoq-6g3ya-1,dcgm,gpu2,tensor_active,0
2026-09-30T06:50:06.123Z,gpu-3uwoq-6g3ya-1,dcgm,gpu3,tensor_active,0
2026-09-30T06:50:06.123Z,gpu-3uwoq-6g3ya-1,dcgm,gpu0,tensor_active,0
2026-09-30T06:50:06.123Z,gpu-3uwoq-6g3ya-1,dcgm,gpu1,tensor_active,0
2026-09-30T06:50:06.123Z,gpu-3uwoq-6g3ya-1,dcgm,gpu2,sm_active,0
2026-09-30T06:50:06.123Z,gpu-3uwoq-6g3ya-1,dcgm,gpu3,sm_active,0
2026-09-30T06:50:06.123Z,gpu-3uwoq-6g3ya-1,dcgm,gpu0,sm_active,0
2026-09-30T06:50:06.123Z,gpu-3uwoq-6g3ya-1,dcgm,gpu1,sm_active,0
2026-09-30T06:50:06.123Z,gpu-3uwoq-6g3ya-1,nvlink,gpu0,nvlink_rx_bytes,1.03783e+13
2026-09-30T06:50:06.123Z,gpu-3uwoq-6g3ya-1,nvlink,gpu0,nvlink_tx_bytes,1.03828e+13
2026-09-30T06:50:06.123Z,gpu-3uwoq-6g3ya-1,nvlink,gpu1,nvlink_rx_bytes,1.05327e+13
2026-09-30T06:50:06.123Z,gpu-3uwoq-6g3ya-1,nvlink,gpu1,nvlink_tx_bytes,1.05357e+13
2026-09-30T06:50:06.123Z,gpu-3uwoq-6g3ya-1,nvlink,gpu2,nvlink_rx_bytes,1.04008e+13
2026-09-30T06:50:06.123Z,gpu-3uwoq-6g3ya-1,nvlink,gpu2,nvlink_tx_bytes,1.04047e+13
2026-09-30T06:50:06.123Z,gpu-3uwoq-6g3ya-1,nvlink,gpu3,nvlink_rx_bytes,1.03502e+13
2026-09-30T06:50:06.123Z,gpu-3uwoq-6g3ya-1,nvlink,gpu3,nvlink_tx_bytes,1.03535e+13
2026-09-30T06:50:07.123Z,gpu-3uwoq-6g3ya-1,ib_counter,rdma_vf_rail0,port_xmit_data,4.08122e+12
2026-09-30T06:50:07.123Z,gpu-3uwoq-6g3ya-1,ib_counter,rdma_vf_rail0,port_rcv_data,2.11385e+12
2026-09-30T06:50:07.123Z,gpu-3uwoq-6g3ya-1,ib_counter,rdma_vf_rail0,port_xmit_packets,1.10305e+09
2026-09-30T06:50:07.123Z,gpu-3uwoq-6g3ya-1,ib_counter,rdma_vf_rail0,port_rcv_packets,7.38804e+08
2026-09-30T06:50:07.123Z,gpu-3uwoq-6g3ya-1,ib_counter,rdma_vf_rail0,port_xmit_wait,0
2026-09-30T06:50:07.123Z,gpu-3uwoq-6g3ya-1,ib_counter,rdma_vf_rail0,port_rcv_errors,0
2026-09-30T06:50:07.123Z,gpu-3uwoq-6g3ya-1,ib_counter,rdma_vf_rail0,port_xmit_discards,0
2026-09-30T06:50:07.123Z,gpu-3uwoq-6g3ya-1,ib_counter,rdma_vf_rail0,link_downed,0
2026-09-30T06:50:07.123Z,gpu-3uwoq-6g3ya-1,ib_hw_counter,rdma_vf_rail0,out_of_sequence,0
2026-09-30T06:50:07.123Z,gpu-3uwoq-6g3ya-1,ib_hw_counter,rdma_vf_rail0,packet_seq_err,8
2026-09-30T06:50:07.123Z,gpu-3uwoq-6g3ya-1,ib_hw_counter,rdma_vf_rail0,local_ack_timeout_err,0
2026-09-30T06:50:07.123Z,gpu-3uwoq-6g3ya-1,ib_hw_counter,rdma_vf_rail0,rx_write_requests,4.4503e+08
2026-09-30T06:50:07.123Z,gpu-3uwoq-6g3ya-1,ib_hw_counter,rdma_vf_rail0,rx_read_requests,9.0462e+06
2026-09-30T06:50:07.123Z,gpu-3uwoq-6g3ya-1,ib_hw_counter,rdma_vf_rail0,req_cqe_error,0
2026-09-30T06:50:07.123Z,gpu-3uwoq-6g3ya-1,ib_hw_counter,rdma_vf_rail0,resp_cqe_error,0
2026-09-30T06:50:07.123Z,gpu-3uwoq-6g3ya-1,ib_hw_counter,rdma_vf_rail0,implied_nak_seq_err,0
2026-09-30T06:50:07.123Z,gpu-3uwoq-6g3ya-1,ib_hw_counter,rdma_vf_rail0,duplicate_request,0
2026-09-30T06:50:07.123Z,gpu-3uwoq-6g3ya-1,ib_counter,rdma_vf_rail1,port_xmit_data,3.97368e+12
2026-09-30T06:50:07.123Z,gpu-3uwoq-6g3ya-1,ib_counter,rdma_vf_rail1,port_rcv_data,2.00573e+12
2026-09-30T06:50:07.123Z,gpu-3uwoq-6g3ya-1,ib_counter,rdma_vf_rail1,port_xmit_packets,1.07687e+09
2026-09-30T06:50:07.123Z,gpu-3uwoq-6g3ya-1,ib_counter,rdma_vf_rail1,port_rcv_packets,7.07728e+08
2026-09-30T06:50:07.123Z,gpu-3uwoq-6g3ya-1,ib_counter,rdma_vf_rail1,port_xmit_wait,0
2026-09-30T06:50:07.123Z,gpu-3uwoq-6g3ya-1,ib_counter,rdma_vf_rail1,port_rcv_errors,0
2026-09-30T06:50:07.123Z,gpu-3uwoq-6g3ya-1,ib_counter,rdma_vf_rail1,port_xmit_discards,0
2026-09-30T06:50:07.123Z,gpu-3uwoq-6g3ya-1,ib_counter,rdma_vf_rail1,link_downed,0
2026-09-30T06:50:07.123Z,gpu-3uwoq-6g3ya-1,ib_hw_counter,rdma_vf_rail1,out_of_sequence,0
2026-09-30T06:50:07.123Z,gpu-3uwoq-6g3ya-1,ib_hw_counter,rdma_vf_rail1,packet_seq_err,8
2026-09-30T06:50:07.123Z,gpu-3uwoq-6g3ya-1,ib_hw_counter,rdma_vf_rail1,local_ack_timeout_err,0
2026-09-30T06:50:07.123Z,gpu-3uwoq-6g3ya-1,ib_hw_counter,rdma_vf_rail1,rx_write_requests,4.43433e+08
2026-09-30T06:50:07.123Z,gpu-3uwoq-6g3ya-1,ib_hw_counter,rdma_vf_rail1,rx_read_requests,8.24518e+06
2026-09-30T06:50:07.123Z,gpu-3uwoq-6g3ya-1,ib_hw_counter,rdma_vf_rail1,req_cqe_error,0
2026-09-30T06:50:07.123Z,gpu-3uwoq-6g3ya-1,ib_hw_counter,rdma_vf_rail1,resp_cqe_error,0
2026-09-30T06:50:07.123Z,gpu-3uwoq-6g3ya-1,ib_hw_counter,rdma_vf_rail1,implied_nak_seq_err,0
2026-09-30T06:50:07.123Z,gpu-3uwoq-6g3ya-1,ib_hw_counter,rdma_vf_rail1,duplicate_request,0
2026-09-30T06:50:07.123Z,gpu-3uwoq-6g3ya-1,ib_counter,rdma_vf_rail2,port_xmit_data,3.94617e+12
2026-09-30T06:50:07.123Z,gpu-3uwoq-6g3ya-1,ib_counter,rdma_vf_rail2,port_rcv_data,1.97796e+12
2026-09-30T06:50:07.123Z,gpu-3uwoq-6g3ya-1,ib_counter,rdma_vf_rail2,port_xmit_packets,1.06232e+09
2026-09-30T06:50:07.123Z,gpu-3uwoq-6g3ya-1,ib_counter,rdma_vf_rail2,port_rcv_packets,6.88687e+08
2026-09-30T06:50:07.123Z,gpu-3uwoq-6g3ya-1,ib_counter,rdma_vf_rail2,port_xmit_wait,0
2026-09-30T06:50:07.123Z,gpu-3uwoq-6g3ya-1,ib_counter,rdma_vf_rail2,port_rcv_errors,0
2026-09-30T06:50:07.123Z,gpu-3uwoq-6g3ya-1,ib_counter,rdma_vf_rail2,port_xmit_discards,0
2026-09-30T06:50:07.123Z,gpu-3uwoq-6g3ya-1,ib_counter,rdma_vf_rail2,link_downed,0
2026-09-30T06:50:07.123Z,gpu-3uwoq-6g3ya-1,ib_hw_counter,rdma_vf_rail2,out_of_sequence,0
2026-09-30T06:50:07.123Z,gpu-3uwoq-6g3ya-1,ib_hw_counter,rdma_vf_rail2,packet_seq_err,7
2026-09-30T06:50:07.123Z,gpu-3uwoq-6g3ya-1,ib_hw_counter,rdma_vf_rail2,local_ack_timeout_err,0
2026-09-30T06:50:07.123Z,gpu-3uwoq-6g3ya-1,ib_hw_counter,rdma_vf_rail2,rx_write_requests,4.43005e+08
2026-09-30T06:50:07.123Z,gpu-3uwoq-6g3ya-1,ib_hw_counter,rdma_vf_rail2,rx_read_requests,8.03756e+06
2026-09-30T06:50:07.123Z,gpu-3uwoq-6g3ya-1,ib_hw_counter,rdma_vf_rail2,req_cqe_error,0
2026-09-30T06:50:07.123Z,gpu-3uwoq-6g3ya-1,ib_hw_counter,rdma_vf_rail2,resp_cqe_error,0
2026-09-30T06:50:07.123Z,gpu-3uwoq-6g3ya-1,ib_hw_counter,rdma_vf_rail2,implied_nak_seq_err,0
2026-09-30T06:50:07.123Z,gpu-3uwoq-6g3ya-1,ib_hw_counter,rdma_vf_rail2,duplicate_request,0
2026-09-30T06:50:07.123Z,gpu-3uwoq-6g3ya-1,ib_counter,rdma_vf_rail3,port_xmit_data,3.94643e+12
2026-09-30T06:50:07.123Z,gpu-3uwoq-6g3ya-1,ib_counter,rdma_vf_rail3,port_rcv_data,1.97772e+12
2026-09-30T06:50:07.123Z,gpu-3uwoq-6g3ya-1,ib_counter,rdma_vf_rail3,port_xmit_packets,1.06309e+09
2026-09-30T06:50:07.123Z,gpu-3uwoq-6g3ya-1,ib_counter,rdma_vf_rail3,port_rcv_packets,6.85505e+08
2026-09-30T06:50:07.123Z,gpu-3uwoq-6g3ya-1,ib_counter,rdma_vf_rail3,port_xmit_wait,0
2026-09-30T06:50:07.123Z,gpu-3uwoq-6g3ya-1,ib_counter,rdma_vf_rail3,port_rcv_errors,0
2026-09-30T06:50:07.123Z,gpu-3uwoq-6g3ya-1,ib_counter,rdma_vf_rail3,port_xmit_discards,0
2026-09-30T06:50:07.123Z,gpu-3uwoq-6g3ya-1,ib_counter,rdma_vf_rail3,link_downed,0
2026-09-30T06:50:07.123Z,gpu-3uwoq-6g3ya-1,ib_hw_counter,rdma_vf_rail3,out_of_sequence,1
2026-09-30T06:50:07.123Z,gpu-3uwoq-6g3ya-1,ib_hw_counter,rdma_vf_rail3,packet_seq_err,7
2026-09-30T06:50:07.123Z,gpu-3uwoq-6g3ya-1,ib_hw_counter,rdma_vf_rail3,local_ack_timeout_err,0
2026-09-30T06:50:07.123Z,gpu-3uwoq-6g3ya-1,ib_hw_counter,rdma_vf_rail3,rx_write_requests,4.43005e+08
2026-09-30T06:50:07.123Z,gpu-3uwoq-6g3ya-1,ib_hw_counter,rdma_vf_rail3,rx_read_requests,8.03756e+06
2026-09-30T06:50:07.123Z,gpu-3uwoq-6g3ya-1,ib_hw_counter,rdma_vf_rail3,req_cqe_error,0
2026-09-30T06:50:07.123Z,gpu-3uwoq-6g3ya-1,ib_hw_counter,rdma_vf_rail3,resp_cqe_error,0
2026-09-30T06:50:07.123Z,gpu-3uwoq-6g3ya-1,ib_hw_counter,rdma_vf_rail3,implied_nak_seq_err,0
2026-09-30T06:50:07.123Z,gpu-3uwoq-6g3ya-1,ib_hw_counter,rdma_vf_rail3,duplicate_request,0
2026-09-30T06:50:07.123Z,gpu-3uwoq-6g3ya-1,dcgm,gpu2,gpu_util,0
2026-09-30T06:50:07.123Z,gpu-3uwoq-6g3ya-1,dcgm,gpu3,gpu_util,0
2026-09-30T06:50:07.123Z,gpu-3uwoq-6g3ya-1,dcgm,gpu0,gpu_util,0
2026-09-30T06:50:07.123Z,gpu-3uwoq-6g3ya-1,dcgm,gpu1,gpu_util,0
2026-09-30T06:50:07.123Z,gpu-3uwoq-6g3ya-1,dcgm,gpu2,nvlink_bandwidth_total,0
2026-09-30T06:50:07.123Z,gpu-3uwoq-6g3ya-1,dcgm,gpu3,nvlink_bandwidth_total,0
2026-09-30T06:50:07.123Z,gpu-3uwoq-6g3ya-1,dcgm,gpu0,nvlink_bandwidth_total,0
2026-09-30T06:50:07.123Z,gpu-3uwoq-6g3ya-1,dcgm,gpu1,nvlink_bandwidth_total,0
2026-09-30T06:50:07.123Z,gpu-3uwoq-6g3ya-1,dcgm,gpu2,power_w,222.82
2026-09-30T06:50:07.123Z,gpu-3uwoq-6g3ya-1,dcgm,gpu3,power_w,227.026
2026-09-30T06:50:07.123Z,gpu-3uwoq-6g3ya-1,dcgm,gpu0,power_w,230.185
2026-09-30T06:50:07.123Z,gpu-3uwoq-6g3ya-1,dcgm,gpu1,power_w,226.374
2026-09-30T06:50:07.123Z,gpu-3uwoq-6g3ya-1,dcgm,gpu2,sm_clock_mhz,2070
2026-09-30T06:50:07.123Z,gpu-3uwoq-6g3ya-1,dcgm,gpu3,sm_clock_mhz,2070
2026-09-30T06:50:07.123Z,gpu-3uwoq-6g3ya-1,dcgm,gpu0,sm_clock_mhz,2070
2026-09-30T06:50:07.123Z,gpu-3uwoq-6g3ya-1,dcgm,gpu1,sm_clock_mhz,2070
2026-09-30T06:50:07.123Z,gpu-3uwoq-6g3ya-1,dcgm,gpu2,dram_active,0
2026-09-30T06:50:07.123Z,gpu-3uwoq-6g3ya-1,dcgm,gpu3,dram_active,0
2026-09-30T06:50:07.123Z,gpu-3uwoq-6g3ya-1,dcgm,gpu0,dram_active,0
2026-09-30T06:50:07.123Z,gpu-3uwoq-6g3ya-1,dcgm,gpu1,dram_active,0
2026-09-30T06:50:07.123Z,gpu-3uwoq-6g3ya-1,dcgm,gpu2,pcie_rx_bytes,66092
2026-09-30T06:50:07.123Z,gpu-3uwoq-6g3ya-1,dcgm,gpu3,pcie_rx_bytes,58333
2026-09-30T06:50:07.123Z,gpu-3uwoq-6g3ya-1,dcgm,gpu0,pcie_rx_bytes,60770
2026-09-30T06:50:07.123Z,gpu-3uwoq-6g3ya-1,dcgm,gpu1,pcie_rx_bytes,64316
2026-09-30T06:50:07.123Z,gpu-3uwoq-6g3ya-1,dcgm,gpu2,pcie_tx_bytes,63227
2026-09-30T06:50:07.123Z,gpu-3uwoq-6g3ya-1,dcgm,gpu3,pcie_tx_bytes,55468
2026-09-30T06:50:07.123Z,gpu-3uwoq-6g3ya-1,dcgm,gpu0,pcie_tx_bytes,57907
2026-09-30T06:50:07.123Z,gpu-3uwoq-6g3ya-1,dcgm,gpu1,pcie_tx_bytes,61455
2026-09-30T06:50:07.123Z,gpu-3uwoq-6g3ya-1,dcgm,gpu2,tensor_active,0
2026-09-30T06:50:07.123Z,gpu-3uwoq-6g3ya-1,dcgm,gpu3,tensor_active,0
2026-09-30T06:50:07.123Z,gpu-3uwoq-6g3ya-1,dcgm,gpu0,tensor_active,0
2026-09-30T06:50:07.123Z,gpu-3uwoq-6g3ya-1,dcgm,gpu1,tensor_active,0
2026-09-30T06:50:07.123Z,gpu-3uwoq-6g3ya-1,dcgm,gpu2,sm_active,0
2026-09-30T06:50:07.123Z,gpu-3uwoq-6g3ya-1,dcgm,gpu3,sm_active,0
2026-09-30T06:50:07.123Z,gpu-3uwoq-6g3ya-1,dcgm,gpu0,sm_active,0
2026-09-30T06:50:07.123Z,gpu-3uwoq-6g3ya-1,dcgm,gpu1,sm_active,0
2026-09-30T06:50:07.123Z,gpu-3uwoq-6g3ya-1,nvlink,gpu0,nvlink_rx_bytes,1.03783e+13
2026-09-30T06:50:07.123Z,gpu-3uwoq-6g3ya-1,nvlink,gpu0,nvlink_tx_bytes,1.03828e+13
2026-09-30T06:50:07.123Z,gpu-3uwoq-6g3ya-1,nvlink,gpu1,nvlink_rx_bytes,1.05327e+13
2026-09-30T06:50:07.123Z,gpu-3uwoq-6g3ya-1,nvlink,gpu1,nvlink_tx_bytes,1.05357e+13
2026-09-30T06:50:07.123Z,gpu-3uwoq-6g3ya-1,nvlink,gpu2,nvlink_rx_bytes,1.04008e+13
2026-09-30T06:50:07.123Z,gpu-3uwoq-6g3ya-1,nvlink,gpu2,nvlink_tx_bytes,1.04047e+13
2026-09-30T06:50:07.123Z,gpu-3uwoq-6g3ya-1,nvlink,gpu3,nvlink_rx_bytes,1.03502e+13
2026-09-30T06:50:07.123Z,gpu-3uwoq-6g3ya-1,nvlink,gpu3,nvlink_tx_bytes,1.03535e+13
2026-09-30T06:50:08.123Z,gpu-3uwoq-6g3ya-1,ib_counter,rdma_vf_rail0,port_xmit_data,4.08122e+12
2026-09-30T06:50:08.123Z,gpu-3uwoq-6g3ya-1,ib_counter,rdma_vf_rail0,port_rcv_data,2.11385e+12
2026-09-30T06:50:08.123Z,gpu-3uwoq-6g3ya-1,ib_counter,rdma_vf_rail0,port_xmit_packets,1.10305e+09
2026-09-30T06:50:08.123Z,gpu-3uwoq-6g3ya-1,ib_counter,rdma_vf_rail0,port_rcv_packets,7.38804e+08
2026-09-30T06:50:08.123Z,gpu-3uwoq-6g3ya-1,ib_counter,rdma_vf_rail0,port_xmit_wait,0
2026-09-30T06:50:08.123Z,gpu-3uwoq-6g3ya-1,ib_counter,rdma_vf_rail0,port_rcv_errors,0
2026-09-30T06:50:08.123Z,gpu-3uwoq-6g3ya-1,ib_counter,rdma_vf_rail0,port_xmit_discards,0
2026-09-30T06:50:08.123Z,gpu-3uwoq-6g3ya-1,ib_counter,rdma_vf_rail0,link_downed,0
2026-09-30T06:50:08.123Z,gpu-3uwoq-6g3ya-1,ib_hw_counter,rdma_vf_rail0,out_of_sequence,0
2026-09-30T06:50:08.123Z,gpu-3uwoq-6g3ya-1,ib_hw_counter,rdma_vf_rail0,packet_seq_err,8
2026-09-30T06:50:08.123Z,gpu-3uwoq-6g3ya-1,ib_hw_counter,rdma_vf_rail0,local_ack_timeout_err,0
2026-09-30T06:50:08.123Z,gpu-3uwoq-6g3ya-1,ib_hw_counter,rdma_vf_rail0,rx_write_requests,4.4503e+08
2026-09-30T06:50:08.123Z,gpu-3uwoq-6g3ya-1,ib_hw_counter,rdma_vf_rail0,rx_read_requests,9.0462e+06
2026-09-30T06:50:08.123Z,gpu-3uwoq-6g3ya-1,ib_hw_counter,rdma_vf_rail0,req_cqe_error,0
2026-09-30T06:50:08.123Z,gpu-3uwoq-6g3ya-1,ib_hw_counter,rdma_vf_rail0,resp_cqe_error,0
2026-09-30T06:50:08.123Z,gpu-3uwoq-6g3ya-1,ib_hw_counter,rdma_vf_rail0,implied_nak_seq_err,0
2026-09-30T06:50:08.123Z,gpu-3uwoq-6g3ya-1,ib_hw_counter,rdma_vf_rail0,duplicate_request,0
2026-09-30T06:50:08.123Z,gpu-3uwoq-6g3ya-1,ib_counter,rdma_vf_rail1,port_xmit_data,3.97368e+12
2026-09-30T06:50:08.123Z,gpu-3uwoq-6g3ya-1,ib_counter,rdma_vf_rail1,port_rcv_data,2.00573e+12
2026-09-30T06:50:08.123Z,gpu-3uwoq-6g3ya-1,ib_counter,rdma_vf_rail1,port_xmit_packets,1.07687e+09
2026-09-30T06:50:08.123Z,gpu-3uwoq-6g3ya-1,ib_counter,rdma_vf_rail1,port_rcv_packets,7.07728e+08
2026-09-30T06:50:08.123Z,gpu-3uwoq-6g3ya-1,ib_counter,rdma_vf_rail1,port_xmit_wait,0
2026-09-30T06:50:08.123Z,gpu-3uwoq-6g3ya-1,ib_counter,rdma_vf_rail1,port_rcv_errors,0
2026-09-30T06:50:08.123Z,gpu-3uwoq-6g3ya-1,ib_counter,rdma_vf_rail1,port_xmit_discards,0
2026-09-30T06:50:08.123Z,gpu-3uwoq-6g3ya-1,ib_counter,rdma_vf_rail1,link_downed,0
2026-09-30T06:50:08.123Z,gpu-3uwoq-6g3ya-1,ib_hw_counter,rdma_vf_rail1,out_of_sequence,0
2026-09-30T06:50:08.123Z,gpu-3uwoq-6g3ya-1,ib_hw_counter,rdma_vf_rail1,packet_seq_err,8
2026-09-30T06:50:08.123Z,gpu-3uwoq-6g3ya-1,ib_hw_counter,rdma_vf_rail1,local_ack_timeout_err,0
2026-09-30T06:50:08.123Z,gpu-3uwoq-6g3ya-1,ib_hw_counter,rdma_vf_rail1,rx_write_requests,4.43433e+08
2026-09-30T06:50:08.123Z,gpu-3uwoq-6g3ya-1,ib_hw_counter,rdma_vf_rail1,rx_read_requests,8.24518e+06
2026-09-30T06:50:08.123Z,gpu-3uwoq-6g3ya-1,ib_hw_counter,rdma_vf_rail1,req_cqe_error,0
2026-09-30T06:50:08.123Z,gpu-3uwoq-6g3ya-1,ib_hw_counter,rdma_vf_rail1,resp_cqe_error,0
2026-09-30T06:50:08.123Z,gpu-3uwoq-6g3ya-1,ib_hw_counter,rdma_vf_rail1,implied_nak_seq_err,0
2026-09-30T06:50:08.123Z,gpu-3uwoq-6g3ya-1,ib_hw_counter,rdma_vf_rail1,duplicate_request,0
2026-09-30T06:50:08.123Z,gpu-3uwoq-6g3ya-1,ib_counter,rdma_vf_rail2,port_xmit_data,3.94617e+12
2026-09-30T06:50:08.123Z,gpu-3uwoq-6g3ya-1,ib_counter,rdma_vf_rail2,port_rcv_data,1.97796e+12
2026-09-30T06:50:08.123Z,gpu-3uwoq-6g3ya-1,ib_counter,rdma_vf_rail2,port_xmit_packets,1.06232e+09
2026-09-30T06:50:08.123Z,gpu-3uwoq-6g3ya-1,ib_counter,rdma_vf_rail2,port_rcv_packets,6.88687e+08
2026-09-30T06:50:08.123Z,gpu-3uwoq-6g3ya-1,ib_counter,rdma_vf_rail2,port_xmit_wait,0
2026-09-30T06:50:08.123Z,gpu-3uwoq-6g3ya-1,ib_counter,rdma_vf_rail2,port_rcv_errors,0
2026-09-30T06:50:08.123Z,gpu-3uwoq-6g3ya-1,ib_counter,rdma_vf_rail2,port_xmit_discards,0
2026-09-30T06:50:08.123Z,gpu-3uwoq-6g3ya-1,ib_counter,rdma_vf_rail2,link_downed,0
2026-09-30T06:50:08.123Z,gpu-3uwoq-6g3ya-1,ib_hw_counter,rdma_vf_rail2,out_of_sequence,0
2026-09-30T06:50:08.123Z,gpu-3uwoq-6g3ya-1,ib_hw_counter,rdma_vf_rail2,packet_seq_err,7
2026-09-30T06:50:08.123Z,gpu-3uwoq-6g3ya-1,ib_hw_counter,rdma_vf_rail2,local_ack_timeout_err,0
2026-09-30T06:50:08.123Z,gpu-3uwoq-6g3ya-1,ib_hw_counter,rdma_vf_rail2,rx_write_requests,4.43005e+08
2026-09-30T06:50:08.123Z,gpu-3uwoq-6g3ya-1,ib_hw_counter,rdma_vf_rail2,rx_read_requests,8.03756e+06
2026-09-30T06:50:08.123Z,gpu-3uwoq-6g3ya-1,ib_hw_counter,rdma_vf_rail2,req_cqe_error,0
2026-09-30T06:50:08.123Z,gpu-3uwoq-6g3ya-1,ib_hw_counter,rdma_vf_rail2,resp_cqe_error,0
2026-09-30T06:50:08.123Z,gpu-3uwoq-6g3ya-1,ib_hw_counter,rdma_vf_rail2,implied_nak_seq_err,0
2026-09-30T06:50:08.123Z,gpu-3uwoq-6g3ya-1,ib_hw_counter,rdma_vf_rail2,duplicate_request,0
2026-09-30T06:50:08.123Z,gpu-3uwoq-6g3ya-1,ib_counter,rdma_vf_rail3,port_xmit_data,3.94643e+12
2026-09-30T06:50:08.123Z,gpu-3uwoq-6g3ya-1,ib_counter,rdma_vf_rail3,port_rcv_data,1.97772e+12
2026-09-30T06:50:08.123Z,gpu-3uwoq-6g3ya-1,ib_counter,rdma_vf_rail3,port_xmit_packets,1.06309e+09
2026-09-30T06:50:08.123Z,gpu-3uwoq-6g3ya-1,ib_counter,rdma_vf_rail3,port_rcv_packets,6.85505e+08
2026-09-30T06:50:08.123Z,gpu-3uwoq-6g3ya-1,ib_counter,rdma_vf_rail3,port_xmit_wait,0
2026-09-30T06:50:08.123Z,gpu-3uwoq-6g3ya-1,ib_counter,rdma_vf_rail3,port_rcv_errors,0
2026-09-30T06:50:08.123Z,gpu-3uwoq-6g3ya-1,ib_counter,rdma_vf_rail3,port_xmit_discards,0
2026-09-30T06:50:08.123Z,gpu-3uwoq-6g3ya-1,ib_counter,rdma_vf_rail3,link_downed,0
2026-09-30T06:50:08.123Z,gpu-3uwoq-6g3ya-1,ib_hw_counter,rdma_vf_rail3,out_of_sequence,1
2026-09-30T06:50:08.123Z,gpu-3uwoq-6g3ya-1,ib_hw_counter,rdma_vf_rail3,packet_seq_err,7
2026-09-30T06:50:08.123Z,gpu-3uwoq-6g3ya-1,ib_hw_counter,rdma_vf_rail3,local_ack_timeout_err,0
2026-09-30T06:50:08.123Z,gpu-3uwoq-6g3ya-1,ib_hw_counter,rdma_vf_rail3,rx_write_requests,4.43005e+08
2026-09-30T06:50:08.123Z,gpu-3uwoq-6g3ya-1,ib_hw_counter,rdma_vf_rail3,rx_read_requests,8.03756e+06
2026-09-30T06:50:08.123Z,gpu-3uwoq-6g3ya-1,ib_hw_counter,rdma_vf_rail3,req_cqe_error,0
2026-09-30T06:50:08.123Z,gpu-3uwoq-6g3ya-1,ib_hw_counter,rdma_vf_rail3,resp_cqe_error,0
2026-09-30T06:50:08.123Z,gpu-3uwoq-6g3ya-1,ib_hw_counter,rdma_vf_rail3,implied_nak_seq_err,0
2026-09-30T06:50:08.123Z,gpu-3uwoq-6g3ya-1,ib_hw_counter,rdma_vf_rail3,duplicate_request,0
2026-09-30T06:50:08.123Z,gpu-3uwoq-6g3ya-1,dcgm,gpu2,gpu_util,0
2026-09-30T06:50:08.123Z,gpu-3uwoq-6g3ya-1,dcgm,gpu3,gpu_util,0
2026-09-30T06:50:08.123Z,gpu-3uwoq-6g3ya-1,dcgm,gpu0,gpu_util,0
2026-09-30T06:50:08.123Z,gpu-3uwoq-6g3ya-1,dcgm,gpu1,gpu_util,0
2026-09-30T06:50:08.123Z,gpu-3uwoq-6g3ya-1,dcgm,gpu2,nvlink_bandwidth_total,0
2026-09-30T06:50:08.123Z,gpu-3uwoq-6g3ya-1,dcgm,gpu3,nvlink_bandwidth_total,0
2026-09-30T06:50:08.123Z,gpu-3uwoq-6g3ya-1,dcgm,gpu0,nvlink_bandwidth_total,0
2026-09-30T06:50:08.123Z,gpu-3uwoq-6g3ya-1,dcgm,gpu1,nvlink_bandwidth_total,0
2026-09-30T06:50:08.123Z,gpu-3uwoq-6g3ya-1,dcgm,gpu2,power_w,222.82
2026-09-30T06:50:08.123Z,gpu-3uwoq-6g3ya-1,dcgm,gpu3,power_w,227.026
2026-09-30T06:50:08.123Z,gpu-3uwoq-6g3ya-1,dcgm,gpu0,power_w,230.185
2026-09-30T06:50:08.123Z,gpu-3uwoq-6g3ya-1,dcgm,gpu1,power_w,226.374
2026-09-30T06:50:08.123Z,gpu-3uwoq-6g3ya-1,dcgm,gpu2,sm_clock_mhz,2070
2026-09-30T06:50:08.123Z,gpu-3uwoq-6g3ya-1,dcgm,gpu3,sm_clock_mhz,2070
2026-09-30T06:50:08.123Z,gpu-3uwoq-6g3ya-1,dcgm,gpu0,sm_clock_mhz,2070
2026-09-30T06:50:08.123Z,gpu-3uwoq-6g3ya-1,dcgm,gpu1,sm_clock_mhz,2070
2026-09-30T06:50:08.123Z,gpu-3uwoq-6g3ya-1,dcgm,gpu2,dram_active,0
2026-09-30T06:50:08.123Z,gpu-3uwoq-6g3ya-1,dcgm,gpu3,dram_active,0
2026-09-30T06:50:08.123Z,gpu-3uwoq-6g3ya-1,dcgm,gpu0,dram_active,0
2026-09-30T06:50:08.123Z,gpu-3uwoq-6g3ya-1,dcgm,gpu1,dram_active,0
2026-09-30T06:50:08.123Z,gpu-3uwoq-6g3ya-1,dcgm,gpu2,pcie_rx_bytes,66092
2026-09-30T06:50:08.123Z,gpu-3uwoq-6g3ya-1,dcgm,gpu3,pcie_rx_bytes,58333
2026-09-30T06:50:08.123Z,gpu-3uwoq-6g3ya-1,dcgm,gpu0,pcie_rx_bytes,60770
2026-09-30T06:50:08.123Z,gpu-3uwoq-6g3ya-1,dcgm,gpu1,pcie_rx_bytes,64316
2026-09-30T06:50:08.123Z,gpu-3uwoq-6g3ya-1,dcgm,gpu2,pcie_tx_bytes,63227
2026-09-30T06:50:08.123Z,gpu-3uwoq-6g3ya-1,dcgm,gpu3,pcie_tx_bytes,55468
2026-09-30T06:50:08.123Z,gpu-3uwoq-6g3ya-1,dcgm,gpu0,pcie_tx_bytes,195403
2026-09-30T06:50:08.123Z,gpu-3uwoq-6g3ya-1,dcgm,gpu1,pcie_tx_bytes,268431
2026-09-30T06:50:08.123Z,gpu-3uwoq-6g3ya-1,dcgm,gpu2,tensor_active,0
2026-09-30T06:50:08.123Z,gpu-3uwoq-6g3ya-1,dcgm,gpu3,tensor_active,0
2026-09-30T06:50:08.123Z,gpu-3uwoq-6g3ya-1,dcgm,gpu0,tensor_active,0
2026-09-30T06:50:08.123Z,gpu-3uwoq-6g3ya-1,dcgm,gpu1,tensor_active,0
2026-09-30T06:50:08.123Z,gpu-3uwoq-6g3ya-1,dcgm,gpu2,sm_active,0
2026-09-30T06:50:08.123Z,gpu-3uwoq-6g3ya-1,dcgm,gpu3,sm_active,0
2026-09-30T06:50:08.123Z,gpu-3uwoq-6g3ya-1,dcgm,gpu0,sm_active,0
2026-09-30T06:50:08.123Z,gpu-3uwoq-6g3ya-1,dcgm,gpu1,sm_active,0
2026-09-30T06:50:08.123Z,gpu-3uwoq-6g3ya-1,nvlink,gpu0,nvlink_rx_bytes,1.03783e+13
2026-09-30T06:50:08.123Z,gpu-3uwoq-6g3ya-1,nvlink,gpu0,nvlink_tx_bytes,1.03828e+13
2026-09-30T06:50:08.123Z,gpu-3uwoq-6g3ya-1,nvlink,gpu1,nvlink_rx_bytes,1.05327e+13
2026-09-30T06:50:08.123Z,gpu-3uwoq-6g3ya-1,nvlink,gpu1,nvlink_tx_bytes,1.05357e+13
2026-09-30T06:50:08.123Z,gpu-3uwoq-6g3ya-1,nvlink,gpu2,nvlink_rx_bytes,1.04008e+13
2026-09-30T06:50:08.123Z,gpu-3uwoq-6g3ya-1,nvlink,gpu2,nvlink_tx_bytes,1.04047e+13
2026-09-30T06:50:08.123Z,gpu-3uwoq-6g3ya-1,nvlink,gpu3,nvlink_rx_bytes,1.03502e+13
2026-09-30T06:50:08.123Z,gpu-3uwoq-6g3ya-1,nvlink,gpu3,nvlink_tx_bytes,1.03535e+13
2026-09-30T06:50:09.123Z,gpu-3uwoq-6g3ya-1,ib_counter,rdma_vf_rail0,port_xmit_data,4.08122e+12
2026-09-30T06:50:09.123Z,gpu-3uwoq-6g3ya-1,ib_counter,rdma_vf_rail0,port_rcv_data,2.11385e+12
2026-09-30T06:50:09.123Z,gpu-3uwoq-6g3ya-1,ib_counter,rdma_vf_rail0,port_xmit_packets,1.10305e+09
2026-09-30T06:50:09.123Z,gpu-3uwoq-6g3ya-1,ib_counter,rdma_vf_rail0,port_rcv_packets,7.38804e+08
2026-09-30T06:50:09.123Z,gpu-3uwoq-6g3ya-1,ib_counter,rdma_vf_rail0,port_xmit_wait,0
2026-09-30T06:50:09.123Z,gpu-3uwoq-6g3ya-1,ib_counter,rdma_vf_rail0,port_rcv_errors,0
2026-09-30T06:50:09.123Z,gpu-3uwoq-6g3ya-1,ib_counter,rdma_vf_rail0,port_xmit_discards,0
2026-09-30T06:50:09.123Z,gpu-3uwoq-6g3ya-1,ib_counter,rdma_vf_rail0,link_downed,0
2026-09-30T06:50:09.123Z,gpu-3uwoq-6g3ya-1,ib_hw_counter,rdma_vf_rail0,out_of_sequence,0
2026-09-30T06:50:09.123Z,gpu-3uwoq-6g3ya-1,ib_hw_counter,rdma_vf_rail0,packet_seq_err,8
2026-09-30T06:50:09.123Z,gpu-3uwoq-6g3ya-1,ib_hw_counter,rdma_vf_rail0,local_ack_timeout_err,0
2026-09-30T06:50:09.123Z,gpu-3uwoq-6g3ya-1,ib_hw_counter,rdma_vf_rail0,rx_write_requests,4.4503e+08
2026-09-30T06:50:09.123Z,gpu-3uwoq-6g3ya-1,ib_hw_counter,rdma_vf_rail0,rx_read_requests,9.0462e+06
2026-09-30T06:50:09.123Z,gpu-3uwoq-6g3ya-1,ib_hw_counter,rdma_vf_rail0,req_cqe_error,0
2026-09-30T06:50:09.123Z,gpu-3uwoq-6g3ya-1,ib_hw_counter,rdma_vf_rail0,resp_cqe_error,0
2026-09-30T06:50:09.123Z,gpu-3uwoq-6g3ya-1,ib_hw_counter,rdma_vf_rail0,implied_nak_seq_err,0
2026-09-30T06:50:09.123Z,gpu-3uwoq-6g3ya-1,ib_hw_counter,rdma_vf_rail0,duplicate_request,0
2026-09-30T06:50:09.123Z,gpu-3uwoq-6g3ya-1,ib_counter,rdma_vf_rail1,port_xmit_data,3.97368e+12
2026-09-30T06:50:09.123Z,gpu-3uwoq-6g3ya-1,ib_counter,rdma_vf_rail1,port_rcv_data,2.00573e+12
2026-09-30T06:50:09.123Z,gpu-3uwoq-6g3ya-1,ib_counter,rdma_vf_rail1,port_xmit_packets,1.07687e+09
2026-09-30T06:50:09.123Z,gpu-3uwoq-6g3ya-1,ib_counter,rdma_vf_rail1,port_rcv_packets,7.07728e+08
2026-09-30T06:50:09.123Z,gpu-3uwoq-6g3ya-1,ib_counter,rdma_vf_rail1,port_xmit_wait,0
2026-09-30T06:50:09.123Z,gpu-3uwoq-6g3ya-1,ib_counter,rdma_vf_rail1,port_rcv_errors,0
2026-09-30T06:50:09.123Z,gpu-3uwoq-6g3ya-1,ib_counter,rdma_vf_rail1,port_xmit_discards,0
2026-09-30T06:50:09.123Z,gpu-3uwoq-6g3ya-1,ib_counter,rdma_vf_rail1,link_downed,0
2026-09-30T06:50:09.123Z,gpu-3uwoq-6g3ya-1,ib_hw_counter,rdma_vf_rail1,out_of_sequence,0
2026-09-30T06:50:09.123Z,gpu-3uwoq-6g3ya-1,ib_hw_counter,rdma_vf_rail1,packet_seq_err,8
2026-09-30T06:50:09.123Z,gpu-3uwoq-6g3ya-1,ib_hw_counter,rdma_vf_rail1,local_ack_timeout_err,0
2026-09-30T06:50:09.123Z,gpu-3uwoq-6g3ya-1,ib_hw_counter,rdma_vf_rail1,rx_write_requests,4.43433e+08
2026-09-30T06:50:09.123Z,gpu-3uwoq-6g3ya-1,ib_hw_counter,rdma_vf_rail1,rx_read_requests,8.24518e+06
2026-09-30T06:50:09.123Z,gpu-3uwoq-6g3ya-1,ib_hw_counter,rdma_vf_rail1,req_cqe_error,0
2026-09-30T06:50:09.123Z,gpu-3uwoq-6g3ya-1,ib_hw_counter,rdma_vf_rail1,resp_cqe_error,0
2026-09-30T06:50:09.123Z,gpu-3uwoq-6g3ya-1,ib_hw_counter,rdma_vf_rail1,implied_nak_seq_err,0
2026-09-30T06:50:09.123Z,gpu-3uwoq-6g3ya-1,ib_hw_counter,rdma_vf_rail1,duplicate_request,0
2026-09-30T06:50:09.123Z,gpu-3uwoq-6g3ya-1,ib_counter,rdma_vf_rail2,port_xmit_data,3.94617e+12
2026-09-30T06:50:09.123Z,gpu-3uwoq-6g3ya-1,ib_counter,rdma_vf_rail2,port_rcv_data,1.97796e+12
2026-09-30T06:50:09.123Z,gpu-3uwoq-6g3ya-1,ib_counter,rdma_vf_rail2,port_xmit_packets,1.06232e+09
2026-09-30T06:50:09.123Z,gpu-3uwoq-6g3ya-1,ib_counter,rdma_vf_rail2,port_rcv_packets,6.88687e+08
2026-09-30T06:50:09.123Z,gpu-3uwoq-6g3ya-1,ib_counter,rdma_vf_rail2,port_xmit_wait,0
2026-09-30T06:50:09.123Z,gpu-3uwoq-6g3ya-1,ib_counter,rdma_vf_rail2,port_rcv_errors,0
2026-09-30T06:50:09.123Z,gpu-3uwoq-6g3ya-1,ib_counter,rdma_vf_rail2,port_xmit_discards,0
2026-09-30T06:50:09.123Z,gpu-3uwoq-6g3ya-1,ib_counter,rdma_vf_rail2,link_downed,0
2026-09-30T06:50:09.123Z,gpu-3uwoq-6g3ya-1,ib_hw_counter,rdma_vf_rail2,out_of_sequence,0
2026-09-30T06:50:09.123Z,gpu-3uwoq-6g3ya-1,ib_hw_counter,rdma_vf_rail2,packet_seq_err,7
2026-09-30T06:50:09.123Z,gpu-3uwoq-6g3ya-1,ib_hw_counter,rdma_vf_rail2,local_ack_timeout_err,0
2026-09-30T06:50:09.123Z,gpu-3uwoq-6g3ya-1,ib_hw_counter,rdma_vf_rail2,rx_write_requests,4.43005e+08
2026-09-30T06:50:09.123Z,gpu-3uwoq-6g3ya-1,ib_hw_counter,rdma_vf_rail2,rx_read_requests,8.03756e+06
2026-09-30T06:50:09.123Z,gpu-3uwoq-6g3ya-1,ib_hw_counter,rdma_vf_rail2,req_cqe_error,0
2026-09-30T06:50:09.123Z,gpu-3uwoq-6g3ya-1,ib_hw_counter,rdma_vf_rail2,resp_cqe_error,0
2026-09-30T06:50:09.123Z,gpu-3uwoq-6g3ya-1,ib_hw_counter,rdma_vf_rail2,implied_nak_seq_err,0
2026-09-30T06:50:09.123Z,gpu-3uwoq-6g3ya-1,ib_hw_counter,rdma_vf_rail2,duplicate_request,0
2026-09-30T06:50:09.123Z,gpu-3uwoq-6g3ya-1,ib_counter,rdma_vf_rail3,port_xmit_data,3.94643e+12
2026-09-30T06:50:09.123Z,gpu-3uwoq-6g3ya-1,ib_counter,rdma_vf_rail3,port_rcv_data,1.97772e+12
2026-09-30T06:50:09.123Z,gpu-3uwoq-6g3ya-1,ib_counter,rdma_vf_rail3,port_xmit_packets,1.06309e+09
2026-09-30T06:50:09.123Z,gpu-3uwoq-6g3ya-1,ib_counter,rdma_vf_rail3,port_rcv_packets,6.85505e+08
2026-09-30T06:50:09.123Z,gpu-3uwoq-6g3ya-1,ib_counter,rdma_vf_rail3,port_xmit_wait,0
2026-09-30T06:50:09.123Z,gpu-3uwoq-6g3ya-1,ib_counter,rdma_vf_rail3,port_rcv_errors,0
2026-09-30T06:50:09.123Z,gpu-3uwoq-6g3ya-1,ib_counter,rdma_vf_rail3,port_xmit_discards,0
2026-09-30T06:50:09.123Z,gpu-3uwoq-6g3ya-1,ib_counter,rdma_vf_rail3,link_downed,0
2026-09-30T06:50:09.123Z,gpu-3uwoq-6g3ya-1,ib_hw_counter,rdma_vf_rail3,out_of_sequence,1
2026-09-30T06:50:09.123Z,gpu-3uwoq-6g3ya-1,ib_hw_counter,rdma_vf_rail3,packet_seq_err,7
2026-09-30T06:50:09.123Z,gpu-3uwoq-6g3ya-1,ib_hw_counter,rdma_vf_rail3,local_ack_timeout_err,0
2026-09-30T06:50:09.123Z,gpu-3uwoq-6g3ya-1,ib_hw_counter,rdma_vf_rail3,rx_write_requests,4.43005e+08
2026-09-30T06:50:09.123Z,gpu-3uwoq-6g3ya-1,ib_hw_counter,rdma_vf_rail3,rx_read_requests,8.03756e+06
2026-09-30T06:50:09.123Z,gpu-3uwoq-6g3ya-1,ib_hw_counter,rdma_vf_rail3,req_cqe_error,0
2026-09-30T06:50:09.123Z,gpu-3uwoq-6g3ya-1,ib_hw_counter,rdma_vf_rail3,resp_cqe_error,0
2026-09-30T06:50:09.123Z,gpu-3uwoq-6g3ya-1,ib_hw_counter,rdma_vf_rail3,implied_nak_seq_err,0
2026-09-30T06:50:09.123Z,gpu-3uwoq-6g3ya-1,ib_hw_counter,rdma_vf_rail3,duplicate_request,0
2026-09-30T06:50:09.123Z,gpu-3uwoq-6g3ya-1,dcgm,gpu2,gpu_util,0
2026-09-30T06:50:09.123Z,gpu-3uwoq-6g3ya-1,dcgm,gpu3,gpu_util,0
2026-09-30T06:50:09.123Z,gpu-3uwoq-6g3ya-1,dcgm,gpu0,gpu_util,0
2026-09-30T06:50:09.123Z,gpu-3uwoq-6g3ya-1,dcgm,gpu1,gpu_util,0
2026-09-30T06:50:09.123Z,gpu-3uwoq-6g3ya-1,dcgm,gpu2,nvlink_bandwidth_total,0
2026-09-30T06:50:09.123Z,gpu-3uwoq-6g3ya-1,dcgm,gpu3,nvlink_bandwidth_total,0
2026-09-30T06:50:09.123Z,gpu-3uwoq-6g3ya-1,dcgm,gpu0,nvlink_bandwidth_total,0
2026-09-30T06:50:09.123Z,gpu-3uwoq-6g3ya-1,dcgm,gpu1,nvlink_bandwidth_total,0
2026-09-30T06:50:09.123Z,gpu-3uwoq-6g3ya-1,dcgm,gpu2,power_w,222.82
2026-09-30T06:50:09.123Z,gpu-3uwoq-6g3ya-1,dcgm,gpu3,power_w,227.185
2026-09-30T06:50:09.123Z,gpu-3uwoq-6g3ya-1,dcgm,gpu0,power_w,230.166
2026-09-30T06:50:09.123Z,gpu-3uwoq-6g3ya-1,dcgm,gpu1,power_w,227.791
2026-09-30T06:50:09.123Z,gpu-3uwoq-6g3ya-1,dcgm,gpu2,sm_clock_mhz,2070
2026-09-30T06:50:09.123Z,gpu-3uwoq-6g3ya-1,dcgm,gpu3,sm_clock_mhz,2070
2026-09-30T06:50:09.123Z,gpu-3uwoq-6g3ya-1,dcgm,gpu0,sm_clock_mhz,2070
2026-09-30T06:50:09.123Z,gpu-3uwoq-6g3ya-1,dcgm,gpu1,sm_clock_mhz,2070
2026-09-30T06:50:09.123Z,gpu-3uwoq-6g3ya-1,dcgm,gpu2,dram_active,0
2026-09-30T06:50:09.123Z,gpu-3uwoq-6g3ya-1,dcgm,gpu3,dram_active,0
2026-09-30T06:50:09.123Z,gpu-3uwoq-6g3ya-1,dcgm,gpu0,dram_active,0
2026-09-30T06:50:09.123Z,gpu-3uwoq-6g3ya-1,dcgm,gpu1,dram_active,1e-06
2026-09-30T06:50:09.123Z,gpu-3uwoq-6g3ya-1,dcgm,gpu2,pcie_rx_bytes,177550
2026-09-30T06:50:09.123Z,gpu-3uwoq-6g3ya-1,dcgm,gpu3,pcie_rx_bytes,102208
2026-09-30T06:50:09.123Z,gpu-3uwoq-6g3ya-1,dcgm,gpu0,pcie_rx_bytes,204835
2026-09-30T06:50:09.123Z,gpu-3uwoq-6g3ya-1,dcgm,gpu1,pcie_rx_bytes,290645
2026-09-30T06:50:09.123Z,gpu-3uwoq-6g3ya-1,dcgm,gpu2,pcie_tx_bytes,167626
2026-09-30T06:50:09.123Z,gpu-3uwoq-6g3ya-1,dcgm,gpu3,pcie_tx_bytes,93582
2026-09-30T06:50:09.123Z,gpu-3uwoq-6g3ya-1,dcgm,gpu0,pcie_tx_bytes,195403
2026-09-30T06:50:09.123Z,gpu-3uwoq-6g3ya-1,dcgm,gpu1,pcie_tx_bytes,268431
2026-09-30T06:50:09.123Z,gpu-3uwoq-6g3ya-1,dcgm,gpu2,tensor_active,0
2026-09-30T06:50:09.123Z,gpu-3uwoq-6g3ya-1,dcgm,gpu3,tensor_active,0
2026-09-30T06:50:09.123Z,gpu-3uwoq-6g3ya-1,dcgm,gpu0,tensor_active,0
2026-09-30T06:50:09.123Z,gpu-3uwoq-6g3ya-1,dcgm,gpu1,tensor_active,0
2026-09-30T06:50:09.123Z,gpu-3uwoq-6g3ya-1,dcgm,gpu2,sm_active,0
2026-09-30T06:50:09.123Z,gpu-3uwoq-6g3ya-1,dcgm,gpu3,sm_active,0
2026-09-30T06:50:09.123Z,gpu-3uwoq-6g3ya-1,dcgm,gpu0,sm_active,0
2026-09-30T06:50:09.123Z,gpu-3uwoq-6g3ya-1,dcgm,gpu1,sm_active,0
2026-09-30T06:50:09.123Z,gpu-3uwoq-6g3ya-1,nvlink,gpu0,nvlink_rx_bytes,1.03783e+13
2026-09-30T06:50:09.123Z,gpu-3uwoq-6g3ya-1,nvlink,gpu0,nvlink_tx_bytes,1.03828e+13
2026-09-30T06:50:09.123Z,gpu-3uwoq-6g3ya-1,nvlink,gpu1,nvlink_rx_bytes,1.05327e+13
2026-09-30T06:50:09.123Z,gpu-3uwoq-6g3ya-1,nvlink,gpu1,nvlink_tx_bytes,1.05357e+13
2026-09-30T06:50:09.123Z,gpu-3uwoq-6g3ya-1,nvlink,gpu2,nvlink_rx_bytes,1.04008e+13
2026-09-30T06:50:09.123Z,gpu-3uwoq-6g3ya-1,nvlink,gpu2,nvlink_tx_bytes,1.04047e+13
2026-09-30T06:50:09.123Z,gpu-3uwoq-6g3ya-1,nvlink,gpu3,nvlink_rx_bytes,1.03502e+13
2026-09-30T06:50:09.123Z,gpu-3uwoq-6g3ya-1,nvlink,gpu3,nvlink_tx_bytes,1.03535e+13
2026-09-30T06:50:10.123Z,gpu-3uwoq-6g3ya-1,ib_counter,rdma_vf_rail0,port_xmit_data,4.08122e+12
2026-09-30T06:50:10.123Z,gpu-3uwoq-6g3ya-1,ib_counter,rdma_vf_rail0,port_rcv_data,2.11385e+12
2026-09-30T06:50:10.123Z,gpu-3uwoq-6g3ya-1,ib_counter,rdma_vf_rail0,port_xmit_packets,1.10305e+09
2026-09-30T06:50:10.123Z,gpu-3uwoq-6g3ya-1,ib_counter,rdma_vf_rail0,port_rcv_packets,7.38804e+08
2026-09-30T06:50:10.123Z,gpu-3uwoq-6g3ya-1,ib_counter,rdma_vf_rail0,port_xmit_wait,0
2026-09-30T06:50:10.123Z,gpu-3uwoq-6g3ya-1,ib_counter,rdma_vf_rail0,port_rcv_errors,0
2026-09-30T06:50:10.123Z,gpu-3uwoq-6g3ya-1,ib_counter,rdma_vf_rail0,port_xmit_discards,0
2026-09-30T06:50:10.123Z,gpu-3uwoq-6g3ya-1,ib_counter,rdma_vf_rail0,link_downed,0
2026-09-30T06:50:10.123Z,gpu-3uwoq-6g3ya-1,ib_hw_counter,rdma_vf_rail0,out_of_sequence,0
2026-09-30T06:50:10.123Z,gpu-3uwoq-6g3ya-1,ib_hw_counter,rdma_vf_rail0,packet_seq_err,8
2026-09-30T06:50:10.123Z,gpu-3uwoq-6g3ya-1,ib_hw_counter,rdma_vf_rail0,local_ack_timeout_err,0
2026-09-30T06:50:10.123Z,gpu-3uwoq-6g3ya-1,ib_hw_counter,rdma_vf_rail0,rx_write_requests,4.4503e+08
2026-09-30T06:50:10.123Z,gpu-3uwoq-6g3ya-1,ib_hw_counter,rdma_vf_rail0,rx_read_requests,9.0462e+06
2026-09-30T06:50:10.123Z,gpu-3uwoq-6g3ya-1,ib_hw_counter,rdma_vf_rail0,req_cqe_error,0
2026-09-30T06:50:10.123Z,gpu-3uwoq-6g3ya-1,ib_hw_counter,rdma_vf_rail0,resp_cqe_error,0
2026-09-30T06:50:10.123Z,gpu-3uwoq-6g3ya-1,ib_hw_counter,rdma_vf_rail0,implied_nak_seq_err,0
2026-09-30T06:50:10.123Z,gpu-3uwoq-6g3ya-1,ib_hw_counter,rdma_vf_rail0,duplicate_request,0
2026-09-30T06:50:10.123Z,gpu-3uwoq-6g3ya-1,ib_counter,rdma_vf_rail1,port_xmit_data,3.97368e+12
2026-09-30T06:50:10.123Z,gpu-3uwoq-6g3ya-1,ib_counter,rdma_vf_rail1,port_rcv_data,2.00573e+12
2026-09-30T06:50:10.123Z,gpu-3uwoq-6g3ya-1,ib_counter,rdma_vf_rail1,port_xmit_packets,1.07687e+09
2026-09-30T06:50:10.123Z,gpu-3uwoq-6g3ya-1,ib_counter,rdma_vf_rail1,port_rcv_packets,7.07728e+08
2026-09-30T06:50:10.123Z,gpu-3uwoq-6g3ya-1,ib_counter,rdma_vf_rail1,port_xmit_wait,0
2026-09-30T06:50:10.123Z,gpu-3uwoq-6g3ya-1,ib_counter,rdma_vf_rail1,port_rcv_errors,0
2026-09-30T06:50:10.123Z,gpu-3uwoq-6g3ya-1,ib_counter,rdma_vf_rail1,port_xmit_discards,0
2026-09-30T06:50:10.123Z,gpu-3uwoq-6g3ya-1,ib_counter,rdma_vf_rail1,link_downed,0
2026-09-30T06:50:10.123Z,gpu-3uwoq-6g3ya-1,ib_hw_counter,rdma_vf_rail1,out_of_sequence,0
2026-09-30T06:50:10.123Z,gpu-3uwoq-6g3ya-1,ib_hw_counter,rdma_vf_rail1,packet_seq_err,8
2026-09-30T06:50:10.123Z,gpu-3uwoq-6g3ya-1,ib_hw_counter,rdma_vf_rail1,local_ack_timeout_err,0
2026-09-30T06:50:10.123Z,gpu-3uwoq-6g3ya-1,ib_hw_counter,rdma_vf_rail1,rx_write_requests,4.43433e+08
2026-09-30T06:50:10.123Z,gpu-3uwoq-6g3ya-1,ib_hw_counter,rdma_vf_rail1,rx_read_requests,8.24518e+06
2026-09-30T06:50:10.123Z,gpu-3uwoq-6g3ya-1,ib_hw_counter,rdma_vf_rail1,req_cqe_error,0
2026-09-30T06:50:10.123Z,gpu-3uwoq-6g3ya-1,ib_hw_counter,rdma_vf_rail1,resp_cqe_error,0
2026-09-30T06:50:10.123Z,gpu-3uwoq-6g3ya-1,ib_hw_counter,rdma_vf_rail1,implied_nak_seq_err,0
2026-09-30T06:50:10.123Z,gpu-3uwoq-6g3ya-1,ib_hw_counter,rdma_vf_rail1,duplicate_request,0
2026-09-30T06:50:10.123Z,gpu-3uwoq-6g3ya-1,ib_counter,rdma_vf_rail2,port_xmit_data,3.94617e+12
2026-09-30T06:50:10.123Z,gpu-3uwoq-6g3ya-1,ib_counter,rdma_vf_rail2,port_rcv_data,1.97796e+12
2026-09-30T06:50:10.123Z,gpu-3uwoq-6g3ya-1,ib_counter,rdma_vf_rail2,port_xmit_packets,1.06232e+09
2026-09-30T06:50:10.123Z,gpu-3uwoq-6g3ya-1,ib_counter,rdma_vf_rail2,port_rcv_packets,6.88687e+08
2026-09-30T06:50:10.123Z,gpu-3uwoq-6g3ya-1,ib_counter,rdma_vf_rail2,port_xmit_wait,0
2026-09-30T06:50:10.123Z,gpu-3uwoq-6g3ya-1,ib_counter,rdma_vf_rail2,port_rcv_errors,0
2026-09-30T06:50:10.123Z,gpu-3uwoq-6g3ya-1,ib_counter,rdma_vf_rail2,port_xmit_discards,0
2026-09-30T06:50:10.123Z,gpu-3uwoq-6g3ya-1,ib_counter,rdma_vf_rail2,link_downed,0
2026-09-30T06:50:10.123Z,gpu-3uwoq-6g3ya-1,ib_hw_counter,rdma_vf_rail2,out_of_sequence,0
2026-09-30T06:50:10.123Z,gpu-3uwoq-6g3ya-1,ib_hw_counter,rdma_vf_rail2,packet_seq_err,7
2026-09-30T06:50:10.123Z,gpu-3uwoq-6g3ya-1,ib_hw_counter,rdma_vf_rail2,local_ack_timeout_err,0
2026-09-30T06:50:10.123Z,gpu-3uwoq-6g3ya-1,ib_hw_counter,rdma_vf_rail2,rx_write_requests,4.43005e+08
2026-09-30T06:50:10.123Z,gpu-3uwoq-6g3ya-1,ib_hw_counter,rdma_vf_rail2,rx_read_requests,8.03756e+06
2026-09-30T06:50:10.123Z,gpu-3uwoq-6g3ya-1,ib_hw_counter,rdma_vf_rail2,req_cqe_error,0
2026-09-30T06:50:10.123Z,gpu-3uwoq-6g3ya-1,ib_hw_counter,rdma_vf_rail2,resp_cqe_error,0
2026-09-30T06:50:10.123Z,gpu-3uwoq-6g3ya-1,ib_hw_counter,rdma_vf_rail2,implied_nak_seq_err,0
2026-09-30T06:50:10.123Z,gpu-3uwoq-6g3ya-1,ib_hw_counter,rdma_vf_rail2,duplicate_request,0
2026-09-30T06:50:10.123Z,gpu-3uwoq-6g3ya-1,ib_counter,rdma_vf_rail3,port_xmit_data,3.94643e+12
2026-09-30T06:50:10.123Z,gpu-3uwoq-6g3ya-1,ib_counter,rdma_vf_rail3,port_rcv_data,1.97772e+12
2026-09-30T06:50:10.123Z,gpu-3uwoq-6g3ya-1,ib_counter,rdma_vf_rail3,port_xmit_packets,1.06309e+09
2026-09-30T06:50:10.123Z,gpu-3uwoq-6g3ya-1,ib_counter,rdma_vf_rail3,port_rcv_packets,6.85505e+08
2026-09-30T06:50:10.123Z,gpu-3uwoq-6g3ya-1,ib_counter,rdma_vf_rail3,port_xmit_wait,0
2026-09-30T06:50:10.123Z,gpu-3uwoq-6g3ya-1,ib_counter,rdma_vf_rail3,port_rcv_errors,0
2026-09-30T06:50:10.123Z,gpu-3uwoq-6g3ya-1,ib_counter,rdma_vf_rail3,port_xmit_discards,0
2026-09-30T06:50:10.123Z,gpu-3uwoq-6g3ya-1,ib_counter,rdma_vf_rail3,link_downed,0
2026-09-30T06:50:10.123Z,gpu-3uwoq-6g3ya-1,ib_hw_counter,rdma_vf_rail3,out_of_sequence,1
2026-09-30T06:50:10.123Z,gpu-3uwoq-6g3ya-1,ib_hw_counter,rdma_vf_rail3,packet_seq_err,7
2026-09-30T06:50:10.123Z,gpu-3uwoq-6g3ya-1,ib_hw_counter,rdma_vf_rail3,local_ack_timeout_err,0
2026-09-30T06:50:10.123Z,gpu-3uwoq-6g3ya-1,ib_hw_counter,rdma_vf_rail3,rx_write_requests,4.43005e+08
2026-09-30T06:50:10.123Z,gpu-3uwoq-6g3ya-1,ib_hw_counter,rdma_vf_rail3,rx_read_requests,8.03756e+06
2026-09-30T06:50:10.123Z,gpu-3uwoq-6g3ya-1,ib_hw_counter,rdma_vf_rail3,req_cqe_error,0
2026-09-30T06:50:10.123Z,gpu-3uwoq-6g3ya-1,ib_hw_counter,rdma_vf_rail3,resp_cqe_error,0
2026-09-30T06:50:10.123Z,gpu-3uwoq-6g3ya-1,ib_hw_counter,rdma_vf_rail3,implied_nak_seq_err,0
2026-09-30T06:50:10.123Z,gpu-3uwoq-6g3ya-1,ib_hw_counter,rdma_vf_rail3,duplicate_request,0
2026-09-30T06:50:10.123Z,gpu-3uwoq-6g3ya-1,dcgm,gpu2,gpu_util,0
2026-09-30T06:50:10.123Z,gpu-3uwoq-6g3ya-1,dcgm,gpu3,gpu_util,0
2026-09-30T06:50:10.123Z,gpu-3uwoq-6g3ya-1,dcgm,gpu0,gpu_util,0
2026-09-30T06:50:10.123Z,gpu-3uwoq-6g3ya-1,dcgm,gpu1,gpu_util,0
2026-09-30T06:50:10.123Z,gpu-3uwoq-6g3ya-1,dcgm,gpu2,nvlink_bandwidth_total,0
2026-09-30T06:50:10.123Z,gpu-3uwoq-6g3ya-1,dcgm,gpu3,nvlink_bandwidth_total,0
2026-09-30T06:50:10.123Z,gpu-3uwoq-6g3ya-1,dcgm,gpu0,nvlink_bandwidth_total,0
2026-09-30T06:50:10.123Z,gpu-3uwoq-6g3ya-1,dcgm,gpu1,nvlink_bandwidth_total,0
2026-09-30T06:50:10.123Z,gpu-3uwoq-6g3ya-1,dcgm,gpu2,power_w,222.82
2026-09-30T06:50:10.123Z,gpu-3uwoq-6g3ya-1,dcgm,gpu3,power_w,227.185
2026-09-30T06:50:10.123Z,gpu-3uwoq-6g3ya-1,dcgm,gpu0,power_w,230.166
2026-09-30T06:50:10.123Z,gpu-3uwoq-6g3ya-1,dcgm,gpu1,power_w,227.791
2026-09-30T06:50:10.123Z,gpu-3uwoq-6g3ya-1,dcgm,gpu2,sm_clock_mhz,2070
2026-09-30T06:50:10.123Z,gpu-3uwoq-6g3ya-1,dcgm,gpu3,sm_clock_mhz,2070
2026-09-30T06:50:10.123Z,gpu-3uwoq-6g3ya-1,dcgm,gpu0,sm_clock_mhz,2070
2026-09-30T06:50:10.123Z,gpu-3uwoq-6g3ya-1,dcgm,gpu1,sm_clock_mhz,2070
2026-09-30T06:50:10.123Z,gpu-3uwoq-6g3ya-1,dcgm,gpu2,dram_active,0
2026-09-30T06:50:10.123Z,gpu-3uwoq-6g3ya-1,dcgm,gpu3,dram_active,0
2026-09-30T06:50:10.123Z,gpu-3uwoq-6g3ya-1,dcgm,gpu0,dram_active,0
2026-09-30T06:50:10.123Z,gpu-3uwoq-6g3ya-1,dcgm,gpu1,dram_active,1e-06
2026-09-30T06:50:10.123Z,gpu-3uwoq-6g3ya-1,dcgm,gpu2,pcie_rx_bytes,177550
2026-09-30T06:50:10.123Z,gpu-3uwoq-6g3ya-1,dcgm,gpu3,pcie_rx_bytes,102208
2026-09-30T06:50:10.123Z,gpu-3uwoq-6g3ya-1,dcgm,gpu0,pcie_rx_bytes,204835
2026-09-30T06:50:10.123Z,gpu-3uwoq-6g3ya-1,dcgm,gpu1,pcie_rx_bytes,290645
2026-09-30T06:50:10.123Z,gpu-3uwoq-6g3ya-1,dcgm,gpu2,pcie_tx_bytes,167626
2026-09-30T06:50:10.123Z,gpu-3uwoq-6g3ya-1,dcgm,gpu3,pcie_tx_bytes,93582
2026-09-30T06:50:10.123Z,gpu-3uwoq-6g3ya-1,dcgm,gpu0,pcie_tx_bytes,195403
2026-09-30T06:50:10.123Z,gpu-3uwoq-6g3ya-1,dcgm,gpu1,pcie_tx_bytes,268431
2026-09-30T06:50:10.123Z,gpu-3uwoq-6g3ya-1,dcgm,gpu2,tensor_active,0
2026-09-30T06:50:10.123Z,gpu-3uwoq-6g3ya-1,dcgm,gpu3,tensor_active,0
2026-09-30T06:50:10.123Z,gpu-3uwoq-6g3ya-1,dcgm,gpu0,tensor_active,0
2026-09-30T06:50:10.123Z,gpu-3uwoq-6g3ya-1,dcgm,gpu1,tensor_active,0
2026-09-30T06:50:10.123Z,gpu-3uwoq-6g3ya-1,dcgm,gpu2,sm_active,0
2026-09-30T06:50:10.123Z,gpu-3uwoq-6g3ya-1,dcgm,gpu3,sm_active,0
2026-09-30T06:50:10.123Z,gpu-3uwoq-6g3ya-1,dcgm,gpu0,sm_active,0
2026-09-30T06:50:10.123Z,gpu-3uwoq-6g3ya-1,dcgm,gpu1,sm_active,0
2026-09-30T06:50:10.123Z,gpu-3uwoq-6g3ya-1,nvlink,gpu0,nvlink_rx_bytes,1.03783e+13
2026-09-30T06:50:10.123Z,gpu-3uwoq-6g3ya-1,nvlink,gpu0,nvlink_tx_bytes,1.03828e+13
2026-09-30T06:50:10.123Z,gpu-3uwoq-6g3ya-1,nvlink,gpu1,nvlink_rx_bytes,1.05327e+13
2026-09-30T06:50:10.123Z,gpu-3uwoq-6g3ya-1,nvlink,gpu1,nvlink_tx_bytes,1.05357e+13
2026-09-30T06:50:10.123Z,gpu-3uwoq-6g3ya-1,nvlink,gpu2,nvlink_rx_bytes,1.04008e+13
2026-09-30T06:50:10.123Z,gpu-3uwoq-6g3ya-1,nvlink,gpu2,nvlink_tx_bytes,1.04047e+13
2026-09-30T06:50:10.123Z,gpu-3uwoq-6g3ya-1,nvlink,gpu3,nvlink_rx_bytes,1.03502e+13
2026-09-30T06:50:10.123Z,gpu-3uwoq-6g3ya-1,nvlink,gpu3,nvlink_tx_bytes,1.03535e+13
2026-09-30T06:50:11.123Z,gpu-3uwoq-6g3ya-1,ib_counter,rdma_vf_rail0,port_xmit_data,4.08122e+12
2026-09-30T06:50:11.123Z,gpu-3uwoq-6g3ya-1,ib_counter,rdma_vf_rail0,port_rcv_data,2.11385e+12
2026-09-30T06:50:11.123Z,gpu-3uwoq-6g3ya-1,ib_counter,rdma_vf_rail0,port_xmit_packets,1.10305e+09
2026-09-30T06:50:11.123Z,gpu-3uwoq-6g3ya-1,ib_counter,rdma_vf_rail0,port_rcv_packets,7.38804e+08
2026-09-30T06:50:11.123Z,gpu-3uwoq-6g3ya-1,ib_counter,rdma_vf_rail0,port_xmit_wait,0
2026-09-30T06:50:11.123Z,gpu-3uwoq-6g3ya-1,ib_counter,rdma_vf_rail0,port_rcv_errors,0
2026-09-30T06:50:11.123Z,gpu-3uwoq-6g3ya-1,ib_counter,rdma_vf_rail0,port_xmit_discards,0
2026-09-30T06:50:11.123Z,gpu-3uwoq-6g3ya-1,ib_counter,rdma_vf_rail0,link_downed,0
2026-09-30T06:50:11.123Z,gpu-3uwoq-6g3ya-1,ib_hw_counter,rdma_vf_rail0,out_of_sequence,0
2026-09-30T06:50:11.123Z,gpu-3uwoq-6g3ya-1,ib_hw_counter,rdma_vf_rail0,packet_seq_err,8
2026-09-30T06:50:11.123Z,gpu-3uwoq-6g3ya-1,ib_hw_counter,rdma_vf_rail0,local_ack_timeout_err,0
2026-09-30T06:50:11.123Z,gpu-3uwoq-6g3ya-1,ib_hw_counter,rdma_vf_rail0,rx_write_requests,4.4503e+08
2026-09-30T06:50:11.123Z,gpu-3uwoq-6g3ya-1,ib_hw_counter,rdma_vf_rail0,rx_read_requests,9.0462e+06
2026-09-30T06:50:11.123Z,gpu-3uwoq-6g3ya-1,ib_hw_counter,rdma_vf_rail0,req_cqe_error,0
2026-09-30T06:50:11.123Z,gpu-3uwoq-6g3ya-1,ib_hw_counter,rdma_vf_rail0,resp_cqe_error,0
2026-09-30T06:50:11.123Z,gpu-3uwoq-6g3ya-1,ib_hw_counter,rdma_vf_rail0,implied_nak_seq_err,0
2026-09-30T06:50:11.123Z,gpu-3uwoq-6g3ya-1,ib_hw_counter,rdma_vf_rail0,duplicate_request,0
2026-09-30T06:50:11.123Z,gpu-3uwoq-6g3ya-1,ib_counter,rdma_vf_rail1,port_xmit_data,3.97368e+12
2026-09-30T06:50:11.123Z,gpu-3uwoq-6g3ya-1,ib_counter,rdma_vf_rail1,port_rcv_data,2.00573e+12
2026-09-30T06:50:11.123Z,gpu-3uwoq-6g3ya-1,ib_counter,rdma_vf_rail1,port_xmit_packets,1.07687e+09
2026-09-30T06:50:11.123Z,gpu-3uwoq-6g3ya-1,ib_counter,rdma_vf_rail1,port_rcv_packets,7.07728e+08
2026-09-30T06:50:11.123Z,gpu-3uwoq-6g3ya-1,ib_counter,rdma_vf_rail1,port_xmit_wait,0
2026-09-30T06:50:11.123Z,gpu-3uwoq-6g3ya-1,ib_counter,rdma_vf_rail1,port_rcv_errors,0
2026-09-30T06:50:11.123Z,gpu-3uwoq-6g3ya-1,ib_counter,rdma_vf_rail1,port_xmit_discards,0
2026-09-30T06:50:11.123Z,gpu-3uwoq-6g3ya-1,ib_counter,rdma_vf_rail1,link_downed,0
2026-09-30T06:50:11.123Z,gpu-3uwoq-6g3ya-1,ib_hw_counter,rdma_vf_rail1,out_of_sequence,0
2026-09-30T06:50:11.123Z,gpu-3uwoq-6g3ya-1,ib_hw_counter,rdma_vf_rail1,packet_seq_err,8
2026-09-30T06:50:11.123Z,gpu-3uwoq-6g3ya-1,ib_hw_counter,rdma_vf_rail1,local_ack_timeout_err,0
2026-09-30T06:50:11.123Z,gpu-3uwoq-6g3ya-1,ib_hw_counter,rdma_vf_rail1,rx_write_requests,4.43433e+08
2026-09-30T06:50:11.123Z,gpu-3uwoq-6g3ya-1,ib_hw_counter,rdma_vf_rail1,rx_read_requests,8.24518e+06
2026-09-30T06:50:11.123Z,gpu-3uwoq-6g3ya-1,ib_hw_counter,rdma_vf_rail1,req_cqe_error,0
2026-09-30T06:50:11.123Z,gpu-3uwoq-6g3ya-1,ib_hw_counter,rdma_vf_rail1,resp_cqe_error,0
2026-09-30T06:50:11.123Z,gpu-3uwoq-6g3ya-1,ib_hw_counter,rdma_vf_rail1,implied_nak_seq_err,0
2026-09-30T06:50:11.123Z,gpu-3uwoq-6g3ya-1,ib_hw_counter,rdma_vf_rail1,duplicate_request,0
2026-09-30T06:50:11.123Z,gpu-3uwoq-6g3ya-1,ib_counter,rdma_vf_rail2,port_xmit_data,3.94617e+12
2026-09-30T06:50:11.123Z,gpu-3uwoq-6g3ya-1,ib_counter,rdma_vf_rail2,port_rcv_data,1.97796e+12
2026-09-30T06:50:11.123Z,gpu-3uwoq-6g3ya-1,ib_counter,rdma_vf_rail2,port_xmit_packets,1.06232e+09
2026-09-30T06:50:11.123Z,gpu-3uwoq-6g3ya-1,ib_counter,rdma_vf_rail2,port_rcv_packets,6.88687e+08
2026-09-30T06:50:11.123Z,gpu-3uwoq-6g3ya-1,ib_counter,rdma_vf_rail2,port_xmit_wait,0
2026-09-30T06:50:11.123Z,gpu-3uwoq-6g3ya-1,ib_counter,rdma_vf_rail2,port_rcv_errors,0
2026-09-30T06:50:11.123Z,gpu-3uwoq-6g3ya-1,ib_counter,rdma_vf_rail2,port_xmit_discards,0
2026-09-30T06:50:11.123Z,gpu-3uwoq-6g3ya-1,ib_counter,rdma_vf_rail2,link_downed,0
2026-09-30T06:50:11.123Z,gpu-3uwoq-6g3ya-1,ib_hw_counter,rdma_vf_rail2,out_of_sequence,0
2026-09-30T06:50:11.123Z,gpu-3uwoq-6g3ya-1,ib_hw_counter,rdma_vf_rail2,packet_seq_err,7
2026-09-30T06:50:11.123Z,gpu-3uwoq-6g3ya-1,ib_hw_counter,rdma_vf_rail2,local_ack_timeout_err,0
2026-09-30T06:50:11.123Z,gpu-3uwoq-6g3ya-1,ib_hw_counter,rdma_vf_rail2,rx_write_requests,4.43005e+08
2026-09-30T06:50:11.123Z,gpu-3uwoq-6g3ya-1,ib_hw_counter,rdma_vf_rail2,rx_read_requests,8.03756e+06
2026-09-30T06:50:11.123Z,gpu-3uwoq-6g3ya-1,ib_hw_counter,rdma_vf_rail2,req_cqe_error,0
2026-09-30T06:50:11.123Z,gpu-3uwoq-6g3ya-1,ib_hw_counter,rdma_vf_rail2,resp_cqe_error,0
2026-09-30T06:50:11.123Z,gpu-3uwoq-6g3ya-1,ib_hw_counter,rdma_vf_rail2,implied_nak_seq_err,0
2026-09-30T06:50:11.123Z,gpu-3uwoq-6g3ya-1,ib_hw_counter,rdma_vf_rail2,duplicate_request,0
2026-09-30T06:50:11.123Z,gpu-3uwoq-6g3ya-1,ib_counter,rdma_vf_rail3,port_xmit_data,3.94643e+12
2026-09-30T06:50:11.123Z,gpu-3uwoq-6g3ya-1,ib_counter,rdma_vf_rail3,port_rcv_data,1.97772e+12
2026-09-30T06:50:11.123Z,gpu-3uwoq-6g3ya-1,ib_counter,rdma_vf_rail3,port_xmit_packets,1.06309e+09
2026-09-30T06:50:11.123Z,gpu-3uwoq-6g3ya-1,ib_counter,rdma_vf_rail3,port_rcv_packets,6.85505e+08
2026-09-30T06:50:11.123Z,gpu-3uwoq-6g3ya-1,ib_counter,rdma_vf_rail3,port_xmit_wait,0
2026-09-30T06:50:11.123Z,gpu-3uwoq-6g3ya-1,ib_counter,rdma_vf_rail3,port_rcv_errors,0
2026-09-30T06:50:11.123Z,gpu-3uwoq-6g3ya-1,ib_counter,rdma_vf_rail3,port_xmit_discards,0
2026-09-30T06:50:11.123Z,gpu-3uwoq-6g3ya-1,ib_counter,rdma_vf_rail3,link_downed,0
2026-09-30T06:50:11.123Z,gpu-3uwoq-6g3ya-1,ib_hw_counter,rdma_vf_rail3,out_of_sequence,1
2026-09-30T06:50:11.123Z,gpu-3uwoq-6g3ya-1,ib_hw_counter,rdma_vf_rail3,packet_seq_err,7
2026-09-30T06:50:11.123Z,gpu-3uwoq-6g3ya-1,ib_hw_counter,rdma_vf_rail3,local_ack_timeout_err,0
2026-09-30T06:50:11.123Z,gpu-3uwoq-6g3ya-1,ib_hw_counter,rdma_vf_rail3,rx_write_requests,4.43005e+08
2026-09-30T06:50:11.123Z,gpu-3uwoq-6g3ya-1,ib_hw_counter,rdma_vf_rail3,rx_read_requests,8.03756e+06
2026-09-30T06:50:11.123Z,gpu-3uwoq-6g3ya-1,ib_hw_counter,rdma_vf_rail3,req_cqe_error,0
2026-09-30T06:50:11.123Z,gpu-3uwoq-6g3ya-1,ib_hw_counter,rdma_vf_rail3,resp_cqe_error,0
2026-09-30T06:50:11.123Z,gpu-3uwoq-6g3ya-1,ib_hw_counter,rdma_vf_rail3,implied_nak_seq_err,0
2026-09-30T06:50:11.123Z,gpu-3uwoq-6g3ya-1,ib_hw_counter,rdma_vf_rail3,duplicate_request,0
2026-09-30T06:50:11.123Z,gpu-3uwoq-6g3ya-1,dcgm,gpu2,gpu_util,0
2026-09-30T06:50:11.123Z,gpu-3uwoq-6g3ya-1,dcgm,gpu3,gpu_util,0
2026-09-30T06:50:11.123Z,gpu-3uwoq-6g3ya-1,dcgm,gpu0,gpu_util,0
2026-09-30T06:50:11.123Z,gpu-3uwoq-6g3ya-1,dcgm,gpu1,gpu_util,0
2026-09-30T06:50:11.123Z,gpu-3uwoq-6g3ya-1,dcgm,gpu2,nvlink_bandwidth_total,0
2026-09-30T06:50:11.123Z,gpu-3uwoq-6g3ya-1,dcgm,gpu3,nvlink_bandwidth_total,0
2026-09-30T06:50:11.123Z,gpu-3uwoq-6g3ya-1,dcgm,gpu0,nvlink_bandwidth_total,0
2026-09-30T06:50:11.123Z,gpu-3uwoq-6g3ya-1,dcgm,gpu1,nvlink_bandwidth_total,0
2026-09-30T06:50:11.123Z,gpu-3uwoq-6g3ya-1,dcgm,gpu2,power_w,222.82
2026-09-30T06:50:11.123Z,gpu-3uwoq-6g3ya-1,dcgm,gpu3,power_w,227.185
2026-09-30T06:50:11.123Z,gpu-3uwoq-6g3ya-1,dcgm,gpu0,power_w,230.166
2026-09-30T06:50:11.123Z,gpu-3uwoq-6g3ya-1,dcgm,gpu1,power_w,227.791
2026-09-30T06:50:11.123Z,gpu-3uwoq-6g3ya-1,dcgm,gpu2,sm_clock_mhz,2070
2026-09-30T06:50:11.123Z,gpu-3uwoq-6g3ya-1,dcgm,gpu3,sm_clock_mhz,2070
2026-09-30T06:50:11.123Z,gpu-3uwoq-6g3ya-1,dcgm,gpu0,sm_clock_mhz,2070
2026-09-30T06:50:11.123Z,gpu-3uwoq-6g3ya-1,dcgm,gpu1,sm_clock_mhz,2070
2026-09-30T06:50:11.123Z,gpu-3uwoq-6g3ya-1,dcgm,gpu2,dram_active,0
2026-09-30T06:50:11.123Z,gpu-3uwoq-6g3ya-1,dcgm,gpu3,dram_active,0
2026-09-30T06:50:11.123Z,gpu-3uwoq-6g3ya-1,dcgm,gpu0,dram_active,0
2026-09-30T06:50:11.123Z,gpu-3uwoq-6g3ya-1,dcgm,gpu1,dram_active,1e-06
2026-09-30T06:50:11.123Z,gpu-3uwoq-6g3ya-1,dcgm,gpu2,pcie_rx_bytes,177550
2026-09-30T06:50:11.123Z,gpu-3uwoq-6g3ya-1,dcgm,gpu3,pcie_rx_bytes,102208
2026-09-30T06:50:11.123Z,gpu-3uwoq-6g3ya-1,dcgm,gpu0,pcie_rx_bytes,204835
2026-09-30T06:50:11.123Z,gpu-3uwoq-6g3ya-1,dcgm,gpu1,pcie_rx_bytes,290645
2026-09-30T06:50:11.123Z,gpu-3uwoq-6g3ya-1,dcgm,gpu2,pcie_tx_bytes,167626
2026-09-30T06:50:11.123Z,gpu-3uwoq-6g3ya-1,dcgm,gpu3,pcie_tx_bytes,93582
2026-09-30T06:50:11.123Z,gpu-3uwoq-6g3ya-1,dcgm,gpu0,pcie_tx_bytes,195403
2026-09-30T06:50:11.123Z,gpu-3uwoq-6g3ya-1,dcgm,gpu1,pcie_tx_bytes,268431
2026-09-30T06:50:11.123Z,gpu-3uwoq-6g3ya-1,dcgm,gpu2,tensor_active,0
2026-09-30T06:50:11.123Z,gpu-3uwoq-6g3ya-1,dcgm,gpu3,tensor_active,0
2026-09-30T06:50:11.123Z,gpu-3uwoq-6g3ya-1,dcgm,gpu0,tensor_active,0
2026-09-30T06:50:11.123Z,gpu-3uwoq-6g3ya-1,dcgm,gpu1,tensor_active,0
2026-09-30T06:50:11.123Z,gpu-3uwoq-6g3ya-1,dcgm,gpu2,sm_active,0
2026-09-30T06:50:11.123Z,gpu-3uwoq-6g3ya-1,dcgm,gpu3,sm_active,0
2026-09-30T06:50:11.123Z,gpu-3uwoq-6g3ya-1,dcgm,gpu0,sm_active,0
2026-09-30T06:50:11.123Z,gpu-3uwoq-6g3ya-1,dcgm,gpu1,sm_active,0
2026-09-30T06:50:11.123Z,gpu-3uwoq-6g3ya-1,nvlink,gpu0,nvlink_rx_bytes,1.03783e+13
2026-09-30T06:50:11.123Z,gpu-3uwoq-6g3ya-1,nvlink,gpu0,nvlink_tx_bytes,1.03828e+13
2026-09-30T06:50:11.123Z,gpu-3uwoq-6g3ya-1,nvlink,gpu1,nvlink_rx_bytes,1.05327e+13
2026-09-30T06:50:11.123Z,gpu-3uwoq-6g3ya-1,nvlink,gpu1,nvlink_tx_bytes,1.05357e+13
2026-09-30T06:50:11.123Z,gpu-3uwoq-6g3ya-1,nvlink,gpu2,nvlink_rx_bytes,1.04008e+13
2026-09-30T06:50:11.123Z,gpu-3uwoq-6g3ya-1,nvlink,gpu2,nvlink_tx_bytes,1.04047e+13
2026-09-30T06:50:11.123Z,gpu-3uwoq-6g3ya-1,nvlink,gpu3,nvlink_rx_bytes,1.03502e+13
2026-09-30T06:50:11.123Z,gpu-3uwoq-6g3ya-1,nvlink,gpu3,nvlink_tx_bytes,1.03535e+13
2026-09-30T06:50:12.123Z,gpu-3uwoq-6g3ya-1,ib_counter,rdma_vf_rail0,port_xmit_data,4.08122e+12
2026-09-30T06:50:12.123Z,gpu-3uwoq-6g3ya-1,ib_counter,rdma_vf_rail0,port_rcv_data,2.11385e+12
2026-09-30T06:50:12.123Z,gpu-3uwoq-6g3ya-1,ib_counter,rdma_vf_rail0,port_xmit_packets,1.10305e+09
2026-09-30T06:50:12.123Z,gpu-3uwoq-6g3ya-1,ib_counter,rdma_vf_rail0,port_rcv_packets,7.38804e+08
2026-09-30T06:50:12.123Z,gpu-3uwoq-6g3ya-1,ib_counter,rdma_vf_rail0,port_xmit_wait,0
2026-09-30T06:50:12.123Z,gpu-3uwoq-6g3ya-1,ib_counter,rdma_vf_rail0,port_rcv_errors,0
2026-09-30T06:50:12.123Z,gpu-3uwoq-6g3ya-1,ib_counter,rdma_vf_rail0,port_xmit_discards,0
2026-09-30T06:50:12.123Z,gpu-3uwoq-6g3ya-1,ib_counter,rdma_vf_rail0,link_downed,0
2026-09-30T06:50:12.123Z,gpu-3uwoq-6g3ya-1,ib_hw_counter,rdma_vf_rail0,out_of_sequence,0
2026-09-30T06:50:12.123Z,gpu-3uwoq-6g3ya-1,ib_hw_counter,rdma_vf_rail0,packet_seq_err,8
2026-09-30T06:50:12.123Z,gpu-3uwoq-6g3ya-1,ib_hw_counter,rdma_vf_rail0,local_ack_timeout_err,0
2026-09-30T06:50:12.123Z,gpu-3uwoq-6g3ya-1,ib_hw_counter,rdma_vf_rail0,rx_write_requests,4.4503e+08
2026-09-30T06:50:12.123Z,gpu-3uwoq-6g3ya-1,ib_hw_counter,rdma_vf_rail0,rx_read_requests,9.0462e+06
2026-09-30T06:50:12.123Z,gpu-3uwoq-6g3ya-1,ib_hw_counter,rdma_vf_rail0,req_cqe_error,0
2026-09-30T06:50:12.123Z,gpu-3uwoq-6g3ya-1,ib_hw_counter,rdma_vf_rail0,resp_cqe_error,0
2026-09-30T06:50:12.123Z,gpu-3uwoq-6g3ya-1,ib_hw_counter,rdma_vf_rail0,implied_nak_seq_err,0
2026-09-30T06:50:12.123Z,gpu-3uwoq-6g3ya-1,ib_hw_counter,rdma_vf_rail0,duplicate_request,0
2026-09-30T06:50:12.123Z,gpu-3uwoq-6g3ya-1,ib_counter,rdma_vf_rail1,port_xmit_data,3.97368e+12
2026-09-30T06:50:12.123Z,gpu-3uwoq-6g3ya-1,ib_counter,rdma_vf_rail1,port_rcv_data,2.00573e+12
2026-09-30T06:50:12.123Z,gpu-3uwoq-6g3ya-1,ib_counter,rdma_vf_rail1,port_xmit_packets,1.07687e+09
2026-09-30T06:50:12.123Z,gpu-3uwoq-6g3ya-1,ib_counter,rdma_vf_rail1,port_rcv_packets,7.07728e+08
2026-09-30T06:50:12.123Z,gpu-3uwoq-6g3ya-1,ib_counter,rdma_vf_rail1,port_xmit_wait,0
2026-09-30T06:50:12.123Z,gpu-3uwoq-6g3ya-1,ib_counter,rdma_vf_rail1,port_rcv_errors,0
2026-09-30T06:50:12.123Z,gpu-3uwoq-6g3ya-1,ib_counter,rdma_vf_rail1,port_xmit_discards,0
2026-09-30T06:50:12.123Z,gpu-3uwoq-6g3ya-1,ib_counter,rdma_vf_rail1,link_downed,0
2026-09-30T06:50:12.123Z,gpu-3uwoq-6g3ya-1,ib_hw_counter,rdma_vf_rail1,out_of_sequence,0
2026-09-30T06:50:12.123Z,gpu-3uwoq-6g3ya-1,ib_hw_counter,rdma_vf_rail1,packet_seq_err,8
2026-09-30T06:50:12.123Z,gpu-3uwoq-6g3ya-1,ib_hw_counter,rdma_vf_rail1,local_ack_timeout_err,0
2026-09-30T06:50:12.123Z,gpu-3uwoq-6g3ya-1,ib_hw_counter,rdma_vf_rail1,rx_write_requests,4.43433e+08
2026-09-30T06:50:12.123Z,gpu-3uwoq-6g3ya-1,ib_hw_counter,rdma_vf_rail1,rx_read_requests,8.24518e+06
2026-09-30T06:50:12.123Z,gpu-3uwoq-6g3ya-1,ib_hw_counter,rdma_vf_rail1,req_cqe_error,0
2026-09-30T06:50:12.123Z,gpu-3uwoq-6g3ya-1,ib_hw_counter,rdma_vf_rail1,resp_cqe_error,0
2026-09-30T06:50:12.123Z,gpu-3uwoq-6g3ya-1,ib_hw_counter,rdma_vf_rail1,implied_nak_seq_err,0
2026-09-30T06:50:12.123Z,gpu-3uwoq-6g3ya-1,ib_hw_counter,rdma_vf_rail1,duplicate_request,0
2026-09-30T06:50:12.123Z,gpu-3uwoq-6g3ya-1,ib_counter,rdma_vf_rail2,port_xmit_data,3.94617e+12
2026-09-30T06:50:12.123Z,gpu-3uwoq-6g3ya-1,ib_counter,rdma_vf_rail2,port_rcv_data,1.97796e+12
2026-09-30T06:50:12.123Z,gpu-3uwoq-6g3ya-1,ib_counter,rdma_vf_rail2,port_xmit_packets,1.06232e+09
2026-09-30T06:50:12.123Z,gpu-3uwoq-6g3ya-1,ib_counter,rdma_vf_rail2,port_rcv_packets,6.88687e+08
2026-09-30T06:50:12.123Z,gpu-3uwoq-6g3ya-1,ib_counter,rdma_vf_rail2,port_xmit_wait,0
2026-09-30T06:50:12.123Z,gpu-3uwoq-6g3ya-1,ib_counter,rdma_vf_rail2,port_rcv_errors,0
2026-09-30T06:50:12.123Z,gpu-3uwoq-6g3ya-1,ib_counter,rdma_vf_rail2,port_xmit_discards,0
2026-09-30T06:50:12.123Z,gpu-3uwoq-6g3ya-1,ib_counter,rdma_vf_rail2,link_downed,0
2026-09-30T06:50:12.123Z,gpu-3uwoq-6g3ya-1,ib_hw_counter,rdma_vf_rail2,out_of_sequence,0
2026-09-30T06:50:12.123Z,gpu-3uwoq-6g3ya-1,ib_hw_counter,rdma_vf_rail2,packet_seq_err,7
2026-09-30T06:50:12.123Z,gpu-3uwoq-6g3ya-1,ib_hw_counter,rdma_vf_rail2,local_ack_timeout_err,0
2026-09-30T06:50:12.123Z,gpu-3uwoq-6g3ya-1,ib_hw_counter,rdma_vf_rail2,rx_write_requests,4.43005e+08
2026-09-30T06:50:12.123Z,gpu-3uwoq-6g3ya-1,ib_hw_counter,rdma_vf_rail2,rx_read_requests,8.03756e+06
2026-09-30T06:50:12.123Z,gpu-3uwoq-6g3ya-1,ib_hw_counter,rdma_vf_rail2,req_cqe_error,0
2026-09-30T06:50:12.123Z,gpu-3uwoq-6g3ya-1,ib_hw_counter,rdma_vf_rail2,resp_cqe_error,0
2026-09-30T06:50:12.123Z,gpu-3uwoq-6g3ya-1,ib_hw_counter,rdma_vf_rail2,implied_nak_seq_err,0
2026-09-30T06:50:12.123Z,gpu-3uwoq-6g3ya-1,ib_hw_counter,rdma_vf_rail2,duplicate_request,0
2026-09-30T06:50:12.123Z,gpu-3uwoq-6g3ya-1,ib_counter,rdma_vf_rail3,port_xmit_data,3.94643e+12
2026-09-30T06:50:12.123Z,gpu-3uwoq-6g3ya-1,ib_counter,rdma_vf_rail3,port_rcv_data,1.97772e+12
2026-09-30T06:50:12.123Z,gpu-3uwoq-6g3ya-1,ib_counter,rdma_vf_rail3,port_xmit_packets,1.06309e+09
2026-09-30T06:50:12.123Z,gpu-3uwoq-6g3ya-1,ib_counter,rdma_vf_rail3,port_rcv_packets,6.85505e+08
2026-09-30T06:50:12.123Z,gpu-3uwoq-6g3ya-1,ib_counter,rdma_vf_rail3,port_xmit_wait,0
2026-09-30T06:50:12.123Z,gpu-3uwoq-6g3ya-1,ib_counter,rdma_vf_rail3,port_rcv_errors,0
2026-09-30T06:50:12.123Z,gpu-3uwoq-6g3ya-1,ib_counter,rdma_vf_rail3,port_xmit_discards,0
2026-09-30T06:50:12.123Z,gpu-3uwoq-6g3ya-1,ib_counter,rdma_vf_rail3,link_downed,0
2026-09-30T06:50:12.123Z,gpu-3uwoq-6g3ya-1,ib_hw_counter,rdma_vf_rail3,out_of_sequence,1
2026-09-30T06:50:12.123Z,gpu-3uwoq-6g3ya-1,ib_hw_counter,rdma_vf_rail3,packet_seq_err,7
2026-09-30T06:50:12.123Z,gpu-3uwoq-6g3ya-1,ib_hw_counter,rdma_vf_rail3,local_ack_timeout_err,0
2026-09-30T06:50:12.123Z,gpu-3uwoq-6g3ya-1,ib_hw_counter,rdma_vf_rail3,rx_write_requests,4.43005e+08
2026-09-30T06:50:12.123Z,gpu-3uwoq-6g3ya-1,ib_hw_counter,rdma_vf_rail3,rx_read_requests,8.03756e+06
2026-09-30T06:50:12.123Z,gpu-3uwoq-6g3ya-1,ib_hw_counter,rdma_vf_rail3,req_cqe_error,0
2026-09-30T06:50:12.123Z,gpu-3uwoq-6g3ya-1,ib_hw_counter,rdma_vf_rail3,resp_cqe_error,0
2026-09-30T06:50:12.123Z,gpu-3uwoq-6g3ya-1,ib_hw_counter,rdma_vf_rail3,implied_nak_seq_err,0
2026-09-30T06:50:12.123Z,gpu-3uwoq-6g3ya-1,ib_hw_counter,rdma_vf_rail3,duplicate_request,0
2026-09-30T06:50:12.123Z,gpu-3uwoq-6g3ya-1,dcgm,gpu2,gpu_util,0
2026-09-30T06:50:12.123Z,gpu-3uwoq-6g3ya-1,dcgm,gpu3,gpu_util,0
2026-09-30T06:50:12.123Z,gpu-3uwoq-6g3ya-1,dcgm,gpu0,gpu_util,0
2026-09-30T06:50:12.123Z,gpu-3uwoq-6g3ya-1,dcgm,gpu1,gpu_util,0
2026-09-30T06:50:12.123Z,gpu-3uwoq-6g3ya-1,dcgm,gpu2,nvlink_bandwidth_total,0
2026-09-30T06:50:12.123Z,gpu-3uwoq-6g3ya-1,dcgm,gpu3,nvlink_bandwidth_total,0
2026-09-30T06:50:12.123Z,gpu-3uwoq-6g3ya-1,dcgm,gpu0,nvlink_bandwidth_total,0
2026-09-30T06:50:12.123Z,gpu-3uwoq-6g3ya-1,dcgm,gpu1,nvlink_bandwidth_total,0
2026-09-30T06:50:12.123Z,gpu-3uwoq-6g3ya-1,dcgm,gpu2,power_w,222.82
2026-09-30T06:50:12.123Z,gpu-3uwoq-6g3ya-1,dcgm,gpu3,power_w,227.185
2026-09-30T06:50:12.123Z,gpu-3uwoq-6g3ya-1,dcgm,gpu0,power_w,230.166
2026-09-30T06:50:12.123Z,gpu-3uwoq-6g3ya-1,dcgm,gpu1,power_w,227.791
2026-09-30T06:50:12.123Z,gpu-3uwoq-6g3ya-1,dcgm,gpu2,sm_clock_mhz,2070
2026-09-30T06:50:12.123Z,gpu-3uwoq-6g3ya-1,dcgm,gpu3,sm_clock_mhz,2070
2026-09-30T06:50:12.123Z,gpu-3uwoq-6g3ya-1,dcgm,gpu0,sm_clock_mhz,2070
2026-09-30T06:50:12.123Z,gpu-3uwoq-6g3ya-1,dcgm,gpu1,sm_clock_mhz,2070
2026-09-30T06:50:12.123Z,gpu-3uwoq-6g3ya-1,dcgm,gpu2,dram_active,0
2026-09-30T06:50:12.123Z,gpu-3uwoq-6g3ya-1,dcgm,gpu3,dram_active,0
2026-09-30T06:50:12.123Z,gpu-3uwoq-6g3ya-1,dcgm,gpu0,dram_active,0
2026-09-30T06:50:12.123Z,gpu-3uwoq-6g3ya-1,dcgm,gpu1,dram_active,1e-06
2026-09-30T06:50:12.123Z,gpu-3uwoq-6g3ya-1,dcgm,gpu2,pcie_rx_bytes,177550
2026-09-30T06:50:12.123Z,gpu-3uwoq-6g3ya-1,dcgm,gpu3,pcie_rx_bytes,102208
2026-09-30T06:50:12.123Z,gpu-3uwoq-6g3ya-1,dcgm,gpu0,pcie_rx_bytes,204835
2026-09-30T06:50:12.123Z,gpu-3uwoq-6g3ya-1,dcgm,gpu1,pcie_rx_bytes,290645
2026-09-30T06:50:12.123Z,gpu-3uwoq-6g3ya-1,dcgm,gpu2,pcie_tx_bytes,167626
2026-09-30T06:50:12.123Z,gpu-3uwoq-6g3ya-1,dcgm,gpu3,pcie_tx_bytes,93582
2026-09-30T06:50:12.123Z,gpu-3uwoq-6g3ya-1,dcgm,gpu0,pcie_tx_bytes,195403
2026-09-30T06:50:12.123Z,gpu-3uwoq-6g3ya-1,dcgm,gpu1,pcie_tx_bytes,268431
2026-09-30T06:50:12.123Z,gpu-3uwoq-6g3ya-1,dcgm,gpu2,tensor_active,0
2026-09-30T06:50:12.123Z,gpu-3uwoq-6g3ya-1,dcgm,gpu3,tensor_active,0
2026-09-30T06:50:12.123Z,gpu-3uwoq-6g3ya-1,dcgm,gpu0,tensor_active,0
2026-09-30T06:50:12.123Z,gpu-3uwoq-6g3ya-1,dcgm,gpu1,tensor_active,0
2026-09-30T06:50:12.123Z,gpu-3uwoq-6g3ya-1,dcgm,gpu2,sm_active,0
2026-09-30T06:50:12.123Z,gpu-3uwoq-6g3ya-1,dcgm,gpu3,sm_active,0
2026-09-30T06:50:12.123Z,gpu-3uwoq-6g3ya-1,dcgm,gpu0,sm_active,0
2026-09-30T06:50:12.123Z,gpu-3uwoq-6g3ya-1,dcgm,gpu1,sm_active,0
2026-09-30T06:50:12.123Z,gpu-3uwoq-6g3ya-1,nvlink,gpu0,nvlink_rx_bytes,1.03783e+13
2026-09-30T06:50:12.123Z,gpu-3uwoq-6g3ya-1,nvlink,gpu0,nvlink_tx_bytes,1.03828e+13
2026-09-30T06:50:12.123Z,gpu-3uwoq-6g3ya-1,nvlink,gpu1,nvlink_rx_bytes,1.05327e+13
2026-09-30T06:50:12.123Z,gpu-3uwoq-6g3ya-1,nvlink,gpu1,nvlink_tx_bytes,1.05357e+13
2026-09-30T06:50:12.123Z,gpu-3uwoq-6g3ya-1,nvlink,gpu2,nvlink_rx_bytes,1.04008e+13
2026-09-30T06:50:12.123Z,gpu-3uwoq-6g3ya-1,nvlink,gpu2,nvlink_tx_bytes,1.04047e+13
2026-09-30T06:50:12.123Z,gpu-3uwoq-6g3ya-1,nvlink,gpu3,nvlink_rx_bytes,1.03502e+13
2026-09-30T06:50:12.123Z,gpu-3uwoq-6g3ya-1,nvlink,gpu3,nvlink_tx_bytes,1.03535e+13
2026-09-30T06:50:13.123Z,gpu-3uwoq-6g3ya-1,ib_counter,rdma_vf_rail0,port_xmit_data,4.08122e+12
2026-09-30T06:50:13.123Z,gpu-3uwoq-6g3ya-1,ib_counter,rdma_vf_rail0,port_rcv_data,2.11385e+12
2026-09-30T06:50:13.123Z,gpu-3uwoq-6g3ya-1,ib_counter,rdma_vf_rail0,port_xmit_packets,1.10305e+09
2026-09-30T06:50:13.123Z,gpu-3uwoq-6g3ya-1,ib_counter,rdma_vf_rail0,port_rcv_packets,7.38804e+08
2026-09-30T06:50:13.123Z,gpu-3uwoq-6g3ya-1,ib_counter,rdma_vf_rail0,port_xmit_wait,0
2026-09-30T06:50:13.123Z,gpu-3uwoq-6g3ya-1,ib_counter,rdma_vf_rail0,port_rcv_errors,0
2026-09-30T06:50:13.123Z,gpu-3uwoq-6g3ya-1,ib_counter,rdma_vf_rail0,port_xmit_discards,0
2026-09-30T06:50:13.123Z,gpu-3uwoq-6g3ya-1,ib_counter,rdma_vf_rail0,link_downed,0
2026-09-30T06:50:13.123Z,gpu-3uwoq-6g3ya-1,ib_hw_counter,rdma_vf_rail0,out_of_sequence,0
2026-09-30T06:50:13.123Z,gpu-3uwoq-6g3ya-1,ib_hw_counter,rdma_vf_rail0,packet_seq_err,8
2026-09-30T06:50:13.123Z,gpu-3uwoq-6g3ya-1,ib_hw_counter,rdma_vf_rail0,local_ack_timeout_err,0
2026-09-30T06:50:13.123Z,gpu-3uwoq-6g3ya-1,ib_hw_counter,rdma_vf_rail0,rx_write_requests,4.4503e+08
2026-09-30T06:50:13.123Z,gpu-3uwoq-6g3ya-1,ib_hw_counter,rdma_vf_rail0,rx_read_requests,9.0462e+06
2026-09-30T06:50:13.123Z,gpu-3uwoq-6g3ya-1,ib_hw_counter,rdma_vf_rail0,req_cqe_error,0
2026-09-30T06:50:13.123Z,gpu-3uwoq-6g3ya-1,ib_hw_counter,rdma_vf_rail0,resp_cqe_error,0
2026-09-30T06:50:13.123Z,gpu-3uwoq-6g3ya-1,ib_hw_counter,rdma_vf_rail0,implied_nak_seq_err,0
2026-09-30T06:50:13.123Z,gpu-3uwoq-6g3ya-1,ib_hw_counter,rdma_vf_rail0,duplicate_request,0
2026-09-30T06:50:13.123Z,gpu-3uwoq-6g3ya-1,ib_counter,rdma_vf_rail1,port_xmit_data,3.97368e+12
2026-09-30T06:50:13.123Z,gpu-3uwoq-6g3ya-1,ib_counter,rdma_vf_rail1,port_rcv_data,2.00573e+12
2026-09-30T06:50:13.123Z,gpu-3uwoq-6g3ya-1,ib_counter,rdma_vf_rail1,port_xmit_packets,1.07687e+09
2026-09-30T06:50:13.123Z,gpu-3uwoq-6g3ya-1,ib_counter,rdma_vf_rail1,port_rcv_packets,7.07728e+08
2026-09-30T06:50:13.123Z,gpu-3uwoq-6g3ya-1,ib_counter,rdma_vf_rail1,port_xmit_wait,0
2026-09-30T06:50:13.123Z,gpu-3uwoq-6g3ya-1,ib_counter,rdma_vf_rail1,port_rcv_errors,0
2026-09-30T06:50:13.123Z,gpu-3uwoq-6g3ya-1,ib_counter,rdma_vf_rail1,port_xmit_discards,0
2026-09-30T06:50:13.123Z,gpu-3uwoq-6g3ya-1,ib_counter,rdma_vf_rail1,link_downed,0
2026-09-30T06:50:13.123Z,gpu-3uwoq-6g3ya-1,ib_hw_counter,rdma_vf_rail1,out_of_sequence,0
2026-09-30T06:50:13.123Z,gpu-3uwoq-6g3ya-1,ib_hw_counter,rdma_vf_rail1,packet_seq_err,8
2026-09-30T06:50:13.123Z,gpu-3uwoq-6g3ya-1,ib_hw_counter,rdma_vf_rail1,local_ack_timeout_err,0
2026-09-30T06:50:13.123Z,gpu-3uwoq-6g3ya-1,ib_hw_counter,rdma_vf_rail1,rx_write_requests,4.43433e+08
2026-09-30T06:50:13.123Z,gpu-3uwoq-6g3ya-1,ib_hw_counter,rdma_vf_rail1,rx_read_requests,8.24518e+06
2026-09-30T06:50:13.123Z,gpu-3uwoq-6g3ya-1,ib_hw_counter,rdma_vf_rail1,req_cqe_error,0
2026-09-30T06:50:13.123Z,gpu-3uwoq-6g3ya-1,ib_hw_counter,rdma_vf_rail1,resp_cqe_error,0
2026-09-30T06:50:13.123Z,gpu-3uwoq-6g3ya-1,ib_hw_counter,rdma_vf_rail1,implied_nak_seq_err,0
2026-09-30T06:50:13.123Z,gpu-3uwoq-6g3ya-1,ib_hw_counter,rdma_vf_rail1,duplicate_request,0
2026-09-30T06:50:13.123Z,gpu-3uwoq-6g3ya-1,ib_counter,rdma_vf_rail2,port_xmit_data,3.94617e+12
2026-09-30T06:50:13.123Z,gpu-3uwoq-6g3ya-1,ib_counter,rdma_vf_rail2,port_rcv_data,1.97796e+12
2026-09-30T06:50:13.123Z,gpu-3uwoq-6g3ya-1,ib_counter,rdma_vf_rail2,port_xmit_packets,1.06232e+09
2026-09-30T06:50:13.123Z,gpu-3uwoq-6g3ya-1,ib_counter,rdma_vf_rail2,port_rcv_packets,6.88687e+08
2026-09-30T06:50:13.123Z,gpu-3uwoq-6g3ya-1,ib_counter,rdma_vf_rail2,port_xmit_wait,0
2026-09-30T06:50:13.123Z,gpu-3uwoq-6g3ya-1,ib_counter,rdma_vf_rail2,port_rcv_errors,0
2026-09-30T06:50:13.123Z,gpu-3uwoq-6g3ya-1,ib_counter,rdma_vf_rail2,port_xmit_discards,0
2026-09-30T06:50:13.123Z,gpu-3uwoq-6g3ya-1,ib_counter,rdma_vf_rail2,link_downed,0
2026-09-30T06:50:13.123Z,gpu-3uwoq-6g3ya-1,ib_hw_counter,rdma_vf_rail2,out_of_sequence,0
2026-09-30T06:50:13.123Z,gpu-3uwoq-6g3ya-1,ib_hw_counter,rdma_vf_rail2,packet_seq_err,7
2026-09-30T06:50:13.123Z,gpu-3uwoq-6g3ya-1,ib_hw_counter,rdma_vf_rail2,local_ack_timeout_err,0
2026-09-30T06:50:13.123Z,gpu-3uwoq-6g3ya-1,ib_hw_counter,rdma_vf_rail2,rx_write_requests,4.43005e+08
2026-09-30T06:50:13.123Z,gpu-3uwoq-6g3ya-1,ib_hw_counter,rdma_vf_rail2,rx_read_requests,8.03756e+06
2026-09-30T06:50:13.123Z,gpu-3uwoq-6g3ya-1,ib_hw_counter,rdma_vf_rail2,req_cqe_error,0
2026-09-30T06:50:13.123Z,gpu-3uwoq-6g3ya-1,ib_hw_counter,rdma_vf_rail2,resp_cqe_error,0
2026-09-30T06:50:13.123Z,gpu-3uwoq-6g3ya-1,ib_hw_counter,rdma_vf_rail2,implied_nak_seq_err,0
2026-09-30T06:50:13.123Z,gpu-3uwoq-6g3ya-1,ib_hw_counter,rdma_vf_rail2,duplicate_request,0
2026-09-30T06:50:13.123Z,gpu-3uwoq-6g3ya-1,ib_counter,rdma_vf_rail3,port_xmit_data,3.94643e+12
2026-09-30T06:50:13.123Z,gpu-3uwoq-6g3ya-1,ib_counter,rdma_vf_rail3,port_rcv_data,1.97772e+12
2026-09-30T06:50:13.123Z,gpu-3uwoq-6g3ya-1,ib_counter,rdma_vf_rail3,port_xmit_packets,1.06309e+09
2026-09-30T06:50:13.123Z,gpu-3uwoq-6g3ya-1,ib_counter,rdma_vf_rail3,port_rcv_packets,6.85505e+08
2026-09-30T06:50:13.123Z,gpu-3uwoq-6g3ya-1,ib_counter,rdma_vf_rail3,port_xmit_wait,0
2026-09-30T06:50:13.123Z,gpu-3uwoq-6g3ya-1,ib_counter,rdma_vf_rail3,port_rcv_errors,0
2026-09-30T06:50:13.123Z,gpu-3uwoq-6g3ya-1,ib_counter,rdma_vf_rail3,port_xmit_discards,0
2026-09-30T06:50:13.123Z,gpu-3uwoq-6g3ya-1,ib_counter,rdma_vf_rail3,link_downed,0
2026-09-30T06:50:13.123Z,gpu-3uwoq-6g3ya-1,ib_hw_counter,rdma_vf_rail3,out_of_sequence,1
2026-09-30T06:50:13.123Z,gpu-3uwoq-6g3ya-1,ib_hw_counter,rdma_vf_rail3,packet_seq_err,7
2026-09-30T06:50:13.123Z,gpu-3uwoq-6g3ya-1,ib_hw_counter,rdma_vf_rail3,local_ack_timeout_err,0
2026-09-30T06:50:13.123Z,gpu-3uwoq-6g3ya-1,ib_hw_counter,rdma_vf_rail3,rx_write_requests,4.43005e+08
2026-09-30T06:50:13.123Z,gpu-3uwoq-6g3ya-1,ib_hw_counter,rdma_vf_rail3,rx_read_requests,8.03756e+06
2026-09-30T06:50:13.123Z,gpu-3uwoq-6g3ya-1,ib_hw_counter,rdma_vf_rail3,req_cqe_error,0
2026-09-30T06:50:13.123Z,gpu-3uwoq-6g3ya-1,ib_hw_counter,rdma_vf_rail3,resp_cqe_error,0
2026-09-30T06:50:13.123Z,gpu-3uwoq-6g3ya-1,ib_hw_counter,rdma_vf_rail3,implied_nak_seq_err,0
2026-09-30T06:50:13.123Z,gpu-3uwoq-6g3ya-1,ib_hw_counter,rdma_vf_rail3,duplicate_request,0
2026-09-30T06:50:13.123Z,gpu-3uwoq-6g3ya-1,dcgm,gpu2,gpu_util,0
2026-09-30T06:50:13.123Z,gpu-3uwoq-6g3ya-1,dcgm,gpu3,gpu_util,0
2026-09-30T06:50:13.123Z,gpu-3uwoq-6g3ya-1,dcgm,gpu0,gpu_util,0
2026-09-30T06:50:13.123Z,gpu-3uwoq-6g3ya-1,dcgm,gpu1,gpu_util,0
2026-09-30T06:50:13.123Z,gpu-3uwoq-6g3ya-1,dcgm,gpu2,nvlink_bandwidth_total,0
2026-09-30T06:50:13.123Z,gpu-3uwoq-6g3ya-1,dcgm,gpu3,nvlink_bandwidth_total,0
2026-09-30T06:50:13.123Z,gpu-3uwoq-6g3ya-1,dcgm,gpu0,nvlink_bandwidth_total,0
2026-09-30T06:50:13.123Z,gpu-3uwoq-6g3ya-1,dcgm,gpu1,nvlink_bandwidth_total,0
2026-09-30T06:50:13.123Z,gpu-3uwoq-6g3ya-1,dcgm,gpu2,power_w,222.82
2026-09-30T06:50:13.123Z,gpu-3uwoq-6g3ya-1,dcgm,gpu3,power_w,227.185
2026-09-30T06:50:13.123Z,gpu-3uwoq-6g3ya-1,dcgm,gpu0,power_w,230.166
2026-09-30T06:50:13.123Z,gpu-3uwoq-6g3ya-1,dcgm,gpu1,power_w,227.791
2026-09-30T06:50:13.123Z,gpu-3uwoq-6g3ya-1,dcgm,gpu2,sm_clock_mhz,2070
2026-09-30T06:50:13.123Z,gpu-3uwoq-6g3ya-1,dcgm,gpu3,sm_clock_mhz,2070
2026-09-30T06:50:13.123Z,gpu-3uwoq-6g3ya-1,dcgm,gpu0,sm_clock_mhz,2070
2026-09-30T06:50:13.123Z,gpu-3uwoq-6g3ya-1,dcgm,gpu1,sm_clock_mhz,2070
2026-09-30T06:50:13.123Z,gpu-3uwoq-6g3ya-1,dcgm,gpu2,dram_active,0
2026-09-30T06:50:13.123Z,gpu-3uwoq-6g3ya-1,dcgm,gpu3,dram_active,0
2026-09-30T06:50:13.123Z,gpu-3uwoq-6g3ya-1,dcgm,gpu0,dram_active,0
2026-09-30T06:50:13.123Z,gpu-3uwoq-6g3ya-1,dcgm,gpu1,dram_active,1e-06
2026-09-30T06:50:13.123Z,gpu-3uwoq-6g3ya-1,dcgm,gpu2,pcie_rx_bytes,177550
2026-09-30T06:50:13.123Z,gpu-3uwoq-6g3ya-1,dcgm,gpu3,pcie_rx_bytes,102208
2026-09-30T06:50:13.123Z,gpu-3uwoq-6g3ya-1,dcgm,gpu0,pcie_rx_bytes,204835
2026-09-30T06:50:13.123Z,gpu-3uwoq-6g3ya-1,dcgm,gpu1,pcie_rx_bytes,290645
2026-09-30T06:50:13.123Z,gpu-3uwoq-6g3ya-1,dcgm,gpu2,pcie_tx_bytes,167626
2026-09-30T06:50:13.123Z,gpu-3uwoq-6g3ya-1,dcgm,gpu3,pcie_tx_bytes,93582
2026-09-30T06:50:13.123Z,gpu-3uwoq-6g3ya-1,dcgm,gpu0,pcie_tx_bytes,195403
2026-09-30T06:50:13.123Z,gpu-3uwoq-6g3ya-1,dcgm,gpu1,pcie_tx_bytes,268431
2026-09-30T06:50:13.123Z,gpu-3uwoq-6g3ya-1,dcgm,gpu2,tensor_active,0
2026-09-30T06:50:13.123Z,gpu-3uwoq-6g3ya-1,dcgm,gpu3,tensor_active,0
2026-09-30T06:50:13.123Z,gpu-3uwoq-6g3ya-1,dcgm,gpu0,tensor_active,0
2026-09-30T06:50:13.123Z,gpu-3uwoq-6g3ya-1,dcgm,gpu1,tensor_active,0
2026-09-30T06:50:13.123Z,gpu-3uwoq-6g3ya-1,dcgm,gpu2,sm_active,0
2026-09-30T06:50:13.123Z,gpu-3uwoq-6g3ya-1,dcgm,gpu3,sm_active,0
2026-09-30T06:50:13.123Z,gpu-3uwoq-6g3ya-1,dcgm,gpu0,sm_active,0
2026-09-30T06:50:13.123Z,gpu-3uwoq-6g3ya-1,dcgm,gpu1,sm_active,0
2026-09-30T06:50:13.123Z,gpu-3uwoq-6g3ya-1,nvlink,gpu0,nvlink_rx_bytes,1.03783e+13
2026-09-30T06:50:13.123Z,gpu-3uwoq-6g3ya-1,nvlink,gpu0,nvlink_tx_bytes,1.03828e+13
2026-09-30T06:50:13.123Z,gpu-3uwoq-6g3ya-1,nvlink,gpu1,nvlink_rx_bytes,1.05327e+13
2026-09-30T06:50:13.123Z,gpu-3uwoq-6g3ya-1,nvlink,gpu1,nvlink_tx_bytes,1.05357e+13
2026-09-30T06:50:13.123Z,gpu-3uwoq-6g3ya-1,nvlink,gpu2,nvlink_rx_bytes,1.04008e+13
2026-09-30T06:50:13.123Z,gpu-3uwoq-6g3ya-1,nvlink,gpu2,nvlink_tx_bytes,1.04047e+13
2026-09-30T06:50:13.123Z,gpu-3uwoq-6g3ya-1,nvlink,gpu3,nvlink_rx_bytes,1.03502e+13
2026-09-30T06:50:13.123Z,gpu-3uwoq-6g3ya-1,nvlink,gpu3,nvlink_tx_bytes,1.03535e+13
2026-09-30T06:50:14.123Z,gpu-3uwoq-6g3ya-1,ib_counter,rdma_vf_rail0,port_xmit_data,4.08122e+12
2026-09-30T06:50:14.123Z,gpu-3uwoq-6g3ya-1,ib_counter,rdma_vf_rail0,port_rcv_data,2.11385e+12
2026-09-30T06:50:14.123Z,gpu-3uwoq-6g3ya-1,ib_counter,rdma_vf_rail0,port_xmit_packets,1.10305e+09
2026-09-30T06:50:14.123Z,gpu-3uwoq-6g3ya-1,ib_counter,rdma_vf_rail0,port_rcv_packets,7.38804e+08
2026-09-30T06:50:14.123Z,gpu-3uwoq-6g3ya-1,ib_counter,rdma_vf_rail0,port_xmit_wait,0
2026-09-30T06:50:14.123Z,gpu-3uwoq-6g3ya-1,ib_counter,rdma_vf_rail0,port_rcv_errors,0
2026-09-30T06:50:14.123Z,gpu-3uwoq-6g3ya-1,ib_counter,rdma_vf_rail0,port_xmit_discards,0
2026-09-30T06:50:14.123Z,gpu-3uwoq-6g3ya-1,ib_counter,rdma_vf_rail0,link_downed,0
2026-09-30T06:50:14.123Z,gpu-3uwoq-6g3ya-1,ib_hw_counter,rdma_vf_rail0,out_of_sequence,0
2026-09-30T06:50:14.123Z,gpu-3uwoq-6g3ya-1,ib_hw_counter,rdma_vf_rail0,packet_seq_err,8
2026-09-30T06:50:14.123Z,gpu-3uwoq-6g3ya-1,ib_hw_counter,rdma_vf_rail0,local_ack_timeout_err,0
2026-09-30T06:50:14.123Z,gpu-3uwoq-6g3ya-1,ib_hw_counter,rdma_vf_rail0,rx_write_requests,4.4503e+08
2026-09-30T06:50:14.123Z,gpu-3uwoq-6g3ya-1,ib_hw_counter,rdma_vf_rail0,rx_read_requests,9.0462e+06
2026-09-30T06:50:14.123Z,gpu-3uwoq-6g3ya-1,ib_hw_counter,rdma_vf_rail0,req_cqe_error,0
2026-09-30T06:50:14.123Z,gpu-3uwoq-6g3ya-1,ib_hw_counter,rdma_vf_rail0,resp_cqe_error,0
2026-09-30T06:50:14.123Z,gpu-3uwoq-6g3ya-1,ib_hw_counter,rdma_vf_rail0,implied_nak_seq_err,0
2026-09-30T06:50:14.123Z,gpu-3uwoq-6g3ya-1,ib_hw_counter,rdma_vf_rail0,duplicate_request,0
2026-09-30T06:50:14.123Z,gpu-3uwoq-6g3ya-1,ib_counter,rdma_vf_rail1,port_xmit_data,3.97368e+12
2026-09-30T06:50:14.123Z,gpu-3uwoq-6g3ya-1,ib_counter,rdma_vf_rail1,port_rcv_data,2.00573e+12
2026-09-30T06:50:14.123Z,gpu-3uwoq-6g3ya-1,ib_counter,rdma_vf_rail1,port_xmit_packets,1.07687e+09
2026-09-30T06:50:14.123Z,gpu-3uwoq-6g3ya-1,ib_counter,rdma_vf_rail1,port_rcv_packets,7.07728e+08
2026-09-30T06:50:14.123Z,gpu-3uwoq-6g3ya-1,ib_counter,rdma_vf_rail1,port_xmit_wait,0
2026-09-30T06:50:14.123Z,gpu-3uwoq-6g3ya-1,ib_counter,rdma_vf_rail1,port_rcv_errors,0
2026-09-30T06:50:14.123Z,gpu-3uwoq-6g3ya-1,ib_counter,rdma_vf_rail1,port_xmit_discards,0
2026-09-30T06:50:14.123Z,gpu-3uwoq-6g3ya-1,ib_counter,rdma_vf_rail1,link_downed,0
2026-09-30T06:50:14.123Z,gpu-3uwoq-6g3ya-1,ib_hw_counter,rdma_vf_rail1,out_of_sequence,0
2026-09-30T06:50:14.123Z,gpu-3uwoq-6g3ya-1,ib_hw_counter,rdma_vf_rail1,packet_seq_err,8
2026-09-30T06:50:14.123Z,gpu-3uwoq-6g3ya-1,ib_hw_counter,rdma_vf_rail1,local_ack_timeout_err,0
2026-09-30T06:50:14.123Z,gpu-3uwoq-6g3ya-1,ib_hw_counter,rdma_vf_rail1,rx_write_requests,4.43433e+08
2026-09-30T06:50:14.123Z,gpu-3uwoq-6g3ya-1,ib_hw_counter,rdma_vf_rail1,rx_read_requests,8.24518e+06
2026-09-30T06:50:14.123Z,gpu-3uwoq-6g3ya-1,ib_hw_counter,rdma_vf_rail1,req_cqe_error,0
2026-09-30T06:50:14.123Z,gpu-3uwoq-6g3ya-1,ib_hw_counter,rdma_vf_rail1,resp_cqe_error,0
2026-09-30T06:50:14.123Z,gpu-3uwoq-6g3ya-1,ib_hw_counter,rdma_vf_rail1,implied_nak_seq_err,0
2026-09-30T06:50:14.123Z,gpu-3uwoq-6g3ya-1,ib_hw_counter,rdma_vf_rail1,duplicate_request,0
2026-09-30T06:50:14.123Z,gpu-3uwoq-6g3ya-1,ib_counter,rdma_vf_rail2,port_xmit_data,3.94617e+12
2026-09-30T06:50:14.123Z,gpu-3uwoq-6g3ya-1,ib_counter,rdma_vf_rail2,port_rcv_data,1.97796e+12
2026-09-30T06:50:14.123Z,gpu-3uwoq-6g3ya-1,ib_counter,rdma_vf_rail2,port_xmit_packets,1.06232e+09
2026-09-30T06:50:14.123Z,gpu-3uwoq-6g3ya-1,ib_counter,rdma_vf_rail2,port_rcv_packets,6.88687e+08
2026-09-30T06:50:14.123Z,gpu-3uwoq-6g3ya-1,ib_counter,rdma_vf_rail2,port_xmit_wait,0
2026-09-30T06:50:14.123Z,gpu-3uwoq-6g3ya-1,ib_counter,rdma_vf_rail2,port_rcv_errors,0
2026-09-30T06:50:14.123Z,gpu-3uwoq-6g3ya-1,ib_counter,rdma_vf_rail2,port_xmit_discards,0
2026-09-30T06:50:14.123Z,gpu-3uwoq-6g3ya-1,ib_counter,rdma_vf_rail2,link_downed,0
2026-09-30T06:50:14.123Z,gpu-3uwoq-6g3ya-1,ib_hw_counter,rdma_vf_rail2,out_of_sequence,0
2026-09-30T06:50:14.123Z,gpu-3uwoq-6g3ya-1,ib_hw_counter,rdma_vf_rail2,packet_seq_err,7
2026-09-30T06:50:14.123Z,gpu-3uwoq-6g3ya-1,ib_hw_counter,rdma_vf_rail2,local_ack_timeout_err,0
2026-09-30T06:50:14.123Z,gpu-3uwoq-6g3ya-1,ib_hw_counter,rdma_vf_rail2,rx_write_requests,4.43005e+08
2026-09-30T06:50:14.123Z,gpu-3uwoq-6g3ya-1,ib_hw_counter,rdma_vf_rail2,rx_read_requests,8.03756e+06
2026-09-30T06:50:14.123Z,gpu-3uwoq-6g3ya-1,ib_hw_counter,rdma_vf_rail2,req_cqe_error,0
2026-09-30T06:50:14.123Z,gpu-3uwoq-6g3ya-1,ib_hw_counter,rdma_vf_rail2,resp_cqe_error,0
2026-09-30T06:50:14.123Z,gpu-3uwoq-6g3ya-1,ib_hw_counter,rdma_vf_rail2,implied_nak_seq_err,0
2026-09-30T06:50:14.123Z,gpu-3uwoq-6g3ya-1,ib_hw_counter,rdma_vf_rail2,duplicate_request,0
2026-09-30T06:50:14.123Z,gpu-3uwoq-6g3ya-1,ib_counter,rdma_vf_rail3,port_xmit_data,3.94643e+12
2026-09-30T06:50:14.123Z,gpu-3uwoq-6g3ya-1,ib_counter,rdma_vf_rail3,port_rcv_data,1.97772e+12
2026-09-30T06:50:14.123Z,gpu-3uwoq-6g3ya-1,ib_counter,rdma_vf_rail3,port_xmit_packets,1.06309e+09
2026-09-30T06:50:14.123Z,gpu-3uwoq-6g3ya-1,ib_counter,rdma_vf_rail3,port_rcv_packets,6.85505e+08
2026-09-30T06:50:14.123Z,gpu-3uwoq-6g3ya-1,ib_counter,rdma_vf_rail3,port_xmit_wait,0
2026-09-30T06:50:14.123Z,gpu-3uwoq-6g3ya-1,ib_counter,rdma_vf_rail3,port_rcv_errors,0
2026-09-30T06:50:14.123Z,gpu-3uwoq-6g3ya-1,ib_counter,rdma_vf_rail3,port_xmit_discards,0
2026-09-30T06:50:14.123Z,gpu-3uwoq-6g3ya-1,ib_counter,rdma_vf_rail3,link_downed,0
2026-09-30T06:50:14.123Z,gpu-3uwoq-6g3ya-1,ib_hw_counter,rdma_vf_rail3,out_of_sequence,1
2026-09-30T06:50:14.123Z,gpu-3uwoq-6g3ya-1,ib_hw_counter,rdma_vf_rail3,packet_seq_err,7
2026-09-30T06:50:14.123Z,gpu-3uwoq-6g3ya-1,ib_hw_counter,rdma_vf_rail3,local_ack_timeout_err,0
2026-09-30T06:50:14.123Z,gpu-3uwoq-6g3ya-1,ib_hw_counter,rdma_vf_rail3,rx_write_requests,4.43005e+08
2026-09-30T06:50:14.123Z,gpu-3uwoq-6g3ya-1,ib_hw_counter,rdma_vf_rail3,rx_read_requests,8.03756e+06
2026-09-30T06:50:14.123Z,gpu-3uwoq-6g3ya-1,ib_hw_counter,rdma_vf_rail3,req_cqe_error,0
2026-09-30T06:50:14.123Z,gpu-3uwoq-6g3ya-1,ib_hw_counter,rdma_vf_rail3,resp_cqe_error,0
2026-09-30T06:50:14.123Z,gpu-3uwoq-6g3ya-1,ib_hw_counter,rdma_vf_rail3,implied_nak_seq_err,0
2026-09-30T06:50:14.123Z,gpu-3uwoq-6g3ya-1,ib_hw_counter,rdma_vf_rail3,duplicate_request,0
2026-09-30T06:50:14.123Z,gpu-3uwoq-6g3ya-1,dcgm,gpu2,gpu_util,0
2026-09-30T06:50:14.123Z,gpu-3uwoq-6g3ya-1,dcgm,gpu3,gpu_util,0
2026-09-30T06:50:14.123Z,gpu-3uwoq-6g3ya-1,dcgm,gpu0,gpu_util,0
2026-09-30T06:50:14.123Z,gpu-3uwoq-6g3ya-1,dcgm,gpu1,gpu_util,0
2026-09-30T06:50:14.123Z,gpu-3uwoq-6g3ya-1,dcgm,gpu2,nvlink_bandwidth_total,0
2026-09-30T06:50:14.123Z,gpu-3uwoq-6g3ya-1,dcgm,gpu3,nvlink_bandwidth_total,0
2026-09-30T06:50:14.123Z,gpu-3uwoq-6g3ya-1,dcgm,gpu0,nvlink_bandwidth_total,0
2026-09-30T06:50:14.123Z,gpu-3uwoq-6g3ya-1,dcgm,gpu1,nvlink_bandwidth_total,0
2026-09-30T06:50:14.123Z,gpu-3uwoq-6g3ya-1,dcgm,gpu2,power_w,222.82
2026-09-30T06:50:14.123Z,gpu-3uwoq-6g3ya-1,dcgm,gpu3,power_w,227.185
2026-09-30T06:50:14.123Z,gpu-3uwoq-6g3ya-1,dcgm,gpu0,power_w,230.166
2026-09-30T06:50:14.123Z,gpu-3uwoq-6g3ya-1,dcgm,gpu1,power_w,227.791
2026-09-30T06:50:14.123Z,gpu-3uwoq-6g3ya-1,dcgm,gpu2,sm_clock_mhz,2070
2026-09-30T06:50:14.123Z,gpu-3uwoq-6g3ya-1,dcgm,gpu3,sm_clock_mhz,2070
2026-09-30T06:50:14.123Z,gpu-3uwoq-6g3ya-1,dcgm,gpu0,sm_clock_mhz,2070
2026-09-30T06:50:14.123Z,gpu-3uwoq-6g3ya-1,dcgm,gpu1,sm_clock_mhz,2070
2026-09-30T06:50:14.123Z,gpu-3uwoq-6g3ya-1,dcgm,gpu2,dram_active,0
2026-09-30T06:50:14.123Z,gpu-3uwoq-6g3ya-1,dcgm,gpu3,dram_active,0
2026-09-30T06:50:14.123Z,gpu-3uwoq-6g3ya-1,dcgm,gpu0,dram_active,0
2026-09-30T06:50:14.123Z,gpu-3uwoq-6g3ya-1,dcgm,gpu1,dram_active,1e-06
2026-09-30T06:50:14.123Z,gpu-3uwoq-6g3ya-1,dcgm,gpu2,pcie_rx_bytes,177550
2026-09-30T06:50:14.123Z,gpu-3uwoq-6g3ya-1,dcgm,gpu3,pcie_rx_bytes,102208
2026-09-30T06:50:14.123Z,gpu-3uwoq-6g3ya-1,dcgm,gpu0,pcie_rx_bytes,204835
2026-09-30T06:50:14.123Z,gpu-3uwoq-6g3ya-1,dcgm,gpu1,pcie_rx_bytes,290645
2026-09-30T06:50:14.123Z,gpu-3uwoq-6g3ya-1,dcgm,gpu2,pcie_tx_bytes,167626
2026-09-30T06:50:14.123Z,gpu-3uwoq-6g3ya-1,dcgm,gpu3,pcie_tx_bytes,93582
2026-09-30T06:50:14.123Z,gpu-3uwoq-6g3ya-1,dcgm,gpu0,pcie_tx_bytes,195403
2026-09-30T06:50:14.123Z,gpu-3uwoq-6g3ya-1,dcgm,gpu1,pcie_tx_bytes,268431
2026-09-30T06:50:14.123Z,gpu-3uwoq-6g3ya-1,dcgm,gpu2,tensor_active,0
2026-09-30T06:50:14.123Z,gpu-3uwoq-6g3ya-1,dcgm,gpu3,tensor_active,0
2026-09-30T06:50:14.123Z,gpu-3uwoq-6g3ya-1,dcgm,gpu0,tensor_active,0
2026-09-30T06:50:14.123Z,gpu-3uwoq-6g3ya-1,dcgm,gpu1,tensor_active,0
2026-09-30T06:50:14.123Z,gpu-3uwoq-6g3ya-1,dcgm,gpu2,sm_active,0
2026-09-30T06:50:14.123Z,gpu-3uwoq-6g3ya-1,dcgm,gpu3,sm_active,0
2026-09-30T06:50:14.123Z,gpu-3uwoq-6g3ya-1,dcgm,gpu0,sm_active,0
2026-09-30T06:50:14.123Z,gpu-3uwoq-6g3ya-1,dcgm,gpu1,sm_active,0
2026-09-30T06:50:14.123Z,gpu-3uwoq-6g3ya-1,nvlink,gpu0,nvlink_rx_bytes,1.03783e+13
2026-09-30T06:50:14.123Z,gpu-3uwoq-6g3ya-1,nvlink,gpu0,nvlink_tx_bytes,1.03828e+13
2026-09-30T06:50:14.123Z,gpu-3uwoq-6g3ya-1,nvlink,gpu1,nvlink_rx_bytes,1.05327e+13
2026-09-30T06:50:14.123Z,gpu-3uwoq-6g3ya-1,nvlink,gpu1,nvlink_tx_bytes,1.05357e+13
2026-09-30T06:50:14.123Z,gpu-3uwoq-6g3ya-1,nvlink,gpu2,nvlink_rx_bytes,1.04008e+13
2026-09-30T06:50:14.123Z,gpu-3uwoq-6g3ya-1,nvlink,gpu2,nvlink_tx_bytes,1.04047e+13
2026-09-30T06:50:14.123Z,gpu-3uwoq-6g3ya-1,nvlink,gpu3,nvlink_rx_bytes,1.03502e+13
2026-09-30T06:50:14.123Z,gpu-3uwoq-6g3ya-1,nvlink,gpu3,nvlink_tx_bytes,1.03535e+13
2026-09-30T06:50:15.123Z,gpu-3uwoq-6g3ya-1,ib_counter,rdma_vf_rail0,port_xmit_data,4.08122e+12
2026-09-30T06:50:15.123Z,gpu-3uwoq-6g3ya-1,ib_counter,rdma_vf_rail0,port_rcv_data,2.11385e+12
2026-09-30T06:50:15.123Z,gpu-3uwoq-6g3ya-1,ib_counter,rdma_vf_rail0,port_xmit_packets,1.10305e+09
2026-09-30T06:50:15.123Z,gpu-3uwoq-6g3ya-1,ib_counter,rdma_vf_rail0,port_rcv_packets,7.38804e+08
2026-09-30T06:50:15.123Z,gpu-3uwoq-6g3ya-1,ib_counter,rdma_vf_rail0,port_xmit_wait,0
2026-09-30T06:50:15.123Z,gpu-3uwoq-6g3ya-1,ib_counter,rdma_vf_rail0,port_rcv_errors,0
2026-09-30T06:50:15.123Z,gpu-3uwoq-6g3ya-1,ib_counter,rdma_vf_rail0,port_xmit_discards,0
2026-09-30T06:50:15.123Z,gpu-3uwoq-6g3ya-1,ib_counter,rdma_vf_rail0,link_downed,0
2026-09-30T06:50:15.123Z,gpu-3uwoq-6g3ya-1,ib_hw_counter,rdma_vf_rail0,out_of_sequence,0
2026-09-30T06:50:15.123Z,gpu-3uwoq-6g3ya-1,ib_hw_counter,rdma_vf_rail0,packet_seq_err,8
2026-09-30T06:50:15.123Z,gpu-3uwoq-6g3ya-1,ib_hw_counter,rdma_vf_rail0,local_ack_timeout_err,0
2026-09-30T06:50:15.123Z,gpu-3uwoq-6g3ya-1,ib_hw_counter,rdma_vf_rail0,rx_write_requests,4.4503e+08
2026-09-30T06:50:15.123Z,gpu-3uwoq-6g3ya-1,ib_hw_counter,rdma_vf_rail0,rx_read_requests,9.0462e+06
2026-09-30T06:50:15.123Z,gpu-3uwoq-6g3ya-1,ib_hw_counter,rdma_vf_rail0,req_cqe_error,0
2026-09-30T06:50:15.123Z,gpu-3uwoq-6g3ya-1,ib_hw_counter,rdma_vf_rail0,resp_cqe_error,0
2026-09-30T06:50:15.123Z,gpu-3uwoq-6g3ya-1,ib_hw_counter,rdma_vf_rail0,implied_nak_seq_err,0
2026-09-30T06:50:15.123Z,gpu-3uwoq-6g3ya-1,ib_hw_counter,rdma_vf_rail0,duplicate_request,0
2026-09-30T06:50:15.123Z,gpu-3uwoq-6g3ya-1,ib_counter,rdma_vf_rail1,port_xmit_data,3.97368e+12
2026-09-30T06:50:15.123Z,gpu-3uwoq-6g3ya-1,ib_counter,rdma_vf_rail1,port_rcv_data,2.00573e+12
2026-09-30T06:50:15.123Z,gpu-3uwoq-6g3ya-1,ib_counter,rdma_vf_rail1,port_xmit_packets,1.07687e+09
2026-09-30T06:50:15.123Z,gpu-3uwoq-6g3ya-1,ib_counter,rdma_vf_rail1,port_rcv_packets,7.07728e+08
2026-09-30T06:50:15.123Z,gpu-3uwoq-6g3ya-1,ib_counter,rdma_vf_rail1,port_xmit_wait,0
2026-09-30T06:50:15.123Z,gpu-3uwoq-6g3ya-1,ib_counter,rdma_vf_rail1,port_rcv_errors,0
2026-09-30T06:50:15.123Z,gpu-3uwoq-6g3ya-1,ib_counter,rdma_vf_rail1,port_xmit_discards,0
2026-09-30T06:50:15.123Z,gpu-3uwoq-6g3ya-1,ib_counter,rdma_vf_rail1,link_downed,0
2026-09-30T06:50:15.123Z,gpu-3uwoq-6g3ya-1,ib_hw_counter,rdma_vf_rail1,out_of_sequence,0
2026-09-30T06:50:15.123Z,gpu-3uwoq-6g3ya-1,ib_hw_counter,rdma_vf_rail1,packet_seq_err,8
2026-09-30T06:50:15.123Z,gpu-3uwoq-6g3ya-1,ib_hw_counter,rdma_vf_rail1,local_ack_timeout_err,0
2026-09-30T06:50:15.123Z,gpu-3uwoq-6g3ya-1,ib_hw_counter,rdma_vf_rail1,rx_write_requests,4.43433e+08
2026-09-30T06:50:15.123Z,gpu-3uwoq-6g3ya-1,ib_hw_counter,rdma_vf_rail1,rx_read_requests,8.24518e+06
2026-09-30T06:50:15.123Z,gpu-3uwoq-6g3ya-1,ib_hw_counter,rdma_vf_rail1,req_cqe_error,0
2026-09-30T06:50:15.123Z,gpu-3uwoq-6g3ya-1,ib_hw_counter,rdma_vf_rail1,resp_cqe_error,0
2026-09-30T06:50:15.123Z,gpu-3uwoq-6g3ya-1,ib_hw_counter,rdma_vf_rail1,implied_nak_seq_err,0
2026-09-30T06:50:15.123Z,gpu-3uwoq-6g3ya-1,ib_hw_counter,rdma_vf_rail1,duplicate_request,0
2026-09-30T06:50:15.123Z,gpu-3uwoq-6g3ya-1,ib_counter,rdma_vf_rail2,port_xmit_data,3.94617e+12
2026-09-30T06:50:15.123Z,gpu-3uwoq-6g3ya-1,ib_counter,rdma_vf_rail2,port_rcv_data,1.97796e+12
2026-09-30T06:50:15.123Z,gpu-3uwoq-6g3ya-1,ib_counter,rdma_vf_rail2,port_xmit_packets,1.06232e+09
2026-09-30T06:50:15.123Z,gpu-3uwoq-6g3ya-1,ib_counter,rdma_vf_rail2,port_rcv_packets,6.88687e+08
2026-09-30T06:50:15.123Z,gpu-3uwoq-6g3ya-1,ib_counter,rdma_vf_rail2,port_xmit_wait,0
2026-09-30T06:50:15.123Z,gpu-3uwoq-6g3ya-1,ib_counter,rdma_vf_rail2,port_rcv_errors,0
2026-09-30T06:50:15.123Z,gpu-3uwoq-6g3ya-1,ib_counter,rdma_vf_rail2,port_xmit_discards,0
2026-09-30T06:50:15.123Z,gpu-3uwoq-6g3ya-1,ib_counter,rdma_vf_rail2,link_downed,0
2026-09-30T06:50:15.123Z,gpu-3uwoq-6g3ya-1,ib_hw_counter,rdma_vf_rail2,out_of_sequence,0
2026-09-30T06:50:15.123Z,gpu-3uwoq-6g3ya-1,ib_hw_counter,rdma_vf_rail2,packet_seq_err,7
2026-09-30T06:50:15.123Z,gpu-3uwoq-6g3ya-1,ib_hw_counter,rdma_vf_rail2,local_ack_timeout_err,0
2026-09-30T06:50:15.123Z,gpu-3uwoq-6g3ya-1,ib_hw_counter,rdma_vf_rail2,rx_write_requests,4.43005e+08
2026-09-30T06:50:15.123Z,gpu-3uwoq-6g3ya-1,ib_hw_counter,rdma_vf_rail2,rx_read_requests,8.03756e+06
2026-09-30T06:50:15.123Z,gpu-3uwoq-6g3ya-1,ib_hw_counter,rdma_vf_rail2,req_cqe_error,0
2026-09-30T06:50:15.123Z,gpu-3uwoq-6g3ya-1,ib_hw_counter,rdma_vf_rail2,resp_cqe_error,0
2026-09-30T06:50:15.123Z,gpu-3uwoq-6g3ya-1,ib_hw_counter,rdma_vf_rail2,implied_nak_seq_err,0
2026-09-30T06:50:15.123Z,gpu-3uwoq-6g3ya-1,ib_hw_counter,rdma_vf_rail2,duplicate_request,0
2026-09-30T06:50:15.123Z,gpu-3uwoq-6g3ya-1,ib_counter,rdma_vf_rail3,port_xmit_data,3.94643e+12
2026-09-30T06:50:15.123Z,gpu-3uwoq-6g3ya-1,ib_counter,rdma_vf_rail3,port_rcv_data,1.97772e+12
2026-09-30T06:50:15.123Z,gpu-3uwoq-6g3ya-1,ib_counter,rdma_vf_rail3,port_xmit_packets,1.06309e+09
2026-09-30T06:50:15.123Z,gpu-3uwoq-6g3ya-1,ib_counter,rdma_vf_rail3,port_rcv_packets,6.85505e+08
2026-09-30T06:50:15.123Z,gpu-3uwoq-6g3ya-1,ib_counter,rdma_vf_rail3,port_xmit_wait,0
2026-09-30T06:50:15.123Z,gpu-3uwoq-6g3ya-1,ib_counter,rdma_vf_rail3,port_rcv_errors,0
2026-09-30T06:50:15.123Z,gpu-3uwoq-6g3ya-1,ib_counter,rdma_vf_rail3,port_xmit_discards,0
2026-09-30T06:50:15.123Z,gpu-3uwoq-6g3ya-1,ib_counter,rdma_vf_rail3,link_downed,0
2026-09-30T06:50:15.123Z,gpu-3uwoq-6g3ya-1,ib_hw_counter,rdma_vf_rail3,out_of_sequence,1
2026-09-30T06:50:15.123Z,gpu-3uwoq-6g3ya-1,ib_hw_counter,rdma_vf_rail3,packet_seq_err,7
2026-09-30T06:50:15.123Z,gpu-3uwoq-6g3ya-1,ib_hw_counter,rdma_vf_rail3,local_ack_timeout_err,0
2026-09-30T06:50:15.123Z,gpu-3uwoq-6g3ya-1,ib_hw_counter,rdma_vf_rail3,rx_write_requests,4.43005e+08
2026-09-30T06:50:15.123Z,gpu-3uwoq-6g3ya-1,ib_hw_counter,rdma_vf_rail3,rx_read_requests,8.03756e+06
2026-09-30T06:50:15.123Z,gpu-3uwoq-6g3ya-1,ib_hw_counter,rdma_vf_rail3,req_cqe_error,0
2026-09-30T06:50:15.123Z,gpu-3uwoq-6g3ya-1,ib_hw_counter,rdma_vf_rail3,resp_cqe_error,0
2026-09-30T06:50:15.123Z,gpu-3uwoq-6g3ya-1,ib_hw_counter,rdma_vf_rail3,implied_nak_seq_err,0
2026-09-30T06:50:15.123Z,gpu-3uwoq-6g3ya-1,ib_hw_counter,rdma_vf_rail3,duplicate_request,0
2026-09-30T06:50:15.123Z,gpu-3uwoq-6g3ya-1,dcgm,gpu2,gpu_util,0
2026-09-30T06:50:15.123Z,gpu-3uwoq-6g3ya-1,dcgm,gpu3,gpu_util,0
2026-09-30T06:50:15.123Z,gpu-3uwoq-6g3ya-1,dcgm,gpu0,gpu_util,0
2026-09-30T06:50:15.123Z,gpu-3uwoq-6g3ya-1,dcgm,gpu1,gpu_util,0
2026-09-30T06:50:15.123Z,gpu-3uwoq-6g3ya-1,dcgm,gpu2,nvlink_bandwidth_total,0
2026-09-30T06:50:15.123Z,gpu-3uwoq-6g3ya-1,dcgm,gpu3,nvlink_bandwidth_total,0
2026-09-30T06:50:15.123Z,gpu-3uwoq-6g3ya-1,dcgm,gpu0,nvlink_bandwidth_total,0
2026-09-30T06:50:15.123Z,gpu-3uwoq-6g3ya-1,dcgm,gpu1,nvlink_bandwidth_total,0
2026-09-30T06:50:15.123Z,gpu-3uwoq-6g3ya-1,dcgm,gpu2,power_w,222.82
2026-09-30T06:50:15.123Z,gpu-3uwoq-6g3ya-1,dcgm,gpu3,power_w,227.185
2026-09-30T06:50:15.123Z,gpu-3uwoq-6g3ya-1,dcgm,gpu0,power_w,230.166
2026-09-30T06:50:15.123Z,gpu-3uwoq-6g3ya-1,dcgm,gpu1,power_w,227.791
2026-09-30T06:50:15.123Z,gpu-3uwoq-6g3ya-1,dcgm,gpu2,sm_clock_mhz,2070
2026-09-30T06:50:15.123Z,gpu-3uwoq-6g3ya-1,dcgm,gpu3,sm_clock_mhz,2070
2026-09-30T06:50:15.123Z,gpu-3uwoq-6g3ya-1,dcgm,gpu0,sm_clock_mhz,2070
2026-09-30T06:50:15.123Z,gpu-3uwoq-6g3ya-1,dcgm,gpu1,sm_clock_mhz,2070
2026-09-30T06:50:15.123Z,gpu-3uwoq-6g3ya-1,dcgm,gpu2,dram_active,0
2026-09-30T06:50:15.123Z,gpu-3uwoq-6g3ya-1,dcgm,gpu3,dram_active,0
2026-09-30T06:50:15.123Z,gpu-3uwoq-6g3ya-1,dcgm,gpu0,dram_active,0
2026-09-30T06:50:15.123Z,gpu-3uwoq-6g3ya-1,dcgm,gpu1,dram_active,1e-06
2026-09-30T06:50:15.123Z,gpu-3uwoq-6g3ya-1,dcgm,gpu2,pcie_rx_bytes,177550
2026-09-30T06:50:15.123Z,gpu-3uwoq-6g3ya-1,dcgm,gpu3,pcie_rx_bytes,102208
2026-09-30T06:50:15.123Z,gpu-3uwoq-6g3ya-1,dcgm,gpu0,pcie_rx_bytes,204835
2026-09-30T06:50:15.123Z,gpu-3uwoq-6g3ya-1,dcgm,gpu1,pcie_rx_bytes,290645
2026-09-30T06:50:15.123Z,gpu-3uwoq-6g3ya-1,dcgm,gpu2,pcie_tx_bytes,167626
2026-09-30T06:50:15.123Z,gpu-3uwoq-6g3ya-1,dcgm,gpu3,pcie_tx_bytes,93582
2026-09-30T06:50:15.123Z,gpu-3uwoq-6g3ya-1,dcgm,gpu0,pcie_tx_bytes,195403
2026-09-30T06:50:15.123Z,gpu-3uwoq-6g3ya-1,dcgm,gpu1,pcie_tx_bytes,268431
2026-09-30T06:50:15.123Z,gpu-3uwoq-6g3ya-1,dcgm,gpu2,tensor_active,0
2026-09-30T06:50:15.123Z,gpu-3uwoq-6g3ya-1,dcgm,gpu3,tensor_active,0
2026-09-30T06:50:15.123Z,gpu-3uwoq-6g3ya-1,dcgm,gpu0,tensor_active,0
2026-09-30T06:50:15.123Z,gpu-3uwoq-6g3ya-1,dcgm,gpu1,tensor_active,0
2026-09-30T06:50:15.123Z,gpu-3uwoq-6g3ya-1,dcgm,gpu2,sm_active,0
2026-09-30T06:50:15.123Z,gpu-3uwoq-6g3ya-1,dcgm,gpu3,sm_active,0
2026-09-30T06:50:15.123Z,gpu-3uwoq-6g3ya-1,dcgm,gpu0,sm_active,0
2026-09-30T06:50:15.123Z,gpu-3uwoq-6g3ya-1,dcgm,gpu1,sm_active,0
2026-09-30T06:50:15.123Z,gpu-3uwoq-6g3ya-1,nvlink,gpu0,nvlink_rx_bytes,1.03783e+13
2026-09-30T06:50:15.123Z,gpu-3uwoq-6g3ya-1,nvlink,gpu0,nvlink_tx_bytes,1.03828e+13
2026-09-30T06:50:15.123Z,gpu-3uwoq-6g3ya-1,nvlink,gpu1,nvlink_rx_bytes,1.05327e+13
2026-09-30T06:50:15.123Z,gpu-3uwoq-6g3ya-1,nvlink,gpu1,nvlink_tx_bytes,1.05357e+13
2026-09-30T06:50:15.123Z,gpu-3uwoq-6g3ya-1,nvlink,gpu2,nvlink_rx_bytes,1.04008e+13
2026-09-30T06:50:15.123Z,gpu-3uwoq-6g3ya-1,nvlink,gpu2,nvlink_tx_bytes,1.04047e+13
2026-09-30T06:50:15.123Z,gpu-3uwoq-6g3ya-1,nvlink,gpu3,nvlink_rx_bytes,1.03502e+13
2026-09-30T06:50:15.123Z,gpu-3uwoq-6g3ya-1,nvlink,gpu3,nvlink_tx_bytes,1.03535e+13
2026-09-30T06:50:16.123Z,gpu-3uwoq-6g3ya-1,ib_counter,rdma_vf_rail0,port_xmit_data,4.08122e+12
2026-09-30T06:50:16.123Z,gpu-3uwoq-6g3ya-1,ib_counter,rdma_vf_rail0,port_rcv_data,2.11385e+12
2026-09-30T06:50:16.123Z,gpu-3uwoq-6g3ya-1,ib_counter,rdma_vf_rail0,port_xmit_packets,1.10305e+09
2026-09-30T06:50:16.123Z,gpu-3uwoq-6g3ya-1,ib_counter,rdma_vf_rail0,port_rcv_packets,7.38804e+08
2026-09-30T06:50:16.123Z,gpu-3uwoq-6g3ya-1,ib_counter,rdma_vf_rail0,port_xmit_wait,0
2026-09-30T06:50:16.123Z,gpu-3uwoq-6g3ya-1,ib_counter,rdma_vf_rail0,port_rcv_errors,0
2026-09-30T06:50:16.123Z,gpu-3uwoq-6g3ya-1,ib_counter,rdma_vf_rail0,port_xmit_discards,0
2026-09-30T06:50:16.123Z,gpu-3uwoq-6g3ya-1,ib_counter,rdma_vf_rail0,link_downed,0
2026-09-30T06:50:16.123Z,gpu-3uwoq-6g3ya-1,ib_hw_counter,rdma_vf_rail0,out_of_sequence,0
2026-09-30T06:50:16.123Z,gpu-3uwoq-6g3ya-1,ib_hw_counter,rdma_vf_rail0,packet_seq_err,8
2026-09-30T06:50:16.123Z,gpu-3uwoq-6g3ya-1,ib_hw_counter,rdma_vf_rail0,local_ack_timeout_err,0
2026-09-30T06:50:16.123Z,gpu-3uwoq-6g3ya-1,ib_hw_counter,rdma_vf_rail0,rx_write_requests,4.4503e+08
2026-09-30T06:50:16.123Z,gpu-3uwoq-6g3ya-1,ib_hw_counter,rdma_vf_rail0,rx_read_requests,9.0462e+06
2026-09-30T06:50:16.123Z,gpu-3uwoq-6g3ya-1,ib_hw_counter,rdma_vf_rail0,req_cqe_error,0
2026-09-30T06:50:16.123Z,gpu-3uwoq-6g3ya-1,ib_hw_counter,rdma_vf_rail0,resp_cqe_error,0
2026-09-30T06:50:16.123Z,gpu-3uwoq-6g3ya-1,ib_hw_counter,rdma_vf_rail0,implied_nak_seq_err,0
2026-09-30T06:50:16.123Z,gpu-3uwoq-6g3ya-1,ib_hw_counter,rdma_vf_rail0,duplicate_request,0
2026-09-30T06:50:16.123Z,gpu-3uwoq-6g3ya-1,ib_counter,rdma_vf_rail1,port_xmit_data,3.97368e+12
2026-09-30T06:50:16.123Z,gpu-3uwoq-6g3ya-1,ib_counter,rdma_vf_rail1,port_rcv_data,2.00573e+12
2026-09-30T06:50:16.123Z,gpu-3uwoq-6g3ya-1,ib_counter,rdma_vf_rail1,port_xmit_packets,1.07687e+09
2026-09-30T06:50:16.123Z,gpu-3uwoq-6g3ya-1,ib_counter,rdma_vf_rail1,port_rcv_packets,7.07728e+08
2026-09-30T06:50:16.123Z,gpu-3uwoq-6g3ya-1,ib_counter,rdma_vf_rail1,port_xmit_wait,0
2026-09-30T06:50:16.123Z,gpu-3uwoq-6g3ya-1,ib_counter,rdma_vf_rail1,port_rcv_errors,0
2026-09-30T06:50:16.123Z,gpu-3uwoq-6g3ya-1,ib_counter,rdma_vf_rail1,port_xmit_discards,0
2026-09-30T06:50:16.123Z,gpu-3uwoq-6g3ya-1,ib_counter,rdma_vf_rail1,link_downed,0
2026-09-30T06:50:16.123Z,gpu-3uwoq-6g3ya-1,ib_hw_counter,rdma_vf_rail1,out_of_sequence,0
2026-09-30T06:50:16.123Z,gpu-3uwoq-6g3ya-1,ib_hw_counter,rdma_vf_rail1,packet_seq_err,8
2026-09-30T06:50:16.123Z,gpu-3uwoq-6g3ya-1,ib_hw_counter,rdma_vf_rail1,local_ack_timeout_err,0
2026-09-30T06:50:16.123Z,gpu-3uwoq-6g3ya-1,ib_hw_counter,rdma_vf_rail1,rx_write_requests,4.43433e+08
2026-09-30T06:50:16.123Z,gpu-3uwoq-6g3ya-1,ib_hw_counter,rdma_vf_rail1,rx_read_requests,8.24518e+06
2026-09-30T06:50:16.123Z,gpu-3uwoq-6g3ya-1,ib_hw_counter,rdma_vf_rail1,req_cqe_error,0
2026-09-30T06:50:16.123Z,gpu-3uwoq-6g3ya-1,ib_hw_counter,rdma_vf_rail1,resp_cqe_error,0
2026-09-30T06:50:16.123Z,gpu-3uwoq-6g3ya-1,ib_hw_counter,rdma_vf_rail1,implied_nak_seq_err,0
2026-09-30T06:50:16.123Z,gpu-3uwoq-6g3ya-1,ib_hw_counter,rdma_vf_rail1,duplicate_request,0
2026-09-30T06:50:16.123Z,gpu-3uwoq-6g3ya-1,ib_counter,rdma_vf_rail2,port_xmit_data,3.94617e+12
2026-09-30T06:50:16.123Z,gpu-3uwoq-6g3ya-1,ib_counter,rdma_vf_rail2,port_rcv_data,1.97796e+12
2026-09-30T06:50:16.123Z,gpu-3uwoq-6g3ya-1,ib_counter,rdma_vf_rail2,port_xmit_packets,1.06232e+09
2026-09-30T06:50:16.123Z,gpu-3uwoq-6g3ya-1,ib_counter,rdma_vf_rail2,port_rcv_packets,6.88687e+08
2026-09-30T06:50:16.123Z,gpu-3uwoq-6g3ya-1,ib_counter,rdma_vf_rail2,port_xmit_wait,0
2026-09-30T06:50:16.123Z,gpu-3uwoq-6g3ya-1,ib_counter,rdma_vf_rail2,port_rcv_errors,0
2026-09-30T06:50:16.123Z,gpu-3uwoq-6g3ya-1,ib_counter,rdma_vf_rail2,port_xmit_discards,0
2026-09-30T06:50:16.123Z,gpu-3uwoq-6g3ya-1,ib_counter,rdma_vf_rail2,link_downed,0
2026-09-30T06:50:16.123Z,gpu-3uwoq-6g3ya-1,ib_hw_counter,rdma_vf_rail2,out_of_sequence,0
2026-09-30T06:50:16.123Z,gpu-3uwoq-6g3ya-1,ib_hw_counter,rdma_vf_rail2,packet_seq_err,7
2026-09-30T06:50:16.123Z,gpu-3uwoq-6g3ya-1,ib_hw_counter,rdma_vf_rail2,local_ack_timeout_err,0
2026-09-30T06:50:16.123Z,gpu-3uwoq-6g3ya-1,ib_hw_counter,rdma_vf_rail2,rx_write_requests,4.43005e+08
2026-09-30T06:50:16.123Z,gpu-3uwoq-6g3ya-1,ib_hw_counter,rdma_vf_rail2,rx_read_requests,8.03756e+06
2026-09-30T06:50:16.123Z,gpu-3uwoq-6g3ya-1,ib_hw_counter,rdma_vf_rail2,req_cqe_error,0
2026-09-30T06:50:16.123Z,gpu-3uwoq-6g3ya-1,ib_hw_counter,rdma_vf_rail2,resp_cqe_error,0
2026-09-30T06:50:16.123Z,gpu-3uwoq-6g3ya-1,ib_hw_counter,rdma_vf_rail2,implied_nak_seq_err,0
2026-09-30T06:50:16.123Z,gpu-3uwoq-6g3ya-1,ib_hw_counter,rdma_vf_rail2,duplicate_request,0
2026-09-30T06:50:16.123Z,gpu-3uwoq-6g3ya-1,ib_counter,rdma_vf_rail3,port_xmit_data,3.94643e+12
2026-09-30T06:50:16.123Z,gpu-3uwoq-6g3ya-1,ib_counter,rdma_vf_rail3,port_rcv_data,1.97772e+12
2026-09-30T06:50:16.123Z,gpu-3uwoq-6g3ya-1,ib_counter,rdma_vf_rail3,port_xmit_packets,1.06309e+09
2026-09-30T06:50:16.123Z,gpu-3uwoq-6g3ya-1,ib_counter,rdma_vf_rail3,port_rcv_packets,6.85505e+08
2026-09-30T06:50:16.123Z,gpu-3uwoq-6g3ya-1,ib_counter,rdma_vf_rail3,port_xmit_wait,0
2026-09-30T06:50:16.123Z,gpu-3uwoq-6g3ya-1,ib_counter,rdma_vf_rail3,port_rcv_errors,0
2026-09-30T06:50:16.123Z,gpu-3uwoq-6g3ya-1,ib_counter,rdma_vf_rail3,port_xmit_discards,0
2026-09-30T06:50:16.123Z,gpu-3uwoq-6g3ya-1,ib_counter,rdma_vf_rail3,link_downed,0
2026-09-30T06:50:16.123Z,gpu-3uwoq-6g3ya-1,ib_hw_counter,rdma_vf_rail3,out_of_sequence,1
2026-09-30T06:50:16.123Z,gpu-3uwoq-6g3ya-1,ib_hw_counter,rdma_vf_rail3,packet_seq_err,7
2026-09-30T06:50:16.123Z,gpu-3uwoq-6g3ya-1,ib_hw_counter,rdma_vf_rail3,local_ack_timeout_err,0
2026-09-30T06:50:16.123Z,gpu-3uwoq-6g3ya-1,ib_hw_counter,rdma_vf_rail3,rx_write_requests,4.43005e+08
2026-09-30T06:50:16.123Z,gpu-3uwoq-6g3ya-1,ib_hw_counter,rdma_vf_rail3,rx_read_requests,8.03756e+06
2026-09-30T06:50:16.123Z,gpu-3uwoq-6g3ya-1,ib_hw_counter,rdma_vf_rail3,req_cqe_error,0
2026-09-30T06:50:16.123Z,gpu-3uwoq-6g3ya-1,ib_hw_counter,rdma_vf_rail3,resp_cqe_error,0
2026-09-30T06:50:16.123Z,gpu-3uwoq-6g3ya-1,ib_hw_counter,rdma_vf_rail3,implied_nak_seq_err,0
2026-09-30T06:50:16.123Z,gpu-3uwoq-6g3ya-1,ib_hw_counter,rdma_vf_rail3,duplicate_request,0
2026-09-30T06:50:16.123Z,gpu-3uwoq-6g3ya-1,dcgm,gpu2,gpu_util,0
2026-09-30T06:50:16.123Z,gpu-3uwoq-6g3ya-1,dcgm,gpu3,gpu_util,0
2026-09-30T06:50:16.123Z,gpu-3uwoq-6g3ya-1,dcgm,gpu0,gpu_util,0
2026-09-30T06:50:16.123Z,gpu-3uwoq-6g3ya-1,dcgm,gpu1,gpu_util,0
2026-09-30T06:50:16.123Z,gpu-3uwoq-6g3ya-1,dcgm,gpu2,nvlink_bandwidth_total,0
2026-09-30T06:50:16.123Z,gpu-3uwoq-6g3ya-1,dcgm,gpu3,nvlink_bandwidth_total,0
2026-09-30T06:50:16.123Z,gpu-3uwoq-6g3ya-1,dcgm,gpu0,nvlink_bandwidth_total,0
2026-09-30T06:50:16.123Z,gpu-3uwoq-6g3ya-1,dcgm,gpu1,nvlink_bandwidth_total,0
2026-09-30T06:50:16.123Z,gpu-3uwoq-6g3ya-1,dcgm,gpu2,power_w,222.82
2026-09-30T06:50:16.123Z,gpu-3uwoq-6g3ya-1,dcgm,gpu3,power_w,227.185
2026-09-30T06:50:16.123Z,gpu-3uwoq-6g3ya-1,dcgm,gpu0,power_w,230.166
2026-09-30T06:50:16.123Z,gpu-3uwoq-6g3ya-1,dcgm,gpu1,power_w,227.791
2026-09-30T06:50:16.123Z,gpu-3uwoq-6g3ya-1,dcgm,gpu2,sm_clock_mhz,2070
2026-09-30T06:50:16.123Z,gpu-3uwoq-6g3ya-1,dcgm,gpu3,sm_clock_mhz,2070
2026-09-30T06:50:16.123Z,gpu-3uwoq-6g3ya-1,dcgm,gpu0,sm_clock_mhz,2070
2026-09-30T06:50:16.123Z,gpu-3uwoq-6g3ya-1,dcgm,gpu1,sm_clock_mhz,2070
2026-09-30T06:50:16.123Z,gpu-3uwoq-6g3ya-1,dcgm,gpu2,dram_active,0
2026-09-30T06:50:16.123Z,gpu-3uwoq-6g3ya-1,dcgm,gpu3,dram_active,0
2026-09-30T06:50:16.123Z,gpu-3uwoq-6g3ya-1,dcgm,gpu0,dram_active,0
2026-09-30T06:50:16.123Z,gpu-3uwoq-6g3ya-1,dcgm,gpu1,dram_active,1e-06
2026-09-30T06:50:16.123Z,gpu-3uwoq-6g3ya-1,dcgm,gpu2,pcie_rx_bytes,177550
2026-09-30T06:50:16.123Z,gpu-3uwoq-6g3ya-1,dcgm,gpu3,pcie_rx_bytes,102208
2026-09-30T06:50:16.123Z,gpu-3uwoq-6g3ya-1,dcgm,gpu0,pcie_rx_bytes,204835
2026-09-30T06:50:16.123Z,gpu-3uwoq-6g3ya-1,dcgm,gpu1,pcie_rx_bytes,290645
2026-09-30T06:50:16.123Z,gpu-3uwoq-6g3ya-1,dcgm,gpu2,pcie_tx_bytes,167626
2026-09-30T06:50:16.123Z,gpu-3uwoq-6g3ya-1,dcgm,gpu3,pcie_tx_bytes,93582
2026-09-30T06:50:16.123Z,gpu-3uwoq-6g3ya-1,dcgm,gpu0,pcie_tx_bytes,195403
2026-09-30T06:50:16.123Z,gpu-3uwoq-6g3ya-1,dcgm,gpu1,pcie_tx_bytes,268431
2026-09-30T06:50:16.123Z,gpu-3uwoq-6g3ya-1,dcgm,gpu2,tensor_active,0
2026-09-30T06:50:16.123Z,gpu-3uwoq-6g3ya-1,dcgm,gpu3,tensor_active,0
2026-09-30T06:50:16.123Z,gpu-3uwoq-6g3ya-1,dcgm,gpu0,tensor_active,0
2026-09-30T06:50:16.123Z,gpu-3uwoq-6g3ya-1,dcgm,gpu1,tensor_active,0
2026-09-30T06:50:16.123Z,gpu-3uwoq-6g3ya-1,dcgm,gpu2,sm_active,0
2026-09-30T06:50:16.123Z,gpu-3uwoq-6g3ya-1,dcgm,gpu3,sm_active,0
2026-09-30T06:50:16.123Z,gpu-3uwoq-6g3ya-1,dcgm,gpu0,sm_active,0
2026-09-30T06:50:16.123Z,gpu-3uwoq-6g3ya-1,dcgm,gpu1,sm_active,0
2026-09-30T06:50:16.123Z,gpu-3uwoq-6g3ya-1,nvlink,gpu0,nvlink_rx_bytes,1.03783e+13
2026-09-30T06:50:16.123Z,gpu-3uwoq-6g3ya-1,nvlink,gpu0,nvlink_tx_bytes,1.03828e+13
2026-09-30T06:50:16.123Z,gpu-3uwoq-6g3ya-1,nvlink,gpu1,nvlink_rx_bytes,1.05327e+13
2026-09-30T06:50:16.123Z,gpu-3uwoq-6g3ya-1,nvlink,gpu1,nvlink_tx_bytes,1.05357e+13
2026-09-30T06:50:16.123Z,gpu-3uwoq-6g3ya-1,nvlink,gpu2,nvlink_rx_bytes,1.04008e+13
2026-09-30T06:50:16.123Z,gpu-3uwoq-6g3ya-1,nvlink,gpu2,nvlink_tx_bytes,1.04047e+13
2026-09-30T06:50:16.123Z,gpu-3uwoq-6g3ya-1,nvlink,gpu3,nvlink_rx_bytes,1.03502e+13
2026-09-30T06:50:16.123Z,gpu-3uwoq-6g3ya-1,nvlink,gpu3,nvlink_tx_bytes,1.03535e+13
2026-09-30T06:50:17.123Z,gpu-3uwoq-6g3ya-1,ib_counter,rdma_vf_rail0,port_xmit_data,4.08122e+12
2026-09-30T06:50:17.123Z,gpu-3uwoq-6g3ya-1,ib_counter,rdma_vf_rail0,port_rcv_data,2.11385e+12
2026-09-30T06:50:17.123Z,gpu-3uwoq-6g3ya-1,ib_counter,rdma_vf_rail0,port_xmit_packets,1.10305e+09
2026-09-30T06:50:17.123Z,gpu-3uwoq-6g3ya-1,ib_counter,rdma_vf_rail0,port_rcv_packets,7.38804e+08
2026-09-30T06:50:17.123Z,gpu-3uwoq-6g3ya-1,ib_counter,rdma_vf_rail0,port_xmit_wait,0
2026-09-30T06:50:17.123Z,gpu-3uwoq-6g3ya-1,ib_counter,rdma_vf_rail0,port_rcv_errors,0
2026-09-30T06:50:17.123Z,gpu-3uwoq-6g3ya-1,ib_counter,rdma_vf_rail0,port_xmit_discards,0
2026-09-30T06:50:17.123Z,gpu-3uwoq-6g3ya-1,ib_counter,rdma_vf_rail0,link_downed,0
2026-09-30T06:50:17.123Z,gpu-3uwoq-6g3ya-1,ib_hw_counter,rdma_vf_rail0,out_of_sequence,0
2026-09-30T06:50:17.123Z,gpu-3uwoq-6g3ya-1,ib_hw_counter,rdma_vf_rail0,packet_seq_err,8
2026-09-30T06:50:17.123Z,gpu-3uwoq-6g3ya-1,ib_hw_counter,rdma_vf_rail0,local_ack_timeout_err,0
2026-09-30T06:50:17.123Z,gpu-3uwoq-6g3ya-1,ib_hw_counter,rdma_vf_rail0,rx_write_requests,4.4503e+08
2026-09-30T06:50:17.123Z,gpu-3uwoq-6g3ya-1,ib_hw_counter,rdma_vf_rail0,rx_read_requests,9.0462e+06
2026-09-30T06:50:17.123Z,gpu-3uwoq-6g3ya-1,ib_hw_counter,rdma_vf_rail0,req_cqe_error,0
2026-09-30T06:50:17.123Z,gpu-3uwoq-6g3ya-1,ib_hw_counter,rdma_vf_rail0,resp_cqe_error,0
2026-09-30T06:50:17.123Z,gpu-3uwoq-6g3ya-1,ib_hw_counter,rdma_vf_rail0,implied_nak_seq_err,0
2026-09-30T06:50:17.123Z,gpu-3uwoq-6g3ya-1,ib_hw_counter,rdma_vf_rail0,duplicate_request,0
2026-09-30T06:50:17.123Z,gpu-3uwoq-6g3ya-1,ib_counter,rdma_vf_rail1,port_xmit_data,3.97368e+12
2026-09-30T06:50:17.123Z,gpu-3uwoq-6g3ya-1,ib_counter,rdma_vf_rail1,port_rcv_data,2.00573e+12
2026-09-30T06:50:17.123Z,gpu-3uwoq-6g3ya-1,ib_counter,rdma_vf_rail1,port_xmit_packets,1.07687e+09
2026-09-30T06:50:17.123Z,gpu-3uwoq-6g3ya-1,ib_counter,rdma_vf_rail1,port_rcv_packets,7.07728e+08
2026-09-30T06:50:17.123Z,gpu-3uwoq-6g3ya-1,ib_counter,rdma_vf_rail1,port_xmit_wait,0
2026-09-30T06:50:17.123Z,gpu-3uwoq-6g3ya-1,ib_counter,rdma_vf_rail1,port_rcv_errors,0
2026-09-30T06:50:17.123Z,gpu-3uwoq-6g3ya-1,ib_counter,rdma_vf_rail1,port_xmit_discards,0
2026-09-30T06:50:17.123Z,gpu-3uwoq-6g3ya-1,ib_counter,rdma_vf_rail1,link_downed,0
2026-09-30T06:50:17.123Z,gpu-3uwoq-6g3ya-1,ib_hw_counter,rdma_vf_rail1,out_of_sequence,0
2026-09-30T06:50:17.123Z,gpu-3uwoq-6g3ya-1,ib_hw_counter,rdma_vf_rail1,packet_seq_err,8
2026-09-30T06:50:17.123Z,gpu-3uwoq-6g3ya-1,ib_hw_counter,rdma_vf_rail1,local_ack_timeout_err,0
2026-09-30T06:50:17.123Z,gpu-3uwoq-6g3ya-1,ib_hw_counter,rdma_vf_rail1,rx_write_requests,4.43433e+08
2026-09-30T06:50:17.123Z,gpu-3uwoq-6g3ya-1,ib_hw_counter,rdma_vf_rail1,rx_read_requests,8.24518e+06
2026-09-30T06:50:17.123Z,gpu-3uwoq-6g3ya-1,ib_hw_counter,rdma_vf_rail1,req_cqe_error,0
2026-09-30T06:50:17.123Z,gpu-3uwoq-6g3ya-1,ib_hw_counter,rdma_vf_rail1,resp_cqe_error,0
2026-09-30T06:50:17.123Z,gpu-3uwoq-6g3ya-1,ib_hw_counter,rdma_vf_rail1,implied_nak_seq_err,0
2026-09-30T06:50:17.123Z,gpu-3uwoq-6g3ya-1,ib_hw_counter,rdma_vf_rail1,duplicate_request,0
2026-09-30T06:50:17.123Z,gpu-3uwoq-6g3ya-1,ib_counter,rdma_vf_rail2,port_xmit_data,3.94617e+12
2026-09-30T06:50:17.123Z,gpu-3uwoq-6g3ya-1,ib_counter,rdma_vf_rail2,port_rcv_data,1.97796e+12
2026-09-30T06:50:17.123Z,gpu-3uwoq-6g3ya-1,ib_counter,rdma_vf_rail2,port_xmit_packets,1.06232e+09
2026-09-30T06:50:17.123Z,gpu-3uwoq-6g3ya-1,ib_counter,rdma_vf_rail2,port_rcv_packets,6.88687e+08
2026-09-30T06:50:17.123Z,gpu-3uwoq-6g3ya-1,ib_counter,rdma_vf_rail2,port_xmit_wait,0
2026-09-30T06:50:17.123Z,gpu-3uwoq-6g3ya-1,ib_counter,rdma_vf_rail2,port_rcv_errors,0
2026-09-30T06:50:17.123Z,gpu-3uwoq-6g3ya-1,ib_counter,rdma_vf_rail2,port_xmit_discards,0
2026-09-30T06:50:17.123Z,gpu-3uwoq-6g3ya-1,ib_counter,rdma_vf_rail2,link_downed,0
2026-09-30T06:50:17.123Z,gpu-3uwoq-6g3ya-1,ib_hw_counter,rdma_vf_rail2,out_of_sequence,0
2026-09-30T06:50:17.123Z,gpu-3uwoq-6g3ya-1,ib_hw_counter,rdma_vf_rail2,packet_seq_err,7
2026-09-30T06:50:17.123Z,gpu-3uwoq-6g3ya-1,ib_hw_counter,rdma_vf_rail2,local_ack_timeout_err,0
2026-09-30T06:50:17.123Z,gpu-3uwoq-6g3ya-1,ib_hw_counter,rdma_vf_rail2,rx_write_requests,4.43005e+08
2026-09-30T06:50:17.123Z,gpu-3uwoq-6g3ya-1,ib_hw_counter,rdma_vf_rail2,rx_read_requests,8.03756e+06
2026-09-30T06:50:17.123Z,gpu-3uwoq-6g3ya-1,ib_hw_counter,rdma_vf_rail2,req_cqe_error,0
2026-09-30T06:50:17.123Z,gpu-3uwoq-6g3ya-1,ib_hw_counter,rdma_vf_rail2,resp_cqe_error,0
2026-09-30T06:50:17.123Z,gpu-3uwoq-6g3ya-1,ib_hw_counter,rdma_vf_rail2,implied_nak_seq_err,0
2026-09-30T06:50:17.123Z,gpu-3uwoq-6g3ya-1,ib_hw_counter,rdma_vf_rail2,duplicate_request,0
2026-09-30T06:50:17.123Z,gpu-3uwoq-6g3ya-1,ib_counter,rdma_vf_rail3,port_xmit_data,3.94643e+12
2026-09-30T06:50:17.123Z,gpu-3uwoq-6g3ya-1,ib_counter,rdma_vf_rail3,port_rcv_data,1.97772e+12
2026-09-30T06:50:17.123Z,gpu-3uwoq-6g3ya-1,ib_counter,rdma_vf_rail3,port_xmit_packets,1.06309e+09
2026-09-30T06:50:17.123Z,gpu-3uwoq-6g3ya-1,ib_counter,rdma_vf_rail3,port_rcv_packets,6.85505e+08
2026-09-30T06:50:17.123Z,gpu-3uwoq-6g3ya-1,ib_counter,rdma_vf_rail3,port_xmit_wait,0
2026-09-30T06:50:17.123Z,gpu-3uwoq-6g3ya-1,ib_counter,rdma_vf_rail3,port_rcv_errors,0
2026-09-30T06:50:17.123Z,gpu-3uwoq-6g3ya-1,ib_counter,rdma_vf_rail3,port_xmit_discards,0
2026-09-30T06:50:17.123Z,gpu-3uwoq-6g3ya-1,ib_counter,rdma_vf_rail3,link_downed,0
2026-09-30T06:50:17.123Z,gpu-3uwoq-6g3ya-1,ib_hw_counter,rdma_vf_rail3,out_of_sequence,1
2026-09-30T06:50:17.123Z,gpu-3uwoq-6g3ya-1,ib_hw_counter,rdma_vf_rail3,packet_seq_err,7
2026-09-30T06:50:17.123Z,gpu-3uwoq-6g3ya-1,ib_hw_counter,rdma_vf_rail3,local_ack_timeout_err,0
2026-09-30T06:50:17.123Z,gpu-3uwoq-6g3ya-1,ib_hw_counter,rdma_vf_rail3,rx_write_requests,4.43005e+08
2026-09-30T06:50:17.123Z,gpu-3uwoq-6g3ya-1,ib_hw_counter,rdma_vf_rail3,rx_read_requests,8.03756e+06
2026-09-30T06:50:17.123Z,gpu-3uwoq-6g3ya-1,ib_hw_counter,rdma_vf_rail3,req_cqe_error,0
2026-09-30T06:50:17.123Z,gpu-3uwoq-6g3ya-1,ib_hw_counter,rdma_vf_rail3,resp_cqe_error,0
2026-09-30T06:50:17.123Z,gpu-3uwoq-6g3ya-1,ib_hw_counter,rdma_vf_rail3,implied_nak_seq_err,0
2026-09-30T06:50:17.123Z,gpu-3uwoq-6g3ya-1,ib_hw_counter,rdma_vf_rail3,duplicate_request,0
2026-09-30T06:50:17.123Z,gpu-3uwoq-6g3ya-1,dcgm,gpu2,gpu_util,0
2026-09-30T06:50:17.123Z,gpu-3uwoq-6g3ya-1,dcgm,gpu3,gpu_util,0
2026-09-30T06:50:17.123Z,gpu-3uwoq-6g3ya-1,dcgm,gpu0,gpu_util,0
2026-09-30T06:50:17.123Z,gpu-3uwoq-6g3ya-1,dcgm,gpu1,gpu_util,0
2026-09-30T06:50:17.123Z,gpu-3uwoq-6g3ya-1,dcgm,gpu2,nvlink_bandwidth_total,0
2026-09-30T06:50:17.123Z,gpu-3uwoq-6g3ya-1,dcgm,gpu3,nvlink_bandwidth_total,0
2026-09-30T06:50:17.123Z,gpu-3uwoq-6g3ya-1,dcgm,gpu0,nvlink_bandwidth_total,0
2026-09-30T06:50:17.123Z,gpu-3uwoq-6g3ya-1,dcgm,gpu1,nvlink_bandwidth_total,0
2026-09-30T06:50:17.123Z,gpu-3uwoq-6g3ya-1,dcgm,gpu2,power_w,222.82
2026-09-30T06:50:17.123Z,gpu-3uwoq-6g3ya-1,dcgm,gpu3,power_w,227.185
2026-09-30T06:50:17.123Z,gpu-3uwoq-6g3ya-1,dcgm,gpu0,power_w,230.166
2026-09-30T06:50:17.123Z,gpu-3uwoq-6g3ya-1,dcgm,gpu1,power_w,227.791
2026-09-30T06:50:17.123Z,gpu-3uwoq-6g3ya-1,dcgm,gpu2,sm_clock_mhz,2070
2026-09-30T06:50:17.123Z,gpu-3uwoq-6g3ya-1,dcgm,gpu3,sm_clock_mhz,2070
2026-09-30T06:50:17.123Z,gpu-3uwoq-6g3ya-1,dcgm,gpu0,sm_clock_mhz,2070
2026-09-30T06:50:17.123Z,gpu-3uwoq-6g3ya-1,dcgm,gpu1,sm_clock_mhz,2070
2026-09-30T06:50:17.123Z,gpu-3uwoq-6g3ya-1,dcgm,gpu2,dram_active,0
2026-09-30T06:50:17.123Z,gpu-3uwoq-6g3ya-1,dcgm,gpu3,dram_active,0
2026-09-30T06:50:17.123Z,gpu-3uwoq-6g3ya-1,dcgm,gpu0,dram_active,0
2026-09-30T06:50:17.123Z,gpu-3uwoq-6g3ya-1,dcgm,gpu1,dram_active,1e-06
2026-09-30T06:50:17.123Z,gpu-3uwoq-6g3ya-1,dcgm,gpu2,pcie_rx_bytes,177550
2026-09-30T06:50:17.123Z,gpu-3uwoq-6g3ya-1,dcgm,gpu3,pcie_rx_bytes,102208
2026-09-30T06:50:17.123Z,gpu-3uwoq-6g3ya-1,dcgm,gpu0,pcie_rx_bytes,204835
2026-09-30T06:50:17.123Z,gpu-3uwoq-6g3ya-1,dcgm,gpu1,pcie_rx_bytes,290645
2026-09-30T06:50:17.123Z,gpu-3uwoq-6g3ya-1,dcgm,gpu2,pcie_tx_bytes,167626
2026-09-30T06:50:17.123Z,gpu-3uwoq-6g3ya-1,dcgm,gpu3,pcie_tx_bytes,93582
2026-09-30T06:50:17.123Z,gpu-3uwoq-6g3ya-1,dcgm,gpu0,pcie_tx_bytes,195403
2026-09-30T06:50:17.123Z,gpu-3uwoq-6g3ya-1,dcgm,gpu1,pcie_tx_bytes,268431
2026-09-30T06:50:17.123Z,gpu-3uwoq-6g3ya-1,dcgm,gpu2,tensor_active,0
2026-09-30T06:50:17.123Z,gpu-3uwoq-6g3ya-1,dcgm,gpu3,tensor_active,0
2026-09-30T06:50:17.123Z,gpu-3uwoq-6g3ya-1,dcgm,gpu0,tensor_active,0
2026-09-30T06:50:17.123Z,gpu-3uwoq-6g3ya-1,dcgm,gpu1,tensor_active,0
2026-09-30T06:50:17.123Z,gpu-3uwoq-6g3ya-1,dcgm,gpu2,sm_active,0
2026-09-30T06:50:17.123Z,gpu-3uwoq-6g3ya-1,dcgm,gpu3,sm_active,0
2026-09-30T06:50:17.123Z,gpu-3uwoq-6g3ya-1,dcgm,gpu0,sm_active,0
2026-09-30T06:50:17.123Z,gpu-3uwoq-6g3ya-1,dcgm,gpu1,sm_active,0
2026-09-30T06:50:17.123Z,gpu-3uwoq-6g3ya-1,nvlink,gpu0,nvlink_rx_bytes,1.03783e+13
2026-09-30T06:50:17.123Z,gpu-3uwoq-6g3ya-1,nvlink,gpu0,nvlink_tx_bytes,1.03828e+13
2026-09-30T06:50:17.123Z,gpu-3uwoq-6g3ya-1,nvlink,gpu1,nvlink_rx_bytes,1.05327e+13
2026-09-30T06:50:17.123Z,gpu-3uwoq-6g3ya-1,nvlink,gpu1,nvlink_tx_bytes,1.05357e+13
2026-09-30T06:50:17.123Z,gpu-3uwoq-6g3ya-1,nvlink,gpu2,nvlink_rx_bytes,1.04008e+13
2026-09-30T06:50:17.123Z,gpu-3uwoq-6g3ya-1,nvlink,gpu2,nvlink_tx_bytes,1.04047e+13
2026-09-30T06:50:17.123Z,gpu-3uwoq-6g3ya-1,nvlink,gpu3,nvlink_rx_bytes,1.03502e+13
2026-09-30T06:50:17.123Z,gpu-3uwoq-6g3ya-1,nvlink,gpu3,nvlink_tx_bytes,1.03535e+13
2026-09-30T06:50:18.124Z,gpu-3uwoq-6g3ya-1,ib_counter,rdma_vf_rail0,port_xmit_data,4.08122e+12
2026-09-30T06:50:18.124Z,gpu-3uwoq-6g3ya-1,ib_counter,rdma_vf_rail0,port_rcv_data,2.11385e+12
2026-09-30T06:50:18.124Z,gpu-3uwoq-6g3ya-1,ib_counter,rdma_vf_rail0,port_xmit_packets,1.10305e+09
2026-09-30T06:50:18.124Z,gpu-3uwoq-6g3ya-1,ib_counter,rdma_vf_rail0,port_rcv_packets,7.38804e+08
2026-09-30T06:50:18.124Z,gpu-3uwoq-6g3ya-1,ib_counter,rdma_vf_rail0,port_xmit_wait,0
2026-09-30T06:50:18.124Z,gpu-3uwoq-6g3ya-1,ib_counter,rdma_vf_rail0,port_rcv_errors,0
2026-09-30T06:50:18.124Z,gpu-3uwoq-6g3ya-1,ib_counter,rdma_vf_rail0,port_xmit_discards,0
2026-09-30T06:50:18.124Z,gpu-3uwoq-6g3ya-1,ib_counter,rdma_vf_rail0,link_downed,0
2026-09-30T06:50:18.124Z,gpu-3uwoq-6g3ya-1,ib_hw_counter,rdma_vf_rail0,out_of_sequence,0
2026-09-30T06:50:18.124Z,gpu-3uwoq-6g3ya-1,ib_hw_counter,rdma_vf_rail0,packet_seq_err,8
2026-09-30T06:50:18.124Z,gpu-3uwoq-6g3ya-1,ib_hw_counter,rdma_vf_rail0,local_ack_timeout_err,0
2026-09-30T06:50:18.124Z,gpu-3uwoq-6g3ya-1,ib_hw_counter,rdma_vf_rail0,rx_write_requests,4.4503e+08
2026-09-30T06:50:18.124Z,gpu-3uwoq-6g3ya-1,ib_hw_counter,rdma_vf_rail0,rx_read_requests,9.0462e+06
2026-09-30T06:50:18.124Z,gpu-3uwoq-6g3ya-1,ib_hw_counter,rdma_vf_rail0,req_cqe_error,0
2026-09-30T06:50:18.124Z,gpu-3uwoq-6g3ya-1,ib_hw_counter,rdma_vf_rail0,resp_cqe_error,0
2026-09-30T06:50:18.124Z,gpu-3uwoq-6g3ya-1,ib_hw_counter,rdma_vf_rail0,implied_nak_seq_err,0
2026-09-30T06:50:18.124Z,gpu-3uwoq-6g3ya-1,ib_hw_counter,rdma_vf_rail0,duplicate_request,0
2026-09-30T06:50:18.124Z,gpu-3uwoq-6g3ya-1,ib_counter,rdma_vf_rail1,port_xmit_data,3.97368e+12
2026-09-30T06:50:18.124Z,gpu-3uwoq-6g3ya-1,ib_counter,rdma_vf_rail1,port_rcv_data,2.00573e+12
2026-09-30T06:50:18.124Z,gpu-3uwoq-6g3ya-1,ib_counter,rdma_vf_rail1,port_xmit_packets,1.07687e+09
2026-09-30T06:50:18.124Z,gpu-3uwoq-6g3ya-1,ib_counter,rdma_vf_rail1,port_rcv_packets,7.07728e+08
2026-09-30T06:50:18.124Z,gpu-3uwoq-6g3ya-1,ib_counter,rdma_vf_rail1,port_xmit_wait,0
2026-09-30T06:50:18.124Z,gpu-3uwoq-6g3ya-1,ib_counter,rdma_vf_rail1,port_rcv_errors,0
2026-09-30T06:50:18.124Z,gpu-3uwoq-6g3ya-1,ib_counter,rdma_vf_rail1,port_xmit_discards,0
2026-09-30T06:50:18.124Z,gpu-3uwoq-6g3ya-1,ib_counter,rdma_vf_rail1,link_downed,0
2026-09-30T06:50:18.124Z,gpu-3uwoq-6g3ya-1,ib_hw_counter,rdma_vf_rail1,out_of_sequence,0
2026-09-30T06:50:18.124Z,gpu-3uwoq-6g3ya-1,ib_hw_counter,rdma_vf_rail1,packet_seq_err,8
2026-09-30T06:50:18.124Z,gpu-3uwoq-6g3ya-1,ib_hw_counter,rdma_vf_rail1,local_ack_timeout_err,0
2026-09-30T06:50:18.124Z,gpu-3uwoq-6g3ya-1,ib_hw_counter,rdma_vf_rail1,rx_write_requests,4.43433e+08
2026-09-30T06:50:18.124Z,gpu-3uwoq-6g3ya-1,ib_hw_counter,rdma_vf_rail1,rx_read_requests,8.24518e+06
2026-09-30T06:50:18.124Z,gpu-3uwoq-6g3ya-1,ib_hw_counter,rdma_vf_rail1,req_cqe_error,0
2026-09-30T06:50:18.124Z,gpu-3uwoq-6g3ya-1,ib_hw_counter,rdma_vf_rail1,resp_cqe_error,0
2026-09-30T06:50:18.124Z,gpu-3uwoq-6g3ya-1,ib_hw_counter,rdma_vf_rail1,implied_nak_seq_err,0
2026-09-30T06:50:18.124Z,gpu-3uwoq-6g3ya-1,ib_hw_counter,rdma_vf_rail1,duplicate_request,0
2026-09-30T06:50:18.124Z,gpu-3uwoq-6g3ya-1,ib_counter,rdma_vf_rail2,port_xmit_data,3.94617e+12
2026-09-30T06:50:18.124Z,gpu-3uwoq-6g3ya-1,ib_counter,rdma_vf_rail2,port_rcv_data,1.97796e+12
2026-09-30T06:50:18.124Z,gpu-3uwoq-6g3ya-1,ib_counter,rdma_vf_rail2,port_xmit_packets,1.06232e+09
2026-09-30T06:50:18.124Z,gpu-3uwoq-6g3ya-1,ib_counter,rdma_vf_rail2,port_rcv_packets,6.88687e+08
2026-09-30T06:50:18.124Z,gpu-3uwoq-6g3ya-1,ib_counter,rdma_vf_rail2,port_xmit_wait,0
2026-09-30T06:50:18.124Z,gpu-3uwoq-6g3ya-1,ib_counter,rdma_vf_rail2,port_rcv_errors,0
2026-09-30T06:50:18.124Z,gpu-3uwoq-6g3ya-1,ib_counter,rdma_vf_rail2,port_xmit_discards,0
2026-09-30T06:50:18.124Z,gpu-3uwoq-6g3ya-1,ib_counter,rdma_vf_rail2,link_downed,0
2026-09-30T06:50:18.124Z,gpu-3uwoq-6g3ya-1,ib_hw_counter,rdma_vf_rail2,out_of_sequence,0
2026-09-30T06:50:18.124Z,gpu-3uwoq-6g3ya-1,ib_hw_counter,rdma_vf_rail2,packet_seq_err,7
2026-09-30T06:50:18.124Z,gpu-3uwoq-6g3ya-1,ib_hw_counter,rdma_vf_rail2,local_ack_timeout_err,0
2026-09-30T06:50:18.124Z,gpu-3uwoq-6g3ya-1,ib_hw_counter,rdma_vf_rail2,rx_write_requests,4.43005e+08
2026-09-30T06:50:18.124Z,gpu-3uwoq-6g3ya-1,ib_hw_counter,rdma_vf_rail2,rx_read_requests,8.03756e+06
2026-09-30T06:50:18.124Z,gpu-3uwoq-6g3ya-1,ib_hw_counter,rdma_vf_rail2,req_cqe_error,0
2026-09-30T06:50:18.124Z,gpu-3uwoq-6g3ya-1,ib_hw_counter,rdma_vf_rail2,resp_cqe_error,0
2026-09-30T06:50:18.124Z,gpu-3uwoq-6g3ya-1,ib_hw_counter,rdma_vf_rail2,implied_nak_seq_err,0
2026-09-30T06:50:18.124Z,gpu-3uwoq-6g3ya-1,ib_hw_counter,rdma_vf_rail2,duplicate_request,0
2026-09-30T06:50:18.124Z,gpu-3uwoq-6g3ya-1,ib_counter,rdma_vf_rail3,port_xmit_data,3.94643e+12
2026-09-30T06:50:18.124Z,gpu-3uwoq-6g3ya-1,ib_counter,rdma_vf_rail3,port_rcv_data,1.97772e+12
2026-09-30T06:50:18.124Z,gpu-3uwoq-6g3ya-1,ib_counter,rdma_vf_rail3,port_xmit_packets,1.06309e+09
2026-09-30T06:50:18.124Z,gpu-3uwoq-6g3ya-1,ib_counter,rdma_vf_rail3,port_rcv_packets,6.85505e+08
2026-09-30T06:50:18.124Z,gpu-3uwoq-6g3ya-1,ib_counter,rdma_vf_rail3,port_xmit_wait,0
2026-09-30T06:50:18.124Z,gpu-3uwoq-6g3ya-1,ib_counter,rdma_vf_rail3,port_rcv_errors,0
2026-09-30T06:50:18.124Z,gpu-3uwoq-6g3ya-1,ib_counter,rdma_vf_rail3,port_xmit_discards,0
2026-09-30T06:50:18.124Z,gpu-3uwoq-6g3ya-1,ib_counter,rdma_vf_rail3,link_downed,0
2026-09-30T06:50:18.124Z,gpu-3uwoq-6g3ya-1,ib_hw_counter,rdma_vf_rail3,out_of_sequence,1
2026-09-30T06:50:18.124Z,gpu-3uwoq-6g3ya-1,ib_hw_counter,rdma_vf_rail3,packet_seq_err,7
2026-09-30T06:50:18.124Z,gpu-3uwoq-6g3ya-1,ib_hw_counter,rdma_vf_rail3,local_ack_timeout_err,0
2026-09-30T06:50:18.124Z,gpu-3uwoq-6g3ya-1,ib_hw_counter,rdma_vf_rail3,rx_write_requests,4.43005e+08
2026-09-30T06:50:18.124Z,gpu-3uwoq-6g3ya-1,ib_hw_counter,rdma_vf_rail3,rx_read_requests,8.03756e+06
2026-09-30T06:50:18.124Z,gpu-3uwoq-6g3ya-1,ib_hw_counter,rdma_vf_rail3,req_cqe_error,0
2026-09-30T06:50:18.124Z,gpu-3uwoq-6g3ya-1,ib_hw_counter,rdma_vf_rail3,resp_cqe_error,0
2026-09-30T06:50:18.124Z,gpu-3uwoq-6g3ya-1,ib_hw_counter,rdma_vf_rail3,implied_nak_seq_err,0
2026-09-30T06:50:18.124Z,gpu-3uwoq-6g3ya-1,ib_hw_counter,rdma_vf_rail3,duplicate_request,0
2026-09-30T06:50:18.124Z,gpu-3uwoq-6g3ya-1,dcgm,gpu2,gpu_util,0
2026-09-30T06:50:18.124Z,gpu-3uwoq-6g3ya-1,dcgm,gpu3,gpu_util,0
2026-09-30T06:50:18.124Z,gpu-3uwoq-6g3ya-1,dcgm,gpu0,gpu_util,0
2026-09-30T06:50:18.124Z,gpu-3uwoq-6g3ya-1,dcgm,gpu1,gpu_util,0
2026-09-30T06:50:18.124Z,gpu-3uwoq-6g3ya-1,dcgm,gpu2,nvlink_bandwidth_total,0
2026-09-30T06:50:18.124Z,gpu-3uwoq-6g3ya-1,dcgm,gpu3,nvlink_bandwidth_total,0
2026-09-30T06:50:18.124Z,gpu-3uwoq-6g3ya-1,dcgm,gpu0,nvlink_bandwidth_total,0
2026-09-30T06:50:18.124Z,gpu-3uwoq-6g3ya-1,dcgm,gpu1,nvlink_bandwidth_total,0
2026-09-30T06:50:18.124Z,gpu-3uwoq-6g3ya-1,dcgm,gpu2,power_w,222.82
2026-09-30T06:50:18.124Z,gpu-3uwoq-6g3ya-1,dcgm,gpu3,power_w,227.185
2026-09-30T06:50:18.124Z,gpu-3uwoq-6g3ya-1,dcgm,gpu0,power_w,230.166
2026-09-30T06:50:18.124Z,gpu-3uwoq-6g3ya-1,dcgm,gpu1,power_w,227.791
2026-09-30T06:50:18.124Z,gpu-3uwoq-6g3ya-1,dcgm,gpu2,sm_clock_mhz,2070
2026-09-30T06:50:18.124Z,gpu-3uwoq-6g3ya-1,dcgm,gpu3,sm_clock_mhz,2070
2026-09-30T06:50:18.124Z,gpu-3uwoq-6g3ya-1,dcgm,gpu0,sm_clock_mhz,2070
2026-09-30T06:50:18.124Z,gpu-3uwoq-6g3ya-1,dcgm,gpu1,sm_clock_mhz,2070
2026-09-30T06:50:18.124Z,gpu-3uwoq-6g3ya-1,dcgm,gpu2,dram_active,0
2026-09-30T06:50:18.124Z,gpu-3uwoq-6g3ya-1,dcgm,gpu3,dram_active,0
2026-09-30T06:50:18.124Z,gpu-3uwoq-6g3ya-1,dcgm,gpu0,dram_active,0
2026-09-30T06:50:18.124Z,gpu-3uwoq-6g3ya-1,dcgm,gpu1,dram_active,1e-06
2026-09-30T06:50:18.124Z,gpu-3uwoq-6g3ya-1,dcgm,gpu2,pcie_rx_bytes,177550
2026-09-30T06:50:18.124Z,gpu-3uwoq-6g3ya-1,dcgm,gpu3,pcie_rx_bytes,102208
2026-09-30T06:50:18.124Z,gpu-3uwoq-6g3ya-1,dcgm,gpu0,pcie_rx_bytes,204835
2026-09-30T06:50:18.124Z,gpu-3uwoq-6g3ya-1,dcgm,gpu1,pcie_rx_bytes,290645
2026-09-30T06:50:18.124Z,gpu-3uwoq-6g3ya-1,dcgm,gpu2,pcie_tx_bytes,167626
2026-09-30T06:50:18.124Z,gpu-3uwoq-6g3ya-1,dcgm,gpu3,pcie_tx_bytes,93582
2026-09-30T06:50:18.124Z,gpu-3uwoq-6g3ya-1,dcgm,gpu0,pcie_tx_bytes,195403
2026-09-30T06:50:18.124Z,gpu-3uwoq-6g3ya-1,dcgm,gpu1,pcie_tx_bytes,268431
2026-09-30T06:50:18.124Z,gpu-3uwoq-6g3ya-1,dcgm,gpu2,tensor_active,0
2026-09-30T06:50:18.124Z,gpu-3uwoq-6g3ya-1,dcgm,gpu3,tensor_active,0
2026-09-30T06:50:18.124Z,gpu-3uwoq-6g3ya-1,dcgm,gpu0,tensor_active,0
2026-09-30T06:50:18.124Z,gpu-3uwoq-6g3ya-1,dcgm,gpu1,tensor_active,0
2026-09-30T06:50:18.124Z,gpu-3uwoq-6g3ya-1,dcgm,gpu2,sm_active,0
2026-09-30T06:50:18.124Z,gpu-3uwoq-6g3ya-1,dcgm,gpu3,sm_active,0
2026-09-30T06:50:18.124Z,gpu-3uwoq-6g3ya-1,dcgm,gpu0,sm_active,0
2026-09-30T06:50:18.124Z,gpu-3uwoq-6g3ya-1,dcgm,gpu1,sm_active,0
2026-09-30T06:50:18.124Z,gpu-3uwoq-6g3ya-1,nvlink,gpu0,nvlink_rx_bytes,1.03783e+13
2026-09-30T06:50:18.124Z,gpu-3uwoq-6g3ya-1,nvlink,gpu0,nvlink_tx_bytes,1.03828e+13
2026-09-30T06:50:18.124Z,gpu-3uwoq-6g3ya-1,nvlink,gpu1,nvlink_rx_bytes,1.05327e+13
2026-09-30T06:50:18.124Z,gpu-3uwoq-6g3ya-1,nvlink,gpu1,nvlink_tx_bytes,1.05357e+13
2026-09-30T06:50:18.124Z,gpu-3uwoq-6g3ya-1,nvlink,gpu2,nvlink_rx_bytes,1.04008e+13
2026-09-30T06:50:18.124Z,gpu-3uwoq-6g3ya-1,nvlink,gpu2,nvlink_tx_bytes,1.04047e+13
2026-09-30T06:50:18.124Z,gpu-3uwoq-6g3ya-1,nvlink,gpu3,nvlink_rx_bytes,1.03502e+13
2026-09-30T06:50:18.124Z,gpu-3uwoq-6g3ya-1,nvlink,gpu3,nvlink_tx_bytes,1.03535e+13
2026-09-30T06:50:19.124Z,gpu-3uwoq-6g3ya-1,ib_counter,rdma_vf_rail0,port_xmit_data,4.08122e+12
2026-09-30T06:50:19.124Z,gpu-3uwoq-6g3ya-1,ib_counter,rdma_vf_rail0,port_rcv_data,2.11385e+12
2026-09-30T06:50:19.124Z,gpu-3uwoq-6g3ya-1,ib_counter,rdma_vf_rail0,port_xmit_packets,1.10305e+09
2026-09-30T06:50:19.124Z,gpu-3uwoq-6g3ya-1,ib_counter,rdma_vf_rail0,port_rcv_packets,7.38804e+08
2026-09-30T06:50:19.124Z,gpu-3uwoq-6g3ya-1,ib_counter,rdma_vf_rail0,port_xmit_wait,0
2026-09-30T06:50:19.124Z,gpu-3uwoq-6g3ya-1,ib_counter,rdma_vf_rail0,port_rcv_errors,0
2026-09-30T06:50:19.124Z,gpu-3uwoq-6g3ya-1,ib_counter,rdma_vf_rail0,port_xmit_discards,0
2026-09-30T06:50:19.124Z,gpu-3uwoq-6g3ya-1,ib_counter,rdma_vf_rail0,link_downed,0
2026-09-30T06:50:19.124Z,gpu-3uwoq-6g3ya-1,ib_hw_counter,rdma_vf_rail0,out_of_sequence,0
2026-09-30T06:50:19.124Z,gpu-3uwoq-6g3ya-1,ib_hw_counter,rdma_vf_rail0,packet_seq_err,8
2026-09-30T06:50:19.124Z,gpu-3uwoq-6g3ya-1,ib_hw_counter,rdma_vf_rail0,local_ack_timeout_err,0
2026-09-30T06:50:19.124Z,gpu-3uwoq-6g3ya-1,ib_hw_counter,rdma_vf_rail0,rx_write_requests,4.4503e+08
2026-09-30T06:50:19.124Z,gpu-3uwoq-6g3ya-1,ib_hw_counter,rdma_vf_rail0,rx_read_requests,9.0462e+06
2026-09-30T06:50:19.124Z,gpu-3uwoq-6g3ya-1,ib_hw_counter,rdma_vf_rail0,req_cqe_error,0
2026-09-30T06:50:19.124Z,gpu-3uwoq-6g3ya-1,ib_hw_counter,rdma_vf_rail0,resp_cqe_error,0
2026-09-30T06:50:19.124Z,gpu-3uwoq-6g3ya-1,ib_hw_counter,rdma_vf_rail0,implied_nak_seq_err,0
2026-09-30T06:50:19.124Z,gpu-3uwoq-6g3ya-1,ib_hw_counter,rdma_vf_rail0,duplicate_request,0
2026-09-30T06:50:19.124Z,gpu-3uwoq-6g3ya-1,ib_counter,rdma_vf_rail1,port_xmit_data,3.97368e+12
2026-09-30T06:50:19.124Z,gpu-3uwoq-6g3ya-1,ib_counter,rdma_vf_rail1,port_rcv_data,2.00573e+12
2026-09-30T06:50:19.124Z,gpu-3uwoq-6g3ya-1,ib_counter,rdma_vf_rail1,port_xmit_packets,1.07687e+09
2026-09-30T06:50:19.124Z,gpu-3uwoq-6g3ya-1,ib_counter,rdma_vf_rail1,port_rcv_packets,7.07728e+08
2026-09-30T06:50:19.124Z,gpu-3uwoq-6g3ya-1,ib_counter,rdma_vf_rail1,port_xmit_wait,0
2026-09-30T06:50:19.124Z,gpu-3uwoq-6g3ya-1,ib_counter,rdma_vf_rail1,port_rcv_errors,0
2026-09-30T06:50:19.124Z,gpu-3uwoq-6g3ya-1,ib_counter,rdma_vf_rail1,port_xmit_discards,0
2026-09-30T06:50:19.124Z,gpu-3uwoq-6g3ya-1,ib_counter,rdma_vf_rail1,link_downed,0
2026-09-30T06:50:19.124Z,gpu-3uwoq-6g3ya-1,ib_hw_counter,rdma_vf_rail1,out_of_sequence,0
2026-09-30T06:50:19.124Z,gpu-3uwoq-6g3ya-1,ib_hw_counter,rdma_vf_rail1,packet_seq_err,8
2026-09-30T06:50:19.124Z,gpu-3uwoq-6g3ya-1,ib_hw_counter,rdma_vf_rail1,local_ack_timeout_err,0
2026-09-30T06:50:19.124Z,gpu-3uwoq-6g3ya-1,ib_hw_counter,rdma_vf_rail1,rx_write_requests,4.43433e+08
2026-09-30T06:50:19.124Z,gpu-3uwoq-6g3ya-1,ib_hw_counter,rdma_vf_rail1,rx_read_requests,8.24518e+06
2026-09-30T06:50:19.124Z,gpu-3uwoq-6g3ya-1,ib_hw_counter,rdma_vf_rail1,req_cqe_error,0
2026-09-30T06:50:19.124Z,gpu-3uwoq-6g3ya-1,ib_hw_counter,rdma_vf_rail1,resp_cqe_error,0
2026-09-30T06:50:19.124Z,gpu-3uwoq-6g3ya-1,ib_hw_counter,rdma_vf_rail1,implied_nak_seq_err,0
2026-09-30T06:50:19.124Z,gpu-3uwoq-6g3ya-1,ib_hw_counter,rdma_vf_rail1,duplicate_request,0
2026-09-30T06:50:19.124Z,gpu-3uwoq-6g3ya-1,ib_counter,rdma_vf_rail2,port_xmit_data,3.94617e+12
2026-09-30T06:50:19.124Z,gpu-3uwoq-6g3ya-1,ib_counter,rdma_vf_rail2,port_rcv_data,1.97796e+12
2026-09-30T06:50:19.124Z,gpu-3uwoq-6g3ya-1,ib_counter,rdma_vf_rail2,port_xmit_packets,1.06232e+09
2026-09-30T06:50:19.124Z,gpu-3uwoq-6g3ya-1,ib_counter,rdma_vf_rail2,port_rcv_packets,6.88687e+08
2026-09-30T06:50:19.124Z,gpu-3uwoq-6g3ya-1,ib_counter,rdma_vf_rail2,port_xmit_wait,0
2026-09-30T06:50:19.124Z,gpu-3uwoq-6g3ya-1,ib_counter,rdma_vf_rail2,port_rcv_errors,0
2026-09-30T06:50:19.124Z,gpu-3uwoq-6g3ya-1,ib_counter,rdma_vf_rail2,port_xmit_discards,0
2026-09-30T06:50:19.124Z,gpu-3uwoq-6g3ya-1,ib_counter,rdma_vf_rail2,link_downed,0
2026-09-30T06:50:19.124Z,gpu-3uwoq-6g3ya-1,ib_hw_counter,rdma_vf_rail2,out_of_sequence,0
2026-09-30T06:50:19.124Z,gpu-3uwoq-6g3ya-1,ib_hw_counter,rdma_vf_rail2,packet_seq_err,7
2026-09-30T06:50:19.124Z,gpu-3uwoq-6g3ya-1,ib_hw_counter,rdma_vf_rail2,local_ack_timeout_err,0
2026-09-30T06:50:19.124Z,gpu-3uwoq-6g3ya-1,ib_hw_counter,rdma_vf_rail2,rx_write_requests,4.43005e+08
2026-09-30T06:50:19.124Z,gpu-3uwoq-6g3ya-1,ib_hw_counter,rdma_vf_rail2,rx_read_requests,8.03756e+06
2026-09-30T06:50:19.124Z,gpu-3uwoq-6g3ya-1,ib_hw_counter,rdma_vf_rail2,req_cqe_error,0
2026-09-30T06:50:19.124Z,gpu-3uwoq-6g3ya-1,ib_hw_counter,rdma_vf_rail2,resp_cqe_error,0
2026-09-30T06:50:19.124Z,gpu-3uwoq-6g3ya-1,ib_hw_counter,rdma_vf_rail2,implied_nak_seq_err,0
2026-09-30T06:50:19.124Z,gpu-3uwoq-6g3ya-1,ib_hw_counter,rdma_vf_rail2,duplicate_request,0
2026-09-30T06:50:19.124Z,gpu-3uwoq-6g3ya-1,ib_counter,rdma_vf_rail3,port_xmit_data,3.94643e+12
2026-09-30T06:50:19.124Z,gpu-3uwoq-6g3ya-1,ib_counter,rdma_vf_rail3,port_rcv_data,1.97772e+12
2026-09-30T06:50:19.124Z,gpu-3uwoq-6g3ya-1,ib_counter,rdma_vf_rail3,port_xmit_packets,1.06309e+09
2026-09-30T06:50:19.124Z,gpu-3uwoq-6g3ya-1,ib_counter,rdma_vf_rail3,port_rcv_packets,6.85505e+08
2026-09-30T06:50:19.124Z,gpu-3uwoq-6g3ya-1,ib_counter,rdma_vf_rail3,port_xmit_wait,0
2026-09-30T06:50:19.124Z,gpu-3uwoq-6g3ya-1,ib_counter,rdma_vf_rail3,port_rcv_errors,0
2026-09-30T06:50:19.124Z,gpu-3uwoq-6g3ya-1,ib_counter,rdma_vf_rail3,port_xmit_discards,0
2026-09-30T06:50:19.124Z,gpu-3uwoq-6g3ya-1,ib_counter,rdma_vf_rail3,link_downed,0
2026-09-30T06:50:19.124Z,gpu-3uwoq-6g3ya-1,ib_hw_counter,rdma_vf_rail3,out_of_sequence,1
2026-09-30T06:50:19.124Z,gpu-3uwoq-6g3ya-1,ib_hw_counter,rdma_vf_rail3,packet_seq_err,7
2026-09-30T06:50:19.124Z,gpu-3uwoq-6g3ya-1,ib_hw_counter,rdma_vf_rail3,local_ack_timeout_err,0
2026-09-30T06:50:19.124Z,gpu-3uwoq-6g3ya-1,ib_hw_counter,rdma_vf_rail3,rx_write_requests,4.43005e+08
2026-09-30T06:50:19.124Z,gpu-3uwoq-6g3ya-1,ib_hw_counter,rdma_vf_rail3,rx_read_requests,8.03756e+06
2026-09-30T06:50:19.124Z,gpu-3uwoq-6g3ya-1,ib_hw_counter,rdma_vf_rail3,req_cqe_error,0
2026-09-30T06:50:19.124Z,gpu-3uwoq-6g3ya-1,ib_hw_counter,rdma_vf_rail3,resp_cqe_error,0
2026-09-30T06:50:19.124Z,gpu-3uwoq-6g3ya-1,ib_hw_counter,rdma_vf_rail3,implied_nak_seq_err,0
2026-09-30T06:50:19.124Z,gpu-3uwoq-6g3ya-1,ib_hw_counter,rdma_vf_rail3,duplicate_request,0
2026-09-30T06:50:19.124Z,gpu-3uwoq-6g3ya-1,dcgm,gpu2,gpu_util,0
2026-09-30T06:50:19.124Z,gpu-3uwoq-6g3ya-1,dcgm,gpu3,gpu_util,0
2026-09-30T06:50:19.124Z,gpu-3uwoq-6g3ya-1,dcgm,gpu0,gpu_util,0
2026-09-30T06:50:19.124Z,gpu-3uwoq-6g3ya-1,dcgm,gpu1,gpu_util,0
2026-09-30T06:50:19.124Z,gpu-3uwoq-6g3ya-1,dcgm,gpu2,nvlink_bandwidth_total,0
2026-09-30T06:50:19.124Z,gpu-3uwoq-6g3ya-1,dcgm,gpu3,nvlink_bandwidth_total,0
2026-09-30T06:50:19.124Z,gpu-3uwoq-6g3ya-1,dcgm,gpu0,nvlink_bandwidth_total,0
2026-09-30T06:50:19.124Z,gpu-3uwoq-6g3ya-1,dcgm,gpu1,nvlink_bandwidth_total,0
2026-09-30T06:50:19.124Z,gpu-3uwoq-6g3ya-1,dcgm,gpu2,power_w,222.82
2026-09-30T06:50:19.124Z,gpu-3uwoq-6g3ya-1,dcgm,gpu3,power_w,227.185
2026-09-30T06:50:19.124Z,gpu-3uwoq-6g3ya-1,dcgm,gpu0,power_w,230.166
2026-09-30T06:50:19.124Z,gpu-3uwoq-6g3ya-1,dcgm,gpu1,power_w,227.791
2026-09-30T06:50:19.124Z,gpu-3uwoq-6g3ya-1,dcgm,gpu2,sm_clock_mhz,2070
2026-09-30T06:50:19.124Z,gpu-3uwoq-6g3ya-1,dcgm,gpu3,sm_clock_mhz,2070
2026-09-30T06:50:19.124Z,gpu-3uwoq-6g3ya-1,dcgm,gpu0,sm_clock_mhz,2070
2026-09-30T06:50:19.124Z,gpu-3uwoq-6g3ya-1,dcgm,gpu1,sm_clock_mhz,2070
2026-09-30T06:50:19.124Z,gpu-3uwoq-6g3ya-1,dcgm,gpu2,dram_active,0
2026-09-30T06:50:19.124Z,gpu-3uwoq-6g3ya-1,dcgm,gpu3,dram_active,0
2026-09-30T06:50:19.124Z,gpu-3uwoq-6g3ya-1,dcgm,gpu0,dram_active,0
2026-09-30T06:50:19.124Z,gpu-3uwoq-6g3ya-1,dcgm,gpu1,dram_active,1e-06
2026-09-30T06:50:19.124Z,gpu-3uwoq-6g3ya-1,dcgm,gpu2,pcie_rx_bytes,177550
2026-09-30T06:50:19.124Z,gpu-3uwoq-6g3ya-1,dcgm,gpu3,pcie_rx_bytes,102208
2026-09-30T06:50:19.124Z,gpu-3uwoq-6g3ya-1,dcgm,gpu0,pcie_rx_bytes,204835
2026-09-30T06:50:19.124Z,gpu-3uwoq-6g3ya-1,dcgm,gpu1,pcie_rx_bytes,290645
2026-09-30T06:50:19.124Z,gpu-3uwoq-6g3ya-1,dcgm,gpu2,pcie_tx_bytes,167626
2026-09-30T06:50:19.124Z,gpu-3uwoq-6g3ya-1,dcgm,gpu3,pcie_tx_bytes,93582
2026-09-30T06:50:19.124Z,gpu-3uwoq-6g3ya-1,dcgm,gpu0,pcie_tx_bytes,195403
2026-09-30T06:50:19.124Z,gpu-3uwoq-6g3ya-1,dcgm,gpu1,pcie_tx_bytes,268431
2026-09-30T06:50:19.124Z,gpu-3uwoq-6g3ya-1,dcgm,gpu2,tensor_active,0
2026-09-30T06:50:19.124Z,gpu-3uwoq-6g3ya-1,dcgm,gpu3,tensor_active,0
2026-09-30T06:50:19.124Z,gpu-3uwoq-6g3ya-1,dcgm,gpu0,tensor_active,0
2026-09-30T06:50:19.124Z,gpu-3uwoq-6g3ya-1,dcgm,gpu1,tensor_active,0
2026-09-30T06:50:19.124Z,gpu-3uwoq-6g3ya-1,dcgm,gpu2,sm_active,0
2026-09-30T06:50:19.124Z,gpu-3uwoq-6g3ya-1,dcgm,gpu3,sm_active,0
2026-09-30T06:50:19.124Z,gpu-3uwoq-6g3ya-1,dcgm,gpu0,sm_active,0
2026-09-30T06:50:19.124Z,gpu-3uwoq-6g3ya-1,dcgm,gpu1,sm_active,0
2026-09-30T06:50:19.124Z,gpu-3uwoq-6g3ya-1,nvlink,gpu0,nvlink_rx_bytes,1.03783e+13
2026-09-30T06:50:19.124Z,gpu-3uwoq-6g3ya-1,nvlink,gpu0,nvlink_tx_bytes,1.03828e+13
2026-09-30T06:50:19.124Z,gpu-3uwoq-6g3ya-1,nvlink,gpu1,nvlink_rx_bytes,1.05327e+13
2026-09-30T06:50:19.124Z,gpu-3uwoq-6g3ya-1,nvlink,gpu1,nvlink_tx_bytes,1.05357e+13
2026-09-30T06:50:19.124Z,gpu-3uwoq-6g3ya-1,nvlink,gpu2,nvlink_rx_bytes,1.04008e+13
2026-09-30T06:50:19.124Z,gpu-3uwoq-6g3ya-1,nvlink,gpu2,nvlink_tx_bytes,1.04047e+13
2026-09-30T06:50:19.124Z,gpu-3uwoq-6g3ya-1,nvlink,gpu3,nvlink_rx_bytes,1.03502e+13
2026-09-30T06:50:19.124Z,gpu-3uwoq-6g3ya-1,nvlink,gpu3,nvlink_tx_bytes,1.03535e+13
2026-09-30T06:50:20.124Z,gpu-3uwoq-6g3ya-1,ib_counter,rdma_vf_rail0,port_xmit_data,4.08122e+12
2026-09-30T06:50:20.124Z,gpu-3uwoq-6g3ya-1,ib_counter,rdma_vf_rail0,port_rcv_data,2.11385e+12
2026-09-30T06:50:20.124Z,gpu-3uwoq-6g3ya-1,ib_counter,rdma_vf_rail0,port_xmit_packets,1.10305e+09
2026-09-30T06:50:20.124Z,gpu-3uwoq-6g3ya-1,ib_counter,rdma_vf_rail0,port_rcv_packets,7.38804e+08
2026-09-30T06:50:20.124Z,gpu-3uwoq-6g3ya-1,ib_counter,rdma_vf_rail0,port_xmit_wait,0
2026-09-30T06:50:20.124Z,gpu-3uwoq-6g3ya-1,ib_counter,rdma_vf_rail0,port_rcv_errors,0
2026-09-30T06:50:20.124Z,gpu-3uwoq-6g3ya-1,ib_counter,rdma_vf_rail0,port_xmit_discards,0
2026-09-30T06:50:20.124Z,gpu-3uwoq-6g3ya-1,ib_counter,rdma_vf_rail0,link_downed,0
2026-09-30T06:50:20.124Z,gpu-3uwoq-6g3ya-1,ib_hw_counter,rdma_vf_rail0,out_of_sequence,0
2026-09-30T06:50:20.124Z,gpu-3uwoq-6g3ya-1,ib_hw_counter,rdma_vf_rail0,packet_seq_err,8
2026-09-30T06:50:20.124Z,gpu-3uwoq-6g3ya-1,ib_hw_counter,rdma_vf_rail0,local_ack_timeout_err,0
2026-09-30T06:50:20.124Z,gpu-3uwoq-6g3ya-1,ib_hw_counter,rdma_vf_rail0,rx_write_requests,4.4503e+08
2026-09-30T06:50:20.124Z,gpu-3uwoq-6g3ya-1,ib_hw_counter,rdma_vf_rail0,rx_read_requests,9.0462e+06
2026-09-30T06:50:20.124Z,gpu-3uwoq-6g3ya-1,ib_hw_counter,rdma_vf_rail0,req_cqe_error,0
2026-09-30T06:50:20.124Z,gpu-3uwoq-6g3ya-1,ib_hw_counter,rdma_vf_rail0,resp_cqe_error,0
2026-09-30T06:50:20.124Z,gpu-3uwoq-6g3ya-1,ib_hw_counter,rdma_vf_rail0,implied_nak_seq_err,0
2026-09-30T06:50:20.124Z,gpu-3uwoq-6g3ya-1,ib_hw_counter,rdma_vf_rail0,duplicate_request,0
2026-09-30T06:50:20.124Z,gpu-3uwoq-6g3ya-1,ib_counter,rdma_vf_rail1,port_xmit_data,3.97368e+12
2026-09-30T06:50:20.124Z,gpu-3uwoq-6g3ya-1,ib_counter,rdma_vf_rail1,port_rcv_data,2.00573e+12
2026-09-30T06:50:20.124Z,gpu-3uwoq-6g3ya-1,ib_counter,rdma_vf_rail1,port_xmit_packets,1.07687e+09
2026-09-30T06:50:20.124Z,gpu-3uwoq-6g3ya-1,ib_counter,rdma_vf_rail1,port_rcv_packets,7.07728e+08
2026-09-30T06:50:20.124Z,gpu-3uwoq-6g3ya-1,ib_counter,rdma_vf_rail1,port_xmit_wait,0
2026-09-30T06:50:20.124Z,gpu-3uwoq-6g3ya-1,ib_counter,rdma_vf_rail1,port_rcv_errors,0
2026-09-30T06:50:20.124Z,gpu-3uwoq-6g3ya-1,ib_counter,rdma_vf_rail1,port_xmit_discards,0
2026-09-30T06:50:20.124Z,gpu-3uwoq-6g3ya-1,ib_counter,rdma_vf_rail1,link_downed,0
2026-09-30T06:50:20.124Z,gpu-3uwoq-6g3ya-1,ib_hw_counter,rdma_vf_rail1,out_of_sequence,0
2026-09-30T06:50:20.124Z,gpu-3uwoq-6g3ya-1,ib_hw_counter,rdma_vf_rail1,packet_seq_err,8
2026-09-30T06:50:20.124Z,gpu-3uwoq-6g3ya-1,ib_hw_counter,rdma_vf_rail1,local_ack_timeout_err,0
2026-09-30T06:50:20.124Z,gpu-3uwoq-6g3ya-1,ib_hw_counter,rdma_vf_rail1,rx_write_requests,4.43433e+08
2026-09-30T06:50:20.124Z,gpu-3uwoq-6g3ya-1,ib_hw_counter,rdma_vf_rail1,rx_read_requests,8.24518e+06
2026-09-30T06:50:20.124Z,gpu-3uwoq-6g3ya-1,ib_hw_counter,rdma_vf_rail1,req_cqe_error,0
2026-09-30T06:50:20.124Z,gpu-3uwoq-6g3ya-1,ib_hw_counter,rdma_vf_rail1,resp_cqe_error,0
2026-09-30T06:50:20.124Z,gpu-3uwoq-6g3ya-1,ib_hw_counter,rdma_vf_rail1,implied_nak_seq_err,0
2026-09-30T06:50:20.124Z,gpu-3uwoq-6g3ya-1,ib_hw_counter,rdma_vf_rail1,duplicate_request,0
2026-09-30T06:50:20.124Z,gpu-3uwoq-6g3ya-1,ib_counter,rdma_vf_rail2,port_xmit_data,3.94617e+12
2026-09-30T06:50:20.124Z,gpu-3uwoq-6g3ya-1,ib_counter,rdma_vf_rail2,port_rcv_data,1.97796e+12
2026-09-30T06:50:20.124Z,gpu-3uwoq-6g3ya-1,ib_counter,rdma_vf_rail2,port_xmit_packets,1.06232e+09
2026-09-30T06:50:20.124Z,gpu-3uwoq-6g3ya-1,ib_counter,rdma_vf_rail2,port_rcv_packets,6.88687e+08
2026-09-30T06:50:20.124Z,gpu-3uwoq-6g3ya-1,ib_counter,rdma_vf_rail2,port_xmit_wait,0
2026-09-30T06:50:20.124Z,gpu-3uwoq-6g3ya-1,ib_counter,rdma_vf_rail2,port_rcv_errors,0
2026-09-30T06:50:20.124Z,gpu-3uwoq-6g3ya-1,ib_counter,rdma_vf_rail2,port_xmit_discards,0
2026-09-30T06:50:20.124Z,gpu-3uwoq-6g3ya-1,ib_counter,rdma_vf_rail2,link_downed,0
2026-09-30T06:50:20.124Z,gpu-3uwoq-6g3ya-1,ib_hw_counter,rdma_vf_rail2,out_of_sequence,0
2026-09-30T06:50:20.124Z,gpu-3uwoq-6g3ya-1,ib_hw_counter,rdma_vf_rail2,packet_seq_err,7
2026-09-30T06:50:20.124Z,gpu-3uwoq-6g3ya-1,ib_hw_counter,rdma_vf_rail2,local_ack_timeout_err,0
2026-09-30T06:50:20.124Z,gpu-3uwoq-6g3ya-1,ib_hw_counter,rdma_vf_rail2,rx_write_requests,4.43005e+08
2026-09-30T06:50:20.124Z,gpu-3uwoq-6g3ya-1,ib_hw_counter,rdma_vf_rail2,rx_read_requests,8.03756e+06
2026-09-30T06:50:20.124Z,gpu-3uwoq-6g3ya-1,ib_hw_counter,rdma_vf_rail2,req_cqe_error,0
2026-09-30T06:50:20.124Z,gpu-3uwoq-6g3ya-1,ib_hw_counter,rdma_vf_rail2,resp_cqe_error,0
2026-09-30T06:50:20.124Z,gpu-3uwoq-6g3ya-1,ib_hw_counter,rdma_vf_rail2,implied_nak_seq_err,0
2026-09-30T06:50:20.124Z,gpu-3uwoq-6g3ya-1,ib_hw_counter,rdma_vf_rail2,duplicate_request,0
2026-09-30T06:50:20.124Z,gpu-3uwoq-6g3ya-1,ib_counter,rdma_vf_rail3,port_xmit_data,3.94643e+12
2026-09-30T06:50:20.124Z,gpu-3uwoq-6g3ya-1,ib_counter,rdma_vf_rail3,port_rcv_data,1.97772e+12
2026-09-30T06:50:20.124Z,gpu-3uwoq-6g3ya-1,ib_counter,rdma_vf_rail3,port_xmit_packets,1.06309e+09
2026-09-30T06:50:20.124Z,gpu-3uwoq-6g3ya-1,ib_counter,rdma_vf_rail3,port_rcv_packets,6.85505e+08
2026-09-30T06:50:20.124Z,gpu-3uwoq-6g3ya-1,ib_counter,rdma_vf_rail3,port_xmit_wait,0
2026-09-30T06:50:20.124Z,gpu-3uwoq-6g3ya-1,ib_counter,rdma_vf_rail3,port_rcv_errors,0
2026-09-30T06:50:20.124Z,gpu-3uwoq-6g3ya-1,ib_counter,rdma_vf_rail3,port_xmit_discards,0
2026-09-30T06:50:20.124Z,gpu-3uwoq-6g3ya-1,ib_counter,rdma_vf_rail3,link_downed,0
2026-09-30T06:50:20.124Z,gpu-3uwoq-6g3ya-1,ib_hw_counter,rdma_vf_rail3,out_of_sequence,1
2026-09-30T06:50:20.124Z,gpu-3uwoq-6g3ya-1,ib_hw_counter,rdma_vf_rail3,packet_seq_err,7
2026-09-30T06:50:20.124Z,gpu-3uwoq-6g3ya-1,ib_hw_counter,rdma_vf_rail3,local_ack_timeout_err,0
2026-09-30T06:50:20.124Z,gpu-3uwoq-6g3ya-1,ib_hw_counter,rdma_vf_rail3,rx_write_requests,4.43005e+08
2026-09-30T06:50:20.124Z,gpu-3uwoq-6g3ya-1,ib_hw_counter,rdma_vf_rail3,rx_read_requests,8.03756e+06
2026-09-30T06:50:20.124Z,gpu-3uwoq-6g3ya-1,ib_hw_counter,rdma_vf_rail3,req_cqe_error,0
2026-09-30T06:50:20.124Z,gpu-3uwoq-6g3ya-1,ib_hw_counter,rdma_vf_rail3,resp_cqe_error,0
2026-09-30T06:50:20.124Z,gpu-3uwoq-6g3ya-1,ib_hw_counter,rdma_vf_rail3,implied_nak_seq_err,0
2026-09-30T06:50:20.124Z,gpu-3uwoq-6g3ya-1,ib_hw_counter,rdma_vf_rail3,duplicate_request,0
2026-09-30T06:50:20.124Z,gpu-3uwoq-6g3ya-1,dcgm,gpu2,gpu_util,0
2026-09-30T06:50:20.124Z,gpu-3uwoq-6g3ya-1,dcgm,gpu3,gpu_util,0
2026-09-30T06:50:20.124Z,gpu-3uwoq-6g3ya-1,dcgm,gpu0,gpu_util,0
2026-09-30T06:50:20.124Z,gpu-3uwoq-6g3ya-1,dcgm,gpu1,gpu_util,0
2026-09-30T06:50:20.124Z,gpu-3uwoq-6g3ya-1,dcgm,gpu2,nvlink_bandwidth_total,0
2026-09-30T06:50:20.124Z,gpu-3uwoq-6g3ya-1,dcgm,gpu3,nvlink_bandwidth_total,0
2026-09-30T06:50:20.124Z,gpu-3uwoq-6g3ya-1,dcgm,gpu0,nvlink_bandwidth_total,0
2026-09-30T06:50:20.124Z,gpu-3uwoq-6g3ya-1,dcgm,gpu1,nvlink_bandwidth_total,0
2026-09-30T06:50:20.124Z,gpu-3uwoq-6g3ya-1,dcgm,gpu2,power_w,222.82
2026-09-30T06:50:20.124Z,gpu-3uwoq-6g3ya-1,dcgm,gpu3,power_w,227.185
2026-09-30T06:50:20.124Z,gpu-3uwoq-6g3ya-1,dcgm,gpu0,power_w,230.166
2026-09-30T06:50:20.124Z,gpu-3uwoq-6g3ya-1,dcgm,gpu1,power_w,227.791
2026-09-30T06:50:20.124Z,gpu-3uwoq-6g3ya-1,dcgm,gpu2,sm_clock_mhz,2070
2026-09-30T06:50:20.124Z,gpu-3uwoq-6g3ya-1,dcgm,gpu3,sm_clock_mhz,2070
2026-09-30T06:50:20.124Z,gpu-3uwoq-6g3ya-1,dcgm,gpu0,sm_clock_mhz,2070
2026-09-30T06:50:20.124Z,gpu-3uwoq-6g3ya-1,dcgm,gpu1,sm_clock_mhz,2070
2026-09-30T06:50:20.124Z,gpu-3uwoq-6g3ya-1,dcgm,gpu2,dram_active,0
2026-09-30T06:50:20.124Z,gpu-3uwoq-6g3ya-1,dcgm,gpu3,dram_active,0
2026-09-30T06:50:20.124Z,gpu-3uwoq-6g3ya-1,dcgm,gpu0,dram_active,0
2026-09-30T06:50:20.124Z,gpu-3uwoq-6g3ya-1,dcgm,gpu1,dram_active,1e-06
2026-09-30T06:50:20.124Z,gpu-3uwoq-6g3ya-1,dcgm,gpu2,pcie_rx_bytes,177550
2026-09-30T06:50:20.124Z,gpu-3uwoq-6g3ya-1,dcgm,gpu3,pcie_rx_bytes,102208
2026-09-30T06:50:20.124Z,gpu-3uwoq-6g3ya-1,dcgm,gpu0,pcie_rx_bytes,204835
2026-09-30T06:50:20.124Z,gpu-3uwoq-6g3ya-1,dcgm,gpu1,pcie_rx_bytes,290645
2026-09-30T06:50:20.124Z,gpu-3uwoq-6g3ya-1,dcgm,gpu2,pcie_tx_bytes,167626
2026-09-30T06:50:20.124Z,gpu-3uwoq-6g3ya-1,dcgm,gpu3,pcie_tx_bytes,93582
2026-09-30T06:50:20.124Z,gpu-3uwoq-6g3ya-1,dcgm,gpu0,pcie_tx_bytes,195403
2026-09-30T06:50:20.124Z,gpu-3uwoq-6g3ya-1,dcgm,gpu1,pcie_tx_bytes,268431
2026-09-30T06:50:20.124Z,gpu-3uwoq-6g3ya-1,dcgm,gpu2,tensor_active,0
2026-09-30T06:50:20.124Z,gpu-3uwoq-6g3ya-1,dcgm,gpu3,tensor_active,0
2026-09-30T06:50:20.124Z,gpu-3uwoq-6g3ya-1,dcgm,gpu0,tensor_active,0
2026-09-30T06:50:20.124Z,gpu-3uwoq-6g3ya-1,dcgm,gpu1,tensor_active,0
2026-09-30T06:50:20.124Z,gpu-3uwoq-6g3ya-1,dcgm,gpu2,sm_active,0
2026-09-30T06:50:20.124Z,gpu-3uwoq-6g3ya-1,dcgm,gpu3,sm_active,0
2026-09-30T06:50:20.124Z,gpu-3uwoq-6g3ya-1,dcgm,gpu0,sm_active,0
2026-09-30T06:50:20.124Z,gpu-3uwoq-6g3ya-1,dcgm,gpu1,sm_active,0
2026-09-30T06:50:20.124Z,gpu-3uwoq-6g3ya-1,nvlink,gpu0,nvlink_rx_bytes,1.03783e+13
2026-09-30T06:50:20.124Z,gpu-3uwoq-6g3ya-1,nvlink,gpu0,nvlink_tx_bytes,1.03828e+13
2026-09-30T06:50:20.124Z,gpu-3uwoq-6g3ya-1,nvlink,gpu1,nvlink_rx_bytes,1.05327e+13
2026-09-30T06:50:20.124Z,gpu-3uwoq-6g3ya-1,nvlink,gpu1,nvlink_tx_bytes,1.05357e+13
2026-09-30T06:50:20.124Z,gpu-3uwoq-6g3ya-1,nvlink,gpu2,nvlink_rx_bytes,1.04008e+13
2026-09-30T06:50:20.124Z,gpu-3uwoq-6g3ya-1,nvlink,gpu2,nvlink_tx_bytes,1.04047e+13
2026-09-30T06:50:20.124Z,gpu-3uwoq-6g3ya-1,nvlink,gpu3,nvlink_rx_bytes,1.03502e+13
2026-09-30T06:50:20.124Z,gpu-3uwoq-6g3ya-1,nvlink,gpu3,nvlink_tx_bytes,1.03535e+13
2026-09-30T06:50:21.124Z,gpu-3uwoq-6g3ya-1,ib_counter,rdma_vf_rail0,port_xmit_data,4.08122e+12
2026-09-30T06:50:21.124Z,gpu-3uwoq-6g3ya-1,ib_counter,rdma_vf_rail0,port_rcv_data,2.11385e+12
2026-09-30T06:50:21.124Z,gpu-3uwoq-6g3ya-1,ib_counter,rdma_vf_rail0,port_xmit_packets,1.10305e+09
2026-09-30T06:50:21.124Z,gpu-3uwoq-6g3ya-1,ib_counter,rdma_vf_rail0,port_rcv_packets,7.38804e+08
2026-09-30T06:50:21.124Z,gpu-3uwoq-6g3ya-1,ib_counter,rdma_vf_rail0,port_xmit_wait,0
2026-09-30T06:50:21.124Z,gpu-3uwoq-6g3ya-1,ib_counter,rdma_vf_rail0,port_rcv_errors,0
2026-09-30T06:50:21.124Z,gpu-3uwoq-6g3ya-1,ib_counter,rdma_vf_rail0,port_xmit_discards,0
2026-09-30T06:50:21.124Z,gpu-3uwoq-6g3ya-1,ib_counter,rdma_vf_rail0,link_downed,0
2026-09-30T06:50:21.124Z,gpu-3uwoq-6g3ya-1,ib_hw_counter,rdma_vf_rail0,out_of_sequence,0
2026-09-30T06:50:21.124Z,gpu-3uwoq-6g3ya-1,ib_hw_counter,rdma_vf_rail0,packet_seq_err,8
2026-09-30T06:50:21.124Z,gpu-3uwoq-6g3ya-1,ib_hw_counter,rdma_vf_rail0,local_ack_timeout_err,0
2026-09-30T06:50:21.124Z,gpu-3uwoq-6g3ya-1,ib_hw_counter,rdma_vf_rail0,rx_write_requests,4.4503e+08
2026-09-30T06:50:21.124Z,gpu-3uwoq-6g3ya-1,ib_hw_counter,rdma_vf_rail0,rx_read_requests,9.0462e+06
2026-09-30T06:50:21.124Z,gpu-3uwoq-6g3ya-1,ib_hw_counter,rdma_vf_rail0,req_cqe_error,0
2026-09-30T06:50:21.124Z,gpu-3uwoq-6g3ya-1,ib_hw_counter,rdma_vf_rail0,resp_cqe_error,0
2026-09-30T06:50:21.124Z,gpu-3uwoq-6g3ya-1,ib_hw_counter,rdma_vf_rail0,implied_nak_seq_err,0
2026-09-30T06:50:21.124Z,gpu-3uwoq-6g3ya-1,ib_hw_counter,rdma_vf_rail0,duplicate_request,0
2026-09-30T06:50:21.124Z,gpu-3uwoq-6g3ya-1,ib_counter,rdma_vf_rail1,port_xmit_data,3.97368e+12
2026-09-30T06:50:21.124Z,gpu-3uwoq-6g3ya-1,ib_counter,rdma_vf_rail1,port_rcv_data,2.00573e+12
2026-09-30T06:50:21.124Z,gpu-3uwoq-6g3ya-1,ib_counter,rdma_vf_rail1,port_xmit_packets,1.07687e+09
2026-09-30T06:50:21.124Z,gpu-3uwoq-6g3ya-1,ib_counter,rdma_vf_rail1,port_rcv_packets,7.07728e+08
2026-09-30T06:50:21.124Z,gpu-3uwoq-6g3ya-1,ib_counter,rdma_vf_rail1,port_xmit_wait,0
2026-09-30T06:50:21.124Z,gpu-3uwoq-6g3ya-1,ib_counter,rdma_vf_rail1,port_rcv_errors,0
2026-09-30T06:50:21.124Z,gpu-3uwoq-6g3ya-1,ib_counter,rdma_vf_rail1,port_xmit_discards,0
2026-09-30T06:50:21.124Z,gpu-3uwoq-6g3ya-1,ib_counter,rdma_vf_rail1,link_downed,0
2026-09-30T06:50:21.124Z,gpu-3uwoq-6g3ya-1,ib_hw_counter,rdma_vf_rail1,out_of_sequence,0
2026-09-30T06:50:21.124Z,gpu-3uwoq-6g3ya-1,ib_hw_counter,rdma_vf_rail1,packet_seq_err,8
2026-09-30T06:50:21.124Z,gpu-3uwoq-6g3ya-1,ib_hw_counter,rdma_vf_rail1,local_ack_timeout_err,0
2026-09-30T06:50:21.124Z,gpu-3uwoq-6g3ya-1,ib_hw_counter,rdma_vf_rail1,rx_write_requests,4.43433e+08
2026-09-30T06:50:21.124Z,gpu-3uwoq-6g3ya-1,ib_hw_counter,rdma_vf_rail1,rx_read_requests,8.24518e+06
2026-09-30T06:50:21.124Z,gpu-3uwoq-6g3ya-1,ib_hw_counter,rdma_vf_rail1,req_cqe_error,0
2026-09-30T06:50:21.124Z,gpu-3uwoq-6g3ya-1,ib_hw_counter,rdma_vf_rail1,resp_cqe_error,0
2026-09-30T06:50:21.124Z,gpu-3uwoq-6g3ya-1,ib_hw_counter,rdma_vf_rail1,implied_nak_seq_err,0
2026-09-30T06:50:21.124Z,gpu-3uwoq-6g3ya-1,ib_hw_counter,rdma_vf_rail1,duplicate_request,0
2026-09-30T06:50:21.124Z,gpu-3uwoq-6g3ya-1,ib_counter,rdma_vf_rail2,port_xmit_data,3.94617e+12
2026-09-30T06:50:21.124Z,gpu-3uwoq-6g3ya-1,ib_counter,rdma_vf_rail2,port_rcv_data,1.97796e+12
2026-09-30T06:50:21.124Z,gpu-3uwoq-6g3ya-1,ib_counter,rdma_vf_rail2,port_xmit_packets,1.06232e+09
2026-09-30T06:50:21.124Z,gpu-3uwoq-6g3ya-1,ib_counter,rdma_vf_rail2,port_rcv_packets,6.88687e+08
2026-09-30T06:50:21.124Z,gpu-3uwoq-6g3ya-1,ib_counter,rdma_vf_rail2,port_xmit_wait,0
2026-09-30T06:50:21.124Z,gpu-3uwoq-6g3ya-1,ib_counter,rdma_vf_rail2,port_rcv_errors,0
2026-09-30T06:50:21.124Z,gpu-3uwoq-6g3ya-1,ib_counter,rdma_vf_rail2,port_xmit_discards,0
2026-09-30T06:50:21.124Z,gpu-3uwoq-6g3ya-1,ib_counter,rdma_vf_rail2,link_downed,0
2026-09-30T06:50:21.124Z,gpu-3uwoq-6g3ya-1,ib_hw_counter,rdma_vf_rail2,out_of_sequence,0
2026-09-30T06:50:21.124Z,gpu-3uwoq-6g3ya-1,ib_hw_counter,rdma_vf_rail2,packet_seq_err,7
2026-09-30T06:50:21.124Z,gpu-3uwoq-6g3ya-1,ib_hw_counter,rdma_vf_rail2,local_ack_timeout_err,0
2026-09-30T06:50:21.124Z,gpu-3uwoq-6g3ya-1,ib_hw_counter,rdma_vf_rail2,rx_write_requests,4.43005e+08
2026-09-30T06:50:21.124Z,gpu-3uwoq-6g3ya-1,ib_hw_counter,rdma_vf_rail2,rx_read_requests,8.03756e+06
2026-09-30T06:50:21.124Z,gpu-3uwoq-6g3ya-1,ib_hw_counter,rdma_vf_rail2,req_cqe_error,0
2026-09-30T06:50:21.124Z,gpu-3uwoq-6g3ya-1,ib_hw_counter,rdma_vf_rail2,resp_cqe_error,0
2026-09-30T06:50:21.124Z,gpu-3uwoq-6g3ya-1,ib_hw_counter,rdma_vf_rail2,implied_nak_seq_err,0
2026-09-30T06:50:21.124Z,gpu-3uwoq-6g3ya-1,ib_hw_counter,rdma_vf_rail2,duplicate_request,0
2026-09-30T06:50:21.124Z,gpu-3uwoq-6g3ya-1,ib_counter,rdma_vf_rail3,port_xmit_data,3.94643e+12
2026-09-30T06:50:21.124Z,gpu-3uwoq-6g3ya-1,ib_counter,rdma_vf_rail3,port_rcv_data,1.97772e+12
2026-09-30T06:50:21.124Z,gpu-3uwoq-6g3ya-1,ib_counter,rdma_vf_rail3,port_xmit_packets,1.06309e+09
2026-09-30T06:50:21.124Z,gpu-3uwoq-6g3ya-1,ib_counter,rdma_vf_rail3,port_rcv_packets,6.85505e+08
2026-09-30T06:50:21.124Z,gpu-3uwoq-6g3ya-1,ib_counter,rdma_vf_rail3,port_xmit_wait,0
2026-09-30T06:50:21.124Z,gpu-3uwoq-6g3ya-1,ib_counter,rdma_vf_rail3,port_rcv_errors,0
2026-09-30T06:50:21.124Z,gpu-3uwoq-6g3ya-1,ib_counter,rdma_vf_rail3,port_xmit_discards,0
2026-09-30T06:50:21.124Z,gpu-3uwoq-6g3ya-1,ib_counter,rdma_vf_rail3,link_downed,0
2026-09-30T06:50:21.124Z,gpu-3uwoq-6g3ya-1,ib_hw_counter,rdma_vf_rail3,out_of_sequence,1
2026-09-30T06:50:21.124Z,gpu-3uwoq-6g3ya-1,ib_hw_counter,rdma_vf_rail3,packet_seq_err,7
2026-09-30T06:50:21.124Z,gpu-3uwoq-6g3ya-1,ib_hw_counter,rdma_vf_rail3,local_ack_timeout_err,0
2026-09-30T06:50:21.124Z,gpu-3uwoq-6g3ya-1,ib_hw_counter,rdma_vf_rail3,rx_write_requests,4.43005e+08
2026-09-30T06:50:21.124Z,gpu-3uwoq-6g3ya-1,ib_hw_counter,rdma_vf_rail3,rx_read_requests,8.03756e+06
2026-09-30T06:50:21.124Z,gpu-3uwoq-6g3ya-1,ib_hw_counter,rdma_vf_rail3,req_cqe_error,0
2026-09-30T06:50:21.124Z,gpu-3uwoq-6g3ya-1,ib_hw_counter,rdma_vf_rail3,resp_cqe_error,0
2026-09-30T06:50:21.124Z,gpu-3uwoq-6g3ya-1,ib_hw_counter,rdma_vf_rail3,implied_nak_seq_err,0
2026-09-30T06:50:21.124Z,gpu-3uwoq-6g3ya-1,ib_hw_counter,rdma_vf_rail3,duplicate_request,0
2026-09-30T06:50:21.124Z,gpu-3uwoq-6g3ya-1,dcgm,gpu2,gpu_util,0
2026-09-30T06:50:21.124Z,gpu-3uwoq-6g3ya-1,dcgm,gpu3,gpu_util,0
2026-09-30T06:50:21.124Z,gpu-3uwoq-6g3ya-1,dcgm,gpu0,gpu_util,0
2026-09-30T06:50:21.124Z,gpu-3uwoq-6g3ya-1,dcgm,gpu1,gpu_util,0
2026-09-30T06:50:21.124Z,gpu-3uwoq-6g3ya-1,dcgm,gpu2,nvlink_bandwidth_total,0
2026-09-30T06:50:21.124Z,gpu-3uwoq-6g3ya-1,dcgm,gpu3,nvlink_bandwidth_total,0
2026-09-30T06:50:21.124Z,gpu-3uwoq-6g3ya-1,dcgm,gpu0,nvlink_bandwidth_total,0
2026-09-30T06:50:21.124Z,gpu-3uwoq-6g3ya-1,dcgm,gpu1,nvlink_bandwidth_total,0
2026-09-30T06:50:21.124Z,gpu-3uwoq-6g3ya-1,dcgm,gpu2,power_w,222.82
2026-09-30T06:50:21.124Z,gpu-3uwoq-6g3ya-1,dcgm,gpu3,power_w,227.185
2026-09-30T06:50:21.124Z,gpu-3uwoq-6g3ya-1,dcgm,gpu0,power_w,230.166
2026-09-30T06:50:21.124Z,gpu-3uwoq-6g3ya-1,dcgm,gpu1,power_w,227.791
2026-09-30T06:50:21.124Z,gpu-3uwoq-6g3ya-1,dcgm,gpu2,sm_clock_mhz,2070
2026-09-30T06:50:21.124Z,gpu-3uwoq-6g3ya-1,dcgm,gpu3,sm_clock_mhz,2070
2026-09-30T06:50:21.124Z,gpu-3uwoq-6g3ya-1,dcgm,gpu0,sm_clock_mhz,2070
2026-09-30T06:50:21.124Z,gpu-3uwoq-6g3ya-1,dcgm,gpu1,sm_clock_mhz,2070
2026-09-30T06:50:21.124Z,gpu-3uwoq-6g3ya-1,dcgm,gpu2,dram_active,0
2026-09-30T06:50:21.124Z,gpu-3uwoq-6g3ya-1,dcgm,gpu3,dram_active,0
2026-09-30T06:50:21.124Z,gpu-3uwoq-6g3ya-1,dcgm,gpu0,dram_active,0
2026-09-30T06:50:21.124Z,gpu-3uwoq-6g3ya-1,dcgm,gpu1,dram_active,1e-06
2026-09-30T06:50:21.124Z,gpu-3uwoq-6g3ya-1,dcgm,gpu2,pcie_rx_bytes,177550
2026-09-30T06:50:21.124Z,gpu-3uwoq-6g3ya-1,dcgm,gpu3,pcie_rx_bytes,102208
2026-09-30T06:50:21.124Z,gpu-3uwoq-6g3ya-1,dcgm,gpu0,pcie_rx_bytes,204835
2026-09-30T06:50:21.124Z,gpu-3uwoq-6g3ya-1,dcgm,gpu1,pcie_rx_bytes,290645
2026-09-30T06:50:21.124Z,gpu-3uwoq-6g3ya-1,dcgm,gpu2,pcie_tx_bytes,167626
2026-09-30T06:50:21.124Z,gpu-3uwoq-6g3ya-1,dcgm,gpu3,pcie_tx_bytes,93582
2026-09-30T06:50:21.124Z,gpu-3uwoq-6g3ya-1,dcgm,gpu0,pcie_tx_bytes,195403
2026-09-30T06:50:21.124Z,gpu-3uwoq-6g3ya-1,dcgm,gpu1,pcie_tx_bytes,268431
2026-09-30T06:50:21.124Z,gpu-3uwoq-6g3ya-1,dcgm,gpu2,tensor_active,0
2026-09-30T06:50:21.124Z,gpu-3uwoq-6g3ya-1,dcgm,gpu3,tensor_active,0
2026-09-30T06:50:21.124Z,gpu-3uwoq-6g3ya-1,dcgm,gpu0,tensor_active,0
2026-09-30T06:50:21.124Z,gpu-3uwoq-6g3ya-1,dcgm,gpu1,tensor_active,0
2026-09-30T06:50:21.124Z,gpu-3uwoq-6g3ya-1,dcgm,gpu2,sm_active,0
2026-09-30T06:50:21.124Z,gpu-3uwoq-6g3ya-1,dcgm,gpu3,sm_active,0
2026-09-30T06:50:21.124Z,gpu-3uwoq-6g3ya-1,dcgm,gpu0,sm_active,0
2026-09-30T06:50:21.124Z,gpu-3uwoq-6g3ya-1,dcgm,gpu1,sm_active,0
2026-09-30T06:50:21.124Z,gpu-3uwoq-6g3ya-1,nvlink,gpu0,nvlink_rx_bytes,1.03783e+13
2026-09-30T06:50:21.124Z,gpu-3uwoq-6g3ya-1,nvlink,gpu0,nvlink_tx_bytes,1.03828e+13
2026-09-30T06:50:21.124Z,gpu-3uwoq-6g3ya-1,nvlink,gpu1,nvlink_rx_bytes,1.05327e+13
2026-09-30T06:50:21.124Z,gpu-3uwoq-6g3ya-1,nvlink,gpu1,nvlink_tx_bytes,1.05357e+13
2026-09-30T06:50:21.124Z,gpu-3uwoq-6g3ya-1,nvlink,gpu2,nvlink_rx_bytes,1.04008e+13
2026-09-30T06:50:21.124Z,gpu-3uwoq-6g3ya-1,nvlink,gpu2,nvlink_tx_bytes,1.04047e+13
2026-09-30T06:50:21.124Z,gpu-3uwoq-6g3ya-1,nvlink,gpu3,nvlink_rx_bytes,1.03502e+13
2026-09-30T06:50:21.124Z,gpu-3uwoq-6g3ya-1,nvlink,gpu3,nvlink_tx_bytes,1.03535e+13
2026-09-30T06:50:22.124Z,gpu-3uwoq-6g3ya-1,ib_counter,rdma_vf_rail0,port_xmit_data,4.08122e+12
2026-09-30T06:50:22.124Z,gpu-3uwoq-6g3ya-1,ib_counter,rdma_vf_rail0,port_rcv_data,2.11385e+12
2026-09-30T06:50:22.124Z,gpu-3uwoq-6g3ya-1,ib_counter,rdma_vf_rail0,port_xmit_packets,1.10305e+09
2026-09-30T06:50:22.124Z,gpu-3uwoq-6g3ya-1,ib_counter,rdma_vf_rail0,port_rcv_packets,7.38804e+08
2026-09-30T06:50:22.124Z,gpu-3uwoq-6g3ya-1,ib_counter,rdma_vf_rail0,port_xmit_wait,0
2026-09-30T06:50:22.124Z,gpu-3uwoq-6g3ya-1,ib_counter,rdma_vf_rail0,port_rcv_errors,0
2026-09-30T06:50:22.124Z,gpu-3uwoq-6g3ya-1,ib_counter,rdma_vf_rail0,port_xmit_discards,0
2026-09-30T06:50:22.124Z,gpu-3uwoq-6g3ya-1,ib_counter,rdma_vf_rail0,link_downed,0
2026-09-30T06:50:22.124Z,gpu-3uwoq-6g3ya-1,ib_hw_counter,rdma_vf_rail0,out_of_sequence,0
2026-09-30T06:50:22.124Z,gpu-3uwoq-6g3ya-1,ib_hw_counter,rdma_vf_rail0,packet_seq_err,8
2026-09-30T06:50:22.124Z,gpu-3uwoq-6g3ya-1,ib_hw_counter,rdma_vf_rail0,local_ack_timeout_err,0
2026-09-30T06:50:22.124Z,gpu-3uwoq-6g3ya-1,ib_hw_counter,rdma_vf_rail0,rx_write_requests,4.4503e+08
2026-09-30T06:50:22.124Z,gpu-3uwoq-6g3ya-1,ib_hw_counter,rdma_vf_rail0,rx_read_requests,9.0462e+06
2026-09-30T06:50:22.124Z,gpu-3uwoq-6g3ya-1,ib_hw_counter,rdma_vf_rail0,req_cqe_error,0
2026-09-30T06:50:22.124Z,gpu-3uwoq-6g3ya-1,ib_hw_counter,rdma_vf_rail0,resp_cqe_error,0
2026-09-30T06:50:22.124Z,gpu-3uwoq-6g3ya-1,ib_hw_counter,rdma_vf_rail0,implied_nak_seq_err,0
2026-09-30T06:50:22.124Z,gpu-3uwoq-6g3ya-1,ib_hw_counter,rdma_vf_rail0,duplicate_request,0
2026-09-30T06:50:22.124Z,gpu-3uwoq-6g3ya-1,ib_counter,rdma_vf_rail1,port_xmit_data,3.97368e+12
2026-09-30T06:50:22.124Z,gpu-3uwoq-6g3ya-1,ib_counter,rdma_vf_rail1,port_rcv_data,2.00573e+12
2026-09-30T06:50:22.124Z,gpu-3uwoq-6g3ya-1,ib_counter,rdma_vf_rail1,port_xmit_packets,1.07687e+09
2026-09-30T06:50:22.124Z,gpu-3uwoq-6g3ya-1,ib_counter,rdma_vf_rail1,port_rcv_packets,7.07728e+08
2026-09-30T06:50:22.124Z,gpu-3uwoq-6g3ya-1,ib_counter,rdma_vf_rail1,port_xmit_wait,0
2026-09-30T06:50:22.124Z,gpu-3uwoq-6g3ya-1,ib_counter,rdma_vf_rail1,port_rcv_errors,0
2026-09-30T06:50:22.124Z,gpu-3uwoq-6g3ya-1,ib_counter,rdma_vf_rail1,port_xmit_discards,0
2026-09-30T06:50:22.124Z,gpu-3uwoq-6g3ya-1,ib_counter,rdma_vf_rail1,link_downed,0
2026-09-30T06:50:22.124Z,gpu-3uwoq-6g3ya-1,ib_hw_counter,rdma_vf_rail1,out_of_sequence,0
2026-09-30T06:50:22.124Z,gpu-3uwoq-6g3ya-1,ib_hw_counter,rdma_vf_rail1,packet_seq_err,8
2026-09-30T06:50:22.124Z,gpu-3uwoq-6g3ya-1,ib_hw_counter,rdma_vf_rail1,local_ack_timeout_err,0
2026-09-30T06:50:22.124Z,gpu-3uwoq-6g3ya-1,ib_hw_counter,rdma_vf_rail1,rx_write_requests,4.43433e+08
2026-09-30T06:50:22.124Z,gpu-3uwoq-6g3ya-1,ib_hw_counter,rdma_vf_rail1,rx_read_requests,8.24518e+06
2026-09-30T06:50:22.124Z,gpu-3uwoq-6g3ya-1,ib_hw_counter,rdma_vf_rail1,req_cqe_error,0
2026-09-30T06:50:22.124Z,gpu-3uwoq-6g3ya-1,ib_hw_counter,rdma_vf_rail1,resp_cqe_error,0
2026-09-30T06:50:22.124Z,gpu-3uwoq-6g3ya-1,ib_hw_counter,rdma_vf_rail1,implied_nak_seq_err,0
2026-09-30T06:50:22.124Z,gpu-3uwoq-6g3ya-1,ib_hw_counter,rdma_vf_rail1,duplicate_request,0
2026-09-30T06:50:22.124Z,gpu-3uwoq-6g3ya-1,ib_counter,rdma_vf_rail2,port_xmit_data,3.94617e+12
2026-09-30T06:50:22.124Z,gpu-3uwoq-6g3ya-1,ib_counter,rdma_vf_rail2,port_rcv_data,1.97796e+12
2026-09-30T06:50:22.124Z,gpu-3uwoq-6g3ya-1,ib_counter,rdma_vf_rail2,port_xmit_packets,1.06232e+09
2026-09-30T06:50:22.124Z,gpu-3uwoq-6g3ya-1,ib_counter,rdma_vf_rail2,port_rcv_packets,6.88687e+08
2026-09-30T06:50:22.124Z,gpu-3uwoq-6g3ya-1,ib_counter,rdma_vf_rail2,port_xmit_wait,0
2026-09-30T06:50:22.124Z,gpu-3uwoq-6g3ya-1,ib_counter,rdma_vf_rail2,port_rcv_errors,0
2026-09-30T06:50:22.124Z,gpu-3uwoq-6g3ya-1,ib_counter,rdma_vf_rail2,port_xmit_discards,0
2026-09-30T06:50:22.124Z,gpu-3uwoq-6g3ya-1,ib_counter,rdma_vf_rail2,link_downed,0
2026-09-30T06:50:22.124Z,gpu-3uwoq-6g3ya-1,ib_hw_counter,rdma_vf_rail2,out_of_sequence,0
2026-09-30T06:50:22.124Z,gpu-3uwoq-6g3ya-1,ib_hw_counter,rdma_vf_rail2,packet_seq_err,7
2026-09-30T06:50:22.124Z,gpu-3uwoq-6g3ya-1,ib_hw_counter,rdma_vf_rail2,local_ack_timeout_err,0
2026-09-30T06:50:22.124Z,gpu-3uwoq-6g3ya-1,ib_hw_counter,rdma_vf_rail2,rx_write_requests,4.43005e+08
2026-09-30T06:50:22.124Z,gpu-3uwoq-6g3ya-1,ib_hw_counter,rdma_vf_rail2,rx_read_requests,8.03756e+06
2026-09-30T06:50:22.124Z,gpu-3uwoq-6g3ya-1,ib_hw_counter,rdma_vf_rail2,req_cqe_error,0
2026-09-30T06:50:22.124Z,gpu-3uwoq-6g3ya-1,ib_hw_counter,rdma_vf_rail2,resp_cqe_error,0
2026-09-30T06:50:22.124Z,gpu-3uwoq-6g3ya-1,ib_hw_counter,rdma_vf_rail2,implied_nak_seq_err,0
2026-09-30T06:50:22.124Z,gpu-3uwoq-6g3ya-1,ib_hw_counter,rdma_vf_rail2,duplicate_request,0
2026-09-30T06:50:22.124Z,gpu-3uwoq-6g3ya-1,ib_counter,rdma_vf_rail3,port_xmit_data,3.94643e+12
2026-09-30T06:50:22.124Z,gpu-3uwoq-6g3ya-1,ib_counter,rdma_vf_rail3,port_rcv_data,1.97772e+12
2026-09-30T06:50:22.124Z,gpu-3uwoq-6g3ya-1,ib_counter,rdma_vf_rail3,port_xmit_packets,1.06309e+09
2026-09-30T06:50:22.124Z,gpu-3uwoq-6g3ya-1,ib_counter,rdma_vf_rail3,port_rcv_packets,6.85505e+08
2026-09-30T06:50:22.124Z,gpu-3uwoq-6g3ya-1,ib_counter,rdma_vf_rail3,port_xmit_wait,0
2026-09-30T06:50:22.124Z,gpu-3uwoq-6g3ya-1,ib_counter,rdma_vf_rail3,port_rcv_errors,0
2026-09-30T06:50:22.124Z,gpu-3uwoq-6g3ya-1,ib_counter,rdma_vf_rail3,port_xmit_discards,0
2026-09-30T06:50:22.124Z,gpu-3uwoq-6g3ya-1,ib_counter,rdma_vf_rail3,link_downed,0
2026-09-30T06:50:22.124Z,gpu-3uwoq-6g3ya-1,ib_hw_counter,rdma_vf_rail3,out_of_sequence,1
2026-09-30T06:50:22.124Z,gpu-3uwoq-6g3ya-1,ib_hw_counter,rdma_vf_rail3,packet_seq_err,7
2026-09-30T06:50:22.124Z,gpu-3uwoq-6g3ya-1,ib_hw_counter,rdma_vf_rail3,local_ack_timeout_err,0
2026-09-30T06:50:22.124Z,gpu-3uwoq-6g3ya-1,ib_hw_counter,rdma_vf_rail3,rx_write_requests,4.43005e+08
2026-09-30T06:50:22.124Z,gpu-3uwoq-6g3ya-1,ib_hw_counter,rdma_vf_rail3,rx_read_requests,8.03756e+06
2026-09-30T06:50:22.124Z,gpu-3uwoq-6g3ya-1,ib_hw_counter,rdma_vf_rail3,req_cqe_error,0
2026-09-30T06:50:22.124Z,gpu-3uwoq-6g3ya-1,ib_hw_counter,rdma_vf_rail3,resp_cqe_error,0
2026-09-30T06:50:22.124Z,gpu-3uwoq-6g3ya-1,ib_hw_counter,rdma_vf_rail3,implied_nak_seq_err,0
2026-09-30T06:50:22.124Z,gpu-3uwoq-6g3ya-1,ib_hw_counter,rdma_vf_rail3,duplicate_request,0
2026-09-30T06:50:22.124Z,gpu-3uwoq-6g3ya-1,dcgm,gpu2,gpu_util,0
2026-09-30T06:50:22.124Z,gpu-3uwoq-6g3ya-1,dcgm,gpu3,gpu_util,0
2026-09-30T06:50:22.124Z,gpu-3uwoq-6g3ya-1,dcgm,gpu0,gpu_util,0
2026-09-30T06:50:22.124Z,gpu-3uwoq-6g3ya-1,dcgm,gpu1,gpu_util,0
2026-09-30T06:50:22.124Z,gpu-3uwoq-6g3ya-1,dcgm,gpu2,nvlink_bandwidth_total,0
2026-09-30T06:50:22.124Z,gpu-3uwoq-6g3ya-1,dcgm,gpu3,nvlink_bandwidth_total,0
2026-09-30T06:50:22.124Z,gpu-3uwoq-6g3ya-1,dcgm,gpu0,nvlink_bandwidth_total,0
2026-09-30T06:50:22.124Z,gpu-3uwoq-6g3ya-1,dcgm,gpu1,nvlink_bandwidth_total,0
2026-09-30T06:50:22.124Z,gpu-3uwoq-6g3ya-1,dcgm,gpu2,power_w,222.82
2026-09-30T06:50:22.124Z,gpu-3uwoq-6g3ya-1,dcgm,gpu3,power_w,227.185
2026-09-30T06:50:22.124Z,gpu-3uwoq-6g3ya-1,dcgm,gpu0,power_w,230.166
2026-09-30T06:50:22.124Z,gpu-3uwoq-6g3ya-1,dcgm,gpu1,power_w,227.791
2026-09-30T06:50:22.124Z,gpu-3uwoq-6g3ya-1,dcgm,gpu2,sm_clock_mhz,2070
2026-09-30T06:50:22.124Z,gpu-3uwoq-6g3ya-1,dcgm,gpu3,sm_clock_mhz,2070
2026-09-30T06:50:22.124Z,gpu-3uwoq-6g3ya-1,dcgm,gpu0,sm_clock_mhz,2070
2026-09-30T06:50:22.124Z,gpu-3uwoq-6g3ya-1,dcgm,gpu1,sm_clock_mhz,2070
2026-09-30T06:50:22.124Z,gpu-3uwoq-6g3ya-1,dcgm,gpu2,dram_active,0
2026-09-30T06:50:22.124Z,gpu-3uwoq-6g3ya-1,dcgm,gpu3,dram_active,0
2026-09-30T06:50:22.124Z,gpu-3uwoq-6g3ya-1,dcgm,gpu0,dram_active,0
2026-09-30T06:50:22.124Z,gpu-3uwoq-6g3ya-1,dcgm,gpu1,dram_active,1e-06
2026-09-30T06:50:22.124Z,gpu-3uwoq-6g3ya-1,dcgm,gpu2,pcie_rx_bytes,177550
2026-09-30T06:50:22.124Z,gpu-3uwoq-6g3ya-1,dcgm,gpu3,pcie_rx_bytes,102208
2026-09-30T06:50:22.124Z,gpu-3uwoq-6g3ya-1,dcgm,gpu0,pcie_rx_bytes,204835
2026-09-30T06:50:22.124Z,gpu-3uwoq-6g3ya-1,dcgm,gpu1,pcie_rx_bytes,290645
2026-09-30T06:50:22.124Z,gpu-3uwoq-6g3ya-1,dcgm,gpu2,pcie_tx_bytes,167626
2026-09-30T06:50:22.124Z,gpu-3uwoq-6g3ya-1,dcgm,gpu3,pcie_tx_bytes,93582
2026-09-30T06:50:22.124Z,gpu-3uwoq-6g3ya-1,dcgm,gpu0,pcie_tx_bytes,195403
2026-09-30T06:50:22.124Z,gpu-3uwoq-6g3ya-1,dcgm,gpu1,pcie_tx_bytes,268431
2026-09-30T06:50:22.124Z,gpu-3uwoq-6g3ya-1,dcgm,gpu2,tensor_active,0
2026-09-30T06:50:22.124Z,gpu-3uwoq-6g3ya-1,dcgm,gpu3,tensor_active,0
2026-09-30T06:50:22.124Z,gpu-3uwoq-6g3ya-1,dcgm,gpu0,tensor_active,0
2026-09-30T06:50:22.124Z,gpu-3uwoq-6g3ya-1,dcgm,gpu1,tensor_active,0
2026-09-30T06:50:22.124Z,gpu-3uwoq-6g3ya-1,dcgm,gpu2,sm_active,0
2026-09-30T06:50:22.124Z,gpu-3uwoq-6g3ya-1,dcgm,gpu3,sm_active,0
2026-09-30T06:50:22.124Z,gpu-3uwoq-6g3ya-1,dcgm,gpu0,sm_active,0
2026-09-30T06:50:22.124Z,gpu-3uwoq-6g3ya-1,dcgm,gpu1,sm_active,0
2026-09-30T06:50:22.124Z,gpu-3uwoq-6g3ya-1,nvlink,gpu0,nvlink_rx_bytes,1.03783e+13
2026-09-30T06:50:22.124Z,gpu-3uwoq-6g3ya-1,nvlink,gpu0,nvlink_tx_bytes,1.03828e+13
2026-09-30T06:50:22.124Z,gpu-3uwoq-6g3ya-1,nvlink,gpu1,nvlink_rx_bytes,1.05327e+13
2026-09-30T06:50:22.124Z,gpu-3uwoq-6g3ya-1,nvlink,gpu1,nvlink_tx_bytes,1.05357e+13
2026-09-30T06:50:22.124Z,gpu-3uwoq-6g3ya-1,nvlink,gpu2,nvlink_rx_bytes,1.04008e+13
2026-09-30T06:50:22.124Z,gpu-3uwoq-6g3ya-1,nvlink,gpu2,nvlink_tx_bytes,1.04047e+13
2026-09-30T06:50:22.124Z,gpu-3uwoq-6g3ya-1,nvlink,gpu3,nvlink_rx_bytes,1.03502e+13
2026-09-30T06:50:22.124Z,gpu-3uwoq-6g3ya-1,nvlink,gpu3,nvlink_tx_bytes,1.03535e+13
2026-09-30T06:50:23.124Z,gpu-3uwoq-6g3ya-1,ib_counter,rdma_vf_rail0,port_xmit_data,4.08122e+12
2026-09-30T06:50:23.124Z,gpu-3uwoq-6g3ya-1,ib_counter,rdma_vf_rail0,port_rcv_data,2.11385e+12
2026-09-30T06:50:23.124Z,gpu-3uwoq-6g3ya-1,ib_counter,rdma_vf_rail0,port_xmit_packets,1.10305e+09
2026-09-30T06:50:23.124Z,gpu-3uwoq-6g3ya-1,ib_counter,rdma_vf_rail0,port_rcv_packets,7.38804e+08
2026-09-30T06:50:23.124Z,gpu-3uwoq-6g3ya-1,ib_counter,rdma_vf_rail0,port_xmit_wait,0
2026-09-30T06:50:23.124Z,gpu-3uwoq-6g3ya-1,ib_counter,rdma_vf_rail0,port_rcv_errors,0
2026-09-30T06:50:23.124Z,gpu-3uwoq-6g3ya-1,ib_counter,rdma_vf_rail0,port_xmit_discards,0
2026-09-30T06:50:23.124Z,gpu-3uwoq-6g3ya-1,ib_counter,rdma_vf_rail0,link_downed,0
2026-09-30T06:50:23.124Z,gpu-3uwoq-6g3ya-1,ib_hw_counter,rdma_vf_rail0,out_of_sequence,0
2026-09-30T06:50:23.124Z,gpu-3uwoq-6g3ya-1,ib_hw_counter,rdma_vf_rail0,packet_seq_err,8
2026-09-30T06:50:23.124Z,gpu-3uwoq-6g3ya-1,ib_hw_counter,rdma_vf_rail0,local_ack_timeout_err,0
2026-09-30T06:50:23.124Z,gpu-3uwoq-6g3ya-1,ib_hw_counter,rdma_vf_rail0,rx_write_requests,4.4503e+08
2026-09-30T06:50:23.124Z,gpu-3uwoq-6g3ya-1,ib_hw_counter,rdma_vf_rail0,rx_read_requests,9.0462e+06
2026-09-30T06:50:23.124Z,gpu-3uwoq-6g3ya-1,ib_hw_counter,rdma_vf_rail0,req_cqe_error,0
2026-09-30T06:50:23.124Z,gpu-3uwoq-6g3ya-1,ib_hw_counter,rdma_vf_rail0,resp_cqe_error,0
2026-09-30T06:50:23.124Z,gpu-3uwoq-6g3ya-1,ib_hw_counter,rdma_vf_rail0,implied_nak_seq_err,0
2026-09-30T06:50:23.124Z,gpu-3uwoq-6g3ya-1,ib_hw_counter,rdma_vf_rail0,duplicate_request,0
2026-09-30T06:50:23.124Z,gpu-3uwoq-6g3ya-1,ib_counter,rdma_vf_rail1,port_xmit_data,3.97368e+12
2026-09-30T06:50:23.124Z,gpu-3uwoq-6g3ya-1,ib_counter,rdma_vf_rail1,port_rcv_data,2.00573e+12
2026-09-30T06:50:23.124Z,gpu-3uwoq-6g3ya-1,ib_counter,rdma_vf_rail1,port_xmit_packets,1.07687e+09
2026-09-30T06:50:23.124Z,gpu-3uwoq-6g3ya-1,ib_counter,rdma_vf_rail1,port_rcv_packets,7.07728e+08
2026-09-30T06:50:23.124Z,gpu-3uwoq-6g3ya-1,ib_counter,rdma_vf_rail1,port_xmit_wait,0
2026-09-30T06:50:23.124Z,gpu-3uwoq-6g3ya-1,ib_counter,rdma_vf_rail1,port_rcv_errors,0
2026-09-30T06:50:23.124Z,gpu-3uwoq-6g3ya-1,ib_counter,rdma_vf_rail1,port_xmit_discards,0
2026-09-30T06:50:23.124Z,gpu-3uwoq-6g3ya-1,ib_counter,rdma_vf_rail1,link_downed,0
2026-09-30T06:50:23.124Z,gpu-3uwoq-6g3ya-1,ib_hw_counter,rdma_vf_rail1,out_of_sequence,0
2026-09-30T06:50:23.124Z,gpu-3uwoq-6g3ya-1,ib_hw_counter,rdma_vf_rail1,packet_seq_err,8
2026-09-30T06:50:23.124Z,gpu-3uwoq-6g3ya-1,ib_hw_counter,rdma_vf_rail1,local_ack_timeout_err,0
2026-09-30T06:50:23.124Z,gpu-3uwoq-6g3ya-1,ib_hw_counter,rdma_vf_rail1,rx_write_requests,4.43433e+08
2026-09-30T06:50:23.124Z,gpu-3uwoq-6g3ya-1,ib_hw_counter,rdma_vf_rail1,rx_read_requests,8.24518e+06
2026-09-30T06:50:23.124Z,gpu-3uwoq-6g3ya-1,ib_hw_counter,rdma_vf_rail1,req_cqe_error,0
2026-09-30T06:50:23.124Z,gpu-3uwoq-6g3ya-1,ib_hw_counter,rdma_vf_rail1,resp_cqe_error,0
2026-09-30T06:50:23.124Z,gpu-3uwoq-6g3ya-1,ib_hw_counter,rdma_vf_rail1,implied_nak_seq_err,0
2026-09-30T06:50:23.124Z,gpu-3uwoq-6g3ya-1,ib_hw_counter,rdma_vf_rail1,duplicate_request,0
2026-09-30T06:50:23.124Z,gpu-3uwoq-6g3ya-1,ib_counter,rdma_vf_rail2,port_xmit_data,3.94617e+12
2026-09-30T06:50:23.124Z,gpu-3uwoq-6g3ya-1,ib_counter,rdma_vf_rail2,port_rcv_data,1.97796e+12
2026-09-30T06:50:23.124Z,gpu-3uwoq-6g3ya-1,ib_counter,rdma_vf_rail2,port_xmit_packets,1.06232e+09
2026-09-30T06:50:23.124Z,gpu-3uwoq-6g3ya-1,ib_counter,rdma_vf_rail2,port_rcv_packets,6.88687e+08
2026-09-30T06:50:23.124Z,gpu-3uwoq-6g3ya-1,ib_counter,rdma_vf_rail2,port_xmit_wait,0
2026-09-30T06:50:23.124Z,gpu-3uwoq-6g3ya-1,ib_counter,rdma_vf_rail2,port_rcv_errors,0
2026-09-30T06:50:23.124Z,gpu-3uwoq-6g3ya-1,ib_counter,rdma_vf_rail2,port_xmit_discards,0
2026-09-30T06:50:23.124Z,gpu-3uwoq-6g3ya-1,ib_counter,rdma_vf_rail2,link_downed,0
2026-09-30T06:50:23.124Z,gpu-3uwoq-6g3ya-1,ib_hw_counter,rdma_vf_rail2,out_of_sequence,0
2026-09-30T06:50:23.124Z,gpu-3uwoq-6g3ya-1,ib_hw_counter,rdma_vf_rail2,packet_seq_err,7
2026-09-30T06:50:23.124Z,gpu-3uwoq-6g3ya-1,ib_hw_counter,rdma_vf_rail2,local_ack_timeout_err,0
2026-09-30T06:50:23.124Z,gpu-3uwoq-6g3ya-1,ib_hw_counter,rdma_vf_rail2,rx_write_requests,4.43005e+08
2026-09-30T06:50:23.124Z,gpu-3uwoq-6g3ya-1,ib_hw_counter,rdma_vf_rail2,rx_read_requests,8.03756e+06
2026-09-30T06:50:23.124Z,gpu-3uwoq-6g3ya-1,ib_hw_counter,rdma_vf_rail2,req_cqe_error,0
2026-09-30T06:50:23.124Z,gpu-3uwoq-6g3ya-1,ib_hw_counter,rdma_vf_rail2,resp_cqe_error,0
2026-09-30T06:50:23.124Z,gpu-3uwoq-6g3ya-1,ib_hw_counter,rdma_vf_rail2,implied_nak_seq_err,0
2026-09-30T06:50:23.124Z,gpu-3uwoq-6g3ya-1,ib_hw_counter,rdma_vf_rail2,duplicate_request,0
2026-09-30T06:50:23.124Z,gpu-3uwoq-6g3ya-1,ib_counter,rdma_vf_rail3,port_xmit_data,3.94643e+12
2026-09-30T06:50:23.124Z,gpu-3uwoq-6g3ya-1,ib_counter,rdma_vf_rail3,port_rcv_data,1.97772e+12
2026-09-30T06:50:23.124Z,gpu-3uwoq-6g3ya-1,ib_counter,rdma_vf_rail3,port_xmit_packets,1.06309e+09
2026-09-30T06:50:23.124Z,gpu-3uwoq-6g3ya-1,ib_counter,rdma_vf_rail3,port_rcv_packets,6.85505e+08
2026-09-30T06:50:23.124Z,gpu-3uwoq-6g3ya-1,ib_counter,rdma_vf_rail3,port_xmit_wait,0
2026-09-30T06:50:23.124Z,gpu-3uwoq-6g3ya-1,ib_counter,rdma_vf_rail3,port_rcv_errors,0
2026-09-30T06:50:23.124Z,gpu-3uwoq-6g3ya-1,ib_counter,rdma_vf_rail3,port_xmit_discards,0
2026-09-30T06:50:23.124Z,gpu-3uwoq-6g3ya-1,ib_counter,rdma_vf_rail3,link_downed,0
2026-09-30T06:50:23.124Z,gpu-3uwoq-6g3ya-1,ib_hw_counter,rdma_vf_rail3,out_of_sequence,1
2026-09-30T06:50:23.124Z,gpu-3uwoq-6g3ya-1,ib_hw_counter,rdma_vf_rail3,packet_seq_err,7
2026-09-30T06:50:23.124Z,gpu-3uwoq-6g3ya-1,ib_hw_counter,rdma_vf_rail3,local_ack_timeout_err,0
2026-09-30T06:50:23.124Z,gpu-3uwoq-6g3ya-1,ib_hw_counter,rdma_vf_rail3,rx_write_requests,4.43005e+08
2026-09-30T06:50:23.124Z,gpu-3uwoq-6g3ya-1,ib_hw_counter,rdma_vf_rail3,rx_read_requests,8.03756e+06
2026-09-30T06:50:23.124Z,gpu-3uwoq-6g3ya-1,ib_hw_counter,rdma_vf_rail3,req_cqe_error,0
2026-09-30T06:50:23.124Z,gpu-3uwoq-6g3ya-1,ib_hw_counter,rdma_vf_rail3,resp_cqe_error,0
2026-09-30T06:50:23.124Z,gpu-3uwoq-6g3ya-1,ib_hw_counter,rdma_vf_rail3,implied_nak_seq_err,0
2026-09-30T06:50:23.124Z,gpu-3uwoq-6g3ya-1,ib_hw_counter,rdma_vf_rail3,duplicate_request,0
2026-09-30T06:50:23.124Z,gpu-3uwoq-6g3ya-1,dcgm,gpu2,gpu_util,0
2026-09-30T06:50:23.124Z,gpu-3uwoq-6g3ya-1,dcgm,gpu3,gpu_util,0
2026-09-30T06:50:23.124Z,gpu-3uwoq-6g3ya-1,dcgm,gpu0,gpu_util,0
2026-09-30T06:50:23.124Z,gpu-3uwoq-6g3ya-1,dcgm,gpu1,gpu_util,0
2026-09-30T06:50:23.124Z,gpu-3uwoq-6g3ya-1,dcgm,gpu2,nvlink_bandwidth_total,0
2026-09-30T06:50:23.124Z,gpu-3uwoq-6g3ya-1,dcgm,gpu3,nvlink_bandwidth_total,0
2026-09-30T06:50:23.124Z,gpu-3uwoq-6g3ya-1,dcgm,gpu0,nvlink_bandwidth_total,0
2026-09-30T06:50:23.124Z,gpu-3uwoq-6g3ya-1,dcgm,gpu1,nvlink_bandwidth_total,0
2026-09-30T06:50:23.124Z,gpu-3uwoq-6g3ya-1,dcgm,gpu2,power_w,222.82
2026-09-30T06:50:23.124Z,gpu-3uwoq-6g3ya-1,dcgm,gpu3,power_w,227.185
2026-09-30T06:50:23.124Z,gpu-3uwoq-6g3ya-1,dcgm,gpu0,power_w,230.166
2026-09-30T06:50:23.124Z,gpu-3uwoq-6g3ya-1,dcgm,gpu1,power_w,227.791
2026-09-30T06:50:23.124Z,gpu-3uwoq-6g3ya-1,dcgm,gpu2,sm_clock_mhz,2070
2026-09-30T06:50:23.124Z,gpu-3uwoq-6g3ya-1,dcgm,gpu3,sm_clock_mhz,2070
2026-09-30T06:50:23.124Z,gpu-3uwoq-6g3ya-1,dcgm,gpu0,sm_clock_mhz,2070
2026-09-30T06:50:23.124Z,gpu-3uwoq-6g3ya-1,dcgm,gpu1,sm_clock_mhz,2070
2026-09-30T06:50:23.124Z,gpu-3uwoq-6g3ya-1,dcgm,gpu2,dram_active,0
2026-09-30T06:50:23.124Z,gpu-3uwoq-6g3ya-1,dcgm,gpu3,dram_active,0
2026-09-30T06:50:23.124Z,gpu-3uwoq-6g3ya-1,dcgm,gpu0,dram_active,0
2026-09-30T06:50:23.124Z,gpu-3uwoq-6g3ya-1,dcgm,gpu1,dram_active,1e-06
2026-09-30T06:50:23.124Z,gpu-3uwoq-6g3ya-1,dcgm,gpu2,pcie_rx_bytes,177550
2026-09-30T06:50:23.124Z,gpu-3uwoq-6g3ya-1,dcgm,gpu3,pcie_rx_bytes,102208
2026-09-30T06:50:23.124Z,gpu-3uwoq-6g3ya-1,dcgm,gpu0,pcie_rx_bytes,204835
2026-09-30T06:50:23.124Z,gpu-3uwoq-6g3ya-1,dcgm,gpu1,pcie_rx_bytes,290645
2026-09-30T06:50:23.124Z,gpu-3uwoq-6g3ya-1,dcgm,gpu2,pcie_tx_bytes,167626
2026-09-30T06:50:23.124Z,gpu-3uwoq-6g3ya-1,dcgm,gpu3,pcie_tx_bytes,93582
2026-09-30T06:50:23.124Z,gpu-3uwoq-6g3ya-1,dcgm,gpu0,pcie_tx_bytes,195403
2026-09-30T06:50:23.124Z,gpu-3uwoq-6g3ya-1,dcgm,gpu1,pcie_tx_bytes,268431
2026-09-30T06:50:23.124Z,gpu-3uwoq-6g3ya-1,dcgm,gpu2,tensor_active,0
2026-09-30T06:50:23.124Z,gpu-3uwoq-6g3ya-1,dcgm,gpu3,tensor_active,0
2026-09-30T06:50:23.124Z,gpu-3uwoq-6g3ya-1,dcgm,gpu0,tensor_active,0
2026-09-30T06:50:23.124Z,gpu-3uwoq-6g3ya-1,dcgm,gpu1,tensor_active,0
2026-09-30T06:50:23.124Z,gpu-3uwoq-6g3ya-1,dcgm,gpu2,sm_active,0
2026-09-30T06:50:23.124Z,gpu-3uwoq-6g3ya-1,dcgm,gpu3,sm_active,0
2026-09-30T06:50:23.124Z,gpu-3uwoq-6g3ya-1,dcgm,gpu0,sm_active,0
2026-09-30T06:50:23.124Z,gpu-3uwoq-6g3ya-1,dcgm,gpu1,sm_active,0
2026-09-30T06:50:23.124Z,gpu-3uwoq-6g3ya-1,nvlink,gpu0,nvlink_rx_bytes,1.03783e+13
2026-09-30T06:50:23.124Z,gpu-3uwoq-6g3ya-1,nvlink,gpu0,nvlink_tx_bytes,1.03828e+13
2026-09-30T06:50:23.124Z,gpu-3uwoq-6g3ya-1,nvlink,gpu1,nvlink_rx_bytes,1.05327e+13
2026-09-30T06:50:23.124Z,gpu-3uwoq-6g3ya-1,nvlink,gpu1,nvlink_tx_bytes,1.05357e+13
2026-09-30T06:50:23.124Z,gpu-3uwoq-6g3ya-1,nvlink,gpu2,nvlink_rx_bytes,1.04008e+13
2026-09-30T06:50:23.124Z,gpu-3uwoq-6g3ya-1,nvlink,gpu2,nvlink_tx_bytes,1.04047e+13
2026-09-30T06:50:23.124Z,gpu-3uwoq-6g3ya-1,nvlink,gpu3,nvlink_rx_bytes,1.03502e+13
2026-09-30T06:50:23.124Z,gpu-3uwoq-6g3ya-1,nvlink,gpu3,nvlink_tx_bytes,1.03535e+13
2026-09-30T06:50:24.124Z,gpu-3uwoq-6g3ya-1,ib_counter,rdma_vf_rail0,port_xmit_data,4.08122e+12
2026-09-30T06:50:24.124Z,gpu-3uwoq-6g3ya-1,ib_counter,rdma_vf_rail0,port_rcv_data,2.11385e+12
2026-09-30T06:50:24.124Z,gpu-3uwoq-6g3ya-1,ib_counter,rdma_vf_rail0,port_xmit_packets,1.10305e+09
2026-09-30T06:50:24.124Z,gpu-3uwoq-6g3ya-1,ib_counter,rdma_vf_rail0,port_rcv_packets,7.38804e+08
2026-09-30T06:50:24.124Z,gpu-3uwoq-6g3ya-1,ib_counter,rdma_vf_rail0,port_xmit_wait,0
2026-09-30T06:50:24.124Z,gpu-3uwoq-6g3ya-1,ib_counter,rdma_vf_rail0,port_rcv_errors,0
2026-09-30T06:50:24.124Z,gpu-3uwoq-6g3ya-1,ib_counter,rdma_vf_rail0,port_xmit_discards,0
2026-09-30T06:50:24.124Z,gpu-3uwoq-6g3ya-1,ib_counter,rdma_vf_rail0,link_downed,0
2026-09-30T06:50:24.124Z,gpu-3uwoq-6g3ya-1,ib_hw_counter,rdma_vf_rail0,out_of_sequence,0
2026-09-30T06:50:24.124Z,gpu-3uwoq-6g3ya-1,ib_hw_counter,rdma_vf_rail0,packet_seq_err,8
2026-09-30T06:50:24.124Z,gpu-3uwoq-6g3ya-1,ib_hw_counter,rdma_vf_rail0,local_ack_timeout_err,0
2026-09-30T06:50:24.124Z,gpu-3uwoq-6g3ya-1,ib_hw_counter,rdma_vf_rail0,rx_write_requests,4.4503e+08
2026-09-30T06:50:24.124Z,gpu-3uwoq-6g3ya-1,ib_hw_counter,rdma_vf_rail0,rx_read_requests,9.0462e+06
2026-09-30T06:50:24.124Z,gpu-3uwoq-6g3ya-1,ib_hw_counter,rdma_vf_rail0,req_cqe_error,0
2026-09-30T06:50:24.124Z,gpu-3uwoq-6g3ya-1,ib_hw_counter,rdma_vf_rail0,resp_cqe_error,0
2026-09-30T06:50:24.124Z,gpu-3uwoq-6g3ya-1,ib_hw_counter,rdma_vf_rail0,implied_nak_seq_err,0
2026-09-30T06:50:24.124Z,gpu-3uwoq-6g3ya-1,ib_hw_counter,rdma_vf_rail0,duplicate_request,0
2026-09-30T06:50:24.124Z,gpu-3uwoq-6g3ya-1,ib_counter,rdma_vf_rail1,port_xmit_data,3.97368e+12
2026-09-30T06:50:24.124Z,gpu-3uwoq-6g3ya-1,ib_counter,rdma_vf_rail1,port_rcv_data,2.00573e+12
2026-09-30T06:50:24.124Z,gpu-3uwoq-6g3ya-1,ib_counter,rdma_vf_rail1,port_xmit_packets,1.07687e+09
2026-09-30T06:50:24.124Z,gpu-3uwoq-6g3ya-1,ib_counter,rdma_vf_rail1,port_rcv_packets,7.07728e+08
2026-09-30T06:50:24.124Z,gpu-3uwoq-6g3ya-1,ib_counter,rdma_vf_rail1,port_xmit_wait,0
2026-09-30T06:50:24.124Z,gpu-3uwoq-6g3ya-1,ib_counter,rdma_vf_rail1,port_rcv_errors,0
2026-09-30T06:50:24.124Z,gpu-3uwoq-6g3ya-1,ib_counter,rdma_vf_rail1,port_xmit_discards,0
2026-09-30T06:50:24.124Z,gpu-3uwoq-6g3ya-1,ib_counter,rdma_vf_rail1,link_downed,0
2026-09-30T06:50:24.124Z,gpu-3uwoq-6g3ya-1,ib_hw_counter,rdma_vf_rail1,out_of_sequence,0
2026-09-30T06:50:24.124Z,gpu-3uwoq-6g3ya-1,ib_hw_counter,rdma_vf_rail1,packet_seq_err,8
2026-09-30T06:50:24.124Z,gpu-3uwoq-6g3ya-1,ib_hw_counter,rdma_vf_rail1,local_ack_timeout_err,0
2026-09-30T06:50:24.124Z,gpu-3uwoq-6g3ya-1,ib_hw_counter,rdma_vf_rail1,rx_write_requests,4.43433e+08
2026-09-30T06:50:24.124Z,gpu-3uwoq-6g3ya-1,ib_hw_counter,rdma_vf_rail1,rx_read_requests,8.24518e+06
2026-09-30T06:50:24.124Z,gpu-3uwoq-6g3ya-1,ib_hw_counter,rdma_vf_rail1,req_cqe_error,0
2026-09-30T06:50:24.124Z,gpu-3uwoq-6g3ya-1,ib_hw_counter,rdma_vf_rail1,resp_cqe_error,0
2026-09-30T06:50:24.124Z,gpu-3uwoq-6g3ya-1,ib_hw_counter,rdma_vf_rail1,implied_nak_seq_err,0
2026-09-30T06:50:24.124Z,gpu-3uwoq-6g3ya-1,ib_hw_counter,rdma_vf_rail1,duplicate_request,0
2026-09-30T06:50:24.124Z,gpu-3uwoq-6g3ya-1,ib_counter,rdma_vf_rail2,port_xmit_data,3.94617e+12
2026-09-30T06:50:24.124Z,gpu-3uwoq-6g3ya-1,ib_counter,rdma_vf_rail2,port_rcv_data,1.97796e+12
2026-09-30T06:50:24.124Z,gpu-3uwoq-6g3ya-1,ib_counter,rdma_vf_rail2,port_xmit_packets,1.06232e+09
2026-09-30T06:50:24.124Z,gpu-3uwoq-6g3ya-1,ib_counter,rdma_vf_rail2,port_rcv_packets,6.88687e+08
2026-09-30T06:50:24.124Z,gpu-3uwoq-6g3ya-1,ib_counter,rdma_vf_rail2,port_xmit_wait,0
2026-09-30T06:50:24.124Z,gpu-3uwoq-6g3ya-1,ib_counter,rdma_vf_rail2,port_rcv_errors,0
2026-09-30T06:50:24.124Z,gpu-3uwoq-6g3ya-1,ib_counter,rdma_vf_rail2,port_xmit_discards,0
2026-09-30T06:50:24.124Z,gpu-3uwoq-6g3ya-1,ib_counter,rdma_vf_rail2,link_downed,0
2026-09-30T06:50:24.124Z,gpu-3uwoq-6g3ya-1,ib_hw_counter,rdma_vf_rail2,out_of_sequence,0
2026-09-30T06:50:24.124Z,gpu-3uwoq-6g3ya-1,ib_hw_counter,rdma_vf_rail2,packet_seq_err,7
2026-09-30T06:50:24.124Z,gpu-3uwoq-6g3ya-1,ib_hw_counter,rdma_vf_rail2,local_ack_timeout_err,0
2026-09-30T06:50:24.124Z,gpu-3uwoq-6g3ya-1,ib_hw_counter,rdma_vf_rail2,rx_write_requests,4.43005e+08
2026-09-30T06:50:24.124Z,gpu-3uwoq-6g3ya-1,ib_hw_counter,rdma_vf_rail2,rx_read_requests,8.03756e+06
2026-09-30T06:50:24.124Z,gpu-3uwoq-6g3ya-1,ib_hw_counter,rdma_vf_rail2,req_cqe_error,0
2026-09-30T06:50:24.124Z,gpu-3uwoq-6g3ya-1,ib_hw_counter,rdma_vf_rail2,resp_cqe_error,0
2026-09-30T06:50:24.124Z,gpu-3uwoq-6g3ya-1,ib_hw_counter,rdma_vf_rail2,implied_nak_seq_err,0
2026-09-30T06:50:24.124Z,gpu-3uwoq-6g3ya-1,ib_hw_counter,rdma_vf_rail2,duplicate_request,0
2026-09-30T06:50:24.124Z,gpu-3uwoq-6g3ya-1,ib_counter,rdma_vf_rail3,port_xmit_data,3.94643e+12
2026-09-30T06:50:24.124Z,gpu-3uwoq-6g3ya-1,ib_counter,rdma_vf_rail3,port_rcv_data,1.97772e+12
2026-09-30T06:50:24.124Z,gpu-3uwoq-6g3ya-1,ib_counter,rdma_vf_rail3,port_xmit_packets,1.06309e+09
2026-09-30T06:50:24.124Z,gpu-3uwoq-6g3ya-1,ib_counter,rdma_vf_rail3,port_rcv_packets,6.85505e+08
2026-09-30T06:50:24.124Z,gpu-3uwoq-6g3ya-1,ib_counter,rdma_vf_rail3,port_xmit_wait,0
2026-09-30T06:50:24.124Z,gpu-3uwoq-6g3ya-1,ib_counter,rdma_vf_rail3,port_rcv_errors,0
2026-09-30T06:50:24.124Z,gpu-3uwoq-6g3ya-1,ib_counter,rdma_vf_rail3,port_xmit_discards,0
2026-09-30T06:50:24.124Z,gpu-3uwoq-6g3ya-1,ib_counter,rdma_vf_rail3,link_downed,0
2026-09-30T06:50:24.124Z,gpu-3uwoq-6g3ya-1,ib_hw_counter,rdma_vf_rail3,out_of_sequence,1
2026-09-30T06:50:24.124Z,gpu-3uwoq-6g3ya-1,ib_hw_counter,rdma_vf_rail3,packet_seq_err,7
2026-09-30T06:50:24.124Z,gpu-3uwoq-6g3ya-1,ib_hw_counter,rdma_vf_rail3,local_ack_timeout_err,0
2026-09-30T06:50:24.124Z,gpu-3uwoq-6g3ya-1,ib_hw_counter,rdma_vf_rail3,rx_write_requests,4.43005e+08
2026-09-30T06:50:24.124Z,gpu-3uwoq-6g3ya-1,ib_hw_counter,rdma_vf_rail3,rx_read_requests,8.03756e+06
2026-09-30T06:50:24.124Z,gpu-3uwoq-6g3ya-1,ib_hw_counter,rdma_vf_rail3,req_cqe_error,0
2026-09-30T06:50:24.124Z,gpu-3uwoq-6g3ya-1,ib_hw_counter,rdma_vf_rail3,resp_cqe_error,0
2026-09-30T06:50:24.124Z,gpu-3uwoq-6g3ya-1,ib_hw_counter,rdma_vf_rail3,implied_nak_seq_err,0
2026-09-30T06:50:24.124Z,gpu-3uwoq-6g3ya-1,ib_hw_counter,rdma_vf_rail3,duplicate_request,0
2026-09-30T06:50:24.124Z,gpu-3uwoq-6g3ya-1,dcgm,gpu2,gpu_util,0
2026-09-30T06:50:24.124Z,gpu-3uwoq-6g3ya-1,dcgm,gpu3,gpu_util,0
2026-09-30T06:50:24.124Z,gpu-3uwoq-6g3ya-1,dcgm,gpu0,gpu_util,0
2026-09-30T06:50:24.124Z,gpu-3uwoq-6g3ya-1,dcgm,gpu1,gpu_util,0
2026-09-30T06:50:24.124Z,gpu-3uwoq-6g3ya-1,dcgm,gpu2,nvlink_bandwidth_total,0
2026-09-30T06:50:24.124Z,gpu-3uwoq-6g3ya-1,dcgm,gpu3,nvlink_bandwidth_total,0
2026-09-30T06:50:24.124Z,gpu-3uwoq-6g3ya-1,dcgm,gpu0,nvlink_bandwidth_total,0
2026-09-30T06:50:24.124Z,gpu-3uwoq-6g3ya-1,dcgm,gpu1,nvlink_bandwidth_total,0
2026-09-30T06:50:24.124Z,gpu-3uwoq-6g3ya-1,dcgm,gpu2,power_w,222.82
2026-09-30T06:50:24.124Z,gpu-3uwoq-6g3ya-1,dcgm,gpu3,power_w,227.185
2026-09-30T06:50:24.124Z,gpu-3uwoq-6g3ya-1,dcgm,gpu0,power_w,230.166
2026-09-30T06:50:24.124Z,gpu-3uwoq-6g3ya-1,dcgm,gpu1,power_w,227.791
2026-09-30T06:50:24.124Z,gpu-3uwoq-6g3ya-1,dcgm,gpu2,sm_clock_mhz,2070
2026-09-30T06:50:24.124Z,gpu-3uwoq-6g3ya-1,dcgm,gpu3,sm_clock_mhz,2070
2026-09-30T06:50:24.124Z,gpu-3uwoq-6g3ya-1,dcgm,gpu0,sm_clock_mhz,2070
2026-09-30T06:50:24.124Z,gpu-3uwoq-6g3ya-1,dcgm,gpu1,sm_clock_mhz,2070
2026-09-30T06:50:24.124Z,gpu-3uwoq-6g3ya-1,dcgm,gpu2,dram_active,0
2026-09-30T06:50:24.124Z,gpu-3uwoq-6g3ya-1,dcgm,gpu3,dram_active,0
2026-09-30T06:50:24.124Z,gpu-3uwoq-6g3ya-1,dcgm,gpu0,dram_active,0
2026-09-30T06:50:24.124Z,gpu-3uwoq-6g3ya-1,dcgm,gpu1,dram_active,1e-06
2026-09-30T06:50:24.124Z,gpu-3uwoq-6g3ya-1,dcgm,gpu2,pcie_rx_bytes,177550
2026-09-30T06:50:24.124Z,gpu-3uwoq-6g3ya-1,dcgm,gpu3,pcie_rx_bytes,102208
2026-09-30T06:50:24.124Z,gpu-3uwoq-6g3ya-1,dcgm,gpu0,pcie_rx_bytes,204835
2026-09-30T06:50:24.124Z,gpu-3uwoq-6g3ya-1,dcgm,gpu1,pcie_rx_bytes,290645
2026-09-30T06:50:24.124Z,gpu-3uwoq-6g3ya-1,dcgm,gpu2,pcie_tx_bytes,167626
2026-09-30T06:50:24.124Z,gpu-3uwoq-6g3ya-1,dcgm,gpu3,pcie_tx_bytes,93582
2026-09-30T06:50:24.124Z,gpu-3uwoq-6g3ya-1,dcgm,gpu0,pcie_tx_bytes,195403
2026-09-30T06:50:24.124Z,gpu-3uwoq-6g3ya-1,dcgm,gpu1,pcie_tx_bytes,268431
2026-09-30T06:50:24.124Z,gpu-3uwoq-6g3ya-1,dcgm,gpu2,tensor_active,0
2026-09-30T06:50:24.124Z,gpu-3uwoq-6g3ya-1,dcgm,gpu3,tensor_active,0
2026-09-30T06:50:24.124Z,gpu-3uwoq-6g3ya-1,dcgm,gpu0,tensor_active,0
2026-09-30T06:50:24.124Z,gpu-3uwoq-6g3ya-1,dcgm,gpu1,tensor_active,0
2026-09-30T06:50:24.124Z,gpu-3uwoq-6g3ya-1,dcgm,gpu2,sm_active,0
2026-09-30T06:50:24.124Z,gpu-3uwoq-6g3ya-1,dcgm,gpu3,sm_active,0
2026-09-30T06:50:24.124Z,gpu-3uwoq-6g3ya-1,dcgm,gpu0,sm_active,0
2026-09-30T06:50:24.124Z,gpu-3uwoq-6g3ya-1,dcgm,gpu1,sm_active,0
2026-09-30T06:50:24.124Z,gpu-3uwoq-6g3ya-1,nvlink,gpu0,nvlink_rx_bytes,1.03783e+13
2026-09-30T06:50:24.124Z,gpu-3uwoq-6g3ya-1,nvlink,gpu0,nvlink_tx_bytes,1.03828e+13
2026-09-30T06:50:24.124Z,gpu-3uwoq-6g3ya-1,nvlink,gpu1,nvlink_rx_bytes,1.05327e+13
2026-09-30T06:50:24.124Z,gpu-3uwoq-6g3ya-1,nvlink,gpu1,nvlink_tx_bytes,1.05357e+13
2026-09-30T06:50:24.124Z,gpu-3uwoq-6g3ya-1,nvlink,gpu2,nvlink_rx_bytes,1.04008e+13
2026-09-30T06:50:24.124Z,gpu-3uwoq-6g3ya-1,nvlink,gpu2,nvlink_tx_bytes,1.04047e+13
2026-09-30T06:50:24.124Z,gpu-3uwoq-6g3ya-1,nvlink,gpu3,nvlink_rx_bytes,1.03502e+13
2026-09-30T06:50:24.124Z,gpu-3uwoq-6g3ya-1,nvlink,gpu3,nvlink_tx_bytes,1.03535e+13
2026-09-30T06:50:25.124Z,gpu-3uwoq-6g3ya-1,ib_counter,rdma_vf_rail0,port_xmit_data,4.08122e+12
2026-09-30T06:50:25.124Z,gpu-3uwoq-6g3ya-1,ib_counter,rdma_vf_rail0,port_rcv_data,2.11385e+12
2026-09-30T06:50:25.124Z,gpu-3uwoq-6g3ya-1,ib_counter,rdma_vf_rail0,port_xmit_packets,1.10305e+09
2026-09-30T06:50:25.124Z,gpu-3uwoq-6g3ya-1,ib_counter,rdma_vf_rail0,port_rcv_packets,7.38804e+08
2026-09-30T06:50:25.124Z,gpu-3uwoq-6g3ya-1,ib_counter,rdma_vf_rail0,port_xmit_wait,0
2026-09-30T06:50:25.124Z,gpu-3uwoq-6g3ya-1,ib_counter,rdma_vf_rail0,port_rcv_errors,0
2026-09-30T06:50:25.124Z,gpu-3uwoq-6g3ya-1,ib_counter,rdma_vf_rail0,port_xmit_discards,0
2026-09-30T06:50:25.124Z,gpu-3uwoq-6g3ya-1,ib_counter,rdma_vf_rail0,link_downed,0
2026-09-30T06:50:25.124Z,gpu-3uwoq-6g3ya-1,ib_hw_counter,rdma_vf_rail0,out_of_sequence,0
2026-09-30T06:50:25.124Z,gpu-3uwoq-6g3ya-1,ib_hw_counter,rdma_vf_rail0,packet_seq_err,8
2026-09-30T06:50:25.124Z,gpu-3uwoq-6g3ya-1,ib_hw_counter,rdma_vf_rail0,local_ack_timeout_err,0
2026-09-30T06:50:25.124Z,gpu-3uwoq-6g3ya-1,ib_hw_counter,rdma_vf_rail0,rx_write_requests,4.4503e+08
2026-09-30T06:50:25.124Z,gpu-3uwoq-6g3ya-1,ib_hw_counter,rdma_vf_rail0,rx_read_requests,9.0462e+06
2026-09-30T06:50:25.124Z,gpu-3uwoq-6g3ya-1,ib_hw_counter,rdma_vf_rail0,req_cqe_error,0
2026-09-30T06:50:25.124Z,gpu-3uwoq-6g3ya-1,ib_hw_counter,rdma_vf_rail0,resp_cqe_error,0
2026-09-30T06:50:25.124Z,gpu-3uwoq-6g3ya-1,ib_hw_counter,rdma_vf_rail0,implied_nak_seq_err,0
2026-09-30T06:50:25.124Z,gpu-3uwoq-6g3ya-1,ib_hw_counter,rdma_vf_rail0,duplicate_request,0
2026-09-30T06:50:25.124Z,gpu-3uwoq-6g3ya-1,ib_counter,rdma_vf_rail1,port_xmit_data,3.97368e+12
2026-09-30T06:50:25.124Z,gpu-3uwoq-6g3ya-1,ib_counter,rdma_vf_rail1,port_rcv_data,2.00573e+12
2026-09-30T06:50:25.124Z,gpu-3uwoq-6g3ya-1,ib_counter,rdma_vf_rail1,port_xmit_packets,1.07687e+09
2026-09-30T06:50:25.124Z,gpu-3uwoq-6g3ya-1,ib_counter,rdma_vf_rail1,port_rcv_packets,7.07728e+08
2026-09-30T06:50:25.124Z,gpu-3uwoq-6g3ya-1,ib_counter,rdma_vf_rail1,port_xmit_wait,0
2026-09-30T06:50:25.124Z,gpu-3uwoq-6g3ya-1,ib_counter,rdma_vf_rail1,port_rcv_errors,0
2026-09-30T06:50:25.124Z,gpu-3uwoq-6g3ya-1,ib_counter,rdma_vf_rail1,port_xmit_discards,0
2026-09-30T06:50:25.124Z,gpu-3uwoq-6g3ya-1,ib_counter,rdma_vf_rail1,link_downed,0
2026-09-30T06:50:25.124Z,gpu-3uwoq-6g3ya-1,ib_hw_counter,rdma_vf_rail1,out_of_sequence,0
2026-09-30T06:50:25.124Z,gpu-3uwoq-6g3ya-1,ib_hw_counter,rdma_vf_rail1,packet_seq_err,8
2026-09-30T06:50:25.124Z,gpu-3uwoq-6g3ya-1,ib_hw_counter,rdma_vf_rail1,local_ack_timeout_err,0
2026-09-30T06:50:25.124Z,gpu-3uwoq-6g3ya-1,ib_hw_counter,rdma_vf_rail1,rx_write_requests,4.43433e+08
2026-09-30T06:50:25.124Z,gpu-3uwoq-6g3ya-1,ib_hw_counter,rdma_vf_rail1,rx_read_requests,8.24518e+06
2026-09-30T06:50:25.124Z,gpu-3uwoq-6g3ya-1,ib_hw_counter,rdma_vf_rail1,req_cqe_error,0
2026-09-30T06:50:25.124Z,gpu-3uwoq-6g3ya-1,ib_hw_counter,rdma_vf_rail1,resp_cqe_error,0
2026-09-30T06:50:25.124Z,gpu-3uwoq-6g3ya-1,ib_hw_counter,rdma_vf_rail1,implied_nak_seq_err,0
2026-09-30T06:50:25.124Z,gpu-3uwoq-6g3ya-1,ib_hw_counter,rdma_vf_rail1,duplicate_request,0
2026-09-30T06:50:25.124Z,gpu-3uwoq-6g3ya-1,ib_counter,rdma_vf_rail2,port_xmit_data,3.94617e+12
2026-09-30T06:50:25.124Z,gpu-3uwoq-6g3ya-1,ib_counter,rdma_vf_rail2,port_rcv_data,1.97796e+12
2026-09-30T06:50:25.124Z,gpu-3uwoq-6g3ya-1,ib_counter,rdma_vf_rail2,port_xmit_packets,1.06232e+09
2026-09-30T06:50:25.124Z,gpu-3uwoq-6g3ya-1,ib_counter,rdma_vf_rail2,port_rcv_packets,6.88687e+08
2026-09-30T06:50:25.124Z,gpu-3uwoq-6g3ya-1,ib_counter,rdma_vf_rail2,port_xmit_wait,0
2026-09-30T06:50:25.124Z,gpu-3uwoq-6g3ya-1,ib_counter,rdma_vf_rail2,port_rcv_errors,0
2026-09-30T06:50:25.124Z,gpu-3uwoq-6g3ya-1,ib_counter,rdma_vf_rail2,port_xmit_discards,0
2026-09-30T06:50:25.124Z,gpu-3uwoq-6g3ya-1,ib_counter,rdma_vf_rail2,link_downed,0
2026-09-30T06:50:25.124Z,gpu-3uwoq-6g3ya-1,ib_hw_counter,rdma_vf_rail2,out_of_sequence,0
2026-09-30T06:50:25.124Z,gpu-3uwoq-6g3ya-1,ib_hw_counter,rdma_vf_rail2,packet_seq_err,7
2026-09-30T06:50:25.124Z,gpu-3uwoq-6g3ya-1,ib_hw_counter,rdma_vf_rail2,local_ack_timeout_err,0
2026-09-30T06:50:25.124Z,gpu-3uwoq-6g3ya-1,ib_hw_counter,rdma_vf_rail2,rx_write_requests,4.43005e+08
2026-09-30T06:50:25.124Z,gpu-3uwoq-6g3ya-1,ib_hw_counter,rdma_vf_rail2,rx_read_requests,8.03756e+06
2026-09-30T06:50:25.124Z,gpu-3uwoq-6g3ya-1,ib_hw_counter,rdma_vf_rail2,req_cqe_error,0
2026-09-30T06:50:25.124Z,gpu-3uwoq-6g3ya-1,ib_hw_counter,rdma_vf_rail2,resp_cqe_error,0
2026-09-30T06:50:25.124Z,gpu-3uwoq-6g3ya-1,ib_hw_counter,rdma_vf_rail2,implied_nak_seq_err,0
2026-09-30T06:50:25.124Z,gpu-3uwoq-6g3ya-1,ib_hw_counter,rdma_vf_rail2,duplicate_request,0
2026-09-30T06:50:25.124Z,gpu-3uwoq-6g3ya-1,ib_counter,rdma_vf_rail3,port_xmit_data,3.94643e+12
2026-09-30T06:50:25.124Z,gpu-3uwoq-6g3ya-1,ib_counter,rdma_vf_rail3,port_rcv_data,1.97772e+12
2026-09-30T06:50:25.124Z,gpu-3uwoq-6g3ya-1,ib_counter,rdma_vf_rail3,port_xmit_packets,1.06309e+09
2026-09-30T06:50:25.124Z,gpu-3uwoq-6g3ya-1,ib_counter,rdma_vf_rail3,port_rcv_packets,6.85505e+08
2026-09-30T06:50:25.124Z,gpu-3uwoq-6g3ya-1,ib_counter,rdma_vf_rail3,port_xmit_wait,0
2026-09-30T06:50:25.124Z,gpu-3uwoq-6g3ya-1,ib_counter,rdma_vf_rail3,port_rcv_errors,0
2026-09-30T06:50:25.124Z,gpu-3uwoq-6g3ya-1,ib_counter,rdma_vf_rail3,port_xmit_discards,0
2026-09-30T06:50:25.124Z,gpu-3uwoq-6g3ya-1,ib_counter,rdma_vf_rail3,link_downed,0
2026-09-30T06:50:25.124Z,gpu-3uwoq-6g3ya-1,ib_hw_counter,rdma_vf_rail3,out_of_sequence,1
2026-09-30T06:50:25.124Z,gpu-3uwoq-6g3ya-1,ib_hw_counter,rdma_vf_rail3,packet_seq_err,7
2026-09-30T06:50:25.124Z,gpu-3uwoq-6g3ya-1,ib_hw_counter,rdma_vf_rail3,local_ack_timeout_err,0
2026-09-30T06:50:25.124Z,gpu-3uwoq-6g3ya-1,ib_hw_counter,rdma_vf_rail3,rx_write_requests,4.43005e+08
2026-09-30T06:50:25.124Z,gpu-3uwoq-6g3ya-1,ib_hw_counter,rdma_vf_rail3,rx_read_requests,8.03756e+06
2026-09-30T06:50:25.124Z,gpu-3uwoq-6g3ya-1,ib_hw_counter,rdma_vf_rail3,req_cqe_error,0
2026-09-30T06:50:25.124Z,gpu-3uwoq-6g3ya-1,ib_hw_counter,rdma_vf_rail3,resp_cqe_error,0
2026-09-30T06:50:25.124Z,gpu-3uwoq-6g3ya-1,ib_hw_counter,rdma_vf_rail3,implied_nak_seq_err,0
2026-09-30T06:50:25.124Z,gpu-3uwoq-6g3ya-1,ib_hw_counter,rdma_vf_rail3,duplicate_request,0
2026-09-30T06:50:25.124Z,gpu-3uwoq-6g3ya-1,dcgm,gpu2,gpu_util,0
2026-09-30T06:50:25.124Z,gpu-3uwoq-6g3ya-1,dcgm,gpu3,gpu_util,0
2026-09-30T06:50:25.124Z,gpu-3uwoq-6g3ya-1,dcgm,gpu0,gpu_util,0
2026-09-30T06:50:25.124Z,gpu-3uwoq-6g3ya-1,dcgm,gpu1,gpu_util,0
2026-09-30T06:50:25.124Z,gpu-3uwoq-6g3ya-1,dcgm,gpu2,nvlink_bandwidth_total,0
2026-09-30T06:50:25.124Z,gpu-3uwoq-6g3ya-1,dcgm,gpu3,nvlink_bandwidth_total,0
2026-09-30T06:50:25.124Z,gpu-3uwoq-6g3ya-1,dcgm,gpu0,nvlink_bandwidth_total,0
2026-09-30T06:50:25.124Z,gpu-3uwoq-6g3ya-1,dcgm,gpu1,nvlink_bandwidth_total,0
2026-09-30T06:50:25.124Z,gpu-3uwoq-6g3ya-1,dcgm,gpu2,power_w,222.82
2026-09-30T06:50:25.124Z,gpu-3uwoq-6g3ya-1,dcgm,gpu3,power_w,227.185
2026-09-30T06:50:25.124Z,gpu-3uwoq-6g3ya-1,dcgm,gpu0,power_w,230.166
2026-09-30T06:50:25.124Z,gpu-3uwoq-6g3ya-1,dcgm,gpu1,power_w,227.791
2026-09-30T06:50:25.124Z,gpu-3uwoq-6g3ya-1,dcgm,gpu2,sm_clock_mhz,2070
2026-09-30T06:50:25.124Z,gpu-3uwoq-6g3ya-1,dcgm,gpu3,sm_clock_mhz,2070
2026-09-30T06:50:25.124Z,gpu-3uwoq-6g3ya-1,dcgm,gpu0,sm_clock_mhz,2070
2026-09-30T06:50:25.124Z,gpu-3uwoq-6g3ya-1,dcgm,gpu1,sm_clock_mhz,2070
2026-09-30T06:50:25.124Z,gpu-3uwoq-6g3ya-1,dcgm,gpu2,dram_active,0
2026-09-30T06:50:25.124Z,gpu-3uwoq-6g3ya-1,dcgm,gpu3,dram_active,0
2026-09-30T06:50:25.124Z,gpu-3uwoq-6g3ya-1,dcgm,gpu0,dram_active,0
2026-09-30T06:50:25.124Z,gpu-3uwoq-6g3ya-1,dcgm,gpu1,dram_active,1e-06
2026-09-30T06:50:25.124Z,gpu-3uwoq-6g3ya-1,dcgm,gpu2,pcie_rx_bytes,177550
2026-09-30T06:50:25.124Z,gpu-3uwoq-6g3ya-1,dcgm,gpu3,pcie_rx_bytes,102208
2026-09-30T06:50:25.124Z,gpu-3uwoq-6g3ya-1,dcgm,gpu0,pcie_rx_bytes,204835
2026-09-30T06:50:25.124Z,gpu-3uwoq-6g3ya-1,dcgm,gpu1,pcie_rx_bytes,290645
2026-09-30T06:50:25.124Z,gpu-3uwoq-6g3ya-1,dcgm,gpu2,pcie_tx_bytes,167626
2026-09-30T06:50:25.124Z,gpu-3uwoq-6g3ya-1,dcgm,gpu3,pcie_tx_bytes,93582
2026-09-30T06:50:25.124Z,gpu-3uwoq-6g3ya-1,dcgm,gpu0,pcie_tx_bytes,195403
2026-09-30T06:50:25.124Z,gpu-3uwoq-6g3ya-1,dcgm,gpu1,pcie_tx_bytes,268431
2026-09-30T06:50:25.124Z,gpu-3uwoq-6g3ya-1,dcgm,gpu2,tensor_active,0
2026-09-30T06:50:25.124Z,gpu-3uwoq-6g3ya-1,dcgm,gpu3,tensor_active,0
2026-09-30T06:50:25.124Z,gpu-3uwoq-6g3ya-1,dcgm,gpu0,tensor_active,0
2026-09-30T06:50:25.124Z,gpu-3uwoq-6g3ya-1,dcgm,gpu1,tensor_active,0
2026-09-30T06:50:25.124Z,gpu-3uwoq-6g3ya-1,dcgm,gpu2,sm_active,0
2026-09-30T06:50:25.124Z,gpu-3uwoq-6g3ya-1,dcgm,gpu3,sm_active,0
2026-09-30T06:50:25.124Z,gpu-3uwoq-6g3ya-1,dcgm,gpu0,sm_active,0
2026-09-30T06:50:25.124Z,gpu-3uwoq-6g3ya-1,dcgm,gpu1,sm_active,0
2026-09-30T06:50:25.124Z,gpu-3uwoq-6g3ya-1,nvlink,gpu0,nvlink_rx_bytes,1.03783e+13
2026-09-30T06:50:25.124Z,gpu-3uwoq-6g3ya-1,nvlink,gpu0,nvlink_tx_bytes,1.03828e+13
2026-09-30T06:50:25.124Z,gpu-3uwoq-6g3ya-1,nvlink,gpu1,nvlink_rx_bytes,1.05327e+13
2026-09-30T06:50:25.124Z,gpu-3uwoq-6g3ya-1,nvlink,gpu1,nvlink_tx_bytes,1.05357e+13
2026-09-30T06:50:25.124Z,gpu-3uwoq-6g3ya-1,nvlink,gpu2,nvlink_rx_bytes,1.04008e+13
2026-09-30T06:50:25.124Z,gpu-3uwoq-6g3ya-1,nvlink,gpu2,nvlink_tx_bytes,1.04047e+13
2026-09-30T06:50:25.124Z,gpu-3uwoq-6g3ya-1,nvlink,gpu3,nvlink_rx_bytes,1.03502e+13
2026-09-30T06:50:25.124Z,gpu-3uwoq-6g3ya-1,nvlink,gpu3,nvlink_tx_bytes,1.03535e+13
2026-09-30T06:50:26.124Z,gpu-3uwoq-6g3ya-1,ib_counter,rdma_vf_rail0,port_xmit_data,4.08122e+12
2026-09-30T06:50:26.124Z,gpu-3uwoq-6g3ya-1,ib_counter,rdma_vf_rail0,port_rcv_data,2.11385e+12
2026-09-30T06:50:26.124Z,gpu-3uwoq-6g3ya-1,ib_counter,rdma_vf_rail0,port_xmit_packets,1.10305e+09
2026-09-30T06:50:26.124Z,gpu-3uwoq-6g3ya-1,ib_counter,rdma_vf_rail0,port_rcv_packets,7.38804e+08
2026-09-30T06:50:26.124Z,gpu-3uwoq-6g3ya-1,ib_counter,rdma_vf_rail0,port_xmit_wait,0
2026-09-30T06:50:26.124Z,gpu-3uwoq-6g3ya-1,ib_counter,rdma_vf_rail0,port_rcv_errors,0
2026-09-30T06:50:26.124Z,gpu-3uwoq-6g3ya-1,ib_counter,rdma_vf_rail0,port_xmit_discards,0
2026-09-30T06:50:26.124Z,gpu-3uwoq-6g3ya-1,ib_counter,rdma_vf_rail0,link_downed,0
2026-09-30T06:50:26.124Z,gpu-3uwoq-6g3ya-1,ib_hw_counter,rdma_vf_rail0,out_of_sequence,0
2026-09-30T06:50:26.124Z,gpu-3uwoq-6g3ya-1,ib_hw_counter,rdma_vf_rail0,packet_seq_err,8
2026-09-30T06:50:26.124Z,gpu-3uwoq-6g3ya-1,ib_hw_counter,rdma_vf_rail0,local_ack_timeout_err,0
2026-09-30T06:50:26.124Z,gpu-3uwoq-6g3ya-1,ib_hw_counter,rdma_vf_rail0,rx_write_requests,4.4503e+08
2026-09-30T06:50:26.124Z,gpu-3uwoq-6g3ya-1,ib_hw_counter,rdma_vf_rail0,rx_read_requests,9.0462e+06
2026-09-30T06:50:26.124Z,gpu-3uwoq-6g3ya-1,ib_hw_counter,rdma_vf_rail0,req_cqe_error,0
2026-09-30T06:50:26.124Z,gpu-3uwoq-6g3ya-1,ib_hw_counter,rdma_vf_rail0,resp_cqe_error,0
2026-09-30T06:50:26.124Z,gpu-3uwoq-6g3ya-1,ib_hw_counter,rdma_vf_rail0,implied_nak_seq_err,0
2026-09-30T06:50:26.124Z,gpu-3uwoq-6g3ya-1,ib_hw_counter,rdma_vf_rail0,duplicate_request,0
2026-09-30T06:50:26.124Z,gpu-3uwoq-6g3ya-1,ib_counter,rdma_vf_rail1,port_xmit_data,3.97368e+12
2026-09-30T06:50:26.124Z,gpu-3uwoq-6g3ya-1,ib_counter,rdma_vf_rail1,port_rcv_data,2.00573e+12
2026-09-30T06:50:26.124Z,gpu-3uwoq-6g3ya-1,ib_counter,rdma_vf_rail1,port_xmit_packets,1.07687e+09
2026-09-30T06:50:26.124Z,gpu-3uwoq-6g3ya-1,ib_counter,rdma_vf_rail1,port_rcv_packets,7.07728e+08
2026-09-30T06:50:26.124Z,gpu-3uwoq-6g3ya-1,ib_counter,rdma_vf_rail1,port_xmit_wait,0
2026-09-30T06:50:26.124Z,gpu-3uwoq-6g3ya-1,ib_counter,rdma_vf_rail1,port_rcv_errors,0
2026-09-30T06:50:26.124Z,gpu-3uwoq-6g3ya-1,ib_counter,rdma_vf_rail1,port_xmit_discards,0
2026-09-30T06:50:26.124Z,gpu-3uwoq-6g3ya-1,ib_counter,rdma_vf_rail1,link_downed,0
2026-09-30T06:50:26.124Z,gpu-3uwoq-6g3ya-1,ib_hw_counter,rdma_vf_rail1,out_of_sequence,0
2026-09-30T06:50:26.124Z,gpu-3uwoq-6g3ya-1,ib_hw_counter,rdma_vf_rail1,packet_seq_err,8
2026-09-30T06:50:26.124Z,gpu-3uwoq-6g3ya-1,ib_hw_counter,rdma_vf_rail1,local_ack_timeout_err,0
2026-09-30T06:50:26.124Z,gpu-3uwoq-6g3ya-1,ib_hw_counter,rdma_vf_rail1,rx_write_requests,4.43433e+08
2026-09-30T06:50:26.124Z,gpu-3uwoq-6g3ya-1,ib_hw_counter,rdma_vf_rail1,rx_read_requests,8.24518e+06
2026-09-30T06:50:26.124Z,gpu-3uwoq-6g3ya-1,ib_hw_counter,rdma_vf_rail1,req_cqe_error,0
2026-09-30T06:50:26.124Z,gpu-3uwoq-6g3ya-1,ib_hw_counter,rdma_vf_rail1,resp_cqe_error,0
2026-09-30T06:50:26.124Z,gpu-3uwoq-6g3ya-1,ib_hw_counter,rdma_vf_rail1,implied_nak_seq_err,0
2026-09-30T06:50:26.124Z,gpu-3uwoq-6g3ya-1,ib_hw_counter,rdma_vf_rail1,duplicate_request,0
2026-09-30T06:50:26.124Z,gpu-3uwoq-6g3ya-1,ib_counter,rdma_vf_rail2,port_xmit_data,3.94617e+12
2026-09-30T06:50:26.124Z,gpu-3uwoq-6g3ya-1,ib_counter,rdma_vf_rail2,port_rcv_data,1.97796e+12
2026-09-30T06:50:26.124Z,gpu-3uwoq-6g3ya-1,ib_counter,rdma_vf_rail2,port_xmit_packets,1.06232e+09
2026-09-30T06:50:26.124Z,gpu-3uwoq-6g3ya-1,ib_counter,rdma_vf_rail2,port_rcv_packets,6.88687e+08
2026-09-30T06:50:26.124Z,gpu-3uwoq-6g3ya-1,ib_counter,rdma_vf_rail2,port_xmit_wait,0
2026-09-30T06:50:26.124Z,gpu-3uwoq-6g3ya-1,ib_counter,rdma_vf_rail2,port_rcv_errors,0
2026-09-30T06:50:26.124Z,gpu-3uwoq-6g3ya-1,ib_counter,rdma_vf_rail2,port_xmit_discards,0
2026-09-30T06:50:26.124Z,gpu-3uwoq-6g3ya-1,ib_counter,rdma_vf_rail2,link_downed,0
2026-09-30T06:50:26.124Z,gpu-3uwoq-6g3ya-1,ib_hw_counter,rdma_vf_rail2,out_of_sequence,0
2026-09-30T06:50:26.124Z,gpu-3uwoq-6g3ya-1,ib_hw_counter,rdma_vf_rail2,packet_seq_err,7
2026-09-30T06:50:26.124Z,gpu-3uwoq-6g3ya-1,ib_hw_counter,rdma_vf_rail2,local_ack_timeout_err,0
2026-09-30T06:50:26.124Z,gpu-3uwoq-6g3ya-1,ib_hw_counter,rdma_vf_rail2,rx_write_requests,4.43005e+08
2026-09-30T06:50:26.124Z,gpu-3uwoq-6g3ya-1,ib_hw_counter,rdma_vf_rail2,rx_read_requests,8.03756e+06
2026-09-30T06:50:26.124Z,gpu-3uwoq-6g3ya-1,ib_hw_counter,rdma_vf_rail2,req_cqe_error,0
2026-09-30T06:50:26.124Z,gpu-3uwoq-6g3ya-1,ib_hw_counter,rdma_vf_rail2,resp_cqe_error,0
2026-09-30T06:50:26.124Z,gpu-3uwoq-6g3ya-1,ib_hw_counter,rdma_vf_rail2,implied_nak_seq_err,0
2026-09-30T06:50:26.124Z,gpu-3uwoq-6g3ya-1,ib_hw_counter,rdma_vf_rail2,duplicate_request,0
2026-09-30T06:50:26.124Z,gpu-3uwoq-6g3ya-1,ib_counter,rdma_vf_rail3,port_xmit_data,3.94643e+12
2026-09-30T06:50:26.124Z,gpu-3uwoq-6g3ya-1,ib_counter,rdma_vf_rail3,port_rcv_data,1.97772e+12
2026-09-30T06:50:26.124Z,gpu-3uwoq-6g3ya-1,ib_counter,rdma_vf_rail3,port_xmit_packets,1.06309e+09
2026-09-30T06:50:26.124Z,gpu-3uwoq-6g3ya-1,ib_counter,rdma_vf_rail3,port_rcv_packets,6.85505e+08
2026-09-30T06:50:26.124Z,gpu-3uwoq-6g3ya-1,ib_counter,rdma_vf_rail3,port_xmit_wait,0
2026-09-30T06:50:26.124Z,gpu-3uwoq-6g3ya-1,ib_counter,rdma_vf_rail3,port_rcv_errors,0
2026-09-30T06:50:26.124Z,gpu-3uwoq-6g3ya-1,ib_counter,rdma_vf_rail3,port_xmit_discards,0
2026-09-30T06:50:26.124Z,gpu-3uwoq-6g3ya-1,ib_counter,rdma_vf_rail3,link_downed,0
2026-09-30T06:50:26.124Z,gpu-3uwoq-6g3ya-1,ib_hw_counter,rdma_vf_rail3,out_of_sequence,1
2026-09-30T06:50:26.124Z,gpu-3uwoq-6g3ya-1,ib_hw_counter,rdma_vf_rail3,packet_seq_err,7
2026-09-30T06:50:26.124Z,gpu-3uwoq-6g3ya-1,ib_hw_counter,rdma_vf_rail3,local_ack_timeout_err,0
2026-09-30T06:50:26.124Z,gpu-3uwoq-6g3ya-1,ib_hw_counter,rdma_vf_rail3,rx_write_requests,4.43005e+08
2026-09-30T06:50:26.124Z,gpu-3uwoq-6g3ya-1,ib_hw_counter,rdma_vf_rail3,rx_read_requests,8.03756e+06
2026-09-30T06:50:26.124Z,gpu-3uwoq-6g3ya-1,ib_hw_counter,rdma_vf_rail3,req_cqe_error,0
2026-09-30T06:50:26.124Z,gpu-3uwoq-6g3ya-1,ib_hw_counter,rdma_vf_rail3,resp_cqe_error,0
2026-09-30T06:50:26.124Z,gpu-3uwoq-6g3ya-1,ib_hw_counter,rdma_vf_rail3,implied_nak_seq_err,0
2026-09-30T06:50:26.124Z,gpu-3uwoq-6g3ya-1,ib_hw_counter,rdma_vf_rail3,duplicate_request,0
2026-09-30T06:50:26.124Z,gpu-3uwoq-6g3ya-1,dcgm,gpu2,gpu_util,0
2026-09-30T06:50:26.124Z,gpu-3uwoq-6g3ya-1,dcgm,gpu3,gpu_util,0
2026-09-30T06:50:26.124Z,gpu-3uwoq-6g3ya-1,dcgm,gpu0,gpu_util,0
2026-09-30T06:50:26.124Z,gpu-3uwoq-6g3ya-1,dcgm,gpu1,gpu_util,0
2026-09-30T06:50:26.124Z,gpu-3uwoq-6g3ya-1,dcgm,gpu2,nvlink_bandwidth_total,0
2026-09-30T06:50:26.124Z,gpu-3uwoq-6g3ya-1,dcgm,gpu3,nvlink_bandwidth_total,0
2026-09-30T06:50:26.124Z,gpu-3uwoq-6g3ya-1,dcgm,gpu0,nvlink_bandwidth_total,0
2026-09-30T06:50:26.124Z,gpu-3uwoq-6g3ya-1,dcgm,gpu1,nvlink_bandwidth_total,0
2026-09-30T06:50:26.124Z,gpu-3uwoq-6g3ya-1,dcgm,gpu2,power_w,222.82
2026-09-30T06:50:26.124Z,gpu-3uwoq-6g3ya-1,dcgm,gpu3,power_w,227.185
2026-09-30T06:50:26.124Z,gpu-3uwoq-6g3ya-1,dcgm,gpu0,power_w,230.166
2026-09-30T06:50:26.124Z,gpu-3uwoq-6g3ya-1,dcgm,gpu1,power_w,227.791
2026-09-30T06:50:26.124Z,gpu-3uwoq-6g3ya-1,dcgm,gpu2,sm_clock_mhz,2070
2026-09-30T06:50:26.124Z,gpu-3uwoq-6g3ya-1,dcgm,gpu3,sm_clock_mhz,2070
2026-09-30T06:50:26.124Z,gpu-3uwoq-6g3ya-1,dcgm,gpu0,sm_clock_mhz,2070
2026-09-30T06:50:26.124Z,gpu-3uwoq-6g3ya-1,dcgm,gpu1,sm_clock_mhz,2070
2026-09-30T06:50:26.124Z,gpu-3uwoq-6g3ya-1,dcgm,gpu2,dram_active,0
2026-09-30T06:50:26.124Z,gpu-3uwoq-6g3ya-1,dcgm,gpu3,dram_active,0
2026-09-30T06:50:26.124Z,gpu-3uwoq-6g3ya-1,dcgm,gpu0,dram_active,0
2026-09-30T06:50:26.124Z,gpu-3uwoq-6g3ya-1,dcgm,gpu1,dram_active,1e-06
2026-09-30T06:50:26.124Z,gpu-3uwoq-6g3ya-1,dcgm,gpu2,pcie_rx_bytes,177550
2026-09-30T06:50:26.124Z,gpu-3uwoq-6g3ya-1,dcgm,gpu3,pcie_rx_bytes,102208
2026-09-30T06:50:26.124Z,gpu-3uwoq-6g3ya-1,dcgm,gpu0,pcie_rx_bytes,204835
2026-09-30T06:50:26.124Z,gpu-3uwoq-6g3ya-1,dcgm,gpu1,pcie_rx_bytes,290645
2026-09-30T06:50:26.124Z,gpu-3uwoq-6g3ya-1,dcgm,gpu2,pcie_tx_bytes,167626
2026-09-30T06:50:26.124Z,gpu-3uwoq-6g3ya-1,dcgm,gpu3,pcie_tx_bytes,93582
2026-09-30T06:50:26.124Z,gpu-3uwoq-6g3ya-1,dcgm,gpu0,pcie_tx_bytes,195403
2026-09-30T06:50:26.124Z,gpu-3uwoq-6g3ya-1,dcgm,gpu1,pcie_tx_bytes,268431
2026-09-30T06:50:26.124Z,gpu-3uwoq-6g3ya-1,dcgm,gpu2,tensor_active,0
2026-09-30T06:50:26.124Z,gpu-3uwoq-6g3ya-1,dcgm,gpu3,tensor_active,0
2026-09-30T06:50:26.124Z,gpu-3uwoq-6g3ya-1,dcgm,gpu0,tensor_active,0
2026-09-30T06:50:26.124Z,gpu-3uwoq-6g3ya-1,dcgm,gpu1,tensor_active,0
2026-09-30T06:50:26.124Z,gpu-3uwoq-6g3ya-1,dcgm,gpu2,sm_active,0
2026-09-30T06:50:26.124Z,gpu-3uwoq-6g3ya-1,dcgm,gpu3,sm_active,0
2026-09-30T06:50:26.124Z,gpu-3uwoq-6g3ya-1,dcgm,gpu0,sm_active,0
2026-09-30T06:50:26.124Z,gpu-3uwoq-6g3ya-1,dcgm,gpu1,sm_active,0
2026-09-30T06:50:26.124Z,gpu-3uwoq-6g3ya-1,nvlink,gpu0,nvlink_rx_bytes,1.03783e+13
2026-09-30T06:50:26.124Z,gpu-3uwoq-6g3ya-1,nvlink,gpu0,nvlink_tx_bytes,1.03828e+13
2026-09-30T06:50:26.124Z,gpu-3uwoq-6g3ya-1,nvlink,gpu1,nvlink_rx_bytes,1.05327e+13
2026-09-30T06:50:26.124Z,gpu-3uwoq-6g3ya-1,nvlink,gpu1,nvlink_tx_bytes,1.05357e+13
2026-09-30T06:50:26.124Z,gpu-3uwoq-6g3ya-1,nvlink,gpu2,nvlink_rx_bytes,1.04008e+13
2026-09-30T06:50:26.124Z,gpu-3uwoq-6g3ya-1,nvlink,gpu2,nvlink_tx_bytes,1.04047e+13
2026-09-30T06:50:26.124Z,gpu-3uwoq-6g3ya-1,nvlink,gpu3,nvlink_rx_bytes,1.03502e+13
2026-09-30T06:50:26.124Z,gpu-3uwoq-6g3ya-1,nvlink,gpu3,nvlink_tx_bytes,1.03535e+13
2026-09-30T06:50:27.124Z,gpu-3uwoq-6g3ya-1,ib_counter,rdma_vf_rail0,port_xmit_data,4.08122e+12
2026-09-30T06:50:27.124Z,gpu-3uwoq-6g3ya-1,ib_counter,rdma_vf_rail0,port_rcv_data,2.11385e+12
2026-09-30T06:50:27.124Z,gpu-3uwoq-6g3ya-1,ib_counter,rdma_vf_rail0,port_xmit_packets,1.10305e+09
2026-09-30T06:50:27.124Z,gpu-3uwoq-6g3ya-1,ib_counter,rdma_vf_rail0,port_rcv_packets,7.38804e+08
2026-09-30T06:50:27.124Z,gpu-3uwoq-6g3ya-1,ib_counter,rdma_vf_rail0,port_xmit_wait,0
2026-09-30T06:50:27.124Z,gpu-3uwoq-6g3ya-1,ib_counter,rdma_vf_rail0,port_rcv_errors,0
2026-09-30T06:50:27.124Z,gpu-3uwoq-6g3ya-1,ib_counter,rdma_vf_rail0,port_xmit_discards,0
2026-09-30T06:50:27.124Z,gpu-3uwoq-6g3ya-1,ib_counter,rdma_vf_rail0,link_downed,0
2026-09-30T06:50:27.124Z,gpu-3uwoq-6g3ya-1,ib_hw_counter,rdma_vf_rail0,out_of_sequence,0
2026-09-30T06:50:27.124Z,gpu-3uwoq-6g3ya-1,ib_hw_counter,rdma_vf_rail0,packet_seq_err,8
2026-09-30T06:50:27.124Z,gpu-3uwoq-6g3ya-1,ib_hw_counter,rdma_vf_rail0,local_ack_timeout_err,0
2026-09-30T06:50:27.124Z,gpu-3uwoq-6g3ya-1,ib_hw_counter,rdma_vf_rail0,rx_write_requests,4.4503e+08
2026-09-30T06:50:27.124Z,gpu-3uwoq-6g3ya-1,ib_hw_counter,rdma_vf_rail0,rx_read_requests,9.0462e+06
2026-09-30T06:50:27.124Z,gpu-3uwoq-6g3ya-1,ib_hw_counter,rdma_vf_rail0,req_cqe_error,0
2026-09-30T06:50:27.124Z,gpu-3uwoq-6g3ya-1,ib_hw_counter,rdma_vf_rail0,resp_cqe_error,0
2026-09-30T06:50:27.124Z,gpu-3uwoq-6g3ya-1,ib_hw_counter,rdma_vf_rail0,implied_nak_seq_err,0
2026-09-30T06:50:27.124Z,gpu-3uwoq-6g3ya-1,ib_hw_counter,rdma_vf_rail0,duplicate_request,0
2026-09-30T06:50:27.124Z,gpu-3uwoq-6g3ya-1,ib_counter,rdma_vf_rail1,port_xmit_data,3.97368e+12
2026-09-30T06:50:27.124Z,gpu-3uwoq-6g3ya-1,ib_counter,rdma_vf_rail1,port_rcv_data,2.00573e+12
2026-09-30T06:50:27.124Z,gpu-3uwoq-6g3ya-1,ib_counter,rdma_vf_rail1,port_xmit_packets,1.07687e+09
2026-09-30T06:50:27.124Z,gpu-3uwoq-6g3ya-1,ib_counter,rdma_vf_rail1,port_rcv_packets,7.07728e+08
2026-09-30T06:50:27.124Z,gpu-3uwoq-6g3ya-1,ib_counter,rdma_vf_rail1,port_xmit_wait,0
2026-09-30T06:50:27.124Z,gpu-3uwoq-6g3ya-1,ib_counter,rdma_vf_rail1,port_rcv_errors,0
2026-09-30T06:50:27.124Z,gpu-3uwoq-6g3ya-1,ib_counter,rdma_vf_rail1,port_xmit_discards,0
2026-09-30T06:50:27.124Z,gpu-3uwoq-6g3ya-1,ib_counter,rdma_vf_rail1,link_downed,0
2026-09-30T06:50:27.124Z,gpu-3uwoq-6g3ya-1,ib_hw_counter,rdma_vf_rail1,out_of_sequence,0
2026-09-30T06:50:27.124Z,gpu-3uwoq-6g3ya-1,ib_hw_counter,rdma_vf_rail1,packet_seq_err,8
2026-09-30T06:50:27.124Z,gpu-3uwoq-6g3ya-1,ib_hw_counter,rdma_vf_rail1,local_ack_timeout_err,0
2026-09-30T06:50:27.124Z,gpu-3uwoq-6g3ya-1,ib_hw_counter,rdma_vf_rail1,rx_write_requests,4.43433e+08
2026-09-30T06:50:27.124Z,gpu-3uwoq-6g3ya-1,ib_hw_counter,rdma_vf_rail1,rx_read_requests,8.24518e+06
2026-09-30T06:50:27.124Z,gpu-3uwoq-6g3ya-1,ib_hw_counter,rdma_vf_rail1,req_cqe_error,0
2026-09-30T06:50:27.124Z,gpu-3uwoq-6g3ya-1,ib_hw_counter,rdma_vf_rail1,resp_cqe_error,0
2026-09-30T06:50:27.124Z,gpu-3uwoq-6g3ya-1,ib_hw_counter,rdma_vf_rail1,implied_nak_seq_err,0
2026-09-30T06:50:27.124Z,gpu-3uwoq-6g3ya-1,ib_hw_counter,rdma_vf_rail1,duplicate_request,0
2026-09-30T06:50:27.124Z,gpu-3uwoq-6g3ya-1,ib_counter,rdma_vf_rail2,port_xmit_data,3.94617e+12
2026-09-30T06:50:27.124Z,gpu-3uwoq-6g3ya-1,ib_counter,rdma_vf_rail2,port_rcv_data,1.97796e+12
2026-09-30T06:50:27.124Z,gpu-3uwoq-6g3ya-1,ib_counter,rdma_vf_rail2,port_xmit_packets,1.06232e+09
2026-09-30T06:50:27.124Z,gpu-3uwoq-6g3ya-1,ib_counter,rdma_vf_rail2,port_rcv_packets,6.88687e+08
2026-09-30T06:50:27.124Z,gpu-3uwoq-6g3ya-1,ib_counter,rdma_vf_rail2,port_xmit_wait,0
2026-09-30T06:50:27.124Z,gpu-3uwoq-6g3ya-1,ib_counter,rdma_vf_rail2,port_rcv_errors,0
2026-09-30T06:50:27.124Z,gpu-3uwoq-6g3ya-1,ib_counter,rdma_vf_rail2,port_xmit_discards,0
2026-09-30T06:50:27.124Z,gpu-3uwoq-6g3ya-1,ib_counter,rdma_vf_rail2,link_downed,0
2026-09-30T06:50:27.124Z,gpu-3uwoq-6g3ya-1,ib_hw_counter,rdma_vf_rail2,out_of_sequence,0
2026-09-30T06:50:27.124Z,gpu-3uwoq-6g3ya-1,ib_hw_counter,rdma_vf_rail2,packet_seq_err,7
2026-09-30T06:50:27.124Z,gpu-3uwoq-6g3ya-1,ib_hw_counter,rdma_vf_rail2,local_ack_timeout_err,0
2026-09-30T06:50:27.124Z,gpu-3uwoq-6g3ya-1,ib_hw_counter,rdma_vf_rail2,rx_write_requests,4.43005e+08
2026-09-30T06:50:27.124Z,gpu-3uwoq-6g3ya-1,ib_hw_counter,rdma_vf_rail2,rx_read_requests,8.03756e+06
2026-09-30T06:50:27.124Z,gpu-3uwoq-6g3ya-1,ib_hw_counter,rdma_vf_rail2,req_cqe_error,0
2026-09-30T06:50:27.124Z,gpu-3uwoq-6g3ya-1,ib_hw_counter,rdma_vf_rail2,resp_cqe_error,0
2026-09-30T06:50:27.124Z,gpu-3uwoq-6g3ya-1,ib_hw_counter,rdma_vf_rail2,implied_nak_seq_err,0
2026-09-30T06:50:27.124Z,gpu-3uwoq-6g3ya-1,ib_hw_counter,rdma_vf_rail2,duplicate_request,0
2026-09-30T06:50:27.124Z,gpu-3uwoq-6g3ya-1,ib_counter,rdma_vf_rail3,port_xmit_data,3.94643e+12
2026-09-30T06:50:27.124Z,gpu-3uwoq-6g3ya-1,ib_counter,rdma_vf_rail3,port_rcv_data,1.97772e+12
2026-09-30T06:50:27.124Z,gpu-3uwoq-6g3ya-1,ib_counter,rdma_vf_rail3,port_xmit_packets,1.06309e+09
2026-09-30T06:50:27.124Z,gpu-3uwoq-6g3ya-1,ib_counter,rdma_vf_rail3,port_rcv_packets,6.85505e+08
2026-09-30T06:50:27.124Z,gpu-3uwoq-6g3ya-1,ib_counter,rdma_vf_rail3,port_xmit_wait,0
2026-09-30T06:50:27.124Z,gpu-3uwoq-6g3ya-1,ib_counter,rdma_vf_rail3,port_rcv_errors,0
2026-09-30T06:50:27.124Z,gpu-3uwoq-6g3ya-1,ib_counter,rdma_vf_rail3,port_xmit_discards,0
2026-09-30T06:50:27.124Z,gpu-3uwoq-6g3ya-1,ib_counter,rdma_vf_rail3,link_downed,0
2026-09-30T06:50:27.124Z,gpu-3uwoq-6g3ya-1,ib_hw_counter,rdma_vf_rail3,out_of_sequence,1
2026-09-30T06:50:27.124Z,gpu-3uwoq-6g3ya-1,ib_hw_counter,rdma_vf_rail3,packet_seq_err,7
2026-09-30T06:50:27.124Z,gpu-3uwoq-6g3ya-1,ib_hw_counter,rdma_vf_rail3,local_ack_timeout_err,0
2026-09-30T06:50:27.124Z,gpu-3uwoq-6g3ya-1,ib_hw_counter,rdma_vf_rail3,rx_write_requests,4.43005e+08
2026-09-30T06:50:27.124Z,gpu-3uwoq-6g3ya-1,ib_hw_counter,rdma_vf_rail3,rx_read_requests,8.03756e+06
2026-09-30T06:50:27.124Z,gpu-3uwoq-6g3ya-1,ib_hw_counter,rdma_vf_rail3,req_cqe_error,0
2026-09-30T06:50:27.124Z,gpu-3uwoq-6g3ya-1,ib_hw_counter,rdma_vf_rail3,resp_cqe_error,0
2026-09-30T06:50:27.124Z,gpu-3uwoq-6g3ya-1,ib_hw_counter,rdma_vf_rail3,implied_nak_seq_err,0
2026-09-30T06:50:27.124Z,gpu-3uwoq-6g3ya-1,ib_hw_counter,rdma_vf_rail3,duplicate_request,0
2026-09-30T06:50:27.124Z,gpu-3uwoq-6g3ya-1,dcgm,gpu2,gpu_util,0
2026-09-30T06:50:27.124Z,gpu-3uwoq-6g3ya-1,dcgm,gpu3,gpu_util,0
2026-09-30T06:50:27.124Z,gpu-3uwoq-6g3ya-1,dcgm,gpu0,gpu_util,0
2026-09-30T06:50:27.124Z,gpu-3uwoq-6g3ya-1,dcgm,gpu1,gpu_util,0
2026-09-30T06:50:27.124Z,gpu-3uwoq-6g3ya-1,dcgm,gpu2,nvlink_bandwidth_total,0
2026-09-30T06:50:27.124Z,gpu-3uwoq-6g3ya-1,dcgm,gpu3,nvlink_bandwidth_total,0
2026-09-30T06:50:27.124Z,gpu-3uwoq-6g3ya-1,dcgm,gpu0,nvlink_bandwidth_total,0
2026-09-30T06:50:27.124Z,gpu-3uwoq-6g3ya-1,dcgm,gpu1,nvlink_bandwidth_total,0
2026-09-30T06:50:27.124Z,gpu-3uwoq-6g3ya-1,dcgm,gpu2,power_w,222.82
2026-09-30T06:50:27.124Z,gpu-3uwoq-6g3ya-1,dcgm,gpu3,power_w,227.185
2026-09-30T06:50:27.124Z,gpu-3uwoq-6g3ya-1,dcgm,gpu0,power_w,230.166
2026-09-30T06:50:27.124Z,gpu-3uwoq-6g3ya-1,dcgm,gpu1,power_w,227.791
2026-09-30T06:50:27.124Z,gpu-3uwoq-6g3ya-1,dcgm,gpu2,sm_clock_mhz,2070
2026-09-30T06:50:27.124Z,gpu-3uwoq-6g3ya-1,dcgm,gpu3,sm_clock_mhz,2070
2026-09-30T06:50:27.124Z,gpu-3uwoq-6g3ya-1,dcgm,gpu0,sm_clock_mhz,2070
2026-09-30T06:50:27.124Z,gpu-3uwoq-6g3ya-1,dcgm,gpu1,sm_clock_mhz,2070
2026-09-30T06:50:27.124Z,gpu-3uwoq-6g3ya-1,dcgm,gpu2,dram_active,0
2026-09-30T06:50:27.124Z,gpu-3uwoq-6g3ya-1,dcgm,gpu3,dram_active,0
2026-09-30T06:50:27.124Z,gpu-3uwoq-6g3ya-1,dcgm,gpu0,dram_active,0
2026-09-30T06:50:27.124Z,gpu-3uwoq-6g3ya-1,dcgm,gpu1,dram_active,1e-06
2026-09-30T06:50:27.124Z,gpu-3uwoq-6g3ya-1,dcgm,gpu2,pcie_rx_bytes,177550
2026-09-30T06:50:27.124Z,gpu-3uwoq-6g3ya-1,dcgm,gpu3,pcie_rx_bytes,102208
2026-09-30T06:50:27.124Z,gpu-3uwoq-6g3ya-1,dcgm,gpu0,pcie_rx_bytes,204835
2026-09-30T06:50:27.124Z,gpu-3uwoq-6g3ya-1,dcgm,gpu1,pcie_rx_bytes,290645
2026-09-30T06:50:27.124Z,gpu-3uwoq-6g3ya-1,dcgm,gpu2,pcie_tx_bytes,167626
2026-09-30T06:50:27.124Z,gpu-3uwoq-6g3ya-1,dcgm,gpu3,pcie_tx_bytes,93582
2026-09-30T06:50:27.124Z,gpu-3uwoq-6g3ya-1,dcgm,gpu0,pcie_tx_bytes,195403
2026-09-30T06:50:27.124Z,gpu-3uwoq-6g3ya-1,dcgm,gpu1,pcie_tx_bytes,268431
2026-09-30T06:50:27.124Z,gpu-3uwoq-6g3ya-1,dcgm,gpu2,tensor_active,0
2026-09-30T06:50:27.124Z,gpu-3uwoq-6g3ya-1,dcgm,gpu3,tensor_active,0
2026-09-30T06:50:27.124Z,gpu-3uwoq-6g3ya-1,dcgm,gpu0,tensor_active,0
2026-09-30T06:50:27.124Z,gpu-3uwoq-6g3ya-1,dcgm,gpu1,tensor_active,0
2026-09-30T06:50:27.124Z,gpu-3uwoq-6g3ya-1,dcgm,gpu2,sm_active,0
2026-09-30T06:50:27.124Z,gpu-3uwoq-6g3ya-1,dcgm,gpu3,sm_active,0
2026-09-30T06:50:27.124Z,gpu-3uwoq-6g3ya-1,dcgm,gpu0,sm_active,0
2026-09-30T06:50:27.124Z,gpu-3uwoq-6g3ya-1,dcgm,gpu1,sm_active,0
2026-09-30T06:50:27.124Z,gpu-3uwoq-6g3ya-1,nvlink,gpu0,nvlink_rx_bytes,1.03783e+13
2026-09-30T06:50:27.124Z,gpu-3uwoq-6g3ya-1,nvlink,gpu0,nvlink_tx_bytes,1.03828e+13
2026-09-30T06:50:27.124Z,gpu-3uwoq-6g3ya-1,nvlink,gpu1,nvlink_rx_bytes,1.05327e+13
2026-09-30T06:50:27.124Z,gpu-3uwoq-6g3ya-1,nvlink,gpu1,nvlink_tx_bytes,1.05357e+13
2026-09-30T06:50:27.124Z,gpu-3uwoq-6g3ya-1,nvlink,gpu2,nvlink_rx_bytes,1.04008e+13
2026-09-30T06:50:27.124Z,gpu-3uwoq-6g3ya-1,nvlink,gpu2,nvlink_tx_bytes,1.04047e+13
2026-09-30T06:50:27.124Z,gpu-3uwoq-6g3ya-1,nvlink,gpu3,nvlink_rx_bytes,1.03502e+13
2026-09-30T06:50:27.124Z,gpu-3uwoq-6g3ya-1,nvlink,gpu3,nvlink_tx_bytes,1.03535e+13
2026-09-30T06:50:28.124Z,gpu-3uwoq-6g3ya-1,ib_counter,rdma_vf_rail0,port_xmit_data,4.08122e+12
2026-09-30T06:50:28.124Z,gpu-3uwoq-6g3ya-1,ib_counter,rdma_vf_rail0,port_rcv_data,2.11385e+12
2026-09-30T06:50:28.124Z,gpu-3uwoq-6g3ya-1,ib_counter,rdma_vf_rail0,port_xmit_packets,1.10305e+09
2026-09-30T06:50:28.124Z,gpu-3uwoq-6g3ya-1,ib_counter,rdma_vf_rail0,port_rcv_packets,7.38804e+08
2026-09-30T06:50:28.124Z,gpu-3uwoq-6g3ya-1,ib_counter,rdma_vf_rail0,port_xmit_wait,0
2026-09-30T06:50:28.124Z,gpu-3uwoq-6g3ya-1,ib_counter,rdma_vf_rail0,port_rcv_errors,0
2026-09-30T06:50:28.124Z,gpu-3uwoq-6g3ya-1,ib_counter,rdma_vf_rail0,port_xmit_discards,0
2026-09-30T06:50:28.124Z,gpu-3uwoq-6g3ya-1,ib_counter,rdma_vf_rail0,link_downed,0
2026-09-30T06:50:28.124Z,gpu-3uwoq-6g3ya-1,ib_hw_counter,rdma_vf_rail0,out_of_sequence,0
2026-09-30T06:50:28.124Z,gpu-3uwoq-6g3ya-1,ib_hw_counter,rdma_vf_rail0,packet_seq_err,8
2026-09-30T06:50:28.124Z,gpu-3uwoq-6g3ya-1,ib_hw_counter,rdma_vf_rail0,local_ack_timeout_err,0
2026-09-30T06:50:28.124Z,gpu-3uwoq-6g3ya-1,ib_hw_counter,rdma_vf_rail0,rx_write_requests,4.4503e+08
2026-09-30T06:50:28.124Z,gpu-3uwoq-6g3ya-1,ib_hw_counter,rdma_vf_rail0,rx_read_requests,9.0462e+06
2026-09-30T06:50:28.124Z,gpu-3uwoq-6g3ya-1,ib_hw_counter,rdma_vf_rail0,req_cqe_error,0
2026-09-30T06:50:28.124Z,gpu-3uwoq-6g3ya-1,ib_hw_counter,rdma_vf_rail0,resp_cqe_error,0
2026-09-30T06:50:28.124Z,gpu-3uwoq-6g3ya-1,ib_hw_counter,rdma_vf_rail0,implied_nak_seq_err,0
2026-09-30T06:50:28.124Z,gpu-3uwoq-6g3ya-1,ib_hw_counter,rdma_vf_rail0,duplicate_request,0
2026-09-30T06:50:28.124Z,gpu-3uwoq-6g3ya-1,ib_counter,rdma_vf_rail1,port_xmit_data,3.97368e+12
2026-09-30T06:50:28.124Z,gpu-3uwoq-6g3ya-1,ib_counter,rdma_vf_rail1,port_rcv_data,2.00573e+12
2026-09-30T06:50:28.124Z,gpu-3uwoq-6g3ya-1,ib_counter,rdma_vf_rail1,port_xmit_packets,1.07687e+09
2026-09-30T06:50:28.124Z,gpu-3uwoq-6g3ya-1,ib_counter,rdma_vf_rail1,port_rcv_packets,7.07728e+08
2026-09-30T06:50:28.124Z,gpu-3uwoq-6g3ya-1,ib_counter,rdma_vf_rail1,port_xmit_wait,0
2026-09-30T06:50:28.124Z,gpu-3uwoq-6g3ya-1,ib_counter,rdma_vf_rail1,port_rcv_errors,0
2026-09-30T06:50:28.124Z,gpu-3uwoq-6g3ya-1,ib_counter,rdma_vf_rail1,port_xmit_discards,0
2026-09-30T06:50:28.124Z,gpu-3uwoq-6g3ya-1,ib_counter,rdma_vf_rail1,link_downed,0
2026-09-30T06:50:28.124Z,gpu-3uwoq-6g3ya-1,ib_hw_counter,rdma_vf_rail1,out_of_sequence,0
2026-09-30T06:50:28.124Z,gpu-3uwoq-6g3ya-1,ib_hw_counter,rdma_vf_rail1,packet_seq_err,8
2026-09-30T06:50:28.124Z,gpu-3uwoq-6g3ya-1,ib_hw_counter,rdma_vf_rail1,local_ack_timeout_err,0
2026-09-30T06:50:28.124Z,gpu-3uwoq-6g3ya-1,ib_hw_counter,rdma_vf_rail1,rx_write_requests,4.43433e+08
2026-09-30T06:50:28.124Z,gpu-3uwoq-6g3ya-1,ib_hw_counter,rdma_vf_rail1,rx_read_requests,8.24518e+06
2026-09-30T06:50:28.124Z,gpu-3uwoq-6g3ya-1,ib_hw_counter,rdma_vf_rail1,req_cqe_error,0
2026-09-30T06:50:28.124Z,gpu-3uwoq-6g3ya-1,ib_hw_counter,rdma_vf_rail1,resp_cqe_error,0
2026-09-30T06:50:28.124Z,gpu-3uwoq-6g3ya-1,ib_hw_counter,rdma_vf_rail1,implied_nak_seq_err,0
2026-09-30T06:50:28.124Z,gpu-3uwoq-6g3ya-1,ib_hw_counter,rdma_vf_rail1,duplicate_request,0
2026-09-30T06:50:28.124Z,gpu-3uwoq-6g3ya-1,ib_counter,rdma_vf_rail2,port_xmit_data,3.94617e+12
2026-09-30T06:50:28.124Z,gpu-3uwoq-6g3ya-1,ib_counter,rdma_vf_rail2,port_rcv_data,1.97796e+12
2026-09-30T06:50:28.124Z,gpu-3uwoq-6g3ya-1,ib_counter,rdma_vf_rail2,port_xmit_packets,1.06232e+09
2026-09-30T06:50:28.124Z,gpu-3uwoq-6g3ya-1,ib_counter,rdma_vf_rail2,port_rcv_packets,6.88687e+08
2026-09-30T06:50:28.124Z,gpu-3uwoq-6g3ya-1,ib_counter,rdma_vf_rail2,port_xmit_wait,0
2026-09-30T06:50:28.124Z,gpu-3uwoq-6g3ya-1,ib_counter,rdma_vf_rail2,port_rcv_errors,0
2026-09-30T06:50:28.124Z,gpu-3uwoq-6g3ya-1,ib_counter,rdma_vf_rail2,port_xmit_discards,0
2026-09-30T06:50:28.124Z,gpu-3uwoq-6g3ya-1,ib_counter,rdma_vf_rail2,link_downed,0
2026-09-30T06:50:28.124Z,gpu-3uwoq-6g3ya-1,ib_hw_counter,rdma_vf_rail2,out_of_sequence,0
2026-09-30T06:50:28.124Z,gpu-3uwoq-6g3ya-1,ib_hw_counter,rdma_vf_rail2,packet_seq_err,7
2026-09-30T06:50:28.124Z,gpu-3uwoq-6g3ya-1,ib_hw_counter,rdma_vf_rail2,local_ack_timeout_err,0
2026-09-30T06:50:28.124Z,gpu-3uwoq-6g3ya-1,ib_hw_counter,rdma_vf_rail2,rx_write_requests,4.43005e+08
2026-09-30T06:50:28.124Z,gpu-3uwoq-6g3ya-1,ib_hw_counter,rdma_vf_rail2,rx_read_requests,8.03756e+06
2026-09-30T06:50:28.124Z,gpu-3uwoq-6g3ya-1,ib_hw_counter,rdma_vf_rail2,req_cqe_error,0
2026-09-30T06:50:28.124Z,gpu-3uwoq-6g3ya-1,ib_hw_counter,rdma_vf_rail2,resp_cqe_error,0
2026-09-30T06:50:28.124Z,gpu-3uwoq-6g3ya-1,ib_hw_counter,rdma_vf_rail2,implied_nak_seq_err,0
2026-09-30T06:50:28.124Z,gpu-3uwoq-6g3ya-1,ib_hw_counter,rdma_vf_rail2,duplicate_request,0
2026-09-30T06:50:28.124Z,gpu-3uwoq-6g3ya-1,ib_counter,rdma_vf_rail3,port_xmit_data,3.94643e+12
2026-09-30T06:50:28.124Z,gpu-3uwoq-6g3ya-1,ib_counter,rdma_vf_rail3,port_rcv_data,1.97772e+12
2026-09-30T06:50:28.124Z,gpu-3uwoq-6g3ya-1,ib_counter,rdma_vf_rail3,port_xmit_packets,1.06309e+09
2026-09-30T06:50:28.124Z,gpu-3uwoq-6g3ya-1,ib_counter,rdma_vf_rail3,port_rcv_packets,6.85505e+08
2026-09-30T06:50:28.124Z,gpu-3uwoq-6g3ya-1,ib_counter,rdma_vf_rail3,port_xmit_wait,0
2026-09-30T06:50:28.124Z,gpu-3uwoq-6g3ya-1,ib_counter,rdma_vf_rail3,port_rcv_errors,0
2026-09-30T06:50:28.124Z,gpu-3uwoq-6g3ya-1,ib_counter,rdma_vf_rail3,port_xmit_discards,0
2026-09-30T06:50:28.124Z,gpu-3uwoq-6g3ya-1,ib_counter,rdma_vf_rail3,link_downed,0
2026-09-30T06:50:28.124Z,gpu-3uwoq-6g3ya-1,ib_hw_counter,rdma_vf_rail3,out_of_sequence,1
2026-09-30T06:50:28.124Z,gpu-3uwoq-6g3ya-1,ib_hw_counter,rdma_vf_rail3,packet_seq_err,7
2026-09-30T06:50:28.124Z,gpu-3uwoq-6g3ya-1,ib_hw_counter,rdma_vf_rail3,local_ack_timeout_err,0
2026-09-30T06:50:28.124Z,gpu-3uwoq-6g3ya-1,ib_hw_counter,rdma_vf_rail3,rx_write_requests,4.43005e+08
2026-09-30T06:50:28.124Z,gpu-3uwoq-6g3ya-1,ib_hw_counter,rdma_vf_rail3,rx_read_requests,8.03756e+06
2026-09-30T06:50:28.124Z,gpu-3uwoq-6g3ya-1,ib_hw_counter,rdma_vf_rail3,req_cqe_error,0
2026-09-30T06:50:28.124Z,gpu-3uwoq-6g3ya-1,ib_hw_counter,rdma_vf_rail3,resp_cqe_error,0
2026-09-30T06:50:28.124Z,gpu-3uwoq-6g3ya-1,ib_hw_counter,rdma_vf_rail3,implied_nak_seq_err,0
2026-09-30T06:50:28.124Z,gpu-3uwoq-6g3ya-1,ib_hw_counter,rdma_vf_rail3,duplicate_request,0
2026-09-30T06:50:28.124Z,gpu-3uwoq-6g3ya-1,dcgm,gpu2,gpu_util,0
2026-09-30T06:50:28.124Z,gpu-3uwoq-6g3ya-1,dcgm,gpu3,gpu_util,0
2026-09-30T06:50:28.124Z,gpu-3uwoq-6g3ya-1,dcgm,gpu0,gpu_util,0
2026-09-30T06:50:28.124Z,gpu-3uwoq-6g3ya-1,dcgm,gpu1,gpu_util,0
2026-09-30T06:50:28.124Z,gpu-3uwoq-6g3ya-1,dcgm,gpu2,nvlink_bandwidth_total,0
2026-09-30T06:50:28.124Z,gpu-3uwoq-6g3ya-1,dcgm,gpu3,nvlink_bandwidth_total,0
2026-09-30T06:50:28.124Z,gpu-3uwoq-6g3ya-1,dcgm,gpu0,nvlink_bandwidth_total,0
2026-09-30T06:50:28.124Z,gpu-3uwoq-6g3ya-1,dcgm,gpu1,nvlink_bandwidth_total,0
2026-09-30T06:50:28.124Z,gpu-3uwoq-6g3ya-1,dcgm,gpu2,power_w,222.82
2026-09-30T06:50:28.124Z,gpu-3uwoq-6g3ya-1,dcgm,gpu3,power_w,227.185
2026-09-30T06:50:28.124Z,gpu-3uwoq-6g3ya-1,dcgm,gpu0,power_w,230.166
2026-09-30T06:50:28.124Z,gpu-3uwoq-6g3ya-1,dcgm,gpu1,power_w,227.791
2026-09-30T06:50:28.124Z,gpu-3uwoq-6g3ya-1,dcgm,gpu2,sm_clock_mhz,2070
2026-09-30T06:50:28.124Z,gpu-3uwoq-6g3ya-1,dcgm,gpu3,sm_clock_mhz,2070
2026-09-30T06:50:28.124Z,gpu-3uwoq-6g3ya-1,dcgm,gpu0,sm_clock_mhz,2070
2026-09-30T06:50:28.124Z,gpu-3uwoq-6g3ya-1,dcgm,gpu1,sm_clock_mhz,2070
2026-09-30T06:50:28.124Z,gpu-3uwoq-6g3ya-1,dcgm,gpu2,dram_active,0
2026-09-30T06:50:28.124Z,gpu-3uwoq-6g3ya-1,dcgm,gpu3,dram_active,0
2026-09-30T06:50:28.124Z,gpu-3uwoq-6g3ya-1,dcgm,gpu0,dram_active,0
2026-09-30T06:50:28.124Z,gpu-3uwoq-6g3ya-1,dcgm,gpu1,dram_active,1e-06
2026-09-30T06:50:28.124Z,gpu-3uwoq-6g3ya-1,dcgm,gpu2,pcie_rx_bytes,177550
2026-09-30T06:50:28.124Z,gpu-3uwoq-6g3ya-1,dcgm,gpu3,pcie_rx_bytes,102208
2026-09-30T06:50:28.124Z,gpu-3uwoq-6g3ya-1,dcgm,gpu0,pcie_rx_bytes,204835
2026-09-30T06:50:28.124Z,gpu-3uwoq-6g3ya-1,dcgm,gpu1,pcie_rx_bytes,290645
2026-09-30T06:50:28.124Z,gpu-3uwoq-6g3ya-1,dcgm,gpu2,pcie_tx_bytes,167626
2026-09-30T06:50:28.124Z,gpu-3uwoq-6g3ya-1,dcgm,gpu3,pcie_tx_bytes,93582
2026-09-30T06:50:28.124Z,gpu-3uwoq-6g3ya-1,dcgm,gpu0,pcie_tx_bytes,195403
2026-09-30T06:50:28.124Z,gpu-3uwoq-6g3ya-1,dcgm,gpu1,pcie_tx_bytes,268431
2026-09-30T06:50:28.124Z,gpu-3uwoq-6g3ya-1,dcgm,gpu2,tensor_active,0
2026-09-30T06:50:28.124Z,gpu-3uwoq-6g3ya-1,dcgm,gpu3,tensor_active,0
2026-09-30T06:50:28.124Z,gpu-3uwoq-6g3ya-1,dcgm,gpu0,tensor_active,0
2026-09-30T06:50:28.124Z,gpu-3uwoq-6g3ya-1,dcgm,gpu1,tensor_active,0
2026-09-30T06:50:28.124Z,gpu-3uwoq-6g3ya-1,dcgm,gpu2,sm_active,0
2026-09-30T06:50:28.124Z,gpu-3uwoq-6g3ya-1,dcgm,gpu3,sm_active,0
2026-09-30T06:50:28.124Z,gpu-3uwoq-6g3ya-1,dcgm,gpu0,sm_active,0
2026-09-30T06:50:28.124Z,gpu-3uwoq-6g3ya-1,dcgm,gpu1,sm_active,0
2026-09-30T06:50:28.124Z,gpu-3uwoq-6g3ya-1,nvlink,gpu0,nvlink_rx_bytes,1.03783e+13
2026-09-30T06:50:28.124Z,gpu-3uwoq-6g3ya-1,nvlink,gpu0,nvlink_tx_bytes,1.03828e+13
2026-09-30T06:50:28.124Z,gpu-3uwoq-6g3ya-1,nvlink,gpu1,nvlink_rx_bytes,1.05327e+13
2026-09-30T06:50:28.124Z,gpu-3uwoq-6g3ya-1,nvlink,gpu1,nvlink_tx_bytes,1.05357e+13
2026-09-30T06:50:28.124Z,gpu-3uwoq-6g3ya-1,nvlink,gpu2,nvlink_rx_bytes,1.04008e+13
2026-09-30T06:50:28.124Z,gpu-3uwoq-6g3ya-1,nvlink,gpu2,nvlink_tx_bytes,1.04047e+13
2026-09-30T06:50:28.124Z,gpu-3uwoq-6g3ya-1,nvlink,gpu3,nvlink_rx_bytes,1.03502e+13
2026-09-30T06:50:28.124Z,gpu-3uwoq-6g3ya-1,nvlink,gpu3,nvlink_tx_bytes,1.03535e+13
2026-09-30T06:50:29.124Z,gpu-3uwoq-6g3ya-1,ib_counter,rdma_vf_rail0,port_xmit_data,4.08122e+12
2026-09-30T06:50:29.124Z,gpu-3uwoq-6g3ya-1,ib_counter,rdma_vf_rail0,port_rcv_data,2.11385e+12
2026-09-30T06:50:29.124Z,gpu-3uwoq-6g3ya-1,ib_counter,rdma_vf_rail0,port_xmit_packets,1.10305e+09
2026-09-30T06:50:29.124Z,gpu-3uwoq-6g3ya-1,ib_counter,rdma_vf_rail0,port_rcv_packets,7.38804e+08
2026-09-30T06:50:29.124Z,gpu-3uwoq-6g3ya-1,ib_counter,rdma_vf_rail0,port_xmit_wait,0
2026-09-30T06:50:29.124Z,gpu-3uwoq-6g3ya-1,ib_counter,rdma_vf_rail0,port_rcv_errors,0
2026-09-30T06:50:29.124Z,gpu-3uwoq-6g3ya-1,ib_counter,rdma_vf_rail0,port_xmit_discards,0
2026-09-30T06:50:29.124Z,gpu-3uwoq-6g3ya-1,ib_counter,rdma_vf_rail0,link_downed,0
2026-09-30T06:50:29.124Z,gpu-3uwoq-6g3ya-1,ib_hw_counter,rdma_vf_rail0,out_of_sequence,0
2026-09-30T06:50:29.124Z,gpu-3uwoq-6g3ya-1,ib_hw_counter,rdma_vf_rail0,packet_seq_err,8
2026-09-30T06:50:29.124Z,gpu-3uwoq-6g3ya-1,ib_hw_counter,rdma_vf_rail0,local_ack_timeout_err,0
2026-09-30T06:50:29.124Z,gpu-3uwoq-6g3ya-1,ib_hw_counter,rdma_vf_rail0,rx_write_requests,4.4503e+08
2026-09-30T06:50:29.124Z,gpu-3uwoq-6g3ya-1,ib_hw_counter,rdma_vf_rail0,rx_read_requests,9.0462e+06
2026-09-30T06:50:29.124Z,gpu-3uwoq-6g3ya-1,ib_hw_counter,rdma_vf_rail0,req_cqe_error,0
2026-09-30T06:50:29.124Z,gpu-3uwoq-6g3ya-1,ib_hw_counter,rdma_vf_rail0,resp_cqe_error,0
2026-09-30T06:50:29.124Z,gpu-3uwoq-6g3ya-1,ib_hw_counter,rdma_vf_rail0,implied_nak_seq_err,0
2026-09-30T06:50:29.124Z,gpu-3uwoq-6g3ya-1,ib_hw_counter,rdma_vf_rail0,duplicate_request,0
2026-09-30T06:50:29.124Z,gpu-3uwoq-6g3ya-1,ib_counter,rdma_vf_rail1,port_xmit_data,3.97368e+12
2026-09-30T06:50:29.124Z,gpu-3uwoq-6g3ya-1,ib_counter,rdma_vf_rail1,port_rcv_data,2.00573e+12
2026-09-30T06:50:29.124Z,gpu-3uwoq-6g3ya-1,ib_counter,rdma_vf_rail1,port_xmit_packets,1.07687e+09
2026-09-30T06:50:29.124Z,gpu-3uwoq-6g3ya-1,ib_counter,rdma_vf_rail1,port_rcv_packets,7.07728e+08
2026-09-30T06:50:29.124Z,gpu-3uwoq-6g3ya-1,ib_counter,rdma_vf_rail1,port_xmit_wait,0
2026-09-30T06:50:29.124Z,gpu-3uwoq-6g3ya-1,ib_counter,rdma_vf_rail1,port_rcv_errors,0
2026-09-30T06:50:29.124Z,gpu-3uwoq-6g3ya-1,ib_counter,rdma_vf_rail1,port_xmit_discards,0
2026-09-30T06:50:29.124Z,gpu-3uwoq-6g3ya-1,ib_counter,rdma_vf_rail1,link_downed,0
2026-09-30T06:50:29.124Z,gpu-3uwoq-6g3ya-1,ib_hw_counter,rdma_vf_rail1,out_of_sequence,0
2026-09-30T06:50:29.124Z,gpu-3uwoq-6g3ya-1,ib_hw_counter,rdma_vf_rail1,packet_seq_err,8
2026-09-30T06:50:29.124Z,gpu-3uwoq-6g3ya-1,ib_hw_counter,rdma_vf_rail1,local_ack_timeout_err,0
2026-09-30T06:50:29.124Z,gpu-3uwoq-6g3ya-1,ib_hw_counter,rdma_vf_rail1,rx_write_requests,4.43433e+08
2026-09-30T06:50:29.124Z,gpu-3uwoq-6g3ya-1,ib_hw_counter,rdma_vf_rail1,rx_read_requests,8.24518e+06
2026-09-30T06:50:29.124Z,gpu-3uwoq-6g3ya-1,ib_hw_counter,rdma_vf_rail1,req_cqe_error,0
2026-09-30T06:50:29.124Z,gpu-3uwoq-6g3ya-1,ib_hw_counter,rdma_vf_rail1,resp_cqe_error,0
2026-09-30T06:50:29.124Z,gpu-3uwoq-6g3ya-1,ib_hw_counter,rdma_vf_rail1,implied_nak_seq_err,0
2026-09-30T06:50:29.124Z,gpu-3uwoq-6g3ya-1,ib_hw_counter,rdma_vf_rail1,duplicate_request,0
2026-09-30T06:50:29.124Z,gpu-3uwoq-6g3ya-1,ib_counter,rdma_vf_rail2,port_xmit_data,3.94617e+12
2026-09-30T06:50:29.124Z,gpu-3uwoq-6g3ya-1,ib_counter,rdma_vf_rail2,port_rcv_data,1.97796e+12
2026-09-30T06:50:29.124Z,gpu-3uwoq-6g3ya-1,ib_counter,rdma_vf_rail2,port_xmit_packets,1.06232e+09
2026-09-30T06:50:29.124Z,gpu-3uwoq-6g3ya-1,ib_counter,rdma_vf_rail2,port_rcv_packets,6.88687e+08
2026-09-30T06:50:29.124Z,gpu-3uwoq-6g3ya-1,ib_counter,rdma_vf_rail2,port_xmit_wait,0
2026-09-30T06:50:29.124Z,gpu-3uwoq-6g3ya-1,ib_counter,rdma_vf_rail2,port_rcv_errors,0
2026-09-30T06:50:29.124Z,gpu-3uwoq-6g3ya-1,ib_counter,rdma_vf_rail2,port_xmit_discards,0
2026-09-30T06:50:29.124Z,gpu-3uwoq-6g3ya-1,ib_counter,rdma_vf_rail2,link_downed,0
2026-09-30T06:50:29.124Z,gpu-3uwoq-6g3ya-1,ib_hw_counter,rdma_vf_rail2,out_of_sequence,0
2026-09-30T06:50:29.124Z,gpu-3uwoq-6g3ya-1,ib_hw_counter,rdma_vf_rail2,packet_seq_err,7
2026-09-30T06:50:29.124Z,gpu-3uwoq-6g3ya-1,ib_hw_counter,rdma_vf_rail2,local_ack_timeout_err,0
2026-09-30T06:50:29.124Z,gpu-3uwoq-6g3ya-1,ib_hw_counter,rdma_vf_rail2,rx_write_requests,4.43005e+08
2026-09-30T06:50:29.124Z,gpu-3uwoq-6g3ya-1,ib_hw_counter,rdma_vf_rail2,rx_read_requests,8.03756e+06
2026-09-30T06:50:29.124Z,gpu-3uwoq-6g3ya-1,ib_hw_counter,rdma_vf_rail2,req_cqe_error,0
2026-09-30T06:50:29.124Z,gpu-3uwoq-6g3ya-1,ib_hw_counter,rdma_vf_rail2,resp_cqe_error,0
2026-09-30T06:50:29.124Z,gpu-3uwoq-6g3ya-1,ib_hw_counter,rdma_vf_rail2,implied_nak_seq_err,0
2026-09-30T06:50:29.124Z,gpu-3uwoq-6g3ya-1,ib_hw_counter,rdma_vf_rail2,duplicate_request,0
2026-09-30T06:50:29.124Z,gpu-3uwoq-6g3ya-1,ib_counter,rdma_vf_rail3,port_xmit_data,3.94643e+12
2026-09-30T06:50:29.124Z,gpu-3uwoq-6g3ya-1,ib_counter,rdma_vf_rail3,port_rcv_data,1.97772e+12
2026-09-30T06:50:29.124Z,gpu-3uwoq-6g3ya-1,ib_counter,rdma_vf_rail3,port_xmit_packets,1.06309e+09
2026-09-30T06:50:29.124Z,gpu-3uwoq-6g3ya-1,ib_counter,rdma_vf_rail3,port_rcv_packets,6.85505e+08
2026-09-30T06:50:29.124Z,gpu-3uwoq-6g3ya-1,ib_counter,rdma_vf_rail3,port_xmit_wait,0
2026-09-30T06:50:29.124Z,gpu-3uwoq-6g3ya-1,ib_counter,rdma_vf_rail3,port_rcv_errors,0
2026-09-30T06:50:29.124Z,gpu-3uwoq-6g3ya-1,ib_counter,rdma_vf_rail3,port_xmit_discards,0
2026-09-30T06:50:29.124Z,gpu-3uwoq-6g3ya-1,ib_counter,rdma_vf_rail3,link_downed,0
2026-09-30T06:50:29.124Z,gpu-3uwoq-6g3ya-1,ib_hw_counter,rdma_vf_rail3,out_of_sequence,1
2026-09-30T06:50:29.124Z,gpu-3uwoq-6g3ya-1,ib_hw_counter,rdma_vf_rail3,packet_seq_err,7
2026-09-30T06:50:29.124Z,gpu-3uwoq-6g3ya-1,ib_hw_counter,rdma_vf_rail3,local_ack_timeout_err,0
2026-09-30T06:50:29.124Z,gpu-3uwoq-6g3ya-1,ib_hw_counter,rdma_vf_rail3,rx_write_requests,4.43005e+08
2026-09-30T06:50:29.124Z,gpu-3uwoq-6g3ya-1,ib_hw_counter,rdma_vf_rail3,rx_read_requests,8.03756e+06
2026-09-30T06:50:29.124Z,gpu-3uwoq-6g3ya-1,ib_hw_counter,rdma_vf_rail3,req_cqe_error,0
2026-09-30T06:50:29.124Z,gpu-3uwoq-6g3ya-1,ib_hw_counter,rdma_vf_rail3,resp_cqe_error,0
2026-09-30T06:50:29.124Z,gpu-3uwoq-6g3ya-1,ib_hw_counter,rdma_vf_rail3,implied_nak_seq_err,0
2026-09-30T06:50:29.124Z,gpu-3uwoq-6g3ya-1,ib_hw_counter,rdma_vf_rail3,duplicate_request,0
2026-09-30T06:50:29.124Z,gpu-3uwoq-6g3ya-1,dcgm,gpu2,gpu_util,0
2026-09-30T06:50:29.124Z,gpu-3uwoq-6g3ya-1,dcgm,gpu3,gpu_util,0
2026-09-30T06:50:29.124Z,gpu-3uwoq-6g3ya-1,dcgm,gpu0,gpu_util,0
2026-09-30T06:50:29.124Z,gpu-3uwoq-6g3ya-1,dcgm,gpu1,gpu_util,0
2026-09-30T06:50:29.124Z,gpu-3uwoq-6g3ya-1,dcgm,gpu2,nvlink_bandwidth_total,0
2026-09-30T06:50:29.124Z,gpu-3uwoq-6g3ya-1,dcgm,gpu3,nvlink_bandwidth_total,0
2026-09-30T06:50:29.124Z,gpu-3uwoq-6g3ya-1,dcgm,gpu0,nvlink_bandwidth_total,0
2026-09-30T06:50:29.124Z,gpu-3uwoq-6g3ya-1,dcgm,gpu1,nvlink_bandwidth_total,0
2026-09-30T06:50:29.124Z,gpu-3uwoq-6g3ya-1,dcgm,gpu2,power_w,222.82
2026-09-30T06:50:29.124Z,gpu-3uwoq-6g3ya-1,dcgm,gpu3,power_w,227.185
2026-09-30T06:50:29.124Z,gpu-3uwoq-6g3ya-1,dcgm,gpu0,power_w,230.166
2026-09-30T06:50:29.124Z,gpu-3uwoq-6g3ya-1,dcgm,gpu1,power_w,227.791
2026-09-30T06:50:29.124Z,gpu-3uwoq-6g3ya-1,dcgm,gpu2,sm_clock_mhz,2070
2026-09-30T06:50:29.124Z,gpu-3uwoq-6g3ya-1,dcgm,gpu3,sm_clock_mhz,2070
2026-09-30T06:50:29.124Z,gpu-3uwoq-6g3ya-1,dcgm,gpu0,sm_clock_mhz,2070
2026-09-30T06:50:29.124Z,gpu-3uwoq-6g3ya-1,dcgm,gpu1,sm_clock_mhz,2070
2026-09-30T06:50:29.124Z,gpu-3uwoq-6g3ya-1,dcgm,gpu2,dram_active,0
2026-09-30T06:50:29.124Z,gpu-3uwoq-6g3ya-1,dcgm,gpu3,dram_active,0
2026-09-30T06:50:29.124Z,gpu-3uwoq-6g3ya-1,dcgm,gpu0,dram_active,0
2026-09-30T06:50:29.124Z,gpu-3uwoq-6g3ya-1,dcgm,gpu1,dram_active,1e-06
2026-09-30T06:50:29.124Z,gpu-3uwoq-6g3ya-1,dcgm,gpu2,pcie_rx_bytes,177550
2026-09-30T06:50:29.124Z,gpu-3uwoq-6g3ya-1,dcgm,gpu3,pcie_rx_bytes,102208
2026-09-30T06:50:29.124Z,gpu-3uwoq-6g3ya-1,dcgm,gpu0,pcie_rx_bytes,204835
2026-09-30T06:50:29.124Z,gpu-3uwoq-6g3ya-1,dcgm,gpu1,pcie_rx_bytes,290645
2026-09-30T06:50:29.124Z,gpu-3uwoq-6g3ya-1,dcgm,gpu2,pcie_tx_bytes,167626
2026-09-30T06:50:29.124Z,gpu-3uwoq-6g3ya-1,dcgm,gpu3,pcie_tx_bytes,93582
2026-09-30T06:50:29.124Z,gpu-3uwoq-6g3ya-1,dcgm,gpu0,pcie_tx_bytes,195403
2026-09-30T06:50:29.124Z,gpu-3uwoq-6g3ya-1,dcgm,gpu1,pcie_tx_bytes,268431
2026-09-30T06:50:29.124Z,gpu-3uwoq-6g3ya-1,dcgm,gpu2,tensor_active,0
2026-09-30T06:50:29.124Z,gpu-3uwoq-6g3ya-1,dcgm,gpu3,tensor_active,0
2026-09-30T06:50:29.124Z,gpu-3uwoq-6g3ya-1,dcgm,gpu0,tensor_active,0
2026-09-30T06:50:29.124Z,gpu-3uwoq-6g3ya-1,dcgm,gpu1,tensor_active,0
2026-09-30T06:50:29.124Z,gpu-3uwoq-6g3ya-1,dcgm,gpu2,sm_active,0
2026-09-30T06:50:29.124Z,gpu-3uwoq-6g3ya-1,dcgm,gpu3,sm_active,0
2026-09-30T06:50:29.124Z,gpu-3uwoq-6g3ya-1,dcgm,gpu0,sm_active,0
2026-09-30T06:50:29.124Z,gpu-3uwoq-6g3ya-1,dcgm,gpu1,sm_active,0
2026-09-30T06:50:29.124Z,gpu-3uwoq-6g3ya-1,nvlink,gpu0,nvlink_rx_bytes,1.03783e+13
2026-09-30T06:50:29.124Z,gpu-3uwoq-6g3ya-1,nvlink,gpu0,nvlink_tx_bytes,1.03828e+13
2026-09-30T06:50:29.124Z,gpu-3uwoq-6g3ya-1,nvlink,gpu1,nvlink_rx_bytes,1.05327e+13
2026-09-30T06:50:29.124Z,gpu-3uwoq-6g3ya-1,nvlink,gpu1,nvlink_tx_bytes,1.05357e+13
2026-09-30T06:50:29.124Z,gpu-3uwoq-6g3ya-1,nvlink,gpu2,nvlink_rx_bytes,1.04008e+13
2026-09-30T06:50:29.124Z,gpu-3uwoq-6g3ya-1,nvlink,gpu2,nvlink_tx_bytes,1.04047e+13
2026-09-30T06:50:29.124Z,gpu-3uwoq-6g3ya-1,nvlink,gpu3,nvlink_rx_bytes,1.03502e+13
2026-09-30T06:50:29.124Z,gpu-3uwoq-6g3ya-1,nvlink,gpu3,nvlink_tx_bytes,1.03535e+13
2026-09-30T06:50:30.125Z,gpu-3uwoq-6g3ya-1,ib_counter,rdma_vf_rail0,port_xmit_data,4.08122e+12
2026-09-30T06:50:30.125Z,gpu-3uwoq-6g3ya-1,ib_counter,rdma_vf_rail0,port_rcv_data,2.11385e+12
2026-09-30T06:50:30.125Z,gpu-3uwoq-6g3ya-1,ib_counter,rdma_vf_rail0,port_xmit_packets,1.10305e+09
2026-09-30T06:50:30.125Z,gpu-3uwoq-6g3ya-1,ib_counter,rdma_vf_rail0,port_rcv_packets,7.38804e+08
2026-09-30T06:50:30.125Z,gpu-3uwoq-6g3ya-1,ib_counter,rdma_vf_rail0,port_xmit_wait,0
2026-09-30T06:50:30.125Z,gpu-3uwoq-6g3ya-1,ib_counter,rdma_vf_rail0,port_rcv_errors,0
2026-09-30T06:50:30.125Z,gpu-3uwoq-6g3ya-1,ib_counter,rdma_vf_rail0,port_xmit_discards,0
2026-09-30T06:50:30.125Z,gpu-3uwoq-6g3ya-1,ib_counter,rdma_vf_rail0,link_downed,0
2026-09-30T06:50:30.125Z,gpu-3uwoq-6g3ya-1,ib_hw_counter,rdma_vf_rail0,out_of_sequence,0
2026-09-30T06:50:30.125Z,gpu-3uwoq-6g3ya-1,ib_hw_counter,rdma_vf_rail0,packet_seq_err,8
2026-09-30T06:50:30.125Z,gpu-3uwoq-6g3ya-1,ib_hw_counter,rdma_vf_rail0,local_ack_timeout_err,0
2026-09-30T06:50:30.125Z,gpu-3uwoq-6g3ya-1,ib_hw_counter,rdma_vf_rail0,rx_write_requests,4.4503e+08
2026-09-30T06:50:30.125Z,gpu-3uwoq-6g3ya-1,ib_hw_counter,rdma_vf_rail0,rx_read_requests,9.0462e+06
2026-09-30T06:50:30.125Z,gpu-3uwoq-6g3ya-1,ib_hw_counter,rdma_vf_rail0,req_cqe_error,0
2026-09-30T06:50:30.125Z,gpu-3uwoq-6g3ya-1,ib_hw_counter,rdma_vf_rail0,resp_cqe_error,0
2026-09-30T06:50:30.125Z,gpu-3uwoq-6g3ya-1,ib_hw_counter,rdma_vf_rail0,implied_nak_seq_err,0
2026-09-30T06:50:30.125Z,gpu-3uwoq-6g3ya-1,ib_hw_counter,rdma_vf_rail0,duplicate_request,0
2026-09-30T06:50:30.125Z,gpu-3uwoq-6g3ya-1,ib_counter,rdma_vf_rail1,port_xmit_data,3.97368e+12
2026-09-30T06:50:30.125Z,gpu-3uwoq-6g3ya-1,ib_counter,rdma_vf_rail1,port_rcv_data,2.00573e+12
2026-09-30T06:50:30.125Z,gpu-3uwoq-6g3ya-1,ib_counter,rdma_vf_rail1,port_xmit_packets,1.07687e+09
2026-09-30T06:50:30.125Z,gpu-3uwoq-6g3ya-1,ib_counter,rdma_vf_rail1,port_rcv_packets,7.07728e+08
2026-09-30T06:50:30.125Z,gpu-3uwoq-6g3ya-1,ib_counter,rdma_vf_rail1,port_xmit_wait,0
2026-09-30T06:50:30.125Z,gpu-3uwoq-6g3ya-1,ib_counter,rdma_vf_rail1,port_rcv_errors,0
2026-09-30T06:50:30.125Z,gpu-3uwoq-6g3ya-1,ib_counter,rdma_vf_rail1,port_xmit_discards,0
2026-09-30T06:50:30.125Z,gpu-3uwoq-6g3ya-1,ib_counter,rdma_vf_rail1,link_downed,0
2026-09-30T06:50:30.125Z,gpu-3uwoq-6g3ya-1,ib_hw_counter,rdma_vf_rail1,out_of_sequence,0
2026-09-30T06:50:30.125Z,gpu-3uwoq-6g3ya-1,ib_hw_counter,rdma_vf_rail1,packet_seq_err,8
2026-09-30T06:50:30.125Z,gpu-3uwoq-6g3ya-1,ib_hw_counter,rdma_vf_rail1,local_ack_timeout_err,0
2026-09-30T06:50:30.125Z,gpu-3uwoq-6g3ya-1,ib_hw_counter,rdma_vf_rail1,rx_write_requests,4.43433e+08
2026-09-30T06:50:30.125Z,gpu-3uwoq-6g3ya-1,ib_hw_counter,rdma_vf_rail1,rx_read_requests,8.24518e+06
2026-09-30T06:50:30.125Z,gpu-3uwoq-6g3ya-1,ib_hw_counter,rdma_vf_rail1,req_cqe_error,0
2026-09-30T06:50:30.125Z,gpu-3uwoq-6g3ya-1,ib_hw_counter,rdma_vf_rail1,resp_cqe_error,0
2026-09-30T06:50:30.125Z,gpu-3uwoq-6g3ya-1,ib_hw_counter,rdma_vf_rail1,implied_nak_seq_err,0
2026-09-30T06:50:30.125Z,gpu-3uwoq-6g3ya-1,ib_hw_counter,rdma_vf_rail1,duplicate_request,0
2026-09-30T06:50:30.125Z,gpu-3uwoq-6g3ya-1,ib_counter,rdma_vf_rail2,port_xmit_data,3.94617e+12
2026-09-30T06:50:30.125Z,gpu-3uwoq-6g3ya-1,ib_counter,rdma_vf_rail2,port_rcv_data,1.97796e+12
2026-09-30T06:50:30.125Z,gpu-3uwoq-6g3ya-1,ib_counter,rdma_vf_rail2,port_xmit_packets,1.06232e+09
2026-09-30T06:50:30.125Z,gpu-3uwoq-6g3ya-1,ib_counter,rdma_vf_rail2,port_rcv_packets,6.88687e+08
2026-09-30T06:50:30.125Z,gpu-3uwoq-6g3ya-1,ib_counter,rdma_vf_rail2,port_xmit_wait,0
2026-09-30T06:50:30.125Z,gpu-3uwoq-6g3ya-1,ib_counter,rdma_vf_rail2,port_rcv_errors,0
2026-09-30T06:50:30.125Z,gpu-3uwoq-6g3ya-1,ib_counter,rdma_vf_rail2,port_xmit_discards,0
2026-09-30T06:50:30.125Z,gpu-3uwoq-6g3ya-1,ib_counter,rdma_vf_rail2,link_downed,0
2026-09-30T06:50:30.125Z,gpu-3uwoq-6g3ya-1,ib_hw_counter,rdma_vf_rail2,out_of_sequence,0
2026-09-30T06:50:30.125Z,gpu-3uwoq-6g3ya-1,ib_hw_counter,rdma_vf_rail2,packet_seq_err,7
2026-09-30T06:50:30.125Z,gpu-3uwoq-6g3ya-1,ib_hw_counter,rdma_vf_rail2,local_ack_timeout_err,0
2026-09-30T06:50:30.125Z,gpu-3uwoq-6g3ya-1,ib_hw_counter,rdma_vf_rail2,rx_write_requests,4.43005e+08
2026-09-30T06:50:30.125Z,gpu-3uwoq-6g3ya-1,ib_hw_counter,rdma_vf_rail2,rx_read_requests,8.03756e+06
2026-09-30T06:50:30.125Z,gpu-3uwoq-6g3ya-1,ib_hw_counter,rdma_vf_rail2,req_cqe_error,0
2026-09-30T06:50:30.125Z,gpu-3uwoq-6g3ya-1,ib_hw_counter,rdma_vf_rail2,resp_cqe_error,0
2026-09-30T06:50:30.125Z,gpu-3uwoq-6g3ya-1,ib_hw_counter,rdma_vf_rail2,implied_nak_seq_err,0
2026-09-30T06:50:30.125Z,gpu-3uwoq-6g3ya-1,ib_hw_counter,rdma_vf_rail2,duplicate_request,0
2026-09-30T06:50:30.125Z,gpu-3uwoq-6g3ya-1,ib_counter,rdma_vf_rail3,port_xmit_data,3.94643e+12
2026-09-30T06:50:30.125Z,gpu-3uwoq-6g3ya-1,ib_counter,rdma_vf_rail3,port_rcv_data,1.97772e+12
2026-09-30T06:50:30.125Z,gpu-3uwoq-6g3ya-1,ib_counter,rdma_vf_rail3,port_xmit_packets,1.06309e+09
2026-09-30T06:50:30.125Z,gpu-3uwoq-6g3ya-1,ib_counter,rdma_vf_rail3,port_rcv_packets,6.85505e+08
2026-09-30T06:50:30.125Z,gpu-3uwoq-6g3ya-1,ib_counter,rdma_vf_rail3,port_xmit_wait,0
2026-09-30T06:50:30.125Z,gpu-3uwoq-6g3ya-1,ib_counter,rdma_vf_rail3,port_rcv_errors,0
2026-09-30T06:50:30.125Z,gpu-3uwoq-6g3ya-1,ib_counter,rdma_vf_rail3,port_xmit_discards,0
2026-09-30T06:50:30.125Z,gpu-3uwoq-6g3ya-1,ib_counter,rdma_vf_rail3,link_downed,0
2026-09-30T06:50:30.125Z,gpu-3uwoq-6g3ya-1,ib_hw_counter,rdma_vf_rail3,out_of_sequence,1
2026-09-30T06:50:30.125Z,gpu-3uwoq-6g3ya-1,ib_hw_counter,rdma_vf_rail3,packet_seq_err,7
2026-09-30T06:50:30.125Z,gpu-3uwoq-6g3ya-1,ib_hw_counter,rdma_vf_rail3,local_ack_timeout_err,0
2026-09-30T06:50:30.125Z,gpu-3uwoq-6g3ya-1,ib_hw_counter,rdma_vf_rail3,rx_write_requests,4.43005e+08
2026-09-30T06:50:30.125Z,gpu-3uwoq-6g3ya-1,ib_hw_counter,rdma_vf_rail3,rx_read_requests,8.03756e+06
2026-09-30T06:50:30.125Z,gpu-3uwoq-6g3ya-1,ib_hw_counter,rdma_vf_rail3,req_cqe_error,0
2026-09-30T06:50:30.125Z,gpu-3uwoq-6g3ya-1,ib_hw_counter,rdma_vf_rail3,resp_cqe_error,0
2026-09-30T06:50:30.125Z,gpu-3uwoq-6g3ya-1,ib_hw_counter,rdma_vf_rail3,implied_nak_seq_err,0
2026-09-30T06:50:30.125Z,gpu-3uwoq-6g3ya-1,ib_hw_counter,rdma_vf_rail3,duplicate_request,0
2026-09-30T06:50:30.125Z,gpu-3uwoq-6g3ya-1,dcgm,gpu2,gpu_util,0
2026-09-30T06:50:30.125Z,gpu-3uwoq-6g3ya-1,dcgm,gpu3,gpu_util,0
2026-09-30T06:50:30.125Z,gpu-3uwoq-6g3ya-1,dcgm,gpu0,gpu_util,0
2026-09-30T06:50:30.125Z,gpu-3uwoq-6g3ya-1,dcgm,gpu1,gpu_util,0
2026-09-30T06:50:30.125Z,gpu-3uwoq-6g3ya-1,dcgm,gpu2,nvlink_bandwidth_total,0
2026-09-30T06:50:30.125Z,gpu-3uwoq-6g3ya-1,dcgm,gpu3,nvlink_bandwidth_total,0
2026-09-30T06:50:30.125Z,gpu-3uwoq-6g3ya-1,dcgm,gpu0,nvlink_bandwidth_total,0
2026-09-30T06:50:30.125Z,gpu-3uwoq-6g3ya-1,dcgm,gpu1,nvlink_bandwidth_total,0
2026-09-30T06:50:30.125Z,gpu-3uwoq-6g3ya-1,dcgm,gpu2,power_w,222.82
2026-09-30T06:50:30.125Z,gpu-3uwoq-6g3ya-1,dcgm,gpu3,power_w,227.185
2026-09-30T06:50:30.125Z,gpu-3uwoq-6g3ya-1,dcgm,gpu0,power_w,230.166
2026-09-30T06:50:30.125Z,gpu-3uwoq-6g3ya-1,dcgm,gpu1,power_w,227.791
2026-09-30T06:50:30.125Z,gpu-3uwoq-6g3ya-1,dcgm,gpu2,sm_clock_mhz,2070
2026-09-30T06:50:30.125Z,gpu-3uwoq-6g3ya-1,dcgm,gpu3,sm_clock_mhz,2070
2026-09-30T06:50:30.125Z,gpu-3uwoq-6g3ya-1,dcgm,gpu0,sm_clock_mhz,2070
2026-09-30T06:50:30.125Z,gpu-3uwoq-6g3ya-1,dcgm,gpu1,sm_clock_mhz,2070
2026-09-30T06:50:30.125Z,gpu-3uwoq-6g3ya-1,dcgm,gpu2,dram_active,0
2026-09-30T06:50:30.125Z,gpu-3uwoq-6g3ya-1,dcgm,gpu3,dram_active,0
2026-09-30T06:50:30.125Z,gpu-3uwoq-6g3ya-1,dcgm,gpu0,dram_active,0
2026-09-30T06:50:30.125Z,gpu-3uwoq-6g3ya-1,dcgm,gpu1,dram_active,1e-06
2026-09-30T06:50:30.125Z,gpu-3uwoq-6g3ya-1,dcgm,gpu2,pcie_rx_bytes,177550
2026-09-30T06:50:30.125Z,gpu-3uwoq-6g3ya-1,dcgm,gpu3,pcie_rx_bytes,102208
2026-09-30T06:50:30.125Z,gpu-3uwoq-6g3ya-1,dcgm,gpu0,pcie_rx_bytes,204835
2026-09-30T06:50:30.125Z,gpu-3uwoq-6g3ya-1,dcgm,gpu1,pcie_rx_bytes,290645
2026-09-30T06:50:30.125Z,gpu-3uwoq-6g3ya-1,dcgm,gpu2,pcie_tx_bytes,167626
2026-09-30T06:50:30.125Z,gpu-3uwoq-6g3ya-1,dcgm,gpu3,pcie_tx_bytes,93582
2026-09-30T06:50:30.125Z,gpu-3uwoq-6g3ya-1,dcgm,gpu0,pcie_tx_bytes,195403
2026-09-30T06:50:30.125Z,gpu-3uwoq-6g3ya-1,dcgm,gpu1,pcie_tx_bytes,268431
2026-09-30T06:50:30.125Z,gpu-3uwoq-6g3ya-1,dcgm,gpu2,tensor_active,0
2026-09-30T06:50:30.125Z,gpu-3uwoq-6g3ya-1,dcgm,gpu3,tensor_active,0
2026-09-30T06:50:30.125Z,gpu-3uwoq-6g3ya-1,dcgm,gpu0,tensor_active,0
2026-09-30T06:50:30.125Z,gpu-3uwoq-6g3ya-1,dcgm,gpu1,tensor_active,0
2026-09-30T06:50:30.125Z,gpu-3uwoq-6g3ya-1,dcgm,gpu2,sm_active,0
2026-09-30T06:50:30.125Z,gpu-3uwoq-6g3ya-1,dcgm,gpu3,sm_active,0
2026-09-30T06:50:30.125Z,gpu-3uwoq-6g3ya-1,dcgm,gpu0,sm_active,0
2026-09-30T06:50:30.125Z,gpu-3uwoq-6g3ya-1,dcgm,gpu1,sm_active,0
2026-09-30T06:50:30.125Z,gpu-3uwoq-6g3ya-1,nvlink,gpu0,nvlink_rx_bytes,1.03783e+13
2026-09-30T06:50:30.125Z,gpu-3uwoq-6g3ya-1,nvlink,gpu0,nvlink_tx_bytes,1.03828e+13
2026-09-30T06:50:30.125Z,gpu-3uwoq-6g3ya-1,nvlink,gpu1,nvlink_rx_bytes,1.05327e+13
2026-09-30T06:50:30.125Z,gpu-3uwoq-6g3ya-1,nvlink,gpu1,nvlink_tx_bytes,1.05357e+13
2026-09-30T06:50:30.125Z,gpu-3uwoq-6g3ya-1,nvlink,gpu2,nvlink_rx_bytes,1.04008e+13
2026-09-30T06:50:30.125Z,gpu-3uwoq-6g3ya-1,nvlink,gpu2,nvlink_tx_bytes,1.04047e+13
2026-09-30T06:50:30.125Z,gpu-3uwoq-6g3ya-1,nvlink,gpu3,nvlink_rx_bytes,1.03502e+13
2026-09-30T06:50:30.125Z,gpu-3uwoq-6g3ya-1,nvlink,gpu3,nvlink_tx_bytes,1.03535e+13
2026-09-30T06:50:31.125Z,gpu-3uwoq-6g3ya-1,ib_counter,rdma_vf_rail0,port_xmit_data,4.08122e+12
2026-09-30T06:50:31.125Z,gpu-3uwoq-6g3ya-1,ib_counter,rdma_vf_rail0,port_rcv_data,2.11385e+12
2026-09-30T06:50:31.125Z,gpu-3uwoq-6g3ya-1,ib_counter,rdma_vf_rail0,port_xmit_packets,1.10305e+09
2026-09-30T06:50:31.125Z,gpu-3uwoq-6g3ya-1,ib_counter,rdma_vf_rail0,port_rcv_packets,7.38804e+08
2026-09-30T06:50:31.125Z,gpu-3uwoq-6g3ya-1,ib_counter,rdma_vf_rail0,port_xmit_wait,0
2026-09-30T06:50:31.125Z,gpu-3uwoq-6g3ya-1,ib_counter,rdma_vf_rail0,port_rcv_errors,0
2026-09-30T06:50:31.125Z,gpu-3uwoq-6g3ya-1,ib_counter,rdma_vf_rail0,port_xmit_discards,0
2026-09-30T06:50:31.125Z,gpu-3uwoq-6g3ya-1,ib_counter,rdma_vf_rail0,link_downed,0
2026-09-30T06:50:31.125Z,gpu-3uwoq-6g3ya-1,ib_hw_counter,rdma_vf_rail0,out_of_sequence,0
2026-09-30T06:50:31.125Z,gpu-3uwoq-6g3ya-1,ib_hw_counter,rdma_vf_rail0,packet_seq_err,8
2026-09-30T06:50:31.125Z,gpu-3uwoq-6g3ya-1,ib_hw_counter,rdma_vf_rail0,local_ack_timeout_err,0
2026-09-30T06:50:31.125Z,gpu-3uwoq-6g3ya-1,ib_hw_counter,rdma_vf_rail0,rx_write_requests,4.4503e+08
2026-09-30T06:50:31.125Z,gpu-3uwoq-6g3ya-1,ib_hw_counter,rdma_vf_rail0,rx_read_requests,9.0462e+06
2026-09-30T06:50:31.125Z,gpu-3uwoq-6g3ya-1,ib_hw_counter,rdma_vf_rail0,req_cqe_error,0
2026-09-30T06:50:31.125Z,gpu-3uwoq-6g3ya-1,ib_hw_counter,rdma_vf_rail0,resp_cqe_error,0
2026-09-30T06:50:31.125Z,gpu-3uwoq-6g3ya-1,ib_hw_counter,rdma_vf_rail0,implied_nak_seq_err,0
2026-09-30T06:50:31.125Z,gpu-3uwoq-6g3ya-1,ib_hw_counter,rdma_vf_rail0,duplicate_request,0
2026-09-30T06:50:31.125Z,gpu-3uwoq-6g3ya-1,ib_counter,rdma_vf_rail1,port_xmit_data,3.97368e+12
2026-09-30T06:50:31.125Z,gpu-3uwoq-6g3ya-1,ib_counter,rdma_vf_rail1,port_rcv_data,2.00573e+12
2026-09-30T06:50:31.125Z,gpu-3uwoq-6g3ya-1,ib_counter,rdma_vf_rail1,port_xmit_packets,1.07687e+09
2026-09-30T06:50:31.125Z,gpu-3uwoq-6g3ya-1,ib_counter,rdma_vf_rail1,port_rcv_packets,7.07728e+08
2026-09-30T06:50:31.125Z,gpu-3uwoq-6g3ya-1,ib_counter,rdma_vf_rail1,port_xmit_wait,0
2026-09-30T06:50:31.125Z,gpu-3uwoq-6g3ya-1,ib_counter,rdma_vf_rail1,port_rcv_errors,0
2026-09-30T06:50:31.125Z,gpu-3uwoq-6g3ya-1,ib_counter,rdma_vf_rail1,port_xmit_discards,0
2026-09-30T06:50:31.125Z,gpu-3uwoq-6g3ya-1,ib_counter,rdma_vf_rail1,link_downed,0
2026-09-30T06:50:31.125Z,gpu-3uwoq-6g3ya-1,ib_hw_counter,rdma_vf_rail1,out_of_sequence,0
2026-09-30T06:50:31.125Z,gpu-3uwoq-6g3ya-1,ib_hw_counter,rdma_vf_rail1,packet_seq_err,8
2026-09-30T06:50:31.125Z,gpu-3uwoq-6g3ya-1,ib_hw_counter,rdma_vf_rail1,local_ack_timeout_err,0
2026-09-30T06:50:31.125Z,gpu-3uwoq-6g3ya-1,ib_hw_counter,rdma_vf_rail1,rx_write_requests,4.43433e+08
2026-09-30T06:50:31.125Z,gpu-3uwoq-6g3ya-1,ib_hw_counter,rdma_vf_rail1,rx_read_requests,8.24518e+06
2026-09-30T06:50:31.125Z,gpu-3uwoq-6g3ya-1,ib_hw_counter,rdma_vf_rail1,req_cqe_error,0
2026-09-30T06:50:31.125Z,gpu-3uwoq-6g3ya-1,ib_hw_counter,rdma_vf_rail1,resp_cqe_error,0
2026-09-30T06:50:31.125Z,gpu-3uwoq-6g3ya-1,ib_hw_counter,rdma_vf_rail1,implied_nak_seq_err,0
2026-09-30T06:50:31.125Z,gpu-3uwoq-6g3ya-1,ib_hw_counter,rdma_vf_rail1,duplicate_request,0
2026-09-30T06:50:31.125Z,gpu-3uwoq-6g3ya-1,ib_counter,rdma_vf_rail2,port_xmit_data,3.94617e+12
2026-09-30T06:50:31.125Z,gpu-3uwoq-6g3ya-1,ib_counter,rdma_vf_rail2,port_rcv_data,1.97796e+12
2026-09-30T06:50:31.125Z,gpu-3uwoq-6g3ya-1,ib_counter,rdma_vf_rail2,port_xmit_packets,1.06232e+09
2026-09-30T06:50:31.125Z,gpu-3uwoq-6g3ya-1,ib_counter,rdma_vf_rail2,port_rcv_packets,6.88687e+08
2026-09-30T06:50:31.125Z,gpu-3uwoq-6g3ya-1,ib_counter,rdma_vf_rail2,port_xmit_wait,0
2026-09-30T06:50:31.125Z,gpu-3uwoq-6g3ya-1,ib_counter,rdma_vf_rail2,port_rcv_errors,0
2026-09-30T06:50:31.125Z,gpu-3uwoq-6g3ya-1,ib_counter,rdma_vf_rail2,port_xmit_discards,0
2026-09-30T06:50:31.125Z,gpu-3uwoq-6g3ya-1,ib_counter,rdma_vf_rail2,link_downed,0
2026-09-30T06:50:31.125Z,gpu-3uwoq-6g3ya-1,ib_hw_counter,rdma_vf_rail2,out_of_sequence,0
2026-09-30T06:50:31.125Z,gpu-3uwoq-6g3ya-1,ib_hw_counter,rdma_vf_rail2,packet_seq_err,7
2026-09-30T06:50:31.125Z,gpu-3uwoq-6g3ya-1,ib_hw_counter,rdma_vf_rail2,local_ack_timeout_err,0
2026-09-30T06:50:31.125Z,gpu-3uwoq-6g3ya-1,ib_hw_counter,rdma_vf_rail2,rx_write_requests,4.43005e+08
2026-09-30T06:50:31.125Z,gpu-3uwoq-6g3ya-1,ib_hw_counter,rdma_vf_rail2,rx_read_requests,8.03756e+06
2026-09-30T06:50:31.125Z,gpu-3uwoq-6g3ya-1,ib_hw_counter,rdma_vf_rail2,req_cqe_error,0
2026-09-30T06:50:31.125Z,gpu-3uwoq-6g3ya-1,ib_hw_counter,rdma_vf_rail2,resp_cqe_error,0
2026-09-30T06:50:31.125Z,gpu-3uwoq-6g3ya-1,ib_hw_counter,rdma_vf_rail2,implied_nak_seq_err,0
2026-09-30T06:50:31.125Z,gpu-3uwoq-6g3ya-1,ib_hw_counter,rdma_vf_rail2,duplicate_request,0
2026-09-30T06:50:31.125Z,gpu-3uwoq-6g3ya-1,ib_counter,rdma_vf_rail3,port_xmit_data,3.94643e+12
2026-09-30T06:50:31.125Z,gpu-3uwoq-6g3ya-1,ib_counter,rdma_vf_rail3,port_rcv_data,1.97772e+12
2026-09-30T06:50:31.125Z,gpu-3uwoq-6g3ya-1,ib_counter,rdma_vf_rail3,port_xmit_packets,1.06309e+09
2026-09-30T06:50:31.125Z,gpu-3uwoq-6g3ya-1,ib_counter,rdma_vf_rail3,port_rcv_packets,6.85505e+08
2026-09-30T06:50:31.125Z,gpu-3uwoq-6g3ya-1,ib_counter,rdma_vf_rail3,port_xmit_wait,0
2026-09-30T06:50:31.125Z,gpu-3uwoq-6g3ya-1,ib_counter,rdma_vf_rail3,port_rcv_errors,0
2026-09-30T06:50:31.125Z,gpu-3uwoq-6g3ya-1,ib_counter,rdma_vf_rail3,port_xmit_discards,0
2026-09-30T06:50:31.125Z,gpu-3uwoq-6g3ya-1,ib_counter,rdma_vf_rail3,link_downed,0
2026-09-30T06:50:31.125Z,gpu-3uwoq-6g3ya-1,ib_hw_counter,rdma_vf_rail3,out_of_sequence,1
2026-09-30T06:50:31.125Z,gpu-3uwoq-6g3ya-1,ib_hw_counter,rdma_vf_rail3,packet_seq_err,7
2026-09-30T06:50:31.125Z,gpu-3uwoq-6g3ya-1,ib_hw_counter,rdma_vf_rail3,local_ack_timeout_err,0
2026-09-30T06:50:31.125Z,gpu-3uwoq-6g3ya-1,ib_hw_counter,rdma_vf_rail3,rx_write_requests,4.43005e+08
2026-09-30T06:50:31.125Z,gpu-3uwoq-6g3ya-1,ib_hw_counter,rdma_vf_rail3,rx_read_requests,8.03756e+06
2026-09-30T06:50:31.125Z,gpu-3uwoq-6g3ya-1,ib_hw_counter,rdma_vf_rail3,req_cqe_error,0
2026-09-30T06:50:31.125Z,gpu-3uwoq-6g3ya-1,ib_hw_counter,rdma_vf_rail3,resp_cqe_error,0
2026-09-30T06:50:31.125Z,gpu-3uwoq-6g3ya-1,ib_hw_counter,rdma_vf_rail3,implied_nak_seq_err,0
2026-09-30T06:50:31.125Z,gpu-3uwoq-6g3ya-1,ib_hw_counter,rdma_vf_rail3,duplicate_request,0
2026-09-30T06:50:31.125Z,gpu-3uwoq-6g3ya-1,dcgm,gpu2,gpu_util,0
2026-09-30T06:50:31.125Z,gpu-3uwoq-6g3ya-1,dcgm,gpu3,gpu_util,0
2026-09-30T06:50:31.125Z,gpu-3uwoq-6g3ya-1,dcgm,gpu0,gpu_util,0
2026-09-30T06:50:31.125Z,gpu-3uwoq-6g3ya-1,dcgm,gpu1,gpu_util,0
2026-09-30T06:50:31.125Z,gpu-3uwoq-6g3ya-1,dcgm,gpu2,nvlink_bandwidth_total,0
2026-09-30T06:50:31.125Z,gpu-3uwoq-6g3ya-1,dcgm,gpu3,nvlink_bandwidth_total,0
2026-09-30T06:50:31.125Z,gpu-3uwoq-6g3ya-1,dcgm,gpu0,nvlink_bandwidth_total,0
2026-09-30T06:50:31.125Z,gpu-3uwoq-6g3ya-1,dcgm,gpu1,nvlink_bandwidth_total,0
2026-09-30T06:50:31.125Z,gpu-3uwoq-6g3ya-1,dcgm,gpu2,power_w,222.82
2026-09-30T06:50:31.125Z,gpu-3uwoq-6g3ya-1,dcgm,gpu3,power_w,227.185
2026-09-30T06:50:31.125Z,gpu-3uwoq-6g3ya-1,dcgm,gpu0,power_w,230.166
2026-09-30T06:50:31.125Z,gpu-3uwoq-6g3ya-1,dcgm,gpu1,power_w,227.791
2026-09-30T06:50:31.125Z,gpu-3uwoq-6g3ya-1,dcgm,gpu2,sm_clock_mhz,2070
2026-09-30T06:50:31.125Z,gpu-3uwoq-6g3ya-1,dcgm,gpu3,sm_clock_mhz,2070
2026-09-30T06:50:31.125Z,gpu-3uwoq-6g3ya-1,dcgm,gpu0,sm_clock_mhz,2070
2026-09-30T06:50:31.125Z,gpu-3uwoq-6g3ya-1,dcgm,gpu1,sm_clock_mhz,2070
2026-09-30T06:50:31.125Z,gpu-3uwoq-6g3ya-1,dcgm,gpu2,dram_active,0
2026-09-30T06:50:31.125Z,gpu-3uwoq-6g3ya-1,dcgm,gpu3,dram_active,0
2026-09-30T06:50:31.125Z,gpu-3uwoq-6g3ya-1,dcgm,gpu0,dram_active,0
2026-09-30T06:50:31.125Z,gpu-3uwoq-6g3ya-1,dcgm,gpu1,dram_active,1e-06
2026-09-30T06:50:31.125Z,gpu-3uwoq-6g3ya-1,dcgm,gpu2,pcie_rx_bytes,177550
2026-09-30T06:50:31.125Z,gpu-3uwoq-6g3ya-1,dcgm,gpu3,pcie_rx_bytes,102208
2026-09-30T06:50:31.125Z,gpu-3uwoq-6g3ya-1,dcgm,gpu0,pcie_rx_bytes,204835
2026-09-30T06:50:31.125Z,gpu-3uwoq-6g3ya-1,dcgm,gpu1,pcie_rx_bytes,290645
2026-09-30T06:50:31.125Z,gpu-3uwoq-6g3ya-1,dcgm,gpu2,pcie_tx_bytes,167626
2026-09-30T06:50:31.125Z,gpu-3uwoq-6g3ya-1,dcgm,gpu3,pcie_tx_bytes,93582
2026-09-30T06:50:31.125Z,gpu-3uwoq-6g3ya-1,dcgm,gpu0,pcie_tx_bytes,195403
2026-09-30T06:50:31.125Z,gpu-3uwoq-6g3ya-1,dcgm,gpu1,pcie_tx_bytes,268431
2026-09-30T06:50:31.125Z,gpu-3uwoq-6g3ya-1,dcgm,gpu2,tensor_active,0
2026-09-30T06:50:31.125Z,gpu-3uwoq-6g3ya-1,dcgm,gpu3,tensor_active,0
2026-09-30T06:50:31.125Z,gpu-3uwoq-6g3ya-1,dcgm,gpu0,tensor_active,0
2026-09-30T06:50:31.125Z,gpu-3uwoq-6g3ya-1,dcgm,gpu1,tensor_active,0
2026-09-30T06:50:31.125Z,gpu-3uwoq-6g3ya-1,dcgm,gpu2,sm_active,0
2026-09-30T06:50:31.125Z,gpu-3uwoq-6g3ya-1,dcgm,gpu3,sm_active,0
2026-09-30T06:50:31.125Z,gpu-3uwoq-6g3ya-1,dcgm,gpu0,sm_active,0
2026-09-30T06:50:31.125Z,gpu-3uwoq-6g3ya-1,dcgm,gpu1,sm_active,0
2026-09-30T06:50:31.125Z,gpu-3uwoq-6g3ya-1,nvlink,gpu0,nvlink_rx_bytes,1.03783e+13
2026-09-30T06:50:31.125Z,gpu-3uwoq-6g3ya-1,nvlink,gpu0,nvlink_tx_bytes,1.03828e+13
2026-09-30T06:50:31.125Z,gpu-3uwoq-6g3ya-1,nvlink,gpu1,nvlink_rx_bytes,1.05327e+13
2026-09-30T06:50:31.125Z,gpu-3uwoq-6g3ya-1,nvlink,gpu1,nvlink_tx_bytes,1.05357e+13
2026-09-30T06:50:31.125Z,gpu-3uwoq-6g3ya-1,nvlink,gpu2,nvlink_rx_bytes,1.04008e+13
2026-09-30T06:50:31.125Z,gpu-3uwoq-6g3ya-1,nvlink,gpu2,nvlink_tx_bytes,1.04047e+13
2026-09-30T06:50:31.125Z,gpu-3uwoq-6g3ya-1,nvlink,gpu3,nvlink_rx_bytes,1.03502e+13
2026-09-30T06:50:31.125Z,gpu-3uwoq-6g3ya-1,nvlink,gpu3,nvlink_tx_bytes,1.03535e+13
2026-09-30T06:50:32.125Z,gpu-3uwoq-6g3ya-1,ib_counter,rdma_vf_rail0,port_xmit_data,4.08174e+12
2026-09-30T06:50:32.125Z,gpu-3uwoq-6g3ya-1,ib_counter,rdma_vf_rail0,port_rcv_data,2.11438e+12
2026-09-30T06:50:32.125Z,gpu-3uwoq-6g3ya-1,ib_counter,rdma_vf_rail0,port_xmit_packets,1.10323e+09
2026-09-30T06:50:32.125Z,gpu-3uwoq-6g3ya-1,ib_counter,rdma_vf_rail0,port_rcv_packets,7.39008e+08
2026-09-30T06:50:32.125Z,gpu-3uwoq-6g3ya-1,ib_counter,rdma_vf_rail0,port_xmit_wait,0
2026-09-30T06:50:32.125Z,gpu-3uwoq-6g3ya-1,ib_counter,rdma_vf_rail0,port_rcv_errors,0
2026-09-30T06:50:32.125Z,gpu-3uwoq-6g3ya-1,ib_counter,rdma_vf_rail0,port_xmit_discards,0
2026-09-30T06:50:32.125Z,gpu-3uwoq-6g3ya-1,ib_counter,rdma_vf_rail0,link_downed,0
2026-09-30T06:50:32.125Z,gpu-3uwoq-6g3ya-1,ib_hw_counter,rdma_vf_rail0,out_of_sequence,0
2026-09-30T06:50:32.125Z,gpu-3uwoq-6g3ya-1,ib_hw_counter,rdma_vf_rail0,packet_seq_err,8
2026-09-30T06:50:32.125Z,gpu-3uwoq-6g3ya-1,ib_hw_counter,rdma_vf_rail0,local_ack_timeout_err,0
2026-09-30T06:50:32.125Z,gpu-3uwoq-6g3ya-1,ib_hw_counter,rdma_vf_rail0,rx_write_requests,4.45053e+08
2026-09-30T06:50:32.125Z,gpu-3uwoq-6g3ya-1,ib_hw_counter,rdma_vf_rail0,rx_read_requests,9.05388e+06
2026-09-30T06:50:32.125Z,gpu-3uwoq-6g3ya-1,ib_hw_counter,rdma_vf_rail0,req_cqe_error,0
2026-09-30T06:50:32.125Z,gpu-3uwoq-6g3ya-1,ib_hw_counter,rdma_vf_rail0,resp_cqe_error,0
2026-09-30T06:50:32.125Z,gpu-3uwoq-6g3ya-1,ib_hw_counter,rdma_vf_rail0,implied_nak_seq_err,0
2026-09-30T06:50:32.125Z,gpu-3uwoq-6g3ya-1,ib_hw_counter,rdma_vf_rail0,duplicate_request,0
2026-09-30T06:50:32.125Z,gpu-3uwoq-6g3ya-1,ib_counter,rdma_vf_rail1,port_xmit_data,3.9742e+12
2026-09-30T06:50:32.125Z,gpu-3uwoq-6g3ya-1,ib_counter,rdma_vf_rail1,port_rcv_data,2.00626e+12
2026-09-30T06:50:32.125Z,gpu-3uwoq-6g3ya-1,ib_counter,rdma_vf_rail1,port_xmit_packets,1.07705e+09
2026-09-30T06:50:32.125Z,gpu-3uwoq-6g3ya-1,ib_counter,rdma_vf_rail1,port_rcv_packets,7.07932e+08
2026-09-30T06:50:32.125Z,gpu-3uwoq-6g3ya-1,ib_counter,rdma_vf_rail1,port_xmit_wait,0
2026-09-30T06:50:32.125Z,gpu-3uwoq-6g3ya-1,ib_counter,rdma_vf_rail1,port_rcv_errors,0
2026-09-30T06:50:32.125Z,gpu-3uwoq-6g3ya-1,ib_counter,rdma_vf_rail1,port_xmit_discards,0
2026-09-30T06:50:32.125Z,gpu-3uwoq-6g3ya-1,ib_counter,rdma_vf_rail1,link_downed,0
2026-09-30T06:50:32.125Z,gpu-3uwoq-6g3ya-1,ib_hw_counter,rdma_vf_rail1,out_of_sequence,0
2026-09-30T06:50:32.125Z,gpu-3uwoq-6g3ya-1,ib_hw_counter,rdma_vf_rail1,packet_seq_err,8
2026-09-30T06:50:32.125Z,gpu-3uwoq-6g3ya-1,ib_hw_counter,rdma_vf_rail1,local_ack_timeout_err,0
2026-09-30T06:50:32.125Z,gpu-3uwoq-6g3ya-1,ib_hw_counter,rdma_vf_rail1,rx_write_requests,4.43456e+08
2026-09-30T06:50:32.125Z,gpu-3uwoq-6g3ya-1,ib_hw_counter,rdma_vf_rail1,rx_read_requests,8.25286e+06
2026-09-30T06:50:32.125Z,gpu-3uwoq-6g3ya-1,ib_hw_counter,rdma_vf_rail1,req_cqe_error,0
2026-09-30T06:50:32.125Z,gpu-3uwoq-6g3ya-1,ib_hw_counter,rdma_vf_rail1,resp_cqe_error,0
2026-09-30T06:50:32.125Z,gpu-3uwoq-6g3ya-1,ib_hw_counter,rdma_vf_rail1,implied_nak_seq_err,0
2026-09-30T06:50:32.125Z,gpu-3uwoq-6g3ya-1,ib_hw_counter,rdma_vf_rail1,duplicate_request,0
2026-09-30T06:50:32.125Z,gpu-3uwoq-6g3ya-1,ib_counter,rdma_vf_rail2,port_xmit_data,3.94669e+12
2026-09-30T06:50:32.125Z,gpu-3uwoq-6g3ya-1,ib_counter,rdma_vf_rail2,port_rcv_data,1.97848e+12
2026-09-30T06:50:32.125Z,gpu-3uwoq-6g3ya-1,ib_counter,rdma_vf_rail2,port_xmit_packets,1.0625e+09
2026-09-30T06:50:32.125Z,gpu-3uwoq-6g3ya-1,ib_counter,rdma_vf_rail2,port_rcv_packets,6.88893e+08
2026-09-30T06:50:32.125Z,gpu-3uwoq-6g3ya-1,ib_counter,rdma_vf_rail2,port_xmit_wait,0
2026-09-30T06:50:32.125Z,gpu-3uwoq-6g3ya-1,ib_counter,rdma_vf_rail2,port_rcv_errors,0
2026-09-30T06:50:32.125Z,gpu-3uwoq-6g3ya-1,ib_counter,rdma_vf_rail2,port_xmit_discards,0
2026-09-30T06:50:32.125Z,gpu-3uwoq-6g3ya-1,ib_counter,rdma_vf_rail2,link_downed,0
2026-09-30T06:50:32.125Z,gpu-3uwoq-6g3ya-1,ib_hw_counter,rdma_vf_rail2,out_of_sequence,0
2026-09-30T06:50:32.125Z,gpu-3uwoq-6g3ya-1,ib_hw_counter,rdma_vf_rail2,packet_seq_err,7
2026-09-30T06:50:32.125Z,gpu-3uwoq-6g3ya-1,ib_hw_counter,rdma_vf_rail2,local_ack_timeout_err,0
2026-09-30T06:50:32.125Z,gpu-3uwoq-6g3ya-1,ib_hw_counter,rdma_vf_rail2,rx_write_requests,4.43028e+08
2026-09-30T06:50:32.125Z,gpu-3uwoq-6g3ya-1,ib_hw_counter,rdma_vf_rail2,rx_read_requests,8.04524e+06
2026-09-30T06:50:32.125Z,gpu-3uwoq-6g3ya-1,ib_hw_counter,rdma_vf_rail2,req_cqe_error,0
2026-09-30T06:50:32.125Z,gpu-3uwoq-6g3ya-1,ib_hw_counter,rdma_vf_rail2,resp_cqe_error,0
2026-09-30T06:50:32.125Z,gpu-3uwoq-6g3ya-1,ib_hw_counter,rdma_vf_rail2,implied_nak_seq_err,0
2026-09-30T06:50:32.125Z,gpu-3uwoq-6g3ya-1,ib_hw_counter,rdma_vf_rail2,duplicate_request,0
2026-09-30T06:50:32.125Z,gpu-3uwoq-6g3ya-1,ib_counter,rdma_vf_rail3,port_xmit_data,3.94695e+12
2026-09-30T06:50:32.125Z,gpu-3uwoq-6g3ya-1,ib_counter,rdma_vf_rail3,port_rcv_data,1.97825e+12
2026-09-30T06:50:32.125Z,gpu-3uwoq-6g3ya-1,ib_counter,rdma_vf_rail3,port_xmit_packets,1.06328e+09
2026-09-30T06:50:32.125Z,gpu-3uwoq-6g3ya-1,ib_counter,rdma_vf_rail3,port_rcv_packets,6.85711e+08
2026-09-30T06:50:32.125Z,gpu-3uwoq-6g3ya-1,ib_counter,rdma_vf_rail3,port_xmit_wait,0
2026-09-30T06:50:32.125Z,gpu-3uwoq-6g3ya-1,ib_counter,rdma_vf_rail3,port_rcv_errors,0
2026-09-30T06:50:32.125Z,gpu-3uwoq-6g3ya-1,ib_counter,rdma_vf_rail3,port_xmit_discards,0
2026-09-30T06:50:32.125Z,gpu-3uwoq-6g3ya-1,ib_counter,rdma_vf_rail3,link_downed,0
2026-09-30T06:50:32.125Z,gpu-3uwoq-6g3ya-1,ib_hw_counter,rdma_vf_rail3,out_of_sequence,1
2026-09-30T06:50:32.125Z,gpu-3uwoq-6g3ya-1,ib_hw_counter,rdma_vf_rail3,packet_seq_err,7
2026-09-30T06:50:32.125Z,gpu-3uwoq-6g3ya-1,ib_hw_counter,rdma_vf_rail3,local_ack_timeout_err,0
2026-09-30T06:50:32.125Z,gpu-3uwoq-6g3ya-1,ib_hw_counter,rdma_vf_rail3,rx_write_requests,4.43028e+08
2026-09-30T06:50:32.125Z,gpu-3uwoq-6g3ya-1,ib_hw_counter,rdma_vf_rail3,rx_read_requests,8.04524e+06
2026-09-30T06:50:32.125Z,gpu-3uwoq-6g3ya-1,ib_hw_counter,rdma_vf_rail3,req_cqe_error,0
2026-09-30T06:50:32.125Z,gpu-3uwoq-6g3ya-1,ib_hw_counter,rdma_vf_rail3,resp_cqe_error,0
2026-09-30T06:50:32.125Z,gpu-3uwoq-6g3ya-1,ib_hw_counter,rdma_vf_rail3,implied_nak_seq_err,0
2026-09-30T06:50:32.125Z,gpu-3uwoq-6g3ya-1,ib_hw_counter,rdma_vf_rail3,duplicate_request,0
2026-09-30T06:50:32.125Z,gpu-3uwoq-6g3ya-1,dcgm,gpu2,gpu_util,0
2026-09-30T06:50:32.125Z,gpu-3uwoq-6g3ya-1,dcgm,gpu3,gpu_util,0
2026-09-30T06:50:32.125Z,gpu-3uwoq-6g3ya-1,dcgm,gpu0,gpu_util,0
2026-09-30T06:50:32.125Z,gpu-3uwoq-6g3ya-1,dcgm,gpu1,gpu_util,0
2026-09-30T06:50:32.125Z,gpu-3uwoq-6g3ya-1,dcgm,gpu2,nvlink_bandwidth_total,0
2026-09-30T06:50:32.125Z,gpu-3uwoq-6g3ya-1,dcgm,gpu3,nvlink_bandwidth_total,0
2026-09-30T06:50:32.125Z,gpu-3uwoq-6g3ya-1,dcgm,gpu0,nvlink_bandwidth_total,0
2026-09-30T06:50:32.125Z,gpu-3uwoq-6g3ya-1,dcgm,gpu1,nvlink_bandwidth_total,0
2026-09-30T06:50:32.125Z,gpu-3uwoq-6g3ya-1,dcgm,gpu2,power_w,222.82
2026-09-30T06:50:32.125Z,gpu-3uwoq-6g3ya-1,dcgm,gpu3,power_w,227.185
2026-09-30T06:50:32.125Z,gpu-3uwoq-6g3ya-1,dcgm,gpu0,power_w,230.166
2026-09-30T06:50:32.125Z,gpu-3uwoq-6g3ya-1,dcgm,gpu1,power_w,227.791
2026-09-30T06:50:32.125Z,gpu-3uwoq-6g3ya-1,dcgm,gpu2,sm_clock_mhz,2070
2026-09-30T06:50:32.125Z,gpu-3uwoq-6g3ya-1,dcgm,gpu3,sm_clock_mhz,2070
2026-09-30T06:50:32.125Z,gpu-3uwoq-6g3ya-1,dcgm,gpu0,sm_clock_mhz,2070
2026-09-30T06:50:32.125Z,gpu-3uwoq-6g3ya-1,dcgm,gpu1,sm_clock_mhz,2070
2026-09-30T06:50:32.125Z,gpu-3uwoq-6g3ya-1,dcgm,gpu2,dram_active,0
2026-09-30T06:50:32.125Z,gpu-3uwoq-6g3ya-1,dcgm,gpu3,dram_active,0
2026-09-30T06:50:32.125Z,gpu-3uwoq-6g3ya-1,dcgm,gpu0,dram_active,0
2026-09-30T06:50:32.125Z,gpu-3uwoq-6g3ya-1,dcgm,gpu1,dram_active,1e-06
2026-09-30T06:50:32.125Z,gpu-3uwoq-6g3ya-1,dcgm,gpu2,pcie_rx_bytes,177550
2026-09-30T06:50:32.125Z,gpu-3uwoq-6g3ya-1,dcgm,gpu3,pcie_rx_bytes,102208
2026-09-30T06:50:32.125Z,gpu-3uwoq-6g3ya-1,dcgm,gpu0,pcie_rx_bytes,204835
2026-09-30T06:50:32.125Z,gpu-3uwoq-6g3ya-1,dcgm,gpu1,pcie_rx_bytes,290645
2026-09-30T06:50:32.125Z,gpu-3uwoq-6g3ya-1,dcgm,gpu2,pcie_tx_bytes,167626
2026-09-30T06:50:32.125Z,gpu-3uwoq-6g3ya-1,dcgm,gpu3,pcie_tx_bytes,93582
2026-09-30T06:50:32.125Z,gpu-3uwoq-6g3ya-1,dcgm,gpu0,pcie_tx_bytes,195403
2026-09-30T06:50:32.125Z,gpu-3uwoq-6g3ya-1,dcgm,gpu1,pcie_tx_bytes,268431
2026-09-30T06:50:32.125Z,gpu-3uwoq-6g3ya-1,dcgm,gpu2,tensor_active,0
2026-09-30T06:50:32.125Z,gpu-3uwoq-6g3ya-1,dcgm,gpu3,tensor_active,0
2026-09-30T06:50:32.125Z,gpu-3uwoq-6g3ya-1,dcgm,gpu0,tensor_active,0
2026-09-30T06:50:32.125Z,gpu-3uwoq-6g3ya-1,dcgm,gpu1,tensor_active,0
2026-09-30T06:50:32.125Z,gpu-3uwoq-6g3ya-1,dcgm,gpu2,sm_active,0
2026-09-30T06:50:32.125Z,gpu-3uwoq-6g3ya-1,dcgm,gpu3,sm_active,0
2026-09-30T06:50:32.125Z,gpu-3uwoq-6g3ya-1,dcgm,gpu0,sm_active,0
2026-09-30T06:50:32.125Z,gpu-3uwoq-6g3ya-1,dcgm,gpu1,sm_active,0
2026-09-30T06:50:32.125Z,gpu-3uwoq-6g3ya-1,nvlink,gpu0,nvlink_rx_bytes,1.03783e+13
2026-09-30T06:50:32.125Z,gpu-3uwoq-6g3ya-1,nvlink,gpu0,nvlink_tx_bytes,1.03828e+13
2026-09-30T06:50:32.125Z,gpu-3uwoq-6g3ya-1,nvlink,gpu1,nvlink_rx_bytes,1.05327e+13
2026-09-30T06:50:32.125Z,gpu-3uwoq-6g3ya-1,nvlink,gpu1,nvlink_tx_bytes,1.05357e+13
2026-09-30T06:50:32.125Z,gpu-3uwoq-6g3ya-1,nvlink,gpu2,nvlink_rx_bytes,1.04008e+13
2026-09-30T06:50:32.125Z,gpu-3uwoq-6g3ya-1,nvlink,gpu2,nvlink_tx_bytes,1.04047e+13
2026-09-30T06:50:32.125Z,gpu-3uwoq-6g3ya-1,nvlink,gpu3,nvlink_rx_bytes,1.03502e+13
2026-09-30T06:50:32.125Z,gpu-3uwoq-6g3ya-1,nvlink,gpu3,nvlink_tx_bytes,1.03535e+13
2026-09-30T06:50:33.125Z,gpu-3uwoq-6g3ya-1,ib_counter,rdma_vf_rail0,port_xmit_data,4.08174e+12
2026-09-30T06:50:33.125Z,gpu-3uwoq-6g3ya-1,ib_counter,rdma_vf_rail0,port_rcv_data,2.11438e+12
2026-09-30T06:50:33.125Z,gpu-3uwoq-6g3ya-1,ib_counter,rdma_vf_rail0,port_xmit_packets,1.10323e+09
2026-09-30T06:50:33.125Z,gpu-3uwoq-6g3ya-1,ib_counter,rdma_vf_rail0,port_rcv_packets,7.39008e+08
2026-09-30T06:50:33.125Z,gpu-3uwoq-6g3ya-1,ib_counter,rdma_vf_rail0,port_xmit_wait,0
2026-09-30T06:50:33.125Z,gpu-3uwoq-6g3ya-1,ib_counter,rdma_vf_rail0,port_rcv_errors,0
2026-09-30T06:50:33.125Z,gpu-3uwoq-6g3ya-1,ib_counter,rdma_vf_rail0,port_xmit_discards,0
2026-09-30T06:50:33.125Z,gpu-3uwoq-6g3ya-1,ib_counter,rdma_vf_rail0,link_downed,0
2026-09-30T06:50:33.125Z,gpu-3uwoq-6g3ya-1,ib_hw_counter,rdma_vf_rail0,out_of_sequence,0
2026-09-30T06:50:33.125Z,gpu-3uwoq-6g3ya-1,ib_hw_counter,rdma_vf_rail0,packet_seq_err,8
2026-09-30T06:50:33.125Z,gpu-3uwoq-6g3ya-1,ib_hw_counter,rdma_vf_rail0,local_ack_timeout_err,0
2026-09-30T06:50:33.125Z,gpu-3uwoq-6g3ya-1,ib_hw_counter,rdma_vf_rail0,rx_write_requests,4.45053e+08
2026-09-30T06:50:33.125Z,gpu-3uwoq-6g3ya-1,ib_hw_counter,rdma_vf_rail0,rx_read_requests,9.05388e+06
2026-09-30T06:50:33.125Z,gpu-3uwoq-6g3ya-1,ib_hw_counter,rdma_vf_rail0,req_cqe_error,0
2026-09-30T06:50:33.125Z,gpu-3uwoq-6g3ya-1,ib_hw_counter,rdma_vf_rail0,resp_cqe_error,0
2026-09-30T06:50:33.125Z,gpu-3uwoq-6g3ya-1,ib_hw_counter,rdma_vf_rail0,implied_nak_seq_err,0
2026-09-30T06:50:33.125Z,gpu-3uwoq-6g3ya-1,ib_hw_counter,rdma_vf_rail0,duplicate_request,0
2026-09-30T06:50:33.125Z,gpu-3uwoq-6g3ya-1,ib_counter,rdma_vf_rail1,port_xmit_data,3.9742e+12
2026-09-30T06:50:33.125Z,gpu-3uwoq-6g3ya-1,ib_counter,rdma_vf_rail1,port_rcv_data,2.00626e+12
2026-09-30T06:50:33.125Z,gpu-3uwoq-6g3ya-1,ib_counter,rdma_vf_rail1,port_xmit_packets,1.07705e+09
2026-09-30T06:50:33.125Z,gpu-3uwoq-6g3ya-1,ib_counter,rdma_vf_rail1,port_rcv_packets,7.07932e+08
2026-09-30T06:50:33.125Z,gpu-3uwoq-6g3ya-1,ib_counter,rdma_vf_rail1,port_xmit_wait,0
2026-09-30T06:50:33.125Z,gpu-3uwoq-6g3ya-1,ib_counter,rdma_vf_rail1,port_rcv_errors,0
2026-09-30T06:50:33.125Z,gpu-3uwoq-6g3ya-1,ib_counter,rdma_vf_rail1,port_xmit_discards,0
2026-09-30T06:50:33.125Z,gpu-3uwoq-6g3ya-1,ib_counter,rdma_vf_rail1,link_downed,0
2026-09-30T06:50:33.125Z,gpu-3uwoq-6g3ya-1,ib_hw_counter,rdma_vf_rail1,out_of_sequence,0
2026-09-30T06:50:33.125Z,gpu-3uwoq-6g3ya-1,ib_hw_counter,rdma_vf_rail1,packet_seq_err,8
2026-09-30T06:50:33.125Z,gpu-3uwoq-6g3ya-1,ib_hw_counter,rdma_vf_rail1,local_ack_timeout_err,0
2026-09-30T06:50:33.125Z,gpu-3uwoq-6g3ya-1,ib_hw_counter,rdma_vf_rail1,rx_write_requests,4.43456e+08
2026-09-30T06:50:33.125Z,gpu-3uwoq-6g3ya-1,ib_hw_counter,rdma_vf_rail1,rx_read_requests,8.25286e+06
2026-09-30T06:50:33.125Z,gpu-3uwoq-6g3ya-1,ib_hw_counter,rdma_vf_rail1,req_cqe_error,0
2026-09-30T06:50:33.125Z,gpu-3uwoq-6g3ya-1,ib_hw_counter,rdma_vf_rail1,resp_cqe_error,0
2026-09-30T06:50:33.125Z,gpu-3uwoq-6g3ya-1,ib_hw_counter,rdma_vf_rail1,implied_nak_seq_err,0
2026-09-30T06:50:33.125Z,gpu-3uwoq-6g3ya-1,ib_hw_counter,rdma_vf_rail1,duplicate_request,0
2026-09-30T06:50:33.125Z,gpu-3uwoq-6g3ya-1,ib_counter,rdma_vf_rail2,port_xmit_data,3.94669e+12
2026-09-30T06:50:33.125Z,gpu-3uwoq-6g3ya-1,ib_counter,rdma_vf_rail2,port_rcv_data,1.97848e+12
2026-09-30T06:50:33.125Z,gpu-3uwoq-6g3ya-1,ib_counter,rdma_vf_rail2,port_xmit_packets,1.0625e+09
2026-09-30T06:50:33.125Z,gpu-3uwoq-6g3ya-1,ib_counter,rdma_vf_rail2,port_rcv_packets,6.88893e+08
2026-09-30T06:50:33.125Z,gpu-3uwoq-6g3ya-1,ib_counter,rdma_vf_rail2,port_xmit_wait,0
2026-09-30T06:50:33.125Z,gpu-3uwoq-6g3ya-1,ib_counter,rdma_vf_rail2,port_rcv_errors,0
2026-09-30T06:50:33.125Z,gpu-3uwoq-6g3ya-1,ib_counter,rdma_vf_rail2,port_xmit_discards,0
2026-09-30T06:50:33.125Z,gpu-3uwoq-6g3ya-1,ib_counter,rdma_vf_rail2,link_downed,0
2026-09-30T06:50:33.125Z,gpu-3uwoq-6g3ya-1,ib_hw_counter,rdma_vf_rail2,out_of_sequence,0
2026-09-30T06:50:33.125Z,gpu-3uwoq-6g3ya-1,ib_hw_counter,rdma_vf_rail2,packet_seq_err,7
2026-09-30T06:50:33.125Z,gpu-3uwoq-6g3ya-1,ib_hw_counter,rdma_vf_rail2,local_ack_timeout_err,0
2026-09-30T06:50:33.125Z,gpu-3uwoq-6g3ya-1,ib_hw_counter,rdma_vf_rail2,rx_write_requests,4.43028e+08
2026-09-30T06:50:33.125Z,gpu-3uwoq-6g3ya-1,ib_hw_counter,rdma_vf_rail2,rx_read_requests,8.04524e+06
2026-09-30T06:50:33.125Z,gpu-3uwoq-6g3ya-1,ib_hw_counter,rdma_vf_rail2,req_cqe_error,0
2026-09-30T06:50:33.125Z,gpu-3uwoq-6g3ya-1,ib_hw_counter,rdma_vf_rail2,resp_cqe_error,0
2026-09-30T06:50:33.125Z,gpu-3uwoq-6g3ya-1,ib_hw_counter,rdma_vf_rail2,implied_nak_seq_err,0
2026-09-30T06:50:33.125Z,gpu-3uwoq-6g3ya-1,ib_hw_counter,rdma_vf_rail2,duplicate_request,0
2026-09-30T06:50:33.125Z,gpu-3uwoq-6g3ya-1,ib_counter,rdma_vf_rail3,port_xmit_data,3.94695e+12
2026-09-30T06:50:33.125Z,gpu-3uwoq-6g3ya-1,ib_counter,rdma_vf_rail3,port_rcv_data,1.97825e+12
2026-09-30T06:50:33.125Z,gpu-3uwoq-6g3ya-1,ib_counter,rdma_vf_rail3,port_xmit_packets,1.06328e+09
2026-09-30T06:50:33.125Z,gpu-3uwoq-6g3ya-1,ib_counter,rdma_vf_rail3,port_rcv_packets,6.85711e+08
2026-09-30T06:50:33.125Z,gpu-3uwoq-6g3ya-1,ib_counter,rdma_vf_rail3,port_xmit_wait,0
2026-09-30T06:50:33.125Z,gpu-3uwoq-6g3ya-1,ib_counter,rdma_vf_rail3,port_rcv_errors,0
2026-09-30T06:50:33.125Z,gpu-3uwoq-6g3ya-1,ib_counter,rdma_vf_rail3,port_xmit_discards,0
2026-09-30T06:50:33.125Z,gpu-3uwoq-6g3ya-1,ib_counter,rdma_vf_rail3,link_downed,0
2026-09-30T06:50:33.125Z,gpu-3uwoq-6g3ya-1,ib_hw_counter,rdma_vf_rail3,out_of_sequence,1
2026-09-30T06:50:33.125Z,gpu-3uwoq-6g3ya-1,ib_hw_counter,rdma_vf_rail3,packet_seq_err,7
2026-09-30T06:50:33.125Z,gpu-3uwoq-6g3ya-1,ib_hw_counter,rdma_vf_rail3,local_ack_timeout_err,0
2026-09-30T06:50:33.125Z,gpu-3uwoq-6g3ya-1,ib_hw_counter,rdma_vf_rail3,rx_write_requests,4.43028e+08
2026-09-30T06:50:33.125Z,gpu-3uwoq-6g3ya-1,ib_hw_counter,rdma_vf_rail3,rx_read_requests,8.04524e+06
2026-09-30T06:50:33.125Z,gpu-3uwoq-6g3ya-1,ib_hw_counter,rdma_vf_rail3,req_cqe_error,0
2026-09-30T06:50:33.125Z,gpu-3uwoq-6g3ya-1,ib_hw_counter,rdma_vf_rail3,resp_cqe_error,0
2026-09-30T06:50:33.125Z,gpu-3uwoq-6g3ya-1,ib_hw_counter,rdma_vf_rail3,implied_nak_seq_err,0
2026-09-30T06:50:33.125Z,gpu-3uwoq-6g3ya-1,ib_hw_counter,rdma_vf_rail3,duplicate_request,0
2026-09-30T06:50:33.125Z,gpu-3uwoq-6g3ya-1,dcgm,gpu2,gpu_util,0
2026-09-30T06:50:33.125Z,gpu-3uwoq-6g3ya-1,dcgm,gpu3,gpu_util,0
2026-09-30T06:50:33.125Z,gpu-3uwoq-6g3ya-1,dcgm,gpu0,gpu_util,0
2026-09-30T06:50:33.125Z,gpu-3uwoq-6g3ya-1,dcgm,gpu1,gpu_util,0
2026-09-30T06:50:33.125Z,gpu-3uwoq-6g3ya-1,dcgm,gpu2,nvlink_bandwidth_total,0
2026-09-30T06:50:33.125Z,gpu-3uwoq-6g3ya-1,dcgm,gpu3,nvlink_bandwidth_total,0
2026-09-30T06:50:33.125Z,gpu-3uwoq-6g3ya-1,dcgm,gpu0,nvlink_bandwidth_total,0
2026-09-30T06:50:33.125Z,gpu-3uwoq-6g3ya-1,dcgm,gpu1,nvlink_bandwidth_total,0
2026-09-30T06:50:33.125Z,gpu-3uwoq-6g3ya-1,dcgm,gpu2,power_w,222.82
2026-09-30T06:50:33.125Z,gpu-3uwoq-6g3ya-1,dcgm,gpu3,power_w,227.185
2026-09-30T06:50:33.125Z,gpu-3uwoq-6g3ya-1,dcgm,gpu0,power_w,230.166
2026-09-30T06:50:33.125Z,gpu-3uwoq-6g3ya-1,dcgm,gpu1,power_w,227.791
2026-09-30T06:50:33.125Z,gpu-3uwoq-6g3ya-1,dcgm,gpu2,sm_clock_mhz,2070
2026-09-30T06:50:33.125Z,gpu-3uwoq-6g3ya-1,dcgm,gpu3,sm_clock_mhz,2070
2026-09-30T06:50:33.125Z,gpu-3uwoq-6g3ya-1,dcgm,gpu0,sm_clock_mhz,2070
2026-09-30T06:50:33.125Z,gpu-3uwoq-6g3ya-1,dcgm,gpu1,sm_clock_mhz,2070
2026-09-30T06:50:33.125Z,gpu-3uwoq-6g3ya-1,dcgm,gpu2,dram_active,0
2026-09-30T06:50:33.125Z,gpu-3uwoq-6g3ya-1,dcgm,gpu3,dram_active,0
2026-09-30T06:50:33.125Z,gpu-3uwoq-6g3ya-1,dcgm,gpu0,dram_active,0
2026-09-30T06:50:33.125Z,gpu-3uwoq-6g3ya-1,dcgm,gpu1,dram_active,1e-06
2026-09-30T06:50:33.125Z,gpu-3uwoq-6g3ya-1,dcgm,gpu2,pcie_rx_bytes,177550
2026-09-30T06:50:33.125Z,gpu-3uwoq-6g3ya-1,dcgm,gpu3,pcie_rx_bytes,102208
2026-09-30T06:50:33.125Z,gpu-3uwoq-6g3ya-1,dcgm,gpu0,pcie_rx_bytes,204835
2026-09-30T06:50:33.125Z,gpu-3uwoq-6g3ya-1,dcgm,gpu1,pcie_rx_bytes,290645
2026-09-30T06:50:33.125Z,gpu-3uwoq-6g3ya-1,dcgm,gpu2,pcie_tx_bytes,167626
2026-09-30T06:50:33.125Z,gpu-3uwoq-6g3ya-1,dcgm,gpu3,pcie_tx_bytes,93582
2026-09-30T06:50:33.125Z,gpu-3uwoq-6g3ya-1,dcgm,gpu0,pcie_tx_bytes,195403
2026-09-30T06:50:33.125Z,gpu-3uwoq-6g3ya-1,dcgm,gpu1,pcie_tx_bytes,268431
2026-09-30T06:50:33.125Z,gpu-3uwoq-6g3ya-1,dcgm,gpu2,tensor_active,0
2026-09-30T06:50:33.125Z,gpu-3uwoq-6g3ya-1,dcgm,gpu3,tensor_active,0
2026-09-30T06:50:33.125Z,gpu-3uwoq-6g3ya-1,dcgm,gpu0,tensor_active,0
2026-09-30T06:50:33.125Z,gpu-3uwoq-6g3ya-1,dcgm,gpu1,tensor_active,0
2026-09-30T06:50:33.125Z,gpu-3uwoq-6g3ya-1,dcgm,gpu2,sm_active,0
2026-09-30T06:50:33.125Z,gpu-3uwoq-6g3ya-1,dcgm,gpu3,sm_active,0
2026-09-30T06:50:33.125Z,gpu-3uwoq-6g3ya-1,dcgm,gpu0,sm_active,0
2026-09-30T06:50:33.125Z,gpu-3uwoq-6g3ya-1,dcgm,gpu1,sm_active,0
2026-09-30T06:50:33.125Z,gpu-3uwoq-6g3ya-1,nvlink,gpu0,nvlink_rx_bytes,1.03783e+13
2026-09-30T06:50:33.125Z,gpu-3uwoq-6g3ya-1,nvlink,gpu0,nvlink_tx_bytes,1.03828e+13
2026-09-30T06:50:33.125Z,gpu-3uwoq-6g3ya-1,nvlink,gpu1,nvlink_rx_bytes,1.05327e+13
2026-09-30T06:50:33.125Z,gpu-3uwoq-6g3ya-1,nvlink,gpu1,nvlink_tx_bytes,1.05357e+13
2026-09-30T06:50:33.125Z,gpu-3uwoq-6g3ya-1,nvlink,gpu2,nvlink_rx_bytes,1.04008e+13
2026-09-30T06:50:33.125Z,gpu-3uwoq-6g3ya-1,nvlink,gpu2,nvlink_tx_bytes,1.04047e+13
2026-09-30T06:50:33.125Z,gpu-3uwoq-6g3ya-1,nvlink,gpu3,nvlink_rx_bytes,1.03502e+13
2026-09-30T06:50:33.125Z,gpu-3uwoq-6g3ya-1,nvlink,gpu3,nvlink_tx_bytes,1.03535e+13
2026-09-30T06:50:34.125Z,gpu-3uwoq-6g3ya-1,ib_counter,rdma_vf_rail0,port_xmit_data,4.09467e+12
2026-09-30T06:50:34.125Z,gpu-3uwoq-6g3ya-1,ib_counter,rdma_vf_rail0,port_rcv_data,2.12735e+12
2026-09-30T06:50:34.125Z,gpu-3uwoq-6g3ya-1,ib_counter,rdma_vf_rail0,port_xmit_packets,1.10701e+09
2026-09-30T06:50:34.125Z,gpu-3uwoq-6g3ya-1,ib_counter,rdma_vf_rail0,port_rcv_packets,7.43096e+08
2026-09-30T06:50:34.125Z,gpu-3uwoq-6g3ya-1,ib_counter,rdma_vf_rail0,port_xmit_wait,0
2026-09-30T06:50:34.125Z,gpu-3uwoq-6g3ya-1,ib_counter,rdma_vf_rail0,port_rcv_errors,0
2026-09-30T06:50:34.125Z,gpu-3uwoq-6g3ya-1,ib_counter,rdma_vf_rail0,port_xmit_discards,0
2026-09-30T06:50:34.125Z,gpu-3uwoq-6g3ya-1,ib_counter,rdma_vf_rail0,link_downed,0
2026-09-30T06:50:34.125Z,gpu-3uwoq-6g3ya-1,ib_hw_counter,rdma_vf_rail0,out_of_sequence,0
2026-09-30T06:50:34.125Z,gpu-3uwoq-6g3ya-1,ib_hw_counter,rdma_vf_rail0,packet_seq_err,8
2026-09-30T06:50:34.125Z,gpu-3uwoq-6g3ya-1,ib_hw_counter,rdma_vf_rail0,local_ack_timeout_err,0
2026-09-30T06:50:34.125Z,gpu-3uwoq-6g3ya-1,ib_hw_counter,rdma_vf_rail0,rx_write_requests,4.45342e+08
2026-09-30T06:50:34.125Z,gpu-3uwoq-6g3ya-1,ib_hw_counter,rdma_vf_rail0,rx_read_requests,9.15014e+06
2026-09-30T06:50:34.125Z,gpu-3uwoq-6g3ya-1,ib_hw_counter,rdma_vf_rail0,req_cqe_error,0
2026-09-30T06:50:34.125Z,gpu-3uwoq-6g3ya-1,ib_hw_counter,rdma_vf_rail0,resp_cqe_error,0
2026-09-30T06:50:34.125Z,gpu-3uwoq-6g3ya-1,ib_hw_counter,rdma_vf_rail0,implied_nak_seq_err,0
2026-09-30T06:50:34.125Z,gpu-3uwoq-6g3ya-1,ib_hw_counter,rdma_vf_rail0,duplicate_request,0
2026-09-30T06:50:34.125Z,gpu-3uwoq-6g3ya-1,ib_counter,rdma_vf_rail1,port_xmit_data,3.98713e+12
2026-09-30T06:50:34.125Z,gpu-3uwoq-6g3ya-1,ib_counter,rdma_vf_rail1,port_rcv_data,2.01923e+12
2026-09-30T06:50:34.125Z,gpu-3uwoq-6g3ya-1,ib_counter,rdma_vf_rail1,port_xmit_packets,1.08083e+09
2026-09-30T06:50:34.125Z,gpu-3uwoq-6g3ya-1,ib_counter,rdma_vf_rail1,port_rcv_packets,7.12022e+08
2026-09-30T06:50:34.125Z,gpu-3uwoq-6g3ya-1,ib_counter,rdma_vf_rail1,port_xmit_wait,0
2026-09-30T06:50:34.125Z,gpu-3uwoq-6g3ya-1,ib_counter,rdma_vf_rail1,port_rcv_errors,0
2026-09-30T06:50:34.125Z,gpu-3uwoq-6g3ya-1,ib_counter,rdma_vf_rail1,port_xmit_discards,0
2026-09-30T06:50:34.125Z,gpu-3uwoq-6g3ya-1,ib_counter,rdma_vf_rail1,link_downed,0
2026-09-30T06:50:34.125Z,gpu-3uwoq-6g3ya-1,ib_hw_counter,rdma_vf_rail1,out_of_sequence,0
2026-09-30T06:50:34.125Z,gpu-3uwoq-6g3ya-1,ib_hw_counter,rdma_vf_rail1,packet_seq_err,8
2026-09-30T06:50:34.125Z,gpu-3uwoq-6g3ya-1,ib_hw_counter,rdma_vf_rail1,local_ack_timeout_err,0
2026-09-30T06:50:34.125Z,gpu-3uwoq-6g3ya-1,ib_hw_counter,rdma_vf_rail1,rx_write_requests,4.43745e+08
2026-09-30T06:50:34.125Z,gpu-3uwoq-6g3ya-1,ib_hw_counter,rdma_vf_rail1,rx_read_requests,8.34912e+06
2026-09-30T06:50:34.125Z,gpu-3uwoq-6g3ya-1,ib_hw_counter,rdma_vf_rail1,req_cqe_error,0
2026-09-30T06:50:34.125Z,gpu-3uwoq-6g3ya-1,ib_hw_counter,rdma_vf_rail1,resp_cqe_error,0
2026-09-30T06:50:34.125Z,gpu-3uwoq-6g3ya-1,ib_hw_counter,rdma_vf_rail1,implied_nak_seq_err,0
2026-09-30T06:50:34.125Z,gpu-3uwoq-6g3ya-1,ib_hw_counter,rdma_vf_rail1,duplicate_request,0
2026-09-30T06:50:34.125Z,gpu-3uwoq-6g3ya-1,ib_counter,rdma_vf_rail2,port_xmit_data,3.95963e+12
2026-09-30T06:50:34.125Z,gpu-3uwoq-6g3ya-1,ib_counter,rdma_vf_rail2,port_rcv_data,1.99145e+12
2026-09-30T06:50:34.125Z,gpu-3uwoq-6g3ya-1,ib_counter,rdma_vf_rail2,port_xmit_packets,1.06629e+09
2026-09-30T06:50:34.125Z,gpu-3uwoq-6g3ya-1,ib_counter,rdma_vf_rail2,port_rcv_packets,6.9299e+08
2026-09-30T06:50:34.125Z,gpu-3uwoq-6g3ya-1,ib_counter,rdma_vf_rail2,port_xmit_wait,0
2026-09-30T06:50:34.125Z,gpu-3uwoq-6g3ya-1,ib_counter,rdma_vf_rail2,port_rcv_errors,0
2026-09-30T06:50:34.125Z,gpu-3uwoq-6g3ya-1,ib_counter,rdma_vf_rail2,port_xmit_discards,0
2026-09-30T06:50:34.125Z,gpu-3uwoq-6g3ya-1,ib_counter,rdma_vf_rail2,link_downed,0
2026-09-30T06:50:34.125Z,gpu-3uwoq-6g3ya-1,ib_hw_counter,rdma_vf_rail2,out_of_sequence,0
2026-09-30T06:50:34.125Z,gpu-3uwoq-6g3ya-1,ib_hw_counter,rdma_vf_rail2,packet_seq_err,7
2026-09-30T06:50:34.125Z,gpu-3uwoq-6g3ya-1,ib_hw_counter,rdma_vf_rail2,local_ack_timeout_err,0
2026-09-30T06:50:34.125Z,gpu-3uwoq-6g3ya-1,ib_hw_counter,rdma_vf_rail2,rx_write_requests,4.43316e+08
2026-09-30T06:50:34.125Z,gpu-3uwoq-6g3ya-1,ib_hw_counter,rdma_vf_rail2,rx_read_requests,8.14149e+06
2026-09-30T06:50:34.125Z,gpu-3uwoq-6g3ya-1,ib_hw_counter,rdma_vf_rail2,req_cqe_error,0
2026-09-30T06:50:34.125Z,gpu-3uwoq-6g3ya-1,ib_hw_counter,rdma_vf_rail2,resp_cqe_error,0
2026-09-30T06:50:34.125Z,gpu-3uwoq-6g3ya-1,ib_hw_counter,rdma_vf_rail2,implied_nak_seq_err,0
2026-09-30T06:50:34.125Z,gpu-3uwoq-6g3ya-1,ib_hw_counter,rdma_vf_rail2,duplicate_request,0
2026-09-30T06:50:34.125Z,gpu-3uwoq-6g3ya-1,ib_counter,rdma_vf_rail3,port_xmit_data,3.95988e+12
2026-09-30T06:50:34.125Z,gpu-3uwoq-6g3ya-1,ib_counter,rdma_vf_rail3,port_rcv_data,1.99122e+12
2026-09-30T06:50:34.125Z,gpu-3uwoq-6g3ya-1,ib_counter,rdma_vf_rail3,port_xmit_packets,1.06706e+09
2026-09-30T06:50:34.125Z,gpu-3uwoq-6g3ya-1,ib_counter,rdma_vf_rail3,port_rcv_packets,6.89807e+08
2026-09-30T06:50:34.125Z,gpu-3uwoq-6g3ya-1,ib_counter,rdma_vf_rail3,port_xmit_wait,0
2026-09-30T06:50:34.125Z,gpu-3uwoq-6g3ya-1,ib_counter,rdma_vf_rail3,port_rcv_errors,0
2026-09-30T06:50:34.125Z,gpu-3uwoq-6g3ya-1,ib_counter,rdma_vf_rail3,port_xmit_discards,0
2026-09-30T06:50:34.125Z,gpu-3uwoq-6g3ya-1,ib_counter,rdma_vf_rail3,link_downed,0
2026-09-30T06:50:34.125Z,gpu-3uwoq-6g3ya-1,ib_hw_counter,rdma_vf_rail3,out_of_sequence,1
2026-09-30T06:50:34.125Z,gpu-3uwoq-6g3ya-1,ib_hw_counter,rdma_vf_rail3,packet_seq_err,7
2026-09-30T06:50:34.125Z,gpu-3uwoq-6g3ya-1,ib_hw_counter,rdma_vf_rail3,local_ack_timeout_err,0
2026-09-30T06:50:34.125Z,gpu-3uwoq-6g3ya-1,ib_hw_counter,rdma_vf_rail3,rx_write_requests,4.43316e+08
2026-09-30T06:50:34.125Z,gpu-3uwoq-6g3ya-1,ib_hw_counter,rdma_vf_rail3,rx_read_requests,8.1415e+06
2026-09-30T06:50:34.125Z,gpu-3uwoq-6g3ya-1,ib_hw_counter,rdma_vf_rail3,req_cqe_error,0
2026-09-30T06:50:34.125Z,gpu-3uwoq-6g3ya-1,ib_hw_counter,rdma_vf_rail3,resp_cqe_error,0
2026-09-30T06:50:34.125Z,gpu-3uwoq-6g3ya-1,ib_hw_counter,rdma_vf_rail3,implied_nak_seq_err,0
2026-09-30T06:50:34.125Z,gpu-3uwoq-6g3ya-1,ib_hw_counter,rdma_vf_rail3,duplicate_request,0
2026-09-30T06:50:34.125Z,gpu-3uwoq-6g3ya-1,dcgm,gpu2,gpu_util,0
2026-09-30T06:50:34.125Z,gpu-3uwoq-6g3ya-1,dcgm,gpu3,gpu_util,0
2026-09-30T06:50:34.125Z,gpu-3uwoq-6g3ya-1,dcgm,gpu0,gpu_util,0
2026-09-30T06:50:34.125Z,gpu-3uwoq-6g3ya-1,dcgm,gpu1,gpu_util,0
2026-09-30T06:50:34.125Z,gpu-3uwoq-6g3ya-1,dcgm,gpu2,nvlink_bandwidth_total,0
2026-09-30T06:50:34.125Z,gpu-3uwoq-6g3ya-1,dcgm,gpu3,nvlink_bandwidth_total,0
2026-09-30T06:50:34.125Z,gpu-3uwoq-6g3ya-1,dcgm,gpu0,nvlink_bandwidth_total,0
2026-09-30T06:50:34.125Z,gpu-3uwoq-6g3ya-1,dcgm,gpu1,nvlink_bandwidth_total,0
2026-09-30T06:50:34.125Z,gpu-3uwoq-6g3ya-1,dcgm,gpu2,power_w,222.82
2026-09-30T06:50:34.125Z,gpu-3uwoq-6g3ya-1,dcgm,gpu3,power_w,227.185
2026-09-30T06:50:34.125Z,gpu-3uwoq-6g3ya-1,dcgm,gpu0,power_w,230.166
2026-09-30T06:50:34.125Z,gpu-3uwoq-6g3ya-1,dcgm,gpu1,power_w,227.791
2026-09-30T06:50:34.125Z,gpu-3uwoq-6g3ya-1,dcgm,gpu2,sm_clock_mhz,2070
2026-09-30T06:50:34.125Z,gpu-3uwoq-6g3ya-1,dcgm,gpu3,sm_clock_mhz,2070
2026-09-30T06:50:34.125Z,gpu-3uwoq-6g3ya-1,dcgm,gpu0,sm_clock_mhz,2070
2026-09-30T06:50:34.125Z,gpu-3uwoq-6g3ya-1,dcgm,gpu1,sm_clock_mhz,2070
2026-09-30T06:50:34.125Z,gpu-3uwoq-6g3ya-1,dcgm,gpu2,dram_active,0
2026-09-30T06:50:34.125Z,gpu-3uwoq-6g3ya-1,dcgm,gpu3,dram_active,0
2026-09-30T06:50:34.125Z,gpu-3uwoq-6g3ya-1,dcgm,gpu0,dram_active,0
2026-09-30T06:50:34.125Z,gpu-3uwoq-6g3ya-1,dcgm,gpu1,dram_active,1e-06
2026-09-30T06:50:34.125Z,gpu-3uwoq-6g3ya-1,dcgm,gpu2,pcie_rx_bytes,177550
2026-09-30T06:50:34.125Z,gpu-3uwoq-6g3ya-1,dcgm,gpu3,pcie_rx_bytes,102208
2026-09-30T06:50:34.125Z,gpu-3uwoq-6g3ya-1,dcgm,gpu0,pcie_rx_bytes,204835
2026-09-30T06:50:34.125Z,gpu-3uwoq-6g3ya-1,dcgm,gpu1,pcie_rx_bytes,290645
2026-09-30T06:50:34.125Z,gpu-3uwoq-6g3ya-1,dcgm,gpu2,pcie_tx_bytes,167626
2026-09-30T06:50:34.125Z,gpu-3uwoq-6g3ya-1,dcgm,gpu3,pcie_tx_bytes,93582
2026-09-30T06:50:34.125Z,gpu-3uwoq-6g3ya-1,dcgm,gpu0,pcie_tx_bytes,195403
2026-09-30T06:50:34.125Z,gpu-3uwoq-6g3ya-1,dcgm,gpu1,pcie_tx_bytes,268431
2026-09-30T06:50:34.125Z,gpu-3uwoq-6g3ya-1,dcgm,gpu2,tensor_active,0
2026-09-30T06:50:34.125Z,gpu-3uwoq-6g3ya-1,dcgm,gpu3,tensor_active,0
2026-09-30T06:50:34.125Z,gpu-3uwoq-6g3ya-1,dcgm,gpu0,tensor_active,0
2026-09-30T06:50:34.125Z,gpu-3uwoq-6g3ya-1,dcgm,gpu1,tensor_active,0
2026-09-30T06:50:34.125Z,gpu-3uwoq-6g3ya-1,dcgm,gpu2,sm_active,0
2026-09-30T06:50:34.125Z,gpu-3uwoq-6g3ya-1,dcgm,gpu3,sm_active,0
2026-09-30T06:50:34.125Z,gpu-3uwoq-6g3ya-1,dcgm,gpu0,sm_active,0
2026-09-30T06:50:34.125Z,gpu-3uwoq-6g3ya-1,dcgm,gpu1,sm_active,0
2026-09-30T06:50:34.125Z,gpu-3uwoq-6g3ya-1,nvlink,gpu0,nvlink_rx_bytes,1.03783e+13
2026-09-30T06:50:34.125Z,gpu-3uwoq-6g3ya-1,nvlink,gpu0,nvlink_tx_bytes,1.03828e+13
2026-09-30T06:50:34.125Z,gpu-3uwoq-6g3ya-1,nvlink,gpu1,nvlink_rx_bytes,1.05327e+13
2026-09-30T06:50:34.125Z,gpu-3uwoq-6g3ya-1,nvlink,gpu1,nvlink_tx_bytes,1.05357e+13
2026-09-30T06:50:34.125Z,gpu-3uwoq-6g3ya-1,nvlink,gpu2,nvlink_rx_bytes,1.04008e+13
2026-09-30T06:50:34.125Z,gpu-3uwoq-6g3ya-1,nvlink,gpu2,nvlink_tx_bytes,1.04047e+13
2026-09-30T06:50:34.125Z,gpu-3uwoq-6g3ya-1,nvlink,gpu3,nvlink_rx_bytes,1.03502e+13
2026-09-30T06:50:34.125Z,gpu-3uwoq-6g3ya-1,nvlink,gpu3,nvlink_tx_bytes,1.03535e+13
2026-09-30T06:50:35.125Z,gpu-3uwoq-6g3ya-1,ib_counter,rdma_vf_rail0,port_xmit_data,4.09467e+12
2026-09-30T06:50:35.125Z,gpu-3uwoq-6g3ya-1,ib_counter,rdma_vf_rail0,port_rcv_data,2.12735e+12
2026-09-30T06:50:35.125Z,gpu-3uwoq-6g3ya-1,ib_counter,rdma_vf_rail0,port_xmit_packets,1.10701e+09
2026-09-30T06:50:35.125Z,gpu-3uwoq-6g3ya-1,ib_counter,rdma_vf_rail0,port_rcv_packets,7.43096e+08
2026-09-30T06:50:35.125Z,gpu-3uwoq-6g3ya-1,ib_counter,rdma_vf_rail0,port_xmit_wait,0
2026-09-30T06:50:35.125Z,gpu-3uwoq-6g3ya-1,ib_counter,rdma_vf_rail0,port_rcv_errors,0
2026-09-30T06:50:35.125Z,gpu-3uwoq-6g3ya-1,ib_counter,rdma_vf_rail0,port_xmit_discards,0
2026-09-30T06:50:35.125Z,gpu-3uwoq-6g3ya-1,ib_counter,rdma_vf_rail0,link_downed,0
2026-09-30T06:50:35.125Z,gpu-3uwoq-6g3ya-1,ib_hw_counter,rdma_vf_rail0,out_of_sequence,0
2026-09-30T06:50:35.125Z,gpu-3uwoq-6g3ya-1,ib_hw_counter,rdma_vf_rail0,packet_seq_err,8
2026-09-30T06:50:35.125Z,gpu-3uwoq-6g3ya-1,ib_hw_counter,rdma_vf_rail0,local_ack_timeout_err,0
2026-09-30T06:50:35.125Z,gpu-3uwoq-6g3ya-1,ib_hw_counter,rdma_vf_rail0,rx_write_requests,4.45342e+08
2026-09-30T06:50:35.125Z,gpu-3uwoq-6g3ya-1,ib_hw_counter,rdma_vf_rail0,rx_read_requests,9.15014e+06
2026-09-30T06:50:35.125Z,gpu-3uwoq-6g3ya-1,ib_hw_counter,rdma_vf_rail0,req_cqe_error,0
2026-09-30T06:50:35.125Z,gpu-3uwoq-6g3ya-1,ib_hw_counter,rdma_vf_rail0,resp_cqe_error,0
2026-09-30T06:50:35.125Z,gpu-3uwoq-6g3ya-1,ib_hw_counter,rdma_vf_rail0,implied_nak_seq_err,0
2026-09-30T06:50:35.125Z,gpu-3uwoq-6g3ya-1,ib_hw_counter,rdma_vf_rail0,duplicate_request,0
2026-09-30T06:50:35.125Z,gpu-3uwoq-6g3ya-1,ib_counter,rdma_vf_rail1,port_xmit_data,3.98713e+12
2026-09-30T06:50:35.125Z,gpu-3uwoq-6g3ya-1,ib_counter,rdma_vf_rail1,port_rcv_data,2.01923e+12
2026-09-30T06:50:35.125Z,gpu-3uwoq-6g3ya-1,ib_counter,rdma_vf_rail1,port_xmit_packets,1.08083e+09
2026-09-30T06:50:35.125Z,gpu-3uwoq-6g3ya-1,ib_counter,rdma_vf_rail1,port_rcv_packets,7.12022e+08
2026-09-30T06:50:35.125Z,gpu-3uwoq-6g3ya-1,ib_counter,rdma_vf_rail1,port_xmit_wait,0
2026-09-30T06:50:35.125Z,gpu-3uwoq-6g3ya-1,ib_counter,rdma_vf_rail1,port_rcv_errors,0
2026-09-30T06:50:35.125Z,gpu-3uwoq-6g3ya-1,ib_counter,rdma_vf_rail1,port_xmit_discards,0
2026-09-30T06:50:35.125Z,gpu-3uwoq-6g3ya-1,ib_counter,rdma_vf_rail1,link_downed,0
2026-09-30T06:50:35.125Z,gpu-3uwoq-6g3ya-1,ib_hw_counter,rdma_vf_rail1,out_of_sequence,0
2026-09-30T06:50:35.125Z,gpu-3uwoq-6g3ya-1,ib_hw_counter,rdma_vf_rail1,packet_seq_err,8
2026-09-30T06:50:35.125Z,gpu-3uwoq-6g3ya-1,ib_hw_counter,rdma_vf_rail1,local_ack_timeout_err,0
2026-09-30T06:50:35.125Z,gpu-3uwoq-6g3ya-1,ib_hw_counter,rdma_vf_rail1,rx_write_requests,4.43745e+08
2026-09-30T06:50:35.125Z,gpu-3uwoq-6g3ya-1,ib_hw_counter,rdma_vf_rail1,rx_read_requests,8.34912e+06
2026-09-30T06:50:35.125Z,gpu-3uwoq-6g3ya-1,ib_hw_counter,rdma_vf_rail1,req_cqe_error,0
2026-09-30T06:50:35.125Z,gpu-3uwoq-6g3ya-1,ib_hw_counter,rdma_vf_rail1,resp_cqe_error,0
2026-09-30T06:50:35.125Z,gpu-3uwoq-6g3ya-1,ib_hw_counter,rdma_vf_rail1,implied_nak_seq_err,0
2026-09-30T06:50:35.125Z,gpu-3uwoq-6g3ya-1,ib_hw_counter,rdma_vf_rail1,duplicate_request,0
2026-09-30T06:50:35.125Z,gpu-3uwoq-6g3ya-1,ib_counter,rdma_vf_rail2,port_xmit_data,3.95963e+12
2026-09-30T06:50:35.125Z,gpu-3uwoq-6g3ya-1,ib_counter,rdma_vf_rail2,port_rcv_data,1.99145e+12
2026-09-30T06:50:35.125Z,gpu-3uwoq-6g3ya-1,ib_counter,rdma_vf_rail2,port_xmit_packets,1.06629e+09
2026-09-30T06:50:35.125Z,gpu-3uwoq-6g3ya-1,ib_counter,rdma_vf_rail2,port_rcv_packets,6.9299e+08
2026-09-30T06:50:35.125Z,gpu-3uwoq-6g3ya-1,ib_counter,rdma_vf_rail2,port_xmit_wait,0
2026-09-30T06:50:35.125Z,gpu-3uwoq-6g3ya-1,ib_counter,rdma_vf_rail2,port_rcv_errors,0
2026-09-30T06:50:35.125Z,gpu-3uwoq-6g3ya-1,ib_counter,rdma_vf_rail2,port_xmit_discards,0
2026-09-30T06:50:35.125Z,gpu-3uwoq-6g3ya-1,ib_counter,rdma_vf_rail2,link_downed,0
2026-09-30T06:50:35.125Z,gpu-3uwoq-6g3ya-1,ib_hw_counter,rdma_vf_rail2,out_of_sequence,0
2026-09-30T06:50:35.125Z,gpu-3uwoq-6g3ya-1,ib_hw_counter,rdma_vf_rail2,packet_seq_err,7
2026-09-30T06:50:35.125Z,gpu-3uwoq-6g3ya-1,ib_hw_counter,rdma_vf_rail2,local_ack_timeout_err,0
2026-09-30T06:50:35.125Z,gpu-3uwoq-6g3ya-1,ib_hw_counter,rdma_vf_rail2,rx_write_requests,4.43316e+08
2026-09-30T06:50:35.125Z,gpu-3uwoq-6g3ya-1,ib_hw_counter,rdma_vf_rail2,rx_read_requests,8.14149e+06
2026-09-30T06:50:35.125Z,gpu-3uwoq-6g3ya-1,ib_hw_counter,rdma_vf_rail2,req_cqe_error,0
2026-09-30T06:50:35.125Z,gpu-3uwoq-6g3ya-1,ib_hw_counter,rdma_vf_rail2,resp_cqe_error,0
2026-09-30T06:50:35.125Z,gpu-3uwoq-6g3ya-1,ib_hw_counter,rdma_vf_rail2,implied_nak_seq_err,0
2026-09-30T06:50:35.125Z,gpu-3uwoq-6g3ya-1,ib_hw_counter,rdma_vf_rail2,duplicate_request,0
2026-09-30T06:50:35.125Z,gpu-3uwoq-6g3ya-1,ib_counter,rdma_vf_rail3,port_xmit_data,3.95988e+12
2026-09-30T06:50:35.125Z,gpu-3uwoq-6g3ya-1,ib_counter,rdma_vf_rail3,port_rcv_data,1.99122e+12
2026-09-30T06:50:35.125Z,gpu-3uwoq-6g3ya-1,ib_counter,rdma_vf_rail3,port_xmit_packets,1.06706e+09
2026-09-30T06:50:35.125Z,gpu-3uwoq-6g3ya-1,ib_counter,rdma_vf_rail3,port_rcv_packets,6.89807e+08
2026-09-30T06:50:35.125Z,gpu-3uwoq-6g3ya-1,ib_counter,rdma_vf_rail3,port_xmit_wait,0
2026-09-30T06:50:35.125Z,gpu-3uwoq-6g3ya-1,ib_counter,rdma_vf_rail3,port_rcv_errors,0
2026-09-30T06:50:35.125Z,gpu-3uwoq-6g3ya-1,ib_counter,rdma_vf_rail3,port_xmit_discards,0
2026-09-30T06:50:35.125Z,gpu-3uwoq-6g3ya-1,ib_counter,rdma_vf_rail3,link_downed,0
2026-09-30T06:50:35.125Z,gpu-3uwoq-6g3ya-1,ib_hw_counter,rdma_vf_rail3,out_of_sequence,1
2026-09-30T06:50:35.125Z,gpu-3uwoq-6g3ya-1,ib_hw_counter,rdma_vf_rail3,packet_seq_err,7
2026-09-30T06:50:35.125Z,gpu-3uwoq-6g3ya-1,ib_hw_counter,rdma_vf_rail3,local_ack_timeout_err,0
2026-09-30T06:50:35.125Z,gpu-3uwoq-6g3ya-1,ib_hw_counter,rdma_vf_rail3,rx_write_requests,4.43316e+08
2026-09-30T06:50:35.125Z,gpu-3uwoq-6g3ya-1,ib_hw_counter,rdma_vf_rail3,rx_read_requests,8.1415e+06
2026-09-30T06:50:35.125Z,gpu-3uwoq-6g3ya-1,ib_hw_counter,rdma_vf_rail3,req_cqe_error,0
2026-09-30T06:50:35.125Z,gpu-3uwoq-6g3ya-1,ib_hw_counter,rdma_vf_rail3,resp_cqe_error,0
2026-09-30T06:50:35.125Z,gpu-3uwoq-6g3ya-1,ib_hw_counter,rdma_vf_rail3,implied_nak_seq_err,0
2026-09-30T06:50:35.125Z,gpu-3uwoq-6g3ya-1,ib_hw_counter,rdma_vf_rail3,duplicate_request,0
2026-09-30T06:50:35.125Z,gpu-3uwoq-6g3ya-1,dcgm,gpu2,gpu_util,0
2026-09-30T06:50:35.125Z,gpu-3uwoq-6g3ya-1,dcgm,gpu3,gpu_util,0
2026-09-30T06:50:35.125Z,gpu-3uwoq-6g3ya-1,dcgm,gpu0,gpu_util,0
2026-09-30T06:50:35.125Z,gpu-3uwoq-6g3ya-1,dcgm,gpu1,gpu_util,0
2026-09-30T06:50:35.125Z,gpu-3uwoq-6g3ya-1,dcgm,gpu2,nvlink_bandwidth_total,0
2026-09-30T06:50:35.125Z,gpu-3uwoq-6g3ya-1,dcgm,gpu3,nvlink_bandwidth_total,0
2026-09-30T06:50:35.125Z,gpu-3uwoq-6g3ya-1,dcgm,gpu0,nvlink_bandwidth_total,0
2026-09-30T06:50:35.125Z,gpu-3uwoq-6g3ya-1,dcgm,gpu1,nvlink_bandwidth_total,0
2026-09-30T06:50:35.125Z,gpu-3uwoq-6g3ya-1,dcgm,gpu2,power_w,222.82
2026-09-30T06:50:35.125Z,gpu-3uwoq-6g3ya-1,dcgm,gpu3,power_w,227.185
2026-09-30T06:50:35.125Z,gpu-3uwoq-6g3ya-1,dcgm,gpu0,power_w,230.166
2026-09-30T06:50:35.125Z,gpu-3uwoq-6g3ya-1,dcgm,gpu1,power_w,227.791
2026-09-30T06:50:35.125Z,gpu-3uwoq-6g3ya-1,dcgm,gpu2,sm_clock_mhz,2070
2026-09-30T06:50:35.125Z,gpu-3uwoq-6g3ya-1,dcgm,gpu3,sm_clock_mhz,2070
2026-09-30T06:50:35.125Z,gpu-3uwoq-6g3ya-1,dcgm,gpu0,sm_clock_mhz,2070
2026-09-30T06:50:35.125Z,gpu-3uwoq-6g3ya-1,dcgm,gpu1,sm_clock_mhz,2070
2026-09-30T06:50:35.125Z,gpu-3uwoq-6g3ya-1,dcgm,gpu2,dram_active,0
2026-09-30T06:50:35.125Z,gpu-3uwoq-6g3ya-1,dcgm,gpu3,dram_active,0
2026-09-30T06:50:35.125Z,gpu-3uwoq-6g3ya-1,dcgm,gpu0,dram_active,0
2026-09-30T06:50:35.125Z,gpu-3uwoq-6g3ya-1,dcgm,gpu1,dram_active,1e-06
2026-09-30T06:50:35.125Z,gpu-3uwoq-6g3ya-1,dcgm,gpu2,pcie_rx_bytes,177550
2026-09-30T06:50:35.125Z,gpu-3uwoq-6g3ya-1,dcgm,gpu3,pcie_rx_bytes,102208
2026-09-30T06:50:35.125Z,gpu-3uwoq-6g3ya-1,dcgm,gpu0,pcie_rx_bytes,204835
2026-09-30T06:50:35.125Z,gpu-3uwoq-6g3ya-1,dcgm,gpu1,pcie_rx_bytes,290645
2026-09-30T06:50:35.125Z,gpu-3uwoq-6g3ya-1,dcgm,gpu2,pcie_tx_bytes,167626
2026-09-30T06:50:35.125Z,gpu-3uwoq-6g3ya-1,dcgm,gpu3,pcie_tx_bytes,93582
2026-09-30T06:50:35.125Z,gpu-3uwoq-6g3ya-1,dcgm,gpu0,pcie_tx_bytes,195403
2026-09-30T06:50:35.125Z,gpu-3uwoq-6g3ya-1,dcgm,gpu1,pcie_tx_bytes,268431
2026-09-30T06:50:35.125Z,gpu-3uwoq-6g3ya-1,dcgm,gpu2,tensor_active,0
2026-09-30T06:50:35.125Z,gpu-3uwoq-6g3ya-1,dcgm,gpu3,tensor_active,0
2026-09-30T06:50:35.125Z,gpu-3uwoq-6g3ya-1,dcgm,gpu0,tensor_active,0
2026-09-30T06:50:35.125Z,gpu-3uwoq-6g3ya-1,dcgm,gpu1,tensor_active,0
2026-09-30T06:50:35.125Z,gpu-3uwoq-6g3ya-1,dcgm,gpu2,sm_active,0
2026-09-30T06:50:35.125Z,gpu-3uwoq-6g3ya-1,dcgm,gpu3,sm_active,0
2026-09-30T06:50:35.125Z,gpu-3uwoq-6g3ya-1,dcgm,gpu0,sm_active,0
2026-09-30T06:50:35.125Z,gpu-3uwoq-6g3ya-1,dcgm,gpu1,sm_active,0
2026-09-30T06:50:35.125Z,gpu-3uwoq-6g3ya-1,nvlink,gpu0,nvlink_rx_bytes,1.03783e+13
2026-09-30T06:50:35.125Z,gpu-3uwoq-6g3ya-1,nvlink,gpu0,nvlink_tx_bytes,1.03828e+13
2026-09-30T06:50:35.125Z,gpu-3uwoq-6g3ya-1,nvlink,gpu1,nvlink_rx_bytes,1.05327e+13
2026-09-30T06:50:35.125Z,gpu-3uwoq-6g3ya-1,nvlink,gpu1,nvlink_tx_bytes,1.05357e+13
2026-09-30T06:50:35.125Z,gpu-3uwoq-6g3ya-1,nvlink,gpu2,nvlink_rx_bytes,1.04008e+13
2026-09-30T06:50:35.125Z,gpu-3uwoq-6g3ya-1,nvlink,gpu2,nvlink_tx_bytes,1.04047e+13
2026-09-30T06:50:35.125Z,gpu-3uwoq-6g3ya-1,nvlink,gpu3,nvlink_rx_bytes,1.03502e+13
2026-09-30T06:50:35.125Z,gpu-3uwoq-6g3ya-1,nvlink,gpu3,nvlink_tx_bytes,1.03535e+13
2026-09-30T06:50:36.125Z,gpu-3uwoq-6g3ya-1,ib_counter,rdma_vf_rail0,port_xmit_data,4.09467e+12
2026-09-30T06:50:36.125Z,gpu-3uwoq-6g3ya-1,ib_counter,rdma_vf_rail0,port_rcv_data,2.12735e+12
2026-09-30T06:50:36.125Z,gpu-3uwoq-6g3ya-1,ib_counter,rdma_vf_rail0,port_xmit_packets,1.10701e+09
2026-09-30T06:50:36.125Z,gpu-3uwoq-6g3ya-1,ib_counter,rdma_vf_rail0,port_rcv_packets,7.43096e+08
2026-09-30T06:50:36.125Z,gpu-3uwoq-6g3ya-1,ib_counter,rdma_vf_rail0,port_xmit_wait,0
2026-09-30T06:50:36.125Z,gpu-3uwoq-6g3ya-1,ib_counter,rdma_vf_rail0,port_rcv_errors,0
2026-09-30T06:50:36.125Z,gpu-3uwoq-6g3ya-1,ib_counter,rdma_vf_rail0,port_xmit_discards,0
2026-09-30T06:50:36.125Z,gpu-3uwoq-6g3ya-1,ib_counter,rdma_vf_rail0,link_downed,0
2026-09-30T06:50:36.125Z,gpu-3uwoq-6g3ya-1,ib_hw_counter,rdma_vf_rail0,out_of_sequence,0
2026-09-30T06:50:36.125Z,gpu-3uwoq-6g3ya-1,ib_hw_counter,rdma_vf_rail0,packet_seq_err,8
2026-09-30T06:50:36.125Z,gpu-3uwoq-6g3ya-1,ib_hw_counter,rdma_vf_rail0,local_ack_timeout_err,0
2026-09-30T06:50:36.125Z,gpu-3uwoq-6g3ya-1,ib_hw_counter,rdma_vf_rail0,rx_write_requests,4.45342e+08
2026-09-30T06:50:36.125Z,gpu-3uwoq-6g3ya-1,ib_hw_counter,rdma_vf_rail0,rx_read_requests,9.15014e+06
2026-09-30T06:50:36.125Z,gpu-3uwoq-6g3ya-1,ib_hw_counter,rdma_vf_rail0,req_cqe_error,0
2026-09-30T06:50:36.125Z,gpu-3uwoq-6g3ya-1,ib_hw_counter,rdma_vf_rail0,resp_cqe_error,0
2026-09-30T06:50:36.125Z,gpu-3uwoq-6g3ya-1,ib_hw_counter,rdma_vf_rail0,implied_nak_seq_err,0
2026-09-30T06:50:36.125Z,gpu-3uwoq-6g3ya-1,ib_hw_counter,rdma_vf_rail0,duplicate_request,0
2026-09-30T06:50:36.125Z,gpu-3uwoq-6g3ya-1,ib_counter,rdma_vf_rail1,port_xmit_data,3.98713e+12
2026-09-30T06:50:36.125Z,gpu-3uwoq-6g3ya-1,ib_counter,rdma_vf_rail1,port_rcv_data,2.01923e+12
2026-09-30T06:50:36.125Z,gpu-3uwoq-6g3ya-1,ib_counter,rdma_vf_rail1,port_xmit_packets,1.08083e+09
2026-09-30T06:50:36.125Z,gpu-3uwoq-6g3ya-1,ib_counter,rdma_vf_rail1,port_rcv_packets,7.12022e+08
2026-09-30T06:50:36.125Z,gpu-3uwoq-6g3ya-1,ib_counter,rdma_vf_rail1,port_xmit_wait,0
2026-09-30T06:50:36.125Z,gpu-3uwoq-6g3ya-1,ib_counter,rdma_vf_rail1,port_rcv_errors,0
2026-09-30T06:50:36.125Z,gpu-3uwoq-6g3ya-1,ib_counter,rdma_vf_rail1,port_xmit_discards,0
2026-09-30T06:50:36.125Z,gpu-3uwoq-6g3ya-1,ib_counter,rdma_vf_rail1,link_downed,0
2026-09-30T06:50:36.125Z,gpu-3uwoq-6g3ya-1,ib_hw_counter,rdma_vf_rail1,out_of_sequence,0
2026-09-30T06:50:36.125Z,gpu-3uwoq-6g3ya-1,ib_hw_counter,rdma_vf_rail1,packet_seq_err,8
2026-09-30T06:50:36.125Z,gpu-3uwoq-6g3ya-1,ib_hw_counter,rdma_vf_rail1,local_ack_timeout_err,0
2026-09-30T06:50:36.125Z,gpu-3uwoq-6g3ya-1,ib_hw_counter,rdma_vf_rail1,rx_write_requests,4.43745e+08
2026-09-30T06:50:36.125Z,gpu-3uwoq-6g3ya-1,ib_hw_counter,rdma_vf_rail1,rx_read_requests,8.34912e+06
2026-09-30T06:50:36.125Z,gpu-3uwoq-6g3ya-1,ib_hw_counter,rdma_vf_rail1,req_cqe_error,0
2026-09-30T06:50:36.125Z,gpu-3uwoq-6g3ya-1,ib_hw_counter,rdma_vf_rail1,resp_cqe_error,0
2026-09-30T06:50:36.125Z,gpu-3uwoq-6g3ya-1,ib_hw_counter,rdma_vf_rail1,implied_nak_seq_err,0
2026-09-30T06:50:36.125Z,gpu-3uwoq-6g3ya-1,ib_hw_counter,rdma_vf_rail1,duplicate_request,0
2026-09-30T06:50:36.125Z,gpu-3uwoq-6g3ya-1,ib_counter,rdma_vf_rail2,port_xmit_data,3.95963e+12
2026-09-30T06:50:36.125Z,gpu-3uwoq-6g3ya-1,ib_counter,rdma_vf_rail2,port_rcv_data,1.99145e+12
2026-09-30T06:50:36.125Z,gpu-3uwoq-6g3ya-1,ib_counter,rdma_vf_rail2,port_xmit_packets,1.06629e+09
2026-09-30T06:50:36.125Z,gpu-3uwoq-6g3ya-1,ib_counter,rdma_vf_rail2,port_rcv_packets,6.9299e+08
2026-09-30T06:50:36.125Z,gpu-3uwoq-6g3ya-1,ib_counter,rdma_vf_rail2,port_xmit_wait,0
2026-09-30T06:50:36.125Z,gpu-3uwoq-6g3ya-1,ib_counter,rdma_vf_rail2,port_rcv_errors,0
2026-09-30T06:50:36.125Z,gpu-3uwoq-6g3ya-1,ib_counter,rdma_vf_rail2,port_xmit_discards,0
2026-09-30T06:50:36.125Z,gpu-3uwoq-6g3ya-1,ib_counter,rdma_vf_rail2,link_downed,0
2026-09-30T06:50:36.125Z,gpu-3uwoq-6g3ya-1,ib_hw_counter,rdma_vf_rail2,out_of_sequence,0
2026-09-30T06:50:36.125Z,gpu-3uwoq-6g3ya-1,ib_hw_counter,rdma_vf_rail2,packet_seq_err,7
2026-09-30T06:50:36.125Z,gpu-3uwoq-6g3ya-1,ib_hw_counter,rdma_vf_rail2,local_ack_timeout_err,0
2026-09-30T06:50:36.125Z,gpu-3uwoq-6g3ya-1,ib_hw_counter,rdma_vf_rail2,rx_write_requests,4.43316e+08
2026-09-30T06:50:36.125Z,gpu-3uwoq-6g3ya-1,ib_hw_counter,rdma_vf_rail2,rx_read_requests,8.14149e+06
2026-09-30T06:50:36.125Z,gpu-3uwoq-6g3ya-1,ib_hw_counter,rdma_vf_rail2,req_cqe_error,0
2026-09-30T06:50:36.125Z,gpu-3uwoq-6g3ya-1,ib_hw_counter,rdma_vf_rail2,resp_cqe_error,0
2026-09-30T06:50:36.125Z,gpu-3uwoq-6g3ya-1,ib_hw_counter,rdma_vf_rail2,implied_nak_seq_err,0
2026-09-30T06:50:36.125Z,gpu-3uwoq-6g3ya-1,ib_hw_counter,rdma_vf_rail2,duplicate_request,0
2026-09-30T06:50:36.125Z,gpu-3uwoq-6g3ya-1,ib_counter,rdma_vf_rail3,port_xmit_data,3.95988e+12
2026-09-30T06:50:36.125Z,gpu-3uwoq-6g3ya-1,ib_counter,rdma_vf_rail3,port_rcv_data,1.99122e+12
2026-09-30T06:50:36.125Z,gpu-3uwoq-6g3ya-1,ib_counter,rdma_vf_rail3,port_xmit_packets,1.06706e+09
2026-09-30T06:50:36.125Z,gpu-3uwoq-6g3ya-1,ib_counter,rdma_vf_rail3,port_rcv_packets,6.89807e+08
2026-09-30T06:50:36.125Z,gpu-3uwoq-6g3ya-1,ib_counter,rdma_vf_rail3,port_xmit_wait,0
2026-09-30T06:50:36.125Z,gpu-3uwoq-6g3ya-1,ib_counter,rdma_vf_rail3,port_rcv_errors,0
2026-09-30T06:50:36.125Z,gpu-3uwoq-6g3ya-1,ib_counter,rdma_vf_rail3,port_xmit_discards,0
2026-09-30T06:50:36.125Z,gpu-3uwoq-6g3ya-1,ib_counter,rdma_vf_rail3,link_downed,0
2026-09-30T06:50:36.125Z,gpu-3uwoq-6g3ya-1,ib_hw_counter,rdma_vf_rail3,out_of_sequence,1
2026-09-30T06:50:36.125Z,gpu-3uwoq-6g3ya-1,ib_hw_counter,rdma_vf_rail3,packet_seq_err,7
2026-09-30T06:50:36.125Z,gpu-3uwoq-6g3ya-1,ib_hw_counter,rdma_vf_rail3,local_ack_timeout_err,0
2026-09-30T06:50:36.125Z,gpu-3uwoq-6g3ya-1,ib_hw_counter,rdma_vf_rail3,rx_write_requests,4.43316e+08
2026-09-30T06:50:36.125Z,gpu-3uwoq-6g3ya-1,ib_hw_counter,rdma_vf_rail3,rx_read_requests,8.1415e+06
2026-09-30T06:50:36.125Z,gpu-3uwoq-6g3ya-1,ib_hw_counter,rdma_vf_rail3,req_cqe_error,0
2026-09-30T06:50:36.125Z,gpu-3uwoq-6g3ya-1,ib_hw_counter,rdma_vf_rail3,resp_cqe_error,0
2026-09-30T06:50:36.125Z,gpu-3uwoq-6g3ya-1,ib_hw_counter,rdma_vf_rail3,implied_nak_seq_err,0
2026-09-30T06:50:36.125Z,gpu-3uwoq-6g3ya-1,ib_hw_counter,rdma_vf_rail3,duplicate_request,0
2026-09-30T06:50:36.125Z,gpu-3uwoq-6g3ya-1,dcgm,gpu2,gpu_util,0
2026-09-30T06:50:36.125Z,gpu-3uwoq-6g3ya-1,dcgm,gpu3,gpu_util,0
2026-09-30T06:50:36.125Z,gpu-3uwoq-6g3ya-1,dcgm,gpu0,gpu_util,0
2026-09-30T06:50:36.125Z,gpu-3uwoq-6g3ya-1,dcgm,gpu1,gpu_util,0
2026-09-30T06:50:36.125Z,gpu-3uwoq-6g3ya-1,dcgm,gpu2,nvlink_bandwidth_total,0
2026-09-30T06:50:36.125Z,gpu-3uwoq-6g3ya-1,dcgm,gpu3,nvlink_bandwidth_total,0
2026-09-30T06:50:36.125Z,gpu-3uwoq-6g3ya-1,dcgm,gpu0,nvlink_bandwidth_total,0
2026-09-30T06:50:36.125Z,gpu-3uwoq-6g3ya-1,dcgm,gpu1,nvlink_bandwidth_total,0
2026-09-30T06:50:36.125Z,gpu-3uwoq-6g3ya-1,dcgm,gpu2,power_w,222.82
2026-09-30T06:50:36.125Z,gpu-3uwoq-6g3ya-1,dcgm,gpu3,power_w,227.185
2026-09-30T06:50:36.125Z,gpu-3uwoq-6g3ya-1,dcgm,gpu0,power_w,230.166
2026-09-30T06:50:36.125Z,gpu-3uwoq-6g3ya-1,dcgm,gpu1,power_w,227.791
2026-09-30T06:50:36.125Z,gpu-3uwoq-6g3ya-1,dcgm,gpu2,sm_clock_mhz,2070
2026-09-30T06:50:36.125Z,gpu-3uwoq-6g3ya-1,dcgm,gpu3,sm_clock_mhz,2070
2026-09-30T06:50:36.125Z,gpu-3uwoq-6g3ya-1,dcgm,gpu0,sm_clock_mhz,2070
2026-09-30T06:50:36.125Z,gpu-3uwoq-6g3ya-1,dcgm,gpu1,sm_clock_mhz,2070
2026-09-30T06:50:36.125Z,gpu-3uwoq-6g3ya-1,dcgm,gpu2,dram_active,0
2026-09-30T06:50:36.125Z,gpu-3uwoq-6g3ya-1,dcgm,gpu3,dram_active,0
2026-09-30T06:50:36.125Z,gpu-3uwoq-6g3ya-1,dcgm,gpu0,dram_active,0
2026-09-30T06:50:36.125Z,gpu-3uwoq-6g3ya-1,dcgm,gpu1,dram_active,1e-06
2026-09-30T06:50:36.125Z,gpu-3uwoq-6g3ya-1,dcgm,gpu2,pcie_rx_bytes,177550
2026-09-30T06:50:36.125Z,gpu-3uwoq-6g3ya-1,dcgm,gpu3,pcie_rx_bytes,102208
2026-09-30T06:50:36.125Z,gpu-3uwoq-6g3ya-1,dcgm,gpu0,pcie_rx_bytes,204835
2026-09-30T06:50:36.125Z,gpu-3uwoq-6g3ya-1,dcgm,gpu1,pcie_rx_bytes,290645
2026-09-30T06:50:36.125Z,gpu-3uwoq-6g3ya-1,dcgm,gpu2,pcie_tx_bytes,167626
2026-09-30T06:50:36.125Z,gpu-3uwoq-6g3ya-1,dcgm,gpu3,pcie_tx_bytes,93582
2026-09-30T06:50:36.125Z,gpu-3uwoq-6g3ya-1,dcgm,gpu0,pcie_tx_bytes,195403
2026-09-30T06:50:36.125Z,gpu-3uwoq-6g3ya-1,dcgm,gpu1,pcie_tx_bytes,268431
2026-09-30T06:50:36.125Z,gpu-3uwoq-6g3ya-1,dcgm,gpu2,tensor_active,0
2026-09-30T06:50:36.125Z,gpu-3uwoq-6g3ya-1,dcgm,gpu3,tensor_active,0
2026-09-30T06:50:36.125Z,gpu-3uwoq-6g3ya-1,dcgm,gpu0,tensor_active,0
2026-09-30T06:50:36.125Z,gpu-3uwoq-6g3ya-1,dcgm,gpu1,tensor_active,0
2026-09-30T06:50:36.125Z,gpu-3uwoq-6g3ya-1,dcgm,gpu2,sm_active,0
2026-09-30T06:50:36.125Z,gpu-3uwoq-6g3ya-1,dcgm,gpu3,sm_active,0
2026-09-30T06:50:36.125Z,gpu-3uwoq-6g3ya-1,dcgm,gpu0,sm_active,0
2026-09-30T06:50:36.125Z,gpu-3uwoq-6g3ya-1,dcgm,gpu1,sm_active,0
2026-09-30T06:50:36.125Z,gpu-3uwoq-6g3ya-1,nvlink,gpu0,nvlink_rx_bytes,1.03783e+13
2026-09-30T06:50:36.125Z,gpu-3uwoq-6g3ya-1,nvlink,gpu0,nvlink_tx_bytes,1.03828e+13
2026-09-30T06:50:36.125Z,gpu-3uwoq-6g3ya-1,nvlink,gpu1,nvlink_rx_bytes,1.05327e+13
2026-09-30T06:50:36.125Z,gpu-3uwoq-6g3ya-1,nvlink,gpu1,nvlink_tx_bytes,1.05357e+13
2026-09-30T06:50:36.125Z,gpu-3uwoq-6g3ya-1,nvlink,gpu2,nvlink_rx_bytes,1.04008e+13
2026-09-30T06:50:36.125Z,gpu-3uwoq-6g3ya-1,nvlink,gpu2,nvlink_tx_bytes,1.04047e+13
2026-09-30T06:50:36.125Z,gpu-3uwoq-6g3ya-1,nvlink,gpu3,nvlink_rx_bytes,1.03502e+13
2026-09-30T06:50:36.125Z,gpu-3uwoq-6g3ya-1,nvlink,gpu3,nvlink_tx_bytes,1.03535e+13
2026-09-30T06:50:37.125Z,gpu-3uwoq-6g3ya-1,ib_counter,rdma_vf_rail0,port_xmit_data,4.09467e+12
2026-09-30T06:50:37.125Z,gpu-3uwoq-6g3ya-1,ib_counter,rdma_vf_rail0,port_rcv_data,2.12735e+12
2026-09-30T06:50:37.125Z,gpu-3uwoq-6g3ya-1,ib_counter,rdma_vf_rail0,port_xmit_packets,1.10701e+09
2026-09-30T06:50:37.125Z,gpu-3uwoq-6g3ya-1,ib_counter,rdma_vf_rail0,port_rcv_packets,7.43096e+08
2026-09-30T06:50:37.125Z,gpu-3uwoq-6g3ya-1,ib_counter,rdma_vf_rail0,port_xmit_wait,0
2026-09-30T06:50:37.125Z,gpu-3uwoq-6g3ya-1,ib_counter,rdma_vf_rail0,port_rcv_errors,0
2026-09-30T06:50:37.125Z,gpu-3uwoq-6g3ya-1,ib_counter,rdma_vf_rail0,port_xmit_discards,0
2026-09-30T06:50:37.125Z,gpu-3uwoq-6g3ya-1,ib_counter,rdma_vf_rail0,link_downed,0
2026-09-30T06:50:37.125Z,gpu-3uwoq-6g3ya-1,ib_hw_counter,rdma_vf_rail0,out_of_sequence,0
2026-09-30T06:50:37.125Z,gpu-3uwoq-6g3ya-1,ib_hw_counter,rdma_vf_rail0,packet_seq_err,8
2026-09-30T06:50:37.125Z,gpu-3uwoq-6g3ya-1,ib_hw_counter,rdma_vf_rail0,local_ack_timeout_err,0
2026-09-30T06:50:37.125Z,gpu-3uwoq-6g3ya-1,ib_hw_counter,rdma_vf_rail0,rx_write_requests,4.45342e+08
2026-09-30T06:50:37.125Z,gpu-3uwoq-6g3ya-1,ib_hw_counter,rdma_vf_rail0,rx_read_requests,9.15014e+06
2026-09-30T06:50:37.125Z,gpu-3uwoq-6g3ya-1,ib_hw_counter,rdma_vf_rail0,req_cqe_error,0
2026-09-30T06:50:37.125Z,gpu-3uwoq-6g3ya-1,ib_hw_counter,rdma_vf_rail0,resp_cqe_error,0
2026-09-30T06:50:37.125Z,gpu-3uwoq-6g3ya-1,ib_hw_counter,rdma_vf_rail0,implied_nak_seq_err,0
2026-09-30T06:50:37.125Z,gpu-3uwoq-6g3ya-1,ib_hw_counter,rdma_vf_rail0,duplicate_request,0
2026-09-30T06:50:37.125Z,gpu-3uwoq-6g3ya-1,ib_counter,rdma_vf_rail1,port_xmit_data,3.98713e+12
2026-09-30T06:50:37.125Z,gpu-3uwoq-6g3ya-1,ib_counter,rdma_vf_rail1,port_rcv_data,2.01923e+12
2026-09-30T06:50:37.125Z,gpu-3uwoq-6g3ya-1,ib_counter,rdma_vf_rail1,port_xmit_packets,1.08083e+09
2026-09-30T06:50:37.125Z,gpu-3uwoq-6g3ya-1,ib_counter,rdma_vf_rail1,port_rcv_packets,7.12022e+08
2026-09-30T06:50:37.125Z,gpu-3uwoq-6g3ya-1,ib_counter,rdma_vf_rail1,port_xmit_wait,0
2026-09-30T06:50:37.125Z,gpu-3uwoq-6g3ya-1,ib_counter,rdma_vf_rail1,port_rcv_errors,0
2026-09-30T06:50:37.125Z,gpu-3uwoq-6g3ya-1,ib_counter,rdma_vf_rail1,port_xmit_discards,0
2026-09-30T06:50:37.125Z,gpu-3uwoq-6g3ya-1,ib_counter,rdma_vf_rail1,link_downed,0
2026-09-30T06:50:37.125Z,gpu-3uwoq-6g3ya-1,ib_hw_counter,rdma_vf_rail1,out_of_sequence,0
2026-09-30T06:50:37.125Z,gpu-3uwoq-6g3ya-1,ib_hw_counter,rdma_vf_rail1,packet_seq_err,8
2026-09-30T06:50:37.125Z,gpu-3uwoq-6g3ya-1,ib_hw_counter,rdma_vf_rail1,local_ack_timeout_err,0
2026-09-30T06:50:37.125Z,gpu-3uwoq-6g3ya-1,ib_hw_counter,rdma_vf_rail1,rx_write_requests,4.43745e+08
2026-09-30T06:50:37.125Z,gpu-3uwoq-6g3ya-1,ib_hw_counter,rdma_vf_rail1,rx_read_requests,8.34912e+06
2026-09-30T06:50:37.125Z,gpu-3uwoq-6g3ya-1,ib_hw_counter,rdma_vf_rail1,req_cqe_error,0
2026-09-30T06:50:37.125Z,gpu-3uwoq-6g3ya-1,ib_hw_counter,rdma_vf_rail1,resp_cqe_error,0
2026-09-30T06:50:37.125Z,gpu-3uwoq-6g3ya-1,ib_hw_counter,rdma_vf_rail1,implied_nak_seq_err,0
2026-09-30T06:50:37.125Z,gpu-3uwoq-6g3ya-1,ib_hw_counter,rdma_vf_rail1,duplicate_request,0
2026-09-30T06:50:37.125Z,gpu-3uwoq-6g3ya-1,ib_counter,rdma_vf_rail2,port_xmit_data,3.95963e+12
2026-09-30T06:50:37.125Z,gpu-3uwoq-6g3ya-1,ib_counter,rdma_vf_rail2,port_rcv_data,1.99145e+12
2026-09-30T06:50:37.125Z,gpu-3uwoq-6g3ya-1,ib_counter,rdma_vf_rail2,port_xmit_packets,1.06629e+09
2026-09-30T06:50:37.125Z,gpu-3uwoq-6g3ya-1,ib_counter,rdma_vf_rail2,port_rcv_packets,6.9299e+08
2026-09-30T06:50:37.125Z,gpu-3uwoq-6g3ya-1,ib_counter,rdma_vf_rail2,port_xmit_wait,0
2026-09-30T06:50:37.125Z,gpu-3uwoq-6g3ya-1,ib_counter,rdma_vf_rail2,port_rcv_errors,0
2026-09-30T06:50:37.125Z,gpu-3uwoq-6g3ya-1,ib_counter,rdma_vf_rail2,port_xmit_discards,0
2026-09-30T06:50:37.125Z,gpu-3uwoq-6g3ya-1,ib_counter,rdma_vf_rail2,link_downed,0
2026-09-30T06:50:37.125Z,gpu-3uwoq-6g3ya-1,ib_hw_counter,rdma_vf_rail2,out_of_sequence,0
2026-09-30T06:50:37.125Z,gpu-3uwoq-6g3ya-1,ib_hw_counter,rdma_vf_rail2,packet_seq_err,7
2026-09-30T06:50:37.125Z,gpu-3uwoq-6g3ya-1,ib_hw_counter,rdma_vf_rail2,local_ack_timeout_err,0
2026-09-30T06:50:37.125Z,gpu-3uwoq-6g3ya-1,ib_hw_counter,rdma_vf_rail2,rx_write_requests,4.43316e+08
2026-09-30T06:50:37.125Z,gpu-3uwoq-6g3ya-1,ib_hw_counter,rdma_vf_rail2,rx_read_requests,8.14149e+06
2026-09-30T06:50:37.125Z,gpu-3uwoq-6g3ya-1,ib_hw_counter,rdma_vf_rail2,req_cqe_error,0
2026-09-30T06:50:37.125Z,gpu-3uwoq-6g3ya-1,ib_hw_counter,rdma_vf_rail2,resp_cqe_error,0
2026-09-30T06:50:37.125Z,gpu-3uwoq-6g3ya-1,ib_hw_counter,rdma_vf_rail2,implied_nak_seq_err,0
2026-09-30T06:50:37.125Z,gpu-3uwoq-6g3ya-1,ib_hw_counter,rdma_vf_rail2,duplicate_request,0
2026-09-30T06:50:37.125Z,gpu-3uwoq-6g3ya-1,ib_counter,rdma_vf_rail3,port_xmit_data,3.95988e+12
2026-09-30T06:50:37.125Z,gpu-3uwoq-6g3ya-1,ib_counter,rdma_vf_rail3,port_rcv_data,1.99122e+12
2026-09-30T06:50:37.125Z,gpu-3uwoq-6g3ya-1,ib_counter,rdma_vf_rail3,port_xmit_packets,1.06706e+09
2026-09-30T06:50:37.125Z,gpu-3uwoq-6g3ya-1,ib_counter,rdma_vf_rail3,port_rcv_packets,6.89807e+08
2026-09-30T06:50:37.125Z,gpu-3uwoq-6g3ya-1,ib_counter,rdma_vf_rail3,port_xmit_wait,0
2026-09-30T06:50:37.125Z,gpu-3uwoq-6g3ya-1,ib_counter,rdma_vf_rail3,port_rcv_errors,0
2026-09-30T06:50:37.125Z,gpu-3uwoq-6g3ya-1,ib_counter,rdma_vf_rail3,port_xmit_discards,0
2026-09-30T06:50:37.125Z,gpu-3uwoq-6g3ya-1,ib_counter,rdma_vf_rail3,link_downed,0
2026-09-30T06:50:37.125Z,gpu-3uwoq-6g3ya-1,ib_hw_counter,rdma_vf_rail3,out_of_sequence,1
2026-09-30T06:50:37.125Z,gpu-3uwoq-6g3ya-1,ib_hw_counter,rdma_vf_rail3,packet_seq_err,7
2026-09-30T06:50:37.125Z,gpu-3uwoq-6g3ya-1,ib_hw_counter,rdma_vf_rail3,local_ack_timeout_err,0
2026-09-30T06:50:37.125Z,gpu-3uwoq-6g3ya-1,ib_hw_counter,rdma_vf_rail3,rx_write_requests,4.43316e+08
2026-09-30T06:50:37.125Z,gpu-3uwoq-6g3ya-1,ib_hw_counter,rdma_vf_rail3,rx_read_requests,8.1415e+06
2026-09-30T06:50:37.125Z,gpu-3uwoq-6g3ya-1,ib_hw_counter,rdma_vf_rail3,req_cqe_error,0
2026-09-30T06:50:37.125Z,gpu-3uwoq-6g3ya-1,ib_hw_counter,rdma_vf_rail3,resp_cqe_error,0
2026-09-30T06:50:37.125Z,gpu-3uwoq-6g3ya-1,ib_hw_counter,rdma_vf_rail3,implied_nak_seq_err,0
2026-09-30T06:50:37.125Z,gpu-3uwoq-6g3ya-1,ib_hw_counter,rdma_vf_rail3,duplicate_request,0
2026-09-30T06:50:37.125Z,gpu-3uwoq-6g3ya-1,dcgm,gpu2,gpu_util,0
2026-09-30T06:50:37.125Z,gpu-3uwoq-6g3ya-1,dcgm,gpu3,gpu_util,0
2026-09-30T06:50:37.125Z,gpu-3uwoq-6g3ya-1,dcgm,gpu0,gpu_util,0
2026-09-30T06:50:37.125Z,gpu-3uwoq-6g3ya-1,dcgm,gpu1,gpu_util,0
2026-09-30T06:50:37.125Z,gpu-3uwoq-6g3ya-1,dcgm,gpu2,nvlink_bandwidth_total,0
2026-09-30T06:50:37.125Z,gpu-3uwoq-6g3ya-1,dcgm,gpu3,nvlink_bandwidth_total,0
2026-09-30T06:50:37.125Z,gpu-3uwoq-6g3ya-1,dcgm,gpu0,nvlink_bandwidth_total,0
2026-09-30T06:50:37.125Z,gpu-3uwoq-6g3ya-1,dcgm,gpu1,nvlink_bandwidth_total,0
2026-09-30T06:50:37.125Z,gpu-3uwoq-6g3ya-1,dcgm,gpu2,power_w,222.82
2026-09-30T06:50:37.125Z,gpu-3uwoq-6g3ya-1,dcgm,gpu3,power_w,227.185
2026-09-30T06:50:37.125Z,gpu-3uwoq-6g3ya-1,dcgm,gpu0,power_w,230.166
2026-09-30T06:50:37.125Z,gpu-3uwoq-6g3ya-1,dcgm,gpu1,power_w,227.791
2026-09-30T06:50:37.125Z,gpu-3uwoq-6g3ya-1,dcgm,gpu2,sm_clock_mhz,2070
2026-09-30T06:50:37.125Z,gpu-3uwoq-6g3ya-1,dcgm,gpu3,sm_clock_mhz,2070
2026-09-30T06:50:37.125Z,gpu-3uwoq-6g3ya-1,dcgm,gpu0,sm_clock_mhz,2070
2026-09-30T06:50:37.125Z,gpu-3uwoq-6g3ya-1,dcgm,gpu1,sm_clock_mhz,2070
2026-09-30T06:50:37.125Z,gpu-3uwoq-6g3ya-1,dcgm,gpu2,dram_active,0.001429
2026-09-30T06:50:37.125Z,gpu-3uwoq-6g3ya-1,dcgm,gpu3,dram_active,0
2026-09-30T06:50:37.125Z,gpu-3uwoq-6g3ya-1,dcgm,gpu0,dram_active,0
2026-09-30T06:50:37.125Z,gpu-3uwoq-6g3ya-1,dcgm,gpu1,dram_active,1e-06
2026-09-30T06:50:37.125Z,gpu-3uwoq-6g3ya-1,dcgm,gpu2,pcie_rx_bytes,177550
2026-09-30T06:50:37.125Z,gpu-3uwoq-6g3ya-1,dcgm,gpu3,pcie_rx_bytes,102208
2026-09-30T06:50:37.125Z,gpu-3uwoq-6g3ya-1,dcgm,gpu0,pcie_rx_bytes,204835
2026-09-30T06:50:37.125Z,gpu-3uwoq-6g3ya-1,dcgm,gpu1,pcie_rx_bytes,290645
2026-09-30T06:50:37.125Z,gpu-3uwoq-6g3ya-1,dcgm,gpu2,pcie_tx_bytes,167626
2026-09-30T06:50:37.125Z,gpu-3uwoq-6g3ya-1,dcgm,gpu3,pcie_tx_bytes,93582
2026-09-30T06:50:37.125Z,gpu-3uwoq-6g3ya-1,dcgm,gpu0,pcie_tx_bytes,195403
2026-09-30T06:50:37.125Z,gpu-3uwoq-6g3ya-1,dcgm,gpu1,pcie_tx_bytes,268431
2026-09-30T06:50:37.125Z,gpu-3uwoq-6g3ya-1,dcgm,gpu2,tensor_active,0
2026-09-30T06:50:37.125Z,gpu-3uwoq-6g3ya-1,dcgm,gpu3,tensor_active,0
2026-09-30T06:50:37.125Z,gpu-3uwoq-6g3ya-1,dcgm,gpu0,tensor_active,0
2026-09-30T06:50:37.125Z,gpu-3uwoq-6g3ya-1,dcgm,gpu1,tensor_active,0
2026-09-30T06:50:37.125Z,gpu-3uwoq-6g3ya-1,dcgm,gpu2,sm_active,0
2026-09-30T06:50:37.125Z,gpu-3uwoq-6g3ya-1,dcgm,gpu3,sm_active,0
2026-09-30T06:50:37.125Z,gpu-3uwoq-6g3ya-1,dcgm,gpu0,sm_active,0
2026-09-30T06:50:37.125Z,gpu-3uwoq-6g3ya-1,dcgm,gpu1,sm_active,0
2026-09-30T06:50:37.125Z,gpu-3uwoq-6g3ya-1,nvlink,gpu0,nvlink_rx_bytes,1.03783e+13
2026-09-30T06:50:37.125Z,gpu-3uwoq-6g3ya-1,nvlink,gpu0,nvlink_tx_bytes,1.03828e+13
2026-09-30T06:50:37.125Z,gpu-3uwoq-6g3ya-1,nvlink,gpu1,nvlink_rx_bytes,1.05327e+13
2026-09-30T06:50:37.125Z,gpu-3uwoq-6g3ya-1,nvlink,gpu1,nvlink_tx_bytes,1.05357e+13
2026-09-30T06:50:37.125Z,gpu-3uwoq-6g3ya-1,nvlink,gpu2,nvlink_rx_bytes,1.04008e+13
2026-09-30T06:50:37.125Z,gpu-3uwoq-6g3ya-1,nvlink,gpu2,nvlink_tx_bytes,1.04047e+13
2026-09-30T06:50:37.125Z,gpu-3uwoq-6g3ya-1,nvlink,gpu3,nvlink_rx_bytes,1.03502e+13
2026-09-30T06:50:37.125Z,gpu-3uwoq-6g3ya-1,nvlink,gpu3,nvlink_tx_bytes,1.03535e+13
2026-09-30T06:50:38.125Z,gpu-3uwoq-6g3ya-1,ib_counter,rdma_vf_rail0,port_xmit_data,4.09467e+12
2026-09-30T06:50:38.125Z,gpu-3uwoq-6g3ya-1,ib_counter,rdma_vf_rail0,port_rcv_data,2.12735e+12
2026-09-30T06:50:38.125Z,gpu-3uwoq-6g3ya-1,ib_counter,rdma_vf_rail0,port_xmit_packets,1.10701e+09
2026-09-30T06:50:38.125Z,gpu-3uwoq-6g3ya-1,ib_counter,rdma_vf_rail0,port_rcv_packets,7.43096e+08
2026-09-30T06:50:38.125Z,gpu-3uwoq-6g3ya-1,ib_counter,rdma_vf_rail0,port_xmit_wait,0
2026-09-30T06:50:38.125Z,gpu-3uwoq-6g3ya-1,ib_counter,rdma_vf_rail0,port_rcv_errors,0
2026-09-30T06:50:38.125Z,gpu-3uwoq-6g3ya-1,ib_counter,rdma_vf_rail0,port_xmit_discards,0
2026-09-30T06:50:38.125Z,gpu-3uwoq-6g3ya-1,ib_counter,rdma_vf_rail0,link_downed,0
2026-09-30T06:50:38.125Z,gpu-3uwoq-6g3ya-1,ib_hw_counter,rdma_vf_rail0,out_of_sequence,0
2026-09-30T06:50:38.125Z,gpu-3uwoq-6g3ya-1,ib_hw_counter,rdma_vf_rail0,packet_seq_err,8
2026-09-30T06:50:38.125Z,gpu-3uwoq-6g3ya-1,ib_hw_counter,rdma_vf_rail0,local_ack_timeout_err,0
2026-09-30T06:50:38.125Z,gpu-3uwoq-6g3ya-1,ib_hw_counter,rdma_vf_rail0,rx_write_requests,4.45342e+08
2026-09-30T06:50:38.125Z,gpu-3uwoq-6g3ya-1,ib_hw_counter,rdma_vf_rail0,rx_read_requests,9.15014e+06
2026-09-30T06:50:38.125Z,gpu-3uwoq-6g3ya-1,ib_hw_counter,rdma_vf_rail0,req_cqe_error,0
2026-09-30T06:50:38.125Z,gpu-3uwoq-6g3ya-1,ib_hw_counter,rdma_vf_rail0,resp_cqe_error,0
2026-09-30T06:50:38.125Z,gpu-3uwoq-6g3ya-1,ib_hw_counter,rdma_vf_rail0,implied_nak_seq_err,0
2026-09-30T06:50:38.125Z,gpu-3uwoq-6g3ya-1,ib_hw_counter,rdma_vf_rail0,duplicate_request,0
2026-09-30T06:50:38.125Z,gpu-3uwoq-6g3ya-1,ib_counter,rdma_vf_rail1,port_xmit_data,3.98713e+12
2026-09-30T06:50:38.125Z,gpu-3uwoq-6g3ya-1,ib_counter,rdma_vf_rail1,port_rcv_data,2.01923e+12
2026-09-30T06:50:38.125Z,gpu-3uwoq-6g3ya-1,ib_counter,rdma_vf_rail1,port_xmit_packets,1.08083e+09
2026-09-30T06:50:38.125Z,gpu-3uwoq-6g3ya-1,ib_counter,rdma_vf_rail1,port_rcv_packets,7.12022e+08
2026-09-30T06:50:38.125Z,gpu-3uwoq-6g3ya-1,ib_counter,rdma_vf_rail1,port_xmit_wait,0
2026-09-30T06:50:38.125Z,gpu-3uwoq-6g3ya-1,ib_counter,rdma_vf_rail1,port_rcv_errors,0
2026-09-30T06:50:38.125Z,gpu-3uwoq-6g3ya-1,ib_counter,rdma_vf_rail1,port_xmit_discards,0
2026-09-30T06:50:38.125Z,gpu-3uwoq-6g3ya-1,ib_counter,rdma_vf_rail1,link_downed,0
2026-09-30T06:50:38.125Z,gpu-3uwoq-6g3ya-1,ib_hw_counter,rdma_vf_rail1,out_of_sequence,0
2026-09-30T06:50:38.125Z,gpu-3uwoq-6g3ya-1,ib_hw_counter,rdma_vf_rail1,packet_seq_err,8
2026-09-30T06:50:38.125Z,gpu-3uwoq-6g3ya-1,ib_hw_counter,rdma_vf_rail1,local_ack_timeout_err,0
2026-09-30T06:50:38.125Z,gpu-3uwoq-6g3ya-1,ib_hw_counter,rdma_vf_rail1,rx_write_requests,4.43745e+08
2026-09-30T06:50:38.125Z,gpu-3uwoq-6g3ya-1,ib_hw_counter,rdma_vf_rail1,rx_read_requests,8.34912e+06
2026-09-30T06:50:38.125Z,gpu-3uwoq-6g3ya-1,ib_hw_counter,rdma_vf_rail1,req_cqe_error,0
2026-09-30T06:50:38.125Z,gpu-3uwoq-6g3ya-1,ib_hw_counter,rdma_vf_rail1,resp_cqe_error,0
2026-09-30T06:50:38.125Z,gpu-3uwoq-6g3ya-1,ib_hw_counter,rdma_vf_rail1,implied_nak_seq_err,0
2026-09-30T06:50:38.125Z,gpu-3uwoq-6g3ya-1,ib_hw_counter,rdma_vf_rail1,duplicate_request,0
2026-09-30T06:50:38.125Z,gpu-3uwoq-6g3ya-1,ib_counter,rdma_vf_rail2,port_xmit_data,3.95963e+12
2026-09-30T06:50:38.125Z,gpu-3uwoq-6g3ya-1,ib_counter,rdma_vf_rail2,port_rcv_data,1.99145e+12
2026-09-30T06:50:38.125Z,gpu-3uwoq-6g3ya-1,ib_counter,rdma_vf_rail2,port_xmit_packets,1.06629e+09
2026-09-30T06:50:38.125Z,gpu-3uwoq-6g3ya-1,ib_counter,rdma_vf_rail2,port_rcv_packets,6.9299e+08
2026-09-30T06:50:38.125Z,gpu-3uwoq-6g3ya-1,ib_counter,rdma_vf_rail2,port_xmit_wait,0
2026-09-30T06:50:38.125Z,gpu-3uwoq-6g3ya-1,ib_counter,rdma_vf_rail2,port_rcv_errors,0
2026-09-30T06:50:38.125Z,gpu-3uwoq-6g3ya-1,ib_counter,rdma_vf_rail2,port_xmit_discards,0
2026-09-30T06:50:38.125Z,gpu-3uwoq-6g3ya-1,ib_counter,rdma_vf_rail2,link_downed,0
2026-09-30T06:50:38.125Z,gpu-3uwoq-6g3ya-1,ib_hw_counter,rdma_vf_rail2,out_of_sequence,0
2026-09-30T06:50:38.125Z,gpu-3uwoq-6g3ya-1,ib_hw_counter,rdma_vf_rail2,packet_seq_err,7
2026-09-30T06:50:38.125Z,gpu-3uwoq-6g3ya-1,ib_hw_counter,rdma_vf_rail2,local_ack_timeout_err,0
2026-09-30T06:50:38.125Z,gpu-3uwoq-6g3ya-1,ib_hw_counter,rdma_vf_rail2,rx_write_requests,4.43316e+08
2026-09-30T06:50:38.125Z,gpu-3uwoq-6g3ya-1,ib_hw_counter,rdma_vf_rail2,rx_read_requests,8.14149e+06
2026-09-30T06:50:38.125Z,gpu-3uwoq-6g3ya-1,ib_hw_counter,rdma_vf_rail2,req_cqe_error,0
2026-09-30T06:50:38.125Z,gpu-3uwoq-6g3ya-1,ib_hw_counter,rdma_vf_rail2,resp_cqe_error,0
2026-09-30T06:50:38.125Z,gpu-3uwoq-6g3ya-1,ib_hw_counter,rdma_vf_rail2,implied_nak_seq_err,0
2026-09-30T06:50:38.125Z,gpu-3uwoq-6g3ya-1,ib_hw_counter,rdma_vf_rail2,duplicate_request,0
2026-09-30T06:50:38.125Z,gpu-3uwoq-6g3ya-1,ib_counter,rdma_vf_rail3,port_xmit_data,3.95988e+12
2026-09-30T06:50:38.125Z,gpu-3uwoq-6g3ya-1,ib_counter,rdma_vf_rail3,port_rcv_data,1.99122e+12
2026-09-30T06:50:38.125Z,gpu-3uwoq-6g3ya-1,ib_counter,rdma_vf_rail3,port_xmit_packets,1.06706e+09
2026-09-30T06:50:38.125Z,gpu-3uwoq-6g3ya-1,ib_counter,rdma_vf_rail3,port_rcv_packets,6.89807e+08
2026-09-30T06:50:38.125Z,gpu-3uwoq-6g3ya-1,ib_counter,rdma_vf_rail3,port_xmit_wait,0
2026-09-30T06:50:38.125Z,gpu-3uwoq-6g3ya-1,ib_counter,rdma_vf_rail3,port_rcv_errors,0
2026-09-30T06:50:38.125Z,gpu-3uwoq-6g3ya-1,ib_counter,rdma_vf_rail3,port_xmit_discards,0
2026-09-30T06:50:38.125Z,gpu-3uwoq-6g3ya-1,ib_counter,rdma_vf_rail3,link_downed,0
2026-09-30T06:50:38.125Z,gpu-3uwoq-6g3ya-1,ib_hw_counter,rdma_vf_rail3,out_of_sequence,1
2026-09-30T06:50:38.125Z,gpu-3uwoq-6g3ya-1,ib_hw_counter,rdma_vf_rail3,packet_seq_err,7
2026-09-30T06:50:38.125Z,gpu-3uwoq-6g3ya-1,ib_hw_counter,rdma_vf_rail3,local_ack_timeout_err,0
2026-09-30T06:50:38.125Z,gpu-3uwoq-6g3ya-1,ib_hw_counter,rdma_vf_rail3,rx_write_requests,4.43316e+08
2026-09-30T06:50:38.125Z,gpu-3uwoq-6g3ya-1,ib_hw_counter,rdma_vf_rail3,rx_read_requests,8.1415e+06
2026-09-30T06:50:38.125Z,gpu-3uwoq-6g3ya-1,ib_hw_counter,rdma_vf_rail3,req_cqe_error,0
2026-09-30T06:50:38.125Z,gpu-3uwoq-6g3ya-1,ib_hw_counter,rdma_vf_rail3,resp_cqe_error,0
2026-09-30T06:50:38.125Z,gpu-3uwoq-6g3ya-1,ib_hw_counter,rdma_vf_rail3,implied_nak_seq_err,0
2026-09-30T06:50:38.125Z,gpu-3uwoq-6g3ya-1,ib_hw_counter,rdma_vf_rail3,duplicate_request,0
2026-09-30T06:50:38.125Z,gpu-3uwoq-6g3ya-1,dcgm,gpu2,gpu_util,0
2026-09-30T06:50:38.125Z,gpu-3uwoq-6g3ya-1,dcgm,gpu3,gpu_util,0
2026-09-30T06:50:38.125Z,gpu-3uwoq-6g3ya-1,dcgm,gpu0,gpu_util,0
2026-09-30T06:50:38.125Z,gpu-3uwoq-6g3ya-1,dcgm,gpu1,gpu_util,0
2026-09-30T06:50:38.125Z,gpu-3uwoq-6g3ya-1,dcgm,gpu2,nvlink_bandwidth_total,0
2026-09-30T06:50:38.125Z,gpu-3uwoq-6g3ya-1,dcgm,gpu3,nvlink_bandwidth_total,0
2026-09-30T06:50:38.125Z,gpu-3uwoq-6g3ya-1,dcgm,gpu0,nvlink_bandwidth_total,0
2026-09-30T06:50:38.125Z,gpu-3uwoq-6g3ya-1,dcgm,gpu1,nvlink_bandwidth_total,0
2026-09-30T06:50:38.125Z,gpu-3uwoq-6g3ya-1,dcgm,gpu2,power_w,222.82
2026-09-30T06:50:38.125Z,gpu-3uwoq-6g3ya-1,dcgm,gpu3,power_w,227.185
2026-09-30T06:50:38.125Z,gpu-3uwoq-6g3ya-1,dcgm,gpu0,power_w,230.166
2026-09-30T06:50:38.125Z,gpu-3uwoq-6g3ya-1,dcgm,gpu1,power_w,227.791
2026-09-30T06:50:38.125Z,gpu-3uwoq-6g3ya-1,dcgm,gpu2,sm_clock_mhz,2070
2026-09-30T06:50:38.125Z,gpu-3uwoq-6g3ya-1,dcgm,gpu3,sm_clock_mhz,2070
2026-09-30T06:50:38.125Z,gpu-3uwoq-6g3ya-1,dcgm,gpu0,sm_clock_mhz,2070
2026-09-30T06:50:38.125Z,gpu-3uwoq-6g3ya-1,dcgm,gpu1,sm_clock_mhz,2070
2026-09-30T06:50:38.125Z,gpu-3uwoq-6g3ya-1,dcgm,gpu2,dram_active,0.001429
2026-09-30T06:50:38.125Z,gpu-3uwoq-6g3ya-1,dcgm,gpu3,dram_active,0
2026-09-30T06:50:38.125Z,gpu-3uwoq-6g3ya-1,dcgm,gpu0,dram_active,0
2026-09-30T06:50:38.125Z,gpu-3uwoq-6g3ya-1,dcgm,gpu1,dram_active,1e-06
2026-09-30T06:50:38.125Z,gpu-3uwoq-6g3ya-1,dcgm,gpu2,pcie_rx_bytes,177550
2026-09-30T06:50:38.125Z,gpu-3uwoq-6g3ya-1,dcgm,gpu3,pcie_rx_bytes,102208
2026-09-30T06:50:38.125Z,gpu-3uwoq-6g3ya-1,dcgm,gpu0,pcie_rx_bytes,204835
2026-09-30T06:50:38.125Z,gpu-3uwoq-6g3ya-1,dcgm,gpu1,pcie_rx_bytes,290645
2026-09-30T06:50:38.125Z,gpu-3uwoq-6g3ya-1,dcgm,gpu2,pcie_tx_bytes,167626
2026-09-30T06:50:38.125Z,gpu-3uwoq-6g3ya-1,dcgm,gpu3,pcie_tx_bytes,93582
2026-09-30T06:50:38.125Z,gpu-3uwoq-6g3ya-1,dcgm,gpu0,pcie_tx_bytes,4.68857e+08
2026-09-30T06:50:38.125Z,gpu-3uwoq-6g3ya-1,dcgm,gpu1,pcie_tx_bytes,4.68638e+08
2026-09-30T06:50:38.125Z,gpu-3uwoq-6g3ya-1,dcgm,gpu2,tensor_active,0
2026-09-30T06:50:38.125Z,gpu-3uwoq-6g3ya-1,dcgm,gpu3,tensor_active,0
2026-09-30T06:50:38.125Z,gpu-3uwoq-6g3ya-1,dcgm,gpu0,tensor_active,0
2026-09-30T06:50:38.125Z,gpu-3uwoq-6g3ya-1,dcgm,gpu1,tensor_active,0
2026-09-30T06:50:38.125Z,gpu-3uwoq-6g3ya-1,dcgm,gpu2,sm_active,0.001865
2026-09-30T06:50:38.125Z,gpu-3uwoq-6g3ya-1,dcgm,gpu3,sm_active,0
2026-09-30T06:50:38.125Z,gpu-3uwoq-6g3ya-1,dcgm,gpu0,sm_active,0.001969
2026-09-30T06:50:38.125Z,gpu-3uwoq-6g3ya-1,dcgm,gpu1,sm_active,0
2026-09-30T06:50:38.125Z,gpu-3uwoq-6g3ya-1,nvlink,gpu0,nvlink_rx_bytes,1.03783e+13
2026-09-30T06:50:38.125Z,gpu-3uwoq-6g3ya-1,nvlink,gpu0,nvlink_tx_bytes,1.03828e+13
2026-09-30T06:50:38.125Z,gpu-3uwoq-6g3ya-1,nvlink,gpu1,nvlink_rx_bytes,1.05327e+13
2026-09-30T06:50:38.125Z,gpu-3uwoq-6g3ya-1,nvlink,gpu1,nvlink_tx_bytes,1.05357e+13
2026-09-30T06:50:38.125Z,gpu-3uwoq-6g3ya-1,nvlink,gpu2,nvlink_rx_bytes,1.04008e+13
2026-09-30T06:50:38.125Z,gpu-3uwoq-6g3ya-1,nvlink,gpu2,nvlink_tx_bytes,1.04047e+13
2026-09-30T06:50:38.125Z,gpu-3uwoq-6g3ya-1,nvlink,gpu3,nvlink_rx_bytes,1.03502e+13
2026-09-30T06:50:38.125Z,gpu-3uwoq-6g3ya-1,nvlink,gpu3,nvlink_tx_bytes,1.03535e+13
2026-09-30T06:50:39.125Z,gpu-3uwoq-6g3ya-1,ib_counter,rdma_vf_rail0,port_xmit_data,4.09467e+12
2026-09-30T06:50:39.125Z,gpu-3uwoq-6g3ya-1,ib_counter,rdma_vf_rail0,port_rcv_data,2.12735e+12
2026-09-30T06:50:39.125Z,gpu-3uwoq-6g3ya-1,ib_counter,rdma_vf_rail0,port_xmit_packets,1.10701e+09
2026-09-30T06:50:39.125Z,gpu-3uwoq-6g3ya-1,ib_counter,rdma_vf_rail0,port_rcv_packets,7.43096e+08
2026-09-30T06:50:39.125Z,gpu-3uwoq-6g3ya-1,ib_counter,rdma_vf_rail0,port_xmit_wait,0
2026-09-30T06:50:39.125Z,gpu-3uwoq-6g3ya-1,ib_counter,rdma_vf_rail0,port_rcv_errors,0
2026-09-30T06:50:39.125Z,gpu-3uwoq-6g3ya-1,ib_counter,rdma_vf_rail0,port_xmit_discards,0
2026-09-30T06:50:39.125Z,gpu-3uwoq-6g3ya-1,ib_counter,rdma_vf_rail0,link_downed,0
2026-09-30T06:50:39.125Z,gpu-3uwoq-6g3ya-1,ib_hw_counter,rdma_vf_rail0,out_of_sequence,0
2026-09-30T06:50:39.125Z,gpu-3uwoq-6g3ya-1,ib_hw_counter,rdma_vf_rail0,packet_seq_err,8
2026-09-30T06:50:39.125Z,gpu-3uwoq-6g3ya-1,ib_hw_counter,rdma_vf_rail0,local_ack_timeout_err,0
2026-09-30T06:50:39.125Z,gpu-3uwoq-6g3ya-1,ib_hw_counter,rdma_vf_rail0,rx_write_requests,4.45342e+08
2026-09-30T06:50:39.125Z,gpu-3uwoq-6g3ya-1,ib_hw_counter,rdma_vf_rail0,rx_read_requests,9.15014e+06
2026-09-30T06:50:39.125Z,gpu-3uwoq-6g3ya-1,ib_hw_counter,rdma_vf_rail0,req_cqe_error,0
2026-09-30T06:50:39.125Z,gpu-3uwoq-6g3ya-1,ib_hw_counter,rdma_vf_rail0,resp_cqe_error,0
2026-09-30T06:50:39.125Z,gpu-3uwoq-6g3ya-1,ib_hw_counter,rdma_vf_rail0,implied_nak_seq_err,0
2026-09-30T06:50:39.125Z,gpu-3uwoq-6g3ya-1,ib_hw_counter,rdma_vf_rail0,duplicate_request,0
2026-09-30T06:50:39.125Z,gpu-3uwoq-6g3ya-1,ib_counter,rdma_vf_rail1,port_xmit_data,3.98713e+12
2026-09-30T06:50:39.125Z,gpu-3uwoq-6g3ya-1,ib_counter,rdma_vf_rail1,port_rcv_data,2.01923e+12
2026-09-30T06:50:39.125Z,gpu-3uwoq-6g3ya-1,ib_counter,rdma_vf_rail1,port_xmit_packets,1.08083e+09
2026-09-30T06:50:39.125Z,gpu-3uwoq-6g3ya-1,ib_counter,rdma_vf_rail1,port_rcv_packets,7.12022e+08
2026-09-30T06:50:39.125Z,gpu-3uwoq-6g3ya-1,ib_counter,rdma_vf_rail1,port_xmit_wait,0
2026-09-30T06:50:39.125Z,gpu-3uwoq-6g3ya-1,ib_counter,rdma_vf_rail1,port_rcv_errors,0
2026-09-30T06:50:39.125Z,gpu-3uwoq-6g3ya-1,ib_counter,rdma_vf_rail1,port_xmit_discards,0
2026-09-30T06:50:39.125Z,gpu-3uwoq-6g3ya-1,ib_counter,rdma_vf_rail1,link_downed,0
2026-09-30T06:50:39.125Z,gpu-3uwoq-6g3ya-1,ib_hw_counter,rdma_vf_rail1,out_of_sequence,0
2026-09-30T06:50:39.125Z,gpu-3uwoq-6g3ya-1,ib_hw_counter,rdma_vf_rail1,packet_seq_err,8
2026-09-30T06:50:39.125Z,gpu-3uwoq-6g3ya-1,ib_hw_counter,rdma_vf_rail1,local_ack_timeout_err,0
2026-09-30T06:50:39.125Z,gpu-3uwoq-6g3ya-1,ib_hw_counter,rdma_vf_rail1,rx_write_requests,4.43745e+08
2026-09-30T06:50:39.125Z,gpu-3uwoq-6g3ya-1,ib_hw_counter,rdma_vf_rail1,rx_read_requests,8.34912e+06
2026-09-30T06:50:39.125Z,gpu-3uwoq-6g3ya-1,ib_hw_counter,rdma_vf_rail1,req_cqe_error,0
2026-09-30T06:50:39.125Z,gpu-3uwoq-6g3ya-1,ib_hw_counter,rdma_vf_rail1,resp_cqe_error,0
2026-09-30T06:50:39.125Z,gpu-3uwoq-6g3ya-1,ib_hw_counter,rdma_vf_rail1,implied_nak_seq_err,0
2026-09-30T06:50:39.125Z,gpu-3uwoq-6g3ya-1,ib_hw_counter,rdma_vf_rail1,duplicate_request,0
2026-09-30T06:50:39.125Z,gpu-3uwoq-6g3ya-1,ib_counter,rdma_vf_rail2,port_xmit_data,3.95963e+12
2026-09-30T06:50:39.125Z,gpu-3uwoq-6g3ya-1,ib_counter,rdma_vf_rail2,port_rcv_data,1.99145e+12
2026-09-30T06:50:39.125Z,gpu-3uwoq-6g3ya-1,ib_counter,rdma_vf_rail2,port_xmit_packets,1.06629e+09
2026-09-30T06:50:39.125Z,gpu-3uwoq-6g3ya-1,ib_counter,rdma_vf_rail2,port_rcv_packets,6.9299e+08
2026-09-30T06:50:39.125Z,gpu-3uwoq-6g3ya-1,ib_counter,rdma_vf_rail2,port_xmit_wait,0
2026-09-30T06:50:39.125Z,gpu-3uwoq-6g3ya-1,ib_counter,rdma_vf_rail2,port_rcv_errors,0
2026-09-30T06:50:39.125Z,gpu-3uwoq-6g3ya-1,ib_counter,rdma_vf_rail2,port_xmit_discards,0
2026-09-30T06:50:39.125Z,gpu-3uwoq-6g3ya-1,ib_counter,rdma_vf_rail2,link_downed,0
2026-09-30T06:50:39.125Z,gpu-3uwoq-6g3ya-1,ib_hw_counter,rdma_vf_rail2,out_of_sequence,0
2026-09-30T06:50:39.125Z,gpu-3uwoq-6g3ya-1,ib_hw_counter,rdma_vf_rail2,packet_seq_err,7
2026-09-30T06:50:39.125Z,gpu-3uwoq-6g3ya-1,ib_hw_counter,rdma_vf_rail2,local_ack_timeout_err,0
2026-09-30T06:50:39.125Z,gpu-3uwoq-6g3ya-1,ib_hw_counter,rdma_vf_rail2,rx_write_requests,4.43316e+08
2026-09-30T06:50:39.125Z,gpu-3uwoq-6g3ya-1,ib_hw_counter,rdma_vf_rail2,rx_read_requests,8.14149e+06
2026-09-30T06:50:39.125Z,gpu-3uwoq-6g3ya-1,ib_hw_counter,rdma_vf_rail2,req_cqe_error,0
2026-09-30T06:50:39.125Z,gpu-3uwoq-6g3ya-1,ib_hw_counter,rdma_vf_rail2,resp_cqe_error,0
2026-09-30T06:50:39.125Z,gpu-3uwoq-6g3ya-1,ib_hw_counter,rdma_vf_rail2,implied_nak_seq_err,0
2026-09-30T06:50:39.125Z,gpu-3uwoq-6g3ya-1,ib_hw_counter,rdma_vf_rail2,duplicate_request,0
2026-09-30T06:50:39.125Z,gpu-3uwoq-6g3ya-1,ib_counter,rdma_vf_rail3,port_xmit_data,3.95988e+12
2026-09-30T06:50:39.125Z,gpu-3uwoq-6g3ya-1,ib_counter,rdma_vf_rail3,port_rcv_data,1.99122e+12
2026-09-30T06:50:39.125Z,gpu-3uwoq-6g3ya-1,ib_counter,rdma_vf_rail3,port_xmit_packets,1.06706e+09
2026-09-30T06:50:39.125Z,gpu-3uwoq-6g3ya-1,ib_counter,rdma_vf_rail3,port_rcv_packets,6.89807e+08
2026-09-30T06:50:39.125Z,gpu-3uwoq-6g3ya-1,ib_counter,rdma_vf_rail3,port_xmit_wait,0
2026-09-30T06:50:39.125Z,gpu-3uwoq-6g3ya-1,ib_counter,rdma_vf_rail3,port_rcv_errors,0
2026-09-30T06:50:39.125Z,gpu-3uwoq-6g3ya-1,ib_counter,rdma_vf_rail3,port_xmit_discards,0
2026-09-30T06:50:39.125Z,gpu-3uwoq-6g3ya-1,ib_counter,rdma_vf_rail3,link_downed,0
2026-09-30T06:50:39.125Z,gpu-3uwoq-6g3ya-1,ib_hw_counter,rdma_vf_rail3,out_of_sequence,1
2026-09-30T06:50:39.125Z,gpu-3uwoq-6g3ya-1,ib_hw_counter,rdma_vf_rail3,packet_seq_err,7
2026-09-30T06:50:39.125Z,gpu-3uwoq-6g3ya-1,ib_hw_counter,rdma_vf_rail3,local_ack_timeout_err,0
2026-09-30T06:50:39.125Z,gpu-3uwoq-6g3ya-1,ib_hw_counter,rdma_vf_rail3,rx_write_requests,4.43316e+08
2026-09-30T06:50:39.125Z,gpu-3uwoq-6g3ya-1,ib_hw_counter,rdma_vf_rail3,rx_read_requests,8.1415e+06
2026-09-30T06:50:39.125Z,gpu-3uwoq-6g3ya-1,ib_hw_counter,rdma_vf_rail3,req_cqe_error,0
2026-09-30T06:50:39.125Z,gpu-3uwoq-6g3ya-1,ib_hw_counter,rdma_vf_rail3,resp_cqe_error,0
2026-09-30T06:50:39.125Z,gpu-3uwoq-6g3ya-1,ib_hw_counter,rdma_vf_rail3,implied_nak_seq_err,0
2026-09-30T06:50:39.125Z,gpu-3uwoq-6g3ya-1,ib_hw_counter,rdma_vf_rail3,duplicate_request,0
2026-09-30T06:50:39.125Z,gpu-3uwoq-6g3ya-1,dcgm,gpu2,gpu_util,0
2026-09-30T06:50:39.125Z,gpu-3uwoq-6g3ya-1,dcgm,gpu3,gpu_util,0
2026-09-30T06:50:39.125Z,gpu-3uwoq-6g3ya-1,dcgm,gpu0,gpu_util,0
2026-09-30T06:50:39.125Z,gpu-3uwoq-6g3ya-1,dcgm,gpu1,gpu_util,0
2026-09-30T06:50:39.125Z,gpu-3uwoq-6g3ya-1,dcgm,gpu2,nvlink_bandwidth_total,0
2026-09-30T06:50:39.125Z,gpu-3uwoq-6g3ya-1,dcgm,gpu3,nvlink_bandwidth_total,4272
2026-09-30T06:50:39.125Z,gpu-3uwoq-6g3ya-1,dcgm,gpu0,nvlink_bandwidth_total,0
2026-09-30T06:50:39.125Z,gpu-3uwoq-6g3ya-1,dcgm,gpu1,nvlink_bandwidth_total,0
2026-09-30T06:50:39.125Z,gpu-3uwoq-6g3ya-1,dcgm,gpu2,power_w,222.655
2026-09-30T06:50:39.125Z,gpu-3uwoq-6g3ya-1,dcgm,gpu3,power_w,227.026
2026-09-30T06:50:39.125Z,gpu-3uwoq-6g3ya-1,dcgm,gpu0,power_w,230.16
2026-09-30T06:50:39.125Z,gpu-3uwoq-6g3ya-1,dcgm,gpu1,power_w,226.501
2026-09-30T06:50:39.125Z,gpu-3uwoq-6g3ya-1,dcgm,gpu2,sm_clock_mhz,2070
2026-09-30T06:50:39.125Z,gpu-3uwoq-6g3ya-1,dcgm,gpu3,sm_clock_mhz,2070
2026-09-30T06:50:39.125Z,gpu-3uwoq-6g3ya-1,dcgm,gpu0,sm_clock_mhz,2070
2026-09-30T06:50:39.125Z,gpu-3uwoq-6g3ya-1,dcgm,gpu1,sm_clock_mhz,2070
2026-09-30T06:50:39.125Z,gpu-3uwoq-6g3ya-1,dcgm,gpu2,dram_active,0.001429
2026-09-30T06:50:39.125Z,gpu-3uwoq-6g3ya-1,dcgm,gpu3,dram_active,0.001425
2026-09-30T06:50:39.125Z,gpu-3uwoq-6g3ya-1,dcgm,gpu0,dram_active,0.001407
2026-09-30T06:50:39.125Z,gpu-3uwoq-6g3ya-1,dcgm,gpu1,dram_active,0.001406
2026-09-30T06:50:39.125Z,gpu-3uwoq-6g3ya-1,dcgm,gpu2,pcie_rx_bytes,4.79419e+08
2026-09-30T06:50:39.125Z,gpu-3uwoq-6g3ya-1,dcgm,gpu3,pcie_rx_bytes,4.79142e+08
2026-09-30T06:50:39.125Z,gpu-3uwoq-6g3ya-1,dcgm,gpu0,pcie_rx_bytes,4.77722e+08
2026-09-30T06:50:39.125Z,gpu-3uwoq-6g3ya-1,dcgm,gpu1,pcie_rx_bytes,4.77485e+08
2026-09-30T06:50:39.125Z,gpu-3uwoq-6g3ya-1,dcgm,gpu2,pcie_tx_bytes,4.70525e+08
2026-09-30T06:50:39.125Z,gpu-3uwoq-6g3ya-1,dcgm,gpu3,pcie_tx_bytes,4.70253e+08
2026-09-30T06:50:39.125Z,gpu-3uwoq-6g3ya-1,dcgm,gpu0,pcie_tx_bytes,4.68857e+08
2026-09-30T06:50:39.125Z,gpu-3uwoq-6g3ya-1,dcgm,gpu1,pcie_tx_bytes,4.68638e+08
2026-09-30T06:50:39.125Z,gpu-3uwoq-6g3ya-1,dcgm,gpu2,tensor_active,0
2026-09-30T06:50:39.125Z,gpu-3uwoq-6g3ya-1,dcgm,gpu3,tensor_active,0
2026-09-30T06:50:39.125Z,gpu-3uwoq-6g3ya-1,dcgm,gpu0,tensor_active,0
2026-09-30T06:50:39.125Z,gpu-3uwoq-6g3ya-1,dcgm,gpu1,tensor_active,0
2026-09-30T06:50:39.125Z,gpu-3uwoq-6g3ya-1,dcgm,gpu2,sm_active,0.001865
2026-09-30T06:50:39.125Z,gpu-3uwoq-6g3ya-1,dcgm,gpu3,sm_active,0.001948
2026-09-30T06:50:39.125Z,gpu-3uwoq-6g3ya-1,dcgm,gpu0,sm_active,0.001969
2026-09-30T06:50:39.125Z,gpu-3uwoq-6g3ya-1,dcgm,gpu1,sm_active,0.00204
2026-09-30T06:50:39.125Z,gpu-3uwoq-6g3ya-1,nvlink,gpu0,nvlink_rx_bytes,1.03783e+13
2026-09-30T06:50:39.125Z,gpu-3uwoq-6g3ya-1,nvlink,gpu0,nvlink_tx_bytes,1.03828e+13
2026-09-30T06:50:39.125Z,gpu-3uwoq-6g3ya-1,nvlink,gpu1,nvlink_rx_bytes,1.05327e+13
2026-09-30T06:50:39.125Z,gpu-3uwoq-6g3ya-1,nvlink,gpu1,nvlink_tx_bytes,1.05357e+13
2026-09-30T06:50:39.125Z,gpu-3uwoq-6g3ya-1,nvlink,gpu2,nvlink_rx_bytes,1.04008e+13
2026-09-30T06:50:39.125Z,gpu-3uwoq-6g3ya-1,nvlink,gpu2,nvlink_tx_bytes,1.04047e+13
2026-09-30T06:50:39.125Z,gpu-3uwoq-6g3ya-1,nvlink,gpu3,nvlink_rx_bytes,1.03502e+13
2026-09-30T06:50:39.125Z,gpu-3uwoq-6g3ya-1,nvlink,gpu3,nvlink_tx_bytes,1.03535e+13
2026-09-30T06:50:40.125Z,gpu-3uwoq-6g3ya-1,ib_counter,rdma_vf_rail0,port_xmit_data,4.09467e+12
2026-09-30T06:50:40.125Z,gpu-3uwoq-6g3ya-1,ib_counter,rdma_vf_rail0,port_rcv_data,2.12735e+12
2026-09-30T06:50:40.125Z,gpu-3uwoq-6g3ya-1,ib_counter,rdma_vf_rail0,port_xmit_packets,1.10701e+09
2026-09-30T06:50:40.125Z,gpu-3uwoq-6g3ya-1,ib_counter,rdma_vf_rail0,port_rcv_packets,7.43096e+08
2026-09-30T06:50:40.125Z,gpu-3uwoq-6g3ya-1,ib_counter,rdma_vf_rail0,port_xmit_wait,0
2026-09-30T06:50:40.125Z,gpu-3uwoq-6g3ya-1,ib_counter,rdma_vf_rail0,port_rcv_errors,0
2026-09-30T06:50:40.125Z,gpu-3uwoq-6g3ya-1,ib_counter,rdma_vf_rail0,port_xmit_discards,0
2026-09-30T06:50:40.125Z,gpu-3uwoq-6g3ya-1,ib_counter,rdma_vf_rail0,link_downed,0
2026-09-30T06:50:40.125Z,gpu-3uwoq-6g3ya-1,ib_hw_counter,rdma_vf_rail0,out_of_sequence,0
2026-09-30T06:50:40.125Z,gpu-3uwoq-6g3ya-1,ib_hw_counter,rdma_vf_rail0,packet_seq_err,8
2026-09-30T06:50:40.125Z,gpu-3uwoq-6g3ya-1,ib_hw_counter,rdma_vf_rail0,local_ack_timeout_err,0
2026-09-30T06:50:40.125Z,gpu-3uwoq-6g3ya-1,ib_hw_counter,rdma_vf_rail0,rx_write_requests,4.45342e+08
2026-09-30T06:50:40.125Z,gpu-3uwoq-6g3ya-1,ib_hw_counter,rdma_vf_rail0,rx_read_requests,9.15014e+06
2026-09-30T06:50:40.125Z,gpu-3uwoq-6g3ya-1,ib_hw_counter,rdma_vf_rail0,req_cqe_error,0
2026-09-30T06:50:40.125Z,gpu-3uwoq-6g3ya-1,ib_hw_counter,rdma_vf_rail0,resp_cqe_error,0
2026-09-30T06:50:40.125Z,gpu-3uwoq-6g3ya-1,ib_hw_counter,rdma_vf_rail0,implied_nak_seq_err,0
2026-09-30T06:50:40.125Z,gpu-3uwoq-6g3ya-1,ib_hw_counter,rdma_vf_rail0,duplicate_request,0
2026-09-30T06:50:40.125Z,gpu-3uwoq-6g3ya-1,ib_counter,rdma_vf_rail1,port_xmit_data,3.98713e+12
2026-09-30T06:50:40.125Z,gpu-3uwoq-6g3ya-1,ib_counter,rdma_vf_rail1,port_rcv_data,2.01923e+12
2026-09-30T06:50:40.125Z,gpu-3uwoq-6g3ya-1,ib_counter,rdma_vf_rail1,port_xmit_packets,1.08083e+09
2026-09-30T06:50:40.125Z,gpu-3uwoq-6g3ya-1,ib_counter,rdma_vf_rail1,port_rcv_packets,7.12022e+08
2026-09-30T06:50:40.125Z,gpu-3uwoq-6g3ya-1,ib_counter,rdma_vf_rail1,port_xmit_wait,0
2026-09-30T06:50:40.125Z,gpu-3uwoq-6g3ya-1,ib_counter,rdma_vf_rail1,port_rcv_errors,0
2026-09-30T06:50:40.125Z,gpu-3uwoq-6g3ya-1,ib_counter,rdma_vf_rail1,port_xmit_discards,0
2026-09-30T06:50:40.125Z,gpu-3uwoq-6g3ya-1,ib_counter,rdma_vf_rail1,link_downed,0
2026-09-30T06:50:40.125Z,gpu-3uwoq-6g3ya-1,ib_hw_counter,rdma_vf_rail1,out_of_sequence,0
2026-09-30T06:50:40.125Z,gpu-3uwoq-6g3ya-1,ib_hw_counter,rdma_vf_rail1,packet_seq_err,8
2026-09-30T06:50:40.125Z,gpu-3uwoq-6g3ya-1,ib_hw_counter,rdma_vf_rail1,local_ack_timeout_err,0
2026-09-30T06:50:40.125Z,gpu-3uwoq-6g3ya-1,ib_hw_counter,rdma_vf_rail1,rx_write_requests,4.43745e+08
2026-09-30T06:50:40.125Z,gpu-3uwoq-6g3ya-1,ib_hw_counter,rdma_vf_rail1,rx_read_requests,8.34912e+06
2026-09-30T06:50:40.125Z,gpu-3uwoq-6g3ya-1,ib_hw_counter,rdma_vf_rail1,req_cqe_error,0
2026-09-30T06:50:40.125Z,gpu-3uwoq-6g3ya-1,ib_hw_counter,rdma_vf_rail1,resp_cqe_error,0
2026-09-30T06:50:40.125Z,gpu-3uwoq-6g3ya-1,ib_hw_counter,rdma_vf_rail1,implied_nak_seq_err,0
2026-09-30T06:50:40.125Z,gpu-3uwoq-6g3ya-1,ib_hw_counter,rdma_vf_rail1,duplicate_request,0
2026-09-30T06:50:40.125Z,gpu-3uwoq-6g3ya-1,ib_counter,rdma_vf_rail2,port_xmit_data,3.95963e+12
2026-09-30T06:50:40.125Z,gpu-3uwoq-6g3ya-1,ib_counter,rdma_vf_rail2,port_rcv_data,1.99145e+12
2026-09-30T06:50:40.125Z,gpu-3uwoq-6g3ya-1,ib_counter,rdma_vf_rail2,port_xmit_packets,1.06629e+09
2026-09-30T06:50:40.125Z,gpu-3uwoq-6g3ya-1,ib_counter,rdma_vf_rail2,port_rcv_packets,6.9299e+08
2026-09-30T06:50:40.125Z,gpu-3uwoq-6g3ya-1,ib_counter,rdma_vf_rail2,port_xmit_wait,0
2026-09-30T06:50:40.125Z,gpu-3uwoq-6g3ya-1,ib_counter,rdma_vf_rail2,port_rcv_errors,0
2026-09-30T06:50:40.125Z,gpu-3uwoq-6g3ya-1,ib_counter,rdma_vf_rail2,port_xmit_discards,0
2026-09-30T06:50:40.125Z,gpu-3uwoq-6g3ya-1,ib_counter,rdma_vf_rail2,link_downed,0
2026-09-30T06:50:40.125Z,gpu-3uwoq-6g3ya-1,ib_hw_counter,rdma_vf_rail2,out_of_sequence,0
2026-09-30T06:50:40.125Z,gpu-3uwoq-6g3ya-1,ib_hw_counter,rdma_vf_rail2,packet_seq_err,7
2026-09-30T06:50:40.125Z,gpu-3uwoq-6g3ya-1,ib_hw_counter,rdma_vf_rail2,local_ack_timeout_err,0
2026-09-30T06:50:40.125Z,gpu-3uwoq-6g3ya-1,ib_hw_counter,rdma_vf_rail2,rx_write_requests,4.43316e+08
2026-09-30T06:50:40.125Z,gpu-3uwoq-6g3ya-1,ib_hw_counter,rdma_vf_rail2,rx_read_requests,8.14149e+06
2026-09-30T06:50:40.125Z,gpu-3uwoq-6g3ya-1,ib_hw_counter,rdma_vf_rail2,req_cqe_error,0
2026-09-30T06:50:40.125Z,gpu-3uwoq-6g3ya-1,ib_hw_counter,rdma_vf_rail2,resp_cqe_error,0
2026-09-30T06:50:40.125Z,gpu-3uwoq-6g3ya-1,ib_hw_counter,rdma_vf_rail2,implied_nak_seq_err,0
2026-09-30T06:50:40.125Z,gpu-3uwoq-6g3ya-1,ib_hw_counter,rdma_vf_rail2,duplicate_request,0
2026-09-30T06:50:40.125Z,gpu-3uwoq-6g3ya-1,ib_counter,rdma_vf_rail3,port_xmit_data,3.95988e+12
2026-09-30T06:50:40.125Z,gpu-3uwoq-6g3ya-1,ib_counter,rdma_vf_rail3,port_rcv_data,1.99122e+12
2026-09-30T06:50:40.125Z,gpu-3uwoq-6g3ya-1,ib_counter,rdma_vf_rail3,port_xmit_packets,1.06706e+09
2026-09-30T06:50:40.125Z,gpu-3uwoq-6g3ya-1,ib_counter,rdma_vf_rail3,port_rcv_packets,6.89807e+08
2026-09-30T06:50:40.125Z,gpu-3uwoq-6g3ya-1,ib_counter,rdma_vf_rail3,port_xmit_wait,0
2026-09-30T06:50:40.125Z,gpu-3uwoq-6g3ya-1,ib_counter,rdma_vf_rail3,port_rcv_errors,0
2026-09-30T06:50:40.125Z,gpu-3uwoq-6g3ya-1,ib_counter,rdma_vf_rail3,port_xmit_discards,0
2026-09-30T06:50:40.125Z,gpu-3uwoq-6g3ya-1,ib_counter,rdma_vf_rail3,link_downed,0
2026-09-30T06:50:40.125Z,gpu-3uwoq-6g3ya-1,ib_hw_counter,rdma_vf_rail3,out_of_sequence,1
2026-09-30T06:50:40.125Z,gpu-3uwoq-6g3ya-1,ib_hw_counter,rdma_vf_rail3,packet_seq_err,7
2026-09-30T06:50:40.125Z,gpu-3uwoq-6g3ya-1,ib_hw_counter,rdma_vf_rail3,local_ack_timeout_err,0
2026-09-30T06:50:40.125Z,gpu-3uwoq-6g3ya-1,ib_hw_counter,rdma_vf_rail3,rx_write_requests,4.43316e+08
2026-09-30T06:50:40.125Z,gpu-3uwoq-6g3ya-1,ib_hw_counter,rdma_vf_rail3,rx_read_requests,8.1415e+06
2026-09-30T06:50:40.125Z,gpu-3uwoq-6g3ya-1,ib_hw_counter,rdma_vf_rail3,req_cqe_error,0
2026-09-30T06:50:40.125Z,gpu-3uwoq-6g3ya-1,ib_hw_counter,rdma_vf_rail3,resp_cqe_error,0
2026-09-30T06:50:40.125Z,gpu-3uwoq-6g3ya-1,ib_hw_counter,rdma_vf_rail3,implied_nak_seq_err,0
2026-09-30T06:50:40.125Z,gpu-3uwoq-6g3ya-1,ib_hw_counter,rdma_vf_rail3,duplicate_request,0
2026-09-30T06:50:40.125Z,gpu-3uwoq-6g3ya-1,dcgm,gpu2,gpu_util,0
2026-09-30T06:50:40.125Z,gpu-3uwoq-6g3ya-1,dcgm,gpu3,gpu_util,0
2026-09-30T06:50:40.125Z,gpu-3uwoq-6g3ya-1,dcgm,gpu0,gpu_util,0
2026-09-30T06:50:40.125Z,gpu-3uwoq-6g3ya-1,dcgm,gpu1,gpu_util,0
2026-09-30T06:50:40.125Z,gpu-3uwoq-6g3ya-1,dcgm,gpu2,nvlink_bandwidth_total,0
2026-09-30T06:50:40.125Z,gpu-3uwoq-6g3ya-1,dcgm,gpu3,nvlink_bandwidth_total,4272
2026-09-30T06:50:40.125Z,gpu-3uwoq-6g3ya-1,dcgm,gpu0,nvlink_bandwidth_total,0
2026-09-30T06:50:40.125Z,gpu-3uwoq-6g3ya-1,dcgm,gpu1,nvlink_bandwidth_total,0
2026-09-30T06:50:40.125Z,gpu-3uwoq-6g3ya-1,dcgm,gpu2,power_w,222.655
2026-09-30T06:50:40.125Z,gpu-3uwoq-6g3ya-1,dcgm,gpu3,power_w,227.026
2026-09-30T06:50:40.125Z,gpu-3uwoq-6g3ya-1,dcgm,gpu0,power_w,230.16
2026-09-30T06:50:40.125Z,gpu-3uwoq-6g3ya-1,dcgm,gpu1,power_w,226.501
2026-09-30T06:50:40.125Z,gpu-3uwoq-6g3ya-1,dcgm,gpu2,sm_clock_mhz,2070
2026-09-30T06:50:40.125Z,gpu-3uwoq-6g3ya-1,dcgm,gpu3,sm_clock_mhz,2070
2026-09-30T06:50:40.125Z,gpu-3uwoq-6g3ya-1,dcgm,gpu0,sm_clock_mhz,2070
2026-09-30T06:50:40.125Z,gpu-3uwoq-6g3ya-1,dcgm,gpu1,sm_clock_mhz,2070
2026-09-30T06:50:40.125Z,gpu-3uwoq-6g3ya-1,dcgm,gpu2,dram_active,0.001429
2026-09-30T06:50:40.125Z,gpu-3uwoq-6g3ya-1,dcgm,gpu3,dram_active,0.001425
2026-09-30T06:50:40.125Z,gpu-3uwoq-6g3ya-1,dcgm,gpu0,dram_active,0.001407
2026-09-30T06:50:40.125Z,gpu-3uwoq-6g3ya-1,dcgm,gpu1,dram_active,0.001406
2026-09-30T06:50:40.125Z,gpu-3uwoq-6g3ya-1,dcgm,gpu2,pcie_rx_bytes,4.79419e+08
2026-09-30T06:50:40.125Z,gpu-3uwoq-6g3ya-1,dcgm,gpu3,pcie_rx_bytes,4.79142e+08
2026-09-30T06:50:40.125Z,gpu-3uwoq-6g3ya-1,dcgm,gpu0,pcie_rx_bytes,4.77722e+08
2026-09-30T06:50:40.125Z,gpu-3uwoq-6g3ya-1,dcgm,gpu1,pcie_rx_bytes,4.77485e+08
2026-09-30T06:50:40.125Z,gpu-3uwoq-6g3ya-1,dcgm,gpu2,pcie_tx_bytes,4.70525e+08
2026-09-30T06:50:40.125Z,gpu-3uwoq-6g3ya-1,dcgm,gpu3,pcie_tx_bytes,4.70253e+08
2026-09-30T06:50:40.125Z,gpu-3uwoq-6g3ya-1,dcgm,gpu0,pcie_tx_bytes,4.68857e+08
2026-09-30T06:50:40.125Z,gpu-3uwoq-6g3ya-1,dcgm,gpu1,pcie_tx_bytes,4.68638e+08
2026-09-30T06:50:40.125Z,gpu-3uwoq-6g3ya-1,dcgm,gpu2,tensor_active,0
2026-09-30T06:50:40.125Z,gpu-3uwoq-6g3ya-1,dcgm,gpu3,tensor_active,0
2026-09-30T06:50:40.125Z,gpu-3uwoq-6g3ya-1,dcgm,gpu0,tensor_active,0
2026-09-30T06:50:40.125Z,gpu-3uwoq-6g3ya-1,dcgm,gpu1,tensor_active,0
2026-09-30T06:50:40.125Z,gpu-3uwoq-6g3ya-1,dcgm,gpu2,sm_active,0.001865
2026-09-30T06:50:40.125Z,gpu-3uwoq-6g3ya-1,dcgm,gpu3,sm_active,0.001948
2026-09-30T06:50:40.125Z,gpu-3uwoq-6g3ya-1,dcgm,gpu0,sm_active,0.001969
2026-09-30T06:50:40.125Z,gpu-3uwoq-6g3ya-1,dcgm,gpu1,sm_active,0.00204
2026-09-30T06:50:40.125Z,gpu-3uwoq-6g3ya-1,nvlink,gpu0,nvlink_rx_bytes,1.03783e+13
2026-09-30T06:50:40.125Z,gpu-3uwoq-6g3ya-1,nvlink,gpu0,nvlink_tx_bytes,1.03828e+13
2026-09-30T06:50:40.125Z,gpu-3uwoq-6g3ya-1,nvlink,gpu1,nvlink_rx_bytes,1.05327e+13
2026-09-30T06:50:40.125Z,gpu-3uwoq-6g3ya-1,nvlink,gpu1,nvlink_tx_bytes,1.05357e+13
2026-09-30T06:50:40.125Z,gpu-3uwoq-6g3ya-1,nvlink,gpu2,nvlink_rx_bytes,1.04008e+13
2026-09-30T06:50:40.125Z,gpu-3uwoq-6g3ya-1,nvlink,gpu2,nvlink_tx_bytes,1.04047e+13
2026-09-30T06:50:40.125Z,gpu-3uwoq-6g3ya-1,nvlink,gpu3,nvlink_rx_bytes,1.03502e+13
2026-09-30T06:50:40.125Z,gpu-3uwoq-6g3ya-1,nvlink,gpu3,nvlink_tx_bytes,1.03535e+13
2026-09-30T06:50:41.125Z,gpu-3uwoq-6g3ya-1,ib_counter,rdma_vf_rail0,port_xmit_data,4.09467e+12
2026-09-30T06:50:41.125Z,gpu-3uwoq-6g3ya-1,ib_counter,rdma_vf_rail0,port_rcv_data,2.12735e+12
2026-09-30T06:50:41.125Z,gpu-3uwoq-6g3ya-1,ib_counter,rdma_vf_rail0,port_xmit_packets,1.10701e+09
2026-09-30T06:50:41.125Z,gpu-3uwoq-6g3ya-1,ib_counter,rdma_vf_rail0,port_rcv_packets,7.43096e+08
2026-09-30T06:50:41.125Z,gpu-3uwoq-6g3ya-1,ib_counter,rdma_vf_rail0,port_xmit_wait,0
2026-09-30T06:50:41.125Z,gpu-3uwoq-6g3ya-1,ib_counter,rdma_vf_rail0,port_rcv_errors,0
2026-09-30T06:50:41.125Z,gpu-3uwoq-6g3ya-1,ib_counter,rdma_vf_rail0,port_xmit_discards,0
2026-09-30T06:50:41.125Z,gpu-3uwoq-6g3ya-1,ib_counter,rdma_vf_rail0,link_downed,0
2026-09-30T06:50:41.125Z,gpu-3uwoq-6g3ya-1,ib_hw_counter,rdma_vf_rail0,out_of_sequence,0
2026-09-30T06:50:41.125Z,gpu-3uwoq-6g3ya-1,ib_hw_counter,rdma_vf_rail0,packet_seq_err,8
2026-09-30T06:50:41.125Z,gpu-3uwoq-6g3ya-1,ib_hw_counter,rdma_vf_rail0,local_ack_timeout_err,0
2026-09-30T06:50:41.125Z,gpu-3uwoq-6g3ya-1,ib_hw_counter,rdma_vf_rail0,rx_write_requests,4.45342e+08
2026-09-30T06:50:41.125Z,gpu-3uwoq-6g3ya-1,ib_hw_counter,rdma_vf_rail0,rx_read_requests,9.15014e+06
2026-09-30T06:50:41.125Z,gpu-3uwoq-6g3ya-1,ib_hw_counter,rdma_vf_rail0,req_cqe_error,0
2026-09-30T06:50:41.125Z,gpu-3uwoq-6g3ya-1,ib_hw_counter,rdma_vf_rail0,resp_cqe_error,0
2026-09-30T06:50:41.125Z,gpu-3uwoq-6g3ya-1,ib_hw_counter,rdma_vf_rail0,implied_nak_seq_err,0
2026-09-30T06:50:41.125Z,gpu-3uwoq-6g3ya-1,ib_hw_counter,rdma_vf_rail0,duplicate_request,0
2026-09-30T06:50:41.125Z,gpu-3uwoq-6g3ya-1,ib_counter,rdma_vf_rail1,port_xmit_data,3.98713e+12
2026-09-30T06:50:41.125Z,gpu-3uwoq-6g3ya-1,ib_counter,rdma_vf_rail1,port_rcv_data,2.01923e+12
2026-09-30T06:50:41.125Z,gpu-3uwoq-6g3ya-1,ib_counter,rdma_vf_rail1,port_xmit_packets,1.08083e+09
2026-09-30T06:50:41.125Z,gpu-3uwoq-6g3ya-1,ib_counter,rdma_vf_rail1,port_rcv_packets,7.12022e+08
2026-09-30T06:50:41.125Z,gpu-3uwoq-6g3ya-1,ib_counter,rdma_vf_rail1,port_xmit_wait,0
2026-09-30T06:50:41.125Z,gpu-3uwoq-6g3ya-1,ib_counter,rdma_vf_rail1,port_rcv_errors,0
2026-09-30T06:50:41.125Z,gpu-3uwoq-6g3ya-1,ib_counter,rdma_vf_rail1,port_xmit_discards,0
2026-09-30T06:50:41.125Z,gpu-3uwoq-6g3ya-1,ib_counter,rdma_vf_rail1,link_downed,0
2026-09-30T06:50:41.125Z,gpu-3uwoq-6g3ya-1,ib_hw_counter,rdma_vf_rail1,out_of_sequence,0
2026-09-30T06:50:41.125Z,gpu-3uwoq-6g3ya-1,ib_hw_counter,rdma_vf_rail1,packet_seq_err,8
2026-09-30T06:50:41.125Z,gpu-3uwoq-6g3ya-1,ib_hw_counter,rdma_vf_rail1,local_ack_timeout_err,0
2026-09-30T06:50:41.125Z,gpu-3uwoq-6g3ya-1,ib_hw_counter,rdma_vf_rail1,rx_write_requests,4.43745e+08
2026-09-30T06:50:41.125Z,gpu-3uwoq-6g3ya-1,ib_hw_counter,rdma_vf_rail1,rx_read_requests,8.34912e+06
2026-09-30T06:50:41.125Z,gpu-3uwoq-6g3ya-1,ib_hw_counter,rdma_vf_rail1,req_cqe_error,0
2026-09-30T06:50:41.125Z,gpu-3uwoq-6g3ya-1,ib_hw_counter,rdma_vf_rail1,resp_cqe_error,0
2026-09-30T06:50:41.125Z,gpu-3uwoq-6g3ya-1,ib_hw_counter,rdma_vf_rail1,implied_nak_seq_err,0
2026-09-30T06:50:41.125Z,gpu-3uwoq-6g3ya-1,ib_hw_counter,rdma_vf_rail1,duplicate_request,0
2026-09-30T06:50:41.125Z,gpu-3uwoq-6g3ya-1,ib_counter,rdma_vf_rail2,port_xmit_data,3.95963e+12
2026-09-30T06:50:41.125Z,gpu-3uwoq-6g3ya-1,ib_counter,rdma_vf_rail2,port_rcv_data,1.99145e+12
2026-09-30T06:50:41.125Z,gpu-3uwoq-6g3ya-1,ib_counter,rdma_vf_rail2,port_xmit_packets,1.06629e+09
2026-09-30T06:50:41.125Z,gpu-3uwoq-6g3ya-1,ib_counter,rdma_vf_rail2,port_rcv_packets,6.9299e+08
2026-09-30T06:50:41.125Z,gpu-3uwoq-6g3ya-1,ib_counter,rdma_vf_rail2,port_xmit_wait,0
2026-09-30T06:50:41.125Z,gpu-3uwoq-6g3ya-1,ib_counter,rdma_vf_rail2,port_rcv_errors,0
2026-09-30T06:50:41.125Z,gpu-3uwoq-6g3ya-1,ib_counter,rdma_vf_rail2,port_xmit_discards,0
2026-09-30T06:50:41.125Z,gpu-3uwoq-6g3ya-1,ib_counter,rdma_vf_rail2,link_downed,0
2026-09-30T06:50:41.125Z,gpu-3uwoq-6g3ya-1,ib_hw_counter,rdma_vf_rail2,out_of_sequence,0
2026-09-30T06:50:41.125Z,gpu-3uwoq-6g3ya-1,ib_hw_counter,rdma_vf_rail2,packet_seq_err,7
2026-09-30T06:50:41.125Z,gpu-3uwoq-6g3ya-1,ib_hw_counter,rdma_vf_rail2,local_ack_timeout_err,0
2026-09-30T06:50:41.125Z,gpu-3uwoq-6g3ya-1,ib_hw_counter,rdma_vf_rail2,rx_write_requests,4.43316e+08
2026-09-30T06:50:41.125Z,gpu-3uwoq-6g3ya-1,ib_hw_counter,rdma_vf_rail2,rx_read_requests,8.14149e+06
2026-09-30T06:50:41.125Z,gpu-3uwoq-6g3ya-1,ib_hw_counter,rdma_vf_rail2,req_cqe_error,0
2026-09-30T06:50:41.125Z,gpu-3uwoq-6g3ya-1,ib_hw_counter,rdma_vf_rail2,resp_cqe_error,0
2026-09-30T06:50:41.125Z,gpu-3uwoq-6g3ya-1,ib_hw_counter,rdma_vf_rail2,implied_nak_seq_err,0
2026-09-30T06:50:41.125Z,gpu-3uwoq-6g3ya-1,ib_hw_counter,rdma_vf_rail2,duplicate_request,0
2026-09-30T06:50:41.125Z,gpu-3uwoq-6g3ya-1,ib_counter,rdma_vf_rail3,port_xmit_data,3.95988e+12
2026-09-30T06:50:41.125Z,gpu-3uwoq-6g3ya-1,ib_counter,rdma_vf_rail3,port_rcv_data,1.99122e+12
2026-09-30T06:50:41.125Z,gpu-3uwoq-6g3ya-1,ib_counter,rdma_vf_rail3,port_xmit_packets,1.06706e+09
2026-09-30T06:50:41.125Z,gpu-3uwoq-6g3ya-1,ib_counter,rdma_vf_rail3,port_rcv_packets,6.89807e+08
2026-09-30T06:50:41.125Z,gpu-3uwoq-6g3ya-1,ib_counter,rdma_vf_rail3,port_xmit_wait,0
2026-09-30T06:50:41.125Z,gpu-3uwoq-6g3ya-1,ib_counter,rdma_vf_rail3,port_rcv_errors,0
2026-09-30T06:50:41.125Z,gpu-3uwoq-6g3ya-1,ib_counter,rdma_vf_rail3,port_xmit_discards,0
2026-09-30T06:50:41.125Z,gpu-3uwoq-6g3ya-1,ib_counter,rdma_vf_rail3,link_downed,0
2026-09-30T06:50:41.125Z,gpu-3uwoq-6g3ya-1,ib_hw_counter,rdma_vf_rail3,out_of_sequence,1
2026-09-30T06:50:41.125Z,gpu-3uwoq-6g3ya-1,ib_hw_counter,rdma_vf_rail3,packet_seq_err,7
2026-09-30T06:50:41.125Z,gpu-3uwoq-6g3ya-1,ib_hw_counter,rdma_vf_rail3,local_ack_timeout_err,0
2026-09-30T06:50:41.125Z,gpu-3uwoq-6g3ya-1,ib_hw_counter,rdma_vf_rail3,rx_write_requests,4.43316e+08
2026-09-30T06:50:41.125Z,gpu-3uwoq-6g3ya-1,ib_hw_counter,rdma_vf_rail3,rx_read_requests,8.1415e+06
2026-09-30T06:50:41.125Z,gpu-3uwoq-6g3ya-1,ib_hw_counter,rdma_vf_rail3,req_cqe_error,0
2026-09-30T06:50:41.125Z,gpu-3uwoq-6g3ya-1,ib_hw_counter,rdma_vf_rail3,resp_cqe_error,0
2026-09-30T06:50:41.125Z,gpu-3uwoq-6g3ya-1,ib_hw_counter,rdma_vf_rail3,implied_nak_seq_err,0
2026-09-30T06:50:41.125Z,gpu-3uwoq-6g3ya-1,ib_hw_counter,rdma_vf_rail3,duplicate_request,0
2026-09-30T06:50:41.125Z,gpu-3uwoq-6g3ya-1,dcgm,gpu2,gpu_util,0
2026-09-30T06:50:41.125Z,gpu-3uwoq-6g3ya-1,dcgm,gpu3,gpu_util,0
2026-09-30T06:50:41.125Z,gpu-3uwoq-6g3ya-1,dcgm,gpu0,gpu_util,0
2026-09-30T06:50:41.125Z,gpu-3uwoq-6g3ya-1,dcgm,gpu1,gpu_util,0
2026-09-30T06:50:41.125Z,gpu-3uwoq-6g3ya-1,dcgm,gpu2,nvlink_bandwidth_total,0
2026-09-30T06:50:41.125Z,gpu-3uwoq-6g3ya-1,dcgm,gpu3,nvlink_bandwidth_total,4272
2026-09-30T06:50:41.125Z,gpu-3uwoq-6g3ya-1,dcgm,gpu0,nvlink_bandwidth_total,0
2026-09-30T06:50:41.125Z,gpu-3uwoq-6g3ya-1,dcgm,gpu1,nvlink_bandwidth_total,0
2026-09-30T06:50:41.125Z,gpu-3uwoq-6g3ya-1,dcgm,gpu2,power_w,222.655
2026-09-30T06:50:41.125Z,gpu-3uwoq-6g3ya-1,dcgm,gpu3,power_w,227.026
2026-09-30T06:50:41.125Z,gpu-3uwoq-6g3ya-1,dcgm,gpu0,power_w,230.16
2026-09-30T06:50:41.125Z,gpu-3uwoq-6g3ya-1,dcgm,gpu1,power_w,226.501
2026-09-30T06:50:41.125Z,gpu-3uwoq-6g3ya-1,dcgm,gpu2,sm_clock_mhz,2070
2026-09-30T06:50:41.125Z,gpu-3uwoq-6g3ya-1,dcgm,gpu3,sm_clock_mhz,2070
2026-09-30T06:50:41.125Z,gpu-3uwoq-6g3ya-1,dcgm,gpu0,sm_clock_mhz,2070
2026-09-30T06:50:41.125Z,gpu-3uwoq-6g3ya-1,dcgm,gpu1,sm_clock_mhz,2070
2026-09-30T06:50:41.125Z,gpu-3uwoq-6g3ya-1,dcgm,gpu2,dram_active,0.001429
2026-09-30T06:50:41.125Z,gpu-3uwoq-6g3ya-1,dcgm,gpu3,dram_active,0.001425
2026-09-30T06:50:41.125Z,gpu-3uwoq-6g3ya-1,dcgm,gpu0,dram_active,0.001407
2026-09-30T06:50:41.125Z,gpu-3uwoq-6g3ya-1,dcgm,gpu1,dram_active,0.001406
2026-09-30T06:50:41.125Z,gpu-3uwoq-6g3ya-1,dcgm,gpu2,pcie_rx_bytes,4.79419e+08
2026-09-30T06:50:41.125Z,gpu-3uwoq-6g3ya-1,dcgm,gpu3,pcie_rx_bytes,4.79142e+08
2026-09-30T06:50:41.125Z,gpu-3uwoq-6g3ya-1,dcgm,gpu0,pcie_rx_bytes,4.77722e+08
2026-09-30T06:50:41.125Z,gpu-3uwoq-6g3ya-1,dcgm,gpu1,pcie_rx_bytes,4.77485e+08
2026-09-30T06:50:41.125Z,gpu-3uwoq-6g3ya-1,dcgm,gpu2,pcie_tx_bytes,4.70525e+08
2026-09-30T06:50:41.125Z,gpu-3uwoq-6g3ya-1,dcgm,gpu3,pcie_tx_bytes,4.70253e+08
2026-09-30T06:50:41.125Z,gpu-3uwoq-6g3ya-1,dcgm,gpu0,pcie_tx_bytes,4.68857e+08
2026-09-30T06:50:41.125Z,gpu-3uwoq-6g3ya-1,dcgm,gpu1,pcie_tx_bytes,4.68638e+08
2026-09-30T06:50:41.125Z,gpu-3uwoq-6g3ya-1,dcgm,gpu2,tensor_active,0
2026-09-30T06:50:41.125Z,gpu-3uwoq-6g3ya-1,dcgm,gpu3,tensor_active,0
2026-09-30T06:50:41.125Z,gpu-3uwoq-6g3ya-1,dcgm,gpu0,tensor_active,0
2026-09-30T06:50:41.125Z,gpu-3uwoq-6g3ya-1,dcgm,gpu1,tensor_active,0
2026-09-30T06:50:41.125Z,gpu-3uwoq-6g3ya-1,dcgm,gpu2,sm_active,0.001865
2026-09-30T06:50:41.125Z,gpu-3uwoq-6g3ya-1,dcgm,gpu3,sm_active,0.001948
2026-09-30T06:50:41.125Z,gpu-3uwoq-6g3ya-1,dcgm,gpu0,sm_active,0.001969
2026-09-30T06:50:41.125Z,gpu-3uwoq-6g3ya-1,dcgm,gpu1,sm_active,0.00204
2026-09-30T06:50:41.125Z,gpu-3uwoq-6g3ya-1,nvlink,gpu0,nvlink_rx_bytes,1.03783e+13
2026-09-30T06:50:41.125Z,gpu-3uwoq-6g3ya-1,nvlink,gpu0,nvlink_tx_bytes,1.03828e+13
2026-09-30T06:50:41.125Z,gpu-3uwoq-6g3ya-1,nvlink,gpu1,nvlink_rx_bytes,1.05327e+13
2026-09-30T06:50:41.125Z,gpu-3uwoq-6g3ya-1,nvlink,gpu1,nvlink_tx_bytes,1.05357e+13
2026-09-30T06:50:41.125Z,gpu-3uwoq-6g3ya-1,nvlink,gpu2,nvlink_rx_bytes,1.04008e+13
2026-09-30T06:50:41.125Z,gpu-3uwoq-6g3ya-1,nvlink,gpu2,nvlink_tx_bytes,1.04047e+13
2026-09-30T06:50:41.125Z,gpu-3uwoq-6g3ya-1,nvlink,gpu3,nvlink_rx_bytes,1.03502e+13
2026-09-30T06:50:41.125Z,gpu-3uwoq-6g3ya-1,nvlink,gpu3,nvlink_tx_bytes,1.03535e+13
2026-09-30T06:50:42.126Z,gpu-3uwoq-6g3ya-1,ib_counter,rdma_vf_rail0,port_xmit_data,4.09467e+12
2026-09-30T06:50:42.126Z,gpu-3uwoq-6g3ya-1,ib_counter,rdma_vf_rail0,port_rcv_data,2.12735e+12
2026-09-30T06:50:42.126Z,gpu-3uwoq-6g3ya-1,ib_counter,rdma_vf_rail0,port_xmit_packets,1.10701e+09
2026-09-30T06:50:42.126Z,gpu-3uwoq-6g3ya-1,ib_counter,rdma_vf_rail0,port_rcv_packets,7.43096e+08
2026-09-30T06:50:42.126Z,gpu-3uwoq-6g3ya-1,ib_counter,rdma_vf_rail0,port_xmit_wait,0
2026-09-30T06:50:42.126Z,gpu-3uwoq-6g3ya-1,ib_counter,rdma_vf_rail0,port_rcv_errors,0
2026-09-30T06:50:42.126Z,gpu-3uwoq-6g3ya-1,ib_counter,rdma_vf_rail0,port_xmit_discards,0
2026-09-30T06:50:42.126Z,gpu-3uwoq-6g3ya-1,ib_counter,rdma_vf_rail0,link_downed,0
2026-09-30T06:50:42.126Z,gpu-3uwoq-6g3ya-1,ib_hw_counter,rdma_vf_rail0,out_of_sequence,0
2026-09-30T06:50:42.126Z,gpu-3uwoq-6g3ya-1,ib_hw_counter,rdma_vf_rail0,packet_seq_err,8
2026-09-30T06:50:42.126Z,gpu-3uwoq-6g3ya-1,ib_hw_counter,rdma_vf_rail0,local_ack_timeout_err,0
2026-09-30T06:50:42.126Z,gpu-3uwoq-6g3ya-1,ib_hw_counter,rdma_vf_rail0,rx_write_requests,4.45342e+08
2026-09-30T06:50:42.126Z,gpu-3uwoq-6g3ya-1,ib_hw_counter,rdma_vf_rail0,rx_read_requests,9.15014e+06
2026-09-30T06:50:42.126Z,gpu-3uwoq-6g3ya-1,ib_hw_counter,rdma_vf_rail0,req_cqe_error,0
2026-09-30T06:50:42.126Z,gpu-3uwoq-6g3ya-1,ib_hw_counter,rdma_vf_rail0,resp_cqe_error,0
2026-09-30T06:50:42.126Z,gpu-3uwoq-6g3ya-1,ib_hw_counter,rdma_vf_rail0,implied_nak_seq_err,0
2026-09-30T06:50:42.126Z,gpu-3uwoq-6g3ya-1,ib_hw_counter,rdma_vf_rail0,duplicate_request,0
2026-09-30T06:50:42.126Z,gpu-3uwoq-6g3ya-1,ib_counter,rdma_vf_rail1,port_xmit_data,3.98713e+12
2026-09-30T06:50:42.126Z,gpu-3uwoq-6g3ya-1,ib_counter,rdma_vf_rail1,port_rcv_data,2.01923e+12
2026-09-30T06:50:42.126Z,gpu-3uwoq-6g3ya-1,ib_counter,rdma_vf_rail1,port_xmit_packets,1.08083e+09
2026-09-30T06:50:42.126Z,gpu-3uwoq-6g3ya-1,ib_counter,rdma_vf_rail1,port_rcv_packets,7.12022e+08
2026-09-30T06:50:42.126Z,gpu-3uwoq-6g3ya-1,ib_counter,rdma_vf_rail1,port_xmit_wait,0
2026-09-30T06:50:42.126Z,gpu-3uwoq-6g3ya-1,ib_counter,rdma_vf_rail1,port_rcv_errors,0
2026-09-30T06:50:42.126Z,gpu-3uwoq-6g3ya-1,ib_counter,rdma_vf_rail1,port_xmit_discards,0
2026-09-30T06:50:42.126Z,gpu-3uwoq-6g3ya-1,ib_counter,rdma_vf_rail1,link_downed,0
2026-09-30T06:50:42.126Z,gpu-3uwoq-6g3ya-1,ib_hw_counter,rdma_vf_rail1,out_of_sequence,0
2026-09-30T06:50:42.126Z,gpu-3uwoq-6g3ya-1,ib_hw_counter,rdma_vf_rail1,packet_seq_err,8
2026-09-30T06:50:42.126Z,gpu-3uwoq-6g3ya-1,ib_hw_counter,rdma_vf_rail1,local_ack_timeout_err,0
2026-09-30T06:50:42.126Z,gpu-3uwoq-6g3ya-1,ib_hw_counter,rdma_vf_rail1,rx_write_requests,4.43745e+08
2026-09-30T06:50:42.126Z,gpu-3uwoq-6g3ya-1,ib_hw_counter,rdma_vf_rail1,rx_read_requests,8.34912e+06
2026-09-30T06:50:42.126Z,gpu-3uwoq-6g3ya-1,ib_hw_counter,rdma_vf_rail1,req_cqe_error,0
2026-09-30T06:50:42.126Z,gpu-3uwoq-6g3ya-1,ib_hw_counter,rdma_vf_rail1,resp_cqe_error,0
2026-09-30T06:50:42.126Z,gpu-3uwoq-6g3ya-1,ib_hw_counter,rdma_vf_rail1,implied_nak_seq_err,0
2026-09-30T06:50:42.126Z,gpu-3uwoq-6g3ya-1,ib_hw_counter,rdma_vf_rail1,duplicate_request,0
2026-09-30T06:50:42.126Z,gpu-3uwoq-6g3ya-1,ib_counter,rdma_vf_rail2,port_xmit_data,3.95963e+12
2026-09-30T06:50:42.126Z,gpu-3uwoq-6g3ya-1,ib_counter,rdma_vf_rail2,port_rcv_data,1.99145e+12
2026-09-30T06:50:42.126Z,gpu-3uwoq-6g3ya-1,ib_counter,rdma_vf_rail2,port_xmit_packets,1.06629e+09
2026-09-30T06:50:42.126Z,gpu-3uwoq-6g3ya-1,ib_counter,rdma_vf_rail2,port_rcv_packets,6.9299e+08
2026-09-30T06:50:42.126Z,gpu-3uwoq-6g3ya-1,ib_counter,rdma_vf_rail2,port_xmit_wait,0
2026-09-30T06:50:42.126Z,gpu-3uwoq-6g3ya-1,ib_counter,rdma_vf_rail2,port_rcv_errors,0
2026-09-30T06:50:42.126Z,gpu-3uwoq-6g3ya-1,ib_counter,rdma_vf_rail2,port_xmit_discards,0
2026-09-30T06:50:42.126Z,gpu-3uwoq-6g3ya-1,ib_counter,rdma_vf_rail2,link_downed,0
2026-09-30T06:50:42.126Z,gpu-3uwoq-6g3ya-1,ib_hw_counter,rdma_vf_rail2,out_of_sequence,0
2026-09-30T06:50:42.126Z,gpu-3uwoq-6g3ya-1,ib_hw_counter,rdma_vf_rail2,packet_seq_err,7
2026-09-30T06:50:42.126Z,gpu-3uwoq-6g3ya-1,ib_hw_counter,rdma_vf_rail2,local_ack_timeout_err,0
2026-09-30T06:50:42.126Z,gpu-3uwoq-6g3ya-1,ib_hw_counter,rdma_vf_rail2,rx_write_requests,4.43316e+08
2026-09-30T06:50:42.126Z,gpu-3uwoq-6g3ya-1,ib_hw_counter,rdma_vf_rail2,rx_read_requests,8.14149e+06
2026-09-30T06:50:42.126Z,gpu-3uwoq-6g3ya-1,ib_hw_counter,rdma_vf_rail2,req_cqe_error,0
2026-09-30T06:50:42.126Z,gpu-3uwoq-6g3ya-1,ib_hw_counter,rdma_vf_rail2,resp_cqe_error,0
2026-09-30T06:50:42.126Z,gpu-3uwoq-6g3ya-1,ib_hw_counter,rdma_vf_rail2,implied_nak_seq_err,0
2026-09-30T06:50:42.126Z,gpu-3uwoq-6g3ya-1,ib_hw_counter,rdma_vf_rail2,duplicate_request,0
2026-09-30T06:50:42.126Z,gpu-3uwoq-6g3ya-1,ib_counter,rdma_vf_rail3,port_xmit_data,3.95988e+12
2026-09-30T06:50:42.126Z,gpu-3uwoq-6g3ya-1,ib_counter,rdma_vf_rail3,port_rcv_data,1.99122e+12
2026-09-30T06:50:42.126Z,gpu-3uwoq-6g3ya-1,ib_counter,rdma_vf_rail3,port_xmit_packets,1.06706e+09
2026-09-30T06:50:42.126Z,gpu-3uwoq-6g3ya-1,ib_counter,rdma_vf_rail3,port_rcv_packets,6.89807e+08
2026-09-30T06:50:42.126Z,gpu-3uwoq-6g3ya-1,ib_counter,rdma_vf_rail3,port_xmit_wait,0
2026-09-30T06:50:42.126Z,gpu-3uwoq-6g3ya-1,ib_counter,rdma_vf_rail3,port_rcv_errors,0
2026-09-30T06:50:42.126Z,gpu-3uwoq-6g3ya-1,ib_counter,rdma_vf_rail3,port_xmit_discards,0
2026-09-30T06:50:42.126Z,gpu-3uwoq-6g3ya-1,ib_counter,rdma_vf_rail3,link_downed,0
2026-09-30T06:50:42.126Z,gpu-3uwoq-6g3ya-1,ib_hw_counter,rdma_vf_rail3,out_of_sequence,1
2026-09-30T06:50:42.126Z,gpu-3uwoq-6g3ya-1,ib_hw_counter,rdma_vf_rail3,packet_seq_err,7
2026-09-30T06:50:42.126Z,gpu-3uwoq-6g3ya-1,ib_hw_counter,rdma_vf_rail3,local_ack_timeout_err,0
2026-09-30T06:50:42.126Z,gpu-3uwoq-6g3ya-1,ib_hw_counter,rdma_vf_rail3,rx_write_requests,4.43316e+08
2026-09-30T06:50:42.126Z,gpu-3uwoq-6g3ya-1,ib_hw_counter,rdma_vf_rail3,rx_read_requests,8.1415e+06
2026-09-30T06:50:42.126Z,gpu-3uwoq-6g3ya-1,ib_hw_counter,rdma_vf_rail3,req_cqe_error,0
2026-09-30T06:50:42.126Z,gpu-3uwoq-6g3ya-1,ib_hw_counter,rdma_vf_rail3,resp_cqe_error,0
2026-09-30T06:50:42.126Z,gpu-3uwoq-6g3ya-1,ib_hw_counter,rdma_vf_rail3,implied_nak_seq_err,0
2026-09-30T06:50:42.126Z,gpu-3uwoq-6g3ya-1,ib_hw_counter,rdma_vf_rail3,duplicate_request,0
2026-09-30T06:50:42.126Z,gpu-3uwoq-6g3ya-1,dcgm,gpu2,gpu_util,0
2026-09-30T06:50:42.126Z,gpu-3uwoq-6g3ya-1,dcgm,gpu3,gpu_util,0
2026-09-30T06:50:42.126Z,gpu-3uwoq-6g3ya-1,dcgm,gpu0,gpu_util,0
2026-09-30T06:50:42.126Z,gpu-3uwoq-6g3ya-1,dcgm,gpu1,gpu_util,0
2026-09-30T06:50:42.126Z,gpu-3uwoq-6g3ya-1,dcgm,gpu2,nvlink_bandwidth_total,0
2026-09-30T06:50:42.126Z,gpu-3uwoq-6g3ya-1,dcgm,gpu3,nvlink_bandwidth_total,4272
2026-09-30T06:50:42.126Z,gpu-3uwoq-6g3ya-1,dcgm,gpu0,nvlink_bandwidth_total,0
2026-09-30T06:50:42.126Z,gpu-3uwoq-6g3ya-1,dcgm,gpu1,nvlink_bandwidth_total,0
2026-09-30T06:50:42.126Z,gpu-3uwoq-6g3ya-1,dcgm,gpu2,power_w,222.655
2026-09-30T06:50:42.126Z,gpu-3uwoq-6g3ya-1,dcgm,gpu3,power_w,227.026
2026-09-30T06:50:42.126Z,gpu-3uwoq-6g3ya-1,dcgm,gpu0,power_w,230.16
2026-09-30T06:50:42.126Z,gpu-3uwoq-6g3ya-1,dcgm,gpu1,power_w,226.501
2026-09-30T06:50:42.126Z,gpu-3uwoq-6g3ya-1,dcgm,gpu2,sm_clock_mhz,2070
2026-09-30T06:50:42.126Z,gpu-3uwoq-6g3ya-1,dcgm,gpu3,sm_clock_mhz,2070
2026-09-30T06:50:42.126Z,gpu-3uwoq-6g3ya-1,dcgm,gpu0,sm_clock_mhz,2070
2026-09-30T06:50:42.126Z,gpu-3uwoq-6g3ya-1,dcgm,gpu1,sm_clock_mhz,2070
2026-09-30T06:50:42.126Z,gpu-3uwoq-6g3ya-1,dcgm,gpu2,dram_active,0.001429
2026-09-30T06:50:42.126Z,gpu-3uwoq-6g3ya-1,dcgm,gpu3,dram_active,0.001425
2026-09-30T06:50:42.126Z,gpu-3uwoq-6g3ya-1,dcgm,gpu0,dram_active,0.001407
2026-09-30T06:50:42.126Z,gpu-3uwoq-6g3ya-1,dcgm,gpu1,dram_active,0.001406
2026-09-30T06:50:42.126Z,gpu-3uwoq-6g3ya-1,dcgm,gpu2,pcie_rx_bytes,4.79419e+08
2026-09-30T06:50:42.126Z,gpu-3uwoq-6g3ya-1,dcgm,gpu3,pcie_rx_bytes,4.79142e+08
2026-09-30T06:50:42.126Z,gpu-3uwoq-6g3ya-1,dcgm,gpu0,pcie_rx_bytes,4.77722e+08
2026-09-30T06:50:42.126Z,gpu-3uwoq-6g3ya-1,dcgm,gpu1,pcie_rx_bytes,4.77485e+08
2026-09-30T06:50:42.126Z,gpu-3uwoq-6g3ya-1,dcgm,gpu2,pcie_tx_bytes,4.70525e+08
2026-09-30T06:50:42.126Z,gpu-3uwoq-6g3ya-1,dcgm,gpu3,pcie_tx_bytes,4.70253e+08
2026-09-30T06:50:42.126Z,gpu-3uwoq-6g3ya-1,dcgm,gpu0,pcie_tx_bytes,4.68857e+08
2026-09-30T06:50:42.126Z,gpu-3uwoq-6g3ya-1,dcgm,gpu1,pcie_tx_bytes,4.68638e+08
2026-09-30T06:50:42.126Z,gpu-3uwoq-6g3ya-1,dcgm,gpu2,tensor_active,0
2026-09-30T06:50:42.126Z,gpu-3uwoq-6g3ya-1,dcgm,gpu3,tensor_active,0
2026-09-30T06:50:42.126Z,gpu-3uwoq-6g3ya-1,dcgm,gpu0,tensor_active,0
2026-09-30T06:50:42.126Z,gpu-3uwoq-6g3ya-1,dcgm,gpu1,tensor_active,0
2026-09-30T06:50:42.126Z,gpu-3uwoq-6g3ya-1,dcgm,gpu2,sm_active,0.001865
2026-09-30T06:50:42.126Z,gpu-3uwoq-6g3ya-1,dcgm,gpu3,sm_active,0.001948
2026-09-30T06:50:42.126Z,gpu-3uwoq-6g3ya-1,dcgm,gpu0,sm_active,0.001969
2026-09-30T06:50:42.126Z,gpu-3uwoq-6g3ya-1,dcgm,gpu1,sm_active,0.00204
2026-09-30T06:50:42.126Z,gpu-3uwoq-6g3ya-1,nvlink,gpu0,nvlink_rx_bytes,1.03783e+13
2026-09-30T06:50:42.126Z,gpu-3uwoq-6g3ya-1,nvlink,gpu0,nvlink_tx_bytes,1.03828e+13
2026-09-30T06:50:42.126Z,gpu-3uwoq-6g3ya-1,nvlink,gpu1,nvlink_rx_bytes,1.05327e+13
2026-09-30T06:50:42.126Z,gpu-3uwoq-6g3ya-1,nvlink,gpu1,nvlink_tx_bytes,1.05357e+13
2026-09-30T06:50:42.126Z,gpu-3uwoq-6g3ya-1,nvlink,gpu2,nvlink_rx_bytes,1.04008e+13
2026-09-30T06:50:42.126Z,gpu-3uwoq-6g3ya-1,nvlink,gpu2,nvlink_tx_bytes,1.04047e+13
2026-09-30T06:50:42.126Z,gpu-3uwoq-6g3ya-1,nvlink,gpu3,nvlink_rx_bytes,1.03502e+13
2026-09-30T06:50:42.126Z,gpu-3uwoq-6g3ya-1,nvlink,gpu3,nvlink_tx_bytes,1.03535e+13
2026-09-30T06:50:43.126Z,gpu-3uwoq-6g3ya-1,ib_counter,rdma_vf_rail0,port_xmit_data,4.09467e+12
2026-09-30T06:50:43.126Z,gpu-3uwoq-6g3ya-1,ib_counter,rdma_vf_rail0,port_rcv_data,2.12735e+12
2026-09-30T06:50:43.126Z,gpu-3uwoq-6g3ya-1,ib_counter,rdma_vf_rail0,port_xmit_packets,1.10701e+09
2026-09-30T06:50:43.126Z,gpu-3uwoq-6g3ya-1,ib_counter,rdma_vf_rail0,port_rcv_packets,7.43096e+08
2026-09-30T06:50:43.126Z,gpu-3uwoq-6g3ya-1,ib_counter,rdma_vf_rail0,port_xmit_wait,0
2026-09-30T06:50:43.126Z,gpu-3uwoq-6g3ya-1,ib_counter,rdma_vf_rail0,port_rcv_errors,0
2026-09-30T06:50:43.126Z,gpu-3uwoq-6g3ya-1,ib_counter,rdma_vf_rail0,port_xmit_discards,0
2026-09-30T06:50:43.126Z,gpu-3uwoq-6g3ya-1,ib_counter,rdma_vf_rail0,link_downed,0
2026-09-30T06:50:43.126Z,gpu-3uwoq-6g3ya-1,ib_hw_counter,rdma_vf_rail0,out_of_sequence,0
2026-09-30T06:50:43.126Z,gpu-3uwoq-6g3ya-1,ib_hw_counter,rdma_vf_rail0,packet_seq_err,8
2026-09-30T06:50:43.126Z,gpu-3uwoq-6g3ya-1,ib_hw_counter,rdma_vf_rail0,local_ack_timeout_err,0
2026-09-30T06:50:43.126Z,gpu-3uwoq-6g3ya-1,ib_hw_counter,rdma_vf_rail0,rx_write_requests,4.45342e+08
2026-09-30T06:50:43.126Z,gpu-3uwoq-6g3ya-1,ib_hw_counter,rdma_vf_rail0,rx_read_requests,9.15014e+06
2026-09-30T06:50:43.126Z,gpu-3uwoq-6g3ya-1,ib_hw_counter,rdma_vf_rail0,req_cqe_error,0
2026-09-30T06:50:43.126Z,gpu-3uwoq-6g3ya-1,ib_hw_counter,rdma_vf_rail0,resp_cqe_error,0
2026-09-30T06:50:43.126Z,gpu-3uwoq-6g3ya-1,ib_hw_counter,rdma_vf_rail0,implied_nak_seq_err,0
2026-09-30T06:50:43.126Z,gpu-3uwoq-6g3ya-1,ib_hw_counter,rdma_vf_rail0,duplicate_request,0
2026-09-30T06:50:43.126Z,gpu-3uwoq-6g3ya-1,ib_counter,rdma_vf_rail1,port_xmit_data,3.98713e+12
2026-09-30T06:50:43.126Z,gpu-3uwoq-6g3ya-1,ib_counter,rdma_vf_rail1,port_rcv_data,2.01923e+12
2026-09-30T06:50:43.126Z,gpu-3uwoq-6g3ya-1,ib_counter,rdma_vf_rail1,port_xmit_packets,1.08083e+09
2026-09-30T06:50:43.126Z,gpu-3uwoq-6g3ya-1,ib_counter,rdma_vf_rail1,port_rcv_packets,7.12022e+08
2026-09-30T06:50:43.126Z,gpu-3uwoq-6g3ya-1,ib_counter,rdma_vf_rail1,port_xmit_wait,0
2026-09-30T06:50:43.126Z,gpu-3uwoq-6g3ya-1,ib_counter,rdma_vf_rail1,port_rcv_errors,0
2026-09-30T06:50:43.126Z,gpu-3uwoq-6g3ya-1,ib_counter,rdma_vf_rail1,port_xmit_discards,0
2026-09-30T06:50:43.126Z,gpu-3uwoq-6g3ya-1,ib_counter,rdma_vf_rail1,link_downed,0
2026-09-30T06:50:43.126Z,gpu-3uwoq-6g3ya-1,ib_hw_counter,rdma_vf_rail1,out_of_sequence,0
2026-09-30T06:50:43.126Z,gpu-3uwoq-6g3ya-1,ib_hw_counter,rdma_vf_rail1,packet_seq_err,8
2026-09-30T06:50:43.126Z,gpu-3uwoq-6g3ya-1,ib_hw_counter,rdma_vf_rail1,local_ack_timeout_err,0
2026-09-30T06:50:43.126Z,gpu-3uwoq-6g3ya-1,ib_hw_counter,rdma_vf_rail1,rx_write_requests,4.43745e+08
2026-09-30T06:50:43.126Z,gpu-3uwoq-6g3ya-1,ib_hw_counter,rdma_vf_rail1,rx_read_requests,8.34912e+06
2026-09-30T06:50:43.126Z,gpu-3uwoq-6g3ya-1,ib_hw_counter,rdma_vf_rail1,req_cqe_error,0
2026-09-30T06:50:43.126Z,gpu-3uwoq-6g3ya-1,ib_hw_counter,rdma_vf_rail1,resp_cqe_error,0
2026-09-30T06:50:43.126Z,gpu-3uwoq-6g3ya-1,ib_hw_counter,rdma_vf_rail1,implied_nak_seq_err,0
2026-09-30T06:50:43.126Z,gpu-3uwoq-6g3ya-1,ib_hw_counter,rdma_vf_rail1,duplicate_request,0
2026-09-30T06:50:43.126Z,gpu-3uwoq-6g3ya-1,ib_counter,rdma_vf_rail2,port_xmit_data,3.95963e+12
2026-09-30T06:50:43.126Z,gpu-3uwoq-6g3ya-1,ib_counter,rdma_vf_rail2,port_rcv_data,1.99145e+12
2026-09-30T06:50:43.126Z,gpu-3uwoq-6g3ya-1,ib_counter,rdma_vf_rail2,port_xmit_packets,1.06629e+09
2026-09-30T06:50:43.126Z,gpu-3uwoq-6g3ya-1,ib_counter,rdma_vf_rail2,port_rcv_packets,6.9299e+08
2026-09-30T06:50:43.126Z,gpu-3uwoq-6g3ya-1,ib_counter,rdma_vf_rail2,port_xmit_wait,0
2026-09-30T06:50:43.126Z,gpu-3uwoq-6g3ya-1,ib_counter,rdma_vf_rail2,port_rcv_errors,0
2026-09-30T06:50:43.126Z,gpu-3uwoq-6g3ya-1,ib_counter,rdma_vf_rail2,port_xmit_discards,0
2026-09-30T06:50:43.126Z,gpu-3uwoq-6g3ya-1,ib_counter,rdma_vf_rail2,link_downed,0
2026-09-30T06:50:43.126Z,gpu-3uwoq-6g3ya-1,ib_hw_counter,rdma_vf_rail2,out_of_sequence,0
2026-09-30T06:50:43.126Z,gpu-3uwoq-6g3ya-1,ib_hw_counter,rdma_vf_rail2,packet_seq_err,7
2026-09-30T06:50:43.126Z,gpu-3uwoq-6g3ya-1,ib_hw_counter,rdma_vf_rail2,local_ack_timeout_err,0
2026-09-30T06:50:43.126Z,gpu-3uwoq-6g3ya-1,ib_hw_counter,rdma_vf_rail2,rx_write_requests,4.43316e+08
2026-09-30T06:50:43.126Z,gpu-3uwoq-6g3ya-1,ib_hw_counter,rdma_vf_rail2,rx_read_requests,8.14149e+06
2026-09-30T06:50:43.126Z,gpu-3uwoq-6g3ya-1,ib_hw_counter,rdma_vf_rail2,req_cqe_error,0
2026-09-30T06:50:43.126Z,gpu-3uwoq-6g3ya-1,ib_hw_counter,rdma_vf_rail2,resp_cqe_error,0
2026-09-30T06:50:43.126Z,gpu-3uwoq-6g3ya-1,ib_hw_counter,rdma_vf_rail2,implied_nak_seq_err,0
2026-09-30T06:50:43.126Z,gpu-3uwoq-6g3ya-1,ib_hw_counter,rdma_vf_rail2,duplicate_request,0
2026-09-30T06:50:43.126Z,gpu-3uwoq-6g3ya-1,ib_counter,rdma_vf_rail3,port_xmit_data,3.95988e+12
2026-09-30T06:50:43.126Z,gpu-3uwoq-6g3ya-1,ib_counter,rdma_vf_rail3,port_rcv_data,1.99122e+12
2026-09-30T06:50:43.126Z,gpu-3uwoq-6g3ya-1,ib_counter,rdma_vf_rail3,port_xmit_packets,1.06706e+09
2026-09-30T06:50:43.126Z,gpu-3uwoq-6g3ya-1,ib_counter,rdma_vf_rail3,port_rcv_packets,6.89807e+08
2026-09-30T06:50:43.126Z,gpu-3uwoq-6g3ya-1,ib_counter,rdma_vf_rail3,port_xmit_wait,0
2026-09-30T06:50:43.126Z,gpu-3uwoq-6g3ya-1,ib_counter,rdma_vf_rail3,port_rcv_errors,0
2026-09-30T06:50:43.126Z,gpu-3uwoq-6g3ya-1,ib_counter,rdma_vf_rail3,port_xmit_discards,0
2026-09-30T06:50:43.126Z,gpu-3uwoq-6g3ya-1,ib_counter,rdma_vf_rail3,link_downed,0
2026-09-30T06:50:43.126Z,gpu-3uwoq-6g3ya-1,ib_hw_counter,rdma_vf_rail3,out_of_sequence,1
2026-09-30T06:50:43.126Z,gpu-3uwoq-6g3ya-1,ib_hw_counter,rdma_vf_rail3,packet_seq_err,7
2026-09-30T06:50:43.126Z,gpu-3uwoq-6g3ya-1,ib_hw_counter,rdma_vf_rail3,local_ack_timeout_err,0
2026-09-30T06:50:43.126Z,gpu-3uwoq-6g3ya-1,ib_hw_counter,rdma_vf_rail3,rx_write_requests,4.43316e+08
2026-09-30T06:50:43.126Z,gpu-3uwoq-6g3ya-1,ib_hw_counter,rdma_vf_rail3,rx_read_requests,8.1415e+06
2026-09-30T06:50:43.126Z,gpu-3uwoq-6g3ya-1,ib_hw_counter,rdma_vf_rail3,req_cqe_error,0
2026-09-30T06:50:43.126Z,gpu-3uwoq-6g3ya-1,ib_hw_counter,rdma_vf_rail3,resp_cqe_error,0
2026-09-30T06:50:43.126Z,gpu-3uwoq-6g3ya-1,ib_hw_counter,rdma_vf_rail3,implied_nak_seq_err,0
2026-09-30T06:50:43.126Z,gpu-3uwoq-6g3ya-1,ib_hw_counter,rdma_vf_rail3,duplicate_request,0
2026-09-30T06:50:43.126Z,gpu-3uwoq-6g3ya-1,dcgm,gpu2,gpu_util,0
2026-09-30T06:50:43.126Z,gpu-3uwoq-6g3ya-1,dcgm,gpu3,gpu_util,0
2026-09-30T06:50:43.126Z,gpu-3uwoq-6g3ya-1,dcgm,gpu0,gpu_util,0
2026-09-30T06:50:43.126Z,gpu-3uwoq-6g3ya-1,dcgm,gpu1,gpu_util,0
2026-09-30T06:50:43.126Z,gpu-3uwoq-6g3ya-1,dcgm,gpu2,nvlink_bandwidth_total,0
2026-09-30T06:50:43.126Z,gpu-3uwoq-6g3ya-1,dcgm,gpu3,nvlink_bandwidth_total,4272
2026-09-30T06:50:43.126Z,gpu-3uwoq-6g3ya-1,dcgm,gpu0,nvlink_bandwidth_total,0
2026-09-30T06:50:43.126Z,gpu-3uwoq-6g3ya-1,dcgm,gpu1,nvlink_bandwidth_total,0
2026-09-30T06:50:43.126Z,gpu-3uwoq-6g3ya-1,dcgm,gpu2,power_w,222.655
2026-09-30T06:50:43.126Z,gpu-3uwoq-6g3ya-1,dcgm,gpu3,power_w,227.026
2026-09-30T06:50:43.126Z,gpu-3uwoq-6g3ya-1,dcgm,gpu0,power_w,230.16
2026-09-30T06:50:43.126Z,gpu-3uwoq-6g3ya-1,dcgm,gpu1,power_w,226.501
2026-09-30T06:50:43.126Z,gpu-3uwoq-6g3ya-1,dcgm,gpu2,sm_clock_mhz,2070
2026-09-30T06:50:43.126Z,gpu-3uwoq-6g3ya-1,dcgm,gpu3,sm_clock_mhz,2070
2026-09-30T06:50:43.126Z,gpu-3uwoq-6g3ya-1,dcgm,gpu0,sm_clock_mhz,2070
2026-09-30T06:50:43.126Z,gpu-3uwoq-6g3ya-1,dcgm,gpu1,sm_clock_mhz,2070
2026-09-30T06:50:43.126Z,gpu-3uwoq-6g3ya-1,dcgm,gpu2,dram_active,0.001429
2026-09-30T06:50:43.126Z,gpu-3uwoq-6g3ya-1,dcgm,gpu3,dram_active,0.001425
2026-09-30T06:50:43.126Z,gpu-3uwoq-6g3ya-1,dcgm,gpu0,dram_active,0.001407
2026-09-30T06:50:43.126Z,gpu-3uwoq-6g3ya-1,dcgm,gpu1,dram_active,0.001406
2026-09-30T06:50:43.126Z,gpu-3uwoq-6g3ya-1,dcgm,gpu2,pcie_rx_bytes,4.79419e+08
2026-09-30T06:50:43.126Z,gpu-3uwoq-6g3ya-1,dcgm,gpu3,pcie_rx_bytes,4.79142e+08
2026-09-30T06:50:43.126Z,gpu-3uwoq-6g3ya-1,dcgm,gpu0,pcie_rx_bytes,4.77722e+08
2026-09-30T06:50:43.126Z,gpu-3uwoq-6g3ya-1,dcgm,gpu1,pcie_rx_bytes,4.77485e+08
2026-09-30T06:50:43.126Z,gpu-3uwoq-6g3ya-1,dcgm,gpu2,pcie_tx_bytes,4.70525e+08
2026-09-30T06:50:43.126Z,gpu-3uwoq-6g3ya-1,dcgm,gpu3,pcie_tx_bytes,4.70253e+08
2026-09-30T06:50:43.126Z,gpu-3uwoq-6g3ya-1,dcgm,gpu0,pcie_tx_bytes,4.68857e+08
2026-09-30T06:50:43.126Z,gpu-3uwoq-6g3ya-1,dcgm,gpu1,pcie_tx_bytes,4.68638e+08
2026-09-30T06:50:43.126Z,gpu-3uwoq-6g3ya-1,dcgm,gpu2,tensor_active,0
2026-09-30T06:50:43.126Z,gpu-3uwoq-6g3ya-1,dcgm,gpu3,tensor_active,0
2026-09-30T06:50:43.126Z,gpu-3uwoq-6g3ya-1,dcgm,gpu0,tensor_active,0
2026-09-30T06:50:43.126Z,gpu-3uwoq-6g3ya-1,dcgm,gpu1,tensor_active,0
2026-09-30T06:50:43.126Z,gpu-3uwoq-6g3ya-1,dcgm,gpu2,sm_active,0.001865
2026-09-30T06:50:43.126Z,gpu-3uwoq-6g3ya-1,dcgm,gpu3,sm_active,0.001948
2026-09-30T06:50:43.126Z,gpu-3uwoq-6g3ya-1,dcgm,gpu0,sm_active,0.001969
2026-09-30T06:50:43.126Z,gpu-3uwoq-6g3ya-1,dcgm,gpu1,sm_active,0.00204
2026-09-30T06:50:43.126Z,gpu-3uwoq-6g3ya-1,nvlink,gpu0,nvlink_rx_bytes,1.03783e+13
2026-09-30T06:50:43.126Z,gpu-3uwoq-6g3ya-1,nvlink,gpu0,nvlink_tx_bytes,1.03828e+13
2026-09-30T06:50:43.126Z,gpu-3uwoq-6g3ya-1,nvlink,gpu1,nvlink_rx_bytes,1.05327e+13
2026-09-30T06:50:43.126Z,gpu-3uwoq-6g3ya-1,nvlink,gpu1,nvlink_tx_bytes,1.05357e+13
2026-09-30T06:50:43.126Z,gpu-3uwoq-6g3ya-1,nvlink,gpu2,nvlink_rx_bytes,1.04008e+13
2026-09-30T06:50:43.126Z,gpu-3uwoq-6g3ya-1,nvlink,gpu2,nvlink_tx_bytes,1.04047e+13
2026-09-30T06:50:43.126Z,gpu-3uwoq-6g3ya-1,nvlink,gpu3,nvlink_rx_bytes,1.03502e+13
2026-09-30T06:50:43.126Z,gpu-3uwoq-6g3ya-1,nvlink,gpu3,nvlink_tx_bytes,1.03535e+13
