ts_iso,node,source,device,metric,value
2026-09-30T07:04:16.785Z,gpu-3uwoq-6g3ya-2,ib_counter,rdma_vf_rail0,port_xmit_data,3.13507e+12
2026-09-30T07:04:16.785Z,gpu-3uwoq-6g3ya-2,ib_counter,rdma_vf_rail0,port_rcv_data,6.09511e+12
2026-09-30T07:04:16.785Z,gpu-3uwoq-6g3ya-2,ib_counter,rdma_vf_rail0,port_xmit_packets,1.06346e+09
2026-09-30T07:04:16.785Z,gpu-3uwoq-6g3ya-2,ib_counter,rdma_vf_rail0,port_rcv_packets,1.69433e+09
2026-09-30T07:04:16.785Z,gpu-3uwoq-6g3ya-2,ib_counter,rdma_vf_rail0,port_xmit_wait,0
2026-09-30T07:04:16.785Z,gpu-3uwoq-6g3ya-2,ib_counter,rdma_vf_rail0,port_rcv_errors,0
2026-09-30T07:04:16.785Z,gpu-3uwoq-6g3ya-2,ib_counter,rdma_vf_rail0,port_xmit_discards,0
2026-09-30T07:04:16.785Z,gpu-3uwoq-6g3ya-2,ib_counter,rdma_vf_rail0,link_downed,0
2026-09-30T07:04:16.785Z,gpu-3uwoq-6g3ya-2,ib_hw_counter,rdma_vf_rail0,out_of_sequence,8
2026-09-30T07:04:16.785Z,gpu-3uwoq-6g3ya-2,ib_hw_counter,rdma_vf_rail0,packet_seq_err,0
2026-09-30T07:04:16.785Z,gpu-3uwoq-6g3ya-2,ib_hw_counter,rdma_vf_rail0,local_ack_timeout_err,0
2026-09-30T07:04:16.785Z,gpu-3uwoq-6g3ya-2,ib_hw_counter,rdma_vf_rail0,rx_write_requests,7.12956e+08
2026-09-30T07:04:16.785Z,gpu-3uwoq-6g3ya-2,ib_hw_counter,rdma_vf_rail0,rx_read_requests,1.33147e+07
2026-09-30T07:04:16.785Z,gpu-3uwoq-6g3ya-2,ib_hw_counter,rdma_vf_rail0,req_cqe_error,0
2026-09-30T07:04:16.785Z,gpu-3uwoq-6g3ya-2,ib_hw_counter,rdma_vf_rail0,resp_cqe_error,0
2026-09-30T07:04:16.785Z,gpu-3uwoq-6g3ya-2,ib_hw_counter,rdma_vf_rail0,implied_nak_seq_err,0
2026-09-30T07:04:16.785Z,gpu-3uwoq-6g3ya-2,ib_hw_counter,rdma_vf_rail0,duplicate_request,0
2026-09-30T07:04:16.785Z,gpu-3uwoq-6g3ya-2,ib_counter,rdma_vf_rail1,port_xmit_data,3.02687e+12
2026-09-30T07:04:16.785Z,gpu-3uwoq-6g3ya-2,ib_counter,rdma_vf_rail1,port_rcv_data,5.987e+12
2026-09-30T07:04:16.785Z,gpu-3uwoq-6g3ya-2,ib_counter,rdma_vf_rail1,port_xmit_packets,1.03075e+09
2026-09-30T07:04:16.785Z,gpu-3uwoq-6g3ya-2,ib_counter,rdma_vf_rail1,port_rcv_packets,1.66181e+09
2026-09-30T07:04:16.785Z,gpu-3uwoq-6g3ya-2,ib_counter,rdma_vf_rail1,port_xmit_wait,0
2026-09-30T07:04:16.785Z,gpu-3uwoq-6g3ya-2,ib_counter,rdma_vf_rail1,port_rcv_errors,0
2026-09-30T07:04:16.785Z,gpu-3uwoq-6g3ya-2,ib_counter,rdma_vf_rail1,port_xmit_discards,0
2026-09-30T07:04:16.785Z,gpu-3uwoq-6g3ya-2,ib_counter,rdma_vf_rail1,link_downed,0
2026-09-30T07:04:16.785Z,gpu-3uwoq-6g3ya-2,ib_hw_counter,rdma_vf_rail1,out_of_sequence,8
2026-09-30T07:04:16.785Z,gpu-3uwoq-6g3ya-2,ib_hw_counter,rdma_vf_rail1,packet_seq_err,0
2026-09-30T07:04:16.785Z,gpu-3uwoq-6g3ya-2,ib_hw_counter,rdma_vf_rail1,local_ack_timeout_err,0
2026-09-30T07:04:16.785Z,gpu-3uwoq-6g3ya-2,ib_hw_counter,rdma_vf_rail1,rx_write_requests,7.11363e+08
2026-09-30T07:04:16.785Z,gpu-3uwoq-6g3ya-2,ib_hw_counter,rdma_vf_rail1,rx_read_requests,1.2514e+07
2026-09-30T07:04:16.785Z,gpu-3uwoq-6g3ya-2,ib_hw_counter,rdma_vf_rail1,req_cqe_error,0
2026-09-30T07:04:16.785Z,gpu-3uwoq-6g3ya-2,ib_hw_counter,rdma_vf_rail1,resp_cqe_error,0
2026-09-30T07:04:16.785Z,gpu-3uwoq-6g3ya-2,ib_hw_counter,rdma_vf_rail1,implied_nak_seq_err,0
2026-09-30T07:04:16.785Z,gpu-3uwoq-6g3ya-2,ib_hw_counter,rdma_vf_rail1,duplicate_request,0
2026-09-30T07:04:16.785Z,gpu-3uwoq-6g3ya-2,ib_counter,rdma_vf_rail2,port_xmit_data,2.9993e+12
2026-09-30T07:04:16.785Z,gpu-3uwoq-6g3ya-2,ib_counter,rdma_vf_rail2,port_rcv_data,5.95874e+12
2026-09-30T07:04:16.785Z,gpu-3uwoq-6g3ya-2,ib_counter,rdma_vf_rail2,port_xmit_packets,1.01306e+09
2026-09-30T07:04:16.785Z,gpu-3uwoq-6g3ya-2,ib_counter,rdma_vf_rail2,port_rcv_packets,1.63786e+09
2026-09-30T07:04:16.785Z,gpu-3uwoq-6g3ya-2,ib_counter,rdma_vf_rail2,port_xmit_wait,0
2026-09-30T07:04:16.785Z,gpu-3uwoq-6g3ya-2,ib_counter,rdma_vf_rail2,port_rcv_errors,0
2026-09-30T07:04:16.785Z,gpu-3uwoq-6g3ya-2,ib_counter,rdma_vf_rail2,port_xmit_discards,0
2026-09-30T07:04:16.785Z,gpu-3uwoq-6g3ya-2,ib_counter,rdma_vf_rail2,link_downed,0
2026-09-30T07:04:16.785Z,gpu-3uwoq-6g3ya-2,ib_hw_counter,rdma_vf_rail2,out_of_sequence,8
2026-09-30T07:04:16.785Z,gpu-3uwoq-6g3ya-2,ib_hw_counter,rdma_vf_rail2,packet_seq_err,0
2026-09-30T07:04:16.785Z,gpu-3uwoq-6g3ya-2,ib_hw_counter,rdma_vf_rail2,local_ack_timeout_err,0
2026-09-30T07:04:16.785Z,gpu-3uwoq-6g3ya-2,ib_hw_counter,rdma_vf_rail2,rx_write_requests,7.1093e+08
2026-09-30T07:04:16.785Z,gpu-3uwoq-6g3ya-2,ib_hw_counter,rdma_vf_rail2,rx_read_requests,1.23061e+07
2026-09-30T07:04:16.785Z,gpu-3uwoq-6g3ya-2,ib_hw_counter,rdma_vf_rail2,req_cqe_error,0
2026-09-30T07:04:16.785Z,gpu-3uwoq-6g3ya-2,ib_hw_counter,rdma_vf_rail2,resp_cqe_error,0
2026-09-30T07:04:16.785Z,gpu-3uwoq-6g3ya-2,ib_hw_counter,rdma_vf_rail2,implied_nak_seq_err,0
2026-09-30T07:04:16.785Z,gpu-3uwoq-6g3ya-2,ib_hw_counter,rdma_vf_rail2,duplicate_request,0
2026-09-30T07:04:16.785Z,gpu-3uwoq-6g3ya-2,ib_counter,rdma_vf_rail3,port_xmit_data,2.99916e+12
2026-09-30T07:04:16.785Z,gpu-3uwoq-6g3ya-2,ib_counter,rdma_vf_rail3,port_rcv_data,5.95935e+12
2026-09-30T07:04:16.785Z,gpu-3uwoq-6g3ya-2,ib_counter,rdma_vf_rail3,port_xmit_packets,1.0114e+09
2026-09-30T07:04:16.785Z,gpu-3uwoq-6g3ya-2,ib_counter,rdma_vf_rail3,port_rcv_packets,1.64526e+09
2026-09-30T07:04:16.785Z,gpu-3uwoq-6g3ya-2,ib_counter,rdma_vf_rail3,port_xmit_wait,0
2026-09-30T07:04:16.785Z,gpu-3uwoq-6g3ya-2,ib_counter,rdma_vf_rail3,port_rcv_errors,0
2026-09-30T07:04:16.785Z,gpu-3uwoq-6g3ya-2,ib_counter,rdma_vf_rail3,port_xmit_discards,0
2026-09-30T07:04:16.785Z,gpu-3uwoq-6g3ya-2,ib_counter,rdma_vf_rail3,link_downed,0
2026-09-30T07:04:16.785Z,gpu-3uwoq-6g3ya-2,ib_hw_counter,rdma_vf_rail3,out_of_sequence,7
2026-09-30T07:04:16.785Z,gpu-3uwoq-6g3ya-2,ib_hw_counter,rdma_vf_rail3,packet_seq_err,1
2026-09-30T07:04:16.785Z,gpu-3uwoq-6g3ya-2,ib_hw_counter,rdma_vf_rail3,local_ack_timeout_err,0
2026-09-30T07:04:16.785Z,gpu-3uwoq-6g3ya-2,ib_hw_counter,rdma_vf_rail3,rx_write_requests,7.1093e+08
2026-09-30T07:04:16.785Z,gpu-3uwoq-6g3ya-2,ib_hw_counter,rdma_vf_rail3,rx_read_requests,1.23061e+07
2026-09-30T07:04:16.785Z,gpu-3uwoq-6g3ya-2,ib_hw_counter,rdma_vf_rail3,req_cqe_error,0
2026-09-30T07:04:16.785Z,gpu-3uwoq-6g3ya-2,ib_hw_counter,rdma_vf_rail3,resp_cqe_error,0
2026-09-30T07:04:16.785Z,gpu-3uwoq-6g3ya-2,ib_hw_counter,rdma_vf_rail3,implied_nak_seq_err,0
2026-09-30T07:04:16.785Z,gpu-3uwoq-6g3ya-2,ib_hw_counter,rdma_vf_rail3,duplicate_request,0
2026-09-30T07:04:16.785Z,gpu-3uwoq-6g3ya-2,dcgm,gpu2,gpu_util,0
2026-09-30T07:04:16.785Z,gpu-3uwoq-6g3ya-2,dcgm,gpu3,gpu_util,0
2026-09-30T07:04:16.785Z,gpu-3uwoq-6g3ya-2,dcgm,gpu1,gpu_util,0
2026-09-30T07:04:16.785Z,gpu-3uwoq-6g3ya-2,dcgm,gpu0,gpu_util,0
2026-09-30T07:04:16.785Z,gpu-3uwoq-6g3ya-2,dcgm,gpu2,nvlink_bandwidth_total,4276
2026-09-30T07:04:16.785Z,gpu-3uwoq-6g3ya-2,dcgm,gpu3,nvlink_bandwidth_total,4276
2026-09-30T07:04:16.785Z,gpu-3uwoq-6g3ya-2,dcgm,gpu1,nvlink_bandwidth_total,4276
2026-09-30T07:04:16.785Z,gpu-3uwoq-6g3ya-2,dcgm,gpu0,nvlink_bandwidth_total,4276
2026-09-30T07:04:16.785Z,gpu-3uwoq-6g3ya-2,dcgm,gpu2,power_w,230.638
2026-09-30T07:04:16.785Z,gpu-3uwoq-6g3ya-2,dcgm,gpu3,power_w,233.779
2026-09-30T07:04:16.785Z,gpu-3uwoq-6g3ya-2,dcgm,gpu1,power_w,230.033
2026-09-30T07:04:16.785Z,gpu-3uwoq-6g3ya-2,dcgm,gpu0,power_w,226.508
2026-09-30T07:04:16.785Z,gpu-3uwoq-6g3ya-2,dcgm,gpu2,sm_clock_mhz,2070
2026-09-30T07:04:16.785Z,gpu-3uwoq-6g3ya-2,dcgm,gpu3,sm_clock_mhz,2070
2026-09-30T07:04:16.785Z,gpu-3uwoq-6g3ya-2,dcgm,gpu1,sm_clock_mhz,2070
2026-09-30T07:04:16.785Z,gpu-3uwoq-6g3ya-2,dcgm,gpu0,sm_clock_mhz,2070
2026-09-30T07:04:16.785Z,gpu-3uwoq-6g3ya-2,dcgm,gpu2,dram_active,0.001419
2026-09-30T07:04:16.785Z,gpu-3uwoq-6g3ya-2,dcgm,gpu3,dram_active,0.001424
2026-09-30T07:04:16.785Z,gpu-3uwoq-6g3ya-2,dcgm,gpu1,dram_active,0.001411
2026-09-30T07:04:16.785Z,gpu-3uwoq-6g3ya-2,dcgm,gpu0,dram_active,0.001412
2026-09-30T07:04:16.785Z,gpu-3uwoq-6g3ya-2,dcgm,gpu2,pcie_rx_bytes,4.77323e+08
2026-09-30T07:04:16.785Z,gpu-3uwoq-6g3ya-2,dcgm,gpu3,pcie_rx_bytes,4.78716e+08
2026-09-30T07:04:16.785Z,gpu-3uwoq-6g3ya-2,dcgm,gpu1,pcie_rx_bytes,4.7863e+08
2026-09-30T07:04:16.785Z,gpu-3uwoq-6g3ya-2,dcgm,gpu0,pcie_rx_bytes,4.77401e+08
2026-09-30T07:04:16.785Z,gpu-3uwoq-6g3ya-2,dcgm,gpu2,pcie_tx_bytes,4.68478e+08
2026-09-30T07:04:16.785Z,gpu-3uwoq-6g3ya-2,dcgm,gpu3,pcie_tx_bytes,4.69846e+08
2026-09-30T07:04:16.785Z,gpu-3uwoq-6g3ya-2,dcgm,gpu1,pcie_tx_bytes,4.69761e+08
2026-09-30T07:04:16.785Z,gpu-3uwoq-6g3ya-2,dcgm,gpu0,pcie_tx_bytes,4.68553e+08
2026-09-30T07:04:16.785Z,gpu-3uwoq-6g3ya-2,dcgm,gpu2,tensor_active,0
2026-09-30T07:04:16.785Z,gpu-3uwoq-6g3ya-2,dcgm,gpu3,tensor_active,0
2026-09-30T07:04:16.785Z,gpu-3uwoq-6g3ya-2,dcgm,gpu1,tensor_active,0
2026-09-30T07:04:16.785Z,gpu-3uwoq-6g3ya-2,dcgm,gpu0,tensor_active,0
2026-09-30T07:04:16.785Z,gpu-3uwoq-6g3ya-2,dcgm,gpu2,sm_active,0.001698
2026-09-30T07:04:16.785Z,gpu-3uwoq-6g3ya-2,dcgm,gpu3,sm_active,0.001783
2026-09-30T07:04:16.785Z,gpu-3uwoq-6g3ya-2,dcgm,gpu1,sm_active,0.001829
2026-09-30T07:04:16.785Z,gpu-3uwoq-6g3ya-2,dcgm,gpu0,sm_active,0.001667
2026-09-30T07:04:16.785Z,gpu-3uwoq-6g3ya-2,nvlink,gpu0,nvlink_rx_bytes,4.80963e+13
2026-09-30T07:04:16.785Z,gpu-3uwoq-6g3ya-2,nvlink,gpu0,nvlink_tx_bytes,4.80995e+13
2026-09-30T07:04:16.785Z,gpu-3uwoq-6g3ya-2,nvlink,gpu1,nvlink_rx_bytes,4.82499e+13
2026-09-30T07:04:16.785Z,gpu-3uwoq-6g3ya-2,nvlink,gpu1,nvlink_tx_bytes,4.8252e+13
2026-09-30T07:04:16.785Z,gpu-3uwoq-6g3ya-2,nvlink,gpu2,nvlink_rx_bytes,4.80847e+13
2026-09-30T07:04:16.785Z,gpu-3uwoq-6g3ya-2,nvlink,gpu2,nvlink_tx_bytes,4.80882e+13
2026-09-30T07:04:16.785Z,gpu-3uwoq-6g3ya-2,nvlink,gpu3,nvlink_rx_bytes,4.80322e+13
2026-09-30T07:04:16.785Z,gpu-3uwoq-6g3ya-2,nvlink,gpu3,nvlink_tx_bytes,4.80353e+13
2026-09-30T07:04:17.785Z,gpu-3uwoq-6g3ya-2,ib_counter,rdma_vf_rail0,port_xmit_data,3.13507e+12
2026-09-30T07:04:17.785Z,gpu-3uwoq-6g3ya-2,ib_counter,rdma_vf_rail0,port_rcv_data,6.09511e+12
2026-09-30T07:04:17.785Z,gpu-3uwoq-6g3ya-2,ib_counter,rdma_vf_rail0,port_xmit_packets,1.06346e+09
2026-09-30T07:04:17.785Z,gpu-3uwoq-6g3ya-2,ib_counter,rdma_vf_rail0,port_rcv_packets,1.69433e+09
2026-09-30T07:04:17.785Z,gpu-3uwoq-6g3ya-2,ib_counter,rdma_vf_rail0,port_xmit_wait,0
2026-09-30T07:04:17.785Z,gpu-3uwoq-6g3ya-2,ib_counter,rdma_vf_rail0,port_rcv_errors,0
2026-09-30T07:04:17.785Z,gpu-3uwoq-6g3ya-2,ib_counter,rdma_vf_rail0,port_xmit_discards,0
2026-09-30T07:04:17.785Z,gpu-3uwoq-6g3ya-2,ib_counter,rdma_vf_rail0,link_downed,0
2026-09-30T07:04:17.785Z,gpu-3uwoq-6g3ya-2,ib_hw_counter,rdma_vf_rail0,out_of_sequence,8
2026-09-30T07:04:17.785Z,gpu-3uwoq-6g3ya-2,ib_hw_counter,rdma_vf_rail0,packet_seq_err,0
2026-09-30T07:04:17.785Z,gpu-3uwoq-6g3ya-2,ib_hw_counter,rdma_vf_rail0,local_ack_timeout_err,0
2026-09-30T07:04:17.785Z,gpu-3uwoq-6g3ya-2,ib_hw_counter,rdma_vf_rail0,rx_write_requests,7.12956e+08
2026-09-30T07:04:17.785Z,gpu-3uwoq-6g3ya-2,ib_hw_counter,rdma_vf_rail0,rx_read_requests,1.33147e+07
2026-09-30T07:04:17.785Z,gpu-3uwoq-6g3ya-2,ib_hw_counter,rdma_vf_rail0,req_cqe_error,0
2026-09-30T07:04:17.785Z,gpu-3uwoq-6g3ya-2,ib_hw_counter,rdma_vf_rail0,resp_cqe_error,0
2026-09-30T07:04:17.785Z,gpu-3uwoq-6g3ya-2,ib_hw_counter,rdma_vf_rail0,implied_nak_seq_err,0
2026-09-30T07:04:17.785Z,gpu-3uwoq-6g3ya-2,ib_hw_counter,rdma_vf_rail0,duplicate_request,0
2026-09-30T07:04:17.785Z,gpu-3uwoq-6g3ya-2,ib_counter,rdma_vf_rail1,port_xmit_data,3.02687e+12
2026-09-30T07:04:17.785Z,gpu-3uwoq-6g3ya-2,ib_counter,rdma_vf_rail1,port_rcv_data,5.987e+12
2026-09-30T07:04:17.785Z,gpu-3uwoq-6g3ya-2,ib_counter,rdma_vf_rail1,port_xmit_packets,1.03075e+09
2026-09-30T07:04:17.785Z,gpu-3uwoq-6g3ya-2,ib_counter,rdma_vf_rail1,port_rcv_packets,1.66181e+09
2026-09-30T07:04:17.785Z,gpu-3uwoq-6g3ya-2,ib_counter,rdma_vf_rail1,port_xmit_wait,0
2026-09-30T07:04:17.785Z,gpu-3uwoq-6g3ya-2,ib_counter,rdma_vf_rail1,port_rcv_errors,0
2026-09-30T07:04:17.785Z,gpu-3uwoq-6g3ya-2,ib_counter,rdma_vf_rail1,port_xmit_discards,0
2026-09-30T07:04:17.785Z,gpu-3uwoq-6g3ya-2,ib_counter,rdma_vf_rail1,link_downed,0
2026-09-30T07:04:17.785Z,gpu-3uwoq-6g3ya-2,ib_hw_counter,rdma_vf_rail1,out_of_sequence,8
2026-09-30T07:04:17.785Z,gpu-3uwoq-6g3ya-2,ib_hw_counter,rdma_vf_rail1,packet_seq_err,0
2026-09-30T07:04:17.785Z,gpu-3uwoq-6g3ya-2,ib_hw_counter,rdma_vf_rail1,local_ack_timeout_err,0
2026-09-30T07:04:17.785Z,gpu-3uwoq-6g3ya-2,ib_hw_counter,rdma_vf_rail1,rx_write_requests,7.11363e+08
2026-09-30T07:04:17.785Z,gpu-3uwoq-6g3ya-2,ib_hw_counter,rdma_vf_rail1,rx_read_requests,1.2514e+07
2026-09-30T07:04:17.785Z,gpu-3uwoq-6g3ya-2,ib_hw_counter,rdma_vf_rail1,req_cqe_error,0
2026-09-30T07:04:17.785Z,gpu-3uwoq-6g3ya-2,ib_hw_counter,rdma_vf_rail1,resp_cqe_error,0
2026-09-30T07:04:17.785Z,gpu-3uwoq-6g3ya-2,ib_hw_counter,rdma_vf_rail1,implied_nak_seq_err,0
2026-09-30T07:04:17.785Z,gpu-3uwoq-6g3ya-2,ib_hw_counter,rdma_vf_rail1,duplicate_request,0
2026-09-30T07:04:17.785Z,gpu-3uwoq-6g3ya-2,ib_counter,rdma_vf_rail2,port_xmit_data,2.9993e+12
2026-09-30T07:04:17.785Z,gpu-3uwoq-6g3ya-2,ib_counter,rdma_vf_rail2,port_rcv_data,5.95874e+12
2026-09-30T07:04:17.785Z,gpu-3uwoq-6g3ya-2,ib_counter,rdma_vf_rail2,port_xmit_packets,1.01306e+09
2026-09-30T07:04:17.785Z,gpu-3uwoq-6g3ya-2,ib_counter,rdma_vf_rail2,port_rcv_packets,1.63786e+09
2026-09-30T07:04:17.785Z,gpu-3uwoq-6g3ya-2,ib_counter,rdma_vf_rail2,port_xmit_wait,0
2026-09-30T07:04:17.785Z,gpu-3uwoq-6g3ya-2,ib_counter,rdma_vf_rail2,port_rcv_errors,0
2026-09-30T07:04:17.785Z,gpu-3uwoq-6g3ya-2,ib_counter,rdma_vf_rail2,port_xmit_discards,0
2026-09-30T07:04:17.785Z,gpu-3uwoq-6g3ya-2,ib_counter,rdma_vf_rail2,link_downed,0
2026-09-30T07:04:17.785Z,gpu-3uwoq-6g3ya-2,ib_hw_counter,rdma_vf_rail2,out_of_sequence,8
2026-09-30T07:04:17.785Z,gpu-3uwoq-6g3ya-2,ib_hw_counter,rdma_vf_rail2,packet_seq_err,0
2026-09-30T07:04:17.785Z,gpu-3uwoq-6g3ya-2,ib_hw_counter,rdma_vf_rail2,local_ack_timeout_err,0
2026-09-30T07:04:17.785Z,gpu-3uwoq-6g3ya-2,ib_hw_counter,rdma_vf_rail2,rx_write_requests,7.1093e+08
2026-09-30T07:04:17.785Z,gpu-3uwoq-6g3ya-2,ib_hw_counter,rdma_vf_rail2,rx_read_requests,1.23061e+07
2026-09-30T07:04:17.785Z,gpu-3uwoq-6g3ya-2,ib_hw_counter,rdma_vf_rail2,req_cqe_error,0
2026-09-30T07:04:17.785Z,gpu-3uwoq-6g3ya-2,ib_hw_counter,rdma_vf_rail2,resp_cqe_error,0
2026-09-30T07:04:17.785Z,gpu-3uwoq-6g3ya-2,ib_hw_counter,rdma_vf_rail2,implied_nak_seq_err,0
2026-09-30T07:04:17.785Z,gpu-3uwoq-6g3ya-2,ib_hw_counter,rdma_vf_rail2,duplicate_request,0
2026-09-30T07:04:17.785Z,gpu-3uwoq-6g3ya-2,ib_counter,rdma_vf_rail3,port_xmit_data,2.99916e+12
2026-09-30T07:04:17.785Z,gpu-3uwoq-6g3ya-2,ib_counter,rdma_vf_rail3,port_rcv_data,5.95935e+12
2026-09-30T07:04:17.785Z,gpu-3uwoq-6g3ya-2,ib_counter,rdma_vf_rail3,port_xmit_packets,1.0114e+09
2026-09-30T07:04:17.785Z,gpu-3uwoq-6g3ya-2,ib_counter,rdma_vf_rail3,port_rcv_packets,1.64526e+09
2026-09-30T07:04:17.785Z,gpu-3uwoq-6g3ya-2,ib_counter,rdma_vf_rail3,port_xmit_wait,0
2026-09-30T07:04:17.785Z,gpu-3uwoq-6g3ya-2,ib_counter,rdma_vf_rail3,port_rcv_errors,0
2026-09-30T07:04:17.785Z,gpu-3uwoq-6g3ya-2,ib_counter,rdma_vf_rail3,port_xmit_discards,0
2026-09-30T07:04:17.785Z,gpu-3uwoq-6g3ya-2,ib_counter,rdma_vf_rail3,link_downed,0
2026-09-30T07:04:17.785Z,gpu-3uwoq-6g3ya-2,ib_hw_counter,rdma_vf_rail3,out_of_sequence,7
2026-09-30T07:04:17.785Z,gpu-3uwoq-6g3ya-2,ib_hw_counter,rdma_vf_rail3,packet_seq_err,1
2026-09-30T07:04:17.785Z,gpu-3uwoq-6g3ya-2,ib_hw_counter,rdma_vf_rail3,local_ack_timeout_err,0
2026-09-30T07:04:17.785Z,gpu-3uwoq-6g3ya-2,ib_hw_counter,rdma_vf_rail3,rx_write_requests,7.1093e+08
2026-09-30T07:04:17.785Z,gpu-3uwoq-6g3ya-2,ib_hw_counter,rdma_vf_rail3,rx_read_requests,1.23061e+07
2026-09-30T07:04:17.785Z,gpu-3uwoq-6g3ya-2,ib_hw_counter,rdma_vf_rail3,req_cqe_error,0
2026-09-30T07:04:17.785Z,gpu-3uwoq-6g3ya-2,ib_hw_counter,rdma_vf_rail3,resp_cqe_error,0
2026-09-30T07:04:17.785Z,gpu-3uwoq-6g3ya-2,ib_hw_counter,rdma_vf_rail3,implied_nak_seq_err,0
2026-09-30T07:04:17.785Z,gpu-3uwoq-6g3ya-2,ib_hw_counter,rdma_vf_rail3,duplicate_request,0
2026-09-30T07:04:17.785Z,gpu-3uwoq-6g3ya-2,dcgm,gpu2,gpu_util,0
2026-09-30T07:04:17.785Z,gpu-3uwoq-6g3ya-2,dcgm,gpu3,gpu_util,0
2026-09-30T07:04:17.785Z,gpu-3uwoq-6g3ya-2,dcgm,gpu1,gpu_util,0
2026-09-30T07:04:17.785Z,gpu-3uwoq-6g3ya-2,dcgm,gpu0,gpu_util,0
2026-09-30T07:04:17.785Z,gpu-3uwoq-6g3ya-2,dcgm,gpu2,nvlink_bandwidth_total,0
2026-09-30T07:04:17.785Z,gpu-3uwoq-6g3ya-2,dcgm,gpu3,nvlink_bandwidth_total,0
2026-09-30T07:04:17.785Z,gpu-3uwoq-6g3ya-2,dcgm,gpu1,nvlink_bandwidth_total,0
2026-09-30T07:04:17.785Z,gpu-3uwoq-6g3ya-2,dcgm,gpu0,nvlink_bandwidth_total,0
2026-09-30T07:04:17.785Z,gpu-3uwoq-6g3ya-2,dcgm,gpu2,power_w,230.685
2026-09-30T07:04:17.785Z,gpu-3uwoq-6g3ya-2,dcgm,gpu3,power_w,234.316
2026-09-30T07:04:17.785Z,gpu-3uwoq-6g3ya-2,dcgm,gpu1,power_w,230.033
2026-09-30T07:04:17.785Z,gpu-3uwoq-6g3ya-2,dcgm,gpu0,power_w,226.508
2026-09-30T07:04:17.785Z,gpu-3uwoq-6g3ya-2,dcgm,gpu2,sm_clock_mhz,2070
2026-09-30T07:04:17.785Z,gpu-3uwoq-6g3ya-2,dcgm,gpu3,sm_clock_mhz,2070
2026-09-30T07:04:17.785Z,gpu-3uwoq-6g3ya-2,dcgm,gpu1,sm_clock_mhz,2070
2026-09-30T07:04:17.785Z,gpu-3uwoq-6g3ya-2,dcgm,gpu0,sm_clock_mhz,2070
2026-09-30T07:04:17.785Z,gpu-3uwoq-6g3ya-2,dcgm,gpu2,dram_active,0
2026-09-30T07:04:17.785Z,gpu-3uwoq-6g3ya-2,dcgm,gpu3,dram_active,0
2026-09-30T07:04:17.785Z,gpu-3uwoq-6g3ya-2,dcgm,gpu1,dram_active,0.001411
2026-09-30T07:04:17.785Z,gpu-3uwoq-6g3ya-2,dcgm,gpu0,dram_active,0.001412
2026-09-30T07:04:17.785Z,gpu-3uwoq-6g3ya-2,dcgm,gpu2,pcie_rx_bytes,70491
2026-09-30T07:04:17.785Z,gpu-3uwoq-6g3ya-2,dcgm,gpu3,pcie_rx_bytes,4.78716e+08
2026-09-30T07:04:17.785Z,gpu-3uwoq-6g3ya-2,dcgm,gpu1,pcie_rx_bytes,84384
2026-09-30T07:04:17.785Z,gpu-3uwoq-6g3ya-2,dcgm,gpu0,pcie_rx_bytes,78827
2026-09-30T07:04:17.785Z,gpu-3uwoq-6g3ya-2,dcgm,gpu2,pcie_tx_bytes,4.68478e+08
2026-09-30T07:04:17.785Z,gpu-3uwoq-6g3ya-2,dcgm,gpu3,pcie_tx_bytes,4.69846e+08
2026-09-30T07:04:17.785Z,gpu-3uwoq-6g3ya-2,dcgm,gpu1,pcie_tx_bytes,80261
2026-09-30T07:04:17.785Z,gpu-3uwoq-6g3ya-2,dcgm,gpu0,pcie_tx_bytes,74686
2026-09-30T07:04:17.785Z,gpu-3uwoq-6g3ya-2,dcgm,gpu2,tensor_active,0
2026-09-30T07:04:17.785Z,gpu-3uwoq-6g3ya-2,dcgm,gpu3,tensor_active,0
2026-09-30T07:04:17.785Z,gpu-3uwoq-6g3ya-2,dcgm,gpu1,tensor_active,0
2026-09-30T07:04:17.785Z,gpu-3uwoq-6g3ya-2,dcgm,gpu0,tensor_active,0
2026-09-30T07:04:17.785Z,gpu-3uwoq-6g3ya-2,dcgm,gpu2,sm_active,0
2026-09-30T07:04:17.785Z,gpu-3uwoq-6g3ya-2,dcgm,gpu3,sm_active,0.001783
2026-09-30T07:04:17.785Z,gpu-3uwoq-6g3ya-2,dcgm,gpu1,sm_active,0.001829
2026-09-30T07:04:17.785Z,gpu-3uwoq-6g3ya-2,dcgm,gpu0,sm_active,0
2026-09-30T07:04:17.785Z,gpu-3uwoq-6g3ya-2,nvlink,gpu0,nvlink_rx_bytes,4.80963e+13
2026-09-30T07:04:17.785Z,gpu-3uwoq-6g3ya-2,nvlink,gpu0,nvlink_tx_bytes,4.80995e+13
2026-09-30T07:04:17.785Z,gpu-3uwoq-6g3ya-2,nvlink,gpu1,nvlink_rx_bytes,4.82499e+13
2026-09-30T07:04:17.785Z,gpu-3uwoq-6g3ya-2,nvlink,gpu1,nvlink_tx_bytes,4.8252e+13
2026-09-30T07:04:17.785Z,gpu-3uwoq-6g3ya-2,nvlink,gpu2,nvlink_rx_bytes,4.80847e+13
2026-09-30T07:04:17.785Z,gpu-3uwoq-6g3ya-2,nvlink,gpu2,nvlink_tx_bytes,4.80882e+13
2026-09-30T07:04:17.785Z,gpu-3uwoq-6g3ya-2,nvlink,gpu3,nvlink_rx_bytes,4.80322e+13
2026-09-30T07:04:17.785Z,gpu-3uwoq-6g3ya-2,nvlink,gpu3,nvlink_tx_bytes,4.80353e+13
2026-09-30T07:04:18.785Z,gpu-3uwoq-6g3ya-2,ib_counter,rdma_vf_rail0,port_xmit_data,3.13507e+12
2026-09-30T07:04:18.785Z,gpu-3uwoq-6g3ya-2,ib_counter,rdma_vf_rail0,port_rcv_data,6.09511e+12
2026-09-30T07:04:18.785Z,gpu-3uwoq-6g3ya-2,ib_counter,rdma_vf_rail0,port_xmit_packets,1.06346e+09
2026-09-30T07:04:18.785Z,gpu-3uwoq-6g3ya-2,ib_counter,rdma_vf_rail0,port_rcv_packets,1.69433e+09
2026-09-30T07:04:18.785Z,gpu-3uwoq-6g3ya-2,ib_counter,rdma_vf_rail0,port_xmit_wait,0
2026-09-30T07:04:18.785Z,gpu-3uwoq-6g3ya-2,ib_counter,rdma_vf_rail0,port_rcv_errors,0
2026-09-30T07:04:18.785Z,gpu-3uwoq-6g3ya-2,ib_counter,rdma_vf_rail0,port_xmit_discards,0
2026-09-30T07:04:18.785Z,gpu-3uwoq-6g3ya-2,ib_counter,rdma_vf_rail0,link_downed,0
2026-09-30T07:04:18.785Z,gpu-3uwoq-6g3ya-2,ib_hw_counter,rdma_vf_rail0,out_of_sequence,8
2026-09-30T07:04:18.785Z,gpu-3uwoq-6g3ya-2,ib_hw_counter,rdma_vf_rail0,packet_seq_err,0
2026-09-30T07:04:18.785Z,gpu-3uwoq-6g3ya-2,ib_hw_counter,rdma_vf_rail0,local_ack_timeout_err,0
2026-09-30T07:04:18.785Z,gpu-3uwoq-6g3ya-2,ib_hw_counter,rdma_vf_rail0,rx_write_requests,7.12956e+08
2026-09-30T07:04:18.785Z,gpu-3uwoq-6g3ya-2,ib_hw_counter,rdma_vf_rail0,rx_read_requests,1.33147e+07
2026-09-30T07:04:18.785Z,gpu-3uwoq-6g3ya-2,ib_hw_counter,rdma_vf_rail0,req_cqe_error,0
2026-09-30T07:04:18.785Z,gpu-3uwoq-6g3ya-2,ib_hw_counter,rdma_vf_rail0,resp_cqe_error,0
2026-09-30T07:04:18.785Z,gpu-3uwoq-6g3ya-2,ib_hw_counter,rdma_vf_rail0,implied_nak_seq_err,0
2026-09-30T07:04:18.785Z,gpu-3uwoq-6g3ya-2,ib_hw_counter,rdma_vf_rail0,duplicate_request,0
2026-09-30T07:04:18.785Z,gpu-3uwoq-6g3ya-2,ib_counter,rdma_vf_rail1,port_xmit_data,3.02687e+12
2026-09-30T07:04:18.785Z,gpu-3uwoq-6g3ya-2,ib_counter,rdma_vf_rail1,port_rcv_data,5.987e+12
2026-09-30T07:04:18.785Z,gpu-3uwoq-6g3ya-2,ib_counter,rdma_vf_rail1,port_xmit_packets,1.03075e+09
2026-09-30T07:04:18.785Z,gpu-3uwoq-6g3ya-2,ib_counter,rdma_vf_rail1,port_rcv_packets,1.66181e+09
2026-09-30T07:04:18.785Z,gpu-3uwoq-6g3ya-2,ib_counter,rdma_vf_rail1,port_xmit_wait,0
2026-09-30T07:04:18.785Z,gpu-3uwoq-6g3ya-2,ib_counter,rdma_vf_rail1,port_rcv_errors,0
2026-09-30T07:04:18.785Z,gpu-3uwoq-6g3ya-2,ib_counter,rdma_vf_rail1,port_xmit_discards,0
2026-09-30T07:04:18.785Z,gpu-3uwoq-6g3ya-2,ib_counter,rdma_vf_rail1,link_downed,0
2026-09-30T07:04:18.785Z,gpu-3uwoq-6g3ya-2,ib_hw_counter,rdma_vf_rail1,out_of_sequence,8
2026-09-30T07:04:18.785Z,gpu-3uwoq-6g3ya-2,ib_hw_counter,rdma_vf_rail1,packet_seq_err,0
2026-09-30T07:04:18.785Z,gpu-3uwoq-6g3ya-2,ib_hw_counter,rdma_vf_rail1,local_ack_timeout_err,0
2026-09-30T07:04:18.785Z,gpu-3uwoq-6g3ya-2,ib_hw_counter,rdma_vf_rail1,rx_write_requests,7.11363e+08
2026-09-30T07:04:18.785Z,gpu-3uwoq-6g3ya-2,ib_hw_counter,rdma_vf_rail1,rx_read_requests,1.2514e+07
2026-09-30T07:04:18.785Z,gpu-3uwoq-6g3ya-2,ib_hw_counter,rdma_vf_rail1,req_cqe_error,0
2026-09-30T07:04:18.785Z,gpu-3uwoq-6g3ya-2,ib_hw_counter,rdma_vf_rail1,resp_cqe_error,0
2026-09-30T07:04:18.785Z,gpu-3uwoq-6g3ya-2,ib_hw_counter,rdma_vf_rail1,implied_nak_seq_err,0
2026-09-30T07:04:18.785Z,gpu-3uwoq-6g3ya-2,ib_hw_counter,rdma_vf_rail1,duplicate_request,0
2026-09-30T07:04:18.785Z,gpu-3uwoq-6g3ya-2,ib_counter,rdma_vf_rail2,port_xmit_data,2.9993e+12
2026-09-30T07:04:18.785Z,gpu-3uwoq-6g3ya-2,ib_counter,rdma_vf_rail2,port_rcv_data,5.95874e+12
2026-09-30T07:04:18.785Z,gpu-3uwoq-6g3ya-2,ib_counter,rdma_vf_rail2,port_xmit_packets,1.01306e+09
2026-09-30T07:04:18.785Z,gpu-3uwoq-6g3ya-2,ib_counter,rdma_vf_rail2,port_rcv_packets,1.63786e+09
2026-09-30T07:04:18.785Z,gpu-3uwoq-6g3ya-2,ib_counter,rdma_vf_rail2,port_xmit_wait,0
2026-09-30T07:04:18.785Z,gpu-3uwoq-6g3ya-2,ib_counter,rdma_vf_rail2,port_rcv_errors,0
2026-09-30T07:04:18.785Z,gpu-3uwoq-6g3ya-2,ib_counter,rdma_vf_rail2,port_xmit_discards,0
2026-09-30T07:04:18.785Z,gpu-3uwoq-6g3ya-2,ib_counter,rdma_vf_rail2,link_downed,0
2026-09-30T07:04:18.785Z,gpu-3uwoq-6g3ya-2,ib_hw_counter,rdma_vf_rail2,out_of_sequence,8
2026-09-30T07:04:18.785Z,gpu-3uwoq-6g3ya-2,ib_hw_counter,rdma_vf_rail2,packet_seq_err,0
2026-09-30T07:04:18.785Z,gpu-3uwoq-6g3ya-2,ib_hw_counter,rdma_vf_rail2,local_ack_timeout_err,0
2026-09-30T07:04:18.785Z,gpu-3uwoq-6g3ya-2,ib_hw_counter,rdma_vf_rail2,rx_write_requests,7.1093e+08
2026-09-30T07:04:18.785Z,gpu-3uwoq-6g3ya-2,ib_hw_counter,rdma_vf_rail2,rx_read_requests,1.23061e+07
2026-09-30T07:04:18.785Z,gpu-3uwoq-6g3ya-2,ib_hw_counter,rdma_vf_rail2,req_cqe_error,0
2026-09-30T07:04:18.785Z,gpu-3uwoq-6g3ya-2,ib_hw_counter,rdma_vf_rail2,resp_cqe_error,0
2026-09-30T07:04:18.785Z,gpu-3uwoq-6g3ya-2,ib_hw_counter,rdma_vf_rail2,implied_nak_seq_err,0
2026-09-30T07:04:18.785Z,gpu-3uwoq-6g3ya-2,ib_hw_counter,rdma_vf_rail2,duplicate_request,0
2026-09-30T07:04:18.785Z,gpu-3uwoq-6g3ya-2,ib_counter,rdma_vf_rail3,port_xmit_data,2.99916e+12
2026-09-30T07:04:18.785Z,gpu-3uwoq-6g3ya-2,ib_counter,rdma_vf_rail3,port_rcv_data,5.95935e+12
2026-09-30T07:04:18.785Z,gpu-3uwoq-6g3ya-2,ib_counter,rdma_vf_rail3,port_xmit_packets,1.0114e+09
2026-09-30T07:04:18.785Z,gpu-3uwoq-6g3ya-2,ib_counter,rdma_vf_rail3,port_rcv_packets,1.64526e+09
2026-09-30T07:04:18.785Z,gpu-3uwoq-6g3ya-2,ib_counter,rdma_vf_rail3,port_xmit_wait,0
2026-09-30T07:04:18.785Z,gpu-3uwoq-6g3ya-2,ib_counter,rdma_vf_rail3,port_rcv_errors,0
2026-09-30T07:04:18.785Z,gpu-3uwoq-6g3ya-2,ib_counter,rdma_vf_rail3,port_xmit_discards,0
2026-09-30T07:04:18.785Z,gpu-3uwoq-6g3ya-2,ib_counter,rdma_vf_rail3,link_downed,0
2026-09-30T07:04:18.785Z,gpu-3uwoq-6g3ya-2,ib_hw_counter,rdma_vf_rail3,out_of_sequence,7
2026-09-30T07:04:18.785Z,gpu-3uwoq-6g3ya-2,ib_hw_counter,rdma_vf_rail3,packet_seq_err,1
2026-09-30T07:04:18.785Z,gpu-3uwoq-6g3ya-2,ib_hw_counter,rdma_vf_rail3,local_ack_timeout_err,0
2026-09-30T07:04:18.785Z,gpu-3uwoq-6g3ya-2,ib_hw_counter,rdma_vf_rail3,rx_write_requests,7.1093e+08
2026-09-30T07:04:18.785Z,gpu-3uwoq-6g3ya-2,ib_hw_counter,rdma_vf_rail3,rx_read_requests,1.23061e+07
2026-09-30T07:04:18.785Z,gpu-3uwoq-6g3ya-2,ib_hw_counter,rdma_vf_rail3,req_cqe_error,0
2026-09-30T07:04:18.785Z,gpu-3uwoq-6g3ya-2,ib_hw_counter,rdma_vf_rail3,resp_cqe_error,0
2026-09-30T07:04:18.785Z,gpu-3uwoq-6g3ya-2,ib_hw_counter,rdma_vf_rail3,implied_nak_seq_err,0
2026-09-30T07:04:18.785Z,gpu-3uwoq-6g3ya-2,ib_hw_counter,rdma_vf_rail3,duplicate_request,0
2026-09-30T07:04:18.785Z,gpu-3uwoq-6g3ya-2,dcgm,gpu2,gpu_util,0
2026-09-30T07:04:18.785Z,gpu-3uwoq-6g3ya-2,dcgm,gpu3,gpu_util,0
2026-09-30T07:04:18.785Z,gpu-3uwoq-6g3ya-2,dcgm,gpu1,gpu_util,0
2026-09-30T07:04:18.785Z,gpu-3uwoq-6g3ya-2,dcgm,gpu0,gpu_util,0
2026-09-30T07:04:18.785Z,gpu-3uwoq-6g3ya-2,dcgm,gpu2,nvlink_bandwidth_total,0
2026-09-30T07:04:18.785Z,gpu-3uwoq-6g3ya-2,dcgm,gpu3,nvlink_bandwidth_total,0
2026-09-30T07:04:18.785Z,gpu-3uwoq-6g3ya-2,dcgm,gpu1,nvlink_bandwidth_total,0
2026-09-30T07:04:18.785Z,gpu-3uwoq-6g3ya-2,dcgm,gpu0,nvlink_bandwidth_total,0
2026-09-30T07:04:18.785Z,gpu-3uwoq-6g3ya-2,dcgm,gpu2,power_w,230.685
2026-09-30T07:04:18.785Z,gpu-3uwoq-6g3ya-2,dcgm,gpu3,power_w,234.316
2026-09-30T07:04:18.785Z,gpu-3uwoq-6g3ya-2,dcgm,gpu1,power_w,230.033
2026-09-30T07:04:18.785Z,gpu-3uwoq-6g3ya-2,dcgm,gpu0,power_w,226.508
2026-09-30T07:04:18.785Z,gpu-3uwoq-6g3ya-2,dcgm,gpu2,sm_clock_mhz,2070
2026-09-30T07:04:18.785Z,gpu-3uwoq-6g3ya-2,dcgm,gpu3,sm_clock_mhz,2070
2026-09-30T07:04:18.785Z,gpu-3uwoq-6g3ya-2,dcgm,gpu1,sm_clock_mhz,2070
2026-09-30T07:04:18.785Z,gpu-3uwoq-6g3ya-2,dcgm,gpu0,sm_clock_mhz,2070
2026-09-30T07:04:18.785Z,gpu-3uwoq-6g3ya-2,dcgm,gpu2,dram_active,0
2026-09-30T07:04:18.785Z,gpu-3uwoq-6g3ya-2,dcgm,gpu3,dram_active,0
2026-09-30T07:04:18.785Z,gpu-3uwoq-6g3ya-2,dcgm,gpu1,dram_active,0.001411
2026-09-30T07:04:18.785Z,gpu-3uwoq-6g3ya-2,dcgm,gpu0,dram_active,0.001412
2026-09-30T07:04:18.785Z,gpu-3uwoq-6g3ya-2,dcgm,gpu2,pcie_rx_bytes,70491
2026-09-30T07:04:18.785Z,gpu-3uwoq-6g3ya-2,dcgm,gpu3,pcie_rx_bytes,4.78716e+08
2026-09-30T07:04:18.785Z,gpu-3uwoq-6g3ya-2,dcgm,gpu1,pcie_rx_bytes,84384
2026-09-30T07:04:18.785Z,gpu-3uwoq-6g3ya-2,dcgm,gpu0,pcie_rx_bytes,78827
2026-09-30T07:04:18.785Z,gpu-3uwoq-6g3ya-2,dcgm,gpu2,pcie_tx_bytes,4.68478e+08
2026-09-30T07:04:18.785Z,gpu-3uwoq-6g3ya-2,dcgm,gpu3,pcie_tx_bytes,4.69846e+08
2026-09-30T07:04:18.785Z,gpu-3uwoq-6g3ya-2,dcgm,gpu1,pcie_tx_bytes,80261
2026-09-30T07:04:18.785Z,gpu-3uwoq-6g3ya-2,dcgm,gpu0,pcie_tx_bytes,74686
2026-09-30T07:04:18.785Z,gpu-3uwoq-6g3ya-2,dcgm,gpu2,tensor_active,0
2026-09-30T07:04:18.785Z,gpu-3uwoq-6g3ya-2,dcgm,gpu3,tensor_active,0
2026-09-30T07:04:18.785Z,gpu-3uwoq-6g3ya-2,dcgm,gpu1,tensor_active,0
2026-09-30T07:04:18.785Z,gpu-3uwoq-6g3ya-2,dcgm,gpu0,tensor_active,0
2026-09-30T07:04:18.785Z,gpu-3uwoq-6g3ya-2,dcgm,gpu2,sm_active,0
2026-09-30T07:04:18.785Z,gpu-3uwoq-6g3ya-2,dcgm,gpu3,sm_active,0.001783
2026-09-30T07:04:18.785Z,gpu-3uwoq-6g3ya-2,dcgm,gpu1,sm_active,0.001829
2026-09-30T07:04:18.785Z,gpu-3uwoq-6g3ya-2,dcgm,gpu0,sm_active,0
2026-09-30T07:04:18.785Z,gpu-3uwoq-6g3ya-2,nvlink,gpu0,nvlink_rx_bytes,4.80963e+13
2026-09-30T07:04:18.785Z,gpu-3uwoq-6g3ya-2,nvlink,gpu0,nvlink_tx_bytes,4.80995e+13
2026-09-30T07:04:18.785Z,gpu-3uwoq-6g3ya-2,nvlink,gpu1,nvlink_rx_bytes,4.82499e+13
2026-09-30T07:04:18.785Z,gpu-3uwoq-6g3ya-2,nvlink,gpu1,nvlink_tx_bytes,4.8252e+13
2026-09-30T07:04:18.785Z,gpu-3uwoq-6g3ya-2,nvlink,gpu2,nvlink_rx_bytes,4.80847e+13
2026-09-30T07:04:18.785Z,gpu-3uwoq-6g3ya-2,nvlink,gpu2,nvlink_tx_bytes,4.80882e+13
2026-09-30T07:04:18.785Z,gpu-3uwoq-6g3ya-2,nvlink,gpu3,nvlink_rx_bytes,4.80322e+13
2026-09-30T07:04:18.785Z,gpu-3uwoq-6g3ya-2,nvlink,gpu3,nvlink_tx_bytes,4.80353e+13
2026-09-30T07:04:19.785Z,gpu-3uwoq-6g3ya-2,ib_counter,rdma_vf_rail0,port_xmit_data,3.13507e+12
2026-09-30T07:04:19.785Z,gpu-3uwoq-6g3ya-2,ib_counter,rdma_vf_rail0,port_rcv_data,6.09511e+12
2026-09-30T07:04:19.785Z,gpu-3uwoq-6g3ya-2,ib_counter,rdma_vf_rail0,port_xmit_packets,1.06346e+09
2026-09-30T07:04:19.785Z,gpu-3uwoq-6g3ya-2,ib_counter,rdma_vf_rail0,port_rcv_packets,1.69433e+09
2026-09-30T07:04:19.785Z,gpu-3uwoq-6g3ya-2,ib_counter,rdma_vf_rail0,port_xmit_wait,0
2026-09-30T07:04:19.785Z,gpu-3uwoq-6g3ya-2,ib_counter,rdma_vf_rail0,port_rcv_errors,0
2026-09-30T07:04:19.785Z,gpu-3uwoq-6g3ya-2,ib_counter,rdma_vf_rail0,port_xmit_discards,0
2026-09-30T07:04:19.785Z,gpu-3uwoq-6g3ya-2,ib_counter,rdma_vf_rail0,link_downed,0
2026-09-30T07:04:19.785Z,gpu-3uwoq-6g3ya-2,ib_hw_counter,rdma_vf_rail0,out_of_sequence,8
2026-09-30T07:04:19.785Z,gpu-3uwoq-6g3ya-2,ib_hw_counter,rdma_vf_rail0,packet_seq_err,0
2026-09-30T07:04:19.785Z,gpu-3uwoq-6g3ya-2,ib_hw_counter,rdma_vf_rail0,local_ack_timeout_err,0
2026-09-30T07:04:19.785Z,gpu-3uwoq-6g3ya-2,ib_hw_counter,rdma_vf_rail0,rx_write_requests,7.12956e+08
2026-09-30T07:04:19.785Z,gpu-3uwoq-6g3ya-2,ib_hw_counter,rdma_vf_rail0,rx_read_requests,1.33147e+07
2026-09-30T07:04:19.785Z,gpu-3uwoq-6g3ya-2,ib_hw_counter,rdma_vf_rail0,req_cqe_error,0
2026-09-30T07:04:19.785Z,gpu-3uwoq-6g3ya-2,ib_hw_counter,rdma_vf_rail0,resp_cqe_error,0
2026-09-30T07:04:19.785Z,gpu-3uwoq-6g3ya-2,ib_hw_counter,rdma_vf_rail0,implied_nak_seq_err,0
2026-09-30T07:04:19.785Z,gpu-3uwoq-6g3ya-2,ib_hw_counter,rdma_vf_rail0,duplicate_request,0
2026-09-30T07:04:19.785Z,gpu-3uwoq-6g3ya-2,ib_counter,rdma_vf_rail1,port_xmit_data,3.02687e+12
2026-09-30T07:04:19.785Z,gpu-3uwoq-6g3ya-2,ib_counter,rdma_vf_rail1,port_rcv_data,5.987e+12
2026-09-30T07:04:19.785Z,gpu-3uwoq-6g3ya-2,ib_counter,rdma_vf_rail1,port_xmit_packets,1.03075e+09
2026-09-30T07:04:19.785Z,gpu-3uwoq-6g3ya-2,ib_counter,rdma_vf_rail1,port_rcv_packets,1.66181e+09
2026-09-30T07:04:19.785Z,gpu-3uwoq-6g3ya-2,ib_counter,rdma_vf_rail1,port_xmit_wait,0
2026-09-30T07:04:19.785Z,gpu-3uwoq-6g3ya-2,ib_counter,rdma_vf_rail1,port_rcv_errors,0
2026-09-30T07:04:19.785Z,gpu-3uwoq-6g3ya-2,ib_counter,rdma_vf_rail1,port_xmit_discards,0
2026-09-30T07:04:19.785Z,gpu-3uwoq-6g3ya-2,ib_counter,rdma_vf_rail1,link_downed,0
2026-09-30T07:04:19.785Z,gpu-3uwoq-6g3ya-2,ib_hw_counter,rdma_vf_rail1,out_of_sequence,8
2026-09-30T07:04:19.785Z,gpu-3uwoq-6g3ya-2,ib_hw_counter,rdma_vf_rail1,packet_seq_err,0
2026-09-30T07:04:19.785Z,gpu-3uwoq-6g3ya-2,ib_hw_counter,rdma_vf_rail1,local_ack_timeout_err,0
2026-09-30T07:04:19.785Z,gpu-3uwoq-6g3ya-2,ib_hw_counter,rdma_vf_rail1,rx_write_requests,7.11363e+08
2026-09-30T07:04:19.785Z,gpu-3uwoq-6g3ya-2,ib_hw_counter,rdma_vf_rail1,rx_read_requests,1.2514e+07
2026-09-30T07:04:19.785Z,gpu-3uwoq-6g3ya-2,ib_hw_counter,rdma_vf_rail1,req_cqe_error,0
2026-09-30T07:04:19.785Z,gpu-3uwoq-6g3ya-2,ib_hw_counter,rdma_vf_rail1,resp_cqe_error,0
2026-09-30T07:04:19.785Z,gpu-3uwoq-6g3ya-2,ib_hw_counter,rdma_vf_rail1,implied_nak_seq_err,0
2026-09-30T07:04:19.785Z,gpu-3uwoq-6g3ya-2,ib_hw_counter,rdma_vf_rail1,duplicate_request,0
2026-09-30T07:04:19.785Z,gpu-3uwoq-6g3ya-2,ib_counter,rdma_vf_rail2,port_xmit_data,2.9993e+12
2026-09-30T07:04:19.785Z,gpu-3uwoq-6g3ya-2,ib_counter,rdma_vf_rail2,port_rcv_data,5.95874e+12
2026-09-30T07:04:19.785Z,gpu-3uwoq-6g3ya-2,ib_counter,rdma_vf_rail2,port_xmit_packets,1.01306e+09
2026-09-30T07:04:19.785Z,gpu-3uwoq-6g3ya-2,ib_counter,rdma_vf_rail2,port_rcv_packets,1.63786e+09
2026-09-30T07:04:19.785Z,gpu-3uwoq-6g3ya-2,ib_counter,rdma_vf_rail2,port_xmit_wait,0
2026-09-30T07:04:19.785Z,gpu-3uwoq-6g3ya-2,ib_counter,rdma_vf_rail2,port_rcv_errors,0
2026-09-30T07:04:19.785Z,gpu-3uwoq-6g3ya-2,ib_counter,rdma_vf_rail2,port_xmit_discards,0
2026-09-30T07:04:19.785Z,gpu-3uwoq-6g3ya-2,ib_counter,rdma_vf_rail2,link_downed,0
2026-09-30T07:04:19.785Z,gpu-3uwoq-6g3ya-2,ib_hw_counter,rdma_vf_rail2,out_of_sequence,8
2026-09-30T07:04:19.785Z,gpu-3uwoq-6g3ya-2,ib_hw_counter,rdma_vf_rail2,packet_seq_err,0
2026-09-30T07:04:19.785Z,gpu-3uwoq-6g3ya-2,ib_hw_counter,rdma_vf_rail2,local_ack_timeout_err,0
2026-09-30T07:04:19.785Z,gpu-3uwoq-6g3ya-2,ib_hw_counter,rdma_vf_rail2,rx_write_requests,7.1093e+08
2026-09-30T07:04:19.785Z,gpu-3uwoq-6g3ya-2,ib_hw_counter,rdma_vf_rail2,rx_read_requests,1.23061e+07
2026-09-30T07:04:19.785Z,gpu-3uwoq-6g3ya-2,ib_hw_counter,rdma_vf_rail2,req_cqe_error,0
2026-09-30T07:04:19.785Z,gpu-3uwoq-6g3ya-2,ib_hw_counter,rdma_vf_rail2,resp_cqe_error,0
2026-09-30T07:04:19.785Z,gpu-3uwoq-6g3ya-2,ib_hw_counter,rdma_vf_rail2,implied_nak_seq_err,0
2026-09-30T07:04:19.785Z,gpu-3uwoq-6g3ya-2,ib_hw_counter,rdma_vf_rail2,duplicate_request,0
2026-09-30T07:04:19.785Z,gpu-3uwoq-6g3ya-2,ib_counter,rdma_vf_rail3,port_xmit_data,2.99916e+12
2026-09-30T07:04:19.785Z,gpu-3uwoq-6g3ya-2,ib_counter,rdma_vf_rail3,port_rcv_data,5.95935e+12
2026-09-30T07:04:19.785Z,gpu-3uwoq-6g3ya-2,ib_counter,rdma_vf_rail3,port_xmit_packets,1.0114e+09
2026-09-30T07:04:19.785Z,gpu-3uwoq-6g3ya-2,ib_counter,rdma_vf_rail3,port_rcv_packets,1.64526e+09
2026-09-30T07:04:19.785Z,gpu-3uwoq-6g3ya-2,ib_counter,rdma_vf_rail3,port_xmit_wait,0
2026-09-30T07:04:19.785Z,gpu-3uwoq-6g3ya-2,ib_counter,rdma_vf_rail3,port_rcv_errors,0
2026-09-30T07:04:19.785Z,gpu-3uwoq-6g3ya-2,ib_counter,rdma_vf_rail3,port_xmit_discards,0
2026-09-30T07:04:19.785Z,gpu-3uwoq-6g3ya-2,ib_counter,rdma_vf_rail3,link_downed,0
2026-09-30T07:04:19.785Z,gpu-3uwoq-6g3ya-2,ib_hw_counter,rdma_vf_rail3,out_of_sequence,7
2026-09-30T07:04:19.785Z,gpu-3uwoq-6g3ya-2,ib_hw_counter,rdma_vf_rail3,packet_seq_err,1
2026-09-30T07:04:19.785Z,gpu-3uwoq-6g3ya-2,ib_hw_counter,rdma_vf_rail3,local_ack_timeout_err,0
2026-09-30T07:04:19.785Z,gpu-3uwoq-6g3ya-2,ib_hw_counter,rdma_vf_rail3,rx_write_requests,7.1093e+08
2026-09-30T07:04:19.785Z,gpu-3uwoq-6g3ya-2,ib_hw_counter,rdma_vf_rail3,rx_read_requests,1.23061e+07
2026-09-30T07:04:19.785Z,gpu-3uwoq-6g3ya-2,ib_hw_counter,rdma_vf_rail3,req_cqe_error,0
2026-09-30T07:04:19.785Z,gpu-3uwoq-6g3ya-2,ib_hw_counter,rdma_vf_rail3,resp_cqe_error,0
2026-09-30T07:04:19.785Z,gpu-3uwoq-6g3ya-2,ib_hw_counter,rdma_vf_rail3,implied_nak_seq_err,0
2026-09-30T07:04:19.785Z,gpu-3uwoq-6g3ya-2,ib_hw_counter,rdma_vf_rail3,duplicate_request,0
2026-09-30T07:04:19.785Z,gpu-3uwoq-6g3ya-2,dcgm,gpu2,gpu_util,0
2026-09-30T07:04:19.785Z,gpu-3uwoq-6g3ya-2,dcgm,gpu3,gpu_util,0
2026-09-30T07:04:19.785Z,gpu-3uwoq-6g3ya-2,dcgm,gpu1,gpu_util,0
2026-09-30T07:04:19.785Z,gpu-3uwoq-6g3ya-2,dcgm,gpu0,gpu_util,0
2026-09-30T07:04:19.785Z,gpu-3uwoq-6g3ya-2,dcgm,gpu2,nvlink_bandwidth_total,0
2026-09-30T07:04:19.785Z,gpu-3uwoq-6g3ya-2,dcgm,gpu3,nvlink_bandwidth_total,0
2026-09-30T07:04:19.785Z,gpu-3uwoq-6g3ya-2,dcgm,gpu1,nvlink_bandwidth_total,0
2026-09-30T07:04:19.785Z,gpu-3uwoq-6g3ya-2,dcgm,gpu0,nvlink_bandwidth_total,0
2026-09-30T07:04:19.785Z,gpu-3uwoq-6g3ya-2,dcgm,gpu2,power_w,230.685
2026-09-30T07:04:19.785Z,gpu-3uwoq-6g3ya-2,dcgm,gpu3,power_w,234.316
2026-09-30T07:04:19.785Z,gpu-3uwoq-6g3ya-2,dcgm,gpu1,power_w,230.033
2026-09-30T07:04:19.785Z,gpu-3uwoq-6g3ya-2,dcgm,gpu0,power_w,226.508
2026-09-30T07:04:19.785Z,gpu-3uwoq-6g3ya-2,dcgm,gpu2,sm_clock_mhz,2070
2026-09-30T07:04:19.785Z,gpu-3uwoq-6g3ya-2,dcgm,gpu3,sm_clock_mhz,2070
2026-09-30T07:04:19.785Z,gpu-3uwoq-6g3ya-2,dcgm,gpu1,sm_clock_mhz,2070
2026-09-30T07:04:19.785Z,gpu-3uwoq-6g3ya-2,dcgm,gpu0,sm_clock_mhz,2070
2026-09-30T07:04:19.785Z,gpu-3uwoq-6g3ya-2,dcgm,gpu2,dram_active,0
2026-09-30T07:04:19.785Z,gpu-3uwoq-6g3ya-2,dcgm,gpu3,dram_active,0
2026-09-30T07:04:19.785Z,gpu-3uwoq-6g3ya-2,dcgm,gpu1,dram_active,0.001411
2026-09-30T07:04:19.785Z,gpu-3uwoq-6g3ya-2,dcgm,gpu0,dram_active,0.001412
2026-09-30T07:04:19.785Z,gpu-3uwoq-6g3ya-2,dcgm,gpu2,pcie_rx_bytes,70491
2026-09-30T07:04:19.785Z,gpu-3uwoq-6g3ya-2,dcgm,gpu3,pcie_rx_bytes,4.78716e+08
2026-09-30T07:04:19.785Z,gpu-3uwoq-6g3ya-2,dcgm,gpu1,pcie_rx_bytes,84384
2026-09-30T07:04:19.785Z,gpu-3uwoq-6g3ya-2,dcgm,gpu0,pcie_rx_bytes,78827
2026-09-30T07:04:19.785Z,gpu-3uwoq-6g3ya-2,dcgm,gpu2,pcie_tx_bytes,4.68478e+08
2026-09-30T07:04:19.785Z,gpu-3uwoq-6g3ya-2,dcgm,gpu3,pcie_tx_bytes,4.69846e+08
2026-09-30T07:04:19.785Z,gpu-3uwoq-6g3ya-2,dcgm,gpu1,pcie_tx_bytes,80261
2026-09-30T07:04:19.785Z,gpu-3uwoq-6g3ya-2,dcgm,gpu0,pcie_tx_bytes,74686
2026-09-30T07:04:19.785Z,gpu-3uwoq-6g3ya-2,dcgm,gpu2,tensor_active,0
2026-09-30T07:04:19.785Z,gpu-3uwoq-6g3ya-2,dcgm,gpu3,tensor_active,0
2026-09-30T07:04:19.785Z,gpu-3uwoq-6g3ya-2,dcgm,gpu1,tensor_active,0
2026-09-30T07:04:19.785Z,gpu-3uwoq-6g3ya-2,dcgm,gpu0,tensor_active,0
2026-09-30T07:04:19.785Z,gpu-3uwoq-6g3ya-2,dcgm,gpu2,sm_active,0
2026-09-30T07:04:19.785Z,gpu-3uwoq-6g3ya-2,dcgm,gpu3,sm_active,0.001783
2026-09-30T07:04:19.785Z,gpu-3uwoq-6g3ya-2,dcgm,gpu1,sm_active,0.001829
2026-09-30T07:04:19.785Z,gpu-3uwoq-6g3ya-2,dcgm,gpu0,sm_active,0
2026-09-30T07:04:19.785Z,gpu-3uwoq-6g3ya-2,nvlink,gpu0,nvlink_rx_bytes,4.80963e+13
2026-09-30T07:04:19.785Z,gpu-3uwoq-6g3ya-2,nvlink,gpu0,nvlink_tx_bytes,4.80995e+13
2026-09-30T07:04:19.785Z,gpu-3uwoq-6g3ya-2,nvlink,gpu1,nvlink_rx_bytes,4.82499e+13
2026-09-30T07:04:19.785Z,gpu-3uwoq-6g3ya-2,nvlink,gpu1,nvlink_tx_bytes,4.8252e+13
2026-09-30T07:04:19.785Z,gpu-3uwoq-6g3ya-2,nvlink,gpu2,nvlink_rx_bytes,4.80847e+13
2026-09-30T07:04:19.785Z,gpu-3uwoq-6g3ya-2,nvlink,gpu2,nvlink_tx_bytes,4.80882e+13
2026-09-30T07:04:19.785Z,gpu-3uwoq-6g3ya-2,nvlink,gpu3,nvlink_rx_bytes,4.80322e+13
2026-09-30T07:04:19.785Z,gpu-3uwoq-6g3ya-2,nvlink,gpu3,nvlink_tx_bytes,4.80353e+13
2026-09-30T07:04:20.785Z,gpu-3uwoq-6g3ya-2,ib_counter,rdma_vf_rail0,port_xmit_data,3.13507e+12
2026-09-30T07:04:20.785Z,gpu-3uwoq-6g3ya-2,ib_counter,rdma_vf_rail0,port_rcv_data,6.09511e+12
2026-09-30T07:04:20.785Z,gpu-3uwoq-6g3ya-2,ib_counter,rdma_vf_rail0,port_xmit_packets,1.06346e+09
2026-09-30T07:04:20.785Z,gpu-3uwoq-6g3ya-2,ib_counter,rdma_vf_rail0,port_rcv_packets,1.69433e+09
2026-09-30T07:04:20.785Z,gpu-3uwoq-6g3ya-2,ib_counter,rdma_vf_rail0,port_xmit_wait,0
2026-09-30T07:04:20.785Z,gpu-3uwoq-6g3ya-2,ib_counter,rdma_vf_rail0,port_rcv_errors,0
2026-09-30T07:04:20.785Z,gpu-3uwoq-6g3ya-2,ib_counter,rdma_vf_rail0,port_xmit_discards,0
2026-09-30T07:04:20.785Z,gpu-3uwoq-6g3ya-2,ib_counter,rdma_vf_rail0,link_downed,0
2026-09-30T07:04:20.785Z,gpu-3uwoq-6g3ya-2,ib_hw_counter,rdma_vf_rail0,out_of_sequence,8
2026-09-30T07:04:20.785Z,gpu-3uwoq-6g3ya-2,ib_hw_counter,rdma_vf_rail0,packet_seq_err,0
2026-09-30T07:04:20.785Z,gpu-3uwoq-6g3ya-2,ib_hw_counter,rdma_vf_rail0,local_ack_timeout_err,0
2026-09-30T07:04:20.785Z,gpu-3uwoq-6g3ya-2,ib_hw_counter,rdma_vf_rail0,rx_write_requests,7.12956e+08
2026-09-30T07:04:20.785Z,gpu-3uwoq-6g3ya-2,ib_hw_counter,rdma_vf_rail0,rx_read_requests,1.33147e+07
2026-09-30T07:04:20.785Z,gpu-3uwoq-6g3ya-2,ib_hw_counter,rdma_vf_rail0,req_cqe_error,0
2026-09-30T07:04:20.785Z,gpu-3uwoq-6g3ya-2,ib_hw_counter,rdma_vf_rail0,resp_cqe_error,0
2026-09-30T07:04:20.785Z,gpu-3uwoq-6g3ya-2,ib_hw_counter,rdma_vf_rail0,implied_nak_seq_err,0
2026-09-30T07:04:20.785Z,gpu-3uwoq-6g3ya-2,ib_hw_counter,rdma_vf_rail0,duplicate_request,0
2026-09-30T07:04:20.785Z,gpu-3uwoq-6g3ya-2,ib_counter,rdma_vf_rail1,port_xmit_data,3.02687e+12
2026-09-30T07:04:20.785Z,gpu-3uwoq-6g3ya-2,ib_counter,rdma_vf_rail1,port_rcv_data,5.987e+12
2026-09-30T07:04:20.785Z,gpu-3uwoq-6g3ya-2,ib_counter,rdma_vf_rail1,port_xmit_packets,1.03075e+09
2026-09-30T07:04:20.785Z,gpu-3uwoq-6g3ya-2,ib_counter,rdma_vf_rail1,port_rcv_packets,1.66181e+09
2026-09-30T07:04:20.785Z,gpu-3uwoq-6g3ya-2,ib_counter,rdma_vf_rail1,port_xmit_wait,0
2026-09-30T07:04:20.785Z,gpu-3uwoq-6g3ya-2,ib_counter,rdma_vf_rail1,port_rcv_errors,0
2026-09-30T07:04:20.785Z,gpu-3uwoq-6g3ya-2,ib_counter,rdma_vf_rail1,port_xmit_discards,0
2026-09-30T07:04:20.785Z,gpu-3uwoq-6g3ya-2,ib_counter,rdma_vf_rail1,link_downed,0
2026-09-30T07:04:20.785Z,gpu-3uwoq-6g3ya-2,ib_hw_counter,rdma_vf_rail1,out_of_sequence,8
2026-09-30T07:04:20.785Z,gpu-3uwoq-6g3ya-2,ib_hw_counter,rdma_vf_rail1,packet_seq_err,0
2026-09-30T07:04:20.785Z,gpu-3uwoq-6g3ya-2,ib_hw_counter,rdma_vf_rail1,local_ack_timeout_err,0
2026-09-30T07:04:20.785Z,gpu-3uwoq-6g3ya-2,ib_hw_counter,rdma_vf_rail1,rx_write_requests,7.11363e+08
2026-09-30T07:04:20.785Z,gpu-3uwoq-6g3ya-2,ib_hw_counter,rdma_vf_rail1,rx_read_requests,1.2514e+07
2026-09-30T07:04:20.785Z,gpu-3uwoq-6g3ya-2,ib_hw_counter,rdma_vf_rail1,req_cqe_error,0
2026-09-30T07:04:20.785Z,gpu-3uwoq-6g3ya-2,ib_hw_counter,rdma_vf_rail1,resp_cqe_error,0
2026-09-30T07:04:20.785Z,gpu-3uwoq-6g3ya-2,ib_hw_counter,rdma_vf_rail1,implied_nak_seq_err,0
2026-09-30T07:04:20.785Z,gpu-3uwoq-6g3ya-2,ib_hw_counter,rdma_vf_rail1,duplicate_request,0
2026-09-30T07:04:20.785Z,gpu-3uwoq-6g3ya-2,ib_counter,rdma_vf_rail2,port_xmit_data,2.9993e+12
2026-09-30T07:04:20.785Z,gpu-3uwoq-6g3ya-2,ib_counter,rdma_vf_rail2,port_rcv_data,5.95874e+12
2026-09-30T07:04:20.785Z,gpu-3uwoq-6g3ya-2,ib_counter,rdma_vf_rail2,port_xmit_packets,1.01306e+09
2026-09-30T07:04:20.785Z,gpu-3uwoq-6g3ya-2,ib_counter,rdma_vf_rail2,port_rcv_packets,1.63786e+09
2026-09-30T07:04:20.785Z,gpu-3uwoq-6g3ya-2,ib_counter,rdma_vf_rail2,port_xmit_wait,0
2026-09-30T07:04:20.785Z,gpu-3uwoq-6g3ya-2,ib_counter,rdma_vf_rail2,port_rcv_errors,0
2026-09-30T07:04:20.785Z,gpu-3uwoq-6g3ya-2,ib_counter,rdma_vf_rail2,port_xmit_discards,0
2026-09-30T07:04:20.785Z,gpu-3uwoq-6g3ya-2,ib_counter,rdma_vf_rail2,link_downed,0
2026-09-30T07:04:20.785Z,gpu-3uwoq-6g3ya-2,ib_hw_counter,rdma_vf_rail2,out_of_sequence,8
2026-09-30T07:04:20.785Z,gpu-3uwoq-6g3ya-2,ib_hw_counter,rdma_vf_rail2,packet_seq_err,0
2026-09-30T07:04:20.785Z,gpu-3uwoq-6g3ya-2,ib_hw_counter,rdma_vf_rail2,local_ack_timeout_err,0
2026-09-30T07:04:20.785Z,gpu-3uwoq-6g3ya-2,ib_hw_counter,rdma_vf_rail2,rx_write_requests,7.1093e+08
2026-09-30T07:04:20.785Z,gpu-3uwoq-6g3ya-2,ib_hw_counter,rdma_vf_rail2,rx_read_requests,1.23061e+07
2026-09-30T07:04:20.785Z,gpu-3uwoq-6g3ya-2,ib_hw_counter,rdma_vf_rail2,req_cqe_error,0
2026-09-30T07:04:20.785Z,gpu-3uwoq-6g3ya-2,ib_hw_counter,rdma_vf_rail2,resp_cqe_error,0
2026-09-30T07:04:20.785Z,gpu-3uwoq-6g3ya-2,ib_hw_counter,rdma_vf_rail2,implied_nak_seq_err,0
2026-09-30T07:04:20.785Z,gpu-3uwoq-6g3ya-2,ib_hw_counter,rdma_vf_rail2,duplicate_request,0
2026-09-30T07:04:20.785Z,gpu-3uwoq-6g3ya-2,ib_counter,rdma_vf_rail3,port_xmit_data,2.99916e+12
2026-09-30T07:04:20.785Z,gpu-3uwoq-6g3ya-2,ib_counter,rdma_vf_rail3,port_rcv_data,5.95935e+12
2026-09-30T07:04:20.785Z,gpu-3uwoq-6g3ya-2,ib_counter,rdma_vf_rail3,port_xmit_packets,1.0114e+09
2026-09-30T07:04:20.785Z,gpu-3uwoq-6g3ya-2,ib_counter,rdma_vf_rail3,port_rcv_packets,1.64526e+09
2026-09-30T07:04:20.785Z,gpu-3uwoq-6g3ya-2,ib_counter,rdma_vf_rail3,port_xmit_wait,0
2026-09-30T07:04:20.785Z,gpu-3uwoq-6g3ya-2,ib_counter,rdma_vf_rail3,port_rcv_errors,0
2026-09-30T07:04:20.785Z,gpu-3uwoq-6g3ya-2,ib_counter,rdma_vf_rail3,port_xmit_discards,0
2026-09-30T07:04:20.785Z,gpu-3uwoq-6g3ya-2,ib_counter,rdma_vf_rail3,link_downed,0
2026-09-30T07:04:20.785Z,gpu-3uwoq-6g3ya-2,ib_hw_counter,rdma_vf_rail3,out_of_sequence,7
2026-09-30T07:04:20.785Z,gpu-3uwoq-6g3ya-2,ib_hw_counter,rdma_vf_rail3,packet_seq_err,1
2026-09-30T07:04:20.785Z,gpu-3uwoq-6g3ya-2,ib_hw_counter,rdma_vf_rail3,local_ack_timeout_err,0
2026-09-30T07:04:20.785Z,gpu-3uwoq-6g3ya-2,ib_hw_counter,rdma_vf_rail3,rx_write_requests,7.1093e+08
2026-09-30T07:04:20.785Z,gpu-3uwoq-6g3ya-2,ib_hw_counter,rdma_vf_rail3,rx_read_requests,1.23061e+07
2026-09-30T07:04:20.785Z,gpu-3uwoq-6g3ya-2,ib_hw_counter,rdma_vf_rail3,req_cqe_error,0
2026-09-30T07:04:20.785Z,gpu-3uwoq-6g3ya-2,ib_hw_counter,rdma_vf_rail3,resp_cqe_error,0
2026-09-30T07:04:20.785Z,gpu-3uwoq-6g3ya-2,ib_hw_counter,rdma_vf_rail3,implied_nak_seq_err,0
2026-09-30T07:04:20.785Z,gpu-3uwoq-6g3ya-2,ib_hw_counter,rdma_vf_rail3,duplicate_request,0
2026-09-30T07:04:20.785Z,gpu-3uwoq-6g3ya-2,dcgm,gpu2,gpu_util,0
2026-09-30T07:04:20.785Z,gpu-3uwoq-6g3ya-2,dcgm,gpu3,gpu_util,0
2026-09-30T07:04:20.785Z,gpu-3uwoq-6g3ya-2,dcgm,gpu1,gpu_util,0
2026-09-30T07:04:20.785Z,gpu-3uwoq-6g3ya-2,dcgm,gpu0,gpu_util,0
2026-09-30T07:04:20.785Z,gpu-3uwoq-6g3ya-2,dcgm,gpu2,nvlink_bandwidth_total,0
2026-09-30T07:04:20.785Z,gpu-3uwoq-6g3ya-2,dcgm,gpu3,nvlink_bandwidth_total,0
2026-09-30T07:04:20.785Z,gpu-3uwoq-6g3ya-2,dcgm,gpu1,nvlink_bandwidth_total,0
2026-09-30T07:04:20.785Z,gpu-3uwoq-6g3ya-2,dcgm,gpu0,nvlink_bandwidth_total,0
2026-09-30T07:04:20.785Z,gpu-3uwoq-6g3ya-2,dcgm,gpu2,power_w,230.685
2026-09-30T07:04:20.785Z,gpu-3uwoq-6g3ya-2,dcgm,gpu3,power_w,234.316
2026-09-30T07:04:20.785Z,gpu-3uwoq-6g3ya-2,dcgm,gpu1,power_w,230
2026-09-30T07:04:20.785Z,gpu-3uwoq-6g3ya-2,dcgm,gpu0,power_w,226.743
2026-09-30T07:04:20.785Z,gpu-3uwoq-6g3ya-2,dcgm,gpu2,sm_clock_mhz,2070
2026-09-30T07:04:20.785Z,gpu-3uwoq-6g3ya-2,dcgm,gpu3,sm_clock_mhz,2070
2026-09-30T07:04:20.785Z,gpu-3uwoq-6g3ya-2,dcgm,gpu1,sm_clock_mhz,2070
2026-09-30T07:04:20.785Z,gpu-3uwoq-6g3ya-2,dcgm,gpu0,sm_clock_mhz,2070
2026-09-30T07:04:20.785Z,gpu-3uwoq-6g3ya-2,dcgm,gpu2,dram_active,0
2026-09-30T07:04:20.785Z,gpu-3uwoq-6g3ya-2,dcgm,gpu3,dram_active,0
2026-09-30T07:04:20.785Z,gpu-3uwoq-6g3ya-2,dcgm,gpu1,dram_active,0
2026-09-30T07:04:20.785Z,gpu-3uwoq-6g3ya-2,dcgm,gpu0,dram_active,0
2026-09-30T07:04:20.785Z,gpu-3uwoq-6g3ya-2,dcgm,gpu2,pcie_rx_bytes,70491
2026-09-30T07:04:20.785Z,gpu-3uwoq-6g3ya-2,dcgm,gpu3,pcie_rx_bytes,72924
2026-09-30T07:04:20.785Z,gpu-3uwoq-6g3ya-2,dcgm,gpu1,pcie_rx_bytes,84384
2026-09-30T07:04:20.785Z,gpu-3uwoq-6g3ya-2,dcgm,gpu0,pcie_rx_bytes,78827
2026-09-30T07:04:20.785Z,gpu-3uwoq-6g3ya-2,dcgm,gpu2,pcie_tx_bytes,66900
2026-09-30T07:04:20.785Z,gpu-3uwoq-6g3ya-2,dcgm,gpu3,pcie_tx_bytes,69833
2026-09-30T07:04:20.785Z,gpu-3uwoq-6g3ya-2,dcgm,gpu1,pcie_tx_bytes,80261
2026-09-30T07:04:20.785Z,gpu-3uwoq-6g3ya-2,dcgm,gpu0,pcie_tx_bytes,74686
2026-09-30T07:04:20.785Z,gpu-3uwoq-6g3ya-2,dcgm,gpu2,tensor_active,0
2026-09-30T07:04:20.785Z,gpu-3uwoq-6g3ya-2,dcgm,gpu3,tensor_active,0
2026-09-30T07:04:20.785Z,gpu-3uwoq-6g3ya-2,dcgm,gpu1,tensor_active,0
2026-09-30T07:04:20.785Z,gpu-3uwoq-6g3ya-2,dcgm,gpu0,tensor_active,0
2026-09-30T07:04:20.785Z,gpu-3uwoq-6g3ya-2,dcgm,gpu2,sm_active,0
2026-09-30T07:04:20.785Z,gpu-3uwoq-6g3ya-2,dcgm,gpu3,sm_active,0
2026-09-30T07:04:20.785Z,gpu-3uwoq-6g3ya-2,dcgm,gpu1,sm_active,0
2026-09-30T07:04:20.785Z,gpu-3uwoq-6g3ya-2,dcgm,gpu0,sm_active,0
2026-09-30T07:04:20.785Z,gpu-3uwoq-6g3ya-2,nvlink,gpu0,nvlink_rx_bytes,4.80963e+13
2026-09-30T07:04:20.785Z,gpu-3uwoq-6g3ya-2,nvlink,gpu0,nvlink_tx_bytes,4.80995e+13
2026-09-30T07:04:20.785Z,gpu-3uwoq-6g3ya-2,nvlink,gpu1,nvlink_rx_bytes,4.82499e+13
2026-09-30T07:04:20.785Z,gpu-3uwoq-6g3ya-2,nvlink,gpu1,nvlink_tx_bytes,4.8252e+13
2026-09-30T07:04:20.785Z,gpu-3uwoq-6g3ya-2,nvlink,gpu2,nvlink_rx_bytes,4.80847e+13
2026-09-30T07:04:20.785Z,gpu-3uwoq-6g3ya-2,nvlink,gpu2,nvlink_tx_bytes,4.80882e+13
2026-09-30T07:04:20.785Z,gpu-3uwoq-6g3ya-2,nvlink,gpu3,nvlink_rx_bytes,4.80322e+13
2026-09-30T07:04:20.785Z,gpu-3uwoq-6g3ya-2,nvlink,gpu3,nvlink_tx_bytes,4.80353e+13
2026-09-30T07:04:21.785Z,gpu-3uwoq-6g3ya-2,ib_counter,rdma_vf_rail0,port_xmit_data,3.13507e+12
2026-09-30T07:04:21.785Z,gpu-3uwoq-6g3ya-2,ib_counter,rdma_vf_rail0,port_rcv_data,6.09511e+12
2026-09-30T07:04:21.785Z,gpu-3uwoq-6g3ya-2,ib_counter,rdma_vf_rail0,port_xmit_packets,1.06346e+09
2026-09-30T07:04:21.785Z,gpu-3uwoq-6g3ya-2,ib_counter,rdma_vf_rail0,port_rcv_packets,1.69433e+09
2026-09-30T07:04:21.785Z,gpu-3uwoq-6g3ya-2,ib_counter,rdma_vf_rail0,port_xmit_wait,0
2026-09-30T07:04:21.785Z,gpu-3uwoq-6g3ya-2,ib_counter,rdma_vf_rail0,port_rcv_errors,0
2026-09-30T07:04:21.785Z,gpu-3uwoq-6g3ya-2,ib_counter,rdma_vf_rail0,port_xmit_discards,0
2026-09-30T07:04:21.785Z,gpu-3uwoq-6g3ya-2,ib_counter,rdma_vf_rail0,link_downed,0
2026-09-30T07:04:21.785Z,gpu-3uwoq-6g3ya-2,ib_hw_counter,rdma_vf_rail0,out_of_sequence,8
2026-09-30T07:04:21.785Z,gpu-3uwoq-6g3ya-2,ib_hw_counter,rdma_vf_rail0,packet_seq_err,0
2026-09-30T07:04:21.785Z,gpu-3uwoq-6g3ya-2,ib_hw_counter,rdma_vf_rail0,local_ack_timeout_err,0
2026-09-30T07:04:21.785Z,gpu-3uwoq-6g3ya-2,ib_hw_counter,rdma_vf_rail0,rx_write_requests,7.12956e+08
2026-09-30T07:04:21.785Z,gpu-3uwoq-6g3ya-2,ib_hw_counter,rdma_vf_rail0,rx_read_requests,1.33147e+07
2026-09-30T07:04:21.785Z,gpu-3uwoq-6g3ya-2,ib_hw_counter,rdma_vf_rail0,req_cqe_error,0
2026-09-30T07:04:21.785Z,gpu-3uwoq-6g3ya-2,ib_hw_counter,rdma_vf_rail0,resp_cqe_error,0
2026-09-30T07:04:21.785Z,gpu-3uwoq-6g3ya-2,ib_hw_counter,rdma_vf_rail0,implied_nak_seq_err,0
2026-09-30T07:04:21.785Z,gpu-3uwoq-6g3ya-2,ib_hw_counter,rdma_vf_rail0,duplicate_request,0
2026-09-30T07:04:21.785Z,gpu-3uwoq-6g3ya-2,ib_counter,rdma_vf_rail1,port_xmit_data,3.02687e+12
2026-09-30T07:04:21.785Z,gpu-3uwoq-6g3ya-2,ib_counter,rdma_vf_rail1,port_rcv_data,5.987e+12
2026-09-30T07:04:21.785Z,gpu-3uwoq-6g3ya-2,ib_counter,rdma_vf_rail1,port_xmit_packets,1.03075e+09
2026-09-30T07:04:21.785Z,gpu-3uwoq-6g3ya-2,ib_counter,rdma_vf_rail1,port_rcv_packets,1.66181e+09
2026-09-30T07:04:21.785Z,gpu-3uwoq-6g3ya-2,ib_counter,rdma_vf_rail1,port_xmit_wait,0
2026-09-30T07:04:21.785Z,gpu-3uwoq-6g3ya-2,ib_counter,rdma_vf_rail1,port_rcv_errors,0
2026-09-30T07:04:21.785Z,gpu-3uwoq-6g3ya-2,ib_counter,rdma_vf_rail1,port_xmit_discards,0
2026-09-30T07:04:21.785Z,gpu-3uwoq-6g3ya-2,ib_counter,rdma_vf_rail1,link_downed,0
2026-09-30T07:04:21.785Z,gpu-3uwoq-6g3ya-2,ib_hw_counter,rdma_vf_rail1,out_of_sequence,8
2026-09-30T07:04:21.785Z,gpu-3uwoq-6g3ya-2,ib_hw_counter,rdma_vf_rail1,packet_seq_err,0
2026-09-30T07:04:21.785Z,gpu-3uwoq-6g3ya-2,ib_hw_counter,rdma_vf_rail1,local_ack_timeout_err,0
2026-09-30T07:04:21.785Z,gpu-3uwoq-6g3ya-2,ib_hw_counter,rdma_vf_rail1,rx_write_requests,7.11363e+08
2026-09-30T07:04:21.785Z,gpu-3uwoq-6g3ya-2,ib_hw_counter,rdma_vf_rail1,rx_read_requests,1.2514e+07
2026-09-30T07:04:21.785Z,gpu-3uwoq-6g3ya-2,ib_hw_counter,rdma_vf_rail1,req_cqe_error,0
2026-09-30T07:04:21.785Z,gpu-3uwoq-6g3ya-2,ib_hw_counter,rdma_vf_rail1,resp_cqe_error,0
2026-09-30T07:04:21.785Z,gpu-3uwoq-6g3ya-2,ib_hw_counter,rdma_vf_rail1,implied_nak_seq_err,0
2026-09-30T07:04:21.785Z,gpu-3uwoq-6g3ya-2,ib_hw_counter,rdma_vf_rail1,duplicate_request,0
2026-09-30T07:04:21.785Z,gpu-3uwoq-6g3ya-2,ib_counter,rdma_vf_rail2,port_xmit_data,2.9993e+12
2026-09-30T07:04:21.785Z,gpu-3uwoq-6g3ya-2,ib_counter,rdma_vf_rail2,port_rcv_data,5.95874e+12
2026-09-30T07:04:21.785Z,gpu-3uwoq-6g3ya-2,ib_counter,rdma_vf_rail2,port_xmit_packets,1.01306e+09
2026-09-30T07:04:21.785Z,gpu-3uwoq-6g3ya-2,ib_counter,rdma_vf_rail2,port_rcv_packets,1.63786e+09
2026-09-30T07:04:21.785Z,gpu-3uwoq-6g3ya-2,ib_counter,rdma_vf_rail2,port_xmit_wait,0
2026-09-30T07:04:21.785Z,gpu-3uwoq-6g3ya-2,ib_counter,rdma_vf_rail2,port_rcv_errors,0
2026-09-30T07:04:21.785Z,gpu-3uwoq-6g3ya-2,ib_counter,rdma_vf_rail2,port_xmit_discards,0
2026-09-30T07:04:21.785Z,gpu-3uwoq-6g3ya-2,ib_counter,rdma_vf_rail2,link_downed,0
2026-09-30T07:04:21.785Z,gpu-3uwoq-6g3ya-2,ib_hw_counter,rdma_vf_rail2,out_of_sequence,8
2026-09-30T07:04:21.785Z,gpu-3uwoq-6g3ya-2,ib_hw_counter,rdma_vf_rail2,packet_seq_err,0
2026-09-30T07:04:21.785Z,gpu-3uwoq-6g3ya-2,ib_hw_counter,rdma_vf_rail2,local_ack_timeout_err,0
2026-09-30T07:04:21.785Z,gpu-3uwoq-6g3ya-2,ib_hw_counter,rdma_vf_rail2,rx_write_requests,7.1093e+08
2026-09-30T07:04:21.785Z,gpu-3uwoq-6g3ya-2,ib_hw_counter,rdma_vf_rail2,rx_read_requests,1.23061e+07
2026-09-30T07:04:21.785Z,gpu-3uwoq-6g3ya-2,ib_hw_counter,rdma_vf_rail2,req_cqe_error,0
2026-09-30T07:04:21.785Z,gpu-3uwoq-6g3ya-2,ib_hw_counter,rdma_vf_rail2,resp_cqe_error,0
2026-09-30T07:04:21.785Z,gpu-3uwoq-6g3ya-2,ib_hw_counter,rdma_vf_rail2,implied_nak_seq_err,0
2026-09-30T07:04:21.785Z,gpu-3uwoq-6g3ya-2,ib_hw_counter,rdma_vf_rail2,duplicate_request,0
2026-09-30T07:04:21.785Z,gpu-3uwoq-6g3ya-2,ib_counter,rdma_vf_rail3,port_xmit_data,2.99916e+12
2026-09-30T07:04:21.785Z,gpu-3uwoq-6g3ya-2,ib_counter,rdma_vf_rail3,port_rcv_data,5.95935e+12
2026-09-30T07:04:21.785Z,gpu-3uwoq-6g3ya-2,ib_counter,rdma_vf_rail3,port_xmit_packets,1.0114e+09
2026-09-30T07:04:21.785Z,gpu-3uwoq-6g3ya-2,ib_counter,rdma_vf_rail3,port_rcv_packets,1.64526e+09
2026-09-30T07:04:21.785Z,gpu-3uwoq-6g3ya-2,ib_counter,rdma_vf_rail3,port_xmit_wait,0
2026-09-30T07:04:21.785Z,gpu-3uwoq-6g3ya-2,ib_counter,rdma_vf_rail3,port_rcv_errors,0
2026-09-30T07:04:21.785Z,gpu-3uwoq-6g3ya-2,ib_counter,rdma_vf_rail3,port_xmit_discards,0
2026-09-30T07:04:21.785Z,gpu-3uwoq-6g3ya-2,ib_counter,rdma_vf_rail3,link_downed,0
2026-09-30T07:04:21.785Z,gpu-3uwoq-6g3ya-2,ib_hw_counter,rdma_vf_rail3,out_of_sequence,7
2026-09-30T07:04:21.785Z,gpu-3uwoq-6g3ya-2,ib_hw_counter,rdma_vf_rail3,packet_seq_err,1
2026-09-30T07:04:21.785Z,gpu-3uwoq-6g3ya-2,ib_hw_counter,rdma_vf_rail3,local_ack_timeout_err,0
2026-09-30T07:04:21.785Z,gpu-3uwoq-6g3ya-2,ib_hw_counter,rdma_vf_rail3,rx_write_requests,7.1093e+08
2026-09-30T07:04:21.785Z,gpu-3uwoq-6g3ya-2,ib_hw_counter,rdma_vf_rail3,rx_read_requests,1.23061e+07
2026-09-30T07:04:21.785Z,gpu-3uwoq-6g3ya-2,ib_hw_counter,rdma_vf_rail3,req_cqe_error,0
2026-09-30T07:04:21.785Z,gpu-3uwoq-6g3ya-2,ib_hw_counter,rdma_vf_rail3,resp_cqe_error,0
2026-09-30T07:04:21.785Z,gpu-3uwoq-6g3ya-2,ib_hw_counter,rdma_vf_rail3,implied_nak_seq_err,0
2026-09-30T07:04:21.785Z,gpu-3uwoq-6g3ya-2,ib_hw_counter,rdma_vf_rail3,duplicate_request,0
2026-09-30T07:04:21.785Z,gpu-3uwoq-6g3ya-2,dcgm,gpu2,gpu_util,0
2026-09-30T07:04:21.785Z,gpu-3uwoq-6g3ya-2,dcgm,gpu3,gpu_util,0
2026-09-30T07:04:21.785Z,gpu-3uwoq-6g3ya-2,dcgm,gpu1,gpu_util,0
2026-09-30T07:04:21.785Z,gpu-3uwoq-6g3ya-2,dcgm,gpu0,gpu_util,0
2026-09-30T07:04:21.785Z,gpu-3uwoq-6g3ya-2,dcgm,gpu2,nvlink_bandwidth_total,0
2026-09-30T07:04:21.785Z,gpu-3uwoq-6g3ya-2,dcgm,gpu3,nvlink_bandwidth_total,0
2026-09-30T07:04:21.785Z,gpu-3uwoq-6g3ya-2,dcgm,gpu1,nvlink_bandwidth_total,0
2026-09-30T07:04:21.785Z,gpu-3uwoq-6g3ya-2,dcgm,gpu0,nvlink_bandwidth_total,0
2026-09-30T07:04:21.785Z,gpu-3uwoq-6g3ya-2,dcgm,gpu2,power_w,230.685
2026-09-30T07:04:21.785Z,gpu-3uwoq-6g3ya-2,dcgm,gpu3,power_w,234.316
2026-09-30T07:04:21.785Z,gpu-3uwoq-6g3ya-2,dcgm,gpu1,power_w,230
2026-09-30T07:04:21.785Z,gpu-3uwoq-6g3ya-2,dcgm,gpu0,power_w,226.743
2026-09-30T07:04:21.785Z,gpu-3uwoq-6g3ya-2,dcgm,gpu2,sm_clock_mhz,2070
2026-09-30T07:04:21.785Z,gpu-3uwoq-6g3ya-2,dcgm,gpu3,sm_clock_mhz,2070
2026-09-30T07:04:21.785Z,gpu-3uwoq-6g3ya-2,dcgm,gpu1,sm_clock_mhz,2070
2026-09-30T07:04:21.785Z,gpu-3uwoq-6g3ya-2,dcgm,gpu0,sm_clock_mhz,2070
2026-09-30T07:04:21.785Z,gpu-3uwoq-6g3ya-2,dcgm,gpu2,dram_active,0
2026-09-30T07:04:21.785Z,gpu-3uwoq-6g3ya-2,dcgm,gpu3,dram_active,0
2026-09-30T07:04:21.785Z,gpu-3uwoq-6g3ya-2,dcgm,gpu1,dram_active,0
2026-09-30T07:04:21.785Z,gpu-3uwoq-6g3ya-2,dcgm,gpu0,dram_active,0
2026-09-30T07:04:21.785Z,gpu-3uwoq-6g3ya-2,dcgm,gpu2,pcie_rx_bytes,70491
2026-09-30T07:04:21.785Z,gpu-3uwoq-6g3ya-2,dcgm,gpu3,pcie_rx_bytes,72924
2026-09-30T07:04:21.785Z,gpu-3uwoq-6g3ya-2,dcgm,gpu1,pcie_rx_bytes,84384
2026-09-30T07:04:21.785Z,gpu-3uwoq-6g3ya-2,dcgm,gpu0,pcie_rx_bytes,78827
2026-09-30T07:04:21.785Z,gpu-3uwoq-6g3ya-2,dcgm,gpu2,pcie_tx_bytes,66900
2026-09-30T07:04:21.785Z,gpu-3uwoq-6g3ya-2,dcgm,gpu3,pcie_tx_bytes,69833
2026-09-30T07:04:21.785Z,gpu-3uwoq-6g3ya-2,dcgm,gpu1,pcie_tx_bytes,80261
2026-09-30T07:04:21.785Z,gpu-3uwoq-6g3ya-2,dcgm,gpu0,pcie_tx_bytes,74686
2026-09-30T07:04:21.785Z,gpu-3uwoq-6g3ya-2,dcgm,gpu2,tensor_active,0
2026-09-30T07:04:21.785Z,gpu-3uwoq-6g3ya-2,dcgm,gpu3,tensor_active,0
2026-09-30T07:04:21.785Z,gpu-3uwoq-6g3ya-2,dcgm,gpu1,tensor_active,0
2026-09-30T07:04:21.785Z,gpu-3uwoq-6g3ya-2,dcgm,gpu0,tensor_active,0
2026-09-30T07:04:21.785Z,gpu-3uwoq-6g3ya-2,dcgm,gpu2,sm_active,0
2026-09-30T07:04:21.785Z,gpu-3uwoq-6g3ya-2,dcgm,gpu3,sm_active,0
2026-09-30T07:04:21.785Z,gpu-3uwoq-6g3ya-2,dcgm,gpu1,sm_active,0
2026-09-30T07:04:21.785Z,gpu-3uwoq-6g3ya-2,dcgm,gpu0,sm_active,0
2026-09-30T07:04:21.785Z,gpu-3uwoq-6g3ya-2,nvlink,gpu0,nvlink_rx_bytes,4.80963e+13
2026-09-30T07:04:21.785Z,gpu-3uwoq-6g3ya-2,nvlink,gpu0,nvlink_tx_bytes,4.80995e+13
2026-09-30T07:04:21.785Z,gpu-3uwoq-6g3ya-2,nvlink,gpu1,nvlink_rx_bytes,4.82499e+13
2026-09-30T07:04:21.785Z,gpu-3uwoq-6g3ya-2,nvlink,gpu1,nvlink_tx_bytes,4.8252e+13
2026-09-30T07:04:21.785Z,gpu-3uwoq-6g3ya-2,nvlink,gpu2,nvlink_rx_bytes,4.80847e+13
2026-09-30T07:04:21.785Z,gpu-3uwoq-6g3ya-2,nvlink,gpu2,nvlink_tx_bytes,4.80882e+13
2026-09-30T07:04:21.785Z,gpu-3uwoq-6g3ya-2,nvlink,gpu3,nvlink_rx_bytes,4.80322e+13
2026-09-30T07:04:21.785Z,gpu-3uwoq-6g3ya-2,nvlink,gpu3,nvlink_tx_bytes,4.80353e+13
2026-09-30T07:04:22.785Z,gpu-3uwoq-6g3ya-2,ib_counter,rdma_vf_rail0,port_xmit_data,3.13507e+12
2026-09-30T07:04:22.785Z,gpu-3uwoq-6g3ya-2,ib_counter,rdma_vf_rail0,port_rcv_data,6.09511e+12
2026-09-30T07:04:22.785Z,gpu-3uwoq-6g3ya-2,ib_counter,rdma_vf_rail0,port_xmit_packets,1.06346e+09
2026-09-30T07:04:22.785Z,gpu-3uwoq-6g3ya-2,ib_counter,rdma_vf_rail0,port_rcv_packets,1.69433e+09
2026-09-30T07:04:22.785Z,gpu-3uwoq-6g3ya-2,ib_counter,rdma_vf_rail0,port_xmit_wait,0
2026-09-30T07:04:22.785Z,gpu-3uwoq-6g3ya-2,ib_counter,rdma_vf_rail0,port_rcv_errors,0
2026-09-30T07:04:22.785Z,gpu-3uwoq-6g3ya-2,ib_counter,rdma_vf_rail0,port_xmit_discards,0
2026-09-30T07:04:22.785Z,gpu-3uwoq-6g3ya-2,ib_counter,rdma_vf_rail0,link_downed,0
2026-09-30T07:04:22.785Z,gpu-3uwoq-6g3ya-2,ib_hw_counter,rdma_vf_rail0,out_of_sequence,8
2026-09-30T07:04:22.785Z,gpu-3uwoq-6g3ya-2,ib_hw_counter,rdma_vf_rail0,packet_seq_err,0
2026-09-30T07:04:22.785Z,gpu-3uwoq-6g3ya-2,ib_hw_counter,rdma_vf_rail0,local_ack_timeout_err,0
2026-09-30T07:04:22.785Z,gpu-3uwoq-6g3ya-2,ib_hw_counter,rdma_vf_rail0,rx_write_requests,7.12956e+08
2026-09-30T07:04:22.785Z,gpu-3uwoq-6g3ya-2,ib_hw_counter,rdma_vf_rail0,rx_read_requests,1.33147e+07
2026-09-30T07:04:22.785Z,gpu-3uwoq-6g3ya-2,ib_hw_counter,rdma_vf_rail0,req_cqe_error,0
2026-09-30T07:04:22.785Z,gpu-3uwoq-6g3ya-2,ib_hw_counter,rdma_vf_rail0,resp_cqe_error,0
2026-09-30T07:04:22.785Z,gpu-3uwoq-6g3ya-2,ib_hw_counter,rdma_vf_rail0,implied_nak_seq_err,0
2026-09-30T07:04:22.785Z,gpu-3uwoq-6g3ya-2,ib_hw_counter,rdma_vf_rail0,duplicate_request,0
2026-09-30T07:04:22.785Z,gpu-3uwoq-6g3ya-2,ib_counter,rdma_vf_rail1,port_xmit_data,3.02687e+12
2026-09-30T07:04:22.785Z,gpu-3uwoq-6g3ya-2,ib_counter,rdma_vf_rail1,port_rcv_data,5.987e+12
2026-09-30T07:04:22.785Z,gpu-3uwoq-6g3ya-2,ib_counter,rdma_vf_rail1,port_xmit_packets,1.03075e+09
2026-09-30T07:04:22.785Z,gpu-3uwoq-6g3ya-2,ib_counter,rdma_vf_rail1,port_rcv_packets,1.66181e+09
2026-09-30T07:04:22.785Z,gpu-3uwoq-6g3ya-2,ib_counter,rdma_vf_rail1,port_xmit_wait,0
2026-09-30T07:04:22.785Z,gpu-3uwoq-6g3ya-2,ib_counter,rdma_vf_rail1,port_rcv_errors,0
2026-09-30T07:04:22.785Z,gpu-3uwoq-6g3ya-2,ib_counter,rdma_vf_rail1,port_xmit_discards,0
2026-09-30T07:04:22.785Z,gpu-3uwoq-6g3ya-2,ib_counter,rdma_vf_rail1,link_downed,0
2026-09-30T07:04:22.785Z,gpu-3uwoq-6g3ya-2,ib_hw_counter,rdma_vf_rail1,out_of_sequence,8
2026-09-30T07:04:22.785Z,gpu-3uwoq-6g3ya-2,ib_hw_counter,rdma_vf_rail1,packet_seq_err,0
2026-09-30T07:04:22.785Z,gpu-3uwoq-6g3ya-2,ib_hw_counter,rdma_vf_rail1,local_ack_timeout_err,0
2026-09-30T07:04:22.785Z,gpu-3uwoq-6g3ya-2,ib_hw_counter,rdma_vf_rail1,rx_write_requests,7.11363e+08
2026-09-30T07:04:22.785Z,gpu-3uwoq-6g3ya-2,ib_hw_counter,rdma_vf_rail1,rx_read_requests,1.2514e+07
2026-09-30T07:04:22.785Z,gpu-3uwoq-6g3ya-2,ib_hw_counter,rdma_vf_rail1,req_cqe_error,0
2026-09-30T07:04:22.785Z,gpu-3uwoq-6g3ya-2,ib_hw_counter,rdma_vf_rail1,resp_cqe_error,0
2026-09-30T07:04:22.785Z,gpu-3uwoq-6g3ya-2,ib_hw_counter,rdma_vf_rail1,implied_nak_seq_err,0
2026-09-30T07:04:22.785Z,gpu-3uwoq-6g3ya-2,ib_hw_counter,rdma_vf_rail1,duplicate_request,0
2026-09-30T07:04:22.785Z,gpu-3uwoq-6g3ya-2,ib_counter,rdma_vf_rail2,port_xmit_data,2.9993e+12
2026-09-30T07:04:22.785Z,gpu-3uwoq-6g3ya-2,ib_counter,rdma_vf_rail2,port_rcv_data,5.95874e+12
2026-09-30T07:04:22.785Z,gpu-3uwoq-6g3ya-2,ib_counter,rdma_vf_rail2,port_xmit_packets,1.01306e+09
2026-09-30T07:04:22.785Z,gpu-3uwoq-6g3ya-2,ib_counter,rdma_vf_rail2,port_rcv_packets,1.63786e+09
2026-09-30T07:04:22.785Z,gpu-3uwoq-6g3ya-2,ib_counter,rdma_vf_rail2,port_xmit_wait,0
2026-09-30T07:04:22.785Z,gpu-3uwoq-6g3ya-2,ib_counter,rdma_vf_rail2,port_rcv_errors,0
2026-09-30T07:04:22.785Z,gpu-3uwoq-6g3ya-2,ib_counter,rdma_vf_rail2,port_xmit_discards,0
2026-09-30T07:04:22.785Z,gpu-3uwoq-6g3ya-2,ib_counter,rdma_vf_rail2,link_downed,0
2026-09-30T07:04:22.785Z,gpu-3uwoq-6g3ya-2,ib_hw_counter,rdma_vf_rail2,out_of_sequence,8
2026-09-30T07:04:22.785Z,gpu-3uwoq-6g3ya-2,ib_hw_counter,rdma_vf_rail2,packet_seq_err,0
2026-09-30T07:04:22.785Z,gpu-3uwoq-6g3ya-2,ib_hw_counter,rdma_vf_rail2,local_ack_timeout_err,0
2026-09-30T07:04:22.785Z,gpu-3uwoq-6g3ya-2,ib_hw_counter,rdma_vf_rail2,rx_write_requests,7.1093e+08
2026-09-30T07:04:22.785Z,gpu-3uwoq-6g3ya-2,ib_hw_counter,rdma_vf_rail2,rx_read_requests,1.23061e+07
2026-09-30T07:04:22.785Z,gpu-3uwoq-6g3ya-2,ib_hw_counter,rdma_vf_rail2,req_cqe_error,0
2026-09-30T07:04:22.785Z,gpu-3uwoq-6g3ya-2,ib_hw_counter,rdma_vf_rail2,resp_cqe_error,0
2026-09-30T07:04:22.785Z,gpu-3uwoq-6g3ya-2,ib_hw_counter,rdma_vf_rail2,implied_nak_seq_err,0
2026-09-30T07:04:22.785Z,gpu-3uwoq-6g3ya-2,ib_hw_counter,rdma_vf_rail2,duplicate_request,0
2026-09-30T07:04:22.785Z,gpu-3uwoq-6g3ya-2,ib_counter,rdma_vf_rail3,port_xmit_data,2.99916e+12
2026-09-30T07:04:22.785Z,gpu-3uwoq-6g3ya-2,ib_counter,rdma_vf_rail3,port_rcv_data,5.95935e+12
2026-09-30T07:04:22.785Z,gpu-3uwoq-6g3ya-2,ib_counter,rdma_vf_rail3,port_xmit_packets,1.0114e+09
2026-09-30T07:04:22.785Z,gpu-3uwoq-6g3ya-2,ib_counter,rdma_vf_rail3,port_rcv_packets,1.64526e+09
2026-09-30T07:04:22.785Z,gpu-3uwoq-6g3ya-2,ib_counter,rdma_vf_rail3,port_xmit_wait,0
2026-09-30T07:04:22.785Z,gpu-3uwoq-6g3ya-2,ib_counter,rdma_vf_rail3,port_rcv_errors,0
2026-09-30T07:04:22.785Z,gpu-3uwoq-6g3ya-2,ib_counter,rdma_vf_rail3,port_xmit_discards,0
2026-09-30T07:04:22.785Z,gpu-3uwoq-6g3ya-2,ib_counter,rdma_vf_rail3,link_downed,0
2026-09-30T07:04:22.785Z,gpu-3uwoq-6g3ya-2,ib_hw_counter,rdma_vf_rail3,out_of_sequence,7
2026-09-30T07:04:22.785Z,gpu-3uwoq-6g3ya-2,ib_hw_counter,rdma_vf_rail3,packet_seq_err,1
2026-09-30T07:04:22.785Z,gpu-3uwoq-6g3ya-2,ib_hw_counter,rdma_vf_rail3,local_ack_timeout_err,0
2026-09-30T07:04:22.785Z,gpu-3uwoq-6g3ya-2,ib_hw_counter,rdma_vf_rail3,rx_write_requests,7.1093e+08
2026-09-30T07:04:22.785Z,gpu-3uwoq-6g3ya-2,ib_hw_counter,rdma_vf_rail3,rx_read_requests,1.23061e+07
2026-09-30T07:04:22.785Z,gpu-3uwoq-6g3ya-2,ib_hw_counter,rdma_vf_rail3,req_cqe_error,0
2026-09-30T07:04:22.785Z,gpu-3uwoq-6g3ya-2,ib_hw_counter,rdma_vf_rail3,resp_cqe_error,0
2026-09-30T07:04:22.785Z,gpu-3uwoq-6g3ya-2,ib_hw_counter,rdma_vf_rail3,implied_nak_seq_err,0
2026-09-30T07:04:22.785Z,gpu-3uwoq-6g3ya-2,ib_hw_counter,rdma_vf_rail3,duplicate_request,0
2026-09-30T07:04:22.785Z,gpu-3uwoq-6g3ya-2,dcgm,gpu2,gpu_util,0
2026-09-30T07:04:22.785Z,gpu-3uwoq-6g3ya-2,dcgm,gpu3,gpu_util,0
2026-09-30T07:04:22.785Z,gpu-3uwoq-6g3ya-2,dcgm,gpu1,gpu_util,0
2026-09-30T07:04:22.785Z,gpu-3uwoq-6g3ya-2,dcgm,gpu0,gpu_util,0
2026-09-30T07:04:22.785Z,gpu-3uwoq-6g3ya-2,dcgm,gpu2,nvlink_bandwidth_total,0
2026-09-30T07:04:22.785Z,gpu-3uwoq-6g3ya-2,dcgm,gpu3,nvlink_bandwidth_total,0
2026-09-30T07:04:22.785Z,gpu-3uwoq-6g3ya-2,dcgm,gpu1,nvlink_bandwidth_total,0
2026-09-30T07:04:22.785Z,gpu-3uwoq-6g3ya-2,dcgm,gpu0,nvlink_bandwidth_total,0
2026-09-30T07:04:22.785Z,gpu-3uwoq-6g3ya-2,dcgm,gpu2,power_w,230.685
2026-09-30T07:04:22.785Z,gpu-3uwoq-6g3ya-2,dcgm,gpu3,power_w,234.316
2026-09-30T07:04:22.785Z,gpu-3uwoq-6g3ya-2,dcgm,gpu1,power_w,230
2026-09-30T07:04:22.785Z,gpu-3uwoq-6g3ya-2,dcgm,gpu0,power_w,226.743
2026-09-30T07:04:22.785Z,gpu-3uwoq-6g3ya-2,dcgm,gpu2,sm_clock_mhz,2070
2026-09-30T07:04:22.785Z,gpu-3uwoq-6g3ya-2,dcgm,gpu3,sm_clock_mhz,2070
2026-09-30T07:04:22.785Z,gpu-3uwoq-6g3ya-2,dcgm,gpu1,sm_clock_mhz,2070
2026-09-30T07:04:22.785Z,gpu-3uwoq-6g3ya-2,dcgm,gpu0,sm_clock_mhz,2070
2026-09-30T07:04:22.785Z,gpu-3uwoq-6g3ya-2,dcgm,gpu2,dram_active,0
2026-09-30T07:04:22.785Z,gpu-3uwoq-6g3ya-2,dcgm,gpu3,dram_active,0
2026-09-30T07:04:22.785Z,gpu-3uwoq-6g3ya-2,dcgm,gpu1,dram_active,0
2026-09-30T07:04:22.785Z,gpu-3uwoq-6g3ya-2,dcgm,gpu0,dram_active,0
2026-09-30T07:04:22.785Z,gpu-3uwoq-6g3ya-2,dcgm,gpu2,pcie_rx_bytes,70491
2026-09-30T07:04:22.785Z,gpu-3uwoq-6g3ya-2,dcgm,gpu3,pcie_rx_bytes,72924
2026-09-30T07:04:22.785Z,gpu-3uwoq-6g3ya-2,dcgm,gpu1,pcie_rx_bytes,84384
2026-09-30T07:04:22.785Z,gpu-3uwoq-6g3ya-2,dcgm,gpu0,pcie_rx_bytes,78827
2026-09-30T07:04:22.785Z,gpu-3uwoq-6g3ya-2,dcgm,gpu2,pcie_tx_bytes,66900
2026-09-30T07:04:22.785Z,gpu-3uwoq-6g3ya-2,dcgm,gpu3,pcie_tx_bytes,69833
2026-09-30T07:04:22.785Z,gpu-3uwoq-6g3ya-2,dcgm,gpu1,pcie_tx_bytes,80261
2026-09-30T07:04:22.785Z,gpu-3uwoq-6g3ya-2,dcgm,gpu0,pcie_tx_bytes,74686
2026-09-30T07:04:22.785Z,gpu-3uwoq-6g3ya-2,dcgm,gpu2,tensor_active,0
2026-09-30T07:04:22.785Z,gpu-3uwoq-6g3ya-2,dcgm,gpu3,tensor_active,0
2026-09-30T07:04:22.785Z,gpu-3uwoq-6g3ya-2,dcgm,gpu1,tensor_active,0
2026-09-30T07:04:22.785Z,gpu-3uwoq-6g3ya-2,dcgm,gpu0,tensor_active,0
2026-09-30T07:04:22.785Z,gpu-3uwoq-6g3ya-2,dcgm,gpu2,sm_active,0
2026-09-30T07:04:22.785Z,gpu-3uwoq-6g3ya-2,dcgm,gpu3,sm_active,0
2026-09-30T07:04:22.785Z,gpu-3uwoq-6g3ya-2,dcgm,gpu1,sm_active,0
2026-09-30T07:04:22.785Z,gpu-3uwoq-6g3ya-2,dcgm,gpu0,sm_active,0
2026-09-30T07:04:22.785Z,gpu-3uwoq-6g3ya-2,nvlink,gpu0,nvlink_rx_bytes,4.80963e+13
2026-09-30T07:04:22.785Z,gpu-3uwoq-6g3ya-2,nvlink,gpu0,nvlink_tx_bytes,4.80995e+13
2026-09-30T07:04:22.785Z,gpu-3uwoq-6g3ya-2,nvlink,gpu1,nvlink_rx_bytes,4.82499e+13
2026-09-30T07:04:22.785Z,gpu-3uwoq-6g3ya-2,nvlink,gpu1,nvlink_tx_bytes,4.8252e+13
2026-09-30T07:04:22.785Z,gpu-3uwoq-6g3ya-2,nvlink,gpu2,nvlink_rx_bytes,4.80847e+13
2026-09-30T07:04:22.785Z,gpu-3uwoq-6g3ya-2,nvlink,gpu2,nvlink_tx_bytes,4.80882e+13
2026-09-30T07:04:22.785Z,gpu-3uwoq-6g3ya-2,nvlink,gpu3,nvlink_rx_bytes,4.80322e+13
2026-09-30T07:04:22.785Z,gpu-3uwoq-6g3ya-2,nvlink,gpu3,nvlink_tx_bytes,4.80353e+13
2026-09-30T07:04:23.785Z,gpu-3uwoq-6g3ya-2,ib_counter,rdma_vf_rail0,port_xmit_data,3.13507e+12
2026-09-30T07:04:23.785Z,gpu-3uwoq-6g3ya-2,ib_counter,rdma_vf_rail0,port_rcv_data,6.09511e+12
2026-09-30T07:04:23.785Z,gpu-3uwoq-6g3ya-2,ib_counter,rdma_vf_rail0,port_xmit_packets,1.06346e+09
2026-09-30T07:04:23.785Z,gpu-3uwoq-6g3ya-2,ib_counter,rdma_vf_rail0,port_rcv_packets,1.69433e+09
2026-09-30T07:04:23.785Z,gpu-3uwoq-6g3ya-2,ib_counter,rdma_vf_rail0,port_xmit_wait,0
2026-09-30T07:04:23.785Z,gpu-3uwoq-6g3ya-2,ib_counter,rdma_vf_rail0,port_rcv_errors,0
2026-09-30T07:04:23.785Z,gpu-3uwoq-6g3ya-2,ib_counter,rdma_vf_rail0,port_xmit_discards,0
2026-09-30T07:04:23.785Z,gpu-3uwoq-6g3ya-2,ib_counter,rdma_vf_rail0,link_downed,0
2026-09-30T07:04:23.785Z,gpu-3uwoq-6g3ya-2,ib_hw_counter,rdma_vf_rail0,out_of_sequence,8
2026-09-30T07:04:23.785Z,gpu-3uwoq-6g3ya-2,ib_hw_counter,rdma_vf_rail0,packet_seq_err,0
2026-09-30T07:04:23.785Z,gpu-3uwoq-6g3ya-2,ib_hw_counter,rdma_vf_rail0,local_ack_timeout_err,0
2026-09-30T07:04:23.785Z,gpu-3uwoq-6g3ya-2,ib_hw_counter,rdma_vf_rail0,rx_write_requests,7.12956e+08
2026-09-30T07:04:23.785Z,gpu-3uwoq-6g3ya-2,ib_hw_counter,rdma_vf_rail0,rx_read_requests,1.33147e+07
2026-09-30T07:04:23.785Z,gpu-3uwoq-6g3ya-2,ib_hw_counter,rdma_vf_rail0,req_cqe_error,0
2026-09-30T07:04:23.785Z,gpu-3uwoq-6g3ya-2,ib_hw_counter,rdma_vf_rail0,resp_cqe_error,0
2026-09-30T07:04:23.785Z,gpu-3uwoq-6g3ya-2,ib_hw_counter,rdma_vf_rail0,implied_nak_seq_err,0
2026-09-30T07:04:23.785Z,gpu-3uwoq-6g3ya-2,ib_hw_counter,rdma_vf_rail0,duplicate_request,0
2026-09-30T07:04:23.785Z,gpu-3uwoq-6g3ya-2,ib_counter,rdma_vf_rail1,port_xmit_data,3.02687e+12
2026-09-30T07:04:23.785Z,gpu-3uwoq-6g3ya-2,ib_counter,rdma_vf_rail1,port_rcv_data,5.987e+12
2026-09-30T07:04:23.785Z,gpu-3uwoq-6g3ya-2,ib_counter,rdma_vf_rail1,port_xmit_packets,1.03075e+09
2026-09-30T07:04:23.785Z,gpu-3uwoq-6g3ya-2,ib_counter,rdma_vf_rail1,port_rcv_packets,1.66181e+09
2026-09-30T07:04:23.785Z,gpu-3uwoq-6g3ya-2,ib_counter,rdma_vf_rail1,port_xmit_wait,0
2026-09-30T07:04:23.785Z,gpu-3uwoq-6g3ya-2,ib_counter,rdma_vf_rail1,port_rcv_errors,0
2026-09-30T07:04:23.785Z,gpu-3uwoq-6g3ya-2,ib_counter,rdma_vf_rail1,port_xmit_discards,0
2026-09-30T07:04:23.785Z,gpu-3uwoq-6g3ya-2,ib_counter,rdma_vf_rail1,link_downed,0
2026-09-30T07:04:23.785Z,gpu-3uwoq-6g3ya-2,ib_hw_counter,rdma_vf_rail1,out_of_sequence,8
2026-09-30T07:04:23.785Z,gpu-3uwoq-6g3ya-2,ib_hw_counter,rdma_vf_rail1,packet_seq_err,0
2026-09-30T07:04:23.785Z,gpu-3uwoq-6g3ya-2,ib_hw_counter,rdma_vf_rail1,local_ack_timeout_err,0
2026-09-30T07:04:23.785Z,gpu-3uwoq-6g3ya-2,ib_hw_counter,rdma_vf_rail1,rx_write_requests,7.11363e+08
2026-09-30T07:04:23.785Z,gpu-3uwoq-6g3ya-2,ib_hw_counter,rdma_vf_rail1,rx_read_requests,1.2514e+07
2026-09-30T07:04:23.785Z,gpu-3uwoq-6g3ya-2,ib_hw_counter,rdma_vf_rail1,req_cqe_error,0
2026-09-30T07:04:23.785Z,gpu-3uwoq-6g3ya-2,ib_hw_counter,rdma_vf_rail1,resp_cqe_error,0
2026-09-30T07:04:23.785Z,gpu-3uwoq-6g3ya-2,ib_hw_counter,rdma_vf_rail1,implied_nak_seq_err,0
2026-09-30T07:04:23.785Z,gpu-3uwoq-6g3ya-2,ib_hw_counter,rdma_vf_rail1,duplicate_request,0
2026-09-30T07:04:23.785Z,gpu-3uwoq-6g3ya-2,ib_counter,rdma_vf_rail2,port_xmit_data,2.9993e+12
2026-09-30T07:04:23.785Z,gpu-3uwoq-6g3ya-2,ib_counter,rdma_vf_rail2,port_rcv_data,5.95874e+12
2026-09-30T07:04:23.785Z,gpu-3uwoq-6g3ya-2,ib_counter,rdma_vf_rail2,port_xmit_packets,1.01306e+09
2026-09-30T07:04:23.785Z,gpu-3uwoq-6g3ya-2,ib_counter,rdma_vf_rail2,port_rcv_packets,1.63786e+09
2026-09-30T07:04:23.785Z,gpu-3uwoq-6g3ya-2,ib_counter,rdma_vf_rail2,port_xmit_wait,0
2026-09-30T07:04:23.785Z,gpu-3uwoq-6g3ya-2,ib_counter,rdma_vf_rail2,port_rcv_errors,0
2026-09-30T07:04:23.785Z,gpu-3uwoq-6g3ya-2,ib_counter,rdma_vf_rail2,port_xmit_discards,0
2026-09-30T07:04:23.785Z,gpu-3uwoq-6g3ya-2,ib_counter,rdma_vf_rail2,link_downed,0
2026-09-30T07:04:23.785Z,gpu-3uwoq-6g3ya-2,ib_hw_counter,rdma_vf_rail2,out_of_sequence,8
2026-09-30T07:04:23.785Z,gpu-3uwoq-6g3ya-2,ib_hw_counter,rdma_vf_rail2,packet_seq_err,0
2026-09-30T07:04:23.785Z,gpu-3uwoq-6g3ya-2,ib_hw_counter,rdma_vf_rail2,local_ack_timeout_err,0
2026-09-30T07:04:23.785Z,gpu-3uwoq-6g3ya-2,ib_hw_counter,rdma_vf_rail2,rx_write_requests,7.1093e+08
2026-09-30T07:04:23.785Z,gpu-3uwoq-6g3ya-2,ib_hw_counter,rdma_vf_rail2,rx_read_requests,1.23061e+07
2026-09-30T07:04:23.785Z,gpu-3uwoq-6g3ya-2,ib_hw_counter,rdma_vf_rail2,req_cqe_error,0
2026-09-30T07:04:23.785Z,gpu-3uwoq-6g3ya-2,ib_hw_counter,rdma_vf_rail2,resp_cqe_error,0
2026-09-30T07:04:23.785Z,gpu-3uwoq-6g3ya-2,ib_hw_counter,rdma_vf_rail2,implied_nak_seq_err,0
2026-09-30T07:04:23.785Z,gpu-3uwoq-6g3ya-2,ib_hw_counter,rdma_vf_rail2,duplicate_request,0
2026-09-30T07:04:23.785Z,gpu-3uwoq-6g3ya-2,ib_counter,rdma_vf_rail3,port_xmit_data,2.99916e+12
2026-09-30T07:04:23.785Z,gpu-3uwoq-6g3ya-2,ib_counter,rdma_vf_rail3,port_rcv_data,5.95935e+12
2026-09-30T07:04:23.785Z,gpu-3uwoq-6g3ya-2,ib_counter,rdma_vf_rail3,port_xmit_packets,1.0114e+09
2026-09-30T07:04:23.785Z,gpu-3uwoq-6g3ya-2,ib_counter,rdma_vf_rail3,port_rcv_packets,1.64526e+09
2026-09-30T07:04:23.785Z,gpu-3uwoq-6g3ya-2,ib_counter,rdma_vf_rail3,port_xmit_wait,0
2026-09-30T07:04:23.785Z,gpu-3uwoq-6g3ya-2,ib_counter,rdma_vf_rail3,port_rcv_errors,0
2026-09-30T07:04:23.785Z,gpu-3uwoq-6g3ya-2,ib_counter,rdma_vf_rail3,port_xmit_discards,0
2026-09-30T07:04:23.785Z,gpu-3uwoq-6g3ya-2,ib_counter,rdma_vf_rail3,link_downed,0
2026-09-30T07:04:23.785Z,gpu-3uwoq-6g3ya-2,ib_hw_counter,rdma_vf_rail3,out_of_sequence,7
2026-09-30T07:04:23.785Z,gpu-3uwoq-6g3ya-2,ib_hw_counter,rdma_vf_rail3,packet_seq_err,1
2026-09-30T07:04:23.785Z,gpu-3uwoq-6g3ya-2,ib_hw_counter,rdma_vf_rail3,local_ack_timeout_err,0
2026-09-30T07:04:23.785Z,gpu-3uwoq-6g3ya-2,ib_hw_counter,rdma_vf_rail3,rx_write_requests,7.1093e+08
2026-09-30T07:04:23.785Z,gpu-3uwoq-6g3ya-2,ib_hw_counter,rdma_vf_rail3,rx_read_requests,1.23061e+07
2026-09-30T07:04:23.785Z,gpu-3uwoq-6g3ya-2,ib_hw_counter,rdma_vf_rail3,req_cqe_error,0
2026-09-30T07:04:23.785Z,gpu-3uwoq-6g3ya-2,ib_hw_counter,rdma_vf_rail3,resp_cqe_error,0
2026-09-30T07:04:23.785Z,gpu-3uwoq-6g3ya-2,ib_hw_counter,rdma_vf_rail3,implied_nak_seq_err,0
2026-09-30T07:04:23.785Z,gpu-3uwoq-6g3ya-2,ib_hw_counter,rdma_vf_rail3,duplicate_request,0
2026-09-30T07:04:23.785Z,gpu-3uwoq-6g3ya-2,dcgm,gpu2,gpu_util,0
2026-09-30T07:04:23.785Z,gpu-3uwoq-6g3ya-2,dcgm,gpu3,gpu_util,0
2026-09-30T07:04:23.785Z,gpu-3uwoq-6g3ya-2,dcgm,gpu1,gpu_util,0
2026-09-30T07:04:23.785Z,gpu-3uwoq-6g3ya-2,dcgm,gpu0,gpu_util,0
2026-09-30T07:04:23.785Z,gpu-3uwoq-6g3ya-2,dcgm,gpu2,nvlink_bandwidth_total,0
2026-09-30T07:04:23.785Z,gpu-3uwoq-6g3ya-2,dcgm,gpu3,nvlink_bandwidth_total,0
2026-09-30T07:04:23.785Z,gpu-3uwoq-6g3ya-2,dcgm,gpu1,nvlink_bandwidth_total,0
2026-09-30T07:04:23.785Z,gpu-3uwoq-6g3ya-2,dcgm,gpu0,nvlink_bandwidth_total,0
2026-09-30T07:04:23.785Z,gpu-3uwoq-6g3ya-2,dcgm,gpu2,power_w,230.685
2026-09-30T07:04:23.785Z,gpu-3uwoq-6g3ya-2,dcgm,gpu3,power_w,234.316
2026-09-30T07:04:23.785Z,gpu-3uwoq-6g3ya-2,dcgm,gpu1,power_w,230
2026-09-30T07:04:23.785Z,gpu-3uwoq-6g3ya-2,dcgm,gpu0,power_w,226.743
2026-09-30T07:04:23.785Z,gpu-3uwoq-6g3ya-2,dcgm,gpu2,sm_clock_mhz,2070
2026-09-30T07:04:23.785Z,gpu-3uwoq-6g3ya-2,dcgm,gpu3,sm_clock_mhz,2070
2026-09-30T07:04:23.785Z,gpu-3uwoq-6g3ya-2,dcgm,gpu1,sm_clock_mhz,2070
2026-09-30T07:04:23.785Z,gpu-3uwoq-6g3ya-2,dcgm,gpu0,sm_clock_mhz,2070
2026-09-30T07:04:23.785Z,gpu-3uwoq-6g3ya-2,dcgm,gpu2,dram_active,0
2026-09-30T07:04:23.785Z,gpu-3uwoq-6g3ya-2,dcgm,gpu3,dram_active,0
2026-09-30T07:04:23.785Z,gpu-3uwoq-6g3ya-2,dcgm,gpu1,dram_active,0
2026-09-30T07:04:23.785Z,gpu-3uwoq-6g3ya-2,dcgm,gpu0,dram_active,0
2026-09-30T07:04:23.785Z,gpu-3uwoq-6g3ya-2,dcgm,gpu2,pcie_rx_bytes,70491
2026-09-30T07:04:23.785Z,gpu-3uwoq-6g3ya-2,dcgm,gpu3,pcie_rx_bytes,72924
2026-09-30T07:04:23.785Z,gpu-3uwoq-6g3ya-2,dcgm,gpu1,pcie_rx_bytes,84384
2026-09-30T07:04:23.785Z,gpu-3uwoq-6g3ya-2,dcgm,gpu0,pcie_rx_bytes,78827
2026-09-30T07:04:23.785Z,gpu-3uwoq-6g3ya-2,dcgm,gpu2,pcie_tx_bytes,66900
2026-09-30T07:04:23.785Z,gpu-3uwoq-6g3ya-2,dcgm,gpu3,pcie_tx_bytes,69833
2026-09-30T07:04:23.785Z,gpu-3uwoq-6g3ya-2,dcgm,gpu1,pcie_tx_bytes,80261
2026-09-30T07:04:23.785Z,gpu-3uwoq-6g3ya-2,dcgm,gpu0,pcie_tx_bytes,74686
2026-09-30T07:04:23.785Z,gpu-3uwoq-6g3ya-2,dcgm,gpu2,tensor_active,0
2026-09-30T07:04:23.785Z,gpu-3uwoq-6g3ya-2,dcgm,gpu3,tensor_active,0
2026-09-30T07:04:23.785Z,gpu-3uwoq-6g3ya-2,dcgm,gpu1,tensor_active,0
2026-09-30T07:04:23.785Z,gpu-3uwoq-6g3ya-2,dcgm,gpu0,tensor_active,0
2026-09-30T07:04:23.785Z,gpu-3uwoq-6g3ya-2,dcgm,gpu2,sm_active,0
2026-09-30T07:04:23.785Z,gpu-3uwoq-6g3ya-2,dcgm,gpu3,sm_active,0
2026-09-30T07:04:23.785Z,gpu-3uwoq-6g3ya-2,dcgm,gpu1,sm_active,0
2026-09-30T07:04:23.785Z,gpu-3uwoq-6g3ya-2,dcgm,gpu0,sm_active,0
2026-09-30T07:04:23.785Z,gpu-3uwoq-6g3ya-2,nvlink,gpu0,nvlink_rx_bytes,4.80963e+13
2026-09-30T07:04:23.785Z,gpu-3uwoq-6g3ya-2,nvlink,gpu0,nvlink_tx_bytes,4.80995e+13
2026-09-30T07:04:23.785Z,gpu-3uwoq-6g3ya-2,nvlink,gpu1,nvlink_rx_bytes,4.82499e+13
2026-09-30T07:04:23.785Z,gpu-3uwoq-6g3ya-2,nvlink,gpu1,nvlink_tx_bytes,4.8252e+13
2026-09-30T07:04:23.785Z,gpu-3uwoq-6g3ya-2,nvlink,gpu2,nvlink_rx_bytes,4.80847e+13
2026-09-30T07:04:23.785Z,gpu-3uwoq-6g3ya-2,nvlink,gpu2,nvlink_tx_bytes,4.80882e+13
2026-09-30T07:04:23.785Z,gpu-3uwoq-6g3ya-2,nvlink,gpu3,nvlink_rx_bytes,4.80322e+13
2026-09-30T07:04:23.785Z,gpu-3uwoq-6g3ya-2,nvlink,gpu3,nvlink_tx_bytes,4.80353e+13
2026-09-30T07:04:24.785Z,gpu-3uwoq-6g3ya-2,ib_counter,rdma_vf_rail0,port_xmit_data,3.13507e+12
2026-09-30T07:04:24.785Z,gpu-3uwoq-6g3ya-2,ib_counter,rdma_vf_rail0,port_rcv_data,6.09511e+12
2026-09-30T07:04:24.785Z,gpu-3uwoq-6g3ya-2,ib_counter,rdma_vf_rail0,port_xmit_packets,1.06346e+09
2026-09-30T07:04:24.785Z,gpu-3uwoq-6g3ya-2,ib_counter,rdma_vf_rail0,port_rcv_packets,1.69433e+09
2026-09-30T07:04:24.785Z,gpu-3uwoq-6g3ya-2,ib_counter,rdma_vf_rail0,port_xmit_wait,0
2026-09-30T07:04:24.785Z,gpu-3uwoq-6g3ya-2,ib_counter,rdma_vf_rail0,port_rcv_errors,0
2026-09-30T07:04:24.785Z,gpu-3uwoq-6g3ya-2,ib_counter,rdma_vf_rail0,port_xmit_discards,0
2026-09-30T07:04:24.785Z,gpu-3uwoq-6g3ya-2,ib_counter,rdma_vf_rail0,link_downed,0
2026-09-30T07:04:24.785Z,gpu-3uwoq-6g3ya-2,ib_hw_counter,rdma_vf_rail0,out_of_sequence,8
2026-09-30T07:04:24.785Z,gpu-3uwoq-6g3ya-2,ib_hw_counter,rdma_vf_rail0,packet_seq_err,0
2026-09-30T07:04:24.785Z,gpu-3uwoq-6g3ya-2,ib_hw_counter,rdma_vf_rail0,local_ack_timeout_err,0
2026-09-30T07:04:24.785Z,gpu-3uwoq-6g3ya-2,ib_hw_counter,rdma_vf_rail0,rx_write_requests,7.12956e+08
2026-09-30T07:04:24.785Z,gpu-3uwoq-6g3ya-2,ib_hw_counter,rdma_vf_rail0,rx_read_requests,1.33147e+07
2026-09-30T07:04:24.785Z,gpu-3uwoq-6g3ya-2,ib_hw_counter,rdma_vf_rail0,req_cqe_error,0
2026-09-30T07:04:24.785Z,gpu-3uwoq-6g3ya-2,ib_hw_counter,rdma_vf_rail0,resp_cqe_error,0
2026-09-30T07:04:24.785Z,gpu-3uwoq-6g3ya-2,ib_hw_counter,rdma_vf_rail0,implied_nak_seq_err,0
2026-09-30T07:04:24.785Z,gpu-3uwoq-6g3ya-2,ib_hw_counter,rdma_vf_rail0,duplicate_request,0
2026-09-30T07:04:24.785Z,gpu-3uwoq-6g3ya-2,ib_counter,rdma_vf_rail1,port_xmit_data,3.02687e+12
2026-09-30T07:04:24.785Z,gpu-3uwoq-6g3ya-2,ib_counter,rdma_vf_rail1,port_rcv_data,5.987e+12
2026-09-30T07:04:24.785Z,gpu-3uwoq-6g3ya-2,ib_counter,rdma_vf_rail1,port_xmit_packets,1.03075e+09
2026-09-30T07:04:24.785Z,gpu-3uwoq-6g3ya-2,ib_counter,rdma_vf_rail1,port_rcv_packets,1.66181e+09
2026-09-30T07:04:24.785Z,gpu-3uwoq-6g3ya-2,ib_counter,rdma_vf_rail1,port_xmit_wait,0
2026-09-30T07:04:24.785Z,gpu-3uwoq-6g3ya-2,ib_counter,rdma_vf_rail1,port_rcv_errors,0
2026-09-30T07:04:24.785Z,gpu-3uwoq-6g3ya-2,ib_counter,rdma_vf_rail1,port_xmit_discards,0
2026-09-30T07:04:24.785Z,gpu-3uwoq-6g3ya-2,ib_counter,rdma_vf_rail1,link_downed,0
2026-09-30T07:04:24.785Z,gpu-3uwoq-6g3ya-2,ib_hw_counter,rdma_vf_rail1,out_of_sequence,8
2026-09-30T07:04:24.785Z,gpu-3uwoq-6g3ya-2,ib_hw_counter,rdma_vf_rail1,packet_seq_err,0
2026-09-30T07:04:24.785Z,gpu-3uwoq-6g3ya-2,ib_hw_counter,rdma_vf_rail1,local_ack_timeout_err,0
2026-09-30T07:04:24.785Z,gpu-3uwoq-6g3ya-2,ib_hw_counter,rdma_vf_rail1,rx_write_requests,7.11363e+08
2026-09-30T07:04:24.785Z,gpu-3uwoq-6g3ya-2,ib_hw_counter,rdma_vf_rail1,rx_read_requests,1.2514e+07
2026-09-30T07:04:24.785Z,gpu-3uwoq-6g3ya-2,ib_hw_counter,rdma_vf_rail1,req_cqe_error,0
2026-09-30T07:04:24.785Z,gpu-3uwoq-6g3ya-2,ib_hw_counter,rdma_vf_rail1,resp_cqe_error,0
2026-09-30T07:04:24.785Z,gpu-3uwoq-6g3ya-2,ib_hw_counter,rdma_vf_rail1,implied_nak_seq_err,0
2026-09-30T07:04:24.785Z,gpu-3uwoq-6g3ya-2,ib_hw_counter,rdma_vf_rail1,duplicate_request,0
2026-09-30T07:04:24.785Z,gpu-3uwoq-6g3ya-2,ib_counter,rdma_vf_rail2,port_xmit_data,2.9993e+12
2026-09-30T07:04:24.785Z,gpu-3uwoq-6g3ya-2,ib_counter,rdma_vf_rail2,port_rcv_data,5.95874e+12
2026-09-30T07:04:24.785Z,gpu-3uwoq-6g3ya-2,ib_counter,rdma_vf_rail2,port_xmit_packets,1.01306e+09
2026-09-30T07:04:24.785Z,gpu-3uwoq-6g3ya-2,ib_counter,rdma_vf_rail2,port_rcv_packets,1.63786e+09
2026-09-30T07:04:24.785Z,gpu-3uwoq-6g3ya-2,ib_counter,rdma_vf_rail2,port_xmit_wait,0
2026-09-30T07:04:24.785Z,gpu-3uwoq-6g3ya-2,ib_counter,rdma_vf_rail2,port_rcv_errors,0
2026-09-30T07:04:24.785Z,gpu-3uwoq-6g3ya-2,ib_counter,rdma_vf_rail2,port_xmit_discards,0
2026-09-30T07:04:24.785Z,gpu-3uwoq-6g3ya-2,ib_counter,rdma_vf_rail2,link_downed,0
2026-09-30T07:04:24.785Z,gpu-3uwoq-6g3ya-2,ib_hw_counter,rdma_vf_rail2,out_of_sequence,8
2026-09-30T07:04:24.785Z,gpu-3uwoq-6g3ya-2,ib_hw_counter,rdma_vf_rail2,packet_seq_err,0
2026-09-30T07:04:24.785Z,gpu-3uwoq-6g3ya-2,ib_hw_counter,rdma_vf_rail2,local_ack_timeout_err,0
2026-09-30T07:04:24.785Z,gpu-3uwoq-6g3ya-2,ib_hw_counter,rdma_vf_rail2,rx_write_requests,7.1093e+08
2026-09-30T07:04:24.785Z,gpu-3uwoq-6g3ya-2,ib_hw_counter,rdma_vf_rail2,rx_read_requests,1.23061e+07
2026-09-30T07:04:24.785Z,gpu-3uwoq-6g3ya-2,ib_hw_counter,rdma_vf_rail2,req_cqe_error,0
2026-09-30T07:04:24.785Z,gpu-3uwoq-6g3ya-2,ib_hw_counter,rdma_vf_rail2,resp_cqe_error,0
2026-09-30T07:04:24.785Z,gpu-3uwoq-6g3ya-2,ib_hw_counter,rdma_vf_rail2,implied_nak_seq_err,0
2026-09-30T07:04:24.785Z,gpu-3uwoq-6g3ya-2,ib_hw_counter,rdma_vf_rail2,duplicate_request,0
2026-09-30T07:04:24.785Z,gpu-3uwoq-6g3ya-2,ib_counter,rdma_vf_rail3,port_xmit_data,2.99916e+12
2026-09-30T07:04:24.785Z,gpu-3uwoq-6g3ya-2,ib_counter,rdma_vf_rail3,port_rcv_data,5.95935e+12
2026-09-30T07:04:24.785Z,gpu-3uwoq-6g3ya-2,ib_counter,rdma_vf_rail3,port_xmit_packets,1.0114e+09
2026-09-30T07:04:24.785Z,gpu-3uwoq-6g3ya-2,ib_counter,rdma_vf_rail3,port_rcv_packets,1.64526e+09
2026-09-30T07:04:24.785Z,gpu-3uwoq-6g3ya-2,ib_counter,rdma_vf_rail3,port_xmit_wait,0
2026-09-30T07:04:24.785Z,gpu-3uwoq-6g3ya-2,ib_counter,rdma_vf_rail3,port_rcv_errors,0
2026-09-30T07:04:24.785Z,gpu-3uwoq-6g3ya-2,ib_counter,rdma_vf_rail3,port_xmit_discards,0
2026-09-30T07:04:24.785Z,gpu-3uwoq-6g3ya-2,ib_counter,rdma_vf_rail3,link_downed,0
2026-09-30T07:04:24.785Z,gpu-3uwoq-6g3ya-2,ib_hw_counter,rdma_vf_rail3,out_of_sequence,7
2026-09-30T07:04:24.785Z,gpu-3uwoq-6g3ya-2,ib_hw_counter,rdma_vf_rail3,packet_seq_err,1
2026-09-30T07:04:24.785Z,gpu-3uwoq-6g3ya-2,ib_hw_counter,rdma_vf_rail3,local_ack_timeout_err,0
2026-09-30T07:04:24.785Z,gpu-3uwoq-6g3ya-2,ib_hw_counter,rdma_vf_rail3,rx_write_requests,7.1093e+08
2026-09-30T07:04:24.785Z,gpu-3uwoq-6g3ya-2,ib_hw_counter,rdma_vf_rail3,rx_read_requests,1.23061e+07
2026-09-30T07:04:24.785Z,gpu-3uwoq-6g3ya-2,ib_hw_counter,rdma_vf_rail3,req_cqe_error,0
2026-09-30T07:04:24.785Z,gpu-3uwoq-6g3ya-2,ib_hw_counter,rdma_vf_rail3,resp_cqe_error,0
2026-09-30T07:04:24.785Z,gpu-3uwoq-6g3ya-2,ib_hw_counter,rdma_vf_rail3,implied_nak_seq_err,0
2026-09-30T07:04:24.785Z,gpu-3uwoq-6g3ya-2,ib_hw_counter,rdma_vf_rail3,duplicate_request,0
2026-09-30T07:04:24.785Z,gpu-3uwoq-6g3ya-2,dcgm,gpu2,gpu_util,0
2026-09-30T07:04:24.785Z,gpu-3uwoq-6g3ya-2,dcgm,gpu3,gpu_util,0
2026-09-30T07:04:24.785Z,gpu-3uwoq-6g3ya-2,dcgm,gpu1,gpu_util,0
2026-09-30T07:04:24.785Z,gpu-3uwoq-6g3ya-2,dcgm,gpu0,gpu_util,0
2026-09-30T07:04:24.785Z,gpu-3uwoq-6g3ya-2,dcgm,gpu2,nvlink_bandwidth_total,0
2026-09-30T07:04:24.785Z,gpu-3uwoq-6g3ya-2,dcgm,gpu3,nvlink_bandwidth_total,0
2026-09-30T07:04:24.785Z,gpu-3uwoq-6g3ya-2,dcgm,gpu1,nvlink_bandwidth_total,0
2026-09-30T07:04:24.785Z,gpu-3uwoq-6g3ya-2,dcgm,gpu0,nvlink_bandwidth_total,0
2026-09-30T07:04:24.785Z,gpu-3uwoq-6g3ya-2,dcgm,gpu2,power_w,230.685
2026-09-30T07:04:24.785Z,gpu-3uwoq-6g3ya-2,dcgm,gpu3,power_w,234.316
2026-09-30T07:04:24.785Z,gpu-3uwoq-6g3ya-2,dcgm,gpu1,power_w,230
2026-09-30T07:04:24.785Z,gpu-3uwoq-6g3ya-2,dcgm,gpu0,power_w,226.743
2026-09-30T07:04:24.785Z,gpu-3uwoq-6g3ya-2,dcgm,gpu2,sm_clock_mhz,2070
2026-09-30T07:04:24.785Z,gpu-3uwoq-6g3ya-2,dcgm,gpu3,sm_clock_mhz,2070
2026-09-30T07:04:24.785Z,gpu-3uwoq-6g3ya-2,dcgm,gpu1,sm_clock_mhz,2070
2026-09-30T07:04:24.785Z,gpu-3uwoq-6g3ya-2,dcgm,gpu0,sm_clock_mhz,2070
2026-09-30T07:04:24.785Z,gpu-3uwoq-6g3ya-2,dcgm,gpu2,dram_active,0
2026-09-30T07:04:24.785Z,gpu-3uwoq-6g3ya-2,dcgm,gpu3,dram_active,0
2026-09-30T07:04:24.785Z,gpu-3uwoq-6g3ya-2,dcgm,gpu1,dram_active,0
2026-09-30T07:04:24.785Z,gpu-3uwoq-6g3ya-2,dcgm,gpu0,dram_active,0
2026-09-30T07:04:24.785Z,gpu-3uwoq-6g3ya-2,dcgm,gpu2,pcie_rx_bytes,70491
2026-09-30T07:04:24.785Z,gpu-3uwoq-6g3ya-2,dcgm,gpu3,pcie_rx_bytes,72924
2026-09-30T07:04:24.785Z,gpu-3uwoq-6g3ya-2,dcgm,gpu1,pcie_rx_bytes,84384
2026-09-30T07:04:24.785Z,gpu-3uwoq-6g3ya-2,dcgm,gpu0,pcie_rx_bytes,78827
2026-09-30T07:04:24.785Z,gpu-3uwoq-6g3ya-2,dcgm,gpu2,pcie_tx_bytes,66900
2026-09-30T07:04:24.785Z,gpu-3uwoq-6g3ya-2,dcgm,gpu3,pcie_tx_bytes,69833
2026-09-30T07:04:24.785Z,gpu-3uwoq-6g3ya-2,dcgm,gpu1,pcie_tx_bytes,80261
2026-09-30T07:04:24.785Z,gpu-3uwoq-6g3ya-2,dcgm,gpu0,pcie_tx_bytes,74686
2026-09-30T07:04:24.785Z,gpu-3uwoq-6g3ya-2,dcgm,gpu2,tensor_active,0
2026-09-30T07:04:24.785Z,gpu-3uwoq-6g3ya-2,dcgm,gpu3,tensor_active,0
2026-09-30T07:04:24.785Z,gpu-3uwoq-6g3ya-2,dcgm,gpu1,tensor_active,0
2026-09-30T07:04:24.785Z,gpu-3uwoq-6g3ya-2,dcgm,gpu0,tensor_active,0
2026-09-30T07:04:24.785Z,gpu-3uwoq-6g3ya-2,dcgm,gpu2,sm_active,0
2026-09-30T07:04:24.785Z,gpu-3uwoq-6g3ya-2,dcgm,gpu3,sm_active,0
2026-09-30T07:04:24.785Z,gpu-3uwoq-6g3ya-2,dcgm,gpu1,sm_active,0
2026-09-30T07:04:24.785Z,gpu-3uwoq-6g3ya-2,dcgm,gpu0,sm_active,0
2026-09-30T07:04:24.785Z,gpu-3uwoq-6g3ya-2,nvlink,gpu0,nvlink_rx_bytes,4.80963e+13
2026-09-30T07:04:24.785Z,gpu-3uwoq-6g3ya-2,nvlink,gpu0,nvlink_tx_bytes,4.80995e+13
2026-09-30T07:04:24.785Z,gpu-3uwoq-6g3ya-2,nvlink,gpu1,nvlink_rx_bytes,4.82499e+13
2026-09-30T07:04:24.785Z,gpu-3uwoq-6g3ya-2,nvlink,gpu1,nvlink_tx_bytes,4.8252e+13
2026-09-30T07:04:24.785Z,gpu-3uwoq-6g3ya-2,nvlink,gpu2,nvlink_rx_bytes,4.80847e+13
2026-09-30T07:04:24.785Z,gpu-3uwoq-6g3ya-2,nvlink,gpu2,nvlink_tx_bytes,4.80882e+13
2026-09-30T07:04:24.785Z,gpu-3uwoq-6g3ya-2,nvlink,gpu3,nvlink_rx_bytes,4.80322e+13
2026-09-30T07:04:24.785Z,gpu-3uwoq-6g3ya-2,nvlink,gpu3,nvlink_tx_bytes,4.80353e+13
2026-09-30T07:04:25.785Z,gpu-3uwoq-6g3ya-2,ib_counter,rdma_vf_rail0,port_xmit_data,3.13507e+12
2026-09-30T07:04:25.785Z,gpu-3uwoq-6g3ya-2,ib_counter,rdma_vf_rail0,port_rcv_data,6.09511e+12
2026-09-30T07:04:25.785Z,gpu-3uwoq-6g3ya-2,ib_counter,rdma_vf_rail0,port_xmit_packets,1.06346e+09
2026-09-30T07:04:25.785Z,gpu-3uwoq-6g3ya-2,ib_counter,rdma_vf_rail0,port_rcv_packets,1.69433e+09
2026-09-30T07:04:25.785Z,gpu-3uwoq-6g3ya-2,ib_counter,rdma_vf_rail0,port_xmit_wait,0
2026-09-30T07:04:25.785Z,gpu-3uwoq-6g3ya-2,ib_counter,rdma_vf_rail0,port_rcv_errors,0
2026-09-30T07:04:25.785Z,gpu-3uwoq-6g3ya-2,ib_counter,rdma_vf_rail0,port_xmit_discards,0
2026-09-30T07:04:25.785Z,gpu-3uwoq-6g3ya-2,ib_counter,rdma_vf_rail0,link_downed,0
2026-09-30T07:04:25.785Z,gpu-3uwoq-6g3ya-2,ib_hw_counter,rdma_vf_rail0,out_of_sequence,8
2026-09-30T07:04:25.785Z,gpu-3uwoq-6g3ya-2,ib_hw_counter,rdma_vf_rail0,packet_seq_err,0
2026-09-30T07:04:25.785Z,gpu-3uwoq-6g3ya-2,ib_hw_counter,rdma_vf_rail0,local_ack_timeout_err,0
2026-09-30T07:04:25.785Z,gpu-3uwoq-6g3ya-2,ib_hw_counter,rdma_vf_rail0,rx_write_requests,7.12956e+08
2026-09-30T07:04:25.785Z,gpu-3uwoq-6g3ya-2,ib_hw_counter,rdma_vf_rail0,rx_read_requests,1.33147e+07
2026-09-30T07:04:25.785Z,gpu-3uwoq-6g3ya-2,ib_hw_counter,rdma_vf_rail0,req_cqe_error,0
2026-09-30T07:04:25.785Z,gpu-3uwoq-6g3ya-2,ib_hw_counter,rdma_vf_rail0,resp_cqe_error,0
2026-09-30T07:04:25.785Z,gpu-3uwoq-6g3ya-2,ib_hw_counter,rdma_vf_rail0,implied_nak_seq_err,0
2026-09-30T07:04:25.785Z,gpu-3uwoq-6g3ya-2,ib_hw_counter,rdma_vf_rail0,duplicate_request,0
2026-09-30T07:04:25.785Z,gpu-3uwoq-6g3ya-2,ib_counter,rdma_vf_rail1,port_xmit_data,3.02687e+12
2026-09-30T07:04:25.785Z,gpu-3uwoq-6g3ya-2,ib_counter,rdma_vf_rail1,port_rcv_data,5.987e+12
2026-09-30T07:04:25.785Z,gpu-3uwoq-6g3ya-2,ib_counter,rdma_vf_rail1,port_xmit_packets,1.03075e+09
2026-09-30T07:04:25.785Z,gpu-3uwoq-6g3ya-2,ib_counter,rdma_vf_rail1,port_rcv_packets,1.66181e+09
2026-09-30T07:04:25.785Z,gpu-3uwoq-6g3ya-2,ib_counter,rdma_vf_rail1,port_xmit_wait,0
2026-09-30T07:04:25.785Z,gpu-3uwoq-6g3ya-2,ib_counter,rdma_vf_rail1,port_rcv_errors,0
2026-09-30T07:04:25.785Z,gpu-3uwoq-6g3ya-2,ib_counter,rdma_vf_rail1,port_xmit_discards,0
2026-09-30T07:04:25.785Z,gpu-3uwoq-6g3ya-2,ib_counter,rdma_vf_rail1,link_downed,0
2026-09-30T07:04:25.785Z,gpu-3uwoq-6g3ya-2,ib_hw_counter,rdma_vf_rail1,out_of_sequence,8
2026-09-30T07:04:25.785Z,gpu-3uwoq-6g3ya-2,ib_hw_counter,rdma_vf_rail1,packet_seq_err,0
2026-09-30T07:04:25.785Z,gpu-3uwoq-6g3ya-2,ib_hw_counter,rdma_vf_rail1,local_ack_timeout_err,0
2026-09-30T07:04:25.785Z,gpu-3uwoq-6g3ya-2,ib_hw_counter,rdma_vf_rail1,rx_write_requests,7.11363e+08
2026-09-30T07:04:25.785Z,gpu-3uwoq-6g3ya-2,ib_hw_counter,rdma_vf_rail1,rx_read_requests,1.2514e+07
2026-09-30T07:04:25.785Z,gpu-3uwoq-6g3ya-2,ib_hw_counter,rdma_vf_rail1,req_cqe_error,0
2026-09-30T07:04:25.785Z,gpu-3uwoq-6g3ya-2,ib_hw_counter,rdma_vf_rail1,resp_cqe_error,0
2026-09-30T07:04:25.785Z,gpu-3uwoq-6g3ya-2,ib_hw_counter,rdma_vf_rail1,implied_nak_seq_err,0
2026-09-30T07:04:25.785Z,gpu-3uwoq-6g3ya-2,ib_hw_counter,rdma_vf_rail1,duplicate_request,0
2026-09-30T07:04:25.785Z,gpu-3uwoq-6g3ya-2,ib_counter,rdma_vf_rail2,port_xmit_data,2.9993e+12
2026-09-30T07:04:25.785Z,gpu-3uwoq-6g3ya-2,ib_counter,rdma_vf_rail2,port_rcv_data,5.95874e+12
2026-09-30T07:04:25.785Z,gpu-3uwoq-6g3ya-2,ib_counter,rdma_vf_rail2,port_xmit_packets,1.01306e+09
2026-09-30T07:04:25.785Z,gpu-3uwoq-6g3ya-2,ib_counter,rdma_vf_rail2,port_rcv_packets,1.63786e+09
2026-09-30T07:04:25.785Z,gpu-3uwoq-6g3ya-2,ib_counter,rdma_vf_rail2,port_xmit_wait,0
2026-09-30T07:04:25.785Z,gpu-3uwoq-6g3ya-2,ib_counter,rdma_vf_rail2,port_rcv_errors,0
2026-09-30T07:04:25.785Z,gpu-3uwoq-6g3ya-2,ib_counter,rdma_vf_rail2,port_xmit_discards,0
2026-09-30T07:04:25.785Z,gpu-3uwoq-6g3ya-2,ib_counter,rdma_vf_rail2,link_downed,0
2026-09-30T07:04:25.785Z,gpu-3uwoq-6g3ya-2,ib_hw_counter,rdma_vf_rail2,out_of_sequence,8
2026-09-30T07:04:25.785Z,gpu-3uwoq-6g3ya-2,ib_hw_counter,rdma_vf_rail2,packet_seq_err,0
2026-09-30T07:04:25.785Z,gpu-3uwoq-6g3ya-2,ib_hw_counter,rdma_vf_rail2,local_ack_timeout_err,0
2026-09-30T07:04:25.785Z,gpu-3uwoq-6g3ya-2,ib_hw_counter,rdma_vf_rail2,rx_write_requests,7.1093e+08
2026-09-30T07:04:25.785Z,gpu-3uwoq-6g3ya-2,ib_hw_counter,rdma_vf_rail2,rx_read_requests,1.23061e+07
2026-09-30T07:04:25.785Z,gpu-3uwoq-6g3ya-2,ib_hw_counter,rdma_vf_rail2,req_cqe_error,0
2026-09-30T07:04:25.785Z,gpu-3uwoq-6g3ya-2,ib_hw_counter,rdma_vf_rail2,resp_cqe_error,0
2026-09-30T07:04:25.785Z,gpu-3uwoq-6g3ya-2,ib_hw_counter,rdma_vf_rail2,implied_nak_seq_err,0
2026-09-30T07:04:25.785Z,gpu-3uwoq-6g3ya-2,ib_hw_counter,rdma_vf_rail2,duplicate_request,0
2026-09-30T07:04:25.785Z,gpu-3uwoq-6g3ya-2,ib_counter,rdma_vf_rail3,port_xmit_data,2.99916e+12
2026-09-30T07:04:25.785Z,gpu-3uwoq-6g3ya-2,ib_counter,rdma_vf_rail3,port_rcv_data,5.95935e+12
2026-09-30T07:04:25.785Z,gpu-3uwoq-6g3ya-2,ib_counter,rdma_vf_rail3,port_xmit_packets,1.0114e+09
2026-09-30T07:04:25.785Z,gpu-3uwoq-6g3ya-2,ib_counter,rdma_vf_rail3,port_rcv_packets,1.64526e+09
2026-09-30T07:04:25.785Z,gpu-3uwoq-6g3ya-2,ib_counter,rdma_vf_rail3,port_xmit_wait,0
2026-09-30T07:04:25.785Z,gpu-3uwoq-6g3ya-2,ib_counter,rdma_vf_rail3,port_rcv_errors,0
2026-09-30T07:04:25.785Z,gpu-3uwoq-6g3ya-2,ib_counter,rdma_vf_rail3,port_xmit_discards,0
2026-09-30T07:04:25.785Z,gpu-3uwoq-6g3ya-2,ib_counter,rdma_vf_rail3,link_downed,0
2026-09-30T07:04:25.785Z,gpu-3uwoq-6g3ya-2,ib_hw_counter,rdma_vf_rail3,out_of_sequence,7
2026-09-30T07:04:25.785Z,gpu-3uwoq-6g3ya-2,ib_hw_counter,rdma_vf_rail3,packet_seq_err,1
2026-09-30T07:04:25.785Z,gpu-3uwoq-6g3ya-2,ib_hw_counter,rdma_vf_rail3,local_ack_timeout_err,0
2026-09-30T07:04:25.785Z,gpu-3uwoq-6g3ya-2,ib_hw_counter,rdma_vf_rail3,rx_write_requests,7.1093e+08
2026-09-30T07:04:25.785Z,gpu-3uwoq-6g3ya-2,ib_hw_counter,rdma_vf_rail3,rx_read_requests,1.23061e+07
2026-09-30T07:04:25.785Z,gpu-3uwoq-6g3ya-2,ib_hw_counter,rdma_vf_rail3,req_cqe_error,0
2026-09-30T07:04:25.785Z,gpu-3uwoq-6g3ya-2,ib_hw_counter,rdma_vf_rail3,resp_cqe_error,0
2026-09-30T07:04:25.785Z,gpu-3uwoq-6g3ya-2,ib_hw_counter,rdma_vf_rail3,implied_nak_seq_err,0
2026-09-30T07:04:25.785Z,gpu-3uwoq-6g3ya-2,ib_hw_counter,rdma_vf_rail3,duplicate_request,0
2026-09-30T07:04:25.785Z,gpu-3uwoq-6g3ya-2,dcgm,gpu2,gpu_util,0
2026-09-30T07:04:25.785Z,gpu-3uwoq-6g3ya-2,dcgm,gpu3,gpu_util,0
2026-09-30T07:04:25.785Z,gpu-3uwoq-6g3ya-2,dcgm,gpu1,gpu_util,0
2026-09-30T07:04:25.785Z,gpu-3uwoq-6g3ya-2,dcgm,gpu0,gpu_util,0
2026-09-30T07:04:25.785Z,gpu-3uwoq-6g3ya-2,dcgm,gpu2,nvlink_bandwidth_total,0
2026-09-30T07:04:25.785Z,gpu-3uwoq-6g3ya-2,dcgm,gpu3,nvlink_bandwidth_total,0
2026-09-30T07:04:25.785Z,gpu-3uwoq-6g3ya-2,dcgm,gpu1,nvlink_bandwidth_total,0
2026-09-30T07:04:25.785Z,gpu-3uwoq-6g3ya-2,dcgm,gpu0,nvlink_bandwidth_total,0
2026-09-30T07:04:25.785Z,gpu-3uwoq-6g3ya-2,dcgm,gpu2,power_w,230.685
2026-09-30T07:04:25.785Z,gpu-3uwoq-6g3ya-2,dcgm,gpu3,power_w,234.316
2026-09-30T07:04:25.785Z,gpu-3uwoq-6g3ya-2,dcgm,gpu1,power_w,230
2026-09-30T07:04:25.785Z,gpu-3uwoq-6g3ya-2,dcgm,gpu0,power_w,226.743
2026-09-30T07:04:25.785Z,gpu-3uwoq-6g3ya-2,dcgm,gpu2,sm_clock_mhz,2070
2026-09-30T07:04:25.785Z,gpu-3uwoq-6g3ya-2,dcgm,gpu3,sm_clock_mhz,2070
2026-09-30T07:04:25.785Z,gpu-3uwoq-6g3ya-2,dcgm,gpu1,sm_clock_mhz,2070
2026-09-30T07:04:25.785Z,gpu-3uwoq-6g3ya-2,dcgm,gpu0,sm_clock_mhz,2070
2026-09-30T07:04:25.785Z,gpu-3uwoq-6g3ya-2,dcgm,gpu2,dram_active,0
2026-09-30T07:04:25.785Z,gpu-3uwoq-6g3ya-2,dcgm,gpu3,dram_active,0
2026-09-30T07:04:25.785Z,gpu-3uwoq-6g3ya-2,dcgm,gpu1,dram_active,0
2026-09-30T07:04:25.785Z,gpu-3uwoq-6g3ya-2,dcgm,gpu0,dram_active,0
2026-09-30T07:04:25.785Z,gpu-3uwoq-6g3ya-2,dcgm,gpu2,pcie_rx_bytes,70491
2026-09-30T07:04:25.785Z,gpu-3uwoq-6g3ya-2,dcgm,gpu3,pcie_rx_bytes,72924
2026-09-30T07:04:25.785Z,gpu-3uwoq-6g3ya-2,dcgm,gpu1,pcie_rx_bytes,84384
2026-09-30T07:04:25.785Z,gpu-3uwoq-6g3ya-2,dcgm,gpu0,pcie_rx_bytes,78827
2026-09-30T07:04:25.785Z,gpu-3uwoq-6g3ya-2,dcgm,gpu2,pcie_tx_bytes,66900
2026-09-30T07:04:25.785Z,gpu-3uwoq-6g3ya-2,dcgm,gpu3,pcie_tx_bytes,69833
2026-09-30T07:04:25.785Z,gpu-3uwoq-6g3ya-2,dcgm,gpu1,pcie_tx_bytes,80261
2026-09-30T07:04:25.785Z,gpu-3uwoq-6g3ya-2,dcgm,gpu0,pcie_tx_bytes,74686
2026-09-30T07:04:25.785Z,gpu-3uwoq-6g3ya-2,dcgm,gpu2,tensor_active,0
2026-09-30T07:04:25.785Z,gpu-3uwoq-6g3ya-2,dcgm,gpu3,tensor_active,0
2026-09-30T07:04:25.785Z,gpu-3uwoq-6g3ya-2,dcgm,gpu1,tensor_active,0
2026-09-30T07:04:25.785Z,gpu-3uwoq-6g3ya-2,dcgm,gpu0,tensor_active,0
2026-09-30T07:04:25.785Z,gpu-3uwoq-6g3ya-2,dcgm,gpu2,sm_active,0
2026-09-30T07:04:25.785Z,gpu-3uwoq-6g3ya-2,dcgm,gpu3,sm_active,0
2026-09-30T07:04:25.785Z,gpu-3uwoq-6g3ya-2,dcgm,gpu1,sm_active,0
2026-09-30T07:04:25.785Z,gpu-3uwoq-6g3ya-2,dcgm,gpu0,sm_active,0
2026-09-30T07:04:25.785Z,gpu-3uwoq-6g3ya-2,nvlink,gpu0,nvlink_rx_bytes,4.80963e+13
2026-09-30T07:04:25.785Z,gpu-3uwoq-6g3ya-2,nvlink,gpu0,nvlink_tx_bytes,4.80995e+13
2026-09-30T07:04:25.785Z,gpu-3uwoq-6g3ya-2,nvlink,gpu1,nvlink_rx_bytes,4.82499e+13
2026-09-30T07:04:25.785Z,gpu-3uwoq-6g3ya-2,nvlink,gpu1,nvlink_tx_bytes,4.8252e+13
2026-09-30T07:04:25.785Z,gpu-3uwoq-6g3ya-2,nvlink,gpu2,nvlink_rx_bytes,4.80847e+13
2026-09-30T07:04:25.785Z,gpu-3uwoq-6g3ya-2,nvlink,gpu2,nvlink_tx_bytes,4.80882e+13
2026-09-30T07:04:25.785Z,gpu-3uwoq-6g3ya-2,nvlink,gpu3,nvlink_rx_bytes,4.80322e+13
2026-09-30T07:04:25.785Z,gpu-3uwoq-6g3ya-2,nvlink,gpu3,nvlink_tx_bytes,4.80353e+13
2026-09-30T07:04:26.785Z,gpu-3uwoq-6g3ya-2,ib_counter,rdma_vf_rail0,port_xmit_data,3.13507e+12
2026-09-30T07:04:26.785Z,gpu-3uwoq-6g3ya-2,ib_counter,rdma_vf_rail0,port_rcv_data,6.09511e+12
2026-09-30T07:04:26.785Z,gpu-3uwoq-6g3ya-2,ib_counter,rdma_vf_rail0,port_xmit_packets,1.06346e+09
2026-09-30T07:04:26.785Z,gpu-3uwoq-6g3ya-2,ib_counter,rdma_vf_rail0,port_rcv_packets,1.69433e+09
2026-09-30T07:04:26.785Z,gpu-3uwoq-6g3ya-2,ib_counter,rdma_vf_rail0,port_xmit_wait,0
2026-09-30T07:04:26.785Z,gpu-3uwoq-6g3ya-2,ib_counter,rdma_vf_rail0,port_rcv_errors,0
2026-09-30T07:04:26.785Z,gpu-3uwoq-6g3ya-2,ib_counter,rdma_vf_rail0,port_xmit_discards,0
2026-09-30T07:04:26.785Z,gpu-3uwoq-6g3ya-2,ib_counter,rdma_vf_rail0,link_downed,0
2026-09-30T07:04:26.785Z,gpu-3uwoq-6g3ya-2,ib_hw_counter,rdma_vf_rail0,out_of_sequence,8
2026-09-30T07:04:26.785Z,gpu-3uwoq-6g3ya-2,ib_hw_counter,rdma_vf_rail0,packet_seq_err,0
2026-09-30T07:04:26.785Z,gpu-3uwoq-6g3ya-2,ib_hw_counter,rdma_vf_rail0,local_ack_timeout_err,0
2026-09-30T07:04:26.785Z,gpu-3uwoq-6g3ya-2,ib_hw_counter,rdma_vf_rail0,rx_write_requests,7.12956e+08
2026-09-30T07:04:26.785Z,gpu-3uwoq-6g3ya-2,ib_hw_counter,rdma_vf_rail0,rx_read_requests,1.33147e+07
2026-09-30T07:04:26.785Z,gpu-3uwoq-6g3ya-2,ib_hw_counter,rdma_vf_rail0,req_cqe_error,0
2026-09-30T07:04:26.785Z,gpu-3uwoq-6g3ya-2,ib_hw_counter,rdma_vf_rail0,resp_cqe_error,0
2026-09-30T07:04:26.785Z,gpu-3uwoq-6g3ya-2,ib_hw_counter,rdma_vf_rail0,implied_nak_seq_err,0
2026-09-30T07:04:26.785Z,gpu-3uwoq-6g3ya-2,ib_hw_counter,rdma_vf_rail0,duplicate_request,0
2026-09-30T07:04:26.785Z,gpu-3uwoq-6g3ya-2,ib_counter,rdma_vf_rail1,port_xmit_data,3.02687e+12
2026-09-30T07:04:26.785Z,gpu-3uwoq-6g3ya-2,ib_counter,rdma_vf_rail1,port_rcv_data,5.987e+12
2026-09-30T07:04:26.785Z,gpu-3uwoq-6g3ya-2,ib_counter,rdma_vf_rail1,port_xmit_packets,1.03075e+09
2026-09-30T07:04:26.785Z,gpu-3uwoq-6g3ya-2,ib_counter,rdma_vf_rail1,port_rcv_packets,1.66181e+09
2026-09-30T07:04:26.785Z,gpu-3uwoq-6g3ya-2,ib_counter,rdma_vf_rail1,port_xmit_wait,0
2026-09-30T07:04:26.785Z,gpu-3uwoq-6g3ya-2,ib_counter,rdma_vf_rail1,port_rcv_errors,0
2026-09-30T07:04:26.785Z,gpu-3uwoq-6g3ya-2,ib_counter,rdma_vf_rail1,port_xmit_discards,0
2026-09-30T07:04:26.785Z,gpu-3uwoq-6g3ya-2,ib_counter,rdma_vf_rail1,link_downed,0
2026-09-30T07:04:26.785Z,gpu-3uwoq-6g3ya-2,ib_hw_counter,rdma_vf_rail1,out_of_sequence,8
2026-09-30T07:04:26.785Z,gpu-3uwoq-6g3ya-2,ib_hw_counter,rdma_vf_rail1,packet_seq_err,0
2026-09-30T07:04:26.785Z,gpu-3uwoq-6g3ya-2,ib_hw_counter,rdma_vf_rail1,local_ack_timeout_err,0
2026-09-30T07:04:26.785Z,gpu-3uwoq-6g3ya-2,ib_hw_counter,rdma_vf_rail1,rx_write_requests,7.11363e+08
2026-09-30T07:04:26.785Z,gpu-3uwoq-6g3ya-2,ib_hw_counter,rdma_vf_rail1,rx_read_requests,1.2514e+07
2026-09-30T07:04:26.785Z,gpu-3uwoq-6g3ya-2,ib_hw_counter,rdma_vf_rail1,req_cqe_error,0
2026-09-30T07:04:26.785Z,gpu-3uwoq-6g3ya-2,ib_hw_counter,rdma_vf_rail1,resp_cqe_error,0
2026-09-30T07:04:26.785Z,gpu-3uwoq-6g3ya-2,ib_hw_counter,rdma_vf_rail1,implied_nak_seq_err,0
2026-09-30T07:04:26.785Z,gpu-3uwoq-6g3ya-2,ib_hw_counter,rdma_vf_rail1,duplicate_request,0
2026-09-30T07:04:26.785Z,gpu-3uwoq-6g3ya-2,ib_counter,rdma_vf_rail2,port_xmit_data,2.9993e+12
2026-09-30T07:04:26.785Z,gpu-3uwoq-6g3ya-2,ib_counter,rdma_vf_rail2,port_rcv_data,5.95874e+12
2026-09-30T07:04:26.785Z,gpu-3uwoq-6g3ya-2,ib_counter,rdma_vf_rail2,port_xmit_packets,1.01306e+09
2026-09-30T07:04:26.785Z,gpu-3uwoq-6g3ya-2,ib_counter,rdma_vf_rail2,port_rcv_packets,1.63786e+09
2026-09-30T07:04:26.785Z,gpu-3uwoq-6g3ya-2,ib_counter,rdma_vf_rail2,port_xmit_wait,0
2026-09-30T07:04:26.785Z,gpu-3uwoq-6g3ya-2,ib_counter,rdma_vf_rail2,port_rcv_errors,0
2026-09-30T07:04:26.785Z,gpu-3uwoq-6g3ya-2,ib_counter,rdma_vf_rail2,port_xmit_discards,0
2026-09-30T07:04:26.785Z,gpu-3uwoq-6g3ya-2,ib_counter,rdma_vf_rail2,link_downed,0
2026-09-30T07:04:26.785Z,gpu-3uwoq-6g3ya-2,ib_hw_counter,rdma_vf_rail2,out_of_sequence,8
2026-09-30T07:04:26.785Z,gpu-3uwoq-6g3ya-2,ib_hw_counter,rdma_vf_rail2,packet_seq_err,0
2026-09-30T07:04:26.785Z,gpu-3uwoq-6g3ya-2,ib_hw_counter,rdma_vf_rail2,local_ack_timeout_err,0
2026-09-30T07:04:26.785Z,gpu-3uwoq-6g3ya-2,ib_hw_counter,rdma_vf_rail2,rx_write_requests,7.1093e+08
2026-09-30T07:04:26.785Z,gpu-3uwoq-6g3ya-2,ib_hw_counter,rdma_vf_rail2,rx_read_requests,1.23061e+07
2026-09-30T07:04:26.785Z,gpu-3uwoq-6g3ya-2,ib_hw_counter,rdma_vf_rail2,req_cqe_error,0
2026-09-30T07:04:26.785Z,gpu-3uwoq-6g3ya-2,ib_hw_counter,rdma_vf_rail2,resp_cqe_error,0
2026-09-30T07:04:26.785Z,gpu-3uwoq-6g3ya-2,ib_hw_counter,rdma_vf_rail2,implied_nak_seq_err,0
2026-09-30T07:04:26.785Z,gpu-3uwoq-6g3ya-2,ib_hw_counter,rdma_vf_rail2,duplicate_request,0
2026-09-30T07:04:26.785Z,gpu-3uwoq-6g3ya-2,ib_counter,rdma_vf_rail3,port_xmit_data,2.99916e+12
2026-09-30T07:04:26.785Z,gpu-3uwoq-6g3ya-2,ib_counter,rdma_vf_rail3,port_rcv_data,5.95935e+12
2026-09-30T07:04:26.785Z,gpu-3uwoq-6g3ya-2,ib_counter,rdma_vf_rail3,port_xmit_packets,1.0114e+09
2026-09-30T07:04:26.785Z,gpu-3uwoq-6g3ya-2,ib_counter,rdma_vf_rail3,port_rcv_packets,1.64526e+09
2026-09-30T07:04:26.785Z,gpu-3uwoq-6g3ya-2,ib_counter,rdma_vf_rail3,port_xmit_wait,0
2026-09-30T07:04:26.785Z,gpu-3uwoq-6g3ya-2,ib_counter,rdma_vf_rail3,port_rcv_errors,0
2026-09-30T07:04:26.785Z,gpu-3uwoq-6g3ya-2,ib_counter,rdma_vf_rail3,port_xmit_discards,0
2026-09-30T07:04:26.785Z,gpu-3uwoq-6g3ya-2,ib_counter,rdma_vf_rail3,link_downed,0
2026-09-30T07:04:26.785Z,gpu-3uwoq-6g3ya-2,ib_hw_counter,rdma_vf_rail3,out_of_sequence,7
2026-09-30T07:04:26.785Z,gpu-3uwoq-6g3ya-2,ib_hw_counter,rdma_vf_rail3,packet_seq_err,1
2026-09-30T07:04:26.785Z,gpu-3uwoq-6g3ya-2,ib_hw_counter,rdma_vf_rail3,local_ack_timeout_err,0
2026-09-30T07:04:26.785Z,gpu-3uwoq-6g3ya-2,ib_hw_counter,rdma_vf_rail3,rx_write_requests,7.1093e+08
2026-09-30T07:04:26.785Z,gpu-3uwoq-6g3ya-2,ib_hw_counter,rdma_vf_rail3,rx_read_requests,1.23061e+07
2026-09-30T07:04:26.785Z,gpu-3uwoq-6g3ya-2,ib_hw_counter,rdma_vf_rail3,req_cqe_error,0
2026-09-30T07:04:26.785Z,gpu-3uwoq-6g3ya-2,ib_hw_counter,rdma_vf_rail3,resp_cqe_error,0
2026-09-30T07:04:26.785Z,gpu-3uwoq-6g3ya-2,ib_hw_counter,rdma_vf_rail3,implied_nak_seq_err,0
2026-09-30T07:04:26.785Z,gpu-3uwoq-6g3ya-2,ib_hw_counter,rdma_vf_rail3,duplicate_request,0
2026-09-30T07:04:26.785Z,gpu-3uwoq-6g3ya-2,dcgm,gpu2,gpu_util,0
2026-09-30T07:04:26.785Z,gpu-3uwoq-6g3ya-2,dcgm,gpu3,gpu_util,0
2026-09-30T07:04:26.785Z,gpu-3uwoq-6g3ya-2,dcgm,gpu1,gpu_util,0
2026-09-30T07:04:26.785Z,gpu-3uwoq-6g3ya-2,dcgm,gpu0,gpu_util,0
2026-09-30T07:04:26.785Z,gpu-3uwoq-6g3ya-2,dcgm,gpu2,nvlink_bandwidth_total,0
2026-09-30T07:04:26.785Z,gpu-3uwoq-6g3ya-2,dcgm,gpu3,nvlink_bandwidth_total,0
2026-09-30T07:04:26.785Z,gpu-3uwoq-6g3ya-2,dcgm,gpu1,nvlink_bandwidth_total,0
2026-09-30T07:04:26.785Z,gpu-3uwoq-6g3ya-2,dcgm,gpu0,nvlink_bandwidth_total,0
2026-09-30T07:04:26.785Z,gpu-3uwoq-6g3ya-2,dcgm,gpu2,power_w,230.685
2026-09-30T07:04:26.785Z,gpu-3uwoq-6g3ya-2,dcgm,gpu3,power_w,234.316
2026-09-30T07:04:26.785Z,gpu-3uwoq-6g3ya-2,dcgm,gpu1,power_w,230
2026-09-30T07:04:26.785Z,gpu-3uwoq-6g3ya-2,dcgm,gpu0,power_w,226.743
2026-09-30T07:04:26.785Z,gpu-3uwoq-6g3ya-2,dcgm,gpu2,sm_clock_mhz,2070
2026-09-30T07:04:26.785Z,gpu-3uwoq-6g3ya-2,dcgm,gpu3,sm_clock_mhz,2070
2026-09-30T07:04:26.785Z,gpu-3uwoq-6g3ya-2,dcgm,gpu1,sm_clock_mhz,2070
2026-09-30T07:04:26.785Z,gpu-3uwoq-6g3ya-2,dcgm,gpu0,sm_clock_mhz,2070
2026-09-30T07:04:26.785Z,gpu-3uwoq-6g3ya-2,dcgm,gpu2,dram_active,0
2026-09-30T07:04:26.785Z,gpu-3uwoq-6g3ya-2,dcgm,gpu3,dram_active,0
2026-09-30T07:04:26.785Z,gpu-3uwoq-6g3ya-2,dcgm,gpu1,dram_active,0
2026-09-30T07:04:26.785Z,gpu-3uwoq-6g3ya-2,dcgm,gpu0,dram_active,0
2026-09-30T07:04:26.785Z,gpu-3uwoq-6g3ya-2,dcgm,gpu2,pcie_rx_bytes,70491
2026-09-30T07:04:26.785Z,gpu-3uwoq-6g3ya-2,dcgm,gpu3,pcie_rx_bytes,72924
2026-09-30T07:04:26.785Z,gpu-3uwoq-6g3ya-2,dcgm,gpu1,pcie_rx_bytes,84384
2026-09-30T07:04:26.785Z,gpu-3uwoq-6g3ya-2,dcgm,gpu0,pcie_rx_bytes,78827
2026-09-30T07:04:26.785Z,gpu-3uwoq-6g3ya-2,dcgm,gpu2,pcie_tx_bytes,66900
2026-09-30T07:04:26.785Z,gpu-3uwoq-6g3ya-2,dcgm,gpu3,pcie_tx_bytes,69833
2026-09-30T07:04:26.785Z,gpu-3uwoq-6g3ya-2,dcgm,gpu1,pcie_tx_bytes,80261
2026-09-30T07:04:26.785Z,gpu-3uwoq-6g3ya-2,dcgm,gpu0,pcie_tx_bytes,74686
2026-09-30T07:04:26.785Z,gpu-3uwoq-6g3ya-2,dcgm,gpu2,tensor_active,0
2026-09-30T07:04:26.785Z,gpu-3uwoq-6g3ya-2,dcgm,gpu3,tensor_active,0
2026-09-30T07:04:26.785Z,gpu-3uwoq-6g3ya-2,dcgm,gpu1,tensor_active,0
2026-09-30T07:04:26.785Z,gpu-3uwoq-6g3ya-2,dcgm,gpu0,tensor_active,0
2026-09-30T07:04:26.785Z,gpu-3uwoq-6g3ya-2,dcgm,gpu2,sm_active,0
2026-09-30T07:04:26.785Z,gpu-3uwoq-6g3ya-2,dcgm,gpu3,sm_active,0
2026-09-30T07:04:26.785Z,gpu-3uwoq-6g3ya-2,dcgm,gpu1,sm_active,0
2026-09-30T07:04:26.785Z,gpu-3uwoq-6g3ya-2,dcgm,gpu0,sm_active,0
2026-09-30T07:04:26.785Z,gpu-3uwoq-6g3ya-2,nvlink,gpu0,nvlink_rx_bytes,4.80963e+13
2026-09-30T07:04:26.785Z,gpu-3uwoq-6g3ya-2,nvlink,gpu0,nvlink_tx_bytes,4.80995e+13
2026-09-30T07:04:26.785Z,gpu-3uwoq-6g3ya-2,nvlink,gpu1,nvlink_rx_bytes,4.82499e+13
2026-09-30T07:04:26.785Z,gpu-3uwoq-6g3ya-2,nvlink,gpu1,nvlink_tx_bytes,4.8252e+13
2026-09-30T07:04:26.785Z,gpu-3uwoq-6g3ya-2,nvlink,gpu2,nvlink_rx_bytes,4.80847e+13
2026-09-30T07:04:26.785Z,gpu-3uwoq-6g3ya-2,nvlink,gpu2,nvlink_tx_bytes,4.80882e+13
2026-09-30T07:04:26.785Z,gpu-3uwoq-6g3ya-2,nvlink,gpu3,nvlink_rx_bytes,4.80322e+13
2026-09-30T07:04:26.785Z,gpu-3uwoq-6g3ya-2,nvlink,gpu3,nvlink_tx_bytes,4.80353e+13
2026-09-30T07:04:27.786Z,gpu-3uwoq-6g3ya-2,ib_counter,rdma_vf_rail0,port_xmit_data,3.13507e+12
2026-09-30T07:04:27.786Z,gpu-3uwoq-6g3ya-2,ib_counter,rdma_vf_rail0,port_rcv_data,6.09511e+12
2026-09-30T07:04:27.786Z,gpu-3uwoq-6g3ya-2,ib_counter,rdma_vf_rail0,port_xmit_packets,1.06346e+09
2026-09-30T07:04:27.786Z,gpu-3uwoq-6g3ya-2,ib_counter,rdma_vf_rail0,port_rcv_packets,1.69433e+09
2026-09-30T07:04:27.786Z,gpu-3uwoq-6g3ya-2,ib_counter,rdma_vf_rail0,port_xmit_wait,0
2026-09-30T07:04:27.786Z,gpu-3uwoq-6g3ya-2,ib_counter,rdma_vf_rail0,port_rcv_errors,0
2026-09-30T07:04:27.786Z,gpu-3uwoq-6g3ya-2,ib_counter,rdma_vf_rail0,port_xmit_discards,0
2026-09-30T07:04:27.786Z,gpu-3uwoq-6g3ya-2,ib_counter,rdma_vf_rail0,link_downed,0
2026-09-30T07:04:27.786Z,gpu-3uwoq-6g3ya-2,ib_hw_counter,rdma_vf_rail0,out_of_sequence,8
2026-09-30T07:04:27.786Z,gpu-3uwoq-6g3ya-2,ib_hw_counter,rdma_vf_rail0,packet_seq_err,0
2026-09-30T07:04:27.786Z,gpu-3uwoq-6g3ya-2,ib_hw_counter,rdma_vf_rail0,local_ack_timeout_err,0
2026-09-30T07:04:27.786Z,gpu-3uwoq-6g3ya-2,ib_hw_counter,rdma_vf_rail0,rx_write_requests,7.12956e+08
2026-09-30T07:04:27.786Z,gpu-3uwoq-6g3ya-2,ib_hw_counter,rdma_vf_rail0,rx_read_requests,1.33147e+07
2026-09-30T07:04:27.786Z,gpu-3uwoq-6g3ya-2,ib_hw_counter,rdma_vf_rail0,req_cqe_error,0
2026-09-30T07:04:27.786Z,gpu-3uwoq-6g3ya-2,ib_hw_counter,rdma_vf_rail0,resp_cqe_error,0
2026-09-30T07:04:27.786Z,gpu-3uwoq-6g3ya-2,ib_hw_counter,rdma_vf_rail0,implied_nak_seq_err,0
2026-09-30T07:04:27.786Z,gpu-3uwoq-6g3ya-2,ib_hw_counter,rdma_vf_rail0,duplicate_request,0
2026-09-30T07:04:27.786Z,gpu-3uwoq-6g3ya-2,ib_counter,rdma_vf_rail1,port_xmit_data,3.02687e+12
2026-09-30T07:04:27.786Z,gpu-3uwoq-6g3ya-2,ib_counter,rdma_vf_rail1,port_rcv_data,5.987e+12
2026-09-30T07:04:27.786Z,gpu-3uwoq-6g3ya-2,ib_counter,rdma_vf_rail1,port_xmit_packets,1.03075e+09
2026-09-30T07:04:27.786Z,gpu-3uwoq-6g3ya-2,ib_counter,rdma_vf_rail1,port_rcv_packets,1.66181e+09
2026-09-30T07:04:27.786Z,gpu-3uwoq-6g3ya-2,ib_counter,rdma_vf_rail1,port_xmit_wait,0
2026-09-30T07:04:27.786Z,gpu-3uwoq-6g3ya-2,ib_counter,rdma_vf_rail1,port_rcv_errors,0
2026-09-30T07:04:27.786Z,gpu-3uwoq-6g3ya-2,ib_counter,rdma_vf_rail1,port_xmit_discards,0
2026-09-30T07:04:27.786Z,gpu-3uwoq-6g3ya-2,ib_counter,rdma_vf_rail1,link_downed,0
2026-09-30T07:04:27.786Z,gpu-3uwoq-6g3ya-2,ib_hw_counter,rdma_vf_rail1,out_of_sequence,8
2026-09-30T07:04:27.786Z,gpu-3uwoq-6g3ya-2,ib_hw_counter,rdma_vf_rail1,packet_seq_err,0
2026-09-30T07:04:27.786Z,gpu-3uwoq-6g3ya-2,ib_hw_counter,rdma_vf_rail1,local_ack_timeout_err,0
2026-09-30T07:04:27.786Z,gpu-3uwoq-6g3ya-2,ib_hw_counter,rdma_vf_rail1,rx_write_requests,7.11363e+08
2026-09-30T07:04:27.786Z,gpu-3uwoq-6g3ya-2,ib_hw_counter,rdma_vf_rail1,rx_read_requests,1.2514e+07
2026-09-30T07:04:27.786Z,gpu-3uwoq-6g3ya-2,ib_hw_counter,rdma_vf_rail1,req_cqe_error,0
2026-09-30T07:04:27.786Z,gpu-3uwoq-6g3ya-2,ib_hw_counter,rdma_vf_rail1,resp_cqe_error,0
2026-09-30T07:04:27.786Z,gpu-3uwoq-6g3ya-2,ib_hw_counter,rdma_vf_rail1,implied_nak_seq_err,0
2026-09-30T07:04:27.786Z,gpu-3uwoq-6g3ya-2,ib_hw_counter,rdma_vf_rail1,duplicate_request,0
2026-09-30T07:04:27.786Z,gpu-3uwoq-6g3ya-2,ib_counter,rdma_vf_rail2,port_xmit_data,2.9993e+12
2026-09-30T07:04:27.786Z,gpu-3uwoq-6g3ya-2,ib_counter,rdma_vf_rail2,port_rcv_data,5.95874e+12
2026-09-30T07:04:27.786Z,gpu-3uwoq-6g3ya-2,ib_counter,rdma_vf_rail2,port_xmit_packets,1.01306e+09
2026-09-30T07:04:27.786Z,gpu-3uwoq-6g3ya-2,ib_counter,rdma_vf_rail2,port_rcv_packets,1.63786e+09
2026-09-30T07:04:27.786Z,gpu-3uwoq-6g3ya-2,ib_counter,rdma_vf_rail2,port_xmit_wait,0
2026-09-30T07:04:27.786Z,gpu-3uwoq-6g3ya-2,ib_counter,rdma_vf_rail2,port_rcv_errors,0
2026-09-30T07:04:27.786Z,gpu-3uwoq-6g3ya-2,ib_counter,rdma_vf_rail2,port_xmit_discards,0
2026-09-30T07:04:27.786Z,gpu-3uwoq-6g3ya-2,ib_counter,rdma_vf_rail2,link_downed,0
2026-09-30T07:04:27.786Z,gpu-3uwoq-6g3ya-2,ib_hw_counter,rdma_vf_rail2,out_of_sequence,8
2026-09-30T07:04:27.786Z,gpu-3uwoq-6g3ya-2,ib_hw_counter,rdma_vf_rail2,packet_seq_err,0
2026-09-30T07:04:27.786Z,gpu-3uwoq-6g3ya-2,ib_hw_counter,rdma_vf_rail2,local_ack_timeout_err,0
2026-09-30T07:04:27.786Z,gpu-3uwoq-6g3ya-2,ib_hw_counter,rdma_vf_rail2,rx_write_requests,7.1093e+08
2026-09-30T07:04:27.786Z,gpu-3uwoq-6g3ya-2,ib_hw_counter,rdma_vf_rail2,rx_read_requests,1.23061e+07
2026-09-30T07:04:27.786Z,gpu-3uwoq-6g3ya-2,ib_hw_counter,rdma_vf_rail2,req_cqe_error,0
2026-09-30T07:04:27.786Z,gpu-3uwoq-6g3ya-2,ib_hw_counter,rdma_vf_rail2,resp_cqe_error,0
2026-09-30T07:04:27.786Z,gpu-3uwoq-6g3ya-2,ib_hw_counter,rdma_vf_rail2,implied_nak_seq_err,0
2026-09-30T07:04:27.786Z,gpu-3uwoq-6g3ya-2,ib_hw_counter,rdma_vf_rail2,duplicate_request,0
2026-09-30T07:04:27.786Z,gpu-3uwoq-6g3ya-2,ib_counter,rdma_vf_rail3,port_xmit_data,2.99916e+12
2026-09-30T07:04:27.786Z,gpu-3uwoq-6g3ya-2,ib_counter,rdma_vf_rail3,port_rcv_data,5.95935e+12
2026-09-30T07:04:27.786Z,gpu-3uwoq-6g3ya-2,ib_counter,rdma_vf_rail3,port_xmit_packets,1.0114e+09
2026-09-30T07:04:27.786Z,gpu-3uwoq-6g3ya-2,ib_counter,rdma_vf_rail3,port_rcv_packets,1.64526e+09
2026-09-30T07:04:27.786Z,gpu-3uwoq-6g3ya-2,ib_counter,rdma_vf_rail3,port_xmit_wait,0
2026-09-30T07:04:27.786Z,gpu-3uwoq-6g3ya-2,ib_counter,rdma_vf_rail3,port_rcv_errors,0
2026-09-30T07:04:27.786Z,gpu-3uwoq-6g3ya-2,ib_counter,rdma_vf_rail3,port_xmit_discards,0
2026-09-30T07:04:27.786Z,gpu-3uwoq-6g3ya-2,ib_counter,rdma_vf_rail3,link_downed,0
2026-09-30T07:04:27.786Z,gpu-3uwoq-6g3ya-2,ib_hw_counter,rdma_vf_rail3,out_of_sequence,7
2026-09-30T07:04:27.786Z,gpu-3uwoq-6g3ya-2,ib_hw_counter,rdma_vf_rail3,packet_seq_err,1
2026-09-30T07:04:27.786Z,gpu-3uwoq-6g3ya-2,ib_hw_counter,rdma_vf_rail3,local_ack_timeout_err,0
2026-09-30T07:04:27.786Z,gpu-3uwoq-6g3ya-2,ib_hw_counter,rdma_vf_rail3,rx_write_requests,7.1093e+08
2026-09-30T07:04:27.786Z,gpu-3uwoq-6g3ya-2,ib_hw_counter,rdma_vf_rail3,rx_read_requests,1.23061e+07
2026-09-30T07:04:27.786Z,gpu-3uwoq-6g3ya-2,ib_hw_counter,rdma_vf_rail3,req_cqe_error,0
2026-09-30T07:04:27.786Z,gpu-3uwoq-6g3ya-2,ib_hw_counter,rdma_vf_rail3,resp_cqe_error,0
2026-09-30T07:04:27.786Z,gpu-3uwoq-6g3ya-2,ib_hw_counter,rdma_vf_rail3,implied_nak_seq_err,0
2026-09-30T07:04:27.786Z,gpu-3uwoq-6g3ya-2,ib_hw_counter,rdma_vf_rail3,duplicate_request,0
2026-09-30T07:04:27.786Z,gpu-3uwoq-6g3ya-2,dcgm,gpu2,gpu_util,0
2026-09-30T07:04:27.786Z,gpu-3uwoq-6g3ya-2,dcgm,gpu3,gpu_util,0
2026-09-30T07:04:27.786Z,gpu-3uwoq-6g3ya-2,dcgm,gpu1,gpu_util,0
2026-09-30T07:04:27.786Z,gpu-3uwoq-6g3ya-2,dcgm,gpu0,gpu_util,0
2026-09-30T07:04:27.786Z,gpu-3uwoq-6g3ya-2,dcgm,gpu2,nvlink_bandwidth_total,0
2026-09-30T07:04:27.786Z,gpu-3uwoq-6g3ya-2,dcgm,gpu3,nvlink_bandwidth_total,0
2026-09-30T07:04:27.786Z,gpu-3uwoq-6g3ya-2,dcgm,gpu1,nvlink_bandwidth_total,0
2026-09-30T07:04:27.786Z,gpu-3uwoq-6g3ya-2,dcgm,gpu0,nvlink_bandwidth_total,0
2026-09-30T07:04:27.786Z,gpu-3uwoq-6g3ya-2,dcgm,gpu2,power_w,230.685
2026-09-30T07:04:27.786Z,gpu-3uwoq-6g3ya-2,dcgm,gpu3,power_w,234.316
2026-09-30T07:04:27.786Z,gpu-3uwoq-6g3ya-2,dcgm,gpu1,power_w,230
2026-09-30T07:04:27.786Z,gpu-3uwoq-6g3ya-2,dcgm,gpu0,power_w,226.743
2026-09-30T07:04:27.786Z,gpu-3uwoq-6g3ya-2,dcgm,gpu2,sm_clock_mhz,2070
2026-09-30T07:04:27.786Z,gpu-3uwoq-6g3ya-2,dcgm,gpu3,sm_clock_mhz,2070
2026-09-30T07:04:27.786Z,gpu-3uwoq-6g3ya-2,dcgm,gpu1,sm_clock_mhz,2070
2026-09-30T07:04:27.786Z,gpu-3uwoq-6g3ya-2,dcgm,gpu0,sm_clock_mhz,2070
2026-09-30T07:04:27.786Z,gpu-3uwoq-6g3ya-2,dcgm,gpu2,dram_active,0
2026-09-30T07:04:27.786Z,gpu-3uwoq-6g3ya-2,dcgm,gpu3,dram_active,0
2026-09-30T07:04:27.786Z,gpu-3uwoq-6g3ya-2,dcgm,gpu1,dram_active,0
2026-09-30T07:04:27.786Z,gpu-3uwoq-6g3ya-2,dcgm,gpu0,dram_active,0
2026-09-30T07:04:27.786Z,gpu-3uwoq-6g3ya-2,dcgm,gpu2,pcie_rx_bytes,70491
2026-09-30T07:04:27.786Z,gpu-3uwoq-6g3ya-2,dcgm,gpu3,pcie_rx_bytes,72924
2026-09-30T07:04:27.786Z,gpu-3uwoq-6g3ya-2,dcgm,gpu1,pcie_rx_bytes,84384
2026-09-30T07:04:27.786Z,gpu-3uwoq-6g3ya-2,dcgm,gpu0,pcie_rx_bytes,78827
2026-09-30T07:04:27.786Z,gpu-3uwoq-6g3ya-2,dcgm,gpu2,pcie_tx_bytes,66900
2026-09-30T07:04:27.786Z,gpu-3uwoq-6g3ya-2,dcgm,gpu3,pcie_tx_bytes,69833
2026-09-30T07:04:27.786Z,gpu-3uwoq-6g3ya-2,dcgm,gpu1,pcie_tx_bytes,80261
2026-09-30T07:04:27.786Z,gpu-3uwoq-6g3ya-2,dcgm,gpu0,pcie_tx_bytes,74686
2026-09-30T07:04:27.786Z,gpu-3uwoq-6g3ya-2,dcgm,gpu2,tensor_active,0
2026-09-30T07:04:27.786Z,gpu-3uwoq-6g3ya-2,dcgm,gpu3,tensor_active,0
2026-09-30T07:04:27.786Z,gpu-3uwoq-6g3ya-2,dcgm,gpu1,tensor_active,0
2026-09-30T07:04:27.786Z,gpu-3uwoq-6g3ya-2,dcgm,gpu0,tensor_active,0
2026-09-30T07:04:27.786Z,gpu-3uwoq-6g3ya-2,dcgm,gpu2,sm_active,0
2026-09-30T07:04:27.786Z,gpu-3uwoq-6g3ya-2,dcgm,gpu3,sm_active,0
2026-09-30T07:04:27.786Z,gpu-3uwoq-6g3ya-2,dcgm,gpu1,sm_active,0
2026-09-30T07:04:27.786Z,gpu-3uwoq-6g3ya-2,dcgm,gpu0,sm_active,0
2026-09-30T07:04:27.786Z,gpu-3uwoq-6g3ya-2,nvlink,gpu0,nvlink_rx_bytes,4.80963e+13
2026-09-30T07:04:27.786Z,gpu-3uwoq-6g3ya-2,nvlink,gpu0,nvlink_tx_bytes,4.80995e+13
2026-09-30T07:04:27.786Z,gpu-3uwoq-6g3ya-2,nvlink,gpu1,nvlink_rx_bytes,4.82499e+13
2026-09-30T07:04:27.786Z,gpu-3uwoq-6g3ya-2,nvlink,gpu1,nvlink_tx_bytes,4.8252e+13
2026-09-30T07:04:27.786Z,gpu-3uwoq-6g3ya-2,nvlink,gpu2,nvlink_rx_bytes,4.80847e+13
2026-09-30T07:04:27.786Z,gpu-3uwoq-6g3ya-2,nvlink,gpu2,nvlink_tx_bytes,4.80882e+13
2026-09-30T07:04:27.786Z,gpu-3uwoq-6g3ya-2,nvlink,gpu3,nvlink_rx_bytes,4.80322e+13
2026-09-30T07:04:27.786Z,gpu-3uwoq-6g3ya-2,nvlink,gpu3,nvlink_tx_bytes,4.80353e+13
2026-09-30T07:04:28.786Z,gpu-3uwoq-6g3ya-2,ib_counter,rdma_vf_rail0,port_xmit_data,3.13507e+12
2026-09-30T07:04:28.786Z,gpu-3uwoq-6g3ya-2,ib_counter,rdma_vf_rail0,port_rcv_data,6.09511e+12
2026-09-30T07:04:28.786Z,gpu-3uwoq-6g3ya-2,ib_counter,rdma_vf_rail0,port_xmit_packets,1.06346e+09
2026-09-30T07:04:28.786Z,gpu-3uwoq-6g3ya-2,ib_counter,rdma_vf_rail0,port_rcv_packets,1.69433e+09
2026-09-30T07:04:28.786Z,gpu-3uwoq-6g3ya-2,ib_counter,rdma_vf_rail0,port_xmit_wait,0
2026-09-30T07:04:28.786Z,gpu-3uwoq-6g3ya-2,ib_counter,rdma_vf_rail0,port_rcv_errors,0
2026-09-30T07:04:28.786Z,gpu-3uwoq-6g3ya-2,ib_counter,rdma_vf_rail0,port_xmit_discards,0
2026-09-30T07:04:28.786Z,gpu-3uwoq-6g3ya-2,ib_counter,rdma_vf_rail0,link_downed,0
2026-09-30T07:04:28.786Z,gpu-3uwoq-6g3ya-2,ib_hw_counter,rdma_vf_rail0,out_of_sequence,8
2026-09-30T07:04:28.786Z,gpu-3uwoq-6g3ya-2,ib_hw_counter,rdma_vf_rail0,packet_seq_err,0
2026-09-30T07:04:28.786Z,gpu-3uwoq-6g3ya-2,ib_hw_counter,rdma_vf_rail0,local_ack_timeout_err,0
2026-09-30T07:04:28.786Z,gpu-3uwoq-6g3ya-2,ib_hw_counter,rdma_vf_rail0,rx_write_requests,7.12956e+08
2026-09-30T07:04:28.786Z,gpu-3uwoq-6g3ya-2,ib_hw_counter,rdma_vf_rail0,rx_read_requests,1.33147e+07
2026-09-30T07:04:28.786Z,gpu-3uwoq-6g3ya-2,ib_hw_counter,rdma_vf_rail0,req_cqe_error,0
2026-09-30T07:04:28.786Z,gpu-3uwoq-6g3ya-2,ib_hw_counter,rdma_vf_rail0,resp_cqe_error,0
2026-09-30T07:04:28.786Z,gpu-3uwoq-6g3ya-2,ib_hw_counter,rdma_vf_rail0,implied_nak_seq_err,0
2026-09-30T07:04:28.786Z,gpu-3uwoq-6g3ya-2,ib_hw_counter,rdma_vf_rail0,duplicate_request,0
2026-09-30T07:04:28.786Z,gpu-3uwoq-6g3ya-2,ib_counter,rdma_vf_rail1,port_xmit_data,3.02687e+12
2026-09-30T07:04:28.786Z,gpu-3uwoq-6g3ya-2,ib_counter,rdma_vf_rail1,port_rcv_data,5.987e+12
2026-09-30T07:04:28.786Z,gpu-3uwoq-6g3ya-2,ib_counter,rdma_vf_rail1,port_xmit_packets,1.03075e+09
2026-09-30T07:04:28.786Z,gpu-3uwoq-6g3ya-2,ib_counter,rdma_vf_rail1,port_rcv_packets,1.66181e+09
2026-09-30T07:04:28.786Z,gpu-3uwoq-6g3ya-2,ib_counter,rdma_vf_rail1,port_xmit_wait,0
2026-09-30T07:04:28.786Z,gpu-3uwoq-6g3ya-2,ib_counter,rdma_vf_rail1,port_rcv_errors,0
2026-09-30T07:04:28.786Z,gpu-3uwoq-6g3ya-2,ib_counter,rdma_vf_rail1,port_xmit_discards,0
2026-09-30T07:04:28.786Z,gpu-3uwoq-6g3ya-2,ib_counter,rdma_vf_rail1,link_downed,0
2026-09-30T07:04:28.786Z,gpu-3uwoq-6g3ya-2,ib_hw_counter,rdma_vf_rail1,out_of_sequence,8
2026-09-30T07:04:28.786Z,gpu-3uwoq-6g3ya-2,ib_hw_counter,rdma_vf_rail1,packet_seq_err,0
2026-09-30T07:04:28.786Z,gpu-3uwoq-6g3ya-2,ib_hw_counter,rdma_vf_rail1,local_ack_timeout_err,0
2026-09-30T07:04:28.786Z,gpu-3uwoq-6g3ya-2,ib_hw_counter,rdma_vf_rail1,rx_write_requests,7.11363e+08
2026-09-30T07:04:28.786Z,gpu-3uwoq-6g3ya-2,ib_hw_counter,rdma_vf_rail1,rx_read_requests,1.2514e+07
2026-09-30T07:04:28.786Z,gpu-3uwoq-6g3ya-2,ib_hw_counter,rdma_vf_rail1,req_cqe_error,0
2026-09-30T07:04:28.786Z,gpu-3uwoq-6g3ya-2,ib_hw_counter,rdma_vf_rail1,resp_cqe_error,0
2026-09-30T07:04:28.786Z,gpu-3uwoq-6g3ya-2,ib_hw_counter,rdma_vf_rail1,implied_nak_seq_err,0
2026-09-30T07:04:28.786Z,gpu-3uwoq-6g3ya-2,ib_hw_counter,rdma_vf_rail1,duplicate_request,0
2026-09-30T07:04:28.786Z,gpu-3uwoq-6g3ya-2,ib_counter,rdma_vf_rail2,port_xmit_data,2.9993e+12
2026-09-30T07:04:28.786Z,gpu-3uwoq-6g3ya-2,ib_counter,rdma_vf_rail2,port_rcv_data,5.95874e+12
2026-09-30T07:04:28.786Z,gpu-3uwoq-6g3ya-2,ib_counter,rdma_vf_rail2,port_xmit_packets,1.01306e+09
2026-09-30T07:04:28.786Z,gpu-3uwoq-6g3ya-2,ib_counter,rdma_vf_rail2,port_rcv_packets,1.63786e+09
2026-09-30T07:04:28.786Z,gpu-3uwoq-6g3ya-2,ib_counter,rdma_vf_rail2,port_xmit_wait,0
2026-09-30T07:04:28.786Z,gpu-3uwoq-6g3ya-2,ib_counter,rdma_vf_rail2,port_rcv_errors,0
2026-09-30T07:04:28.786Z,gpu-3uwoq-6g3ya-2,ib_counter,rdma_vf_rail2,port_xmit_discards,0
2026-09-30T07:04:28.786Z,gpu-3uwoq-6g3ya-2,ib_counter,rdma_vf_rail2,link_downed,0
2026-09-30T07:04:28.786Z,gpu-3uwoq-6g3ya-2,ib_hw_counter,rdma_vf_rail2,out_of_sequence,8
2026-09-30T07:04:28.786Z,gpu-3uwoq-6g3ya-2,ib_hw_counter,rdma_vf_rail2,packet_seq_err,0
2026-09-30T07:04:28.786Z,gpu-3uwoq-6g3ya-2,ib_hw_counter,rdma_vf_rail2,local_ack_timeout_err,0
2026-09-30T07:04:28.786Z,gpu-3uwoq-6g3ya-2,ib_hw_counter,rdma_vf_rail2,rx_write_requests,7.1093e+08
2026-09-30T07:04:28.786Z,gpu-3uwoq-6g3ya-2,ib_hw_counter,rdma_vf_rail2,rx_read_requests,1.23061e+07
2026-09-30T07:04:28.786Z,gpu-3uwoq-6g3ya-2,ib_hw_counter,rdma_vf_rail2,req_cqe_error,0
2026-09-30T07:04:28.786Z,gpu-3uwoq-6g3ya-2,ib_hw_counter,rdma_vf_rail2,resp_cqe_error,0
2026-09-30T07:04:28.786Z,gpu-3uwoq-6g3ya-2,ib_hw_counter,rdma_vf_rail2,implied_nak_seq_err,0
2026-09-30T07:04:28.786Z,gpu-3uwoq-6g3ya-2,ib_hw_counter,rdma_vf_rail2,duplicate_request,0
2026-09-30T07:04:28.786Z,gpu-3uwoq-6g3ya-2,ib_counter,rdma_vf_rail3,port_xmit_data,2.99916e+12
2026-09-30T07:04:28.786Z,gpu-3uwoq-6g3ya-2,ib_counter,rdma_vf_rail3,port_rcv_data,5.95935e+12
2026-09-30T07:04:28.786Z,gpu-3uwoq-6g3ya-2,ib_counter,rdma_vf_rail3,port_xmit_packets,1.0114e+09
2026-09-30T07:04:28.786Z,gpu-3uwoq-6g3ya-2,ib_counter,rdma_vf_rail3,port_rcv_packets,1.64526e+09
2026-09-30T07:04:28.786Z,gpu-3uwoq-6g3ya-2,ib_counter,rdma_vf_rail3,port_xmit_wait,0
2026-09-30T07:04:28.786Z,gpu-3uwoq-6g3ya-2,ib_counter,rdma_vf_rail3,port_rcv_errors,0
2026-09-30T07:04:28.786Z,gpu-3uwoq-6g3ya-2,ib_counter,rdma_vf_rail3,port_xmit_discards,0
2026-09-30T07:04:28.786Z,gpu-3uwoq-6g3ya-2,ib_counter,rdma_vf_rail3,link_downed,0
2026-09-30T07:04:28.786Z,gpu-3uwoq-6g3ya-2,ib_hw_counter,rdma_vf_rail3,out_of_sequence,7
2026-09-30T07:04:28.786Z,gpu-3uwoq-6g3ya-2,ib_hw_counter,rdma_vf_rail3,packet_seq_err,1
2026-09-30T07:04:28.786Z,gpu-3uwoq-6g3ya-2,ib_hw_counter,rdma_vf_rail3,local_ack_timeout_err,0
2026-09-30T07:04:28.786Z,gpu-3uwoq-6g3ya-2,ib_hw_counter,rdma_vf_rail3,rx_write_requests,7.1093e+08
2026-09-30T07:04:28.786Z,gpu-3uwoq-6g3ya-2,ib_hw_counter,rdma_vf_rail3,rx_read_requests,1.23061e+07
2026-09-30T07:04:28.786Z,gpu-3uwoq-6g3ya-2,ib_hw_counter,rdma_vf_rail3,req_cqe_error,0
2026-09-30T07:04:28.786Z,gpu-3uwoq-6g3ya-2,ib_hw_counter,rdma_vf_rail3,resp_cqe_error,0
2026-09-30T07:04:28.786Z,gpu-3uwoq-6g3ya-2,ib_hw_counter,rdma_vf_rail3,implied_nak_seq_err,0
2026-09-30T07:04:28.786Z,gpu-3uwoq-6g3ya-2,ib_hw_counter,rdma_vf_rail3,duplicate_request,0
2026-09-30T07:04:28.786Z,gpu-3uwoq-6g3ya-2,dcgm,gpu2,gpu_util,0
2026-09-30T07:04:28.786Z,gpu-3uwoq-6g3ya-2,dcgm,gpu3,gpu_util,0
2026-09-30T07:04:28.786Z,gpu-3uwoq-6g3ya-2,dcgm,gpu1,gpu_util,0
2026-09-30T07:04:28.786Z,gpu-3uwoq-6g3ya-2,dcgm,gpu0,gpu_util,0
2026-09-30T07:04:28.786Z,gpu-3uwoq-6g3ya-2,dcgm,gpu2,nvlink_bandwidth_total,0
2026-09-30T07:04:28.786Z,gpu-3uwoq-6g3ya-2,dcgm,gpu3,nvlink_bandwidth_total,0
2026-09-30T07:04:28.786Z,gpu-3uwoq-6g3ya-2,dcgm,gpu1,nvlink_bandwidth_total,0
2026-09-30T07:04:28.786Z,gpu-3uwoq-6g3ya-2,dcgm,gpu0,nvlink_bandwidth_total,0
2026-09-30T07:04:28.786Z,gpu-3uwoq-6g3ya-2,dcgm,gpu2,power_w,230.685
2026-09-30T07:04:28.786Z,gpu-3uwoq-6g3ya-2,dcgm,gpu3,power_w,234.316
2026-09-30T07:04:28.786Z,gpu-3uwoq-6g3ya-2,dcgm,gpu1,power_w,230
2026-09-30T07:04:28.786Z,gpu-3uwoq-6g3ya-2,dcgm,gpu0,power_w,226.743
2026-09-30T07:04:28.786Z,gpu-3uwoq-6g3ya-2,dcgm,gpu2,sm_clock_mhz,2070
2026-09-30T07:04:28.786Z,gpu-3uwoq-6g3ya-2,dcgm,gpu3,sm_clock_mhz,2070
2026-09-30T07:04:28.786Z,gpu-3uwoq-6g3ya-2,dcgm,gpu1,sm_clock_mhz,2070
2026-09-30T07:04:28.786Z,gpu-3uwoq-6g3ya-2,dcgm,gpu0,sm_clock_mhz,2070
2026-09-30T07:04:28.786Z,gpu-3uwoq-6g3ya-2,dcgm,gpu2,dram_active,0
2026-09-30T07:04:28.786Z,gpu-3uwoq-6g3ya-2,dcgm,gpu3,dram_active,0
2026-09-30T07:04:28.786Z,gpu-3uwoq-6g3ya-2,dcgm,gpu1,dram_active,0
2026-09-30T07:04:28.786Z,gpu-3uwoq-6g3ya-2,dcgm,gpu0,dram_active,0
2026-09-30T07:04:28.786Z,gpu-3uwoq-6g3ya-2,dcgm,gpu2,pcie_rx_bytes,70491
2026-09-30T07:04:28.786Z,gpu-3uwoq-6g3ya-2,dcgm,gpu3,pcie_rx_bytes,72924
2026-09-30T07:04:28.786Z,gpu-3uwoq-6g3ya-2,dcgm,gpu1,pcie_rx_bytes,84384
2026-09-30T07:04:28.786Z,gpu-3uwoq-6g3ya-2,dcgm,gpu0,pcie_rx_bytes,78827
2026-09-30T07:04:28.786Z,gpu-3uwoq-6g3ya-2,dcgm,gpu2,pcie_tx_bytes,66900
2026-09-30T07:04:28.786Z,gpu-3uwoq-6g3ya-2,dcgm,gpu3,pcie_tx_bytes,69833
2026-09-30T07:04:28.786Z,gpu-3uwoq-6g3ya-2,dcgm,gpu1,pcie_tx_bytes,80261
2026-09-30T07:04:28.786Z,gpu-3uwoq-6g3ya-2,dcgm,gpu0,pcie_tx_bytes,74686
2026-09-30T07:04:28.786Z,gpu-3uwoq-6g3ya-2,dcgm,gpu2,tensor_active,0
2026-09-30T07:04:28.786Z,gpu-3uwoq-6g3ya-2,dcgm,gpu3,tensor_active,0
2026-09-30T07:04:28.786Z,gpu-3uwoq-6g3ya-2,dcgm,gpu1,tensor_active,0
2026-09-30T07:04:28.786Z,gpu-3uwoq-6g3ya-2,dcgm,gpu0,tensor_active,0
2026-09-30T07:04:28.786Z,gpu-3uwoq-6g3ya-2,dcgm,gpu2,sm_active,0
2026-09-30T07:04:28.786Z,gpu-3uwoq-6g3ya-2,dcgm,gpu3,sm_active,0
2026-09-30T07:04:28.786Z,gpu-3uwoq-6g3ya-2,dcgm,gpu1,sm_active,0
2026-09-30T07:04:28.786Z,gpu-3uwoq-6g3ya-2,dcgm,gpu0,sm_active,0
2026-09-30T07:04:28.786Z,gpu-3uwoq-6g3ya-2,nvlink,gpu0,nvlink_rx_bytes,4.80963e+13
2026-09-30T07:04:28.786Z,gpu-3uwoq-6g3ya-2,nvlink,gpu0,nvlink_tx_bytes,4.80995e+13
2026-09-30T07:04:28.786Z,gpu-3uwoq-6g3ya-2,nvlink,gpu1,nvlink_rx_bytes,4.82499e+13
2026-09-30T07:04:28.786Z,gpu-3uwoq-6g3ya-2,nvlink,gpu1,nvlink_tx_bytes,4.8252e+13
2026-09-30T07:04:28.786Z,gpu-3uwoq-6g3ya-2,nvlink,gpu2,nvlink_rx_bytes,4.80847e+13
2026-09-30T07:04:28.786Z,gpu-3uwoq-6g3ya-2,nvlink,gpu2,nvlink_tx_bytes,4.80882e+13
2026-09-30T07:04:28.786Z,gpu-3uwoq-6g3ya-2,nvlink,gpu3,nvlink_rx_bytes,4.80322e+13
2026-09-30T07:04:28.786Z,gpu-3uwoq-6g3ya-2,nvlink,gpu3,nvlink_tx_bytes,4.80353e+13
2026-09-30T07:04:29.786Z,gpu-3uwoq-6g3ya-2,ib_counter,rdma_vf_rail0,port_xmit_data,3.13507e+12
2026-09-30T07:04:29.786Z,gpu-3uwoq-6g3ya-2,ib_counter,rdma_vf_rail0,port_rcv_data,6.09511e+12
2026-09-30T07:04:29.786Z,gpu-3uwoq-6g3ya-2,ib_counter,rdma_vf_rail0,port_xmit_packets,1.06346e+09
2026-09-30T07:04:29.786Z,gpu-3uwoq-6g3ya-2,ib_counter,rdma_vf_rail0,port_rcv_packets,1.69433e+09
2026-09-30T07:04:29.786Z,gpu-3uwoq-6g3ya-2,ib_counter,rdma_vf_rail0,port_xmit_wait,0
2026-09-30T07:04:29.786Z,gpu-3uwoq-6g3ya-2,ib_counter,rdma_vf_rail0,port_rcv_errors,0
2026-09-30T07:04:29.786Z,gpu-3uwoq-6g3ya-2,ib_counter,rdma_vf_rail0,port_xmit_discards,0
2026-09-30T07:04:29.786Z,gpu-3uwoq-6g3ya-2,ib_counter,rdma_vf_rail0,link_downed,0
2026-09-30T07:04:29.786Z,gpu-3uwoq-6g3ya-2,ib_hw_counter,rdma_vf_rail0,out_of_sequence,8
2026-09-30T07:04:29.786Z,gpu-3uwoq-6g3ya-2,ib_hw_counter,rdma_vf_rail0,packet_seq_err,0
2026-09-30T07:04:29.786Z,gpu-3uwoq-6g3ya-2,ib_hw_counter,rdma_vf_rail0,local_ack_timeout_err,0
2026-09-30T07:04:29.786Z,gpu-3uwoq-6g3ya-2,ib_hw_counter,rdma_vf_rail0,rx_write_requests,7.12956e+08
2026-09-30T07:04:29.786Z,gpu-3uwoq-6g3ya-2,ib_hw_counter,rdma_vf_rail0,rx_read_requests,1.33147e+07
2026-09-30T07:04:29.786Z,gpu-3uwoq-6g3ya-2,ib_hw_counter,rdma_vf_rail0,req_cqe_error,0
2026-09-30T07:04:29.786Z,gpu-3uwoq-6g3ya-2,ib_hw_counter,rdma_vf_rail0,resp_cqe_error,0
2026-09-30T07:04:29.786Z,gpu-3uwoq-6g3ya-2,ib_hw_counter,rdma_vf_rail0,implied_nak_seq_err,0
2026-09-30T07:04:29.786Z,gpu-3uwoq-6g3ya-2,ib_hw_counter,rdma_vf_rail0,duplicate_request,0
2026-09-30T07:04:29.786Z,gpu-3uwoq-6g3ya-2,ib_counter,rdma_vf_rail1,port_xmit_data,3.02687e+12
2026-09-30T07:04:29.786Z,gpu-3uwoq-6g3ya-2,ib_counter,rdma_vf_rail1,port_rcv_data,5.987e+12
2026-09-30T07:04:29.786Z,gpu-3uwoq-6g3ya-2,ib_counter,rdma_vf_rail1,port_xmit_packets,1.03075e+09
2026-09-30T07:04:29.786Z,gpu-3uwoq-6g3ya-2,ib_counter,rdma_vf_rail1,port_rcv_packets,1.66181e+09
2026-09-30T07:04:29.786Z,gpu-3uwoq-6g3ya-2,ib_counter,rdma_vf_rail1,port_xmit_wait,0
2026-09-30T07:04:29.786Z,gpu-3uwoq-6g3ya-2,ib_counter,rdma_vf_rail1,port_rcv_errors,0
2026-09-30T07:04:29.786Z,gpu-3uwoq-6g3ya-2,ib_counter,rdma_vf_rail1,port_xmit_discards,0
2026-09-30T07:04:29.786Z,gpu-3uwoq-6g3ya-2,ib_counter,rdma_vf_rail1,link_downed,0
2026-09-30T07:04:29.786Z,gpu-3uwoq-6g3ya-2,ib_hw_counter,rdma_vf_rail1,out_of_sequence,8
2026-09-30T07:04:29.786Z,gpu-3uwoq-6g3ya-2,ib_hw_counter,rdma_vf_rail1,packet_seq_err,0
2026-09-30T07:04:29.786Z,gpu-3uwoq-6g3ya-2,ib_hw_counter,rdma_vf_rail1,local_ack_timeout_err,0
2026-09-30T07:04:29.786Z,gpu-3uwoq-6g3ya-2,ib_hw_counter,rdma_vf_rail1,rx_write_requests,7.11363e+08
2026-09-30T07:04:29.786Z,gpu-3uwoq-6g3ya-2,ib_hw_counter,rdma_vf_rail1,rx_read_requests,1.2514e+07
2026-09-30T07:04:29.786Z,gpu-3uwoq-6g3ya-2,ib_hw_counter,rdma_vf_rail1,req_cqe_error,0
2026-09-30T07:04:29.786Z,gpu-3uwoq-6g3ya-2,ib_hw_counter,rdma_vf_rail1,resp_cqe_error,0
2026-09-30T07:04:29.786Z,gpu-3uwoq-6g3ya-2,ib_hw_counter,rdma_vf_rail1,implied_nak_seq_err,0
2026-09-30T07:04:29.786Z,gpu-3uwoq-6g3ya-2,ib_hw_counter,rdma_vf_rail1,duplicate_request,0
2026-09-30T07:04:29.786Z,gpu-3uwoq-6g3ya-2,ib_counter,rdma_vf_rail2,port_xmit_data,2.9993e+12
2026-09-30T07:04:29.786Z,gpu-3uwoq-6g3ya-2,ib_counter,rdma_vf_rail2,port_rcv_data,5.95874e+12
2026-09-30T07:04:29.786Z,gpu-3uwoq-6g3ya-2,ib_counter,rdma_vf_rail2,port_xmit_packets,1.01306e+09
2026-09-30T07:04:29.786Z,gpu-3uwoq-6g3ya-2,ib_counter,rdma_vf_rail2,port_rcv_packets,1.63786e+09
2026-09-30T07:04:29.786Z,gpu-3uwoq-6g3ya-2,ib_counter,rdma_vf_rail2,port_xmit_wait,0
2026-09-30T07:04:29.786Z,gpu-3uwoq-6g3ya-2,ib_counter,rdma_vf_rail2,port_rcv_errors,0
2026-09-30T07:04:29.786Z,gpu-3uwoq-6g3ya-2,ib_counter,rdma_vf_rail2,port_xmit_discards,0
2026-09-30T07:04:29.786Z,gpu-3uwoq-6g3ya-2,ib_counter,rdma_vf_rail2,link_downed,0
2026-09-30T07:04:29.786Z,gpu-3uwoq-6g3ya-2,ib_hw_counter,rdma_vf_rail2,out_of_sequence,8
2026-09-30T07:04:29.786Z,gpu-3uwoq-6g3ya-2,ib_hw_counter,rdma_vf_rail2,packet_seq_err,0
2026-09-30T07:04:29.786Z,gpu-3uwoq-6g3ya-2,ib_hw_counter,rdma_vf_rail2,local_ack_timeout_err,0
2026-09-30T07:04:29.786Z,gpu-3uwoq-6g3ya-2,ib_hw_counter,rdma_vf_rail2,rx_write_requests,7.1093e+08
2026-09-30T07:04:29.786Z,gpu-3uwoq-6g3ya-2,ib_hw_counter,rdma_vf_rail2,rx_read_requests,1.23061e+07
2026-09-30T07:04:29.786Z,gpu-3uwoq-6g3ya-2,ib_hw_counter,rdma_vf_rail2,req_cqe_error,0
2026-09-30T07:04:29.786Z,gpu-3uwoq-6g3ya-2,ib_hw_counter,rdma_vf_rail2,resp_cqe_error,0
2026-09-30T07:04:29.786Z,gpu-3uwoq-6g3ya-2,ib_hw_counter,rdma_vf_rail2,implied_nak_seq_err,0
2026-09-30T07:04:29.786Z,gpu-3uwoq-6g3ya-2,ib_hw_counter,rdma_vf_rail2,duplicate_request,0
2026-09-30T07:04:29.786Z,gpu-3uwoq-6g3ya-2,ib_counter,rdma_vf_rail3,port_xmit_data,2.99916e+12
2026-09-30T07:04:29.786Z,gpu-3uwoq-6g3ya-2,ib_counter,rdma_vf_rail3,port_rcv_data,5.95935e+12
2026-09-30T07:04:29.786Z,gpu-3uwoq-6g3ya-2,ib_counter,rdma_vf_rail3,port_xmit_packets,1.0114e+09
2026-09-30T07:04:29.786Z,gpu-3uwoq-6g3ya-2,ib_counter,rdma_vf_rail3,port_rcv_packets,1.64526e+09
2026-09-30T07:04:29.786Z,gpu-3uwoq-6g3ya-2,ib_counter,rdma_vf_rail3,port_xmit_wait,0
2026-09-30T07:04:29.786Z,gpu-3uwoq-6g3ya-2,ib_counter,rdma_vf_rail3,port_rcv_errors,0
2026-09-30T07:04:29.786Z,gpu-3uwoq-6g3ya-2,ib_counter,rdma_vf_rail3,port_xmit_discards,0
2026-09-30T07:04:29.786Z,gpu-3uwoq-6g3ya-2,ib_counter,rdma_vf_rail3,link_downed,0
2026-09-30T07:04:29.786Z,gpu-3uwoq-6g3ya-2,ib_hw_counter,rdma_vf_rail3,out_of_sequence,7
2026-09-30T07:04:29.786Z,gpu-3uwoq-6g3ya-2,ib_hw_counter,rdma_vf_rail3,packet_seq_err,1
2026-09-30T07:04:29.786Z,gpu-3uwoq-6g3ya-2,ib_hw_counter,rdma_vf_rail3,local_ack_timeout_err,0
2026-09-30T07:04:29.786Z,gpu-3uwoq-6g3ya-2,ib_hw_counter,rdma_vf_rail3,rx_write_requests,7.1093e+08
2026-09-30T07:04:29.786Z,gpu-3uwoq-6g3ya-2,ib_hw_counter,rdma_vf_rail3,rx_read_requests,1.23061e+07
2026-09-30T07:04:29.786Z,gpu-3uwoq-6g3ya-2,ib_hw_counter,rdma_vf_rail3,req_cqe_error,0
2026-09-30T07:04:29.786Z,gpu-3uwoq-6g3ya-2,ib_hw_counter,rdma_vf_rail3,resp_cqe_error,0
2026-09-30T07:04:29.786Z,gpu-3uwoq-6g3ya-2,ib_hw_counter,rdma_vf_rail3,implied_nak_seq_err,0
2026-09-30T07:04:29.786Z,gpu-3uwoq-6g3ya-2,ib_hw_counter,rdma_vf_rail3,duplicate_request,0
2026-09-30T07:04:29.786Z,gpu-3uwoq-6g3ya-2,dcgm,gpu2,gpu_util,0
2026-09-30T07:04:29.786Z,gpu-3uwoq-6g3ya-2,dcgm,gpu3,gpu_util,0
2026-09-30T07:04:29.786Z,gpu-3uwoq-6g3ya-2,dcgm,gpu1,gpu_util,0
2026-09-30T07:04:29.786Z,gpu-3uwoq-6g3ya-2,dcgm,gpu0,gpu_util,0
2026-09-30T07:04:29.786Z,gpu-3uwoq-6g3ya-2,dcgm,gpu2,nvlink_bandwidth_total,0
2026-09-30T07:04:29.786Z,gpu-3uwoq-6g3ya-2,dcgm,gpu3,nvlink_bandwidth_total,0
2026-09-30T07:04:29.786Z,gpu-3uwoq-6g3ya-2,dcgm,gpu1,nvlink_bandwidth_total,0
2026-09-30T07:04:29.786Z,gpu-3uwoq-6g3ya-2,dcgm,gpu0,nvlink_bandwidth_total,0
2026-09-30T07:04:29.786Z,gpu-3uwoq-6g3ya-2,dcgm,gpu2,power_w,230.685
2026-09-30T07:04:29.786Z,gpu-3uwoq-6g3ya-2,dcgm,gpu3,power_w,234.316
2026-09-30T07:04:29.786Z,gpu-3uwoq-6g3ya-2,dcgm,gpu1,power_w,230
2026-09-30T07:04:29.786Z,gpu-3uwoq-6g3ya-2,dcgm,gpu0,power_w,226.743
2026-09-30T07:04:29.786Z,gpu-3uwoq-6g3ya-2,dcgm,gpu2,sm_clock_mhz,2070
2026-09-30T07:04:29.786Z,gpu-3uwoq-6g3ya-2,dcgm,gpu3,sm_clock_mhz,2070
2026-09-30T07:04:29.786Z,gpu-3uwoq-6g3ya-2,dcgm,gpu1,sm_clock_mhz,2070
2026-09-30T07:04:29.786Z,gpu-3uwoq-6g3ya-2,dcgm,gpu0,sm_clock_mhz,2070
2026-09-30T07:04:29.786Z,gpu-3uwoq-6g3ya-2,dcgm,gpu2,dram_active,0
2026-09-30T07:04:29.786Z,gpu-3uwoq-6g3ya-2,dcgm,gpu3,dram_active,0
2026-09-30T07:04:29.786Z,gpu-3uwoq-6g3ya-2,dcgm,gpu1,dram_active,0
2026-09-30T07:04:29.786Z,gpu-3uwoq-6g3ya-2,dcgm,gpu0,dram_active,0
2026-09-30T07:04:29.786Z,gpu-3uwoq-6g3ya-2,dcgm,gpu2,pcie_rx_bytes,70491
2026-09-30T07:04:29.786Z,gpu-3uwoq-6g3ya-2,dcgm,gpu3,pcie_rx_bytes,72924
2026-09-30T07:04:29.786Z,gpu-3uwoq-6g3ya-2,dcgm,gpu1,pcie_rx_bytes,84384
2026-09-30T07:04:29.786Z,gpu-3uwoq-6g3ya-2,dcgm,gpu0,pcie_rx_bytes,78827
2026-09-30T07:04:29.786Z,gpu-3uwoq-6g3ya-2,dcgm,gpu2,pcie_tx_bytes,66900
2026-09-30T07:04:29.786Z,gpu-3uwoq-6g3ya-2,dcgm,gpu3,pcie_tx_bytes,69833
2026-09-30T07:04:29.786Z,gpu-3uwoq-6g3ya-2,dcgm,gpu1,pcie_tx_bytes,80261
2026-09-30T07:04:29.786Z,gpu-3uwoq-6g3ya-2,dcgm,gpu0,pcie_tx_bytes,74686
2026-09-30T07:04:29.786Z,gpu-3uwoq-6g3ya-2,dcgm,gpu2,tensor_active,0
2026-09-30T07:04:29.786Z,gpu-3uwoq-6g3ya-2,dcgm,gpu3,tensor_active,0
2026-09-30T07:04:29.786Z,gpu-3uwoq-6g3ya-2,dcgm,gpu1,tensor_active,0
2026-09-30T07:04:29.786Z,gpu-3uwoq-6g3ya-2,dcgm,gpu0,tensor_active,0
2026-09-30T07:04:29.786Z,gpu-3uwoq-6g3ya-2,dcgm,gpu2,sm_active,0
2026-09-30T07:04:29.786Z,gpu-3uwoq-6g3ya-2,dcgm,gpu3,sm_active,0
2026-09-30T07:04:29.786Z,gpu-3uwoq-6g3ya-2,dcgm,gpu1,sm_active,0
2026-09-30T07:04:29.786Z,gpu-3uwoq-6g3ya-2,dcgm,gpu0,sm_active,0
2026-09-30T07:04:29.786Z,gpu-3uwoq-6g3ya-2,nvlink,gpu0,nvlink_rx_bytes,4.80963e+13
2026-09-30T07:04:29.786Z,gpu-3uwoq-6g3ya-2,nvlink,gpu0,nvlink_tx_bytes,4.80995e+13
2026-09-30T07:04:29.786Z,gpu-3uwoq-6g3ya-2,nvlink,gpu1,nvlink_rx_bytes,4.82499e+13
2026-09-30T07:04:29.786Z,gpu-3uwoq-6g3ya-2,nvlink,gpu1,nvlink_tx_bytes,4.8252e+13
2026-09-30T07:04:29.786Z,gpu-3uwoq-6g3ya-2,nvlink,gpu2,nvlink_rx_bytes,4.80847e+13
2026-09-30T07:04:29.786Z,gpu-3uwoq-6g3ya-2,nvlink,gpu2,nvlink_tx_bytes,4.80882e+13
2026-09-30T07:04:29.786Z,gpu-3uwoq-6g3ya-2,nvlink,gpu3,nvlink_rx_bytes,4.80322e+13
2026-09-30T07:04:29.786Z,gpu-3uwoq-6g3ya-2,nvlink,gpu3,nvlink_tx_bytes,4.80353e+13
2026-09-30T07:04:30.786Z,gpu-3uwoq-6g3ya-2,ib_counter,rdma_vf_rail0,port_xmit_data,3.13507e+12
2026-09-30T07:04:30.786Z,gpu-3uwoq-6g3ya-2,ib_counter,rdma_vf_rail0,port_rcv_data,6.09511e+12
2026-09-30T07:04:30.786Z,gpu-3uwoq-6g3ya-2,ib_counter,rdma_vf_rail0,port_xmit_packets,1.06346e+09
2026-09-30T07:04:30.786Z,gpu-3uwoq-6g3ya-2,ib_counter,rdma_vf_rail0,port_rcv_packets,1.69433e+09
2026-09-30T07:04:30.786Z,gpu-3uwoq-6g3ya-2,ib_counter,rdma_vf_rail0,port_xmit_wait,0
2026-09-30T07:04:30.786Z,gpu-3uwoq-6g3ya-2,ib_counter,rdma_vf_rail0,port_rcv_errors,0
2026-09-30T07:04:30.786Z,gpu-3uwoq-6g3ya-2,ib_counter,rdma_vf_rail0,port_xmit_discards,0
2026-09-30T07:04:30.786Z,gpu-3uwoq-6g3ya-2,ib_counter,rdma_vf_rail0,link_downed,0
2026-09-30T07:04:30.786Z,gpu-3uwoq-6g3ya-2,ib_hw_counter,rdma_vf_rail0,out_of_sequence,8
2026-09-30T07:04:30.786Z,gpu-3uwoq-6g3ya-2,ib_hw_counter,rdma_vf_rail0,packet_seq_err,0
2026-09-30T07:04:30.786Z,gpu-3uwoq-6g3ya-2,ib_hw_counter,rdma_vf_rail0,local_ack_timeout_err,0
2026-09-30T07:04:30.786Z,gpu-3uwoq-6g3ya-2,ib_hw_counter,rdma_vf_rail0,rx_write_requests,7.12956e+08
2026-09-30T07:04:30.786Z,gpu-3uwoq-6g3ya-2,ib_hw_counter,rdma_vf_rail0,rx_read_requests,1.33147e+07
2026-09-30T07:04:30.786Z,gpu-3uwoq-6g3ya-2,ib_hw_counter,rdma_vf_rail0,req_cqe_error,0
2026-09-30T07:04:30.786Z,gpu-3uwoq-6g3ya-2,ib_hw_counter,rdma_vf_rail0,resp_cqe_error,0
2026-09-30T07:04:30.786Z,gpu-3uwoq-6g3ya-2,ib_hw_counter,rdma_vf_rail0,implied_nak_seq_err,0
2026-09-30T07:04:30.786Z,gpu-3uwoq-6g3ya-2,ib_hw_counter,rdma_vf_rail0,duplicate_request,0
2026-09-30T07:04:30.786Z,gpu-3uwoq-6g3ya-2,ib_counter,rdma_vf_rail1,port_xmit_data,3.02687e+12
2026-09-30T07:04:30.786Z,gpu-3uwoq-6g3ya-2,ib_counter,rdma_vf_rail1,port_rcv_data,5.987e+12
2026-09-30T07:04:30.786Z,gpu-3uwoq-6g3ya-2,ib_counter,rdma_vf_rail1,port_xmit_packets,1.03075e+09
2026-09-30T07:04:30.786Z,gpu-3uwoq-6g3ya-2,ib_counter,rdma_vf_rail1,port_rcv_packets,1.66181e+09
2026-09-30T07:04:30.786Z,gpu-3uwoq-6g3ya-2,ib_counter,rdma_vf_rail1,port_xmit_wait,0
2026-09-30T07:04:30.786Z,gpu-3uwoq-6g3ya-2,ib_counter,rdma_vf_rail1,port_rcv_errors,0
2026-09-30T07:04:30.786Z,gpu-3uwoq-6g3ya-2,ib_counter,rdma_vf_rail1,port_xmit_discards,0
2026-09-30T07:04:30.786Z,gpu-3uwoq-6g3ya-2,ib_counter,rdma_vf_rail1,link_downed,0
2026-09-30T07:04:30.786Z,gpu-3uwoq-6g3ya-2,ib_hw_counter,rdma_vf_rail1,out_of_sequence,8
2026-09-30T07:04:30.786Z,gpu-3uwoq-6g3ya-2,ib_hw_counter,rdma_vf_rail1,packet_seq_err,0
2026-09-30T07:04:30.786Z,gpu-3uwoq-6g3ya-2,ib_hw_counter,rdma_vf_rail1,local_ack_timeout_err,0
2026-09-30T07:04:30.786Z,gpu-3uwoq-6g3ya-2,ib_hw_counter,rdma_vf_rail1,rx_write_requests,7.11363e+08
2026-09-30T07:04:30.786Z,gpu-3uwoq-6g3ya-2,ib_hw_counter,rdma_vf_rail1,rx_read_requests,1.2514e+07
2026-09-30T07:04:30.786Z,gpu-3uwoq-6g3ya-2,ib_hw_counter,rdma_vf_rail1,req_cqe_error,0
2026-09-30T07:04:30.786Z,gpu-3uwoq-6g3ya-2,ib_hw_counter,rdma_vf_rail1,resp_cqe_error,0
2026-09-30T07:04:30.786Z,gpu-3uwoq-6g3ya-2,ib_hw_counter,rdma_vf_rail1,implied_nak_seq_err,0
2026-09-30T07:04:30.786Z,gpu-3uwoq-6g3ya-2,ib_hw_counter,rdma_vf_rail1,duplicate_request,0
2026-09-30T07:04:30.786Z,gpu-3uwoq-6g3ya-2,ib_counter,rdma_vf_rail2,port_xmit_data,2.9993e+12
2026-09-30T07:04:30.786Z,gpu-3uwoq-6g3ya-2,ib_counter,rdma_vf_rail2,port_rcv_data,5.95874e+12
2026-09-30T07:04:30.786Z,gpu-3uwoq-6g3ya-2,ib_counter,rdma_vf_rail2,port_xmit_packets,1.01306e+09
2026-09-30T07:04:30.786Z,gpu-3uwoq-6g3ya-2,ib_counter,rdma_vf_rail2,port_rcv_packets,1.63786e+09
2026-09-30T07:04:30.786Z,gpu-3uwoq-6g3ya-2,ib_counter,rdma_vf_rail2,port_xmit_wait,0
2026-09-30T07:04:30.786Z,gpu-3uwoq-6g3ya-2,ib_counter,rdma_vf_rail2,port_rcv_errors,0
2026-09-30T07:04:30.786Z,gpu-3uwoq-6g3ya-2,ib_counter,rdma_vf_rail2,port_xmit_discards,0
2026-09-30T07:04:30.786Z,gpu-3uwoq-6g3ya-2,ib_counter,rdma_vf_rail2,link_downed,0
2026-09-30T07:04:30.786Z,gpu-3uwoq-6g3ya-2,ib_hw_counter,rdma_vf_rail2,out_of_sequence,8
2026-09-30T07:04:30.786Z,gpu-3uwoq-6g3ya-2,ib_hw_counter,rdma_vf_rail2,packet_seq_err,0
2026-09-30T07:04:30.786Z,gpu-3uwoq-6g3ya-2,ib_hw_counter,rdma_vf_rail2,local_ack_timeout_err,0
2026-09-30T07:04:30.786Z,gpu-3uwoq-6g3ya-2,ib_hw_counter,rdma_vf_rail2,rx_write_requests,7.1093e+08
2026-09-30T07:04:30.786Z,gpu-3uwoq-6g3ya-2,ib_hw_counter,rdma_vf_rail2,rx_read_requests,1.23061e+07
2026-09-30T07:04:30.786Z,gpu-3uwoq-6g3ya-2,ib_hw_counter,rdma_vf_rail2,req_cqe_error,0
2026-09-30T07:04:30.786Z,gpu-3uwoq-6g3ya-2,ib_hw_counter,rdma_vf_rail2,resp_cqe_error,0
2026-09-30T07:04:30.786Z,gpu-3uwoq-6g3ya-2,ib_hw_counter,rdma_vf_rail2,implied_nak_seq_err,0
2026-09-30T07:04:30.786Z,gpu-3uwoq-6g3ya-2,ib_hw_counter,rdma_vf_rail2,duplicate_request,0
2026-09-30T07:04:30.786Z,gpu-3uwoq-6g3ya-2,ib_counter,rdma_vf_rail3,port_xmit_data,2.99916e+12
2026-09-30T07:04:30.786Z,gpu-3uwoq-6g3ya-2,ib_counter,rdma_vf_rail3,port_rcv_data,5.95935e+12
2026-09-30T07:04:30.786Z,gpu-3uwoq-6g3ya-2,ib_counter,rdma_vf_rail3,port_xmit_packets,1.0114e+09
2026-09-30T07:04:30.786Z,gpu-3uwoq-6g3ya-2,ib_counter,rdma_vf_rail3,port_rcv_packets,1.64526e+09
2026-09-30T07:04:30.786Z,gpu-3uwoq-6g3ya-2,ib_counter,rdma_vf_rail3,port_xmit_wait,0
2026-09-30T07:04:30.786Z,gpu-3uwoq-6g3ya-2,ib_counter,rdma_vf_rail3,port_rcv_errors,0
2026-09-30T07:04:30.786Z,gpu-3uwoq-6g3ya-2,ib_counter,rdma_vf_rail3,port_xmit_discards,0
2026-09-30T07:04:30.786Z,gpu-3uwoq-6g3ya-2,ib_counter,rdma_vf_rail3,link_downed,0
2026-09-30T07:04:30.786Z,gpu-3uwoq-6g3ya-2,ib_hw_counter,rdma_vf_rail3,out_of_sequence,7
2026-09-30T07:04:30.786Z,gpu-3uwoq-6g3ya-2,ib_hw_counter,rdma_vf_rail3,packet_seq_err,1
2026-09-30T07:04:30.786Z,gpu-3uwoq-6g3ya-2,ib_hw_counter,rdma_vf_rail3,local_ack_timeout_err,0
2026-09-30T07:04:30.786Z,gpu-3uwoq-6g3ya-2,ib_hw_counter,rdma_vf_rail3,rx_write_requests,7.1093e+08
2026-09-30T07:04:30.786Z,gpu-3uwoq-6g3ya-2,ib_hw_counter,rdma_vf_rail3,rx_read_requests,1.23061e+07
2026-09-30T07:04:30.786Z,gpu-3uwoq-6g3ya-2,ib_hw_counter,rdma_vf_rail3,req_cqe_error,0
2026-09-30T07:04:30.786Z,gpu-3uwoq-6g3ya-2,ib_hw_counter,rdma_vf_rail3,resp_cqe_error,0
2026-09-30T07:04:30.786Z,gpu-3uwoq-6g3ya-2,ib_hw_counter,rdma_vf_rail3,implied_nak_seq_err,0
2026-09-30T07:04:30.786Z,gpu-3uwoq-6g3ya-2,ib_hw_counter,rdma_vf_rail3,duplicate_request,0
2026-09-30T07:04:30.786Z,gpu-3uwoq-6g3ya-2,dcgm,gpu2,gpu_util,0
2026-09-30T07:04:30.786Z,gpu-3uwoq-6g3ya-2,dcgm,gpu3,gpu_util,0
2026-09-30T07:04:30.786Z,gpu-3uwoq-6g3ya-2,dcgm,gpu1,gpu_util,0
2026-09-30T07:04:30.786Z,gpu-3uwoq-6g3ya-2,dcgm,gpu0,gpu_util,0
2026-09-30T07:04:30.786Z,gpu-3uwoq-6g3ya-2,dcgm,gpu2,nvlink_bandwidth_total,0
2026-09-30T07:04:30.786Z,gpu-3uwoq-6g3ya-2,dcgm,gpu3,nvlink_bandwidth_total,0
2026-09-30T07:04:30.786Z,gpu-3uwoq-6g3ya-2,dcgm,gpu1,nvlink_bandwidth_total,0
2026-09-30T07:04:30.786Z,gpu-3uwoq-6g3ya-2,dcgm,gpu0,nvlink_bandwidth_total,0
2026-09-30T07:04:30.786Z,gpu-3uwoq-6g3ya-2,dcgm,gpu2,power_w,230.685
2026-09-30T07:04:30.786Z,gpu-3uwoq-6g3ya-2,dcgm,gpu3,power_w,234.316
2026-09-30T07:04:30.786Z,gpu-3uwoq-6g3ya-2,dcgm,gpu1,power_w,230
2026-09-30T07:04:30.786Z,gpu-3uwoq-6g3ya-2,dcgm,gpu0,power_w,226.743
2026-09-30T07:04:30.786Z,gpu-3uwoq-6g3ya-2,dcgm,gpu2,sm_clock_mhz,2070
2026-09-30T07:04:30.786Z,gpu-3uwoq-6g3ya-2,dcgm,gpu3,sm_clock_mhz,2070
2026-09-30T07:04:30.786Z,gpu-3uwoq-6g3ya-2,dcgm,gpu1,sm_clock_mhz,2070
2026-09-30T07:04:30.786Z,gpu-3uwoq-6g3ya-2,dcgm,gpu0,sm_clock_mhz,2070
2026-09-30T07:04:30.786Z,gpu-3uwoq-6g3ya-2,dcgm,gpu2,dram_active,0
2026-09-30T07:04:30.786Z,gpu-3uwoq-6g3ya-2,dcgm,gpu3,dram_active,0
2026-09-30T07:04:30.786Z,gpu-3uwoq-6g3ya-2,dcgm,gpu1,dram_active,0
2026-09-30T07:04:30.786Z,gpu-3uwoq-6g3ya-2,dcgm,gpu0,dram_active,0
2026-09-30T07:04:30.786Z,gpu-3uwoq-6g3ya-2,dcgm,gpu2,pcie_rx_bytes,70491
2026-09-30T07:04:30.786Z,gpu-3uwoq-6g3ya-2,dcgm,gpu3,pcie_rx_bytes,72924
2026-09-30T07:04:30.786Z,gpu-3uwoq-6g3ya-2,dcgm,gpu1,pcie_rx_bytes,84384
2026-09-30T07:04:30.786Z,gpu-3uwoq-6g3ya-2,dcgm,gpu0,pcie_rx_bytes,78827
2026-09-30T07:04:30.786Z,gpu-3uwoq-6g3ya-2,dcgm,gpu2,pcie_tx_bytes,66900
2026-09-30T07:04:30.786Z,gpu-3uwoq-6g3ya-2,dcgm,gpu3,pcie_tx_bytes,69833
2026-09-30T07:04:30.786Z,gpu-3uwoq-6g3ya-2,dcgm,gpu1,pcie_tx_bytes,80261
2026-09-30T07:04:30.786Z,gpu-3uwoq-6g3ya-2,dcgm,gpu0,pcie_tx_bytes,74686
2026-09-30T07:04:30.786Z,gpu-3uwoq-6g3ya-2,dcgm,gpu2,tensor_active,0
2026-09-30T07:04:30.786Z,gpu-3uwoq-6g3ya-2,dcgm,gpu3,tensor_active,0
2026-09-30T07:04:30.786Z,gpu-3uwoq-6g3ya-2,dcgm,gpu1,tensor_active,0
2026-09-30T07:04:30.786Z,gpu-3uwoq-6g3ya-2,dcgm,gpu0,tensor_active,0
2026-09-30T07:04:30.786Z,gpu-3uwoq-6g3ya-2,dcgm,gpu2,sm_active,0
2026-09-30T07:04:30.786Z,gpu-3uwoq-6g3ya-2,dcgm,gpu3,sm_active,0
2026-09-30T07:04:30.786Z,gpu-3uwoq-6g3ya-2,dcgm,gpu1,sm_active,0
2026-09-30T07:04:30.786Z,gpu-3uwoq-6g3ya-2,dcgm,gpu0,sm_active,0
2026-09-30T07:04:30.786Z,gpu-3uwoq-6g3ya-2,nvlink,gpu0,nvlink_rx_bytes,4.80963e+13
2026-09-30T07:04:30.786Z,gpu-3uwoq-6g3ya-2,nvlink,gpu0,nvlink_tx_bytes,4.80995e+13
2026-09-30T07:04:30.786Z,gpu-3uwoq-6g3ya-2,nvlink,gpu1,nvlink_rx_bytes,4.82499e+13
2026-09-30T07:04:30.786Z,gpu-3uwoq-6g3ya-2,nvlink,gpu1,nvlink_tx_bytes,4.8252e+13
2026-09-30T07:04:30.786Z,gpu-3uwoq-6g3ya-2,nvlink,gpu2,nvlink_rx_bytes,4.80847e+13
2026-09-30T07:04:30.786Z,gpu-3uwoq-6g3ya-2,nvlink,gpu2,nvlink_tx_bytes,4.80882e+13
2026-09-30T07:04:30.786Z,gpu-3uwoq-6g3ya-2,nvlink,gpu3,nvlink_rx_bytes,4.80322e+13
2026-09-30T07:04:30.786Z,gpu-3uwoq-6g3ya-2,nvlink,gpu3,nvlink_tx_bytes,4.80353e+13
2026-09-30T07:04:31.786Z,gpu-3uwoq-6g3ya-2,ib_counter,rdma_vf_rail0,port_xmit_data,3.13507e+12
2026-09-30T07:04:31.786Z,gpu-3uwoq-6g3ya-2,ib_counter,rdma_vf_rail0,port_rcv_data,6.09511e+12
2026-09-30T07:04:31.786Z,gpu-3uwoq-6g3ya-2,ib_counter,rdma_vf_rail0,port_xmit_packets,1.06346e+09
2026-09-30T07:04:31.786Z,gpu-3uwoq-6g3ya-2,ib_counter,rdma_vf_rail0,port_rcv_packets,1.69433e+09
2026-09-30T07:04:31.786Z,gpu-3uwoq-6g3ya-2,ib_counter,rdma_vf_rail0,port_xmit_wait,0
2026-09-30T07:04:31.786Z,gpu-3uwoq-6g3ya-2,ib_counter,rdma_vf_rail0,port_rcv_errors,0
2026-09-30T07:04:31.786Z,gpu-3uwoq-6g3ya-2,ib_counter,rdma_vf_rail0,port_xmit_discards,0
2026-09-30T07:04:31.786Z,gpu-3uwoq-6g3ya-2,ib_counter,rdma_vf_rail0,link_downed,0
2026-09-30T07:04:31.786Z,gpu-3uwoq-6g3ya-2,ib_hw_counter,rdma_vf_rail0,out_of_sequence,8
2026-09-30T07:04:31.786Z,gpu-3uwoq-6g3ya-2,ib_hw_counter,rdma_vf_rail0,packet_seq_err,0
2026-09-30T07:04:31.786Z,gpu-3uwoq-6g3ya-2,ib_hw_counter,rdma_vf_rail0,local_ack_timeout_err,0
2026-09-30T07:04:31.786Z,gpu-3uwoq-6g3ya-2,ib_hw_counter,rdma_vf_rail0,rx_write_requests,7.12956e+08
2026-09-30T07:04:31.786Z,gpu-3uwoq-6g3ya-2,ib_hw_counter,rdma_vf_rail0,rx_read_requests,1.33147e+07
2026-09-30T07:04:31.786Z,gpu-3uwoq-6g3ya-2,ib_hw_counter,rdma_vf_rail0,req_cqe_error,0
2026-09-30T07:04:31.786Z,gpu-3uwoq-6g3ya-2,ib_hw_counter,rdma_vf_rail0,resp_cqe_error,0
2026-09-30T07:04:31.786Z,gpu-3uwoq-6g3ya-2,ib_hw_counter,rdma_vf_rail0,implied_nak_seq_err,0
2026-09-30T07:04:31.786Z,gpu-3uwoq-6g3ya-2,ib_hw_counter,rdma_vf_rail0,duplicate_request,0
2026-09-30T07:04:31.786Z,gpu-3uwoq-6g3ya-2,ib_counter,rdma_vf_rail1,port_xmit_data,3.02687e+12
2026-09-30T07:04:31.786Z,gpu-3uwoq-6g3ya-2,ib_counter,rdma_vf_rail1,port_rcv_data,5.987e+12
2026-09-30T07:04:31.786Z,gpu-3uwoq-6g3ya-2,ib_counter,rdma_vf_rail1,port_xmit_packets,1.03075e+09
2026-09-30T07:04:31.786Z,gpu-3uwoq-6g3ya-2,ib_counter,rdma_vf_rail1,port_rcv_packets,1.66181e+09
2026-09-30T07:04:31.786Z,gpu-3uwoq-6g3ya-2,ib_counter,rdma_vf_rail1,port_xmit_wait,0
2026-09-30T07:04:31.786Z,gpu-3uwoq-6g3ya-2,ib_counter,rdma_vf_rail1,port_rcv_errors,0
2026-09-30T07:04:31.786Z,gpu-3uwoq-6g3ya-2,ib_counter,rdma_vf_rail1,port_xmit_discards,0
2026-09-30T07:04:31.786Z,gpu-3uwoq-6g3ya-2,ib_counter,rdma_vf_rail1,link_downed,0
2026-09-30T07:04:31.786Z,gpu-3uwoq-6g3ya-2,ib_hw_counter,rdma_vf_rail1,out_of_sequence,8
2026-09-30T07:04:31.786Z,gpu-3uwoq-6g3ya-2,ib_hw_counter,rdma_vf_rail1,packet_seq_err,0
2026-09-30T07:04:31.786Z,gpu-3uwoq-6g3ya-2,ib_hw_counter,rdma_vf_rail1,local_ack_timeout_err,0
2026-09-30T07:04:31.786Z,gpu-3uwoq-6g3ya-2,ib_hw_counter,rdma_vf_rail1,rx_write_requests,7.11363e+08
2026-09-30T07:04:31.786Z,gpu-3uwoq-6g3ya-2,ib_hw_counter,rdma_vf_rail1,rx_read_requests,1.2514e+07
2026-09-30T07:04:31.786Z,gpu-3uwoq-6g3ya-2,ib_hw_counter,rdma_vf_rail1,req_cqe_error,0
2026-09-30T07:04:31.786Z,gpu-3uwoq-6g3ya-2,ib_hw_counter,rdma_vf_rail1,resp_cqe_error,0
2026-09-30T07:04:31.786Z,gpu-3uwoq-6g3ya-2,ib_hw_counter,rdma_vf_rail1,implied_nak_seq_err,0
2026-09-30T07:04:31.786Z,gpu-3uwoq-6g3ya-2,ib_hw_counter,rdma_vf_rail1,duplicate_request,0
2026-09-30T07:04:31.786Z,gpu-3uwoq-6g3ya-2,ib_counter,rdma_vf_rail2,port_xmit_data,2.9993e+12
2026-09-30T07:04:31.786Z,gpu-3uwoq-6g3ya-2,ib_counter,rdma_vf_rail2,port_rcv_data,5.95874e+12
2026-09-30T07:04:31.786Z,gpu-3uwoq-6g3ya-2,ib_counter,rdma_vf_rail2,port_xmit_packets,1.01306e+09
2026-09-30T07:04:31.786Z,gpu-3uwoq-6g3ya-2,ib_counter,rdma_vf_rail2,port_rcv_packets,1.63786e+09
2026-09-30T07:04:31.786Z,gpu-3uwoq-6g3ya-2,ib_counter,rdma_vf_rail2,port_xmit_wait,0
2026-09-30T07:04:31.786Z,gpu-3uwoq-6g3ya-2,ib_counter,rdma_vf_rail2,port_rcv_errors,0
2026-09-30T07:04:31.786Z,gpu-3uwoq-6g3ya-2,ib_counter,rdma_vf_rail2,port_xmit_discards,0
2026-09-30T07:04:31.786Z,gpu-3uwoq-6g3ya-2,ib_counter,rdma_vf_rail2,link_downed,0
2026-09-30T07:04:31.786Z,gpu-3uwoq-6g3ya-2,ib_hw_counter,rdma_vf_rail2,out_of_sequence,8
2026-09-30T07:04:31.786Z,gpu-3uwoq-6g3ya-2,ib_hw_counter,rdma_vf_rail2,packet_seq_err,0
2026-09-30T07:04:31.786Z,gpu-3uwoq-6g3ya-2,ib_hw_counter,rdma_vf_rail2,local_ack_timeout_err,0
2026-09-30T07:04:31.786Z,gpu-3uwoq-6g3ya-2,ib_hw_counter,rdma_vf_rail2,rx_write_requests,7.1093e+08
2026-09-30T07:04:31.786Z,gpu-3uwoq-6g3ya-2,ib_hw_counter,rdma_vf_rail2,rx_read_requests,1.23061e+07
2026-09-30T07:04:31.786Z,gpu-3uwoq-6g3ya-2,ib_hw_counter,rdma_vf_rail2,req_cqe_error,0
2026-09-30T07:04:31.786Z,gpu-3uwoq-6g3ya-2,ib_hw_counter,rdma_vf_rail2,resp_cqe_error,0
2026-09-30T07:04:31.786Z,gpu-3uwoq-6g3ya-2,ib_hw_counter,rdma_vf_rail2,implied_nak_seq_err,0
2026-09-30T07:04:31.786Z,gpu-3uwoq-6g3ya-2,ib_hw_counter,rdma_vf_rail2,duplicate_request,0
2026-09-30T07:04:31.786Z,gpu-3uwoq-6g3ya-2,ib_counter,rdma_vf_rail3,port_xmit_data,2.99916e+12
2026-09-30T07:04:31.786Z,gpu-3uwoq-6g3ya-2,ib_counter,rdma_vf_rail3,port_rcv_data,5.95935e+12
2026-09-30T07:04:31.786Z,gpu-3uwoq-6g3ya-2,ib_counter,rdma_vf_rail3,port_xmit_packets,1.0114e+09
2026-09-30T07:04:31.786Z,gpu-3uwoq-6g3ya-2,ib_counter,rdma_vf_rail3,port_rcv_packets,1.64526e+09
2026-09-30T07:04:31.786Z,gpu-3uwoq-6g3ya-2,ib_counter,rdma_vf_rail3,port_xmit_wait,0
2026-09-30T07:04:31.786Z,gpu-3uwoq-6g3ya-2,ib_counter,rdma_vf_rail3,port_rcv_errors,0
2026-09-30T07:04:31.786Z,gpu-3uwoq-6g3ya-2,ib_counter,rdma_vf_rail3,port_xmit_discards,0
2026-09-30T07:04:31.786Z,gpu-3uwoq-6g3ya-2,ib_counter,rdma_vf_rail3,link_downed,0
2026-09-30T07:04:31.786Z,gpu-3uwoq-6g3ya-2,ib_hw_counter,rdma_vf_rail3,out_of_sequence,7
2026-09-30T07:04:31.786Z,gpu-3uwoq-6g3ya-2,ib_hw_counter,rdma_vf_rail3,packet_seq_err,1
2026-09-30T07:04:31.786Z,gpu-3uwoq-6g3ya-2,ib_hw_counter,rdma_vf_rail3,local_ack_timeout_err,0
2026-09-30T07:04:31.786Z,gpu-3uwoq-6g3ya-2,ib_hw_counter,rdma_vf_rail3,rx_write_requests,7.1093e+08
2026-09-30T07:04:31.786Z,gpu-3uwoq-6g3ya-2,ib_hw_counter,rdma_vf_rail3,rx_read_requests,1.23061e+07
2026-09-30T07:04:31.786Z,gpu-3uwoq-6g3ya-2,ib_hw_counter,rdma_vf_rail3,req_cqe_error,0
2026-09-30T07:04:31.786Z,gpu-3uwoq-6g3ya-2,ib_hw_counter,rdma_vf_rail3,resp_cqe_error,0
2026-09-30T07:04:31.786Z,gpu-3uwoq-6g3ya-2,ib_hw_counter,rdma_vf_rail3,implied_nak_seq_err,0
2026-09-30T07:04:31.786Z,gpu-3uwoq-6g3ya-2,ib_hw_counter,rdma_vf_rail3,duplicate_request,0
2026-09-30T07:04:31.786Z,gpu-3uwoq-6g3ya-2,dcgm,gpu2,gpu_util,0
2026-09-30T07:04:31.786Z,gpu-3uwoq-6g3ya-2,dcgm,gpu3,gpu_util,0
2026-09-30T07:04:31.786Z,gpu-3uwoq-6g3ya-2,dcgm,gpu1,gpu_util,0
2026-09-30T07:04:31.786Z,gpu-3uwoq-6g3ya-2,dcgm,gpu0,gpu_util,0
2026-09-30T07:04:31.786Z,gpu-3uwoq-6g3ya-2,dcgm,gpu2,nvlink_bandwidth_total,0
2026-09-30T07:04:31.786Z,gpu-3uwoq-6g3ya-2,dcgm,gpu3,nvlink_bandwidth_total,0
2026-09-30T07:04:31.786Z,gpu-3uwoq-6g3ya-2,dcgm,gpu1,nvlink_bandwidth_total,0
2026-09-30T07:04:31.786Z,gpu-3uwoq-6g3ya-2,dcgm,gpu0,nvlink_bandwidth_total,0
2026-09-30T07:04:31.786Z,gpu-3uwoq-6g3ya-2,dcgm,gpu2,power_w,230.685
2026-09-30T07:04:31.786Z,gpu-3uwoq-6g3ya-2,dcgm,gpu3,power_w,234.316
2026-09-30T07:04:31.786Z,gpu-3uwoq-6g3ya-2,dcgm,gpu1,power_w,230
2026-09-30T07:04:31.786Z,gpu-3uwoq-6g3ya-2,dcgm,gpu0,power_w,226.743
2026-09-30T07:04:31.786Z,gpu-3uwoq-6g3ya-2,dcgm,gpu2,sm_clock_mhz,2070
2026-09-30T07:04:31.786Z,gpu-3uwoq-6g3ya-2,dcgm,gpu3,sm_clock_mhz,2070
2026-09-30T07:04:31.786Z,gpu-3uwoq-6g3ya-2,dcgm,gpu1,sm_clock_mhz,2070
2026-09-30T07:04:31.786Z,gpu-3uwoq-6g3ya-2,dcgm,gpu0,sm_clock_mhz,2070
2026-09-30T07:04:31.786Z,gpu-3uwoq-6g3ya-2,dcgm,gpu2,dram_active,0
2026-09-30T07:04:31.786Z,gpu-3uwoq-6g3ya-2,dcgm,gpu3,dram_active,0
2026-09-30T07:04:31.786Z,gpu-3uwoq-6g3ya-2,dcgm,gpu1,dram_active,0
2026-09-30T07:04:31.786Z,gpu-3uwoq-6g3ya-2,dcgm,gpu0,dram_active,0
2026-09-30T07:04:31.786Z,gpu-3uwoq-6g3ya-2,dcgm,gpu2,pcie_rx_bytes,70491
2026-09-30T07:04:31.786Z,gpu-3uwoq-6g3ya-2,dcgm,gpu3,pcie_rx_bytes,72924
2026-09-30T07:04:31.786Z,gpu-3uwoq-6g3ya-2,dcgm,gpu1,pcie_rx_bytes,84384
2026-09-30T07:04:31.786Z,gpu-3uwoq-6g3ya-2,dcgm,gpu0,pcie_rx_bytes,78827
2026-09-30T07:04:31.786Z,gpu-3uwoq-6g3ya-2,dcgm,gpu2,pcie_tx_bytes,66900
2026-09-30T07:04:31.786Z,gpu-3uwoq-6g3ya-2,dcgm,gpu3,pcie_tx_bytes,69833
2026-09-30T07:04:31.786Z,gpu-3uwoq-6g3ya-2,dcgm,gpu1,pcie_tx_bytes,80261
2026-09-30T07:04:31.786Z,gpu-3uwoq-6g3ya-2,dcgm,gpu0,pcie_tx_bytes,74686
2026-09-30T07:04:31.786Z,gpu-3uwoq-6g3ya-2,dcgm,gpu2,tensor_active,0
2026-09-30T07:04:31.786Z,gpu-3uwoq-6g3ya-2,dcgm,gpu3,tensor_active,0
2026-09-30T07:04:31.786Z,gpu-3uwoq-6g3ya-2,dcgm,gpu1,tensor_active,0
2026-09-30T07:04:31.786Z,gpu-3uwoq-6g3ya-2,dcgm,gpu0,tensor_active,0
2026-09-30T07:04:31.786Z,gpu-3uwoq-6g3ya-2,dcgm,gpu2,sm_active,0
2026-09-30T07:04:31.786Z,gpu-3uwoq-6g3ya-2,dcgm,gpu3,sm_active,0
2026-09-30T07:04:31.786Z,gpu-3uwoq-6g3ya-2,dcgm,gpu1,sm_active,0
2026-09-30T07:04:31.786Z,gpu-3uwoq-6g3ya-2,dcgm,gpu0,sm_active,0
2026-09-30T07:04:31.786Z,gpu-3uwoq-6g3ya-2,nvlink,gpu0,nvlink_rx_bytes,4.80963e+13
2026-09-30T07:04:31.786Z,gpu-3uwoq-6g3ya-2,nvlink,gpu0,nvlink_tx_bytes,4.80995e+13
2026-09-30T07:04:31.786Z,gpu-3uwoq-6g3ya-2,nvlink,gpu1,nvlink_rx_bytes,4.82499e+13
2026-09-30T07:04:31.786Z,gpu-3uwoq-6g3ya-2,nvlink,gpu1,nvlink_tx_bytes,4.8252e+13
2026-09-30T07:04:31.786Z,gpu-3uwoq-6g3ya-2,nvlink,gpu2,nvlink_rx_bytes,4.80847e+13
2026-09-30T07:04:31.786Z,gpu-3uwoq-6g3ya-2,nvlink,gpu2,nvlink_tx_bytes,4.80882e+13
2026-09-30T07:04:31.786Z,gpu-3uwoq-6g3ya-2,nvlink,gpu3,nvlink_rx_bytes,4.80322e+13
2026-09-30T07:04:31.786Z,gpu-3uwoq-6g3ya-2,nvlink,gpu3,nvlink_tx_bytes,4.80353e+13
2026-09-30T07:04:32.786Z,gpu-3uwoq-6g3ya-2,ib_counter,rdma_vf_rail0,port_xmit_data,3.13507e+12
2026-09-30T07:04:32.786Z,gpu-3uwoq-6g3ya-2,ib_counter,rdma_vf_rail0,port_rcv_data,6.09511e+12
2026-09-30T07:04:32.786Z,gpu-3uwoq-6g3ya-2,ib_counter,rdma_vf_rail0,port_xmit_packets,1.06346e+09
2026-09-30T07:04:32.786Z,gpu-3uwoq-6g3ya-2,ib_counter,rdma_vf_rail0,port_rcv_packets,1.69433e+09
2026-09-30T07:04:32.786Z,gpu-3uwoq-6g3ya-2,ib_counter,rdma_vf_rail0,port_xmit_wait,0
2026-09-30T07:04:32.786Z,gpu-3uwoq-6g3ya-2,ib_counter,rdma_vf_rail0,port_rcv_errors,0
2026-09-30T07:04:32.786Z,gpu-3uwoq-6g3ya-2,ib_counter,rdma_vf_rail0,port_xmit_discards,0
2026-09-30T07:04:32.786Z,gpu-3uwoq-6g3ya-2,ib_counter,rdma_vf_rail0,link_downed,0
2026-09-30T07:04:32.786Z,gpu-3uwoq-6g3ya-2,ib_hw_counter,rdma_vf_rail0,out_of_sequence,8
2026-09-30T07:04:32.786Z,gpu-3uwoq-6g3ya-2,ib_hw_counter,rdma_vf_rail0,packet_seq_err,0
2026-09-30T07:04:32.786Z,gpu-3uwoq-6g3ya-2,ib_hw_counter,rdma_vf_rail0,local_ack_timeout_err,0
2026-09-30T07:04:32.786Z,gpu-3uwoq-6g3ya-2,ib_hw_counter,rdma_vf_rail0,rx_write_requests,7.12956e+08
2026-09-30T07:04:32.786Z,gpu-3uwoq-6g3ya-2,ib_hw_counter,rdma_vf_rail0,rx_read_requests,1.33147e+07
2026-09-30T07:04:32.786Z,gpu-3uwoq-6g3ya-2,ib_hw_counter,rdma_vf_rail0,req_cqe_error,0
2026-09-30T07:04:32.786Z,gpu-3uwoq-6g3ya-2,ib_hw_counter,rdma_vf_rail0,resp_cqe_error,0
2026-09-30T07:04:32.786Z,gpu-3uwoq-6g3ya-2,ib_hw_counter,rdma_vf_rail0,implied_nak_seq_err,0
2026-09-30T07:04:32.786Z,gpu-3uwoq-6g3ya-2,ib_hw_counter,rdma_vf_rail0,duplicate_request,0
2026-09-30T07:04:32.786Z,gpu-3uwoq-6g3ya-2,ib_counter,rdma_vf_rail1,port_xmit_data,3.02687e+12
2026-09-30T07:04:32.786Z,gpu-3uwoq-6g3ya-2,ib_counter,rdma_vf_rail1,port_rcv_data,5.987e+12
2026-09-30T07:04:32.786Z,gpu-3uwoq-6g3ya-2,ib_counter,rdma_vf_rail1,port_xmit_packets,1.03075e+09
2026-09-30T07:04:32.786Z,gpu-3uwoq-6g3ya-2,ib_counter,rdma_vf_rail1,port_rcv_packets,1.66181e+09
2026-09-30T07:04:32.786Z,gpu-3uwoq-6g3ya-2,ib_counter,rdma_vf_rail1,port_xmit_wait,0
2026-09-30T07:04:32.786Z,gpu-3uwoq-6g3ya-2,ib_counter,rdma_vf_rail1,port_rcv_errors,0
2026-09-30T07:04:32.786Z,gpu-3uwoq-6g3ya-2,ib_counter,rdma_vf_rail1,port_xmit_discards,0
2026-09-30T07:04:32.786Z,gpu-3uwoq-6g3ya-2,ib_counter,rdma_vf_rail1,link_downed,0
2026-09-30T07:04:32.786Z,gpu-3uwoq-6g3ya-2,ib_hw_counter,rdma_vf_rail1,out_of_sequence,8
2026-09-30T07:04:32.786Z,gpu-3uwoq-6g3ya-2,ib_hw_counter,rdma_vf_rail1,packet_seq_err,0
2026-09-30T07:04:32.786Z,gpu-3uwoq-6g3ya-2,ib_hw_counter,rdma_vf_rail1,local_ack_timeout_err,0
2026-09-30T07:04:32.786Z,gpu-3uwoq-6g3ya-2,ib_hw_counter,rdma_vf_rail1,rx_write_requests,7.11363e+08
2026-09-30T07:04:32.786Z,gpu-3uwoq-6g3ya-2,ib_hw_counter,rdma_vf_rail1,rx_read_requests,1.2514e+07
2026-09-30T07:04:32.786Z,gpu-3uwoq-6g3ya-2,ib_hw_counter,rdma_vf_rail1,req_cqe_error,0
2026-09-30T07:04:32.786Z,gpu-3uwoq-6g3ya-2,ib_hw_counter,rdma_vf_rail1,resp_cqe_error,0
2026-09-30T07:04:32.786Z,gpu-3uwoq-6g3ya-2,ib_hw_counter,rdma_vf_rail1,implied_nak_seq_err,0
2026-09-30T07:04:32.786Z,gpu-3uwoq-6g3ya-2,ib_hw_counter,rdma_vf_rail1,duplicate_request,0
2026-09-30T07:04:32.786Z,gpu-3uwoq-6g3ya-2,ib_counter,rdma_vf_rail2,port_xmit_data,2.9993e+12
2026-09-30T07:04:32.786Z,gpu-3uwoq-6g3ya-2,ib_counter,rdma_vf_rail2,port_rcv_data,5.95874e+12
2026-09-30T07:04:32.786Z,gpu-3uwoq-6g3ya-2,ib_counter,rdma_vf_rail2,port_xmit_packets,1.01306e+09
2026-09-30T07:04:32.786Z,gpu-3uwoq-6g3ya-2,ib_counter,rdma_vf_rail2,port_rcv_packets,1.63786e+09
2026-09-30T07:04:32.786Z,gpu-3uwoq-6g3ya-2,ib_counter,rdma_vf_rail2,port_xmit_wait,0
2026-09-30T07:04:32.786Z,gpu-3uwoq-6g3ya-2,ib_counter,rdma_vf_rail2,port_rcv_errors,0
2026-09-30T07:04:32.786Z,gpu-3uwoq-6g3ya-2,ib_counter,rdma_vf_rail2,port_xmit_discards,0
2026-09-30T07:04:32.786Z,gpu-3uwoq-6g3ya-2,ib_counter,rdma_vf_rail2,link_downed,0
2026-09-30T07:04:32.786Z,gpu-3uwoq-6g3ya-2,ib_hw_counter,rdma_vf_rail2,out_of_sequence,8
2026-09-30T07:04:32.786Z,gpu-3uwoq-6g3ya-2,ib_hw_counter,rdma_vf_rail2,packet_seq_err,0
2026-09-30T07:04:32.786Z,gpu-3uwoq-6g3ya-2,ib_hw_counter,rdma_vf_rail2,local_ack_timeout_err,0
2026-09-30T07:04:32.786Z,gpu-3uwoq-6g3ya-2,ib_hw_counter,rdma_vf_rail2,rx_write_requests,7.1093e+08
2026-09-30T07:04:32.786Z,gpu-3uwoq-6g3ya-2,ib_hw_counter,rdma_vf_rail2,rx_read_requests,1.23061e+07
2026-09-30T07:04:32.786Z,gpu-3uwoq-6g3ya-2,ib_hw_counter,rdma_vf_rail2,req_cqe_error,0
2026-09-30T07:04:32.786Z,gpu-3uwoq-6g3ya-2,ib_hw_counter,rdma_vf_rail2,resp_cqe_error,0
2026-09-30T07:04:32.786Z,gpu-3uwoq-6g3ya-2,ib_hw_counter,rdma_vf_rail2,implied_nak_seq_err,0
2026-09-30T07:04:32.786Z,gpu-3uwoq-6g3ya-2,ib_hw_counter,rdma_vf_rail2,duplicate_request,0
2026-09-30T07:04:32.786Z,gpu-3uwoq-6g3ya-2,ib_counter,rdma_vf_rail3,port_xmit_data,2.99916e+12
2026-09-30T07:04:32.786Z,gpu-3uwoq-6g3ya-2,ib_counter,rdma_vf_rail3,port_rcv_data,5.95935e+12
2026-09-30T07:04:32.786Z,gpu-3uwoq-6g3ya-2,ib_counter,rdma_vf_rail3,port_xmit_packets,1.0114e+09
2026-09-30T07:04:32.786Z,gpu-3uwoq-6g3ya-2,ib_counter,rdma_vf_rail3,port_rcv_packets,1.64526e+09
2026-09-30T07:04:32.786Z,gpu-3uwoq-6g3ya-2,ib_counter,rdma_vf_rail3,port_xmit_wait,0
2026-09-30T07:04:32.786Z,gpu-3uwoq-6g3ya-2,ib_counter,rdma_vf_rail3,port_rcv_errors,0
2026-09-30T07:04:32.786Z,gpu-3uwoq-6g3ya-2,ib_counter,rdma_vf_rail3,port_xmit_discards,0
2026-09-30T07:04:32.786Z,gpu-3uwoq-6g3ya-2,ib_counter,rdma_vf_rail3,link_downed,0
2026-09-30T07:04:32.786Z,gpu-3uwoq-6g3ya-2,ib_hw_counter,rdma_vf_rail3,out_of_sequence,7
2026-09-30T07:04:32.786Z,gpu-3uwoq-6g3ya-2,ib_hw_counter,rdma_vf_rail3,packet_seq_err,1
2026-09-30T07:04:32.786Z,gpu-3uwoq-6g3ya-2,ib_hw_counter,rdma_vf_rail3,local_ack_timeout_err,0
2026-09-30T07:04:32.786Z,gpu-3uwoq-6g3ya-2,ib_hw_counter,rdma_vf_rail3,rx_write_requests,7.1093e+08
2026-09-30T07:04:32.786Z,gpu-3uwoq-6g3ya-2,ib_hw_counter,rdma_vf_rail3,rx_read_requests,1.23061e+07
2026-09-30T07:04:32.786Z,gpu-3uwoq-6g3ya-2,ib_hw_counter,rdma_vf_rail3,req_cqe_error,0
2026-09-30T07:04:32.786Z,gpu-3uwoq-6g3ya-2,ib_hw_counter,rdma_vf_rail3,resp_cqe_error,0
2026-09-30T07:04:32.786Z,gpu-3uwoq-6g3ya-2,ib_hw_counter,rdma_vf_rail3,implied_nak_seq_err,0
2026-09-30T07:04:32.786Z,gpu-3uwoq-6g3ya-2,ib_hw_counter,rdma_vf_rail3,duplicate_request,0
2026-09-30T07:04:32.786Z,gpu-3uwoq-6g3ya-2,dcgm,gpu2,gpu_util,0
2026-09-30T07:04:32.786Z,gpu-3uwoq-6g3ya-2,dcgm,gpu3,gpu_util,0
2026-09-30T07:04:32.786Z,gpu-3uwoq-6g3ya-2,dcgm,gpu1,gpu_util,0
2026-09-30T07:04:32.786Z,gpu-3uwoq-6g3ya-2,dcgm,gpu0,gpu_util,0
2026-09-30T07:04:32.786Z,gpu-3uwoq-6g3ya-2,dcgm,gpu2,nvlink_bandwidth_total,0
2026-09-30T07:04:32.786Z,gpu-3uwoq-6g3ya-2,dcgm,gpu3,nvlink_bandwidth_total,0
2026-09-30T07:04:32.786Z,gpu-3uwoq-6g3ya-2,dcgm,gpu1,nvlink_bandwidth_total,0
2026-09-30T07:04:32.786Z,gpu-3uwoq-6g3ya-2,dcgm,gpu0,nvlink_bandwidth_total,0
2026-09-30T07:04:32.786Z,gpu-3uwoq-6g3ya-2,dcgm,gpu2,power_w,230.685
2026-09-30T07:04:32.786Z,gpu-3uwoq-6g3ya-2,dcgm,gpu3,power_w,234.316
2026-09-30T07:04:32.786Z,gpu-3uwoq-6g3ya-2,dcgm,gpu1,power_w,230
2026-09-30T07:04:32.786Z,gpu-3uwoq-6g3ya-2,dcgm,gpu0,power_w,226.743
2026-09-30T07:04:32.786Z,gpu-3uwoq-6g3ya-2,dcgm,gpu2,sm_clock_mhz,2070
2026-09-30T07:04:32.786Z,gpu-3uwoq-6g3ya-2,dcgm,gpu3,sm_clock_mhz,2070
2026-09-30T07:04:32.786Z,gpu-3uwoq-6g3ya-2,dcgm,gpu1,sm_clock_mhz,2070
2026-09-30T07:04:32.786Z,gpu-3uwoq-6g3ya-2,dcgm,gpu0,sm_clock_mhz,2070
2026-09-30T07:04:32.786Z,gpu-3uwoq-6g3ya-2,dcgm,gpu2,dram_active,0
2026-09-30T07:04:32.786Z,gpu-3uwoq-6g3ya-2,dcgm,gpu3,dram_active,0
2026-09-30T07:04:32.786Z,gpu-3uwoq-6g3ya-2,dcgm,gpu1,dram_active,0
2026-09-30T07:04:32.786Z,gpu-3uwoq-6g3ya-2,dcgm,gpu0,dram_active,0
2026-09-30T07:04:32.786Z,gpu-3uwoq-6g3ya-2,dcgm,gpu2,pcie_rx_bytes,70491
2026-09-30T07:04:32.786Z,gpu-3uwoq-6g3ya-2,dcgm,gpu3,pcie_rx_bytes,72924
2026-09-30T07:04:32.786Z,gpu-3uwoq-6g3ya-2,dcgm,gpu1,pcie_rx_bytes,84384
2026-09-30T07:04:32.786Z,gpu-3uwoq-6g3ya-2,dcgm,gpu0,pcie_rx_bytes,78827
2026-09-30T07:04:32.786Z,gpu-3uwoq-6g3ya-2,dcgm,gpu2,pcie_tx_bytes,66900
2026-09-30T07:04:32.786Z,gpu-3uwoq-6g3ya-2,dcgm,gpu3,pcie_tx_bytes,69833
2026-09-30T07:04:32.786Z,gpu-3uwoq-6g3ya-2,dcgm,gpu1,pcie_tx_bytes,80261
2026-09-30T07:04:32.786Z,gpu-3uwoq-6g3ya-2,dcgm,gpu0,pcie_tx_bytes,74686
2026-09-30T07:04:32.786Z,gpu-3uwoq-6g3ya-2,dcgm,gpu2,tensor_active,0
2026-09-30T07:04:32.786Z,gpu-3uwoq-6g3ya-2,dcgm,gpu3,tensor_active,0
2026-09-30T07:04:32.786Z,gpu-3uwoq-6g3ya-2,dcgm,gpu1,tensor_active,0
2026-09-30T07:04:32.786Z,gpu-3uwoq-6g3ya-2,dcgm,gpu0,tensor_active,0
2026-09-30T07:04:32.786Z,gpu-3uwoq-6g3ya-2,dcgm,gpu2,sm_active,0
2026-09-30T07:04:32.786Z,gpu-3uwoq-6g3ya-2,dcgm,gpu3,sm_active,0
2026-09-30T07:04:32.786Z,gpu-3uwoq-6g3ya-2,dcgm,gpu1,sm_active,0
2026-09-30T07:04:32.786Z,gpu-3uwoq-6g3ya-2,dcgm,gpu0,sm_active,0
2026-09-30T07:04:32.786Z,gpu-3uwoq-6g3ya-2,nvlink,gpu0,nvlink_rx_bytes,4.80963e+13
2026-09-30T07:04:32.786Z,gpu-3uwoq-6g3ya-2,nvlink,gpu0,nvlink_tx_bytes,4.80995e+13
2026-09-30T07:04:32.786Z,gpu-3uwoq-6g3ya-2,nvlink,gpu1,nvlink_rx_bytes,4.82499e+13
2026-09-30T07:04:32.786Z,gpu-3uwoq-6g3ya-2,nvlink,gpu1,nvlink_tx_bytes,4.8252e+13
2026-09-30T07:04:32.786Z,gpu-3uwoq-6g3ya-2,nvlink,gpu2,nvlink_rx_bytes,4.80847e+13
2026-09-30T07:04:32.786Z,gpu-3uwoq-6g3ya-2,nvlink,gpu2,nvlink_tx_bytes,4.80882e+13
2026-09-30T07:04:32.786Z,gpu-3uwoq-6g3ya-2,nvlink,gpu3,nvlink_rx_bytes,4.80322e+13
2026-09-30T07:04:32.786Z,gpu-3uwoq-6g3ya-2,nvlink,gpu3,nvlink_tx_bytes,4.80353e+13
2026-09-30T07:04:33.786Z,gpu-3uwoq-6g3ya-2,ib_counter,rdma_vf_rail0,port_xmit_data,3.13507e+12
2026-09-30T07:04:33.786Z,gpu-3uwoq-6g3ya-2,ib_counter,rdma_vf_rail0,port_rcv_data,6.09511e+12
2026-09-30T07:04:33.786Z,gpu-3uwoq-6g3ya-2,ib_counter,rdma_vf_rail0,port_xmit_packets,1.06346e+09
2026-09-30T07:04:33.786Z,gpu-3uwoq-6g3ya-2,ib_counter,rdma_vf_rail0,port_rcv_packets,1.69433e+09
2026-09-30T07:04:33.786Z,gpu-3uwoq-6g3ya-2,ib_counter,rdma_vf_rail0,port_xmit_wait,0
2026-09-30T07:04:33.786Z,gpu-3uwoq-6g3ya-2,ib_counter,rdma_vf_rail0,port_rcv_errors,0
2026-09-30T07:04:33.786Z,gpu-3uwoq-6g3ya-2,ib_counter,rdma_vf_rail0,port_xmit_discards,0
2026-09-30T07:04:33.786Z,gpu-3uwoq-6g3ya-2,ib_counter,rdma_vf_rail0,link_downed,0
2026-09-30T07:04:33.786Z,gpu-3uwoq-6g3ya-2,ib_hw_counter,rdma_vf_rail0,out_of_sequence,8
2026-09-30T07:04:33.786Z,gpu-3uwoq-6g3ya-2,ib_hw_counter,rdma_vf_rail0,packet_seq_err,0
2026-09-30T07:04:33.786Z,gpu-3uwoq-6g3ya-2,ib_hw_counter,rdma_vf_rail0,local_ack_timeout_err,0
2026-09-30T07:04:33.786Z,gpu-3uwoq-6g3ya-2,ib_hw_counter,rdma_vf_rail0,rx_write_requests,7.12956e+08
2026-09-30T07:04:33.786Z,gpu-3uwoq-6g3ya-2,ib_hw_counter,rdma_vf_rail0,rx_read_requests,1.33147e+07
2026-09-30T07:04:33.786Z,gpu-3uwoq-6g3ya-2,ib_hw_counter,rdma_vf_rail0,req_cqe_error,0
2026-09-30T07:04:33.786Z,gpu-3uwoq-6g3ya-2,ib_hw_counter,rdma_vf_rail0,resp_cqe_error,0
2026-09-30T07:04:33.786Z,gpu-3uwoq-6g3ya-2,ib_hw_counter,rdma_vf_rail0,implied_nak_seq_err,0
2026-09-30T07:04:33.786Z,gpu-3uwoq-6g3ya-2,ib_hw_counter,rdma_vf_rail0,duplicate_request,0
2026-09-30T07:04:33.786Z,gpu-3uwoq-6g3ya-2,ib_counter,rdma_vf_rail1,port_xmit_data,3.02687e+12
2026-09-30T07:04:33.786Z,gpu-3uwoq-6g3ya-2,ib_counter,rdma_vf_rail1,port_rcv_data,5.987e+12
2026-09-30T07:04:33.786Z,gpu-3uwoq-6g3ya-2,ib_counter,rdma_vf_rail1,port_xmit_packets,1.03075e+09
2026-09-30T07:04:33.786Z,gpu-3uwoq-6g3ya-2,ib_counter,rdma_vf_rail1,port_rcv_packets,1.66181e+09
2026-09-30T07:04:33.786Z,gpu-3uwoq-6g3ya-2,ib_counter,rdma_vf_rail1,port_xmit_wait,0
2026-09-30T07:04:33.786Z,gpu-3uwoq-6g3ya-2,ib_counter,rdma_vf_rail1,port_rcv_errors,0
2026-09-30T07:04:33.786Z,gpu-3uwoq-6g3ya-2,ib_counter,rdma_vf_rail1,port_xmit_discards,0
2026-09-30T07:04:33.786Z,gpu-3uwoq-6g3ya-2,ib_counter,rdma_vf_rail1,link_downed,0
2026-09-30T07:04:33.786Z,gpu-3uwoq-6g3ya-2,ib_hw_counter,rdma_vf_rail1,out_of_sequence,8
2026-09-30T07:04:33.786Z,gpu-3uwoq-6g3ya-2,ib_hw_counter,rdma_vf_rail1,packet_seq_err,0
2026-09-30T07:04:33.786Z,gpu-3uwoq-6g3ya-2,ib_hw_counter,rdma_vf_rail1,local_ack_timeout_err,0
2026-09-30T07:04:33.786Z,gpu-3uwoq-6g3ya-2,ib_hw_counter,rdma_vf_rail1,rx_write_requests,7.11363e+08
2026-09-30T07:04:33.786Z,gpu-3uwoq-6g3ya-2,ib_hw_counter,rdma_vf_rail1,rx_read_requests,1.2514e+07
2026-09-30T07:04:33.786Z,gpu-3uwoq-6g3ya-2,ib_hw_counter,rdma_vf_rail1,req_cqe_error,0
2026-09-30T07:04:33.786Z,gpu-3uwoq-6g3ya-2,ib_hw_counter,rdma_vf_rail1,resp_cqe_error,0
2026-09-30T07:04:33.786Z,gpu-3uwoq-6g3ya-2,ib_hw_counter,rdma_vf_rail1,implied_nak_seq_err,0
2026-09-30T07:04:33.786Z,gpu-3uwoq-6g3ya-2,ib_hw_counter,rdma_vf_rail1,duplicate_request,0
2026-09-30T07:04:33.786Z,gpu-3uwoq-6g3ya-2,ib_counter,rdma_vf_rail2,port_xmit_data,2.9993e+12
2026-09-30T07:04:33.786Z,gpu-3uwoq-6g3ya-2,ib_counter,rdma_vf_rail2,port_rcv_data,5.95874e+12
2026-09-30T07:04:33.786Z,gpu-3uwoq-6g3ya-2,ib_counter,rdma_vf_rail2,port_xmit_packets,1.01306e+09
2026-09-30T07:04:33.786Z,gpu-3uwoq-6g3ya-2,ib_counter,rdma_vf_rail2,port_rcv_packets,1.63786e+09
2026-09-30T07:04:33.786Z,gpu-3uwoq-6g3ya-2,ib_counter,rdma_vf_rail2,port_xmit_wait,0
2026-09-30T07:04:33.786Z,gpu-3uwoq-6g3ya-2,ib_counter,rdma_vf_rail2,port_rcv_errors,0
2026-09-30T07:04:33.786Z,gpu-3uwoq-6g3ya-2,ib_counter,rdma_vf_rail2,port_xmit_discards,0
2026-09-30T07:04:33.786Z,gpu-3uwoq-6g3ya-2,ib_counter,rdma_vf_rail2,link_downed,0
2026-09-30T07:04:33.786Z,gpu-3uwoq-6g3ya-2,ib_hw_counter,rdma_vf_rail2,out_of_sequence,8
2026-09-30T07:04:33.786Z,gpu-3uwoq-6g3ya-2,ib_hw_counter,rdma_vf_rail2,packet_seq_err,0
2026-09-30T07:04:33.786Z,gpu-3uwoq-6g3ya-2,ib_hw_counter,rdma_vf_rail2,local_ack_timeout_err,0
2026-09-30T07:04:33.786Z,gpu-3uwoq-6g3ya-2,ib_hw_counter,rdma_vf_rail2,rx_write_requests,7.1093e+08
2026-09-30T07:04:33.786Z,gpu-3uwoq-6g3ya-2,ib_hw_counter,rdma_vf_rail2,rx_read_requests,1.23061e+07
2026-09-30T07:04:33.786Z,gpu-3uwoq-6g3ya-2,ib_hw_counter,rdma_vf_rail2,req_cqe_error,0
2026-09-30T07:04:33.786Z,gpu-3uwoq-6g3ya-2,ib_hw_counter,rdma_vf_rail2,resp_cqe_error,0
2026-09-30T07:04:33.786Z,gpu-3uwoq-6g3ya-2,ib_hw_counter,rdma_vf_rail2,implied_nak_seq_err,0
2026-09-30T07:04:33.786Z,gpu-3uwoq-6g3ya-2,ib_hw_counter,rdma_vf_rail2,duplicate_request,0
2026-09-30T07:04:33.786Z,gpu-3uwoq-6g3ya-2,ib_counter,rdma_vf_rail3,port_xmit_data,2.99916e+12
2026-09-30T07:04:33.786Z,gpu-3uwoq-6g3ya-2,ib_counter,rdma_vf_rail3,port_rcv_data,5.95935e+12
2026-09-30T07:04:33.786Z,gpu-3uwoq-6g3ya-2,ib_counter,rdma_vf_rail3,port_xmit_packets,1.0114e+09
2026-09-30T07:04:33.786Z,gpu-3uwoq-6g3ya-2,ib_counter,rdma_vf_rail3,port_rcv_packets,1.64526e+09
2026-09-30T07:04:33.786Z,gpu-3uwoq-6g3ya-2,ib_counter,rdma_vf_rail3,port_xmit_wait,0
2026-09-30T07:04:33.786Z,gpu-3uwoq-6g3ya-2,ib_counter,rdma_vf_rail3,port_rcv_errors,0
2026-09-30T07:04:33.786Z,gpu-3uwoq-6g3ya-2,ib_counter,rdma_vf_rail3,port_xmit_discards,0
2026-09-30T07:04:33.786Z,gpu-3uwoq-6g3ya-2,ib_counter,rdma_vf_rail3,link_downed,0
2026-09-30T07:04:33.786Z,gpu-3uwoq-6g3ya-2,ib_hw_counter,rdma_vf_rail3,out_of_sequence,7
2026-09-30T07:04:33.786Z,gpu-3uwoq-6g3ya-2,ib_hw_counter,rdma_vf_rail3,packet_seq_err,1
2026-09-30T07:04:33.786Z,gpu-3uwoq-6g3ya-2,ib_hw_counter,rdma_vf_rail3,local_ack_timeout_err,0
2026-09-30T07:04:33.786Z,gpu-3uwoq-6g3ya-2,ib_hw_counter,rdma_vf_rail3,rx_write_requests,7.1093e+08
2026-09-30T07:04:33.786Z,gpu-3uwoq-6g3ya-2,ib_hw_counter,rdma_vf_rail3,rx_read_requests,1.23061e+07
2026-09-30T07:04:33.786Z,gpu-3uwoq-6g3ya-2,ib_hw_counter,rdma_vf_rail3,req_cqe_error,0
2026-09-30T07:04:33.786Z,gpu-3uwoq-6g3ya-2,ib_hw_counter,rdma_vf_rail3,resp_cqe_error,0
2026-09-30T07:04:33.786Z,gpu-3uwoq-6g3ya-2,ib_hw_counter,rdma_vf_rail3,implied_nak_seq_err,0
2026-09-30T07:04:33.786Z,gpu-3uwoq-6g3ya-2,ib_hw_counter,rdma_vf_rail3,duplicate_request,0
2026-09-30T07:04:33.786Z,gpu-3uwoq-6g3ya-2,dcgm,gpu2,gpu_util,0
2026-09-30T07:04:33.786Z,gpu-3uwoq-6g3ya-2,dcgm,gpu3,gpu_util,0
2026-09-30T07:04:33.786Z,gpu-3uwoq-6g3ya-2,dcgm,gpu1,gpu_util,0
2026-09-30T07:04:33.786Z,gpu-3uwoq-6g3ya-2,dcgm,gpu0,gpu_util,0
2026-09-30T07:04:33.786Z,gpu-3uwoq-6g3ya-2,dcgm,gpu2,nvlink_bandwidth_total,0
2026-09-30T07:04:33.786Z,gpu-3uwoq-6g3ya-2,dcgm,gpu3,nvlink_bandwidth_total,0
2026-09-30T07:04:33.786Z,gpu-3uwoq-6g3ya-2,dcgm,gpu1,nvlink_bandwidth_total,0
2026-09-30T07:04:33.786Z,gpu-3uwoq-6g3ya-2,dcgm,gpu0,nvlink_bandwidth_total,0
2026-09-30T07:04:33.786Z,gpu-3uwoq-6g3ya-2,dcgm,gpu2,power_w,230.685
2026-09-30T07:04:33.786Z,gpu-3uwoq-6g3ya-2,dcgm,gpu3,power_w,234.316
2026-09-30T07:04:33.786Z,gpu-3uwoq-6g3ya-2,dcgm,gpu1,power_w,230
2026-09-30T07:04:33.786Z,gpu-3uwoq-6g3ya-2,dcgm,gpu0,power_w,226.743
2026-09-30T07:04:33.786Z,gpu-3uwoq-6g3ya-2,dcgm,gpu2,sm_clock_mhz,2070
2026-09-30T07:04:33.786Z,gpu-3uwoq-6g3ya-2,dcgm,gpu3,sm_clock_mhz,2070
2026-09-30T07:04:33.786Z,gpu-3uwoq-6g3ya-2,dcgm,gpu1,sm_clock_mhz,2070
2026-09-30T07:04:33.786Z,gpu-3uwoq-6g3ya-2,dcgm,gpu0,sm_clock_mhz,2070
2026-09-30T07:04:33.786Z,gpu-3uwoq-6g3ya-2,dcgm,gpu2,dram_active,0
2026-09-30T07:04:33.786Z,gpu-3uwoq-6g3ya-2,dcgm,gpu3,dram_active,0
2026-09-30T07:04:33.786Z,gpu-3uwoq-6g3ya-2,dcgm,gpu1,dram_active,0
2026-09-30T07:04:33.786Z,gpu-3uwoq-6g3ya-2,dcgm,gpu0,dram_active,0
2026-09-30T07:04:33.786Z,gpu-3uwoq-6g3ya-2,dcgm,gpu2,pcie_rx_bytes,70491
2026-09-30T07:04:33.786Z,gpu-3uwoq-6g3ya-2,dcgm,gpu3,pcie_rx_bytes,72924
2026-09-30T07:04:33.786Z,gpu-3uwoq-6g3ya-2,dcgm,gpu1,pcie_rx_bytes,84384
2026-09-30T07:04:33.786Z,gpu-3uwoq-6g3ya-2,dcgm,gpu0,pcie_rx_bytes,78827
2026-09-30T07:04:33.786Z,gpu-3uwoq-6g3ya-2,dcgm,gpu2,pcie_tx_bytes,66900
2026-09-30T07:04:33.786Z,gpu-3uwoq-6g3ya-2,dcgm,gpu3,pcie_tx_bytes,69833
2026-09-30T07:04:33.786Z,gpu-3uwoq-6g3ya-2,dcgm,gpu1,pcie_tx_bytes,80261
2026-09-30T07:04:33.786Z,gpu-3uwoq-6g3ya-2,dcgm,gpu0,pcie_tx_bytes,74686
2026-09-30T07:04:33.786Z,gpu-3uwoq-6g3ya-2,dcgm,gpu2,tensor_active,0
2026-09-30T07:04:33.786Z,gpu-3uwoq-6g3ya-2,dcgm,gpu3,tensor_active,0
2026-09-30T07:04:33.786Z,gpu-3uwoq-6g3ya-2,dcgm,gpu1,tensor_active,0
2026-09-30T07:04:33.786Z,gpu-3uwoq-6g3ya-2,dcgm,gpu0,tensor_active,0
2026-09-30T07:04:33.786Z,gpu-3uwoq-6g3ya-2,dcgm,gpu2,sm_active,0
2026-09-30T07:04:33.786Z,gpu-3uwoq-6g3ya-2,dcgm,gpu3,sm_active,0
2026-09-30T07:04:33.786Z,gpu-3uwoq-6g3ya-2,dcgm,gpu1,sm_active,0
2026-09-30T07:04:33.786Z,gpu-3uwoq-6g3ya-2,dcgm,gpu0,sm_active,0
2026-09-30T07:04:33.786Z,gpu-3uwoq-6g3ya-2,nvlink,gpu0,nvlink_rx_bytes,4.80963e+13
2026-09-30T07:04:33.786Z,gpu-3uwoq-6g3ya-2,nvlink,gpu0,nvlink_tx_bytes,4.80995e+13
2026-09-30T07:04:33.786Z,gpu-3uwoq-6g3ya-2,nvlink,gpu1,nvlink_rx_bytes,4.82499e+13
2026-09-30T07:04:33.786Z,gpu-3uwoq-6g3ya-2,nvlink,gpu1,nvlink_tx_bytes,4.8252e+13
2026-09-30T07:04:33.786Z,gpu-3uwoq-6g3ya-2,nvlink,gpu2,nvlink_rx_bytes,4.80847e+13
2026-09-30T07:04:33.786Z,gpu-3uwoq-6g3ya-2,nvlink,gpu2,nvlink_tx_bytes,4.80882e+13
2026-09-30T07:04:33.786Z,gpu-3uwoq-6g3ya-2,nvlink,gpu3,nvlink_rx_bytes,4.80322e+13
2026-09-30T07:04:33.786Z,gpu-3uwoq-6g3ya-2,nvlink,gpu3,nvlink_tx_bytes,4.80353e+13
2026-09-30T07:04:34.786Z,gpu-3uwoq-6g3ya-2,ib_counter,rdma_vf_rail0,port_xmit_data,3.13507e+12
2026-09-30T07:04:34.786Z,gpu-3uwoq-6g3ya-2,ib_counter,rdma_vf_rail0,port_rcv_data,6.09511e+12
2026-09-30T07:04:34.786Z,gpu-3uwoq-6g3ya-2,ib_counter,rdma_vf_rail0,port_xmit_packets,1.06346e+09
2026-09-30T07:04:34.786Z,gpu-3uwoq-6g3ya-2,ib_counter,rdma_vf_rail0,port_rcv_packets,1.69433e+09
2026-09-30T07:04:34.786Z,gpu-3uwoq-6g3ya-2,ib_counter,rdma_vf_rail0,port_xmit_wait,0
2026-09-30T07:04:34.786Z,gpu-3uwoq-6g3ya-2,ib_counter,rdma_vf_rail0,port_rcv_errors,0
2026-09-30T07:04:34.786Z,gpu-3uwoq-6g3ya-2,ib_counter,rdma_vf_rail0,port_xmit_discards,0
2026-09-30T07:04:34.786Z,gpu-3uwoq-6g3ya-2,ib_counter,rdma_vf_rail0,link_downed,0
2026-09-30T07:04:34.786Z,gpu-3uwoq-6g3ya-2,ib_hw_counter,rdma_vf_rail0,out_of_sequence,8
2026-09-30T07:04:34.786Z,gpu-3uwoq-6g3ya-2,ib_hw_counter,rdma_vf_rail0,packet_seq_err,0
2026-09-30T07:04:34.786Z,gpu-3uwoq-6g3ya-2,ib_hw_counter,rdma_vf_rail0,local_ack_timeout_err,0
2026-09-30T07:04:34.786Z,gpu-3uwoq-6g3ya-2,ib_hw_counter,rdma_vf_rail0,rx_write_requests,7.12956e+08
2026-09-30T07:04:34.786Z,gpu-3uwoq-6g3ya-2,ib_hw_counter,rdma_vf_rail0,rx_read_requests,1.33147e+07
2026-09-30T07:04:34.786Z,gpu-3uwoq-6g3ya-2,ib_hw_counter,rdma_vf_rail0,req_cqe_error,0
2026-09-30T07:04:34.786Z,gpu-3uwoq-6g3ya-2,ib_hw_counter,rdma_vf_rail0,resp_cqe_error,0
2026-09-30T07:04:34.786Z,gpu-3uwoq-6g3ya-2,ib_hw_counter,rdma_vf_rail0,implied_nak_seq_err,0
2026-09-30T07:04:34.786Z,gpu-3uwoq-6g3ya-2,ib_hw_counter,rdma_vf_rail0,duplicate_request,0
2026-09-30T07:04:34.786Z,gpu-3uwoq-6g3ya-2,ib_counter,rdma_vf_rail1,port_xmit_data,3.02687e+12
2026-09-30T07:04:34.786Z,gpu-3uwoq-6g3ya-2,ib_counter,rdma_vf_rail1,port_rcv_data,5.987e+12
2026-09-30T07:04:34.786Z,gpu-3uwoq-6g3ya-2,ib_counter,rdma_vf_rail1,port_xmit_packets,1.03075e+09
2026-09-30T07:04:34.786Z,gpu-3uwoq-6g3ya-2,ib_counter,rdma_vf_rail1,port_rcv_packets,1.66181e+09
2026-09-30T07:04:34.786Z,gpu-3uwoq-6g3ya-2,ib_counter,rdma_vf_rail1,port_xmit_wait,0
2026-09-30T07:04:34.786Z,gpu-3uwoq-6g3ya-2,ib_counter,rdma_vf_rail1,port_rcv_errors,0
2026-09-30T07:04:34.786Z,gpu-3uwoq-6g3ya-2,ib_counter,rdma_vf_rail1,port_xmit_discards,0
2026-09-30T07:04:34.786Z,gpu-3uwoq-6g3ya-2,ib_counter,rdma_vf_rail1,link_downed,0
2026-09-30T07:04:34.786Z,gpu-3uwoq-6g3ya-2,ib_hw_counter,rdma_vf_rail1,out_of_sequence,8
2026-09-30T07:04:34.786Z,gpu-3uwoq-6g3ya-2,ib_hw_counter,rdma_vf_rail1,packet_seq_err,0
2026-09-30T07:04:34.786Z,gpu-3uwoq-6g3ya-2,ib_hw_counter,rdma_vf_rail1,local_ack_timeout_err,0
2026-09-30T07:04:34.786Z,gpu-3uwoq-6g3ya-2,ib_hw_counter,rdma_vf_rail1,rx_write_requests,7.11363e+08
2026-09-30T07:04:34.786Z,gpu-3uwoq-6g3ya-2,ib_hw_counter,rdma_vf_rail1,rx_read_requests,1.2514e+07
2026-09-30T07:04:34.786Z,gpu-3uwoq-6g3ya-2,ib_hw_counter,rdma_vf_rail1,req_cqe_error,0
2026-09-30T07:04:34.786Z,gpu-3uwoq-6g3ya-2,ib_hw_counter,rdma_vf_rail1,resp_cqe_error,0
2026-09-30T07:04:34.786Z,gpu-3uwoq-6g3ya-2,ib_hw_counter,rdma_vf_rail1,implied_nak_seq_err,0
2026-09-30T07:04:34.786Z,gpu-3uwoq-6g3ya-2,ib_hw_counter,rdma_vf_rail1,duplicate_request,0
2026-09-30T07:04:34.786Z,gpu-3uwoq-6g3ya-2,ib_counter,rdma_vf_rail2,port_xmit_data,2.9993e+12
2026-09-30T07:04:34.786Z,gpu-3uwoq-6g3ya-2,ib_counter,rdma_vf_rail2,port_rcv_data,5.95874e+12
2026-09-30T07:04:34.786Z,gpu-3uwoq-6g3ya-2,ib_counter,rdma_vf_rail2,port_xmit_packets,1.01306e+09
2026-09-30T07:04:34.786Z,gpu-3uwoq-6g3ya-2,ib_counter,rdma_vf_rail2,port_rcv_packets,1.63786e+09
2026-09-30T07:04:34.786Z,gpu-3uwoq-6g3ya-2,ib_counter,rdma_vf_rail2,port_xmit_wait,0
2026-09-30T07:04:34.786Z,gpu-3uwoq-6g3ya-2,ib_counter,rdma_vf_rail2,port_rcv_errors,0
2026-09-30T07:04:34.786Z,gpu-3uwoq-6g3ya-2,ib_counter,rdma_vf_rail2,port_xmit_discards,0
2026-09-30T07:04:34.786Z,gpu-3uwoq-6g3ya-2,ib_counter,rdma_vf_rail2,link_downed,0
2026-09-30T07:04:34.786Z,gpu-3uwoq-6g3ya-2,ib_hw_counter,rdma_vf_rail2,out_of_sequence,8
2026-09-30T07:04:34.786Z,gpu-3uwoq-6g3ya-2,ib_hw_counter,rdma_vf_rail2,packet_seq_err,0
2026-09-30T07:04:34.786Z,gpu-3uwoq-6g3ya-2,ib_hw_counter,rdma_vf_rail2,local_ack_timeout_err,0
2026-09-30T07:04:34.786Z,gpu-3uwoq-6g3ya-2,ib_hw_counter,rdma_vf_rail2,rx_write_requests,7.1093e+08
2026-09-30T07:04:34.786Z,gpu-3uwoq-6g3ya-2,ib_hw_counter,rdma_vf_rail2,rx_read_requests,1.23061e+07
2026-09-30T07:04:34.786Z,gpu-3uwoq-6g3ya-2,ib_hw_counter,rdma_vf_rail2,req_cqe_error,0
2026-09-30T07:04:34.786Z,gpu-3uwoq-6g3ya-2,ib_hw_counter,rdma_vf_rail2,resp_cqe_error,0
2026-09-30T07:04:34.786Z,gpu-3uwoq-6g3ya-2,ib_hw_counter,rdma_vf_rail2,implied_nak_seq_err,0
2026-09-30T07:04:34.786Z,gpu-3uwoq-6g3ya-2,ib_hw_counter,rdma_vf_rail2,duplicate_request,0
2026-09-30T07:04:34.786Z,gpu-3uwoq-6g3ya-2,ib_counter,rdma_vf_rail3,port_xmit_data,2.99916e+12
2026-09-30T07:04:34.786Z,gpu-3uwoq-6g3ya-2,ib_counter,rdma_vf_rail3,port_rcv_data,5.95935e+12
2026-09-30T07:04:34.786Z,gpu-3uwoq-6g3ya-2,ib_counter,rdma_vf_rail3,port_xmit_packets,1.0114e+09
2026-09-30T07:04:34.786Z,gpu-3uwoq-6g3ya-2,ib_counter,rdma_vf_rail3,port_rcv_packets,1.64526e+09
2026-09-30T07:04:34.786Z,gpu-3uwoq-6g3ya-2,ib_counter,rdma_vf_rail3,port_xmit_wait,0
2026-09-30T07:04:34.786Z,gpu-3uwoq-6g3ya-2,ib_counter,rdma_vf_rail3,port_rcv_errors,0
2026-09-30T07:04:34.786Z,gpu-3uwoq-6g3ya-2,ib_counter,rdma_vf_rail3,port_xmit_discards,0
2026-09-30T07:04:34.786Z,gpu-3uwoq-6g3ya-2,ib_counter,rdma_vf_rail3,link_downed,0
2026-09-30T07:04:34.786Z,gpu-3uwoq-6g3ya-2,ib_hw_counter,rdma_vf_rail3,out_of_sequence,7
2026-09-30T07:04:34.786Z,gpu-3uwoq-6g3ya-2,ib_hw_counter,rdma_vf_rail3,packet_seq_err,1
2026-09-30T07:04:34.786Z,gpu-3uwoq-6g3ya-2,ib_hw_counter,rdma_vf_rail3,local_ack_timeout_err,0
2026-09-30T07:04:34.786Z,gpu-3uwoq-6g3ya-2,ib_hw_counter,rdma_vf_rail3,rx_write_requests,7.1093e+08
2026-09-30T07:04:34.786Z,gpu-3uwoq-6g3ya-2,ib_hw_counter,rdma_vf_rail3,rx_read_requests,1.23061e+07
2026-09-30T07:04:34.786Z,gpu-3uwoq-6g3ya-2,ib_hw_counter,rdma_vf_rail3,req_cqe_error,0
2026-09-30T07:04:34.786Z,gpu-3uwoq-6g3ya-2,ib_hw_counter,rdma_vf_rail3,resp_cqe_error,0
2026-09-30T07:04:34.786Z,gpu-3uwoq-6g3ya-2,ib_hw_counter,rdma_vf_rail3,implied_nak_seq_err,0
2026-09-30T07:04:34.786Z,gpu-3uwoq-6g3ya-2,ib_hw_counter,rdma_vf_rail3,duplicate_request,0
2026-09-30T07:04:34.786Z,gpu-3uwoq-6g3ya-2,dcgm,gpu2,gpu_util,0
2026-09-30T07:04:34.786Z,gpu-3uwoq-6g3ya-2,dcgm,gpu3,gpu_util,0
2026-09-30T07:04:34.786Z,gpu-3uwoq-6g3ya-2,dcgm,gpu1,gpu_util,0
2026-09-30T07:04:34.786Z,gpu-3uwoq-6g3ya-2,dcgm,gpu0,gpu_util,0
2026-09-30T07:04:34.786Z,gpu-3uwoq-6g3ya-2,dcgm,gpu2,nvlink_bandwidth_total,0
2026-09-30T07:04:34.786Z,gpu-3uwoq-6g3ya-2,dcgm,gpu3,nvlink_bandwidth_total,0
2026-09-30T07:04:34.786Z,gpu-3uwoq-6g3ya-2,dcgm,gpu1,nvlink_bandwidth_total,0
2026-09-30T07:04:34.786Z,gpu-3uwoq-6g3ya-2,dcgm,gpu0,nvlink_bandwidth_total,0
2026-09-30T07:04:34.786Z,gpu-3uwoq-6g3ya-2,dcgm,gpu2,power_w,230.685
2026-09-30T07:04:34.786Z,gpu-3uwoq-6g3ya-2,dcgm,gpu3,power_w,234.316
2026-09-30T07:04:34.786Z,gpu-3uwoq-6g3ya-2,dcgm,gpu1,power_w,230
2026-09-30T07:04:34.786Z,gpu-3uwoq-6g3ya-2,dcgm,gpu0,power_w,226.743
2026-09-30T07:04:34.786Z,gpu-3uwoq-6g3ya-2,dcgm,gpu2,sm_clock_mhz,2070
2026-09-30T07:04:34.786Z,gpu-3uwoq-6g3ya-2,dcgm,gpu3,sm_clock_mhz,2070
2026-09-30T07:04:34.786Z,gpu-3uwoq-6g3ya-2,dcgm,gpu1,sm_clock_mhz,2070
2026-09-30T07:04:34.786Z,gpu-3uwoq-6g3ya-2,dcgm,gpu0,sm_clock_mhz,2070
2026-09-30T07:04:34.786Z,gpu-3uwoq-6g3ya-2,dcgm,gpu2,dram_active,0
2026-09-30T07:04:34.786Z,gpu-3uwoq-6g3ya-2,dcgm,gpu3,dram_active,0
2026-09-30T07:04:34.786Z,gpu-3uwoq-6g3ya-2,dcgm,gpu1,dram_active,0
2026-09-30T07:04:34.786Z,gpu-3uwoq-6g3ya-2,dcgm,gpu0,dram_active,0
2026-09-30T07:04:34.786Z,gpu-3uwoq-6g3ya-2,dcgm,gpu2,pcie_rx_bytes,70491
2026-09-30T07:04:34.786Z,gpu-3uwoq-6g3ya-2,dcgm,gpu3,pcie_rx_bytes,72924
2026-09-30T07:04:34.786Z,gpu-3uwoq-6g3ya-2,dcgm,gpu1,pcie_rx_bytes,84384
2026-09-30T07:04:34.786Z,gpu-3uwoq-6g3ya-2,dcgm,gpu0,pcie_rx_bytes,78827
2026-09-30T07:04:34.786Z,gpu-3uwoq-6g3ya-2,dcgm,gpu2,pcie_tx_bytes,66900
2026-09-30T07:04:34.786Z,gpu-3uwoq-6g3ya-2,dcgm,gpu3,pcie_tx_bytes,69833
2026-09-30T07:04:34.786Z,gpu-3uwoq-6g3ya-2,dcgm,gpu1,pcie_tx_bytes,80261
2026-09-30T07:04:34.786Z,gpu-3uwoq-6g3ya-2,dcgm,gpu0,pcie_tx_bytes,74686
2026-09-30T07:04:34.786Z,gpu-3uwoq-6g3ya-2,dcgm,gpu2,tensor_active,0
2026-09-30T07:04:34.786Z,gpu-3uwoq-6g3ya-2,dcgm,gpu3,tensor_active,0
2026-09-30T07:04:34.786Z,gpu-3uwoq-6g3ya-2,dcgm,gpu1,tensor_active,0
2026-09-30T07:04:34.786Z,gpu-3uwoq-6g3ya-2,dcgm,gpu0,tensor_active,0
2026-09-30T07:04:34.786Z,gpu-3uwoq-6g3ya-2,dcgm,gpu2,sm_active,0
2026-09-30T07:04:34.786Z,gpu-3uwoq-6g3ya-2,dcgm,gpu3,sm_active,0
2026-09-30T07:04:34.786Z,gpu-3uwoq-6g3ya-2,dcgm,gpu1,sm_active,0
2026-09-30T07:04:34.786Z,gpu-3uwoq-6g3ya-2,dcgm,gpu0,sm_active,0
2026-09-30T07:04:34.786Z,gpu-3uwoq-6g3ya-2,nvlink,gpu0,nvlink_rx_bytes,4.80963e+13
2026-09-30T07:04:34.786Z,gpu-3uwoq-6g3ya-2,nvlink,gpu0,nvlink_tx_bytes,4.80995e+13
2026-09-30T07:04:34.786Z,gpu-3uwoq-6g3ya-2,nvlink,gpu1,nvlink_rx_bytes,4.82499e+13
2026-09-30T07:04:34.786Z,gpu-3uwoq-6g3ya-2,nvlink,gpu1,nvlink_tx_bytes,4.8252e+13
2026-09-30T07:04:34.786Z,gpu-3uwoq-6g3ya-2,nvlink,gpu2,nvlink_rx_bytes,4.80847e+13
2026-09-30T07:04:34.786Z,gpu-3uwoq-6g3ya-2,nvlink,gpu2,nvlink_tx_bytes,4.80882e+13
2026-09-30T07:04:34.786Z,gpu-3uwoq-6g3ya-2,nvlink,gpu3,nvlink_rx_bytes,4.80322e+13
2026-09-30T07:04:34.786Z,gpu-3uwoq-6g3ya-2,nvlink,gpu3,nvlink_tx_bytes,4.80353e+13
2026-09-30T07:04:35.786Z,gpu-3uwoq-6g3ya-2,ib_counter,rdma_vf_rail0,port_xmit_data,3.13507e+12
2026-09-30T07:04:35.786Z,gpu-3uwoq-6g3ya-2,ib_counter,rdma_vf_rail0,port_rcv_data,6.09511e+12
2026-09-30T07:04:35.786Z,gpu-3uwoq-6g3ya-2,ib_counter,rdma_vf_rail0,port_xmit_packets,1.06346e+09
2026-09-30T07:04:35.786Z,gpu-3uwoq-6g3ya-2,ib_counter,rdma_vf_rail0,port_rcv_packets,1.69433e+09
2026-09-30T07:04:35.786Z,gpu-3uwoq-6g3ya-2,ib_counter,rdma_vf_rail0,port_xmit_wait,0
2026-09-30T07:04:35.786Z,gpu-3uwoq-6g3ya-2,ib_counter,rdma_vf_rail0,port_rcv_errors,0
2026-09-30T07:04:35.786Z,gpu-3uwoq-6g3ya-2,ib_counter,rdma_vf_rail0,port_xmit_discards,0
2026-09-30T07:04:35.786Z,gpu-3uwoq-6g3ya-2,ib_counter,rdma_vf_rail0,link_downed,0
2026-09-30T07:04:35.786Z,gpu-3uwoq-6g3ya-2,ib_hw_counter,rdma_vf_rail0,out_of_sequence,8
2026-09-30T07:04:35.786Z,gpu-3uwoq-6g3ya-2,ib_hw_counter,rdma_vf_rail0,packet_seq_err,0
2026-09-30T07:04:35.786Z,gpu-3uwoq-6g3ya-2,ib_hw_counter,rdma_vf_rail0,local_ack_timeout_err,0
2026-09-30T07:04:35.786Z,gpu-3uwoq-6g3ya-2,ib_hw_counter,rdma_vf_rail0,rx_write_requests,7.12956e+08
2026-09-30T07:04:35.786Z,gpu-3uwoq-6g3ya-2,ib_hw_counter,rdma_vf_rail0,rx_read_requests,1.33147e+07
2026-09-30T07:04:35.786Z,gpu-3uwoq-6g3ya-2,ib_hw_counter,rdma_vf_rail0,req_cqe_error,0
2026-09-30T07:04:35.786Z,gpu-3uwoq-6g3ya-2,ib_hw_counter,rdma_vf_rail0,resp_cqe_error,0
2026-09-30T07:04:35.786Z,gpu-3uwoq-6g3ya-2,ib_hw_counter,rdma_vf_rail0,implied_nak_seq_err,0
2026-09-30T07:04:35.786Z,gpu-3uwoq-6g3ya-2,ib_hw_counter,rdma_vf_rail0,duplicate_request,0
2026-09-30T07:04:35.786Z,gpu-3uwoq-6g3ya-2,ib_counter,rdma_vf_rail1,port_xmit_data,3.02687e+12
2026-09-30T07:04:35.786Z,gpu-3uwoq-6g3ya-2,ib_counter,rdma_vf_rail1,port_rcv_data,5.987e+12
2026-09-30T07:04:35.786Z,gpu-3uwoq-6g3ya-2,ib_counter,rdma_vf_rail1,port_xmit_packets,1.03075e+09
2026-09-30T07:04:35.786Z,gpu-3uwoq-6g3ya-2,ib_counter,rdma_vf_rail1,port_rcv_packets,1.66181e+09
2026-09-30T07:04:35.786Z,gpu-3uwoq-6g3ya-2,ib_counter,rdma_vf_rail1,port_xmit_wait,0
2026-09-30T07:04:35.786Z,gpu-3uwoq-6g3ya-2,ib_counter,rdma_vf_rail1,port_rcv_errors,0
2026-09-30T07:04:35.786Z,gpu-3uwoq-6g3ya-2,ib_counter,rdma_vf_rail1,port_xmit_discards,0
2026-09-30T07:04:35.786Z,gpu-3uwoq-6g3ya-2,ib_counter,rdma_vf_rail1,link_downed,0
2026-09-30T07:04:35.786Z,gpu-3uwoq-6g3ya-2,ib_hw_counter,rdma_vf_rail1,out_of_sequence,8
2026-09-30T07:04:35.786Z,gpu-3uwoq-6g3ya-2,ib_hw_counter,rdma_vf_rail1,packet_seq_err,0
2026-09-30T07:04:35.786Z,gpu-3uwoq-6g3ya-2,ib_hw_counter,rdma_vf_rail1,local_ack_timeout_err,0
2026-09-30T07:04:35.786Z,gpu-3uwoq-6g3ya-2,ib_hw_counter,rdma_vf_rail1,rx_write_requests,7.11363e+08
2026-09-30T07:04:35.786Z,gpu-3uwoq-6g3ya-2,ib_hw_counter,rdma_vf_rail1,rx_read_requests,1.2514e+07
2026-09-30T07:04:35.786Z,gpu-3uwoq-6g3ya-2,ib_hw_counter,rdma_vf_rail1,req_cqe_error,0
2026-09-30T07:04:35.786Z,gpu-3uwoq-6g3ya-2,ib_hw_counter,rdma_vf_rail1,resp_cqe_error,0
2026-09-30T07:04:35.786Z,gpu-3uwoq-6g3ya-2,ib_hw_counter,rdma_vf_rail1,implied_nak_seq_err,0
2026-09-30T07:04:35.786Z,gpu-3uwoq-6g3ya-2,ib_hw_counter,rdma_vf_rail1,duplicate_request,0
2026-09-30T07:04:35.786Z,gpu-3uwoq-6g3ya-2,ib_counter,rdma_vf_rail2,port_xmit_data,2.9993e+12
2026-09-30T07:04:35.786Z,gpu-3uwoq-6g3ya-2,ib_counter,rdma_vf_rail2,port_rcv_data,5.95874e+12
2026-09-30T07:04:35.786Z,gpu-3uwoq-6g3ya-2,ib_counter,rdma_vf_rail2,port_xmit_packets,1.01306e+09
2026-09-30T07:04:35.786Z,gpu-3uwoq-6g3ya-2,ib_counter,rdma_vf_rail2,port_rcv_packets,1.63786e+09
2026-09-30T07:04:35.786Z,gpu-3uwoq-6g3ya-2,ib_counter,rdma_vf_rail2,port_xmit_wait,0
2026-09-30T07:04:35.786Z,gpu-3uwoq-6g3ya-2,ib_counter,rdma_vf_rail2,port_rcv_errors,0
2026-09-30T07:04:35.786Z,gpu-3uwoq-6g3ya-2,ib_counter,rdma_vf_rail2,port_xmit_discards,0
2026-09-30T07:04:35.786Z,gpu-3uwoq-6g3ya-2,ib_counter,rdma_vf_rail2,link_downed,0
2026-09-30T07:04:35.786Z,gpu-3uwoq-6g3ya-2,ib_hw_counter,rdma_vf_rail2,out_of_sequence,8
2026-09-30T07:04:35.786Z,gpu-3uwoq-6g3ya-2,ib_hw_counter,rdma_vf_rail2,packet_seq_err,0
2026-09-30T07:04:35.786Z,gpu-3uwoq-6g3ya-2,ib_hw_counter,rdma_vf_rail2,local_ack_timeout_err,0
2026-09-30T07:04:35.786Z,gpu-3uwoq-6g3ya-2,ib_hw_counter,rdma_vf_rail2,rx_write_requests,7.1093e+08
2026-09-30T07:04:35.786Z,gpu-3uwoq-6g3ya-2,ib_hw_counter,rdma_vf_rail2,rx_read_requests,1.23061e+07
2026-09-30T07:04:35.786Z,gpu-3uwoq-6g3ya-2,ib_hw_counter,rdma_vf_rail2,req_cqe_error,0
2026-09-30T07:04:35.786Z,gpu-3uwoq-6g3ya-2,ib_hw_counter,rdma_vf_rail2,resp_cqe_error,0
2026-09-30T07:04:35.786Z,gpu-3uwoq-6g3ya-2,ib_hw_counter,rdma_vf_rail2,implied_nak_seq_err,0
2026-09-30T07:04:35.786Z,gpu-3uwoq-6g3ya-2,ib_hw_counter,rdma_vf_rail2,duplicate_request,0
2026-09-30T07:04:35.786Z,gpu-3uwoq-6g3ya-2,ib_counter,rdma_vf_rail3,port_xmit_data,2.99916e+12
2026-09-30T07:04:35.786Z,gpu-3uwoq-6g3ya-2,ib_counter,rdma_vf_rail3,port_rcv_data,5.95935e+12
2026-09-30T07:04:35.786Z,gpu-3uwoq-6g3ya-2,ib_counter,rdma_vf_rail3,port_xmit_packets,1.0114e+09
2026-09-30T07:04:35.786Z,gpu-3uwoq-6g3ya-2,ib_counter,rdma_vf_rail3,port_rcv_packets,1.64526e+09
2026-09-30T07:04:35.786Z,gpu-3uwoq-6g3ya-2,ib_counter,rdma_vf_rail3,port_xmit_wait,0
2026-09-30T07:04:35.786Z,gpu-3uwoq-6g3ya-2,ib_counter,rdma_vf_rail3,port_rcv_errors,0
2026-09-30T07:04:35.786Z,gpu-3uwoq-6g3ya-2,ib_counter,rdma_vf_rail3,port_xmit_discards,0
2026-09-30T07:04:35.786Z,gpu-3uwoq-6g3ya-2,ib_counter,rdma_vf_rail3,link_downed,0
2026-09-30T07:04:35.786Z,gpu-3uwoq-6g3ya-2,ib_hw_counter,rdma_vf_rail3,out_of_sequence,7
2026-09-30T07:04:35.786Z,gpu-3uwoq-6g3ya-2,ib_hw_counter,rdma_vf_rail3,packet_seq_err,1
2026-09-30T07:04:35.786Z,gpu-3uwoq-6g3ya-2,ib_hw_counter,rdma_vf_rail3,local_ack_timeout_err,0
2026-09-30T07:04:35.786Z,gpu-3uwoq-6g3ya-2,ib_hw_counter,rdma_vf_rail3,rx_write_requests,7.1093e+08
2026-09-30T07:04:35.786Z,gpu-3uwoq-6g3ya-2,ib_hw_counter,rdma_vf_rail3,rx_read_requests,1.23061e+07
2026-09-30T07:04:35.786Z,gpu-3uwoq-6g3ya-2,ib_hw_counter,rdma_vf_rail3,req_cqe_error,0
2026-09-30T07:04:35.786Z,gpu-3uwoq-6g3ya-2,ib_hw_counter,rdma_vf_rail3,resp_cqe_error,0
2026-09-30T07:04:35.786Z,gpu-3uwoq-6g3ya-2,ib_hw_counter,rdma_vf_rail3,implied_nak_seq_err,0
2026-09-30T07:04:35.786Z,gpu-3uwoq-6g3ya-2,ib_hw_counter,rdma_vf_rail3,duplicate_request,0
2026-09-30T07:04:35.786Z,gpu-3uwoq-6g3ya-2,dcgm,gpu2,gpu_util,0
2026-09-30T07:04:35.786Z,gpu-3uwoq-6g3ya-2,dcgm,gpu3,gpu_util,0
2026-09-30T07:04:35.786Z,gpu-3uwoq-6g3ya-2,dcgm,gpu1,gpu_util,0
2026-09-30T07:04:35.786Z,gpu-3uwoq-6g3ya-2,dcgm,gpu0,gpu_util,0
2026-09-30T07:04:35.786Z,gpu-3uwoq-6g3ya-2,dcgm,gpu2,nvlink_bandwidth_total,0
2026-09-30T07:04:35.786Z,gpu-3uwoq-6g3ya-2,dcgm,gpu3,nvlink_bandwidth_total,0
2026-09-30T07:04:35.786Z,gpu-3uwoq-6g3ya-2,dcgm,gpu1,nvlink_bandwidth_total,0
2026-09-30T07:04:35.786Z,gpu-3uwoq-6g3ya-2,dcgm,gpu0,nvlink_bandwidth_total,0
2026-09-30T07:04:35.786Z,gpu-3uwoq-6g3ya-2,dcgm,gpu2,power_w,230.685
2026-09-30T07:04:35.786Z,gpu-3uwoq-6g3ya-2,dcgm,gpu3,power_w,234.316
2026-09-30T07:04:35.786Z,gpu-3uwoq-6g3ya-2,dcgm,gpu1,power_w,230
2026-09-30T07:04:35.786Z,gpu-3uwoq-6g3ya-2,dcgm,gpu0,power_w,226.743
2026-09-30T07:04:35.786Z,gpu-3uwoq-6g3ya-2,dcgm,gpu2,sm_clock_mhz,2070
2026-09-30T07:04:35.786Z,gpu-3uwoq-6g3ya-2,dcgm,gpu3,sm_clock_mhz,2070
2026-09-30T07:04:35.786Z,gpu-3uwoq-6g3ya-2,dcgm,gpu1,sm_clock_mhz,2070
2026-09-30T07:04:35.786Z,gpu-3uwoq-6g3ya-2,dcgm,gpu0,sm_clock_mhz,2070
2026-09-30T07:04:35.786Z,gpu-3uwoq-6g3ya-2,dcgm,gpu2,dram_active,0
2026-09-30T07:04:35.786Z,gpu-3uwoq-6g3ya-2,dcgm,gpu3,dram_active,0
2026-09-30T07:04:35.786Z,gpu-3uwoq-6g3ya-2,dcgm,gpu1,dram_active,0
2026-09-30T07:04:35.786Z,gpu-3uwoq-6g3ya-2,dcgm,gpu0,dram_active,0
2026-09-30T07:04:35.786Z,gpu-3uwoq-6g3ya-2,dcgm,gpu2,pcie_rx_bytes,70491
2026-09-30T07:04:35.786Z,gpu-3uwoq-6g3ya-2,dcgm,gpu3,pcie_rx_bytes,72924
2026-09-30T07:04:35.786Z,gpu-3uwoq-6g3ya-2,dcgm,gpu1,pcie_rx_bytes,84384
2026-09-30T07:04:35.786Z,gpu-3uwoq-6g3ya-2,dcgm,gpu0,pcie_rx_bytes,78827
2026-09-30T07:04:35.786Z,gpu-3uwoq-6g3ya-2,dcgm,gpu2,pcie_tx_bytes,66900
2026-09-30T07:04:35.786Z,gpu-3uwoq-6g3ya-2,dcgm,gpu3,pcie_tx_bytes,69833
2026-09-30T07:04:35.786Z,gpu-3uwoq-6g3ya-2,dcgm,gpu1,pcie_tx_bytes,80261
2026-09-30T07:04:35.786Z,gpu-3uwoq-6g3ya-2,dcgm,gpu0,pcie_tx_bytes,74686
2026-09-30T07:04:35.786Z,gpu-3uwoq-6g3ya-2,dcgm,gpu2,tensor_active,0
2026-09-30T07:04:35.786Z,gpu-3uwoq-6g3ya-2,dcgm,gpu3,tensor_active,0
2026-09-30T07:04:35.786Z,gpu-3uwoq-6g3ya-2,dcgm,gpu1,tensor_active,0
2026-09-30T07:04:35.786Z,gpu-3uwoq-6g3ya-2,dcgm,gpu0,tensor_active,0
2026-09-30T07:04:35.786Z,gpu-3uwoq-6g3ya-2,dcgm,gpu2,sm_active,0
2026-09-30T07:04:35.786Z,gpu-3uwoq-6g3ya-2,dcgm,gpu3,sm_active,0
2026-09-30T07:04:35.786Z,gpu-3uwoq-6g3ya-2,dcgm,gpu1,sm_active,0
2026-09-30T07:04:35.786Z,gpu-3uwoq-6g3ya-2,dcgm,gpu0,sm_active,0
2026-09-30T07:04:35.786Z,gpu-3uwoq-6g3ya-2,nvlink,gpu0,nvlink_rx_bytes,4.80963e+13
2026-09-30T07:04:35.786Z,gpu-3uwoq-6g3ya-2,nvlink,gpu0,nvlink_tx_bytes,4.80995e+13
2026-09-30T07:04:35.786Z,gpu-3uwoq-6g3ya-2,nvlink,gpu1,nvlink_rx_bytes,4.82499e+13
2026-09-30T07:04:35.786Z,gpu-3uwoq-6g3ya-2,nvlink,gpu1,nvlink_tx_bytes,4.8252e+13
2026-09-30T07:04:35.786Z,gpu-3uwoq-6g3ya-2,nvlink,gpu2,nvlink_rx_bytes,4.80847e+13
2026-09-30T07:04:35.786Z,gpu-3uwoq-6g3ya-2,nvlink,gpu2,nvlink_tx_bytes,4.80882e+13
2026-09-30T07:04:35.786Z,gpu-3uwoq-6g3ya-2,nvlink,gpu3,nvlink_rx_bytes,4.80322e+13
2026-09-30T07:04:35.786Z,gpu-3uwoq-6g3ya-2,nvlink,gpu3,nvlink_tx_bytes,4.80353e+13
2026-09-30T07:04:36.786Z,gpu-3uwoq-6g3ya-2,ib_counter,rdma_vf_rail0,port_xmit_data,3.13507e+12
2026-09-30T07:04:36.786Z,gpu-3uwoq-6g3ya-2,ib_counter,rdma_vf_rail0,port_rcv_data,6.09511e+12
2026-09-30T07:04:36.786Z,gpu-3uwoq-6g3ya-2,ib_counter,rdma_vf_rail0,port_xmit_packets,1.06346e+09
2026-09-30T07:04:36.786Z,gpu-3uwoq-6g3ya-2,ib_counter,rdma_vf_rail0,port_rcv_packets,1.69433e+09
2026-09-30T07:04:36.786Z,gpu-3uwoq-6g3ya-2,ib_counter,rdma_vf_rail0,port_xmit_wait,0
2026-09-30T07:04:36.786Z,gpu-3uwoq-6g3ya-2,ib_counter,rdma_vf_rail0,port_rcv_errors,0
2026-09-30T07:04:36.786Z,gpu-3uwoq-6g3ya-2,ib_counter,rdma_vf_rail0,port_xmit_discards,0
2026-09-30T07:04:36.786Z,gpu-3uwoq-6g3ya-2,ib_counter,rdma_vf_rail0,link_downed,0
2026-09-30T07:04:36.786Z,gpu-3uwoq-6g3ya-2,ib_hw_counter,rdma_vf_rail0,out_of_sequence,8
2026-09-30T07:04:36.786Z,gpu-3uwoq-6g3ya-2,ib_hw_counter,rdma_vf_rail0,packet_seq_err,0
2026-09-30T07:04:36.786Z,gpu-3uwoq-6g3ya-2,ib_hw_counter,rdma_vf_rail0,local_ack_timeout_err,0
2026-09-30T07:04:36.786Z,gpu-3uwoq-6g3ya-2,ib_hw_counter,rdma_vf_rail0,rx_write_requests,7.12956e+08
2026-09-30T07:04:36.786Z,gpu-3uwoq-6g3ya-2,ib_hw_counter,rdma_vf_rail0,rx_read_requests,1.33147e+07
2026-09-30T07:04:36.786Z,gpu-3uwoq-6g3ya-2,ib_hw_counter,rdma_vf_rail0,req_cqe_error,0
2026-09-30T07:04:36.786Z,gpu-3uwoq-6g3ya-2,ib_hw_counter,rdma_vf_rail0,resp_cqe_error,0
2026-09-30T07:04:36.786Z,gpu-3uwoq-6g3ya-2,ib_hw_counter,rdma_vf_rail0,implied_nak_seq_err,0
2026-09-30T07:04:36.786Z,gpu-3uwoq-6g3ya-2,ib_hw_counter,rdma_vf_rail0,duplicate_request,0
2026-09-30T07:04:36.786Z,gpu-3uwoq-6g3ya-2,ib_counter,rdma_vf_rail1,port_xmit_data,3.02687e+12
2026-09-30T07:04:36.786Z,gpu-3uwoq-6g3ya-2,ib_counter,rdma_vf_rail1,port_rcv_data,5.987e+12
2026-09-30T07:04:36.786Z,gpu-3uwoq-6g3ya-2,ib_counter,rdma_vf_rail1,port_xmit_packets,1.03075e+09
2026-09-30T07:04:36.786Z,gpu-3uwoq-6g3ya-2,ib_counter,rdma_vf_rail1,port_rcv_packets,1.66181e+09
2026-09-30T07:04:36.786Z,gpu-3uwoq-6g3ya-2,ib_counter,rdma_vf_rail1,port_xmit_wait,0
2026-09-30T07:04:36.786Z,gpu-3uwoq-6g3ya-2,ib_counter,rdma_vf_rail1,port_rcv_errors,0
2026-09-30T07:04:36.786Z,gpu-3uwoq-6g3ya-2,ib_counter,rdma_vf_rail1,port_xmit_discards,0
2026-09-30T07:04:36.786Z,gpu-3uwoq-6g3ya-2,ib_counter,rdma_vf_rail1,link_downed,0
2026-09-30T07:04:36.786Z,gpu-3uwoq-6g3ya-2,ib_hw_counter,rdma_vf_rail1,out_of_sequence,8
2026-09-30T07:04:36.786Z,gpu-3uwoq-6g3ya-2,ib_hw_counter,rdma_vf_rail1,packet_seq_err,0
2026-09-30T07:04:36.786Z,gpu-3uwoq-6g3ya-2,ib_hw_counter,rdma_vf_rail1,local_ack_timeout_err,0
2026-09-30T07:04:36.786Z,gpu-3uwoq-6g3ya-2,ib_hw_counter,rdma_vf_rail1,rx_write_requests,7.11363e+08
2026-09-30T07:04:36.786Z,gpu-3uwoq-6g3ya-2,ib_hw_counter,rdma_vf_rail1,rx_read_requests,1.2514e+07
2026-09-30T07:04:36.786Z,gpu-3uwoq-6g3ya-2,ib_hw_counter,rdma_vf_rail1,req_cqe_error,0
2026-09-30T07:04:36.786Z,gpu-3uwoq-6g3ya-2,ib_hw_counter,rdma_vf_rail1,resp_cqe_error,0
2026-09-30T07:04:36.786Z,gpu-3uwoq-6g3ya-2,ib_hw_counter,rdma_vf_rail1,implied_nak_seq_err,0
2026-09-30T07:04:36.786Z,gpu-3uwoq-6g3ya-2,ib_hw_counter,rdma_vf_rail1,duplicate_request,0
2026-09-30T07:04:36.786Z,gpu-3uwoq-6g3ya-2,ib_counter,rdma_vf_rail2,port_xmit_data,2.9993e+12
2026-09-30T07:04:36.786Z,gpu-3uwoq-6g3ya-2,ib_counter,rdma_vf_rail2,port_rcv_data,5.95874e+12
2026-09-30T07:04:36.786Z,gpu-3uwoq-6g3ya-2,ib_counter,rdma_vf_rail2,port_xmit_packets,1.01306e+09
2026-09-30T07:04:36.786Z,gpu-3uwoq-6g3ya-2,ib_counter,rdma_vf_rail2,port_rcv_packets,1.63786e+09
2026-09-30T07:04:36.786Z,gpu-3uwoq-6g3ya-2,ib_counter,rdma_vf_rail2,port_xmit_wait,0
2026-09-30T07:04:36.786Z,gpu-3uwoq-6g3ya-2,ib_counter,rdma_vf_rail2,port_rcv_errors,0
2026-09-30T07:04:36.786Z,gpu-3uwoq-6g3ya-2,ib_counter,rdma_vf_rail2,port_xmit_discards,0
2026-09-30T07:04:36.786Z,gpu-3uwoq-6g3ya-2,ib_counter,rdma_vf_rail2,link_downed,0
2026-09-30T07:04:36.786Z,gpu-3uwoq-6g3ya-2,ib_hw_counter,rdma_vf_rail2,out_of_sequence,8
2026-09-30T07:04:36.786Z,gpu-3uwoq-6g3ya-2,ib_hw_counter,rdma_vf_rail2,packet_seq_err,0
2026-09-30T07:04:36.786Z,gpu-3uwoq-6g3ya-2,ib_hw_counter,rdma_vf_rail2,local_ack_timeout_err,0
2026-09-30T07:04:36.786Z,gpu-3uwoq-6g3ya-2,ib_hw_counter,rdma_vf_rail2,rx_write_requests,7.1093e+08
2026-09-30T07:04:36.786Z,gpu-3uwoq-6g3ya-2,ib_hw_counter,rdma_vf_rail2,rx_read_requests,1.23061e+07
2026-09-30T07:04:36.786Z,gpu-3uwoq-6g3ya-2,ib_hw_counter,rdma_vf_rail2,req_cqe_error,0
2026-09-30T07:04:36.786Z,gpu-3uwoq-6g3ya-2,ib_hw_counter,rdma_vf_rail2,resp_cqe_error,0
2026-09-30T07:04:36.786Z,gpu-3uwoq-6g3ya-2,ib_hw_counter,rdma_vf_rail2,implied_nak_seq_err,0
2026-09-30T07:04:36.786Z,gpu-3uwoq-6g3ya-2,ib_hw_counter,rdma_vf_rail2,duplicate_request,0
2026-09-30T07:04:36.786Z,gpu-3uwoq-6g3ya-2,ib_counter,rdma_vf_rail3,port_xmit_data,2.99916e+12
2026-09-30T07:04:36.786Z,gpu-3uwoq-6g3ya-2,ib_counter,rdma_vf_rail3,port_rcv_data,5.95935e+12
2026-09-30T07:04:36.786Z,gpu-3uwoq-6g3ya-2,ib_counter,rdma_vf_rail3,port_xmit_packets,1.0114e+09
2026-09-30T07:04:36.786Z,gpu-3uwoq-6g3ya-2,ib_counter,rdma_vf_rail3,port_rcv_packets,1.64526e+09
2026-09-30T07:04:36.786Z,gpu-3uwoq-6g3ya-2,ib_counter,rdma_vf_rail3,port_xmit_wait,0
2026-09-30T07:04:36.786Z,gpu-3uwoq-6g3ya-2,ib_counter,rdma_vf_rail3,port_rcv_errors,0
2026-09-30T07:04:36.786Z,gpu-3uwoq-6g3ya-2,ib_counter,rdma_vf_rail3,port_xmit_discards,0
2026-09-30T07:04:36.786Z,gpu-3uwoq-6g3ya-2,ib_counter,rdma_vf_rail3,link_downed,0
2026-09-30T07:04:36.786Z,gpu-3uwoq-6g3ya-2,ib_hw_counter,rdma_vf_rail3,out_of_sequence,7
2026-09-30T07:04:36.786Z,gpu-3uwoq-6g3ya-2,ib_hw_counter,rdma_vf_rail3,packet_seq_err,1
2026-09-30T07:04:36.786Z,gpu-3uwoq-6g3ya-2,ib_hw_counter,rdma_vf_rail3,local_ack_timeout_err,0
2026-09-30T07:04:36.786Z,gpu-3uwoq-6g3ya-2,ib_hw_counter,rdma_vf_rail3,rx_write_requests,7.1093e+08
2026-09-30T07:04:36.786Z,gpu-3uwoq-6g3ya-2,ib_hw_counter,rdma_vf_rail3,rx_read_requests,1.23061e+07
2026-09-30T07:04:36.786Z,gpu-3uwoq-6g3ya-2,ib_hw_counter,rdma_vf_rail3,req_cqe_error,0
2026-09-30T07:04:36.786Z,gpu-3uwoq-6g3ya-2,ib_hw_counter,rdma_vf_rail3,resp_cqe_error,0
2026-09-30T07:04:36.786Z,gpu-3uwoq-6g3ya-2,ib_hw_counter,rdma_vf_rail3,implied_nak_seq_err,0
2026-09-30T07:04:36.786Z,gpu-3uwoq-6g3ya-2,ib_hw_counter,rdma_vf_rail3,duplicate_request,0
2026-09-30T07:04:36.786Z,gpu-3uwoq-6g3ya-2,dcgm,gpu2,gpu_util,0
2026-09-30T07:04:36.786Z,gpu-3uwoq-6g3ya-2,dcgm,gpu3,gpu_util,0
2026-09-30T07:04:36.786Z,gpu-3uwoq-6g3ya-2,dcgm,gpu1,gpu_util,0
2026-09-30T07:04:36.786Z,gpu-3uwoq-6g3ya-2,dcgm,gpu0,gpu_util,0
2026-09-30T07:04:36.786Z,gpu-3uwoq-6g3ya-2,dcgm,gpu2,nvlink_bandwidth_total,0
2026-09-30T07:04:36.786Z,gpu-3uwoq-6g3ya-2,dcgm,gpu3,nvlink_bandwidth_total,0
2026-09-30T07:04:36.786Z,gpu-3uwoq-6g3ya-2,dcgm,gpu1,nvlink_bandwidth_total,0
2026-09-30T07:04:36.786Z,gpu-3uwoq-6g3ya-2,dcgm,gpu0,nvlink_bandwidth_total,0
2026-09-30T07:04:36.786Z,gpu-3uwoq-6g3ya-2,dcgm,gpu2,power_w,230.685
2026-09-30T07:04:36.786Z,gpu-3uwoq-6g3ya-2,dcgm,gpu3,power_w,234.316
2026-09-30T07:04:36.786Z,gpu-3uwoq-6g3ya-2,dcgm,gpu1,power_w,230
2026-09-30T07:04:36.786Z,gpu-3uwoq-6g3ya-2,dcgm,gpu0,power_w,226.743
2026-09-30T07:04:36.786Z,gpu-3uwoq-6g3ya-2,dcgm,gpu2,sm_clock_mhz,2070
2026-09-30T07:04:36.786Z,gpu-3uwoq-6g3ya-2,dcgm,gpu3,sm_clock_mhz,2070
2026-09-30T07:04:36.786Z,gpu-3uwoq-6g3ya-2,dcgm,gpu1,sm_clock_mhz,2070
2026-09-30T07:04:36.786Z,gpu-3uwoq-6g3ya-2,dcgm,gpu0,sm_clock_mhz,2070
2026-09-30T07:04:36.786Z,gpu-3uwoq-6g3ya-2,dcgm,gpu2,dram_active,0
2026-09-30T07:04:36.786Z,gpu-3uwoq-6g3ya-2,dcgm,gpu3,dram_active,0
2026-09-30T07:04:36.786Z,gpu-3uwoq-6g3ya-2,dcgm,gpu1,dram_active,0
2026-09-30T07:04:36.786Z,gpu-3uwoq-6g3ya-2,dcgm,gpu0,dram_active,0
2026-09-30T07:04:36.786Z,gpu-3uwoq-6g3ya-2,dcgm,gpu2,pcie_rx_bytes,70491
2026-09-30T07:04:36.786Z,gpu-3uwoq-6g3ya-2,dcgm,gpu3,pcie_rx_bytes,72924
2026-09-30T07:04:36.786Z,gpu-3uwoq-6g3ya-2,dcgm,gpu1,pcie_rx_bytes,84384
2026-09-30T07:04:36.786Z,gpu-3uwoq-6g3ya-2,dcgm,gpu0,pcie_rx_bytes,78827
2026-09-30T07:04:36.786Z,gpu-3uwoq-6g3ya-2,dcgm,gpu2,pcie_tx_bytes,66900
2026-09-30T07:04:36.786Z,gpu-3uwoq-6g3ya-2,dcgm,gpu3,pcie_tx_bytes,69833
2026-09-30T07:04:36.786Z,gpu-3uwoq-6g3ya-2,dcgm,gpu1,pcie_tx_bytes,80261
2026-09-30T07:04:36.786Z,gpu-3uwoq-6g3ya-2,dcgm,gpu0,pcie_tx_bytes,74686
2026-09-30T07:04:36.786Z,gpu-3uwoq-6g3ya-2,dcgm,gpu2,tensor_active,0
2026-09-30T07:04:36.786Z,gpu-3uwoq-6g3ya-2,dcgm,gpu3,tensor_active,0
2026-09-30T07:04:36.786Z,gpu-3uwoq-6g3ya-2,dcgm,gpu1,tensor_active,0
2026-09-30T07:04:36.786Z,gpu-3uwoq-6g3ya-2,dcgm,gpu0,tensor_active,0
2026-09-30T07:04:36.786Z,gpu-3uwoq-6g3ya-2,dcgm,gpu2,sm_active,0
2026-09-30T07:04:36.786Z,gpu-3uwoq-6g3ya-2,dcgm,gpu3,sm_active,0
2026-09-30T07:04:36.786Z,gpu-3uwoq-6g3ya-2,dcgm,gpu1,sm_active,0
2026-09-30T07:04:36.786Z,gpu-3uwoq-6g3ya-2,dcgm,gpu0,sm_active,0
2026-09-30T07:04:36.786Z,gpu-3uwoq-6g3ya-2,nvlink,gpu0,nvlink_rx_bytes,4.80963e+13
2026-09-30T07:04:36.786Z,gpu-3uwoq-6g3ya-2,nvlink,gpu0,nvlink_tx_bytes,4.80995e+13
2026-09-30T07:04:36.786Z,gpu-3uwoq-6g3ya-2,nvlink,gpu1,nvlink_rx_bytes,4.82499e+13
2026-09-30T07:04:36.786Z,gpu-3uwoq-6g3ya-2,nvlink,gpu1,nvlink_tx_bytes,4.8252e+13
2026-09-30T07:04:36.786Z,gpu-3uwoq-6g3ya-2,nvlink,gpu2,nvlink_rx_bytes,4.80847e+13
2026-09-30T07:04:36.786Z,gpu-3uwoq-6g3ya-2,nvlink,gpu2,nvlink_tx_bytes,4.80882e+13
2026-09-30T07:04:36.786Z,gpu-3uwoq-6g3ya-2,nvlink,gpu3,nvlink_rx_bytes,4.80322e+13
2026-09-30T07:04:36.786Z,gpu-3uwoq-6g3ya-2,nvlink,gpu3,nvlink_tx_bytes,4.80353e+13
2026-09-30T07:04:37.786Z,gpu-3uwoq-6g3ya-2,ib_counter,rdma_vf_rail0,port_xmit_data,3.13507e+12
2026-09-30T07:04:37.786Z,gpu-3uwoq-6g3ya-2,ib_counter,rdma_vf_rail0,port_rcv_data,6.09511e+12
2026-09-30T07:04:37.786Z,gpu-3uwoq-6g3ya-2,ib_counter,rdma_vf_rail0,port_xmit_packets,1.06346e+09
2026-09-30T07:04:37.786Z,gpu-3uwoq-6g3ya-2,ib_counter,rdma_vf_rail0,port_rcv_packets,1.69433e+09
2026-09-30T07:04:37.786Z,gpu-3uwoq-6g3ya-2,ib_counter,rdma_vf_rail0,port_xmit_wait,0
2026-09-30T07:04:37.786Z,gpu-3uwoq-6g3ya-2,ib_counter,rdma_vf_rail0,port_rcv_errors,0
2026-09-30T07:04:37.786Z,gpu-3uwoq-6g3ya-2,ib_counter,rdma_vf_rail0,port_xmit_discards,0
2026-09-30T07:04:37.786Z,gpu-3uwoq-6g3ya-2,ib_counter,rdma_vf_rail0,link_downed,0
2026-09-30T07:04:37.786Z,gpu-3uwoq-6g3ya-2,ib_hw_counter,rdma_vf_rail0,out_of_sequence,8
2026-09-30T07:04:37.786Z,gpu-3uwoq-6g3ya-2,ib_hw_counter,rdma_vf_rail0,packet_seq_err,0
2026-09-30T07:04:37.786Z,gpu-3uwoq-6g3ya-2,ib_hw_counter,rdma_vf_rail0,local_ack_timeout_err,0
2026-09-30T07:04:37.786Z,gpu-3uwoq-6g3ya-2,ib_hw_counter,rdma_vf_rail0,rx_write_requests,7.12956e+08
2026-09-30T07:04:37.786Z,gpu-3uwoq-6g3ya-2,ib_hw_counter,rdma_vf_rail0,rx_read_requests,1.33147e+07
2026-09-30T07:04:37.786Z,gpu-3uwoq-6g3ya-2,ib_hw_counter,rdma_vf_rail0,req_cqe_error,0
2026-09-30T07:04:37.786Z,gpu-3uwoq-6g3ya-2,ib_hw_counter,rdma_vf_rail0,resp_cqe_error,0
2026-09-30T07:04:37.786Z,gpu-3uwoq-6g3ya-2,ib_hw_counter,rdma_vf_rail0,implied_nak_seq_err,0
2026-09-30T07:04:37.786Z,gpu-3uwoq-6g3ya-2,ib_hw_counter,rdma_vf_rail0,duplicate_request,0
2026-09-30T07:04:37.786Z,gpu-3uwoq-6g3ya-2,ib_counter,rdma_vf_rail1,port_xmit_data,3.02687e+12
2026-09-30T07:04:37.786Z,gpu-3uwoq-6g3ya-2,ib_counter,rdma_vf_rail1,port_rcv_data,5.987e+12
2026-09-30T07:04:37.786Z,gpu-3uwoq-6g3ya-2,ib_counter,rdma_vf_rail1,port_xmit_packets,1.03075e+09
2026-09-30T07:04:37.786Z,gpu-3uwoq-6g3ya-2,ib_counter,rdma_vf_rail1,port_rcv_packets,1.66181e+09
2026-09-30T07:04:37.786Z,gpu-3uwoq-6g3ya-2,ib_counter,rdma_vf_rail1,port_xmit_wait,0
2026-09-30T07:04:37.786Z,gpu-3uwoq-6g3ya-2,ib_counter,rdma_vf_rail1,port_rcv_errors,0
2026-09-30T07:04:37.786Z,gpu-3uwoq-6g3ya-2,ib_counter,rdma_vf_rail1,port_xmit_discards,0
2026-09-30T07:04:37.786Z,gpu-3uwoq-6g3ya-2,ib_counter,rdma_vf_rail1,link_downed,0
2026-09-30T07:04:37.786Z,gpu-3uwoq-6g3ya-2,ib_hw_counter,rdma_vf_rail1,out_of_sequence,8
2026-09-30T07:04:37.786Z,gpu-3uwoq-6g3ya-2,ib_hw_counter,rdma_vf_rail1,packet_seq_err,0
2026-09-30T07:04:37.786Z,gpu-3uwoq-6g3ya-2,ib_hw_counter,rdma_vf_rail1,local_ack_timeout_err,0
2026-09-30T07:04:37.786Z,gpu-3uwoq-6g3ya-2,ib_hw_counter,rdma_vf_rail1,rx_write_requests,7.11363e+08
2026-09-30T07:04:37.786Z,gpu-3uwoq-6g3ya-2,ib_hw_counter,rdma_vf_rail1,rx_read_requests,1.2514e+07
2026-09-30T07:04:37.786Z,gpu-3uwoq-6g3ya-2,ib_hw_counter,rdma_vf_rail1,req_cqe_error,0
2026-09-30T07:04:37.786Z,gpu-3uwoq-6g3ya-2,ib_hw_counter,rdma_vf_rail1,resp_cqe_error,0
2026-09-30T07:04:37.786Z,gpu-3uwoq-6g3ya-2,ib_hw_counter,rdma_vf_rail1,implied_nak_seq_err,0
2026-09-30T07:04:37.786Z,gpu-3uwoq-6g3ya-2,ib_hw_counter,rdma_vf_rail1,duplicate_request,0
2026-09-30T07:04:37.786Z,gpu-3uwoq-6g3ya-2,ib_counter,rdma_vf_rail2,port_xmit_data,2.9993e+12
2026-09-30T07:04:37.786Z,gpu-3uwoq-6g3ya-2,ib_counter,rdma_vf_rail2,port_rcv_data,5.95874e+12
2026-09-30T07:04:37.786Z,gpu-3uwoq-6g3ya-2,ib_counter,rdma_vf_rail2,port_xmit_packets,1.01306e+09
2026-09-30T07:04:37.786Z,gpu-3uwoq-6g3ya-2,ib_counter,rdma_vf_rail2,port_rcv_packets,1.63786e+09
2026-09-30T07:04:37.786Z,gpu-3uwoq-6g3ya-2,ib_counter,rdma_vf_rail2,port_xmit_wait,0
2026-09-30T07:04:37.786Z,gpu-3uwoq-6g3ya-2,ib_counter,rdma_vf_rail2,port_rcv_errors,0
2026-09-30T07:04:37.786Z,gpu-3uwoq-6g3ya-2,ib_counter,rdma_vf_rail2,port_xmit_discards,0
2026-09-30T07:04:37.786Z,gpu-3uwoq-6g3ya-2,ib_counter,rdma_vf_rail2,link_downed,0
2026-09-30T07:04:37.786Z,gpu-3uwoq-6g3ya-2,ib_hw_counter,rdma_vf_rail2,out_of_sequence,8
2026-09-30T07:04:37.786Z,gpu-3uwoq-6g3ya-2,ib_hw_counter,rdma_vf_rail2,packet_seq_err,0
2026-09-30T07:04:37.786Z,gpu-3uwoq-6g3ya-2,ib_hw_counter,rdma_vf_rail2,local_ack_timeout_err,0
2026-09-30T07:04:37.786Z,gpu-3uwoq-6g3ya-2,ib_hw_counter,rdma_vf_rail2,rx_write_requests,7.1093e+08
2026-09-30T07:04:37.786Z,gpu-3uwoq-6g3ya-2,ib_hw_counter,rdma_vf_rail2,rx_read_requests,1.23061e+07
2026-09-30T07:04:37.786Z,gpu-3uwoq-6g3ya-2,ib_hw_counter,rdma_vf_rail2,req_cqe_error,0
2026-09-30T07:04:37.786Z,gpu-3uwoq-6g3ya-2,ib_hw_counter,rdma_vf_rail2,resp_cqe_error,0
2026-09-30T07:04:37.786Z,gpu-3uwoq-6g3ya-2,ib_hw_counter,rdma_vf_rail2,implied_nak_seq_err,0
2026-09-30T07:04:37.786Z,gpu-3uwoq-6g3ya-2,ib_hw_counter,rdma_vf_rail2,duplicate_request,0
2026-09-30T07:04:37.786Z,gpu-3uwoq-6g3ya-2,ib_counter,rdma_vf_rail3,port_xmit_data,2.99916e+12
2026-09-30T07:04:37.786Z,gpu-3uwoq-6g3ya-2,ib_counter,rdma_vf_rail3,port_rcv_data,5.95935e+12
2026-09-30T07:04:37.786Z,gpu-3uwoq-6g3ya-2,ib_counter,rdma_vf_rail3,port_xmit_packets,1.0114e+09
2026-09-30T07:04:37.786Z,gpu-3uwoq-6g3ya-2,ib_counter,rdma_vf_rail3,port_rcv_packets,1.64526e+09
2026-09-30T07:04:37.786Z,gpu-3uwoq-6g3ya-2,ib_counter,rdma_vf_rail3,port_xmit_wait,0
2026-09-30T07:04:37.786Z,gpu-3uwoq-6g3ya-2,ib_counter,rdma_vf_rail3,port_rcv_errors,0
2026-09-30T07:04:37.786Z,gpu-3uwoq-6g3ya-2,ib_counter,rdma_vf_rail3,port_xmit_discards,0
2026-09-30T07:04:37.786Z,gpu-3uwoq-6g3ya-2,ib_counter,rdma_vf_rail3,link_downed,0
2026-09-30T07:04:37.786Z,gpu-3uwoq-6g3ya-2,ib_hw_counter,rdma_vf_rail3,out_of_sequence,7
2026-09-30T07:04:37.786Z,gpu-3uwoq-6g3ya-2,ib_hw_counter,rdma_vf_rail3,packet_seq_err,1
2026-09-30T07:04:37.786Z,gpu-3uwoq-6g3ya-2,ib_hw_counter,rdma_vf_rail3,local_ack_timeout_err,0
2026-09-30T07:04:37.786Z,gpu-3uwoq-6g3ya-2,ib_hw_counter,rdma_vf_rail3,rx_write_requests,7.1093e+08
2026-09-30T07:04:37.786Z,gpu-3uwoq-6g3ya-2,ib_hw_counter,rdma_vf_rail3,rx_read_requests,1.23061e+07
2026-09-30T07:04:37.786Z,gpu-3uwoq-6g3ya-2,ib_hw_counter,rdma_vf_rail3,req_cqe_error,0
2026-09-30T07:04:37.786Z,gpu-3uwoq-6g3ya-2,ib_hw_counter,rdma_vf_rail3,resp_cqe_error,0
2026-09-30T07:04:37.786Z,gpu-3uwoq-6g3ya-2,ib_hw_counter,rdma_vf_rail3,implied_nak_seq_err,0
2026-09-30T07:04:37.786Z,gpu-3uwoq-6g3ya-2,ib_hw_counter,rdma_vf_rail3,duplicate_request,0
2026-09-30T07:04:37.786Z,gpu-3uwoq-6g3ya-2,dcgm,gpu2,gpu_util,0
2026-09-30T07:04:37.786Z,gpu-3uwoq-6g3ya-2,dcgm,gpu3,gpu_util,0
2026-09-30T07:04:37.786Z,gpu-3uwoq-6g3ya-2,dcgm,gpu1,gpu_util,0
2026-09-30T07:04:37.786Z,gpu-3uwoq-6g3ya-2,dcgm,gpu0,gpu_util,0
2026-09-30T07:04:37.786Z,gpu-3uwoq-6g3ya-2,dcgm,gpu2,nvlink_bandwidth_total,0
2026-09-30T07:04:37.786Z,gpu-3uwoq-6g3ya-2,dcgm,gpu3,nvlink_bandwidth_total,0
2026-09-30T07:04:37.786Z,gpu-3uwoq-6g3ya-2,dcgm,gpu1,nvlink_bandwidth_total,0
2026-09-30T07:04:37.786Z,gpu-3uwoq-6g3ya-2,dcgm,gpu0,nvlink_bandwidth_total,0
2026-09-30T07:04:37.786Z,gpu-3uwoq-6g3ya-2,dcgm,gpu2,power_w,230.685
2026-09-30T07:04:37.786Z,gpu-3uwoq-6g3ya-2,dcgm,gpu3,power_w,234.316
2026-09-30T07:04:37.786Z,gpu-3uwoq-6g3ya-2,dcgm,gpu1,power_w,230
2026-09-30T07:04:37.786Z,gpu-3uwoq-6g3ya-2,dcgm,gpu0,power_w,226.743
2026-09-30T07:04:37.786Z,gpu-3uwoq-6g3ya-2,dcgm,gpu2,sm_clock_mhz,2070
2026-09-30T07:04:37.786Z,gpu-3uwoq-6g3ya-2,dcgm,gpu3,sm_clock_mhz,2070
2026-09-30T07:04:37.786Z,gpu-3uwoq-6g3ya-2,dcgm,gpu1,sm_clock_mhz,2070
2026-09-30T07:04:37.786Z,gpu-3uwoq-6g3ya-2,dcgm,gpu0,sm_clock_mhz,2070
2026-09-30T07:04:37.786Z,gpu-3uwoq-6g3ya-2,dcgm,gpu2,dram_active,0
2026-09-30T07:04:37.786Z,gpu-3uwoq-6g3ya-2,dcgm,gpu3,dram_active,0
2026-09-30T07:04:37.786Z,gpu-3uwoq-6g3ya-2,dcgm,gpu1,dram_active,0
2026-09-30T07:04:37.786Z,gpu-3uwoq-6g3ya-2,dcgm,gpu0,dram_active,0
2026-09-30T07:04:37.786Z,gpu-3uwoq-6g3ya-2,dcgm,gpu2,pcie_rx_bytes,70491
2026-09-30T07:04:37.786Z,gpu-3uwoq-6g3ya-2,dcgm,gpu3,pcie_rx_bytes,72924
2026-09-30T07:04:37.786Z,gpu-3uwoq-6g3ya-2,dcgm,gpu1,pcie_rx_bytes,84384
2026-09-30T07:04:37.786Z,gpu-3uwoq-6g3ya-2,dcgm,gpu0,pcie_rx_bytes,78827
2026-09-30T07:04:37.786Z,gpu-3uwoq-6g3ya-2,dcgm,gpu2,pcie_tx_bytes,66900
2026-09-30T07:04:37.786Z,gpu-3uwoq-6g3ya-2,dcgm,gpu3,pcie_tx_bytes,69833
2026-09-30T07:04:37.786Z,gpu-3uwoq-6g3ya-2,dcgm,gpu1,pcie_tx_bytes,80261
2026-09-30T07:04:37.786Z,gpu-3uwoq-6g3ya-2,dcgm,gpu0,pcie_tx_bytes,74686
2026-09-30T07:04:37.786Z,gpu-3uwoq-6g3ya-2,dcgm,gpu2,tensor_active,0
2026-09-30T07:04:37.786Z,gpu-3uwoq-6g3ya-2,dcgm,gpu3,tensor_active,0
2026-09-30T07:04:37.786Z,gpu-3uwoq-6g3ya-2,dcgm,gpu1,tensor_active,0
2026-09-30T07:04:37.786Z,gpu-3uwoq-6g3ya-2,dcgm,gpu0,tensor_active,0
2026-09-30T07:04:37.786Z,gpu-3uwoq-6g3ya-2,dcgm,gpu2,sm_active,0
2026-09-30T07:04:37.786Z,gpu-3uwoq-6g3ya-2,dcgm,gpu3,sm_active,0
2026-09-30T07:04:37.786Z,gpu-3uwoq-6g3ya-2,dcgm,gpu1,sm_active,0
2026-09-30T07:04:37.786Z,gpu-3uwoq-6g3ya-2,dcgm,gpu0,sm_active,0
2026-09-30T07:04:37.786Z,gpu-3uwoq-6g3ya-2,nvlink,gpu0,nvlink_rx_bytes,4.80963e+13
2026-09-30T07:04:37.786Z,gpu-3uwoq-6g3ya-2,nvlink,gpu0,nvlink_tx_bytes,4.80995e+13
2026-09-30T07:04:37.786Z,gpu-3uwoq-6g3ya-2,nvlink,gpu1,nvlink_rx_bytes,4.82499e+13
2026-09-30T07:04:37.786Z,gpu-3uwoq-6g3ya-2,nvlink,gpu1,nvlink_tx_bytes,4.8252e+13
2026-09-30T07:04:37.786Z,gpu-3uwoq-6g3ya-2,nvlink,gpu2,nvlink_rx_bytes,4.80847e+13
2026-09-30T07:04:37.786Z,gpu-3uwoq-6g3ya-2,nvlink,gpu2,nvlink_tx_bytes,4.80882e+13
2026-09-30T07:04:37.786Z,gpu-3uwoq-6g3ya-2,nvlink,gpu3,nvlink_rx_bytes,4.80322e+13
2026-09-30T07:04:37.786Z,gpu-3uwoq-6g3ya-2,nvlink,gpu3,nvlink_tx_bytes,4.80353e+13
2026-09-30T07:04:38.786Z,gpu-3uwoq-6g3ya-2,ib_counter,rdma_vf_rail0,port_xmit_data,3.13507e+12
2026-09-30T07:04:38.786Z,gpu-3uwoq-6g3ya-2,ib_counter,rdma_vf_rail0,port_rcv_data,6.09511e+12
2026-09-30T07:04:38.786Z,gpu-3uwoq-6g3ya-2,ib_counter,rdma_vf_rail0,port_xmit_packets,1.06346e+09
2026-09-30T07:04:38.786Z,gpu-3uwoq-6g3ya-2,ib_counter,rdma_vf_rail0,port_rcv_packets,1.69433e+09
2026-09-30T07:04:38.786Z,gpu-3uwoq-6g3ya-2,ib_counter,rdma_vf_rail0,port_xmit_wait,0
2026-09-30T07:04:38.786Z,gpu-3uwoq-6g3ya-2,ib_counter,rdma_vf_rail0,port_rcv_errors,0
2026-09-30T07:04:38.786Z,gpu-3uwoq-6g3ya-2,ib_counter,rdma_vf_rail0,port_xmit_discards,0
2026-09-30T07:04:38.786Z,gpu-3uwoq-6g3ya-2,ib_counter,rdma_vf_rail0,link_downed,0
2026-09-30T07:04:38.786Z,gpu-3uwoq-6g3ya-2,ib_hw_counter,rdma_vf_rail0,out_of_sequence,8
2026-09-30T07:04:38.786Z,gpu-3uwoq-6g3ya-2,ib_hw_counter,rdma_vf_rail0,packet_seq_err,0
2026-09-30T07:04:38.786Z,gpu-3uwoq-6g3ya-2,ib_hw_counter,rdma_vf_rail0,local_ack_timeout_err,0
2026-09-30T07:04:38.786Z,gpu-3uwoq-6g3ya-2,ib_hw_counter,rdma_vf_rail0,rx_write_requests,7.12956e+08
2026-09-30T07:04:38.786Z,gpu-3uwoq-6g3ya-2,ib_hw_counter,rdma_vf_rail0,rx_read_requests,1.33147e+07
2026-09-30T07:04:38.786Z,gpu-3uwoq-6g3ya-2,ib_hw_counter,rdma_vf_rail0,req_cqe_error,0
2026-09-30T07:04:38.786Z,gpu-3uwoq-6g3ya-2,ib_hw_counter,rdma_vf_rail0,resp_cqe_error,0
2026-09-30T07:04:38.786Z,gpu-3uwoq-6g3ya-2,ib_hw_counter,rdma_vf_rail0,implied_nak_seq_err,0
2026-09-30T07:04:38.786Z,gpu-3uwoq-6g3ya-2,ib_hw_counter,rdma_vf_rail0,duplicate_request,0
2026-09-30T07:04:38.786Z,gpu-3uwoq-6g3ya-2,ib_counter,rdma_vf_rail1,port_xmit_data,3.02687e+12
2026-09-30T07:04:38.786Z,gpu-3uwoq-6g3ya-2,ib_counter,rdma_vf_rail1,port_rcv_data,5.987e+12
2026-09-30T07:04:38.786Z,gpu-3uwoq-6g3ya-2,ib_counter,rdma_vf_rail1,port_xmit_packets,1.03075e+09
2026-09-30T07:04:38.786Z,gpu-3uwoq-6g3ya-2,ib_counter,rdma_vf_rail1,port_rcv_packets,1.66181e+09
2026-09-30T07:04:38.786Z,gpu-3uwoq-6g3ya-2,ib_counter,rdma_vf_rail1,port_xmit_wait,0
2026-09-30T07:04:38.786Z,gpu-3uwoq-6g3ya-2,ib_counter,rdma_vf_rail1,port_rcv_errors,0
2026-09-30T07:04:38.786Z,gpu-3uwoq-6g3ya-2,ib_counter,rdma_vf_rail1,port_xmit_discards,0
2026-09-30T07:04:38.786Z,gpu-3uwoq-6g3ya-2,ib_counter,rdma_vf_rail1,link_downed,0
2026-09-30T07:04:38.786Z,gpu-3uwoq-6g3ya-2,ib_hw_counter,rdma_vf_rail1,out_of_sequence,8
2026-09-30T07:04:38.786Z,gpu-3uwoq-6g3ya-2,ib_hw_counter,rdma_vf_rail1,packet_seq_err,0
2026-09-30T07:04:38.786Z,gpu-3uwoq-6g3ya-2,ib_hw_counter,rdma_vf_rail1,local_ack_timeout_err,0
2026-09-30T07:04:38.786Z,gpu-3uwoq-6g3ya-2,ib_hw_counter,rdma_vf_rail1,rx_write_requests,7.11363e+08
2026-09-30T07:04:38.786Z,gpu-3uwoq-6g3ya-2,ib_hw_counter,rdma_vf_rail1,rx_read_requests,1.2514e+07
2026-09-30T07:04:38.786Z,gpu-3uwoq-6g3ya-2,ib_hw_counter,rdma_vf_rail1,req_cqe_error,0
2026-09-30T07:04:38.786Z,gpu-3uwoq-6g3ya-2,ib_hw_counter,rdma_vf_rail1,resp_cqe_error,0
2026-09-30T07:04:38.786Z,gpu-3uwoq-6g3ya-2,ib_hw_counter,rdma_vf_rail1,implied_nak_seq_err,0
2026-09-30T07:04:38.786Z,gpu-3uwoq-6g3ya-2,ib_hw_counter,rdma_vf_rail1,duplicate_request,0
2026-09-30T07:04:38.786Z,gpu-3uwoq-6g3ya-2,ib_counter,rdma_vf_rail2,port_xmit_data,2.9993e+12
2026-09-30T07:04:38.786Z,gpu-3uwoq-6g3ya-2,ib_counter,rdma_vf_rail2,port_rcv_data,5.95874e+12
2026-09-30T07:04:38.786Z,gpu-3uwoq-6g3ya-2,ib_counter,rdma_vf_rail2,port_xmit_packets,1.01306e+09
2026-09-30T07:04:38.786Z,gpu-3uwoq-6g3ya-2,ib_counter,rdma_vf_rail2,port_rcv_packets,1.63786e+09
2026-09-30T07:04:38.786Z,gpu-3uwoq-6g3ya-2,ib_counter,rdma_vf_rail2,port_xmit_wait,0
2026-09-30T07:04:38.786Z,gpu-3uwoq-6g3ya-2,ib_counter,rdma_vf_rail2,port_rcv_errors,0
2026-09-30T07:04:38.786Z,gpu-3uwoq-6g3ya-2,ib_counter,rdma_vf_rail2,port_xmit_discards,0
2026-09-30T07:04:38.786Z,gpu-3uwoq-6g3ya-2,ib_counter,rdma_vf_rail2,link_downed,0
2026-09-30T07:04:38.786Z,gpu-3uwoq-6g3ya-2,ib_hw_counter,rdma_vf_rail2,out_of_sequence,8
2026-09-30T07:04:38.786Z,gpu-3uwoq-6g3ya-2,ib_hw_counter,rdma_vf_rail2,packet_seq_err,0
2026-09-30T07:04:38.786Z,gpu-3uwoq-6g3ya-2,ib_hw_counter,rdma_vf_rail2,local_ack_timeout_err,0
2026-09-30T07:04:38.786Z,gpu-3uwoq-6g3ya-2,ib_hw_counter,rdma_vf_rail2,rx_write_requests,7.1093e+08
2026-09-30T07:04:38.786Z,gpu-3uwoq-6g3ya-2,ib_hw_counter,rdma_vf_rail2,rx_read_requests,1.23061e+07
2026-09-30T07:04:38.786Z,gpu-3uwoq-6g3ya-2,ib_hw_counter,rdma_vf_rail2,req_cqe_error,0
2026-09-30T07:04:38.786Z,gpu-3uwoq-6g3ya-2,ib_hw_counter,rdma_vf_rail2,resp_cqe_error,0
2026-09-30T07:04:38.786Z,gpu-3uwoq-6g3ya-2,ib_hw_counter,rdma_vf_rail2,implied_nak_seq_err,0
2026-09-30T07:04:38.786Z,gpu-3uwoq-6g3ya-2,ib_hw_counter,rdma_vf_rail2,duplicate_request,0
2026-09-30T07:04:38.786Z,gpu-3uwoq-6g3ya-2,ib_counter,rdma_vf_rail3,port_xmit_data,2.99916e+12
2026-09-30T07:04:38.786Z,gpu-3uwoq-6g3ya-2,ib_counter,rdma_vf_rail3,port_rcv_data,5.95935e+12
2026-09-30T07:04:38.786Z,gpu-3uwoq-6g3ya-2,ib_counter,rdma_vf_rail3,port_xmit_packets,1.0114e+09
2026-09-30T07:04:38.786Z,gpu-3uwoq-6g3ya-2,ib_counter,rdma_vf_rail3,port_rcv_packets,1.64526e+09
2026-09-30T07:04:38.786Z,gpu-3uwoq-6g3ya-2,ib_counter,rdma_vf_rail3,port_xmit_wait,0
2026-09-30T07:04:38.786Z,gpu-3uwoq-6g3ya-2,ib_counter,rdma_vf_rail3,port_rcv_errors,0
2026-09-30T07:04:38.786Z,gpu-3uwoq-6g3ya-2,ib_counter,rdma_vf_rail3,port_xmit_discards,0
2026-09-30T07:04:38.786Z,gpu-3uwoq-6g3ya-2,ib_counter,rdma_vf_rail3,link_downed,0
2026-09-30T07:04:38.786Z,gpu-3uwoq-6g3ya-2,ib_hw_counter,rdma_vf_rail3,out_of_sequence,7
2026-09-30T07:04:38.786Z,gpu-3uwoq-6g3ya-2,ib_hw_counter,rdma_vf_rail3,packet_seq_err,1
2026-09-30T07:04:38.786Z,gpu-3uwoq-6g3ya-2,ib_hw_counter,rdma_vf_rail3,local_ack_timeout_err,0
2026-09-30T07:04:38.786Z,gpu-3uwoq-6g3ya-2,ib_hw_counter,rdma_vf_rail3,rx_write_requests,7.1093e+08
2026-09-30T07:04:38.786Z,gpu-3uwoq-6g3ya-2,ib_hw_counter,rdma_vf_rail3,rx_read_requests,1.23061e+07
2026-09-30T07:04:38.786Z,gpu-3uwoq-6g3ya-2,ib_hw_counter,rdma_vf_rail3,req_cqe_error,0
2026-09-30T07:04:38.786Z,gpu-3uwoq-6g3ya-2,ib_hw_counter,rdma_vf_rail3,resp_cqe_error,0
2026-09-30T07:04:38.786Z,gpu-3uwoq-6g3ya-2,ib_hw_counter,rdma_vf_rail3,implied_nak_seq_err,0
2026-09-30T07:04:38.786Z,gpu-3uwoq-6g3ya-2,ib_hw_counter,rdma_vf_rail3,duplicate_request,0
2026-09-30T07:04:38.786Z,gpu-3uwoq-6g3ya-2,dcgm,gpu2,gpu_util,0
2026-09-30T07:04:38.786Z,gpu-3uwoq-6g3ya-2,dcgm,gpu3,gpu_util,0
2026-09-30T07:04:38.786Z,gpu-3uwoq-6g3ya-2,dcgm,gpu1,gpu_util,0
2026-09-30T07:04:38.786Z,gpu-3uwoq-6g3ya-2,dcgm,gpu0,gpu_util,0
2026-09-30T07:04:38.786Z,gpu-3uwoq-6g3ya-2,dcgm,gpu2,nvlink_bandwidth_total,0
2026-09-30T07:04:38.786Z,gpu-3uwoq-6g3ya-2,dcgm,gpu3,nvlink_bandwidth_total,0
2026-09-30T07:04:38.786Z,gpu-3uwoq-6g3ya-2,dcgm,gpu1,nvlink_bandwidth_total,0
2026-09-30T07:04:38.786Z,gpu-3uwoq-6g3ya-2,dcgm,gpu0,nvlink_bandwidth_total,0
2026-09-30T07:04:38.786Z,gpu-3uwoq-6g3ya-2,dcgm,gpu2,power_w,230.685
2026-09-30T07:04:38.786Z,gpu-3uwoq-6g3ya-2,dcgm,gpu3,power_w,234.316
2026-09-30T07:04:38.786Z,gpu-3uwoq-6g3ya-2,dcgm,gpu1,power_w,230
2026-09-30T07:04:38.786Z,gpu-3uwoq-6g3ya-2,dcgm,gpu0,power_w,226.743
2026-09-30T07:04:38.786Z,gpu-3uwoq-6g3ya-2,dcgm,gpu2,sm_clock_mhz,2070
2026-09-30T07:04:38.786Z,gpu-3uwoq-6g3ya-2,dcgm,gpu3,sm_clock_mhz,2070
2026-09-30T07:04:38.786Z,gpu-3uwoq-6g3ya-2,dcgm,gpu1,sm_clock_mhz,2070
2026-09-30T07:04:38.786Z,gpu-3uwoq-6g3ya-2,dcgm,gpu0,sm_clock_mhz,2070
2026-09-30T07:04:38.786Z,gpu-3uwoq-6g3ya-2,dcgm,gpu2,dram_active,0
2026-09-30T07:04:38.786Z,gpu-3uwoq-6g3ya-2,dcgm,gpu3,dram_active,0
2026-09-30T07:04:38.786Z,gpu-3uwoq-6g3ya-2,dcgm,gpu1,dram_active,0
2026-09-30T07:04:38.786Z,gpu-3uwoq-6g3ya-2,dcgm,gpu0,dram_active,0
2026-09-30T07:04:38.786Z,gpu-3uwoq-6g3ya-2,dcgm,gpu2,pcie_rx_bytes,70491
2026-09-30T07:04:38.786Z,gpu-3uwoq-6g3ya-2,dcgm,gpu3,pcie_rx_bytes,72924
2026-09-30T07:04:38.786Z,gpu-3uwoq-6g3ya-2,dcgm,gpu1,pcie_rx_bytes,84384
2026-09-30T07:04:38.786Z,gpu-3uwoq-6g3ya-2,dcgm,gpu0,pcie_rx_bytes,78827
2026-09-30T07:04:38.786Z,gpu-3uwoq-6g3ya-2,dcgm,gpu2,pcie_tx_bytes,66900
2026-09-30T07:04:38.786Z,gpu-3uwoq-6g3ya-2,dcgm,gpu3,pcie_tx_bytes,69833
2026-09-30T07:04:38.786Z,gpu-3uwoq-6g3ya-2,dcgm,gpu1,pcie_tx_bytes,80261
2026-09-30T07:04:38.786Z,gpu-3uwoq-6g3ya-2,dcgm,gpu0,pcie_tx_bytes,74686
2026-09-30T07:04:38.786Z,gpu-3uwoq-6g3ya-2,dcgm,gpu2,tensor_active,0
2026-09-30T07:04:38.786Z,gpu-3uwoq-6g3ya-2,dcgm,gpu3,tensor_active,0
2026-09-30T07:04:38.786Z,gpu-3uwoq-6g3ya-2,dcgm,gpu1,tensor_active,0
2026-09-30T07:04:38.786Z,gpu-3uwoq-6g3ya-2,dcgm,gpu0,tensor_active,0
2026-09-30T07:04:38.786Z,gpu-3uwoq-6g3ya-2,dcgm,gpu2,sm_active,0
2026-09-30T07:04:38.786Z,gpu-3uwoq-6g3ya-2,dcgm,gpu3,sm_active,0
2026-09-30T07:04:38.786Z,gpu-3uwoq-6g3ya-2,dcgm,gpu1,sm_active,0
2026-09-30T07:04:38.786Z,gpu-3uwoq-6g3ya-2,dcgm,gpu0,sm_active,0
2026-09-30T07:04:38.786Z,gpu-3uwoq-6g3ya-2,nvlink,gpu0,nvlink_rx_bytes,4.80963e+13
2026-09-30T07:04:38.786Z,gpu-3uwoq-6g3ya-2,nvlink,gpu0,nvlink_tx_bytes,4.80995e+13
2026-09-30T07:04:38.786Z,gpu-3uwoq-6g3ya-2,nvlink,gpu1,nvlink_rx_bytes,4.82499e+13
2026-09-30T07:04:38.786Z,gpu-3uwoq-6g3ya-2,nvlink,gpu1,nvlink_tx_bytes,4.8252e+13
2026-09-30T07:04:38.786Z,gpu-3uwoq-6g3ya-2,nvlink,gpu2,nvlink_rx_bytes,4.80847e+13
2026-09-30T07:04:38.786Z,gpu-3uwoq-6g3ya-2,nvlink,gpu2,nvlink_tx_bytes,4.80882e+13
2026-09-30T07:04:38.786Z,gpu-3uwoq-6g3ya-2,nvlink,gpu3,nvlink_rx_bytes,4.80322e+13
2026-09-30T07:04:38.786Z,gpu-3uwoq-6g3ya-2,nvlink,gpu3,nvlink_tx_bytes,4.80353e+13
2026-09-30T07:04:39.786Z,gpu-3uwoq-6g3ya-2,ib_counter,rdma_vf_rail0,port_xmit_data,3.13507e+12
2026-09-30T07:04:39.786Z,gpu-3uwoq-6g3ya-2,ib_counter,rdma_vf_rail0,port_rcv_data,6.09511e+12
2026-09-30T07:04:39.786Z,gpu-3uwoq-6g3ya-2,ib_counter,rdma_vf_rail0,port_xmit_packets,1.06346e+09
2026-09-30T07:04:39.786Z,gpu-3uwoq-6g3ya-2,ib_counter,rdma_vf_rail0,port_rcv_packets,1.69433e+09
2026-09-30T07:04:39.786Z,gpu-3uwoq-6g3ya-2,ib_counter,rdma_vf_rail0,port_xmit_wait,0
2026-09-30T07:04:39.786Z,gpu-3uwoq-6g3ya-2,ib_counter,rdma_vf_rail0,port_rcv_errors,0
2026-09-30T07:04:39.786Z,gpu-3uwoq-6g3ya-2,ib_counter,rdma_vf_rail0,port_xmit_discards,0
2026-09-30T07:04:39.786Z,gpu-3uwoq-6g3ya-2,ib_counter,rdma_vf_rail0,link_downed,0
2026-09-30T07:04:39.786Z,gpu-3uwoq-6g3ya-2,ib_hw_counter,rdma_vf_rail0,out_of_sequence,8
2026-09-30T07:04:39.786Z,gpu-3uwoq-6g3ya-2,ib_hw_counter,rdma_vf_rail0,packet_seq_err,0
2026-09-30T07:04:39.786Z,gpu-3uwoq-6g3ya-2,ib_hw_counter,rdma_vf_rail0,local_ack_timeout_err,0
2026-09-30T07:04:39.786Z,gpu-3uwoq-6g3ya-2,ib_hw_counter,rdma_vf_rail0,rx_write_requests,7.12956e+08
2026-09-30T07:04:39.786Z,gpu-3uwoq-6g3ya-2,ib_hw_counter,rdma_vf_rail0,rx_read_requests,1.33147e+07
2026-09-30T07:04:39.786Z,gpu-3uwoq-6g3ya-2,ib_hw_counter,rdma_vf_rail0,req_cqe_error,0
2026-09-30T07:04:39.786Z,gpu-3uwoq-6g3ya-2,ib_hw_counter,rdma_vf_rail0,resp_cqe_error,0
2026-09-30T07:04:39.786Z,gpu-3uwoq-6g3ya-2,ib_hw_counter,rdma_vf_rail0,implied_nak_seq_err,0
2026-09-30T07:04:39.786Z,gpu-3uwoq-6g3ya-2,ib_hw_counter,rdma_vf_rail0,duplicate_request,0
2026-09-30T07:04:39.786Z,gpu-3uwoq-6g3ya-2,ib_counter,rdma_vf_rail1,port_xmit_data,3.02687e+12
2026-09-30T07:04:39.786Z,gpu-3uwoq-6g3ya-2,ib_counter,rdma_vf_rail1,port_rcv_data,5.987e+12
2026-09-30T07:04:39.786Z,gpu-3uwoq-6g3ya-2,ib_counter,rdma_vf_rail1,port_xmit_packets,1.03075e+09
2026-09-30T07:04:39.786Z,gpu-3uwoq-6g3ya-2,ib_counter,rdma_vf_rail1,port_rcv_packets,1.66181e+09
2026-09-30T07:04:39.786Z,gpu-3uwoq-6g3ya-2,ib_counter,rdma_vf_rail1,port_xmit_wait,0
2026-09-30T07:04:39.786Z,gpu-3uwoq-6g3ya-2,ib_counter,rdma_vf_rail1,port_rcv_errors,0
2026-09-30T07:04:39.786Z,gpu-3uwoq-6g3ya-2,ib_counter,rdma_vf_rail1,port_xmit_discards,0
2026-09-30T07:04:39.786Z,gpu-3uwoq-6g3ya-2,ib_counter,rdma_vf_rail1,link_downed,0
2026-09-30T07:04:39.786Z,gpu-3uwoq-6g3ya-2,ib_hw_counter,rdma_vf_rail1,out_of_sequence,8
2026-09-30T07:04:39.786Z,gpu-3uwoq-6g3ya-2,ib_hw_counter,rdma_vf_rail1,packet_seq_err,0
2026-09-30T07:04:39.786Z,gpu-3uwoq-6g3ya-2,ib_hw_counter,rdma_vf_rail1,local_ack_timeout_err,0
2026-09-30T07:04:39.786Z,gpu-3uwoq-6g3ya-2,ib_hw_counter,rdma_vf_rail1,rx_write_requests,7.11363e+08
2026-09-30T07:04:39.786Z,gpu-3uwoq-6g3ya-2,ib_hw_counter,rdma_vf_rail1,rx_read_requests,1.2514e+07
2026-09-30T07:04:39.786Z,gpu-3uwoq-6g3ya-2,ib_hw_counter,rdma_vf_rail1,req_cqe_error,0
2026-09-30T07:04:39.786Z,gpu-3uwoq-6g3ya-2,ib_hw_counter,rdma_vf_rail1,resp_cqe_error,0
2026-09-30T07:04:39.786Z,gpu-3uwoq-6g3ya-2,ib_hw_counter,rdma_vf_rail1,implied_nak_seq_err,0
2026-09-30T07:04:39.786Z,gpu-3uwoq-6g3ya-2,ib_hw_counter,rdma_vf_rail1,duplicate_request,0
2026-09-30T07:04:39.786Z,gpu-3uwoq-6g3ya-2,ib_counter,rdma_vf_rail2,port_xmit_data,2.9993e+12
2026-09-30T07:04:39.786Z,gpu-3uwoq-6g3ya-2,ib_counter,rdma_vf_rail2,port_rcv_data,5.95874e+12
2026-09-30T07:04:39.786Z,gpu-3uwoq-6g3ya-2,ib_counter,rdma_vf_rail2,port_xmit_packets,1.01306e+09
2026-09-30T07:04:39.786Z,gpu-3uwoq-6g3ya-2,ib_counter,rdma_vf_rail2,port_rcv_packets,1.63786e+09
2026-09-30T07:04:39.786Z,gpu-3uwoq-6g3ya-2,ib_counter,rdma_vf_rail2,port_xmit_wait,0
2026-09-30T07:04:39.786Z,gpu-3uwoq-6g3ya-2,ib_counter,rdma_vf_rail2,port_rcv_errors,0
2026-09-30T07:04:39.786Z,gpu-3uwoq-6g3ya-2,ib_counter,rdma_vf_rail2,port_xmit_discards,0
2026-09-30T07:04:39.786Z,gpu-3uwoq-6g3ya-2,ib_counter,rdma_vf_rail2,link_downed,0
2026-09-30T07:04:39.786Z,gpu-3uwoq-6g3ya-2,ib_hw_counter,rdma_vf_rail2,out_of_sequence,8
2026-09-30T07:04:39.786Z,gpu-3uwoq-6g3ya-2,ib_hw_counter,rdma_vf_rail2,packet_seq_err,0
2026-09-30T07:04:39.786Z,gpu-3uwoq-6g3ya-2,ib_hw_counter,rdma_vf_rail2,local_ack_timeout_err,0
2026-09-30T07:04:39.786Z,gpu-3uwoq-6g3ya-2,ib_hw_counter,rdma_vf_rail2,rx_write_requests,7.1093e+08
2026-09-30T07:04:39.786Z,gpu-3uwoq-6g3ya-2,ib_hw_counter,rdma_vf_rail2,rx_read_requests,1.23061e+07
2026-09-30T07:04:39.786Z,gpu-3uwoq-6g3ya-2,ib_hw_counter,rdma_vf_rail2,req_cqe_error,0
2026-09-30T07:04:39.786Z,gpu-3uwoq-6g3ya-2,ib_hw_counter,rdma_vf_rail2,resp_cqe_error,0
2026-09-30T07:04:39.786Z,gpu-3uwoq-6g3ya-2,ib_hw_counter,rdma_vf_rail2,implied_nak_seq_err,0
2026-09-30T07:04:39.786Z,gpu-3uwoq-6g3ya-2,ib_hw_counter,rdma_vf_rail2,duplicate_request,0
2026-09-30T07:04:39.786Z,gpu-3uwoq-6g3ya-2,ib_counter,rdma_vf_rail3,port_xmit_data,2.99916e+12
2026-09-30T07:04:39.786Z,gpu-3uwoq-6g3ya-2,ib_counter,rdma_vf_rail3,port_rcv_data,5.95935e+12
2026-09-30T07:04:39.786Z,gpu-3uwoq-6g3ya-2,ib_counter,rdma_vf_rail3,port_xmit_packets,1.0114e+09
2026-09-30T07:04:39.786Z,gpu-3uwoq-6g3ya-2,ib_counter,rdma_vf_rail3,port_rcv_packets,1.64526e+09
2026-09-30T07:04:39.786Z,gpu-3uwoq-6g3ya-2,ib_counter,rdma_vf_rail3,port_xmit_wait,0
2026-09-30T07:04:39.786Z,gpu-3uwoq-6g3ya-2,ib_counter,rdma_vf_rail3,port_rcv_errors,0
2026-09-30T07:04:39.786Z,gpu-3uwoq-6g3ya-2,ib_counter,rdma_vf_rail3,port_xmit_discards,0
2026-09-30T07:04:39.786Z,gpu-3uwoq-6g3ya-2,ib_counter,rdma_vf_rail3,link_downed,0
2026-09-30T07:04:39.786Z,gpu-3uwoq-6g3ya-2,ib_hw_counter,rdma_vf_rail3,out_of_sequence,7
2026-09-30T07:04:39.786Z,gpu-3uwoq-6g3ya-2,ib_hw_counter,rdma_vf_rail3,packet_seq_err,1
2026-09-30T07:04:39.786Z,gpu-3uwoq-6g3ya-2,ib_hw_counter,rdma_vf_rail3,local_ack_timeout_err,0
2026-09-30T07:04:39.786Z,gpu-3uwoq-6g3ya-2,ib_hw_counter,rdma_vf_rail3,rx_write_requests,7.1093e+08
2026-09-30T07:04:39.786Z,gpu-3uwoq-6g3ya-2,ib_hw_counter,rdma_vf_rail3,rx_read_requests,1.23061e+07
2026-09-30T07:04:39.786Z,gpu-3uwoq-6g3ya-2,ib_hw_counter,rdma_vf_rail3,req_cqe_error,0
2026-09-30T07:04:39.786Z,gpu-3uwoq-6g3ya-2,ib_hw_counter,rdma_vf_rail3,resp_cqe_error,0
2026-09-30T07:04:39.786Z,gpu-3uwoq-6g3ya-2,ib_hw_counter,rdma_vf_rail3,implied_nak_seq_err,0
2026-09-30T07:04:39.786Z,gpu-3uwoq-6g3ya-2,ib_hw_counter,rdma_vf_rail3,duplicate_request,0
2026-09-30T07:04:39.786Z,gpu-3uwoq-6g3ya-2,dcgm,gpu2,gpu_util,0
2026-09-30T07:04:39.786Z,gpu-3uwoq-6g3ya-2,dcgm,gpu3,gpu_util,0
2026-09-30T07:04:39.786Z,gpu-3uwoq-6g3ya-2,dcgm,gpu1,gpu_util,0
2026-09-30T07:04:39.786Z,gpu-3uwoq-6g3ya-2,dcgm,gpu0,gpu_util,0
2026-09-30T07:04:39.786Z,gpu-3uwoq-6g3ya-2,dcgm,gpu2,nvlink_bandwidth_total,0
2026-09-30T07:04:39.786Z,gpu-3uwoq-6g3ya-2,dcgm,gpu3,nvlink_bandwidth_total,0
2026-09-30T07:04:39.786Z,gpu-3uwoq-6g3ya-2,dcgm,gpu1,nvlink_bandwidth_total,0
2026-09-30T07:04:39.786Z,gpu-3uwoq-6g3ya-2,dcgm,gpu0,nvlink_bandwidth_total,0
2026-09-30T07:04:39.786Z,gpu-3uwoq-6g3ya-2,dcgm,gpu2,power_w,230.685
2026-09-30T07:04:39.786Z,gpu-3uwoq-6g3ya-2,dcgm,gpu3,power_w,234.316
2026-09-30T07:04:39.786Z,gpu-3uwoq-6g3ya-2,dcgm,gpu1,power_w,230
2026-09-30T07:04:39.786Z,gpu-3uwoq-6g3ya-2,dcgm,gpu0,power_w,226.743
2026-09-30T07:04:39.786Z,gpu-3uwoq-6g3ya-2,dcgm,gpu2,sm_clock_mhz,2070
2026-09-30T07:04:39.786Z,gpu-3uwoq-6g3ya-2,dcgm,gpu3,sm_clock_mhz,2070
2026-09-30T07:04:39.786Z,gpu-3uwoq-6g3ya-2,dcgm,gpu1,sm_clock_mhz,2070
2026-09-30T07:04:39.786Z,gpu-3uwoq-6g3ya-2,dcgm,gpu0,sm_clock_mhz,2070
2026-09-30T07:04:39.786Z,gpu-3uwoq-6g3ya-2,dcgm,gpu2,dram_active,0
2026-09-30T07:04:39.786Z,gpu-3uwoq-6g3ya-2,dcgm,gpu3,dram_active,0
2026-09-30T07:04:39.786Z,gpu-3uwoq-6g3ya-2,dcgm,gpu1,dram_active,0
2026-09-30T07:04:39.786Z,gpu-3uwoq-6g3ya-2,dcgm,gpu0,dram_active,0
2026-09-30T07:04:39.786Z,gpu-3uwoq-6g3ya-2,dcgm,gpu2,pcie_rx_bytes,70491
2026-09-30T07:04:39.786Z,gpu-3uwoq-6g3ya-2,dcgm,gpu3,pcie_rx_bytes,72924
2026-09-30T07:04:39.786Z,gpu-3uwoq-6g3ya-2,dcgm,gpu1,pcie_rx_bytes,84384
2026-09-30T07:04:39.786Z,gpu-3uwoq-6g3ya-2,dcgm,gpu0,pcie_rx_bytes,78827
2026-09-30T07:04:39.786Z,gpu-3uwoq-6g3ya-2,dcgm,gpu2,pcie_tx_bytes,66900
2026-09-30T07:04:39.786Z,gpu-3uwoq-6g3ya-2,dcgm,gpu3,pcie_tx_bytes,69833
2026-09-30T07:04:39.786Z,gpu-3uwoq-6g3ya-2,dcgm,gpu1,pcie_tx_bytes,80261
2026-09-30T07:04:39.786Z,gpu-3uwoq-6g3ya-2,dcgm,gpu0,pcie_tx_bytes,74686
2026-09-30T07:04:39.786Z,gpu-3uwoq-6g3ya-2,dcgm,gpu2,tensor_active,0
2026-09-30T07:04:39.786Z,gpu-3uwoq-6g3ya-2,dcgm,gpu3,tensor_active,0
2026-09-30T07:04:39.786Z,gpu-3uwoq-6g3ya-2,dcgm,gpu1,tensor_active,0
2026-09-30T07:04:39.786Z,gpu-3uwoq-6g3ya-2,dcgm,gpu0,tensor_active,0
2026-09-30T07:04:39.786Z,gpu-3uwoq-6g3ya-2,dcgm,gpu2,sm_active,0
2026-09-30T07:04:39.786Z,gpu-3uwoq-6g3ya-2,dcgm,gpu3,sm_active,0
2026-09-30T07:04:39.786Z,gpu-3uwoq-6g3ya-2,dcgm,gpu1,sm_active,0
2026-09-30T07:04:39.786Z,gpu-3uwoq-6g3ya-2,dcgm,gpu0,sm_active,0
2026-09-30T07:04:39.786Z,gpu-3uwoq-6g3ya-2,nvlink,gpu0,nvlink_rx_bytes,4.80963e+13
2026-09-30T07:04:39.786Z,gpu-3uwoq-6g3ya-2,nvlink,gpu0,nvlink_tx_bytes,4.80995e+13
2026-09-30T07:04:39.786Z,gpu-3uwoq-6g3ya-2,nvlink,gpu1,nvlink_rx_bytes,4.82499e+13
2026-09-30T07:04:39.786Z,gpu-3uwoq-6g3ya-2,nvlink,gpu1,nvlink_tx_bytes,4.8252e+13
2026-09-30T07:04:39.786Z,gpu-3uwoq-6g3ya-2,nvlink,gpu2,nvlink_rx_bytes,4.80847e+13
2026-09-30T07:04:39.786Z,gpu-3uwoq-6g3ya-2,nvlink,gpu2,nvlink_tx_bytes,4.80882e+13
2026-09-30T07:04:39.786Z,gpu-3uwoq-6g3ya-2,nvlink,gpu3,nvlink_rx_bytes,4.80322e+13
2026-09-30T07:04:39.786Z,gpu-3uwoq-6g3ya-2,nvlink,gpu3,nvlink_tx_bytes,4.80353e+13
2026-09-30T07:04:40.787Z,gpu-3uwoq-6g3ya-2,ib_counter,rdma_vf_rail0,port_xmit_data,3.13507e+12
2026-09-30T07:04:40.787Z,gpu-3uwoq-6g3ya-2,ib_counter,rdma_vf_rail0,port_rcv_data,6.09511e+12
2026-09-30T07:04:40.787Z,gpu-3uwoq-6g3ya-2,ib_counter,rdma_vf_rail0,port_xmit_packets,1.06346e+09
2026-09-30T07:04:40.787Z,gpu-3uwoq-6g3ya-2,ib_counter,rdma_vf_rail0,port_rcv_packets,1.69433e+09
2026-09-30T07:04:40.787Z,gpu-3uwoq-6g3ya-2,ib_counter,rdma_vf_rail0,port_xmit_wait,0
2026-09-30T07:04:40.787Z,gpu-3uwoq-6g3ya-2,ib_counter,rdma_vf_rail0,port_rcv_errors,0
2026-09-30T07:04:40.787Z,gpu-3uwoq-6g3ya-2,ib_counter,rdma_vf_rail0,port_xmit_discards,0
2026-09-30T07:04:40.787Z,gpu-3uwoq-6g3ya-2,ib_counter,rdma_vf_rail0,link_downed,0
2026-09-30T07:04:40.787Z,gpu-3uwoq-6g3ya-2,ib_hw_counter,rdma_vf_rail0,out_of_sequence,8
2026-09-30T07:04:40.787Z,gpu-3uwoq-6g3ya-2,ib_hw_counter,rdma_vf_rail0,packet_seq_err,0
2026-09-30T07:04:40.787Z,gpu-3uwoq-6g3ya-2,ib_hw_counter,rdma_vf_rail0,local_ack_timeout_err,0
2026-09-30T07:04:40.787Z,gpu-3uwoq-6g3ya-2,ib_hw_counter,rdma_vf_rail0,rx_write_requests,7.12956e+08
2026-09-30T07:04:40.787Z,gpu-3uwoq-6g3ya-2,ib_hw_counter,rdma_vf_rail0,rx_read_requests,1.33147e+07
2026-09-30T07:04:40.787Z,gpu-3uwoq-6g3ya-2,ib_hw_counter,rdma_vf_rail0,req_cqe_error,0
2026-09-30T07:04:40.787Z,gpu-3uwoq-6g3ya-2,ib_hw_counter,rdma_vf_rail0,resp_cqe_error,0
2026-09-30T07:04:40.787Z,gpu-3uwoq-6g3ya-2,ib_hw_counter,rdma_vf_rail0,implied_nak_seq_err,0
2026-09-30T07:04:40.787Z,gpu-3uwoq-6g3ya-2,ib_hw_counter,rdma_vf_rail0,duplicate_request,0
2026-09-30T07:04:40.787Z,gpu-3uwoq-6g3ya-2,ib_counter,rdma_vf_rail1,port_xmit_data,3.02687e+12
2026-09-30T07:04:40.787Z,gpu-3uwoq-6g3ya-2,ib_counter,rdma_vf_rail1,port_rcv_data,5.987e+12
2026-09-30T07:04:40.787Z,gpu-3uwoq-6g3ya-2,ib_counter,rdma_vf_rail1,port_xmit_packets,1.03075e+09
2026-09-30T07:04:40.787Z,gpu-3uwoq-6g3ya-2,ib_counter,rdma_vf_rail1,port_rcv_packets,1.66181e+09
2026-09-30T07:04:40.787Z,gpu-3uwoq-6g3ya-2,ib_counter,rdma_vf_rail1,port_xmit_wait,0
2026-09-30T07:04:40.787Z,gpu-3uwoq-6g3ya-2,ib_counter,rdma_vf_rail1,port_rcv_errors,0
2026-09-30T07:04:40.787Z,gpu-3uwoq-6g3ya-2,ib_counter,rdma_vf_rail1,port_xmit_discards,0
2026-09-30T07:04:40.787Z,gpu-3uwoq-6g3ya-2,ib_counter,rdma_vf_rail1,link_downed,0
2026-09-30T07:04:40.787Z,gpu-3uwoq-6g3ya-2,ib_hw_counter,rdma_vf_rail1,out_of_sequence,8
2026-09-30T07:04:40.787Z,gpu-3uwoq-6g3ya-2,ib_hw_counter,rdma_vf_rail1,packet_seq_err,0
2026-09-30T07:04:40.787Z,gpu-3uwoq-6g3ya-2,ib_hw_counter,rdma_vf_rail1,local_ack_timeout_err,0
2026-09-30T07:04:40.787Z,gpu-3uwoq-6g3ya-2,ib_hw_counter,rdma_vf_rail1,rx_write_requests,7.11363e+08
2026-09-30T07:04:40.787Z,gpu-3uwoq-6g3ya-2,ib_hw_counter,rdma_vf_rail1,rx_read_requests,1.2514e+07
2026-09-30T07:04:40.787Z,gpu-3uwoq-6g3ya-2,ib_hw_counter,rdma_vf_rail1,req_cqe_error,0
2026-09-30T07:04:40.787Z,gpu-3uwoq-6g3ya-2,ib_hw_counter,rdma_vf_rail1,resp_cqe_error,0
2026-09-30T07:04:40.787Z,gpu-3uwoq-6g3ya-2,ib_hw_counter,rdma_vf_rail1,implied_nak_seq_err,0
2026-09-30T07:04:40.787Z,gpu-3uwoq-6g3ya-2,ib_hw_counter,rdma_vf_rail1,duplicate_request,0
2026-09-30T07:04:40.787Z,gpu-3uwoq-6g3ya-2,ib_counter,rdma_vf_rail2,port_xmit_data,2.9993e+12
2026-09-30T07:04:40.787Z,gpu-3uwoq-6g3ya-2,ib_counter,rdma_vf_rail2,port_rcv_data,5.95874e+12
2026-09-30T07:04:40.787Z,gpu-3uwoq-6g3ya-2,ib_counter,rdma_vf_rail2,port_xmit_packets,1.01306e+09
2026-09-30T07:04:40.787Z,gpu-3uwoq-6g3ya-2,ib_counter,rdma_vf_rail2,port_rcv_packets,1.63786e+09
2026-09-30T07:04:40.787Z,gpu-3uwoq-6g3ya-2,ib_counter,rdma_vf_rail2,port_xmit_wait,0
2026-09-30T07:04:40.787Z,gpu-3uwoq-6g3ya-2,ib_counter,rdma_vf_rail2,port_rcv_errors,0
2026-09-30T07:04:40.787Z,gpu-3uwoq-6g3ya-2,ib_counter,rdma_vf_rail2,port_xmit_discards,0
2026-09-30T07:04:40.787Z,gpu-3uwoq-6g3ya-2,ib_counter,rdma_vf_rail2,link_downed,0
2026-09-30T07:04:40.787Z,gpu-3uwoq-6g3ya-2,ib_hw_counter,rdma_vf_rail2,out_of_sequence,8
2026-09-30T07:04:40.787Z,gpu-3uwoq-6g3ya-2,ib_hw_counter,rdma_vf_rail2,packet_seq_err,0
2026-09-30T07:04:40.787Z,gpu-3uwoq-6g3ya-2,ib_hw_counter,rdma_vf_rail2,local_ack_timeout_err,0
2026-09-30T07:04:40.787Z,gpu-3uwoq-6g3ya-2,ib_hw_counter,rdma_vf_rail2,rx_write_requests,7.1093e+08
2026-09-30T07:04:40.787Z,gpu-3uwoq-6g3ya-2,ib_hw_counter,rdma_vf_rail2,rx_read_requests,1.23061e+07
2026-09-30T07:04:40.787Z,gpu-3uwoq-6g3ya-2,ib_hw_counter,rdma_vf_rail2,req_cqe_error,0
2026-09-30T07:04:40.787Z,gpu-3uwoq-6g3ya-2,ib_hw_counter,rdma_vf_rail2,resp_cqe_error,0
2026-09-30T07:04:40.787Z,gpu-3uwoq-6g3ya-2,ib_hw_counter,rdma_vf_rail2,implied_nak_seq_err,0
2026-09-30T07:04:40.787Z,gpu-3uwoq-6g3ya-2,ib_hw_counter,rdma_vf_rail2,duplicate_request,0
2026-09-30T07:04:40.787Z,gpu-3uwoq-6g3ya-2,ib_counter,rdma_vf_rail3,port_xmit_data,2.99916e+12
2026-09-30T07:04:40.787Z,gpu-3uwoq-6g3ya-2,ib_counter,rdma_vf_rail3,port_rcv_data,5.95935e+12
2026-09-30T07:04:40.787Z,gpu-3uwoq-6g3ya-2,ib_counter,rdma_vf_rail3,port_xmit_packets,1.0114e+09
2026-09-30T07:04:40.787Z,gpu-3uwoq-6g3ya-2,ib_counter,rdma_vf_rail3,port_rcv_packets,1.64526e+09
2026-09-30T07:04:40.787Z,gpu-3uwoq-6g3ya-2,ib_counter,rdma_vf_rail3,port_xmit_wait,0
2026-09-30T07:04:40.787Z,gpu-3uwoq-6g3ya-2,ib_counter,rdma_vf_rail3,port_rcv_errors,0
2026-09-30T07:04:40.787Z,gpu-3uwoq-6g3ya-2,ib_counter,rdma_vf_rail3,port_xmit_discards,0
2026-09-30T07:04:40.787Z,gpu-3uwoq-6g3ya-2,ib_counter,rdma_vf_rail3,link_downed,0
2026-09-30T07:04:40.787Z,gpu-3uwoq-6g3ya-2,ib_hw_counter,rdma_vf_rail3,out_of_sequence,7
2026-09-30T07:04:40.787Z,gpu-3uwoq-6g3ya-2,ib_hw_counter,rdma_vf_rail3,packet_seq_err,1
2026-09-30T07:04:40.787Z,gpu-3uwoq-6g3ya-2,ib_hw_counter,rdma_vf_rail3,local_ack_timeout_err,0
2026-09-30T07:04:40.787Z,gpu-3uwoq-6g3ya-2,ib_hw_counter,rdma_vf_rail3,rx_write_requests,7.1093e+08
2026-09-30T07:04:40.787Z,gpu-3uwoq-6g3ya-2,ib_hw_counter,rdma_vf_rail3,rx_read_requests,1.23061e+07
2026-09-30T07:04:40.787Z,gpu-3uwoq-6g3ya-2,ib_hw_counter,rdma_vf_rail3,req_cqe_error,0
2026-09-30T07:04:40.787Z,gpu-3uwoq-6g3ya-2,ib_hw_counter,rdma_vf_rail3,resp_cqe_error,0
2026-09-30T07:04:40.787Z,gpu-3uwoq-6g3ya-2,ib_hw_counter,rdma_vf_rail3,implied_nak_seq_err,0
2026-09-30T07:04:40.787Z,gpu-3uwoq-6g3ya-2,ib_hw_counter,rdma_vf_rail3,duplicate_request,0
2026-09-30T07:04:40.787Z,gpu-3uwoq-6g3ya-2,dcgm,gpu2,gpu_util,0
2026-09-30T07:04:40.787Z,gpu-3uwoq-6g3ya-2,dcgm,gpu3,gpu_util,0
2026-09-30T07:04:40.787Z,gpu-3uwoq-6g3ya-2,dcgm,gpu1,gpu_util,0
2026-09-30T07:04:40.787Z,gpu-3uwoq-6g3ya-2,dcgm,gpu0,gpu_util,0
2026-09-30T07:04:40.787Z,gpu-3uwoq-6g3ya-2,dcgm,gpu2,nvlink_bandwidth_total,0
2026-09-30T07:04:40.787Z,gpu-3uwoq-6g3ya-2,dcgm,gpu3,nvlink_bandwidth_total,0
2026-09-30T07:04:40.787Z,gpu-3uwoq-6g3ya-2,dcgm,gpu1,nvlink_bandwidth_total,0
2026-09-30T07:04:40.787Z,gpu-3uwoq-6g3ya-2,dcgm,gpu0,nvlink_bandwidth_total,0
2026-09-30T07:04:40.787Z,gpu-3uwoq-6g3ya-2,dcgm,gpu2,power_w,230.685
2026-09-30T07:04:40.787Z,gpu-3uwoq-6g3ya-2,dcgm,gpu3,power_w,234.316
2026-09-30T07:04:40.787Z,gpu-3uwoq-6g3ya-2,dcgm,gpu1,power_w,230
2026-09-30T07:04:40.787Z,gpu-3uwoq-6g3ya-2,dcgm,gpu0,power_w,226.743
2026-09-30T07:04:40.787Z,gpu-3uwoq-6g3ya-2,dcgm,gpu2,sm_clock_mhz,2070
2026-09-30T07:04:40.787Z,gpu-3uwoq-6g3ya-2,dcgm,gpu3,sm_clock_mhz,2070
2026-09-30T07:04:40.787Z,gpu-3uwoq-6g3ya-2,dcgm,gpu1,sm_clock_mhz,2070
2026-09-30T07:04:40.787Z,gpu-3uwoq-6g3ya-2,dcgm,gpu0,sm_clock_mhz,2070
2026-09-30T07:04:40.787Z,gpu-3uwoq-6g3ya-2,dcgm,gpu2,dram_active,0
2026-09-30T07:04:40.787Z,gpu-3uwoq-6g3ya-2,dcgm,gpu3,dram_active,0
2026-09-30T07:04:40.787Z,gpu-3uwoq-6g3ya-2,dcgm,gpu1,dram_active,0
2026-09-30T07:04:40.787Z,gpu-3uwoq-6g3ya-2,dcgm,gpu0,dram_active,0
2026-09-30T07:04:40.787Z,gpu-3uwoq-6g3ya-2,dcgm,gpu2,pcie_rx_bytes,70491
2026-09-30T07:04:40.787Z,gpu-3uwoq-6g3ya-2,dcgm,gpu3,pcie_rx_bytes,72924
2026-09-30T07:04:40.787Z,gpu-3uwoq-6g3ya-2,dcgm,gpu1,pcie_rx_bytes,84384
2026-09-30T07:04:40.787Z,gpu-3uwoq-6g3ya-2,dcgm,gpu0,pcie_rx_bytes,78827
2026-09-30T07:04:40.787Z,gpu-3uwoq-6g3ya-2,dcgm,gpu2,pcie_tx_bytes,66900
2026-09-30T07:04:40.787Z,gpu-3uwoq-6g3ya-2,dcgm,gpu3,pcie_tx_bytes,69833
2026-09-30T07:04:40.787Z,gpu-3uwoq-6g3ya-2,dcgm,gpu1,pcie_tx_bytes,80261
2026-09-30T07:04:40.787Z,gpu-3uwoq-6g3ya-2,dcgm,gpu0,pcie_tx_bytes,74686
2026-09-30T07:04:40.787Z,gpu-3uwoq-6g3ya-2,dcgm,gpu2,tensor_active,0
2026-09-30T07:04:40.787Z,gpu-3uwoq-6g3ya-2,dcgm,gpu3,tensor_active,0
2026-09-30T07:04:40.787Z,gpu-3uwoq-6g3ya-2,dcgm,gpu1,tensor_active,0
2026-09-30T07:04:40.787Z,gpu-3uwoq-6g3ya-2,dcgm,gpu0,tensor_active,0
2026-09-30T07:04:40.787Z,gpu-3uwoq-6g3ya-2,dcgm,gpu2,sm_active,0
2026-09-30T07:04:40.787Z,gpu-3uwoq-6g3ya-2,dcgm,gpu3,sm_active,0
2026-09-30T07:04:40.787Z,gpu-3uwoq-6g3ya-2,dcgm,gpu1,sm_active,0
2026-09-30T07:04:40.787Z,gpu-3uwoq-6g3ya-2,dcgm,gpu0,sm_active,0
2026-09-30T07:04:40.787Z,gpu-3uwoq-6g3ya-2,nvlink,gpu0,nvlink_rx_bytes,4.80963e+13
2026-09-30T07:04:40.787Z,gpu-3uwoq-6g3ya-2,nvlink,gpu0,nvlink_tx_bytes,4.80995e+13
2026-09-30T07:04:40.787Z,gpu-3uwoq-6g3ya-2,nvlink,gpu1,nvlink_rx_bytes,4.82499e+13
2026-09-30T07:04:40.787Z,gpu-3uwoq-6g3ya-2,nvlink,gpu1,nvlink_tx_bytes,4.8252e+13
2026-09-30T07:04:40.787Z,gpu-3uwoq-6g3ya-2,nvlink,gpu2,nvlink_rx_bytes,4.80847e+13
2026-09-30T07:04:40.787Z,gpu-3uwoq-6g3ya-2,nvlink,gpu2,nvlink_tx_bytes,4.80882e+13
2026-09-30T07:04:40.787Z,gpu-3uwoq-6g3ya-2,nvlink,gpu3,nvlink_rx_bytes,4.80322e+13
2026-09-30T07:04:40.787Z,gpu-3uwoq-6g3ya-2,nvlink,gpu3,nvlink_tx_bytes,4.80353e+13
2026-09-30T07:04:41.787Z,gpu-3uwoq-6g3ya-2,ib_counter,rdma_vf_rail0,port_xmit_data,3.13507e+12
2026-09-30T07:04:41.787Z,gpu-3uwoq-6g3ya-2,ib_counter,rdma_vf_rail0,port_rcv_data,6.09511e+12
2026-09-30T07:04:41.787Z,gpu-3uwoq-6g3ya-2,ib_counter,rdma_vf_rail0,port_xmit_packets,1.06346e+09
2026-09-30T07:04:41.787Z,gpu-3uwoq-6g3ya-2,ib_counter,rdma_vf_rail0,port_rcv_packets,1.69433e+09
2026-09-30T07:04:41.787Z,gpu-3uwoq-6g3ya-2,ib_counter,rdma_vf_rail0,port_xmit_wait,0
2026-09-30T07:04:41.787Z,gpu-3uwoq-6g3ya-2,ib_counter,rdma_vf_rail0,port_rcv_errors,0
2026-09-30T07:04:41.787Z,gpu-3uwoq-6g3ya-2,ib_counter,rdma_vf_rail0,port_xmit_discards,0
2026-09-30T07:04:41.787Z,gpu-3uwoq-6g3ya-2,ib_counter,rdma_vf_rail0,link_downed,0
2026-09-30T07:04:41.787Z,gpu-3uwoq-6g3ya-2,ib_hw_counter,rdma_vf_rail0,out_of_sequence,8
2026-09-30T07:04:41.787Z,gpu-3uwoq-6g3ya-2,ib_hw_counter,rdma_vf_rail0,packet_seq_err,0
2026-09-30T07:04:41.787Z,gpu-3uwoq-6g3ya-2,ib_hw_counter,rdma_vf_rail0,local_ack_timeout_err,0
2026-09-30T07:04:41.787Z,gpu-3uwoq-6g3ya-2,ib_hw_counter,rdma_vf_rail0,rx_write_requests,7.12956e+08
2026-09-30T07:04:41.787Z,gpu-3uwoq-6g3ya-2,ib_hw_counter,rdma_vf_rail0,rx_read_requests,1.33147e+07
2026-09-30T07:04:41.787Z,gpu-3uwoq-6g3ya-2,ib_hw_counter,rdma_vf_rail0,req_cqe_error,0
2026-09-30T07:04:41.787Z,gpu-3uwoq-6g3ya-2,ib_hw_counter,rdma_vf_rail0,resp_cqe_error,0
2026-09-30T07:04:41.787Z,gpu-3uwoq-6g3ya-2,ib_hw_counter,rdma_vf_rail0,implied_nak_seq_err,0
2026-09-30T07:04:41.787Z,gpu-3uwoq-6g3ya-2,ib_hw_counter,rdma_vf_rail0,duplicate_request,0
2026-09-30T07:04:41.787Z,gpu-3uwoq-6g3ya-2,ib_counter,rdma_vf_rail1,port_xmit_data,3.02687e+12
2026-09-30T07:04:41.787Z,gpu-3uwoq-6g3ya-2,ib_counter,rdma_vf_rail1,port_rcv_data,5.987e+12
2026-09-30T07:04:41.787Z,gpu-3uwoq-6g3ya-2,ib_counter,rdma_vf_rail1,port_xmit_packets,1.03075e+09
2026-09-30T07:04:41.787Z,gpu-3uwoq-6g3ya-2,ib_counter,rdma_vf_rail1,port_rcv_packets,1.66181e+09
2026-09-30T07:04:41.787Z,gpu-3uwoq-6g3ya-2,ib_counter,rdma_vf_rail1,port_xmit_wait,0
2026-09-30T07:04:41.787Z,gpu-3uwoq-6g3ya-2,ib_counter,rdma_vf_rail1,port_rcv_errors,0
2026-09-30T07:04:41.787Z,gpu-3uwoq-6g3ya-2,ib_counter,rdma_vf_rail1,port_xmit_discards,0
2026-09-30T07:04:41.787Z,gpu-3uwoq-6g3ya-2,ib_counter,rdma_vf_rail1,link_downed,0
2026-09-30T07:04:41.787Z,gpu-3uwoq-6g3ya-2,ib_hw_counter,rdma_vf_rail1,out_of_sequence,8
2026-09-30T07:04:41.787Z,gpu-3uwoq-6g3ya-2,ib_hw_counter,rdma_vf_rail1,packet_seq_err,0
2026-09-30T07:04:41.787Z,gpu-3uwoq-6g3ya-2,ib_hw_counter,rdma_vf_rail1,local_ack_timeout_err,0
2026-09-30T07:04:41.787Z,gpu-3uwoq-6g3ya-2,ib_hw_counter,rdma_vf_rail1,rx_write_requests,7.11363e+08
2026-09-30T07:04:41.787Z,gpu-3uwoq-6g3ya-2,ib_hw_counter,rdma_vf_rail1,rx_read_requests,1.2514e+07
2026-09-30T07:04:41.787Z,gpu-3uwoq-6g3ya-2,ib_hw_counter,rdma_vf_rail1,req_cqe_error,0
2026-09-30T07:04:41.787Z,gpu-3uwoq-6g3ya-2,ib_hw_counter,rdma_vf_rail1,resp_cqe_error,0
2026-09-30T07:04:41.787Z,gpu-3uwoq-6g3ya-2,ib_hw_counter,rdma_vf_rail1,implied_nak_seq_err,0
2026-09-30T07:04:41.787Z,gpu-3uwoq-6g3ya-2,ib_hw_counter,rdma_vf_rail1,duplicate_request,0
2026-09-30T07:04:41.787Z,gpu-3uwoq-6g3ya-2,ib_counter,rdma_vf_rail2,port_xmit_data,2.9993e+12
2026-09-30T07:04:41.787Z,gpu-3uwoq-6g3ya-2,ib_counter,rdma_vf_rail2,port_rcv_data,5.95874e+12
2026-09-30T07:04:41.787Z,gpu-3uwoq-6g3ya-2,ib_counter,rdma_vf_rail2,port_xmit_packets,1.01306e+09
2026-09-30T07:04:41.787Z,gpu-3uwoq-6g3ya-2,ib_counter,rdma_vf_rail2,port_rcv_packets,1.63786e+09
2026-09-30T07:04:41.787Z,gpu-3uwoq-6g3ya-2,ib_counter,rdma_vf_rail2,port_xmit_wait,0
2026-09-30T07:04:41.787Z,gpu-3uwoq-6g3ya-2,ib_counter,rdma_vf_rail2,port_rcv_errors,0
2026-09-30T07:04:41.787Z,gpu-3uwoq-6g3ya-2,ib_counter,rdma_vf_rail2,port_xmit_discards,0
2026-09-30T07:04:41.787Z,gpu-3uwoq-6g3ya-2,ib_counter,rdma_vf_rail2,link_downed,0
2026-09-30T07:04:41.787Z,gpu-3uwoq-6g3ya-2,ib_hw_counter,rdma_vf_rail2,out_of_sequence,8
2026-09-30T07:04:41.787Z,gpu-3uwoq-6g3ya-2,ib_hw_counter,rdma_vf_rail2,packet_seq_err,0
2026-09-30T07:04:41.787Z,gpu-3uwoq-6g3ya-2,ib_hw_counter,rdma_vf_rail2,local_ack_timeout_err,0
2026-09-30T07:04:41.787Z,gpu-3uwoq-6g3ya-2,ib_hw_counter,rdma_vf_rail2,rx_write_requests,7.1093e+08
2026-09-30T07:04:41.787Z,gpu-3uwoq-6g3ya-2,ib_hw_counter,rdma_vf_rail2,rx_read_requests,1.23061e+07
2026-09-30T07:04:41.787Z,gpu-3uwoq-6g3ya-2,ib_hw_counter,rdma_vf_rail2,req_cqe_error,0
2026-09-30T07:04:41.787Z,gpu-3uwoq-6g3ya-2,ib_hw_counter,rdma_vf_rail2,resp_cqe_error,0
2026-09-30T07:04:41.787Z,gpu-3uwoq-6g3ya-2,ib_hw_counter,rdma_vf_rail2,implied_nak_seq_err,0
2026-09-30T07:04:41.787Z,gpu-3uwoq-6g3ya-2,ib_hw_counter,rdma_vf_rail2,duplicate_request,0
2026-09-30T07:04:41.787Z,gpu-3uwoq-6g3ya-2,ib_counter,rdma_vf_rail3,port_xmit_data,2.99916e+12
2026-09-30T07:04:41.787Z,gpu-3uwoq-6g3ya-2,ib_counter,rdma_vf_rail3,port_rcv_data,5.95935e+12
2026-09-30T07:04:41.787Z,gpu-3uwoq-6g3ya-2,ib_counter,rdma_vf_rail3,port_xmit_packets,1.0114e+09
2026-09-30T07:04:41.787Z,gpu-3uwoq-6g3ya-2,ib_counter,rdma_vf_rail3,port_rcv_packets,1.64526e+09
2026-09-30T07:04:41.787Z,gpu-3uwoq-6g3ya-2,ib_counter,rdma_vf_rail3,port_xmit_wait,0
2026-09-30T07:04:41.787Z,gpu-3uwoq-6g3ya-2,ib_counter,rdma_vf_rail3,port_rcv_errors,0
2026-09-30T07:04:41.787Z,gpu-3uwoq-6g3ya-2,ib_counter,rdma_vf_rail3,port_xmit_discards,0
2026-09-30T07:04:41.787Z,gpu-3uwoq-6g3ya-2,ib_counter,rdma_vf_rail3,link_downed,0
2026-09-30T07:04:41.787Z,gpu-3uwoq-6g3ya-2,ib_hw_counter,rdma_vf_rail3,out_of_sequence,7
2026-09-30T07:04:41.787Z,gpu-3uwoq-6g3ya-2,ib_hw_counter,rdma_vf_rail3,packet_seq_err,1
2026-09-30T07:04:41.787Z,gpu-3uwoq-6g3ya-2,ib_hw_counter,rdma_vf_rail3,local_ack_timeout_err,0
2026-09-30T07:04:41.787Z,gpu-3uwoq-6g3ya-2,ib_hw_counter,rdma_vf_rail3,rx_write_requests,7.1093e+08
2026-09-30T07:04:41.787Z,gpu-3uwoq-6g3ya-2,ib_hw_counter,rdma_vf_rail3,rx_read_requests,1.23061e+07
2026-09-30T07:04:41.787Z,gpu-3uwoq-6g3ya-2,ib_hw_counter,rdma_vf_rail3,req_cqe_error,0
2026-09-30T07:04:41.787Z,gpu-3uwoq-6g3ya-2,ib_hw_counter,rdma_vf_rail3,resp_cqe_error,0
2026-09-30T07:04:41.787Z,gpu-3uwoq-6g3ya-2,ib_hw_counter,rdma_vf_rail3,implied_nak_seq_err,0
2026-09-30T07:04:41.787Z,gpu-3uwoq-6g3ya-2,ib_hw_counter,rdma_vf_rail3,duplicate_request,0
2026-09-30T07:04:41.787Z,gpu-3uwoq-6g3ya-2,dcgm,gpu2,gpu_util,0
2026-09-30T07:04:41.787Z,gpu-3uwoq-6g3ya-2,dcgm,gpu3,gpu_util,0
2026-09-30T07:04:41.787Z,gpu-3uwoq-6g3ya-2,dcgm,gpu1,gpu_util,0
2026-09-30T07:04:41.787Z,gpu-3uwoq-6g3ya-2,dcgm,gpu0,gpu_util,0
2026-09-30T07:04:41.787Z,gpu-3uwoq-6g3ya-2,dcgm,gpu2,nvlink_bandwidth_total,0
2026-09-30T07:04:41.787Z,gpu-3uwoq-6g3ya-2,dcgm,gpu3,nvlink_bandwidth_total,0
2026-09-30T07:04:41.787Z,gpu-3uwoq-6g3ya-2,dcgm,gpu1,nvlink_bandwidth_total,0
2026-09-30T07:04:41.787Z,gpu-3uwoq-6g3ya-2,dcgm,gpu0,nvlink_bandwidth_total,0
2026-09-30T07:04:41.787Z,gpu-3uwoq-6g3ya-2,dcgm,gpu2,power_w,230.685
2026-09-30T07:04:41.787Z,gpu-3uwoq-6g3ya-2,dcgm,gpu3,power_w,234.316
2026-09-30T07:04:41.787Z,gpu-3uwoq-6g3ya-2,dcgm,gpu1,power_w,230
2026-09-30T07:04:41.787Z,gpu-3uwoq-6g3ya-2,dcgm,gpu0,power_w,226.743
2026-09-30T07:04:41.787Z,gpu-3uwoq-6g3ya-2,dcgm,gpu2,sm_clock_mhz,2070
2026-09-30T07:04:41.787Z,gpu-3uwoq-6g3ya-2,dcgm,gpu3,sm_clock_mhz,2070
2026-09-30T07:04:41.787Z,gpu-3uwoq-6g3ya-2,dcgm,gpu1,sm_clock_mhz,2070
2026-09-30T07:04:41.787Z,gpu-3uwoq-6g3ya-2,dcgm,gpu0,sm_clock_mhz,2070
2026-09-30T07:04:41.787Z,gpu-3uwoq-6g3ya-2,dcgm,gpu2,dram_active,0
2026-09-30T07:04:41.787Z,gpu-3uwoq-6g3ya-2,dcgm,gpu3,dram_active,0
2026-09-30T07:04:41.787Z,gpu-3uwoq-6g3ya-2,dcgm,gpu1,dram_active,0
2026-09-30T07:04:41.787Z,gpu-3uwoq-6g3ya-2,dcgm,gpu0,dram_active,0
2026-09-30T07:04:41.787Z,gpu-3uwoq-6g3ya-2,dcgm,gpu2,pcie_rx_bytes,70491
2026-09-30T07:04:41.787Z,gpu-3uwoq-6g3ya-2,dcgm,gpu3,pcie_rx_bytes,72924
2026-09-30T07:04:41.787Z,gpu-3uwoq-6g3ya-2,dcgm,gpu1,pcie_rx_bytes,84384
2026-09-30T07:04:41.787Z,gpu-3uwoq-6g3ya-2,dcgm,gpu0,pcie_rx_bytes,78827
2026-09-30T07:04:41.787Z,gpu-3uwoq-6g3ya-2,dcgm,gpu2,pcie_tx_bytes,66900
2026-09-30T07:04:41.787Z,gpu-3uwoq-6g3ya-2,dcgm,gpu3,pcie_tx_bytes,69833
2026-09-30T07:04:41.787Z,gpu-3uwoq-6g3ya-2,dcgm,gpu1,pcie_tx_bytes,80261
2026-09-30T07:04:41.787Z,gpu-3uwoq-6g3ya-2,dcgm,gpu0,pcie_tx_bytes,74686
2026-09-30T07:04:41.787Z,gpu-3uwoq-6g3ya-2,dcgm,gpu2,tensor_active,0
2026-09-30T07:04:41.787Z,gpu-3uwoq-6g3ya-2,dcgm,gpu3,tensor_active,0
2026-09-30T07:04:41.787Z,gpu-3uwoq-6g3ya-2,dcgm,gpu1,tensor_active,0
2026-09-30T07:04:41.787Z,gpu-3uwoq-6g3ya-2,dcgm,gpu0,tensor_active,0
2026-09-30T07:04:41.787Z,gpu-3uwoq-6g3ya-2,dcgm,gpu2,sm_active,0
2026-09-30T07:04:41.787Z,gpu-3uwoq-6g3ya-2,dcgm,gpu3,sm_active,0
2026-09-30T07:04:41.787Z,gpu-3uwoq-6g3ya-2,dcgm,gpu1,sm_active,0
2026-09-30T07:04:41.787Z,gpu-3uwoq-6g3ya-2,dcgm,gpu0,sm_active,0
2026-09-30T07:04:41.787Z,gpu-3uwoq-6g3ya-2,nvlink,gpu0,nvlink_rx_bytes,4.80963e+13
2026-09-30T07:04:41.787Z,gpu-3uwoq-6g3ya-2,nvlink,gpu0,nvlink_tx_bytes,4.80995e+13
2026-09-30T07:04:41.787Z,gpu-3uwoq-6g3ya-2,nvlink,gpu1,nvlink_rx_bytes,4.82499e+13
2026-09-30T07:04:41.787Z,gpu-3uwoq-6g3ya-2,nvlink,gpu1,nvlink_tx_bytes,4.8252e+13
2026-09-30T07:04:41.787Z,gpu-3uwoq-6g3ya-2,nvlink,gpu2,nvlink_rx_bytes,4.80847e+13
2026-09-30T07:04:41.787Z,gpu-3uwoq-6g3ya-2,nvlink,gpu2,nvlink_tx_bytes,4.80882e+13
2026-09-30T07:04:41.787Z,gpu-3uwoq-6g3ya-2,nvlink,gpu3,nvlink_rx_bytes,4.80322e+13
2026-09-30T07:04:41.787Z,gpu-3uwoq-6g3ya-2,nvlink,gpu3,nvlink_tx_bytes,4.80353e+13
2026-09-30T07:04:42.787Z,gpu-3uwoq-6g3ya-2,ib_counter,rdma_vf_rail0,port_xmit_data,3.13507e+12
2026-09-30T07:04:42.787Z,gpu-3uwoq-6g3ya-2,ib_counter,rdma_vf_rail0,port_rcv_data,6.09511e+12
2026-09-30T07:04:42.787Z,gpu-3uwoq-6g3ya-2,ib_counter,rdma_vf_rail0,port_xmit_packets,1.06346e+09
2026-09-30T07:04:42.787Z,gpu-3uwoq-6g3ya-2,ib_counter,rdma_vf_rail0,port_rcv_packets,1.69433e+09
2026-09-30T07:04:42.787Z,gpu-3uwoq-6g3ya-2,ib_counter,rdma_vf_rail0,port_xmit_wait,0
2026-09-30T07:04:42.787Z,gpu-3uwoq-6g3ya-2,ib_counter,rdma_vf_rail0,port_rcv_errors,0
2026-09-30T07:04:42.787Z,gpu-3uwoq-6g3ya-2,ib_counter,rdma_vf_rail0,port_xmit_discards,0
2026-09-30T07:04:42.787Z,gpu-3uwoq-6g3ya-2,ib_counter,rdma_vf_rail0,link_downed,0
2026-09-30T07:04:42.787Z,gpu-3uwoq-6g3ya-2,ib_hw_counter,rdma_vf_rail0,out_of_sequence,8
2026-09-30T07:04:42.787Z,gpu-3uwoq-6g3ya-2,ib_hw_counter,rdma_vf_rail0,packet_seq_err,0
2026-09-30T07:04:42.787Z,gpu-3uwoq-6g3ya-2,ib_hw_counter,rdma_vf_rail0,local_ack_timeout_err,0
2026-09-30T07:04:42.787Z,gpu-3uwoq-6g3ya-2,ib_hw_counter,rdma_vf_rail0,rx_write_requests,7.12956e+08
2026-09-30T07:04:42.787Z,gpu-3uwoq-6g3ya-2,ib_hw_counter,rdma_vf_rail0,rx_read_requests,1.33147e+07
2026-09-30T07:04:42.787Z,gpu-3uwoq-6g3ya-2,ib_hw_counter,rdma_vf_rail0,req_cqe_error,0
2026-09-30T07:04:42.787Z,gpu-3uwoq-6g3ya-2,ib_hw_counter,rdma_vf_rail0,resp_cqe_error,0
2026-09-30T07:04:42.787Z,gpu-3uwoq-6g3ya-2,ib_hw_counter,rdma_vf_rail0,implied_nak_seq_err,0
2026-09-30T07:04:42.787Z,gpu-3uwoq-6g3ya-2,ib_hw_counter,rdma_vf_rail0,duplicate_request,0
2026-09-30T07:04:42.787Z,gpu-3uwoq-6g3ya-2,ib_counter,rdma_vf_rail1,port_xmit_data,3.02687e+12
2026-09-30T07:04:42.787Z,gpu-3uwoq-6g3ya-2,ib_counter,rdma_vf_rail1,port_rcv_data,5.987e+12
2026-09-30T07:04:42.787Z,gpu-3uwoq-6g3ya-2,ib_counter,rdma_vf_rail1,port_xmit_packets,1.03075e+09
2026-09-30T07:04:42.787Z,gpu-3uwoq-6g3ya-2,ib_counter,rdma_vf_rail1,port_rcv_packets,1.66181e+09
2026-09-30T07:04:42.787Z,gpu-3uwoq-6g3ya-2,ib_counter,rdma_vf_rail1,port_xmit_wait,0
2026-09-30T07:04:42.787Z,gpu-3uwoq-6g3ya-2,ib_counter,rdma_vf_rail1,port_rcv_errors,0
2026-09-30T07:04:42.787Z,gpu-3uwoq-6g3ya-2,ib_counter,rdma_vf_rail1,port_xmit_discards,0
2026-09-30T07:04:42.787Z,gpu-3uwoq-6g3ya-2,ib_counter,rdma_vf_rail1,link_downed,0
2026-09-30T07:04:42.787Z,gpu-3uwoq-6g3ya-2,ib_hw_counter,rdma_vf_rail1,out_of_sequence,8
2026-09-30T07:04:42.787Z,gpu-3uwoq-6g3ya-2,ib_hw_counter,rdma_vf_rail1,packet_seq_err,0
2026-09-30T07:04:42.787Z,gpu-3uwoq-6g3ya-2,ib_hw_counter,rdma_vf_rail1,local_ack_timeout_err,0
2026-09-30T07:04:42.787Z,gpu-3uwoq-6g3ya-2,ib_hw_counter,rdma_vf_rail1,rx_write_requests,7.11363e+08
2026-09-30T07:04:42.787Z,gpu-3uwoq-6g3ya-2,ib_hw_counter,rdma_vf_rail1,rx_read_requests,1.2514e+07
2026-09-30T07:04:42.787Z,gpu-3uwoq-6g3ya-2,ib_hw_counter,rdma_vf_rail1,req_cqe_error,0
2026-09-30T07:04:42.787Z,gpu-3uwoq-6g3ya-2,ib_hw_counter,rdma_vf_rail1,resp_cqe_error,0
2026-09-30T07:04:42.787Z,gpu-3uwoq-6g3ya-2,ib_hw_counter,rdma_vf_rail1,implied_nak_seq_err,0
2026-09-30T07:04:42.787Z,gpu-3uwoq-6g3ya-2,ib_hw_counter,rdma_vf_rail1,duplicate_request,0
2026-09-30T07:04:42.787Z,gpu-3uwoq-6g3ya-2,ib_counter,rdma_vf_rail2,port_xmit_data,2.9993e+12
2026-09-30T07:04:42.787Z,gpu-3uwoq-6g3ya-2,ib_counter,rdma_vf_rail2,port_rcv_data,5.95874e+12
2026-09-30T07:04:42.787Z,gpu-3uwoq-6g3ya-2,ib_counter,rdma_vf_rail2,port_xmit_packets,1.01306e+09
2026-09-30T07:04:42.787Z,gpu-3uwoq-6g3ya-2,ib_counter,rdma_vf_rail2,port_rcv_packets,1.63786e+09
2026-09-30T07:04:42.787Z,gpu-3uwoq-6g3ya-2,ib_counter,rdma_vf_rail2,port_xmit_wait,0
2026-09-30T07:04:42.787Z,gpu-3uwoq-6g3ya-2,ib_counter,rdma_vf_rail2,port_rcv_errors,0
2026-09-30T07:04:42.787Z,gpu-3uwoq-6g3ya-2,ib_counter,rdma_vf_rail2,port_xmit_discards,0
2026-09-30T07:04:42.787Z,gpu-3uwoq-6g3ya-2,ib_counter,rdma_vf_rail2,link_downed,0
2026-09-30T07:04:42.787Z,gpu-3uwoq-6g3ya-2,ib_hw_counter,rdma_vf_rail2,out_of_sequence,8
2026-09-30T07:04:42.787Z,gpu-3uwoq-6g3ya-2,ib_hw_counter,rdma_vf_rail2,packet_seq_err,0
2026-09-30T07:04:42.787Z,gpu-3uwoq-6g3ya-2,ib_hw_counter,rdma_vf_rail2,local_ack_timeout_err,0
2026-09-30T07:04:42.787Z,gpu-3uwoq-6g3ya-2,ib_hw_counter,rdma_vf_rail2,rx_write_requests,7.1093e+08
2026-09-30T07:04:42.787Z,gpu-3uwoq-6g3ya-2,ib_hw_counter,rdma_vf_rail2,rx_read_requests,1.23061e+07
2026-09-30T07:04:42.787Z,gpu-3uwoq-6g3ya-2,ib_hw_counter,rdma_vf_rail2,req_cqe_error,0
2026-09-30T07:04:42.787Z,gpu-3uwoq-6g3ya-2,ib_hw_counter,rdma_vf_rail2,resp_cqe_error,0
2026-09-30T07:04:42.787Z,gpu-3uwoq-6g3ya-2,ib_hw_counter,rdma_vf_rail2,implied_nak_seq_err,0
2026-09-30T07:04:42.787Z,gpu-3uwoq-6g3ya-2,ib_hw_counter,rdma_vf_rail2,duplicate_request,0
2026-09-30T07:04:42.787Z,gpu-3uwoq-6g3ya-2,ib_counter,rdma_vf_rail3,port_xmit_data,2.99916e+12
2026-09-30T07:04:42.787Z,gpu-3uwoq-6g3ya-2,ib_counter,rdma_vf_rail3,port_rcv_data,5.95935e+12
2026-09-30T07:04:42.787Z,gpu-3uwoq-6g3ya-2,ib_counter,rdma_vf_rail3,port_xmit_packets,1.0114e+09
2026-09-30T07:04:42.787Z,gpu-3uwoq-6g3ya-2,ib_counter,rdma_vf_rail3,port_rcv_packets,1.64526e+09
2026-09-30T07:04:42.787Z,gpu-3uwoq-6g3ya-2,ib_counter,rdma_vf_rail3,port_xmit_wait,0
2026-09-30T07:04:42.787Z,gpu-3uwoq-6g3ya-2,ib_counter,rdma_vf_rail3,port_rcv_errors,0
2026-09-30T07:04:42.787Z,gpu-3uwoq-6g3ya-2,ib_counter,rdma_vf_rail3,port_xmit_discards,0
2026-09-30T07:04:42.787Z,gpu-3uwoq-6g3ya-2,ib_counter,rdma_vf_rail3,link_downed,0
2026-09-30T07:04:42.787Z,gpu-3uwoq-6g3ya-2,ib_hw_counter,rdma_vf_rail3,out_of_sequence,7
2026-09-30T07:04:42.787Z,gpu-3uwoq-6g3ya-2,ib_hw_counter,rdma_vf_rail3,packet_seq_err,1
2026-09-30T07:04:42.787Z,gpu-3uwoq-6g3ya-2,ib_hw_counter,rdma_vf_rail3,local_ack_timeout_err,0
2026-09-30T07:04:42.787Z,gpu-3uwoq-6g3ya-2,ib_hw_counter,rdma_vf_rail3,rx_write_requests,7.1093e+08
2026-09-30T07:04:42.787Z,gpu-3uwoq-6g3ya-2,ib_hw_counter,rdma_vf_rail3,rx_read_requests,1.23061e+07
2026-09-30T07:04:42.787Z,gpu-3uwoq-6g3ya-2,ib_hw_counter,rdma_vf_rail3,req_cqe_error,0
2026-09-30T07:04:42.787Z,gpu-3uwoq-6g3ya-2,ib_hw_counter,rdma_vf_rail3,resp_cqe_error,0
2026-09-30T07:04:42.787Z,gpu-3uwoq-6g3ya-2,ib_hw_counter,rdma_vf_rail3,implied_nak_seq_err,0
2026-09-30T07:04:42.787Z,gpu-3uwoq-6g3ya-2,ib_hw_counter,rdma_vf_rail3,duplicate_request,0
2026-09-30T07:04:42.787Z,gpu-3uwoq-6g3ya-2,dcgm,gpu2,gpu_util,0
2026-09-30T07:04:42.787Z,gpu-3uwoq-6g3ya-2,dcgm,gpu3,gpu_util,0
2026-09-30T07:04:42.787Z,gpu-3uwoq-6g3ya-2,dcgm,gpu1,gpu_util,0
2026-09-30T07:04:42.787Z,gpu-3uwoq-6g3ya-2,dcgm,gpu0,gpu_util,0
2026-09-30T07:04:42.787Z,gpu-3uwoq-6g3ya-2,dcgm,gpu2,nvlink_bandwidth_total,0
2026-09-30T07:04:42.787Z,gpu-3uwoq-6g3ya-2,dcgm,gpu3,nvlink_bandwidth_total,0
2026-09-30T07:04:42.787Z,gpu-3uwoq-6g3ya-2,dcgm,gpu1,nvlink_bandwidth_total,0
2026-09-30T07:04:42.787Z,gpu-3uwoq-6g3ya-2,dcgm,gpu0,nvlink_bandwidth_total,0
2026-09-30T07:04:42.787Z,gpu-3uwoq-6g3ya-2,dcgm,gpu2,power_w,230.685
2026-09-30T07:04:42.787Z,gpu-3uwoq-6g3ya-2,dcgm,gpu3,power_w,234.316
2026-09-30T07:04:42.787Z,gpu-3uwoq-6g3ya-2,dcgm,gpu1,power_w,230
2026-09-30T07:04:42.787Z,gpu-3uwoq-6g3ya-2,dcgm,gpu0,power_w,226.743
2026-09-30T07:04:42.787Z,gpu-3uwoq-6g3ya-2,dcgm,gpu2,sm_clock_mhz,2070
2026-09-30T07:04:42.787Z,gpu-3uwoq-6g3ya-2,dcgm,gpu3,sm_clock_mhz,2070
2026-09-30T07:04:42.787Z,gpu-3uwoq-6g3ya-2,dcgm,gpu1,sm_clock_mhz,2070
2026-09-30T07:04:42.787Z,gpu-3uwoq-6g3ya-2,dcgm,gpu0,sm_clock_mhz,2070
2026-09-30T07:04:42.787Z,gpu-3uwoq-6g3ya-2,dcgm,gpu2,dram_active,0
2026-09-30T07:04:42.787Z,gpu-3uwoq-6g3ya-2,dcgm,gpu3,dram_active,0
2026-09-30T07:04:42.787Z,gpu-3uwoq-6g3ya-2,dcgm,gpu1,dram_active,0
2026-09-30T07:04:42.787Z,gpu-3uwoq-6g3ya-2,dcgm,gpu0,dram_active,0
2026-09-30T07:04:42.787Z,gpu-3uwoq-6g3ya-2,dcgm,gpu2,pcie_rx_bytes,70491
2026-09-30T07:04:42.787Z,gpu-3uwoq-6g3ya-2,dcgm,gpu3,pcie_rx_bytes,72924
2026-09-30T07:04:42.787Z,gpu-3uwoq-6g3ya-2,dcgm,gpu1,pcie_rx_bytes,84384
2026-09-30T07:04:42.787Z,gpu-3uwoq-6g3ya-2,dcgm,gpu0,pcie_rx_bytes,78827
2026-09-30T07:04:42.787Z,gpu-3uwoq-6g3ya-2,dcgm,gpu2,pcie_tx_bytes,66900
2026-09-30T07:04:42.787Z,gpu-3uwoq-6g3ya-2,dcgm,gpu3,pcie_tx_bytes,69833
2026-09-30T07:04:42.787Z,gpu-3uwoq-6g3ya-2,dcgm,gpu1,pcie_tx_bytes,80261
2026-09-30T07:04:42.787Z,gpu-3uwoq-6g3ya-2,dcgm,gpu0,pcie_tx_bytes,74686
2026-09-30T07:04:42.787Z,gpu-3uwoq-6g3ya-2,dcgm,gpu2,tensor_active,0
2026-09-30T07:04:42.787Z,gpu-3uwoq-6g3ya-2,dcgm,gpu3,tensor_active,0
2026-09-30T07:04:42.787Z,gpu-3uwoq-6g3ya-2,dcgm,gpu1,tensor_active,0
2026-09-30T07:04:42.787Z,gpu-3uwoq-6g3ya-2,dcgm,gpu0,tensor_active,0
2026-09-30T07:04:42.787Z,gpu-3uwoq-6g3ya-2,dcgm,gpu2,sm_active,0
2026-09-30T07:04:42.787Z,gpu-3uwoq-6g3ya-2,dcgm,gpu3,sm_active,0
2026-09-30T07:04:42.787Z,gpu-3uwoq-6g3ya-2,dcgm,gpu1,sm_active,0
2026-09-30T07:04:42.787Z,gpu-3uwoq-6g3ya-2,dcgm,gpu0,sm_active,0
2026-09-30T07:04:42.787Z,gpu-3uwoq-6g3ya-2,nvlink,gpu0,nvlink_rx_bytes,4.80963e+13
2026-09-30T07:04:42.787Z,gpu-3uwoq-6g3ya-2,nvlink,gpu0,nvlink_tx_bytes,4.80995e+13
2026-09-30T07:04:42.787Z,gpu-3uwoq-6g3ya-2,nvlink,gpu1,nvlink_rx_bytes,4.82499e+13
2026-09-30T07:04:42.787Z,gpu-3uwoq-6g3ya-2,nvlink,gpu1,nvlink_tx_bytes,4.8252e+13
2026-09-30T07:04:42.787Z,gpu-3uwoq-6g3ya-2,nvlink,gpu2,nvlink_rx_bytes,4.80847e+13
2026-09-30T07:04:42.787Z,gpu-3uwoq-6g3ya-2,nvlink,gpu2,nvlink_tx_bytes,4.80882e+13
2026-09-30T07:04:42.787Z,gpu-3uwoq-6g3ya-2,nvlink,gpu3,nvlink_rx_bytes,4.80322e+13
2026-09-30T07:04:42.787Z,gpu-3uwoq-6g3ya-2,nvlink,gpu3,nvlink_tx_bytes,4.80353e+13
2026-09-30T07:04:43.787Z,gpu-3uwoq-6g3ya-2,ib_counter,rdma_vf_rail0,port_xmit_data,3.13507e+12
2026-09-30T07:04:43.787Z,gpu-3uwoq-6g3ya-2,ib_counter,rdma_vf_rail0,port_rcv_data,6.09511e+12
2026-09-30T07:04:43.787Z,gpu-3uwoq-6g3ya-2,ib_counter,rdma_vf_rail0,port_xmit_packets,1.06346e+09
2026-09-30T07:04:43.787Z,gpu-3uwoq-6g3ya-2,ib_counter,rdma_vf_rail0,port_rcv_packets,1.69433e+09
2026-09-30T07:04:43.787Z,gpu-3uwoq-6g3ya-2,ib_counter,rdma_vf_rail0,port_xmit_wait,0
2026-09-30T07:04:43.787Z,gpu-3uwoq-6g3ya-2,ib_counter,rdma_vf_rail0,port_rcv_errors,0
2026-09-30T07:04:43.787Z,gpu-3uwoq-6g3ya-2,ib_counter,rdma_vf_rail0,port_xmit_discards,0
2026-09-30T07:04:43.787Z,gpu-3uwoq-6g3ya-2,ib_counter,rdma_vf_rail0,link_downed,0
2026-09-30T07:04:43.787Z,gpu-3uwoq-6g3ya-2,ib_hw_counter,rdma_vf_rail0,out_of_sequence,8
2026-09-30T07:04:43.787Z,gpu-3uwoq-6g3ya-2,ib_hw_counter,rdma_vf_rail0,packet_seq_err,0
2026-09-30T07:04:43.787Z,gpu-3uwoq-6g3ya-2,ib_hw_counter,rdma_vf_rail0,local_ack_timeout_err,0
2026-09-30T07:04:43.787Z,gpu-3uwoq-6g3ya-2,ib_hw_counter,rdma_vf_rail0,rx_write_requests,7.12956e+08
2026-09-30T07:04:43.787Z,gpu-3uwoq-6g3ya-2,ib_hw_counter,rdma_vf_rail0,rx_read_requests,1.33147e+07
2026-09-30T07:04:43.787Z,gpu-3uwoq-6g3ya-2,ib_hw_counter,rdma_vf_rail0,req_cqe_error,0
2026-09-30T07:04:43.787Z,gpu-3uwoq-6g3ya-2,ib_hw_counter,rdma_vf_rail0,resp_cqe_error,0
2026-09-30T07:04:43.787Z,gpu-3uwoq-6g3ya-2,ib_hw_counter,rdma_vf_rail0,implied_nak_seq_err,0
2026-09-30T07:04:43.787Z,gpu-3uwoq-6g3ya-2,ib_hw_counter,rdma_vf_rail0,duplicate_request,0
2026-09-30T07:04:43.787Z,gpu-3uwoq-6g3ya-2,ib_counter,rdma_vf_rail1,port_xmit_data,3.02687e+12
2026-09-30T07:04:43.787Z,gpu-3uwoq-6g3ya-2,ib_counter,rdma_vf_rail1,port_rcv_data,5.987e+12
2026-09-30T07:04:43.787Z,gpu-3uwoq-6g3ya-2,ib_counter,rdma_vf_rail1,port_xmit_packets,1.03075e+09
2026-09-30T07:04:43.787Z,gpu-3uwoq-6g3ya-2,ib_counter,rdma_vf_rail1,port_rcv_packets,1.66181e+09
2026-09-30T07:04:43.787Z,gpu-3uwoq-6g3ya-2,ib_counter,rdma_vf_rail1,port_xmit_wait,0
2026-09-30T07:04:43.787Z,gpu-3uwoq-6g3ya-2,ib_counter,rdma_vf_rail1,port_rcv_errors,0
2026-09-30T07:04:43.787Z,gpu-3uwoq-6g3ya-2,ib_counter,rdma_vf_rail1,port_xmit_discards,0
2026-09-30T07:04:43.787Z,gpu-3uwoq-6g3ya-2,ib_counter,rdma_vf_rail1,link_downed,0
2026-09-30T07:04:43.787Z,gpu-3uwoq-6g3ya-2,ib_hw_counter,rdma_vf_rail1,out_of_sequence,8
2026-09-30T07:04:43.787Z,gpu-3uwoq-6g3ya-2,ib_hw_counter,rdma_vf_rail1,packet_seq_err,0
2026-09-30T07:04:43.787Z,gpu-3uwoq-6g3ya-2,ib_hw_counter,rdma_vf_rail1,local_ack_timeout_err,0
2026-09-30T07:04:43.787Z,gpu-3uwoq-6g3ya-2,ib_hw_counter,rdma_vf_rail1,rx_write_requests,7.11363e+08
2026-09-30T07:04:43.787Z,gpu-3uwoq-6g3ya-2,ib_hw_counter,rdma_vf_rail1,rx_read_requests,1.2514e+07
2026-09-30T07:04:43.787Z,gpu-3uwoq-6g3ya-2,ib_hw_counter,rdma_vf_rail1,req_cqe_error,0
2026-09-30T07:04:43.787Z,gpu-3uwoq-6g3ya-2,ib_hw_counter,rdma_vf_rail1,resp_cqe_error,0
2026-09-30T07:04:43.787Z,gpu-3uwoq-6g3ya-2,ib_hw_counter,rdma_vf_rail1,implied_nak_seq_err,0
2026-09-30T07:04:43.787Z,gpu-3uwoq-6g3ya-2,ib_hw_counter,rdma_vf_rail1,duplicate_request,0
2026-09-30T07:04:43.787Z,gpu-3uwoq-6g3ya-2,ib_counter,rdma_vf_rail2,port_xmit_data,2.9993e+12
2026-09-30T07:04:43.787Z,gpu-3uwoq-6g3ya-2,ib_counter,rdma_vf_rail2,port_rcv_data,5.95874e+12
2026-09-30T07:04:43.787Z,gpu-3uwoq-6g3ya-2,ib_counter,rdma_vf_rail2,port_xmit_packets,1.01306e+09
2026-09-30T07:04:43.787Z,gpu-3uwoq-6g3ya-2,ib_counter,rdma_vf_rail2,port_rcv_packets,1.63786e+09
2026-09-30T07:04:43.787Z,gpu-3uwoq-6g3ya-2,ib_counter,rdma_vf_rail2,port_xmit_wait,0
2026-09-30T07:04:43.787Z,gpu-3uwoq-6g3ya-2,ib_counter,rdma_vf_rail2,port_rcv_errors,0
2026-09-30T07:04:43.787Z,gpu-3uwoq-6g3ya-2,ib_counter,rdma_vf_rail2,port_xmit_discards,0
2026-09-30T07:04:43.787Z,gpu-3uwoq-6g3ya-2,ib_counter,rdma_vf_rail2,link_downed,0
2026-09-30T07:04:43.787Z,gpu-3uwoq-6g3ya-2,ib_hw_counter,rdma_vf_rail2,out_of_sequence,8
2026-09-30T07:04:43.787Z,gpu-3uwoq-6g3ya-2,ib_hw_counter,rdma_vf_rail2,packet_seq_err,0
2026-09-30T07:04:43.787Z,gpu-3uwoq-6g3ya-2,ib_hw_counter,rdma_vf_rail2,local_ack_timeout_err,0
2026-09-30T07:04:43.787Z,gpu-3uwoq-6g3ya-2,ib_hw_counter,rdma_vf_rail2,rx_write_requests,7.1093e+08
2026-09-30T07:04:43.787Z,gpu-3uwoq-6g3ya-2,ib_hw_counter,rdma_vf_rail2,rx_read_requests,1.23061e+07
2026-09-30T07:04:43.787Z,gpu-3uwoq-6g3ya-2,ib_hw_counter,rdma_vf_rail2,req_cqe_error,0
2026-09-30T07:04:43.787Z,gpu-3uwoq-6g3ya-2,ib_hw_counter,rdma_vf_rail2,resp_cqe_error,0
2026-09-30T07:04:43.787Z,gpu-3uwoq-6g3ya-2,ib_hw_counter,rdma_vf_rail2,implied_nak_seq_err,0
2026-09-30T07:04:43.787Z,gpu-3uwoq-6g3ya-2,ib_hw_counter,rdma_vf_rail2,duplicate_request,0
2026-09-30T07:04:43.787Z,gpu-3uwoq-6g3ya-2,ib_counter,rdma_vf_rail3,port_xmit_data,2.99916e+12
2026-09-30T07:04:43.787Z,gpu-3uwoq-6g3ya-2,ib_counter,rdma_vf_rail3,port_rcv_data,5.95935e+12
2026-09-30T07:04:43.787Z,gpu-3uwoq-6g3ya-2,ib_counter,rdma_vf_rail3,port_xmit_packets,1.0114e+09
2026-09-30T07:04:43.787Z,gpu-3uwoq-6g3ya-2,ib_counter,rdma_vf_rail3,port_rcv_packets,1.64526e+09
2026-09-30T07:04:43.787Z,gpu-3uwoq-6g3ya-2,ib_counter,rdma_vf_rail3,port_xmit_wait,0
2026-09-30T07:04:43.787Z,gpu-3uwoq-6g3ya-2,ib_counter,rdma_vf_rail3,port_rcv_errors,0
2026-09-30T07:04:43.787Z,gpu-3uwoq-6g3ya-2,ib_counter,rdma_vf_rail3,port_xmit_discards,0
2026-09-30T07:04:43.787Z,gpu-3uwoq-6g3ya-2,ib_counter,rdma_vf_rail3,link_downed,0
2026-09-30T07:04:43.787Z,gpu-3uwoq-6g3ya-2,ib_hw_counter,rdma_vf_rail3,out_of_sequence,7
2026-09-30T07:04:43.787Z,gpu-3uwoq-6g3ya-2,ib_hw_counter,rdma_vf_rail3,packet_seq_err,1
2026-09-30T07:04:43.787Z,gpu-3uwoq-6g3ya-2,ib_hw_counter,rdma_vf_rail3,local_ack_timeout_err,0
2026-09-30T07:04:43.787Z,gpu-3uwoq-6g3ya-2,ib_hw_counter,rdma_vf_rail3,rx_write_requests,7.1093e+08
2026-09-30T07:04:43.787Z,gpu-3uwoq-6g3ya-2,ib_hw_counter,rdma_vf_rail3,rx_read_requests,1.23061e+07
2026-09-30T07:04:43.787Z,gpu-3uwoq-6g3ya-2,ib_hw_counter,rdma_vf_rail3,req_cqe_error,0
2026-09-30T07:04:43.787Z,gpu-3uwoq-6g3ya-2,ib_hw_counter,rdma_vf_rail3,resp_cqe_error,0
2026-09-30T07:04:43.787Z,gpu-3uwoq-6g3ya-2,ib_hw_counter,rdma_vf_rail3,implied_nak_seq_err,0
2026-09-30T07:04:43.787Z,gpu-3uwoq-6g3ya-2,ib_hw_counter,rdma_vf_rail3,duplicate_request,0
2026-09-30T07:04:43.787Z,gpu-3uwoq-6g3ya-2,dcgm,gpu2,gpu_util,0
2026-09-30T07:04:43.787Z,gpu-3uwoq-6g3ya-2,dcgm,gpu3,gpu_util,0
2026-09-30T07:04:43.787Z,gpu-3uwoq-6g3ya-2,dcgm,gpu1,gpu_util,0
2026-09-30T07:04:43.787Z,gpu-3uwoq-6g3ya-2,dcgm,gpu0,gpu_util,0
2026-09-30T07:04:43.787Z,gpu-3uwoq-6g3ya-2,dcgm,gpu2,nvlink_bandwidth_total,0
2026-09-30T07:04:43.787Z,gpu-3uwoq-6g3ya-2,dcgm,gpu3,nvlink_bandwidth_total,0
2026-09-30T07:04:43.787Z,gpu-3uwoq-6g3ya-2,dcgm,gpu1,nvlink_bandwidth_total,0
2026-09-30T07:04:43.787Z,gpu-3uwoq-6g3ya-2,dcgm,gpu0,nvlink_bandwidth_total,0
2026-09-30T07:04:43.787Z,gpu-3uwoq-6g3ya-2,dcgm,gpu2,power_w,230.685
2026-09-30T07:04:43.787Z,gpu-3uwoq-6g3ya-2,dcgm,gpu3,power_w,234.316
2026-09-30T07:04:43.787Z,gpu-3uwoq-6g3ya-2,dcgm,gpu1,power_w,230
2026-09-30T07:04:43.787Z,gpu-3uwoq-6g3ya-2,dcgm,gpu0,power_w,226.743
2026-09-30T07:04:43.787Z,gpu-3uwoq-6g3ya-2,dcgm,gpu2,sm_clock_mhz,2070
2026-09-30T07:04:43.787Z,gpu-3uwoq-6g3ya-2,dcgm,gpu3,sm_clock_mhz,2070
2026-09-30T07:04:43.787Z,gpu-3uwoq-6g3ya-2,dcgm,gpu1,sm_clock_mhz,2070
2026-09-30T07:04:43.787Z,gpu-3uwoq-6g3ya-2,dcgm,gpu0,sm_clock_mhz,2070
2026-09-30T07:04:43.787Z,gpu-3uwoq-6g3ya-2,dcgm,gpu2,dram_active,0
2026-09-30T07:04:43.787Z,gpu-3uwoq-6g3ya-2,dcgm,gpu3,dram_active,0
2026-09-30T07:04:43.787Z,gpu-3uwoq-6g3ya-2,dcgm,gpu1,dram_active,0
2026-09-30T07:04:43.787Z,gpu-3uwoq-6g3ya-2,dcgm,gpu0,dram_active,0
2026-09-30T07:04:43.787Z,gpu-3uwoq-6g3ya-2,dcgm,gpu2,pcie_rx_bytes,70491
2026-09-30T07:04:43.787Z,gpu-3uwoq-6g3ya-2,dcgm,gpu3,pcie_rx_bytes,72924
2026-09-30T07:04:43.787Z,gpu-3uwoq-6g3ya-2,dcgm,gpu1,pcie_rx_bytes,84384
2026-09-30T07:04:43.787Z,gpu-3uwoq-6g3ya-2,dcgm,gpu0,pcie_rx_bytes,78827
2026-09-30T07:04:43.787Z,gpu-3uwoq-6g3ya-2,dcgm,gpu2,pcie_tx_bytes,66900
2026-09-30T07:04:43.787Z,gpu-3uwoq-6g3ya-2,dcgm,gpu3,pcie_tx_bytes,69833
2026-09-30T07:04:43.787Z,gpu-3uwoq-6g3ya-2,dcgm,gpu1,pcie_tx_bytes,80261
2026-09-30T07:04:43.787Z,gpu-3uwoq-6g3ya-2,dcgm,gpu0,pcie_tx_bytes,74686
2026-09-30T07:04:43.787Z,gpu-3uwoq-6g3ya-2,dcgm,gpu2,tensor_active,0
2026-09-30T07:04:43.787Z,gpu-3uwoq-6g3ya-2,dcgm,gpu3,tensor_active,0
2026-09-30T07:04:43.787Z,gpu-3uwoq-6g3ya-2,dcgm,gpu1,tensor_active,0
2026-09-30T07:04:43.787Z,gpu-3uwoq-6g3ya-2,dcgm,gpu0,tensor_active,0
2026-09-30T07:04:43.787Z,gpu-3uwoq-6g3ya-2,dcgm,gpu2,sm_active,0
2026-09-30T07:04:43.787Z,gpu-3uwoq-6g3ya-2,dcgm,gpu3,sm_active,0
2026-09-30T07:04:43.787Z,gpu-3uwoq-6g3ya-2,dcgm,gpu1,sm_active,0
2026-09-30T07:04:43.787Z,gpu-3uwoq-6g3ya-2,dcgm,gpu0,sm_active,0
2026-09-30T07:04:43.787Z,gpu-3uwoq-6g3ya-2,nvlink,gpu0,nvlink_rx_bytes,4.80963e+13
2026-09-30T07:04:43.787Z,gpu-3uwoq-6g3ya-2,nvlink,gpu0,nvlink_tx_bytes,4.80995e+13
2026-09-30T07:04:43.787Z,gpu-3uwoq-6g3ya-2,nvlink,gpu1,nvlink_rx_bytes,4.82499e+13
2026-09-30T07:04:43.787Z,gpu-3uwoq-6g3ya-2,nvlink,gpu1,nvlink_tx_bytes,4.8252e+13
2026-09-30T07:04:43.787Z,gpu-3uwoq-6g3ya-2,nvlink,gpu2,nvlink_rx_bytes,4.80847e+13
2026-09-30T07:04:43.787Z,gpu-3uwoq-6g3ya-2,nvlink,gpu2,nvlink_tx_bytes,4.80882e+13
2026-09-30T07:04:43.787Z,gpu-3uwoq-6g3ya-2,nvlink,gpu3,nvlink_rx_bytes,4.80322e+13
2026-09-30T07:04:43.787Z,gpu-3uwoq-6g3ya-2,nvlink,gpu3,nvlink_tx_bytes,4.80353e+13
2026-09-30T07:04:44.787Z,gpu-3uwoq-6g3ya-2,ib_counter,rdma_vf_rail0,port_xmit_data,3.13507e+12
2026-09-30T07:04:44.787Z,gpu-3uwoq-6g3ya-2,ib_counter,rdma_vf_rail0,port_rcv_data,6.09511e+12
2026-09-30T07:04:44.787Z,gpu-3uwoq-6g3ya-2,ib_counter,rdma_vf_rail0,port_xmit_packets,1.06346e+09
2026-09-30T07:04:44.787Z,gpu-3uwoq-6g3ya-2,ib_counter,rdma_vf_rail0,port_rcv_packets,1.69433e+09
2026-09-30T07:04:44.787Z,gpu-3uwoq-6g3ya-2,ib_counter,rdma_vf_rail0,port_xmit_wait,0
2026-09-30T07:04:44.787Z,gpu-3uwoq-6g3ya-2,ib_counter,rdma_vf_rail0,port_rcv_errors,0
2026-09-30T07:04:44.787Z,gpu-3uwoq-6g3ya-2,ib_counter,rdma_vf_rail0,port_xmit_discards,0
2026-09-30T07:04:44.787Z,gpu-3uwoq-6g3ya-2,ib_counter,rdma_vf_rail0,link_downed,0
2026-09-30T07:04:44.787Z,gpu-3uwoq-6g3ya-2,ib_hw_counter,rdma_vf_rail0,out_of_sequence,8
2026-09-30T07:04:44.787Z,gpu-3uwoq-6g3ya-2,ib_hw_counter,rdma_vf_rail0,packet_seq_err,0
2026-09-30T07:04:44.787Z,gpu-3uwoq-6g3ya-2,ib_hw_counter,rdma_vf_rail0,local_ack_timeout_err,0
2026-09-30T07:04:44.787Z,gpu-3uwoq-6g3ya-2,ib_hw_counter,rdma_vf_rail0,rx_write_requests,7.12956e+08
2026-09-30T07:04:44.787Z,gpu-3uwoq-6g3ya-2,ib_hw_counter,rdma_vf_rail0,rx_read_requests,1.33147e+07
2026-09-30T07:04:44.787Z,gpu-3uwoq-6g3ya-2,ib_hw_counter,rdma_vf_rail0,req_cqe_error,0
2026-09-30T07:04:44.787Z,gpu-3uwoq-6g3ya-2,ib_hw_counter,rdma_vf_rail0,resp_cqe_error,0
2026-09-30T07:04:44.787Z,gpu-3uwoq-6g3ya-2,ib_hw_counter,rdma_vf_rail0,implied_nak_seq_err,0
2026-09-30T07:04:44.787Z,gpu-3uwoq-6g3ya-2,ib_hw_counter,rdma_vf_rail0,duplicate_request,0
2026-09-30T07:04:44.787Z,gpu-3uwoq-6g3ya-2,ib_counter,rdma_vf_rail1,port_xmit_data,3.02687e+12
2026-09-30T07:04:44.787Z,gpu-3uwoq-6g3ya-2,ib_counter,rdma_vf_rail1,port_rcv_data,5.987e+12
2026-09-30T07:04:44.787Z,gpu-3uwoq-6g3ya-2,ib_counter,rdma_vf_rail1,port_xmit_packets,1.03075e+09
2026-09-30T07:04:44.787Z,gpu-3uwoq-6g3ya-2,ib_counter,rdma_vf_rail1,port_rcv_packets,1.66181e+09
2026-09-30T07:04:44.787Z,gpu-3uwoq-6g3ya-2,ib_counter,rdma_vf_rail1,port_xmit_wait,0
2026-09-30T07:04:44.787Z,gpu-3uwoq-6g3ya-2,ib_counter,rdma_vf_rail1,port_rcv_errors,0
2026-09-30T07:04:44.787Z,gpu-3uwoq-6g3ya-2,ib_counter,rdma_vf_rail1,port_xmit_discards,0
2026-09-30T07:04:44.787Z,gpu-3uwoq-6g3ya-2,ib_counter,rdma_vf_rail1,link_downed,0
2026-09-30T07:04:44.787Z,gpu-3uwoq-6g3ya-2,ib_hw_counter,rdma_vf_rail1,out_of_sequence,8
2026-09-30T07:04:44.787Z,gpu-3uwoq-6g3ya-2,ib_hw_counter,rdma_vf_rail1,packet_seq_err,0
2026-09-30T07:04:44.787Z,gpu-3uwoq-6g3ya-2,ib_hw_counter,rdma_vf_rail1,local_ack_timeout_err,0
2026-09-30T07:04:44.787Z,gpu-3uwoq-6g3ya-2,ib_hw_counter,rdma_vf_rail1,rx_write_requests,7.11363e+08
2026-09-30T07:04:44.787Z,gpu-3uwoq-6g3ya-2,ib_hw_counter,rdma_vf_rail1,rx_read_requests,1.2514e+07
2026-09-30T07:04:44.787Z,gpu-3uwoq-6g3ya-2,ib_hw_counter,rdma_vf_rail1,req_cqe_error,0
2026-09-30T07:04:44.787Z,gpu-3uwoq-6g3ya-2,ib_hw_counter,rdma_vf_rail1,resp_cqe_error,0
2026-09-30T07:04:44.787Z,gpu-3uwoq-6g3ya-2,ib_hw_counter,rdma_vf_rail1,implied_nak_seq_err,0
2026-09-30T07:04:44.787Z,gpu-3uwoq-6g3ya-2,ib_hw_counter,rdma_vf_rail1,duplicate_request,0
2026-09-30T07:04:44.787Z,gpu-3uwoq-6g3ya-2,ib_counter,rdma_vf_rail2,port_xmit_data,2.9993e+12
2026-09-30T07:04:44.787Z,gpu-3uwoq-6g3ya-2,ib_counter,rdma_vf_rail2,port_rcv_data,5.95874e+12
2026-09-30T07:04:44.787Z,gpu-3uwoq-6g3ya-2,ib_counter,rdma_vf_rail2,port_xmit_packets,1.01306e+09
2026-09-30T07:04:44.787Z,gpu-3uwoq-6g3ya-2,ib_counter,rdma_vf_rail2,port_rcv_packets,1.63786e+09
2026-09-30T07:04:44.787Z,gpu-3uwoq-6g3ya-2,ib_counter,rdma_vf_rail2,port_xmit_wait,0
2026-09-30T07:04:44.787Z,gpu-3uwoq-6g3ya-2,ib_counter,rdma_vf_rail2,port_rcv_errors,0
2026-09-30T07:04:44.787Z,gpu-3uwoq-6g3ya-2,ib_counter,rdma_vf_rail2,port_xmit_discards,0
2026-09-30T07:04:44.787Z,gpu-3uwoq-6g3ya-2,ib_counter,rdma_vf_rail2,link_downed,0
2026-09-30T07:04:44.787Z,gpu-3uwoq-6g3ya-2,ib_hw_counter,rdma_vf_rail2,out_of_sequence,8
2026-09-30T07:04:44.787Z,gpu-3uwoq-6g3ya-2,ib_hw_counter,rdma_vf_rail2,packet_seq_err,0
2026-09-30T07:04:44.787Z,gpu-3uwoq-6g3ya-2,ib_hw_counter,rdma_vf_rail2,local_ack_timeout_err,0
2026-09-30T07:04:44.787Z,gpu-3uwoq-6g3ya-2,ib_hw_counter,rdma_vf_rail2,rx_write_requests,7.1093e+08
2026-09-30T07:04:44.787Z,gpu-3uwoq-6g3ya-2,ib_hw_counter,rdma_vf_rail2,rx_read_requests,1.23061e+07
2026-09-30T07:04:44.787Z,gpu-3uwoq-6g3ya-2,ib_hw_counter,rdma_vf_rail2,req_cqe_error,0
2026-09-30T07:04:44.787Z,gpu-3uwoq-6g3ya-2,ib_hw_counter,rdma_vf_rail2,resp_cqe_error,0
2026-09-30T07:04:44.787Z,gpu-3uwoq-6g3ya-2,ib_hw_counter,rdma_vf_rail2,implied_nak_seq_err,0
2026-09-30T07:04:44.787Z,gpu-3uwoq-6g3ya-2,ib_hw_counter,rdma_vf_rail2,duplicate_request,0
2026-09-30T07:04:44.787Z,gpu-3uwoq-6g3ya-2,ib_counter,rdma_vf_rail3,port_xmit_data,2.99916e+12
2026-09-30T07:04:44.787Z,gpu-3uwoq-6g3ya-2,ib_counter,rdma_vf_rail3,port_rcv_data,5.95935e+12
2026-09-30T07:04:44.787Z,gpu-3uwoq-6g3ya-2,ib_counter,rdma_vf_rail3,port_xmit_packets,1.0114e+09
2026-09-30T07:04:44.787Z,gpu-3uwoq-6g3ya-2,ib_counter,rdma_vf_rail3,port_rcv_packets,1.64526e+09
2026-09-30T07:04:44.787Z,gpu-3uwoq-6g3ya-2,ib_counter,rdma_vf_rail3,port_xmit_wait,0
2026-09-30T07:04:44.787Z,gpu-3uwoq-6g3ya-2,ib_counter,rdma_vf_rail3,port_rcv_errors,0
2026-09-30T07:04:44.787Z,gpu-3uwoq-6g3ya-2,ib_counter,rdma_vf_rail3,port_xmit_discards,0
2026-09-30T07:04:44.787Z,gpu-3uwoq-6g3ya-2,ib_counter,rdma_vf_rail3,link_downed,0
2026-09-30T07:04:44.787Z,gpu-3uwoq-6g3ya-2,ib_hw_counter,rdma_vf_rail3,out_of_sequence,7
2026-09-30T07:04:44.787Z,gpu-3uwoq-6g3ya-2,ib_hw_counter,rdma_vf_rail3,packet_seq_err,1
2026-09-30T07:04:44.787Z,gpu-3uwoq-6g3ya-2,ib_hw_counter,rdma_vf_rail3,local_ack_timeout_err,0
2026-09-30T07:04:44.787Z,gpu-3uwoq-6g3ya-2,ib_hw_counter,rdma_vf_rail3,rx_write_requests,7.1093e+08
2026-09-30T07:04:44.787Z,gpu-3uwoq-6g3ya-2,ib_hw_counter,rdma_vf_rail3,rx_read_requests,1.23061e+07
2026-09-30T07:04:44.787Z,gpu-3uwoq-6g3ya-2,ib_hw_counter,rdma_vf_rail3,req_cqe_error,0
2026-09-30T07:04:44.787Z,gpu-3uwoq-6g3ya-2,ib_hw_counter,rdma_vf_rail3,resp_cqe_error,0
2026-09-30T07:04:44.787Z,gpu-3uwoq-6g3ya-2,ib_hw_counter,rdma_vf_rail3,implied_nak_seq_err,0
2026-09-30T07:04:44.787Z,gpu-3uwoq-6g3ya-2,ib_hw_counter,rdma_vf_rail3,duplicate_request,0
2026-09-30T07:04:44.787Z,gpu-3uwoq-6g3ya-2,dcgm,gpu2,gpu_util,0
2026-09-30T07:04:44.787Z,gpu-3uwoq-6g3ya-2,dcgm,gpu3,gpu_util,0
2026-09-30T07:04:44.787Z,gpu-3uwoq-6g3ya-2,dcgm,gpu1,gpu_util,0
2026-09-30T07:04:44.787Z,gpu-3uwoq-6g3ya-2,dcgm,gpu0,gpu_util,0
2026-09-30T07:04:44.787Z,gpu-3uwoq-6g3ya-2,dcgm,gpu2,nvlink_bandwidth_total,0
2026-09-30T07:04:44.787Z,gpu-3uwoq-6g3ya-2,dcgm,gpu3,nvlink_bandwidth_total,0
2026-09-30T07:04:44.787Z,gpu-3uwoq-6g3ya-2,dcgm,gpu1,nvlink_bandwidth_total,0
2026-09-30T07:04:44.787Z,gpu-3uwoq-6g3ya-2,dcgm,gpu0,nvlink_bandwidth_total,0
2026-09-30T07:04:44.787Z,gpu-3uwoq-6g3ya-2,dcgm,gpu2,power_w,230.685
2026-09-30T07:04:44.787Z,gpu-3uwoq-6g3ya-2,dcgm,gpu3,power_w,234.316
2026-09-30T07:04:44.787Z,gpu-3uwoq-6g3ya-2,dcgm,gpu1,power_w,230
2026-09-30T07:04:44.787Z,gpu-3uwoq-6g3ya-2,dcgm,gpu0,power_w,226.743
2026-09-30T07:04:44.787Z,gpu-3uwoq-6g3ya-2,dcgm,gpu2,sm_clock_mhz,2070
2026-09-30T07:04:44.787Z,gpu-3uwoq-6g3ya-2,dcgm,gpu3,sm_clock_mhz,2070
2026-09-30T07:04:44.787Z,gpu-3uwoq-6g3ya-2,dcgm,gpu1,sm_clock_mhz,2070
2026-09-30T07:04:44.787Z,gpu-3uwoq-6g3ya-2,dcgm,gpu0,sm_clock_mhz,2070
2026-09-30T07:04:44.787Z,gpu-3uwoq-6g3ya-2,dcgm,gpu2,dram_active,0
2026-09-30T07:04:44.787Z,gpu-3uwoq-6g3ya-2,dcgm,gpu3,dram_active,0
2026-09-30T07:04:44.787Z,gpu-3uwoq-6g3ya-2,dcgm,gpu1,dram_active,0
2026-09-30T07:04:44.787Z,gpu-3uwoq-6g3ya-2,dcgm,gpu0,dram_active,0
2026-09-30T07:04:44.787Z,gpu-3uwoq-6g3ya-2,dcgm,gpu2,pcie_rx_bytes,70491
2026-09-30T07:04:44.787Z,gpu-3uwoq-6g3ya-2,dcgm,gpu3,pcie_rx_bytes,72924
2026-09-30T07:04:44.787Z,gpu-3uwoq-6g3ya-2,dcgm,gpu1,pcie_rx_bytes,84384
2026-09-30T07:04:44.787Z,gpu-3uwoq-6g3ya-2,dcgm,gpu0,pcie_rx_bytes,78827
2026-09-30T07:04:44.787Z,gpu-3uwoq-6g3ya-2,dcgm,gpu2,pcie_tx_bytes,66900
2026-09-30T07:04:44.787Z,gpu-3uwoq-6g3ya-2,dcgm,gpu3,pcie_tx_bytes,69833
2026-09-30T07:04:44.787Z,gpu-3uwoq-6g3ya-2,dcgm,gpu1,pcie_tx_bytes,80261
2026-09-30T07:04:44.787Z,gpu-3uwoq-6g3ya-2,dcgm,gpu0,pcie_tx_bytes,74686
2026-09-30T07:04:44.787Z,gpu-3uwoq-6g3ya-2,dcgm,gpu2,tensor_active,0
2026-09-30T07:04:44.787Z,gpu-3uwoq-6g3ya-2,dcgm,gpu3,tensor_active,0
2026-09-30T07:04:44.787Z,gpu-3uwoq-6g3ya-2,dcgm,gpu1,tensor_active,0
2026-09-30T07:04:44.787Z,gpu-3uwoq-6g3ya-2,dcgm,gpu0,tensor_active,0
2026-09-30T07:04:44.787Z,gpu-3uwoq-6g3ya-2,dcgm,gpu2,sm_active,0
2026-09-30T07:04:44.787Z,gpu-3uwoq-6g3ya-2,dcgm,gpu3,sm_active,0
2026-09-30T07:04:44.787Z,gpu-3uwoq-6g3ya-2,dcgm,gpu1,sm_active,0
2026-09-30T07:04:44.787Z,gpu-3uwoq-6g3ya-2,dcgm,gpu0,sm_active,0
2026-09-30T07:04:44.787Z,gpu-3uwoq-6g3ya-2,nvlink,gpu0,nvlink_rx_bytes,4.80963e+13
2026-09-30T07:04:44.787Z,gpu-3uwoq-6g3ya-2,nvlink,gpu0,nvlink_tx_bytes,4.80995e+13
2026-09-30T07:04:44.787Z,gpu-3uwoq-6g3ya-2,nvlink,gpu1,nvlink_rx_bytes,4.82499e+13
2026-09-30T07:04:44.787Z,gpu-3uwoq-6g3ya-2,nvlink,gpu1,nvlink_tx_bytes,4.8252e+13
2026-09-30T07:04:44.787Z,gpu-3uwoq-6g3ya-2,nvlink,gpu2,nvlink_rx_bytes,4.80847e+13
2026-09-30T07:04:44.787Z,gpu-3uwoq-6g3ya-2,nvlink,gpu2,nvlink_tx_bytes,4.80882e+13
2026-09-30T07:04:44.787Z,gpu-3uwoq-6g3ya-2,nvlink,gpu3,nvlink_rx_bytes,4.80322e+13
2026-09-30T07:04:44.787Z,gpu-3uwoq-6g3ya-2,nvlink,gpu3,nvlink_tx_bytes,4.80353e+13
2026-09-30T07:04:45.787Z,gpu-3uwoq-6g3ya-2,ib_counter,rdma_vf_rail0,port_xmit_data,3.13507e+12
2026-09-30T07:04:45.787Z,gpu-3uwoq-6g3ya-2,ib_counter,rdma_vf_rail0,port_rcv_data,6.09511e+12
2026-09-30T07:04:45.787Z,gpu-3uwoq-6g3ya-2,ib_counter,rdma_vf_rail0,port_xmit_packets,1.06346e+09
2026-09-30T07:04:45.787Z,gpu-3uwoq-6g3ya-2,ib_counter,rdma_vf_rail0,port_rcv_packets,1.69433e+09
2026-09-30T07:04:45.787Z,gpu-3uwoq-6g3ya-2,ib_counter,rdma_vf_rail0,port_xmit_wait,0
2026-09-30T07:04:45.787Z,gpu-3uwoq-6g3ya-2,ib_counter,rdma_vf_rail0,port_rcv_errors,0
2026-09-30T07:04:45.787Z,gpu-3uwoq-6g3ya-2,ib_counter,rdma_vf_rail0,port_xmit_discards,0
2026-09-30T07:04:45.787Z,gpu-3uwoq-6g3ya-2,ib_counter,rdma_vf_rail0,link_downed,0
2026-09-30T07:04:45.787Z,gpu-3uwoq-6g3ya-2,ib_hw_counter,rdma_vf_rail0,out_of_sequence,8
2026-09-30T07:04:45.787Z,gpu-3uwoq-6g3ya-2,ib_hw_counter,rdma_vf_rail0,packet_seq_err,0
2026-09-30T07:04:45.787Z,gpu-3uwoq-6g3ya-2,ib_hw_counter,rdma_vf_rail0,local_ack_timeout_err,0
2026-09-30T07:04:45.787Z,gpu-3uwoq-6g3ya-2,ib_hw_counter,rdma_vf_rail0,rx_write_requests,7.12956e+08
2026-09-30T07:04:45.787Z,gpu-3uwoq-6g3ya-2,ib_hw_counter,rdma_vf_rail0,rx_read_requests,1.33147e+07
2026-09-30T07:04:45.787Z,gpu-3uwoq-6g3ya-2,ib_hw_counter,rdma_vf_rail0,req_cqe_error,0
2026-09-30T07:04:45.787Z,gpu-3uwoq-6g3ya-2,ib_hw_counter,rdma_vf_rail0,resp_cqe_error,0
2026-09-30T07:04:45.787Z,gpu-3uwoq-6g3ya-2,ib_hw_counter,rdma_vf_rail0,implied_nak_seq_err,0
2026-09-30T07:04:45.787Z,gpu-3uwoq-6g3ya-2,ib_hw_counter,rdma_vf_rail0,duplicate_request,0
2026-09-30T07:04:45.787Z,gpu-3uwoq-6g3ya-2,ib_counter,rdma_vf_rail1,port_xmit_data,3.02687e+12
2026-09-30T07:04:45.787Z,gpu-3uwoq-6g3ya-2,ib_counter,rdma_vf_rail1,port_rcv_data,5.987e+12
2026-09-30T07:04:45.787Z,gpu-3uwoq-6g3ya-2,ib_counter,rdma_vf_rail1,port_xmit_packets,1.03075e+09
2026-09-30T07:04:45.787Z,gpu-3uwoq-6g3ya-2,ib_counter,rdma_vf_rail1,port_rcv_packets,1.66181e+09
2026-09-30T07:04:45.787Z,gpu-3uwoq-6g3ya-2,ib_counter,rdma_vf_rail1,port_xmit_wait,0
2026-09-30T07:04:45.787Z,gpu-3uwoq-6g3ya-2,ib_counter,rdma_vf_rail1,port_rcv_errors,0
2026-09-30T07:04:45.787Z,gpu-3uwoq-6g3ya-2,ib_counter,rdma_vf_rail1,port_xmit_discards,0
2026-09-30T07:04:45.787Z,gpu-3uwoq-6g3ya-2,ib_counter,rdma_vf_rail1,link_downed,0
2026-09-30T07:04:45.787Z,gpu-3uwoq-6g3ya-2,ib_hw_counter,rdma_vf_rail1,out_of_sequence,8
2026-09-30T07:04:45.787Z,gpu-3uwoq-6g3ya-2,ib_hw_counter,rdma_vf_rail1,packet_seq_err,0
2026-09-30T07:04:45.787Z,gpu-3uwoq-6g3ya-2,ib_hw_counter,rdma_vf_rail1,local_ack_timeout_err,0
2026-09-30T07:04:45.787Z,gpu-3uwoq-6g3ya-2,ib_hw_counter,rdma_vf_rail1,rx_write_requests,7.11363e+08
2026-09-30T07:04:45.787Z,gpu-3uwoq-6g3ya-2,ib_hw_counter,rdma_vf_rail1,rx_read_requests,1.2514e+07
2026-09-30T07:04:45.787Z,gpu-3uwoq-6g3ya-2,ib_hw_counter,rdma_vf_rail1,req_cqe_error,0
2026-09-30T07:04:45.787Z,gpu-3uwoq-6g3ya-2,ib_hw_counter,rdma_vf_rail1,resp_cqe_error,0
2026-09-30T07:04:45.787Z,gpu-3uwoq-6g3ya-2,ib_hw_counter,rdma_vf_rail1,implied_nak_seq_err,0
2026-09-30T07:04:45.787Z,gpu-3uwoq-6g3ya-2,ib_hw_counter,rdma_vf_rail1,duplicate_request,0
2026-09-30T07:04:45.787Z,gpu-3uwoq-6g3ya-2,ib_counter,rdma_vf_rail2,port_xmit_data,2.9993e+12
2026-09-30T07:04:45.787Z,gpu-3uwoq-6g3ya-2,ib_counter,rdma_vf_rail2,port_rcv_data,5.95874e+12
2026-09-30T07:04:45.787Z,gpu-3uwoq-6g3ya-2,ib_counter,rdma_vf_rail2,port_xmit_packets,1.01306e+09
2026-09-30T07:04:45.787Z,gpu-3uwoq-6g3ya-2,ib_counter,rdma_vf_rail2,port_rcv_packets,1.63786e+09
2026-09-30T07:04:45.787Z,gpu-3uwoq-6g3ya-2,ib_counter,rdma_vf_rail2,port_xmit_wait,0
2026-09-30T07:04:45.787Z,gpu-3uwoq-6g3ya-2,ib_counter,rdma_vf_rail2,port_rcv_errors,0
2026-09-30T07:04:45.787Z,gpu-3uwoq-6g3ya-2,ib_counter,rdma_vf_rail2,port_xmit_discards,0
2026-09-30T07:04:45.787Z,gpu-3uwoq-6g3ya-2,ib_counter,rdma_vf_rail2,link_downed,0
2026-09-30T07:04:45.787Z,gpu-3uwoq-6g3ya-2,ib_hw_counter,rdma_vf_rail2,out_of_sequence,8
2026-09-30T07:04:45.787Z,gpu-3uwoq-6g3ya-2,ib_hw_counter,rdma_vf_rail2,packet_seq_err,0
2026-09-30T07:04:45.787Z,gpu-3uwoq-6g3ya-2,ib_hw_counter,rdma_vf_rail2,local_ack_timeout_err,0
2026-09-30T07:04:45.787Z,gpu-3uwoq-6g3ya-2,ib_hw_counter,rdma_vf_rail2,rx_write_requests,7.1093e+08
2026-09-30T07:04:45.787Z,gpu-3uwoq-6g3ya-2,ib_hw_counter,rdma_vf_rail2,rx_read_requests,1.23061e+07
2026-09-30T07:04:45.787Z,gpu-3uwoq-6g3ya-2,ib_hw_counter,rdma_vf_rail2,req_cqe_error,0
2026-09-30T07:04:45.787Z,gpu-3uwoq-6g3ya-2,ib_hw_counter,rdma_vf_rail2,resp_cqe_error,0
2026-09-30T07:04:45.787Z,gpu-3uwoq-6g3ya-2,ib_hw_counter,rdma_vf_rail2,implied_nak_seq_err,0
2026-09-30T07:04:45.787Z,gpu-3uwoq-6g3ya-2,ib_hw_counter,rdma_vf_rail2,duplicate_request,0
2026-09-30T07:04:45.787Z,gpu-3uwoq-6g3ya-2,ib_counter,rdma_vf_rail3,port_xmit_data,2.99916e+12
2026-09-30T07:04:45.787Z,gpu-3uwoq-6g3ya-2,ib_counter,rdma_vf_rail3,port_rcv_data,5.95935e+12
2026-09-30T07:04:45.787Z,gpu-3uwoq-6g3ya-2,ib_counter,rdma_vf_rail3,port_xmit_packets,1.0114e+09
2026-09-30T07:04:45.787Z,gpu-3uwoq-6g3ya-2,ib_counter,rdma_vf_rail3,port_rcv_packets,1.64526e+09
2026-09-30T07:04:45.787Z,gpu-3uwoq-6g3ya-2,ib_counter,rdma_vf_rail3,port_xmit_wait,0
2026-09-30T07:04:45.787Z,gpu-3uwoq-6g3ya-2,ib_counter,rdma_vf_rail3,port_rcv_errors,0
2026-09-30T07:04:45.787Z,gpu-3uwoq-6g3ya-2,ib_counter,rdma_vf_rail3,port_xmit_discards,0
2026-09-30T07:04:45.787Z,gpu-3uwoq-6g3ya-2,ib_counter,rdma_vf_rail3,link_downed,0
2026-09-30T07:04:45.787Z,gpu-3uwoq-6g3ya-2,ib_hw_counter,rdma_vf_rail3,out_of_sequence,7
2026-09-30T07:04:45.787Z,gpu-3uwoq-6g3ya-2,ib_hw_counter,rdma_vf_rail3,packet_seq_err,1
2026-09-30T07:04:45.787Z,gpu-3uwoq-6g3ya-2,ib_hw_counter,rdma_vf_rail3,local_ack_timeout_err,0
2026-09-30T07:04:45.787Z,gpu-3uwoq-6g3ya-2,ib_hw_counter,rdma_vf_rail3,rx_write_requests,7.1093e+08
2026-09-30T07:04:45.787Z,gpu-3uwoq-6g3ya-2,ib_hw_counter,rdma_vf_rail3,rx_read_requests,1.23061e+07
2026-09-30T07:04:45.787Z,gpu-3uwoq-6g3ya-2,ib_hw_counter,rdma_vf_rail3,req_cqe_error,0
2026-09-30T07:04:45.787Z,gpu-3uwoq-6g3ya-2,ib_hw_counter,rdma_vf_rail3,resp_cqe_error,0
2026-09-30T07:04:45.787Z,gpu-3uwoq-6g3ya-2,ib_hw_counter,rdma_vf_rail3,implied_nak_seq_err,0
2026-09-30T07:04:45.787Z,gpu-3uwoq-6g3ya-2,ib_hw_counter,rdma_vf_rail3,duplicate_request,0
2026-09-30T07:04:45.787Z,gpu-3uwoq-6g3ya-2,dcgm,gpu2,gpu_util,0
2026-09-30T07:04:45.787Z,gpu-3uwoq-6g3ya-2,dcgm,gpu3,gpu_util,0
2026-09-30T07:04:45.787Z,gpu-3uwoq-6g3ya-2,dcgm,gpu1,gpu_util,0
2026-09-30T07:04:45.787Z,gpu-3uwoq-6g3ya-2,dcgm,gpu0,gpu_util,0
2026-09-30T07:04:45.787Z,gpu-3uwoq-6g3ya-2,dcgm,gpu2,nvlink_bandwidth_total,0
2026-09-30T07:04:45.787Z,gpu-3uwoq-6g3ya-2,dcgm,gpu3,nvlink_bandwidth_total,0
2026-09-30T07:04:45.787Z,gpu-3uwoq-6g3ya-2,dcgm,gpu1,nvlink_bandwidth_total,0
2026-09-30T07:04:45.787Z,gpu-3uwoq-6g3ya-2,dcgm,gpu0,nvlink_bandwidth_total,0
2026-09-30T07:04:45.787Z,gpu-3uwoq-6g3ya-2,dcgm,gpu2,power_w,230.685
2026-09-30T07:04:45.787Z,gpu-3uwoq-6g3ya-2,dcgm,gpu3,power_w,234.316
2026-09-30T07:04:45.787Z,gpu-3uwoq-6g3ya-2,dcgm,gpu1,power_w,230
2026-09-30T07:04:45.787Z,gpu-3uwoq-6g3ya-2,dcgm,gpu0,power_w,226.743
2026-09-30T07:04:45.787Z,gpu-3uwoq-6g3ya-2,dcgm,gpu2,sm_clock_mhz,2070
2026-09-30T07:04:45.787Z,gpu-3uwoq-6g3ya-2,dcgm,gpu3,sm_clock_mhz,2070
2026-09-30T07:04:45.787Z,gpu-3uwoq-6g3ya-2,dcgm,gpu1,sm_clock_mhz,2070
2026-09-30T07:04:45.787Z,gpu-3uwoq-6g3ya-2,dcgm,gpu0,sm_clock_mhz,2070
2026-09-30T07:04:45.787Z,gpu-3uwoq-6g3ya-2,dcgm,gpu2,dram_active,0
2026-09-30T07:04:45.787Z,gpu-3uwoq-6g3ya-2,dcgm,gpu3,dram_active,0
2026-09-30T07:04:45.787Z,gpu-3uwoq-6g3ya-2,dcgm,gpu1,dram_active,0
2026-09-30T07:04:45.787Z,gpu-3uwoq-6g3ya-2,dcgm,gpu0,dram_active,0
2026-09-30T07:04:45.787Z,gpu-3uwoq-6g3ya-2,dcgm,gpu2,pcie_rx_bytes,70491
2026-09-30T07:04:45.787Z,gpu-3uwoq-6g3ya-2,dcgm,gpu3,pcie_rx_bytes,72924
2026-09-30T07:04:45.787Z,gpu-3uwoq-6g3ya-2,dcgm,gpu1,pcie_rx_bytes,84384
2026-09-30T07:04:45.787Z,gpu-3uwoq-6g3ya-2,dcgm,gpu0,pcie_rx_bytes,78827
2026-09-30T07:04:45.787Z,gpu-3uwoq-6g3ya-2,dcgm,gpu2,pcie_tx_bytes,66900
2026-09-30T07:04:45.787Z,gpu-3uwoq-6g3ya-2,dcgm,gpu3,pcie_tx_bytes,69833
2026-09-30T07:04:45.787Z,gpu-3uwoq-6g3ya-2,dcgm,gpu1,pcie_tx_bytes,80261
2026-09-30T07:04:45.787Z,gpu-3uwoq-6g3ya-2,dcgm,gpu0,pcie_tx_bytes,74686
2026-09-30T07:04:45.787Z,gpu-3uwoq-6g3ya-2,dcgm,gpu2,tensor_active,0
2026-09-30T07:04:45.787Z,gpu-3uwoq-6g3ya-2,dcgm,gpu3,tensor_active,0
2026-09-30T07:04:45.787Z,gpu-3uwoq-6g3ya-2,dcgm,gpu1,tensor_active,0
2026-09-30T07:04:45.787Z,gpu-3uwoq-6g3ya-2,dcgm,gpu0,tensor_active,0
2026-09-30T07:04:45.787Z,gpu-3uwoq-6g3ya-2,dcgm,gpu2,sm_active,0
2026-09-30T07:04:45.787Z,gpu-3uwoq-6g3ya-2,dcgm,gpu3,sm_active,0
2026-09-30T07:04:45.787Z,gpu-3uwoq-6g3ya-2,dcgm,gpu1,sm_active,0
2026-09-30T07:04:45.787Z,gpu-3uwoq-6g3ya-2,dcgm,gpu0,sm_active,0
2026-09-30T07:04:45.787Z,gpu-3uwoq-6g3ya-2,nvlink,gpu0,nvlink_rx_bytes,4.80963e+13
2026-09-30T07:04:45.787Z,gpu-3uwoq-6g3ya-2,nvlink,gpu0,nvlink_tx_bytes,4.80995e+13
2026-09-30T07:04:45.787Z,gpu-3uwoq-6g3ya-2,nvlink,gpu1,nvlink_rx_bytes,4.82499e+13
2026-09-30T07:04:45.787Z,gpu-3uwoq-6g3ya-2,nvlink,gpu1,nvlink_tx_bytes,4.8252e+13
2026-09-30T07:04:45.787Z,gpu-3uwoq-6g3ya-2,nvlink,gpu2,nvlink_rx_bytes,4.80847e+13
2026-09-30T07:04:45.787Z,gpu-3uwoq-6g3ya-2,nvlink,gpu2,nvlink_tx_bytes,4.80882e+13
2026-09-30T07:04:45.787Z,gpu-3uwoq-6g3ya-2,nvlink,gpu3,nvlink_rx_bytes,4.80322e+13
2026-09-30T07:04:45.787Z,gpu-3uwoq-6g3ya-2,nvlink,gpu3,nvlink_tx_bytes,4.80353e+13
2026-09-30T07:04:46.787Z,gpu-3uwoq-6g3ya-2,ib_counter,rdma_vf_rail0,port_xmit_data,3.13507e+12
2026-09-30T07:04:46.787Z,gpu-3uwoq-6g3ya-2,ib_counter,rdma_vf_rail0,port_rcv_data,6.09511e+12
2026-09-30T07:04:46.787Z,gpu-3uwoq-6g3ya-2,ib_counter,rdma_vf_rail0,port_xmit_packets,1.06346e+09
2026-09-30T07:04:46.787Z,gpu-3uwoq-6g3ya-2,ib_counter,rdma_vf_rail0,port_rcv_packets,1.69433e+09
2026-09-30T07:04:46.787Z,gpu-3uwoq-6g3ya-2,ib_counter,rdma_vf_rail0,port_xmit_wait,0
2026-09-30T07:04:46.787Z,gpu-3uwoq-6g3ya-2,ib_counter,rdma_vf_rail0,port_rcv_errors,0
2026-09-30T07:04:46.787Z,gpu-3uwoq-6g3ya-2,ib_counter,rdma_vf_rail0,port_xmit_discards,0
2026-09-30T07:04:46.787Z,gpu-3uwoq-6g3ya-2,ib_counter,rdma_vf_rail0,link_downed,0
2026-09-30T07:04:46.787Z,gpu-3uwoq-6g3ya-2,ib_hw_counter,rdma_vf_rail0,out_of_sequence,8
2026-09-30T07:04:46.787Z,gpu-3uwoq-6g3ya-2,ib_hw_counter,rdma_vf_rail0,packet_seq_err,0
2026-09-30T07:04:46.787Z,gpu-3uwoq-6g3ya-2,ib_hw_counter,rdma_vf_rail0,local_ack_timeout_err,0
2026-09-30T07:04:46.787Z,gpu-3uwoq-6g3ya-2,ib_hw_counter,rdma_vf_rail0,rx_write_requests,7.12956e+08
2026-09-30T07:04:46.787Z,gpu-3uwoq-6g3ya-2,ib_hw_counter,rdma_vf_rail0,rx_read_requests,1.33147e+07
2026-09-30T07:04:46.787Z,gpu-3uwoq-6g3ya-2,ib_hw_counter,rdma_vf_rail0,req_cqe_error,0
2026-09-30T07:04:46.787Z,gpu-3uwoq-6g3ya-2,ib_hw_counter,rdma_vf_rail0,resp_cqe_error,0
2026-09-30T07:04:46.787Z,gpu-3uwoq-6g3ya-2,ib_hw_counter,rdma_vf_rail0,implied_nak_seq_err,0
2026-09-30T07:04:46.787Z,gpu-3uwoq-6g3ya-2,ib_hw_counter,rdma_vf_rail0,duplicate_request,0
2026-09-30T07:04:46.787Z,gpu-3uwoq-6g3ya-2,ib_counter,rdma_vf_rail1,port_xmit_data,3.02687e+12
2026-09-30T07:04:46.787Z,gpu-3uwoq-6g3ya-2,ib_counter,rdma_vf_rail1,port_rcv_data,5.987e+12
2026-09-30T07:04:46.787Z,gpu-3uwoq-6g3ya-2,ib_counter,rdma_vf_rail1,port_xmit_packets,1.03075e+09
2026-09-30T07:04:46.787Z,gpu-3uwoq-6g3ya-2,ib_counter,rdma_vf_rail1,port_rcv_packets,1.66181e+09
2026-09-30T07:04:46.787Z,gpu-3uwoq-6g3ya-2,ib_counter,rdma_vf_rail1,port_xmit_wait,0
2026-09-30T07:04:46.787Z,gpu-3uwoq-6g3ya-2,ib_counter,rdma_vf_rail1,port_rcv_errors,0
2026-09-30T07:04:46.787Z,gpu-3uwoq-6g3ya-2,ib_counter,rdma_vf_rail1,port_xmit_discards,0
2026-09-30T07:04:46.787Z,gpu-3uwoq-6g3ya-2,ib_counter,rdma_vf_rail1,link_downed,0
2026-09-30T07:04:46.787Z,gpu-3uwoq-6g3ya-2,ib_hw_counter,rdma_vf_rail1,out_of_sequence,8
2026-09-30T07:04:46.787Z,gpu-3uwoq-6g3ya-2,ib_hw_counter,rdma_vf_rail1,packet_seq_err,0
2026-09-30T07:04:46.787Z,gpu-3uwoq-6g3ya-2,ib_hw_counter,rdma_vf_rail1,local_ack_timeout_err,0
2026-09-30T07:04:46.787Z,gpu-3uwoq-6g3ya-2,ib_hw_counter,rdma_vf_rail1,rx_write_requests,7.11363e+08
2026-09-30T07:04:46.787Z,gpu-3uwoq-6g3ya-2,ib_hw_counter,rdma_vf_rail1,rx_read_requests,1.2514e+07
2026-09-30T07:04:46.787Z,gpu-3uwoq-6g3ya-2,ib_hw_counter,rdma_vf_rail1,req_cqe_error,0
2026-09-30T07:04:46.787Z,gpu-3uwoq-6g3ya-2,ib_hw_counter,rdma_vf_rail1,resp_cqe_error,0
2026-09-30T07:04:46.787Z,gpu-3uwoq-6g3ya-2,ib_hw_counter,rdma_vf_rail1,implied_nak_seq_err,0
2026-09-30T07:04:46.787Z,gpu-3uwoq-6g3ya-2,ib_hw_counter,rdma_vf_rail1,duplicate_request,0
2026-09-30T07:04:46.787Z,gpu-3uwoq-6g3ya-2,ib_counter,rdma_vf_rail2,port_xmit_data,2.9993e+12
2026-09-30T07:04:46.787Z,gpu-3uwoq-6g3ya-2,ib_counter,rdma_vf_rail2,port_rcv_data,5.95874e+12
2026-09-30T07:04:46.787Z,gpu-3uwoq-6g3ya-2,ib_counter,rdma_vf_rail2,port_xmit_packets,1.01306e+09
2026-09-30T07:04:46.787Z,gpu-3uwoq-6g3ya-2,ib_counter,rdma_vf_rail2,port_rcv_packets,1.63786e+09
2026-09-30T07:04:46.787Z,gpu-3uwoq-6g3ya-2,ib_counter,rdma_vf_rail2,port_xmit_wait,0
2026-09-30T07:04:46.787Z,gpu-3uwoq-6g3ya-2,ib_counter,rdma_vf_rail2,port_rcv_errors,0
2026-09-30T07:04:46.787Z,gpu-3uwoq-6g3ya-2,ib_counter,rdma_vf_rail2,port_xmit_discards,0
2026-09-30T07:04:46.787Z,gpu-3uwoq-6g3ya-2,ib_counter,rdma_vf_rail2,link_downed,0
2026-09-30T07:04:46.787Z,gpu-3uwoq-6g3ya-2,ib_hw_counter,rdma_vf_rail2,out_of_sequence,8
2026-09-30T07:04:46.787Z,gpu-3uwoq-6g3ya-2,ib_hw_counter,rdma_vf_rail2,packet_seq_err,0
2026-09-30T07:04:46.787Z,gpu-3uwoq-6g3ya-2,ib_hw_counter,rdma_vf_rail2,local_ack_timeout_err,0
2026-09-30T07:04:46.787Z,gpu-3uwoq-6g3ya-2,ib_hw_counter,rdma_vf_rail2,rx_write_requests,7.1093e+08
2026-09-30T07:04:46.787Z,gpu-3uwoq-6g3ya-2,ib_hw_counter,rdma_vf_rail2,rx_read_requests,1.23061e+07
2026-09-30T07:04:46.787Z,gpu-3uwoq-6g3ya-2,ib_hw_counter,rdma_vf_rail2,req_cqe_error,0
2026-09-30T07:04:46.787Z,gpu-3uwoq-6g3ya-2,ib_hw_counter,rdma_vf_rail2,resp_cqe_error,0
2026-09-30T07:04:46.787Z,gpu-3uwoq-6g3ya-2,ib_hw_counter,rdma_vf_rail2,implied_nak_seq_err,0
2026-09-30T07:04:46.787Z,gpu-3uwoq-6g3ya-2,ib_hw_counter,rdma_vf_rail2,duplicate_request,0
2026-09-30T07:04:46.787Z,gpu-3uwoq-6g3ya-2,ib_counter,rdma_vf_rail3,port_xmit_data,2.99916e+12
2026-09-30T07:04:46.787Z,gpu-3uwoq-6g3ya-2,ib_counter,rdma_vf_rail3,port_rcv_data,5.95935e+12
2026-09-30T07:04:46.787Z,gpu-3uwoq-6g3ya-2,ib_counter,rdma_vf_rail3,port_xmit_packets,1.0114e+09
2026-09-30T07:04:46.787Z,gpu-3uwoq-6g3ya-2,ib_counter,rdma_vf_rail3,port_rcv_packets,1.64526e+09
2026-09-30T07:04:46.787Z,gpu-3uwoq-6g3ya-2,ib_counter,rdma_vf_rail3,port_xmit_wait,0
2026-09-30T07:04:46.787Z,gpu-3uwoq-6g3ya-2,ib_counter,rdma_vf_rail3,port_rcv_errors,0
2026-09-30T07:04:46.787Z,gpu-3uwoq-6g3ya-2,ib_counter,rdma_vf_rail3,port_xmit_discards,0
2026-09-30T07:04:46.787Z,gpu-3uwoq-6g3ya-2,ib_counter,rdma_vf_rail3,link_downed,0
2026-09-30T07:04:46.787Z,gpu-3uwoq-6g3ya-2,ib_hw_counter,rdma_vf_rail3,out_of_sequence,7
2026-09-30T07:04:46.787Z,gpu-3uwoq-6g3ya-2,ib_hw_counter,rdma_vf_rail3,packet_seq_err,1
2026-09-30T07:04:46.787Z,gpu-3uwoq-6g3ya-2,ib_hw_counter,rdma_vf_rail3,local_ack_timeout_err,0
2026-09-30T07:04:46.787Z,gpu-3uwoq-6g3ya-2,ib_hw_counter,rdma_vf_rail3,rx_write_requests,7.1093e+08
2026-09-30T07:04:46.787Z,gpu-3uwoq-6g3ya-2,ib_hw_counter,rdma_vf_rail3,rx_read_requests,1.23061e+07
2026-09-30T07:04:46.787Z,gpu-3uwoq-6g3ya-2,ib_hw_counter,rdma_vf_rail3,req_cqe_error,0
2026-09-30T07:04:46.787Z,gpu-3uwoq-6g3ya-2,ib_hw_counter,rdma_vf_rail3,resp_cqe_error,0
2026-09-30T07:04:46.787Z,gpu-3uwoq-6g3ya-2,ib_hw_counter,rdma_vf_rail3,implied_nak_seq_err,0
2026-09-30T07:04:46.787Z,gpu-3uwoq-6g3ya-2,ib_hw_counter,rdma_vf_rail3,duplicate_request,0
2026-09-30T07:04:46.787Z,gpu-3uwoq-6g3ya-2,dcgm,gpu2,gpu_util,0
2026-09-30T07:04:46.787Z,gpu-3uwoq-6g3ya-2,dcgm,gpu3,gpu_util,0
2026-09-30T07:04:46.787Z,gpu-3uwoq-6g3ya-2,dcgm,gpu1,gpu_util,0
2026-09-30T07:04:46.787Z,gpu-3uwoq-6g3ya-2,dcgm,gpu0,gpu_util,0
2026-09-30T07:04:46.787Z,gpu-3uwoq-6g3ya-2,dcgm,gpu2,nvlink_bandwidth_total,0
2026-09-30T07:04:46.787Z,gpu-3uwoq-6g3ya-2,dcgm,gpu3,nvlink_bandwidth_total,0
2026-09-30T07:04:46.787Z,gpu-3uwoq-6g3ya-2,dcgm,gpu1,nvlink_bandwidth_total,0
2026-09-30T07:04:46.787Z,gpu-3uwoq-6g3ya-2,dcgm,gpu0,nvlink_bandwidth_total,0
2026-09-30T07:04:46.787Z,gpu-3uwoq-6g3ya-2,dcgm,gpu2,power_w,230.685
2026-09-30T07:04:46.787Z,gpu-3uwoq-6g3ya-2,dcgm,gpu3,power_w,234.316
2026-09-30T07:04:46.787Z,gpu-3uwoq-6g3ya-2,dcgm,gpu1,power_w,230
2026-09-30T07:04:46.787Z,gpu-3uwoq-6g3ya-2,dcgm,gpu0,power_w,226.743
2026-09-30T07:04:46.787Z,gpu-3uwoq-6g3ya-2,dcgm,gpu2,sm_clock_mhz,2070
2026-09-30T07:04:46.787Z,gpu-3uwoq-6g3ya-2,dcgm,gpu3,sm_clock_mhz,2070
2026-09-30T07:04:46.787Z,gpu-3uwoq-6g3ya-2,dcgm,gpu1,sm_clock_mhz,2070
2026-09-30T07:04:46.787Z,gpu-3uwoq-6g3ya-2,dcgm,gpu0,sm_clock_mhz,2070
2026-09-30T07:04:46.787Z,gpu-3uwoq-6g3ya-2,dcgm,gpu2,dram_active,0
2026-09-30T07:04:46.787Z,gpu-3uwoq-6g3ya-2,dcgm,gpu3,dram_active,0
2026-09-30T07:04:46.787Z,gpu-3uwoq-6g3ya-2,dcgm,gpu1,dram_active,0
2026-09-30T07:04:46.787Z,gpu-3uwoq-6g3ya-2,dcgm,gpu0,dram_active,0
2026-09-30T07:04:46.787Z,gpu-3uwoq-6g3ya-2,dcgm,gpu2,pcie_rx_bytes,70491
2026-09-30T07:04:46.787Z,gpu-3uwoq-6g3ya-2,dcgm,gpu3,pcie_rx_bytes,72924
2026-09-30T07:04:46.787Z,gpu-3uwoq-6g3ya-2,dcgm,gpu1,pcie_rx_bytes,84384
2026-09-30T07:04:46.787Z,gpu-3uwoq-6g3ya-2,dcgm,gpu0,pcie_rx_bytes,78827
2026-09-30T07:04:46.787Z,gpu-3uwoq-6g3ya-2,dcgm,gpu2,pcie_tx_bytes,66900
2026-09-30T07:04:46.787Z,gpu-3uwoq-6g3ya-2,dcgm,gpu3,pcie_tx_bytes,69833
2026-09-30T07:04:46.787Z,gpu-3uwoq-6g3ya-2,dcgm,gpu1,pcie_tx_bytes,80261
2026-09-30T07:04:46.787Z,gpu-3uwoq-6g3ya-2,dcgm,gpu0,pcie_tx_bytes,74686
2026-09-30T07:04:46.787Z,gpu-3uwoq-6g3ya-2,dcgm,gpu2,tensor_active,0
2026-09-30T07:04:46.787Z,gpu-3uwoq-6g3ya-2,dcgm,gpu3,tensor_active,0
2026-09-30T07:04:46.787Z,gpu-3uwoq-6g3ya-2,dcgm,gpu1,tensor_active,0
2026-09-30T07:04:46.787Z,gpu-3uwoq-6g3ya-2,dcgm,gpu0,tensor_active,0
2026-09-30T07:04:46.787Z,gpu-3uwoq-6g3ya-2,dcgm,gpu2,sm_active,0
2026-09-30T07:04:46.787Z,gpu-3uwoq-6g3ya-2,dcgm,gpu3,sm_active,0
2026-09-30T07:04:46.787Z,gpu-3uwoq-6g3ya-2,dcgm,gpu1,sm_active,0
2026-09-30T07:04:46.787Z,gpu-3uwoq-6g3ya-2,dcgm,gpu0,sm_active,0
2026-09-30T07:04:46.787Z,gpu-3uwoq-6g3ya-2,nvlink,gpu0,nvlink_rx_bytes,4.80963e+13
2026-09-30T07:04:46.787Z,gpu-3uwoq-6g3ya-2,nvlink,gpu0,nvlink_tx_bytes,4.80995e+13
2026-09-30T07:04:46.787Z,gpu-3uwoq-6g3ya-2,nvlink,gpu1,nvlink_rx_bytes,4.82499e+13
2026-09-30T07:04:46.787Z,gpu-3uwoq-6g3ya-2,nvlink,gpu1,nvlink_tx_bytes,4.8252e+13
2026-09-30T07:04:46.787Z,gpu-3uwoq-6g3ya-2,nvlink,gpu2,nvlink_rx_bytes,4.80847e+13
2026-09-30T07:04:46.787Z,gpu-3uwoq-6g3ya-2,nvlink,gpu2,nvlink_tx_bytes,4.80882e+13
2026-09-30T07:04:46.787Z,gpu-3uwoq-6g3ya-2,nvlink,gpu3,nvlink_rx_bytes,4.80322e+13
2026-09-30T07:04:46.787Z,gpu-3uwoq-6g3ya-2,nvlink,gpu3,nvlink_tx_bytes,4.80353e+13
2026-09-30T07:04:47.787Z,gpu-3uwoq-6g3ya-2,ib_counter,rdma_vf_rail0,port_xmit_data,3.13507e+12
2026-09-30T07:04:47.787Z,gpu-3uwoq-6g3ya-2,ib_counter,rdma_vf_rail0,port_rcv_data,6.09511e+12
2026-09-30T07:04:47.787Z,gpu-3uwoq-6g3ya-2,ib_counter,rdma_vf_rail0,port_xmit_packets,1.06346e+09
2026-09-30T07:04:47.787Z,gpu-3uwoq-6g3ya-2,ib_counter,rdma_vf_rail0,port_rcv_packets,1.69433e+09
2026-09-30T07:04:47.787Z,gpu-3uwoq-6g3ya-2,ib_counter,rdma_vf_rail0,port_xmit_wait,0
2026-09-30T07:04:47.787Z,gpu-3uwoq-6g3ya-2,ib_counter,rdma_vf_rail0,port_rcv_errors,0
2026-09-30T07:04:47.787Z,gpu-3uwoq-6g3ya-2,ib_counter,rdma_vf_rail0,port_xmit_discards,0
2026-09-30T07:04:47.787Z,gpu-3uwoq-6g3ya-2,ib_counter,rdma_vf_rail0,link_downed,0
2026-09-30T07:04:47.787Z,gpu-3uwoq-6g3ya-2,ib_hw_counter,rdma_vf_rail0,out_of_sequence,8
2026-09-30T07:04:47.787Z,gpu-3uwoq-6g3ya-2,ib_hw_counter,rdma_vf_rail0,packet_seq_err,0
2026-09-30T07:04:47.787Z,gpu-3uwoq-6g3ya-2,ib_hw_counter,rdma_vf_rail0,local_ack_timeout_err,0
2026-09-30T07:04:47.787Z,gpu-3uwoq-6g3ya-2,ib_hw_counter,rdma_vf_rail0,rx_write_requests,7.12956e+08
2026-09-30T07:04:47.787Z,gpu-3uwoq-6g3ya-2,ib_hw_counter,rdma_vf_rail0,rx_read_requests,1.33147e+07
2026-09-30T07:04:47.787Z,gpu-3uwoq-6g3ya-2,ib_hw_counter,rdma_vf_rail0,req_cqe_error,0
2026-09-30T07:04:47.787Z,gpu-3uwoq-6g3ya-2,ib_hw_counter,rdma_vf_rail0,resp_cqe_error,0
2026-09-30T07:04:47.787Z,gpu-3uwoq-6g3ya-2,ib_hw_counter,rdma_vf_rail0,implied_nak_seq_err,0
2026-09-30T07:04:47.787Z,gpu-3uwoq-6g3ya-2,ib_hw_counter,rdma_vf_rail0,duplicate_request,0
2026-09-30T07:04:47.787Z,gpu-3uwoq-6g3ya-2,ib_counter,rdma_vf_rail1,port_xmit_data,3.02687e+12
2026-09-30T07:04:47.787Z,gpu-3uwoq-6g3ya-2,ib_counter,rdma_vf_rail1,port_rcv_data,5.987e+12
2026-09-30T07:04:47.787Z,gpu-3uwoq-6g3ya-2,ib_counter,rdma_vf_rail1,port_xmit_packets,1.03075e+09
2026-09-30T07:04:47.787Z,gpu-3uwoq-6g3ya-2,ib_counter,rdma_vf_rail1,port_rcv_packets,1.66181e+09
2026-09-30T07:04:47.787Z,gpu-3uwoq-6g3ya-2,ib_counter,rdma_vf_rail1,port_xmit_wait,0
2026-09-30T07:04:47.787Z,gpu-3uwoq-6g3ya-2,ib_counter,rdma_vf_rail1,port_rcv_errors,0
2026-09-30T07:04:47.787Z,gpu-3uwoq-6g3ya-2,ib_counter,rdma_vf_rail1,port_xmit_discards,0
2026-09-30T07:04:47.787Z,gpu-3uwoq-6g3ya-2,ib_counter,rdma_vf_rail1,link_downed,0
2026-09-30T07:04:47.787Z,gpu-3uwoq-6g3ya-2,ib_hw_counter,rdma_vf_rail1,out_of_sequence,8
2026-09-30T07:04:47.787Z,gpu-3uwoq-6g3ya-2,ib_hw_counter,rdma_vf_rail1,packet_seq_err,0
2026-09-30T07:04:47.787Z,gpu-3uwoq-6g3ya-2,ib_hw_counter,rdma_vf_rail1,local_ack_timeout_err,0
2026-09-30T07:04:47.787Z,gpu-3uwoq-6g3ya-2,ib_hw_counter,rdma_vf_rail1,rx_write_requests,7.11363e+08
2026-09-30T07:04:47.787Z,gpu-3uwoq-6g3ya-2,ib_hw_counter,rdma_vf_rail1,rx_read_requests,1.2514e+07
2026-09-30T07:04:47.787Z,gpu-3uwoq-6g3ya-2,ib_hw_counter,rdma_vf_rail1,req_cqe_error,0
2026-09-30T07:04:47.787Z,gpu-3uwoq-6g3ya-2,ib_hw_counter,rdma_vf_rail1,resp_cqe_error,0
2026-09-30T07:04:47.787Z,gpu-3uwoq-6g3ya-2,ib_hw_counter,rdma_vf_rail1,implied_nak_seq_err,0
2026-09-30T07:04:47.787Z,gpu-3uwoq-6g3ya-2,ib_hw_counter,rdma_vf_rail1,duplicate_request,0
2026-09-30T07:04:47.787Z,gpu-3uwoq-6g3ya-2,ib_counter,rdma_vf_rail2,port_xmit_data,2.9993e+12
2026-09-30T07:04:47.787Z,gpu-3uwoq-6g3ya-2,ib_counter,rdma_vf_rail2,port_rcv_data,5.95874e+12
2026-09-30T07:04:47.787Z,gpu-3uwoq-6g3ya-2,ib_counter,rdma_vf_rail2,port_xmit_packets,1.01306e+09
2026-09-30T07:04:47.787Z,gpu-3uwoq-6g3ya-2,ib_counter,rdma_vf_rail2,port_rcv_packets,1.63786e+09
2026-09-30T07:04:47.787Z,gpu-3uwoq-6g3ya-2,ib_counter,rdma_vf_rail2,port_xmit_wait,0
2026-09-30T07:04:47.787Z,gpu-3uwoq-6g3ya-2,ib_counter,rdma_vf_rail2,port_rcv_errors,0
2026-09-30T07:04:47.787Z,gpu-3uwoq-6g3ya-2,ib_counter,rdma_vf_rail2,port_xmit_discards,0
2026-09-30T07:04:47.787Z,gpu-3uwoq-6g3ya-2,ib_counter,rdma_vf_rail2,link_downed,0
2026-09-30T07:04:47.787Z,gpu-3uwoq-6g3ya-2,ib_hw_counter,rdma_vf_rail2,out_of_sequence,8
2026-09-30T07:04:47.787Z,gpu-3uwoq-6g3ya-2,ib_hw_counter,rdma_vf_rail2,packet_seq_err,0
2026-09-30T07:04:47.787Z,gpu-3uwoq-6g3ya-2,ib_hw_counter,rdma_vf_rail2,local_ack_timeout_err,0
2026-09-30T07:04:47.787Z,gpu-3uwoq-6g3ya-2,ib_hw_counter,rdma_vf_rail2,rx_write_requests,7.1093e+08
2026-09-30T07:04:47.787Z,gpu-3uwoq-6g3ya-2,ib_hw_counter,rdma_vf_rail2,rx_read_requests,1.23061e+07
2026-09-30T07:04:47.787Z,gpu-3uwoq-6g3ya-2,ib_hw_counter,rdma_vf_rail2,req_cqe_error,0
2026-09-30T07:04:47.787Z,gpu-3uwoq-6g3ya-2,ib_hw_counter,rdma_vf_rail2,resp_cqe_error,0
2026-09-30T07:04:47.787Z,gpu-3uwoq-6g3ya-2,ib_hw_counter,rdma_vf_rail2,implied_nak_seq_err,0
2026-09-30T07:04:47.787Z,gpu-3uwoq-6g3ya-2,ib_hw_counter,rdma_vf_rail2,duplicate_request,0
2026-09-30T07:04:47.787Z,gpu-3uwoq-6g3ya-2,ib_counter,rdma_vf_rail3,port_xmit_data,2.99916e+12
2026-09-30T07:04:47.787Z,gpu-3uwoq-6g3ya-2,ib_counter,rdma_vf_rail3,port_rcv_data,5.95935e+12
2026-09-30T07:04:47.787Z,gpu-3uwoq-6g3ya-2,ib_counter,rdma_vf_rail3,port_xmit_packets,1.0114e+09
2026-09-30T07:04:47.787Z,gpu-3uwoq-6g3ya-2,ib_counter,rdma_vf_rail3,port_rcv_packets,1.64526e+09
2026-09-30T07:04:47.787Z,gpu-3uwoq-6g3ya-2,ib_counter,rdma_vf_rail3,port_xmit_wait,0
2026-09-30T07:04:47.787Z,gpu-3uwoq-6g3ya-2,ib_counter,rdma_vf_rail3,port_rcv_errors,0
2026-09-30T07:04:47.787Z,gpu-3uwoq-6g3ya-2,ib_counter,rdma_vf_rail3,port_xmit_discards,0
2026-09-30T07:04:47.787Z,gpu-3uwoq-6g3ya-2,ib_counter,rdma_vf_rail3,link_downed,0
2026-09-30T07:04:47.787Z,gpu-3uwoq-6g3ya-2,ib_hw_counter,rdma_vf_rail3,out_of_sequence,7
2026-09-30T07:04:47.787Z,gpu-3uwoq-6g3ya-2,ib_hw_counter,rdma_vf_rail3,packet_seq_err,1
2026-09-30T07:04:47.787Z,gpu-3uwoq-6g3ya-2,ib_hw_counter,rdma_vf_rail3,local_ack_timeout_err,0
2026-09-30T07:04:47.787Z,gpu-3uwoq-6g3ya-2,ib_hw_counter,rdma_vf_rail3,rx_write_requests,7.1093e+08
2026-09-30T07:04:47.787Z,gpu-3uwoq-6g3ya-2,ib_hw_counter,rdma_vf_rail3,rx_read_requests,1.23061e+07
2026-09-30T07:04:47.787Z,gpu-3uwoq-6g3ya-2,ib_hw_counter,rdma_vf_rail3,req_cqe_error,0
2026-09-30T07:04:47.787Z,gpu-3uwoq-6g3ya-2,ib_hw_counter,rdma_vf_rail3,resp_cqe_error,0
2026-09-30T07:04:47.787Z,gpu-3uwoq-6g3ya-2,ib_hw_counter,rdma_vf_rail3,implied_nak_seq_err,0
2026-09-30T07:04:47.787Z,gpu-3uwoq-6g3ya-2,ib_hw_counter,rdma_vf_rail3,duplicate_request,0
2026-09-30T07:04:47.787Z,gpu-3uwoq-6g3ya-2,dcgm,gpu2,gpu_util,0
2026-09-30T07:04:47.787Z,gpu-3uwoq-6g3ya-2,dcgm,gpu3,gpu_util,0
2026-09-30T07:04:47.787Z,gpu-3uwoq-6g3ya-2,dcgm,gpu1,gpu_util,0
2026-09-30T07:04:47.787Z,gpu-3uwoq-6g3ya-2,dcgm,gpu0,gpu_util,0
2026-09-30T07:04:47.787Z,gpu-3uwoq-6g3ya-2,dcgm,gpu2,nvlink_bandwidth_total,0
2026-09-30T07:04:47.787Z,gpu-3uwoq-6g3ya-2,dcgm,gpu3,nvlink_bandwidth_total,0
2026-09-30T07:04:47.787Z,gpu-3uwoq-6g3ya-2,dcgm,gpu1,nvlink_bandwidth_total,0
2026-09-30T07:04:47.787Z,gpu-3uwoq-6g3ya-2,dcgm,gpu0,nvlink_bandwidth_total,0
2026-09-30T07:04:47.787Z,gpu-3uwoq-6g3ya-2,dcgm,gpu2,power_w,230.637
2026-09-30T07:04:47.787Z,gpu-3uwoq-6g3ya-2,dcgm,gpu3,power_w,234.497
2026-09-30T07:04:47.787Z,gpu-3uwoq-6g3ya-2,dcgm,gpu1,power_w,230
2026-09-30T07:04:47.787Z,gpu-3uwoq-6g3ya-2,dcgm,gpu0,power_w,226.743
2026-09-30T07:04:47.787Z,gpu-3uwoq-6g3ya-2,dcgm,gpu2,sm_clock_mhz,2070
2026-09-30T07:04:47.787Z,gpu-3uwoq-6g3ya-2,dcgm,gpu3,sm_clock_mhz,2070
2026-09-30T07:04:47.787Z,gpu-3uwoq-6g3ya-2,dcgm,gpu1,sm_clock_mhz,2070
2026-09-30T07:04:47.787Z,gpu-3uwoq-6g3ya-2,dcgm,gpu0,sm_clock_mhz,2070
2026-09-30T07:04:47.787Z,gpu-3uwoq-6g3ya-2,dcgm,gpu2,dram_active,3e-06
2026-09-30T07:04:47.787Z,gpu-3uwoq-6g3ya-2,dcgm,gpu3,dram_active,3e-06
2026-09-30T07:04:47.787Z,gpu-3uwoq-6g3ya-2,dcgm,gpu1,dram_active,0
2026-09-30T07:04:47.787Z,gpu-3uwoq-6g3ya-2,dcgm,gpu0,dram_active,0
2026-09-30T07:04:47.787Z,gpu-3uwoq-6g3ya-2,dcgm,gpu2,pcie_rx_bytes,211291
2026-09-30T07:04:47.787Z,gpu-3uwoq-6g3ya-2,dcgm,gpu3,pcie_rx_bytes,72924
2026-09-30T07:04:47.787Z,gpu-3uwoq-6g3ya-2,dcgm,gpu1,pcie_rx_bytes,260229
2026-09-30T07:04:47.787Z,gpu-3uwoq-6g3ya-2,dcgm,gpu0,pcie_rx_bytes,256070
2026-09-30T07:04:47.787Z,gpu-3uwoq-6g3ya-2,dcgm,gpu2,pcie_tx_bytes,66900
2026-09-30T07:04:47.787Z,gpu-3uwoq-6g3ya-2,dcgm,gpu3,pcie_tx_bytes,69833
2026-09-30T07:04:47.787Z,gpu-3uwoq-6g3ya-2,dcgm,gpu1,pcie_tx_bytes,239125
2026-09-30T07:04:47.787Z,gpu-3uwoq-6g3ya-2,dcgm,gpu0,pcie_tx_bytes,234496
2026-09-30T07:04:47.787Z,gpu-3uwoq-6g3ya-2,dcgm,gpu2,tensor_active,0
2026-09-30T07:04:47.787Z,gpu-3uwoq-6g3ya-2,dcgm,gpu3,tensor_active,0
2026-09-30T07:04:47.787Z,gpu-3uwoq-6g3ya-2,dcgm,gpu1,tensor_active,0
2026-09-30T07:04:47.787Z,gpu-3uwoq-6g3ya-2,dcgm,gpu0,tensor_active,0
2026-09-30T07:04:47.787Z,gpu-3uwoq-6g3ya-2,dcgm,gpu2,sm_active,0
2026-09-30T07:04:47.787Z,gpu-3uwoq-6g3ya-2,dcgm,gpu3,sm_active,0
2026-09-30T07:04:47.787Z,gpu-3uwoq-6g3ya-2,dcgm,gpu1,sm_active,0
2026-09-30T07:04:47.787Z,gpu-3uwoq-6g3ya-2,dcgm,gpu0,sm_active,0
2026-09-30T07:04:47.787Z,gpu-3uwoq-6g3ya-2,nvlink,gpu0,nvlink_rx_bytes,4.80963e+13
2026-09-30T07:04:47.787Z,gpu-3uwoq-6g3ya-2,nvlink,gpu0,nvlink_tx_bytes,4.80995e+13
2026-09-30T07:04:47.787Z,gpu-3uwoq-6g3ya-2,nvlink,gpu1,nvlink_rx_bytes,4.82499e+13
2026-09-30T07:04:47.787Z,gpu-3uwoq-6g3ya-2,nvlink,gpu1,nvlink_tx_bytes,4.8252e+13
2026-09-30T07:04:47.787Z,gpu-3uwoq-6g3ya-2,nvlink,gpu2,nvlink_rx_bytes,4.80847e+13
2026-09-30T07:04:47.787Z,gpu-3uwoq-6g3ya-2,nvlink,gpu2,nvlink_tx_bytes,4.80882e+13
2026-09-30T07:04:47.787Z,gpu-3uwoq-6g3ya-2,nvlink,gpu3,nvlink_rx_bytes,4.80322e+13
2026-09-30T07:04:47.787Z,gpu-3uwoq-6g3ya-2,nvlink,gpu3,nvlink_tx_bytes,4.80353e+13
2026-09-30T07:04:48.787Z,gpu-3uwoq-6g3ya-2,ib_counter,rdma_vf_rail0,port_xmit_data,3.13507e+12
2026-09-30T07:04:48.787Z,gpu-3uwoq-6g3ya-2,ib_counter,rdma_vf_rail0,port_rcv_data,6.09511e+12
2026-09-30T07:04:48.787Z,gpu-3uwoq-6g3ya-2,ib_counter,rdma_vf_rail0,port_xmit_packets,1.06346e+09
2026-09-30T07:04:48.787Z,gpu-3uwoq-6g3ya-2,ib_counter,rdma_vf_rail0,port_rcv_packets,1.69433e+09
2026-09-30T07:04:48.787Z,gpu-3uwoq-6g3ya-2,ib_counter,rdma_vf_rail0,port_xmit_wait,0
2026-09-30T07:04:48.787Z,gpu-3uwoq-6g3ya-2,ib_counter,rdma_vf_rail0,port_rcv_errors,0
2026-09-30T07:04:48.787Z,gpu-3uwoq-6g3ya-2,ib_counter,rdma_vf_rail0,port_xmit_discards,0
2026-09-30T07:04:48.787Z,gpu-3uwoq-6g3ya-2,ib_counter,rdma_vf_rail0,link_downed,0
2026-09-30T07:04:48.787Z,gpu-3uwoq-6g3ya-2,ib_hw_counter,rdma_vf_rail0,out_of_sequence,8
2026-09-30T07:04:48.787Z,gpu-3uwoq-6g3ya-2,ib_hw_counter,rdma_vf_rail0,packet_seq_err,0
2026-09-30T07:04:48.787Z,gpu-3uwoq-6g3ya-2,ib_hw_counter,rdma_vf_rail0,local_ack_timeout_err,0
2026-09-30T07:04:48.787Z,gpu-3uwoq-6g3ya-2,ib_hw_counter,rdma_vf_rail0,rx_write_requests,7.12956e+08
2026-09-30T07:04:48.787Z,gpu-3uwoq-6g3ya-2,ib_hw_counter,rdma_vf_rail0,rx_read_requests,1.33147e+07
2026-09-30T07:04:48.787Z,gpu-3uwoq-6g3ya-2,ib_hw_counter,rdma_vf_rail0,req_cqe_error,0
2026-09-30T07:04:48.787Z,gpu-3uwoq-6g3ya-2,ib_hw_counter,rdma_vf_rail0,resp_cqe_error,0
2026-09-30T07:04:48.787Z,gpu-3uwoq-6g3ya-2,ib_hw_counter,rdma_vf_rail0,implied_nak_seq_err,0
2026-09-30T07:04:48.787Z,gpu-3uwoq-6g3ya-2,ib_hw_counter,rdma_vf_rail0,duplicate_request,0
2026-09-30T07:04:48.787Z,gpu-3uwoq-6g3ya-2,ib_counter,rdma_vf_rail1,port_xmit_data,3.02687e+12
2026-09-30T07:04:48.787Z,gpu-3uwoq-6g3ya-2,ib_counter,rdma_vf_rail1,port_rcv_data,5.987e+12
2026-09-30T07:04:48.787Z,gpu-3uwoq-6g3ya-2,ib_counter,rdma_vf_rail1,port_xmit_packets,1.03075e+09
2026-09-30T07:04:48.787Z,gpu-3uwoq-6g3ya-2,ib_counter,rdma_vf_rail1,port_rcv_packets,1.66181e+09
2026-09-30T07:04:48.787Z,gpu-3uwoq-6g3ya-2,ib_counter,rdma_vf_rail1,port_xmit_wait,0
2026-09-30T07:04:48.787Z,gpu-3uwoq-6g3ya-2,ib_counter,rdma_vf_rail1,port_rcv_errors,0
2026-09-30T07:04:48.787Z,gpu-3uwoq-6g3ya-2,ib_counter,rdma_vf_rail1,port_xmit_discards,0
2026-09-30T07:04:48.787Z,gpu-3uwoq-6g3ya-2,ib_counter,rdma_vf_rail1,link_downed,0
2026-09-30T07:04:48.787Z,gpu-3uwoq-6g3ya-2,ib_hw_counter,rdma_vf_rail1,out_of_sequence,8
2026-09-30T07:04:48.787Z,gpu-3uwoq-6g3ya-2,ib_hw_counter,rdma_vf_rail1,packet_seq_err,0
2026-09-30T07:04:48.787Z,gpu-3uwoq-6g3ya-2,ib_hw_counter,rdma_vf_rail1,local_ack_timeout_err,0
2026-09-30T07:04:48.787Z,gpu-3uwoq-6g3ya-2,ib_hw_counter,rdma_vf_rail1,rx_write_requests,7.11363e+08
2026-09-30T07:04:48.787Z,gpu-3uwoq-6g3ya-2,ib_hw_counter,rdma_vf_rail1,rx_read_requests,1.2514e+07
2026-09-30T07:04:48.787Z,gpu-3uwoq-6g3ya-2,ib_hw_counter,rdma_vf_rail1,req_cqe_error,0
2026-09-30T07:04:48.787Z,gpu-3uwoq-6g3ya-2,ib_hw_counter,rdma_vf_rail1,resp_cqe_error,0
2026-09-30T07:04:48.787Z,gpu-3uwoq-6g3ya-2,ib_hw_counter,rdma_vf_rail1,implied_nak_seq_err,0
2026-09-30T07:04:48.787Z,gpu-3uwoq-6g3ya-2,ib_hw_counter,rdma_vf_rail1,duplicate_request,0
2026-09-30T07:04:48.787Z,gpu-3uwoq-6g3ya-2,ib_counter,rdma_vf_rail2,port_xmit_data,2.9993e+12
2026-09-30T07:04:48.787Z,gpu-3uwoq-6g3ya-2,ib_counter,rdma_vf_rail2,port_rcv_data,5.95874e+12
2026-09-30T07:04:48.787Z,gpu-3uwoq-6g3ya-2,ib_counter,rdma_vf_rail2,port_xmit_packets,1.01306e+09
2026-09-30T07:04:48.787Z,gpu-3uwoq-6g3ya-2,ib_counter,rdma_vf_rail2,port_rcv_packets,1.63786e+09
2026-09-30T07:04:48.787Z,gpu-3uwoq-6g3ya-2,ib_counter,rdma_vf_rail2,port_xmit_wait,0
2026-09-30T07:04:48.787Z,gpu-3uwoq-6g3ya-2,ib_counter,rdma_vf_rail2,port_rcv_errors,0
2026-09-30T07:04:48.787Z,gpu-3uwoq-6g3ya-2,ib_counter,rdma_vf_rail2,port_xmit_discards,0
2026-09-30T07:04:48.787Z,gpu-3uwoq-6g3ya-2,ib_counter,rdma_vf_rail2,link_downed,0
2026-09-30T07:04:48.787Z,gpu-3uwoq-6g3ya-2,ib_hw_counter,rdma_vf_rail2,out_of_sequence,8
2026-09-30T07:04:48.787Z,gpu-3uwoq-6g3ya-2,ib_hw_counter,rdma_vf_rail2,packet_seq_err,0
2026-09-30T07:04:48.787Z,gpu-3uwoq-6g3ya-2,ib_hw_counter,rdma_vf_rail2,local_ack_timeout_err,0
2026-09-30T07:04:48.787Z,gpu-3uwoq-6g3ya-2,ib_hw_counter,rdma_vf_rail2,rx_write_requests,7.1093e+08
2026-09-30T07:04:48.787Z,gpu-3uwoq-6g3ya-2,ib_hw_counter,rdma_vf_rail2,rx_read_requests,1.23061e+07
2026-09-30T07:04:48.787Z,gpu-3uwoq-6g3ya-2,ib_hw_counter,rdma_vf_rail2,req_cqe_error,0
2026-09-30T07:04:48.787Z,gpu-3uwoq-6g3ya-2,ib_hw_counter,rdma_vf_rail2,resp_cqe_error,0
2026-09-30T07:04:48.787Z,gpu-3uwoq-6g3ya-2,ib_hw_counter,rdma_vf_rail2,implied_nak_seq_err,0
2026-09-30T07:04:48.787Z,gpu-3uwoq-6g3ya-2,ib_hw_counter,rdma_vf_rail2,duplicate_request,0
2026-09-30T07:04:48.787Z,gpu-3uwoq-6g3ya-2,ib_counter,rdma_vf_rail3,port_xmit_data,2.99916e+12
2026-09-30T07:04:48.787Z,gpu-3uwoq-6g3ya-2,ib_counter,rdma_vf_rail3,port_rcv_data,5.95935e+12
2026-09-30T07:04:48.787Z,gpu-3uwoq-6g3ya-2,ib_counter,rdma_vf_rail3,port_xmit_packets,1.0114e+09
2026-09-30T07:04:48.787Z,gpu-3uwoq-6g3ya-2,ib_counter,rdma_vf_rail3,port_rcv_packets,1.64526e+09
2026-09-30T07:04:48.787Z,gpu-3uwoq-6g3ya-2,ib_counter,rdma_vf_rail3,port_xmit_wait,0
2026-09-30T07:04:48.787Z,gpu-3uwoq-6g3ya-2,ib_counter,rdma_vf_rail3,port_rcv_errors,0
2026-09-30T07:04:48.787Z,gpu-3uwoq-6g3ya-2,ib_counter,rdma_vf_rail3,port_xmit_discards,0
2026-09-30T07:04:48.787Z,gpu-3uwoq-6g3ya-2,ib_counter,rdma_vf_rail3,link_downed,0
2026-09-30T07:04:48.787Z,gpu-3uwoq-6g3ya-2,ib_hw_counter,rdma_vf_rail3,out_of_sequence,7
2026-09-30T07:04:48.787Z,gpu-3uwoq-6g3ya-2,ib_hw_counter,rdma_vf_rail3,packet_seq_err,1
2026-09-30T07:04:48.787Z,gpu-3uwoq-6g3ya-2,ib_hw_counter,rdma_vf_rail3,local_ack_timeout_err,0
2026-09-30T07:04:48.787Z,gpu-3uwoq-6g3ya-2,ib_hw_counter,rdma_vf_rail3,rx_write_requests,7.1093e+08
2026-09-30T07:04:48.787Z,gpu-3uwoq-6g3ya-2,ib_hw_counter,rdma_vf_rail3,rx_read_requests,1.23061e+07
2026-09-30T07:04:48.787Z,gpu-3uwoq-6g3ya-2,ib_hw_counter,rdma_vf_rail3,req_cqe_error,0
2026-09-30T07:04:48.787Z,gpu-3uwoq-6g3ya-2,ib_hw_counter,rdma_vf_rail3,resp_cqe_error,0
2026-09-30T07:04:48.787Z,gpu-3uwoq-6g3ya-2,ib_hw_counter,rdma_vf_rail3,implied_nak_seq_err,0
2026-09-30T07:04:48.787Z,gpu-3uwoq-6g3ya-2,ib_hw_counter,rdma_vf_rail3,duplicate_request,0
2026-09-30T07:04:48.787Z,gpu-3uwoq-6g3ya-2,dcgm,gpu2,gpu_util,0
2026-09-30T07:04:48.787Z,gpu-3uwoq-6g3ya-2,dcgm,gpu3,gpu_util,0
2026-09-30T07:04:48.787Z,gpu-3uwoq-6g3ya-2,dcgm,gpu1,gpu_util,0
2026-09-30T07:04:48.787Z,gpu-3uwoq-6g3ya-2,dcgm,gpu0,gpu_util,0
2026-09-30T07:04:48.787Z,gpu-3uwoq-6g3ya-2,dcgm,gpu2,nvlink_bandwidth_total,0
2026-09-30T07:04:48.787Z,gpu-3uwoq-6g3ya-2,dcgm,gpu3,nvlink_bandwidth_total,0
2026-09-30T07:04:48.787Z,gpu-3uwoq-6g3ya-2,dcgm,gpu1,nvlink_bandwidth_total,0
2026-09-30T07:04:48.787Z,gpu-3uwoq-6g3ya-2,dcgm,gpu0,nvlink_bandwidth_total,0
2026-09-30T07:04:48.787Z,gpu-3uwoq-6g3ya-2,dcgm,gpu2,power_w,230.637
2026-09-30T07:04:48.787Z,gpu-3uwoq-6g3ya-2,dcgm,gpu3,power_w,234.497
2026-09-30T07:04:48.787Z,gpu-3uwoq-6g3ya-2,dcgm,gpu1,power_w,230
2026-09-30T07:04:48.787Z,gpu-3uwoq-6g3ya-2,dcgm,gpu0,power_w,226.743
2026-09-30T07:04:48.787Z,gpu-3uwoq-6g3ya-2,dcgm,gpu2,sm_clock_mhz,2070
2026-09-30T07:04:48.787Z,gpu-3uwoq-6g3ya-2,dcgm,gpu3,sm_clock_mhz,2070
2026-09-30T07:04:48.787Z,gpu-3uwoq-6g3ya-2,dcgm,gpu1,sm_clock_mhz,2070
2026-09-30T07:04:48.787Z,gpu-3uwoq-6g3ya-2,dcgm,gpu0,sm_clock_mhz,2070
2026-09-30T07:04:48.787Z,gpu-3uwoq-6g3ya-2,dcgm,gpu2,dram_active,3e-06
2026-09-30T07:04:48.787Z,gpu-3uwoq-6g3ya-2,dcgm,gpu3,dram_active,3e-06
2026-09-30T07:04:48.787Z,gpu-3uwoq-6g3ya-2,dcgm,gpu1,dram_active,0
2026-09-30T07:04:48.787Z,gpu-3uwoq-6g3ya-2,dcgm,gpu0,dram_active,0
2026-09-30T07:04:48.787Z,gpu-3uwoq-6g3ya-2,dcgm,gpu2,pcie_rx_bytes,211291
2026-09-30T07:04:48.787Z,gpu-3uwoq-6g3ya-2,dcgm,gpu3,pcie_rx_bytes,72924
2026-09-30T07:04:48.787Z,gpu-3uwoq-6g3ya-2,dcgm,gpu1,pcie_rx_bytes,260229
2026-09-30T07:04:48.787Z,gpu-3uwoq-6g3ya-2,dcgm,gpu0,pcie_rx_bytes,256070
2026-09-30T07:04:48.787Z,gpu-3uwoq-6g3ya-2,dcgm,gpu2,pcie_tx_bytes,66900
2026-09-30T07:04:48.787Z,gpu-3uwoq-6g3ya-2,dcgm,gpu3,pcie_tx_bytes,69833
2026-09-30T07:04:48.787Z,gpu-3uwoq-6g3ya-2,dcgm,gpu1,pcie_tx_bytes,239125
2026-09-30T07:04:48.787Z,gpu-3uwoq-6g3ya-2,dcgm,gpu0,pcie_tx_bytes,234496
2026-09-30T07:04:48.787Z,gpu-3uwoq-6g3ya-2,dcgm,gpu2,tensor_active,0
2026-09-30T07:04:48.787Z,gpu-3uwoq-6g3ya-2,dcgm,gpu3,tensor_active,0
2026-09-30T07:04:48.787Z,gpu-3uwoq-6g3ya-2,dcgm,gpu1,tensor_active,0
2026-09-30T07:04:48.787Z,gpu-3uwoq-6g3ya-2,dcgm,gpu0,tensor_active,0
2026-09-30T07:04:48.787Z,gpu-3uwoq-6g3ya-2,dcgm,gpu2,sm_active,0
2026-09-30T07:04:48.787Z,gpu-3uwoq-6g3ya-2,dcgm,gpu3,sm_active,0
2026-09-30T07:04:48.787Z,gpu-3uwoq-6g3ya-2,dcgm,gpu1,sm_active,0
2026-09-30T07:04:48.787Z,gpu-3uwoq-6g3ya-2,dcgm,gpu0,sm_active,0
2026-09-30T07:04:48.787Z,gpu-3uwoq-6g3ya-2,nvlink,gpu0,nvlink_rx_bytes,4.80963e+13
2026-09-30T07:04:48.787Z,gpu-3uwoq-6g3ya-2,nvlink,gpu0,nvlink_tx_bytes,4.80995e+13
2026-09-30T07:04:48.787Z,gpu-3uwoq-6g3ya-2,nvlink,gpu1,nvlink_rx_bytes,4.82499e+13
2026-09-30T07:04:48.787Z,gpu-3uwoq-6g3ya-2,nvlink,gpu1,nvlink_tx_bytes,4.8252e+13
2026-09-30T07:04:48.787Z,gpu-3uwoq-6g3ya-2,nvlink,gpu2,nvlink_rx_bytes,4.80847e+13
2026-09-30T07:04:48.787Z,gpu-3uwoq-6g3ya-2,nvlink,gpu2,nvlink_tx_bytes,4.80882e+13
2026-09-30T07:04:48.787Z,gpu-3uwoq-6g3ya-2,nvlink,gpu3,nvlink_rx_bytes,4.80322e+13
2026-09-30T07:04:48.787Z,gpu-3uwoq-6g3ya-2,nvlink,gpu3,nvlink_tx_bytes,4.80353e+13
2026-09-30T07:04:49.787Z,gpu-3uwoq-6g3ya-2,ib_counter,rdma_vf_rail0,port_xmit_data,3.13507e+12
2026-09-30T07:04:49.787Z,gpu-3uwoq-6g3ya-2,ib_counter,rdma_vf_rail0,port_rcv_data,6.09511e+12
2026-09-30T07:04:49.787Z,gpu-3uwoq-6g3ya-2,ib_counter,rdma_vf_rail0,port_xmit_packets,1.06346e+09
2026-09-30T07:04:49.787Z,gpu-3uwoq-6g3ya-2,ib_counter,rdma_vf_rail0,port_rcv_packets,1.69433e+09
2026-09-30T07:04:49.787Z,gpu-3uwoq-6g3ya-2,ib_counter,rdma_vf_rail0,port_xmit_wait,0
2026-09-30T07:04:49.787Z,gpu-3uwoq-6g3ya-2,ib_counter,rdma_vf_rail0,port_rcv_errors,0
2026-09-30T07:04:49.787Z,gpu-3uwoq-6g3ya-2,ib_counter,rdma_vf_rail0,port_xmit_discards,0
2026-09-30T07:04:49.787Z,gpu-3uwoq-6g3ya-2,ib_counter,rdma_vf_rail0,link_downed,0
2026-09-30T07:04:49.787Z,gpu-3uwoq-6g3ya-2,ib_hw_counter,rdma_vf_rail0,out_of_sequence,8
2026-09-30T07:04:49.787Z,gpu-3uwoq-6g3ya-2,ib_hw_counter,rdma_vf_rail0,packet_seq_err,0
2026-09-30T07:04:49.787Z,gpu-3uwoq-6g3ya-2,ib_hw_counter,rdma_vf_rail0,local_ack_timeout_err,0
2026-09-30T07:04:49.787Z,gpu-3uwoq-6g3ya-2,ib_hw_counter,rdma_vf_rail0,rx_write_requests,7.12956e+08
2026-09-30T07:04:49.787Z,gpu-3uwoq-6g3ya-2,ib_hw_counter,rdma_vf_rail0,rx_read_requests,1.33147e+07
2026-09-30T07:04:49.787Z,gpu-3uwoq-6g3ya-2,ib_hw_counter,rdma_vf_rail0,req_cqe_error,0
2026-09-30T07:04:49.787Z,gpu-3uwoq-6g3ya-2,ib_hw_counter,rdma_vf_rail0,resp_cqe_error,0
2026-09-30T07:04:49.787Z,gpu-3uwoq-6g3ya-2,ib_hw_counter,rdma_vf_rail0,implied_nak_seq_err,0
2026-09-30T07:04:49.787Z,gpu-3uwoq-6g3ya-2,ib_hw_counter,rdma_vf_rail0,duplicate_request,0
2026-09-30T07:04:49.787Z,gpu-3uwoq-6g3ya-2,ib_counter,rdma_vf_rail1,port_xmit_data,3.02687e+12
2026-09-30T07:04:49.787Z,gpu-3uwoq-6g3ya-2,ib_counter,rdma_vf_rail1,port_rcv_data,5.987e+12
2026-09-30T07:04:49.787Z,gpu-3uwoq-6g3ya-2,ib_counter,rdma_vf_rail1,port_xmit_packets,1.03075e+09
2026-09-30T07:04:49.787Z,gpu-3uwoq-6g3ya-2,ib_counter,rdma_vf_rail1,port_rcv_packets,1.66181e+09
2026-09-30T07:04:49.787Z,gpu-3uwoq-6g3ya-2,ib_counter,rdma_vf_rail1,port_xmit_wait,0
2026-09-30T07:04:49.787Z,gpu-3uwoq-6g3ya-2,ib_counter,rdma_vf_rail1,port_rcv_errors,0
2026-09-30T07:04:49.787Z,gpu-3uwoq-6g3ya-2,ib_counter,rdma_vf_rail1,port_xmit_discards,0
2026-09-30T07:04:49.787Z,gpu-3uwoq-6g3ya-2,ib_counter,rdma_vf_rail1,link_downed,0
2026-09-30T07:04:49.787Z,gpu-3uwoq-6g3ya-2,ib_hw_counter,rdma_vf_rail1,out_of_sequence,8
2026-09-30T07:04:49.787Z,gpu-3uwoq-6g3ya-2,ib_hw_counter,rdma_vf_rail1,packet_seq_err,0
2026-09-30T07:04:49.787Z,gpu-3uwoq-6g3ya-2,ib_hw_counter,rdma_vf_rail1,local_ack_timeout_err,0
2026-09-30T07:04:49.787Z,gpu-3uwoq-6g3ya-2,ib_hw_counter,rdma_vf_rail1,rx_write_requests,7.11363e+08
2026-09-30T07:04:49.787Z,gpu-3uwoq-6g3ya-2,ib_hw_counter,rdma_vf_rail1,rx_read_requests,1.2514e+07
2026-09-30T07:04:49.787Z,gpu-3uwoq-6g3ya-2,ib_hw_counter,rdma_vf_rail1,req_cqe_error,0
2026-09-30T07:04:49.787Z,gpu-3uwoq-6g3ya-2,ib_hw_counter,rdma_vf_rail1,resp_cqe_error,0
2026-09-30T07:04:49.787Z,gpu-3uwoq-6g3ya-2,ib_hw_counter,rdma_vf_rail1,implied_nak_seq_err,0
2026-09-30T07:04:49.787Z,gpu-3uwoq-6g3ya-2,ib_hw_counter,rdma_vf_rail1,duplicate_request,0
2026-09-30T07:04:49.787Z,gpu-3uwoq-6g3ya-2,ib_counter,rdma_vf_rail2,port_xmit_data,2.9993e+12
2026-09-30T07:04:49.787Z,gpu-3uwoq-6g3ya-2,ib_counter,rdma_vf_rail2,port_rcv_data,5.95874e+12
2026-09-30T07:04:49.787Z,gpu-3uwoq-6g3ya-2,ib_counter,rdma_vf_rail2,port_xmit_packets,1.01306e+09
2026-09-30T07:04:49.787Z,gpu-3uwoq-6g3ya-2,ib_counter,rdma_vf_rail2,port_rcv_packets,1.63786e+09
2026-09-30T07:04:49.787Z,gpu-3uwoq-6g3ya-2,ib_counter,rdma_vf_rail2,port_xmit_wait,0
2026-09-30T07:04:49.787Z,gpu-3uwoq-6g3ya-2,ib_counter,rdma_vf_rail2,port_rcv_errors,0
2026-09-30T07:04:49.787Z,gpu-3uwoq-6g3ya-2,ib_counter,rdma_vf_rail2,port_xmit_discards,0
2026-09-30T07:04:49.787Z,gpu-3uwoq-6g3ya-2,ib_counter,rdma_vf_rail2,link_downed,0
2026-09-30T07:04:49.787Z,gpu-3uwoq-6g3ya-2,ib_hw_counter,rdma_vf_rail2,out_of_sequence,8
2026-09-30T07:04:49.787Z,gpu-3uwoq-6g3ya-2,ib_hw_counter,rdma_vf_rail2,packet_seq_err,0
2026-09-30T07:04:49.787Z,gpu-3uwoq-6g3ya-2,ib_hw_counter,rdma_vf_rail2,local_ack_timeout_err,0
2026-09-30T07:04:49.787Z,gpu-3uwoq-6g3ya-2,ib_hw_counter,rdma_vf_rail2,rx_write_requests,7.1093e+08
2026-09-30T07:04:49.787Z,gpu-3uwoq-6g3ya-2,ib_hw_counter,rdma_vf_rail2,rx_read_requests,1.23061e+07
2026-09-30T07:04:49.787Z,gpu-3uwoq-6g3ya-2,ib_hw_counter,rdma_vf_rail2,req_cqe_error,0
2026-09-30T07:04:49.787Z,gpu-3uwoq-6g3ya-2,ib_hw_counter,rdma_vf_rail2,resp_cqe_error,0
2026-09-30T07:04:49.787Z,gpu-3uwoq-6g3ya-2,ib_hw_counter,rdma_vf_rail2,implied_nak_seq_err,0
2026-09-30T07:04:49.787Z,gpu-3uwoq-6g3ya-2,ib_hw_counter,rdma_vf_rail2,duplicate_request,0
2026-09-30T07:04:49.787Z,gpu-3uwoq-6g3ya-2,ib_counter,rdma_vf_rail3,port_xmit_data,2.99916e+12
2026-09-30T07:04:49.787Z,gpu-3uwoq-6g3ya-2,ib_counter,rdma_vf_rail3,port_rcv_data,5.95935e+12
2026-09-30T07:04:49.787Z,gpu-3uwoq-6g3ya-2,ib_counter,rdma_vf_rail3,port_xmit_packets,1.0114e+09
2026-09-30T07:04:49.787Z,gpu-3uwoq-6g3ya-2,ib_counter,rdma_vf_rail3,port_rcv_packets,1.64526e+09
2026-09-30T07:04:49.787Z,gpu-3uwoq-6g3ya-2,ib_counter,rdma_vf_rail3,port_xmit_wait,0
2026-09-30T07:04:49.787Z,gpu-3uwoq-6g3ya-2,ib_counter,rdma_vf_rail3,port_rcv_errors,0
2026-09-30T07:04:49.787Z,gpu-3uwoq-6g3ya-2,ib_counter,rdma_vf_rail3,port_xmit_discards,0
2026-09-30T07:04:49.787Z,gpu-3uwoq-6g3ya-2,ib_counter,rdma_vf_rail3,link_downed,0
2026-09-30T07:04:49.787Z,gpu-3uwoq-6g3ya-2,ib_hw_counter,rdma_vf_rail3,out_of_sequence,7
2026-09-30T07:04:49.787Z,gpu-3uwoq-6g3ya-2,ib_hw_counter,rdma_vf_rail3,packet_seq_err,1
2026-09-30T07:04:49.787Z,gpu-3uwoq-6g3ya-2,ib_hw_counter,rdma_vf_rail3,local_ack_timeout_err,0
2026-09-30T07:04:49.787Z,gpu-3uwoq-6g3ya-2,ib_hw_counter,rdma_vf_rail3,rx_write_requests,7.1093e+08
2026-09-30T07:04:49.787Z,gpu-3uwoq-6g3ya-2,ib_hw_counter,rdma_vf_rail3,rx_read_requests,1.23061e+07
2026-09-30T07:04:49.787Z,gpu-3uwoq-6g3ya-2,ib_hw_counter,rdma_vf_rail3,req_cqe_error,0
2026-09-30T07:04:49.787Z,gpu-3uwoq-6g3ya-2,ib_hw_counter,rdma_vf_rail3,resp_cqe_error,0
2026-09-30T07:04:49.787Z,gpu-3uwoq-6g3ya-2,ib_hw_counter,rdma_vf_rail3,implied_nak_seq_err,0
2026-09-30T07:04:49.787Z,gpu-3uwoq-6g3ya-2,ib_hw_counter,rdma_vf_rail3,duplicate_request,0
2026-09-30T07:04:49.787Z,gpu-3uwoq-6g3ya-2,dcgm,gpu2,gpu_util,0
2026-09-30T07:04:49.787Z,gpu-3uwoq-6g3ya-2,dcgm,gpu3,gpu_util,0
2026-09-30T07:04:49.787Z,gpu-3uwoq-6g3ya-2,dcgm,gpu1,gpu_util,0
2026-09-30T07:04:49.787Z,gpu-3uwoq-6g3ya-2,dcgm,gpu0,gpu_util,0
2026-09-30T07:04:49.787Z,gpu-3uwoq-6g3ya-2,dcgm,gpu2,nvlink_bandwidth_total,0
2026-09-30T07:04:49.787Z,gpu-3uwoq-6g3ya-2,dcgm,gpu3,nvlink_bandwidth_total,0
2026-09-30T07:04:49.787Z,gpu-3uwoq-6g3ya-2,dcgm,gpu1,nvlink_bandwidth_total,0
2026-09-30T07:04:49.787Z,gpu-3uwoq-6g3ya-2,dcgm,gpu0,nvlink_bandwidth_total,0
2026-09-30T07:04:49.787Z,gpu-3uwoq-6g3ya-2,dcgm,gpu2,power_w,230.637
2026-09-30T07:04:49.787Z,gpu-3uwoq-6g3ya-2,dcgm,gpu3,power_w,234.497
2026-09-30T07:04:49.787Z,gpu-3uwoq-6g3ya-2,dcgm,gpu1,power_w,230
2026-09-30T07:04:49.787Z,gpu-3uwoq-6g3ya-2,dcgm,gpu0,power_w,226.743
2026-09-30T07:04:49.787Z,gpu-3uwoq-6g3ya-2,dcgm,gpu2,sm_clock_mhz,2070
2026-09-30T07:04:49.787Z,gpu-3uwoq-6g3ya-2,dcgm,gpu3,sm_clock_mhz,2070
2026-09-30T07:04:49.787Z,gpu-3uwoq-6g3ya-2,dcgm,gpu1,sm_clock_mhz,2070
2026-09-30T07:04:49.787Z,gpu-3uwoq-6g3ya-2,dcgm,gpu0,sm_clock_mhz,2070
2026-09-30T07:04:49.787Z,gpu-3uwoq-6g3ya-2,dcgm,gpu2,dram_active,3e-06
2026-09-30T07:04:49.787Z,gpu-3uwoq-6g3ya-2,dcgm,gpu3,dram_active,3e-06
2026-09-30T07:04:49.787Z,gpu-3uwoq-6g3ya-2,dcgm,gpu1,dram_active,0
2026-09-30T07:04:49.787Z,gpu-3uwoq-6g3ya-2,dcgm,gpu0,dram_active,0
2026-09-30T07:04:49.787Z,gpu-3uwoq-6g3ya-2,dcgm,gpu2,pcie_rx_bytes,211291
2026-09-30T07:04:49.787Z,gpu-3uwoq-6g3ya-2,dcgm,gpu3,pcie_rx_bytes,72924
2026-09-30T07:04:49.787Z,gpu-3uwoq-6g3ya-2,dcgm,gpu1,pcie_rx_bytes,260229
2026-09-30T07:04:49.787Z,gpu-3uwoq-6g3ya-2,dcgm,gpu0,pcie_rx_bytes,256070
2026-09-30T07:04:49.787Z,gpu-3uwoq-6g3ya-2,dcgm,gpu2,pcie_tx_bytes,66900
2026-09-30T07:04:49.787Z,gpu-3uwoq-6g3ya-2,dcgm,gpu3,pcie_tx_bytes,69833
2026-09-30T07:04:49.787Z,gpu-3uwoq-6g3ya-2,dcgm,gpu1,pcie_tx_bytes,239125
2026-09-30T07:04:49.787Z,gpu-3uwoq-6g3ya-2,dcgm,gpu0,pcie_tx_bytes,234496
2026-09-30T07:04:49.787Z,gpu-3uwoq-6g3ya-2,dcgm,gpu2,tensor_active,0
2026-09-30T07:04:49.787Z,gpu-3uwoq-6g3ya-2,dcgm,gpu3,tensor_active,0
2026-09-30T07:04:49.787Z,gpu-3uwoq-6g3ya-2,dcgm,gpu1,tensor_active,0
2026-09-30T07:04:49.787Z,gpu-3uwoq-6g3ya-2,dcgm,gpu0,tensor_active,0
2026-09-30T07:04:49.787Z,gpu-3uwoq-6g3ya-2,dcgm,gpu2,sm_active,0
2026-09-30T07:04:49.787Z,gpu-3uwoq-6g3ya-2,dcgm,gpu3,sm_active,0
2026-09-30T07:04:49.787Z,gpu-3uwoq-6g3ya-2,dcgm,gpu1,sm_active,0
2026-09-30T07:04:49.787Z,gpu-3uwoq-6g3ya-2,dcgm,gpu0,sm_active,0
2026-09-30T07:04:49.787Z,gpu-3uwoq-6g3ya-2,nvlink,gpu0,nvlink_rx_bytes,4.80963e+13
2026-09-30T07:04:49.787Z,gpu-3uwoq-6g3ya-2,nvlink,gpu0,nvlink_tx_bytes,4.80995e+13
2026-09-30T07:04:49.787Z,gpu-3uwoq-6g3ya-2,nvlink,gpu1,nvlink_rx_bytes,4.82499e+13
2026-09-30T07:04:49.787Z,gpu-3uwoq-6g3ya-2,nvlink,gpu1,nvlink_tx_bytes,4.8252e+13
2026-09-30T07:04:49.787Z,gpu-3uwoq-6g3ya-2,nvlink,gpu2,nvlink_rx_bytes,4.80847e+13
2026-09-30T07:04:49.787Z,gpu-3uwoq-6g3ya-2,nvlink,gpu2,nvlink_tx_bytes,4.80882e+13
2026-09-30T07:04:49.787Z,gpu-3uwoq-6g3ya-2,nvlink,gpu3,nvlink_rx_bytes,4.80322e+13
2026-09-30T07:04:49.787Z,gpu-3uwoq-6g3ya-2,nvlink,gpu3,nvlink_tx_bytes,4.80353e+13
2026-09-30T07:04:50.787Z,gpu-3uwoq-6g3ya-2,ib_counter,rdma_vf_rail0,port_xmit_data,3.13516e+12
2026-09-30T07:04:50.787Z,gpu-3uwoq-6g3ya-2,ib_counter,rdma_vf_rail0,port_rcv_data,6.0952e+12
2026-09-30T07:04:50.787Z,gpu-3uwoq-6g3ya-2,ib_counter,rdma_vf_rail0,port_xmit_packets,1.06348e+09
2026-09-30T07:04:50.787Z,gpu-3uwoq-6g3ya-2,ib_counter,rdma_vf_rail0,port_rcv_packets,1.69436e+09
2026-09-30T07:04:50.787Z,gpu-3uwoq-6g3ya-2,ib_counter,rdma_vf_rail0,port_xmit_wait,0
2026-09-30T07:04:50.787Z,gpu-3uwoq-6g3ya-2,ib_counter,rdma_vf_rail0,port_rcv_errors,0
2026-09-30T07:04:50.787Z,gpu-3uwoq-6g3ya-2,ib_counter,rdma_vf_rail0,port_xmit_discards,0
2026-09-30T07:04:50.787Z,gpu-3uwoq-6g3ya-2,ib_counter,rdma_vf_rail0,link_downed,0
2026-09-30T07:04:50.787Z,gpu-3uwoq-6g3ya-2,ib_hw_counter,rdma_vf_rail0,out_of_sequence,8
2026-09-30T07:04:50.787Z,gpu-3uwoq-6g3ya-2,ib_hw_counter,rdma_vf_rail0,packet_seq_err,0
2026-09-30T07:04:50.787Z,gpu-3uwoq-6g3ya-2,ib_hw_counter,rdma_vf_rail0,local_ack_timeout_err,0
2026-09-30T07:04:50.787Z,gpu-3uwoq-6g3ya-2,ib_hw_counter,rdma_vf_rail0,rx_write_requests,7.12958e+08
2026-09-30T07:04:50.787Z,gpu-3uwoq-6g3ya-2,ib_hw_counter,rdma_vf_rail0,rx_read_requests,1.3316e+07
2026-09-30T07:04:50.787Z,gpu-3uwoq-6g3ya-2,ib_hw_counter,rdma_vf_rail0,req_cqe_error,0
2026-09-30T07:04:50.787Z,gpu-3uwoq-6g3ya-2,ib_hw_counter,rdma_vf_rail0,resp_cqe_error,0
2026-09-30T07:04:50.787Z,gpu-3uwoq-6g3ya-2,ib_hw_counter,rdma_vf_rail0,implied_nak_seq_err,0
2026-09-30T07:04:50.787Z,gpu-3uwoq-6g3ya-2,ib_hw_counter,rdma_vf_rail0,duplicate_request,0
2026-09-30T07:04:50.787Z,gpu-3uwoq-6g3ya-2,ib_counter,rdma_vf_rail1,port_xmit_data,3.02696e+12
2026-09-30T07:04:50.787Z,gpu-3uwoq-6g3ya-2,ib_counter,rdma_vf_rail1,port_rcv_data,5.98709e+12
2026-09-30T07:04:50.787Z,gpu-3uwoq-6g3ya-2,ib_counter,rdma_vf_rail1,port_xmit_packets,1.03078e+09
2026-09-30T07:04:50.787Z,gpu-3uwoq-6g3ya-2,ib_counter,rdma_vf_rail1,port_rcv_packets,1.66184e+09
2026-09-30T07:04:50.787Z,gpu-3uwoq-6g3ya-2,ib_counter,rdma_vf_rail1,port_xmit_wait,0
2026-09-30T07:04:50.787Z,gpu-3uwoq-6g3ya-2,ib_counter,rdma_vf_rail1,port_rcv_errors,0
2026-09-30T07:04:50.787Z,gpu-3uwoq-6g3ya-2,ib_counter,rdma_vf_rail1,port_xmit_discards,0
2026-09-30T07:04:50.787Z,gpu-3uwoq-6g3ya-2,ib_counter,rdma_vf_rail1,link_downed,0
2026-09-30T07:04:50.787Z,gpu-3uwoq-6g3ya-2,ib_hw_counter,rdma_vf_rail1,out_of_sequence,8
2026-09-30T07:04:50.787Z,gpu-3uwoq-6g3ya-2,ib_hw_counter,rdma_vf_rail1,packet_seq_err,0
2026-09-30T07:04:50.787Z,gpu-3uwoq-6g3ya-2,ib_hw_counter,rdma_vf_rail1,local_ack_timeout_err,0
2026-09-30T07:04:50.787Z,gpu-3uwoq-6g3ya-2,ib_hw_counter,rdma_vf_rail1,rx_write_requests,7.11366e+08
2026-09-30T07:04:50.787Z,gpu-3uwoq-6g3ya-2,ib_hw_counter,rdma_vf_rail1,rx_read_requests,1.25153e+07
2026-09-30T07:04:50.787Z,gpu-3uwoq-6g3ya-2,ib_hw_counter,rdma_vf_rail1,req_cqe_error,0
2026-09-30T07:04:50.787Z,gpu-3uwoq-6g3ya-2,ib_hw_counter,rdma_vf_rail1,resp_cqe_error,0
2026-09-30T07:04:50.787Z,gpu-3uwoq-6g3ya-2,ib_hw_counter,rdma_vf_rail1,implied_nak_seq_err,0
2026-09-30T07:04:50.787Z,gpu-3uwoq-6g3ya-2,ib_hw_counter,rdma_vf_rail1,duplicate_request,0
2026-09-30T07:04:50.787Z,gpu-3uwoq-6g3ya-2,ib_counter,rdma_vf_rail2,port_xmit_data,2.99939e+12
2026-09-30T07:04:50.787Z,gpu-3uwoq-6g3ya-2,ib_counter,rdma_vf_rail2,port_rcv_data,5.95883e+12
2026-09-30T07:04:50.787Z,gpu-3uwoq-6g3ya-2,ib_counter,rdma_vf_rail2,port_xmit_packets,1.01309e+09
2026-09-30T07:04:50.787Z,gpu-3uwoq-6g3ya-2,ib_counter,rdma_vf_rail2,port_rcv_packets,1.6379e+09
2026-09-30T07:04:50.787Z,gpu-3uwoq-6g3ya-2,ib_counter,rdma_vf_rail2,port_xmit_wait,0
2026-09-30T07:04:50.787Z,gpu-3uwoq-6g3ya-2,ib_counter,rdma_vf_rail2,port_rcv_errors,0
2026-09-30T07:04:50.787Z,gpu-3uwoq-6g3ya-2,ib_counter,rdma_vf_rail2,port_xmit_discards,0
2026-09-30T07:04:50.787Z,gpu-3uwoq-6g3ya-2,ib_counter,rdma_vf_rail2,link_downed,0
2026-09-30T07:04:50.787Z,gpu-3uwoq-6g3ya-2,ib_hw_counter,rdma_vf_rail2,out_of_sequence,8
2026-09-30T07:04:50.787Z,gpu-3uwoq-6g3ya-2,ib_hw_counter,rdma_vf_rail2,packet_seq_err,0
2026-09-30T07:04:50.787Z,gpu-3uwoq-6g3ya-2,ib_hw_counter,rdma_vf_rail2,local_ack_timeout_err,0
2026-09-30T07:04:50.787Z,gpu-3uwoq-6g3ya-2,ib_hw_counter,rdma_vf_rail2,rx_write_requests,7.10933e+08
2026-09-30T07:04:50.787Z,gpu-3uwoq-6g3ya-2,ib_hw_counter,rdma_vf_rail2,rx_read_requests,1.23074e+07
2026-09-30T07:04:50.787Z,gpu-3uwoq-6g3ya-2,ib_hw_counter,rdma_vf_rail2,req_cqe_error,0
2026-09-30T07:04:50.787Z,gpu-3uwoq-6g3ya-2,ib_hw_counter,rdma_vf_rail2,resp_cqe_error,0
2026-09-30T07:04:50.787Z,gpu-3uwoq-6g3ya-2,ib_hw_counter,rdma_vf_rail2,implied_nak_seq_err,0
2026-09-30T07:04:50.787Z,gpu-3uwoq-6g3ya-2,ib_hw_counter,rdma_vf_rail2,duplicate_request,0
2026-09-30T07:04:50.787Z,gpu-3uwoq-6g3ya-2,ib_counter,rdma_vf_rail3,port_xmit_data,2.99925e+12
2026-09-30T07:04:50.787Z,gpu-3uwoq-6g3ya-2,ib_counter,rdma_vf_rail3,port_rcv_data,5.95944e+12
2026-09-30T07:04:50.787Z,gpu-3uwoq-6g3ya-2,ib_counter,rdma_vf_rail3,port_xmit_packets,1.01143e+09
2026-09-30T07:04:50.787Z,gpu-3uwoq-6g3ya-2,ib_counter,rdma_vf_rail3,port_rcv_packets,1.64529e+09
2026-09-30T07:04:50.787Z,gpu-3uwoq-6g3ya-2,ib_counter,rdma_vf_rail3,port_xmit_wait,0
2026-09-30T07:04:50.787Z,gpu-3uwoq-6g3ya-2,ib_counter,rdma_vf_rail3,port_rcv_errors,0
2026-09-30T07:04:50.787Z,gpu-3uwoq-6g3ya-2,ib_counter,rdma_vf_rail3,port_xmit_discards,0
2026-09-30T07:04:50.787Z,gpu-3uwoq-6g3ya-2,ib_counter,rdma_vf_rail3,link_downed,0
2026-09-30T07:04:50.787Z,gpu-3uwoq-6g3ya-2,ib_hw_counter,rdma_vf_rail3,out_of_sequence,7
2026-09-30T07:04:50.787Z,gpu-3uwoq-6g3ya-2,ib_hw_counter,rdma_vf_rail3,packet_seq_err,1
2026-09-30T07:04:50.787Z,gpu-3uwoq-6g3ya-2,ib_hw_counter,rdma_vf_rail3,local_ack_timeout_err,0
2026-09-30T07:04:50.787Z,gpu-3uwoq-6g3ya-2,ib_hw_counter,rdma_vf_rail3,rx_write_requests,7.10933e+08
2026-09-30T07:04:50.787Z,gpu-3uwoq-6g3ya-2,ib_hw_counter,rdma_vf_rail3,rx_read_requests,1.23074e+07
2026-09-30T07:04:50.787Z,gpu-3uwoq-6g3ya-2,ib_hw_counter,rdma_vf_rail3,req_cqe_error,0
2026-09-30T07:04:50.787Z,gpu-3uwoq-6g3ya-2,ib_hw_counter,rdma_vf_rail3,resp_cqe_error,0
2026-09-30T07:04:50.787Z,gpu-3uwoq-6g3ya-2,ib_hw_counter,rdma_vf_rail3,implied_nak_seq_err,0
2026-09-30T07:04:50.787Z,gpu-3uwoq-6g3ya-2,ib_hw_counter,rdma_vf_rail3,duplicate_request,0
2026-09-30T07:04:50.787Z,gpu-3uwoq-6g3ya-2,dcgm,gpu2,gpu_util,1
2026-09-30T07:04:50.787Z,gpu-3uwoq-6g3ya-2,dcgm,gpu3,gpu_util,10
2026-09-30T07:04:50.787Z,gpu-3uwoq-6g3ya-2,dcgm,gpu1,gpu_util,65
2026-09-30T07:04:50.787Z,gpu-3uwoq-6g3ya-2,dcgm,gpu0,gpu_util,0
2026-09-30T07:04:50.787Z,gpu-3uwoq-6g3ya-2,dcgm,gpu2,nvlink_bandwidth_total,0
2026-09-30T07:04:50.787Z,gpu-3uwoq-6g3ya-2,dcgm,gpu3,nvlink_bandwidth_total,0
2026-09-30T07:04:50.787Z,gpu-3uwoq-6g3ya-2,dcgm,gpu1,nvlink_bandwidth_total,0
2026-09-30T07:04:50.787Z,gpu-3uwoq-6g3ya-2,dcgm,gpu0,nvlink_bandwidth_total,0
2026-09-30T07:04:50.787Z,gpu-3uwoq-6g3ya-2,dcgm,gpu2,power_w,230.637
2026-09-30T07:04:50.787Z,gpu-3uwoq-6g3ya-2,dcgm,gpu3,power_w,234.497
2026-09-30T07:04:50.787Z,gpu-3uwoq-6g3ya-2,dcgm,gpu1,power_w,230.104
2026-09-30T07:04:50.787Z,gpu-3uwoq-6g3ya-2,dcgm,gpu0,power_w,226.738
2026-09-30T07:04:50.787Z,gpu-3uwoq-6g3ya-2,dcgm,gpu2,sm_clock_mhz,2070
2026-09-30T07:04:50.787Z,gpu-3uwoq-6g3ya-2,dcgm,gpu3,sm_clock_mhz,2070
2026-09-30T07:04:50.787Z,gpu-3uwoq-6g3ya-2,dcgm,gpu1,sm_clock_mhz,2070
2026-09-30T07:04:50.787Z,gpu-3uwoq-6g3ya-2,dcgm,gpu0,sm_clock_mhz,2070
2026-09-30T07:04:50.787Z,gpu-3uwoq-6g3ya-2,dcgm,gpu2,dram_active,3e-06
2026-09-30T07:04:50.787Z,gpu-3uwoq-6g3ya-2,dcgm,gpu3,dram_active,3e-06
2026-09-30T07:04:50.787Z,gpu-3uwoq-6g3ya-2,dcgm,gpu1,dram_active,3e-06
2026-09-30T07:04:50.787Z,gpu-3uwoq-6g3ya-2,dcgm,gpu0,dram_active,3e-06
2026-09-30T07:04:50.787Z,gpu-3uwoq-6g3ya-2,dcgm,gpu2,pcie_rx_bytes,211291
2026-09-30T07:04:50.787Z,gpu-3uwoq-6g3ya-2,dcgm,gpu3,pcie_rx_bytes,210950
2026-09-30T07:04:50.787Z,gpu-3uwoq-6g3ya-2,dcgm,gpu1,pcie_rx_bytes,260229
2026-09-30T07:04:50.787Z,gpu-3uwoq-6g3ya-2,dcgm,gpu0,pcie_rx_bytes,256070
2026-09-30T07:04:50.787Z,gpu-3uwoq-6g3ya-2,dcgm,gpu2,pcie_tx_bytes,189559
2026-09-30T07:04:50.787Z,gpu-3uwoq-6g3ya-2,dcgm,gpu3,pcie_tx_bytes,188626
2026-09-30T07:04:50.787Z,gpu-3uwoq-6g3ya-2,dcgm,gpu1,pcie_tx_bytes,239125
2026-09-30T07:04:50.787Z,gpu-3uwoq-6g3ya-2,dcgm,gpu0,pcie_tx_bytes,234496
2026-09-30T07:04:50.787Z,gpu-3uwoq-6g3ya-2,dcgm,gpu2,tensor_active,0
2026-09-30T07:04:50.787Z,gpu-3uwoq-6g3ya-2,dcgm,gpu3,tensor_active,0
2026-09-30T07:04:50.787Z,gpu-3uwoq-6g3ya-2,dcgm,gpu1,tensor_active,0
2026-09-30T07:04:50.787Z,gpu-3uwoq-6g3ya-2,dcgm,gpu0,tensor_active,0
2026-09-30T07:04:50.787Z,gpu-3uwoq-6g3ya-2,dcgm,gpu2,sm_active,0
2026-09-30T07:04:50.787Z,gpu-3uwoq-6g3ya-2,dcgm,gpu3,sm_active,0
2026-09-30T07:04:50.787Z,gpu-3uwoq-6g3ya-2,dcgm,gpu1,sm_active,0
2026-09-30T07:04:50.787Z,gpu-3uwoq-6g3ya-2,dcgm,gpu0,sm_active,0
2026-09-30T07:04:50.787Z,gpu-3uwoq-6g3ya-2,nvlink,gpu0,nvlink_rx_bytes,4.80963e+13
2026-09-30T07:04:50.787Z,gpu-3uwoq-6g3ya-2,nvlink,gpu0,nvlink_tx_bytes,4.80995e+13
2026-09-30T07:04:50.787Z,gpu-3uwoq-6g3ya-2,nvlink,gpu1,nvlink_rx_bytes,4.82499e+13
2026-09-30T07:04:50.787Z,gpu-3uwoq-6g3ya-2,nvlink,gpu1,nvlink_tx_bytes,4.8252e+13
2026-09-30T07:04:50.787Z,gpu-3uwoq-6g3ya-2,nvlink,gpu2,nvlink_rx_bytes,4.80847e+13
2026-09-30T07:04:50.787Z,gpu-3uwoq-6g3ya-2,nvlink,gpu2,nvlink_tx_bytes,4.80882e+13
2026-09-30T07:04:50.787Z,gpu-3uwoq-6g3ya-2,nvlink,gpu3,nvlink_rx_bytes,4.80322e+13
2026-09-30T07:04:50.787Z,gpu-3uwoq-6g3ya-2,nvlink,gpu3,nvlink_tx_bytes,4.80353e+13
2026-09-30T07:04:51.787Z,gpu-3uwoq-6g3ya-2,ib_counter,rdma_vf_rail0,port_xmit_data,3.13559e+12
2026-09-30T07:04:51.787Z,gpu-3uwoq-6g3ya-2,ib_counter,rdma_vf_rail0,port_rcv_data,6.09563e+12
2026-09-30T07:04:51.787Z,gpu-3uwoq-6g3ya-2,ib_counter,rdma_vf_rail0,port_xmit_packets,1.06362e+09
2026-09-30T07:04:51.787Z,gpu-3uwoq-6g3ya-2,ib_counter,rdma_vf_rail0,port_rcv_packets,1.69452e+09
2026-09-30T07:04:51.787Z,gpu-3uwoq-6g3ya-2,ib_counter,rdma_vf_rail0,port_xmit_wait,0
2026-09-30T07:04:51.787Z,gpu-3uwoq-6g3ya-2,ib_counter,rdma_vf_rail0,port_rcv_errors,0
2026-09-30T07:04:51.787Z,gpu-3uwoq-6g3ya-2,ib_counter,rdma_vf_rail0,port_xmit_discards,0
2026-09-30T07:04:51.787Z,gpu-3uwoq-6g3ya-2,ib_counter,rdma_vf_rail0,link_downed,0
2026-09-30T07:04:51.787Z,gpu-3uwoq-6g3ya-2,ib_hw_counter,rdma_vf_rail0,out_of_sequence,8
2026-09-30T07:04:51.787Z,gpu-3uwoq-6g3ya-2,ib_hw_counter,rdma_vf_rail0,packet_seq_err,0
2026-09-30T07:04:51.787Z,gpu-3uwoq-6g3ya-2,ib_hw_counter,rdma_vf_rail0,local_ack_timeout_err,0
2026-09-30T07:04:51.787Z,gpu-3uwoq-6g3ya-2,ib_hw_counter,rdma_vf_rail0,rx_write_requests,7.12971e+08
2026-09-30T07:04:51.787Z,gpu-3uwoq-6g3ya-2,ib_hw_counter,rdma_vf_rail0,rx_read_requests,1.33224e+07
2026-09-30T07:04:51.787Z,gpu-3uwoq-6g3ya-2,ib_hw_counter,rdma_vf_rail0,req_cqe_error,0
2026-09-30T07:04:51.787Z,gpu-3uwoq-6g3ya-2,ib_hw_counter,rdma_vf_rail0,resp_cqe_error,0
2026-09-30T07:04:51.787Z,gpu-3uwoq-6g3ya-2,ib_hw_counter,rdma_vf_rail0,implied_nak_seq_err,0
2026-09-30T07:04:51.787Z,gpu-3uwoq-6g3ya-2,ib_hw_counter,rdma_vf_rail0,duplicate_request,0
2026-09-30T07:04:51.787Z,gpu-3uwoq-6g3ya-2,ib_counter,rdma_vf_rail1,port_xmit_data,3.02739e+12
2026-09-30T07:04:51.787Z,gpu-3uwoq-6g3ya-2,ib_counter,rdma_vf_rail1,port_rcv_data,5.98752e+12
2026-09-30T07:04:51.787Z,gpu-3uwoq-6g3ya-2,ib_counter,rdma_vf_rail1,port_xmit_packets,1.03092e+09
2026-09-30T07:04:51.787Z,gpu-3uwoq-6g3ya-2,ib_counter,rdma_vf_rail1,port_rcv_packets,1.662e+09
2026-09-30T07:04:51.787Z,gpu-3uwoq-6g3ya-2,ib_counter,rdma_vf_rail1,port_xmit_wait,0
2026-09-30T07:04:51.787Z,gpu-3uwoq-6g3ya-2,ib_counter,rdma_vf_rail1,port_rcv_errors,0
2026-09-30T07:04:51.787Z,gpu-3uwoq-6g3ya-2,ib_counter,rdma_vf_rail1,port_xmit_discards,0
2026-09-30T07:04:51.787Z,gpu-3uwoq-6g3ya-2,ib_counter,rdma_vf_rail1,link_downed,0
2026-09-30T07:04:51.787Z,gpu-3uwoq-6g3ya-2,ib_hw_counter,rdma_vf_rail1,out_of_sequence,8
2026-09-30T07:04:51.787Z,gpu-3uwoq-6g3ya-2,ib_hw_counter,rdma_vf_rail1,packet_seq_err,0
2026-09-30T07:04:51.787Z,gpu-3uwoq-6g3ya-2,ib_hw_counter,rdma_vf_rail1,local_ack_timeout_err,0
2026-09-30T07:04:51.787Z,gpu-3uwoq-6g3ya-2,ib_hw_counter,rdma_vf_rail1,rx_write_requests,7.11379e+08
2026-09-30T07:04:51.787Z,gpu-3uwoq-6g3ya-2,ib_hw_counter,rdma_vf_rail1,rx_read_requests,1.25217e+07
2026-09-30T07:04:51.787Z,gpu-3uwoq-6g3ya-2,ib_hw_counter,rdma_vf_rail1,req_cqe_error,0
2026-09-30T07:04:51.787Z,gpu-3uwoq-6g3ya-2,ib_hw_counter,rdma_vf_rail1,resp_cqe_error,0
2026-09-30T07:04:51.787Z,gpu-3uwoq-6g3ya-2,ib_hw_counter,rdma_vf_rail1,implied_nak_seq_err,0
2026-09-30T07:04:51.787Z,gpu-3uwoq-6g3ya-2,ib_hw_counter,rdma_vf_rail1,duplicate_request,0
2026-09-30T07:04:51.787Z,gpu-3uwoq-6g3ya-2,ib_counter,rdma_vf_rail2,port_xmit_data,2.99982e+12
2026-09-30T07:04:51.787Z,gpu-3uwoq-6g3ya-2,ib_counter,rdma_vf_rail2,port_rcv_data,5.95926e+12
2026-09-30T07:04:51.787Z,gpu-3uwoq-6g3ya-2,ib_counter,rdma_vf_rail2,port_xmit_packets,1.01323e+09
2026-09-30T07:04:51.787Z,gpu-3uwoq-6g3ya-2,ib_counter,rdma_vf_rail2,port_rcv_packets,1.63805e+09
2026-09-30T07:04:51.787Z,gpu-3uwoq-6g3ya-2,ib_counter,rdma_vf_rail2,port_xmit_wait,0
2026-09-30T07:04:51.787Z,gpu-3uwoq-6g3ya-2,ib_counter,rdma_vf_rail2,port_rcv_errors,0
2026-09-30T07:04:51.787Z,gpu-3uwoq-6g3ya-2,ib_counter,rdma_vf_rail2,port_xmit_discards,0
2026-09-30T07:04:51.787Z,gpu-3uwoq-6g3ya-2,ib_counter,rdma_vf_rail2,link_downed,0
2026-09-30T07:04:51.787Z,gpu-3uwoq-6g3ya-2,ib_hw_counter,rdma_vf_rail2,out_of_sequence,8
2026-09-30T07:04:51.787Z,gpu-3uwoq-6g3ya-2,ib_hw_counter,rdma_vf_rail2,packet_seq_err,0
2026-09-30T07:04:51.787Z,gpu-3uwoq-6g3ya-2,ib_hw_counter,rdma_vf_rail2,local_ack_timeout_err,0
2026-09-30T07:04:51.787Z,gpu-3uwoq-6g3ya-2,ib_hw_counter,rdma_vf_rail2,rx_write_requests,7.10946e+08
2026-09-30T07:04:51.787Z,gpu-3uwoq-6g3ya-2,ib_hw_counter,rdma_vf_rail2,rx_read_requests,1.23138e+07
2026-09-30T07:04:51.787Z,gpu-3uwoq-6g3ya-2,ib_hw_counter,rdma_vf_rail2,req_cqe_error,0
2026-09-30T07:04:51.787Z,gpu-3uwoq-6g3ya-2,ib_hw_counter,rdma_vf_rail2,resp_cqe_error,0
2026-09-30T07:04:51.787Z,gpu-3uwoq-6g3ya-2,ib_hw_counter,rdma_vf_rail2,implied_nak_seq_err,0
2026-09-30T07:04:51.787Z,gpu-3uwoq-6g3ya-2,ib_hw_counter,rdma_vf_rail2,duplicate_request,0
2026-09-30T07:04:51.787Z,gpu-3uwoq-6g3ya-2,ib_counter,rdma_vf_rail3,port_xmit_data,2.99968e+12
2026-09-30T07:04:51.787Z,gpu-3uwoq-6g3ya-2,ib_counter,rdma_vf_rail3,port_rcv_data,5.95987e+12
2026-09-30T07:04:51.787Z,gpu-3uwoq-6g3ya-2,ib_counter,rdma_vf_rail3,port_xmit_packets,1.01156e+09
2026-09-30T07:04:51.787Z,gpu-3uwoq-6g3ya-2,ib_counter,rdma_vf_rail3,port_rcv_packets,1.64545e+09
2026-09-30T07:04:51.787Z,gpu-3uwoq-6g3ya-2,ib_counter,rdma_vf_rail3,port_xmit_wait,0
2026-09-30T07:04:51.787Z,gpu-3uwoq-6g3ya-2,ib_counter,rdma_vf_rail3,port_rcv_errors,0
2026-09-30T07:04:51.787Z,gpu-3uwoq-6g3ya-2,ib_counter,rdma_vf_rail3,port_xmit_discards,0
2026-09-30T07:04:51.787Z,gpu-3uwoq-6g3ya-2,ib_counter,rdma_vf_rail3,link_downed,0
2026-09-30T07:04:51.787Z,gpu-3uwoq-6g3ya-2,ib_hw_counter,rdma_vf_rail3,out_of_sequence,7
2026-09-30T07:04:51.787Z,gpu-3uwoq-6g3ya-2,ib_hw_counter,rdma_vf_rail3,packet_seq_err,1
2026-09-30T07:04:51.787Z,gpu-3uwoq-6g3ya-2,ib_hw_counter,rdma_vf_rail3,local_ack_timeout_err,0
2026-09-30T07:04:51.787Z,gpu-3uwoq-6g3ya-2,ib_hw_counter,rdma_vf_rail3,rx_write_requests,7.10946e+08
2026-09-30T07:04:51.787Z,gpu-3uwoq-6g3ya-2,ib_hw_counter,rdma_vf_rail3,rx_read_requests,1.23138e+07
2026-09-30T07:04:51.787Z,gpu-3uwoq-6g3ya-2,ib_hw_counter,rdma_vf_rail3,req_cqe_error,0
2026-09-30T07:04:51.787Z,gpu-3uwoq-6g3ya-2,ib_hw_counter,rdma_vf_rail3,resp_cqe_error,0
2026-09-30T07:04:51.787Z,gpu-3uwoq-6g3ya-2,ib_hw_counter,rdma_vf_rail3,implied_nak_seq_err,0
2026-09-30T07:04:51.787Z,gpu-3uwoq-6g3ya-2,ib_hw_counter,rdma_vf_rail3,duplicate_request,0
2026-09-30T07:04:51.787Z,gpu-3uwoq-6g3ya-2,dcgm,gpu2,gpu_util,1
2026-09-30T07:04:51.787Z,gpu-3uwoq-6g3ya-2,dcgm,gpu3,gpu_util,10
2026-09-30T07:04:51.787Z,gpu-3uwoq-6g3ya-2,dcgm,gpu1,gpu_util,65
2026-09-30T07:04:51.787Z,gpu-3uwoq-6g3ya-2,dcgm,gpu0,gpu_util,0
2026-09-30T07:04:51.787Z,gpu-3uwoq-6g3ya-2,dcgm,gpu2,nvlink_bandwidth_total,0
2026-09-30T07:04:51.787Z,gpu-3uwoq-6g3ya-2,dcgm,gpu3,nvlink_bandwidth_total,0
2026-09-30T07:04:51.787Z,gpu-3uwoq-6g3ya-2,dcgm,gpu1,nvlink_bandwidth_total,0
2026-09-30T07:04:51.787Z,gpu-3uwoq-6g3ya-2,dcgm,gpu0,nvlink_bandwidth_total,0
2026-09-30T07:04:51.787Z,gpu-3uwoq-6g3ya-2,dcgm,gpu2,power_w,230.637
2026-09-30T07:04:51.787Z,gpu-3uwoq-6g3ya-2,dcgm,gpu3,power_w,234.497
2026-09-30T07:04:51.787Z,gpu-3uwoq-6g3ya-2,dcgm,gpu1,power_w,230.104
2026-09-30T07:04:51.787Z,gpu-3uwoq-6g3ya-2,dcgm,gpu0,power_w,226.738
2026-09-30T07:04:51.787Z,gpu-3uwoq-6g3ya-2,dcgm,gpu2,sm_clock_mhz,2070
2026-09-30T07:04:51.787Z,gpu-3uwoq-6g3ya-2,dcgm,gpu3,sm_clock_mhz,2070
2026-09-30T07:04:51.787Z,gpu-3uwoq-6g3ya-2,dcgm,gpu1,sm_clock_mhz,2070
2026-09-30T07:04:51.787Z,gpu-3uwoq-6g3ya-2,dcgm,gpu0,sm_clock_mhz,2070
2026-09-30T07:04:51.787Z,gpu-3uwoq-6g3ya-2,dcgm,gpu2,dram_active,3e-06
2026-09-30T07:04:51.787Z,gpu-3uwoq-6g3ya-2,dcgm,gpu3,dram_active,3e-06
2026-09-30T07:04:51.787Z,gpu-3uwoq-6g3ya-2,dcgm,gpu1,dram_active,3e-06
2026-09-30T07:04:51.787Z,gpu-3uwoq-6g3ya-2,dcgm,gpu0,dram_active,3e-06
2026-09-30T07:04:51.787Z,gpu-3uwoq-6g3ya-2,dcgm,gpu2,pcie_rx_bytes,211291
2026-09-30T07:04:51.787Z,gpu-3uwoq-6g3ya-2,dcgm,gpu3,pcie_rx_bytes,210950
2026-09-30T07:04:51.787Z,gpu-3uwoq-6g3ya-2,dcgm,gpu1,pcie_rx_bytes,260229
2026-09-30T07:04:51.787Z,gpu-3uwoq-6g3ya-2,dcgm,gpu0,pcie_rx_bytes,256070
2026-09-30T07:04:51.787Z,gpu-3uwoq-6g3ya-2,dcgm,gpu2,pcie_tx_bytes,189559
2026-09-30T07:04:51.787Z,gpu-3uwoq-6g3ya-2,dcgm,gpu3,pcie_tx_bytes,188626
2026-09-30T07:04:51.787Z,gpu-3uwoq-6g3ya-2,dcgm,gpu1,pcie_tx_bytes,239125
2026-09-30T07:04:51.787Z,gpu-3uwoq-6g3ya-2,dcgm,gpu0,pcie_tx_bytes,234496
2026-09-30T07:04:51.787Z,gpu-3uwoq-6g3ya-2,dcgm,gpu2,tensor_active,0
2026-09-30T07:04:51.787Z,gpu-3uwoq-6g3ya-2,dcgm,gpu3,tensor_active,0
2026-09-30T07:04:51.787Z,gpu-3uwoq-6g3ya-2,dcgm,gpu1,tensor_active,0
2026-09-30T07:04:51.787Z,gpu-3uwoq-6g3ya-2,dcgm,gpu0,tensor_active,0
2026-09-30T07:04:51.787Z,gpu-3uwoq-6g3ya-2,dcgm,gpu2,sm_active,0
2026-09-30T07:04:51.787Z,gpu-3uwoq-6g3ya-2,dcgm,gpu3,sm_active,0
2026-09-30T07:04:51.787Z,gpu-3uwoq-6g3ya-2,dcgm,gpu1,sm_active,0
2026-09-30T07:04:51.787Z,gpu-3uwoq-6g3ya-2,dcgm,gpu0,sm_active,0
2026-09-30T07:04:51.787Z,gpu-3uwoq-6g3ya-2,nvlink,gpu0,nvlink_rx_bytes,4.80963e+13
2026-09-30T07:04:51.787Z,gpu-3uwoq-6g3ya-2,nvlink,gpu0,nvlink_tx_bytes,4.80995e+13
2026-09-30T07:04:51.787Z,gpu-3uwoq-6g3ya-2,nvlink,gpu1,nvlink_rx_bytes,4.82499e+13
2026-09-30T07:04:51.787Z,gpu-3uwoq-6g3ya-2,nvlink,gpu1,nvlink_tx_bytes,4.8252e+13
2026-09-30T07:04:51.787Z,gpu-3uwoq-6g3ya-2,nvlink,gpu2,nvlink_rx_bytes,4.80847e+13
2026-09-30T07:04:51.787Z,gpu-3uwoq-6g3ya-2,nvlink,gpu2,nvlink_tx_bytes,4.80882e+13
2026-09-30T07:04:51.787Z,gpu-3uwoq-6g3ya-2,nvlink,gpu3,nvlink_rx_bytes,4.80322e+13
2026-09-30T07:04:51.787Z,gpu-3uwoq-6g3ya-2,nvlink,gpu3,nvlink_tx_bytes,4.80353e+13
2026-09-30T07:04:52.787Z,gpu-3uwoq-6g3ya-2,ib_counter,rdma_vf_rail0,port_xmit_data,3.13559e+12
2026-09-30T07:04:52.787Z,gpu-3uwoq-6g3ya-2,ib_counter,rdma_vf_rail0,port_rcv_data,6.09563e+12
2026-09-30T07:04:52.787Z,gpu-3uwoq-6g3ya-2,ib_counter,rdma_vf_rail0,port_xmit_packets,1.06362e+09
2026-09-30T07:04:52.787Z,gpu-3uwoq-6g3ya-2,ib_counter,rdma_vf_rail0,port_rcv_packets,1.69452e+09
2026-09-30T07:04:52.787Z,gpu-3uwoq-6g3ya-2,ib_counter,rdma_vf_rail0,port_xmit_wait,0
2026-09-30T07:04:52.787Z,gpu-3uwoq-6g3ya-2,ib_counter,rdma_vf_rail0,port_rcv_errors,0
2026-09-30T07:04:52.787Z,gpu-3uwoq-6g3ya-2,ib_counter,rdma_vf_rail0,port_xmit_discards,0
2026-09-30T07:04:52.787Z,gpu-3uwoq-6g3ya-2,ib_counter,rdma_vf_rail0,link_downed,0
2026-09-30T07:04:52.787Z,gpu-3uwoq-6g3ya-2,ib_hw_counter,rdma_vf_rail0,out_of_sequence,8
2026-09-30T07:04:52.787Z,gpu-3uwoq-6g3ya-2,ib_hw_counter,rdma_vf_rail0,packet_seq_err,0
2026-09-30T07:04:52.787Z,gpu-3uwoq-6g3ya-2,ib_hw_counter,rdma_vf_rail0,local_ack_timeout_err,0
2026-09-30T07:04:52.787Z,gpu-3uwoq-6g3ya-2,ib_hw_counter,rdma_vf_rail0,rx_write_requests,7.12971e+08
2026-09-30T07:04:52.787Z,gpu-3uwoq-6g3ya-2,ib_hw_counter,rdma_vf_rail0,rx_read_requests,1.33224e+07
2026-09-30T07:04:52.787Z,gpu-3uwoq-6g3ya-2,ib_hw_counter,rdma_vf_rail0,req_cqe_error,0
2026-09-30T07:04:52.787Z,gpu-3uwoq-6g3ya-2,ib_hw_counter,rdma_vf_rail0,resp_cqe_error,0
2026-09-30T07:04:52.787Z,gpu-3uwoq-6g3ya-2,ib_hw_counter,rdma_vf_rail0,implied_nak_seq_err,0
2026-09-30T07:04:52.787Z,gpu-3uwoq-6g3ya-2,ib_hw_counter,rdma_vf_rail0,duplicate_request,0
2026-09-30T07:04:52.787Z,gpu-3uwoq-6g3ya-2,ib_counter,rdma_vf_rail1,port_xmit_data,3.02739e+12
2026-09-30T07:04:52.787Z,gpu-3uwoq-6g3ya-2,ib_counter,rdma_vf_rail1,port_rcv_data,5.98752e+12
2026-09-30T07:04:52.787Z,gpu-3uwoq-6g3ya-2,ib_counter,rdma_vf_rail1,port_xmit_packets,1.03092e+09
2026-09-30T07:04:52.787Z,gpu-3uwoq-6g3ya-2,ib_counter,rdma_vf_rail1,port_rcv_packets,1.662e+09
2026-09-30T07:04:52.787Z,gpu-3uwoq-6g3ya-2,ib_counter,rdma_vf_rail1,port_xmit_wait,0
2026-09-30T07:04:52.787Z,gpu-3uwoq-6g3ya-2,ib_counter,rdma_vf_rail1,port_rcv_errors,0
2026-09-30T07:04:52.787Z,gpu-3uwoq-6g3ya-2,ib_counter,rdma_vf_rail1,port_xmit_discards,0
2026-09-30T07:04:52.787Z,gpu-3uwoq-6g3ya-2,ib_counter,rdma_vf_rail1,link_downed,0
2026-09-30T07:04:52.787Z,gpu-3uwoq-6g3ya-2,ib_hw_counter,rdma_vf_rail1,out_of_sequence,8
2026-09-30T07:04:52.787Z,gpu-3uwoq-6g3ya-2,ib_hw_counter,rdma_vf_rail1,packet_seq_err,0
2026-09-30T07:04:52.787Z,gpu-3uwoq-6g3ya-2,ib_hw_counter,rdma_vf_rail1,local_ack_timeout_err,0
2026-09-30T07:04:52.787Z,gpu-3uwoq-6g3ya-2,ib_hw_counter,rdma_vf_rail1,rx_write_requests,7.11379e+08
2026-09-30T07:04:52.787Z,gpu-3uwoq-6g3ya-2,ib_hw_counter,rdma_vf_rail1,rx_read_requests,1.25217e+07
2026-09-30T07:04:52.787Z,gpu-3uwoq-6g3ya-2,ib_hw_counter,rdma_vf_rail1,req_cqe_error,0
2026-09-30T07:04:52.787Z,gpu-3uwoq-6g3ya-2,ib_hw_counter,rdma_vf_rail1,resp_cqe_error,0
2026-09-30T07:04:52.787Z,gpu-3uwoq-6g3ya-2,ib_hw_counter,rdma_vf_rail1,implied_nak_seq_err,0
2026-09-30T07:04:52.787Z,gpu-3uwoq-6g3ya-2,ib_hw_counter,rdma_vf_rail1,duplicate_request,0
2026-09-30T07:04:52.787Z,gpu-3uwoq-6g3ya-2,ib_counter,rdma_vf_rail2,port_xmit_data,2.99982e+12
2026-09-30T07:04:52.787Z,gpu-3uwoq-6g3ya-2,ib_counter,rdma_vf_rail2,port_rcv_data,5.95926e+12
2026-09-30T07:04:52.787Z,gpu-3uwoq-6g3ya-2,ib_counter,rdma_vf_rail2,port_xmit_packets,1.01323e+09
2026-09-30T07:04:52.787Z,gpu-3uwoq-6g3ya-2,ib_counter,rdma_vf_rail2,port_rcv_packets,1.63805e+09
2026-09-30T07:04:52.787Z,gpu-3uwoq-6g3ya-2,ib_counter,rdma_vf_rail2,port_xmit_wait,0
2026-09-30T07:04:52.787Z,gpu-3uwoq-6g3ya-2,ib_counter,rdma_vf_rail2,port_rcv_errors,0
2026-09-30T07:04:52.787Z,gpu-3uwoq-6g3ya-2,ib_counter,rdma_vf_rail2,port_xmit_discards,0
2026-09-30T07:04:52.787Z,gpu-3uwoq-6g3ya-2,ib_counter,rdma_vf_rail2,link_downed,0
2026-09-30T07:04:52.787Z,gpu-3uwoq-6g3ya-2,ib_hw_counter,rdma_vf_rail2,out_of_sequence,8
2026-09-30T07:04:52.787Z,gpu-3uwoq-6g3ya-2,ib_hw_counter,rdma_vf_rail2,packet_seq_err,0
2026-09-30T07:04:52.787Z,gpu-3uwoq-6g3ya-2,ib_hw_counter,rdma_vf_rail2,local_ack_timeout_err,0
2026-09-30T07:04:52.787Z,gpu-3uwoq-6g3ya-2,ib_hw_counter,rdma_vf_rail2,rx_write_requests,7.10946e+08
2026-09-30T07:04:52.787Z,gpu-3uwoq-6g3ya-2,ib_hw_counter,rdma_vf_rail2,rx_read_requests,1.23138e+07
2026-09-30T07:04:52.787Z,gpu-3uwoq-6g3ya-2,ib_hw_counter,rdma_vf_rail2,req_cqe_error,0
2026-09-30T07:04:52.787Z,gpu-3uwoq-6g3ya-2,ib_hw_counter,rdma_vf_rail2,resp_cqe_error,0
2026-09-30T07:04:52.787Z,gpu-3uwoq-6g3ya-2,ib_hw_counter,rdma_vf_rail2,implied_nak_seq_err,0
2026-09-30T07:04:52.787Z,gpu-3uwoq-6g3ya-2,ib_hw_counter,rdma_vf_rail2,duplicate_request,0
2026-09-30T07:04:52.787Z,gpu-3uwoq-6g3ya-2,ib_counter,rdma_vf_rail3,port_xmit_data,2.99968e+12
2026-09-30T07:04:52.787Z,gpu-3uwoq-6g3ya-2,ib_counter,rdma_vf_rail3,port_rcv_data,5.95987e+12
2026-09-30T07:04:52.787Z,gpu-3uwoq-6g3ya-2,ib_counter,rdma_vf_rail3,port_xmit_packets,1.01156e+09
2026-09-30T07:04:52.787Z,gpu-3uwoq-6g3ya-2,ib_counter,rdma_vf_rail3,port_rcv_packets,1.64545e+09
2026-09-30T07:04:52.787Z,gpu-3uwoq-6g3ya-2,ib_counter,rdma_vf_rail3,port_xmit_wait,0
2026-09-30T07:04:52.787Z,gpu-3uwoq-6g3ya-2,ib_counter,rdma_vf_rail3,port_rcv_errors,0
2026-09-30T07:04:52.787Z,gpu-3uwoq-6g3ya-2,ib_counter,rdma_vf_rail3,port_xmit_discards,0
2026-09-30T07:04:52.787Z,gpu-3uwoq-6g3ya-2,ib_counter,rdma_vf_rail3,link_downed,0
2026-09-30T07:04:52.787Z,gpu-3uwoq-6g3ya-2,ib_hw_counter,rdma_vf_rail3,out_of_sequence,7
2026-09-30T07:04:52.787Z,gpu-3uwoq-6g3ya-2,ib_hw_counter,rdma_vf_rail3,packet_seq_err,1
2026-09-30T07:04:52.787Z,gpu-3uwoq-6g3ya-2,ib_hw_counter,rdma_vf_rail3,local_ack_timeout_err,0
2026-09-30T07:04:52.787Z,gpu-3uwoq-6g3ya-2,ib_hw_counter,rdma_vf_rail3,rx_write_requests,7.10946e+08
2026-09-30T07:04:52.787Z,gpu-3uwoq-6g3ya-2,ib_hw_counter,rdma_vf_rail3,rx_read_requests,1.23138e+07
2026-09-30T07:04:52.787Z,gpu-3uwoq-6g3ya-2,ib_hw_counter,rdma_vf_rail3,req_cqe_error,0
2026-09-30T07:04:52.787Z,gpu-3uwoq-6g3ya-2,ib_hw_counter,rdma_vf_rail3,resp_cqe_error,0
2026-09-30T07:04:52.787Z,gpu-3uwoq-6g3ya-2,ib_hw_counter,rdma_vf_rail3,implied_nak_seq_err,0
2026-09-30T07:04:52.787Z,gpu-3uwoq-6g3ya-2,ib_hw_counter,rdma_vf_rail3,duplicate_request,0
2026-09-30T07:04:52.787Z,gpu-3uwoq-6g3ya-2,dcgm,gpu2,gpu_util,1
2026-09-30T07:04:52.787Z,gpu-3uwoq-6g3ya-2,dcgm,gpu3,gpu_util,10
2026-09-30T07:04:52.787Z,gpu-3uwoq-6g3ya-2,dcgm,gpu1,gpu_util,65
2026-09-30T07:04:52.787Z,gpu-3uwoq-6g3ya-2,dcgm,gpu0,gpu_util,0
2026-09-30T07:04:52.787Z,gpu-3uwoq-6g3ya-2,dcgm,gpu2,nvlink_bandwidth_total,0
2026-09-30T07:04:52.787Z,gpu-3uwoq-6g3ya-2,dcgm,gpu3,nvlink_bandwidth_total,0
2026-09-30T07:04:52.787Z,gpu-3uwoq-6g3ya-2,dcgm,gpu1,nvlink_bandwidth_total,0
2026-09-30T07:04:52.787Z,gpu-3uwoq-6g3ya-2,dcgm,gpu0,nvlink_bandwidth_total,0
2026-09-30T07:04:52.787Z,gpu-3uwoq-6g3ya-2,dcgm,gpu2,power_w,230.637
2026-09-30T07:04:52.787Z,gpu-3uwoq-6g3ya-2,dcgm,gpu3,power_w,234.497
2026-09-30T07:04:52.787Z,gpu-3uwoq-6g3ya-2,dcgm,gpu1,power_w,230.104
2026-09-30T07:04:52.787Z,gpu-3uwoq-6g3ya-2,dcgm,gpu0,power_w,226.738
2026-09-30T07:04:52.787Z,gpu-3uwoq-6g3ya-2,dcgm,gpu2,sm_clock_mhz,2070
2026-09-30T07:04:52.787Z,gpu-3uwoq-6g3ya-2,dcgm,gpu3,sm_clock_mhz,2070
2026-09-30T07:04:52.787Z,gpu-3uwoq-6g3ya-2,dcgm,gpu1,sm_clock_mhz,2070
2026-09-30T07:04:52.787Z,gpu-3uwoq-6g3ya-2,dcgm,gpu0,sm_clock_mhz,2070
2026-09-30T07:04:52.787Z,gpu-3uwoq-6g3ya-2,dcgm,gpu2,dram_active,3e-06
2026-09-30T07:04:52.787Z,gpu-3uwoq-6g3ya-2,dcgm,gpu3,dram_active,3e-06
2026-09-30T07:04:52.787Z,gpu-3uwoq-6g3ya-2,dcgm,gpu1,dram_active,3e-06
2026-09-30T07:04:52.787Z,gpu-3uwoq-6g3ya-2,dcgm,gpu0,dram_active,3e-06
2026-09-30T07:04:52.787Z,gpu-3uwoq-6g3ya-2,dcgm,gpu2,pcie_rx_bytes,211291
2026-09-30T07:04:52.787Z,gpu-3uwoq-6g3ya-2,dcgm,gpu3,pcie_rx_bytes,210950
2026-09-30T07:04:52.787Z,gpu-3uwoq-6g3ya-2,dcgm,gpu1,pcie_rx_bytes,260229
2026-09-30T07:04:52.787Z,gpu-3uwoq-6g3ya-2,dcgm,gpu0,pcie_rx_bytes,256070
2026-09-30T07:04:52.787Z,gpu-3uwoq-6g3ya-2,dcgm,gpu2,pcie_tx_bytes,189559
2026-09-30T07:04:52.787Z,gpu-3uwoq-6g3ya-2,dcgm,gpu3,pcie_tx_bytes,188626
2026-09-30T07:04:52.787Z,gpu-3uwoq-6g3ya-2,dcgm,gpu1,pcie_tx_bytes,239125
2026-09-30T07:04:52.787Z,gpu-3uwoq-6g3ya-2,dcgm,gpu0,pcie_tx_bytes,234496
2026-09-30T07:04:52.787Z,gpu-3uwoq-6g3ya-2,dcgm,gpu2,tensor_active,0
2026-09-30T07:04:52.787Z,gpu-3uwoq-6g3ya-2,dcgm,gpu3,tensor_active,0
2026-09-30T07:04:52.787Z,gpu-3uwoq-6g3ya-2,dcgm,gpu1,tensor_active,0
2026-09-30T07:04:52.787Z,gpu-3uwoq-6g3ya-2,dcgm,gpu0,tensor_active,0
2026-09-30T07:04:52.787Z,gpu-3uwoq-6g3ya-2,dcgm,gpu2,sm_active,0
2026-09-30T07:04:52.787Z,gpu-3uwoq-6g3ya-2,dcgm,gpu3,sm_active,0
2026-09-30T07:04:52.787Z,gpu-3uwoq-6g3ya-2,dcgm,gpu1,sm_active,0
2026-09-30T07:04:52.787Z,gpu-3uwoq-6g3ya-2,dcgm,gpu0,sm_active,0
2026-09-30T07:04:52.787Z,gpu-3uwoq-6g3ya-2,nvlink,gpu0,nvlink_rx_bytes,4.80963e+13
2026-09-30T07:04:52.787Z,gpu-3uwoq-6g3ya-2,nvlink,gpu0,nvlink_tx_bytes,4.80995e+13
2026-09-30T07:04:52.787Z,gpu-3uwoq-6g3ya-2,nvlink,gpu1,nvlink_rx_bytes,4.82499e+13
2026-09-30T07:04:52.787Z,gpu-3uwoq-6g3ya-2,nvlink,gpu1,nvlink_tx_bytes,4.8252e+13
2026-09-30T07:04:52.787Z,gpu-3uwoq-6g3ya-2,nvlink,gpu2,nvlink_rx_bytes,4.80847e+13
2026-09-30T07:04:52.787Z,gpu-3uwoq-6g3ya-2,nvlink,gpu2,nvlink_tx_bytes,4.80882e+13
2026-09-30T07:04:52.787Z,gpu-3uwoq-6g3ya-2,nvlink,gpu3,nvlink_rx_bytes,4.80322e+13
2026-09-30T07:04:52.787Z,gpu-3uwoq-6g3ya-2,nvlink,gpu3,nvlink_tx_bytes,4.80353e+13
2026-09-30T07:04:53.788Z,gpu-3uwoq-6g3ya-2,ib_counter,rdma_vf_rail0,port_xmit_data,3.1485e+12
2026-09-30T07:04:53.788Z,gpu-3uwoq-6g3ya-2,ib_counter,rdma_vf_rail0,port_rcv_data,6.10858e+12
2026-09-30T07:04:53.788Z,gpu-3uwoq-6g3ya-2,ib_counter,rdma_vf_rail0,port_xmit_packets,1.06717e+09
2026-09-30T07:04:53.788Z,gpu-3uwoq-6g3ya-2,ib_counter,rdma_vf_rail0,port_rcv_packets,1.69835e+09
2026-09-30T07:04:53.788Z,gpu-3uwoq-6g3ya-2,ib_counter,rdma_vf_rail0,port_xmit_wait,0
2026-09-30T07:04:53.788Z,gpu-3uwoq-6g3ya-2,ib_counter,rdma_vf_rail0,port_rcv_errors,0
2026-09-30T07:04:53.788Z,gpu-3uwoq-6g3ya-2,ib_counter,rdma_vf_rail0,port_xmit_discards,0
2026-09-30T07:04:53.788Z,gpu-3uwoq-6g3ya-2,ib_counter,rdma_vf_rail0,link_downed,0
2026-09-30T07:04:53.788Z,gpu-3uwoq-6g3ya-2,ib_hw_counter,rdma_vf_rail0,out_of_sequence,8
2026-09-30T07:04:53.788Z,gpu-3uwoq-6g3ya-2,ib_hw_counter,rdma_vf_rail0,packet_seq_err,0
2026-09-30T07:04:53.788Z,gpu-3uwoq-6g3ya-2,ib_hw_counter,rdma_vf_rail0,local_ack_timeout_err,0
2026-09-30T07:04:53.788Z,gpu-3uwoq-6g3ya-2,ib_hw_counter,rdma_vf_rail0,rx_write_requests,7.13164e+08
2026-09-30T07:04:53.788Z,gpu-3uwoq-6g3ya-2,ib_hw_counter,rdma_vf_rail0,rx_read_requests,1.34187e+07
2026-09-30T07:04:53.788Z,gpu-3uwoq-6g3ya-2,ib_hw_counter,rdma_vf_rail0,req_cqe_error,0
2026-09-30T07:04:53.788Z,gpu-3uwoq-6g3ya-2,ib_hw_counter,rdma_vf_rail0,resp_cqe_error,0
2026-09-30T07:04:53.788Z,gpu-3uwoq-6g3ya-2,ib_hw_counter,rdma_vf_rail0,implied_nak_seq_err,0
2026-09-30T07:04:53.788Z,gpu-3uwoq-6g3ya-2,ib_hw_counter,rdma_vf_rail0,duplicate_request,0
2026-09-30T07:04:53.788Z,gpu-3uwoq-6g3ya-2,ib_counter,rdma_vf_rail1,port_xmit_data,3.0403e+12
2026-09-30T07:04:53.788Z,gpu-3uwoq-6g3ya-2,ib_counter,rdma_vf_rail1,port_rcv_data,6.00047e+12
2026-09-30T07:04:53.788Z,gpu-3uwoq-6g3ya-2,ib_counter,rdma_vf_rail1,port_xmit_packets,1.03447e+09
2026-09-30T07:04:53.788Z,gpu-3uwoq-6g3ya-2,ib_counter,rdma_vf_rail1,port_rcv_packets,1.66584e+09
2026-09-30T07:04:53.788Z,gpu-3uwoq-6g3ya-2,ib_counter,rdma_vf_rail1,port_xmit_wait,0
2026-09-30T07:04:53.788Z,gpu-3uwoq-6g3ya-2,ib_counter,rdma_vf_rail1,port_rcv_errors,0
2026-09-30T07:04:53.788Z,gpu-3uwoq-6g3ya-2,ib_counter,rdma_vf_rail1,port_xmit_discards,0
2026-09-30T07:04:53.788Z,gpu-3uwoq-6g3ya-2,ib_counter,rdma_vf_rail1,link_downed,0
2026-09-30T07:04:53.788Z,gpu-3uwoq-6g3ya-2,ib_hw_counter,rdma_vf_rail1,out_of_sequence,8
2026-09-30T07:04:53.788Z,gpu-3uwoq-6g3ya-2,ib_hw_counter,rdma_vf_rail1,packet_seq_err,0
2026-09-30T07:04:53.788Z,gpu-3uwoq-6g3ya-2,ib_hw_counter,rdma_vf_rail1,local_ack_timeout_err,0
2026-09-30T07:04:53.788Z,gpu-3uwoq-6g3ya-2,ib_hw_counter,rdma_vf_rail1,rx_write_requests,7.11571e+08
2026-09-30T07:04:53.788Z,gpu-3uwoq-6g3ya-2,ib_hw_counter,rdma_vf_rail1,rx_read_requests,1.26179e+07
2026-09-30T07:04:53.788Z,gpu-3uwoq-6g3ya-2,ib_hw_counter,rdma_vf_rail1,req_cqe_error,0
2026-09-30T07:04:53.788Z,gpu-3uwoq-6g3ya-2,ib_hw_counter,rdma_vf_rail1,resp_cqe_error,0
2026-09-30T07:04:53.788Z,gpu-3uwoq-6g3ya-2,ib_hw_counter,rdma_vf_rail1,implied_nak_seq_err,0
2026-09-30T07:04:53.788Z,gpu-3uwoq-6g3ya-2,ib_hw_counter,rdma_vf_rail1,duplicate_request,0
2026-09-30T07:04:53.788Z,gpu-3uwoq-6g3ya-2,ib_counter,rdma_vf_rail2,port_xmit_data,3.01273e+12
2026-09-30T07:04:53.788Z,gpu-3uwoq-6g3ya-2,ib_counter,rdma_vf_rail2,port_rcv_data,5.97221e+12
2026-09-30T07:04:53.788Z,gpu-3uwoq-6g3ya-2,ib_counter,rdma_vf_rail2,port_xmit_packets,1.01679e+09
2026-09-30T07:04:53.788Z,gpu-3uwoq-6g3ya-2,ib_counter,rdma_vf_rail2,port_rcv_packets,1.64191e+09
2026-09-30T07:04:53.788Z,gpu-3uwoq-6g3ya-2,ib_counter,rdma_vf_rail2,port_xmit_wait,0
2026-09-30T07:04:53.788Z,gpu-3uwoq-6g3ya-2,ib_counter,rdma_vf_rail2,port_rcv_errors,0
2026-09-30T07:04:53.788Z,gpu-3uwoq-6g3ya-2,ib_counter,rdma_vf_rail2,port_xmit_discards,0
2026-09-30T07:04:53.788Z,gpu-3uwoq-6g3ya-2,ib_counter,rdma_vf_rail2,link_downed,0
2026-09-30T07:04:53.788Z,gpu-3uwoq-6g3ya-2,ib_hw_counter,rdma_vf_rail2,out_of_sequence,8
2026-09-30T07:04:53.788Z,gpu-3uwoq-6g3ya-2,ib_hw_counter,rdma_vf_rail2,packet_seq_err,0
2026-09-30T07:04:53.788Z,gpu-3uwoq-6g3ya-2,ib_hw_counter,rdma_vf_rail2,local_ack_timeout_err,0
2026-09-30T07:04:53.788Z,gpu-3uwoq-6g3ya-2,ib_hw_counter,rdma_vf_rail2,rx_write_requests,7.11138e+08
2026-09-30T07:04:53.788Z,gpu-3uwoq-6g3ya-2,ib_hw_counter,rdma_vf_rail2,rx_read_requests,1.241e+07
2026-09-30T07:04:53.788Z,gpu-3uwoq-6g3ya-2,ib_hw_counter,rdma_vf_rail2,req_cqe_error,0
2026-09-30T07:04:53.788Z,gpu-3uwoq-6g3ya-2,ib_hw_counter,rdma_vf_rail2,resp_cqe_error,0
2026-09-30T07:04:53.788Z,gpu-3uwoq-6g3ya-2,ib_hw_counter,rdma_vf_rail2,implied_nak_seq_err,0
2026-09-30T07:04:53.788Z,gpu-3uwoq-6g3ya-2,ib_hw_counter,rdma_vf_rail2,duplicate_request,0
2026-09-30T07:04:53.788Z,gpu-3uwoq-6g3ya-2,ib_counter,rdma_vf_rail3,port_xmit_data,3.01259e+12
2026-09-30T07:04:53.788Z,gpu-3uwoq-6g3ya-2,ib_counter,rdma_vf_rail3,port_rcv_data,5.97281e+12
2026-09-30T07:04:53.788Z,gpu-3uwoq-6g3ya-2,ib_counter,rdma_vf_rail3,port_xmit_packets,1.01513e+09
2026-09-30T07:04:53.788Z,gpu-3uwoq-6g3ya-2,ib_counter,rdma_vf_rail3,port_rcv_packets,1.6493e+09
2026-09-30T07:04:53.788Z,gpu-3uwoq-6g3ya-2,ib_counter,rdma_vf_rail3,port_xmit_wait,0
2026-09-30T07:04:53.788Z,gpu-3uwoq-6g3ya-2,ib_counter,rdma_vf_rail3,port_rcv_errors,0
2026-09-30T07:04:53.788Z,gpu-3uwoq-6g3ya-2,ib_counter,rdma_vf_rail3,port_xmit_discards,0
2026-09-30T07:04:53.788Z,gpu-3uwoq-6g3ya-2,ib_counter,rdma_vf_rail3,link_downed,0
2026-09-30T07:04:53.788Z,gpu-3uwoq-6g3ya-2,ib_hw_counter,rdma_vf_rail3,out_of_sequence,7
2026-09-30T07:04:53.788Z,gpu-3uwoq-6g3ya-2,ib_hw_counter,rdma_vf_rail3,packet_seq_err,1
2026-09-30T07:04:53.788Z,gpu-3uwoq-6g3ya-2,ib_hw_counter,rdma_vf_rail3,local_ack_timeout_err,0
2026-09-30T07:04:53.788Z,gpu-3uwoq-6g3ya-2,ib_hw_counter,rdma_vf_rail3,rx_write_requests,7.11138e+08
2026-09-30T07:04:53.788Z,gpu-3uwoq-6g3ya-2,ib_hw_counter,rdma_vf_rail3,rx_read_requests,1.241e+07
2026-09-30T07:04:53.788Z,gpu-3uwoq-6g3ya-2,ib_hw_counter,rdma_vf_rail3,req_cqe_error,0
2026-09-30T07:04:53.788Z,gpu-3uwoq-6g3ya-2,ib_hw_counter,rdma_vf_rail3,resp_cqe_error,0
2026-09-30T07:04:53.788Z,gpu-3uwoq-6g3ya-2,ib_hw_counter,rdma_vf_rail3,implied_nak_seq_err,0
2026-09-30T07:04:53.788Z,gpu-3uwoq-6g3ya-2,ib_hw_counter,rdma_vf_rail3,duplicate_request,0
2026-09-30T07:04:53.788Z,gpu-3uwoq-6g3ya-2,dcgm,gpu2,gpu_util,1
2026-09-30T07:04:53.788Z,gpu-3uwoq-6g3ya-2,dcgm,gpu3,gpu_util,10
2026-09-30T07:04:53.788Z,gpu-3uwoq-6g3ya-2,dcgm,gpu1,gpu_util,65
2026-09-30T07:04:53.788Z,gpu-3uwoq-6g3ya-2,dcgm,gpu0,gpu_util,0
2026-09-30T07:04:53.788Z,gpu-3uwoq-6g3ya-2,dcgm,gpu2,nvlink_bandwidth_total,0
2026-09-30T07:04:53.788Z,gpu-3uwoq-6g3ya-2,dcgm,gpu3,nvlink_bandwidth_total,0
2026-09-30T07:04:53.788Z,gpu-3uwoq-6g3ya-2,dcgm,gpu1,nvlink_bandwidth_total,0
2026-09-30T07:04:53.788Z,gpu-3uwoq-6g3ya-2,dcgm,gpu0,nvlink_bandwidth_total,0
2026-09-30T07:04:53.788Z,gpu-3uwoq-6g3ya-2,dcgm,gpu2,power_w,230.637
2026-09-30T07:04:53.788Z,gpu-3uwoq-6g3ya-2,dcgm,gpu3,power_w,234.497
2026-09-30T07:04:53.788Z,gpu-3uwoq-6g3ya-2,dcgm,gpu1,power_w,230.104
2026-09-30T07:04:53.788Z,gpu-3uwoq-6g3ya-2,dcgm,gpu0,power_w,226.738
2026-09-30T07:04:53.788Z,gpu-3uwoq-6g3ya-2,dcgm,gpu2,sm_clock_mhz,2070
2026-09-30T07:04:53.788Z,gpu-3uwoq-6g3ya-2,dcgm,gpu3,sm_clock_mhz,2070
2026-09-30T07:04:53.788Z,gpu-3uwoq-6g3ya-2,dcgm,gpu1,sm_clock_mhz,2070
2026-09-30T07:04:53.788Z,gpu-3uwoq-6g3ya-2,dcgm,gpu0,sm_clock_mhz,2070
2026-09-30T07:04:53.788Z,gpu-3uwoq-6g3ya-2,dcgm,gpu2,dram_active,3e-06
2026-09-30T07:04:53.788Z,gpu-3uwoq-6g3ya-2,dcgm,gpu3,dram_active,3e-06
2026-09-30T07:04:53.788Z,gpu-3uwoq-6g3ya-2,dcgm,gpu1,dram_active,3e-06
2026-09-30T07:04:53.788Z,gpu-3uwoq-6g3ya-2,dcgm,gpu0,dram_active,3e-06
2026-09-30T07:04:53.788Z,gpu-3uwoq-6g3ya-2,dcgm,gpu2,pcie_rx_bytes,211291
2026-09-30T07:04:53.788Z,gpu-3uwoq-6g3ya-2,dcgm,gpu3,pcie_rx_bytes,210950
2026-09-30T07:04:53.788Z,gpu-3uwoq-6g3ya-2,dcgm,gpu1,pcie_rx_bytes,260229
2026-09-30T07:04:53.788Z,gpu-3uwoq-6g3ya-2,dcgm,gpu0,pcie_rx_bytes,256070
2026-09-30T07:04:53.788Z,gpu-3uwoq-6g3ya-2,dcgm,gpu2,pcie_tx_bytes,189559
2026-09-30T07:04:53.788Z,gpu-3uwoq-6g3ya-2,dcgm,gpu3,pcie_tx_bytes,188626
2026-09-30T07:04:53.788Z,gpu-3uwoq-6g3ya-2,dcgm,gpu1,pcie_tx_bytes,239125
2026-09-30T07:04:53.788Z,gpu-3uwoq-6g3ya-2,dcgm,gpu0,pcie_tx_bytes,234496
2026-09-30T07:04:53.788Z,gpu-3uwoq-6g3ya-2,dcgm,gpu2,tensor_active,0
2026-09-30T07:04:53.788Z,gpu-3uwoq-6g3ya-2,dcgm,gpu3,tensor_active,0
2026-09-30T07:04:53.788Z,gpu-3uwoq-6g3ya-2,dcgm,gpu1,tensor_active,0
2026-09-30T07:04:53.788Z,gpu-3uwoq-6g3ya-2,dcgm,gpu0,tensor_active,0
2026-09-30T07:04:53.788Z,gpu-3uwoq-6g3ya-2,dcgm,gpu2,sm_active,0
2026-09-30T07:04:53.788Z,gpu-3uwoq-6g3ya-2,dcgm,gpu3,sm_active,0
2026-09-30T07:04:53.788Z,gpu-3uwoq-6g3ya-2,dcgm,gpu1,sm_active,0
2026-09-30T07:04:53.788Z,gpu-3uwoq-6g3ya-2,dcgm,gpu0,sm_active,0
2026-09-30T07:04:53.788Z,gpu-3uwoq-6g3ya-2,nvlink,gpu0,nvlink_rx_bytes,4.80963e+13
2026-09-30T07:04:53.788Z,gpu-3uwoq-6g3ya-2,nvlink,gpu0,nvlink_tx_bytes,4.80995e+13
2026-09-30T07:04:53.788Z,gpu-3uwoq-6g3ya-2,nvlink,gpu1,nvlink_rx_bytes,4.82499e+13
2026-09-30T07:04:53.788Z,gpu-3uwoq-6g3ya-2,nvlink,gpu1,nvlink_tx_bytes,4.8252e+13
2026-09-30T07:04:53.788Z,gpu-3uwoq-6g3ya-2,nvlink,gpu2,nvlink_rx_bytes,4.80847e+13
2026-09-30T07:04:53.788Z,gpu-3uwoq-6g3ya-2,nvlink,gpu2,nvlink_tx_bytes,4.80882e+13
2026-09-30T07:04:53.788Z,gpu-3uwoq-6g3ya-2,nvlink,gpu3,nvlink_rx_bytes,4.80322e+13
2026-09-30T07:04:53.788Z,gpu-3uwoq-6g3ya-2,nvlink,gpu3,nvlink_tx_bytes,4.80353e+13
2026-09-30T07:04:54.788Z,gpu-3uwoq-6g3ya-2,ib_counter,rdma_vf_rail0,port_xmit_data,3.1485e+12
2026-09-30T07:04:54.788Z,gpu-3uwoq-6g3ya-2,ib_counter,rdma_vf_rail0,port_rcv_data,6.10858e+12
2026-09-30T07:04:54.788Z,gpu-3uwoq-6g3ya-2,ib_counter,rdma_vf_rail0,port_xmit_packets,1.06717e+09
2026-09-30T07:04:54.788Z,gpu-3uwoq-6g3ya-2,ib_counter,rdma_vf_rail0,port_rcv_packets,1.69835e+09
2026-09-30T07:04:54.788Z,gpu-3uwoq-6g3ya-2,ib_counter,rdma_vf_rail0,port_xmit_wait,0
2026-09-30T07:04:54.788Z,gpu-3uwoq-6g3ya-2,ib_counter,rdma_vf_rail0,port_rcv_errors,0
2026-09-30T07:04:54.788Z,gpu-3uwoq-6g3ya-2,ib_counter,rdma_vf_rail0,port_xmit_discards,0
2026-09-30T07:04:54.788Z,gpu-3uwoq-6g3ya-2,ib_counter,rdma_vf_rail0,link_downed,0
2026-09-30T07:04:54.788Z,gpu-3uwoq-6g3ya-2,ib_hw_counter,rdma_vf_rail0,out_of_sequence,8
2026-09-30T07:04:54.788Z,gpu-3uwoq-6g3ya-2,ib_hw_counter,rdma_vf_rail0,packet_seq_err,0
2026-09-30T07:04:54.788Z,gpu-3uwoq-6g3ya-2,ib_hw_counter,rdma_vf_rail0,local_ack_timeout_err,0
2026-09-30T07:04:54.788Z,gpu-3uwoq-6g3ya-2,ib_hw_counter,rdma_vf_rail0,rx_write_requests,7.13164e+08
2026-09-30T07:04:54.788Z,gpu-3uwoq-6g3ya-2,ib_hw_counter,rdma_vf_rail0,rx_read_requests,1.34187e+07
2026-09-30T07:04:54.788Z,gpu-3uwoq-6g3ya-2,ib_hw_counter,rdma_vf_rail0,req_cqe_error,0
2026-09-30T07:04:54.788Z,gpu-3uwoq-6g3ya-2,ib_hw_counter,rdma_vf_rail0,resp_cqe_error,0
2026-09-30T07:04:54.788Z,gpu-3uwoq-6g3ya-2,ib_hw_counter,rdma_vf_rail0,implied_nak_seq_err,0
2026-09-30T07:04:54.788Z,gpu-3uwoq-6g3ya-2,ib_hw_counter,rdma_vf_rail0,duplicate_request,0
2026-09-30T07:04:54.788Z,gpu-3uwoq-6g3ya-2,ib_counter,rdma_vf_rail1,port_xmit_data,3.0403e+12
2026-09-30T07:04:54.788Z,gpu-3uwoq-6g3ya-2,ib_counter,rdma_vf_rail1,port_rcv_data,6.00047e+12
2026-09-30T07:04:54.788Z,gpu-3uwoq-6g3ya-2,ib_counter,rdma_vf_rail1,port_xmit_packets,1.03447e+09
2026-09-30T07:04:54.788Z,gpu-3uwoq-6g3ya-2,ib_counter,rdma_vf_rail1,port_rcv_packets,1.66584e+09
2026-09-30T07:04:54.788Z,gpu-3uwoq-6g3ya-2,ib_counter,rdma_vf_rail1,port_xmit_wait,0
2026-09-30T07:04:54.788Z,gpu-3uwoq-6g3ya-2,ib_counter,rdma_vf_rail1,port_rcv_errors,0
2026-09-30T07:04:54.788Z,gpu-3uwoq-6g3ya-2,ib_counter,rdma_vf_rail1,port_xmit_discards,0
2026-09-30T07:04:54.788Z,gpu-3uwoq-6g3ya-2,ib_counter,rdma_vf_rail1,link_downed,0
2026-09-30T07:04:54.788Z,gpu-3uwoq-6g3ya-2,ib_hw_counter,rdma_vf_rail1,out_of_sequence,8
2026-09-30T07:04:54.788Z,gpu-3uwoq-6g3ya-2,ib_hw_counter,rdma_vf_rail1,packet_seq_err,0
2026-09-30T07:04:54.788Z,gpu-3uwoq-6g3ya-2,ib_hw_counter,rdma_vf_rail1,local_ack_timeout_err,0
2026-09-30T07:04:54.788Z,gpu-3uwoq-6g3ya-2,ib_hw_counter,rdma_vf_rail1,rx_write_requests,7.11571e+08
2026-09-30T07:04:54.788Z,gpu-3uwoq-6g3ya-2,ib_hw_counter,rdma_vf_rail1,rx_read_requests,1.26179e+07
2026-09-30T07:04:54.788Z,gpu-3uwoq-6g3ya-2,ib_hw_counter,rdma_vf_rail1,req_cqe_error,0
2026-09-30T07:04:54.788Z,gpu-3uwoq-6g3ya-2,ib_hw_counter,rdma_vf_rail1,resp_cqe_error,0
2026-09-30T07:04:54.788Z,gpu-3uwoq-6g3ya-2,ib_hw_counter,rdma_vf_rail1,implied_nak_seq_err,0
2026-09-30T07:04:54.788Z,gpu-3uwoq-6g3ya-2,ib_hw_counter,rdma_vf_rail1,duplicate_request,0
2026-09-30T07:04:54.788Z,gpu-3uwoq-6g3ya-2,ib_counter,rdma_vf_rail2,port_xmit_data,3.01273e+12
2026-09-30T07:04:54.788Z,gpu-3uwoq-6g3ya-2,ib_counter,rdma_vf_rail2,port_rcv_data,5.97221e+12
2026-09-30T07:04:54.788Z,gpu-3uwoq-6g3ya-2,ib_counter,rdma_vf_rail2,port_xmit_packets,1.01679e+09
2026-09-30T07:04:54.788Z,gpu-3uwoq-6g3ya-2,ib_counter,rdma_vf_rail2,port_rcv_packets,1.64191e+09
2026-09-30T07:04:54.788Z,gpu-3uwoq-6g3ya-2,ib_counter,rdma_vf_rail2,port_xmit_wait,0
2026-09-30T07:04:54.788Z,gpu-3uwoq-6g3ya-2,ib_counter,rdma_vf_rail2,port_rcv_errors,0
2026-09-30T07:04:54.788Z,gpu-3uwoq-6g3ya-2,ib_counter,rdma_vf_rail2,port_xmit_discards,0
2026-09-30T07:04:54.788Z,gpu-3uwoq-6g3ya-2,ib_counter,rdma_vf_rail2,link_downed,0
2026-09-30T07:04:54.788Z,gpu-3uwoq-6g3ya-2,ib_hw_counter,rdma_vf_rail2,out_of_sequence,8
2026-09-30T07:04:54.788Z,gpu-3uwoq-6g3ya-2,ib_hw_counter,rdma_vf_rail2,packet_seq_err,0
2026-09-30T07:04:54.788Z,gpu-3uwoq-6g3ya-2,ib_hw_counter,rdma_vf_rail2,local_ack_timeout_err,0
2026-09-30T07:04:54.788Z,gpu-3uwoq-6g3ya-2,ib_hw_counter,rdma_vf_rail2,rx_write_requests,7.11138e+08
2026-09-30T07:04:54.788Z,gpu-3uwoq-6g3ya-2,ib_hw_counter,rdma_vf_rail2,rx_read_requests,1.241e+07
2026-09-30T07:04:54.788Z,gpu-3uwoq-6g3ya-2,ib_hw_counter,rdma_vf_rail2,req_cqe_error,0
2026-09-30T07:04:54.788Z,gpu-3uwoq-6g3ya-2,ib_hw_counter,rdma_vf_rail2,resp_cqe_error,0
2026-09-30T07:04:54.788Z,gpu-3uwoq-6g3ya-2,ib_hw_counter,rdma_vf_rail2,implied_nak_seq_err,0
2026-09-30T07:04:54.788Z,gpu-3uwoq-6g3ya-2,ib_hw_counter,rdma_vf_rail2,duplicate_request,0
2026-09-30T07:04:54.788Z,gpu-3uwoq-6g3ya-2,ib_counter,rdma_vf_rail3,port_xmit_data,3.01259e+12
2026-09-30T07:04:54.788Z,gpu-3uwoq-6g3ya-2,ib_counter,rdma_vf_rail3,port_rcv_data,5.97281e+12
2026-09-30T07:04:54.788Z,gpu-3uwoq-6g3ya-2,ib_counter,rdma_vf_rail3,port_xmit_packets,1.01513e+09
2026-09-30T07:04:54.788Z,gpu-3uwoq-6g3ya-2,ib_counter,rdma_vf_rail3,port_rcv_packets,1.6493e+09
2026-09-30T07:04:54.788Z,gpu-3uwoq-6g3ya-2,ib_counter,rdma_vf_rail3,port_xmit_wait,0
2026-09-30T07:04:54.788Z,gpu-3uwoq-6g3ya-2,ib_counter,rdma_vf_rail3,port_rcv_errors,0
2026-09-30T07:04:54.788Z,gpu-3uwoq-6g3ya-2,ib_counter,rdma_vf_rail3,port_xmit_discards,0
2026-09-30T07:04:54.788Z,gpu-3uwoq-6g3ya-2,ib_counter,rdma_vf_rail3,link_downed,0
2026-09-30T07:04:54.788Z,gpu-3uwoq-6g3ya-2,ib_hw_counter,rdma_vf_rail3,out_of_sequence,7
2026-09-30T07:04:54.788Z,gpu-3uwoq-6g3ya-2,ib_hw_counter,rdma_vf_rail3,packet_seq_err,1
2026-09-30T07:04:54.788Z,gpu-3uwoq-6g3ya-2,ib_hw_counter,rdma_vf_rail3,local_ack_timeout_err,0
2026-09-30T07:04:54.788Z,gpu-3uwoq-6g3ya-2,ib_hw_counter,rdma_vf_rail3,rx_write_requests,7.11138e+08
2026-09-30T07:04:54.788Z,gpu-3uwoq-6g3ya-2,ib_hw_counter,rdma_vf_rail3,rx_read_requests,1.241e+07
2026-09-30T07:04:54.788Z,gpu-3uwoq-6g3ya-2,ib_hw_counter,rdma_vf_rail3,req_cqe_error,0
2026-09-30T07:04:54.788Z,gpu-3uwoq-6g3ya-2,ib_hw_counter,rdma_vf_rail3,resp_cqe_error,0
2026-09-30T07:04:54.788Z,gpu-3uwoq-6g3ya-2,ib_hw_counter,rdma_vf_rail3,implied_nak_seq_err,0
2026-09-30T07:04:54.788Z,gpu-3uwoq-6g3ya-2,ib_hw_counter,rdma_vf_rail3,duplicate_request,0
2026-09-30T07:04:54.788Z,gpu-3uwoq-6g3ya-2,dcgm,gpu2,gpu_util,1
2026-09-30T07:04:54.788Z,gpu-3uwoq-6g3ya-2,dcgm,gpu3,gpu_util,10
2026-09-30T07:04:54.788Z,gpu-3uwoq-6g3ya-2,dcgm,gpu1,gpu_util,65
2026-09-30T07:04:54.788Z,gpu-3uwoq-6g3ya-2,dcgm,gpu0,gpu_util,0
2026-09-30T07:04:54.788Z,gpu-3uwoq-6g3ya-2,dcgm,gpu2,nvlink_bandwidth_total,0
2026-09-30T07:04:54.788Z,gpu-3uwoq-6g3ya-2,dcgm,gpu3,nvlink_bandwidth_total,0
2026-09-30T07:04:54.788Z,gpu-3uwoq-6g3ya-2,dcgm,gpu1,nvlink_bandwidth_total,0
2026-09-30T07:04:54.788Z,gpu-3uwoq-6g3ya-2,dcgm,gpu0,nvlink_bandwidth_total,0
2026-09-30T07:04:54.788Z,gpu-3uwoq-6g3ya-2,dcgm,gpu2,power_w,230.637
2026-09-30T07:04:54.788Z,gpu-3uwoq-6g3ya-2,dcgm,gpu3,power_w,234.497
2026-09-30T07:04:54.788Z,gpu-3uwoq-6g3ya-2,dcgm,gpu1,power_w,230.104
2026-09-30T07:04:54.788Z,gpu-3uwoq-6g3ya-2,dcgm,gpu0,power_w,226.738
2026-09-30T07:04:54.788Z,gpu-3uwoq-6g3ya-2,dcgm,gpu2,sm_clock_mhz,2070
2026-09-30T07:04:54.788Z,gpu-3uwoq-6g3ya-2,dcgm,gpu3,sm_clock_mhz,2070
2026-09-30T07:04:54.788Z,gpu-3uwoq-6g3ya-2,dcgm,gpu1,sm_clock_mhz,2070
2026-09-30T07:04:54.788Z,gpu-3uwoq-6g3ya-2,dcgm,gpu0,sm_clock_mhz,2070
2026-09-30T07:04:54.788Z,gpu-3uwoq-6g3ya-2,dcgm,gpu2,dram_active,3e-06
2026-09-30T07:04:54.788Z,gpu-3uwoq-6g3ya-2,dcgm,gpu3,dram_active,3e-06
2026-09-30T07:04:54.788Z,gpu-3uwoq-6g3ya-2,dcgm,gpu1,dram_active,3e-06
2026-09-30T07:04:54.788Z,gpu-3uwoq-6g3ya-2,dcgm,gpu0,dram_active,3e-06
2026-09-30T07:04:54.788Z,gpu-3uwoq-6g3ya-2,dcgm,gpu2,pcie_rx_bytes,211291
2026-09-30T07:04:54.788Z,gpu-3uwoq-6g3ya-2,dcgm,gpu3,pcie_rx_bytes,210950
2026-09-30T07:04:54.788Z,gpu-3uwoq-6g3ya-2,dcgm,gpu1,pcie_rx_bytes,260229
2026-09-30T07:04:54.788Z,gpu-3uwoq-6g3ya-2,dcgm,gpu0,pcie_rx_bytes,256070
2026-09-30T07:04:54.788Z,gpu-3uwoq-6g3ya-2,dcgm,gpu2,pcie_tx_bytes,189559
2026-09-30T07:04:54.788Z,gpu-3uwoq-6g3ya-2,dcgm,gpu3,pcie_tx_bytes,188626
2026-09-30T07:04:54.788Z,gpu-3uwoq-6g3ya-2,dcgm,gpu1,pcie_tx_bytes,239125
2026-09-30T07:04:54.788Z,gpu-3uwoq-6g3ya-2,dcgm,gpu0,pcie_tx_bytes,234496
2026-09-30T07:04:54.788Z,gpu-3uwoq-6g3ya-2,dcgm,gpu2,tensor_active,0
2026-09-30T07:04:54.788Z,gpu-3uwoq-6g3ya-2,dcgm,gpu3,tensor_active,0
2026-09-30T07:04:54.788Z,gpu-3uwoq-6g3ya-2,dcgm,gpu1,tensor_active,0
2026-09-30T07:04:54.788Z,gpu-3uwoq-6g3ya-2,dcgm,gpu0,tensor_active,0
2026-09-30T07:04:54.788Z,gpu-3uwoq-6g3ya-2,dcgm,gpu2,sm_active,0
2026-09-30T07:04:54.788Z,gpu-3uwoq-6g3ya-2,dcgm,gpu3,sm_active,0
2026-09-30T07:04:54.788Z,gpu-3uwoq-6g3ya-2,dcgm,gpu1,sm_active,0
2026-09-30T07:04:54.788Z,gpu-3uwoq-6g3ya-2,dcgm,gpu0,sm_active,0
2026-09-30T07:04:54.788Z,gpu-3uwoq-6g3ya-2,nvlink,gpu0,nvlink_rx_bytes,4.80963e+13
2026-09-30T07:04:54.788Z,gpu-3uwoq-6g3ya-2,nvlink,gpu0,nvlink_tx_bytes,4.80995e+13
2026-09-30T07:04:54.788Z,gpu-3uwoq-6g3ya-2,nvlink,gpu1,nvlink_rx_bytes,4.82499e+13
2026-09-30T07:04:54.788Z,gpu-3uwoq-6g3ya-2,nvlink,gpu1,nvlink_tx_bytes,4.8252e+13
2026-09-30T07:04:54.788Z,gpu-3uwoq-6g3ya-2,nvlink,gpu2,nvlink_rx_bytes,4.80847e+13
2026-09-30T07:04:54.788Z,gpu-3uwoq-6g3ya-2,nvlink,gpu2,nvlink_tx_bytes,4.80882e+13
2026-09-30T07:04:54.788Z,gpu-3uwoq-6g3ya-2,nvlink,gpu3,nvlink_rx_bytes,4.80322e+13
2026-09-30T07:04:54.788Z,gpu-3uwoq-6g3ya-2,nvlink,gpu3,nvlink_tx_bytes,4.80353e+13
2026-09-30T07:04:55.788Z,gpu-3uwoq-6g3ya-2,ib_counter,rdma_vf_rail0,port_xmit_data,3.1485e+12
2026-09-30T07:04:55.788Z,gpu-3uwoq-6g3ya-2,ib_counter,rdma_vf_rail0,port_rcv_data,6.10858e+12
2026-09-30T07:04:55.788Z,gpu-3uwoq-6g3ya-2,ib_counter,rdma_vf_rail0,port_xmit_packets,1.06717e+09
2026-09-30T07:04:55.788Z,gpu-3uwoq-6g3ya-2,ib_counter,rdma_vf_rail0,port_rcv_packets,1.69835e+09
2026-09-30T07:04:55.788Z,gpu-3uwoq-6g3ya-2,ib_counter,rdma_vf_rail0,port_xmit_wait,0
2026-09-30T07:04:55.788Z,gpu-3uwoq-6g3ya-2,ib_counter,rdma_vf_rail0,port_rcv_errors,0
2026-09-30T07:04:55.788Z,gpu-3uwoq-6g3ya-2,ib_counter,rdma_vf_rail0,port_xmit_discards,0
2026-09-30T07:04:55.788Z,gpu-3uwoq-6g3ya-2,ib_counter,rdma_vf_rail0,link_downed,0
2026-09-30T07:04:55.788Z,gpu-3uwoq-6g3ya-2,ib_hw_counter,rdma_vf_rail0,out_of_sequence,8
2026-09-30T07:04:55.788Z,gpu-3uwoq-6g3ya-2,ib_hw_counter,rdma_vf_rail0,packet_seq_err,0
2026-09-30T07:04:55.788Z,gpu-3uwoq-6g3ya-2,ib_hw_counter,rdma_vf_rail0,local_ack_timeout_err,0
2026-09-30T07:04:55.788Z,gpu-3uwoq-6g3ya-2,ib_hw_counter,rdma_vf_rail0,rx_write_requests,7.13164e+08
2026-09-30T07:04:55.788Z,gpu-3uwoq-6g3ya-2,ib_hw_counter,rdma_vf_rail0,rx_read_requests,1.34187e+07
2026-09-30T07:04:55.788Z,gpu-3uwoq-6g3ya-2,ib_hw_counter,rdma_vf_rail0,req_cqe_error,0
2026-09-30T07:04:55.788Z,gpu-3uwoq-6g3ya-2,ib_hw_counter,rdma_vf_rail0,resp_cqe_error,0
2026-09-30T07:04:55.788Z,gpu-3uwoq-6g3ya-2,ib_hw_counter,rdma_vf_rail0,implied_nak_seq_err,0
2026-09-30T07:04:55.788Z,gpu-3uwoq-6g3ya-2,ib_hw_counter,rdma_vf_rail0,duplicate_request,0
2026-09-30T07:04:55.788Z,gpu-3uwoq-6g3ya-2,ib_counter,rdma_vf_rail1,port_xmit_data,3.0403e+12
2026-09-30T07:04:55.788Z,gpu-3uwoq-6g3ya-2,ib_counter,rdma_vf_rail1,port_rcv_data,6.00047e+12
2026-09-30T07:04:55.788Z,gpu-3uwoq-6g3ya-2,ib_counter,rdma_vf_rail1,port_xmit_packets,1.03447e+09
2026-09-30T07:04:55.788Z,gpu-3uwoq-6g3ya-2,ib_counter,rdma_vf_rail1,port_rcv_packets,1.66584e+09
2026-09-30T07:04:55.788Z,gpu-3uwoq-6g3ya-2,ib_counter,rdma_vf_rail1,port_xmit_wait,0
2026-09-30T07:04:55.788Z,gpu-3uwoq-6g3ya-2,ib_counter,rdma_vf_rail1,port_rcv_errors,0
2026-09-30T07:04:55.788Z,gpu-3uwoq-6g3ya-2,ib_counter,rdma_vf_rail1,port_xmit_discards,0
2026-09-30T07:04:55.788Z,gpu-3uwoq-6g3ya-2,ib_counter,rdma_vf_rail1,link_downed,0
2026-09-30T07:04:55.788Z,gpu-3uwoq-6g3ya-2,ib_hw_counter,rdma_vf_rail1,out_of_sequence,8
2026-09-30T07:04:55.788Z,gpu-3uwoq-6g3ya-2,ib_hw_counter,rdma_vf_rail1,packet_seq_err,0
2026-09-30T07:04:55.788Z,gpu-3uwoq-6g3ya-2,ib_hw_counter,rdma_vf_rail1,local_ack_timeout_err,0
2026-09-30T07:04:55.788Z,gpu-3uwoq-6g3ya-2,ib_hw_counter,rdma_vf_rail1,rx_write_requests,7.11571e+08
2026-09-30T07:04:55.788Z,gpu-3uwoq-6g3ya-2,ib_hw_counter,rdma_vf_rail1,rx_read_requests,1.26179e+07
2026-09-30T07:04:55.788Z,gpu-3uwoq-6g3ya-2,ib_hw_counter,rdma_vf_rail1,req_cqe_error,0
2026-09-30T07:04:55.788Z,gpu-3uwoq-6g3ya-2,ib_hw_counter,rdma_vf_rail1,resp_cqe_error,0
2026-09-30T07:04:55.788Z,gpu-3uwoq-6g3ya-2,ib_hw_counter,rdma_vf_rail1,implied_nak_seq_err,0
2026-09-30T07:04:55.788Z,gpu-3uwoq-6g3ya-2,ib_hw_counter,rdma_vf_rail1,duplicate_request,0
2026-09-30T07:04:55.788Z,gpu-3uwoq-6g3ya-2,ib_counter,rdma_vf_rail2,port_xmit_data,3.01273e+12
2026-09-30T07:04:55.788Z,gpu-3uwoq-6g3ya-2,ib_counter,rdma_vf_rail2,port_rcv_data,5.97221e+12
2026-09-30T07:04:55.788Z,gpu-3uwoq-6g3ya-2,ib_counter,rdma_vf_rail2,port_xmit_packets,1.01679e+09
2026-09-30T07:04:55.788Z,gpu-3uwoq-6g3ya-2,ib_counter,rdma_vf_rail2,port_rcv_packets,1.64191e+09
2026-09-30T07:04:55.788Z,gpu-3uwoq-6g3ya-2,ib_counter,rdma_vf_rail2,port_xmit_wait,0
2026-09-30T07:04:55.788Z,gpu-3uwoq-6g3ya-2,ib_counter,rdma_vf_rail2,port_rcv_errors,0
2026-09-30T07:04:55.788Z,gpu-3uwoq-6g3ya-2,ib_counter,rdma_vf_rail2,port_xmit_discards,0
2026-09-30T07:04:55.788Z,gpu-3uwoq-6g3ya-2,ib_counter,rdma_vf_rail2,link_downed,0
2026-09-30T07:04:55.788Z,gpu-3uwoq-6g3ya-2,ib_hw_counter,rdma_vf_rail2,out_of_sequence,8
2026-09-30T07:04:55.788Z,gpu-3uwoq-6g3ya-2,ib_hw_counter,rdma_vf_rail2,packet_seq_err,0
2026-09-30T07:04:55.788Z,gpu-3uwoq-6g3ya-2,ib_hw_counter,rdma_vf_rail2,local_ack_timeout_err,0
2026-09-30T07:04:55.788Z,gpu-3uwoq-6g3ya-2,ib_hw_counter,rdma_vf_rail2,rx_write_requests,7.11138e+08
2026-09-30T07:04:55.788Z,gpu-3uwoq-6g3ya-2,ib_hw_counter,rdma_vf_rail2,rx_read_requests,1.241e+07
2026-09-30T07:04:55.788Z,gpu-3uwoq-6g3ya-2,ib_hw_counter,rdma_vf_rail2,req_cqe_error,0
2026-09-30T07:04:55.788Z,gpu-3uwoq-6g3ya-2,ib_hw_counter,rdma_vf_rail2,resp_cqe_error,0
2026-09-30T07:04:55.788Z,gpu-3uwoq-6g3ya-2,ib_hw_counter,rdma_vf_rail2,implied_nak_seq_err,0
2026-09-30T07:04:55.788Z,gpu-3uwoq-6g3ya-2,ib_hw_counter,rdma_vf_rail2,duplicate_request,0
2026-09-30T07:04:55.788Z,gpu-3uwoq-6g3ya-2,ib_counter,rdma_vf_rail3,port_xmit_data,3.01259e+12
2026-09-30T07:04:55.788Z,gpu-3uwoq-6g3ya-2,ib_counter,rdma_vf_rail3,port_rcv_data,5.97281e+12
2026-09-30T07:04:55.788Z,gpu-3uwoq-6g3ya-2,ib_counter,rdma_vf_rail3,port_xmit_packets,1.01513e+09
2026-09-30T07:04:55.788Z,gpu-3uwoq-6g3ya-2,ib_counter,rdma_vf_rail3,port_rcv_packets,1.6493e+09
2026-09-30T07:04:55.788Z,gpu-3uwoq-6g3ya-2,ib_counter,rdma_vf_rail3,port_xmit_wait,0
2026-09-30T07:04:55.788Z,gpu-3uwoq-6g3ya-2,ib_counter,rdma_vf_rail3,port_rcv_errors,0
2026-09-30T07:04:55.788Z,gpu-3uwoq-6g3ya-2,ib_counter,rdma_vf_rail3,port_xmit_discards,0
2026-09-30T07:04:55.788Z,gpu-3uwoq-6g3ya-2,ib_counter,rdma_vf_rail3,link_downed,0
2026-09-30T07:04:55.788Z,gpu-3uwoq-6g3ya-2,ib_hw_counter,rdma_vf_rail3,out_of_sequence,7
2026-09-30T07:04:55.788Z,gpu-3uwoq-6g3ya-2,ib_hw_counter,rdma_vf_rail3,packet_seq_err,1
2026-09-30T07:04:55.788Z,gpu-3uwoq-6g3ya-2,ib_hw_counter,rdma_vf_rail3,local_ack_timeout_err,0
2026-09-30T07:04:55.788Z,gpu-3uwoq-6g3ya-2,ib_hw_counter,rdma_vf_rail3,rx_write_requests,7.11138e+08
2026-09-30T07:04:55.788Z,gpu-3uwoq-6g3ya-2,ib_hw_counter,rdma_vf_rail3,rx_read_requests,1.241e+07
2026-09-30T07:04:55.788Z,gpu-3uwoq-6g3ya-2,ib_hw_counter,rdma_vf_rail3,req_cqe_error,0
2026-09-30T07:04:55.788Z,gpu-3uwoq-6g3ya-2,ib_hw_counter,rdma_vf_rail3,resp_cqe_error,0
2026-09-30T07:04:55.788Z,gpu-3uwoq-6g3ya-2,ib_hw_counter,rdma_vf_rail3,implied_nak_seq_err,0
2026-09-30T07:04:55.788Z,gpu-3uwoq-6g3ya-2,ib_hw_counter,rdma_vf_rail3,duplicate_request,0
2026-09-30T07:04:55.788Z,gpu-3uwoq-6g3ya-2,dcgm,gpu2,gpu_util,1
2026-09-30T07:04:55.788Z,gpu-3uwoq-6g3ya-2,dcgm,gpu3,gpu_util,10
2026-09-30T07:04:55.788Z,gpu-3uwoq-6g3ya-2,dcgm,gpu1,gpu_util,65
2026-09-30T07:04:55.788Z,gpu-3uwoq-6g3ya-2,dcgm,gpu0,gpu_util,0
2026-09-30T07:04:55.788Z,gpu-3uwoq-6g3ya-2,dcgm,gpu2,nvlink_bandwidth_total,0
2026-09-30T07:04:55.788Z,gpu-3uwoq-6g3ya-2,dcgm,gpu3,nvlink_bandwidth_total,0
2026-09-30T07:04:55.788Z,gpu-3uwoq-6g3ya-2,dcgm,gpu1,nvlink_bandwidth_total,0
2026-09-30T07:04:55.788Z,gpu-3uwoq-6g3ya-2,dcgm,gpu0,nvlink_bandwidth_total,0
2026-09-30T07:04:55.788Z,gpu-3uwoq-6g3ya-2,dcgm,gpu2,power_w,230.637
2026-09-30T07:04:55.788Z,gpu-3uwoq-6g3ya-2,dcgm,gpu3,power_w,234.497
2026-09-30T07:04:55.788Z,gpu-3uwoq-6g3ya-2,dcgm,gpu1,power_w,230.104
2026-09-30T07:04:55.788Z,gpu-3uwoq-6g3ya-2,dcgm,gpu0,power_w,226.738
2026-09-30T07:04:55.788Z,gpu-3uwoq-6g3ya-2,dcgm,gpu2,sm_clock_mhz,2070
2026-09-30T07:04:55.788Z,gpu-3uwoq-6g3ya-2,dcgm,gpu3,sm_clock_mhz,2070
2026-09-30T07:04:55.788Z,gpu-3uwoq-6g3ya-2,dcgm,gpu1,sm_clock_mhz,2070
2026-09-30T07:04:55.788Z,gpu-3uwoq-6g3ya-2,dcgm,gpu0,sm_clock_mhz,2070
2026-09-30T07:04:55.788Z,gpu-3uwoq-6g3ya-2,dcgm,gpu2,dram_active,3e-06
2026-09-30T07:04:55.788Z,gpu-3uwoq-6g3ya-2,dcgm,gpu3,dram_active,3e-06
2026-09-30T07:04:55.788Z,gpu-3uwoq-6g3ya-2,dcgm,gpu1,dram_active,3e-06
2026-09-30T07:04:55.788Z,gpu-3uwoq-6g3ya-2,dcgm,gpu0,dram_active,3e-06
2026-09-30T07:04:55.788Z,gpu-3uwoq-6g3ya-2,dcgm,gpu2,pcie_rx_bytes,211291
2026-09-30T07:04:55.788Z,gpu-3uwoq-6g3ya-2,dcgm,gpu3,pcie_rx_bytes,210950
2026-09-30T07:04:55.788Z,gpu-3uwoq-6g3ya-2,dcgm,gpu1,pcie_rx_bytes,260229
2026-09-30T07:04:55.788Z,gpu-3uwoq-6g3ya-2,dcgm,gpu0,pcie_rx_bytes,256070
2026-09-30T07:04:55.788Z,gpu-3uwoq-6g3ya-2,dcgm,gpu2,pcie_tx_bytes,189559
2026-09-30T07:04:55.788Z,gpu-3uwoq-6g3ya-2,dcgm,gpu3,pcie_tx_bytes,188626
2026-09-30T07:04:55.788Z,gpu-3uwoq-6g3ya-2,dcgm,gpu1,pcie_tx_bytes,239125
2026-09-30T07:04:55.788Z,gpu-3uwoq-6g3ya-2,dcgm,gpu0,pcie_tx_bytes,234496
2026-09-30T07:04:55.788Z,gpu-3uwoq-6g3ya-2,dcgm,gpu2,tensor_active,0
2026-09-30T07:04:55.788Z,gpu-3uwoq-6g3ya-2,dcgm,gpu3,tensor_active,0
2026-09-30T07:04:55.788Z,gpu-3uwoq-6g3ya-2,dcgm,gpu1,tensor_active,0
2026-09-30T07:04:55.788Z,gpu-3uwoq-6g3ya-2,dcgm,gpu0,tensor_active,0
2026-09-30T07:04:55.788Z,gpu-3uwoq-6g3ya-2,dcgm,gpu2,sm_active,0
2026-09-30T07:04:55.788Z,gpu-3uwoq-6g3ya-2,dcgm,gpu3,sm_active,0
2026-09-30T07:04:55.788Z,gpu-3uwoq-6g3ya-2,dcgm,gpu1,sm_active,0
2026-09-30T07:04:55.788Z,gpu-3uwoq-6g3ya-2,dcgm,gpu0,sm_active,0
2026-09-30T07:04:55.788Z,gpu-3uwoq-6g3ya-2,nvlink,gpu0,nvlink_rx_bytes,4.80963e+13
2026-09-30T07:04:55.788Z,gpu-3uwoq-6g3ya-2,nvlink,gpu0,nvlink_tx_bytes,4.80995e+13
2026-09-30T07:04:55.788Z,gpu-3uwoq-6g3ya-2,nvlink,gpu1,nvlink_rx_bytes,4.82499e+13
2026-09-30T07:04:55.788Z,gpu-3uwoq-6g3ya-2,nvlink,gpu1,nvlink_tx_bytes,4.8252e+13
2026-09-30T07:04:55.788Z,gpu-3uwoq-6g3ya-2,nvlink,gpu2,nvlink_rx_bytes,4.80847e+13
2026-09-30T07:04:55.788Z,gpu-3uwoq-6g3ya-2,nvlink,gpu2,nvlink_tx_bytes,4.80882e+13
2026-09-30T07:04:55.788Z,gpu-3uwoq-6g3ya-2,nvlink,gpu3,nvlink_rx_bytes,4.80322e+13
2026-09-30T07:04:55.788Z,gpu-3uwoq-6g3ya-2,nvlink,gpu3,nvlink_tx_bytes,4.80353e+13
2026-09-30T07:04:56.788Z,gpu-3uwoq-6g3ya-2,ib_counter,rdma_vf_rail0,port_xmit_data,3.1485e+12
2026-09-30T07:04:56.788Z,gpu-3uwoq-6g3ya-2,ib_counter,rdma_vf_rail0,port_rcv_data,6.10858e+12
2026-09-30T07:04:56.788Z,gpu-3uwoq-6g3ya-2,ib_counter,rdma_vf_rail0,port_xmit_packets,1.06717e+09
2026-09-30T07:04:56.788Z,gpu-3uwoq-6g3ya-2,ib_counter,rdma_vf_rail0,port_rcv_packets,1.69835e+09
2026-09-30T07:04:56.788Z,gpu-3uwoq-6g3ya-2,ib_counter,rdma_vf_rail0,port_xmit_wait,0
2026-09-30T07:04:56.788Z,gpu-3uwoq-6g3ya-2,ib_counter,rdma_vf_rail0,port_rcv_errors,0
2026-09-30T07:04:56.788Z,gpu-3uwoq-6g3ya-2,ib_counter,rdma_vf_rail0,port_xmit_discards,0
2026-09-30T07:04:56.788Z,gpu-3uwoq-6g3ya-2,ib_counter,rdma_vf_rail0,link_downed,0
2026-09-30T07:04:56.788Z,gpu-3uwoq-6g3ya-2,ib_hw_counter,rdma_vf_rail0,out_of_sequence,8
2026-09-30T07:04:56.788Z,gpu-3uwoq-6g3ya-2,ib_hw_counter,rdma_vf_rail0,packet_seq_err,0
2026-09-30T07:04:56.788Z,gpu-3uwoq-6g3ya-2,ib_hw_counter,rdma_vf_rail0,local_ack_timeout_err,0
2026-09-30T07:04:56.788Z,gpu-3uwoq-6g3ya-2,ib_hw_counter,rdma_vf_rail0,rx_write_requests,7.13164e+08
2026-09-30T07:04:56.788Z,gpu-3uwoq-6g3ya-2,ib_hw_counter,rdma_vf_rail0,rx_read_requests,1.34187e+07
2026-09-30T07:04:56.788Z,gpu-3uwoq-6g3ya-2,ib_hw_counter,rdma_vf_rail0,req_cqe_error,0
2026-09-30T07:04:56.788Z,gpu-3uwoq-6g3ya-2,ib_hw_counter,rdma_vf_rail0,resp_cqe_error,0
2026-09-30T07:04:56.788Z,gpu-3uwoq-6g3ya-2,ib_hw_counter,rdma_vf_rail0,implied_nak_seq_err,0
2026-09-30T07:04:56.788Z,gpu-3uwoq-6g3ya-2,ib_hw_counter,rdma_vf_rail0,duplicate_request,0
2026-09-30T07:04:56.788Z,gpu-3uwoq-6g3ya-2,ib_counter,rdma_vf_rail1,port_xmit_data,3.0403e+12
2026-09-30T07:04:56.788Z,gpu-3uwoq-6g3ya-2,ib_counter,rdma_vf_rail1,port_rcv_data,6.00047e+12
2026-09-30T07:04:56.788Z,gpu-3uwoq-6g3ya-2,ib_counter,rdma_vf_rail1,port_xmit_packets,1.03447e+09
2026-09-30T07:04:56.788Z,gpu-3uwoq-6g3ya-2,ib_counter,rdma_vf_rail1,port_rcv_packets,1.66584e+09
2026-09-30T07:04:56.788Z,gpu-3uwoq-6g3ya-2,ib_counter,rdma_vf_rail1,port_xmit_wait,0
2026-09-30T07:04:56.788Z,gpu-3uwoq-6g3ya-2,ib_counter,rdma_vf_rail1,port_rcv_errors,0
2026-09-30T07:04:56.788Z,gpu-3uwoq-6g3ya-2,ib_counter,rdma_vf_rail1,port_xmit_discards,0
2026-09-30T07:04:56.788Z,gpu-3uwoq-6g3ya-2,ib_counter,rdma_vf_rail1,link_downed,0
2026-09-30T07:04:56.788Z,gpu-3uwoq-6g3ya-2,ib_hw_counter,rdma_vf_rail1,out_of_sequence,8
2026-09-30T07:04:56.788Z,gpu-3uwoq-6g3ya-2,ib_hw_counter,rdma_vf_rail1,packet_seq_err,0
2026-09-30T07:04:56.788Z,gpu-3uwoq-6g3ya-2,ib_hw_counter,rdma_vf_rail1,local_ack_timeout_err,0
2026-09-30T07:04:56.788Z,gpu-3uwoq-6g3ya-2,ib_hw_counter,rdma_vf_rail1,rx_write_requests,7.11571e+08
2026-09-30T07:04:56.788Z,gpu-3uwoq-6g3ya-2,ib_hw_counter,rdma_vf_rail1,rx_read_requests,1.26179e+07
2026-09-30T07:04:56.788Z,gpu-3uwoq-6g3ya-2,ib_hw_counter,rdma_vf_rail1,req_cqe_error,0
2026-09-30T07:04:56.788Z,gpu-3uwoq-6g3ya-2,ib_hw_counter,rdma_vf_rail1,resp_cqe_error,0
2026-09-30T07:04:56.788Z,gpu-3uwoq-6g3ya-2,ib_hw_counter,rdma_vf_rail1,implied_nak_seq_err,0
2026-09-30T07:04:56.788Z,gpu-3uwoq-6g3ya-2,ib_hw_counter,rdma_vf_rail1,duplicate_request,0
2026-09-30T07:04:56.788Z,gpu-3uwoq-6g3ya-2,ib_counter,rdma_vf_rail2,port_xmit_data,3.01273e+12
2026-09-30T07:04:56.788Z,gpu-3uwoq-6g3ya-2,ib_counter,rdma_vf_rail2,port_rcv_data,5.97221e+12
2026-09-30T07:04:56.788Z,gpu-3uwoq-6g3ya-2,ib_counter,rdma_vf_rail2,port_xmit_packets,1.01679e+09
2026-09-30T07:04:56.788Z,gpu-3uwoq-6g3ya-2,ib_counter,rdma_vf_rail2,port_rcv_packets,1.64191e+09
2026-09-30T07:04:56.788Z,gpu-3uwoq-6g3ya-2,ib_counter,rdma_vf_rail2,port_xmit_wait,0
2026-09-30T07:04:56.788Z,gpu-3uwoq-6g3ya-2,ib_counter,rdma_vf_rail2,port_rcv_errors,0
2026-09-30T07:04:56.788Z,gpu-3uwoq-6g3ya-2,ib_counter,rdma_vf_rail2,port_xmit_discards,0
2026-09-30T07:04:56.788Z,gpu-3uwoq-6g3ya-2,ib_counter,rdma_vf_rail2,link_downed,0
2026-09-30T07:04:56.788Z,gpu-3uwoq-6g3ya-2,ib_hw_counter,rdma_vf_rail2,out_of_sequence,8
2026-09-30T07:04:56.788Z,gpu-3uwoq-6g3ya-2,ib_hw_counter,rdma_vf_rail2,packet_seq_err,0
2026-09-30T07:04:56.788Z,gpu-3uwoq-6g3ya-2,ib_hw_counter,rdma_vf_rail2,local_ack_timeout_err,0
2026-09-30T07:04:56.788Z,gpu-3uwoq-6g3ya-2,ib_hw_counter,rdma_vf_rail2,rx_write_requests,7.11138e+08
2026-09-30T07:04:56.788Z,gpu-3uwoq-6g3ya-2,ib_hw_counter,rdma_vf_rail2,rx_read_requests,1.241e+07
2026-09-30T07:04:56.788Z,gpu-3uwoq-6g3ya-2,ib_hw_counter,rdma_vf_rail2,req_cqe_error,0
2026-09-30T07:04:56.788Z,gpu-3uwoq-6g3ya-2,ib_hw_counter,rdma_vf_rail2,resp_cqe_error,0
2026-09-30T07:04:56.788Z,gpu-3uwoq-6g3ya-2,ib_hw_counter,rdma_vf_rail2,implied_nak_seq_err,0
2026-09-30T07:04:56.788Z,gpu-3uwoq-6g3ya-2,ib_hw_counter,rdma_vf_rail2,duplicate_request,0
2026-09-30T07:04:56.788Z,gpu-3uwoq-6g3ya-2,ib_counter,rdma_vf_rail3,port_xmit_data,3.01259e+12
2026-09-30T07:04:56.788Z,gpu-3uwoq-6g3ya-2,ib_counter,rdma_vf_rail3,port_rcv_data,5.97281e+12
2026-09-30T07:04:56.788Z,gpu-3uwoq-6g3ya-2,ib_counter,rdma_vf_rail3,port_xmit_packets,1.01513e+09
2026-09-30T07:04:56.788Z,gpu-3uwoq-6g3ya-2,ib_counter,rdma_vf_rail3,port_rcv_packets,1.6493e+09
2026-09-30T07:04:56.788Z,gpu-3uwoq-6g3ya-2,ib_counter,rdma_vf_rail3,port_xmit_wait,0
2026-09-30T07:04:56.788Z,gpu-3uwoq-6g3ya-2,ib_counter,rdma_vf_rail3,port_rcv_errors,0
2026-09-30T07:04:56.788Z,gpu-3uwoq-6g3ya-2,ib_counter,rdma_vf_rail3,port_xmit_discards,0
2026-09-30T07:04:56.788Z,gpu-3uwoq-6g3ya-2,ib_counter,rdma_vf_rail3,link_downed,0
2026-09-30T07:04:56.788Z,gpu-3uwoq-6g3ya-2,ib_hw_counter,rdma_vf_rail3,out_of_sequence,7
2026-09-30T07:04:56.788Z,gpu-3uwoq-6g3ya-2,ib_hw_counter,rdma_vf_rail3,packet_seq_err,1
2026-09-30T07:04:56.788Z,gpu-3uwoq-6g3ya-2,ib_hw_counter,rdma_vf_rail3,local_ack_timeout_err,0
2026-09-30T07:04:56.788Z,gpu-3uwoq-6g3ya-2,ib_hw_counter,rdma_vf_rail3,rx_write_requests,7.11138e+08
2026-09-30T07:04:56.788Z,gpu-3uwoq-6g3ya-2,ib_hw_counter,rdma_vf_rail3,rx_read_requests,1.241e+07
2026-09-30T07:04:56.788Z,gpu-3uwoq-6g3ya-2,ib_hw_counter,rdma_vf_rail3,req_cqe_error,0
2026-09-30T07:04:56.788Z,gpu-3uwoq-6g3ya-2,ib_hw_counter,rdma_vf_rail3,resp_cqe_error,0
2026-09-30T07:04:56.788Z,gpu-3uwoq-6g3ya-2,ib_hw_counter,rdma_vf_rail3,implied_nak_seq_err,0
2026-09-30T07:04:56.788Z,gpu-3uwoq-6g3ya-2,ib_hw_counter,rdma_vf_rail3,duplicate_request,0
2026-09-30T07:04:56.788Z,gpu-3uwoq-6g3ya-2,dcgm,gpu2,gpu_util,1
2026-09-30T07:04:56.788Z,gpu-3uwoq-6g3ya-2,dcgm,gpu3,gpu_util,10
2026-09-30T07:04:56.788Z,gpu-3uwoq-6g3ya-2,dcgm,gpu1,gpu_util,65
2026-09-30T07:04:56.788Z,gpu-3uwoq-6g3ya-2,dcgm,gpu0,gpu_util,0
2026-09-30T07:04:56.788Z,gpu-3uwoq-6g3ya-2,dcgm,gpu2,nvlink_bandwidth_total,0
2026-09-30T07:04:56.788Z,gpu-3uwoq-6g3ya-2,dcgm,gpu3,nvlink_bandwidth_total,0
2026-09-30T07:04:56.788Z,gpu-3uwoq-6g3ya-2,dcgm,gpu1,nvlink_bandwidth_total,0
2026-09-30T07:04:56.788Z,gpu-3uwoq-6g3ya-2,dcgm,gpu0,nvlink_bandwidth_total,0
2026-09-30T07:04:56.788Z,gpu-3uwoq-6g3ya-2,dcgm,gpu2,power_w,230.637
2026-09-30T07:04:56.788Z,gpu-3uwoq-6g3ya-2,dcgm,gpu3,power_w,234.497
2026-09-30T07:04:56.788Z,gpu-3uwoq-6g3ya-2,dcgm,gpu1,power_w,230.104
2026-09-30T07:04:56.788Z,gpu-3uwoq-6g3ya-2,dcgm,gpu0,power_w,226.738
2026-09-30T07:04:56.788Z,gpu-3uwoq-6g3ya-2,dcgm,gpu2,sm_clock_mhz,2070
2026-09-30T07:04:56.788Z,gpu-3uwoq-6g3ya-2,dcgm,gpu3,sm_clock_mhz,2070
2026-09-30T07:04:56.788Z,gpu-3uwoq-6g3ya-2,dcgm,gpu1,sm_clock_mhz,2070
2026-09-30T07:04:56.788Z,gpu-3uwoq-6g3ya-2,dcgm,gpu0,sm_clock_mhz,2070
2026-09-30T07:04:56.788Z,gpu-3uwoq-6g3ya-2,dcgm,gpu2,dram_active,3e-06
2026-09-30T07:04:56.788Z,gpu-3uwoq-6g3ya-2,dcgm,gpu3,dram_active,3e-06
2026-09-30T07:04:56.788Z,gpu-3uwoq-6g3ya-2,dcgm,gpu1,dram_active,3e-06
2026-09-30T07:04:56.788Z,gpu-3uwoq-6g3ya-2,dcgm,gpu0,dram_active,3e-06
2026-09-30T07:04:56.788Z,gpu-3uwoq-6g3ya-2,dcgm,gpu2,pcie_rx_bytes,211291
2026-09-30T07:04:56.788Z,gpu-3uwoq-6g3ya-2,dcgm,gpu3,pcie_rx_bytes,210950
2026-09-30T07:04:56.788Z,gpu-3uwoq-6g3ya-2,dcgm,gpu1,pcie_rx_bytes,260229
2026-09-30T07:04:56.788Z,gpu-3uwoq-6g3ya-2,dcgm,gpu0,pcie_rx_bytes,256070
2026-09-30T07:04:56.788Z,gpu-3uwoq-6g3ya-2,dcgm,gpu2,pcie_tx_bytes,189559
2026-09-30T07:04:56.788Z,gpu-3uwoq-6g3ya-2,dcgm,gpu3,pcie_tx_bytes,188626
2026-09-30T07:04:56.788Z,gpu-3uwoq-6g3ya-2,dcgm,gpu1,pcie_tx_bytes,239125
2026-09-30T07:04:56.788Z,gpu-3uwoq-6g3ya-2,dcgm,gpu0,pcie_tx_bytes,234496
2026-09-30T07:04:56.788Z,gpu-3uwoq-6g3ya-2,dcgm,gpu2,tensor_active,0
2026-09-30T07:04:56.788Z,gpu-3uwoq-6g3ya-2,dcgm,gpu3,tensor_active,0
2026-09-30T07:04:56.788Z,gpu-3uwoq-6g3ya-2,dcgm,gpu1,tensor_active,0
2026-09-30T07:04:56.788Z,gpu-3uwoq-6g3ya-2,dcgm,gpu0,tensor_active,0
2026-09-30T07:04:56.788Z,gpu-3uwoq-6g3ya-2,dcgm,gpu2,sm_active,0
2026-09-30T07:04:56.788Z,gpu-3uwoq-6g3ya-2,dcgm,gpu3,sm_active,0
2026-09-30T07:04:56.788Z,gpu-3uwoq-6g3ya-2,dcgm,gpu1,sm_active,0
2026-09-30T07:04:56.788Z,gpu-3uwoq-6g3ya-2,dcgm,gpu0,sm_active,0
2026-09-30T07:04:56.788Z,gpu-3uwoq-6g3ya-2,nvlink,gpu0,nvlink_rx_bytes,4.80963e+13
2026-09-30T07:04:56.788Z,gpu-3uwoq-6g3ya-2,nvlink,gpu0,nvlink_tx_bytes,4.80995e+13
2026-09-30T07:04:56.788Z,gpu-3uwoq-6g3ya-2,nvlink,gpu1,nvlink_rx_bytes,4.82499e+13
2026-09-30T07:04:56.788Z,gpu-3uwoq-6g3ya-2,nvlink,gpu1,nvlink_tx_bytes,4.8252e+13
2026-09-30T07:04:56.788Z,gpu-3uwoq-6g3ya-2,nvlink,gpu2,nvlink_rx_bytes,4.80847e+13
2026-09-30T07:04:56.788Z,gpu-3uwoq-6g3ya-2,nvlink,gpu2,nvlink_tx_bytes,4.80882e+13
2026-09-30T07:04:56.788Z,gpu-3uwoq-6g3ya-2,nvlink,gpu3,nvlink_rx_bytes,4.80322e+13
2026-09-30T07:04:56.788Z,gpu-3uwoq-6g3ya-2,nvlink,gpu3,nvlink_tx_bytes,4.80353e+13
2026-09-30T07:04:57.788Z,gpu-3uwoq-6g3ya-2,ib_counter,rdma_vf_rail0,port_xmit_data,3.1485e+12
2026-09-30T07:04:57.788Z,gpu-3uwoq-6g3ya-2,ib_counter,rdma_vf_rail0,port_rcv_data,6.10858e+12
2026-09-30T07:04:57.788Z,gpu-3uwoq-6g3ya-2,ib_counter,rdma_vf_rail0,port_xmit_packets,1.06717e+09
2026-09-30T07:04:57.788Z,gpu-3uwoq-6g3ya-2,ib_counter,rdma_vf_rail0,port_rcv_packets,1.69835e+09
2026-09-30T07:04:57.788Z,gpu-3uwoq-6g3ya-2,ib_counter,rdma_vf_rail0,port_xmit_wait,0
2026-09-30T07:04:57.788Z,gpu-3uwoq-6g3ya-2,ib_counter,rdma_vf_rail0,port_rcv_errors,0
2026-09-30T07:04:57.788Z,gpu-3uwoq-6g3ya-2,ib_counter,rdma_vf_rail0,port_xmit_discards,0
2026-09-30T07:04:57.788Z,gpu-3uwoq-6g3ya-2,ib_counter,rdma_vf_rail0,link_downed,0
2026-09-30T07:04:57.788Z,gpu-3uwoq-6g3ya-2,ib_hw_counter,rdma_vf_rail0,out_of_sequence,8
2026-09-30T07:04:57.788Z,gpu-3uwoq-6g3ya-2,ib_hw_counter,rdma_vf_rail0,packet_seq_err,0
2026-09-30T07:04:57.788Z,gpu-3uwoq-6g3ya-2,ib_hw_counter,rdma_vf_rail0,local_ack_timeout_err,0
2026-09-30T07:04:57.788Z,gpu-3uwoq-6g3ya-2,ib_hw_counter,rdma_vf_rail0,rx_write_requests,7.13164e+08
2026-09-30T07:04:57.788Z,gpu-3uwoq-6g3ya-2,ib_hw_counter,rdma_vf_rail0,rx_read_requests,1.34187e+07
2026-09-30T07:04:57.788Z,gpu-3uwoq-6g3ya-2,ib_hw_counter,rdma_vf_rail0,req_cqe_error,0
2026-09-30T07:04:57.788Z,gpu-3uwoq-6g3ya-2,ib_hw_counter,rdma_vf_rail0,resp_cqe_error,0
2026-09-30T07:04:57.788Z,gpu-3uwoq-6g3ya-2,ib_hw_counter,rdma_vf_rail0,implied_nak_seq_err,0
2026-09-30T07:04:57.788Z,gpu-3uwoq-6g3ya-2,ib_hw_counter,rdma_vf_rail0,duplicate_request,0
2026-09-30T07:04:57.788Z,gpu-3uwoq-6g3ya-2,ib_counter,rdma_vf_rail1,port_xmit_data,3.0403e+12
2026-09-30T07:04:57.788Z,gpu-3uwoq-6g3ya-2,ib_counter,rdma_vf_rail1,port_rcv_data,6.00047e+12
2026-09-30T07:04:57.788Z,gpu-3uwoq-6g3ya-2,ib_counter,rdma_vf_rail1,port_xmit_packets,1.03447e+09
2026-09-30T07:04:57.788Z,gpu-3uwoq-6g3ya-2,ib_counter,rdma_vf_rail1,port_rcv_packets,1.66584e+09
2026-09-30T07:04:57.788Z,gpu-3uwoq-6g3ya-2,ib_counter,rdma_vf_rail1,port_xmit_wait,0
2026-09-30T07:04:57.788Z,gpu-3uwoq-6g3ya-2,ib_counter,rdma_vf_rail1,port_rcv_errors,0
2026-09-30T07:04:57.788Z,gpu-3uwoq-6g3ya-2,ib_counter,rdma_vf_rail1,port_xmit_discards,0
2026-09-30T07:04:57.788Z,gpu-3uwoq-6g3ya-2,ib_counter,rdma_vf_rail1,link_downed,0
2026-09-30T07:04:57.788Z,gpu-3uwoq-6g3ya-2,ib_hw_counter,rdma_vf_rail1,out_of_sequence,8
2026-09-30T07:04:57.788Z,gpu-3uwoq-6g3ya-2,ib_hw_counter,rdma_vf_rail1,packet_seq_err,0
2026-09-30T07:04:57.788Z,gpu-3uwoq-6g3ya-2,ib_hw_counter,rdma_vf_rail1,local_ack_timeout_err,0
2026-09-30T07:04:57.788Z,gpu-3uwoq-6g3ya-2,ib_hw_counter,rdma_vf_rail1,rx_write_requests,7.11571e+08
2026-09-30T07:04:57.788Z,gpu-3uwoq-6g3ya-2,ib_hw_counter,rdma_vf_rail1,rx_read_requests,1.26179e+07
2026-09-30T07:04:57.788Z,gpu-3uwoq-6g3ya-2,ib_hw_counter,rdma_vf_rail1,req_cqe_error,0
2026-09-30T07:04:57.788Z,gpu-3uwoq-6g3ya-2,ib_hw_counter,rdma_vf_rail1,resp_cqe_error,0
2026-09-30T07:04:57.788Z,gpu-3uwoq-6g3ya-2,ib_hw_counter,rdma_vf_rail1,implied_nak_seq_err,0
2026-09-30T07:04:57.788Z,gpu-3uwoq-6g3ya-2,ib_hw_counter,rdma_vf_rail1,duplicate_request,0
2026-09-30T07:04:57.788Z,gpu-3uwoq-6g3ya-2,ib_counter,rdma_vf_rail2,port_xmit_data,3.01273e+12
2026-09-30T07:04:57.788Z,gpu-3uwoq-6g3ya-2,ib_counter,rdma_vf_rail2,port_rcv_data,5.97221e+12
2026-09-30T07:04:57.788Z,gpu-3uwoq-6g3ya-2,ib_counter,rdma_vf_rail2,port_xmit_packets,1.01679e+09
2026-09-30T07:04:57.788Z,gpu-3uwoq-6g3ya-2,ib_counter,rdma_vf_rail2,port_rcv_packets,1.64191e+09
2026-09-30T07:04:57.788Z,gpu-3uwoq-6g3ya-2,ib_counter,rdma_vf_rail2,port_xmit_wait,0
2026-09-30T07:04:57.788Z,gpu-3uwoq-6g3ya-2,ib_counter,rdma_vf_rail2,port_rcv_errors,0
2026-09-30T07:04:57.788Z,gpu-3uwoq-6g3ya-2,ib_counter,rdma_vf_rail2,port_xmit_discards,0
2026-09-30T07:04:57.788Z,gpu-3uwoq-6g3ya-2,ib_counter,rdma_vf_rail2,link_downed,0
2026-09-30T07:04:57.788Z,gpu-3uwoq-6g3ya-2,ib_hw_counter,rdma_vf_rail2,out_of_sequence,8
2026-09-30T07:04:57.788Z,gpu-3uwoq-6g3ya-2,ib_hw_counter,rdma_vf_rail2,packet_seq_err,0
2026-09-30T07:04:57.788Z,gpu-3uwoq-6g3ya-2,ib_hw_counter,rdma_vf_rail2,local_ack_timeout_err,0
2026-09-30T07:04:57.788Z,gpu-3uwoq-6g3ya-2,ib_hw_counter,rdma_vf_rail2,rx_write_requests,7.11138e+08
2026-09-30T07:04:57.788Z,gpu-3uwoq-6g3ya-2,ib_hw_counter,rdma_vf_rail2,rx_read_requests,1.241e+07
2026-09-30T07:04:57.788Z,gpu-3uwoq-6g3ya-2,ib_hw_counter,rdma_vf_rail2,req_cqe_error,0
2026-09-30T07:04:57.788Z,gpu-3uwoq-6g3ya-2,ib_hw_counter,rdma_vf_rail2,resp_cqe_error,0
2026-09-30T07:04:57.788Z,gpu-3uwoq-6g3ya-2,ib_hw_counter,rdma_vf_rail2,implied_nak_seq_err,0
2026-09-30T07:04:57.788Z,gpu-3uwoq-6g3ya-2,ib_hw_counter,rdma_vf_rail2,duplicate_request,0
2026-09-30T07:04:57.788Z,gpu-3uwoq-6g3ya-2,ib_counter,rdma_vf_rail3,port_xmit_data,3.01259e+12
2026-09-30T07:04:57.788Z,gpu-3uwoq-6g3ya-2,ib_counter,rdma_vf_rail3,port_rcv_data,5.97281e+12
2026-09-30T07:04:57.788Z,gpu-3uwoq-6g3ya-2,ib_counter,rdma_vf_rail3,port_xmit_packets,1.01513e+09
2026-09-30T07:04:57.788Z,gpu-3uwoq-6g3ya-2,ib_counter,rdma_vf_rail3,port_rcv_packets,1.6493e+09
2026-09-30T07:04:57.788Z,gpu-3uwoq-6g3ya-2,ib_counter,rdma_vf_rail3,port_xmit_wait,0
2026-09-30T07:04:57.788Z,gpu-3uwoq-6g3ya-2,ib_counter,rdma_vf_rail3,port_rcv_errors,0
2026-09-30T07:04:57.788Z,gpu-3uwoq-6g3ya-2,ib_counter,rdma_vf_rail3,port_xmit_discards,0
2026-09-30T07:04:57.788Z,gpu-3uwoq-6g3ya-2,ib_counter,rdma_vf_rail3,link_downed,0
2026-09-30T07:04:57.788Z,gpu-3uwoq-6g3ya-2,ib_hw_counter,rdma_vf_rail3,out_of_sequence,7
2026-09-30T07:04:57.788Z,gpu-3uwoq-6g3ya-2,ib_hw_counter,rdma_vf_rail3,packet_seq_err,1
2026-09-30T07:04:57.788Z,gpu-3uwoq-6g3ya-2,ib_hw_counter,rdma_vf_rail3,local_ack_timeout_err,0
2026-09-30T07:04:57.788Z,gpu-3uwoq-6g3ya-2,ib_hw_counter,rdma_vf_rail3,rx_write_requests,7.11138e+08
2026-09-30T07:04:57.788Z,gpu-3uwoq-6g3ya-2,ib_hw_counter,rdma_vf_rail3,rx_read_requests,1.241e+07
2026-09-30T07:04:57.788Z,gpu-3uwoq-6g3ya-2,ib_hw_counter,rdma_vf_rail3,req_cqe_error,0
2026-09-30T07:04:57.788Z,gpu-3uwoq-6g3ya-2,ib_hw_counter,rdma_vf_rail3,resp_cqe_error,0
2026-09-30T07:04:57.788Z,gpu-3uwoq-6g3ya-2,ib_hw_counter,rdma_vf_rail3,implied_nak_seq_err,0
2026-09-30T07:04:57.788Z,gpu-3uwoq-6g3ya-2,ib_hw_counter,rdma_vf_rail3,duplicate_request,0
2026-09-30T07:04:57.788Z,gpu-3uwoq-6g3ya-2,dcgm,gpu2,gpu_util,1
2026-09-30T07:04:57.788Z,gpu-3uwoq-6g3ya-2,dcgm,gpu3,gpu_util,10
2026-09-30T07:04:57.788Z,gpu-3uwoq-6g3ya-2,dcgm,gpu1,gpu_util,65
2026-09-30T07:04:57.788Z,gpu-3uwoq-6g3ya-2,dcgm,gpu0,gpu_util,0
2026-09-30T07:04:57.788Z,gpu-3uwoq-6g3ya-2,dcgm,gpu2,nvlink_bandwidth_total,0
2026-09-30T07:04:57.788Z,gpu-3uwoq-6g3ya-2,dcgm,gpu3,nvlink_bandwidth_total,0
2026-09-30T07:04:57.788Z,gpu-3uwoq-6g3ya-2,dcgm,gpu1,nvlink_bandwidth_total,0
2026-09-30T07:04:57.788Z,gpu-3uwoq-6g3ya-2,dcgm,gpu0,nvlink_bandwidth_total,0
2026-09-30T07:04:57.788Z,gpu-3uwoq-6g3ya-2,dcgm,gpu2,power_w,230.637
2026-09-30T07:04:57.788Z,gpu-3uwoq-6g3ya-2,dcgm,gpu3,power_w,234.497
2026-09-30T07:04:57.788Z,gpu-3uwoq-6g3ya-2,dcgm,gpu1,power_w,230.104
2026-09-30T07:04:57.788Z,gpu-3uwoq-6g3ya-2,dcgm,gpu0,power_w,226.738
2026-09-30T07:04:57.788Z,gpu-3uwoq-6g3ya-2,dcgm,gpu2,sm_clock_mhz,2070
2026-09-30T07:04:57.788Z,gpu-3uwoq-6g3ya-2,dcgm,gpu3,sm_clock_mhz,2070
2026-09-30T07:04:57.788Z,gpu-3uwoq-6g3ya-2,dcgm,gpu1,sm_clock_mhz,2070
2026-09-30T07:04:57.788Z,gpu-3uwoq-6g3ya-2,dcgm,gpu0,sm_clock_mhz,2070
2026-09-30T07:04:57.788Z,gpu-3uwoq-6g3ya-2,dcgm,gpu2,dram_active,3e-06
2026-09-30T07:04:57.788Z,gpu-3uwoq-6g3ya-2,dcgm,gpu3,dram_active,3e-06
2026-09-30T07:04:57.788Z,gpu-3uwoq-6g3ya-2,dcgm,gpu1,dram_active,3e-06
2026-09-30T07:04:57.788Z,gpu-3uwoq-6g3ya-2,dcgm,gpu0,dram_active,3e-06
2026-09-30T07:04:57.788Z,gpu-3uwoq-6g3ya-2,dcgm,gpu2,pcie_rx_bytes,211291
2026-09-30T07:04:57.788Z,gpu-3uwoq-6g3ya-2,dcgm,gpu3,pcie_rx_bytes,210950
2026-09-30T07:04:57.788Z,gpu-3uwoq-6g3ya-2,dcgm,gpu1,pcie_rx_bytes,260229
2026-09-30T07:04:57.788Z,gpu-3uwoq-6g3ya-2,dcgm,gpu0,pcie_rx_bytes,256070
2026-09-30T07:04:57.788Z,gpu-3uwoq-6g3ya-2,dcgm,gpu2,pcie_tx_bytes,189559
2026-09-30T07:04:57.788Z,gpu-3uwoq-6g3ya-2,dcgm,gpu3,pcie_tx_bytes,188626
2026-09-30T07:04:57.788Z,gpu-3uwoq-6g3ya-2,dcgm,gpu1,pcie_tx_bytes,239125
2026-09-30T07:04:57.788Z,gpu-3uwoq-6g3ya-2,dcgm,gpu0,pcie_tx_bytes,234496
2026-09-30T07:04:57.788Z,gpu-3uwoq-6g3ya-2,dcgm,gpu2,tensor_active,0
2026-09-30T07:04:57.788Z,gpu-3uwoq-6g3ya-2,dcgm,gpu3,tensor_active,0
2026-09-30T07:04:57.788Z,gpu-3uwoq-6g3ya-2,dcgm,gpu1,tensor_active,0
2026-09-30T07:04:57.788Z,gpu-3uwoq-6g3ya-2,dcgm,gpu0,tensor_active,0
2026-09-30T07:04:57.788Z,gpu-3uwoq-6g3ya-2,dcgm,gpu2,sm_active,0
2026-09-30T07:04:57.788Z,gpu-3uwoq-6g3ya-2,dcgm,gpu3,sm_active,0
2026-09-30T07:04:57.788Z,gpu-3uwoq-6g3ya-2,dcgm,gpu1,sm_active,0
2026-09-30T07:04:57.788Z,gpu-3uwoq-6g3ya-2,dcgm,gpu0,sm_active,0
2026-09-30T07:04:57.788Z,gpu-3uwoq-6g3ya-2,nvlink,gpu0,nvlink_rx_bytes,4.80963e+13
2026-09-30T07:04:57.788Z,gpu-3uwoq-6g3ya-2,nvlink,gpu0,nvlink_tx_bytes,4.80995e+13
2026-09-30T07:04:57.788Z,gpu-3uwoq-6g3ya-2,nvlink,gpu1,nvlink_rx_bytes,4.82499e+13
2026-09-30T07:04:57.788Z,gpu-3uwoq-6g3ya-2,nvlink,gpu1,nvlink_tx_bytes,4.8252e+13
2026-09-30T07:04:57.788Z,gpu-3uwoq-6g3ya-2,nvlink,gpu2,nvlink_rx_bytes,4.80847e+13
2026-09-30T07:04:57.788Z,gpu-3uwoq-6g3ya-2,nvlink,gpu2,nvlink_tx_bytes,4.80882e+13
2026-09-30T07:04:57.788Z,gpu-3uwoq-6g3ya-2,nvlink,gpu3,nvlink_rx_bytes,4.80322e+13
2026-09-30T07:04:57.788Z,gpu-3uwoq-6g3ya-2,nvlink,gpu3,nvlink_tx_bytes,4.80353e+13
2026-09-30T07:04:58.788Z,gpu-3uwoq-6g3ya-2,ib_counter,rdma_vf_rail0,port_xmit_data,3.1485e+12
2026-09-30T07:04:58.788Z,gpu-3uwoq-6g3ya-2,ib_counter,rdma_vf_rail0,port_rcv_data,6.10858e+12
2026-09-30T07:04:58.788Z,gpu-3uwoq-6g3ya-2,ib_counter,rdma_vf_rail0,port_xmit_packets,1.06717e+09
2026-09-30T07:04:58.788Z,gpu-3uwoq-6g3ya-2,ib_counter,rdma_vf_rail0,port_rcv_packets,1.69835e+09
2026-09-30T07:04:58.788Z,gpu-3uwoq-6g3ya-2,ib_counter,rdma_vf_rail0,port_xmit_wait,0
2026-09-30T07:04:58.788Z,gpu-3uwoq-6g3ya-2,ib_counter,rdma_vf_rail0,port_rcv_errors,0
2026-09-30T07:04:58.788Z,gpu-3uwoq-6g3ya-2,ib_counter,rdma_vf_rail0,port_xmit_discards,0
2026-09-30T07:04:58.788Z,gpu-3uwoq-6g3ya-2,ib_counter,rdma_vf_rail0,link_downed,0
2026-09-30T07:04:58.788Z,gpu-3uwoq-6g3ya-2,ib_hw_counter,rdma_vf_rail0,out_of_sequence,8
2026-09-30T07:04:58.788Z,gpu-3uwoq-6g3ya-2,ib_hw_counter,rdma_vf_rail0,packet_seq_err,0
2026-09-30T07:04:58.788Z,gpu-3uwoq-6g3ya-2,ib_hw_counter,rdma_vf_rail0,local_ack_timeout_err,0
2026-09-30T07:04:58.788Z,gpu-3uwoq-6g3ya-2,ib_hw_counter,rdma_vf_rail0,rx_write_requests,7.13164e+08
2026-09-30T07:04:58.788Z,gpu-3uwoq-6g3ya-2,ib_hw_counter,rdma_vf_rail0,rx_read_requests,1.34187e+07
2026-09-30T07:04:58.788Z,gpu-3uwoq-6g3ya-2,ib_hw_counter,rdma_vf_rail0,req_cqe_error,0
2026-09-30T07:04:58.788Z,gpu-3uwoq-6g3ya-2,ib_hw_counter,rdma_vf_rail0,resp_cqe_error,0
2026-09-30T07:04:58.788Z,gpu-3uwoq-6g3ya-2,ib_hw_counter,rdma_vf_rail0,implied_nak_seq_err,0
2026-09-30T07:04:58.788Z,gpu-3uwoq-6g3ya-2,ib_hw_counter,rdma_vf_rail0,duplicate_request,0
2026-09-30T07:04:58.788Z,gpu-3uwoq-6g3ya-2,ib_counter,rdma_vf_rail1,port_xmit_data,3.0403e+12
2026-09-30T07:04:58.788Z,gpu-3uwoq-6g3ya-2,ib_counter,rdma_vf_rail1,port_rcv_data,6.00047e+12
2026-09-30T07:04:58.788Z,gpu-3uwoq-6g3ya-2,ib_counter,rdma_vf_rail1,port_xmit_packets,1.03447e+09
2026-09-30T07:04:58.788Z,gpu-3uwoq-6g3ya-2,ib_counter,rdma_vf_rail1,port_rcv_packets,1.66584e+09
2026-09-30T07:04:58.788Z,gpu-3uwoq-6g3ya-2,ib_counter,rdma_vf_rail1,port_xmit_wait,0
2026-09-30T07:04:58.788Z,gpu-3uwoq-6g3ya-2,ib_counter,rdma_vf_rail1,port_rcv_errors,0
2026-09-30T07:04:58.788Z,gpu-3uwoq-6g3ya-2,ib_counter,rdma_vf_rail1,port_xmit_discards,0
2026-09-30T07:04:58.788Z,gpu-3uwoq-6g3ya-2,ib_counter,rdma_vf_rail1,link_downed,0
2026-09-30T07:04:58.788Z,gpu-3uwoq-6g3ya-2,ib_hw_counter,rdma_vf_rail1,out_of_sequence,8
2026-09-30T07:04:58.788Z,gpu-3uwoq-6g3ya-2,ib_hw_counter,rdma_vf_rail1,packet_seq_err,0
2026-09-30T07:04:58.788Z,gpu-3uwoq-6g3ya-2,ib_hw_counter,rdma_vf_rail1,local_ack_timeout_err,0
2026-09-30T07:04:58.788Z,gpu-3uwoq-6g3ya-2,ib_hw_counter,rdma_vf_rail1,rx_write_requests,7.11571e+08
2026-09-30T07:04:58.788Z,gpu-3uwoq-6g3ya-2,ib_hw_counter,rdma_vf_rail1,rx_read_requests,1.26179e+07
2026-09-30T07:04:58.788Z,gpu-3uwoq-6g3ya-2,ib_hw_counter,rdma_vf_rail1,req_cqe_error,0
2026-09-30T07:04:58.788Z,gpu-3uwoq-6g3ya-2,ib_hw_counter,rdma_vf_rail1,resp_cqe_error,0
2026-09-30T07:04:58.788Z,gpu-3uwoq-6g3ya-2,ib_hw_counter,rdma_vf_rail1,implied_nak_seq_err,0
2026-09-30T07:04:58.788Z,gpu-3uwoq-6g3ya-2,ib_hw_counter,rdma_vf_rail1,duplicate_request,0
2026-09-30T07:04:58.788Z,gpu-3uwoq-6g3ya-2,ib_counter,rdma_vf_rail2,port_xmit_data,3.01273e+12
2026-09-30T07:04:58.788Z,gpu-3uwoq-6g3ya-2,ib_counter,rdma_vf_rail2,port_rcv_data,5.97221e+12
2026-09-30T07:04:58.788Z,gpu-3uwoq-6g3ya-2,ib_counter,rdma_vf_rail2,port_xmit_packets,1.01679e+09
2026-09-30T07:04:58.788Z,gpu-3uwoq-6g3ya-2,ib_counter,rdma_vf_rail2,port_rcv_packets,1.64191e+09
2026-09-30T07:04:58.788Z,gpu-3uwoq-6g3ya-2,ib_counter,rdma_vf_rail2,port_xmit_wait,0
2026-09-30T07:04:58.788Z,gpu-3uwoq-6g3ya-2,ib_counter,rdma_vf_rail2,port_rcv_errors,0
2026-09-30T07:04:58.788Z,gpu-3uwoq-6g3ya-2,ib_counter,rdma_vf_rail2,port_xmit_discards,0
2026-09-30T07:04:58.788Z,gpu-3uwoq-6g3ya-2,ib_counter,rdma_vf_rail2,link_downed,0
2026-09-30T07:04:58.788Z,gpu-3uwoq-6g3ya-2,ib_hw_counter,rdma_vf_rail2,out_of_sequence,8
2026-09-30T07:04:58.788Z,gpu-3uwoq-6g3ya-2,ib_hw_counter,rdma_vf_rail2,packet_seq_err,0
2026-09-30T07:04:58.788Z,gpu-3uwoq-6g3ya-2,ib_hw_counter,rdma_vf_rail2,local_ack_timeout_err,0
2026-09-30T07:04:58.788Z,gpu-3uwoq-6g3ya-2,ib_hw_counter,rdma_vf_rail2,rx_write_requests,7.11138e+08
2026-09-30T07:04:58.788Z,gpu-3uwoq-6g3ya-2,ib_hw_counter,rdma_vf_rail2,rx_read_requests,1.241e+07
2026-09-30T07:04:58.788Z,gpu-3uwoq-6g3ya-2,ib_hw_counter,rdma_vf_rail2,req_cqe_error,0
2026-09-30T07:04:58.788Z,gpu-3uwoq-6g3ya-2,ib_hw_counter,rdma_vf_rail2,resp_cqe_error,0
2026-09-30T07:04:58.788Z,gpu-3uwoq-6g3ya-2,ib_hw_counter,rdma_vf_rail2,implied_nak_seq_err,0
2026-09-30T07:04:58.788Z,gpu-3uwoq-6g3ya-2,ib_hw_counter,rdma_vf_rail2,duplicate_request,0
2026-09-30T07:04:58.788Z,gpu-3uwoq-6g3ya-2,ib_counter,rdma_vf_rail3,port_xmit_data,3.01259e+12
2026-09-30T07:04:58.788Z,gpu-3uwoq-6g3ya-2,ib_counter,rdma_vf_rail3,port_rcv_data,5.97281e+12
2026-09-30T07:04:58.788Z,gpu-3uwoq-6g3ya-2,ib_counter,rdma_vf_rail3,port_xmit_packets,1.01513e+09
2026-09-30T07:04:58.788Z,gpu-3uwoq-6g3ya-2,ib_counter,rdma_vf_rail3,port_rcv_packets,1.6493e+09
2026-09-30T07:04:58.788Z,gpu-3uwoq-6g3ya-2,ib_counter,rdma_vf_rail3,port_xmit_wait,0
2026-09-30T07:04:58.788Z,gpu-3uwoq-6g3ya-2,ib_counter,rdma_vf_rail3,port_rcv_errors,0
2026-09-30T07:04:58.788Z,gpu-3uwoq-6g3ya-2,ib_counter,rdma_vf_rail3,port_xmit_discards,0
2026-09-30T07:04:58.788Z,gpu-3uwoq-6g3ya-2,ib_counter,rdma_vf_rail3,link_downed,0
2026-09-30T07:04:58.788Z,gpu-3uwoq-6g3ya-2,ib_hw_counter,rdma_vf_rail3,out_of_sequence,7
2026-09-30T07:04:58.788Z,gpu-3uwoq-6g3ya-2,ib_hw_counter,rdma_vf_rail3,packet_seq_err,1
2026-09-30T07:04:58.788Z,gpu-3uwoq-6g3ya-2,ib_hw_counter,rdma_vf_rail3,local_ack_timeout_err,0
2026-09-30T07:04:58.788Z,gpu-3uwoq-6g3ya-2,ib_hw_counter,rdma_vf_rail3,rx_write_requests,7.11138e+08
2026-09-30T07:04:58.788Z,gpu-3uwoq-6g3ya-2,ib_hw_counter,rdma_vf_rail3,rx_read_requests,1.241e+07
2026-09-30T07:04:58.788Z,gpu-3uwoq-6g3ya-2,ib_hw_counter,rdma_vf_rail3,req_cqe_error,0
2026-09-30T07:04:58.788Z,gpu-3uwoq-6g3ya-2,ib_hw_counter,rdma_vf_rail3,resp_cqe_error,0
2026-09-30T07:04:58.788Z,gpu-3uwoq-6g3ya-2,ib_hw_counter,rdma_vf_rail3,implied_nak_seq_err,0
2026-09-30T07:04:58.788Z,gpu-3uwoq-6g3ya-2,ib_hw_counter,rdma_vf_rail3,duplicate_request,0
2026-09-30T07:04:58.788Z,gpu-3uwoq-6g3ya-2,dcgm,gpu2,gpu_util,1
2026-09-30T07:04:58.788Z,gpu-3uwoq-6g3ya-2,dcgm,gpu3,gpu_util,10
2026-09-30T07:04:58.788Z,gpu-3uwoq-6g3ya-2,dcgm,gpu1,gpu_util,65
2026-09-30T07:04:58.788Z,gpu-3uwoq-6g3ya-2,dcgm,gpu0,gpu_util,0
2026-09-30T07:04:58.788Z,gpu-3uwoq-6g3ya-2,dcgm,gpu2,nvlink_bandwidth_total,0
2026-09-30T07:04:58.788Z,gpu-3uwoq-6g3ya-2,dcgm,gpu3,nvlink_bandwidth_total,0
2026-09-30T07:04:58.788Z,gpu-3uwoq-6g3ya-2,dcgm,gpu1,nvlink_bandwidth_total,0
2026-09-30T07:04:58.788Z,gpu-3uwoq-6g3ya-2,dcgm,gpu0,nvlink_bandwidth_total,0
2026-09-30T07:04:58.788Z,gpu-3uwoq-6g3ya-2,dcgm,gpu2,power_w,230.637
2026-09-30T07:04:58.788Z,gpu-3uwoq-6g3ya-2,dcgm,gpu3,power_w,234.497
2026-09-30T07:04:58.788Z,gpu-3uwoq-6g3ya-2,dcgm,gpu1,power_w,230.104
2026-09-30T07:04:58.788Z,gpu-3uwoq-6g3ya-2,dcgm,gpu0,power_w,226.738
2026-09-30T07:04:58.788Z,gpu-3uwoq-6g3ya-2,dcgm,gpu2,sm_clock_mhz,2070
2026-09-30T07:04:58.788Z,gpu-3uwoq-6g3ya-2,dcgm,gpu3,sm_clock_mhz,2070
2026-09-30T07:04:58.788Z,gpu-3uwoq-6g3ya-2,dcgm,gpu1,sm_clock_mhz,2070
2026-09-30T07:04:58.788Z,gpu-3uwoq-6g3ya-2,dcgm,gpu0,sm_clock_mhz,2070
2026-09-30T07:04:58.788Z,gpu-3uwoq-6g3ya-2,dcgm,gpu2,dram_active,3e-06
2026-09-30T07:04:58.788Z,gpu-3uwoq-6g3ya-2,dcgm,gpu3,dram_active,3e-06
2026-09-30T07:04:58.788Z,gpu-3uwoq-6g3ya-2,dcgm,gpu1,dram_active,3e-06
2026-09-30T07:04:58.788Z,gpu-3uwoq-6g3ya-2,dcgm,gpu0,dram_active,3e-06
2026-09-30T07:04:58.788Z,gpu-3uwoq-6g3ya-2,dcgm,gpu2,pcie_rx_bytes,211291
2026-09-30T07:04:58.788Z,gpu-3uwoq-6g3ya-2,dcgm,gpu3,pcie_rx_bytes,210950
2026-09-30T07:04:58.788Z,gpu-3uwoq-6g3ya-2,dcgm,gpu1,pcie_rx_bytes,260229
2026-09-30T07:04:58.788Z,gpu-3uwoq-6g3ya-2,dcgm,gpu0,pcie_rx_bytes,256070
2026-09-30T07:04:58.788Z,gpu-3uwoq-6g3ya-2,dcgm,gpu2,pcie_tx_bytes,189559
2026-09-30T07:04:58.788Z,gpu-3uwoq-6g3ya-2,dcgm,gpu3,pcie_tx_bytes,188626
2026-09-30T07:04:58.788Z,gpu-3uwoq-6g3ya-2,dcgm,gpu1,pcie_tx_bytes,239125
2026-09-30T07:04:58.788Z,gpu-3uwoq-6g3ya-2,dcgm,gpu0,pcie_tx_bytes,234496
2026-09-30T07:04:58.788Z,gpu-3uwoq-6g3ya-2,dcgm,gpu2,tensor_active,0
2026-09-30T07:04:58.788Z,gpu-3uwoq-6g3ya-2,dcgm,gpu3,tensor_active,0
2026-09-30T07:04:58.788Z,gpu-3uwoq-6g3ya-2,dcgm,gpu1,tensor_active,0
2026-09-30T07:04:58.788Z,gpu-3uwoq-6g3ya-2,dcgm,gpu0,tensor_active,0
2026-09-30T07:04:58.788Z,gpu-3uwoq-6g3ya-2,dcgm,gpu2,sm_active,0
2026-09-30T07:04:58.788Z,gpu-3uwoq-6g3ya-2,dcgm,gpu3,sm_active,0
2026-09-30T07:04:58.788Z,gpu-3uwoq-6g3ya-2,dcgm,gpu1,sm_active,0
2026-09-30T07:04:58.788Z,gpu-3uwoq-6g3ya-2,dcgm,gpu0,sm_active,0
2026-09-30T07:04:58.788Z,gpu-3uwoq-6g3ya-2,nvlink,gpu0,nvlink_rx_bytes,4.81619e+13
2026-09-30T07:04:58.788Z,gpu-3uwoq-6g3ya-2,nvlink,gpu0,nvlink_tx_bytes,4.81653e+13
2026-09-30T07:04:58.788Z,gpu-3uwoq-6g3ya-2,nvlink,gpu1,nvlink_rx_bytes,4.83156e+13
2026-09-30T07:04:58.788Z,gpu-3uwoq-6g3ya-2,nvlink,gpu1,nvlink_tx_bytes,4.83177e+13
2026-09-30T07:04:58.788Z,gpu-3uwoq-6g3ya-2,nvlink,gpu2,nvlink_rx_bytes,4.81504e+13
2026-09-30T07:04:58.788Z,gpu-3uwoq-6g3ya-2,nvlink,gpu2,nvlink_tx_bytes,4.81539e+13
2026-09-30T07:04:58.788Z,gpu-3uwoq-6g3ya-2,nvlink,gpu3,nvlink_rx_bytes,4.80978e+13
2026-09-30T07:04:58.788Z,gpu-3uwoq-6g3ya-2,nvlink,gpu3,nvlink_tx_bytes,4.8101e+13
2026-09-30T07:04:59.788Z,gpu-3uwoq-6g3ya-2,ib_counter,rdma_vf_rail0,port_xmit_data,3.1485e+12
2026-09-30T07:04:59.788Z,gpu-3uwoq-6g3ya-2,ib_counter,rdma_vf_rail0,port_rcv_data,6.10858e+12
2026-09-30T07:04:59.788Z,gpu-3uwoq-6g3ya-2,ib_counter,rdma_vf_rail0,port_xmit_packets,1.06717e+09
2026-09-30T07:04:59.788Z,gpu-3uwoq-6g3ya-2,ib_counter,rdma_vf_rail0,port_rcv_packets,1.69835e+09
2026-09-30T07:04:59.788Z,gpu-3uwoq-6g3ya-2,ib_counter,rdma_vf_rail0,port_xmit_wait,0
2026-09-30T07:04:59.788Z,gpu-3uwoq-6g3ya-2,ib_counter,rdma_vf_rail0,port_rcv_errors,0
2026-09-30T07:04:59.788Z,gpu-3uwoq-6g3ya-2,ib_counter,rdma_vf_rail0,port_xmit_discards,0
2026-09-30T07:04:59.788Z,gpu-3uwoq-6g3ya-2,ib_counter,rdma_vf_rail0,link_downed,0
2026-09-30T07:04:59.788Z,gpu-3uwoq-6g3ya-2,ib_hw_counter,rdma_vf_rail0,out_of_sequence,8
2026-09-30T07:04:59.788Z,gpu-3uwoq-6g3ya-2,ib_hw_counter,rdma_vf_rail0,packet_seq_err,0
2026-09-30T07:04:59.788Z,gpu-3uwoq-6g3ya-2,ib_hw_counter,rdma_vf_rail0,local_ack_timeout_err,0
2026-09-30T07:04:59.788Z,gpu-3uwoq-6g3ya-2,ib_hw_counter,rdma_vf_rail0,rx_write_requests,7.13164e+08
2026-09-30T07:04:59.788Z,gpu-3uwoq-6g3ya-2,ib_hw_counter,rdma_vf_rail0,rx_read_requests,1.34187e+07
2026-09-30T07:04:59.788Z,gpu-3uwoq-6g3ya-2,ib_hw_counter,rdma_vf_rail0,req_cqe_error,0
2026-09-30T07:04:59.788Z,gpu-3uwoq-6g3ya-2,ib_hw_counter,rdma_vf_rail0,resp_cqe_error,0
2026-09-30T07:04:59.788Z,gpu-3uwoq-6g3ya-2,ib_hw_counter,rdma_vf_rail0,implied_nak_seq_err,0
2026-09-30T07:04:59.788Z,gpu-3uwoq-6g3ya-2,ib_hw_counter,rdma_vf_rail0,duplicate_request,0
2026-09-30T07:04:59.788Z,gpu-3uwoq-6g3ya-2,ib_counter,rdma_vf_rail1,port_xmit_data,3.0403e+12
2026-09-30T07:04:59.788Z,gpu-3uwoq-6g3ya-2,ib_counter,rdma_vf_rail1,port_rcv_data,6.00047e+12
2026-09-30T07:04:59.788Z,gpu-3uwoq-6g3ya-2,ib_counter,rdma_vf_rail1,port_xmit_packets,1.03447e+09
2026-09-30T07:04:59.788Z,gpu-3uwoq-6g3ya-2,ib_counter,rdma_vf_rail1,port_rcv_packets,1.66584e+09
2026-09-30T07:04:59.788Z,gpu-3uwoq-6g3ya-2,ib_counter,rdma_vf_rail1,port_xmit_wait,0
2026-09-30T07:04:59.788Z,gpu-3uwoq-6g3ya-2,ib_counter,rdma_vf_rail1,port_rcv_errors,0
2026-09-30T07:04:59.788Z,gpu-3uwoq-6g3ya-2,ib_counter,rdma_vf_rail1,port_xmit_discards,0
2026-09-30T07:04:59.788Z,gpu-3uwoq-6g3ya-2,ib_counter,rdma_vf_rail1,link_downed,0
2026-09-30T07:04:59.788Z,gpu-3uwoq-6g3ya-2,ib_hw_counter,rdma_vf_rail1,out_of_sequence,8
2026-09-30T07:04:59.788Z,gpu-3uwoq-6g3ya-2,ib_hw_counter,rdma_vf_rail1,packet_seq_err,0
2026-09-30T07:04:59.788Z,gpu-3uwoq-6g3ya-2,ib_hw_counter,rdma_vf_rail1,local_ack_timeout_err,0
2026-09-30T07:04:59.788Z,gpu-3uwoq-6g3ya-2,ib_hw_counter,rdma_vf_rail1,rx_write_requests,7.11571e+08
2026-09-30T07:04:59.788Z,gpu-3uwoq-6g3ya-2,ib_hw_counter,rdma_vf_rail1,rx_read_requests,1.26179e+07
2026-09-30T07:04:59.788Z,gpu-3uwoq-6g3ya-2,ib_hw_counter,rdma_vf_rail1,req_cqe_error,0
2026-09-30T07:04:59.788Z,gpu-3uwoq-6g3ya-2,ib_hw_counter,rdma_vf_rail1,resp_cqe_error,0
2026-09-30T07:04:59.788Z,gpu-3uwoq-6g3ya-2,ib_hw_counter,rdma_vf_rail1,implied_nak_seq_err,0
2026-09-30T07:04:59.788Z,gpu-3uwoq-6g3ya-2,ib_hw_counter,rdma_vf_rail1,duplicate_request,0
2026-09-30T07:04:59.788Z,gpu-3uwoq-6g3ya-2,ib_counter,rdma_vf_rail2,port_xmit_data,3.01273e+12
2026-09-30T07:04:59.788Z,gpu-3uwoq-6g3ya-2,ib_counter,rdma_vf_rail2,port_rcv_data,5.97221e+12
2026-09-30T07:04:59.788Z,gpu-3uwoq-6g3ya-2,ib_counter,rdma_vf_rail2,port_xmit_packets,1.01679e+09
2026-09-30T07:04:59.788Z,gpu-3uwoq-6g3ya-2,ib_counter,rdma_vf_rail2,port_rcv_packets,1.64191e+09
2026-09-30T07:04:59.788Z,gpu-3uwoq-6g3ya-2,ib_counter,rdma_vf_rail2,port_xmit_wait,0
2026-09-30T07:04:59.788Z,gpu-3uwoq-6g3ya-2,ib_counter,rdma_vf_rail2,port_rcv_errors,0
2026-09-30T07:04:59.788Z,gpu-3uwoq-6g3ya-2,ib_counter,rdma_vf_rail2,port_xmit_discards,0
2026-09-30T07:04:59.788Z,gpu-3uwoq-6g3ya-2,ib_counter,rdma_vf_rail2,link_downed,0
2026-09-30T07:04:59.788Z,gpu-3uwoq-6g3ya-2,ib_hw_counter,rdma_vf_rail2,out_of_sequence,8
2026-09-30T07:04:59.788Z,gpu-3uwoq-6g3ya-2,ib_hw_counter,rdma_vf_rail2,packet_seq_err,0
2026-09-30T07:04:59.788Z,gpu-3uwoq-6g3ya-2,ib_hw_counter,rdma_vf_rail2,local_ack_timeout_err,0
2026-09-30T07:04:59.788Z,gpu-3uwoq-6g3ya-2,ib_hw_counter,rdma_vf_rail2,rx_write_requests,7.11138e+08
2026-09-30T07:04:59.788Z,gpu-3uwoq-6g3ya-2,ib_hw_counter,rdma_vf_rail2,rx_read_requests,1.241e+07
2026-09-30T07:04:59.788Z,gpu-3uwoq-6g3ya-2,ib_hw_counter,rdma_vf_rail2,req_cqe_error,0
2026-09-30T07:04:59.788Z,gpu-3uwoq-6g3ya-2,ib_hw_counter,rdma_vf_rail2,resp_cqe_error,0
2026-09-30T07:04:59.788Z,gpu-3uwoq-6g3ya-2,ib_hw_counter,rdma_vf_rail2,implied_nak_seq_err,0
2026-09-30T07:04:59.788Z,gpu-3uwoq-6g3ya-2,ib_hw_counter,rdma_vf_rail2,duplicate_request,0
2026-09-30T07:04:59.788Z,gpu-3uwoq-6g3ya-2,ib_counter,rdma_vf_rail3,port_xmit_data,3.01259e+12
2026-09-30T07:04:59.788Z,gpu-3uwoq-6g3ya-2,ib_counter,rdma_vf_rail3,port_rcv_data,5.97281e+12
2026-09-30T07:04:59.788Z,gpu-3uwoq-6g3ya-2,ib_counter,rdma_vf_rail3,port_xmit_packets,1.01513e+09
2026-09-30T07:04:59.788Z,gpu-3uwoq-6g3ya-2,ib_counter,rdma_vf_rail3,port_rcv_packets,1.6493e+09
2026-09-30T07:04:59.788Z,gpu-3uwoq-6g3ya-2,ib_counter,rdma_vf_rail3,port_xmit_wait,0
2026-09-30T07:04:59.788Z,gpu-3uwoq-6g3ya-2,ib_counter,rdma_vf_rail3,port_rcv_errors,0
2026-09-30T07:04:59.788Z,gpu-3uwoq-6g3ya-2,ib_counter,rdma_vf_rail3,port_xmit_discards,0
2026-09-30T07:04:59.788Z,gpu-3uwoq-6g3ya-2,ib_counter,rdma_vf_rail3,link_downed,0
2026-09-30T07:04:59.788Z,gpu-3uwoq-6g3ya-2,ib_hw_counter,rdma_vf_rail3,out_of_sequence,7
2026-09-30T07:04:59.788Z,gpu-3uwoq-6g3ya-2,ib_hw_counter,rdma_vf_rail3,packet_seq_err,1
2026-09-30T07:04:59.788Z,gpu-3uwoq-6g3ya-2,ib_hw_counter,rdma_vf_rail3,local_ack_timeout_err,0
2026-09-30T07:04:59.788Z,gpu-3uwoq-6g3ya-2,ib_hw_counter,rdma_vf_rail3,rx_write_requests,7.11138e+08
2026-09-30T07:04:59.788Z,gpu-3uwoq-6g3ya-2,ib_hw_counter,rdma_vf_rail3,rx_read_requests,1.241e+07
2026-09-30T07:04:59.788Z,gpu-3uwoq-6g3ya-2,ib_hw_counter,rdma_vf_rail3,req_cqe_error,0
2026-09-30T07:04:59.788Z,gpu-3uwoq-6g3ya-2,ib_hw_counter,rdma_vf_rail3,resp_cqe_error,0
2026-09-30T07:04:59.788Z,gpu-3uwoq-6g3ya-2,ib_hw_counter,rdma_vf_rail3,implied_nak_seq_err,0
2026-09-30T07:04:59.788Z,gpu-3uwoq-6g3ya-2,ib_hw_counter,rdma_vf_rail3,duplicate_request,0
2026-09-30T07:04:59.788Z,gpu-3uwoq-6g3ya-2,dcgm,gpu2,gpu_util,1
2026-09-30T07:04:59.788Z,gpu-3uwoq-6g3ya-2,dcgm,gpu3,gpu_util,10
2026-09-30T07:04:59.788Z,gpu-3uwoq-6g3ya-2,dcgm,gpu1,gpu_util,65
2026-09-30T07:04:59.788Z,gpu-3uwoq-6g3ya-2,dcgm,gpu0,gpu_util,0
2026-09-30T07:04:59.788Z,gpu-3uwoq-6g3ya-2,dcgm,gpu2,nvlink_bandwidth_total,0
2026-09-30T07:04:59.788Z,gpu-3uwoq-6g3ya-2,dcgm,gpu3,nvlink_bandwidth_total,0
2026-09-30T07:04:59.788Z,gpu-3uwoq-6g3ya-2,dcgm,gpu1,nvlink_bandwidth_total,0
2026-09-30T07:04:59.788Z,gpu-3uwoq-6g3ya-2,dcgm,gpu0,nvlink_bandwidth_total,0
2026-09-30T07:04:59.788Z,gpu-3uwoq-6g3ya-2,dcgm,gpu2,power_w,230.637
2026-09-30T07:04:59.788Z,gpu-3uwoq-6g3ya-2,dcgm,gpu3,power_w,234.497
2026-09-30T07:04:59.788Z,gpu-3uwoq-6g3ya-2,dcgm,gpu1,power_w,230.104
2026-09-30T07:04:59.788Z,gpu-3uwoq-6g3ya-2,dcgm,gpu0,power_w,226.738
2026-09-30T07:04:59.788Z,gpu-3uwoq-6g3ya-2,dcgm,gpu2,sm_clock_mhz,2070
2026-09-30T07:04:59.788Z,gpu-3uwoq-6g3ya-2,dcgm,gpu3,sm_clock_mhz,2070
2026-09-30T07:04:59.788Z,gpu-3uwoq-6g3ya-2,dcgm,gpu1,sm_clock_mhz,2070
2026-09-30T07:04:59.788Z,gpu-3uwoq-6g3ya-2,dcgm,gpu0,sm_clock_mhz,2070
2026-09-30T07:04:59.788Z,gpu-3uwoq-6g3ya-2,dcgm,gpu2,dram_active,3e-06
2026-09-30T07:04:59.788Z,gpu-3uwoq-6g3ya-2,dcgm,gpu3,dram_active,3e-06
2026-09-30T07:04:59.788Z,gpu-3uwoq-6g3ya-2,dcgm,gpu1,dram_active,3e-06
2026-09-30T07:04:59.788Z,gpu-3uwoq-6g3ya-2,dcgm,gpu0,dram_active,3e-06
2026-09-30T07:04:59.788Z,gpu-3uwoq-6g3ya-2,dcgm,gpu2,pcie_rx_bytes,211291
2026-09-30T07:04:59.788Z,gpu-3uwoq-6g3ya-2,dcgm,gpu3,pcie_rx_bytes,210950
2026-09-30T07:04:59.788Z,gpu-3uwoq-6g3ya-2,dcgm,gpu1,pcie_rx_bytes,260229
2026-09-30T07:04:59.788Z,gpu-3uwoq-6g3ya-2,dcgm,gpu0,pcie_rx_bytes,256070
2026-09-30T07:04:59.788Z,gpu-3uwoq-6g3ya-2,dcgm,gpu2,pcie_tx_bytes,189559
2026-09-30T07:04:59.788Z,gpu-3uwoq-6g3ya-2,dcgm,gpu3,pcie_tx_bytes,188626
2026-09-30T07:04:59.788Z,gpu-3uwoq-6g3ya-2,dcgm,gpu1,pcie_tx_bytes,239125
2026-09-30T07:04:59.788Z,gpu-3uwoq-6g3ya-2,dcgm,gpu0,pcie_tx_bytes,234496
2026-09-30T07:04:59.788Z,gpu-3uwoq-6g3ya-2,dcgm,gpu2,tensor_active,0
2026-09-30T07:04:59.788Z,gpu-3uwoq-6g3ya-2,dcgm,gpu3,tensor_active,0
2026-09-30T07:04:59.788Z,gpu-3uwoq-6g3ya-2,dcgm,gpu1,tensor_active,0
2026-09-30T07:04:59.788Z,gpu-3uwoq-6g3ya-2,dcgm,gpu0,tensor_active,0
2026-09-30T07:04:59.788Z,gpu-3uwoq-6g3ya-2,dcgm,gpu2,sm_active,0
2026-09-30T07:04:59.788Z,gpu-3uwoq-6g3ya-2,dcgm,gpu3,sm_active,0
2026-09-30T07:04:59.788Z,gpu-3uwoq-6g3ya-2,dcgm,gpu1,sm_active,0
2026-09-30T07:04:59.788Z,gpu-3uwoq-6g3ya-2,dcgm,gpu0,sm_active,0
2026-09-30T07:04:59.788Z,gpu-3uwoq-6g3ya-2,nvlink,gpu0,nvlink_rx_bytes,4.81619e+13
2026-09-30T07:04:59.788Z,gpu-3uwoq-6g3ya-2,nvlink,gpu0,nvlink_tx_bytes,4.81653e+13
2026-09-30T07:04:59.788Z,gpu-3uwoq-6g3ya-2,nvlink,gpu1,nvlink_rx_bytes,4.83156e+13
2026-09-30T07:04:59.788Z,gpu-3uwoq-6g3ya-2,nvlink,gpu1,nvlink_tx_bytes,4.83177e+13
2026-09-30T07:04:59.788Z,gpu-3uwoq-6g3ya-2,nvlink,gpu2,nvlink_rx_bytes,4.81504e+13
2026-09-30T07:04:59.788Z,gpu-3uwoq-6g3ya-2,nvlink,gpu2,nvlink_tx_bytes,4.81539e+13
2026-09-30T07:04:59.788Z,gpu-3uwoq-6g3ya-2,nvlink,gpu3,nvlink_rx_bytes,4.80978e+13
2026-09-30T07:04:59.788Z,gpu-3uwoq-6g3ya-2,nvlink,gpu3,nvlink_tx_bytes,4.8101e+13
2026-09-30T07:05:00.788Z,gpu-3uwoq-6g3ya-2,ib_counter,rdma_vf_rail0,port_xmit_data,3.1485e+12
2026-09-30T07:05:00.788Z,gpu-3uwoq-6g3ya-2,ib_counter,rdma_vf_rail0,port_rcv_data,6.10858e+12
2026-09-30T07:05:00.788Z,gpu-3uwoq-6g3ya-2,ib_counter,rdma_vf_rail0,port_xmit_packets,1.06717e+09
2026-09-30T07:05:00.788Z,gpu-3uwoq-6g3ya-2,ib_counter,rdma_vf_rail0,port_rcv_packets,1.69835e+09
2026-09-30T07:05:00.788Z,gpu-3uwoq-6g3ya-2,ib_counter,rdma_vf_rail0,port_xmit_wait,0
2026-09-30T07:05:00.788Z,gpu-3uwoq-6g3ya-2,ib_counter,rdma_vf_rail0,port_rcv_errors,0
2026-09-30T07:05:00.788Z,gpu-3uwoq-6g3ya-2,ib_counter,rdma_vf_rail0,port_xmit_discards,0
2026-09-30T07:05:00.788Z,gpu-3uwoq-6g3ya-2,ib_counter,rdma_vf_rail0,link_downed,0
2026-09-30T07:05:00.788Z,gpu-3uwoq-6g3ya-2,ib_hw_counter,rdma_vf_rail0,out_of_sequence,8
2026-09-30T07:05:00.788Z,gpu-3uwoq-6g3ya-2,ib_hw_counter,rdma_vf_rail0,packet_seq_err,0
2026-09-30T07:05:00.788Z,gpu-3uwoq-6g3ya-2,ib_hw_counter,rdma_vf_rail0,local_ack_timeout_err,0
2026-09-30T07:05:00.788Z,gpu-3uwoq-6g3ya-2,ib_hw_counter,rdma_vf_rail0,rx_write_requests,7.13164e+08
2026-09-30T07:05:00.788Z,gpu-3uwoq-6g3ya-2,ib_hw_counter,rdma_vf_rail0,rx_read_requests,1.34187e+07
2026-09-30T07:05:00.788Z,gpu-3uwoq-6g3ya-2,ib_hw_counter,rdma_vf_rail0,req_cqe_error,0
2026-09-30T07:05:00.788Z,gpu-3uwoq-6g3ya-2,ib_hw_counter,rdma_vf_rail0,resp_cqe_error,0
2026-09-30T07:05:00.788Z,gpu-3uwoq-6g3ya-2,ib_hw_counter,rdma_vf_rail0,implied_nak_seq_err,0
2026-09-30T07:05:00.788Z,gpu-3uwoq-6g3ya-2,ib_hw_counter,rdma_vf_rail0,duplicate_request,0
2026-09-30T07:05:00.788Z,gpu-3uwoq-6g3ya-2,ib_counter,rdma_vf_rail1,port_xmit_data,3.0403e+12
2026-09-30T07:05:00.788Z,gpu-3uwoq-6g3ya-2,ib_counter,rdma_vf_rail1,port_rcv_data,6.00047e+12
2026-09-30T07:05:00.788Z,gpu-3uwoq-6g3ya-2,ib_counter,rdma_vf_rail1,port_xmit_packets,1.03447e+09
2026-09-30T07:05:00.788Z,gpu-3uwoq-6g3ya-2,ib_counter,rdma_vf_rail1,port_rcv_packets,1.66584e+09
2026-09-30T07:05:00.788Z,gpu-3uwoq-6g3ya-2,ib_counter,rdma_vf_rail1,port_xmit_wait,0
2026-09-30T07:05:00.788Z,gpu-3uwoq-6g3ya-2,ib_counter,rdma_vf_rail1,port_rcv_errors,0
2026-09-30T07:05:00.788Z,gpu-3uwoq-6g3ya-2,ib_counter,rdma_vf_rail1,port_xmit_discards,0
2026-09-30T07:05:00.788Z,gpu-3uwoq-6g3ya-2,ib_counter,rdma_vf_rail1,link_downed,0
2026-09-30T07:05:00.788Z,gpu-3uwoq-6g3ya-2,ib_hw_counter,rdma_vf_rail1,out_of_sequence,8
2026-09-30T07:05:00.788Z,gpu-3uwoq-6g3ya-2,ib_hw_counter,rdma_vf_rail1,packet_seq_err,0
2026-09-30T07:05:00.788Z,gpu-3uwoq-6g3ya-2,ib_hw_counter,rdma_vf_rail1,local_ack_timeout_err,0
2026-09-30T07:05:00.788Z,gpu-3uwoq-6g3ya-2,ib_hw_counter,rdma_vf_rail1,rx_write_requests,7.11571e+08
2026-09-30T07:05:00.788Z,gpu-3uwoq-6g3ya-2,ib_hw_counter,rdma_vf_rail1,rx_read_requests,1.26179e+07
2026-09-30T07:05:00.788Z,gpu-3uwoq-6g3ya-2,ib_hw_counter,rdma_vf_rail1,req_cqe_error,0
2026-09-30T07:05:00.788Z,gpu-3uwoq-6g3ya-2,ib_hw_counter,rdma_vf_rail1,resp_cqe_error,0
2026-09-30T07:05:00.788Z,gpu-3uwoq-6g3ya-2,ib_hw_counter,rdma_vf_rail1,implied_nak_seq_err,0
2026-09-30T07:05:00.788Z,gpu-3uwoq-6g3ya-2,ib_hw_counter,rdma_vf_rail1,duplicate_request,0
2026-09-30T07:05:00.788Z,gpu-3uwoq-6g3ya-2,ib_counter,rdma_vf_rail2,port_xmit_data,3.01273e+12
2026-09-30T07:05:00.788Z,gpu-3uwoq-6g3ya-2,ib_counter,rdma_vf_rail2,port_rcv_data,5.97221e+12
2026-09-30T07:05:00.788Z,gpu-3uwoq-6g3ya-2,ib_counter,rdma_vf_rail2,port_xmit_packets,1.01679e+09
2026-09-30T07:05:00.788Z,gpu-3uwoq-6g3ya-2,ib_counter,rdma_vf_rail2,port_rcv_packets,1.64191e+09
2026-09-30T07:05:00.788Z,gpu-3uwoq-6g3ya-2,ib_counter,rdma_vf_rail2,port_xmit_wait,0
2026-09-30T07:05:00.788Z,gpu-3uwoq-6g3ya-2,ib_counter,rdma_vf_rail2,port_rcv_errors,0
2026-09-30T07:05:00.788Z,gpu-3uwoq-6g3ya-2,ib_counter,rdma_vf_rail2,port_xmit_discards,0
2026-09-30T07:05:00.788Z,gpu-3uwoq-6g3ya-2,ib_counter,rdma_vf_rail2,link_downed,0
2026-09-30T07:05:00.788Z,gpu-3uwoq-6g3ya-2,ib_hw_counter,rdma_vf_rail2,out_of_sequence,8
2026-09-30T07:05:00.788Z,gpu-3uwoq-6g3ya-2,ib_hw_counter,rdma_vf_rail2,packet_seq_err,0
2026-09-30T07:05:00.788Z,gpu-3uwoq-6g3ya-2,ib_hw_counter,rdma_vf_rail2,local_ack_timeout_err,0
2026-09-30T07:05:00.788Z,gpu-3uwoq-6g3ya-2,ib_hw_counter,rdma_vf_rail2,rx_write_requests,7.11138e+08
2026-09-30T07:05:00.788Z,gpu-3uwoq-6g3ya-2,ib_hw_counter,rdma_vf_rail2,rx_read_requests,1.241e+07
2026-09-30T07:05:00.788Z,gpu-3uwoq-6g3ya-2,ib_hw_counter,rdma_vf_rail2,req_cqe_error,0
2026-09-30T07:05:00.788Z,gpu-3uwoq-6g3ya-2,ib_hw_counter,rdma_vf_rail2,resp_cqe_error,0
2026-09-30T07:05:00.788Z,gpu-3uwoq-6g3ya-2,ib_hw_counter,rdma_vf_rail2,implied_nak_seq_err,0
2026-09-30T07:05:00.788Z,gpu-3uwoq-6g3ya-2,ib_hw_counter,rdma_vf_rail2,duplicate_request,0
2026-09-30T07:05:00.788Z,gpu-3uwoq-6g3ya-2,ib_counter,rdma_vf_rail3,port_xmit_data,3.01259e+12
2026-09-30T07:05:00.788Z,gpu-3uwoq-6g3ya-2,ib_counter,rdma_vf_rail3,port_rcv_data,5.97281e+12
2026-09-30T07:05:00.788Z,gpu-3uwoq-6g3ya-2,ib_counter,rdma_vf_rail3,port_xmit_packets,1.01513e+09
2026-09-30T07:05:00.788Z,gpu-3uwoq-6g3ya-2,ib_counter,rdma_vf_rail3,port_rcv_packets,1.6493e+09
2026-09-30T07:05:00.788Z,gpu-3uwoq-6g3ya-2,ib_counter,rdma_vf_rail3,port_xmit_wait,0
2026-09-30T07:05:00.788Z,gpu-3uwoq-6g3ya-2,ib_counter,rdma_vf_rail3,port_rcv_errors,0
2026-09-30T07:05:00.788Z,gpu-3uwoq-6g3ya-2,ib_counter,rdma_vf_rail3,port_xmit_discards,0
2026-09-30T07:05:00.788Z,gpu-3uwoq-6g3ya-2,ib_counter,rdma_vf_rail3,link_downed,0
2026-09-30T07:05:00.788Z,gpu-3uwoq-6g3ya-2,ib_hw_counter,rdma_vf_rail3,out_of_sequence,7
2026-09-30T07:05:00.788Z,gpu-3uwoq-6g3ya-2,ib_hw_counter,rdma_vf_rail3,packet_seq_err,1
2026-09-30T07:05:00.788Z,gpu-3uwoq-6g3ya-2,ib_hw_counter,rdma_vf_rail3,local_ack_timeout_err,0
2026-09-30T07:05:00.788Z,gpu-3uwoq-6g3ya-2,ib_hw_counter,rdma_vf_rail3,rx_write_requests,7.11138e+08
2026-09-30T07:05:00.788Z,gpu-3uwoq-6g3ya-2,ib_hw_counter,rdma_vf_rail3,rx_read_requests,1.241e+07
2026-09-30T07:05:00.788Z,gpu-3uwoq-6g3ya-2,ib_hw_counter,rdma_vf_rail3,req_cqe_error,0
2026-09-30T07:05:00.788Z,gpu-3uwoq-6g3ya-2,ib_hw_counter,rdma_vf_rail3,resp_cqe_error,0
2026-09-30T07:05:00.788Z,gpu-3uwoq-6g3ya-2,ib_hw_counter,rdma_vf_rail3,implied_nak_seq_err,0
2026-09-30T07:05:00.788Z,gpu-3uwoq-6g3ya-2,ib_hw_counter,rdma_vf_rail3,duplicate_request,0
2026-09-30T07:05:00.788Z,gpu-3uwoq-6g3ya-2,dcgm,gpu2,gpu_util,1
2026-09-30T07:05:00.788Z,gpu-3uwoq-6g3ya-2,dcgm,gpu3,gpu_util,10
2026-09-30T07:05:00.788Z,gpu-3uwoq-6g3ya-2,dcgm,gpu1,gpu_util,65
2026-09-30T07:05:00.788Z,gpu-3uwoq-6g3ya-2,dcgm,gpu0,gpu_util,0
2026-09-30T07:05:00.788Z,gpu-3uwoq-6g3ya-2,dcgm,gpu2,nvlink_bandwidth_total,0
2026-09-30T07:05:00.788Z,gpu-3uwoq-6g3ya-2,dcgm,gpu3,nvlink_bandwidth_total,0
2026-09-30T07:05:00.788Z,gpu-3uwoq-6g3ya-2,dcgm,gpu1,nvlink_bandwidth_total,0
2026-09-30T07:05:00.788Z,gpu-3uwoq-6g3ya-2,dcgm,gpu0,nvlink_bandwidth_total,0
2026-09-30T07:05:00.788Z,gpu-3uwoq-6g3ya-2,dcgm,gpu2,power_w,230.637
2026-09-30T07:05:00.788Z,gpu-3uwoq-6g3ya-2,dcgm,gpu3,power_w,234.497
2026-09-30T07:05:00.788Z,gpu-3uwoq-6g3ya-2,dcgm,gpu1,power_w,230.104
2026-09-30T07:05:00.788Z,gpu-3uwoq-6g3ya-2,dcgm,gpu0,power_w,226.738
2026-09-30T07:05:00.788Z,gpu-3uwoq-6g3ya-2,dcgm,gpu2,sm_clock_mhz,2070
2026-09-30T07:05:00.788Z,gpu-3uwoq-6g3ya-2,dcgm,gpu3,sm_clock_mhz,2070
2026-09-30T07:05:00.788Z,gpu-3uwoq-6g3ya-2,dcgm,gpu1,sm_clock_mhz,2070
2026-09-30T07:05:00.788Z,gpu-3uwoq-6g3ya-2,dcgm,gpu0,sm_clock_mhz,2070
2026-09-30T07:05:00.788Z,gpu-3uwoq-6g3ya-2,dcgm,gpu2,dram_active,3e-06
2026-09-30T07:05:00.788Z,gpu-3uwoq-6g3ya-2,dcgm,gpu3,dram_active,3e-06
2026-09-30T07:05:00.788Z,gpu-3uwoq-6g3ya-2,dcgm,gpu1,dram_active,3e-06
2026-09-30T07:05:00.788Z,gpu-3uwoq-6g3ya-2,dcgm,gpu0,dram_active,3e-06
2026-09-30T07:05:00.788Z,gpu-3uwoq-6g3ya-2,dcgm,gpu2,pcie_rx_bytes,211291
2026-09-30T07:05:00.788Z,gpu-3uwoq-6g3ya-2,dcgm,gpu3,pcie_rx_bytes,210950
2026-09-30T07:05:00.788Z,gpu-3uwoq-6g3ya-2,dcgm,gpu1,pcie_rx_bytes,260229
2026-09-30T07:05:00.788Z,gpu-3uwoq-6g3ya-2,dcgm,gpu0,pcie_rx_bytes,256070
2026-09-30T07:05:00.788Z,gpu-3uwoq-6g3ya-2,dcgm,gpu2,pcie_tx_bytes,189559
2026-09-30T07:05:00.788Z,gpu-3uwoq-6g3ya-2,dcgm,gpu3,pcie_tx_bytes,188626
2026-09-30T07:05:00.788Z,gpu-3uwoq-6g3ya-2,dcgm,gpu1,pcie_tx_bytes,239125
2026-09-30T07:05:00.788Z,gpu-3uwoq-6g3ya-2,dcgm,gpu0,pcie_tx_bytes,234496
2026-09-30T07:05:00.788Z,gpu-3uwoq-6g3ya-2,dcgm,gpu2,tensor_active,0
2026-09-30T07:05:00.788Z,gpu-3uwoq-6g3ya-2,dcgm,gpu3,tensor_active,0
2026-09-30T07:05:00.788Z,gpu-3uwoq-6g3ya-2,dcgm,gpu1,tensor_active,0
2026-09-30T07:05:00.788Z,gpu-3uwoq-6g3ya-2,dcgm,gpu0,tensor_active,0
2026-09-30T07:05:00.788Z,gpu-3uwoq-6g3ya-2,dcgm,gpu2,sm_active,0
2026-09-30T07:05:00.788Z,gpu-3uwoq-6g3ya-2,dcgm,gpu3,sm_active,0
2026-09-30T07:05:00.788Z,gpu-3uwoq-6g3ya-2,dcgm,gpu1,sm_active,0
2026-09-30T07:05:00.788Z,gpu-3uwoq-6g3ya-2,dcgm,gpu0,sm_active,0
2026-09-30T07:05:00.788Z,gpu-3uwoq-6g3ya-2,nvlink,gpu0,nvlink_rx_bytes,4.81619e+13
2026-09-30T07:05:00.788Z,gpu-3uwoq-6g3ya-2,nvlink,gpu0,nvlink_tx_bytes,4.81653e+13
2026-09-30T07:05:00.788Z,gpu-3uwoq-6g3ya-2,nvlink,gpu1,nvlink_rx_bytes,4.83156e+13
2026-09-30T07:05:00.788Z,gpu-3uwoq-6g3ya-2,nvlink,gpu1,nvlink_tx_bytes,4.83177e+13
2026-09-30T07:05:00.788Z,gpu-3uwoq-6g3ya-2,nvlink,gpu2,nvlink_rx_bytes,4.81504e+13
2026-09-30T07:05:00.788Z,gpu-3uwoq-6g3ya-2,nvlink,gpu2,nvlink_tx_bytes,4.81539e+13
2026-09-30T07:05:00.788Z,gpu-3uwoq-6g3ya-2,nvlink,gpu3,nvlink_rx_bytes,4.80978e+13
2026-09-30T07:05:00.788Z,gpu-3uwoq-6g3ya-2,nvlink,gpu3,nvlink_tx_bytes,4.8101e+13
2026-09-30T07:05:01.788Z,gpu-3uwoq-6g3ya-2,ib_counter,rdma_vf_rail0,port_xmit_data,3.1485e+12
2026-09-30T07:05:01.788Z,gpu-3uwoq-6g3ya-2,ib_counter,rdma_vf_rail0,port_rcv_data,6.10858e+12
2026-09-30T07:05:01.788Z,gpu-3uwoq-6g3ya-2,ib_counter,rdma_vf_rail0,port_xmit_packets,1.06717e+09
2026-09-30T07:05:01.788Z,gpu-3uwoq-6g3ya-2,ib_counter,rdma_vf_rail0,port_rcv_packets,1.69835e+09
2026-09-30T07:05:01.788Z,gpu-3uwoq-6g3ya-2,ib_counter,rdma_vf_rail0,port_xmit_wait,0
2026-09-30T07:05:01.788Z,gpu-3uwoq-6g3ya-2,ib_counter,rdma_vf_rail0,port_rcv_errors,0
2026-09-30T07:05:01.788Z,gpu-3uwoq-6g3ya-2,ib_counter,rdma_vf_rail0,port_xmit_discards,0
2026-09-30T07:05:01.788Z,gpu-3uwoq-6g3ya-2,ib_counter,rdma_vf_rail0,link_downed,0
2026-09-30T07:05:01.788Z,gpu-3uwoq-6g3ya-2,ib_hw_counter,rdma_vf_rail0,out_of_sequence,8
2026-09-30T07:05:01.788Z,gpu-3uwoq-6g3ya-2,ib_hw_counter,rdma_vf_rail0,packet_seq_err,0
2026-09-30T07:05:01.788Z,gpu-3uwoq-6g3ya-2,ib_hw_counter,rdma_vf_rail0,local_ack_timeout_err,0
2026-09-30T07:05:01.788Z,gpu-3uwoq-6g3ya-2,ib_hw_counter,rdma_vf_rail0,rx_write_requests,7.13164e+08
2026-09-30T07:05:01.788Z,gpu-3uwoq-6g3ya-2,ib_hw_counter,rdma_vf_rail0,rx_read_requests,1.34187e+07
2026-09-30T07:05:01.788Z,gpu-3uwoq-6g3ya-2,ib_hw_counter,rdma_vf_rail0,req_cqe_error,0
2026-09-30T07:05:01.788Z,gpu-3uwoq-6g3ya-2,ib_hw_counter,rdma_vf_rail0,resp_cqe_error,0
2026-09-30T07:05:01.788Z,gpu-3uwoq-6g3ya-2,ib_hw_counter,rdma_vf_rail0,implied_nak_seq_err,0
2026-09-30T07:05:01.788Z,gpu-3uwoq-6g3ya-2,ib_hw_counter,rdma_vf_rail0,duplicate_request,0
2026-09-30T07:05:01.788Z,gpu-3uwoq-6g3ya-2,ib_counter,rdma_vf_rail1,port_xmit_data,3.0403e+12
2026-09-30T07:05:01.788Z,gpu-3uwoq-6g3ya-2,ib_counter,rdma_vf_rail1,port_rcv_data,6.00047e+12
2026-09-30T07:05:01.788Z,gpu-3uwoq-6g3ya-2,ib_counter,rdma_vf_rail1,port_xmit_packets,1.03447e+09
2026-09-30T07:05:01.788Z,gpu-3uwoq-6g3ya-2,ib_counter,rdma_vf_rail1,port_rcv_packets,1.66584e+09
2026-09-30T07:05:01.788Z,gpu-3uwoq-6g3ya-2,ib_counter,rdma_vf_rail1,port_xmit_wait,0
2026-09-30T07:05:01.788Z,gpu-3uwoq-6g3ya-2,ib_counter,rdma_vf_rail1,port_rcv_errors,0
2026-09-30T07:05:01.788Z,gpu-3uwoq-6g3ya-2,ib_counter,rdma_vf_rail1,port_xmit_discards,0
2026-09-30T07:05:01.788Z,gpu-3uwoq-6g3ya-2,ib_counter,rdma_vf_rail1,link_downed,0
2026-09-30T07:05:01.788Z,gpu-3uwoq-6g3ya-2,ib_hw_counter,rdma_vf_rail1,out_of_sequence,8
2026-09-30T07:05:01.788Z,gpu-3uwoq-6g3ya-2,ib_hw_counter,rdma_vf_rail1,packet_seq_err,0
2026-09-30T07:05:01.788Z,gpu-3uwoq-6g3ya-2,ib_hw_counter,rdma_vf_rail1,local_ack_timeout_err,0
2026-09-30T07:05:01.788Z,gpu-3uwoq-6g3ya-2,ib_hw_counter,rdma_vf_rail1,rx_write_requests,7.11571e+08
2026-09-30T07:05:01.788Z,gpu-3uwoq-6g3ya-2,ib_hw_counter,rdma_vf_rail1,rx_read_requests,1.26179e+07
2026-09-30T07:05:01.788Z,gpu-3uwoq-6g3ya-2,ib_hw_counter,rdma_vf_rail1,req_cqe_error,0
2026-09-30T07:05:01.788Z,gpu-3uwoq-6g3ya-2,ib_hw_counter,rdma_vf_rail1,resp_cqe_error,0
2026-09-30T07:05:01.788Z,gpu-3uwoq-6g3ya-2,ib_hw_counter,rdma_vf_rail1,implied_nak_seq_err,0
2026-09-30T07:05:01.788Z,gpu-3uwoq-6g3ya-2,ib_hw_counter,rdma_vf_rail1,duplicate_request,0
2026-09-30T07:05:01.788Z,gpu-3uwoq-6g3ya-2,ib_counter,rdma_vf_rail2,port_xmit_data,3.01273e+12
2026-09-30T07:05:01.788Z,gpu-3uwoq-6g3ya-2,ib_counter,rdma_vf_rail2,port_rcv_data,5.97221e+12
2026-09-30T07:05:01.788Z,gpu-3uwoq-6g3ya-2,ib_counter,rdma_vf_rail2,port_xmit_packets,1.01679e+09
2026-09-30T07:05:01.788Z,gpu-3uwoq-6g3ya-2,ib_counter,rdma_vf_rail2,port_rcv_packets,1.64191e+09
2026-09-30T07:05:01.788Z,gpu-3uwoq-6g3ya-2,ib_counter,rdma_vf_rail2,port_xmit_wait,0
2026-09-30T07:05:01.788Z,gpu-3uwoq-6g3ya-2,ib_counter,rdma_vf_rail2,port_rcv_errors,0
2026-09-30T07:05:01.788Z,gpu-3uwoq-6g3ya-2,ib_counter,rdma_vf_rail2,port_xmit_discards,0
2026-09-30T07:05:01.788Z,gpu-3uwoq-6g3ya-2,ib_counter,rdma_vf_rail2,link_downed,0
2026-09-30T07:05:01.788Z,gpu-3uwoq-6g3ya-2,ib_hw_counter,rdma_vf_rail2,out_of_sequence,8
2026-09-30T07:05:01.788Z,gpu-3uwoq-6g3ya-2,ib_hw_counter,rdma_vf_rail2,packet_seq_err,0
2026-09-30T07:05:01.788Z,gpu-3uwoq-6g3ya-2,ib_hw_counter,rdma_vf_rail2,local_ack_timeout_err,0
2026-09-30T07:05:01.788Z,gpu-3uwoq-6g3ya-2,ib_hw_counter,rdma_vf_rail2,rx_write_requests,7.11138e+08
2026-09-30T07:05:01.788Z,gpu-3uwoq-6g3ya-2,ib_hw_counter,rdma_vf_rail2,rx_read_requests,1.241e+07
2026-09-30T07:05:01.788Z,gpu-3uwoq-6g3ya-2,ib_hw_counter,rdma_vf_rail2,req_cqe_error,0
2026-09-30T07:05:01.788Z,gpu-3uwoq-6g3ya-2,ib_hw_counter,rdma_vf_rail2,resp_cqe_error,0
2026-09-30T07:05:01.788Z,gpu-3uwoq-6g3ya-2,ib_hw_counter,rdma_vf_rail2,implied_nak_seq_err,0
2026-09-30T07:05:01.788Z,gpu-3uwoq-6g3ya-2,ib_hw_counter,rdma_vf_rail2,duplicate_request,0
2026-09-30T07:05:01.788Z,gpu-3uwoq-6g3ya-2,ib_counter,rdma_vf_rail3,port_xmit_data,3.01259e+12
2026-09-30T07:05:01.788Z,gpu-3uwoq-6g3ya-2,ib_counter,rdma_vf_rail3,port_rcv_data,5.97281e+12
2026-09-30T07:05:01.788Z,gpu-3uwoq-6g3ya-2,ib_counter,rdma_vf_rail3,port_xmit_packets,1.01513e+09
2026-09-30T07:05:01.788Z,gpu-3uwoq-6g3ya-2,ib_counter,rdma_vf_rail3,port_rcv_packets,1.6493e+09
2026-09-30T07:05:01.788Z,gpu-3uwoq-6g3ya-2,ib_counter,rdma_vf_rail3,port_xmit_wait,0
2026-09-30T07:05:01.788Z,gpu-3uwoq-6g3ya-2,ib_counter,rdma_vf_rail3,port_rcv_errors,0
2026-09-30T07:05:01.788Z,gpu-3uwoq-6g3ya-2,ib_counter,rdma_vf_rail3,port_xmit_discards,0
2026-09-30T07:05:01.788Z,gpu-3uwoq-6g3ya-2,ib_counter,rdma_vf_rail3,link_downed,0
2026-09-30T07:05:01.788Z,gpu-3uwoq-6g3ya-2,ib_hw_counter,rdma_vf_rail3,out_of_sequence,7
2026-09-30T07:05:01.788Z,gpu-3uwoq-6g3ya-2,ib_hw_counter,rdma_vf_rail3,packet_seq_err,1
2026-09-30T07:05:01.788Z,gpu-3uwoq-6g3ya-2,ib_hw_counter,rdma_vf_rail3,local_ack_timeout_err,0
2026-09-30T07:05:01.788Z,gpu-3uwoq-6g3ya-2,ib_hw_counter,rdma_vf_rail3,rx_write_requests,7.11138e+08
2026-09-30T07:05:01.788Z,gpu-3uwoq-6g3ya-2,ib_hw_counter,rdma_vf_rail3,rx_read_requests,1.241e+07
2026-09-30T07:05:01.788Z,gpu-3uwoq-6g3ya-2,ib_hw_counter,rdma_vf_rail3,req_cqe_error,0
2026-09-30T07:05:01.788Z,gpu-3uwoq-6g3ya-2,ib_hw_counter,rdma_vf_rail3,resp_cqe_error,0
2026-09-30T07:05:01.788Z,gpu-3uwoq-6g3ya-2,ib_hw_counter,rdma_vf_rail3,implied_nak_seq_err,0
2026-09-30T07:05:01.788Z,gpu-3uwoq-6g3ya-2,ib_hw_counter,rdma_vf_rail3,duplicate_request,0
2026-09-30T07:05:01.788Z,gpu-3uwoq-6g3ya-2,dcgm,gpu2,gpu_util,1
2026-09-30T07:05:01.788Z,gpu-3uwoq-6g3ya-2,dcgm,gpu3,gpu_util,10
2026-09-30T07:05:01.788Z,gpu-3uwoq-6g3ya-2,dcgm,gpu1,gpu_util,65
2026-09-30T07:05:01.788Z,gpu-3uwoq-6g3ya-2,dcgm,gpu0,gpu_util,0
2026-09-30T07:05:01.788Z,gpu-3uwoq-6g3ya-2,dcgm,gpu2,nvlink_bandwidth_total,0
2026-09-30T07:05:01.788Z,gpu-3uwoq-6g3ya-2,dcgm,gpu3,nvlink_bandwidth_total,0
2026-09-30T07:05:01.788Z,gpu-3uwoq-6g3ya-2,dcgm,gpu1,nvlink_bandwidth_total,0
2026-09-30T07:05:01.788Z,gpu-3uwoq-6g3ya-2,dcgm,gpu0,nvlink_bandwidth_total,0
2026-09-30T07:05:01.788Z,gpu-3uwoq-6g3ya-2,dcgm,gpu2,power_w,230.637
2026-09-30T07:05:01.788Z,gpu-3uwoq-6g3ya-2,dcgm,gpu3,power_w,234.497
2026-09-30T07:05:01.788Z,gpu-3uwoq-6g3ya-2,dcgm,gpu1,power_w,230.104
2026-09-30T07:05:01.788Z,gpu-3uwoq-6g3ya-2,dcgm,gpu0,power_w,226.738
2026-09-30T07:05:01.788Z,gpu-3uwoq-6g3ya-2,dcgm,gpu2,sm_clock_mhz,2070
2026-09-30T07:05:01.788Z,gpu-3uwoq-6g3ya-2,dcgm,gpu3,sm_clock_mhz,2070
2026-09-30T07:05:01.788Z,gpu-3uwoq-6g3ya-2,dcgm,gpu1,sm_clock_mhz,2070
2026-09-30T07:05:01.788Z,gpu-3uwoq-6g3ya-2,dcgm,gpu0,sm_clock_mhz,2070
2026-09-30T07:05:01.788Z,gpu-3uwoq-6g3ya-2,dcgm,gpu2,dram_active,3e-06
2026-09-30T07:05:01.788Z,gpu-3uwoq-6g3ya-2,dcgm,gpu3,dram_active,3e-06
2026-09-30T07:05:01.788Z,gpu-3uwoq-6g3ya-2,dcgm,gpu1,dram_active,3e-06
2026-09-30T07:05:01.788Z,gpu-3uwoq-6g3ya-2,dcgm,gpu0,dram_active,3e-06
2026-09-30T07:05:01.788Z,gpu-3uwoq-6g3ya-2,dcgm,gpu2,pcie_rx_bytes,211291
2026-09-30T07:05:01.788Z,gpu-3uwoq-6g3ya-2,dcgm,gpu3,pcie_rx_bytes,210950
2026-09-30T07:05:01.788Z,gpu-3uwoq-6g3ya-2,dcgm,gpu1,pcie_rx_bytes,260229
2026-09-30T07:05:01.788Z,gpu-3uwoq-6g3ya-2,dcgm,gpu0,pcie_rx_bytes,256070
2026-09-30T07:05:01.788Z,gpu-3uwoq-6g3ya-2,dcgm,gpu2,pcie_tx_bytes,189559
2026-09-30T07:05:01.788Z,gpu-3uwoq-6g3ya-2,dcgm,gpu3,pcie_tx_bytes,188626
2026-09-30T07:05:01.788Z,gpu-3uwoq-6g3ya-2,dcgm,gpu1,pcie_tx_bytes,239125
2026-09-30T07:05:01.788Z,gpu-3uwoq-6g3ya-2,dcgm,gpu0,pcie_tx_bytes,234496
2026-09-30T07:05:01.788Z,gpu-3uwoq-6g3ya-2,dcgm,gpu2,tensor_active,0
2026-09-30T07:05:01.788Z,gpu-3uwoq-6g3ya-2,dcgm,gpu3,tensor_active,0
2026-09-30T07:05:01.788Z,gpu-3uwoq-6g3ya-2,dcgm,gpu1,tensor_active,0
2026-09-30T07:05:01.788Z,gpu-3uwoq-6g3ya-2,dcgm,gpu0,tensor_active,0
2026-09-30T07:05:01.788Z,gpu-3uwoq-6g3ya-2,dcgm,gpu2,sm_active,0
2026-09-30T07:05:01.788Z,gpu-3uwoq-6g3ya-2,dcgm,gpu3,sm_active,0
2026-09-30T07:05:01.788Z,gpu-3uwoq-6g3ya-2,dcgm,gpu1,sm_active,0
2026-09-30T07:05:01.788Z,gpu-3uwoq-6g3ya-2,dcgm,gpu0,sm_active,0
2026-09-30T07:05:01.788Z,gpu-3uwoq-6g3ya-2,nvlink,gpu0,nvlink_rx_bytes,4.81619e+13
2026-09-30T07:05:01.788Z,gpu-3uwoq-6g3ya-2,nvlink,gpu0,nvlink_tx_bytes,4.81653e+13
2026-09-30T07:05:01.788Z,gpu-3uwoq-6g3ya-2,nvlink,gpu1,nvlink_rx_bytes,4.83156e+13
2026-09-30T07:05:01.788Z,gpu-3uwoq-6g3ya-2,nvlink,gpu1,nvlink_tx_bytes,4.83177e+13
2026-09-30T07:05:01.788Z,gpu-3uwoq-6g3ya-2,nvlink,gpu2,nvlink_rx_bytes,4.81504e+13
2026-09-30T07:05:01.788Z,gpu-3uwoq-6g3ya-2,nvlink,gpu2,nvlink_tx_bytes,4.81539e+13
2026-09-30T07:05:01.788Z,gpu-3uwoq-6g3ya-2,nvlink,gpu3,nvlink_rx_bytes,4.80978e+13
2026-09-30T07:05:01.788Z,gpu-3uwoq-6g3ya-2,nvlink,gpu3,nvlink_tx_bytes,4.8101e+13
2026-09-30T07:05:02.788Z,gpu-3uwoq-6g3ya-2,ib_counter,rdma_vf_rail0,port_xmit_data,3.1485e+12
2026-09-30T07:05:02.788Z,gpu-3uwoq-6g3ya-2,ib_counter,rdma_vf_rail0,port_rcv_data,6.10858e+12
2026-09-30T07:05:02.788Z,gpu-3uwoq-6g3ya-2,ib_counter,rdma_vf_rail0,port_xmit_packets,1.06717e+09
2026-09-30T07:05:02.788Z,gpu-3uwoq-6g3ya-2,ib_counter,rdma_vf_rail0,port_rcv_packets,1.69835e+09
2026-09-30T07:05:02.788Z,gpu-3uwoq-6g3ya-2,ib_counter,rdma_vf_rail0,port_xmit_wait,0
2026-09-30T07:05:02.788Z,gpu-3uwoq-6g3ya-2,ib_counter,rdma_vf_rail0,port_rcv_errors,0
2026-09-30T07:05:02.788Z,gpu-3uwoq-6g3ya-2,ib_counter,rdma_vf_rail0,port_xmit_discards,0
2026-09-30T07:05:02.788Z,gpu-3uwoq-6g3ya-2,ib_counter,rdma_vf_rail0,link_downed,0
2026-09-30T07:05:02.788Z,gpu-3uwoq-6g3ya-2,ib_hw_counter,rdma_vf_rail0,out_of_sequence,8
2026-09-30T07:05:02.788Z,gpu-3uwoq-6g3ya-2,ib_hw_counter,rdma_vf_rail0,packet_seq_err,0
2026-09-30T07:05:02.788Z,gpu-3uwoq-6g3ya-2,ib_hw_counter,rdma_vf_rail0,local_ack_timeout_err,0
2026-09-30T07:05:02.788Z,gpu-3uwoq-6g3ya-2,ib_hw_counter,rdma_vf_rail0,rx_write_requests,7.13164e+08
2026-09-30T07:05:02.788Z,gpu-3uwoq-6g3ya-2,ib_hw_counter,rdma_vf_rail0,rx_read_requests,1.34187e+07
2026-09-30T07:05:02.788Z,gpu-3uwoq-6g3ya-2,ib_hw_counter,rdma_vf_rail0,req_cqe_error,0
2026-09-30T07:05:02.788Z,gpu-3uwoq-6g3ya-2,ib_hw_counter,rdma_vf_rail0,resp_cqe_error,0
2026-09-30T07:05:02.788Z,gpu-3uwoq-6g3ya-2,ib_hw_counter,rdma_vf_rail0,implied_nak_seq_err,0
2026-09-30T07:05:02.788Z,gpu-3uwoq-6g3ya-2,ib_hw_counter,rdma_vf_rail0,duplicate_request,0
2026-09-30T07:05:02.788Z,gpu-3uwoq-6g3ya-2,ib_counter,rdma_vf_rail1,port_xmit_data,3.0403e+12
2026-09-30T07:05:02.788Z,gpu-3uwoq-6g3ya-2,ib_counter,rdma_vf_rail1,port_rcv_data,6.00047e+12
2026-09-30T07:05:02.788Z,gpu-3uwoq-6g3ya-2,ib_counter,rdma_vf_rail1,port_xmit_packets,1.03447e+09
2026-09-30T07:05:02.788Z,gpu-3uwoq-6g3ya-2,ib_counter,rdma_vf_rail1,port_rcv_packets,1.66584e+09
2026-09-30T07:05:02.788Z,gpu-3uwoq-6g3ya-2,ib_counter,rdma_vf_rail1,port_xmit_wait,0
2026-09-30T07:05:02.788Z,gpu-3uwoq-6g3ya-2,ib_counter,rdma_vf_rail1,port_rcv_errors,0
2026-09-30T07:05:02.788Z,gpu-3uwoq-6g3ya-2,ib_counter,rdma_vf_rail1,port_xmit_discards,0
2026-09-30T07:05:02.788Z,gpu-3uwoq-6g3ya-2,ib_counter,rdma_vf_rail1,link_downed,0
2026-09-30T07:05:02.788Z,gpu-3uwoq-6g3ya-2,ib_hw_counter,rdma_vf_rail1,out_of_sequence,8
2026-09-30T07:05:02.788Z,gpu-3uwoq-6g3ya-2,ib_hw_counter,rdma_vf_rail1,packet_seq_err,0
2026-09-30T07:05:02.788Z,gpu-3uwoq-6g3ya-2,ib_hw_counter,rdma_vf_rail1,local_ack_timeout_err,0
2026-09-30T07:05:02.788Z,gpu-3uwoq-6g3ya-2,ib_hw_counter,rdma_vf_rail1,rx_write_requests,7.11571e+08
2026-09-30T07:05:02.788Z,gpu-3uwoq-6g3ya-2,ib_hw_counter,rdma_vf_rail1,rx_read_requests,1.26179e+07
2026-09-30T07:05:02.788Z,gpu-3uwoq-6g3ya-2,ib_hw_counter,rdma_vf_rail1,req_cqe_error,0
2026-09-30T07:05:02.788Z,gpu-3uwoq-6g3ya-2,ib_hw_counter,rdma_vf_rail1,resp_cqe_error,0
2026-09-30T07:05:02.788Z,gpu-3uwoq-6g3ya-2,ib_hw_counter,rdma_vf_rail1,implied_nak_seq_err,0
2026-09-30T07:05:02.788Z,gpu-3uwoq-6g3ya-2,ib_hw_counter,rdma_vf_rail1,duplicate_request,0
2026-09-30T07:05:02.788Z,gpu-3uwoq-6g3ya-2,ib_counter,rdma_vf_rail2,port_xmit_data,3.01273e+12
2026-09-30T07:05:02.788Z,gpu-3uwoq-6g3ya-2,ib_counter,rdma_vf_rail2,port_rcv_data,5.97221e+12
2026-09-30T07:05:02.788Z,gpu-3uwoq-6g3ya-2,ib_counter,rdma_vf_rail2,port_xmit_packets,1.01679e+09
2026-09-30T07:05:02.788Z,gpu-3uwoq-6g3ya-2,ib_counter,rdma_vf_rail2,port_rcv_packets,1.64191e+09
2026-09-30T07:05:02.788Z,gpu-3uwoq-6g3ya-2,ib_counter,rdma_vf_rail2,port_xmit_wait,0
2026-09-30T07:05:02.788Z,gpu-3uwoq-6g3ya-2,ib_counter,rdma_vf_rail2,port_rcv_errors,0
2026-09-30T07:05:02.788Z,gpu-3uwoq-6g3ya-2,ib_counter,rdma_vf_rail2,port_xmit_discards,0
2026-09-30T07:05:02.788Z,gpu-3uwoq-6g3ya-2,ib_counter,rdma_vf_rail2,link_downed,0
2026-09-30T07:05:02.788Z,gpu-3uwoq-6g3ya-2,ib_hw_counter,rdma_vf_rail2,out_of_sequence,8
2026-09-30T07:05:02.788Z,gpu-3uwoq-6g3ya-2,ib_hw_counter,rdma_vf_rail2,packet_seq_err,0
2026-09-30T07:05:02.788Z,gpu-3uwoq-6g3ya-2,ib_hw_counter,rdma_vf_rail2,local_ack_timeout_err,0
2026-09-30T07:05:02.788Z,gpu-3uwoq-6g3ya-2,ib_hw_counter,rdma_vf_rail2,rx_write_requests,7.11138e+08
2026-09-30T07:05:02.788Z,gpu-3uwoq-6g3ya-2,ib_hw_counter,rdma_vf_rail2,rx_read_requests,1.241e+07
2026-09-30T07:05:02.788Z,gpu-3uwoq-6g3ya-2,ib_hw_counter,rdma_vf_rail2,req_cqe_error,0
2026-09-30T07:05:02.788Z,gpu-3uwoq-6g3ya-2,ib_hw_counter,rdma_vf_rail2,resp_cqe_error,0
2026-09-30T07:05:02.788Z,gpu-3uwoq-6g3ya-2,ib_hw_counter,rdma_vf_rail2,implied_nak_seq_err,0
2026-09-30T07:05:02.788Z,gpu-3uwoq-6g3ya-2,ib_hw_counter,rdma_vf_rail2,duplicate_request,0
2026-09-30T07:05:02.788Z,gpu-3uwoq-6g3ya-2,ib_counter,rdma_vf_rail3,port_xmit_data,3.01259e+12
2026-09-30T07:05:02.788Z,gpu-3uwoq-6g3ya-2,ib_counter,rdma_vf_rail3,port_rcv_data,5.97281e+12
2026-09-30T07:05:02.788Z,gpu-3uwoq-6g3ya-2,ib_counter,rdma_vf_rail3,port_xmit_packets,1.01513e+09
2026-09-30T07:05:02.788Z,gpu-3uwoq-6g3ya-2,ib_counter,rdma_vf_rail3,port_rcv_packets,1.6493e+09
2026-09-30T07:05:02.788Z,gpu-3uwoq-6g3ya-2,ib_counter,rdma_vf_rail3,port_xmit_wait,0
2026-09-30T07:05:02.788Z,gpu-3uwoq-6g3ya-2,ib_counter,rdma_vf_rail3,port_rcv_errors,0
2026-09-30T07:05:02.788Z,gpu-3uwoq-6g3ya-2,ib_counter,rdma_vf_rail3,port_xmit_discards,0
2026-09-30T07:05:02.788Z,gpu-3uwoq-6g3ya-2,ib_counter,rdma_vf_rail3,link_downed,0
2026-09-30T07:05:02.788Z,gpu-3uwoq-6g3ya-2,ib_hw_counter,rdma_vf_rail3,out_of_sequence,7
2026-09-30T07:05:02.788Z,gpu-3uwoq-6g3ya-2,ib_hw_counter,rdma_vf_rail3,packet_seq_err,1
2026-09-30T07:05:02.788Z,gpu-3uwoq-6g3ya-2,ib_hw_counter,rdma_vf_rail3,local_ack_timeout_err,0
2026-09-30T07:05:02.788Z,gpu-3uwoq-6g3ya-2,ib_hw_counter,rdma_vf_rail3,rx_write_requests,7.11138e+08
2026-09-30T07:05:02.788Z,gpu-3uwoq-6g3ya-2,ib_hw_counter,rdma_vf_rail3,rx_read_requests,1.241e+07
2026-09-30T07:05:02.788Z,gpu-3uwoq-6g3ya-2,ib_hw_counter,rdma_vf_rail3,req_cqe_error,0
2026-09-30T07:05:02.788Z,gpu-3uwoq-6g3ya-2,ib_hw_counter,rdma_vf_rail3,resp_cqe_error,0
2026-09-30T07:05:02.788Z,gpu-3uwoq-6g3ya-2,ib_hw_counter,rdma_vf_rail3,implied_nak_seq_err,0
2026-09-30T07:05:02.788Z,gpu-3uwoq-6g3ya-2,ib_hw_counter,rdma_vf_rail3,duplicate_request,0
2026-09-30T07:05:02.788Z,gpu-3uwoq-6g3ya-2,dcgm,gpu2,gpu_util,1
2026-09-30T07:05:02.788Z,gpu-3uwoq-6g3ya-2,dcgm,gpu3,gpu_util,10
2026-09-30T07:05:02.788Z,gpu-3uwoq-6g3ya-2,dcgm,gpu1,gpu_util,65
2026-09-30T07:05:02.788Z,gpu-3uwoq-6g3ya-2,dcgm,gpu0,gpu_util,0
2026-09-30T07:05:02.788Z,gpu-3uwoq-6g3ya-2,dcgm,gpu2,nvlink_bandwidth_total,0
2026-09-30T07:05:02.788Z,gpu-3uwoq-6g3ya-2,dcgm,gpu3,nvlink_bandwidth_total,0
2026-09-30T07:05:02.788Z,gpu-3uwoq-6g3ya-2,dcgm,gpu1,nvlink_bandwidth_total,0
2026-09-30T07:05:02.788Z,gpu-3uwoq-6g3ya-2,dcgm,gpu0,nvlink_bandwidth_total,0
2026-09-30T07:05:02.788Z,gpu-3uwoq-6g3ya-2,dcgm,gpu2,power_w,230.637
2026-09-30T07:05:02.788Z,gpu-3uwoq-6g3ya-2,dcgm,gpu3,power_w,234.497
2026-09-30T07:05:02.788Z,gpu-3uwoq-6g3ya-2,dcgm,gpu1,power_w,230.104
2026-09-30T07:05:02.788Z,gpu-3uwoq-6g3ya-2,dcgm,gpu0,power_w,226.738
2026-09-30T07:05:02.788Z,gpu-3uwoq-6g3ya-2,dcgm,gpu2,sm_clock_mhz,2070
2026-09-30T07:05:02.788Z,gpu-3uwoq-6g3ya-2,dcgm,gpu3,sm_clock_mhz,2070
2026-09-30T07:05:02.788Z,gpu-3uwoq-6g3ya-2,dcgm,gpu1,sm_clock_mhz,2070
2026-09-30T07:05:02.788Z,gpu-3uwoq-6g3ya-2,dcgm,gpu0,sm_clock_mhz,2070
2026-09-30T07:05:02.788Z,gpu-3uwoq-6g3ya-2,dcgm,gpu2,dram_active,3e-06
2026-09-30T07:05:02.788Z,gpu-3uwoq-6g3ya-2,dcgm,gpu3,dram_active,3e-06
2026-09-30T07:05:02.788Z,gpu-3uwoq-6g3ya-2,dcgm,gpu1,dram_active,3e-06
2026-09-30T07:05:02.788Z,gpu-3uwoq-6g3ya-2,dcgm,gpu0,dram_active,3e-06
2026-09-30T07:05:02.788Z,gpu-3uwoq-6g3ya-2,dcgm,gpu2,pcie_rx_bytes,211291
2026-09-30T07:05:02.788Z,gpu-3uwoq-6g3ya-2,dcgm,gpu3,pcie_rx_bytes,210950
2026-09-30T07:05:02.788Z,gpu-3uwoq-6g3ya-2,dcgm,gpu1,pcie_rx_bytes,260229
2026-09-30T07:05:02.788Z,gpu-3uwoq-6g3ya-2,dcgm,gpu0,pcie_rx_bytes,256070
2026-09-30T07:05:02.788Z,gpu-3uwoq-6g3ya-2,dcgm,gpu2,pcie_tx_bytes,189559
2026-09-30T07:05:02.788Z,gpu-3uwoq-6g3ya-2,dcgm,gpu3,pcie_tx_bytes,188626
2026-09-30T07:05:02.788Z,gpu-3uwoq-6g3ya-2,dcgm,gpu1,pcie_tx_bytes,239125
2026-09-30T07:05:02.788Z,gpu-3uwoq-6g3ya-2,dcgm,gpu0,pcie_tx_bytes,234496
2026-09-30T07:05:02.788Z,gpu-3uwoq-6g3ya-2,dcgm,gpu2,tensor_active,0
2026-09-30T07:05:02.788Z,gpu-3uwoq-6g3ya-2,dcgm,gpu3,tensor_active,0
2026-09-30T07:05:02.788Z,gpu-3uwoq-6g3ya-2,dcgm,gpu1,tensor_active,0
2026-09-30T07:05:02.788Z,gpu-3uwoq-6g3ya-2,dcgm,gpu0,tensor_active,0
2026-09-30T07:05:02.788Z,gpu-3uwoq-6g3ya-2,dcgm,gpu2,sm_active,0
2026-09-30T07:05:02.788Z,gpu-3uwoq-6g3ya-2,dcgm,gpu3,sm_active,0
2026-09-30T07:05:02.788Z,gpu-3uwoq-6g3ya-2,dcgm,gpu1,sm_active,0
2026-09-30T07:05:02.788Z,gpu-3uwoq-6g3ya-2,dcgm,gpu0,sm_active,0
2026-09-30T07:05:02.788Z,gpu-3uwoq-6g3ya-2,nvlink,gpu0,nvlink_rx_bytes,4.81619e+13
2026-09-30T07:05:02.788Z,gpu-3uwoq-6g3ya-2,nvlink,gpu0,nvlink_tx_bytes,4.81653e+13
2026-09-30T07:05:02.788Z,gpu-3uwoq-6g3ya-2,nvlink,gpu1,nvlink_rx_bytes,4.83156e+13
2026-09-30T07:05:02.788Z,gpu-3uwoq-6g3ya-2,nvlink,gpu1,nvlink_tx_bytes,4.83177e+13
2026-09-30T07:05:02.788Z,gpu-3uwoq-6g3ya-2,nvlink,gpu2,nvlink_rx_bytes,4.81504e+13
2026-09-30T07:05:02.788Z,gpu-3uwoq-6g3ya-2,nvlink,gpu2,nvlink_tx_bytes,4.81539e+13
2026-09-30T07:05:02.788Z,gpu-3uwoq-6g3ya-2,nvlink,gpu3,nvlink_rx_bytes,4.80978e+13
2026-09-30T07:05:02.788Z,gpu-3uwoq-6g3ya-2,nvlink,gpu3,nvlink_tx_bytes,4.8101e+13
