ts_iso,node,source,device,metric,value
2026-09-30T06:14:46.813Z,gpu-3uwoq-6g3ya-2,ib_counter,rdma_vf_rail0,port_xmit_data,2.76329e+12
2026-09-30T06:14:46.813Z,gpu-3uwoq-6g3ya-2,ib_counter,rdma_vf_rail0,port_rcv_data,5.72235e+12
2026-09-30T06:14:46.813Z,gpu-3uwoq-6g3ya-2,ib_counter,rdma_vf_rail0,port_xmit_packets,9.5609e+08
2026-09-30T06:14:46.813Z,gpu-3uwoq-6g3ya-2,ib_counter,rdma_vf_rail0,port_rcv_packets,1.57821e+09
2026-09-30T06:14:46.813Z,gpu-3uwoq-6g3ya-2,ib_counter,rdma_vf_rail0,port_xmit_wait,0
2026-09-30T06:14:46.813Z,gpu-3uwoq-6g3ya-2,ib_counter,rdma_vf_rail0,port_rcv_errors,0
2026-09-30T06:14:46.813Z,gpu-3uwoq-6g3ya-2,ib_counter,rdma_vf_rail0,port_xmit_discards,0
2026-09-30T06:14:46.813Z,gpu-3uwoq-6g3ya-2,ib_counter,rdma_vf_rail0,link_downed,0
2026-09-30T06:14:46.813Z,gpu-3uwoq-6g3ya-2,ib_hw_counter,rdma_vf_rail0,out_of_sequence,0
2026-09-30T06:14:46.813Z,gpu-3uwoq-6g3ya-2,ib_hw_counter,rdma_vf_rail0,packet_seq_err,0
2026-09-30T06:14:46.813Z,gpu-3uwoq-6g3ya-2,ib_hw_counter,rdma_vf_rail0,local_ack_timeout_err,0
2026-09-30T06:14:46.813Z,gpu-3uwoq-6g3ya-2,ib_hw_counter,rdma_vf_rail0,rx_write_requests,7.05021e+08
2026-09-30T06:14:46.813Z,gpu-3uwoq-6g3ya-2,ib_hw_counter,rdma_vf_rail0,rx_read_requests,1.042e+07
2026-09-30T06:14:46.813Z,gpu-3uwoq-6g3ya-2,ib_hw_counter,rdma_vf_rail0,req_cqe_error,0
2026-09-30T06:14:46.813Z,gpu-3uwoq-6g3ya-2,ib_hw_counter,rdma_vf_rail0,resp_cqe_error,0
2026-09-30T06:14:46.813Z,gpu-3uwoq-6g3ya-2,ib_hw_counter,rdma_vf_rail0,implied_nak_seq_err,0
2026-09-30T06:14:46.813Z,gpu-3uwoq-6g3ya-2,ib_hw_counter,rdma_vf_rail0,duplicate_request,0
2026-09-30T06:14:46.813Z,gpu-3uwoq-6g3ya-2,ib_counter,rdma_vf_rail1,port_xmit_data,2.76263e+12
2026-09-30T06:14:46.813Z,gpu-3uwoq-6g3ya-2,ib_counter,rdma_vf_rail1,port_rcv_data,5.72189e+12
2026-09-30T06:14:46.813Z,gpu-3uwoq-6g3ya-2,ib_counter,rdma_vf_rail1,port_xmit_packets,9.52939e+08
2026-09-30T06:14:46.813Z,gpu-3uwoq-6g3ya-2,ib_counter,rdma_vf_rail1,port_rcv_packets,1.57742e+09
2026-09-30T06:14:46.813Z,gpu-3uwoq-6g3ya-2,ib_counter,rdma_vf_rail1,port_xmit_wait,0
2026-09-30T06:14:46.813Z,gpu-3uwoq-6g3ya-2,ib_counter,rdma_vf_rail1,port_rcv_errors,0
2026-09-30T06:14:46.813Z,gpu-3uwoq-6g3ya-2,ib_counter,rdma_vf_rail1,port_xmit_discards,0
2026-09-30T06:14:46.813Z,gpu-3uwoq-6g3ya-2,ib_counter,rdma_vf_rail1,link_downed,0
2026-09-30T06:14:46.813Z,gpu-3uwoq-6g3ya-2,ib_hw_counter,rdma_vf_rail1,out_of_sequence,0
2026-09-30T06:14:46.813Z,gpu-3uwoq-6g3ya-2,ib_hw_counter,rdma_vf_rail1,packet_seq_err,0
2026-09-30T06:14:46.813Z,gpu-3uwoq-6g3ya-2,ib_hw_counter,rdma_vf_rail1,local_ack_timeout_err,0
2026-09-30T06:14:46.813Z,gpu-3uwoq-6g3ya-2,ib_hw_counter,rdma_vf_rail1,rx_write_requests,7.05022e+08
2026-09-30T06:14:46.813Z,gpu-3uwoq-6g3ya-2,ib_hw_counter,rdma_vf_rail1,rx_read_requests,1.042e+07
2026-09-30T06:14:46.813Z,gpu-3uwoq-6g3ya-2,ib_hw_counter,rdma_vf_rail1,req_cqe_error,0
2026-09-30T06:14:46.813Z,gpu-3uwoq-6g3ya-2,ib_hw_counter,rdma_vf_rail1,resp_cqe_error,0
2026-09-30T06:14:46.813Z,gpu-3uwoq-6g3ya-2,ib_hw_counter,rdma_vf_rail1,implied_nak_seq_err,0
2026-09-30T06:14:46.813Z,gpu-3uwoq-6g3ya-2,ib_hw_counter,rdma_vf_rail1,duplicate_request,0
2026-09-30T06:14:46.813Z,gpu-3uwoq-6g3ya-2,ib_counter,rdma_vf_rail2,port_xmit_data,2.76181e+12
2026-09-30T06:14:46.813Z,gpu-3uwoq-6g3ya-2,ib_counter,rdma_vf_rail2,port_rcv_data,5.72057e+12
2026-09-30T06:14:46.813Z,gpu-3uwoq-6g3ya-2,ib_counter,rdma_vf_rail2,port_xmit_packets,9.4252e+08
2026-09-30T06:14:46.813Z,gpu-3uwoq-6g3ya-2,ib_counter,rdma_vf_rail2,port_rcv_packets,1.56133e+09
2026-09-30T06:14:46.813Z,gpu-3uwoq-6g3ya-2,ib_counter,rdma_vf_rail2,port_xmit_wait,0
2026-09-30T06:14:46.813Z,gpu-3uwoq-6g3ya-2,ib_counter,rdma_vf_rail2,port_rcv_errors,0
2026-09-30T06:14:46.813Z,gpu-3uwoq-6g3ya-2,ib_counter,rdma_vf_rail2,port_xmit_discards,0
2026-09-30T06:14:46.813Z,gpu-3uwoq-6g3ya-2,ib_counter,rdma_vf_rail2,link_downed,0
2026-09-30T06:14:46.813Z,gpu-3uwoq-6g3ya-2,ib_hw_counter,rdma_vf_rail2,out_of_sequence,0
2026-09-30T06:14:46.813Z,gpu-3uwoq-6g3ya-2,ib_hw_counter,rdma_vf_rail2,packet_seq_err,0
2026-09-30T06:14:46.813Z,gpu-3uwoq-6g3ya-2,ib_hw_counter,rdma_vf_rail2,local_ack_timeout_err,0
2026-09-30T06:14:46.813Z,gpu-3uwoq-6g3ya-2,ib_hw_counter,rdma_vf_rail2,rx_write_requests,7.05021e+08
2026-09-30T06:14:46.813Z,gpu-3uwoq-6g3ya-2,ib_hw_counter,rdma_vf_rail2,rx_read_requests,1.042e+07
2026-09-30T06:14:46.813Z,gpu-3uwoq-6g3ya-2,ib_hw_counter,rdma_vf_rail2,req_cqe_error,0
2026-09-30T06:14:46.813Z,gpu-3uwoq-6g3ya-2,ib_hw_counter,rdma_vf_rail2,resp_cqe_error,0
2026-09-30T06:14:46.813Z,gpu-3uwoq-6g3ya-2,ib_hw_counter,rdma_vf_rail2,implied_nak_seq_err,0
2026-09-30T06:14:46.813Z,gpu-3uwoq-6g3ya-2,ib_hw_counter,rdma_vf_rail2,duplicate_request,0
2026-09-30T06:14:46.813Z,gpu-3uwoq-6g3ya-2,ib_counter,rdma_vf_rail3,port_xmit_data,2.76167e+12
2026-09-30T06:14:46.813Z,gpu-3uwoq-6g3ya-2,ib_counter,rdma_vf_rail3,port_rcv_data,5.72118e+12
2026-09-30T06:14:46.813Z,gpu-3uwoq-6g3ya-2,ib_counter,rdma_vf_rail3,port_xmit_packets,9.40862e+08
2026-09-30T06:14:46.813Z,gpu-3uwoq-6g3ya-2,ib_counter,rdma_vf_rail3,port_rcv_packets,1.56875e+09
2026-09-30T06:14:46.813Z,gpu-3uwoq-6g3ya-2,ib_counter,rdma_vf_rail3,port_xmit_wait,0
2026-09-30T06:14:46.813Z,gpu-3uwoq-6g3ya-2,ib_counter,rdma_vf_rail3,port_rcv_errors,0
2026-09-30T06:14:46.813Z,gpu-3uwoq-6g3ya-2,ib_counter,rdma_vf_rail3,port_xmit_discards,0
2026-09-30T06:14:46.813Z,gpu-3uwoq-6g3ya-2,ib_counter,rdma_vf_rail3,link_downed,0
2026-09-30T06:14:46.813Z,gpu-3uwoq-6g3ya-2,ib_hw_counter,rdma_vf_rail3,out_of_sequence,0
2026-09-30T06:14:46.813Z,gpu-3uwoq-6g3ya-2,ib_hw_counter,rdma_vf_rail3,packet_seq_err,1
2026-09-30T06:14:46.813Z,gpu-3uwoq-6g3ya-2,ib_hw_counter,rdma_vf_rail3,local_ack_timeout_err,0
2026-09-30T06:14:46.813Z,gpu-3uwoq-6g3ya-2,ib_hw_counter,rdma_vf_rail3,rx_write_requests,7.05021e+08
2026-09-30T06:14:46.813Z,gpu-3uwoq-6g3ya-2,ib_hw_counter,rdma_vf_rail3,rx_read_requests,1.042e+07
2026-09-30T06:14:46.813Z,gpu-3uwoq-6g3ya-2,ib_hw_counter,rdma_vf_rail3,req_cqe_error,0
2026-09-30T06:14:46.813Z,gpu-3uwoq-6g3ya-2,ib_hw_counter,rdma_vf_rail3,resp_cqe_error,0
2026-09-30T06:14:46.813Z,gpu-3uwoq-6g3ya-2,ib_hw_counter,rdma_vf_rail3,implied_nak_seq_err,0
2026-09-30T06:14:46.813Z,gpu-3uwoq-6g3ya-2,ib_hw_counter,rdma_vf_rail3,duplicate_request,0
2026-09-30T06:14:46.813Z,gpu-3uwoq-6g3ya-2,dcgm,gpu2,gpu_util,0
2026-09-30T06:14:46.813Z,gpu-3uwoq-6g3ya-2,dcgm,gpu3,gpu_util,0
2026-09-30T06:14:46.813Z,gpu-3uwoq-6g3ya-2,dcgm,gpu1,gpu_util,0
2026-09-30T06:14:46.813Z,gpu-3uwoq-6g3ya-2,dcgm,gpu0,gpu_util,0
2026-09-30T06:14:46.813Z,gpu-3uwoq-6g3ya-2,dcgm,gpu2,nvlink_bandwidth_total,0
2026-09-30T06:14:46.813Z,gpu-3uwoq-6g3ya-2,dcgm,gpu3,nvlink_bandwidth_total,0
2026-09-30T06:14:46.813Z,gpu-3uwoq-6g3ya-2,dcgm,gpu1,nvlink_bandwidth_total,0
2026-09-30T06:14:46.813Z,gpu-3uwoq-6g3ya-2,dcgm,gpu0,nvlink_bandwidth_total,0
2026-09-30T06:14:46.813Z,gpu-3uwoq-6g3ya-2,dcgm,gpu2,power_w,231.02
2026-09-30T06:14:46.813Z,gpu-3uwoq-6g3ya-2,dcgm,gpu3,power_w,234.244
2026-09-30T06:14:46.813Z,gpu-3uwoq-6g3ya-2,dcgm,gpu1,power_w,230.033
2026-09-30T06:14:46.813Z,gpu-3uwoq-6g3ya-2,dcgm,gpu0,power_w,226.432
2026-09-30T06:14:46.813Z,gpu-3uwoq-6g3ya-2,dcgm,gpu2,sm_clock_mhz,2070
2026-09-30T06:14:46.813Z,gpu-3uwoq-6g3ya-2,dcgm,gpu3,sm_clock_mhz,2070
2026-09-30T06:14:46.813Z,gpu-3uwoq-6g3ya-2,dcgm,gpu1,sm_clock_mhz,2070
2026-09-30T06:14:46.813Z,gpu-3uwoq-6g3ya-2,dcgm,gpu0,sm_clock_mhz,2070
2026-09-30T06:14:46.813Z,gpu-3uwoq-6g3ya-2,dcgm,gpu2,dram_active,1.1e-05
2026-09-30T06:14:46.813Z,gpu-3uwoq-6g3ya-2,dcgm,gpu3,dram_active,1.1e-05
2026-09-30T06:14:46.813Z,gpu-3uwoq-6g3ya-2,dcgm,gpu1,dram_active,1.1e-05
2026-09-30T06:14:46.813Z,gpu-3uwoq-6g3ya-2,dcgm,gpu0,dram_active,1.1e-05
2026-09-30T06:14:46.813Z,gpu-3uwoq-6g3ya-2,dcgm,gpu2,pcie_rx_bytes,231427
2026-09-30T06:14:46.813Z,gpu-3uwoq-6g3ya-2,dcgm,gpu3,pcie_rx_bytes,236046
2026-09-30T06:14:46.813Z,gpu-3uwoq-6g3ya-2,dcgm,gpu1,pcie_rx_bytes,255387
2026-09-30T06:14:46.813Z,gpu-3uwoq-6g3ya-2,dcgm,gpu0,pcie_rx_bytes,256140
2026-09-30T06:14:46.813Z,gpu-3uwoq-6g3ya-2,dcgm,gpu2,pcie_tx_bytes,158367
2026-09-30T06:14:46.813Z,gpu-3uwoq-6g3ya-2,dcgm,gpu3,pcie_tx_bytes,162636
2026-09-30T06:14:46.813Z,gpu-3uwoq-6g3ya-2,dcgm,gpu1,pcie_tx_bytes,182307
2026-09-30T06:14:46.813Z,gpu-3uwoq-6g3ya-2,dcgm,gpu0,pcie_tx_bytes,182239
2026-09-30T06:14:46.813Z,gpu-3uwoq-6g3ya-2,dcgm,gpu2,tensor_active,0
2026-09-30T06:14:46.813Z,gpu-3uwoq-6g3ya-2,dcgm,gpu3,tensor_active,0
2026-09-30T06:14:46.813Z,gpu-3uwoq-6g3ya-2,dcgm,gpu1,tensor_active,0
2026-09-30T06:14:46.813Z,gpu-3uwoq-6g3ya-2,dcgm,gpu0,tensor_active,0
2026-09-30T06:14:46.813Z,gpu-3uwoq-6g3ya-2,dcgm,gpu2,sm_active,0.000251
2026-09-30T06:14:46.813Z,gpu-3uwoq-6g3ya-2,dcgm,gpu3,sm_active,0.000264
2026-09-30T06:14:46.813Z,gpu-3uwoq-6g3ya-2,dcgm,gpu1,sm_active,0.000284
2026-09-30T06:14:46.813Z,gpu-3uwoq-6g3ya-2,dcgm,gpu0,sm_active,0.000181
2026-09-30T06:14:46.813Z,gpu-3uwoq-6g3ya-2,nvlink,gpu0,nvlink_rx_bytes,4.66294e+13
2026-09-30T06:14:46.813Z,gpu-3uwoq-6g3ya-2,nvlink,gpu0,nvlink_tx_bytes,4.66299e+13
2026-09-30T06:14:46.813Z,gpu-3uwoq-6g3ya-2,nvlink,gpu1,nvlink_rx_bytes,4.66294e+13
2026-09-30T06:14:46.813Z,gpu-3uwoq-6g3ya-2,nvlink,gpu1,nvlink_tx_bytes,4.66297e+13
2026-09-30T06:14:46.813Z,gpu-3uwoq-6g3ya-2,nvlink,gpu2,nvlink_rx_bytes,4.66291e+13
2026-09-30T06:14:46.813Z,gpu-3uwoq-6g3ya-2,nvlink,gpu2,nvlink_tx_bytes,4.66294e+13
2026-09-30T06:14:46.813Z,gpu-3uwoq-6g3ya-2,nvlink,gpu3,nvlink_rx_bytes,4.66274e+13
2026-09-30T06:14:46.813Z,gpu-3uwoq-6g3ya-2,nvlink,gpu3,nvlink_tx_bytes,4.66275e+13
2026-09-30T06:14:47.813Z,gpu-3uwoq-6g3ya-2,ib_counter,rdma_vf_rail0,port_xmit_data,2.76329e+12
2026-09-30T06:14:47.813Z,gpu-3uwoq-6g3ya-2,ib_counter,rdma_vf_rail0,port_rcv_data,5.72235e+12
2026-09-30T06:14:47.813Z,gpu-3uwoq-6g3ya-2,ib_counter,rdma_vf_rail0,port_xmit_packets,9.5609e+08
2026-09-30T06:14:47.813Z,gpu-3uwoq-6g3ya-2,ib_counter,rdma_vf_rail0,port_rcv_packets,1.57821e+09
2026-09-30T06:14:47.813Z,gpu-3uwoq-6g3ya-2,ib_counter,rdma_vf_rail0,port_xmit_wait,0
2026-09-30T06:14:47.813Z,gpu-3uwoq-6g3ya-2,ib_counter,rdma_vf_rail0,port_rcv_errors,0
2026-09-30T06:14:47.813Z,gpu-3uwoq-6g3ya-2,ib_counter,rdma_vf_rail0,port_xmit_discards,0
2026-09-30T06:14:47.813Z,gpu-3uwoq-6g3ya-2,ib_counter,rdma_vf_rail0,link_downed,0
2026-09-30T06:14:47.813Z,gpu-3uwoq-6g3ya-2,ib_hw_counter,rdma_vf_rail0,out_of_sequence,0
2026-09-30T06:14:47.813Z,gpu-3uwoq-6g3ya-2,ib_hw_counter,rdma_vf_rail0,packet_seq_err,0
2026-09-30T06:14:47.813Z,gpu-3uwoq-6g3ya-2,ib_hw_counter,rdma_vf_rail0,local_ack_timeout_err,0
2026-09-30T06:14:47.813Z,gpu-3uwoq-6g3ya-2,ib_hw_counter,rdma_vf_rail0,rx_write_requests,7.05021e+08
2026-09-30T06:14:47.813Z,gpu-3uwoq-6g3ya-2,ib_hw_counter,rdma_vf_rail0,rx_read_requests,1.042e+07
2026-09-30T06:14:47.813Z,gpu-3uwoq-6g3ya-2,ib_hw_counter,rdma_vf_rail0,req_cqe_error,0
2026-09-30T06:14:47.813Z,gpu-3uwoq-6g3ya-2,ib_hw_counter,rdma_vf_rail0,resp_cqe_error,0
2026-09-30T06:14:47.813Z,gpu-3uwoq-6g3ya-2,ib_hw_counter,rdma_vf_rail0,implied_nak_seq_err,0
2026-09-30T06:14:47.813Z,gpu-3uwoq-6g3ya-2,ib_hw_counter,rdma_vf_rail0,duplicate_request,0
2026-09-30T06:14:47.813Z,gpu-3uwoq-6g3ya-2,ib_counter,rdma_vf_rail1,port_xmit_data,2.76263e+12
2026-09-30T06:14:47.813Z,gpu-3uwoq-6g3ya-2,ib_counter,rdma_vf_rail1,port_rcv_data,5.72189e+12
2026-09-30T06:14:47.813Z,gpu-3uwoq-6g3ya-2,ib_counter,rdma_vf_rail1,port_xmit_packets,9.52939e+08
2026-09-30T06:14:47.813Z,gpu-3uwoq-6g3ya-2,ib_counter,rdma_vf_rail1,port_rcv_packets,1.57742e+09
2026-09-30T06:14:47.813Z,gpu-3uwoq-6g3ya-2,ib_counter,rdma_vf_rail1,port_xmit_wait,0
2026-09-30T06:14:47.813Z,gpu-3uwoq-6g3ya-2,ib_counter,rdma_vf_rail1,port_rcv_errors,0
2026-09-30T06:14:47.813Z,gpu-3uwoq-6g3ya-2,ib_counter,rdma_vf_rail1,port_xmit_discards,0
2026-09-30T06:14:47.813Z,gpu-3uwoq-6g3ya-2,ib_counter,rdma_vf_rail1,link_downed,0
2026-09-30T06:14:47.813Z,gpu-3uwoq-6g3ya-2,ib_hw_counter,rdma_vf_rail1,out_of_sequence,0
2026-09-30T06:14:47.813Z,gpu-3uwoq-6g3ya-2,ib_hw_counter,rdma_vf_rail1,packet_seq_err,0
2026-09-30T06:14:47.813Z,gpu-3uwoq-6g3ya-2,ib_hw_counter,rdma_vf_rail1,local_ack_timeout_err,0
2026-09-30T06:14:47.813Z,gpu-3uwoq-6g3ya-2,ib_hw_counter,rdma_vf_rail1,rx_write_requests,7.05022e+08
2026-09-30T06:14:47.813Z,gpu-3uwoq-6g3ya-2,ib_hw_counter,rdma_vf_rail1,rx_read_requests,1.042e+07
2026-09-30T06:14:47.813Z,gpu-3uwoq-6g3ya-2,ib_hw_counter,rdma_vf_rail1,req_cqe_error,0
2026-09-30T06:14:47.813Z,gpu-3uwoq-6g3ya-2,ib_hw_counter,rdma_vf_rail1,resp_cqe_error,0
2026-09-30T06:14:47.813Z,gpu-3uwoq-6g3ya-2,ib_hw_counter,rdma_vf_rail1,implied_nak_seq_err,0
2026-09-30T06:14:47.813Z,gpu-3uwoq-6g3ya-2,ib_hw_counter,rdma_vf_rail1,duplicate_request,0
2026-09-30T06:14:47.813Z,gpu-3uwoq-6g3ya-2,ib_counter,rdma_vf_rail2,port_xmit_data,2.76181e+12
2026-09-30T06:14:47.813Z,gpu-3uwoq-6g3ya-2,ib_counter,rdma_vf_rail2,port_rcv_data,5.72057e+12
2026-09-30T06:14:47.813Z,gpu-3uwoq-6g3ya-2,ib_counter,rdma_vf_rail2,port_xmit_packets,9.4252e+08
2026-09-30T06:14:47.813Z,gpu-3uwoq-6g3ya-2,ib_counter,rdma_vf_rail2,port_rcv_packets,1.56133e+09
2026-09-30T06:14:47.813Z,gpu-3uwoq-6g3ya-2,ib_counter,rdma_vf_rail2,port_xmit_wait,0
2026-09-30T06:14:47.813Z,gpu-3uwoq-6g3ya-2,ib_counter,rdma_vf_rail2,port_rcv_errors,0
2026-09-30T06:14:47.813Z,gpu-3uwoq-6g3ya-2,ib_counter,rdma_vf_rail2,port_xmit_discards,0
2026-09-30T06:14:47.813Z,gpu-3uwoq-6g3ya-2,ib_counter,rdma_vf_rail2,link_downed,0
2026-09-30T06:14:47.813Z,gpu-3uwoq-6g3ya-2,ib_hw_counter,rdma_vf_rail2,out_of_sequence,0
2026-09-30T06:14:47.813Z,gpu-3uwoq-6g3ya-2,ib_hw_counter,rdma_vf_rail2,packet_seq_err,0
2026-09-30T06:14:47.813Z,gpu-3uwoq-6g3ya-2,ib_hw_counter,rdma_vf_rail2,local_ack_timeout_err,0
2026-09-30T06:14:47.813Z,gpu-3uwoq-6g3ya-2,ib_hw_counter,rdma_vf_rail2,rx_write_requests,7.05021e+08
2026-09-30T06:14:47.813Z,gpu-3uwoq-6g3ya-2,ib_hw_counter,rdma_vf_rail2,rx_read_requests,1.042e+07
2026-09-30T06:14:47.813Z,gpu-3uwoq-6g3ya-2,ib_hw_counter,rdma_vf_rail2,req_cqe_error,0
2026-09-30T06:14:47.813Z,gpu-3uwoq-6g3ya-2,ib_hw_counter,rdma_vf_rail2,resp_cqe_error,0
2026-09-30T06:14:47.813Z,gpu-3uwoq-6g3ya-2,ib_hw_counter,rdma_vf_rail2,implied_nak_seq_err,0
2026-09-30T06:14:47.813Z,gpu-3uwoq-6g3ya-2,ib_hw_counter,rdma_vf_rail2,duplicate_request,0
2026-09-30T06:14:47.813Z,gpu-3uwoq-6g3ya-2,ib_counter,rdma_vf_rail3,port_xmit_data,2.76167e+12
2026-09-30T06:14:47.813Z,gpu-3uwoq-6g3ya-2,ib_counter,rdma_vf_rail3,port_rcv_data,5.72118e+12
2026-09-30T06:14:47.813Z,gpu-3uwoq-6g3ya-2,ib_counter,rdma_vf_rail3,port_xmit_packets,9.40862e+08
2026-09-30T06:14:47.813Z,gpu-3uwoq-6g3ya-2,ib_counter,rdma_vf_rail3,port_rcv_packets,1.56875e+09
2026-09-30T06:14:47.813Z,gpu-3uwoq-6g3ya-2,ib_counter,rdma_vf_rail3,port_xmit_wait,0
2026-09-30T06:14:47.813Z,gpu-3uwoq-6g3ya-2,ib_counter,rdma_vf_rail3,port_rcv_errors,0
2026-09-30T06:14:47.813Z,gpu-3uwoq-6g3ya-2,ib_counter,rdma_vf_rail3,port_xmit_discards,0
2026-09-30T06:14:47.813Z,gpu-3uwoq-6g3ya-2,ib_counter,rdma_vf_rail3,link_downed,0
2026-09-30T06:14:47.813Z,gpu-3uwoq-6g3ya-2,ib_hw_counter,rdma_vf_rail3,out_of_sequence,0
2026-09-30T06:14:47.813Z,gpu-3uwoq-6g3ya-2,ib_hw_counter,rdma_vf_rail3,packet_seq_err,1
2026-09-30T06:14:47.813Z,gpu-3uwoq-6g3ya-2,ib_hw_counter,rdma_vf_rail3,local_ack_timeout_err,0
2026-09-30T06:14:47.813Z,gpu-3uwoq-6g3ya-2,ib_hw_counter,rdma_vf_rail3,rx_write_requests,7.05021e+08
2026-09-30T06:14:47.813Z,gpu-3uwoq-6g3ya-2,ib_hw_counter,rdma_vf_rail3,rx_read_requests,1.042e+07
2026-09-30T06:14:47.813Z,gpu-3uwoq-6g3ya-2,ib_hw_counter,rdma_vf_rail3,req_cqe_error,0
2026-09-30T06:14:47.813Z,gpu-3uwoq-6g3ya-2,ib_hw_counter,rdma_vf_rail3,resp_cqe_error,0
2026-09-30T06:14:47.813Z,gpu-3uwoq-6g3ya-2,ib_hw_counter,rdma_vf_rail3,implied_nak_seq_err,0
2026-09-30T06:14:47.813Z,gpu-3uwoq-6g3ya-2,ib_hw_counter,rdma_vf_rail3,duplicate_request,0
2026-09-30T06:14:47.813Z,gpu-3uwoq-6g3ya-2,dcgm,gpu2,gpu_util,0
2026-09-30T06:14:47.813Z,gpu-3uwoq-6g3ya-2,dcgm,gpu3,gpu_util,0
2026-09-30T06:14:47.813Z,gpu-3uwoq-6g3ya-2,dcgm,gpu1,gpu_util,0
2026-09-30T06:14:47.813Z,gpu-3uwoq-6g3ya-2,dcgm,gpu0,gpu_util,0
2026-09-30T06:14:47.813Z,gpu-3uwoq-6g3ya-2,dcgm,gpu2,nvlink_bandwidth_total,0
2026-09-30T06:14:47.813Z,gpu-3uwoq-6g3ya-2,dcgm,gpu3,nvlink_bandwidth_total,0
2026-09-30T06:14:47.813Z,gpu-3uwoq-6g3ya-2,dcgm,gpu1,nvlink_bandwidth_total,0
2026-09-30T06:14:47.813Z,gpu-3uwoq-6g3ya-2,dcgm,gpu0,nvlink_bandwidth_total,0
2026-09-30T06:14:47.813Z,gpu-3uwoq-6g3ya-2,dcgm,gpu2,power_w,231.067
2026-09-30T06:14:47.813Z,gpu-3uwoq-6g3ya-2,dcgm,gpu3,power_w,233.398
2026-09-30T06:14:47.813Z,gpu-3uwoq-6g3ya-2,dcgm,gpu1,power_w,230.033
2026-09-30T06:14:47.813Z,gpu-3uwoq-6g3ya-2,dcgm,gpu0,power_w,226.432
2026-09-30T06:14:47.813Z,gpu-3uwoq-6g3ya-2,dcgm,gpu2,sm_clock_mhz,2070
2026-09-30T06:14:47.813Z,gpu-3uwoq-6g3ya-2,dcgm,gpu3,sm_clock_mhz,2070
2026-09-30T06:14:47.813Z,gpu-3uwoq-6g3ya-2,dcgm,gpu1,sm_clock_mhz,2070
2026-09-30T06:14:47.813Z,gpu-3uwoq-6g3ya-2,dcgm,gpu0,sm_clock_mhz,2070
2026-09-30T06:14:47.813Z,gpu-3uwoq-6g3ya-2,dcgm,gpu2,dram_active,0
2026-09-30T06:14:47.813Z,gpu-3uwoq-6g3ya-2,dcgm,gpu3,dram_active,0
2026-09-30T06:14:47.813Z,gpu-3uwoq-6g3ya-2,dcgm,gpu1,dram_active,1.1e-05
2026-09-30T06:14:47.813Z,gpu-3uwoq-6g3ya-2,dcgm,gpu0,dram_active,1.1e-05
2026-09-30T06:14:47.813Z,gpu-3uwoq-6g3ya-2,dcgm,gpu2,pcie_rx_bytes,50935
2026-09-30T06:14:47.813Z,gpu-3uwoq-6g3ya-2,dcgm,gpu3,pcie_rx_bytes,236046
2026-09-30T06:14:47.813Z,gpu-3uwoq-6g3ya-2,dcgm,gpu1,pcie_rx_bytes,64080
2026-09-30T06:14:47.813Z,gpu-3uwoq-6g3ya-2,dcgm,gpu0,pcie_rx_bytes,55661
2026-09-30T06:14:47.813Z,gpu-3uwoq-6g3ya-2,dcgm,gpu2,pcie_tx_bytes,158367
2026-09-30T06:14:47.813Z,gpu-3uwoq-6g3ya-2,dcgm,gpu3,pcie_tx_bytes,162636
2026-09-30T06:14:47.813Z,gpu-3uwoq-6g3ya-2,dcgm,gpu1,pcie_tx_bytes,62906
2026-09-30T06:14:47.813Z,gpu-3uwoq-6g3ya-2,dcgm,gpu0,pcie_tx_bytes,54473
2026-09-30T06:14:47.813Z,gpu-3uwoq-6g3ya-2,dcgm,gpu2,tensor_active,0
2026-09-30T06:14:47.813Z,gpu-3uwoq-6g3ya-2,dcgm,gpu3,tensor_active,0
2026-09-30T06:14:47.813Z,gpu-3uwoq-6g3ya-2,dcgm,gpu1,tensor_active,0
2026-09-30T06:14:47.813Z,gpu-3uwoq-6g3ya-2,dcgm,gpu0,tensor_active,0
2026-09-30T06:14:47.813Z,gpu-3uwoq-6g3ya-2,dcgm,gpu2,sm_active,0
2026-09-30T06:14:47.813Z,gpu-3uwoq-6g3ya-2,dcgm,gpu3,sm_active,0.000264
2026-09-30T06:14:47.813Z,gpu-3uwoq-6g3ya-2,dcgm,gpu1,sm_active,0.000284
2026-09-30T06:14:47.813Z,gpu-3uwoq-6g3ya-2,dcgm,gpu0,sm_active,0
2026-09-30T06:14:47.813Z,gpu-3uwoq-6g3ya-2,nvlink,gpu0,nvlink_rx_bytes,4.66294e+13
2026-09-30T06:14:47.813Z,gpu-3uwoq-6g3ya-2,nvlink,gpu0,nvlink_tx_bytes,4.66299e+13
2026-09-30T06:14:47.813Z,gpu-3uwoq-6g3ya-2,nvlink,gpu1,nvlink_rx_bytes,4.66294e+13
2026-09-30T06:14:47.813Z,gpu-3uwoq-6g3ya-2,nvlink,gpu1,nvlink_tx_bytes,4.66297e+13
2026-09-30T06:14:47.813Z,gpu-3uwoq-6g3ya-2,nvlink,gpu2,nvlink_rx_bytes,4.66291e+13
2026-09-30T06:14:47.813Z,gpu-3uwoq-6g3ya-2,nvlink,gpu2,nvlink_tx_bytes,4.66294e+13
2026-09-30T06:14:47.813Z,gpu-3uwoq-6g3ya-2,nvlink,gpu3,nvlink_rx_bytes,4.66274e+13
2026-09-30T06:14:47.813Z,gpu-3uwoq-6g3ya-2,nvlink,gpu3,nvlink_tx_bytes,4.66275e+13
2026-09-30T06:14:48.813Z,gpu-3uwoq-6g3ya-2,ib_counter,rdma_vf_rail0,port_xmit_data,2.76329e+12
2026-09-30T06:14:48.813Z,gpu-3uwoq-6g3ya-2,ib_counter,rdma_vf_rail0,port_rcv_data,5.72235e+12
2026-09-30T06:14:48.813Z,gpu-3uwoq-6g3ya-2,ib_counter,rdma_vf_rail0,port_xmit_packets,9.5609e+08
2026-09-30T06:14:48.813Z,gpu-3uwoq-6g3ya-2,ib_counter,rdma_vf_rail0,port_rcv_packets,1.57821e+09
2026-09-30T06:14:48.813Z,gpu-3uwoq-6g3ya-2,ib_counter,rdma_vf_rail0,port_xmit_wait,0
2026-09-30T06:14:48.813Z,gpu-3uwoq-6g3ya-2,ib_counter,rdma_vf_rail0,port_rcv_errors,0
2026-09-30T06:14:48.813Z,gpu-3uwoq-6g3ya-2,ib_counter,rdma_vf_rail0,port_xmit_discards,0
2026-09-30T06:14:48.813Z,gpu-3uwoq-6g3ya-2,ib_counter,rdma_vf_rail0,link_downed,0
2026-09-30T06:14:48.813Z,gpu-3uwoq-6g3ya-2,ib_hw_counter,rdma_vf_rail0,out_of_sequence,0
2026-09-30T06:14:48.813Z,gpu-3uwoq-6g3ya-2,ib_hw_counter,rdma_vf_rail0,packet_seq_err,0
2026-09-30T06:14:48.813Z,gpu-3uwoq-6g3ya-2,ib_hw_counter,rdma_vf_rail0,local_ack_timeout_err,0
2026-09-30T06:14:48.813Z,gpu-3uwoq-6g3ya-2,ib_hw_counter,rdma_vf_rail0,rx_write_requests,7.05021e+08
2026-09-30T06:14:48.813Z,gpu-3uwoq-6g3ya-2,ib_hw_counter,rdma_vf_rail0,rx_read_requests,1.042e+07
2026-09-30T06:14:48.813Z,gpu-3uwoq-6g3ya-2,ib_hw_counter,rdma_vf_rail0,req_cqe_error,0
2026-09-30T06:14:48.813Z,gpu-3uwoq-6g3ya-2,ib_hw_counter,rdma_vf_rail0,resp_cqe_error,0
2026-09-30T06:14:48.813Z,gpu-3uwoq-6g3ya-2,ib_hw_counter,rdma_vf_rail0,implied_nak_seq_err,0
2026-09-30T06:14:48.813Z,gpu-3uwoq-6g3ya-2,ib_hw_counter,rdma_vf_rail0,duplicate_request,0
2026-09-30T06:14:48.813Z,gpu-3uwoq-6g3ya-2,ib_counter,rdma_vf_rail1,port_xmit_data,2.76263e+12
2026-09-30T06:14:48.813Z,gpu-3uwoq-6g3ya-2,ib_counter,rdma_vf_rail1,port_rcv_data,5.72189e+12
2026-09-30T06:14:48.813Z,gpu-3uwoq-6g3ya-2,ib_counter,rdma_vf_rail1,port_xmit_packets,9.52939e+08
2026-09-30T06:14:48.813Z,gpu-3uwoq-6g3ya-2,ib_counter,rdma_vf_rail1,port_rcv_packets,1.57742e+09
2026-09-30T06:14:48.813Z,gpu-3uwoq-6g3ya-2,ib_counter,rdma_vf_rail1,port_xmit_wait,0
2026-09-30T06:14:48.813Z,gpu-3uwoq-6g3ya-2,ib_counter,rdma_vf_rail1,port_rcv_errors,0
2026-09-30T06:14:48.813Z,gpu-3uwoq-6g3ya-2,ib_counter,rdma_vf_rail1,port_xmit_discards,0
2026-09-30T06:14:48.813Z,gpu-3uwoq-6g3ya-2,ib_counter,rdma_vf_rail1,link_downed,0
2026-09-30T06:14:48.813Z,gpu-3uwoq-6g3ya-2,ib_hw_counter,rdma_vf_rail1,out_of_sequence,0
2026-09-30T06:14:48.813Z,gpu-3uwoq-6g3ya-2,ib_hw_counter,rdma_vf_rail1,packet_seq_err,0
2026-09-30T06:14:48.813Z,gpu-3uwoq-6g3ya-2,ib_hw_counter,rdma_vf_rail1,local_ack_timeout_err,0
2026-09-30T06:14:48.813Z,gpu-3uwoq-6g3ya-2,ib_hw_counter,rdma_vf_rail1,rx_write_requests,7.05022e+08
2026-09-30T06:14:48.813Z,gpu-3uwoq-6g3ya-2,ib_hw_counter,rdma_vf_rail1,rx_read_requests,1.042e+07
2026-09-30T06:14:48.813Z,gpu-3uwoq-6g3ya-2,ib_hw_counter,rdma_vf_rail1,req_cqe_error,0
2026-09-30T06:14:48.813Z,gpu-3uwoq-6g3ya-2,ib_hw_counter,rdma_vf_rail1,resp_cqe_error,0
2026-09-30T06:14:48.813Z,gpu-3uwoq-6g3ya-2,ib_hw_counter,rdma_vf_rail1,implied_nak_seq_err,0
2026-09-30T06:14:48.813Z,gpu-3uwoq-6g3ya-2,ib_hw_counter,rdma_vf_rail1,duplicate_request,0
2026-09-30T06:14:48.813Z,gpu-3uwoq-6g3ya-2,ib_counter,rdma_vf_rail2,port_xmit_data,2.76181e+12
2026-09-30T06:14:48.813Z,gpu-3uwoq-6g3ya-2,ib_counter,rdma_vf_rail2,port_rcv_data,5.72057e+12
2026-09-30T06:14:48.813Z,gpu-3uwoq-6g3ya-2,ib_counter,rdma_vf_rail2,port_xmit_packets,9.4252e+08
2026-09-30T06:14:48.813Z,gpu-3uwoq-6g3ya-2,ib_counter,rdma_vf_rail2,port_rcv_packets,1.56133e+09
2026-09-30T06:14:48.813Z,gpu-3uwoq-6g3ya-2,ib_counter,rdma_vf_rail2,port_xmit_wait,0
2026-09-30T06:14:48.813Z,gpu-3uwoq-6g3ya-2,ib_counter,rdma_vf_rail2,port_rcv_errors,0
2026-09-30T06:14:48.813Z,gpu-3uwoq-6g3ya-2,ib_counter,rdma_vf_rail2,port_xmit_discards,0
2026-09-30T06:14:48.813Z,gpu-3uwoq-6g3ya-2,ib_counter,rdma_vf_rail2,link_downed,0
2026-09-30T06:14:48.813Z,gpu-3uwoq-6g3ya-2,ib_hw_counter,rdma_vf_rail2,out_of_sequence,0
2026-09-30T06:14:48.813Z,gpu-3uwoq-6g3ya-2,ib_hw_counter,rdma_vf_rail2,packet_seq_err,0
2026-09-30T06:14:48.813Z,gpu-3uwoq-6g3ya-2,ib_hw_counter,rdma_vf_rail2,local_ack_timeout_err,0
2026-09-30T06:14:48.813Z,gpu-3uwoq-6g3ya-2,ib_hw_counter,rdma_vf_rail2,rx_write_requests,7.05021e+08
2026-09-30T06:14:48.813Z,gpu-3uwoq-6g3ya-2,ib_hw_counter,rdma_vf_rail2,rx_read_requests,1.042e+07
2026-09-30T06:14:48.813Z,gpu-3uwoq-6g3ya-2,ib_hw_counter,rdma_vf_rail2,req_cqe_error,0
2026-09-30T06:14:48.813Z,gpu-3uwoq-6g3ya-2,ib_hw_counter,rdma_vf_rail2,resp_cqe_error,0
2026-09-30T06:14:48.813Z,gpu-3uwoq-6g3ya-2,ib_hw_counter,rdma_vf_rail2,implied_nak_seq_err,0
2026-09-30T06:14:48.813Z,gpu-3uwoq-6g3ya-2,ib_hw_counter,rdma_vf_rail2,duplicate_request,0
2026-09-30T06:14:48.813Z,gpu-3uwoq-6g3ya-2,ib_counter,rdma_vf_rail3,port_xmit_data,2.76167e+12
2026-09-30T06:14:48.813Z,gpu-3uwoq-6g3ya-2,ib_counter,rdma_vf_rail3,port_rcv_data,5.72118e+12
2026-09-30T06:14:48.813Z,gpu-3uwoq-6g3ya-2,ib_counter,rdma_vf_rail3,port_xmit_packets,9.40862e+08
2026-09-30T06:14:48.813Z,gpu-3uwoq-6g3ya-2,ib_counter,rdma_vf_rail3,port_rcv_packets,1.56875e+09
2026-09-30T06:14:48.813Z,gpu-3uwoq-6g3ya-2,ib_counter,rdma_vf_rail3,port_xmit_wait,0
2026-09-30T06:14:48.813Z,gpu-3uwoq-6g3ya-2,ib_counter,rdma_vf_rail3,port_rcv_errors,0
2026-09-30T06:14:48.813Z,gpu-3uwoq-6g3ya-2,ib_counter,rdma_vf_rail3,port_xmit_discards,0
2026-09-30T06:14:48.813Z,gpu-3uwoq-6g3ya-2,ib_counter,rdma_vf_rail3,link_downed,0
2026-09-30T06:14:48.813Z,gpu-3uwoq-6g3ya-2,ib_hw_counter,rdma_vf_rail3,out_of_sequence,0
2026-09-30T06:14:48.813Z,gpu-3uwoq-6g3ya-2,ib_hw_counter,rdma_vf_rail3,packet_seq_err,1
2026-09-30T06:14:48.813Z,gpu-3uwoq-6g3ya-2,ib_hw_counter,rdma_vf_rail3,local_ack_timeout_err,0
2026-09-30T06:14:48.813Z,gpu-3uwoq-6g3ya-2,ib_hw_counter,rdma_vf_rail3,rx_write_requests,7.05021e+08
2026-09-30T06:14:48.813Z,gpu-3uwoq-6g3ya-2,ib_hw_counter,rdma_vf_rail3,rx_read_requests,1.042e+07
2026-09-30T06:14:48.813Z,gpu-3uwoq-6g3ya-2,ib_hw_counter,rdma_vf_rail3,req_cqe_error,0
2026-09-30T06:14:48.813Z,gpu-3uwoq-6g3ya-2,ib_hw_counter,rdma_vf_rail3,resp_cqe_error,0
2026-09-30T06:14:48.813Z,gpu-3uwoq-6g3ya-2,ib_hw_counter,rdma_vf_rail3,implied_nak_seq_err,0
2026-09-30T06:14:48.813Z,gpu-3uwoq-6g3ya-2,ib_hw_counter,rdma_vf_rail3,duplicate_request,0
2026-09-30T06:14:48.813Z,gpu-3uwoq-6g3ya-2,dcgm,gpu2,gpu_util,0
2026-09-30T06:14:48.813Z,gpu-3uwoq-6g3ya-2,dcgm,gpu3,gpu_util,0
2026-09-30T06:14:48.813Z,gpu-3uwoq-6g3ya-2,dcgm,gpu1,gpu_util,0
2026-09-30T06:14:48.813Z,gpu-3uwoq-6g3ya-2,dcgm,gpu0,gpu_util,0
2026-09-30T06:14:48.813Z,gpu-3uwoq-6g3ya-2,dcgm,gpu2,nvlink_bandwidth_total,0
2026-09-30T06:14:48.813Z,gpu-3uwoq-6g3ya-2,dcgm,gpu3,nvlink_bandwidth_total,0
2026-09-30T06:14:48.813Z,gpu-3uwoq-6g3ya-2,dcgm,gpu1,nvlink_bandwidth_total,0
2026-09-30T06:14:48.813Z,gpu-3uwoq-6g3ya-2,dcgm,gpu0,nvlink_bandwidth_total,0
2026-09-30T06:14:48.813Z,gpu-3uwoq-6g3ya-2,dcgm,gpu2,power_w,231.067
2026-09-30T06:14:48.813Z,gpu-3uwoq-6g3ya-2,dcgm,gpu3,power_w,233.398
2026-09-30T06:14:48.813Z,gpu-3uwoq-6g3ya-2,dcgm,gpu1,power_w,230.033
2026-09-30T06:14:48.813Z,gpu-3uwoq-6g3ya-2,dcgm,gpu0,power_w,226.432
2026-09-30T06:14:48.813Z,gpu-3uwoq-6g3ya-2,dcgm,gpu2,sm_clock_mhz,2070
2026-09-30T06:14:48.813Z,gpu-3uwoq-6g3ya-2,dcgm,gpu3,sm_clock_mhz,2070
2026-09-30T06:14:48.813Z,gpu-3uwoq-6g3ya-2,dcgm,gpu1,sm_clock_mhz,2070
2026-09-30T06:14:48.813Z,gpu-3uwoq-6g3ya-2,dcgm,gpu0,sm_clock_mhz,2070
2026-09-30T06:14:48.813Z,gpu-3uwoq-6g3ya-2,dcgm,gpu2,dram_active,0
2026-09-30T06:14:48.813Z,gpu-3uwoq-6g3ya-2,dcgm,gpu3,dram_active,0
2026-09-30T06:14:48.813Z,gpu-3uwoq-6g3ya-2,dcgm,gpu1,dram_active,1.1e-05
2026-09-30T06:14:48.813Z,gpu-3uwoq-6g3ya-2,dcgm,gpu0,dram_active,1.1e-05
2026-09-30T06:14:48.813Z,gpu-3uwoq-6g3ya-2,dcgm,gpu2,pcie_rx_bytes,50935
2026-09-30T06:14:48.813Z,gpu-3uwoq-6g3ya-2,dcgm,gpu3,pcie_rx_bytes,236046
2026-09-30T06:14:48.813Z,gpu-3uwoq-6g3ya-2,dcgm,gpu1,pcie_rx_bytes,64080
2026-09-30T06:14:48.813Z,gpu-3uwoq-6g3ya-2,dcgm,gpu0,pcie_rx_bytes,55661
2026-09-30T06:14:48.813Z,gpu-3uwoq-6g3ya-2,dcgm,gpu2,pcie_tx_bytes,158367
2026-09-30T06:14:48.813Z,gpu-3uwoq-6g3ya-2,dcgm,gpu3,pcie_tx_bytes,162636
2026-09-30T06:14:48.813Z,gpu-3uwoq-6g3ya-2,dcgm,gpu1,pcie_tx_bytes,62906
2026-09-30T06:14:48.813Z,gpu-3uwoq-6g3ya-2,dcgm,gpu0,pcie_tx_bytes,54473
2026-09-30T06:14:48.813Z,gpu-3uwoq-6g3ya-2,dcgm,gpu2,tensor_active,0
2026-09-30T06:14:48.813Z,gpu-3uwoq-6g3ya-2,dcgm,gpu3,tensor_active,0
2026-09-30T06:14:48.813Z,gpu-3uwoq-6g3ya-2,dcgm,gpu1,tensor_active,0
2026-09-30T06:14:48.813Z,gpu-3uwoq-6g3ya-2,dcgm,gpu0,tensor_active,0
2026-09-30T06:14:48.813Z,gpu-3uwoq-6g3ya-2,dcgm,gpu2,sm_active,0
2026-09-30T06:14:48.813Z,gpu-3uwoq-6g3ya-2,dcgm,gpu3,sm_active,0.000264
2026-09-30T06:14:48.813Z,gpu-3uwoq-6g3ya-2,dcgm,gpu1,sm_active,0.000284
2026-09-30T06:14:48.813Z,gpu-3uwoq-6g3ya-2,dcgm,gpu0,sm_active,0
2026-09-30T06:14:48.813Z,gpu-3uwoq-6g3ya-2,nvlink,gpu0,nvlink_rx_bytes,4.66294e+13
2026-09-30T06:14:48.813Z,gpu-3uwoq-6g3ya-2,nvlink,gpu0,nvlink_tx_bytes,4.66299e+13
2026-09-30T06:14:48.813Z,gpu-3uwoq-6g3ya-2,nvlink,gpu1,nvlink_rx_bytes,4.66294e+13
2026-09-30T06:14:48.813Z,gpu-3uwoq-6g3ya-2,nvlink,gpu1,nvlink_tx_bytes,4.66297e+13
2026-09-30T06:14:48.813Z,gpu-3uwoq-6g3ya-2,nvlink,gpu2,nvlink_rx_bytes,4.66291e+13
2026-09-30T06:14:48.813Z,gpu-3uwoq-6g3ya-2,nvlink,gpu2,nvlink_tx_bytes,4.66294e+13
2026-09-30T06:14:48.813Z,gpu-3uwoq-6g3ya-2,nvlink,gpu3,nvlink_rx_bytes,4.66274e+13
2026-09-30T06:14:48.813Z,gpu-3uwoq-6g3ya-2,nvlink,gpu3,nvlink_tx_bytes,4.66275e+13
2026-09-30T06:14:49.813Z,gpu-3uwoq-6g3ya-2,ib_counter,rdma_vf_rail0,port_xmit_data,2.76329e+12
2026-09-30T06:14:49.813Z,gpu-3uwoq-6g3ya-2,ib_counter,rdma_vf_rail0,port_rcv_data,5.72235e+12
2026-09-30T06:14:49.813Z,gpu-3uwoq-6g3ya-2,ib_counter,rdma_vf_rail0,port_xmit_packets,9.5609e+08
2026-09-30T06:14:49.813Z,gpu-3uwoq-6g3ya-2,ib_counter,rdma_vf_rail0,port_rcv_packets,1.57821e+09
2026-09-30T06:14:49.813Z,gpu-3uwoq-6g3ya-2,ib_counter,rdma_vf_rail0,port_xmit_wait,0
2026-09-30T06:14:49.813Z,gpu-3uwoq-6g3ya-2,ib_counter,rdma_vf_rail0,port_rcv_errors,0
2026-09-30T06:14:49.813Z,gpu-3uwoq-6g3ya-2,ib_counter,rdma_vf_rail0,port_xmit_discards,0
2026-09-30T06:14:49.813Z,gpu-3uwoq-6g3ya-2,ib_counter,rdma_vf_rail0,link_downed,0
2026-09-30T06:14:49.813Z,gpu-3uwoq-6g3ya-2,ib_hw_counter,rdma_vf_rail0,out_of_sequence,0
2026-09-30T06:14:49.813Z,gpu-3uwoq-6g3ya-2,ib_hw_counter,rdma_vf_rail0,packet_seq_err,0
2026-09-30T06:14:49.813Z,gpu-3uwoq-6g3ya-2,ib_hw_counter,rdma_vf_rail0,local_ack_timeout_err,0
2026-09-30T06:14:49.813Z,gpu-3uwoq-6g3ya-2,ib_hw_counter,rdma_vf_rail0,rx_write_requests,7.05021e+08
2026-09-30T06:14:49.813Z,gpu-3uwoq-6g3ya-2,ib_hw_counter,rdma_vf_rail0,rx_read_requests,1.042e+07
2026-09-30T06:14:49.813Z,gpu-3uwoq-6g3ya-2,ib_hw_counter,rdma_vf_rail0,req_cqe_error,0
2026-09-30T06:14:49.813Z,gpu-3uwoq-6g3ya-2,ib_hw_counter,rdma_vf_rail0,resp_cqe_error,0
2026-09-30T06:14:49.813Z,gpu-3uwoq-6g3ya-2,ib_hw_counter,rdma_vf_rail0,implied_nak_seq_err,0
2026-09-30T06:14:49.813Z,gpu-3uwoq-6g3ya-2,ib_hw_counter,rdma_vf_rail0,duplicate_request,0
2026-09-30T06:14:49.813Z,gpu-3uwoq-6g3ya-2,ib_counter,rdma_vf_rail1,port_xmit_data,2.76263e+12
2026-09-30T06:14:49.813Z,gpu-3uwoq-6g3ya-2,ib_counter,rdma_vf_rail1,port_rcv_data,5.72189e+12
2026-09-30T06:14:49.813Z,gpu-3uwoq-6g3ya-2,ib_counter,rdma_vf_rail1,port_xmit_packets,9.52939e+08
2026-09-30T06:14:49.813Z,gpu-3uwoq-6g3ya-2,ib_counter,rdma_vf_rail1,port_rcv_packets,1.57742e+09
2026-09-30T06:14:49.813Z,gpu-3uwoq-6g3ya-2,ib_counter,rdma_vf_rail1,port_xmit_wait,0
2026-09-30T06:14:49.813Z,gpu-3uwoq-6g3ya-2,ib_counter,rdma_vf_rail1,port_rcv_errors,0
2026-09-30T06:14:49.813Z,gpu-3uwoq-6g3ya-2,ib_counter,rdma_vf_rail1,port_xmit_discards,0
2026-09-30T06:14:49.813Z,gpu-3uwoq-6g3ya-2,ib_counter,rdma_vf_rail1,link_downed,0
2026-09-30T06:14:49.813Z,gpu-3uwoq-6g3ya-2,ib_hw_counter,rdma_vf_rail1,out_of_sequence,0
2026-09-30T06:14:49.813Z,gpu-3uwoq-6g3ya-2,ib_hw_counter,rdma_vf_rail1,packet_seq_err,0
2026-09-30T06:14:49.813Z,gpu-3uwoq-6g3ya-2,ib_hw_counter,rdma_vf_rail1,local_ack_timeout_err,0
2026-09-30T06:14:49.813Z,gpu-3uwoq-6g3ya-2,ib_hw_counter,rdma_vf_rail1,rx_write_requests,7.05022e+08
2026-09-30T06:14:49.813Z,gpu-3uwoq-6g3ya-2,ib_hw_counter,rdma_vf_rail1,rx_read_requests,1.042e+07
2026-09-30T06:14:49.813Z,gpu-3uwoq-6g3ya-2,ib_hw_counter,rdma_vf_rail1,req_cqe_error,0
2026-09-30T06:14:49.813Z,gpu-3uwoq-6g3ya-2,ib_hw_counter,rdma_vf_rail1,resp_cqe_error,0
2026-09-30T06:14:49.813Z,gpu-3uwoq-6g3ya-2,ib_hw_counter,rdma_vf_rail1,implied_nak_seq_err,0
2026-09-30T06:14:49.813Z,gpu-3uwoq-6g3ya-2,ib_hw_counter,rdma_vf_rail1,duplicate_request,0
2026-09-30T06:14:49.813Z,gpu-3uwoq-6g3ya-2,ib_counter,rdma_vf_rail2,port_xmit_data,2.76181e+12
2026-09-30T06:14:49.813Z,gpu-3uwoq-6g3ya-2,ib_counter,rdma_vf_rail2,port_rcv_data,5.72057e+12
2026-09-30T06:14:49.813Z,gpu-3uwoq-6g3ya-2,ib_counter,rdma_vf_rail2,port_xmit_packets,9.4252e+08
2026-09-30T06:14:49.813Z,gpu-3uwoq-6g3ya-2,ib_counter,rdma_vf_rail2,port_rcv_packets,1.56133e+09
2026-09-30T06:14:49.813Z,gpu-3uwoq-6g3ya-2,ib_counter,rdma_vf_rail2,port_xmit_wait,0
2026-09-30T06:14:49.813Z,gpu-3uwoq-6g3ya-2,ib_counter,rdma_vf_rail2,port_rcv_errors,0
2026-09-30T06:14:49.813Z,gpu-3uwoq-6g3ya-2,ib_counter,rdma_vf_rail2,port_xmit_discards,0
2026-09-30T06:14:49.813Z,gpu-3uwoq-6g3ya-2,ib_counter,rdma_vf_rail2,link_downed,0
2026-09-30T06:14:49.813Z,gpu-3uwoq-6g3ya-2,ib_hw_counter,rdma_vf_rail2,out_of_sequence,0
2026-09-30T06:14:49.813Z,gpu-3uwoq-6g3ya-2,ib_hw_counter,rdma_vf_rail2,packet_seq_err,0
2026-09-30T06:14:49.813Z,gpu-3uwoq-6g3ya-2,ib_hw_counter,rdma_vf_rail2,local_ack_timeout_err,0
2026-09-30T06:14:49.813Z,gpu-3uwoq-6g3ya-2,ib_hw_counter,rdma_vf_rail2,rx_write_requests,7.05021e+08
2026-09-30T06:14:49.813Z,gpu-3uwoq-6g3ya-2,ib_hw_counter,rdma_vf_rail2,rx_read_requests,1.042e+07
2026-09-30T06:14:49.813Z,gpu-3uwoq-6g3ya-2,ib_hw_counter,rdma_vf_rail2,req_cqe_error,0
2026-09-30T06:14:49.813Z,gpu-3uwoq-6g3ya-2,ib_hw_counter,rdma_vf_rail2,resp_cqe_error,0
2026-09-30T06:14:49.813Z,gpu-3uwoq-6g3ya-2,ib_hw_counter,rdma_vf_rail2,implied_nak_seq_err,0
2026-09-30T06:14:49.813Z,gpu-3uwoq-6g3ya-2,ib_hw_counter,rdma_vf_rail2,duplicate_request,0
2026-09-30T06:14:49.813Z,gpu-3uwoq-6g3ya-2,ib_counter,rdma_vf_rail3,port_xmit_data,2.76167e+12
2026-09-30T06:14:49.813Z,gpu-3uwoq-6g3ya-2,ib_counter,rdma_vf_rail3,port_rcv_data,5.72118e+12
2026-09-30T06:14:49.813Z,gpu-3uwoq-6g3ya-2,ib_counter,rdma_vf_rail3,port_xmit_packets,9.40862e+08
2026-09-30T06:14:49.813Z,gpu-3uwoq-6g3ya-2,ib_counter,rdma_vf_rail3,port_rcv_packets,1.56875e+09
2026-09-30T06:14:49.813Z,gpu-3uwoq-6g3ya-2,ib_counter,rdma_vf_rail3,port_xmit_wait,0
2026-09-30T06:14:49.813Z,gpu-3uwoq-6g3ya-2,ib_counter,rdma_vf_rail3,port_rcv_errors,0
2026-09-30T06:14:49.813Z,gpu-3uwoq-6g3ya-2,ib_counter,rdma_vf_rail3,port_xmit_discards,0
2026-09-30T06:14:49.813Z,gpu-3uwoq-6g3ya-2,ib_counter,rdma_vf_rail3,link_downed,0
2026-09-30T06:14:49.813Z,gpu-3uwoq-6g3ya-2,ib_hw_counter,rdma_vf_rail3,out_of_sequence,0
2026-09-30T06:14:49.813Z,gpu-3uwoq-6g3ya-2,ib_hw_counter,rdma_vf_rail3,packet_seq_err,1
2026-09-30T06:14:49.813Z,gpu-3uwoq-6g3ya-2,ib_hw_counter,rdma_vf_rail3,local_ack_timeout_err,0
2026-09-30T06:14:49.813Z,gpu-3uwoq-6g3ya-2,ib_hw_counter,rdma_vf_rail3,rx_write_requests,7.05021e+08
2026-09-30T06:14:49.813Z,gpu-3uwoq-6g3ya-2,ib_hw_counter,rdma_vf_rail3,rx_read_requests,1.042e+07
2026-09-30T06:14:49.813Z,gpu-3uwoq-6g3ya-2,ib_hw_counter,rdma_vf_rail3,req_cqe_error,0
2026-09-30T06:14:49.813Z,gpu-3uwoq-6g3ya-2,ib_hw_counter,rdma_vf_rail3,resp_cqe_error,0
2026-09-30T06:14:49.813Z,gpu-3uwoq-6g3ya-2,ib_hw_counter,rdma_vf_rail3,implied_nak_seq_err,0
2026-09-30T06:14:49.813Z,gpu-3uwoq-6g3ya-2,ib_hw_counter,rdma_vf_rail3,duplicate_request,0
2026-09-30T06:14:49.813Z,gpu-3uwoq-6g3ya-2,dcgm,gpu2,gpu_util,0
2026-09-30T06:14:49.813Z,gpu-3uwoq-6g3ya-2,dcgm,gpu3,gpu_util,0
2026-09-30T06:14:49.813Z,gpu-3uwoq-6g3ya-2,dcgm,gpu1,gpu_util,0
2026-09-30T06:14:49.813Z,gpu-3uwoq-6g3ya-2,dcgm,gpu0,gpu_util,0
2026-09-30T06:14:49.813Z,gpu-3uwoq-6g3ya-2,dcgm,gpu2,nvlink_bandwidth_total,0
2026-09-30T06:14:49.813Z,gpu-3uwoq-6g3ya-2,dcgm,gpu3,nvlink_bandwidth_total,0
2026-09-30T06:14:49.813Z,gpu-3uwoq-6g3ya-2,dcgm,gpu1,nvlink_bandwidth_total,0
2026-09-30T06:14:49.813Z,gpu-3uwoq-6g3ya-2,dcgm,gpu0,nvlink_bandwidth_total,0
2026-09-30T06:14:49.813Z,gpu-3uwoq-6g3ya-2,dcgm,gpu2,power_w,231.067
2026-09-30T06:14:49.813Z,gpu-3uwoq-6g3ya-2,dcgm,gpu3,power_w,233.398
2026-09-30T06:14:49.813Z,gpu-3uwoq-6g3ya-2,dcgm,gpu1,power_w,230.033
2026-09-30T06:14:49.813Z,gpu-3uwoq-6g3ya-2,dcgm,gpu0,power_w,226.432
2026-09-30T06:14:49.813Z,gpu-3uwoq-6g3ya-2,dcgm,gpu2,sm_clock_mhz,2070
2026-09-30T06:14:49.813Z,gpu-3uwoq-6g3ya-2,dcgm,gpu3,sm_clock_mhz,2070
2026-09-30T06:14:49.813Z,gpu-3uwoq-6g3ya-2,dcgm,gpu1,sm_clock_mhz,2070
2026-09-30T06:14:49.813Z,gpu-3uwoq-6g3ya-2,dcgm,gpu0,sm_clock_mhz,2070
2026-09-30T06:14:49.813Z,gpu-3uwoq-6g3ya-2,dcgm,gpu2,dram_active,0
2026-09-30T06:14:49.813Z,gpu-3uwoq-6g3ya-2,dcgm,gpu3,dram_active,0
2026-09-30T06:14:49.813Z,gpu-3uwoq-6g3ya-2,dcgm,gpu1,dram_active,1.1e-05
2026-09-30T06:14:49.813Z,gpu-3uwoq-6g3ya-2,dcgm,gpu0,dram_active,1.1e-05
2026-09-30T06:14:49.813Z,gpu-3uwoq-6g3ya-2,dcgm,gpu2,pcie_rx_bytes,50935
2026-09-30T06:14:49.813Z,gpu-3uwoq-6g3ya-2,dcgm,gpu3,pcie_rx_bytes,236046
2026-09-30T06:14:49.813Z,gpu-3uwoq-6g3ya-2,dcgm,gpu1,pcie_rx_bytes,64080
2026-09-30T06:14:49.813Z,gpu-3uwoq-6g3ya-2,dcgm,gpu0,pcie_rx_bytes,55661
2026-09-30T06:14:49.813Z,gpu-3uwoq-6g3ya-2,dcgm,gpu2,pcie_tx_bytes,158367
2026-09-30T06:14:49.813Z,gpu-3uwoq-6g3ya-2,dcgm,gpu3,pcie_tx_bytes,162636
2026-09-30T06:14:49.813Z,gpu-3uwoq-6g3ya-2,dcgm,gpu1,pcie_tx_bytes,62906
2026-09-30T06:14:49.813Z,gpu-3uwoq-6g3ya-2,dcgm,gpu0,pcie_tx_bytes,54473
2026-09-30T06:14:49.813Z,gpu-3uwoq-6g3ya-2,dcgm,gpu2,tensor_active,0
2026-09-30T06:14:49.813Z,gpu-3uwoq-6g3ya-2,dcgm,gpu3,tensor_active,0
2026-09-30T06:14:49.813Z,gpu-3uwoq-6g3ya-2,dcgm,gpu1,tensor_active,0
2026-09-30T06:14:49.813Z,gpu-3uwoq-6g3ya-2,dcgm,gpu0,tensor_active,0
2026-09-30T06:14:49.813Z,gpu-3uwoq-6g3ya-2,dcgm,gpu2,sm_active,0
2026-09-30T06:14:49.813Z,gpu-3uwoq-6g3ya-2,dcgm,gpu3,sm_active,0.000264
2026-09-30T06:14:49.813Z,gpu-3uwoq-6g3ya-2,dcgm,gpu1,sm_active,0.000284
2026-09-30T06:14:49.813Z,gpu-3uwoq-6g3ya-2,dcgm,gpu0,sm_active,0
2026-09-30T06:14:49.813Z,gpu-3uwoq-6g3ya-2,nvlink,gpu0,nvlink_rx_bytes,4.66294e+13
2026-09-30T06:14:49.813Z,gpu-3uwoq-6g3ya-2,nvlink,gpu0,nvlink_tx_bytes,4.66299e+13
2026-09-30T06:14:49.813Z,gpu-3uwoq-6g3ya-2,nvlink,gpu1,nvlink_rx_bytes,4.66294e+13
2026-09-30T06:14:49.813Z,gpu-3uwoq-6g3ya-2,nvlink,gpu1,nvlink_tx_bytes,4.66297e+13
2026-09-30T06:14:49.813Z,gpu-3uwoq-6g3ya-2,nvlink,gpu2,nvlink_rx_bytes,4.66291e+13
2026-09-30T06:14:49.813Z,gpu-3uwoq-6g3ya-2,nvlink,gpu2,nvlink_tx_bytes,4.66294e+13
2026-09-30T06:14:49.813Z,gpu-3uwoq-6g3ya-2,nvlink,gpu3,nvlink_rx_bytes,4.66274e+13
2026-09-30T06:14:49.813Z,gpu-3uwoq-6g3ya-2,nvlink,gpu3,nvlink_tx_bytes,4.66275e+13
2026-09-30T06:14:50.813Z,gpu-3uwoq-6g3ya-2,ib_counter,rdma_vf_rail0,port_xmit_data,2.76329e+12
2026-09-30T06:14:50.813Z,gpu-3uwoq-6g3ya-2,ib_counter,rdma_vf_rail0,port_rcv_data,5.72235e+12
2026-09-30T06:14:50.813Z,gpu-3uwoq-6g3ya-2,ib_counter,rdma_vf_rail0,port_xmit_packets,9.5609e+08
2026-09-30T06:14:50.813Z,gpu-3uwoq-6g3ya-2,ib_counter,rdma_vf_rail0,port_rcv_packets,1.57821e+09
2026-09-30T06:14:50.813Z,gpu-3uwoq-6g3ya-2,ib_counter,rdma_vf_rail0,port_xmit_wait,0
2026-09-30T06:14:50.813Z,gpu-3uwoq-6g3ya-2,ib_counter,rdma_vf_rail0,port_rcv_errors,0
2026-09-30T06:14:50.813Z,gpu-3uwoq-6g3ya-2,ib_counter,rdma_vf_rail0,port_xmit_discards,0
2026-09-30T06:14:50.813Z,gpu-3uwoq-6g3ya-2,ib_counter,rdma_vf_rail0,link_downed,0
2026-09-30T06:14:50.813Z,gpu-3uwoq-6g3ya-2,ib_hw_counter,rdma_vf_rail0,out_of_sequence,0
2026-09-30T06:14:50.813Z,gpu-3uwoq-6g3ya-2,ib_hw_counter,rdma_vf_rail0,packet_seq_err,0
2026-09-30T06:14:50.813Z,gpu-3uwoq-6g3ya-2,ib_hw_counter,rdma_vf_rail0,local_ack_timeout_err,0
2026-09-30T06:14:50.813Z,gpu-3uwoq-6g3ya-2,ib_hw_counter,rdma_vf_rail0,rx_write_requests,7.05021e+08
2026-09-30T06:14:50.813Z,gpu-3uwoq-6g3ya-2,ib_hw_counter,rdma_vf_rail0,rx_read_requests,1.042e+07
2026-09-30T06:14:50.813Z,gpu-3uwoq-6g3ya-2,ib_hw_counter,rdma_vf_rail0,req_cqe_error,0
2026-09-30T06:14:50.813Z,gpu-3uwoq-6g3ya-2,ib_hw_counter,rdma_vf_rail0,resp_cqe_error,0
2026-09-30T06:14:50.813Z,gpu-3uwoq-6g3ya-2,ib_hw_counter,rdma_vf_rail0,implied_nak_seq_err,0
2026-09-30T06:14:50.813Z,gpu-3uwoq-6g3ya-2,ib_hw_counter,rdma_vf_rail0,duplicate_request,0
2026-09-30T06:14:50.813Z,gpu-3uwoq-6g3ya-2,ib_counter,rdma_vf_rail1,port_xmit_data,2.76263e+12
2026-09-30T06:14:50.813Z,gpu-3uwoq-6g3ya-2,ib_counter,rdma_vf_rail1,port_rcv_data,5.72189e+12
2026-09-30T06:14:50.813Z,gpu-3uwoq-6g3ya-2,ib_counter,rdma_vf_rail1,port_xmit_packets,9.52939e+08
2026-09-30T06:14:50.813Z,gpu-3uwoq-6g3ya-2,ib_counter,rdma_vf_rail1,port_rcv_packets,1.57742e+09
2026-09-30T06:14:50.813Z,gpu-3uwoq-6g3ya-2,ib_counter,rdma_vf_rail1,port_xmit_wait,0
2026-09-30T06:14:50.813Z,gpu-3uwoq-6g3ya-2,ib_counter,rdma_vf_rail1,port_rcv_errors,0
2026-09-30T06:14:50.813Z,gpu-3uwoq-6g3ya-2,ib_counter,rdma_vf_rail1,port_xmit_discards,0
2026-09-30T06:14:50.813Z,gpu-3uwoq-6g3ya-2,ib_counter,rdma_vf_rail1,link_downed,0
2026-09-30T06:14:50.813Z,gpu-3uwoq-6g3ya-2,ib_hw_counter,rdma_vf_rail1,out_of_sequence,0
2026-09-30T06:14:50.813Z,gpu-3uwoq-6g3ya-2,ib_hw_counter,rdma_vf_rail1,packet_seq_err,0
2026-09-30T06:14:50.813Z,gpu-3uwoq-6g3ya-2,ib_hw_counter,rdma_vf_rail1,local_ack_timeout_err,0
2026-09-30T06:14:50.813Z,gpu-3uwoq-6g3ya-2,ib_hw_counter,rdma_vf_rail1,rx_write_requests,7.05022e+08
2026-09-30T06:14:50.813Z,gpu-3uwoq-6g3ya-2,ib_hw_counter,rdma_vf_rail1,rx_read_requests,1.042e+07
2026-09-30T06:14:50.813Z,gpu-3uwoq-6g3ya-2,ib_hw_counter,rdma_vf_rail1,req_cqe_error,0
2026-09-30T06:14:50.813Z,gpu-3uwoq-6g3ya-2,ib_hw_counter,rdma_vf_rail1,resp_cqe_error,0
2026-09-30T06:14:50.813Z,gpu-3uwoq-6g3ya-2,ib_hw_counter,rdma_vf_rail1,implied_nak_seq_err,0
2026-09-30T06:14:50.813Z,gpu-3uwoq-6g3ya-2,ib_hw_counter,rdma_vf_rail1,duplicate_request,0
2026-09-30T06:14:50.813Z,gpu-3uwoq-6g3ya-2,ib_counter,rdma_vf_rail2,port_xmit_data,2.76181e+12
2026-09-30T06:14:50.813Z,gpu-3uwoq-6g3ya-2,ib_counter,rdma_vf_rail2,port_rcv_data,5.72057e+12
2026-09-30T06:14:50.813Z,gpu-3uwoq-6g3ya-2,ib_counter,rdma_vf_rail2,port_xmit_packets,9.4252e+08
2026-09-30T06:14:50.813Z,gpu-3uwoq-6g3ya-2,ib_counter,rdma_vf_rail2,port_rcv_packets,1.56133e+09
2026-09-30T06:14:50.813Z,gpu-3uwoq-6g3ya-2,ib_counter,rdma_vf_rail2,port_xmit_wait,0
2026-09-30T06:14:50.813Z,gpu-3uwoq-6g3ya-2,ib_counter,rdma_vf_rail2,port_rcv_errors,0
2026-09-30T06:14:50.813Z,gpu-3uwoq-6g3ya-2,ib_counter,rdma_vf_rail2,port_xmit_discards,0
2026-09-30T06:14:50.813Z,gpu-3uwoq-6g3ya-2,ib_counter,rdma_vf_rail2,link_downed,0
2026-09-30T06:14:50.813Z,gpu-3uwoq-6g3ya-2,ib_hw_counter,rdma_vf_rail2,out_of_sequence,0
2026-09-30T06:14:50.813Z,gpu-3uwoq-6g3ya-2,ib_hw_counter,rdma_vf_rail2,packet_seq_err,0
2026-09-30T06:14:50.813Z,gpu-3uwoq-6g3ya-2,ib_hw_counter,rdma_vf_rail2,local_ack_timeout_err,0
2026-09-30T06:14:50.813Z,gpu-3uwoq-6g3ya-2,ib_hw_counter,rdma_vf_rail2,rx_write_requests,7.05021e+08
2026-09-30T06:14:50.813Z,gpu-3uwoq-6g3ya-2,ib_hw_counter,rdma_vf_rail2,rx_read_requests,1.042e+07
2026-09-30T06:14:50.813Z,gpu-3uwoq-6g3ya-2,ib_hw_counter,rdma_vf_rail2,req_cqe_error,0
2026-09-30T06:14:50.813Z,gpu-3uwoq-6g3ya-2,ib_hw_counter,rdma_vf_rail2,resp_cqe_error,0
2026-09-30T06:14:50.813Z,gpu-3uwoq-6g3ya-2,ib_hw_counter,rdma_vf_rail2,implied_nak_seq_err,0
2026-09-30T06:14:50.813Z,gpu-3uwoq-6g3ya-2,ib_hw_counter,rdma_vf_rail2,duplicate_request,0
2026-09-30T06:14:50.813Z,gpu-3uwoq-6g3ya-2,ib_counter,rdma_vf_rail3,port_xmit_data,2.76167e+12
2026-09-30T06:14:50.813Z,gpu-3uwoq-6g3ya-2,ib_counter,rdma_vf_rail3,port_rcv_data,5.72118e+12
2026-09-30T06:14:50.813Z,gpu-3uwoq-6g3ya-2,ib_counter,rdma_vf_rail3,port_xmit_packets,9.40862e+08
2026-09-30T06:14:50.813Z,gpu-3uwoq-6g3ya-2,ib_counter,rdma_vf_rail3,port_rcv_packets,1.56875e+09
2026-09-30T06:14:50.813Z,gpu-3uwoq-6g3ya-2,ib_counter,rdma_vf_rail3,port_xmit_wait,0
2026-09-30T06:14:50.813Z,gpu-3uwoq-6g3ya-2,ib_counter,rdma_vf_rail3,port_rcv_errors,0
2026-09-30T06:14:50.813Z,gpu-3uwoq-6g3ya-2,ib_counter,rdma_vf_rail3,port_xmit_discards,0
2026-09-30T06:14:50.813Z,gpu-3uwoq-6g3ya-2,ib_counter,rdma_vf_rail3,link_downed,0
2026-09-30T06:14:50.813Z,gpu-3uwoq-6g3ya-2,ib_hw_counter,rdma_vf_rail3,out_of_sequence,0
2026-09-30T06:14:50.813Z,gpu-3uwoq-6g3ya-2,ib_hw_counter,rdma_vf_rail3,packet_seq_err,1
2026-09-30T06:14:50.813Z,gpu-3uwoq-6g3ya-2,ib_hw_counter,rdma_vf_rail3,local_ack_timeout_err,0
2026-09-30T06:14:50.813Z,gpu-3uwoq-6g3ya-2,ib_hw_counter,rdma_vf_rail3,rx_write_requests,7.05021e+08
2026-09-30T06:14:50.813Z,gpu-3uwoq-6g3ya-2,ib_hw_counter,rdma_vf_rail3,rx_read_requests,1.042e+07
2026-09-30T06:14:50.813Z,gpu-3uwoq-6g3ya-2,ib_hw_counter,rdma_vf_rail3,req_cqe_error,0
2026-09-30T06:14:50.813Z,gpu-3uwoq-6g3ya-2,ib_hw_counter,rdma_vf_rail3,resp_cqe_error,0
2026-09-30T06:14:50.813Z,gpu-3uwoq-6g3ya-2,ib_hw_counter,rdma_vf_rail3,implied_nak_seq_err,0
2026-09-30T06:14:50.813Z,gpu-3uwoq-6g3ya-2,ib_hw_counter,rdma_vf_rail3,duplicate_request,0
2026-09-30T06:14:50.813Z,gpu-3uwoq-6g3ya-2,dcgm,gpu2,gpu_util,0
2026-09-30T06:14:50.813Z,gpu-3uwoq-6g3ya-2,dcgm,gpu3,gpu_util,0
2026-09-30T06:14:50.813Z,gpu-3uwoq-6g3ya-2,dcgm,gpu1,gpu_util,0
2026-09-30T06:14:50.813Z,gpu-3uwoq-6g3ya-2,dcgm,gpu0,gpu_util,0
2026-09-30T06:14:50.813Z,gpu-3uwoq-6g3ya-2,dcgm,gpu2,nvlink_bandwidth_total,0
2026-09-30T06:14:50.813Z,gpu-3uwoq-6g3ya-2,dcgm,gpu3,nvlink_bandwidth_total,0
2026-09-30T06:14:50.813Z,gpu-3uwoq-6g3ya-2,dcgm,gpu1,nvlink_bandwidth_total,0
2026-09-30T06:14:50.813Z,gpu-3uwoq-6g3ya-2,dcgm,gpu0,nvlink_bandwidth_total,0
2026-09-30T06:14:50.813Z,gpu-3uwoq-6g3ya-2,dcgm,gpu2,power_w,231.067
2026-09-30T06:14:50.813Z,gpu-3uwoq-6g3ya-2,dcgm,gpu3,power_w,233.398
2026-09-30T06:14:50.813Z,gpu-3uwoq-6g3ya-2,dcgm,gpu1,power_w,230.007
2026-09-30T06:14:50.813Z,gpu-3uwoq-6g3ya-2,dcgm,gpu0,power_w,226.497
2026-09-30T06:14:50.813Z,gpu-3uwoq-6g3ya-2,dcgm,gpu2,sm_clock_mhz,2070
2026-09-30T06:14:50.813Z,gpu-3uwoq-6g3ya-2,dcgm,gpu3,sm_clock_mhz,2070
2026-09-30T06:14:50.813Z,gpu-3uwoq-6g3ya-2,dcgm,gpu1,sm_clock_mhz,2070
2026-09-30T06:14:50.813Z,gpu-3uwoq-6g3ya-2,dcgm,gpu0,sm_clock_mhz,2070
2026-09-30T06:14:50.813Z,gpu-3uwoq-6g3ya-2,dcgm,gpu2,dram_active,0
2026-09-30T06:14:50.813Z,gpu-3uwoq-6g3ya-2,dcgm,gpu3,dram_active,0
2026-09-30T06:14:50.813Z,gpu-3uwoq-6g3ya-2,dcgm,gpu1,dram_active,0
2026-09-30T06:14:50.813Z,gpu-3uwoq-6g3ya-2,dcgm,gpu0,dram_active,0
2026-09-30T06:14:50.813Z,gpu-3uwoq-6g3ya-2,dcgm,gpu2,pcie_rx_bytes,50935
2026-09-30T06:14:50.813Z,gpu-3uwoq-6g3ya-2,dcgm,gpu3,pcie_rx_bytes,47310
2026-09-30T06:14:50.813Z,gpu-3uwoq-6g3ya-2,dcgm,gpu1,pcie_rx_bytes,64080
2026-09-30T06:14:50.813Z,gpu-3uwoq-6g3ya-2,dcgm,gpu0,pcie_rx_bytes,55661
2026-09-30T06:14:50.813Z,gpu-3uwoq-6g3ya-2,dcgm,gpu2,pcie_tx_bytes,49778
2026-09-30T06:14:50.813Z,gpu-3uwoq-6g3ya-2,dcgm,gpu3,pcie_tx_bytes,46122
2026-09-30T06:14:50.813Z,gpu-3uwoq-6g3ya-2,dcgm,gpu1,pcie_tx_bytes,62906
2026-09-30T06:14:50.813Z,gpu-3uwoq-6g3ya-2,dcgm,gpu0,pcie_tx_bytes,54473
2026-09-30T06:14:50.813Z,gpu-3uwoq-6g3ya-2,dcgm,gpu2,tensor_active,0
2026-09-30T06:14:50.813Z,gpu-3uwoq-6g3ya-2,dcgm,gpu3,tensor_active,0
2026-09-30T06:14:50.813Z,gpu-3uwoq-6g3ya-2,dcgm,gpu1,tensor_active,0
2026-09-30T06:14:50.813Z,gpu-3uwoq-6g3ya-2,dcgm,gpu0,tensor_active,0
2026-09-30T06:14:50.813Z,gpu-3uwoq-6g3ya-2,dcgm,gpu2,sm_active,0
2026-09-30T06:14:50.813Z,gpu-3uwoq-6g3ya-2,dcgm,gpu3,sm_active,0
2026-09-30T06:14:50.813Z,gpu-3uwoq-6g3ya-2,dcgm,gpu1,sm_active,0
2026-09-30T06:14:50.813Z,gpu-3uwoq-6g3ya-2,dcgm,gpu0,sm_active,0
2026-09-30T06:14:50.813Z,gpu-3uwoq-6g3ya-2,nvlink,gpu0,nvlink_rx_bytes,4.66294e+13
2026-09-30T06:14:50.813Z,gpu-3uwoq-6g3ya-2,nvlink,gpu0,nvlink_tx_bytes,4.66299e+13
2026-09-30T06:14:50.813Z,gpu-3uwoq-6g3ya-2,nvlink,gpu1,nvlink_rx_bytes,4.66294e+13
2026-09-30T06:14:50.813Z,gpu-3uwoq-6g3ya-2,nvlink,gpu1,nvlink_tx_bytes,4.66297e+13
2026-09-30T06:14:50.813Z,gpu-3uwoq-6g3ya-2,nvlink,gpu2,nvlink_rx_bytes,4.66291e+13
2026-09-30T06:14:50.813Z,gpu-3uwoq-6g3ya-2,nvlink,gpu2,nvlink_tx_bytes,4.66294e+13
2026-09-30T06:14:50.813Z,gpu-3uwoq-6g3ya-2,nvlink,gpu3,nvlink_rx_bytes,4.66274e+13
2026-09-30T06:14:50.813Z,gpu-3uwoq-6g3ya-2,nvlink,gpu3,nvlink_tx_bytes,4.66275e+13
2026-09-30T06:14:51.813Z,gpu-3uwoq-6g3ya-2,ib_counter,rdma_vf_rail0,port_xmit_data,2.76329e+12
2026-09-30T06:14:51.813Z,gpu-3uwoq-6g3ya-2,ib_counter,rdma_vf_rail0,port_rcv_data,5.72235e+12
2026-09-30T06:14:51.813Z,gpu-3uwoq-6g3ya-2,ib_counter,rdma_vf_rail0,port_xmit_packets,9.5609e+08
2026-09-30T06:14:51.813Z,gpu-3uwoq-6g3ya-2,ib_counter,rdma_vf_rail0,port_rcv_packets,1.57821e+09
2026-09-30T06:14:51.813Z,gpu-3uwoq-6g3ya-2,ib_counter,rdma_vf_rail0,port_xmit_wait,0
2026-09-30T06:14:51.813Z,gpu-3uwoq-6g3ya-2,ib_counter,rdma_vf_rail0,port_rcv_errors,0
2026-09-30T06:14:51.813Z,gpu-3uwoq-6g3ya-2,ib_counter,rdma_vf_rail0,port_xmit_discards,0
2026-09-30T06:14:51.813Z,gpu-3uwoq-6g3ya-2,ib_counter,rdma_vf_rail0,link_downed,0
2026-09-30T06:14:51.813Z,gpu-3uwoq-6g3ya-2,ib_hw_counter,rdma_vf_rail0,out_of_sequence,0
2026-09-30T06:14:51.813Z,gpu-3uwoq-6g3ya-2,ib_hw_counter,rdma_vf_rail0,packet_seq_err,0
2026-09-30T06:14:51.813Z,gpu-3uwoq-6g3ya-2,ib_hw_counter,rdma_vf_rail0,local_ack_timeout_err,0
2026-09-30T06:14:51.813Z,gpu-3uwoq-6g3ya-2,ib_hw_counter,rdma_vf_rail0,rx_write_requests,7.05021e+08
2026-09-30T06:14:51.813Z,gpu-3uwoq-6g3ya-2,ib_hw_counter,rdma_vf_rail0,rx_read_requests,1.042e+07
2026-09-30T06:14:51.813Z,gpu-3uwoq-6g3ya-2,ib_hw_counter,rdma_vf_rail0,req_cqe_error,0
2026-09-30T06:14:51.813Z,gpu-3uwoq-6g3ya-2,ib_hw_counter,rdma_vf_rail0,resp_cqe_error,0
2026-09-30T06:14:51.813Z,gpu-3uwoq-6g3ya-2,ib_hw_counter,rdma_vf_rail0,implied_nak_seq_err,0
2026-09-30T06:14:51.813Z,gpu-3uwoq-6g3ya-2,ib_hw_counter,rdma_vf_rail0,duplicate_request,0
2026-09-30T06:14:51.813Z,gpu-3uwoq-6g3ya-2,ib_counter,rdma_vf_rail1,port_xmit_data,2.76263e+12
2026-09-30T06:14:51.813Z,gpu-3uwoq-6g3ya-2,ib_counter,rdma_vf_rail1,port_rcv_data,5.72189e+12
2026-09-30T06:14:51.813Z,gpu-3uwoq-6g3ya-2,ib_counter,rdma_vf_rail1,port_xmit_packets,9.52939e+08
2026-09-30T06:14:51.813Z,gpu-3uwoq-6g3ya-2,ib_counter,rdma_vf_rail1,port_rcv_packets,1.57742e+09
2026-09-30T06:14:51.813Z,gpu-3uwoq-6g3ya-2,ib_counter,rdma_vf_rail1,port_xmit_wait,0
2026-09-30T06:14:51.813Z,gpu-3uwoq-6g3ya-2,ib_counter,rdma_vf_rail1,port_rcv_errors,0
2026-09-30T06:14:51.813Z,gpu-3uwoq-6g3ya-2,ib_counter,rdma_vf_rail1,port_xmit_discards,0
2026-09-30T06:14:51.813Z,gpu-3uwoq-6g3ya-2,ib_counter,rdma_vf_rail1,link_downed,0
2026-09-30T06:14:51.813Z,gpu-3uwoq-6g3ya-2,ib_hw_counter,rdma_vf_rail1,out_of_sequence,0
2026-09-30T06:14:51.813Z,gpu-3uwoq-6g3ya-2,ib_hw_counter,rdma_vf_rail1,packet_seq_err,0
2026-09-30T06:14:51.813Z,gpu-3uwoq-6g3ya-2,ib_hw_counter,rdma_vf_rail1,local_ack_timeout_err,0
2026-09-30T06:14:51.813Z,gpu-3uwoq-6g3ya-2,ib_hw_counter,rdma_vf_rail1,rx_write_requests,7.05022e+08
2026-09-30T06:14:51.813Z,gpu-3uwoq-6g3ya-2,ib_hw_counter,rdma_vf_rail1,rx_read_requests,1.042e+07
2026-09-30T06:14:51.813Z,gpu-3uwoq-6g3ya-2,ib_hw_counter,rdma_vf_rail1,req_cqe_error,0
2026-09-30T06:14:51.813Z,gpu-3uwoq-6g3ya-2,ib_hw_counter,rdma_vf_rail1,resp_cqe_error,0
2026-09-30T06:14:51.813Z,gpu-3uwoq-6g3ya-2,ib_hw_counter,rdma_vf_rail1,implied_nak_seq_err,0
2026-09-30T06:14:51.813Z,gpu-3uwoq-6g3ya-2,ib_hw_counter,rdma_vf_rail1,duplicate_request,0
2026-09-30T06:14:51.813Z,gpu-3uwoq-6g3ya-2,ib_counter,rdma_vf_rail2,port_xmit_data,2.76181e+12
2026-09-30T06:14:51.813Z,gpu-3uwoq-6g3ya-2,ib_counter,rdma_vf_rail2,port_rcv_data,5.72057e+12
2026-09-30T06:14:51.813Z,gpu-3uwoq-6g3ya-2,ib_counter,rdma_vf_rail2,port_xmit_packets,9.4252e+08
2026-09-30T06:14:51.813Z,gpu-3uwoq-6g3ya-2,ib_counter,rdma_vf_rail2,port_rcv_packets,1.56133e+09
2026-09-30T06:14:51.813Z,gpu-3uwoq-6g3ya-2,ib_counter,rdma_vf_rail2,port_xmit_wait,0
2026-09-30T06:14:51.813Z,gpu-3uwoq-6g3ya-2,ib_counter,rdma_vf_rail2,port_rcv_errors,0
2026-09-30T06:14:51.813Z,gpu-3uwoq-6g3ya-2,ib_counter,rdma_vf_rail2,port_xmit_discards,0
2026-09-30T06:14:51.813Z,gpu-3uwoq-6g3ya-2,ib_counter,rdma_vf_rail2,link_downed,0
2026-09-30T06:14:51.813Z,gpu-3uwoq-6g3ya-2,ib_hw_counter,rdma_vf_rail2,out_of_sequence,0
2026-09-30T06:14:51.813Z,gpu-3uwoq-6g3ya-2,ib_hw_counter,rdma_vf_rail2,packet_seq_err,0
2026-09-30T06:14:51.813Z,gpu-3uwoq-6g3ya-2,ib_hw_counter,rdma_vf_rail2,local_ack_timeout_err,0
2026-09-30T06:14:51.813Z,gpu-3uwoq-6g3ya-2,ib_hw_counter,rdma_vf_rail2,rx_write_requests,7.05021e+08
2026-09-30T06:14:51.813Z,gpu-3uwoq-6g3ya-2,ib_hw_counter,rdma_vf_rail2,rx_read_requests,1.042e+07
2026-09-30T06:14:51.813Z,gpu-3uwoq-6g3ya-2,ib_hw_counter,rdma_vf_rail2,req_cqe_error,0
2026-09-30T06:14:51.813Z,gpu-3uwoq-6g3ya-2,ib_hw_counter,rdma_vf_rail2,resp_cqe_error,0
2026-09-30T06:14:51.813Z,gpu-3uwoq-6g3ya-2,ib_hw_counter,rdma_vf_rail2,implied_nak_seq_err,0
2026-09-30T06:14:51.813Z,gpu-3uwoq-6g3ya-2,ib_hw_counter,rdma_vf_rail2,duplicate_request,0
2026-09-30T06:14:51.813Z,gpu-3uwoq-6g3ya-2,ib_counter,rdma_vf_rail3,port_xmit_data,2.76167e+12
2026-09-30T06:14:51.813Z,gpu-3uwoq-6g3ya-2,ib_counter,rdma_vf_rail3,port_rcv_data,5.72118e+12
2026-09-30T06:14:51.813Z,gpu-3uwoq-6g3ya-2,ib_counter,rdma_vf_rail3,port_xmit_packets,9.40862e+08
2026-09-30T06:14:51.813Z,gpu-3uwoq-6g3ya-2,ib_counter,rdma_vf_rail3,port_rcv_packets,1.56875e+09
2026-09-30T06:14:51.813Z,gpu-3uwoq-6g3ya-2,ib_counter,rdma_vf_rail3,port_xmit_wait,0
2026-09-30T06:14:51.813Z,gpu-3uwoq-6g3ya-2,ib_counter,rdma_vf_rail3,port_rcv_errors,0
2026-09-30T06:14:51.813Z,gpu-3uwoq-6g3ya-2,ib_counter,rdma_vf_rail3,port_xmit_discards,0
2026-09-30T06:14:51.813Z,gpu-3uwoq-6g3ya-2,ib_counter,rdma_vf_rail3,link_downed,0
2026-09-30T06:14:51.813Z,gpu-3uwoq-6g3ya-2,ib_hw_counter,rdma_vf_rail3,out_of_sequence,0
2026-09-30T06:14:51.813Z,gpu-3uwoq-6g3ya-2,ib_hw_counter,rdma_vf_rail3,packet_seq_err,1
2026-09-30T06:14:51.813Z,gpu-3uwoq-6g3ya-2,ib_hw_counter,rdma_vf_rail3,local_ack_timeout_err,0
2026-09-30T06:14:51.813Z,gpu-3uwoq-6g3ya-2,ib_hw_counter,rdma_vf_rail3,rx_write_requests,7.05021e+08
2026-09-30T06:14:51.813Z,gpu-3uwoq-6g3ya-2,ib_hw_counter,rdma_vf_rail3,rx_read_requests,1.042e+07
2026-09-30T06:14:51.813Z,gpu-3uwoq-6g3ya-2,ib_hw_counter,rdma_vf_rail3,req_cqe_error,0
2026-09-30T06:14:51.813Z,gpu-3uwoq-6g3ya-2,ib_hw_counter,rdma_vf_rail3,resp_cqe_error,0
2026-09-30T06:14:51.813Z,gpu-3uwoq-6g3ya-2,ib_hw_counter,rdma_vf_rail3,implied_nak_seq_err,0
2026-09-30T06:14:51.813Z,gpu-3uwoq-6g3ya-2,ib_hw_counter,rdma_vf_rail3,duplicate_request,0
2026-09-30T06:14:51.813Z,gpu-3uwoq-6g3ya-2,dcgm,gpu2,gpu_util,0
2026-09-30T06:14:51.813Z,gpu-3uwoq-6g3ya-2,dcgm,gpu3,gpu_util,0
2026-09-30T06:14:51.813Z,gpu-3uwoq-6g3ya-2,dcgm,gpu1,gpu_util,0
2026-09-30T06:14:51.813Z,gpu-3uwoq-6g3ya-2,dcgm,gpu0,gpu_util,0
2026-09-30T06:14:51.813Z,gpu-3uwoq-6g3ya-2,dcgm,gpu2,nvlink_bandwidth_total,0
2026-09-30T06:14:51.813Z,gpu-3uwoq-6g3ya-2,dcgm,gpu3,nvlink_bandwidth_total,0
2026-09-30T06:14:51.813Z,gpu-3uwoq-6g3ya-2,dcgm,gpu1,nvlink_bandwidth_total,0
2026-09-30T06:14:51.813Z,gpu-3uwoq-6g3ya-2,dcgm,gpu0,nvlink_bandwidth_total,0
2026-09-30T06:14:51.813Z,gpu-3uwoq-6g3ya-2,dcgm,gpu2,power_w,231.067
2026-09-30T06:14:51.813Z,gpu-3uwoq-6g3ya-2,dcgm,gpu3,power_w,233.398
2026-09-30T06:14:51.813Z,gpu-3uwoq-6g3ya-2,dcgm,gpu1,power_w,230.007
2026-09-30T06:14:51.813Z,gpu-3uwoq-6g3ya-2,dcgm,gpu0,power_w,226.497
2026-09-30T06:14:51.813Z,gpu-3uwoq-6g3ya-2,dcgm,gpu2,sm_clock_mhz,2070
2026-09-30T06:14:51.813Z,gpu-3uwoq-6g3ya-2,dcgm,gpu3,sm_clock_mhz,2070
2026-09-30T06:14:51.813Z,gpu-3uwoq-6g3ya-2,dcgm,gpu1,sm_clock_mhz,2070
2026-09-30T06:14:51.813Z,gpu-3uwoq-6g3ya-2,dcgm,gpu0,sm_clock_mhz,2070
2026-09-30T06:14:51.813Z,gpu-3uwoq-6g3ya-2,dcgm,gpu2,dram_active,0
2026-09-30T06:14:51.813Z,gpu-3uwoq-6g3ya-2,dcgm,gpu3,dram_active,0
2026-09-30T06:14:51.813Z,gpu-3uwoq-6g3ya-2,dcgm,gpu1,dram_active,0
2026-09-30T06:14:51.813Z,gpu-3uwoq-6g3ya-2,dcgm,gpu0,dram_active,0
2026-09-30T06:14:51.813Z,gpu-3uwoq-6g3ya-2,dcgm,gpu2,pcie_rx_bytes,50935
2026-09-30T06:14:51.813Z,gpu-3uwoq-6g3ya-2,dcgm,gpu3,pcie_rx_bytes,47310
2026-09-30T06:14:51.813Z,gpu-3uwoq-6g3ya-2,dcgm,gpu1,pcie_rx_bytes,64080
2026-09-30T06:14:51.813Z,gpu-3uwoq-6g3ya-2,dcgm,gpu0,pcie_rx_bytes,55661
2026-09-30T06:14:51.813Z,gpu-3uwoq-6g3ya-2,dcgm,gpu2,pcie_tx_bytes,49778
2026-09-30T06:14:51.813Z,gpu-3uwoq-6g3ya-2,dcgm,gpu3,pcie_tx_bytes,46122
2026-09-30T06:14:51.813Z,gpu-3uwoq-6g3ya-2,dcgm,gpu1,pcie_tx_bytes,62906
2026-09-30T06:14:51.813Z,gpu-3uwoq-6g3ya-2,dcgm,gpu0,pcie_tx_bytes,54473
2026-09-30T06:14:51.813Z,gpu-3uwoq-6g3ya-2,dcgm,gpu2,tensor_active,0
2026-09-30T06:14:51.813Z,gpu-3uwoq-6g3ya-2,dcgm,gpu3,tensor_active,0
2026-09-30T06:14:51.813Z,gpu-3uwoq-6g3ya-2,dcgm,gpu1,tensor_active,0
2026-09-30T06:14:51.813Z,gpu-3uwoq-6g3ya-2,dcgm,gpu0,tensor_active,0
2026-09-30T06:14:51.813Z,gpu-3uwoq-6g3ya-2,dcgm,gpu2,sm_active,0
2026-09-30T06:14:51.813Z,gpu-3uwoq-6g3ya-2,dcgm,gpu3,sm_active,0
2026-09-30T06:14:51.813Z,gpu-3uwoq-6g3ya-2,dcgm,gpu1,sm_active,0
2026-09-30T06:14:51.813Z,gpu-3uwoq-6g3ya-2,dcgm,gpu0,sm_active,0
2026-09-30T06:14:51.813Z,gpu-3uwoq-6g3ya-2,nvlink,gpu0,nvlink_rx_bytes,4.66294e+13
2026-09-30T06:14:51.813Z,gpu-3uwoq-6g3ya-2,nvlink,gpu0,nvlink_tx_bytes,4.66299e+13
2026-09-30T06:14:51.813Z,gpu-3uwoq-6g3ya-2,nvlink,gpu1,nvlink_rx_bytes,4.66294e+13
2026-09-30T06:14:51.813Z,gpu-3uwoq-6g3ya-2,nvlink,gpu1,nvlink_tx_bytes,4.66297e+13
2026-09-30T06:14:51.813Z,gpu-3uwoq-6g3ya-2,nvlink,gpu2,nvlink_rx_bytes,4.66291e+13
2026-09-30T06:14:51.813Z,gpu-3uwoq-6g3ya-2,nvlink,gpu2,nvlink_tx_bytes,4.66294e+13
2026-09-30T06:14:51.813Z,gpu-3uwoq-6g3ya-2,nvlink,gpu3,nvlink_rx_bytes,4.66274e+13
2026-09-30T06:14:51.813Z,gpu-3uwoq-6g3ya-2,nvlink,gpu3,nvlink_tx_bytes,4.66275e+13
2026-09-30T06:14:52.813Z,gpu-3uwoq-6g3ya-2,ib_counter,rdma_vf_rail0,port_xmit_data,2.76329e+12
2026-09-30T06:14:52.813Z,gpu-3uwoq-6g3ya-2,ib_counter,rdma_vf_rail0,port_rcv_data,5.72235e+12
2026-09-30T06:14:52.813Z,gpu-3uwoq-6g3ya-2,ib_counter,rdma_vf_rail0,port_xmit_packets,9.5609e+08
2026-09-30T06:14:52.813Z,gpu-3uwoq-6g3ya-2,ib_counter,rdma_vf_rail0,port_rcv_packets,1.57821e+09
2026-09-30T06:14:52.813Z,gpu-3uwoq-6g3ya-2,ib_counter,rdma_vf_rail0,port_xmit_wait,0
2026-09-30T06:14:52.813Z,gpu-3uwoq-6g3ya-2,ib_counter,rdma_vf_rail0,port_rcv_errors,0
2026-09-30T06:14:52.813Z,gpu-3uwoq-6g3ya-2,ib_counter,rdma_vf_rail0,port_xmit_discards,0
2026-09-30T06:14:52.813Z,gpu-3uwoq-6g3ya-2,ib_counter,rdma_vf_rail0,link_downed,0
2026-09-30T06:14:52.813Z,gpu-3uwoq-6g3ya-2,ib_hw_counter,rdma_vf_rail0,out_of_sequence,0
2026-09-30T06:14:52.813Z,gpu-3uwoq-6g3ya-2,ib_hw_counter,rdma_vf_rail0,packet_seq_err,0
2026-09-30T06:14:52.813Z,gpu-3uwoq-6g3ya-2,ib_hw_counter,rdma_vf_rail0,local_ack_timeout_err,0
2026-09-30T06:14:52.813Z,gpu-3uwoq-6g3ya-2,ib_hw_counter,rdma_vf_rail0,rx_write_requests,7.05021e+08
2026-09-30T06:14:52.813Z,gpu-3uwoq-6g3ya-2,ib_hw_counter,rdma_vf_rail0,rx_read_requests,1.042e+07
2026-09-30T06:14:52.813Z,gpu-3uwoq-6g3ya-2,ib_hw_counter,rdma_vf_rail0,req_cqe_error,0
2026-09-30T06:14:52.813Z,gpu-3uwoq-6g3ya-2,ib_hw_counter,rdma_vf_rail0,resp_cqe_error,0
2026-09-30T06:14:52.813Z,gpu-3uwoq-6g3ya-2,ib_hw_counter,rdma_vf_rail0,implied_nak_seq_err,0
2026-09-30T06:14:52.813Z,gpu-3uwoq-6g3ya-2,ib_hw_counter,rdma_vf_rail0,duplicate_request,0
2026-09-30T06:14:52.813Z,gpu-3uwoq-6g3ya-2,ib_counter,rdma_vf_rail1,port_xmit_data,2.76263e+12
2026-09-30T06:14:52.813Z,gpu-3uwoq-6g3ya-2,ib_counter,rdma_vf_rail1,port_rcv_data,5.72189e+12
2026-09-30T06:14:52.813Z,gpu-3uwoq-6g3ya-2,ib_counter,rdma_vf_rail1,port_xmit_packets,9.52939e+08
2026-09-30T06:14:52.813Z,gpu-3uwoq-6g3ya-2,ib_counter,rdma_vf_rail1,port_rcv_packets,1.57742e+09
2026-09-30T06:14:52.813Z,gpu-3uwoq-6g3ya-2,ib_counter,rdma_vf_rail1,port_xmit_wait,0
2026-09-30T06:14:52.813Z,gpu-3uwoq-6g3ya-2,ib_counter,rdma_vf_rail1,port_rcv_errors,0
2026-09-30T06:14:52.813Z,gpu-3uwoq-6g3ya-2,ib_counter,rdma_vf_rail1,port_xmit_discards,0
2026-09-30T06:14:52.813Z,gpu-3uwoq-6g3ya-2,ib_counter,rdma_vf_rail1,link_downed,0
2026-09-30T06:14:52.813Z,gpu-3uwoq-6g3ya-2,ib_hw_counter,rdma_vf_rail1,out_of_sequence,0
2026-09-30T06:14:52.813Z,gpu-3uwoq-6g3ya-2,ib_hw_counter,rdma_vf_rail1,packet_seq_err,0
2026-09-30T06:14:52.813Z,gpu-3uwoq-6g3ya-2,ib_hw_counter,rdma_vf_rail1,local_ack_timeout_err,0
2026-09-30T06:14:52.813Z,gpu-3uwoq-6g3ya-2,ib_hw_counter,rdma_vf_rail1,rx_write_requests,7.05022e+08
2026-09-30T06:14:52.813Z,gpu-3uwoq-6g3ya-2,ib_hw_counter,rdma_vf_rail1,rx_read_requests,1.042e+07
2026-09-30T06:14:52.813Z,gpu-3uwoq-6g3ya-2,ib_hw_counter,rdma_vf_rail1,req_cqe_error,0
2026-09-30T06:14:52.813Z,gpu-3uwoq-6g3ya-2,ib_hw_counter,rdma_vf_rail1,resp_cqe_error,0
2026-09-30T06:14:52.813Z,gpu-3uwoq-6g3ya-2,ib_hw_counter,rdma_vf_rail1,implied_nak_seq_err,0
2026-09-30T06:14:52.813Z,gpu-3uwoq-6g3ya-2,ib_hw_counter,rdma_vf_rail1,duplicate_request,0
2026-09-30T06:14:52.813Z,gpu-3uwoq-6g3ya-2,ib_counter,rdma_vf_rail2,port_xmit_data,2.76181e+12
2026-09-30T06:14:52.813Z,gpu-3uwoq-6g3ya-2,ib_counter,rdma_vf_rail2,port_rcv_data,5.72057e+12
2026-09-30T06:14:52.813Z,gpu-3uwoq-6g3ya-2,ib_counter,rdma_vf_rail2,port_xmit_packets,9.4252e+08
2026-09-30T06:14:52.813Z,gpu-3uwoq-6g3ya-2,ib_counter,rdma_vf_rail2,port_rcv_packets,1.56133e+09
2026-09-30T06:14:52.813Z,gpu-3uwoq-6g3ya-2,ib_counter,rdma_vf_rail2,port_xmit_wait,0
2026-09-30T06:14:52.813Z,gpu-3uwoq-6g3ya-2,ib_counter,rdma_vf_rail2,port_rcv_errors,0
2026-09-30T06:14:52.813Z,gpu-3uwoq-6g3ya-2,ib_counter,rdma_vf_rail2,port_xmit_discards,0
2026-09-30T06:14:52.813Z,gpu-3uwoq-6g3ya-2,ib_counter,rdma_vf_rail2,link_downed,0
2026-09-30T06:14:52.813Z,gpu-3uwoq-6g3ya-2,ib_hw_counter,rdma_vf_rail2,out_of_sequence,0
2026-09-30T06:14:52.813Z,gpu-3uwoq-6g3ya-2,ib_hw_counter,rdma_vf_rail2,packet_seq_err,0
2026-09-30T06:14:52.813Z,gpu-3uwoq-6g3ya-2,ib_hw_counter,rdma_vf_rail2,local_ack_timeout_err,0
2026-09-30T06:14:52.813Z,gpu-3uwoq-6g3ya-2,ib_hw_counter,rdma_vf_rail2,rx_write_requests,7.05021e+08
2026-09-30T06:14:52.813Z,gpu-3uwoq-6g3ya-2,ib_hw_counter,rdma_vf_rail2,rx_read_requests,1.042e+07
2026-09-30T06:14:52.813Z,gpu-3uwoq-6g3ya-2,ib_hw_counter,rdma_vf_rail2,req_cqe_error,0
2026-09-30T06:14:52.813Z,gpu-3uwoq-6g3ya-2,ib_hw_counter,rdma_vf_rail2,resp_cqe_error,0
2026-09-30T06:14:52.813Z,gpu-3uwoq-6g3ya-2,ib_hw_counter,rdma_vf_rail2,implied_nak_seq_err,0
2026-09-30T06:14:52.813Z,gpu-3uwoq-6g3ya-2,ib_hw_counter,rdma_vf_rail2,duplicate_request,0
2026-09-30T06:14:52.813Z,gpu-3uwoq-6g3ya-2,ib_counter,rdma_vf_rail3,port_xmit_data,2.76167e+12
2026-09-30T06:14:52.813Z,gpu-3uwoq-6g3ya-2,ib_counter,rdma_vf_rail3,port_rcv_data,5.72118e+12
2026-09-30T06:14:52.813Z,gpu-3uwoq-6g3ya-2,ib_counter,rdma_vf_rail3,port_xmit_packets,9.40862e+08
2026-09-30T06:14:52.813Z,gpu-3uwoq-6g3ya-2,ib_counter,rdma_vf_rail3,port_rcv_packets,1.56875e+09
2026-09-30T06:14:52.813Z,gpu-3uwoq-6g3ya-2,ib_counter,rdma_vf_rail3,port_xmit_wait,0
2026-09-30T06:14:52.813Z,gpu-3uwoq-6g3ya-2,ib_counter,rdma_vf_rail3,port_rcv_errors,0
2026-09-30T06:14:52.813Z,gpu-3uwoq-6g3ya-2,ib_counter,rdma_vf_rail3,port_xmit_discards,0
2026-09-30T06:14:52.813Z,gpu-3uwoq-6g3ya-2,ib_counter,rdma_vf_rail3,link_downed,0
2026-09-30T06:14:52.813Z,gpu-3uwoq-6g3ya-2,ib_hw_counter,rdma_vf_rail3,out_of_sequence,0
2026-09-30T06:14:52.813Z,gpu-3uwoq-6g3ya-2,ib_hw_counter,rdma_vf_rail3,packet_seq_err,1
2026-09-30T06:14:52.813Z,gpu-3uwoq-6g3ya-2,ib_hw_counter,rdma_vf_rail3,local_ack_timeout_err,0
2026-09-30T06:14:52.813Z,gpu-3uwoq-6g3ya-2,ib_hw_counter,rdma_vf_rail3,rx_write_requests,7.05021e+08
2026-09-30T06:14:52.813Z,gpu-3uwoq-6g3ya-2,ib_hw_counter,rdma_vf_rail3,rx_read_requests,1.042e+07
2026-09-30T06:14:52.813Z,gpu-3uwoq-6g3ya-2,ib_hw_counter,rdma_vf_rail3,req_cqe_error,0
2026-09-30T06:14:52.813Z,gpu-3uwoq-6g3ya-2,ib_hw_counter,rdma_vf_rail3,resp_cqe_error,0
2026-09-30T06:14:52.813Z,gpu-3uwoq-6g3ya-2,ib_hw_counter,rdma_vf_rail3,implied_nak_seq_err,0
2026-09-30T06:14:52.813Z,gpu-3uwoq-6g3ya-2,ib_hw_counter,rdma_vf_rail3,duplicate_request,0
2026-09-30T06:14:52.813Z,gpu-3uwoq-6g3ya-2,dcgm,gpu2,gpu_util,0
2026-09-30T06:14:52.813Z,gpu-3uwoq-6g3ya-2,dcgm,gpu3,gpu_util,0
2026-09-30T06:14:52.813Z,gpu-3uwoq-6g3ya-2,dcgm,gpu1,gpu_util,0
2026-09-30T06:14:52.813Z,gpu-3uwoq-6g3ya-2,dcgm,gpu0,gpu_util,0
2026-09-30T06:14:52.813Z,gpu-3uwoq-6g3ya-2,dcgm,gpu2,nvlink_bandwidth_total,0
2026-09-30T06:14:52.813Z,gpu-3uwoq-6g3ya-2,dcgm,gpu3,nvlink_bandwidth_total,0
2026-09-30T06:14:52.813Z,gpu-3uwoq-6g3ya-2,dcgm,gpu1,nvlink_bandwidth_total,0
2026-09-30T06:14:52.813Z,gpu-3uwoq-6g3ya-2,dcgm,gpu0,nvlink_bandwidth_total,0
2026-09-30T06:14:52.813Z,gpu-3uwoq-6g3ya-2,dcgm,gpu2,power_w,231.067
2026-09-30T06:14:52.813Z,gpu-3uwoq-6g3ya-2,dcgm,gpu3,power_w,233.398
2026-09-30T06:14:52.813Z,gpu-3uwoq-6g3ya-2,dcgm,gpu1,power_w,230.007
2026-09-30T06:14:52.813Z,gpu-3uwoq-6g3ya-2,dcgm,gpu0,power_w,226.497
2026-09-30T06:14:52.813Z,gpu-3uwoq-6g3ya-2,dcgm,gpu2,sm_clock_mhz,2070
2026-09-30T06:14:52.813Z,gpu-3uwoq-6g3ya-2,dcgm,gpu3,sm_clock_mhz,2070
2026-09-30T06:14:52.813Z,gpu-3uwoq-6g3ya-2,dcgm,gpu1,sm_clock_mhz,2070
2026-09-30T06:14:52.813Z,gpu-3uwoq-6g3ya-2,dcgm,gpu0,sm_clock_mhz,2070
2026-09-30T06:14:52.813Z,gpu-3uwoq-6g3ya-2,dcgm,gpu2,dram_active,0
2026-09-30T06:14:52.813Z,gpu-3uwoq-6g3ya-2,dcgm,gpu3,dram_active,0
2026-09-30T06:14:52.813Z,gpu-3uwoq-6g3ya-2,dcgm,gpu1,dram_active,0
2026-09-30T06:14:52.813Z,gpu-3uwoq-6g3ya-2,dcgm,gpu0,dram_active,0
2026-09-30T06:14:52.813Z,gpu-3uwoq-6g3ya-2,dcgm,gpu2,pcie_rx_bytes,50935
2026-09-30T06:14:52.813Z,gpu-3uwoq-6g3ya-2,dcgm,gpu3,pcie_rx_bytes,47310
2026-09-30T06:14:52.813Z,gpu-3uwoq-6g3ya-2,dcgm,gpu1,pcie_rx_bytes,64080
2026-09-30T06:14:52.813Z,gpu-3uwoq-6g3ya-2,dcgm,gpu0,pcie_rx_bytes,55661
2026-09-30T06:14:52.813Z,gpu-3uwoq-6g3ya-2,dcgm,gpu2,pcie_tx_bytes,49778
2026-09-30T06:14:52.813Z,gpu-3uwoq-6g3ya-2,dcgm,gpu3,pcie_tx_bytes,46122
2026-09-30T06:14:52.813Z,gpu-3uwoq-6g3ya-2,dcgm,gpu1,pcie_tx_bytes,62906
2026-09-30T06:14:52.813Z,gpu-3uwoq-6g3ya-2,dcgm,gpu0,pcie_tx_bytes,54473
2026-09-30T06:14:52.813Z,gpu-3uwoq-6g3ya-2,dcgm,gpu2,tensor_active,0
2026-09-30T06:14:52.813Z,gpu-3uwoq-6g3ya-2,dcgm,gpu3,tensor_active,0
2026-09-30T06:14:52.813Z,gpu-3uwoq-6g3ya-2,dcgm,gpu1,tensor_active,0
2026-09-30T06:14:52.813Z,gpu-3uwoq-6g3ya-2,dcgm,gpu0,tensor_active,0
2026-09-30T06:14:52.813Z,gpu-3uwoq-6g3ya-2,dcgm,gpu2,sm_active,0
2026-09-30T06:14:52.813Z,gpu-3uwoq-6g3ya-2,dcgm,gpu3,sm_active,0
2026-09-30T06:14:52.813Z,gpu-3uwoq-6g3ya-2,dcgm,gpu1,sm_active,0
2026-09-30T06:14:52.813Z,gpu-3uwoq-6g3ya-2,dcgm,gpu0,sm_active,0
2026-09-30T06:14:52.813Z,gpu-3uwoq-6g3ya-2,nvlink,gpu0,nvlink_rx_bytes,4.66294e+13
2026-09-30T06:14:52.813Z,gpu-3uwoq-6g3ya-2,nvlink,gpu0,nvlink_tx_bytes,4.66299e+13
2026-09-30T06:14:52.813Z,gpu-3uwoq-6g3ya-2,nvlink,gpu1,nvlink_rx_bytes,4.66294e+13
2026-09-30T06:14:52.813Z,gpu-3uwoq-6g3ya-2,nvlink,gpu1,nvlink_tx_bytes,4.66297e+13
2026-09-30T06:14:52.813Z,gpu-3uwoq-6g3ya-2,nvlink,gpu2,nvlink_rx_bytes,4.66291e+13
2026-09-30T06:14:52.813Z,gpu-3uwoq-6g3ya-2,nvlink,gpu2,nvlink_tx_bytes,4.66294e+13
2026-09-30T06:14:52.813Z,gpu-3uwoq-6g3ya-2,nvlink,gpu3,nvlink_rx_bytes,4.66274e+13
2026-09-30T06:14:52.813Z,gpu-3uwoq-6g3ya-2,nvlink,gpu3,nvlink_tx_bytes,4.66275e+13
2026-09-30T06:14:53.813Z,gpu-3uwoq-6g3ya-2,ib_counter,rdma_vf_rail0,port_xmit_data,2.76329e+12
2026-09-30T06:14:53.813Z,gpu-3uwoq-6g3ya-2,ib_counter,rdma_vf_rail0,port_rcv_data,5.72235e+12
2026-09-30T06:14:53.813Z,gpu-3uwoq-6g3ya-2,ib_counter,rdma_vf_rail0,port_xmit_packets,9.5609e+08
2026-09-30T06:14:53.813Z,gpu-3uwoq-6g3ya-2,ib_counter,rdma_vf_rail0,port_rcv_packets,1.57821e+09
2026-09-30T06:14:53.813Z,gpu-3uwoq-6g3ya-2,ib_counter,rdma_vf_rail0,port_xmit_wait,0
2026-09-30T06:14:53.813Z,gpu-3uwoq-6g3ya-2,ib_counter,rdma_vf_rail0,port_rcv_errors,0
2026-09-30T06:14:53.813Z,gpu-3uwoq-6g3ya-2,ib_counter,rdma_vf_rail0,port_xmit_discards,0
2026-09-30T06:14:53.813Z,gpu-3uwoq-6g3ya-2,ib_counter,rdma_vf_rail0,link_downed,0
2026-09-30T06:14:53.813Z,gpu-3uwoq-6g3ya-2,ib_hw_counter,rdma_vf_rail0,out_of_sequence,0
2026-09-30T06:14:53.813Z,gpu-3uwoq-6g3ya-2,ib_hw_counter,rdma_vf_rail0,packet_seq_err,0
2026-09-30T06:14:53.813Z,gpu-3uwoq-6g3ya-2,ib_hw_counter,rdma_vf_rail0,local_ack_timeout_err,0
2026-09-30T06:14:53.813Z,gpu-3uwoq-6g3ya-2,ib_hw_counter,rdma_vf_rail0,rx_write_requests,7.05021e+08
2026-09-30T06:14:53.813Z,gpu-3uwoq-6g3ya-2,ib_hw_counter,rdma_vf_rail0,rx_read_requests,1.042e+07
2026-09-30T06:14:53.813Z,gpu-3uwoq-6g3ya-2,ib_hw_counter,rdma_vf_rail0,req_cqe_error,0
2026-09-30T06:14:53.813Z,gpu-3uwoq-6g3ya-2,ib_hw_counter,rdma_vf_rail0,resp_cqe_error,0
2026-09-30T06:14:53.813Z,gpu-3uwoq-6g3ya-2,ib_hw_counter,rdma_vf_rail0,implied_nak_seq_err,0
2026-09-30T06:14:53.813Z,gpu-3uwoq-6g3ya-2,ib_hw_counter,rdma_vf_rail0,duplicate_request,0
2026-09-30T06:14:53.813Z,gpu-3uwoq-6g3ya-2,ib_counter,rdma_vf_rail1,port_xmit_data,2.76263e+12
2026-09-30T06:14:53.813Z,gpu-3uwoq-6g3ya-2,ib_counter,rdma_vf_rail1,port_rcv_data,5.72189e+12
2026-09-30T06:14:53.813Z,gpu-3uwoq-6g3ya-2,ib_counter,rdma_vf_rail1,port_xmit_packets,9.52939e+08
2026-09-30T06:14:53.813Z,gpu-3uwoq-6g3ya-2,ib_counter,rdma_vf_rail1,port_rcv_packets,1.57742e+09
2026-09-30T06:14:53.813Z,gpu-3uwoq-6g3ya-2,ib_counter,rdma_vf_rail1,port_xmit_wait,0
2026-09-30T06:14:53.813Z,gpu-3uwoq-6g3ya-2,ib_counter,rdma_vf_rail1,port_rcv_errors,0
2026-09-30T06:14:53.813Z,gpu-3uwoq-6g3ya-2,ib_counter,rdma_vf_rail1,port_xmit_discards,0
2026-09-30T06:14:53.813Z,gpu-3uwoq-6g3ya-2,ib_counter,rdma_vf_rail1,link_downed,0
2026-09-30T06:14:53.813Z,gpu-3uwoq-6g3ya-2,ib_hw_counter,rdma_vf_rail1,out_of_sequence,0
2026-09-30T06:14:53.813Z,gpu-3uwoq-6g3ya-2,ib_hw_counter,rdma_vf_rail1,packet_seq_err,0
2026-09-30T06:14:53.813Z,gpu-3uwoq-6g3ya-2,ib_hw_counter,rdma_vf_rail1,local_ack_timeout_err,0
2026-09-30T06:14:53.813Z,gpu-3uwoq-6g3ya-2,ib_hw_counter,rdma_vf_rail1,rx_write_requests,7.05022e+08
2026-09-30T06:14:53.813Z,gpu-3uwoq-6g3ya-2,ib_hw_counter,rdma_vf_rail1,rx_read_requests,1.042e+07
2026-09-30T06:14:53.813Z,gpu-3uwoq-6g3ya-2,ib_hw_counter,rdma_vf_rail1,req_cqe_error,0
2026-09-30T06:14:53.813Z,gpu-3uwoq-6g3ya-2,ib_hw_counter,rdma_vf_rail1,resp_cqe_error,0
2026-09-30T06:14:53.813Z,gpu-3uwoq-6g3ya-2,ib_hw_counter,rdma_vf_rail1,implied_nak_seq_err,0
2026-09-30T06:14:53.813Z,gpu-3uwoq-6g3ya-2,ib_hw_counter,rdma_vf_rail1,duplicate_request,0
2026-09-30T06:14:53.813Z,gpu-3uwoq-6g3ya-2,ib_counter,rdma_vf_rail2,port_xmit_data,2.76181e+12
2026-09-30T06:14:53.813Z,gpu-3uwoq-6g3ya-2,ib_counter,rdma_vf_rail2,port_rcv_data,5.72057e+12
2026-09-30T06:14:53.813Z,gpu-3uwoq-6g3ya-2,ib_counter,rdma_vf_rail2,port_xmit_packets,9.4252e+08
2026-09-30T06:14:53.813Z,gpu-3uwoq-6g3ya-2,ib_counter,rdma_vf_rail2,port_rcv_packets,1.56133e+09
2026-09-30T06:14:53.813Z,gpu-3uwoq-6g3ya-2,ib_counter,rdma_vf_rail2,port_xmit_wait,0
2026-09-30T06:14:53.813Z,gpu-3uwoq-6g3ya-2,ib_counter,rdma_vf_rail2,port_rcv_errors,0
2026-09-30T06:14:53.813Z,gpu-3uwoq-6g3ya-2,ib_counter,rdma_vf_rail2,port_xmit_discards,0
2026-09-30T06:14:53.813Z,gpu-3uwoq-6g3ya-2,ib_counter,rdma_vf_rail2,link_downed,0
2026-09-30T06:14:53.813Z,gpu-3uwoq-6g3ya-2,ib_hw_counter,rdma_vf_rail2,out_of_sequence,0
2026-09-30T06:14:53.813Z,gpu-3uwoq-6g3ya-2,ib_hw_counter,rdma_vf_rail2,packet_seq_err,0
2026-09-30T06:14:53.813Z,gpu-3uwoq-6g3ya-2,ib_hw_counter,rdma_vf_rail2,local_ack_timeout_err,0
2026-09-30T06:14:53.813Z,gpu-3uwoq-6g3ya-2,ib_hw_counter,rdma_vf_rail2,rx_write_requests,7.05021e+08
2026-09-30T06:14:53.813Z,gpu-3uwoq-6g3ya-2,ib_hw_counter,rdma_vf_rail2,rx_read_requests,1.042e+07
2026-09-30T06:14:53.813Z,gpu-3uwoq-6g3ya-2,ib_hw_counter,rdma_vf_rail2,req_cqe_error,0
2026-09-30T06:14:53.813Z,gpu-3uwoq-6g3ya-2,ib_hw_counter,rdma_vf_rail2,resp_cqe_error,0
2026-09-30T06:14:53.813Z,gpu-3uwoq-6g3ya-2,ib_hw_counter,rdma_vf_rail2,implied_nak_seq_err,0
2026-09-30T06:14:53.813Z,gpu-3uwoq-6g3ya-2,ib_hw_counter,rdma_vf_rail2,duplicate_request,0
2026-09-30T06:14:53.813Z,gpu-3uwoq-6g3ya-2,ib_counter,rdma_vf_rail3,port_xmit_data,2.76167e+12
2026-09-30T06:14:53.813Z,gpu-3uwoq-6g3ya-2,ib_counter,rdma_vf_rail3,port_rcv_data,5.72118e+12
2026-09-30T06:14:53.813Z,gpu-3uwoq-6g3ya-2,ib_counter,rdma_vf_rail3,port_xmit_packets,9.40862e+08
2026-09-30T06:14:53.813Z,gpu-3uwoq-6g3ya-2,ib_counter,rdma_vf_rail3,port_rcv_packets,1.56875e+09
2026-09-30T06:14:53.813Z,gpu-3uwoq-6g3ya-2,ib_counter,rdma_vf_rail3,port_xmit_wait,0
2026-09-30T06:14:53.813Z,gpu-3uwoq-6g3ya-2,ib_counter,rdma_vf_rail3,port_rcv_errors,0
2026-09-30T06:14:53.813Z,gpu-3uwoq-6g3ya-2,ib_counter,rdma_vf_rail3,port_xmit_discards,0
2026-09-30T06:14:53.813Z,gpu-3uwoq-6g3ya-2,ib_counter,rdma_vf_rail3,link_downed,0
2026-09-30T06:14:53.813Z,gpu-3uwoq-6g3ya-2,ib_hw_counter,rdma_vf_rail3,out_of_sequence,0
2026-09-30T06:14:53.813Z,gpu-3uwoq-6g3ya-2,ib_hw_counter,rdma_vf_rail3,packet_seq_err,1
2026-09-30T06:14:53.813Z,gpu-3uwoq-6g3ya-2,ib_hw_counter,rdma_vf_rail3,local_ack_timeout_err,0
2026-09-30T06:14:53.813Z,gpu-3uwoq-6g3ya-2,ib_hw_counter,rdma_vf_rail3,rx_write_requests,7.05021e+08
2026-09-30T06:14:53.813Z,gpu-3uwoq-6g3ya-2,ib_hw_counter,rdma_vf_rail3,rx_read_requests,1.042e+07
2026-09-30T06:14:53.813Z,gpu-3uwoq-6g3ya-2,ib_hw_counter,rdma_vf_rail3,req_cqe_error,0
2026-09-30T06:14:53.813Z,gpu-3uwoq-6g3ya-2,ib_hw_counter,rdma_vf_rail3,resp_cqe_error,0
2026-09-30T06:14:53.813Z,gpu-3uwoq-6g3ya-2,ib_hw_counter,rdma_vf_rail3,implied_nak_seq_err,0
2026-09-30T06:14:53.813Z,gpu-3uwoq-6g3ya-2,ib_hw_counter,rdma_vf_rail3,duplicate_request,0
2026-09-30T06:14:53.813Z,gpu-3uwoq-6g3ya-2,dcgm,gpu2,gpu_util,0
2026-09-30T06:14:53.813Z,gpu-3uwoq-6g3ya-2,dcgm,gpu3,gpu_util,0
2026-09-30T06:14:53.813Z,gpu-3uwoq-6g3ya-2,dcgm,gpu1,gpu_util,0
2026-09-30T06:14:53.813Z,gpu-3uwoq-6g3ya-2,dcgm,gpu0,gpu_util,0
2026-09-30T06:14:53.813Z,gpu-3uwoq-6g3ya-2,dcgm,gpu2,nvlink_bandwidth_total,0
2026-09-30T06:14:53.813Z,gpu-3uwoq-6g3ya-2,dcgm,gpu3,nvlink_bandwidth_total,0
2026-09-30T06:14:53.813Z,gpu-3uwoq-6g3ya-2,dcgm,gpu1,nvlink_bandwidth_total,0
2026-09-30T06:14:53.813Z,gpu-3uwoq-6g3ya-2,dcgm,gpu0,nvlink_bandwidth_total,0
2026-09-30T06:14:53.813Z,gpu-3uwoq-6g3ya-2,dcgm,gpu2,power_w,231.067
2026-09-30T06:14:53.813Z,gpu-3uwoq-6g3ya-2,dcgm,gpu3,power_w,233.398
2026-09-30T06:14:53.813Z,gpu-3uwoq-6g3ya-2,dcgm,gpu1,power_w,230.007
2026-09-30T06:14:53.813Z,gpu-3uwoq-6g3ya-2,dcgm,gpu0,power_w,226.497
2026-09-30T06:14:53.813Z,gpu-3uwoq-6g3ya-2,dcgm,gpu2,sm_clock_mhz,2070
2026-09-30T06:14:53.813Z,gpu-3uwoq-6g3ya-2,dcgm,gpu3,sm_clock_mhz,2070
2026-09-30T06:14:53.813Z,gpu-3uwoq-6g3ya-2,dcgm,gpu1,sm_clock_mhz,2070
2026-09-30T06:14:53.813Z,gpu-3uwoq-6g3ya-2,dcgm,gpu0,sm_clock_mhz,2070
2026-09-30T06:14:53.813Z,gpu-3uwoq-6g3ya-2,dcgm,gpu2,dram_active,0
2026-09-30T06:14:53.813Z,gpu-3uwoq-6g3ya-2,dcgm,gpu3,dram_active,0
2026-09-30T06:14:53.813Z,gpu-3uwoq-6g3ya-2,dcgm,gpu1,dram_active,0
2026-09-30T06:14:53.813Z,gpu-3uwoq-6g3ya-2,dcgm,gpu0,dram_active,0
2026-09-30T06:14:53.813Z,gpu-3uwoq-6g3ya-2,dcgm,gpu2,pcie_rx_bytes,50935
2026-09-30T06:14:53.813Z,gpu-3uwoq-6g3ya-2,dcgm,gpu3,pcie_rx_bytes,47310
2026-09-30T06:14:53.813Z,gpu-3uwoq-6g3ya-2,dcgm,gpu1,pcie_rx_bytes,64080
2026-09-30T06:14:53.813Z,gpu-3uwoq-6g3ya-2,dcgm,gpu0,pcie_rx_bytes,55661
2026-09-30T06:14:53.813Z,gpu-3uwoq-6g3ya-2,dcgm,gpu2,pcie_tx_bytes,49778
2026-09-30T06:14:53.813Z,gpu-3uwoq-6g3ya-2,dcgm,gpu3,pcie_tx_bytes,46122
2026-09-30T06:14:53.813Z,gpu-3uwoq-6g3ya-2,dcgm,gpu1,pcie_tx_bytes,62906
2026-09-30T06:14:53.813Z,gpu-3uwoq-6g3ya-2,dcgm,gpu0,pcie_tx_bytes,54473
2026-09-30T06:14:53.813Z,gpu-3uwoq-6g3ya-2,dcgm,gpu2,tensor_active,0
2026-09-30T06:14:53.813Z,gpu-3uwoq-6g3ya-2,dcgm,gpu3,tensor_active,0
2026-09-30T06:14:53.813Z,gpu-3uwoq-6g3ya-2,dcgm,gpu1,tensor_active,0
2026-09-30T06:14:53.813Z,gpu-3uwoq-6g3ya-2,dcgm,gpu0,tensor_active,0
2026-09-30T06:14:53.813Z,gpu-3uwoq-6g3ya-2,dcgm,gpu2,sm_active,0
2026-09-30T06:14:53.813Z,gpu-3uwoq-6g3ya-2,dcgm,gpu3,sm_active,0
2026-09-30T06:14:53.813Z,gpu-3uwoq-6g3ya-2,dcgm,gpu1,sm_active,0
2026-09-30T06:14:53.813Z,gpu-3uwoq-6g3ya-2,dcgm,gpu0,sm_active,0
2026-09-30T06:14:53.813Z,gpu-3uwoq-6g3ya-2,nvlink,gpu0,nvlink_rx_bytes,4.66294e+13
2026-09-30T06:14:53.813Z,gpu-3uwoq-6g3ya-2,nvlink,gpu0,nvlink_tx_bytes,4.66299e+13
2026-09-30T06:14:53.813Z,gpu-3uwoq-6g3ya-2,nvlink,gpu1,nvlink_rx_bytes,4.66294e+13
2026-09-30T06:14:53.813Z,gpu-3uwoq-6g3ya-2,nvlink,gpu1,nvlink_tx_bytes,4.66297e+13
2026-09-30T06:14:53.813Z,gpu-3uwoq-6g3ya-2,nvlink,gpu2,nvlink_rx_bytes,4.66291e+13
2026-09-30T06:14:53.813Z,gpu-3uwoq-6g3ya-2,nvlink,gpu2,nvlink_tx_bytes,4.66294e+13
2026-09-30T06:14:53.813Z,gpu-3uwoq-6g3ya-2,nvlink,gpu3,nvlink_rx_bytes,4.66274e+13
2026-09-30T06:14:53.813Z,gpu-3uwoq-6g3ya-2,nvlink,gpu3,nvlink_tx_bytes,4.66275e+13
2026-09-30T06:14:54.813Z,gpu-3uwoq-6g3ya-2,ib_counter,rdma_vf_rail0,port_xmit_data,2.76329e+12
2026-09-30T06:14:54.813Z,gpu-3uwoq-6g3ya-2,ib_counter,rdma_vf_rail0,port_rcv_data,5.72235e+12
2026-09-30T06:14:54.813Z,gpu-3uwoq-6g3ya-2,ib_counter,rdma_vf_rail0,port_xmit_packets,9.5609e+08
2026-09-30T06:14:54.813Z,gpu-3uwoq-6g3ya-2,ib_counter,rdma_vf_rail0,port_rcv_packets,1.57821e+09
2026-09-30T06:14:54.813Z,gpu-3uwoq-6g3ya-2,ib_counter,rdma_vf_rail0,port_xmit_wait,0
2026-09-30T06:14:54.813Z,gpu-3uwoq-6g3ya-2,ib_counter,rdma_vf_rail0,port_rcv_errors,0
2026-09-30T06:14:54.813Z,gpu-3uwoq-6g3ya-2,ib_counter,rdma_vf_rail0,port_xmit_discards,0
2026-09-30T06:14:54.813Z,gpu-3uwoq-6g3ya-2,ib_counter,rdma_vf_rail0,link_downed,0
2026-09-30T06:14:54.813Z,gpu-3uwoq-6g3ya-2,ib_hw_counter,rdma_vf_rail0,out_of_sequence,0
2026-09-30T06:14:54.813Z,gpu-3uwoq-6g3ya-2,ib_hw_counter,rdma_vf_rail0,packet_seq_err,0
2026-09-30T06:14:54.813Z,gpu-3uwoq-6g3ya-2,ib_hw_counter,rdma_vf_rail0,local_ack_timeout_err,0
2026-09-30T06:14:54.813Z,gpu-3uwoq-6g3ya-2,ib_hw_counter,rdma_vf_rail0,rx_write_requests,7.05021e+08
2026-09-30T06:14:54.813Z,gpu-3uwoq-6g3ya-2,ib_hw_counter,rdma_vf_rail0,rx_read_requests,1.042e+07
2026-09-30T06:14:54.813Z,gpu-3uwoq-6g3ya-2,ib_hw_counter,rdma_vf_rail0,req_cqe_error,0
2026-09-30T06:14:54.813Z,gpu-3uwoq-6g3ya-2,ib_hw_counter,rdma_vf_rail0,resp_cqe_error,0
2026-09-30T06:14:54.813Z,gpu-3uwoq-6g3ya-2,ib_hw_counter,rdma_vf_rail0,implied_nak_seq_err,0
2026-09-30T06:14:54.813Z,gpu-3uwoq-6g3ya-2,ib_hw_counter,rdma_vf_rail0,duplicate_request,0
2026-09-30T06:14:54.813Z,gpu-3uwoq-6g3ya-2,ib_counter,rdma_vf_rail1,port_xmit_data,2.76263e+12
2026-09-30T06:14:54.813Z,gpu-3uwoq-6g3ya-2,ib_counter,rdma_vf_rail1,port_rcv_data,5.72189e+12
2026-09-30T06:14:54.813Z,gpu-3uwoq-6g3ya-2,ib_counter,rdma_vf_rail1,port_xmit_packets,9.52939e+08
2026-09-30T06:14:54.813Z,gpu-3uwoq-6g3ya-2,ib_counter,rdma_vf_rail1,port_rcv_packets,1.57742e+09
2026-09-30T06:14:54.813Z,gpu-3uwoq-6g3ya-2,ib_counter,rdma_vf_rail1,port_xmit_wait,0
2026-09-30T06:14:54.813Z,gpu-3uwoq-6g3ya-2,ib_counter,rdma_vf_rail1,port_rcv_errors,0
2026-09-30T06:14:54.813Z,gpu-3uwoq-6g3ya-2,ib_counter,rdma_vf_rail1,port_xmit_discards,0
2026-09-30T06:14:54.813Z,gpu-3uwoq-6g3ya-2,ib_counter,rdma_vf_rail1,link_downed,0
2026-09-30T06:14:54.813Z,gpu-3uwoq-6g3ya-2,ib_hw_counter,rdma_vf_rail1,out_of_sequence,0
2026-09-30T06:14:54.813Z,gpu-3uwoq-6g3ya-2,ib_hw_counter,rdma_vf_rail1,packet_seq_err,0
2026-09-30T06:14:54.813Z,gpu-3uwoq-6g3ya-2,ib_hw_counter,rdma_vf_rail1,local_ack_timeout_err,0
2026-09-30T06:14:54.813Z,gpu-3uwoq-6g3ya-2,ib_hw_counter,rdma_vf_rail1,rx_write_requests,7.05022e+08
2026-09-30T06:14:54.813Z,gpu-3uwoq-6g3ya-2,ib_hw_counter,rdma_vf_rail1,rx_read_requests,1.042e+07
2026-09-30T06:14:54.813Z,gpu-3uwoq-6g3ya-2,ib_hw_counter,rdma_vf_rail1,req_cqe_error,0
2026-09-30T06:14:54.813Z,gpu-3uwoq-6g3ya-2,ib_hw_counter,rdma_vf_rail1,resp_cqe_error,0
2026-09-30T06:14:54.813Z,gpu-3uwoq-6g3ya-2,ib_hw_counter,rdma_vf_rail1,implied_nak_seq_err,0
2026-09-30T06:14:54.813Z,gpu-3uwoq-6g3ya-2,ib_hw_counter,rdma_vf_rail1,duplicate_request,0
2026-09-30T06:14:54.813Z,gpu-3uwoq-6g3ya-2,ib_counter,rdma_vf_rail2,port_xmit_data,2.76181e+12
2026-09-30T06:14:54.813Z,gpu-3uwoq-6g3ya-2,ib_counter,rdma_vf_rail2,port_rcv_data,5.72057e+12
2026-09-30T06:14:54.813Z,gpu-3uwoq-6g3ya-2,ib_counter,rdma_vf_rail2,port_xmit_packets,9.4252e+08
2026-09-30T06:14:54.813Z,gpu-3uwoq-6g3ya-2,ib_counter,rdma_vf_rail2,port_rcv_packets,1.56133e+09
2026-09-30T06:14:54.813Z,gpu-3uwoq-6g3ya-2,ib_counter,rdma_vf_rail2,port_xmit_wait,0
2026-09-30T06:14:54.813Z,gpu-3uwoq-6g3ya-2,ib_counter,rdma_vf_rail2,port_rcv_errors,0
2026-09-30T06:14:54.813Z,gpu-3uwoq-6g3ya-2,ib_counter,rdma_vf_rail2,port_xmit_discards,0
2026-09-30T06:14:54.813Z,gpu-3uwoq-6g3ya-2,ib_counter,rdma_vf_rail2,link_downed,0
2026-09-30T06:14:54.813Z,gpu-3uwoq-6g3ya-2,ib_hw_counter,rdma_vf_rail2,out_of_sequence,0
2026-09-30T06:14:54.813Z,gpu-3uwoq-6g3ya-2,ib_hw_counter,rdma_vf_rail2,packet_seq_err,0
2026-09-30T06:14:54.813Z,gpu-3uwoq-6g3ya-2,ib_hw_counter,rdma_vf_rail2,local_ack_timeout_err,0
2026-09-30T06:14:54.813Z,gpu-3uwoq-6g3ya-2,ib_hw_counter,rdma_vf_rail2,rx_write_requests,7.05021e+08
2026-09-30T06:14:54.813Z,gpu-3uwoq-6g3ya-2,ib_hw_counter,rdma_vf_rail2,rx_read_requests,1.042e+07
2026-09-30T06:14:54.813Z,gpu-3uwoq-6g3ya-2,ib_hw_counter,rdma_vf_rail2,req_cqe_error,0
2026-09-30T06:14:54.813Z,gpu-3uwoq-6g3ya-2,ib_hw_counter,rdma_vf_rail2,resp_cqe_error,0
2026-09-30T06:14:54.813Z,gpu-3uwoq-6g3ya-2,ib_hw_counter,rdma_vf_rail2,implied_nak_seq_err,0
2026-09-30T06:14:54.813Z,gpu-3uwoq-6g3ya-2,ib_hw_counter,rdma_vf_rail2,duplicate_request,0
2026-09-30T06:14:54.813Z,gpu-3uwoq-6g3ya-2,ib_counter,rdma_vf_rail3,port_xmit_data,2.76167e+12
2026-09-30T06:14:54.813Z,gpu-3uwoq-6g3ya-2,ib_counter,rdma_vf_rail3,port_rcv_data,5.72118e+12
2026-09-30T06:14:54.813Z,gpu-3uwoq-6g3ya-2,ib_counter,rdma_vf_rail3,port_xmit_packets,9.40862e+08
2026-09-30T06:14:54.813Z,gpu-3uwoq-6g3ya-2,ib_counter,rdma_vf_rail3,port_rcv_packets,1.56875e+09
2026-09-30T06:14:54.813Z,gpu-3uwoq-6g3ya-2,ib_counter,rdma_vf_rail3,port_xmit_wait,0
2026-09-30T06:14:54.813Z,gpu-3uwoq-6g3ya-2,ib_counter,rdma_vf_rail3,port_rcv_errors,0
2026-09-30T06:14:54.813Z,gpu-3uwoq-6g3ya-2,ib_counter,rdma_vf_rail3,port_xmit_discards,0
2026-09-30T06:14:54.813Z,gpu-3uwoq-6g3ya-2,ib_counter,rdma_vf_rail3,link_downed,0
2026-09-30T06:14:54.813Z,gpu-3uwoq-6g3ya-2,ib_hw_counter,rdma_vf_rail3,out_of_sequence,0
2026-09-30T06:14:54.813Z,gpu-3uwoq-6g3ya-2,ib_hw_counter,rdma_vf_rail3,packet_seq_err,1
2026-09-30T06:14:54.813Z,gpu-3uwoq-6g3ya-2,ib_hw_counter,rdma_vf_rail3,local_ack_timeout_err,0
2026-09-30T06:14:54.813Z,gpu-3uwoq-6g3ya-2,ib_hw_counter,rdma_vf_rail3,rx_write_requests,7.05021e+08
2026-09-30T06:14:54.813Z,gpu-3uwoq-6g3ya-2,ib_hw_counter,rdma_vf_rail3,rx_read_requests,1.042e+07
2026-09-30T06:14:54.813Z,gpu-3uwoq-6g3ya-2,ib_hw_counter,rdma_vf_rail3,req_cqe_error,0
2026-09-30T06:14:54.813Z,gpu-3uwoq-6g3ya-2,ib_hw_counter,rdma_vf_rail3,resp_cqe_error,0
2026-09-30T06:14:54.813Z,gpu-3uwoq-6g3ya-2,ib_hw_counter,rdma_vf_rail3,implied_nak_seq_err,0
2026-09-30T06:14:54.813Z,gpu-3uwoq-6g3ya-2,ib_hw_counter,rdma_vf_rail3,duplicate_request,0
2026-09-30T06:14:54.813Z,gpu-3uwoq-6g3ya-2,dcgm,gpu2,gpu_util,0
2026-09-30T06:14:54.813Z,gpu-3uwoq-6g3ya-2,dcgm,gpu3,gpu_util,0
2026-09-30T06:14:54.813Z,gpu-3uwoq-6g3ya-2,dcgm,gpu1,gpu_util,0
2026-09-30T06:14:54.813Z,gpu-3uwoq-6g3ya-2,dcgm,gpu0,gpu_util,0
2026-09-30T06:14:54.813Z,gpu-3uwoq-6g3ya-2,dcgm,gpu2,nvlink_bandwidth_total,0
2026-09-30T06:14:54.813Z,gpu-3uwoq-6g3ya-2,dcgm,gpu3,nvlink_bandwidth_total,0
2026-09-30T06:14:54.813Z,gpu-3uwoq-6g3ya-2,dcgm,gpu1,nvlink_bandwidth_total,0
2026-09-30T06:14:54.813Z,gpu-3uwoq-6g3ya-2,dcgm,gpu0,nvlink_bandwidth_total,0
2026-09-30T06:14:54.813Z,gpu-3uwoq-6g3ya-2,dcgm,gpu2,power_w,231.067
2026-09-30T06:14:54.813Z,gpu-3uwoq-6g3ya-2,dcgm,gpu3,power_w,233.398
2026-09-30T06:14:54.813Z,gpu-3uwoq-6g3ya-2,dcgm,gpu1,power_w,230.007
2026-09-30T06:14:54.813Z,gpu-3uwoq-6g3ya-2,dcgm,gpu0,power_w,226.497
2026-09-30T06:14:54.813Z,gpu-3uwoq-6g3ya-2,dcgm,gpu2,sm_clock_mhz,2070
2026-09-30T06:14:54.813Z,gpu-3uwoq-6g3ya-2,dcgm,gpu3,sm_clock_mhz,2070
2026-09-30T06:14:54.813Z,gpu-3uwoq-6g3ya-2,dcgm,gpu1,sm_clock_mhz,2070
2026-09-30T06:14:54.813Z,gpu-3uwoq-6g3ya-2,dcgm,gpu0,sm_clock_mhz,2070
2026-09-30T06:14:54.813Z,gpu-3uwoq-6g3ya-2,dcgm,gpu2,dram_active,0
2026-09-30T06:14:54.813Z,gpu-3uwoq-6g3ya-2,dcgm,gpu3,dram_active,0
2026-09-30T06:14:54.813Z,gpu-3uwoq-6g3ya-2,dcgm,gpu1,dram_active,0
2026-09-30T06:14:54.813Z,gpu-3uwoq-6g3ya-2,dcgm,gpu0,dram_active,0
2026-09-30T06:14:54.813Z,gpu-3uwoq-6g3ya-2,dcgm,gpu2,pcie_rx_bytes,50935
2026-09-30T06:14:54.813Z,gpu-3uwoq-6g3ya-2,dcgm,gpu3,pcie_rx_bytes,47310
2026-09-30T06:14:54.813Z,gpu-3uwoq-6g3ya-2,dcgm,gpu1,pcie_rx_bytes,64080
2026-09-30T06:14:54.813Z,gpu-3uwoq-6g3ya-2,dcgm,gpu0,pcie_rx_bytes,55661
2026-09-30T06:14:54.813Z,gpu-3uwoq-6g3ya-2,dcgm,gpu2,pcie_tx_bytes,49778
2026-09-30T06:14:54.813Z,gpu-3uwoq-6g3ya-2,dcgm,gpu3,pcie_tx_bytes,46122
2026-09-30T06:14:54.813Z,gpu-3uwoq-6g3ya-2,dcgm,gpu1,pcie_tx_bytes,62906
2026-09-30T06:14:54.813Z,gpu-3uwoq-6g3ya-2,dcgm,gpu0,pcie_tx_bytes,54473
2026-09-30T06:14:54.813Z,gpu-3uwoq-6g3ya-2,dcgm,gpu2,tensor_active,0
2026-09-30T06:14:54.813Z,gpu-3uwoq-6g3ya-2,dcgm,gpu3,tensor_active,0
2026-09-30T06:14:54.813Z,gpu-3uwoq-6g3ya-2,dcgm,gpu1,tensor_active,0
2026-09-30T06:14:54.813Z,gpu-3uwoq-6g3ya-2,dcgm,gpu0,tensor_active,0
2026-09-30T06:14:54.813Z,gpu-3uwoq-6g3ya-2,dcgm,gpu2,sm_active,0
2026-09-30T06:14:54.813Z,gpu-3uwoq-6g3ya-2,dcgm,gpu3,sm_active,0
2026-09-30T06:14:54.813Z,gpu-3uwoq-6g3ya-2,dcgm,gpu1,sm_active,0
2026-09-30T06:14:54.813Z,gpu-3uwoq-6g3ya-2,dcgm,gpu0,sm_active,0
2026-09-30T06:14:54.813Z,gpu-3uwoq-6g3ya-2,nvlink,gpu0,nvlink_rx_bytes,4.66294e+13
2026-09-30T06:14:54.813Z,gpu-3uwoq-6g3ya-2,nvlink,gpu0,nvlink_tx_bytes,4.66299e+13
2026-09-30T06:14:54.813Z,gpu-3uwoq-6g3ya-2,nvlink,gpu1,nvlink_rx_bytes,4.66294e+13
2026-09-30T06:14:54.813Z,gpu-3uwoq-6g3ya-2,nvlink,gpu1,nvlink_tx_bytes,4.66297e+13
2026-09-30T06:14:54.813Z,gpu-3uwoq-6g3ya-2,nvlink,gpu2,nvlink_rx_bytes,4.66291e+13
2026-09-30T06:14:54.813Z,gpu-3uwoq-6g3ya-2,nvlink,gpu2,nvlink_tx_bytes,4.66294e+13
2026-09-30T06:14:54.813Z,gpu-3uwoq-6g3ya-2,nvlink,gpu3,nvlink_rx_bytes,4.66274e+13
2026-09-30T06:14:54.813Z,gpu-3uwoq-6g3ya-2,nvlink,gpu3,nvlink_tx_bytes,4.66275e+13
2026-09-30T06:14:55.813Z,gpu-3uwoq-6g3ya-2,ib_counter,rdma_vf_rail0,port_xmit_data,2.76329e+12
2026-09-30T06:14:55.813Z,gpu-3uwoq-6g3ya-2,ib_counter,rdma_vf_rail0,port_rcv_data,5.72235e+12
2026-09-30T06:14:55.813Z,gpu-3uwoq-6g3ya-2,ib_counter,rdma_vf_rail0,port_xmit_packets,9.5609e+08
2026-09-30T06:14:55.813Z,gpu-3uwoq-6g3ya-2,ib_counter,rdma_vf_rail0,port_rcv_packets,1.57821e+09
2026-09-30T06:14:55.813Z,gpu-3uwoq-6g3ya-2,ib_counter,rdma_vf_rail0,port_xmit_wait,0
2026-09-30T06:14:55.813Z,gpu-3uwoq-6g3ya-2,ib_counter,rdma_vf_rail0,port_rcv_errors,0
2026-09-30T06:14:55.813Z,gpu-3uwoq-6g3ya-2,ib_counter,rdma_vf_rail0,port_xmit_discards,0
2026-09-30T06:14:55.813Z,gpu-3uwoq-6g3ya-2,ib_counter,rdma_vf_rail0,link_downed,0
2026-09-30T06:14:55.813Z,gpu-3uwoq-6g3ya-2,ib_hw_counter,rdma_vf_rail0,out_of_sequence,0
2026-09-30T06:14:55.813Z,gpu-3uwoq-6g3ya-2,ib_hw_counter,rdma_vf_rail0,packet_seq_err,0
2026-09-30T06:14:55.813Z,gpu-3uwoq-6g3ya-2,ib_hw_counter,rdma_vf_rail0,local_ack_timeout_err,0
2026-09-30T06:14:55.813Z,gpu-3uwoq-6g3ya-2,ib_hw_counter,rdma_vf_rail0,rx_write_requests,7.05021e+08
2026-09-30T06:14:55.813Z,gpu-3uwoq-6g3ya-2,ib_hw_counter,rdma_vf_rail0,rx_read_requests,1.042e+07
2026-09-30T06:14:55.813Z,gpu-3uwoq-6g3ya-2,ib_hw_counter,rdma_vf_rail0,req_cqe_error,0
2026-09-30T06:14:55.813Z,gpu-3uwoq-6g3ya-2,ib_hw_counter,rdma_vf_rail0,resp_cqe_error,0
2026-09-30T06:14:55.813Z,gpu-3uwoq-6g3ya-2,ib_hw_counter,rdma_vf_rail0,implied_nak_seq_err,0
2026-09-30T06:14:55.813Z,gpu-3uwoq-6g3ya-2,ib_hw_counter,rdma_vf_rail0,duplicate_request,0
2026-09-30T06:14:55.813Z,gpu-3uwoq-6g3ya-2,ib_counter,rdma_vf_rail1,port_xmit_data,2.76263e+12
2026-09-30T06:14:55.813Z,gpu-3uwoq-6g3ya-2,ib_counter,rdma_vf_rail1,port_rcv_data,5.72189e+12
2026-09-30T06:14:55.813Z,gpu-3uwoq-6g3ya-2,ib_counter,rdma_vf_rail1,port_xmit_packets,9.52939e+08
2026-09-30T06:14:55.813Z,gpu-3uwoq-6g3ya-2,ib_counter,rdma_vf_rail1,port_rcv_packets,1.57742e+09
2026-09-30T06:14:55.813Z,gpu-3uwoq-6g3ya-2,ib_counter,rdma_vf_rail1,port_xmit_wait,0
2026-09-30T06:14:55.813Z,gpu-3uwoq-6g3ya-2,ib_counter,rdma_vf_rail1,port_rcv_errors,0
2026-09-30T06:14:55.813Z,gpu-3uwoq-6g3ya-2,ib_counter,rdma_vf_rail1,port_xmit_discards,0
2026-09-30T06:14:55.813Z,gpu-3uwoq-6g3ya-2,ib_counter,rdma_vf_rail1,link_downed,0
2026-09-30T06:14:55.813Z,gpu-3uwoq-6g3ya-2,ib_hw_counter,rdma_vf_rail1,out_of_sequence,0
2026-09-30T06:14:55.813Z,gpu-3uwoq-6g3ya-2,ib_hw_counter,rdma_vf_rail1,packet_seq_err,0
2026-09-30T06:14:55.813Z,gpu-3uwoq-6g3ya-2,ib_hw_counter,rdma_vf_rail1,local_ack_timeout_err,0
2026-09-30T06:14:55.813Z,gpu-3uwoq-6g3ya-2,ib_hw_counter,rdma_vf_rail1,rx_write_requests,7.05022e+08
2026-09-30T06:14:55.813Z,gpu-3uwoq-6g3ya-2,ib_hw_counter,rdma_vf_rail1,rx_read_requests,1.042e+07
2026-09-30T06:14:55.813Z,gpu-3uwoq-6g3ya-2,ib_hw_counter,rdma_vf_rail1,req_cqe_error,0
2026-09-30T06:14:55.813Z,gpu-3uwoq-6g3ya-2,ib_hw_counter,rdma_vf_rail1,resp_cqe_error,0
2026-09-30T06:14:55.813Z,gpu-3uwoq-6g3ya-2,ib_hw_counter,rdma_vf_rail1,implied_nak_seq_err,0
2026-09-30T06:14:55.813Z,gpu-3uwoq-6g3ya-2,ib_hw_counter,rdma_vf_rail1,duplicate_request,0
2026-09-30T06:14:55.813Z,gpu-3uwoq-6g3ya-2,ib_counter,rdma_vf_rail2,port_xmit_data,2.76181e+12
2026-09-30T06:14:55.813Z,gpu-3uwoq-6g3ya-2,ib_counter,rdma_vf_rail2,port_rcv_data,5.72057e+12
2026-09-30T06:14:55.813Z,gpu-3uwoq-6g3ya-2,ib_counter,rdma_vf_rail2,port_xmit_packets,9.4252e+08
2026-09-30T06:14:55.813Z,gpu-3uwoq-6g3ya-2,ib_counter,rdma_vf_rail2,port_rcv_packets,1.56133e+09
2026-09-30T06:14:55.813Z,gpu-3uwoq-6g3ya-2,ib_counter,rdma_vf_rail2,port_xmit_wait,0
2026-09-30T06:14:55.813Z,gpu-3uwoq-6g3ya-2,ib_counter,rdma_vf_rail2,port_rcv_errors,0
2026-09-30T06:14:55.813Z,gpu-3uwoq-6g3ya-2,ib_counter,rdma_vf_rail2,port_xmit_discards,0
2026-09-30T06:14:55.813Z,gpu-3uwoq-6g3ya-2,ib_counter,rdma_vf_rail2,link_downed,0
2026-09-30T06:14:55.813Z,gpu-3uwoq-6g3ya-2,ib_hw_counter,rdma_vf_rail2,out_of_sequence,0
2026-09-30T06:14:55.813Z,gpu-3uwoq-6g3ya-2,ib_hw_counter,rdma_vf_rail2,packet_seq_err,0
2026-09-30T06:14:55.813Z,gpu-3uwoq-6g3ya-2,ib_hw_counter,rdma_vf_rail2,local_ack_timeout_err,0
2026-09-30T06:14:55.813Z,gpu-3uwoq-6g3ya-2,ib_hw_counter,rdma_vf_rail2,rx_write_requests,7.05021e+08
2026-09-30T06:14:55.813Z,gpu-3uwoq-6g3ya-2,ib_hw_counter,rdma_vf_rail2,rx_read_requests,1.042e+07
2026-09-30T06:14:55.813Z,gpu-3uwoq-6g3ya-2,ib_hw_counter,rdma_vf_rail2,req_cqe_error,0
2026-09-30T06:14:55.813Z,gpu-3uwoq-6g3ya-2,ib_hw_counter,rdma_vf_rail2,resp_cqe_error,0
2026-09-30T06:14:55.813Z,gpu-3uwoq-6g3ya-2,ib_hw_counter,rdma_vf_rail2,implied_nak_seq_err,0
2026-09-30T06:14:55.813Z,gpu-3uwoq-6g3ya-2,ib_hw_counter,rdma_vf_rail2,duplicate_request,0
2026-09-30T06:14:55.813Z,gpu-3uwoq-6g3ya-2,ib_counter,rdma_vf_rail3,port_xmit_data,2.76167e+12
2026-09-30T06:14:55.813Z,gpu-3uwoq-6g3ya-2,ib_counter,rdma_vf_rail3,port_rcv_data,5.72118e+12
2026-09-30T06:14:55.813Z,gpu-3uwoq-6g3ya-2,ib_counter,rdma_vf_rail3,port_xmit_packets,9.40862e+08
2026-09-30T06:14:55.813Z,gpu-3uwoq-6g3ya-2,ib_counter,rdma_vf_rail3,port_rcv_packets,1.56875e+09
2026-09-30T06:14:55.813Z,gpu-3uwoq-6g3ya-2,ib_counter,rdma_vf_rail3,port_xmit_wait,0
2026-09-30T06:14:55.813Z,gpu-3uwoq-6g3ya-2,ib_counter,rdma_vf_rail3,port_rcv_errors,0
2026-09-30T06:14:55.813Z,gpu-3uwoq-6g3ya-2,ib_counter,rdma_vf_rail3,port_xmit_discards,0
2026-09-30T06:14:55.813Z,gpu-3uwoq-6g3ya-2,ib_counter,rdma_vf_rail3,link_downed,0
2026-09-30T06:14:55.813Z,gpu-3uwoq-6g3ya-2,ib_hw_counter,rdma_vf_rail3,out_of_sequence,0
2026-09-30T06:14:55.813Z,gpu-3uwoq-6g3ya-2,ib_hw_counter,rdma_vf_rail3,packet_seq_err,1
2026-09-30T06:14:55.813Z,gpu-3uwoq-6g3ya-2,ib_hw_counter,rdma_vf_rail3,local_ack_timeout_err,0
2026-09-30T06:14:55.813Z,gpu-3uwoq-6g3ya-2,ib_hw_counter,rdma_vf_rail3,rx_write_requests,7.05021e+08
2026-09-30T06:14:55.813Z,gpu-3uwoq-6g3ya-2,ib_hw_counter,rdma_vf_rail3,rx_read_requests,1.042e+07
2026-09-30T06:14:55.813Z,gpu-3uwoq-6g3ya-2,ib_hw_counter,rdma_vf_rail3,req_cqe_error,0
2026-09-30T06:14:55.813Z,gpu-3uwoq-6g3ya-2,ib_hw_counter,rdma_vf_rail3,resp_cqe_error,0
2026-09-30T06:14:55.813Z,gpu-3uwoq-6g3ya-2,ib_hw_counter,rdma_vf_rail3,implied_nak_seq_err,0
2026-09-30T06:14:55.813Z,gpu-3uwoq-6g3ya-2,ib_hw_counter,rdma_vf_rail3,duplicate_request,0
2026-09-30T06:14:55.813Z,gpu-3uwoq-6g3ya-2,dcgm,gpu2,gpu_util,0
2026-09-30T06:14:55.813Z,gpu-3uwoq-6g3ya-2,dcgm,gpu3,gpu_util,0
2026-09-30T06:14:55.813Z,gpu-3uwoq-6g3ya-2,dcgm,gpu1,gpu_util,0
2026-09-30T06:14:55.813Z,gpu-3uwoq-6g3ya-2,dcgm,gpu0,gpu_util,0
2026-09-30T06:14:55.813Z,gpu-3uwoq-6g3ya-2,dcgm,gpu2,nvlink_bandwidth_total,0
2026-09-30T06:14:55.813Z,gpu-3uwoq-6g3ya-2,dcgm,gpu3,nvlink_bandwidth_total,0
2026-09-30T06:14:55.813Z,gpu-3uwoq-6g3ya-2,dcgm,gpu1,nvlink_bandwidth_total,0
2026-09-30T06:14:55.813Z,gpu-3uwoq-6g3ya-2,dcgm,gpu0,nvlink_bandwidth_total,0
2026-09-30T06:14:55.813Z,gpu-3uwoq-6g3ya-2,dcgm,gpu2,power_w,231.067
2026-09-30T06:14:55.813Z,gpu-3uwoq-6g3ya-2,dcgm,gpu3,power_w,233.398
2026-09-30T06:14:55.813Z,gpu-3uwoq-6g3ya-2,dcgm,gpu1,power_w,230.007
2026-09-30T06:14:55.813Z,gpu-3uwoq-6g3ya-2,dcgm,gpu0,power_w,226.497
2026-09-30T06:14:55.813Z,gpu-3uwoq-6g3ya-2,dcgm,gpu2,sm_clock_mhz,2070
2026-09-30T06:14:55.813Z,gpu-3uwoq-6g3ya-2,dcgm,gpu3,sm_clock_mhz,2070
2026-09-30T06:14:55.813Z,gpu-3uwoq-6g3ya-2,dcgm,gpu1,sm_clock_mhz,2070
2026-09-30T06:14:55.813Z,gpu-3uwoq-6g3ya-2,dcgm,gpu0,sm_clock_mhz,2070
2026-09-30T06:14:55.813Z,gpu-3uwoq-6g3ya-2,dcgm,gpu2,dram_active,0
2026-09-30T06:14:55.813Z,gpu-3uwoq-6g3ya-2,dcgm,gpu3,dram_active,0
2026-09-30T06:14:55.813Z,gpu-3uwoq-6g3ya-2,dcgm,gpu1,dram_active,0
2026-09-30T06:14:55.813Z,gpu-3uwoq-6g3ya-2,dcgm,gpu0,dram_active,0
2026-09-30T06:14:55.813Z,gpu-3uwoq-6g3ya-2,dcgm,gpu2,pcie_rx_bytes,50935
2026-09-30T06:14:55.813Z,gpu-3uwoq-6g3ya-2,dcgm,gpu3,pcie_rx_bytes,47310
2026-09-30T06:14:55.813Z,gpu-3uwoq-6g3ya-2,dcgm,gpu1,pcie_rx_bytes,64080
2026-09-30T06:14:55.813Z,gpu-3uwoq-6g3ya-2,dcgm,gpu0,pcie_rx_bytes,55661
2026-09-30T06:14:55.813Z,gpu-3uwoq-6g3ya-2,dcgm,gpu2,pcie_tx_bytes,49778
2026-09-30T06:14:55.813Z,gpu-3uwoq-6g3ya-2,dcgm,gpu3,pcie_tx_bytes,46122
2026-09-30T06:14:55.813Z,gpu-3uwoq-6g3ya-2,dcgm,gpu1,pcie_tx_bytes,62906
2026-09-30T06:14:55.813Z,gpu-3uwoq-6g3ya-2,dcgm,gpu0,pcie_tx_bytes,54473
2026-09-30T06:14:55.813Z,gpu-3uwoq-6g3ya-2,dcgm,gpu2,tensor_active,0
2026-09-30T06:14:55.813Z,gpu-3uwoq-6g3ya-2,dcgm,gpu3,tensor_active,0
2026-09-30T06:14:55.813Z,gpu-3uwoq-6g3ya-2,dcgm,gpu1,tensor_active,0
2026-09-30T06:14:55.813Z,gpu-3uwoq-6g3ya-2,dcgm,gpu0,tensor_active,0
2026-09-30T06:14:55.813Z,gpu-3uwoq-6g3ya-2,dcgm,gpu2,sm_active,0
2026-09-30T06:14:55.813Z,gpu-3uwoq-6g3ya-2,dcgm,gpu3,sm_active,0
2026-09-30T06:14:55.813Z,gpu-3uwoq-6g3ya-2,dcgm,gpu1,sm_active,0
2026-09-30T06:14:55.813Z,gpu-3uwoq-6g3ya-2,dcgm,gpu0,sm_active,0
2026-09-30T06:14:55.813Z,gpu-3uwoq-6g3ya-2,nvlink,gpu0,nvlink_rx_bytes,4.66294e+13
2026-09-30T06:14:55.813Z,gpu-3uwoq-6g3ya-2,nvlink,gpu0,nvlink_tx_bytes,4.66299e+13
2026-09-30T06:14:55.813Z,gpu-3uwoq-6g3ya-2,nvlink,gpu1,nvlink_rx_bytes,4.66294e+13
2026-09-30T06:14:55.813Z,gpu-3uwoq-6g3ya-2,nvlink,gpu1,nvlink_tx_bytes,4.66297e+13
2026-09-30T06:14:55.813Z,gpu-3uwoq-6g3ya-2,nvlink,gpu2,nvlink_rx_bytes,4.66291e+13
2026-09-30T06:14:55.813Z,gpu-3uwoq-6g3ya-2,nvlink,gpu2,nvlink_tx_bytes,4.66294e+13
2026-09-30T06:14:55.813Z,gpu-3uwoq-6g3ya-2,nvlink,gpu3,nvlink_rx_bytes,4.66274e+13
2026-09-30T06:14:55.813Z,gpu-3uwoq-6g3ya-2,nvlink,gpu3,nvlink_tx_bytes,4.66275e+13
2026-09-30T06:14:56.813Z,gpu-3uwoq-6g3ya-2,ib_counter,rdma_vf_rail0,port_xmit_data,2.76329e+12
2026-09-30T06:14:56.813Z,gpu-3uwoq-6g3ya-2,ib_counter,rdma_vf_rail0,port_rcv_data,5.72235e+12
2026-09-30T06:14:56.813Z,gpu-3uwoq-6g3ya-2,ib_counter,rdma_vf_rail0,port_xmit_packets,9.5609e+08
2026-09-30T06:14:56.813Z,gpu-3uwoq-6g3ya-2,ib_counter,rdma_vf_rail0,port_rcv_packets,1.57821e+09
2026-09-30T06:14:56.813Z,gpu-3uwoq-6g3ya-2,ib_counter,rdma_vf_rail0,port_xmit_wait,0
2026-09-30T06:14:56.813Z,gpu-3uwoq-6g3ya-2,ib_counter,rdma_vf_rail0,port_rcv_errors,0
2026-09-30T06:14:56.813Z,gpu-3uwoq-6g3ya-2,ib_counter,rdma_vf_rail0,port_xmit_discards,0
2026-09-30T06:14:56.813Z,gpu-3uwoq-6g3ya-2,ib_counter,rdma_vf_rail0,link_downed,0
2026-09-30T06:14:56.813Z,gpu-3uwoq-6g3ya-2,ib_hw_counter,rdma_vf_rail0,out_of_sequence,0
2026-09-30T06:14:56.813Z,gpu-3uwoq-6g3ya-2,ib_hw_counter,rdma_vf_rail0,packet_seq_err,0
2026-09-30T06:14:56.813Z,gpu-3uwoq-6g3ya-2,ib_hw_counter,rdma_vf_rail0,local_ack_timeout_err,0
2026-09-30T06:14:56.813Z,gpu-3uwoq-6g3ya-2,ib_hw_counter,rdma_vf_rail0,rx_write_requests,7.05021e+08
2026-09-30T06:14:56.813Z,gpu-3uwoq-6g3ya-2,ib_hw_counter,rdma_vf_rail0,rx_read_requests,1.042e+07
2026-09-30T06:14:56.813Z,gpu-3uwoq-6g3ya-2,ib_hw_counter,rdma_vf_rail0,req_cqe_error,0
2026-09-30T06:14:56.813Z,gpu-3uwoq-6g3ya-2,ib_hw_counter,rdma_vf_rail0,resp_cqe_error,0
2026-09-30T06:14:56.813Z,gpu-3uwoq-6g3ya-2,ib_hw_counter,rdma_vf_rail0,implied_nak_seq_err,0
2026-09-30T06:14:56.813Z,gpu-3uwoq-6g3ya-2,ib_hw_counter,rdma_vf_rail0,duplicate_request,0
2026-09-30T06:14:56.813Z,gpu-3uwoq-6g3ya-2,ib_counter,rdma_vf_rail1,port_xmit_data,2.76263e+12
2026-09-30T06:14:56.813Z,gpu-3uwoq-6g3ya-2,ib_counter,rdma_vf_rail1,port_rcv_data,5.72189e+12
2026-09-30T06:14:56.813Z,gpu-3uwoq-6g3ya-2,ib_counter,rdma_vf_rail1,port_xmit_packets,9.52939e+08
2026-09-30T06:14:56.813Z,gpu-3uwoq-6g3ya-2,ib_counter,rdma_vf_rail1,port_rcv_packets,1.57742e+09
2026-09-30T06:14:56.813Z,gpu-3uwoq-6g3ya-2,ib_counter,rdma_vf_rail1,port_xmit_wait,0
2026-09-30T06:14:56.813Z,gpu-3uwoq-6g3ya-2,ib_counter,rdma_vf_rail1,port_rcv_errors,0
2026-09-30T06:14:56.813Z,gpu-3uwoq-6g3ya-2,ib_counter,rdma_vf_rail1,port_xmit_discards,0
2026-09-30T06:14:56.813Z,gpu-3uwoq-6g3ya-2,ib_counter,rdma_vf_rail1,link_downed,0
2026-09-30T06:14:56.813Z,gpu-3uwoq-6g3ya-2,ib_hw_counter,rdma_vf_rail1,out_of_sequence,0
2026-09-30T06:14:56.813Z,gpu-3uwoq-6g3ya-2,ib_hw_counter,rdma_vf_rail1,packet_seq_err,0
2026-09-30T06:14:56.813Z,gpu-3uwoq-6g3ya-2,ib_hw_counter,rdma_vf_rail1,local_ack_timeout_err,0
2026-09-30T06:14:56.813Z,gpu-3uwoq-6g3ya-2,ib_hw_counter,rdma_vf_rail1,rx_write_requests,7.05022e+08
2026-09-30T06:14:56.813Z,gpu-3uwoq-6g3ya-2,ib_hw_counter,rdma_vf_rail1,rx_read_requests,1.042e+07
2026-09-30T06:14:56.813Z,gpu-3uwoq-6g3ya-2,ib_hw_counter,rdma_vf_rail1,req_cqe_error,0
2026-09-30T06:14:56.813Z,gpu-3uwoq-6g3ya-2,ib_hw_counter,rdma_vf_rail1,resp_cqe_error,0
2026-09-30T06:14:56.813Z,gpu-3uwoq-6g3ya-2,ib_hw_counter,rdma_vf_rail1,implied_nak_seq_err,0
2026-09-30T06:14:56.813Z,gpu-3uwoq-6g3ya-2,ib_hw_counter,rdma_vf_rail1,duplicate_request,0
2026-09-30T06:14:56.813Z,gpu-3uwoq-6g3ya-2,ib_counter,rdma_vf_rail2,port_xmit_data,2.76181e+12
2026-09-30T06:14:56.813Z,gpu-3uwoq-6g3ya-2,ib_counter,rdma_vf_rail2,port_rcv_data,5.72057e+12
2026-09-30T06:14:56.813Z,gpu-3uwoq-6g3ya-2,ib_counter,rdma_vf_rail2,port_xmit_packets,9.4252e+08
2026-09-30T06:14:56.813Z,gpu-3uwoq-6g3ya-2,ib_counter,rdma_vf_rail2,port_rcv_packets,1.56133e+09
2026-09-30T06:14:56.813Z,gpu-3uwoq-6g3ya-2,ib_counter,rdma_vf_rail2,port_xmit_wait,0
2026-09-30T06:14:56.813Z,gpu-3uwoq-6g3ya-2,ib_counter,rdma_vf_rail2,port_rcv_errors,0
2026-09-30T06:14:56.813Z,gpu-3uwoq-6g3ya-2,ib_counter,rdma_vf_rail2,port_xmit_discards,0
2026-09-30T06:14:56.813Z,gpu-3uwoq-6g3ya-2,ib_counter,rdma_vf_rail2,link_downed,0
2026-09-30T06:14:56.813Z,gpu-3uwoq-6g3ya-2,ib_hw_counter,rdma_vf_rail2,out_of_sequence,0
2026-09-30T06:14:56.813Z,gpu-3uwoq-6g3ya-2,ib_hw_counter,rdma_vf_rail2,packet_seq_err,0
2026-09-30T06:14:56.813Z,gpu-3uwoq-6g3ya-2,ib_hw_counter,rdma_vf_rail2,local_ack_timeout_err,0
2026-09-30T06:14:56.813Z,gpu-3uwoq-6g3ya-2,ib_hw_counter,rdma_vf_rail2,rx_write_requests,7.05021e+08
2026-09-30T06:14:56.813Z,gpu-3uwoq-6g3ya-2,ib_hw_counter,rdma_vf_rail2,rx_read_requests,1.042e+07
2026-09-30T06:14:56.813Z,gpu-3uwoq-6g3ya-2,ib_hw_counter,rdma_vf_rail2,req_cqe_error,0
2026-09-30T06:14:56.813Z,gpu-3uwoq-6g3ya-2,ib_hw_counter,rdma_vf_rail2,resp_cqe_error,0
2026-09-30T06:14:56.813Z,gpu-3uwoq-6g3ya-2,ib_hw_counter,rdma_vf_rail2,implied_nak_seq_err,0
2026-09-30T06:14:56.813Z,gpu-3uwoq-6g3ya-2,ib_hw_counter,rdma_vf_rail2,duplicate_request,0
2026-09-30T06:14:56.813Z,gpu-3uwoq-6g3ya-2,ib_counter,rdma_vf_rail3,port_xmit_data,2.76167e+12
2026-09-30T06:14:56.813Z,gpu-3uwoq-6g3ya-2,ib_counter,rdma_vf_rail3,port_rcv_data,5.72118e+12
2026-09-30T06:14:56.813Z,gpu-3uwoq-6g3ya-2,ib_counter,rdma_vf_rail3,port_xmit_packets,9.40862e+08
2026-09-30T06:14:56.813Z,gpu-3uwoq-6g3ya-2,ib_counter,rdma_vf_rail3,port_rcv_packets,1.56875e+09
2026-09-30T06:14:56.813Z,gpu-3uwoq-6g3ya-2,ib_counter,rdma_vf_rail3,port_xmit_wait,0
2026-09-30T06:14:56.813Z,gpu-3uwoq-6g3ya-2,ib_counter,rdma_vf_rail3,port_rcv_errors,0
2026-09-30T06:14:56.813Z,gpu-3uwoq-6g3ya-2,ib_counter,rdma_vf_rail3,port_xmit_discards,0
2026-09-30T06:14:56.813Z,gpu-3uwoq-6g3ya-2,ib_counter,rdma_vf_rail3,link_downed,0
2026-09-30T06:14:56.813Z,gpu-3uwoq-6g3ya-2,ib_hw_counter,rdma_vf_rail3,out_of_sequence,0
2026-09-30T06:14:56.813Z,gpu-3uwoq-6g3ya-2,ib_hw_counter,rdma_vf_rail3,packet_seq_err,1
2026-09-30T06:14:56.813Z,gpu-3uwoq-6g3ya-2,ib_hw_counter,rdma_vf_rail3,local_ack_timeout_err,0
2026-09-30T06:14:56.813Z,gpu-3uwoq-6g3ya-2,ib_hw_counter,rdma_vf_rail3,rx_write_requests,7.05021e+08
2026-09-30T06:14:56.813Z,gpu-3uwoq-6g3ya-2,ib_hw_counter,rdma_vf_rail3,rx_read_requests,1.042e+07
2026-09-30T06:14:56.813Z,gpu-3uwoq-6g3ya-2,ib_hw_counter,rdma_vf_rail3,req_cqe_error,0
2026-09-30T06:14:56.813Z,gpu-3uwoq-6g3ya-2,ib_hw_counter,rdma_vf_rail3,resp_cqe_error,0
2026-09-30T06:14:56.813Z,gpu-3uwoq-6g3ya-2,ib_hw_counter,rdma_vf_rail3,implied_nak_seq_err,0
2026-09-30T06:14:56.813Z,gpu-3uwoq-6g3ya-2,ib_hw_counter,rdma_vf_rail3,duplicate_request,0
2026-09-30T06:14:56.813Z,gpu-3uwoq-6g3ya-2,dcgm,gpu2,gpu_util,0
2026-09-30T06:14:56.813Z,gpu-3uwoq-6g3ya-2,dcgm,gpu3,gpu_util,0
2026-09-30T06:14:56.813Z,gpu-3uwoq-6g3ya-2,dcgm,gpu1,gpu_util,0
2026-09-30T06:14:56.813Z,gpu-3uwoq-6g3ya-2,dcgm,gpu0,gpu_util,0
2026-09-30T06:14:56.813Z,gpu-3uwoq-6g3ya-2,dcgm,gpu2,nvlink_bandwidth_total,0
2026-09-30T06:14:56.813Z,gpu-3uwoq-6g3ya-2,dcgm,gpu3,nvlink_bandwidth_total,0
2026-09-30T06:14:56.813Z,gpu-3uwoq-6g3ya-2,dcgm,gpu1,nvlink_bandwidth_total,0
2026-09-30T06:14:56.813Z,gpu-3uwoq-6g3ya-2,dcgm,gpu0,nvlink_bandwidth_total,0
2026-09-30T06:14:56.813Z,gpu-3uwoq-6g3ya-2,dcgm,gpu2,power_w,231.067
2026-09-30T06:14:56.813Z,gpu-3uwoq-6g3ya-2,dcgm,gpu3,power_w,233.398
2026-09-30T06:14:56.813Z,gpu-3uwoq-6g3ya-2,dcgm,gpu1,power_w,230.007
2026-09-30T06:14:56.813Z,gpu-3uwoq-6g3ya-2,dcgm,gpu0,power_w,226.497
2026-09-30T06:14:56.813Z,gpu-3uwoq-6g3ya-2,dcgm,gpu2,sm_clock_mhz,2070
2026-09-30T06:14:56.813Z,gpu-3uwoq-6g3ya-2,dcgm,gpu3,sm_clock_mhz,2070
2026-09-30T06:14:56.813Z,gpu-3uwoq-6g3ya-2,dcgm,gpu1,sm_clock_mhz,2070
2026-09-30T06:14:56.813Z,gpu-3uwoq-6g3ya-2,dcgm,gpu0,sm_clock_mhz,2070
2026-09-30T06:14:56.813Z,gpu-3uwoq-6g3ya-2,dcgm,gpu2,dram_active,0
2026-09-30T06:14:56.813Z,gpu-3uwoq-6g3ya-2,dcgm,gpu3,dram_active,0
2026-09-30T06:14:56.813Z,gpu-3uwoq-6g3ya-2,dcgm,gpu1,dram_active,0
2026-09-30T06:14:56.813Z,gpu-3uwoq-6g3ya-2,dcgm,gpu0,dram_active,0
2026-09-30T06:14:56.813Z,gpu-3uwoq-6g3ya-2,dcgm,gpu2,pcie_rx_bytes,50935
2026-09-30T06:14:56.813Z,gpu-3uwoq-6g3ya-2,dcgm,gpu3,pcie_rx_bytes,47310
2026-09-30T06:14:56.813Z,gpu-3uwoq-6g3ya-2,dcgm,gpu1,pcie_rx_bytes,64080
2026-09-30T06:14:56.813Z,gpu-3uwoq-6g3ya-2,dcgm,gpu0,pcie_rx_bytes,55661
2026-09-30T06:14:56.813Z,gpu-3uwoq-6g3ya-2,dcgm,gpu2,pcie_tx_bytes,49778
2026-09-30T06:14:56.813Z,gpu-3uwoq-6g3ya-2,dcgm,gpu3,pcie_tx_bytes,46122
2026-09-30T06:14:56.813Z,gpu-3uwoq-6g3ya-2,dcgm,gpu1,pcie_tx_bytes,62906
2026-09-30T06:14:56.813Z,gpu-3uwoq-6g3ya-2,dcgm,gpu0,pcie_tx_bytes,54473
2026-09-30T06:14:56.813Z,gpu-3uwoq-6g3ya-2,dcgm,gpu2,tensor_active,0
2026-09-30T06:14:56.813Z,gpu-3uwoq-6g3ya-2,dcgm,gpu3,tensor_active,0
2026-09-30T06:14:56.813Z,gpu-3uwoq-6g3ya-2,dcgm,gpu1,tensor_active,0
2026-09-30T06:14:56.813Z,gpu-3uwoq-6g3ya-2,dcgm,gpu0,tensor_active,0
2026-09-30T06:14:56.813Z,gpu-3uwoq-6g3ya-2,dcgm,gpu2,sm_active,0
2026-09-30T06:14:56.813Z,gpu-3uwoq-6g3ya-2,dcgm,gpu3,sm_active,0
2026-09-30T06:14:56.813Z,gpu-3uwoq-6g3ya-2,dcgm,gpu1,sm_active,0
2026-09-30T06:14:56.813Z,gpu-3uwoq-6g3ya-2,dcgm,gpu0,sm_active,0
2026-09-30T06:14:56.813Z,gpu-3uwoq-6g3ya-2,nvlink,gpu0,nvlink_rx_bytes,4.66294e+13
2026-09-30T06:14:56.813Z,gpu-3uwoq-6g3ya-2,nvlink,gpu0,nvlink_tx_bytes,4.66299e+13
2026-09-30T06:14:56.813Z,gpu-3uwoq-6g3ya-2,nvlink,gpu1,nvlink_rx_bytes,4.66294e+13
2026-09-30T06:14:56.813Z,gpu-3uwoq-6g3ya-2,nvlink,gpu1,nvlink_tx_bytes,4.66297e+13
2026-09-30T06:14:56.813Z,gpu-3uwoq-6g3ya-2,nvlink,gpu2,nvlink_rx_bytes,4.66291e+13
2026-09-30T06:14:56.813Z,gpu-3uwoq-6g3ya-2,nvlink,gpu2,nvlink_tx_bytes,4.66294e+13
2026-09-30T06:14:56.813Z,gpu-3uwoq-6g3ya-2,nvlink,gpu3,nvlink_rx_bytes,4.66274e+13
2026-09-30T06:14:56.813Z,gpu-3uwoq-6g3ya-2,nvlink,gpu3,nvlink_tx_bytes,4.66275e+13
2026-09-30T06:14:57.814Z,gpu-3uwoq-6g3ya-2,ib_counter,rdma_vf_rail0,port_xmit_data,2.76329e+12
2026-09-30T06:14:57.814Z,gpu-3uwoq-6g3ya-2,ib_counter,rdma_vf_rail0,port_rcv_data,5.72235e+12
2026-09-30T06:14:57.814Z,gpu-3uwoq-6g3ya-2,ib_counter,rdma_vf_rail0,port_xmit_packets,9.5609e+08
2026-09-30T06:14:57.814Z,gpu-3uwoq-6g3ya-2,ib_counter,rdma_vf_rail0,port_rcv_packets,1.57821e+09
2026-09-30T06:14:57.814Z,gpu-3uwoq-6g3ya-2,ib_counter,rdma_vf_rail0,port_xmit_wait,0
2026-09-30T06:14:57.814Z,gpu-3uwoq-6g3ya-2,ib_counter,rdma_vf_rail0,port_rcv_errors,0
2026-09-30T06:14:57.814Z,gpu-3uwoq-6g3ya-2,ib_counter,rdma_vf_rail0,port_xmit_discards,0
2026-09-30T06:14:57.814Z,gpu-3uwoq-6g3ya-2,ib_counter,rdma_vf_rail0,link_downed,0
2026-09-30T06:14:57.814Z,gpu-3uwoq-6g3ya-2,ib_hw_counter,rdma_vf_rail0,out_of_sequence,0
2026-09-30T06:14:57.814Z,gpu-3uwoq-6g3ya-2,ib_hw_counter,rdma_vf_rail0,packet_seq_err,0
2026-09-30T06:14:57.814Z,gpu-3uwoq-6g3ya-2,ib_hw_counter,rdma_vf_rail0,local_ack_timeout_err,0
2026-09-30T06:14:57.814Z,gpu-3uwoq-6g3ya-2,ib_hw_counter,rdma_vf_rail0,rx_write_requests,7.05021e+08
2026-09-30T06:14:57.814Z,gpu-3uwoq-6g3ya-2,ib_hw_counter,rdma_vf_rail0,rx_read_requests,1.042e+07
2026-09-30T06:14:57.814Z,gpu-3uwoq-6g3ya-2,ib_hw_counter,rdma_vf_rail0,req_cqe_error,0
2026-09-30T06:14:57.814Z,gpu-3uwoq-6g3ya-2,ib_hw_counter,rdma_vf_rail0,resp_cqe_error,0
2026-09-30T06:14:57.814Z,gpu-3uwoq-6g3ya-2,ib_hw_counter,rdma_vf_rail0,implied_nak_seq_err,0
2026-09-30T06:14:57.814Z,gpu-3uwoq-6g3ya-2,ib_hw_counter,rdma_vf_rail0,duplicate_request,0
2026-09-30T06:14:57.814Z,gpu-3uwoq-6g3ya-2,ib_counter,rdma_vf_rail1,port_xmit_data,2.76263e+12
2026-09-30T06:14:57.814Z,gpu-3uwoq-6g3ya-2,ib_counter,rdma_vf_rail1,port_rcv_data,5.72189e+12
2026-09-30T06:14:57.814Z,gpu-3uwoq-6g3ya-2,ib_counter,rdma_vf_rail1,port_xmit_packets,9.52939e+08
2026-09-30T06:14:57.814Z,gpu-3uwoq-6g3ya-2,ib_counter,rdma_vf_rail1,port_rcv_packets,1.57742e+09
2026-09-30T06:14:57.814Z,gpu-3uwoq-6g3ya-2,ib_counter,rdma_vf_rail1,port_xmit_wait,0
2026-09-30T06:14:57.814Z,gpu-3uwoq-6g3ya-2,ib_counter,rdma_vf_rail1,port_rcv_errors,0
2026-09-30T06:14:57.814Z,gpu-3uwoq-6g3ya-2,ib_counter,rdma_vf_rail1,port_xmit_discards,0
2026-09-30T06:14:57.814Z,gpu-3uwoq-6g3ya-2,ib_counter,rdma_vf_rail1,link_downed,0
2026-09-30T06:14:57.814Z,gpu-3uwoq-6g3ya-2,ib_hw_counter,rdma_vf_rail1,out_of_sequence,0
2026-09-30T06:14:57.814Z,gpu-3uwoq-6g3ya-2,ib_hw_counter,rdma_vf_rail1,packet_seq_err,0
2026-09-30T06:14:57.814Z,gpu-3uwoq-6g3ya-2,ib_hw_counter,rdma_vf_rail1,local_ack_timeout_err,0
2026-09-30T06:14:57.814Z,gpu-3uwoq-6g3ya-2,ib_hw_counter,rdma_vf_rail1,rx_write_requests,7.05022e+08
2026-09-30T06:14:57.814Z,gpu-3uwoq-6g3ya-2,ib_hw_counter,rdma_vf_rail1,rx_read_requests,1.042e+07
2026-09-30T06:14:57.814Z,gpu-3uwoq-6g3ya-2,ib_hw_counter,rdma_vf_rail1,req_cqe_error,0
2026-09-30T06:14:57.814Z,gpu-3uwoq-6g3ya-2,ib_hw_counter,rdma_vf_rail1,resp_cqe_error,0
2026-09-30T06:14:57.814Z,gpu-3uwoq-6g3ya-2,ib_hw_counter,rdma_vf_rail1,implied_nak_seq_err,0
2026-09-30T06:14:57.814Z,gpu-3uwoq-6g3ya-2,ib_hw_counter,rdma_vf_rail1,duplicate_request,0
2026-09-30T06:14:57.814Z,gpu-3uwoq-6g3ya-2,ib_counter,rdma_vf_rail2,port_xmit_data,2.76181e+12
2026-09-30T06:14:57.814Z,gpu-3uwoq-6g3ya-2,ib_counter,rdma_vf_rail2,port_rcv_data,5.72057e+12
2026-09-30T06:14:57.814Z,gpu-3uwoq-6g3ya-2,ib_counter,rdma_vf_rail2,port_xmit_packets,9.4252e+08
2026-09-30T06:14:57.814Z,gpu-3uwoq-6g3ya-2,ib_counter,rdma_vf_rail2,port_rcv_packets,1.56133e+09
2026-09-30T06:14:57.814Z,gpu-3uwoq-6g3ya-2,ib_counter,rdma_vf_rail2,port_xmit_wait,0
2026-09-30T06:14:57.814Z,gpu-3uwoq-6g3ya-2,ib_counter,rdma_vf_rail2,port_rcv_errors,0
2026-09-30T06:14:57.814Z,gpu-3uwoq-6g3ya-2,ib_counter,rdma_vf_rail2,port_xmit_discards,0
2026-09-30T06:14:57.814Z,gpu-3uwoq-6g3ya-2,ib_counter,rdma_vf_rail2,link_downed,0
2026-09-30T06:14:57.814Z,gpu-3uwoq-6g3ya-2,ib_hw_counter,rdma_vf_rail2,out_of_sequence,0
2026-09-30T06:14:57.814Z,gpu-3uwoq-6g3ya-2,ib_hw_counter,rdma_vf_rail2,packet_seq_err,0
2026-09-30T06:14:57.814Z,gpu-3uwoq-6g3ya-2,ib_hw_counter,rdma_vf_rail2,local_ack_timeout_err,0
2026-09-30T06:14:57.814Z,gpu-3uwoq-6g3ya-2,ib_hw_counter,rdma_vf_rail2,rx_write_requests,7.05021e+08
2026-09-30T06:14:57.814Z,gpu-3uwoq-6g3ya-2,ib_hw_counter,rdma_vf_rail2,rx_read_requests,1.042e+07
2026-09-30T06:14:57.814Z,gpu-3uwoq-6g3ya-2,ib_hw_counter,rdma_vf_rail2,req_cqe_error,0
2026-09-30T06:14:57.814Z,gpu-3uwoq-6g3ya-2,ib_hw_counter,rdma_vf_rail2,resp_cqe_error,0
2026-09-30T06:14:57.814Z,gpu-3uwoq-6g3ya-2,ib_hw_counter,rdma_vf_rail2,implied_nak_seq_err,0
2026-09-30T06:14:57.814Z,gpu-3uwoq-6g3ya-2,ib_hw_counter,rdma_vf_rail2,duplicate_request,0
2026-09-30T06:14:57.814Z,gpu-3uwoq-6g3ya-2,ib_counter,rdma_vf_rail3,port_xmit_data,2.76167e+12
2026-09-30T06:14:57.814Z,gpu-3uwoq-6g3ya-2,ib_counter,rdma_vf_rail3,port_rcv_data,5.72118e+12
2026-09-30T06:14:57.814Z,gpu-3uwoq-6g3ya-2,ib_counter,rdma_vf_rail3,port_xmit_packets,9.40862e+08
2026-09-30T06:14:57.814Z,gpu-3uwoq-6g3ya-2,ib_counter,rdma_vf_rail3,port_rcv_packets,1.56875e+09
2026-09-30T06:14:57.814Z,gpu-3uwoq-6g3ya-2,ib_counter,rdma_vf_rail3,port_xmit_wait,0
2026-09-30T06:14:57.814Z,gpu-3uwoq-6g3ya-2,ib_counter,rdma_vf_rail3,port_rcv_errors,0
2026-09-30T06:14:57.814Z,gpu-3uwoq-6g3ya-2,ib_counter,rdma_vf_rail3,port_xmit_discards,0
2026-09-30T06:14:57.814Z,gpu-3uwoq-6g3ya-2,ib_counter,rdma_vf_rail3,link_downed,0
2026-09-30T06:14:57.814Z,gpu-3uwoq-6g3ya-2,ib_hw_counter,rdma_vf_rail3,out_of_sequence,0
2026-09-30T06:14:57.814Z,gpu-3uwoq-6g3ya-2,ib_hw_counter,rdma_vf_rail3,packet_seq_err,1
2026-09-30T06:14:57.814Z,gpu-3uwoq-6g3ya-2,ib_hw_counter,rdma_vf_rail3,local_ack_timeout_err,0
2026-09-30T06:14:57.814Z,gpu-3uwoq-6g3ya-2,ib_hw_counter,rdma_vf_rail3,rx_write_requests,7.05021e+08
2026-09-30T06:14:57.814Z,gpu-3uwoq-6g3ya-2,ib_hw_counter,rdma_vf_rail3,rx_read_requests,1.042e+07
2026-09-30T06:14:57.814Z,gpu-3uwoq-6g3ya-2,ib_hw_counter,rdma_vf_rail3,req_cqe_error,0
2026-09-30T06:14:57.814Z,gpu-3uwoq-6g3ya-2,ib_hw_counter,rdma_vf_rail3,resp_cqe_error,0
2026-09-30T06:14:57.814Z,gpu-3uwoq-6g3ya-2,ib_hw_counter,rdma_vf_rail3,implied_nak_seq_err,0
2026-09-30T06:14:57.814Z,gpu-3uwoq-6g3ya-2,ib_hw_counter,rdma_vf_rail3,duplicate_request,0
2026-09-30T06:14:57.814Z,gpu-3uwoq-6g3ya-2,dcgm,gpu2,gpu_util,0
2026-09-30T06:14:57.814Z,gpu-3uwoq-6g3ya-2,dcgm,gpu3,gpu_util,0
2026-09-30T06:14:57.814Z,gpu-3uwoq-6g3ya-2,dcgm,gpu1,gpu_util,0
2026-09-30T06:14:57.814Z,gpu-3uwoq-6g3ya-2,dcgm,gpu0,gpu_util,0
2026-09-30T06:14:57.814Z,gpu-3uwoq-6g3ya-2,dcgm,gpu2,nvlink_bandwidth_total,0
2026-09-30T06:14:57.814Z,gpu-3uwoq-6g3ya-2,dcgm,gpu3,nvlink_bandwidth_total,0
2026-09-30T06:14:57.814Z,gpu-3uwoq-6g3ya-2,dcgm,gpu1,nvlink_bandwidth_total,0
2026-09-30T06:14:57.814Z,gpu-3uwoq-6g3ya-2,dcgm,gpu0,nvlink_bandwidth_total,0
2026-09-30T06:14:57.814Z,gpu-3uwoq-6g3ya-2,dcgm,gpu2,power_w,231.067
2026-09-30T06:14:57.814Z,gpu-3uwoq-6g3ya-2,dcgm,gpu3,power_w,233.398
2026-09-30T06:14:57.814Z,gpu-3uwoq-6g3ya-2,dcgm,gpu1,power_w,230.007
2026-09-30T06:14:57.814Z,gpu-3uwoq-6g3ya-2,dcgm,gpu0,power_w,226.497
2026-09-30T06:14:57.814Z,gpu-3uwoq-6g3ya-2,dcgm,gpu2,sm_clock_mhz,2070
2026-09-30T06:14:57.814Z,gpu-3uwoq-6g3ya-2,dcgm,gpu3,sm_clock_mhz,2070
2026-09-30T06:14:57.814Z,gpu-3uwoq-6g3ya-2,dcgm,gpu1,sm_clock_mhz,2070
2026-09-30T06:14:57.814Z,gpu-3uwoq-6g3ya-2,dcgm,gpu0,sm_clock_mhz,2070
2026-09-30T06:14:57.814Z,gpu-3uwoq-6g3ya-2,dcgm,gpu2,dram_active,0
2026-09-30T06:14:57.814Z,gpu-3uwoq-6g3ya-2,dcgm,gpu3,dram_active,0
2026-09-30T06:14:57.814Z,gpu-3uwoq-6g3ya-2,dcgm,gpu1,dram_active,0
2026-09-30T06:14:57.814Z,gpu-3uwoq-6g3ya-2,dcgm,gpu0,dram_active,0
2026-09-30T06:14:57.814Z,gpu-3uwoq-6g3ya-2,dcgm,gpu2,pcie_rx_bytes,50935
2026-09-30T06:14:57.814Z,gpu-3uwoq-6g3ya-2,dcgm,gpu3,pcie_rx_bytes,47310
2026-09-30T06:14:57.814Z,gpu-3uwoq-6g3ya-2,dcgm,gpu1,pcie_rx_bytes,64080
2026-09-30T06:14:57.814Z,gpu-3uwoq-6g3ya-2,dcgm,gpu0,pcie_rx_bytes,55661
2026-09-30T06:14:57.814Z,gpu-3uwoq-6g3ya-2,dcgm,gpu2,pcie_tx_bytes,49778
2026-09-30T06:14:57.814Z,gpu-3uwoq-6g3ya-2,dcgm,gpu3,pcie_tx_bytes,46122
2026-09-30T06:14:57.814Z,gpu-3uwoq-6g3ya-2,dcgm,gpu1,pcie_tx_bytes,62906
2026-09-30T06:14:57.814Z,gpu-3uwoq-6g3ya-2,dcgm,gpu0,pcie_tx_bytes,54473
2026-09-30T06:14:57.814Z,gpu-3uwoq-6g3ya-2,dcgm,gpu2,tensor_active,0
2026-09-30T06:14:57.814Z,gpu-3uwoq-6g3ya-2,dcgm,gpu3,tensor_active,0
2026-09-30T06:14:57.814Z,gpu-3uwoq-6g3ya-2,dcgm,gpu1,tensor_active,0
2026-09-30T06:14:57.814Z,gpu-3uwoq-6g3ya-2,dcgm,gpu0,tensor_active,0
2026-09-30T06:14:57.814Z,gpu-3uwoq-6g3ya-2,dcgm,gpu2,sm_active,0
2026-09-30T06:14:57.814Z,gpu-3uwoq-6g3ya-2,dcgm,gpu3,sm_active,0
2026-09-30T06:14:57.814Z,gpu-3uwoq-6g3ya-2,dcgm,gpu1,sm_active,0
2026-09-30T06:14:57.814Z,gpu-3uwoq-6g3ya-2,dcgm,gpu0,sm_active,0
2026-09-30T06:14:57.814Z,gpu-3uwoq-6g3ya-2,nvlink,gpu0,nvlink_rx_bytes,4.66294e+13
2026-09-30T06:14:57.814Z,gpu-3uwoq-6g3ya-2,nvlink,gpu0,nvlink_tx_bytes,4.66299e+13
2026-09-30T06:14:57.814Z,gpu-3uwoq-6g3ya-2,nvlink,gpu1,nvlink_rx_bytes,4.66294e+13
2026-09-30T06:14:57.814Z,gpu-3uwoq-6g3ya-2,nvlink,gpu1,nvlink_tx_bytes,4.66297e+13
2026-09-30T06:14:57.814Z,gpu-3uwoq-6g3ya-2,nvlink,gpu2,nvlink_rx_bytes,4.66291e+13
2026-09-30T06:14:57.814Z,gpu-3uwoq-6g3ya-2,nvlink,gpu2,nvlink_tx_bytes,4.66294e+13
2026-09-30T06:14:57.814Z,gpu-3uwoq-6g3ya-2,nvlink,gpu3,nvlink_rx_bytes,4.66274e+13
2026-09-30T06:14:57.814Z,gpu-3uwoq-6g3ya-2,nvlink,gpu3,nvlink_tx_bytes,4.66275e+13
2026-09-30T06:14:58.814Z,gpu-3uwoq-6g3ya-2,ib_counter,rdma_vf_rail0,port_xmit_data,2.76329e+12
2026-09-30T06:14:58.814Z,gpu-3uwoq-6g3ya-2,ib_counter,rdma_vf_rail0,port_rcv_data,5.72235e+12
2026-09-30T06:14:58.814Z,gpu-3uwoq-6g3ya-2,ib_counter,rdma_vf_rail0,port_xmit_packets,9.5609e+08
2026-09-30T06:14:58.814Z,gpu-3uwoq-6g3ya-2,ib_counter,rdma_vf_rail0,port_rcv_packets,1.57821e+09
2026-09-30T06:14:58.814Z,gpu-3uwoq-6g3ya-2,ib_counter,rdma_vf_rail0,port_xmit_wait,0
2026-09-30T06:14:58.814Z,gpu-3uwoq-6g3ya-2,ib_counter,rdma_vf_rail0,port_rcv_errors,0
2026-09-30T06:14:58.814Z,gpu-3uwoq-6g3ya-2,ib_counter,rdma_vf_rail0,port_xmit_discards,0
2026-09-30T06:14:58.814Z,gpu-3uwoq-6g3ya-2,ib_counter,rdma_vf_rail0,link_downed,0
2026-09-30T06:14:58.814Z,gpu-3uwoq-6g3ya-2,ib_hw_counter,rdma_vf_rail0,out_of_sequence,0
2026-09-30T06:14:58.814Z,gpu-3uwoq-6g3ya-2,ib_hw_counter,rdma_vf_rail0,packet_seq_err,0
2026-09-30T06:14:58.814Z,gpu-3uwoq-6g3ya-2,ib_hw_counter,rdma_vf_rail0,local_ack_timeout_err,0
2026-09-30T06:14:58.814Z,gpu-3uwoq-6g3ya-2,ib_hw_counter,rdma_vf_rail0,rx_write_requests,7.05021e+08
2026-09-30T06:14:58.814Z,gpu-3uwoq-6g3ya-2,ib_hw_counter,rdma_vf_rail0,rx_read_requests,1.042e+07
2026-09-30T06:14:58.814Z,gpu-3uwoq-6g3ya-2,ib_hw_counter,rdma_vf_rail0,req_cqe_error,0
2026-09-30T06:14:58.814Z,gpu-3uwoq-6g3ya-2,ib_hw_counter,rdma_vf_rail0,resp_cqe_error,0
2026-09-30T06:14:58.814Z,gpu-3uwoq-6g3ya-2,ib_hw_counter,rdma_vf_rail0,implied_nak_seq_err,0
2026-09-30T06:14:58.814Z,gpu-3uwoq-6g3ya-2,ib_hw_counter,rdma_vf_rail0,duplicate_request,0
2026-09-30T06:14:58.814Z,gpu-3uwoq-6g3ya-2,ib_counter,rdma_vf_rail1,port_xmit_data,2.76263e+12
2026-09-30T06:14:58.814Z,gpu-3uwoq-6g3ya-2,ib_counter,rdma_vf_rail1,port_rcv_data,5.72189e+12
2026-09-30T06:14:58.814Z,gpu-3uwoq-6g3ya-2,ib_counter,rdma_vf_rail1,port_xmit_packets,9.52939e+08
2026-09-30T06:14:58.814Z,gpu-3uwoq-6g3ya-2,ib_counter,rdma_vf_rail1,port_rcv_packets,1.57742e+09
2026-09-30T06:14:58.814Z,gpu-3uwoq-6g3ya-2,ib_counter,rdma_vf_rail1,port_xmit_wait,0
2026-09-30T06:14:58.814Z,gpu-3uwoq-6g3ya-2,ib_counter,rdma_vf_rail1,port_rcv_errors,0
2026-09-30T06:14:58.814Z,gpu-3uwoq-6g3ya-2,ib_counter,rdma_vf_rail1,port_xmit_discards,0
2026-09-30T06:14:58.814Z,gpu-3uwoq-6g3ya-2,ib_counter,rdma_vf_rail1,link_downed,0
2026-09-30T06:14:58.814Z,gpu-3uwoq-6g3ya-2,ib_hw_counter,rdma_vf_rail1,out_of_sequence,0
2026-09-30T06:14:58.814Z,gpu-3uwoq-6g3ya-2,ib_hw_counter,rdma_vf_rail1,packet_seq_err,0
2026-09-30T06:14:58.814Z,gpu-3uwoq-6g3ya-2,ib_hw_counter,rdma_vf_rail1,local_ack_timeout_err,0
2026-09-30T06:14:58.814Z,gpu-3uwoq-6g3ya-2,ib_hw_counter,rdma_vf_rail1,rx_write_requests,7.05022e+08
2026-09-30T06:14:58.814Z,gpu-3uwoq-6g3ya-2,ib_hw_counter,rdma_vf_rail1,rx_read_requests,1.042e+07
2026-09-30T06:14:58.814Z,gpu-3uwoq-6g3ya-2,ib_hw_counter,rdma_vf_rail1,req_cqe_error,0
2026-09-30T06:14:58.814Z,gpu-3uwoq-6g3ya-2,ib_hw_counter,rdma_vf_rail1,resp_cqe_error,0
2026-09-30T06:14:58.814Z,gpu-3uwoq-6g3ya-2,ib_hw_counter,rdma_vf_rail1,implied_nak_seq_err,0
2026-09-30T06:14:58.814Z,gpu-3uwoq-6g3ya-2,ib_hw_counter,rdma_vf_rail1,duplicate_request,0
2026-09-30T06:14:58.814Z,gpu-3uwoq-6g3ya-2,ib_counter,rdma_vf_rail2,port_xmit_data,2.76181e+12
2026-09-30T06:14:58.814Z,gpu-3uwoq-6g3ya-2,ib_counter,rdma_vf_rail2,port_rcv_data,5.72057e+12
2026-09-30T06:14:58.814Z,gpu-3uwoq-6g3ya-2,ib_counter,rdma_vf_rail2,port_xmit_packets,9.4252e+08
2026-09-30T06:14:58.814Z,gpu-3uwoq-6g3ya-2,ib_counter,rdma_vf_rail2,port_rcv_packets,1.56133e+09
2026-09-30T06:14:58.814Z,gpu-3uwoq-6g3ya-2,ib_counter,rdma_vf_rail2,port_xmit_wait,0
2026-09-30T06:14:58.814Z,gpu-3uwoq-6g3ya-2,ib_counter,rdma_vf_rail2,port_rcv_errors,0
2026-09-30T06:14:58.814Z,gpu-3uwoq-6g3ya-2,ib_counter,rdma_vf_rail2,port_xmit_discards,0
2026-09-30T06:14:58.814Z,gpu-3uwoq-6g3ya-2,ib_counter,rdma_vf_rail2,link_downed,0
2026-09-30T06:14:58.814Z,gpu-3uwoq-6g3ya-2,ib_hw_counter,rdma_vf_rail2,out_of_sequence,0
2026-09-30T06:14:58.814Z,gpu-3uwoq-6g3ya-2,ib_hw_counter,rdma_vf_rail2,packet_seq_err,0
2026-09-30T06:14:58.814Z,gpu-3uwoq-6g3ya-2,ib_hw_counter,rdma_vf_rail2,local_ack_timeout_err,0
2026-09-30T06:14:58.814Z,gpu-3uwoq-6g3ya-2,ib_hw_counter,rdma_vf_rail2,rx_write_requests,7.05021e+08
2026-09-30T06:14:58.814Z,gpu-3uwoq-6g3ya-2,ib_hw_counter,rdma_vf_rail2,rx_read_requests,1.042e+07
2026-09-30T06:14:58.814Z,gpu-3uwoq-6g3ya-2,ib_hw_counter,rdma_vf_rail2,req_cqe_error,0
2026-09-30T06:14:58.814Z,gpu-3uwoq-6g3ya-2,ib_hw_counter,rdma_vf_rail2,resp_cqe_error,0
2026-09-30T06:14:58.814Z,gpu-3uwoq-6g3ya-2,ib_hw_counter,rdma_vf_rail2,implied_nak_seq_err,0
2026-09-30T06:14:58.814Z,gpu-3uwoq-6g3ya-2,ib_hw_counter,rdma_vf_rail2,duplicate_request,0
2026-09-30T06:14:58.814Z,gpu-3uwoq-6g3ya-2,ib_counter,rdma_vf_rail3,port_xmit_data,2.76167e+12
2026-09-30T06:14:58.814Z,gpu-3uwoq-6g3ya-2,ib_counter,rdma_vf_rail3,port_rcv_data,5.72118e+12
2026-09-30T06:14:58.814Z,gpu-3uwoq-6g3ya-2,ib_counter,rdma_vf_rail3,port_xmit_packets,9.40862e+08
2026-09-30T06:14:58.814Z,gpu-3uwoq-6g3ya-2,ib_counter,rdma_vf_rail3,port_rcv_packets,1.56875e+09
2026-09-30T06:14:58.814Z,gpu-3uwoq-6g3ya-2,ib_counter,rdma_vf_rail3,port_xmit_wait,0
2026-09-30T06:14:58.814Z,gpu-3uwoq-6g3ya-2,ib_counter,rdma_vf_rail3,port_rcv_errors,0
2026-09-30T06:14:58.814Z,gpu-3uwoq-6g3ya-2,ib_counter,rdma_vf_rail3,port_xmit_discards,0
2026-09-30T06:14:58.814Z,gpu-3uwoq-6g3ya-2,ib_counter,rdma_vf_rail3,link_downed,0
2026-09-30T06:14:58.814Z,gpu-3uwoq-6g3ya-2,ib_hw_counter,rdma_vf_rail3,out_of_sequence,0
2026-09-30T06:14:58.814Z,gpu-3uwoq-6g3ya-2,ib_hw_counter,rdma_vf_rail3,packet_seq_err,1
2026-09-30T06:14:58.814Z,gpu-3uwoq-6g3ya-2,ib_hw_counter,rdma_vf_rail3,local_ack_timeout_err,0
2026-09-30T06:14:58.814Z,gpu-3uwoq-6g3ya-2,ib_hw_counter,rdma_vf_rail3,rx_write_requests,7.05021e+08
2026-09-30T06:14:58.814Z,gpu-3uwoq-6g3ya-2,ib_hw_counter,rdma_vf_rail3,rx_read_requests,1.042e+07
2026-09-30T06:14:58.814Z,gpu-3uwoq-6g3ya-2,ib_hw_counter,rdma_vf_rail3,req_cqe_error,0
2026-09-30T06:14:58.814Z,gpu-3uwoq-6g3ya-2,ib_hw_counter,rdma_vf_rail3,resp_cqe_error,0
2026-09-30T06:14:58.814Z,gpu-3uwoq-6g3ya-2,ib_hw_counter,rdma_vf_rail3,implied_nak_seq_err,0
2026-09-30T06:14:58.814Z,gpu-3uwoq-6g3ya-2,ib_hw_counter,rdma_vf_rail3,duplicate_request,0
2026-09-30T06:14:58.814Z,gpu-3uwoq-6g3ya-2,dcgm,gpu2,gpu_util,0
2026-09-30T06:14:58.814Z,gpu-3uwoq-6g3ya-2,dcgm,gpu3,gpu_util,0
2026-09-30T06:14:58.814Z,gpu-3uwoq-6g3ya-2,dcgm,gpu1,gpu_util,0
2026-09-30T06:14:58.814Z,gpu-3uwoq-6g3ya-2,dcgm,gpu0,gpu_util,0
2026-09-30T06:14:58.814Z,gpu-3uwoq-6g3ya-2,dcgm,gpu2,nvlink_bandwidth_total,0
2026-09-30T06:14:58.814Z,gpu-3uwoq-6g3ya-2,dcgm,gpu3,nvlink_bandwidth_total,0
2026-09-30T06:14:58.814Z,gpu-3uwoq-6g3ya-2,dcgm,gpu1,nvlink_bandwidth_total,0
2026-09-30T06:14:58.814Z,gpu-3uwoq-6g3ya-2,dcgm,gpu0,nvlink_bandwidth_total,0
2026-09-30T06:14:58.814Z,gpu-3uwoq-6g3ya-2,dcgm,gpu2,power_w,231.067
2026-09-30T06:14:58.814Z,gpu-3uwoq-6g3ya-2,dcgm,gpu3,power_w,233.398
2026-09-30T06:14:58.814Z,gpu-3uwoq-6g3ya-2,dcgm,gpu1,power_w,230.007
2026-09-30T06:14:58.814Z,gpu-3uwoq-6g3ya-2,dcgm,gpu0,power_w,226.497
2026-09-30T06:14:58.814Z,gpu-3uwoq-6g3ya-2,dcgm,gpu2,sm_clock_mhz,2070
2026-09-30T06:14:58.814Z,gpu-3uwoq-6g3ya-2,dcgm,gpu3,sm_clock_mhz,2070
2026-09-30T06:14:58.814Z,gpu-3uwoq-6g3ya-2,dcgm,gpu1,sm_clock_mhz,2070
2026-09-30T06:14:58.814Z,gpu-3uwoq-6g3ya-2,dcgm,gpu0,sm_clock_mhz,2070
2026-09-30T06:14:58.814Z,gpu-3uwoq-6g3ya-2,dcgm,gpu2,dram_active,0
2026-09-30T06:14:58.814Z,gpu-3uwoq-6g3ya-2,dcgm,gpu3,dram_active,0
2026-09-30T06:14:58.814Z,gpu-3uwoq-6g3ya-2,dcgm,gpu1,dram_active,0
2026-09-30T06:14:58.814Z,gpu-3uwoq-6g3ya-2,dcgm,gpu0,dram_active,0
2026-09-30T06:14:58.814Z,gpu-3uwoq-6g3ya-2,dcgm,gpu2,pcie_rx_bytes,50935
2026-09-30T06:14:58.814Z,gpu-3uwoq-6g3ya-2,dcgm,gpu3,pcie_rx_bytes,47310
2026-09-30T06:14:58.814Z,gpu-3uwoq-6g3ya-2,dcgm,gpu1,pcie_rx_bytes,64080
2026-09-30T06:14:58.814Z,gpu-3uwoq-6g3ya-2,dcgm,gpu0,pcie_rx_bytes,55661
2026-09-30T06:14:58.814Z,gpu-3uwoq-6g3ya-2,dcgm,gpu2,pcie_tx_bytes,49778
2026-09-30T06:14:58.814Z,gpu-3uwoq-6g3ya-2,dcgm,gpu3,pcie_tx_bytes,46122
2026-09-30T06:14:58.814Z,gpu-3uwoq-6g3ya-2,dcgm,gpu1,pcie_tx_bytes,62906
2026-09-30T06:14:58.814Z,gpu-3uwoq-6g3ya-2,dcgm,gpu0,pcie_tx_bytes,54473
2026-09-30T06:14:58.814Z,gpu-3uwoq-6g3ya-2,dcgm,gpu2,tensor_active,0
2026-09-30T06:14:58.814Z,gpu-3uwoq-6g3ya-2,dcgm,gpu3,tensor_active,0
2026-09-30T06:14:58.814Z,gpu-3uwoq-6g3ya-2,dcgm,gpu1,tensor_active,0
2026-09-30T06:14:58.814Z,gpu-3uwoq-6g3ya-2,dcgm,gpu0,tensor_active,0
2026-09-30T06:14:58.814Z,gpu-3uwoq-6g3ya-2,dcgm,gpu2,sm_active,0
2026-09-30T06:14:58.814Z,gpu-3uwoq-6g3ya-2,dcgm,gpu3,sm_active,0
2026-09-30T06:14:58.814Z,gpu-3uwoq-6g3ya-2,dcgm,gpu1,sm_active,0
2026-09-30T06:14:58.814Z,gpu-3uwoq-6g3ya-2,dcgm,gpu0,sm_active,0
2026-09-30T06:14:58.814Z,gpu-3uwoq-6g3ya-2,nvlink,gpu0,nvlink_rx_bytes,4.66294e+13
2026-09-30T06:14:58.814Z,gpu-3uwoq-6g3ya-2,nvlink,gpu0,nvlink_tx_bytes,4.66299e+13
2026-09-30T06:14:58.814Z,gpu-3uwoq-6g3ya-2,nvlink,gpu1,nvlink_rx_bytes,4.66294e+13
2026-09-30T06:14:58.814Z,gpu-3uwoq-6g3ya-2,nvlink,gpu1,nvlink_tx_bytes,4.66297e+13
2026-09-30T06:14:58.814Z,gpu-3uwoq-6g3ya-2,nvlink,gpu2,nvlink_rx_bytes,4.66291e+13
2026-09-30T06:14:58.814Z,gpu-3uwoq-6g3ya-2,nvlink,gpu2,nvlink_tx_bytes,4.66294e+13
2026-09-30T06:14:58.814Z,gpu-3uwoq-6g3ya-2,nvlink,gpu3,nvlink_rx_bytes,4.66274e+13
2026-09-30T06:14:58.814Z,gpu-3uwoq-6g3ya-2,nvlink,gpu3,nvlink_tx_bytes,4.66275e+13
2026-09-30T06:14:59.814Z,gpu-3uwoq-6g3ya-2,ib_counter,rdma_vf_rail0,port_xmit_data,2.76329e+12
2026-09-30T06:14:59.814Z,gpu-3uwoq-6g3ya-2,ib_counter,rdma_vf_rail0,port_rcv_data,5.72235e+12
2026-09-30T06:14:59.814Z,gpu-3uwoq-6g3ya-2,ib_counter,rdma_vf_rail0,port_xmit_packets,9.5609e+08
2026-09-30T06:14:59.814Z,gpu-3uwoq-6g3ya-2,ib_counter,rdma_vf_rail0,port_rcv_packets,1.57821e+09
2026-09-30T06:14:59.814Z,gpu-3uwoq-6g3ya-2,ib_counter,rdma_vf_rail0,port_xmit_wait,0
2026-09-30T06:14:59.814Z,gpu-3uwoq-6g3ya-2,ib_counter,rdma_vf_rail0,port_rcv_errors,0
2026-09-30T06:14:59.814Z,gpu-3uwoq-6g3ya-2,ib_counter,rdma_vf_rail0,port_xmit_discards,0
2026-09-30T06:14:59.814Z,gpu-3uwoq-6g3ya-2,ib_counter,rdma_vf_rail0,link_downed,0
2026-09-30T06:14:59.814Z,gpu-3uwoq-6g3ya-2,ib_hw_counter,rdma_vf_rail0,out_of_sequence,0
2026-09-30T06:14:59.814Z,gpu-3uwoq-6g3ya-2,ib_hw_counter,rdma_vf_rail0,packet_seq_err,0
2026-09-30T06:14:59.814Z,gpu-3uwoq-6g3ya-2,ib_hw_counter,rdma_vf_rail0,local_ack_timeout_err,0
2026-09-30T06:14:59.814Z,gpu-3uwoq-6g3ya-2,ib_hw_counter,rdma_vf_rail0,rx_write_requests,7.05021e+08
2026-09-30T06:14:59.814Z,gpu-3uwoq-6g3ya-2,ib_hw_counter,rdma_vf_rail0,rx_read_requests,1.042e+07
2026-09-30T06:14:59.814Z,gpu-3uwoq-6g3ya-2,ib_hw_counter,rdma_vf_rail0,req_cqe_error,0
2026-09-30T06:14:59.814Z,gpu-3uwoq-6g3ya-2,ib_hw_counter,rdma_vf_rail0,resp_cqe_error,0
2026-09-30T06:14:59.814Z,gpu-3uwoq-6g3ya-2,ib_hw_counter,rdma_vf_rail0,implied_nak_seq_err,0
2026-09-30T06:14:59.814Z,gpu-3uwoq-6g3ya-2,ib_hw_counter,rdma_vf_rail0,duplicate_request,0
2026-09-30T06:14:59.814Z,gpu-3uwoq-6g3ya-2,ib_counter,rdma_vf_rail1,port_xmit_data,2.76263e+12
2026-09-30T06:14:59.814Z,gpu-3uwoq-6g3ya-2,ib_counter,rdma_vf_rail1,port_rcv_data,5.72189e+12
2026-09-30T06:14:59.814Z,gpu-3uwoq-6g3ya-2,ib_counter,rdma_vf_rail1,port_xmit_packets,9.52939e+08
2026-09-30T06:14:59.814Z,gpu-3uwoq-6g3ya-2,ib_counter,rdma_vf_rail1,port_rcv_packets,1.57742e+09
2026-09-30T06:14:59.814Z,gpu-3uwoq-6g3ya-2,ib_counter,rdma_vf_rail1,port_xmit_wait,0
2026-09-30T06:14:59.814Z,gpu-3uwoq-6g3ya-2,ib_counter,rdma_vf_rail1,port_rcv_errors,0
2026-09-30T06:14:59.814Z,gpu-3uwoq-6g3ya-2,ib_counter,rdma_vf_rail1,port_xmit_discards,0
2026-09-30T06:14:59.814Z,gpu-3uwoq-6g3ya-2,ib_counter,rdma_vf_rail1,link_downed,0
2026-09-30T06:14:59.814Z,gpu-3uwoq-6g3ya-2,ib_hw_counter,rdma_vf_rail1,out_of_sequence,0
2026-09-30T06:14:59.814Z,gpu-3uwoq-6g3ya-2,ib_hw_counter,rdma_vf_rail1,packet_seq_err,0
2026-09-30T06:14:59.814Z,gpu-3uwoq-6g3ya-2,ib_hw_counter,rdma_vf_rail1,local_ack_timeout_err,0
2026-09-30T06:14:59.814Z,gpu-3uwoq-6g3ya-2,ib_hw_counter,rdma_vf_rail1,rx_write_requests,7.05022e+08
2026-09-30T06:14:59.814Z,gpu-3uwoq-6g3ya-2,ib_hw_counter,rdma_vf_rail1,rx_read_requests,1.042e+07
2026-09-30T06:14:59.814Z,gpu-3uwoq-6g3ya-2,ib_hw_counter,rdma_vf_rail1,req_cqe_error,0
2026-09-30T06:14:59.814Z,gpu-3uwoq-6g3ya-2,ib_hw_counter,rdma_vf_rail1,resp_cqe_error,0
2026-09-30T06:14:59.814Z,gpu-3uwoq-6g3ya-2,ib_hw_counter,rdma_vf_rail1,implied_nak_seq_err,0
2026-09-30T06:14:59.814Z,gpu-3uwoq-6g3ya-2,ib_hw_counter,rdma_vf_rail1,duplicate_request,0
2026-09-30T06:14:59.814Z,gpu-3uwoq-6g3ya-2,ib_counter,rdma_vf_rail2,port_xmit_data,2.76181e+12
2026-09-30T06:14:59.814Z,gpu-3uwoq-6g3ya-2,ib_counter,rdma_vf_rail2,port_rcv_data,5.72057e+12
2026-09-30T06:14:59.814Z,gpu-3uwoq-6g3ya-2,ib_counter,rdma_vf_rail2,port_xmit_packets,9.4252e+08
2026-09-30T06:14:59.814Z,gpu-3uwoq-6g3ya-2,ib_counter,rdma_vf_rail2,port_rcv_packets,1.56133e+09
2026-09-30T06:14:59.814Z,gpu-3uwoq-6g3ya-2,ib_counter,rdma_vf_rail2,port_xmit_wait,0
2026-09-30T06:14:59.814Z,gpu-3uwoq-6g3ya-2,ib_counter,rdma_vf_rail2,port_rcv_errors,0
2026-09-30T06:14:59.814Z,gpu-3uwoq-6g3ya-2,ib_counter,rdma_vf_rail2,port_xmit_discards,0
2026-09-30T06:14:59.814Z,gpu-3uwoq-6g3ya-2,ib_counter,rdma_vf_rail2,link_downed,0
2026-09-30T06:14:59.814Z,gpu-3uwoq-6g3ya-2,ib_hw_counter,rdma_vf_rail2,out_of_sequence,0
2026-09-30T06:14:59.814Z,gpu-3uwoq-6g3ya-2,ib_hw_counter,rdma_vf_rail2,packet_seq_err,0
2026-09-30T06:14:59.814Z,gpu-3uwoq-6g3ya-2,ib_hw_counter,rdma_vf_rail2,local_ack_timeout_err,0
2026-09-30T06:14:59.814Z,gpu-3uwoq-6g3ya-2,ib_hw_counter,rdma_vf_rail2,rx_write_requests,7.05021e+08
2026-09-30T06:14:59.814Z,gpu-3uwoq-6g3ya-2,ib_hw_counter,rdma_vf_rail2,rx_read_requests,1.042e+07
2026-09-30T06:14:59.814Z,gpu-3uwoq-6g3ya-2,ib_hw_counter,rdma_vf_rail2,req_cqe_error,0
2026-09-30T06:14:59.814Z,gpu-3uwoq-6g3ya-2,ib_hw_counter,rdma_vf_rail2,resp_cqe_error,0
2026-09-30T06:14:59.814Z,gpu-3uwoq-6g3ya-2,ib_hw_counter,rdma_vf_rail2,implied_nak_seq_err,0
2026-09-30T06:14:59.814Z,gpu-3uwoq-6g3ya-2,ib_hw_counter,rdma_vf_rail2,duplicate_request,0
2026-09-30T06:14:59.814Z,gpu-3uwoq-6g3ya-2,ib_counter,rdma_vf_rail3,port_xmit_data,2.76167e+12
2026-09-30T06:14:59.814Z,gpu-3uwoq-6g3ya-2,ib_counter,rdma_vf_rail3,port_rcv_data,5.72118e+12
2026-09-30T06:14:59.814Z,gpu-3uwoq-6g3ya-2,ib_counter,rdma_vf_rail3,port_xmit_packets,9.40862e+08
2026-09-30T06:14:59.814Z,gpu-3uwoq-6g3ya-2,ib_counter,rdma_vf_rail3,port_rcv_packets,1.56875e+09
2026-09-30T06:14:59.814Z,gpu-3uwoq-6g3ya-2,ib_counter,rdma_vf_rail3,port_xmit_wait,0
2026-09-30T06:14:59.814Z,gpu-3uwoq-6g3ya-2,ib_counter,rdma_vf_rail3,port_rcv_errors,0
2026-09-30T06:14:59.814Z,gpu-3uwoq-6g3ya-2,ib_counter,rdma_vf_rail3,port_xmit_discards,0
2026-09-30T06:14:59.814Z,gpu-3uwoq-6g3ya-2,ib_counter,rdma_vf_rail3,link_downed,0
2026-09-30T06:14:59.814Z,gpu-3uwoq-6g3ya-2,ib_hw_counter,rdma_vf_rail3,out_of_sequence,0
2026-09-30T06:14:59.814Z,gpu-3uwoq-6g3ya-2,ib_hw_counter,rdma_vf_rail3,packet_seq_err,1
2026-09-30T06:14:59.814Z,gpu-3uwoq-6g3ya-2,ib_hw_counter,rdma_vf_rail3,local_ack_timeout_err,0
2026-09-30T06:14:59.814Z,gpu-3uwoq-6g3ya-2,ib_hw_counter,rdma_vf_rail3,rx_write_requests,7.05021e+08
2026-09-30T06:14:59.814Z,gpu-3uwoq-6g3ya-2,ib_hw_counter,rdma_vf_rail3,rx_read_requests,1.042e+07
2026-09-30T06:14:59.814Z,gpu-3uwoq-6g3ya-2,ib_hw_counter,rdma_vf_rail3,req_cqe_error,0
2026-09-30T06:14:59.814Z,gpu-3uwoq-6g3ya-2,ib_hw_counter,rdma_vf_rail3,resp_cqe_error,0
2026-09-30T06:14:59.814Z,gpu-3uwoq-6g3ya-2,ib_hw_counter,rdma_vf_rail3,implied_nak_seq_err,0
2026-09-30T06:14:59.814Z,gpu-3uwoq-6g3ya-2,ib_hw_counter,rdma_vf_rail3,duplicate_request,0
2026-09-30T06:14:59.814Z,gpu-3uwoq-6g3ya-2,dcgm,gpu2,gpu_util,0
2026-09-30T06:14:59.814Z,gpu-3uwoq-6g3ya-2,dcgm,gpu3,gpu_util,0
2026-09-30T06:14:59.814Z,gpu-3uwoq-6g3ya-2,dcgm,gpu1,gpu_util,0
2026-09-30T06:14:59.814Z,gpu-3uwoq-6g3ya-2,dcgm,gpu0,gpu_util,0
2026-09-30T06:14:59.814Z,gpu-3uwoq-6g3ya-2,dcgm,gpu2,nvlink_bandwidth_total,0
2026-09-30T06:14:59.814Z,gpu-3uwoq-6g3ya-2,dcgm,gpu3,nvlink_bandwidth_total,0
2026-09-30T06:14:59.814Z,gpu-3uwoq-6g3ya-2,dcgm,gpu1,nvlink_bandwidth_total,0
2026-09-30T06:14:59.814Z,gpu-3uwoq-6g3ya-2,dcgm,gpu0,nvlink_bandwidth_total,0
2026-09-30T06:14:59.814Z,gpu-3uwoq-6g3ya-2,dcgm,gpu2,power_w,231.067
2026-09-30T06:14:59.814Z,gpu-3uwoq-6g3ya-2,dcgm,gpu3,power_w,233.398
2026-09-30T06:14:59.814Z,gpu-3uwoq-6g3ya-2,dcgm,gpu1,power_w,230.007
2026-09-30T06:14:59.814Z,gpu-3uwoq-6g3ya-2,dcgm,gpu0,power_w,226.497
2026-09-30T06:14:59.814Z,gpu-3uwoq-6g3ya-2,dcgm,gpu2,sm_clock_mhz,2070
2026-09-30T06:14:59.814Z,gpu-3uwoq-6g3ya-2,dcgm,gpu3,sm_clock_mhz,2070
2026-09-30T06:14:59.814Z,gpu-3uwoq-6g3ya-2,dcgm,gpu1,sm_clock_mhz,2070
2026-09-30T06:14:59.814Z,gpu-3uwoq-6g3ya-2,dcgm,gpu0,sm_clock_mhz,2070
2026-09-30T06:14:59.814Z,gpu-3uwoq-6g3ya-2,dcgm,gpu2,dram_active,0
2026-09-30T06:14:59.814Z,gpu-3uwoq-6g3ya-2,dcgm,gpu3,dram_active,0
2026-09-30T06:14:59.814Z,gpu-3uwoq-6g3ya-2,dcgm,gpu1,dram_active,0
2026-09-30T06:14:59.814Z,gpu-3uwoq-6g3ya-2,dcgm,gpu0,dram_active,0
2026-09-30T06:14:59.814Z,gpu-3uwoq-6g3ya-2,dcgm,gpu2,pcie_rx_bytes,50935
2026-09-30T06:14:59.814Z,gpu-3uwoq-6g3ya-2,dcgm,gpu3,pcie_rx_bytes,47310
2026-09-30T06:14:59.814Z,gpu-3uwoq-6g3ya-2,dcgm,gpu1,pcie_rx_bytes,64080
2026-09-30T06:14:59.814Z,gpu-3uwoq-6g3ya-2,dcgm,gpu0,pcie_rx_bytes,55661
2026-09-30T06:14:59.814Z,gpu-3uwoq-6g3ya-2,dcgm,gpu2,pcie_tx_bytes,49778
2026-09-30T06:14:59.814Z,gpu-3uwoq-6g3ya-2,dcgm,gpu3,pcie_tx_bytes,46122
2026-09-30T06:14:59.814Z,gpu-3uwoq-6g3ya-2,dcgm,gpu1,pcie_tx_bytes,62906
2026-09-30T06:14:59.814Z,gpu-3uwoq-6g3ya-2,dcgm,gpu0,pcie_tx_bytes,54473
2026-09-30T06:14:59.814Z,gpu-3uwoq-6g3ya-2,dcgm,gpu2,tensor_active,0
2026-09-30T06:14:59.814Z,gpu-3uwoq-6g3ya-2,dcgm,gpu3,tensor_active,0
2026-09-30T06:14:59.814Z,gpu-3uwoq-6g3ya-2,dcgm,gpu1,tensor_active,0
2026-09-30T06:14:59.814Z,gpu-3uwoq-6g3ya-2,dcgm,gpu0,tensor_active,0
2026-09-30T06:14:59.814Z,gpu-3uwoq-6g3ya-2,dcgm,gpu2,sm_active,0
2026-09-30T06:14:59.814Z,gpu-3uwoq-6g3ya-2,dcgm,gpu3,sm_active,0
2026-09-30T06:14:59.814Z,gpu-3uwoq-6g3ya-2,dcgm,gpu1,sm_active,0
2026-09-30T06:14:59.814Z,gpu-3uwoq-6g3ya-2,dcgm,gpu0,sm_active,0
2026-09-30T06:14:59.814Z,gpu-3uwoq-6g3ya-2,nvlink,gpu0,nvlink_rx_bytes,4.66294e+13
2026-09-30T06:14:59.814Z,gpu-3uwoq-6g3ya-2,nvlink,gpu0,nvlink_tx_bytes,4.66299e+13
2026-09-30T06:14:59.814Z,gpu-3uwoq-6g3ya-2,nvlink,gpu1,nvlink_rx_bytes,4.66294e+13
2026-09-30T06:14:59.814Z,gpu-3uwoq-6g3ya-2,nvlink,gpu1,nvlink_tx_bytes,4.66297e+13
2026-09-30T06:14:59.814Z,gpu-3uwoq-6g3ya-2,nvlink,gpu2,nvlink_rx_bytes,4.66291e+13
2026-09-30T06:14:59.814Z,gpu-3uwoq-6g3ya-2,nvlink,gpu2,nvlink_tx_bytes,4.66294e+13
2026-09-30T06:14:59.814Z,gpu-3uwoq-6g3ya-2,nvlink,gpu3,nvlink_rx_bytes,4.66274e+13
2026-09-30T06:14:59.814Z,gpu-3uwoq-6g3ya-2,nvlink,gpu3,nvlink_tx_bytes,4.66275e+13
2026-09-30T06:15:00.814Z,gpu-3uwoq-6g3ya-2,ib_counter,rdma_vf_rail0,port_xmit_data,2.76329e+12
2026-09-30T06:15:00.814Z,gpu-3uwoq-6g3ya-2,ib_counter,rdma_vf_rail0,port_rcv_data,5.72235e+12
2026-09-30T06:15:00.814Z,gpu-3uwoq-6g3ya-2,ib_counter,rdma_vf_rail0,port_xmit_packets,9.5609e+08
2026-09-30T06:15:00.814Z,gpu-3uwoq-6g3ya-2,ib_counter,rdma_vf_rail0,port_rcv_packets,1.57821e+09
2026-09-30T06:15:00.814Z,gpu-3uwoq-6g3ya-2,ib_counter,rdma_vf_rail0,port_xmit_wait,0
2026-09-30T06:15:00.814Z,gpu-3uwoq-6g3ya-2,ib_counter,rdma_vf_rail0,port_rcv_errors,0
2026-09-30T06:15:00.814Z,gpu-3uwoq-6g3ya-2,ib_counter,rdma_vf_rail0,port_xmit_discards,0
2026-09-30T06:15:00.814Z,gpu-3uwoq-6g3ya-2,ib_counter,rdma_vf_rail0,link_downed,0
2026-09-30T06:15:00.814Z,gpu-3uwoq-6g3ya-2,ib_hw_counter,rdma_vf_rail0,out_of_sequence,0
2026-09-30T06:15:00.814Z,gpu-3uwoq-6g3ya-2,ib_hw_counter,rdma_vf_rail0,packet_seq_err,0
2026-09-30T06:15:00.814Z,gpu-3uwoq-6g3ya-2,ib_hw_counter,rdma_vf_rail0,local_ack_timeout_err,0
2026-09-30T06:15:00.814Z,gpu-3uwoq-6g3ya-2,ib_hw_counter,rdma_vf_rail0,rx_write_requests,7.05021e+08
2026-09-30T06:15:00.814Z,gpu-3uwoq-6g3ya-2,ib_hw_counter,rdma_vf_rail0,rx_read_requests,1.042e+07
2026-09-30T06:15:00.814Z,gpu-3uwoq-6g3ya-2,ib_hw_counter,rdma_vf_rail0,req_cqe_error,0
2026-09-30T06:15:00.814Z,gpu-3uwoq-6g3ya-2,ib_hw_counter,rdma_vf_rail0,resp_cqe_error,0
2026-09-30T06:15:00.814Z,gpu-3uwoq-6g3ya-2,ib_hw_counter,rdma_vf_rail0,implied_nak_seq_err,0
2026-09-30T06:15:00.814Z,gpu-3uwoq-6g3ya-2,ib_hw_counter,rdma_vf_rail0,duplicate_request,0
2026-09-30T06:15:00.814Z,gpu-3uwoq-6g3ya-2,ib_counter,rdma_vf_rail1,port_xmit_data,2.76263e+12
2026-09-30T06:15:00.814Z,gpu-3uwoq-6g3ya-2,ib_counter,rdma_vf_rail1,port_rcv_data,5.72189e+12
2026-09-30T06:15:00.814Z,gpu-3uwoq-6g3ya-2,ib_counter,rdma_vf_rail1,port_xmit_packets,9.52939e+08
2026-09-30T06:15:00.814Z,gpu-3uwoq-6g3ya-2,ib_counter,rdma_vf_rail1,port_rcv_packets,1.57742e+09
2026-09-30T06:15:00.814Z,gpu-3uwoq-6g3ya-2,ib_counter,rdma_vf_rail1,port_xmit_wait,0
2026-09-30T06:15:00.814Z,gpu-3uwoq-6g3ya-2,ib_counter,rdma_vf_rail1,port_rcv_errors,0
2026-09-30T06:15:00.814Z,gpu-3uwoq-6g3ya-2,ib_counter,rdma_vf_rail1,port_xmit_discards,0
2026-09-30T06:15:00.814Z,gpu-3uwoq-6g3ya-2,ib_counter,rdma_vf_rail1,link_downed,0
2026-09-30T06:15:00.814Z,gpu-3uwoq-6g3ya-2,ib_hw_counter,rdma_vf_rail1,out_of_sequence,0
2026-09-30T06:15:00.814Z,gpu-3uwoq-6g3ya-2,ib_hw_counter,rdma_vf_rail1,packet_seq_err,0
2026-09-30T06:15:00.814Z,gpu-3uwoq-6g3ya-2,ib_hw_counter,rdma_vf_rail1,local_ack_timeout_err,0
2026-09-30T06:15:00.814Z,gpu-3uwoq-6g3ya-2,ib_hw_counter,rdma_vf_rail1,rx_write_requests,7.05022e+08
2026-09-30T06:15:00.814Z,gpu-3uwoq-6g3ya-2,ib_hw_counter,rdma_vf_rail1,rx_read_requests,1.042e+07
2026-09-30T06:15:00.814Z,gpu-3uwoq-6g3ya-2,ib_hw_counter,rdma_vf_rail1,req_cqe_error,0
2026-09-30T06:15:00.814Z,gpu-3uwoq-6g3ya-2,ib_hw_counter,rdma_vf_rail1,resp_cqe_error,0
2026-09-30T06:15:00.814Z,gpu-3uwoq-6g3ya-2,ib_hw_counter,rdma_vf_rail1,implied_nak_seq_err,0
2026-09-30T06:15:00.814Z,gpu-3uwoq-6g3ya-2,ib_hw_counter,rdma_vf_rail1,duplicate_request,0
2026-09-30T06:15:00.814Z,gpu-3uwoq-6g3ya-2,ib_counter,rdma_vf_rail2,port_xmit_data,2.76181e+12
2026-09-30T06:15:00.814Z,gpu-3uwoq-6g3ya-2,ib_counter,rdma_vf_rail2,port_rcv_data,5.72057e+12
2026-09-30T06:15:00.814Z,gpu-3uwoq-6g3ya-2,ib_counter,rdma_vf_rail2,port_xmit_packets,9.4252e+08
2026-09-30T06:15:00.814Z,gpu-3uwoq-6g3ya-2,ib_counter,rdma_vf_rail2,port_rcv_packets,1.56133e+09
2026-09-30T06:15:00.814Z,gpu-3uwoq-6g3ya-2,ib_counter,rdma_vf_rail2,port_xmit_wait,0
2026-09-30T06:15:00.814Z,gpu-3uwoq-6g3ya-2,ib_counter,rdma_vf_rail2,port_rcv_errors,0
2026-09-30T06:15:00.814Z,gpu-3uwoq-6g3ya-2,ib_counter,rdma_vf_rail2,port_xmit_discards,0
2026-09-30T06:15:00.814Z,gpu-3uwoq-6g3ya-2,ib_counter,rdma_vf_rail2,link_downed,0
2026-09-30T06:15:00.814Z,gpu-3uwoq-6g3ya-2,ib_hw_counter,rdma_vf_rail2,out_of_sequence,0
2026-09-30T06:15:00.814Z,gpu-3uwoq-6g3ya-2,ib_hw_counter,rdma_vf_rail2,packet_seq_err,0
2026-09-30T06:15:00.814Z,gpu-3uwoq-6g3ya-2,ib_hw_counter,rdma_vf_rail2,local_ack_timeout_err,0
2026-09-30T06:15:00.814Z,gpu-3uwoq-6g3ya-2,ib_hw_counter,rdma_vf_rail2,rx_write_requests,7.05021e+08
2026-09-30T06:15:00.814Z,gpu-3uwoq-6g3ya-2,ib_hw_counter,rdma_vf_rail2,rx_read_requests,1.042e+07
2026-09-30T06:15:00.814Z,gpu-3uwoq-6g3ya-2,ib_hw_counter,rdma_vf_rail2,req_cqe_error,0
2026-09-30T06:15:00.814Z,gpu-3uwoq-6g3ya-2,ib_hw_counter,rdma_vf_rail2,resp_cqe_error,0
2026-09-30T06:15:00.814Z,gpu-3uwoq-6g3ya-2,ib_hw_counter,rdma_vf_rail2,implied_nak_seq_err,0
2026-09-30T06:15:00.814Z,gpu-3uwoq-6g3ya-2,ib_hw_counter,rdma_vf_rail2,duplicate_request,0
2026-09-30T06:15:00.814Z,gpu-3uwoq-6g3ya-2,ib_counter,rdma_vf_rail3,port_xmit_data,2.76167e+12
2026-09-30T06:15:00.814Z,gpu-3uwoq-6g3ya-2,ib_counter,rdma_vf_rail3,port_rcv_data,5.72118e+12
2026-09-30T06:15:00.814Z,gpu-3uwoq-6g3ya-2,ib_counter,rdma_vf_rail3,port_xmit_packets,9.40862e+08
2026-09-30T06:15:00.814Z,gpu-3uwoq-6g3ya-2,ib_counter,rdma_vf_rail3,port_rcv_packets,1.56875e+09
2026-09-30T06:15:00.814Z,gpu-3uwoq-6g3ya-2,ib_counter,rdma_vf_rail3,port_xmit_wait,0
2026-09-30T06:15:00.814Z,gpu-3uwoq-6g3ya-2,ib_counter,rdma_vf_rail3,port_rcv_errors,0
2026-09-30T06:15:00.814Z,gpu-3uwoq-6g3ya-2,ib_counter,rdma_vf_rail3,port_xmit_discards,0
2026-09-30T06:15:00.814Z,gpu-3uwoq-6g3ya-2,ib_counter,rdma_vf_rail3,link_downed,0
2026-09-30T06:15:00.814Z,gpu-3uwoq-6g3ya-2,ib_hw_counter,rdma_vf_rail3,out_of_sequence,0
2026-09-30T06:15:00.814Z,gpu-3uwoq-6g3ya-2,ib_hw_counter,rdma_vf_rail3,packet_seq_err,1
2026-09-30T06:15:00.814Z,gpu-3uwoq-6g3ya-2,ib_hw_counter,rdma_vf_rail3,local_ack_timeout_err,0
2026-09-30T06:15:00.814Z,gpu-3uwoq-6g3ya-2,ib_hw_counter,rdma_vf_rail3,rx_write_requests,7.05021e+08
2026-09-30T06:15:00.814Z,gpu-3uwoq-6g3ya-2,ib_hw_counter,rdma_vf_rail3,rx_read_requests,1.042e+07
2026-09-30T06:15:00.814Z,gpu-3uwoq-6g3ya-2,ib_hw_counter,rdma_vf_rail3,req_cqe_error,0
2026-09-30T06:15:00.814Z,gpu-3uwoq-6g3ya-2,ib_hw_counter,rdma_vf_rail3,resp_cqe_error,0
2026-09-30T06:15:00.814Z,gpu-3uwoq-6g3ya-2,ib_hw_counter,rdma_vf_rail3,implied_nak_seq_err,0
2026-09-30T06:15:00.814Z,gpu-3uwoq-6g3ya-2,ib_hw_counter,rdma_vf_rail3,duplicate_request,0
2026-09-30T06:15:00.814Z,gpu-3uwoq-6g3ya-2,dcgm,gpu2,gpu_util,0
2026-09-30T06:15:00.814Z,gpu-3uwoq-6g3ya-2,dcgm,gpu3,gpu_util,0
2026-09-30T06:15:00.814Z,gpu-3uwoq-6g3ya-2,dcgm,gpu1,gpu_util,0
2026-09-30T06:15:00.814Z,gpu-3uwoq-6g3ya-2,dcgm,gpu0,gpu_util,0
2026-09-30T06:15:00.814Z,gpu-3uwoq-6g3ya-2,dcgm,gpu2,nvlink_bandwidth_total,0
2026-09-30T06:15:00.814Z,gpu-3uwoq-6g3ya-2,dcgm,gpu3,nvlink_bandwidth_total,0
2026-09-30T06:15:00.814Z,gpu-3uwoq-6g3ya-2,dcgm,gpu1,nvlink_bandwidth_total,0
2026-09-30T06:15:00.814Z,gpu-3uwoq-6g3ya-2,dcgm,gpu0,nvlink_bandwidth_total,0
2026-09-30T06:15:00.814Z,gpu-3uwoq-6g3ya-2,dcgm,gpu2,power_w,231.067
2026-09-30T06:15:00.814Z,gpu-3uwoq-6g3ya-2,dcgm,gpu3,power_w,233.398
2026-09-30T06:15:00.814Z,gpu-3uwoq-6g3ya-2,dcgm,gpu1,power_w,230.007
2026-09-30T06:15:00.814Z,gpu-3uwoq-6g3ya-2,dcgm,gpu0,power_w,226.497
2026-09-30T06:15:00.814Z,gpu-3uwoq-6g3ya-2,dcgm,gpu2,sm_clock_mhz,2070
2026-09-30T06:15:00.814Z,gpu-3uwoq-6g3ya-2,dcgm,gpu3,sm_clock_mhz,2070
2026-09-30T06:15:00.814Z,gpu-3uwoq-6g3ya-2,dcgm,gpu1,sm_clock_mhz,2070
2026-09-30T06:15:00.814Z,gpu-3uwoq-6g3ya-2,dcgm,gpu0,sm_clock_mhz,2070
2026-09-30T06:15:00.814Z,gpu-3uwoq-6g3ya-2,dcgm,gpu2,dram_active,0
2026-09-30T06:15:00.814Z,gpu-3uwoq-6g3ya-2,dcgm,gpu3,dram_active,0
2026-09-30T06:15:00.814Z,gpu-3uwoq-6g3ya-2,dcgm,gpu1,dram_active,0
2026-09-30T06:15:00.814Z,gpu-3uwoq-6g3ya-2,dcgm,gpu0,dram_active,0
2026-09-30T06:15:00.814Z,gpu-3uwoq-6g3ya-2,dcgm,gpu2,pcie_rx_bytes,50935
2026-09-30T06:15:00.814Z,gpu-3uwoq-6g3ya-2,dcgm,gpu3,pcie_rx_bytes,47310
2026-09-30T06:15:00.814Z,gpu-3uwoq-6g3ya-2,dcgm,gpu1,pcie_rx_bytes,64080
2026-09-30T06:15:00.814Z,gpu-3uwoq-6g3ya-2,dcgm,gpu0,pcie_rx_bytes,55661
2026-09-30T06:15:00.814Z,gpu-3uwoq-6g3ya-2,dcgm,gpu2,pcie_tx_bytes,49778
2026-09-30T06:15:00.814Z,gpu-3uwoq-6g3ya-2,dcgm,gpu3,pcie_tx_bytes,46122
2026-09-30T06:15:00.814Z,gpu-3uwoq-6g3ya-2,dcgm,gpu1,pcie_tx_bytes,62906
2026-09-30T06:15:00.814Z,gpu-3uwoq-6g3ya-2,dcgm,gpu0,pcie_tx_bytes,54473
2026-09-30T06:15:00.814Z,gpu-3uwoq-6g3ya-2,dcgm,gpu2,tensor_active,0
2026-09-30T06:15:00.814Z,gpu-3uwoq-6g3ya-2,dcgm,gpu3,tensor_active,0
2026-09-30T06:15:00.814Z,gpu-3uwoq-6g3ya-2,dcgm,gpu1,tensor_active,0
2026-09-30T06:15:00.814Z,gpu-3uwoq-6g3ya-2,dcgm,gpu0,tensor_active,0
2026-09-30T06:15:00.814Z,gpu-3uwoq-6g3ya-2,dcgm,gpu2,sm_active,0
2026-09-30T06:15:00.814Z,gpu-3uwoq-6g3ya-2,dcgm,gpu3,sm_active,0
2026-09-30T06:15:00.814Z,gpu-3uwoq-6g3ya-2,dcgm,gpu1,sm_active,0
2026-09-30T06:15:00.814Z,gpu-3uwoq-6g3ya-2,dcgm,gpu0,sm_active,0
2026-09-30T06:15:00.814Z,gpu-3uwoq-6g3ya-2,nvlink,gpu0,nvlink_rx_bytes,4.66294e+13
2026-09-30T06:15:00.814Z,gpu-3uwoq-6g3ya-2,nvlink,gpu0,nvlink_tx_bytes,4.66299e+13
2026-09-30T06:15:00.814Z,gpu-3uwoq-6g3ya-2,nvlink,gpu1,nvlink_rx_bytes,4.66294e+13
2026-09-30T06:15:00.814Z,gpu-3uwoq-6g3ya-2,nvlink,gpu1,nvlink_tx_bytes,4.66297e+13
2026-09-30T06:15:00.814Z,gpu-3uwoq-6g3ya-2,nvlink,gpu2,nvlink_rx_bytes,4.66291e+13
2026-09-30T06:15:00.814Z,gpu-3uwoq-6g3ya-2,nvlink,gpu2,nvlink_tx_bytes,4.66294e+13
2026-09-30T06:15:00.814Z,gpu-3uwoq-6g3ya-2,nvlink,gpu3,nvlink_rx_bytes,4.66274e+13
2026-09-30T06:15:00.814Z,gpu-3uwoq-6g3ya-2,nvlink,gpu3,nvlink_tx_bytes,4.66275e+13
2026-09-30T06:15:01.814Z,gpu-3uwoq-6g3ya-2,ib_counter,rdma_vf_rail0,port_xmit_data,2.76329e+12
2026-09-30T06:15:01.814Z,gpu-3uwoq-6g3ya-2,ib_counter,rdma_vf_rail0,port_rcv_data,5.72235e+12
2026-09-30T06:15:01.814Z,gpu-3uwoq-6g3ya-2,ib_counter,rdma_vf_rail0,port_xmit_packets,9.5609e+08
2026-09-30T06:15:01.814Z,gpu-3uwoq-6g3ya-2,ib_counter,rdma_vf_rail0,port_rcv_packets,1.57821e+09
2026-09-30T06:15:01.814Z,gpu-3uwoq-6g3ya-2,ib_counter,rdma_vf_rail0,port_xmit_wait,0
2026-09-30T06:15:01.814Z,gpu-3uwoq-6g3ya-2,ib_counter,rdma_vf_rail0,port_rcv_errors,0
2026-09-30T06:15:01.814Z,gpu-3uwoq-6g3ya-2,ib_counter,rdma_vf_rail0,port_xmit_discards,0
2026-09-30T06:15:01.814Z,gpu-3uwoq-6g3ya-2,ib_counter,rdma_vf_rail0,link_downed,0
2026-09-30T06:15:01.814Z,gpu-3uwoq-6g3ya-2,ib_hw_counter,rdma_vf_rail0,out_of_sequence,0
2026-09-30T06:15:01.814Z,gpu-3uwoq-6g3ya-2,ib_hw_counter,rdma_vf_rail0,packet_seq_err,0
2026-09-30T06:15:01.814Z,gpu-3uwoq-6g3ya-2,ib_hw_counter,rdma_vf_rail0,local_ack_timeout_err,0
2026-09-30T06:15:01.814Z,gpu-3uwoq-6g3ya-2,ib_hw_counter,rdma_vf_rail0,rx_write_requests,7.05021e+08
2026-09-30T06:15:01.814Z,gpu-3uwoq-6g3ya-2,ib_hw_counter,rdma_vf_rail0,rx_read_requests,1.042e+07
2026-09-30T06:15:01.814Z,gpu-3uwoq-6g3ya-2,ib_hw_counter,rdma_vf_rail0,req_cqe_error,0
2026-09-30T06:15:01.814Z,gpu-3uwoq-6g3ya-2,ib_hw_counter,rdma_vf_rail0,resp_cqe_error,0
2026-09-30T06:15:01.814Z,gpu-3uwoq-6g3ya-2,ib_hw_counter,rdma_vf_rail0,implied_nak_seq_err,0
2026-09-30T06:15:01.814Z,gpu-3uwoq-6g3ya-2,ib_hw_counter,rdma_vf_rail0,duplicate_request,0
2026-09-30T06:15:01.814Z,gpu-3uwoq-6g3ya-2,ib_counter,rdma_vf_rail1,port_xmit_data,2.76263e+12
2026-09-30T06:15:01.814Z,gpu-3uwoq-6g3ya-2,ib_counter,rdma_vf_rail1,port_rcv_data,5.72189e+12
2026-09-30T06:15:01.814Z,gpu-3uwoq-6g3ya-2,ib_counter,rdma_vf_rail1,port_xmit_packets,9.52939e+08
2026-09-30T06:15:01.814Z,gpu-3uwoq-6g3ya-2,ib_counter,rdma_vf_rail1,port_rcv_packets,1.57742e+09
2026-09-30T06:15:01.814Z,gpu-3uwoq-6g3ya-2,ib_counter,rdma_vf_rail1,port_xmit_wait,0
2026-09-30T06:15:01.814Z,gpu-3uwoq-6g3ya-2,ib_counter,rdma_vf_rail1,port_rcv_errors,0
2026-09-30T06:15:01.814Z,gpu-3uwoq-6g3ya-2,ib_counter,rdma_vf_rail1,port_xmit_discards,0
2026-09-30T06:15:01.814Z,gpu-3uwoq-6g3ya-2,ib_counter,rdma_vf_rail1,link_downed,0
2026-09-30T06:15:01.814Z,gpu-3uwoq-6g3ya-2,ib_hw_counter,rdma_vf_rail1,out_of_sequence,0
2026-09-30T06:15:01.814Z,gpu-3uwoq-6g3ya-2,ib_hw_counter,rdma_vf_rail1,packet_seq_err,0
2026-09-30T06:15:01.814Z,gpu-3uwoq-6g3ya-2,ib_hw_counter,rdma_vf_rail1,local_ack_timeout_err,0
2026-09-30T06:15:01.814Z,gpu-3uwoq-6g3ya-2,ib_hw_counter,rdma_vf_rail1,rx_write_requests,7.05022e+08
2026-09-30T06:15:01.814Z,gpu-3uwoq-6g3ya-2,ib_hw_counter,rdma_vf_rail1,rx_read_requests,1.042e+07
2026-09-30T06:15:01.814Z,gpu-3uwoq-6g3ya-2,ib_hw_counter,rdma_vf_rail1,req_cqe_error,0
2026-09-30T06:15:01.814Z,gpu-3uwoq-6g3ya-2,ib_hw_counter,rdma_vf_rail1,resp_cqe_error,0
2026-09-30T06:15:01.814Z,gpu-3uwoq-6g3ya-2,ib_hw_counter,rdma_vf_rail1,implied_nak_seq_err,0
2026-09-30T06:15:01.814Z,gpu-3uwoq-6g3ya-2,ib_hw_counter,rdma_vf_rail1,duplicate_request,0
2026-09-30T06:15:01.814Z,gpu-3uwoq-6g3ya-2,ib_counter,rdma_vf_rail2,port_xmit_data,2.76181e+12
2026-09-30T06:15:01.814Z,gpu-3uwoq-6g3ya-2,ib_counter,rdma_vf_rail2,port_rcv_data,5.72057e+12
2026-09-30T06:15:01.814Z,gpu-3uwoq-6g3ya-2,ib_counter,rdma_vf_rail2,port_xmit_packets,9.4252e+08
2026-09-30T06:15:01.814Z,gpu-3uwoq-6g3ya-2,ib_counter,rdma_vf_rail2,port_rcv_packets,1.56133e+09
2026-09-30T06:15:01.814Z,gpu-3uwoq-6g3ya-2,ib_counter,rdma_vf_rail2,port_xmit_wait,0
2026-09-30T06:15:01.814Z,gpu-3uwoq-6g3ya-2,ib_counter,rdma_vf_rail2,port_rcv_errors,0
2026-09-30T06:15:01.814Z,gpu-3uwoq-6g3ya-2,ib_counter,rdma_vf_rail2,port_xmit_discards,0
2026-09-30T06:15:01.814Z,gpu-3uwoq-6g3ya-2,ib_counter,rdma_vf_rail2,link_downed,0
2026-09-30T06:15:01.814Z,gpu-3uwoq-6g3ya-2,ib_hw_counter,rdma_vf_rail2,out_of_sequence,0
2026-09-30T06:15:01.814Z,gpu-3uwoq-6g3ya-2,ib_hw_counter,rdma_vf_rail2,packet_seq_err,0
2026-09-30T06:15:01.814Z,gpu-3uwoq-6g3ya-2,ib_hw_counter,rdma_vf_rail2,local_ack_timeout_err,0
2026-09-30T06:15:01.814Z,gpu-3uwoq-6g3ya-2,ib_hw_counter,rdma_vf_rail2,rx_write_requests,7.05021e+08
2026-09-30T06:15:01.814Z,gpu-3uwoq-6g3ya-2,ib_hw_counter,rdma_vf_rail2,rx_read_requests,1.042e+07
2026-09-30T06:15:01.814Z,gpu-3uwoq-6g3ya-2,ib_hw_counter,rdma_vf_rail2,req_cqe_error,0
2026-09-30T06:15:01.814Z,gpu-3uwoq-6g3ya-2,ib_hw_counter,rdma_vf_rail2,resp_cqe_error,0
2026-09-30T06:15:01.814Z,gpu-3uwoq-6g3ya-2,ib_hw_counter,rdma_vf_rail2,implied_nak_seq_err,0
2026-09-30T06:15:01.814Z,gpu-3uwoq-6g3ya-2,ib_hw_counter,rdma_vf_rail2,duplicate_request,0
2026-09-30T06:15:01.814Z,gpu-3uwoq-6g3ya-2,ib_counter,rdma_vf_rail3,port_xmit_data,2.76167e+12
2026-09-30T06:15:01.814Z,gpu-3uwoq-6g3ya-2,ib_counter,rdma_vf_rail3,port_rcv_data,5.72118e+12
2026-09-30T06:15:01.814Z,gpu-3uwoq-6g3ya-2,ib_counter,rdma_vf_rail3,port_xmit_packets,9.40862e+08
2026-09-30T06:15:01.814Z,gpu-3uwoq-6g3ya-2,ib_counter,rdma_vf_rail3,port_rcv_packets,1.56875e+09
2026-09-30T06:15:01.814Z,gpu-3uwoq-6g3ya-2,ib_counter,rdma_vf_rail3,port_xmit_wait,0
2026-09-30T06:15:01.814Z,gpu-3uwoq-6g3ya-2,ib_counter,rdma_vf_rail3,port_rcv_errors,0
2026-09-30T06:15:01.814Z,gpu-3uwoq-6g3ya-2,ib_counter,rdma_vf_rail3,port_xmit_discards,0
2026-09-30T06:15:01.814Z,gpu-3uwoq-6g3ya-2,ib_counter,rdma_vf_rail3,link_downed,0
2026-09-30T06:15:01.814Z,gpu-3uwoq-6g3ya-2,ib_hw_counter,rdma_vf_rail3,out_of_sequence,0
2026-09-30T06:15:01.814Z,gpu-3uwoq-6g3ya-2,ib_hw_counter,rdma_vf_rail3,packet_seq_err,1
2026-09-30T06:15:01.814Z,gpu-3uwoq-6g3ya-2,ib_hw_counter,rdma_vf_rail3,local_ack_timeout_err,0
2026-09-30T06:15:01.814Z,gpu-3uwoq-6g3ya-2,ib_hw_counter,rdma_vf_rail3,rx_write_requests,7.05021e+08
2026-09-30T06:15:01.814Z,gpu-3uwoq-6g3ya-2,ib_hw_counter,rdma_vf_rail3,rx_read_requests,1.042e+07
2026-09-30T06:15:01.814Z,gpu-3uwoq-6g3ya-2,ib_hw_counter,rdma_vf_rail3,req_cqe_error,0
2026-09-30T06:15:01.814Z,gpu-3uwoq-6g3ya-2,ib_hw_counter,rdma_vf_rail3,resp_cqe_error,0
2026-09-30T06:15:01.814Z,gpu-3uwoq-6g3ya-2,ib_hw_counter,rdma_vf_rail3,implied_nak_seq_err,0
2026-09-30T06:15:01.814Z,gpu-3uwoq-6g3ya-2,ib_hw_counter,rdma_vf_rail3,duplicate_request,0
2026-09-30T06:15:01.814Z,gpu-3uwoq-6g3ya-2,dcgm,gpu2,gpu_util,0
2026-09-30T06:15:01.814Z,gpu-3uwoq-6g3ya-2,dcgm,gpu3,gpu_util,0
2026-09-30T06:15:01.814Z,gpu-3uwoq-6g3ya-2,dcgm,gpu1,gpu_util,0
2026-09-30T06:15:01.814Z,gpu-3uwoq-6g3ya-2,dcgm,gpu0,gpu_util,0
2026-09-30T06:15:01.814Z,gpu-3uwoq-6g3ya-2,dcgm,gpu2,nvlink_bandwidth_total,0
2026-09-30T06:15:01.814Z,gpu-3uwoq-6g3ya-2,dcgm,gpu3,nvlink_bandwidth_total,0
2026-09-30T06:15:01.814Z,gpu-3uwoq-6g3ya-2,dcgm,gpu1,nvlink_bandwidth_total,0
2026-09-30T06:15:01.814Z,gpu-3uwoq-6g3ya-2,dcgm,gpu0,nvlink_bandwidth_total,0
2026-09-30T06:15:01.814Z,gpu-3uwoq-6g3ya-2,dcgm,gpu2,power_w,231.067
2026-09-30T06:15:01.814Z,gpu-3uwoq-6g3ya-2,dcgm,gpu3,power_w,233.398
2026-09-30T06:15:01.814Z,gpu-3uwoq-6g3ya-2,dcgm,gpu1,power_w,230.007
2026-09-30T06:15:01.814Z,gpu-3uwoq-6g3ya-2,dcgm,gpu0,power_w,226.497
2026-09-30T06:15:01.814Z,gpu-3uwoq-6g3ya-2,dcgm,gpu2,sm_clock_mhz,2070
2026-09-30T06:15:01.814Z,gpu-3uwoq-6g3ya-2,dcgm,gpu3,sm_clock_mhz,2070
2026-09-30T06:15:01.814Z,gpu-3uwoq-6g3ya-2,dcgm,gpu1,sm_clock_mhz,2070
2026-09-30T06:15:01.814Z,gpu-3uwoq-6g3ya-2,dcgm,gpu0,sm_clock_mhz,2070
2026-09-30T06:15:01.814Z,gpu-3uwoq-6g3ya-2,dcgm,gpu2,dram_active,0
2026-09-30T06:15:01.814Z,gpu-3uwoq-6g3ya-2,dcgm,gpu3,dram_active,0
2026-09-30T06:15:01.814Z,gpu-3uwoq-6g3ya-2,dcgm,gpu1,dram_active,0
2026-09-30T06:15:01.814Z,gpu-3uwoq-6g3ya-2,dcgm,gpu0,dram_active,0
2026-09-30T06:15:01.814Z,gpu-3uwoq-6g3ya-2,dcgm,gpu2,pcie_rx_bytes,50935
2026-09-30T06:15:01.814Z,gpu-3uwoq-6g3ya-2,dcgm,gpu3,pcie_rx_bytes,47310
2026-09-30T06:15:01.814Z,gpu-3uwoq-6g3ya-2,dcgm,gpu1,pcie_rx_bytes,64080
2026-09-30T06:15:01.814Z,gpu-3uwoq-6g3ya-2,dcgm,gpu0,pcie_rx_bytes,55661
2026-09-30T06:15:01.814Z,gpu-3uwoq-6g3ya-2,dcgm,gpu2,pcie_tx_bytes,49778
2026-09-30T06:15:01.814Z,gpu-3uwoq-6g3ya-2,dcgm,gpu3,pcie_tx_bytes,46122
2026-09-30T06:15:01.814Z,gpu-3uwoq-6g3ya-2,dcgm,gpu1,pcie_tx_bytes,62906
2026-09-30T06:15:01.814Z,gpu-3uwoq-6g3ya-2,dcgm,gpu0,pcie_tx_bytes,54473
2026-09-30T06:15:01.814Z,gpu-3uwoq-6g3ya-2,dcgm,gpu2,tensor_active,0
2026-09-30T06:15:01.814Z,gpu-3uwoq-6g3ya-2,dcgm,gpu3,tensor_active,0
2026-09-30T06:15:01.814Z,gpu-3uwoq-6g3ya-2,dcgm,gpu1,tensor_active,0
2026-09-30T06:15:01.814Z,gpu-3uwoq-6g3ya-2,dcgm,gpu0,tensor_active,0
2026-09-30T06:15:01.814Z,gpu-3uwoq-6g3ya-2,dcgm,gpu2,sm_active,0
2026-09-30T06:15:01.814Z,gpu-3uwoq-6g3ya-2,dcgm,gpu3,sm_active,0
2026-09-30T06:15:01.814Z,gpu-3uwoq-6g3ya-2,dcgm,gpu1,sm_active,0
2026-09-30T06:15:01.814Z,gpu-3uwoq-6g3ya-2,dcgm,gpu0,sm_active,0
2026-09-30T06:15:01.814Z,gpu-3uwoq-6g3ya-2,nvlink,gpu0,nvlink_rx_bytes,4.66294e+13
2026-09-30T06:15:01.814Z,gpu-3uwoq-6g3ya-2,nvlink,gpu0,nvlink_tx_bytes,4.66299e+13
2026-09-30T06:15:01.814Z,gpu-3uwoq-6g3ya-2,nvlink,gpu1,nvlink_rx_bytes,4.66294e+13
2026-09-30T06:15:01.814Z,gpu-3uwoq-6g3ya-2,nvlink,gpu1,nvlink_tx_bytes,4.66297e+13
2026-09-30T06:15:01.814Z,gpu-3uwoq-6g3ya-2,nvlink,gpu2,nvlink_rx_bytes,4.66291e+13
2026-09-30T06:15:01.814Z,gpu-3uwoq-6g3ya-2,nvlink,gpu2,nvlink_tx_bytes,4.66294e+13
2026-09-30T06:15:01.814Z,gpu-3uwoq-6g3ya-2,nvlink,gpu3,nvlink_rx_bytes,4.66274e+13
2026-09-30T06:15:01.814Z,gpu-3uwoq-6g3ya-2,nvlink,gpu3,nvlink_tx_bytes,4.66275e+13
2026-09-30T06:15:02.814Z,gpu-3uwoq-6g3ya-2,ib_counter,rdma_vf_rail0,port_xmit_data,2.76329e+12
2026-09-30T06:15:02.814Z,gpu-3uwoq-6g3ya-2,ib_counter,rdma_vf_rail0,port_rcv_data,5.72235e+12
2026-09-30T06:15:02.814Z,gpu-3uwoq-6g3ya-2,ib_counter,rdma_vf_rail0,port_xmit_packets,9.5609e+08
2026-09-30T06:15:02.814Z,gpu-3uwoq-6g3ya-2,ib_counter,rdma_vf_rail0,port_rcv_packets,1.57821e+09
2026-09-30T06:15:02.814Z,gpu-3uwoq-6g3ya-2,ib_counter,rdma_vf_rail0,port_xmit_wait,0
2026-09-30T06:15:02.814Z,gpu-3uwoq-6g3ya-2,ib_counter,rdma_vf_rail0,port_rcv_errors,0
2026-09-30T06:15:02.814Z,gpu-3uwoq-6g3ya-2,ib_counter,rdma_vf_rail0,port_xmit_discards,0
2026-09-30T06:15:02.814Z,gpu-3uwoq-6g3ya-2,ib_counter,rdma_vf_rail0,link_downed,0
2026-09-30T06:15:02.814Z,gpu-3uwoq-6g3ya-2,ib_hw_counter,rdma_vf_rail0,out_of_sequence,0
2026-09-30T06:15:02.814Z,gpu-3uwoq-6g3ya-2,ib_hw_counter,rdma_vf_rail0,packet_seq_err,0
2026-09-30T06:15:02.814Z,gpu-3uwoq-6g3ya-2,ib_hw_counter,rdma_vf_rail0,local_ack_timeout_err,0
2026-09-30T06:15:02.814Z,gpu-3uwoq-6g3ya-2,ib_hw_counter,rdma_vf_rail0,rx_write_requests,7.05021e+08
2026-09-30T06:15:02.814Z,gpu-3uwoq-6g3ya-2,ib_hw_counter,rdma_vf_rail0,rx_read_requests,1.042e+07
2026-09-30T06:15:02.814Z,gpu-3uwoq-6g3ya-2,ib_hw_counter,rdma_vf_rail0,req_cqe_error,0
2026-09-30T06:15:02.814Z,gpu-3uwoq-6g3ya-2,ib_hw_counter,rdma_vf_rail0,resp_cqe_error,0
2026-09-30T06:15:02.814Z,gpu-3uwoq-6g3ya-2,ib_hw_counter,rdma_vf_rail0,implied_nak_seq_err,0
2026-09-30T06:15:02.814Z,gpu-3uwoq-6g3ya-2,ib_hw_counter,rdma_vf_rail0,duplicate_request,0
2026-09-30T06:15:02.814Z,gpu-3uwoq-6g3ya-2,ib_counter,rdma_vf_rail1,port_xmit_data,2.76263e+12
2026-09-30T06:15:02.814Z,gpu-3uwoq-6g3ya-2,ib_counter,rdma_vf_rail1,port_rcv_data,5.72189e+12
2026-09-30T06:15:02.814Z,gpu-3uwoq-6g3ya-2,ib_counter,rdma_vf_rail1,port_xmit_packets,9.52939e+08
2026-09-30T06:15:02.814Z,gpu-3uwoq-6g3ya-2,ib_counter,rdma_vf_rail1,port_rcv_packets,1.57742e+09
2026-09-30T06:15:02.814Z,gpu-3uwoq-6g3ya-2,ib_counter,rdma_vf_rail1,port_xmit_wait,0
2026-09-30T06:15:02.814Z,gpu-3uwoq-6g3ya-2,ib_counter,rdma_vf_rail1,port_rcv_errors,0
2026-09-30T06:15:02.814Z,gpu-3uwoq-6g3ya-2,ib_counter,rdma_vf_rail1,port_xmit_discards,0
2026-09-30T06:15:02.814Z,gpu-3uwoq-6g3ya-2,ib_counter,rdma_vf_rail1,link_downed,0
2026-09-30T06:15:02.814Z,gpu-3uwoq-6g3ya-2,ib_hw_counter,rdma_vf_rail1,out_of_sequence,0
2026-09-30T06:15:02.814Z,gpu-3uwoq-6g3ya-2,ib_hw_counter,rdma_vf_rail1,packet_seq_err,0
2026-09-30T06:15:02.814Z,gpu-3uwoq-6g3ya-2,ib_hw_counter,rdma_vf_rail1,local_ack_timeout_err,0
2026-09-30T06:15:02.814Z,gpu-3uwoq-6g3ya-2,ib_hw_counter,rdma_vf_rail1,rx_write_requests,7.05022e+08
2026-09-30T06:15:02.814Z,gpu-3uwoq-6g3ya-2,ib_hw_counter,rdma_vf_rail1,rx_read_requests,1.042e+07
2026-09-30T06:15:02.814Z,gpu-3uwoq-6g3ya-2,ib_hw_counter,rdma_vf_rail1,req_cqe_error,0
2026-09-30T06:15:02.814Z,gpu-3uwoq-6g3ya-2,ib_hw_counter,rdma_vf_rail1,resp_cqe_error,0
2026-09-30T06:15:02.814Z,gpu-3uwoq-6g3ya-2,ib_hw_counter,rdma_vf_rail1,implied_nak_seq_err,0
2026-09-30T06:15:02.814Z,gpu-3uwoq-6g3ya-2,ib_hw_counter,rdma_vf_rail1,duplicate_request,0
2026-09-30T06:15:02.814Z,gpu-3uwoq-6g3ya-2,ib_counter,rdma_vf_rail2,port_xmit_data,2.76181e+12
2026-09-30T06:15:02.814Z,gpu-3uwoq-6g3ya-2,ib_counter,rdma_vf_rail2,port_rcv_data,5.72057e+12
2026-09-30T06:15:02.814Z,gpu-3uwoq-6g3ya-2,ib_counter,rdma_vf_rail2,port_xmit_packets,9.4252e+08
2026-09-30T06:15:02.814Z,gpu-3uwoq-6g3ya-2,ib_counter,rdma_vf_rail2,port_rcv_packets,1.56133e+09
2026-09-30T06:15:02.814Z,gpu-3uwoq-6g3ya-2,ib_counter,rdma_vf_rail2,port_xmit_wait,0
2026-09-30T06:15:02.814Z,gpu-3uwoq-6g3ya-2,ib_counter,rdma_vf_rail2,port_rcv_errors,0
2026-09-30T06:15:02.814Z,gpu-3uwoq-6g3ya-2,ib_counter,rdma_vf_rail2,port_xmit_discards,0
2026-09-30T06:15:02.814Z,gpu-3uwoq-6g3ya-2,ib_counter,rdma_vf_rail2,link_downed,0
2026-09-30T06:15:02.814Z,gpu-3uwoq-6g3ya-2,ib_hw_counter,rdma_vf_rail2,out_of_sequence,0
2026-09-30T06:15:02.814Z,gpu-3uwoq-6g3ya-2,ib_hw_counter,rdma_vf_rail2,packet_seq_err,0
2026-09-30T06:15:02.814Z,gpu-3uwoq-6g3ya-2,ib_hw_counter,rdma_vf_rail2,local_ack_timeout_err,0
2026-09-30T06:15:02.814Z,gpu-3uwoq-6g3ya-2,ib_hw_counter,rdma_vf_rail2,rx_write_requests,7.05021e+08
2026-09-30T06:15:02.814Z,gpu-3uwoq-6g3ya-2,ib_hw_counter,rdma_vf_rail2,rx_read_requests,1.042e+07
2026-09-30T06:15:02.814Z,gpu-3uwoq-6g3ya-2,ib_hw_counter,rdma_vf_rail2,req_cqe_error,0
2026-09-30T06:15:02.814Z,gpu-3uwoq-6g3ya-2,ib_hw_counter,rdma_vf_rail2,resp_cqe_error,0
2026-09-30T06:15:02.814Z,gpu-3uwoq-6g3ya-2,ib_hw_counter,rdma_vf_rail2,implied_nak_seq_err,0
2026-09-30T06:15:02.814Z,gpu-3uwoq-6g3ya-2,ib_hw_counter,rdma_vf_rail2,duplicate_request,0
2026-09-30T06:15:02.814Z,gpu-3uwoq-6g3ya-2,ib_counter,rdma_vf_rail3,port_xmit_data,2.76167e+12
2026-09-30T06:15:02.814Z,gpu-3uwoq-6g3ya-2,ib_counter,rdma_vf_rail3,port_rcv_data,5.72118e+12
2026-09-30T06:15:02.814Z,gpu-3uwoq-6g3ya-2,ib_counter,rdma_vf_rail3,port_xmit_packets,9.40862e+08
2026-09-30T06:15:02.814Z,gpu-3uwoq-6g3ya-2,ib_counter,rdma_vf_rail3,port_rcv_packets,1.56875e+09
2026-09-30T06:15:02.814Z,gpu-3uwoq-6g3ya-2,ib_counter,rdma_vf_rail3,port_xmit_wait,0
2026-09-30T06:15:02.814Z,gpu-3uwoq-6g3ya-2,ib_counter,rdma_vf_rail3,port_rcv_errors,0
2026-09-30T06:15:02.814Z,gpu-3uwoq-6g3ya-2,ib_counter,rdma_vf_rail3,port_xmit_discards,0
2026-09-30T06:15:02.814Z,gpu-3uwoq-6g3ya-2,ib_counter,rdma_vf_rail3,link_downed,0
2026-09-30T06:15:02.814Z,gpu-3uwoq-6g3ya-2,ib_hw_counter,rdma_vf_rail3,out_of_sequence,0
2026-09-30T06:15:02.814Z,gpu-3uwoq-6g3ya-2,ib_hw_counter,rdma_vf_rail3,packet_seq_err,1
2026-09-30T06:15:02.814Z,gpu-3uwoq-6g3ya-2,ib_hw_counter,rdma_vf_rail3,local_ack_timeout_err,0
2026-09-30T06:15:02.814Z,gpu-3uwoq-6g3ya-2,ib_hw_counter,rdma_vf_rail3,rx_write_requests,7.05021e+08
2026-09-30T06:15:02.814Z,gpu-3uwoq-6g3ya-2,ib_hw_counter,rdma_vf_rail3,rx_read_requests,1.042e+07
2026-09-30T06:15:02.814Z,gpu-3uwoq-6g3ya-2,ib_hw_counter,rdma_vf_rail3,req_cqe_error,0
2026-09-30T06:15:02.814Z,gpu-3uwoq-6g3ya-2,ib_hw_counter,rdma_vf_rail3,resp_cqe_error,0
2026-09-30T06:15:02.814Z,gpu-3uwoq-6g3ya-2,ib_hw_counter,rdma_vf_rail3,implied_nak_seq_err,0
2026-09-30T06:15:02.814Z,gpu-3uwoq-6g3ya-2,ib_hw_counter,rdma_vf_rail3,duplicate_request,0
2026-09-30T06:15:02.814Z,gpu-3uwoq-6g3ya-2,dcgm,gpu2,gpu_util,0
2026-09-30T06:15:02.814Z,gpu-3uwoq-6g3ya-2,dcgm,gpu3,gpu_util,0
2026-09-30T06:15:02.814Z,gpu-3uwoq-6g3ya-2,dcgm,gpu1,gpu_util,0
2026-09-30T06:15:02.814Z,gpu-3uwoq-6g3ya-2,dcgm,gpu0,gpu_util,0
2026-09-30T06:15:02.814Z,gpu-3uwoq-6g3ya-2,dcgm,gpu2,nvlink_bandwidth_total,0
2026-09-30T06:15:02.814Z,gpu-3uwoq-6g3ya-2,dcgm,gpu3,nvlink_bandwidth_total,0
2026-09-30T06:15:02.814Z,gpu-3uwoq-6g3ya-2,dcgm,gpu1,nvlink_bandwidth_total,0
2026-09-30T06:15:02.814Z,gpu-3uwoq-6g3ya-2,dcgm,gpu0,nvlink_bandwidth_total,0
2026-09-30T06:15:02.814Z,gpu-3uwoq-6g3ya-2,dcgm,gpu2,power_w,231.067
2026-09-30T06:15:02.814Z,gpu-3uwoq-6g3ya-2,dcgm,gpu3,power_w,233.398
2026-09-30T06:15:02.814Z,gpu-3uwoq-6g3ya-2,dcgm,gpu1,power_w,230.007
2026-09-30T06:15:02.814Z,gpu-3uwoq-6g3ya-2,dcgm,gpu0,power_w,226.497
2026-09-30T06:15:02.814Z,gpu-3uwoq-6g3ya-2,dcgm,gpu2,sm_clock_mhz,2070
2026-09-30T06:15:02.814Z,gpu-3uwoq-6g3ya-2,dcgm,gpu3,sm_clock_mhz,2070
2026-09-30T06:15:02.814Z,gpu-3uwoq-6g3ya-2,dcgm,gpu1,sm_clock_mhz,2070
2026-09-30T06:15:02.814Z,gpu-3uwoq-6g3ya-2,dcgm,gpu0,sm_clock_mhz,2070
2026-09-30T06:15:02.814Z,gpu-3uwoq-6g3ya-2,dcgm,gpu2,dram_active,0
2026-09-30T06:15:02.814Z,gpu-3uwoq-6g3ya-2,dcgm,gpu3,dram_active,0
2026-09-30T06:15:02.814Z,gpu-3uwoq-6g3ya-2,dcgm,gpu1,dram_active,0
2026-09-30T06:15:02.814Z,gpu-3uwoq-6g3ya-2,dcgm,gpu0,dram_active,0
2026-09-30T06:15:02.814Z,gpu-3uwoq-6g3ya-2,dcgm,gpu2,pcie_rx_bytes,50935
2026-09-30T06:15:02.814Z,gpu-3uwoq-6g3ya-2,dcgm,gpu3,pcie_rx_bytes,47310
2026-09-30T06:15:02.814Z,gpu-3uwoq-6g3ya-2,dcgm,gpu1,pcie_rx_bytes,64080
2026-09-30T06:15:02.814Z,gpu-3uwoq-6g3ya-2,dcgm,gpu0,pcie_rx_bytes,55661
2026-09-30T06:15:02.814Z,gpu-3uwoq-6g3ya-2,dcgm,gpu2,pcie_tx_bytes,49778
2026-09-30T06:15:02.814Z,gpu-3uwoq-6g3ya-2,dcgm,gpu3,pcie_tx_bytes,46122
2026-09-30T06:15:02.814Z,gpu-3uwoq-6g3ya-2,dcgm,gpu1,pcie_tx_bytes,62906
2026-09-30T06:15:02.814Z,gpu-3uwoq-6g3ya-2,dcgm,gpu0,pcie_tx_bytes,54473
2026-09-30T06:15:02.814Z,gpu-3uwoq-6g3ya-2,dcgm,gpu2,tensor_active,0
2026-09-30T06:15:02.814Z,gpu-3uwoq-6g3ya-2,dcgm,gpu3,tensor_active,0
2026-09-30T06:15:02.814Z,gpu-3uwoq-6g3ya-2,dcgm,gpu1,tensor_active,0
2026-09-30T06:15:02.814Z,gpu-3uwoq-6g3ya-2,dcgm,gpu0,tensor_active,0
2026-09-30T06:15:02.814Z,gpu-3uwoq-6g3ya-2,dcgm,gpu2,sm_active,0
2026-09-30T06:15:02.814Z,gpu-3uwoq-6g3ya-2,dcgm,gpu3,sm_active,0
2026-09-30T06:15:02.814Z,gpu-3uwoq-6g3ya-2,dcgm,gpu1,sm_active,0
2026-09-30T06:15:02.814Z,gpu-3uwoq-6g3ya-2,dcgm,gpu0,sm_active,0
2026-09-30T06:15:02.814Z,gpu-3uwoq-6g3ya-2,nvlink,gpu0,nvlink_rx_bytes,4.66294e+13
2026-09-30T06:15:02.814Z,gpu-3uwoq-6g3ya-2,nvlink,gpu0,nvlink_tx_bytes,4.66299e+13
2026-09-30T06:15:02.814Z,gpu-3uwoq-6g3ya-2,nvlink,gpu1,nvlink_rx_bytes,4.66294e+13
2026-09-30T06:15:02.814Z,gpu-3uwoq-6g3ya-2,nvlink,gpu1,nvlink_tx_bytes,4.66297e+13
2026-09-30T06:15:02.814Z,gpu-3uwoq-6g3ya-2,nvlink,gpu2,nvlink_rx_bytes,4.66291e+13
2026-09-30T06:15:02.814Z,gpu-3uwoq-6g3ya-2,nvlink,gpu2,nvlink_tx_bytes,4.66294e+13
2026-09-30T06:15:02.814Z,gpu-3uwoq-6g3ya-2,nvlink,gpu3,nvlink_rx_bytes,4.66274e+13
2026-09-30T06:15:02.814Z,gpu-3uwoq-6g3ya-2,nvlink,gpu3,nvlink_tx_bytes,4.66275e+13
2026-09-30T06:15:03.814Z,gpu-3uwoq-6g3ya-2,ib_counter,rdma_vf_rail0,port_xmit_data,2.76329e+12
2026-09-30T06:15:03.814Z,gpu-3uwoq-6g3ya-2,ib_counter,rdma_vf_rail0,port_rcv_data,5.72235e+12
2026-09-30T06:15:03.814Z,gpu-3uwoq-6g3ya-2,ib_counter,rdma_vf_rail0,port_xmit_packets,9.5609e+08
2026-09-30T06:15:03.814Z,gpu-3uwoq-6g3ya-2,ib_counter,rdma_vf_rail0,port_rcv_packets,1.57821e+09
2026-09-30T06:15:03.814Z,gpu-3uwoq-6g3ya-2,ib_counter,rdma_vf_rail0,port_xmit_wait,0
2026-09-30T06:15:03.814Z,gpu-3uwoq-6g3ya-2,ib_counter,rdma_vf_rail0,port_rcv_errors,0
2026-09-30T06:15:03.814Z,gpu-3uwoq-6g3ya-2,ib_counter,rdma_vf_rail0,port_xmit_discards,0
2026-09-30T06:15:03.814Z,gpu-3uwoq-6g3ya-2,ib_counter,rdma_vf_rail0,link_downed,0
2026-09-30T06:15:03.814Z,gpu-3uwoq-6g3ya-2,ib_hw_counter,rdma_vf_rail0,out_of_sequence,0
2026-09-30T06:15:03.814Z,gpu-3uwoq-6g3ya-2,ib_hw_counter,rdma_vf_rail0,packet_seq_err,0
2026-09-30T06:15:03.814Z,gpu-3uwoq-6g3ya-2,ib_hw_counter,rdma_vf_rail0,local_ack_timeout_err,0
2026-09-30T06:15:03.814Z,gpu-3uwoq-6g3ya-2,ib_hw_counter,rdma_vf_rail0,rx_write_requests,7.05021e+08
2026-09-30T06:15:03.814Z,gpu-3uwoq-6g3ya-2,ib_hw_counter,rdma_vf_rail0,rx_read_requests,1.042e+07
2026-09-30T06:15:03.814Z,gpu-3uwoq-6g3ya-2,ib_hw_counter,rdma_vf_rail0,req_cqe_error,0
2026-09-30T06:15:03.814Z,gpu-3uwoq-6g3ya-2,ib_hw_counter,rdma_vf_rail0,resp_cqe_error,0
2026-09-30T06:15:03.814Z,gpu-3uwoq-6g3ya-2,ib_hw_counter,rdma_vf_rail0,implied_nak_seq_err,0
2026-09-30T06:15:03.814Z,gpu-3uwoq-6g3ya-2,ib_hw_counter,rdma_vf_rail0,duplicate_request,0
2026-09-30T06:15:03.814Z,gpu-3uwoq-6g3ya-2,ib_counter,rdma_vf_rail1,port_xmit_data,2.76263e+12
2026-09-30T06:15:03.814Z,gpu-3uwoq-6g3ya-2,ib_counter,rdma_vf_rail1,port_rcv_data,5.72189e+12
2026-09-30T06:15:03.814Z,gpu-3uwoq-6g3ya-2,ib_counter,rdma_vf_rail1,port_xmit_packets,9.52939e+08
2026-09-30T06:15:03.814Z,gpu-3uwoq-6g3ya-2,ib_counter,rdma_vf_rail1,port_rcv_packets,1.57742e+09
2026-09-30T06:15:03.814Z,gpu-3uwoq-6g3ya-2,ib_counter,rdma_vf_rail1,port_xmit_wait,0
2026-09-30T06:15:03.814Z,gpu-3uwoq-6g3ya-2,ib_counter,rdma_vf_rail1,port_rcv_errors,0
2026-09-30T06:15:03.814Z,gpu-3uwoq-6g3ya-2,ib_counter,rdma_vf_rail1,port_xmit_discards,0
2026-09-30T06:15:03.814Z,gpu-3uwoq-6g3ya-2,ib_counter,rdma_vf_rail1,link_downed,0
2026-09-30T06:15:03.814Z,gpu-3uwoq-6g3ya-2,ib_hw_counter,rdma_vf_rail1,out_of_sequence,0
2026-09-30T06:15:03.814Z,gpu-3uwoq-6g3ya-2,ib_hw_counter,rdma_vf_rail1,packet_seq_err,0
2026-09-30T06:15:03.814Z,gpu-3uwoq-6g3ya-2,ib_hw_counter,rdma_vf_rail1,local_ack_timeout_err,0
2026-09-30T06:15:03.814Z,gpu-3uwoq-6g3ya-2,ib_hw_counter,rdma_vf_rail1,rx_write_requests,7.05022e+08
2026-09-30T06:15:03.814Z,gpu-3uwoq-6g3ya-2,ib_hw_counter,rdma_vf_rail1,rx_read_requests,1.042e+07
2026-09-30T06:15:03.814Z,gpu-3uwoq-6g3ya-2,ib_hw_counter,rdma_vf_rail1,req_cqe_error,0
2026-09-30T06:15:03.814Z,gpu-3uwoq-6g3ya-2,ib_hw_counter,rdma_vf_rail1,resp_cqe_error,0
2026-09-30T06:15:03.814Z,gpu-3uwoq-6g3ya-2,ib_hw_counter,rdma_vf_rail1,implied_nak_seq_err,0
2026-09-30T06:15:03.814Z,gpu-3uwoq-6g3ya-2,ib_hw_counter,rdma_vf_rail1,duplicate_request,0
2026-09-30T06:15:03.814Z,gpu-3uwoq-6g3ya-2,ib_counter,rdma_vf_rail2,port_xmit_data,2.76181e+12
2026-09-30T06:15:03.814Z,gpu-3uwoq-6g3ya-2,ib_counter,rdma_vf_rail2,port_rcv_data,5.72057e+12
2026-09-30T06:15:03.814Z,gpu-3uwoq-6g3ya-2,ib_counter,rdma_vf_rail2,port_xmit_packets,9.4252e+08
2026-09-30T06:15:03.814Z,gpu-3uwoq-6g3ya-2,ib_counter,rdma_vf_rail2,port_rcv_packets,1.56133e+09
2026-09-30T06:15:03.814Z,gpu-3uwoq-6g3ya-2,ib_counter,rdma_vf_rail2,port_xmit_wait,0
2026-09-30T06:15:03.814Z,gpu-3uwoq-6g3ya-2,ib_counter,rdma_vf_rail2,port_rcv_errors,0
2026-09-30T06:15:03.814Z,gpu-3uwoq-6g3ya-2,ib_counter,rdma_vf_rail2,port_xmit_discards,0
2026-09-30T06:15:03.814Z,gpu-3uwoq-6g3ya-2,ib_counter,rdma_vf_rail2,link_downed,0
2026-09-30T06:15:03.814Z,gpu-3uwoq-6g3ya-2,ib_hw_counter,rdma_vf_rail2,out_of_sequence,0
2026-09-30T06:15:03.814Z,gpu-3uwoq-6g3ya-2,ib_hw_counter,rdma_vf_rail2,packet_seq_err,0
2026-09-30T06:15:03.814Z,gpu-3uwoq-6g3ya-2,ib_hw_counter,rdma_vf_rail2,local_ack_timeout_err,0
2026-09-30T06:15:03.814Z,gpu-3uwoq-6g3ya-2,ib_hw_counter,rdma_vf_rail2,rx_write_requests,7.05021e+08
2026-09-30T06:15:03.814Z,gpu-3uwoq-6g3ya-2,ib_hw_counter,rdma_vf_rail2,rx_read_requests,1.042e+07
2026-09-30T06:15:03.814Z,gpu-3uwoq-6g3ya-2,ib_hw_counter,rdma_vf_rail2,req_cqe_error,0
2026-09-30T06:15:03.814Z,gpu-3uwoq-6g3ya-2,ib_hw_counter,rdma_vf_rail2,resp_cqe_error,0
2026-09-30T06:15:03.814Z,gpu-3uwoq-6g3ya-2,ib_hw_counter,rdma_vf_rail2,implied_nak_seq_err,0
2026-09-30T06:15:03.814Z,gpu-3uwoq-6g3ya-2,ib_hw_counter,rdma_vf_rail2,duplicate_request,0
2026-09-30T06:15:03.814Z,gpu-3uwoq-6g3ya-2,ib_counter,rdma_vf_rail3,port_xmit_data,2.76167e+12
2026-09-30T06:15:03.814Z,gpu-3uwoq-6g3ya-2,ib_counter,rdma_vf_rail3,port_rcv_data,5.72118e+12
2026-09-30T06:15:03.814Z,gpu-3uwoq-6g3ya-2,ib_counter,rdma_vf_rail3,port_xmit_packets,9.40862e+08
2026-09-30T06:15:03.814Z,gpu-3uwoq-6g3ya-2,ib_counter,rdma_vf_rail3,port_rcv_packets,1.56875e+09
2026-09-30T06:15:03.814Z,gpu-3uwoq-6g3ya-2,ib_counter,rdma_vf_rail3,port_xmit_wait,0
2026-09-30T06:15:03.814Z,gpu-3uwoq-6g3ya-2,ib_counter,rdma_vf_rail3,port_rcv_errors,0
2026-09-30T06:15:03.814Z,gpu-3uwoq-6g3ya-2,ib_counter,rdma_vf_rail3,port_xmit_discards,0
2026-09-30T06:15:03.814Z,gpu-3uwoq-6g3ya-2,ib_counter,rdma_vf_rail3,link_downed,0
2026-09-30T06:15:03.814Z,gpu-3uwoq-6g3ya-2,ib_hw_counter,rdma_vf_rail3,out_of_sequence,0
2026-09-30T06:15:03.814Z,gpu-3uwoq-6g3ya-2,ib_hw_counter,rdma_vf_rail3,packet_seq_err,1
2026-09-30T06:15:03.814Z,gpu-3uwoq-6g3ya-2,ib_hw_counter,rdma_vf_rail3,local_ack_timeout_err,0
2026-09-30T06:15:03.814Z,gpu-3uwoq-6g3ya-2,ib_hw_counter,rdma_vf_rail3,rx_write_requests,7.05021e+08
2026-09-30T06:15:03.814Z,gpu-3uwoq-6g3ya-2,ib_hw_counter,rdma_vf_rail3,rx_read_requests,1.042e+07
2026-09-30T06:15:03.814Z,gpu-3uwoq-6g3ya-2,ib_hw_counter,rdma_vf_rail3,req_cqe_error,0
2026-09-30T06:15:03.814Z,gpu-3uwoq-6g3ya-2,ib_hw_counter,rdma_vf_rail3,resp_cqe_error,0
2026-09-30T06:15:03.814Z,gpu-3uwoq-6g3ya-2,ib_hw_counter,rdma_vf_rail3,implied_nak_seq_err,0
2026-09-30T06:15:03.814Z,gpu-3uwoq-6g3ya-2,ib_hw_counter,rdma_vf_rail3,duplicate_request,0
2026-09-30T06:15:03.814Z,gpu-3uwoq-6g3ya-2,dcgm,gpu2,gpu_util,0
2026-09-30T06:15:03.814Z,gpu-3uwoq-6g3ya-2,dcgm,gpu3,gpu_util,0
2026-09-30T06:15:03.814Z,gpu-3uwoq-6g3ya-2,dcgm,gpu1,gpu_util,0
2026-09-30T06:15:03.814Z,gpu-3uwoq-6g3ya-2,dcgm,gpu0,gpu_util,0
2026-09-30T06:15:03.814Z,gpu-3uwoq-6g3ya-2,dcgm,gpu2,nvlink_bandwidth_total,0
2026-09-30T06:15:03.814Z,gpu-3uwoq-6g3ya-2,dcgm,gpu3,nvlink_bandwidth_total,0
2026-09-30T06:15:03.814Z,gpu-3uwoq-6g3ya-2,dcgm,gpu1,nvlink_bandwidth_total,0
2026-09-30T06:15:03.814Z,gpu-3uwoq-6g3ya-2,dcgm,gpu0,nvlink_bandwidth_total,0
2026-09-30T06:15:03.814Z,gpu-3uwoq-6g3ya-2,dcgm,gpu2,power_w,231.067
2026-09-30T06:15:03.814Z,gpu-3uwoq-6g3ya-2,dcgm,gpu3,power_w,233.398
2026-09-30T06:15:03.814Z,gpu-3uwoq-6g3ya-2,dcgm,gpu1,power_w,230.007
2026-09-30T06:15:03.814Z,gpu-3uwoq-6g3ya-2,dcgm,gpu0,power_w,226.497
2026-09-30T06:15:03.814Z,gpu-3uwoq-6g3ya-2,dcgm,gpu2,sm_clock_mhz,2070
2026-09-30T06:15:03.814Z,gpu-3uwoq-6g3ya-2,dcgm,gpu3,sm_clock_mhz,2070
2026-09-30T06:15:03.814Z,gpu-3uwoq-6g3ya-2,dcgm,gpu1,sm_clock_mhz,2070
2026-09-30T06:15:03.814Z,gpu-3uwoq-6g3ya-2,dcgm,gpu0,sm_clock_mhz,2070
2026-09-30T06:15:03.814Z,gpu-3uwoq-6g3ya-2,dcgm,gpu2,dram_active,0
2026-09-30T06:15:03.814Z,gpu-3uwoq-6g3ya-2,dcgm,gpu3,dram_active,0
2026-09-30T06:15:03.814Z,gpu-3uwoq-6g3ya-2,dcgm,gpu1,dram_active,0
2026-09-30T06:15:03.814Z,gpu-3uwoq-6g3ya-2,dcgm,gpu0,dram_active,0
2026-09-30T06:15:03.814Z,gpu-3uwoq-6g3ya-2,dcgm,gpu2,pcie_rx_bytes,50935
2026-09-30T06:15:03.814Z,gpu-3uwoq-6g3ya-2,dcgm,gpu3,pcie_rx_bytes,47310
2026-09-30T06:15:03.814Z,gpu-3uwoq-6g3ya-2,dcgm,gpu1,pcie_rx_bytes,64080
2026-09-30T06:15:03.814Z,gpu-3uwoq-6g3ya-2,dcgm,gpu0,pcie_rx_bytes,55661
2026-09-30T06:15:03.814Z,gpu-3uwoq-6g3ya-2,dcgm,gpu2,pcie_tx_bytes,49778
2026-09-30T06:15:03.814Z,gpu-3uwoq-6g3ya-2,dcgm,gpu3,pcie_tx_bytes,46122
2026-09-30T06:15:03.814Z,gpu-3uwoq-6g3ya-2,dcgm,gpu1,pcie_tx_bytes,62906
2026-09-30T06:15:03.814Z,gpu-3uwoq-6g3ya-2,dcgm,gpu0,pcie_tx_bytes,54473
2026-09-30T06:15:03.814Z,gpu-3uwoq-6g3ya-2,dcgm,gpu2,tensor_active,0
2026-09-30T06:15:03.814Z,gpu-3uwoq-6g3ya-2,dcgm,gpu3,tensor_active,0
2026-09-30T06:15:03.814Z,gpu-3uwoq-6g3ya-2,dcgm,gpu1,tensor_active,0
2026-09-30T06:15:03.814Z,gpu-3uwoq-6g3ya-2,dcgm,gpu0,tensor_active,0
2026-09-30T06:15:03.814Z,gpu-3uwoq-6g3ya-2,dcgm,gpu2,sm_active,0
2026-09-30T06:15:03.814Z,gpu-3uwoq-6g3ya-2,dcgm,gpu3,sm_active,0
2026-09-30T06:15:03.814Z,gpu-3uwoq-6g3ya-2,dcgm,gpu1,sm_active,0
2026-09-30T06:15:03.814Z,gpu-3uwoq-6g3ya-2,dcgm,gpu0,sm_active,0
2026-09-30T06:15:03.814Z,gpu-3uwoq-6g3ya-2,nvlink,gpu0,nvlink_rx_bytes,4.66294e+13
2026-09-30T06:15:03.814Z,gpu-3uwoq-6g3ya-2,nvlink,gpu0,nvlink_tx_bytes,4.66299e+13
2026-09-30T06:15:03.814Z,gpu-3uwoq-6g3ya-2,nvlink,gpu1,nvlink_rx_bytes,4.66294e+13
2026-09-30T06:15:03.814Z,gpu-3uwoq-6g3ya-2,nvlink,gpu1,nvlink_tx_bytes,4.66297e+13
2026-09-30T06:15:03.814Z,gpu-3uwoq-6g3ya-2,nvlink,gpu2,nvlink_rx_bytes,4.66291e+13
2026-09-30T06:15:03.814Z,gpu-3uwoq-6g3ya-2,nvlink,gpu2,nvlink_tx_bytes,4.66294e+13
2026-09-30T06:15:03.814Z,gpu-3uwoq-6g3ya-2,nvlink,gpu3,nvlink_rx_bytes,4.66274e+13
2026-09-30T06:15:03.814Z,gpu-3uwoq-6g3ya-2,nvlink,gpu3,nvlink_tx_bytes,4.66275e+13
2026-09-30T06:15:04.814Z,gpu-3uwoq-6g3ya-2,ib_counter,rdma_vf_rail0,port_xmit_data,2.76329e+12
2026-09-30T06:15:04.814Z,gpu-3uwoq-6g3ya-2,ib_counter,rdma_vf_rail0,port_rcv_data,5.72235e+12
2026-09-30T06:15:04.814Z,gpu-3uwoq-6g3ya-2,ib_counter,rdma_vf_rail0,port_xmit_packets,9.5609e+08
2026-09-30T06:15:04.814Z,gpu-3uwoq-6g3ya-2,ib_counter,rdma_vf_rail0,port_rcv_packets,1.57821e+09
2026-09-30T06:15:04.814Z,gpu-3uwoq-6g3ya-2,ib_counter,rdma_vf_rail0,port_xmit_wait,0
2026-09-30T06:15:04.814Z,gpu-3uwoq-6g3ya-2,ib_counter,rdma_vf_rail0,port_rcv_errors,0
2026-09-30T06:15:04.814Z,gpu-3uwoq-6g3ya-2,ib_counter,rdma_vf_rail0,port_xmit_discards,0
2026-09-30T06:15:04.814Z,gpu-3uwoq-6g3ya-2,ib_counter,rdma_vf_rail0,link_downed,0
2026-09-30T06:15:04.814Z,gpu-3uwoq-6g3ya-2,ib_hw_counter,rdma_vf_rail0,out_of_sequence,0
2026-09-30T06:15:04.814Z,gpu-3uwoq-6g3ya-2,ib_hw_counter,rdma_vf_rail0,packet_seq_err,0
2026-09-30T06:15:04.814Z,gpu-3uwoq-6g3ya-2,ib_hw_counter,rdma_vf_rail0,local_ack_timeout_err,0
2026-09-30T06:15:04.814Z,gpu-3uwoq-6g3ya-2,ib_hw_counter,rdma_vf_rail0,rx_write_requests,7.05021e+08
2026-09-30T06:15:04.814Z,gpu-3uwoq-6g3ya-2,ib_hw_counter,rdma_vf_rail0,rx_read_requests,1.042e+07
2026-09-30T06:15:04.814Z,gpu-3uwoq-6g3ya-2,ib_hw_counter,rdma_vf_rail0,req_cqe_error,0
2026-09-30T06:15:04.814Z,gpu-3uwoq-6g3ya-2,ib_hw_counter,rdma_vf_rail0,resp_cqe_error,0
2026-09-30T06:15:04.814Z,gpu-3uwoq-6g3ya-2,ib_hw_counter,rdma_vf_rail0,implied_nak_seq_err,0
2026-09-30T06:15:04.814Z,gpu-3uwoq-6g3ya-2,ib_hw_counter,rdma_vf_rail0,duplicate_request,0
2026-09-30T06:15:04.814Z,gpu-3uwoq-6g3ya-2,ib_counter,rdma_vf_rail1,port_xmit_data,2.76263e+12
2026-09-30T06:15:04.814Z,gpu-3uwoq-6g3ya-2,ib_counter,rdma_vf_rail1,port_rcv_data,5.72189e+12
2026-09-30T06:15:04.814Z,gpu-3uwoq-6g3ya-2,ib_counter,rdma_vf_rail1,port_xmit_packets,9.52939e+08
2026-09-30T06:15:04.814Z,gpu-3uwoq-6g3ya-2,ib_counter,rdma_vf_rail1,port_rcv_packets,1.57742e+09
2026-09-30T06:15:04.814Z,gpu-3uwoq-6g3ya-2,ib_counter,rdma_vf_rail1,port_xmit_wait,0
2026-09-30T06:15:04.814Z,gpu-3uwoq-6g3ya-2,ib_counter,rdma_vf_rail1,port_rcv_errors,0
2026-09-30T06:15:04.814Z,gpu-3uwoq-6g3ya-2,ib_counter,rdma_vf_rail1,port_xmit_discards,0
2026-09-30T06:15:04.814Z,gpu-3uwoq-6g3ya-2,ib_counter,rdma_vf_rail1,link_downed,0
2026-09-30T06:15:04.814Z,gpu-3uwoq-6g3ya-2,ib_hw_counter,rdma_vf_rail1,out_of_sequence,0
2026-09-30T06:15:04.814Z,gpu-3uwoq-6g3ya-2,ib_hw_counter,rdma_vf_rail1,packet_seq_err,0
2026-09-30T06:15:04.814Z,gpu-3uwoq-6g3ya-2,ib_hw_counter,rdma_vf_rail1,local_ack_timeout_err,0
2026-09-30T06:15:04.814Z,gpu-3uwoq-6g3ya-2,ib_hw_counter,rdma_vf_rail1,rx_write_requests,7.05022e+08
2026-09-30T06:15:04.814Z,gpu-3uwoq-6g3ya-2,ib_hw_counter,rdma_vf_rail1,rx_read_requests,1.042e+07
2026-09-30T06:15:04.814Z,gpu-3uwoq-6g3ya-2,ib_hw_counter,rdma_vf_rail1,req_cqe_error,0
2026-09-30T06:15:04.814Z,gpu-3uwoq-6g3ya-2,ib_hw_counter,rdma_vf_rail1,resp_cqe_error,0
2026-09-30T06:15:04.814Z,gpu-3uwoq-6g3ya-2,ib_hw_counter,rdma_vf_rail1,implied_nak_seq_err,0
2026-09-30T06:15:04.814Z,gpu-3uwoq-6g3ya-2,ib_hw_counter,rdma_vf_rail1,duplicate_request,0
2026-09-30T06:15:04.814Z,gpu-3uwoq-6g3ya-2,ib_counter,rdma_vf_rail2,port_xmit_data,2.76181e+12
2026-09-30T06:15:04.814Z,gpu-3uwoq-6g3ya-2,ib_counter,rdma_vf_rail2,port_rcv_data,5.72057e+12
2026-09-30T06:15:04.814Z,gpu-3uwoq-6g3ya-2,ib_counter,rdma_vf_rail2,port_xmit_packets,9.4252e+08
2026-09-30T06:15:04.814Z,gpu-3uwoq-6g3ya-2,ib_counter,rdma_vf_rail2,port_rcv_packets,1.56133e+09
2026-09-30T06:15:04.814Z,gpu-3uwoq-6g3ya-2,ib_counter,rdma_vf_rail2,port_xmit_wait,0
2026-09-30T06:15:04.814Z,gpu-3uwoq-6g3ya-2,ib_counter,rdma_vf_rail2,port_rcv_errors,0
2026-09-30T06:15:04.814Z,gpu-3uwoq-6g3ya-2,ib_counter,rdma_vf_rail2,port_xmit_discards,0
2026-09-30T06:15:04.814Z,gpu-3uwoq-6g3ya-2,ib_counter,rdma_vf_rail2,link_downed,0
2026-09-30T06:15:04.814Z,gpu-3uwoq-6g3ya-2,ib_hw_counter,rdma_vf_rail2,out_of_sequence,0
2026-09-30T06:15:04.814Z,gpu-3uwoq-6g3ya-2,ib_hw_counter,rdma_vf_rail2,packet_seq_err,0
2026-09-30T06:15:04.814Z,gpu-3uwoq-6g3ya-2,ib_hw_counter,rdma_vf_rail2,local_ack_timeout_err,0
2026-09-30T06:15:04.814Z,gpu-3uwoq-6g3ya-2,ib_hw_counter,rdma_vf_rail2,rx_write_requests,7.05021e+08
2026-09-30T06:15:04.814Z,gpu-3uwoq-6g3ya-2,ib_hw_counter,rdma_vf_rail2,rx_read_requests,1.042e+07
2026-09-30T06:15:04.814Z,gpu-3uwoq-6g3ya-2,ib_hw_counter,rdma_vf_rail2,req_cqe_error,0
2026-09-30T06:15:04.814Z,gpu-3uwoq-6g3ya-2,ib_hw_counter,rdma_vf_rail2,resp_cqe_error,0
2026-09-30T06:15:04.814Z,gpu-3uwoq-6g3ya-2,ib_hw_counter,rdma_vf_rail2,implied_nak_seq_err,0
2026-09-30T06:15:04.814Z,gpu-3uwoq-6g3ya-2,ib_hw_counter,rdma_vf_rail2,duplicate_request,0
2026-09-30T06:15:04.814Z,gpu-3uwoq-6g3ya-2,ib_counter,rdma_vf_rail3,port_xmit_data,2.76167e+12
2026-09-30T06:15:04.814Z,gpu-3uwoq-6g3ya-2,ib_counter,rdma_vf_rail3,port_rcv_data,5.72118e+12
2026-09-30T06:15:04.814Z,gpu-3uwoq-6g3ya-2,ib_counter,rdma_vf_rail3,port_xmit_packets,9.40862e+08
2026-09-30T06:15:04.814Z,gpu-3uwoq-6g3ya-2,ib_counter,rdma_vf_rail3,port_rcv_packets,1.56875e+09
2026-09-30T06:15:04.814Z,gpu-3uwoq-6g3ya-2,ib_counter,rdma_vf_rail3,port_xmit_wait,0
2026-09-30T06:15:04.814Z,gpu-3uwoq-6g3ya-2,ib_counter,rdma_vf_rail3,port_rcv_errors,0
2026-09-30T06:15:04.814Z,gpu-3uwoq-6g3ya-2,ib_counter,rdma_vf_rail3,port_xmit_discards,0
2026-09-30T06:15:04.814Z,gpu-3uwoq-6g3ya-2,ib_counter,rdma_vf_rail3,link_downed,0
2026-09-30T06:15:04.814Z,gpu-3uwoq-6g3ya-2,ib_hw_counter,rdma_vf_rail3,out_of_sequence,0
2026-09-30T06:15:04.814Z,gpu-3uwoq-6g3ya-2,ib_hw_counter,rdma_vf_rail3,packet_seq_err,1
2026-09-30T06:15:04.814Z,gpu-3uwoq-6g3ya-2,ib_hw_counter,rdma_vf_rail3,local_ack_timeout_err,0
2026-09-30T06:15:04.814Z,gpu-3uwoq-6g3ya-2,ib_hw_counter,rdma_vf_rail3,rx_write_requests,7.05021e+08
2026-09-30T06:15:04.814Z,gpu-3uwoq-6g3ya-2,ib_hw_counter,rdma_vf_rail3,rx_read_requests,1.042e+07
2026-09-30T06:15:04.814Z,gpu-3uwoq-6g3ya-2,ib_hw_counter,rdma_vf_rail3,req_cqe_error,0
2026-09-30T06:15:04.814Z,gpu-3uwoq-6g3ya-2,ib_hw_counter,rdma_vf_rail3,resp_cqe_error,0
2026-09-30T06:15:04.814Z,gpu-3uwoq-6g3ya-2,ib_hw_counter,rdma_vf_rail3,implied_nak_seq_err,0
2026-09-30T06:15:04.814Z,gpu-3uwoq-6g3ya-2,ib_hw_counter,rdma_vf_rail3,duplicate_request,0
2026-09-30T06:15:04.814Z,gpu-3uwoq-6g3ya-2,dcgm,gpu2,gpu_util,0
2026-09-30T06:15:04.814Z,gpu-3uwoq-6g3ya-2,dcgm,gpu3,gpu_util,0
2026-09-30T06:15:04.814Z,gpu-3uwoq-6g3ya-2,dcgm,gpu1,gpu_util,0
2026-09-30T06:15:04.814Z,gpu-3uwoq-6g3ya-2,dcgm,gpu0,gpu_util,0
2026-09-30T06:15:04.814Z,gpu-3uwoq-6g3ya-2,dcgm,gpu2,nvlink_bandwidth_total,0
2026-09-30T06:15:04.814Z,gpu-3uwoq-6g3ya-2,dcgm,gpu3,nvlink_bandwidth_total,0
2026-09-30T06:15:04.814Z,gpu-3uwoq-6g3ya-2,dcgm,gpu1,nvlink_bandwidth_total,0
2026-09-30T06:15:04.814Z,gpu-3uwoq-6g3ya-2,dcgm,gpu0,nvlink_bandwidth_total,0
2026-09-30T06:15:04.814Z,gpu-3uwoq-6g3ya-2,dcgm,gpu2,power_w,231.067
2026-09-30T06:15:04.814Z,gpu-3uwoq-6g3ya-2,dcgm,gpu3,power_w,233.398
2026-09-30T06:15:04.814Z,gpu-3uwoq-6g3ya-2,dcgm,gpu1,power_w,230.007
2026-09-30T06:15:04.814Z,gpu-3uwoq-6g3ya-2,dcgm,gpu0,power_w,226.497
2026-09-30T06:15:04.814Z,gpu-3uwoq-6g3ya-2,dcgm,gpu2,sm_clock_mhz,2070
2026-09-30T06:15:04.814Z,gpu-3uwoq-6g3ya-2,dcgm,gpu3,sm_clock_mhz,2070
2026-09-30T06:15:04.814Z,gpu-3uwoq-6g3ya-2,dcgm,gpu1,sm_clock_mhz,2070
2026-09-30T06:15:04.814Z,gpu-3uwoq-6g3ya-2,dcgm,gpu0,sm_clock_mhz,2070
2026-09-30T06:15:04.814Z,gpu-3uwoq-6g3ya-2,dcgm,gpu2,dram_active,0
2026-09-30T06:15:04.814Z,gpu-3uwoq-6g3ya-2,dcgm,gpu3,dram_active,0
2026-09-30T06:15:04.814Z,gpu-3uwoq-6g3ya-2,dcgm,gpu1,dram_active,0
2026-09-30T06:15:04.814Z,gpu-3uwoq-6g3ya-2,dcgm,gpu0,dram_active,0
2026-09-30T06:15:04.814Z,gpu-3uwoq-6g3ya-2,dcgm,gpu2,pcie_rx_bytes,50935
2026-09-30T06:15:04.814Z,gpu-3uwoq-6g3ya-2,dcgm,gpu3,pcie_rx_bytes,47310
2026-09-30T06:15:04.814Z,gpu-3uwoq-6g3ya-2,dcgm,gpu1,pcie_rx_bytes,64080
2026-09-30T06:15:04.814Z,gpu-3uwoq-6g3ya-2,dcgm,gpu0,pcie_rx_bytes,55661
2026-09-30T06:15:04.814Z,gpu-3uwoq-6g3ya-2,dcgm,gpu2,pcie_tx_bytes,49778
2026-09-30T06:15:04.814Z,gpu-3uwoq-6g3ya-2,dcgm,gpu3,pcie_tx_bytes,46122
2026-09-30T06:15:04.814Z,gpu-3uwoq-6g3ya-2,dcgm,gpu1,pcie_tx_bytes,62906
2026-09-30T06:15:04.814Z,gpu-3uwoq-6g3ya-2,dcgm,gpu0,pcie_tx_bytes,54473
2026-09-30T06:15:04.814Z,gpu-3uwoq-6g3ya-2,dcgm,gpu2,tensor_active,0
2026-09-30T06:15:04.814Z,gpu-3uwoq-6g3ya-2,dcgm,gpu3,tensor_active,0
2026-09-30T06:15:04.814Z,gpu-3uwoq-6g3ya-2,dcgm,gpu1,tensor_active,0
2026-09-30T06:15:04.814Z,gpu-3uwoq-6g3ya-2,dcgm,gpu0,tensor_active,0
2026-09-30T06:15:04.814Z,gpu-3uwoq-6g3ya-2,dcgm,gpu2,sm_active,0
2026-09-30T06:15:04.814Z,gpu-3uwoq-6g3ya-2,dcgm,gpu3,sm_active,0
2026-09-30T06:15:04.814Z,gpu-3uwoq-6g3ya-2,dcgm,gpu1,sm_active,0
2026-09-30T06:15:04.814Z,gpu-3uwoq-6g3ya-2,dcgm,gpu0,sm_active,0
2026-09-30T06:15:04.814Z,gpu-3uwoq-6g3ya-2,nvlink,gpu0,nvlink_rx_bytes,4.66294e+13
2026-09-30T06:15:04.814Z,gpu-3uwoq-6g3ya-2,nvlink,gpu0,nvlink_tx_bytes,4.66299e+13
2026-09-30T06:15:04.814Z,gpu-3uwoq-6g3ya-2,nvlink,gpu1,nvlink_rx_bytes,4.66294e+13
2026-09-30T06:15:04.814Z,gpu-3uwoq-6g3ya-2,nvlink,gpu1,nvlink_tx_bytes,4.66297e+13
2026-09-30T06:15:04.814Z,gpu-3uwoq-6g3ya-2,nvlink,gpu2,nvlink_rx_bytes,4.66291e+13
2026-09-30T06:15:04.814Z,gpu-3uwoq-6g3ya-2,nvlink,gpu2,nvlink_tx_bytes,4.66294e+13
2026-09-30T06:15:04.814Z,gpu-3uwoq-6g3ya-2,nvlink,gpu3,nvlink_rx_bytes,4.66274e+13
2026-09-30T06:15:04.814Z,gpu-3uwoq-6g3ya-2,nvlink,gpu3,nvlink_tx_bytes,4.66275e+13
2026-09-30T06:15:05.814Z,gpu-3uwoq-6g3ya-2,ib_counter,rdma_vf_rail0,port_xmit_data,2.76329e+12
2026-09-30T06:15:05.814Z,gpu-3uwoq-6g3ya-2,ib_counter,rdma_vf_rail0,port_rcv_data,5.72235e+12
2026-09-30T06:15:05.814Z,gpu-3uwoq-6g3ya-2,ib_counter,rdma_vf_rail0,port_xmit_packets,9.5609e+08
2026-09-30T06:15:05.814Z,gpu-3uwoq-6g3ya-2,ib_counter,rdma_vf_rail0,port_rcv_packets,1.57821e+09
2026-09-30T06:15:05.814Z,gpu-3uwoq-6g3ya-2,ib_counter,rdma_vf_rail0,port_xmit_wait,0
2026-09-30T06:15:05.814Z,gpu-3uwoq-6g3ya-2,ib_counter,rdma_vf_rail0,port_rcv_errors,0
2026-09-30T06:15:05.814Z,gpu-3uwoq-6g3ya-2,ib_counter,rdma_vf_rail0,port_xmit_discards,0
2026-09-30T06:15:05.814Z,gpu-3uwoq-6g3ya-2,ib_counter,rdma_vf_rail0,link_downed,0
2026-09-30T06:15:05.814Z,gpu-3uwoq-6g3ya-2,ib_hw_counter,rdma_vf_rail0,out_of_sequence,0
2026-09-30T06:15:05.814Z,gpu-3uwoq-6g3ya-2,ib_hw_counter,rdma_vf_rail0,packet_seq_err,0
2026-09-30T06:15:05.814Z,gpu-3uwoq-6g3ya-2,ib_hw_counter,rdma_vf_rail0,local_ack_timeout_err,0
2026-09-30T06:15:05.814Z,gpu-3uwoq-6g3ya-2,ib_hw_counter,rdma_vf_rail0,rx_write_requests,7.05021e+08
2026-09-30T06:15:05.814Z,gpu-3uwoq-6g3ya-2,ib_hw_counter,rdma_vf_rail0,rx_read_requests,1.042e+07
2026-09-30T06:15:05.814Z,gpu-3uwoq-6g3ya-2,ib_hw_counter,rdma_vf_rail0,req_cqe_error,0
2026-09-30T06:15:05.814Z,gpu-3uwoq-6g3ya-2,ib_hw_counter,rdma_vf_rail0,resp_cqe_error,0
2026-09-30T06:15:05.814Z,gpu-3uwoq-6g3ya-2,ib_hw_counter,rdma_vf_rail0,implied_nak_seq_err,0
2026-09-30T06:15:05.814Z,gpu-3uwoq-6g3ya-2,ib_hw_counter,rdma_vf_rail0,duplicate_request,0
2026-09-30T06:15:05.814Z,gpu-3uwoq-6g3ya-2,ib_counter,rdma_vf_rail1,port_xmit_data,2.76263e+12
2026-09-30T06:15:05.814Z,gpu-3uwoq-6g3ya-2,ib_counter,rdma_vf_rail1,port_rcv_data,5.72189e+12
2026-09-30T06:15:05.814Z,gpu-3uwoq-6g3ya-2,ib_counter,rdma_vf_rail1,port_xmit_packets,9.52939e+08
2026-09-30T06:15:05.814Z,gpu-3uwoq-6g3ya-2,ib_counter,rdma_vf_rail1,port_rcv_packets,1.57742e+09
2026-09-30T06:15:05.814Z,gpu-3uwoq-6g3ya-2,ib_counter,rdma_vf_rail1,port_xmit_wait,0
2026-09-30T06:15:05.814Z,gpu-3uwoq-6g3ya-2,ib_counter,rdma_vf_rail1,port_rcv_errors,0
2026-09-30T06:15:05.814Z,gpu-3uwoq-6g3ya-2,ib_counter,rdma_vf_rail1,port_xmit_discards,0
2026-09-30T06:15:05.814Z,gpu-3uwoq-6g3ya-2,ib_counter,rdma_vf_rail1,link_downed,0
2026-09-30T06:15:05.814Z,gpu-3uwoq-6g3ya-2,ib_hw_counter,rdma_vf_rail1,out_of_sequence,0
2026-09-30T06:15:05.814Z,gpu-3uwoq-6g3ya-2,ib_hw_counter,rdma_vf_rail1,packet_seq_err,0
2026-09-30T06:15:05.814Z,gpu-3uwoq-6g3ya-2,ib_hw_counter,rdma_vf_rail1,local_ack_timeout_err,0
2026-09-30T06:15:05.814Z,gpu-3uwoq-6g3ya-2,ib_hw_counter,rdma_vf_rail1,rx_write_requests,7.05022e+08
2026-09-30T06:15:05.814Z,gpu-3uwoq-6g3ya-2,ib_hw_counter,rdma_vf_rail1,rx_read_requests,1.042e+07
2026-09-30T06:15:05.814Z,gpu-3uwoq-6g3ya-2,ib_hw_counter,rdma_vf_rail1,req_cqe_error,0
2026-09-30T06:15:05.814Z,gpu-3uwoq-6g3ya-2,ib_hw_counter,rdma_vf_rail1,resp_cqe_error,0
2026-09-30T06:15:05.814Z,gpu-3uwoq-6g3ya-2,ib_hw_counter,rdma_vf_rail1,implied_nak_seq_err,0
2026-09-30T06:15:05.814Z,gpu-3uwoq-6g3ya-2,ib_hw_counter,rdma_vf_rail1,duplicate_request,0
2026-09-30T06:15:05.814Z,gpu-3uwoq-6g3ya-2,ib_counter,rdma_vf_rail2,port_xmit_data,2.76181e+12
2026-09-30T06:15:05.814Z,gpu-3uwoq-6g3ya-2,ib_counter,rdma_vf_rail2,port_rcv_data,5.72057e+12
2026-09-30T06:15:05.814Z,gpu-3uwoq-6g3ya-2,ib_counter,rdma_vf_rail2,port_xmit_packets,9.4252e+08
2026-09-30T06:15:05.814Z,gpu-3uwoq-6g3ya-2,ib_counter,rdma_vf_rail2,port_rcv_packets,1.56133e+09
2026-09-30T06:15:05.814Z,gpu-3uwoq-6g3ya-2,ib_counter,rdma_vf_rail2,port_xmit_wait,0
2026-09-30T06:15:05.814Z,gpu-3uwoq-6g3ya-2,ib_counter,rdma_vf_rail2,port_rcv_errors,0
2026-09-30T06:15:05.814Z,gpu-3uwoq-6g3ya-2,ib_counter,rdma_vf_rail2,port_xmit_discards,0
2026-09-30T06:15:05.814Z,gpu-3uwoq-6g3ya-2,ib_counter,rdma_vf_rail2,link_downed,0
2026-09-30T06:15:05.814Z,gpu-3uwoq-6g3ya-2,ib_hw_counter,rdma_vf_rail2,out_of_sequence,0
2026-09-30T06:15:05.814Z,gpu-3uwoq-6g3ya-2,ib_hw_counter,rdma_vf_rail2,packet_seq_err,0
2026-09-30T06:15:05.814Z,gpu-3uwoq-6g3ya-2,ib_hw_counter,rdma_vf_rail2,local_ack_timeout_err,0
2026-09-30T06:15:05.814Z,gpu-3uwoq-6g3ya-2,ib_hw_counter,rdma_vf_rail2,rx_write_requests,7.05021e+08
2026-09-30T06:15:05.814Z,gpu-3uwoq-6g3ya-2,ib_hw_counter,rdma_vf_rail2,rx_read_requests,1.042e+07
2026-09-30T06:15:05.814Z,gpu-3uwoq-6g3ya-2,ib_hw_counter,rdma_vf_rail2,req_cqe_error,0
2026-09-30T06:15:05.814Z,gpu-3uwoq-6g3ya-2,ib_hw_counter,rdma_vf_rail2,resp_cqe_error,0
2026-09-30T06:15:05.814Z,gpu-3uwoq-6g3ya-2,ib_hw_counter,rdma_vf_rail2,implied_nak_seq_err,0
2026-09-30T06:15:05.814Z,gpu-3uwoq-6g3ya-2,ib_hw_counter,rdma_vf_rail2,duplicate_request,0
2026-09-30T06:15:05.814Z,gpu-3uwoq-6g3ya-2,ib_counter,rdma_vf_rail3,port_xmit_data,2.76167e+12
2026-09-30T06:15:05.814Z,gpu-3uwoq-6g3ya-2,ib_counter,rdma_vf_rail3,port_rcv_data,5.72118e+12
2026-09-30T06:15:05.814Z,gpu-3uwoq-6g3ya-2,ib_counter,rdma_vf_rail3,port_xmit_packets,9.40862e+08
2026-09-30T06:15:05.814Z,gpu-3uwoq-6g3ya-2,ib_counter,rdma_vf_rail3,port_rcv_packets,1.56875e+09
2026-09-30T06:15:05.814Z,gpu-3uwoq-6g3ya-2,ib_counter,rdma_vf_rail3,port_xmit_wait,0
2026-09-30T06:15:05.814Z,gpu-3uwoq-6g3ya-2,ib_counter,rdma_vf_rail3,port_rcv_errors,0
2026-09-30T06:15:05.814Z,gpu-3uwoq-6g3ya-2,ib_counter,rdma_vf_rail3,port_xmit_discards,0
2026-09-30T06:15:05.814Z,gpu-3uwoq-6g3ya-2,ib_counter,rdma_vf_rail3,link_downed,0
2026-09-30T06:15:05.814Z,gpu-3uwoq-6g3ya-2,ib_hw_counter,rdma_vf_rail3,out_of_sequence,0
2026-09-30T06:15:05.814Z,gpu-3uwoq-6g3ya-2,ib_hw_counter,rdma_vf_rail3,packet_seq_err,1
2026-09-30T06:15:05.814Z,gpu-3uwoq-6g3ya-2,ib_hw_counter,rdma_vf_rail3,local_ack_timeout_err,0
2026-09-30T06:15:05.814Z,gpu-3uwoq-6g3ya-2,ib_hw_counter,rdma_vf_rail3,rx_write_requests,7.05021e+08
2026-09-30T06:15:05.814Z,gpu-3uwoq-6g3ya-2,ib_hw_counter,rdma_vf_rail3,rx_read_requests,1.042e+07
2026-09-30T06:15:05.814Z,gpu-3uwoq-6g3ya-2,ib_hw_counter,rdma_vf_rail3,req_cqe_error,0
2026-09-30T06:15:05.814Z,gpu-3uwoq-6g3ya-2,ib_hw_counter,rdma_vf_rail3,resp_cqe_error,0
2026-09-30T06:15:05.814Z,gpu-3uwoq-6g3ya-2,ib_hw_counter,rdma_vf_rail3,implied_nak_seq_err,0
2026-09-30T06:15:05.814Z,gpu-3uwoq-6g3ya-2,ib_hw_counter,rdma_vf_rail3,duplicate_request,0
2026-09-30T06:15:05.814Z,gpu-3uwoq-6g3ya-2,dcgm,gpu2,gpu_util,0
2026-09-30T06:15:05.814Z,gpu-3uwoq-6g3ya-2,dcgm,gpu3,gpu_util,0
2026-09-30T06:15:05.814Z,gpu-3uwoq-6g3ya-2,dcgm,gpu1,gpu_util,0
2026-09-30T06:15:05.814Z,gpu-3uwoq-6g3ya-2,dcgm,gpu0,gpu_util,0
2026-09-30T06:15:05.814Z,gpu-3uwoq-6g3ya-2,dcgm,gpu2,nvlink_bandwidth_total,0
2026-09-30T06:15:05.814Z,gpu-3uwoq-6g3ya-2,dcgm,gpu3,nvlink_bandwidth_total,0
2026-09-30T06:15:05.814Z,gpu-3uwoq-6g3ya-2,dcgm,gpu1,nvlink_bandwidth_total,0
2026-09-30T06:15:05.814Z,gpu-3uwoq-6g3ya-2,dcgm,gpu0,nvlink_bandwidth_total,0
2026-09-30T06:15:05.814Z,gpu-3uwoq-6g3ya-2,dcgm,gpu2,power_w,231.067
2026-09-30T06:15:05.814Z,gpu-3uwoq-6g3ya-2,dcgm,gpu3,power_w,233.398
2026-09-30T06:15:05.814Z,gpu-3uwoq-6g3ya-2,dcgm,gpu1,power_w,230.007
2026-09-30T06:15:05.814Z,gpu-3uwoq-6g3ya-2,dcgm,gpu0,power_w,226.497
2026-09-30T06:15:05.814Z,gpu-3uwoq-6g3ya-2,dcgm,gpu2,sm_clock_mhz,2070
2026-09-30T06:15:05.814Z,gpu-3uwoq-6g3ya-2,dcgm,gpu3,sm_clock_mhz,2070
2026-09-30T06:15:05.814Z,gpu-3uwoq-6g3ya-2,dcgm,gpu1,sm_clock_mhz,2070
2026-09-30T06:15:05.814Z,gpu-3uwoq-6g3ya-2,dcgm,gpu0,sm_clock_mhz,2070
2026-09-30T06:15:05.814Z,gpu-3uwoq-6g3ya-2,dcgm,gpu2,dram_active,0
2026-09-30T06:15:05.814Z,gpu-3uwoq-6g3ya-2,dcgm,gpu3,dram_active,0
2026-09-30T06:15:05.814Z,gpu-3uwoq-6g3ya-2,dcgm,gpu1,dram_active,0
2026-09-30T06:15:05.814Z,gpu-3uwoq-6g3ya-2,dcgm,gpu0,dram_active,0
2026-09-30T06:15:05.814Z,gpu-3uwoq-6g3ya-2,dcgm,gpu2,pcie_rx_bytes,50935
2026-09-30T06:15:05.814Z,gpu-3uwoq-6g3ya-2,dcgm,gpu3,pcie_rx_bytes,47310
2026-09-30T06:15:05.814Z,gpu-3uwoq-6g3ya-2,dcgm,gpu1,pcie_rx_bytes,64080
2026-09-30T06:15:05.814Z,gpu-3uwoq-6g3ya-2,dcgm,gpu0,pcie_rx_bytes,55661
2026-09-30T06:15:05.814Z,gpu-3uwoq-6g3ya-2,dcgm,gpu2,pcie_tx_bytes,49778
2026-09-30T06:15:05.814Z,gpu-3uwoq-6g3ya-2,dcgm,gpu3,pcie_tx_bytes,46122
2026-09-30T06:15:05.814Z,gpu-3uwoq-6g3ya-2,dcgm,gpu1,pcie_tx_bytes,62906
2026-09-30T06:15:05.814Z,gpu-3uwoq-6g3ya-2,dcgm,gpu0,pcie_tx_bytes,54473
2026-09-30T06:15:05.814Z,gpu-3uwoq-6g3ya-2,dcgm,gpu2,tensor_active,0
2026-09-30T06:15:05.814Z,gpu-3uwoq-6g3ya-2,dcgm,gpu3,tensor_active,0
2026-09-30T06:15:05.814Z,gpu-3uwoq-6g3ya-2,dcgm,gpu1,tensor_active,0
2026-09-30T06:15:05.814Z,gpu-3uwoq-6g3ya-2,dcgm,gpu0,tensor_active,0
2026-09-30T06:15:05.814Z,gpu-3uwoq-6g3ya-2,dcgm,gpu2,sm_active,0
2026-09-30T06:15:05.814Z,gpu-3uwoq-6g3ya-2,dcgm,gpu3,sm_active,0
2026-09-30T06:15:05.814Z,gpu-3uwoq-6g3ya-2,dcgm,gpu1,sm_active,0
2026-09-30T06:15:05.814Z,gpu-3uwoq-6g3ya-2,dcgm,gpu0,sm_active,0
2026-09-30T06:15:05.814Z,gpu-3uwoq-6g3ya-2,nvlink,gpu0,nvlink_rx_bytes,4.66294e+13
2026-09-30T06:15:05.814Z,gpu-3uwoq-6g3ya-2,nvlink,gpu0,nvlink_tx_bytes,4.66299e+13
2026-09-30T06:15:05.814Z,gpu-3uwoq-6g3ya-2,nvlink,gpu1,nvlink_rx_bytes,4.66294e+13
2026-09-30T06:15:05.814Z,gpu-3uwoq-6g3ya-2,nvlink,gpu1,nvlink_tx_bytes,4.66297e+13
2026-09-30T06:15:05.814Z,gpu-3uwoq-6g3ya-2,nvlink,gpu2,nvlink_rx_bytes,4.66291e+13
2026-09-30T06:15:05.814Z,gpu-3uwoq-6g3ya-2,nvlink,gpu2,nvlink_tx_bytes,4.66294e+13
2026-09-30T06:15:05.814Z,gpu-3uwoq-6g3ya-2,nvlink,gpu3,nvlink_rx_bytes,4.66274e+13
2026-09-30T06:15:05.814Z,gpu-3uwoq-6g3ya-2,nvlink,gpu3,nvlink_tx_bytes,4.66275e+13
2026-09-30T06:15:06.814Z,gpu-3uwoq-6g3ya-2,ib_counter,rdma_vf_rail0,port_xmit_data,2.76329e+12
2026-09-30T06:15:06.814Z,gpu-3uwoq-6g3ya-2,ib_counter,rdma_vf_rail0,port_rcv_data,5.72235e+12
2026-09-30T06:15:06.814Z,gpu-3uwoq-6g3ya-2,ib_counter,rdma_vf_rail0,port_xmit_packets,9.5609e+08
2026-09-30T06:15:06.814Z,gpu-3uwoq-6g3ya-2,ib_counter,rdma_vf_rail0,port_rcv_packets,1.57821e+09
2026-09-30T06:15:06.814Z,gpu-3uwoq-6g3ya-2,ib_counter,rdma_vf_rail0,port_xmit_wait,0
2026-09-30T06:15:06.814Z,gpu-3uwoq-6g3ya-2,ib_counter,rdma_vf_rail0,port_rcv_errors,0
2026-09-30T06:15:06.814Z,gpu-3uwoq-6g3ya-2,ib_counter,rdma_vf_rail0,port_xmit_discards,0
2026-09-30T06:15:06.814Z,gpu-3uwoq-6g3ya-2,ib_counter,rdma_vf_rail0,link_downed,0
2026-09-30T06:15:06.814Z,gpu-3uwoq-6g3ya-2,ib_hw_counter,rdma_vf_rail0,out_of_sequence,0
2026-09-30T06:15:06.814Z,gpu-3uwoq-6g3ya-2,ib_hw_counter,rdma_vf_rail0,packet_seq_err,0
2026-09-30T06:15:06.814Z,gpu-3uwoq-6g3ya-2,ib_hw_counter,rdma_vf_rail0,local_ack_timeout_err,0
2026-09-30T06:15:06.814Z,gpu-3uwoq-6g3ya-2,ib_hw_counter,rdma_vf_rail0,rx_write_requests,7.05021e+08
2026-09-30T06:15:06.814Z,gpu-3uwoq-6g3ya-2,ib_hw_counter,rdma_vf_rail0,rx_read_requests,1.042e+07
2026-09-30T06:15:06.814Z,gpu-3uwoq-6g3ya-2,ib_hw_counter,rdma_vf_rail0,req_cqe_error,0
2026-09-30T06:15:06.814Z,gpu-3uwoq-6g3ya-2,ib_hw_counter,rdma_vf_rail0,resp_cqe_error,0
2026-09-30T06:15:06.814Z,gpu-3uwoq-6g3ya-2,ib_hw_counter,rdma_vf_rail0,implied_nak_seq_err,0
2026-09-30T06:15:06.814Z,gpu-3uwoq-6g3ya-2,ib_hw_counter,rdma_vf_rail0,duplicate_request,0
2026-09-30T06:15:06.814Z,gpu-3uwoq-6g3ya-2,ib_counter,rdma_vf_rail1,port_xmit_data,2.76263e+12
2026-09-30T06:15:06.814Z,gpu-3uwoq-6g3ya-2,ib_counter,rdma_vf_rail1,port_rcv_data,5.72189e+12
2026-09-30T06:15:06.814Z,gpu-3uwoq-6g3ya-2,ib_counter,rdma_vf_rail1,port_xmit_packets,9.52939e+08
2026-09-30T06:15:06.814Z,gpu-3uwoq-6g3ya-2,ib_counter,rdma_vf_rail1,port_rcv_packets,1.57742e+09
2026-09-30T06:15:06.814Z,gpu-3uwoq-6g3ya-2,ib_counter,rdma_vf_rail1,port_xmit_wait,0
2026-09-30T06:15:06.814Z,gpu-3uwoq-6g3ya-2,ib_counter,rdma_vf_rail1,port_rcv_errors,0
2026-09-30T06:15:06.814Z,gpu-3uwoq-6g3ya-2,ib_counter,rdma_vf_rail1,port_xmit_discards,0
2026-09-30T06:15:06.814Z,gpu-3uwoq-6g3ya-2,ib_counter,rdma_vf_rail1,link_downed,0
2026-09-30T06:15:06.814Z,gpu-3uwoq-6g3ya-2,ib_hw_counter,rdma_vf_rail1,out_of_sequence,0
2026-09-30T06:15:06.814Z,gpu-3uwoq-6g3ya-2,ib_hw_counter,rdma_vf_rail1,packet_seq_err,0
2026-09-30T06:15:06.814Z,gpu-3uwoq-6g3ya-2,ib_hw_counter,rdma_vf_rail1,local_ack_timeout_err,0
2026-09-30T06:15:06.814Z,gpu-3uwoq-6g3ya-2,ib_hw_counter,rdma_vf_rail1,rx_write_requests,7.05022e+08
2026-09-30T06:15:06.814Z,gpu-3uwoq-6g3ya-2,ib_hw_counter,rdma_vf_rail1,rx_read_requests,1.042e+07
2026-09-30T06:15:06.814Z,gpu-3uwoq-6g3ya-2,ib_hw_counter,rdma_vf_rail1,req_cqe_error,0
2026-09-30T06:15:06.814Z,gpu-3uwoq-6g3ya-2,ib_hw_counter,rdma_vf_rail1,resp_cqe_error,0
2026-09-30T06:15:06.814Z,gpu-3uwoq-6g3ya-2,ib_hw_counter,rdma_vf_rail1,implied_nak_seq_err,0
2026-09-30T06:15:06.814Z,gpu-3uwoq-6g3ya-2,ib_hw_counter,rdma_vf_rail1,duplicate_request,0
2026-09-30T06:15:06.814Z,gpu-3uwoq-6g3ya-2,ib_counter,rdma_vf_rail2,port_xmit_data,2.76181e+12
2026-09-30T06:15:06.814Z,gpu-3uwoq-6g3ya-2,ib_counter,rdma_vf_rail2,port_rcv_data,5.72057e+12
2026-09-30T06:15:06.814Z,gpu-3uwoq-6g3ya-2,ib_counter,rdma_vf_rail2,port_xmit_packets,9.4252e+08
2026-09-30T06:15:06.814Z,gpu-3uwoq-6g3ya-2,ib_counter,rdma_vf_rail2,port_rcv_packets,1.56133e+09
2026-09-30T06:15:06.814Z,gpu-3uwoq-6g3ya-2,ib_counter,rdma_vf_rail2,port_xmit_wait,0
2026-09-30T06:15:06.814Z,gpu-3uwoq-6g3ya-2,ib_counter,rdma_vf_rail2,port_rcv_errors,0
2026-09-30T06:15:06.814Z,gpu-3uwoq-6g3ya-2,ib_counter,rdma_vf_rail2,port_xmit_discards,0
2026-09-30T06:15:06.814Z,gpu-3uwoq-6g3ya-2,ib_counter,rdma_vf_rail2,link_downed,0
2026-09-30T06:15:06.814Z,gpu-3uwoq-6g3ya-2,ib_hw_counter,rdma_vf_rail2,out_of_sequence,0
2026-09-30T06:15:06.814Z,gpu-3uwoq-6g3ya-2,ib_hw_counter,rdma_vf_rail2,packet_seq_err,0
2026-09-30T06:15:06.814Z,gpu-3uwoq-6g3ya-2,ib_hw_counter,rdma_vf_rail2,local_ack_timeout_err,0
2026-09-30T06:15:06.814Z,gpu-3uwoq-6g3ya-2,ib_hw_counter,rdma_vf_rail2,rx_write_requests,7.05021e+08
2026-09-30T06:15:06.814Z,gpu-3uwoq-6g3ya-2,ib_hw_counter,rdma_vf_rail2,rx_read_requests,1.042e+07
2026-09-30T06:15:06.814Z,gpu-3uwoq-6g3ya-2,ib_hw_counter,rdma_vf_rail2,req_cqe_error,0
2026-09-30T06:15:06.814Z,gpu-3uwoq-6g3ya-2,ib_hw_counter,rdma_vf_rail2,resp_cqe_error,0
2026-09-30T06:15:06.814Z,gpu-3uwoq-6g3ya-2,ib_hw_counter,rdma_vf_rail2,implied_nak_seq_err,0
2026-09-30T06:15:06.814Z,gpu-3uwoq-6g3ya-2,ib_hw_counter,rdma_vf_rail2,duplicate_request,0
2026-09-30T06:15:06.814Z,gpu-3uwoq-6g3ya-2,ib_counter,rdma_vf_rail3,port_xmit_data,2.76167e+12
2026-09-30T06:15:06.814Z,gpu-3uwoq-6g3ya-2,ib_counter,rdma_vf_rail3,port_rcv_data,5.72118e+12
2026-09-30T06:15:06.814Z,gpu-3uwoq-6g3ya-2,ib_counter,rdma_vf_rail3,port_xmit_packets,9.40862e+08
2026-09-30T06:15:06.814Z,gpu-3uwoq-6g3ya-2,ib_counter,rdma_vf_rail3,port_rcv_packets,1.56875e+09
2026-09-30T06:15:06.814Z,gpu-3uwoq-6g3ya-2,ib_counter,rdma_vf_rail3,port_xmit_wait,0
2026-09-30T06:15:06.814Z,gpu-3uwoq-6g3ya-2,ib_counter,rdma_vf_rail3,port_rcv_errors,0
2026-09-30T06:15:06.814Z,gpu-3uwoq-6g3ya-2,ib_counter,rdma_vf_rail3,port_xmit_discards,0
2026-09-30T06:15:06.814Z,gpu-3uwoq-6g3ya-2,ib_counter,rdma_vf_rail3,link_downed,0
2026-09-30T06:15:06.814Z,gpu-3uwoq-6g3ya-2,ib_hw_counter,rdma_vf_rail3,out_of_sequence,0
2026-09-30T06:15:06.814Z,gpu-3uwoq-6g3ya-2,ib_hw_counter,rdma_vf_rail3,packet_seq_err,1
2026-09-30T06:15:06.814Z,gpu-3uwoq-6g3ya-2,ib_hw_counter,rdma_vf_rail3,local_ack_timeout_err,0
2026-09-30T06:15:06.814Z,gpu-3uwoq-6g3ya-2,ib_hw_counter,rdma_vf_rail3,rx_write_requests,7.05021e+08
2026-09-30T06:15:06.814Z,gpu-3uwoq-6g3ya-2,ib_hw_counter,rdma_vf_rail3,rx_read_requests,1.042e+07
2026-09-30T06:15:06.814Z,gpu-3uwoq-6g3ya-2,ib_hw_counter,rdma_vf_rail3,req_cqe_error,0
2026-09-30T06:15:06.814Z,gpu-3uwoq-6g3ya-2,ib_hw_counter,rdma_vf_rail3,resp_cqe_error,0
2026-09-30T06:15:06.814Z,gpu-3uwoq-6g3ya-2,ib_hw_counter,rdma_vf_rail3,implied_nak_seq_err,0
2026-09-30T06:15:06.814Z,gpu-3uwoq-6g3ya-2,ib_hw_counter,rdma_vf_rail3,duplicate_request,0
2026-09-30T06:15:06.814Z,gpu-3uwoq-6g3ya-2,dcgm,gpu2,gpu_util,0
2026-09-30T06:15:06.814Z,gpu-3uwoq-6g3ya-2,dcgm,gpu3,gpu_util,0
2026-09-30T06:15:06.814Z,gpu-3uwoq-6g3ya-2,dcgm,gpu1,gpu_util,0
2026-09-30T06:15:06.814Z,gpu-3uwoq-6g3ya-2,dcgm,gpu0,gpu_util,0
2026-09-30T06:15:06.814Z,gpu-3uwoq-6g3ya-2,dcgm,gpu2,nvlink_bandwidth_total,0
2026-09-30T06:15:06.814Z,gpu-3uwoq-6g3ya-2,dcgm,gpu3,nvlink_bandwidth_total,0
2026-09-30T06:15:06.814Z,gpu-3uwoq-6g3ya-2,dcgm,gpu1,nvlink_bandwidth_total,0
2026-09-30T06:15:06.814Z,gpu-3uwoq-6g3ya-2,dcgm,gpu0,nvlink_bandwidth_total,0
2026-09-30T06:15:06.814Z,gpu-3uwoq-6g3ya-2,dcgm,gpu2,power_w,231.067
2026-09-30T06:15:06.814Z,gpu-3uwoq-6g3ya-2,dcgm,gpu3,power_w,233.398
2026-09-30T06:15:06.814Z,gpu-3uwoq-6g3ya-2,dcgm,gpu1,power_w,230.007
2026-09-30T06:15:06.814Z,gpu-3uwoq-6g3ya-2,dcgm,gpu0,power_w,226.497
2026-09-30T06:15:06.814Z,gpu-3uwoq-6g3ya-2,dcgm,gpu2,sm_clock_mhz,2070
2026-09-30T06:15:06.814Z,gpu-3uwoq-6g3ya-2,dcgm,gpu3,sm_clock_mhz,2070
2026-09-30T06:15:06.814Z,gpu-3uwoq-6g3ya-2,dcgm,gpu1,sm_clock_mhz,2070
2026-09-30T06:15:06.814Z,gpu-3uwoq-6g3ya-2,dcgm,gpu0,sm_clock_mhz,2070
2026-09-30T06:15:06.814Z,gpu-3uwoq-6g3ya-2,dcgm,gpu2,dram_active,0
2026-09-30T06:15:06.814Z,gpu-3uwoq-6g3ya-2,dcgm,gpu3,dram_active,0
2026-09-30T06:15:06.814Z,gpu-3uwoq-6g3ya-2,dcgm,gpu1,dram_active,0
2026-09-30T06:15:06.814Z,gpu-3uwoq-6g3ya-2,dcgm,gpu0,dram_active,0
2026-09-30T06:15:06.814Z,gpu-3uwoq-6g3ya-2,dcgm,gpu2,pcie_rx_bytes,50935
2026-09-30T06:15:06.814Z,gpu-3uwoq-6g3ya-2,dcgm,gpu3,pcie_rx_bytes,47310
2026-09-30T06:15:06.814Z,gpu-3uwoq-6g3ya-2,dcgm,gpu1,pcie_rx_bytes,64080
2026-09-30T06:15:06.814Z,gpu-3uwoq-6g3ya-2,dcgm,gpu0,pcie_rx_bytes,55661
2026-09-30T06:15:06.814Z,gpu-3uwoq-6g3ya-2,dcgm,gpu2,pcie_tx_bytes,49778
2026-09-30T06:15:06.814Z,gpu-3uwoq-6g3ya-2,dcgm,gpu3,pcie_tx_bytes,46122
2026-09-30T06:15:06.814Z,gpu-3uwoq-6g3ya-2,dcgm,gpu1,pcie_tx_bytes,62906
2026-09-30T06:15:06.814Z,gpu-3uwoq-6g3ya-2,dcgm,gpu0,pcie_tx_bytes,54473
2026-09-30T06:15:06.814Z,gpu-3uwoq-6g3ya-2,dcgm,gpu2,tensor_active,0
2026-09-30T06:15:06.814Z,gpu-3uwoq-6g3ya-2,dcgm,gpu3,tensor_active,0
2026-09-30T06:15:06.814Z,gpu-3uwoq-6g3ya-2,dcgm,gpu1,tensor_active,0
2026-09-30T06:15:06.814Z,gpu-3uwoq-6g3ya-2,dcgm,gpu0,tensor_active,0
2026-09-30T06:15:06.814Z,gpu-3uwoq-6g3ya-2,dcgm,gpu2,sm_active,0
2026-09-30T06:15:06.814Z,gpu-3uwoq-6g3ya-2,dcgm,gpu3,sm_active,0
2026-09-30T06:15:06.814Z,gpu-3uwoq-6g3ya-2,dcgm,gpu1,sm_active,0
2026-09-30T06:15:06.814Z,gpu-3uwoq-6g3ya-2,dcgm,gpu0,sm_active,0
2026-09-30T06:15:06.814Z,gpu-3uwoq-6g3ya-2,nvlink,gpu0,nvlink_rx_bytes,4.66294e+13
2026-09-30T06:15:06.814Z,gpu-3uwoq-6g3ya-2,nvlink,gpu0,nvlink_tx_bytes,4.66299e+13
2026-09-30T06:15:06.814Z,gpu-3uwoq-6g3ya-2,nvlink,gpu1,nvlink_rx_bytes,4.66294e+13
2026-09-30T06:15:06.814Z,gpu-3uwoq-6g3ya-2,nvlink,gpu1,nvlink_tx_bytes,4.66297e+13
2026-09-30T06:15:06.814Z,gpu-3uwoq-6g3ya-2,nvlink,gpu2,nvlink_rx_bytes,4.66291e+13
2026-09-30T06:15:06.814Z,gpu-3uwoq-6g3ya-2,nvlink,gpu2,nvlink_tx_bytes,4.66294e+13
2026-09-30T06:15:06.814Z,gpu-3uwoq-6g3ya-2,nvlink,gpu3,nvlink_rx_bytes,4.66274e+13
2026-09-30T06:15:06.814Z,gpu-3uwoq-6g3ya-2,nvlink,gpu3,nvlink_tx_bytes,4.66275e+13
2026-09-30T06:15:07.814Z,gpu-3uwoq-6g3ya-2,ib_counter,rdma_vf_rail0,port_xmit_data,2.76329e+12
2026-09-30T06:15:07.814Z,gpu-3uwoq-6g3ya-2,ib_counter,rdma_vf_rail0,port_rcv_data,5.72235e+12
2026-09-30T06:15:07.814Z,gpu-3uwoq-6g3ya-2,ib_counter,rdma_vf_rail0,port_xmit_packets,9.5609e+08
2026-09-30T06:15:07.814Z,gpu-3uwoq-6g3ya-2,ib_counter,rdma_vf_rail0,port_rcv_packets,1.57821e+09
2026-09-30T06:15:07.814Z,gpu-3uwoq-6g3ya-2,ib_counter,rdma_vf_rail0,port_xmit_wait,0
2026-09-30T06:15:07.814Z,gpu-3uwoq-6g3ya-2,ib_counter,rdma_vf_rail0,port_rcv_errors,0
2026-09-30T06:15:07.814Z,gpu-3uwoq-6g3ya-2,ib_counter,rdma_vf_rail0,port_xmit_discards,0
2026-09-30T06:15:07.814Z,gpu-3uwoq-6g3ya-2,ib_counter,rdma_vf_rail0,link_downed,0
2026-09-30T06:15:07.814Z,gpu-3uwoq-6g3ya-2,ib_hw_counter,rdma_vf_rail0,out_of_sequence,0
2026-09-30T06:15:07.814Z,gpu-3uwoq-6g3ya-2,ib_hw_counter,rdma_vf_rail0,packet_seq_err,0
2026-09-30T06:15:07.814Z,gpu-3uwoq-6g3ya-2,ib_hw_counter,rdma_vf_rail0,local_ack_timeout_err,0
2026-09-30T06:15:07.814Z,gpu-3uwoq-6g3ya-2,ib_hw_counter,rdma_vf_rail0,rx_write_requests,7.05021e+08
2026-09-30T06:15:07.814Z,gpu-3uwoq-6g3ya-2,ib_hw_counter,rdma_vf_rail0,rx_read_requests,1.042e+07
2026-09-30T06:15:07.814Z,gpu-3uwoq-6g3ya-2,ib_hw_counter,rdma_vf_rail0,req_cqe_error,0
2026-09-30T06:15:07.814Z,gpu-3uwoq-6g3ya-2,ib_hw_counter,rdma_vf_rail0,resp_cqe_error,0
2026-09-30T06:15:07.814Z,gpu-3uwoq-6g3ya-2,ib_hw_counter,rdma_vf_rail0,implied_nak_seq_err,0
2026-09-30T06:15:07.814Z,gpu-3uwoq-6g3ya-2,ib_hw_counter,rdma_vf_rail0,duplicate_request,0
2026-09-30T06:15:07.814Z,gpu-3uwoq-6g3ya-2,ib_counter,rdma_vf_rail1,port_xmit_data,2.76263e+12
2026-09-30T06:15:07.814Z,gpu-3uwoq-6g3ya-2,ib_counter,rdma_vf_rail1,port_rcv_data,5.72189e+12
2026-09-30T06:15:07.814Z,gpu-3uwoq-6g3ya-2,ib_counter,rdma_vf_rail1,port_xmit_packets,9.52939e+08
2026-09-30T06:15:07.814Z,gpu-3uwoq-6g3ya-2,ib_counter,rdma_vf_rail1,port_rcv_packets,1.57742e+09
2026-09-30T06:15:07.814Z,gpu-3uwoq-6g3ya-2,ib_counter,rdma_vf_rail1,port_xmit_wait,0
2026-09-30T06:15:07.814Z,gpu-3uwoq-6g3ya-2,ib_counter,rdma_vf_rail1,port_rcv_errors,0
2026-09-30T06:15:07.814Z,gpu-3uwoq-6g3ya-2,ib_counter,rdma_vf_rail1,port_xmit_discards,0
2026-09-30T06:15:07.814Z,gpu-3uwoq-6g3ya-2,ib_counter,rdma_vf_rail1,link_downed,0
2026-09-30T06:15:07.814Z,gpu-3uwoq-6g3ya-2,ib_hw_counter,rdma_vf_rail1,out_of_sequence,0
2026-09-30T06:15:07.814Z,gpu-3uwoq-6g3ya-2,ib_hw_counter,rdma_vf_rail1,packet_seq_err,0
2026-09-30T06:15:07.814Z,gpu-3uwoq-6g3ya-2,ib_hw_counter,rdma_vf_rail1,local_ack_timeout_err,0
2026-09-30T06:15:07.814Z,gpu-3uwoq-6g3ya-2,ib_hw_counter,rdma_vf_rail1,rx_write_requests,7.05022e+08
2026-09-30T06:15:07.814Z,gpu-3uwoq-6g3ya-2,ib_hw_counter,rdma_vf_rail1,rx_read_requests,1.042e+07
2026-09-30T06:15:07.814Z,gpu-3uwoq-6g3ya-2,ib_hw_counter,rdma_vf_rail1,req_cqe_error,0
2026-09-30T06:15:07.814Z,gpu-3uwoq-6g3ya-2,ib_hw_counter,rdma_vf_rail1,resp_cqe_error,0
2026-09-30T06:15:07.814Z,gpu-3uwoq-6g3ya-2,ib_hw_counter,rdma_vf_rail1,implied_nak_seq_err,0
2026-09-30T06:15:07.814Z,gpu-3uwoq-6g3ya-2,ib_hw_counter,rdma_vf_rail1,duplicate_request,0
2026-09-30T06:15:07.814Z,gpu-3uwoq-6g3ya-2,ib_counter,rdma_vf_rail2,port_xmit_data,2.76181e+12
2026-09-30T06:15:07.814Z,gpu-3uwoq-6g3ya-2,ib_counter,rdma_vf_rail2,port_rcv_data,5.72057e+12
2026-09-30T06:15:07.814Z,gpu-3uwoq-6g3ya-2,ib_counter,rdma_vf_rail2,port_xmit_packets,9.4252e+08
2026-09-30T06:15:07.814Z,gpu-3uwoq-6g3ya-2,ib_counter,rdma_vf_rail2,port_rcv_packets,1.56133e+09
2026-09-30T06:15:07.814Z,gpu-3uwoq-6g3ya-2,ib_counter,rdma_vf_rail2,port_xmit_wait,0
2026-09-30T06:15:07.814Z,gpu-3uwoq-6g3ya-2,ib_counter,rdma_vf_rail2,port_rcv_errors,0
2026-09-30T06:15:07.814Z,gpu-3uwoq-6g3ya-2,ib_counter,rdma_vf_rail2,port_xmit_discards,0
2026-09-30T06:15:07.814Z,gpu-3uwoq-6g3ya-2,ib_counter,rdma_vf_rail2,link_downed,0
2026-09-30T06:15:07.814Z,gpu-3uwoq-6g3ya-2,ib_hw_counter,rdma_vf_rail2,out_of_sequence,0
2026-09-30T06:15:07.814Z,gpu-3uwoq-6g3ya-2,ib_hw_counter,rdma_vf_rail2,packet_seq_err,0
2026-09-30T06:15:07.814Z,gpu-3uwoq-6g3ya-2,ib_hw_counter,rdma_vf_rail2,local_ack_timeout_err,0
2026-09-30T06:15:07.814Z,gpu-3uwoq-6g3ya-2,ib_hw_counter,rdma_vf_rail2,rx_write_requests,7.05021e+08
2026-09-30T06:15:07.814Z,gpu-3uwoq-6g3ya-2,ib_hw_counter,rdma_vf_rail2,rx_read_requests,1.042e+07
2026-09-30T06:15:07.814Z,gpu-3uwoq-6g3ya-2,ib_hw_counter,rdma_vf_rail2,req_cqe_error,0
2026-09-30T06:15:07.814Z,gpu-3uwoq-6g3ya-2,ib_hw_counter,rdma_vf_rail2,resp_cqe_error,0
2026-09-30T06:15:07.814Z,gpu-3uwoq-6g3ya-2,ib_hw_counter,rdma_vf_rail2,implied_nak_seq_err,0
2026-09-30T06:15:07.814Z,gpu-3uwoq-6g3ya-2,ib_hw_counter,rdma_vf_rail2,duplicate_request,0
2026-09-30T06:15:07.814Z,gpu-3uwoq-6g3ya-2,ib_counter,rdma_vf_rail3,port_xmit_data,2.76167e+12
2026-09-30T06:15:07.814Z,gpu-3uwoq-6g3ya-2,ib_counter,rdma_vf_rail3,port_rcv_data,5.72118e+12
2026-09-30T06:15:07.814Z,gpu-3uwoq-6g3ya-2,ib_counter,rdma_vf_rail3,port_xmit_packets,9.40862e+08
2026-09-30T06:15:07.814Z,gpu-3uwoq-6g3ya-2,ib_counter,rdma_vf_rail3,port_rcv_packets,1.56875e+09
2026-09-30T06:15:07.814Z,gpu-3uwoq-6g3ya-2,ib_counter,rdma_vf_rail3,port_xmit_wait,0
2026-09-30T06:15:07.814Z,gpu-3uwoq-6g3ya-2,ib_counter,rdma_vf_rail3,port_rcv_errors,0
2026-09-30T06:15:07.814Z,gpu-3uwoq-6g3ya-2,ib_counter,rdma_vf_rail3,port_xmit_discards,0
2026-09-30T06:15:07.814Z,gpu-3uwoq-6g3ya-2,ib_counter,rdma_vf_rail3,link_downed,0
2026-09-30T06:15:07.814Z,gpu-3uwoq-6g3ya-2,ib_hw_counter,rdma_vf_rail3,out_of_sequence,0
2026-09-30T06:15:07.814Z,gpu-3uwoq-6g3ya-2,ib_hw_counter,rdma_vf_rail3,packet_seq_err,1
2026-09-30T06:15:07.814Z,gpu-3uwoq-6g3ya-2,ib_hw_counter,rdma_vf_rail3,local_ack_timeout_err,0
2026-09-30T06:15:07.814Z,gpu-3uwoq-6g3ya-2,ib_hw_counter,rdma_vf_rail3,rx_write_requests,7.05021e+08
2026-09-30T06:15:07.814Z,gpu-3uwoq-6g3ya-2,ib_hw_counter,rdma_vf_rail3,rx_read_requests,1.042e+07
2026-09-30T06:15:07.814Z,gpu-3uwoq-6g3ya-2,ib_hw_counter,rdma_vf_rail3,req_cqe_error,0
2026-09-30T06:15:07.814Z,gpu-3uwoq-6g3ya-2,ib_hw_counter,rdma_vf_rail3,resp_cqe_error,0
2026-09-30T06:15:07.814Z,gpu-3uwoq-6g3ya-2,ib_hw_counter,rdma_vf_rail3,implied_nak_seq_err,0
2026-09-30T06:15:07.814Z,gpu-3uwoq-6g3ya-2,ib_hw_counter,rdma_vf_rail3,duplicate_request,0
2026-09-30T06:15:07.814Z,gpu-3uwoq-6g3ya-2,dcgm,gpu2,gpu_util,0
2026-09-30T06:15:07.814Z,gpu-3uwoq-6g3ya-2,dcgm,gpu3,gpu_util,0
2026-09-30T06:15:07.814Z,gpu-3uwoq-6g3ya-2,dcgm,gpu1,gpu_util,0
2026-09-30T06:15:07.814Z,gpu-3uwoq-6g3ya-2,dcgm,gpu0,gpu_util,0
2026-09-30T06:15:07.814Z,gpu-3uwoq-6g3ya-2,dcgm,gpu2,nvlink_bandwidth_total,0
2026-09-30T06:15:07.814Z,gpu-3uwoq-6g3ya-2,dcgm,gpu3,nvlink_bandwidth_total,0
2026-09-30T06:15:07.814Z,gpu-3uwoq-6g3ya-2,dcgm,gpu1,nvlink_bandwidth_total,0
2026-09-30T06:15:07.814Z,gpu-3uwoq-6g3ya-2,dcgm,gpu0,nvlink_bandwidth_total,0
2026-09-30T06:15:07.814Z,gpu-3uwoq-6g3ya-2,dcgm,gpu2,power_w,231.067
2026-09-30T06:15:07.814Z,gpu-3uwoq-6g3ya-2,dcgm,gpu3,power_w,233.398
2026-09-30T06:15:07.814Z,gpu-3uwoq-6g3ya-2,dcgm,gpu1,power_w,230.007
2026-09-30T06:15:07.814Z,gpu-3uwoq-6g3ya-2,dcgm,gpu0,power_w,226.497
2026-09-30T06:15:07.814Z,gpu-3uwoq-6g3ya-2,dcgm,gpu2,sm_clock_mhz,2070
2026-09-30T06:15:07.814Z,gpu-3uwoq-6g3ya-2,dcgm,gpu3,sm_clock_mhz,2070
2026-09-30T06:15:07.814Z,gpu-3uwoq-6g3ya-2,dcgm,gpu1,sm_clock_mhz,2070
2026-09-30T06:15:07.814Z,gpu-3uwoq-6g3ya-2,dcgm,gpu0,sm_clock_mhz,2070
2026-09-30T06:15:07.814Z,gpu-3uwoq-6g3ya-2,dcgm,gpu2,dram_active,0
2026-09-30T06:15:07.814Z,gpu-3uwoq-6g3ya-2,dcgm,gpu3,dram_active,0
2026-09-30T06:15:07.814Z,gpu-3uwoq-6g3ya-2,dcgm,gpu1,dram_active,0
2026-09-30T06:15:07.814Z,gpu-3uwoq-6g3ya-2,dcgm,gpu0,dram_active,0
2026-09-30T06:15:07.814Z,gpu-3uwoq-6g3ya-2,dcgm,gpu2,pcie_rx_bytes,50935
2026-09-30T06:15:07.814Z,gpu-3uwoq-6g3ya-2,dcgm,gpu3,pcie_rx_bytes,47310
2026-09-30T06:15:07.814Z,gpu-3uwoq-6g3ya-2,dcgm,gpu1,pcie_rx_bytes,64080
2026-09-30T06:15:07.814Z,gpu-3uwoq-6g3ya-2,dcgm,gpu0,pcie_rx_bytes,55661
2026-09-30T06:15:07.814Z,gpu-3uwoq-6g3ya-2,dcgm,gpu2,pcie_tx_bytes,49778
2026-09-30T06:15:07.814Z,gpu-3uwoq-6g3ya-2,dcgm,gpu3,pcie_tx_bytes,46122
2026-09-30T06:15:07.814Z,gpu-3uwoq-6g3ya-2,dcgm,gpu1,pcie_tx_bytes,62906
2026-09-30T06:15:07.814Z,gpu-3uwoq-6g3ya-2,dcgm,gpu0,pcie_tx_bytes,54473
2026-09-30T06:15:07.814Z,gpu-3uwoq-6g3ya-2,dcgm,gpu2,tensor_active,0
2026-09-30T06:15:07.814Z,gpu-3uwoq-6g3ya-2,dcgm,gpu3,tensor_active,0
2026-09-30T06:15:07.814Z,gpu-3uwoq-6g3ya-2,dcgm,gpu1,tensor_active,0
2026-09-30T06:15:07.814Z,gpu-3uwoq-6g3ya-2,dcgm,gpu0,tensor_active,0
2026-09-30T06:15:07.814Z,gpu-3uwoq-6g3ya-2,dcgm,gpu2,sm_active,0
2026-09-30T06:15:07.814Z,gpu-3uwoq-6g3ya-2,dcgm,gpu3,sm_active,0
2026-09-30T06:15:07.814Z,gpu-3uwoq-6g3ya-2,dcgm,gpu1,sm_active,0
2026-09-30T06:15:07.814Z,gpu-3uwoq-6g3ya-2,dcgm,gpu0,sm_active,0
2026-09-30T06:15:07.814Z,gpu-3uwoq-6g3ya-2,nvlink,gpu0,nvlink_rx_bytes,4.66294e+13
2026-09-30T06:15:07.814Z,gpu-3uwoq-6g3ya-2,nvlink,gpu0,nvlink_tx_bytes,4.66299e+13
2026-09-30T06:15:07.814Z,gpu-3uwoq-6g3ya-2,nvlink,gpu1,nvlink_rx_bytes,4.66294e+13
2026-09-30T06:15:07.814Z,gpu-3uwoq-6g3ya-2,nvlink,gpu1,nvlink_tx_bytes,4.66297e+13
2026-09-30T06:15:07.814Z,gpu-3uwoq-6g3ya-2,nvlink,gpu2,nvlink_rx_bytes,4.66291e+13
2026-09-30T06:15:07.814Z,gpu-3uwoq-6g3ya-2,nvlink,gpu2,nvlink_tx_bytes,4.66294e+13
2026-09-30T06:15:07.814Z,gpu-3uwoq-6g3ya-2,nvlink,gpu3,nvlink_rx_bytes,4.66274e+13
2026-09-30T06:15:07.814Z,gpu-3uwoq-6g3ya-2,nvlink,gpu3,nvlink_tx_bytes,4.66275e+13
2026-09-30T06:15:08.814Z,gpu-3uwoq-6g3ya-2,ib_counter,rdma_vf_rail0,port_xmit_data,2.76329e+12
2026-09-30T06:15:08.814Z,gpu-3uwoq-6g3ya-2,ib_counter,rdma_vf_rail0,port_rcv_data,5.72235e+12
2026-09-30T06:15:08.814Z,gpu-3uwoq-6g3ya-2,ib_counter,rdma_vf_rail0,port_xmit_packets,9.5609e+08
2026-09-30T06:15:08.814Z,gpu-3uwoq-6g3ya-2,ib_counter,rdma_vf_rail0,port_rcv_packets,1.57821e+09
2026-09-30T06:15:08.814Z,gpu-3uwoq-6g3ya-2,ib_counter,rdma_vf_rail0,port_xmit_wait,0
2026-09-30T06:15:08.814Z,gpu-3uwoq-6g3ya-2,ib_counter,rdma_vf_rail0,port_rcv_errors,0
2026-09-30T06:15:08.814Z,gpu-3uwoq-6g3ya-2,ib_counter,rdma_vf_rail0,port_xmit_discards,0
2026-09-30T06:15:08.814Z,gpu-3uwoq-6g3ya-2,ib_counter,rdma_vf_rail0,link_downed,0
2026-09-30T06:15:08.814Z,gpu-3uwoq-6g3ya-2,ib_hw_counter,rdma_vf_rail0,out_of_sequence,0
2026-09-30T06:15:08.814Z,gpu-3uwoq-6g3ya-2,ib_hw_counter,rdma_vf_rail0,packet_seq_err,0
2026-09-30T06:15:08.814Z,gpu-3uwoq-6g3ya-2,ib_hw_counter,rdma_vf_rail0,local_ack_timeout_err,0
2026-09-30T06:15:08.814Z,gpu-3uwoq-6g3ya-2,ib_hw_counter,rdma_vf_rail0,rx_write_requests,7.05021e+08
2026-09-30T06:15:08.814Z,gpu-3uwoq-6g3ya-2,ib_hw_counter,rdma_vf_rail0,rx_read_requests,1.042e+07
2026-09-30T06:15:08.814Z,gpu-3uwoq-6g3ya-2,ib_hw_counter,rdma_vf_rail0,req_cqe_error,0
2026-09-30T06:15:08.814Z,gpu-3uwoq-6g3ya-2,ib_hw_counter,rdma_vf_rail0,resp_cqe_error,0
2026-09-30T06:15:08.814Z,gpu-3uwoq-6g3ya-2,ib_hw_counter,rdma_vf_rail0,implied_nak_seq_err,0
2026-09-30T06:15:08.814Z,gpu-3uwoq-6g3ya-2,ib_hw_counter,rdma_vf_rail0,duplicate_request,0
2026-09-30T06:15:08.814Z,gpu-3uwoq-6g3ya-2,ib_counter,rdma_vf_rail1,port_xmit_data,2.76263e+12
2026-09-30T06:15:08.814Z,gpu-3uwoq-6g3ya-2,ib_counter,rdma_vf_rail1,port_rcv_data,5.72189e+12
2026-09-30T06:15:08.814Z,gpu-3uwoq-6g3ya-2,ib_counter,rdma_vf_rail1,port_xmit_packets,9.52939e+08
2026-09-30T06:15:08.814Z,gpu-3uwoq-6g3ya-2,ib_counter,rdma_vf_rail1,port_rcv_packets,1.57742e+09
2026-09-30T06:15:08.814Z,gpu-3uwoq-6g3ya-2,ib_counter,rdma_vf_rail1,port_xmit_wait,0
2026-09-30T06:15:08.814Z,gpu-3uwoq-6g3ya-2,ib_counter,rdma_vf_rail1,port_rcv_errors,0
2026-09-30T06:15:08.814Z,gpu-3uwoq-6g3ya-2,ib_counter,rdma_vf_rail1,port_xmit_discards,0
2026-09-30T06:15:08.814Z,gpu-3uwoq-6g3ya-2,ib_counter,rdma_vf_rail1,link_downed,0
2026-09-30T06:15:08.814Z,gpu-3uwoq-6g3ya-2,ib_hw_counter,rdma_vf_rail1,out_of_sequence,0
2026-09-30T06:15:08.814Z,gpu-3uwoq-6g3ya-2,ib_hw_counter,rdma_vf_rail1,packet_seq_err,0
2026-09-30T06:15:08.814Z,gpu-3uwoq-6g3ya-2,ib_hw_counter,rdma_vf_rail1,local_ack_timeout_err,0
2026-09-30T06:15:08.814Z,gpu-3uwoq-6g3ya-2,ib_hw_counter,rdma_vf_rail1,rx_write_requests,7.05022e+08
2026-09-30T06:15:08.814Z,gpu-3uwoq-6g3ya-2,ib_hw_counter,rdma_vf_rail1,rx_read_requests,1.042e+07
2026-09-30T06:15:08.814Z,gpu-3uwoq-6g3ya-2,ib_hw_counter,rdma_vf_rail1,req_cqe_error,0
2026-09-30T06:15:08.814Z,gpu-3uwoq-6g3ya-2,ib_hw_counter,rdma_vf_rail1,resp_cqe_error,0
2026-09-30T06:15:08.814Z,gpu-3uwoq-6g3ya-2,ib_hw_counter,rdma_vf_rail1,implied_nak_seq_err,0
2026-09-30T06:15:08.814Z,gpu-3uwoq-6g3ya-2,ib_hw_counter,rdma_vf_rail1,duplicate_request,0
2026-09-30T06:15:08.814Z,gpu-3uwoq-6g3ya-2,ib_counter,rdma_vf_rail2,port_xmit_data,2.76181e+12
2026-09-30T06:15:08.814Z,gpu-3uwoq-6g3ya-2,ib_counter,rdma_vf_rail2,port_rcv_data,5.72057e+12
2026-09-30T06:15:08.814Z,gpu-3uwoq-6g3ya-2,ib_counter,rdma_vf_rail2,port_xmit_packets,9.4252e+08
2026-09-30T06:15:08.814Z,gpu-3uwoq-6g3ya-2,ib_counter,rdma_vf_rail2,port_rcv_packets,1.56133e+09
2026-09-30T06:15:08.814Z,gpu-3uwoq-6g3ya-2,ib_counter,rdma_vf_rail2,port_xmit_wait,0
2026-09-30T06:15:08.814Z,gpu-3uwoq-6g3ya-2,ib_counter,rdma_vf_rail2,port_rcv_errors,0
2026-09-30T06:15:08.814Z,gpu-3uwoq-6g3ya-2,ib_counter,rdma_vf_rail2,port_xmit_discards,0
2026-09-30T06:15:08.814Z,gpu-3uwoq-6g3ya-2,ib_counter,rdma_vf_rail2,link_downed,0
2026-09-30T06:15:08.814Z,gpu-3uwoq-6g3ya-2,ib_hw_counter,rdma_vf_rail2,out_of_sequence,0
2026-09-30T06:15:08.814Z,gpu-3uwoq-6g3ya-2,ib_hw_counter,rdma_vf_rail2,packet_seq_err,0
2026-09-30T06:15:08.814Z,gpu-3uwoq-6g3ya-2,ib_hw_counter,rdma_vf_rail2,local_ack_timeout_err,0
2026-09-30T06:15:08.814Z,gpu-3uwoq-6g3ya-2,ib_hw_counter,rdma_vf_rail2,rx_write_requests,7.05021e+08
2026-09-30T06:15:08.814Z,gpu-3uwoq-6g3ya-2,ib_hw_counter,rdma_vf_rail2,rx_read_requests,1.042e+07
2026-09-30T06:15:08.814Z,gpu-3uwoq-6g3ya-2,ib_hw_counter,rdma_vf_rail2,req_cqe_error,0
2026-09-30T06:15:08.814Z,gpu-3uwoq-6g3ya-2,ib_hw_counter,rdma_vf_rail2,resp_cqe_error,0
2026-09-30T06:15:08.814Z,gpu-3uwoq-6g3ya-2,ib_hw_counter,rdma_vf_rail2,implied_nak_seq_err,0
2026-09-30T06:15:08.814Z,gpu-3uwoq-6g3ya-2,ib_hw_counter,rdma_vf_rail2,duplicate_request,0
2026-09-30T06:15:08.814Z,gpu-3uwoq-6g3ya-2,ib_counter,rdma_vf_rail3,port_xmit_data,2.76167e+12
2026-09-30T06:15:08.814Z,gpu-3uwoq-6g3ya-2,ib_counter,rdma_vf_rail3,port_rcv_data,5.72118e+12
2026-09-30T06:15:08.814Z,gpu-3uwoq-6g3ya-2,ib_counter,rdma_vf_rail3,port_xmit_packets,9.40862e+08
2026-09-30T06:15:08.814Z,gpu-3uwoq-6g3ya-2,ib_counter,rdma_vf_rail3,port_rcv_packets,1.56875e+09
2026-09-30T06:15:08.814Z,gpu-3uwoq-6g3ya-2,ib_counter,rdma_vf_rail3,port_xmit_wait,0
2026-09-30T06:15:08.814Z,gpu-3uwoq-6g3ya-2,ib_counter,rdma_vf_rail3,port_rcv_errors,0
2026-09-30T06:15:08.814Z,gpu-3uwoq-6g3ya-2,ib_counter,rdma_vf_rail3,port_xmit_discards,0
2026-09-30T06:15:08.814Z,gpu-3uwoq-6g3ya-2,ib_counter,rdma_vf_rail3,link_downed,0
2026-09-30T06:15:08.814Z,gpu-3uwoq-6g3ya-2,ib_hw_counter,rdma_vf_rail3,out_of_sequence,0
2026-09-30T06:15:08.814Z,gpu-3uwoq-6g3ya-2,ib_hw_counter,rdma_vf_rail3,packet_seq_err,1
2026-09-30T06:15:08.814Z,gpu-3uwoq-6g3ya-2,ib_hw_counter,rdma_vf_rail3,local_ack_timeout_err,0
2026-09-30T06:15:08.814Z,gpu-3uwoq-6g3ya-2,ib_hw_counter,rdma_vf_rail3,rx_write_requests,7.05021e+08
2026-09-30T06:15:08.814Z,gpu-3uwoq-6g3ya-2,ib_hw_counter,rdma_vf_rail3,rx_read_requests,1.042e+07
2026-09-30T06:15:08.814Z,gpu-3uwoq-6g3ya-2,ib_hw_counter,rdma_vf_rail3,req_cqe_error,0
2026-09-30T06:15:08.814Z,gpu-3uwoq-6g3ya-2,ib_hw_counter,rdma_vf_rail3,resp_cqe_error,0
2026-09-30T06:15:08.814Z,gpu-3uwoq-6g3ya-2,ib_hw_counter,rdma_vf_rail3,implied_nak_seq_err,0
2026-09-30T06:15:08.814Z,gpu-3uwoq-6g3ya-2,ib_hw_counter,rdma_vf_rail3,duplicate_request,0
2026-09-30T06:15:08.814Z,gpu-3uwoq-6g3ya-2,dcgm,gpu2,gpu_util,0
2026-09-30T06:15:08.814Z,gpu-3uwoq-6g3ya-2,dcgm,gpu3,gpu_util,0
2026-09-30T06:15:08.814Z,gpu-3uwoq-6g3ya-2,dcgm,gpu1,gpu_util,0
2026-09-30T06:15:08.814Z,gpu-3uwoq-6g3ya-2,dcgm,gpu0,gpu_util,0
2026-09-30T06:15:08.814Z,gpu-3uwoq-6g3ya-2,dcgm,gpu2,nvlink_bandwidth_total,0
2026-09-30T06:15:08.814Z,gpu-3uwoq-6g3ya-2,dcgm,gpu3,nvlink_bandwidth_total,0
2026-09-30T06:15:08.814Z,gpu-3uwoq-6g3ya-2,dcgm,gpu1,nvlink_bandwidth_total,0
2026-09-30T06:15:08.814Z,gpu-3uwoq-6g3ya-2,dcgm,gpu0,nvlink_bandwidth_total,0
2026-09-30T06:15:08.814Z,gpu-3uwoq-6g3ya-2,dcgm,gpu2,power_w,231.067
2026-09-30T06:15:08.814Z,gpu-3uwoq-6g3ya-2,dcgm,gpu3,power_w,233.398
2026-09-30T06:15:08.814Z,gpu-3uwoq-6g3ya-2,dcgm,gpu1,power_w,230.007
2026-09-30T06:15:08.814Z,gpu-3uwoq-6g3ya-2,dcgm,gpu0,power_w,226.497
2026-09-30T06:15:08.814Z,gpu-3uwoq-6g3ya-2,dcgm,gpu2,sm_clock_mhz,2070
2026-09-30T06:15:08.814Z,gpu-3uwoq-6g3ya-2,dcgm,gpu3,sm_clock_mhz,2070
2026-09-30T06:15:08.814Z,gpu-3uwoq-6g3ya-2,dcgm,gpu1,sm_clock_mhz,2070
2026-09-30T06:15:08.814Z,gpu-3uwoq-6g3ya-2,dcgm,gpu0,sm_clock_mhz,2070
2026-09-30T06:15:08.814Z,gpu-3uwoq-6g3ya-2,dcgm,gpu2,dram_active,0
2026-09-30T06:15:08.814Z,gpu-3uwoq-6g3ya-2,dcgm,gpu3,dram_active,0
2026-09-30T06:15:08.814Z,gpu-3uwoq-6g3ya-2,dcgm,gpu1,dram_active,0
2026-09-30T06:15:08.814Z,gpu-3uwoq-6g3ya-2,dcgm,gpu0,dram_active,0
2026-09-30T06:15:08.814Z,gpu-3uwoq-6g3ya-2,dcgm,gpu2,pcie_rx_bytes,50935
2026-09-30T06:15:08.814Z,gpu-3uwoq-6g3ya-2,dcgm,gpu3,pcie_rx_bytes,47310
2026-09-30T06:15:08.814Z,gpu-3uwoq-6g3ya-2,dcgm,gpu1,pcie_rx_bytes,64080
2026-09-30T06:15:08.814Z,gpu-3uwoq-6g3ya-2,dcgm,gpu0,pcie_rx_bytes,55661
2026-09-30T06:15:08.814Z,gpu-3uwoq-6g3ya-2,dcgm,gpu2,pcie_tx_bytes,49778
2026-09-30T06:15:08.814Z,gpu-3uwoq-6g3ya-2,dcgm,gpu3,pcie_tx_bytes,46122
2026-09-30T06:15:08.814Z,gpu-3uwoq-6g3ya-2,dcgm,gpu1,pcie_tx_bytes,62906
2026-09-30T06:15:08.814Z,gpu-3uwoq-6g3ya-2,dcgm,gpu0,pcie_tx_bytes,54473
2026-09-30T06:15:08.814Z,gpu-3uwoq-6g3ya-2,dcgm,gpu2,tensor_active,0
2026-09-30T06:15:08.814Z,gpu-3uwoq-6g3ya-2,dcgm,gpu3,tensor_active,0
2026-09-30T06:15:08.814Z,gpu-3uwoq-6g3ya-2,dcgm,gpu1,tensor_active,0
2026-09-30T06:15:08.814Z,gpu-3uwoq-6g3ya-2,dcgm,gpu0,tensor_active,0
2026-09-30T06:15:08.814Z,gpu-3uwoq-6g3ya-2,dcgm,gpu2,sm_active,0
2026-09-30T06:15:08.814Z,gpu-3uwoq-6g3ya-2,dcgm,gpu3,sm_active,0
2026-09-30T06:15:08.814Z,gpu-3uwoq-6g3ya-2,dcgm,gpu1,sm_active,0
2026-09-30T06:15:08.814Z,gpu-3uwoq-6g3ya-2,dcgm,gpu0,sm_active,0
2026-09-30T06:15:08.814Z,gpu-3uwoq-6g3ya-2,nvlink,gpu0,nvlink_rx_bytes,4.66294e+13
2026-09-30T06:15:08.814Z,gpu-3uwoq-6g3ya-2,nvlink,gpu0,nvlink_tx_bytes,4.66299e+13
2026-09-30T06:15:08.814Z,gpu-3uwoq-6g3ya-2,nvlink,gpu1,nvlink_rx_bytes,4.66294e+13
2026-09-30T06:15:08.814Z,gpu-3uwoq-6g3ya-2,nvlink,gpu1,nvlink_tx_bytes,4.66297e+13
2026-09-30T06:15:08.814Z,gpu-3uwoq-6g3ya-2,nvlink,gpu2,nvlink_rx_bytes,4.66291e+13
2026-09-30T06:15:08.814Z,gpu-3uwoq-6g3ya-2,nvlink,gpu2,nvlink_tx_bytes,4.66294e+13
2026-09-30T06:15:08.814Z,gpu-3uwoq-6g3ya-2,nvlink,gpu3,nvlink_rx_bytes,4.66274e+13
2026-09-30T06:15:08.814Z,gpu-3uwoq-6g3ya-2,nvlink,gpu3,nvlink_tx_bytes,4.66275e+13
2026-09-30T06:15:09.814Z,gpu-3uwoq-6g3ya-2,ib_counter,rdma_vf_rail0,port_xmit_data,2.76329e+12
2026-09-30T06:15:09.814Z,gpu-3uwoq-6g3ya-2,ib_counter,rdma_vf_rail0,port_rcv_data,5.72235e+12
2026-09-30T06:15:09.814Z,gpu-3uwoq-6g3ya-2,ib_counter,rdma_vf_rail0,port_xmit_packets,9.5609e+08
2026-09-30T06:15:09.814Z,gpu-3uwoq-6g3ya-2,ib_counter,rdma_vf_rail0,port_rcv_packets,1.57821e+09
2026-09-30T06:15:09.814Z,gpu-3uwoq-6g3ya-2,ib_counter,rdma_vf_rail0,port_xmit_wait,0
2026-09-30T06:15:09.814Z,gpu-3uwoq-6g3ya-2,ib_counter,rdma_vf_rail0,port_rcv_errors,0
2026-09-30T06:15:09.814Z,gpu-3uwoq-6g3ya-2,ib_counter,rdma_vf_rail0,port_xmit_discards,0
2026-09-30T06:15:09.814Z,gpu-3uwoq-6g3ya-2,ib_counter,rdma_vf_rail0,link_downed,0
2026-09-30T06:15:09.814Z,gpu-3uwoq-6g3ya-2,ib_hw_counter,rdma_vf_rail0,out_of_sequence,0
2026-09-30T06:15:09.814Z,gpu-3uwoq-6g3ya-2,ib_hw_counter,rdma_vf_rail0,packet_seq_err,0
2026-09-30T06:15:09.814Z,gpu-3uwoq-6g3ya-2,ib_hw_counter,rdma_vf_rail0,local_ack_timeout_err,0
2026-09-30T06:15:09.814Z,gpu-3uwoq-6g3ya-2,ib_hw_counter,rdma_vf_rail0,rx_write_requests,7.05021e+08
2026-09-30T06:15:09.814Z,gpu-3uwoq-6g3ya-2,ib_hw_counter,rdma_vf_rail0,rx_read_requests,1.042e+07
2026-09-30T06:15:09.814Z,gpu-3uwoq-6g3ya-2,ib_hw_counter,rdma_vf_rail0,req_cqe_error,0
2026-09-30T06:15:09.814Z,gpu-3uwoq-6g3ya-2,ib_hw_counter,rdma_vf_rail0,resp_cqe_error,0
2026-09-30T06:15:09.814Z,gpu-3uwoq-6g3ya-2,ib_hw_counter,rdma_vf_rail0,implied_nak_seq_err,0
2026-09-30T06:15:09.814Z,gpu-3uwoq-6g3ya-2,ib_hw_counter,rdma_vf_rail0,duplicate_request,0
2026-09-30T06:15:09.814Z,gpu-3uwoq-6g3ya-2,ib_counter,rdma_vf_rail1,port_xmit_data,2.76263e+12
2026-09-30T06:15:09.814Z,gpu-3uwoq-6g3ya-2,ib_counter,rdma_vf_rail1,port_rcv_data,5.72189e+12
2026-09-30T06:15:09.814Z,gpu-3uwoq-6g3ya-2,ib_counter,rdma_vf_rail1,port_xmit_packets,9.52939e+08
2026-09-30T06:15:09.814Z,gpu-3uwoq-6g3ya-2,ib_counter,rdma_vf_rail1,port_rcv_packets,1.57742e+09
2026-09-30T06:15:09.814Z,gpu-3uwoq-6g3ya-2,ib_counter,rdma_vf_rail1,port_xmit_wait,0
2026-09-30T06:15:09.814Z,gpu-3uwoq-6g3ya-2,ib_counter,rdma_vf_rail1,port_rcv_errors,0
2026-09-30T06:15:09.814Z,gpu-3uwoq-6g3ya-2,ib_counter,rdma_vf_rail1,port_xmit_discards,0
2026-09-30T06:15:09.814Z,gpu-3uwoq-6g3ya-2,ib_counter,rdma_vf_rail1,link_downed,0
2026-09-30T06:15:09.814Z,gpu-3uwoq-6g3ya-2,ib_hw_counter,rdma_vf_rail1,out_of_sequence,0
2026-09-30T06:15:09.814Z,gpu-3uwoq-6g3ya-2,ib_hw_counter,rdma_vf_rail1,packet_seq_err,0
2026-09-30T06:15:09.814Z,gpu-3uwoq-6g3ya-2,ib_hw_counter,rdma_vf_rail1,local_ack_timeout_err,0
2026-09-30T06:15:09.814Z,gpu-3uwoq-6g3ya-2,ib_hw_counter,rdma_vf_rail1,rx_write_requests,7.05022e+08
2026-09-30T06:15:09.814Z,gpu-3uwoq-6g3ya-2,ib_hw_counter,rdma_vf_rail1,rx_read_requests,1.042e+07
2026-09-30T06:15:09.814Z,gpu-3uwoq-6g3ya-2,ib_hw_counter,rdma_vf_rail1,req_cqe_error,0
2026-09-30T06:15:09.814Z,gpu-3uwoq-6g3ya-2,ib_hw_counter,rdma_vf_rail1,resp_cqe_error,0
2026-09-30T06:15:09.814Z,gpu-3uwoq-6g3ya-2,ib_hw_counter,rdma_vf_rail1,implied_nak_seq_err,0
2026-09-30T06:15:09.814Z,gpu-3uwoq-6g3ya-2,ib_hw_counter,rdma_vf_rail1,duplicate_request,0
2026-09-30T06:15:09.814Z,gpu-3uwoq-6g3ya-2,ib_counter,rdma_vf_rail2,port_xmit_data,2.76181e+12
2026-09-30T06:15:09.814Z,gpu-3uwoq-6g3ya-2,ib_counter,rdma_vf_rail2,port_rcv_data,5.72057e+12
2026-09-30T06:15:09.814Z,gpu-3uwoq-6g3ya-2,ib_counter,rdma_vf_rail2,port_xmit_packets,9.4252e+08
2026-09-30T06:15:09.814Z,gpu-3uwoq-6g3ya-2,ib_counter,rdma_vf_rail2,port_rcv_packets,1.56133e+09
2026-09-30T06:15:09.814Z,gpu-3uwoq-6g3ya-2,ib_counter,rdma_vf_rail2,port_xmit_wait,0
2026-09-30T06:15:09.814Z,gpu-3uwoq-6g3ya-2,ib_counter,rdma_vf_rail2,port_rcv_errors,0
2026-09-30T06:15:09.814Z,gpu-3uwoq-6g3ya-2,ib_counter,rdma_vf_rail2,port_xmit_discards,0
2026-09-30T06:15:09.814Z,gpu-3uwoq-6g3ya-2,ib_counter,rdma_vf_rail2,link_downed,0
2026-09-30T06:15:09.814Z,gpu-3uwoq-6g3ya-2,ib_hw_counter,rdma_vf_rail2,out_of_sequence,0
2026-09-30T06:15:09.814Z,gpu-3uwoq-6g3ya-2,ib_hw_counter,rdma_vf_rail2,packet_seq_err,0
2026-09-30T06:15:09.814Z,gpu-3uwoq-6g3ya-2,ib_hw_counter,rdma_vf_rail2,local_ack_timeout_err,0
2026-09-30T06:15:09.814Z,gpu-3uwoq-6g3ya-2,ib_hw_counter,rdma_vf_rail2,rx_write_requests,7.05021e+08
2026-09-30T06:15:09.814Z,gpu-3uwoq-6g3ya-2,ib_hw_counter,rdma_vf_rail2,rx_read_requests,1.042e+07
2026-09-30T06:15:09.814Z,gpu-3uwoq-6g3ya-2,ib_hw_counter,rdma_vf_rail2,req_cqe_error,0
2026-09-30T06:15:09.814Z,gpu-3uwoq-6g3ya-2,ib_hw_counter,rdma_vf_rail2,resp_cqe_error,0
2026-09-30T06:15:09.814Z,gpu-3uwoq-6g3ya-2,ib_hw_counter,rdma_vf_rail2,implied_nak_seq_err,0
2026-09-30T06:15:09.814Z,gpu-3uwoq-6g3ya-2,ib_hw_counter,rdma_vf_rail2,duplicate_request,0
2026-09-30T06:15:09.814Z,gpu-3uwoq-6g3ya-2,ib_counter,rdma_vf_rail3,port_xmit_data,2.76167e+12
2026-09-30T06:15:09.814Z,gpu-3uwoq-6g3ya-2,ib_counter,rdma_vf_rail3,port_rcv_data,5.72118e+12
2026-09-30T06:15:09.814Z,gpu-3uwoq-6g3ya-2,ib_counter,rdma_vf_rail3,port_xmit_packets,9.40862e+08
2026-09-30T06:15:09.814Z,gpu-3uwoq-6g3ya-2,ib_counter,rdma_vf_rail3,port_rcv_packets,1.56875e+09
2026-09-30T06:15:09.814Z,gpu-3uwoq-6g3ya-2,ib_counter,rdma_vf_rail3,port_xmit_wait,0
2026-09-30T06:15:09.814Z,gpu-3uwoq-6g3ya-2,ib_counter,rdma_vf_rail3,port_rcv_errors,0
2026-09-30T06:15:09.814Z,gpu-3uwoq-6g3ya-2,ib_counter,rdma_vf_rail3,port_xmit_discards,0
2026-09-30T06:15:09.814Z,gpu-3uwoq-6g3ya-2,ib_counter,rdma_vf_rail3,link_downed,0
2026-09-30T06:15:09.814Z,gpu-3uwoq-6g3ya-2,ib_hw_counter,rdma_vf_rail3,out_of_sequence,0
2026-09-30T06:15:09.814Z,gpu-3uwoq-6g3ya-2,ib_hw_counter,rdma_vf_rail3,packet_seq_err,1
2026-09-30T06:15:09.814Z,gpu-3uwoq-6g3ya-2,ib_hw_counter,rdma_vf_rail3,local_ack_timeout_err,0
2026-09-30T06:15:09.814Z,gpu-3uwoq-6g3ya-2,ib_hw_counter,rdma_vf_rail3,rx_write_requests,7.05021e+08
2026-09-30T06:15:09.814Z,gpu-3uwoq-6g3ya-2,ib_hw_counter,rdma_vf_rail3,rx_read_requests,1.042e+07
2026-09-30T06:15:09.814Z,gpu-3uwoq-6g3ya-2,ib_hw_counter,rdma_vf_rail3,req_cqe_error,0
2026-09-30T06:15:09.814Z,gpu-3uwoq-6g3ya-2,ib_hw_counter,rdma_vf_rail3,resp_cqe_error,0
2026-09-30T06:15:09.814Z,gpu-3uwoq-6g3ya-2,ib_hw_counter,rdma_vf_rail3,implied_nak_seq_err,0
2026-09-30T06:15:09.814Z,gpu-3uwoq-6g3ya-2,ib_hw_counter,rdma_vf_rail3,duplicate_request,0
2026-09-30T06:15:09.814Z,gpu-3uwoq-6g3ya-2,dcgm,gpu2,gpu_util,0
2026-09-30T06:15:09.814Z,gpu-3uwoq-6g3ya-2,dcgm,gpu3,gpu_util,0
2026-09-30T06:15:09.814Z,gpu-3uwoq-6g3ya-2,dcgm,gpu1,gpu_util,0
2026-09-30T06:15:09.814Z,gpu-3uwoq-6g3ya-2,dcgm,gpu0,gpu_util,0
2026-09-30T06:15:09.814Z,gpu-3uwoq-6g3ya-2,dcgm,gpu2,nvlink_bandwidth_total,0
2026-09-30T06:15:09.814Z,gpu-3uwoq-6g3ya-2,dcgm,gpu3,nvlink_bandwidth_total,0
2026-09-30T06:15:09.814Z,gpu-3uwoq-6g3ya-2,dcgm,gpu1,nvlink_bandwidth_total,0
2026-09-30T06:15:09.814Z,gpu-3uwoq-6g3ya-2,dcgm,gpu0,nvlink_bandwidth_total,0
2026-09-30T06:15:09.814Z,gpu-3uwoq-6g3ya-2,dcgm,gpu2,power_w,231.067
2026-09-30T06:15:09.814Z,gpu-3uwoq-6g3ya-2,dcgm,gpu3,power_w,233.398
2026-09-30T06:15:09.814Z,gpu-3uwoq-6g3ya-2,dcgm,gpu1,power_w,230.007
2026-09-30T06:15:09.814Z,gpu-3uwoq-6g3ya-2,dcgm,gpu0,power_w,226.497
2026-09-30T06:15:09.814Z,gpu-3uwoq-6g3ya-2,dcgm,gpu2,sm_clock_mhz,2070
2026-09-30T06:15:09.814Z,gpu-3uwoq-6g3ya-2,dcgm,gpu3,sm_clock_mhz,2070
2026-09-30T06:15:09.814Z,gpu-3uwoq-6g3ya-2,dcgm,gpu1,sm_clock_mhz,2070
2026-09-30T06:15:09.814Z,gpu-3uwoq-6g3ya-2,dcgm,gpu0,sm_clock_mhz,2070
2026-09-30T06:15:09.814Z,gpu-3uwoq-6g3ya-2,dcgm,gpu2,dram_active,0
2026-09-30T06:15:09.814Z,gpu-3uwoq-6g3ya-2,dcgm,gpu3,dram_active,0
2026-09-30T06:15:09.814Z,gpu-3uwoq-6g3ya-2,dcgm,gpu1,dram_active,0
2026-09-30T06:15:09.814Z,gpu-3uwoq-6g3ya-2,dcgm,gpu0,dram_active,0
2026-09-30T06:15:09.814Z,gpu-3uwoq-6g3ya-2,dcgm,gpu2,pcie_rx_bytes,50935
2026-09-30T06:15:09.814Z,gpu-3uwoq-6g3ya-2,dcgm,gpu3,pcie_rx_bytes,47310
2026-09-30T06:15:09.814Z,gpu-3uwoq-6g3ya-2,dcgm,gpu1,pcie_rx_bytes,64080
2026-09-30T06:15:09.814Z,gpu-3uwoq-6g3ya-2,dcgm,gpu0,pcie_rx_bytes,55661
2026-09-30T06:15:09.814Z,gpu-3uwoq-6g3ya-2,dcgm,gpu2,pcie_tx_bytes,49778
2026-09-30T06:15:09.814Z,gpu-3uwoq-6g3ya-2,dcgm,gpu3,pcie_tx_bytes,46122
2026-09-30T06:15:09.814Z,gpu-3uwoq-6g3ya-2,dcgm,gpu1,pcie_tx_bytes,62906
2026-09-30T06:15:09.814Z,gpu-3uwoq-6g3ya-2,dcgm,gpu0,pcie_tx_bytes,54473
2026-09-30T06:15:09.814Z,gpu-3uwoq-6g3ya-2,dcgm,gpu2,tensor_active,0
2026-09-30T06:15:09.814Z,gpu-3uwoq-6g3ya-2,dcgm,gpu3,tensor_active,0
2026-09-30T06:15:09.814Z,gpu-3uwoq-6g3ya-2,dcgm,gpu1,tensor_active,0
2026-09-30T06:15:09.814Z,gpu-3uwoq-6g3ya-2,dcgm,gpu0,tensor_active,0
2026-09-30T06:15:09.814Z,gpu-3uwoq-6g3ya-2,dcgm,gpu2,sm_active,0
2026-09-30T06:15:09.814Z,gpu-3uwoq-6g3ya-2,dcgm,gpu3,sm_active,0
2026-09-30T06:15:09.814Z,gpu-3uwoq-6g3ya-2,dcgm,gpu1,sm_active,0
2026-09-30T06:15:09.814Z,gpu-3uwoq-6g3ya-2,dcgm,gpu0,sm_active,0
2026-09-30T06:15:09.814Z,gpu-3uwoq-6g3ya-2,nvlink,gpu0,nvlink_rx_bytes,4.66294e+13
2026-09-30T06:15:09.814Z,gpu-3uwoq-6g3ya-2,nvlink,gpu0,nvlink_tx_bytes,4.66299e+13
2026-09-30T06:15:09.814Z,gpu-3uwoq-6g3ya-2,nvlink,gpu1,nvlink_rx_bytes,4.66294e+13
2026-09-30T06:15:09.814Z,gpu-3uwoq-6g3ya-2,nvlink,gpu1,nvlink_tx_bytes,4.66297e+13
2026-09-30T06:15:09.814Z,gpu-3uwoq-6g3ya-2,nvlink,gpu2,nvlink_rx_bytes,4.66291e+13
2026-09-30T06:15:09.814Z,gpu-3uwoq-6g3ya-2,nvlink,gpu2,nvlink_tx_bytes,4.66294e+13
2026-09-30T06:15:09.814Z,gpu-3uwoq-6g3ya-2,nvlink,gpu3,nvlink_rx_bytes,4.66274e+13
2026-09-30T06:15:09.814Z,gpu-3uwoq-6g3ya-2,nvlink,gpu3,nvlink_tx_bytes,4.66275e+13
2026-09-30T06:15:10.814Z,gpu-3uwoq-6g3ya-2,ib_counter,rdma_vf_rail0,port_xmit_data,2.76329e+12
2026-09-30T06:15:10.814Z,gpu-3uwoq-6g3ya-2,ib_counter,rdma_vf_rail0,port_rcv_data,5.72235e+12
2026-09-30T06:15:10.814Z,gpu-3uwoq-6g3ya-2,ib_counter,rdma_vf_rail0,port_xmit_packets,9.5609e+08
2026-09-30T06:15:10.814Z,gpu-3uwoq-6g3ya-2,ib_counter,rdma_vf_rail0,port_rcv_packets,1.57821e+09
2026-09-30T06:15:10.814Z,gpu-3uwoq-6g3ya-2,ib_counter,rdma_vf_rail0,port_xmit_wait,0
2026-09-30T06:15:10.814Z,gpu-3uwoq-6g3ya-2,ib_counter,rdma_vf_rail0,port_rcv_errors,0
2026-09-30T06:15:10.814Z,gpu-3uwoq-6g3ya-2,ib_counter,rdma_vf_rail0,port_xmit_discards,0
2026-09-30T06:15:10.814Z,gpu-3uwoq-6g3ya-2,ib_counter,rdma_vf_rail0,link_downed,0
2026-09-30T06:15:10.814Z,gpu-3uwoq-6g3ya-2,ib_hw_counter,rdma_vf_rail0,out_of_sequence,0
2026-09-30T06:15:10.814Z,gpu-3uwoq-6g3ya-2,ib_hw_counter,rdma_vf_rail0,packet_seq_err,0
2026-09-30T06:15:10.814Z,gpu-3uwoq-6g3ya-2,ib_hw_counter,rdma_vf_rail0,local_ack_timeout_err,0
2026-09-30T06:15:10.814Z,gpu-3uwoq-6g3ya-2,ib_hw_counter,rdma_vf_rail0,rx_write_requests,7.05021e+08
2026-09-30T06:15:10.814Z,gpu-3uwoq-6g3ya-2,ib_hw_counter,rdma_vf_rail0,rx_read_requests,1.042e+07
2026-09-30T06:15:10.814Z,gpu-3uwoq-6g3ya-2,ib_hw_counter,rdma_vf_rail0,req_cqe_error,0
2026-09-30T06:15:10.814Z,gpu-3uwoq-6g3ya-2,ib_hw_counter,rdma_vf_rail0,resp_cqe_error,0
2026-09-30T06:15:10.814Z,gpu-3uwoq-6g3ya-2,ib_hw_counter,rdma_vf_rail0,implied_nak_seq_err,0
2026-09-30T06:15:10.814Z,gpu-3uwoq-6g3ya-2,ib_hw_counter,rdma_vf_rail0,duplicate_request,0
2026-09-30T06:15:10.814Z,gpu-3uwoq-6g3ya-2,ib_counter,rdma_vf_rail1,port_xmit_data,2.76263e+12
2026-09-30T06:15:10.814Z,gpu-3uwoq-6g3ya-2,ib_counter,rdma_vf_rail1,port_rcv_data,5.72189e+12
2026-09-30T06:15:10.814Z,gpu-3uwoq-6g3ya-2,ib_counter,rdma_vf_rail1,port_xmit_packets,9.52939e+08
2026-09-30T06:15:10.814Z,gpu-3uwoq-6g3ya-2,ib_counter,rdma_vf_rail1,port_rcv_packets,1.57742e+09
2026-09-30T06:15:10.814Z,gpu-3uwoq-6g3ya-2,ib_counter,rdma_vf_rail1,port_xmit_wait,0
2026-09-30T06:15:10.814Z,gpu-3uwoq-6g3ya-2,ib_counter,rdma_vf_rail1,port_rcv_errors,0
2026-09-30T06:15:10.814Z,gpu-3uwoq-6g3ya-2,ib_counter,rdma_vf_rail1,port_xmit_discards,0
2026-09-30T06:15:10.814Z,gpu-3uwoq-6g3ya-2,ib_counter,rdma_vf_rail1,link_downed,0
2026-09-30T06:15:10.814Z,gpu-3uwoq-6g3ya-2,ib_hw_counter,rdma_vf_rail1,out_of_sequence,0
2026-09-30T06:15:10.814Z,gpu-3uwoq-6g3ya-2,ib_hw_counter,rdma_vf_rail1,packet_seq_err,0
2026-09-30T06:15:10.814Z,gpu-3uwoq-6g3ya-2,ib_hw_counter,rdma_vf_rail1,local_ack_timeout_err,0
2026-09-30T06:15:10.814Z,gpu-3uwoq-6g3ya-2,ib_hw_counter,rdma_vf_rail1,rx_write_requests,7.05022e+08
2026-09-30T06:15:10.814Z,gpu-3uwoq-6g3ya-2,ib_hw_counter,rdma_vf_rail1,rx_read_requests,1.042e+07
2026-09-30T06:15:10.814Z,gpu-3uwoq-6g3ya-2,ib_hw_counter,rdma_vf_rail1,req_cqe_error,0
2026-09-30T06:15:10.814Z,gpu-3uwoq-6g3ya-2,ib_hw_counter,rdma_vf_rail1,resp_cqe_error,0
2026-09-30T06:15:10.814Z,gpu-3uwoq-6g3ya-2,ib_hw_counter,rdma_vf_rail1,implied_nak_seq_err,0
2026-09-30T06:15:10.814Z,gpu-3uwoq-6g3ya-2,ib_hw_counter,rdma_vf_rail1,duplicate_request,0
2026-09-30T06:15:10.814Z,gpu-3uwoq-6g3ya-2,ib_counter,rdma_vf_rail2,port_xmit_data,2.76181e+12
2026-09-30T06:15:10.814Z,gpu-3uwoq-6g3ya-2,ib_counter,rdma_vf_rail2,port_rcv_data,5.72057e+12
2026-09-30T06:15:10.814Z,gpu-3uwoq-6g3ya-2,ib_counter,rdma_vf_rail2,port_xmit_packets,9.4252e+08
2026-09-30T06:15:10.814Z,gpu-3uwoq-6g3ya-2,ib_counter,rdma_vf_rail2,port_rcv_packets,1.56133e+09
2026-09-30T06:15:10.814Z,gpu-3uwoq-6g3ya-2,ib_counter,rdma_vf_rail2,port_xmit_wait,0
2026-09-30T06:15:10.814Z,gpu-3uwoq-6g3ya-2,ib_counter,rdma_vf_rail2,port_rcv_errors,0
2026-09-30T06:15:10.814Z,gpu-3uwoq-6g3ya-2,ib_counter,rdma_vf_rail2,port_xmit_discards,0
2026-09-30T06:15:10.814Z,gpu-3uwoq-6g3ya-2,ib_counter,rdma_vf_rail2,link_downed,0
2026-09-30T06:15:10.814Z,gpu-3uwoq-6g3ya-2,ib_hw_counter,rdma_vf_rail2,out_of_sequence,0
2026-09-30T06:15:10.814Z,gpu-3uwoq-6g3ya-2,ib_hw_counter,rdma_vf_rail2,packet_seq_err,0
2026-09-30T06:15:10.814Z,gpu-3uwoq-6g3ya-2,ib_hw_counter,rdma_vf_rail2,local_ack_timeout_err,0
2026-09-30T06:15:10.814Z,gpu-3uwoq-6g3ya-2,ib_hw_counter,rdma_vf_rail2,rx_write_requests,7.05021e+08
2026-09-30T06:15:10.814Z,gpu-3uwoq-6g3ya-2,ib_hw_counter,rdma_vf_rail2,rx_read_requests,1.042e+07
2026-09-30T06:15:10.814Z,gpu-3uwoq-6g3ya-2,ib_hw_counter,rdma_vf_rail2,req_cqe_error,0
2026-09-30T06:15:10.814Z,gpu-3uwoq-6g3ya-2,ib_hw_counter,rdma_vf_rail2,resp_cqe_error,0
2026-09-30T06:15:10.814Z,gpu-3uwoq-6g3ya-2,ib_hw_counter,rdma_vf_rail2,implied_nak_seq_err,0
2026-09-30T06:15:10.814Z,gpu-3uwoq-6g3ya-2,ib_hw_counter,rdma_vf_rail2,duplicate_request,0
2026-09-30T06:15:10.814Z,gpu-3uwoq-6g3ya-2,ib_counter,rdma_vf_rail3,port_xmit_data,2.76167e+12
2026-09-30T06:15:10.814Z,gpu-3uwoq-6g3ya-2,ib_counter,rdma_vf_rail3,port_rcv_data,5.72118e+12
2026-09-30T06:15:10.814Z,gpu-3uwoq-6g3ya-2,ib_counter,rdma_vf_rail3,port_xmit_packets,9.40862e+08
2026-09-30T06:15:10.814Z,gpu-3uwoq-6g3ya-2,ib_counter,rdma_vf_rail3,port_rcv_packets,1.56875e+09
2026-09-30T06:15:10.814Z,gpu-3uwoq-6g3ya-2,ib_counter,rdma_vf_rail3,port_xmit_wait,0
2026-09-30T06:15:10.814Z,gpu-3uwoq-6g3ya-2,ib_counter,rdma_vf_rail3,port_rcv_errors,0
2026-09-30T06:15:10.814Z,gpu-3uwoq-6g3ya-2,ib_counter,rdma_vf_rail3,port_xmit_discards,0
2026-09-30T06:15:10.814Z,gpu-3uwoq-6g3ya-2,ib_counter,rdma_vf_rail3,link_downed,0
2026-09-30T06:15:10.814Z,gpu-3uwoq-6g3ya-2,ib_hw_counter,rdma_vf_rail3,out_of_sequence,0
2026-09-30T06:15:10.814Z,gpu-3uwoq-6g3ya-2,ib_hw_counter,rdma_vf_rail3,packet_seq_err,1
2026-09-30T06:15:10.814Z,gpu-3uwoq-6g3ya-2,ib_hw_counter,rdma_vf_rail3,local_ack_timeout_err,0
2026-09-30T06:15:10.814Z,gpu-3uwoq-6g3ya-2,ib_hw_counter,rdma_vf_rail3,rx_write_requests,7.05021e+08
2026-09-30T06:15:10.814Z,gpu-3uwoq-6g3ya-2,ib_hw_counter,rdma_vf_rail3,rx_read_requests,1.042e+07
2026-09-30T06:15:10.814Z,gpu-3uwoq-6g3ya-2,ib_hw_counter,rdma_vf_rail3,req_cqe_error,0
2026-09-30T06:15:10.814Z,gpu-3uwoq-6g3ya-2,ib_hw_counter,rdma_vf_rail3,resp_cqe_error,0
2026-09-30T06:15:10.814Z,gpu-3uwoq-6g3ya-2,ib_hw_counter,rdma_vf_rail3,implied_nak_seq_err,0
2026-09-30T06:15:10.814Z,gpu-3uwoq-6g3ya-2,ib_hw_counter,rdma_vf_rail3,duplicate_request,0
2026-09-30T06:15:10.814Z,gpu-3uwoq-6g3ya-2,dcgm,gpu2,gpu_util,0
2026-09-30T06:15:10.814Z,gpu-3uwoq-6g3ya-2,dcgm,gpu3,gpu_util,0
2026-09-30T06:15:10.814Z,gpu-3uwoq-6g3ya-2,dcgm,gpu1,gpu_util,0
2026-09-30T06:15:10.814Z,gpu-3uwoq-6g3ya-2,dcgm,gpu0,gpu_util,0
2026-09-30T06:15:10.814Z,gpu-3uwoq-6g3ya-2,dcgm,gpu2,nvlink_bandwidth_total,0
2026-09-30T06:15:10.814Z,gpu-3uwoq-6g3ya-2,dcgm,gpu3,nvlink_bandwidth_total,0
2026-09-30T06:15:10.814Z,gpu-3uwoq-6g3ya-2,dcgm,gpu1,nvlink_bandwidth_total,0
2026-09-30T06:15:10.814Z,gpu-3uwoq-6g3ya-2,dcgm,gpu0,nvlink_bandwidth_total,0
2026-09-30T06:15:10.814Z,gpu-3uwoq-6g3ya-2,dcgm,gpu2,power_w,231.067
2026-09-30T06:15:10.814Z,gpu-3uwoq-6g3ya-2,dcgm,gpu3,power_w,233.398
2026-09-30T06:15:10.814Z,gpu-3uwoq-6g3ya-2,dcgm,gpu1,power_w,230.007
2026-09-30T06:15:10.814Z,gpu-3uwoq-6g3ya-2,dcgm,gpu0,power_w,226.497
2026-09-30T06:15:10.814Z,gpu-3uwoq-6g3ya-2,dcgm,gpu2,sm_clock_mhz,2070
2026-09-30T06:15:10.814Z,gpu-3uwoq-6g3ya-2,dcgm,gpu3,sm_clock_mhz,2070
2026-09-30T06:15:10.814Z,gpu-3uwoq-6g3ya-2,dcgm,gpu1,sm_clock_mhz,2070
2026-09-30T06:15:10.814Z,gpu-3uwoq-6g3ya-2,dcgm,gpu0,sm_clock_mhz,2070
2026-09-30T06:15:10.814Z,gpu-3uwoq-6g3ya-2,dcgm,gpu2,dram_active,0
2026-09-30T06:15:10.814Z,gpu-3uwoq-6g3ya-2,dcgm,gpu3,dram_active,0
2026-09-30T06:15:10.814Z,gpu-3uwoq-6g3ya-2,dcgm,gpu1,dram_active,0
2026-09-30T06:15:10.814Z,gpu-3uwoq-6g3ya-2,dcgm,gpu0,dram_active,0
2026-09-30T06:15:10.814Z,gpu-3uwoq-6g3ya-2,dcgm,gpu2,pcie_rx_bytes,50935
2026-09-30T06:15:10.814Z,gpu-3uwoq-6g3ya-2,dcgm,gpu3,pcie_rx_bytes,47310
2026-09-30T06:15:10.814Z,gpu-3uwoq-6g3ya-2,dcgm,gpu1,pcie_rx_bytes,64080
2026-09-30T06:15:10.814Z,gpu-3uwoq-6g3ya-2,dcgm,gpu0,pcie_rx_bytes,55661
2026-09-30T06:15:10.814Z,gpu-3uwoq-6g3ya-2,dcgm,gpu2,pcie_tx_bytes,49778
2026-09-30T06:15:10.814Z,gpu-3uwoq-6g3ya-2,dcgm,gpu3,pcie_tx_bytes,46122
2026-09-30T06:15:10.814Z,gpu-3uwoq-6g3ya-2,dcgm,gpu1,pcie_tx_bytes,62906
2026-09-30T06:15:10.814Z,gpu-3uwoq-6g3ya-2,dcgm,gpu0,pcie_tx_bytes,54473
2026-09-30T06:15:10.814Z,gpu-3uwoq-6g3ya-2,dcgm,gpu2,tensor_active,0
2026-09-30T06:15:10.814Z,gpu-3uwoq-6g3ya-2,dcgm,gpu3,tensor_active,0
2026-09-30T06:15:10.814Z,gpu-3uwoq-6g3ya-2,dcgm,gpu1,tensor_active,0
2026-09-30T06:15:10.814Z,gpu-3uwoq-6g3ya-2,dcgm,gpu0,tensor_active,0
2026-09-30T06:15:10.814Z,gpu-3uwoq-6g3ya-2,dcgm,gpu2,sm_active,0
2026-09-30T06:15:10.814Z,gpu-3uwoq-6g3ya-2,dcgm,gpu3,sm_active,0
2026-09-30T06:15:10.814Z,gpu-3uwoq-6g3ya-2,dcgm,gpu1,sm_active,0
2026-09-30T06:15:10.814Z,gpu-3uwoq-6g3ya-2,dcgm,gpu0,sm_active,0
2026-09-30T06:15:10.814Z,gpu-3uwoq-6g3ya-2,nvlink,gpu0,nvlink_rx_bytes,4.66294e+13
2026-09-30T06:15:10.814Z,gpu-3uwoq-6g3ya-2,nvlink,gpu0,nvlink_tx_bytes,4.66299e+13
2026-09-30T06:15:10.814Z,gpu-3uwoq-6g3ya-2,nvlink,gpu1,nvlink_rx_bytes,4.66294e+13
2026-09-30T06:15:10.814Z,gpu-3uwoq-6g3ya-2,nvlink,gpu1,nvlink_tx_bytes,4.66297e+13
2026-09-30T06:15:10.814Z,gpu-3uwoq-6g3ya-2,nvlink,gpu2,nvlink_rx_bytes,4.66291e+13
2026-09-30T06:15:10.814Z,gpu-3uwoq-6g3ya-2,nvlink,gpu2,nvlink_tx_bytes,4.66294e+13
2026-09-30T06:15:10.814Z,gpu-3uwoq-6g3ya-2,nvlink,gpu3,nvlink_rx_bytes,4.66274e+13
2026-09-30T06:15:10.814Z,gpu-3uwoq-6g3ya-2,nvlink,gpu3,nvlink_tx_bytes,4.66275e+13
2026-09-30T06:15:11.815Z,gpu-3uwoq-6g3ya-2,ib_counter,rdma_vf_rail0,port_xmit_data,2.76329e+12
2026-09-30T06:15:11.815Z,gpu-3uwoq-6g3ya-2,ib_counter,rdma_vf_rail0,port_rcv_data,5.72235e+12
2026-09-30T06:15:11.815Z,gpu-3uwoq-6g3ya-2,ib_counter,rdma_vf_rail0,port_xmit_packets,9.5609e+08
2026-09-30T06:15:11.815Z,gpu-3uwoq-6g3ya-2,ib_counter,rdma_vf_rail0,port_rcv_packets,1.57821e+09
2026-09-30T06:15:11.815Z,gpu-3uwoq-6g3ya-2,ib_counter,rdma_vf_rail0,port_xmit_wait,0
2026-09-30T06:15:11.815Z,gpu-3uwoq-6g3ya-2,ib_counter,rdma_vf_rail0,port_rcv_errors,0
2026-09-30T06:15:11.815Z,gpu-3uwoq-6g3ya-2,ib_counter,rdma_vf_rail0,port_xmit_discards,0
2026-09-30T06:15:11.815Z,gpu-3uwoq-6g3ya-2,ib_counter,rdma_vf_rail0,link_downed,0
2026-09-30T06:15:11.815Z,gpu-3uwoq-6g3ya-2,ib_hw_counter,rdma_vf_rail0,out_of_sequence,0
2026-09-30T06:15:11.815Z,gpu-3uwoq-6g3ya-2,ib_hw_counter,rdma_vf_rail0,packet_seq_err,0
2026-09-30T06:15:11.815Z,gpu-3uwoq-6g3ya-2,ib_hw_counter,rdma_vf_rail0,local_ack_timeout_err,0
2026-09-30T06:15:11.815Z,gpu-3uwoq-6g3ya-2,ib_hw_counter,rdma_vf_rail0,rx_write_requests,7.05021e+08
2026-09-30T06:15:11.815Z,gpu-3uwoq-6g3ya-2,ib_hw_counter,rdma_vf_rail0,rx_read_requests,1.042e+07
2026-09-30T06:15:11.815Z,gpu-3uwoq-6g3ya-2,ib_hw_counter,rdma_vf_rail0,req_cqe_error,0
2026-09-30T06:15:11.815Z,gpu-3uwoq-6g3ya-2,ib_hw_counter,rdma_vf_rail0,resp_cqe_error,0
2026-09-30T06:15:11.815Z,gpu-3uwoq-6g3ya-2,ib_hw_counter,rdma_vf_rail0,implied_nak_seq_err,0
2026-09-30T06:15:11.815Z,gpu-3uwoq-6g3ya-2,ib_hw_counter,rdma_vf_rail0,duplicate_request,0
2026-09-30T06:15:11.815Z,gpu-3uwoq-6g3ya-2,ib_counter,rdma_vf_rail1,port_xmit_data,2.76263e+12
2026-09-30T06:15:11.815Z,gpu-3uwoq-6g3ya-2,ib_counter,rdma_vf_rail1,port_rcv_data,5.72189e+12
2026-09-30T06:15:11.815Z,gpu-3uwoq-6g3ya-2,ib_counter,rdma_vf_rail1,port_xmit_packets,9.52939e+08
2026-09-30T06:15:11.815Z,gpu-3uwoq-6g3ya-2,ib_counter,rdma_vf_rail1,port_rcv_packets,1.57742e+09
2026-09-30T06:15:11.815Z,gpu-3uwoq-6g3ya-2,ib_counter,rdma_vf_rail1,port_xmit_wait,0
2026-09-30T06:15:11.815Z,gpu-3uwoq-6g3ya-2,ib_counter,rdma_vf_rail1,port_rcv_errors,0
2026-09-30T06:15:11.815Z,gpu-3uwoq-6g3ya-2,ib_counter,rdma_vf_rail1,port_xmit_discards,0
2026-09-30T06:15:11.815Z,gpu-3uwoq-6g3ya-2,ib_counter,rdma_vf_rail1,link_downed,0
2026-09-30T06:15:11.815Z,gpu-3uwoq-6g3ya-2,ib_hw_counter,rdma_vf_rail1,out_of_sequence,0
2026-09-30T06:15:11.815Z,gpu-3uwoq-6g3ya-2,ib_hw_counter,rdma_vf_rail1,packet_seq_err,0
2026-09-30T06:15:11.815Z,gpu-3uwoq-6g3ya-2,ib_hw_counter,rdma_vf_rail1,local_ack_timeout_err,0
2026-09-30T06:15:11.815Z,gpu-3uwoq-6g3ya-2,ib_hw_counter,rdma_vf_rail1,rx_write_requests,7.05022e+08
2026-09-30T06:15:11.815Z,gpu-3uwoq-6g3ya-2,ib_hw_counter,rdma_vf_rail1,rx_read_requests,1.042e+07
2026-09-30T06:15:11.815Z,gpu-3uwoq-6g3ya-2,ib_hw_counter,rdma_vf_rail1,req_cqe_error,0
2026-09-30T06:15:11.815Z,gpu-3uwoq-6g3ya-2,ib_hw_counter,rdma_vf_rail1,resp_cqe_error,0
2026-09-30T06:15:11.815Z,gpu-3uwoq-6g3ya-2,ib_hw_counter,rdma_vf_rail1,implied_nak_seq_err,0
2026-09-30T06:15:11.815Z,gpu-3uwoq-6g3ya-2,ib_hw_counter,rdma_vf_rail1,duplicate_request,0
2026-09-30T06:15:11.815Z,gpu-3uwoq-6g3ya-2,ib_counter,rdma_vf_rail2,port_xmit_data,2.76181e+12
2026-09-30T06:15:11.815Z,gpu-3uwoq-6g3ya-2,ib_counter,rdma_vf_rail2,port_rcv_data,5.72057e+12
2026-09-30T06:15:11.815Z,gpu-3uwoq-6g3ya-2,ib_counter,rdma_vf_rail2,port_xmit_packets,9.4252e+08
2026-09-30T06:15:11.815Z,gpu-3uwoq-6g3ya-2,ib_counter,rdma_vf_rail2,port_rcv_packets,1.56133e+09
2026-09-30T06:15:11.815Z,gpu-3uwoq-6g3ya-2,ib_counter,rdma_vf_rail2,port_xmit_wait,0
2026-09-30T06:15:11.815Z,gpu-3uwoq-6g3ya-2,ib_counter,rdma_vf_rail2,port_rcv_errors,0
2026-09-30T06:15:11.815Z,gpu-3uwoq-6g3ya-2,ib_counter,rdma_vf_rail2,port_xmit_discards,0
2026-09-30T06:15:11.815Z,gpu-3uwoq-6g3ya-2,ib_counter,rdma_vf_rail2,link_downed,0
2026-09-30T06:15:11.815Z,gpu-3uwoq-6g3ya-2,ib_hw_counter,rdma_vf_rail2,out_of_sequence,0
2026-09-30T06:15:11.815Z,gpu-3uwoq-6g3ya-2,ib_hw_counter,rdma_vf_rail2,packet_seq_err,0
2026-09-30T06:15:11.815Z,gpu-3uwoq-6g3ya-2,ib_hw_counter,rdma_vf_rail2,local_ack_timeout_err,0
2026-09-30T06:15:11.815Z,gpu-3uwoq-6g3ya-2,ib_hw_counter,rdma_vf_rail2,rx_write_requests,7.05021e+08
2026-09-30T06:15:11.815Z,gpu-3uwoq-6g3ya-2,ib_hw_counter,rdma_vf_rail2,rx_read_requests,1.042e+07
2026-09-30T06:15:11.815Z,gpu-3uwoq-6g3ya-2,ib_hw_counter,rdma_vf_rail2,req_cqe_error,0
2026-09-30T06:15:11.815Z,gpu-3uwoq-6g3ya-2,ib_hw_counter,rdma_vf_rail2,resp_cqe_error,0
2026-09-30T06:15:11.815Z,gpu-3uwoq-6g3ya-2,ib_hw_counter,rdma_vf_rail2,implied_nak_seq_err,0
2026-09-30T06:15:11.815Z,gpu-3uwoq-6g3ya-2,ib_hw_counter,rdma_vf_rail2,duplicate_request,0
2026-09-30T06:15:11.815Z,gpu-3uwoq-6g3ya-2,ib_counter,rdma_vf_rail3,port_xmit_data,2.76167e+12
2026-09-30T06:15:11.815Z,gpu-3uwoq-6g3ya-2,ib_counter,rdma_vf_rail3,port_rcv_data,5.72118e+12
2026-09-30T06:15:11.815Z,gpu-3uwoq-6g3ya-2,ib_counter,rdma_vf_rail3,port_xmit_packets,9.40862e+08
2026-09-30T06:15:11.815Z,gpu-3uwoq-6g3ya-2,ib_counter,rdma_vf_rail3,port_rcv_packets,1.56875e+09
2026-09-30T06:15:11.815Z,gpu-3uwoq-6g3ya-2,ib_counter,rdma_vf_rail3,port_xmit_wait,0
2026-09-30T06:15:11.815Z,gpu-3uwoq-6g3ya-2,ib_counter,rdma_vf_rail3,port_rcv_errors,0
2026-09-30T06:15:11.815Z,gpu-3uwoq-6g3ya-2,ib_counter,rdma_vf_rail3,port_xmit_discards,0
2026-09-30T06:15:11.815Z,gpu-3uwoq-6g3ya-2,ib_counter,rdma_vf_rail3,link_downed,0
2026-09-30T06:15:11.815Z,gpu-3uwoq-6g3ya-2,ib_hw_counter,rdma_vf_rail3,out_of_sequence,0
2026-09-30T06:15:11.815Z,gpu-3uwoq-6g3ya-2,ib_hw_counter,rdma_vf_rail3,packet_seq_err,1
2026-09-30T06:15:11.815Z,gpu-3uwoq-6g3ya-2,ib_hw_counter,rdma_vf_rail3,local_ack_timeout_err,0
2026-09-30T06:15:11.815Z,gpu-3uwoq-6g3ya-2,ib_hw_counter,rdma_vf_rail3,rx_write_requests,7.05021e+08
2026-09-30T06:15:11.815Z,gpu-3uwoq-6g3ya-2,ib_hw_counter,rdma_vf_rail3,rx_read_requests,1.042e+07
2026-09-30T06:15:11.815Z,gpu-3uwoq-6g3ya-2,ib_hw_counter,rdma_vf_rail3,req_cqe_error,0
2026-09-30T06:15:11.815Z,gpu-3uwoq-6g3ya-2,ib_hw_counter,rdma_vf_rail3,resp_cqe_error,0
2026-09-30T06:15:11.815Z,gpu-3uwoq-6g3ya-2,ib_hw_counter,rdma_vf_rail3,implied_nak_seq_err,0
2026-09-30T06:15:11.815Z,gpu-3uwoq-6g3ya-2,ib_hw_counter,rdma_vf_rail3,duplicate_request,0
2026-09-30T06:15:11.815Z,gpu-3uwoq-6g3ya-2,dcgm,gpu2,gpu_util,0
2026-09-30T06:15:11.815Z,gpu-3uwoq-6g3ya-2,dcgm,gpu3,gpu_util,0
2026-09-30T06:15:11.815Z,gpu-3uwoq-6g3ya-2,dcgm,gpu1,gpu_util,0
2026-09-30T06:15:11.815Z,gpu-3uwoq-6g3ya-2,dcgm,gpu0,gpu_util,0
2026-09-30T06:15:11.815Z,gpu-3uwoq-6g3ya-2,dcgm,gpu2,nvlink_bandwidth_total,0
2026-09-30T06:15:11.815Z,gpu-3uwoq-6g3ya-2,dcgm,gpu3,nvlink_bandwidth_total,0
2026-09-30T06:15:11.815Z,gpu-3uwoq-6g3ya-2,dcgm,gpu1,nvlink_bandwidth_total,0
2026-09-30T06:15:11.815Z,gpu-3uwoq-6g3ya-2,dcgm,gpu0,nvlink_bandwidth_total,0
2026-09-30T06:15:11.815Z,gpu-3uwoq-6g3ya-2,dcgm,gpu2,power_w,231.067
2026-09-30T06:15:11.815Z,gpu-3uwoq-6g3ya-2,dcgm,gpu3,power_w,233.398
2026-09-30T06:15:11.815Z,gpu-3uwoq-6g3ya-2,dcgm,gpu1,power_w,230.007
2026-09-30T06:15:11.815Z,gpu-3uwoq-6g3ya-2,dcgm,gpu0,power_w,226.497
2026-09-30T06:15:11.815Z,gpu-3uwoq-6g3ya-2,dcgm,gpu2,sm_clock_mhz,2070
2026-09-30T06:15:11.815Z,gpu-3uwoq-6g3ya-2,dcgm,gpu3,sm_clock_mhz,2070
2026-09-30T06:15:11.815Z,gpu-3uwoq-6g3ya-2,dcgm,gpu1,sm_clock_mhz,2070
2026-09-30T06:15:11.815Z,gpu-3uwoq-6g3ya-2,dcgm,gpu0,sm_clock_mhz,2070
2026-09-30T06:15:11.815Z,gpu-3uwoq-6g3ya-2,dcgm,gpu2,dram_active,0
2026-09-30T06:15:11.815Z,gpu-3uwoq-6g3ya-2,dcgm,gpu3,dram_active,0
2026-09-30T06:15:11.815Z,gpu-3uwoq-6g3ya-2,dcgm,gpu1,dram_active,0
2026-09-30T06:15:11.815Z,gpu-3uwoq-6g3ya-2,dcgm,gpu0,dram_active,0
2026-09-30T06:15:11.815Z,gpu-3uwoq-6g3ya-2,dcgm,gpu2,pcie_rx_bytes,50935
2026-09-30T06:15:11.815Z,gpu-3uwoq-6g3ya-2,dcgm,gpu3,pcie_rx_bytes,47310
2026-09-30T06:15:11.815Z,gpu-3uwoq-6g3ya-2,dcgm,gpu1,pcie_rx_bytes,64080
2026-09-30T06:15:11.815Z,gpu-3uwoq-6g3ya-2,dcgm,gpu0,pcie_rx_bytes,55661
2026-09-30T06:15:11.815Z,gpu-3uwoq-6g3ya-2,dcgm,gpu2,pcie_tx_bytes,49778
2026-09-30T06:15:11.815Z,gpu-3uwoq-6g3ya-2,dcgm,gpu3,pcie_tx_bytes,46122
2026-09-30T06:15:11.815Z,gpu-3uwoq-6g3ya-2,dcgm,gpu1,pcie_tx_bytes,62906
2026-09-30T06:15:11.815Z,gpu-3uwoq-6g3ya-2,dcgm,gpu0,pcie_tx_bytes,54473
2026-09-30T06:15:11.815Z,gpu-3uwoq-6g3ya-2,dcgm,gpu2,tensor_active,0
2026-09-30T06:15:11.815Z,gpu-3uwoq-6g3ya-2,dcgm,gpu3,tensor_active,0
2026-09-30T06:15:11.815Z,gpu-3uwoq-6g3ya-2,dcgm,gpu1,tensor_active,0
2026-09-30T06:15:11.815Z,gpu-3uwoq-6g3ya-2,dcgm,gpu0,tensor_active,0
2026-09-30T06:15:11.815Z,gpu-3uwoq-6g3ya-2,dcgm,gpu2,sm_active,0
2026-09-30T06:15:11.815Z,gpu-3uwoq-6g3ya-2,dcgm,gpu3,sm_active,0
2026-09-30T06:15:11.815Z,gpu-3uwoq-6g3ya-2,dcgm,gpu1,sm_active,0
2026-09-30T06:15:11.815Z,gpu-3uwoq-6g3ya-2,dcgm,gpu0,sm_active,0
2026-09-30T06:15:11.815Z,gpu-3uwoq-6g3ya-2,nvlink,gpu0,nvlink_rx_bytes,4.66294e+13
2026-09-30T06:15:11.815Z,gpu-3uwoq-6g3ya-2,nvlink,gpu0,nvlink_tx_bytes,4.66299e+13
2026-09-30T06:15:11.815Z,gpu-3uwoq-6g3ya-2,nvlink,gpu1,nvlink_rx_bytes,4.66294e+13
2026-09-30T06:15:11.815Z,gpu-3uwoq-6g3ya-2,nvlink,gpu1,nvlink_tx_bytes,4.66297e+13
2026-09-30T06:15:11.815Z,gpu-3uwoq-6g3ya-2,nvlink,gpu2,nvlink_rx_bytes,4.66291e+13
2026-09-30T06:15:11.815Z,gpu-3uwoq-6g3ya-2,nvlink,gpu2,nvlink_tx_bytes,4.66294e+13
2026-09-30T06:15:11.815Z,gpu-3uwoq-6g3ya-2,nvlink,gpu3,nvlink_rx_bytes,4.66274e+13
2026-09-30T06:15:11.815Z,gpu-3uwoq-6g3ya-2,nvlink,gpu3,nvlink_tx_bytes,4.66275e+13
2026-09-30T06:15:12.815Z,gpu-3uwoq-6g3ya-2,ib_counter,rdma_vf_rail0,port_xmit_data,2.76329e+12
2026-09-30T06:15:12.815Z,gpu-3uwoq-6g3ya-2,ib_counter,rdma_vf_rail0,port_rcv_data,5.72235e+12
2026-09-30T06:15:12.815Z,gpu-3uwoq-6g3ya-2,ib_counter,rdma_vf_rail0,port_xmit_packets,9.5609e+08
2026-09-30T06:15:12.815Z,gpu-3uwoq-6g3ya-2,ib_counter,rdma_vf_rail0,port_rcv_packets,1.57821e+09
2026-09-30T06:15:12.815Z,gpu-3uwoq-6g3ya-2,ib_counter,rdma_vf_rail0,port_xmit_wait,0
2026-09-30T06:15:12.815Z,gpu-3uwoq-6g3ya-2,ib_counter,rdma_vf_rail0,port_rcv_errors,0
2026-09-30T06:15:12.815Z,gpu-3uwoq-6g3ya-2,ib_counter,rdma_vf_rail0,port_xmit_discards,0
2026-09-30T06:15:12.815Z,gpu-3uwoq-6g3ya-2,ib_counter,rdma_vf_rail0,link_downed,0
2026-09-30T06:15:12.815Z,gpu-3uwoq-6g3ya-2,ib_hw_counter,rdma_vf_rail0,out_of_sequence,0
2026-09-30T06:15:12.815Z,gpu-3uwoq-6g3ya-2,ib_hw_counter,rdma_vf_rail0,packet_seq_err,0
2026-09-30T06:15:12.815Z,gpu-3uwoq-6g3ya-2,ib_hw_counter,rdma_vf_rail0,local_ack_timeout_err,0
2026-09-30T06:15:12.815Z,gpu-3uwoq-6g3ya-2,ib_hw_counter,rdma_vf_rail0,rx_write_requests,7.05021e+08
2026-09-30T06:15:12.815Z,gpu-3uwoq-6g3ya-2,ib_hw_counter,rdma_vf_rail0,rx_read_requests,1.042e+07
2026-09-30T06:15:12.815Z,gpu-3uwoq-6g3ya-2,ib_hw_counter,rdma_vf_rail0,req_cqe_error,0
2026-09-30T06:15:12.815Z,gpu-3uwoq-6g3ya-2,ib_hw_counter,rdma_vf_rail0,resp_cqe_error,0
2026-09-30T06:15:12.815Z,gpu-3uwoq-6g3ya-2,ib_hw_counter,rdma_vf_rail0,implied_nak_seq_err,0
2026-09-30T06:15:12.815Z,gpu-3uwoq-6g3ya-2,ib_hw_counter,rdma_vf_rail0,duplicate_request,0
2026-09-30T06:15:12.815Z,gpu-3uwoq-6g3ya-2,ib_counter,rdma_vf_rail1,port_xmit_data,2.76263e+12
2026-09-30T06:15:12.815Z,gpu-3uwoq-6g3ya-2,ib_counter,rdma_vf_rail1,port_rcv_data,5.72189e+12
2026-09-30T06:15:12.815Z,gpu-3uwoq-6g3ya-2,ib_counter,rdma_vf_rail1,port_xmit_packets,9.52939e+08
2026-09-30T06:15:12.815Z,gpu-3uwoq-6g3ya-2,ib_counter,rdma_vf_rail1,port_rcv_packets,1.57742e+09
2026-09-30T06:15:12.815Z,gpu-3uwoq-6g3ya-2,ib_counter,rdma_vf_rail1,port_xmit_wait,0
2026-09-30T06:15:12.815Z,gpu-3uwoq-6g3ya-2,ib_counter,rdma_vf_rail1,port_rcv_errors,0
2026-09-30T06:15:12.815Z,gpu-3uwoq-6g3ya-2,ib_counter,rdma_vf_rail1,port_xmit_discards,0
2026-09-30T06:15:12.815Z,gpu-3uwoq-6g3ya-2,ib_counter,rdma_vf_rail1,link_downed,0
2026-09-30T06:15:12.815Z,gpu-3uwoq-6g3ya-2,ib_hw_counter,rdma_vf_rail1,out_of_sequence,0
2026-09-30T06:15:12.815Z,gpu-3uwoq-6g3ya-2,ib_hw_counter,rdma_vf_rail1,packet_seq_err,0
2026-09-30T06:15:12.815Z,gpu-3uwoq-6g3ya-2,ib_hw_counter,rdma_vf_rail1,local_ack_timeout_err,0
2026-09-30T06:15:12.815Z,gpu-3uwoq-6g3ya-2,ib_hw_counter,rdma_vf_rail1,rx_write_requests,7.05022e+08
2026-09-30T06:15:12.815Z,gpu-3uwoq-6g3ya-2,ib_hw_counter,rdma_vf_rail1,rx_read_requests,1.042e+07
2026-09-30T06:15:12.815Z,gpu-3uwoq-6g3ya-2,ib_hw_counter,rdma_vf_rail1,req_cqe_error,0
2026-09-30T06:15:12.815Z,gpu-3uwoq-6g3ya-2,ib_hw_counter,rdma_vf_rail1,resp_cqe_error,0
2026-09-30T06:15:12.815Z,gpu-3uwoq-6g3ya-2,ib_hw_counter,rdma_vf_rail1,implied_nak_seq_err,0
2026-09-30T06:15:12.815Z,gpu-3uwoq-6g3ya-2,ib_hw_counter,rdma_vf_rail1,duplicate_request,0
2026-09-30T06:15:12.815Z,gpu-3uwoq-6g3ya-2,ib_counter,rdma_vf_rail2,port_xmit_data,2.76181e+12
2026-09-30T06:15:12.815Z,gpu-3uwoq-6g3ya-2,ib_counter,rdma_vf_rail2,port_rcv_data,5.72057e+12
2026-09-30T06:15:12.815Z,gpu-3uwoq-6g3ya-2,ib_counter,rdma_vf_rail2,port_xmit_packets,9.4252e+08
2026-09-30T06:15:12.815Z,gpu-3uwoq-6g3ya-2,ib_counter,rdma_vf_rail2,port_rcv_packets,1.56133e+09
2026-09-30T06:15:12.815Z,gpu-3uwoq-6g3ya-2,ib_counter,rdma_vf_rail2,port_xmit_wait,0
2026-09-30T06:15:12.815Z,gpu-3uwoq-6g3ya-2,ib_counter,rdma_vf_rail2,port_rcv_errors,0
2026-09-30T06:15:12.815Z,gpu-3uwoq-6g3ya-2,ib_counter,rdma_vf_rail2,port_xmit_discards,0
2026-09-30T06:15:12.815Z,gpu-3uwoq-6g3ya-2,ib_counter,rdma_vf_rail2,link_downed,0
2026-09-30T06:15:12.815Z,gpu-3uwoq-6g3ya-2,ib_hw_counter,rdma_vf_rail2,out_of_sequence,0
2026-09-30T06:15:12.815Z,gpu-3uwoq-6g3ya-2,ib_hw_counter,rdma_vf_rail2,packet_seq_err,0
2026-09-30T06:15:12.815Z,gpu-3uwoq-6g3ya-2,ib_hw_counter,rdma_vf_rail2,local_ack_timeout_err,0
2026-09-30T06:15:12.815Z,gpu-3uwoq-6g3ya-2,ib_hw_counter,rdma_vf_rail2,rx_write_requests,7.05021e+08
2026-09-30T06:15:12.815Z,gpu-3uwoq-6g3ya-2,ib_hw_counter,rdma_vf_rail2,rx_read_requests,1.042e+07
2026-09-30T06:15:12.815Z,gpu-3uwoq-6g3ya-2,ib_hw_counter,rdma_vf_rail2,req_cqe_error,0
2026-09-30T06:15:12.815Z,gpu-3uwoq-6g3ya-2,ib_hw_counter,rdma_vf_rail2,resp_cqe_error,0
2026-09-30T06:15:12.815Z,gpu-3uwoq-6g3ya-2,ib_hw_counter,rdma_vf_rail2,implied_nak_seq_err,0
2026-09-30T06:15:12.815Z,gpu-3uwoq-6g3ya-2,ib_hw_counter,rdma_vf_rail2,duplicate_request,0
2026-09-30T06:15:12.815Z,gpu-3uwoq-6g3ya-2,ib_counter,rdma_vf_rail3,port_xmit_data,2.76167e+12
2026-09-30T06:15:12.815Z,gpu-3uwoq-6g3ya-2,ib_counter,rdma_vf_rail3,port_rcv_data,5.72118e+12
2026-09-30T06:15:12.815Z,gpu-3uwoq-6g3ya-2,ib_counter,rdma_vf_rail3,port_xmit_packets,9.40862e+08
2026-09-30T06:15:12.815Z,gpu-3uwoq-6g3ya-2,ib_counter,rdma_vf_rail3,port_rcv_packets,1.56875e+09
2026-09-30T06:15:12.815Z,gpu-3uwoq-6g3ya-2,ib_counter,rdma_vf_rail3,port_xmit_wait,0
2026-09-30T06:15:12.815Z,gpu-3uwoq-6g3ya-2,ib_counter,rdma_vf_rail3,port_rcv_errors,0
2026-09-30T06:15:12.815Z,gpu-3uwoq-6g3ya-2,ib_counter,rdma_vf_rail3,port_xmit_discards,0
2026-09-30T06:15:12.815Z,gpu-3uwoq-6g3ya-2,ib_counter,rdma_vf_rail3,link_downed,0
2026-09-30T06:15:12.815Z,gpu-3uwoq-6g3ya-2,ib_hw_counter,rdma_vf_rail3,out_of_sequence,0
2026-09-30T06:15:12.815Z,gpu-3uwoq-6g3ya-2,ib_hw_counter,rdma_vf_rail3,packet_seq_err,1
2026-09-30T06:15:12.815Z,gpu-3uwoq-6g3ya-2,ib_hw_counter,rdma_vf_rail3,local_ack_timeout_err,0
2026-09-30T06:15:12.815Z,gpu-3uwoq-6g3ya-2,ib_hw_counter,rdma_vf_rail3,rx_write_requests,7.05021e+08
2026-09-30T06:15:12.815Z,gpu-3uwoq-6g3ya-2,ib_hw_counter,rdma_vf_rail3,rx_read_requests,1.042e+07
2026-09-30T06:15:12.815Z,gpu-3uwoq-6g3ya-2,ib_hw_counter,rdma_vf_rail3,req_cqe_error,0
2026-09-30T06:15:12.815Z,gpu-3uwoq-6g3ya-2,ib_hw_counter,rdma_vf_rail3,resp_cqe_error,0
2026-09-30T06:15:12.815Z,gpu-3uwoq-6g3ya-2,ib_hw_counter,rdma_vf_rail3,implied_nak_seq_err,0
2026-09-30T06:15:12.815Z,gpu-3uwoq-6g3ya-2,ib_hw_counter,rdma_vf_rail3,duplicate_request,0
2026-09-30T06:15:12.815Z,gpu-3uwoq-6g3ya-2,dcgm,gpu2,gpu_util,0
2026-09-30T06:15:12.815Z,gpu-3uwoq-6g3ya-2,dcgm,gpu3,gpu_util,0
2026-09-30T06:15:12.815Z,gpu-3uwoq-6g3ya-2,dcgm,gpu1,gpu_util,0
2026-09-30T06:15:12.815Z,gpu-3uwoq-6g3ya-2,dcgm,gpu0,gpu_util,0
2026-09-30T06:15:12.815Z,gpu-3uwoq-6g3ya-2,dcgm,gpu2,nvlink_bandwidth_total,0
2026-09-30T06:15:12.815Z,gpu-3uwoq-6g3ya-2,dcgm,gpu3,nvlink_bandwidth_total,0
2026-09-30T06:15:12.815Z,gpu-3uwoq-6g3ya-2,dcgm,gpu1,nvlink_bandwidth_total,0
2026-09-30T06:15:12.815Z,gpu-3uwoq-6g3ya-2,dcgm,gpu0,nvlink_bandwidth_total,0
2026-09-30T06:15:12.815Z,gpu-3uwoq-6g3ya-2,dcgm,gpu2,power_w,231.067
2026-09-30T06:15:12.815Z,gpu-3uwoq-6g3ya-2,dcgm,gpu3,power_w,233.398
2026-09-30T06:15:12.815Z,gpu-3uwoq-6g3ya-2,dcgm,gpu1,power_w,230.007
2026-09-30T06:15:12.815Z,gpu-3uwoq-6g3ya-2,dcgm,gpu0,power_w,226.497
2026-09-30T06:15:12.815Z,gpu-3uwoq-6g3ya-2,dcgm,gpu2,sm_clock_mhz,2070
2026-09-30T06:15:12.815Z,gpu-3uwoq-6g3ya-2,dcgm,gpu3,sm_clock_mhz,2070
2026-09-30T06:15:12.815Z,gpu-3uwoq-6g3ya-2,dcgm,gpu1,sm_clock_mhz,2070
2026-09-30T06:15:12.815Z,gpu-3uwoq-6g3ya-2,dcgm,gpu0,sm_clock_mhz,2070
2026-09-30T06:15:12.815Z,gpu-3uwoq-6g3ya-2,dcgm,gpu2,dram_active,0
2026-09-30T06:15:12.815Z,gpu-3uwoq-6g3ya-2,dcgm,gpu3,dram_active,0
2026-09-30T06:15:12.815Z,gpu-3uwoq-6g3ya-2,dcgm,gpu1,dram_active,0
2026-09-30T06:15:12.815Z,gpu-3uwoq-6g3ya-2,dcgm,gpu0,dram_active,0
2026-09-30T06:15:12.815Z,gpu-3uwoq-6g3ya-2,dcgm,gpu2,pcie_rx_bytes,50935
2026-09-30T06:15:12.815Z,gpu-3uwoq-6g3ya-2,dcgm,gpu3,pcie_rx_bytes,47310
2026-09-30T06:15:12.815Z,gpu-3uwoq-6g3ya-2,dcgm,gpu1,pcie_rx_bytes,64080
2026-09-30T06:15:12.815Z,gpu-3uwoq-6g3ya-2,dcgm,gpu0,pcie_rx_bytes,55661
2026-09-30T06:15:12.815Z,gpu-3uwoq-6g3ya-2,dcgm,gpu2,pcie_tx_bytes,49778
2026-09-30T06:15:12.815Z,gpu-3uwoq-6g3ya-2,dcgm,gpu3,pcie_tx_bytes,46122
2026-09-30T06:15:12.815Z,gpu-3uwoq-6g3ya-2,dcgm,gpu1,pcie_tx_bytes,62906
2026-09-30T06:15:12.815Z,gpu-3uwoq-6g3ya-2,dcgm,gpu0,pcie_tx_bytes,54473
2026-09-30T06:15:12.815Z,gpu-3uwoq-6g3ya-2,dcgm,gpu2,tensor_active,0
2026-09-30T06:15:12.815Z,gpu-3uwoq-6g3ya-2,dcgm,gpu3,tensor_active,0
2026-09-30T06:15:12.815Z,gpu-3uwoq-6g3ya-2,dcgm,gpu1,tensor_active,0
2026-09-30T06:15:12.815Z,gpu-3uwoq-6g3ya-2,dcgm,gpu0,tensor_active,0
2026-09-30T06:15:12.815Z,gpu-3uwoq-6g3ya-2,dcgm,gpu2,sm_active,0
2026-09-30T06:15:12.815Z,gpu-3uwoq-6g3ya-2,dcgm,gpu3,sm_active,0
2026-09-30T06:15:12.815Z,gpu-3uwoq-6g3ya-2,dcgm,gpu1,sm_active,0
2026-09-30T06:15:12.815Z,gpu-3uwoq-6g3ya-2,dcgm,gpu0,sm_active,0
2026-09-30T06:15:12.815Z,gpu-3uwoq-6g3ya-2,nvlink,gpu0,nvlink_rx_bytes,4.66294e+13
2026-09-30T06:15:12.815Z,gpu-3uwoq-6g3ya-2,nvlink,gpu0,nvlink_tx_bytes,4.66299e+13
2026-09-30T06:15:12.815Z,gpu-3uwoq-6g3ya-2,nvlink,gpu1,nvlink_rx_bytes,4.66294e+13
2026-09-30T06:15:12.815Z,gpu-3uwoq-6g3ya-2,nvlink,gpu1,nvlink_tx_bytes,4.66297e+13
2026-09-30T06:15:12.815Z,gpu-3uwoq-6g3ya-2,nvlink,gpu2,nvlink_rx_bytes,4.66291e+13
2026-09-30T06:15:12.815Z,gpu-3uwoq-6g3ya-2,nvlink,gpu2,nvlink_tx_bytes,4.66294e+13
2026-09-30T06:15:12.815Z,gpu-3uwoq-6g3ya-2,nvlink,gpu3,nvlink_rx_bytes,4.66274e+13
2026-09-30T06:15:12.815Z,gpu-3uwoq-6g3ya-2,nvlink,gpu3,nvlink_tx_bytes,4.66275e+13
2026-09-30T06:15:13.815Z,gpu-3uwoq-6g3ya-2,ib_counter,rdma_vf_rail0,port_xmit_data,2.76329e+12
2026-09-30T06:15:13.815Z,gpu-3uwoq-6g3ya-2,ib_counter,rdma_vf_rail0,port_rcv_data,5.72235e+12
2026-09-30T06:15:13.815Z,gpu-3uwoq-6g3ya-2,ib_counter,rdma_vf_rail0,port_xmit_packets,9.5609e+08
2026-09-30T06:15:13.815Z,gpu-3uwoq-6g3ya-2,ib_counter,rdma_vf_rail0,port_rcv_packets,1.57821e+09
2026-09-30T06:15:13.815Z,gpu-3uwoq-6g3ya-2,ib_counter,rdma_vf_rail0,port_xmit_wait,0
2026-09-30T06:15:13.815Z,gpu-3uwoq-6g3ya-2,ib_counter,rdma_vf_rail0,port_rcv_errors,0
2026-09-30T06:15:13.815Z,gpu-3uwoq-6g3ya-2,ib_counter,rdma_vf_rail0,port_xmit_discards,0
2026-09-30T06:15:13.815Z,gpu-3uwoq-6g3ya-2,ib_counter,rdma_vf_rail0,link_downed,0
2026-09-30T06:15:13.815Z,gpu-3uwoq-6g3ya-2,ib_hw_counter,rdma_vf_rail0,out_of_sequence,0
2026-09-30T06:15:13.815Z,gpu-3uwoq-6g3ya-2,ib_hw_counter,rdma_vf_rail0,packet_seq_err,0
2026-09-30T06:15:13.815Z,gpu-3uwoq-6g3ya-2,ib_hw_counter,rdma_vf_rail0,local_ack_timeout_err,0
2026-09-30T06:15:13.815Z,gpu-3uwoq-6g3ya-2,ib_hw_counter,rdma_vf_rail0,rx_write_requests,7.05021e+08
2026-09-30T06:15:13.815Z,gpu-3uwoq-6g3ya-2,ib_hw_counter,rdma_vf_rail0,rx_read_requests,1.042e+07
2026-09-30T06:15:13.815Z,gpu-3uwoq-6g3ya-2,ib_hw_counter,rdma_vf_rail0,req_cqe_error,0
2026-09-30T06:15:13.815Z,gpu-3uwoq-6g3ya-2,ib_hw_counter,rdma_vf_rail0,resp_cqe_error,0
2026-09-30T06:15:13.815Z,gpu-3uwoq-6g3ya-2,ib_hw_counter,rdma_vf_rail0,implied_nak_seq_err,0
2026-09-30T06:15:13.815Z,gpu-3uwoq-6g3ya-2,ib_hw_counter,rdma_vf_rail0,duplicate_request,0
2026-09-30T06:15:13.815Z,gpu-3uwoq-6g3ya-2,ib_counter,rdma_vf_rail1,port_xmit_data,2.76263e+12
2026-09-30T06:15:13.815Z,gpu-3uwoq-6g3ya-2,ib_counter,rdma_vf_rail1,port_rcv_data,5.72189e+12
2026-09-30T06:15:13.815Z,gpu-3uwoq-6g3ya-2,ib_counter,rdma_vf_rail1,port_xmit_packets,9.52939e+08
2026-09-30T06:15:13.815Z,gpu-3uwoq-6g3ya-2,ib_counter,rdma_vf_rail1,port_rcv_packets,1.57742e+09
2026-09-30T06:15:13.815Z,gpu-3uwoq-6g3ya-2,ib_counter,rdma_vf_rail1,port_xmit_wait,0
2026-09-30T06:15:13.815Z,gpu-3uwoq-6g3ya-2,ib_counter,rdma_vf_rail1,port_rcv_errors,0
2026-09-30T06:15:13.815Z,gpu-3uwoq-6g3ya-2,ib_counter,rdma_vf_rail1,port_xmit_discards,0
2026-09-30T06:15:13.815Z,gpu-3uwoq-6g3ya-2,ib_counter,rdma_vf_rail1,link_downed,0
2026-09-30T06:15:13.815Z,gpu-3uwoq-6g3ya-2,ib_hw_counter,rdma_vf_rail1,out_of_sequence,0
2026-09-30T06:15:13.815Z,gpu-3uwoq-6g3ya-2,ib_hw_counter,rdma_vf_rail1,packet_seq_err,0
2026-09-30T06:15:13.815Z,gpu-3uwoq-6g3ya-2,ib_hw_counter,rdma_vf_rail1,local_ack_timeout_err,0
2026-09-30T06:15:13.815Z,gpu-3uwoq-6g3ya-2,ib_hw_counter,rdma_vf_rail1,rx_write_requests,7.05022e+08
2026-09-30T06:15:13.815Z,gpu-3uwoq-6g3ya-2,ib_hw_counter,rdma_vf_rail1,rx_read_requests,1.042e+07
2026-09-30T06:15:13.815Z,gpu-3uwoq-6g3ya-2,ib_hw_counter,rdma_vf_rail1,req_cqe_error,0
2026-09-30T06:15:13.815Z,gpu-3uwoq-6g3ya-2,ib_hw_counter,rdma_vf_rail1,resp_cqe_error,0
2026-09-30T06:15:13.815Z,gpu-3uwoq-6g3ya-2,ib_hw_counter,rdma_vf_rail1,implied_nak_seq_err,0
2026-09-30T06:15:13.815Z,gpu-3uwoq-6g3ya-2,ib_hw_counter,rdma_vf_rail1,duplicate_request,0
2026-09-30T06:15:13.815Z,gpu-3uwoq-6g3ya-2,ib_counter,rdma_vf_rail2,port_xmit_data,2.76181e+12
2026-09-30T06:15:13.815Z,gpu-3uwoq-6g3ya-2,ib_counter,rdma_vf_rail2,port_rcv_data,5.72057e+12
2026-09-30T06:15:13.815Z,gpu-3uwoq-6g3ya-2,ib_counter,rdma_vf_rail2,port_xmit_packets,9.4252e+08
2026-09-30T06:15:13.815Z,gpu-3uwoq-6g3ya-2,ib_counter,rdma_vf_rail2,port_rcv_packets,1.56133e+09
2026-09-30T06:15:13.815Z,gpu-3uwoq-6g3ya-2,ib_counter,rdma_vf_rail2,port_xmit_wait,0
2026-09-30T06:15:13.815Z,gpu-3uwoq-6g3ya-2,ib_counter,rdma_vf_rail2,port_rcv_errors,0
2026-09-30T06:15:13.815Z,gpu-3uwoq-6g3ya-2,ib_counter,rdma_vf_rail2,port_xmit_discards,0
2026-09-30T06:15:13.815Z,gpu-3uwoq-6g3ya-2,ib_counter,rdma_vf_rail2,link_downed,0
2026-09-30T06:15:13.815Z,gpu-3uwoq-6g3ya-2,ib_hw_counter,rdma_vf_rail2,out_of_sequence,0
2026-09-30T06:15:13.815Z,gpu-3uwoq-6g3ya-2,ib_hw_counter,rdma_vf_rail2,packet_seq_err,0
2026-09-30T06:15:13.815Z,gpu-3uwoq-6g3ya-2,ib_hw_counter,rdma_vf_rail2,local_ack_timeout_err,0
2026-09-30T06:15:13.815Z,gpu-3uwoq-6g3ya-2,ib_hw_counter,rdma_vf_rail2,rx_write_requests,7.05021e+08
2026-09-30T06:15:13.815Z,gpu-3uwoq-6g3ya-2,ib_hw_counter,rdma_vf_rail2,rx_read_requests,1.042e+07
2026-09-30T06:15:13.815Z,gpu-3uwoq-6g3ya-2,ib_hw_counter,rdma_vf_rail2,req_cqe_error,0
2026-09-30T06:15:13.815Z,gpu-3uwoq-6g3ya-2,ib_hw_counter,rdma_vf_rail2,resp_cqe_error,0
2026-09-30T06:15:13.815Z,gpu-3uwoq-6g3ya-2,ib_hw_counter,rdma_vf_rail2,implied_nak_seq_err,0
2026-09-30T06:15:13.815Z,gpu-3uwoq-6g3ya-2,ib_hw_counter,rdma_vf_rail2,duplicate_request,0
2026-09-30T06:15:13.815Z,gpu-3uwoq-6g3ya-2,ib_counter,rdma_vf_rail3,port_xmit_data,2.76167e+12
2026-09-30T06:15:13.815Z,gpu-3uwoq-6g3ya-2,ib_counter,rdma_vf_rail3,port_rcv_data,5.72118e+12
2026-09-30T06:15:13.815Z,gpu-3uwoq-6g3ya-2,ib_counter,rdma_vf_rail3,port_xmit_packets,9.40862e+08
2026-09-30T06:15:13.815Z,gpu-3uwoq-6g3ya-2,ib_counter,rdma_vf_rail3,port_rcv_packets,1.56875e+09
2026-09-30T06:15:13.815Z,gpu-3uwoq-6g3ya-2,ib_counter,rdma_vf_rail3,port_xmit_wait,0
2026-09-30T06:15:13.815Z,gpu-3uwoq-6g3ya-2,ib_counter,rdma_vf_rail3,port_rcv_errors,0
2026-09-30T06:15:13.815Z,gpu-3uwoq-6g3ya-2,ib_counter,rdma_vf_rail3,port_xmit_discards,0
2026-09-30T06:15:13.815Z,gpu-3uwoq-6g3ya-2,ib_counter,rdma_vf_rail3,link_downed,0
2026-09-30T06:15:13.815Z,gpu-3uwoq-6g3ya-2,ib_hw_counter,rdma_vf_rail3,out_of_sequence,0
2026-09-30T06:15:13.815Z,gpu-3uwoq-6g3ya-2,ib_hw_counter,rdma_vf_rail3,packet_seq_err,1
2026-09-30T06:15:13.815Z,gpu-3uwoq-6g3ya-2,ib_hw_counter,rdma_vf_rail3,local_ack_timeout_err,0
2026-09-30T06:15:13.815Z,gpu-3uwoq-6g3ya-2,ib_hw_counter,rdma_vf_rail3,rx_write_requests,7.05021e+08
2026-09-30T06:15:13.815Z,gpu-3uwoq-6g3ya-2,ib_hw_counter,rdma_vf_rail3,rx_read_requests,1.042e+07
2026-09-30T06:15:13.815Z,gpu-3uwoq-6g3ya-2,ib_hw_counter,rdma_vf_rail3,req_cqe_error,0
2026-09-30T06:15:13.815Z,gpu-3uwoq-6g3ya-2,ib_hw_counter,rdma_vf_rail3,resp_cqe_error,0
2026-09-30T06:15:13.815Z,gpu-3uwoq-6g3ya-2,ib_hw_counter,rdma_vf_rail3,implied_nak_seq_err,0
2026-09-30T06:15:13.815Z,gpu-3uwoq-6g3ya-2,ib_hw_counter,rdma_vf_rail3,duplicate_request,0
2026-09-30T06:15:13.815Z,gpu-3uwoq-6g3ya-2,dcgm,gpu2,gpu_util,0
2026-09-30T06:15:13.815Z,gpu-3uwoq-6g3ya-2,dcgm,gpu3,gpu_util,0
2026-09-30T06:15:13.815Z,gpu-3uwoq-6g3ya-2,dcgm,gpu1,gpu_util,0
2026-09-30T06:15:13.815Z,gpu-3uwoq-6g3ya-2,dcgm,gpu0,gpu_util,0
2026-09-30T06:15:13.815Z,gpu-3uwoq-6g3ya-2,dcgm,gpu2,nvlink_bandwidth_total,0
2026-09-30T06:15:13.815Z,gpu-3uwoq-6g3ya-2,dcgm,gpu3,nvlink_bandwidth_total,0
2026-09-30T06:15:13.815Z,gpu-3uwoq-6g3ya-2,dcgm,gpu1,nvlink_bandwidth_total,0
2026-09-30T06:15:13.815Z,gpu-3uwoq-6g3ya-2,dcgm,gpu0,nvlink_bandwidth_total,0
2026-09-30T06:15:13.815Z,gpu-3uwoq-6g3ya-2,dcgm,gpu2,power_w,231.067
2026-09-30T06:15:13.815Z,gpu-3uwoq-6g3ya-2,dcgm,gpu3,power_w,233.398
2026-09-30T06:15:13.815Z,gpu-3uwoq-6g3ya-2,dcgm,gpu1,power_w,230.007
2026-09-30T06:15:13.815Z,gpu-3uwoq-6g3ya-2,dcgm,gpu0,power_w,226.497
2026-09-30T06:15:13.815Z,gpu-3uwoq-6g3ya-2,dcgm,gpu2,sm_clock_mhz,2070
2026-09-30T06:15:13.815Z,gpu-3uwoq-6g3ya-2,dcgm,gpu3,sm_clock_mhz,2070
2026-09-30T06:15:13.815Z,gpu-3uwoq-6g3ya-2,dcgm,gpu1,sm_clock_mhz,2070
2026-09-30T06:15:13.815Z,gpu-3uwoq-6g3ya-2,dcgm,gpu0,sm_clock_mhz,2070
2026-09-30T06:15:13.815Z,gpu-3uwoq-6g3ya-2,dcgm,gpu2,dram_active,0
2026-09-30T06:15:13.815Z,gpu-3uwoq-6g3ya-2,dcgm,gpu3,dram_active,0
2026-09-30T06:15:13.815Z,gpu-3uwoq-6g3ya-2,dcgm,gpu1,dram_active,0
2026-09-30T06:15:13.815Z,gpu-3uwoq-6g3ya-2,dcgm,gpu0,dram_active,0
2026-09-30T06:15:13.815Z,gpu-3uwoq-6g3ya-2,dcgm,gpu2,pcie_rx_bytes,50935
2026-09-30T06:15:13.815Z,gpu-3uwoq-6g3ya-2,dcgm,gpu3,pcie_rx_bytes,47310
2026-09-30T06:15:13.815Z,gpu-3uwoq-6g3ya-2,dcgm,gpu1,pcie_rx_bytes,64080
2026-09-30T06:15:13.815Z,gpu-3uwoq-6g3ya-2,dcgm,gpu0,pcie_rx_bytes,55661
2026-09-30T06:15:13.815Z,gpu-3uwoq-6g3ya-2,dcgm,gpu2,pcie_tx_bytes,49778
2026-09-30T06:15:13.815Z,gpu-3uwoq-6g3ya-2,dcgm,gpu3,pcie_tx_bytes,46122
2026-09-30T06:15:13.815Z,gpu-3uwoq-6g3ya-2,dcgm,gpu1,pcie_tx_bytes,62906
2026-09-30T06:15:13.815Z,gpu-3uwoq-6g3ya-2,dcgm,gpu0,pcie_tx_bytes,54473
2026-09-30T06:15:13.815Z,gpu-3uwoq-6g3ya-2,dcgm,gpu2,tensor_active,0
2026-09-30T06:15:13.815Z,gpu-3uwoq-6g3ya-2,dcgm,gpu3,tensor_active,0
2026-09-30T06:15:13.815Z,gpu-3uwoq-6g3ya-2,dcgm,gpu1,tensor_active,0
2026-09-30T06:15:13.815Z,gpu-3uwoq-6g3ya-2,dcgm,gpu0,tensor_active,0
2026-09-30T06:15:13.815Z,gpu-3uwoq-6g3ya-2,dcgm,gpu2,sm_active,0
2026-09-30T06:15:13.815Z,gpu-3uwoq-6g3ya-2,dcgm,gpu3,sm_active,0
2026-09-30T06:15:13.815Z,gpu-3uwoq-6g3ya-2,dcgm,gpu1,sm_active,0
2026-09-30T06:15:13.815Z,gpu-3uwoq-6g3ya-2,dcgm,gpu0,sm_active,0
2026-09-30T06:15:13.815Z,gpu-3uwoq-6g3ya-2,nvlink,gpu0,nvlink_rx_bytes,4.66294e+13
2026-09-30T06:15:13.815Z,gpu-3uwoq-6g3ya-2,nvlink,gpu0,nvlink_tx_bytes,4.66299e+13
2026-09-30T06:15:13.815Z,gpu-3uwoq-6g3ya-2,nvlink,gpu1,nvlink_rx_bytes,4.66294e+13
2026-09-30T06:15:13.815Z,gpu-3uwoq-6g3ya-2,nvlink,gpu1,nvlink_tx_bytes,4.66297e+13
2026-09-30T06:15:13.815Z,gpu-3uwoq-6g3ya-2,nvlink,gpu2,nvlink_rx_bytes,4.66291e+13
2026-09-30T06:15:13.815Z,gpu-3uwoq-6g3ya-2,nvlink,gpu2,nvlink_tx_bytes,4.66294e+13
2026-09-30T06:15:13.815Z,gpu-3uwoq-6g3ya-2,nvlink,gpu3,nvlink_rx_bytes,4.66274e+13
2026-09-30T06:15:13.815Z,gpu-3uwoq-6g3ya-2,nvlink,gpu3,nvlink_tx_bytes,4.66275e+13
2026-09-30T06:15:14.815Z,gpu-3uwoq-6g3ya-2,ib_counter,rdma_vf_rail0,port_xmit_data,2.76329e+12
2026-09-30T06:15:14.815Z,gpu-3uwoq-6g3ya-2,ib_counter,rdma_vf_rail0,port_rcv_data,5.72235e+12
2026-09-30T06:15:14.815Z,gpu-3uwoq-6g3ya-2,ib_counter,rdma_vf_rail0,port_xmit_packets,9.5609e+08
2026-09-30T06:15:14.815Z,gpu-3uwoq-6g3ya-2,ib_counter,rdma_vf_rail0,port_rcv_packets,1.57821e+09
2026-09-30T06:15:14.815Z,gpu-3uwoq-6g3ya-2,ib_counter,rdma_vf_rail0,port_xmit_wait,0
2026-09-30T06:15:14.815Z,gpu-3uwoq-6g3ya-2,ib_counter,rdma_vf_rail0,port_rcv_errors,0
2026-09-30T06:15:14.815Z,gpu-3uwoq-6g3ya-2,ib_counter,rdma_vf_rail0,port_xmit_discards,0
2026-09-30T06:15:14.815Z,gpu-3uwoq-6g3ya-2,ib_counter,rdma_vf_rail0,link_downed,0
2026-09-30T06:15:14.815Z,gpu-3uwoq-6g3ya-2,ib_hw_counter,rdma_vf_rail0,out_of_sequence,0
2026-09-30T06:15:14.815Z,gpu-3uwoq-6g3ya-2,ib_hw_counter,rdma_vf_rail0,packet_seq_err,0
2026-09-30T06:15:14.815Z,gpu-3uwoq-6g3ya-2,ib_hw_counter,rdma_vf_rail0,local_ack_timeout_err,0
2026-09-30T06:15:14.815Z,gpu-3uwoq-6g3ya-2,ib_hw_counter,rdma_vf_rail0,rx_write_requests,7.05021e+08
2026-09-30T06:15:14.815Z,gpu-3uwoq-6g3ya-2,ib_hw_counter,rdma_vf_rail0,rx_read_requests,1.042e+07
2026-09-30T06:15:14.815Z,gpu-3uwoq-6g3ya-2,ib_hw_counter,rdma_vf_rail0,req_cqe_error,0
2026-09-30T06:15:14.815Z,gpu-3uwoq-6g3ya-2,ib_hw_counter,rdma_vf_rail0,resp_cqe_error,0
2026-09-30T06:15:14.815Z,gpu-3uwoq-6g3ya-2,ib_hw_counter,rdma_vf_rail0,implied_nak_seq_err,0
2026-09-30T06:15:14.815Z,gpu-3uwoq-6g3ya-2,ib_hw_counter,rdma_vf_rail0,duplicate_request,0
2026-09-30T06:15:14.815Z,gpu-3uwoq-6g3ya-2,ib_counter,rdma_vf_rail1,port_xmit_data,2.76263e+12
2026-09-30T06:15:14.815Z,gpu-3uwoq-6g3ya-2,ib_counter,rdma_vf_rail1,port_rcv_data,5.72189e+12
2026-09-30T06:15:14.815Z,gpu-3uwoq-6g3ya-2,ib_counter,rdma_vf_rail1,port_xmit_packets,9.52939e+08
2026-09-30T06:15:14.815Z,gpu-3uwoq-6g3ya-2,ib_counter,rdma_vf_rail1,port_rcv_packets,1.57742e+09
2026-09-30T06:15:14.815Z,gpu-3uwoq-6g3ya-2,ib_counter,rdma_vf_rail1,port_xmit_wait,0
2026-09-30T06:15:14.815Z,gpu-3uwoq-6g3ya-2,ib_counter,rdma_vf_rail1,port_rcv_errors,0
2026-09-30T06:15:14.815Z,gpu-3uwoq-6g3ya-2,ib_counter,rdma_vf_rail1,port_xmit_discards,0
2026-09-30T06:15:14.815Z,gpu-3uwoq-6g3ya-2,ib_counter,rdma_vf_rail1,link_downed,0
2026-09-30T06:15:14.815Z,gpu-3uwoq-6g3ya-2,ib_hw_counter,rdma_vf_rail1,out_of_sequence,0
2026-09-30T06:15:14.815Z,gpu-3uwoq-6g3ya-2,ib_hw_counter,rdma_vf_rail1,packet_seq_err,0
2026-09-30T06:15:14.815Z,gpu-3uwoq-6g3ya-2,ib_hw_counter,rdma_vf_rail1,local_ack_timeout_err,0
2026-09-30T06:15:14.815Z,gpu-3uwoq-6g3ya-2,ib_hw_counter,rdma_vf_rail1,rx_write_requests,7.05022e+08
2026-09-30T06:15:14.815Z,gpu-3uwoq-6g3ya-2,ib_hw_counter,rdma_vf_rail1,rx_read_requests,1.042e+07
2026-09-30T06:15:14.815Z,gpu-3uwoq-6g3ya-2,ib_hw_counter,rdma_vf_rail1,req_cqe_error,0
2026-09-30T06:15:14.815Z,gpu-3uwoq-6g3ya-2,ib_hw_counter,rdma_vf_rail1,resp_cqe_error,0
2026-09-30T06:15:14.815Z,gpu-3uwoq-6g3ya-2,ib_hw_counter,rdma_vf_rail1,implied_nak_seq_err,0
2026-09-30T06:15:14.815Z,gpu-3uwoq-6g3ya-2,ib_hw_counter,rdma_vf_rail1,duplicate_request,0
2026-09-30T06:15:14.815Z,gpu-3uwoq-6g3ya-2,ib_counter,rdma_vf_rail2,port_xmit_data,2.76181e+12
2026-09-30T06:15:14.815Z,gpu-3uwoq-6g3ya-2,ib_counter,rdma_vf_rail2,port_rcv_data,5.72057e+12
2026-09-30T06:15:14.815Z,gpu-3uwoq-6g3ya-2,ib_counter,rdma_vf_rail2,port_xmit_packets,9.4252e+08
2026-09-30T06:15:14.815Z,gpu-3uwoq-6g3ya-2,ib_counter,rdma_vf_rail2,port_rcv_packets,1.56133e+09
2026-09-30T06:15:14.815Z,gpu-3uwoq-6g3ya-2,ib_counter,rdma_vf_rail2,port_xmit_wait,0
2026-09-30T06:15:14.815Z,gpu-3uwoq-6g3ya-2,ib_counter,rdma_vf_rail2,port_rcv_errors,0
2026-09-30T06:15:14.815Z,gpu-3uwoq-6g3ya-2,ib_counter,rdma_vf_rail2,port_xmit_discards,0
2026-09-30T06:15:14.815Z,gpu-3uwoq-6g3ya-2,ib_counter,rdma_vf_rail2,link_downed,0
2026-09-30T06:15:14.815Z,gpu-3uwoq-6g3ya-2,ib_hw_counter,rdma_vf_rail2,out_of_sequence,0
2026-09-30T06:15:14.815Z,gpu-3uwoq-6g3ya-2,ib_hw_counter,rdma_vf_rail2,packet_seq_err,0
2026-09-30T06:15:14.815Z,gpu-3uwoq-6g3ya-2,ib_hw_counter,rdma_vf_rail2,local_ack_timeout_err,0
2026-09-30T06:15:14.815Z,gpu-3uwoq-6g3ya-2,ib_hw_counter,rdma_vf_rail2,rx_write_requests,7.05021e+08
2026-09-30T06:15:14.815Z,gpu-3uwoq-6g3ya-2,ib_hw_counter,rdma_vf_rail2,rx_read_requests,1.042e+07
2026-09-30T06:15:14.815Z,gpu-3uwoq-6g3ya-2,ib_hw_counter,rdma_vf_rail2,req_cqe_error,0
2026-09-30T06:15:14.815Z,gpu-3uwoq-6g3ya-2,ib_hw_counter,rdma_vf_rail2,resp_cqe_error,0
2026-09-30T06:15:14.815Z,gpu-3uwoq-6g3ya-2,ib_hw_counter,rdma_vf_rail2,implied_nak_seq_err,0
2026-09-30T06:15:14.815Z,gpu-3uwoq-6g3ya-2,ib_hw_counter,rdma_vf_rail2,duplicate_request,0
2026-09-30T06:15:14.815Z,gpu-3uwoq-6g3ya-2,ib_counter,rdma_vf_rail3,port_xmit_data,2.76167e+12
2026-09-30T06:15:14.815Z,gpu-3uwoq-6g3ya-2,ib_counter,rdma_vf_rail3,port_rcv_data,5.72118e+12
2026-09-30T06:15:14.815Z,gpu-3uwoq-6g3ya-2,ib_counter,rdma_vf_rail3,port_xmit_packets,9.40862e+08
2026-09-30T06:15:14.815Z,gpu-3uwoq-6g3ya-2,ib_counter,rdma_vf_rail3,port_rcv_packets,1.56875e+09
2026-09-30T06:15:14.815Z,gpu-3uwoq-6g3ya-2,ib_counter,rdma_vf_rail3,port_xmit_wait,0
2026-09-30T06:15:14.815Z,gpu-3uwoq-6g3ya-2,ib_counter,rdma_vf_rail3,port_rcv_errors,0
2026-09-30T06:15:14.815Z,gpu-3uwoq-6g3ya-2,ib_counter,rdma_vf_rail3,port_xmit_discards,0
2026-09-30T06:15:14.815Z,gpu-3uwoq-6g3ya-2,ib_counter,rdma_vf_rail3,link_downed,0
2026-09-30T06:15:14.815Z,gpu-3uwoq-6g3ya-2,ib_hw_counter,rdma_vf_rail3,out_of_sequence,0
2026-09-30T06:15:14.815Z,gpu-3uwoq-6g3ya-2,ib_hw_counter,rdma_vf_rail3,packet_seq_err,1
2026-09-30T06:15:14.815Z,gpu-3uwoq-6g3ya-2,ib_hw_counter,rdma_vf_rail3,local_ack_timeout_err,0
2026-09-30T06:15:14.815Z,gpu-3uwoq-6g3ya-2,ib_hw_counter,rdma_vf_rail3,rx_write_requests,7.05021e+08
2026-09-30T06:15:14.815Z,gpu-3uwoq-6g3ya-2,ib_hw_counter,rdma_vf_rail3,rx_read_requests,1.042e+07
2026-09-30T06:15:14.815Z,gpu-3uwoq-6g3ya-2,ib_hw_counter,rdma_vf_rail3,req_cqe_error,0
2026-09-30T06:15:14.815Z,gpu-3uwoq-6g3ya-2,ib_hw_counter,rdma_vf_rail3,resp_cqe_error,0
2026-09-30T06:15:14.815Z,gpu-3uwoq-6g3ya-2,ib_hw_counter,rdma_vf_rail3,implied_nak_seq_err,0
2026-09-30T06:15:14.815Z,gpu-3uwoq-6g3ya-2,ib_hw_counter,rdma_vf_rail3,duplicate_request,0
2026-09-30T06:15:14.815Z,gpu-3uwoq-6g3ya-2,dcgm,gpu2,gpu_util,0
2026-09-30T06:15:14.815Z,gpu-3uwoq-6g3ya-2,dcgm,gpu3,gpu_util,0
2026-09-30T06:15:14.815Z,gpu-3uwoq-6g3ya-2,dcgm,gpu1,gpu_util,0
2026-09-30T06:15:14.815Z,gpu-3uwoq-6g3ya-2,dcgm,gpu0,gpu_util,0
2026-09-30T06:15:14.815Z,gpu-3uwoq-6g3ya-2,dcgm,gpu2,nvlink_bandwidth_total,0
2026-09-30T06:15:14.815Z,gpu-3uwoq-6g3ya-2,dcgm,gpu3,nvlink_bandwidth_total,0
2026-09-30T06:15:14.815Z,gpu-3uwoq-6g3ya-2,dcgm,gpu1,nvlink_bandwidth_total,0
2026-09-30T06:15:14.815Z,gpu-3uwoq-6g3ya-2,dcgm,gpu0,nvlink_bandwidth_total,0
2026-09-30T06:15:14.815Z,gpu-3uwoq-6g3ya-2,dcgm,gpu2,power_w,231.067
2026-09-30T06:15:14.815Z,gpu-3uwoq-6g3ya-2,dcgm,gpu3,power_w,233.398
2026-09-30T06:15:14.815Z,gpu-3uwoq-6g3ya-2,dcgm,gpu1,power_w,230.007
2026-09-30T06:15:14.815Z,gpu-3uwoq-6g3ya-2,dcgm,gpu0,power_w,226.497
2026-09-30T06:15:14.815Z,gpu-3uwoq-6g3ya-2,dcgm,gpu2,sm_clock_mhz,2070
2026-09-30T06:15:14.815Z,gpu-3uwoq-6g3ya-2,dcgm,gpu3,sm_clock_mhz,2070
2026-09-30T06:15:14.815Z,gpu-3uwoq-6g3ya-2,dcgm,gpu1,sm_clock_mhz,2070
2026-09-30T06:15:14.815Z,gpu-3uwoq-6g3ya-2,dcgm,gpu0,sm_clock_mhz,2070
2026-09-30T06:15:14.815Z,gpu-3uwoq-6g3ya-2,dcgm,gpu2,dram_active,0
2026-09-30T06:15:14.815Z,gpu-3uwoq-6g3ya-2,dcgm,gpu3,dram_active,0
2026-09-30T06:15:14.815Z,gpu-3uwoq-6g3ya-2,dcgm,gpu1,dram_active,0
2026-09-30T06:15:14.815Z,gpu-3uwoq-6g3ya-2,dcgm,gpu0,dram_active,0
2026-09-30T06:15:14.815Z,gpu-3uwoq-6g3ya-2,dcgm,gpu2,pcie_rx_bytes,50935
2026-09-30T06:15:14.815Z,gpu-3uwoq-6g3ya-2,dcgm,gpu3,pcie_rx_bytes,47310
2026-09-30T06:15:14.815Z,gpu-3uwoq-6g3ya-2,dcgm,gpu1,pcie_rx_bytes,64080
2026-09-30T06:15:14.815Z,gpu-3uwoq-6g3ya-2,dcgm,gpu0,pcie_rx_bytes,55661
2026-09-30T06:15:14.815Z,gpu-3uwoq-6g3ya-2,dcgm,gpu2,pcie_tx_bytes,49778
2026-09-30T06:15:14.815Z,gpu-3uwoq-6g3ya-2,dcgm,gpu3,pcie_tx_bytes,46122
2026-09-30T06:15:14.815Z,gpu-3uwoq-6g3ya-2,dcgm,gpu1,pcie_tx_bytes,62906
2026-09-30T06:15:14.815Z,gpu-3uwoq-6g3ya-2,dcgm,gpu0,pcie_tx_bytes,54473
2026-09-30T06:15:14.815Z,gpu-3uwoq-6g3ya-2,dcgm,gpu2,tensor_active,0
2026-09-30T06:15:14.815Z,gpu-3uwoq-6g3ya-2,dcgm,gpu3,tensor_active,0
2026-09-30T06:15:14.815Z,gpu-3uwoq-6g3ya-2,dcgm,gpu1,tensor_active,0
2026-09-30T06:15:14.815Z,gpu-3uwoq-6g3ya-2,dcgm,gpu0,tensor_active,0
2026-09-30T06:15:14.815Z,gpu-3uwoq-6g3ya-2,dcgm,gpu2,sm_active,0
2026-09-30T06:15:14.815Z,gpu-3uwoq-6g3ya-2,dcgm,gpu3,sm_active,0
2026-09-30T06:15:14.815Z,gpu-3uwoq-6g3ya-2,dcgm,gpu1,sm_active,0
2026-09-30T06:15:14.815Z,gpu-3uwoq-6g3ya-2,dcgm,gpu0,sm_active,0
2026-09-30T06:15:14.815Z,gpu-3uwoq-6g3ya-2,nvlink,gpu0,nvlink_rx_bytes,4.66294e+13
2026-09-30T06:15:14.815Z,gpu-3uwoq-6g3ya-2,nvlink,gpu0,nvlink_tx_bytes,4.66299e+13
2026-09-30T06:15:14.815Z,gpu-3uwoq-6g3ya-2,nvlink,gpu1,nvlink_rx_bytes,4.66294e+13
2026-09-30T06:15:14.815Z,gpu-3uwoq-6g3ya-2,nvlink,gpu1,nvlink_tx_bytes,4.66297e+13
2026-09-30T06:15:14.815Z,gpu-3uwoq-6g3ya-2,nvlink,gpu2,nvlink_rx_bytes,4.66291e+13
2026-09-30T06:15:14.815Z,gpu-3uwoq-6g3ya-2,nvlink,gpu2,nvlink_tx_bytes,4.66294e+13
2026-09-30T06:15:14.815Z,gpu-3uwoq-6g3ya-2,nvlink,gpu3,nvlink_rx_bytes,4.66274e+13
2026-09-30T06:15:14.815Z,gpu-3uwoq-6g3ya-2,nvlink,gpu3,nvlink_tx_bytes,4.66275e+13
2026-09-30T06:15:15.815Z,gpu-3uwoq-6g3ya-2,ib_counter,rdma_vf_rail0,port_xmit_data,2.76329e+12
2026-09-30T06:15:15.815Z,gpu-3uwoq-6g3ya-2,ib_counter,rdma_vf_rail0,port_rcv_data,5.72235e+12
2026-09-30T06:15:15.815Z,gpu-3uwoq-6g3ya-2,ib_counter,rdma_vf_rail0,port_xmit_packets,9.5609e+08
2026-09-30T06:15:15.815Z,gpu-3uwoq-6g3ya-2,ib_counter,rdma_vf_rail0,port_rcv_packets,1.57821e+09
2026-09-30T06:15:15.815Z,gpu-3uwoq-6g3ya-2,ib_counter,rdma_vf_rail0,port_xmit_wait,0
2026-09-30T06:15:15.815Z,gpu-3uwoq-6g3ya-2,ib_counter,rdma_vf_rail0,port_rcv_errors,0
2026-09-30T06:15:15.815Z,gpu-3uwoq-6g3ya-2,ib_counter,rdma_vf_rail0,port_xmit_discards,0
2026-09-30T06:15:15.815Z,gpu-3uwoq-6g3ya-2,ib_counter,rdma_vf_rail0,link_downed,0
2026-09-30T06:15:15.815Z,gpu-3uwoq-6g3ya-2,ib_hw_counter,rdma_vf_rail0,out_of_sequence,0
2026-09-30T06:15:15.815Z,gpu-3uwoq-6g3ya-2,ib_hw_counter,rdma_vf_rail0,packet_seq_err,0
2026-09-30T06:15:15.815Z,gpu-3uwoq-6g3ya-2,ib_hw_counter,rdma_vf_rail0,local_ack_timeout_err,0
2026-09-30T06:15:15.815Z,gpu-3uwoq-6g3ya-2,ib_hw_counter,rdma_vf_rail0,rx_write_requests,7.05021e+08
2026-09-30T06:15:15.815Z,gpu-3uwoq-6g3ya-2,ib_hw_counter,rdma_vf_rail0,rx_read_requests,1.042e+07
2026-09-30T06:15:15.815Z,gpu-3uwoq-6g3ya-2,ib_hw_counter,rdma_vf_rail0,req_cqe_error,0
2026-09-30T06:15:15.815Z,gpu-3uwoq-6g3ya-2,ib_hw_counter,rdma_vf_rail0,resp_cqe_error,0
2026-09-30T06:15:15.815Z,gpu-3uwoq-6g3ya-2,ib_hw_counter,rdma_vf_rail0,implied_nak_seq_err,0
2026-09-30T06:15:15.815Z,gpu-3uwoq-6g3ya-2,ib_hw_counter,rdma_vf_rail0,duplicate_request,0
2026-09-30T06:15:15.815Z,gpu-3uwoq-6g3ya-2,ib_counter,rdma_vf_rail1,port_xmit_data,2.76263e+12
2026-09-30T06:15:15.815Z,gpu-3uwoq-6g3ya-2,ib_counter,rdma_vf_rail1,port_rcv_data,5.72189e+12
2026-09-30T06:15:15.815Z,gpu-3uwoq-6g3ya-2,ib_counter,rdma_vf_rail1,port_xmit_packets,9.52939e+08
2026-09-30T06:15:15.815Z,gpu-3uwoq-6g3ya-2,ib_counter,rdma_vf_rail1,port_rcv_packets,1.57742e+09
2026-09-30T06:15:15.815Z,gpu-3uwoq-6g3ya-2,ib_counter,rdma_vf_rail1,port_xmit_wait,0
2026-09-30T06:15:15.815Z,gpu-3uwoq-6g3ya-2,ib_counter,rdma_vf_rail1,port_rcv_errors,0
2026-09-30T06:15:15.815Z,gpu-3uwoq-6g3ya-2,ib_counter,rdma_vf_rail1,port_xmit_discards,0
2026-09-30T06:15:15.815Z,gpu-3uwoq-6g3ya-2,ib_counter,rdma_vf_rail1,link_downed,0
2026-09-30T06:15:15.815Z,gpu-3uwoq-6g3ya-2,ib_hw_counter,rdma_vf_rail1,out_of_sequence,0
2026-09-30T06:15:15.815Z,gpu-3uwoq-6g3ya-2,ib_hw_counter,rdma_vf_rail1,packet_seq_err,0
2026-09-30T06:15:15.815Z,gpu-3uwoq-6g3ya-2,ib_hw_counter,rdma_vf_rail1,local_ack_timeout_err,0
2026-09-30T06:15:15.815Z,gpu-3uwoq-6g3ya-2,ib_hw_counter,rdma_vf_rail1,rx_write_requests,7.05022e+08
2026-09-30T06:15:15.815Z,gpu-3uwoq-6g3ya-2,ib_hw_counter,rdma_vf_rail1,rx_read_requests,1.042e+07
2026-09-30T06:15:15.815Z,gpu-3uwoq-6g3ya-2,ib_hw_counter,rdma_vf_rail1,req_cqe_error,0
2026-09-30T06:15:15.815Z,gpu-3uwoq-6g3ya-2,ib_hw_counter,rdma_vf_rail1,resp_cqe_error,0
2026-09-30T06:15:15.815Z,gpu-3uwoq-6g3ya-2,ib_hw_counter,rdma_vf_rail1,implied_nak_seq_err,0
2026-09-30T06:15:15.815Z,gpu-3uwoq-6g3ya-2,ib_hw_counter,rdma_vf_rail1,duplicate_request,0
2026-09-30T06:15:15.815Z,gpu-3uwoq-6g3ya-2,ib_counter,rdma_vf_rail2,port_xmit_data,2.76181e+12
2026-09-30T06:15:15.815Z,gpu-3uwoq-6g3ya-2,ib_counter,rdma_vf_rail2,port_rcv_data,5.72057e+12
2026-09-30T06:15:15.815Z,gpu-3uwoq-6g3ya-2,ib_counter,rdma_vf_rail2,port_xmit_packets,9.4252e+08
2026-09-30T06:15:15.815Z,gpu-3uwoq-6g3ya-2,ib_counter,rdma_vf_rail2,port_rcv_packets,1.56133e+09
2026-09-30T06:15:15.815Z,gpu-3uwoq-6g3ya-2,ib_counter,rdma_vf_rail2,port_xmit_wait,0
2026-09-30T06:15:15.815Z,gpu-3uwoq-6g3ya-2,ib_counter,rdma_vf_rail2,port_rcv_errors,0
2026-09-30T06:15:15.815Z,gpu-3uwoq-6g3ya-2,ib_counter,rdma_vf_rail2,port_xmit_discards,0
2026-09-30T06:15:15.815Z,gpu-3uwoq-6g3ya-2,ib_counter,rdma_vf_rail2,link_downed,0
2026-09-30T06:15:15.815Z,gpu-3uwoq-6g3ya-2,ib_hw_counter,rdma_vf_rail2,out_of_sequence,0
2026-09-30T06:15:15.815Z,gpu-3uwoq-6g3ya-2,ib_hw_counter,rdma_vf_rail2,packet_seq_err,0
2026-09-30T06:15:15.815Z,gpu-3uwoq-6g3ya-2,ib_hw_counter,rdma_vf_rail2,local_ack_timeout_err,0
2026-09-30T06:15:15.815Z,gpu-3uwoq-6g3ya-2,ib_hw_counter,rdma_vf_rail2,rx_write_requests,7.05021e+08
2026-09-30T06:15:15.815Z,gpu-3uwoq-6g3ya-2,ib_hw_counter,rdma_vf_rail2,rx_read_requests,1.042e+07
2026-09-30T06:15:15.815Z,gpu-3uwoq-6g3ya-2,ib_hw_counter,rdma_vf_rail2,req_cqe_error,0
2026-09-30T06:15:15.815Z,gpu-3uwoq-6g3ya-2,ib_hw_counter,rdma_vf_rail2,resp_cqe_error,0
2026-09-30T06:15:15.815Z,gpu-3uwoq-6g3ya-2,ib_hw_counter,rdma_vf_rail2,implied_nak_seq_err,0
2026-09-30T06:15:15.815Z,gpu-3uwoq-6g3ya-2,ib_hw_counter,rdma_vf_rail2,duplicate_request,0
2026-09-30T06:15:15.815Z,gpu-3uwoq-6g3ya-2,ib_counter,rdma_vf_rail3,port_xmit_data,2.76167e+12
2026-09-30T06:15:15.815Z,gpu-3uwoq-6g3ya-2,ib_counter,rdma_vf_rail3,port_rcv_data,5.72118e+12
2026-09-30T06:15:15.815Z,gpu-3uwoq-6g3ya-2,ib_counter,rdma_vf_rail3,port_xmit_packets,9.40862e+08
2026-09-30T06:15:15.815Z,gpu-3uwoq-6g3ya-2,ib_counter,rdma_vf_rail3,port_rcv_packets,1.56875e+09
2026-09-30T06:15:15.815Z,gpu-3uwoq-6g3ya-2,ib_counter,rdma_vf_rail3,port_xmit_wait,0
2026-09-30T06:15:15.815Z,gpu-3uwoq-6g3ya-2,ib_counter,rdma_vf_rail3,port_rcv_errors,0
2026-09-30T06:15:15.815Z,gpu-3uwoq-6g3ya-2,ib_counter,rdma_vf_rail3,port_xmit_discards,0
2026-09-30T06:15:15.815Z,gpu-3uwoq-6g3ya-2,ib_counter,rdma_vf_rail3,link_downed,0
2026-09-30T06:15:15.815Z,gpu-3uwoq-6g3ya-2,ib_hw_counter,rdma_vf_rail3,out_of_sequence,0
2026-09-30T06:15:15.815Z,gpu-3uwoq-6g3ya-2,ib_hw_counter,rdma_vf_rail3,packet_seq_err,1
2026-09-30T06:15:15.815Z,gpu-3uwoq-6g3ya-2,ib_hw_counter,rdma_vf_rail3,local_ack_timeout_err,0
2026-09-30T06:15:15.815Z,gpu-3uwoq-6g3ya-2,ib_hw_counter,rdma_vf_rail3,rx_write_requests,7.05021e+08
2026-09-30T06:15:15.815Z,gpu-3uwoq-6g3ya-2,ib_hw_counter,rdma_vf_rail3,rx_read_requests,1.042e+07
2026-09-30T06:15:15.815Z,gpu-3uwoq-6g3ya-2,ib_hw_counter,rdma_vf_rail3,req_cqe_error,0
2026-09-30T06:15:15.815Z,gpu-3uwoq-6g3ya-2,ib_hw_counter,rdma_vf_rail3,resp_cqe_error,0
2026-09-30T06:15:15.815Z,gpu-3uwoq-6g3ya-2,ib_hw_counter,rdma_vf_rail3,implied_nak_seq_err,0
2026-09-30T06:15:15.815Z,gpu-3uwoq-6g3ya-2,ib_hw_counter,rdma_vf_rail3,duplicate_request,0
2026-09-30T06:15:15.815Z,gpu-3uwoq-6g3ya-2,dcgm,gpu2,gpu_util,0
2026-09-30T06:15:15.815Z,gpu-3uwoq-6g3ya-2,dcgm,gpu3,gpu_util,0
2026-09-30T06:15:15.815Z,gpu-3uwoq-6g3ya-2,dcgm,gpu1,gpu_util,0
2026-09-30T06:15:15.815Z,gpu-3uwoq-6g3ya-2,dcgm,gpu0,gpu_util,0
2026-09-30T06:15:15.815Z,gpu-3uwoq-6g3ya-2,dcgm,gpu2,nvlink_bandwidth_total,0
2026-09-30T06:15:15.815Z,gpu-3uwoq-6g3ya-2,dcgm,gpu3,nvlink_bandwidth_total,0
2026-09-30T06:15:15.815Z,gpu-3uwoq-6g3ya-2,dcgm,gpu1,nvlink_bandwidth_total,0
2026-09-30T06:15:15.815Z,gpu-3uwoq-6g3ya-2,dcgm,gpu0,nvlink_bandwidth_total,0
2026-09-30T06:15:15.815Z,gpu-3uwoq-6g3ya-2,dcgm,gpu2,power_w,231.067
2026-09-30T06:15:15.815Z,gpu-3uwoq-6g3ya-2,dcgm,gpu3,power_w,233.398
2026-09-30T06:15:15.815Z,gpu-3uwoq-6g3ya-2,dcgm,gpu1,power_w,230.007
2026-09-30T06:15:15.815Z,gpu-3uwoq-6g3ya-2,dcgm,gpu0,power_w,226.497
2026-09-30T06:15:15.815Z,gpu-3uwoq-6g3ya-2,dcgm,gpu2,sm_clock_mhz,2070
2026-09-30T06:15:15.815Z,gpu-3uwoq-6g3ya-2,dcgm,gpu3,sm_clock_mhz,2070
2026-09-30T06:15:15.815Z,gpu-3uwoq-6g3ya-2,dcgm,gpu1,sm_clock_mhz,2070
2026-09-30T06:15:15.815Z,gpu-3uwoq-6g3ya-2,dcgm,gpu0,sm_clock_mhz,2070
2026-09-30T06:15:15.815Z,gpu-3uwoq-6g3ya-2,dcgm,gpu2,dram_active,0
2026-09-30T06:15:15.815Z,gpu-3uwoq-6g3ya-2,dcgm,gpu3,dram_active,0
2026-09-30T06:15:15.815Z,gpu-3uwoq-6g3ya-2,dcgm,gpu1,dram_active,0
2026-09-30T06:15:15.815Z,gpu-3uwoq-6g3ya-2,dcgm,gpu0,dram_active,0
2026-09-30T06:15:15.815Z,gpu-3uwoq-6g3ya-2,dcgm,gpu2,pcie_rx_bytes,50935
2026-09-30T06:15:15.815Z,gpu-3uwoq-6g3ya-2,dcgm,gpu3,pcie_rx_bytes,47310
2026-09-30T06:15:15.815Z,gpu-3uwoq-6g3ya-2,dcgm,gpu1,pcie_rx_bytes,64080
2026-09-30T06:15:15.815Z,gpu-3uwoq-6g3ya-2,dcgm,gpu0,pcie_rx_bytes,55661
2026-09-30T06:15:15.815Z,gpu-3uwoq-6g3ya-2,dcgm,gpu2,pcie_tx_bytes,49778
2026-09-30T06:15:15.815Z,gpu-3uwoq-6g3ya-2,dcgm,gpu3,pcie_tx_bytes,46122
2026-09-30T06:15:15.815Z,gpu-3uwoq-6g3ya-2,dcgm,gpu1,pcie_tx_bytes,62906
2026-09-30T06:15:15.815Z,gpu-3uwoq-6g3ya-2,dcgm,gpu0,pcie_tx_bytes,54473
2026-09-30T06:15:15.815Z,gpu-3uwoq-6g3ya-2,dcgm,gpu2,tensor_active,0
2026-09-30T06:15:15.815Z,gpu-3uwoq-6g3ya-2,dcgm,gpu3,tensor_active,0
2026-09-30T06:15:15.815Z,gpu-3uwoq-6g3ya-2,dcgm,gpu1,tensor_active,0
2026-09-30T06:15:15.815Z,gpu-3uwoq-6g3ya-2,dcgm,gpu0,tensor_active,0
2026-09-30T06:15:15.815Z,gpu-3uwoq-6g3ya-2,dcgm,gpu2,sm_active,0
2026-09-30T06:15:15.815Z,gpu-3uwoq-6g3ya-2,dcgm,gpu3,sm_active,0
2026-09-30T06:15:15.815Z,gpu-3uwoq-6g3ya-2,dcgm,gpu1,sm_active,0
2026-09-30T06:15:15.815Z,gpu-3uwoq-6g3ya-2,dcgm,gpu0,sm_active,0
2026-09-30T06:15:15.815Z,gpu-3uwoq-6g3ya-2,nvlink,gpu0,nvlink_rx_bytes,4.66294e+13
2026-09-30T06:15:15.815Z,gpu-3uwoq-6g3ya-2,nvlink,gpu0,nvlink_tx_bytes,4.66299e+13
2026-09-30T06:15:15.815Z,gpu-3uwoq-6g3ya-2,nvlink,gpu1,nvlink_rx_bytes,4.66294e+13
2026-09-30T06:15:15.815Z,gpu-3uwoq-6g3ya-2,nvlink,gpu1,nvlink_tx_bytes,4.66297e+13
2026-09-30T06:15:15.815Z,gpu-3uwoq-6g3ya-2,nvlink,gpu2,nvlink_rx_bytes,4.66291e+13
2026-09-30T06:15:15.815Z,gpu-3uwoq-6g3ya-2,nvlink,gpu2,nvlink_tx_bytes,4.66294e+13
2026-09-30T06:15:15.815Z,gpu-3uwoq-6g3ya-2,nvlink,gpu3,nvlink_rx_bytes,4.66274e+13
2026-09-30T06:15:15.815Z,gpu-3uwoq-6g3ya-2,nvlink,gpu3,nvlink_tx_bytes,4.66275e+13
2026-09-30T06:15:16.815Z,gpu-3uwoq-6g3ya-2,ib_counter,rdma_vf_rail0,port_xmit_data,2.76329e+12
2026-09-30T06:15:16.815Z,gpu-3uwoq-6g3ya-2,ib_counter,rdma_vf_rail0,port_rcv_data,5.72235e+12
2026-09-30T06:15:16.815Z,gpu-3uwoq-6g3ya-2,ib_counter,rdma_vf_rail0,port_xmit_packets,9.5609e+08
2026-09-30T06:15:16.815Z,gpu-3uwoq-6g3ya-2,ib_counter,rdma_vf_rail0,port_rcv_packets,1.57821e+09
2026-09-30T06:15:16.815Z,gpu-3uwoq-6g3ya-2,ib_counter,rdma_vf_rail0,port_xmit_wait,0
2026-09-30T06:15:16.815Z,gpu-3uwoq-6g3ya-2,ib_counter,rdma_vf_rail0,port_rcv_errors,0
2026-09-30T06:15:16.815Z,gpu-3uwoq-6g3ya-2,ib_counter,rdma_vf_rail0,port_xmit_discards,0
2026-09-30T06:15:16.815Z,gpu-3uwoq-6g3ya-2,ib_counter,rdma_vf_rail0,link_downed,0
2026-09-30T06:15:16.815Z,gpu-3uwoq-6g3ya-2,ib_hw_counter,rdma_vf_rail0,out_of_sequence,0
2026-09-30T06:15:16.815Z,gpu-3uwoq-6g3ya-2,ib_hw_counter,rdma_vf_rail0,packet_seq_err,0
2026-09-30T06:15:16.815Z,gpu-3uwoq-6g3ya-2,ib_hw_counter,rdma_vf_rail0,local_ack_timeout_err,0
2026-09-30T06:15:16.815Z,gpu-3uwoq-6g3ya-2,ib_hw_counter,rdma_vf_rail0,rx_write_requests,7.05021e+08
2026-09-30T06:15:16.815Z,gpu-3uwoq-6g3ya-2,ib_hw_counter,rdma_vf_rail0,rx_read_requests,1.042e+07
2026-09-30T06:15:16.815Z,gpu-3uwoq-6g3ya-2,ib_hw_counter,rdma_vf_rail0,req_cqe_error,0
2026-09-30T06:15:16.815Z,gpu-3uwoq-6g3ya-2,ib_hw_counter,rdma_vf_rail0,resp_cqe_error,0
2026-09-30T06:15:16.815Z,gpu-3uwoq-6g3ya-2,ib_hw_counter,rdma_vf_rail0,implied_nak_seq_err,0
2026-09-30T06:15:16.815Z,gpu-3uwoq-6g3ya-2,ib_hw_counter,rdma_vf_rail0,duplicate_request,0
2026-09-30T06:15:16.815Z,gpu-3uwoq-6g3ya-2,ib_counter,rdma_vf_rail1,port_xmit_data,2.76263e+12
2026-09-30T06:15:16.815Z,gpu-3uwoq-6g3ya-2,ib_counter,rdma_vf_rail1,port_rcv_data,5.72189e+12
2026-09-30T06:15:16.815Z,gpu-3uwoq-6g3ya-2,ib_counter,rdma_vf_rail1,port_xmit_packets,9.52939e+08
2026-09-30T06:15:16.815Z,gpu-3uwoq-6g3ya-2,ib_counter,rdma_vf_rail1,port_rcv_packets,1.57742e+09
2026-09-30T06:15:16.815Z,gpu-3uwoq-6g3ya-2,ib_counter,rdma_vf_rail1,port_xmit_wait,0
2026-09-30T06:15:16.815Z,gpu-3uwoq-6g3ya-2,ib_counter,rdma_vf_rail1,port_rcv_errors,0
2026-09-30T06:15:16.815Z,gpu-3uwoq-6g3ya-2,ib_counter,rdma_vf_rail1,port_xmit_discards,0
2026-09-30T06:15:16.815Z,gpu-3uwoq-6g3ya-2,ib_counter,rdma_vf_rail1,link_downed,0
2026-09-30T06:15:16.815Z,gpu-3uwoq-6g3ya-2,ib_hw_counter,rdma_vf_rail1,out_of_sequence,0
2026-09-30T06:15:16.815Z,gpu-3uwoq-6g3ya-2,ib_hw_counter,rdma_vf_rail1,packet_seq_err,0
2026-09-30T06:15:16.815Z,gpu-3uwoq-6g3ya-2,ib_hw_counter,rdma_vf_rail1,local_ack_timeout_err,0
2026-09-30T06:15:16.815Z,gpu-3uwoq-6g3ya-2,ib_hw_counter,rdma_vf_rail1,rx_write_requests,7.05022e+08
2026-09-30T06:15:16.815Z,gpu-3uwoq-6g3ya-2,ib_hw_counter,rdma_vf_rail1,rx_read_requests,1.042e+07
2026-09-30T06:15:16.815Z,gpu-3uwoq-6g3ya-2,ib_hw_counter,rdma_vf_rail1,req_cqe_error,0
2026-09-30T06:15:16.815Z,gpu-3uwoq-6g3ya-2,ib_hw_counter,rdma_vf_rail1,resp_cqe_error,0
2026-09-30T06:15:16.815Z,gpu-3uwoq-6g3ya-2,ib_hw_counter,rdma_vf_rail1,implied_nak_seq_err,0
2026-09-30T06:15:16.815Z,gpu-3uwoq-6g3ya-2,ib_hw_counter,rdma_vf_rail1,duplicate_request,0
2026-09-30T06:15:16.815Z,gpu-3uwoq-6g3ya-2,ib_counter,rdma_vf_rail2,port_xmit_data,2.76181e+12
2026-09-30T06:15:16.815Z,gpu-3uwoq-6g3ya-2,ib_counter,rdma_vf_rail2,port_rcv_data,5.72057e+12
2026-09-30T06:15:16.815Z,gpu-3uwoq-6g3ya-2,ib_counter,rdma_vf_rail2,port_xmit_packets,9.4252e+08
2026-09-30T06:15:16.815Z,gpu-3uwoq-6g3ya-2,ib_counter,rdma_vf_rail2,port_rcv_packets,1.56133e+09
2026-09-30T06:15:16.815Z,gpu-3uwoq-6g3ya-2,ib_counter,rdma_vf_rail2,port_xmit_wait,0
2026-09-30T06:15:16.815Z,gpu-3uwoq-6g3ya-2,ib_counter,rdma_vf_rail2,port_rcv_errors,0
2026-09-30T06:15:16.815Z,gpu-3uwoq-6g3ya-2,ib_counter,rdma_vf_rail2,port_xmit_discards,0
2026-09-30T06:15:16.815Z,gpu-3uwoq-6g3ya-2,ib_counter,rdma_vf_rail2,link_downed,0
2026-09-30T06:15:16.815Z,gpu-3uwoq-6g3ya-2,ib_hw_counter,rdma_vf_rail2,out_of_sequence,0
2026-09-30T06:15:16.815Z,gpu-3uwoq-6g3ya-2,ib_hw_counter,rdma_vf_rail2,packet_seq_err,0
2026-09-30T06:15:16.815Z,gpu-3uwoq-6g3ya-2,ib_hw_counter,rdma_vf_rail2,local_ack_timeout_err,0
2026-09-30T06:15:16.815Z,gpu-3uwoq-6g3ya-2,ib_hw_counter,rdma_vf_rail2,rx_write_requests,7.05021e+08
2026-09-30T06:15:16.815Z,gpu-3uwoq-6g3ya-2,ib_hw_counter,rdma_vf_rail2,rx_read_requests,1.042e+07
2026-09-30T06:15:16.815Z,gpu-3uwoq-6g3ya-2,ib_hw_counter,rdma_vf_rail2,req_cqe_error,0
2026-09-30T06:15:16.815Z,gpu-3uwoq-6g3ya-2,ib_hw_counter,rdma_vf_rail2,resp_cqe_error,0
2026-09-30T06:15:16.815Z,gpu-3uwoq-6g3ya-2,ib_hw_counter,rdma_vf_rail2,implied_nak_seq_err,0
2026-09-30T06:15:16.815Z,gpu-3uwoq-6g3ya-2,ib_hw_counter,rdma_vf_rail2,duplicate_request,0
2026-09-30T06:15:16.815Z,gpu-3uwoq-6g3ya-2,ib_counter,rdma_vf_rail3,port_xmit_data,2.76167e+12
2026-09-30T06:15:16.815Z,gpu-3uwoq-6g3ya-2,ib_counter,rdma_vf_rail3,port_rcv_data,5.72118e+12
2026-09-30T06:15:16.815Z,gpu-3uwoq-6g3ya-2,ib_counter,rdma_vf_rail3,port_xmit_packets,9.40862e+08
2026-09-30T06:15:16.815Z,gpu-3uwoq-6g3ya-2,ib_counter,rdma_vf_rail3,port_rcv_packets,1.56875e+09
2026-09-30T06:15:16.815Z,gpu-3uwoq-6g3ya-2,ib_counter,rdma_vf_rail3,port_xmit_wait,0
2026-09-30T06:15:16.815Z,gpu-3uwoq-6g3ya-2,ib_counter,rdma_vf_rail3,port_rcv_errors,0
2026-09-30T06:15:16.815Z,gpu-3uwoq-6g3ya-2,ib_counter,rdma_vf_rail3,port_xmit_discards,0
2026-09-30T06:15:16.815Z,gpu-3uwoq-6g3ya-2,ib_counter,rdma_vf_rail3,link_downed,0
2026-09-30T06:15:16.815Z,gpu-3uwoq-6g3ya-2,ib_hw_counter,rdma_vf_rail3,out_of_sequence,0
2026-09-30T06:15:16.815Z,gpu-3uwoq-6g3ya-2,ib_hw_counter,rdma_vf_rail3,packet_seq_err,1
2026-09-30T06:15:16.815Z,gpu-3uwoq-6g3ya-2,ib_hw_counter,rdma_vf_rail3,local_ack_timeout_err,0
2026-09-30T06:15:16.815Z,gpu-3uwoq-6g3ya-2,ib_hw_counter,rdma_vf_rail3,rx_write_requests,7.05021e+08
2026-09-30T06:15:16.815Z,gpu-3uwoq-6g3ya-2,ib_hw_counter,rdma_vf_rail3,rx_read_requests,1.042e+07
2026-09-30T06:15:16.815Z,gpu-3uwoq-6g3ya-2,ib_hw_counter,rdma_vf_rail3,req_cqe_error,0
2026-09-30T06:15:16.815Z,gpu-3uwoq-6g3ya-2,ib_hw_counter,rdma_vf_rail3,resp_cqe_error,0
2026-09-30T06:15:16.815Z,gpu-3uwoq-6g3ya-2,ib_hw_counter,rdma_vf_rail3,implied_nak_seq_err,0
2026-09-30T06:15:16.815Z,gpu-3uwoq-6g3ya-2,ib_hw_counter,rdma_vf_rail3,duplicate_request,0
2026-09-30T06:15:16.815Z,gpu-3uwoq-6g3ya-2,dcgm,gpu2,gpu_util,0
2026-09-30T06:15:16.815Z,gpu-3uwoq-6g3ya-2,dcgm,gpu3,gpu_util,0
2026-09-30T06:15:16.815Z,gpu-3uwoq-6g3ya-2,dcgm,gpu1,gpu_util,0
2026-09-30T06:15:16.815Z,gpu-3uwoq-6g3ya-2,dcgm,gpu0,gpu_util,0
2026-09-30T06:15:16.815Z,gpu-3uwoq-6g3ya-2,dcgm,gpu2,nvlink_bandwidth_total,0
2026-09-30T06:15:16.815Z,gpu-3uwoq-6g3ya-2,dcgm,gpu3,nvlink_bandwidth_total,0
2026-09-30T06:15:16.815Z,gpu-3uwoq-6g3ya-2,dcgm,gpu1,nvlink_bandwidth_total,0
2026-09-30T06:15:16.815Z,gpu-3uwoq-6g3ya-2,dcgm,gpu0,nvlink_bandwidth_total,0
2026-09-30T06:15:16.815Z,gpu-3uwoq-6g3ya-2,dcgm,gpu2,power_w,231.067
2026-09-30T06:15:16.815Z,gpu-3uwoq-6g3ya-2,dcgm,gpu3,power_w,233.398
2026-09-30T06:15:16.815Z,gpu-3uwoq-6g3ya-2,dcgm,gpu1,power_w,230.007
2026-09-30T06:15:16.815Z,gpu-3uwoq-6g3ya-2,dcgm,gpu0,power_w,226.497
2026-09-30T06:15:16.815Z,gpu-3uwoq-6g3ya-2,dcgm,gpu2,sm_clock_mhz,2070
2026-09-30T06:15:16.815Z,gpu-3uwoq-6g3ya-2,dcgm,gpu3,sm_clock_mhz,2070
2026-09-30T06:15:16.815Z,gpu-3uwoq-6g3ya-2,dcgm,gpu1,sm_clock_mhz,2070
2026-09-30T06:15:16.815Z,gpu-3uwoq-6g3ya-2,dcgm,gpu0,sm_clock_mhz,2070
2026-09-30T06:15:16.815Z,gpu-3uwoq-6g3ya-2,dcgm,gpu2,dram_active,0
2026-09-30T06:15:16.815Z,gpu-3uwoq-6g3ya-2,dcgm,gpu3,dram_active,0
2026-09-30T06:15:16.815Z,gpu-3uwoq-6g3ya-2,dcgm,gpu1,dram_active,0
2026-09-30T06:15:16.815Z,gpu-3uwoq-6g3ya-2,dcgm,gpu0,dram_active,0
2026-09-30T06:15:16.815Z,gpu-3uwoq-6g3ya-2,dcgm,gpu2,pcie_rx_bytes,50935
2026-09-30T06:15:16.815Z,gpu-3uwoq-6g3ya-2,dcgm,gpu3,pcie_rx_bytes,47310
2026-09-30T06:15:16.815Z,gpu-3uwoq-6g3ya-2,dcgm,gpu1,pcie_rx_bytes,64080
2026-09-30T06:15:16.815Z,gpu-3uwoq-6g3ya-2,dcgm,gpu0,pcie_rx_bytes,55661
2026-09-30T06:15:16.815Z,gpu-3uwoq-6g3ya-2,dcgm,gpu2,pcie_tx_bytes,49778
2026-09-30T06:15:16.815Z,gpu-3uwoq-6g3ya-2,dcgm,gpu3,pcie_tx_bytes,46122
2026-09-30T06:15:16.815Z,gpu-3uwoq-6g3ya-2,dcgm,gpu1,pcie_tx_bytes,62906
2026-09-30T06:15:16.815Z,gpu-3uwoq-6g3ya-2,dcgm,gpu0,pcie_tx_bytes,54473
2026-09-30T06:15:16.815Z,gpu-3uwoq-6g3ya-2,dcgm,gpu2,tensor_active,0
2026-09-30T06:15:16.815Z,gpu-3uwoq-6g3ya-2,dcgm,gpu3,tensor_active,0
2026-09-30T06:15:16.815Z,gpu-3uwoq-6g3ya-2,dcgm,gpu1,tensor_active,0
2026-09-30T06:15:16.815Z,gpu-3uwoq-6g3ya-2,dcgm,gpu0,tensor_active,0
2026-09-30T06:15:16.815Z,gpu-3uwoq-6g3ya-2,dcgm,gpu2,sm_active,0
2026-09-30T06:15:16.815Z,gpu-3uwoq-6g3ya-2,dcgm,gpu3,sm_active,0
2026-09-30T06:15:16.815Z,gpu-3uwoq-6g3ya-2,dcgm,gpu1,sm_active,0
2026-09-30T06:15:16.815Z,gpu-3uwoq-6g3ya-2,dcgm,gpu0,sm_active,0
2026-09-30T06:15:16.815Z,gpu-3uwoq-6g3ya-2,nvlink,gpu0,nvlink_rx_bytes,4.66294e+13
2026-09-30T06:15:16.815Z,gpu-3uwoq-6g3ya-2,nvlink,gpu0,nvlink_tx_bytes,4.66299e+13
2026-09-30T06:15:16.815Z,gpu-3uwoq-6g3ya-2,nvlink,gpu1,nvlink_rx_bytes,4.66294e+13
2026-09-30T06:15:16.815Z,gpu-3uwoq-6g3ya-2,nvlink,gpu1,nvlink_tx_bytes,4.66297e+13
2026-09-30T06:15:16.815Z,gpu-3uwoq-6g3ya-2,nvlink,gpu2,nvlink_rx_bytes,4.66291e+13
2026-09-30T06:15:16.815Z,gpu-3uwoq-6g3ya-2,nvlink,gpu2,nvlink_tx_bytes,4.66294e+13
2026-09-30T06:15:16.815Z,gpu-3uwoq-6g3ya-2,nvlink,gpu3,nvlink_rx_bytes,4.66274e+13
2026-09-30T06:15:16.815Z,gpu-3uwoq-6g3ya-2,nvlink,gpu3,nvlink_tx_bytes,4.66275e+13
2026-09-30T06:15:17.815Z,gpu-3uwoq-6g3ya-2,ib_counter,rdma_vf_rail0,port_xmit_data,2.76329e+12
2026-09-30T06:15:17.815Z,gpu-3uwoq-6g3ya-2,ib_counter,rdma_vf_rail0,port_rcv_data,5.72235e+12
2026-09-30T06:15:17.815Z,gpu-3uwoq-6g3ya-2,ib_counter,rdma_vf_rail0,port_xmit_packets,9.5609e+08
2026-09-30T06:15:17.815Z,gpu-3uwoq-6g3ya-2,ib_counter,rdma_vf_rail0,port_rcv_packets,1.57821e+09
2026-09-30T06:15:17.815Z,gpu-3uwoq-6g3ya-2,ib_counter,rdma_vf_rail0,port_xmit_wait,0
2026-09-30T06:15:17.815Z,gpu-3uwoq-6g3ya-2,ib_counter,rdma_vf_rail0,port_rcv_errors,0
2026-09-30T06:15:17.815Z,gpu-3uwoq-6g3ya-2,ib_counter,rdma_vf_rail0,port_xmit_discards,0
2026-09-30T06:15:17.815Z,gpu-3uwoq-6g3ya-2,ib_counter,rdma_vf_rail0,link_downed,0
2026-09-30T06:15:17.815Z,gpu-3uwoq-6g3ya-2,ib_hw_counter,rdma_vf_rail0,out_of_sequence,0
2026-09-30T06:15:17.815Z,gpu-3uwoq-6g3ya-2,ib_hw_counter,rdma_vf_rail0,packet_seq_err,0
2026-09-30T06:15:17.815Z,gpu-3uwoq-6g3ya-2,ib_hw_counter,rdma_vf_rail0,local_ack_timeout_err,0
2026-09-30T06:15:17.815Z,gpu-3uwoq-6g3ya-2,ib_hw_counter,rdma_vf_rail0,rx_write_requests,7.05021e+08
2026-09-30T06:15:17.815Z,gpu-3uwoq-6g3ya-2,ib_hw_counter,rdma_vf_rail0,rx_read_requests,1.042e+07
2026-09-30T06:15:17.815Z,gpu-3uwoq-6g3ya-2,ib_hw_counter,rdma_vf_rail0,req_cqe_error,0
2026-09-30T06:15:17.815Z,gpu-3uwoq-6g3ya-2,ib_hw_counter,rdma_vf_rail0,resp_cqe_error,0
2026-09-30T06:15:17.815Z,gpu-3uwoq-6g3ya-2,ib_hw_counter,rdma_vf_rail0,implied_nak_seq_err,0
2026-09-30T06:15:17.815Z,gpu-3uwoq-6g3ya-2,ib_hw_counter,rdma_vf_rail0,duplicate_request,0
2026-09-30T06:15:17.815Z,gpu-3uwoq-6g3ya-2,ib_counter,rdma_vf_rail1,port_xmit_data,2.76263e+12
2026-09-30T06:15:17.815Z,gpu-3uwoq-6g3ya-2,ib_counter,rdma_vf_rail1,port_rcv_data,5.72189e+12
2026-09-30T06:15:17.815Z,gpu-3uwoq-6g3ya-2,ib_counter,rdma_vf_rail1,port_xmit_packets,9.52939e+08
2026-09-30T06:15:17.815Z,gpu-3uwoq-6g3ya-2,ib_counter,rdma_vf_rail1,port_rcv_packets,1.57742e+09
2026-09-30T06:15:17.815Z,gpu-3uwoq-6g3ya-2,ib_counter,rdma_vf_rail1,port_xmit_wait,0
2026-09-30T06:15:17.815Z,gpu-3uwoq-6g3ya-2,ib_counter,rdma_vf_rail1,port_rcv_errors,0
2026-09-30T06:15:17.815Z,gpu-3uwoq-6g3ya-2,ib_counter,rdma_vf_rail1,port_xmit_discards,0
2026-09-30T06:15:17.815Z,gpu-3uwoq-6g3ya-2,ib_counter,rdma_vf_rail1,link_downed,0
2026-09-30T06:15:17.815Z,gpu-3uwoq-6g3ya-2,ib_hw_counter,rdma_vf_rail1,out_of_sequence,0
2026-09-30T06:15:17.815Z,gpu-3uwoq-6g3ya-2,ib_hw_counter,rdma_vf_rail1,packet_seq_err,0
2026-09-30T06:15:17.815Z,gpu-3uwoq-6g3ya-2,ib_hw_counter,rdma_vf_rail1,local_ack_timeout_err,0
2026-09-30T06:15:17.815Z,gpu-3uwoq-6g3ya-2,ib_hw_counter,rdma_vf_rail1,rx_write_requests,7.05022e+08
2026-09-30T06:15:17.815Z,gpu-3uwoq-6g3ya-2,ib_hw_counter,rdma_vf_rail1,rx_read_requests,1.042e+07
2026-09-30T06:15:17.815Z,gpu-3uwoq-6g3ya-2,ib_hw_counter,rdma_vf_rail1,req_cqe_error,0
2026-09-30T06:15:17.815Z,gpu-3uwoq-6g3ya-2,ib_hw_counter,rdma_vf_rail1,resp_cqe_error,0
2026-09-30T06:15:17.815Z,gpu-3uwoq-6g3ya-2,ib_hw_counter,rdma_vf_rail1,implied_nak_seq_err,0
2026-09-30T06:15:17.815Z,gpu-3uwoq-6g3ya-2,ib_hw_counter,rdma_vf_rail1,duplicate_request,0
2026-09-30T06:15:17.815Z,gpu-3uwoq-6g3ya-2,ib_counter,rdma_vf_rail2,port_xmit_data,2.76181e+12
2026-09-30T06:15:17.815Z,gpu-3uwoq-6g3ya-2,ib_counter,rdma_vf_rail2,port_rcv_data,5.72057e+12
2026-09-30T06:15:17.815Z,gpu-3uwoq-6g3ya-2,ib_counter,rdma_vf_rail2,port_xmit_packets,9.4252e+08
2026-09-30T06:15:17.815Z,gpu-3uwoq-6g3ya-2,ib_counter,rdma_vf_rail2,port_rcv_packets,1.56133e+09
2026-09-30T06:15:17.815Z,gpu-3uwoq-6g3ya-2,ib_counter,rdma_vf_rail2,port_xmit_wait,0
2026-09-30T06:15:17.815Z,gpu-3uwoq-6g3ya-2,ib_counter,rdma_vf_rail2,port_rcv_errors,0
2026-09-30T06:15:17.815Z,gpu-3uwoq-6g3ya-2,ib_counter,rdma_vf_rail2,port_xmit_discards,0
2026-09-30T06:15:17.815Z,gpu-3uwoq-6g3ya-2,ib_counter,rdma_vf_rail2,link_downed,0
2026-09-30T06:15:17.815Z,gpu-3uwoq-6g3ya-2,ib_hw_counter,rdma_vf_rail2,out_of_sequence,0
2026-09-30T06:15:17.815Z,gpu-3uwoq-6g3ya-2,ib_hw_counter,rdma_vf_rail2,packet_seq_err,0
2026-09-30T06:15:17.815Z,gpu-3uwoq-6g3ya-2,ib_hw_counter,rdma_vf_rail2,local_ack_timeout_err,0
2026-09-30T06:15:17.815Z,gpu-3uwoq-6g3ya-2,ib_hw_counter,rdma_vf_rail2,rx_write_requests,7.05021e+08
2026-09-30T06:15:17.815Z,gpu-3uwoq-6g3ya-2,ib_hw_counter,rdma_vf_rail2,rx_read_requests,1.042e+07
2026-09-30T06:15:17.815Z,gpu-3uwoq-6g3ya-2,ib_hw_counter,rdma_vf_rail2,req_cqe_error,0
2026-09-30T06:15:17.815Z,gpu-3uwoq-6g3ya-2,ib_hw_counter,rdma_vf_rail2,resp_cqe_error,0
2026-09-30T06:15:17.815Z,gpu-3uwoq-6g3ya-2,ib_hw_counter,rdma_vf_rail2,implied_nak_seq_err,0
2026-09-30T06:15:17.815Z,gpu-3uwoq-6g3ya-2,ib_hw_counter,rdma_vf_rail2,duplicate_request,0
2026-09-30T06:15:17.815Z,gpu-3uwoq-6g3ya-2,ib_counter,rdma_vf_rail3,port_xmit_data,2.76167e+12
2026-09-30T06:15:17.815Z,gpu-3uwoq-6g3ya-2,ib_counter,rdma_vf_rail3,port_rcv_data,5.72118e+12
2026-09-30T06:15:17.815Z,gpu-3uwoq-6g3ya-2,ib_counter,rdma_vf_rail3,port_xmit_packets,9.40862e+08
2026-09-30T06:15:17.815Z,gpu-3uwoq-6g3ya-2,ib_counter,rdma_vf_rail3,port_rcv_packets,1.56875e+09
2026-09-30T06:15:17.815Z,gpu-3uwoq-6g3ya-2,ib_counter,rdma_vf_rail3,port_xmit_wait,0
2026-09-30T06:15:17.815Z,gpu-3uwoq-6g3ya-2,ib_counter,rdma_vf_rail3,port_rcv_errors,0
2026-09-30T06:15:17.815Z,gpu-3uwoq-6g3ya-2,ib_counter,rdma_vf_rail3,port_xmit_discards,0
2026-09-30T06:15:17.815Z,gpu-3uwoq-6g3ya-2,ib_counter,rdma_vf_rail3,link_downed,0
2026-09-30T06:15:17.815Z,gpu-3uwoq-6g3ya-2,ib_hw_counter,rdma_vf_rail3,out_of_sequence,0
2026-09-30T06:15:17.815Z,gpu-3uwoq-6g3ya-2,ib_hw_counter,rdma_vf_rail3,packet_seq_err,1
2026-09-30T06:15:17.815Z,gpu-3uwoq-6g3ya-2,ib_hw_counter,rdma_vf_rail3,local_ack_timeout_err,0
2026-09-30T06:15:17.815Z,gpu-3uwoq-6g3ya-2,ib_hw_counter,rdma_vf_rail3,rx_write_requests,7.05021e+08
2026-09-30T06:15:17.815Z,gpu-3uwoq-6g3ya-2,ib_hw_counter,rdma_vf_rail3,rx_read_requests,1.042e+07
2026-09-30T06:15:17.815Z,gpu-3uwoq-6g3ya-2,ib_hw_counter,rdma_vf_rail3,req_cqe_error,0
2026-09-30T06:15:17.815Z,gpu-3uwoq-6g3ya-2,ib_hw_counter,rdma_vf_rail3,resp_cqe_error,0
2026-09-30T06:15:17.815Z,gpu-3uwoq-6g3ya-2,ib_hw_counter,rdma_vf_rail3,implied_nak_seq_err,0
2026-09-30T06:15:17.815Z,gpu-3uwoq-6g3ya-2,ib_hw_counter,rdma_vf_rail3,duplicate_request,0
2026-09-30T06:15:17.815Z,gpu-3uwoq-6g3ya-2,dcgm,gpu2,gpu_util,0
2026-09-30T06:15:17.815Z,gpu-3uwoq-6g3ya-2,dcgm,gpu3,gpu_util,0
2026-09-30T06:15:17.815Z,gpu-3uwoq-6g3ya-2,dcgm,gpu1,gpu_util,0
2026-09-30T06:15:17.815Z,gpu-3uwoq-6g3ya-2,dcgm,gpu0,gpu_util,0
2026-09-30T06:15:17.815Z,gpu-3uwoq-6g3ya-2,dcgm,gpu2,nvlink_bandwidth_total,0
2026-09-30T06:15:17.815Z,gpu-3uwoq-6g3ya-2,dcgm,gpu3,nvlink_bandwidth_total,0
2026-09-30T06:15:17.815Z,gpu-3uwoq-6g3ya-2,dcgm,gpu1,nvlink_bandwidth_total,0
2026-09-30T06:15:17.815Z,gpu-3uwoq-6g3ya-2,dcgm,gpu0,nvlink_bandwidth_total,0
2026-09-30T06:15:17.815Z,gpu-3uwoq-6g3ya-2,dcgm,gpu2,power_w,231.327
2026-09-30T06:15:17.815Z,gpu-3uwoq-6g3ya-2,dcgm,gpu3,power_w,234.078
2026-09-30T06:15:17.815Z,gpu-3uwoq-6g3ya-2,dcgm,gpu1,power_w,230.007
2026-09-30T06:15:17.815Z,gpu-3uwoq-6g3ya-2,dcgm,gpu0,power_w,226.497
2026-09-30T06:15:17.815Z,gpu-3uwoq-6g3ya-2,dcgm,gpu2,sm_clock_mhz,2070
2026-09-30T06:15:17.815Z,gpu-3uwoq-6g3ya-2,dcgm,gpu3,sm_clock_mhz,2070
2026-09-30T06:15:17.815Z,gpu-3uwoq-6g3ya-2,dcgm,gpu1,sm_clock_mhz,2070
2026-09-30T06:15:17.815Z,gpu-3uwoq-6g3ya-2,dcgm,gpu0,sm_clock_mhz,2070
2026-09-30T06:15:17.815Z,gpu-3uwoq-6g3ya-2,dcgm,gpu2,dram_active,6e-06
2026-09-30T06:15:17.815Z,gpu-3uwoq-6g3ya-2,dcgm,gpu3,dram_active,6e-06
2026-09-30T06:15:17.815Z,gpu-3uwoq-6g3ya-2,dcgm,gpu1,dram_active,0
2026-09-30T06:15:17.815Z,gpu-3uwoq-6g3ya-2,dcgm,gpu0,dram_active,0
2026-09-30T06:15:17.815Z,gpu-3uwoq-6g3ya-2,dcgm,gpu2,pcie_rx_bytes,336980
2026-09-30T06:15:17.815Z,gpu-3uwoq-6g3ya-2,dcgm,gpu3,pcie_rx_bytes,47310
2026-09-30T06:15:17.815Z,gpu-3uwoq-6g3ya-2,dcgm,gpu1,pcie_rx_bytes,359867
2026-09-30T06:15:17.815Z,gpu-3uwoq-6g3ya-2,dcgm,gpu0,pcie_rx_bytes,361704
2026-09-30T06:15:17.815Z,gpu-3uwoq-6g3ya-2,dcgm,gpu2,pcie_tx_bytes,49778
2026-09-30T06:15:17.815Z,gpu-3uwoq-6g3ya-2,dcgm,gpu3,pcie_tx_bytes,46122
2026-09-30T06:15:17.815Z,gpu-3uwoq-6g3ya-2,dcgm,gpu1,pcie_tx_bytes,313256
2026-09-30T06:15:17.815Z,gpu-3uwoq-6g3ya-2,dcgm,gpu0,pcie_tx_bytes,314760
2026-09-30T06:15:17.815Z,gpu-3uwoq-6g3ya-2,dcgm,gpu2,tensor_active,0
2026-09-30T06:15:17.815Z,gpu-3uwoq-6g3ya-2,dcgm,gpu3,tensor_active,0
2026-09-30T06:15:17.815Z,gpu-3uwoq-6g3ya-2,dcgm,gpu1,tensor_active,0
2026-09-30T06:15:17.815Z,gpu-3uwoq-6g3ya-2,dcgm,gpu0,tensor_active,0
2026-09-30T06:15:17.815Z,gpu-3uwoq-6g3ya-2,dcgm,gpu2,sm_active,1e-06
2026-09-30T06:15:17.815Z,gpu-3uwoq-6g3ya-2,dcgm,gpu3,sm_active,0
2026-09-30T06:15:17.815Z,gpu-3uwoq-6g3ya-2,dcgm,gpu1,sm_active,0
2026-09-30T06:15:17.815Z,gpu-3uwoq-6g3ya-2,dcgm,gpu0,sm_active,1e-06
2026-09-30T06:15:17.815Z,gpu-3uwoq-6g3ya-2,nvlink,gpu0,nvlink_rx_bytes,4.66294e+13
2026-09-30T06:15:17.815Z,gpu-3uwoq-6g3ya-2,nvlink,gpu0,nvlink_tx_bytes,4.66299e+13
2026-09-30T06:15:17.815Z,gpu-3uwoq-6g3ya-2,nvlink,gpu1,nvlink_rx_bytes,4.66294e+13
2026-09-30T06:15:17.815Z,gpu-3uwoq-6g3ya-2,nvlink,gpu1,nvlink_tx_bytes,4.66297e+13
2026-09-30T06:15:17.815Z,gpu-3uwoq-6g3ya-2,nvlink,gpu2,nvlink_rx_bytes,4.66291e+13
2026-09-30T06:15:17.815Z,gpu-3uwoq-6g3ya-2,nvlink,gpu2,nvlink_tx_bytes,4.66294e+13
2026-09-30T06:15:17.815Z,gpu-3uwoq-6g3ya-2,nvlink,gpu3,nvlink_rx_bytes,4.66274e+13
2026-09-30T06:15:17.815Z,gpu-3uwoq-6g3ya-2,nvlink,gpu3,nvlink_tx_bytes,4.66275e+13
2026-09-30T06:15:18.815Z,gpu-3uwoq-6g3ya-2,ib_counter,rdma_vf_rail0,port_xmit_data,2.76329e+12
2026-09-30T06:15:18.815Z,gpu-3uwoq-6g3ya-2,ib_counter,rdma_vf_rail0,port_rcv_data,5.72235e+12
2026-09-30T06:15:18.815Z,gpu-3uwoq-6g3ya-2,ib_counter,rdma_vf_rail0,port_xmit_packets,9.5609e+08
2026-09-30T06:15:18.815Z,gpu-3uwoq-6g3ya-2,ib_counter,rdma_vf_rail0,port_rcv_packets,1.57821e+09
2026-09-30T06:15:18.815Z,gpu-3uwoq-6g3ya-2,ib_counter,rdma_vf_rail0,port_xmit_wait,0
2026-09-30T06:15:18.815Z,gpu-3uwoq-6g3ya-2,ib_counter,rdma_vf_rail0,port_rcv_errors,0
2026-09-30T06:15:18.815Z,gpu-3uwoq-6g3ya-2,ib_counter,rdma_vf_rail0,port_xmit_discards,0
2026-09-30T06:15:18.815Z,gpu-3uwoq-6g3ya-2,ib_counter,rdma_vf_rail0,link_downed,0
2026-09-30T06:15:18.815Z,gpu-3uwoq-6g3ya-2,ib_hw_counter,rdma_vf_rail0,out_of_sequence,0
2026-09-30T06:15:18.815Z,gpu-3uwoq-6g3ya-2,ib_hw_counter,rdma_vf_rail0,packet_seq_err,0
2026-09-30T06:15:18.815Z,gpu-3uwoq-6g3ya-2,ib_hw_counter,rdma_vf_rail0,local_ack_timeout_err,0
2026-09-30T06:15:18.815Z,gpu-3uwoq-6g3ya-2,ib_hw_counter,rdma_vf_rail0,rx_write_requests,7.05021e+08
2026-09-30T06:15:18.815Z,gpu-3uwoq-6g3ya-2,ib_hw_counter,rdma_vf_rail0,rx_read_requests,1.042e+07
2026-09-30T06:15:18.815Z,gpu-3uwoq-6g3ya-2,ib_hw_counter,rdma_vf_rail0,req_cqe_error,0
2026-09-30T06:15:18.815Z,gpu-3uwoq-6g3ya-2,ib_hw_counter,rdma_vf_rail0,resp_cqe_error,0
2026-09-30T06:15:18.815Z,gpu-3uwoq-6g3ya-2,ib_hw_counter,rdma_vf_rail0,implied_nak_seq_err,0
2026-09-30T06:15:18.815Z,gpu-3uwoq-6g3ya-2,ib_hw_counter,rdma_vf_rail0,duplicate_request,0
2026-09-30T06:15:18.815Z,gpu-3uwoq-6g3ya-2,ib_counter,rdma_vf_rail1,port_xmit_data,2.76263e+12
2026-09-30T06:15:18.815Z,gpu-3uwoq-6g3ya-2,ib_counter,rdma_vf_rail1,port_rcv_data,5.72189e+12
2026-09-30T06:15:18.815Z,gpu-3uwoq-6g3ya-2,ib_counter,rdma_vf_rail1,port_xmit_packets,9.52939e+08
2026-09-30T06:15:18.815Z,gpu-3uwoq-6g3ya-2,ib_counter,rdma_vf_rail1,port_rcv_packets,1.57742e+09
2026-09-30T06:15:18.815Z,gpu-3uwoq-6g3ya-2,ib_counter,rdma_vf_rail1,port_xmit_wait,0
2026-09-30T06:15:18.815Z,gpu-3uwoq-6g3ya-2,ib_counter,rdma_vf_rail1,port_rcv_errors,0
2026-09-30T06:15:18.815Z,gpu-3uwoq-6g3ya-2,ib_counter,rdma_vf_rail1,port_xmit_discards,0
2026-09-30T06:15:18.815Z,gpu-3uwoq-6g3ya-2,ib_counter,rdma_vf_rail1,link_downed,0
2026-09-30T06:15:18.815Z,gpu-3uwoq-6g3ya-2,ib_hw_counter,rdma_vf_rail1,out_of_sequence,0
2026-09-30T06:15:18.815Z,gpu-3uwoq-6g3ya-2,ib_hw_counter,rdma_vf_rail1,packet_seq_err,0
2026-09-30T06:15:18.815Z,gpu-3uwoq-6g3ya-2,ib_hw_counter,rdma_vf_rail1,local_ack_timeout_err,0
2026-09-30T06:15:18.815Z,gpu-3uwoq-6g3ya-2,ib_hw_counter,rdma_vf_rail1,rx_write_requests,7.05022e+08
2026-09-30T06:15:18.815Z,gpu-3uwoq-6g3ya-2,ib_hw_counter,rdma_vf_rail1,rx_read_requests,1.042e+07
2026-09-30T06:15:18.815Z,gpu-3uwoq-6g3ya-2,ib_hw_counter,rdma_vf_rail1,req_cqe_error,0
2026-09-30T06:15:18.815Z,gpu-3uwoq-6g3ya-2,ib_hw_counter,rdma_vf_rail1,resp_cqe_error,0
2026-09-30T06:15:18.815Z,gpu-3uwoq-6g3ya-2,ib_hw_counter,rdma_vf_rail1,implied_nak_seq_err,0
2026-09-30T06:15:18.815Z,gpu-3uwoq-6g3ya-2,ib_hw_counter,rdma_vf_rail1,duplicate_request,0
2026-09-30T06:15:18.815Z,gpu-3uwoq-6g3ya-2,ib_counter,rdma_vf_rail2,port_xmit_data,2.76181e+12
2026-09-30T06:15:18.815Z,gpu-3uwoq-6g3ya-2,ib_counter,rdma_vf_rail2,port_rcv_data,5.72057e+12
2026-09-30T06:15:18.815Z,gpu-3uwoq-6g3ya-2,ib_counter,rdma_vf_rail2,port_xmit_packets,9.4252e+08
2026-09-30T06:15:18.815Z,gpu-3uwoq-6g3ya-2,ib_counter,rdma_vf_rail2,port_rcv_packets,1.56133e+09
2026-09-30T06:15:18.815Z,gpu-3uwoq-6g3ya-2,ib_counter,rdma_vf_rail2,port_xmit_wait,0
2026-09-30T06:15:18.815Z,gpu-3uwoq-6g3ya-2,ib_counter,rdma_vf_rail2,port_rcv_errors,0
2026-09-30T06:15:18.815Z,gpu-3uwoq-6g3ya-2,ib_counter,rdma_vf_rail2,port_xmit_discards,0
2026-09-30T06:15:18.815Z,gpu-3uwoq-6g3ya-2,ib_counter,rdma_vf_rail2,link_downed,0
2026-09-30T06:15:18.815Z,gpu-3uwoq-6g3ya-2,ib_hw_counter,rdma_vf_rail2,out_of_sequence,0
2026-09-30T06:15:18.815Z,gpu-3uwoq-6g3ya-2,ib_hw_counter,rdma_vf_rail2,packet_seq_err,0
2026-09-30T06:15:18.815Z,gpu-3uwoq-6g3ya-2,ib_hw_counter,rdma_vf_rail2,local_ack_timeout_err,0
2026-09-30T06:15:18.815Z,gpu-3uwoq-6g3ya-2,ib_hw_counter,rdma_vf_rail2,rx_write_requests,7.05021e+08
2026-09-30T06:15:18.815Z,gpu-3uwoq-6g3ya-2,ib_hw_counter,rdma_vf_rail2,rx_read_requests,1.042e+07
2026-09-30T06:15:18.815Z,gpu-3uwoq-6g3ya-2,ib_hw_counter,rdma_vf_rail2,req_cqe_error,0
2026-09-30T06:15:18.815Z,gpu-3uwoq-6g3ya-2,ib_hw_counter,rdma_vf_rail2,resp_cqe_error,0
2026-09-30T06:15:18.815Z,gpu-3uwoq-6g3ya-2,ib_hw_counter,rdma_vf_rail2,implied_nak_seq_err,0
2026-09-30T06:15:18.815Z,gpu-3uwoq-6g3ya-2,ib_hw_counter,rdma_vf_rail2,duplicate_request,0
2026-09-30T06:15:18.815Z,gpu-3uwoq-6g3ya-2,ib_counter,rdma_vf_rail3,port_xmit_data,2.76167e+12
2026-09-30T06:15:18.815Z,gpu-3uwoq-6g3ya-2,ib_counter,rdma_vf_rail3,port_rcv_data,5.72118e+12
2026-09-30T06:15:18.815Z,gpu-3uwoq-6g3ya-2,ib_counter,rdma_vf_rail3,port_xmit_packets,9.40862e+08
2026-09-30T06:15:18.815Z,gpu-3uwoq-6g3ya-2,ib_counter,rdma_vf_rail3,port_rcv_packets,1.56875e+09
2026-09-30T06:15:18.815Z,gpu-3uwoq-6g3ya-2,ib_counter,rdma_vf_rail3,port_xmit_wait,0
2026-09-30T06:15:18.815Z,gpu-3uwoq-6g3ya-2,ib_counter,rdma_vf_rail3,port_rcv_errors,0
2026-09-30T06:15:18.815Z,gpu-3uwoq-6g3ya-2,ib_counter,rdma_vf_rail3,port_xmit_discards,0
2026-09-30T06:15:18.815Z,gpu-3uwoq-6g3ya-2,ib_counter,rdma_vf_rail3,link_downed,0
2026-09-30T06:15:18.815Z,gpu-3uwoq-6g3ya-2,ib_hw_counter,rdma_vf_rail3,out_of_sequence,0
2026-09-30T06:15:18.815Z,gpu-3uwoq-6g3ya-2,ib_hw_counter,rdma_vf_rail3,packet_seq_err,1
2026-09-30T06:15:18.815Z,gpu-3uwoq-6g3ya-2,ib_hw_counter,rdma_vf_rail3,local_ack_timeout_err,0
2026-09-30T06:15:18.815Z,gpu-3uwoq-6g3ya-2,ib_hw_counter,rdma_vf_rail3,rx_write_requests,7.05021e+08
2026-09-30T06:15:18.815Z,gpu-3uwoq-6g3ya-2,ib_hw_counter,rdma_vf_rail3,rx_read_requests,1.042e+07
2026-09-30T06:15:18.815Z,gpu-3uwoq-6g3ya-2,ib_hw_counter,rdma_vf_rail3,req_cqe_error,0
2026-09-30T06:15:18.815Z,gpu-3uwoq-6g3ya-2,ib_hw_counter,rdma_vf_rail3,resp_cqe_error,0
2026-09-30T06:15:18.815Z,gpu-3uwoq-6g3ya-2,ib_hw_counter,rdma_vf_rail3,implied_nak_seq_err,0
2026-09-30T06:15:18.815Z,gpu-3uwoq-6g3ya-2,ib_hw_counter,rdma_vf_rail3,duplicate_request,0
2026-09-30T06:15:18.815Z,gpu-3uwoq-6g3ya-2,dcgm,gpu2,gpu_util,0
2026-09-30T06:15:18.815Z,gpu-3uwoq-6g3ya-2,dcgm,gpu3,gpu_util,0
2026-09-30T06:15:18.815Z,gpu-3uwoq-6g3ya-2,dcgm,gpu1,gpu_util,0
2026-09-30T06:15:18.815Z,gpu-3uwoq-6g3ya-2,dcgm,gpu0,gpu_util,0
2026-09-30T06:15:18.815Z,gpu-3uwoq-6g3ya-2,dcgm,gpu2,nvlink_bandwidth_total,0
2026-09-30T06:15:18.815Z,gpu-3uwoq-6g3ya-2,dcgm,gpu3,nvlink_bandwidth_total,0
2026-09-30T06:15:18.815Z,gpu-3uwoq-6g3ya-2,dcgm,gpu1,nvlink_bandwidth_total,0
2026-09-30T06:15:18.815Z,gpu-3uwoq-6g3ya-2,dcgm,gpu0,nvlink_bandwidth_total,0
2026-09-30T06:15:18.815Z,gpu-3uwoq-6g3ya-2,dcgm,gpu2,power_w,231.327
2026-09-30T06:15:18.815Z,gpu-3uwoq-6g3ya-2,dcgm,gpu3,power_w,234.078
2026-09-30T06:15:18.815Z,gpu-3uwoq-6g3ya-2,dcgm,gpu1,power_w,230.007
2026-09-30T06:15:18.815Z,gpu-3uwoq-6g3ya-2,dcgm,gpu0,power_w,226.497
2026-09-30T06:15:18.815Z,gpu-3uwoq-6g3ya-2,dcgm,gpu2,sm_clock_mhz,2070
2026-09-30T06:15:18.815Z,gpu-3uwoq-6g3ya-2,dcgm,gpu3,sm_clock_mhz,2070
2026-09-30T06:15:18.815Z,gpu-3uwoq-6g3ya-2,dcgm,gpu1,sm_clock_mhz,2070
2026-09-30T06:15:18.815Z,gpu-3uwoq-6g3ya-2,dcgm,gpu0,sm_clock_mhz,2070
2026-09-30T06:15:18.815Z,gpu-3uwoq-6g3ya-2,dcgm,gpu2,dram_active,6e-06
2026-09-30T06:15:18.815Z,gpu-3uwoq-6g3ya-2,dcgm,gpu3,dram_active,6e-06
2026-09-30T06:15:18.815Z,gpu-3uwoq-6g3ya-2,dcgm,gpu1,dram_active,0
2026-09-30T06:15:18.815Z,gpu-3uwoq-6g3ya-2,dcgm,gpu0,dram_active,0
2026-09-30T06:15:18.815Z,gpu-3uwoq-6g3ya-2,dcgm,gpu2,pcie_rx_bytes,336980
2026-09-30T06:15:18.815Z,gpu-3uwoq-6g3ya-2,dcgm,gpu3,pcie_rx_bytes,47310
2026-09-30T06:15:18.815Z,gpu-3uwoq-6g3ya-2,dcgm,gpu1,pcie_rx_bytes,359867
2026-09-30T06:15:18.815Z,gpu-3uwoq-6g3ya-2,dcgm,gpu0,pcie_rx_bytes,361704
2026-09-30T06:15:18.815Z,gpu-3uwoq-6g3ya-2,dcgm,gpu2,pcie_tx_bytes,49778
2026-09-30T06:15:18.815Z,gpu-3uwoq-6g3ya-2,dcgm,gpu3,pcie_tx_bytes,46122
2026-09-30T06:15:18.815Z,gpu-3uwoq-6g3ya-2,dcgm,gpu1,pcie_tx_bytes,313256
2026-09-30T06:15:18.815Z,gpu-3uwoq-6g3ya-2,dcgm,gpu0,pcie_tx_bytes,314760
2026-09-30T06:15:18.815Z,gpu-3uwoq-6g3ya-2,dcgm,gpu2,tensor_active,0
2026-09-30T06:15:18.815Z,gpu-3uwoq-6g3ya-2,dcgm,gpu3,tensor_active,0
2026-09-30T06:15:18.815Z,gpu-3uwoq-6g3ya-2,dcgm,gpu1,tensor_active,0
2026-09-30T06:15:18.815Z,gpu-3uwoq-6g3ya-2,dcgm,gpu0,tensor_active,0
2026-09-30T06:15:18.815Z,gpu-3uwoq-6g3ya-2,dcgm,gpu2,sm_active,1e-06
2026-09-30T06:15:18.815Z,gpu-3uwoq-6g3ya-2,dcgm,gpu3,sm_active,0
2026-09-30T06:15:18.815Z,gpu-3uwoq-6g3ya-2,dcgm,gpu1,sm_active,0
2026-09-30T06:15:18.815Z,gpu-3uwoq-6g3ya-2,dcgm,gpu0,sm_active,1e-06
2026-09-30T06:15:18.815Z,gpu-3uwoq-6g3ya-2,nvlink,gpu0,nvlink_rx_bytes,4.66294e+13
2026-09-30T06:15:18.815Z,gpu-3uwoq-6g3ya-2,nvlink,gpu0,nvlink_tx_bytes,4.66299e+13
2026-09-30T06:15:18.815Z,gpu-3uwoq-6g3ya-2,nvlink,gpu1,nvlink_rx_bytes,4.66294e+13
2026-09-30T06:15:18.815Z,gpu-3uwoq-6g3ya-2,nvlink,gpu1,nvlink_tx_bytes,4.66297e+13
2026-09-30T06:15:18.815Z,gpu-3uwoq-6g3ya-2,nvlink,gpu2,nvlink_rx_bytes,4.66291e+13
2026-09-30T06:15:18.815Z,gpu-3uwoq-6g3ya-2,nvlink,gpu2,nvlink_tx_bytes,4.66294e+13
2026-09-30T06:15:18.815Z,gpu-3uwoq-6g3ya-2,nvlink,gpu3,nvlink_rx_bytes,4.66274e+13
2026-09-30T06:15:18.815Z,gpu-3uwoq-6g3ya-2,nvlink,gpu3,nvlink_tx_bytes,4.66275e+13
2026-09-30T06:15:19.815Z,gpu-3uwoq-6g3ya-2,ib_counter,rdma_vf_rail0,port_xmit_data,2.76329e+12
2026-09-30T06:15:19.815Z,gpu-3uwoq-6g3ya-2,ib_counter,rdma_vf_rail0,port_rcv_data,5.72235e+12
2026-09-30T06:15:19.815Z,gpu-3uwoq-6g3ya-2,ib_counter,rdma_vf_rail0,port_xmit_packets,9.5609e+08
2026-09-30T06:15:19.815Z,gpu-3uwoq-6g3ya-2,ib_counter,rdma_vf_rail0,port_rcv_packets,1.57821e+09
2026-09-30T06:15:19.815Z,gpu-3uwoq-6g3ya-2,ib_counter,rdma_vf_rail0,port_xmit_wait,0
2026-09-30T06:15:19.815Z,gpu-3uwoq-6g3ya-2,ib_counter,rdma_vf_rail0,port_rcv_errors,0
2026-09-30T06:15:19.815Z,gpu-3uwoq-6g3ya-2,ib_counter,rdma_vf_rail0,port_xmit_discards,0
2026-09-30T06:15:19.815Z,gpu-3uwoq-6g3ya-2,ib_counter,rdma_vf_rail0,link_downed,0
2026-09-30T06:15:19.815Z,gpu-3uwoq-6g3ya-2,ib_hw_counter,rdma_vf_rail0,out_of_sequence,0
2026-09-30T06:15:19.815Z,gpu-3uwoq-6g3ya-2,ib_hw_counter,rdma_vf_rail0,packet_seq_err,0
2026-09-30T06:15:19.815Z,gpu-3uwoq-6g3ya-2,ib_hw_counter,rdma_vf_rail0,local_ack_timeout_err,0
2026-09-30T06:15:19.815Z,gpu-3uwoq-6g3ya-2,ib_hw_counter,rdma_vf_rail0,rx_write_requests,7.05021e+08
2026-09-30T06:15:19.815Z,gpu-3uwoq-6g3ya-2,ib_hw_counter,rdma_vf_rail0,rx_read_requests,1.042e+07
2026-09-30T06:15:19.815Z,gpu-3uwoq-6g3ya-2,ib_hw_counter,rdma_vf_rail0,req_cqe_error,0
2026-09-30T06:15:19.815Z,gpu-3uwoq-6g3ya-2,ib_hw_counter,rdma_vf_rail0,resp_cqe_error,0
2026-09-30T06:15:19.815Z,gpu-3uwoq-6g3ya-2,ib_hw_counter,rdma_vf_rail0,implied_nak_seq_err,0
2026-09-30T06:15:19.815Z,gpu-3uwoq-6g3ya-2,ib_hw_counter,rdma_vf_rail0,duplicate_request,0
2026-09-30T06:15:19.815Z,gpu-3uwoq-6g3ya-2,ib_counter,rdma_vf_rail1,port_xmit_data,2.76263e+12
2026-09-30T06:15:19.815Z,gpu-3uwoq-6g3ya-2,ib_counter,rdma_vf_rail1,port_rcv_data,5.72189e+12
2026-09-30T06:15:19.815Z,gpu-3uwoq-6g3ya-2,ib_counter,rdma_vf_rail1,port_xmit_packets,9.52939e+08
2026-09-30T06:15:19.815Z,gpu-3uwoq-6g3ya-2,ib_counter,rdma_vf_rail1,port_rcv_packets,1.57742e+09
2026-09-30T06:15:19.815Z,gpu-3uwoq-6g3ya-2,ib_counter,rdma_vf_rail1,port_xmit_wait,0
2026-09-30T06:15:19.815Z,gpu-3uwoq-6g3ya-2,ib_counter,rdma_vf_rail1,port_rcv_errors,0
2026-09-30T06:15:19.815Z,gpu-3uwoq-6g3ya-2,ib_counter,rdma_vf_rail1,port_xmit_discards,0
2026-09-30T06:15:19.815Z,gpu-3uwoq-6g3ya-2,ib_counter,rdma_vf_rail1,link_downed,0
2026-09-30T06:15:19.815Z,gpu-3uwoq-6g3ya-2,ib_hw_counter,rdma_vf_rail1,out_of_sequence,0
2026-09-30T06:15:19.815Z,gpu-3uwoq-6g3ya-2,ib_hw_counter,rdma_vf_rail1,packet_seq_err,0
2026-09-30T06:15:19.815Z,gpu-3uwoq-6g3ya-2,ib_hw_counter,rdma_vf_rail1,local_ack_timeout_err,0
2026-09-30T06:15:19.815Z,gpu-3uwoq-6g3ya-2,ib_hw_counter,rdma_vf_rail1,rx_write_requests,7.05022e+08
2026-09-30T06:15:19.815Z,gpu-3uwoq-6g3ya-2,ib_hw_counter,rdma_vf_rail1,rx_read_requests,1.042e+07
2026-09-30T06:15:19.815Z,gpu-3uwoq-6g3ya-2,ib_hw_counter,rdma_vf_rail1,req_cqe_error,0
2026-09-30T06:15:19.815Z,gpu-3uwoq-6g3ya-2,ib_hw_counter,rdma_vf_rail1,resp_cqe_error,0
2026-09-30T06:15:19.815Z,gpu-3uwoq-6g3ya-2,ib_hw_counter,rdma_vf_rail1,implied_nak_seq_err,0
2026-09-30T06:15:19.815Z,gpu-3uwoq-6g3ya-2,ib_hw_counter,rdma_vf_rail1,duplicate_request,0
2026-09-30T06:15:19.815Z,gpu-3uwoq-6g3ya-2,ib_counter,rdma_vf_rail2,port_xmit_data,2.76181e+12
2026-09-30T06:15:19.815Z,gpu-3uwoq-6g3ya-2,ib_counter,rdma_vf_rail2,port_rcv_data,5.72057e+12
2026-09-30T06:15:19.815Z,gpu-3uwoq-6g3ya-2,ib_counter,rdma_vf_rail2,port_xmit_packets,9.4252e+08
2026-09-30T06:15:19.815Z,gpu-3uwoq-6g3ya-2,ib_counter,rdma_vf_rail2,port_rcv_packets,1.56133e+09
2026-09-30T06:15:19.815Z,gpu-3uwoq-6g3ya-2,ib_counter,rdma_vf_rail2,port_xmit_wait,0
2026-09-30T06:15:19.815Z,gpu-3uwoq-6g3ya-2,ib_counter,rdma_vf_rail2,port_rcv_errors,0
2026-09-30T06:15:19.815Z,gpu-3uwoq-6g3ya-2,ib_counter,rdma_vf_rail2,port_xmit_discards,0
2026-09-30T06:15:19.815Z,gpu-3uwoq-6g3ya-2,ib_counter,rdma_vf_rail2,link_downed,0
2026-09-30T06:15:19.815Z,gpu-3uwoq-6g3ya-2,ib_hw_counter,rdma_vf_rail2,out_of_sequence,0
2026-09-30T06:15:19.815Z,gpu-3uwoq-6g3ya-2,ib_hw_counter,rdma_vf_rail2,packet_seq_err,0
2026-09-30T06:15:19.815Z,gpu-3uwoq-6g3ya-2,ib_hw_counter,rdma_vf_rail2,local_ack_timeout_err,0
2026-09-30T06:15:19.815Z,gpu-3uwoq-6g3ya-2,ib_hw_counter,rdma_vf_rail2,rx_write_requests,7.05021e+08
2026-09-30T06:15:19.815Z,gpu-3uwoq-6g3ya-2,ib_hw_counter,rdma_vf_rail2,rx_read_requests,1.042e+07
2026-09-30T06:15:19.815Z,gpu-3uwoq-6g3ya-2,ib_hw_counter,rdma_vf_rail2,req_cqe_error,0
2026-09-30T06:15:19.815Z,gpu-3uwoq-6g3ya-2,ib_hw_counter,rdma_vf_rail2,resp_cqe_error,0
2026-09-30T06:15:19.815Z,gpu-3uwoq-6g3ya-2,ib_hw_counter,rdma_vf_rail2,implied_nak_seq_err,0
2026-09-30T06:15:19.815Z,gpu-3uwoq-6g3ya-2,ib_hw_counter,rdma_vf_rail2,duplicate_request,0
2026-09-30T06:15:19.815Z,gpu-3uwoq-6g3ya-2,ib_counter,rdma_vf_rail3,port_xmit_data,2.76167e+12
2026-09-30T06:15:19.815Z,gpu-3uwoq-6g3ya-2,ib_counter,rdma_vf_rail3,port_rcv_data,5.72118e+12
2026-09-30T06:15:19.815Z,gpu-3uwoq-6g3ya-2,ib_counter,rdma_vf_rail3,port_xmit_packets,9.40862e+08
2026-09-30T06:15:19.815Z,gpu-3uwoq-6g3ya-2,ib_counter,rdma_vf_rail3,port_rcv_packets,1.56875e+09
2026-09-30T06:15:19.815Z,gpu-3uwoq-6g3ya-2,ib_counter,rdma_vf_rail3,port_xmit_wait,0
2026-09-30T06:15:19.815Z,gpu-3uwoq-6g3ya-2,ib_counter,rdma_vf_rail3,port_rcv_errors,0
2026-09-30T06:15:19.815Z,gpu-3uwoq-6g3ya-2,ib_counter,rdma_vf_rail3,port_xmit_discards,0
2026-09-30T06:15:19.815Z,gpu-3uwoq-6g3ya-2,ib_counter,rdma_vf_rail3,link_downed,0
2026-09-30T06:15:19.815Z,gpu-3uwoq-6g3ya-2,ib_hw_counter,rdma_vf_rail3,out_of_sequence,0
2026-09-30T06:15:19.815Z,gpu-3uwoq-6g3ya-2,ib_hw_counter,rdma_vf_rail3,packet_seq_err,1
2026-09-30T06:15:19.815Z,gpu-3uwoq-6g3ya-2,ib_hw_counter,rdma_vf_rail3,local_ack_timeout_err,0
2026-09-30T06:15:19.815Z,gpu-3uwoq-6g3ya-2,ib_hw_counter,rdma_vf_rail3,rx_write_requests,7.05021e+08
2026-09-30T06:15:19.815Z,gpu-3uwoq-6g3ya-2,ib_hw_counter,rdma_vf_rail3,rx_read_requests,1.042e+07
2026-09-30T06:15:19.815Z,gpu-3uwoq-6g3ya-2,ib_hw_counter,rdma_vf_rail3,req_cqe_error,0
2026-09-30T06:15:19.815Z,gpu-3uwoq-6g3ya-2,ib_hw_counter,rdma_vf_rail3,resp_cqe_error,0
2026-09-30T06:15:19.815Z,gpu-3uwoq-6g3ya-2,ib_hw_counter,rdma_vf_rail3,implied_nak_seq_err,0
2026-09-30T06:15:19.815Z,gpu-3uwoq-6g3ya-2,ib_hw_counter,rdma_vf_rail3,duplicate_request,0
2026-09-30T06:15:19.815Z,gpu-3uwoq-6g3ya-2,dcgm,gpu2,gpu_util,0
2026-09-30T06:15:19.815Z,gpu-3uwoq-6g3ya-2,dcgm,gpu3,gpu_util,0
2026-09-30T06:15:19.815Z,gpu-3uwoq-6g3ya-2,dcgm,gpu1,gpu_util,0
2026-09-30T06:15:19.815Z,gpu-3uwoq-6g3ya-2,dcgm,gpu0,gpu_util,0
2026-09-30T06:15:19.815Z,gpu-3uwoq-6g3ya-2,dcgm,gpu2,nvlink_bandwidth_total,0
2026-09-30T06:15:19.815Z,gpu-3uwoq-6g3ya-2,dcgm,gpu3,nvlink_bandwidth_total,0
2026-09-30T06:15:19.815Z,gpu-3uwoq-6g3ya-2,dcgm,gpu1,nvlink_bandwidth_total,0
2026-09-30T06:15:19.815Z,gpu-3uwoq-6g3ya-2,dcgm,gpu0,nvlink_bandwidth_total,0
2026-09-30T06:15:19.815Z,gpu-3uwoq-6g3ya-2,dcgm,gpu2,power_w,231.327
2026-09-30T06:15:19.815Z,gpu-3uwoq-6g3ya-2,dcgm,gpu3,power_w,234.078
2026-09-30T06:15:19.815Z,gpu-3uwoq-6g3ya-2,dcgm,gpu1,power_w,230.007
2026-09-30T06:15:19.815Z,gpu-3uwoq-6g3ya-2,dcgm,gpu0,power_w,226.497
2026-09-30T06:15:19.815Z,gpu-3uwoq-6g3ya-2,dcgm,gpu2,sm_clock_mhz,2070
2026-09-30T06:15:19.815Z,gpu-3uwoq-6g3ya-2,dcgm,gpu3,sm_clock_mhz,2070
2026-09-30T06:15:19.815Z,gpu-3uwoq-6g3ya-2,dcgm,gpu1,sm_clock_mhz,2070
2026-09-30T06:15:19.815Z,gpu-3uwoq-6g3ya-2,dcgm,gpu0,sm_clock_mhz,2070
2026-09-30T06:15:19.815Z,gpu-3uwoq-6g3ya-2,dcgm,gpu2,dram_active,6e-06
2026-09-30T06:15:19.815Z,gpu-3uwoq-6g3ya-2,dcgm,gpu3,dram_active,6e-06
2026-09-30T06:15:19.815Z,gpu-3uwoq-6g3ya-2,dcgm,gpu1,dram_active,0
2026-09-30T06:15:19.815Z,gpu-3uwoq-6g3ya-2,dcgm,gpu0,dram_active,0
2026-09-30T06:15:19.815Z,gpu-3uwoq-6g3ya-2,dcgm,gpu2,pcie_rx_bytes,336980
2026-09-30T06:15:19.815Z,gpu-3uwoq-6g3ya-2,dcgm,gpu3,pcie_rx_bytes,47310
2026-09-30T06:15:19.815Z,gpu-3uwoq-6g3ya-2,dcgm,gpu1,pcie_rx_bytes,359867
2026-09-30T06:15:19.815Z,gpu-3uwoq-6g3ya-2,dcgm,gpu0,pcie_rx_bytes,361704
2026-09-30T06:15:19.815Z,gpu-3uwoq-6g3ya-2,dcgm,gpu2,pcie_tx_bytes,49778
2026-09-30T06:15:19.815Z,gpu-3uwoq-6g3ya-2,dcgm,gpu3,pcie_tx_bytes,46122
2026-09-30T06:15:19.815Z,gpu-3uwoq-6g3ya-2,dcgm,gpu1,pcie_tx_bytes,313256
2026-09-30T06:15:19.815Z,gpu-3uwoq-6g3ya-2,dcgm,gpu0,pcie_tx_bytes,314760
2026-09-30T06:15:19.815Z,gpu-3uwoq-6g3ya-2,dcgm,gpu2,tensor_active,0
2026-09-30T06:15:19.815Z,gpu-3uwoq-6g3ya-2,dcgm,gpu3,tensor_active,0
2026-09-30T06:15:19.815Z,gpu-3uwoq-6g3ya-2,dcgm,gpu1,tensor_active,0
2026-09-30T06:15:19.815Z,gpu-3uwoq-6g3ya-2,dcgm,gpu0,tensor_active,0
2026-09-30T06:15:19.815Z,gpu-3uwoq-6g3ya-2,dcgm,gpu2,sm_active,1e-06
2026-09-30T06:15:19.815Z,gpu-3uwoq-6g3ya-2,dcgm,gpu3,sm_active,0
2026-09-30T06:15:19.815Z,gpu-3uwoq-6g3ya-2,dcgm,gpu1,sm_active,0
2026-09-30T06:15:19.815Z,gpu-3uwoq-6g3ya-2,dcgm,gpu0,sm_active,1e-06
2026-09-30T06:15:19.815Z,gpu-3uwoq-6g3ya-2,nvlink,gpu0,nvlink_rx_bytes,4.66294e+13
2026-09-30T06:15:19.815Z,gpu-3uwoq-6g3ya-2,nvlink,gpu0,nvlink_tx_bytes,4.66299e+13
2026-09-30T06:15:19.815Z,gpu-3uwoq-6g3ya-2,nvlink,gpu1,nvlink_rx_bytes,4.66294e+13
2026-09-30T06:15:19.815Z,gpu-3uwoq-6g3ya-2,nvlink,gpu1,nvlink_tx_bytes,4.66297e+13
2026-09-30T06:15:19.815Z,gpu-3uwoq-6g3ya-2,nvlink,gpu2,nvlink_rx_bytes,4.66291e+13
2026-09-30T06:15:19.815Z,gpu-3uwoq-6g3ya-2,nvlink,gpu2,nvlink_tx_bytes,4.66294e+13
2026-09-30T06:15:19.815Z,gpu-3uwoq-6g3ya-2,nvlink,gpu3,nvlink_rx_bytes,4.66274e+13
2026-09-30T06:15:19.815Z,gpu-3uwoq-6g3ya-2,nvlink,gpu3,nvlink_tx_bytes,4.66275e+13
2026-09-30T06:15:20.815Z,gpu-3uwoq-6g3ya-2,ib_counter,rdma_vf_rail0,port_xmit_data,2.76329e+12
2026-09-30T06:15:20.815Z,gpu-3uwoq-6g3ya-2,ib_counter,rdma_vf_rail0,port_rcv_data,5.72235e+12
2026-09-30T06:15:20.815Z,gpu-3uwoq-6g3ya-2,ib_counter,rdma_vf_rail0,port_xmit_packets,9.5609e+08
2026-09-30T06:15:20.815Z,gpu-3uwoq-6g3ya-2,ib_counter,rdma_vf_rail0,port_rcv_packets,1.57821e+09
2026-09-30T06:15:20.815Z,gpu-3uwoq-6g3ya-2,ib_counter,rdma_vf_rail0,port_xmit_wait,0
2026-09-30T06:15:20.815Z,gpu-3uwoq-6g3ya-2,ib_counter,rdma_vf_rail0,port_rcv_errors,0
2026-09-30T06:15:20.815Z,gpu-3uwoq-6g3ya-2,ib_counter,rdma_vf_rail0,port_xmit_discards,0
2026-09-30T06:15:20.815Z,gpu-3uwoq-6g3ya-2,ib_counter,rdma_vf_rail0,link_downed,0
2026-09-30T06:15:20.815Z,gpu-3uwoq-6g3ya-2,ib_hw_counter,rdma_vf_rail0,out_of_sequence,0
2026-09-30T06:15:20.815Z,gpu-3uwoq-6g3ya-2,ib_hw_counter,rdma_vf_rail0,packet_seq_err,0
2026-09-30T06:15:20.815Z,gpu-3uwoq-6g3ya-2,ib_hw_counter,rdma_vf_rail0,local_ack_timeout_err,0
2026-09-30T06:15:20.815Z,gpu-3uwoq-6g3ya-2,ib_hw_counter,rdma_vf_rail0,rx_write_requests,7.05021e+08
2026-09-30T06:15:20.815Z,gpu-3uwoq-6g3ya-2,ib_hw_counter,rdma_vf_rail0,rx_read_requests,1.042e+07
2026-09-30T06:15:20.815Z,gpu-3uwoq-6g3ya-2,ib_hw_counter,rdma_vf_rail0,req_cqe_error,0
2026-09-30T06:15:20.815Z,gpu-3uwoq-6g3ya-2,ib_hw_counter,rdma_vf_rail0,resp_cqe_error,0
2026-09-30T06:15:20.815Z,gpu-3uwoq-6g3ya-2,ib_hw_counter,rdma_vf_rail0,implied_nak_seq_err,0
2026-09-30T06:15:20.815Z,gpu-3uwoq-6g3ya-2,ib_hw_counter,rdma_vf_rail0,duplicate_request,0
2026-09-30T06:15:20.815Z,gpu-3uwoq-6g3ya-2,ib_counter,rdma_vf_rail1,port_xmit_data,2.76263e+12
2026-09-30T06:15:20.815Z,gpu-3uwoq-6g3ya-2,ib_counter,rdma_vf_rail1,port_rcv_data,5.72189e+12
2026-09-30T06:15:20.815Z,gpu-3uwoq-6g3ya-2,ib_counter,rdma_vf_rail1,port_xmit_packets,9.52939e+08
2026-09-30T06:15:20.815Z,gpu-3uwoq-6g3ya-2,ib_counter,rdma_vf_rail1,port_rcv_packets,1.57742e+09
2026-09-30T06:15:20.815Z,gpu-3uwoq-6g3ya-2,ib_counter,rdma_vf_rail1,port_xmit_wait,0
2026-09-30T06:15:20.815Z,gpu-3uwoq-6g3ya-2,ib_counter,rdma_vf_rail1,port_rcv_errors,0
2026-09-30T06:15:20.815Z,gpu-3uwoq-6g3ya-2,ib_counter,rdma_vf_rail1,port_xmit_discards,0
2026-09-30T06:15:20.815Z,gpu-3uwoq-6g3ya-2,ib_counter,rdma_vf_rail1,link_downed,0
2026-09-30T06:15:20.815Z,gpu-3uwoq-6g3ya-2,ib_hw_counter,rdma_vf_rail1,out_of_sequence,0
2026-09-30T06:15:20.815Z,gpu-3uwoq-6g3ya-2,ib_hw_counter,rdma_vf_rail1,packet_seq_err,0
2026-09-30T06:15:20.815Z,gpu-3uwoq-6g3ya-2,ib_hw_counter,rdma_vf_rail1,local_ack_timeout_err,0
2026-09-30T06:15:20.815Z,gpu-3uwoq-6g3ya-2,ib_hw_counter,rdma_vf_rail1,rx_write_requests,7.05022e+08
2026-09-30T06:15:20.815Z,gpu-3uwoq-6g3ya-2,ib_hw_counter,rdma_vf_rail1,rx_read_requests,1.042e+07
2026-09-30T06:15:20.815Z,gpu-3uwoq-6g3ya-2,ib_hw_counter,rdma_vf_rail1,req_cqe_error,0
2026-09-30T06:15:20.815Z,gpu-3uwoq-6g3ya-2,ib_hw_counter,rdma_vf_rail1,resp_cqe_error,0
2026-09-30T06:15:20.815Z,gpu-3uwoq-6g3ya-2,ib_hw_counter,rdma_vf_rail1,implied_nak_seq_err,0
2026-09-30T06:15:20.815Z,gpu-3uwoq-6g3ya-2,ib_hw_counter,rdma_vf_rail1,duplicate_request,0
2026-09-30T06:15:20.815Z,gpu-3uwoq-6g3ya-2,ib_counter,rdma_vf_rail2,port_xmit_data,2.76181e+12
2026-09-30T06:15:20.815Z,gpu-3uwoq-6g3ya-2,ib_counter,rdma_vf_rail2,port_rcv_data,5.72057e+12
2026-09-30T06:15:20.815Z,gpu-3uwoq-6g3ya-2,ib_counter,rdma_vf_rail2,port_xmit_packets,9.4252e+08
2026-09-30T06:15:20.815Z,gpu-3uwoq-6g3ya-2,ib_counter,rdma_vf_rail2,port_rcv_packets,1.56133e+09
2026-09-30T06:15:20.815Z,gpu-3uwoq-6g3ya-2,ib_counter,rdma_vf_rail2,port_xmit_wait,0
2026-09-30T06:15:20.815Z,gpu-3uwoq-6g3ya-2,ib_counter,rdma_vf_rail2,port_rcv_errors,0
2026-09-30T06:15:20.815Z,gpu-3uwoq-6g3ya-2,ib_counter,rdma_vf_rail2,port_xmit_discards,0
2026-09-30T06:15:20.815Z,gpu-3uwoq-6g3ya-2,ib_counter,rdma_vf_rail2,link_downed,0
2026-09-30T06:15:20.815Z,gpu-3uwoq-6g3ya-2,ib_hw_counter,rdma_vf_rail2,out_of_sequence,0
2026-09-30T06:15:20.815Z,gpu-3uwoq-6g3ya-2,ib_hw_counter,rdma_vf_rail2,packet_seq_err,0
2026-09-30T06:15:20.815Z,gpu-3uwoq-6g3ya-2,ib_hw_counter,rdma_vf_rail2,local_ack_timeout_err,0
2026-09-30T06:15:20.815Z,gpu-3uwoq-6g3ya-2,ib_hw_counter,rdma_vf_rail2,rx_write_requests,7.05021e+08
2026-09-30T06:15:20.815Z,gpu-3uwoq-6g3ya-2,ib_hw_counter,rdma_vf_rail2,rx_read_requests,1.042e+07
2026-09-30T06:15:20.815Z,gpu-3uwoq-6g3ya-2,ib_hw_counter,rdma_vf_rail2,req_cqe_error,0
2026-09-30T06:15:20.815Z,gpu-3uwoq-6g3ya-2,ib_hw_counter,rdma_vf_rail2,resp_cqe_error,0
2026-09-30T06:15:20.815Z,gpu-3uwoq-6g3ya-2,ib_hw_counter,rdma_vf_rail2,implied_nak_seq_err,0
2026-09-30T06:15:20.815Z,gpu-3uwoq-6g3ya-2,ib_hw_counter,rdma_vf_rail2,duplicate_request,0
2026-09-30T06:15:20.815Z,gpu-3uwoq-6g3ya-2,ib_counter,rdma_vf_rail3,port_xmit_data,2.76167e+12
2026-09-30T06:15:20.815Z,gpu-3uwoq-6g3ya-2,ib_counter,rdma_vf_rail3,port_rcv_data,5.72118e+12
2026-09-30T06:15:20.815Z,gpu-3uwoq-6g3ya-2,ib_counter,rdma_vf_rail3,port_xmit_packets,9.40862e+08
2026-09-30T06:15:20.815Z,gpu-3uwoq-6g3ya-2,ib_counter,rdma_vf_rail3,port_rcv_packets,1.56875e+09
2026-09-30T06:15:20.815Z,gpu-3uwoq-6g3ya-2,ib_counter,rdma_vf_rail3,port_xmit_wait,0
2026-09-30T06:15:20.815Z,gpu-3uwoq-6g3ya-2,ib_counter,rdma_vf_rail3,port_rcv_errors,0
2026-09-30T06:15:20.815Z,gpu-3uwoq-6g3ya-2,ib_counter,rdma_vf_rail3,port_xmit_discards,0
2026-09-30T06:15:20.815Z,gpu-3uwoq-6g3ya-2,ib_counter,rdma_vf_rail3,link_downed,0
2026-09-30T06:15:20.815Z,gpu-3uwoq-6g3ya-2,ib_hw_counter,rdma_vf_rail3,out_of_sequence,0
2026-09-30T06:15:20.815Z,gpu-3uwoq-6g3ya-2,ib_hw_counter,rdma_vf_rail3,packet_seq_err,1
2026-09-30T06:15:20.815Z,gpu-3uwoq-6g3ya-2,ib_hw_counter,rdma_vf_rail3,local_ack_timeout_err,0
2026-09-30T06:15:20.815Z,gpu-3uwoq-6g3ya-2,ib_hw_counter,rdma_vf_rail3,rx_write_requests,7.05021e+08
2026-09-30T06:15:20.815Z,gpu-3uwoq-6g3ya-2,ib_hw_counter,rdma_vf_rail3,rx_read_requests,1.042e+07
2026-09-30T06:15:20.815Z,gpu-3uwoq-6g3ya-2,ib_hw_counter,rdma_vf_rail3,req_cqe_error,0
2026-09-30T06:15:20.815Z,gpu-3uwoq-6g3ya-2,ib_hw_counter,rdma_vf_rail3,resp_cqe_error,0
2026-09-30T06:15:20.815Z,gpu-3uwoq-6g3ya-2,ib_hw_counter,rdma_vf_rail3,implied_nak_seq_err,0
2026-09-30T06:15:20.815Z,gpu-3uwoq-6g3ya-2,ib_hw_counter,rdma_vf_rail3,duplicate_request,0
2026-09-30T06:15:20.815Z,gpu-3uwoq-6g3ya-2,dcgm,gpu2,gpu_util,0
2026-09-30T06:15:20.815Z,gpu-3uwoq-6g3ya-2,dcgm,gpu3,gpu_util,0
2026-09-30T06:15:20.815Z,gpu-3uwoq-6g3ya-2,dcgm,gpu1,gpu_util,0
2026-09-30T06:15:20.815Z,gpu-3uwoq-6g3ya-2,dcgm,gpu0,gpu_util,0
2026-09-30T06:15:20.815Z,gpu-3uwoq-6g3ya-2,dcgm,gpu2,nvlink_bandwidth_total,0
2026-09-30T06:15:20.815Z,gpu-3uwoq-6g3ya-2,dcgm,gpu3,nvlink_bandwidth_total,0
2026-09-30T06:15:20.815Z,gpu-3uwoq-6g3ya-2,dcgm,gpu1,nvlink_bandwidth_total,0
2026-09-30T06:15:20.815Z,gpu-3uwoq-6g3ya-2,dcgm,gpu0,nvlink_bandwidth_total,0
2026-09-30T06:15:20.815Z,gpu-3uwoq-6g3ya-2,dcgm,gpu2,power_w,231.327
2026-09-30T06:15:20.815Z,gpu-3uwoq-6g3ya-2,dcgm,gpu3,power_w,234.078
2026-09-30T06:15:20.815Z,gpu-3uwoq-6g3ya-2,dcgm,gpu1,power_w,229.995
2026-09-30T06:15:20.815Z,gpu-3uwoq-6g3ya-2,dcgm,gpu0,power_w,226.432
2026-09-30T06:15:20.815Z,gpu-3uwoq-6g3ya-2,dcgm,gpu2,sm_clock_mhz,2070
2026-09-30T06:15:20.815Z,gpu-3uwoq-6g3ya-2,dcgm,gpu3,sm_clock_mhz,2070
2026-09-30T06:15:20.815Z,gpu-3uwoq-6g3ya-2,dcgm,gpu1,sm_clock_mhz,2070
2026-09-30T06:15:20.815Z,gpu-3uwoq-6g3ya-2,dcgm,gpu0,sm_clock_mhz,2070
2026-09-30T06:15:20.815Z,gpu-3uwoq-6g3ya-2,dcgm,gpu2,dram_active,6e-06
2026-09-30T06:15:20.815Z,gpu-3uwoq-6g3ya-2,dcgm,gpu3,dram_active,6e-06
2026-09-30T06:15:20.815Z,gpu-3uwoq-6g3ya-2,dcgm,gpu1,dram_active,6e-06
2026-09-30T06:15:20.815Z,gpu-3uwoq-6g3ya-2,dcgm,gpu0,dram_active,6e-06
2026-09-30T06:15:20.815Z,gpu-3uwoq-6g3ya-2,dcgm,gpu2,pcie_rx_bytes,336980
2026-09-30T06:15:20.815Z,gpu-3uwoq-6g3ya-2,dcgm,gpu3,pcie_rx_bytes,328407
2026-09-30T06:15:20.815Z,gpu-3uwoq-6g3ya-2,dcgm,gpu1,pcie_rx_bytes,359867
2026-09-30T06:15:20.815Z,gpu-3uwoq-6g3ya-2,dcgm,gpu0,pcie_rx_bytes,361704
2026-09-30T06:15:20.815Z,gpu-3uwoq-6g3ya-2,dcgm,gpu2,pcie_tx_bytes,289363
2026-09-30T06:15:20.815Z,gpu-3uwoq-6g3ya-2,dcgm,gpu3,pcie_tx_bytes,280676
2026-09-30T06:15:20.815Z,gpu-3uwoq-6g3ya-2,dcgm,gpu1,pcie_tx_bytes,313256
2026-09-30T06:15:20.815Z,gpu-3uwoq-6g3ya-2,dcgm,gpu0,pcie_tx_bytes,314760
2026-09-30T06:15:20.815Z,gpu-3uwoq-6g3ya-2,dcgm,gpu2,tensor_active,0
2026-09-30T06:15:20.815Z,gpu-3uwoq-6g3ya-2,dcgm,gpu3,tensor_active,0
2026-09-30T06:15:20.815Z,gpu-3uwoq-6g3ya-2,dcgm,gpu1,tensor_active,0
2026-09-30T06:15:20.815Z,gpu-3uwoq-6g3ya-2,dcgm,gpu0,tensor_active,0
2026-09-30T06:15:20.815Z,gpu-3uwoq-6g3ya-2,dcgm,gpu2,sm_active,1e-06
2026-09-30T06:15:20.815Z,gpu-3uwoq-6g3ya-2,dcgm,gpu3,sm_active,1e-06
2026-09-30T06:15:20.815Z,gpu-3uwoq-6g3ya-2,dcgm,gpu1,sm_active,1e-06
2026-09-30T06:15:20.815Z,gpu-3uwoq-6g3ya-2,dcgm,gpu0,sm_active,1e-06
2026-09-30T06:15:20.815Z,gpu-3uwoq-6g3ya-2,nvlink,gpu0,nvlink_rx_bytes,4.66294e+13
2026-09-30T06:15:20.815Z,gpu-3uwoq-6g3ya-2,nvlink,gpu0,nvlink_tx_bytes,4.66299e+13
2026-09-30T06:15:20.815Z,gpu-3uwoq-6g3ya-2,nvlink,gpu1,nvlink_rx_bytes,4.66294e+13
2026-09-30T06:15:20.815Z,gpu-3uwoq-6g3ya-2,nvlink,gpu1,nvlink_tx_bytes,4.66297e+13
2026-09-30T06:15:20.815Z,gpu-3uwoq-6g3ya-2,nvlink,gpu2,nvlink_rx_bytes,4.66291e+13
2026-09-30T06:15:20.815Z,gpu-3uwoq-6g3ya-2,nvlink,gpu2,nvlink_tx_bytes,4.66294e+13
2026-09-30T06:15:20.815Z,gpu-3uwoq-6g3ya-2,nvlink,gpu3,nvlink_rx_bytes,4.66274e+13
2026-09-30T06:15:20.815Z,gpu-3uwoq-6g3ya-2,nvlink,gpu3,nvlink_tx_bytes,4.66275e+13
2026-09-30T06:15:21.815Z,gpu-3uwoq-6g3ya-2,ib_counter,rdma_vf_rail0,port_xmit_data,2.76329e+12
2026-09-30T06:15:21.815Z,gpu-3uwoq-6g3ya-2,ib_counter,rdma_vf_rail0,port_rcv_data,5.72235e+12
2026-09-30T06:15:21.815Z,gpu-3uwoq-6g3ya-2,ib_counter,rdma_vf_rail0,port_xmit_packets,9.5609e+08
2026-09-30T06:15:21.815Z,gpu-3uwoq-6g3ya-2,ib_counter,rdma_vf_rail0,port_rcv_packets,1.57821e+09
2026-09-30T06:15:21.815Z,gpu-3uwoq-6g3ya-2,ib_counter,rdma_vf_rail0,port_xmit_wait,0
2026-09-30T06:15:21.815Z,gpu-3uwoq-6g3ya-2,ib_counter,rdma_vf_rail0,port_rcv_errors,0
2026-09-30T06:15:21.815Z,gpu-3uwoq-6g3ya-2,ib_counter,rdma_vf_rail0,port_xmit_discards,0
2026-09-30T06:15:21.815Z,gpu-3uwoq-6g3ya-2,ib_counter,rdma_vf_rail0,link_downed,0
2026-09-30T06:15:21.815Z,gpu-3uwoq-6g3ya-2,ib_hw_counter,rdma_vf_rail0,out_of_sequence,0
2026-09-30T06:15:21.815Z,gpu-3uwoq-6g3ya-2,ib_hw_counter,rdma_vf_rail0,packet_seq_err,0
2026-09-30T06:15:21.815Z,gpu-3uwoq-6g3ya-2,ib_hw_counter,rdma_vf_rail0,local_ack_timeout_err,0
2026-09-30T06:15:21.815Z,gpu-3uwoq-6g3ya-2,ib_hw_counter,rdma_vf_rail0,rx_write_requests,7.05021e+08
2026-09-30T06:15:21.815Z,gpu-3uwoq-6g3ya-2,ib_hw_counter,rdma_vf_rail0,rx_read_requests,1.042e+07
2026-09-30T06:15:21.815Z,gpu-3uwoq-6g3ya-2,ib_hw_counter,rdma_vf_rail0,req_cqe_error,0
2026-09-30T06:15:21.815Z,gpu-3uwoq-6g3ya-2,ib_hw_counter,rdma_vf_rail0,resp_cqe_error,0
2026-09-30T06:15:21.815Z,gpu-3uwoq-6g3ya-2,ib_hw_counter,rdma_vf_rail0,implied_nak_seq_err,0
2026-09-30T06:15:21.815Z,gpu-3uwoq-6g3ya-2,ib_hw_counter,rdma_vf_rail0,duplicate_request,0
2026-09-30T06:15:21.815Z,gpu-3uwoq-6g3ya-2,ib_counter,rdma_vf_rail1,port_xmit_data,2.76263e+12
2026-09-30T06:15:21.815Z,gpu-3uwoq-6g3ya-2,ib_counter,rdma_vf_rail1,port_rcv_data,5.72189e+12
2026-09-30T06:15:21.815Z,gpu-3uwoq-6g3ya-2,ib_counter,rdma_vf_rail1,port_xmit_packets,9.52939e+08
2026-09-30T06:15:21.815Z,gpu-3uwoq-6g3ya-2,ib_counter,rdma_vf_rail1,port_rcv_packets,1.57742e+09
2026-09-30T06:15:21.815Z,gpu-3uwoq-6g3ya-2,ib_counter,rdma_vf_rail1,port_xmit_wait,0
2026-09-30T06:15:21.815Z,gpu-3uwoq-6g3ya-2,ib_counter,rdma_vf_rail1,port_rcv_errors,0
2026-09-30T06:15:21.815Z,gpu-3uwoq-6g3ya-2,ib_counter,rdma_vf_rail1,port_xmit_discards,0
2026-09-30T06:15:21.815Z,gpu-3uwoq-6g3ya-2,ib_counter,rdma_vf_rail1,link_downed,0
2026-09-30T06:15:21.815Z,gpu-3uwoq-6g3ya-2,ib_hw_counter,rdma_vf_rail1,out_of_sequence,0
2026-09-30T06:15:21.815Z,gpu-3uwoq-6g3ya-2,ib_hw_counter,rdma_vf_rail1,packet_seq_err,0
2026-09-30T06:15:21.815Z,gpu-3uwoq-6g3ya-2,ib_hw_counter,rdma_vf_rail1,local_ack_timeout_err,0
2026-09-30T06:15:21.815Z,gpu-3uwoq-6g3ya-2,ib_hw_counter,rdma_vf_rail1,rx_write_requests,7.05022e+08
2026-09-30T06:15:21.815Z,gpu-3uwoq-6g3ya-2,ib_hw_counter,rdma_vf_rail1,rx_read_requests,1.042e+07
2026-09-30T06:15:21.815Z,gpu-3uwoq-6g3ya-2,ib_hw_counter,rdma_vf_rail1,req_cqe_error,0
2026-09-30T06:15:21.815Z,gpu-3uwoq-6g3ya-2,ib_hw_counter,rdma_vf_rail1,resp_cqe_error,0
2026-09-30T06:15:21.815Z,gpu-3uwoq-6g3ya-2,ib_hw_counter,rdma_vf_rail1,implied_nak_seq_err,0
2026-09-30T06:15:21.815Z,gpu-3uwoq-6g3ya-2,ib_hw_counter,rdma_vf_rail1,duplicate_request,0
2026-09-30T06:15:21.815Z,gpu-3uwoq-6g3ya-2,ib_counter,rdma_vf_rail2,port_xmit_data,2.76181e+12
2026-09-30T06:15:21.815Z,gpu-3uwoq-6g3ya-2,ib_counter,rdma_vf_rail2,port_rcv_data,5.72057e+12
2026-09-30T06:15:21.815Z,gpu-3uwoq-6g3ya-2,ib_counter,rdma_vf_rail2,port_xmit_packets,9.4252e+08
2026-09-30T06:15:21.815Z,gpu-3uwoq-6g3ya-2,ib_counter,rdma_vf_rail2,port_rcv_packets,1.56133e+09
2026-09-30T06:15:21.815Z,gpu-3uwoq-6g3ya-2,ib_counter,rdma_vf_rail2,port_xmit_wait,0
2026-09-30T06:15:21.815Z,gpu-3uwoq-6g3ya-2,ib_counter,rdma_vf_rail2,port_rcv_errors,0
2026-09-30T06:15:21.815Z,gpu-3uwoq-6g3ya-2,ib_counter,rdma_vf_rail2,port_xmit_discards,0
2026-09-30T06:15:21.815Z,gpu-3uwoq-6g3ya-2,ib_counter,rdma_vf_rail2,link_downed,0
2026-09-30T06:15:21.815Z,gpu-3uwoq-6g3ya-2,ib_hw_counter,rdma_vf_rail2,out_of_sequence,0
2026-09-30T06:15:21.815Z,gpu-3uwoq-6g3ya-2,ib_hw_counter,rdma_vf_rail2,packet_seq_err,0
2026-09-30T06:15:21.815Z,gpu-3uwoq-6g3ya-2,ib_hw_counter,rdma_vf_rail2,local_ack_timeout_err,0
2026-09-30T06:15:21.815Z,gpu-3uwoq-6g3ya-2,ib_hw_counter,rdma_vf_rail2,rx_write_requests,7.05021e+08
2026-09-30T06:15:21.815Z,gpu-3uwoq-6g3ya-2,ib_hw_counter,rdma_vf_rail2,rx_read_requests,1.042e+07
2026-09-30T06:15:21.815Z,gpu-3uwoq-6g3ya-2,ib_hw_counter,rdma_vf_rail2,req_cqe_error,0
2026-09-30T06:15:21.815Z,gpu-3uwoq-6g3ya-2,ib_hw_counter,rdma_vf_rail2,resp_cqe_error,0
2026-09-30T06:15:21.815Z,gpu-3uwoq-6g3ya-2,ib_hw_counter,rdma_vf_rail2,implied_nak_seq_err,0
2026-09-30T06:15:21.815Z,gpu-3uwoq-6g3ya-2,ib_hw_counter,rdma_vf_rail2,duplicate_request,0
2026-09-30T06:15:21.815Z,gpu-3uwoq-6g3ya-2,ib_counter,rdma_vf_rail3,port_xmit_data,2.76167e+12
2026-09-30T06:15:21.815Z,gpu-3uwoq-6g3ya-2,ib_counter,rdma_vf_rail3,port_rcv_data,5.72118e+12
2026-09-30T06:15:21.815Z,gpu-3uwoq-6g3ya-2,ib_counter,rdma_vf_rail3,port_xmit_packets,9.40862e+08
2026-09-30T06:15:21.815Z,gpu-3uwoq-6g3ya-2,ib_counter,rdma_vf_rail3,port_rcv_packets,1.56875e+09
2026-09-30T06:15:21.815Z,gpu-3uwoq-6g3ya-2,ib_counter,rdma_vf_rail3,port_xmit_wait,0
2026-09-30T06:15:21.815Z,gpu-3uwoq-6g3ya-2,ib_counter,rdma_vf_rail3,port_rcv_errors,0
2026-09-30T06:15:21.815Z,gpu-3uwoq-6g3ya-2,ib_counter,rdma_vf_rail3,port_xmit_discards,0
2026-09-30T06:15:21.815Z,gpu-3uwoq-6g3ya-2,ib_counter,rdma_vf_rail3,link_downed,0
2026-09-30T06:15:21.815Z,gpu-3uwoq-6g3ya-2,ib_hw_counter,rdma_vf_rail3,out_of_sequence,0
2026-09-30T06:15:21.815Z,gpu-3uwoq-6g3ya-2,ib_hw_counter,rdma_vf_rail3,packet_seq_err,1
2026-09-30T06:15:21.815Z,gpu-3uwoq-6g3ya-2,ib_hw_counter,rdma_vf_rail3,local_ack_timeout_err,0
2026-09-30T06:15:21.815Z,gpu-3uwoq-6g3ya-2,ib_hw_counter,rdma_vf_rail3,rx_write_requests,7.05021e+08
2026-09-30T06:15:21.815Z,gpu-3uwoq-6g3ya-2,ib_hw_counter,rdma_vf_rail3,rx_read_requests,1.042e+07
2026-09-30T06:15:21.815Z,gpu-3uwoq-6g3ya-2,ib_hw_counter,rdma_vf_rail3,req_cqe_error,0
2026-09-30T06:15:21.815Z,gpu-3uwoq-6g3ya-2,ib_hw_counter,rdma_vf_rail3,resp_cqe_error,0
2026-09-30T06:15:21.815Z,gpu-3uwoq-6g3ya-2,ib_hw_counter,rdma_vf_rail3,implied_nak_seq_err,0
2026-09-30T06:15:21.815Z,gpu-3uwoq-6g3ya-2,ib_hw_counter,rdma_vf_rail3,duplicate_request,0
2026-09-30T06:15:21.815Z,gpu-3uwoq-6g3ya-2,dcgm,gpu2,gpu_util,0
2026-09-30T06:15:21.815Z,gpu-3uwoq-6g3ya-2,dcgm,gpu3,gpu_util,0
2026-09-30T06:15:21.815Z,gpu-3uwoq-6g3ya-2,dcgm,gpu1,gpu_util,0
2026-09-30T06:15:21.815Z,gpu-3uwoq-6g3ya-2,dcgm,gpu0,gpu_util,0
2026-09-30T06:15:21.815Z,gpu-3uwoq-6g3ya-2,dcgm,gpu2,nvlink_bandwidth_total,0
2026-09-30T06:15:21.815Z,gpu-3uwoq-6g3ya-2,dcgm,gpu3,nvlink_bandwidth_total,0
2026-09-30T06:15:21.815Z,gpu-3uwoq-6g3ya-2,dcgm,gpu1,nvlink_bandwidth_total,0
2026-09-30T06:15:21.815Z,gpu-3uwoq-6g3ya-2,dcgm,gpu0,nvlink_bandwidth_total,0
2026-09-30T06:15:21.815Z,gpu-3uwoq-6g3ya-2,dcgm,gpu2,power_w,231.327
2026-09-30T06:15:21.815Z,gpu-3uwoq-6g3ya-2,dcgm,gpu3,power_w,234.078
2026-09-30T06:15:21.815Z,gpu-3uwoq-6g3ya-2,dcgm,gpu1,power_w,229.995
2026-09-30T06:15:21.815Z,gpu-3uwoq-6g3ya-2,dcgm,gpu0,power_w,226.432
2026-09-30T06:15:21.815Z,gpu-3uwoq-6g3ya-2,dcgm,gpu2,sm_clock_mhz,2070
2026-09-30T06:15:21.815Z,gpu-3uwoq-6g3ya-2,dcgm,gpu3,sm_clock_mhz,2070
2026-09-30T06:15:21.815Z,gpu-3uwoq-6g3ya-2,dcgm,gpu1,sm_clock_mhz,2070
2026-09-30T06:15:21.815Z,gpu-3uwoq-6g3ya-2,dcgm,gpu0,sm_clock_mhz,2070
2026-09-30T06:15:21.815Z,gpu-3uwoq-6g3ya-2,dcgm,gpu2,dram_active,6e-06
2026-09-30T06:15:21.815Z,gpu-3uwoq-6g3ya-2,dcgm,gpu3,dram_active,6e-06
2026-09-30T06:15:21.815Z,gpu-3uwoq-6g3ya-2,dcgm,gpu1,dram_active,6e-06
2026-09-30T06:15:21.815Z,gpu-3uwoq-6g3ya-2,dcgm,gpu0,dram_active,6e-06
2026-09-30T06:15:21.815Z,gpu-3uwoq-6g3ya-2,dcgm,gpu2,pcie_rx_bytes,336980
2026-09-30T06:15:21.815Z,gpu-3uwoq-6g3ya-2,dcgm,gpu3,pcie_rx_bytes,328407
2026-09-30T06:15:21.815Z,gpu-3uwoq-6g3ya-2,dcgm,gpu1,pcie_rx_bytes,359867
2026-09-30T06:15:21.815Z,gpu-3uwoq-6g3ya-2,dcgm,gpu0,pcie_rx_bytes,361704
2026-09-30T06:15:21.815Z,gpu-3uwoq-6g3ya-2,dcgm,gpu2,pcie_tx_bytes,289363
2026-09-30T06:15:21.815Z,gpu-3uwoq-6g3ya-2,dcgm,gpu3,pcie_tx_bytes,280676
2026-09-30T06:15:21.815Z,gpu-3uwoq-6g3ya-2,dcgm,gpu1,pcie_tx_bytes,313256
2026-09-30T06:15:21.815Z,gpu-3uwoq-6g3ya-2,dcgm,gpu0,pcie_tx_bytes,314760
2026-09-30T06:15:21.815Z,gpu-3uwoq-6g3ya-2,dcgm,gpu2,tensor_active,0
2026-09-30T06:15:21.815Z,gpu-3uwoq-6g3ya-2,dcgm,gpu3,tensor_active,0
2026-09-30T06:15:21.815Z,gpu-3uwoq-6g3ya-2,dcgm,gpu1,tensor_active,0
2026-09-30T06:15:21.815Z,gpu-3uwoq-6g3ya-2,dcgm,gpu0,tensor_active,0
2026-09-30T06:15:21.815Z,gpu-3uwoq-6g3ya-2,dcgm,gpu2,sm_active,1e-06
2026-09-30T06:15:21.815Z,gpu-3uwoq-6g3ya-2,dcgm,gpu3,sm_active,1e-06
2026-09-30T06:15:21.815Z,gpu-3uwoq-6g3ya-2,dcgm,gpu1,sm_active,1e-06
2026-09-30T06:15:21.815Z,gpu-3uwoq-6g3ya-2,dcgm,gpu0,sm_active,1e-06
2026-09-30T06:15:21.815Z,gpu-3uwoq-6g3ya-2,nvlink,gpu0,nvlink_rx_bytes,4.66294e+13
2026-09-30T06:15:21.815Z,gpu-3uwoq-6g3ya-2,nvlink,gpu0,nvlink_tx_bytes,4.66299e+13
2026-09-30T06:15:21.815Z,gpu-3uwoq-6g3ya-2,nvlink,gpu1,nvlink_rx_bytes,4.66294e+13
2026-09-30T06:15:21.815Z,gpu-3uwoq-6g3ya-2,nvlink,gpu1,nvlink_tx_bytes,4.66297e+13
2026-09-30T06:15:21.815Z,gpu-3uwoq-6g3ya-2,nvlink,gpu2,nvlink_rx_bytes,4.66291e+13
2026-09-30T06:15:21.815Z,gpu-3uwoq-6g3ya-2,nvlink,gpu2,nvlink_tx_bytes,4.66294e+13
2026-09-30T06:15:21.815Z,gpu-3uwoq-6g3ya-2,nvlink,gpu3,nvlink_rx_bytes,4.66274e+13
2026-09-30T06:15:21.815Z,gpu-3uwoq-6g3ya-2,nvlink,gpu3,nvlink_tx_bytes,4.66275e+13
2026-09-30T06:15:22.815Z,gpu-3uwoq-6g3ya-2,ib_counter,rdma_vf_rail0,port_xmit_data,2.76329e+12
2026-09-30T06:15:22.815Z,gpu-3uwoq-6g3ya-2,ib_counter,rdma_vf_rail0,port_rcv_data,5.72235e+12
2026-09-30T06:15:22.815Z,gpu-3uwoq-6g3ya-2,ib_counter,rdma_vf_rail0,port_xmit_packets,9.5609e+08
2026-09-30T06:15:22.815Z,gpu-3uwoq-6g3ya-2,ib_counter,rdma_vf_rail0,port_rcv_packets,1.57821e+09
2026-09-30T06:15:22.815Z,gpu-3uwoq-6g3ya-2,ib_counter,rdma_vf_rail0,port_xmit_wait,0
2026-09-30T06:15:22.815Z,gpu-3uwoq-6g3ya-2,ib_counter,rdma_vf_rail0,port_rcv_errors,0
2026-09-30T06:15:22.815Z,gpu-3uwoq-6g3ya-2,ib_counter,rdma_vf_rail0,port_xmit_discards,0
2026-09-30T06:15:22.815Z,gpu-3uwoq-6g3ya-2,ib_counter,rdma_vf_rail0,link_downed,0
2026-09-30T06:15:22.815Z,gpu-3uwoq-6g3ya-2,ib_hw_counter,rdma_vf_rail0,out_of_sequence,0
2026-09-30T06:15:22.815Z,gpu-3uwoq-6g3ya-2,ib_hw_counter,rdma_vf_rail0,packet_seq_err,0
2026-09-30T06:15:22.815Z,gpu-3uwoq-6g3ya-2,ib_hw_counter,rdma_vf_rail0,local_ack_timeout_err,0
2026-09-30T06:15:22.815Z,gpu-3uwoq-6g3ya-2,ib_hw_counter,rdma_vf_rail0,rx_write_requests,7.05021e+08
2026-09-30T06:15:22.815Z,gpu-3uwoq-6g3ya-2,ib_hw_counter,rdma_vf_rail0,rx_read_requests,1.042e+07
2026-09-30T06:15:22.815Z,gpu-3uwoq-6g3ya-2,ib_hw_counter,rdma_vf_rail0,req_cqe_error,0
2026-09-30T06:15:22.815Z,gpu-3uwoq-6g3ya-2,ib_hw_counter,rdma_vf_rail0,resp_cqe_error,0
2026-09-30T06:15:22.815Z,gpu-3uwoq-6g3ya-2,ib_hw_counter,rdma_vf_rail0,implied_nak_seq_err,0
2026-09-30T06:15:22.815Z,gpu-3uwoq-6g3ya-2,ib_hw_counter,rdma_vf_rail0,duplicate_request,0
2026-09-30T06:15:22.815Z,gpu-3uwoq-6g3ya-2,ib_counter,rdma_vf_rail1,port_xmit_data,2.76263e+12
2026-09-30T06:15:22.815Z,gpu-3uwoq-6g3ya-2,ib_counter,rdma_vf_rail1,port_rcv_data,5.72189e+12
2026-09-30T06:15:22.815Z,gpu-3uwoq-6g3ya-2,ib_counter,rdma_vf_rail1,port_xmit_packets,9.52939e+08
2026-09-30T06:15:22.815Z,gpu-3uwoq-6g3ya-2,ib_counter,rdma_vf_rail1,port_rcv_packets,1.57742e+09
2026-09-30T06:15:22.815Z,gpu-3uwoq-6g3ya-2,ib_counter,rdma_vf_rail1,port_xmit_wait,0
2026-09-30T06:15:22.815Z,gpu-3uwoq-6g3ya-2,ib_counter,rdma_vf_rail1,port_rcv_errors,0
2026-09-30T06:15:22.815Z,gpu-3uwoq-6g3ya-2,ib_counter,rdma_vf_rail1,port_xmit_discards,0
2026-09-30T06:15:22.815Z,gpu-3uwoq-6g3ya-2,ib_counter,rdma_vf_rail1,link_downed,0
2026-09-30T06:15:22.815Z,gpu-3uwoq-6g3ya-2,ib_hw_counter,rdma_vf_rail1,out_of_sequence,0
2026-09-30T06:15:22.815Z,gpu-3uwoq-6g3ya-2,ib_hw_counter,rdma_vf_rail1,packet_seq_err,0
2026-09-30T06:15:22.815Z,gpu-3uwoq-6g3ya-2,ib_hw_counter,rdma_vf_rail1,local_ack_timeout_err,0
2026-09-30T06:15:22.815Z,gpu-3uwoq-6g3ya-2,ib_hw_counter,rdma_vf_rail1,rx_write_requests,7.05022e+08
2026-09-30T06:15:22.815Z,gpu-3uwoq-6g3ya-2,ib_hw_counter,rdma_vf_rail1,rx_read_requests,1.042e+07
2026-09-30T06:15:22.815Z,gpu-3uwoq-6g3ya-2,ib_hw_counter,rdma_vf_rail1,req_cqe_error,0
2026-09-30T06:15:22.815Z,gpu-3uwoq-6g3ya-2,ib_hw_counter,rdma_vf_rail1,resp_cqe_error,0
2026-09-30T06:15:22.815Z,gpu-3uwoq-6g3ya-2,ib_hw_counter,rdma_vf_rail1,implied_nak_seq_err,0
2026-09-30T06:15:22.815Z,gpu-3uwoq-6g3ya-2,ib_hw_counter,rdma_vf_rail1,duplicate_request,0
2026-09-30T06:15:22.815Z,gpu-3uwoq-6g3ya-2,ib_counter,rdma_vf_rail2,port_xmit_data,2.76181e+12
2026-09-30T06:15:22.815Z,gpu-3uwoq-6g3ya-2,ib_counter,rdma_vf_rail2,port_rcv_data,5.72057e+12
2026-09-30T06:15:22.815Z,gpu-3uwoq-6g3ya-2,ib_counter,rdma_vf_rail2,port_xmit_packets,9.4252e+08
2026-09-30T06:15:22.815Z,gpu-3uwoq-6g3ya-2,ib_counter,rdma_vf_rail2,port_rcv_packets,1.56133e+09
2026-09-30T06:15:22.815Z,gpu-3uwoq-6g3ya-2,ib_counter,rdma_vf_rail2,port_xmit_wait,0
2026-09-30T06:15:22.815Z,gpu-3uwoq-6g3ya-2,ib_counter,rdma_vf_rail2,port_rcv_errors,0
2026-09-30T06:15:22.815Z,gpu-3uwoq-6g3ya-2,ib_counter,rdma_vf_rail2,port_xmit_discards,0
2026-09-30T06:15:22.815Z,gpu-3uwoq-6g3ya-2,ib_counter,rdma_vf_rail2,link_downed,0
2026-09-30T06:15:22.815Z,gpu-3uwoq-6g3ya-2,ib_hw_counter,rdma_vf_rail2,out_of_sequence,0
2026-09-30T06:15:22.815Z,gpu-3uwoq-6g3ya-2,ib_hw_counter,rdma_vf_rail2,packet_seq_err,0
2026-09-30T06:15:22.815Z,gpu-3uwoq-6g3ya-2,ib_hw_counter,rdma_vf_rail2,local_ack_timeout_err,0
2026-09-30T06:15:22.815Z,gpu-3uwoq-6g3ya-2,ib_hw_counter,rdma_vf_rail2,rx_write_requests,7.05021e+08
2026-09-30T06:15:22.815Z,gpu-3uwoq-6g3ya-2,ib_hw_counter,rdma_vf_rail2,rx_read_requests,1.042e+07
2026-09-30T06:15:22.815Z,gpu-3uwoq-6g3ya-2,ib_hw_counter,rdma_vf_rail2,req_cqe_error,0
2026-09-30T06:15:22.815Z,gpu-3uwoq-6g3ya-2,ib_hw_counter,rdma_vf_rail2,resp_cqe_error,0
2026-09-30T06:15:22.815Z,gpu-3uwoq-6g3ya-2,ib_hw_counter,rdma_vf_rail2,implied_nak_seq_err,0
2026-09-30T06:15:22.815Z,gpu-3uwoq-6g3ya-2,ib_hw_counter,rdma_vf_rail2,duplicate_request,0
2026-09-30T06:15:22.815Z,gpu-3uwoq-6g3ya-2,ib_counter,rdma_vf_rail3,port_xmit_data,2.76167e+12
2026-09-30T06:15:22.815Z,gpu-3uwoq-6g3ya-2,ib_counter,rdma_vf_rail3,port_rcv_data,5.72118e+12
2026-09-30T06:15:22.815Z,gpu-3uwoq-6g3ya-2,ib_counter,rdma_vf_rail3,port_xmit_packets,9.40862e+08
2026-09-30T06:15:22.815Z,gpu-3uwoq-6g3ya-2,ib_counter,rdma_vf_rail3,port_rcv_packets,1.56875e+09
2026-09-30T06:15:22.815Z,gpu-3uwoq-6g3ya-2,ib_counter,rdma_vf_rail3,port_xmit_wait,0
2026-09-30T06:15:22.815Z,gpu-3uwoq-6g3ya-2,ib_counter,rdma_vf_rail3,port_rcv_errors,0
2026-09-30T06:15:22.815Z,gpu-3uwoq-6g3ya-2,ib_counter,rdma_vf_rail3,port_xmit_discards,0
2026-09-30T06:15:22.815Z,gpu-3uwoq-6g3ya-2,ib_counter,rdma_vf_rail3,link_downed,0
2026-09-30T06:15:22.815Z,gpu-3uwoq-6g3ya-2,ib_hw_counter,rdma_vf_rail3,out_of_sequence,0
2026-09-30T06:15:22.815Z,gpu-3uwoq-6g3ya-2,ib_hw_counter,rdma_vf_rail3,packet_seq_err,1
2026-09-30T06:15:22.815Z,gpu-3uwoq-6g3ya-2,ib_hw_counter,rdma_vf_rail3,local_ack_timeout_err,0
2026-09-30T06:15:22.815Z,gpu-3uwoq-6g3ya-2,ib_hw_counter,rdma_vf_rail3,rx_write_requests,7.05021e+08
2026-09-30T06:15:22.815Z,gpu-3uwoq-6g3ya-2,ib_hw_counter,rdma_vf_rail3,rx_read_requests,1.042e+07
2026-09-30T06:15:22.815Z,gpu-3uwoq-6g3ya-2,ib_hw_counter,rdma_vf_rail3,req_cqe_error,0
2026-09-30T06:15:22.815Z,gpu-3uwoq-6g3ya-2,ib_hw_counter,rdma_vf_rail3,resp_cqe_error,0
2026-09-30T06:15:22.815Z,gpu-3uwoq-6g3ya-2,ib_hw_counter,rdma_vf_rail3,implied_nak_seq_err,0
2026-09-30T06:15:22.815Z,gpu-3uwoq-6g3ya-2,ib_hw_counter,rdma_vf_rail3,duplicate_request,0
2026-09-30T06:15:22.815Z,gpu-3uwoq-6g3ya-2,dcgm,gpu2,gpu_util,0
2026-09-30T06:15:22.815Z,gpu-3uwoq-6g3ya-2,dcgm,gpu3,gpu_util,0
2026-09-30T06:15:22.815Z,gpu-3uwoq-6g3ya-2,dcgm,gpu1,gpu_util,0
2026-09-30T06:15:22.815Z,gpu-3uwoq-6g3ya-2,dcgm,gpu0,gpu_util,0
2026-09-30T06:15:22.815Z,gpu-3uwoq-6g3ya-2,dcgm,gpu2,nvlink_bandwidth_total,0
2026-09-30T06:15:22.815Z,gpu-3uwoq-6g3ya-2,dcgm,gpu3,nvlink_bandwidth_total,0
2026-09-30T06:15:22.815Z,gpu-3uwoq-6g3ya-2,dcgm,gpu1,nvlink_bandwidth_total,0
2026-09-30T06:15:22.815Z,gpu-3uwoq-6g3ya-2,dcgm,gpu0,nvlink_bandwidth_total,0
2026-09-30T06:15:22.815Z,gpu-3uwoq-6g3ya-2,dcgm,gpu2,power_w,231.327
2026-09-30T06:15:22.815Z,gpu-3uwoq-6g3ya-2,dcgm,gpu3,power_w,234.078
2026-09-30T06:15:22.815Z,gpu-3uwoq-6g3ya-2,dcgm,gpu1,power_w,229.995
2026-09-30T06:15:22.815Z,gpu-3uwoq-6g3ya-2,dcgm,gpu0,power_w,226.432
2026-09-30T06:15:22.815Z,gpu-3uwoq-6g3ya-2,dcgm,gpu2,sm_clock_mhz,2070
2026-09-30T06:15:22.815Z,gpu-3uwoq-6g3ya-2,dcgm,gpu3,sm_clock_mhz,2070
2026-09-30T06:15:22.815Z,gpu-3uwoq-6g3ya-2,dcgm,gpu1,sm_clock_mhz,2070
2026-09-30T06:15:22.815Z,gpu-3uwoq-6g3ya-2,dcgm,gpu0,sm_clock_mhz,2070
2026-09-30T06:15:22.815Z,gpu-3uwoq-6g3ya-2,dcgm,gpu2,dram_active,6e-06
2026-09-30T06:15:22.815Z,gpu-3uwoq-6g3ya-2,dcgm,gpu3,dram_active,6e-06
2026-09-30T06:15:22.815Z,gpu-3uwoq-6g3ya-2,dcgm,gpu1,dram_active,6e-06
2026-09-30T06:15:22.815Z,gpu-3uwoq-6g3ya-2,dcgm,gpu0,dram_active,6e-06
2026-09-30T06:15:22.815Z,gpu-3uwoq-6g3ya-2,dcgm,gpu2,pcie_rx_bytes,336980
2026-09-30T06:15:22.815Z,gpu-3uwoq-6g3ya-2,dcgm,gpu3,pcie_rx_bytes,328407
2026-09-30T06:15:22.815Z,gpu-3uwoq-6g3ya-2,dcgm,gpu1,pcie_rx_bytes,359867
2026-09-30T06:15:22.815Z,gpu-3uwoq-6g3ya-2,dcgm,gpu0,pcie_rx_bytes,361704
2026-09-30T06:15:22.815Z,gpu-3uwoq-6g3ya-2,dcgm,gpu2,pcie_tx_bytes,289363
2026-09-30T06:15:22.815Z,gpu-3uwoq-6g3ya-2,dcgm,gpu3,pcie_tx_bytes,280676
2026-09-30T06:15:22.815Z,gpu-3uwoq-6g3ya-2,dcgm,gpu1,pcie_tx_bytes,313256
2026-09-30T06:15:22.815Z,gpu-3uwoq-6g3ya-2,dcgm,gpu0,pcie_tx_bytes,314760
2026-09-30T06:15:22.815Z,gpu-3uwoq-6g3ya-2,dcgm,gpu2,tensor_active,0
2026-09-30T06:15:22.815Z,gpu-3uwoq-6g3ya-2,dcgm,gpu3,tensor_active,0
2026-09-30T06:15:22.815Z,gpu-3uwoq-6g3ya-2,dcgm,gpu1,tensor_active,0
2026-09-30T06:15:22.815Z,gpu-3uwoq-6g3ya-2,dcgm,gpu0,tensor_active,0
2026-09-30T06:15:22.815Z,gpu-3uwoq-6g3ya-2,dcgm,gpu2,sm_active,1e-06
2026-09-30T06:15:22.815Z,gpu-3uwoq-6g3ya-2,dcgm,gpu3,sm_active,1e-06
2026-09-30T06:15:22.815Z,gpu-3uwoq-6g3ya-2,dcgm,gpu1,sm_active,1e-06
2026-09-30T06:15:22.815Z,gpu-3uwoq-6g3ya-2,dcgm,gpu0,sm_active,1e-06
2026-09-30T06:15:22.815Z,gpu-3uwoq-6g3ya-2,nvlink,gpu0,nvlink_rx_bytes,4.66294e+13
2026-09-30T06:15:22.815Z,gpu-3uwoq-6g3ya-2,nvlink,gpu0,nvlink_tx_bytes,4.66299e+13
2026-09-30T06:15:22.815Z,gpu-3uwoq-6g3ya-2,nvlink,gpu1,nvlink_rx_bytes,4.66294e+13
2026-09-30T06:15:22.815Z,gpu-3uwoq-6g3ya-2,nvlink,gpu1,nvlink_tx_bytes,4.66297e+13
2026-09-30T06:15:22.815Z,gpu-3uwoq-6g3ya-2,nvlink,gpu2,nvlink_rx_bytes,4.66291e+13
2026-09-30T06:15:22.815Z,gpu-3uwoq-6g3ya-2,nvlink,gpu2,nvlink_tx_bytes,4.66294e+13
2026-09-30T06:15:22.815Z,gpu-3uwoq-6g3ya-2,nvlink,gpu3,nvlink_rx_bytes,4.66274e+13
2026-09-30T06:15:22.815Z,gpu-3uwoq-6g3ya-2,nvlink,gpu3,nvlink_tx_bytes,4.66275e+13
2026-09-30T06:15:23.815Z,gpu-3uwoq-6g3ya-2,ib_counter,rdma_vf_rail0,port_xmit_data,2.76329e+12
2026-09-30T06:15:23.815Z,gpu-3uwoq-6g3ya-2,ib_counter,rdma_vf_rail0,port_rcv_data,5.72235e+12
2026-09-30T06:15:23.815Z,gpu-3uwoq-6g3ya-2,ib_counter,rdma_vf_rail0,port_xmit_packets,9.5609e+08
2026-09-30T06:15:23.815Z,gpu-3uwoq-6g3ya-2,ib_counter,rdma_vf_rail0,port_rcv_packets,1.57821e+09
2026-09-30T06:15:23.815Z,gpu-3uwoq-6g3ya-2,ib_counter,rdma_vf_rail0,port_xmit_wait,0
2026-09-30T06:15:23.815Z,gpu-3uwoq-6g3ya-2,ib_counter,rdma_vf_rail0,port_rcv_errors,0
2026-09-30T06:15:23.815Z,gpu-3uwoq-6g3ya-2,ib_counter,rdma_vf_rail0,port_xmit_discards,0
2026-09-30T06:15:23.815Z,gpu-3uwoq-6g3ya-2,ib_counter,rdma_vf_rail0,link_downed,0
2026-09-30T06:15:23.815Z,gpu-3uwoq-6g3ya-2,ib_hw_counter,rdma_vf_rail0,out_of_sequence,0
2026-09-30T06:15:23.815Z,gpu-3uwoq-6g3ya-2,ib_hw_counter,rdma_vf_rail0,packet_seq_err,0
2026-09-30T06:15:23.815Z,gpu-3uwoq-6g3ya-2,ib_hw_counter,rdma_vf_rail0,local_ack_timeout_err,0
2026-09-30T06:15:23.815Z,gpu-3uwoq-6g3ya-2,ib_hw_counter,rdma_vf_rail0,rx_write_requests,7.05021e+08
2026-09-30T06:15:23.815Z,gpu-3uwoq-6g3ya-2,ib_hw_counter,rdma_vf_rail0,rx_read_requests,1.042e+07
2026-09-30T06:15:23.815Z,gpu-3uwoq-6g3ya-2,ib_hw_counter,rdma_vf_rail0,req_cqe_error,0
2026-09-30T06:15:23.815Z,gpu-3uwoq-6g3ya-2,ib_hw_counter,rdma_vf_rail0,resp_cqe_error,0
2026-09-30T06:15:23.815Z,gpu-3uwoq-6g3ya-2,ib_hw_counter,rdma_vf_rail0,implied_nak_seq_err,0
2026-09-30T06:15:23.815Z,gpu-3uwoq-6g3ya-2,ib_hw_counter,rdma_vf_rail0,duplicate_request,0
2026-09-30T06:15:23.815Z,gpu-3uwoq-6g3ya-2,ib_counter,rdma_vf_rail1,port_xmit_data,2.76263e+12
2026-09-30T06:15:23.815Z,gpu-3uwoq-6g3ya-2,ib_counter,rdma_vf_rail1,port_rcv_data,5.72189e+12
2026-09-30T06:15:23.815Z,gpu-3uwoq-6g3ya-2,ib_counter,rdma_vf_rail1,port_xmit_packets,9.52939e+08
2026-09-30T06:15:23.815Z,gpu-3uwoq-6g3ya-2,ib_counter,rdma_vf_rail1,port_rcv_packets,1.57742e+09
2026-09-30T06:15:23.815Z,gpu-3uwoq-6g3ya-2,ib_counter,rdma_vf_rail1,port_xmit_wait,0
2026-09-30T06:15:23.815Z,gpu-3uwoq-6g3ya-2,ib_counter,rdma_vf_rail1,port_rcv_errors,0
2026-09-30T06:15:23.815Z,gpu-3uwoq-6g3ya-2,ib_counter,rdma_vf_rail1,port_xmit_discards,0
2026-09-30T06:15:23.815Z,gpu-3uwoq-6g3ya-2,ib_counter,rdma_vf_rail1,link_downed,0
2026-09-30T06:15:23.815Z,gpu-3uwoq-6g3ya-2,ib_hw_counter,rdma_vf_rail1,out_of_sequence,0
2026-09-30T06:15:23.815Z,gpu-3uwoq-6g3ya-2,ib_hw_counter,rdma_vf_rail1,packet_seq_err,0
2026-09-30T06:15:23.815Z,gpu-3uwoq-6g3ya-2,ib_hw_counter,rdma_vf_rail1,local_ack_timeout_err,0
2026-09-30T06:15:23.815Z,gpu-3uwoq-6g3ya-2,ib_hw_counter,rdma_vf_rail1,rx_write_requests,7.05022e+08
2026-09-30T06:15:23.815Z,gpu-3uwoq-6g3ya-2,ib_hw_counter,rdma_vf_rail1,rx_read_requests,1.042e+07
2026-09-30T06:15:23.815Z,gpu-3uwoq-6g3ya-2,ib_hw_counter,rdma_vf_rail1,req_cqe_error,0
2026-09-30T06:15:23.815Z,gpu-3uwoq-6g3ya-2,ib_hw_counter,rdma_vf_rail1,resp_cqe_error,0
2026-09-30T06:15:23.815Z,gpu-3uwoq-6g3ya-2,ib_hw_counter,rdma_vf_rail1,implied_nak_seq_err,0
2026-09-30T06:15:23.815Z,gpu-3uwoq-6g3ya-2,ib_hw_counter,rdma_vf_rail1,duplicate_request,0
2026-09-30T06:15:23.815Z,gpu-3uwoq-6g3ya-2,ib_counter,rdma_vf_rail2,port_xmit_data,2.76181e+12
2026-09-30T06:15:23.815Z,gpu-3uwoq-6g3ya-2,ib_counter,rdma_vf_rail2,port_rcv_data,5.72057e+12
2026-09-30T06:15:23.815Z,gpu-3uwoq-6g3ya-2,ib_counter,rdma_vf_rail2,port_xmit_packets,9.4252e+08
2026-09-30T06:15:23.815Z,gpu-3uwoq-6g3ya-2,ib_counter,rdma_vf_rail2,port_rcv_packets,1.56133e+09
2026-09-30T06:15:23.815Z,gpu-3uwoq-6g3ya-2,ib_counter,rdma_vf_rail2,port_xmit_wait,0
2026-09-30T06:15:23.815Z,gpu-3uwoq-6g3ya-2,ib_counter,rdma_vf_rail2,port_rcv_errors,0
2026-09-30T06:15:23.815Z,gpu-3uwoq-6g3ya-2,ib_counter,rdma_vf_rail2,port_xmit_discards,0
2026-09-30T06:15:23.815Z,gpu-3uwoq-6g3ya-2,ib_counter,rdma_vf_rail2,link_downed,0
2026-09-30T06:15:23.815Z,gpu-3uwoq-6g3ya-2,ib_hw_counter,rdma_vf_rail2,out_of_sequence,0
2026-09-30T06:15:23.815Z,gpu-3uwoq-6g3ya-2,ib_hw_counter,rdma_vf_rail2,packet_seq_err,0
2026-09-30T06:15:23.815Z,gpu-3uwoq-6g3ya-2,ib_hw_counter,rdma_vf_rail2,local_ack_timeout_err,0
2026-09-30T06:15:23.815Z,gpu-3uwoq-6g3ya-2,ib_hw_counter,rdma_vf_rail2,rx_write_requests,7.05021e+08
2026-09-30T06:15:23.815Z,gpu-3uwoq-6g3ya-2,ib_hw_counter,rdma_vf_rail2,rx_read_requests,1.042e+07
2026-09-30T06:15:23.815Z,gpu-3uwoq-6g3ya-2,ib_hw_counter,rdma_vf_rail2,req_cqe_error,0
2026-09-30T06:15:23.815Z,gpu-3uwoq-6g3ya-2,ib_hw_counter,rdma_vf_rail2,resp_cqe_error,0
2026-09-30T06:15:23.815Z,gpu-3uwoq-6g3ya-2,ib_hw_counter,rdma_vf_rail2,implied_nak_seq_err,0
2026-09-30T06:15:23.815Z,gpu-3uwoq-6g3ya-2,ib_hw_counter,rdma_vf_rail2,duplicate_request,0
2026-09-30T06:15:23.815Z,gpu-3uwoq-6g3ya-2,ib_counter,rdma_vf_rail3,port_xmit_data,2.76167e+12
2026-09-30T06:15:23.815Z,gpu-3uwoq-6g3ya-2,ib_counter,rdma_vf_rail3,port_rcv_data,5.72118e+12
2026-09-30T06:15:23.815Z,gpu-3uwoq-6g3ya-2,ib_counter,rdma_vf_rail3,port_xmit_packets,9.40862e+08
2026-09-30T06:15:23.815Z,gpu-3uwoq-6g3ya-2,ib_counter,rdma_vf_rail3,port_rcv_packets,1.56875e+09
2026-09-30T06:15:23.815Z,gpu-3uwoq-6g3ya-2,ib_counter,rdma_vf_rail3,port_xmit_wait,0
2026-09-30T06:15:23.815Z,gpu-3uwoq-6g3ya-2,ib_counter,rdma_vf_rail3,port_rcv_errors,0
2026-09-30T06:15:23.815Z,gpu-3uwoq-6g3ya-2,ib_counter,rdma_vf_rail3,port_xmit_discards,0
2026-09-30T06:15:23.815Z,gpu-3uwoq-6g3ya-2,ib_counter,rdma_vf_rail3,link_downed,0
2026-09-30T06:15:23.815Z,gpu-3uwoq-6g3ya-2,ib_hw_counter,rdma_vf_rail3,out_of_sequence,0
2026-09-30T06:15:23.815Z,gpu-3uwoq-6g3ya-2,ib_hw_counter,rdma_vf_rail3,packet_seq_err,1
2026-09-30T06:15:23.815Z,gpu-3uwoq-6g3ya-2,ib_hw_counter,rdma_vf_rail3,local_ack_timeout_err,0
2026-09-30T06:15:23.815Z,gpu-3uwoq-6g3ya-2,ib_hw_counter,rdma_vf_rail3,rx_write_requests,7.05021e+08
2026-09-30T06:15:23.815Z,gpu-3uwoq-6g3ya-2,ib_hw_counter,rdma_vf_rail3,rx_read_requests,1.042e+07
2026-09-30T06:15:23.815Z,gpu-3uwoq-6g3ya-2,ib_hw_counter,rdma_vf_rail3,req_cqe_error,0
2026-09-30T06:15:23.815Z,gpu-3uwoq-6g3ya-2,ib_hw_counter,rdma_vf_rail3,resp_cqe_error,0
2026-09-30T06:15:23.815Z,gpu-3uwoq-6g3ya-2,ib_hw_counter,rdma_vf_rail3,implied_nak_seq_err,0
2026-09-30T06:15:23.815Z,gpu-3uwoq-6g3ya-2,ib_hw_counter,rdma_vf_rail3,duplicate_request,0
2026-09-30T06:15:23.815Z,gpu-3uwoq-6g3ya-2,dcgm,gpu2,gpu_util,0
2026-09-30T06:15:23.815Z,gpu-3uwoq-6g3ya-2,dcgm,gpu3,gpu_util,0
2026-09-30T06:15:23.815Z,gpu-3uwoq-6g3ya-2,dcgm,gpu1,gpu_util,0
2026-09-30T06:15:23.815Z,gpu-3uwoq-6g3ya-2,dcgm,gpu0,gpu_util,0
2026-09-30T06:15:23.815Z,gpu-3uwoq-6g3ya-2,dcgm,gpu2,nvlink_bandwidth_total,0
2026-09-30T06:15:23.815Z,gpu-3uwoq-6g3ya-2,dcgm,gpu3,nvlink_bandwidth_total,0
2026-09-30T06:15:23.815Z,gpu-3uwoq-6g3ya-2,dcgm,gpu1,nvlink_bandwidth_total,0
2026-09-30T06:15:23.815Z,gpu-3uwoq-6g3ya-2,dcgm,gpu0,nvlink_bandwidth_total,0
2026-09-30T06:15:23.815Z,gpu-3uwoq-6g3ya-2,dcgm,gpu2,power_w,231.327
2026-09-30T06:15:23.815Z,gpu-3uwoq-6g3ya-2,dcgm,gpu3,power_w,234.078
2026-09-30T06:15:23.815Z,gpu-3uwoq-6g3ya-2,dcgm,gpu1,power_w,229.995
2026-09-30T06:15:23.815Z,gpu-3uwoq-6g3ya-2,dcgm,gpu0,power_w,226.432
2026-09-30T06:15:23.815Z,gpu-3uwoq-6g3ya-2,dcgm,gpu2,sm_clock_mhz,2070
2026-09-30T06:15:23.815Z,gpu-3uwoq-6g3ya-2,dcgm,gpu3,sm_clock_mhz,2070
2026-09-30T06:15:23.815Z,gpu-3uwoq-6g3ya-2,dcgm,gpu1,sm_clock_mhz,2070
2026-09-30T06:15:23.815Z,gpu-3uwoq-6g3ya-2,dcgm,gpu0,sm_clock_mhz,2070
2026-09-30T06:15:23.815Z,gpu-3uwoq-6g3ya-2,dcgm,gpu2,dram_active,6e-06
2026-09-30T06:15:23.815Z,gpu-3uwoq-6g3ya-2,dcgm,gpu3,dram_active,6e-06
2026-09-30T06:15:23.815Z,gpu-3uwoq-6g3ya-2,dcgm,gpu1,dram_active,6e-06
2026-09-30T06:15:23.815Z,gpu-3uwoq-6g3ya-2,dcgm,gpu0,dram_active,6e-06
2026-09-30T06:15:23.815Z,gpu-3uwoq-6g3ya-2,dcgm,gpu2,pcie_rx_bytes,336980
2026-09-30T06:15:23.815Z,gpu-3uwoq-6g3ya-2,dcgm,gpu3,pcie_rx_bytes,328407
2026-09-30T06:15:23.815Z,gpu-3uwoq-6g3ya-2,dcgm,gpu1,pcie_rx_bytes,359867
2026-09-30T06:15:23.815Z,gpu-3uwoq-6g3ya-2,dcgm,gpu0,pcie_rx_bytes,361704
2026-09-30T06:15:23.815Z,gpu-3uwoq-6g3ya-2,dcgm,gpu2,pcie_tx_bytes,289363
2026-09-30T06:15:23.815Z,gpu-3uwoq-6g3ya-2,dcgm,gpu3,pcie_tx_bytes,280676
2026-09-30T06:15:23.815Z,gpu-3uwoq-6g3ya-2,dcgm,gpu1,pcie_tx_bytes,313256
2026-09-30T06:15:23.815Z,gpu-3uwoq-6g3ya-2,dcgm,gpu0,pcie_tx_bytes,314760
2026-09-30T06:15:23.815Z,gpu-3uwoq-6g3ya-2,dcgm,gpu2,tensor_active,0
2026-09-30T06:15:23.815Z,gpu-3uwoq-6g3ya-2,dcgm,gpu3,tensor_active,0
2026-09-30T06:15:23.815Z,gpu-3uwoq-6g3ya-2,dcgm,gpu1,tensor_active,0
2026-09-30T06:15:23.815Z,gpu-3uwoq-6g3ya-2,dcgm,gpu0,tensor_active,0
2026-09-30T06:15:23.815Z,gpu-3uwoq-6g3ya-2,dcgm,gpu2,sm_active,1e-06
2026-09-30T06:15:23.815Z,gpu-3uwoq-6g3ya-2,dcgm,gpu3,sm_active,1e-06
2026-09-30T06:15:23.815Z,gpu-3uwoq-6g3ya-2,dcgm,gpu1,sm_active,1e-06
2026-09-30T06:15:23.815Z,gpu-3uwoq-6g3ya-2,dcgm,gpu0,sm_active,1e-06
2026-09-30T06:15:23.815Z,gpu-3uwoq-6g3ya-2,nvlink,gpu0,nvlink_rx_bytes,4.66294e+13
2026-09-30T06:15:23.815Z,gpu-3uwoq-6g3ya-2,nvlink,gpu0,nvlink_tx_bytes,4.66299e+13
2026-09-30T06:15:23.815Z,gpu-3uwoq-6g3ya-2,nvlink,gpu1,nvlink_rx_bytes,4.66294e+13
2026-09-30T06:15:23.815Z,gpu-3uwoq-6g3ya-2,nvlink,gpu1,nvlink_tx_bytes,4.66297e+13
2026-09-30T06:15:23.815Z,gpu-3uwoq-6g3ya-2,nvlink,gpu2,nvlink_rx_bytes,4.66291e+13
2026-09-30T06:15:23.815Z,gpu-3uwoq-6g3ya-2,nvlink,gpu2,nvlink_tx_bytes,4.66294e+13
2026-09-30T06:15:23.815Z,gpu-3uwoq-6g3ya-2,nvlink,gpu3,nvlink_rx_bytes,4.66274e+13
2026-09-30T06:15:23.815Z,gpu-3uwoq-6g3ya-2,nvlink,gpu3,nvlink_tx_bytes,4.66275e+13
2026-09-30T06:15:24.816Z,gpu-3uwoq-6g3ya-2,ib_counter,rdma_vf_rail0,port_xmit_data,2.76329e+12
2026-09-30T06:15:24.816Z,gpu-3uwoq-6g3ya-2,ib_counter,rdma_vf_rail0,port_rcv_data,5.72235e+12
2026-09-30T06:15:24.816Z,gpu-3uwoq-6g3ya-2,ib_counter,rdma_vf_rail0,port_xmit_packets,9.5609e+08
2026-09-30T06:15:24.816Z,gpu-3uwoq-6g3ya-2,ib_counter,rdma_vf_rail0,port_rcv_packets,1.57821e+09
2026-09-30T06:15:24.816Z,gpu-3uwoq-6g3ya-2,ib_counter,rdma_vf_rail0,port_xmit_wait,0
2026-09-30T06:15:24.816Z,gpu-3uwoq-6g3ya-2,ib_counter,rdma_vf_rail0,port_rcv_errors,0
2026-09-30T06:15:24.816Z,gpu-3uwoq-6g3ya-2,ib_counter,rdma_vf_rail0,port_xmit_discards,0
2026-09-30T06:15:24.816Z,gpu-3uwoq-6g3ya-2,ib_counter,rdma_vf_rail0,link_downed,0
2026-09-30T06:15:24.816Z,gpu-3uwoq-6g3ya-2,ib_hw_counter,rdma_vf_rail0,out_of_sequence,0
2026-09-30T06:15:24.816Z,gpu-3uwoq-6g3ya-2,ib_hw_counter,rdma_vf_rail0,packet_seq_err,0
2026-09-30T06:15:24.816Z,gpu-3uwoq-6g3ya-2,ib_hw_counter,rdma_vf_rail0,local_ack_timeout_err,0
2026-09-30T06:15:24.816Z,gpu-3uwoq-6g3ya-2,ib_hw_counter,rdma_vf_rail0,rx_write_requests,7.05021e+08
2026-09-30T06:15:24.816Z,gpu-3uwoq-6g3ya-2,ib_hw_counter,rdma_vf_rail0,rx_read_requests,1.042e+07
2026-09-30T06:15:24.816Z,gpu-3uwoq-6g3ya-2,ib_hw_counter,rdma_vf_rail0,req_cqe_error,0
2026-09-30T06:15:24.816Z,gpu-3uwoq-6g3ya-2,ib_hw_counter,rdma_vf_rail0,resp_cqe_error,0
2026-09-30T06:15:24.816Z,gpu-3uwoq-6g3ya-2,ib_hw_counter,rdma_vf_rail0,implied_nak_seq_err,0
2026-09-30T06:15:24.816Z,gpu-3uwoq-6g3ya-2,ib_hw_counter,rdma_vf_rail0,duplicate_request,0
2026-09-30T06:15:24.816Z,gpu-3uwoq-6g3ya-2,ib_counter,rdma_vf_rail1,port_xmit_data,2.76263e+12
2026-09-30T06:15:24.816Z,gpu-3uwoq-6g3ya-2,ib_counter,rdma_vf_rail1,port_rcv_data,5.72189e+12
2026-09-30T06:15:24.816Z,gpu-3uwoq-6g3ya-2,ib_counter,rdma_vf_rail1,port_xmit_packets,9.52939e+08
2026-09-30T06:15:24.816Z,gpu-3uwoq-6g3ya-2,ib_counter,rdma_vf_rail1,port_rcv_packets,1.57742e+09
2026-09-30T06:15:24.816Z,gpu-3uwoq-6g3ya-2,ib_counter,rdma_vf_rail1,port_xmit_wait,0
2026-09-30T06:15:24.816Z,gpu-3uwoq-6g3ya-2,ib_counter,rdma_vf_rail1,port_rcv_errors,0
2026-09-30T06:15:24.816Z,gpu-3uwoq-6g3ya-2,ib_counter,rdma_vf_rail1,port_xmit_discards,0
2026-09-30T06:15:24.816Z,gpu-3uwoq-6g3ya-2,ib_counter,rdma_vf_rail1,link_downed,0
2026-09-30T06:15:24.816Z,gpu-3uwoq-6g3ya-2,ib_hw_counter,rdma_vf_rail1,out_of_sequence,0
2026-09-30T06:15:24.816Z,gpu-3uwoq-6g3ya-2,ib_hw_counter,rdma_vf_rail1,packet_seq_err,0
2026-09-30T06:15:24.816Z,gpu-3uwoq-6g3ya-2,ib_hw_counter,rdma_vf_rail1,local_ack_timeout_err,0
2026-09-30T06:15:24.816Z,gpu-3uwoq-6g3ya-2,ib_hw_counter,rdma_vf_rail1,rx_write_requests,7.05022e+08
2026-09-30T06:15:24.816Z,gpu-3uwoq-6g3ya-2,ib_hw_counter,rdma_vf_rail1,rx_read_requests,1.042e+07
2026-09-30T06:15:24.816Z,gpu-3uwoq-6g3ya-2,ib_hw_counter,rdma_vf_rail1,req_cqe_error,0
2026-09-30T06:15:24.816Z,gpu-3uwoq-6g3ya-2,ib_hw_counter,rdma_vf_rail1,resp_cqe_error,0
2026-09-30T06:15:24.816Z,gpu-3uwoq-6g3ya-2,ib_hw_counter,rdma_vf_rail1,implied_nak_seq_err,0
2026-09-30T06:15:24.816Z,gpu-3uwoq-6g3ya-2,ib_hw_counter,rdma_vf_rail1,duplicate_request,0
2026-09-30T06:15:24.816Z,gpu-3uwoq-6g3ya-2,ib_counter,rdma_vf_rail2,port_xmit_data,2.76181e+12
2026-09-30T06:15:24.816Z,gpu-3uwoq-6g3ya-2,ib_counter,rdma_vf_rail2,port_rcv_data,5.72057e+12
2026-09-30T06:15:24.816Z,gpu-3uwoq-6g3ya-2,ib_counter,rdma_vf_rail2,port_xmit_packets,9.4252e+08
2026-09-30T06:15:24.816Z,gpu-3uwoq-6g3ya-2,ib_counter,rdma_vf_rail2,port_rcv_packets,1.56133e+09
2026-09-30T06:15:24.816Z,gpu-3uwoq-6g3ya-2,ib_counter,rdma_vf_rail2,port_xmit_wait,0
2026-09-30T06:15:24.816Z,gpu-3uwoq-6g3ya-2,ib_counter,rdma_vf_rail2,port_rcv_errors,0
2026-09-30T06:15:24.816Z,gpu-3uwoq-6g3ya-2,ib_counter,rdma_vf_rail2,port_xmit_discards,0
2026-09-30T06:15:24.816Z,gpu-3uwoq-6g3ya-2,ib_counter,rdma_vf_rail2,link_downed,0
2026-09-30T06:15:24.816Z,gpu-3uwoq-6g3ya-2,ib_hw_counter,rdma_vf_rail2,out_of_sequence,0
2026-09-30T06:15:24.816Z,gpu-3uwoq-6g3ya-2,ib_hw_counter,rdma_vf_rail2,packet_seq_err,0
2026-09-30T06:15:24.816Z,gpu-3uwoq-6g3ya-2,ib_hw_counter,rdma_vf_rail2,local_ack_timeout_err,0
2026-09-30T06:15:24.816Z,gpu-3uwoq-6g3ya-2,ib_hw_counter,rdma_vf_rail2,rx_write_requests,7.05021e+08
2026-09-30T06:15:24.816Z,gpu-3uwoq-6g3ya-2,ib_hw_counter,rdma_vf_rail2,rx_read_requests,1.042e+07
2026-09-30T06:15:24.816Z,gpu-3uwoq-6g3ya-2,ib_hw_counter,rdma_vf_rail2,req_cqe_error,0
2026-09-30T06:15:24.816Z,gpu-3uwoq-6g3ya-2,ib_hw_counter,rdma_vf_rail2,resp_cqe_error,0
2026-09-30T06:15:24.816Z,gpu-3uwoq-6g3ya-2,ib_hw_counter,rdma_vf_rail2,implied_nak_seq_err,0
2026-09-30T06:15:24.816Z,gpu-3uwoq-6g3ya-2,ib_hw_counter,rdma_vf_rail2,duplicate_request,0
2026-09-30T06:15:24.816Z,gpu-3uwoq-6g3ya-2,ib_counter,rdma_vf_rail3,port_xmit_data,2.76167e+12
2026-09-30T06:15:24.816Z,gpu-3uwoq-6g3ya-2,ib_counter,rdma_vf_rail3,port_rcv_data,5.72118e+12
2026-09-30T06:15:24.816Z,gpu-3uwoq-6g3ya-2,ib_counter,rdma_vf_rail3,port_xmit_packets,9.40862e+08
2026-09-30T06:15:24.816Z,gpu-3uwoq-6g3ya-2,ib_counter,rdma_vf_rail3,port_rcv_packets,1.56875e+09
2026-09-30T06:15:24.816Z,gpu-3uwoq-6g3ya-2,ib_counter,rdma_vf_rail3,port_xmit_wait,0
2026-09-30T06:15:24.816Z,gpu-3uwoq-6g3ya-2,ib_counter,rdma_vf_rail3,port_rcv_errors,0
2026-09-30T06:15:24.816Z,gpu-3uwoq-6g3ya-2,ib_counter,rdma_vf_rail3,port_xmit_discards,0
2026-09-30T06:15:24.816Z,gpu-3uwoq-6g3ya-2,ib_counter,rdma_vf_rail3,link_downed,0
2026-09-30T06:15:24.816Z,gpu-3uwoq-6g3ya-2,ib_hw_counter,rdma_vf_rail3,out_of_sequence,0
2026-09-30T06:15:24.816Z,gpu-3uwoq-6g3ya-2,ib_hw_counter,rdma_vf_rail3,packet_seq_err,1
2026-09-30T06:15:24.816Z,gpu-3uwoq-6g3ya-2,ib_hw_counter,rdma_vf_rail3,local_ack_timeout_err,0
2026-09-30T06:15:24.816Z,gpu-3uwoq-6g3ya-2,ib_hw_counter,rdma_vf_rail3,rx_write_requests,7.05021e+08
2026-09-30T06:15:24.816Z,gpu-3uwoq-6g3ya-2,ib_hw_counter,rdma_vf_rail3,rx_read_requests,1.042e+07
2026-09-30T06:15:24.816Z,gpu-3uwoq-6g3ya-2,ib_hw_counter,rdma_vf_rail3,req_cqe_error,0
2026-09-30T06:15:24.816Z,gpu-3uwoq-6g3ya-2,ib_hw_counter,rdma_vf_rail3,resp_cqe_error,0
2026-09-30T06:15:24.816Z,gpu-3uwoq-6g3ya-2,ib_hw_counter,rdma_vf_rail3,implied_nak_seq_err,0
2026-09-30T06:15:24.816Z,gpu-3uwoq-6g3ya-2,ib_hw_counter,rdma_vf_rail3,duplicate_request,0
2026-09-30T06:15:24.816Z,gpu-3uwoq-6g3ya-2,dcgm,gpu2,gpu_util,0
2026-09-30T06:15:24.816Z,gpu-3uwoq-6g3ya-2,dcgm,gpu3,gpu_util,0
2026-09-30T06:15:24.816Z,gpu-3uwoq-6g3ya-2,dcgm,gpu1,gpu_util,0
2026-09-30T06:15:24.816Z,gpu-3uwoq-6g3ya-2,dcgm,gpu0,gpu_util,0
2026-09-30T06:15:24.816Z,gpu-3uwoq-6g3ya-2,dcgm,gpu2,nvlink_bandwidth_total,0
2026-09-30T06:15:24.816Z,gpu-3uwoq-6g3ya-2,dcgm,gpu3,nvlink_bandwidth_total,0
2026-09-30T06:15:24.816Z,gpu-3uwoq-6g3ya-2,dcgm,gpu1,nvlink_bandwidth_total,0
2026-09-30T06:15:24.816Z,gpu-3uwoq-6g3ya-2,dcgm,gpu0,nvlink_bandwidth_total,0
2026-09-30T06:15:24.816Z,gpu-3uwoq-6g3ya-2,dcgm,gpu2,power_w,231.327
2026-09-30T06:15:24.816Z,gpu-3uwoq-6g3ya-2,dcgm,gpu3,power_w,234.078
2026-09-30T06:15:24.816Z,gpu-3uwoq-6g3ya-2,dcgm,gpu1,power_w,229.995
2026-09-30T06:15:24.816Z,gpu-3uwoq-6g3ya-2,dcgm,gpu0,power_w,226.432
2026-09-30T06:15:24.816Z,gpu-3uwoq-6g3ya-2,dcgm,gpu2,sm_clock_mhz,2070
2026-09-30T06:15:24.816Z,gpu-3uwoq-6g3ya-2,dcgm,gpu3,sm_clock_mhz,2070
2026-09-30T06:15:24.816Z,gpu-3uwoq-6g3ya-2,dcgm,gpu1,sm_clock_mhz,2070
2026-09-30T06:15:24.816Z,gpu-3uwoq-6g3ya-2,dcgm,gpu0,sm_clock_mhz,2070
2026-09-30T06:15:24.816Z,gpu-3uwoq-6g3ya-2,dcgm,gpu2,dram_active,6e-06
2026-09-30T06:15:24.816Z,gpu-3uwoq-6g3ya-2,dcgm,gpu3,dram_active,6e-06
2026-09-30T06:15:24.816Z,gpu-3uwoq-6g3ya-2,dcgm,gpu1,dram_active,6e-06
2026-09-30T06:15:24.816Z,gpu-3uwoq-6g3ya-2,dcgm,gpu0,dram_active,6e-06
2026-09-30T06:15:24.816Z,gpu-3uwoq-6g3ya-2,dcgm,gpu2,pcie_rx_bytes,336980
2026-09-30T06:15:24.816Z,gpu-3uwoq-6g3ya-2,dcgm,gpu3,pcie_rx_bytes,328407
2026-09-30T06:15:24.816Z,gpu-3uwoq-6g3ya-2,dcgm,gpu1,pcie_rx_bytes,359867
2026-09-30T06:15:24.816Z,gpu-3uwoq-6g3ya-2,dcgm,gpu0,pcie_rx_bytes,361704
2026-09-30T06:15:24.816Z,gpu-3uwoq-6g3ya-2,dcgm,gpu2,pcie_tx_bytes,289363
2026-09-30T06:15:24.816Z,gpu-3uwoq-6g3ya-2,dcgm,gpu3,pcie_tx_bytes,280676
2026-09-30T06:15:24.816Z,gpu-3uwoq-6g3ya-2,dcgm,gpu1,pcie_tx_bytes,313256
2026-09-30T06:15:24.816Z,gpu-3uwoq-6g3ya-2,dcgm,gpu0,pcie_tx_bytes,314760
2026-09-30T06:15:24.816Z,gpu-3uwoq-6g3ya-2,dcgm,gpu2,tensor_active,0
2026-09-30T06:15:24.816Z,gpu-3uwoq-6g3ya-2,dcgm,gpu3,tensor_active,0
2026-09-30T06:15:24.816Z,gpu-3uwoq-6g3ya-2,dcgm,gpu1,tensor_active,0
2026-09-30T06:15:24.816Z,gpu-3uwoq-6g3ya-2,dcgm,gpu0,tensor_active,0
2026-09-30T06:15:24.816Z,gpu-3uwoq-6g3ya-2,dcgm,gpu2,sm_active,1e-06
2026-09-30T06:15:24.816Z,gpu-3uwoq-6g3ya-2,dcgm,gpu3,sm_active,1e-06
2026-09-30T06:15:24.816Z,gpu-3uwoq-6g3ya-2,dcgm,gpu1,sm_active,1e-06
2026-09-30T06:15:24.816Z,gpu-3uwoq-6g3ya-2,dcgm,gpu0,sm_active,1e-06
2026-09-30T06:15:24.816Z,gpu-3uwoq-6g3ya-2,nvlink,gpu0,nvlink_rx_bytes,4.66294e+13
2026-09-30T06:15:24.816Z,gpu-3uwoq-6g3ya-2,nvlink,gpu0,nvlink_tx_bytes,4.66299e+13
2026-09-30T06:15:24.816Z,gpu-3uwoq-6g3ya-2,nvlink,gpu1,nvlink_rx_bytes,4.66294e+13
2026-09-30T06:15:24.816Z,gpu-3uwoq-6g3ya-2,nvlink,gpu1,nvlink_tx_bytes,4.66297e+13
2026-09-30T06:15:24.816Z,gpu-3uwoq-6g3ya-2,nvlink,gpu2,nvlink_rx_bytes,4.66291e+13
2026-09-30T06:15:24.816Z,gpu-3uwoq-6g3ya-2,nvlink,gpu2,nvlink_tx_bytes,4.66294e+13
2026-09-30T06:15:24.816Z,gpu-3uwoq-6g3ya-2,nvlink,gpu3,nvlink_rx_bytes,4.66274e+13
2026-09-30T06:15:24.816Z,gpu-3uwoq-6g3ya-2,nvlink,gpu3,nvlink_tx_bytes,4.66275e+13
2026-09-30T06:15:25.816Z,gpu-3uwoq-6g3ya-2,ib_counter,rdma_vf_rail0,port_xmit_data,2.76329e+12
2026-09-30T06:15:25.816Z,gpu-3uwoq-6g3ya-2,ib_counter,rdma_vf_rail0,port_rcv_data,5.72235e+12
2026-09-30T06:15:25.816Z,gpu-3uwoq-6g3ya-2,ib_counter,rdma_vf_rail0,port_xmit_packets,9.5609e+08
2026-09-30T06:15:25.816Z,gpu-3uwoq-6g3ya-2,ib_counter,rdma_vf_rail0,port_rcv_packets,1.57821e+09
2026-09-30T06:15:25.816Z,gpu-3uwoq-6g3ya-2,ib_counter,rdma_vf_rail0,port_xmit_wait,0
2026-09-30T06:15:25.816Z,gpu-3uwoq-6g3ya-2,ib_counter,rdma_vf_rail0,port_rcv_errors,0
2026-09-30T06:15:25.816Z,gpu-3uwoq-6g3ya-2,ib_counter,rdma_vf_rail0,port_xmit_discards,0
2026-09-30T06:15:25.816Z,gpu-3uwoq-6g3ya-2,ib_counter,rdma_vf_rail0,link_downed,0
2026-09-30T06:15:25.816Z,gpu-3uwoq-6g3ya-2,ib_hw_counter,rdma_vf_rail0,out_of_sequence,0
2026-09-30T06:15:25.816Z,gpu-3uwoq-6g3ya-2,ib_hw_counter,rdma_vf_rail0,packet_seq_err,0
2026-09-30T06:15:25.816Z,gpu-3uwoq-6g3ya-2,ib_hw_counter,rdma_vf_rail0,local_ack_timeout_err,0
2026-09-30T06:15:25.816Z,gpu-3uwoq-6g3ya-2,ib_hw_counter,rdma_vf_rail0,rx_write_requests,7.05021e+08
2026-09-30T06:15:25.816Z,gpu-3uwoq-6g3ya-2,ib_hw_counter,rdma_vf_rail0,rx_read_requests,1.042e+07
2026-09-30T06:15:25.816Z,gpu-3uwoq-6g3ya-2,ib_hw_counter,rdma_vf_rail0,req_cqe_error,0
2026-09-30T06:15:25.816Z,gpu-3uwoq-6g3ya-2,ib_hw_counter,rdma_vf_rail0,resp_cqe_error,0
2026-09-30T06:15:25.816Z,gpu-3uwoq-6g3ya-2,ib_hw_counter,rdma_vf_rail0,implied_nak_seq_err,0
2026-09-30T06:15:25.816Z,gpu-3uwoq-6g3ya-2,ib_hw_counter,rdma_vf_rail0,duplicate_request,0
2026-09-30T06:15:25.816Z,gpu-3uwoq-6g3ya-2,ib_counter,rdma_vf_rail1,port_xmit_data,2.76263e+12
2026-09-30T06:15:25.816Z,gpu-3uwoq-6g3ya-2,ib_counter,rdma_vf_rail1,port_rcv_data,5.72189e+12
2026-09-30T06:15:25.816Z,gpu-3uwoq-6g3ya-2,ib_counter,rdma_vf_rail1,port_xmit_packets,9.52939e+08
2026-09-30T06:15:25.816Z,gpu-3uwoq-6g3ya-2,ib_counter,rdma_vf_rail1,port_rcv_packets,1.57742e+09
2026-09-30T06:15:25.816Z,gpu-3uwoq-6g3ya-2,ib_counter,rdma_vf_rail1,port_xmit_wait,0
2026-09-30T06:15:25.816Z,gpu-3uwoq-6g3ya-2,ib_counter,rdma_vf_rail1,port_rcv_errors,0
2026-09-30T06:15:25.816Z,gpu-3uwoq-6g3ya-2,ib_counter,rdma_vf_rail1,port_xmit_discards,0
2026-09-30T06:15:25.816Z,gpu-3uwoq-6g3ya-2,ib_counter,rdma_vf_rail1,link_downed,0
2026-09-30T06:15:25.816Z,gpu-3uwoq-6g3ya-2,ib_hw_counter,rdma_vf_rail1,out_of_sequence,0
2026-09-30T06:15:25.816Z,gpu-3uwoq-6g3ya-2,ib_hw_counter,rdma_vf_rail1,packet_seq_err,0
2026-09-30T06:15:25.816Z,gpu-3uwoq-6g3ya-2,ib_hw_counter,rdma_vf_rail1,local_ack_timeout_err,0
2026-09-30T06:15:25.816Z,gpu-3uwoq-6g3ya-2,ib_hw_counter,rdma_vf_rail1,rx_write_requests,7.05022e+08
2026-09-30T06:15:25.816Z,gpu-3uwoq-6g3ya-2,ib_hw_counter,rdma_vf_rail1,rx_read_requests,1.042e+07
2026-09-30T06:15:25.816Z,gpu-3uwoq-6g3ya-2,ib_hw_counter,rdma_vf_rail1,req_cqe_error,0
2026-09-30T06:15:25.816Z,gpu-3uwoq-6g3ya-2,ib_hw_counter,rdma_vf_rail1,resp_cqe_error,0
2026-09-30T06:15:25.816Z,gpu-3uwoq-6g3ya-2,ib_hw_counter,rdma_vf_rail1,implied_nak_seq_err,0
2026-09-30T06:15:25.816Z,gpu-3uwoq-6g3ya-2,ib_hw_counter,rdma_vf_rail1,duplicate_request,0
2026-09-30T06:15:25.816Z,gpu-3uwoq-6g3ya-2,ib_counter,rdma_vf_rail2,port_xmit_data,2.76181e+12
2026-09-30T06:15:25.816Z,gpu-3uwoq-6g3ya-2,ib_counter,rdma_vf_rail2,port_rcv_data,5.72057e+12
2026-09-30T06:15:25.816Z,gpu-3uwoq-6g3ya-2,ib_counter,rdma_vf_rail2,port_xmit_packets,9.4252e+08
2026-09-30T06:15:25.816Z,gpu-3uwoq-6g3ya-2,ib_counter,rdma_vf_rail2,port_rcv_packets,1.56133e+09
2026-09-30T06:15:25.816Z,gpu-3uwoq-6g3ya-2,ib_counter,rdma_vf_rail2,port_xmit_wait,0
2026-09-30T06:15:25.816Z,gpu-3uwoq-6g3ya-2,ib_counter,rdma_vf_rail2,port_rcv_errors,0
2026-09-30T06:15:25.816Z,gpu-3uwoq-6g3ya-2,ib_counter,rdma_vf_rail2,port_xmit_discards,0
2026-09-30T06:15:25.816Z,gpu-3uwoq-6g3ya-2,ib_counter,rdma_vf_rail2,link_downed,0
2026-09-30T06:15:25.816Z,gpu-3uwoq-6g3ya-2,ib_hw_counter,rdma_vf_rail2,out_of_sequence,0
2026-09-30T06:15:25.816Z,gpu-3uwoq-6g3ya-2,ib_hw_counter,rdma_vf_rail2,packet_seq_err,0
2026-09-30T06:15:25.816Z,gpu-3uwoq-6g3ya-2,ib_hw_counter,rdma_vf_rail2,local_ack_timeout_err,0
2026-09-30T06:15:25.816Z,gpu-3uwoq-6g3ya-2,ib_hw_counter,rdma_vf_rail2,rx_write_requests,7.05021e+08
2026-09-30T06:15:25.816Z,gpu-3uwoq-6g3ya-2,ib_hw_counter,rdma_vf_rail2,rx_read_requests,1.042e+07
2026-09-30T06:15:25.816Z,gpu-3uwoq-6g3ya-2,ib_hw_counter,rdma_vf_rail2,req_cqe_error,0
2026-09-30T06:15:25.816Z,gpu-3uwoq-6g3ya-2,ib_hw_counter,rdma_vf_rail2,resp_cqe_error,0
2026-09-30T06:15:25.816Z,gpu-3uwoq-6g3ya-2,ib_hw_counter,rdma_vf_rail2,implied_nak_seq_err,0
2026-09-30T06:15:25.816Z,gpu-3uwoq-6g3ya-2,ib_hw_counter,rdma_vf_rail2,duplicate_request,0
2026-09-30T06:15:25.816Z,gpu-3uwoq-6g3ya-2,ib_counter,rdma_vf_rail3,port_xmit_data,2.76167e+12
2026-09-30T06:15:25.816Z,gpu-3uwoq-6g3ya-2,ib_counter,rdma_vf_rail3,port_rcv_data,5.72118e+12
2026-09-30T06:15:25.816Z,gpu-3uwoq-6g3ya-2,ib_counter,rdma_vf_rail3,port_xmit_packets,9.40862e+08
2026-09-30T06:15:25.816Z,gpu-3uwoq-6g3ya-2,ib_counter,rdma_vf_rail3,port_rcv_packets,1.56875e+09
2026-09-30T06:15:25.816Z,gpu-3uwoq-6g3ya-2,ib_counter,rdma_vf_rail3,port_xmit_wait,0
2026-09-30T06:15:25.816Z,gpu-3uwoq-6g3ya-2,ib_counter,rdma_vf_rail3,port_rcv_errors,0
2026-09-30T06:15:25.816Z,gpu-3uwoq-6g3ya-2,ib_counter,rdma_vf_rail3,port_xmit_discards,0
2026-09-30T06:15:25.816Z,gpu-3uwoq-6g3ya-2,ib_counter,rdma_vf_rail3,link_downed,0
2026-09-30T06:15:25.816Z,gpu-3uwoq-6g3ya-2,ib_hw_counter,rdma_vf_rail3,out_of_sequence,0
2026-09-30T06:15:25.816Z,gpu-3uwoq-6g3ya-2,ib_hw_counter,rdma_vf_rail3,packet_seq_err,1
2026-09-30T06:15:25.816Z,gpu-3uwoq-6g3ya-2,ib_hw_counter,rdma_vf_rail3,local_ack_timeout_err,0
2026-09-30T06:15:25.816Z,gpu-3uwoq-6g3ya-2,ib_hw_counter,rdma_vf_rail3,rx_write_requests,7.05021e+08
2026-09-30T06:15:25.816Z,gpu-3uwoq-6g3ya-2,ib_hw_counter,rdma_vf_rail3,rx_read_requests,1.042e+07
2026-09-30T06:15:25.816Z,gpu-3uwoq-6g3ya-2,ib_hw_counter,rdma_vf_rail3,req_cqe_error,0
2026-09-30T06:15:25.816Z,gpu-3uwoq-6g3ya-2,ib_hw_counter,rdma_vf_rail3,resp_cqe_error,0
2026-09-30T06:15:25.816Z,gpu-3uwoq-6g3ya-2,ib_hw_counter,rdma_vf_rail3,implied_nak_seq_err,0
2026-09-30T06:15:25.816Z,gpu-3uwoq-6g3ya-2,ib_hw_counter,rdma_vf_rail3,duplicate_request,0
2026-09-30T06:15:25.816Z,gpu-3uwoq-6g3ya-2,dcgm,gpu2,gpu_util,0
2026-09-30T06:15:25.816Z,gpu-3uwoq-6g3ya-2,dcgm,gpu3,gpu_util,0
2026-09-30T06:15:25.816Z,gpu-3uwoq-6g3ya-2,dcgm,gpu1,gpu_util,0
2026-09-30T06:15:25.816Z,gpu-3uwoq-6g3ya-2,dcgm,gpu0,gpu_util,0
2026-09-30T06:15:25.816Z,gpu-3uwoq-6g3ya-2,dcgm,gpu2,nvlink_bandwidth_total,0
2026-09-30T06:15:25.816Z,gpu-3uwoq-6g3ya-2,dcgm,gpu3,nvlink_bandwidth_total,0
2026-09-30T06:15:25.816Z,gpu-3uwoq-6g3ya-2,dcgm,gpu1,nvlink_bandwidth_total,0
2026-09-30T06:15:25.816Z,gpu-3uwoq-6g3ya-2,dcgm,gpu0,nvlink_bandwidth_total,0
2026-09-30T06:15:25.816Z,gpu-3uwoq-6g3ya-2,dcgm,gpu2,power_w,231.327
2026-09-30T06:15:25.816Z,gpu-3uwoq-6g3ya-2,dcgm,gpu3,power_w,234.078
2026-09-30T06:15:25.816Z,gpu-3uwoq-6g3ya-2,dcgm,gpu1,power_w,229.995
2026-09-30T06:15:25.816Z,gpu-3uwoq-6g3ya-2,dcgm,gpu0,power_w,226.432
2026-09-30T06:15:25.816Z,gpu-3uwoq-6g3ya-2,dcgm,gpu2,sm_clock_mhz,2070
2026-09-30T06:15:25.816Z,gpu-3uwoq-6g3ya-2,dcgm,gpu3,sm_clock_mhz,2070
2026-09-30T06:15:25.816Z,gpu-3uwoq-6g3ya-2,dcgm,gpu1,sm_clock_mhz,2070
2026-09-30T06:15:25.816Z,gpu-3uwoq-6g3ya-2,dcgm,gpu0,sm_clock_mhz,2070
2026-09-30T06:15:25.816Z,gpu-3uwoq-6g3ya-2,dcgm,gpu2,dram_active,6e-06
2026-09-30T06:15:25.816Z,gpu-3uwoq-6g3ya-2,dcgm,gpu3,dram_active,6e-06
2026-09-30T06:15:25.816Z,gpu-3uwoq-6g3ya-2,dcgm,gpu1,dram_active,6e-06
2026-09-30T06:15:25.816Z,gpu-3uwoq-6g3ya-2,dcgm,gpu0,dram_active,6e-06
2026-09-30T06:15:25.816Z,gpu-3uwoq-6g3ya-2,dcgm,gpu2,pcie_rx_bytes,336980
2026-09-30T06:15:25.816Z,gpu-3uwoq-6g3ya-2,dcgm,gpu3,pcie_rx_bytes,328407
2026-09-30T06:15:25.816Z,gpu-3uwoq-6g3ya-2,dcgm,gpu1,pcie_rx_bytes,359867
2026-09-30T06:15:25.816Z,gpu-3uwoq-6g3ya-2,dcgm,gpu0,pcie_rx_bytes,361704
2026-09-30T06:15:25.816Z,gpu-3uwoq-6g3ya-2,dcgm,gpu2,pcie_tx_bytes,289363
2026-09-30T06:15:25.816Z,gpu-3uwoq-6g3ya-2,dcgm,gpu3,pcie_tx_bytes,280676
2026-09-30T06:15:25.816Z,gpu-3uwoq-6g3ya-2,dcgm,gpu1,pcie_tx_bytes,313256
2026-09-30T06:15:25.816Z,gpu-3uwoq-6g3ya-2,dcgm,gpu0,pcie_tx_bytes,314760
2026-09-30T06:15:25.816Z,gpu-3uwoq-6g3ya-2,dcgm,gpu2,tensor_active,0
2026-09-30T06:15:25.816Z,gpu-3uwoq-6g3ya-2,dcgm,gpu3,tensor_active,0
2026-09-30T06:15:25.816Z,gpu-3uwoq-6g3ya-2,dcgm,gpu1,tensor_active,0
2026-09-30T06:15:25.816Z,gpu-3uwoq-6g3ya-2,dcgm,gpu0,tensor_active,0
2026-09-30T06:15:25.816Z,gpu-3uwoq-6g3ya-2,dcgm,gpu2,sm_active,1e-06
2026-09-30T06:15:25.816Z,gpu-3uwoq-6g3ya-2,dcgm,gpu3,sm_active,1e-06
2026-09-30T06:15:25.816Z,gpu-3uwoq-6g3ya-2,dcgm,gpu1,sm_active,1e-06
2026-09-30T06:15:25.816Z,gpu-3uwoq-6g3ya-2,dcgm,gpu0,sm_active,1e-06
2026-09-30T06:15:25.816Z,gpu-3uwoq-6g3ya-2,nvlink,gpu0,nvlink_rx_bytes,4.66294e+13
2026-09-30T06:15:25.816Z,gpu-3uwoq-6g3ya-2,nvlink,gpu0,nvlink_tx_bytes,4.66299e+13
2026-09-30T06:15:25.816Z,gpu-3uwoq-6g3ya-2,nvlink,gpu1,nvlink_rx_bytes,4.66294e+13
2026-09-30T06:15:25.816Z,gpu-3uwoq-6g3ya-2,nvlink,gpu1,nvlink_tx_bytes,4.66297e+13
2026-09-30T06:15:25.816Z,gpu-3uwoq-6g3ya-2,nvlink,gpu2,nvlink_rx_bytes,4.66291e+13
2026-09-30T06:15:25.816Z,gpu-3uwoq-6g3ya-2,nvlink,gpu2,nvlink_tx_bytes,4.66294e+13
2026-09-30T06:15:25.816Z,gpu-3uwoq-6g3ya-2,nvlink,gpu3,nvlink_rx_bytes,4.66274e+13
2026-09-30T06:15:25.816Z,gpu-3uwoq-6g3ya-2,nvlink,gpu3,nvlink_tx_bytes,4.66275e+13
2026-09-30T06:15:26.816Z,gpu-3uwoq-6g3ya-2,ib_counter,rdma_vf_rail0,port_xmit_data,2.76329e+12
2026-09-30T06:15:26.816Z,gpu-3uwoq-6g3ya-2,ib_counter,rdma_vf_rail0,port_rcv_data,5.72235e+12
2026-09-30T06:15:26.816Z,gpu-3uwoq-6g3ya-2,ib_counter,rdma_vf_rail0,port_xmit_packets,9.5609e+08
2026-09-30T06:15:26.816Z,gpu-3uwoq-6g3ya-2,ib_counter,rdma_vf_rail0,port_rcv_packets,1.57821e+09
2026-09-30T06:15:26.816Z,gpu-3uwoq-6g3ya-2,ib_counter,rdma_vf_rail0,port_xmit_wait,0
2026-09-30T06:15:26.816Z,gpu-3uwoq-6g3ya-2,ib_counter,rdma_vf_rail0,port_rcv_errors,0
2026-09-30T06:15:26.816Z,gpu-3uwoq-6g3ya-2,ib_counter,rdma_vf_rail0,port_xmit_discards,0
2026-09-30T06:15:26.816Z,gpu-3uwoq-6g3ya-2,ib_counter,rdma_vf_rail0,link_downed,0
2026-09-30T06:15:26.816Z,gpu-3uwoq-6g3ya-2,ib_hw_counter,rdma_vf_rail0,out_of_sequence,0
2026-09-30T06:15:26.816Z,gpu-3uwoq-6g3ya-2,ib_hw_counter,rdma_vf_rail0,packet_seq_err,0
2026-09-30T06:15:26.816Z,gpu-3uwoq-6g3ya-2,ib_hw_counter,rdma_vf_rail0,local_ack_timeout_err,0
2026-09-30T06:15:26.816Z,gpu-3uwoq-6g3ya-2,ib_hw_counter,rdma_vf_rail0,rx_write_requests,7.05021e+08
2026-09-30T06:15:26.816Z,gpu-3uwoq-6g3ya-2,ib_hw_counter,rdma_vf_rail0,rx_read_requests,1.042e+07
2026-09-30T06:15:26.816Z,gpu-3uwoq-6g3ya-2,ib_hw_counter,rdma_vf_rail0,req_cqe_error,0
2026-09-30T06:15:26.816Z,gpu-3uwoq-6g3ya-2,ib_hw_counter,rdma_vf_rail0,resp_cqe_error,0
2026-09-30T06:15:26.816Z,gpu-3uwoq-6g3ya-2,ib_hw_counter,rdma_vf_rail0,implied_nak_seq_err,0
2026-09-30T06:15:26.816Z,gpu-3uwoq-6g3ya-2,ib_hw_counter,rdma_vf_rail0,duplicate_request,0
2026-09-30T06:15:26.816Z,gpu-3uwoq-6g3ya-2,ib_counter,rdma_vf_rail1,port_xmit_data,2.76263e+12
2026-09-30T06:15:26.816Z,gpu-3uwoq-6g3ya-2,ib_counter,rdma_vf_rail1,port_rcv_data,5.72189e+12
2026-09-30T06:15:26.816Z,gpu-3uwoq-6g3ya-2,ib_counter,rdma_vf_rail1,port_xmit_packets,9.52939e+08
2026-09-30T06:15:26.816Z,gpu-3uwoq-6g3ya-2,ib_counter,rdma_vf_rail1,port_rcv_packets,1.57742e+09
2026-09-30T06:15:26.816Z,gpu-3uwoq-6g3ya-2,ib_counter,rdma_vf_rail1,port_xmit_wait,0
2026-09-30T06:15:26.816Z,gpu-3uwoq-6g3ya-2,ib_counter,rdma_vf_rail1,port_rcv_errors,0
2026-09-30T06:15:26.816Z,gpu-3uwoq-6g3ya-2,ib_counter,rdma_vf_rail1,port_xmit_discards,0
2026-09-30T06:15:26.816Z,gpu-3uwoq-6g3ya-2,ib_counter,rdma_vf_rail1,link_downed,0
2026-09-30T06:15:26.816Z,gpu-3uwoq-6g3ya-2,ib_hw_counter,rdma_vf_rail1,out_of_sequence,0
2026-09-30T06:15:26.816Z,gpu-3uwoq-6g3ya-2,ib_hw_counter,rdma_vf_rail1,packet_seq_err,0
2026-09-30T06:15:26.816Z,gpu-3uwoq-6g3ya-2,ib_hw_counter,rdma_vf_rail1,local_ack_timeout_err,0
2026-09-30T06:15:26.816Z,gpu-3uwoq-6g3ya-2,ib_hw_counter,rdma_vf_rail1,rx_write_requests,7.05022e+08
2026-09-30T06:15:26.816Z,gpu-3uwoq-6g3ya-2,ib_hw_counter,rdma_vf_rail1,rx_read_requests,1.042e+07
2026-09-30T06:15:26.816Z,gpu-3uwoq-6g3ya-2,ib_hw_counter,rdma_vf_rail1,req_cqe_error,0
2026-09-30T06:15:26.816Z,gpu-3uwoq-6g3ya-2,ib_hw_counter,rdma_vf_rail1,resp_cqe_error,0
2026-09-30T06:15:26.816Z,gpu-3uwoq-6g3ya-2,ib_hw_counter,rdma_vf_rail1,implied_nak_seq_err,0
2026-09-30T06:15:26.816Z,gpu-3uwoq-6g3ya-2,ib_hw_counter,rdma_vf_rail1,duplicate_request,0
2026-09-30T06:15:26.816Z,gpu-3uwoq-6g3ya-2,ib_counter,rdma_vf_rail2,port_xmit_data,2.76181e+12
2026-09-30T06:15:26.816Z,gpu-3uwoq-6g3ya-2,ib_counter,rdma_vf_rail2,port_rcv_data,5.72057e+12
2026-09-30T06:15:26.816Z,gpu-3uwoq-6g3ya-2,ib_counter,rdma_vf_rail2,port_xmit_packets,9.4252e+08
2026-09-30T06:15:26.816Z,gpu-3uwoq-6g3ya-2,ib_counter,rdma_vf_rail2,port_rcv_packets,1.56133e+09
2026-09-30T06:15:26.816Z,gpu-3uwoq-6g3ya-2,ib_counter,rdma_vf_rail2,port_xmit_wait,0
2026-09-30T06:15:26.816Z,gpu-3uwoq-6g3ya-2,ib_counter,rdma_vf_rail2,port_rcv_errors,0
2026-09-30T06:15:26.816Z,gpu-3uwoq-6g3ya-2,ib_counter,rdma_vf_rail2,port_xmit_discards,0
2026-09-30T06:15:26.816Z,gpu-3uwoq-6g3ya-2,ib_counter,rdma_vf_rail2,link_downed,0
2026-09-30T06:15:26.816Z,gpu-3uwoq-6g3ya-2,ib_hw_counter,rdma_vf_rail2,out_of_sequence,0
2026-09-30T06:15:26.816Z,gpu-3uwoq-6g3ya-2,ib_hw_counter,rdma_vf_rail2,packet_seq_err,0
2026-09-30T06:15:26.816Z,gpu-3uwoq-6g3ya-2,ib_hw_counter,rdma_vf_rail2,local_ack_timeout_err,0
2026-09-30T06:15:26.816Z,gpu-3uwoq-6g3ya-2,ib_hw_counter,rdma_vf_rail2,rx_write_requests,7.05021e+08
2026-09-30T06:15:26.816Z,gpu-3uwoq-6g3ya-2,ib_hw_counter,rdma_vf_rail2,rx_read_requests,1.042e+07
2026-09-30T06:15:26.816Z,gpu-3uwoq-6g3ya-2,ib_hw_counter,rdma_vf_rail2,req_cqe_error,0
2026-09-30T06:15:26.816Z,gpu-3uwoq-6g3ya-2,ib_hw_counter,rdma_vf_rail2,resp_cqe_error,0
2026-09-30T06:15:26.816Z,gpu-3uwoq-6g3ya-2,ib_hw_counter,rdma_vf_rail2,implied_nak_seq_err,0
2026-09-30T06:15:26.816Z,gpu-3uwoq-6g3ya-2,ib_hw_counter,rdma_vf_rail2,duplicate_request,0
2026-09-30T06:15:26.816Z,gpu-3uwoq-6g3ya-2,ib_counter,rdma_vf_rail3,port_xmit_data,2.76167e+12
2026-09-30T06:15:26.816Z,gpu-3uwoq-6g3ya-2,ib_counter,rdma_vf_rail3,port_rcv_data,5.72118e+12
2026-09-30T06:15:26.816Z,gpu-3uwoq-6g3ya-2,ib_counter,rdma_vf_rail3,port_xmit_packets,9.40862e+08
2026-09-30T06:15:26.816Z,gpu-3uwoq-6g3ya-2,ib_counter,rdma_vf_rail3,port_rcv_packets,1.56875e+09
2026-09-30T06:15:26.816Z,gpu-3uwoq-6g3ya-2,ib_counter,rdma_vf_rail3,port_xmit_wait,0
2026-09-30T06:15:26.816Z,gpu-3uwoq-6g3ya-2,ib_counter,rdma_vf_rail3,port_rcv_errors,0
2026-09-30T06:15:26.816Z,gpu-3uwoq-6g3ya-2,ib_counter,rdma_vf_rail3,port_xmit_discards,0
2026-09-30T06:15:26.816Z,gpu-3uwoq-6g3ya-2,ib_counter,rdma_vf_rail3,link_downed,0
2026-09-30T06:15:26.816Z,gpu-3uwoq-6g3ya-2,ib_hw_counter,rdma_vf_rail3,out_of_sequence,0
2026-09-30T06:15:26.816Z,gpu-3uwoq-6g3ya-2,ib_hw_counter,rdma_vf_rail3,packet_seq_err,1
2026-09-30T06:15:26.816Z,gpu-3uwoq-6g3ya-2,ib_hw_counter,rdma_vf_rail3,local_ack_timeout_err,0
2026-09-30T06:15:26.816Z,gpu-3uwoq-6g3ya-2,ib_hw_counter,rdma_vf_rail3,rx_write_requests,7.05021e+08
2026-09-30T06:15:26.816Z,gpu-3uwoq-6g3ya-2,ib_hw_counter,rdma_vf_rail3,rx_read_requests,1.042e+07
2026-09-30T06:15:26.816Z,gpu-3uwoq-6g3ya-2,ib_hw_counter,rdma_vf_rail3,req_cqe_error,0
2026-09-30T06:15:26.816Z,gpu-3uwoq-6g3ya-2,ib_hw_counter,rdma_vf_rail3,resp_cqe_error,0
2026-09-30T06:15:26.816Z,gpu-3uwoq-6g3ya-2,ib_hw_counter,rdma_vf_rail3,implied_nak_seq_err,0
2026-09-30T06:15:26.816Z,gpu-3uwoq-6g3ya-2,ib_hw_counter,rdma_vf_rail3,duplicate_request,0
2026-09-30T06:15:26.816Z,gpu-3uwoq-6g3ya-2,dcgm,gpu2,gpu_util,0
2026-09-30T06:15:26.816Z,gpu-3uwoq-6g3ya-2,dcgm,gpu3,gpu_util,0
2026-09-30T06:15:26.816Z,gpu-3uwoq-6g3ya-2,dcgm,gpu1,gpu_util,0
2026-09-30T06:15:26.816Z,gpu-3uwoq-6g3ya-2,dcgm,gpu0,gpu_util,0
2026-09-30T06:15:26.816Z,gpu-3uwoq-6g3ya-2,dcgm,gpu2,nvlink_bandwidth_total,0
2026-09-30T06:15:26.816Z,gpu-3uwoq-6g3ya-2,dcgm,gpu3,nvlink_bandwidth_total,0
2026-09-30T06:15:26.816Z,gpu-3uwoq-6g3ya-2,dcgm,gpu1,nvlink_bandwidth_total,0
2026-09-30T06:15:26.816Z,gpu-3uwoq-6g3ya-2,dcgm,gpu0,nvlink_bandwidth_total,0
2026-09-30T06:15:26.816Z,gpu-3uwoq-6g3ya-2,dcgm,gpu2,power_w,231.327
2026-09-30T06:15:26.816Z,gpu-3uwoq-6g3ya-2,dcgm,gpu3,power_w,234.078
2026-09-30T06:15:26.816Z,gpu-3uwoq-6g3ya-2,dcgm,gpu1,power_w,229.995
2026-09-30T06:15:26.816Z,gpu-3uwoq-6g3ya-2,dcgm,gpu0,power_w,226.432
2026-09-30T06:15:26.816Z,gpu-3uwoq-6g3ya-2,dcgm,gpu2,sm_clock_mhz,2070
2026-09-30T06:15:26.816Z,gpu-3uwoq-6g3ya-2,dcgm,gpu3,sm_clock_mhz,2070
2026-09-30T06:15:26.816Z,gpu-3uwoq-6g3ya-2,dcgm,gpu1,sm_clock_mhz,2070
2026-09-30T06:15:26.816Z,gpu-3uwoq-6g3ya-2,dcgm,gpu0,sm_clock_mhz,2070
2026-09-30T06:15:26.816Z,gpu-3uwoq-6g3ya-2,dcgm,gpu2,dram_active,6e-06
2026-09-30T06:15:26.816Z,gpu-3uwoq-6g3ya-2,dcgm,gpu3,dram_active,6e-06
2026-09-30T06:15:26.816Z,gpu-3uwoq-6g3ya-2,dcgm,gpu1,dram_active,6e-06
2026-09-30T06:15:26.816Z,gpu-3uwoq-6g3ya-2,dcgm,gpu0,dram_active,6e-06
2026-09-30T06:15:26.816Z,gpu-3uwoq-6g3ya-2,dcgm,gpu2,pcie_rx_bytes,336980
2026-09-30T06:15:26.816Z,gpu-3uwoq-6g3ya-2,dcgm,gpu3,pcie_rx_bytes,328407
2026-09-30T06:15:26.816Z,gpu-3uwoq-6g3ya-2,dcgm,gpu1,pcie_rx_bytes,359867
2026-09-30T06:15:26.816Z,gpu-3uwoq-6g3ya-2,dcgm,gpu0,pcie_rx_bytes,361704
2026-09-30T06:15:26.816Z,gpu-3uwoq-6g3ya-2,dcgm,gpu2,pcie_tx_bytes,289363
2026-09-30T06:15:26.816Z,gpu-3uwoq-6g3ya-2,dcgm,gpu3,pcie_tx_bytes,280676
2026-09-30T06:15:26.816Z,gpu-3uwoq-6g3ya-2,dcgm,gpu1,pcie_tx_bytes,313256
2026-09-30T06:15:26.816Z,gpu-3uwoq-6g3ya-2,dcgm,gpu0,pcie_tx_bytes,314760
2026-09-30T06:15:26.816Z,gpu-3uwoq-6g3ya-2,dcgm,gpu2,tensor_active,0
2026-09-30T06:15:26.816Z,gpu-3uwoq-6g3ya-2,dcgm,gpu3,tensor_active,0
2026-09-30T06:15:26.816Z,gpu-3uwoq-6g3ya-2,dcgm,gpu1,tensor_active,0
2026-09-30T06:15:26.816Z,gpu-3uwoq-6g3ya-2,dcgm,gpu0,tensor_active,0
2026-09-30T06:15:26.816Z,gpu-3uwoq-6g3ya-2,dcgm,gpu2,sm_active,1e-06
2026-09-30T06:15:26.816Z,gpu-3uwoq-6g3ya-2,dcgm,gpu3,sm_active,1e-06
2026-09-30T06:15:26.816Z,gpu-3uwoq-6g3ya-2,dcgm,gpu1,sm_active,1e-06
2026-09-30T06:15:26.816Z,gpu-3uwoq-6g3ya-2,dcgm,gpu0,sm_active,1e-06
2026-09-30T06:15:26.816Z,gpu-3uwoq-6g3ya-2,nvlink,gpu0,nvlink_rx_bytes,4.66294e+13
2026-09-30T06:15:26.816Z,gpu-3uwoq-6g3ya-2,nvlink,gpu0,nvlink_tx_bytes,4.66299e+13
2026-09-30T06:15:26.816Z,gpu-3uwoq-6g3ya-2,nvlink,gpu1,nvlink_rx_bytes,4.66294e+13
2026-09-30T06:15:26.816Z,gpu-3uwoq-6g3ya-2,nvlink,gpu1,nvlink_tx_bytes,4.66297e+13
2026-09-30T06:15:26.816Z,gpu-3uwoq-6g3ya-2,nvlink,gpu2,nvlink_rx_bytes,4.66291e+13
2026-09-30T06:15:26.816Z,gpu-3uwoq-6g3ya-2,nvlink,gpu2,nvlink_tx_bytes,4.66294e+13
2026-09-30T06:15:26.816Z,gpu-3uwoq-6g3ya-2,nvlink,gpu3,nvlink_rx_bytes,4.66274e+13
2026-09-30T06:15:26.816Z,gpu-3uwoq-6g3ya-2,nvlink,gpu3,nvlink_tx_bytes,4.66275e+13
2026-09-30T06:15:27.816Z,gpu-3uwoq-6g3ya-2,ib_counter,rdma_vf_rail0,port_xmit_data,2.76329e+12
2026-09-30T06:15:27.816Z,gpu-3uwoq-6g3ya-2,ib_counter,rdma_vf_rail0,port_rcv_data,5.72235e+12
2026-09-30T06:15:27.816Z,gpu-3uwoq-6g3ya-2,ib_counter,rdma_vf_rail0,port_xmit_packets,9.5609e+08
2026-09-30T06:15:27.816Z,gpu-3uwoq-6g3ya-2,ib_counter,rdma_vf_rail0,port_rcv_packets,1.57821e+09
2026-09-30T06:15:27.816Z,gpu-3uwoq-6g3ya-2,ib_counter,rdma_vf_rail0,port_xmit_wait,0
2026-09-30T06:15:27.816Z,gpu-3uwoq-6g3ya-2,ib_counter,rdma_vf_rail0,port_rcv_errors,0
2026-09-30T06:15:27.816Z,gpu-3uwoq-6g3ya-2,ib_counter,rdma_vf_rail0,port_xmit_discards,0
2026-09-30T06:15:27.816Z,gpu-3uwoq-6g3ya-2,ib_counter,rdma_vf_rail0,link_downed,0
2026-09-30T06:15:27.816Z,gpu-3uwoq-6g3ya-2,ib_hw_counter,rdma_vf_rail0,out_of_sequence,0
2026-09-30T06:15:27.816Z,gpu-3uwoq-6g3ya-2,ib_hw_counter,rdma_vf_rail0,packet_seq_err,0
2026-09-30T06:15:27.816Z,gpu-3uwoq-6g3ya-2,ib_hw_counter,rdma_vf_rail0,local_ack_timeout_err,0
2026-09-30T06:15:27.816Z,gpu-3uwoq-6g3ya-2,ib_hw_counter,rdma_vf_rail0,rx_write_requests,7.05021e+08
2026-09-30T06:15:27.816Z,gpu-3uwoq-6g3ya-2,ib_hw_counter,rdma_vf_rail0,rx_read_requests,1.042e+07
2026-09-30T06:15:27.816Z,gpu-3uwoq-6g3ya-2,ib_hw_counter,rdma_vf_rail0,req_cqe_error,0
2026-09-30T06:15:27.816Z,gpu-3uwoq-6g3ya-2,ib_hw_counter,rdma_vf_rail0,resp_cqe_error,0
2026-09-30T06:15:27.816Z,gpu-3uwoq-6g3ya-2,ib_hw_counter,rdma_vf_rail0,implied_nak_seq_err,0
2026-09-30T06:15:27.816Z,gpu-3uwoq-6g3ya-2,ib_hw_counter,rdma_vf_rail0,duplicate_request,0
2026-09-30T06:15:27.816Z,gpu-3uwoq-6g3ya-2,ib_counter,rdma_vf_rail1,port_xmit_data,2.76263e+12
2026-09-30T06:15:27.816Z,gpu-3uwoq-6g3ya-2,ib_counter,rdma_vf_rail1,port_rcv_data,5.72189e+12
2026-09-30T06:15:27.816Z,gpu-3uwoq-6g3ya-2,ib_counter,rdma_vf_rail1,port_xmit_packets,9.52939e+08
2026-09-30T06:15:27.816Z,gpu-3uwoq-6g3ya-2,ib_counter,rdma_vf_rail1,port_rcv_packets,1.57742e+09
2026-09-30T06:15:27.816Z,gpu-3uwoq-6g3ya-2,ib_counter,rdma_vf_rail1,port_xmit_wait,0
2026-09-30T06:15:27.816Z,gpu-3uwoq-6g3ya-2,ib_counter,rdma_vf_rail1,port_rcv_errors,0
2026-09-30T06:15:27.816Z,gpu-3uwoq-6g3ya-2,ib_counter,rdma_vf_rail1,port_xmit_discards,0
2026-09-30T06:15:27.816Z,gpu-3uwoq-6g3ya-2,ib_counter,rdma_vf_rail1,link_downed,0
2026-09-30T06:15:27.816Z,gpu-3uwoq-6g3ya-2,ib_hw_counter,rdma_vf_rail1,out_of_sequence,0
2026-09-30T06:15:27.816Z,gpu-3uwoq-6g3ya-2,ib_hw_counter,rdma_vf_rail1,packet_seq_err,0
2026-09-30T06:15:27.816Z,gpu-3uwoq-6g3ya-2,ib_hw_counter,rdma_vf_rail1,local_ack_timeout_err,0
2026-09-30T06:15:27.816Z,gpu-3uwoq-6g3ya-2,ib_hw_counter,rdma_vf_rail1,rx_write_requests,7.05022e+08
2026-09-30T06:15:27.816Z,gpu-3uwoq-6g3ya-2,ib_hw_counter,rdma_vf_rail1,rx_read_requests,1.042e+07
2026-09-30T06:15:27.816Z,gpu-3uwoq-6g3ya-2,ib_hw_counter,rdma_vf_rail1,req_cqe_error,0
2026-09-30T06:15:27.816Z,gpu-3uwoq-6g3ya-2,ib_hw_counter,rdma_vf_rail1,resp_cqe_error,0
2026-09-30T06:15:27.816Z,gpu-3uwoq-6g3ya-2,ib_hw_counter,rdma_vf_rail1,implied_nak_seq_err,0
2026-09-30T06:15:27.816Z,gpu-3uwoq-6g3ya-2,ib_hw_counter,rdma_vf_rail1,duplicate_request,0
2026-09-30T06:15:27.816Z,gpu-3uwoq-6g3ya-2,ib_counter,rdma_vf_rail2,port_xmit_data,2.76181e+12
2026-09-30T06:15:27.816Z,gpu-3uwoq-6g3ya-2,ib_counter,rdma_vf_rail2,port_rcv_data,5.72057e+12
2026-09-30T06:15:27.816Z,gpu-3uwoq-6g3ya-2,ib_counter,rdma_vf_rail2,port_xmit_packets,9.4252e+08
2026-09-30T06:15:27.816Z,gpu-3uwoq-6g3ya-2,ib_counter,rdma_vf_rail2,port_rcv_packets,1.56133e+09
2026-09-30T06:15:27.816Z,gpu-3uwoq-6g3ya-2,ib_counter,rdma_vf_rail2,port_xmit_wait,0
2026-09-30T06:15:27.816Z,gpu-3uwoq-6g3ya-2,ib_counter,rdma_vf_rail2,port_rcv_errors,0
2026-09-30T06:15:27.816Z,gpu-3uwoq-6g3ya-2,ib_counter,rdma_vf_rail2,port_xmit_discards,0
2026-09-30T06:15:27.816Z,gpu-3uwoq-6g3ya-2,ib_counter,rdma_vf_rail2,link_downed,0
2026-09-30T06:15:27.816Z,gpu-3uwoq-6g3ya-2,ib_hw_counter,rdma_vf_rail2,out_of_sequence,0
2026-09-30T06:15:27.816Z,gpu-3uwoq-6g3ya-2,ib_hw_counter,rdma_vf_rail2,packet_seq_err,0
2026-09-30T06:15:27.816Z,gpu-3uwoq-6g3ya-2,ib_hw_counter,rdma_vf_rail2,local_ack_timeout_err,0
2026-09-30T06:15:27.816Z,gpu-3uwoq-6g3ya-2,ib_hw_counter,rdma_vf_rail2,rx_write_requests,7.05021e+08
2026-09-30T06:15:27.816Z,gpu-3uwoq-6g3ya-2,ib_hw_counter,rdma_vf_rail2,rx_read_requests,1.042e+07
2026-09-30T06:15:27.816Z,gpu-3uwoq-6g3ya-2,ib_hw_counter,rdma_vf_rail2,req_cqe_error,0
2026-09-30T06:15:27.816Z,gpu-3uwoq-6g3ya-2,ib_hw_counter,rdma_vf_rail2,resp_cqe_error,0
2026-09-30T06:15:27.816Z,gpu-3uwoq-6g3ya-2,ib_hw_counter,rdma_vf_rail2,implied_nak_seq_err,0
2026-09-30T06:15:27.816Z,gpu-3uwoq-6g3ya-2,ib_hw_counter,rdma_vf_rail2,duplicate_request,0
2026-09-30T06:15:27.816Z,gpu-3uwoq-6g3ya-2,ib_counter,rdma_vf_rail3,port_xmit_data,2.76167e+12
2026-09-30T06:15:27.816Z,gpu-3uwoq-6g3ya-2,ib_counter,rdma_vf_rail3,port_rcv_data,5.72118e+12
2026-09-30T06:15:27.816Z,gpu-3uwoq-6g3ya-2,ib_counter,rdma_vf_rail3,port_xmit_packets,9.40862e+08
2026-09-30T06:15:27.816Z,gpu-3uwoq-6g3ya-2,ib_counter,rdma_vf_rail3,port_rcv_packets,1.56875e+09
2026-09-30T06:15:27.816Z,gpu-3uwoq-6g3ya-2,ib_counter,rdma_vf_rail3,port_xmit_wait,0
2026-09-30T06:15:27.816Z,gpu-3uwoq-6g3ya-2,ib_counter,rdma_vf_rail3,port_rcv_errors,0
2026-09-30T06:15:27.816Z,gpu-3uwoq-6g3ya-2,ib_counter,rdma_vf_rail3,port_xmit_discards,0
2026-09-30T06:15:27.816Z,gpu-3uwoq-6g3ya-2,ib_counter,rdma_vf_rail3,link_downed,0
2026-09-30T06:15:27.816Z,gpu-3uwoq-6g3ya-2,ib_hw_counter,rdma_vf_rail3,out_of_sequence,0
2026-09-30T06:15:27.816Z,gpu-3uwoq-6g3ya-2,ib_hw_counter,rdma_vf_rail3,packet_seq_err,1
2026-09-30T06:15:27.816Z,gpu-3uwoq-6g3ya-2,ib_hw_counter,rdma_vf_rail3,local_ack_timeout_err,0
2026-09-30T06:15:27.816Z,gpu-3uwoq-6g3ya-2,ib_hw_counter,rdma_vf_rail3,rx_write_requests,7.05021e+08
2026-09-30T06:15:27.816Z,gpu-3uwoq-6g3ya-2,ib_hw_counter,rdma_vf_rail3,rx_read_requests,1.042e+07
2026-09-30T06:15:27.816Z,gpu-3uwoq-6g3ya-2,ib_hw_counter,rdma_vf_rail3,req_cqe_error,0
2026-09-30T06:15:27.816Z,gpu-3uwoq-6g3ya-2,ib_hw_counter,rdma_vf_rail3,resp_cqe_error,0
2026-09-30T06:15:27.816Z,gpu-3uwoq-6g3ya-2,ib_hw_counter,rdma_vf_rail3,implied_nak_seq_err,0
2026-09-30T06:15:27.816Z,gpu-3uwoq-6g3ya-2,ib_hw_counter,rdma_vf_rail3,duplicate_request,0
2026-09-30T06:15:27.816Z,gpu-3uwoq-6g3ya-2,dcgm,gpu2,gpu_util,0
2026-09-30T06:15:27.816Z,gpu-3uwoq-6g3ya-2,dcgm,gpu3,gpu_util,0
2026-09-30T06:15:27.816Z,gpu-3uwoq-6g3ya-2,dcgm,gpu1,gpu_util,0
2026-09-30T06:15:27.816Z,gpu-3uwoq-6g3ya-2,dcgm,gpu0,gpu_util,0
2026-09-30T06:15:27.816Z,gpu-3uwoq-6g3ya-2,dcgm,gpu2,nvlink_bandwidth_total,0
2026-09-30T06:15:27.816Z,gpu-3uwoq-6g3ya-2,dcgm,gpu3,nvlink_bandwidth_total,0
2026-09-30T06:15:27.816Z,gpu-3uwoq-6g3ya-2,dcgm,gpu1,nvlink_bandwidth_total,0
2026-09-30T06:15:27.816Z,gpu-3uwoq-6g3ya-2,dcgm,gpu0,nvlink_bandwidth_total,0
2026-09-30T06:15:27.816Z,gpu-3uwoq-6g3ya-2,dcgm,gpu2,power_w,231.327
2026-09-30T06:15:27.816Z,gpu-3uwoq-6g3ya-2,dcgm,gpu3,power_w,234.078
2026-09-30T06:15:27.816Z,gpu-3uwoq-6g3ya-2,dcgm,gpu1,power_w,229.995
2026-09-30T06:15:27.816Z,gpu-3uwoq-6g3ya-2,dcgm,gpu0,power_w,226.432
2026-09-30T06:15:27.816Z,gpu-3uwoq-6g3ya-2,dcgm,gpu2,sm_clock_mhz,2070
2026-09-30T06:15:27.816Z,gpu-3uwoq-6g3ya-2,dcgm,gpu3,sm_clock_mhz,2070
2026-09-30T06:15:27.816Z,gpu-3uwoq-6g3ya-2,dcgm,gpu1,sm_clock_mhz,2070
2026-09-30T06:15:27.816Z,gpu-3uwoq-6g3ya-2,dcgm,gpu0,sm_clock_mhz,2070
2026-09-30T06:15:27.816Z,gpu-3uwoq-6g3ya-2,dcgm,gpu2,dram_active,6e-06
2026-09-30T06:15:27.816Z,gpu-3uwoq-6g3ya-2,dcgm,gpu3,dram_active,6e-06
2026-09-30T06:15:27.816Z,gpu-3uwoq-6g3ya-2,dcgm,gpu1,dram_active,6e-06
2026-09-30T06:15:27.816Z,gpu-3uwoq-6g3ya-2,dcgm,gpu0,dram_active,6e-06
2026-09-30T06:15:27.816Z,gpu-3uwoq-6g3ya-2,dcgm,gpu2,pcie_rx_bytes,336980
2026-09-30T06:15:27.816Z,gpu-3uwoq-6g3ya-2,dcgm,gpu3,pcie_rx_bytes,328407
2026-09-30T06:15:27.816Z,gpu-3uwoq-6g3ya-2,dcgm,gpu1,pcie_rx_bytes,359867
2026-09-30T06:15:27.816Z,gpu-3uwoq-6g3ya-2,dcgm,gpu0,pcie_rx_bytes,361704
2026-09-30T06:15:27.816Z,gpu-3uwoq-6g3ya-2,dcgm,gpu2,pcie_tx_bytes,289363
2026-09-30T06:15:27.816Z,gpu-3uwoq-6g3ya-2,dcgm,gpu3,pcie_tx_bytes,280676
2026-09-30T06:15:27.816Z,gpu-3uwoq-6g3ya-2,dcgm,gpu1,pcie_tx_bytes,313256
2026-09-30T06:15:27.816Z,gpu-3uwoq-6g3ya-2,dcgm,gpu0,pcie_tx_bytes,314760
2026-09-30T06:15:27.816Z,gpu-3uwoq-6g3ya-2,dcgm,gpu2,tensor_active,0
2026-09-30T06:15:27.816Z,gpu-3uwoq-6g3ya-2,dcgm,gpu3,tensor_active,0
2026-09-30T06:15:27.816Z,gpu-3uwoq-6g3ya-2,dcgm,gpu1,tensor_active,0
2026-09-30T06:15:27.816Z,gpu-3uwoq-6g3ya-2,dcgm,gpu0,tensor_active,0
2026-09-30T06:15:27.816Z,gpu-3uwoq-6g3ya-2,dcgm,gpu2,sm_active,1e-06
2026-09-30T06:15:27.816Z,gpu-3uwoq-6g3ya-2,dcgm,gpu3,sm_active,1e-06
2026-09-30T06:15:27.816Z,gpu-3uwoq-6g3ya-2,dcgm,gpu1,sm_active,1e-06
2026-09-30T06:15:27.816Z,gpu-3uwoq-6g3ya-2,dcgm,gpu0,sm_active,1e-06
2026-09-30T06:15:27.816Z,gpu-3uwoq-6g3ya-2,nvlink,gpu0,nvlink_rx_bytes,4.66294e+13
2026-09-30T06:15:27.816Z,gpu-3uwoq-6g3ya-2,nvlink,gpu0,nvlink_tx_bytes,4.66299e+13
2026-09-30T06:15:27.816Z,gpu-3uwoq-6g3ya-2,nvlink,gpu1,nvlink_rx_bytes,4.66294e+13
2026-09-30T06:15:27.816Z,gpu-3uwoq-6g3ya-2,nvlink,gpu1,nvlink_tx_bytes,4.66297e+13
2026-09-30T06:15:27.816Z,gpu-3uwoq-6g3ya-2,nvlink,gpu2,nvlink_rx_bytes,4.66291e+13
2026-09-30T06:15:27.816Z,gpu-3uwoq-6g3ya-2,nvlink,gpu2,nvlink_tx_bytes,4.66294e+13
2026-09-30T06:15:27.816Z,gpu-3uwoq-6g3ya-2,nvlink,gpu3,nvlink_rx_bytes,4.66274e+13
2026-09-30T06:15:27.816Z,gpu-3uwoq-6g3ya-2,nvlink,gpu3,nvlink_tx_bytes,4.66275e+13
2026-09-30T06:15:28.816Z,gpu-3uwoq-6g3ya-2,ib_counter,rdma_vf_rail0,port_xmit_data,2.76329e+12
2026-09-30T06:15:28.816Z,gpu-3uwoq-6g3ya-2,ib_counter,rdma_vf_rail0,port_rcv_data,5.72235e+12
2026-09-30T06:15:28.816Z,gpu-3uwoq-6g3ya-2,ib_counter,rdma_vf_rail0,port_xmit_packets,9.5609e+08
2026-09-30T06:15:28.816Z,gpu-3uwoq-6g3ya-2,ib_counter,rdma_vf_rail0,port_rcv_packets,1.57821e+09
2026-09-30T06:15:28.816Z,gpu-3uwoq-6g3ya-2,ib_counter,rdma_vf_rail0,port_xmit_wait,0
2026-09-30T06:15:28.816Z,gpu-3uwoq-6g3ya-2,ib_counter,rdma_vf_rail0,port_rcv_errors,0
2026-09-30T06:15:28.816Z,gpu-3uwoq-6g3ya-2,ib_counter,rdma_vf_rail0,port_xmit_discards,0
2026-09-30T06:15:28.816Z,gpu-3uwoq-6g3ya-2,ib_counter,rdma_vf_rail0,link_downed,0
2026-09-30T06:15:28.816Z,gpu-3uwoq-6g3ya-2,ib_hw_counter,rdma_vf_rail0,out_of_sequence,0
2026-09-30T06:15:28.816Z,gpu-3uwoq-6g3ya-2,ib_hw_counter,rdma_vf_rail0,packet_seq_err,0
2026-09-30T06:15:28.816Z,gpu-3uwoq-6g3ya-2,ib_hw_counter,rdma_vf_rail0,local_ack_timeout_err,0
2026-09-30T06:15:28.816Z,gpu-3uwoq-6g3ya-2,ib_hw_counter,rdma_vf_rail0,rx_write_requests,7.05021e+08
2026-09-30T06:15:28.816Z,gpu-3uwoq-6g3ya-2,ib_hw_counter,rdma_vf_rail0,rx_read_requests,1.042e+07
2026-09-30T06:15:28.816Z,gpu-3uwoq-6g3ya-2,ib_hw_counter,rdma_vf_rail0,req_cqe_error,0
2026-09-30T06:15:28.816Z,gpu-3uwoq-6g3ya-2,ib_hw_counter,rdma_vf_rail0,resp_cqe_error,0
2026-09-30T06:15:28.816Z,gpu-3uwoq-6g3ya-2,ib_hw_counter,rdma_vf_rail0,implied_nak_seq_err,0
2026-09-30T06:15:28.816Z,gpu-3uwoq-6g3ya-2,ib_hw_counter,rdma_vf_rail0,duplicate_request,0
2026-09-30T06:15:28.816Z,gpu-3uwoq-6g3ya-2,ib_counter,rdma_vf_rail1,port_xmit_data,2.76263e+12
2026-09-30T06:15:28.816Z,gpu-3uwoq-6g3ya-2,ib_counter,rdma_vf_rail1,port_rcv_data,5.72189e+12
2026-09-30T06:15:28.816Z,gpu-3uwoq-6g3ya-2,ib_counter,rdma_vf_rail1,port_xmit_packets,9.52939e+08
2026-09-30T06:15:28.816Z,gpu-3uwoq-6g3ya-2,ib_counter,rdma_vf_rail1,port_rcv_packets,1.57742e+09
2026-09-30T06:15:28.816Z,gpu-3uwoq-6g3ya-2,ib_counter,rdma_vf_rail1,port_xmit_wait,0
2026-09-30T06:15:28.816Z,gpu-3uwoq-6g3ya-2,ib_counter,rdma_vf_rail1,port_rcv_errors,0
2026-09-30T06:15:28.816Z,gpu-3uwoq-6g3ya-2,ib_counter,rdma_vf_rail1,port_xmit_discards,0
2026-09-30T06:15:28.816Z,gpu-3uwoq-6g3ya-2,ib_counter,rdma_vf_rail1,link_downed,0
2026-09-30T06:15:28.816Z,gpu-3uwoq-6g3ya-2,ib_hw_counter,rdma_vf_rail1,out_of_sequence,0
2026-09-30T06:15:28.816Z,gpu-3uwoq-6g3ya-2,ib_hw_counter,rdma_vf_rail1,packet_seq_err,0
2026-09-30T06:15:28.816Z,gpu-3uwoq-6g3ya-2,ib_hw_counter,rdma_vf_rail1,local_ack_timeout_err,0
2026-09-30T06:15:28.816Z,gpu-3uwoq-6g3ya-2,ib_hw_counter,rdma_vf_rail1,rx_write_requests,7.05022e+08
2026-09-30T06:15:28.816Z,gpu-3uwoq-6g3ya-2,ib_hw_counter,rdma_vf_rail1,rx_read_requests,1.042e+07
2026-09-30T06:15:28.816Z,gpu-3uwoq-6g3ya-2,ib_hw_counter,rdma_vf_rail1,req_cqe_error,0
2026-09-30T06:15:28.816Z,gpu-3uwoq-6g3ya-2,ib_hw_counter,rdma_vf_rail1,resp_cqe_error,0
2026-09-30T06:15:28.816Z,gpu-3uwoq-6g3ya-2,ib_hw_counter,rdma_vf_rail1,implied_nak_seq_err,0
2026-09-30T06:15:28.816Z,gpu-3uwoq-6g3ya-2,ib_hw_counter,rdma_vf_rail1,duplicate_request,0
2026-09-30T06:15:28.816Z,gpu-3uwoq-6g3ya-2,ib_counter,rdma_vf_rail2,port_xmit_data,2.76181e+12
2026-09-30T06:15:28.816Z,gpu-3uwoq-6g3ya-2,ib_counter,rdma_vf_rail2,port_rcv_data,5.72057e+12
2026-09-30T06:15:28.816Z,gpu-3uwoq-6g3ya-2,ib_counter,rdma_vf_rail2,port_xmit_packets,9.4252e+08
2026-09-30T06:15:28.816Z,gpu-3uwoq-6g3ya-2,ib_counter,rdma_vf_rail2,port_rcv_packets,1.56133e+09
2026-09-30T06:15:28.816Z,gpu-3uwoq-6g3ya-2,ib_counter,rdma_vf_rail2,port_xmit_wait,0
2026-09-30T06:15:28.816Z,gpu-3uwoq-6g3ya-2,ib_counter,rdma_vf_rail2,port_rcv_errors,0
2026-09-30T06:15:28.816Z,gpu-3uwoq-6g3ya-2,ib_counter,rdma_vf_rail2,port_xmit_discards,0
2026-09-30T06:15:28.816Z,gpu-3uwoq-6g3ya-2,ib_counter,rdma_vf_rail2,link_downed,0
2026-09-30T06:15:28.816Z,gpu-3uwoq-6g3ya-2,ib_hw_counter,rdma_vf_rail2,out_of_sequence,0
2026-09-30T06:15:28.816Z,gpu-3uwoq-6g3ya-2,ib_hw_counter,rdma_vf_rail2,packet_seq_err,0
2026-09-30T06:15:28.816Z,gpu-3uwoq-6g3ya-2,ib_hw_counter,rdma_vf_rail2,local_ack_timeout_err,0
2026-09-30T06:15:28.816Z,gpu-3uwoq-6g3ya-2,ib_hw_counter,rdma_vf_rail2,rx_write_requests,7.05021e+08
2026-09-30T06:15:28.816Z,gpu-3uwoq-6g3ya-2,ib_hw_counter,rdma_vf_rail2,rx_read_requests,1.042e+07
2026-09-30T06:15:28.816Z,gpu-3uwoq-6g3ya-2,ib_hw_counter,rdma_vf_rail2,req_cqe_error,0
2026-09-30T06:15:28.816Z,gpu-3uwoq-6g3ya-2,ib_hw_counter,rdma_vf_rail2,resp_cqe_error,0
2026-09-30T06:15:28.816Z,gpu-3uwoq-6g3ya-2,ib_hw_counter,rdma_vf_rail2,implied_nak_seq_err,0
2026-09-30T06:15:28.816Z,gpu-3uwoq-6g3ya-2,ib_hw_counter,rdma_vf_rail2,duplicate_request,0
2026-09-30T06:15:28.816Z,gpu-3uwoq-6g3ya-2,ib_counter,rdma_vf_rail3,port_xmit_data,2.76167e+12
2026-09-30T06:15:28.816Z,gpu-3uwoq-6g3ya-2,ib_counter,rdma_vf_rail3,port_rcv_data,5.72118e+12
2026-09-30T06:15:28.816Z,gpu-3uwoq-6g3ya-2,ib_counter,rdma_vf_rail3,port_xmit_packets,9.40862e+08
2026-09-30T06:15:28.816Z,gpu-3uwoq-6g3ya-2,ib_counter,rdma_vf_rail3,port_rcv_packets,1.56875e+09
2026-09-30T06:15:28.816Z,gpu-3uwoq-6g3ya-2,ib_counter,rdma_vf_rail3,port_xmit_wait,0
2026-09-30T06:15:28.816Z,gpu-3uwoq-6g3ya-2,ib_counter,rdma_vf_rail3,port_rcv_errors,0
2026-09-30T06:15:28.816Z,gpu-3uwoq-6g3ya-2,ib_counter,rdma_vf_rail3,port_xmit_discards,0
2026-09-30T06:15:28.816Z,gpu-3uwoq-6g3ya-2,ib_counter,rdma_vf_rail3,link_downed,0
2026-09-30T06:15:28.816Z,gpu-3uwoq-6g3ya-2,ib_hw_counter,rdma_vf_rail3,out_of_sequence,0
2026-09-30T06:15:28.816Z,gpu-3uwoq-6g3ya-2,ib_hw_counter,rdma_vf_rail3,packet_seq_err,1
2026-09-30T06:15:28.816Z,gpu-3uwoq-6g3ya-2,ib_hw_counter,rdma_vf_rail3,local_ack_timeout_err,0
2026-09-30T06:15:28.816Z,gpu-3uwoq-6g3ya-2,ib_hw_counter,rdma_vf_rail3,rx_write_requests,7.05021e+08
2026-09-30T06:15:28.816Z,gpu-3uwoq-6g3ya-2,ib_hw_counter,rdma_vf_rail3,rx_read_requests,1.042e+07
2026-09-30T06:15:28.816Z,gpu-3uwoq-6g3ya-2,ib_hw_counter,rdma_vf_rail3,req_cqe_error,0
2026-09-30T06:15:28.816Z,gpu-3uwoq-6g3ya-2,ib_hw_counter,rdma_vf_rail3,resp_cqe_error,0
2026-09-30T06:15:28.816Z,gpu-3uwoq-6g3ya-2,ib_hw_counter,rdma_vf_rail3,implied_nak_seq_err,0
2026-09-30T06:15:28.816Z,gpu-3uwoq-6g3ya-2,ib_hw_counter,rdma_vf_rail3,duplicate_request,0
2026-09-30T06:15:28.816Z,gpu-3uwoq-6g3ya-2,dcgm,gpu2,gpu_util,0
2026-09-30T06:15:28.816Z,gpu-3uwoq-6g3ya-2,dcgm,gpu3,gpu_util,0
2026-09-30T06:15:28.816Z,gpu-3uwoq-6g3ya-2,dcgm,gpu1,gpu_util,0
2026-09-30T06:15:28.816Z,gpu-3uwoq-6g3ya-2,dcgm,gpu0,gpu_util,0
2026-09-30T06:15:28.816Z,gpu-3uwoq-6g3ya-2,dcgm,gpu2,nvlink_bandwidth_total,0
2026-09-30T06:15:28.816Z,gpu-3uwoq-6g3ya-2,dcgm,gpu3,nvlink_bandwidth_total,0
2026-09-30T06:15:28.816Z,gpu-3uwoq-6g3ya-2,dcgm,gpu1,nvlink_bandwidth_total,0
2026-09-30T06:15:28.816Z,gpu-3uwoq-6g3ya-2,dcgm,gpu0,nvlink_bandwidth_total,0
2026-09-30T06:15:28.816Z,gpu-3uwoq-6g3ya-2,dcgm,gpu2,power_w,231.327
2026-09-30T06:15:28.816Z,gpu-3uwoq-6g3ya-2,dcgm,gpu3,power_w,234.078
2026-09-30T06:15:28.816Z,gpu-3uwoq-6g3ya-2,dcgm,gpu1,power_w,229.995
2026-09-30T06:15:28.816Z,gpu-3uwoq-6g3ya-2,dcgm,gpu0,power_w,226.432
2026-09-30T06:15:28.816Z,gpu-3uwoq-6g3ya-2,dcgm,gpu2,sm_clock_mhz,2070
2026-09-30T06:15:28.816Z,gpu-3uwoq-6g3ya-2,dcgm,gpu3,sm_clock_mhz,2070
2026-09-30T06:15:28.816Z,gpu-3uwoq-6g3ya-2,dcgm,gpu1,sm_clock_mhz,2070
2026-09-30T06:15:28.816Z,gpu-3uwoq-6g3ya-2,dcgm,gpu0,sm_clock_mhz,2070
2026-09-30T06:15:28.816Z,gpu-3uwoq-6g3ya-2,dcgm,gpu2,dram_active,6e-06
2026-09-30T06:15:28.816Z,gpu-3uwoq-6g3ya-2,dcgm,gpu3,dram_active,6e-06
2026-09-30T06:15:28.816Z,gpu-3uwoq-6g3ya-2,dcgm,gpu1,dram_active,6e-06
2026-09-30T06:15:28.816Z,gpu-3uwoq-6g3ya-2,dcgm,gpu0,dram_active,6e-06
2026-09-30T06:15:28.816Z,gpu-3uwoq-6g3ya-2,dcgm,gpu2,pcie_rx_bytes,336980
2026-09-30T06:15:28.816Z,gpu-3uwoq-6g3ya-2,dcgm,gpu3,pcie_rx_bytes,328407
2026-09-30T06:15:28.816Z,gpu-3uwoq-6g3ya-2,dcgm,gpu1,pcie_rx_bytes,359867
2026-09-30T06:15:28.816Z,gpu-3uwoq-6g3ya-2,dcgm,gpu0,pcie_rx_bytes,361704
2026-09-30T06:15:28.816Z,gpu-3uwoq-6g3ya-2,dcgm,gpu2,pcie_tx_bytes,289363
2026-09-30T06:15:28.816Z,gpu-3uwoq-6g3ya-2,dcgm,gpu3,pcie_tx_bytes,280676
2026-09-30T06:15:28.816Z,gpu-3uwoq-6g3ya-2,dcgm,gpu1,pcie_tx_bytes,313256
2026-09-30T06:15:28.816Z,gpu-3uwoq-6g3ya-2,dcgm,gpu0,pcie_tx_bytes,314760
2026-09-30T06:15:28.816Z,gpu-3uwoq-6g3ya-2,dcgm,gpu2,tensor_active,0
2026-09-30T06:15:28.816Z,gpu-3uwoq-6g3ya-2,dcgm,gpu3,tensor_active,0
2026-09-30T06:15:28.816Z,gpu-3uwoq-6g3ya-2,dcgm,gpu1,tensor_active,0
2026-09-30T06:15:28.816Z,gpu-3uwoq-6g3ya-2,dcgm,gpu0,tensor_active,0
2026-09-30T06:15:28.816Z,gpu-3uwoq-6g3ya-2,dcgm,gpu2,sm_active,1e-06
2026-09-30T06:15:28.816Z,gpu-3uwoq-6g3ya-2,dcgm,gpu3,sm_active,1e-06
2026-09-30T06:15:28.816Z,gpu-3uwoq-6g3ya-2,dcgm,gpu1,sm_active,1e-06
2026-09-30T06:15:28.816Z,gpu-3uwoq-6g3ya-2,dcgm,gpu0,sm_active,1e-06
2026-09-30T06:15:28.816Z,gpu-3uwoq-6g3ya-2,nvlink,gpu0,nvlink_rx_bytes,4.66294e+13
2026-09-30T06:15:28.816Z,gpu-3uwoq-6g3ya-2,nvlink,gpu0,nvlink_tx_bytes,4.66299e+13
2026-09-30T06:15:28.816Z,gpu-3uwoq-6g3ya-2,nvlink,gpu1,nvlink_rx_bytes,4.66294e+13
2026-09-30T06:15:28.816Z,gpu-3uwoq-6g3ya-2,nvlink,gpu1,nvlink_tx_bytes,4.66297e+13
2026-09-30T06:15:28.816Z,gpu-3uwoq-6g3ya-2,nvlink,gpu2,nvlink_rx_bytes,4.66291e+13
2026-09-30T06:15:28.816Z,gpu-3uwoq-6g3ya-2,nvlink,gpu2,nvlink_tx_bytes,4.66294e+13
2026-09-30T06:15:28.816Z,gpu-3uwoq-6g3ya-2,nvlink,gpu3,nvlink_rx_bytes,4.66274e+13
2026-09-30T06:15:28.816Z,gpu-3uwoq-6g3ya-2,nvlink,gpu3,nvlink_tx_bytes,4.66275e+13
2026-09-30T06:15:29.816Z,gpu-3uwoq-6g3ya-2,ib_counter,rdma_vf_rail0,port_xmit_data,2.76329e+12
2026-09-30T06:15:29.816Z,gpu-3uwoq-6g3ya-2,ib_counter,rdma_vf_rail0,port_rcv_data,5.72235e+12
2026-09-30T06:15:29.816Z,gpu-3uwoq-6g3ya-2,ib_counter,rdma_vf_rail0,port_xmit_packets,9.5609e+08
2026-09-30T06:15:29.816Z,gpu-3uwoq-6g3ya-2,ib_counter,rdma_vf_rail0,port_rcv_packets,1.57821e+09
2026-09-30T06:15:29.816Z,gpu-3uwoq-6g3ya-2,ib_counter,rdma_vf_rail0,port_xmit_wait,0
2026-09-30T06:15:29.816Z,gpu-3uwoq-6g3ya-2,ib_counter,rdma_vf_rail0,port_rcv_errors,0
2026-09-30T06:15:29.816Z,gpu-3uwoq-6g3ya-2,ib_counter,rdma_vf_rail0,port_xmit_discards,0
2026-09-30T06:15:29.816Z,gpu-3uwoq-6g3ya-2,ib_counter,rdma_vf_rail0,link_downed,0
2026-09-30T06:15:29.816Z,gpu-3uwoq-6g3ya-2,ib_hw_counter,rdma_vf_rail0,out_of_sequence,0
2026-09-30T06:15:29.816Z,gpu-3uwoq-6g3ya-2,ib_hw_counter,rdma_vf_rail0,packet_seq_err,0
2026-09-30T06:15:29.816Z,gpu-3uwoq-6g3ya-2,ib_hw_counter,rdma_vf_rail0,local_ack_timeout_err,0
2026-09-30T06:15:29.816Z,gpu-3uwoq-6g3ya-2,ib_hw_counter,rdma_vf_rail0,rx_write_requests,7.05021e+08
2026-09-30T06:15:29.816Z,gpu-3uwoq-6g3ya-2,ib_hw_counter,rdma_vf_rail0,rx_read_requests,1.042e+07
2026-09-30T06:15:29.816Z,gpu-3uwoq-6g3ya-2,ib_hw_counter,rdma_vf_rail0,req_cqe_error,0
2026-09-30T06:15:29.816Z,gpu-3uwoq-6g3ya-2,ib_hw_counter,rdma_vf_rail0,resp_cqe_error,0
2026-09-30T06:15:29.816Z,gpu-3uwoq-6g3ya-2,ib_hw_counter,rdma_vf_rail0,implied_nak_seq_err,0
2026-09-30T06:15:29.816Z,gpu-3uwoq-6g3ya-2,ib_hw_counter,rdma_vf_rail0,duplicate_request,0
2026-09-30T06:15:29.816Z,gpu-3uwoq-6g3ya-2,ib_counter,rdma_vf_rail1,port_xmit_data,2.76263e+12
2026-09-30T06:15:29.816Z,gpu-3uwoq-6g3ya-2,ib_counter,rdma_vf_rail1,port_rcv_data,5.72189e+12
2026-09-30T06:15:29.816Z,gpu-3uwoq-6g3ya-2,ib_counter,rdma_vf_rail1,port_xmit_packets,9.52939e+08
2026-09-30T06:15:29.816Z,gpu-3uwoq-6g3ya-2,ib_counter,rdma_vf_rail1,port_rcv_packets,1.57742e+09
2026-09-30T06:15:29.816Z,gpu-3uwoq-6g3ya-2,ib_counter,rdma_vf_rail1,port_xmit_wait,0
2026-09-30T06:15:29.816Z,gpu-3uwoq-6g3ya-2,ib_counter,rdma_vf_rail1,port_rcv_errors,0
2026-09-30T06:15:29.816Z,gpu-3uwoq-6g3ya-2,ib_counter,rdma_vf_rail1,port_xmit_discards,0
2026-09-30T06:15:29.816Z,gpu-3uwoq-6g3ya-2,ib_counter,rdma_vf_rail1,link_downed,0
2026-09-30T06:15:29.816Z,gpu-3uwoq-6g3ya-2,ib_hw_counter,rdma_vf_rail1,out_of_sequence,0
2026-09-30T06:15:29.816Z,gpu-3uwoq-6g3ya-2,ib_hw_counter,rdma_vf_rail1,packet_seq_err,0
2026-09-30T06:15:29.816Z,gpu-3uwoq-6g3ya-2,ib_hw_counter,rdma_vf_rail1,local_ack_timeout_err,0
2026-09-30T06:15:29.816Z,gpu-3uwoq-6g3ya-2,ib_hw_counter,rdma_vf_rail1,rx_write_requests,7.05022e+08
2026-09-30T06:15:29.816Z,gpu-3uwoq-6g3ya-2,ib_hw_counter,rdma_vf_rail1,rx_read_requests,1.042e+07
2026-09-30T06:15:29.816Z,gpu-3uwoq-6g3ya-2,ib_hw_counter,rdma_vf_rail1,req_cqe_error,0
2026-09-30T06:15:29.816Z,gpu-3uwoq-6g3ya-2,ib_hw_counter,rdma_vf_rail1,resp_cqe_error,0
2026-09-30T06:15:29.816Z,gpu-3uwoq-6g3ya-2,ib_hw_counter,rdma_vf_rail1,implied_nak_seq_err,0
2026-09-30T06:15:29.816Z,gpu-3uwoq-6g3ya-2,ib_hw_counter,rdma_vf_rail1,duplicate_request,0
2026-09-30T06:15:29.816Z,gpu-3uwoq-6g3ya-2,ib_counter,rdma_vf_rail2,port_xmit_data,2.76181e+12
2026-09-30T06:15:29.816Z,gpu-3uwoq-6g3ya-2,ib_counter,rdma_vf_rail2,port_rcv_data,5.72057e+12
2026-09-30T06:15:29.816Z,gpu-3uwoq-6g3ya-2,ib_counter,rdma_vf_rail2,port_xmit_packets,9.4252e+08
2026-09-30T06:15:29.816Z,gpu-3uwoq-6g3ya-2,ib_counter,rdma_vf_rail2,port_rcv_packets,1.56133e+09
2026-09-30T06:15:29.816Z,gpu-3uwoq-6g3ya-2,ib_counter,rdma_vf_rail2,port_xmit_wait,0
2026-09-30T06:15:29.816Z,gpu-3uwoq-6g3ya-2,ib_counter,rdma_vf_rail2,port_rcv_errors,0
2026-09-30T06:15:29.816Z,gpu-3uwoq-6g3ya-2,ib_counter,rdma_vf_rail2,port_xmit_discards,0
2026-09-30T06:15:29.816Z,gpu-3uwoq-6g3ya-2,ib_counter,rdma_vf_rail2,link_downed,0
2026-09-30T06:15:29.816Z,gpu-3uwoq-6g3ya-2,ib_hw_counter,rdma_vf_rail2,out_of_sequence,0
2026-09-30T06:15:29.816Z,gpu-3uwoq-6g3ya-2,ib_hw_counter,rdma_vf_rail2,packet_seq_err,0
2026-09-30T06:15:29.816Z,gpu-3uwoq-6g3ya-2,ib_hw_counter,rdma_vf_rail2,local_ack_timeout_err,0
2026-09-30T06:15:29.816Z,gpu-3uwoq-6g3ya-2,ib_hw_counter,rdma_vf_rail2,rx_write_requests,7.05021e+08
2026-09-30T06:15:29.816Z,gpu-3uwoq-6g3ya-2,ib_hw_counter,rdma_vf_rail2,rx_read_requests,1.042e+07
2026-09-30T06:15:29.816Z,gpu-3uwoq-6g3ya-2,ib_hw_counter,rdma_vf_rail2,req_cqe_error,0
2026-09-30T06:15:29.816Z,gpu-3uwoq-6g3ya-2,ib_hw_counter,rdma_vf_rail2,resp_cqe_error,0
2026-09-30T06:15:29.816Z,gpu-3uwoq-6g3ya-2,ib_hw_counter,rdma_vf_rail2,implied_nak_seq_err,0
2026-09-30T06:15:29.816Z,gpu-3uwoq-6g3ya-2,ib_hw_counter,rdma_vf_rail2,duplicate_request,0
2026-09-30T06:15:29.816Z,gpu-3uwoq-6g3ya-2,ib_counter,rdma_vf_rail3,port_xmit_data,2.76167e+12
2026-09-30T06:15:29.816Z,gpu-3uwoq-6g3ya-2,ib_counter,rdma_vf_rail3,port_rcv_data,5.72118e+12
2026-09-30T06:15:29.816Z,gpu-3uwoq-6g3ya-2,ib_counter,rdma_vf_rail3,port_xmit_packets,9.40862e+08
2026-09-30T06:15:29.816Z,gpu-3uwoq-6g3ya-2,ib_counter,rdma_vf_rail3,port_rcv_packets,1.56875e+09
2026-09-30T06:15:29.816Z,gpu-3uwoq-6g3ya-2,ib_counter,rdma_vf_rail3,port_xmit_wait,0
2026-09-30T06:15:29.816Z,gpu-3uwoq-6g3ya-2,ib_counter,rdma_vf_rail3,port_rcv_errors,0
2026-09-30T06:15:29.816Z,gpu-3uwoq-6g3ya-2,ib_counter,rdma_vf_rail3,port_xmit_discards,0
2026-09-30T06:15:29.816Z,gpu-3uwoq-6g3ya-2,ib_counter,rdma_vf_rail3,link_downed,0
2026-09-30T06:15:29.816Z,gpu-3uwoq-6g3ya-2,ib_hw_counter,rdma_vf_rail3,out_of_sequence,0
2026-09-30T06:15:29.816Z,gpu-3uwoq-6g3ya-2,ib_hw_counter,rdma_vf_rail3,packet_seq_err,1
2026-09-30T06:15:29.816Z,gpu-3uwoq-6g3ya-2,ib_hw_counter,rdma_vf_rail3,local_ack_timeout_err,0
2026-09-30T06:15:29.816Z,gpu-3uwoq-6g3ya-2,ib_hw_counter,rdma_vf_rail3,rx_write_requests,7.05021e+08
2026-09-30T06:15:29.816Z,gpu-3uwoq-6g3ya-2,ib_hw_counter,rdma_vf_rail3,rx_read_requests,1.042e+07
2026-09-30T06:15:29.816Z,gpu-3uwoq-6g3ya-2,ib_hw_counter,rdma_vf_rail3,req_cqe_error,0
2026-09-30T06:15:29.816Z,gpu-3uwoq-6g3ya-2,ib_hw_counter,rdma_vf_rail3,resp_cqe_error,0
2026-09-30T06:15:29.816Z,gpu-3uwoq-6g3ya-2,ib_hw_counter,rdma_vf_rail3,implied_nak_seq_err,0
2026-09-30T06:15:29.816Z,gpu-3uwoq-6g3ya-2,ib_hw_counter,rdma_vf_rail3,duplicate_request,0
2026-09-30T06:15:29.816Z,gpu-3uwoq-6g3ya-2,dcgm,gpu2,gpu_util,0
2026-09-30T06:15:29.816Z,gpu-3uwoq-6g3ya-2,dcgm,gpu3,gpu_util,0
2026-09-30T06:15:29.816Z,gpu-3uwoq-6g3ya-2,dcgm,gpu1,gpu_util,0
2026-09-30T06:15:29.816Z,gpu-3uwoq-6g3ya-2,dcgm,gpu0,gpu_util,0
2026-09-30T06:15:29.816Z,gpu-3uwoq-6g3ya-2,dcgm,gpu2,nvlink_bandwidth_total,0
2026-09-30T06:15:29.816Z,gpu-3uwoq-6g3ya-2,dcgm,gpu3,nvlink_bandwidth_total,0
2026-09-30T06:15:29.816Z,gpu-3uwoq-6g3ya-2,dcgm,gpu1,nvlink_bandwidth_total,0
2026-09-30T06:15:29.816Z,gpu-3uwoq-6g3ya-2,dcgm,gpu0,nvlink_bandwidth_total,0
2026-09-30T06:15:29.816Z,gpu-3uwoq-6g3ya-2,dcgm,gpu2,power_w,231.327
2026-09-30T06:15:29.816Z,gpu-3uwoq-6g3ya-2,dcgm,gpu3,power_w,234.078
2026-09-30T06:15:29.816Z,gpu-3uwoq-6g3ya-2,dcgm,gpu1,power_w,229.995
2026-09-30T06:15:29.816Z,gpu-3uwoq-6g3ya-2,dcgm,gpu0,power_w,226.432
2026-09-30T06:15:29.816Z,gpu-3uwoq-6g3ya-2,dcgm,gpu2,sm_clock_mhz,2070
2026-09-30T06:15:29.816Z,gpu-3uwoq-6g3ya-2,dcgm,gpu3,sm_clock_mhz,2070
2026-09-30T06:15:29.816Z,gpu-3uwoq-6g3ya-2,dcgm,gpu1,sm_clock_mhz,2070
2026-09-30T06:15:29.816Z,gpu-3uwoq-6g3ya-2,dcgm,gpu0,sm_clock_mhz,2070
2026-09-30T06:15:29.816Z,gpu-3uwoq-6g3ya-2,dcgm,gpu2,dram_active,6e-06
2026-09-30T06:15:29.816Z,gpu-3uwoq-6g3ya-2,dcgm,gpu3,dram_active,6e-06
2026-09-30T06:15:29.816Z,gpu-3uwoq-6g3ya-2,dcgm,gpu1,dram_active,6e-06
2026-09-30T06:15:29.816Z,gpu-3uwoq-6g3ya-2,dcgm,gpu0,dram_active,6e-06
2026-09-30T06:15:29.816Z,gpu-3uwoq-6g3ya-2,dcgm,gpu2,pcie_rx_bytes,336980
2026-09-30T06:15:29.816Z,gpu-3uwoq-6g3ya-2,dcgm,gpu3,pcie_rx_bytes,328407
2026-09-30T06:15:29.816Z,gpu-3uwoq-6g3ya-2,dcgm,gpu1,pcie_rx_bytes,359867
2026-09-30T06:15:29.816Z,gpu-3uwoq-6g3ya-2,dcgm,gpu0,pcie_rx_bytes,361704
2026-09-30T06:15:29.816Z,gpu-3uwoq-6g3ya-2,dcgm,gpu2,pcie_tx_bytes,289363
2026-09-30T06:15:29.816Z,gpu-3uwoq-6g3ya-2,dcgm,gpu3,pcie_tx_bytes,280676
2026-09-30T06:15:29.816Z,gpu-3uwoq-6g3ya-2,dcgm,gpu1,pcie_tx_bytes,313256
2026-09-30T06:15:29.816Z,gpu-3uwoq-6g3ya-2,dcgm,gpu0,pcie_tx_bytes,314760
2026-09-30T06:15:29.816Z,gpu-3uwoq-6g3ya-2,dcgm,gpu2,tensor_active,0
2026-09-30T06:15:29.816Z,gpu-3uwoq-6g3ya-2,dcgm,gpu3,tensor_active,0
2026-09-30T06:15:29.816Z,gpu-3uwoq-6g3ya-2,dcgm,gpu1,tensor_active,0
2026-09-30T06:15:29.816Z,gpu-3uwoq-6g3ya-2,dcgm,gpu0,tensor_active,0
2026-09-30T06:15:29.816Z,gpu-3uwoq-6g3ya-2,dcgm,gpu2,sm_active,1e-06
2026-09-30T06:15:29.816Z,gpu-3uwoq-6g3ya-2,dcgm,gpu3,sm_active,1e-06
2026-09-30T06:15:29.816Z,gpu-3uwoq-6g3ya-2,dcgm,gpu1,sm_active,1e-06
2026-09-30T06:15:29.816Z,gpu-3uwoq-6g3ya-2,dcgm,gpu0,sm_active,1e-06
2026-09-30T06:15:29.816Z,gpu-3uwoq-6g3ya-2,nvlink,gpu0,nvlink_rx_bytes,4.66294e+13
2026-09-30T06:15:29.816Z,gpu-3uwoq-6g3ya-2,nvlink,gpu0,nvlink_tx_bytes,4.66299e+13
2026-09-30T06:15:29.816Z,gpu-3uwoq-6g3ya-2,nvlink,gpu1,nvlink_rx_bytes,4.66294e+13
2026-09-30T06:15:29.816Z,gpu-3uwoq-6g3ya-2,nvlink,gpu1,nvlink_tx_bytes,4.66297e+13
2026-09-30T06:15:29.816Z,gpu-3uwoq-6g3ya-2,nvlink,gpu2,nvlink_rx_bytes,4.66291e+13
2026-09-30T06:15:29.816Z,gpu-3uwoq-6g3ya-2,nvlink,gpu2,nvlink_tx_bytes,4.66294e+13
2026-09-30T06:15:29.816Z,gpu-3uwoq-6g3ya-2,nvlink,gpu3,nvlink_rx_bytes,4.66274e+13
2026-09-30T06:15:29.816Z,gpu-3uwoq-6g3ya-2,nvlink,gpu3,nvlink_tx_bytes,4.66275e+13
2026-09-30T06:15:30.816Z,gpu-3uwoq-6g3ya-2,ib_counter,rdma_vf_rail0,port_xmit_data,2.76329e+12
2026-09-30T06:15:30.816Z,gpu-3uwoq-6g3ya-2,ib_counter,rdma_vf_rail0,port_rcv_data,5.72235e+12
2026-09-30T06:15:30.816Z,gpu-3uwoq-6g3ya-2,ib_counter,rdma_vf_rail0,port_xmit_packets,9.5609e+08
2026-09-30T06:15:30.816Z,gpu-3uwoq-6g3ya-2,ib_counter,rdma_vf_rail0,port_rcv_packets,1.57821e+09
2026-09-30T06:15:30.816Z,gpu-3uwoq-6g3ya-2,ib_counter,rdma_vf_rail0,port_xmit_wait,0
2026-09-30T06:15:30.816Z,gpu-3uwoq-6g3ya-2,ib_counter,rdma_vf_rail0,port_rcv_errors,0
2026-09-30T06:15:30.816Z,gpu-3uwoq-6g3ya-2,ib_counter,rdma_vf_rail0,port_xmit_discards,0
2026-09-30T06:15:30.816Z,gpu-3uwoq-6g3ya-2,ib_counter,rdma_vf_rail0,link_downed,0
2026-09-30T06:15:30.816Z,gpu-3uwoq-6g3ya-2,ib_hw_counter,rdma_vf_rail0,out_of_sequence,0
2026-09-30T06:15:30.816Z,gpu-3uwoq-6g3ya-2,ib_hw_counter,rdma_vf_rail0,packet_seq_err,0
2026-09-30T06:15:30.816Z,gpu-3uwoq-6g3ya-2,ib_hw_counter,rdma_vf_rail0,local_ack_timeout_err,0
2026-09-30T06:15:30.816Z,gpu-3uwoq-6g3ya-2,ib_hw_counter,rdma_vf_rail0,rx_write_requests,7.05021e+08
2026-09-30T06:15:30.816Z,gpu-3uwoq-6g3ya-2,ib_hw_counter,rdma_vf_rail0,rx_read_requests,1.042e+07
2026-09-30T06:15:30.816Z,gpu-3uwoq-6g3ya-2,ib_hw_counter,rdma_vf_rail0,req_cqe_error,0
2026-09-30T06:15:30.816Z,gpu-3uwoq-6g3ya-2,ib_hw_counter,rdma_vf_rail0,resp_cqe_error,0
2026-09-30T06:15:30.816Z,gpu-3uwoq-6g3ya-2,ib_hw_counter,rdma_vf_rail0,implied_nak_seq_err,0
2026-09-30T06:15:30.816Z,gpu-3uwoq-6g3ya-2,ib_hw_counter,rdma_vf_rail0,duplicate_request,0
2026-09-30T06:15:30.816Z,gpu-3uwoq-6g3ya-2,ib_counter,rdma_vf_rail1,port_xmit_data,2.76263e+12
2026-09-30T06:15:30.816Z,gpu-3uwoq-6g3ya-2,ib_counter,rdma_vf_rail1,port_rcv_data,5.72189e+12
2026-09-30T06:15:30.816Z,gpu-3uwoq-6g3ya-2,ib_counter,rdma_vf_rail1,port_xmit_packets,9.52939e+08
2026-09-30T06:15:30.816Z,gpu-3uwoq-6g3ya-2,ib_counter,rdma_vf_rail1,port_rcv_packets,1.57742e+09
2026-09-30T06:15:30.816Z,gpu-3uwoq-6g3ya-2,ib_counter,rdma_vf_rail1,port_xmit_wait,0
2026-09-30T06:15:30.816Z,gpu-3uwoq-6g3ya-2,ib_counter,rdma_vf_rail1,port_rcv_errors,0
2026-09-30T06:15:30.816Z,gpu-3uwoq-6g3ya-2,ib_counter,rdma_vf_rail1,port_xmit_discards,0
2026-09-30T06:15:30.816Z,gpu-3uwoq-6g3ya-2,ib_counter,rdma_vf_rail1,link_downed,0
2026-09-30T06:15:30.816Z,gpu-3uwoq-6g3ya-2,ib_hw_counter,rdma_vf_rail1,out_of_sequence,0
2026-09-30T06:15:30.816Z,gpu-3uwoq-6g3ya-2,ib_hw_counter,rdma_vf_rail1,packet_seq_err,0
2026-09-30T06:15:30.816Z,gpu-3uwoq-6g3ya-2,ib_hw_counter,rdma_vf_rail1,local_ack_timeout_err,0
2026-09-30T06:15:30.816Z,gpu-3uwoq-6g3ya-2,ib_hw_counter,rdma_vf_rail1,rx_write_requests,7.05022e+08
2026-09-30T06:15:30.816Z,gpu-3uwoq-6g3ya-2,ib_hw_counter,rdma_vf_rail1,rx_read_requests,1.042e+07
2026-09-30T06:15:30.816Z,gpu-3uwoq-6g3ya-2,ib_hw_counter,rdma_vf_rail1,req_cqe_error,0
2026-09-30T06:15:30.816Z,gpu-3uwoq-6g3ya-2,ib_hw_counter,rdma_vf_rail1,resp_cqe_error,0
2026-09-30T06:15:30.816Z,gpu-3uwoq-6g3ya-2,ib_hw_counter,rdma_vf_rail1,implied_nak_seq_err,0
2026-09-30T06:15:30.816Z,gpu-3uwoq-6g3ya-2,ib_hw_counter,rdma_vf_rail1,duplicate_request,0
2026-09-30T06:15:30.816Z,gpu-3uwoq-6g3ya-2,ib_counter,rdma_vf_rail2,port_xmit_data,2.76181e+12
2026-09-30T06:15:30.816Z,gpu-3uwoq-6g3ya-2,ib_counter,rdma_vf_rail2,port_rcv_data,5.72057e+12
2026-09-30T06:15:30.816Z,gpu-3uwoq-6g3ya-2,ib_counter,rdma_vf_rail2,port_xmit_packets,9.4252e+08
2026-09-30T06:15:30.816Z,gpu-3uwoq-6g3ya-2,ib_counter,rdma_vf_rail2,port_rcv_packets,1.56133e+09
2026-09-30T06:15:30.816Z,gpu-3uwoq-6g3ya-2,ib_counter,rdma_vf_rail2,port_xmit_wait,0
2026-09-30T06:15:30.816Z,gpu-3uwoq-6g3ya-2,ib_counter,rdma_vf_rail2,port_rcv_errors,0
2026-09-30T06:15:30.816Z,gpu-3uwoq-6g3ya-2,ib_counter,rdma_vf_rail2,port_xmit_discards,0
2026-09-30T06:15:30.816Z,gpu-3uwoq-6g3ya-2,ib_counter,rdma_vf_rail2,link_downed,0
2026-09-30T06:15:30.816Z,gpu-3uwoq-6g3ya-2,ib_hw_counter,rdma_vf_rail2,out_of_sequence,0
2026-09-30T06:15:30.816Z,gpu-3uwoq-6g3ya-2,ib_hw_counter,rdma_vf_rail2,packet_seq_err,0
2026-09-30T06:15:30.816Z,gpu-3uwoq-6g3ya-2,ib_hw_counter,rdma_vf_rail2,local_ack_timeout_err,0
2026-09-30T06:15:30.816Z,gpu-3uwoq-6g3ya-2,ib_hw_counter,rdma_vf_rail2,rx_write_requests,7.05021e+08
2026-09-30T06:15:30.816Z,gpu-3uwoq-6g3ya-2,ib_hw_counter,rdma_vf_rail2,rx_read_requests,1.042e+07
2026-09-30T06:15:30.816Z,gpu-3uwoq-6g3ya-2,ib_hw_counter,rdma_vf_rail2,req_cqe_error,0
2026-09-30T06:15:30.816Z,gpu-3uwoq-6g3ya-2,ib_hw_counter,rdma_vf_rail2,resp_cqe_error,0
2026-09-30T06:15:30.816Z,gpu-3uwoq-6g3ya-2,ib_hw_counter,rdma_vf_rail2,implied_nak_seq_err,0
2026-09-30T06:15:30.816Z,gpu-3uwoq-6g3ya-2,ib_hw_counter,rdma_vf_rail2,duplicate_request,0
2026-09-30T06:15:30.816Z,gpu-3uwoq-6g3ya-2,ib_counter,rdma_vf_rail3,port_xmit_data,2.76167e+12
2026-09-30T06:15:30.816Z,gpu-3uwoq-6g3ya-2,ib_counter,rdma_vf_rail3,port_rcv_data,5.72118e+12
2026-09-30T06:15:30.816Z,gpu-3uwoq-6g3ya-2,ib_counter,rdma_vf_rail3,port_xmit_packets,9.40862e+08
2026-09-30T06:15:30.816Z,gpu-3uwoq-6g3ya-2,ib_counter,rdma_vf_rail3,port_rcv_packets,1.56875e+09
2026-09-30T06:15:30.816Z,gpu-3uwoq-6g3ya-2,ib_counter,rdma_vf_rail3,port_xmit_wait,0
2026-09-30T06:15:30.816Z,gpu-3uwoq-6g3ya-2,ib_counter,rdma_vf_rail3,port_rcv_errors,0
2026-09-30T06:15:30.816Z,gpu-3uwoq-6g3ya-2,ib_counter,rdma_vf_rail3,port_xmit_discards,0
2026-09-30T06:15:30.816Z,gpu-3uwoq-6g3ya-2,ib_counter,rdma_vf_rail3,link_downed,0
2026-09-30T06:15:30.816Z,gpu-3uwoq-6g3ya-2,ib_hw_counter,rdma_vf_rail3,out_of_sequence,0
2026-09-30T06:15:30.816Z,gpu-3uwoq-6g3ya-2,ib_hw_counter,rdma_vf_rail3,packet_seq_err,1
2026-09-30T06:15:30.816Z,gpu-3uwoq-6g3ya-2,ib_hw_counter,rdma_vf_rail3,local_ack_timeout_err,0
2026-09-30T06:15:30.816Z,gpu-3uwoq-6g3ya-2,ib_hw_counter,rdma_vf_rail3,rx_write_requests,7.05021e+08
2026-09-30T06:15:30.816Z,gpu-3uwoq-6g3ya-2,ib_hw_counter,rdma_vf_rail3,rx_read_requests,1.042e+07
2026-09-30T06:15:30.816Z,gpu-3uwoq-6g3ya-2,ib_hw_counter,rdma_vf_rail3,req_cqe_error,0
2026-09-30T06:15:30.816Z,gpu-3uwoq-6g3ya-2,ib_hw_counter,rdma_vf_rail3,resp_cqe_error,0
2026-09-30T06:15:30.816Z,gpu-3uwoq-6g3ya-2,ib_hw_counter,rdma_vf_rail3,implied_nak_seq_err,0
2026-09-30T06:15:30.816Z,gpu-3uwoq-6g3ya-2,ib_hw_counter,rdma_vf_rail3,duplicate_request,0
2026-09-30T06:15:30.816Z,gpu-3uwoq-6g3ya-2,dcgm,gpu2,gpu_util,0
2026-09-30T06:15:30.816Z,gpu-3uwoq-6g3ya-2,dcgm,gpu3,gpu_util,0
2026-09-30T06:15:30.816Z,gpu-3uwoq-6g3ya-2,dcgm,gpu1,gpu_util,0
2026-09-30T06:15:30.816Z,gpu-3uwoq-6g3ya-2,dcgm,gpu0,gpu_util,0
2026-09-30T06:15:30.816Z,gpu-3uwoq-6g3ya-2,dcgm,gpu2,nvlink_bandwidth_total,0
2026-09-30T06:15:30.816Z,gpu-3uwoq-6g3ya-2,dcgm,gpu3,nvlink_bandwidth_total,0
2026-09-30T06:15:30.816Z,gpu-3uwoq-6g3ya-2,dcgm,gpu1,nvlink_bandwidth_total,0
2026-09-30T06:15:30.816Z,gpu-3uwoq-6g3ya-2,dcgm,gpu0,nvlink_bandwidth_total,0
2026-09-30T06:15:30.816Z,gpu-3uwoq-6g3ya-2,dcgm,gpu2,power_w,231.327
2026-09-30T06:15:30.816Z,gpu-3uwoq-6g3ya-2,dcgm,gpu3,power_w,234.078
2026-09-30T06:15:30.816Z,gpu-3uwoq-6g3ya-2,dcgm,gpu1,power_w,229.995
2026-09-30T06:15:30.816Z,gpu-3uwoq-6g3ya-2,dcgm,gpu0,power_w,226.432
2026-09-30T06:15:30.816Z,gpu-3uwoq-6g3ya-2,dcgm,gpu2,sm_clock_mhz,2070
2026-09-30T06:15:30.816Z,gpu-3uwoq-6g3ya-2,dcgm,gpu3,sm_clock_mhz,2070
2026-09-30T06:15:30.816Z,gpu-3uwoq-6g3ya-2,dcgm,gpu1,sm_clock_mhz,2070
2026-09-30T06:15:30.816Z,gpu-3uwoq-6g3ya-2,dcgm,gpu0,sm_clock_mhz,2070
2026-09-30T06:15:30.816Z,gpu-3uwoq-6g3ya-2,dcgm,gpu2,dram_active,6e-06
2026-09-30T06:15:30.816Z,gpu-3uwoq-6g3ya-2,dcgm,gpu3,dram_active,6e-06
2026-09-30T06:15:30.816Z,gpu-3uwoq-6g3ya-2,dcgm,gpu1,dram_active,6e-06
2026-09-30T06:15:30.816Z,gpu-3uwoq-6g3ya-2,dcgm,gpu0,dram_active,6e-06
2026-09-30T06:15:30.816Z,gpu-3uwoq-6g3ya-2,dcgm,gpu2,pcie_rx_bytes,336980
2026-09-30T06:15:30.816Z,gpu-3uwoq-6g3ya-2,dcgm,gpu3,pcie_rx_bytes,328407
2026-09-30T06:15:30.816Z,gpu-3uwoq-6g3ya-2,dcgm,gpu1,pcie_rx_bytes,359867
2026-09-30T06:15:30.816Z,gpu-3uwoq-6g3ya-2,dcgm,gpu0,pcie_rx_bytes,361704
2026-09-30T06:15:30.816Z,gpu-3uwoq-6g3ya-2,dcgm,gpu2,pcie_tx_bytes,289363
2026-09-30T06:15:30.816Z,gpu-3uwoq-6g3ya-2,dcgm,gpu3,pcie_tx_bytes,280676
2026-09-30T06:15:30.816Z,gpu-3uwoq-6g3ya-2,dcgm,gpu1,pcie_tx_bytes,313256
2026-09-30T06:15:30.816Z,gpu-3uwoq-6g3ya-2,dcgm,gpu0,pcie_tx_bytes,314760
2026-09-30T06:15:30.816Z,gpu-3uwoq-6g3ya-2,dcgm,gpu2,tensor_active,0
2026-09-30T06:15:30.816Z,gpu-3uwoq-6g3ya-2,dcgm,gpu3,tensor_active,0
2026-09-30T06:15:30.816Z,gpu-3uwoq-6g3ya-2,dcgm,gpu1,tensor_active,0
2026-09-30T06:15:30.816Z,gpu-3uwoq-6g3ya-2,dcgm,gpu0,tensor_active,0
2026-09-30T06:15:30.816Z,gpu-3uwoq-6g3ya-2,dcgm,gpu2,sm_active,1e-06
2026-09-30T06:15:30.816Z,gpu-3uwoq-6g3ya-2,dcgm,gpu3,sm_active,1e-06
2026-09-30T06:15:30.816Z,gpu-3uwoq-6g3ya-2,dcgm,gpu1,sm_active,1e-06
2026-09-30T06:15:30.816Z,gpu-3uwoq-6g3ya-2,dcgm,gpu0,sm_active,1e-06
2026-09-30T06:15:30.816Z,gpu-3uwoq-6g3ya-2,nvlink,gpu0,nvlink_rx_bytes,4.66294e+13
2026-09-30T06:15:30.816Z,gpu-3uwoq-6g3ya-2,nvlink,gpu0,nvlink_tx_bytes,4.66299e+13
2026-09-30T06:15:30.816Z,gpu-3uwoq-6g3ya-2,nvlink,gpu1,nvlink_rx_bytes,4.66294e+13
2026-09-30T06:15:30.816Z,gpu-3uwoq-6g3ya-2,nvlink,gpu1,nvlink_tx_bytes,4.66297e+13
2026-09-30T06:15:30.816Z,gpu-3uwoq-6g3ya-2,nvlink,gpu2,nvlink_rx_bytes,4.66291e+13
2026-09-30T06:15:30.816Z,gpu-3uwoq-6g3ya-2,nvlink,gpu2,nvlink_tx_bytes,4.66294e+13
2026-09-30T06:15:30.816Z,gpu-3uwoq-6g3ya-2,nvlink,gpu3,nvlink_rx_bytes,4.66274e+13
2026-09-30T06:15:30.816Z,gpu-3uwoq-6g3ya-2,nvlink,gpu3,nvlink_tx_bytes,4.66275e+13
2026-09-30T06:15:31.816Z,gpu-3uwoq-6g3ya-2,ib_counter,rdma_vf_rail0,port_xmit_data,2.76329e+12
2026-09-30T06:15:31.816Z,gpu-3uwoq-6g3ya-2,ib_counter,rdma_vf_rail0,port_rcv_data,5.72235e+12
2026-09-30T06:15:31.816Z,gpu-3uwoq-6g3ya-2,ib_counter,rdma_vf_rail0,port_xmit_packets,9.5609e+08
2026-09-30T06:15:31.816Z,gpu-3uwoq-6g3ya-2,ib_counter,rdma_vf_rail0,port_rcv_packets,1.57821e+09
2026-09-30T06:15:31.816Z,gpu-3uwoq-6g3ya-2,ib_counter,rdma_vf_rail0,port_xmit_wait,0
2026-09-30T06:15:31.816Z,gpu-3uwoq-6g3ya-2,ib_counter,rdma_vf_rail0,port_rcv_errors,0
2026-09-30T06:15:31.816Z,gpu-3uwoq-6g3ya-2,ib_counter,rdma_vf_rail0,port_xmit_discards,0
2026-09-30T06:15:31.816Z,gpu-3uwoq-6g3ya-2,ib_counter,rdma_vf_rail0,link_downed,0
2026-09-30T06:15:31.816Z,gpu-3uwoq-6g3ya-2,ib_hw_counter,rdma_vf_rail0,out_of_sequence,0
2026-09-30T06:15:31.816Z,gpu-3uwoq-6g3ya-2,ib_hw_counter,rdma_vf_rail0,packet_seq_err,0
2026-09-30T06:15:31.816Z,gpu-3uwoq-6g3ya-2,ib_hw_counter,rdma_vf_rail0,local_ack_timeout_err,0
2026-09-30T06:15:31.816Z,gpu-3uwoq-6g3ya-2,ib_hw_counter,rdma_vf_rail0,rx_write_requests,7.05021e+08
2026-09-30T06:15:31.816Z,gpu-3uwoq-6g3ya-2,ib_hw_counter,rdma_vf_rail0,rx_read_requests,1.042e+07
2026-09-30T06:15:31.816Z,gpu-3uwoq-6g3ya-2,ib_hw_counter,rdma_vf_rail0,req_cqe_error,0
2026-09-30T06:15:31.816Z,gpu-3uwoq-6g3ya-2,ib_hw_counter,rdma_vf_rail0,resp_cqe_error,0
2026-09-30T06:15:31.816Z,gpu-3uwoq-6g3ya-2,ib_hw_counter,rdma_vf_rail0,implied_nak_seq_err,0
2026-09-30T06:15:31.816Z,gpu-3uwoq-6g3ya-2,ib_hw_counter,rdma_vf_rail0,duplicate_request,0
2026-09-30T06:15:31.816Z,gpu-3uwoq-6g3ya-2,ib_counter,rdma_vf_rail1,port_xmit_data,2.76263e+12
2026-09-30T06:15:31.816Z,gpu-3uwoq-6g3ya-2,ib_counter,rdma_vf_rail1,port_rcv_data,5.72189e+12
2026-09-30T06:15:31.816Z,gpu-3uwoq-6g3ya-2,ib_counter,rdma_vf_rail1,port_xmit_packets,9.52939e+08
2026-09-30T06:15:31.816Z,gpu-3uwoq-6g3ya-2,ib_counter,rdma_vf_rail1,port_rcv_packets,1.57742e+09
2026-09-30T06:15:31.816Z,gpu-3uwoq-6g3ya-2,ib_counter,rdma_vf_rail1,port_xmit_wait,0
2026-09-30T06:15:31.816Z,gpu-3uwoq-6g3ya-2,ib_counter,rdma_vf_rail1,port_rcv_errors,0
2026-09-30T06:15:31.816Z,gpu-3uwoq-6g3ya-2,ib_counter,rdma_vf_rail1,port_xmit_discards,0
2026-09-30T06:15:31.816Z,gpu-3uwoq-6g3ya-2,ib_counter,rdma_vf_rail1,link_downed,0
2026-09-30T06:15:31.816Z,gpu-3uwoq-6g3ya-2,ib_hw_counter,rdma_vf_rail1,out_of_sequence,0
2026-09-30T06:15:31.816Z,gpu-3uwoq-6g3ya-2,ib_hw_counter,rdma_vf_rail1,packet_seq_err,0
2026-09-30T06:15:31.816Z,gpu-3uwoq-6g3ya-2,ib_hw_counter,rdma_vf_rail1,local_ack_timeout_err,0
2026-09-30T06:15:31.816Z,gpu-3uwoq-6g3ya-2,ib_hw_counter,rdma_vf_rail1,rx_write_requests,7.05022e+08
2026-09-30T06:15:31.816Z,gpu-3uwoq-6g3ya-2,ib_hw_counter,rdma_vf_rail1,rx_read_requests,1.042e+07
2026-09-30T06:15:31.816Z,gpu-3uwoq-6g3ya-2,ib_hw_counter,rdma_vf_rail1,req_cqe_error,0
2026-09-30T06:15:31.816Z,gpu-3uwoq-6g3ya-2,ib_hw_counter,rdma_vf_rail1,resp_cqe_error,0
2026-09-30T06:15:31.816Z,gpu-3uwoq-6g3ya-2,ib_hw_counter,rdma_vf_rail1,implied_nak_seq_err,0
2026-09-30T06:15:31.816Z,gpu-3uwoq-6g3ya-2,ib_hw_counter,rdma_vf_rail1,duplicate_request,0
2026-09-30T06:15:31.816Z,gpu-3uwoq-6g3ya-2,ib_counter,rdma_vf_rail2,port_xmit_data,2.76181e+12
2026-09-30T06:15:31.816Z,gpu-3uwoq-6g3ya-2,ib_counter,rdma_vf_rail2,port_rcv_data,5.72057e+12
2026-09-30T06:15:31.816Z,gpu-3uwoq-6g3ya-2,ib_counter,rdma_vf_rail2,port_xmit_packets,9.4252e+08
2026-09-30T06:15:31.816Z,gpu-3uwoq-6g3ya-2,ib_counter,rdma_vf_rail2,port_rcv_packets,1.56133e+09
2026-09-30T06:15:31.816Z,gpu-3uwoq-6g3ya-2,ib_counter,rdma_vf_rail2,port_xmit_wait,0
2026-09-30T06:15:31.816Z,gpu-3uwoq-6g3ya-2,ib_counter,rdma_vf_rail2,port_rcv_errors,0
2026-09-30T06:15:31.816Z,gpu-3uwoq-6g3ya-2,ib_counter,rdma_vf_rail2,port_xmit_discards,0
2026-09-30T06:15:31.816Z,gpu-3uwoq-6g3ya-2,ib_counter,rdma_vf_rail2,link_downed,0
2026-09-30T06:15:31.816Z,gpu-3uwoq-6g3ya-2,ib_hw_counter,rdma_vf_rail2,out_of_sequence,0
2026-09-30T06:15:31.816Z,gpu-3uwoq-6g3ya-2,ib_hw_counter,rdma_vf_rail2,packet_seq_err,0
2026-09-30T06:15:31.816Z,gpu-3uwoq-6g3ya-2,ib_hw_counter,rdma_vf_rail2,local_ack_timeout_err,0
2026-09-30T06:15:31.816Z,gpu-3uwoq-6g3ya-2,ib_hw_counter,rdma_vf_rail2,rx_write_requests,7.05021e+08
2026-09-30T06:15:31.816Z,gpu-3uwoq-6g3ya-2,ib_hw_counter,rdma_vf_rail2,rx_read_requests,1.042e+07
2026-09-30T06:15:31.816Z,gpu-3uwoq-6g3ya-2,ib_hw_counter,rdma_vf_rail2,req_cqe_error,0
2026-09-30T06:15:31.816Z,gpu-3uwoq-6g3ya-2,ib_hw_counter,rdma_vf_rail2,resp_cqe_error,0
2026-09-30T06:15:31.816Z,gpu-3uwoq-6g3ya-2,ib_hw_counter,rdma_vf_rail2,implied_nak_seq_err,0
2026-09-30T06:15:31.816Z,gpu-3uwoq-6g3ya-2,ib_hw_counter,rdma_vf_rail2,duplicate_request,0
2026-09-30T06:15:31.816Z,gpu-3uwoq-6g3ya-2,ib_counter,rdma_vf_rail3,port_xmit_data,2.76167e+12
2026-09-30T06:15:31.816Z,gpu-3uwoq-6g3ya-2,ib_counter,rdma_vf_rail3,port_rcv_data,5.72118e+12
2026-09-30T06:15:31.816Z,gpu-3uwoq-6g3ya-2,ib_counter,rdma_vf_rail3,port_xmit_packets,9.40862e+08
2026-09-30T06:15:31.816Z,gpu-3uwoq-6g3ya-2,ib_counter,rdma_vf_rail3,port_rcv_packets,1.56875e+09
2026-09-30T06:15:31.816Z,gpu-3uwoq-6g3ya-2,ib_counter,rdma_vf_rail3,port_xmit_wait,0
2026-09-30T06:15:31.816Z,gpu-3uwoq-6g3ya-2,ib_counter,rdma_vf_rail3,port_rcv_errors,0
2026-09-30T06:15:31.816Z,gpu-3uwoq-6g3ya-2,ib_counter,rdma_vf_rail3,port_xmit_discards,0
2026-09-30T06:15:31.816Z,gpu-3uwoq-6g3ya-2,ib_counter,rdma_vf_rail3,link_downed,0
2026-09-30T06:15:31.816Z,gpu-3uwoq-6g3ya-2,ib_hw_counter,rdma_vf_rail3,out_of_sequence,0
2026-09-30T06:15:31.816Z,gpu-3uwoq-6g3ya-2,ib_hw_counter,rdma_vf_rail3,packet_seq_err,1
2026-09-30T06:15:31.816Z,gpu-3uwoq-6g3ya-2,ib_hw_counter,rdma_vf_rail3,local_ack_timeout_err,0
2026-09-30T06:15:31.816Z,gpu-3uwoq-6g3ya-2,ib_hw_counter,rdma_vf_rail3,rx_write_requests,7.05021e+08
2026-09-30T06:15:31.816Z,gpu-3uwoq-6g3ya-2,ib_hw_counter,rdma_vf_rail3,rx_read_requests,1.042e+07
2026-09-30T06:15:31.816Z,gpu-3uwoq-6g3ya-2,ib_hw_counter,rdma_vf_rail3,req_cqe_error,0
2026-09-30T06:15:31.816Z,gpu-3uwoq-6g3ya-2,ib_hw_counter,rdma_vf_rail3,resp_cqe_error,0
2026-09-30T06:15:31.816Z,gpu-3uwoq-6g3ya-2,ib_hw_counter,rdma_vf_rail3,implied_nak_seq_err,0
2026-09-30T06:15:31.816Z,gpu-3uwoq-6g3ya-2,ib_hw_counter,rdma_vf_rail3,duplicate_request,0
2026-09-30T06:15:31.816Z,gpu-3uwoq-6g3ya-2,dcgm,gpu2,gpu_util,0
2026-09-30T06:15:31.816Z,gpu-3uwoq-6g3ya-2,dcgm,gpu3,gpu_util,0
2026-09-30T06:15:31.816Z,gpu-3uwoq-6g3ya-2,dcgm,gpu1,gpu_util,0
2026-09-30T06:15:31.816Z,gpu-3uwoq-6g3ya-2,dcgm,gpu0,gpu_util,0
2026-09-30T06:15:31.816Z,gpu-3uwoq-6g3ya-2,dcgm,gpu2,nvlink_bandwidth_total,0
2026-09-30T06:15:31.816Z,gpu-3uwoq-6g3ya-2,dcgm,gpu3,nvlink_bandwidth_total,0
2026-09-30T06:15:31.816Z,gpu-3uwoq-6g3ya-2,dcgm,gpu1,nvlink_bandwidth_total,0
2026-09-30T06:15:31.816Z,gpu-3uwoq-6g3ya-2,dcgm,gpu0,nvlink_bandwidth_total,0
2026-09-30T06:15:31.816Z,gpu-3uwoq-6g3ya-2,dcgm,gpu2,power_w,231.327
2026-09-30T06:15:31.816Z,gpu-3uwoq-6g3ya-2,dcgm,gpu3,power_w,234.078
2026-09-30T06:15:31.816Z,gpu-3uwoq-6g3ya-2,dcgm,gpu1,power_w,229.995
2026-09-30T06:15:31.816Z,gpu-3uwoq-6g3ya-2,dcgm,gpu0,power_w,226.432
2026-09-30T06:15:31.816Z,gpu-3uwoq-6g3ya-2,dcgm,gpu2,sm_clock_mhz,2070
2026-09-30T06:15:31.816Z,gpu-3uwoq-6g3ya-2,dcgm,gpu3,sm_clock_mhz,2070
2026-09-30T06:15:31.816Z,gpu-3uwoq-6g3ya-2,dcgm,gpu1,sm_clock_mhz,2070
2026-09-30T06:15:31.816Z,gpu-3uwoq-6g3ya-2,dcgm,gpu0,sm_clock_mhz,2070
2026-09-30T06:15:31.816Z,gpu-3uwoq-6g3ya-2,dcgm,gpu2,dram_active,6e-06
2026-09-30T06:15:31.816Z,gpu-3uwoq-6g3ya-2,dcgm,gpu3,dram_active,6e-06
2026-09-30T06:15:31.816Z,gpu-3uwoq-6g3ya-2,dcgm,gpu1,dram_active,6e-06
2026-09-30T06:15:31.816Z,gpu-3uwoq-6g3ya-2,dcgm,gpu0,dram_active,6e-06
2026-09-30T06:15:31.816Z,gpu-3uwoq-6g3ya-2,dcgm,gpu2,pcie_rx_bytes,336980
2026-09-30T06:15:31.816Z,gpu-3uwoq-6g3ya-2,dcgm,gpu3,pcie_rx_bytes,328407
2026-09-30T06:15:31.816Z,gpu-3uwoq-6g3ya-2,dcgm,gpu1,pcie_rx_bytes,359867
2026-09-30T06:15:31.816Z,gpu-3uwoq-6g3ya-2,dcgm,gpu0,pcie_rx_bytes,361704
2026-09-30T06:15:31.816Z,gpu-3uwoq-6g3ya-2,dcgm,gpu2,pcie_tx_bytes,289363
2026-09-30T06:15:31.816Z,gpu-3uwoq-6g3ya-2,dcgm,gpu3,pcie_tx_bytes,280676
2026-09-30T06:15:31.816Z,gpu-3uwoq-6g3ya-2,dcgm,gpu1,pcie_tx_bytes,313256
2026-09-30T06:15:31.816Z,gpu-3uwoq-6g3ya-2,dcgm,gpu0,pcie_tx_bytes,314760
2026-09-30T06:15:31.816Z,gpu-3uwoq-6g3ya-2,dcgm,gpu2,tensor_active,0
2026-09-30T06:15:31.816Z,gpu-3uwoq-6g3ya-2,dcgm,gpu3,tensor_active,0
2026-09-30T06:15:31.816Z,gpu-3uwoq-6g3ya-2,dcgm,gpu1,tensor_active,0
2026-09-30T06:15:31.816Z,gpu-3uwoq-6g3ya-2,dcgm,gpu0,tensor_active,0
2026-09-30T06:15:31.816Z,gpu-3uwoq-6g3ya-2,dcgm,gpu2,sm_active,1e-06
2026-09-30T06:15:31.816Z,gpu-3uwoq-6g3ya-2,dcgm,gpu3,sm_active,1e-06
2026-09-30T06:15:31.816Z,gpu-3uwoq-6g3ya-2,dcgm,gpu1,sm_active,1e-06
2026-09-30T06:15:31.816Z,gpu-3uwoq-6g3ya-2,dcgm,gpu0,sm_active,1e-06
2026-09-30T06:15:31.816Z,gpu-3uwoq-6g3ya-2,nvlink,gpu0,nvlink_rx_bytes,4.66294e+13
2026-09-30T06:15:31.816Z,gpu-3uwoq-6g3ya-2,nvlink,gpu0,nvlink_tx_bytes,4.66299e+13
2026-09-30T06:15:31.816Z,gpu-3uwoq-6g3ya-2,nvlink,gpu1,nvlink_rx_bytes,4.66294e+13
2026-09-30T06:15:31.816Z,gpu-3uwoq-6g3ya-2,nvlink,gpu1,nvlink_tx_bytes,4.66297e+13
2026-09-30T06:15:31.816Z,gpu-3uwoq-6g3ya-2,nvlink,gpu2,nvlink_rx_bytes,4.66291e+13
2026-09-30T06:15:31.816Z,gpu-3uwoq-6g3ya-2,nvlink,gpu2,nvlink_tx_bytes,4.66294e+13
2026-09-30T06:15:31.816Z,gpu-3uwoq-6g3ya-2,nvlink,gpu3,nvlink_rx_bytes,4.66274e+13
2026-09-30T06:15:31.816Z,gpu-3uwoq-6g3ya-2,nvlink,gpu3,nvlink_tx_bytes,4.66275e+13
2026-09-30T06:15:32.816Z,gpu-3uwoq-6g3ya-2,ib_counter,rdma_vf_rail0,port_xmit_data,2.76329e+12
2026-09-30T06:15:32.816Z,gpu-3uwoq-6g3ya-2,ib_counter,rdma_vf_rail0,port_rcv_data,5.72235e+12
2026-09-30T06:15:32.816Z,gpu-3uwoq-6g3ya-2,ib_counter,rdma_vf_rail0,port_xmit_packets,9.5609e+08
2026-09-30T06:15:32.816Z,gpu-3uwoq-6g3ya-2,ib_counter,rdma_vf_rail0,port_rcv_packets,1.57821e+09
2026-09-30T06:15:32.816Z,gpu-3uwoq-6g3ya-2,ib_counter,rdma_vf_rail0,port_xmit_wait,0
2026-09-30T06:15:32.816Z,gpu-3uwoq-6g3ya-2,ib_counter,rdma_vf_rail0,port_rcv_errors,0
2026-09-30T06:15:32.816Z,gpu-3uwoq-6g3ya-2,ib_counter,rdma_vf_rail0,port_xmit_discards,0
2026-09-30T06:15:32.816Z,gpu-3uwoq-6g3ya-2,ib_counter,rdma_vf_rail0,link_downed,0
2026-09-30T06:15:32.816Z,gpu-3uwoq-6g3ya-2,ib_hw_counter,rdma_vf_rail0,out_of_sequence,0
2026-09-30T06:15:32.816Z,gpu-3uwoq-6g3ya-2,ib_hw_counter,rdma_vf_rail0,packet_seq_err,0
2026-09-30T06:15:32.816Z,gpu-3uwoq-6g3ya-2,ib_hw_counter,rdma_vf_rail0,local_ack_timeout_err,0
2026-09-30T06:15:32.816Z,gpu-3uwoq-6g3ya-2,ib_hw_counter,rdma_vf_rail0,rx_write_requests,7.05021e+08
2026-09-30T06:15:32.816Z,gpu-3uwoq-6g3ya-2,ib_hw_counter,rdma_vf_rail0,rx_read_requests,1.042e+07
2026-09-30T06:15:32.816Z,gpu-3uwoq-6g3ya-2,ib_hw_counter,rdma_vf_rail0,req_cqe_error,0
2026-09-30T06:15:32.816Z,gpu-3uwoq-6g3ya-2,ib_hw_counter,rdma_vf_rail0,resp_cqe_error,0
2026-09-30T06:15:32.816Z,gpu-3uwoq-6g3ya-2,ib_hw_counter,rdma_vf_rail0,implied_nak_seq_err,0
2026-09-30T06:15:32.816Z,gpu-3uwoq-6g3ya-2,ib_hw_counter,rdma_vf_rail0,duplicate_request,0
2026-09-30T06:15:32.816Z,gpu-3uwoq-6g3ya-2,ib_counter,rdma_vf_rail1,port_xmit_data,2.76263e+12
2026-09-30T06:15:32.816Z,gpu-3uwoq-6g3ya-2,ib_counter,rdma_vf_rail1,port_rcv_data,5.72189e+12
2026-09-30T06:15:32.816Z,gpu-3uwoq-6g3ya-2,ib_counter,rdma_vf_rail1,port_xmit_packets,9.52939e+08
2026-09-30T06:15:32.816Z,gpu-3uwoq-6g3ya-2,ib_counter,rdma_vf_rail1,port_rcv_packets,1.57742e+09
2026-09-30T06:15:32.816Z,gpu-3uwoq-6g3ya-2,ib_counter,rdma_vf_rail1,port_xmit_wait,0
2026-09-30T06:15:32.816Z,gpu-3uwoq-6g3ya-2,ib_counter,rdma_vf_rail1,port_rcv_errors,0
2026-09-30T06:15:32.816Z,gpu-3uwoq-6g3ya-2,ib_counter,rdma_vf_rail1,port_xmit_discards,0
2026-09-30T06:15:32.816Z,gpu-3uwoq-6g3ya-2,ib_counter,rdma_vf_rail1,link_downed,0
2026-09-30T06:15:32.816Z,gpu-3uwoq-6g3ya-2,ib_hw_counter,rdma_vf_rail1,out_of_sequence,0
2026-09-30T06:15:32.816Z,gpu-3uwoq-6g3ya-2,ib_hw_counter,rdma_vf_rail1,packet_seq_err,0
2026-09-30T06:15:32.816Z,gpu-3uwoq-6g3ya-2,ib_hw_counter,rdma_vf_rail1,local_ack_timeout_err,0
2026-09-30T06:15:32.816Z,gpu-3uwoq-6g3ya-2,ib_hw_counter,rdma_vf_rail1,rx_write_requests,7.05022e+08
2026-09-30T06:15:32.816Z,gpu-3uwoq-6g3ya-2,ib_hw_counter,rdma_vf_rail1,rx_read_requests,1.042e+07
2026-09-30T06:15:32.816Z,gpu-3uwoq-6g3ya-2,ib_hw_counter,rdma_vf_rail1,req_cqe_error,0
2026-09-30T06:15:32.816Z,gpu-3uwoq-6g3ya-2,ib_hw_counter,rdma_vf_rail1,resp_cqe_error,0
2026-09-30T06:15:32.816Z,gpu-3uwoq-6g3ya-2,ib_hw_counter,rdma_vf_rail1,implied_nak_seq_err,0
2026-09-30T06:15:32.816Z,gpu-3uwoq-6g3ya-2,ib_hw_counter,rdma_vf_rail1,duplicate_request,0
2026-09-30T06:15:32.816Z,gpu-3uwoq-6g3ya-2,ib_counter,rdma_vf_rail2,port_xmit_data,2.76181e+12
2026-09-30T06:15:32.816Z,gpu-3uwoq-6g3ya-2,ib_counter,rdma_vf_rail2,port_rcv_data,5.72057e+12
2026-09-30T06:15:32.816Z,gpu-3uwoq-6g3ya-2,ib_counter,rdma_vf_rail2,port_xmit_packets,9.4252e+08
2026-09-30T06:15:32.816Z,gpu-3uwoq-6g3ya-2,ib_counter,rdma_vf_rail2,port_rcv_packets,1.56133e+09
2026-09-30T06:15:32.816Z,gpu-3uwoq-6g3ya-2,ib_counter,rdma_vf_rail2,port_xmit_wait,0
2026-09-30T06:15:32.816Z,gpu-3uwoq-6g3ya-2,ib_counter,rdma_vf_rail2,port_rcv_errors,0
2026-09-30T06:15:32.816Z,gpu-3uwoq-6g3ya-2,ib_counter,rdma_vf_rail2,port_xmit_discards,0
2026-09-30T06:15:32.816Z,gpu-3uwoq-6g3ya-2,ib_counter,rdma_vf_rail2,link_downed,0
2026-09-30T06:15:32.816Z,gpu-3uwoq-6g3ya-2,ib_hw_counter,rdma_vf_rail2,out_of_sequence,0
2026-09-30T06:15:32.816Z,gpu-3uwoq-6g3ya-2,ib_hw_counter,rdma_vf_rail2,packet_seq_err,0
2026-09-30T06:15:32.816Z,gpu-3uwoq-6g3ya-2,ib_hw_counter,rdma_vf_rail2,local_ack_timeout_err,0
2026-09-30T06:15:32.816Z,gpu-3uwoq-6g3ya-2,ib_hw_counter,rdma_vf_rail2,rx_write_requests,7.05021e+08
2026-09-30T06:15:32.816Z,gpu-3uwoq-6g3ya-2,ib_hw_counter,rdma_vf_rail2,rx_read_requests,1.042e+07
2026-09-30T06:15:32.816Z,gpu-3uwoq-6g3ya-2,ib_hw_counter,rdma_vf_rail2,req_cqe_error,0
2026-09-30T06:15:32.816Z,gpu-3uwoq-6g3ya-2,ib_hw_counter,rdma_vf_rail2,resp_cqe_error,0
2026-09-30T06:15:32.816Z,gpu-3uwoq-6g3ya-2,ib_hw_counter,rdma_vf_rail2,implied_nak_seq_err,0
2026-09-30T06:15:32.816Z,gpu-3uwoq-6g3ya-2,ib_hw_counter,rdma_vf_rail2,duplicate_request,0
2026-09-30T06:15:32.816Z,gpu-3uwoq-6g3ya-2,ib_counter,rdma_vf_rail3,port_xmit_data,2.76167e+12
2026-09-30T06:15:32.816Z,gpu-3uwoq-6g3ya-2,ib_counter,rdma_vf_rail3,port_rcv_data,5.72118e+12
2026-09-30T06:15:32.816Z,gpu-3uwoq-6g3ya-2,ib_counter,rdma_vf_rail3,port_xmit_packets,9.40862e+08
2026-09-30T06:15:32.816Z,gpu-3uwoq-6g3ya-2,ib_counter,rdma_vf_rail3,port_rcv_packets,1.56875e+09
2026-09-30T06:15:32.816Z,gpu-3uwoq-6g3ya-2,ib_counter,rdma_vf_rail3,port_xmit_wait,0
2026-09-30T06:15:32.816Z,gpu-3uwoq-6g3ya-2,ib_counter,rdma_vf_rail3,port_rcv_errors,0
2026-09-30T06:15:32.816Z,gpu-3uwoq-6g3ya-2,ib_counter,rdma_vf_rail3,port_xmit_discards,0
2026-09-30T06:15:32.816Z,gpu-3uwoq-6g3ya-2,ib_counter,rdma_vf_rail3,link_downed,0
2026-09-30T06:15:32.816Z,gpu-3uwoq-6g3ya-2,ib_hw_counter,rdma_vf_rail3,out_of_sequence,0
2026-09-30T06:15:32.816Z,gpu-3uwoq-6g3ya-2,ib_hw_counter,rdma_vf_rail3,packet_seq_err,1
2026-09-30T06:15:32.816Z,gpu-3uwoq-6g3ya-2,ib_hw_counter,rdma_vf_rail3,local_ack_timeout_err,0
2026-09-30T06:15:32.816Z,gpu-3uwoq-6g3ya-2,ib_hw_counter,rdma_vf_rail3,rx_write_requests,7.05021e+08
2026-09-30T06:15:32.816Z,gpu-3uwoq-6g3ya-2,ib_hw_counter,rdma_vf_rail3,rx_read_requests,1.042e+07
2026-09-30T06:15:32.816Z,gpu-3uwoq-6g3ya-2,ib_hw_counter,rdma_vf_rail3,req_cqe_error,0
2026-09-30T06:15:32.816Z,gpu-3uwoq-6g3ya-2,ib_hw_counter,rdma_vf_rail3,resp_cqe_error,0
2026-09-30T06:15:32.816Z,gpu-3uwoq-6g3ya-2,ib_hw_counter,rdma_vf_rail3,implied_nak_seq_err,0
2026-09-30T06:15:32.816Z,gpu-3uwoq-6g3ya-2,ib_hw_counter,rdma_vf_rail3,duplicate_request,0
2026-09-30T06:15:32.816Z,gpu-3uwoq-6g3ya-2,dcgm,gpu2,gpu_util,0
2026-09-30T06:15:32.816Z,gpu-3uwoq-6g3ya-2,dcgm,gpu3,gpu_util,0
2026-09-30T06:15:32.816Z,gpu-3uwoq-6g3ya-2,dcgm,gpu1,gpu_util,0
2026-09-30T06:15:32.816Z,gpu-3uwoq-6g3ya-2,dcgm,gpu0,gpu_util,0
2026-09-30T06:15:32.816Z,gpu-3uwoq-6g3ya-2,dcgm,gpu2,nvlink_bandwidth_total,0
2026-09-30T06:15:32.816Z,gpu-3uwoq-6g3ya-2,dcgm,gpu3,nvlink_bandwidth_total,0
2026-09-30T06:15:32.816Z,gpu-3uwoq-6g3ya-2,dcgm,gpu1,nvlink_bandwidth_total,0
2026-09-30T06:15:32.816Z,gpu-3uwoq-6g3ya-2,dcgm,gpu0,nvlink_bandwidth_total,0
2026-09-30T06:15:32.816Z,gpu-3uwoq-6g3ya-2,dcgm,gpu2,power_w,231.327
2026-09-30T06:15:32.816Z,gpu-3uwoq-6g3ya-2,dcgm,gpu3,power_w,234.078
2026-09-30T06:15:32.816Z,gpu-3uwoq-6g3ya-2,dcgm,gpu1,power_w,229.995
2026-09-30T06:15:32.816Z,gpu-3uwoq-6g3ya-2,dcgm,gpu0,power_w,226.432
2026-09-30T06:15:32.816Z,gpu-3uwoq-6g3ya-2,dcgm,gpu2,sm_clock_mhz,2070
2026-09-30T06:15:32.816Z,gpu-3uwoq-6g3ya-2,dcgm,gpu3,sm_clock_mhz,2070
2026-09-30T06:15:32.816Z,gpu-3uwoq-6g3ya-2,dcgm,gpu1,sm_clock_mhz,2070
2026-09-30T06:15:32.816Z,gpu-3uwoq-6g3ya-2,dcgm,gpu0,sm_clock_mhz,2070
2026-09-30T06:15:32.816Z,gpu-3uwoq-6g3ya-2,dcgm,gpu2,dram_active,6e-06
2026-09-30T06:15:32.816Z,gpu-3uwoq-6g3ya-2,dcgm,gpu3,dram_active,6e-06
2026-09-30T06:15:32.816Z,gpu-3uwoq-6g3ya-2,dcgm,gpu1,dram_active,6e-06
2026-09-30T06:15:32.816Z,gpu-3uwoq-6g3ya-2,dcgm,gpu0,dram_active,6e-06
2026-09-30T06:15:32.816Z,gpu-3uwoq-6g3ya-2,dcgm,gpu2,pcie_rx_bytes,336980
2026-09-30T06:15:32.816Z,gpu-3uwoq-6g3ya-2,dcgm,gpu3,pcie_rx_bytes,328407
2026-09-30T06:15:32.816Z,gpu-3uwoq-6g3ya-2,dcgm,gpu1,pcie_rx_bytes,359867
2026-09-30T06:15:32.816Z,gpu-3uwoq-6g3ya-2,dcgm,gpu0,pcie_rx_bytes,361704
2026-09-30T06:15:32.816Z,gpu-3uwoq-6g3ya-2,dcgm,gpu2,pcie_tx_bytes,289363
2026-09-30T06:15:32.816Z,gpu-3uwoq-6g3ya-2,dcgm,gpu3,pcie_tx_bytes,280676
2026-09-30T06:15:32.816Z,gpu-3uwoq-6g3ya-2,dcgm,gpu1,pcie_tx_bytes,313256
2026-09-30T06:15:32.816Z,gpu-3uwoq-6g3ya-2,dcgm,gpu0,pcie_tx_bytes,314760
2026-09-30T06:15:32.816Z,gpu-3uwoq-6g3ya-2,dcgm,gpu2,tensor_active,0
2026-09-30T06:15:32.816Z,gpu-3uwoq-6g3ya-2,dcgm,gpu3,tensor_active,0
2026-09-30T06:15:32.816Z,gpu-3uwoq-6g3ya-2,dcgm,gpu1,tensor_active,0
2026-09-30T06:15:32.816Z,gpu-3uwoq-6g3ya-2,dcgm,gpu0,tensor_active,0
2026-09-30T06:15:32.816Z,gpu-3uwoq-6g3ya-2,dcgm,gpu2,sm_active,1e-06
2026-09-30T06:15:32.816Z,gpu-3uwoq-6g3ya-2,dcgm,gpu3,sm_active,1e-06
2026-09-30T06:15:32.816Z,gpu-3uwoq-6g3ya-2,dcgm,gpu1,sm_active,1e-06
2026-09-30T06:15:32.816Z,gpu-3uwoq-6g3ya-2,dcgm,gpu0,sm_active,1e-06
2026-09-30T06:15:32.816Z,gpu-3uwoq-6g3ya-2,nvlink,gpu0,nvlink_rx_bytes,4.66294e+13
2026-09-30T06:15:32.816Z,gpu-3uwoq-6g3ya-2,nvlink,gpu0,nvlink_tx_bytes,4.66299e+13
2026-09-30T06:15:32.816Z,gpu-3uwoq-6g3ya-2,nvlink,gpu1,nvlink_rx_bytes,4.66294e+13
2026-09-30T06:15:32.816Z,gpu-3uwoq-6g3ya-2,nvlink,gpu1,nvlink_tx_bytes,4.66297e+13
2026-09-30T06:15:32.816Z,gpu-3uwoq-6g3ya-2,nvlink,gpu2,nvlink_rx_bytes,4.66291e+13
2026-09-30T06:15:32.816Z,gpu-3uwoq-6g3ya-2,nvlink,gpu2,nvlink_tx_bytes,4.66294e+13
2026-09-30T06:15:32.816Z,gpu-3uwoq-6g3ya-2,nvlink,gpu3,nvlink_rx_bytes,4.66274e+13
2026-09-30T06:15:32.816Z,gpu-3uwoq-6g3ya-2,nvlink,gpu3,nvlink_tx_bytes,4.66275e+13
2026-09-30T06:15:33.816Z,gpu-3uwoq-6g3ya-2,ib_counter,rdma_vf_rail0,port_xmit_data,2.76329e+12
2026-09-30T06:15:33.816Z,gpu-3uwoq-6g3ya-2,ib_counter,rdma_vf_rail0,port_rcv_data,5.72235e+12
2026-09-30T06:15:33.816Z,gpu-3uwoq-6g3ya-2,ib_counter,rdma_vf_rail0,port_xmit_packets,9.5609e+08
2026-09-30T06:15:33.816Z,gpu-3uwoq-6g3ya-2,ib_counter,rdma_vf_rail0,port_rcv_packets,1.57821e+09
2026-09-30T06:15:33.816Z,gpu-3uwoq-6g3ya-2,ib_counter,rdma_vf_rail0,port_xmit_wait,0
2026-09-30T06:15:33.816Z,gpu-3uwoq-6g3ya-2,ib_counter,rdma_vf_rail0,port_rcv_errors,0
2026-09-30T06:15:33.816Z,gpu-3uwoq-6g3ya-2,ib_counter,rdma_vf_rail0,port_xmit_discards,0
2026-09-30T06:15:33.816Z,gpu-3uwoq-6g3ya-2,ib_counter,rdma_vf_rail0,link_downed,0
2026-09-30T06:15:33.816Z,gpu-3uwoq-6g3ya-2,ib_hw_counter,rdma_vf_rail0,out_of_sequence,0
2026-09-30T06:15:33.816Z,gpu-3uwoq-6g3ya-2,ib_hw_counter,rdma_vf_rail0,packet_seq_err,0
2026-09-30T06:15:33.816Z,gpu-3uwoq-6g3ya-2,ib_hw_counter,rdma_vf_rail0,local_ack_timeout_err,0
2026-09-30T06:15:33.816Z,gpu-3uwoq-6g3ya-2,ib_hw_counter,rdma_vf_rail0,rx_write_requests,7.05021e+08
2026-09-30T06:15:33.816Z,gpu-3uwoq-6g3ya-2,ib_hw_counter,rdma_vf_rail0,rx_read_requests,1.042e+07
2026-09-30T06:15:33.816Z,gpu-3uwoq-6g3ya-2,ib_hw_counter,rdma_vf_rail0,req_cqe_error,0
2026-09-30T06:15:33.816Z,gpu-3uwoq-6g3ya-2,ib_hw_counter,rdma_vf_rail0,resp_cqe_error,0
2026-09-30T06:15:33.816Z,gpu-3uwoq-6g3ya-2,ib_hw_counter,rdma_vf_rail0,implied_nak_seq_err,0
2026-09-30T06:15:33.816Z,gpu-3uwoq-6g3ya-2,ib_hw_counter,rdma_vf_rail0,duplicate_request,0
2026-09-30T06:15:33.816Z,gpu-3uwoq-6g3ya-2,ib_counter,rdma_vf_rail1,port_xmit_data,2.76263e+12
2026-09-30T06:15:33.816Z,gpu-3uwoq-6g3ya-2,ib_counter,rdma_vf_rail1,port_rcv_data,5.72189e+12
2026-09-30T06:15:33.816Z,gpu-3uwoq-6g3ya-2,ib_counter,rdma_vf_rail1,port_xmit_packets,9.52939e+08
2026-09-30T06:15:33.816Z,gpu-3uwoq-6g3ya-2,ib_counter,rdma_vf_rail1,port_rcv_packets,1.57742e+09
2026-09-30T06:15:33.816Z,gpu-3uwoq-6g3ya-2,ib_counter,rdma_vf_rail1,port_xmit_wait,0
2026-09-30T06:15:33.816Z,gpu-3uwoq-6g3ya-2,ib_counter,rdma_vf_rail1,port_rcv_errors,0
2026-09-30T06:15:33.816Z,gpu-3uwoq-6g3ya-2,ib_counter,rdma_vf_rail1,port_xmit_discards,0
2026-09-30T06:15:33.816Z,gpu-3uwoq-6g3ya-2,ib_counter,rdma_vf_rail1,link_downed,0
2026-09-30T06:15:33.816Z,gpu-3uwoq-6g3ya-2,ib_hw_counter,rdma_vf_rail1,out_of_sequence,0
2026-09-30T06:15:33.816Z,gpu-3uwoq-6g3ya-2,ib_hw_counter,rdma_vf_rail1,packet_seq_err,0
2026-09-30T06:15:33.816Z,gpu-3uwoq-6g3ya-2,ib_hw_counter,rdma_vf_rail1,local_ack_timeout_err,0
2026-09-30T06:15:33.816Z,gpu-3uwoq-6g3ya-2,ib_hw_counter,rdma_vf_rail1,rx_write_requests,7.05022e+08
2026-09-30T06:15:33.816Z,gpu-3uwoq-6g3ya-2,ib_hw_counter,rdma_vf_rail1,rx_read_requests,1.042e+07
2026-09-30T06:15:33.816Z,gpu-3uwoq-6g3ya-2,ib_hw_counter,rdma_vf_rail1,req_cqe_error,0
2026-09-30T06:15:33.816Z,gpu-3uwoq-6g3ya-2,ib_hw_counter,rdma_vf_rail1,resp_cqe_error,0
2026-09-30T06:15:33.816Z,gpu-3uwoq-6g3ya-2,ib_hw_counter,rdma_vf_rail1,implied_nak_seq_err,0
2026-09-30T06:15:33.816Z,gpu-3uwoq-6g3ya-2,ib_hw_counter,rdma_vf_rail1,duplicate_request,0
2026-09-30T06:15:33.816Z,gpu-3uwoq-6g3ya-2,ib_counter,rdma_vf_rail2,port_xmit_data,2.76181e+12
2026-09-30T06:15:33.816Z,gpu-3uwoq-6g3ya-2,ib_counter,rdma_vf_rail2,port_rcv_data,5.72057e+12
2026-09-30T06:15:33.816Z,gpu-3uwoq-6g3ya-2,ib_counter,rdma_vf_rail2,port_xmit_packets,9.4252e+08
2026-09-30T06:15:33.816Z,gpu-3uwoq-6g3ya-2,ib_counter,rdma_vf_rail2,port_rcv_packets,1.56133e+09
2026-09-30T06:15:33.816Z,gpu-3uwoq-6g3ya-2,ib_counter,rdma_vf_rail2,port_xmit_wait,0
2026-09-30T06:15:33.816Z,gpu-3uwoq-6g3ya-2,ib_counter,rdma_vf_rail2,port_rcv_errors,0
2026-09-30T06:15:33.816Z,gpu-3uwoq-6g3ya-2,ib_counter,rdma_vf_rail2,port_xmit_discards,0
2026-09-30T06:15:33.816Z,gpu-3uwoq-6g3ya-2,ib_counter,rdma_vf_rail2,link_downed,0
2026-09-30T06:15:33.816Z,gpu-3uwoq-6g3ya-2,ib_hw_counter,rdma_vf_rail2,out_of_sequence,0
2026-09-30T06:15:33.816Z,gpu-3uwoq-6g3ya-2,ib_hw_counter,rdma_vf_rail2,packet_seq_err,0
2026-09-30T06:15:33.816Z,gpu-3uwoq-6g3ya-2,ib_hw_counter,rdma_vf_rail2,local_ack_timeout_err,0
2026-09-30T06:15:33.816Z,gpu-3uwoq-6g3ya-2,ib_hw_counter,rdma_vf_rail2,rx_write_requests,7.05021e+08
2026-09-30T06:15:33.816Z,gpu-3uwoq-6g3ya-2,ib_hw_counter,rdma_vf_rail2,rx_read_requests,1.042e+07
2026-09-30T06:15:33.816Z,gpu-3uwoq-6g3ya-2,ib_hw_counter,rdma_vf_rail2,req_cqe_error,0
2026-09-30T06:15:33.816Z,gpu-3uwoq-6g3ya-2,ib_hw_counter,rdma_vf_rail2,resp_cqe_error,0
2026-09-30T06:15:33.816Z,gpu-3uwoq-6g3ya-2,ib_hw_counter,rdma_vf_rail2,implied_nak_seq_err,0
2026-09-30T06:15:33.816Z,gpu-3uwoq-6g3ya-2,ib_hw_counter,rdma_vf_rail2,duplicate_request,0
2026-09-30T06:15:33.816Z,gpu-3uwoq-6g3ya-2,ib_counter,rdma_vf_rail3,port_xmit_data,2.76167e+12
2026-09-30T06:15:33.816Z,gpu-3uwoq-6g3ya-2,ib_counter,rdma_vf_rail3,port_rcv_data,5.72118e+12
2026-09-30T06:15:33.816Z,gpu-3uwoq-6g3ya-2,ib_counter,rdma_vf_rail3,port_xmit_packets,9.40862e+08
2026-09-30T06:15:33.816Z,gpu-3uwoq-6g3ya-2,ib_counter,rdma_vf_rail3,port_rcv_packets,1.56875e+09
2026-09-30T06:15:33.816Z,gpu-3uwoq-6g3ya-2,ib_counter,rdma_vf_rail3,port_xmit_wait,0
2026-09-30T06:15:33.816Z,gpu-3uwoq-6g3ya-2,ib_counter,rdma_vf_rail3,port_rcv_errors,0
2026-09-30T06:15:33.816Z,gpu-3uwoq-6g3ya-2,ib_counter,rdma_vf_rail3,port_xmit_discards,0
2026-09-30T06:15:33.816Z,gpu-3uwoq-6g3ya-2,ib_counter,rdma_vf_rail3,link_downed,0
2026-09-30T06:15:33.816Z,gpu-3uwoq-6g3ya-2,ib_hw_counter,rdma_vf_rail3,out_of_sequence,0
2026-09-30T06:15:33.816Z,gpu-3uwoq-6g3ya-2,ib_hw_counter,rdma_vf_rail3,packet_seq_err,1
2026-09-30T06:15:33.816Z,gpu-3uwoq-6g3ya-2,ib_hw_counter,rdma_vf_rail3,local_ack_timeout_err,0
2026-09-30T06:15:33.816Z,gpu-3uwoq-6g3ya-2,ib_hw_counter,rdma_vf_rail3,rx_write_requests,7.05021e+08
2026-09-30T06:15:33.816Z,gpu-3uwoq-6g3ya-2,ib_hw_counter,rdma_vf_rail3,rx_read_requests,1.042e+07
2026-09-30T06:15:33.816Z,gpu-3uwoq-6g3ya-2,ib_hw_counter,rdma_vf_rail3,req_cqe_error,0
2026-09-30T06:15:33.816Z,gpu-3uwoq-6g3ya-2,ib_hw_counter,rdma_vf_rail3,resp_cqe_error,0
2026-09-30T06:15:33.816Z,gpu-3uwoq-6g3ya-2,ib_hw_counter,rdma_vf_rail3,implied_nak_seq_err,0
2026-09-30T06:15:33.816Z,gpu-3uwoq-6g3ya-2,ib_hw_counter,rdma_vf_rail3,duplicate_request,0
2026-09-30T06:15:33.816Z,gpu-3uwoq-6g3ya-2,dcgm,gpu2,gpu_util,0
2026-09-30T06:15:33.816Z,gpu-3uwoq-6g3ya-2,dcgm,gpu3,gpu_util,0
2026-09-30T06:15:33.816Z,gpu-3uwoq-6g3ya-2,dcgm,gpu1,gpu_util,0
2026-09-30T06:15:33.816Z,gpu-3uwoq-6g3ya-2,dcgm,gpu0,gpu_util,0
2026-09-30T06:15:33.816Z,gpu-3uwoq-6g3ya-2,dcgm,gpu2,nvlink_bandwidth_total,0
2026-09-30T06:15:33.816Z,gpu-3uwoq-6g3ya-2,dcgm,gpu3,nvlink_bandwidth_total,0
2026-09-30T06:15:33.816Z,gpu-3uwoq-6g3ya-2,dcgm,gpu1,nvlink_bandwidth_total,0
2026-09-30T06:15:33.816Z,gpu-3uwoq-6g3ya-2,dcgm,gpu0,nvlink_bandwidth_total,0
2026-09-30T06:15:33.816Z,gpu-3uwoq-6g3ya-2,dcgm,gpu2,power_w,231.327
2026-09-30T06:15:33.816Z,gpu-3uwoq-6g3ya-2,dcgm,gpu3,power_w,234.078
2026-09-30T06:15:33.816Z,gpu-3uwoq-6g3ya-2,dcgm,gpu1,power_w,229.995
2026-09-30T06:15:33.816Z,gpu-3uwoq-6g3ya-2,dcgm,gpu0,power_w,226.432
2026-09-30T06:15:33.816Z,gpu-3uwoq-6g3ya-2,dcgm,gpu2,sm_clock_mhz,2070
2026-09-30T06:15:33.816Z,gpu-3uwoq-6g3ya-2,dcgm,gpu3,sm_clock_mhz,2070
2026-09-30T06:15:33.816Z,gpu-3uwoq-6g3ya-2,dcgm,gpu1,sm_clock_mhz,2070
2026-09-30T06:15:33.816Z,gpu-3uwoq-6g3ya-2,dcgm,gpu0,sm_clock_mhz,2070
2026-09-30T06:15:33.816Z,gpu-3uwoq-6g3ya-2,dcgm,gpu2,dram_active,6e-06
2026-09-30T06:15:33.816Z,gpu-3uwoq-6g3ya-2,dcgm,gpu3,dram_active,6e-06
2026-09-30T06:15:33.816Z,gpu-3uwoq-6g3ya-2,dcgm,gpu1,dram_active,6e-06
2026-09-30T06:15:33.816Z,gpu-3uwoq-6g3ya-2,dcgm,gpu0,dram_active,6e-06
2026-09-30T06:15:33.816Z,gpu-3uwoq-6g3ya-2,dcgm,gpu2,pcie_rx_bytes,336980
2026-09-30T06:15:33.816Z,gpu-3uwoq-6g3ya-2,dcgm,gpu3,pcie_rx_bytes,328407
2026-09-30T06:15:33.816Z,gpu-3uwoq-6g3ya-2,dcgm,gpu1,pcie_rx_bytes,359867
2026-09-30T06:15:33.816Z,gpu-3uwoq-6g3ya-2,dcgm,gpu0,pcie_rx_bytes,361704
2026-09-30T06:15:33.816Z,gpu-3uwoq-6g3ya-2,dcgm,gpu2,pcie_tx_bytes,289363
2026-09-30T06:15:33.816Z,gpu-3uwoq-6g3ya-2,dcgm,gpu3,pcie_tx_bytes,280676
2026-09-30T06:15:33.816Z,gpu-3uwoq-6g3ya-2,dcgm,gpu1,pcie_tx_bytes,313256
2026-09-30T06:15:33.816Z,gpu-3uwoq-6g3ya-2,dcgm,gpu0,pcie_tx_bytes,314760
2026-09-30T06:15:33.816Z,gpu-3uwoq-6g3ya-2,dcgm,gpu2,tensor_active,0
2026-09-30T06:15:33.816Z,gpu-3uwoq-6g3ya-2,dcgm,gpu3,tensor_active,0
2026-09-30T06:15:33.816Z,gpu-3uwoq-6g3ya-2,dcgm,gpu1,tensor_active,0
2026-09-30T06:15:33.816Z,gpu-3uwoq-6g3ya-2,dcgm,gpu0,tensor_active,0
2026-09-30T06:15:33.816Z,gpu-3uwoq-6g3ya-2,dcgm,gpu2,sm_active,1e-06
2026-09-30T06:15:33.816Z,gpu-3uwoq-6g3ya-2,dcgm,gpu3,sm_active,1e-06
2026-09-30T06:15:33.816Z,gpu-3uwoq-6g3ya-2,dcgm,gpu1,sm_active,1e-06
2026-09-30T06:15:33.816Z,gpu-3uwoq-6g3ya-2,dcgm,gpu0,sm_active,1e-06
2026-09-30T06:15:33.816Z,gpu-3uwoq-6g3ya-2,nvlink,gpu0,nvlink_rx_bytes,4.66294e+13
2026-09-30T06:15:33.816Z,gpu-3uwoq-6g3ya-2,nvlink,gpu0,nvlink_tx_bytes,4.66299e+13
2026-09-30T06:15:33.816Z,gpu-3uwoq-6g3ya-2,nvlink,gpu1,nvlink_rx_bytes,4.66294e+13
2026-09-30T06:15:33.816Z,gpu-3uwoq-6g3ya-2,nvlink,gpu1,nvlink_tx_bytes,4.66297e+13
2026-09-30T06:15:33.816Z,gpu-3uwoq-6g3ya-2,nvlink,gpu2,nvlink_rx_bytes,4.66291e+13
2026-09-30T06:15:33.816Z,gpu-3uwoq-6g3ya-2,nvlink,gpu2,nvlink_tx_bytes,4.66294e+13
2026-09-30T06:15:33.816Z,gpu-3uwoq-6g3ya-2,nvlink,gpu3,nvlink_rx_bytes,4.66274e+13
2026-09-30T06:15:33.816Z,gpu-3uwoq-6g3ya-2,nvlink,gpu3,nvlink_tx_bytes,4.66275e+13
2026-09-30T06:15:34.816Z,gpu-3uwoq-6g3ya-2,ib_counter,rdma_vf_rail0,port_xmit_data,2.76329e+12
2026-09-30T06:15:34.816Z,gpu-3uwoq-6g3ya-2,ib_counter,rdma_vf_rail0,port_rcv_data,5.72235e+12
2026-09-30T06:15:34.816Z,gpu-3uwoq-6g3ya-2,ib_counter,rdma_vf_rail0,port_xmit_packets,9.5609e+08
2026-09-30T06:15:34.816Z,gpu-3uwoq-6g3ya-2,ib_counter,rdma_vf_rail0,port_rcv_packets,1.57821e+09
2026-09-30T06:15:34.816Z,gpu-3uwoq-6g3ya-2,ib_counter,rdma_vf_rail0,port_xmit_wait,0
2026-09-30T06:15:34.816Z,gpu-3uwoq-6g3ya-2,ib_counter,rdma_vf_rail0,port_rcv_errors,0
2026-09-30T06:15:34.816Z,gpu-3uwoq-6g3ya-2,ib_counter,rdma_vf_rail0,port_xmit_discards,0
2026-09-30T06:15:34.816Z,gpu-3uwoq-6g3ya-2,ib_counter,rdma_vf_rail0,link_downed,0
2026-09-30T06:15:34.816Z,gpu-3uwoq-6g3ya-2,ib_hw_counter,rdma_vf_rail0,out_of_sequence,0
2026-09-30T06:15:34.816Z,gpu-3uwoq-6g3ya-2,ib_hw_counter,rdma_vf_rail0,packet_seq_err,0
2026-09-30T06:15:34.816Z,gpu-3uwoq-6g3ya-2,ib_hw_counter,rdma_vf_rail0,local_ack_timeout_err,0
2026-09-30T06:15:34.816Z,gpu-3uwoq-6g3ya-2,ib_hw_counter,rdma_vf_rail0,rx_write_requests,7.05021e+08
2026-09-30T06:15:34.816Z,gpu-3uwoq-6g3ya-2,ib_hw_counter,rdma_vf_rail0,rx_read_requests,1.042e+07
2026-09-30T06:15:34.816Z,gpu-3uwoq-6g3ya-2,ib_hw_counter,rdma_vf_rail0,req_cqe_error,0
2026-09-30T06:15:34.816Z,gpu-3uwoq-6g3ya-2,ib_hw_counter,rdma_vf_rail0,resp_cqe_error,0
2026-09-30T06:15:34.816Z,gpu-3uwoq-6g3ya-2,ib_hw_counter,rdma_vf_rail0,implied_nak_seq_err,0
2026-09-30T06:15:34.816Z,gpu-3uwoq-6g3ya-2,ib_hw_counter,rdma_vf_rail0,duplicate_request,0
2026-09-30T06:15:34.816Z,gpu-3uwoq-6g3ya-2,ib_counter,rdma_vf_rail1,port_xmit_data,2.76263e+12
2026-09-30T06:15:34.816Z,gpu-3uwoq-6g3ya-2,ib_counter,rdma_vf_rail1,port_rcv_data,5.72189e+12
2026-09-30T06:15:34.816Z,gpu-3uwoq-6g3ya-2,ib_counter,rdma_vf_rail1,port_xmit_packets,9.52939e+08
2026-09-30T06:15:34.816Z,gpu-3uwoq-6g3ya-2,ib_counter,rdma_vf_rail1,port_rcv_packets,1.57742e+09
2026-09-30T06:15:34.816Z,gpu-3uwoq-6g3ya-2,ib_counter,rdma_vf_rail1,port_xmit_wait,0
2026-09-30T06:15:34.816Z,gpu-3uwoq-6g3ya-2,ib_counter,rdma_vf_rail1,port_rcv_errors,0
2026-09-30T06:15:34.816Z,gpu-3uwoq-6g3ya-2,ib_counter,rdma_vf_rail1,port_xmit_discards,0
2026-09-30T06:15:34.816Z,gpu-3uwoq-6g3ya-2,ib_counter,rdma_vf_rail1,link_downed,0
2026-09-30T06:15:34.816Z,gpu-3uwoq-6g3ya-2,ib_hw_counter,rdma_vf_rail1,out_of_sequence,0
2026-09-30T06:15:34.816Z,gpu-3uwoq-6g3ya-2,ib_hw_counter,rdma_vf_rail1,packet_seq_err,0
2026-09-30T06:15:34.816Z,gpu-3uwoq-6g3ya-2,ib_hw_counter,rdma_vf_rail1,local_ack_timeout_err,0
2026-09-30T06:15:34.816Z,gpu-3uwoq-6g3ya-2,ib_hw_counter,rdma_vf_rail1,rx_write_requests,7.05022e+08
2026-09-30T06:15:34.816Z,gpu-3uwoq-6g3ya-2,ib_hw_counter,rdma_vf_rail1,rx_read_requests,1.042e+07
2026-09-30T06:15:34.816Z,gpu-3uwoq-6g3ya-2,ib_hw_counter,rdma_vf_rail1,req_cqe_error,0
2026-09-30T06:15:34.816Z,gpu-3uwoq-6g3ya-2,ib_hw_counter,rdma_vf_rail1,resp_cqe_error,0
2026-09-30T06:15:34.816Z,gpu-3uwoq-6g3ya-2,ib_hw_counter,rdma_vf_rail1,implied_nak_seq_err,0
2026-09-30T06:15:34.816Z,gpu-3uwoq-6g3ya-2,ib_hw_counter,rdma_vf_rail1,duplicate_request,0
2026-09-30T06:15:34.816Z,gpu-3uwoq-6g3ya-2,ib_counter,rdma_vf_rail2,port_xmit_data,2.76181e+12
2026-09-30T06:15:34.816Z,gpu-3uwoq-6g3ya-2,ib_counter,rdma_vf_rail2,port_rcv_data,5.72057e+12
2026-09-30T06:15:34.816Z,gpu-3uwoq-6g3ya-2,ib_counter,rdma_vf_rail2,port_xmit_packets,9.4252e+08
2026-09-30T06:15:34.816Z,gpu-3uwoq-6g3ya-2,ib_counter,rdma_vf_rail2,port_rcv_packets,1.56133e+09
2026-09-30T06:15:34.816Z,gpu-3uwoq-6g3ya-2,ib_counter,rdma_vf_rail2,port_xmit_wait,0
2026-09-30T06:15:34.816Z,gpu-3uwoq-6g3ya-2,ib_counter,rdma_vf_rail2,port_rcv_errors,0
2026-09-30T06:15:34.816Z,gpu-3uwoq-6g3ya-2,ib_counter,rdma_vf_rail2,port_xmit_discards,0
2026-09-30T06:15:34.816Z,gpu-3uwoq-6g3ya-2,ib_counter,rdma_vf_rail2,link_downed,0
2026-09-30T06:15:34.816Z,gpu-3uwoq-6g3ya-2,ib_hw_counter,rdma_vf_rail2,out_of_sequence,0
2026-09-30T06:15:34.816Z,gpu-3uwoq-6g3ya-2,ib_hw_counter,rdma_vf_rail2,packet_seq_err,0
2026-09-30T06:15:34.816Z,gpu-3uwoq-6g3ya-2,ib_hw_counter,rdma_vf_rail2,local_ack_timeout_err,0
2026-09-30T06:15:34.816Z,gpu-3uwoq-6g3ya-2,ib_hw_counter,rdma_vf_rail2,rx_write_requests,7.05021e+08
2026-09-30T06:15:34.816Z,gpu-3uwoq-6g3ya-2,ib_hw_counter,rdma_vf_rail2,rx_read_requests,1.042e+07
2026-09-30T06:15:34.816Z,gpu-3uwoq-6g3ya-2,ib_hw_counter,rdma_vf_rail2,req_cqe_error,0
2026-09-30T06:15:34.816Z,gpu-3uwoq-6g3ya-2,ib_hw_counter,rdma_vf_rail2,resp_cqe_error,0
2026-09-30T06:15:34.816Z,gpu-3uwoq-6g3ya-2,ib_hw_counter,rdma_vf_rail2,implied_nak_seq_err,0
2026-09-30T06:15:34.816Z,gpu-3uwoq-6g3ya-2,ib_hw_counter,rdma_vf_rail2,duplicate_request,0
2026-09-30T06:15:34.816Z,gpu-3uwoq-6g3ya-2,ib_counter,rdma_vf_rail3,port_xmit_data,2.76167e+12
2026-09-30T06:15:34.816Z,gpu-3uwoq-6g3ya-2,ib_counter,rdma_vf_rail3,port_rcv_data,5.72118e+12
2026-09-30T06:15:34.816Z,gpu-3uwoq-6g3ya-2,ib_counter,rdma_vf_rail3,port_xmit_packets,9.40862e+08
2026-09-30T06:15:34.816Z,gpu-3uwoq-6g3ya-2,ib_counter,rdma_vf_rail3,port_rcv_packets,1.56875e+09
2026-09-30T06:15:34.816Z,gpu-3uwoq-6g3ya-2,ib_counter,rdma_vf_rail3,port_xmit_wait,0
2026-09-30T06:15:34.816Z,gpu-3uwoq-6g3ya-2,ib_counter,rdma_vf_rail3,port_rcv_errors,0
2026-09-30T06:15:34.816Z,gpu-3uwoq-6g3ya-2,ib_counter,rdma_vf_rail3,port_xmit_discards,0
2026-09-30T06:15:34.816Z,gpu-3uwoq-6g3ya-2,ib_counter,rdma_vf_rail3,link_downed,0
2026-09-30T06:15:34.816Z,gpu-3uwoq-6g3ya-2,ib_hw_counter,rdma_vf_rail3,out_of_sequence,0
2026-09-30T06:15:34.816Z,gpu-3uwoq-6g3ya-2,ib_hw_counter,rdma_vf_rail3,packet_seq_err,1
2026-09-30T06:15:34.816Z,gpu-3uwoq-6g3ya-2,ib_hw_counter,rdma_vf_rail3,local_ack_timeout_err,0
2026-09-30T06:15:34.816Z,gpu-3uwoq-6g3ya-2,ib_hw_counter,rdma_vf_rail3,rx_write_requests,7.05021e+08
2026-09-30T06:15:34.816Z,gpu-3uwoq-6g3ya-2,ib_hw_counter,rdma_vf_rail3,rx_read_requests,1.042e+07
2026-09-30T06:15:34.816Z,gpu-3uwoq-6g3ya-2,ib_hw_counter,rdma_vf_rail3,req_cqe_error,0
2026-09-30T06:15:34.816Z,gpu-3uwoq-6g3ya-2,ib_hw_counter,rdma_vf_rail3,resp_cqe_error,0
2026-09-30T06:15:34.816Z,gpu-3uwoq-6g3ya-2,ib_hw_counter,rdma_vf_rail3,implied_nak_seq_err,0
2026-09-30T06:15:34.816Z,gpu-3uwoq-6g3ya-2,ib_hw_counter,rdma_vf_rail3,duplicate_request,0
2026-09-30T06:15:34.816Z,gpu-3uwoq-6g3ya-2,dcgm,gpu2,gpu_util,0
2026-09-30T06:15:34.816Z,gpu-3uwoq-6g3ya-2,dcgm,gpu3,gpu_util,0
2026-09-30T06:15:34.816Z,gpu-3uwoq-6g3ya-2,dcgm,gpu1,gpu_util,0
2026-09-30T06:15:34.816Z,gpu-3uwoq-6g3ya-2,dcgm,gpu0,gpu_util,0
2026-09-30T06:15:34.816Z,gpu-3uwoq-6g3ya-2,dcgm,gpu2,nvlink_bandwidth_total,0
2026-09-30T06:15:34.816Z,gpu-3uwoq-6g3ya-2,dcgm,gpu3,nvlink_bandwidth_total,0
2026-09-30T06:15:34.816Z,gpu-3uwoq-6g3ya-2,dcgm,gpu1,nvlink_bandwidth_total,0
2026-09-30T06:15:34.816Z,gpu-3uwoq-6g3ya-2,dcgm,gpu0,nvlink_bandwidth_total,0
2026-09-30T06:15:34.816Z,gpu-3uwoq-6g3ya-2,dcgm,gpu2,power_w,231.327
2026-09-30T06:15:34.816Z,gpu-3uwoq-6g3ya-2,dcgm,gpu3,power_w,234.078
2026-09-30T06:15:34.816Z,gpu-3uwoq-6g3ya-2,dcgm,gpu1,power_w,229.995
2026-09-30T06:15:34.816Z,gpu-3uwoq-6g3ya-2,dcgm,gpu0,power_w,226.432
2026-09-30T06:15:34.816Z,gpu-3uwoq-6g3ya-2,dcgm,gpu2,sm_clock_mhz,2070
2026-09-30T06:15:34.816Z,gpu-3uwoq-6g3ya-2,dcgm,gpu3,sm_clock_mhz,2070
2026-09-30T06:15:34.816Z,gpu-3uwoq-6g3ya-2,dcgm,gpu1,sm_clock_mhz,2070
2026-09-30T06:15:34.816Z,gpu-3uwoq-6g3ya-2,dcgm,gpu0,sm_clock_mhz,2070
2026-09-30T06:15:34.816Z,gpu-3uwoq-6g3ya-2,dcgm,gpu2,dram_active,6e-06
2026-09-30T06:15:34.816Z,gpu-3uwoq-6g3ya-2,dcgm,gpu3,dram_active,6e-06
2026-09-30T06:15:34.816Z,gpu-3uwoq-6g3ya-2,dcgm,gpu1,dram_active,6e-06
2026-09-30T06:15:34.816Z,gpu-3uwoq-6g3ya-2,dcgm,gpu0,dram_active,6e-06
2026-09-30T06:15:34.816Z,gpu-3uwoq-6g3ya-2,dcgm,gpu2,pcie_rx_bytes,336980
2026-09-30T06:15:34.816Z,gpu-3uwoq-6g3ya-2,dcgm,gpu3,pcie_rx_bytes,328407
2026-09-30T06:15:34.816Z,gpu-3uwoq-6g3ya-2,dcgm,gpu1,pcie_rx_bytes,359867
2026-09-30T06:15:34.816Z,gpu-3uwoq-6g3ya-2,dcgm,gpu0,pcie_rx_bytes,361704
2026-09-30T06:15:34.816Z,gpu-3uwoq-6g3ya-2,dcgm,gpu2,pcie_tx_bytes,289363
2026-09-30T06:15:34.816Z,gpu-3uwoq-6g3ya-2,dcgm,gpu3,pcie_tx_bytes,280676
2026-09-30T06:15:34.816Z,gpu-3uwoq-6g3ya-2,dcgm,gpu1,pcie_tx_bytes,313256
2026-09-30T06:15:34.816Z,gpu-3uwoq-6g3ya-2,dcgm,gpu0,pcie_tx_bytes,314760
2026-09-30T06:15:34.816Z,gpu-3uwoq-6g3ya-2,dcgm,gpu2,tensor_active,0
2026-09-30T06:15:34.816Z,gpu-3uwoq-6g3ya-2,dcgm,gpu3,tensor_active,0
2026-09-30T06:15:34.816Z,gpu-3uwoq-6g3ya-2,dcgm,gpu1,tensor_active,0
2026-09-30T06:15:34.816Z,gpu-3uwoq-6g3ya-2,dcgm,gpu0,tensor_active,0
2026-09-30T06:15:34.816Z,gpu-3uwoq-6g3ya-2,dcgm,gpu2,sm_active,1e-06
2026-09-30T06:15:34.816Z,gpu-3uwoq-6g3ya-2,dcgm,gpu3,sm_active,1e-06
2026-09-30T06:15:34.816Z,gpu-3uwoq-6g3ya-2,dcgm,gpu1,sm_active,1e-06
2026-09-30T06:15:34.816Z,gpu-3uwoq-6g3ya-2,dcgm,gpu0,sm_active,1e-06
2026-09-30T06:15:34.816Z,gpu-3uwoq-6g3ya-2,nvlink,gpu0,nvlink_rx_bytes,4.66294e+13
2026-09-30T06:15:34.816Z,gpu-3uwoq-6g3ya-2,nvlink,gpu0,nvlink_tx_bytes,4.66299e+13
2026-09-30T06:15:34.816Z,gpu-3uwoq-6g3ya-2,nvlink,gpu1,nvlink_rx_bytes,4.66294e+13
2026-09-30T06:15:34.816Z,gpu-3uwoq-6g3ya-2,nvlink,gpu1,nvlink_tx_bytes,4.66297e+13
2026-09-30T06:15:34.816Z,gpu-3uwoq-6g3ya-2,nvlink,gpu2,nvlink_rx_bytes,4.66291e+13
2026-09-30T06:15:34.816Z,gpu-3uwoq-6g3ya-2,nvlink,gpu2,nvlink_tx_bytes,4.66294e+13
2026-09-30T06:15:34.816Z,gpu-3uwoq-6g3ya-2,nvlink,gpu3,nvlink_rx_bytes,4.66274e+13
2026-09-30T06:15:34.816Z,gpu-3uwoq-6g3ya-2,nvlink,gpu3,nvlink_tx_bytes,4.66275e+13
2026-09-30T06:15:35.816Z,gpu-3uwoq-6g3ya-2,ib_counter,rdma_vf_rail0,port_xmit_data,2.76329e+12
2026-09-30T06:15:35.816Z,gpu-3uwoq-6g3ya-2,ib_counter,rdma_vf_rail0,port_rcv_data,5.72235e+12
2026-09-30T06:15:35.816Z,gpu-3uwoq-6g3ya-2,ib_counter,rdma_vf_rail0,port_xmit_packets,9.5609e+08
2026-09-30T06:15:35.816Z,gpu-3uwoq-6g3ya-2,ib_counter,rdma_vf_rail0,port_rcv_packets,1.57821e+09
2026-09-30T06:15:35.816Z,gpu-3uwoq-6g3ya-2,ib_counter,rdma_vf_rail0,port_xmit_wait,0
2026-09-30T06:15:35.816Z,gpu-3uwoq-6g3ya-2,ib_counter,rdma_vf_rail0,port_rcv_errors,0
2026-09-30T06:15:35.816Z,gpu-3uwoq-6g3ya-2,ib_counter,rdma_vf_rail0,port_xmit_discards,0
2026-09-30T06:15:35.816Z,gpu-3uwoq-6g3ya-2,ib_counter,rdma_vf_rail0,link_downed,0
2026-09-30T06:15:35.816Z,gpu-3uwoq-6g3ya-2,ib_hw_counter,rdma_vf_rail0,out_of_sequence,0
2026-09-30T06:15:35.816Z,gpu-3uwoq-6g3ya-2,ib_hw_counter,rdma_vf_rail0,packet_seq_err,0
2026-09-30T06:15:35.816Z,gpu-3uwoq-6g3ya-2,ib_hw_counter,rdma_vf_rail0,local_ack_timeout_err,0
2026-09-30T06:15:35.816Z,gpu-3uwoq-6g3ya-2,ib_hw_counter,rdma_vf_rail0,rx_write_requests,7.05021e+08
2026-09-30T06:15:35.816Z,gpu-3uwoq-6g3ya-2,ib_hw_counter,rdma_vf_rail0,rx_read_requests,1.042e+07
2026-09-30T06:15:35.816Z,gpu-3uwoq-6g3ya-2,ib_hw_counter,rdma_vf_rail0,req_cqe_error,0
2026-09-30T06:15:35.816Z,gpu-3uwoq-6g3ya-2,ib_hw_counter,rdma_vf_rail0,resp_cqe_error,0
2026-09-30T06:15:35.816Z,gpu-3uwoq-6g3ya-2,ib_hw_counter,rdma_vf_rail0,implied_nak_seq_err,0
2026-09-30T06:15:35.816Z,gpu-3uwoq-6g3ya-2,ib_hw_counter,rdma_vf_rail0,duplicate_request,0
2026-09-30T06:15:35.816Z,gpu-3uwoq-6g3ya-2,ib_counter,rdma_vf_rail1,port_xmit_data,2.76263e+12
2026-09-30T06:15:35.816Z,gpu-3uwoq-6g3ya-2,ib_counter,rdma_vf_rail1,port_rcv_data,5.72189e+12
2026-09-30T06:15:35.816Z,gpu-3uwoq-6g3ya-2,ib_counter,rdma_vf_rail1,port_xmit_packets,9.52939e+08
2026-09-30T06:15:35.816Z,gpu-3uwoq-6g3ya-2,ib_counter,rdma_vf_rail1,port_rcv_packets,1.57742e+09
2026-09-30T06:15:35.816Z,gpu-3uwoq-6g3ya-2,ib_counter,rdma_vf_rail1,port_xmit_wait,0
2026-09-30T06:15:35.816Z,gpu-3uwoq-6g3ya-2,ib_counter,rdma_vf_rail1,port_rcv_errors,0
2026-09-30T06:15:35.816Z,gpu-3uwoq-6g3ya-2,ib_counter,rdma_vf_rail1,port_xmit_discards,0
2026-09-30T06:15:35.816Z,gpu-3uwoq-6g3ya-2,ib_counter,rdma_vf_rail1,link_downed,0
2026-09-30T06:15:35.816Z,gpu-3uwoq-6g3ya-2,ib_hw_counter,rdma_vf_rail1,out_of_sequence,0
2026-09-30T06:15:35.816Z,gpu-3uwoq-6g3ya-2,ib_hw_counter,rdma_vf_rail1,packet_seq_err,0
2026-09-30T06:15:35.816Z,gpu-3uwoq-6g3ya-2,ib_hw_counter,rdma_vf_rail1,local_ack_timeout_err,0
2026-09-30T06:15:35.816Z,gpu-3uwoq-6g3ya-2,ib_hw_counter,rdma_vf_rail1,rx_write_requests,7.05022e+08
2026-09-30T06:15:35.816Z,gpu-3uwoq-6g3ya-2,ib_hw_counter,rdma_vf_rail1,rx_read_requests,1.042e+07
2026-09-30T06:15:35.816Z,gpu-3uwoq-6g3ya-2,ib_hw_counter,rdma_vf_rail1,req_cqe_error,0
2026-09-30T06:15:35.816Z,gpu-3uwoq-6g3ya-2,ib_hw_counter,rdma_vf_rail1,resp_cqe_error,0
2026-09-30T06:15:35.816Z,gpu-3uwoq-6g3ya-2,ib_hw_counter,rdma_vf_rail1,implied_nak_seq_err,0
2026-09-30T06:15:35.816Z,gpu-3uwoq-6g3ya-2,ib_hw_counter,rdma_vf_rail1,duplicate_request,0
2026-09-30T06:15:35.816Z,gpu-3uwoq-6g3ya-2,ib_counter,rdma_vf_rail2,port_xmit_data,2.76181e+12
2026-09-30T06:15:35.816Z,gpu-3uwoq-6g3ya-2,ib_counter,rdma_vf_rail2,port_rcv_data,5.72057e+12
2026-09-30T06:15:35.816Z,gpu-3uwoq-6g3ya-2,ib_counter,rdma_vf_rail2,port_xmit_packets,9.4252e+08
2026-09-30T06:15:35.816Z,gpu-3uwoq-6g3ya-2,ib_counter,rdma_vf_rail2,port_rcv_packets,1.56133e+09
2026-09-30T06:15:35.816Z,gpu-3uwoq-6g3ya-2,ib_counter,rdma_vf_rail2,port_xmit_wait,0
2026-09-30T06:15:35.816Z,gpu-3uwoq-6g3ya-2,ib_counter,rdma_vf_rail2,port_rcv_errors,0
2026-09-30T06:15:35.816Z,gpu-3uwoq-6g3ya-2,ib_counter,rdma_vf_rail2,port_xmit_discards,0
2026-09-30T06:15:35.816Z,gpu-3uwoq-6g3ya-2,ib_counter,rdma_vf_rail2,link_downed,0
2026-09-30T06:15:35.816Z,gpu-3uwoq-6g3ya-2,ib_hw_counter,rdma_vf_rail2,out_of_sequence,0
2026-09-30T06:15:35.816Z,gpu-3uwoq-6g3ya-2,ib_hw_counter,rdma_vf_rail2,packet_seq_err,0
2026-09-30T06:15:35.816Z,gpu-3uwoq-6g3ya-2,ib_hw_counter,rdma_vf_rail2,local_ack_timeout_err,0
2026-09-30T06:15:35.816Z,gpu-3uwoq-6g3ya-2,ib_hw_counter,rdma_vf_rail2,rx_write_requests,7.05021e+08
2026-09-30T06:15:35.816Z,gpu-3uwoq-6g3ya-2,ib_hw_counter,rdma_vf_rail2,rx_read_requests,1.042e+07
2026-09-30T06:15:35.816Z,gpu-3uwoq-6g3ya-2,ib_hw_counter,rdma_vf_rail2,req_cqe_error,0
2026-09-30T06:15:35.816Z,gpu-3uwoq-6g3ya-2,ib_hw_counter,rdma_vf_rail2,resp_cqe_error,0
2026-09-30T06:15:35.816Z,gpu-3uwoq-6g3ya-2,ib_hw_counter,rdma_vf_rail2,implied_nak_seq_err,0
2026-09-30T06:15:35.816Z,gpu-3uwoq-6g3ya-2,ib_hw_counter,rdma_vf_rail2,duplicate_request,0
2026-09-30T06:15:35.816Z,gpu-3uwoq-6g3ya-2,ib_counter,rdma_vf_rail3,port_xmit_data,2.76167e+12
2026-09-30T06:15:35.816Z,gpu-3uwoq-6g3ya-2,ib_counter,rdma_vf_rail3,port_rcv_data,5.72118e+12
2026-09-30T06:15:35.816Z,gpu-3uwoq-6g3ya-2,ib_counter,rdma_vf_rail3,port_xmit_packets,9.40862e+08
2026-09-30T06:15:35.816Z,gpu-3uwoq-6g3ya-2,ib_counter,rdma_vf_rail3,port_rcv_packets,1.56875e+09
2026-09-30T06:15:35.816Z,gpu-3uwoq-6g3ya-2,ib_counter,rdma_vf_rail3,port_xmit_wait,0
2026-09-30T06:15:35.816Z,gpu-3uwoq-6g3ya-2,ib_counter,rdma_vf_rail3,port_rcv_errors,0
2026-09-30T06:15:35.816Z,gpu-3uwoq-6g3ya-2,ib_counter,rdma_vf_rail3,port_xmit_discards,0
2026-09-30T06:15:35.816Z,gpu-3uwoq-6g3ya-2,ib_counter,rdma_vf_rail3,link_downed,0
2026-09-30T06:15:35.816Z,gpu-3uwoq-6g3ya-2,ib_hw_counter,rdma_vf_rail3,out_of_sequence,0
2026-09-30T06:15:35.816Z,gpu-3uwoq-6g3ya-2,ib_hw_counter,rdma_vf_rail3,packet_seq_err,1
2026-09-30T06:15:35.816Z,gpu-3uwoq-6g3ya-2,ib_hw_counter,rdma_vf_rail3,local_ack_timeout_err,0
2026-09-30T06:15:35.816Z,gpu-3uwoq-6g3ya-2,ib_hw_counter,rdma_vf_rail3,rx_write_requests,7.05021e+08
2026-09-30T06:15:35.816Z,gpu-3uwoq-6g3ya-2,ib_hw_counter,rdma_vf_rail3,rx_read_requests,1.042e+07
2026-09-30T06:15:35.816Z,gpu-3uwoq-6g3ya-2,ib_hw_counter,rdma_vf_rail3,req_cqe_error,0
2026-09-30T06:15:35.816Z,gpu-3uwoq-6g3ya-2,ib_hw_counter,rdma_vf_rail3,resp_cqe_error,0
2026-09-30T06:15:35.816Z,gpu-3uwoq-6g3ya-2,ib_hw_counter,rdma_vf_rail3,implied_nak_seq_err,0
2026-09-30T06:15:35.816Z,gpu-3uwoq-6g3ya-2,ib_hw_counter,rdma_vf_rail3,duplicate_request,0
2026-09-30T06:15:35.816Z,gpu-3uwoq-6g3ya-2,dcgm,gpu2,gpu_util,0
2026-09-30T06:15:35.816Z,gpu-3uwoq-6g3ya-2,dcgm,gpu3,gpu_util,0
2026-09-30T06:15:35.816Z,gpu-3uwoq-6g3ya-2,dcgm,gpu1,gpu_util,0
2026-09-30T06:15:35.816Z,gpu-3uwoq-6g3ya-2,dcgm,gpu0,gpu_util,0
2026-09-30T06:15:35.816Z,gpu-3uwoq-6g3ya-2,dcgm,gpu2,nvlink_bandwidth_total,0
2026-09-30T06:15:35.816Z,gpu-3uwoq-6g3ya-2,dcgm,gpu3,nvlink_bandwidth_total,0
2026-09-30T06:15:35.816Z,gpu-3uwoq-6g3ya-2,dcgm,gpu1,nvlink_bandwidth_total,0
2026-09-30T06:15:35.816Z,gpu-3uwoq-6g3ya-2,dcgm,gpu0,nvlink_bandwidth_total,0
2026-09-30T06:15:35.816Z,gpu-3uwoq-6g3ya-2,dcgm,gpu2,power_w,231.327
2026-09-30T06:15:35.816Z,gpu-3uwoq-6g3ya-2,dcgm,gpu3,power_w,234.078
2026-09-30T06:15:35.816Z,gpu-3uwoq-6g3ya-2,dcgm,gpu1,power_w,229.995
2026-09-30T06:15:35.816Z,gpu-3uwoq-6g3ya-2,dcgm,gpu0,power_w,226.432
2026-09-30T06:15:35.816Z,gpu-3uwoq-6g3ya-2,dcgm,gpu2,sm_clock_mhz,2070
2026-09-30T06:15:35.816Z,gpu-3uwoq-6g3ya-2,dcgm,gpu3,sm_clock_mhz,2070
2026-09-30T06:15:35.816Z,gpu-3uwoq-6g3ya-2,dcgm,gpu1,sm_clock_mhz,2070
2026-09-30T06:15:35.816Z,gpu-3uwoq-6g3ya-2,dcgm,gpu0,sm_clock_mhz,2070
2026-09-30T06:15:35.816Z,gpu-3uwoq-6g3ya-2,dcgm,gpu2,dram_active,6e-06
2026-09-30T06:15:35.816Z,gpu-3uwoq-6g3ya-2,dcgm,gpu3,dram_active,6e-06
2026-09-30T06:15:35.816Z,gpu-3uwoq-6g3ya-2,dcgm,gpu1,dram_active,6e-06
2026-09-30T06:15:35.816Z,gpu-3uwoq-6g3ya-2,dcgm,gpu0,dram_active,6e-06
2026-09-30T06:15:35.816Z,gpu-3uwoq-6g3ya-2,dcgm,gpu2,pcie_rx_bytes,336980
2026-09-30T06:15:35.816Z,gpu-3uwoq-6g3ya-2,dcgm,gpu3,pcie_rx_bytes,328407
2026-09-30T06:15:35.816Z,gpu-3uwoq-6g3ya-2,dcgm,gpu1,pcie_rx_bytes,359867
2026-09-30T06:15:35.816Z,gpu-3uwoq-6g3ya-2,dcgm,gpu0,pcie_rx_bytes,361704
2026-09-30T06:15:35.816Z,gpu-3uwoq-6g3ya-2,dcgm,gpu2,pcie_tx_bytes,289363
2026-09-30T06:15:35.816Z,gpu-3uwoq-6g3ya-2,dcgm,gpu3,pcie_tx_bytes,280676
2026-09-30T06:15:35.816Z,gpu-3uwoq-6g3ya-2,dcgm,gpu1,pcie_tx_bytes,313256
2026-09-30T06:15:35.816Z,gpu-3uwoq-6g3ya-2,dcgm,gpu0,pcie_tx_bytes,314760
2026-09-30T06:15:35.816Z,gpu-3uwoq-6g3ya-2,dcgm,gpu2,tensor_active,0
2026-09-30T06:15:35.816Z,gpu-3uwoq-6g3ya-2,dcgm,gpu3,tensor_active,0
2026-09-30T06:15:35.816Z,gpu-3uwoq-6g3ya-2,dcgm,gpu1,tensor_active,0
2026-09-30T06:15:35.816Z,gpu-3uwoq-6g3ya-2,dcgm,gpu0,tensor_active,0
2026-09-30T06:15:35.816Z,gpu-3uwoq-6g3ya-2,dcgm,gpu2,sm_active,1e-06
2026-09-30T06:15:35.816Z,gpu-3uwoq-6g3ya-2,dcgm,gpu3,sm_active,1e-06
2026-09-30T06:15:35.816Z,gpu-3uwoq-6g3ya-2,dcgm,gpu1,sm_active,1e-06
2026-09-30T06:15:35.816Z,gpu-3uwoq-6g3ya-2,dcgm,gpu0,sm_active,1e-06
2026-09-30T06:15:35.816Z,gpu-3uwoq-6g3ya-2,nvlink,gpu0,nvlink_rx_bytes,4.66294e+13
2026-09-30T06:15:35.816Z,gpu-3uwoq-6g3ya-2,nvlink,gpu0,nvlink_tx_bytes,4.66299e+13
2026-09-30T06:15:35.816Z,gpu-3uwoq-6g3ya-2,nvlink,gpu1,nvlink_rx_bytes,4.66294e+13
2026-09-30T06:15:35.816Z,gpu-3uwoq-6g3ya-2,nvlink,gpu1,nvlink_tx_bytes,4.66297e+13
2026-09-30T06:15:35.816Z,gpu-3uwoq-6g3ya-2,nvlink,gpu2,nvlink_rx_bytes,4.66291e+13
2026-09-30T06:15:35.816Z,gpu-3uwoq-6g3ya-2,nvlink,gpu2,nvlink_tx_bytes,4.66294e+13
2026-09-30T06:15:35.816Z,gpu-3uwoq-6g3ya-2,nvlink,gpu3,nvlink_rx_bytes,4.66274e+13
2026-09-30T06:15:35.816Z,gpu-3uwoq-6g3ya-2,nvlink,gpu3,nvlink_tx_bytes,4.66275e+13
2026-09-30T06:15:36.816Z,gpu-3uwoq-6g3ya-2,ib_counter,rdma_vf_rail0,port_xmit_data,2.76329e+12
2026-09-30T06:15:36.816Z,gpu-3uwoq-6g3ya-2,ib_counter,rdma_vf_rail0,port_rcv_data,5.72235e+12
2026-09-30T06:15:36.816Z,gpu-3uwoq-6g3ya-2,ib_counter,rdma_vf_rail0,port_xmit_packets,9.5609e+08
2026-09-30T06:15:36.816Z,gpu-3uwoq-6g3ya-2,ib_counter,rdma_vf_rail0,port_rcv_packets,1.57821e+09
2026-09-30T06:15:36.816Z,gpu-3uwoq-6g3ya-2,ib_counter,rdma_vf_rail0,port_xmit_wait,0
2026-09-30T06:15:36.816Z,gpu-3uwoq-6g3ya-2,ib_counter,rdma_vf_rail0,port_rcv_errors,0
2026-09-30T06:15:36.816Z,gpu-3uwoq-6g3ya-2,ib_counter,rdma_vf_rail0,port_xmit_discards,0
2026-09-30T06:15:36.816Z,gpu-3uwoq-6g3ya-2,ib_counter,rdma_vf_rail0,link_downed,0
2026-09-30T06:15:36.816Z,gpu-3uwoq-6g3ya-2,ib_hw_counter,rdma_vf_rail0,out_of_sequence,0
2026-09-30T06:15:36.816Z,gpu-3uwoq-6g3ya-2,ib_hw_counter,rdma_vf_rail0,packet_seq_err,0
2026-09-30T06:15:36.816Z,gpu-3uwoq-6g3ya-2,ib_hw_counter,rdma_vf_rail0,local_ack_timeout_err,0
2026-09-30T06:15:36.816Z,gpu-3uwoq-6g3ya-2,ib_hw_counter,rdma_vf_rail0,rx_write_requests,7.05021e+08
2026-09-30T06:15:36.816Z,gpu-3uwoq-6g3ya-2,ib_hw_counter,rdma_vf_rail0,rx_read_requests,1.042e+07
2026-09-30T06:15:36.816Z,gpu-3uwoq-6g3ya-2,ib_hw_counter,rdma_vf_rail0,req_cqe_error,0
2026-09-30T06:15:36.816Z,gpu-3uwoq-6g3ya-2,ib_hw_counter,rdma_vf_rail0,resp_cqe_error,0
2026-09-30T06:15:36.816Z,gpu-3uwoq-6g3ya-2,ib_hw_counter,rdma_vf_rail0,implied_nak_seq_err,0
2026-09-30T06:15:36.816Z,gpu-3uwoq-6g3ya-2,ib_hw_counter,rdma_vf_rail0,duplicate_request,0
2026-09-30T06:15:36.816Z,gpu-3uwoq-6g3ya-2,ib_counter,rdma_vf_rail1,port_xmit_data,2.76263e+12
2026-09-30T06:15:36.816Z,gpu-3uwoq-6g3ya-2,ib_counter,rdma_vf_rail1,port_rcv_data,5.72189e+12
2026-09-30T06:15:36.816Z,gpu-3uwoq-6g3ya-2,ib_counter,rdma_vf_rail1,port_xmit_packets,9.52939e+08
2026-09-30T06:15:36.816Z,gpu-3uwoq-6g3ya-2,ib_counter,rdma_vf_rail1,port_rcv_packets,1.57742e+09
2026-09-30T06:15:36.816Z,gpu-3uwoq-6g3ya-2,ib_counter,rdma_vf_rail1,port_xmit_wait,0
2026-09-30T06:15:36.816Z,gpu-3uwoq-6g3ya-2,ib_counter,rdma_vf_rail1,port_rcv_errors,0
2026-09-30T06:15:36.816Z,gpu-3uwoq-6g3ya-2,ib_counter,rdma_vf_rail1,port_xmit_discards,0
2026-09-30T06:15:36.816Z,gpu-3uwoq-6g3ya-2,ib_counter,rdma_vf_rail1,link_downed,0
2026-09-30T06:15:36.816Z,gpu-3uwoq-6g3ya-2,ib_hw_counter,rdma_vf_rail1,out_of_sequence,0
2026-09-30T06:15:36.816Z,gpu-3uwoq-6g3ya-2,ib_hw_counter,rdma_vf_rail1,packet_seq_err,0
2026-09-30T06:15:36.816Z,gpu-3uwoq-6g3ya-2,ib_hw_counter,rdma_vf_rail1,local_ack_timeout_err,0
2026-09-30T06:15:36.816Z,gpu-3uwoq-6g3ya-2,ib_hw_counter,rdma_vf_rail1,rx_write_requests,7.05022e+08
2026-09-30T06:15:36.816Z,gpu-3uwoq-6g3ya-2,ib_hw_counter,rdma_vf_rail1,rx_read_requests,1.042e+07
2026-09-30T06:15:36.816Z,gpu-3uwoq-6g3ya-2,ib_hw_counter,rdma_vf_rail1,req_cqe_error,0
2026-09-30T06:15:36.816Z,gpu-3uwoq-6g3ya-2,ib_hw_counter,rdma_vf_rail1,resp_cqe_error,0
2026-09-30T06:15:36.816Z,gpu-3uwoq-6g3ya-2,ib_hw_counter,rdma_vf_rail1,implied_nak_seq_err,0
2026-09-30T06:15:36.816Z,gpu-3uwoq-6g3ya-2,ib_hw_counter,rdma_vf_rail1,duplicate_request,0
2026-09-30T06:15:36.816Z,gpu-3uwoq-6g3ya-2,ib_counter,rdma_vf_rail2,port_xmit_data,2.76181e+12
2026-09-30T06:15:36.816Z,gpu-3uwoq-6g3ya-2,ib_counter,rdma_vf_rail2,port_rcv_data,5.72057e+12
2026-09-30T06:15:36.816Z,gpu-3uwoq-6g3ya-2,ib_counter,rdma_vf_rail2,port_xmit_packets,9.4252e+08
2026-09-30T06:15:36.816Z,gpu-3uwoq-6g3ya-2,ib_counter,rdma_vf_rail2,port_rcv_packets,1.56133e+09
2026-09-30T06:15:36.816Z,gpu-3uwoq-6g3ya-2,ib_counter,rdma_vf_rail2,port_xmit_wait,0
2026-09-30T06:15:36.816Z,gpu-3uwoq-6g3ya-2,ib_counter,rdma_vf_rail2,port_rcv_errors,0
2026-09-30T06:15:36.816Z,gpu-3uwoq-6g3ya-2,ib_counter,rdma_vf_rail2,port_xmit_discards,0
2026-09-30T06:15:36.816Z,gpu-3uwoq-6g3ya-2,ib_counter,rdma_vf_rail2,link_downed,0
2026-09-30T06:15:36.816Z,gpu-3uwoq-6g3ya-2,ib_hw_counter,rdma_vf_rail2,out_of_sequence,0
2026-09-30T06:15:36.816Z,gpu-3uwoq-6g3ya-2,ib_hw_counter,rdma_vf_rail2,packet_seq_err,0
2026-09-30T06:15:36.816Z,gpu-3uwoq-6g3ya-2,ib_hw_counter,rdma_vf_rail2,local_ack_timeout_err,0
2026-09-30T06:15:36.816Z,gpu-3uwoq-6g3ya-2,ib_hw_counter,rdma_vf_rail2,rx_write_requests,7.05021e+08
2026-09-30T06:15:36.816Z,gpu-3uwoq-6g3ya-2,ib_hw_counter,rdma_vf_rail2,rx_read_requests,1.042e+07
2026-09-30T06:15:36.816Z,gpu-3uwoq-6g3ya-2,ib_hw_counter,rdma_vf_rail2,req_cqe_error,0
2026-09-30T06:15:36.816Z,gpu-3uwoq-6g3ya-2,ib_hw_counter,rdma_vf_rail2,resp_cqe_error,0
2026-09-30T06:15:36.816Z,gpu-3uwoq-6g3ya-2,ib_hw_counter,rdma_vf_rail2,implied_nak_seq_err,0
2026-09-30T06:15:36.816Z,gpu-3uwoq-6g3ya-2,ib_hw_counter,rdma_vf_rail2,duplicate_request,0
2026-09-30T06:15:36.816Z,gpu-3uwoq-6g3ya-2,ib_counter,rdma_vf_rail3,port_xmit_data,2.76167e+12
2026-09-30T06:15:36.816Z,gpu-3uwoq-6g3ya-2,ib_counter,rdma_vf_rail3,port_rcv_data,5.72118e+12
2026-09-30T06:15:36.816Z,gpu-3uwoq-6g3ya-2,ib_counter,rdma_vf_rail3,port_xmit_packets,9.40862e+08
2026-09-30T06:15:36.816Z,gpu-3uwoq-6g3ya-2,ib_counter,rdma_vf_rail3,port_rcv_packets,1.56875e+09
2026-09-30T06:15:36.816Z,gpu-3uwoq-6g3ya-2,ib_counter,rdma_vf_rail3,port_xmit_wait,0
2026-09-30T06:15:36.816Z,gpu-3uwoq-6g3ya-2,ib_counter,rdma_vf_rail3,port_rcv_errors,0
2026-09-30T06:15:36.816Z,gpu-3uwoq-6g3ya-2,ib_counter,rdma_vf_rail3,port_xmit_discards,0
2026-09-30T06:15:36.816Z,gpu-3uwoq-6g3ya-2,ib_counter,rdma_vf_rail3,link_downed,0
2026-09-30T06:15:36.816Z,gpu-3uwoq-6g3ya-2,ib_hw_counter,rdma_vf_rail3,out_of_sequence,0
2026-09-30T06:15:36.816Z,gpu-3uwoq-6g3ya-2,ib_hw_counter,rdma_vf_rail3,packet_seq_err,1
2026-09-30T06:15:36.816Z,gpu-3uwoq-6g3ya-2,ib_hw_counter,rdma_vf_rail3,local_ack_timeout_err,0
2026-09-30T06:15:36.816Z,gpu-3uwoq-6g3ya-2,ib_hw_counter,rdma_vf_rail3,rx_write_requests,7.05021e+08
2026-09-30T06:15:36.816Z,gpu-3uwoq-6g3ya-2,ib_hw_counter,rdma_vf_rail3,rx_read_requests,1.042e+07
2026-09-30T06:15:36.816Z,gpu-3uwoq-6g3ya-2,ib_hw_counter,rdma_vf_rail3,req_cqe_error,0
2026-09-30T06:15:36.816Z,gpu-3uwoq-6g3ya-2,ib_hw_counter,rdma_vf_rail3,resp_cqe_error,0
2026-09-30T06:15:36.816Z,gpu-3uwoq-6g3ya-2,ib_hw_counter,rdma_vf_rail3,implied_nak_seq_err,0
2026-09-30T06:15:36.816Z,gpu-3uwoq-6g3ya-2,ib_hw_counter,rdma_vf_rail3,duplicate_request,0
2026-09-30T06:15:36.816Z,gpu-3uwoq-6g3ya-2,dcgm,gpu2,gpu_util,0
2026-09-30T06:15:36.816Z,gpu-3uwoq-6g3ya-2,dcgm,gpu3,gpu_util,0
2026-09-30T06:15:36.816Z,gpu-3uwoq-6g3ya-2,dcgm,gpu1,gpu_util,0
2026-09-30T06:15:36.816Z,gpu-3uwoq-6g3ya-2,dcgm,gpu0,gpu_util,0
2026-09-30T06:15:36.816Z,gpu-3uwoq-6g3ya-2,dcgm,gpu2,nvlink_bandwidth_total,0
2026-09-30T06:15:36.816Z,gpu-3uwoq-6g3ya-2,dcgm,gpu3,nvlink_bandwidth_total,0
2026-09-30T06:15:36.816Z,gpu-3uwoq-6g3ya-2,dcgm,gpu1,nvlink_bandwidth_total,0
2026-09-30T06:15:36.816Z,gpu-3uwoq-6g3ya-2,dcgm,gpu0,nvlink_bandwidth_total,0
2026-09-30T06:15:36.816Z,gpu-3uwoq-6g3ya-2,dcgm,gpu2,power_w,231.327
2026-09-30T06:15:36.816Z,gpu-3uwoq-6g3ya-2,dcgm,gpu3,power_w,234.078
2026-09-30T06:15:36.816Z,gpu-3uwoq-6g3ya-2,dcgm,gpu1,power_w,229.995
2026-09-30T06:15:36.816Z,gpu-3uwoq-6g3ya-2,dcgm,gpu0,power_w,226.432
2026-09-30T06:15:36.816Z,gpu-3uwoq-6g3ya-2,dcgm,gpu2,sm_clock_mhz,2070
2026-09-30T06:15:36.816Z,gpu-3uwoq-6g3ya-2,dcgm,gpu3,sm_clock_mhz,2070
2026-09-30T06:15:36.816Z,gpu-3uwoq-6g3ya-2,dcgm,gpu1,sm_clock_mhz,2070
2026-09-30T06:15:36.816Z,gpu-3uwoq-6g3ya-2,dcgm,gpu0,sm_clock_mhz,2070
2026-09-30T06:15:36.816Z,gpu-3uwoq-6g3ya-2,dcgm,gpu2,dram_active,6e-06
2026-09-30T06:15:36.816Z,gpu-3uwoq-6g3ya-2,dcgm,gpu3,dram_active,6e-06
2026-09-30T06:15:36.816Z,gpu-3uwoq-6g3ya-2,dcgm,gpu1,dram_active,6e-06
2026-09-30T06:15:36.816Z,gpu-3uwoq-6g3ya-2,dcgm,gpu0,dram_active,6e-06
2026-09-30T06:15:36.816Z,gpu-3uwoq-6g3ya-2,dcgm,gpu2,pcie_rx_bytes,336980
2026-09-30T06:15:36.816Z,gpu-3uwoq-6g3ya-2,dcgm,gpu3,pcie_rx_bytes,328407
2026-09-30T06:15:36.816Z,gpu-3uwoq-6g3ya-2,dcgm,gpu1,pcie_rx_bytes,359867
2026-09-30T06:15:36.816Z,gpu-3uwoq-6g3ya-2,dcgm,gpu0,pcie_rx_bytes,361704
2026-09-30T06:15:36.816Z,gpu-3uwoq-6g3ya-2,dcgm,gpu2,pcie_tx_bytes,289363
2026-09-30T06:15:36.816Z,gpu-3uwoq-6g3ya-2,dcgm,gpu3,pcie_tx_bytes,280676
2026-09-30T06:15:36.816Z,gpu-3uwoq-6g3ya-2,dcgm,gpu1,pcie_tx_bytes,313256
2026-09-30T06:15:36.816Z,gpu-3uwoq-6g3ya-2,dcgm,gpu0,pcie_tx_bytes,314760
2026-09-30T06:15:36.816Z,gpu-3uwoq-6g3ya-2,dcgm,gpu2,tensor_active,0
2026-09-30T06:15:36.816Z,gpu-3uwoq-6g3ya-2,dcgm,gpu3,tensor_active,0
2026-09-30T06:15:36.816Z,gpu-3uwoq-6g3ya-2,dcgm,gpu1,tensor_active,0
2026-09-30T06:15:36.816Z,gpu-3uwoq-6g3ya-2,dcgm,gpu0,tensor_active,0
2026-09-30T06:15:36.816Z,gpu-3uwoq-6g3ya-2,dcgm,gpu2,sm_active,1e-06
2026-09-30T06:15:36.816Z,gpu-3uwoq-6g3ya-2,dcgm,gpu3,sm_active,1e-06
2026-09-30T06:15:36.816Z,gpu-3uwoq-6g3ya-2,dcgm,gpu1,sm_active,1e-06
2026-09-30T06:15:36.816Z,gpu-3uwoq-6g3ya-2,dcgm,gpu0,sm_active,1e-06
2026-09-30T06:15:36.816Z,gpu-3uwoq-6g3ya-2,nvlink,gpu0,nvlink_rx_bytes,4.66294e+13
2026-09-30T06:15:36.816Z,gpu-3uwoq-6g3ya-2,nvlink,gpu0,nvlink_tx_bytes,4.66299e+13
2026-09-30T06:15:36.816Z,gpu-3uwoq-6g3ya-2,nvlink,gpu1,nvlink_rx_bytes,4.66294e+13
2026-09-30T06:15:36.816Z,gpu-3uwoq-6g3ya-2,nvlink,gpu1,nvlink_tx_bytes,4.66297e+13
2026-09-30T06:15:36.816Z,gpu-3uwoq-6g3ya-2,nvlink,gpu2,nvlink_rx_bytes,4.66291e+13
2026-09-30T06:15:36.816Z,gpu-3uwoq-6g3ya-2,nvlink,gpu2,nvlink_tx_bytes,4.66294e+13
2026-09-30T06:15:36.816Z,gpu-3uwoq-6g3ya-2,nvlink,gpu3,nvlink_rx_bytes,4.66274e+13
2026-09-30T06:15:36.816Z,gpu-3uwoq-6g3ya-2,nvlink,gpu3,nvlink_tx_bytes,4.66275e+13
2026-09-30T06:15:37.817Z,gpu-3uwoq-6g3ya-2,ib_counter,rdma_vf_rail0,port_xmit_data,2.76329e+12
2026-09-30T06:15:37.817Z,gpu-3uwoq-6g3ya-2,ib_counter,rdma_vf_rail0,port_rcv_data,5.72235e+12
2026-09-30T06:15:37.817Z,gpu-3uwoq-6g3ya-2,ib_counter,rdma_vf_rail0,port_xmit_packets,9.5609e+08
2026-09-30T06:15:37.817Z,gpu-3uwoq-6g3ya-2,ib_counter,rdma_vf_rail0,port_rcv_packets,1.57821e+09
2026-09-30T06:15:37.817Z,gpu-3uwoq-6g3ya-2,ib_counter,rdma_vf_rail0,port_xmit_wait,0
2026-09-30T06:15:37.817Z,gpu-3uwoq-6g3ya-2,ib_counter,rdma_vf_rail0,port_rcv_errors,0
2026-09-30T06:15:37.817Z,gpu-3uwoq-6g3ya-2,ib_counter,rdma_vf_rail0,port_xmit_discards,0
2026-09-30T06:15:37.817Z,gpu-3uwoq-6g3ya-2,ib_counter,rdma_vf_rail0,link_downed,0
2026-09-30T06:15:37.817Z,gpu-3uwoq-6g3ya-2,ib_hw_counter,rdma_vf_rail0,out_of_sequence,0
2026-09-30T06:15:37.817Z,gpu-3uwoq-6g3ya-2,ib_hw_counter,rdma_vf_rail0,packet_seq_err,0
2026-09-30T06:15:37.817Z,gpu-3uwoq-6g3ya-2,ib_hw_counter,rdma_vf_rail0,local_ack_timeout_err,0
2026-09-30T06:15:37.817Z,gpu-3uwoq-6g3ya-2,ib_hw_counter,rdma_vf_rail0,rx_write_requests,7.05021e+08
2026-09-30T06:15:37.817Z,gpu-3uwoq-6g3ya-2,ib_hw_counter,rdma_vf_rail0,rx_read_requests,1.042e+07
2026-09-30T06:15:37.817Z,gpu-3uwoq-6g3ya-2,ib_hw_counter,rdma_vf_rail0,req_cqe_error,0
2026-09-30T06:15:37.817Z,gpu-3uwoq-6g3ya-2,ib_hw_counter,rdma_vf_rail0,resp_cqe_error,0
2026-09-30T06:15:37.817Z,gpu-3uwoq-6g3ya-2,ib_hw_counter,rdma_vf_rail0,implied_nak_seq_err,0
2026-09-30T06:15:37.817Z,gpu-3uwoq-6g3ya-2,ib_hw_counter,rdma_vf_rail0,duplicate_request,0
2026-09-30T06:15:37.817Z,gpu-3uwoq-6g3ya-2,ib_counter,rdma_vf_rail1,port_xmit_data,2.76263e+12
2026-09-30T06:15:37.817Z,gpu-3uwoq-6g3ya-2,ib_counter,rdma_vf_rail1,port_rcv_data,5.72189e+12
2026-09-30T06:15:37.817Z,gpu-3uwoq-6g3ya-2,ib_counter,rdma_vf_rail1,port_xmit_packets,9.52939e+08
2026-09-30T06:15:37.817Z,gpu-3uwoq-6g3ya-2,ib_counter,rdma_vf_rail1,port_rcv_packets,1.57742e+09
2026-09-30T06:15:37.817Z,gpu-3uwoq-6g3ya-2,ib_counter,rdma_vf_rail1,port_xmit_wait,0
2026-09-30T06:15:37.817Z,gpu-3uwoq-6g3ya-2,ib_counter,rdma_vf_rail1,port_rcv_errors,0
2026-09-30T06:15:37.817Z,gpu-3uwoq-6g3ya-2,ib_counter,rdma_vf_rail1,port_xmit_discards,0
2026-09-30T06:15:37.817Z,gpu-3uwoq-6g3ya-2,ib_counter,rdma_vf_rail1,link_downed,0
2026-09-30T06:15:37.817Z,gpu-3uwoq-6g3ya-2,ib_hw_counter,rdma_vf_rail1,out_of_sequence,0
2026-09-30T06:15:37.817Z,gpu-3uwoq-6g3ya-2,ib_hw_counter,rdma_vf_rail1,packet_seq_err,0
2026-09-30T06:15:37.817Z,gpu-3uwoq-6g3ya-2,ib_hw_counter,rdma_vf_rail1,local_ack_timeout_err,0
2026-09-30T06:15:37.817Z,gpu-3uwoq-6g3ya-2,ib_hw_counter,rdma_vf_rail1,rx_write_requests,7.05022e+08
2026-09-30T06:15:37.817Z,gpu-3uwoq-6g3ya-2,ib_hw_counter,rdma_vf_rail1,rx_read_requests,1.042e+07
2026-09-30T06:15:37.817Z,gpu-3uwoq-6g3ya-2,ib_hw_counter,rdma_vf_rail1,req_cqe_error,0
2026-09-30T06:15:37.817Z,gpu-3uwoq-6g3ya-2,ib_hw_counter,rdma_vf_rail1,resp_cqe_error,0
2026-09-30T06:15:37.817Z,gpu-3uwoq-6g3ya-2,ib_hw_counter,rdma_vf_rail1,implied_nak_seq_err,0
2026-09-30T06:15:37.817Z,gpu-3uwoq-6g3ya-2,ib_hw_counter,rdma_vf_rail1,duplicate_request,0
2026-09-30T06:15:37.817Z,gpu-3uwoq-6g3ya-2,ib_counter,rdma_vf_rail2,port_xmit_data,2.76181e+12
2026-09-30T06:15:37.817Z,gpu-3uwoq-6g3ya-2,ib_counter,rdma_vf_rail2,port_rcv_data,5.72057e+12
2026-09-30T06:15:37.817Z,gpu-3uwoq-6g3ya-2,ib_counter,rdma_vf_rail2,port_xmit_packets,9.4252e+08
2026-09-30T06:15:37.817Z,gpu-3uwoq-6g3ya-2,ib_counter,rdma_vf_rail2,port_rcv_packets,1.56133e+09
2026-09-30T06:15:37.817Z,gpu-3uwoq-6g3ya-2,ib_counter,rdma_vf_rail2,port_xmit_wait,0
2026-09-30T06:15:37.817Z,gpu-3uwoq-6g3ya-2,ib_counter,rdma_vf_rail2,port_rcv_errors,0
2026-09-30T06:15:37.817Z,gpu-3uwoq-6g3ya-2,ib_counter,rdma_vf_rail2,port_xmit_discards,0
2026-09-30T06:15:37.817Z,gpu-3uwoq-6g3ya-2,ib_counter,rdma_vf_rail2,link_downed,0
2026-09-30T06:15:37.817Z,gpu-3uwoq-6g3ya-2,ib_hw_counter,rdma_vf_rail2,out_of_sequence,0
2026-09-30T06:15:37.817Z,gpu-3uwoq-6g3ya-2,ib_hw_counter,rdma_vf_rail2,packet_seq_err,0
2026-09-30T06:15:37.817Z,gpu-3uwoq-6g3ya-2,ib_hw_counter,rdma_vf_rail2,local_ack_timeout_err,0
2026-09-30T06:15:37.817Z,gpu-3uwoq-6g3ya-2,ib_hw_counter,rdma_vf_rail2,rx_write_requests,7.05021e+08
2026-09-30T06:15:37.817Z,gpu-3uwoq-6g3ya-2,ib_hw_counter,rdma_vf_rail2,rx_read_requests,1.042e+07
2026-09-30T06:15:37.817Z,gpu-3uwoq-6g3ya-2,ib_hw_counter,rdma_vf_rail2,req_cqe_error,0
2026-09-30T06:15:37.817Z,gpu-3uwoq-6g3ya-2,ib_hw_counter,rdma_vf_rail2,resp_cqe_error,0
2026-09-30T06:15:37.817Z,gpu-3uwoq-6g3ya-2,ib_hw_counter,rdma_vf_rail2,implied_nak_seq_err,0
2026-09-30T06:15:37.817Z,gpu-3uwoq-6g3ya-2,ib_hw_counter,rdma_vf_rail2,duplicate_request,0
2026-09-30T06:15:37.817Z,gpu-3uwoq-6g3ya-2,ib_counter,rdma_vf_rail3,port_xmit_data,2.76167e+12
2026-09-30T06:15:37.817Z,gpu-3uwoq-6g3ya-2,ib_counter,rdma_vf_rail3,port_rcv_data,5.72118e+12
2026-09-30T06:15:37.817Z,gpu-3uwoq-6g3ya-2,ib_counter,rdma_vf_rail3,port_xmit_packets,9.40862e+08
2026-09-30T06:15:37.817Z,gpu-3uwoq-6g3ya-2,ib_counter,rdma_vf_rail3,port_rcv_packets,1.56875e+09
2026-09-30T06:15:37.817Z,gpu-3uwoq-6g3ya-2,ib_counter,rdma_vf_rail3,port_xmit_wait,0
2026-09-30T06:15:37.817Z,gpu-3uwoq-6g3ya-2,ib_counter,rdma_vf_rail3,port_rcv_errors,0
2026-09-30T06:15:37.817Z,gpu-3uwoq-6g3ya-2,ib_counter,rdma_vf_rail3,port_xmit_discards,0
2026-09-30T06:15:37.817Z,gpu-3uwoq-6g3ya-2,ib_counter,rdma_vf_rail3,link_downed,0
2026-09-30T06:15:37.817Z,gpu-3uwoq-6g3ya-2,ib_hw_counter,rdma_vf_rail3,out_of_sequence,0
2026-09-30T06:15:37.817Z,gpu-3uwoq-6g3ya-2,ib_hw_counter,rdma_vf_rail3,packet_seq_err,1
2026-09-30T06:15:37.817Z,gpu-3uwoq-6g3ya-2,ib_hw_counter,rdma_vf_rail3,local_ack_timeout_err,0
2026-09-30T06:15:37.817Z,gpu-3uwoq-6g3ya-2,ib_hw_counter,rdma_vf_rail3,rx_write_requests,7.05021e+08
2026-09-30T06:15:37.817Z,gpu-3uwoq-6g3ya-2,ib_hw_counter,rdma_vf_rail3,rx_read_requests,1.042e+07
2026-09-30T06:15:37.817Z,gpu-3uwoq-6g3ya-2,ib_hw_counter,rdma_vf_rail3,req_cqe_error,0
2026-09-30T06:15:37.817Z,gpu-3uwoq-6g3ya-2,ib_hw_counter,rdma_vf_rail3,resp_cqe_error,0
2026-09-30T06:15:37.817Z,gpu-3uwoq-6g3ya-2,ib_hw_counter,rdma_vf_rail3,implied_nak_seq_err,0
2026-09-30T06:15:37.817Z,gpu-3uwoq-6g3ya-2,ib_hw_counter,rdma_vf_rail3,duplicate_request,0
2026-09-30T06:15:37.817Z,gpu-3uwoq-6g3ya-2,dcgm,gpu2,gpu_util,0
2026-09-30T06:15:37.817Z,gpu-3uwoq-6g3ya-2,dcgm,gpu3,gpu_util,0
2026-09-30T06:15:37.817Z,gpu-3uwoq-6g3ya-2,dcgm,gpu1,gpu_util,0
2026-09-30T06:15:37.817Z,gpu-3uwoq-6g3ya-2,dcgm,gpu0,gpu_util,0
2026-09-30T06:15:37.817Z,gpu-3uwoq-6g3ya-2,dcgm,gpu2,nvlink_bandwidth_total,0
2026-09-30T06:15:37.817Z,gpu-3uwoq-6g3ya-2,dcgm,gpu3,nvlink_bandwidth_total,0
2026-09-30T06:15:37.817Z,gpu-3uwoq-6g3ya-2,dcgm,gpu1,nvlink_bandwidth_total,0
2026-09-30T06:15:37.817Z,gpu-3uwoq-6g3ya-2,dcgm,gpu0,nvlink_bandwidth_total,0
2026-09-30T06:15:37.817Z,gpu-3uwoq-6g3ya-2,dcgm,gpu2,power_w,231.327
2026-09-30T06:15:37.817Z,gpu-3uwoq-6g3ya-2,dcgm,gpu3,power_w,234.078
2026-09-30T06:15:37.817Z,gpu-3uwoq-6g3ya-2,dcgm,gpu1,power_w,229.995
2026-09-30T06:15:37.817Z,gpu-3uwoq-6g3ya-2,dcgm,gpu0,power_w,226.432
2026-09-30T06:15:37.817Z,gpu-3uwoq-6g3ya-2,dcgm,gpu2,sm_clock_mhz,2070
2026-09-30T06:15:37.817Z,gpu-3uwoq-6g3ya-2,dcgm,gpu3,sm_clock_mhz,2070
2026-09-30T06:15:37.817Z,gpu-3uwoq-6g3ya-2,dcgm,gpu1,sm_clock_mhz,2070
2026-09-30T06:15:37.817Z,gpu-3uwoq-6g3ya-2,dcgm,gpu0,sm_clock_mhz,2070
2026-09-30T06:15:37.817Z,gpu-3uwoq-6g3ya-2,dcgm,gpu2,dram_active,6e-06
2026-09-30T06:15:37.817Z,gpu-3uwoq-6g3ya-2,dcgm,gpu3,dram_active,6e-06
2026-09-30T06:15:37.817Z,gpu-3uwoq-6g3ya-2,dcgm,gpu1,dram_active,6e-06
2026-09-30T06:15:37.817Z,gpu-3uwoq-6g3ya-2,dcgm,gpu0,dram_active,6e-06
2026-09-30T06:15:37.817Z,gpu-3uwoq-6g3ya-2,dcgm,gpu2,pcie_rx_bytes,336980
2026-09-30T06:15:37.817Z,gpu-3uwoq-6g3ya-2,dcgm,gpu3,pcie_rx_bytes,328407
2026-09-30T06:15:37.817Z,gpu-3uwoq-6g3ya-2,dcgm,gpu1,pcie_rx_bytes,359867
2026-09-30T06:15:37.817Z,gpu-3uwoq-6g3ya-2,dcgm,gpu0,pcie_rx_bytes,361704
2026-09-30T06:15:37.817Z,gpu-3uwoq-6g3ya-2,dcgm,gpu2,pcie_tx_bytes,289363
2026-09-30T06:15:37.817Z,gpu-3uwoq-6g3ya-2,dcgm,gpu3,pcie_tx_bytes,280676
2026-09-30T06:15:37.817Z,gpu-3uwoq-6g3ya-2,dcgm,gpu1,pcie_tx_bytes,313256
2026-09-30T06:15:37.817Z,gpu-3uwoq-6g3ya-2,dcgm,gpu0,pcie_tx_bytes,314760
2026-09-30T06:15:37.817Z,gpu-3uwoq-6g3ya-2,dcgm,gpu2,tensor_active,0
2026-09-30T06:15:37.817Z,gpu-3uwoq-6g3ya-2,dcgm,gpu3,tensor_active,0
2026-09-30T06:15:37.817Z,gpu-3uwoq-6g3ya-2,dcgm,gpu1,tensor_active,0
2026-09-30T06:15:37.817Z,gpu-3uwoq-6g3ya-2,dcgm,gpu0,tensor_active,0
2026-09-30T06:15:37.817Z,gpu-3uwoq-6g3ya-2,dcgm,gpu2,sm_active,1e-06
2026-09-30T06:15:37.817Z,gpu-3uwoq-6g3ya-2,dcgm,gpu3,sm_active,1e-06
2026-09-30T06:15:37.817Z,gpu-3uwoq-6g3ya-2,dcgm,gpu1,sm_active,1e-06
2026-09-30T06:15:37.817Z,gpu-3uwoq-6g3ya-2,dcgm,gpu0,sm_active,1e-06
2026-09-30T06:15:37.817Z,gpu-3uwoq-6g3ya-2,nvlink,gpu0,nvlink_rx_bytes,4.66294e+13
2026-09-30T06:15:37.817Z,gpu-3uwoq-6g3ya-2,nvlink,gpu0,nvlink_tx_bytes,4.66299e+13
2026-09-30T06:15:37.817Z,gpu-3uwoq-6g3ya-2,nvlink,gpu1,nvlink_rx_bytes,4.66294e+13
2026-09-30T06:15:37.817Z,gpu-3uwoq-6g3ya-2,nvlink,gpu1,nvlink_tx_bytes,4.66297e+13
2026-09-30T06:15:37.817Z,gpu-3uwoq-6g3ya-2,nvlink,gpu2,nvlink_rx_bytes,4.66291e+13
2026-09-30T06:15:37.817Z,gpu-3uwoq-6g3ya-2,nvlink,gpu2,nvlink_tx_bytes,4.66294e+13
2026-09-30T06:15:37.817Z,gpu-3uwoq-6g3ya-2,nvlink,gpu3,nvlink_rx_bytes,4.66274e+13
2026-09-30T06:15:37.817Z,gpu-3uwoq-6g3ya-2,nvlink,gpu3,nvlink_tx_bytes,4.66275e+13
2026-09-30T06:15:38.817Z,gpu-3uwoq-6g3ya-2,ib_counter,rdma_vf_rail0,port_xmit_data,2.76329e+12
2026-09-30T06:15:38.817Z,gpu-3uwoq-6g3ya-2,ib_counter,rdma_vf_rail0,port_rcv_data,5.72235e+12
2026-09-30T06:15:38.817Z,gpu-3uwoq-6g3ya-2,ib_counter,rdma_vf_rail0,port_xmit_packets,9.5609e+08
2026-09-30T06:15:38.817Z,gpu-3uwoq-6g3ya-2,ib_counter,rdma_vf_rail0,port_rcv_packets,1.57821e+09
2026-09-30T06:15:38.817Z,gpu-3uwoq-6g3ya-2,ib_counter,rdma_vf_rail0,port_xmit_wait,0
2026-09-30T06:15:38.817Z,gpu-3uwoq-6g3ya-2,ib_counter,rdma_vf_rail0,port_rcv_errors,0
2026-09-30T06:15:38.817Z,gpu-3uwoq-6g3ya-2,ib_counter,rdma_vf_rail0,port_xmit_discards,0
2026-09-30T06:15:38.817Z,gpu-3uwoq-6g3ya-2,ib_counter,rdma_vf_rail0,link_downed,0
2026-09-30T06:15:38.817Z,gpu-3uwoq-6g3ya-2,ib_hw_counter,rdma_vf_rail0,out_of_sequence,0
2026-09-30T06:15:38.817Z,gpu-3uwoq-6g3ya-2,ib_hw_counter,rdma_vf_rail0,packet_seq_err,0
2026-09-30T06:15:38.817Z,gpu-3uwoq-6g3ya-2,ib_hw_counter,rdma_vf_rail0,local_ack_timeout_err,0
2026-09-30T06:15:38.817Z,gpu-3uwoq-6g3ya-2,ib_hw_counter,rdma_vf_rail0,rx_write_requests,7.05021e+08
2026-09-30T06:15:38.817Z,gpu-3uwoq-6g3ya-2,ib_hw_counter,rdma_vf_rail0,rx_read_requests,1.042e+07
2026-09-30T06:15:38.817Z,gpu-3uwoq-6g3ya-2,ib_hw_counter,rdma_vf_rail0,req_cqe_error,0
2026-09-30T06:15:38.817Z,gpu-3uwoq-6g3ya-2,ib_hw_counter,rdma_vf_rail0,resp_cqe_error,0
2026-09-30T06:15:38.817Z,gpu-3uwoq-6g3ya-2,ib_hw_counter,rdma_vf_rail0,implied_nak_seq_err,0
2026-09-30T06:15:38.817Z,gpu-3uwoq-6g3ya-2,ib_hw_counter,rdma_vf_rail0,duplicate_request,0
2026-09-30T06:15:38.817Z,gpu-3uwoq-6g3ya-2,ib_counter,rdma_vf_rail1,port_xmit_data,2.76263e+12
2026-09-30T06:15:38.817Z,gpu-3uwoq-6g3ya-2,ib_counter,rdma_vf_rail1,port_rcv_data,5.72189e+12
2026-09-30T06:15:38.817Z,gpu-3uwoq-6g3ya-2,ib_counter,rdma_vf_rail1,port_xmit_packets,9.52939e+08
2026-09-30T06:15:38.817Z,gpu-3uwoq-6g3ya-2,ib_counter,rdma_vf_rail1,port_rcv_packets,1.57742e+09
2026-09-30T06:15:38.817Z,gpu-3uwoq-6g3ya-2,ib_counter,rdma_vf_rail1,port_xmit_wait,0
2026-09-30T06:15:38.817Z,gpu-3uwoq-6g3ya-2,ib_counter,rdma_vf_rail1,port_rcv_errors,0
2026-09-30T06:15:38.817Z,gpu-3uwoq-6g3ya-2,ib_counter,rdma_vf_rail1,port_xmit_discards,0
2026-09-30T06:15:38.817Z,gpu-3uwoq-6g3ya-2,ib_counter,rdma_vf_rail1,link_downed,0
2026-09-30T06:15:38.817Z,gpu-3uwoq-6g3ya-2,ib_hw_counter,rdma_vf_rail1,out_of_sequence,0
2026-09-30T06:15:38.817Z,gpu-3uwoq-6g3ya-2,ib_hw_counter,rdma_vf_rail1,packet_seq_err,0
2026-09-30T06:15:38.817Z,gpu-3uwoq-6g3ya-2,ib_hw_counter,rdma_vf_rail1,local_ack_timeout_err,0
2026-09-30T06:15:38.817Z,gpu-3uwoq-6g3ya-2,ib_hw_counter,rdma_vf_rail1,rx_write_requests,7.05022e+08
2026-09-30T06:15:38.817Z,gpu-3uwoq-6g3ya-2,ib_hw_counter,rdma_vf_rail1,rx_read_requests,1.042e+07
2026-09-30T06:15:38.817Z,gpu-3uwoq-6g3ya-2,ib_hw_counter,rdma_vf_rail1,req_cqe_error,0
2026-09-30T06:15:38.817Z,gpu-3uwoq-6g3ya-2,ib_hw_counter,rdma_vf_rail1,resp_cqe_error,0
2026-09-30T06:15:38.817Z,gpu-3uwoq-6g3ya-2,ib_hw_counter,rdma_vf_rail1,implied_nak_seq_err,0
2026-09-30T06:15:38.817Z,gpu-3uwoq-6g3ya-2,ib_hw_counter,rdma_vf_rail1,duplicate_request,0
2026-09-30T06:15:38.817Z,gpu-3uwoq-6g3ya-2,ib_counter,rdma_vf_rail2,port_xmit_data,2.76181e+12
2026-09-30T06:15:38.817Z,gpu-3uwoq-6g3ya-2,ib_counter,rdma_vf_rail2,port_rcv_data,5.72057e+12
2026-09-30T06:15:38.817Z,gpu-3uwoq-6g3ya-2,ib_counter,rdma_vf_rail2,port_xmit_packets,9.4252e+08
2026-09-30T06:15:38.817Z,gpu-3uwoq-6g3ya-2,ib_counter,rdma_vf_rail2,port_rcv_packets,1.56133e+09
2026-09-30T06:15:38.817Z,gpu-3uwoq-6g3ya-2,ib_counter,rdma_vf_rail2,port_xmit_wait,0
2026-09-30T06:15:38.817Z,gpu-3uwoq-6g3ya-2,ib_counter,rdma_vf_rail2,port_rcv_errors,0
2026-09-30T06:15:38.817Z,gpu-3uwoq-6g3ya-2,ib_counter,rdma_vf_rail2,port_xmit_discards,0
2026-09-30T06:15:38.817Z,gpu-3uwoq-6g3ya-2,ib_counter,rdma_vf_rail2,link_downed,0
2026-09-30T06:15:38.817Z,gpu-3uwoq-6g3ya-2,ib_hw_counter,rdma_vf_rail2,out_of_sequence,0
2026-09-30T06:15:38.817Z,gpu-3uwoq-6g3ya-2,ib_hw_counter,rdma_vf_rail2,packet_seq_err,0
2026-09-30T06:15:38.817Z,gpu-3uwoq-6g3ya-2,ib_hw_counter,rdma_vf_rail2,local_ack_timeout_err,0
2026-09-30T06:15:38.817Z,gpu-3uwoq-6g3ya-2,ib_hw_counter,rdma_vf_rail2,rx_write_requests,7.05021e+08
2026-09-30T06:15:38.817Z,gpu-3uwoq-6g3ya-2,ib_hw_counter,rdma_vf_rail2,rx_read_requests,1.042e+07
2026-09-30T06:15:38.817Z,gpu-3uwoq-6g3ya-2,ib_hw_counter,rdma_vf_rail2,req_cqe_error,0
2026-09-30T06:15:38.817Z,gpu-3uwoq-6g3ya-2,ib_hw_counter,rdma_vf_rail2,resp_cqe_error,0
2026-09-30T06:15:38.817Z,gpu-3uwoq-6g3ya-2,ib_hw_counter,rdma_vf_rail2,implied_nak_seq_err,0
2026-09-30T06:15:38.817Z,gpu-3uwoq-6g3ya-2,ib_hw_counter,rdma_vf_rail2,duplicate_request,0
2026-09-30T06:15:38.817Z,gpu-3uwoq-6g3ya-2,ib_counter,rdma_vf_rail3,port_xmit_data,2.76167e+12
2026-09-30T06:15:38.817Z,gpu-3uwoq-6g3ya-2,ib_counter,rdma_vf_rail3,port_rcv_data,5.72118e+12
2026-09-30T06:15:38.817Z,gpu-3uwoq-6g3ya-2,ib_counter,rdma_vf_rail3,port_xmit_packets,9.40862e+08
2026-09-30T06:15:38.817Z,gpu-3uwoq-6g3ya-2,ib_counter,rdma_vf_rail3,port_rcv_packets,1.56875e+09
2026-09-30T06:15:38.817Z,gpu-3uwoq-6g3ya-2,ib_counter,rdma_vf_rail3,port_xmit_wait,0
2026-09-30T06:15:38.817Z,gpu-3uwoq-6g3ya-2,ib_counter,rdma_vf_rail3,port_rcv_errors,0
2026-09-30T06:15:38.817Z,gpu-3uwoq-6g3ya-2,ib_counter,rdma_vf_rail3,port_xmit_discards,0
2026-09-30T06:15:38.817Z,gpu-3uwoq-6g3ya-2,ib_counter,rdma_vf_rail3,link_downed,0
2026-09-30T06:15:38.817Z,gpu-3uwoq-6g3ya-2,ib_hw_counter,rdma_vf_rail3,out_of_sequence,0
2026-09-30T06:15:38.817Z,gpu-3uwoq-6g3ya-2,ib_hw_counter,rdma_vf_rail3,packet_seq_err,1
2026-09-30T06:15:38.817Z,gpu-3uwoq-6g3ya-2,ib_hw_counter,rdma_vf_rail3,local_ack_timeout_err,0
2026-09-30T06:15:38.817Z,gpu-3uwoq-6g3ya-2,ib_hw_counter,rdma_vf_rail3,rx_write_requests,7.05021e+08
2026-09-30T06:15:38.817Z,gpu-3uwoq-6g3ya-2,ib_hw_counter,rdma_vf_rail3,rx_read_requests,1.042e+07
2026-09-30T06:15:38.817Z,gpu-3uwoq-6g3ya-2,ib_hw_counter,rdma_vf_rail3,req_cqe_error,0
2026-09-30T06:15:38.817Z,gpu-3uwoq-6g3ya-2,ib_hw_counter,rdma_vf_rail3,resp_cqe_error,0
2026-09-30T06:15:38.817Z,gpu-3uwoq-6g3ya-2,ib_hw_counter,rdma_vf_rail3,implied_nak_seq_err,0
2026-09-30T06:15:38.817Z,gpu-3uwoq-6g3ya-2,ib_hw_counter,rdma_vf_rail3,duplicate_request,0
2026-09-30T06:15:38.817Z,gpu-3uwoq-6g3ya-2,dcgm,gpu2,gpu_util,0
2026-09-30T06:15:38.817Z,gpu-3uwoq-6g3ya-2,dcgm,gpu3,gpu_util,0
2026-09-30T06:15:38.817Z,gpu-3uwoq-6g3ya-2,dcgm,gpu1,gpu_util,0
2026-09-30T06:15:38.817Z,gpu-3uwoq-6g3ya-2,dcgm,gpu0,gpu_util,0
2026-09-30T06:15:38.817Z,gpu-3uwoq-6g3ya-2,dcgm,gpu2,nvlink_bandwidth_total,0
2026-09-30T06:15:38.817Z,gpu-3uwoq-6g3ya-2,dcgm,gpu3,nvlink_bandwidth_total,0
2026-09-30T06:15:38.817Z,gpu-3uwoq-6g3ya-2,dcgm,gpu1,nvlink_bandwidth_total,0
2026-09-30T06:15:38.817Z,gpu-3uwoq-6g3ya-2,dcgm,gpu0,nvlink_bandwidth_total,0
2026-09-30T06:15:38.817Z,gpu-3uwoq-6g3ya-2,dcgm,gpu2,power_w,231.327
2026-09-30T06:15:38.817Z,gpu-3uwoq-6g3ya-2,dcgm,gpu3,power_w,234.078
2026-09-30T06:15:38.817Z,gpu-3uwoq-6g3ya-2,dcgm,gpu1,power_w,229.995
2026-09-30T06:15:38.817Z,gpu-3uwoq-6g3ya-2,dcgm,gpu0,power_w,226.432
2026-09-30T06:15:38.817Z,gpu-3uwoq-6g3ya-2,dcgm,gpu2,sm_clock_mhz,2070
2026-09-30T06:15:38.817Z,gpu-3uwoq-6g3ya-2,dcgm,gpu3,sm_clock_mhz,2070
2026-09-30T06:15:38.817Z,gpu-3uwoq-6g3ya-2,dcgm,gpu1,sm_clock_mhz,2070
2026-09-30T06:15:38.817Z,gpu-3uwoq-6g3ya-2,dcgm,gpu0,sm_clock_mhz,2070
2026-09-30T06:15:38.817Z,gpu-3uwoq-6g3ya-2,dcgm,gpu2,dram_active,6e-06
2026-09-30T06:15:38.817Z,gpu-3uwoq-6g3ya-2,dcgm,gpu3,dram_active,6e-06
2026-09-30T06:15:38.817Z,gpu-3uwoq-6g3ya-2,dcgm,gpu1,dram_active,6e-06
2026-09-30T06:15:38.817Z,gpu-3uwoq-6g3ya-2,dcgm,gpu0,dram_active,6e-06
2026-09-30T06:15:38.817Z,gpu-3uwoq-6g3ya-2,dcgm,gpu2,pcie_rx_bytes,336980
2026-09-30T06:15:38.817Z,gpu-3uwoq-6g3ya-2,dcgm,gpu3,pcie_rx_bytes,328407
2026-09-30T06:15:38.817Z,gpu-3uwoq-6g3ya-2,dcgm,gpu1,pcie_rx_bytes,359867
2026-09-30T06:15:38.817Z,gpu-3uwoq-6g3ya-2,dcgm,gpu0,pcie_rx_bytes,361704
2026-09-30T06:15:38.817Z,gpu-3uwoq-6g3ya-2,dcgm,gpu2,pcie_tx_bytes,289363
2026-09-30T06:15:38.817Z,gpu-3uwoq-6g3ya-2,dcgm,gpu3,pcie_tx_bytes,280676
2026-09-30T06:15:38.817Z,gpu-3uwoq-6g3ya-2,dcgm,gpu1,pcie_tx_bytes,313256
2026-09-30T06:15:38.817Z,gpu-3uwoq-6g3ya-2,dcgm,gpu0,pcie_tx_bytes,314760
2026-09-30T06:15:38.817Z,gpu-3uwoq-6g3ya-2,dcgm,gpu2,tensor_active,0
2026-09-30T06:15:38.817Z,gpu-3uwoq-6g3ya-2,dcgm,gpu3,tensor_active,0
2026-09-30T06:15:38.817Z,gpu-3uwoq-6g3ya-2,dcgm,gpu1,tensor_active,0
2026-09-30T06:15:38.817Z,gpu-3uwoq-6g3ya-2,dcgm,gpu0,tensor_active,0
2026-09-30T06:15:38.817Z,gpu-3uwoq-6g3ya-2,dcgm,gpu2,sm_active,1e-06
2026-09-30T06:15:38.817Z,gpu-3uwoq-6g3ya-2,dcgm,gpu3,sm_active,1e-06
2026-09-30T06:15:38.817Z,gpu-3uwoq-6g3ya-2,dcgm,gpu1,sm_active,1e-06
2026-09-30T06:15:38.817Z,gpu-3uwoq-6g3ya-2,dcgm,gpu0,sm_active,1e-06
2026-09-30T06:15:38.817Z,gpu-3uwoq-6g3ya-2,nvlink,gpu0,nvlink_rx_bytes,4.66294e+13
2026-09-30T06:15:38.817Z,gpu-3uwoq-6g3ya-2,nvlink,gpu0,nvlink_tx_bytes,4.66299e+13
2026-09-30T06:15:38.817Z,gpu-3uwoq-6g3ya-2,nvlink,gpu1,nvlink_rx_bytes,4.66294e+13
2026-09-30T06:15:38.817Z,gpu-3uwoq-6g3ya-2,nvlink,gpu1,nvlink_tx_bytes,4.66297e+13
2026-09-30T06:15:38.817Z,gpu-3uwoq-6g3ya-2,nvlink,gpu2,nvlink_rx_bytes,4.66291e+13
2026-09-30T06:15:38.817Z,gpu-3uwoq-6g3ya-2,nvlink,gpu2,nvlink_tx_bytes,4.66294e+13
2026-09-30T06:15:38.817Z,gpu-3uwoq-6g3ya-2,nvlink,gpu3,nvlink_rx_bytes,4.66274e+13
2026-09-30T06:15:38.817Z,gpu-3uwoq-6g3ya-2,nvlink,gpu3,nvlink_tx_bytes,4.66275e+13
2026-09-30T06:15:39.817Z,gpu-3uwoq-6g3ya-2,ib_counter,rdma_vf_rail0,port_xmit_data,2.76329e+12
2026-09-30T06:15:39.817Z,gpu-3uwoq-6g3ya-2,ib_counter,rdma_vf_rail0,port_rcv_data,5.72235e+12
2026-09-30T06:15:39.817Z,gpu-3uwoq-6g3ya-2,ib_counter,rdma_vf_rail0,port_xmit_packets,9.5609e+08
2026-09-30T06:15:39.817Z,gpu-3uwoq-6g3ya-2,ib_counter,rdma_vf_rail0,port_rcv_packets,1.57821e+09
2026-09-30T06:15:39.817Z,gpu-3uwoq-6g3ya-2,ib_counter,rdma_vf_rail0,port_xmit_wait,0
2026-09-30T06:15:39.817Z,gpu-3uwoq-6g3ya-2,ib_counter,rdma_vf_rail0,port_rcv_errors,0
2026-09-30T06:15:39.817Z,gpu-3uwoq-6g3ya-2,ib_counter,rdma_vf_rail0,port_xmit_discards,0
2026-09-30T06:15:39.817Z,gpu-3uwoq-6g3ya-2,ib_counter,rdma_vf_rail0,link_downed,0
2026-09-30T06:15:39.817Z,gpu-3uwoq-6g3ya-2,ib_hw_counter,rdma_vf_rail0,out_of_sequence,0
2026-09-30T06:15:39.817Z,gpu-3uwoq-6g3ya-2,ib_hw_counter,rdma_vf_rail0,packet_seq_err,0
2026-09-30T06:15:39.817Z,gpu-3uwoq-6g3ya-2,ib_hw_counter,rdma_vf_rail0,local_ack_timeout_err,0
2026-09-30T06:15:39.817Z,gpu-3uwoq-6g3ya-2,ib_hw_counter,rdma_vf_rail0,rx_write_requests,7.05021e+08
2026-09-30T06:15:39.817Z,gpu-3uwoq-6g3ya-2,ib_hw_counter,rdma_vf_rail0,rx_read_requests,1.042e+07
2026-09-30T06:15:39.817Z,gpu-3uwoq-6g3ya-2,ib_hw_counter,rdma_vf_rail0,req_cqe_error,0
2026-09-30T06:15:39.817Z,gpu-3uwoq-6g3ya-2,ib_hw_counter,rdma_vf_rail0,resp_cqe_error,0
2026-09-30T06:15:39.817Z,gpu-3uwoq-6g3ya-2,ib_hw_counter,rdma_vf_rail0,implied_nak_seq_err,0
2026-09-30T06:15:39.817Z,gpu-3uwoq-6g3ya-2,ib_hw_counter,rdma_vf_rail0,duplicate_request,0
2026-09-30T06:15:39.817Z,gpu-3uwoq-6g3ya-2,ib_counter,rdma_vf_rail1,port_xmit_data,2.76263e+12
2026-09-30T06:15:39.817Z,gpu-3uwoq-6g3ya-2,ib_counter,rdma_vf_rail1,port_rcv_data,5.72189e+12
2026-09-30T06:15:39.817Z,gpu-3uwoq-6g3ya-2,ib_counter,rdma_vf_rail1,port_xmit_packets,9.52939e+08
2026-09-30T06:15:39.817Z,gpu-3uwoq-6g3ya-2,ib_counter,rdma_vf_rail1,port_rcv_packets,1.57742e+09
2026-09-30T06:15:39.817Z,gpu-3uwoq-6g3ya-2,ib_counter,rdma_vf_rail1,port_xmit_wait,0
2026-09-30T06:15:39.817Z,gpu-3uwoq-6g3ya-2,ib_counter,rdma_vf_rail1,port_rcv_errors,0
2026-09-30T06:15:39.817Z,gpu-3uwoq-6g3ya-2,ib_counter,rdma_vf_rail1,port_xmit_discards,0
2026-09-30T06:15:39.817Z,gpu-3uwoq-6g3ya-2,ib_counter,rdma_vf_rail1,link_downed,0
2026-09-30T06:15:39.817Z,gpu-3uwoq-6g3ya-2,ib_hw_counter,rdma_vf_rail1,out_of_sequence,0
2026-09-30T06:15:39.817Z,gpu-3uwoq-6g3ya-2,ib_hw_counter,rdma_vf_rail1,packet_seq_err,0
2026-09-30T06:15:39.817Z,gpu-3uwoq-6g3ya-2,ib_hw_counter,rdma_vf_rail1,local_ack_timeout_err,0
2026-09-30T06:15:39.817Z,gpu-3uwoq-6g3ya-2,ib_hw_counter,rdma_vf_rail1,rx_write_requests,7.05022e+08
2026-09-30T06:15:39.817Z,gpu-3uwoq-6g3ya-2,ib_hw_counter,rdma_vf_rail1,rx_read_requests,1.042e+07
2026-09-30T06:15:39.817Z,gpu-3uwoq-6g3ya-2,ib_hw_counter,rdma_vf_rail1,req_cqe_error,0
2026-09-30T06:15:39.817Z,gpu-3uwoq-6g3ya-2,ib_hw_counter,rdma_vf_rail1,resp_cqe_error,0
2026-09-30T06:15:39.817Z,gpu-3uwoq-6g3ya-2,ib_hw_counter,rdma_vf_rail1,implied_nak_seq_err,0
2026-09-30T06:15:39.817Z,gpu-3uwoq-6g3ya-2,ib_hw_counter,rdma_vf_rail1,duplicate_request,0
2026-09-30T06:15:39.817Z,gpu-3uwoq-6g3ya-2,ib_counter,rdma_vf_rail2,port_xmit_data,2.76181e+12
2026-09-30T06:15:39.817Z,gpu-3uwoq-6g3ya-2,ib_counter,rdma_vf_rail2,port_rcv_data,5.72057e+12
2026-09-30T06:15:39.817Z,gpu-3uwoq-6g3ya-2,ib_counter,rdma_vf_rail2,port_xmit_packets,9.4252e+08
2026-09-30T06:15:39.817Z,gpu-3uwoq-6g3ya-2,ib_counter,rdma_vf_rail2,port_rcv_packets,1.56133e+09
2026-09-30T06:15:39.817Z,gpu-3uwoq-6g3ya-2,ib_counter,rdma_vf_rail2,port_xmit_wait,0
2026-09-30T06:15:39.817Z,gpu-3uwoq-6g3ya-2,ib_counter,rdma_vf_rail2,port_rcv_errors,0
2026-09-30T06:15:39.817Z,gpu-3uwoq-6g3ya-2,ib_counter,rdma_vf_rail2,port_xmit_discards,0
2026-09-30T06:15:39.817Z,gpu-3uwoq-6g3ya-2,ib_counter,rdma_vf_rail2,link_downed,0
2026-09-30T06:15:39.817Z,gpu-3uwoq-6g3ya-2,ib_hw_counter,rdma_vf_rail2,out_of_sequence,0
2026-09-30T06:15:39.817Z,gpu-3uwoq-6g3ya-2,ib_hw_counter,rdma_vf_rail2,packet_seq_err,0
2026-09-30T06:15:39.817Z,gpu-3uwoq-6g3ya-2,ib_hw_counter,rdma_vf_rail2,local_ack_timeout_err,0
2026-09-30T06:15:39.817Z,gpu-3uwoq-6g3ya-2,ib_hw_counter,rdma_vf_rail2,rx_write_requests,7.05021e+08
2026-09-30T06:15:39.817Z,gpu-3uwoq-6g3ya-2,ib_hw_counter,rdma_vf_rail2,rx_read_requests,1.042e+07
2026-09-30T06:15:39.817Z,gpu-3uwoq-6g3ya-2,ib_hw_counter,rdma_vf_rail2,req_cqe_error,0
2026-09-30T06:15:39.817Z,gpu-3uwoq-6g3ya-2,ib_hw_counter,rdma_vf_rail2,resp_cqe_error,0
2026-09-30T06:15:39.817Z,gpu-3uwoq-6g3ya-2,ib_hw_counter,rdma_vf_rail2,implied_nak_seq_err,0
2026-09-30T06:15:39.817Z,gpu-3uwoq-6g3ya-2,ib_hw_counter,rdma_vf_rail2,duplicate_request,0
2026-09-30T06:15:39.817Z,gpu-3uwoq-6g3ya-2,ib_counter,rdma_vf_rail3,port_xmit_data,2.76167e+12
2026-09-30T06:15:39.817Z,gpu-3uwoq-6g3ya-2,ib_counter,rdma_vf_rail3,port_rcv_data,5.72118e+12
2026-09-30T06:15:39.817Z,gpu-3uwoq-6g3ya-2,ib_counter,rdma_vf_rail3,port_xmit_packets,9.40862e+08
2026-09-30T06:15:39.817Z,gpu-3uwoq-6g3ya-2,ib_counter,rdma_vf_rail3,port_rcv_packets,1.56875e+09
2026-09-30T06:15:39.817Z,gpu-3uwoq-6g3ya-2,ib_counter,rdma_vf_rail3,port_xmit_wait,0
2026-09-30T06:15:39.817Z,gpu-3uwoq-6g3ya-2,ib_counter,rdma_vf_rail3,port_rcv_errors,0
2026-09-30T06:15:39.817Z,gpu-3uwoq-6g3ya-2,ib_counter,rdma_vf_rail3,port_xmit_discards,0
2026-09-30T06:15:39.817Z,gpu-3uwoq-6g3ya-2,ib_counter,rdma_vf_rail3,link_downed,0
2026-09-30T06:15:39.817Z,gpu-3uwoq-6g3ya-2,ib_hw_counter,rdma_vf_rail3,out_of_sequence,0
2026-09-30T06:15:39.817Z,gpu-3uwoq-6g3ya-2,ib_hw_counter,rdma_vf_rail3,packet_seq_err,1
2026-09-30T06:15:39.817Z,gpu-3uwoq-6g3ya-2,ib_hw_counter,rdma_vf_rail3,local_ack_timeout_err,0
2026-09-30T06:15:39.817Z,gpu-3uwoq-6g3ya-2,ib_hw_counter,rdma_vf_rail3,rx_write_requests,7.05021e+08
2026-09-30T06:15:39.817Z,gpu-3uwoq-6g3ya-2,ib_hw_counter,rdma_vf_rail3,rx_read_requests,1.042e+07
2026-09-30T06:15:39.817Z,gpu-3uwoq-6g3ya-2,ib_hw_counter,rdma_vf_rail3,req_cqe_error,0
2026-09-30T06:15:39.817Z,gpu-3uwoq-6g3ya-2,ib_hw_counter,rdma_vf_rail3,resp_cqe_error,0
2026-09-30T06:15:39.817Z,gpu-3uwoq-6g3ya-2,ib_hw_counter,rdma_vf_rail3,implied_nak_seq_err,0
2026-09-30T06:15:39.817Z,gpu-3uwoq-6g3ya-2,ib_hw_counter,rdma_vf_rail3,duplicate_request,0
2026-09-30T06:15:39.817Z,gpu-3uwoq-6g3ya-2,dcgm,gpu2,gpu_util,0
2026-09-30T06:15:39.817Z,gpu-3uwoq-6g3ya-2,dcgm,gpu3,gpu_util,0
2026-09-30T06:15:39.817Z,gpu-3uwoq-6g3ya-2,dcgm,gpu1,gpu_util,0
2026-09-30T06:15:39.817Z,gpu-3uwoq-6g3ya-2,dcgm,gpu0,gpu_util,0
2026-09-30T06:15:39.817Z,gpu-3uwoq-6g3ya-2,dcgm,gpu2,nvlink_bandwidth_total,0
2026-09-30T06:15:39.817Z,gpu-3uwoq-6g3ya-2,dcgm,gpu3,nvlink_bandwidth_total,0
2026-09-30T06:15:39.817Z,gpu-3uwoq-6g3ya-2,dcgm,gpu1,nvlink_bandwidth_total,0
2026-09-30T06:15:39.817Z,gpu-3uwoq-6g3ya-2,dcgm,gpu0,nvlink_bandwidth_total,0
2026-09-30T06:15:39.817Z,gpu-3uwoq-6g3ya-2,dcgm,gpu2,power_w,231.327
2026-09-30T06:15:39.817Z,gpu-3uwoq-6g3ya-2,dcgm,gpu3,power_w,234.078
2026-09-30T06:15:39.817Z,gpu-3uwoq-6g3ya-2,dcgm,gpu1,power_w,229.995
2026-09-30T06:15:39.817Z,gpu-3uwoq-6g3ya-2,dcgm,gpu0,power_w,226.432
2026-09-30T06:15:39.817Z,gpu-3uwoq-6g3ya-2,dcgm,gpu2,sm_clock_mhz,2070
2026-09-30T06:15:39.817Z,gpu-3uwoq-6g3ya-2,dcgm,gpu3,sm_clock_mhz,2070
2026-09-30T06:15:39.817Z,gpu-3uwoq-6g3ya-2,dcgm,gpu1,sm_clock_mhz,2070
2026-09-30T06:15:39.817Z,gpu-3uwoq-6g3ya-2,dcgm,gpu0,sm_clock_mhz,2070
2026-09-30T06:15:39.817Z,gpu-3uwoq-6g3ya-2,dcgm,gpu2,dram_active,6e-06
2026-09-30T06:15:39.817Z,gpu-3uwoq-6g3ya-2,dcgm,gpu3,dram_active,6e-06
2026-09-30T06:15:39.817Z,gpu-3uwoq-6g3ya-2,dcgm,gpu1,dram_active,6e-06
2026-09-30T06:15:39.817Z,gpu-3uwoq-6g3ya-2,dcgm,gpu0,dram_active,6e-06
2026-09-30T06:15:39.817Z,gpu-3uwoq-6g3ya-2,dcgm,gpu2,pcie_rx_bytes,336980
2026-09-30T06:15:39.817Z,gpu-3uwoq-6g3ya-2,dcgm,gpu3,pcie_rx_bytes,328407
2026-09-30T06:15:39.817Z,gpu-3uwoq-6g3ya-2,dcgm,gpu1,pcie_rx_bytes,359867
2026-09-30T06:15:39.817Z,gpu-3uwoq-6g3ya-2,dcgm,gpu0,pcie_rx_bytes,361704
2026-09-30T06:15:39.817Z,gpu-3uwoq-6g3ya-2,dcgm,gpu2,pcie_tx_bytes,289363
2026-09-30T06:15:39.817Z,gpu-3uwoq-6g3ya-2,dcgm,gpu3,pcie_tx_bytes,280676
2026-09-30T06:15:39.817Z,gpu-3uwoq-6g3ya-2,dcgm,gpu1,pcie_tx_bytes,313256
2026-09-30T06:15:39.817Z,gpu-3uwoq-6g3ya-2,dcgm,gpu0,pcie_tx_bytes,314760
2026-09-30T06:15:39.817Z,gpu-3uwoq-6g3ya-2,dcgm,gpu2,tensor_active,0
2026-09-30T06:15:39.817Z,gpu-3uwoq-6g3ya-2,dcgm,gpu3,tensor_active,0
2026-09-30T06:15:39.817Z,gpu-3uwoq-6g3ya-2,dcgm,gpu1,tensor_active,0
2026-09-30T06:15:39.817Z,gpu-3uwoq-6g3ya-2,dcgm,gpu0,tensor_active,0
2026-09-30T06:15:39.817Z,gpu-3uwoq-6g3ya-2,dcgm,gpu2,sm_active,1e-06
2026-09-30T06:15:39.817Z,gpu-3uwoq-6g3ya-2,dcgm,gpu3,sm_active,1e-06
2026-09-30T06:15:39.817Z,gpu-3uwoq-6g3ya-2,dcgm,gpu1,sm_active,1e-06
2026-09-30T06:15:39.817Z,gpu-3uwoq-6g3ya-2,dcgm,gpu0,sm_active,1e-06
2026-09-30T06:15:39.817Z,gpu-3uwoq-6g3ya-2,nvlink,gpu0,nvlink_rx_bytes,4.66294e+13
2026-09-30T06:15:39.817Z,gpu-3uwoq-6g3ya-2,nvlink,gpu0,nvlink_tx_bytes,4.66299e+13
2026-09-30T06:15:39.817Z,gpu-3uwoq-6g3ya-2,nvlink,gpu1,nvlink_rx_bytes,4.66294e+13
2026-09-30T06:15:39.817Z,gpu-3uwoq-6g3ya-2,nvlink,gpu1,nvlink_tx_bytes,4.66297e+13
2026-09-30T06:15:39.817Z,gpu-3uwoq-6g3ya-2,nvlink,gpu2,nvlink_rx_bytes,4.66291e+13
2026-09-30T06:15:39.817Z,gpu-3uwoq-6g3ya-2,nvlink,gpu2,nvlink_tx_bytes,4.66294e+13
2026-09-30T06:15:39.817Z,gpu-3uwoq-6g3ya-2,nvlink,gpu3,nvlink_rx_bytes,4.66274e+13
2026-09-30T06:15:39.817Z,gpu-3uwoq-6g3ya-2,nvlink,gpu3,nvlink_tx_bytes,4.66275e+13
2026-09-30T06:15:40.817Z,gpu-3uwoq-6g3ya-2,ib_counter,rdma_vf_rail0,port_xmit_data,2.76329e+12
2026-09-30T06:15:40.817Z,gpu-3uwoq-6g3ya-2,ib_counter,rdma_vf_rail0,port_rcv_data,5.72235e+12
2026-09-30T06:15:40.817Z,gpu-3uwoq-6g3ya-2,ib_counter,rdma_vf_rail0,port_xmit_packets,9.5609e+08
2026-09-30T06:15:40.817Z,gpu-3uwoq-6g3ya-2,ib_counter,rdma_vf_rail0,port_rcv_packets,1.57821e+09
2026-09-30T06:15:40.817Z,gpu-3uwoq-6g3ya-2,ib_counter,rdma_vf_rail0,port_xmit_wait,0
2026-09-30T06:15:40.817Z,gpu-3uwoq-6g3ya-2,ib_counter,rdma_vf_rail0,port_rcv_errors,0
2026-09-30T06:15:40.817Z,gpu-3uwoq-6g3ya-2,ib_counter,rdma_vf_rail0,port_xmit_discards,0
2026-09-30T06:15:40.817Z,gpu-3uwoq-6g3ya-2,ib_counter,rdma_vf_rail0,link_downed,0
2026-09-30T06:15:40.817Z,gpu-3uwoq-6g3ya-2,ib_hw_counter,rdma_vf_rail0,out_of_sequence,0
2026-09-30T06:15:40.817Z,gpu-3uwoq-6g3ya-2,ib_hw_counter,rdma_vf_rail0,packet_seq_err,0
2026-09-30T06:15:40.817Z,gpu-3uwoq-6g3ya-2,ib_hw_counter,rdma_vf_rail0,local_ack_timeout_err,0
2026-09-30T06:15:40.817Z,gpu-3uwoq-6g3ya-2,ib_hw_counter,rdma_vf_rail0,rx_write_requests,7.05021e+08
2026-09-30T06:15:40.817Z,gpu-3uwoq-6g3ya-2,ib_hw_counter,rdma_vf_rail0,rx_read_requests,1.042e+07
2026-09-30T06:15:40.817Z,gpu-3uwoq-6g3ya-2,ib_hw_counter,rdma_vf_rail0,req_cqe_error,0
2026-09-30T06:15:40.817Z,gpu-3uwoq-6g3ya-2,ib_hw_counter,rdma_vf_rail0,resp_cqe_error,0
2026-09-30T06:15:40.817Z,gpu-3uwoq-6g3ya-2,ib_hw_counter,rdma_vf_rail0,implied_nak_seq_err,0
2026-09-30T06:15:40.817Z,gpu-3uwoq-6g3ya-2,ib_hw_counter,rdma_vf_rail0,duplicate_request,0
2026-09-30T06:15:40.817Z,gpu-3uwoq-6g3ya-2,ib_counter,rdma_vf_rail1,port_xmit_data,2.76263e+12
2026-09-30T06:15:40.817Z,gpu-3uwoq-6g3ya-2,ib_counter,rdma_vf_rail1,port_rcv_data,5.72189e+12
2026-09-30T06:15:40.817Z,gpu-3uwoq-6g3ya-2,ib_counter,rdma_vf_rail1,port_xmit_packets,9.52939e+08
2026-09-30T06:15:40.817Z,gpu-3uwoq-6g3ya-2,ib_counter,rdma_vf_rail1,port_rcv_packets,1.57742e+09
2026-09-30T06:15:40.817Z,gpu-3uwoq-6g3ya-2,ib_counter,rdma_vf_rail1,port_xmit_wait,0
2026-09-30T06:15:40.817Z,gpu-3uwoq-6g3ya-2,ib_counter,rdma_vf_rail1,port_rcv_errors,0
2026-09-30T06:15:40.817Z,gpu-3uwoq-6g3ya-2,ib_counter,rdma_vf_rail1,port_xmit_discards,0
2026-09-30T06:15:40.817Z,gpu-3uwoq-6g3ya-2,ib_counter,rdma_vf_rail1,link_downed,0
2026-09-30T06:15:40.817Z,gpu-3uwoq-6g3ya-2,ib_hw_counter,rdma_vf_rail1,out_of_sequence,0
2026-09-30T06:15:40.817Z,gpu-3uwoq-6g3ya-2,ib_hw_counter,rdma_vf_rail1,packet_seq_err,0
2026-09-30T06:15:40.817Z,gpu-3uwoq-6g3ya-2,ib_hw_counter,rdma_vf_rail1,local_ack_timeout_err,0
2026-09-30T06:15:40.817Z,gpu-3uwoq-6g3ya-2,ib_hw_counter,rdma_vf_rail1,rx_write_requests,7.05022e+08
2026-09-30T06:15:40.817Z,gpu-3uwoq-6g3ya-2,ib_hw_counter,rdma_vf_rail1,rx_read_requests,1.042e+07
2026-09-30T06:15:40.817Z,gpu-3uwoq-6g3ya-2,ib_hw_counter,rdma_vf_rail1,req_cqe_error,0
2026-09-30T06:15:40.817Z,gpu-3uwoq-6g3ya-2,ib_hw_counter,rdma_vf_rail1,resp_cqe_error,0
2026-09-30T06:15:40.817Z,gpu-3uwoq-6g3ya-2,ib_hw_counter,rdma_vf_rail1,implied_nak_seq_err,0
2026-09-30T06:15:40.817Z,gpu-3uwoq-6g3ya-2,ib_hw_counter,rdma_vf_rail1,duplicate_request,0
2026-09-30T06:15:40.817Z,gpu-3uwoq-6g3ya-2,ib_counter,rdma_vf_rail2,port_xmit_data,2.76181e+12
2026-09-30T06:15:40.817Z,gpu-3uwoq-6g3ya-2,ib_counter,rdma_vf_rail2,port_rcv_data,5.72057e+12
2026-09-30T06:15:40.817Z,gpu-3uwoq-6g3ya-2,ib_counter,rdma_vf_rail2,port_xmit_packets,9.4252e+08
2026-09-30T06:15:40.817Z,gpu-3uwoq-6g3ya-2,ib_counter,rdma_vf_rail2,port_rcv_packets,1.56133e+09
2026-09-30T06:15:40.817Z,gpu-3uwoq-6g3ya-2,ib_counter,rdma_vf_rail2,port_xmit_wait,0
2026-09-30T06:15:40.817Z,gpu-3uwoq-6g3ya-2,ib_counter,rdma_vf_rail2,port_rcv_errors,0
2026-09-30T06:15:40.817Z,gpu-3uwoq-6g3ya-2,ib_counter,rdma_vf_rail2,port_xmit_discards,0
2026-09-30T06:15:40.817Z,gpu-3uwoq-6g3ya-2,ib_counter,rdma_vf_rail2,link_downed,0
2026-09-30T06:15:40.817Z,gpu-3uwoq-6g3ya-2,ib_hw_counter,rdma_vf_rail2,out_of_sequence,0
2026-09-30T06:15:40.817Z,gpu-3uwoq-6g3ya-2,ib_hw_counter,rdma_vf_rail2,packet_seq_err,0
2026-09-30T06:15:40.817Z,gpu-3uwoq-6g3ya-2,ib_hw_counter,rdma_vf_rail2,local_ack_timeout_err,0
2026-09-30T06:15:40.817Z,gpu-3uwoq-6g3ya-2,ib_hw_counter,rdma_vf_rail2,rx_write_requests,7.05021e+08
2026-09-30T06:15:40.817Z,gpu-3uwoq-6g3ya-2,ib_hw_counter,rdma_vf_rail2,rx_read_requests,1.042e+07
2026-09-30T06:15:40.817Z,gpu-3uwoq-6g3ya-2,ib_hw_counter,rdma_vf_rail2,req_cqe_error,0
2026-09-30T06:15:40.817Z,gpu-3uwoq-6g3ya-2,ib_hw_counter,rdma_vf_rail2,resp_cqe_error,0
2026-09-30T06:15:40.817Z,gpu-3uwoq-6g3ya-2,ib_hw_counter,rdma_vf_rail2,implied_nak_seq_err,0
2026-09-30T06:15:40.817Z,gpu-3uwoq-6g3ya-2,ib_hw_counter,rdma_vf_rail2,duplicate_request,0
2026-09-30T06:15:40.817Z,gpu-3uwoq-6g3ya-2,ib_counter,rdma_vf_rail3,port_xmit_data,2.76167e+12
2026-09-30T06:15:40.817Z,gpu-3uwoq-6g3ya-2,ib_counter,rdma_vf_rail3,port_rcv_data,5.72118e+12
2026-09-30T06:15:40.817Z,gpu-3uwoq-6g3ya-2,ib_counter,rdma_vf_rail3,port_xmit_packets,9.40862e+08
2026-09-30T06:15:40.817Z,gpu-3uwoq-6g3ya-2,ib_counter,rdma_vf_rail3,port_rcv_packets,1.56875e+09
2026-09-30T06:15:40.817Z,gpu-3uwoq-6g3ya-2,ib_counter,rdma_vf_rail3,port_xmit_wait,0
2026-09-30T06:15:40.817Z,gpu-3uwoq-6g3ya-2,ib_counter,rdma_vf_rail3,port_rcv_errors,0
2026-09-30T06:15:40.817Z,gpu-3uwoq-6g3ya-2,ib_counter,rdma_vf_rail3,port_xmit_discards,0
2026-09-30T06:15:40.817Z,gpu-3uwoq-6g3ya-2,ib_counter,rdma_vf_rail3,link_downed,0
2026-09-30T06:15:40.817Z,gpu-3uwoq-6g3ya-2,ib_hw_counter,rdma_vf_rail3,out_of_sequence,0
2026-09-30T06:15:40.817Z,gpu-3uwoq-6g3ya-2,ib_hw_counter,rdma_vf_rail3,packet_seq_err,1
2026-09-30T06:15:40.817Z,gpu-3uwoq-6g3ya-2,ib_hw_counter,rdma_vf_rail3,local_ack_timeout_err,0
2026-09-30T06:15:40.817Z,gpu-3uwoq-6g3ya-2,ib_hw_counter,rdma_vf_rail3,rx_write_requests,7.05021e+08
2026-09-30T06:15:40.817Z,gpu-3uwoq-6g3ya-2,ib_hw_counter,rdma_vf_rail3,rx_read_requests,1.042e+07
2026-09-30T06:15:40.817Z,gpu-3uwoq-6g3ya-2,ib_hw_counter,rdma_vf_rail3,req_cqe_error,0
2026-09-30T06:15:40.817Z,gpu-3uwoq-6g3ya-2,ib_hw_counter,rdma_vf_rail3,resp_cqe_error,0
2026-09-30T06:15:40.817Z,gpu-3uwoq-6g3ya-2,ib_hw_counter,rdma_vf_rail3,implied_nak_seq_err,0
2026-09-30T06:15:40.817Z,gpu-3uwoq-6g3ya-2,ib_hw_counter,rdma_vf_rail3,duplicate_request,0
2026-09-30T06:15:40.817Z,gpu-3uwoq-6g3ya-2,dcgm,gpu2,gpu_util,0
2026-09-30T06:15:40.817Z,gpu-3uwoq-6g3ya-2,dcgm,gpu3,gpu_util,0
2026-09-30T06:15:40.817Z,gpu-3uwoq-6g3ya-2,dcgm,gpu1,gpu_util,0
2026-09-30T06:15:40.817Z,gpu-3uwoq-6g3ya-2,dcgm,gpu0,gpu_util,0
2026-09-30T06:15:40.817Z,gpu-3uwoq-6g3ya-2,dcgm,gpu2,nvlink_bandwidth_total,0
2026-09-30T06:15:40.817Z,gpu-3uwoq-6g3ya-2,dcgm,gpu3,nvlink_bandwidth_total,0
2026-09-30T06:15:40.817Z,gpu-3uwoq-6g3ya-2,dcgm,gpu1,nvlink_bandwidth_total,0
2026-09-30T06:15:40.817Z,gpu-3uwoq-6g3ya-2,dcgm,gpu0,nvlink_bandwidth_total,0
2026-09-30T06:15:40.817Z,gpu-3uwoq-6g3ya-2,dcgm,gpu2,power_w,231.327
2026-09-30T06:15:40.817Z,gpu-3uwoq-6g3ya-2,dcgm,gpu3,power_w,234.078
2026-09-30T06:15:40.817Z,gpu-3uwoq-6g3ya-2,dcgm,gpu1,power_w,229.995
2026-09-30T06:15:40.817Z,gpu-3uwoq-6g3ya-2,dcgm,gpu0,power_w,226.432
2026-09-30T06:15:40.817Z,gpu-3uwoq-6g3ya-2,dcgm,gpu2,sm_clock_mhz,2070
2026-09-30T06:15:40.817Z,gpu-3uwoq-6g3ya-2,dcgm,gpu3,sm_clock_mhz,2070
2026-09-30T06:15:40.817Z,gpu-3uwoq-6g3ya-2,dcgm,gpu1,sm_clock_mhz,2070
2026-09-30T06:15:40.817Z,gpu-3uwoq-6g3ya-2,dcgm,gpu0,sm_clock_mhz,2070
2026-09-30T06:15:40.817Z,gpu-3uwoq-6g3ya-2,dcgm,gpu2,dram_active,6e-06
2026-09-30T06:15:40.817Z,gpu-3uwoq-6g3ya-2,dcgm,gpu3,dram_active,6e-06
2026-09-30T06:15:40.817Z,gpu-3uwoq-6g3ya-2,dcgm,gpu1,dram_active,6e-06
2026-09-30T06:15:40.817Z,gpu-3uwoq-6g3ya-2,dcgm,gpu0,dram_active,6e-06
2026-09-30T06:15:40.817Z,gpu-3uwoq-6g3ya-2,dcgm,gpu2,pcie_rx_bytes,336980
2026-09-30T06:15:40.817Z,gpu-3uwoq-6g3ya-2,dcgm,gpu3,pcie_rx_bytes,328407
2026-09-30T06:15:40.817Z,gpu-3uwoq-6g3ya-2,dcgm,gpu1,pcie_rx_bytes,359867
2026-09-30T06:15:40.817Z,gpu-3uwoq-6g3ya-2,dcgm,gpu0,pcie_rx_bytes,361704
2026-09-30T06:15:40.817Z,gpu-3uwoq-6g3ya-2,dcgm,gpu2,pcie_tx_bytes,289363
2026-09-30T06:15:40.817Z,gpu-3uwoq-6g3ya-2,dcgm,gpu3,pcie_tx_bytes,280676
2026-09-30T06:15:40.817Z,gpu-3uwoq-6g3ya-2,dcgm,gpu1,pcie_tx_bytes,313256
2026-09-30T06:15:40.817Z,gpu-3uwoq-6g3ya-2,dcgm,gpu0,pcie_tx_bytes,314760
2026-09-30T06:15:40.817Z,gpu-3uwoq-6g3ya-2,dcgm,gpu2,tensor_active,0
2026-09-30T06:15:40.817Z,gpu-3uwoq-6g3ya-2,dcgm,gpu3,tensor_active,0
2026-09-30T06:15:40.817Z,gpu-3uwoq-6g3ya-2,dcgm,gpu1,tensor_active,0
2026-09-30T06:15:40.817Z,gpu-3uwoq-6g3ya-2,dcgm,gpu0,tensor_active,0
2026-09-30T06:15:40.817Z,gpu-3uwoq-6g3ya-2,dcgm,gpu2,sm_active,1e-06
2026-09-30T06:15:40.817Z,gpu-3uwoq-6g3ya-2,dcgm,gpu3,sm_active,1e-06
2026-09-30T06:15:40.817Z,gpu-3uwoq-6g3ya-2,dcgm,gpu1,sm_active,1e-06
2026-09-30T06:15:40.817Z,gpu-3uwoq-6g3ya-2,dcgm,gpu0,sm_active,1e-06
2026-09-30T06:15:40.817Z,gpu-3uwoq-6g3ya-2,nvlink,gpu0,nvlink_rx_bytes,4.66294e+13
2026-09-30T06:15:40.817Z,gpu-3uwoq-6g3ya-2,nvlink,gpu0,nvlink_tx_bytes,4.66299e+13
2026-09-30T06:15:40.817Z,gpu-3uwoq-6g3ya-2,nvlink,gpu1,nvlink_rx_bytes,4.66294e+13
2026-09-30T06:15:40.817Z,gpu-3uwoq-6g3ya-2,nvlink,gpu1,nvlink_tx_bytes,4.66297e+13
2026-09-30T06:15:40.817Z,gpu-3uwoq-6g3ya-2,nvlink,gpu2,nvlink_rx_bytes,4.66291e+13
2026-09-30T06:15:40.817Z,gpu-3uwoq-6g3ya-2,nvlink,gpu2,nvlink_tx_bytes,4.66294e+13
2026-09-30T06:15:40.817Z,gpu-3uwoq-6g3ya-2,nvlink,gpu3,nvlink_rx_bytes,4.66274e+13
2026-09-30T06:15:40.817Z,gpu-3uwoq-6g3ya-2,nvlink,gpu3,nvlink_tx_bytes,4.66275e+13
2026-09-30T06:15:41.817Z,gpu-3uwoq-6g3ya-2,ib_counter,rdma_vf_rail0,port_xmit_data,2.76329e+12
2026-09-30T06:15:41.817Z,gpu-3uwoq-6g3ya-2,ib_counter,rdma_vf_rail0,port_rcv_data,5.72235e+12
2026-09-30T06:15:41.817Z,gpu-3uwoq-6g3ya-2,ib_counter,rdma_vf_rail0,port_xmit_packets,9.5609e+08
2026-09-30T06:15:41.817Z,gpu-3uwoq-6g3ya-2,ib_counter,rdma_vf_rail0,port_rcv_packets,1.57821e+09
2026-09-30T06:15:41.817Z,gpu-3uwoq-6g3ya-2,ib_counter,rdma_vf_rail0,port_xmit_wait,0
2026-09-30T06:15:41.817Z,gpu-3uwoq-6g3ya-2,ib_counter,rdma_vf_rail0,port_rcv_errors,0
2026-09-30T06:15:41.817Z,gpu-3uwoq-6g3ya-2,ib_counter,rdma_vf_rail0,port_xmit_discards,0
2026-09-30T06:15:41.817Z,gpu-3uwoq-6g3ya-2,ib_counter,rdma_vf_rail0,link_downed,0
2026-09-30T06:15:41.817Z,gpu-3uwoq-6g3ya-2,ib_hw_counter,rdma_vf_rail0,out_of_sequence,0
2026-09-30T06:15:41.817Z,gpu-3uwoq-6g3ya-2,ib_hw_counter,rdma_vf_rail0,packet_seq_err,0
2026-09-30T06:15:41.817Z,gpu-3uwoq-6g3ya-2,ib_hw_counter,rdma_vf_rail0,local_ack_timeout_err,0
2026-09-30T06:15:41.817Z,gpu-3uwoq-6g3ya-2,ib_hw_counter,rdma_vf_rail0,rx_write_requests,7.05021e+08
2026-09-30T06:15:41.817Z,gpu-3uwoq-6g3ya-2,ib_hw_counter,rdma_vf_rail0,rx_read_requests,1.042e+07
2026-09-30T06:15:41.817Z,gpu-3uwoq-6g3ya-2,ib_hw_counter,rdma_vf_rail0,req_cqe_error,0
2026-09-30T06:15:41.817Z,gpu-3uwoq-6g3ya-2,ib_hw_counter,rdma_vf_rail0,resp_cqe_error,0
2026-09-30T06:15:41.817Z,gpu-3uwoq-6g3ya-2,ib_hw_counter,rdma_vf_rail0,implied_nak_seq_err,0
2026-09-30T06:15:41.817Z,gpu-3uwoq-6g3ya-2,ib_hw_counter,rdma_vf_rail0,duplicate_request,0
2026-09-30T06:15:41.817Z,gpu-3uwoq-6g3ya-2,ib_counter,rdma_vf_rail1,port_xmit_data,2.76263e+12
2026-09-30T06:15:41.817Z,gpu-3uwoq-6g3ya-2,ib_counter,rdma_vf_rail1,port_rcv_data,5.72189e+12
2026-09-30T06:15:41.817Z,gpu-3uwoq-6g3ya-2,ib_counter,rdma_vf_rail1,port_xmit_packets,9.52939e+08
2026-09-30T06:15:41.817Z,gpu-3uwoq-6g3ya-2,ib_counter,rdma_vf_rail1,port_rcv_packets,1.57742e+09
2026-09-30T06:15:41.817Z,gpu-3uwoq-6g3ya-2,ib_counter,rdma_vf_rail1,port_xmit_wait,0
2026-09-30T06:15:41.817Z,gpu-3uwoq-6g3ya-2,ib_counter,rdma_vf_rail1,port_rcv_errors,0
2026-09-30T06:15:41.817Z,gpu-3uwoq-6g3ya-2,ib_counter,rdma_vf_rail1,port_xmit_discards,0
2026-09-30T06:15:41.817Z,gpu-3uwoq-6g3ya-2,ib_counter,rdma_vf_rail1,link_downed,0
2026-09-30T06:15:41.817Z,gpu-3uwoq-6g3ya-2,ib_hw_counter,rdma_vf_rail1,out_of_sequence,0
2026-09-30T06:15:41.817Z,gpu-3uwoq-6g3ya-2,ib_hw_counter,rdma_vf_rail1,packet_seq_err,0
2026-09-30T06:15:41.817Z,gpu-3uwoq-6g3ya-2,ib_hw_counter,rdma_vf_rail1,local_ack_timeout_err,0
2026-09-30T06:15:41.817Z,gpu-3uwoq-6g3ya-2,ib_hw_counter,rdma_vf_rail1,rx_write_requests,7.05022e+08
2026-09-30T06:15:41.817Z,gpu-3uwoq-6g3ya-2,ib_hw_counter,rdma_vf_rail1,rx_read_requests,1.042e+07
2026-09-30T06:15:41.817Z,gpu-3uwoq-6g3ya-2,ib_hw_counter,rdma_vf_rail1,req_cqe_error,0
2026-09-30T06:15:41.817Z,gpu-3uwoq-6g3ya-2,ib_hw_counter,rdma_vf_rail1,resp_cqe_error,0
2026-09-30T06:15:41.817Z,gpu-3uwoq-6g3ya-2,ib_hw_counter,rdma_vf_rail1,implied_nak_seq_err,0
2026-09-30T06:15:41.817Z,gpu-3uwoq-6g3ya-2,ib_hw_counter,rdma_vf_rail1,duplicate_request,0
2026-09-30T06:15:41.817Z,gpu-3uwoq-6g3ya-2,ib_counter,rdma_vf_rail2,port_xmit_data,2.76181e+12
2026-09-30T06:15:41.817Z,gpu-3uwoq-6g3ya-2,ib_counter,rdma_vf_rail2,port_rcv_data,5.72057e+12
2026-09-30T06:15:41.817Z,gpu-3uwoq-6g3ya-2,ib_counter,rdma_vf_rail2,port_xmit_packets,9.4252e+08
2026-09-30T06:15:41.817Z,gpu-3uwoq-6g3ya-2,ib_counter,rdma_vf_rail2,port_rcv_packets,1.56133e+09
2026-09-30T06:15:41.817Z,gpu-3uwoq-6g3ya-2,ib_counter,rdma_vf_rail2,port_xmit_wait,0
2026-09-30T06:15:41.817Z,gpu-3uwoq-6g3ya-2,ib_counter,rdma_vf_rail2,port_rcv_errors,0
2026-09-30T06:15:41.817Z,gpu-3uwoq-6g3ya-2,ib_counter,rdma_vf_rail2,port_xmit_discards,0
2026-09-30T06:15:41.817Z,gpu-3uwoq-6g3ya-2,ib_counter,rdma_vf_rail2,link_downed,0
2026-09-30T06:15:41.817Z,gpu-3uwoq-6g3ya-2,ib_hw_counter,rdma_vf_rail2,out_of_sequence,0
2026-09-30T06:15:41.817Z,gpu-3uwoq-6g3ya-2,ib_hw_counter,rdma_vf_rail2,packet_seq_err,0
2026-09-30T06:15:41.817Z,gpu-3uwoq-6g3ya-2,ib_hw_counter,rdma_vf_rail2,local_ack_timeout_err,0
2026-09-30T06:15:41.817Z,gpu-3uwoq-6g3ya-2,ib_hw_counter,rdma_vf_rail2,rx_write_requests,7.05021e+08
2026-09-30T06:15:41.817Z,gpu-3uwoq-6g3ya-2,ib_hw_counter,rdma_vf_rail2,rx_read_requests,1.042e+07
2026-09-30T06:15:41.817Z,gpu-3uwoq-6g3ya-2,ib_hw_counter,rdma_vf_rail2,req_cqe_error,0
2026-09-30T06:15:41.817Z,gpu-3uwoq-6g3ya-2,ib_hw_counter,rdma_vf_rail2,resp_cqe_error,0
2026-09-30T06:15:41.817Z,gpu-3uwoq-6g3ya-2,ib_hw_counter,rdma_vf_rail2,implied_nak_seq_err,0
2026-09-30T06:15:41.817Z,gpu-3uwoq-6g3ya-2,ib_hw_counter,rdma_vf_rail2,duplicate_request,0
2026-09-30T06:15:41.817Z,gpu-3uwoq-6g3ya-2,ib_counter,rdma_vf_rail3,port_xmit_data,2.76167e+12
2026-09-30T06:15:41.817Z,gpu-3uwoq-6g3ya-2,ib_counter,rdma_vf_rail3,port_rcv_data,5.72118e+12
2026-09-30T06:15:41.817Z,gpu-3uwoq-6g3ya-2,ib_counter,rdma_vf_rail3,port_xmit_packets,9.40862e+08
2026-09-30T06:15:41.817Z,gpu-3uwoq-6g3ya-2,ib_counter,rdma_vf_rail3,port_rcv_packets,1.56875e+09
2026-09-30T06:15:41.817Z,gpu-3uwoq-6g3ya-2,ib_counter,rdma_vf_rail3,port_xmit_wait,0
2026-09-30T06:15:41.817Z,gpu-3uwoq-6g3ya-2,ib_counter,rdma_vf_rail3,port_rcv_errors,0
2026-09-30T06:15:41.817Z,gpu-3uwoq-6g3ya-2,ib_counter,rdma_vf_rail3,port_xmit_discards,0
2026-09-30T06:15:41.817Z,gpu-3uwoq-6g3ya-2,ib_counter,rdma_vf_rail3,link_downed,0
2026-09-30T06:15:41.817Z,gpu-3uwoq-6g3ya-2,ib_hw_counter,rdma_vf_rail3,out_of_sequence,0
2026-09-30T06:15:41.817Z,gpu-3uwoq-6g3ya-2,ib_hw_counter,rdma_vf_rail3,packet_seq_err,1
2026-09-30T06:15:41.817Z,gpu-3uwoq-6g3ya-2,ib_hw_counter,rdma_vf_rail3,local_ack_timeout_err,0
2026-09-30T06:15:41.817Z,gpu-3uwoq-6g3ya-2,ib_hw_counter,rdma_vf_rail3,rx_write_requests,7.05021e+08
2026-09-30T06:15:41.817Z,gpu-3uwoq-6g3ya-2,ib_hw_counter,rdma_vf_rail3,rx_read_requests,1.042e+07
2026-09-30T06:15:41.817Z,gpu-3uwoq-6g3ya-2,ib_hw_counter,rdma_vf_rail3,req_cqe_error,0
2026-09-30T06:15:41.817Z,gpu-3uwoq-6g3ya-2,ib_hw_counter,rdma_vf_rail3,resp_cqe_error,0
2026-09-30T06:15:41.817Z,gpu-3uwoq-6g3ya-2,ib_hw_counter,rdma_vf_rail3,implied_nak_seq_err,0
2026-09-30T06:15:41.817Z,gpu-3uwoq-6g3ya-2,ib_hw_counter,rdma_vf_rail3,duplicate_request,0
2026-09-30T06:15:41.817Z,gpu-3uwoq-6g3ya-2,dcgm,gpu2,gpu_util,0
2026-09-30T06:15:41.817Z,gpu-3uwoq-6g3ya-2,dcgm,gpu3,gpu_util,0
2026-09-30T06:15:41.817Z,gpu-3uwoq-6g3ya-2,dcgm,gpu1,gpu_util,0
2026-09-30T06:15:41.817Z,gpu-3uwoq-6g3ya-2,dcgm,gpu0,gpu_util,0
2026-09-30T06:15:41.817Z,gpu-3uwoq-6g3ya-2,dcgm,gpu2,nvlink_bandwidth_total,0
2026-09-30T06:15:41.817Z,gpu-3uwoq-6g3ya-2,dcgm,gpu3,nvlink_bandwidth_total,0
2026-09-30T06:15:41.817Z,gpu-3uwoq-6g3ya-2,dcgm,gpu1,nvlink_bandwidth_total,0
2026-09-30T06:15:41.817Z,gpu-3uwoq-6g3ya-2,dcgm,gpu0,nvlink_bandwidth_total,0
2026-09-30T06:15:41.817Z,gpu-3uwoq-6g3ya-2,dcgm,gpu2,power_w,231.327
2026-09-30T06:15:41.817Z,gpu-3uwoq-6g3ya-2,dcgm,gpu3,power_w,234.078
2026-09-30T06:15:41.817Z,gpu-3uwoq-6g3ya-2,dcgm,gpu1,power_w,229.995
2026-09-30T06:15:41.817Z,gpu-3uwoq-6g3ya-2,dcgm,gpu0,power_w,226.432
2026-09-30T06:15:41.817Z,gpu-3uwoq-6g3ya-2,dcgm,gpu2,sm_clock_mhz,2070
2026-09-30T06:15:41.817Z,gpu-3uwoq-6g3ya-2,dcgm,gpu3,sm_clock_mhz,2070
2026-09-30T06:15:41.817Z,gpu-3uwoq-6g3ya-2,dcgm,gpu1,sm_clock_mhz,2070
2026-09-30T06:15:41.817Z,gpu-3uwoq-6g3ya-2,dcgm,gpu0,sm_clock_mhz,2070
2026-09-30T06:15:41.817Z,gpu-3uwoq-6g3ya-2,dcgm,gpu2,dram_active,6e-06
2026-09-30T06:15:41.817Z,gpu-3uwoq-6g3ya-2,dcgm,gpu3,dram_active,6e-06
2026-09-30T06:15:41.817Z,gpu-3uwoq-6g3ya-2,dcgm,gpu1,dram_active,6e-06
2026-09-30T06:15:41.817Z,gpu-3uwoq-6g3ya-2,dcgm,gpu0,dram_active,6e-06
2026-09-30T06:15:41.817Z,gpu-3uwoq-6g3ya-2,dcgm,gpu2,pcie_rx_bytes,336980
2026-09-30T06:15:41.817Z,gpu-3uwoq-6g3ya-2,dcgm,gpu3,pcie_rx_bytes,328407
2026-09-30T06:15:41.817Z,gpu-3uwoq-6g3ya-2,dcgm,gpu1,pcie_rx_bytes,359867
2026-09-30T06:15:41.817Z,gpu-3uwoq-6g3ya-2,dcgm,gpu0,pcie_rx_bytes,361704
2026-09-30T06:15:41.817Z,gpu-3uwoq-6g3ya-2,dcgm,gpu2,pcie_tx_bytes,289363
2026-09-30T06:15:41.817Z,gpu-3uwoq-6g3ya-2,dcgm,gpu3,pcie_tx_bytes,280676
2026-09-30T06:15:41.817Z,gpu-3uwoq-6g3ya-2,dcgm,gpu1,pcie_tx_bytes,313256
2026-09-30T06:15:41.817Z,gpu-3uwoq-6g3ya-2,dcgm,gpu0,pcie_tx_bytes,314760
2026-09-30T06:15:41.817Z,gpu-3uwoq-6g3ya-2,dcgm,gpu2,tensor_active,0
2026-09-30T06:15:41.817Z,gpu-3uwoq-6g3ya-2,dcgm,gpu3,tensor_active,0
2026-09-30T06:15:41.817Z,gpu-3uwoq-6g3ya-2,dcgm,gpu1,tensor_active,0
2026-09-30T06:15:41.817Z,gpu-3uwoq-6g3ya-2,dcgm,gpu0,tensor_active,0
2026-09-30T06:15:41.817Z,gpu-3uwoq-6g3ya-2,dcgm,gpu2,sm_active,1e-06
2026-09-30T06:15:41.817Z,gpu-3uwoq-6g3ya-2,dcgm,gpu3,sm_active,1e-06
2026-09-30T06:15:41.817Z,gpu-3uwoq-6g3ya-2,dcgm,gpu1,sm_active,1e-06
2026-09-30T06:15:41.817Z,gpu-3uwoq-6g3ya-2,dcgm,gpu0,sm_active,1e-06
2026-09-30T06:15:41.817Z,gpu-3uwoq-6g3ya-2,nvlink,gpu0,nvlink_rx_bytes,4.66294e+13
2026-09-30T06:15:41.817Z,gpu-3uwoq-6g3ya-2,nvlink,gpu0,nvlink_tx_bytes,4.66299e+13
2026-09-30T06:15:41.817Z,gpu-3uwoq-6g3ya-2,nvlink,gpu1,nvlink_rx_bytes,4.66294e+13
2026-09-30T06:15:41.817Z,gpu-3uwoq-6g3ya-2,nvlink,gpu1,nvlink_tx_bytes,4.66297e+13
2026-09-30T06:15:41.817Z,gpu-3uwoq-6g3ya-2,nvlink,gpu2,nvlink_rx_bytes,4.66291e+13
2026-09-30T06:15:41.817Z,gpu-3uwoq-6g3ya-2,nvlink,gpu2,nvlink_tx_bytes,4.66294e+13
2026-09-30T06:15:41.817Z,gpu-3uwoq-6g3ya-2,nvlink,gpu3,nvlink_rx_bytes,4.66274e+13
2026-09-30T06:15:41.817Z,gpu-3uwoq-6g3ya-2,nvlink,gpu3,nvlink_tx_bytes,4.66275e+13
2026-09-30T06:15:42.817Z,gpu-3uwoq-6g3ya-2,ib_counter,rdma_vf_rail0,port_xmit_data,2.76329e+12
2026-09-30T06:15:42.817Z,gpu-3uwoq-6g3ya-2,ib_counter,rdma_vf_rail0,port_rcv_data,5.72235e+12
2026-09-30T06:15:42.817Z,gpu-3uwoq-6g3ya-2,ib_counter,rdma_vf_rail0,port_xmit_packets,9.5609e+08
2026-09-30T06:15:42.817Z,gpu-3uwoq-6g3ya-2,ib_counter,rdma_vf_rail0,port_rcv_packets,1.57821e+09
2026-09-30T06:15:42.817Z,gpu-3uwoq-6g3ya-2,ib_counter,rdma_vf_rail0,port_xmit_wait,0
2026-09-30T06:15:42.817Z,gpu-3uwoq-6g3ya-2,ib_counter,rdma_vf_rail0,port_rcv_errors,0
2026-09-30T06:15:42.817Z,gpu-3uwoq-6g3ya-2,ib_counter,rdma_vf_rail0,port_xmit_discards,0
2026-09-30T06:15:42.817Z,gpu-3uwoq-6g3ya-2,ib_counter,rdma_vf_rail0,link_downed,0
2026-09-30T06:15:42.817Z,gpu-3uwoq-6g3ya-2,ib_hw_counter,rdma_vf_rail0,out_of_sequence,0
2026-09-30T06:15:42.817Z,gpu-3uwoq-6g3ya-2,ib_hw_counter,rdma_vf_rail0,packet_seq_err,0
2026-09-30T06:15:42.817Z,gpu-3uwoq-6g3ya-2,ib_hw_counter,rdma_vf_rail0,local_ack_timeout_err,0
2026-09-30T06:15:42.817Z,gpu-3uwoq-6g3ya-2,ib_hw_counter,rdma_vf_rail0,rx_write_requests,7.05021e+08
2026-09-30T06:15:42.817Z,gpu-3uwoq-6g3ya-2,ib_hw_counter,rdma_vf_rail0,rx_read_requests,1.042e+07
2026-09-30T06:15:42.817Z,gpu-3uwoq-6g3ya-2,ib_hw_counter,rdma_vf_rail0,req_cqe_error,0
2026-09-30T06:15:42.817Z,gpu-3uwoq-6g3ya-2,ib_hw_counter,rdma_vf_rail0,resp_cqe_error,0
2026-09-30T06:15:42.817Z,gpu-3uwoq-6g3ya-2,ib_hw_counter,rdma_vf_rail0,implied_nak_seq_err,0
2026-09-30T06:15:42.817Z,gpu-3uwoq-6g3ya-2,ib_hw_counter,rdma_vf_rail0,duplicate_request,0
2026-09-30T06:15:42.817Z,gpu-3uwoq-6g3ya-2,ib_counter,rdma_vf_rail1,port_xmit_data,2.76263e+12
2026-09-30T06:15:42.817Z,gpu-3uwoq-6g3ya-2,ib_counter,rdma_vf_rail1,port_rcv_data,5.72189e+12
2026-09-30T06:15:42.817Z,gpu-3uwoq-6g3ya-2,ib_counter,rdma_vf_rail1,port_xmit_packets,9.52939e+08
2026-09-30T06:15:42.817Z,gpu-3uwoq-6g3ya-2,ib_counter,rdma_vf_rail1,port_rcv_packets,1.57742e+09
2026-09-30T06:15:42.817Z,gpu-3uwoq-6g3ya-2,ib_counter,rdma_vf_rail1,port_xmit_wait,0
2026-09-30T06:15:42.817Z,gpu-3uwoq-6g3ya-2,ib_counter,rdma_vf_rail1,port_rcv_errors,0
2026-09-30T06:15:42.817Z,gpu-3uwoq-6g3ya-2,ib_counter,rdma_vf_rail1,port_xmit_discards,0
2026-09-30T06:15:42.817Z,gpu-3uwoq-6g3ya-2,ib_counter,rdma_vf_rail1,link_downed,0
2026-09-30T06:15:42.817Z,gpu-3uwoq-6g3ya-2,ib_hw_counter,rdma_vf_rail1,out_of_sequence,0
2026-09-30T06:15:42.817Z,gpu-3uwoq-6g3ya-2,ib_hw_counter,rdma_vf_rail1,packet_seq_err,0
2026-09-30T06:15:42.817Z,gpu-3uwoq-6g3ya-2,ib_hw_counter,rdma_vf_rail1,local_ack_timeout_err,0
2026-09-30T06:15:42.817Z,gpu-3uwoq-6g3ya-2,ib_hw_counter,rdma_vf_rail1,rx_write_requests,7.05022e+08
2026-09-30T06:15:42.817Z,gpu-3uwoq-6g3ya-2,ib_hw_counter,rdma_vf_rail1,rx_read_requests,1.042e+07
2026-09-30T06:15:42.817Z,gpu-3uwoq-6g3ya-2,ib_hw_counter,rdma_vf_rail1,req_cqe_error,0
2026-09-30T06:15:42.817Z,gpu-3uwoq-6g3ya-2,ib_hw_counter,rdma_vf_rail1,resp_cqe_error,0
2026-09-30T06:15:42.817Z,gpu-3uwoq-6g3ya-2,ib_hw_counter,rdma_vf_rail1,implied_nak_seq_err,0
2026-09-30T06:15:42.817Z,gpu-3uwoq-6g3ya-2,ib_hw_counter,rdma_vf_rail1,duplicate_request,0
2026-09-30T06:15:42.817Z,gpu-3uwoq-6g3ya-2,ib_counter,rdma_vf_rail2,port_xmit_data,2.76181e+12
2026-09-30T06:15:42.817Z,gpu-3uwoq-6g3ya-2,ib_counter,rdma_vf_rail2,port_rcv_data,5.72057e+12
2026-09-30T06:15:42.817Z,gpu-3uwoq-6g3ya-2,ib_counter,rdma_vf_rail2,port_xmit_packets,9.4252e+08
2026-09-30T06:15:42.817Z,gpu-3uwoq-6g3ya-2,ib_counter,rdma_vf_rail2,port_rcv_packets,1.56133e+09
2026-09-30T06:15:42.817Z,gpu-3uwoq-6g3ya-2,ib_counter,rdma_vf_rail2,port_xmit_wait,0
2026-09-30T06:15:42.817Z,gpu-3uwoq-6g3ya-2,ib_counter,rdma_vf_rail2,port_rcv_errors,0
2026-09-30T06:15:42.817Z,gpu-3uwoq-6g3ya-2,ib_counter,rdma_vf_rail2,port_xmit_discards,0
2026-09-30T06:15:42.817Z,gpu-3uwoq-6g3ya-2,ib_counter,rdma_vf_rail2,link_downed,0
2026-09-30T06:15:42.817Z,gpu-3uwoq-6g3ya-2,ib_hw_counter,rdma_vf_rail2,out_of_sequence,0
2026-09-30T06:15:42.817Z,gpu-3uwoq-6g3ya-2,ib_hw_counter,rdma_vf_rail2,packet_seq_err,0
2026-09-30T06:15:42.817Z,gpu-3uwoq-6g3ya-2,ib_hw_counter,rdma_vf_rail2,local_ack_timeout_err,0
2026-09-30T06:15:42.817Z,gpu-3uwoq-6g3ya-2,ib_hw_counter,rdma_vf_rail2,rx_write_requests,7.05021e+08
2026-09-30T06:15:42.817Z,gpu-3uwoq-6g3ya-2,ib_hw_counter,rdma_vf_rail2,rx_read_requests,1.042e+07
2026-09-30T06:15:42.817Z,gpu-3uwoq-6g3ya-2,ib_hw_counter,rdma_vf_rail2,req_cqe_error,0
2026-09-30T06:15:42.817Z,gpu-3uwoq-6g3ya-2,ib_hw_counter,rdma_vf_rail2,resp_cqe_error,0
2026-09-30T06:15:42.817Z,gpu-3uwoq-6g3ya-2,ib_hw_counter,rdma_vf_rail2,implied_nak_seq_err,0
2026-09-30T06:15:42.817Z,gpu-3uwoq-6g3ya-2,ib_hw_counter,rdma_vf_rail2,duplicate_request,0
2026-09-30T06:15:42.817Z,gpu-3uwoq-6g3ya-2,ib_counter,rdma_vf_rail3,port_xmit_data,2.76167e+12
2026-09-30T06:15:42.817Z,gpu-3uwoq-6g3ya-2,ib_counter,rdma_vf_rail3,port_rcv_data,5.72118e+12
2026-09-30T06:15:42.817Z,gpu-3uwoq-6g3ya-2,ib_counter,rdma_vf_rail3,port_xmit_packets,9.40862e+08
2026-09-30T06:15:42.817Z,gpu-3uwoq-6g3ya-2,ib_counter,rdma_vf_rail3,port_rcv_packets,1.56875e+09
2026-09-30T06:15:42.817Z,gpu-3uwoq-6g3ya-2,ib_counter,rdma_vf_rail3,port_xmit_wait,0
2026-09-30T06:15:42.817Z,gpu-3uwoq-6g3ya-2,ib_counter,rdma_vf_rail3,port_rcv_errors,0
2026-09-30T06:15:42.817Z,gpu-3uwoq-6g3ya-2,ib_counter,rdma_vf_rail3,port_xmit_discards,0
2026-09-30T06:15:42.817Z,gpu-3uwoq-6g3ya-2,ib_counter,rdma_vf_rail3,link_downed,0
2026-09-30T06:15:42.817Z,gpu-3uwoq-6g3ya-2,ib_hw_counter,rdma_vf_rail3,out_of_sequence,0
2026-09-30T06:15:42.817Z,gpu-3uwoq-6g3ya-2,ib_hw_counter,rdma_vf_rail3,packet_seq_err,1
2026-09-30T06:15:42.817Z,gpu-3uwoq-6g3ya-2,ib_hw_counter,rdma_vf_rail3,local_ack_timeout_err,0
2026-09-30T06:15:42.817Z,gpu-3uwoq-6g3ya-2,ib_hw_counter,rdma_vf_rail3,rx_write_requests,7.05021e+08
2026-09-30T06:15:42.817Z,gpu-3uwoq-6g3ya-2,ib_hw_counter,rdma_vf_rail3,rx_read_requests,1.042e+07
2026-09-30T06:15:42.817Z,gpu-3uwoq-6g3ya-2,ib_hw_counter,rdma_vf_rail3,req_cqe_error,0
2026-09-30T06:15:42.817Z,gpu-3uwoq-6g3ya-2,ib_hw_counter,rdma_vf_rail3,resp_cqe_error,0
2026-09-30T06:15:42.817Z,gpu-3uwoq-6g3ya-2,ib_hw_counter,rdma_vf_rail3,implied_nak_seq_err,0
2026-09-30T06:15:42.817Z,gpu-3uwoq-6g3ya-2,ib_hw_counter,rdma_vf_rail3,duplicate_request,0
2026-09-30T06:15:42.817Z,gpu-3uwoq-6g3ya-2,dcgm,gpu2,gpu_util,0
2026-09-30T06:15:42.817Z,gpu-3uwoq-6g3ya-2,dcgm,gpu3,gpu_util,0
2026-09-30T06:15:42.817Z,gpu-3uwoq-6g3ya-2,dcgm,gpu1,gpu_util,0
2026-09-30T06:15:42.817Z,gpu-3uwoq-6g3ya-2,dcgm,gpu0,gpu_util,0
2026-09-30T06:15:42.817Z,gpu-3uwoq-6g3ya-2,dcgm,gpu2,nvlink_bandwidth_total,0
2026-09-30T06:15:42.817Z,gpu-3uwoq-6g3ya-2,dcgm,gpu3,nvlink_bandwidth_total,0
2026-09-30T06:15:42.817Z,gpu-3uwoq-6g3ya-2,dcgm,gpu1,nvlink_bandwidth_total,0
2026-09-30T06:15:42.817Z,gpu-3uwoq-6g3ya-2,dcgm,gpu0,nvlink_bandwidth_total,0
2026-09-30T06:15:42.817Z,gpu-3uwoq-6g3ya-2,dcgm,gpu2,power_w,231.327
2026-09-30T06:15:42.817Z,gpu-3uwoq-6g3ya-2,dcgm,gpu3,power_w,234.078
2026-09-30T06:15:42.817Z,gpu-3uwoq-6g3ya-2,dcgm,gpu1,power_w,229.995
2026-09-30T06:15:42.817Z,gpu-3uwoq-6g3ya-2,dcgm,gpu0,power_w,226.432
2026-09-30T06:15:42.817Z,gpu-3uwoq-6g3ya-2,dcgm,gpu2,sm_clock_mhz,2070
2026-09-30T06:15:42.817Z,gpu-3uwoq-6g3ya-2,dcgm,gpu3,sm_clock_mhz,2070
2026-09-30T06:15:42.817Z,gpu-3uwoq-6g3ya-2,dcgm,gpu1,sm_clock_mhz,2070
2026-09-30T06:15:42.817Z,gpu-3uwoq-6g3ya-2,dcgm,gpu0,sm_clock_mhz,2070
2026-09-30T06:15:42.817Z,gpu-3uwoq-6g3ya-2,dcgm,gpu2,dram_active,6e-06
2026-09-30T06:15:42.817Z,gpu-3uwoq-6g3ya-2,dcgm,gpu3,dram_active,6e-06
2026-09-30T06:15:42.817Z,gpu-3uwoq-6g3ya-2,dcgm,gpu1,dram_active,6e-06
2026-09-30T06:15:42.817Z,gpu-3uwoq-6g3ya-2,dcgm,gpu0,dram_active,6e-06
2026-09-30T06:15:42.817Z,gpu-3uwoq-6g3ya-2,dcgm,gpu2,pcie_rx_bytes,336980
2026-09-30T06:15:42.817Z,gpu-3uwoq-6g3ya-2,dcgm,gpu3,pcie_rx_bytes,328407
2026-09-30T06:15:42.817Z,gpu-3uwoq-6g3ya-2,dcgm,gpu1,pcie_rx_bytes,359867
2026-09-30T06:15:42.817Z,gpu-3uwoq-6g3ya-2,dcgm,gpu0,pcie_rx_bytes,361704
2026-09-30T06:15:42.817Z,gpu-3uwoq-6g3ya-2,dcgm,gpu2,pcie_tx_bytes,289363
2026-09-30T06:15:42.817Z,gpu-3uwoq-6g3ya-2,dcgm,gpu3,pcie_tx_bytes,280676
2026-09-30T06:15:42.817Z,gpu-3uwoq-6g3ya-2,dcgm,gpu1,pcie_tx_bytes,313256
2026-09-30T06:15:42.817Z,gpu-3uwoq-6g3ya-2,dcgm,gpu0,pcie_tx_bytes,314760
2026-09-30T06:15:42.817Z,gpu-3uwoq-6g3ya-2,dcgm,gpu2,tensor_active,0
2026-09-30T06:15:42.817Z,gpu-3uwoq-6g3ya-2,dcgm,gpu3,tensor_active,0
2026-09-30T06:15:42.817Z,gpu-3uwoq-6g3ya-2,dcgm,gpu1,tensor_active,0
2026-09-30T06:15:42.817Z,gpu-3uwoq-6g3ya-2,dcgm,gpu0,tensor_active,0
2026-09-30T06:15:42.817Z,gpu-3uwoq-6g3ya-2,dcgm,gpu2,sm_active,1e-06
2026-09-30T06:15:42.817Z,gpu-3uwoq-6g3ya-2,dcgm,gpu3,sm_active,1e-06
2026-09-30T06:15:42.817Z,gpu-3uwoq-6g3ya-2,dcgm,gpu1,sm_active,1e-06
2026-09-30T06:15:42.817Z,gpu-3uwoq-6g3ya-2,dcgm,gpu0,sm_active,1e-06
2026-09-30T06:15:42.817Z,gpu-3uwoq-6g3ya-2,nvlink,gpu0,nvlink_rx_bytes,4.66294e+13
2026-09-30T06:15:42.817Z,gpu-3uwoq-6g3ya-2,nvlink,gpu0,nvlink_tx_bytes,4.66299e+13
2026-09-30T06:15:42.817Z,gpu-3uwoq-6g3ya-2,nvlink,gpu1,nvlink_rx_bytes,4.66294e+13
2026-09-30T06:15:42.817Z,gpu-3uwoq-6g3ya-2,nvlink,gpu1,nvlink_tx_bytes,4.66297e+13
2026-09-30T06:15:42.817Z,gpu-3uwoq-6g3ya-2,nvlink,gpu2,nvlink_rx_bytes,4.66291e+13
2026-09-30T06:15:42.817Z,gpu-3uwoq-6g3ya-2,nvlink,gpu2,nvlink_tx_bytes,4.66294e+13
2026-09-30T06:15:42.817Z,gpu-3uwoq-6g3ya-2,nvlink,gpu3,nvlink_rx_bytes,4.66274e+13
2026-09-30T06:15:42.817Z,gpu-3uwoq-6g3ya-2,nvlink,gpu3,nvlink_tx_bytes,4.66275e+13
2026-09-30T06:15:43.817Z,gpu-3uwoq-6g3ya-2,ib_counter,rdma_vf_rail0,port_xmit_data,2.76329e+12
2026-09-30T06:15:43.817Z,gpu-3uwoq-6g3ya-2,ib_counter,rdma_vf_rail0,port_rcv_data,5.72235e+12
2026-09-30T06:15:43.817Z,gpu-3uwoq-6g3ya-2,ib_counter,rdma_vf_rail0,port_xmit_packets,9.5609e+08
2026-09-30T06:15:43.817Z,gpu-3uwoq-6g3ya-2,ib_counter,rdma_vf_rail0,port_rcv_packets,1.57821e+09
2026-09-30T06:15:43.817Z,gpu-3uwoq-6g3ya-2,ib_counter,rdma_vf_rail0,port_xmit_wait,0
2026-09-30T06:15:43.817Z,gpu-3uwoq-6g3ya-2,ib_counter,rdma_vf_rail0,port_rcv_errors,0
2026-09-30T06:15:43.817Z,gpu-3uwoq-6g3ya-2,ib_counter,rdma_vf_rail0,port_xmit_discards,0
2026-09-30T06:15:43.817Z,gpu-3uwoq-6g3ya-2,ib_counter,rdma_vf_rail0,link_downed,0
2026-09-30T06:15:43.817Z,gpu-3uwoq-6g3ya-2,ib_hw_counter,rdma_vf_rail0,out_of_sequence,0
2026-09-30T06:15:43.817Z,gpu-3uwoq-6g3ya-2,ib_hw_counter,rdma_vf_rail0,packet_seq_err,0
2026-09-30T06:15:43.817Z,gpu-3uwoq-6g3ya-2,ib_hw_counter,rdma_vf_rail0,local_ack_timeout_err,0
2026-09-30T06:15:43.817Z,gpu-3uwoq-6g3ya-2,ib_hw_counter,rdma_vf_rail0,rx_write_requests,7.05021e+08
2026-09-30T06:15:43.817Z,gpu-3uwoq-6g3ya-2,ib_hw_counter,rdma_vf_rail0,rx_read_requests,1.042e+07
2026-09-30T06:15:43.817Z,gpu-3uwoq-6g3ya-2,ib_hw_counter,rdma_vf_rail0,req_cqe_error,0
2026-09-30T06:15:43.817Z,gpu-3uwoq-6g3ya-2,ib_hw_counter,rdma_vf_rail0,resp_cqe_error,0
2026-09-30T06:15:43.817Z,gpu-3uwoq-6g3ya-2,ib_hw_counter,rdma_vf_rail0,implied_nak_seq_err,0
2026-09-30T06:15:43.817Z,gpu-3uwoq-6g3ya-2,ib_hw_counter,rdma_vf_rail0,duplicate_request,0
2026-09-30T06:15:43.817Z,gpu-3uwoq-6g3ya-2,ib_counter,rdma_vf_rail1,port_xmit_data,2.76263e+12
2026-09-30T06:15:43.817Z,gpu-3uwoq-6g3ya-2,ib_counter,rdma_vf_rail1,port_rcv_data,5.72189e+12
2026-09-30T06:15:43.817Z,gpu-3uwoq-6g3ya-2,ib_counter,rdma_vf_rail1,port_xmit_packets,9.52939e+08
2026-09-30T06:15:43.817Z,gpu-3uwoq-6g3ya-2,ib_counter,rdma_vf_rail1,port_rcv_packets,1.57742e+09
2026-09-30T06:15:43.817Z,gpu-3uwoq-6g3ya-2,ib_counter,rdma_vf_rail1,port_xmit_wait,0
2026-09-30T06:15:43.817Z,gpu-3uwoq-6g3ya-2,ib_counter,rdma_vf_rail1,port_rcv_errors,0
2026-09-30T06:15:43.817Z,gpu-3uwoq-6g3ya-2,ib_counter,rdma_vf_rail1,port_xmit_discards,0
2026-09-30T06:15:43.817Z,gpu-3uwoq-6g3ya-2,ib_counter,rdma_vf_rail1,link_downed,0
2026-09-30T06:15:43.817Z,gpu-3uwoq-6g3ya-2,ib_hw_counter,rdma_vf_rail1,out_of_sequence,0
2026-09-30T06:15:43.817Z,gpu-3uwoq-6g3ya-2,ib_hw_counter,rdma_vf_rail1,packet_seq_err,0
2026-09-30T06:15:43.817Z,gpu-3uwoq-6g3ya-2,ib_hw_counter,rdma_vf_rail1,local_ack_timeout_err,0
2026-09-30T06:15:43.817Z,gpu-3uwoq-6g3ya-2,ib_hw_counter,rdma_vf_rail1,rx_write_requests,7.05022e+08
2026-09-30T06:15:43.817Z,gpu-3uwoq-6g3ya-2,ib_hw_counter,rdma_vf_rail1,rx_read_requests,1.042e+07
2026-09-30T06:15:43.817Z,gpu-3uwoq-6g3ya-2,ib_hw_counter,rdma_vf_rail1,req_cqe_error,0
2026-09-30T06:15:43.817Z,gpu-3uwoq-6g3ya-2,ib_hw_counter,rdma_vf_rail1,resp_cqe_error,0
2026-09-30T06:15:43.817Z,gpu-3uwoq-6g3ya-2,ib_hw_counter,rdma_vf_rail1,implied_nak_seq_err,0
2026-09-30T06:15:43.817Z,gpu-3uwoq-6g3ya-2,ib_hw_counter,rdma_vf_rail1,duplicate_request,0
2026-09-30T06:15:43.817Z,gpu-3uwoq-6g3ya-2,ib_counter,rdma_vf_rail2,port_xmit_data,2.76181e+12
2026-09-30T06:15:43.817Z,gpu-3uwoq-6g3ya-2,ib_counter,rdma_vf_rail2,port_rcv_data,5.72057e+12
2026-09-30T06:15:43.817Z,gpu-3uwoq-6g3ya-2,ib_counter,rdma_vf_rail2,port_xmit_packets,9.4252e+08
2026-09-30T06:15:43.817Z,gpu-3uwoq-6g3ya-2,ib_counter,rdma_vf_rail2,port_rcv_packets,1.56133e+09
2026-09-30T06:15:43.817Z,gpu-3uwoq-6g3ya-2,ib_counter,rdma_vf_rail2,port_xmit_wait,0
2026-09-30T06:15:43.817Z,gpu-3uwoq-6g3ya-2,ib_counter,rdma_vf_rail2,port_rcv_errors,0
2026-09-30T06:15:43.817Z,gpu-3uwoq-6g3ya-2,ib_counter,rdma_vf_rail2,port_xmit_discards,0
2026-09-30T06:15:43.817Z,gpu-3uwoq-6g3ya-2,ib_counter,rdma_vf_rail2,link_downed,0
2026-09-30T06:15:43.817Z,gpu-3uwoq-6g3ya-2,ib_hw_counter,rdma_vf_rail2,out_of_sequence,0
2026-09-30T06:15:43.817Z,gpu-3uwoq-6g3ya-2,ib_hw_counter,rdma_vf_rail2,packet_seq_err,0
2026-09-30T06:15:43.817Z,gpu-3uwoq-6g3ya-2,ib_hw_counter,rdma_vf_rail2,local_ack_timeout_err,0
2026-09-30T06:15:43.817Z,gpu-3uwoq-6g3ya-2,ib_hw_counter,rdma_vf_rail2,rx_write_requests,7.05021e+08
2026-09-30T06:15:43.817Z,gpu-3uwoq-6g3ya-2,ib_hw_counter,rdma_vf_rail2,rx_read_requests,1.042e+07
2026-09-30T06:15:43.817Z,gpu-3uwoq-6g3ya-2,ib_hw_counter,rdma_vf_rail2,req_cqe_error,0
2026-09-30T06:15:43.817Z,gpu-3uwoq-6g3ya-2,ib_hw_counter,rdma_vf_rail2,resp_cqe_error,0
2026-09-30T06:15:43.817Z,gpu-3uwoq-6g3ya-2,ib_hw_counter,rdma_vf_rail2,implied_nak_seq_err,0
2026-09-30T06:15:43.817Z,gpu-3uwoq-6g3ya-2,ib_hw_counter,rdma_vf_rail2,duplicate_request,0
2026-09-30T06:15:43.817Z,gpu-3uwoq-6g3ya-2,ib_counter,rdma_vf_rail3,port_xmit_data,2.76167e+12
2026-09-30T06:15:43.817Z,gpu-3uwoq-6g3ya-2,ib_counter,rdma_vf_rail3,port_rcv_data,5.72118e+12
2026-09-30T06:15:43.817Z,gpu-3uwoq-6g3ya-2,ib_counter,rdma_vf_rail3,port_xmit_packets,9.40862e+08
2026-09-30T06:15:43.817Z,gpu-3uwoq-6g3ya-2,ib_counter,rdma_vf_rail3,port_rcv_packets,1.56875e+09
2026-09-30T06:15:43.817Z,gpu-3uwoq-6g3ya-2,ib_counter,rdma_vf_rail3,port_xmit_wait,0
2026-09-30T06:15:43.817Z,gpu-3uwoq-6g3ya-2,ib_counter,rdma_vf_rail3,port_rcv_errors,0
2026-09-30T06:15:43.817Z,gpu-3uwoq-6g3ya-2,ib_counter,rdma_vf_rail3,port_xmit_discards,0
2026-09-30T06:15:43.817Z,gpu-3uwoq-6g3ya-2,ib_counter,rdma_vf_rail3,link_downed,0
2026-09-30T06:15:43.817Z,gpu-3uwoq-6g3ya-2,ib_hw_counter,rdma_vf_rail3,out_of_sequence,0
2026-09-30T06:15:43.817Z,gpu-3uwoq-6g3ya-2,ib_hw_counter,rdma_vf_rail3,packet_seq_err,1
2026-09-30T06:15:43.817Z,gpu-3uwoq-6g3ya-2,ib_hw_counter,rdma_vf_rail3,local_ack_timeout_err,0
2026-09-30T06:15:43.817Z,gpu-3uwoq-6g3ya-2,ib_hw_counter,rdma_vf_rail3,rx_write_requests,7.05021e+08
2026-09-30T06:15:43.817Z,gpu-3uwoq-6g3ya-2,ib_hw_counter,rdma_vf_rail3,rx_read_requests,1.042e+07
2026-09-30T06:15:43.817Z,gpu-3uwoq-6g3ya-2,ib_hw_counter,rdma_vf_rail3,req_cqe_error,0
2026-09-30T06:15:43.817Z,gpu-3uwoq-6g3ya-2,ib_hw_counter,rdma_vf_rail3,resp_cqe_error,0
2026-09-30T06:15:43.817Z,gpu-3uwoq-6g3ya-2,ib_hw_counter,rdma_vf_rail3,implied_nak_seq_err,0
2026-09-30T06:15:43.817Z,gpu-3uwoq-6g3ya-2,ib_hw_counter,rdma_vf_rail3,duplicate_request,0
2026-09-30T06:15:43.817Z,gpu-3uwoq-6g3ya-2,dcgm,gpu2,gpu_util,0
2026-09-30T06:15:43.817Z,gpu-3uwoq-6g3ya-2,dcgm,gpu3,gpu_util,0
2026-09-30T06:15:43.817Z,gpu-3uwoq-6g3ya-2,dcgm,gpu1,gpu_util,0
2026-09-30T06:15:43.817Z,gpu-3uwoq-6g3ya-2,dcgm,gpu0,gpu_util,0
2026-09-30T06:15:43.817Z,gpu-3uwoq-6g3ya-2,dcgm,gpu2,nvlink_bandwidth_total,0
2026-09-30T06:15:43.817Z,gpu-3uwoq-6g3ya-2,dcgm,gpu3,nvlink_bandwidth_total,0
2026-09-30T06:15:43.817Z,gpu-3uwoq-6g3ya-2,dcgm,gpu1,nvlink_bandwidth_total,0
2026-09-30T06:15:43.817Z,gpu-3uwoq-6g3ya-2,dcgm,gpu0,nvlink_bandwidth_total,0
2026-09-30T06:15:43.817Z,gpu-3uwoq-6g3ya-2,dcgm,gpu2,power_w,231.327
2026-09-30T06:15:43.817Z,gpu-3uwoq-6g3ya-2,dcgm,gpu3,power_w,234.078
2026-09-30T06:15:43.817Z,gpu-3uwoq-6g3ya-2,dcgm,gpu1,power_w,229.995
2026-09-30T06:15:43.817Z,gpu-3uwoq-6g3ya-2,dcgm,gpu0,power_w,226.432
2026-09-30T06:15:43.817Z,gpu-3uwoq-6g3ya-2,dcgm,gpu2,sm_clock_mhz,2070
2026-09-30T06:15:43.817Z,gpu-3uwoq-6g3ya-2,dcgm,gpu3,sm_clock_mhz,2070
2026-09-30T06:15:43.817Z,gpu-3uwoq-6g3ya-2,dcgm,gpu1,sm_clock_mhz,2070
2026-09-30T06:15:43.817Z,gpu-3uwoq-6g3ya-2,dcgm,gpu0,sm_clock_mhz,2070
2026-09-30T06:15:43.817Z,gpu-3uwoq-6g3ya-2,dcgm,gpu2,dram_active,6e-06
2026-09-30T06:15:43.817Z,gpu-3uwoq-6g3ya-2,dcgm,gpu3,dram_active,6e-06
2026-09-30T06:15:43.817Z,gpu-3uwoq-6g3ya-2,dcgm,gpu1,dram_active,6e-06
2026-09-30T06:15:43.817Z,gpu-3uwoq-6g3ya-2,dcgm,gpu0,dram_active,6e-06
2026-09-30T06:15:43.817Z,gpu-3uwoq-6g3ya-2,dcgm,gpu2,pcie_rx_bytes,336980
2026-09-30T06:15:43.817Z,gpu-3uwoq-6g3ya-2,dcgm,gpu3,pcie_rx_bytes,328407
2026-09-30T06:15:43.817Z,gpu-3uwoq-6g3ya-2,dcgm,gpu1,pcie_rx_bytes,359867
2026-09-30T06:15:43.817Z,gpu-3uwoq-6g3ya-2,dcgm,gpu0,pcie_rx_bytes,361704
2026-09-30T06:15:43.817Z,gpu-3uwoq-6g3ya-2,dcgm,gpu2,pcie_tx_bytes,289363
2026-09-30T06:15:43.817Z,gpu-3uwoq-6g3ya-2,dcgm,gpu3,pcie_tx_bytes,280676
2026-09-30T06:15:43.817Z,gpu-3uwoq-6g3ya-2,dcgm,gpu1,pcie_tx_bytes,313256
2026-09-30T06:15:43.817Z,gpu-3uwoq-6g3ya-2,dcgm,gpu0,pcie_tx_bytes,314760
2026-09-30T06:15:43.817Z,gpu-3uwoq-6g3ya-2,dcgm,gpu2,tensor_active,0
2026-09-30T06:15:43.817Z,gpu-3uwoq-6g3ya-2,dcgm,gpu3,tensor_active,0
2026-09-30T06:15:43.817Z,gpu-3uwoq-6g3ya-2,dcgm,gpu1,tensor_active,0
2026-09-30T06:15:43.817Z,gpu-3uwoq-6g3ya-2,dcgm,gpu0,tensor_active,0
2026-09-30T06:15:43.817Z,gpu-3uwoq-6g3ya-2,dcgm,gpu2,sm_active,1e-06
2026-09-30T06:15:43.817Z,gpu-3uwoq-6g3ya-2,dcgm,gpu3,sm_active,1e-06
2026-09-30T06:15:43.817Z,gpu-3uwoq-6g3ya-2,dcgm,gpu1,sm_active,1e-06
2026-09-30T06:15:43.817Z,gpu-3uwoq-6g3ya-2,dcgm,gpu0,sm_active,1e-06
2026-09-30T06:15:43.817Z,gpu-3uwoq-6g3ya-2,nvlink,gpu0,nvlink_rx_bytes,4.66294e+13
2026-09-30T06:15:43.817Z,gpu-3uwoq-6g3ya-2,nvlink,gpu0,nvlink_tx_bytes,4.66299e+13
2026-09-30T06:15:43.817Z,gpu-3uwoq-6g3ya-2,nvlink,gpu1,nvlink_rx_bytes,4.66294e+13
2026-09-30T06:15:43.817Z,gpu-3uwoq-6g3ya-2,nvlink,gpu1,nvlink_tx_bytes,4.66297e+13
2026-09-30T06:15:43.817Z,gpu-3uwoq-6g3ya-2,nvlink,gpu2,nvlink_rx_bytes,4.66291e+13
2026-09-30T06:15:43.817Z,gpu-3uwoq-6g3ya-2,nvlink,gpu2,nvlink_tx_bytes,4.66294e+13
2026-09-30T06:15:43.817Z,gpu-3uwoq-6g3ya-2,nvlink,gpu3,nvlink_rx_bytes,4.66274e+13
2026-09-30T06:15:43.817Z,gpu-3uwoq-6g3ya-2,nvlink,gpu3,nvlink_tx_bytes,4.66275e+13
2026-09-30T06:15:44.817Z,gpu-3uwoq-6g3ya-2,ib_counter,rdma_vf_rail0,port_xmit_data,2.76329e+12
2026-09-30T06:15:44.817Z,gpu-3uwoq-6g3ya-2,ib_counter,rdma_vf_rail0,port_rcv_data,5.72235e+12
2026-09-30T06:15:44.817Z,gpu-3uwoq-6g3ya-2,ib_counter,rdma_vf_rail0,port_xmit_packets,9.5609e+08
2026-09-30T06:15:44.817Z,gpu-3uwoq-6g3ya-2,ib_counter,rdma_vf_rail0,port_rcv_packets,1.57821e+09
2026-09-30T06:15:44.817Z,gpu-3uwoq-6g3ya-2,ib_counter,rdma_vf_rail0,port_xmit_wait,0
2026-09-30T06:15:44.817Z,gpu-3uwoq-6g3ya-2,ib_counter,rdma_vf_rail0,port_rcv_errors,0
2026-09-30T06:15:44.817Z,gpu-3uwoq-6g3ya-2,ib_counter,rdma_vf_rail0,port_xmit_discards,0
2026-09-30T06:15:44.817Z,gpu-3uwoq-6g3ya-2,ib_counter,rdma_vf_rail0,link_downed,0
2026-09-30T06:15:44.817Z,gpu-3uwoq-6g3ya-2,ib_hw_counter,rdma_vf_rail0,out_of_sequence,0
2026-09-30T06:15:44.817Z,gpu-3uwoq-6g3ya-2,ib_hw_counter,rdma_vf_rail0,packet_seq_err,0
2026-09-30T06:15:44.817Z,gpu-3uwoq-6g3ya-2,ib_hw_counter,rdma_vf_rail0,local_ack_timeout_err,0
2026-09-30T06:15:44.817Z,gpu-3uwoq-6g3ya-2,ib_hw_counter,rdma_vf_rail0,rx_write_requests,7.05021e+08
2026-09-30T06:15:44.817Z,gpu-3uwoq-6g3ya-2,ib_hw_counter,rdma_vf_rail0,rx_read_requests,1.042e+07
2026-09-30T06:15:44.817Z,gpu-3uwoq-6g3ya-2,ib_hw_counter,rdma_vf_rail0,req_cqe_error,0
2026-09-30T06:15:44.817Z,gpu-3uwoq-6g3ya-2,ib_hw_counter,rdma_vf_rail0,resp_cqe_error,0
2026-09-30T06:15:44.817Z,gpu-3uwoq-6g3ya-2,ib_hw_counter,rdma_vf_rail0,implied_nak_seq_err,0
2026-09-30T06:15:44.817Z,gpu-3uwoq-6g3ya-2,ib_hw_counter,rdma_vf_rail0,duplicate_request,0
2026-09-30T06:15:44.817Z,gpu-3uwoq-6g3ya-2,ib_counter,rdma_vf_rail1,port_xmit_data,2.76263e+12
2026-09-30T06:15:44.817Z,gpu-3uwoq-6g3ya-2,ib_counter,rdma_vf_rail1,port_rcv_data,5.72189e+12
2026-09-30T06:15:44.817Z,gpu-3uwoq-6g3ya-2,ib_counter,rdma_vf_rail1,port_xmit_packets,9.52939e+08
2026-09-30T06:15:44.817Z,gpu-3uwoq-6g3ya-2,ib_counter,rdma_vf_rail1,port_rcv_packets,1.57742e+09
2026-09-30T06:15:44.817Z,gpu-3uwoq-6g3ya-2,ib_counter,rdma_vf_rail1,port_xmit_wait,0
2026-09-30T06:15:44.817Z,gpu-3uwoq-6g3ya-2,ib_counter,rdma_vf_rail1,port_rcv_errors,0
2026-09-30T06:15:44.817Z,gpu-3uwoq-6g3ya-2,ib_counter,rdma_vf_rail1,port_xmit_discards,0
2026-09-30T06:15:44.817Z,gpu-3uwoq-6g3ya-2,ib_counter,rdma_vf_rail1,link_downed,0
2026-09-30T06:15:44.817Z,gpu-3uwoq-6g3ya-2,ib_hw_counter,rdma_vf_rail1,out_of_sequence,0
2026-09-30T06:15:44.817Z,gpu-3uwoq-6g3ya-2,ib_hw_counter,rdma_vf_rail1,packet_seq_err,0
2026-09-30T06:15:44.817Z,gpu-3uwoq-6g3ya-2,ib_hw_counter,rdma_vf_rail1,local_ack_timeout_err,0
2026-09-30T06:15:44.817Z,gpu-3uwoq-6g3ya-2,ib_hw_counter,rdma_vf_rail1,rx_write_requests,7.05022e+08
2026-09-30T06:15:44.817Z,gpu-3uwoq-6g3ya-2,ib_hw_counter,rdma_vf_rail1,rx_read_requests,1.042e+07
2026-09-30T06:15:44.817Z,gpu-3uwoq-6g3ya-2,ib_hw_counter,rdma_vf_rail1,req_cqe_error,0
2026-09-30T06:15:44.817Z,gpu-3uwoq-6g3ya-2,ib_hw_counter,rdma_vf_rail1,resp_cqe_error,0
2026-09-30T06:15:44.817Z,gpu-3uwoq-6g3ya-2,ib_hw_counter,rdma_vf_rail1,implied_nak_seq_err,0
2026-09-30T06:15:44.817Z,gpu-3uwoq-6g3ya-2,ib_hw_counter,rdma_vf_rail1,duplicate_request,0
2026-09-30T06:15:44.817Z,gpu-3uwoq-6g3ya-2,ib_counter,rdma_vf_rail2,port_xmit_data,2.76181e+12
2026-09-30T06:15:44.817Z,gpu-3uwoq-6g3ya-2,ib_counter,rdma_vf_rail2,port_rcv_data,5.72057e+12
2026-09-30T06:15:44.817Z,gpu-3uwoq-6g3ya-2,ib_counter,rdma_vf_rail2,port_xmit_packets,9.4252e+08
2026-09-30T06:15:44.817Z,gpu-3uwoq-6g3ya-2,ib_counter,rdma_vf_rail2,port_rcv_packets,1.56133e+09
2026-09-30T06:15:44.817Z,gpu-3uwoq-6g3ya-2,ib_counter,rdma_vf_rail2,port_xmit_wait,0
2026-09-30T06:15:44.817Z,gpu-3uwoq-6g3ya-2,ib_counter,rdma_vf_rail2,port_rcv_errors,0
2026-09-30T06:15:44.817Z,gpu-3uwoq-6g3ya-2,ib_counter,rdma_vf_rail2,port_xmit_discards,0
2026-09-30T06:15:44.817Z,gpu-3uwoq-6g3ya-2,ib_counter,rdma_vf_rail2,link_downed,0
2026-09-30T06:15:44.817Z,gpu-3uwoq-6g3ya-2,ib_hw_counter,rdma_vf_rail2,out_of_sequence,0
2026-09-30T06:15:44.817Z,gpu-3uwoq-6g3ya-2,ib_hw_counter,rdma_vf_rail2,packet_seq_err,0
2026-09-30T06:15:44.817Z,gpu-3uwoq-6g3ya-2,ib_hw_counter,rdma_vf_rail2,local_ack_timeout_err,0
2026-09-30T06:15:44.817Z,gpu-3uwoq-6g3ya-2,ib_hw_counter,rdma_vf_rail2,rx_write_requests,7.05021e+08
2026-09-30T06:15:44.817Z,gpu-3uwoq-6g3ya-2,ib_hw_counter,rdma_vf_rail2,rx_read_requests,1.042e+07
2026-09-30T06:15:44.817Z,gpu-3uwoq-6g3ya-2,ib_hw_counter,rdma_vf_rail2,req_cqe_error,0
2026-09-30T06:15:44.817Z,gpu-3uwoq-6g3ya-2,ib_hw_counter,rdma_vf_rail2,resp_cqe_error,0
2026-09-30T06:15:44.817Z,gpu-3uwoq-6g3ya-2,ib_hw_counter,rdma_vf_rail2,implied_nak_seq_err,0
2026-09-30T06:15:44.817Z,gpu-3uwoq-6g3ya-2,ib_hw_counter,rdma_vf_rail2,duplicate_request,0
2026-09-30T06:15:44.817Z,gpu-3uwoq-6g3ya-2,ib_counter,rdma_vf_rail3,port_xmit_data,2.76167e+12
2026-09-30T06:15:44.817Z,gpu-3uwoq-6g3ya-2,ib_counter,rdma_vf_rail3,port_rcv_data,5.72118e+12
2026-09-30T06:15:44.817Z,gpu-3uwoq-6g3ya-2,ib_counter,rdma_vf_rail3,port_xmit_packets,9.40862e+08
2026-09-30T06:15:44.817Z,gpu-3uwoq-6g3ya-2,ib_counter,rdma_vf_rail3,port_rcv_packets,1.56875e+09
2026-09-30T06:15:44.817Z,gpu-3uwoq-6g3ya-2,ib_counter,rdma_vf_rail3,port_xmit_wait,0
2026-09-30T06:15:44.817Z,gpu-3uwoq-6g3ya-2,ib_counter,rdma_vf_rail3,port_rcv_errors,0
2026-09-30T06:15:44.817Z,gpu-3uwoq-6g3ya-2,ib_counter,rdma_vf_rail3,port_xmit_discards,0
2026-09-30T06:15:44.817Z,gpu-3uwoq-6g3ya-2,ib_counter,rdma_vf_rail3,link_downed,0
2026-09-30T06:15:44.817Z,gpu-3uwoq-6g3ya-2,ib_hw_counter,rdma_vf_rail3,out_of_sequence,0
2026-09-30T06:15:44.817Z,gpu-3uwoq-6g3ya-2,ib_hw_counter,rdma_vf_rail3,packet_seq_err,1
2026-09-30T06:15:44.817Z,gpu-3uwoq-6g3ya-2,ib_hw_counter,rdma_vf_rail3,local_ack_timeout_err,0
2026-09-30T06:15:44.817Z,gpu-3uwoq-6g3ya-2,ib_hw_counter,rdma_vf_rail3,rx_write_requests,7.05021e+08
2026-09-30T06:15:44.817Z,gpu-3uwoq-6g3ya-2,ib_hw_counter,rdma_vf_rail3,rx_read_requests,1.042e+07
2026-09-30T06:15:44.817Z,gpu-3uwoq-6g3ya-2,ib_hw_counter,rdma_vf_rail3,req_cqe_error,0
2026-09-30T06:15:44.817Z,gpu-3uwoq-6g3ya-2,ib_hw_counter,rdma_vf_rail3,resp_cqe_error,0
2026-09-30T06:15:44.817Z,gpu-3uwoq-6g3ya-2,ib_hw_counter,rdma_vf_rail3,implied_nak_seq_err,0
2026-09-30T06:15:44.817Z,gpu-3uwoq-6g3ya-2,ib_hw_counter,rdma_vf_rail3,duplicate_request,0
2026-09-30T06:15:44.817Z,gpu-3uwoq-6g3ya-2,dcgm,gpu2,gpu_util,0
2026-09-30T06:15:44.817Z,gpu-3uwoq-6g3ya-2,dcgm,gpu3,gpu_util,0
2026-09-30T06:15:44.817Z,gpu-3uwoq-6g3ya-2,dcgm,gpu1,gpu_util,0
2026-09-30T06:15:44.817Z,gpu-3uwoq-6g3ya-2,dcgm,gpu0,gpu_util,0
2026-09-30T06:15:44.817Z,gpu-3uwoq-6g3ya-2,dcgm,gpu2,nvlink_bandwidth_total,0
2026-09-30T06:15:44.817Z,gpu-3uwoq-6g3ya-2,dcgm,gpu3,nvlink_bandwidth_total,0
2026-09-30T06:15:44.817Z,gpu-3uwoq-6g3ya-2,dcgm,gpu1,nvlink_bandwidth_total,0
2026-09-30T06:15:44.817Z,gpu-3uwoq-6g3ya-2,dcgm,gpu0,nvlink_bandwidth_total,0
2026-09-30T06:15:44.817Z,gpu-3uwoq-6g3ya-2,dcgm,gpu2,power_w,231.327
2026-09-30T06:15:44.817Z,gpu-3uwoq-6g3ya-2,dcgm,gpu3,power_w,234.078
2026-09-30T06:15:44.817Z,gpu-3uwoq-6g3ya-2,dcgm,gpu1,power_w,229.995
2026-09-30T06:15:44.817Z,gpu-3uwoq-6g3ya-2,dcgm,gpu0,power_w,226.432
2026-09-30T06:15:44.817Z,gpu-3uwoq-6g3ya-2,dcgm,gpu2,sm_clock_mhz,2070
2026-09-30T06:15:44.817Z,gpu-3uwoq-6g3ya-2,dcgm,gpu3,sm_clock_mhz,2070
2026-09-30T06:15:44.817Z,gpu-3uwoq-6g3ya-2,dcgm,gpu1,sm_clock_mhz,2070
2026-09-30T06:15:44.817Z,gpu-3uwoq-6g3ya-2,dcgm,gpu0,sm_clock_mhz,2070
2026-09-30T06:15:44.817Z,gpu-3uwoq-6g3ya-2,dcgm,gpu2,dram_active,6e-06
2026-09-30T06:15:44.817Z,gpu-3uwoq-6g3ya-2,dcgm,gpu3,dram_active,6e-06
2026-09-30T06:15:44.817Z,gpu-3uwoq-6g3ya-2,dcgm,gpu1,dram_active,6e-06
2026-09-30T06:15:44.817Z,gpu-3uwoq-6g3ya-2,dcgm,gpu0,dram_active,6e-06
2026-09-30T06:15:44.817Z,gpu-3uwoq-6g3ya-2,dcgm,gpu2,pcie_rx_bytes,336980
2026-09-30T06:15:44.817Z,gpu-3uwoq-6g3ya-2,dcgm,gpu3,pcie_rx_bytes,328407
2026-09-30T06:15:44.817Z,gpu-3uwoq-6g3ya-2,dcgm,gpu1,pcie_rx_bytes,359867
2026-09-30T06:15:44.817Z,gpu-3uwoq-6g3ya-2,dcgm,gpu0,pcie_rx_bytes,361704
2026-09-30T06:15:44.817Z,gpu-3uwoq-6g3ya-2,dcgm,gpu2,pcie_tx_bytes,289363
2026-09-30T06:15:44.817Z,gpu-3uwoq-6g3ya-2,dcgm,gpu3,pcie_tx_bytes,280676
2026-09-30T06:15:44.817Z,gpu-3uwoq-6g3ya-2,dcgm,gpu1,pcie_tx_bytes,313256
2026-09-30T06:15:44.817Z,gpu-3uwoq-6g3ya-2,dcgm,gpu0,pcie_tx_bytes,314760
2026-09-30T06:15:44.817Z,gpu-3uwoq-6g3ya-2,dcgm,gpu2,tensor_active,0
2026-09-30T06:15:44.817Z,gpu-3uwoq-6g3ya-2,dcgm,gpu3,tensor_active,0
2026-09-30T06:15:44.817Z,gpu-3uwoq-6g3ya-2,dcgm,gpu1,tensor_active,0
2026-09-30T06:15:44.817Z,gpu-3uwoq-6g3ya-2,dcgm,gpu0,tensor_active,0
2026-09-30T06:15:44.817Z,gpu-3uwoq-6g3ya-2,dcgm,gpu2,sm_active,1e-06
2026-09-30T06:15:44.817Z,gpu-3uwoq-6g3ya-2,dcgm,gpu3,sm_active,1e-06
2026-09-30T06:15:44.817Z,gpu-3uwoq-6g3ya-2,dcgm,gpu1,sm_active,1e-06
2026-09-30T06:15:44.817Z,gpu-3uwoq-6g3ya-2,dcgm,gpu0,sm_active,1e-06
2026-09-30T06:15:44.817Z,gpu-3uwoq-6g3ya-2,nvlink,gpu0,nvlink_rx_bytes,4.66294e+13
2026-09-30T06:15:44.817Z,gpu-3uwoq-6g3ya-2,nvlink,gpu0,nvlink_tx_bytes,4.66299e+13
2026-09-30T06:15:44.817Z,gpu-3uwoq-6g3ya-2,nvlink,gpu1,nvlink_rx_bytes,4.66294e+13
2026-09-30T06:15:44.817Z,gpu-3uwoq-6g3ya-2,nvlink,gpu1,nvlink_tx_bytes,4.66297e+13
2026-09-30T06:15:44.817Z,gpu-3uwoq-6g3ya-2,nvlink,gpu2,nvlink_rx_bytes,4.66291e+13
2026-09-30T06:15:44.817Z,gpu-3uwoq-6g3ya-2,nvlink,gpu2,nvlink_tx_bytes,4.66294e+13
2026-09-30T06:15:44.817Z,gpu-3uwoq-6g3ya-2,nvlink,gpu3,nvlink_rx_bytes,4.66274e+13
2026-09-30T06:15:44.817Z,gpu-3uwoq-6g3ya-2,nvlink,gpu3,nvlink_tx_bytes,4.66275e+13
2026-09-30T06:15:45.817Z,gpu-3uwoq-6g3ya-2,ib_counter,rdma_vf_rail0,port_xmit_data,2.76329e+12
2026-09-30T06:15:45.817Z,gpu-3uwoq-6g3ya-2,ib_counter,rdma_vf_rail0,port_rcv_data,5.72235e+12
2026-09-30T06:15:45.817Z,gpu-3uwoq-6g3ya-2,ib_counter,rdma_vf_rail0,port_xmit_packets,9.5609e+08
2026-09-30T06:15:45.817Z,gpu-3uwoq-6g3ya-2,ib_counter,rdma_vf_rail0,port_rcv_packets,1.57821e+09
2026-09-30T06:15:45.817Z,gpu-3uwoq-6g3ya-2,ib_counter,rdma_vf_rail0,port_xmit_wait,0
2026-09-30T06:15:45.817Z,gpu-3uwoq-6g3ya-2,ib_counter,rdma_vf_rail0,port_rcv_errors,0
2026-09-30T06:15:45.817Z,gpu-3uwoq-6g3ya-2,ib_counter,rdma_vf_rail0,port_xmit_discards,0
2026-09-30T06:15:45.817Z,gpu-3uwoq-6g3ya-2,ib_counter,rdma_vf_rail0,link_downed,0
2026-09-30T06:15:45.817Z,gpu-3uwoq-6g3ya-2,ib_hw_counter,rdma_vf_rail0,out_of_sequence,0
2026-09-30T06:15:45.817Z,gpu-3uwoq-6g3ya-2,ib_hw_counter,rdma_vf_rail0,packet_seq_err,0
2026-09-30T06:15:45.817Z,gpu-3uwoq-6g3ya-2,ib_hw_counter,rdma_vf_rail0,local_ack_timeout_err,0
2026-09-30T06:15:45.817Z,gpu-3uwoq-6g3ya-2,ib_hw_counter,rdma_vf_rail0,rx_write_requests,7.05021e+08
2026-09-30T06:15:45.817Z,gpu-3uwoq-6g3ya-2,ib_hw_counter,rdma_vf_rail0,rx_read_requests,1.042e+07
2026-09-30T06:15:45.817Z,gpu-3uwoq-6g3ya-2,ib_hw_counter,rdma_vf_rail0,req_cqe_error,0
2026-09-30T06:15:45.817Z,gpu-3uwoq-6g3ya-2,ib_hw_counter,rdma_vf_rail0,resp_cqe_error,0
2026-09-30T06:15:45.817Z,gpu-3uwoq-6g3ya-2,ib_hw_counter,rdma_vf_rail0,implied_nak_seq_err,0
2026-09-30T06:15:45.817Z,gpu-3uwoq-6g3ya-2,ib_hw_counter,rdma_vf_rail0,duplicate_request,0
2026-09-30T06:15:45.817Z,gpu-3uwoq-6g3ya-2,ib_counter,rdma_vf_rail1,port_xmit_data,2.76263e+12
2026-09-30T06:15:45.817Z,gpu-3uwoq-6g3ya-2,ib_counter,rdma_vf_rail1,port_rcv_data,5.72189e+12
2026-09-30T06:15:45.817Z,gpu-3uwoq-6g3ya-2,ib_counter,rdma_vf_rail1,port_xmit_packets,9.52939e+08
2026-09-30T06:15:45.817Z,gpu-3uwoq-6g3ya-2,ib_counter,rdma_vf_rail1,port_rcv_packets,1.57742e+09
2026-09-30T06:15:45.817Z,gpu-3uwoq-6g3ya-2,ib_counter,rdma_vf_rail1,port_xmit_wait,0
2026-09-30T06:15:45.817Z,gpu-3uwoq-6g3ya-2,ib_counter,rdma_vf_rail1,port_rcv_errors,0
2026-09-30T06:15:45.817Z,gpu-3uwoq-6g3ya-2,ib_counter,rdma_vf_rail1,port_xmit_discards,0
2026-09-30T06:15:45.817Z,gpu-3uwoq-6g3ya-2,ib_counter,rdma_vf_rail1,link_downed,0
2026-09-30T06:15:45.817Z,gpu-3uwoq-6g3ya-2,ib_hw_counter,rdma_vf_rail1,out_of_sequence,0
2026-09-30T06:15:45.817Z,gpu-3uwoq-6g3ya-2,ib_hw_counter,rdma_vf_rail1,packet_seq_err,0
2026-09-30T06:15:45.817Z,gpu-3uwoq-6g3ya-2,ib_hw_counter,rdma_vf_rail1,local_ack_timeout_err,0
2026-09-30T06:15:45.817Z,gpu-3uwoq-6g3ya-2,ib_hw_counter,rdma_vf_rail1,rx_write_requests,7.05022e+08
2026-09-30T06:15:45.817Z,gpu-3uwoq-6g3ya-2,ib_hw_counter,rdma_vf_rail1,rx_read_requests,1.042e+07
2026-09-30T06:15:45.817Z,gpu-3uwoq-6g3ya-2,ib_hw_counter,rdma_vf_rail1,req_cqe_error,0
2026-09-30T06:15:45.817Z,gpu-3uwoq-6g3ya-2,ib_hw_counter,rdma_vf_rail1,resp_cqe_error,0
2026-09-30T06:15:45.817Z,gpu-3uwoq-6g3ya-2,ib_hw_counter,rdma_vf_rail1,implied_nak_seq_err,0
2026-09-30T06:15:45.817Z,gpu-3uwoq-6g3ya-2,ib_hw_counter,rdma_vf_rail1,duplicate_request,0
2026-09-30T06:15:45.817Z,gpu-3uwoq-6g3ya-2,ib_counter,rdma_vf_rail2,port_xmit_data,2.76181e+12
2026-09-30T06:15:45.817Z,gpu-3uwoq-6g3ya-2,ib_counter,rdma_vf_rail2,port_rcv_data,5.72057e+12
2026-09-30T06:15:45.817Z,gpu-3uwoq-6g3ya-2,ib_counter,rdma_vf_rail2,port_xmit_packets,9.4252e+08
2026-09-30T06:15:45.817Z,gpu-3uwoq-6g3ya-2,ib_counter,rdma_vf_rail2,port_rcv_packets,1.56133e+09
2026-09-30T06:15:45.817Z,gpu-3uwoq-6g3ya-2,ib_counter,rdma_vf_rail2,port_xmit_wait,0
2026-09-30T06:15:45.817Z,gpu-3uwoq-6g3ya-2,ib_counter,rdma_vf_rail2,port_rcv_errors,0
2026-09-30T06:15:45.817Z,gpu-3uwoq-6g3ya-2,ib_counter,rdma_vf_rail2,port_xmit_discards,0
2026-09-30T06:15:45.817Z,gpu-3uwoq-6g3ya-2,ib_counter,rdma_vf_rail2,link_downed,0
2026-09-30T06:15:45.817Z,gpu-3uwoq-6g3ya-2,ib_hw_counter,rdma_vf_rail2,out_of_sequence,0
2026-09-30T06:15:45.817Z,gpu-3uwoq-6g3ya-2,ib_hw_counter,rdma_vf_rail2,packet_seq_err,0
2026-09-30T06:15:45.817Z,gpu-3uwoq-6g3ya-2,ib_hw_counter,rdma_vf_rail2,local_ack_timeout_err,0
2026-09-30T06:15:45.817Z,gpu-3uwoq-6g3ya-2,ib_hw_counter,rdma_vf_rail2,rx_write_requests,7.05021e+08
2026-09-30T06:15:45.817Z,gpu-3uwoq-6g3ya-2,ib_hw_counter,rdma_vf_rail2,rx_read_requests,1.042e+07
2026-09-30T06:15:45.817Z,gpu-3uwoq-6g3ya-2,ib_hw_counter,rdma_vf_rail2,req_cqe_error,0
2026-09-30T06:15:45.817Z,gpu-3uwoq-6g3ya-2,ib_hw_counter,rdma_vf_rail2,resp_cqe_error,0
2026-09-30T06:15:45.817Z,gpu-3uwoq-6g3ya-2,ib_hw_counter,rdma_vf_rail2,implied_nak_seq_err,0
2026-09-30T06:15:45.817Z,gpu-3uwoq-6g3ya-2,ib_hw_counter,rdma_vf_rail2,duplicate_request,0
2026-09-30T06:15:45.817Z,gpu-3uwoq-6g3ya-2,ib_counter,rdma_vf_rail3,port_xmit_data,2.76167e+12
2026-09-30T06:15:45.817Z,gpu-3uwoq-6g3ya-2,ib_counter,rdma_vf_rail3,port_rcv_data,5.72118e+12
2026-09-30T06:15:45.817Z,gpu-3uwoq-6g3ya-2,ib_counter,rdma_vf_rail3,port_xmit_packets,9.40862e+08
2026-09-30T06:15:45.817Z,gpu-3uwoq-6g3ya-2,ib_counter,rdma_vf_rail3,port_rcv_packets,1.56875e+09
2026-09-30T06:15:45.817Z,gpu-3uwoq-6g3ya-2,ib_counter,rdma_vf_rail3,port_xmit_wait,0
2026-09-30T06:15:45.817Z,gpu-3uwoq-6g3ya-2,ib_counter,rdma_vf_rail3,port_rcv_errors,0
2026-09-30T06:15:45.817Z,gpu-3uwoq-6g3ya-2,ib_counter,rdma_vf_rail3,port_xmit_discards,0
2026-09-30T06:15:45.817Z,gpu-3uwoq-6g3ya-2,ib_counter,rdma_vf_rail3,link_downed,0
2026-09-30T06:15:45.817Z,gpu-3uwoq-6g3ya-2,ib_hw_counter,rdma_vf_rail3,out_of_sequence,0
2026-09-30T06:15:45.817Z,gpu-3uwoq-6g3ya-2,ib_hw_counter,rdma_vf_rail3,packet_seq_err,1
2026-09-30T06:15:45.817Z,gpu-3uwoq-6g3ya-2,ib_hw_counter,rdma_vf_rail3,local_ack_timeout_err,0
2026-09-30T06:15:45.817Z,gpu-3uwoq-6g3ya-2,ib_hw_counter,rdma_vf_rail3,rx_write_requests,7.05021e+08
2026-09-30T06:15:45.817Z,gpu-3uwoq-6g3ya-2,ib_hw_counter,rdma_vf_rail3,rx_read_requests,1.042e+07
2026-09-30T06:15:45.817Z,gpu-3uwoq-6g3ya-2,ib_hw_counter,rdma_vf_rail3,req_cqe_error,0
2026-09-30T06:15:45.817Z,gpu-3uwoq-6g3ya-2,ib_hw_counter,rdma_vf_rail3,resp_cqe_error,0
2026-09-30T06:15:45.817Z,gpu-3uwoq-6g3ya-2,ib_hw_counter,rdma_vf_rail3,implied_nak_seq_err,0
2026-09-30T06:15:45.817Z,gpu-3uwoq-6g3ya-2,ib_hw_counter,rdma_vf_rail3,duplicate_request,0
2026-09-30T06:15:45.817Z,gpu-3uwoq-6g3ya-2,dcgm,gpu2,gpu_util,0
2026-09-30T06:15:45.817Z,gpu-3uwoq-6g3ya-2,dcgm,gpu3,gpu_util,0
2026-09-30T06:15:45.817Z,gpu-3uwoq-6g3ya-2,dcgm,gpu1,gpu_util,0
2026-09-30T06:15:45.817Z,gpu-3uwoq-6g3ya-2,dcgm,gpu0,gpu_util,0
2026-09-30T06:15:45.817Z,gpu-3uwoq-6g3ya-2,dcgm,gpu2,nvlink_bandwidth_total,0
2026-09-30T06:15:45.817Z,gpu-3uwoq-6g3ya-2,dcgm,gpu3,nvlink_bandwidth_total,0
2026-09-30T06:15:45.817Z,gpu-3uwoq-6g3ya-2,dcgm,gpu1,nvlink_bandwidth_total,0
2026-09-30T06:15:45.817Z,gpu-3uwoq-6g3ya-2,dcgm,gpu0,nvlink_bandwidth_total,0
2026-09-30T06:15:45.817Z,gpu-3uwoq-6g3ya-2,dcgm,gpu2,power_w,231.327
2026-09-30T06:15:45.817Z,gpu-3uwoq-6g3ya-2,dcgm,gpu3,power_w,234.078
2026-09-30T06:15:45.817Z,gpu-3uwoq-6g3ya-2,dcgm,gpu1,power_w,229.995
2026-09-30T06:15:45.817Z,gpu-3uwoq-6g3ya-2,dcgm,gpu0,power_w,226.432
2026-09-30T06:15:45.817Z,gpu-3uwoq-6g3ya-2,dcgm,gpu2,sm_clock_mhz,2070
2026-09-30T06:15:45.817Z,gpu-3uwoq-6g3ya-2,dcgm,gpu3,sm_clock_mhz,2070
2026-09-30T06:15:45.817Z,gpu-3uwoq-6g3ya-2,dcgm,gpu1,sm_clock_mhz,2070
2026-09-30T06:15:45.817Z,gpu-3uwoq-6g3ya-2,dcgm,gpu0,sm_clock_mhz,2070
2026-09-30T06:15:45.817Z,gpu-3uwoq-6g3ya-2,dcgm,gpu2,dram_active,6e-06
2026-09-30T06:15:45.817Z,gpu-3uwoq-6g3ya-2,dcgm,gpu3,dram_active,6e-06
2026-09-30T06:15:45.817Z,gpu-3uwoq-6g3ya-2,dcgm,gpu1,dram_active,6e-06
2026-09-30T06:15:45.817Z,gpu-3uwoq-6g3ya-2,dcgm,gpu0,dram_active,6e-06
2026-09-30T06:15:45.817Z,gpu-3uwoq-6g3ya-2,dcgm,gpu2,pcie_rx_bytes,336980
2026-09-30T06:15:45.817Z,gpu-3uwoq-6g3ya-2,dcgm,gpu3,pcie_rx_bytes,328407
2026-09-30T06:15:45.817Z,gpu-3uwoq-6g3ya-2,dcgm,gpu1,pcie_rx_bytes,359867
2026-09-30T06:15:45.817Z,gpu-3uwoq-6g3ya-2,dcgm,gpu0,pcie_rx_bytes,361704
2026-09-30T06:15:45.817Z,gpu-3uwoq-6g3ya-2,dcgm,gpu2,pcie_tx_bytes,289363
2026-09-30T06:15:45.817Z,gpu-3uwoq-6g3ya-2,dcgm,gpu3,pcie_tx_bytes,280676
2026-09-30T06:15:45.817Z,gpu-3uwoq-6g3ya-2,dcgm,gpu1,pcie_tx_bytes,313256
2026-09-30T06:15:45.817Z,gpu-3uwoq-6g3ya-2,dcgm,gpu0,pcie_tx_bytes,314760
2026-09-30T06:15:45.817Z,gpu-3uwoq-6g3ya-2,dcgm,gpu2,tensor_active,0
2026-09-30T06:15:45.817Z,gpu-3uwoq-6g3ya-2,dcgm,gpu3,tensor_active,0
2026-09-30T06:15:45.817Z,gpu-3uwoq-6g3ya-2,dcgm,gpu1,tensor_active,0
2026-09-30T06:15:45.817Z,gpu-3uwoq-6g3ya-2,dcgm,gpu0,tensor_active,0
2026-09-30T06:15:45.817Z,gpu-3uwoq-6g3ya-2,dcgm,gpu2,sm_active,1e-06
2026-09-30T06:15:45.817Z,gpu-3uwoq-6g3ya-2,dcgm,gpu3,sm_active,1e-06
2026-09-30T06:15:45.817Z,gpu-3uwoq-6g3ya-2,dcgm,gpu1,sm_active,1e-06
2026-09-30T06:15:45.817Z,gpu-3uwoq-6g3ya-2,dcgm,gpu0,sm_active,1e-06
2026-09-30T06:15:45.817Z,gpu-3uwoq-6g3ya-2,nvlink,gpu0,nvlink_rx_bytes,4.66839e+13
2026-09-30T06:15:45.817Z,gpu-3uwoq-6g3ya-2,nvlink,gpu0,nvlink_tx_bytes,4.66844e+13
2026-09-30T06:15:45.817Z,gpu-3uwoq-6g3ya-2,nvlink,gpu1,nvlink_rx_bytes,4.67323e+13
2026-09-30T06:15:45.817Z,gpu-3uwoq-6g3ya-2,nvlink,gpu1,nvlink_tx_bytes,4.67326e+13
2026-09-30T06:15:45.817Z,gpu-3uwoq-6g3ya-2,nvlink,gpu2,nvlink_rx_bytes,4.67321e+13
2026-09-30T06:15:45.817Z,gpu-3uwoq-6g3ya-2,nvlink,gpu2,nvlink_tx_bytes,4.67324e+13
2026-09-30T06:15:45.817Z,gpu-3uwoq-6g3ya-2,nvlink,gpu3,nvlink_rx_bytes,4.66799e+13
2026-09-30T06:15:45.817Z,gpu-3uwoq-6g3ya-2,nvlink,gpu3,nvlink_tx_bytes,4.668e+13
2026-09-30T06:15:46.817Z,gpu-3uwoq-6g3ya-2,ib_counter,rdma_vf_rail0,port_xmit_data,2.76329e+12
2026-09-30T06:15:46.817Z,gpu-3uwoq-6g3ya-2,ib_counter,rdma_vf_rail0,port_rcv_data,5.72235e+12
2026-09-30T06:15:46.817Z,gpu-3uwoq-6g3ya-2,ib_counter,rdma_vf_rail0,port_xmit_packets,9.5609e+08
2026-09-30T06:15:46.817Z,gpu-3uwoq-6g3ya-2,ib_counter,rdma_vf_rail0,port_rcv_packets,1.57821e+09
2026-09-30T06:15:46.817Z,gpu-3uwoq-6g3ya-2,ib_counter,rdma_vf_rail0,port_xmit_wait,0
2026-09-30T06:15:46.817Z,gpu-3uwoq-6g3ya-2,ib_counter,rdma_vf_rail0,port_rcv_errors,0
2026-09-30T06:15:46.817Z,gpu-3uwoq-6g3ya-2,ib_counter,rdma_vf_rail0,port_xmit_discards,0
2026-09-30T06:15:46.817Z,gpu-3uwoq-6g3ya-2,ib_counter,rdma_vf_rail0,link_downed,0
2026-09-30T06:15:46.817Z,gpu-3uwoq-6g3ya-2,ib_hw_counter,rdma_vf_rail0,out_of_sequence,0
2026-09-30T06:15:46.817Z,gpu-3uwoq-6g3ya-2,ib_hw_counter,rdma_vf_rail0,packet_seq_err,0
2026-09-30T06:15:46.817Z,gpu-3uwoq-6g3ya-2,ib_hw_counter,rdma_vf_rail0,local_ack_timeout_err,0
2026-09-30T06:15:46.817Z,gpu-3uwoq-6g3ya-2,ib_hw_counter,rdma_vf_rail0,rx_write_requests,7.05021e+08
2026-09-30T06:15:46.817Z,gpu-3uwoq-6g3ya-2,ib_hw_counter,rdma_vf_rail0,rx_read_requests,1.042e+07
2026-09-30T06:15:46.817Z,gpu-3uwoq-6g3ya-2,ib_hw_counter,rdma_vf_rail0,req_cqe_error,0
2026-09-30T06:15:46.817Z,gpu-3uwoq-6g3ya-2,ib_hw_counter,rdma_vf_rail0,resp_cqe_error,0
2026-09-30T06:15:46.817Z,gpu-3uwoq-6g3ya-2,ib_hw_counter,rdma_vf_rail0,implied_nak_seq_err,0
2026-09-30T06:15:46.817Z,gpu-3uwoq-6g3ya-2,ib_hw_counter,rdma_vf_rail0,duplicate_request,0
2026-09-30T06:15:46.817Z,gpu-3uwoq-6g3ya-2,ib_counter,rdma_vf_rail1,port_xmit_data,2.76263e+12
2026-09-30T06:15:46.817Z,gpu-3uwoq-6g3ya-2,ib_counter,rdma_vf_rail1,port_rcv_data,5.72189e+12
2026-09-30T06:15:46.817Z,gpu-3uwoq-6g3ya-2,ib_counter,rdma_vf_rail1,port_xmit_packets,9.52939e+08
2026-09-30T06:15:46.817Z,gpu-3uwoq-6g3ya-2,ib_counter,rdma_vf_rail1,port_rcv_packets,1.57742e+09
2026-09-30T06:15:46.817Z,gpu-3uwoq-6g3ya-2,ib_counter,rdma_vf_rail1,port_xmit_wait,0
2026-09-30T06:15:46.817Z,gpu-3uwoq-6g3ya-2,ib_counter,rdma_vf_rail1,port_rcv_errors,0
2026-09-30T06:15:46.817Z,gpu-3uwoq-6g3ya-2,ib_counter,rdma_vf_rail1,port_xmit_discards,0
2026-09-30T06:15:46.817Z,gpu-3uwoq-6g3ya-2,ib_counter,rdma_vf_rail1,link_downed,0
2026-09-30T06:15:46.817Z,gpu-3uwoq-6g3ya-2,ib_hw_counter,rdma_vf_rail1,out_of_sequence,0
2026-09-30T06:15:46.817Z,gpu-3uwoq-6g3ya-2,ib_hw_counter,rdma_vf_rail1,packet_seq_err,0
2026-09-30T06:15:46.817Z,gpu-3uwoq-6g3ya-2,ib_hw_counter,rdma_vf_rail1,local_ack_timeout_err,0
2026-09-30T06:15:46.817Z,gpu-3uwoq-6g3ya-2,ib_hw_counter,rdma_vf_rail1,rx_write_requests,7.05022e+08
2026-09-30T06:15:46.817Z,gpu-3uwoq-6g3ya-2,ib_hw_counter,rdma_vf_rail1,rx_read_requests,1.042e+07
2026-09-30T06:15:46.817Z,gpu-3uwoq-6g3ya-2,ib_hw_counter,rdma_vf_rail1,req_cqe_error,0
2026-09-30T06:15:46.817Z,gpu-3uwoq-6g3ya-2,ib_hw_counter,rdma_vf_rail1,resp_cqe_error,0
2026-09-30T06:15:46.817Z,gpu-3uwoq-6g3ya-2,ib_hw_counter,rdma_vf_rail1,implied_nak_seq_err,0
2026-09-30T06:15:46.817Z,gpu-3uwoq-6g3ya-2,ib_hw_counter,rdma_vf_rail1,duplicate_request,0
2026-09-30T06:15:46.817Z,gpu-3uwoq-6g3ya-2,ib_counter,rdma_vf_rail2,port_xmit_data,2.76181e+12
2026-09-30T06:15:46.817Z,gpu-3uwoq-6g3ya-2,ib_counter,rdma_vf_rail2,port_rcv_data,5.72057e+12
2026-09-30T06:15:46.817Z,gpu-3uwoq-6g3ya-2,ib_counter,rdma_vf_rail2,port_xmit_packets,9.4252e+08
2026-09-30T06:15:46.817Z,gpu-3uwoq-6g3ya-2,ib_counter,rdma_vf_rail2,port_rcv_packets,1.56133e+09
2026-09-30T06:15:46.817Z,gpu-3uwoq-6g3ya-2,ib_counter,rdma_vf_rail2,port_xmit_wait,0
2026-09-30T06:15:46.817Z,gpu-3uwoq-6g3ya-2,ib_counter,rdma_vf_rail2,port_rcv_errors,0
2026-09-30T06:15:46.817Z,gpu-3uwoq-6g3ya-2,ib_counter,rdma_vf_rail2,port_xmit_discards,0
2026-09-30T06:15:46.817Z,gpu-3uwoq-6g3ya-2,ib_counter,rdma_vf_rail2,link_downed,0
2026-09-30T06:15:46.817Z,gpu-3uwoq-6g3ya-2,ib_hw_counter,rdma_vf_rail2,out_of_sequence,0
2026-09-30T06:15:46.817Z,gpu-3uwoq-6g3ya-2,ib_hw_counter,rdma_vf_rail2,packet_seq_err,0
2026-09-30T06:15:46.817Z,gpu-3uwoq-6g3ya-2,ib_hw_counter,rdma_vf_rail2,local_ack_timeout_err,0
2026-09-30T06:15:46.817Z,gpu-3uwoq-6g3ya-2,ib_hw_counter,rdma_vf_rail2,rx_write_requests,7.05021e+08
2026-09-30T06:15:46.817Z,gpu-3uwoq-6g3ya-2,ib_hw_counter,rdma_vf_rail2,rx_read_requests,1.042e+07
2026-09-30T06:15:46.817Z,gpu-3uwoq-6g3ya-2,ib_hw_counter,rdma_vf_rail2,req_cqe_error,0
2026-09-30T06:15:46.817Z,gpu-3uwoq-6g3ya-2,ib_hw_counter,rdma_vf_rail2,resp_cqe_error,0
2026-09-30T06:15:46.817Z,gpu-3uwoq-6g3ya-2,ib_hw_counter,rdma_vf_rail2,implied_nak_seq_err,0
2026-09-30T06:15:46.817Z,gpu-3uwoq-6g3ya-2,ib_hw_counter,rdma_vf_rail2,duplicate_request,0
2026-09-30T06:15:46.817Z,gpu-3uwoq-6g3ya-2,ib_counter,rdma_vf_rail3,port_xmit_data,2.76167e+12
2026-09-30T06:15:46.817Z,gpu-3uwoq-6g3ya-2,ib_counter,rdma_vf_rail3,port_rcv_data,5.72118e+12
2026-09-30T06:15:46.817Z,gpu-3uwoq-6g3ya-2,ib_counter,rdma_vf_rail3,port_xmit_packets,9.40862e+08
2026-09-30T06:15:46.817Z,gpu-3uwoq-6g3ya-2,ib_counter,rdma_vf_rail3,port_rcv_packets,1.56875e+09
2026-09-30T06:15:46.817Z,gpu-3uwoq-6g3ya-2,ib_counter,rdma_vf_rail3,port_xmit_wait,0
2026-09-30T06:15:46.817Z,gpu-3uwoq-6g3ya-2,ib_counter,rdma_vf_rail3,port_rcv_errors,0
2026-09-30T06:15:46.817Z,gpu-3uwoq-6g3ya-2,ib_counter,rdma_vf_rail3,port_xmit_discards,0
2026-09-30T06:15:46.817Z,gpu-3uwoq-6g3ya-2,ib_counter,rdma_vf_rail3,link_downed,0
2026-09-30T06:15:46.817Z,gpu-3uwoq-6g3ya-2,ib_hw_counter,rdma_vf_rail3,out_of_sequence,0
2026-09-30T06:15:46.817Z,gpu-3uwoq-6g3ya-2,ib_hw_counter,rdma_vf_rail3,packet_seq_err,1
2026-09-30T06:15:46.817Z,gpu-3uwoq-6g3ya-2,ib_hw_counter,rdma_vf_rail3,local_ack_timeout_err,0
2026-09-30T06:15:46.817Z,gpu-3uwoq-6g3ya-2,ib_hw_counter,rdma_vf_rail3,rx_write_requests,7.05021e+08
2026-09-30T06:15:46.817Z,gpu-3uwoq-6g3ya-2,ib_hw_counter,rdma_vf_rail3,rx_read_requests,1.042e+07
2026-09-30T06:15:46.817Z,gpu-3uwoq-6g3ya-2,ib_hw_counter,rdma_vf_rail3,req_cqe_error,0
2026-09-30T06:15:46.817Z,gpu-3uwoq-6g3ya-2,ib_hw_counter,rdma_vf_rail3,resp_cqe_error,0
2026-09-30T06:15:46.817Z,gpu-3uwoq-6g3ya-2,ib_hw_counter,rdma_vf_rail3,implied_nak_seq_err,0
2026-09-30T06:15:46.817Z,gpu-3uwoq-6g3ya-2,ib_hw_counter,rdma_vf_rail3,duplicate_request,0
2026-09-30T06:15:46.817Z,gpu-3uwoq-6g3ya-2,dcgm,gpu2,gpu_util,0
2026-09-30T06:15:46.817Z,gpu-3uwoq-6g3ya-2,dcgm,gpu3,gpu_util,0
2026-09-30T06:15:46.817Z,gpu-3uwoq-6g3ya-2,dcgm,gpu1,gpu_util,0
2026-09-30T06:15:46.817Z,gpu-3uwoq-6g3ya-2,dcgm,gpu0,gpu_util,0
2026-09-30T06:15:46.817Z,gpu-3uwoq-6g3ya-2,dcgm,gpu2,nvlink_bandwidth_total,6700
2026-09-30T06:15:46.817Z,gpu-3uwoq-6g3ya-2,dcgm,gpu3,nvlink_bandwidth_total,3415
2026-09-30T06:15:46.817Z,gpu-3uwoq-6g3ya-2,dcgm,gpu1,nvlink_bandwidth_total,6700
2026-09-30T06:15:46.817Z,gpu-3uwoq-6g3ya-2,dcgm,gpu0,nvlink_bandwidth_total,3546
2026-09-30T06:15:46.817Z,gpu-3uwoq-6g3ya-2,dcgm,gpu2,power_w,231.327
2026-09-30T06:15:46.817Z,gpu-3uwoq-6g3ya-2,dcgm,gpu3,power_w,234.078
2026-09-30T06:15:46.817Z,gpu-3uwoq-6g3ya-2,dcgm,gpu1,power_w,229.995
2026-09-30T06:15:46.817Z,gpu-3uwoq-6g3ya-2,dcgm,gpu0,power_w,226.432
2026-09-30T06:15:46.817Z,gpu-3uwoq-6g3ya-2,dcgm,gpu2,sm_clock_mhz,2070
2026-09-30T06:15:46.817Z,gpu-3uwoq-6g3ya-2,dcgm,gpu3,sm_clock_mhz,2070
2026-09-30T06:15:46.817Z,gpu-3uwoq-6g3ya-2,dcgm,gpu1,sm_clock_mhz,2070
2026-09-30T06:15:46.817Z,gpu-3uwoq-6g3ya-2,dcgm,gpu0,sm_clock_mhz,2070
2026-09-30T06:15:46.817Z,gpu-3uwoq-6g3ya-2,dcgm,gpu2,dram_active,6e-06
2026-09-30T06:15:46.817Z,gpu-3uwoq-6g3ya-2,dcgm,gpu3,dram_active,6e-06
2026-09-30T06:15:46.817Z,gpu-3uwoq-6g3ya-2,dcgm,gpu1,dram_active,6e-06
2026-09-30T06:15:46.817Z,gpu-3uwoq-6g3ya-2,dcgm,gpu0,dram_active,6e-06
2026-09-30T06:15:46.817Z,gpu-3uwoq-6g3ya-2,dcgm,gpu2,pcie_rx_bytes,336980
2026-09-30T06:15:46.817Z,gpu-3uwoq-6g3ya-2,dcgm,gpu3,pcie_rx_bytes,328407
2026-09-30T06:15:46.817Z,gpu-3uwoq-6g3ya-2,dcgm,gpu1,pcie_rx_bytes,359867
2026-09-30T06:15:46.817Z,gpu-3uwoq-6g3ya-2,dcgm,gpu0,pcie_rx_bytes,361704
2026-09-30T06:15:46.817Z,gpu-3uwoq-6g3ya-2,dcgm,gpu2,pcie_tx_bytes,289363
2026-09-30T06:15:46.817Z,gpu-3uwoq-6g3ya-2,dcgm,gpu3,pcie_tx_bytes,280676
2026-09-30T06:15:46.817Z,gpu-3uwoq-6g3ya-2,dcgm,gpu1,pcie_tx_bytes,313256
2026-09-30T06:15:46.817Z,gpu-3uwoq-6g3ya-2,dcgm,gpu0,pcie_tx_bytes,314760
2026-09-30T06:15:46.817Z,gpu-3uwoq-6g3ya-2,dcgm,gpu2,tensor_active,0
2026-09-30T06:15:46.817Z,gpu-3uwoq-6g3ya-2,dcgm,gpu3,tensor_active,0
2026-09-30T06:15:46.817Z,gpu-3uwoq-6g3ya-2,dcgm,gpu1,tensor_active,0
2026-09-30T06:15:46.817Z,gpu-3uwoq-6g3ya-2,dcgm,gpu0,tensor_active,0
2026-09-30T06:15:46.817Z,gpu-3uwoq-6g3ya-2,dcgm,gpu2,sm_active,1e-06
2026-09-30T06:15:46.817Z,gpu-3uwoq-6g3ya-2,dcgm,gpu3,sm_active,1e-06
2026-09-30T06:15:46.817Z,gpu-3uwoq-6g3ya-2,dcgm,gpu1,sm_active,1e-06
2026-09-30T06:15:46.817Z,gpu-3uwoq-6g3ya-2,dcgm,gpu0,sm_active,1e-06
2026-09-30T06:15:46.817Z,gpu-3uwoq-6g3ya-2,nvlink,gpu0,nvlink_rx_bytes,4.66839e+13
2026-09-30T06:15:46.817Z,gpu-3uwoq-6g3ya-2,nvlink,gpu0,nvlink_tx_bytes,4.66844e+13
2026-09-30T06:15:46.817Z,gpu-3uwoq-6g3ya-2,nvlink,gpu1,nvlink_rx_bytes,4.67323e+13
2026-09-30T06:15:46.817Z,gpu-3uwoq-6g3ya-2,nvlink,gpu1,nvlink_tx_bytes,4.67326e+13
2026-09-30T06:15:46.817Z,gpu-3uwoq-6g3ya-2,nvlink,gpu2,nvlink_rx_bytes,4.67321e+13
2026-09-30T06:15:46.817Z,gpu-3uwoq-6g3ya-2,nvlink,gpu2,nvlink_tx_bytes,4.67324e+13
2026-09-30T06:15:46.817Z,gpu-3uwoq-6g3ya-2,nvlink,gpu3,nvlink_rx_bytes,4.66799e+13
2026-09-30T06:15:46.817Z,gpu-3uwoq-6g3ya-2,nvlink,gpu3,nvlink_tx_bytes,4.668e+13
2026-09-30T06:15:47.817Z,gpu-3uwoq-6g3ya-2,ib_counter,rdma_vf_rail0,port_xmit_data,2.76329e+12
2026-09-30T06:15:47.817Z,gpu-3uwoq-6g3ya-2,ib_counter,rdma_vf_rail0,port_rcv_data,5.72235e+12
2026-09-30T06:15:47.817Z,gpu-3uwoq-6g3ya-2,ib_counter,rdma_vf_rail0,port_xmit_packets,9.5609e+08
2026-09-30T06:15:47.817Z,gpu-3uwoq-6g3ya-2,ib_counter,rdma_vf_rail0,port_rcv_packets,1.57821e+09
2026-09-30T06:15:47.817Z,gpu-3uwoq-6g3ya-2,ib_counter,rdma_vf_rail0,port_xmit_wait,0
2026-09-30T06:15:47.817Z,gpu-3uwoq-6g3ya-2,ib_counter,rdma_vf_rail0,port_rcv_errors,0
2026-09-30T06:15:47.817Z,gpu-3uwoq-6g3ya-2,ib_counter,rdma_vf_rail0,port_xmit_discards,0
2026-09-30T06:15:47.817Z,gpu-3uwoq-6g3ya-2,ib_counter,rdma_vf_rail0,link_downed,0
2026-09-30T06:15:47.817Z,gpu-3uwoq-6g3ya-2,ib_hw_counter,rdma_vf_rail0,out_of_sequence,0
2026-09-30T06:15:47.817Z,gpu-3uwoq-6g3ya-2,ib_hw_counter,rdma_vf_rail0,packet_seq_err,0
2026-09-30T06:15:47.817Z,gpu-3uwoq-6g3ya-2,ib_hw_counter,rdma_vf_rail0,local_ack_timeout_err,0
2026-09-30T06:15:47.817Z,gpu-3uwoq-6g3ya-2,ib_hw_counter,rdma_vf_rail0,rx_write_requests,7.05021e+08
2026-09-30T06:15:47.817Z,gpu-3uwoq-6g3ya-2,ib_hw_counter,rdma_vf_rail0,rx_read_requests,1.042e+07
2026-09-30T06:15:47.817Z,gpu-3uwoq-6g3ya-2,ib_hw_counter,rdma_vf_rail0,req_cqe_error,0
2026-09-30T06:15:47.817Z,gpu-3uwoq-6g3ya-2,ib_hw_counter,rdma_vf_rail0,resp_cqe_error,0
2026-09-30T06:15:47.817Z,gpu-3uwoq-6g3ya-2,ib_hw_counter,rdma_vf_rail0,implied_nak_seq_err,0
2026-09-30T06:15:47.817Z,gpu-3uwoq-6g3ya-2,ib_hw_counter,rdma_vf_rail0,duplicate_request,0
2026-09-30T06:15:47.817Z,gpu-3uwoq-6g3ya-2,ib_counter,rdma_vf_rail1,port_xmit_data,2.76263e+12
2026-09-30T06:15:47.817Z,gpu-3uwoq-6g3ya-2,ib_counter,rdma_vf_rail1,port_rcv_data,5.72189e+12
2026-09-30T06:15:47.817Z,gpu-3uwoq-6g3ya-2,ib_counter,rdma_vf_rail1,port_xmit_packets,9.52939e+08
2026-09-30T06:15:47.817Z,gpu-3uwoq-6g3ya-2,ib_counter,rdma_vf_rail1,port_rcv_packets,1.57742e+09
2026-09-30T06:15:47.817Z,gpu-3uwoq-6g3ya-2,ib_counter,rdma_vf_rail1,port_xmit_wait,0
2026-09-30T06:15:47.817Z,gpu-3uwoq-6g3ya-2,ib_counter,rdma_vf_rail1,port_rcv_errors,0
2026-09-30T06:15:47.817Z,gpu-3uwoq-6g3ya-2,ib_counter,rdma_vf_rail1,port_xmit_discards,0
2026-09-30T06:15:47.817Z,gpu-3uwoq-6g3ya-2,ib_counter,rdma_vf_rail1,link_downed,0
2026-09-30T06:15:47.817Z,gpu-3uwoq-6g3ya-2,ib_hw_counter,rdma_vf_rail1,out_of_sequence,0
2026-09-30T06:15:47.817Z,gpu-3uwoq-6g3ya-2,ib_hw_counter,rdma_vf_rail1,packet_seq_err,0
2026-09-30T06:15:47.817Z,gpu-3uwoq-6g3ya-2,ib_hw_counter,rdma_vf_rail1,local_ack_timeout_err,0
2026-09-30T06:15:47.817Z,gpu-3uwoq-6g3ya-2,ib_hw_counter,rdma_vf_rail1,rx_write_requests,7.05022e+08
2026-09-30T06:15:47.817Z,gpu-3uwoq-6g3ya-2,ib_hw_counter,rdma_vf_rail1,rx_read_requests,1.042e+07
2026-09-30T06:15:47.817Z,gpu-3uwoq-6g3ya-2,ib_hw_counter,rdma_vf_rail1,req_cqe_error,0
2026-09-30T06:15:47.817Z,gpu-3uwoq-6g3ya-2,ib_hw_counter,rdma_vf_rail1,resp_cqe_error,0
2026-09-30T06:15:47.817Z,gpu-3uwoq-6g3ya-2,ib_hw_counter,rdma_vf_rail1,implied_nak_seq_err,0
2026-09-30T06:15:47.817Z,gpu-3uwoq-6g3ya-2,ib_hw_counter,rdma_vf_rail1,duplicate_request,0
2026-09-30T06:15:47.817Z,gpu-3uwoq-6g3ya-2,ib_counter,rdma_vf_rail2,port_xmit_data,2.76181e+12
2026-09-30T06:15:47.817Z,gpu-3uwoq-6g3ya-2,ib_counter,rdma_vf_rail2,port_rcv_data,5.72057e+12
2026-09-30T06:15:47.817Z,gpu-3uwoq-6g3ya-2,ib_counter,rdma_vf_rail2,port_xmit_packets,9.4252e+08
2026-09-30T06:15:47.817Z,gpu-3uwoq-6g3ya-2,ib_counter,rdma_vf_rail2,port_rcv_packets,1.56133e+09
2026-09-30T06:15:47.817Z,gpu-3uwoq-6g3ya-2,ib_counter,rdma_vf_rail2,port_xmit_wait,0
2026-09-30T06:15:47.817Z,gpu-3uwoq-6g3ya-2,ib_counter,rdma_vf_rail2,port_rcv_errors,0
2026-09-30T06:15:47.817Z,gpu-3uwoq-6g3ya-2,ib_counter,rdma_vf_rail2,port_xmit_discards,0
2026-09-30T06:15:47.817Z,gpu-3uwoq-6g3ya-2,ib_counter,rdma_vf_rail2,link_downed,0
2026-09-30T06:15:47.817Z,gpu-3uwoq-6g3ya-2,ib_hw_counter,rdma_vf_rail2,out_of_sequence,0
2026-09-30T06:15:47.817Z,gpu-3uwoq-6g3ya-2,ib_hw_counter,rdma_vf_rail2,packet_seq_err,0
2026-09-30T06:15:47.817Z,gpu-3uwoq-6g3ya-2,ib_hw_counter,rdma_vf_rail2,local_ack_timeout_err,0
2026-09-30T06:15:47.817Z,gpu-3uwoq-6g3ya-2,ib_hw_counter,rdma_vf_rail2,rx_write_requests,7.05021e+08
2026-09-30T06:15:47.817Z,gpu-3uwoq-6g3ya-2,ib_hw_counter,rdma_vf_rail2,rx_read_requests,1.042e+07
2026-09-30T06:15:47.817Z,gpu-3uwoq-6g3ya-2,ib_hw_counter,rdma_vf_rail2,req_cqe_error,0
2026-09-30T06:15:47.817Z,gpu-3uwoq-6g3ya-2,ib_hw_counter,rdma_vf_rail2,resp_cqe_error,0
2026-09-30T06:15:47.817Z,gpu-3uwoq-6g3ya-2,ib_hw_counter,rdma_vf_rail2,implied_nak_seq_err,0
2026-09-30T06:15:47.817Z,gpu-3uwoq-6g3ya-2,ib_hw_counter,rdma_vf_rail2,duplicate_request,0
2026-09-30T06:15:47.817Z,gpu-3uwoq-6g3ya-2,ib_counter,rdma_vf_rail3,port_xmit_data,2.76167e+12
2026-09-30T06:15:47.817Z,gpu-3uwoq-6g3ya-2,ib_counter,rdma_vf_rail3,port_rcv_data,5.72118e+12
2026-09-30T06:15:47.817Z,gpu-3uwoq-6g3ya-2,ib_counter,rdma_vf_rail3,port_xmit_packets,9.40862e+08
2026-09-30T06:15:47.817Z,gpu-3uwoq-6g3ya-2,ib_counter,rdma_vf_rail3,port_rcv_packets,1.56875e+09
2026-09-30T06:15:47.817Z,gpu-3uwoq-6g3ya-2,ib_counter,rdma_vf_rail3,port_xmit_wait,0
2026-09-30T06:15:47.817Z,gpu-3uwoq-6g3ya-2,ib_counter,rdma_vf_rail3,port_rcv_errors,0
2026-09-30T06:15:47.817Z,gpu-3uwoq-6g3ya-2,ib_counter,rdma_vf_rail3,port_xmit_discards,0
2026-09-30T06:15:47.817Z,gpu-3uwoq-6g3ya-2,ib_counter,rdma_vf_rail3,link_downed,0
2026-09-30T06:15:47.817Z,gpu-3uwoq-6g3ya-2,ib_hw_counter,rdma_vf_rail3,out_of_sequence,0
2026-09-30T06:15:47.817Z,gpu-3uwoq-6g3ya-2,ib_hw_counter,rdma_vf_rail3,packet_seq_err,1
2026-09-30T06:15:47.817Z,gpu-3uwoq-6g3ya-2,ib_hw_counter,rdma_vf_rail3,local_ack_timeout_err,0
2026-09-30T06:15:47.817Z,gpu-3uwoq-6g3ya-2,ib_hw_counter,rdma_vf_rail3,rx_write_requests,7.05021e+08
2026-09-30T06:15:47.817Z,gpu-3uwoq-6g3ya-2,ib_hw_counter,rdma_vf_rail3,rx_read_requests,1.042e+07
2026-09-30T06:15:47.817Z,gpu-3uwoq-6g3ya-2,ib_hw_counter,rdma_vf_rail3,req_cqe_error,0
2026-09-30T06:15:47.817Z,gpu-3uwoq-6g3ya-2,ib_hw_counter,rdma_vf_rail3,resp_cqe_error,0
2026-09-30T06:15:47.817Z,gpu-3uwoq-6g3ya-2,ib_hw_counter,rdma_vf_rail3,implied_nak_seq_err,0
2026-09-30T06:15:47.817Z,gpu-3uwoq-6g3ya-2,ib_hw_counter,rdma_vf_rail3,duplicate_request,0
2026-09-30T06:15:47.817Z,gpu-3uwoq-6g3ya-2,dcgm,gpu2,gpu_util,0
2026-09-30T06:15:47.817Z,gpu-3uwoq-6g3ya-2,dcgm,gpu3,gpu_util,0
2026-09-30T06:15:47.817Z,gpu-3uwoq-6g3ya-2,dcgm,gpu1,gpu_util,0
2026-09-30T06:15:47.817Z,gpu-3uwoq-6g3ya-2,dcgm,gpu0,gpu_util,0
2026-09-30T06:15:47.817Z,gpu-3uwoq-6g3ya-2,dcgm,gpu2,nvlink_bandwidth_total,6700
2026-09-30T06:15:47.817Z,gpu-3uwoq-6g3ya-2,dcgm,gpu3,nvlink_bandwidth_total,3415
2026-09-30T06:15:47.817Z,gpu-3uwoq-6g3ya-2,dcgm,gpu1,nvlink_bandwidth_total,6700
2026-09-30T06:15:47.817Z,gpu-3uwoq-6g3ya-2,dcgm,gpu0,nvlink_bandwidth_total,3546
2026-09-30T06:15:47.817Z,gpu-3uwoq-6g3ya-2,dcgm,gpu2,power_w,231.109
2026-09-30T06:15:47.817Z,gpu-3uwoq-6g3ya-2,dcgm,gpu3,power_w,233.867
2026-09-30T06:15:47.817Z,gpu-3uwoq-6g3ya-2,dcgm,gpu1,power_w,229.995
2026-09-30T06:15:47.817Z,gpu-3uwoq-6g3ya-2,dcgm,gpu0,power_w,226.432
2026-09-30T06:15:47.817Z,gpu-3uwoq-6g3ya-2,dcgm,gpu2,sm_clock_mhz,2070
2026-09-30T06:15:47.817Z,gpu-3uwoq-6g3ya-2,dcgm,gpu3,sm_clock_mhz,2070
2026-09-30T06:15:47.817Z,gpu-3uwoq-6g3ya-2,dcgm,gpu1,sm_clock_mhz,2070
2026-09-30T06:15:47.817Z,gpu-3uwoq-6g3ya-2,dcgm,gpu0,sm_clock_mhz,2070
2026-09-30T06:15:47.817Z,gpu-3uwoq-6g3ya-2,dcgm,gpu2,dram_active,0.001108
2026-09-30T06:15:47.817Z,gpu-3uwoq-6g3ya-2,dcgm,gpu3,dram_active,0.000715
2026-09-30T06:15:47.817Z,gpu-3uwoq-6g3ya-2,dcgm,gpu1,dram_active,6e-06
2026-09-30T06:15:47.817Z,gpu-3uwoq-6g3ya-2,dcgm,gpu0,dram_active,6e-06
2026-09-30T06:15:47.817Z,gpu-3uwoq-6g3ya-2,dcgm,gpu2,pcie_rx_bytes,185384
2026-09-30T06:15:47.817Z,gpu-3uwoq-6g3ya-2,dcgm,gpu3,pcie_rx_bytes,328407
2026-09-30T06:15:47.817Z,gpu-3uwoq-6g3ya-2,dcgm,gpu1,pcie_rx_bytes,225791
2026-09-30T06:15:47.817Z,gpu-3uwoq-6g3ya-2,dcgm,gpu0,pcie_rx_bytes,214758
2026-09-30T06:15:47.817Z,gpu-3uwoq-6g3ya-2,dcgm,gpu2,pcie_tx_bytes,289363
2026-09-30T06:15:47.817Z,gpu-3uwoq-6g3ya-2,dcgm,gpu3,pcie_tx_bytes,280676
2026-09-30T06:15:47.817Z,gpu-3uwoq-6g3ya-2,dcgm,gpu1,pcie_tx_bytes,176912
2026-09-30T06:15:47.817Z,gpu-3uwoq-6g3ya-2,dcgm,gpu0,pcie_tx_bytes,166291
2026-09-30T06:15:47.817Z,gpu-3uwoq-6g3ya-2,dcgm,gpu2,tensor_active,0
2026-09-30T06:15:47.817Z,gpu-3uwoq-6g3ya-2,dcgm,gpu3,tensor_active,0
2026-09-30T06:15:47.817Z,gpu-3uwoq-6g3ya-2,dcgm,gpu1,tensor_active,0
2026-09-30T06:15:47.817Z,gpu-3uwoq-6g3ya-2,dcgm,gpu0,tensor_active,0
2026-09-30T06:15:47.817Z,gpu-3uwoq-6g3ya-2,dcgm,gpu2,sm_active,0.147352
2026-09-30T06:15:47.817Z,gpu-3uwoq-6g3ya-2,dcgm,gpu3,sm_active,1e-06
2026-09-30T06:15:47.817Z,gpu-3uwoq-6g3ya-2,dcgm,gpu1,sm_active,1e-06
2026-09-30T06:15:47.817Z,gpu-3uwoq-6g3ya-2,dcgm,gpu0,sm_active,0.146978
2026-09-30T06:15:47.817Z,gpu-3uwoq-6g3ya-2,nvlink,gpu0,nvlink_rx_bytes,4.66839e+13
2026-09-30T06:15:47.817Z,gpu-3uwoq-6g3ya-2,nvlink,gpu0,nvlink_tx_bytes,4.66844e+13
2026-09-30T06:15:47.817Z,gpu-3uwoq-6g3ya-2,nvlink,gpu1,nvlink_rx_bytes,4.67323e+13
2026-09-30T06:15:47.817Z,gpu-3uwoq-6g3ya-2,nvlink,gpu1,nvlink_tx_bytes,4.67326e+13
2026-09-30T06:15:47.817Z,gpu-3uwoq-6g3ya-2,nvlink,gpu2,nvlink_rx_bytes,4.67321e+13
2026-09-30T06:15:47.817Z,gpu-3uwoq-6g3ya-2,nvlink,gpu2,nvlink_tx_bytes,4.67324e+13
2026-09-30T06:15:47.817Z,gpu-3uwoq-6g3ya-2,nvlink,gpu3,nvlink_rx_bytes,4.66799e+13
2026-09-30T06:15:47.817Z,gpu-3uwoq-6g3ya-2,nvlink,gpu3,nvlink_tx_bytes,4.668e+13
2026-09-30T06:15:48.817Z,gpu-3uwoq-6g3ya-2,ib_counter,rdma_vf_rail0,port_xmit_data,2.76329e+12
2026-09-30T06:15:48.817Z,gpu-3uwoq-6g3ya-2,ib_counter,rdma_vf_rail0,port_rcv_data,5.72235e+12
2026-09-30T06:15:48.817Z,gpu-3uwoq-6g3ya-2,ib_counter,rdma_vf_rail0,port_xmit_packets,9.5609e+08
2026-09-30T06:15:48.817Z,gpu-3uwoq-6g3ya-2,ib_counter,rdma_vf_rail0,port_rcv_packets,1.57821e+09
2026-09-30T06:15:48.817Z,gpu-3uwoq-6g3ya-2,ib_counter,rdma_vf_rail0,port_xmit_wait,0
2026-09-30T06:15:48.817Z,gpu-3uwoq-6g3ya-2,ib_counter,rdma_vf_rail0,port_rcv_errors,0
2026-09-30T06:15:48.817Z,gpu-3uwoq-6g3ya-2,ib_counter,rdma_vf_rail0,port_xmit_discards,0
2026-09-30T06:15:48.817Z,gpu-3uwoq-6g3ya-2,ib_counter,rdma_vf_rail0,link_downed,0
2026-09-30T06:15:48.817Z,gpu-3uwoq-6g3ya-2,ib_hw_counter,rdma_vf_rail0,out_of_sequence,0
2026-09-30T06:15:48.817Z,gpu-3uwoq-6g3ya-2,ib_hw_counter,rdma_vf_rail0,packet_seq_err,0
2026-09-30T06:15:48.817Z,gpu-3uwoq-6g3ya-2,ib_hw_counter,rdma_vf_rail0,local_ack_timeout_err,0
2026-09-30T06:15:48.817Z,gpu-3uwoq-6g3ya-2,ib_hw_counter,rdma_vf_rail0,rx_write_requests,7.05021e+08
2026-09-30T06:15:48.817Z,gpu-3uwoq-6g3ya-2,ib_hw_counter,rdma_vf_rail0,rx_read_requests,1.042e+07
2026-09-30T06:15:48.817Z,gpu-3uwoq-6g3ya-2,ib_hw_counter,rdma_vf_rail0,req_cqe_error,0
2026-09-30T06:15:48.817Z,gpu-3uwoq-6g3ya-2,ib_hw_counter,rdma_vf_rail0,resp_cqe_error,0
2026-09-30T06:15:48.817Z,gpu-3uwoq-6g3ya-2,ib_hw_counter,rdma_vf_rail0,implied_nak_seq_err,0
2026-09-30T06:15:48.817Z,gpu-3uwoq-6g3ya-2,ib_hw_counter,rdma_vf_rail0,duplicate_request,0
2026-09-30T06:15:48.817Z,gpu-3uwoq-6g3ya-2,ib_counter,rdma_vf_rail1,port_xmit_data,2.76263e+12
2026-09-30T06:15:48.817Z,gpu-3uwoq-6g3ya-2,ib_counter,rdma_vf_rail1,port_rcv_data,5.72189e+12
2026-09-30T06:15:48.817Z,gpu-3uwoq-6g3ya-2,ib_counter,rdma_vf_rail1,port_xmit_packets,9.52939e+08
2026-09-30T06:15:48.817Z,gpu-3uwoq-6g3ya-2,ib_counter,rdma_vf_rail1,port_rcv_packets,1.57742e+09
2026-09-30T06:15:48.817Z,gpu-3uwoq-6g3ya-2,ib_counter,rdma_vf_rail1,port_xmit_wait,0
2026-09-30T06:15:48.817Z,gpu-3uwoq-6g3ya-2,ib_counter,rdma_vf_rail1,port_rcv_errors,0
2026-09-30T06:15:48.817Z,gpu-3uwoq-6g3ya-2,ib_counter,rdma_vf_rail1,port_xmit_discards,0
2026-09-30T06:15:48.817Z,gpu-3uwoq-6g3ya-2,ib_counter,rdma_vf_rail1,link_downed,0
2026-09-30T06:15:48.817Z,gpu-3uwoq-6g3ya-2,ib_hw_counter,rdma_vf_rail1,out_of_sequence,0
2026-09-30T06:15:48.817Z,gpu-3uwoq-6g3ya-2,ib_hw_counter,rdma_vf_rail1,packet_seq_err,0
2026-09-30T06:15:48.817Z,gpu-3uwoq-6g3ya-2,ib_hw_counter,rdma_vf_rail1,local_ack_timeout_err,0
2026-09-30T06:15:48.817Z,gpu-3uwoq-6g3ya-2,ib_hw_counter,rdma_vf_rail1,rx_write_requests,7.05022e+08
2026-09-30T06:15:48.817Z,gpu-3uwoq-6g3ya-2,ib_hw_counter,rdma_vf_rail1,rx_read_requests,1.042e+07
2026-09-30T06:15:48.817Z,gpu-3uwoq-6g3ya-2,ib_hw_counter,rdma_vf_rail1,req_cqe_error,0
2026-09-30T06:15:48.817Z,gpu-3uwoq-6g3ya-2,ib_hw_counter,rdma_vf_rail1,resp_cqe_error,0
2026-09-30T06:15:48.817Z,gpu-3uwoq-6g3ya-2,ib_hw_counter,rdma_vf_rail1,implied_nak_seq_err,0
2026-09-30T06:15:48.817Z,gpu-3uwoq-6g3ya-2,ib_hw_counter,rdma_vf_rail1,duplicate_request,0
2026-09-30T06:15:48.817Z,gpu-3uwoq-6g3ya-2,ib_counter,rdma_vf_rail2,port_xmit_data,2.76181e+12
2026-09-30T06:15:48.817Z,gpu-3uwoq-6g3ya-2,ib_counter,rdma_vf_rail2,port_rcv_data,5.72057e+12
2026-09-30T06:15:48.817Z,gpu-3uwoq-6g3ya-2,ib_counter,rdma_vf_rail2,port_xmit_packets,9.4252e+08
2026-09-30T06:15:48.817Z,gpu-3uwoq-6g3ya-2,ib_counter,rdma_vf_rail2,port_rcv_packets,1.56133e+09
2026-09-30T06:15:48.817Z,gpu-3uwoq-6g3ya-2,ib_counter,rdma_vf_rail2,port_xmit_wait,0
2026-09-30T06:15:48.817Z,gpu-3uwoq-6g3ya-2,ib_counter,rdma_vf_rail2,port_rcv_errors,0
2026-09-30T06:15:48.817Z,gpu-3uwoq-6g3ya-2,ib_counter,rdma_vf_rail2,port_xmit_discards,0
2026-09-30T06:15:48.817Z,gpu-3uwoq-6g3ya-2,ib_counter,rdma_vf_rail2,link_downed,0
2026-09-30T06:15:48.817Z,gpu-3uwoq-6g3ya-2,ib_hw_counter,rdma_vf_rail2,out_of_sequence,0
2026-09-30T06:15:48.817Z,gpu-3uwoq-6g3ya-2,ib_hw_counter,rdma_vf_rail2,packet_seq_err,0
2026-09-30T06:15:48.817Z,gpu-3uwoq-6g3ya-2,ib_hw_counter,rdma_vf_rail2,local_ack_timeout_err,0
2026-09-30T06:15:48.817Z,gpu-3uwoq-6g3ya-2,ib_hw_counter,rdma_vf_rail2,rx_write_requests,7.05021e+08
2026-09-30T06:15:48.817Z,gpu-3uwoq-6g3ya-2,ib_hw_counter,rdma_vf_rail2,rx_read_requests,1.042e+07
2026-09-30T06:15:48.817Z,gpu-3uwoq-6g3ya-2,ib_hw_counter,rdma_vf_rail2,req_cqe_error,0
2026-09-30T06:15:48.817Z,gpu-3uwoq-6g3ya-2,ib_hw_counter,rdma_vf_rail2,resp_cqe_error,0
2026-09-30T06:15:48.817Z,gpu-3uwoq-6g3ya-2,ib_hw_counter,rdma_vf_rail2,implied_nak_seq_err,0
2026-09-30T06:15:48.817Z,gpu-3uwoq-6g3ya-2,ib_hw_counter,rdma_vf_rail2,duplicate_request,0
2026-09-30T06:15:48.817Z,gpu-3uwoq-6g3ya-2,ib_counter,rdma_vf_rail3,port_xmit_data,2.76167e+12
2026-09-30T06:15:48.817Z,gpu-3uwoq-6g3ya-2,ib_counter,rdma_vf_rail3,port_rcv_data,5.72118e+12
2026-09-30T06:15:48.817Z,gpu-3uwoq-6g3ya-2,ib_counter,rdma_vf_rail3,port_xmit_packets,9.40862e+08
2026-09-30T06:15:48.817Z,gpu-3uwoq-6g3ya-2,ib_counter,rdma_vf_rail3,port_rcv_packets,1.56875e+09
2026-09-30T06:15:48.817Z,gpu-3uwoq-6g3ya-2,ib_counter,rdma_vf_rail3,port_xmit_wait,0
2026-09-30T06:15:48.817Z,gpu-3uwoq-6g3ya-2,ib_counter,rdma_vf_rail3,port_rcv_errors,0
2026-09-30T06:15:48.817Z,gpu-3uwoq-6g3ya-2,ib_counter,rdma_vf_rail3,port_xmit_discards,0
2026-09-30T06:15:48.817Z,gpu-3uwoq-6g3ya-2,ib_counter,rdma_vf_rail3,link_downed,0
2026-09-30T06:15:48.817Z,gpu-3uwoq-6g3ya-2,ib_hw_counter,rdma_vf_rail3,out_of_sequence,0
2026-09-30T06:15:48.817Z,gpu-3uwoq-6g3ya-2,ib_hw_counter,rdma_vf_rail3,packet_seq_err,1
2026-09-30T06:15:48.817Z,gpu-3uwoq-6g3ya-2,ib_hw_counter,rdma_vf_rail3,local_ack_timeout_err,0
2026-09-30T06:15:48.817Z,gpu-3uwoq-6g3ya-2,ib_hw_counter,rdma_vf_rail3,rx_write_requests,7.05021e+08
2026-09-30T06:15:48.817Z,gpu-3uwoq-6g3ya-2,ib_hw_counter,rdma_vf_rail3,rx_read_requests,1.042e+07
2026-09-30T06:15:48.817Z,gpu-3uwoq-6g3ya-2,ib_hw_counter,rdma_vf_rail3,req_cqe_error,0
2026-09-30T06:15:48.817Z,gpu-3uwoq-6g3ya-2,ib_hw_counter,rdma_vf_rail3,resp_cqe_error,0
2026-09-30T06:15:48.817Z,gpu-3uwoq-6g3ya-2,ib_hw_counter,rdma_vf_rail3,implied_nak_seq_err,0
2026-09-30T06:15:48.817Z,gpu-3uwoq-6g3ya-2,ib_hw_counter,rdma_vf_rail3,duplicate_request,0
2026-09-30T06:15:48.817Z,gpu-3uwoq-6g3ya-2,dcgm,gpu2,gpu_util,0
2026-09-30T06:15:48.817Z,gpu-3uwoq-6g3ya-2,dcgm,gpu3,gpu_util,0
2026-09-30T06:15:48.817Z,gpu-3uwoq-6g3ya-2,dcgm,gpu1,gpu_util,0
2026-09-30T06:15:48.817Z,gpu-3uwoq-6g3ya-2,dcgm,gpu0,gpu_util,0
2026-09-30T06:15:48.817Z,gpu-3uwoq-6g3ya-2,dcgm,gpu2,nvlink_bandwidth_total,6700
2026-09-30T06:15:48.817Z,gpu-3uwoq-6g3ya-2,dcgm,gpu3,nvlink_bandwidth_total,3415
2026-09-30T06:15:48.817Z,gpu-3uwoq-6g3ya-2,dcgm,gpu1,nvlink_bandwidth_total,6700
2026-09-30T06:15:48.817Z,gpu-3uwoq-6g3ya-2,dcgm,gpu0,nvlink_bandwidth_total,3546
2026-09-30T06:15:48.817Z,gpu-3uwoq-6g3ya-2,dcgm,gpu2,power_w,231.109
2026-09-30T06:15:48.817Z,gpu-3uwoq-6g3ya-2,dcgm,gpu3,power_w,233.867
2026-09-30T06:15:48.817Z,gpu-3uwoq-6g3ya-2,dcgm,gpu1,power_w,229.995
2026-09-30T06:15:48.817Z,gpu-3uwoq-6g3ya-2,dcgm,gpu0,power_w,226.432
2026-09-30T06:15:48.817Z,gpu-3uwoq-6g3ya-2,dcgm,gpu2,sm_clock_mhz,2070
2026-09-30T06:15:48.817Z,gpu-3uwoq-6g3ya-2,dcgm,gpu3,sm_clock_mhz,2070
2026-09-30T06:15:48.817Z,gpu-3uwoq-6g3ya-2,dcgm,gpu1,sm_clock_mhz,2070
2026-09-30T06:15:48.817Z,gpu-3uwoq-6g3ya-2,dcgm,gpu0,sm_clock_mhz,2070
2026-09-30T06:15:48.817Z,gpu-3uwoq-6g3ya-2,dcgm,gpu2,dram_active,0.001108
2026-09-30T06:15:48.817Z,gpu-3uwoq-6g3ya-2,dcgm,gpu3,dram_active,0.000715
2026-09-30T06:15:48.817Z,gpu-3uwoq-6g3ya-2,dcgm,gpu1,dram_active,6e-06
2026-09-30T06:15:48.817Z,gpu-3uwoq-6g3ya-2,dcgm,gpu0,dram_active,6e-06
2026-09-30T06:15:48.817Z,gpu-3uwoq-6g3ya-2,dcgm,gpu2,pcie_rx_bytes,185384
2026-09-30T06:15:48.817Z,gpu-3uwoq-6g3ya-2,dcgm,gpu3,pcie_rx_bytes,328407
2026-09-30T06:15:48.817Z,gpu-3uwoq-6g3ya-2,dcgm,gpu1,pcie_rx_bytes,225791
2026-09-30T06:15:48.817Z,gpu-3uwoq-6g3ya-2,dcgm,gpu0,pcie_rx_bytes,214758
2026-09-30T06:15:48.817Z,gpu-3uwoq-6g3ya-2,dcgm,gpu2,pcie_tx_bytes,289363
2026-09-30T06:15:48.817Z,gpu-3uwoq-6g3ya-2,dcgm,gpu3,pcie_tx_bytes,280676
2026-09-30T06:15:48.817Z,gpu-3uwoq-6g3ya-2,dcgm,gpu1,pcie_tx_bytes,176912
2026-09-30T06:15:48.817Z,gpu-3uwoq-6g3ya-2,dcgm,gpu0,pcie_tx_bytes,166291
2026-09-30T06:15:48.817Z,gpu-3uwoq-6g3ya-2,dcgm,gpu2,tensor_active,0
2026-09-30T06:15:48.817Z,gpu-3uwoq-6g3ya-2,dcgm,gpu3,tensor_active,0
2026-09-30T06:15:48.817Z,gpu-3uwoq-6g3ya-2,dcgm,gpu1,tensor_active,0
2026-09-30T06:15:48.817Z,gpu-3uwoq-6g3ya-2,dcgm,gpu0,tensor_active,0
2026-09-30T06:15:48.817Z,gpu-3uwoq-6g3ya-2,dcgm,gpu2,sm_active,0.147352
2026-09-30T06:15:48.817Z,gpu-3uwoq-6g3ya-2,dcgm,gpu3,sm_active,1e-06
2026-09-30T06:15:48.817Z,gpu-3uwoq-6g3ya-2,dcgm,gpu1,sm_active,1e-06
2026-09-30T06:15:48.817Z,gpu-3uwoq-6g3ya-2,dcgm,gpu0,sm_active,0.146978
2026-09-30T06:15:48.817Z,gpu-3uwoq-6g3ya-2,nvlink,gpu0,nvlink_rx_bytes,4.66839e+13
2026-09-30T06:15:48.817Z,gpu-3uwoq-6g3ya-2,nvlink,gpu0,nvlink_tx_bytes,4.66844e+13
2026-09-30T06:15:48.817Z,gpu-3uwoq-6g3ya-2,nvlink,gpu1,nvlink_rx_bytes,4.67323e+13
2026-09-30T06:15:48.817Z,gpu-3uwoq-6g3ya-2,nvlink,gpu1,nvlink_tx_bytes,4.67326e+13
2026-09-30T06:15:48.817Z,gpu-3uwoq-6g3ya-2,nvlink,gpu2,nvlink_rx_bytes,4.67321e+13
2026-09-30T06:15:48.817Z,gpu-3uwoq-6g3ya-2,nvlink,gpu2,nvlink_tx_bytes,4.67324e+13
2026-09-30T06:15:48.817Z,gpu-3uwoq-6g3ya-2,nvlink,gpu3,nvlink_rx_bytes,4.66799e+13
2026-09-30T06:15:48.817Z,gpu-3uwoq-6g3ya-2,nvlink,gpu3,nvlink_tx_bytes,4.668e+13
