ts_iso,node,source,device,metric,value
2026-09-30T07:13:43.521Z,gpu-3uwoq-6g3ya-2,ib_counter,rdma_vf_rail0,port_xmit_data,3.1619e+12
2026-09-30T07:13:43.521Z,gpu-3uwoq-6g3ya-2,ib_counter,rdma_vf_rail0,port_rcv_data,6.12198e+12
2026-09-30T07:13:43.521Z,gpu-3uwoq-6g3ya-2,ib_counter,rdma_vf_rail0,port_xmit_packets,1.07066e+09
2026-09-30T07:13:43.521Z,gpu-3uwoq-6g3ya-2,ib_counter,rdma_vf_rail0,port_rcv_packets,1.70183e+09
2026-09-30T07:13:43.521Z,gpu-3uwoq-6g3ya-2,ib_counter,rdma_vf_rail0,port_xmit_wait,0
2026-09-30T07:13:43.521Z,gpu-3uwoq-6g3ya-2,ib_counter,rdma_vf_rail0,port_rcv_errors,0
2026-09-30T07:13:43.521Z,gpu-3uwoq-6g3ya-2,ib_counter,rdma_vf_rail0,port_xmit_discards,0
2026-09-30T07:13:43.521Z,gpu-3uwoq-6g3ya-2,ib_counter,rdma_vf_rail0,link_downed,0
2026-09-30T07:13:43.521Z,gpu-3uwoq-6g3ya-2,ib_hw_counter,rdma_vf_rail0,out_of_sequence,8
2026-09-30T07:13:43.521Z,gpu-3uwoq-6g3ya-2,ib_hw_counter,rdma_vf_rail0,packet_seq_err,0
2026-09-30T07:13:43.521Z,gpu-3uwoq-6g3ya-2,ib_hw_counter,rdma_vf_rail0,local_ack_timeout_err,0
2026-09-30T07:13:43.521Z,gpu-3uwoq-6g3ya-2,ib_hw_counter,rdma_vf_rail0,rx_write_requests,7.13227e+08
2026-09-30T07:13:43.521Z,gpu-3uwoq-6g3ya-2,ib_hw_counter,rdma_vf_rail0,rx_read_requests,1.34187e+07
2026-09-30T07:13:43.521Z,gpu-3uwoq-6g3ya-2,ib_hw_counter,rdma_vf_rail0,req_cqe_error,0
2026-09-30T07:13:43.521Z,gpu-3uwoq-6g3ya-2,ib_hw_counter,rdma_vf_rail0,resp_cqe_error,0
2026-09-30T07:13:43.521Z,gpu-3uwoq-6g3ya-2,ib_hw_counter,rdma_vf_rail0,implied_nak_seq_err,0
2026-09-30T07:13:43.521Z,gpu-3uwoq-6g3ya-2,ib_hw_counter,rdma_vf_rail0,duplicate_request,0
2026-09-30T07:13:43.521Z,gpu-3uwoq-6g3ya-2,ib_counter,rdma_vf_rail1,port_xmit_data,3.05371e+12
2026-09-30T07:13:43.521Z,gpu-3uwoq-6g3ya-2,ib_counter,rdma_vf_rail1,port_rcv_data,6.01387e+12
2026-09-30T07:13:43.521Z,gpu-3uwoq-6g3ya-2,ib_counter,rdma_vf_rail1,port_xmit_packets,1.03795e+09
2026-09-30T07:13:43.521Z,gpu-3uwoq-6g3ya-2,ib_counter,rdma_vf_rail1,port_rcv_packets,1.66932e+09
2026-09-30T07:13:43.521Z,gpu-3uwoq-6g3ya-2,ib_counter,rdma_vf_rail1,port_xmit_wait,0
2026-09-30T07:13:43.521Z,gpu-3uwoq-6g3ya-2,ib_counter,rdma_vf_rail1,port_rcv_errors,0
2026-09-30T07:13:43.521Z,gpu-3uwoq-6g3ya-2,ib_counter,rdma_vf_rail1,port_xmit_discards,0
2026-09-30T07:13:43.521Z,gpu-3uwoq-6g3ya-2,ib_counter,rdma_vf_rail1,link_downed,0
2026-09-30T07:13:43.521Z,gpu-3uwoq-6g3ya-2,ib_hw_counter,rdma_vf_rail1,out_of_sequence,8
2026-09-30T07:13:43.521Z,gpu-3uwoq-6g3ya-2,ib_hw_counter,rdma_vf_rail1,packet_seq_err,0
2026-09-30T07:13:43.521Z,gpu-3uwoq-6g3ya-2,ib_hw_counter,rdma_vf_rail1,local_ack_timeout_err,0
2026-09-30T07:13:43.521Z,gpu-3uwoq-6g3ya-2,ib_hw_counter,rdma_vf_rail1,rx_write_requests,7.11635e+08
2026-09-30T07:13:43.521Z,gpu-3uwoq-6g3ya-2,ib_hw_counter,rdma_vf_rail1,rx_read_requests,1.26179e+07
2026-09-30T07:13:43.521Z,gpu-3uwoq-6g3ya-2,ib_hw_counter,rdma_vf_rail1,req_cqe_error,0
2026-09-30T07:13:43.521Z,gpu-3uwoq-6g3ya-2,ib_hw_counter,rdma_vf_rail1,resp_cqe_error,0
2026-09-30T07:13:43.521Z,gpu-3uwoq-6g3ya-2,ib_hw_counter,rdma_vf_rail1,implied_nak_seq_err,0
2026-09-30T07:13:43.521Z,gpu-3uwoq-6g3ya-2,ib_hw_counter,rdma_vf_rail1,duplicate_request,0
2026-09-30T07:13:43.521Z,gpu-3uwoq-6g3ya-2,ib_counter,rdma_vf_rail2,port_xmit_data,3.02614e+12
2026-09-30T07:13:43.521Z,gpu-3uwoq-6g3ya-2,ib_counter,rdma_vf_rail2,port_rcv_data,5.98562e+12
2026-09-30T07:13:43.521Z,gpu-3uwoq-6g3ya-2,ib_counter,rdma_vf_rail2,port_xmit_packets,1.02027e+09
2026-09-30T07:13:43.521Z,gpu-3uwoq-6g3ya-2,ib_counter,rdma_vf_rail2,port_rcv_packets,1.64539e+09
2026-09-30T07:13:43.521Z,gpu-3uwoq-6g3ya-2,ib_counter,rdma_vf_rail2,port_xmit_wait,0
2026-09-30T07:13:43.521Z,gpu-3uwoq-6g3ya-2,ib_counter,rdma_vf_rail2,port_rcv_errors,0
2026-09-30T07:13:43.521Z,gpu-3uwoq-6g3ya-2,ib_counter,rdma_vf_rail2,port_xmit_discards,0
2026-09-30T07:13:43.521Z,gpu-3uwoq-6g3ya-2,ib_counter,rdma_vf_rail2,link_downed,0
2026-09-30T07:13:43.521Z,gpu-3uwoq-6g3ya-2,ib_hw_counter,rdma_vf_rail2,out_of_sequence,8
2026-09-30T07:13:43.521Z,gpu-3uwoq-6g3ya-2,ib_hw_counter,rdma_vf_rail2,packet_seq_err,0
2026-09-30T07:13:43.521Z,gpu-3uwoq-6g3ya-2,ib_hw_counter,rdma_vf_rail2,local_ack_timeout_err,0
2026-09-30T07:13:43.521Z,gpu-3uwoq-6g3ya-2,ib_hw_counter,rdma_vf_rail2,rx_write_requests,7.11202e+08
2026-09-30T07:13:43.521Z,gpu-3uwoq-6g3ya-2,ib_hw_counter,rdma_vf_rail2,rx_read_requests,1.241e+07
2026-09-30T07:13:43.521Z,gpu-3uwoq-6g3ya-2,ib_hw_counter,rdma_vf_rail2,req_cqe_error,0
2026-09-30T07:13:43.521Z,gpu-3uwoq-6g3ya-2,ib_hw_counter,rdma_vf_rail2,resp_cqe_error,0
2026-09-30T07:13:43.521Z,gpu-3uwoq-6g3ya-2,ib_hw_counter,rdma_vf_rail2,implied_nak_seq_err,0
2026-09-30T07:13:43.521Z,gpu-3uwoq-6g3ya-2,ib_hw_counter,rdma_vf_rail2,duplicate_request,0
2026-09-30T07:13:43.521Z,gpu-3uwoq-6g3ya-2,ib_counter,rdma_vf_rail3,port_xmit_data,3.026e+12
2026-09-30T07:13:43.521Z,gpu-3uwoq-6g3ya-2,ib_counter,rdma_vf_rail3,port_rcv_data,5.98622e+12
2026-09-30T07:13:43.521Z,gpu-3uwoq-6g3ya-2,ib_counter,rdma_vf_rail3,port_xmit_packets,1.01861e+09
2026-09-30T07:13:43.521Z,gpu-3uwoq-6g3ya-2,ib_counter,rdma_vf_rail3,port_rcv_packets,1.65278e+09
2026-09-30T07:13:43.521Z,gpu-3uwoq-6g3ya-2,ib_counter,rdma_vf_rail3,port_xmit_wait,0
2026-09-30T07:13:43.521Z,gpu-3uwoq-6g3ya-2,ib_counter,rdma_vf_rail3,port_rcv_errors,0
2026-09-30T07:13:43.521Z,gpu-3uwoq-6g3ya-2,ib_counter,rdma_vf_rail3,port_xmit_discards,0
2026-09-30T07:13:43.521Z,gpu-3uwoq-6g3ya-2,ib_counter,rdma_vf_rail3,link_downed,0
2026-09-30T07:13:43.521Z,gpu-3uwoq-6g3ya-2,ib_hw_counter,rdma_vf_rail3,out_of_sequence,7
2026-09-30T07:13:43.521Z,gpu-3uwoq-6g3ya-2,ib_hw_counter,rdma_vf_rail3,packet_seq_err,1
2026-09-30T07:13:43.521Z,gpu-3uwoq-6g3ya-2,ib_hw_counter,rdma_vf_rail3,local_ack_timeout_err,0
2026-09-30T07:13:43.521Z,gpu-3uwoq-6g3ya-2,ib_hw_counter,rdma_vf_rail3,rx_write_requests,7.11202e+08
2026-09-30T07:13:43.521Z,gpu-3uwoq-6g3ya-2,ib_hw_counter,rdma_vf_rail3,rx_read_requests,1.241e+07
2026-09-30T07:13:43.521Z,gpu-3uwoq-6g3ya-2,ib_hw_counter,rdma_vf_rail3,req_cqe_error,0
2026-09-30T07:13:43.521Z,gpu-3uwoq-6g3ya-2,ib_hw_counter,rdma_vf_rail3,resp_cqe_error,0
2026-09-30T07:13:43.521Z,gpu-3uwoq-6g3ya-2,ib_hw_counter,rdma_vf_rail3,implied_nak_seq_err,0
2026-09-30T07:13:43.521Z,gpu-3uwoq-6g3ya-2,ib_hw_counter,rdma_vf_rail3,duplicate_request,0
2026-09-30T07:13:43.521Z,gpu-3uwoq-6g3ya-2,dcgm,gpu2,gpu_util,0
2026-09-30T07:13:43.521Z,gpu-3uwoq-6g3ya-2,dcgm,gpu3,gpu_util,0
2026-09-30T07:13:43.521Z,gpu-3uwoq-6g3ya-2,dcgm,gpu1,gpu_util,0
2026-09-30T07:13:43.521Z,gpu-3uwoq-6g3ya-2,dcgm,gpu0,gpu_util,0
2026-09-30T07:13:43.521Z,gpu-3uwoq-6g3ya-2,dcgm,gpu2,nvlink_bandwidth_total,6569
2026-09-30T07:13:43.521Z,gpu-3uwoq-6g3ya-2,dcgm,gpu3,nvlink_bandwidth_total,3284
2026-09-30T07:13:43.521Z,gpu-3uwoq-6g3ya-2,dcgm,gpu1,nvlink_bandwidth_total,6569
2026-09-30T07:13:43.521Z,gpu-3uwoq-6g3ya-2,dcgm,gpu0,nvlink_bandwidth_total,3284
2026-09-30T07:13:43.521Z,gpu-3uwoq-6g3ya-2,dcgm,gpu2,power_w,230.634
2026-09-30T07:13:43.521Z,gpu-3uwoq-6g3ya-2,dcgm,gpu3,power_w,233.762
2026-09-30T07:13:43.521Z,gpu-3uwoq-6g3ya-2,dcgm,gpu1,power_w,230.034
2026-09-30T07:13:43.521Z,gpu-3uwoq-6g3ya-2,dcgm,gpu0,power_w,226.431
2026-09-30T07:13:43.521Z,gpu-3uwoq-6g3ya-2,dcgm,gpu2,sm_clock_mhz,2070
2026-09-30T07:13:43.521Z,gpu-3uwoq-6g3ya-2,dcgm,gpu3,sm_clock_mhz,2070
2026-09-30T07:13:43.521Z,gpu-3uwoq-6g3ya-2,dcgm,gpu1,sm_clock_mhz,2070
2026-09-30T07:13:43.521Z,gpu-3uwoq-6g3ya-2,dcgm,gpu0,sm_clock_mhz,2070
2026-09-30T07:13:43.521Z,gpu-3uwoq-6g3ya-2,dcgm,gpu2,dram_active,0.001089
2026-09-30T07:13:43.521Z,gpu-3uwoq-6g3ya-2,dcgm,gpu3,dram_active,0.000691
2026-09-30T07:13:43.521Z,gpu-3uwoq-6g3ya-2,dcgm,gpu1,dram_active,0.001083
2026-09-30T07:13:43.521Z,gpu-3uwoq-6g3ya-2,dcgm,gpu0,dram_active,0.000889
2026-09-30T07:13:43.521Z,gpu-3uwoq-6g3ya-2,dcgm,gpu2,pcie_rx_bytes,155935
2026-09-30T07:13:43.521Z,gpu-3uwoq-6g3ya-2,dcgm,gpu3,pcie_rx_bytes,152597
2026-09-30T07:13:43.521Z,gpu-3uwoq-6g3ya-2,dcgm,gpu1,pcie_rx_bytes,172783
2026-09-30T07:13:43.521Z,gpu-3uwoq-6g3ya-2,dcgm,gpu0,pcie_rx_bytes,174886
2026-09-30T07:13:43.521Z,gpu-3uwoq-6g3ya-2,dcgm,gpu2,pcie_tx_bytes,122674
2026-09-30T07:13:43.521Z,gpu-3uwoq-6g3ya-2,dcgm,gpu3,pcie_tx_bytes,119928
2026-09-30T07:13:43.521Z,gpu-3uwoq-6g3ya-2,dcgm,gpu1,pcie_tx_bytes,140043
2026-09-30T07:13:43.521Z,gpu-3uwoq-6g3ya-2,dcgm,gpu0,pcie_tx_bytes,141721
2026-09-30T07:13:43.521Z,gpu-3uwoq-6g3ya-2,dcgm,gpu2,tensor_active,0
2026-09-30T07:13:43.521Z,gpu-3uwoq-6g3ya-2,dcgm,gpu3,tensor_active,0
2026-09-30T07:13:43.521Z,gpu-3uwoq-6g3ya-2,dcgm,gpu1,tensor_active,0
2026-09-30T07:13:43.521Z,gpu-3uwoq-6g3ya-2,dcgm,gpu0,tensor_active,0
2026-09-30T07:13:43.521Z,gpu-3uwoq-6g3ya-2,dcgm,gpu2,sm_active,0.020698
2026-09-30T07:13:43.521Z,gpu-3uwoq-6g3ya-2,dcgm,gpu3,sm_active,0.020624
2026-09-30T07:13:43.521Z,gpu-3uwoq-6g3ya-2,dcgm,gpu1,sm_active,0.020636
2026-09-30T07:13:43.521Z,gpu-3uwoq-6g3ya-2,dcgm,gpu0,sm_active,0.020547
2026-09-30T07:13:43.521Z,gpu-3uwoq-6g3ya-2,nvlink,gpu0,nvlink_rx_bytes,4.84459e+13
2026-09-30T07:13:43.521Z,gpu-3uwoq-6g3ya-2,nvlink,gpu0,nvlink_tx_bytes,4.84493e+13
2026-09-30T07:13:43.521Z,gpu-3uwoq-6g3ya-2,nvlink,gpu1,nvlink_rx_bytes,4.8648e+13
2026-09-30T07:13:43.521Z,gpu-3uwoq-6g3ya-2,nvlink,gpu1,nvlink_tx_bytes,4.86502e+13
2026-09-30T07:13:43.521Z,gpu-3uwoq-6g3ya-2,nvlink,gpu2,nvlink_rx_bytes,4.84828e+13
2026-09-30T07:13:43.521Z,gpu-3uwoq-6g3ya-2,nvlink,gpu2,nvlink_tx_bytes,4.84863e+13
2026-09-30T07:13:43.521Z,gpu-3uwoq-6g3ya-2,nvlink,gpu3,nvlink_rx_bytes,4.83797e+13
2026-09-30T07:13:43.521Z,gpu-3uwoq-6g3ya-2,nvlink,gpu3,nvlink_tx_bytes,4.83829e+13
2026-09-30T07:13:44.521Z,gpu-3uwoq-6g3ya-2,ib_counter,rdma_vf_rail0,port_xmit_data,3.1619e+12
2026-09-30T07:13:44.521Z,gpu-3uwoq-6g3ya-2,ib_counter,rdma_vf_rail0,port_rcv_data,6.12198e+12
2026-09-30T07:13:44.521Z,gpu-3uwoq-6g3ya-2,ib_counter,rdma_vf_rail0,port_xmit_packets,1.07066e+09
2026-09-30T07:13:44.521Z,gpu-3uwoq-6g3ya-2,ib_counter,rdma_vf_rail0,port_rcv_packets,1.70183e+09
2026-09-30T07:13:44.521Z,gpu-3uwoq-6g3ya-2,ib_counter,rdma_vf_rail0,port_xmit_wait,0
2026-09-30T07:13:44.521Z,gpu-3uwoq-6g3ya-2,ib_counter,rdma_vf_rail0,port_rcv_errors,0
2026-09-30T07:13:44.521Z,gpu-3uwoq-6g3ya-2,ib_counter,rdma_vf_rail0,port_xmit_discards,0
2026-09-30T07:13:44.521Z,gpu-3uwoq-6g3ya-2,ib_counter,rdma_vf_rail0,link_downed,0
2026-09-30T07:13:44.521Z,gpu-3uwoq-6g3ya-2,ib_hw_counter,rdma_vf_rail0,out_of_sequence,8
2026-09-30T07:13:44.521Z,gpu-3uwoq-6g3ya-2,ib_hw_counter,rdma_vf_rail0,packet_seq_err,0
2026-09-30T07:13:44.521Z,gpu-3uwoq-6g3ya-2,ib_hw_counter,rdma_vf_rail0,local_ack_timeout_err,0
2026-09-30T07:13:44.521Z,gpu-3uwoq-6g3ya-2,ib_hw_counter,rdma_vf_rail0,rx_write_requests,7.13227e+08
2026-09-30T07:13:44.521Z,gpu-3uwoq-6g3ya-2,ib_hw_counter,rdma_vf_rail0,rx_read_requests,1.34187e+07
2026-09-30T07:13:44.521Z,gpu-3uwoq-6g3ya-2,ib_hw_counter,rdma_vf_rail0,req_cqe_error,0
2026-09-30T07:13:44.521Z,gpu-3uwoq-6g3ya-2,ib_hw_counter,rdma_vf_rail0,resp_cqe_error,0
2026-09-30T07:13:44.521Z,gpu-3uwoq-6g3ya-2,ib_hw_counter,rdma_vf_rail0,implied_nak_seq_err,0
2026-09-30T07:13:44.521Z,gpu-3uwoq-6g3ya-2,ib_hw_counter,rdma_vf_rail0,duplicate_request,0
2026-09-30T07:13:44.521Z,gpu-3uwoq-6g3ya-2,ib_counter,rdma_vf_rail1,port_xmit_data,3.05371e+12
2026-09-30T07:13:44.521Z,gpu-3uwoq-6g3ya-2,ib_counter,rdma_vf_rail1,port_rcv_data,6.01387e+12
2026-09-30T07:13:44.521Z,gpu-3uwoq-6g3ya-2,ib_counter,rdma_vf_rail1,port_xmit_packets,1.03795e+09
2026-09-30T07:13:44.521Z,gpu-3uwoq-6g3ya-2,ib_counter,rdma_vf_rail1,port_rcv_packets,1.66932e+09
2026-09-30T07:13:44.521Z,gpu-3uwoq-6g3ya-2,ib_counter,rdma_vf_rail1,port_xmit_wait,0
2026-09-30T07:13:44.521Z,gpu-3uwoq-6g3ya-2,ib_counter,rdma_vf_rail1,port_rcv_errors,0
2026-09-30T07:13:44.521Z,gpu-3uwoq-6g3ya-2,ib_counter,rdma_vf_rail1,port_xmit_discards,0
2026-09-30T07:13:44.521Z,gpu-3uwoq-6g3ya-2,ib_counter,rdma_vf_rail1,link_downed,0
2026-09-30T07:13:44.521Z,gpu-3uwoq-6g3ya-2,ib_hw_counter,rdma_vf_rail1,out_of_sequence,8
2026-09-30T07:13:44.521Z,gpu-3uwoq-6g3ya-2,ib_hw_counter,rdma_vf_rail1,packet_seq_err,0
2026-09-30T07:13:44.521Z,gpu-3uwoq-6g3ya-2,ib_hw_counter,rdma_vf_rail1,local_ack_timeout_err,0
2026-09-30T07:13:44.521Z,gpu-3uwoq-6g3ya-2,ib_hw_counter,rdma_vf_rail1,rx_write_requests,7.11635e+08
2026-09-30T07:13:44.521Z,gpu-3uwoq-6g3ya-2,ib_hw_counter,rdma_vf_rail1,rx_read_requests,1.26179e+07
2026-09-30T07:13:44.521Z,gpu-3uwoq-6g3ya-2,ib_hw_counter,rdma_vf_rail1,req_cqe_error,0
2026-09-30T07:13:44.521Z,gpu-3uwoq-6g3ya-2,ib_hw_counter,rdma_vf_rail1,resp_cqe_error,0
2026-09-30T07:13:44.521Z,gpu-3uwoq-6g3ya-2,ib_hw_counter,rdma_vf_rail1,implied_nak_seq_err,0
2026-09-30T07:13:44.521Z,gpu-3uwoq-6g3ya-2,ib_hw_counter,rdma_vf_rail1,duplicate_request,0
2026-09-30T07:13:44.521Z,gpu-3uwoq-6g3ya-2,ib_counter,rdma_vf_rail2,port_xmit_data,3.02614e+12
2026-09-30T07:13:44.521Z,gpu-3uwoq-6g3ya-2,ib_counter,rdma_vf_rail2,port_rcv_data,5.98562e+12
2026-09-30T07:13:44.521Z,gpu-3uwoq-6g3ya-2,ib_counter,rdma_vf_rail2,port_xmit_packets,1.02027e+09
2026-09-30T07:13:44.521Z,gpu-3uwoq-6g3ya-2,ib_counter,rdma_vf_rail2,port_rcv_packets,1.64539e+09
2026-09-30T07:13:44.521Z,gpu-3uwoq-6g3ya-2,ib_counter,rdma_vf_rail2,port_xmit_wait,0
2026-09-30T07:13:44.521Z,gpu-3uwoq-6g3ya-2,ib_counter,rdma_vf_rail2,port_rcv_errors,0
2026-09-30T07:13:44.521Z,gpu-3uwoq-6g3ya-2,ib_counter,rdma_vf_rail2,port_xmit_discards,0
2026-09-30T07:13:44.521Z,gpu-3uwoq-6g3ya-2,ib_counter,rdma_vf_rail2,link_downed,0
2026-09-30T07:13:44.521Z,gpu-3uwoq-6g3ya-2,ib_hw_counter,rdma_vf_rail2,out_of_sequence,8
2026-09-30T07:13:44.521Z,gpu-3uwoq-6g3ya-2,ib_hw_counter,rdma_vf_rail2,packet_seq_err,0
2026-09-30T07:13:44.521Z,gpu-3uwoq-6g3ya-2,ib_hw_counter,rdma_vf_rail2,local_ack_timeout_err,0
2026-09-30T07:13:44.521Z,gpu-3uwoq-6g3ya-2,ib_hw_counter,rdma_vf_rail2,rx_write_requests,7.11202e+08
2026-09-30T07:13:44.521Z,gpu-3uwoq-6g3ya-2,ib_hw_counter,rdma_vf_rail2,rx_read_requests,1.241e+07
2026-09-30T07:13:44.521Z,gpu-3uwoq-6g3ya-2,ib_hw_counter,rdma_vf_rail2,req_cqe_error,0
2026-09-30T07:13:44.521Z,gpu-3uwoq-6g3ya-2,ib_hw_counter,rdma_vf_rail2,resp_cqe_error,0
2026-09-30T07:13:44.521Z,gpu-3uwoq-6g3ya-2,ib_hw_counter,rdma_vf_rail2,implied_nak_seq_err,0
2026-09-30T07:13:44.521Z,gpu-3uwoq-6g3ya-2,ib_hw_counter,rdma_vf_rail2,duplicate_request,0
2026-09-30T07:13:44.521Z,gpu-3uwoq-6g3ya-2,ib_counter,rdma_vf_rail3,port_xmit_data,3.026e+12
2026-09-30T07:13:44.521Z,gpu-3uwoq-6g3ya-2,ib_counter,rdma_vf_rail3,port_rcv_data,5.98622e+12
2026-09-30T07:13:44.521Z,gpu-3uwoq-6g3ya-2,ib_counter,rdma_vf_rail3,port_xmit_packets,1.01861e+09
2026-09-30T07:13:44.521Z,gpu-3uwoq-6g3ya-2,ib_counter,rdma_vf_rail3,port_rcv_packets,1.65278e+09
2026-09-30T07:13:44.521Z,gpu-3uwoq-6g3ya-2,ib_counter,rdma_vf_rail3,port_xmit_wait,0
2026-09-30T07:13:44.521Z,gpu-3uwoq-6g3ya-2,ib_counter,rdma_vf_rail3,port_rcv_errors,0
2026-09-30T07:13:44.521Z,gpu-3uwoq-6g3ya-2,ib_counter,rdma_vf_rail3,port_xmit_discards,0
2026-09-30T07:13:44.521Z,gpu-3uwoq-6g3ya-2,ib_counter,rdma_vf_rail3,link_downed,0
2026-09-30T07:13:44.521Z,gpu-3uwoq-6g3ya-2,ib_hw_counter,rdma_vf_rail3,out_of_sequence,7
2026-09-30T07:13:44.521Z,gpu-3uwoq-6g3ya-2,ib_hw_counter,rdma_vf_rail3,packet_seq_err,1
2026-09-30T07:13:44.521Z,gpu-3uwoq-6g3ya-2,ib_hw_counter,rdma_vf_rail3,local_ack_timeout_err,0
2026-09-30T07:13:44.521Z,gpu-3uwoq-6g3ya-2,ib_hw_counter,rdma_vf_rail3,rx_write_requests,7.11202e+08
2026-09-30T07:13:44.521Z,gpu-3uwoq-6g3ya-2,ib_hw_counter,rdma_vf_rail3,rx_read_requests,1.241e+07
2026-09-30T07:13:44.521Z,gpu-3uwoq-6g3ya-2,ib_hw_counter,rdma_vf_rail3,req_cqe_error,0
2026-09-30T07:13:44.521Z,gpu-3uwoq-6g3ya-2,ib_hw_counter,rdma_vf_rail3,resp_cqe_error,0
2026-09-30T07:13:44.521Z,gpu-3uwoq-6g3ya-2,ib_hw_counter,rdma_vf_rail3,implied_nak_seq_err,0
2026-09-30T07:13:44.521Z,gpu-3uwoq-6g3ya-2,ib_hw_counter,rdma_vf_rail3,duplicate_request,0
2026-09-30T07:13:44.521Z,gpu-3uwoq-6g3ya-2,dcgm,gpu2,gpu_util,0
2026-09-30T07:13:44.521Z,gpu-3uwoq-6g3ya-2,dcgm,gpu3,gpu_util,0
2026-09-30T07:13:44.521Z,gpu-3uwoq-6g3ya-2,dcgm,gpu1,gpu_util,0
2026-09-30T07:13:44.521Z,gpu-3uwoq-6g3ya-2,dcgm,gpu0,gpu_util,0
2026-09-30T07:13:44.521Z,gpu-3uwoq-6g3ya-2,dcgm,gpu2,nvlink_bandwidth_total,6569
2026-09-30T07:13:44.521Z,gpu-3uwoq-6g3ya-2,dcgm,gpu3,nvlink_bandwidth_total,3284
2026-09-30T07:13:44.521Z,gpu-3uwoq-6g3ya-2,dcgm,gpu1,nvlink_bandwidth_total,6569
2026-09-30T07:13:44.521Z,gpu-3uwoq-6g3ya-2,dcgm,gpu0,nvlink_bandwidth_total,3284
2026-09-30T07:13:44.521Z,gpu-3uwoq-6g3ya-2,dcgm,gpu2,power_w,230.634
2026-09-30T07:13:44.521Z,gpu-3uwoq-6g3ya-2,dcgm,gpu3,power_w,233.762
2026-09-30T07:13:44.521Z,gpu-3uwoq-6g3ya-2,dcgm,gpu1,power_w,230.034
2026-09-30T07:13:44.521Z,gpu-3uwoq-6g3ya-2,dcgm,gpu0,power_w,226.431
2026-09-30T07:13:44.521Z,gpu-3uwoq-6g3ya-2,dcgm,gpu2,sm_clock_mhz,2070
2026-09-30T07:13:44.521Z,gpu-3uwoq-6g3ya-2,dcgm,gpu3,sm_clock_mhz,2070
2026-09-30T07:13:44.521Z,gpu-3uwoq-6g3ya-2,dcgm,gpu1,sm_clock_mhz,2070
2026-09-30T07:13:44.521Z,gpu-3uwoq-6g3ya-2,dcgm,gpu0,sm_clock_mhz,2070
2026-09-30T07:13:44.521Z,gpu-3uwoq-6g3ya-2,dcgm,gpu2,dram_active,0.001089
2026-09-30T07:13:44.521Z,gpu-3uwoq-6g3ya-2,dcgm,gpu3,dram_active,0.000691
2026-09-30T07:13:44.521Z,gpu-3uwoq-6g3ya-2,dcgm,gpu1,dram_active,0.001083
2026-09-30T07:13:44.521Z,gpu-3uwoq-6g3ya-2,dcgm,gpu0,dram_active,0.000889
2026-09-30T07:13:44.521Z,gpu-3uwoq-6g3ya-2,dcgm,gpu2,pcie_rx_bytes,155935
2026-09-30T07:13:44.521Z,gpu-3uwoq-6g3ya-2,dcgm,gpu3,pcie_rx_bytes,152597
2026-09-30T07:13:44.521Z,gpu-3uwoq-6g3ya-2,dcgm,gpu1,pcie_rx_bytes,172783
2026-09-30T07:13:44.521Z,gpu-3uwoq-6g3ya-2,dcgm,gpu0,pcie_rx_bytes,174886
2026-09-30T07:13:44.521Z,gpu-3uwoq-6g3ya-2,dcgm,gpu2,pcie_tx_bytes,122674
2026-09-30T07:13:44.521Z,gpu-3uwoq-6g3ya-2,dcgm,gpu3,pcie_tx_bytes,119928
2026-09-30T07:13:44.521Z,gpu-3uwoq-6g3ya-2,dcgm,gpu1,pcie_tx_bytes,140043
2026-09-30T07:13:44.521Z,gpu-3uwoq-6g3ya-2,dcgm,gpu0,pcie_tx_bytes,141721
2026-09-30T07:13:44.521Z,gpu-3uwoq-6g3ya-2,dcgm,gpu2,tensor_active,0
2026-09-30T07:13:44.521Z,gpu-3uwoq-6g3ya-2,dcgm,gpu3,tensor_active,0
2026-09-30T07:13:44.521Z,gpu-3uwoq-6g3ya-2,dcgm,gpu1,tensor_active,0
2026-09-30T07:13:44.521Z,gpu-3uwoq-6g3ya-2,dcgm,gpu0,tensor_active,0
2026-09-30T07:13:44.521Z,gpu-3uwoq-6g3ya-2,dcgm,gpu2,sm_active,0.020698
2026-09-30T07:13:44.521Z,gpu-3uwoq-6g3ya-2,dcgm,gpu3,sm_active,0.020624
2026-09-30T07:13:44.521Z,gpu-3uwoq-6g3ya-2,dcgm,gpu1,sm_active,0.020636
2026-09-30T07:13:44.521Z,gpu-3uwoq-6g3ya-2,dcgm,gpu0,sm_active,0.020547
2026-09-30T07:13:44.521Z,gpu-3uwoq-6g3ya-2,nvlink,gpu0,nvlink_rx_bytes,4.84459e+13
2026-09-30T07:13:44.521Z,gpu-3uwoq-6g3ya-2,nvlink,gpu0,nvlink_tx_bytes,4.84493e+13
2026-09-30T07:13:44.521Z,gpu-3uwoq-6g3ya-2,nvlink,gpu1,nvlink_rx_bytes,4.8648e+13
2026-09-30T07:13:44.521Z,gpu-3uwoq-6g3ya-2,nvlink,gpu1,nvlink_tx_bytes,4.86502e+13
2026-09-30T07:13:44.521Z,gpu-3uwoq-6g3ya-2,nvlink,gpu2,nvlink_rx_bytes,4.84828e+13
2026-09-30T07:13:44.521Z,gpu-3uwoq-6g3ya-2,nvlink,gpu2,nvlink_tx_bytes,4.84863e+13
2026-09-30T07:13:44.521Z,gpu-3uwoq-6g3ya-2,nvlink,gpu3,nvlink_rx_bytes,4.83797e+13
2026-09-30T07:13:44.521Z,gpu-3uwoq-6g3ya-2,nvlink,gpu3,nvlink_tx_bytes,4.83829e+13
2026-09-30T07:13:45.521Z,gpu-3uwoq-6g3ya-2,ib_counter,rdma_vf_rail0,port_xmit_data,3.1619e+12
2026-09-30T07:13:45.521Z,gpu-3uwoq-6g3ya-2,ib_counter,rdma_vf_rail0,port_rcv_data,6.12198e+12
2026-09-30T07:13:45.521Z,gpu-3uwoq-6g3ya-2,ib_counter,rdma_vf_rail0,port_xmit_packets,1.07066e+09
2026-09-30T07:13:45.521Z,gpu-3uwoq-6g3ya-2,ib_counter,rdma_vf_rail0,port_rcv_packets,1.70183e+09
2026-09-30T07:13:45.521Z,gpu-3uwoq-6g3ya-2,ib_counter,rdma_vf_rail0,port_xmit_wait,0
2026-09-30T07:13:45.521Z,gpu-3uwoq-6g3ya-2,ib_counter,rdma_vf_rail0,port_rcv_errors,0
2026-09-30T07:13:45.521Z,gpu-3uwoq-6g3ya-2,ib_counter,rdma_vf_rail0,port_xmit_discards,0
2026-09-30T07:13:45.521Z,gpu-3uwoq-6g3ya-2,ib_counter,rdma_vf_rail0,link_downed,0
2026-09-30T07:13:45.521Z,gpu-3uwoq-6g3ya-2,ib_hw_counter,rdma_vf_rail0,out_of_sequence,8
2026-09-30T07:13:45.521Z,gpu-3uwoq-6g3ya-2,ib_hw_counter,rdma_vf_rail0,packet_seq_err,0
2026-09-30T07:13:45.521Z,gpu-3uwoq-6g3ya-2,ib_hw_counter,rdma_vf_rail0,local_ack_timeout_err,0
2026-09-30T07:13:45.521Z,gpu-3uwoq-6g3ya-2,ib_hw_counter,rdma_vf_rail0,rx_write_requests,7.13227e+08
2026-09-30T07:13:45.521Z,gpu-3uwoq-6g3ya-2,ib_hw_counter,rdma_vf_rail0,rx_read_requests,1.34187e+07
2026-09-30T07:13:45.521Z,gpu-3uwoq-6g3ya-2,ib_hw_counter,rdma_vf_rail0,req_cqe_error,0
2026-09-30T07:13:45.521Z,gpu-3uwoq-6g3ya-2,ib_hw_counter,rdma_vf_rail0,resp_cqe_error,0
2026-09-30T07:13:45.521Z,gpu-3uwoq-6g3ya-2,ib_hw_counter,rdma_vf_rail0,implied_nak_seq_err,0
2026-09-30T07:13:45.521Z,gpu-3uwoq-6g3ya-2,ib_hw_counter,rdma_vf_rail0,duplicate_request,0
2026-09-30T07:13:45.521Z,gpu-3uwoq-6g3ya-2,ib_counter,rdma_vf_rail1,port_xmit_data,3.05371e+12
2026-09-30T07:13:45.521Z,gpu-3uwoq-6g3ya-2,ib_counter,rdma_vf_rail1,port_rcv_data,6.01387e+12
2026-09-30T07:13:45.521Z,gpu-3uwoq-6g3ya-2,ib_counter,rdma_vf_rail1,port_xmit_packets,1.03795e+09
2026-09-30T07:13:45.521Z,gpu-3uwoq-6g3ya-2,ib_counter,rdma_vf_rail1,port_rcv_packets,1.66932e+09
2026-09-30T07:13:45.521Z,gpu-3uwoq-6g3ya-2,ib_counter,rdma_vf_rail1,port_xmit_wait,0
2026-09-30T07:13:45.521Z,gpu-3uwoq-6g3ya-2,ib_counter,rdma_vf_rail1,port_rcv_errors,0
2026-09-30T07:13:45.521Z,gpu-3uwoq-6g3ya-2,ib_counter,rdma_vf_rail1,port_xmit_discards,0
2026-09-30T07:13:45.521Z,gpu-3uwoq-6g3ya-2,ib_counter,rdma_vf_rail1,link_downed,0
2026-09-30T07:13:45.521Z,gpu-3uwoq-6g3ya-2,ib_hw_counter,rdma_vf_rail1,out_of_sequence,8
2026-09-30T07:13:45.521Z,gpu-3uwoq-6g3ya-2,ib_hw_counter,rdma_vf_rail1,packet_seq_err,0
2026-09-30T07:13:45.521Z,gpu-3uwoq-6g3ya-2,ib_hw_counter,rdma_vf_rail1,local_ack_timeout_err,0
2026-09-30T07:13:45.521Z,gpu-3uwoq-6g3ya-2,ib_hw_counter,rdma_vf_rail1,rx_write_requests,7.11635e+08
2026-09-30T07:13:45.521Z,gpu-3uwoq-6g3ya-2,ib_hw_counter,rdma_vf_rail1,rx_read_requests,1.26179e+07
2026-09-30T07:13:45.521Z,gpu-3uwoq-6g3ya-2,ib_hw_counter,rdma_vf_rail1,req_cqe_error,0
2026-09-30T07:13:45.521Z,gpu-3uwoq-6g3ya-2,ib_hw_counter,rdma_vf_rail1,resp_cqe_error,0
2026-09-30T07:13:45.521Z,gpu-3uwoq-6g3ya-2,ib_hw_counter,rdma_vf_rail1,implied_nak_seq_err,0
2026-09-30T07:13:45.521Z,gpu-3uwoq-6g3ya-2,ib_hw_counter,rdma_vf_rail1,duplicate_request,0
2026-09-30T07:13:45.521Z,gpu-3uwoq-6g3ya-2,ib_counter,rdma_vf_rail2,port_xmit_data,3.02614e+12
2026-09-30T07:13:45.521Z,gpu-3uwoq-6g3ya-2,ib_counter,rdma_vf_rail2,port_rcv_data,5.98562e+12
2026-09-30T07:13:45.521Z,gpu-3uwoq-6g3ya-2,ib_counter,rdma_vf_rail2,port_xmit_packets,1.02027e+09
2026-09-30T07:13:45.521Z,gpu-3uwoq-6g3ya-2,ib_counter,rdma_vf_rail2,port_rcv_packets,1.64539e+09
2026-09-30T07:13:45.521Z,gpu-3uwoq-6g3ya-2,ib_counter,rdma_vf_rail2,port_xmit_wait,0
2026-09-30T07:13:45.521Z,gpu-3uwoq-6g3ya-2,ib_counter,rdma_vf_rail2,port_rcv_errors,0
2026-09-30T07:13:45.521Z,gpu-3uwoq-6g3ya-2,ib_counter,rdma_vf_rail2,port_xmit_discards,0
2026-09-30T07:13:45.521Z,gpu-3uwoq-6g3ya-2,ib_counter,rdma_vf_rail2,link_downed,0
2026-09-30T07:13:45.521Z,gpu-3uwoq-6g3ya-2,ib_hw_counter,rdma_vf_rail2,out_of_sequence,8
2026-09-30T07:13:45.521Z,gpu-3uwoq-6g3ya-2,ib_hw_counter,rdma_vf_rail2,packet_seq_err,0
2026-09-30T07:13:45.521Z,gpu-3uwoq-6g3ya-2,ib_hw_counter,rdma_vf_rail2,local_ack_timeout_err,0
2026-09-30T07:13:45.521Z,gpu-3uwoq-6g3ya-2,ib_hw_counter,rdma_vf_rail2,rx_write_requests,7.11202e+08
2026-09-30T07:13:45.521Z,gpu-3uwoq-6g3ya-2,ib_hw_counter,rdma_vf_rail2,rx_read_requests,1.241e+07
2026-09-30T07:13:45.521Z,gpu-3uwoq-6g3ya-2,ib_hw_counter,rdma_vf_rail2,req_cqe_error,0
2026-09-30T07:13:45.521Z,gpu-3uwoq-6g3ya-2,ib_hw_counter,rdma_vf_rail2,resp_cqe_error,0
2026-09-30T07:13:45.521Z,gpu-3uwoq-6g3ya-2,ib_hw_counter,rdma_vf_rail2,implied_nak_seq_err,0
2026-09-30T07:13:45.521Z,gpu-3uwoq-6g3ya-2,ib_hw_counter,rdma_vf_rail2,duplicate_request,0
2026-09-30T07:13:45.521Z,gpu-3uwoq-6g3ya-2,ib_counter,rdma_vf_rail3,port_xmit_data,3.026e+12
2026-09-30T07:13:45.521Z,gpu-3uwoq-6g3ya-2,ib_counter,rdma_vf_rail3,port_rcv_data,5.98622e+12
2026-09-30T07:13:45.521Z,gpu-3uwoq-6g3ya-2,ib_counter,rdma_vf_rail3,port_xmit_packets,1.01861e+09
2026-09-30T07:13:45.521Z,gpu-3uwoq-6g3ya-2,ib_counter,rdma_vf_rail3,port_rcv_packets,1.65278e+09
2026-09-30T07:13:45.521Z,gpu-3uwoq-6g3ya-2,ib_counter,rdma_vf_rail3,port_xmit_wait,0
2026-09-30T07:13:45.521Z,gpu-3uwoq-6g3ya-2,ib_counter,rdma_vf_rail3,port_rcv_errors,0
2026-09-30T07:13:45.521Z,gpu-3uwoq-6g3ya-2,ib_counter,rdma_vf_rail3,port_xmit_discards,0
2026-09-30T07:13:45.521Z,gpu-3uwoq-6g3ya-2,ib_counter,rdma_vf_rail3,link_downed,0
2026-09-30T07:13:45.521Z,gpu-3uwoq-6g3ya-2,ib_hw_counter,rdma_vf_rail3,out_of_sequence,7
2026-09-30T07:13:45.521Z,gpu-3uwoq-6g3ya-2,ib_hw_counter,rdma_vf_rail3,packet_seq_err,1
2026-09-30T07:13:45.521Z,gpu-3uwoq-6g3ya-2,ib_hw_counter,rdma_vf_rail3,local_ack_timeout_err,0
2026-09-30T07:13:45.521Z,gpu-3uwoq-6g3ya-2,ib_hw_counter,rdma_vf_rail3,rx_write_requests,7.11202e+08
2026-09-30T07:13:45.521Z,gpu-3uwoq-6g3ya-2,ib_hw_counter,rdma_vf_rail3,rx_read_requests,1.241e+07
2026-09-30T07:13:45.521Z,gpu-3uwoq-6g3ya-2,ib_hw_counter,rdma_vf_rail3,req_cqe_error,0
2026-09-30T07:13:45.521Z,gpu-3uwoq-6g3ya-2,ib_hw_counter,rdma_vf_rail3,resp_cqe_error,0
2026-09-30T07:13:45.521Z,gpu-3uwoq-6g3ya-2,ib_hw_counter,rdma_vf_rail3,implied_nak_seq_err,0
2026-09-30T07:13:45.521Z,gpu-3uwoq-6g3ya-2,ib_hw_counter,rdma_vf_rail3,duplicate_request,0
2026-09-30T07:13:45.521Z,gpu-3uwoq-6g3ya-2,dcgm,gpu2,gpu_util,0
2026-09-30T07:13:45.521Z,gpu-3uwoq-6g3ya-2,dcgm,gpu3,gpu_util,0
2026-09-30T07:13:45.521Z,gpu-3uwoq-6g3ya-2,dcgm,gpu1,gpu_util,0
2026-09-30T07:13:45.521Z,gpu-3uwoq-6g3ya-2,dcgm,gpu0,gpu_util,0
2026-09-30T07:13:45.521Z,gpu-3uwoq-6g3ya-2,dcgm,gpu2,nvlink_bandwidth_total,6569
2026-09-30T07:13:45.521Z,gpu-3uwoq-6g3ya-2,dcgm,gpu3,nvlink_bandwidth_total,3284
2026-09-30T07:13:45.521Z,gpu-3uwoq-6g3ya-2,dcgm,gpu1,nvlink_bandwidth_total,6569
2026-09-30T07:13:45.521Z,gpu-3uwoq-6g3ya-2,dcgm,gpu0,nvlink_bandwidth_total,3284
2026-09-30T07:13:45.521Z,gpu-3uwoq-6g3ya-2,dcgm,gpu2,power_w,230.634
2026-09-30T07:13:45.521Z,gpu-3uwoq-6g3ya-2,dcgm,gpu3,power_w,233.762
2026-09-30T07:13:45.521Z,gpu-3uwoq-6g3ya-2,dcgm,gpu1,power_w,230.034
2026-09-30T07:13:45.521Z,gpu-3uwoq-6g3ya-2,dcgm,gpu0,power_w,226.431
2026-09-30T07:13:45.521Z,gpu-3uwoq-6g3ya-2,dcgm,gpu2,sm_clock_mhz,2070
2026-09-30T07:13:45.521Z,gpu-3uwoq-6g3ya-2,dcgm,gpu3,sm_clock_mhz,2070
2026-09-30T07:13:45.521Z,gpu-3uwoq-6g3ya-2,dcgm,gpu1,sm_clock_mhz,2070
2026-09-30T07:13:45.521Z,gpu-3uwoq-6g3ya-2,dcgm,gpu0,sm_clock_mhz,2070
2026-09-30T07:13:45.521Z,gpu-3uwoq-6g3ya-2,dcgm,gpu2,dram_active,0.001089
2026-09-30T07:13:45.521Z,gpu-3uwoq-6g3ya-2,dcgm,gpu3,dram_active,0.000691
2026-09-30T07:13:45.521Z,gpu-3uwoq-6g3ya-2,dcgm,gpu1,dram_active,0.001083
2026-09-30T07:13:45.521Z,gpu-3uwoq-6g3ya-2,dcgm,gpu0,dram_active,0.000889
2026-09-30T07:13:45.521Z,gpu-3uwoq-6g3ya-2,dcgm,gpu2,pcie_rx_bytes,155935
2026-09-30T07:13:45.521Z,gpu-3uwoq-6g3ya-2,dcgm,gpu3,pcie_rx_bytes,152597
2026-09-30T07:13:45.521Z,gpu-3uwoq-6g3ya-2,dcgm,gpu1,pcie_rx_bytes,172783
2026-09-30T07:13:45.521Z,gpu-3uwoq-6g3ya-2,dcgm,gpu0,pcie_rx_bytes,174886
2026-09-30T07:13:45.521Z,gpu-3uwoq-6g3ya-2,dcgm,gpu2,pcie_tx_bytes,122674
2026-09-30T07:13:45.521Z,gpu-3uwoq-6g3ya-2,dcgm,gpu3,pcie_tx_bytes,119928
2026-09-30T07:13:45.521Z,gpu-3uwoq-6g3ya-2,dcgm,gpu1,pcie_tx_bytes,140043
2026-09-30T07:13:45.521Z,gpu-3uwoq-6g3ya-2,dcgm,gpu0,pcie_tx_bytes,141721
2026-09-30T07:13:45.521Z,gpu-3uwoq-6g3ya-2,dcgm,gpu2,tensor_active,0
2026-09-30T07:13:45.521Z,gpu-3uwoq-6g3ya-2,dcgm,gpu3,tensor_active,0
2026-09-30T07:13:45.521Z,gpu-3uwoq-6g3ya-2,dcgm,gpu1,tensor_active,0
2026-09-30T07:13:45.521Z,gpu-3uwoq-6g3ya-2,dcgm,gpu0,tensor_active,0
2026-09-30T07:13:45.521Z,gpu-3uwoq-6g3ya-2,dcgm,gpu2,sm_active,0.020698
2026-09-30T07:13:45.521Z,gpu-3uwoq-6g3ya-2,dcgm,gpu3,sm_active,0.020624
2026-09-30T07:13:45.521Z,gpu-3uwoq-6g3ya-2,dcgm,gpu1,sm_active,0.020636
2026-09-30T07:13:45.521Z,gpu-3uwoq-6g3ya-2,dcgm,gpu0,sm_active,0.020547
2026-09-30T07:13:45.521Z,gpu-3uwoq-6g3ya-2,nvlink,gpu0,nvlink_rx_bytes,4.84459e+13
2026-09-30T07:13:45.521Z,gpu-3uwoq-6g3ya-2,nvlink,gpu0,nvlink_tx_bytes,4.84493e+13
2026-09-30T07:13:45.521Z,gpu-3uwoq-6g3ya-2,nvlink,gpu1,nvlink_rx_bytes,4.8648e+13
2026-09-30T07:13:45.521Z,gpu-3uwoq-6g3ya-2,nvlink,gpu1,nvlink_tx_bytes,4.86502e+13
2026-09-30T07:13:45.521Z,gpu-3uwoq-6g3ya-2,nvlink,gpu2,nvlink_rx_bytes,4.84828e+13
2026-09-30T07:13:45.521Z,gpu-3uwoq-6g3ya-2,nvlink,gpu2,nvlink_tx_bytes,4.84863e+13
2026-09-30T07:13:45.521Z,gpu-3uwoq-6g3ya-2,nvlink,gpu3,nvlink_rx_bytes,4.83797e+13
2026-09-30T07:13:45.521Z,gpu-3uwoq-6g3ya-2,nvlink,gpu3,nvlink_tx_bytes,4.83829e+13
2026-09-30T07:13:46.521Z,gpu-3uwoq-6g3ya-2,ib_counter,rdma_vf_rail0,port_xmit_data,3.1619e+12
2026-09-30T07:13:46.521Z,gpu-3uwoq-6g3ya-2,ib_counter,rdma_vf_rail0,port_rcv_data,6.12198e+12
2026-09-30T07:13:46.521Z,gpu-3uwoq-6g3ya-2,ib_counter,rdma_vf_rail0,port_xmit_packets,1.07066e+09
2026-09-30T07:13:46.521Z,gpu-3uwoq-6g3ya-2,ib_counter,rdma_vf_rail0,port_rcv_packets,1.70183e+09
2026-09-30T07:13:46.521Z,gpu-3uwoq-6g3ya-2,ib_counter,rdma_vf_rail0,port_xmit_wait,0
2026-09-30T07:13:46.521Z,gpu-3uwoq-6g3ya-2,ib_counter,rdma_vf_rail0,port_rcv_errors,0
2026-09-30T07:13:46.521Z,gpu-3uwoq-6g3ya-2,ib_counter,rdma_vf_rail0,port_xmit_discards,0
2026-09-30T07:13:46.521Z,gpu-3uwoq-6g3ya-2,ib_counter,rdma_vf_rail0,link_downed,0
2026-09-30T07:13:46.521Z,gpu-3uwoq-6g3ya-2,ib_hw_counter,rdma_vf_rail0,out_of_sequence,8
2026-09-30T07:13:46.521Z,gpu-3uwoq-6g3ya-2,ib_hw_counter,rdma_vf_rail0,packet_seq_err,0
2026-09-30T07:13:46.521Z,gpu-3uwoq-6g3ya-2,ib_hw_counter,rdma_vf_rail0,local_ack_timeout_err,0
2026-09-30T07:13:46.521Z,gpu-3uwoq-6g3ya-2,ib_hw_counter,rdma_vf_rail0,rx_write_requests,7.13227e+08
2026-09-30T07:13:46.521Z,gpu-3uwoq-6g3ya-2,ib_hw_counter,rdma_vf_rail0,rx_read_requests,1.34187e+07
2026-09-30T07:13:46.521Z,gpu-3uwoq-6g3ya-2,ib_hw_counter,rdma_vf_rail0,req_cqe_error,0
2026-09-30T07:13:46.521Z,gpu-3uwoq-6g3ya-2,ib_hw_counter,rdma_vf_rail0,resp_cqe_error,0
2026-09-30T07:13:46.521Z,gpu-3uwoq-6g3ya-2,ib_hw_counter,rdma_vf_rail0,implied_nak_seq_err,0
2026-09-30T07:13:46.521Z,gpu-3uwoq-6g3ya-2,ib_hw_counter,rdma_vf_rail0,duplicate_request,0
2026-09-30T07:13:46.521Z,gpu-3uwoq-6g3ya-2,ib_counter,rdma_vf_rail1,port_xmit_data,3.05371e+12
2026-09-30T07:13:46.521Z,gpu-3uwoq-6g3ya-2,ib_counter,rdma_vf_rail1,port_rcv_data,6.01387e+12
2026-09-30T07:13:46.521Z,gpu-3uwoq-6g3ya-2,ib_counter,rdma_vf_rail1,port_xmit_packets,1.03795e+09
2026-09-30T07:13:46.521Z,gpu-3uwoq-6g3ya-2,ib_counter,rdma_vf_rail1,port_rcv_packets,1.66932e+09
2026-09-30T07:13:46.521Z,gpu-3uwoq-6g3ya-2,ib_counter,rdma_vf_rail1,port_xmit_wait,0
2026-09-30T07:13:46.521Z,gpu-3uwoq-6g3ya-2,ib_counter,rdma_vf_rail1,port_rcv_errors,0
2026-09-30T07:13:46.521Z,gpu-3uwoq-6g3ya-2,ib_counter,rdma_vf_rail1,port_xmit_discards,0
2026-09-30T07:13:46.521Z,gpu-3uwoq-6g3ya-2,ib_counter,rdma_vf_rail1,link_downed,0
2026-09-30T07:13:46.521Z,gpu-3uwoq-6g3ya-2,ib_hw_counter,rdma_vf_rail1,out_of_sequence,8
2026-09-30T07:13:46.521Z,gpu-3uwoq-6g3ya-2,ib_hw_counter,rdma_vf_rail1,packet_seq_err,0
2026-09-30T07:13:46.521Z,gpu-3uwoq-6g3ya-2,ib_hw_counter,rdma_vf_rail1,local_ack_timeout_err,0
2026-09-30T07:13:46.521Z,gpu-3uwoq-6g3ya-2,ib_hw_counter,rdma_vf_rail1,rx_write_requests,7.11635e+08
2026-09-30T07:13:46.521Z,gpu-3uwoq-6g3ya-2,ib_hw_counter,rdma_vf_rail1,rx_read_requests,1.26179e+07
2026-09-30T07:13:46.521Z,gpu-3uwoq-6g3ya-2,ib_hw_counter,rdma_vf_rail1,req_cqe_error,0
2026-09-30T07:13:46.521Z,gpu-3uwoq-6g3ya-2,ib_hw_counter,rdma_vf_rail1,resp_cqe_error,0
2026-09-30T07:13:46.521Z,gpu-3uwoq-6g3ya-2,ib_hw_counter,rdma_vf_rail1,implied_nak_seq_err,0
2026-09-30T07:13:46.521Z,gpu-3uwoq-6g3ya-2,ib_hw_counter,rdma_vf_rail1,duplicate_request,0
2026-09-30T07:13:46.521Z,gpu-3uwoq-6g3ya-2,ib_counter,rdma_vf_rail2,port_xmit_data,3.02614e+12
2026-09-30T07:13:46.521Z,gpu-3uwoq-6g3ya-2,ib_counter,rdma_vf_rail2,port_rcv_data,5.98562e+12
2026-09-30T07:13:46.521Z,gpu-3uwoq-6g3ya-2,ib_counter,rdma_vf_rail2,port_xmit_packets,1.02027e+09
2026-09-30T07:13:46.521Z,gpu-3uwoq-6g3ya-2,ib_counter,rdma_vf_rail2,port_rcv_packets,1.64539e+09
2026-09-30T07:13:46.521Z,gpu-3uwoq-6g3ya-2,ib_counter,rdma_vf_rail2,port_xmit_wait,0
2026-09-30T07:13:46.521Z,gpu-3uwoq-6g3ya-2,ib_counter,rdma_vf_rail2,port_rcv_errors,0
2026-09-30T07:13:46.521Z,gpu-3uwoq-6g3ya-2,ib_counter,rdma_vf_rail2,port_xmit_discards,0
2026-09-30T07:13:46.521Z,gpu-3uwoq-6g3ya-2,ib_counter,rdma_vf_rail2,link_downed,0
2026-09-30T07:13:46.521Z,gpu-3uwoq-6g3ya-2,ib_hw_counter,rdma_vf_rail2,out_of_sequence,8
2026-09-30T07:13:46.521Z,gpu-3uwoq-6g3ya-2,ib_hw_counter,rdma_vf_rail2,packet_seq_err,0
2026-09-30T07:13:46.521Z,gpu-3uwoq-6g3ya-2,ib_hw_counter,rdma_vf_rail2,local_ack_timeout_err,0
2026-09-30T07:13:46.521Z,gpu-3uwoq-6g3ya-2,ib_hw_counter,rdma_vf_rail2,rx_write_requests,7.11202e+08
2026-09-30T07:13:46.521Z,gpu-3uwoq-6g3ya-2,ib_hw_counter,rdma_vf_rail2,rx_read_requests,1.241e+07
2026-09-30T07:13:46.521Z,gpu-3uwoq-6g3ya-2,ib_hw_counter,rdma_vf_rail2,req_cqe_error,0
2026-09-30T07:13:46.521Z,gpu-3uwoq-6g3ya-2,ib_hw_counter,rdma_vf_rail2,resp_cqe_error,0
2026-09-30T07:13:46.521Z,gpu-3uwoq-6g3ya-2,ib_hw_counter,rdma_vf_rail2,implied_nak_seq_err,0
2026-09-30T07:13:46.521Z,gpu-3uwoq-6g3ya-2,ib_hw_counter,rdma_vf_rail2,duplicate_request,0
2026-09-30T07:13:46.521Z,gpu-3uwoq-6g3ya-2,ib_counter,rdma_vf_rail3,port_xmit_data,3.026e+12
2026-09-30T07:13:46.521Z,gpu-3uwoq-6g3ya-2,ib_counter,rdma_vf_rail3,port_rcv_data,5.98622e+12
2026-09-30T07:13:46.521Z,gpu-3uwoq-6g3ya-2,ib_counter,rdma_vf_rail3,port_xmit_packets,1.01861e+09
2026-09-30T07:13:46.521Z,gpu-3uwoq-6g3ya-2,ib_counter,rdma_vf_rail3,port_rcv_packets,1.65278e+09
2026-09-30T07:13:46.521Z,gpu-3uwoq-6g3ya-2,ib_counter,rdma_vf_rail3,port_xmit_wait,0
2026-09-30T07:13:46.521Z,gpu-3uwoq-6g3ya-2,ib_counter,rdma_vf_rail3,port_rcv_errors,0
2026-09-30T07:13:46.521Z,gpu-3uwoq-6g3ya-2,ib_counter,rdma_vf_rail3,port_xmit_discards,0
2026-09-30T07:13:46.521Z,gpu-3uwoq-6g3ya-2,ib_counter,rdma_vf_rail3,link_downed,0
2026-09-30T07:13:46.521Z,gpu-3uwoq-6g3ya-2,ib_hw_counter,rdma_vf_rail3,out_of_sequence,7
2026-09-30T07:13:46.521Z,gpu-3uwoq-6g3ya-2,ib_hw_counter,rdma_vf_rail3,packet_seq_err,1
2026-09-30T07:13:46.521Z,gpu-3uwoq-6g3ya-2,ib_hw_counter,rdma_vf_rail3,local_ack_timeout_err,0
2026-09-30T07:13:46.521Z,gpu-3uwoq-6g3ya-2,ib_hw_counter,rdma_vf_rail3,rx_write_requests,7.11202e+08
2026-09-30T07:13:46.521Z,gpu-3uwoq-6g3ya-2,ib_hw_counter,rdma_vf_rail3,rx_read_requests,1.241e+07
2026-09-30T07:13:46.521Z,gpu-3uwoq-6g3ya-2,ib_hw_counter,rdma_vf_rail3,req_cqe_error,0
2026-09-30T07:13:46.521Z,gpu-3uwoq-6g3ya-2,ib_hw_counter,rdma_vf_rail3,resp_cqe_error,0
2026-09-30T07:13:46.521Z,gpu-3uwoq-6g3ya-2,ib_hw_counter,rdma_vf_rail3,implied_nak_seq_err,0
2026-09-30T07:13:46.521Z,gpu-3uwoq-6g3ya-2,ib_hw_counter,rdma_vf_rail3,duplicate_request,0
2026-09-30T07:13:46.521Z,gpu-3uwoq-6g3ya-2,dcgm,gpu2,gpu_util,0
2026-09-30T07:13:46.521Z,gpu-3uwoq-6g3ya-2,dcgm,gpu3,gpu_util,0
2026-09-30T07:13:46.521Z,gpu-3uwoq-6g3ya-2,dcgm,gpu1,gpu_util,0
2026-09-30T07:13:46.521Z,gpu-3uwoq-6g3ya-2,dcgm,gpu0,gpu_util,0
2026-09-30T07:13:46.521Z,gpu-3uwoq-6g3ya-2,dcgm,gpu2,nvlink_bandwidth_total,6569
2026-09-30T07:13:46.521Z,gpu-3uwoq-6g3ya-2,dcgm,gpu3,nvlink_bandwidth_total,3284
2026-09-30T07:13:46.521Z,gpu-3uwoq-6g3ya-2,dcgm,gpu1,nvlink_bandwidth_total,6569
2026-09-30T07:13:46.521Z,gpu-3uwoq-6g3ya-2,dcgm,gpu0,nvlink_bandwidth_total,3284
2026-09-30T07:13:46.521Z,gpu-3uwoq-6g3ya-2,dcgm,gpu2,power_w,230.634
2026-09-30T07:13:46.521Z,gpu-3uwoq-6g3ya-2,dcgm,gpu3,power_w,233.762
2026-09-30T07:13:46.521Z,gpu-3uwoq-6g3ya-2,dcgm,gpu1,power_w,230.034
2026-09-30T07:13:46.521Z,gpu-3uwoq-6g3ya-2,dcgm,gpu0,power_w,226.431
2026-09-30T07:13:46.521Z,gpu-3uwoq-6g3ya-2,dcgm,gpu2,sm_clock_mhz,2070
2026-09-30T07:13:46.521Z,gpu-3uwoq-6g3ya-2,dcgm,gpu3,sm_clock_mhz,2070
2026-09-30T07:13:46.521Z,gpu-3uwoq-6g3ya-2,dcgm,gpu1,sm_clock_mhz,2070
2026-09-30T07:13:46.521Z,gpu-3uwoq-6g3ya-2,dcgm,gpu0,sm_clock_mhz,2070
2026-09-30T07:13:46.521Z,gpu-3uwoq-6g3ya-2,dcgm,gpu2,dram_active,0.001089
2026-09-30T07:13:46.521Z,gpu-3uwoq-6g3ya-2,dcgm,gpu3,dram_active,0.000691
2026-09-30T07:13:46.521Z,gpu-3uwoq-6g3ya-2,dcgm,gpu1,dram_active,0.001083
2026-09-30T07:13:46.521Z,gpu-3uwoq-6g3ya-2,dcgm,gpu0,dram_active,0.000889
2026-09-30T07:13:46.521Z,gpu-3uwoq-6g3ya-2,dcgm,gpu2,pcie_rx_bytes,155935
2026-09-30T07:13:46.521Z,gpu-3uwoq-6g3ya-2,dcgm,gpu3,pcie_rx_bytes,152597
2026-09-30T07:13:46.521Z,gpu-3uwoq-6g3ya-2,dcgm,gpu1,pcie_rx_bytes,172783
2026-09-30T07:13:46.521Z,gpu-3uwoq-6g3ya-2,dcgm,gpu0,pcie_rx_bytes,174886
2026-09-30T07:13:46.521Z,gpu-3uwoq-6g3ya-2,dcgm,gpu2,pcie_tx_bytes,122674
2026-09-30T07:13:46.521Z,gpu-3uwoq-6g3ya-2,dcgm,gpu3,pcie_tx_bytes,119928
2026-09-30T07:13:46.521Z,gpu-3uwoq-6g3ya-2,dcgm,gpu1,pcie_tx_bytes,140043
2026-09-30T07:13:46.521Z,gpu-3uwoq-6g3ya-2,dcgm,gpu0,pcie_tx_bytes,141721
2026-09-30T07:13:46.521Z,gpu-3uwoq-6g3ya-2,dcgm,gpu2,tensor_active,0
2026-09-30T07:13:46.521Z,gpu-3uwoq-6g3ya-2,dcgm,gpu3,tensor_active,0
2026-09-30T07:13:46.521Z,gpu-3uwoq-6g3ya-2,dcgm,gpu1,tensor_active,0
2026-09-30T07:13:46.521Z,gpu-3uwoq-6g3ya-2,dcgm,gpu0,tensor_active,0
2026-09-30T07:13:46.521Z,gpu-3uwoq-6g3ya-2,dcgm,gpu2,sm_active,0.020698
2026-09-30T07:13:46.521Z,gpu-3uwoq-6g3ya-2,dcgm,gpu3,sm_active,0.020624
2026-09-30T07:13:46.521Z,gpu-3uwoq-6g3ya-2,dcgm,gpu1,sm_active,0.020636
2026-09-30T07:13:46.521Z,gpu-3uwoq-6g3ya-2,dcgm,gpu0,sm_active,0.020547
2026-09-30T07:13:46.521Z,gpu-3uwoq-6g3ya-2,nvlink,gpu0,nvlink_rx_bytes,4.84459e+13
2026-09-30T07:13:46.521Z,gpu-3uwoq-6g3ya-2,nvlink,gpu0,nvlink_tx_bytes,4.84493e+13
2026-09-30T07:13:46.521Z,gpu-3uwoq-6g3ya-2,nvlink,gpu1,nvlink_rx_bytes,4.8648e+13
2026-09-30T07:13:46.521Z,gpu-3uwoq-6g3ya-2,nvlink,gpu1,nvlink_tx_bytes,4.86502e+13
2026-09-30T07:13:46.521Z,gpu-3uwoq-6g3ya-2,nvlink,gpu2,nvlink_rx_bytes,4.84828e+13
2026-09-30T07:13:46.521Z,gpu-3uwoq-6g3ya-2,nvlink,gpu2,nvlink_tx_bytes,4.84863e+13
2026-09-30T07:13:46.521Z,gpu-3uwoq-6g3ya-2,nvlink,gpu3,nvlink_rx_bytes,4.83797e+13
2026-09-30T07:13:46.521Z,gpu-3uwoq-6g3ya-2,nvlink,gpu3,nvlink_tx_bytes,4.83829e+13
2026-09-30T07:13:47.521Z,gpu-3uwoq-6g3ya-2,ib_counter,rdma_vf_rail0,port_xmit_data,3.1619e+12
2026-09-30T07:13:47.521Z,gpu-3uwoq-6g3ya-2,ib_counter,rdma_vf_rail0,port_rcv_data,6.12198e+12
2026-09-30T07:13:47.521Z,gpu-3uwoq-6g3ya-2,ib_counter,rdma_vf_rail0,port_xmit_packets,1.07066e+09
2026-09-30T07:13:47.521Z,gpu-3uwoq-6g3ya-2,ib_counter,rdma_vf_rail0,port_rcv_packets,1.70183e+09
2026-09-30T07:13:47.521Z,gpu-3uwoq-6g3ya-2,ib_counter,rdma_vf_rail0,port_xmit_wait,0
2026-09-30T07:13:47.521Z,gpu-3uwoq-6g3ya-2,ib_counter,rdma_vf_rail0,port_rcv_errors,0
2026-09-30T07:13:47.521Z,gpu-3uwoq-6g3ya-2,ib_counter,rdma_vf_rail0,port_xmit_discards,0
2026-09-30T07:13:47.521Z,gpu-3uwoq-6g3ya-2,ib_counter,rdma_vf_rail0,link_downed,0
2026-09-30T07:13:47.521Z,gpu-3uwoq-6g3ya-2,ib_hw_counter,rdma_vf_rail0,out_of_sequence,8
2026-09-30T07:13:47.521Z,gpu-3uwoq-6g3ya-2,ib_hw_counter,rdma_vf_rail0,packet_seq_err,0
2026-09-30T07:13:47.521Z,gpu-3uwoq-6g3ya-2,ib_hw_counter,rdma_vf_rail0,local_ack_timeout_err,0
2026-09-30T07:13:47.521Z,gpu-3uwoq-6g3ya-2,ib_hw_counter,rdma_vf_rail0,rx_write_requests,7.13227e+08
2026-09-30T07:13:47.521Z,gpu-3uwoq-6g3ya-2,ib_hw_counter,rdma_vf_rail0,rx_read_requests,1.34187e+07
2026-09-30T07:13:47.521Z,gpu-3uwoq-6g3ya-2,ib_hw_counter,rdma_vf_rail0,req_cqe_error,0
2026-09-30T07:13:47.521Z,gpu-3uwoq-6g3ya-2,ib_hw_counter,rdma_vf_rail0,resp_cqe_error,0
2026-09-30T07:13:47.521Z,gpu-3uwoq-6g3ya-2,ib_hw_counter,rdma_vf_rail0,implied_nak_seq_err,0
2026-09-30T07:13:47.521Z,gpu-3uwoq-6g3ya-2,ib_hw_counter,rdma_vf_rail0,duplicate_request,0
2026-09-30T07:13:47.521Z,gpu-3uwoq-6g3ya-2,ib_counter,rdma_vf_rail1,port_xmit_data,3.05371e+12
2026-09-30T07:13:47.521Z,gpu-3uwoq-6g3ya-2,ib_counter,rdma_vf_rail1,port_rcv_data,6.01387e+12
2026-09-30T07:13:47.521Z,gpu-3uwoq-6g3ya-2,ib_counter,rdma_vf_rail1,port_xmit_packets,1.03795e+09
2026-09-30T07:13:47.521Z,gpu-3uwoq-6g3ya-2,ib_counter,rdma_vf_rail1,port_rcv_packets,1.66932e+09
2026-09-30T07:13:47.521Z,gpu-3uwoq-6g3ya-2,ib_counter,rdma_vf_rail1,port_xmit_wait,0
2026-09-30T07:13:47.521Z,gpu-3uwoq-6g3ya-2,ib_counter,rdma_vf_rail1,port_rcv_errors,0
2026-09-30T07:13:47.521Z,gpu-3uwoq-6g3ya-2,ib_counter,rdma_vf_rail1,port_xmit_discards,0
2026-09-30T07:13:47.521Z,gpu-3uwoq-6g3ya-2,ib_counter,rdma_vf_rail1,link_downed,0
2026-09-30T07:13:47.521Z,gpu-3uwoq-6g3ya-2,ib_hw_counter,rdma_vf_rail1,out_of_sequence,8
2026-09-30T07:13:47.521Z,gpu-3uwoq-6g3ya-2,ib_hw_counter,rdma_vf_rail1,packet_seq_err,0
2026-09-30T07:13:47.521Z,gpu-3uwoq-6g3ya-2,ib_hw_counter,rdma_vf_rail1,local_ack_timeout_err,0
2026-09-30T07:13:47.521Z,gpu-3uwoq-6g3ya-2,ib_hw_counter,rdma_vf_rail1,rx_write_requests,7.11635e+08
2026-09-30T07:13:47.521Z,gpu-3uwoq-6g3ya-2,ib_hw_counter,rdma_vf_rail1,rx_read_requests,1.26179e+07
2026-09-30T07:13:47.521Z,gpu-3uwoq-6g3ya-2,ib_hw_counter,rdma_vf_rail1,req_cqe_error,0
2026-09-30T07:13:47.521Z,gpu-3uwoq-6g3ya-2,ib_hw_counter,rdma_vf_rail1,resp_cqe_error,0
2026-09-30T07:13:47.521Z,gpu-3uwoq-6g3ya-2,ib_hw_counter,rdma_vf_rail1,implied_nak_seq_err,0
2026-09-30T07:13:47.521Z,gpu-3uwoq-6g3ya-2,ib_hw_counter,rdma_vf_rail1,duplicate_request,0
2026-09-30T07:13:47.521Z,gpu-3uwoq-6g3ya-2,ib_counter,rdma_vf_rail2,port_xmit_data,3.02614e+12
2026-09-30T07:13:47.521Z,gpu-3uwoq-6g3ya-2,ib_counter,rdma_vf_rail2,port_rcv_data,5.98562e+12
2026-09-30T07:13:47.521Z,gpu-3uwoq-6g3ya-2,ib_counter,rdma_vf_rail2,port_xmit_packets,1.02027e+09
2026-09-30T07:13:47.521Z,gpu-3uwoq-6g3ya-2,ib_counter,rdma_vf_rail2,port_rcv_packets,1.64539e+09
2026-09-30T07:13:47.521Z,gpu-3uwoq-6g3ya-2,ib_counter,rdma_vf_rail2,port_xmit_wait,0
2026-09-30T07:13:47.521Z,gpu-3uwoq-6g3ya-2,ib_counter,rdma_vf_rail2,port_rcv_errors,0
2026-09-30T07:13:47.521Z,gpu-3uwoq-6g3ya-2,ib_counter,rdma_vf_rail2,port_xmit_discards,0
2026-09-30T07:13:47.521Z,gpu-3uwoq-6g3ya-2,ib_counter,rdma_vf_rail2,link_downed,0
2026-09-30T07:13:47.521Z,gpu-3uwoq-6g3ya-2,ib_hw_counter,rdma_vf_rail2,out_of_sequence,8
2026-09-30T07:13:47.521Z,gpu-3uwoq-6g3ya-2,ib_hw_counter,rdma_vf_rail2,packet_seq_err,0
2026-09-30T07:13:47.521Z,gpu-3uwoq-6g3ya-2,ib_hw_counter,rdma_vf_rail2,local_ack_timeout_err,0
2026-09-30T07:13:47.521Z,gpu-3uwoq-6g3ya-2,ib_hw_counter,rdma_vf_rail2,rx_write_requests,7.11202e+08
2026-09-30T07:13:47.521Z,gpu-3uwoq-6g3ya-2,ib_hw_counter,rdma_vf_rail2,rx_read_requests,1.241e+07
2026-09-30T07:13:47.521Z,gpu-3uwoq-6g3ya-2,ib_hw_counter,rdma_vf_rail2,req_cqe_error,0
2026-09-30T07:13:47.521Z,gpu-3uwoq-6g3ya-2,ib_hw_counter,rdma_vf_rail2,resp_cqe_error,0
2026-09-30T07:13:47.521Z,gpu-3uwoq-6g3ya-2,ib_hw_counter,rdma_vf_rail2,implied_nak_seq_err,0
2026-09-30T07:13:47.521Z,gpu-3uwoq-6g3ya-2,ib_hw_counter,rdma_vf_rail2,duplicate_request,0
2026-09-30T07:13:47.521Z,gpu-3uwoq-6g3ya-2,ib_counter,rdma_vf_rail3,port_xmit_data,3.026e+12
2026-09-30T07:13:47.521Z,gpu-3uwoq-6g3ya-2,ib_counter,rdma_vf_rail3,port_rcv_data,5.98622e+12
2026-09-30T07:13:47.521Z,gpu-3uwoq-6g3ya-2,ib_counter,rdma_vf_rail3,port_xmit_packets,1.01861e+09
2026-09-30T07:13:47.521Z,gpu-3uwoq-6g3ya-2,ib_counter,rdma_vf_rail3,port_rcv_packets,1.65278e+09
2026-09-30T07:13:47.521Z,gpu-3uwoq-6g3ya-2,ib_counter,rdma_vf_rail3,port_xmit_wait,0
2026-09-30T07:13:47.521Z,gpu-3uwoq-6g3ya-2,ib_counter,rdma_vf_rail3,port_rcv_errors,0
2026-09-30T07:13:47.521Z,gpu-3uwoq-6g3ya-2,ib_counter,rdma_vf_rail3,port_xmit_discards,0
2026-09-30T07:13:47.521Z,gpu-3uwoq-6g3ya-2,ib_counter,rdma_vf_rail3,link_downed,0
2026-09-30T07:13:47.521Z,gpu-3uwoq-6g3ya-2,ib_hw_counter,rdma_vf_rail3,out_of_sequence,7
2026-09-30T07:13:47.521Z,gpu-3uwoq-6g3ya-2,ib_hw_counter,rdma_vf_rail3,packet_seq_err,1
2026-09-30T07:13:47.521Z,gpu-3uwoq-6g3ya-2,ib_hw_counter,rdma_vf_rail3,local_ack_timeout_err,0
2026-09-30T07:13:47.521Z,gpu-3uwoq-6g3ya-2,ib_hw_counter,rdma_vf_rail3,rx_write_requests,7.11202e+08
2026-09-30T07:13:47.521Z,gpu-3uwoq-6g3ya-2,ib_hw_counter,rdma_vf_rail3,rx_read_requests,1.241e+07
2026-09-30T07:13:47.521Z,gpu-3uwoq-6g3ya-2,ib_hw_counter,rdma_vf_rail3,req_cqe_error,0
2026-09-30T07:13:47.521Z,gpu-3uwoq-6g3ya-2,ib_hw_counter,rdma_vf_rail3,resp_cqe_error,0
2026-09-30T07:13:47.521Z,gpu-3uwoq-6g3ya-2,ib_hw_counter,rdma_vf_rail3,implied_nak_seq_err,0
2026-09-30T07:13:47.521Z,gpu-3uwoq-6g3ya-2,ib_hw_counter,rdma_vf_rail3,duplicate_request,0
2026-09-30T07:13:47.521Z,gpu-3uwoq-6g3ya-2,dcgm,gpu2,gpu_util,0
2026-09-30T07:13:47.521Z,gpu-3uwoq-6g3ya-2,dcgm,gpu3,gpu_util,0
2026-09-30T07:13:47.521Z,gpu-3uwoq-6g3ya-2,dcgm,gpu1,gpu_util,0
2026-09-30T07:13:47.521Z,gpu-3uwoq-6g3ya-2,dcgm,gpu0,gpu_util,0
2026-09-30T07:13:47.521Z,gpu-3uwoq-6g3ya-2,dcgm,gpu2,nvlink_bandwidth_total,6569
2026-09-30T07:13:47.521Z,gpu-3uwoq-6g3ya-2,dcgm,gpu3,nvlink_bandwidth_total,3284
2026-09-30T07:13:47.521Z,gpu-3uwoq-6g3ya-2,dcgm,gpu1,nvlink_bandwidth_total,6569
2026-09-30T07:13:47.521Z,gpu-3uwoq-6g3ya-2,dcgm,gpu0,nvlink_bandwidth_total,3284
2026-09-30T07:13:47.521Z,gpu-3uwoq-6g3ya-2,dcgm,gpu2,power_w,230.634
2026-09-30T07:13:47.521Z,gpu-3uwoq-6g3ya-2,dcgm,gpu3,power_w,233.762
2026-09-30T07:13:47.521Z,gpu-3uwoq-6g3ya-2,dcgm,gpu1,power_w,230.034
2026-09-30T07:13:47.521Z,gpu-3uwoq-6g3ya-2,dcgm,gpu0,power_w,226.431
2026-09-30T07:13:47.521Z,gpu-3uwoq-6g3ya-2,dcgm,gpu2,sm_clock_mhz,2070
2026-09-30T07:13:47.521Z,gpu-3uwoq-6g3ya-2,dcgm,gpu3,sm_clock_mhz,2070
2026-09-30T07:13:47.521Z,gpu-3uwoq-6g3ya-2,dcgm,gpu1,sm_clock_mhz,2070
2026-09-30T07:13:47.521Z,gpu-3uwoq-6g3ya-2,dcgm,gpu0,sm_clock_mhz,2070
2026-09-30T07:13:47.521Z,gpu-3uwoq-6g3ya-2,dcgm,gpu2,dram_active,0.001089
2026-09-30T07:13:47.521Z,gpu-3uwoq-6g3ya-2,dcgm,gpu3,dram_active,0.000691
2026-09-30T07:13:47.521Z,gpu-3uwoq-6g3ya-2,dcgm,gpu1,dram_active,0.001083
2026-09-30T07:13:47.521Z,gpu-3uwoq-6g3ya-2,dcgm,gpu0,dram_active,0.000889
2026-09-30T07:13:47.521Z,gpu-3uwoq-6g3ya-2,dcgm,gpu2,pcie_rx_bytes,155935
2026-09-30T07:13:47.521Z,gpu-3uwoq-6g3ya-2,dcgm,gpu3,pcie_rx_bytes,152597
2026-09-30T07:13:47.521Z,gpu-3uwoq-6g3ya-2,dcgm,gpu1,pcie_rx_bytes,172783
2026-09-30T07:13:47.521Z,gpu-3uwoq-6g3ya-2,dcgm,gpu0,pcie_rx_bytes,174886
2026-09-30T07:13:47.521Z,gpu-3uwoq-6g3ya-2,dcgm,gpu2,pcie_tx_bytes,122674
2026-09-30T07:13:47.521Z,gpu-3uwoq-6g3ya-2,dcgm,gpu3,pcie_tx_bytes,119928
2026-09-30T07:13:47.521Z,gpu-3uwoq-6g3ya-2,dcgm,gpu1,pcie_tx_bytes,140043
2026-09-30T07:13:47.521Z,gpu-3uwoq-6g3ya-2,dcgm,gpu0,pcie_tx_bytes,141721
2026-09-30T07:13:47.521Z,gpu-3uwoq-6g3ya-2,dcgm,gpu2,tensor_active,0
2026-09-30T07:13:47.521Z,gpu-3uwoq-6g3ya-2,dcgm,gpu3,tensor_active,0
2026-09-30T07:13:47.521Z,gpu-3uwoq-6g3ya-2,dcgm,gpu1,tensor_active,0
2026-09-30T07:13:47.521Z,gpu-3uwoq-6g3ya-2,dcgm,gpu0,tensor_active,0
2026-09-30T07:13:47.521Z,gpu-3uwoq-6g3ya-2,dcgm,gpu2,sm_active,0.020698
2026-09-30T07:13:47.521Z,gpu-3uwoq-6g3ya-2,dcgm,gpu3,sm_active,0.020624
2026-09-30T07:13:47.521Z,gpu-3uwoq-6g3ya-2,dcgm,gpu1,sm_active,0.020636
2026-09-30T07:13:47.521Z,gpu-3uwoq-6g3ya-2,dcgm,gpu0,sm_active,0.020547
2026-09-30T07:13:47.521Z,gpu-3uwoq-6g3ya-2,nvlink,gpu0,nvlink_rx_bytes,4.84459e+13
2026-09-30T07:13:47.521Z,gpu-3uwoq-6g3ya-2,nvlink,gpu0,nvlink_tx_bytes,4.84493e+13
2026-09-30T07:13:47.521Z,gpu-3uwoq-6g3ya-2,nvlink,gpu1,nvlink_rx_bytes,4.8648e+13
2026-09-30T07:13:47.521Z,gpu-3uwoq-6g3ya-2,nvlink,gpu1,nvlink_tx_bytes,4.86502e+13
2026-09-30T07:13:47.521Z,gpu-3uwoq-6g3ya-2,nvlink,gpu2,nvlink_rx_bytes,4.84828e+13
2026-09-30T07:13:47.521Z,gpu-3uwoq-6g3ya-2,nvlink,gpu2,nvlink_tx_bytes,4.84863e+13
2026-09-30T07:13:47.521Z,gpu-3uwoq-6g3ya-2,nvlink,gpu3,nvlink_rx_bytes,4.83797e+13
2026-09-30T07:13:47.521Z,gpu-3uwoq-6g3ya-2,nvlink,gpu3,nvlink_tx_bytes,4.83829e+13
2026-09-30T07:13:48.521Z,gpu-3uwoq-6g3ya-2,ib_counter,rdma_vf_rail0,port_xmit_data,3.1619e+12
2026-09-30T07:13:48.521Z,gpu-3uwoq-6g3ya-2,ib_counter,rdma_vf_rail0,port_rcv_data,6.12198e+12
2026-09-30T07:13:48.521Z,gpu-3uwoq-6g3ya-2,ib_counter,rdma_vf_rail0,port_xmit_packets,1.07066e+09
2026-09-30T07:13:48.521Z,gpu-3uwoq-6g3ya-2,ib_counter,rdma_vf_rail0,port_rcv_packets,1.70183e+09
2026-09-30T07:13:48.521Z,gpu-3uwoq-6g3ya-2,ib_counter,rdma_vf_rail0,port_xmit_wait,0
2026-09-30T07:13:48.521Z,gpu-3uwoq-6g3ya-2,ib_counter,rdma_vf_rail0,port_rcv_errors,0
2026-09-30T07:13:48.521Z,gpu-3uwoq-6g3ya-2,ib_counter,rdma_vf_rail0,port_xmit_discards,0
2026-09-30T07:13:48.521Z,gpu-3uwoq-6g3ya-2,ib_counter,rdma_vf_rail0,link_downed,0
2026-09-30T07:13:48.521Z,gpu-3uwoq-6g3ya-2,ib_hw_counter,rdma_vf_rail0,out_of_sequence,8
2026-09-30T07:13:48.521Z,gpu-3uwoq-6g3ya-2,ib_hw_counter,rdma_vf_rail0,packet_seq_err,0
2026-09-30T07:13:48.521Z,gpu-3uwoq-6g3ya-2,ib_hw_counter,rdma_vf_rail0,local_ack_timeout_err,0
2026-09-30T07:13:48.521Z,gpu-3uwoq-6g3ya-2,ib_hw_counter,rdma_vf_rail0,rx_write_requests,7.13227e+08
2026-09-30T07:13:48.521Z,gpu-3uwoq-6g3ya-2,ib_hw_counter,rdma_vf_rail0,rx_read_requests,1.34187e+07
2026-09-30T07:13:48.521Z,gpu-3uwoq-6g3ya-2,ib_hw_counter,rdma_vf_rail0,req_cqe_error,0
2026-09-30T07:13:48.521Z,gpu-3uwoq-6g3ya-2,ib_hw_counter,rdma_vf_rail0,resp_cqe_error,0
2026-09-30T07:13:48.521Z,gpu-3uwoq-6g3ya-2,ib_hw_counter,rdma_vf_rail0,implied_nak_seq_err,0
2026-09-30T07:13:48.521Z,gpu-3uwoq-6g3ya-2,ib_hw_counter,rdma_vf_rail0,duplicate_request,0
2026-09-30T07:13:48.521Z,gpu-3uwoq-6g3ya-2,ib_counter,rdma_vf_rail1,port_xmit_data,3.05371e+12
2026-09-30T07:13:48.521Z,gpu-3uwoq-6g3ya-2,ib_counter,rdma_vf_rail1,port_rcv_data,6.01387e+12
2026-09-30T07:13:48.521Z,gpu-3uwoq-6g3ya-2,ib_counter,rdma_vf_rail1,port_xmit_packets,1.03795e+09
2026-09-30T07:13:48.521Z,gpu-3uwoq-6g3ya-2,ib_counter,rdma_vf_rail1,port_rcv_packets,1.66932e+09
2026-09-30T07:13:48.521Z,gpu-3uwoq-6g3ya-2,ib_counter,rdma_vf_rail1,port_xmit_wait,0
2026-09-30T07:13:48.521Z,gpu-3uwoq-6g3ya-2,ib_counter,rdma_vf_rail1,port_rcv_errors,0
2026-09-30T07:13:48.521Z,gpu-3uwoq-6g3ya-2,ib_counter,rdma_vf_rail1,port_xmit_discards,0
2026-09-30T07:13:48.521Z,gpu-3uwoq-6g3ya-2,ib_counter,rdma_vf_rail1,link_downed,0
2026-09-30T07:13:48.521Z,gpu-3uwoq-6g3ya-2,ib_hw_counter,rdma_vf_rail1,out_of_sequence,8
2026-09-30T07:13:48.521Z,gpu-3uwoq-6g3ya-2,ib_hw_counter,rdma_vf_rail1,packet_seq_err,0
2026-09-30T07:13:48.521Z,gpu-3uwoq-6g3ya-2,ib_hw_counter,rdma_vf_rail1,local_ack_timeout_err,0
2026-09-30T07:13:48.521Z,gpu-3uwoq-6g3ya-2,ib_hw_counter,rdma_vf_rail1,rx_write_requests,7.11635e+08
2026-09-30T07:13:48.521Z,gpu-3uwoq-6g3ya-2,ib_hw_counter,rdma_vf_rail1,rx_read_requests,1.26179e+07
2026-09-30T07:13:48.521Z,gpu-3uwoq-6g3ya-2,ib_hw_counter,rdma_vf_rail1,req_cqe_error,0
2026-09-30T07:13:48.521Z,gpu-3uwoq-6g3ya-2,ib_hw_counter,rdma_vf_rail1,resp_cqe_error,0
2026-09-30T07:13:48.521Z,gpu-3uwoq-6g3ya-2,ib_hw_counter,rdma_vf_rail1,implied_nak_seq_err,0
2026-09-30T07:13:48.521Z,gpu-3uwoq-6g3ya-2,ib_hw_counter,rdma_vf_rail1,duplicate_request,0
2026-09-30T07:13:48.521Z,gpu-3uwoq-6g3ya-2,ib_counter,rdma_vf_rail2,port_xmit_data,3.02614e+12
2026-09-30T07:13:48.521Z,gpu-3uwoq-6g3ya-2,ib_counter,rdma_vf_rail2,port_rcv_data,5.98562e+12
2026-09-30T07:13:48.521Z,gpu-3uwoq-6g3ya-2,ib_counter,rdma_vf_rail2,port_xmit_packets,1.02027e+09
2026-09-30T07:13:48.521Z,gpu-3uwoq-6g3ya-2,ib_counter,rdma_vf_rail2,port_rcv_packets,1.64539e+09
2026-09-30T07:13:48.521Z,gpu-3uwoq-6g3ya-2,ib_counter,rdma_vf_rail2,port_xmit_wait,0
2026-09-30T07:13:48.521Z,gpu-3uwoq-6g3ya-2,ib_counter,rdma_vf_rail2,port_rcv_errors,0
2026-09-30T07:13:48.521Z,gpu-3uwoq-6g3ya-2,ib_counter,rdma_vf_rail2,port_xmit_discards,0
2026-09-30T07:13:48.521Z,gpu-3uwoq-6g3ya-2,ib_counter,rdma_vf_rail2,link_downed,0
2026-09-30T07:13:48.521Z,gpu-3uwoq-6g3ya-2,ib_hw_counter,rdma_vf_rail2,out_of_sequence,8
2026-09-30T07:13:48.521Z,gpu-3uwoq-6g3ya-2,ib_hw_counter,rdma_vf_rail2,packet_seq_err,0
2026-09-30T07:13:48.521Z,gpu-3uwoq-6g3ya-2,ib_hw_counter,rdma_vf_rail2,local_ack_timeout_err,0
2026-09-30T07:13:48.521Z,gpu-3uwoq-6g3ya-2,ib_hw_counter,rdma_vf_rail2,rx_write_requests,7.11202e+08
2026-09-30T07:13:48.521Z,gpu-3uwoq-6g3ya-2,ib_hw_counter,rdma_vf_rail2,rx_read_requests,1.241e+07
2026-09-30T07:13:48.521Z,gpu-3uwoq-6g3ya-2,ib_hw_counter,rdma_vf_rail2,req_cqe_error,0
2026-09-30T07:13:48.521Z,gpu-3uwoq-6g3ya-2,ib_hw_counter,rdma_vf_rail2,resp_cqe_error,0
2026-09-30T07:13:48.521Z,gpu-3uwoq-6g3ya-2,ib_hw_counter,rdma_vf_rail2,implied_nak_seq_err,0
2026-09-30T07:13:48.521Z,gpu-3uwoq-6g3ya-2,ib_hw_counter,rdma_vf_rail2,duplicate_request,0
2026-09-30T07:13:48.521Z,gpu-3uwoq-6g3ya-2,ib_counter,rdma_vf_rail3,port_xmit_data,3.026e+12
2026-09-30T07:13:48.521Z,gpu-3uwoq-6g3ya-2,ib_counter,rdma_vf_rail3,port_rcv_data,5.98622e+12
2026-09-30T07:13:48.521Z,gpu-3uwoq-6g3ya-2,ib_counter,rdma_vf_rail3,port_xmit_packets,1.01861e+09
2026-09-30T07:13:48.521Z,gpu-3uwoq-6g3ya-2,ib_counter,rdma_vf_rail3,port_rcv_packets,1.65278e+09
2026-09-30T07:13:48.521Z,gpu-3uwoq-6g3ya-2,ib_counter,rdma_vf_rail3,port_xmit_wait,0
2026-09-30T07:13:48.521Z,gpu-3uwoq-6g3ya-2,ib_counter,rdma_vf_rail3,port_rcv_errors,0
2026-09-30T07:13:48.521Z,gpu-3uwoq-6g3ya-2,ib_counter,rdma_vf_rail3,port_xmit_discards,0
2026-09-30T07:13:48.521Z,gpu-3uwoq-6g3ya-2,ib_counter,rdma_vf_rail3,link_downed,0
2026-09-30T07:13:48.521Z,gpu-3uwoq-6g3ya-2,ib_hw_counter,rdma_vf_rail3,out_of_sequence,7
2026-09-30T07:13:48.521Z,gpu-3uwoq-6g3ya-2,ib_hw_counter,rdma_vf_rail3,packet_seq_err,1
2026-09-30T07:13:48.521Z,gpu-3uwoq-6g3ya-2,ib_hw_counter,rdma_vf_rail3,local_ack_timeout_err,0
2026-09-30T07:13:48.521Z,gpu-3uwoq-6g3ya-2,ib_hw_counter,rdma_vf_rail3,rx_write_requests,7.11202e+08
2026-09-30T07:13:48.521Z,gpu-3uwoq-6g3ya-2,ib_hw_counter,rdma_vf_rail3,rx_read_requests,1.241e+07
2026-09-30T07:13:48.521Z,gpu-3uwoq-6g3ya-2,ib_hw_counter,rdma_vf_rail3,req_cqe_error,0
2026-09-30T07:13:48.521Z,gpu-3uwoq-6g3ya-2,ib_hw_counter,rdma_vf_rail3,resp_cqe_error,0
2026-09-30T07:13:48.521Z,gpu-3uwoq-6g3ya-2,ib_hw_counter,rdma_vf_rail3,implied_nak_seq_err,0
2026-09-30T07:13:48.521Z,gpu-3uwoq-6g3ya-2,ib_hw_counter,rdma_vf_rail3,duplicate_request,0
2026-09-30T07:13:48.521Z,gpu-3uwoq-6g3ya-2,dcgm,gpu2,gpu_util,0
2026-09-30T07:13:48.521Z,gpu-3uwoq-6g3ya-2,dcgm,gpu3,gpu_util,0
2026-09-30T07:13:48.521Z,gpu-3uwoq-6g3ya-2,dcgm,gpu1,gpu_util,0
2026-09-30T07:13:48.521Z,gpu-3uwoq-6g3ya-2,dcgm,gpu0,gpu_util,0
2026-09-30T07:13:48.521Z,gpu-3uwoq-6g3ya-2,dcgm,gpu2,nvlink_bandwidth_total,0
2026-09-30T07:13:48.521Z,gpu-3uwoq-6g3ya-2,dcgm,gpu3,nvlink_bandwidth_total,0
2026-09-30T07:13:48.521Z,gpu-3uwoq-6g3ya-2,dcgm,gpu1,nvlink_bandwidth_total,0
2026-09-30T07:13:48.521Z,gpu-3uwoq-6g3ya-2,dcgm,gpu0,nvlink_bandwidth_total,0
2026-09-30T07:13:48.521Z,gpu-3uwoq-6g3ya-2,dcgm,gpu2,power_w,230.943
2026-09-30T07:13:48.521Z,gpu-3uwoq-6g3ya-2,dcgm,gpu3,power_w,233.861
2026-09-30T07:13:48.521Z,gpu-3uwoq-6g3ya-2,dcgm,gpu1,power_w,230.034
2026-09-30T07:13:48.521Z,gpu-3uwoq-6g3ya-2,dcgm,gpu0,power_w,226.431
2026-09-30T07:13:48.521Z,gpu-3uwoq-6g3ya-2,dcgm,gpu2,sm_clock_mhz,2070
2026-09-30T07:13:48.521Z,gpu-3uwoq-6g3ya-2,dcgm,gpu3,sm_clock_mhz,2070
2026-09-30T07:13:48.521Z,gpu-3uwoq-6g3ya-2,dcgm,gpu1,sm_clock_mhz,2070
2026-09-30T07:13:48.521Z,gpu-3uwoq-6g3ya-2,dcgm,gpu0,sm_clock_mhz,2070
2026-09-30T07:13:48.521Z,gpu-3uwoq-6g3ya-2,dcgm,gpu2,dram_active,0
2026-09-30T07:13:48.521Z,gpu-3uwoq-6g3ya-2,dcgm,gpu3,dram_active,0
2026-09-30T07:13:48.521Z,gpu-3uwoq-6g3ya-2,dcgm,gpu1,dram_active,0.001083
2026-09-30T07:13:48.521Z,gpu-3uwoq-6g3ya-2,dcgm,gpu0,dram_active,0.000889
2026-09-30T07:13:48.521Z,gpu-3uwoq-6g3ya-2,dcgm,gpu2,pcie_rx_bytes,52573
2026-09-30T07:13:48.521Z,gpu-3uwoq-6g3ya-2,dcgm,gpu3,pcie_rx_bytes,152597
2026-09-30T07:13:48.521Z,gpu-3uwoq-6g3ya-2,dcgm,gpu1,pcie_rx_bytes,61148
2026-09-30T07:13:48.521Z,gpu-3uwoq-6g3ya-2,dcgm,gpu0,pcie_rx_bytes,61199
2026-09-30T07:13:48.521Z,gpu-3uwoq-6g3ya-2,dcgm,gpu2,pcie_tx_bytes,122674
2026-09-30T07:13:48.521Z,gpu-3uwoq-6g3ya-2,dcgm,gpu3,pcie_tx_bytes,119928
2026-09-30T07:13:48.521Z,gpu-3uwoq-6g3ya-2,dcgm,gpu1,pcie_tx_bytes,57899
2026-09-30T07:13:48.521Z,gpu-3uwoq-6g3ya-2,dcgm,gpu0,pcie_tx_bytes,57949
2026-09-30T07:13:48.521Z,gpu-3uwoq-6g3ya-2,dcgm,gpu2,tensor_active,0
2026-09-30T07:13:48.521Z,gpu-3uwoq-6g3ya-2,dcgm,gpu3,tensor_active,0
2026-09-30T07:13:48.521Z,gpu-3uwoq-6g3ya-2,dcgm,gpu1,tensor_active,0
2026-09-30T07:13:48.521Z,gpu-3uwoq-6g3ya-2,dcgm,gpu0,tensor_active,0
2026-09-30T07:13:48.521Z,gpu-3uwoq-6g3ya-2,dcgm,gpu2,sm_active,0
2026-09-30T07:13:48.521Z,gpu-3uwoq-6g3ya-2,dcgm,gpu3,sm_active,0.020624
2026-09-30T07:13:48.521Z,gpu-3uwoq-6g3ya-2,dcgm,gpu1,sm_active,0.020636
2026-09-30T07:13:48.521Z,gpu-3uwoq-6g3ya-2,dcgm,gpu0,sm_active,0
2026-09-30T07:13:48.521Z,gpu-3uwoq-6g3ya-2,nvlink,gpu0,nvlink_rx_bytes,4.84459e+13
2026-09-30T07:13:48.521Z,gpu-3uwoq-6g3ya-2,nvlink,gpu0,nvlink_tx_bytes,4.84493e+13
2026-09-30T07:13:48.521Z,gpu-3uwoq-6g3ya-2,nvlink,gpu1,nvlink_rx_bytes,4.8648e+13
2026-09-30T07:13:48.521Z,gpu-3uwoq-6g3ya-2,nvlink,gpu1,nvlink_tx_bytes,4.86502e+13
2026-09-30T07:13:48.521Z,gpu-3uwoq-6g3ya-2,nvlink,gpu2,nvlink_rx_bytes,4.84828e+13
2026-09-30T07:13:48.521Z,gpu-3uwoq-6g3ya-2,nvlink,gpu2,nvlink_tx_bytes,4.84863e+13
2026-09-30T07:13:48.521Z,gpu-3uwoq-6g3ya-2,nvlink,gpu3,nvlink_rx_bytes,4.83797e+13
2026-09-30T07:13:48.521Z,gpu-3uwoq-6g3ya-2,nvlink,gpu3,nvlink_tx_bytes,4.83829e+13
2026-09-30T07:13:49.521Z,gpu-3uwoq-6g3ya-2,ib_counter,rdma_vf_rail0,port_xmit_data,3.1619e+12
2026-09-30T07:13:49.521Z,gpu-3uwoq-6g3ya-2,ib_counter,rdma_vf_rail0,port_rcv_data,6.12198e+12
2026-09-30T07:13:49.521Z,gpu-3uwoq-6g3ya-2,ib_counter,rdma_vf_rail0,port_xmit_packets,1.07066e+09
2026-09-30T07:13:49.521Z,gpu-3uwoq-6g3ya-2,ib_counter,rdma_vf_rail0,port_rcv_packets,1.70183e+09
2026-09-30T07:13:49.521Z,gpu-3uwoq-6g3ya-2,ib_counter,rdma_vf_rail0,port_xmit_wait,0
2026-09-30T07:13:49.521Z,gpu-3uwoq-6g3ya-2,ib_counter,rdma_vf_rail0,port_rcv_errors,0
2026-09-30T07:13:49.521Z,gpu-3uwoq-6g3ya-2,ib_counter,rdma_vf_rail0,port_xmit_discards,0
2026-09-30T07:13:49.521Z,gpu-3uwoq-6g3ya-2,ib_counter,rdma_vf_rail0,link_downed,0
2026-09-30T07:13:49.521Z,gpu-3uwoq-6g3ya-2,ib_hw_counter,rdma_vf_rail0,out_of_sequence,8
2026-09-30T07:13:49.521Z,gpu-3uwoq-6g3ya-2,ib_hw_counter,rdma_vf_rail0,packet_seq_err,0
2026-09-30T07:13:49.521Z,gpu-3uwoq-6g3ya-2,ib_hw_counter,rdma_vf_rail0,local_ack_timeout_err,0
2026-09-30T07:13:49.521Z,gpu-3uwoq-6g3ya-2,ib_hw_counter,rdma_vf_rail0,rx_write_requests,7.13227e+08
2026-09-30T07:13:49.521Z,gpu-3uwoq-6g3ya-2,ib_hw_counter,rdma_vf_rail0,rx_read_requests,1.34187e+07
2026-09-30T07:13:49.521Z,gpu-3uwoq-6g3ya-2,ib_hw_counter,rdma_vf_rail0,req_cqe_error,0
2026-09-30T07:13:49.521Z,gpu-3uwoq-6g3ya-2,ib_hw_counter,rdma_vf_rail0,resp_cqe_error,0
2026-09-30T07:13:49.521Z,gpu-3uwoq-6g3ya-2,ib_hw_counter,rdma_vf_rail0,implied_nak_seq_err,0
2026-09-30T07:13:49.521Z,gpu-3uwoq-6g3ya-2,ib_hw_counter,rdma_vf_rail0,duplicate_request,0
2026-09-30T07:13:49.521Z,gpu-3uwoq-6g3ya-2,ib_counter,rdma_vf_rail1,port_xmit_data,3.05371e+12
2026-09-30T07:13:49.521Z,gpu-3uwoq-6g3ya-2,ib_counter,rdma_vf_rail1,port_rcv_data,6.01387e+12
2026-09-30T07:13:49.521Z,gpu-3uwoq-6g3ya-2,ib_counter,rdma_vf_rail1,port_xmit_packets,1.03795e+09
2026-09-30T07:13:49.521Z,gpu-3uwoq-6g3ya-2,ib_counter,rdma_vf_rail1,port_rcv_packets,1.66932e+09
2026-09-30T07:13:49.521Z,gpu-3uwoq-6g3ya-2,ib_counter,rdma_vf_rail1,port_xmit_wait,0
2026-09-30T07:13:49.521Z,gpu-3uwoq-6g3ya-2,ib_counter,rdma_vf_rail1,port_rcv_errors,0
2026-09-30T07:13:49.521Z,gpu-3uwoq-6g3ya-2,ib_counter,rdma_vf_rail1,port_xmit_discards,0
2026-09-30T07:13:49.521Z,gpu-3uwoq-6g3ya-2,ib_counter,rdma_vf_rail1,link_downed,0
2026-09-30T07:13:49.521Z,gpu-3uwoq-6g3ya-2,ib_hw_counter,rdma_vf_rail1,out_of_sequence,8
2026-09-30T07:13:49.521Z,gpu-3uwoq-6g3ya-2,ib_hw_counter,rdma_vf_rail1,packet_seq_err,0
2026-09-30T07:13:49.521Z,gpu-3uwoq-6g3ya-2,ib_hw_counter,rdma_vf_rail1,local_ack_timeout_err,0
2026-09-30T07:13:49.521Z,gpu-3uwoq-6g3ya-2,ib_hw_counter,rdma_vf_rail1,rx_write_requests,7.11635e+08
2026-09-30T07:13:49.521Z,gpu-3uwoq-6g3ya-2,ib_hw_counter,rdma_vf_rail1,rx_read_requests,1.26179e+07
2026-09-30T07:13:49.521Z,gpu-3uwoq-6g3ya-2,ib_hw_counter,rdma_vf_rail1,req_cqe_error,0
2026-09-30T07:13:49.521Z,gpu-3uwoq-6g3ya-2,ib_hw_counter,rdma_vf_rail1,resp_cqe_error,0
2026-09-30T07:13:49.521Z,gpu-3uwoq-6g3ya-2,ib_hw_counter,rdma_vf_rail1,implied_nak_seq_err,0
2026-09-30T07:13:49.521Z,gpu-3uwoq-6g3ya-2,ib_hw_counter,rdma_vf_rail1,duplicate_request,0
2026-09-30T07:13:49.521Z,gpu-3uwoq-6g3ya-2,ib_counter,rdma_vf_rail2,port_xmit_data,3.02614e+12
2026-09-30T07:13:49.521Z,gpu-3uwoq-6g3ya-2,ib_counter,rdma_vf_rail2,port_rcv_data,5.98562e+12
2026-09-30T07:13:49.521Z,gpu-3uwoq-6g3ya-2,ib_counter,rdma_vf_rail2,port_xmit_packets,1.02027e+09
2026-09-30T07:13:49.521Z,gpu-3uwoq-6g3ya-2,ib_counter,rdma_vf_rail2,port_rcv_packets,1.64539e+09
2026-09-30T07:13:49.521Z,gpu-3uwoq-6g3ya-2,ib_counter,rdma_vf_rail2,port_xmit_wait,0
2026-09-30T07:13:49.521Z,gpu-3uwoq-6g3ya-2,ib_counter,rdma_vf_rail2,port_rcv_errors,0
2026-09-30T07:13:49.521Z,gpu-3uwoq-6g3ya-2,ib_counter,rdma_vf_rail2,port_xmit_discards,0
2026-09-30T07:13:49.521Z,gpu-3uwoq-6g3ya-2,ib_counter,rdma_vf_rail2,link_downed,0
2026-09-30T07:13:49.521Z,gpu-3uwoq-6g3ya-2,ib_hw_counter,rdma_vf_rail2,out_of_sequence,8
2026-09-30T07:13:49.521Z,gpu-3uwoq-6g3ya-2,ib_hw_counter,rdma_vf_rail2,packet_seq_err,0
2026-09-30T07:13:49.521Z,gpu-3uwoq-6g3ya-2,ib_hw_counter,rdma_vf_rail2,local_ack_timeout_err,0
2026-09-30T07:13:49.521Z,gpu-3uwoq-6g3ya-2,ib_hw_counter,rdma_vf_rail2,rx_write_requests,7.11202e+08
2026-09-30T07:13:49.521Z,gpu-3uwoq-6g3ya-2,ib_hw_counter,rdma_vf_rail2,rx_read_requests,1.241e+07
2026-09-30T07:13:49.521Z,gpu-3uwoq-6g3ya-2,ib_hw_counter,rdma_vf_rail2,req_cqe_error,0
2026-09-30T07:13:49.521Z,gpu-3uwoq-6g3ya-2,ib_hw_counter,rdma_vf_rail2,resp_cqe_error,0
2026-09-30T07:13:49.521Z,gpu-3uwoq-6g3ya-2,ib_hw_counter,rdma_vf_rail2,implied_nak_seq_err,0
2026-09-30T07:13:49.521Z,gpu-3uwoq-6g3ya-2,ib_hw_counter,rdma_vf_rail2,duplicate_request,0
2026-09-30T07:13:49.521Z,gpu-3uwoq-6g3ya-2,ib_counter,rdma_vf_rail3,port_xmit_data,3.026e+12
2026-09-30T07:13:49.521Z,gpu-3uwoq-6g3ya-2,ib_counter,rdma_vf_rail3,port_rcv_data,5.98622e+12
2026-09-30T07:13:49.521Z,gpu-3uwoq-6g3ya-2,ib_counter,rdma_vf_rail3,port_xmit_packets,1.01861e+09
2026-09-30T07:13:49.521Z,gpu-3uwoq-6g3ya-2,ib_counter,rdma_vf_rail3,port_rcv_packets,1.65278e+09
2026-09-30T07:13:49.521Z,gpu-3uwoq-6g3ya-2,ib_counter,rdma_vf_rail3,port_xmit_wait,0
2026-09-30T07:13:49.521Z,gpu-3uwoq-6g3ya-2,ib_counter,rdma_vf_rail3,port_rcv_errors,0
2026-09-30T07:13:49.521Z,gpu-3uwoq-6g3ya-2,ib_counter,rdma_vf_rail3,port_xmit_discards,0
2026-09-30T07:13:49.521Z,gpu-3uwoq-6g3ya-2,ib_counter,rdma_vf_rail3,link_downed,0
2026-09-30T07:13:49.521Z,gpu-3uwoq-6g3ya-2,ib_hw_counter,rdma_vf_rail3,out_of_sequence,7
2026-09-30T07:13:49.521Z,gpu-3uwoq-6g3ya-2,ib_hw_counter,rdma_vf_rail3,packet_seq_err,1
2026-09-30T07:13:49.521Z,gpu-3uwoq-6g3ya-2,ib_hw_counter,rdma_vf_rail3,local_ack_timeout_err,0
2026-09-30T07:13:49.521Z,gpu-3uwoq-6g3ya-2,ib_hw_counter,rdma_vf_rail3,rx_write_requests,7.11202e+08
2026-09-30T07:13:49.521Z,gpu-3uwoq-6g3ya-2,ib_hw_counter,rdma_vf_rail3,rx_read_requests,1.241e+07
2026-09-30T07:13:49.521Z,gpu-3uwoq-6g3ya-2,ib_hw_counter,rdma_vf_rail3,req_cqe_error,0
2026-09-30T07:13:49.521Z,gpu-3uwoq-6g3ya-2,ib_hw_counter,rdma_vf_rail3,resp_cqe_error,0
2026-09-30T07:13:49.521Z,gpu-3uwoq-6g3ya-2,ib_hw_counter,rdma_vf_rail3,implied_nak_seq_err,0
2026-09-30T07:13:49.521Z,gpu-3uwoq-6g3ya-2,ib_hw_counter,rdma_vf_rail3,duplicate_request,0
2026-09-30T07:13:49.521Z,gpu-3uwoq-6g3ya-2,dcgm,gpu2,gpu_util,0
2026-09-30T07:13:49.521Z,gpu-3uwoq-6g3ya-2,dcgm,gpu3,gpu_util,0
2026-09-30T07:13:49.521Z,gpu-3uwoq-6g3ya-2,dcgm,gpu1,gpu_util,0
2026-09-30T07:13:49.521Z,gpu-3uwoq-6g3ya-2,dcgm,gpu0,gpu_util,0
2026-09-30T07:13:49.521Z,gpu-3uwoq-6g3ya-2,dcgm,gpu2,nvlink_bandwidth_total,0
2026-09-30T07:13:49.521Z,gpu-3uwoq-6g3ya-2,dcgm,gpu3,nvlink_bandwidth_total,0
2026-09-30T07:13:49.521Z,gpu-3uwoq-6g3ya-2,dcgm,gpu1,nvlink_bandwidth_total,0
2026-09-30T07:13:49.521Z,gpu-3uwoq-6g3ya-2,dcgm,gpu0,nvlink_bandwidth_total,0
2026-09-30T07:13:49.521Z,gpu-3uwoq-6g3ya-2,dcgm,gpu2,power_w,230.943
2026-09-30T07:13:49.521Z,gpu-3uwoq-6g3ya-2,dcgm,gpu3,power_w,233.861
2026-09-30T07:13:49.521Z,gpu-3uwoq-6g3ya-2,dcgm,gpu1,power_w,230.034
2026-09-30T07:13:49.521Z,gpu-3uwoq-6g3ya-2,dcgm,gpu0,power_w,226.431
2026-09-30T07:13:49.521Z,gpu-3uwoq-6g3ya-2,dcgm,gpu2,sm_clock_mhz,2070
2026-09-30T07:13:49.521Z,gpu-3uwoq-6g3ya-2,dcgm,gpu3,sm_clock_mhz,2070
2026-09-30T07:13:49.521Z,gpu-3uwoq-6g3ya-2,dcgm,gpu1,sm_clock_mhz,2070
2026-09-30T07:13:49.521Z,gpu-3uwoq-6g3ya-2,dcgm,gpu0,sm_clock_mhz,2070
2026-09-30T07:13:49.521Z,gpu-3uwoq-6g3ya-2,dcgm,gpu2,dram_active,0
2026-09-30T07:13:49.521Z,gpu-3uwoq-6g3ya-2,dcgm,gpu3,dram_active,0
2026-09-30T07:13:49.521Z,gpu-3uwoq-6g3ya-2,dcgm,gpu1,dram_active,0.001083
2026-09-30T07:13:49.521Z,gpu-3uwoq-6g3ya-2,dcgm,gpu0,dram_active,0.000889
2026-09-30T07:13:49.521Z,gpu-3uwoq-6g3ya-2,dcgm,gpu2,pcie_rx_bytes,52573
2026-09-30T07:13:49.521Z,gpu-3uwoq-6g3ya-2,dcgm,gpu3,pcie_rx_bytes,152597
2026-09-30T07:13:49.521Z,gpu-3uwoq-6g3ya-2,dcgm,gpu1,pcie_rx_bytes,61148
2026-09-30T07:13:49.521Z,gpu-3uwoq-6g3ya-2,dcgm,gpu0,pcie_rx_bytes,61199
2026-09-30T07:13:49.521Z,gpu-3uwoq-6g3ya-2,dcgm,gpu2,pcie_tx_bytes,122674
2026-09-30T07:13:49.521Z,gpu-3uwoq-6g3ya-2,dcgm,gpu3,pcie_tx_bytes,119928
2026-09-30T07:13:49.521Z,gpu-3uwoq-6g3ya-2,dcgm,gpu1,pcie_tx_bytes,57899
2026-09-30T07:13:49.521Z,gpu-3uwoq-6g3ya-2,dcgm,gpu0,pcie_tx_bytes,57949
2026-09-30T07:13:49.521Z,gpu-3uwoq-6g3ya-2,dcgm,gpu2,tensor_active,0
2026-09-30T07:13:49.521Z,gpu-3uwoq-6g3ya-2,dcgm,gpu3,tensor_active,0
2026-09-30T07:13:49.521Z,gpu-3uwoq-6g3ya-2,dcgm,gpu1,tensor_active,0
2026-09-30T07:13:49.521Z,gpu-3uwoq-6g3ya-2,dcgm,gpu0,tensor_active,0
2026-09-30T07:13:49.521Z,gpu-3uwoq-6g3ya-2,dcgm,gpu2,sm_active,0
2026-09-30T07:13:49.521Z,gpu-3uwoq-6g3ya-2,dcgm,gpu3,sm_active,0.020624
2026-09-30T07:13:49.521Z,gpu-3uwoq-6g3ya-2,dcgm,gpu1,sm_active,0.020636
2026-09-30T07:13:49.521Z,gpu-3uwoq-6g3ya-2,dcgm,gpu0,sm_active,0
2026-09-30T07:13:49.521Z,gpu-3uwoq-6g3ya-2,nvlink,gpu0,nvlink_rx_bytes,4.84459e+13
2026-09-30T07:13:49.521Z,gpu-3uwoq-6g3ya-2,nvlink,gpu0,nvlink_tx_bytes,4.84493e+13
2026-09-30T07:13:49.521Z,gpu-3uwoq-6g3ya-2,nvlink,gpu1,nvlink_rx_bytes,4.8648e+13
2026-09-30T07:13:49.521Z,gpu-3uwoq-6g3ya-2,nvlink,gpu1,nvlink_tx_bytes,4.86502e+13
2026-09-30T07:13:49.521Z,gpu-3uwoq-6g3ya-2,nvlink,gpu2,nvlink_rx_bytes,4.84828e+13
2026-09-30T07:13:49.521Z,gpu-3uwoq-6g3ya-2,nvlink,gpu2,nvlink_tx_bytes,4.84863e+13
2026-09-30T07:13:49.521Z,gpu-3uwoq-6g3ya-2,nvlink,gpu3,nvlink_rx_bytes,4.83797e+13
2026-09-30T07:13:49.521Z,gpu-3uwoq-6g3ya-2,nvlink,gpu3,nvlink_tx_bytes,4.83829e+13
2026-09-30T07:13:50.521Z,gpu-3uwoq-6g3ya-2,ib_counter,rdma_vf_rail0,port_xmit_data,3.1619e+12
2026-09-30T07:13:50.521Z,gpu-3uwoq-6g3ya-2,ib_counter,rdma_vf_rail0,port_rcv_data,6.12198e+12
2026-09-30T07:13:50.521Z,gpu-3uwoq-6g3ya-2,ib_counter,rdma_vf_rail0,port_xmit_packets,1.07066e+09
2026-09-30T07:13:50.521Z,gpu-3uwoq-6g3ya-2,ib_counter,rdma_vf_rail0,port_rcv_packets,1.70183e+09
2026-09-30T07:13:50.521Z,gpu-3uwoq-6g3ya-2,ib_counter,rdma_vf_rail0,port_xmit_wait,0
2026-09-30T07:13:50.521Z,gpu-3uwoq-6g3ya-2,ib_counter,rdma_vf_rail0,port_rcv_errors,0
2026-09-30T07:13:50.521Z,gpu-3uwoq-6g3ya-2,ib_counter,rdma_vf_rail0,port_xmit_discards,0
2026-09-30T07:13:50.521Z,gpu-3uwoq-6g3ya-2,ib_counter,rdma_vf_rail0,link_downed,0
2026-09-30T07:13:50.521Z,gpu-3uwoq-6g3ya-2,ib_hw_counter,rdma_vf_rail0,out_of_sequence,8
2026-09-30T07:13:50.521Z,gpu-3uwoq-6g3ya-2,ib_hw_counter,rdma_vf_rail0,packet_seq_err,0
2026-09-30T07:13:50.521Z,gpu-3uwoq-6g3ya-2,ib_hw_counter,rdma_vf_rail0,local_ack_timeout_err,0
2026-09-30T07:13:50.521Z,gpu-3uwoq-6g3ya-2,ib_hw_counter,rdma_vf_rail0,rx_write_requests,7.13227e+08
2026-09-30T07:13:50.521Z,gpu-3uwoq-6g3ya-2,ib_hw_counter,rdma_vf_rail0,rx_read_requests,1.34187e+07
2026-09-30T07:13:50.521Z,gpu-3uwoq-6g3ya-2,ib_hw_counter,rdma_vf_rail0,req_cqe_error,0
2026-09-30T07:13:50.521Z,gpu-3uwoq-6g3ya-2,ib_hw_counter,rdma_vf_rail0,resp_cqe_error,0
2026-09-30T07:13:50.521Z,gpu-3uwoq-6g3ya-2,ib_hw_counter,rdma_vf_rail0,implied_nak_seq_err,0
2026-09-30T07:13:50.521Z,gpu-3uwoq-6g3ya-2,ib_hw_counter,rdma_vf_rail0,duplicate_request,0
2026-09-30T07:13:50.521Z,gpu-3uwoq-6g3ya-2,ib_counter,rdma_vf_rail1,port_xmit_data,3.05371e+12
2026-09-30T07:13:50.521Z,gpu-3uwoq-6g3ya-2,ib_counter,rdma_vf_rail1,port_rcv_data,6.01387e+12
2026-09-30T07:13:50.521Z,gpu-3uwoq-6g3ya-2,ib_counter,rdma_vf_rail1,port_xmit_packets,1.03795e+09
2026-09-30T07:13:50.521Z,gpu-3uwoq-6g3ya-2,ib_counter,rdma_vf_rail1,port_rcv_packets,1.66932e+09
2026-09-30T07:13:50.521Z,gpu-3uwoq-6g3ya-2,ib_counter,rdma_vf_rail1,port_xmit_wait,0
2026-09-30T07:13:50.521Z,gpu-3uwoq-6g3ya-2,ib_counter,rdma_vf_rail1,port_rcv_errors,0
2026-09-30T07:13:50.521Z,gpu-3uwoq-6g3ya-2,ib_counter,rdma_vf_rail1,port_xmit_discards,0
2026-09-30T07:13:50.521Z,gpu-3uwoq-6g3ya-2,ib_counter,rdma_vf_rail1,link_downed,0
2026-09-30T07:13:50.521Z,gpu-3uwoq-6g3ya-2,ib_hw_counter,rdma_vf_rail1,out_of_sequence,8
2026-09-30T07:13:50.521Z,gpu-3uwoq-6g3ya-2,ib_hw_counter,rdma_vf_rail1,packet_seq_err,0
2026-09-30T07:13:50.521Z,gpu-3uwoq-6g3ya-2,ib_hw_counter,rdma_vf_rail1,local_ack_timeout_err,0
2026-09-30T07:13:50.521Z,gpu-3uwoq-6g3ya-2,ib_hw_counter,rdma_vf_rail1,rx_write_requests,7.11635e+08
2026-09-30T07:13:50.521Z,gpu-3uwoq-6g3ya-2,ib_hw_counter,rdma_vf_rail1,rx_read_requests,1.26179e+07
2026-09-30T07:13:50.521Z,gpu-3uwoq-6g3ya-2,ib_hw_counter,rdma_vf_rail1,req_cqe_error,0
2026-09-30T07:13:50.521Z,gpu-3uwoq-6g3ya-2,ib_hw_counter,rdma_vf_rail1,resp_cqe_error,0
2026-09-30T07:13:50.521Z,gpu-3uwoq-6g3ya-2,ib_hw_counter,rdma_vf_rail1,implied_nak_seq_err,0
2026-09-30T07:13:50.521Z,gpu-3uwoq-6g3ya-2,ib_hw_counter,rdma_vf_rail1,duplicate_request,0
2026-09-30T07:13:50.521Z,gpu-3uwoq-6g3ya-2,ib_counter,rdma_vf_rail2,port_xmit_data,3.02614e+12
2026-09-30T07:13:50.521Z,gpu-3uwoq-6g3ya-2,ib_counter,rdma_vf_rail2,port_rcv_data,5.98562e+12
2026-09-30T07:13:50.521Z,gpu-3uwoq-6g3ya-2,ib_counter,rdma_vf_rail2,port_xmit_packets,1.02027e+09
2026-09-30T07:13:50.521Z,gpu-3uwoq-6g3ya-2,ib_counter,rdma_vf_rail2,port_rcv_packets,1.64539e+09
2026-09-30T07:13:50.521Z,gpu-3uwoq-6g3ya-2,ib_counter,rdma_vf_rail2,port_xmit_wait,0
2026-09-30T07:13:50.521Z,gpu-3uwoq-6g3ya-2,ib_counter,rdma_vf_rail2,port_rcv_errors,0
2026-09-30T07:13:50.521Z,gpu-3uwoq-6g3ya-2,ib_counter,rdma_vf_rail2,port_xmit_discards,0
2026-09-30T07:13:50.521Z,gpu-3uwoq-6g3ya-2,ib_counter,rdma_vf_rail2,link_downed,0
2026-09-30T07:13:50.521Z,gpu-3uwoq-6g3ya-2,ib_hw_counter,rdma_vf_rail2,out_of_sequence,8
2026-09-30T07:13:50.521Z,gpu-3uwoq-6g3ya-2,ib_hw_counter,rdma_vf_rail2,packet_seq_err,0
2026-09-30T07:13:50.521Z,gpu-3uwoq-6g3ya-2,ib_hw_counter,rdma_vf_rail2,local_ack_timeout_err,0
2026-09-30T07:13:50.521Z,gpu-3uwoq-6g3ya-2,ib_hw_counter,rdma_vf_rail2,rx_write_requests,7.11202e+08
2026-09-30T07:13:50.521Z,gpu-3uwoq-6g3ya-2,ib_hw_counter,rdma_vf_rail2,rx_read_requests,1.241e+07
2026-09-30T07:13:50.521Z,gpu-3uwoq-6g3ya-2,ib_hw_counter,rdma_vf_rail2,req_cqe_error,0
2026-09-30T07:13:50.521Z,gpu-3uwoq-6g3ya-2,ib_hw_counter,rdma_vf_rail2,resp_cqe_error,0
2026-09-30T07:13:50.521Z,gpu-3uwoq-6g3ya-2,ib_hw_counter,rdma_vf_rail2,implied_nak_seq_err,0
2026-09-30T07:13:50.521Z,gpu-3uwoq-6g3ya-2,ib_hw_counter,rdma_vf_rail2,duplicate_request,0
2026-09-30T07:13:50.521Z,gpu-3uwoq-6g3ya-2,ib_counter,rdma_vf_rail3,port_xmit_data,3.026e+12
2026-09-30T07:13:50.521Z,gpu-3uwoq-6g3ya-2,ib_counter,rdma_vf_rail3,port_rcv_data,5.98622e+12
2026-09-30T07:13:50.521Z,gpu-3uwoq-6g3ya-2,ib_counter,rdma_vf_rail3,port_xmit_packets,1.01861e+09
2026-09-30T07:13:50.521Z,gpu-3uwoq-6g3ya-2,ib_counter,rdma_vf_rail3,port_rcv_packets,1.65278e+09
2026-09-30T07:13:50.521Z,gpu-3uwoq-6g3ya-2,ib_counter,rdma_vf_rail3,port_xmit_wait,0
2026-09-30T07:13:50.521Z,gpu-3uwoq-6g3ya-2,ib_counter,rdma_vf_rail3,port_rcv_errors,0
2026-09-30T07:13:50.521Z,gpu-3uwoq-6g3ya-2,ib_counter,rdma_vf_rail3,port_xmit_discards,0
2026-09-30T07:13:50.521Z,gpu-3uwoq-6g3ya-2,ib_counter,rdma_vf_rail3,link_downed,0
2026-09-30T07:13:50.521Z,gpu-3uwoq-6g3ya-2,ib_hw_counter,rdma_vf_rail3,out_of_sequence,7
2026-09-30T07:13:50.521Z,gpu-3uwoq-6g3ya-2,ib_hw_counter,rdma_vf_rail3,packet_seq_err,1
2026-09-30T07:13:50.521Z,gpu-3uwoq-6g3ya-2,ib_hw_counter,rdma_vf_rail3,local_ack_timeout_err,0
2026-09-30T07:13:50.521Z,gpu-3uwoq-6g3ya-2,ib_hw_counter,rdma_vf_rail3,rx_write_requests,7.11202e+08
2026-09-30T07:13:50.521Z,gpu-3uwoq-6g3ya-2,ib_hw_counter,rdma_vf_rail3,rx_read_requests,1.241e+07
2026-09-30T07:13:50.521Z,gpu-3uwoq-6g3ya-2,ib_hw_counter,rdma_vf_rail3,req_cqe_error,0
2026-09-30T07:13:50.521Z,gpu-3uwoq-6g3ya-2,ib_hw_counter,rdma_vf_rail3,resp_cqe_error,0
2026-09-30T07:13:50.521Z,gpu-3uwoq-6g3ya-2,ib_hw_counter,rdma_vf_rail3,implied_nak_seq_err,0
2026-09-30T07:13:50.521Z,gpu-3uwoq-6g3ya-2,ib_hw_counter,rdma_vf_rail3,duplicate_request,0
2026-09-30T07:13:50.521Z,gpu-3uwoq-6g3ya-2,dcgm,gpu2,gpu_util,0
2026-09-30T07:13:50.521Z,gpu-3uwoq-6g3ya-2,dcgm,gpu3,gpu_util,0
2026-09-30T07:13:50.521Z,gpu-3uwoq-6g3ya-2,dcgm,gpu1,gpu_util,0
2026-09-30T07:13:50.521Z,gpu-3uwoq-6g3ya-2,dcgm,gpu0,gpu_util,0
2026-09-30T07:13:50.521Z,gpu-3uwoq-6g3ya-2,dcgm,gpu2,nvlink_bandwidth_total,0
2026-09-30T07:13:50.521Z,gpu-3uwoq-6g3ya-2,dcgm,gpu3,nvlink_bandwidth_total,0
2026-09-30T07:13:50.521Z,gpu-3uwoq-6g3ya-2,dcgm,gpu1,nvlink_bandwidth_total,0
2026-09-30T07:13:50.521Z,gpu-3uwoq-6g3ya-2,dcgm,gpu0,nvlink_bandwidth_total,0
2026-09-30T07:13:50.521Z,gpu-3uwoq-6g3ya-2,dcgm,gpu2,power_w,230.943
2026-09-30T07:13:50.521Z,gpu-3uwoq-6g3ya-2,dcgm,gpu3,power_w,233.861
2026-09-30T07:13:50.521Z,gpu-3uwoq-6g3ya-2,dcgm,gpu1,power_w,230.031
2026-09-30T07:13:50.521Z,gpu-3uwoq-6g3ya-2,dcgm,gpu0,power_w,226.432
2026-09-30T07:13:50.521Z,gpu-3uwoq-6g3ya-2,dcgm,gpu2,sm_clock_mhz,2070
2026-09-30T07:13:50.521Z,gpu-3uwoq-6g3ya-2,dcgm,gpu3,sm_clock_mhz,2070
2026-09-30T07:13:50.521Z,gpu-3uwoq-6g3ya-2,dcgm,gpu1,sm_clock_mhz,2070
2026-09-30T07:13:50.521Z,gpu-3uwoq-6g3ya-2,dcgm,gpu0,sm_clock_mhz,2070
2026-09-30T07:13:50.521Z,gpu-3uwoq-6g3ya-2,dcgm,gpu2,dram_active,0
2026-09-30T07:13:50.521Z,gpu-3uwoq-6g3ya-2,dcgm,gpu3,dram_active,0
2026-09-30T07:13:50.521Z,gpu-3uwoq-6g3ya-2,dcgm,gpu1,dram_active,0
2026-09-30T07:13:50.521Z,gpu-3uwoq-6g3ya-2,dcgm,gpu0,dram_active,0
2026-09-30T07:13:50.521Z,gpu-3uwoq-6g3ya-2,dcgm,gpu2,pcie_rx_bytes,52573
2026-09-30T07:13:50.521Z,gpu-3uwoq-6g3ya-2,dcgm,gpu3,pcie_rx_bytes,53040
2026-09-30T07:13:50.521Z,gpu-3uwoq-6g3ya-2,dcgm,gpu1,pcie_rx_bytes,61148
2026-09-30T07:13:50.521Z,gpu-3uwoq-6g3ya-2,dcgm,gpu0,pcie_rx_bytes,61199
2026-09-30T07:13:50.521Z,gpu-3uwoq-6g3ya-2,dcgm,gpu2,pcie_tx_bytes,49327
2026-09-30T07:13:50.521Z,gpu-3uwoq-6g3ya-2,dcgm,gpu3,pcie_tx_bytes,49808
2026-09-30T07:13:50.521Z,gpu-3uwoq-6g3ya-2,dcgm,gpu1,pcie_tx_bytes,57899
2026-09-30T07:13:50.521Z,gpu-3uwoq-6g3ya-2,dcgm,gpu0,pcie_tx_bytes,57949
2026-09-30T07:13:50.521Z,gpu-3uwoq-6g3ya-2,dcgm,gpu2,tensor_active,0
2026-09-30T07:13:50.521Z,gpu-3uwoq-6g3ya-2,dcgm,gpu3,tensor_active,0
2026-09-30T07:13:50.521Z,gpu-3uwoq-6g3ya-2,dcgm,gpu1,tensor_active,0
2026-09-30T07:13:50.521Z,gpu-3uwoq-6g3ya-2,dcgm,gpu0,tensor_active,0
2026-09-30T07:13:50.521Z,gpu-3uwoq-6g3ya-2,dcgm,gpu2,sm_active,0
2026-09-30T07:13:50.521Z,gpu-3uwoq-6g3ya-2,dcgm,gpu3,sm_active,0.020624
2026-09-30T07:13:50.521Z,gpu-3uwoq-6g3ya-2,dcgm,gpu1,sm_active,0
2026-09-30T07:13:50.521Z,gpu-3uwoq-6g3ya-2,dcgm,gpu0,sm_active,0
2026-09-30T07:13:50.521Z,gpu-3uwoq-6g3ya-2,nvlink,gpu0,nvlink_rx_bytes,4.84459e+13
2026-09-30T07:13:50.521Z,gpu-3uwoq-6g3ya-2,nvlink,gpu0,nvlink_tx_bytes,4.84493e+13
2026-09-30T07:13:50.521Z,gpu-3uwoq-6g3ya-2,nvlink,gpu1,nvlink_rx_bytes,4.8648e+13
2026-09-30T07:13:50.521Z,gpu-3uwoq-6g3ya-2,nvlink,gpu1,nvlink_tx_bytes,4.86502e+13
2026-09-30T07:13:50.521Z,gpu-3uwoq-6g3ya-2,nvlink,gpu2,nvlink_rx_bytes,4.84828e+13
2026-09-30T07:13:50.521Z,gpu-3uwoq-6g3ya-2,nvlink,gpu2,nvlink_tx_bytes,4.84863e+13
2026-09-30T07:13:50.521Z,gpu-3uwoq-6g3ya-2,nvlink,gpu3,nvlink_rx_bytes,4.83797e+13
2026-09-30T07:13:50.521Z,gpu-3uwoq-6g3ya-2,nvlink,gpu3,nvlink_tx_bytes,4.83829e+13
2026-09-30T07:13:51.522Z,gpu-3uwoq-6g3ya-2,ib_counter,rdma_vf_rail0,port_xmit_data,3.1619e+12
2026-09-30T07:13:51.522Z,gpu-3uwoq-6g3ya-2,ib_counter,rdma_vf_rail0,port_rcv_data,6.12198e+12
2026-09-30T07:13:51.522Z,gpu-3uwoq-6g3ya-2,ib_counter,rdma_vf_rail0,port_xmit_packets,1.07066e+09
2026-09-30T07:13:51.522Z,gpu-3uwoq-6g3ya-2,ib_counter,rdma_vf_rail0,port_rcv_packets,1.70183e+09
2026-09-30T07:13:51.522Z,gpu-3uwoq-6g3ya-2,ib_counter,rdma_vf_rail0,port_xmit_wait,0
2026-09-30T07:13:51.522Z,gpu-3uwoq-6g3ya-2,ib_counter,rdma_vf_rail0,port_rcv_errors,0
2026-09-30T07:13:51.522Z,gpu-3uwoq-6g3ya-2,ib_counter,rdma_vf_rail0,port_xmit_discards,0
2026-09-30T07:13:51.522Z,gpu-3uwoq-6g3ya-2,ib_counter,rdma_vf_rail0,link_downed,0
2026-09-30T07:13:51.522Z,gpu-3uwoq-6g3ya-2,ib_hw_counter,rdma_vf_rail0,out_of_sequence,8
2026-09-30T07:13:51.522Z,gpu-3uwoq-6g3ya-2,ib_hw_counter,rdma_vf_rail0,packet_seq_err,0
2026-09-30T07:13:51.522Z,gpu-3uwoq-6g3ya-2,ib_hw_counter,rdma_vf_rail0,local_ack_timeout_err,0
2026-09-30T07:13:51.522Z,gpu-3uwoq-6g3ya-2,ib_hw_counter,rdma_vf_rail0,rx_write_requests,7.13227e+08
2026-09-30T07:13:51.522Z,gpu-3uwoq-6g3ya-2,ib_hw_counter,rdma_vf_rail0,rx_read_requests,1.34187e+07
2026-09-30T07:13:51.522Z,gpu-3uwoq-6g3ya-2,ib_hw_counter,rdma_vf_rail0,req_cqe_error,0
2026-09-30T07:13:51.522Z,gpu-3uwoq-6g3ya-2,ib_hw_counter,rdma_vf_rail0,resp_cqe_error,0
2026-09-30T07:13:51.522Z,gpu-3uwoq-6g3ya-2,ib_hw_counter,rdma_vf_rail0,implied_nak_seq_err,0
2026-09-30T07:13:51.522Z,gpu-3uwoq-6g3ya-2,ib_hw_counter,rdma_vf_rail0,duplicate_request,0
2026-09-30T07:13:51.522Z,gpu-3uwoq-6g3ya-2,ib_counter,rdma_vf_rail1,port_xmit_data,3.05371e+12
2026-09-30T07:13:51.522Z,gpu-3uwoq-6g3ya-2,ib_counter,rdma_vf_rail1,port_rcv_data,6.01387e+12
2026-09-30T07:13:51.522Z,gpu-3uwoq-6g3ya-2,ib_counter,rdma_vf_rail1,port_xmit_packets,1.03795e+09
2026-09-30T07:13:51.522Z,gpu-3uwoq-6g3ya-2,ib_counter,rdma_vf_rail1,port_rcv_packets,1.66932e+09
2026-09-30T07:13:51.522Z,gpu-3uwoq-6g3ya-2,ib_counter,rdma_vf_rail1,port_xmit_wait,0
2026-09-30T07:13:51.522Z,gpu-3uwoq-6g3ya-2,ib_counter,rdma_vf_rail1,port_rcv_errors,0
2026-09-30T07:13:51.522Z,gpu-3uwoq-6g3ya-2,ib_counter,rdma_vf_rail1,port_xmit_discards,0
2026-09-30T07:13:51.522Z,gpu-3uwoq-6g3ya-2,ib_counter,rdma_vf_rail1,link_downed,0
2026-09-30T07:13:51.522Z,gpu-3uwoq-6g3ya-2,ib_hw_counter,rdma_vf_rail1,out_of_sequence,8
2026-09-30T07:13:51.522Z,gpu-3uwoq-6g3ya-2,ib_hw_counter,rdma_vf_rail1,packet_seq_err,0
2026-09-30T07:13:51.522Z,gpu-3uwoq-6g3ya-2,ib_hw_counter,rdma_vf_rail1,local_ack_timeout_err,0
2026-09-30T07:13:51.522Z,gpu-3uwoq-6g3ya-2,ib_hw_counter,rdma_vf_rail1,rx_write_requests,7.11635e+08
2026-09-30T07:13:51.522Z,gpu-3uwoq-6g3ya-2,ib_hw_counter,rdma_vf_rail1,rx_read_requests,1.26179e+07
2026-09-30T07:13:51.522Z,gpu-3uwoq-6g3ya-2,ib_hw_counter,rdma_vf_rail1,req_cqe_error,0
2026-09-30T07:13:51.522Z,gpu-3uwoq-6g3ya-2,ib_hw_counter,rdma_vf_rail1,resp_cqe_error,0
2026-09-30T07:13:51.522Z,gpu-3uwoq-6g3ya-2,ib_hw_counter,rdma_vf_rail1,implied_nak_seq_err,0
2026-09-30T07:13:51.522Z,gpu-3uwoq-6g3ya-2,ib_hw_counter,rdma_vf_rail1,duplicate_request,0
2026-09-30T07:13:51.522Z,gpu-3uwoq-6g3ya-2,ib_counter,rdma_vf_rail2,port_xmit_data,3.02614e+12
2026-09-30T07:13:51.522Z,gpu-3uwoq-6g3ya-2,ib_counter,rdma_vf_rail2,port_rcv_data,5.98562e+12
2026-09-30T07:13:51.522Z,gpu-3uwoq-6g3ya-2,ib_counter,rdma_vf_rail2,port_xmit_packets,1.02027e+09
2026-09-30T07:13:51.522Z,gpu-3uwoq-6g3ya-2,ib_counter,rdma_vf_rail2,port_rcv_packets,1.64539e+09
2026-09-30T07:13:51.522Z,gpu-3uwoq-6g3ya-2,ib_counter,rdma_vf_rail2,port_xmit_wait,0
2026-09-30T07:13:51.522Z,gpu-3uwoq-6g3ya-2,ib_counter,rdma_vf_rail2,port_rcv_errors,0
2026-09-30T07:13:51.522Z,gpu-3uwoq-6g3ya-2,ib_counter,rdma_vf_rail2,port_xmit_discards,0
2026-09-30T07:13:51.522Z,gpu-3uwoq-6g3ya-2,ib_counter,rdma_vf_rail2,link_downed,0
2026-09-30T07:13:51.522Z,gpu-3uwoq-6g3ya-2,ib_hw_counter,rdma_vf_rail2,out_of_sequence,8
2026-09-30T07:13:51.522Z,gpu-3uwoq-6g3ya-2,ib_hw_counter,rdma_vf_rail2,packet_seq_err,0
2026-09-30T07:13:51.522Z,gpu-3uwoq-6g3ya-2,ib_hw_counter,rdma_vf_rail2,local_ack_timeout_err,0
2026-09-30T07:13:51.522Z,gpu-3uwoq-6g3ya-2,ib_hw_counter,rdma_vf_rail2,rx_write_requests,7.11202e+08
2026-09-30T07:13:51.522Z,gpu-3uwoq-6g3ya-2,ib_hw_counter,rdma_vf_rail2,rx_read_requests,1.241e+07
2026-09-30T07:13:51.522Z,gpu-3uwoq-6g3ya-2,ib_hw_counter,rdma_vf_rail2,req_cqe_error,0
2026-09-30T07:13:51.522Z,gpu-3uwoq-6g3ya-2,ib_hw_counter,rdma_vf_rail2,resp_cqe_error,0
2026-09-30T07:13:51.522Z,gpu-3uwoq-6g3ya-2,ib_hw_counter,rdma_vf_rail2,implied_nak_seq_err,0
2026-09-30T07:13:51.522Z,gpu-3uwoq-6g3ya-2,ib_hw_counter,rdma_vf_rail2,duplicate_request,0
2026-09-30T07:13:51.522Z,gpu-3uwoq-6g3ya-2,ib_counter,rdma_vf_rail3,port_xmit_data,3.026e+12
2026-09-30T07:13:51.522Z,gpu-3uwoq-6g3ya-2,ib_counter,rdma_vf_rail3,port_rcv_data,5.98622e+12
2026-09-30T07:13:51.522Z,gpu-3uwoq-6g3ya-2,ib_counter,rdma_vf_rail3,port_xmit_packets,1.01861e+09
2026-09-30T07:13:51.522Z,gpu-3uwoq-6g3ya-2,ib_counter,rdma_vf_rail3,port_rcv_packets,1.65278e+09
2026-09-30T07:13:51.522Z,gpu-3uwoq-6g3ya-2,ib_counter,rdma_vf_rail3,port_xmit_wait,0
2026-09-30T07:13:51.522Z,gpu-3uwoq-6g3ya-2,ib_counter,rdma_vf_rail3,port_rcv_errors,0
2026-09-30T07:13:51.522Z,gpu-3uwoq-6g3ya-2,ib_counter,rdma_vf_rail3,port_xmit_discards,0
2026-09-30T07:13:51.522Z,gpu-3uwoq-6g3ya-2,ib_counter,rdma_vf_rail3,link_downed,0
2026-09-30T07:13:51.522Z,gpu-3uwoq-6g3ya-2,ib_hw_counter,rdma_vf_rail3,out_of_sequence,7
2026-09-30T07:13:51.522Z,gpu-3uwoq-6g3ya-2,ib_hw_counter,rdma_vf_rail3,packet_seq_err,1
2026-09-30T07:13:51.522Z,gpu-3uwoq-6g3ya-2,ib_hw_counter,rdma_vf_rail3,local_ack_timeout_err,0
2026-09-30T07:13:51.522Z,gpu-3uwoq-6g3ya-2,ib_hw_counter,rdma_vf_rail3,rx_write_requests,7.11202e+08
2026-09-30T07:13:51.522Z,gpu-3uwoq-6g3ya-2,ib_hw_counter,rdma_vf_rail3,rx_read_requests,1.241e+07
2026-09-30T07:13:51.522Z,gpu-3uwoq-6g3ya-2,ib_hw_counter,rdma_vf_rail3,req_cqe_error,0
2026-09-30T07:13:51.522Z,gpu-3uwoq-6g3ya-2,ib_hw_counter,rdma_vf_rail3,resp_cqe_error,0
2026-09-30T07:13:51.522Z,gpu-3uwoq-6g3ya-2,ib_hw_counter,rdma_vf_rail3,implied_nak_seq_err,0
2026-09-30T07:13:51.522Z,gpu-3uwoq-6g3ya-2,ib_hw_counter,rdma_vf_rail3,duplicate_request,0
2026-09-30T07:13:51.522Z,gpu-3uwoq-6g3ya-2,dcgm,gpu2,gpu_util,0
2026-09-30T07:13:51.522Z,gpu-3uwoq-6g3ya-2,dcgm,gpu3,gpu_util,0
2026-09-30T07:13:51.522Z,gpu-3uwoq-6g3ya-2,dcgm,gpu1,gpu_util,0
2026-09-30T07:13:51.522Z,gpu-3uwoq-6g3ya-2,dcgm,gpu0,gpu_util,0
2026-09-30T07:13:51.522Z,gpu-3uwoq-6g3ya-2,dcgm,gpu2,nvlink_bandwidth_total,0
2026-09-30T07:13:51.522Z,gpu-3uwoq-6g3ya-2,dcgm,gpu3,nvlink_bandwidth_total,0
2026-09-30T07:13:51.522Z,gpu-3uwoq-6g3ya-2,dcgm,gpu1,nvlink_bandwidth_total,0
2026-09-30T07:13:51.522Z,gpu-3uwoq-6g3ya-2,dcgm,gpu0,nvlink_bandwidth_total,0
2026-09-30T07:13:51.522Z,gpu-3uwoq-6g3ya-2,dcgm,gpu2,power_w,230.943
2026-09-30T07:13:51.522Z,gpu-3uwoq-6g3ya-2,dcgm,gpu3,power_w,233.861
2026-09-30T07:13:51.522Z,gpu-3uwoq-6g3ya-2,dcgm,gpu1,power_w,230.031
2026-09-30T07:13:51.522Z,gpu-3uwoq-6g3ya-2,dcgm,gpu0,power_w,226.432
2026-09-30T07:13:51.522Z,gpu-3uwoq-6g3ya-2,dcgm,gpu2,sm_clock_mhz,2070
2026-09-30T07:13:51.522Z,gpu-3uwoq-6g3ya-2,dcgm,gpu3,sm_clock_mhz,2070
2026-09-30T07:13:51.522Z,gpu-3uwoq-6g3ya-2,dcgm,gpu1,sm_clock_mhz,2070
2026-09-30T07:13:51.522Z,gpu-3uwoq-6g3ya-2,dcgm,gpu0,sm_clock_mhz,2070
2026-09-30T07:13:51.522Z,gpu-3uwoq-6g3ya-2,dcgm,gpu2,dram_active,0
2026-09-30T07:13:51.522Z,gpu-3uwoq-6g3ya-2,dcgm,gpu3,dram_active,0
2026-09-30T07:13:51.522Z,gpu-3uwoq-6g3ya-2,dcgm,gpu1,dram_active,0
2026-09-30T07:13:51.522Z,gpu-3uwoq-6g3ya-2,dcgm,gpu0,dram_active,0
2026-09-30T07:13:51.522Z,gpu-3uwoq-6g3ya-2,dcgm,gpu2,pcie_rx_bytes,52573
2026-09-30T07:13:51.522Z,gpu-3uwoq-6g3ya-2,dcgm,gpu3,pcie_rx_bytes,53040
2026-09-30T07:13:51.522Z,gpu-3uwoq-6g3ya-2,dcgm,gpu1,pcie_rx_bytes,61148
2026-09-30T07:13:51.522Z,gpu-3uwoq-6g3ya-2,dcgm,gpu0,pcie_rx_bytes,61199
2026-09-30T07:13:51.522Z,gpu-3uwoq-6g3ya-2,dcgm,gpu2,pcie_tx_bytes,49327
2026-09-30T07:13:51.522Z,gpu-3uwoq-6g3ya-2,dcgm,gpu3,pcie_tx_bytes,49808
2026-09-30T07:13:51.522Z,gpu-3uwoq-6g3ya-2,dcgm,gpu1,pcie_tx_bytes,57899
2026-09-30T07:13:51.522Z,gpu-3uwoq-6g3ya-2,dcgm,gpu0,pcie_tx_bytes,57949
2026-09-30T07:13:51.522Z,gpu-3uwoq-6g3ya-2,dcgm,gpu2,tensor_active,0
2026-09-30T07:13:51.522Z,gpu-3uwoq-6g3ya-2,dcgm,gpu3,tensor_active,0
2026-09-30T07:13:51.522Z,gpu-3uwoq-6g3ya-2,dcgm,gpu1,tensor_active,0
2026-09-30T07:13:51.522Z,gpu-3uwoq-6g3ya-2,dcgm,gpu0,tensor_active,0
2026-09-30T07:13:51.522Z,gpu-3uwoq-6g3ya-2,dcgm,gpu2,sm_active,0
2026-09-30T07:13:51.522Z,gpu-3uwoq-6g3ya-2,dcgm,gpu3,sm_active,0
2026-09-30T07:13:51.522Z,gpu-3uwoq-6g3ya-2,dcgm,gpu1,sm_active,0
2026-09-30T07:13:51.522Z,gpu-3uwoq-6g3ya-2,dcgm,gpu0,sm_active,0
2026-09-30T07:13:51.522Z,gpu-3uwoq-6g3ya-2,nvlink,gpu0,nvlink_rx_bytes,4.84459e+13
2026-09-30T07:13:51.522Z,gpu-3uwoq-6g3ya-2,nvlink,gpu0,nvlink_tx_bytes,4.84493e+13
2026-09-30T07:13:51.522Z,gpu-3uwoq-6g3ya-2,nvlink,gpu1,nvlink_rx_bytes,4.8648e+13
2026-09-30T07:13:51.522Z,gpu-3uwoq-6g3ya-2,nvlink,gpu1,nvlink_tx_bytes,4.86502e+13
2026-09-30T07:13:51.522Z,gpu-3uwoq-6g3ya-2,nvlink,gpu2,nvlink_rx_bytes,4.84828e+13
2026-09-30T07:13:51.522Z,gpu-3uwoq-6g3ya-2,nvlink,gpu2,nvlink_tx_bytes,4.84863e+13
2026-09-30T07:13:51.522Z,gpu-3uwoq-6g3ya-2,nvlink,gpu3,nvlink_rx_bytes,4.83797e+13
2026-09-30T07:13:51.522Z,gpu-3uwoq-6g3ya-2,nvlink,gpu3,nvlink_tx_bytes,4.83829e+13
2026-09-30T07:13:52.522Z,gpu-3uwoq-6g3ya-2,ib_counter,rdma_vf_rail0,port_xmit_data,3.1619e+12
2026-09-30T07:13:52.522Z,gpu-3uwoq-6g3ya-2,ib_counter,rdma_vf_rail0,port_rcv_data,6.12198e+12
2026-09-30T07:13:52.522Z,gpu-3uwoq-6g3ya-2,ib_counter,rdma_vf_rail0,port_xmit_packets,1.07066e+09
2026-09-30T07:13:52.522Z,gpu-3uwoq-6g3ya-2,ib_counter,rdma_vf_rail0,port_rcv_packets,1.70183e+09
2026-09-30T07:13:52.522Z,gpu-3uwoq-6g3ya-2,ib_counter,rdma_vf_rail0,port_xmit_wait,0
2026-09-30T07:13:52.522Z,gpu-3uwoq-6g3ya-2,ib_counter,rdma_vf_rail0,port_rcv_errors,0
2026-09-30T07:13:52.522Z,gpu-3uwoq-6g3ya-2,ib_counter,rdma_vf_rail0,port_xmit_discards,0
2026-09-30T07:13:52.522Z,gpu-3uwoq-6g3ya-2,ib_counter,rdma_vf_rail0,link_downed,0
2026-09-30T07:13:52.522Z,gpu-3uwoq-6g3ya-2,ib_hw_counter,rdma_vf_rail0,out_of_sequence,8
2026-09-30T07:13:52.522Z,gpu-3uwoq-6g3ya-2,ib_hw_counter,rdma_vf_rail0,packet_seq_err,0
2026-09-30T07:13:52.522Z,gpu-3uwoq-6g3ya-2,ib_hw_counter,rdma_vf_rail0,local_ack_timeout_err,0
2026-09-30T07:13:52.522Z,gpu-3uwoq-6g3ya-2,ib_hw_counter,rdma_vf_rail0,rx_write_requests,7.13227e+08
2026-09-30T07:13:52.522Z,gpu-3uwoq-6g3ya-2,ib_hw_counter,rdma_vf_rail0,rx_read_requests,1.34187e+07
2026-09-30T07:13:52.522Z,gpu-3uwoq-6g3ya-2,ib_hw_counter,rdma_vf_rail0,req_cqe_error,0
2026-09-30T07:13:52.522Z,gpu-3uwoq-6g3ya-2,ib_hw_counter,rdma_vf_rail0,resp_cqe_error,0
2026-09-30T07:13:52.522Z,gpu-3uwoq-6g3ya-2,ib_hw_counter,rdma_vf_rail0,implied_nak_seq_err,0
2026-09-30T07:13:52.522Z,gpu-3uwoq-6g3ya-2,ib_hw_counter,rdma_vf_rail0,duplicate_request,0
2026-09-30T07:13:52.522Z,gpu-3uwoq-6g3ya-2,ib_counter,rdma_vf_rail1,port_xmit_data,3.05371e+12
2026-09-30T07:13:52.522Z,gpu-3uwoq-6g3ya-2,ib_counter,rdma_vf_rail1,port_rcv_data,6.01387e+12
2026-09-30T07:13:52.522Z,gpu-3uwoq-6g3ya-2,ib_counter,rdma_vf_rail1,port_xmit_packets,1.03795e+09
2026-09-30T07:13:52.522Z,gpu-3uwoq-6g3ya-2,ib_counter,rdma_vf_rail1,port_rcv_packets,1.66932e+09
2026-09-30T07:13:52.522Z,gpu-3uwoq-6g3ya-2,ib_counter,rdma_vf_rail1,port_xmit_wait,0
2026-09-30T07:13:52.522Z,gpu-3uwoq-6g3ya-2,ib_counter,rdma_vf_rail1,port_rcv_errors,0
2026-09-30T07:13:52.522Z,gpu-3uwoq-6g3ya-2,ib_counter,rdma_vf_rail1,port_xmit_discards,0
2026-09-30T07:13:52.522Z,gpu-3uwoq-6g3ya-2,ib_counter,rdma_vf_rail1,link_downed,0
2026-09-30T07:13:52.522Z,gpu-3uwoq-6g3ya-2,ib_hw_counter,rdma_vf_rail1,out_of_sequence,8
2026-09-30T07:13:52.522Z,gpu-3uwoq-6g3ya-2,ib_hw_counter,rdma_vf_rail1,packet_seq_err,0
2026-09-30T07:13:52.522Z,gpu-3uwoq-6g3ya-2,ib_hw_counter,rdma_vf_rail1,local_ack_timeout_err,0
2026-09-30T07:13:52.522Z,gpu-3uwoq-6g3ya-2,ib_hw_counter,rdma_vf_rail1,rx_write_requests,7.11635e+08
2026-09-30T07:13:52.522Z,gpu-3uwoq-6g3ya-2,ib_hw_counter,rdma_vf_rail1,rx_read_requests,1.26179e+07
2026-09-30T07:13:52.522Z,gpu-3uwoq-6g3ya-2,ib_hw_counter,rdma_vf_rail1,req_cqe_error,0
2026-09-30T07:13:52.522Z,gpu-3uwoq-6g3ya-2,ib_hw_counter,rdma_vf_rail1,resp_cqe_error,0
2026-09-30T07:13:52.522Z,gpu-3uwoq-6g3ya-2,ib_hw_counter,rdma_vf_rail1,implied_nak_seq_err,0
2026-09-30T07:13:52.522Z,gpu-3uwoq-6g3ya-2,ib_hw_counter,rdma_vf_rail1,duplicate_request,0
2026-09-30T07:13:52.522Z,gpu-3uwoq-6g3ya-2,ib_counter,rdma_vf_rail2,port_xmit_data,3.02614e+12
2026-09-30T07:13:52.522Z,gpu-3uwoq-6g3ya-2,ib_counter,rdma_vf_rail2,port_rcv_data,5.98562e+12
2026-09-30T07:13:52.522Z,gpu-3uwoq-6g3ya-2,ib_counter,rdma_vf_rail2,port_xmit_packets,1.02027e+09
2026-09-30T07:13:52.522Z,gpu-3uwoq-6g3ya-2,ib_counter,rdma_vf_rail2,port_rcv_packets,1.64539e+09
2026-09-30T07:13:52.522Z,gpu-3uwoq-6g3ya-2,ib_counter,rdma_vf_rail2,port_xmit_wait,0
2026-09-30T07:13:52.522Z,gpu-3uwoq-6g3ya-2,ib_counter,rdma_vf_rail2,port_rcv_errors,0
2026-09-30T07:13:52.522Z,gpu-3uwoq-6g3ya-2,ib_counter,rdma_vf_rail2,port_xmit_discards,0
2026-09-30T07:13:52.522Z,gpu-3uwoq-6g3ya-2,ib_counter,rdma_vf_rail2,link_downed,0
2026-09-30T07:13:52.522Z,gpu-3uwoq-6g3ya-2,ib_hw_counter,rdma_vf_rail2,out_of_sequence,8
2026-09-30T07:13:52.522Z,gpu-3uwoq-6g3ya-2,ib_hw_counter,rdma_vf_rail2,packet_seq_err,0
2026-09-30T07:13:52.522Z,gpu-3uwoq-6g3ya-2,ib_hw_counter,rdma_vf_rail2,local_ack_timeout_err,0
2026-09-30T07:13:52.522Z,gpu-3uwoq-6g3ya-2,ib_hw_counter,rdma_vf_rail2,rx_write_requests,7.11202e+08
2026-09-30T07:13:52.522Z,gpu-3uwoq-6g3ya-2,ib_hw_counter,rdma_vf_rail2,rx_read_requests,1.241e+07
2026-09-30T07:13:52.522Z,gpu-3uwoq-6g3ya-2,ib_hw_counter,rdma_vf_rail2,req_cqe_error,0
2026-09-30T07:13:52.522Z,gpu-3uwoq-6g3ya-2,ib_hw_counter,rdma_vf_rail2,resp_cqe_error,0
2026-09-30T07:13:52.522Z,gpu-3uwoq-6g3ya-2,ib_hw_counter,rdma_vf_rail2,implied_nak_seq_err,0
2026-09-30T07:13:52.522Z,gpu-3uwoq-6g3ya-2,ib_hw_counter,rdma_vf_rail2,duplicate_request,0
2026-09-30T07:13:52.522Z,gpu-3uwoq-6g3ya-2,ib_counter,rdma_vf_rail3,port_xmit_data,3.026e+12
2026-09-30T07:13:52.522Z,gpu-3uwoq-6g3ya-2,ib_counter,rdma_vf_rail3,port_rcv_data,5.98622e+12
2026-09-30T07:13:52.522Z,gpu-3uwoq-6g3ya-2,ib_counter,rdma_vf_rail3,port_xmit_packets,1.01861e+09
2026-09-30T07:13:52.522Z,gpu-3uwoq-6g3ya-2,ib_counter,rdma_vf_rail3,port_rcv_packets,1.65278e+09
2026-09-30T07:13:52.522Z,gpu-3uwoq-6g3ya-2,ib_counter,rdma_vf_rail3,port_xmit_wait,0
2026-09-30T07:13:52.522Z,gpu-3uwoq-6g3ya-2,ib_counter,rdma_vf_rail3,port_rcv_errors,0
2026-09-30T07:13:52.522Z,gpu-3uwoq-6g3ya-2,ib_counter,rdma_vf_rail3,port_xmit_discards,0
2026-09-30T07:13:52.522Z,gpu-3uwoq-6g3ya-2,ib_counter,rdma_vf_rail3,link_downed,0
2026-09-30T07:13:52.522Z,gpu-3uwoq-6g3ya-2,ib_hw_counter,rdma_vf_rail3,out_of_sequence,7
2026-09-30T07:13:52.522Z,gpu-3uwoq-6g3ya-2,ib_hw_counter,rdma_vf_rail3,packet_seq_err,1
2026-09-30T07:13:52.522Z,gpu-3uwoq-6g3ya-2,ib_hw_counter,rdma_vf_rail3,local_ack_timeout_err,0
2026-09-30T07:13:52.522Z,gpu-3uwoq-6g3ya-2,ib_hw_counter,rdma_vf_rail3,rx_write_requests,7.11202e+08
2026-09-30T07:13:52.522Z,gpu-3uwoq-6g3ya-2,ib_hw_counter,rdma_vf_rail3,rx_read_requests,1.241e+07
2026-09-30T07:13:52.522Z,gpu-3uwoq-6g3ya-2,ib_hw_counter,rdma_vf_rail3,req_cqe_error,0
2026-09-30T07:13:52.522Z,gpu-3uwoq-6g3ya-2,ib_hw_counter,rdma_vf_rail3,resp_cqe_error,0
2026-09-30T07:13:52.522Z,gpu-3uwoq-6g3ya-2,ib_hw_counter,rdma_vf_rail3,implied_nak_seq_err,0
2026-09-30T07:13:52.522Z,gpu-3uwoq-6g3ya-2,ib_hw_counter,rdma_vf_rail3,duplicate_request,0
2026-09-30T07:13:52.522Z,gpu-3uwoq-6g3ya-2,dcgm,gpu2,gpu_util,0
2026-09-30T07:13:52.522Z,gpu-3uwoq-6g3ya-2,dcgm,gpu3,gpu_util,0
2026-09-30T07:13:52.522Z,gpu-3uwoq-6g3ya-2,dcgm,gpu1,gpu_util,0
2026-09-30T07:13:52.522Z,gpu-3uwoq-6g3ya-2,dcgm,gpu0,gpu_util,0
2026-09-30T07:13:52.522Z,gpu-3uwoq-6g3ya-2,dcgm,gpu2,nvlink_bandwidth_total,0
2026-09-30T07:13:52.522Z,gpu-3uwoq-6g3ya-2,dcgm,gpu3,nvlink_bandwidth_total,0
2026-09-30T07:13:52.522Z,gpu-3uwoq-6g3ya-2,dcgm,gpu1,nvlink_bandwidth_total,0
2026-09-30T07:13:52.522Z,gpu-3uwoq-6g3ya-2,dcgm,gpu0,nvlink_bandwidth_total,0
2026-09-30T07:13:52.522Z,gpu-3uwoq-6g3ya-2,dcgm,gpu2,power_w,230.943
2026-09-30T07:13:52.522Z,gpu-3uwoq-6g3ya-2,dcgm,gpu3,power_w,233.861
2026-09-30T07:13:52.522Z,gpu-3uwoq-6g3ya-2,dcgm,gpu1,power_w,230.031
2026-09-30T07:13:52.522Z,gpu-3uwoq-6g3ya-2,dcgm,gpu0,power_w,226.432
2026-09-30T07:13:52.522Z,gpu-3uwoq-6g3ya-2,dcgm,gpu2,sm_clock_mhz,2070
2026-09-30T07:13:52.522Z,gpu-3uwoq-6g3ya-2,dcgm,gpu3,sm_clock_mhz,2070
2026-09-30T07:13:52.522Z,gpu-3uwoq-6g3ya-2,dcgm,gpu1,sm_clock_mhz,2070
2026-09-30T07:13:52.522Z,gpu-3uwoq-6g3ya-2,dcgm,gpu0,sm_clock_mhz,2070
2026-09-30T07:13:52.522Z,gpu-3uwoq-6g3ya-2,dcgm,gpu2,dram_active,0
2026-09-30T07:13:52.522Z,gpu-3uwoq-6g3ya-2,dcgm,gpu3,dram_active,0
2026-09-30T07:13:52.522Z,gpu-3uwoq-6g3ya-2,dcgm,gpu1,dram_active,0
2026-09-30T07:13:52.522Z,gpu-3uwoq-6g3ya-2,dcgm,gpu0,dram_active,0
2026-09-30T07:13:52.522Z,gpu-3uwoq-6g3ya-2,dcgm,gpu2,pcie_rx_bytes,52573
2026-09-30T07:13:52.522Z,gpu-3uwoq-6g3ya-2,dcgm,gpu3,pcie_rx_bytes,53040
2026-09-30T07:13:52.522Z,gpu-3uwoq-6g3ya-2,dcgm,gpu1,pcie_rx_bytes,61148
2026-09-30T07:13:52.522Z,gpu-3uwoq-6g3ya-2,dcgm,gpu0,pcie_rx_bytes,61199
2026-09-30T07:13:52.522Z,gpu-3uwoq-6g3ya-2,dcgm,gpu2,pcie_tx_bytes,49327
2026-09-30T07:13:52.522Z,gpu-3uwoq-6g3ya-2,dcgm,gpu3,pcie_tx_bytes,49808
2026-09-30T07:13:52.522Z,gpu-3uwoq-6g3ya-2,dcgm,gpu1,pcie_tx_bytes,57899
2026-09-30T07:13:52.522Z,gpu-3uwoq-6g3ya-2,dcgm,gpu0,pcie_tx_bytes,57949
2026-09-30T07:13:52.522Z,gpu-3uwoq-6g3ya-2,dcgm,gpu2,tensor_active,0
2026-09-30T07:13:52.522Z,gpu-3uwoq-6g3ya-2,dcgm,gpu3,tensor_active,0
2026-09-30T07:13:52.522Z,gpu-3uwoq-6g3ya-2,dcgm,gpu1,tensor_active,0
2026-09-30T07:13:52.522Z,gpu-3uwoq-6g3ya-2,dcgm,gpu0,tensor_active,0
2026-09-30T07:13:52.522Z,gpu-3uwoq-6g3ya-2,dcgm,gpu2,sm_active,0
2026-09-30T07:13:52.522Z,gpu-3uwoq-6g3ya-2,dcgm,gpu3,sm_active,0
2026-09-30T07:13:52.522Z,gpu-3uwoq-6g3ya-2,dcgm,gpu1,sm_active,0
2026-09-30T07:13:52.522Z,gpu-3uwoq-6g3ya-2,dcgm,gpu0,sm_active,0
2026-09-30T07:13:52.522Z,gpu-3uwoq-6g3ya-2,nvlink,gpu0,nvlink_rx_bytes,4.84459e+13
2026-09-30T07:13:52.522Z,gpu-3uwoq-6g3ya-2,nvlink,gpu0,nvlink_tx_bytes,4.84493e+13
2026-09-30T07:13:52.522Z,gpu-3uwoq-6g3ya-2,nvlink,gpu1,nvlink_rx_bytes,4.8648e+13
2026-09-30T07:13:52.522Z,gpu-3uwoq-6g3ya-2,nvlink,gpu1,nvlink_tx_bytes,4.86502e+13
2026-09-30T07:13:52.522Z,gpu-3uwoq-6g3ya-2,nvlink,gpu2,nvlink_rx_bytes,4.84828e+13
2026-09-30T07:13:52.522Z,gpu-3uwoq-6g3ya-2,nvlink,gpu2,nvlink_tx_bytes,4.84863e+13
2026-09-30T07:13:52.522Z,gpu-3uwoq-6g3ya-2,nvlink,gpu3,nvlink_rx_bytes,4.83797e+13
2026-09-30T07:13:52.522Z,gpu-3uwoq-6g3ya-2,nvlink,gpu3,nvlink_tx_bytes,4.83829e+13
2026-09-30T07:13:53.522Z,gpu-3uwoq-6g3ya-2,ib_counter,rdma_vf_rail0,port_xmit_data,3.1619e+12
2026-09-30T07:13:53.522Z,gpu-3uwoq-6g3ya-2,ib_counter,rdma_vf_rail0,port_rcv_data,6.12198e+12
2026-09-30T07:13:53.522Z,gpu-3uwoq-6g3ya-2,ib_counter,rdma_vf_rail0,port_xmit_packets,1.07066e+09
2026-09-30T07:13:53.522Z,gpu-3uwoq-6g3ya-2,ib_counter,rdma_vf_rail0,port_rcv_packets,1.70183e+09
2026-09-30T07:13:53.522Z,gpu-3uwoq-6g3ya-2,ib_counter,rdma_vf_rail0,port_xmit_wait,0
2026-09-30T07:13:53.522Z,gpu-3uwoq-6g3ya-2,ib_counter,rdma_vf_rail0,port_rcv_errors,0
2026-09-30T07:13:53.522Z,gpu-3uwoq-6g3ya-2,ib_counter,rdma_vf_rail0,port_xmit_discards,0
2026-09-30T07:13:53.522Z,gpu-3uwoq-6g3ya-2,ib_counter,rdma_vf_rail0,link_downed,0
2026-09-30T07:13:53.522Z,gpu-3uwoq-6g3ya-2,ib_hw_counter,rdma_vf_rail0,out_of_sequence,8
2026-09-30T07:13:53.522Z,gpu-3uwoq-6g3ya-2,ib_hw_counter,rdma_vf_rail0,packet_seq_err,0
2026-09-30T07:13:53.522Z,gpu-3uwoq-6g3ya-2,ib_hw_counter,rdma_vf_rail0,local_ack_timeout_err,0
2026-09-30T07:13:53.522Z,gpu-3uwoq-6g3ya-2,ib_hw_counter,rdma_vf_rail0,rx_write_requests,7.13227e+08
2026-09-30T07:13:53.522Z,gpu-3uwoq-6g3ya-2,ib_hw_counter,rdma_vf_rail0,rx_read_requests,1.34187e+07
2026-09-30T07:13:53.522Z,gpu-3uwoq-6g3ya-2,ib_hw_counter,rdma_vf_rail0,req_cqe_error,0
2026-09-30T07:13:53.522Z,gpu-3uwoq-6g3ya-2,ib_hw_counter,rdma_vf_rail0,resp_cqe_error,0
2026-09-30T07:13:53.522Z,gpu-3uwoq-6g3ya-2,ib_hw_counter,rdma_vf_rail0,implied_nak_seq_err,0
2026-09-30T07:13:53.522Z,gpu-3uwoq-6g3ya-2,ib_hw_counter,rdma_vf_rail0,duplicate_request,0
2026-09-30T07:13:53.522Z,gpu-3uwoq-6g3ya-2,ib_counter,rdma_vf_rail1,port_xmit_data,3.05371e+12
2026-09-30T07:13:53.522Z,gpu-3uwoq-6g3ya-2,ib_counter,rdma_vf_rail1,port_rcv_data,6.01387e+12
2026-09-30T07:13:53.522Z,gpu-3uwoq-6g3ya-2,ib_counter,rdma_vf_rail1,port_xmit_packets,1.03795e+09
2026-09-30T07:13:53.522Z,gpu-3uwoq-6g3ya-2,ib_counter,rdma_vf_rail1,port_rcv_packets,1.66932e+09
2026-09-30T07:13:53.522Z,gpu-3uwoq-6g3ya-2,ib_counter,rdma_vf_rail1,port_xmit_wait,0
2026-09-30T07:13:53.522Z,gpu-3uwoq-6g3ya-2,ib_counter,rdma_vf_rail1,port_rcv_errors,0
2026-09-30T07:13:53.522Z,gpu-3uwoq-6g3ya-2,ib_counter,rdma_vf_rail1,port_xmit_discards,0
2026-09-30T07:13:53.522Z,gpu-3uwoq-6g3ya-2,ib_counter,rdma_vf_rail1,link_downed,0
2026-09-30T07:13:53.522Z,gpu-3uwoq-6g3ya-2,ib_hw_counter,rdma_vf_rail1,out_of_sequence,8
2026-09-30T07:13:53.522Z,gpu-3uwoq-6g3ya-2,ib_hw_counter,rdma_vf_rail1,packet_seq_err,0
2026-09-30T07:13:53.522Z,gpu-3uwoq-6g3ya-2,ib_hw_counter,rdma_vf_rail1,local_ack_timeout_err,0
2026-09-30T07:13:53.522Z,gpu-3uwoq-6g3ya-2,ib_hw_counter,rdma_vf_rail1,rx_write_requests,7.11635e+08
2026-09-30T07:13:53.522Z,gpu-3uwoq-6g3ya-2,ib_hw_counter,rdma_vf_rail1,rx_read_requests,1.26179e+07
2026-09-30T07:13:53.522Z,gpu-3uwoq-6g3ya-2,ib_hw_counter,rdma_vf_rail1,req_cqe_error,0
2026-09-30T07:13:53.522Z,gpu-3uwoq-6g3ya-2,ib_hw_counter,rdma_vf_rail1,resp_cqe_error,0
2026-09-30T07:13:53.522Z,gpu-3uwoq-6g3ya-2,ib_hw_counter,rdma_vf_rail1,implied_nak_seq_err,0
2026-09-30T07:13:53.522Z,gpu-3uwoq-6g3ya-2,ib_hw_counter,rdma_vf_rail1,duplicate_request,0
2026-09-30T07:13:53.522Z,gpu-3uwoq-6g3ya-2,ib_counter,rdma_vf_rail2,port_xmit_data,3.02614e+12
2026-09-30T07:13:53.522Z,gpu-3uwoq-6g3ya-2,ib_counter,rdma_vf_rail2,port_rcv_data,5.98562e+12
2026-09-30T07:13:53.522Z,gpu-3uwoq-6g3ya-2,ib_counter,rdma_vf_rail2,port_xmit_packets,1.02027e+09
2026-09-30T07:13:53.522Z,gpu-3uwoq-6g3ya-2,ib_counter,rdma_vf_rail2,port_rcv_packets,1.64539e+09
2026-09-30T07:13:53.522Z,gpu-3uwoq-6g3ya-2,ib_counter,rdma_vf_rail2,port_xmit_wait,0
2026-09-30T07:13:53.522Z,gpu-3uwoq-6g3ya-2,ib_counter,rdma_vf_rail2,port_rcv_errors,0
2026-09-30T07:13:53.522Z,gpu-3uwoq-6g3ya-2,ib_counter,rdma_vf_rail2,port_xmit_discards,0
2026-09-30T07:13:53.522Z,gpu-3uwoq-6g3ya-2,ib_counter,rdma_vf_rail2,link_downed,0
2026-09-30T07:13:53.522Z,gpu-3uwoq-6g3ya-2,ib_hw_counter,rdma_vf_rail2,out_of_sequence,8
2026-09-30T07:13:53.522Z,gpu-3uwoq-6g3ya-2,ib_hw_counter,rdma_vf_rail2,packet_seq_err,0
2026-09-30T07:13:53.522Z,gpu-3uwoq-6g3ya-2,ib_hw_counter,rdma_vf_rail2,local_ack_timeout_err,0
2026-09-30T07:13:53.522Z,gpu-3uwoq-6g3ya-2,ib_hw_counter,rdma_vf_rail2,rx_write_requests,7.11202e+08
2026-09-30T07:13:53.522Z,gpu-3uwoq-6g3ya-2,ib_hw_counter,rdma_vf_rail2,rx_read_requests,1.241e+07
2026-09-30T07:13:53.522Z,gpu-3uwoq-6g3ya-2,ib_hw_counter,rdma_vf_rail2,req_cqe_error,0
2026-09-30T07:13:53.522Z,gpu-3uwoq-6g3ya-2,ib_hw_counter,rdma_vf_rail2,resp_cqe_error,0
2026-09-30T07:13:53.522Z,gpu-3uwoq-6g3ya-2,ib_hw_counter,rdma_vf_rail2,implied_nak_seq_err,0
2026-09-30T07:13:53.522Z,gpu-3uwoq-6g3ya-2,ib_hw_counter,rdma_vf_rail2,duplicate_request,0
2026-09-30T07:13:53.522Z,gpu-3uwoq-6g3ya-2,ib_counter,rdma_vf_rail3,port_xmit_data,3.026e+12
2026-09-30T07:13:53.522Z,gpu-3uwoq-6g3ya-2,ib_counter,rdma_vf_rail3,port_rcv_data,5.98622e+12
2026-09-30T07:13:53.522Z,gpu-3uwoq-6g3ya-2,ib_counter,rdma_vf_rail3,port_xmit_packets,1.01861e+09
2026-09-30T07:13:53.522Z,gpu-3uwoq-6g3ya-2,ib_counter,rdma_vf_rail3,port_rcv_packets,1.65278e+09
2026-09-30T07:13:53.522Z,gpu-3uwoq-6g3ya-2,ib_counter,rdma_vf_rail3,port_xmit_wait,0
2026-09-30T07:13:53.522Z,gpu-3uwoq-6g3ya-2,ib_counter,rdma_vf_rail3,port_rcv_errors,0
2026-09-30T07:13:53.522Z,gpu-3uwoq-6g3ya-2,ib_counter,rdma_vf_rail3,port_xmit_discards,0
2026-09-30T07:13:53.522Z,gpu-3uwoq-6g3ya-2,ib_counter,rdma_vf_rail3,link_downed,0
2026-09-30T07:13:53.522Z,gpu-3uwoq-6g3ya-2,ib_hw_counter,rdma_vf_rail3,out_of_sequence,7
2026-09-30T07:13:53.522Z,gpu-3uwoq-6g3ya-2,ib_hw_counter,rdma_vf_rail3,packet_seq_err,1
2026-09-30T07:13:53.522Z,gpu-3uwoq-6g3ya-2,ib_hw_counter,rdma_vf_rail3,local_ack_timeout_err,0
2026-09-30T07:13:53.522Z,gpu-3uwoq-6g3ya-2,ib_hw_counter,rdma_vf_rail3,rx_write_requests,7.11202e+08
2026-09-30T07:13:53.522Z,gpu-3uwoq-6g3ya-2,ib_hw_counter,rdma_vf_rail3,rx_read_requests,1.241e+07
2026-09-30T07:13:53.522Z,gpu-3uwoq-6g3ya-2,ib_hw_counter,rdma_vf_rail3,req_cqe_error,0
2026-09-30T07:13:53.522Z,gpu-3uwoq-6g3ya-2,ib_hw_counter,rdma_vf_rail3,resp_cqe_error,0
2026-09-30T07:13:53.522Z,gpu-3uwoq-6g3ya-2,ib_hw_counter,rdma_vf_rail3,implied_nak_seq_err,0
2026-09-30T07:13:53.522Z,gpu-3uwoq-6g3ya-2,ib_hw_counter,rdma_vf_rail3,duplicate_request,0
2026-09-30T07:13:53.522Z,gpu-3uwoq-6g3ya-2,dcgm,gpu2,gpu_util,0
2026-09-30T07:13:53.522Z,gpu-3uwoq-6g3ya-2,dcgm,gpu3,gpu_util,0
2026-09-30T07:13:53.522Z,gpu-3uwoq-6g3ya-2,dcgm,gpu1,gpu_util,0
2026-09-30T07:13:53.522Z,gpu-3uwoq-6g3ya-2,dcgm,gpu0,gpu_util,0
2026-09-30T07:13:53.522Z,gpu-3uwoq-6g3ya-2,dcgm,gpu2,nvlink_bandwidth_total,0
2026-09-30T07:13:53.522Z,gpu-3uwoq-6g3ya-2,dcgm,gpu3,nvlink_bandwidth_total,0
2026-09-30T07:13:53.522Z,gpu-3uwoq-6g3ya-2,dcgm,gpu1,nvlink_bandwidth_total,0
2026-09-30T07:13:53.522Z,gpu-3uwoq-6g3ya-2,dcgm,gpu0,nvlink_bandwidth_total,0
2026-09-30T07:13:53.522Z,gpu-3uwoq-6g3ya-2,dcgm,gpu2,power_w,230.943
2026-09-30T07:13:53.522Z,gpu-3uwoq-6g3ya-2,dcgm,gpu3,power_w,233.861
2026-09-30T07:13:53.522Z,gpu-3uwoq-6g3ya-2,dcgm,gpu1,power_w,230.031
2026-09-30T07:13:53.522Z,gpu-3uwoq-6g3ya-2,dcgm,gpu0,power_w,226.432
2026-09-30T07:13:53.522Z,gpu-3uwoq-6g3ya-2,dcgm,gpu2,sm_clock_mhz,2070
2026-09-30T07:13:53.522Z,gpu-3uwoq-6g3ya-2,dcgm,gpu3,sm_clock_mhz,2070
2026-09-30T07:13:53.522Z,gpu-3uwoq-6g3ya-2,dcgm,gpu1,sm_clock_mhz,2070
2026-09-30T07:13:53.522Z,gpu-3uwoq-6g3ya-2,dcgm,gpu0,sm_clock_mhz,2070
2026-09-30T07:13:53.522Z,gpu-3uwoq-6g3ya-2,dcgm,gpu2,dram_active,0
2026-09-30T07:13:53.522Z,gpu-3uwoq-6g3ya-2,dcgm,gpu3,dram_active,0
2026-09-30T07:13:53.522Z,gpu-3uwoq-6g3ya-2,dcgm,gpu1,dram_active,0
2026-09-30T07:13:53.522Z,gpu-3uwoq-6g3ya-2,dcgm,gpu0,dram_active,0
2026-09-30T07:13:53.522Z,gpu-3uwoq-6g3ya-2,dcgm,gpu2,pcie_rx_bytes,52573
2026-09-30T07:13:53.522Z,gpu-3uwoq-6g3ya-2,dcgm,gpu3,pcie_rx_bytes,53040
2026-09-30T07:13:53.522Z,gpu-3uwoq-6g3ya-2,dcgm,gpu1,pcie_rx_bytes,61148
2026-09-30T07:13:53.522Z,gpu-3uwoq-6g3ya-2,dcgm,gpu0,pcie_rx_bytes,61199
2026-09-30T07:13:53.522Z,gpu-3uwoq-6g3ya-2,dcgm,gpu2,pcie_tx_bytes,49327
2026-09-30T07:13:53.522Z,gpu-3uwoq-6g3ya-2,dcgm,gpu3,pcie_tx_bytes,49808
2026-09-30T07:13:53.522Z,gpu-3uwoq-6g3ya-2,dcgm,gpu1,pcie_tx_bytes,57899
2026-09-30T07:13:53.522Z,gpu-3uwoq-6g3ya-2,dcgm,gpu0,pcie_tx_bytes,57949
2026-09-30T07:13:53.522Z,gpu-3uwoq-6g3ya-2,dcgm,gpu2,tensor_active,0
2026-09-30T07:13:53.522Z,gpu-3uwoq-6g3ya-2,dcgm,gpu3,tensor_active,0
2026-09-30T07:13:53.522Z,gpu-3uwoq-6g3ya-2,dcgm,gpu1,tensor_active,0
2026-09-30T07:13:53.522Z,gpu-3uwoq-6g3ya-2,dcgm,gpu0,tensor_active,0
2026-09-30T07:13:53.522Z,gpu-3uwoq-6g3ya-2,dcgm,gpu2,sm_active,0
2026-09-30T07:13:53.522Z,gpu-3uwoq-6g3ya-2,dcgm,gpu3,sm_active,0
2026-09-30T07:13:53.522Z,gpu-3uwoq-6g3ya-2,dcgm,gpu1,sm_active,0
2026-09-30T07:13:53.522Z,gpu-3uwoq-6g3ya-2,dcgm,gpu0,sm_active,0
2026-09-30T07:13:53.522Z,gpu-3uwoq-6g3ya-2,nvlink,gpu0,nvlink_rx_bytes,4.84459e+13
2026-09-30T07:13:53.522Z,gpu-3uwoq-6g3ya-2,nvlink,gpu0,nvlink_tx_bytes,4.84493e+13
2026-09-30T07:13:53.522Z,gpu-3uwoq-6g3ya-2,nvlink,gpu1,nvlink_rx_bytes,4.8648e+13
2026-09-30T07:13:53.522Z,gpu-3uwoq-6g3ya-2,nvlink,gpu1,nvlink_tx_bytes,4.86502e+13
2026-09-30T07:13:53.522Z,gpu-3uwoq-6g3ya-2,nvlink,gpu2,nvlink_rx_bytes,4.84828e+13
2026-09-30T07:13:53.522Z,gpu-3uwoq-6g3ya-2,nvlink,gpu2,nvlink_tx_bytes,4.84863e+13
2026-09-30T07:13:53.522Z,gpu-3uwoq-6g3ya-2,nvlink,gpu3,nvlink_rx_bytes,4.83797e+13
2026-09-30T07:13:53.522Z,gpu-3uwoq-6g3ya-2,nvlink,gpu3,nvlink_tx_bytes,4.83829e+13
2026-09-30T07:13:54.522Z,gpu-3uwoq-6g3ya-2,ib_counter,rdma_vf_rail0,port_xmit_data,3.1619e+12
2026-09-30T07:13:54.522Z,gpu-3uwoq-6g3ya-2,ib_counter,rdma_vf_rail0,port_rcv_data,6.12198e+12
2026-09-30T07:13:54.522Z,gpu-3uwoq-6g3ya-2,ib_counter,rdma_vf_rail0,port_xmit_packets,1.07066e+09
2026-09-30T07:13:54.522Z,gpu-3uwoq-6g3ya-2,ib_counter,rdma_vf_rail0,port_rcv_packets,1.70183e+09
2026-09-30T07:13:54.522Z,gpu-3uwoq-6g3ya-2,ib_counter,rdma_vf_rail0,port_xmit_wait,0
2026-09-30T07:13:54.522Z,gpu-3uwoq-6g3ya-2,ib_counter,rdma_vf_rail0,port_rcv_errors,0
2026-09-30T07:13:54.522Z,gpu-3uwoq-6g3ya-2,ib_counter,rdma_vf_rail0,port_xmit_discards,0
2026-09-30T07:13:54.522Z,gpu-3uwoq-6g3ya-2,ib_counter,rdma_vf_rail0,link_downed,0
2026-09-30T07:13:54.522Z,gpu-3uwoq-6g3ya-2,ib_hw_counter,rdma_vf_rail0,out_of_sequence,8
2026-09-30T07:13:54.522Z,gpu-3uwoq-6g3ya-2,ib_hw_counter,rdma_vf_rail0,packet_seq_err,0
2026-09-30T07:13:54.522Z,gpu-3uwoq-6g3ya-2,ib_hw_counter,rdma_vf_rail0,local_ack_timeout_err,0
2026-09-30T07:13:54.522Z,gpu-3uwoq-6g3ya-2,ib_hw_counter,rdma_vf_rail0,rx_write_requests,7.13227e+08
2026-09-30T07:13:54.522Z,gpu-3uwoq-6g3ya-2,ib_hw_counter,rdma_vf_rail0,rx_read_requests,1.34187e+07
2026-09-30T07:13:54.522Z,gpu-3uwoq-6g3ya-2,ib_hw_counter,rdma_vf_rail0,req_cqe_error,0
2026-09-30T07:13:54.522Z,gpu-3uwoq-6g3ya-2,ib_hw_counter,rdma_vf_rail0,resp_cqe_error,0
2026-09-30T07:13:54.522Z,gpu-3uwoq-6g3ya-2,ib_hw_counter,rdma_vf_rail0,implied_nak_seq_err,0
2026-09-30T07:13:54.522Z,gpu-3uwoq-6g3ya-2,ib_hw_counter,rdma_vf_rail0,duplicate_request,0
2026-09-30T07:13:54.522Z,gpu-3uwoq-6g3ya-2,ib_counter,rdma_vf_rail1,port_xmit_data,3.05371e+12
2026-09-30T07:13:54.522Z,gpu-3uwoq-6g3ya-2,ib_counter,rdma_vf_rail1,port_rcv_data,6.01387e+12
2026-09-30T07:13:54.522Z,gpu-3uwoq-6g3ya-2,ib_counter,rdma_vf_rail1,port_xmit_packets,1.03795e+09
2026-09-30T07:13:54.522Z,gpu-3uwoq-6g3ya-2,ib_counter,rdma_vf_rail1,port_rcv_packets,1.66932e+09
2026-09-30T07:13:54.522Z,gpu-3uwoq-6g3ya-2,ib_counter,rdma_vf_rail1,port_xmit_wait,0
2026-09-30T07:13:54.522Z,gpu-3uwoq-6g3ya-2,ib_counter,rdma_vf_rail1,port_rcv_errors,0
2026-09-30T07:13:54.522Z,gpu-3uwoq-6g3ya-2,ib_counter,rdma_vf_rail1,port_xmit_discards,0
2026-09-30T07:13:54.522Z,gpu-3uwoq-6g3ya-2,ib_counter,rdma_vf_rail1,link_downed,0
2026-09-30T07:13:54.522Z,gpu-3uwoq-6g3ya-2,ib_hw_counter,rdma_vf_rail1,out_of_sequence,8
2026-09-30T07:13:54.522Z,gpu-3uwoq-6g3ya-2,ib_hw_counter,rdma_vf_rail1,packet_seq_err,0
2026-09-30T07:13:54.522Z,gpu-3uwoq-6g3ya-2,ib_hw_counter,rdma_vf_rail1,local_ack_timeout_err,0
2026-09-30T07:13:54.522Z,gpu-3uwoq-6g3ya-2,ib_hw_counter,rdma_vf_rail1,rx_write_requests,7.11635e+08
2026-09-30T07:13:54.522Z,gpu-3uwoq-6g3ya-2,ib_hw_counter,rdma_vf_rail1,rx_read_requests,1.26179e+07
2026-09-30T07:13:54.522Z,gpu-3uwoq-6g3ya-2,ib_hw_counter,rdma_vf_rail1,req_cqe_error,0
2026-09-30T07:13:54.522Z,gpu-3uwoq-6g3ya-2,ib_hw_counter,rdma_vf_rail1,resp_cqe_error,0
2026-09-30T07:13:54.522Z,gpu-3uwoq-6g3ya-2,ib_hw_counter,rdma_vf_rail1,implied_nak_seq_err,0
2026-09-30T07:13:54.522Z,gpu-3uwoq-6g3ya-2,ib_hw_counter,rdma_vf_rail1,duplicate_request,0
2026-09-30T07:13:54.522Z,gpu-3uwoq-6g3ya-2,ib_counter,rdma_vf_rail2,port_xmit_data,3.02614e+12
2026-09-30T07:13:54.522Z,gpu-3uwoq-6g3ya-2,ib_counter,rdma_vf_rail2,port_rcv_data,5.98562e+12
2026-09-30T07:13:54.522Z,gpu-3uwoq-6g3ya-2,ib_counter,rdma_vf_rail2,port_xmit_packets,1.02027e+09
2026-09-30T07:13:54.522Z,gpu-3uwoq-6g3ya-2,ib_counter,rdma_vf_rail2,port_rcv_packets,1.64539e+09
2026-09-30T07:13:54.522Z,gpu-3uwoq-6g3ya-2,ib_counter,rdma_vf_rail2,port_xmit_wait,0
2026-09-30T07:13:54.522Z,gpu-3uwoq-6g3ya-2,ib_counter,rdma_vf_rail2,port_rcv_errors,0
2026-09-30T07:13:54.522Z,gpu-3uwoq-6g3ya-2,ib_counter,rdma_vf_rail2,port_xmit_discards,0
2026-09-30T07:13:54.522Z,gpu-3uwoq-6g3ya-2,ib_counter,rdma_vf_rail2,link_downed,0
2026-09-30T07:13:54.522Z,gpu-3uwoq-6g3ya-2,ib_hw_counter,rdma_vf_rail2,out_of_sequence,8
2026-09-30T07:13:54.522Z,gpu-3uwoq-6g3ya-2,ib_hw_counter,rdma_vf_rail2,packet_seq_err,0
2026-09-30T07:13:54.522Z,gpu-3uwoq-6g3ya-2,ib_hw_counter,rdma_vf_rail2,local_ack_timeout_err,0
2026-09-30T07:13:54.522Z,gpu-3uwoq-6g3ya-2,ib_hw_counter,rdma_vf_rail2,rx_write_requests,7.11202e+08
2026-09-30T07:13:54.522Z,gpu-3uwoq-6g3ya-2,ib_hw_counter,rdma_vf_rail2,rx_read_requests,1.241e+07
2026-09-30T07:13:54.522Z,gpu-3uwoq-6g3ya-2,ib_hw_counter,rdma_vf_rail2,req_cqe_error,0
2026-09-30T07:13:54.522Z,gpu-3uwoq-6g3ya-2,ib_hw_counter,rdma_vf_rail2,resp_cqe_error,0
2026-09-30T07:13:54.522Z,gpu-3uwoq-6g3ya-2,ib_hw_counter,rdma_vf_rail2,implied_nak_seq_err,0
2026-09-30T07:13:54.522Z,gpu-3uwoq-6g3ya-2,ib_hw_counter,rdma_vf_rail2,duplicate_request,0
2026-09-30T07:13:54.522Z,gpu-3uwoq-6g3ya-2,ib_counter,rdma_vf_rail3,port_xmit_data,3.026e+12
2026-09-30T07:13:54.522Z,gpu-3uwoq-6g3ya-2,ib_counter,rdma_vf_rail3,port_rcv_data,5.98622e+12
2026-09-30T07:13:54.522Z,gpu-3uwoq-6g3ya-2,ib_counter,rdma_vf_rail3,port_xmit_packets,1.01861e+09
2026-09-30T07:13:54.522Z,gpu-3uwoq-6g3ya-2,ib_counter,rdma_vf_rail3,port_rcv_packets,1.65278e+09
2026-09-30T07:13:54.522Z,gpu-3uwoq-6g3ya-2,ib_counter,rdma_vf_rail3,port_xmit_wait,0
2026-09-30T07:13:54.522Z,gpu-3uwoq-6g3ya-2,ib_counter,rdma_vf_rail3,port_rcv_errors,0
2026-09-30T07:13:54.522Z,gpu-3uwoq-6g3ya-2,ib_counter,rdma_vf_rail3,port_xmit_discards,0
2026-09-30T07:13:54.522Z,gpu-3uwoq-6g3ya-2,ib_counter,rdma_vf_rail3,link_downed,0
2026-09-30T07:13:54.522Z,gpu-3uwoq-6g3ya-2,ib_hw_counter,rdma_vf_rail3,out_of_sequence,7
2026-09-30T07:13:54.522Z,gpu-3uwoq-6g3ya-2,ib_hw_counter,rdma_vf_rail3,packet_seq_err,1
2026-09-30T07:13:54.522Z,gpu-3uwoq-6g3ya-2,ib_hw_counter,rdma_vf_rail3,local_ack_timeout_err,0
2026-09-30T07:13:54.522Z,gpu-3uwoq-6g3ya-2,ib_hw_counter,rdma_vf_rail3,rx_write_requests,7.11202e+08
2026-09-30T07:13:54.522Z,gpu-3uwoq-6g3ya-2,ib_hw_counter,rdma_vf_rail3,rx_read_requests,1.241e+07
2026-09-30T07:13:54.522Z,gpu-3uwoq-6g3ya-2,ib_hw_counter,rdma_vf_rail3,req_cqe_error,0
2026-09-30T07:13:54.522Z,gpu-3uwoq-6g3ya-2,ib_hw_counter,rdma_vf_rail3,resp_cqe_error,0
2026-09-30T07:13:54.522Z,gpu-3uwoq-6g3ya-2,ib_hw_counter,rdma_vf_rail3,implied_nak_seq_err,0
2026-09-30T07:13:54.522Z,gpu-3uwoq-6g3ya-2,ib_hw_counter,rdma_vf_rail3,duplicate_request,0
2026-09-30T07:13:54.522Z,gpu-3uwoq-6g3ya-2,dcgm,gpu2,gpu_util,0
2026-09-30T07:13:54.522Z,gpu-3uwoq-6g3ya-2,dcgm,gpu3,gpu_util,0
2026-09-30T07:13:54.522Z,gpu-3uwoq-6g3ya-2,dcgm,gpu1,gpu_util,0
2026-09-30T07:13:54.522Z,gpu-3uwoq-6g3ya-2,dcgm,gpu0,gpu_util,0
2026-09-30T07:13:54.522Z,gpu-3uwoq-6g3ya-2,dcgm,gpu2,nvlink_bandwidth_total,0
2026-09-30T07:13:54.522Z,gpu-3uwoq-6g3ya-2,dcgm,gpu3,nvlink_bandwidth_total,0
2026-09-30T07:13:54.522Z,gpu-3uwoq-6g3ya-2,dcgm,gpu1,nvlink_bandwidth_total,0
2026-09-30T07:13:54.522Z,gpu-3uwoq-6g3ya-2,dcgm,gpu0,nvlink_bandwidth_total,0
2026-09-30T07:13:54.522Z,gpu-3uwoq-6g3ya-2,dcgm,gpu2,power_w,230.943
2026-09-30T07:13:54.522Z,gpu-3uwoq-6g3ya-2,dcgm,gpu3,power_w,233.861
2026-09-30T07:13:54.522Z,gpu-3uwoq-6g3ya-2,dcgm,gpu1,power_w,230.031
2026-09-30T07:13:54.522Z,gpu-3uwoq-6g3ya-2,dcgm,gpu0,power_w,226.432
2026-09-30T07:13:54.522Z,gpu-3uwoq-6g3ya-2,dcgm,gpu2,sm_clock_mhz,2070
2026-09-30T07:13:54.522Z,gpu-3uwoq-6g3ya-2,dcgm,gpu3,sm_clock_mhz,2070
2026-09-30T07:13:54.522Z,gpu-3uwoq-6g3ya-2,dcgm,gpu1,sm_clock_mhz,2070
2026-09-30T07:13:54.522Z,gpu-3uwoq-6g3ya-2,dcgm,gpu0,sm_clock_mhz,2070
2026-09-30T07:13:54.522Z,gpu-3uwoq-6g3ya-2,dcgm,gpu2,dram_active,0
2026-09-30T07:13:54.522Z,gpu-3uwoq-6g3ya-2,dcgm,gpu3,dram_active,0
2026-09-30T07:13:54.522Z,gpu-3uwoq-6g3ya-2,dcgm,gpu1,dram_active,0
2026-09-30T07:13:54.522Z,gpu-3uwoq-6g3ya-2,dcgm,gpu0,dram_active,0
2026-09-30T07:13:54.522Z,gpu-3uwoq-6g3ya-2,dcgm,gpu2,pcie_rx_bytes,52573
2026-09-30T07:13:54.522Z,gpu-3uwoq-6g3ya-2,dcgm,gpu3,pcie_rx_bytes,53040
2026-09-30T07:13:54.522Z,gpu-3uwoq-6g3ya-2,dcgm,gpu1,pcie_rx_bytes,61148
2026-09-30T07:13:54.522Z,gpu-3uwoq-6g3ya-2,dcgm,gpu0,pcie_rx_bytes,61199
2026-09-30T07:13:54.522Z,gpu-3uwoq-6g3ya-2,dcgm,gpu2,pcie_tx_bytes,49327
2026-09-30T07:13:54.522Z,gpu-3uwoq-6g3ya-2,dcgm,gpu3,pcie_tx_bytes,49808
2026-09-30T07:13:54.522Z,gpu-3uwoq-6g3ya-2,dcgm,gpu1,pcie_tx_bytes,57899
2026-09-30T07:13:54.522Z,gpu-3uwoq-6g3ya-2,dcgm,gpu0,pcie_tx_bytes,57949
2026-09-30T07:13:54.522Z,gpu-3uwoq-6g3ya-2,dcgm,gpu2,tensor_active,0
2026-09-30T07:13:54.522Z,gpu-3uwoq-6g3ya-2,dcgm,gpu3,tensor_active,0
2026-09-30T07:13:54.522Z,gpu-3uwoq-6g3ya-2,dcgm,gpu1,tensor_active,0
2026-09-30T07:13:54.522Z,gpu-3uwoq-6g3ya-2,dcgm,gpu0,tensor_active,0
2026-09-30T07:13:54.522Z,gpu-3uwoq-6g3ya-2,dcgm,gpu2,sm_active,0
2026-09-30T07:13:54.522Z,gpu-3uwoq-6g3ya-2,dcgm,gpu3,sm_active,0
2026-09-30T07:13:54.522Z,gpu-3uwoq-6g3ya-2,dcgm,gpu1,sm_active,0
2026-09-30T07:13:54.522Z,gpu-3uwoq-6g3ya-2,dcgm,gpu0,sm_active,0
2026-09-30T07:13:54.522Z,gpu-3uwoq-6g3ya-2,nvlink,gpu0,nvlink_rx_bytes,4.84459e+13
2026-09-30T07:13:54.522Z,gpu-3uwoq-6g3ya-2,nvlink,gpu0,nvlink_tx_bytes,4.84493e+13
2026-09-30T07:13:54.522Z,gpu-3uwoq-6g3ya-2,nvlink,gpu1,nvlink_rx_bytes,4.8648e+13
2026-09-30T07:13:54.522Z,gpu-3uwoq-6g3ya-2,nvlink,gpu1,nvlink_tx_bytes,4.86502e+13
2026-09-30T07:13:54.522Z,gpu-3uwoq-6g3ya-2,nvlink,gpu2,nvlink_rx_bytes,4.84828e+13
2026-09-30T07:13:54.522Z,gpu-3uwoq-6g3ya-2,nvlink,gpu2,nvlink_tx_bytes,4.84863e+13
2026-09-30T07:13:54.522Z,gpu-3uwoq-6g3ya-2,nvlink,gpu3,nvlink_rx_bytes,4.83797e+13
2026-09-30T07:13:54.522Z,gpu-3uwoq-6g3ya-2,nvlink,gpu3,nvlink_tx_bytes,4.83829e+13
2026-09-30T07:13:55.522Z,gpu-3uwoq-6g3ya-2,ib_counter,rdma_vf_rail0,port_xmit_data,3.1619e+12
2026-09-30T07:13:55.522Z,gpu-3uwoq-6g3ya-2,ib_counter,rdma_vf_rail0,port_rcv_data,6.12198e+12
2026-09-30T07:13:55.522Z,gpu-3uwoq-6g3ya-2,ib_counter,rdma_vf_rail0,port_xmit_packets,1.07066e+09
2026-09-30T07:13:55.522Z,gpu-3uwoq-6g3ya-2,ib_counter,rdma_vf_rail0,port_rcv_packets,1.70183e+09
2026-09-30T07:13:55.522Z,gpu-3uwoq-6g3ya-2,ib_counter,rdma_vf_rail0,port_xmit_wait,0
2026-09-30T07:13:55.522Z,gpu-3uwoq-6g3ya-2,ib_counter,rdma_vf_rail0,port_rcv_errors,0
2026-09-30T07:13:55.522Z,gpu-3uwoq-6g3ya-2,ib_counter,rdma_vf_rail0,port_xmit_discards,0
2026-09-30T07:13:55.522Z,gpu-3uwoq-6g3ya-2,ib_counter,rdma_vf_rail0,link_downed,0
2026-09-30T07:13:55.522Z,gpu-3uwoq-6g3ya-2,ib_hw_counter,rdma_vf_rail0,out_of_sequence,8
2026-09-30T07:13:55.522Z,gpu-3uwoq-6g3ya-2,ib_hw_counter,rdma_vf_rail0,packet_seq_err,0
2026-09-30T07:13:55.522Z,gpu-3uwoq-6g3ya-2,ib_hw_counter,rdma_vf_rail0,local_ack_timeout_err,0
2026-09-30T07:13:55.522Z,gpu-3uwoq-6g3ya-2,ib_hw_counter,rdma_vf_rail0,rx_write_requests,7.13227e+08
2026-09-30T07:13:55.522Z,gpu-3uwoq-6g3ya-2,ib_hw_counter,rdma_vf_rail0,rx_read_requests,1.34187e+07
2026-09-30T07:13:55.522Z,gpu-3uwoq-6g3ya-2,ib_hw_counter,rdma_vf_rail0,req_cqe_error,0
2026-09-30T07:13:55.522Z,gpu-3uwoq-6g3ya-2,ib_hw_counter,rdma_vf_rail0,resp_cqe_error,0
2026-09-30T07:13:55.522Z,gpu-3uwoq-6g3ya-2,ib_hw_counter,rdma_vf_rail0,implied_nak_seq_err,0
2026-09-30T07:13:55.522Z,gpu-3uwoq-6g3ya-2,ib_hw_counter,rdma_vf_rail0,duplicate_request,0
2026-09-30T07:13:55.522Z,gpu-3uwoq-6g3ya-2,ib_counter,rdma_vf_rail1,port_xmit_data,3.05371e+12
2026-09-30T07:13:55.522Z,gpu-3uwoq-6g3ya-2,ib_counter,rdma_vf_rail1,port_rcv_data,6.01387e+12
2026-09-30T07:13:55.522Z,gpu-3uwoq-6g3ya-2,ib_counter,rdma_vf_rail1,port_xmit_packets,1.03795e+09
2026-09-30T07:13:55.522Z,gpu-3uwoq-6g3ya-2,ib_counter,rdma_vf_rail1,port_rcv_packets,1.66932e+09
2026-09-30T07:13:55.522Z,gpu-3uwoq-6g3ya-2,ib_counter,rdma_vf_rail1,port_xmit_wait,0
2026-09-30T07:13:55.522Z,gpu-3uwoq-6g3ya-2,ib_counter,rdma_vf_rail1,port_rcv_errors,0
2026-09-30T07:13:55.522Z,gpu-3uwoq-6g3ya-2,ib_counter,rdma_vf_rail1,port_xmit_discards,0
2026-09-30T07:13:55.522Z,gpu-3uwoq-6g3ya-2,ib_counter,rdma_vf_rail1,link_downed,0
2026-09-30T07:13:55.522Z,gpu-3uwoq-6g3ya-2,ib_hw_counter,rdma_vf_rail1,out_of_sequence,8
2026-09-30T07:13:55.522Z,gpu-3uwoq-6g3ya-2,ib_hw_counter,rdma_vf_rail1,packet_seq_err,0
2026-09-30T07:13:55.522Z,gpu-3uwoq-6g3ya-2,ib_hw_counter,rdma_vf_rail1,local_ack_timeout_err,0
2026-09-30T07:13:55.522Z,gpu-3uwoq-6g3ya-2,ib_hw_counter,rdma_vf_rail1,rx_write_requests,7.11635e+08
2026-09-30T07:13:55.522Z,gpu-3uwoq-6g3ya-2,ib_hw_counter,rdma_vf_rail1,rx_read_requests,1.26179e+07
2026-09-30T07:13:55.522Z,gpu-3uwoq-6g3ya-2,ib_hw_counter,rdma_vf_rail1,req_cqe_error,0
2026-09-30T07:13:55.522Z,gpu-3uwoq-6g3ya-2,ib_hw_counter,rdma_vf_rail1,resp_cqe_error,0
2026-09-30T07:13:55.522Z,gpu-3uwoq-6g3ya-2,ib_hw_counter,rdma_vf_rail1,implied_nak_seq_err,0
2026-09-30T07:13:55.522Z,gpu-3uwoq-6g3ya-2,ib_hw_counter,rdma_vf_rail1,duplicate_request,0
2026-09-30T07:13:55.522Z,gpu-3uwoq-6g3ya-2,ib_counter,rdma_vf_rail2,port_xmit_data,3.02614e+12
2026-09-30T07:13:55.522Z,gpu-3uwoq-6g3ya-2,ib_counter,rdma_vf_rail2,port_rcv_data,5.98562e+12
2026-09-30T07:13:55.522Z,gpu-3uwoq-6g3ya-2,ib_counter,rdma_vf_rail2,port_xmit_packets,1.02027e+09
2026-09-30T07:13:55.522Z,gpu-3uwoq-6g3ya-2,ib_counter,rdma_vf_rail2,port_rcv_packets,1.64539e+09
2026-09-30T07:13:55.522Z,gpu-3uwoq-6g3ya-2,ib_counter,rdma_vf_rail2,port_xmit_wait,0
2026-09-30T07:13:55.522Z,gpu-3uwoq-6g3ya-2,ib_counter,rdma_vf_rail2,port_rcv_errors,0
2026-09-30T07:13:55.522Z,gpu-3uwoq-6g3ya-2,ib_counter,rdma_vf_rail2,port_xmit_discards,0
2026-09-30T07:13:55.522Z,gpu-3uwoq-6g3ya-2,ib_counter,rdma_vf_rail2,link_downed,0
2026-09-30T07:13:55.522Z,gpu-3uwoq-6g3ya-2,ib_hw_counter,rdma_vf_rail2,out_of_sequence,8
2026-09-30T07:13:55.522Z,gpu-3uwoq-6g3ya-2,ib_hw_counter,rdma_vf_rail2,packet_seq_err,0
2026-09-30T07:13:55.522Z,gpu-3uwoq-6g3ya-2,ib_hw_counter,rdma_vf_rail2,local_ack_timeout_err,0
2026-09-30T07:13:55.522Z,gpu-3uwoq-6g3ya-2,ib_hw_counter,rdma_vf_rail2,rx_write_requests,7.11202e+08
2026-09-30T07:13:55.522Z,gpu-3uwoq-6g3ya-2,ib_hw_counter,rdma_vf_rail2,rx_read_requests,1.241e+07
2026-09-30T07:13:55.522Z,gpu-3uwoq-6g3ya-2,ib_hw_counter,rdma_vf_rail2,req_cqe_error,0
2026-09-30T07:13:55.522Z,gpu-3uwoq-6g3ya-2,ib_hw_counter,rdma_vf_rail2,resp_cqe_error,0
2026-09-30T07:13:55.522Z,gpu-3uwoq-6g3ya-2,ib_hw_counter,rdma_vf_rail2,implied_nak_seq_err,0
2026-09-30T07:13:55.522Z,gpu-3uwoq-6g3ya-2,ib_hw_counter,rdma_vf_rail2,duplicate_request,0
2026-09-30T07:13:55.522Z,gpu-3uwoq-6g3ya-2,ib_counter,rdma_vf_rail3,port_xmit_data,3.026e+12
2026-09-30T07:13:55.522Z,gpu-3uwoq-6g3ya-2,ib_counter,rdma_vf_rail3,port_rcv_data,5.98622e+12
2026-09-30T07:13:55.522Z,gpu-3uwoq-6g3ya-2,ib_counter,rdma_vf_rail3,port_xmit_packets,1.01861e+09
2026-09-30T07:13:55.522Z,gpu-3uwoq-6g3ya-2,ib_counter,rdma_vf_rail3,port_rcv_packets,1.65278e+09
2026-09-30T07:13:55.522Z,gpu-3uwoq-6g3ya-2,ib_counter,rdma_vf_rail3,port_xmit_wait,0
2026-09-30T07:13:55.522Z,gpu-3uwoq-6g3ya-2,ib_counter,rdma_vf_rail3,port_rcv_errors,0
2026-09-30T07:13:55.522Z,gpu-3uwoq-6g3ya-2,ib_counter,rdma_vf_rail3,port_xmit_discards,0
2026-09-30T07:13:55.522Z,gpu-3uwoq-6g3ya-2,ib_counter,rdma_vf_rail3,link_downed,0
2026-09-30T07:13:55.522Z,gpu-3uwoq-6g3ya-2,ib_hw_counter,rdma_vf_rail3,out_of_sequence,7
2026-09-30T07:13:55.522Z,gpu-3uwoq-6g3ya-2,ib_hw_counter,rdma_vf_rail3,packet_seq_err,1
2026-09-30T07:13:55.522Z,gpu-3uwoq-6g3ya-2,ib_hw_counter,rdma_vf_rail3,local_ack_timeout_err,0
2026-09-30T07:13:55.522Z,gpu-3uwoq-6g3ya-2,ib_hw_counter,rdma_vf_rail3,rx_write_requests,7.11202e+08
2026-09-30T07:13:55.522Z,gpu-3uwoq-6g3ya-2,ib_hw_counter,rdma_vf_rail3,rx_read_requests,1.241e+07
2026-09-30T07:13:55.522Z,gpu-3uwoq-6g3ya-2,ib_hw_counter,rdma_vf_rail3,req_cqe_error,0
2026-09-30T07:13:55.522Z,gpu-3uwoq-6g3ya-2,ib_hw_counter,rdma_vf_rail3,resp_cqe_error,0
2026-09-30T07:13:55.522Z,gpu-3uwoq-6g3ya-2,ib_hw_counter,rdma_vf_rail3,implied_nak_seq_err,0
2026-09-30T07:13:55.522Z,gpu-3uwoq-6g3ya-2,ib_hw_counter,rdma_vf_rail3,duplicate_request,0
2026-09-30T07:13:55.522Z,gpu-3uwoq-6g3ya-2,dcgm,gpu2,gpu_util,0
2026-09-30T07:13:55.522Z,gpu-3uwoq-6g3ya-2,dcgm,gpu3,gpu_util,0
2026-09-30T07:13:55.522Z,gpu-3uwoq-6g3ya-2,dcgm,gpu1,gpu_util,0
2026-09-30T07:13:55.522Z,gpu-3uwoq-6g3ya-2,dcgm,gpu0,gpu_util,0
2026-09-30T07:13:55.522Z,gpu-3uwoq-6g3ya-2,dcgm,gpu2,nvlink_bandwidth_total,0
2026-09-30T07:13:55.522Z,gpu-3uwoq-6g3ya-2,dcgm,gpu3,nvlink_bandwidth_total,0
2026-09-30T07:13:55.522Z,gpu-3uwoq-6g3ya-2,dcgm,gpu1,nvlink_bandwidth_total,0
2026-09-30T07:13:55.522Z,gpu-3uwoq-6g3ya-2,dcgm,gpu0,nvlink_bandwidth_total,0
2026-09-30T07:13:55.522Z,gpu-3uwoq-6g3ya-2,dcgm,gpu2,power_w,230.943
2026-09-30T07:13:55.522Z,gpu-3uwoq-6g3ya-2,dcgm,gpu3,power_w,233.861
2026-09-30T07:13:55.522Z,gpu-3uwoq-6g3ya-2,dcgm,gpu1,power_w,230.031
2026-09-30T07:13:55.522Z,gpu-3uwoq-6g3ya-2,dcgm,gpu0,power_w,226.432
2026-09-30T07:13:55.522Z,gpu-3uwoq-6g3ya-2,dcgm,gpu2,sm_clock_mhz,2070
2026-09-30T07:13:55.522Z,gpu-3uwoq-6g3ya-2,dcgm,gpu3,sm_clock_mhz,2070
2026-09-30T07:13:55.522Z,gpu-3uwoq-6g3ya-2,dcgm,gpu1,sm_clock_mhz,2070
2026-09-30T07:13:55.522Z,gpu-3uwoq-6g3ya-2,dcgm,gpu0,sm_clock_mhz,2070
2026-09-30T07:13:55.522Z,gpu-3uwoq-6g3ya-2,dcgm,gpu2,dram_active,0
2026-09-30T07:13:55.522Z,gpu-3uwoq-6g3ya-2,dcgm,gpu3,dram_active,0
2026-09-30T07:13:55.522Z,gpu-3uwoq-6g3ya-2,dcgm,gpu1,dram_active,0
2026-09-30T07:13:55.522Z,gpu-3uwoq-6g3ya-2,dcgm,gpu0,dram_active,0
2026-09-30T07:13:55.522Z,gpu-3uwoq-6g3ya-2,dcgm,gpu2,pcie_rx_bytes,52573
2026-09-30T07:13:55.522Z,gpu-3uwoq-6g3ya-2,dcgm,gpu3,pcie_rx_bytes,53040
2026-09-30T07:13:55.522Z,gpu-3uwoq-6g3ya-2,dcgm,gpu1,pcie_rx_bytes,61148
2026-09-30T07:13:55.522Z,gpu-3uwoq-6g3ya-2,dcgm,gpu0,pcie_rx_bytes,61199
2026-09-30T07:13:55.522Z,gpu-3uwoq-6g3ya-2,dcgm,gpu2,pcie_tx_bytes,49327
2026-09-30T07:13:55.522Z,gpu-3uwoq-6g3ya-2,dcgm,gpu3,pcie_tx_bytes,49808
2026-09-30T07:13:55.522Z,gpu-3uwoq-6g3ya-2,dcgm,gpu1,pcie_tx_bytes,57899
2026-09-30T07:13:55.522Z,gpu-3uwoq-6g3ya-2,dcgm,gpu0,pcie_tx_bytes,57949
2026-09-30T07:13:55.522Z,gpu-3uwoq-6g3ya-2,dcgm,gpu2,tensor_active,0
2026-09-30T07:13:55.522Z,gpu-3uwoq-6g3ya-2,dcgm,gpu3,tensor_active,0
2026-09-30T07:13:55.522Z,gpu-3uwoq-6g3ya-2,dcgm,gpu1,tensor_active,0
2026-09-30T07:13:55.522Z,gpu-3uwoq-6g3ya-2,dcgm,gpu0,tensor_active,0
2026-09-30T07:13:55.522Z,gpu-3uwoq-6g3ya-2,dcgm,gpu2,sm_active,0
2026-09-30T07:13:55.522Z,gpu-3uwoq-6g3ya-2,dcgm,gpu3,sm_active,0
2026-09-30T07:13:55.522Z,gpu-3uwoq-6g3ya-2,dcgm,gpu1,sm_active,0
2026-09-30T07:13:55.522Z,gpu-3uwoq-6g3ya-2,dcgm,gpu0,sm_active,0
2026-09-30T07:13:55.522Z,gpu-3uwoq-6g3ya-2,nvlink,gpu0,nvlink_rx_bytes,4.84459e+13
2026-09-30T07:13:55.522Z,gpu-3uwoq-6g3ya-2,nvlink,gpu0,nvlink_tx_bytes,4.84493e+13
2026-09-30T07:13:55.522Z,gpu-3uwoq-6g3ya-2,nvlink,gpu1,nvlink_rx_bytes,4.8648e+13
2026-09-30T07:13:55.522Z,gpu-3uwoq-6g3ya-2,nvlink,gpu1,nvlink_tx_bytes,4.86502e+13
2026-09-30T07:13:55.522Z,gpu-3uwoq-6g3ya-2,nvlink,gpu2,nvlink_rx_bytes,4.84828e+13
2026-09-30T07:13:55.522Z,gpu-3uwoq-6g3ya-2,nvlink,gpu2,nvlink_tx_bytes,4.84863e+13
2026-09-30T07:13:55.522Z,gpu-3uwoq-6g3ya-2,nvlink,gpu3,nvlink_rx_bytes,4.83797e+13
2026-09-30T07:13:55.522Z,gpu-3uwoq-6g3ya-2,nvlink,gpu3,nvlink_tx_bytes,4.83829e+13
2026-09-30T07:13:56.522Z,gpu-3uwoq-6g3ya-2,ib_counter,rdma_vf_rail0,port_xmit_data,3.1619e+12
2026-09-30T07:13:56.522Z,gpu-3uwoq-6g3ya-2,ib_counter,rdma_vf_rail0,port_rcv_data,6.12198e+12
2026-09-30T07:13:56.522Z,gpu-3uwoq-6g3ya-2,ib_counter,rdma_vf_rail0,port_xmit_packets,1.07066e+09
2026-09-30T07:13:56.522Z,gpu-3uwoq-6g3ya-2,ib_counter,rdma_vf_rail0,port_rcv_packets,1.70183e+09
2026-09-30T07:13:56.522Z,gpu-3uwoq-6g3ya-2,ib_counter,rdma_vf_rail0,port_xmit_wait,0
2026-09-30T07:13:56.522Z,gpu-3uwoq-6g3ya-2,ib_counter,rdma_vf_rail0,port_rcv_errors,0
2026-09-30T07:13:56.522Z,gpu-3uwoq-6g3ya-2,ib_counter,rdma_vf_rail0,port_xmit_discards,0
2026-09-30T07:13:56.522Z,gpu-3uwoq-6g3ya-2,ib_counter,rdma_vf_rail0,link_downed,0
2026-09-30T07:13:56.522Z,gpu-3uwoq-6g3ya-2,ib_hw_counter,rdma_vf_rail0,out_of_sequence,8
2026-09-30T07:13:56.522Z,gpu-3uwoq-6g3ya-2,ib_hw_counter,rdma_vf_rail0,packet_seq_err,0
2026-09-30T07:13:56.522Z,gpu-3uwoq-6g3ya-2,ib_hw_counter,rdma_vf_rail0,local_ack_timeout_err,0
2026-09-30T07:13:56.522Z,gpu-3uwoq-6g3ya-2,ib_hw_counter,rdma_vf_rail0,rx_write_requests,7.13227e+08
2026-09-30T07:13:56.522Z,gpu-3uwoq-6g3ya-2,ib_hw_counter,rdma_vf_rail0,rx_read_requests,1.34187e+07
2026-09-30T07:13:56.522Z,gpu-3uwoq-6g3ya-2,ib_hw_counter,rdma_vf_rail0,req_cqe_error,0
2026-09-30T07:13:56.522Z,gpu-3uwoq-6g3ya-2,ib_hw_counter,rdma_vf_rail0,resp_cqe_error,0
2026-09-30T07:13:56.522Z,gpu-3uwoq-6g3ya-2,ib_hw_counter,rdma_vf_rail0,implied_nak_seq_err,0
2026-09-30T07:13:56.522Z,gpu-3uwoq-6g3ya-2,ib_hw_counter,rdma_vf_rail0,duplicate_request,0
2026-09-30T07:13:56.522Z,gpu-3uwoq-6g3ya-2,ib_counter,rdma_vf_rail1,port_xmit_data,3.05371e+12
2026-09-30T07:13:56.522Z,gpu-3uwoq-6g3ya-2,ib_counter,rdma_vf_rail1,port_rcv_data,6.01387e+12
2026-09-30T07:13:56.522Z,gpu-3uwoq-6g3ya-2,ib_counter,rdma_vf_rail1,port_xmit_packets,1.03795e+09
2026-09-30T07:13:56.522Z,gpu-3uwoq-6g3ya-2,ib_counter,rdma_vf_rail1,port_rcv_packets,1.66932e+09
2026-09-30T07:13:56.522Z,gpu-3uwoq-6g3ya-2,ib_counter,rdma_vf_rail1,port_xmit_wait,0
2026-09-30T07:13:56.522Z,gpu-3uwoq-6g3ya-2,ib_counter,rdma_vf_rail1,port_rcv_errors,0
2026-09-30T07:13:56.522Z,gpu-3uwoq-6g3ya-2,ib_counter,rdma_vf_rail1,port_xmit_discards,0
2026-09-30T07:13:56.522Z,gpu-3uwoq-6g3ya-2,ib_counter,rdma_vf_rail1,link_downed,0
2026-09-30T07:13:56.522Z,gpu-3uwoq-6g3ya-2,ib_hw_counter,rdma_vf_rail1,out_of_sequence,8
2026-09-30T07:13:56.522Z,gpu-3uwoq-6g3ya-2,ib_hw_counter,rdma_vf_rail1,packet_seq_err,0
2026-09-30T07:13:56.522Z,gpu-3uwoq-6g3ya-2,ib_hw_counter,rdma_vf_rail1,local_ack_timeout_err,0
2026-09-30T07:13:56.522Z,gpu-3uwoq-6g3ya-2,ib_hw_counter,rdma_vf_rail1,rx_write_requests,7.11635e+08
2026-09-30T07:13:56.522Z,gpu-3uwoq-6g3ya-2,ib_hw_counter,rdma_vf_rail1,rx_read_requests,1.26179e+07
2026-09-30T07:13:56.522Z,gpu-3uwoq-6g3ya-2,ib_hw_counter,rdma_vf_rail1,req_cqe_error,0
2026-09-30T07:13:56.522Z,gpu-3uwoq-6g3ya-2,ib_hw_counter,rdma_vf_rail1,resp_cqe_error,0
2026-09-30T07:13:56.522Z,gpu-3uwoq-6g3ya-2,ib_hw_counter,rdma_vf_rail1,implied_nak_seq_err,0
2026-09-30T07:13:56.522Z,gpu-3uwoq-6g3ya-2,ib_hw_counter,rdma_vf_rail1,duplicate_request,0
2026-09-30T07:13:56.522Z,gpu-3uwoq-6g3ya-2,ib_counter,rdma_vf_rail2,port_xmit_data,3.02614e+12
2026-09-30T07:13:56.522Z,gpu-3uwoq-6g3ya-2,ib_counter,rdma_vf_rail2,port_rcv_data,5.98562e+12
2026-09-30T07:13:56.522Z,gpu-3uwoq-6g3ya-2,ib_counter,rdma_vf_rail2,port_xmit_packets,1.02027e+09
2026-09-30T07:13:56.522Z,gpu-3uwoq-6g3ya-2,ib_counter,rdma_vf_rail2,port_rcv_packets,1.64539e+09
2026-09-30T07:13:56.522Z,gpu-3uwoq-6g3ya-2,ib_counter,rdma_vf_rail2,port_xmit_wait,0
2026-09-30T07:13:56.522Z,gpu-3uwoq-6g3ya-2,ib_counter,rdma_vf_rail2,port_rcv_errors,0
2026-09-30T07:13:56.522Z,gpu-3uwoq-6g3ya-2,ib_counter,rdma_vf_rail2,port_xmit_discards,0
2026-09-30T07:13:56.522Z,gpu-3uwoq-6g3ya-2,ib_counter,rdma_vf_rail2,link_downed,0
2026-09-30T07:13:56.522Z,gpu-3uwoq-6g3ya-2,ib_hw_counter,rdma_vf_rail2,out_of_sequence,8
2026-09-30T07:13:56.522Z,gpu-3uwoq-6g3ya-2,ib_hw_counter,rdma_vf_rail2,packet_seq_err,0
2026-09-30T07:13:56.522Z,gpu-3uwoq-6g3ya-2,ib_hw_counter,rdma_vf_rail2,local_ack_timeout_err,0
2026-09-30T07:13:56.522Z,gpu-3uwoq-6g3ya-2,ib_hw_counter,rdma_vf_rail2,rx_write_requests,7.11202e+08
2026-09-30T07:13:56.522Z,gpu-3uwoq-6g3ya-2,ib_hw_counter,rdma_vf_rail2,rx_read_requests,1.241e+07
2026-09-30T07:13:56.522Z,gpu-3uwoq-6g3ya-2,ib_hw_counter,rdma_vf_rail2,req_cqe_error,0
2026-09-30T07:13:56.522Z,gpu-3uwoq-6g3ya-2,ib_hw_counter,rdma_vf_rail2,resp_cqe_error,0
2026-09-30T07:13:56.522Z,gpu-3uwoq-6g3ya-2,ib_hw_counter,rdma_vf_rail2,implied_nak_seq_err,0
2026-09-30T07:13:56.522Z,gpu-3uwoq-6g3ya-2,ib_hw_counter,rdma_vf_rail2,duplicate_request,0
2026-09-30T07:13:56.522Z,gpu-3uwoq-6g3ya-2,ib_counter,rdma_vf_rail3,port_xmit_data,3.026e+12
2026-09-30T07:13:56.522Z,gpu-3uwoq-6g3ya-2,ib_counter,rdma_vf_rail3,port_rcv_data,5.98622e+12
2026-09-30T07:13:56.522Z,gpu-3uwoq-6g3ya-2,ib_counter,rdma_vf_rail3,port_xmit_packets,1.01861e+09
2026-09-30T07:13:56.522Z,gpu-3uwoq-6g3ya-2,ib_counter,rdma_vf_rail3,port_rcv_packets,1.65278e+09
2026-09-30T07:13:56.522Z,gpu-3uwoq-6g3ya-2,ib_counter,rdma_vf_rail3,port_xmit_wait,0
2026-09-30T07:13:56.522Z,gpu-3uwoq-6g3ya-2,ib_counter,rdma_vf_rail3,port_rcv_errors,0
2026-09-30T07:13:56.522Z,gpu-3uwoq-6g3ya-2,ib_counter,rdma_vf_rail3,port_xmit_discards,0
2026-09-30T07:13:56.522Z,gpu-3uwoq-6g3ya-2,ib_counter,rdma_vf_rail3,link_downed,0
2026-09-30T07:13:56.522Z,gpu-3uwoq-6g3ya-2,ib_hw_counter,rdma_vf_rail3,out_of_sequence,7
2026-09-30T07:13:56.522Z,gpu-3uwoq-6g3ya-2,ib_hw_counter,rdma_vf_rail3,packet_seq_err,1
2026-09-30T07:13:56.522Z,gpu-3uwoq-6g3ya-2,ib_hw_counter,rdma_vf_rail3,local_ack_timeout_err,0
2026-09-30T07:13:56.522Z,gpu-3uwoq-6g3ya-2,ib_hw_counter,rdma_vf_rail3,rx_write_requests,7.11202e+08
2026-09-30T07:13:56.522Z,gpu-3uwoq-6g3ya-2,ib_hw_counter,rdma_vf_rail3,rx_read_requests,1.241e+07
2026-09-30T07:13:56.522Z,gpu-3uwoq-6g3ya-2,ib_hw_counter,rdma_vf_rail3,req_cqe_error,0
2026-09-30T07:13:56.522Z,gpu-3uwoq-6g3ya-2,ib_hw_counter,rdma_vf_rail3,resp_cqe_error,0
2026-09-30T07:13:56.522Z,gpu-3uwoq-6g3ya-2,ib_hw_counter,rdma_vf_rail3,implied_nak_seq_err,0
2026-09-30T07:13:56.522Z,gpu-3uwoq-6g3ya-2,ib_hw_counter,rdma_vf_rail3,duplicate_request,0
2026-09-30T07:13:56.522Z,gpu-3uwoq-6g3ya-2,dcgm,gpu2,gpu_util,0
2026-09-30T07:13:56.522Z,gpu-3uwoq-6g3ya-2,dcgm,gpu3,gpu_util,0
2026-09-30T07:13:56.522Z,gpu-3uwoq-6g3ya-2,dcgm,gpu1,gpu_util,0
2026-09-30T07:13:56.522Z,gpu-3uwoq-6g3ya-2,dcgm,gpu0,gpu_util,0
2026-09-30T07:13:56.522Z,gpu-3uwoq-6g3ya-2,dcgm,gpu2,nvlink_bandwidth_total,0
2026-09-30T07:13:56.522Z,gpu-3uwoq-6g3ya-2,dcgm,gpu3,nvlink_bandwidth_total,0
2026-09-30T07:13:56.522Z,gpu-3uwoq-6g3ya-2,dcgm,gpu1,nvlink_bandwidth_total,0
2026-09-30T07:13:56.522Z,gpu-3uwoq-6g3ya-2,dcgm,gpu0,nvlink_bandwidth_total,0
2026-09-30T07:13:56.522Z,gpu-3uwoq-6g3ya-2,dcgm,gpu2,power_w,230.943
2026-09-30T07:13:56.522Z,gpu-3uwoq-6g3ya-2,dcgm,gpu3,power_w,233.861
2026-09-30T07:13:56.522Z,gpu-3uwoq-6g3ya-2,dcgm,gpu1,power_w,230.031
2026-09-30T07:13:56.522Z,gpu-3uwoq-6g3ya-2,dcgm,gpu0,power_w,226.432
2026-09-30T07:13:56.522Z,gpu-3uwoq-6g3ya-2,dcgm,gpu2,sm_clock_mhz,2070
2026-09-30T07:13:56.522Z,gpu-3uwoq-6g3ya-2,dcgm,gpu3,sm_clock_mhz,2070
2026-09-30T07:13:56.522Z,gpu-3uwoq-6g3ya-2,dcgm,gpu1,sm_clock_mhz,2070
2026-09-30T07:13:56.522Z,gpu-3uwoq-6g3ya-2,dcgm,gpu0,sm_clock_mhz,2070
2026-09-30T07:13:56.522Z,gpu-3uwoq-6g3ya-2,dcgm,gpu2,dram_active,0
2026-09-30T07:13:56.522Z,gpu-3uwoq-6g3ya-2,dcgm,gpu3,dram_active,0
2026-09-30T07:13:56.522Z,gpu-3uwoq-6g3ya-2,dcgm,gpu1,dram_active,0
2026-09-30T07:13:56.522Z,gpu-3uwoq-6g3ya-2,dcgm,gpu0,dram_active,0
2026-09-30T07:13:56.522Z,gpu-3uwoq-6g3ya-2,dcgm,gpu2,pcie_rx_bytes,52573
2026-09-30T07:13:56.522Z,gpu-3uwoq-6g3ya-2,dcgm,gpu3,pcie_rx_bytes,53040
2026-09-30T07:13:56.522Z,gpu-3uwoq-6g3ya-2,dcgm,gpu1,pcie_rx_bytes,61148
2026-09-30T07:13:56.522Z,gpu-3uwoq-6g3ya-2,dcgm,gpu0,pcie_rx_bytes,61199
2026-09-30T07:13:56.522Z,gpu-3uwoq-6g3ya-2,dcgm,gpu2,pcie_tx_bytes,49327
2026-09-30T07:13:56.522Z,gpu-3uwoq-6g3ya-2,dcgm,gpu3,pcie_tx_bytes,49808
2026-09-30T07:13:56.522Z,gpu-3uwoq-6g3ya-2,dcgm,gpu1,pcie_tx_bytes,57899
2026-09-30T07:13:56.522Z,gpu-3uwoq-6g3ya-2,dcgm,gpu0,pcie_tx_bytes,57949
2026-09-30T07:13:56.522Z,gpu-3uwoq-6g3ya-2,dcgm,gpu2,tensor_active,0
2026-09-30T07:13:56.522Z,gpu-3uwoq-6g3ya-2,dcgm,gpu3,tensor_active,0
2026-09-30T07:13:56.522Z,gpu-3uwoq-6g3ya-2,dcgm,gpu1,tensor_active,0
2026-09-30T07:13:56.522Z,gpu-3uwoq-6g3ya-2,dcgm,gpu0,tensor_active,0
2026-09-30T07:13:56.522Z,gpu-3uwoq-6g3ya-2,dcgm,gpu2,sm_active,0
2026-09-30T07:13:56.522Z,gpu-3uwoq-6g3ya-2,dcgm,gpu3,sm_active,0
2026-09-30T07:13:56.522Z,gpu-3uwoq-6g3ya-2,dcgm,gpu1,sm_active,0
2026-09-30T07:13:56.522Z,gpu-3uwoq-6g3ya-2,dcgm,gpu0,sm_active,0
2026-09-30T07:13:56.522Z,gpu-3uwoq-6g3ya-2,nvlink,gpu0,nvlink_rx_bytes,4.84459e+13
2026-09-30T07:13:56.522Z,gpu-3uwoq-6g3ya-2,nvlink,gpu0,nvlink_tx_bytes,4.84493e+13
2026-09-30T07:13:56.522Z,gpu-3uwoq-6g3ya-2,nvlink,gpu1,nvlink_rx_bytes,4.8648e+13
2026-09-30T07:13:56.522Z,gpu-3uwoq-6g3ya-2,nvlink,gpu1,nvlink_tx_bytes,4.86502e+13
2026-09-30T07:13:56.522Z,gpu-3uwoq-6g3ya-2,nvlink,gpu2,nvlink_rx_bytes,4.84828e+13
2026-09-30T07:13:56.522Z,gpu-3uwoq-6g3ya-2,nvlink,gpu2,nvlink_tx_bytes,4.84863e+13
2026-09-30T07:13:56.522Z,gpu-3uwoq-6g3ya-2,nvlink,gpu3,nvlink_rx_bytes,4.83797e+13
2026-09-30T07:13:56.522Z,gpu-3uwoq-6g3ya-2,nvlink,gpu3,nvlink_tx_bytes,4.83829e+13
2026-09-30T07:13:57.522Z,gpu-3uwoq-6g3ya-2,ib_counter,rdma_vf_rail0,port_xmit_data,3.1619e+12
2026-09-30T07:13:57.522Z,gpu-3uwoq-6g3ya-2,ib_counter,rdma_vf_rail0,port_rcv_data,6.12198e+12
2026-09-30T07:13:57.522Z,gpu-3uwoq-6g3ya-2,ib_counter,rdma_vf_rail0,port_xmit_packets,1.07066e+09
2026-09-30T07:13:57.522Z,gpu-3uwoq-6g3ya-2,ib_counter,rdma_vf_rail0,port_rcv_packets,1.70183e+09
2026-09-30T07:13:57.522Z,gpu-3uwoq-6g3ya-2,ib_counter,rdma_vf_rail0,port_xmit_wait,0
2026-09-30T07:13:57.522Z,gpu-3uwoq-6g3ya-2,ib_counter,rdma_vf_rail0,port_rcv_errors,0
2026-09-30T07:13:57.522Z,gpu-3uwoq-6g3ya-2,ib_counter,rdma_vf_rail0,port_xmit_discards,0
2026-09-30T07:13:57.522Z,gpu-3uwoq-6g3ya-2,ib_counter,rdma_vf_rail0,link_downed,0
2026-09-30T07:13:57.522Z,gpu-3uwoq-6g3ya-2,ib_hw_counter,rdma_vf_rail0,out_of_sequence,8
2026-09-30T07:13:57.522Z,gpu-3uwoq-6g3ya-2,ib_hw_counter,rdma_vf_rail0,packet_seq_err,0
2026-09-30T07:13:57.522Z,gpu-3uwoq-6g3ya-2,ib_hw_counter,rdma_vf_rail0,local_ack_timeout_err,0
2026-09-30T07:13:57.522Z,gpu-3uwoq-6g3ya-2,ib_hw_counter,rdma_vf_rail0,rx_write_requests,7.13227e+08
2026-09-30T07:13:57.522Z,gpu-3uwoq-6g3ya-2,ib_hw_counter,rdma_vf_rail0,rx_read_requests,1.34187e+07
2026-09-30T07:13:57.522Z,gpu-3uwoq-6g3ya-2,ib_hw_counter,rdma_vf_rail0,req_cqe_error,0
2026-09-30T07:13:57.522Z,gpu-3uwoq-6g3ya-2,ib_hw_counter,rdma_vf_rail0,resp_cqe_error,0
2026-09-30T07:13:57.522Z,gpu-3uwoq-6g3ya-2,ib_hw_counter,rdma_vf_rail0,implied_nak_seq_err,0
2026-09-30T07:13:57.522Z,gpu-3uwoq-6g3ya-2,ib_hw_counter,rdma_vf_rail0,duplicate_request,0
2026-09-30T07:13:57.522Z,gpu-3uwoq-6g3ya-2,ib_counter,rdma_vf_rail1,port_xmit_data,3.05371e+12
2026-09-30T07:13:57.522Z,gpu-3uwoq-6g3ya-2,ib_counter,rdma_vf_rail1,port_rcv_data,6.01387e+12
2026-09-30T07:13:57.522Z,gpu-3uwoq-6g3ya-2,ib_counter,rdma_vf_rail1,port_xmit_packets,1.03795e+09
2026-09-30T07:13:57.522Z,gpu-3uwoq-6g3ya-2,ib_counter,rdma_vf_rail1,port_rcv_packets,1.66932e+09
2026-09-30T07:13:57.522Z,gpu-3uwoq-6g3ya-2,ib_counter,rdma_vf_rail1,port_xmit_wait,0
2026-09-30T07:13:57.522Z,gpu-3uwoq-6g3ya-2,ib_counter,rdma_vf_rail1,port_rcv_errors,0
2026-09-30T07:13:57.522Z,gpu-3uwoq-6g3ya-2,ib_counter,rdma_vf_rail1,port_xmit_discards,0
2026-09-30T07:13:57.522Z,gpu-3uwoq-6g3ya-2,ib_counter,rdma_vf_rail1,link_downed,0
2026-09-30T07:13:57.522Z,gpu-3uwoq-6g3ya-2,ib_hw_counter,rdma_vf_rail1,out_of_sequence,8
2026-09-30T07:13:57.522Z,gpu-3uwoq-6g3ya-2,ib_hw_counter,rdma_vf_rail1,packet_seq_err,0
2026-09-30T07:13:57.522Z,gpu-3uwoq-6g3ya-2,ib_hw_counter,rdma_vf_rail1,local_ack_timeout_err,0
2026-09-30T07:13:57.522Z,gpu-3uwoq-6g3ya-2,ib_hw_counter,rdma_vf_rail1,rx_write_requests,7.11635e+08
2026-09-30T07:13:57.522Z,gpu-3uwoq-6g3ya-2,ib_hw_counter,rdma_vf_rail1,rx_read_requests,1.26179e+07
2026-09-30T07:13:57.522Z,gpu-3uwoq-6g3ya-2,ib_hw_counter,rdma_vf_rail1,req_cqe_error,0
2026-09-30T07:13:57.522Z,gpu-3uwoq-6g3ya-2,ib_hw_counter,rdma_vf_rail1,resp_cqe_error,0
2026-09-30T07:13:57.522Z,gpu-3uwoq-6g3ya-2,ib_hw_counter,rdma_vf_rail1,implied_nak_seq_err,0
2026-09-30T07:13:57.522Z,gpu-3uwoq-6g3ya-2,ib_hw_counter,rdma_vf_rail1,duplicate_request,0
2026-09-30T07:13:57.522Z,gpu-3uwoq-6g3ya-2,ib_counter,rdma_vf_rail2,port_xmit_data,3.02614e+12
2026-09-30T07:13:57.522Z,gpu-3uwoq-6g3ya-2,ib_counter,rdma_vf_rail2,port_rcv_data,5.98562e+12
2026-09-30T07:13:57.522Z,gpu-3uwoq-6g3ya-2,ib_counter,rdma_vf_rail2,port_xmit_packets,1.02027e+09
2026-09-30T07:13:57.522Z,gpu-3uwoq-6g3ya-2,ib_counter,rdma_vf_rail2,port_rcv_packets,1.64539e+09
2026-09-30T07:13:57.522Z,gpu-3uwoq-6g3ya-2,ib_counter,rdma_vf_rail2,port_xmit_wait,0
2026-09-30T07:13:57.522Z,gpu-3uwoq-6g3ya-2,ib_counter,rdma_vf_rail2,port_rcv_errors,0
2026-09-30T07:13:57.522Z,gpu-3uwoq-6g3ya-2,ib_counter,rdma_vf_rail2,port_xmit_discards,0
2026-09-30T07:13:57.522Z,gpu-3uwoq-6g3ya-2,ib_counter,rdma_vf_rail2,link_downed,0
2026-09-30T07:13:57.522Z,gpu-3uwoq-6g3ya-2,ib_hw_counter,rdma_vf_rail2,out_of_sequence,8
2026-09-30T07:13:57.522Z,gpu-3uwoq-6g3ya-2,ib_hw_counter,rdma_vf_rail2,packet_seq_err,0
2026-09-30T07:13:57.522Z,gpu-3uwoq-6g3ya-2,ib_hw_counter,rdma_vf_rail2,local_ack_timeout_err,0
2026-09-30T07:13:57.522Z,gpu-3uwoq-6g3ya-2,ib_hw_counter,rdma_vf_rail2,rx_write_requests,7.11202e+08
2026-09-30T07:13:57.522Z,gpu-3uwoq-6g3ya-2,ib_hw_counter,rdma_vf_rail2,rx_read_requests,1.241e+07
2026-09-30T07:13:57.522Z,gpu-3uwoq-6g3ya-2,ib_hw_counter,rdma_vf_rail2,req_cqe_error,0
2026-09-30T07:13:57.522Z,gpu-3uwoq-6g3ya-2,ib_hw_counter,rdma_vf_rail2,resp_cqe_error,0
2026-09-30T07:13:57.522Z,gpu-3uwoq-6g3ya-2,ib_hw_counter,rdma_vf_rail2,implied_nak_seq_err,0
2026-09-30T07:13:57.522Z,gpu-3uwoq-6g3ya-2,ib_hw_counter,rdma_vf_rail2,duplicate_request,0
2026-09-30T07:13:57.522Z,gpu-3uwoq-6g3ya-2,ib_counter,rdma_vf_rail3,port_xmit_data,3.026e+12
2026-09-30T07:13:57.522Z,gpu-3uwoq-6g3ya-2,ib_counter,rdma_vf_rail3,port_rcv_data,5.98622e+12
2026-09-30T07:13:57.522Z,gpu-3uwoq-6g3ya-2,ib_counter,rdma_vf_rail3,port_xmit_packets,1.01861e+09
2026-09-30T07:13:57.522Z,gpu-3uwoq-6g3ya-2,ib_counter,rdma_vf_rail3,port_rcv_packets,1.65278e+09
2026-09-30T07:13:57.522Z,gpu-3uwoq-6g3ya-2,ib_counter,rdma_vf_rail3,port_xmit_wait,0
2026-09-30T07:13:57.522Z,gpu-3uwoq-6g3ya-2,ib_counter,rdma_vf_rail3,port_rcv_errors,0
2026-09-30T07:13:57.522Z,gpu-3uwoq-6g3ya-2,ib_counter,rdma_vf_rail3,port_xmit_discards,0
2026-09-30T07:13:57.522Z,gpu-3uwoq-6g3ya-2,ib_counter,rdma_vf_rail3,link_downed,0
2026-09-30T07:13:57.522Z,gpu-3uwoq-6g3ya-2,ib_hw_counter,rdma_vf_rail3,out_of_sequence,7
2026-09-30T07:13:57.522Z,gpu-3uwoq-6g3ya-2,ib_hw_counter,rdma_vf_rail3,packet_seq_err,1
2026-09-30T07:13:57.522Z,gpu-3uwoq-6g3ya-2,ib_hw_counter,rdma_vf_rail3,local_ack_timeout_err,0
2026-09-30T07:13:57.522Z,gpu-3uwoq-6g3ya-2,ib_hw_counter,rdma_vf_rail3,rx_write_requests,7.11202e+08
2026-09-30T07:13:57.522Z,gpu-3uwoq-6g3ya-2,ib_hw_counter,rdma_vf_rail3,rx_read_requests,1.241e+07
2026-09-30T07:13:57.522Z,gpu-3uwoq-6g3ya-2,ib_hw_counter,rdma_vf_rail3,req_cqe_error,0
2026-09-30T07:13:57.522Z,gpu-3uwoq-6g3ya-2,ib_hw_counter,rdma_vf_rail3,resp_cqe_error,0
2026-09-30T07:13:57.522Z,gpu-3uwoq-6g3ya-2,ib_hw_counter,rdma_vf_rail3,implied_nak_seq_err,0
2026-09-30T07:13:57.522Z,gpu-3uwoq-6g3ya-2,ib_hw_counter,rdma_vf_rail3,duplicate_request,0
2026-09-30T07:13:57.522Z,gpu-3uwoq-6g3ya-2,dcgm,gpu2,gpu_util,0
2026-09-30T07:13:57.522Z,gpu-3uwoq-6g3ya-2,dcgm,gpu3,gpu_util,0
2026-09-30T07:13:57.522Z,gpu-3uwoq-6g3ya-2,dcgm,gpu1,gpu_util,0
2026-09-30T07:13:57.522Z,gpu-3uwoq-6g3ya-2,dcgm,gpu0,gpu_util,0
2026-09-30T07:13:57.522Z,gpu-3uwoq-6g3ya-2,dcgm,gpu2,nvlink_bandwidth_total,0
2026-09-30T07:13:57.522Z,gpu-3uwoq-6g3ya-2,dcgm,gpu3,nvlink_bandwidth_total,0
2026-09-30T07:13:57.522Z,gpu-3uwoq-6g3ya-2,dcgm,gpu1,nvlink_bandwidth_total,0
2026-09-30T07:13:57.522Z,gpu-3uwoq-6g3ya-2,dcgm,gpu0,nvlink_bandwidth_total,0
2026-09-30T07:13:57.522Z,gpu-3uwoq-6g3ya-2,dcgm,gpu2,power_w,230.943
2026-09-30T07:13:57.522Z,gpu-3uwoq-6g3ya-2,dcgm,gpu3,power_w,233.861
2026-09-30T07:13:57.522Z,gpu-3uwoq-6g3ya-2,dcgm,gpu1,power_w,230.031
2026-09-30T07:13:57.522Z,gpu-3uwoq-6g3ya-2,dcgm,gpu0,power_w,226.432
2026-09-30T07:13:57.522Z,gpu-3uwoq-6g3ya-2,dcgm,gpu2,sm_clock_mhz,2070
2026-09-30T07:13:57.522Z,gpu-3uwoq-6g3ya-2,dcgm,gpu3,sm_clock_mhz,2070
2026-09-30T07:13:57.522Z,gpu-3uwoq-6g3ya-2,dcgm,gpu1,sm_clock_mhz,2070
2026-09-30T07:13:57.522Z,gpu-3uwoq-6g3ya-2,dcgm,gpu0,sm_clock_mhz,2070
2026-09-30T07:13:57.522Z,gpu-3uwoq-6g3ya-2,dcgm,gpu2,dram_active,0
2026-09-30T07:13:57.522Z,gpu-3uwoq-6g3ya-2,dcgm,gpu3,dram_active,0
2026-09-30T07:13:57.522Z,gpu-3uwoq-6g3ya-2,dcgm,gpu1,dram_active,0
2026-09-30T07:13:57.522Z,gpu-3uwoq-6g3ya-2,dcgm,gpu0,dram_active,0
2026-09-30T07:13:57.522Z,gpu-3uwoq-6g3ya-2,dcgm,gpu2,pcie_rx_bytes,52573
2026-09-30T07:13:57.522Z,gpu-3uwoq-6g3ya-2,dcgm,gpu3,pcie_rx_bytes,53040
2026-09-30T07:13:57.522Z,gpu-3uwoq-6g3ya-2,dcgm,gpu1,pcie_rx_bytes,61148
2026-09-30T07:13:57.522Z,gpu-3uwoq-6g3ya-2,dcgm,gpu0,pcie_rx_bytes,61199
2026-09-30T07:13:57.522Z,gpu-3uwoq-6g3ya-2,dcgm,gpu2,pcie_tx_bytes,49327
2026-09-30T07:13:57.522Z,gpu-3uwoq-6g3ya-2,dcgm,gpu3,pcie_tx_bytes,49808
2026-09-30T07:13:57.522Z,gpu-3uwoq-6g3ya-2,dcgm,gpu1,pcie_tx_bytes,57899
2026-09-30T07:13:57.522Z,gpu-3uwoq-6g3ya-2,dcgm,gpu0,pcie_tx_bytes,57949
2026-09-30T07:13:57.522Z,gpu-3uwoq-6g3ya-2,dcgm,gpu2,tensor_active,0
2026-09-30T07:13:57.522Z,gpu-3uwoq-6g3ya-2,dcgm,gpu3,tensor_active,0
2026-09-30T07:13:57.522Z,gpu-3uwoq-6g3ya-2,dcgm,gpu1,tensor_active,0
2026-09-30T07:13:57.522Z,gpu-3uwoq-6g3ya-2,dcgm,gpu0,tensor_active,0
2026-09-30T07:13:57.522Z,gpu-3uwoq-6g3ya-2,dcgm,gpu2,sm_active,0
2026-09-30T07:13:57.522Z,gpu-3uwoq-6g3ya-2,dcgm,gpu3,sm_active,0
2026-09-30T07:13:57.522Z,gpu-3uwoq-6g3ya-2,dcgm,gpu1,sm_active,0
2026-09-30T07:13:57.522Z,gpu-3uwoq-6g3ya-2,dcgm,gpu0,sm_active,0
2026-09-30T07:13:57.522Z,gpu-3uwoq-6g3ya-2,nvlink,gpu0,nvlink_rx_bytes,4.84459e+13
2026-09-30T07:13:57.522Z,gpu-3uwoq-6g3ya-2,nvlink,gpu0,nvlink_tx_bytes,4.84493e+13
2026-09-30T07:13:57.522Z,gpu-3uwoq-6g3ya-2,nvlink,gpu1,nvlink_rx_bytes,4.8648e+13
2026-09-30T07:13:57.522Z,gpu-3uwoq-6g3ya-2,nvlink,gpu1,nvlink_tx_bytes,4.86502e+13
2026-09-30T07:13:57.522Z,gpu-3uwoq-6g3ya-2,nvlink,gpu2,nvlink_rx_bytes,4.84828e+13
2026-09-30T07:13:57.522Z,gpu-3uwoq-6g3ya-2,nvlink,gpu2,nvlink_tx_bytes,4.84863e+13
2026-09-30T07:13:57.522Z,gpu-3uwoq-6g3ya-2,nvlink,gpu3,nvlink_rx_bytes,4.83797e+13
2026-09-30T07:13:57.522Z,gpu-3uwoq-6g3ya-2,nvlink,gpu3,nvlink_tx_bytes,4.83829e+13
2026-09-30T07:13:58.522Z,gpu-3uwoq-6g3ya-2,ib_counter,rdma_vf_rail0,port_xmit_data,3.1619e+12
2026-09-30T07:13:58.522Z,gpu-3uwoq-6g3ya-2,ib_counter,rdma_vf_rail0,port_rcv_data,6.12198e+12
2026-09-30T07:13:58.522Z,gpu-3uwoq-6g3ya-2,ib_counter,rdma_vf_rail0,port_xmit_packets,1.07066e+09
2026-09-30T07:13:58.522Z,gpu-3uwoq-6g3ya-2,ib_counter,rdma_vf_rail0,port_rcv_packets,1.70183e+09
2026-09-30T07:13:58.522Z,gpu-3uwoq-6g3ya-2,ib_counter,rdma_vf_rail0,port_xmit_wait,0
2026-09-30T07:13:58.522Z,gpu-3uwoq-6g3ya-2,ib_counter,rdma_vf_rail0,port_rcv_errors,0
2026-09-30T07:13:58.522Z,gpu-3uwoq-6g3ya-2,ib_counter,rdma_vf_rail0,port_xmit_discards,0
2026-09-30T07:13:58.522Z,gpu-3uwoq-6g3ya-2,ib_counter,rdma_vf_rail0,link_downed,0
2026-09-30T07:13:58.522Z,gpu-3uwoq-6g3ya-2,ib_hw_counter,rdma_vf_rail0,out_of_sequence,8
2026-09-30T07:13:58.522Z,gpu-3uwoq-6g3ya-2,ib_hw_counter,rdma_vf_rail0,packet_seq_err,0
2026-09-30T07:13:58.522Z,gpu-3uwoq-6g3ya-2,ib_hw_counter,rdma_vf_rail0,local_ack_timeout_err,0
2026-09-30T07:13:58.522Z,gpu-3uwoq-6g3ya-2,ib_hw_counter,rdma_vf_rail0,rx_write_requests,7.13227e+08
2026-09-30T07:13:58.522Z,gpu-3uwoq-6g3ya-2,ib_hw_counter,rdma_vf_rail0,rx_read_requests,1.34187e+07
2026-09-30T07:13:58.522Z,gpu-3uwoq-6g3ya-2,ib_hw_counter,rdma_vf_rail0,req_cqe_error,0
2026-09-30T07:13:58.522Z,gpu-3uwoq-6g3ya-2,ib_hw_counter,rdma_vf_rail0,resp_cqe_error,0
2026-09-30T07:13:58.522Z,gpu-3uwoq-6g3ya-2,ib_hw_counter,rdma_vf_rail0,implied_nak_seq_err,0
2026-09-30T07:13:58.522Z,gpu-3uwoq-6g3ya-2,ib_hw_counter,rdma_vf_rail0,duplicate_request,0
2026-09-30T07:13:58.522Z,gpu-3uwoq-6g3ya-2,ib_counter,rdma_vf_rail1,port_xmit_data,3.05371e+12
2026-09-30T07:13:58.522Z,gpu-3uwoq-6g3ya-2,ib_counter,rdma_vf_rail1,port_rcv_data,6.01387e+12
2026-09-30T07:13:58.522Z,gpu-3uwoq-6g3ya-2,ib_counter,rdma_vf_rail1,port_xmit_packets,1.03795e+09
2026-09-30T07:13:58.522Z,gpu-3uwoq-6g3ya-2,ib_counter,rdma_vf_rail1,port_rcv_packets,1.66932e+09
2026-09-30T07:13:58.522Z,gpu-3uwoq-6g3ya-2,ib_counter,rdma_vf_rail1,port_xmit_wait,0
2026-09-30T07:13:58.522Z,gpu-3uwoq-6g3ya-2,ib_counter,rdma_vf_rail1,port_rcv_errors,0
2026-09-30T07:13:58.522Z,gpu-3uwoq-6g3ya-2,ib_counter,rdma_vf_rail1,port_xmit_discards,0
2026-09-30T07:13:58.522Z,gpu-3uwoq-6g3ya-2,ib_counter,rdma_vf_rail1,link_downed,0
2026-09-30T07:13:58.522Z,gpu-3uwoq-6g3ya-2,ib_hw_counter,rdma_vf_rail1,out_of_sequence,8
2026-09-30T07:13:58.522Z,gpu-3uwoq-6g3ya-2,ib_hw_counter,rdma_vf_rail1,packet_seq_err,0
2026-09-30T07:13:58.522Z,gpu-3uwoq-6g3ya-2,ib_hw_counter,rdma_vf_rail1,local_ack_timeout_err,0
2026-09-30T07:13:58.522Z,gpu-3uwoq-6g3ya-2,ib_hw_counter,rdma_vf_rail1,rx_write_requests,7.11635e+08
2026-09-30T07:13:58.522Z,gpu-3uwoq-6g3ya-2,ib_hw_counter,rdma_vf_rail1,rx_read_requests,1.26179e+07
2026-09-30T07:13:58.522Z,gpu-3uwoq-6g3ya-2,ib_hw_counter,rdma_vf_rail1,req_cqe_error,0
2026-09-30T07:13:58.522Z,gpu-3uwoq-6g3ya-2,ib_hw_counter,rdma_vf_rail1,resp_cqe_error,0
2026-09-30T07:13:58.522Z,gpu-3uwoq-6g3ya-2,ib_hw_counter,rdma_vf_rail1,implied_nak_seq_err,0
2026-09-30T07:13:58.522Z,gpu-3uwoq-6g3ya-2,ib_hw_counter,rdma_vf_rail1,duplicate_request,0
2026-09-30T07:13:58.522Z,gpu-3uwoq-6g3ya-2,ib_counter,rdma_vf_rail2,port_xmit_data,3.02614e+12
2026-09-30T07:13:58.522Z,gpu-3uwoq-6g3ya-2,ib_counter,rdma_vf_rail2,port_rcv_data,5.98562e+12
2026-09-30T07:13:58.522Z,gpu-3uwoq-6g3ya-2,ib_counter,rdma_vf_rail2,port_xmit_packets,1.02027e+09
2026-09-30T07:13:58.522Z,gpu-3uwoq-6g3ya-2,ib_counter,rdma_vf_rail2,port_rcv_packets,1.64539e+09
2026-09-30T07:13:58.522Z,gpu-3uwoq-6g3ya-2,ib_counter,rdma_vf_rail2,port_xmit_wait,0
2026-09-30T07:13:58.522Z,gpu-3uwoq-6g3ya-2,ib_counter,rdma_vf_rail2,port_rcv_errors,0
2026-09-30T07:13:58.522Z,gpu-3uwoq-6g3ya-2,ib_counter,rdma_vf_rail2,port_xmit_discards,0
2026-09-30T07:13:58.522Z,gpu-3uwoq-6g3ya-2,ib_counter,rdma_vf_rail2,link_downed,0
2026-09-30T07:13:58.522Z,gpu-3uwoq-6g3ya-2,ib_hw_counter,rdma_vf_rail2,out_of_sequence,8
2026-09-30T07:13:58.522Z,gpu-3uwoq-6g3ya-2,ib_hw_counter,rdma_vf_rail2,packet_seq_err,0
2026-09-30T07:13:58.522Z,gpu-3uwoq-6g3ya-2,ib_hw_counter,rdma_vf_rail2,local_ack_timeout_err,0
2026-09-30T07:13:58.522Z,gpu-3uwoq-6g3ya-2,ib_hw_counter,rdma_vf_rail2,rx_write_requests,7.11202e+08
2026-09-30T07:13:58.522Z,gpu-3uwoq-6g3ya-2,ib_hw_counter,rdma_vf_rail2,rx_read_requests,1.241e+07
2026-09-30T07:13:58.522Z,gpu-3uwoq-6g3ya-2,ib_hw_counter,rdma_vf_rail2,req_cqe_error,0
2026-09-30T07:13:58.522Z,gpu-3uwoq-6g3ya-2,ib_hw_counter,rdma_vf_rail2,resp_cqe_error,0
2026-09-30T07:13:58.522Z,gpu-3uwoq-6g3ya-2,ib_hw_counter,rdma_vf_rail2,implied_nak_seq_err,0
2026-09-30T07:13:58.522Z,gpu-3uwoq-6g3ya-2,ib_hw_counter,rdma_vf_rail2,duplicate_request,0
2026-09-30T07:13:58.522Z,gpu-3uwoq-6g3ya-2,ib_counter,rdma_vf_rail3,port_xmit_data,3.026e+12
2026-09-30T07:13:58.522Z,gpu-3uwoq-6g3ya-2,ib_counter,rdma_vf_rail3,port_rcv_data,5.98622e+12
2026-09-30T07:13:58.522Z,gpu-3uwoq-6g3ya-2,ib_counter,rdma_vf_rail3,port_xmit_packets,1.01861e+09
2026-09-30T07:13:58.522Z,gpu-3uwoq-6g3ya-2,ib_counter,rdma_vf_rail3,port_rcv_packets,1.65278e+09
2026-09-30T07:13:58.522Z,gpu-3uwoq-6g3ya-2,ib_counter,rdma_vf_rail3,port_xmit_wait,0
2026-09-30T07:13:58.522Z,gpu-3uwoq-6g3ya-2,ib_counter,rdma_vf_rail3,port_rcv_errors,0
2026-09-30T07:13:58.522Z,gpu-3uwoq-6g3ya-2,ib_counter,rdma_vf_rail3,port_xmit_discards,0
2026-09-30T07:13:58.522Z,gpu-3uwoq-6g3ya-2,ib_counter,rdma_vf_rail3,link_downed,0
2026-09-30T07:13:58.522Z,gpu-3uwoq-6g3ya-2,ib_hw_counter,rdma_vf_rail3,out_of_sequence,7
2026-09-30T07:13:58.522Z,gpu-3uwoq-6g3ya-2,ib_hw_counter,rdma_vf_rail3,packet_seq_err,1
2026-09-30T07:13:58.522Z,gpu-3uwoq-6g3ya-2,ib_hw_counter,rdma_vf_rail3,local_ack_timeout_err,0
2026-09-30T07:13:58.522Z,gpu-3uwoq-6g3ya-2,ib_hw_counter,rdma_vf_rail3,rx_write_requests,7.11202e+08
2026-09-30T07:13:58.522Z,gpu-3uwoq-6g3ya-2,ib_hw_counter,rdma_vf_rail3,rx_read_requests,1.241e+07
2026-09-30T07:13:58.522Z,gpu-3uwoq-6g3ya-2,ib_hw_counter,rdma_vf_rail3,req_cqe_error,0
2026-09-30T07:13:58.522Z,gpu-3uwoq-6g3ya-2,ib_hw_counter,rdma_vf_rail3,resp_cqe_error,0
2026-09-30T07:13:58.522Z,gpu-3uwoq-6g3ya-2,ib_hw_counter,rdma_vf_rail3,implied_nak_seq_err,0
2026-09-30T07:13:58.522Z,gpu-3uwoq-6g3ya-2,ib_hw_counter,rdma_vf_rail3,duplicate_request,0
2026-09-30T07:13:58.522Z,gpu-3uwoq-6g3ya-2,dcgm,gpu2,gpu_util,0
2026-09-30T07:13:58.522Z,gpu-3uwoq-6g3ya-2,dcgm,gpu3,gpu_util,0
2026-09-30T07:13:58.522Z,gpu-3uwoq-6g3ya-2,dcgm,gpu1,gpu_util,0
2026-09-30T07:13:58.522Z,gpu-3uwoq-6g3ya-2,dcgm,gpu0,gpu_util,0
2026-09-30T07:13:58.522Z,gpu-3uwoq-6g3ya-2,dcgm,gpu2,nvlink_bandwidth_total,0
2026-09-30T07:13:58.522Z,gpu-3uwoq-6g3ya-2,dcgm,gpu3,nvlink_bandwidth_total,0
2026-09-30T07:13:58.522Z,gpu-3uwoq-6g3ya-2,dcgm,gpu1,nvlink_bandwidth_total,0
2026-09-30T07:13:58.522Z,gpu-3uwoq-6g3ya-2,dcgm,gpu0,nvlink_bandwidth_total,0
2026-09-30T07:13:58.522Z,gpu-3uwoq-6g3ya-2,dcgm,gpu2,power_w,230.943
2026-09-30T07:13:58.522Z,gpu-3uwoq-6g3ya-2,dcgm,gpu3,power_w,233.861
2026-09-30T07:13:58.522Z,gpu-3uwoq-6g3ya-2,dcgm,gpu1,power_w,230.031
2026-09-30T07:13:58.522Z,gpu-3uwoq-6g3ya-2,dcgm,gpu0,power_w,226.432
2026-09-30T07:13:58.522Z,gpu-3uwoq-6g3ya-2,dcgm,gpu2,sm_clock_mhz,2070
2026-09-30T07:13:58.522Z,gpu-3uwoq-6g3ya-2,dcgm,gpu3,sm_clock_mhz,2070
2026-09-30T07:13:58.522Z,gpu-3uwoq-6g3ya-2,dcgm,gpu1,sm_clock_mhz,2070
2026-09-30T07:13:58.522Z,gpu-3uwoq-6g3ya-2,dcgm,gpu0,sm_clock_mhz,2070
2026-09-30T07:13:58.522Z,gpu-3uwoq-6g3ya-2,dcgm,gpu2,dram_active,0
2026-09-30T07:13:58.522Z,gpu-3uwoq-6g3ya-2,dcgm,gpu3,dram_active,0
2026-09-30T07:13:58.522Z,gpu-3uwoq-6g3ya-2,dcgm,gpu1,dram_active,0
2026-09-30T07:13:58.522Z,gpu-3uwoq-6g3ya-2,dcgm,gpu0,dram_active,0
2026-09-30T07:13:58.522Z,gpu-3uwoq-6g3ya-2,dcgm,gpu2,pcie_rx_bytes,52573
2026-09-30T07:13:58.522Z,gpu-3uwoq-6g3ya-2,dcgm,gpu3,pcie_rx_bytes,53040
2026-09-30T07:13:58.522Z,gpu-3uwoq-6g3ya-2,dcgm,gpu1,pcie_rx_bytes,61148
2026-09-30T07:13:58.522Z,gpu-3uwoq-6g3ya-2,dcgm,gpu0,pcie_rx_bytes,61199
2026-09-30T07:13:58.522Z,gpu-3uwoq-6g3ya-2,dcgm,gpu2,pcie_tx_bytes,49327
2026-09-30T07:13:58.522Z,gpu-3uwoq-6g3ya-2,dcgm,gpu3,pcie_tx_bytes,49808
2026-09-30T07:13:58.522Z,gpu-3uwoq-6g3ya-2,dcgm,gpu1,pcie_tx_bytes,57899
2026-09-30T07:13:58.522Z,gpu-3uwoq-6g3ya-2,dcgm,gpu0,pcie_tx_bytes,57949
2026-09-30T07:13:58.522Z,gpu-3uwoq-6g3ya-2,dcgm,gpu2,tensor_active,0
2026-09-30T07:13:58.522Z,gpu-3uwoq-6g3ya-2,dcgm,gpu3,tensor_active,0
2026-09-30T07:13:58.522Z,gpu-3uwoq-6g3ya-2,dcgm,gpu1,tensor_active,0
2026-09-30T07:13:58.522Z,gpu-3uwoq-6g3ya-2,dcgm,gpu0,tensor_active,0
2026-09-30T07:13:58.522Z,gpu-3uwoq-6g3ya-2,dcgm,gpu2,sm_active,0
2026-09-30T07:13:58.522Z,gpu-3uwoq-6g3ya-2,dcgm,gpu3,sm_active,0
2026-09-30T07:13:58.522Z,gpu-3uwoq-6g3ya-2,dcgm,gpu1,sm_active,0
2026-09-30T07:13:58.522Z,gpu-3uwoq-6g3ya-2,dcgm,gpu0,sm_active,0
2026-09-30T07:13:58.522Z,gpu-3uwoq-6g3ya-2,nvlink,gpu0,nvlink_rx_bytes,4.84459e+13
2026-09-30T07:13:58.522Z,gpu-3uwoq-6g3ya-2,nvlink,gpu0,nvlink_tx_bytes,4.84493e+13
2026-09-30T07:13:58.522Z,gpu-3uwoq-6g3ya-2,nvlink,gpu1,nvlink_rx_bytes,4.8648e+13
2026-09-30T07:13:58.522Z,gpu-3uwoq-6g3ya-2,nvlink,gpu1,nvlink_tx_bytes,4.86502e+13
2026-09-30T07:13:58.522Z,gpu-3uwoq-6g3ya-2,nvlink,gpu2,nvlink_rx_bytes,4.84828e+13
2026-09-30T07:13:58.522Z,gpu-3uwoq-6g3ya-2,nvlink,gpu2,nvlink_tx_bytes,4.84863e+13
2026-09-30T07:13:58.522Z,gpu-3uwoq-6g3ya-2,nvlink,gpu3,nvlink_rx_bytes,4.83797e+13
2026-09-30T07:13:58.522Z,gpu-3uwoq-6g3ya-2,nvlink,gpu3,nvlink_tx_bytes,4.83829e+13
2026-09-30T07:13:59.522Z,gpu-3uwoq-6g3ya-2,ib_counter,rdma_vf_rail0,port_xmit_data,3.1619e+12
2026-09-30T07:13:59.522Z,gpu-3uwoq-6g3ya-2,ib_counter,rdma_vf_rail0,port_rcv_data,6.12198e+12
2026-09-30T07:13:59.522Z,gpu-3uwoq-6g3ya-2,ib_counter,rdma_vf_rail0,port_xmit_packets,1.07066e+09
2026-09-30T07:13:59.522Z,gpu-3uwoq-6g3ya-2,ib_counter,rdma_vf_rail0,port_rcv_packets,1.70183e+09
2026-09-30T07:13:59.522Z,gpu-3uwoq-6g3ya-2,ib_counter,rdma_vf_rail0,port_xmit_wait,0
2026-09-30T07:13:59.522Z,gpu-3uwoq-6g3ya-2,ib_counter,rdma_vf_rail0,port_rcv_errors,0
2026-09-30T07:13:59.522Z,gpu-3uwoq-6g3ya-2,ib_counter,rdma_vf_rail0,port_xmit_discards,0
2026-09-30T07:13:59.522Z,gpu-3uwoq-6g3ya-2,ib_counter,rdma_vf_rail0,link_downed,0
2026-09-30T07:13:59.522Z,gpu-3uwoq-6g3ya-2,ib_hw_counter,rdma_vf_rail0,out_of_sequence,8
2026-09-30T07:13:59.522Z,gpu-3uwoq-6g3ya-2,ib_hw_counter,rdma_vf_rail0,packet_seq_err,0
2026-09-30T07:13:59.522Z,gpu-3uwoq-6g3ya-2,ib_hw_counter,rdma_vf_rail0,local_ack_timeout_err,0
2026-09-30T07:13:59.522Z,gpu-3uwoq-6g3ya-2,ib_hw_counter,rdma_vf_rail0,rx_write_requests,7.13227e+08
2026-09-30T07:13:59.522Z,gpu-3uwoq-6g3ya-2,ib_hw_counter,rdma_vf_rail0,rx_read_requests,1.34187e+07
2026-09-30T07:13:59.522Z,gpu-3uwoq-6g3ya-2,ib_hw_counter,rdma_vf_rail0,req_cqe_error,0
2026-09-30T07:13:59.522Z,gpu-3uwoq-6g3ya-2,ib_hw_counter,rdma_vf_rail0,resp_cqe_error,0
2026-09-30T07:13:59.522Z,gpu-3uwoq-6g3ya-2,ib_hw_counter,rdma_vf_rail0,implied_nak_seq_err,0
2026-09-30T07:13:59.522Z,gpu-3uwoq-6g3ya-2,ib_hw_counter,rdma_vf_rail0,duplicate_request,0
2026-09-30T07:13:59.522Z,gpu-3uwoq-6g3ya-2,ib_counter,rdma_vf_rail1,port_xmit_data,3.05371e+12
2026-09-30T07:13:59.522Z,gpu-3uwoq-6g3ya-2,ib_counter,rdma_vf_rail1,port_rcv_data,6.01387e+12
2026-09-30T07:13:59.522Z,gpu-3uwoq-6g3ya-2,ib_counter,rdma_vf_rail1,port_xmit_packets,1.03795e+09
2026-09-30T07:13:59.522Z,gpu-3uwoq-6g3ya-2,ib_counter,rdma_vf_rail1,port_rcv_packets,1.66932e+09
2026-09-30T07:13:59.522Z,gpu-3uwoq-6g3ya-2,ib_counter,rdma_vf_rail1,port_xmit_wait,0
2026-09-30T07:13:59.522Z,gpu-3uwoq-6g3ya-2,ib_counter,rdma_vf_rail1,port_rcv_errors,0
2026-09-30T07:13:59.522Z,gpu-3uwoq-6g3ya-2,ib_counter,rdma_vf_rail1,port_xmit_discards,0
2026-09-30T07:13:59.522Z,gpu-3uwoq-6g3ya-2,ib_counter,rdma_vf_rail1,link_downed,0
2026-09-30T07:13:59.522Z,gpu-3uwoq-6g3ya-2,ib_hw_counter,rdma_vf_rail1,out_of_sequence,8
2026-09-30T07:13:59.522Z,gpu-3uwoq-6g3ya-2,ib_hw_counter,rdma_vf_rail1,packet_seq_err,0
2026-09-30T07:13:59.522Z,gpu-3uwoq-6g3ya-2,ib_hw_counter,rdma_vf_rail1,local_ack_timeout_err,0
2026-09-30T07:13:59.522Z,gpu-3uwoq-6g3ya-2,ib_hw_counter,rdma_vf_rail1,rx_write_requests,7.11635e+08
2026-09-30T07:13:59.522Z,gpu-3uwoq-6g3ya-2,ib_hw_counter,rdma_vf_rail1,rx_read_requests,1.26179e+07
2026-09-30T07:13:59.522Z,gpu-3uwoq-6g3ya-2,ib_hw_counter,rdma_vf_rail1,req_cqe_error,0
2026-09-30T07:13:59.522Z,gpu-3uwoq-6g3ya-2,ib_hw_counter,rdma_vf_rail1,resp_cqe_error,0
2026-09-30T07:13:59.522Z,gpu-3uwoq-6g3ya-2,ib_hw_counter,rdma_vf_rail1,implied_nak_seq_err,0
2026-09-30T07:13:59.522Z,gpu-3uwoq-6g3ya-2,ib_hw_counter,rdma_vf_rail1,duplicate_request,0
2026-09-30T07:13:59.522Z,gpu-3uwoq-6g3ya-2,ib_counter,rdma_vf_rail2,port_xmit_data,3.02614e+12
2026-09-30T07:13:59.522Z,gpu-3uwoq-6g3ya-2,ib_counter,rdma_vf_rail2,port_rcv_data,5.98562e+12
2026-09-30T07:13:59.522Z,gpu-3uwoq-6g3ya-2,ib_counter,rdma_vf_rail2,port_xmit_packets,1.02027e+09
2026-09-30T07:13:59.522Z,gpu-3uwoq-6g3ya-2,ib_counter,rdma_vf_rail2,port_rcv_packets,1.64539e+09
2026-09-30T07:13:59.522Z,gpu-3uwoq-6g3ya-2,ib_counter,rdma_vf_rail2,port_xmit_wait,0
2026-09-30T07:13:59.522Z,gpu-3uwoq-6g3ya-2,ib_counter,rdma_vf_rail2,port_rcv_errors,0
2026-09-30T07:13:59.522Z,gpu-3uwoq-6g3ya-2,ib_counter,rdma_vf_rail2,port_xmit_discards,0
2026-09-30T07:13:59.522Z,gpu-3uwoq-6g3ya-2,ib_counter,rdma_vf_rail2,link_downed,0
2026-09-30T07:13:59.522Z,gpu-3uwoq-6g3ya-2,ib_hw_counter,rdma_vf_rail2,out_of_sequence,8
2026-09-30T07:13:59.522Z,gpu-3uwoq-6g3ya-2,ib_hw_counter,rdma_vf_rail2,packet_seq_err,0
2026-09-30T07:13:59.522Z,gpu-3uwoq-6g3ya-2,ib_hw_counter,rdma_vf_rail2,local_ack_timeout_err,0
2026-09-30T07:13:59.522Z,gpu-3uwoq-6g3ya-2,ib_hw_counter,rdma_vf_rail2,rx_write_requests,7.11202e+08
2026-09-30T07:13:59.522Z,gpu-3uwoq-6g3ya-2,ib_hw_counter,rdma_vf_rail2,rx_read_requests,1.241e+07
2026-09-30T07:13:59.522Z,gpu-3uwoq-6g3ya-2,ib_hw_counter,rdma_vf_rail2,req_cqe_error,0
2026-09-30T07:13:59.522Z,gpu-3uwoq-6g3ya-2,ib_hw_counter,rdma_vf_rail2,resp_cqe_error,0
2026-09-30T07:13:59.522Z,gpu-3uwoq-6g3ya-2,ib_hw_counter,rdma_vf_rail2,implied_nak_seq_err,0
2026-09-30T07:13:59.522Z,gpu-3uwoq-6g3ya-2,ib_hw_counter,rdma_vf_rail2,duplicate_request,0
2026-09-30T07:13:59.522Z,gpu-3uwoq-6g3ya-2,ib_counter,rdma_vf_rail3,port_xmit_data,3.026e+12
2026-09-30T07:13:59.522Z,gpu-3uwoq-6g3ya-2,ib_counter,rdma_vf_rail3,port_rcv_data,5.98622e+12
2026-09-30T07:13:59.522Z,gpu-3uwoq-6g3ya-2,ib_counter,rdma_vf_rail3,port_xmit_packets,1.01861e+09
2026-09-30T07:13:59.522Z,gpu-3uwoq-6g3ya-2,ib_counter,rdma_vf_rail3,port_rcv_packets,1.65278e+09
2026-09-30T07:13:59.522Z,gpu-3uwoq-6g3ya-2,ib_counter,rdma_vf_rail3,port_xmit_wait,0
2026-09-30T07:13:59.522Z,gpu-3uwoq-6g3ya-2,ib_counter,rdma_vf_rail3,port_rcv_errors,0
2026-09-30T07:13:59.522Z,gpu-3uwoq-6g3ya-2,ib_counter,rdma_vf_rail3,port_xmit_discards,0
2026-09-30T07:13:59.522Z,gpu-3uwoq-6g3ya-2,ib_counter,rdma_vf_rail3,link_downed,0
2026-09-30T07:13:59.522Z,gpu-3uwoq-6g3ya-2,ib_hw_counter,rdma_vf_rail3,out_of_sequence,7
2026-09-30T07:13:59.522Z,gpu-3uwoq-6g3ya-2,ib_hw_counter,rdma_vf_rail3,packet_seq_err,1
2026-09-30T07:13:59.522Z,gpu-3uwoq-6g3ya-2,ib_hw_counter,rdma_vf_rail3,local_ack_timeout_err,0
2026-09-30T07:13:59.522Z,gpu-3uwoq-6g3ya-2,ib_hw_counter,rdma_vf_rail3,rx_write_requests,7.11202e+08
2026-09-30T07:13:59.522Z,gpu-3uwoq-6g3ya-2,ib_hw_counter,rdma_vf_rail3,rx_read_requests,1.241e+07
2026-09-30T07:13:59.522Z,gpu-3uwoq-6g3ya-2,ib_hw_counter,rdma_vf_rail3,req_cqe_error,0
2026-09-30T07:13:59.522Z,gpu-3uwoq-6g3ya-2,ib_hw_counter,rdma_vf_rail3,resp_cqe_error,0
2026-09-30T07:13:59.522Z,gpu-3uwoq-6g3ya-2,ib_hw_counter,rdma_vf_rail3,implied_nak_seq_err,0
2026-09-30T07:13:59.522Z,gpu-3uwoq-6g3ya-2,ib_hw_counter,rdma_vf_rail3,duplicate_request,0
2026-09-30T07:13:59.522Z,gpu-3uwoq-6g3ya-2,dcgm,gpu2,gpu_util,0
2026-09-30T07:13:59.522Z,gpu-3uwoq-6g3ya-2,dcgm,gpu3,gpu_util,0
2026-09-30T07:13:59.522Z,gpu-3uwoq-6g3ya-2,dcgm,gpu1,gpu_util,0
2026-09-30T07:13:59.522Z,gpu-3uwoq-6g3ya-2,dcgm,gpu0,gpu_util,0
2026-09-30T07:13:59.522Z,gpu-3uwoq-6g3ya-2,dcgm,gpu2,nvlink_bandwidth_total,0
2026-09-30T07:13:59.522Z,gpu-3uwoq-6g3ya-2,dcgm,gpu3,nvlink_bandwidth_total,0
2026-09-30T07:13:59.522Z,gpu-3uwoq-6g3ya-2,dcgm,gpu1,nvlink_bandwidth_total,0
2026-09-30T07:13:59.522Z,gpu-3uwoq-6g3ya-2,dcgm,gpu0,nvlink_bandwidth_total,0
2026-09-30T07:13:59.522Z,gpu-3uwoq-6g3ya-2,dcgm,gpu2,power_w,230.943
2026-09-30T07:13:59.522Z,gpu-3uwoq-6g3ya-2,dcgm,gpu3,power_w,233.861
2026-09-30T07:13:59.522Z,gpu-3uwoq-6g3ya-2,dcgm,gpu1,power_w,230.031
2026-09-30T07:13:59.522Z,gpu-3uwoq-6g3ya-2,dcgm,gpu0,power_w,226.432
2026-09-30T07:13:59.522Z,gpu-3uwoq-6g3ya-2,dcgm,gpu2,sm_clock_mhz,2070
2026-09-30T07:13:59.522Z,gpu-3uwoq-6g3ya-2,dcgm,gpu3,sm_clock_mhz,2070
2026-09-30T07:13:59.522Z,gpu-3uwoq-6g3ya-2,dcgm,gpu1,sm_clock_mhz,2070
2026-09-30T07:13:59.522Z,gpu-3uwoq-6g3ya-2,dcgm,gpu0,sm_clock_mhz,2070
2026-09-30T07:13:59.522Z,gpu-3uwoq-6g3ya-2,dcgm,gpu2,dram_active,0
2026-09-30T07:13:59.522Z,gpu-3uwoq-6g3ya-2,dcgm,gpu3,dram_active,0
2026-09-30T07:13:59.522Z,gpu-3uwoq-6g3ya-2,dcgm,gpu1,dram_active,0
2026-09-30T07:13:59.522Z,gpu-3uwoq-6g3ya-2,dcgm,gpu0,dram_active,0
2026-09-30T07:13:59.522Z,gpu-3uwoq-6g3ya-2,dcgm,gpu2,pcie_rx_bytes,52573
2026-09-30T07:13:59.522Z,gpu-3uwoq-6g3ya-2,dcgm,gpu3,pcie_rx_bytes,53040
2026-09-30T07:13:59.522Z,gpu-3uwoq-6g3ya-2,dcgm,gpu1,pcie_rx_bytes,61148
2026-09-30T07:13:59.522Z,gpu-3uwoq-6g3ya-2,dcgm,gpu0,pcie_rx_bytes,61199
2026-09-30T07:13:59.522Z,gpu-3uwoq-6g3ya-2,dcgm,gpu2,pcie_tx_bytes,49327
2026-09-30T07:13:59.522Z,gpu-3uwoq-6g3ya-2,dcgm,gpu3,pcie_tx_bytes,49808
2026-09-30T07:13:59.522Z,gpu-3uwoq-6g3ya-2,dcgm,gpu1,pcie_tx_bytes,57899
2026-09-30T07:13:59.522Z,gpu-3uwoq-6g3ya-2,dcgm,gpu0,pcie_tx_bytes,57949
2026-09-30T07:13:59.522Z,gpu-3uwoq-6g3ya-2,dcgm,gpu2,tensor_active,0
2026-09-30T07:13:59.522Z,gpu-3uwoq-6g3ya-2,dcgm,gpu3,tensor_active,0
2026-09-30T07:13:59.522Z,gpu-3uwoq-6g3ya-2,dcgm,gpu1,tensor_active,0
2026-09-30T07:13:59.522Z,gpu-3uwoq-6g3ya-2,dcgm,gpu0,tensor_active,0
2026-09-30T07:13:59.522Z,gpu-3uwoq-6g3ya-2,dcgm,gpu2,sm_active,0
2026-09-30T07:13:59.522Z,gpu-3uwoq-6g3ya-2,dcgm,gpu3,sm_active,0
2026-09-30T07:13:59.522Z,gpu-3uwoq-6g3ya-2,dcgm,gpu1,sm_active,0
2026-09-30T07:13:59.522Z,gpu-3uwoq-6g3ya-2,dcgm,gpu0,sm_active,0
2026-09-30T07:13:59.522Z,gpu-3uwoq-6g3ya-2,nvlink,gpu0,nvlink_rx_bytes,4.84459e+13
2026-09-30T07:13:59.522Z,gpu-3uwoq-6g3ya-2,nvlink,gpu0,nvlink_tx_bytes,4.84493e+13
2026-09-30T07:13:59.522Z,gpu-3uwoq-6g3ya-2,nvlink,gpu1,nvlink_rx_bytes,4.8648e+13
2026-09-30T07:13:59.522Z,gpu-3uwoq-6g3ya-2,nvlink,gpu1,nvlink_tx_bytes,4.86502e+13
2026-09-30T07:13:59.522Z,gpu-3uwoq-6g3ya-2,nvlink,gpu2,nvlink_rx_bytes,4.84828e+13
2026-09-30T07:13:59.522Z,gpu-3uwoq-6g3ya-2,nvlink,gpu2,nvlink_tx_bytes,4.84863e+13
2026-09-30T07:13:59.522Z,gpu-3uwoq-6g3ya-2,nvlink,gpu3,nvlink_rx_bytes,4.83797e+13
2026-09-30T07:13:59.522Z,gpu-3uwoq-6g3ya-2,nvlink,gpu3,nvlink_tx_bytes,4.83829e+13
2026-09-30T07:14:00.522Z,gpu-3uwoq-6g3ya-2,ib_counter,rdma_vf_rail0,port_xmit_data,3.1619e+12
2026-09-30T07:14:00.522Z,gpu-3uwoq-6g3ya-2,ib_counter,rdma_vf_rail0,port_rcv_data,6.12198e+12
2026-09-30T07:14:00.522Z,gpu-3uwoq-6g3ya-2,ib_counter,rdma_vf_rail0,port_xmit_packets,1.07066e+09
2026-09-30T07:14:00.522Z,gpu-3uwoq-6g3ya-2,ib_counter,rdma_vf_rail0,port_rcv_packets,1.70183e+09
2026-09-30T07:14:00.522Z,gpu-3uwoq-6g3ya-2,ib_counter,rdma_vf_rail0,port_xmit_wait,0
2026-09-30T07:14:00.522Z,gpu-3uwoq-6g3ya-2,ib_counter,rdma_vf_rail0,port_rcv_errors,0
2026-09-30T07:14:00.522Z,gpu-3uwoq-6g3ya-2,ib_counter,rdma_vf_rail0,port_xmit_discards,0
2026-09-30T07:14:00.522Z,gpu-3uwoq-6g3ya-2,ib_counter,rdma_vf_rail0,link_downed,0
2026-09-30T07:14:00.522Z,gpu-3uwoq-6g3ya-2,ib_hw_counter,rdma_vf_rail0,out_of_sequence,8
2026-09-30T07:14:00.522Z,gpu-3uwoq-6g3ya-2,ib_hw_counter,rdma_vf_rail0,packet_seq_err,0
2026-09-30T07:14:00.522Z,gpu-3uwoq-6g3ya-2,ib_hw_counter,rdma_vf_rail0,local_ack_timeout_err,0
2026-09-30T07:14:00.522Z,gpu-3uwoq-6g3ya-2,ib_hw_counter,rdma_vf_rail0,rx_write_requests,7.13227e+08
2026-09-30T07:14:00.522Z,gpu-3uwoq-6g3ya-2,ib_hw_counter,rdma_vf_rail0,rx_read_requests,1.34187e+07
2026-09-30T07:14:00.522Z,gpu-3uwoq-6g3ya-2,ib_hw_counter,rdma_vf_rail0,req_cqe_error,0
2026-09-30T07:14:00.522Z,gpu-3uwoq-6g3ya-2,ib_hw_counter,rdma_vf_rail0,resp_cqe_error,0
2026-09-30T07:14:00.522Z,gpu-3uwoq-6g3ya-2,ib_hw_counter,rdma_vf_rail0,implied_nak_seq_err,0
2026-09-30T07:14:00.522Z,gpu-3uwoq-6g3ya-2,ib_hw_counter,rdma_vf_rail0,duplicate_request,0
2026-09-30T07:14:00.522Z,gpu-3uwoq-6g3ya-2,ib_counter,rdma_vf_rail1,port_xmit_data,3.05371e+12
2026-09-30T07:14:00.522Z,gpu-3uwoq-6g3ya-2,ib_counter,rdma_vf_rail1,port_rcv_data,6.01387e+12
2026-09-30T07:14:00.522Z,gpu-3uwoq-6g3ya-2,ib_counter,rdma_vf_rail1,port_xmit_packets,1.03795e+09
2026-09-30T07:14:00.522Z,gpu-3uwoq-6g3ya-2,ib_counter,rdma_vf_rail1,port_rcv_packets,1.66932e+09
2026-09-30T07:14:00.522Z,gpu-3uwoq-6g3ya-2,ib_counter,rdma_vf_rail1,port_xmit_wait,0
2026-09-30T07:14:00.522Z,gpu-3uwoq-6g3ya-2,ib_counter,rdma_vf_rail1,port_rcv_errors,0
2026-09-30T07:14:00.522Z,gpu-3uwoq-6g3ya-2,ib_counter,rdma_vf_rail1,port_xmit_discards,0
2026-09-30T07:14:00.522Z,gpu-3uwoq-6g3ya-2,ib_counter,rdma_vf_rail1,link_downed,0
2026-09-30T07:14:00.522Z,gpu-3uwoq-6g3ya-2,ib_hw_counter,rdma_vf_rail1,out_of_sequence,8
2026-09-30T07:14:00.522Z,gpu-3uwoq-6g3ya-2,ib_hw_counter,rdma_vf_rail1,packet_seq_err,0
2026-09-30T07:14:00.522Z,gpu-3uwoq-6g3ya-2,ib_hw_counter,rdma_vf_rail1,local_ack_timeout_err,0
2026-09-30T07:14:00.522Z,gpu-3uwoq-6g3ya-2,ib_hw_counter,rdma_vf_rail1,rx_write_requests,7.11635e+08
2026-09-30T07:14:00.522Z,gpu-3uwoq-6g3ya-2,ib_hw_counter,rdma_vf_rail1,rx_read_requests,1.26179e+07
2026-09-30T07:14:00.522Z,gpu-3uwoq-6g3ya-2,ib_hw_counter,rdma_vf_rail1,req_cqe_error,0
2026-09-30T07:14:00.522Z,gpu-3uwoq-6g3ya-2,ib_hw_counter,rdma_vf_rail1,resp_cqe_error,0
2026-09-30T07:14:00.522Z,gpu-3uwoq-6g3ya-2,ib_hw_counter,rdma_vf_rail1,implied_nak_seq_err,0
2026-09-30T07:14:00.522Z,gpu-3uwoq-6g3ya-2,ib_hw_counter,rdma_vf_rail1,duplicate_request,0
2026-09-30T07:14:00.522Z,gpu-3uwoq-6g3ya-2,ib_counter,rdma_vf_rail2,port_xmit_data,3.02614e+12
2026-09-30T07:14:00.522Z,gpu-3uwoq-6g3ya-2,ib_counter,rdma_vf_rail2,port_rcv_data,5.98562e+12
2026-09-30T07:14:00.522Z,gpu-3uwoq-6g3ya-2,ib_counter,rdma_vf_rail2,port_xmit_packets,1.02027e+09
2026-09-30T07:14:00.522Z,gpu-3uwoq-6g3ya-2,ib_counter,rdma_vf_rail2,port_rcv_packets,1.64539e+09
2026-09-30T07:14:00.522Z,gpu-3uwoq-6g3ya-2,ib_counter,rdma_vf_rail2,port_xmit_wait,0
2026-09-30T07:14:00.522Z,gpu-3uwoq-6g3ya-2,ib_counter,rdma_vf_rail2,port_rcv_errors,0
2026-09-30T07:14:00.522Z,gpu-3uwoq-6g3ya-2,ib_counter,rdma_vf_rail2,port_xmit_discards,0
2026-09-30T07:14:00.522Z,gpu-3uwoq-6g3ya-2,ib_counter,rdma_vf_rail2,link_downed,0
2026-09-30T07:14:00.522Z,gpu-3uwoq-6g3ya-2,ib_hw_counter,rdma_vf_rail2,out_of_sequence,8
2026-09-30T07:14:00.522Z,gpu-3uwoq-6g3ya-2,ib_hw_counter,rdma_vf_rail2,packet_seq_err,0
2026-09-30T07:14:00.522Z,gpu-3uwoq-6g3ya-2,ib_hw_counter,rdma_vf_rail2,local_ack_timeout_err,0
2026-09-30T07:14:00.522Z,gpu-3uwoq-6g3ya-2,ib_hw_counter,rdma_vf_rail2,rx_write_requests,7.11202e+08
2026-09-30T07:14:00.522Z,gpu-3uwoq-6g3ya-2,ib_hw_counter,rdma_vf_rail2,rx_read_requests,1.241e+07
2026-09-30T07:14:00.522Z,gpu-3uwoq-6g3ya-2,ib_hw_counter,rdma_vf_rail2,req_cqe_error,0
2026-09-30T07:14:00.522Z,gpu-3uwoq-6g3ya-2,ib_hw_counter,rdma_vf_rail2,resp_cqe_error,0
2026-09-30T07:14:00.522Z,gpu-3uwoq-6g3ya-2,ib_hw_counter,rdma_vf_rail2,implied_nak_seq_err,0
2026-09-30T07:14:00.522Z,gpu-3uwoq-6g3ya-2,ib_hw_counter,rdma_vf_rail2,duplicate_request,0
2026-09-30T07:14:00.522Z,gpu-3uwoq-6g3ya-2,ib_counter,rdma_vf_rail3,port_xmit_data,3.026e+12
2026-09-30T07:14:00.522Z,gpu-3uwoq-6g3ya-2,ib_counter,rdma_vf_rail3,port_rcv_data,5.98622e+12
2026-09-30T07:14:00.522Z,gpu-3uwoq-6g3ya-2,ib_counter,rdma_vf_rail3,port_xmit_packets,1.01861e+09
2026-09-30T07:14:00.522Z,gpu-3uwoq-6g3ya-2,ib_counter,rdma_vf_rail3,port_rcv_packets,1.65278e+09
2026-09-30T07:14:00.522Z,gpu-3uwoq-6g3ya-2,ib_counter,rdma_vf_rail3,port_xmit_wait,0
2026-09-30T07:14:00.522Z,gpu-3uwoq-6g3ya-2,ib_counter,rdma_vf_rail3,port_rcv_errors,0
2026-09-30T07:14:00.522Z,gpu-3uwoq-6g3ya-2,ib_counter,rdma_vf_rail3,port_xmit_discards,0
2026-09-30T07:14:00.522Z,gpu-3uwoq-6g3ya-2,ib_counter,rdma_vf_rail3,link_downed,0
2026-09-30T07:14:00.522Z,gpu-3uwoq-6g3ya-2,ib_hw_counter,rdma_vf_rail3,out_of_sequence,7
2026-09-30T07:14:00.522Z,gpu-3uwoq-6g3ya-2,ib_hw_counter,rdma_vf_rail3,packet_seq_err,1
2026-09-30T07:14:00.522Z,gpu-3uwoq-6g3ya-2,ib_hw_counter,rdma_vf_rail3,local_ack_timeout_err,0
2026-09-30T07:14:00.522Z,gpu-3uwoq-6g3ya-2,ib_hw_counter,rdma_vf_rail3,rx_write_requests,7.11202e+08
2026-09-30T07:14:00.522Z,gpu-3uwoq-6g3ya-2,ib_hw_counter,rdma_vf_rail3,rx_read_requests,1.241e+07
2026-09-30T07:14:00.522Z,gpu-3uwoq-6g3ya-2,ib_hw_counter,rdma_vf_rail3,req_cqe_error,0
2026-09-30T07:14:00.522Z,gpu-3uwoq-6g3ya-2,ib_hw_counter,rdma_vf_rail3,resp_cqe_error,0
2026-09-30T07:14:00.522Z,gpu-3uwoq-6g3ya-2,ib_hw_counter,rdma_vf_rail3,implied_nak_seq_err,0
2026-09-30T07:14:00.522Z,gpu-3uwoq-6g3ya-2,ib_hw_counter,rdma_vf_rail3,duplicate_request,0
2026-09-30T07:14:00.522Z,gpu-3uwoq-6g3ya-2,dcgm,gpu2,gpu_util,0
2026-09-30T07:14:00.522Z,gpu-3uwoq-6g3ya-2,dcgm,gpu3,gpu_util,0
2026-09-30T07:14:00.522Z,gpu-3uwoq-6g3ya-2,dcgm,gpu1,gpu_util,0
2026-09-30T07:14:00.522Z,gpu-3uwoq-6g3ya-2,dcgm,gpu0,gpu_util,0
2026-09-30T07:14:00.522Z,gpu-3uwoq-6g3ya-2,dcgm,gpu2,nvlink_bandwidth_total,0
2026-09-30T07:14:00.522Z,gpu-3uwoq-6g3ya-2,dcgm,gpu3,nvlink_bandwidth_total,0
2026-09-30T07:14:00.522Z,gpu-3uwoq-6g3ya-2,dcgm,gpu1,nvlink_bandwidth_total,0
2026-09-30T07:14:00.522Z,gpu-3uwoq-6g3ya-2,dcgm,gpu0,nvlink_bandwidth_total,0
2026-09-30T07:14:00.522Z,gpu-3uwoq-6g3ya-2,dcgm,gpu2,power_w,230.943
2026-09-30T07:14:00.522Z,gpu-3uwoq-6g3ya-2,dcgm,gpu3,power_w,233.861
2026-09-30T07:14:00.522Z,gpu-3uwoq-6g3ya-2,dcgm,gpu1,power_w,230.031
2026-09-30T07:14:00.522Z,gpu-3uwoq-6g3ya-2,dcgm,gpu0,power_w,226.432
2026-09-30T07:14:00.522Z,gpu-3uwoq-6g3ya-2,dcgm,gpu2,sm_clock_mhz,2070
2026-09-30T07:14:00.522Z,gpu-3uwoq-6g3ya-2,dcgm,gpu3,sm_clock_mhz,2070
2026-09-30T07:14:00.522Z,gpu-3uwoq-6g3ya-2,dcgm,gpu1,sm_clock_mhz,2070
2026-09-30T07:14:00.522Z,gpu-3uwoq-6g3ya-2,dcgm,gpu0,sm_clock_mhz,2070
2026-09-30T07:14:00.522Z,gpu-3uwoq-6g3ya-2,dcgm,gpu2,dram_active,0
2026-09-30T07:14:00.522Z,gpu-3uwoq-6g3ya-2,dcgm,gpu3,dram_active,0
2026-09-30T07:14:00.522Z,gpu-3uwoq-6g3ya-2,dcgm,gpu1,dram_active,0
2026-09-30T07:14:00.522Z,gpu-3uwoq-6g3ya-2,dcgm,gpu0,dram_active,0
2026-09-30T07:14:00.522Z,gpu-3uwoq-6g3ya-2,dcgm,gpu2,pcie_rx_bytes,52573
2026-09-30T07:14:00.522Z,gpu-3uwoq-6g3ya-2,dcgm,gpu3,pcie_rx_bytes,53040
2026-09-30T07:14:00.522Z,gpu-3uwoq-6g3ya-2,dcgm,gpu1,pcie_rx_bytes,61148
2026-09-30T07:14:00.522Z,gpu-3uwoq-6g3ya-2,dcgm,gpu0,pcie_rx_bytes,61199
2026-09-30T07:14:00.522Z,gpu-3uwoq-6g3ya-2,dcgm,gpu2,pcie_tx_bytes,49327
2026-09-30T07:14:00.522Z,gpu-3uwoq-6g3ya-2,dcgm,gpu3,pcie_tx_bytes,49808
2026-09-30T07:14:00.522Z,gpu-3uwoq-6g3ya-2,dcgm,gpu1,pcie_tx_bytes,57899
2026-09-30T07:14:00.522Z,gpu-3uwoq-6g3ya-2,dcgm,gpu0,pcie_tx_bytes,57949
2026-09-30T07:14:00.522Z,gpu-3uwoq-6g3ya-2,dcgm,gpu2,tensor_active,0
2026-09-30T07:14:00.522Z,gpu-3uwoq-6g3ya-2,dcgm,gpu3,tensor_active,0
2026-09-30T07:14:00.522Z,gpu-3uwoq-6g3ya-2,dcgm,gpu1,tensor_active,0
2026-09-30T07:14:00.522Z,gpu-3uwoq-6g3ya-2,dcgm,gpu0,tensor_active,0
2026-09-30T07:14:00.522Z,gpu-3uwoq-6g3ya-2,dcgm,gpu2,sm_active,0
2026-09-30T07:14:00.522Z,gpu-3uwoq-6g3ya-2,dcgm,gpu3,sm_active,0
2026-09-30T07:14:00.522Z,gpu-3uwoq-6g3ya-2,dcgm,gpu1,sm_active,0
2026-09-30T07:14:00.522Z,gpu-3uwoq-6g3ya-2,dcgm,gpu0,sm_active,0
2026-09-30T07:14:00.522Z,gpu-3uwoq-6g3ya-2,nvlink,gpu0,nvlink_rx_bytes,4.84459e+13
2026-09-30T07:14:00.522Z,gpu-3uwoq-6g3ya-2,nvlink,gpu0,nvlink_tx_bytes,4.84493e+13
2026-09-30T07:14:00.522Z,gpu-3uwoq-6g3ya-2,nvlink,gpu1,nvlink_rx_bytes,4.8648e+13
2026-09-30T07:14:00.522Z,gpu-3uwoq-6g3ya-2,nvlink,gpu1,nvlink_tx_bytes,4.86502e+13
2026-09-30T07:14:00.522Z,gpu-3uwoq-6g3ya-2,nvlink,gpu2,nvlink_rx_bytes,4.84828e+13
2026-09-30T07:14:00.522Z,gpu-3uwoq-6g3ya-2,nvlink,gpu2,nvlink_tx_bytes,4.84863e+13
2026-09-30T07:14:00.522Z,gpu-3uwoq-6g3ya-2,nvlink,gpu3,nvlink_rx_bytes,4.83797e+13
2026-09-30T07:14:00.522Z,gpu-3uwoq-6g3ya-2,nvlink,gpu3,nvlink_tx_bytes,4.83829e+13
2026-09-30T07:14:01.522Z,gpu-3uwoq-6g3ya-2,ib_counter,rdma_vf_rail0,port_xmit_data,3.1619e+12
2026-09-30T07:14:01.522Z,gpu-3uwoq-6g3ya-2,ib_counter,rdma_vf_rail0,port_rcv_data,6.12198e+12
2026-09-30T07:14:01.522Z,gpu-3uwoq-6g3ya-2,ib_counter,rdma_vf_rail0,port_xmit_packets,1.07066e+09
2026-09-30T07:14:01.522Z,gpu-3uwoq-6g3ya-2,ib_counter,rdma_vf_rail0,port_rcv_packets,1.70183e+09
2026-09-30T07:14:01.522Z,gpu-3uwoq-6g3ya-2,ib_counter,rdma_vf_rail0,port_xmit_wait,0
2026-09-30T07:14:01.522Z,gpu-3uwoq-6g3ya-2,ib_counter,rdma_vf_rail0,port_rcv_errors,0
2026-09-30T07:14:01.522Z,gpu-3uwoq-6g3ya-2,ib_counter,rdma_vf_rail0,port_xmit_discards,0
2026-09-30T07:14:01.522Z,gpu-3uwoq-6g3ya-2,ib_counter,rdma_vf_rail0,link_downed,0
2026-09-30T07:14:01.522Z,gpu-3uwoq-6g3ya-2,ib_hw_counter,rdma_vf_rail0,out_of_sequence,8
2026-09-30T07:14:01.522Z,gpu-3uwoq-6g3ya-2,ib_hw_counter,rdma_vf_rail0,packet_seq_err,0
2026-09-30T07:14:01.522Z,gpu-3uwoq-6g3ya-2,ib_hw_counter,rdma_vf_rail0,local_ack_timeout_err,0
2026-09-30T07:14:01.522Z,gpu-3uwoq-6g3ya-2,ib_hw_counter,rdma_vf_rail0,rx_write_requests,7.13227e+08
2026-09-30T07:14:01.522Z,gpu-3uwoq-6g3ya-2,ib_hw_counter,rdma_vf_rail0,rx_read_requests,1.34187e+07
2026-09-30T07:14:01.522Z,gpu-3uwoq-6g3ya-2,ib_hw_counter,rdma_vf_rail0,req_cqe_error,0
2026-09-30T07:14:01.522Z,gpu-3uwoq-6g3ya-2,ib_hw_counter,rdma_vf_rail0,resp_cqe_error,0
2026-09-30T07:14:01.522Z,gpu-3uwoq-6g3ya-2,ib_hw_counter,rdma_vf_rail0,implied_nak_seq_err,0
2026-09-30T07:14:01.522Z,gpu-3uwoq-6g3ya-2,ib_hw_counter,rdma_vf_rail0,duplicate_request,0
2026-09-30T07:14:01.522Z,gpu-3uwoq-6g3ya-2,ib_counter,rdma_vf_rail1,port_xmit_data,3.05371e+12
2026-09-30T07:14:01.522Z,gpu-3uwoq-6g3ya-2,ib_counter,rdma_vf_rail1,port_rcv_data,6.01387e+12
2026-09-30T07:14:01.522Z,gpu-3uwoq-6g3ya-2,ib_counter,rdma_vf_rail1,port_xmit_packets,1.03795e+09
2026-09-30T07:14:01.522Z,gpu-3uwoq-6g3ya-2,ib_counter,rdma_vf_rail1,port_rcv_packets,1.66932e+09
2026-09-30T07:14:01.522Z,gpu-3uwoq-6g3ya-2,ib_counter,rdma_vf_rail1,port_xmit_wait,0
2026-09-30T07:14:01.522Z,gpu-3uwoq-6g3ya-2,ib_counter,rdma_vf_rail1,port_rcv_errors,0
2026-09-30T07:14:01.522Z,gpu-3uwoq-6g3ya-2,ib_counter,rdma_vf_rail1,port_xmit_discards,0
2026-09-30T07:14:01.522Z,gpu-3uwoq-6g3ya-2,ib_counter,rdma_vf_rail1,link_downed,0
2026-09-30T07:14:01.522Z,gpu-3uwoq-6g3ya-2,ib_hw_counter,rdma_vf_rail1,out_of_sequence,8
2026-09-30T07:14:01.522Z,gpu-3uwoq-6g3ya-2,ib_hw_counter,rdma_vf_rail1,packet_seq_err,0
2026-09-30T07:14:01.522Z,gpu-3uwoq-6g3ya-2,ib_hw_counter,rdma_vf_rail1,local_ack_timeout_err,0
2026-09-30T07:14:01.522Z,gpu-3uwoq-6g3ya-2,ib_hw_counter,rdma_vf_rail1,rx_write_requests,7.11635e+08
2026-09-30T07:14:01.522Z,gpu-3uwoq-6g3ya-2,ib_hw_counter,rdma_vf_rail1,rx_read_requests,1.26179e+07
2026-09-30T07:14:01.522Z,gpu-3uwoq-6g3ya-2,ib_hw_counter,rdma_vf_rail1,req_cqe_error,0
2026-09-30T07:14:01.522Z,gpu-3uwoq-6g3ya-2,ib_hw_counter,rdma_vf_rail1,resp_cqe_error,0
2026-09-30T07:14:01.522Z,gpu-3uwoq-6g3ya-2,ib_hw_counter,rdma_vf_rail1,implied_nak_seq_err,0
2026-09-30T07:14:01.522Z,gpu-3uwoq-6g3ya-2,ib_hw_counter,rdma_vf_rail1,duplicate_request,0
2026-09-30T07:14:01.522Z,gpu-3uwoq-6g3ya-2,ib_counter,rdma_vf_rail2,port_xmit_data,3.02614e+12
2026-09-30T07:14:01.522Z,gpu-3uwoq-6g3ya-2,ib_counter,rdma_vf_rail2,port_rcv_data,5.98562e+12
2026-09-30T07:14:01.522Z,gpu-3uwoq-6g3ya-2,ib_counter,rdma_vf_rail2,port_xmit_packets,1.02027e+09
2026-09-30T07:14:01.522Z,gpu-3uwoq-6g3ya-2,ib_counter,rdma_vf_rail2,port_rcv_packets,1.64539e+09
2026-09-30T07:14:01.522Z,gpu-3uwoq-6g3ya-2,ib_counter,rdma_vf_rail2,port_xmit_wait,0
2026-09-30T07:14:01.522Z,gpu-3uwoq-6g3ya-2,ib_counter,rdma_vf_rail2,port_rcv_errors,0
2026-09-30T07:14:01.522Z,gpu-3uwoq-6g3ya-2,ib_counter,rdma_vf_rail2,port_xmit_discards,0
2026-09-30T07:14:01.522Z,gpu-3uwoq-6g3ya-2,ib_counter,rdma_vf_rail2,link_downed,0
2026-09-30T07:14:01.522Z,gpu-3uwoq-6g3ya-2,ib_hw_counter,rdma_vf_rail2,out_of_sequence,8
2026-09-30T07:14:01.522Z,gpu-3uwoq-6g3ya-2,ib_hw_counter,rdma_vf_rail2,packet_seq_err,0
2026-09-30T07:14:01.522Z,gpu-3uwoq-6g3ya-2,ib_hw_counter,rdma_vf_rail2,local_ack_timeout_err,0
2026-09-30T07:14:01.522Z,gpu-3uwoq-6g3ya-2,ib_hw_counter,rdma_vf_rail2,rx_write_requests,7.11202e+08
2026-09-30T07:14:01.522Z,gpu-3uwoq-6g3ya-2,ib_hw_counter,rdma_vf_rail2,rx_read_requests,1.241e+07
2026-09-30T07:14:01.522Z,gpu-3uwoq-6g3ya-2,ib_hw_counter,rdma_vf_rail2,req_cqe_error,0
2026-09-30T07:14:01.522Z,gpu-3uwoq-6g3ya-2,ib_hw_counter,rdma_vf_rail2,resp_cqe_error,0
2026-09-30T07:14:01.522Z,gpu-3uwoq-6g3ya-2,ib_hw_counter,rdma_vf_rail2,implied_nak_seq_err,0
2026-09-30T07:14:01.522Z,gpu-3uwoq-6g3ya-2,ib_hw_counter,rdma_vf_rail2,duplicate_request,0
2026-09-30T07:14:01.522Z,gpu-3uwoq-6g3ya-2,ib_counter,rdma_vf_rail3,port_xmit_data,3.026e+12
2026-09-30T07:14:01.522Z,gpu-3uwoq-6g3ya-2,ib_counter,rdma_vf_rail3,port_rcv_data,5.98622e+12
2026-09-30T07:14:01.522Z,gpu-3uwoq-6g3ya-2,ib_counter,rdma_vf_rail3,port_xmit_packets,1.01861e+09
2026-09-30T07:14:01.522Z,gpu-3uwoq-6g3ya-2,ib_counter,rdma_vf_rail3,port_rcv_packets,1.65278e+09
2026-09-30T07:14:01.522Z,gpu-3uwoq-6g3ya-2,ib_counter,rdma_vf_rail3,port_xmit_wait,0
2026-09-30T07:14:01.522Z,gpu-3uwoq-6g3ya-2,ib_counter,rdma_vf_rail3,port_rcv_errors,0
2026-09-30T07:14:01.522Z,gpu-3uwoq-6g3ya-2,ib_counter,rdma_vf_rail3,port_xmit_discards,0
2026-09-30T07:14:01.522Z,gpu-3uwoq-6g3ya-2,ib_counter,rdma_vf_rail3,link_downed,0
2026-09-30T07:14:01.522Z,gpu-3uwoq-6g3ya-2,ib_hw_counter,rdma_vf_rail3,out_of_sequence,7
2026-09-30T07:14:01.522Z,gpu-3uwoq-6g3ya-2,ib_hw_counter,rdma_vf_rail3,packet_seq_err,1
2026-09-30T07:14:01.522Z,gpu-3uwoq-6g3ya-2,ib_hw_counter,rdma_vf_rail3,local_ack_timeout_err,0
2026-09-30T07:14:01.522Z,gpu-3uwoq-6g3ya-2,ib_hw_counter,rdma_vf_rail3,rx_write_requests,7.11202e+08
2026-09-30T07:14:01.522Z,gpu-3uwoq-6g3ya-2,ib_hw_counter,rdma_vf_rail3,rx_read_requests,1.241e+07
2026-09-30T07:14:01.522Z,gpu-3uwoq-6g3ya-2,ib_hw_counter,rdma_vf_rail3,req_cqe_error,0
2026-09-30T07:14:01.522Z,gpu-3uwoq-6g3ya-2,ib_hw_counter,rdma_vf_rail3,resp_cqe_error,0
2026-09-30T07:14:01.522Z,gpu-3uwoq-6g3ya-2,ib_hw_counter,rdma_vf_rail3,implied_nak_seq_err,0
2026-09-30T07:14:01.522Z,gpu-3uwoq-6g3ya-2,ib_hw_counter,rdma_vf_rail3,duplicate_request,0
2026-09-30T07:14:01.522Z,gpu-3uwoq-6g3ya-2,dcgm,gpu2,gpu_util,0
2026-09-30T07:14:01.522Z,gpu-3uwoq-6g3ya-2,dcgm,gpu3,gpu_util,0
2026-09-30T07:14:01.522Z,gpu-3uwoq-6g3ya-2,dcgm,gpu1,gpu_util,0
2026-09-30T07:14:01.522Z,gpu-3uwoq-6g3ya-2,dcgm,gpu0,gpu_util,0
2026-09-30T07:14:01.522Z,gpu-3uwoq-6g3ya-2,dcgm,gpu2,nvlink_bandwidth_total,0
2026-09-30T07:14:01.522Z,gpu-3uwoq-6g3ya-2,dcgm,gpu3,nvlink_bandwidth_total,0
2026-09-30T07:14:01.522Z,gpu-3uwoq-6g3ya-2,dcgm,gpu1,nvlink_bandwidth_total,0
2026-09-30T07:14:01.522Z,gpu-3uwoq-6g3ya-2,dcgm,gpu0,nvlink_bandwidth_total,0
2026-09-30T07:14:01.522Z,gpu-3uwoq-6g3ya-2,dcgm,gpu2,power_w,230.943
2026-09-30T07:14:01.522Z,gpu-3uwoq-6g3ya-2,dcgm,gpu3,power_w,233.861
2026-09-30T07:14:01.522Z,gpu-3uwoq-6g3ya-2,dcgm,gpu1,power_w,230.031
2026-09-30T07:14:01.522Z,gpu-3uwoq-6g3ya-2,dcgm,gpu0,power_w,226.432
2026-09-30T07:14:01.522Z,gpu-3uwoq-6g3ya-2,dcgm,gpu2,sm_clock_mhz,2070
2026-09-30T07:14:01.522Z,gpu-3uwoq-6g3ya-2,dcgm,gpu3,sm_clock_mhz,2070
2026-09-30T07:14:01.522Z,gpu-3uwoq-6g3ya-2,dcgm,gpu1,sm_clock_mhz,2070
2026-09-30T07:14:01.522Z,gpu-3uwoq-6g3ya-2,dcgm,gpu0,sm_clock_mhz,2070
2026-09-30T07:14:01.522Z,gpu-3uwoq-6g3ya-2,dcgm,gpu2,dram_active,0
2026-09-30T07:14:01.522Z,gpu-3uwoq-6g3ya-2,dcgm,gpu3,dram_active,0
2026-09-30T07:14:01.522Z,gpu-3uwoq-6g3ya-2,dcgm,gpu1,dram_active,0
2026-09-30T07:14:01.522Z,gpu-3uwoq-6g3ya-2,dcgm,gpu0,dram_active,0
2026-09-30T07:14:01.522Z,gpu-3uwoq-6g3ya-2,dcgm,gpu2,pcie_rx_bytes,52573
2026-09-30T07:14:01.522Z,gpu-3uwoq-6g3ya-2,dcgm,gpu3,pcie_rx_bytes,53040
2026-09-30T07:14:01.522Z,gpu-3uwoq-6g3ya-2,dcgm,gpu1,pcie_rx_bytes,61148
2026-09-30T07:14:01.522Z,gpu-3uwoq-6g3ya-2,dcgm,gpu0,pcie_rx_bytes,61199
2026-09-30T07:14:01.522Z,gpu-3uwoq-6g3ya-2,dcgm,gpu2,pcie_tx_bytes,49327
2026-09-30T07:14:01.522Z,gpu-3uwoq-6g3ya-2,dcgm,gpu3,pcie_tx_bytes,49808
2026-09-30T07:14:01.522Z,gpu-3uwoq-6g3ya-2,dcgm,gpu1,pcie_tx_bytes,57899
2026-09-30T07:14:01.522Z,gpu-3uwoq-6g3ya-2,dcgm,gpu0,pcie_tx_bytes,57949
2026-09-30T07:14:01.522Z,gpu-3uwoq-6g3ya-2,dcgm,gpu2,tensor_active,0
2026-09-30T07:14:01.522Z,gpu-3uwoq-6g3ya-2,dcgm,gpu3,tensor_active,0
2026-09-30T07:14:01.522Z,gpu-3uwoq-6g3ya-2,dcgm,gpu1,tensor_active,0
2026-09-30T07:14:01.522Z,gpu-3uwoq-6g3ya-2,dcgm,gpu0,tensor_active,0
2026-09-30T07:14:01.522Z,gpu-3uwoq-6g3ya-2,dcgm,gpu2,sm_active,0
2026-09-30T07:14:01.522Z,gpu-3uwoq-6g3ya-2,dcgm,gpu3,sm_active,0
2026-09-30T07:14:01.522Z,gpu-3uwoq-6g3ya-2,dcgm,gpu1,sm_active,0
2026-09-30T07:14:01.522Z,gpu-3uwoq-6g3ya-2,dcgm,gpu0,sm_active,0
2026-09-30T07:14:01.522Z,gpu-3uwoq-6g3ya-2,nvlink,gpu0,nvlink_rx_bytes,4.84459e+13
2026-09-30T07:14:01.522Z,gpu-3uwoq-6g3ya-2,nvlink,gpu0,nvlink_tx_bytes,4.84493e+13
2026-09-30T07:14:01.522Z,gpu-3uwoq-6g3ya-2,nvlink,gpu1,nvlink_rx_bytes,4.8648e+13
2026-09-30T07:14:01.522Z,gpu-3uwoq-6g3ya-2,nvlink,gpu1,nvlink_tx_bytes,4.86502e+13
2026-09-30T07:14:01.522Z,gpu-3uwoq-6g3ya-2,nvlink,gpu2,nvlink_rx_bytes,4.84828e+13
2026-09-30T07:14:01.522Z,gpu-3uwoq-6g3ya-2,nvlink,gpu2,nvlink_tx_bytes,4.84863e+13
2026-09-30T07:14:01.522Z,gpu-3uwoq-6g3ya-2,nvlink,gpu3,nvlink_rx_bytes,4.83797e+13
2026-09-30T07:14:01.522Z,gpu-3uwoq-6g3ya-2,nvlink,gpu3,nvlink_tx_bytes,4.83829e+13
2026-09-30T07:14:02.522Z,gpu-3uwoq-6g3ya-2,ib_counter,rdma_vf_rail0,port_xmit_data,3.1619e+12
2026-09-30T07:14:02.522Z,gpu-3uwoq-6g3ya-2,ib_counter,rdma_vf_rail0,port_rcv_data,6.12198e+12
2026-09-30T07:14:02.522Z,gpu-3uwoq-6g3ya-2,ib_counter,rdma_vf_rail0,port_xmit_packets,1.07066e+09
2026-09-30T07:14:02.522Z,gpu-3uwoq-6g3ya-2,ib_counter,rdma_vf_rail0,port_rcv_packets,1.70183e+09
2026-09-30T07:14:02.522Z,gpu-3uwoq-6g3ya-2,ib_counter,rdma_vf_rail0,port_xmit_wait,0
2026-09-30T07:14:02.522Z,gpu-3uwoq-6g3ya-2,ib_counter,rdma_vf_rail0,port_rcv_errors,0
2026-09-30T07:14:02.522Z,gpu-3uwoq-6g3ya-2,ib_counter,rdma_vf_rail0,port_xmit_discards,0
2026-09-30T07:14:02.522Z,gpu-3uwoq-6g3ya-2,ib_counter,rdma_vf_rail0,link_downed,0
2026-09-30T07:14:02.522Z,gpu-3uwoq-6g3ya-2,ib_hw_counter,rdma_vf_rail0,out_of_sequence,8
2026-09-30T07:14:02.522Z,gpu-3uwoq-6g3ya-2,ib_hw_counter,rdma_vf_rail0,packet_seq_err,0
2026-09-30T07:14:02.522Z,gpu-3uwoq-6g3ya-2,ib_hw_counter,rdma_vf_rail0,local_ack_timeout_err,0
2026-09-30T07:14:02.522Z,gpu-3uwoq-6g3ya-2,ib_hw_counter,rdma_vf_rail0,rx_write_requests,7.13227e+08
2026-09-30T07:14:02.522Z,gpu-3uwoq-6g3ya-2,ib_hw_counter,rdma_vf_rail0,rx_read_requests,1.34187e+07
2026-09-30T07:14:02.522Z,gpu-3uwoq-6g3ya-2,ib_hw_counter,rdma_vf_rail0,req_cqe_error,0
2026-09-30T07:14:02.522Z,gpu-3uwoq-6g3ya-2,ib_hw_counter,rdma_vf_rail0,resp_cqe_error,0
2026-09-30T07:14:02.522Z,gpu-3uwoq-6g3ya-2,ib_hw_counter,rdma_vf_rail0,implied_nak_seq_err,0
2026-09-30T07:14:02.522Z,gpu-3uwoq-6g3ya-2,ib_hw_counter,rdma_vf_rail0,duplicate_request,0
2026-09-30T07:14:02.522Z,gpu-3uwoq-6g3ya-2,ib_counter,rdma_vf_rail1,port_xmit_data,3.05371e+12
2026-09-30T07:14:02.522Z,gpu-3uwoq-6g3ya-2,ib_counter,rdma_vf_rail1,port_rcv_data,6.01387e+12
2026-09-30T07:14:02.522Z,gpu-3uwoq-6g3ya-2,ib_counter,rdma_vf_rail1,port_xmit_packets,1.03795e+09
2026-09-30T07:14:02.522Z,gpu-3uwoq-6g3ya-2,ib_counter,rdma_vf_rail1,port_rcv_packets,1.66932e+09
2026-09-30T07:14:02.522Z,gpu-3uwoq-6g3ya-2,ib_counter,rdma_vf_rail1,port_xmit_wait,0
2026-09-30T07:14:02.522Z,gpu-3uwoq-6g3ya-2,ib_counter,rdma_vf_rail1,port_rcv_errors,0
2026-09-30T07:14:02.522Z,gpu-3uwoq-6g3ya-2,ib_counter,rdma_vf_rail1,port_xmit_discards,0
2026-09-30T07:14:02.522Z,gpu-3uwoq-6g3ya-2,ib_counter,rdma_vf_rail1,link_downed,0
2026-09-30T07:14:02.522Z,gpu-3uwoq-6g3ya-2,ib_hw_counter,rdma_vf_rail1,out_of_sequence,8
2026-09-30T07:14:02.522Z,gpu-3uwoq-6g3ya-2,ib_hw_counter,rdma_vf_rail1,packet_seq_err,0
2026-09-30T07:14:02.522Z,gpu-3uwoq-6g3ya-2,ib_hw_counter,rdma_vf_rail1,local_ack_timeout_err,0
2026-09-30T07:14:02.522Z,gpu-3uwoq-6g3ya-2,ib_hw_counter,rdma_vf_rail1,rx_write_requests,7.11635e+08
2026-09-30T07:14:02.522Z,gpu-3uwoq-6g3ya-2,ib_hw_counter,rdma_vf_rail1,rx_read_requests,1.26179e+07
2026-09-30T07:14:02.522Z,gpu-3uwoq-6g3ya-2,ib_hw_counter,rdma_vf_rail1,req_cqe_error,0
2026-09-30T07:14:02.522Z,gpu-3uwoq-6g3ya-2,ib_hw_counter,rdma_vf_rail1,resp_cqe_error,0
2026-09-30T07:14:02.522Z,gpu-3uwoq-6g3ya-2,ib_hw_counter,rdma_vf_rail1,implied_nak_seq_err,0
2026-09-30T07:14:02.522Z,gpu-3uwoq-6g3ya-2,ib_hw_counter,rdma_vf_rail1,duplicate_request,0
2026-09-30T07:14:02.522Z,gpu-3uwoq-6g3ya-2,ib_counter,rdma_vf_rail2,port_xmit_data,3.02614e+12
2026-09-30T07:14:02.522Z,gpu-3uwoq-6g3ya-2,ib_counter,rdma_vf_rail2,port_rcv_data,5.98562e+12
2026-09-30T07:14:02.522Z,gpu-3uwoq-6g3ya-2,ib_counter,rdma_vf_rail2,port_xmit_packets,1.02027e+09
2026-09-30T07:14:02.522Z,gpu-3uwoq-6g3ya-2,ib_counter,rdma_vf_rail2,port_rcv_packets,1.64539e+09
2026-09-30T07:14:02.522Z,gpu-3uwoq-6g3ya-2,ib_counter,rdma_vf_rail2,port_xmit_wait,0
2026-09-30T07:14:02.522Z,gpu-3uwoq-6g3ya-2,ib_counter,rdma_vf_rail2,port_rcv_errors,0
2026-09-30T07:14:02.522Z,gpu-3uwoq-6g3ya-2,ib_counter,rdma_vf_rail2,port_xmit_discards,0
2026-09-30T07:14:02.522Z,gpu-3uwoq-6g3ya-2,ib_counter,rdma_vf_rail2,link_downed,0
2026-09-30T07:14:02.522Z,gpu-3uwoq-6g3ya-2,ib_hw_counter,rdma_vf_rail2,out_of_sequence,8
2026-09-30T07:14:02.522Z,gpu-3uwoq-6g3ya-2,ib_hw_counter,rdma_vf_rail2,packet_seq_err,0
2026-09-30T07:14:02.522Z,gpu-3uwoq-6g3ya-2,ib_hw_counter,rdma_vf_rail2,local_ack_timeout_err,0
2026-09-30T07:14:02.522Z,gpu-3uwoq-6g3ya-2,ib_hw_counter,rdma_vf_rail2,rx_write_requests,7.11202e+08
2026-09-30T07:14:02.522Z,gpu-3uwoq-6g3ya-2,ib_hw_counter,rdma_vf_rail2,rx_read_requests,1.241e+07
2026-09-30T07:14:02.522Z,gpu-3uwoq-6g3ya-2,ib_hw_counter,rdma_vf_rail2,req_cqe_error,0
2026-09-30T07:14:02.522Z,gpu-3uwoq-6g3ya-2,ib_hw_counter,rdma_vf_rail2,resp_cqe_error,0
2026-09-30T07:14:02.522Z,gpu-3uwoq-6g3ya-2,ib_hw_counter,rdma_vf_rail2,implied_nak_seq_err,0
2026-09-30T07:14:02.522Z,gpu-3uwoq-6g3ya-2,ib_hw_counter,rdma_vf_rail2,duplicate_request,0
2026-09-30T07:14:02.522Z,gpu-3uwoq-6g3ya-2,ib_counter,rdma_vf_rail3,port_xmit_data,3.026e+12
2026-09-30T07:14:02.522Z,gpu-3uwoq-6g3ya-2,ib_counter,rdma_vf_rail3,port_rcv_data,5.98622e+12
2026-09-30T07:14:02.522Z,gpu-3uwoq-6g3ya-2,ib_counter,rdma_vf_rail3,port_xmit_packets,1.01861e+09
2026-09-30T07:14:02.522Z,gpu-3uwoq-6g3ya-2,ib_counter,rdma_vf_rail3,port_rcv_packets,1.65278e+09
2026-09-30T07:14:02.522Z,gpu-3uwoq-6g3ya-2,ib_counter,rdma_vf_rail3,port_xmit_wait,0
2026-09-30T07:14:02.522Z,gpu-3uwoq-6g3ya-2,ib_counter,rdma_vf_rail3,port_rcv_errors,0
2026-09-30T07:14:02.522Z,gpu-3uwoq-6g3ya-2,ib_counter,rdma_vf_rail3,port_xmit_discards,0
2026-09-30T07:14:02.522Z,gpu-3uwoq-6g3ya-2,ib_counter,rdma_vf_rail3,link_downed,0
2026-09-30T07:14:02.522Z,gpu-3uwoq-6g3ya-2,ib_hw_counter,rdma_vf_rail3,out_of_sequence,7
2026-09-30T07:14:02.522Z,gpu-3uwoq-6g3ya-2,ib_hw_counter,rdma_vf_rail3,packet_seq_err,1
2026-09-30T07:14:02.522Z,gpu-3uwoq-6g3ya-2,ib_hw_counter,rdma_vf_rail3,local_ack_timeout_err,0
2026-09-30T07:14:02.522Z,gpu-3uwoq-6g3ya-2,ib_hw_counter,rdma_vf_rail3,rx_write_requests,7.11202e+08
2026-09-30T07:14:02.522Z,gpu-3uwoq-6g3ya-2,ib_hw_counter,rdma_vf_rail3,rx_read_requests,1.241e+07
2026-09-30T07:14:02.522Z,gpu-3uwoq-6g3ya-2,ib_hw_counter,rdma_vf_rail3,req_cqe_error,0
2026-09-30T07:14:02.522Z,gpu-3uwoq-6g3ya-2,ib_hw_counter,rdma_vf_rail3,resp_cqe_error,0
2026-09-30T07:14:02.522Z,gpu-3uwoq-6g3ya-2,ib_hw_counter,rdma_vf_rail3,implied_nak_seq_err,0
2026-09-30T07:14:02.522Z,gpu-3uwoq-6g3ya-2,ib_hw_counter,rdma_vf_rail3,duplicate_request,0
2026-09-30T07:14:02.522Z,gpu-3uwoq-6g3ya-2,dcgm,gpu2,gpu_util,0
2026-09-30T07:14:02.522Z,gpu-3uwoq-6g3ya-2,dcgm,gpu3,gpu_util,0
2026-09-30T07:14:02.522Z,gpu-3uwoq-6g3ya-2,dcgm,gpu1,gpu_util,0
2026-09-30T07:14:02.522Z,gpu-3uwoq-6g3ya-2,dcgm,gpu0,gpu_util,0
2026-09-30T07:14:02.522Z,gpu-3uwoq-6g3ya-2,dcgm,gpu2,nvlink_bandwidth_total,0
2026-09-30T07:14:02.522Z,gpu-3uwoq-6g3ya-2,dcgm,gpu3,nvlink_bandwidth_total,0
2026-09-30T07:14:02.522Z,gpu-3uwoq-6g3ya-2,dcgm,gpu1,nvlink_bandwidth_total,0
2026-09-30T07:14:02.522Z,gpu-3uwoq-6g3ya-2,dcgm,gpu0,nvlink_bandwidth_total,0
2026-09-30T07:14:02.522Z,gpu-3uwoq-6g3ya-2,dcgm,gpu2,power_w,230.943
2026-09-30T07:14:02.522Z,gpu-3uwoq-6g3ya-2,dcgm,gpu3,power_w,233.861
2026-09-30T07:14:02.522Z,gpu-3uwoq-6g3ya-2,dcgm,gpu1,power_w,230.031
2026-09-30T07:14:02.522Z,gpu-3uwoq-6g3ya-2,dcgm,gpu0,power_w,226.432
2026-09-30T07:14:02.522Z,gpu-3uwoq-6g3ya-2,dcgm,gpu2,sm_clock_mhz,2070
2026-09-30T07:14:02.522Z,gpu-3uwoq-6g3ya-2,dcgm,gpu3,sm_clock_mhz,2070
2026-09-30T07:14:02.522Z,gpu-3uwoq-6g3ya-2,dcgm,gpu1,sm_clock_mhz,2070
2026-09-30T07:14:02.522Z,gpu-3uwoq-6g3ya-2,dcgm,gpu0,sm_clock_mhz,2070
2026-09-30T07:14:02.522Z,gpu-3uwoq-6g3ya-2,dcgm,gpu2,dram_active,0
2026-09-30T07:14:02.522Z,gpu-3uwoq-6g3ya-2,dcgm,gpu3,dram_active,0
2026-09-30T07:14:02.522Z,gpu-3uwoq-6g3ya-2,dcgm,gpu1,dram_active,0
2026-09-30T07:14:02.522Z,gpu-3uwoq-6g3ya-2,dcgm,gpu0,dram_active,0
2026-09-30T07:14:02.522Z,gpu-3uwoq-6g3ya-2,dcgm,gpu2,pcie_rx_bytes,52573
2026-09-30T07:14:02.522Z,gpu-3uwoq-6g3ya-2,dcgm,gpu3,pcie_rx_bytes,53040
2026-09-30T07:14:02.522Z,gpu-3uwoq-6g3ya-2,dcgm,gpu1,pcie_rx_bytes,61148
2026-09-30T07:14:02.522Z,gpu-3uwoq-6g3ya-2,dcgm,gpu0,pcie_rx_bytes,61199
2026-09-30T07:14:02.522Z,gpu-3uwoq-6g3ya-2,dcgm,gpu2,pcie_tx_bytes,49327
2026-09-30T07:14:02.522Z,gpu-3uwoq-6g3ya-2,dcgm,gpu3,pcie_tx_bytes,49808
2026-09-30T07:14:02.522Z,gpu-3uwoq-6g3ya-2,dcgm,gpu1,pcie_tx_bytes,57899
2026-09-30T07:14:02.522Z,gpu-3uwoq-6g3ya-2,dcgm,gpu0,pcie_tx_bytes,57949
2026-09-30T07:14:02.522Z,gpu-3uwoq-6g3ya-2,dcgm,gpu2,tensor_active,0
2026-09-30T07:14:02.522Z,gpu-3uwoq-6g3ya-2,dcgm,gpu3,tensor_active,0
2026-09-30T07:14:02.522Z,gpu-3uwoq-6g3ya-2,dcgm,gpu1,tensor_active,0
2026-09-30T07:14:02.522Z,gpu-3uwoq-6g3ya-2,dcgm,gpu0,tensor_active,0
2026-09-30T07:14:02.522Z,gpu-3uwoq-6g3ya-2,dcgm,gpu2,sm_active,0
2026-09-30T07:14:02.522Z,gpu-3uwoq-6g3ya-2,dcgm,gpu3,sm_active,0
2026-09-30T07:14:02.522Z,gpu-3uwoq-6g3ya-2,dcgm,gpu1,sm_active,0
2026-09-30T07:14:02.522Z,gpu-3uwoq-6g3ya-2,dcgm,gpu0,sm_active,0
2026-09-30T07:14:02.522Z,gpu-3uwoq-6g3ya-2,nvlink,gpu0,nvlink_rx_bytes,4.84459e+13
2026-09-30T07:14:02.522Z,gpu-3uwoq-6g3ya-2,nvlink,gpu0,nvlink_tx_bytes,4.84493e+13
2026-09-30T07:14:02.522Z,gpu-3uwoq-6g3ya-2,nvlink,gpu1,nvlink_rx_bytes,4.8648e+13
2026-09-30T07:14:02.522Z,gpu-3uwoq-6g3ya-2,nvlink,gpu1,nvlink_tx_bytes,4.86502e+13
2026-09-30T07:14:02.522Z,gpu-3uwoq-6g3ya-2,nvlink,gpu2,nvlink_rx_bytes,4.84828e+13
2026-09-30T07:14:02.522Z,gpu-3uwoq-6g3ya-2,nvlink,gpu2,nvlink_tx_bytes,4.84863e+13
2026-09-30T07:14:02.522Z,gpu-3uwoq-6g3ya-2,nvlink,gpu3,nvlink_rx_bytes,4.83797e+13
2026-09-30T07:14:02.522Z,gpu-3uwoq-6g3ya-2,nvlink,gpu3,nvlink_tx_bytes,4.83829e+13
2026-09-30T07:14:03.522Z,gpu-3uwoq-6g3ya-2,ib_counter,rdma_vf_rail0,port_xmit_data,3.1619e+12
2026-09-30T07:14:03.522Z,gpu-3uwoq-6g3ya-2,ib_counter,rdma_vf_rail0,port_rcv_data,6.12198e+12
2026-09-30T07:14:03.522Z,gpu-3uwoq-6g3ya-2,ib_counter,rdma_vf_rail0,port_xmit_packets,1.07066e+09
2026-09-30T07:14:03.522Z,gpu-3uwoq-6g3ya-2,ib_counter,rdma_vf_rail0,port_rcv_packets,1.70183e+09
2026-09-30T07:14:03.522Z,gpu-3uwoq-6g3ya-2,ib_counter,rdma_vf_rail0,port_xmit_wait,0
2026-09-30T07:14:03.522Z,gpu-3uwoq-6g3ya-2,ib_counter,rdma_vf_rail0,port_rcv_errors,0
2026-09-30T07:14:03.522Z,gpu-3uwoq-6g3ya-2,ib_counter,rdma_vf_rail0,port_xmit_discards,0
2026-09-30T07:14:03.522Z,gpu-3uwoq-6g3ya-2,ib_counter,rdma_vf_rail0,link_downed,0
2026-09-30T07:14:03.522Z,gpu-3uwoq-6g3ya-2,ib_hw_counter,rdma_vf_rail0,out_of_sequence,8
2026-09-30T07:14:03.522Z,gpu-3uwoq-6g3ya-2,ib_hw_counter,rdma_vf_rail0,packet_seq_err,0
2026-09-30T07:14:03.522Z,gpu-3uwoq-6g3ya-2,ib_hw_counter,rdma_vf_rail0,local_ack_timeout_err,0
2026-09-30T07:14:03.522Z,gpu-3uwoq-6g3ya-2,ib_hw_counter,rdma_vf_rail0,rx_write_requests,7.13227e+08
2026-09-30T07:14:03.522Z,gpu-3uwoq-6g3ya-2,ib_hw_counter,rdma_vf_rail0,rx_read_requests,1.34187e+07
2026-09-30T07:14:03.522Z,gpu-3uwoq-6g3ya-2,ib_hw_counter,rdma_vf_rail0,req_cqe_error,0
2026-09-30T07:14:03.522Z,gpu-3uwoq-6g3ya-2,ib_hw_counter,rdma_vf_rail0,resp_cqe_error,0
2026-09-30T07:14:03.522Z,gpu-3uwoq-6g3ya-2,ib_hw_counter,rdma_vf_rail0,implied_nak_seq_err,0
2026-09-30T07:14:03.522Z,gpu-3uwoq-6g3ya-2,ib_hw_counter,rdma_vf_rail0,duplicate_request,0
2026-09-30T07:14:03.522Z,gpu-3uwoq-6g3ya-2,ib_counter,rdma_vf_rail1,port_xmit_data,3.05371e+12
2026-09-30T07:14:03.522Z,gpu-3uwoq-6g3ya-2,ib_counter,rdma_vf_rail1,port_rcv_data,6.01387e+12
2026-09-30T07:14:03.522Z,gpu-3uwoq-6g3ya-2,ib_counter,rdma_vf_rail1,port_xmit_packets,1.03795e+09
2026-09-30T07:14:03.522Z,gpu-3uwoq-6g3ya-2,ib_counter,rdma_vf_rail1,port_rcv_packets,1.66932e+09
2026-09-30T07:14:03.522Z,gpu-3uwoq-6g3ya-2,ib_counter,rdma_vf_rail1,port_xmit_wait,0
2026-09-30T07:14:03.522Z,gpu-3uwoq-6g3ya-2,ib_counter,rdma_vf_rail1,port_rcv_errors,0
2026-09-30T07:14:03.522Z,gpu-3uwoq-6g3ya-2,ib_counter,rdma_vf_rail1,port_xmit_discards,0
2026-09-30T07:14:03.522Z,gpu-3uwoq-6g3ya-2,ib_counter,rdma_vf_rail1,link_downed,0
2026-09-30T07:14:03.522Z,gpu-3uwoq-6g3ya-2,ib_hw_counter,rdma_vf_rail1,out_of_sequence,8
2026-09-30T07:14:03.522Z,gpu-3uwoq-6g3ya-2,ib_hw_counter,rdma_vf_rail1,packet_seq_err,0
2026-09-30T07:14:03.522Z,gpu-3uwoq-6g3ya-2,ib_hw_counter,rdma_vf_rail1,local_ack_timeout_err,0
2026-09-30T07:14:03.522Z,gpu-3uwoq-6g3ya-2,ib_hw_counter,rdma_vf_rail1,rx_write_requests,7.11635e+08
2026-09-30T07:14:03.522Z,gpu-3uwoq-6g3ya-2,ib_hw_counter,rdma_vf_rail1,rx_read_requests,1.26179e+07
2026-09-30T07:14:03.522Z,gpu-3uwoq-6g3ya-2,ib_hw_counter,rdma_vf_rail1,req_cqe_error,0
2026-09-30T07:14:03.522Z,gpu-3uwoq-6g3ya-2,ib_hw_counter,rdma_vf_rail1,resp_cqe_error,0
2026-09-30T07:14:03.522Z,gpu-3uwoq-6g3ya-2,ib_hw_counter,rdma_vf_rail1,implied_nak_seq_err,0
2026-09-30T07:14:03.522Z,gpu-3uwoq-6g3ya-2,ib_hw_counter,rdma_vf_rail1,duplicate_request,0
2026-09-30T07:14:03.522Z,gpu-3uwoq-6g3ya-2,ib_counter,rdma_vf_rail2,port_xmit_data,3.02614e+12
2026-09-30T07:14:03.522Z,gpu-3uwoq-6g3ya-2,ib_counter,rdma_vf_rail2,port_rcv_data,5.98562e+12
2026-09-30T07:14:03.522Z,gpu-3uwoq-6g3ya-2,ib_counter,rdma_vf_rail2,port_xmit_packets,1.02027e+09
2026-09-30T07:14:03.522Z,gpu-3uwoq-6g3ya-2,ib_counter,rdma_vf_rail2,port_rcv_packets,1.64539e+09
2026-09-30T07:14:03.522Z,gpu-3uwoq-6g3ya-2,ib_counter,rdma_vf_rail2,port_xmit_wait,0
2026-09-30T07:14:03.522Z,gpu-3uwoq-6g3ya-2,ib_counter,rdma_vf_rail2,port_rcv_errors,0
2026-09-30T07:14:03.522Z,gpu-3uwoq-6g3ya-2,ib_counter,rdma_vf_rail2,port_xmit_discards,0
2026-09-30T07:14:03.522Z,gpu-3uwoq-6g3ya-2,ib_counter,rdma_vf_rail2,link_downed,0
2026-09-30T07:14:03.522Z,gpu-3uwoq-6g3ya-2,ib_hw_counter,rdma_vf_rail2,out_of_sequence,8
2026-09-30T07:14:03.522Z,gpu-3uwoq-6g3ya-2,ib_hw_counter,rdma_vf_rail2,packet_seq_err,0
2026-09-30T07:14:03.522Z,gpu-3uwoq-6g3ya-2,ib_hw_counter,rdma_vf_rail2,local_ack_timeout_err,0
2026-09-30T07:14:03.522Z,gpu-3uwoq-6g3ya-2,ib_hw_counter,rdma_vf_rail2,rx_write_requests,7.11202e+08
2026-09-30T07:14:03.522Z,gpu-3uwoq-6g3ya-2,ib_hw_counter,rdma_vf_rail2,rx_read_requests,1.241e+07
2026-09-30T07:14:03.522Z,gpu-3uwoq-6g3ya-2,ib_hw_counter,rdma_vf_rail2,req_cqe_error,0
2026-09-30T07:14:03.522Z,gpu-3uwoq-6g3ya-2,ib_hw_counter,rdma_vf_rail2,resp_cqe_error,0
2026-09-30T07:14:03.522Z,gpu-3uwoq-6g3ya-2,ib_hw_counter,rdma_vf_rail2,implied_nak_seq_err,0
2026-09-30T07:14:03.522Z,gpu-3uwoq-6g3ya-2,ib_hw_counter,rdma_vf_rail2,duplicate_request,0
2026-09-30T07:14:03.522Z,gpu-3uwoq-6g3ya-2,ib_counter,rdma_vf_rail3,port_xmit_data,3.026e+12
2026-09-30T07:14:03.522Z,gpu-3uwoq-6g3ya-2,ib_counter,rdma_vf_rail3,port_rcv_data,5.98622e+12
2026-09-30T07:14:03.522Z,gpu-3uwoq-6g3ya-2,ib_counter,rdma_vf_rail3,port_xmit_packets,1.01861e+09
2026-09-30T07:14:03.522Z,gpu-3uwoq-6g3ya-2,ib_counter,rdma_vf_rail3,port_rcv_packets,1.65278e+09
2026-09-30T07:14:03.522Z,gpu-3uwoq-6g3ya-2,ib_counter,rdma_vf_rail3,port_xmit_wait,0
2026-09-30T07:14:03.522Z,gpu-3uwoq-6g3ya-2,ib_counter,rdma_vf_rail3,port_rcv_errors,0
2026-09-30T07:14:03.522Z,gpu-3uwoq-6g3ya-2,ib_counter,rdma_vf_rail3,port_xmit_discards,0
2026-09-30T07:14:03.522Z,gpu-3uwoq-6g3ya-2,ib_counter,rdma_vf_rail3,link_downed,0
2026-09-30T07:14:03.522Z,gpu-3uwoq-6g3ya-2,ib_hw_counter,rdma_vf_rail3,out_of_sequence,7
2026-09-30T07:14:03.522Z,gpu-3uwoq-6g3ya-2,ib_hw_counter,rdma_vf_rail3,packet_seq_err,1
2026-09-30T07:14:03.522Z,gpu-3uwoq-6g3ya-2,ib_hw_counter,rdma_vf_rail3,local_ack_timeout_err,0
2026-09-30T07:14:03.522Z,gpu-3uwoq-6g3ya-2,ib_hw_counter,rdma_vf_rail3,rx_write_requests,7.11202e+08
2026-09-30T07:14:03.522Z,gpu-3uwoq-6g3ya-2,ib_hw_counter,rdma_vf_rail3,rx_read_requests,1.241e+07
2026-09-30T07:14:03.522Z,gpu-3uwoq-6g3ya-2,ib_hw_counter,rdma_vf_rail3,req_cqe_error,0
2026-09-30T07:14:03.522Z,gpu-3uwoq-6g3ya-2,ib_hw_counter,rdma_vf_rail3,resp_cqe_error,0
2026-09-30T07:14:03.522Z,gpu-3uwoq-6g3ya-2,ib_hw_counter,rdma_vf_rail3,implied_nak_seq_err,0
2026-09-30T07:14:03.522Z,gpu-3uwoq-6g3ya-2,ib_hw_counter,rdma_vf_rail3,duplicate_request,0
2026-09-30T07:14:03.522Z,gpu-3uwoq-6g3ya-2,dcgm,gpu2,gpu_util,0
2026-09-30T07:14:03.522Z,gpu-3uwoq-6g3ya-2,dcgm,gpu3,gpu_util,0
2026-09-30T07:14:03.522Z,gpu-3uwoq-6g3ya-2,dcgm,gpu1,gpu_util,0
2026-09-30T07:14:03.522Z,gpu-3uwoq-6g3ya-2,dcgm,gpu0,gpu_util,0
2026-09-30T07:14:03.522Z,gpu-3uwoq-6g3ya-2,dcgm,gpu2,nvlink_bandwidth_total,0
2026-09-30T07:14:03.522Z,gpu-3uwoq-6g3ya-2,dcgm,gpu3,nvlink_bandwidth_total,0
2026-09-30T07:14:03.522Z,gpu-3uwoq-6g3ya-2,dcgm,gpu1,nvlink_bandwidth_total,0
2026-09-30T07:14:03.522Z,gpu-3uwoq-6g3ya-2,dcgm,gpu0,nvlink_bandwidth_total,0
2026-09-30T07:14:03.522Z,gpu-3uwoq-6g3ya-2,dcgm,gpu2,power_w,230.943
2026-09-30T07:14:03.522Z,gpu-3uwoq-6g3ya-2,dcgm,gpu3,power_w,233.861
2026-09-30T07:14:03.522Z,gpu-3uwoq-6g3ya-2,dcgm,gpu1,power_w,230.031
2026-09-30T07:14:03.522Z,gpu-3uwoq-6g3ya-2,dcgm,gpu0,power_w,226.432
2026-09-30T07:14:03.522Z,gpu-3uwoq-6g3ya-2,dcgm,gpu2,sm_clock_mhz,2070
2026-09-30T07:14:03.522Z,gpu-3uwoq-6g3ya-2,dcgm,gpu3,sm_clock_mhz,2070
2026-09-30T07:14:03.522Z,gpu-3uwoq-6g3ya-2,dcgm,gpu1,sm_clock_mhz,2070
2026-09-30T07:14:03.522Z,gpu-3uwoq-6g3ya-2,dcgm,gpu0,sm_clock_mhz,2070
2026-09-30T07:14:03.522Z,gpu-3uwoq-6g3ya-2,dcgm,gpu2,dram_active,0
2026-09-30T07:14:03.522Z,gpu-3uwoq-6g3ya-2,dcgm,gpu3,dram_active,0
2026-09-30T07:14:03.522Z,gpu-3uwoq-6g3ya-2,dcgm,gpu1,dram_active,0
2026-09-30T07:14:03.522Z,gpu-3uwoq-6g3ya-2,dcgm,gpu0,dram_active,0
2026-09-30T07:14:03.522Z,gpu-3uwoq-6g3ya-2,dcgm,gpu2,pcie_rx_bytes,52573
2026-09-30T07:14:03.522Z,gpu-3uwoq-6g3ya-2,dcgm,gpu3,pcie_rx_bytes,53040
2026-09-30T07:14:03.522Z,gpu-3uwoq-6g3ya-2,dcgm,gpu1,pcie_rx_bytes,61148
2026-09-30T07:14:03.522Z,gpu-3uwoq-6g3ya-2,dcgm,gpu0,pcie_rx_bytes,61199
2026-09-30T07:14:03.522Z,gpu-3uwoq-6g3ya-2,dcgm,gpu2,pcie_tx_bytes,49327
2026-09-30T07:14:03.522Z,gpu-3uwoq-6g3ya-2,dcgm,gpu3,pcie_tx_bytes,49808
2026-09-30T07:14:03.522Z,gpu-3uwoq-6g3ya-2,dcgm,gpu1,pcie_tx_bytes,57899
2026-09-30T07:14:03.522Z,gpu-3uwoq-6g3ya-2,dcgm,gpu0,pcie_tx_bytes,57949
2026-09-30T07:14:03.522Z,gpu-3uwoq-6g3ya-2,dcgm,gpu2,tensor_active,0
2026-09-30T07:14:03.522Z,gpu-3uwoq-6g3ya-2,dcgm,gpu3,tensor_active,0
2026-09-30T07:14:03.522Z,gpu-3uwoq-6g3ya-2,dcgm,gpu1,tensor_active,0
2026-09-30T07:14:03.522Z,gpu-3uwoq-6g3ya-2,dcgm,gpu0,tensor_active,0
2026-09-30T07:14:03.522Z,gpu-3uwoq-6g3ya-2,dcgm,gpu2,sm_active,0
2026-09-30T07:14:03.522Z,gpu-3uwoq-6g3ya-2,dcgm,gpu3,sm_active,0
2026-09-30T07:14:03.522Z,gpu-3uwoq-6g3ya-2,dcgm,gpu1,sm_active,0
2026-09-30T07:14:03.522Z,gpu-3uwoq-6g3ya-2,dcgm,gpu0,sm_active,0
2026-09-30T07:14:03.522Z,gpu-3uwoq-6g3ya-2,nvlink,gpu0,nvlink_rx_bytes,4.84459e+13
2026-09-30T07:14:03.522Z,gpu-3uwoq-6g3ya-2,nvlink,gpu0,nvlink_tx_bytes,4.84493e+13
2026-09-30T07:14:03.522Z,gpu-3uwoq-6g3ya-2,nvlink,gpu1,nvlink_rx_bytes,4.8648e+13
2026-09-30T07:14:03.522Z,gpu-3uwoq-6g3ya-2,nvlink,gpu1,nvlink_tx_bytes,4.86502e+13
2026-09-30T07:14:03.522Z,gpu-3uwoq-6g3ya-2,nvlink,gpu2,nvlink_rx_bytes,4.84828e+13
2026-09-30T07:14:03.522Z,gpu-3uwoq-6g3ya-2,nvlink,gpu2,nvlink_tx_bytes,4.84863e+13
2026-09-30T07:14:03.522Z,gpu-3uwoq-6g3ya-2,nvlink,gpu3,nvlink_rx_bytes,4.83797e+13
2026-09-30T07:14:03.522Z,gpu-3uwoq-6g3ya-2,nvlink,gpu3,nvlink_tx_bytes,4.83829e+13
2026-09-30T07:14:04.522Z,gpu-3uwoq-6g3ya-2,ib_counter,rdma_vf_rail0,port_xmit_data,3.1619e+12
2026-09-30T07:14:04.522Z,gpu-3uwoq-6g3ya-2,ib_counter,rdma_vf_rail0,port_rcv_data,6.12198e+12
2026-09-30T07:14:04.522Z,gpu-3uwoq-6g3ya-2,ib_counter,rdma_vf_rail0,port_xmit_packets,1.07066e+09
2026-09-30T07:14:04.522Z,gpu-3uwoq-6g3ya-2,ib_counter,rdma_vf_rail0,port_rcv_packets,1.70183e+09
2026-09-30T07:14:04.522Z,gpu-3uwoq-6g3ya-2,ib_counter,rdma_vf_rail0,port_xmit_wait,0
2026-09-30T07:14:04.522Z,gpu-3uwoq-6g3ya-2,ib_counter,rdma_vf_rail0,port_rcv_errors,0
2026-09-30T07:14:04.522Z,gpu-3uwoq-6g3ya-2,ib_counter,rdma_vf_rail0,port_xmit_discards,0
2026-09-30T07:14:04.522Z,gpu-3uwoq-6g3ya-2,ib_counter,rdma_vf_rail0,link_downed,0
2026-09-30T07:14:04.522Z,gpu-3uwoq-6g3ya-2,ib_hw_counter,rdma_vf_rail0,out_of_sequence,8
2026-09-30T07:14:04.522Z,gpu-3uwoq-6g3ya-2,ib_hw_counter,rdma_vf_rail0,packet_seq_err,0
2026-09-30T07:14:04.522Z,gpu-3uwoq-6g3ya-2,ib_hw_counter,rdma_vf_rail0,local_ack_timeout_err,0
2026-09-30T07:14:04.522Z,gpu-3uwoq-6g3ya-2,ib_hw_counter,rdma_vf_rail0,rx_write_requests,7.13227e+08
2026-09-30T07:14:04.522Z,gpu-3uwoq-6g3ya-2,ib_hw_counter,rdma_vf_rail0,rx_read_requests,1.34187e+07
2026-09-30T07:14:04.522Z,gpu-3uwoq-6g3ya-2,ib_hw_counter,rdma_vf_rail0,req_cqe_error,0
2026-09-30T07:14:04.522Z,gpu-3uwoq-6g3ya-2,ib_hw_counter,rdma_vf_rail0,resp_cqe_error,0
2026-09-30T07:14:04.522Z,gpu-3uwoq-6g3ya-2,ib_hw_counter,rdma_vf_rail0,implied_nak_seq_err,0
2026-09-30T07:14:04.522Z,gpu-3uwoq-6g3ya-2,ib_hw_counter,rdma_vf_rail0,duplicate_request,0
2026-09-30T07:14:04.522Z,gpu-3uwoq-6g3ya-2,ib_counter,rdma_vf_rail1,port_xmit_data,3.05371e+12
2026-09-30T07:14:04.522Z,gpu-3uwoq-6g3ya-2,ib_counter,rdma_vf_rail1,port_rcv_data,6.01387e+12
2026-09-30T07:14:04.522Z,gpu-3uwoq-6g3ya-2,ib_counter,rdma_vf_rail1,port_xmit_packets,1.03795e+09
2026-09-30T07:14:04.522Z,gpu-3uwoq-6g3ya-2,ib_counter,rdma_vf_rail1,port_rcv_packets,1.66932e+09
2026-09-30T07:14:04.522Z,gpu-3uwoq-6g3ya-2,ib_counter,rdma_vf_rail1,port_xmit_wait,0
2026-09-30T07:14:04.522Z,gpu-3uwoq-6g3ya-2,ib_counter,rdma_vf_rail1,port_rcv_errors,0
2026-09-30T07:14:04.522Z,gpu-3uwoq-6g3ya-2,ib_counter,rdma_vf_rail1,port_xmit_discards,0
2026-09-30T07:14:04.522Z,gpu-3uwoq-6g3ya-2,ib_counter,rdma_vf_rail1,link_downed,0
2026-09-30T07:14:04.522Z,gpu-3uwoq-6g3ya-2,ib_hw_counter,rdma_vf_rail1,out_of_sequence,8
2026-09-30T07:14:04.522Z,gpu-3uwoq-6g3ya-2,ib_hw_counter,rdma_vf_rail1,packet_seq_err,0
2026-09-30T07:14:04.522Z,gpu-3uwoq-6g3ya-2,ib_hw_counter,rdma_vf_rail1,local_ack_timeout_err,0
2026-09-30T07:14:04.522Z,gpu-3uwoq-6g3ya-2,ib_hw_counter,rdma_vf_rail1,rx_write_requests,7.11635e+08
2026-09-30T07:14:04.522Z,gpu-3uwoq-6g3ya-2,ib_hw_counter,rdma_vf_rail1,rx_read_requests,1.26179e+07
2026-09-30T07:14:04.522Z,gpu-3uwoq-6g3ya-2,ib_hw_counter,rdma_vf_rail1,req_cqe_error,0
2026-09-30T07:14:04.522Z,gpu-3uwoq-6g3ya-2,ib_hw_counter,rdma_vf_rail1,resp_cqe_error,0
2026-09-30T07:14:04.522Z,gpu-3uwoq-6g3ya-2,ib_hw_counter,rdma_vf_rail1,implied_nak_seq_err,0
2026-09-30T07:14:04.522Z,gpu-3uwoq-6g3ya-2,ib_hw_counter,rdma_vf_rail1,duplicate_request,0
2026-09-30T07:14:04.522Z,gpu-3uwoq-6g3ya-2,ib_counter,rdma_vf_rail2,port_xmit_data,3.02614e+12
2026-09-30T07:14:04.522Z,gpu-3uwoq-6g3ya-2,ib_counter,rdma_vf_rail2,port_rcv_data,5.98562e+12
2026-09-30T07:14:04.522Z,gpu-3uwoq-6g3ya-2,ib_counter,rdma_vf_rail2,port_xmit_packets,1.02027e+09
2026-09-30T07:14:04.522Z,gpu-3uwoq-6g3ya-2,ib_counter,rdma_vf_rail2,port_rcv_packets,1.64539e+09
2026-09-30T07:14:04.522Z,gpu-3uwoq-6g3ya-2,ib_counter,rdma_vf_rail2,port_xmit_wait,0
2026-09-30T07:14:04.522Z,gpu-3uwoq-6g3ya-2,ib_counter,rdma_vf_rail2,port_rcv_errors,0
2026-09-30T07:14:04.522Z,gpu-3uwoq-6g3ya-2,ib_counter,rdma_vf_rail2,port_xmit_discards,0
2026-09-30T07:14:04.522Z,gpu-3uwoq-6g3ya-2,ib_counter,rdma_vf_rail2,link_downed,0
2026-09-30T07:14:04.522Z,gpu-3uwoq-6g3ya-2,ib_hw_counter,rdma_vf_rail2,out_of_sequence,8
2026-09-30T07:14:04.522Z,gpu-3uwoq-6g3ya-2,ib_hw_counter,rdma_vf_rail2,packet_seq_err,0
2026-09-30T07:14:04.522Z,gpu-3uwoq-6g3ya-2,ib_hw_counter,rdma_vf_rail2,local_ack_timeout_err,0
2026-09-30T07:14:04.522Z,gpu-3uwoq-6g3ya-2,ib_hw_counter,rdma_vf_rail2,rx_write_requests,7.11202e+08
2026-09-30T07:14:04.522Z,gpu-3uwoq-6g3ya-2,ib_hw_counter,rdma_vf_rail2,rx_read_requests,1.241e+07
2026-09-30T07:14:04.522Z,gpu-3uwoq-6g3ya-2,ib_hw_counter,rdma_vf_rail2,req_cqe_error,0
2026-09-30T07:14:04.522Z,gpu-3uwoq-6g3ya-2,ib_hw_counter,rdma_vf_rail2,resp_cqe_error,0
2026-09-30T07:14:04.522Z,gpu-3uwoq-6g3ya-2,ib_hw_counter,rdma_vf_rail2,implied_nak_seq_err,0
2026-09-30T07:14:04.522Z,gpu-3uwoq-6g3ya-2,ib_hw_counter,rdma_vf_rail2,duplicate_request,0
2026-09-30T07:14:04.522Z,gpu-3uwoq-6g3ya-2,ib_counter,rdma_vf_rail3,port_xmit_data,3.026e+12
2026-09-30T07:14:04.522Z,gpu-3uwoq-6g3ya-2,ib_counter,rdma_vf_rail3,port_rcv_data,5.98622e+12
2026-09-30T07:14:04.522Z,gpu-3uwoq-6g3ya-2,ib_counter,rdma_vf_rail3,port_xmit_packets,1.01861e+09
2026-09-30T07:14:04.522Z,gpu-3uwoq-6g3ya-2,ib_counter,rdma_vf_rail3,port_rcv_packets,1.65278e+09
2026-09-30T07:14:04.522Z,gpu-3uwoq-6g3ya-2,ib_counter,rdma_vf_rail3,port_xmit_wait,0
2026-09-30T07:14:04.522Z,gpu-3uwoq-6g3ya-2,ib_counter,rdma_vf_rail3,port_rcv_errors,0
2026-09-30T07:14:04.522Z,gpu-3uwoq-6g3ya-2,ib_counter,rdma_vf_rail3,port_xmit_discards,0
2026-09-30T07:14:04.522Z,gpu-3uwoq-6g3ya-2,ib_counter,rdma_vf_rail3,link_downed,0
2026-09-30T07:14:04.522Z,gpu-3uwoq-6g3ya-2,ib_hw_counter,rdma_vf_rail3,out_of_sequence,7
2026-09-30T07:14:04.522Z,gpu-3uwoq-6g3ya-2,ib_hw_counter,rdma_vf_rail3,packet_seq_err,1
2026-09-30T07:14:04.522Z,gpu-3uwoq-6g3ya-2,ib_hw_counter,rdma_vf_rail3,local_ack_timeout_err,0
2026-09-30T07:14:04.522Z,gpu-3uwoq-6g3ya-2,ib_hw_counter,rdma_vf_rail3,rx_write_requests,7.11202e+08
2026-09-30T07:14:04.522Z,gpu-3uwoq-6g3ya-2,ib_hw_counter,rdma_vf_rail3,rx_read_requests,1.241e+07
2026-09-30T07:14:04.522Z,gpu-3uwoq-6g3ya-2,ib_hw_counter,rdma_vf_rail3,req_cqe_error,0
2026-09-30T07:14:04.522Z,gpu-3uwoq-6g3ya-2,ib_hw_counter,rdma_vf_rail3,resp_cqe_error,0
2026-09-30T07:14:04.522Z,gpu-3uwoq-6g3ya-2,ib_hw_counter,rdma_vf_rail3,implied_nak_seq_err,0
2026-09-30T07:14:04.522Z,gpu-3uwoq-6g3ya-2,ib_hw_counter,rdma_vf_rail3,duplicate_request,0
2026-09-30T07:14:04.522Z,gpu-3uwoq-6g3ya-2,dcgm,gpu2,gpu_util,0
2026-09-30T07:14:04.522Z,gpu-3uwoq-6g3ya-2,dcgm,gpu3,gpu_util,0
2026-09-30T07:14:04.522Z,gpu-3uwoq-6g3ya-2,dcgm,gpu1,gpu_util,0
2026-09-30T07:14:04.522Z,gpu-3uwoq-6g3ya-2,dcgm,gpu0,gpu_util,0
2026-09-30T07:14:04.522Z,gpu-3uwoq-6g3ya-2,dcgm,gpu2,nvlink_bandwidth_total,0
2026-09-30T07:14:04.522Z,gpu-3uwoq-6g3ya-2,dcgm,gpu3,nvlink_bandwidth_total,0
2026-09-30T07:14:04.522Z,gpu-3uwoq-6g3ya-2,dcgm,gpu1,nvlink_bandwidth_total,0
2026-09-30T07:14:04.522Z,gpu-3uwoq-6g3ya-2,dcgm,gpu0,nvlink_bandwidth_total,0
2026-09-30T07:14:04.522Z,gpu-3uwoq-6g3ya-2,dcgm,gpu2,power_w,230.943
2026-09-30T07:14:04.522Z,gpu-3uwoq-6g3ya-2,dcgm,gpu3,power_w,233.861
2026-09-30T07:14:04.522Z,gpu-3uwoq-6g3ya-2,dcgm,gpu1,power_w,230.031
2026-09-30T07:14:04.522Z,gpu-3uwoq-6g3ya-2,dcgm,gpu0,power_w,226.432
2026-09-30T07:14:04.522Z,gpu-3uwoq-6g3ya-2,dcgm,gpu2,sm_clock_mhz,2070
2026-09-30T07:14:04.522Z,gpu-3uwoq-6g3ya-2,dcgm,gpu3,sm_clock_mhz,2070
2026-09-30T07:14:04.522Z,gpu-3uwoq-6g3ya-2,dcgm,gpu1,sm_clock_mhz,2070
2026-09-30T07:14:04.522Z,gpu-3uwoq-6g3ya-2,dcgm,gpu0,sm_clock_mhz,2070
2026-09-30T07:14:04.522Z,gpu-3uwoq-6g3ya-2,dcgm,gpu2,dram_active,0
2026-09-30T07:14:04.522Z,gpu-3uwoq-6g3ya-2,dcgm,gpu3,dram_active,0
2026-09-30T07:14:04.522Z,gpu-3uwoq-6g3ya-2,dcgm,gpu1,dram_active,0
2026-09-30T07:14:04.522Z,gpu-3uwoq-6g3ya-2,dcgm,gpu0,dram_active,0
2026-09-30T07:14:04.522Z,gpu-3uwoq-6g3ya-2,dcgm,gpu2,pcie_rx_bytes,52573
2026-09-30T07:14:04.522Z,gpu-3uwoq-6g3ya-2,dcgm,gpu3,pcie_rx_bytes,53040
2026-09-30T07:14:04.522Z,gpu-3uwoq-6g3ya-2,dcgm,gpu1,pcie_rx_bytes,61148
2026-09-30T07:14:04.522Z,gpu-3uwoq-6g3ya-2,dcgm,gpu0,pcie_rx_bytes,61199
2026-09-30T07:14:04.522Z,gpu-3uwoq-6g3ya-2,dcgm,gpu2,pcie_tx_bytes,49327
2026-09-30T07:14:04.522Z,gpu-3uwoq-6g3ya-2,dcgm,gpu3,pcie_tx_bytes,49808
2026-09-30T07:14:04.522Z,gpu-3uwoq-6g3ya-2,dcgm,gpu1,pcie_tx_bytes,57899
2026-09-30T07:14:04.522Z,gpu-3uwoq-6g3ya-2,dcgm,gpu0,pcie_tx_bytes,57949
2026-09-30T07:14:04.522Z,gpu-3uwoq-6g3ya-2,dcgm,gpu2,tensor_active,0
2026-09-30T07:14:04.522Z,gpu-3uwoq-6g3ya-2,dcgm,gpu3,tensor_active,0
2026-09-30T07:14:04.522Z,gpu-3uwoq-6g3ya-2,dcgm,gpu1,tensor_active,0
2026-09-30T07:14:04.522Z,gpu-3uwoq-6g3ya-2,dcgm,gpu0,tensor_active,0
2026-09-30T07:14:04.522Z,gpu-3uwoq-6g3ya-2,dcgm,gpu2,sm_active,0
2026-09-30T07:14:04.522Z,gpu-3uwoq-6g3ya-2,dcgm,gpu3,sm_active,0
2026-09-30T07:14:04.522Z,gpu-3uwoq-6g3ya-2,dcgm,gpu1,sm_active,0
2026-09-30T07:14:04.522Z,gpu-3uwoq-6g3ya-2,dcgm,gpu0,sm_active,0
2026-09-30T07:14:04.522Z,gpu-3uwoq-6g3ya-2,nvlink,gpu0,nvlink_rx_bytes,4.84459e+13
2026-09-30T07:14:04.522Z,gpu-3uwoq-6g3ya-2,nvlink,gpu0,nvlink_tx_bytes,4.84493e+13
2026-09-30T07:14:04.522Z,gpu-3uwoq-6g3ya-2,nvlink,gpu1,nvlink_rx_bytes,4.8648e+13
2026-09-30T07:14:04.522Z,gpu-3uwoq-6g3ya-2,nvlink,gpu1,nvlink_tx_bytes,4.86502e+13
2026-09-30T07:14:04.522Z,gpu-3uwoq-6g3ya-2,nvlink,gpu2,nvlink_rx_bytes,4.84828e+13
2026-09-30T07:14:04.522Z,gpu-3uwoq-6g3ya-2,nvlink,gpu2,nvlink_tx_bytes,4.84863e+13
2026-09-30T07:14:04.522Z,gpu-3uwoq-6g3ya-2,nvlink,gpu3,nvlink_rx_bytes,4.83797e+13
2026-09-30T07:14:04.522Z,gpu-3uwoq-6g3ya-2,nvlink,gpu3,nvlink_tx_bytes,4.83829e+13
2026-09-30T07:14:05.523Z,gpu-3uwoq-6g3ya-2,ib_counter,rdma_vf_rail0,port_xmit_data,3.1619e+12
2026-09-30T07:14:05.523Z,gpu-3uwoq-6g3ya-2,ib_counter,rdma_vf_rail0,port_rcv_data,6.12198e+12
2026-09-30T07:14:05.523Z,gpu-3uwoq-6g3ya-2,ib_counter,rdma_vf_rail0,port_xmit_packets,1.07066e+09
2026-09-30T07:14:05.523Z,gpu-3uwoq-6g3ya-2,ib_counter,rdma_vf_rail0,port_rcv_packets,1.70183e+09
2026-09-30T07:14:05.523Z,gpu-3uwoq-6g3ya-2,ib_counter,rdma_vf_rail0,port_xmit_wait,0
2026-09-30T07:14:05.523Z,gpu-3uwoq-6g3ya-2,ib_counter,rdma_vf_rail0,port_rcv_errors,0
2026-09-30T07:14:05.523Z,gpu-3uwoq-6g3ya-2,ib_counter,rdma_vf_rail0,port_xmit_discards,0
2026-09-30T07:14:05.523Z,gpu-3uwoq-6g3ya-2,ib_counter,rdma_vf_rail0,link_downed,0
2026-09-30T07:14:05.523Z,gpu-3uwoq-6g3ya-2,ib_hw_counter,rdma_vf_rail0,out_of_sequence,8
2026-09-30T07:14:05.523Z,gpu-3uwoq-6g3ya-2,ib_hw_counter,rdma_vf_rail0,packet_seq_err,0
2026-09-30T07:14:05.523Z,gpu-3uwoq-6g3ya-2,ib_hw_counter,rdma_vf_rail0,local_ack_timeout_err,0
2026-09-30T07:14:05.523Z,gpu-3uwoq-6g3ya-2,ib_hw_counter,rdma_vf_rail0,rx_write_requests,7.13227e+08
2026-09-30T07:14:05.523Z,gpu-3uwoq-6g3ya-2,ib_hw_counter,rdma_vf_rail0,rx_read_requests,1.34187e+07
2026-09-30T07:14:05.523Z,gpu-3uwoq-6g3ya-2,ib_hw_counter,rdma_vf_rail0,req_cqe_error,0
2026-09-30T07:14:05.523Z,gpu-3uwoq-6g3ya-2,ib_hw_counter,rdma_vf_rail0,resp_cqe_error,0
2026-09-30T07:14:05.523Z,gpu-3uwoq-6g3ya-2,ib_hw_counter,rdma_vf_rail0,implied_nak_seq_err,0
2026-09-30T07:14:05.523Z,gpu-3uwoq-6g3ya-2,ib_hw_counter,rdma_vf_rail0,duplicate_request,0
2026-09-30T07:14:05.523Z,gpu-3uwoq-6g3ya-2,ib_counter,rdma_vf_rail1,port_xmit_data,3.05371e+12
2026-09-30T07:14:05.523Z,gpu-3uwoq-6g3ya-2,ib_counter,rdma_vf_rail1,port_rcv_data,6.01387e+12
2026-09-30T07:14:05.523Z,gpu-3uwoq-6g3ya-2,ib_counter,rdma_vf_rail1,port_xmit_packets,1.03795e+09
2026-09-30T07:14:05.523Z,gpu-3uwoq-6g3ya-2,ib_counter,rdma_vf_rail1,port_rcv_packets,1.66932e+09
2026-09-30T07:14:05.523Z,gpu-3uwoq-6g3ya-2,ib_counter,rdma_vf_rail1,port_xmit_wait,0
2026-09-30T07:14:05.523Z,gpu-3uwoq-6g3ya-2,ib_counter,rdma_vf_rail1,port_rcv_errors,0
2026-09-30T07:14:05.523Z,gpu-3uwoq-6g3ya-2,ib_counter,rdma_vf_rail1,port_xmit_discards,0
2026-09-30T07:14:05.523Z,gpu-3uwoq-6g3ya-2,ib_counter,rdma_vf_rail1,link_downed,0
2026-09-30T07:14:05.523Z,gpu-3uwoq-6g3ya-2,ib_hw_counter,rdma_vf_rail1,out_of_sequence,8
2026-09-30T07:14:05.523Z,gpu-3uwoq-6g3ya-2,ib_hw_counter,rdma_vf_rail1,packet_seq_err,0
2026-09-30T07:14:05.523Z,gpu-3uwoq-6g3ya-2,ib_hw_counter,rdma_vf_rail1,local_ack_timeout_err,0
2026-09-30T07:14:05.523Z,gpu-3uwoq-6g3ya-2,ib_hw_counter,rdma_vf_rail1,rx_write_requests,7.11635e+08
2026-09-30T07:14:05.523Z,gpu-3uwoq-6g3ya-2,ib_hw_counter,rdma_vf_rail1,rx_read_requests,1.26179e+07
2026-09-30T07:14:05.523Z,gpu-3uwoq-6g3ya-2,ib_hw_counter,rdma_vf_rail1,req_cqe_error,0
2026-09-30T07:14:05.523Z,gpu-3uwoq-6g3ya-2,ib_hw_counter,rdma_vf_rail1,resp_cqe_error,0
2026-09-30T07:14:05.523Z,gpu-3uwoq-6g3ya-2,ib_hw_counter,rdma_vf_rail1,implied_nak_seq_err,0
2026-09-30T07:14:05.523Z,gpu-3uwoq-6g3ya-2,ib_hw_counter,rdma_vf_rail1,duplicate_request,0
2026-09-30T07:14:05.523Z,gpu-3uwoq-6g3ya-2,ib_counter,rdma_vf_rail2,port_xmit_data,3.02614e+12
2026-09-30T07:14:05.523Z,gpu-3uwoq-6g3ya-2,ib_counter,rdma_vf_rail2,port_rcv_data,5.98562e+12
2026-09-30T07:14:05.523Z,gpu-3uwoq-6g3ya-2,ib_counter,rdma_vf_rail2,port_xmit_packets,1.02027e+09
2026-09-30T07:14:05.523Z,gpu-3uwoq-6g3ya-2,ib_counter,rdma_vf_rail2,port_rcv_packets,1.64539e+09
2026-09-30T07:14:05.523Z,gpu-3uwoq-6g3ya-2,ib_counter,rdma_vf_rail2,port_xmit_wait,0
2026-09-30T07:14:05.523Z,gpu-3uwoq-6g3ya-2,ib_counter,rdma_vf_rail2,port_rcv_errors,0
2026-09-30T07:14:05.523Z,gpu-3uwoq-6g3ya-2,ib_counter,rdma_vf_rail2,port_xmit_discards,0
2026-09-30T07:14:05.523Z,gpu-3uwoq-6g3ya-2,ib_counter,rdma_vf_rail2,link_downed,0
2026-09-30T07:14:05.523Z,gpu-3uwoq-6g3ya-2,ib_hw_counter,rdma_vf_rail2,out_of_sequence,8
2026-09-30T07:14:05.523Z,gpu-3uwoq-6g3ya-2,ib_hw_counter,rdma_vf_rail2,packet_seq_err,0
2026-09-30T07:14:05.523Z,gpu-3uwoq-6g3ya-2,ib_hw_counter,rdma_vf_rail2,local_ack_timeout_err,0
2026-09-30T07:14:05.523Z,gpu-3uwoq-6g3ya-2,ib_hw_counter,rdma_vf_rail2,rx_write_requests,7.11202e+08
2026-09-30T07:14:05.523Z,gpu-3uwoq-6g3ya-2,ib_hw_counter,rdma_vf_rail2,rx_read_requests,1.241e+07
2026-09-30T07:14:05.523Z,gpu-3uwoq-6g3ya-2,ib_hw_counter,rdma_vf_rail2,req_cqe_error,0
2026-09-30T07:14:05.523Z,gpu-3uwoq-6g3ya-2,ib_hw_counter,rdma_vf_rail2,resp_cqe_error,0
2026-09-30T07:14:05.523Z,gpu-3uwoq-6g3ya-2,ib_hw_counter,rdma_vf_rail2,implied_nak_seq_err,0
2026-09-30T07:14:05.523Z,gpu-3uwoq-6g3ya-2,ib_hw_counter,rdma_vf_rail2,duplicate_request,0
2026-09-30T07:14:05.523Z,gpu-3uwoq-6g3ya-2,ib_counter,rdma_vf_rail3,port_xmit_data,3.026e+12
2026-09-30T07:14:05.523Z,gpu-3uwoq-6g3ya-2,ib_counter,rdma_vf_rail3,port_rcv_data,5.98622e+12
2026-09-30T07:14:05.523Z,gpu-3uwoq-6g3ya-2,ib_counter,rdma_vf_rail3,port_xmit_packets,1.01861e+09
2026-09-30T07:14:05.523Z,gpu-3uwoq-6g3ya-2,ib_counter,rdma_vf_rail3,port_rcv_packets,1.65278e+09
2026-09-30T07:14:05.523Z,gpu-3uwoq-6g3ya-2,ib_counter,rdma_vf_rail3,port_xmit_wait,0
2026-09-30T07:14:05.523Z,gpu-3uwoq-6g3ya-2,ib_counter,rdma_vf_rail3,port_rcv_errors,0
2026-09-30T07:14:05.523Z,gpu-3uwoq-6g3ya-2,ib_counter,rdma_vf_rail3,port_xmit_discards,0
2026-09-30T07:14:05.523Z,gpu-3uwoq-6g3ya-2,ib_counter,rdma_vf_rail3,link_downed,0
2026-09-30T07:14:05.523Z,gpu-3uwoq-6g3ya-2,ib_hw_counter,rdma_vf_rail3,out_of_sequence,7
2026-09-30T07:14:05.523Z,gpu-3uwoq-6g3ya-2,ib_hw_counter,rdma_vf_rail3,packet_seq_err,1
2026-09-30T07:14:05.523Z,gpu-3uwoq-6g3ya-2,ib_hw_counter,rdma_vf_rail3,local_ack_timeout_err,0
2026-09-30T07:14:05.523Z,gpu-3uwoq-6g3ya-2,ib_hw_counter,rdma_vf_rail3,rx_write_requests,7.11202e+08
2026-09-30T07:14:05.523Z,gpu-3uwoq-6g3ya-2,ib_hw_counter,rdma_vf_rail3,rx_read_requests,1.241e+07
2026-09-30T07:14:05.523Z,gpu-3uwoq-6g3ya-2,ib_hw_counter,rdma_vf_rail3,req_cqe_error,0
2026-09-30T07:14:05.523Z,gpu-3uwoq-6g3ya-2,ib_hw_counter,rdma_vf_rail3,resp_cqe_error,0
2026-09-30T07:14:05.523Z,gpu-3uwoq-6g3ya-2,ib_hw_counter,rdma_vf_rail3,implied_nak_seq_err,0
2026-09-30T07:14:05.523Z,gpu-3uwoq-6g3ya-2,ib_hw_counter,rdma_vf_rail3,duplicate_request,0
2026-09-30T07:14:05.523Z,gpu-3uwoq-6g3ya-2,dcgm,gpu2,gpu_util,0
2026-09-30T07:14:05.523Z,gpu-3uwoq-6g3ya-2,dcgm,gpu3,gpu_util,0
2026-09-30T07:14:05.523Z,gpu-3uwoq-6g3ya-2,dcgm,gpu1,gpu_util,0
2026-09-30T07:14:05.523Z,gpu-3uwoq-6g3ya-2,dcgm,gpu0,gpu_util,0
2026-09-30T07:14:05.523Z,gpu-3uwoq-6g3ya-2,dcgm,gpu2,nvlink_bandwidth_total,0
2026-09-30T07:14:05.523Z,gpu-3uwoq-6g3ya-2,dcgm,gpu3,nvlink_bandwidth_total,0
2026-09-30T07:14:05.523Z,gpu-3uwoq-6g3ya-2,dcgm,gpu1,nvlink_bandwidth_total,0
2026-09-30T07:14:05.523Z,gpu-3uwoq-6g3ya-2,dcgm,gpu0,nvlink_bandwidth_total,0
2026-09-30T07:14:05.523Z,gpu-3uwoq-6g3ya-2,dcgm,gpu2,power_w,230.943
2026-09-30T07:14:05.523Z,gpu-3uwoq-6g3ya-2,dcgm,gpu3,power_w,233.861
2026-09-30T07:14:05.523Z,gpu-3uwoq-6g3ya-2,dcgm,gpu1,power_w,230.031
2026-09-30T07:14:05.523Z,gpu-3uwoq-6g3ya-2,dcgm,gpu0,power_w,226.432
2026-09-30T07:14:05.523Z,gpu-3uwoq-6g3ya-2,dcgm,gpu2,sm_clock_mhz,2070
2026-09-30T07:14:05.523Z,gpu-3uwoq-6g3ya-2,dcgm,gpu3,sm_clock_mhz,2070
2026-09-30T07:14:05.523Z,gpu-3uwoq-6g3ya-2,dcgm,gpu1,sm_clock_mhz,2070
2026-09-30T07:14:05.523Z,gpu-3uwoq-6g3ya-2,dcgm,gpu0,sm_clock_mhz,2070
2026-09-30T07:14:05.523Z,gpu-3uwoq-6g3ya-2,dcgm,gpu2,dram_active,0
2026-09-30T07:14:05.523Z,gpu-3uwoq-6g3ya-2,dcgm,gpu3,dram_active,0
2026-09-30T07:14:05.523Z,gpu-3uwoq-6g3ya-2,dcgm,gpu1,dram_active,0
2026-09-30T07:14:05.523Z,gpu-3uwoq-6g3ya-2,dcgm,gpu0,dram_active,0
2026-09-30T07:14:05.523Z,gpu-3uwoq-6g3ya-2,dcgm,gpu2,pcie_rx_bytes,52573
2026-09-30T07:14:05.523Z,gpu-3uwoq-6g3ya-2,dcgm,gpu3,pcie_rx_bytes,53040
2026-09-30T07:14:05.523Z,gpu-3uwoq-6g3ya-2,dcgm,gpu1,pcie_rx_bytes,61148
2026-09-30T07:14:05.523Z,gpu-3uwoq-6g3ya-2,dcgm,gpu0,pcie_rx_bytes,61199
2026-09-30T07:14:05.523Z,gpu-3uwoq-6g3ya-2,dcgm,gpu2,pcie_tx_bytes,49327
2026-09-30T07:14:05.523Z,gpu-3uwoq-6g3ya-2,dcgm,gpu3,pcie_tx_bytes,49808
2026-09-30T07:14:05.523Z,gpu-3uwoq-6g3ya-2,dcgm,gpu1,pcie_tx_bytes,57899
2026-09-30T07:14:05.523Z,gpu-3uwoq-6g3ya-2,dcgm,gpu0,pcie_tx_bytes,57949
2026-09-30T07:14:05.523Z,gpu-3uwoq-6g3ya-2,dcgm,gpu2,tensor_active,0
2026-09-30T07:14:05.523Z,gpu-3uwoq-6g3ya-2,dcgm,gpu3,tensor_active,0
2026-09-30T07:14:05.523Z,gpu-3uwoq-6g3ya-2,dcgm,gpu1,tensor_active,0
2026-09-30T07:14:05.523Z,gpu-3uwoq-6g3ya-2,dcgm,gpu0,tensor_active,0
2026-09-30T07:14:05.523Z,gpu-3uwoq-6g3ya-2,dcgm,gpu2,sm_active,0
2026-09-30T07:14:05.523Z,gpu-3uwoq-6g3ya-2,dcgm,gpu3,sm_active,0
2026-09-30T07:14:05.523Z,gpu-3uwoq-6g3ya-2,dcgm,gpu1,sm_active,0
2026-09-30T07:14:05.523Z,gpu-3uwoq-6g3ya-2,dcgm,gpu0,sm_active,0
2026-09-30T07:14:05.523Z,gpu-3uwoq-6g3ya-2,nvlink,gpu0,nvlink_rx_bytes,4.84459e+13
2026-09-30T07:14:05.523Z,gpu-3uwoq-6g3ya-2,nvlink,gpu0,nvlink_tx_bytes,4.84493e+13
2026-09-30T07:14:05.523Z,gpu-3uwoq-6g3ya-2,nvlink,gpu1,nvlink_rx_bytes,4.8648e+13
2026-09-30T07:14:05.523Z,gpu-3uwoq-6g3ya-2,nvlink,gpu1,nvlink_tx_bytes,4.86502e+13
2026-09-30T07:14:05.523Z,gpu-3uwoq-6g3ya-2,nvlink,gpu2,nvlink_rx_bytes,4.84828e+13
2026-09-30T07:14:05.523Z,gpu-3uwoq-6g3ya-2,nvlink,gpu2,nvlink_tx_bytes,4.84863e+13
2026-09-30T07:14:05.523Z,gpu-3uwoq-6g3ya-2,nvlink,gpu3,nvlink_rx_bytes,4.83797e+13
2026-09-30T07:14:05.523Z,gpu-3uwoq-6g3ya-2,nvlink,gpu3,nvlink_tx_bytes,4.83829e+13
2026-09-30T07:14:06.523Z,gpu-3uwoq-6g3ya-2,ib_counter,rdma_vf_rail0,port_xmit_data,3.1619e+12
2026-09-30T07:14:06.523Z,gpu-3uwoq-6g3ya-2,ib_counter,rdma_vf_rail0,port_rcv_data,6.12198e+12
2026-09-30T07:14:06.523Z,gpu-3uwoq-6g3ya-2,ib_counter,rdma_vf_rail0,port_xmit_packets,1.07066e+09
2026-09-30T07:14:06.523Z,gpu-3uwoq-6g3ya-2,ib_counter,rdma_vf_rail0,port_rcv_packets,1.70183e+09
2026-09-30T07:14:06.523Z,gpu-3uwoq-6g3ya-2,ib_counter,rdma_vf_rail0,port_xmit_wait,0
2026-09-30T07:14:06.523Z,gpu-3uwoq-6g3ya-2,ib_counter,rdma_vf_rail0,port_rcv_errors,0
2026-09-30T07:14:06.523Z,gpu-3uwoq-6g3ya-2,ib_counter,rdma_vf_rail0,port_xmit_discards,0
2026-09-30T07:14:06.523Z,gpu-3uwoq-6g3ya-2,ib_counter,rdma_vf_rail0,link_downed,0
2026-09-30T07:14:06.523Z,gpu-3uwoq-6g3ya-2,ib_hw_counter,rdma_vf_rail0,out_of_sequence,8
2026-09-30T07:14:06.523Z,gpu-3uwoq-6g3ya-2,ib_hw_counter,rdma_vf_rail0,packet_seq_err,0
2026-09-30T07:14:06.523Z,gpu-3uwoq-6g3ya-2,ib_hw_counter,rdma_vf_rail0,local_ack_timeout_err,0
2026-09-30T07:14:06.523Z,gpu-3uwoq-6g3ya-2,ib_hw_counter,rdma_vf_rail0,rx_write_requests,7.13227e+08
2026-09-30T07:14:06.523Z,gpu-3uwoq-6g3ya-2,ib_hw_counter,rdma_vf_rail0,rx_read_requests,1.34187e+07
2026-09-30T07:14:06.523Z,gpu-3uwoq-6g3ya-2,ib_hw_counter,rdma_vf_rail0,req_cqe_error,0
2026-09-30T07:14:06.523Z,gpu-3uwoq-6g3ya-2,ib_hw_counter,rdma_vf_rail0,resp_cqe_error,0
2026-09-30T07:14:06.523Z,gpu-3uwoq-6g3ya-2,ib_hw_counter,rdma_vf_rail0,implied_nak_seq_err,0
2026-09-30T07:14:06.523Z,gpu-3uwoq-6g3ya-2,ib_hw_counter,rdma_vf_rail0,duplicate_request,0
2026-09-30T07:14:06.523Z,gpu-3uwoq-6g3ya-2,ib_counter,rdma_vf_rail1,port_xmit_data,3.05371e+12
2026-09-30T07:14:06.523Z,gpu-3uwoq-6g3ya-2,ib_counter,rdma_vf_rail1,port_rcv_data,6.01387e+12
2026-09-30T07:14:06.523Z,gpu-3uwoq-6g3ya-2,ib_counter,rdma_vf_rail1,port_xmit_packets,1.03795e+09
2026-09-30T07:14:06.523Z,gpu-3uwoq-6g3ya-2,ib_counter,rdma_vf_rail1,port_rcv_packets,1.66932e+09
2026-09-30T07:14:06.523Z,gpu-3uwoq-6g3ya-2,ib_counter,rdma_vf_rail1,port_xmit_wait,0
2026-09-30T07:14:06.523Z,gpu-3uwoq-6g3ya-2,ib_counter,rdma_vf_rail1,port_rcv_errors,0
2026-09-30T07:14:06.523Z,gpu-3uwoq-6g3ya-2,ib_counter,rdma_vf_rail1,port_xmit_discards,0
2026-09-30T07:14:06.523Z,gpu-3uwoq-6g3ya-2,ib_counter,rdma_vf_rail1,link_downed,0
2026-09-30T07:14:06.523Z,gpu-3uwoq-6g3ya-2,ib_hw_counter,rdma_vf_rail1,out_of_sequence,8
2026-09-30T07:14:06.523Z,gpu-3uwoq-6g3ya-2,ib_hw_counter,rdma_vf_rail1,packet_seq_err,0
2026-09-30T07:14:06.523Z,gpu-3uwoq-6g3ya-2,ib_hw_counter,rdma_vf_rail1,local_ack_timeout_err,0
2026-09-30T07:14:06.523Z,gpu-3uwoq-6g3ya-2,ib_hw_counter,rdma_vf_rail1,rx_write_requests,7.11635e+08
2026-09-30T07:14:06.523Z,gpu-3uwoq-6g3ya-2,ib_hw_counter,rdma_vf_rail1,rx_read_requests,1.26179e+07
2026-09-30T07:14:06.523Z,gpu-3uwoq-6g3ya-2,ib_hw_counter,rdma_vf_rail1,req_cqe_error,0
2026-09-30T07:14:06.523Z,gpu-3uwoq-6g3ya-2,ib_hw_counter,rdma_vf_rail1,resp_cqe_error,0
2026-09-30T07:14:06.523Z,gpu-3uwoq-6g3ya-2,ib_hw_counter,rdma_vf_rail1,implied_nak_seq_err,0
2026-09-30T07:14:06.523Z,gpu-3uwoq-6g3ya-2,ib_hw_counter,rdma_vf_rail1,duplicate_request,0
2026-09-30T07:14:06.523Z,gpu-3uwoq-6g3ya-2,ib_counter,rdma_vf_rail2,port_xmit_data,3.02614e+12
2026-09-30T07:14:06.523Z,gpu-3uwoq-6g3ya-2,ib_counter,rdma_vf_rail2,port_rcv_data,5.98562e+12
2026-09-30T07:14:06.523Z,gpu-3uwoq-6g3ya-2,ib_counter,rdma_vf_rail2,port_xmit_packets,1.02027e+09
2026-09-30T07:14:06.523Z,gpu-3uwoq-6g3ya-2,ib_counter,rdma_vf_rail2,port_rcv_packets,1.64539e+09
2026-09-30T07:14:06.523Z,gpu-3uwoq-6g3ya-2,ib_counter,rdma_vf_rail2,port_xmit_wait,0
2026-09-30T07:14:06.523Z,gpu-3uwoq-6g3ya-2,ib_counter,rdma_vf_rail2,port_rcv_errors,0
2026-09-30T07:14:06.523Z,gpu-3uwoq-6g3ya-2,ib_counter,rdma_vf_rail2,port_xmit_discards,0
2026-09-30T07:14:06.523Z,gpu-3uwoq-6g3ya-2,ib_counter,rdma_vf_rail2,link_downed,0
2026-09-30T07:14:06.523Z,gpu-3uwoq-6g3ya-2,ib_hw_counter,rdma_vf_rail2,out_of_sequence,8
2026-09-30T07:14:06.523Z,gpu-3uwoq-6g3ya-2,ib_hw_counter,rdma_vf_rail2,packet_seq_err,0
2026-09-30T07:14:06.523Z,gpu-3uwoq-6g3ya-2,ib_hw_counter,rdma_vf_rail2,local_ack_timeout_err,0
2026-09-30T07:14:06.523Z,gpu-3uwoq-6g3ya-2,ib_hw_counter,rdma_vf_rail2,rx_write_requests,7.11202e+08
2026-09-30T07:14:06.523Z,gpu-3uwoq-6g3ya-2,ib_hw_counter,rdma_vf_rail2,rx_read_requests,1.241e+07
2026-09-30T07:14:06.523Z,gpu-3uwoq-6g3ya-2,ib_hw_counter,rdma_vf_rail2,req_cqe_error,0
2026-09-30T07:14:06.523Z,gpu-3uwoq-6g3ya-2,ib_hw_counter,rdma_vf_rail2,resp_cqe_error,0
2026-09-30T07:14:06.523Z,gpu-3uwoq-6g3ya-2,ib_hw_counter,rdma_vf_rail2,implied_nak_seq_err,0
2026-09-30T07:14:06.523Z,gpu-3uwoq-6g3ya-2,ib_hw_counter,rdma_vf_rail2,duplicate_request,0
2026-09-30T07:14:06.523Z,gpu-3uwoq-6g3ya-2,ib_counter,rdma_vf_rail3,port_xmit_data,3.026e+12
2026-09-30T07:14:06.523Z,gpu-3uwoq-6g3ya-2,ib_counter,rdma_vf_rail3,port_rcv_data,5.98622e+12
2026-09-30T07:14:06.523Z,gpu-3uwoq-6g3ya-2,ib_counter,rdma_vf_rail3,port_xmit_packets,1.01861e+09
2026-09-30T07:14:06.523Z,gpu-3uwoq-6g3ya-2,ib_counter,rdma_vf_rail3,port_rcv_packets,1.65278e+09
2026-09-30T07:14:06.523Z,gpu-3uwoq-6g3ya-2,ib_counter,rdma_vf_rail3,port_xmit_wait,0
2026-09-30T07:14:06.523Z,gpu-3uwoq-6g3ya-2,ib_counter,rdma_vf_rail3,port_rcv_errors,0
2026-09-30T07:14:06.523Z,gpu-3uwoq-6g3ya-2,ib_counter,rdma_vf_rail3,port_xmit_discards,0
2026-09-30T07:14:06.523Z,gpu-3uwoq-6g3ya-2,ib_counter,rdma_vf_rail3,link_downed,0
2026-09-30T07:14:06.523Z,gpu-3uwoq-6g3ya-2,ib_hw_counter,rdma_vf_rail3,out_of_sequence,7
2026-09-30T07:14:06.523Z,gpu-3uwoq-6g3ya-2,ib_hw_counter,rdma_vf_rail3,packet_seq_err,1
2026-09-30T07:14:06.523Z,gpu-3uwoq-6g3ya-2,ib_hw_counter,rdma_vf_rail3,local_ack_timeout_err,0
2026-09-30T07:14:06.523Z,gpu-3uwoq-6g3ya-2,ib_hw_counter,rdma_vf_rail3,rx_write_requests,7.11202e+08
2026-09-30T07:14:06.523Z,gpu-3uwoq-6g3ya-2,ib_hw_counter,rdma_vf_rail3,rx_read_requests,1.241e+07
2026-09-30T07:14:06.523Z,gpu-3uwoq-6g3ya-2,ib_hw_counter,rdma_vf_rail3,req_cqe_error,0
2026-09-30T07:14:06.523Z,gpu-3uwoq-6g3ya-2,ib_hw_counter,rdma_vf_rail3,resp_cqe_error,0
2026-09-30T07:14:06.523Z,gpu-3uwoq-6g3ya-2,ib_hw_counter,rdma_vf_rail3,implied_nak_seq_err,0
2026-09-30T07:14:06.523Z,gpu-3uwoq-6g3ya-2,ib_hw_counter,rdma_vf_rail3,duplicate_request,0
2026-09-30T07:14:06.523Z,gpu-3uwoq-6g3ya-2,dcgm,gpu2,gpu_util,0
2026-09-30T07:14:06.523Z,gpu-3uwoq-6g3ya-2,dcgm,gpu3,gpu_util,0
2026-09-30T07:14:06.523Z,gpu-3uwoq-6g3ya-2,dcgm,gpu1,gpu_util,0
2026-09-30T07:14:06.523Z,gpu-3uwoq-6g3ya-2,dcgm,gpu0,gpu_util,0
2026-09-30T07:14:06.523Z,gpu-3uwoq-6g3ya-2,dcgm,gpu2,nvlink_bandwidth_total,0
2026-09-30T07:14:06.523Z,gpu-3uwoq-6g3ya-2,dcgm,gpu3,nvlink_bandwidth_total,0
2026-09-30T07:14:06.523Z,gpu-3uwoq-6g3ya-2,dcgm,gpu1,nvlink_bandwidth_total,0
2026-09-30T07:14:06.523Z,gpu-3uwoq-6g3ya-2,dcgm,gpu0,nvlink_bandwidth_total,0
2026-09-30T07:14:06.523Z,gpu-3uwoq-6g3ya-2,dcgm,gpu2,power_w,230.943
2026-09-30T07:14:06.523Z,gpu-3uwoq-6g3ya-2,dcgm,gpu3,power_w,233.861
2026-09-30T07:14:06.523Z,gpu-3uwoq-6g3ya-2,dcgm,gpu1,power_w,230.031
2026-09-30T07:14:06.523Z,gpu-3uwoq-6g3ya-2,dcgm,gpu0,power_w,226.432
2026-09-30T07:14:06.523Z,gpu-3uwoq-6g3ya-2,dcgm,gpu2,sm_clock_mhz,2070
2026-09-30T07:14:06.523Z,gpu-3uwoq-6g3ya-2,dcgm,gpu3,sm_clock_mhz,2070
2026-09-30T07:14:06.523Z,gpu-3uwoq-6g3ya-2,dcgm,gpu1,sm_clock_mhz,2070
2026-09-30T07:14:06.523Z,gpu-3uwoq-6g3ya-2,dcgm,gpu0,sm_clock_mhz,2070
2026-09-30T07:14:06.523Z,gpu-3uwoq-6g3ya-2,dcgm,gpu2,dram_active,0
2026-09-30T07:14:06.523Z,gpu-3uwoq-6g3ya-2,dcgm,gpu3,dram_active,0
2026-09-30T07:14:06.523Z,gpu-3uwoq-6g3ya-2,dcgm,gpu1,dram_active,0
2026-09-30T07:14:06.523Z,gpu-3uwoq-6g3ya-2,dcgm,gpu0,dram_active,0
2026-09-30T07:14:06.523Z,gpu-3uwoq-6g3ya-2,dcgm,gpu2,pcie_rx_bytes,52573
2026-09-30T07:14:06.523Z,gpu-3uwoq-6g3ya-2,dcgm,gpu3,pcie_rx_bytes,53040
2026-09-30T07:14:06.523Z,gpu-3uwoq-6g3ya-2,dcgm,gpu1,pcie_rx_bytes,61148
2026-09-30T07:14:06.523Z,gpu-3uwoq-6g3ya-2,dcgm,gpu0,pcie_rx_bytes,61199
2026-09-30T07:14:06.523Z,gpu-3uwoq-6g3ya-2,dcgm,gpu2,pcie_tx_bytes,49327
2026-09-30T07:14:06.523Z,gpu-3uwoq-6g3ya-2,dcgm,gpu3,pcie_tx_bytes,49808
2026-09-30T07:14:06.523Z,gpu-3uwoq-6g3ya-2,dcgm,gpu1,pcie_tx_bytes,57899
2026-09-30T07:14:06.523Z,gpu-3uwoq-6g3ya-2,dcgm,gpu0,pcie_tx_bytes,57949
2026-09-30T07:14:06.523Z,gpu-3uwoq-6g3ya-2,dcgm,gpu2,tensor_active,0
2026-09-30T07:14:06.523Z,gpu-3uwoq-6g3ya-2,dcgm,gpu3,tensor_active,0
2026-09-30T07:14:06.523Z,gpu-3uwoq-6g3ya-2,dcgm,gpu1,tensor_active,0
2026-09-30T07:14:06.523Z,gpu-3uwoq-6g3ya-2,dcgm,gpu0,tensor_active,0
2026-09-30T07:14:06.523Z,gpu-3uwoq-6g3ya-2,dcgm,gpu2,sm_active,0
2026-09-30T07:14:06.523Z,gpu-3uwoq-6g3ya-2,dcgm,gpu3,sm_active,0
2026-09-30T07:14:06.523Z,gpu-3uwoq-6g3ya-2,dcgm,gpu1,sm_active,0
2026-09-30T07:14:06.523Z,gpu-3uwoq-6g3ya-2,dcgm,gpu0,sm_active,0
2026-09-30T07:14:06.523Z,gpu-3uwoq-6g3ya-2,nvlink,gpu0,nvlink_rx_bytes,4.84459e+13
2026-09-30T07:14:06.523Z,gpu-3uwoq-6g3ya-2,nvlink,gpu0,nvlink_tx_bytes,4.84493e+13
2026-09-30T07:14:06.523Z,gpu-3uwoq-6g3ya-2,nvlink,gpu1,nvlink_rx_bytes,4.8648e+13
2026-09-30T07:14:06.523Z,gpu-3uwoq-6g3ya-2,nvlink,gpu1,nvlink_tx_bytes,4.86502e+13
2026-09-30T07:14:06.523Z,gpu-3uwoq-6g3ya-2,nvlink,gpu2,nvlink_rx_bytes,4.84828e+13
2026-09-30T07:14:06.523Z,gpu-3uwoq-6g3ya-2,nvlink,gpu2,nvlink_tx_bytes,4.84863e+13
2026-09-30T07:14:06.523Z,gpu-3uwoq-6g3ya-2,nvlink,gpu3,nvlink_rx_bytes,4.83797e+13
2026-09-30T07:14:06.523Z,gpu-3uwoq-6g3ya-2,nvlink,gpu3,nvlink_tx_bytes,4.83829e+13
2026-09-30T07:14:07.523Z,gpu-3uwoq-6g3ya-2,ib_counter,rdma_vf_rail0,port_xmit_data,3.1619e+12
2026-09-30T07:14:07.523Z,gpu-3uwoq-6g3ya-2,ib_counter,rdma_vf_rail0,port_rcv_data,6.12198e+12
2026-09-30T07:14:07.523Z,gpu-3uwoq-6g3ya-2,ib_counter,rdma_vf_rail0,port_xmit_packets,1.07066e+09
2026-09-30T07:14:07.523Z,gpu-3uwoq-6g3ya-2,ib_counter,rdma_vf_rail0,port_rcv_packets,1.70183e+09
2026-09-30T07:14:07.523Z,gpu-3uwoq-6g3ya-2,ib_counter,rdma_vf_rail0,port_xmit_wait,0
2026-09-30T07:14:07.523Z,gpu-3uwoq-6g3ya-2,ib_counter,rdma_vf_rail0,port_rcv_errors,0
2026-09-30T07:14:07.523Z,gpu-3uwoq-6g3ya-2,ib_counter,rdma_vf_rail0,port_xmit_discards,0
2026-09-30T07:14:07.523Z,gpu-3uwoq-6g3ya-2,ib_counter,rdma_vf_rail0,link_downed,0
2026-09-30T07:14:07.523Z,gpu-3uwoq-6g3ya-2,ib_hw_counter,rdma_vf_rail0,out_of_sequence,8
2026-09-30T07:14:07.523Z,gpu-3uwoq-6g3ya-2,ib_hw_counter,rdma_vf_rail0,packet_seq_err,0
2026-09-30T07:14:07.523Z,gpu-3uwoq-6g3ya-2,ib_hw_counter,rdma_vf_rail0,local_ack_timeout_err,0
2026-09-30T07:14:07.523Z,gpu-3uwoq-6g3ya-2,ib_hw_counter,rdma_vf_rail0,rx_write_requests,7.13227e+08
2026-09-30T07:14:07.523Z,gpu-3uwoq-6g3ya-2,ib_hw_counter,rdma_vf_rail0,rx_read_requests,1.34187e+07
2026-09-30T07:14:07.523Z,gpu-3uwoq-6g3ya-2,ib_hw_counter,rdma_vf_rail0,req_cqe_error,0
2026-09-30T07:14:07.523Z,gpu-3uwoq-6g3ya-2,ib_hw_counter,rdma_vf_rail0,resp_cqe_error,0
2026-09-30T07:14:07.523Z,gpu-3uwoq-6g3ya-2,ib_hw_counter,rdma_vf_rail0,implied_nak_seq_err,0
2026-09-30T07:14:07.523Z,gpu-3uwoq-6g3ya-2,ib_hw_counter,rdma_vf_rail0,duplicate_request,0
2026-09-30T07:14:07.523Z,gpu-3uwoq-6g3ya-2,ib_counter,rdma_vf_rail1,port_xmit_data,3.05371e+12
2026-09-30T07:14:07.523Z,gpu-3uwoq-6g3ya-2,ib_counter,rdma_vf_rail1,port_rcv_data,6.01387e+12
2026-09-30T07:14:07.523Z,gpu-3uwoq-6g3ya-2,ib_counter,rdma_vf_rail1,port_xmit_packets,1.03795e+09
2026-09-30T07:14:07.523Z,gpu-3uwoq-6g3ya-2,ib_counter,rdma_vf_rail1,port_rcv_packets,1.66932e+09
2026-09-30T07:14:07.523Z,gpu-3uwoq-6g3ya-2,ib_counter,rdma_vf_rail1,port_xmit_wait,0
2026-09-30T07:14:07.523Z,gpu-3uwoq-6g3ya-2,ib_counter,rdma_vf_rail1,port_rcv_errors,0
2026-09-30T07:14:07.523Z,gpu-3uwoq-6g3ya-2,ib_counter,rdma_vf_rail1,port_xmit_discards,0
2026-09-30T07:14:07.523Z,gpu-3uwoq-6g3ya-2,ib_counter,rdma_vf_rail1,link_downed,0
2026-09-30T07:14:07.523Z,gpu-3uwoq-6g3ya-2,ib_hw_counter,rdma_vf_rail1,out_of_sequence,8
2026-09-30T07:14:07.523Z,gpu-3uwoq-6g3ya-2,ib_hw_counter,rdma_vf_rail1,packet_seq_err,0
2026-09-30T07:14:07.523Z,gpu-3uwoq-6g3ya-2,ib_hw_counter,rdma_vf_rail1,local_ack_timeout_err,0
2026-09-30T07:14:07.523Z,gpu-3uwoq-6g3ya-2,ib_hw_counter,rdma_vf_rail1,rx_write_requests,7.11635e+08
2026-09-30T07:14:07.523Z,gpu-3uwoq-6g3ya-2,ib_hw_counter,rdma_vf_rail1,rx_read_requests,1.26179e+07
2026-09-30T07:14:07.523Z,gpu-3uwoq-6g3ya-2,ib_hw_counter,rdma_vf_rail1,req_cqe_error,0
2026-09-30T07:14:07.523Z,gpu-3uwoq-6g3ya-2,ib_hw_counter,rdma_vf_rail1,resp_cqe_error,0
2026-09-30T07:14:07.523Z,gpu-3uwoq-6g3ya-2,ib_hw_counter,rdma_vf_rail1,implied_nak_seq_err,0
2026-09-30T07:14:07.523Z,gpu-3uwoq-6g3ya-2,ib_hw_counter,rdma_vf_rail1,duplicate_request,0
2026-09-30T07:14:07.523Z,gpu-3uwoq-6g3ya-2,ib_counter,rdma_vf_rail2,port_xmit_data,3.02614e+12
2026-09-30T07:14:07.523Z,gpu-3uwoq-6g3ya-2,ib_counter,rdma_vf_rail2,port_rcv_data,5.98562e+12
2026-09-30T07:14:07.523Z,gpu-3uwoq-6g3ya-2,ib_counter,rdma_vf_rail2,port_xmit_packets,1.02027e+09
2026-09-30T07:14:07.523Z,gpu-3uwoq-6g3ya-2,ib_counter,rdma_vf_rail2,port_rcv_packets,1.64539e+09
2026-09-30T07:14:07.523Z,gpu-3uwoq-6g3ya-2,ib_counter,rdma_vf_rail2,port_xmit_wait,0
2026-09-30T07:14:07.523Z,gpu-3uwoq-6g3ya-2,ib_counter,rdma_vf_rail2,port_rcv_errors,0
2026-09-30T07:14:07.523Z,gpu-3uwoq-6g3ya-2,ib_counter,rdma_vf_rail2,port_xmit_discards,0
2026-09-30T07:14:07.523Z,gpu-3uwoq-6g3ya-2,ib_counter,rdma_vf_rail2,link_downed,0
2026-09-30T07:14:07.523Z,gpu-3uwoq-6g3ya-2,ib_hw_counter,rdma_vf_rail2,out_of_sequence,8
2026-09-30T07:14:07.523Z,gpu-3uwoq-6g3ya-2,ib_hw_counter,rdma_vf_rail2,packet_seq_err,0
2026-09-30T07:14:07.523Z,gpu-3uwoq-6g3ya-2,ib_hw_counter,rdma_vf_rail2,local_ack_timeout_err,0
2026-09-30T07:14:07.523Z,gpu-3uwoq-6g3ya-2,ib_hw_counter,rdma_vf_rail2,rx_write_requests,7.11202e+08
2026-09-30T07:14:07.523Z,gpu-3uwoq-6g3ya-2,ib_hw_counter,rdma_vf_rail2,rx_read_requests,1.241e+07
2026-09-30T07:14:07.523Z,gpu-3uwoq-6g3ya-2,ib_hw_counter,rdma_vf_rail2,req_cqe_error,0
2026-09-30T07:14:07.523Z,gpu-3uwoq-6g3ya-2,ib_hw_counter,rdma_vf_rail2,resp_cqe_error,0
2026-09-30T07:14:07.523Z,gpu-3uwoq-6g3ya-2,ib_hw_counter,rdma_vf_rail2,implied_nak_seq_err,0
2026-09-30T07:14:07.523Z,gpu-3uwoq-6g3ya-2,ib_hw_counter,rdma_vf_rail2,duplicate_request,0
2026-09-30T07:14:07.523Z,gpu-3uwoq-6g3ya-2,ib_counter,rdma_vf_rail3,port_xmit_data,3.026e+12
2026-09-30T07:14:07.523Z,gpu-3uwoq-6g3ya-2,ib_counter,rdma_vf_rail3,port_rcv_data,5.98622e+12
2026-09-30T07:14:07.523Z,gpu-3uwoq-6g3ya-2,ib_counter,rdma_vf_rail3,port_xmit_packets,1.01861e+09
2026-09-30T07:14:07.523Z,gpu-3uwoq-6g3ya-2,ib_counter,rdma_vf_rail3,port_rcv_packets,1.65278e+09
2026-09-30T07:14:07.523Z,gpu-3uwoq-6g3ya-2,ib_counter,rdma_vf_rail3,port_xmit_wait,0
2026-09-30T07:14:07.523Z,gpu-3uwoq-6g3ya-2,ib_counter,rdma_vf_rail3,port_rcv_errors,0
2026-09-30T07:14:07.523Z,gpu-3uwoq-6g3ya-2,ib_counter,rdma_vf_rail3,port_xmit_discards,0
2026-09-30T07:14:07.523Z,gpu-3uwoq-6g3ya-2,ib_counter,rdma_vf_rail3,link_downed,0
2026-09-30T07:14:07.523Z,gpu-3uwoq-6g3ya-2,ib_hw_counter,rdma_vf_rail3,out_of_sequence,7
2026-09-30T07:14:07.523Z,gpu-3uwoq-6g3ya-2,ib_hw_counter,rdma_vf_rail3,packet_seq_err,1
2026-09-30T07:14:07.523Z,gpu-3uwoq-6g3ya-2,ib_hw_counter,rdma_vf_rail3,local_ack_timeout_err,0
2026-09-30T07:14:07.523Z,gpu-3uwoq-6g3ya-2,ib_hw_counter,rdma_vf_rail3,rx_write_requests,7.11202e+08
2026-09-30T07:14:07.523Z,gpu-3uwoq-6g3ya-2,ib_hw_counter,rdma_vf_rail3,rx_read_requests,1.241e+07
2026-09-30T07:14:07.523Z,gpu-3uwoq-6g3ya-2,ib_hw_counter,rdma_vf_rail3,req_cqe_error,0
2026-09-30T07:14:07.523Z,gpu-3uwoq-6g3ya-2,ib_hw_counter,rdma_vf_rail3,resp_cqe_error,0
2026-09-30T07:14:07.523Z,gpu-3uwoq-6g3ya-2,ib_hw_counter,rdma_vf_rail3,implied_nak_seq_err,0
2026-09-30T07:14:07.523Z,gpu-3uwoq-6g3ya-2,ib_hw_counter,rdma_vf_rail3,duplicate_request,0
2026-09-30T07:14:07.523Z,gpu-3uwoq-6g3ya-2,dcgm,gpu2,gpu_util,0
2026-09-30T07:14:07.523Z,gpu-3uwoq-6g3ya-2,dcgm,gpu3,gpu_util,0
2026-09-30T07:14:07.523Z,gpu-3uwoq-6g3ya-2,dcgm,gpu1,gpu_util,0
2026-09-30T07:14:07.523Z,gpu-3uwoq-6g3ya-2,dcgm,gpu0,gpu_util,0
2026-09-30T07:14:07.523Z,gpu-3uwoq-6g3ya-2,dcgm,gpu2,nvlink_bandwidth_total,0
2026-09-30T07:14:07.523Z,gpu-3uwoq-6g3ya-2,dcgm,gpu3,nvlink_bandwidth_total,0
2026-09-30T07:14:07.523Z,gpu-3uwoq-6g3ya-2,dcgm,gpu1,nvlink_bandwidth_total,0
2026-09-30T07:14:07.523Z,gpu-3uwoq-6g3ya-2,dcgm,gpu0,nvlink_bandwidth_total,0
2026-09-30T07:14:07.523Z,gpu-3uwoq-6g3ya-2,dcgm,gpu2,power_w,230.943
2026-09-30T07:14:07.523Z,gpu-3uwoq-6g3ya-2,dcgm,gpu3,power_w,233.861
2026-09-30T07:14:07.523Z,gpu-3uwoq-6g3ya-2,dcgm,gpu1,power_w,230.031
2026-09-30T07:14:07.523Z,gpu-3uwoq-6g3ya-2,dcgm,gpu0,power_w,226.432
2026-09-30T07:14:07.523Z,gpu-3uwoq-6g3ya-2,dcgm,gpu2,sm_clock_mhz,2070
2026-09-30T07:14:07.523Z,gpu-3uwoq-6g3ya-2,dcgm,gpu3,sm_clock_mhz,2070
2026-09-30T07:14:07.523Z,gpu-3uwoq-6g3ya-2,dcgm,gpu1,sm_clock_mhz,2070
2026-09-30T07:14:07.523Z,gpu-3uwoq-6g3ya-2,dcgm,gpu0,sm_clock_mhz,2070
2026-09-30T07:14:07.523Z,gpu-3uwoq-6g3ya-2,dcgm,gpu2,dram_active,0
2026-09-30T07:14:07.523Z,gpu-3uwoq-6g3ya-2,dcgm,gpu3,dram_active,0
2026-09-30T07:14:07.523Z,gpu-3uwoq-6g3ya-2,dcgm,gpu1,dram_active,0
2026-09-30T07:14:07.523Z,gpu-3uwoq-6g3ya-2,dcgm,gpu0,dram_active,0
2026-09-30T07:14:07.523Z,gpu-3uwoq-6g3ya-2,dcgm,gpu2,pcie_rx_bytes,52573
2026-09-30T07:14:07.523Z,gpu-3uwoq-6g3ya-2,dcgm,gpu3,pcie_rx_bytes,53040
2026-09-30T07:14:07.523Z,gpu-3uwoq-6g3ya-2,dcgm,gpu1,pcie_rx_bytes,61148
2026-09-30T07:14:07.523Z,gpu-3uwoq-6g3ya-2,dcgm,gpu0,pcie_rx_bytes,61199
2026-09-30T07:14:07.523Z,gpu-3uwoq-6g3ya-2,dcgm,gpu2,pcie_tx_bytes,49327
2026-09-30T07:14:07.523Z,gpu-3uwoq-6g3ya-2,dcgm,gpu3,pcie_tx_bytes,49808
2026-09-30T07:14:07.523Z,gpu-3uwoq-6g3ya-2,dcgm,gpu1,pcie_tx_bytes,57899
2026-09-30T07:14:07.523Z,gpu-3uwoq-6g3ya-2,dcgm,gpu0,pcie_tx_bytes,57949
2026-09-30T07:14:07.523Z,gpu-3uwoq-6g3ya-2,dcgm,gpu2,tensor_active,0
2026-09-30T07:14:07.523Z,gpu-3uwoq-6g3ya-2,dcgm,gpu3,tensor_active,0
2026-09-30T07:14:07.523Z,gpu-3uwoq-6g3ya-2,dcgm,gpu1,tensor_active,0
2026-09-30T07:14:07.523Z,gpu-3uwoq-6g3ya-2,dcgm,gpu0,tensor_active,0
2026-09-30T07:14:07.523Z,gpu-3uwoq-6g3ya-2,dcgm,gpu2,sm_active,0
2026-09-30T07:14:07.523Z,gpu-3uwoq-6g3ya-2,dcgm,gpu3,sm_active,0
2026-09-30T07:14:07.523Z,gpu-3uwoq-6g3ya-2,dcgm,gpu1,sm_active,0
2026-09-30T07:14:07.523Z,gpu-3uwoq-6g3ya-2,dcgm,gpu0,sm_active,0
2026-09-30T07:14:07.523Z,gpu-3uwoq-6g3ya-2,nvlink,gpu0,nvlink_rx_bytes,4.84459e+13
2026-09-30T07:14:07.523Z,gpu-3uwoq-6g3ya-2,nvlink,gpu0,nvlink_tx_bytes,4.84493e+13
2026-09-30T07:14:07.523Z,gpu-3uwoq-6g3ya-2,nvlink,gpu1,nvlink_rx_bytes,4.8648e+13
2026-09-30T07:14:07.523Z,gpu-3uwoq-6g3ya-2,nvlink,gpu1,nvlink_tx_bytes,4.86502e+13
2026-09-30T07:14:07.523Z,gpu-3uwoq-6g3ya-2,nvlink,gpu2,nvlink_rx_bytes,4.84828e+13
2026-09-30T07:14:07.523Z,gpu-3uwoq-6g3ya-2,nvlink,gpu2,nvlink_tx_bytes,4.84863e+13
2026-09-30T07:14:07.523Z,gpu-3uwoq-6g3ya-2,nvlink,gpu3,nvlink_rx_bytes,4.83797e+13
2026-09-30T07:14:07.523Z,gpu-3uwoq-6g3ya-2,nvlink,gpu3,nvlink_tx_bytes,4.83829e+13
2026-09-30T07:14:08.523Z,gpu-3uwoq-6g3ya-2,ib_counter,rdma_vf_rail0,port_xmit_data,3.1619e+12
2026-09-30T07:14:08.523Z,gpu-3uwoq-6g3ya-2,ib_counter,rdma_vf_rail0,port_rcv_data,6.12198e+12
2026-09-30T07:14:08.523Z,gpu-3uwoq-6g3ya-2,ib_counter,rdma_vf_rail0,port_xmit_packets,1.07066e+09
2026-09-30T07:14:08.523Z,gpu-3uwoq-6g3ya-2,ib_counter,rdma_vf_rail0,port_rcv_packets,1.70183e+09
2026-09-30T07:14:08.523Z,gpu-3uwoq-6g3ya-2,ib_counter,rdma_vf_rail0,port_xmit_wait,0
2026-09-30T07:14:08.523Z,gpu-3uwoq-6g3ya-2,ib_counter,rdma_vf_rail0,port_rcv_errors,0
2026-09-30T07:14:08.523Z,gpu-3uwoq-6g3ya-2,ib_counter,rdma_vf_rail0,port_xmit_discards,0
2026-09-30T07:14:08.523Z,gpu-3uwoq-6g3ya-2,ib_counter,rdma_vf_rail0,link_downed,0
2026-09-30T07:14:08.523Z,gpu-3uwoq-6g3ya-2,ib_hw_counter,rdma_vf_rail0,out_of_sequence,8
2026-09-30T07:14:08.523Z,gpu-3uwoq-6g3ya-2,ib_hw_counter,rdma_vf_rail0,packet_seq_err,0
2026-09-30T07:14:08.523Z,gpu-3uwoq-6g3ya-2,ib_hw_counter,rdma_vf_rail0,local_ack_timeout_err,0
2026-09-30T07:14:08.523Z,gpu-3uwoq-6g3ya-2,ib_hw_counter,rdma_vf_rail0,rx_write_requests,7.13227e+08
2026-09-30T07:14:08.523Z,gpu-3uwoq-6g3ya-2,ib_hw_counter,rdma_vf_rail0,rx_read_requests,1.34187e+07
2026-09-30T07:14:08.523Z,gpu-3uwoq-6g3ya-2,ib_hw_counter,rdma_vf_rail0,req_cqe_error,0
2026-09-30T07:14:08.523Z,gpu-3uwoq-6g3ya-2,ib_hw_counter,rdma_vf_rail0,resp_cqe_error,0
2026-09-30T07:14:08.523Z,gpu-3uwoq-6g3ya-2,ib_hw_counter,rdma_vf_rail0,implied_nak_seq_err,0
2026-09-30T07:14:08.523Z,gpu-3uwoq-6g3ya-2,ib_hw_counter,rdma_vf_rail0,duplicate_request,0
2026-09-30T07:14:08.523Z,gpu-3uwoq-6g3ya-2,ib_counter,rdma_vf_rail1,port_xmit_data,3.05371e+12
2026-09-30T07:14:08.523Z,gpu-3uwoq-6g3ya-2,ib_counter,rdma_vf_rail1,port_rcv_data,6.01387e+12
2026-09-30T07:14:08.523Z,gpu-3uwoq-6g3ya-2,ib_counter,rdma_vf_rail1,port_xmit_packets,1.03795e+09
2026-09-30T07:14:08.523Z,gpu-3uwoq-6g3ya-2,ib_counter,rdma_vf_rail1,port_rcv_packets,1.66932e+09
2026-09-30T07:14:08.523Z,gpu-3uwoq-6g3ya-2,ib_counter,rdma_vf_rail1,port_xmit_wait,0
2026-09-30T07:14:08.523Z,gpu-3uwoq-6g3ya-2,ib_counter,rdma_vf_rail1,port_rcv_errors,0
2026-09-30T07:14:08.523Z,gpu-3uwoq-6g3ya-2,ib_counter,rdma_vf_rail1,port_xmit_discards,0
2026-09-30T07:14:08.523Z,gpu-3uwoq-6g3ya-2,ib_counter,rdma_vf_rail1,link_downed,0
2026-09-30T07:14:08.523Z,gpu-3uwoq-6g3ya-2,ib_hw_counter,rdma_vf_rail1,out_of_sequence,8
2026-09-30T07:14:08.523Z,gpu-3uwoq-6g3ya-2,ib_hw_counter,rdma_vf_rail1,packet_seq_err,0
2026-09-30T07:14:08.523Z,gpu-3uwoq-6g3ya-2,ib_hw_counter,rdma_vf_rail1,local_ack_timeout_err,0
2026-09-30T07:14:08.523Z,gpu-3uwoq-6g3ya-2,ib_hw_counter,rdma_vf_rail1,rx_write_requests,7.11635e+08
2026-09-30T07:14:08.523Z,gpu-3uwoq-6g3ya-2,ib_hw_counter,rdma_vf_rail1,rx_read_requests,1.26179e+07
2026-09-30T07:14:08.523Z,gpu-3uwoq-6g3ya-2,ib_hw_counter,rdma_vf_rail1,req_cqe_error,0
2026-09-30T07:14:08.523Z,gpu-3uwoq-6g3ya-2,ib_hw_counter,rdma_vf_rail1,resp_cqe_error,0
2026-09-30T07:14:08.523Z,gpu-3uwoq-6g3ya-2,ib_hw_counter,rdma_vf_rail1,implied_nak_seq_err,0
2026-09-30T07:14:08.523Z,gpu-3uwoq-6g3ya-2,ib_hw_counter,rdma_vf_rail1,duplicate_request,0
2026-09-30T07:14:08.523Z,gpu-3uwoq-6g3ya-2,ib_counter,rdma_vf_rail2,port_xmit_data,3.02614e+12
2026-09-30T07:14:08.523Z,gpu-3uwoq-6g3ya-2,ib_counter,rdma_vf_rail2,port_rcv_data,5.98562e+12
2026-09-30T07:14:08.523Z,gpu-3uwoq-6g3ya-2,ib_counter,rdma_vf_rail2,port_xmit_packets,1.02027e+09
2026-09-30T07:14:08.523Z,gpu-3uwoq-6g3ya-2,ib_counter,rdma_vf_rail2,port_rcv_packets,1.64539e+09
2026-09-30T07:14:08.523Z,gpu-3uwoq-6g3ya-2,ib_counter,rdma_vf_rail2,port_xmit_wait,0
2026-09-30T07:14:08.523Z,gpu-3uwoq-6g3ya-2,ib_counter,rdma_vf_rail2,port_rcv_errors,0
2026-09-30T07:14:08.523Z,gpu-3uwoq-6g3ya-2,ib_counter,rdma_vf_rail2,port_xmit_discards,0
2026-09-30T07:14:08.523Z,gpu-3uwoq-6g3ya-2,ib_counter,rdma_vf_rail2,link_downed,0
2026-09-30T07:14:08.523Z,gpu-3uwoq-6g3ya-2,ib_hw_counter,rdma_vf_rail2,out_of_sequence,8
2026-09-30T07:14:08.523Z,gpu-3uwoq-6g3ya-2,ib_hw_counter,rdma_vf_rail2,packet_seq_err,0
2026-09-30T07:14:08.523Z,gpu-3uwoq-6g3ya-2,ib_hw_counter,rdma_vf_rail2,local_ack_timeout_err,0
2026-09-30T07:14:08.523Z,gpu-3uwoq-6g3ya-2,ib_hw_counter,rdma_vf_rail2,rx_write_requests,7.11202e+08
2026-09-30T07:14:08.523Z,gpu-3uwoq-6g3ya-2,ib_hw_counter,rdma_vf_rail2,rx_read_requests,1.241e+07
2026-09-30T07:14:08.523Z,gpu-3uwoq-6g3ya-2,ib_hw_counter,rdma_vf_rail2,req_cqe_error,0
2026-09-30T07:14:08.523Z,gpu-3uwoq-6g3ya-2,ib_hw_counter,rdma_vf_rail2,resp_cqe_error,0
2026-09-30T07:14:08.523Z,gpu-3uwoq-6g3ya-2,ib_hw_counter,rdma_vf_rail2,implied_nak_seq_err,0
2026-09-30T07:14:08.523Z,gpu-3uwoq-6g3ya-2,ib_hw_counter,rdma_vf_rail2,duplicate_request,0
2026-09-30T07:14:08.523Z,gpu-3uwoq-6g3ya-2,ib_counter,rdma_vf_rail3,port_xmit_data,3.026e+12
2026-09-30T07:14:08.523Z,gpu-3uwoq-6g3ya-2,ib_counter,rdma_vf_rail3,port_rcv_data,5.98622e+12
2026-09-30T07:14:08.523Z,gpu-3uwoq-6g3ya-2,ib_counter,rdma_vf_rail3,port_xmit_packets,1.01861e+09
2026-09-30T07:14:08.523Z,gpu-3uwoq-6g3ya-2,ib_counter,rdma_vf_rail3,port_rcv_packets,1.65278e+09
2026-09-30T07:14:08.523Z,gpu-3uwoq-6g3ya-2,ib_counter,rdma_vf_rail3,port_xmit_wait,0
2026-09-30T07:14:08.523Z,gpu-3uwoq-6g3ya-2,ib_counter,rdma_vf_rail3,port_rcv_errors,0
2026-09-30T07:14:08.523Z,gpu-3uwoq-6g3ya-2,ib_counter,rdma_vf_rail3,port_xmit_discards,0
2026-09-30T07:14:08.523Z,gpu-3uwoq-6g3ya-2,ib_counter,rdma_vf_rail3,link_downed,0
2026-09-30T07:14:08.523Z,gpu-3uwoq-6g3ya-2,ib_hw_counter,rdma_vf_rail3,out_of_sequence,7
2026-09-30T07:14:08.523Z,gpu-3uwoq-6g3ya-2,ib_hw_counter,rdma_vf_rail3,packet_seq_err,1
2026-09-30T07:14:08.523Z,gpu-3uwoq-6g3ya-2,ib_hw_counter,rdma_vf_rail3,local_ack_timeout_err,0
2026-09-30T07:14:08.523Z,gpu-3uwoq-6g3ya-2,ib_hw_counter,rdma_vf_rail3,rx_write_requests,7.11202e+08
2026-09-30T07:14:08.523Z,gpu-3uwoq-6g3ya-2,ib_hw_counter,rdma_vf_rail3,rx_read_requests,1.241e+07
2026-09-30T07:14:08.523Z,gpu-3uwoq-6g3ya-2,ib_hw_counter,rdma_vf_rail3,req_cqe_error,0
2026-09-30T07:14:08.523Z,gpu-3uwoq-6g3ya-2,ib_hw_counter,rdma_vf_rail3,resp_cqe_error,0
2026-09-30T07:14:08.523Z,gpu-3uwoq-6g3ya-2,ib_hw_counter,rdma_vf_rail3,implied_nak_seq_err,0
2026-09-30T07:14:08.523Z,gpu-3uwoq-6g3ya-2,ib_hw_counter,rdma_vf_rail3,duplicate_request,0
2026-09-30T07:14:08.523Z,gpu-3uwoq-6g3ya-2,dcgm,gpu2,gpu_util,0
2026-09-30T07:14:08.523Z,gpu-3uwoq-6g3ya-2,dcgm,gpu3,gpu_util,0
2026-09-30T07:14:08.523Z,gpu-3uwoq-6g3ya-2,dcgm,gpu1,gpu_util,0
2026-09-30T07:14:08.523Z,gpu-3uwoq-6g3ya-2,dcgm,gpu0,gpu_util,0
2026-09-30T07:14:08.523Z,gpu-3uwoq-6g3ya-2,dcgm,gpu2,nvlink_bandwidth_total,0
2026-09-30T07:14:08.523Z,gpu-3uwoq-6g3ya-2,dcgm,gpu3,nvlink_bandwidth_total,0
2026-09-30T07:14:08.523Z,gpu-3uwoq-6g3ya-2,dcgm,gpu1,nvlink_bandwidth_total,0
2026-09-30T07:14:08.523Z,gpu-3uwoq-6g3ya-2,dcgm,gpu0,nvlink_bandwidth_total,0
2026-09-30T07:14:08.523Z,gpu-3uwoq-6g3ya-2,dcgm,gpu2,power_w,230.943
2026-09-30T07:14:08.523Z,gpu-3uwoq-6g3ya-2,dcgm,gpu3,power_w,233.861
2026-09-30T07:14:08.523Z,gpu-3uwoq-6g3ya-2,dcgm,gpu1,power_w,230.031
2026-09-30T07:14:08.523Z,gpu-3uwoq-6g3ya-2,dcgm,gpu0,power_w,226.432
2026-09-30T07:14:08.523Z,gpu-3uwoq-6g3ya-2,dcgm,gpu2,sm_clock_mhz,2070
2026-09-30T07:14:08.523Z,gpu-3uwoq-6g3ya-2,dcgm,gpu3,sm_clock_mhz,2070
2026-09-30T07:14:08.523Z,gpu-3uwoq-6g3ya-2,dcgm,gpu1,sm_clock_mhz,2070
2026-09-30T07:14:08.523Z,gpu-3uwoq-6g3ya-2,dcgm,gpu0,sm_clock_mhz,2070
2026-09-30T07:14:08.523Z,gpu-3uwoq-6g3ya-2,dcgm,gpu2,dram_active,0
2026-09-30T07:14:08.523Z,gpu-3uwoq-6g3ya-2,dcgm,gpu3,dram_active,0
2026-09-30T07:14:08.523Z,gpu-3uwoq-6g3ya-2,dcgm,gpu1,dram_active,0
2026-09-30T07:14:08.523Z,gpu-3uwoq-6g3ya-2,dcgm,gpu0,dram_active,0
2026-09-30T07:14:08.523Z,gpu-3uwoq-6g3ya-2,dcgm,gpu2,pcie_rx_bytes,52573
2026-09-30T07:14:08.523Z,gpu-3uwoq-6g3ya-2,dcgm,gpu3,pcie_rx_bytes,53040
2026-09-30T07:14:08.523Z,gpu-3uwoq-6g3ya-2,dcgm,gpu1,pcie_rx_bytes,61148
2026-09-30T07:14:08.523Z,gpu-3uwoq-6g3ya-2,dcgm,gpu0,pcie_rx_bytes,61199
2026-09-30T07:14:08.523Z,gpu-3uwoq-6g3ya-2,dcgm,gpu2,pcie_tx_bytes,49327
2026-09-30T07:14:08.523Z,gpu-3uwoq-6g3ya-2,dcgm,gpu3,pcie_tx_bytes,49808
2026-09-30T07:14:08.523Z,gpu-3uwoq-6g3ya-2,dcgm,gpu1,pcie_tx_bytes,57899
2026-09-30T07:14:08.523Z,gpu-3uwoq-6g3ya-2,dcgm,gpu0,pcie_tx_bytes,57949
2026-09-30T07:14:08.523Z,gpu-3uwoq-6g3ya-2,dcgm,gpu2,tensor_active,0
2026-09-30T07:14:08.523Z,gpu-3uwoq-6g3ya-2,dcgm,gpu3,tensor_active,0
2026-09-30T07:14:08.523Z,gpu-3uwoq-6g3ya-2,dcgm,gpu1,tensor_active,0
2026-09-30T07:14:08.523Z,gpu-3uwoq-6g3ya-2,dcgm,gpu0,tensor_active,0
2026-09-30T07:14:08.523Z,gpu-3uwoq-6g3ya-2,dcgm,gpu2,sm_active,0
2026-09-30T07:14:08.523Z,gpu-3uwoq-6g3ya-2,dcgm,gpu3,sm_active,0
2026-09-30T07:14:08.523Z,gpu-3uwoq-6g3ya-2,dcgm,gpu1,sm_active,0
2026-09-30T07:14:08.523Z,gpu-3uwoq-6g3ya-2,dcgm,gpu0,sm_active,0
2026-09-30T07:14:08.523Z,gpu-3uwoq-6g3ya-2,nvlink,gpu0,nvlink_rx_bytes,4.84459e+13
2026-09-30T07:14:08.523Z,gpu-3uwoq-6g3ya-2,nvlink,gpu0,nvlink_tx_bytes,4.84493e+13
2026-09-30T07:14:08.523Z,gpu-3uwoq-6g3ya-2,nvlink,gpu1,nvlink_rx_bytes,4.8648e+13
2026-09-30T07:14:08.523Z,gpu-3uwoq-6g3ya-2,nvlink,gpu1,nvlink_tx_bytes,4.86502e+13
2026-09-30T07:14:08.523Z,gpu-3uwoq-6g3ya-2,nvlink,gpu2,nvlink_rx_bytes,4.84828e+13
2026-09-30T07:14:08.523Z,gpu-3uwoq-6g3ya-2,nvlink,gpu2,nvlink_tx_bytes,4.84863e+13
2026-09-30T07:14:08.523Z,gpu-3uwoq-6g3ya-2,nvlink,gpu3,nvlink_rx_bytes,4.83797e+13
2026-09-30T07:14:08.523Z,gpu-3uwoq-6g3ya-2,nvlink,gpu3,nvlink_tx_bytes,4.83829e+13
2026-09-30T07:14:09.523Z,gpu-3uwoq-6g3ya-2,ib_counter,rdma_vf_rail0,port_xmit_data,3.1619e+12
2026-09-30T07:14:09.523Z,gpu-3uwoq-6g3ya-2,ib_counter,rdma_vf_rail0,port_rcv_data,6.12198e+12
2026-09-30T07:14:09.523Z,gpu-3uwoq-6g3ya-2,ib_counter,rdma_vf_rail0,port_xmit_packets,1.07066e+09
2026-09-30T07:14:09.523Z,gpu-3uwoq-6g3ya-2,ib_counter,rdma_vf_rail0,port_rcv_packets,1.70183e+09
2026-09-30T07:14:09.523Z,gpu-3uwoq-6g3ya-2,ib_counter,rdma_vf_rail0,port_xmit_wait,0
2026-09-30T07:14:09.523Z,gpu-3uwoq-6g3ya-2,ib_counter,rdma_vf_rail0,port_rcv_errors,0
2026-09-30T07:14:09.523Z,gpu-3uwoq-6g3ya-2,ib_counter,rdma_vf_rail0,port_xmit_discards,0
2026-09-30T07:14:09.523Z,gpu-3uwoq-6g3ya-2,ib_counter,rdma_vf_rail0,link_downed,0
2026-09-30T07:14:09.523Z,gpu-3uwoq-6g3ya-2,ib_hw_counter,rdma_vf_rail0,out_of_sequence,8
2026-09-30T07:14:09.523Z,gpu-3uwoq-6g3ya-2,ib_hw_counter,rdma_vf_rail0,packet_seq_err,0
2026-09-30T07:14:09.523Z,gpu-3uwoq-6g3ya-2,ib_hw_counter,rdma_vf_rail0,local_ack_timeout_err,0
2026-09-30T07:14:09.523Z,gpu-3uwoq-6g3ya-2,ib_hw_counter,rdma_vf_rail0,rx_write_requests,7.13227e+08
2026-09-30T07:14:09.523Z,gpu-3uwoq-6g3ya-2,ib_hw_counter,rdma_vf_rail0,rx_read_requests,1.34187e+07
2026-09-30T07:14:09.523Z,gpu-3uwoq-6g3ya-2,ib_hw_counter,rdma_vf_rail0,req_cqe_error,0
2026-09-30T07:14:09.523Z,gpu-3uwoq-6g3ya-2,ib_hw_counter,rdma_vf_rail0,resp_cqe_error,0
2026-09-30T07:14:09.523Z,gpu-3uwoq-6g3ya-2,ib_hw_counter,rdma_vf_rail0,implied_nak_seq_err,0
2026-09-30T07:14:09.523Z,gpu-3uwoq-6g3ya-2,ib_hw_counter,rdma_vf_rail0,duplicate_request,0
2026-09-30T07:14:09.523Z,gpu-3uwoq-6g3ya-2,ib_counter,rdma_vf_rail1,port_xmit_data,3.05371e+12
2026-09-30T07:14:09.523Z,gpu-3uwoq-6g3ya-2,ib_counter,rdma_vf_rail1,port_rcv_data,6.01387e+12
2026-09-30T07:14:09.523Z,gpu-3uwoq-6g3ya-2,ib_counter,rdma_vf_rail1,port_xmit_packets,1.03795e+09
2026-09-30T07:14:09.523Z,gpu-3uwoq-6g3ya-2,ib_counter,rdma_vf_rail1,port_rcv_packets,1.66932e+09
2026-09-30T07:14:09.523Z,gpu-3uwoq-6g3ya-2,ib_counter,rdma_vf_rail1,port_xmit_wait,0
2026-09-30T07:14:09.523Z,gpu-3uwoq-6g3ya-2,ib_counter,rdma_vf_rail1,port_rcv_errors,0
2026-09-30T07:14:09.523Z,gpu-3uwoq-6g3ya-2,ib_counter,rdma_vf_rail1,port_xmit_discards,0
2026-09-30T07:14:09.523Z,gpu-3uwoq-6g3ya-2,ib_counter,rdma_vf_rail1,link_downed,0
2026-09-30T07:14:09.523Z,gpu-3uwoq-6g3ya-2,ib_hw_counter,rdma_vf_rail1,out_of_sequence,8
2026-09-30T07:14:09.523Z,gpu-3uwoq-6g3ya-2,ib_hw_counter,rdma_vf_rail1,packet_seq_err,0
2026-09-30T07:14:09.523Z,gpu-3uwoq-6g3ya-2,ib_hw_counter,rdma_vf_rail1,local_ack_timeout_err,0
2026-09-30T07:14:09.523Z,gpu-3uwoq-6g3ya-2,ib_hw_counter,rdma_vf_rail1,rx_write_requests,7.11635e+08
2026-09-30T07:14:09.523Z,gpu-3uwoq-6g3ya-2,ib_hw_counter,rdma_vf_rail1,rx_read_requests,1.26179e+07
2026-09-30T07:14:09.523Z,gpu-3uwoq-6g3ya-2,ib_hw_counter,rdma_vf_rail1,req_cqe_error,0
2026-09-30T07:14:09.523Z,gpu-3uwoq-6g3ya-2,ib_hw_counter,rdma_vf_rail1,resp_cqe_error,0
2026-09-30T07:14:09.523Z,gpu-3uwoq-6g3ya-2,ib_hw_counter,rdma_vf_rail1,implied_nak_seq_err,0
2026-09-30T07:14:09.523Z,gpu-3uwoq-6g3ya-2,ib_hw_counter,rdma_vf_rail1,duplicate_request,0
2026-09-30T07:14:09.523Z,gpu-3uwoq-6g3ya-2,ib_counter,rdma_vf_rail2,port_xmit_data,3.02614e+12
2026-09-30T07:14:09.523Z,gpu-3uwoq-6g3ya-2,ib_counter,rdma_vf_rail2,port_rcv_data,5.98562e+12
2026-09-30T07:14:09.523Z,gpu-3uwoq-6g3ya-2,ib_counter,rdma_vf_rail2,port_xmit_packets,1.02027e+09
2026-09-30T07:14:09.523Z,gpu-3uwoq-6g3ya-2,ib_counter,rdma_vf_rail2,port_rcv_packets,1.64539e+09
2026-09-30T07:14:09.523Z,gpu-3uwoq-6g3ya-2,ib_counter,rdma_vf_rail2,port_xmit_wait,0
2026-09-30T07:14:09.523Z,gpu-3uwoq-6g3ya-2,ib_counter,rdma_vf_rail2,port_rcv_errors,0
2026-09-30T07:14:09.523Z,gpu-3uwoq-6g3ya-2,ib_counter,rdma_vf_rail2,port_xmit_discards,0
2026-09-30T07:14:09.523Z,gpu-3uwoq-6g3ya-2,ib_counter,rdma_vf_rail2,link_downed,0
2026-09-30T07:14:09.523Z,gpu-3uwoq-6g3ya-2,ib_hw_counter,rdma_vf_rail2,out_of_sequence,8
2026-09-30T07:14:09.523Z,gpu-3uwoq-6g3ya-2,ib_hw_counter,rdma_vf_rail2,packet_seq_err,0
2026-09-30T07:14:09.523Z,gpu-3uwoq-6g3ya-2,ib_hw_counter,rdma_vf_rail2,local_ack_timeout_err,0
2026-09-30T07:14:09.523Z,gpu-3uwoq-6g3ya-2,ib_hw_counter,rdma_vf_rail2,rx_write_requests,7.11202e+08
2026-09-30T07:14:09.523Z,gpu-3uwoq-6g3ya-2,ib_hw_counter,rdma_vf_rail2,rx_read_requests,1.241e+07
2026-09-30T07:14:09.523Z,gpu-3uwoq-6g3ya-2,ib_hw_counter,rdma_vf_rail2,req_cqe_error,0
2026-09-30T07:14:09.523Z,gpu-3uwoq-6g3ya-2,ib_hw_counter,rdma_vf_rail2,resp_cqe_error,0
2026-09-30T07:14:09.523Z,gpu-3uwoq-6g3ya-2,ib_hw_counter,rdma_vf_rail2,implied_nak_seq_err,0
2026-09-30T07:14:09.523Z,gpu-3uwoq-6g3ya-2,ib_hw_counter,rdma_vf_rail2,duplicate_request,0
2026-09-30T07:14:09.523Z,gpu-3uwoq-6g3ya-2,ib_counter,rdma_vf_rail3,port_xmit_data,3.026e+12
2026-09-30T07:14:09.523Z,gpu-3uwoq-6g3ya-2,ib_counter,rdma_vf_rail3,port_rcv_data,5.98622e+12
2026-09-30T07:14:09.523Z,gpu-3uwoq-6g3ya-2,ib_counter,rdma_vf_rail3,port_xmit_packets,1.01861e+09
2026-09-30T07:14:09.523Z,gpu-3uwoq-6g3ya-2,ib_counter,rdma_vf_rail3,port_rcv_packets,1.65278e+09
2026-09-30T07:14:09.523Z,gpu-3uwoq-6g3ya-2,ib_counter,rdma_vf_rail3,port_xmit_wait,0
2026-09-30T07:14:09.523Z,gpu-3uwoq-6g3ya-2,ib_counter,rdma_vf_rail3,port_rcv_errors,0
2026-09-30T07:14:09.523Z,gpu-3uwoq-6g3ya-2,ib_counter,rdma_vf_rail3,port_xmit_discards,0
2026-09-30T07:14:09.523Z,gpu-3uwoq-6g3ya-2,ib_counter,rdma_vf_rail3,link_downed,0
2026-09-30T07:14:09.523Z,gpu-3uwoq-6g3ya-2,ib_hw_counter,rdma_vf_rail3,out_of_sequence,7
2026-09-30T07:14:09.523Z,gpu-3uwoq-6g3ya-2,ib_hw_counter,rdma_vf_rail3,packet_seq_err,1
2026-09-30T07:14:09.523Z,gpu-3uwoq-6g3ya-2,ib_hw_counter,rdma_vf_rail3,local_ack_timeout_err,0
2026-09-30T07:14:09.523Z,gpu-3uwoq-6g3ya-2,ib_hw_counter,rdma_vf_rail3,rx_write_requests,7.11202e+08
2026-09-30T07:14:09.523Z,gpu-3uwoq-6g3ya-2,ib_hw_counter,rdma_vf_rail3,rx_read_requests,1.241e+07
2026-09-30T07:14:09.523Z,gpu-3uwoq-6g3ya-2,ib_hw_counter,rdma_vf_rail3,req_cqe_error,0
2026-09-30T07:14:09.523Z,gpu-3uwoq-6g3ya-2,ib_hw_counter,rdma_vf_rail3,resp_cqe_error,0
2026-09-30T07:14:09.523Z,gpu-3uwoq-6g3ya-2,ib_hw_counter,rdma_vf_rail3,implied_nak_seq_err,0
2026-09-30T07:14:09.523Z,gpu-3uwoq-6g3ya-2,ib_hw_counter,rdma_vf_rail3,duplicate_request,0
2026-09-30T07:14:09.523Z,gpu-3uwoq-6g3ya-2,dcgm,gpu2,gpu_util,0
2026-09-30T07:14:09.523Z,gpu-3uwoq-6g3ya-2,dcgm,gpu3,gpu_util,0
2026-09-30T07:14:09.523Z,gpu-3uwoq-6g3ya-2,dcgm,gpu1,gpu_util,0
2026-09-30T07:14:09.523Z,gpu-3uwoq-6g3ya-2,dcgm,gpu0,gpu_util,0
2026-09-30T07:14:09.523Z,gpu-3uwoq-6g3ya-2,dcgm,gpu2,nvlink_bandwidth_total,0
2026-09-30T07:14:09.523Z,gpu-3uwoq-6g3ya-2,dcgm,gpu3,nvlink_bandwidth_total,0
2026-09-30T07:14:09.523Z,gpu-3uwoq-6g3ya-2,dcgm,gpu1,nvlink_bandwidth_total,0
2026-09-30T07:14:09.523Z,gpu-3uwoq-6g3ya-2,dcgm,gpu0,nvlink_bandwidth_total,0
2026-09-30T07:14:09.523Z,gpu-3uwoq-6g3ya-2,dcgm,gpu2,power_w,230.943
2026-09-30T07:14:09.523Z,gpu-3uwoq-6g3ya-2,dcgm,gpu3,power_w,233.861
2026-09-30T07:14:09.523Z,gpu-3uwoq-6g3ya-2,dcgm,gpu1,power_w,230.031
2026-09-30T07:14:09.523Z,gpu-3uwoq-6g3ya-2,dcgm,gpu0,power_w,226.432
2026-09-30T07:14:09.523Z,gpu-3uwoq-6g3ya-2,dcgm,gpu2,sm_clock_mhz,2070
2026-09-30T07:14:09.523Z,gpu-3uwoq-6g3ya-2,dcgm,gpu3,sm_clock_mhz,2070
2026-09-30T07:14:09.523Z,gpu-3uwoq-6g3ya-2,dcgm,gpu1,sm_clock_mhz,2070
2026-09-30T07:14:09.523Z,gpu-3uwoq-6g3ya-2,dcgm,gpu0,sm_clock_mhz,2070
2026-09-30T07:14:09.523Z,gpu-3uwoq-6g3ya-2,dcgm,gpu2,dram_active,0
2026-09-30T07:14:09.523Z,gpu-3uwoq-6g3ya-2,dcgm,gpu3,dram_active,0
2026-09-30T07:14:09.523Z,gpu-3uwoq-6g3ya-2,dcgm,gpu1,dram_active,0
2026-09-30T07:14:09.523Z,gpu-3uwoq-6g3ya-2,dcgm,gpu0,dram_active,0
2026-09-30T07:14:09.523Z,gpu-3uwoq-6g3ya-2,dcgm,gpu2,pcie_rx_bytes,52573
2026-09-30T07:14:09.523Z,gpu-3uwoq-6g3ya-2,dcgm,gpu3,pcie_rx_bytes,53040
2026-09-30T07:14:09.523Z,gpu-3uwoq-6g3ya-2,dcgm,gpu1,pcie_rx_bytes,61148
2026-09-30T07:14:09.523Z,gpu-3uwoq-6g3ya-2,dcgm,gpu0,pcie_rx_bytes,61199
2026-09-30T07:14:09.523Z,gpu-3uwoq-6g3ya-2,dcgm,gpu2,pcie_tx_bytes,49327
2026-09-30T07:14:09.523Z,gpu-3uwoq-6g3ya-2,dcgm,gpu3,pcie_tx_bytes,49808
2026-09-30T07:14:09.523Z,gpu-3uwoq-6g3ya-2,dcgm,gpu1,pcie_tx_bytes,57899
2026-09-30T07:14:09.523Z,gpu-3uwoq-6g3ya-2,dcgm,gpu0,pcie_tx_bytes,57949
2026-09-30T07:14:09.523Z,gpu-3uwoq-6g3ya-2,dcgm,gpu2,tensor_active,0
2026-09-30T07:14:09.523Z,gpu-3uwoq-6g3ya-2,dcgm,gpu3,tensor_active,0
2026-09-30T07:14:09.523Z,gpu-3uwoq-6g3ya-2,dcgm,gpu1,tensor_active,0
2026-09-30T07:14:09.523Z,gpu-3uwoq-6g3ya-2,dcgm,gpu0,tensor_active,0
2026-09-30T07:14:09.523Z,gpu-3uwoq-6g3ya-2,dcgm,gpu2,sm_active,0
2026-09-30T07:14:09.523Z,gpu-3uwoq-6g3ya-2,dcgm,gpu3,sm_active,0
2026-09-30T07:14:09.523Z,gpu-3uwoq-6g3ya-2,dcgm,gpu1,sm_active,0
2026-09-30T07:14:09.523Z,gpu-3uwoq-6g3ya-2,dcgm,gpu0,sm_active,0
2026-09-30T07:14:09.523Z,gpu-3uwoq-6g3ya-2,nvlink,gpu0,nvlink_rx_bytes,4.84459e+13
2026-09-30T07:14:09.523Z,gpu-3uwoq-6g3ya-2,nvlink,gpu0,nvlink_tx_bytes,4.84493e+13
2026-09-30T07:14:09.523Z,gpu-3uwoq-6g3ya-2,nvlink,gpu1,nvlink_rx_bytes,4.8648e+13
2026-09-30T07:14:09.523Z,gpu-3uwoq-6g3ya-2,nvlink,gpu1,nvlink_tx_bytes,4.86502e+13
2026-09-30T07:14:09.523Z,gpu-3uwoq-6g3ya-2,nvlink,gpu2,nvlink_rx_bytes,4.84828e+13
2026-09-30T07:14:09.523Z,gpu-3uwoq-6g3ya-2,nvlink,gpu2,nvlink_tx_bytes,4.84863e+13
2026-09-30T07:14:09.523Z,gpu-3uwoq-6g3ya-2,nvlink,gpu3,nvlink_rx_bytes,4.83797e+13
2026-09-30T07:14:09.523Z,gpu-3uwoq-6g3ya-2,nvlink,gpu3,nvlink_tx_bytes,4.83829e+13
2026-09-30T07:14:10.523Z,gpu-3uwoq-6g3ya-2,ib_counter,rdma_vf_rail0,port_xmit_data,3.1619e+12
2026-09-30T07:14:10.523Z,gpu-3uwoq-6g3ya-2,ib_counter,rdma_vf_rail0,port_rcv_data,6.12198e+12
2026-09-30T07:14:10.523Z,gpu-3uwoq-6g3ya-2,ib_counter,rdma_vf_rail0,port_xmit_packets,1.07066e+09
2026-09-30T07:14:10.523Z,gpu-3uwoq-6g3ya-2,ib_counter,rdma_vf_rail0,port_rcv_packets,1.70183e+09
2026-09-30T07:14:10.523Z,gpu-3uwoq-6g3ya-2,ib_counter,rdma_vf_rail0,port_xmit_wait,0
2026-09-30T07:14:10.523Z,gpu-3uwoq-6g3ya-2,ib_counter,rdma_vf_rail0,port_rcv_errors,0
2026-09-30T07:14:10.523Z,gpu-3uwoq-6g3ya-2,ib_counter,rdma_vf_rail0,port_xmit_discards,0
2026-09-30T07:14:10.523Z,gpu-3uwoq-6g3ya-2,ib_counter,rdma_vf_rail0,link_downed,0
2026-09-30T07:14:10.523Z,gpu-3uwoq-6g3ya-2,ib_hw_counter,rdma_vf_rail0,out_of_sequence,8
2026-09-30T07:14:10.523Z,gpu-3uwoq-6g3ya-2,ib_hw_counter,rdma_vf_rail0,packet_seq_err,0
2026-09-30T07:14:10.523Z,gpu-3uwoq-6g3ya-2,ib_hw_counter,rdma_vf_rail0,local_ack_timeout_err,0
2026-09-30T07:14:10.523Z,gpu-3uwoq-6g3ya-2,ib_hw_counter,rdma_vf_rail0,rx_write_requests,7.13227e+08
2026-09-30T07:14:10.523Z,gpu-3uwoq-6g3ya-2,ib_hw_counter,rdma_vf_rail0,rx_read_requests,1.34187e+07
2026-09-30T07:14:10.523Z,gpu-3uwoq-6g3ya-2,ib_hw_counter,rdma_vf_rail0,req_cqe_error,0
2026-09-30T07:14:10.523Z,gpu-3uwoq-6g3ya-2,ib_hw_counter,rdma_vf_rail0,resp_cqe_error,0
2026-09-30T07:14:10.523Z,gpu-3uwoq-6g3ya-2,ib_hw_counter,rdma_vf_rail0,implied_nak_seq_err,0
2026-09-30T07:14:10.523Z,gpu-3uwoq-6g3ya-2,ib_hw_counter,rdma_vf_rail0,duplicate_request,0
2026-09-30T07:14:10.523Z,gpu-3uwoq-6g3ya-2,ib_counter,rdma_vf_rail1,port_xmit_data,3.05371e+12
2026-09-30T07:14:10.523Z,gpu-3uwoq-6g3ya-2,ib_counter,rdma_vf_rail1,port_rcv_data,6.01387e+12
2026-09-30T07:14:10.523Z,gpu-3uwoq-6g3ya-2,ib_counter,rdma_vf_rail1,port_xmit_packets,1.03795e+09
2026-09-30T07:14:10.523Z,gpu-3uwoq-6g3ya-2,ib_counter,rdma_vf_rail1,port_rcv_packets,1.66932e+09
2026-09-30T07:14:10.523Z,gpu-3uwoq-6g3ya-2,ib_counter,rdma_vf_rail1,port_xmit_wait,0
2026-09-30T07:14:10.523Z,gpu-3uwoq-6g3ya-2,ib_counter,rdma_vf_rail1,port_rcv_errors,0
2026-09-30T07:14:10.523Z,gpu-3uwoq-6g3ya-2,ib_counter,rdma_vf_rail1,port_xmit_discards,0
2026-09-30T07:14:10.523Z,gpu-3uwoq-6g3ya-2,ib_counter,rdma_vf_rail1,link_downed,0
2026-09-30T07:14:10.523Z,gpu-3uwoq-6g3ya-2,ib_hw_counter,rdma_vf_rail1,out_of_sequence,8
2026-09-30T07:14:10.523Z,gpu-3uwoq-6g3ya-2,ib_hw_counter,rdma_vf_rail1,packet_seq_err,0
2026-09-30T07:14:10.523Z,gpu-3uwoq-6g3ya-2,ib_hw_counter,rdma_vf_rail1,local_ack_timeout_err,0
2026-09-30T07:14:10.523Z,gpu-3uwoq-6g3ya-2,ib_hw_counter,rdma_vf_rail1,rx_write_requests,7.11635e+08
2026-09-30T07:14:10.523Z,gpu-3uwoq-6g3ya-2,ib_hw_counter,rdma_vf_rail1,rx_read_requests,1.26179e+07
2026-09-30T07:14:10.523Z,gpu-3uwoq-6g3ya-2,ib_hw_counter,rdma_vf_rail1,req_cqe_error,0
2026-09-30T07:14:10.523Z,gpu-3uwoq-6g3ya-2,ib_hw_counter,rdma_vf_rail1,resp_cqe_error,0
2026-09-30T07:14:10.523Z,gpu-3uwoq-6g3ya-2,ib_hw_counter,rdma_vf_rail1,implied_nak_seq_err,0
2026-09-30T07:14:10.523Z,gpu-3uwoq-6g3ya-2,ib_hw_counter,rdma_vf_rail1,duplicate_request,0
2026-09-30T07:14:10.523Z,gpu-3uwoq-6g3ya-2,ib_counter,rdma_vf_rail2,port_xmit_data,3.02614e+12
2026-09-30T07:14:10.523Z,gpu-3uwoq-6g3ya-2,ib_counter,rdma_vf_rail2,port_rcv_data,5.98562e+12
2026-09-30T07:14:10.523Z,gpu-3uwoq-6g3ya-2,ib_counter,rdma_vf_rail2,port_xmit_packets,1.02027e+09
2026-09-30T07:14:10.523Z,gpu-3uwoq-6g3ya-2,ib_counter,rdma_vf_rail2,port_rcv_packets,1.64539e+09
2026-09-30T07:14:10.523Z,gpu-3uwoq-6g3ya-2,ib_counter,rdma_vf_rail2,port_xmit_wait,0
2026-09-30T07:14:10.523Z,gpu-3uwoq-6g3ya-2,ib_counter,rdma_vf_rail2,port_rcv_errors,0
2026-09-30T07:14:10.523Z,gpu-3uwoq-6g3ya-2,ib_counter,rdma_vf_rail2,port_xmit_discards,0
2026-09-30T07:14:10.523Z,gpu-3uwoq-6g3ya-2,ib_counter,rdma_vf_rail2,link_downed,0
2026-09-30T07:14:10.523Z,gpu-3uwoq-6g3ya-2,ib_hw_counter,rdma_vf_rail2,out_of_sequence,8
2026-09-30T07:14:10.523Z,gpu-3uwoq-6g3ya-2,ib_hw_counter,rdma_vf_rail2,packet_seq_err,0
2026-09-30T07:14:10.523Z,gpu-3uwoq-6g3ya-2,ib_hw_counter,rdma_vf_rail2,local_ack_timeout_err,0
2026-09-30T07:14:10.523Z,gpu-3uwoq-6g3ya-2,ib_hw_counter,rdma_vf_rail2,rx_write_requests,7.11202e+08
2026-09-30T07:14:10.523Z,gpu-3uwoq-6g3ya-2,ib_hw_counter,rdma_vf_rail2,rx_read_requests,1.241e+07
2026-09-30T07:14:10.523Z,gpu-3uwoq-6g3ya-2,ib_hw_counter,rdma_vf_rail2,req_cqe_error,0
2026-09-30T07:14:10.523Z,gpu-3uwoq-6g3ya-2,ib_hw_counter,rdma_vf_rail2,resp_cqe_error,0
2026-09-30T07:14:10.523Z,gpu-3uwoq-6g3ya-2,ib_hw_counter,rdma_vf_rail2,implied_nak_seq_err,0
2026-09-30T07:14:10.523Z,gpu-3uwoq-6g3ya-2,ib_hw_counter,rdma_vf_rail2,duplicate_request,0
2026-09-30T07:14:10.523Z,gpu-3uwoq-6g3ya-2,ib_counter,rdma_vf_rail3,port_xmit_data,3.026e+12
2026-09-30T07:14:10.523Z,gpu-3uwoq-6g3ya-2,ib_counter,rdma_vf_rail3,port_rcv_data,5.98622e+12
2026-09-30T07:14:10.523Z,gpu-3uwoq-6g3ya-2,ib_counter,rdma_vf_rail3,port_xmit_packets,1.01861e+09
2026-09-30T07:14:10.523Z,gpu-3uwoq-6g3ya-2,ib_counter,rdma_vf_rail3,port_rcv_packets,1.65278e+09
2026-09-30T07:14:10.523Z,gpu-3uwoq-6g3ya-2,ib_counter,rdma_vf_rail3,port_xmit_wait,0
2026-09-30T07:14:10.523Z,gpu-3uwoq-6g3ya-2,ib_counter,rdma_vf_rail3,port_rcv_errors,0
2026-09-30T07:14:10.523Z,gpu-3uwoq-6g3ya-2,ib_counter,rdma_vf_rail3,port_xmit_discards,0
2026-09-30T07:14:10.523Z,gpu-3uwoq-6g3ya-2,ib_counter,rdma_vf_rail3,link_downed,0
2026-09-30T07:14:10.523Z,gpu-3uwoq-6g3ya-2,ib_hw_counter,rdma_vf_rail3,out_of_sequence,7
2026-09-30T07:14:10.523Z,gpu-3uwoq-6g3ya-2,ib_hw_counter,rdma_vf_rail3,packet_seq_err,1
2026-09-30T07:14:10.523Z,gpu-3uwoq-6g3ya-2,ib_hw_counter,rdma_vf_rail3,local_ack_timeout_err,0
2026-09-30T07:14:10.523Z,gpu-3uwoq-6g3ya-2,ib_hw_counter,rdma_vf_rail3,rx_write_requests,7.11202e+08
2026-09-30T07:14:10.523Z,gpu-3uwoq-6g3ya-2,ib_hw_counter,rdma_vf_rail3,rx_read_requests,1.241e+07
2026-09-30T07:14:10.523Z,gpu-3uwoq-6g3ya-2,ib_hw_counter,rdma_vf_rail3,req_cqe_error,0
2026-09-30T07:14:10.523Z,gpu-3uwoq-6g3ya-2,ib_hw_counter,rdma_vf_rail3,resp_cqe_error,0
2026-09-30T07:14:10.523Z,gpu-3uwoq-6g3ya-2,ib_hw_counter,rdma_vf_rail3,implied_nak_seq_err,0
2026-09-30T07:14:10.523Z,gpu-3uwoq-6g3ya-2,ib_hw_counter,rdma_vf_rail3,duplicate_request,0
2026-09-30T07:14:10.523Z,gpu-3uwoq-6g3ya-2,dcgm,gpu2,gpu_util,0
2026-09-30T07:14:10.523Z,gpu-3uwoq-6g3ya-2,dcgm,gpu3,gpu_util,0
2026-09-30T07:14:10.523Z,gpu-3uwoq-6g3ya-2,dcgm,gpu1,gpu_util,0
2026-09-30T07:14:10.523Z,gpu-3uwoq-6g3ya-2,dcgm,gpu0,gpu_util,0
2026-09-30T07:14:10.523Z,gpu-3uwoq-6g3ya-2,dcgm,gpu2,nvlink_bandwidth_total,0
2026-09-30T07:14:10.523Z,gpu-3uwoq-6g3ya-2,dcgm,gpu3,nvlink_bandwidth_total,0
2026-09-30T07:14:10.523Z,gpu-3uwoq-6g3ya-2,dcgm,gpu1,nvlink_bandwidth_total,0
2026-09-30T07:14:10.523Z,gpu-3uwoq-6g3ya-2,dcgm,gpu0,nvlink_bandwidth_total,0
2026-09-30T07:14:10.523Z,gpu-3uwoq-6g3ya-2,dcgm,gpu2,power_w,230.943
2026-09-30T07:14:10.523Z,gpu-3uwoq-6g3ya-2,dcgm,gpu3,power_w,233.861
2026-09-30T07:14:10.523Z,gpu-3uwoq-6g3ya-2,dcgm,gpu1,power_w,230.031
2026-09-30T07:14:10.523Z,gpu-3uwoq-6g3ya-2,dcgm,gpu0,power_w,226.432
2026-09-30T07:14:10.523Z,gpu-3uwoq-6g3ya-2,dcgm,gpu2,sm_clock_mhz,2070
2026-09-30T07:14:10.523Z,gpu-3uwoq-6g3ya-2,dcgm,gpu3,sm_clock_mhz,2070
2026-09-30T07:14:10.523Z,gpu-3uwoq-6g3ya-2,dcgm,gpu1,sm_clock_mhz,2070
2026-09-30T07:14:10.523Z,gpu-3uwoq-6g3ya-2,dcgm,gpu0,sm_clock_mhz,2070
2026-09-30T07:14:10.523Z,gpu-3uwoq-6g3ya-2,dcgm,gpu2,dram_active,0
2026-09-30T07:14:10.523Z,gpu-3uwoq-6g3ya-2,dcgm,gpu3,dram_active,0
2026-09-30T07:14:10.523Z,gpu-3uwoq-6g3ya-2,dcgm,gpu1,dram_active,0
2026-09-30T07:14:10.523Z,gpu-3uwoq-6g3ya-2,dcgm,gpu0,dram_active,0
2026-09-30T07:14:10.523Z,gpu-3uwoq-6g3ya-2,dcgm,gpu2,pcie_rx_bytes,52573
2026-09-30T07:14:10.523Z,gpu-3uwoq-6g3ya-2,dcgm,gpu3,pcie_rx_bytes,53040
2026-09-30T07:14:10.523Z,gpu-3uwoq-6g3ya-2,dcgm,gpu1,pcie_rx_bytes,61148
2026-09-30T07:14:10.523Z,gpu-3uwoq-6g3ya-2,dcgm,gpu0,pcie_rx_bytes,61199
2026-09-30T07:14:10.523Z,gpu-3uwoq-6g3ya-2,dcgm,gpu2,pcie_tx_bytes,49327
2026-09-30T07:14:10.523Z,gpu-3uwoq-6g3ya-2,dcgm,gpu3,pcie_tx_bytes,49808
2026-09-30T07:14:10.523Z,gpu-3uwoq-6g3ya-2,dcgm,gpu1,pcie_tx_bytes,57899
2026-09-30T07:14:10.523Z,gpu-3uwoq-6g3ya-2,dcgm,gpu0,pcie_tx_bytes,57949
2026-09-30T07:14:10.523Z,gpu-3uwoq-6g3ya-2,dcgm,gpu2,tensor_active,0
2026-09-30T07:14:10.523Z,gpu-3uwoq-6g3ya-2,dcgm,gpu3,tensor_active,0
2026-09-30T07:14:10.523Z,gpu-3uwoq-6g3ya-2,dcgm,gpu1,tensor_active,0
2026-09-30T07:14:10.523Z,gpu-3uwoq-6g3ya-2,dcgm,gpu0,tensor_active,0
2026-09-30T07:14:10.523Z,gpu-3uwoq-6g3ya-2,dcgm,gpu2,sm_active,0
2026-09-30T07:14:10.523Z,gpu-3uwoq-6g3ya-2,dcgm,gpu3,sm_active,0
2026-09-30T07:14:10.523Z,gpu-3uwoq-6g3ya-2,dcgm,gpu1,sm_active,0
2026-09-30T07:14:10.523Z,gpu-3uwoq-6g3ya-2,dcgm,gpu0,sm_active,0
2026-09-30T07:14:10.523Z,gpu-3uwoq-6g3ya-2,nvlink,gpu0,nvlink_rx_bytes,4.84459e+13
2026-09-30T07:14:10.523Z,gpu-3uwoq-6g3ya-2,nvlink,gpu0,nvlink_tx_bytes,4.84493e+13
2026-09-30T07:14:10.523Z,gpu-3uwoq-6g3ya-2,nvlink,gpu1,nvlink_rx_bytes,4.8648e+13
2026-09-30T07:14:10.523Z,gpu-3uwoq-6g3ya-2,nvlink,gpu1,nvlink_tx_bytes,4.86502e+13
2026-09-30T07:14:10.523Z,gpu-3uwoq-6g3ya-2,nvlink,gpu2,nvlink_rx_bytes,4.84828e+13
2026-09-30T07:14:10.523Z,gpu-3uwoq-6g3ya-2,nvlink,gpu2,nvlink_tx_bytes,4.84863e+13
2026-09-30T07:14:10.523Z,gpu-3uwoq-6g3ya-2,nvlink,gpu3,nvlink_rx_bytes,4.83797e+13
2026-09-30T07:14:10.523Z,gpu-3uwoq-6g3ya-2,nvlink,gpu3,nvlink_tx_bytes,4.83829e+13
2026-09-30T07:14:11.523Z,gpu-3uwoq-6g3ya-2,ib_counter,rdma_vf_rail0,port_xmit_data,3.1619e+12
2026-09-30T07:14:11.523Z,gpu-3uwoq-6g3ya-2,ib_counter,rdma_vf_rail0,port_rcv_data,6.12198e+12
2026-09-30T07:14:11.523Z,gpu-3uwoq-6g3ya-2,ib_counter,rdma_vf_rail0,port_xmit_packets,1.07066e+09
2026-09-30T07:14:11.523Z,gpu-3uwoq-6g3ya-2,ib_counter,rdma_vf_rail0,port_rcv_packets,1.70183e+09
2026-09-30T07:14:11.523Z,gpu-3uwoq-6g3ya-2,ib_counter,rdma_vf_rail0,port_xmit_wait,0
2026-09-30T07:14:11.523Z,gpu-3uwoq-6g3ya-2,ib_counter,rdma_vf_rail0,port_rcv_errors,0
2026-09-30T07:14:11.523Z,gpu-3uwoq-6g3ya-2,ib_counter,rdma_vf_rail0,port_xmit_discards,0
2026-09-30T07:14:11.523Z,gpu-3uwoq-6g3ya-2,ib_counter,rdma_vf_rail0,link_downed,0
2026-09-30T07:14:11.523Z,gpu-3uwoq-6g3ya-2,ib_hw_counter,rdma_vf_rail0,out_of_sequence,8
2026-09-30T07:14:11.523Z,gpu-3uwoq-6g3ya-2,ib_hw_counter,rdma_vf_rail0,packet_seq_err,0
2026-09-30T07:14:11.523Z,gpu-3uwoq-6g3ya-2,ib_hw_counter,rdma_vf_rail0,local_ack_timeout_err,0
2026-09-30T07:14:11.523Z,gpu-3uwoq-6g3ya-2,ib_hw_counter,rdma_vf_rail0,rx_write_requests,7.13227e+08
2026-09-30T07:14:11.523Z,gpu-3uwoq-6g3ya-2,ib_hw_counter,rdma_vf_rail0,rx_read_requests,1.34187e+07
2026-09-30T07:14:11.523Z,gpu-3uwoq-6g3ya-2,ib_hw_counter,rdma_vf_rail0,req_cqe_error,0
2026-09-30T07:14:11.523Z,gpu-3uwoq-6g3ya-2,ib_hw_counter,rdma_vf_rail0,resp_cqe_error,0
2026-09-30T07:14:11.523Z,gpu-3uwoq-6g3ya-2,ib_hw_counter,rdma_vf_rail0,implied_nak_seq_err,0
2026-09-30T07:14:11.523Z,gpu-3uwoq-6g3ya-2,ib_hw_counter,rdma_vf_rail0,duplicate_request,0
2026-09-30T07:14:11.523Z,gpu-3uwoq-6g3ya-2,ib_counter,rdma_vf_rail1,port_xmit_data,3.05371e+12
2026-09-30T07:14:11.523Z,gpu-3uwoq-6g3ya-2,ib_counter,rdma_vf_rail1,port_rcv_data,6.01387e+12
2026-09-30T07:14:11.523Z,gpu-3uwoq-6g3ya-2,ib_counter,rdma_vf_rail1,port_xmit_packets,1.03795e+09
2026-09-30T07:14:11.523Z,gpu-3uwoq-6g3ya-2,ib_counter,rdma_vf_rail1,port_rcv_packets,1.66932e+09
2026-09-30T07:14:11.523Z,gpu-3uwoq-6g3ya-2,ib_counter,rdma_vf_rail1,port_xmit_wait,0
2026-09-30T07:14:11.523Z,gpu-3uwoq-6g3ya-2,ib_counter,rdma_vf_rail1,port_rcv_errors,0
2026-09-30T07:14:11.523Z,gpu-3uwoq-6g3ya-2,ib_counter,rdma_vf_rail1,port_xmit_discards,0
2026-09-30T07:14:11.523Z,gpu-3uwoq-6g3ya-2,ib_counter,rdma_vf_rail1,link_downed,0
2026-09-30T07:14:11.523Z,gpu-3uwoq-6g3ya-2,ib_hw_counter,rdma_vf_rail1,out_of_sequence,8
2026-09-30T07:14:11.523Z,gpu-3uwoq-6g3ya-2,ib_hw_counter,rdma_vf_rail1,packet_seq_err,0
2026-09-30T07:14:11.523Z,gpu-3uwoq-6g3ya-2,ib_hw_counter,rdma_vf_rail1,local_ack_timeout_err,0
2026-09-30T07:14:11.523Z,gpu-3uwoq-6g3ya-2,ib_hw_counter,rdma_vf_rail1,rx_write_requests,7.11635e+08
2026-09-30T07:14:11.523Z,gpu-3uwoq-6g3ya-2,ib_hw_counter,rdma_vf_rail1,rx_read_requests,1.26179e+07
2026-09-30T07:14:11.523Z,gpu-3uwoq-6g3ya-2,ib_hw_counter,rdma_vf_rail1,req_cqe_error,0
2026-09-30T07:14:11.523Z,gpu-3uwoq-6g3ya-2,ib_hw_counter,rdma_vf_rail1,resp_cqe_error,0
2026-09-30T07:14:11.523Z,gpu-3uwoq-6g3ya-2,ib_hw_counter,rdma_vf_rail1,implied_nak_seq_err,0
2026-09-30T07:14:11.523Z,gpu-3uwoq-6g3ya-2,ib_hw_counter,rdma_vf_rail1,duplicate_request,0
2026-09-30T07:14:11.523Z,gpu-3uwoq-6g3ya-2,ib_counter,rdma_vf_rail2,port_xmit_data,3.02614e+12
2026-09-30T07:14:11.523Z,gpu-3uwoq-6g3ya-2,ib_counter,rdma_vf_rail2,port_rcv_data,5.98562e+12
2026-09-30T07:14:11.523Z,gpu-3uwoq-6g3ya-2,ib_counter,rdma_vf_rail2,port_xmit_packets,1.02027e+09
2026-09-30T07:14:11.523Z,gpu-3uwoq-6g3ya-2,ib_counter,rdma_vf_rail2,port_rcv_packets,1.64539e+09
2026-09-30T07:14:11.523Z,gpu-3uwoq-6g3ya-2,ib_counter,rdma_vf_rail2,port_xmit_wait,0
2026-09-30T07:14:11.523Z,gpu-3uwoq-6g3ya-2,ib_counter,rdma_vf_rail2,port_rcv_errors,0
2026-09-30T07:14:11.523Z,gpu-3uwoq-6g3ya-2,ib_counter,rdma_vf_rail2,port_xmit_discards,0
2026-09-30T07:14:11.523Z,gpu-3uwoq-6g3ya-2,ib_counter,rdma_vf_rail2,link_downed,0
2026-09-30T07:14:11.523Z,gpu-3uwoq-6g3ya-2,ib_hw_counter,rdma_vf_rail2,out_of_sequence,8
2026-09-30T07:14:11.523Z,gpu-3uwoq-6g3ya-2,ib_hw_counter,rdma_vf_rail2,packet_seq_err,0
2026-09-30T07:14:11.523Z,gpu-3uwoq-6g3ya-2,ib_hw_counter,rdma_vf_rail2,local_ack_timeout_err,0
2026-09-30T07:14:11.523Z,gpu-3uwoq-6g3ya-2,ib_hw_counter,rdma_vf_rail2,rx_write_requests,7.11202e+08
2026-09-30T07:14:11.523Z,gpu-3uwoq-6g3ya-2,ib_hw_counter,rdma_vf_rail2,rx_read_requests,1.241e+07
2026-09-30T07:14:11.523Z,gpu-3uwoq-6g3ya-2,ib_hw_counter,rdma_vf_rail2,req_cqe_error,0
2026-09-30T07:14:11.523Z,gpu-3uwoq-6g3ya-2,ib_hw_counter,rdma_vf_rail2,resp_cqe_error,0
2026-09-30T07:14:11.523Z,gpu-3uwoq-6g3ya-2,ib_hw_counter,rdma_vf_rail2,implied_nak_seq_err,0
2026-09-30T07:14:11.523Z,gpu-3uwoq-6g3ya-2,ib_hw_counter,rdma_vf_rail2,duplicate_request,0
2026-09-30T07:14:11.523Z,gpu-3uwoq-6g3ya-2,ib_counter,rdma_vf_rail3,port_xmit_data,3.026e+12
2026-09-30T07:14:11.523Z,gpu-3uwoq-6g3ya-2,ib_counter,rdma_vf_rail3,port_rcv_data,5.98622e+12
2026-09-30T07:14:11.523Z,gpu-3uwoq-6g3ya-2,ib_counter,rdma_vf_rail3,port_xmit_packets,1.01861e+09
2026-09-30T07:14:11.523Z,gpu-3uwoq-6g3ya-2,ib_counter,rdma_vf_rail3,port_rcv_packets,1.65278e+09
2026-09-30T07:14:11.523Z,gpu-3uwoq-6g3ya-2,ib_counter,rdma_vf_rail3,port_xmit_wait,0
2026-09-30T07:14:11.523Z,gpu-3uwoq-6g3ya-2,ib_counter,rdma_vf_rail3,port_rcv_errors,0
2026-09-30T07:14:11.523Z,gpu-3uwoq-6g3ya-2,ib_counter,rdma_vf_rail3,port_xmit_discards,0
2026-09-30T07:14:11.523Z,gpu-3uwoq-6g3ya-2,ib_counter,rdma_vf_rail3,link_downed,0
2026-09-30T07:14:11.523Z,gpu-3uwoq-6g3ya-2,ib_hw_counter,rdma_vf_rail3,out_of_sequence,7
2026-09-30T07:14:11.523Z,gpu-3uwoq-6g3ya-2,ib_hw_counter,rdma_vf_rail3,packet_seq_err,1
2026-09-30T07:14:11.523Z,gpu-3uwoq-6g3ya-2,ib_hw_counter,rdma_vf_rail3,local_ack_timeout_err,0
2026-09-30T07:14:11.523Z,gpu-3uwoq-6g3ya-2,ib_hw_counter,rdma_vf_rail3,rx_write_requests,7.11202e+08
2026-09-30T07:14:11.523Z,gpu-3uwoq-6g3ya-2,ib_hw_counter,rdma_vf_rail3,rx_read_requests,1.241e+07
2026-09-30T07:14:11.523Z,gpu-3uwoq-6g3ya-2,ib_hw_counter,rdma_vf_rail3,req_cqe_error,0
2026-09-30T07:14:11.523Z,gpu-3uwoq-6g3ya-2,ib_hw_counter,rdma_vf_rail3,resp_cqe_error,0
2026-09-30T07:14:11.523Z,gpu-3uwoq-6g3ya-2,ib_hw_counter,rdma_vf_rail3,implied_nak_seq_err,0
2026-09-30T07:14:11.523Z,gpu-3uwoq-6g3ya-2,ib_hw_counter,rdma_vf_rail3,duplicate_request,0
2026-09-30T07:14:11.523Z,gpu-3uwoq-6g3ya-2,dcgm,gpu2,gpu_util,0
2026-09-30T07:14:11.523Z,gpu-3uwoq-6g3ya-2,dcgm,gpu3,gpu_util,0
2026-09-30T07:14:11.523Z,gpu-3uwoq-6g3ya-2,dcgm,gpu1,gpu_util,0
2026-09-30T07:14:11.523Z,gpu-3uwoq-6g3ya-2,dcgm,gpu0,gpu_util,0
2026-09-30T07:14:11.523Z,gpu-3uwoq-6g3ya-2,dcgm,gpu2,nvlink_bandwidth_total,0
2026-09-30T07:14:11.523Z,gpu-3uwoq-6g3ya-2,dcgm,gpu3,nvlink_bandwidth_total,0
2026-09-30T07:14:11.523Z,gpu-3uwoq-6g3ya-2,dcgm,gpu1,nvlink_bandwidth_total,0
2026-09-30T07:14:11.523Z,gpu-3uwoq-6g3ya-2,dcgm,gpu0,nvlink_bandwidth_total,0
2026-09-30T07:14:11.523Z,gpu-3uwoq-6g3ya-2,dcgm,gpu2,power_w,230.943
2026-09-30T07:14:11.523Z,gpu-3uwoq-6g3ya-2,dcgm,gpu3,power_w,233.861
2026-09-30T07:14:11.523Z,gpu-3uwoq-6g3ya-2,dcgm,gpu1,power_w,230.031
2026-09-30T07:14:11.523Z,gpu-3uwoq-6g3ya-2,dcgm,gpu0,power_w,226.432
2026-09-30T07:14:11.523Z,gpu-3uwoq-6g3ya-2,dcgm,gpu2,sm_clock_mhz,2070
2026-09-30T07:14:11.523Z,gpu-3uwoq-6g3ya-2,dcgm,gpu3,sm_clock_mhz,2070
2026-09-30T07:14:11.523Z,gpu-3uwoq-6g3ya-2,dcgm,gpu1,sm_clock_mhz,2070
2026-09-30T07:14:11.523Z,gpu-3uwoq-6g3ya-2,dcgm,gpu0,sm_clock_mhz,2070
2026-09-30T07:14:11.523Z,gpu-3uwoq-6g3ya-2,dcgm,gpu2,dram_active,0
2026-09-30T07:14:11.523Z,gpu-3uwoq-6g3ya-2,dcgm,gpu3,dram_active,0
2026-09-30T07:14:11.523Z,gpu-3uwoq-6g3ya-2,dcgm,gpu1,dram_active,0
2026-09-30T07:14:11.523Z,gpu-3uwoq-6g3ya-2,dcgm,gpu0,dram_active,0
2026-09-30T07:14:11.523Z,gpu-3uwoq-6g3ya-2,dcgm,gpu2,pcie_rx_bytes,52573
2026-09-30T07:14:11.523Z,gpu-3uwoq-6g3ya-2,dcgm,gpu3,pcie_rx_bytes,53040
2026-09-30T07:14:11.523Z,gpu-3uwoq-6g3ya-2,dcgm,gpu1,pcie_rx_bytes,61148
2026-09-30T07:14:11.523Z,gpu-3uwoq-6g3ya-2,dcgm,gpu0,pcie_rx_bytes,61199
2026-09-30T07:14:11.523Z,gpu-3uwoq-6g3ya-2,dcgm,gpu2,pcie_tx_bytes,49327
2026-09-30T07:14:11.523Z,gpu-3uwoq-6g3ya-2,dcgm,gpu3,pcie_tx_bytes,49808
2026-09-30T07:14:11.523Z,gpu-3uwoq-6g3ya-2,dcgm,gpu1,pcie_tx_bytes,57899
2026-09-30T07:14:11.523Z,gpu-3uwoq-6g3ya-2,dcgm,gpu0,pcie_tx_bytes,57949
2026-09-30T07:14:11.523Z,gpu-3uwoq-6g3ya-2,dcgm,gpu2,tensor_active,0
2026-09-30T07:14:11.523Z,gpu-3uwoq-6g3ya-2,dcgm,gpu3,tensor_active,0
2026-09-30T07:14:11.523Z,gpu-3uwoq-6g3ya-2,dcgm,gpu1,tensor_active,0
2026-09-30T07:14:11.523Z,gpu-3uwoq-6g3ya-2,dcgm,gpu0,tensor_active,0
2026-09-30T07:14:11.523Z,gpu-3uwoq-6g3ya-2,dcgm,gpu2,sm_active,0
2026-09-30T07:14:11.523Z,gpu-3uwoq-6g3ya-2,dcgm,gpu3,sm_active,0
2026-09-30T07:14:11.523Z,gpu-3uwoq-6g3ya-2,dcgm,gpu1,sm_active,0
2026-09-30T07:14:11.523Z,gpu-3uwoq-6g3ya-2,dcgm,gpu0,sm_active,0
2026-09-30T07:14:11.523Z,gpu-3uwoq-6g3ya-2,nvlink,gpu0,nvlink_rx_bytes,4.84459e+13
2026-09-30T07:14:11.523Z,gpu-3uwoq-6g3ya-2,nvlink,gpu0,nvlink_tx_bytes,4.84493e+13
2026-09-30T07:14:11.523Z,gpu-3uwoq-6g3ya-2,nvlink,gpu1,nvlink_rx_bytes,4.8648e+13
2026-09-30T07:14:11.523Z,gpu-3uwoq-6g3ya-2,nvlink,gpu1,nvlink_tx_bytes,4.86502e+13
2026-09-30T07:14:11.523Z,gpu-3uwoq-6g3ya-2,nvlink,gpu2,nvlink_rx_bytes,4.84828e+13
2026-09-30T07:14:11.523Z,gpu-3uwoq-6g3ya-2,nvlink,gpu2,nvlink_tx_bytes,4.84863e+13
2026-09-30T07:14:11.523Z,gpu-3uwoq-6g3ya-2,nvlink,gpu3,nvlink_rx_bytes,4.83797e+13
2026-09-30T07:14:11.523Z,gpu-3uwoq-6g3ya-2,nvlink,gpu3,nvlink_tx_bytes,4.83829e+13
2026-09-30T07:14:12.523Z,gpu-3uwoq-6g3ya-2,ib_counter,rdma_vf_rail0,port_xmit_data,3.1619e+12
2026-09-30T07:14:12.523Z,gpu-3uwoq-6g3ya-2,ib_counter,rdma_vf_rail0,port_rcv_data,6.12198e+12
2026-09-30T07:14:12.523Z,gpu-3uwoq-6g3ya-2,ib_counter,rdma_vf_rail0,port_xmit_packets,1.07066e+09
2026-09-30T07:14:12.523Z,gpu-3uwoq-6g3ya-2,ib_counter,rdma_vf_rail0,port_rcv_packets,1.70183e+09
2026-09-30T07:14:12.523Z,gpu-3uwoq-6g3ya-2,ib_counter,rdma_vf_rail0,port_xmit_wait,0
2026-09-30T07:14:12.523Z,gpu-3uwoq-6g3ya-2,ib_counter,rdma_vf_rail0,port_rcv_errors,0
2026-09-30T07:14:12.523Z,gpu-3uwoq-6g3ya-2,ib_counter,rdma_vf_rail0,port_xmit_discards,0
2026-09-30T07:14:12.523Z,gpu-3uwoq-6g3ya-2,ib_counter,rdma_vf_rail0,link_downed,0
2026-09-30T07:14:12.523Z,gpu-3uwoq-6g3ya-2,ib_hw_counter,rdma_vf_rail0,out_of_sequence,8
2026-09-30T07:14:12.523Z,gpu-3uwoq-6g3ya-2,ib_hw_counter,rdma_vf_rail0,packet_seq_err,0
2026-09-30T07:14:12.523Z,gpu-3uwoq-6g3ya-2,ib_hw_counter,rdma_vf_rail0,local_ack_timeout_err,0
2026-09-30T07:14:12.523Z,gpu-3uwoq-6g3ya-2,ib_hw_counter,rdma_vf_rail0,rx_write_requests,7.13227e+08
2026-09-30T07:14:12.523Z,gpu-3uwoq-6g3ya-2,ib_hw_counter,rdma_vf_rail0,rx_read_requests,1.34187e+07
2026-09-30T07:14:12.523Z,gpu-3uwoq-6g3ya-2,ib_hw_counter,rdma_vf_rail0,req_cqe_error,0
2026-09-30T07:14:12.523Z,gpu-3uwoq-6g3ya-2,ib_hw_counter,rdma_vf_rail0,resp_cqe_error,0
2026-09-30T07:14:12.523Z,gpu-3uwoq-6g3ya-2,ib_hw_counter,rdma_vf_rail0,implied_nak_seq_err,0
2026-09-30T07:14:12.523Z,gpu-3uwoq-6g3ya-2,ib_hw_counter,rdma_vf_rail0,duplicate_request,0
2026-09-30T07:14:12.523Z,gpu-3uwoq-6g3ya-2,ib_counter,rdma_vf_rail1,port_xmit_data,3.05371e+12
2026-09-30T07:14:12.523Z,gpu-3uwoq-6g3ya-2,ib_counter,rdma_vf_rail1,port_rcv_data,6.01387e+12
2026-09-30T07:14:12.523Z,gpu-3uwoq-6g3ya-2,ib_counter,rdma_vf_rail1,port_xmit_packets,1.03795e+09
2026-09-30T07:14:12.523Z,gpu-3uwoq-6g3ya-2,ib_counter,rdma_vf_rail1,port_rcv_packets,1.66932e+09
2026-09-30T07:14:12.523Z,gpu-3uwoq-6g3ya-2,ib_counter,rdma_vf_rail1,port_xmit_wait,0
2026-09-30T07:14:12.523Z,gpu-3uwoq-6g3ya-2,ib_counter,rdma_vf_rail1,port_rcv_errors,0
2026-09-30T07:14:12.523Z,gpu-3uwoq-6g3ya-2,ib_counter,rdma_vf_rail1,port_xmit_discards,0
2026-09-30T07:14:12.523Z,gpu-3uwoq-6g3ya-2,ib_counter,rdma_vf_rail1,link_downed,0
2026-09-30T07:14:12.523Z,gpu-3uwoq-6g3ya-2,ib_hw_counter,rdma_vf_rail1,out_of_sequence,8
2026-09-30T07:14:12.523Z,gpu-3uwoq-6g3ya-2,ib_hw_counter,rdma_vf_rail1,packet_seq_err,0
2026-09-30T07:14:12.523Z,gpu-3uwoq-6g3ya-2,ib_hw_counter,rdma_vf_rail1,local_ack_timeout_err,0
2026-09-30T07:14:12.523Z,gpu-3uwoq-6g3ya-2,ib_hw_counter,rdma_vf_rail1,rx_write_requests,7.11635e+08
2026-09-30T07:14:12.523Z,gpu-3uwoq-6g3ya-2,ib_hw_counter,rdma_vf_rail1,rx_read_requests,1.26179e+07
2026-09-30T07:14:12.523Z,gpu-3uwoq-6g3ya-2,ib_hw_counter,rdma_vf_rail1,req_cqe_error,0
2026-09-30T07:14:12.523Z,gpu-3uwoq-6g3ya-2,ib_hw_counter,rdma_vf_rail1,resp_cqe_error,0
2026-09-30T07:14:12.523Z,gpu-3uwoq-6g3ya-2,ib_hw_counter,rdma_vf_rail1,implied_nak_seq_err,0
2026-09-30T07:14:12.523Z,gpu-3uwoq-6g3ya-2,ib_hw_counter,rdma_vf_rail1,duplicate_request,0
2026-09-30T07:14:12.523Z,gpu-3uwoq-6g3ya-2,ib_counter,rdma_vf_rail2,port_xmit_data,3.02614e+12
2026-09-30T07:14:12.523Z,gpu-3uwoq-6g3ya-2,ib_counter,rdma_vf_rail2,port_rcv_data,5.98562e+12
2026-09-30T07:14:12.523Z,gpu-3uwoq-6g3ya-2,ib_counter,rdma_vf_rail2,port_xmit_packets,1.02027e+09
2026-09-30T07:14:12.523Z,gpu-3uwoq-6g3ya-2,ib_counter,rdma_vf_rail2,port_rcv_packets,1.64539e+09
2026-09-30T07:14:12.523Z,gpu-3uwoq-6g3ya-2,ib_counter,rdma_vf_rail2,port_xmit_wait,0
2026-09-30T07:14:12.523Z,gpu-3uwoq-6g3ya-2,ib_counter,rdma_vf_rail2,port_rcv_errors,0
2026-09-30T07:14:12.523Z,gpu-3uwoq-6g3ya-2,ib_counter,rdma_vf_rail2,port_xmit_discards,0
2026-09-30T07:14:12.523Z,gpu-3uwoq-6g3ya-2,ib_counter,rdma_vf_rail2,link_downed,0
2026-09-30T07:14:12.523Z,gpu-3uwoq-6g3ya-2,ib_hw_counter,rdma_vf_rail2,out_of_sequence,8
2026-09-30T07:14:12.523Z,gpu-3uwoq-6g3ya-2,ib_hw_counter,rdma_vf_rail2,packet_seq_err,0
2026-09-30T07:14:12.523Z,gpu-3uwoq-6g3ya-2,ib_hw_counter,rdma_vf_rail2,local_ack_timeout_err,0
2026-09-30T07:14:12.523Z,gpu-3uwoq-6g3ya-2,ib_hw_counter,rdma_vf_rail2,rx_write_requests,7.11202e+08
2026-09-30T07:14:12.523Z,gpu-3uwoq-6g3ya-2,ib_hw_counter,rdma_vf_rail2,rx_read_requests,1.241e+07
2026-09-30T07:14:12.523Z,gpu-3uwoq-6g3ya-2,ib_hw_counter,rdma_vf_rail2,req_cqe_error,0
2026-09-30T07:14:12.523Z,gpu-3uwoq-6g3ya-2,ib_hw_counter,rdma_vf_rail2,resp_cqe_error,0
2026-09-30T07:14:12.523Z,gpu-3uwoq-6g3ya-2,ib_hw_counter,rdma_vf_rail2,implied_nak_seq_err,0
2026-09-30T07:14:12.523Z,gpu-3uwoq-6g3ya-2,ib_hw_counter,rdma_vf_rail2,duplicate_request,0
2026-09-30T07:14:12.523Z,gpu-3uwoq-6g3ya-2,ib_counter,rdma_vf_rail3,port_xmit_data,3.026e+12
2026-09-30T07:14:12.523Z,gpu-3uwoq-6g3ya-2,ib_counter,rdma_vf_rail3,port_rcv_data,5.98622e+12
2026-09-30T07:14:12.523Z,gpu-3uwoq-6g3ya-2,ib_counter,rdma_vf_rail3,port_xmit_packets,1.01861e+09
2026-09-30T07:14:12.523Z,gpu-3uwoq-6g3ya-2,ib_counter,rdma_vf_rail3,port_rcv_packets,1.65278e+09
2026-09-30T07:14:12.523Z,gpu-3uwoq-6g3ya-2,ib_counter,rdma_vf_rail3,port_xmit_wait,0
2026-09-30T07:14:12.523Z,gpu-3uwoq-6g3ya-2,ib_counter,rdma_vf_rail3,port_rcv_errors,0
2026-09-30T07:14:12.523Z,gpu-3uwoq-6g3ya-2,ib_counter,rdma_vf_rail3,port_xmit_discards,0
2026-09-30T07:14:12.523Z,gpu-3uwoq-6g3ya-2,ib_counter,rdma_vf_rail3,link_downed,0
2026-09-30T07:14:12.523Z,gpu-3uwoq-6g3ya-2,ib_hw_counter,rdma_vf_rail3,out_of_sequence,7
2026-09-30T07:14:12.523Z,gpu-3uwoq-6g3ya-2,ib_hw_counter,rdma_vf_rail3,packet_seq_err,1
2026-09-30T07:14:12.523Z,gpu-3uwoq-6g3ya-2,ib_hw_counter,rdma_vf_rail3,local_ack_timeout_err,0
2026-09-30T07:14:12.523Z,gpu-3uwoq-6g3ya-2,ib_hw_counter,rdma_vf_rail3,rx_write_requests,7.11202e+08
2026-09-30T07:14:12.523Z,gpu-3uwoq-6g3ya-2,ib_hw_counter,rdma_vf_rail3,rx_read_requests,1.241e+07
2026-09-30T07:14:12.523Z,gpu-3uwoq-6g3ya-2,ib_hw_counter,rdma_vf_rail3,req_cqe_error,0
2026-09-30T07:14:12.523Z,gpu-3uwoq-6g3ya-2,ib_hw_counter,rdma_vf_rail3,resp_cqe_error,0
2026-09-30T07:14:12.523Z,gpu-3uwoq-6g3ya-2,ib_hw_counter,rdma_vf_rail3,implied_nak_seq_err,0
2026-09-30T07:14:12.523Z,gpu-3uwoq-6g3ya-2,ib_hw_counter,rdma_vf_rail3,duplicate_request,0
2026-09-30T07:14:12.523Z,gpu-3uwoq-6g3ya-2,dcgm,gpu2,gpu_util,0
2026-09-30T07:14:12.523Z,gpu-3uwoq-6g3ya-2,dcgm,gpu3,gpu_util,0
2026-09-30T07:14:12.523Z,gpu-3uwoq-6g3ya-2,dcgm,gpu1,gpu_util,0
2026-09-30T07:14:12.523Z,gpu-3uwoq-6g3ya-2,dcgm,gpu0,gpu_util,0
2026-09-30T07:14:12.523Z,gpu-3uwoq-6g3ya-2,dcgm,gpu2,nvlink_bandwidth_total,0
2026-09-30T07:14:12.523Z,gpu-3uwoq-6g3ya-2,dcgm,gpu3,nvlink_bandwidth_total,0
2026-09-30T07:14:12.523Z,gpu-3uwoq-6g3ya-2,dcgm,gpu1,nvlink_bandwidth_total,0
2026-09-30T07:14:12.523Z,gpu-3uwoq-6g3ya-2,dcgm,gpu0,nvlink_bandwidth_total,0
2026-09-30T07:14:12.523Z,gpu-3uwoq-6g3ya-2,dcgm,gpu2,power_w,230.943
2026-09-30T07:14:12.523Z,gpu-3uwoq-6g3ya-2,dcgm,gpu3,power_w,233.861
2026-09-30T07:14:12.523Z,gpu-3uwoq-6g3ya-2,dcgm,gpu1,power_w,230.031
2026-09-30T07:14:12.523Z,gpu-3uwoq-6g3ya-2,dcgm,gpu0,power_w,226.432
2026-09-30T07:14:12.523Z,gpu-3uwoq-6g3ya-2,dcgm,gpu2,sm_clock_mhz,2070
2026-09-30T07:14:12.523Z,gpu-3uwoq-6g3ya-2,dcgm,gpu3,sm_clock_mhz,2070
2026-09-30T07:14:12.523Z,gpu-3uwoq-6g3ya-2,dcgm,gpu1,sm_clock_mhz,2070
2026-09-30T07:14:12.523Z,gpu-3uwoq-6g3ya-2,dcgm,gpu0,sm_clock_mhz,2070
2026-09-30T07:14:12.523Z,gpu-3uwoq-6g3ya-2,dcgm,gpu2,dram_active,0
2026-09-30T07:14:12.523Z,gpu-3uwoq-6g3ya-2,dcgm,gpu3,dram_active,0
2026-09-30T07:14:12.523Z,gpu-3uwoq-6g3ya-2,dcgm,gpu1,dram_active,0
2026-09-30T07:14:12.523Z,gpu-3uwoq-6g3ya-2,dcgm,gpu0,dram_active,0
2026-09-30T07:14:12.523Z,gpu-3uwoq-6g3ya-2,dcgm,gpu2,pcie_rx_bytes,52573
2026-09-30T07:14:12.523Z,gpu-3uwoq-6g3ya-2,dcgm,gpu3,pcie_rx_bytes,53040
2026-09-30T07:14:12.523Z,gpu-3uwoq-6g3ya-2,dcgm,gpu1,pcie_rx_bytes,61148
2026-09-30T07:14:12.523Z,gpu-3uwoq-6g3ya-2,dcgm,gpu0,pcie_rx_bytes,61199
2026-09-30T07:14:12.523Z,gpu-3uwoq-6g3ya-2,dcgm,gpu2,pcie_tx_bytes,49327
2026-09-30T07:14:12.523Z,gpu-3uwoq-6g3ya-2,dcgm,gpu3,pcie_tx_bytes,49808
2026-09-30T07:14:12.523Z,gpu-3uwoq-6g3ya-2,dcgm,gpu1,pcie_tx_bytes,57899
2026-09-30T07:14:12.523Z,gpu-3uwoq-6g3ya-2,dcgm,gpu0,pcie_tx_bytes,57949
2026-09-30T07:14:12.523Z,gpu-3uwoq-6g3ya-2,dcgm,gpu2,tensor_active,0
2026-09-30T07:14:12.523Z,gpu-3uwoq-6g3ya-2,dcgm,gpu3,tensor_active,0
2026-09-30T07:14:12.523Z,gpu-3uwoq-6g3ya-2,dcgm,gpu1,tensor_active,0
2026-09-30T07:14:12.523Z,gpu-3uwoq-6g3ya-2,dcgm,gpu0,tensor_active,0
2026-09-30T07:14:12.523Z,gpu-3uwoq-6g3ya-2,dcgm,gpu2,sm_active,0
2026-09-30T07:14:12.523Z,gpu-3uwoq-6g3ya-2,dcgm,gpu3,sm_active,0
2026-09-30T07:14:12.523Z,gpu-3uwoq-6g3ya-2,dcgm,gpu1,sm_active,0
2026-09-30T07:14:12.523Z,gpu-3uwoq-6g3ya-2,dcgm,gpu0,sm_active,0
2026-09-30T07:14:12.523Z,gpu-3uwoq-6g3ya-2,nvlink,gpu0,nvlink_rx_bytes,4.84459e+13
2026-09-30T07:14:12.523Z,gpu-3uwoq-6g3ya-2,nvlink,gpu0,nvlink_tx_bytes,4.84493e+13
2026-09-30T07:14:12.523Z,gpu-3uwoq-6g3ya-2,nvlink,gpu1,nvlink_rx_bytes,4.8648e+13
2026-09-30T07:14:12.523Z,gpu-3uwoq-6g3ya-2,nvlink,gpu1,nvlink_tx_bytes,4.86502e+13
2026-09-30T07:14:12.523Z,gpu-3uwoq-6g3ya-2,nvlink,gpu2,nvlink_rx_bytes,4.84828e+13
2026-09-30T07:14:12.523Z,gpu-3uwoq-6g3ya-2,nvlink,gpu2,nvlink_tx_bytes,4.84863e+13
2026-09-30T07:14:12.523Z,gpu-3uwoq-6g3ya-2,nvlink,gpu3,nvlink_rx_bytes,4.83797e+13
2026-09-30T07:14:12.523Z,gpu-3uwoq-6g3ya-2,nvlink,gpu3,nvlink_tx_bytes,4.83829e+13
2026-09-30T07:14:13.523Z,gpu-3uwoq-6g3ya-2,ib_counter,rdma_vf_rail0,port_xmit_data,3.1619e+12
2026-09-30T07:14:13.523Z,gpu-3uwoq-6g3ya-2,ib_counter,rdma_vf_rail0,port_rcv_data,6.12198e+12
2026-09-30T07:14:13.523Z,gpu-3uwoq-6g3ya-2,ib_counter,rdma_vf_rail0,port_xmit_packets,1.07066e+09
2026-09-30T07:14:13.523Z,gpu-3uwoq-6g3ya-2,ib_counter,rdma_vf_rail0,port_rcv_packets,1.70183e+09
2026-09-30T07:14:13.523Z,gpu-3uwoq-6g3ya-2,ib_counter,rdma_vf_rail0,port_xmit_wait,0
2026-09-30T07:14:13.523Z,gpu-3uwoq-6g3ya-2,ib_counter,rdma_vf_rail0,port_rcv_errors,0
2026-09-30T07:14:13.523Z,gpu-3uwoq-6g3ya-2,ib_counter,rdma_vf_rail0,port_xmit_discards,0
2026-09-30T07:14:13.523Z,gpu-3uwoq-6g3ya-2,ib_counter,rdma_vf_rail0,link_downed,0
2026-09-30T07:14:13.523Z,gpu-3uwoq-6g3ya-2,ib_hw_counter,rdma_vf_rail0,out_of_sequence,8
2026-09-30T07:14:13.523Z,gpu-3uwoq-6g3ya-2,ib_hw_counter,rdma_vf_rail0,packet_seq_err,0
2026-09-30T07:14:13.523Z,gpu-3uwoq-6g3ya-2,ib_hw_counter,rdma_vf_rail0,local_ack_timeout_err,0
2026-09-30T07:14:13.523Z,gpu-3uwoq-6g3ya-2,ib_hw_counter,rdma_vf_rail0,rx_write_requests,7.13227e+08
2026-09-30T07:14:13.523Z,gpu-3uwoq-6g3ya-2,ib_hw_counter,rdma_vf_rail0,rx_read_requests,1.34187e+07
2026-09-30T07:14:13.523Z,gpu-3uwoq-6g3ya-2,ib_hw_counter,rdma_vf_rail0,req_cqe_error,0
2026-09-30T07:14:13.523Z,gpu-3uwoq-6g3ya-2,ib_hw_counter,rdma_vf_rail0,resp_cqe_error,0
2026-09-30T07:14:13.523Z,gpu-3uwoq-6g3ya-2,ib_hw_counter,rdma_vf_rail0,implied_nak_seq_err,0
2026-09-30T07:14:13.523Z,gpu-3uwoq-6g3ya-2,ib_hw_counter,rdma_vf_rail0,duplicate_request,0
2026-09-30T07:14:13.523Z,gpu-3uwoq-6g3ya-2,ib_counter,rdma_vf_rail1,port_xmit_data,3.05371e+12
2026-09-30T07:14:13.523Z,gpu-3uwoq-6g3ya-2,ib_counter,rdma_vf_rail1,port_rcv_data,6.01387e+12
2026-09-30T07:14:13.523Z,gpu-3uwoq-6g3ya-2,ib_counter,rdma_vf_rail1,port_xmit_packets,1.03795e+09
2026-09-30T07:14:13.523Z,gpu-3uwoq-6g3ya-2,ib_counter,rdma_vf_rail1,port_rcv_packets,1.66932e+09
2026-09-30T07:14:13.523Z,gpu-3uwoq-6g3ya-2,ib_counter,rdma_vf_rail1,port_xmit_wait,0
2026-09-30T07:14:13.523Z,gpu-3uwoq-6g3ya-2,ib_counter,rdma_vf_rail1,port_rcv_errors,0
2026-09-30T07:14:13.523Z,gpu-3uwoq-6g3ya-2,ib_counter,rdma_vf_rail1,port_xmit_discards,0
2026-09-30T07:14:13.523Z,gpu-3uwoq-6g3ya-2,ib_counter,rdma_vf_rail1,link_downed,0
2026-09-30T07:14:13.523Z,gpu-3uwoq-6g3ya-2,ib_hw_counter,rdma_vf_rail1,out_of_sequence,8
2026-09-30T07:14:13.523Z,gpu-3uwoq-6g3ya-2,ib_hw_counter,rdma_vf_rail1,packet_seq_err,0
2026-09-30T07:14:13.523Z,gpu-3uwoq-6g3ya-2,ib_hw_counter,rdma_vf_rail1,local_ack_timeout_err,0
2026-09-30T07:14:13.523Z,gpu-3uwoq-6g3ya-2,ib_hw_counter,rdma_vf_rail1,rx_write_requests,7.11635e+08
2026-09-30T07:14:13.523Z,gpu-3uwoq-6g3ya-2,ib_hw_counter,rdma_vf_rail1,rx_read_requests,1.26179e+07
2026-09-30T07:14:13.523Z,gpu-3uwoq-6g3ya-2,ib_hw_counter,rdma_vf_rail1,req_cqe_error,0
2026-09-30T07:14:13.523Z,gpu-3uwoq-6g3ya-2,ib_hw_counter,rdma_vf_rail1,resp_cqe_error,0
2026-09-30T07:14:13.523Z,gpu-3uwoq-6g3ya-2,ib_hw_counter,rdma_vf_rail1,implied_nak_seq_err,0
2026-09-30T07:14:13.523Z,gpu-3uwoq-6g3ya-2,ib_hw_counter,rdma_vf_rail1,duplicate_request,0
2026-09-30T07:14:13.523Z,gpu-3uwoq-6g3ya-2,ib_counter,rdma_vf_rail2,port_xmit_data,3.02614e+12
2026-09-30T07:14:13.523Z,gpu-3uwoq-6g3ya-2,ib_counter,rdma_vf_rail2,port_rcv_data,5.98562e+12
2026-09-30T07:14:13.523Z,gpu-3uwoq-6g3ya-2,ib_counter,rdma_vf_rail2,port_xmit_packets,1.02027e+09
2026-09-30T07:14:13.523Z,gpu-3uwoq-6g3ya-2,ib_counter,rdma_vf_rail2,port_rcv_packets,1.64539e+09
2026-09-30T07:14:13.523Z,gpu-3uwoq-6g3ya-2,ib_counter,rdma_vf_rail2,port_xmit_wait,0
2026-09-30T07:14:13.523Z,gpu-3uwoq-6g3ya-2,ib_counter,rdma_vf_rail2,port_rcv_errors,0
2026-09-30T07:14:13.523Z,gpu-3uwoq-6g3ya-2,ib_counter,rdma_vf_rail2,port_xmit_discards,0
2026-09-30T07:14:13.523Z,gpu-3uwoq-6g3ya-2,ib_counter,rdma_vf_rail2,link_downed,0
2026-09-30T07:14:13.523Z,gpu-3uwoq-6g3ya-2,ib_hw_counter,rdma_vf_rail2,out_of_sequence,8
2026-09-30T07:14:13.523Z,gpu-3uwoq-6g3ya-2,ib_hw_counter,rdma_vf_rail2,packet_seq_err,0
2026-09-30T07:14:13.523Z,gpu-3uwoq-6g3ya-2,ib_hw_counter,rdma_vf_rail2,local_ack_timeout_err,0
2026-09-30T07:14:13.523Z,gpu-3uwoq-6g3ya-2,ib_hw_counter,rdma_vf_rail2,rx_write_requests,7.11202e+08
2026-09-30T07:14:13.523Z,gpu-3uwoq-6g3ya-2,ib_hw_counter,rdma_vf_rail2,rx_read_requests,1.241e+07
2026-09-30T07:14:13.523Z,gpu-3uwoq-6g3ya-2,ib_hw_counter,rdma_vf_rail2,req_cqe_error,0
2026-09-30T07:14:13.523Z,gpu-3uwoq-6g3ya-2,ib_hw_counter,rdma_vf_rail2,resp_cqe_error,0
2026-09-30T07:14:13.523Z,gpu-3uwoq-6g3ya-2,ib_hw_counter,rdma_vf_rail2,implied_nak_seq_err,0
2026-09-30T07:14:13.523Z,gpu-3uwoq-6g3ya-2,ib_hw_counter,rdma_vf_rail2,duplicate_request,0
2026-09-30T07:14:13.523Z,gpu-3uwoq-6g3ya-2,ib_counter,rdma_vf_rail3,port_xmit_data,3.026e+12
2026-09-30T07:14:13.523Z,gpu-3uwoq-6g3ya-2,ib_counter,rdma_vf_rail3,port_rcv_data,5.98622e+12
2026-09-30T07:14:13.523Z,gpu-3uwoq-6g3ya-2,ib_counter,rdma_vf_rail3,port_xmit_packets,1.01861e+09
2026-09-30T07:14:13.523Z,gpu-3uwoq-6g3ya-2,ib_counter,rdma_vf_rail3,port_rcv_packets,1.65278e+09
2026-09-30T07:14:13.523Z,gpu-3uwoq-6g3ya-2,ib_counter,rdma_vf_rail3,port_xmit_wait,0
2026-09-30T07:14:13.523Z,gpu-3uwoq-6g3ya-2,ib_counter,rdma_vf_rail3,port_rcv_errors,0
2026-09-30T07:14:13.523Z,gpu-3uwoq-6g3ya-2,ib_counter,rdma_vf_rail3,port_xmit_discards,0
2026-09-30T07:14:13.523Z,gpu-3uwoq-6g3ya-2,ib_counter,rdma_vf_rail3,link_downed,0
2026-09-30T07:14:13.523Z,gpu-3uwoq-6g3ya-2,ib_hw_counter,rdma_vf_rail3,out_of_sequence,7
2026-09-30T07:14:13.523Z,gpu-3uwoq-6g3ya-2,ib_hw_counter,rdma_vf_rail3,packet_seq_err,1
2026-09-30T07:14:13.523Z,gpu-3uwoq-6g3ya-2,ib_hw_counter,rdma_vf_rail3,local_ack_timeout_err,0
2026-09-30T07:14:13.523Z,gpu-3uwoq-6g3ya-2,ib_hw_counter,rdma_vf_rail3,rx_write_requests,7.11202e+08
2026-09-30T07:14:13.523Z,gpu-3uwoq-6g3ya-2,ib_hw_counter,rdma_vf_rail3,rx_read_requests,1.241e+07
2026-09-30T07:14:13.523Z,gpu-3uwoq-6g3ya-2,ib_hw_counter,rdma_vf_rail3,req_cqe_error,0
2026-09-30T07:14:13.523Z,gpu-3uwoq-6g3ya-2,ib_hw_counter,rdma_vf_rail3,resp_cqe_error,0
2026-09-30T07:14:13.523Z,gpu-3uwoq-6g3ya-2,ib_hw_counter,rdma_vf_rail3,implied_nak_seq_err,0
2026-09-30T07:14:13.523Z,gpu-3uwoq-6g3ya-2,ib_hw_counter,rdma_vf_rail3,duplicate_request,0
2026-09-30T07:14:13.523Z,gpu-3uwoq-6g3ya-2,dcgm,gpu2,gpu_util,0
2026-09-30T07:14:13.523Z,gpu-3uwoq-6g3ya-2,dcgm,gpu3,gpu_util,0
2026-09-30T07:14:13.523Z,gpu-3uwoq-6g3ya-2,dcgm,gpu1,gpu_util,0
2026-09-30T07:14:13.523Z,gpu-3uwoq-6g3ya-2,dcgm,gpu0,gpu_util,0
2026-09-30T07:14:13.523Z,gpu-3uwoq-6g3ya-2,dcgm,gpu2,nvlink_bandwidth_total,0
2026-09-30T07:14:13.523Z,gpu-3uwoq-6g3ya-2,dcgm,gpu3,nvlink_bandwidth_total,0
2026-09-30T07:14:13.523Z,gpu-3uwoq-6g3ya-2,dcgm,gpu1,nvlink_bandwidth_total,0
2026-09-30T07:14:13.523Z,gpu-3uwoq-6g3ya-2,dcgm,gpu0,nvlink_bandwidth_total,0
2026-09-30T07:14:13.523Z,gpu-3uwoq-6g3ya-2,dcgm,gpu2,power_w,230.943
2026-09-30T07:14:13.523Z,gpu-3uwoq-6g3ya-2,dcgm,gpu3,power_w,233.861
2026-09-30T07:14:13.523Z,gpu-3uwoq-6g3ya-2,dcgm,gpu1,power_w,230.031
2026-09-30T07:14:13.523Z,gpu-3uwoq-6g3ya-2,dcgm,gpu0,power_w,226.432
2026-09-30T07:14:13.523Z,gpu-3uwoq-6g3ya-2,dcgm,gpu2,sm_clock_mhz,2070
2026-09-30T07:14:13.523Z,gpu-3uwoq-6g3ya-2,dcgm,gpu3,sm_clock_mhz,2070
2026-09-30T07:14:13.523Z,gpu-3uwoq-6g3ya-2,dcgm,gpu1,sm_clock_mhz,2070
2026-09-30T07:14:13.523Z,gpu-3uwoq-6g3ya-2,dcgm,gpu0,sm_clock_mhz,2070
2026-09-30T07:14:13.523Z,gpu-3uwoq-6g3ya-2,dcgm,gpu2,dram_active,0
2026-09-30T07:14:13.523Z,gpu-3uwoq-6g3ya-2,dcgm,gpu3,dram_active,0
2026-09-30T07:14:13.523Z,gpu-3uwoq-6g3ya-2,dcgm,gpu1,dram_active,0
2026-09-30T07:14:13.523Z,gpu-3uwoq-6g3ya-2,dcgm,gpu0,dram_active,0
2026-09-30T07:14:13.523Z,gpu-3uwoq-6g3ya-2,dcgm,gpu2,pcie_rx_bytes,52573
2026-09-30T07:14:13.523Z,gpu-3uwoq-6g3ya-2,dcgm,gpu3,pcie_rx_bytes,53040
2026-09-30T07:14:13.523Z,gpu-3uwoq-6g3ya-2,dcgm,gpu1,pcie_rx_bytes,61148
2026-09-30T07:14:13.523Z,gpu-3uwoq-6g3ya-2,dcgm,gpu0,pcie_rx_bytes,61199
2026-09-30T07:14:13.523Z,gpu-3uwoq-6g3ya-2,dcgm,gpu2,pcie_tx_bytes,49327
2026-09-30T07:14:13.523Z,gpu-3uwoq-6g3ya-2,dcgm,gpu3,pcie_tx_bytes,49808
2026-09-30T07:14:13.523Z,gpu-3uwoq-6g3ya-2,dcgm,gpu1,pcie_tx_bytes,57899
2026-09-30T07:14:13.523Z,gpu-3uwoq-6g3ya-2,dcgm,gpu0,pcie_tx_bytes,57949
2026-09-30T07:14:13.523Z,gpu-3uwoq-6g3ya-2,dcgm,gpu2,tensor_active,0
2026-09-30T07:14:13.523Z,gpu-3uwoq-6g3ya-2,dcgm,gpu3,tensor_active,0
2026-09-30T07:14:13.523Z,gpu-3uwoq-6g3ya-2,dcgm,gpu1,tensor_active,0
2026-09-30T07:14:13.523Z,gpu-3uwoq-6g3ya-2,dcgm,gpu0,tensor_active,0
2026-09-30T07:14:13.523Z,gpu-3uwoq-6g3ya-2,dcgm,gpu2,sm_active,0
2026-09-30T07:14:13.523Z,gpu-3uwoq-6g3ya-2,dcgm,gpu3,sm_active,0
2026-09-30T07:14:13.523Z,gpu-3uwoq-6g3ya-2,dcgm,gpu1,sm_active,0
2026-09-30T07:14:13.523Z,gpu-3uwoq-6g3ya-2,dcgm,gpu0,sm_active,0
2026-09-30T07:14:13.523Z,gpu-3uwoq-6g3ya-2,nvlink,gpu0,nvlink_rx_bytes,4.84459e+13
2026-09-30T07:14:13.523Z,gpu-3uwoq-6g3ya-2,nvlink,gpu0,nvlink_tx_bytes,4.84493e+13
2026-09-30T07:14:13.523Z,gpu-3uwoq-6g3ya-2,nvlink,gpu1,nvlink_rx_bytes,4.8648e+13
2026-09-30T07:14:13.523Z,gpu-3uwoq-6g3ya-2,nvlink,gpu1,nvlink_tx_bytes,4.86502e+13
2026-09-30T07:14:13.523Z,gpu-3uwoq-6g3ya-2,nvlink,gpu2,nvlink_rx_bytes,4.84828e+13
2026-09-30T07:14:13.523Z,gpu-3uwoq-6g3ya-2,nvlink,gpu2,nvlink_tx_bytes,4.84863e+13
2026-09-30T07:14:13.523Z,gpu-3uwoq-6g3ya-2,nvlink,gpu3,nvlink_rx_bytes,4.83797e+13
2026-09-30T07:14:13.523Z,gpu-3uwoq-6g3ya-2,nvlink,gpu3,nvlink_tx_bytes,4.83829e+13
2026-09-30T07:14:14.523Z,gpu-3uwoq-6g3ya-2,ib_counter,rdma_vf_rail0,port_xmit_data,3.1619e+12
2026-09-30T07:14:14.523Z,gpu-3uwoq-6g3ya-2,ib_counter,rdma_vf_rail0,port_rcv_data,6.12198e+12
2026-09-30T07:14:14.523Z,gpu-3uwoq-6g3ya-2,ib_counter,rdma_vf_rail0,port_xmit_packets,1.07066e+09
2026-09-30T07:14:14.523Z,gpu-3uwoq-6g3ya-2,ib_counter,rdma_vf_rail0,port_rcv_packets,1.70183e+09
2026-09-30T07:14:14.523Z,gpu-3uwoq-6g3ya-2,ib_counter,rdma_vf_rail0,port_xmit_wait,0
2026-09-30T07:14:14.523Z,gpu-3uwoq-6g3ya-2,ib_counter,rdma_vf_rail0,port_rcv_errors,0
2026-09-30T07:14:14.523Z,gpu-3uwoq-6g3ya-2,ib_counter,rdma_vf_rail0,port_xmit_discards,0
2026-09-30T07:14:14.523Z,gpu-3uwoq-6g3ya-2,ib_counter,rdma_vf_rail0,link_downed,0
2026-09-30T07:14:14.523Z,gpu-3uwoq-6g3ya-2,ib_hw_counter,rdma_vf_rail0,out_of_sequence,8
2026-09-30T07:14:14.523Z,gpu-3uwoq-6g3ya-2,ib_hw_counter,rdma_vf_rail0,packet_seq_err,0
2026-09-30T07:14:14.523Z,gpu-3uwoq-6g3ya-2,ib_hw_counter,rdma_vf_rail0,local_ack_timeout_err,0
2026-09-30T07:14:14.523Z,gpu-3uwoq-6g3ya-2,ib_hw_counter,rdma_vf_rail0,rx_write_requests,7.13227e+08
2026-09-30T07:14:14.523Z,gpu-3uwoq-6g3ya-2,ib_hw_counter,rdma_vf_rail0,rx_read_requests,1.34187e+07
2026-09-30T07:14:14.523Z,gpu-3uwoq-6g3ya-2,ib_hw_counter,rdma_vf_rail0,req_cqe_error,0
2026-09-30T07:14:14.523Z,gpu-3uwoq-6g3ya-2,ib_hw_counter,rdma_vf_rail0,resp_cqe_error,0
2026-09-30T07:14:14.523Z,gpu-3uwoq-6g3ya-2,ib_hw_counter,rdma_vf_rail0,implied_nak_seq_err,0
2026-09-30T07:14:14.523Z,gpu-3uwoq-6g3ya-2,ib_hw_counter,rdma_vf_rail0,duplicate_request,0
2026-09-30T07:14:14.523Z,gpu-3uwoq-6g3ya-2,ib_counter,rdma_vf_rail1,port_xmit_data,3.05371e+12
2026-09-30T07:14:14.523Z,gpu-3uwoq-6g3ya-2,ib_counter,rdma_vf_rail1,port_rcv_data,6.01387e+12
2026-09-30T07:14:14.523Z,gpu-3uwoq-6g3ya-2,ib_counter,rdma_vf_rail1,port_xmit_packets,1.03795e+09
2026-09-30T07:14:14.523Z,gpu-3uwoq-6g3ya-2,ib_counter,rdma_vf_rail1,port_rcv_packets,1.66932e+09
2026-09-30T07:14:14.523Z,gpu-3uwoq-6g3ya-2,ib_counter,rdma_vf_rail1,port_xmit_wait,0
2026-09-30T07:14:14.523Z,gpu-3uwoq-6g3ya-2,ib_counter,rdma_vf_rail1,port_rcv_errors,0
2026-09-30T07:14:14.523Z,gpu-3uwoq-6g3ya-2,ib_counter,rdma_vf_rail1,port_xmit_discards,0
2026-09-30T07:14:14.523Z,gpu-3uwoq-6g3ya-2,ib_counter,rdma_vf_rail1,link_downed,0
2026-09-30T07:14:14.523Z,gpu-3uwoq-6g3ya-2,ib_hw_counter,rdma_vf_rail1,out_of_sequence,8
2026-09-30T07:14:14.523Z,gpu-3uwoq-6g3ya-2,ib_hw_counter,rdma_vf_rail1,packet_seq_err,0
2026-09-30T07:14:14.523Z,gpu-3uwoq-6g3ya-2,ib_hw_counter,rdma_vf_rail1,local_ack_timeout_err,0
2026-09-30T07:14:14.523Z,gpu-3uwoq-6g3ya-2,ib_hw_counter,rdma_vf_rail1,rx_write_requests,7.11635e+08
2026-09-30T07:14:14.523Z,gpu-3uwoq-6g3ya-2,ib_hw_counter,rdma_vf_rail1,rx_read_requests,1.26179e+07
2026-09-30T07:14:14.523Z,gpu-3uwoq-6g3ya-2,ib_hw_counter,rdma_vf_rail1,req_cqe_error,0
2026-09-30T07:14:14.523Z,gpu-3uwoq-6g3ya-2,ib_hw_counter,rdma_vf_rail1,resp_cqe_error,0
2026-09-30T07:14:14.523Z,gpu-3uwoq-6g3ya-2,ib_hw_counter,rdma_vf_rail1,implied_nak_seq_err,0
2026-09-30T07:14:14.523Z,gpu-3uwoq-6g3ya-2,ib_hw_counter,rdma_vf_rail1,duplicate_request,0
2026-09-30T07:14:14.523Z,gpu-3uwoq-6g3ya-2,ib_counter,rdma_vf_rail2,port_xmit_data,3.02614e+12
2026-09-30T07:14:14.523Z,gpu-3uwoq-6g3ya-2,ib_counter,rdma_vf_rail2,port_rcv_data,5.98562e+12
2026-09-30T07:14:14.523Z,gpu-3uwoq-6g3ya-2,ib_counter,rdma_vf_rail2,port_xmit_packets,1.02027e+09
2026-09-30T07:14:14.523Z,gpu-3uwoq-6g3ya-2,ib_counter,rdma_vf_rail2,port_rcv_packets,1.64539e+09
2026-09-30T07:14:14.523Z,gpu-3uwoq-6g3ya-2,ib_counter,rdma_vf_rail2,port_xmit_wait,0
2026-09-30T07:14:14.523Z,gpu-3uwoq-6g3ya-2,ib_counter,rdma_vf_rail2,port_rcv_errors,0
2026-09-30T07:14:14.523Z,gpu-3uwoq-6g3ya-2,ib_counter,rdma_vf_rail2,port_xmit_discards,0
2026-09-30T07:14:14.523Z,gpu-3uwoq-6g3ya-2,ib_counter,rdma_vf_rail2,link_downed,0
2026-09-30T07:14:14.523Z,gpu-3uwoq-6g3ya-2,ib_hw_counter,rdma_vf_rail2,out_of_sequence,8
2026-09-30T07:14:14.523Z,gpu-3uwoq-6g3ya-2,ib_hw_counter,rdma_vf_rail2,packet_seq_err,0
2026-09-30T07:14:14.523Z,gpu-3uwoq-6g3ya-2,ib_hw_counter,rdma_vf_rail2,local_ack_timeout_err,0
2026-09-30T07:14:14.523Z,gpu-3uwoq-6g3ya-2,ib_hw_counter,rdma_vf_rail2,rx_write_requests,7.11202e+08
2026-09-30T07:14:14.523Z,gpu-3uwoq-6g3ya-2,ib_hw_counter,rdma_vf_rail2,rx_read_requests,1.241e+07
2026-09-30T07:14:14.523Z,gpu-3uwoq-6g3ya-2,ib_hw_counter,rdma_vf_rail2,req_cqe_error,0
2026-09-30T07:14:14.523Z,gpu-3uwoq-6g3ya-2,ib_hw_counter,rdma_vf_rail2,resp_cqe_error,0
2026-09-30T07:14:14.523Z,gpu-3uwoq-6g3ya-2,ib_hw_counter,rdma_vf_rail2,implied_nak_seq_err,0
2026-09-30T07:14:14.523Z,gpu-3uwoq-6g3ya-2,ib_hw_counter,rdma_vf_rail2,duplicate_request,0
2026-09-30T07:14:14.523Z,gpu-3uwoq-6g3ya-2,ib_counter,rdma_vf_rail3,port_xmit_data,3.026e+12
2026-09-30T07:14:14.523Z,gpu-3uwoq-6g3ya-2,ib_counter,rdma_vf_rail3,port_rcv_data,5.98622e+12
2026-09-30T07:14:14.523Z,gpu-3uwoq-6g3ya-2,ib_counter,rdma_vf_rail3,port_xmit_packets,1.01861e+09
2026-09-30T07:14:14.523Z,gpu-3uwoq-6g3ya-2,ib_counter,rdma_vf_rail3,port_rcv_packets,1.65278e+09
2026-09-30T07:14:14.523Z,gpu-3uwoq-6g3ya-2,ib_counter,rdma_vf_rail3,port_xmit_wait,0
2026-09-30T07:14:14.523Z,gpu-3uwoq-6g3ya-2,ib_counter,rdma_vf_rail3,port_rcv_errors,0
2026-09-30T07:14:14.523Z,gpu-3uwoq-6g3ya-2,ib_counter,rdma_vf_rail3,port_xmit_discards,0
2026-09-30T07:14:14.523Z,gpu-3uwoq-6g3ya-2,ib_counter,rdma_vf_rail3,link_downed,0
2026-09-30T07:14:14.523Z,gpu-3uwoq-6g3ya-2,ib_hw_counter,rdma_vf_rail3,out_of_sequence,7
2026-09-30T07:14:14.523Z,gpu-3uwoq-6g3ya-2,ib_hw_counter,rdma_vf_rail3,packet_seq_err,1
2026-09-30T07:14:14.523Z,gpu-3uwoq-6g3ya-2,ib_hw_counter,rdma_vf_rail3,local_ack_timeout_err,0
2026-09-30T07:14:14.523Z,gpu-3uwoq-6g3ya-2,ib_hw_counter,rdma_vf_rail3,rx_write_requests,7.11202e+08
2026-09-30T07:14:14.523Z,gpu-3uwoq-6g3ya-2,ib_hw_counter,rdma_vf_rail3,rx_read_requests,1.241e+07
2026-09-30T07:14:14.523Z,gpu-3uwoq-6g3ya-2,ib_hw_counter,rdma_vf_rail3,req_cqe_error,0
2026-09-30T07:14:14.523Z,gpu-3uwoq-6g3ya-2,ib_hw_counter,rdma_vf_rail3,resp_cqe_error,0
2026-09-30T07:14:14.523Z,gpu-3uwoq-6g3ya-2,ib_hw_counter,rdma_vf_rail3,implied_nak_seq_err,0
2026-09-30T07:14:14.523Z,gpu-3uwoq-6g3ya-2,ib_hw_counter,rdma_vf_rail3,duplicate_request,0
2026-09-30T07:14:14.523Z,gpu-3uwoq-6g3ya-2,dcgm,gpu2,gpu_util,0
2026-09-30T07:14:14.523Z,gpu-3uwoq-6g3ya-2,dcgm,gpu3,gpu_util,0
2026-09-30T07:14:14.523Z,gpu-3uwoq-6g3ya-2,dcgm,gpu1,gpu_util,0
2026-09-30T07:14:14.523Z,gpu-3uwoq-6g3ya-2,dcgm,gpu0,gpu_util,0
2026-09-30T07:14:14.523Z,gpu-3uwoq-6g3ya-2,dcgm,gpu2,nvlink_bandwidth_total,0
2026-09-30T07:14:14.523Z,gpu-3uwoq-6g3ya-2,dcgm,gpu3,nvlink_bandwidth_total,0
2026-09-30T07:14:14.523Z,gpu-3uwoq-6g3ya-2,dcgm,gpu1,nvlink_bandwidth_total,0
2026-09-30T07:14:14.523Z,gpu-3uwoq-6g3ya-2,dcgm,gpu0,nvlink_bandwidth_total,0
2026-09-30T07:14:14.523Z,gpu-3uwoq-6g3ya-2,dcgm,gpu2,power_w,230.943
2026-09-30T07:14:14.523Z,gpu-3uwoq-6g3ya-2,dcgm,gpu3,power_w,233.861
2026-09-30T07:14:14.523Z,gpu-3uwoq-6g3ya-2,dcgm,gpu1,power_w,230.031
2026-09-30T07:14:14.523Z,gpu-3uwoq-6g3ya-2,dcgm,gpu0,power_w,226.432
2026-09-30T07:14:14.523Z,gpu-3uwoq-6g3ya-2,dcgm,gpu2,sm_clock_mhz,2070
2026-09-30T07:14:14.523Z,gpu-3uwoq-6g3ya-2,dcgm,gpu3,sm_clock_mhz,2070
2026-09-30T07:14:14.523Z,gpu-3uwoq-6g3ya-2,dcgm,gpu1,sm_clock_mhz,2070
2026-09-30T07:14:14.523Z,gpu-3uwoq-6g3ya-2,dcgm,gpu0,sm_clock_mhz,2070
2026-09-30T07:14:14.523Z,gpu-3uwoq-6g3ya-2,dcgm,gpu2,dram_active,0
2026-09-30T07:14:14.523Z,gpu-3uwoq-6g3ya-2,dcgm,gpu3,dram_active,0
2026-09-30T07:14:14.523Z,gpu-3uwoq-6g3ya-2,dcgm,gpu1,dram_active,0
2026-09-30T07:14:14.523Z,gpu-3uwoq-6g3ya-2,dcgm,gpu0,dram_active,0
2026-09-30T07:14:14.523Z,gpu-3uwoq-6g3ya-2,dcgm,gpu2,pcie_rx_bytes,52573
2026-09-30T07:14:14.523Z,gpu-3uwoq-6g3ya-2,dcgm,gpu3,pcie_rx_bytes,53040
2026-09-30T07:14:14.523Z,gpu-3uwoq-6g3ya-2,dcgm,gpu1,pcie_rx_bytes,61148
2026-09-30T07:14:14.523Z,gpu-3uwoq-6g3ya-2,dcgm,gpu0,pcie_rx_bytes,61199
2026-09-30T07:14:14.523Z,gpu-3uwoq-6g3ya-2,dcgm,gpu2,pcie_tx_bytes,49327
2026-09-30T07:14:14.523Z,gpu-3uwoq-6g3ya-2,dcgm,gpu3,pcie_tx_bytes,49808
2026-09-30T07:14:14.523Z,gpu-3uwoq-6g3ya-2,dcgm,gpu1,pcie_tx_bytes,57899
2026-09-30T07:14:14.523Z,gpu-3uwoq-6g3ya-2,dcgm,gpu0,pcie_tx_bytes,57949
2026-09-30T07:14:14.523Z,gpu-3uwoq-6g3ya-2,dcgm,gpu2,tensor_active,0
2026-09-30T07:14:14.523Z,gpu-3uwoq-6g3ya-2,dcgm,gpu3,tensor_active,0
2026-09-30T07:14:14.523Z,gpu-3uwoq-6g3ya-2,dcgm,gpu1,tensor_active,0
2026-09-30T07:14:14.523Z,gpu-3uwoq-6g3ya-2,dcgm,gpu0,tensor_active,0
2026-09-30T07:14:14.523Z,gpu-3uwoq-6g3ya-2,dcgm,gpu2,sm_active,0
2026-09-30T07:14:14.523Z,gpu-3uwoq-6g3ya-2,dcgm,gpu3,sm_active,0
2026-09-30T07:14:14.523Z,gpu-3uwoq-6g3ya-2,dcgm,gpu1,sm_active,0
2026-09-30T07:14:14.523Z,gpu-3uwoq-6g3ya-2,dcgm,gpu0,sm_active,0
2026-09-30T07:14:14.523Z,gpu-3uwoq-6g3ya-2,nvlink,gpu0,nvlink_rx_bytes,4.84459e+13
2026-09-30T07:14:14.523Z,gpu-3uwoq-6g3ya-2,nvlink,gpu0,nvlink_tx_bytes,4.84493e+13
2026-09-30T07:14:14.523Z,gpu-3uwoq-6g3ya-2,nvlink,gpu1,nvlink_rx_bytes,4.8648e+13
2026-09-30T07:14:14.523Z,gpu-3uwoq-6g3ya-2,nvlink,gpu1,nvlink_tx_bytes,4.86502e+13
2026-09-30T07:14:14.523Z,gpu-3uwoq-6g3ya-2,nvlink,gpu2,nvlink_rx_bytes,4.84828e+13
2026-09-30T07:14:14.523Z,gpu-3uwoq-6g3ya-2,nvlink,gpu2,nvlink_tx_bytes,4.84863e+13
2026-09-30T07:14:14.523Z,gpu-3uwoq-6g3ya-2,nvlink,gpu3,nvlink_rx_bytes,4.83797e+13
2026-09-30T07:14:14.523Z,gpu-3uwoq-6g3ya-2,nvlink,gpu3,nvlink_tx_bytes,4.83829e+13
2026-09-30T07:14:15.523Z,gpu-3uwoq-6g3ya-2,ib_counter,rdma_vf_rail0,port_xmit_data,3.1619e+12
2026-09-30T07:14:15.523Z,gpu-3uwoq-6g3ya-2,ib_counter,rdma_vf_rail0,port_rcv_data,6.12198e+12
2026-09-30T07:14:15.523Z,gpu-3uwoq-6g3ya-2,ib_counter,rdma_vf_rail0,port_xmit_packets,1.07066e+09
2026-09-30T07:14:15.523Z,gpu-3uwoq-6g3ya-2,ib_counter,rdma_vf_rail0,port_rcv_packets,1.70183e+09
2026-09-30T07:14:15.523Z,gpu-3uwoq-6g3ya-2,ib_counter,rdma_vf_rail0,port_xmit_wait,0
2026-09-30T07:14:15.523Z,gpu-3uwoq-6g3ya-2,ib_counter,rdma_vf_rail0,port_rcv_errors,0
2026-09-30T07:14:15.523Z,gpu-3uwoq-6g3ya-2,ib_counter,rdma_vf_rail0,port_xmit_discards,0
2026-09-30T07:14:15.523Z,gpu-3uwoq-6g3ya-2,ib_counter,rdma_vf_rail0,link_downed,0
2026-09-30T07:14:15.523Z,gpu-3uwoq-6g3ya-2,ib_hw_counter,rdma_vf_rail0,out_of_sequence,8
2026-09-30T07:14:15.523Z,gpu-3uwoq-6g3ya-2,ib_hw_counter,rdma_vf_rail0,packet_seq_err,0
2026-09-30T07:14:15.523Z,gpu-3uwoq-6g3ya-2,ib_hw_counter,rdma_vf_rail0,local_ack_timeout_err,0
2026-09-30T07:14:15.523Z,gpu-3uwoq-6g3ya-2,ib_hw_counter,rdma_vf_rail0,rx_write_requests,7.13227e+08
2026-09-30T07:14:15.523Z,gpu-3uwoq-6g3ya-2,ib_hw_counter,rdma_vf_rail0,rx_read_requests,1.34187e+07
2026-09-30T07:14:15.523Z,gpu-3uwoq-6g3ya-2,ib_hw_counter,rdma_vf_rail0,req_cqe_error,0
2026-09-30T07:14:15.523Z,gpu-3uwoq-6g3ya-2,ib_hw_counter,rdma_vf_rail0,resp_cqe_error,0
2026-09-30T07:14:15.523Z,gpu-3uwoq-6g3ya-2,ib_hw_counter,rdma_vf_rail0,implied_nak_seq_err,0
2026-09-30T07:14:15.523Z,gpu-3uwoq-6g3ya-2,ib_hw_counter,rdma_vf_rail0,duplicate_request,0
2026-09-30T07:14:15.523Z,gpu-3uwoq-6g3ya-2,ib_counter,rdma_vf_rail1,port_xmit_data,3.05371e+12
2026-09-30T07:14:15.523Z,gpu-3uwoq-6g3ya-2,ib_counter,rdma_vf_rail1,port_rcv_data,6.01387e+12
2026-09-30T07:14:15.523Z,gpu-3uwoq-6g3ya-2,ib_counter,rdma_vf_rail1,port_xmit_packets,1.03795e+09
2026-09-30T07:14:15.523Z,gpu-3uwoq-6g3ya-2,ib_counter,rdma_vf_rail1,port_rcv_packets,1.66932e+09
2026-09-30T07:14:15.523Z,gpu-3uwoq-6g3ya-2,ib_counter,rdma_vf_rail1,port_xmit_wait,0
2026-09-30T07:14:15.523Z,gpu-3uwoq-6g3ya-2,ib_counter,rdma_vf_rail1,port_rcv_errors,0
2026-09-30T07:14:15.523Z,gpu-3uwoq-6g3ya-2,ib_counter,rdma_vf_rail1,port_xmit_discards,0
2026-09-30T07:14:15.523Z,gpu-3uwoq-6g3ya-2,ib_counter,rdma_vf_rail1,link_downed,0
2026-09-30T07:14:15.523Z,gpu-3uwoq-6g3ya-2,ib_hw_counter,rdma_vf_rail1,out_of_sequence,8
2026-09-30T07:14:15.523Z,gpu-3uwoq-6g3ya-2,ib_hw_counter,rdma_vf_rail1,packet_seq_err,0
2026-09-30T07:14:15.523Z,gpu-3uwoq-6g3ya-2,ib_hw_counter,rdma_vf_rail1,local_ack_timeout_err,0
2026-09-30T07:14:15.523Z,gpu-3uwoq-6g3ya-2,ib_hw_counter,rdma_vf_rail1,rx_write_requests,7.11635e+08
2026-09-30T07:14:15.523Z,gpu-3uwoq-6g3ya-2,ib_hw_counter,rdma_vf_rail1,rx_read_requests,1.26179e+07
2026-09-30T07:14:15.523Z,gpu-3uwoq-6g3ya-2,ib_hw_counter,rdma_vf_rail1,req_cqe_error,0
2026-09-30T07:14:15.523Z,gpu-3uwoq-6g3ya-2,ib_hw_counter,rdma_vf_rail1,resp_cqe_error,0
2026-09-30T07:14:15.523Z,gpu-3uwoq-6g3ya-2,ib_hw_counter,rdma_vf_rail1,implied_nak_seq_err,0
2026-09-30T07:14:15.523Z,gpu-3uwoq-6g3ya-2,ib_hw_counter,rdma_vf_rail1,duplicate_request,0
2026-09-30T07:14:15.523Z,gpu-3uwoq-6g3ya-2,ib_counter,rdma_vf_rail2,port_xmit_data,3.02614e+12
2026-09-30T07:14:15.523Z,gpu-3uwoq-6g3ya-2,ib_counter,rdma_vf_rail2,port_rcv_data,5.98562e+12
2026-09-30T07:14:15.523Z,gpu-3uwoq-6g3ya-2,ib_counter,rdma_vf_rail2,port_xmit_packets,1.02027e+09
2026-09-30T07:14:15.523Z,gpu-3uwoq-6g3ya-2,ib_counter,rdma_vf_rail2,port_rcv_packets,1.64539e+09
2026-09-30T07:14:15.523Z,gpu-3uwoq-6g3ya-2,ib_counter,rdma_vf_rail2,port_xmit_wait,0
2026-09-30T07:14:15.523Z,gpu-3uwoq-6g3ya-2,ib_counter,rdma_vf_rail2,port_rcv_errors,0
2026-09-30T07:14:15.523Z,gpu-3uwoq-6g3ya-2,ib_counter,rdma_vf_rail2,port_xmit_discards,0
2026-09-30T07:14:15.523Z,gpu-3uwoq-6g3ya-2,ib_counter,rdma_vf_rail2,link_downed,0
2026-09-30T07:14:15.523Z,gpu-3uwoq-6g3ya-2,ib_hw_counter,rdma_vf_rail2,out_of_sequence,8
2026-09-30T07:14:15.523Z,gpu-3uwoq-6g3ya-2,ib_hw_counter,rdma_vf_rail2,packet_seq_err,0
2026-09-30T07:14:15.523Z,gpu-3uwoq-6g3ya-2,ib_hw_counter,rdma_vf_rail2,local_ack_timeout_err,0
2026-09-30T07:14:15.523Z,gpu-3uwoq-6g3ya-2,ib_hw_counter,rdma_vf_rail2,rx_write_requests,7.11202e+08
2026-09-30T07:14:15.523Z,gpu-3uwoq-6g3ya-2,ib_hw_counter,rdma_vf_rail2,rx_read_requests,1.241e+07
2026-09-30T07:14:15.523Z,gpu-3uwoq-6g3ya-2,ib_hw_counter,rdma_vf_rail2,req_cqe_error,0
2026-09-30T07:14:15.523Z,gpu-3uwoq-6g3ya-2,ib_hw_counter,rdma_vf_rail2,resp_cqe_error,0
2026-09-30T07:14:15.523Z,gpu-3uwoq-6g3ya-2,ib_hw_counter,rdma_vf_rail2,implied_nak_seq_err,0
2026-09-30T07:14:15.523Z,gpu-3uwoq-6g3ya-2,ib_hw_counter,rdma_vf_rail2,duplicate_request,0
2026-09-30T07:14:15.523Z,gpu-3uwoq-6g3ya-2,ib_counter,rdma_vf_rail3,port_xmit_data,3.026e+12
2026-09-30T07:14:15.523Z,gpu-3uwoq-6g3ya-2,ib_counter,rdma_vf_rail3,port_rcv_data,5.98622e+12
2026-09-30T07:14:15.523Z,gpu-3uwoq-6g3ya-2,ib_counter,rdma_vf_rail3,port_xmit_packets,1.01861e+09
2026-09-30T07:14:15.523Z,gpu-3uwoq-6g3ya-2,ib_counter,rdma_vf_rail3,port_rcv_packets,1.65278e+09
2026-09-30T07:14:15.523Z,gpu-3uwoq-6g3ya-2,ib_counter,rdma_vf_rail3,port_xmit_wait,0
2026-09-30T07:14:15.523Z,gpu-3uwoq-6g3ya-2,ib_counter,rdma_vf_rail3,port_rcv_errors,0
2026-09-30T07:14:15.523Z,gpu-3uwoq-6g3ya-2,ib_counter,rdma_vf_rail3,port_xmit_discards,0
2026-09-30T07:14:15.523Z,gpu-3uwoq-6g3ya-2,ib_counter,rdma_vf_rail3,link_downed,0
2026-09-30T07:14:15.523Z,gpu-3uwoq-6g3ya-2,ib_hw_counter,rdma_vf_rail3,out_of_sequence,7
2026-09-30T07:14:15.523Z,gpu-3uwoq-6g3ya-2,ib_hw_counter,rdma_vf_rail3,packet_seq_err,1
2026-09-30T07:14:15.523Z,gpu-3uwoq-6g3ya-2,ib_hw_counter,rdma_vf_rail3,local_ack_timeout_err,0
2026-09-30T07:14:15.523Z,gpu-3uwoq-6g3ya-2,ib_hw_counter,rdma_vf_rail3,rx_write_requests,7.11202e+08
2026-09-30T07:14:15.523Z,gpu-3uwoq-6g3ya-2,ib_hw_counter,rdma_vf_rail3,rx_read_requests,1.241e+07
2026-09-30T07:14:15.523Z,gpu-3uwoq-6g3ya-2,ib_hw_counter,rdma_vf_rail3,req_cqe_error,0
2026-09-30T07:14:15.523Z,gpu-3uwoq-6g3ya-2,ib_hw_counter,rdma_vf_rail3,resp_cqe_error,0
2026-09-30T07:14:15.523Z,gpu-3uwoq-6g3ya-2,ib_hw_counter,rdma_vf_rail3,implied_nak_seq_err,0
2026-09-30T07:14:15.523Z,gpu-3uwoq-6g3ya-2,ib_hw_counter,rdma_vf_rail3,duplicate_request,0
2026-09-30T07:14:15.523Z,gpu-3uwoq-6g3ya-2,dcgm,gpu2,gpu_util,0
2026-09-30T07:14:15.523Z,gpu-3uwoq-6g3ya-2,dcgm,gpu3,gpu_util,0
2026-09-30T07:14:15.523Z,gpu-3uwoq-6g3ya-2,dcgm,gpu1,gpu_util,0
2026-09-30T07:14:15.523Z,gpu-3uwoq-6g3ya-2,dcgm,gpu0,gpu_util,0
2026-09-30T07:14:15.523Z,gpu-3uwoq-6g3ya-2,dcgm,gpu2,nvlink_bandwidth_total,0
2026-09-30T07:14:15.523Z,gpu-3uwoq-6g3ya-2,dcgm,gpu3,nvlink_bandwidth_total,0
2026-09-30T07:14:15.523Z,gpu-3uwoq-6g3ya-2,dcgm,gpu1,nvlink_bandwidth_total,0
2026-09-30T07:14:15.523Z,gpu-3uwoq-6g3ya-2,dcgm,gpu0,nvlink_bandwidth_total,0
2026-09-30T07:14:15.523Z,gpu-3uwoq-6g3ya-2,dcgm,gpu2,power_w,230.943
2026-09-30T07:14:15.523Z,gpu-3uwoq-6g3ya-2,dcgm,gpu3,power_w,233.861
2026-09-30T07:14:15.523Z,gpu-3uwoq-6g3ya-2,dcgm,gpu1,power_w,230.031
2026-09-30T07:14:15.523Z,gpu-3uwoq-6g3ya-2,dcgm,gpu0,power_w,226.432
2026-09-30T07:14:15.523Z,gpu-3uwoq-6g3ya-2,dcgm,gpu2,sm_clock_mhz,2070
2026-09-30T07:14:15.523Z,gpu-3uwoq-6g3ya-2,dcgm,gpu3,sm_clock_mhz,2070
2026-09-30T07:14:15.523Z,gpu-3uwoq-6g3ya-2,dcgm,gpu1,sm_clock_mhz,2070
2026-09-30T07:14:15.523Z,gpu-3uwoq-6g3ya-2,dcgm,gpu0,sm_clock_mhz,2070
2026-09-30T07:14:15.523Z,gpu-3uwoq-6g3ya-2,dcgm,gpu2,dram_active,0
2026-09-30T07:14:15.523Z,gpu-3uwoq-6g3ya-2,dcgm,gpu3,dram_active,0
2026-09-30T07:14:15.523Z,gpu-3uwoq-6g3ya-2,dcgm,gpu1,dram_active,0
2026-09-30T07:14:15.523Z,gpu-3uwoq-6g3ya-2,dcgm,gpu0,dram_active,0
2026-09-30T07:14:15.523Z,gpu-3uwoq-6g3ya-2,dcgm,gpu2,pcie_rx_bytes,52573
2026-09-30T07:14:15.523Z,gpu-3uwoq-6g3ya-2,dcgm,gpu3,pcie_rx_bytes,53040
2026-09-30T07:14:15.523Z,gpu-3uwoq-6g3ya-2,dcgm,gpu1,pcie_rx_bytes,61148
2026-09-30T07:14:15.523Z,gpu-3uwoq-6g3ya-2,dcgm,gpu0,pcie_rx_bytes,61199
2026-09-30T07:14:15.523Z,gpu-3uwoq-6g3ya-2,dcgm,gpu2,pcie_tx_bytes,49327
2026-09-30T07:14:15.523Z,gpu-3uwoq-6g3ya-2,dcgm,gpu3,pcie_tx_bytes,49808
2026-09-30T07:14:15.523Z,gpu-3uwoq-6g3ya-2,dcgm,gpu1,pcie_tx_bytes,57899
2026-09-30T07:14:15.523Z,gpu-3uwoq-6g3ya-2,dcgm,gpu0,pcie_tx_bytes,57949
2026-09-30T07:14:15.523Z,gpu-3uwoq-6g3ya-2,dcgm,gpu2,tensor_active,0
2026-09-30T07:14:15.523Z,gpu-3uwoq-6g3ya-2,dcgm,gpu3,tensor_active,0
2026-09-30T07:14:15.523Z,gpu-3uwoq-6g3ya-2,dcgm,gpu1,tensor_active,0
2026-09-30T07:14:15.523Z,gpu-3uwoq-6g3ya-2,dcgm,gpu0,tensor_active,0
2026-09-30T07:14:15.523Z,gpu-3uwoq-6g3ya-2,dcgm,gpu2,sm_active,0
2026-09-30T07:14:15.523Z,gpu-3uwoq-6g3ya-2,dcgm,gpu3,sm_active,0
2026-09-30T07:14:15.523Z,gpu-3uwoq-6g3ya-2,dcgm,gpu1,sm_active,0
2026-09-30T07:14:15.523Z,gpu-3uwoq-6g3ya-2,dcgm,gpu0,sm_active,0
2026-09-30T07:14:15.523Z,gpu-3uwoq-6g3ya-2,nvlink,gpu0,nvlink_rx_bytes,4.84459e+13
2026-09-30T07:14:15.523Z,gpu-3uwoq-6g3ya-2,nvlink,gpu0,nvlink_tx_bytes,4.84493e+13
2026-09-30T07:14:15.523Z,gpu-3uwoq-6g3ya-2,nvlink,gpu1,nvlink_rx_bytes,4.8648e+13
2026-09-30T07:14:15.523Z,gpu-3uwoq-6g3ya-2,nvlink,gpu1,nvlink_tx_bytes,4.86502e+13
2026-09-30T07:14:15.523Z,gpu-3uwoq-6g3ya-2,nvlink,gpu2,nvlink_rx_bytes,4.84828e+13
2026-09-30T07:14:15.523Z,gpu-3uwoq-6g3ya-2,nvlink,gpu2,nvlink_tx_bytes,4.84863e+13
2026-09-30T07:14:15.523Z,gpu-3uwoq-6g3ya-2,nvlink,gpu3,nvlink_rx_bytes,4.83797e+13
2026-09-30T07:14:15.523Z,gpu-3uwoq-6g3ya-2,nvlink,gpu3,nvlink_tx_bytes,4.83829e+13
2026-09-30T07:14:16.523Z,gpu-3uwoq-6g3ya-2,ib_counter,rdma_vf_rail0,port_xmit_data,3.1619e+12
2026-09-30T07:14:16.523Z,gpu-3uwoq-6g3ya-2,ib_counter,rdma_vf_rail0,port_rcv_data,6.12198e+12
2026-09-30T07:14:16.523Z,gpu-3uwoq-6g3ya-2,ib_counter,rdma_vf_rail0,port_xmit_packets,1.07066e+09
2026-09-30T07:14:16.523Z,gpu-3uwoq-6g3ya-2,ib_counter,rdma_vf_rail0,port_rcv_packets,1.70183e+09
2026-09-30T07:14:16.523Z,gpu-3uwoq-6g3ya-2,ib_counter,rdma_vf_rail0,port_xmit_wait,0
2026-09-30T07:14:16.523Z,gpu-3uwoq-6g3ya-2,ib_counter,rdma_vf_rail0,port_rcv_errors,0
2026-09-30T07:14:16.523Z,gpu-3uwoq-6g3ya-2,ib_counter,rdma_vf_rail0,port_xmit_discards,0
2026-09-30T07:14:16.523Z,gpu-3uwoq-6g3ya-2,ib_counter,rdma_vf_rail0,link_downed,0
2026-09-30T07:14:16.523Z,gpu-3uwoq-6g3ya-2,ib_hw_counter,rdma_vf_rail0,out_of_sequence,8
2026-09-30T07:14:16.523Z,gpu-3uwoq-6g3ya-2,ib_hw_counter,rdma_vf_rail0,packet_seq_err,0
2026-09-30T07:14:16.523Z,gpu-3uwoq-6g3ya-2,ib_hw_counter,rdma_vf_rail0,local_ack_timeout_err,0
2026-09-30T07:14:16.523Z,gpu-3uwoq-6g3ya-2,ib_hw_counter,rdma_vf_rail0,rx_write_requests,7.13227e+08
2026-09-30T07:14:16.523Z,gpu-3uwoq-6g3ya-2,ib_hw_counter,rdma_vf_rail0,rx_read_requests,1.34187e+07
2026-09-30T07:14:16.523Z,gpu-3uwoq-6g3ya-2,ib_hw_counter,rdma_vf_rail0,req_cqe_error,0
2026-09-30T07:14:16.523Z,gpu-3uwoq-6g3ya-2,ib_hw_counter,rdma_vf_rail0,resp_cqe_error,0
2026-09-30T07:14:16.523Z,gpu-3uwoq-6g3ya-2,ib_hw_counter,rdma_vf_rail0,implied_nak_seq_err,0
2026-09-30T07:14:16.523Z,gpu-3uwoq-6g3ya-2,ib_hw_counter,rdma_vf_rail0,duplicate_request,0
2026-09-30T07:14:16.523Z,gpu-3uwoq-6g3ya-2,ib_counter,rdma_vf_rail1,port_xmit_data,3.05371e+12
2026-09-30T07:14:16.523Z,gpu-3uwoq-6g3ya-2,ib_counter,rdma_vf_rail1,port_rcv_data,6.01387e+12
2026-09-30T07:14:16.523Z,gpu-3uwoq-6g3ya-2,ib_counter,rdma_vf_rail1,port_xmit_packets,1.03795e+09
2026-09-30T07:14:16.523Z,gpu-3uwoq-6g3ya-2,ib_counter,rdma_vf_rail1,port_rcv_packets,1.66932e+09
2026-09-30T07:14:16.523Z,gpu-3uwoq-6g3ya-2,ib_counter,rdma_vf_rail1,port_xmit_wait,0
2026-09-30T07:14:16.523Z,gpu-3uwoq-6g3ya-2,ib_counter,rdma_vf_rail1,port_rcv_errors,0
2026-09-30T07:14:16.523Z,gpu-3uwoq-6g3ya-2,ib_counter,rdma_vf_rail1,port_xmit_discards,0
2026-09-30T07:14:16.523Z,gpu-3uwoq-6g3ya-2,ib_counter,rdma_vf_rail1,link_downed,0
2026-09-30T07:14:16.523Z,gpu-3uwoq-6g3ya-2,ib_hw_counter,rdma_vf_rail1,out_of_sequence,8
2026-09-30T07:14:16.523Z,gpu-3uwoq-6g3ya-2,ib_hw_counter,rdma_vf_rail1,packet_seq_err,0
2026-09-30T07:14:16.523Z,gpu-3uwoq-6g3ya-2,ib_hw_counter,rdma_vf_rail1,local_ack_timeout_err,0
2026-09-30T07:14:16.523Z,gpu-3uwoq-6g3ya-2,ib_hw_counter,rdma_vf_rail1,rx_write_requests,7.11635e+08
2026-09-30T07:14:16.523Z,gpu-3uwoq-6g3ya-2,ib_hw_counter,rdma_vf_rail1,rx_read_requests,1.26179e+07
2026-09-30T07:14:16.523Z,gpu-3uwoq-6g3ya-2,ib_hw_counter,rdma_vf_rail1,req_cqe_error,0
2026-09-30T07:14:16.523Z,gpu-3uwoq-6g3ya-2,ib_hw_counter,rdma_vf_rail1,resp_cqe_error,0
2026-09-30T07:14:16.523Z,gpu-3uwoq-6g3ya-2,ib_hw_counter,rdma_vf_rail1,implied_nak_seq_err,0
2026-09-30T07:14:16.523Z,gpu-3uwoq-6g3ya-2,ib_hw_counter,rdma_vf_rail1,duplicate_request,0
2026-09-30T07:14:16.523Z,gpu-3uwoq-6g3ya-2,ib_counter,rdma_vf_rail2,port_xmit_data,3.02614e+12
2026-09-30T07:14:16.523Z,gpu-3uwoq-6g3ya-2,ib_counter,rdma_vf_rail2,port_rcv_data,5.98562e+12
2026-09-30T07:14:16.523Z,gpu-3uwoq-6g3ya-2,ib_counter,rdma_vf_rail2,port_xmit_packets,1.02027e+09
2026-09-30T07:14:16.523Z,gpu-3uwoq-6g3ya-2,ib_counter,rdma_vf_rail2,port_rcv_packets,1.64539e+09
2026-09-30T07:14:16.523Z,gpu-3uwoq-6g3ya-2,ib_counter,rdma_vf_rail2,port_xmit_wait,0
2026-09-30T07:14:16.523Z,gpu-3uwoq-6g3ya-2,ib_counter,rdma_vf_rail2,port_rcv_errors,0
2026-09-30T07:14:16.523Z,gpu-3uwoq-6g3ya-2,ib_counter,rdma_vf_rail2,port_xmit_discards,0
2026-09-30T07:14:16.523Z,gpu-3uwoq-6g3ya-2,ib_counter,rdma_vf_rail2,link_downed,0
2026-09-30T07:14:16.523Z,gpu-3uwoq-6g3ya-2,ib_hw_counter,rdma_vf_rail2,out_of_sequence,8
2026-09-30T07:14:16.523Z,gpu-3uwoq-6g3ya-2,ib_hw_counter,rdma_vf_rail2,packet_seq_err,0
2026-09-30T07:14:16.523Z,gpu-3uwoq-6g3ya-2,ib_hw_counter,rdma_vf_rail2,local_ack_timeout_err,0
2026-09-30T07:14:16.523Z,gpu-3uwoq-6g3ya-2,ib_hw_counter,rdma_vf_rail2,rx_write_requests,7.11202e+08
2026-09-30T07:14:16.523Z,gpu-3uwoq-6g3ya-2,ib_hw_counter,rdma_vf_rail2,rx_read_requests,1.241e+07
2026-09-30T07:14:16.523Z,gpu-3uwoq-6g3ya-2,ib_hw_counter,rdma_vf_rail2,req_cqe_error,0
2026-09-30T07:14:16.523Z,gpu-3uwoq-6g3ya-2,ib_hw_counter,rdma_vf_rail2,resp_cqe_error,0
2026-09-30T07:14:16.523Z,gpu-3uwoq-6g3ya-2,ib_hw_counter,rdma_vf_rail2,implied_nak_seq_err,0
2026-09-30T07:14:16.523Z,gpu-3uwoq-6g3ya-2,ib_hw_counter,rdma_vf_rail2,duplicate_request,0
2026-09-30T07:14:16.523Z,gpu-3uwoq-6g3ya-2,ib_counter,rdma_vf_rail3,port_xmit_data,3.026e+12
2026-09-30T07:14:16.523Z,gpu-3uwoq-6g3ya-2,ib_counter,rdma_vf_rail3,port_rcv_data,5.98622e+12
2026-09-30T07:14:16.523Z,gpu-3uwoq-6g3ya-2,ib_counter,rdma_vf_rail3,port_xmit_packets,1.01861e+09
2026-09-30T07:14:16.523Z,gpu-3uwoq-6g3ya-2,ib_counter,rdma_vf_rail3,port_rcv_packets,1.65278e+09
2026-09-30T07:14:16.523Z,gpu-3uwoq-6g3ya-2,ib_counter,rdma_vf_rail3,port_xmit_wait,0
2026-09-30T07:14:16.523Z,gpu-3uwoq-6g3ya-2,ib_counter,rdma_vf_rail3,port_rcv_errors,0
2026-09-30T07:14:16.523Z,gpu-3uwoq-6g3ya-2,ib_counter,rdma_vf_rail3,port_xmit_discards,0
2026-09-30T07:14:16.523Z,gpu-3uwoq-6g3ya-2,ib_counter,rdma_vf_rail3,link_downed,0
2026-09-30T07:14:16.523Z,gpu-3uwoq-6g3ya-2,ib_hw_counter,rdma_vf_rail3,out_of_sequence,7
2026-09-30T07:14:16.523Z,gpu-3uwoq-6g3ya-2,ib_hw_counter,rdma_vf_rail3,packet_seq_err,1
2026-09-30T07:14:16.523Z,gpu-3uwoq-6g3ya-2,ib_hw_counter,rdma_vf_rail3,local_ack_timeout_err,0
2026-09-30T07:14:16.523Z,gpu-3uwoq-6g3ya-2,ib_hw_counter,rdma_vf_rail3,rx_write_requests,7.11202e+08
2026-09-30T07:14:16.523Z,gpu-3uwoq-6g3ya-2,ib_hw_counter,rdma_vf_rail3,rx_read_requests,1.241e+07
2026-09-30T07:14:16.523Z,gpu-3uwoq-6g3ya-2,ib_hw_counter,rdma_vf_rail3,req_cqe_error,0
2026-09-30T07:14:16.523Z,gpu-3uwoq-6g3ya-2,ib_hw_counter,rdma_vf_rail3,resp_cqe_error,0
2026-09-30T07:14:16.523Z,gpu-3uwoq-6g3ya-2,ib_hw_counter,rdma_vf_rail3,implied_nak_seq_err,0
2026-09-30T07:14:16.523Z,gpu-3uwoq-6g3ya-2,ib_hw_counter,rdma_vf_rail3,duplicate_request,0
2026-09-30T07:14:16.523Z,gpu-3uwoq-6g3ya-2,dcgm,gpu2,gpu_util,0
2026-09-30T07:14:16.523Z,gpu-3uwoq-6g3ya-2,dcgm,gpu3,gpu_util,0
2026-09-30T07:14:16.523Z,gpu-3uwoq-6g3ya-2,dcgm,gpu1,gpu_util,0
2026-09-30T07:14:16.523Z,gpu-3uwoq-6g3ya-2,dcgm,gpu0,gpu_util,0
2026-09-30T07:14:16.523Z,gpu-3uwoq-6g3ya-2,dcgm,gpu2,nvlink_bandwidth_total,0
2026-09-30T07:14:16.523Z,gpu-3uwoq-6g3ya-2,dcgm,gpu3,nvlink_bandwidth_total,0
2026-09-30T07:14:16.523Z,gpu-3uwoq-6g3ya-2,dcgm,gpu1,nvlink_bandwidth_total,0
2026-09-30T07:14:16.523Z,gpu-3uwoq-6g3ya-2,dcgm,gpu0,nvlink_bandwidth_total,0
2026-09-30T07:14:16.523Z,gpu-3uwoq-6g3ya-2,dcgm,gpu2,power_w,230.943
2026-09-30T07:14:16.523Z,gpu-3uwoq-6g3ya-2,dcgm,gpu3,power_w,233.861
2026-09-30T07:14:16.523Z,gpu-3uwoq-6g3ya-2,dcgm,gpu1,power_w,230.031
2026-09-30T07:14:16.523Z,gpu-3uwoq-6g3ya-2,dcgm,gpu0,power_w,226.432
2026-09-30T07:14:16.523Z,gpu-3uwoq-6g3ya-2,dcgm,gpu2,sm_clock_mhz,2070
2026-09-30T07:14:16.523Z,gpu-3uwoq-6g3ya-2,dcgm,gpu3,sm_clock_mhz,2070
2026-09-30T07:14:16.523Z,gpu-3uwoq-6g3ya-2,dcgm,gpu1,sm_clock_mhz,2070
2026-09-30T07:14:16.523Z,gpu-3uwoq-6g3ya-2,dcgm,gpu0,sm_clock_mhz,2070
2026-09-30T07:14:16.523Z,gpu-3uwoq-6g3ya-2,dcgm,gpu2,dram_active,0
2026-09-30T07:14:16.523Z,gpu-3uwoq-6g3ya-2,dcgm,gpu3,dram_active,0
2026-09-30T07:14:16.523Z,gpu-3uwoq-6g3ya-2,dcgm,gpu1,dram_active,0
2026-09-30T07:14:16.523Z,gpu-3uwoq-6g3ya-2,dcgm,gpu0,dram_active,0
2026-09-30T07:14:16.523Z,gpu-3uwoq-6g3ya-2,dcgm,gpu2,pcie_rx_bytes,52573
2026-09-30T07:14:16.523Z,gpu-3uwoq-6g3ya-2,dcgm,gpu3,pcie_rx_bytes,53040
2026-09-30T07:14:16.523Z,gpu-3uwoq-6g3ya-2,dcgm,gpu1,pcie_rx_bytes,61148
2026-09-30T07:14:16.523Z,gpu-3uwoq-6g3ya-2,dcgm,gpu0,pcie_rx_bytes,61199
2026-09-30T07:14:16.523Z,gpu-3uwoq-6g3ya-2,dcgm,gpu2,pcie_tx_bytes,49327
2026-09-30T07:14:16.523Z,gpu-3uwoq-6g3ya-2,dcgm,gpu3,pcie_tx_bytes,49808
2026-09-30T07:14:16.523Z,gpu-3uwoq-6g3ya-2,dcgm,gpu1,pcie_tx_bytes,57899
2026-09-30T07:14:16.523Z,gpu-3uwoq-6g3ya-2,dcgm,gpu0,pcie_tx_bytes,57949
2026-09-30T07:14:16.523Z,gpu-3uwoq-6g3ya-2,dcgm,gpu2,tensor_active,0
2026-09-30T07:14:16.523Z,gpu-3uwoq-6g3ya-2,dcgm,gpu3,tensor_active,0
2026-09-30T07:14:16.523Z,gpu-3uwoq-6g3ya-2,dcgm,gpu1,tensor_active,0
2026-09-30T07:14:16.523Z,gpu-3uwoq-6g3ya-2,dcgm,gpu0,tensor_active,0
2026-09-30T07:14:16.523Z,gpu-3uwoq-6g3ya-2,dcgm,gpu2,sm_active,0
2026-09-30T07:14:16.523Z,gpu-3uwoq-6g3ya-2,dcgm,gpu3,sm_active,0
2026-09-30T07:14:16.523Z,gpu-3uwoq-6g3ya-2,dcgm,gpu1,sm_active,0
2026-09-30T07:14:16.523Z,gpu-3uwoq-6g3ya-2,dcgm,gpu0,sm_active,0
2026-09-30T07:14:16.523Z,gpu-3uwoq-6g3ya-2,nvlink,gpu0,nvlink_rx_bytes,4.84459e+13
2026-09-30T07:14:16.523Z,gpu-3uwoq-6g3ya-2,nvlink,gpu0,nvlink_tx_bytes,4.84493e+13
2026-09-30T07:14:16.523Z,gpu-3uwoq-6g3ya-2,nvlink,gpu1,nvlink_rx_bytes,4.8648e+13
2026-09-30T07:14:16.523Z,gpu-3uwoq-6g3ya-2,nvlink,gpu1,nvlink_tx_bytes,4.86502e+13
2026-09-30T07:14:16.523Z,gpu-3uwoq-6g3ya-2,nvlink,gpu2,nvlink_rx_bytes,4.84828e+13
2026-09-30T07:14:16.523Z,gpu-3uwoq-6g3ya-2,nvlink,gpu2,nvlink_tx_bytes,4.84863e+13
2026-09-30T07:14:16.523Z,gpu-3uwoq-6g3ya-2,nvlink,gpu3,nvlink_rx_bytes,4.83797e+13
2026-09-30T07:14:16.523Z,gpu-3uwoq-6g3ya-2,nvlink,gpu3,nvlink_tx_bytes,4.83829e+13
2026-09-30T07:14:17.523Z,gpu-3uwoq-6g3ya-2,ib_counter,rdma_vf_rail0,port_xmit_data,3.1619e+12
2026-09-30T07:14:17.523Z,gpu-3uwoq-6g3ya-2,ib_counter,rdma_vf_rail0,port_rcv_data,6.12198e+12
2026-09-30T07:14:17.523Z,gpu-3uwoq-6g3ya-2,ib_counter,rdma_vf_rail0,port_xmit_packets,1.07066e+09
2026-09-30T07:14:17.523Z,gpu-3uwoq-6g3ya-2,ib_counter,rdma_vf_rail0,port_rcv_packets,1.70183e+09
2026-09-30T07:14:17.523Z,gpu-3uwoq-6g3ya-2,ib_counter,rdma_vf_rail0,port_xmit_wait,0
2026-09-30T07:14:17.523Z,gpu-3uwoq-6g3ya-2,ib_counter,rdma_vf_rail0,port_rcv_errors,0
2026-09-30T07:14:17.523Z,gpu-3uwoq-6g3ya-2,ib_counter,rdma_vf_rail0,port_xmit_discards,0
2026-09-30T07:14:17.523Z,gpu-3uwoq-6g3ya-2,ib_counter,rdma_vf_rail0,link_downed,0
2026-09-30T07:14:17.523Z,gpu-3uwoq-6g3ya-2,ib_hw_counter,rdma_vf_rail0,out_of_sequence,8
2026-09-30T07:14:17.523Z,gpu-3uwoq-6g3ya-2,ib_hw_counter,rdma_vf_rail0,packet_seq_err,0
2026-09-30T07:14:17.523Z,gpu-3uwoq-6g3ya-2,ib_hw_counter,rdma_vf_rail0,local_ack_timeout_err,0
2026-09-30T07:14:17.523Z,gpu-3uwoq-6g3ya-2,ib_hw_counter,rdma_vf_rail0,rx_write_requests,7.13227e+08
2026-09-30T07:14:17.523Z,gpu-3uwoq-6g3ya-2,ib_hw_counter,rdma_vf_rail0,rx_read_requests,1.34187e+07
2026-09-30T07:14:17.523Z,gpu-3uwoq-6g3ya-2,ib_hw_counter,rdma_vf_rail0,req_cqe_error,0
2026-09-30T07:14:17.523Z,gpu-3uwoq-6g3ya-2,ib_hw_counter,rdma_vf_rail0,resp_cqe_error,0
2026-09-30T07:14:17.523Z,gpu-3uwoq-6g3ya-2,ib_hw_counter,rdma_vf_rail0,implied_nak_seq_err,0
2026-09-30T07:14:17.523Z,gpu-3uwoq-6g3ya-2,ib_hw_counter,rdma_vf_rail0,duplicate_request,0
2026-09-30T07:14:17.523Z,gpu-3uwoq-6g3ya-2,ib_counter,rdma_vf_rail1,port_xmit_data,3.05371e+12
2026-09-30T07:14:17.523Z,gpu-3uwoq-6g3ya-2,ib_counter,rdma_vf_rail1,port_rcv_data,6.01387e+12
2026-09-30T07:14:17.523Z,gpu-3uwoq-6g3ya-2,ib_counter,rdma_vf_rail1,port_xmit_packets,1.03795e+09
2026-09-30T07:14:17.523Z,gpu-3uwoq-6g3ya-2,ib_counter,rdma_vf_rail1,port_rcv_packets,1.66932e+09
2026-09-30T07:14:17.523Z,gpu-3uwoq-6g3ya-2,ib_counter,rdma_vf_rail1,port_xmit_wait,0
2026-09-30T07:14:17.523Z,gpu-3uwoq-6g3ya-2,ib_counter,rdma_vf_rail1,port_rcv_errors,0
2026-09-30T07:14:17.523Z,gpu-3uwoq-6g3ya-2,ib_counter,rdma_vf_rail1,port_xmit_discards,0
2026-09-30T07:14:17.523Z,gpu-3uwoq-6g3ya-2,ib_counter,rdma_vf_rail1,link_downed,0
2026-09-30T07:14:17.523Z,gpu-3uwoq-6g3ya-2,ib_hw_counter,rdma_vf_rail1,out_of_sequence,8
2026-09-30T07:14:17.523Z,gpu-3uwoq-6g3ya-2,ib_hw_counter,rdma_vf_rail1,packet_seq_err,0
2026-09-30T07:14:17.523Z,gpu-3uwoq-6g3ya-2,ib_hw_counter,rdma_vf_rail1,local_ack_timeout_err,0
2026-09-30T07:14:17.523Z,gpu-3uwoq-6g3ya-2,ib_hw_counter,rdma_vf_rail1,rx_write_requests,7.11635e+08
2026-09-30T07:14:17.523Z,gpu-3uwoq-6g3ya-2,ib_hw_counter,rdma_vf_rail1,rx_read_requests,1.26179e+07
2026-09-30T07:14:17.523Z,gpu-3uwoq-6g3ya-2,ib_hw_counter,rdma_vf_rail1,req_cqe_error,0
2026-09-30T07:14:17.523Z,gpu-3uwoq-6g3ya-2,ib_hw_counter,rdma_vf_rail1,resp_cqe_error,0
2026-09-30T07:14:17.523Z,gpu-3uwoq-6g3ya-2,ib_hw_counter,rdma_vf_rail1,implied_nak_seq_err,0
2026-09-30T07:14:17.523Z,gpu-3uwoq-6g3ya-2,ib_hw_counter,rdma_vf_rail1,duplicate_request,0
2026-09-30T07:14:17.523Z,gpu-3uwoq-6g3ya-2,ib_counter,rdma_vf_rail2,port_xmit_data,3.02614e+12
2026-09-30T07:14:17.523Z,gpu-3uwoq-6g3ya-2,ib_counter,rdma_vf_rail2,port_rcv_data,5.98562e+12
2026-09-30T07:14:17.523Z,gpu-3uwoq-6g3ya-2,ib_counter,rdma_vf_rail2,port_xmit_packets,1.02027e+09
2026-09-30T07:14:17.523Z,gpu-3uwoq-6g3ya-2,ib_counter,rdma_vf_rail2,port_rcv_packets,1.64539e+09
2026-09-30T07:14:17.523Z,gpu-3uwoq-6g3ya-2,ib_counter,rdma_vf_rail2,port_xmit_wait,0
2026-09-30T07:14:17.523Z,gpu-3uwoq-6g3ya-2,ib_counter,rdma_vf_rail2,port_rcv_errors,0
2026-09-30T07:14:17.523Z,gpu-3uwoq-6g3ya-2,ib_counter,rdma_vf_rail2,port_xmit_discards,0
2026-09-30T07:14:17.523Z,gpu-3uwoq-6g3ya-2,ib_counter,rdma_vf_rail2,link_downed,0
2026-09-30T07:14:17.523Z,gpu-3uwoq-6g3ya-2,ib_hw_counter,rdma_vf_rail2,out_of_sequence,8
2026-09-30T07:14:17.523Z,gpu-3uwoq-6g3ya-2,ib_hw_counter,rdma_vf_rail2,packet_seq_err,0
2026-09-30T07:14:17.523Z,gpu-3uwoq-6g3ya-2,ib_hw_counter,rdma_vf_rail2,local_ack_timeout_err,0
2026-09-30T07:14:17.523Z,gpu-3uwoq-6g3ya-2,ib_hw_counter,rdma_vf_rail2,rx_write_requests,7.11202e+08
2026-09-30T07:14:17.523Z,gpu-3uwoq-6g3ya-2,ib_hw_counter,rdma_vf_rail2,rx_read_requests,1.241e+07
2026-09-30T07:14:17.523Z,gpu-3uwoq-6g3ya-2,ib_hw_counter,rdma_vf_rail2,req_cqe_error,0
2026-09-30T07:14:17.523Z,gpu-3uwoq-6g3ya-2,ib_hw_counter,rdma_vf_rail2,resp_cqe_error,0
2026-09-30T07:14:17.523Z,gpu-3uwoq-6g3ya-2,ib_hw_counter,rdma_vf_rail2,implied_nak_seq_err,0
2026-09-30T07:14:17.523Z,gpu-3uwoq-6g3ya-2,ib_hw_counter,rdma_vf_rail2,duplicate_request,0
2026-09-30T07:14:17.523Z,gpu-3uwoq-6g3ya-2,ib_counter,rdma_vf_rail3,port_xmit_data,3.026e+12
2026-09-30T07:14:17.523Z,gpu-3uwoq-6g3ya-2,ib_counter,rdma_vf_rail3,port_rcv_data,5.98622e+12
2026-09-30T07:14:17.523Z,gpu-3uwoq-6g3ya-2,ib_counter,rdma_vf_rail3,port_xmit_packets,1.01861e+09
2026-09-30T07:14:17.523Z,gpu-3uwoq-6g3ya-2,ib_counter,rdma_vf_rail3,port_rcv_packets,1.65278e+09
2026-09-30T07:14:17.523Z,gpu-3uwoq-6g3ya-2,ib_counter,rdma_vf_rail3,port_xmit_wait,0
2026-09-30T07:14:17.523Z,gpu-3uwoq-6g3ya-2,ib_counter,rdma_vf_rail3,port_rcv_errors,0
2026-09-30T07:14:17.523Z,gpu-3uwoq-6g3ya-2,ib_counter,rdma_vf_rail3,port_xmit_discards,0
2026-09-30T07:14:17.523Z,gpu-3uwoq-6g3ya-2,ib_counter,rdma_vf_rail3,link_downed,0
2026-09-30T07:14:17.523Z,gpu-3uwoq-6g3ya-2,ib_hw_counter,rdma_vf_rail3,out_of_sequence,7
2026-09-30T07:14:17.523Z,gpu-3uwoq-6g3ya-2,ib_hw_counter,rdma_vf_rail3,packet_seq_err,1
2026-09-30T07:14:17.523Z,gpu-3uwoq-6g3ya-2,ib_hw_counter,rdma_vf_rail3,local_ack_timeout_err,0
2026-09-30T07:14:17.523Z,gpu-3uwoq-6g3ya-2,ib_hw_counter,rdma_vf_rail3,rx_write_requests,7.11202e+08
2026-09-30T07:14:17.523Z,gpu-3uwoq-6g3ya-2,ib_hw_counter,rdma_vf_rail3,rx_read_requests,1.241e+07
2026-09-30T07:14:17.523Z,gpu-3uwoq-6g3ya-2,ib_hw_counter,rdma_vf_rail3,req_cqe_error,0
2026-09-30T07:14:17.523Z,gpu-3uwoq-6g3ya-2,ib_hw_counter,rdma_vf_rail3,resp_cqe_error,0
2026-09-30T07:14:17.523Z,gpu-3uwoq-6g3ya-2,ib_hw_counter,rdma_vf_rail3,implied_nak_seq_err,0
2026-09-30T07:14:17.523Z,gpu-3uwoq-6g3ya-2,ib_hw_counter,rdma_vf_rail3,duplicate_request,0
2026-09-30T07:14:17.523Z,gpu-3uwoq-6g3ya-2,dcgm,gpu2,gpu_util,0
2026-09-30T07:14:17.523Z,gpu-3uwoq-6g3ya-2,dcgm,gpu3,gpu_util,0
2026-09-30T07:14:17.523Z,gpu-3uwoq-6g3ya-2,dcgm,gpu1,gpu_util,0
2026-09-30T07:14:17.523Z,gpu-3uwoq-6g3ya-2,dcgm,gpu0,gpu_util,0
2026-09-30T07:14:17.523Z,gpu-3uwoq-6g3ya-2,dcgm,gpu2,nvlink_bandwidth_total,0
2026-09-30T07:14:17.523Z,gpu-3uwoq-6g3ya-2,dcgm,gpu3,nvlink_bandwidth_total,0
2026-09-30T07:14:17.523Z,gpu-3uwoq-6g3ya-2,dcgm,gpu1,nvlink_bandwidth_total,0
2026-09-30T07:14:17.523Z,gpu-3uwoq-6g3ya-2,dcgm,gpu0,nvlink_bandwidth_total,0
2026-09-30T07:14:17.523Z,gpu-3uwoq-6g3ya-2,dcgm,gpu2,power_w,230.943
2026-09-30T07:14:17.523Z,gpu-3uwoq-6g3ya-2,dcgm,gpu3,power_w,233.861
2026-09-30T07:14:17.523Z,gpu-3uwoq-6g3ya-2,dcgm,gpu1,power_w,230.031
2026-09-30T07:14:17.523Z,gpu-3uwoq-6g3ya-2,dcgm,gpu0,power_w,226.432
2026-09-30T07:14:17.523Z,gpu-3uwoq-6g3ya-2,dcgm,gpu2,sm_clock_mhz,2070
2026-09-30T07:14:17.523Z,gpu-3uwoq-6g3ya-2,dcgm,gpu3,sm_clock_mhz,2070
2026-09-30T07:14:17.523Z,gpu-3uwoq-6g3ya-2,dcgm,gpu1,sm_clock_mhz,2070
2026-09-30T07:14:17.523Z,gpu-3uwoq-6g3ya-2,dcgm,gpu0,sm_clock_mhz,2070
2026-09-30T07:14:17.523Z,gpu-3uwoq-6g3ya-2,dcgm,gpu2,dram_active,0
2026-09-30T07:14:17.523Z,gpu-3uwoq-6g3ya-2,dcgm,gpu3,dram_active,0
2026-09-30T07:14:17.523Z,gpu-3uwoq-6g3ya-2,dcgm,gpu1,dram_active,0
2026-09-30T07:14:17.523Z,gpu-3uwoq-6g3ya-2,dcgm,gpu0,dram_active,0
2026-09-30T07:14:17.523Z,gpu-3uwoq-6g3ya-2,dcgm,gpu2,pcie_rx_bytes,52573
2026-09-30T07:14:17.523Z,gpu-3uwoq-6g3ya-2,dcgm,gpu3,pcie_rx_bytes,53040
2026-09-30T07:14:17.523Z,gpu-3uwoq-6g3ya-2,dcgm,gpu1,pcie_rx_bytes,61148
2026-09-30T07:14:17.523Z,gpu-3uwoq-6g3ya-2,dcgm,gpu0,pcie_rx_bytes,61199
2026-09-30T07:14:17.523Z,gpu-3uwoq-6g3ya-2,dcgm,gpu2,pcie_tx_bytes,49327
2026-09-30T07:14:17.523Z,gpu-3uwoq-6g3ya-2,dcgm,gpu3,pcie_tx_bytes,49808
2026-09-30T07:14:17.523Z,gpu-3uwoq-6g3ya-2,dcgm,gpu1,pcie_tx_bytes,57899
2026-09-30T07:14:17.523Z,gpu-3uwoq-6g3ya-2,dcgm,gpu0,pcie_tx_bytes,57949
2026-09-30T07:14:17.523Z,gpu-3uwoq-6g3ya-2,dcgm,gpu2,tensor_active,0
2026-09-30T07:14:17.523Z,gpu-3uwoq-6g3ya-2,dcgm,gpu3,tensor_active,0
2026-09-30T07:14:17.523Z,gpu-3uwoq-6g3ya-2,dcgm,gpu1,tensor_active,0
2026-09-30T07:14:17.523Z,gpu-3uwoq-6g3ya-2,dcgm,gpu0,tensor_active,0
2026-09-30T07:14:17.523Z,gpu-3uwoq-6g3ya-2,dcgm,gpu2,sm_active,0
2026-09-30T07:14:17.523Z,gpu-3uwoq-6g3ya-2,dcgm,gpu3,sm_active,0
2026-09-30T07:14:17.523Z,gpu-3uwoq-6g3ya-2,dcgm,gpu1,sm_active,0
2026-09-30T07:14:17.523Z,gpu-3uwoq-6g3ya-2,dcgm,gpu0,sm_active,0
2026-09-30T07:14:17.523Z,gpu-3uwoq-6g3ya-2,nvlink,gpu0,nvlink_rx_bytes,4.84459e+13
2026-09-30T07:14:17.523Z,gpu-3uwoq-6g3ya-2,nvlink,gpu0,nvlink_tx_bytes,4.84493e+13
2026-09-30T07:14:17.523Z,gpu-3uwoq-6g3ya-2,nvlink,gpu1,nvlink_rx_bytes,4.8648e+13
2026-09-30T07:14:17.523Z,gpu-3uwoq-6g3ya-2,nvlink,gpu1,nvlink_tx_bytes,4.86502e+13
2026-09-30T07:14:17.523Z,gpu-3uwoq-6g3ya-2,nvlink,gpu2,nvlink_rx_bytes,4.84828e+13
2026-09-30T07:14:17.523Z,gpu-3uwoq-6g3ya-2,nvlink,gpu2,nvlink_tx_bytes,4.84863e+13
2026-09-30T07:14:17.523Z,gpu-3uwoq-6g3ya-2,nvlink,gpu3,nvlink_rx_bytes,4.83797e+13
2026-09-30T07:14:17.523Z,gpu-3uwoq-6g3ya-2,nvlink,gpu3,nvlink_tx_bytes,4.83829e+13
2026-09-30T07:14:18.524Z,gpu-3uwoq-6g3ya-2,ib_counter,rdma_vf_rail0,port_xmit_data,3.16202e+12
2026-09-30T07:14:18.524Z,gpu-3uwoq-6g3ya-2,ib_counter,rdma_vf_rail0,port_rcv_data,6.12205e+12
2026-09-30T07:14:18.524Z,gpu-3uwoq-6g3ya-2,ib_counter,rdma_vf_rail0,port_xmit_packets,1.07069e+09
2026-09-30T07:14:18.524Z,gpu-3uwoq-6g3ya-2,ib_counter,rdma_vf_rail0,port_rcv_packets,1.70185e+09
2026-09-30T07:14:18.524Z,gpu-3uwoq-6g3ya-2,ib_counter,rdma_vf_rail0,port_xmit_wait,0
2026-09-30T07:14:18.524Z,gpu-3uwoq-6g3ya-2,ib_counter,rdma_vf_rail0,port_rcv_errors,0
2026-09-30T07:14:18.524Z,gpu-3uwoq-6g3ya-2,ib_counter,rdma_vf_rail0,port_xmit_discards,0
2026-09-30T07:14:18.524Z,gpu-3uwoq-6g3ya-2,ib_counter,rdma_vf_rail0,link_downed,0
2026-09-30T07:14:18.524Z,gpu-3uwoq-6g3ya-2,ib_hw_counter,rdma_vf_rail0,out_of_sequence,8
2026-09-30T07:14:18.524Z,gpu-3uwoq-6g3ya-2,ib_hw_counter,rdma_vf_rail0,packet_seq_err,8
2026-09-30T07:14:18.524Z,gpu-3uwoq-6g3ya-2,ib_hw_counter,rdma_vf_rail0,local_ack_timeout_err,0
2026-09-30T07:14:18.524Z,gpu-3uwoq-6g3ya-2,ib_hw_counter,rdma_vf_rail0,rx_write_requests,7.13227e+08
2026-09-30T07:14:18.524Z,gpu-3uwoq-6g3ya-2,ib_hw_counter,rdma_vf_rail0,rx_read_requests,1.34188e+07
2026-09-30T07:14:18.524Z,gpu-3uwoq-6g3ya-2,ib_hw_counter,rdma_vf_rail0,req_cqe_error,0
2026-09-30T07:14:18.524Z,gpu-3uwoq-6g3ya-2,ib_hw_counter,rdma_vf_rail0,resp_cqe_error,0
2026-09-30T07:14:18.524Z,gpu-3uwoq-6g3ya-2,ib_hw_counter,rdma_vf_rail0,implied_nak_seq_err,0
2026-09-30T07:14:18.524Z,gpu-3uwoq-6g3ya-2,ib_hw_counter,rdma_vf_rail0,duplicate_request,0
2026-09-30T07:14:18.524Z,gpu-3uwoq-6g3ya-2,ib_counter,rdma_vf_rail1,port_xmit_data,3.05377e+12
2026-09-30T07:14:18.524Z,gpu-3uwoq-6g3ya-2,ib_counter,rdma_vf_rail1,port_rcv_data,6.01387e+12
2026-09-30T07:14:18.524Z,gpu-3uwoq-6g3ya-2,ib_counter,rdma_vf_rail1,port_xmit_packets,1.03797e+09
2026-09-30T07:14:18.524Z,gpu-3uwoq-6g3ya-2,ib_counter,rdma_vf_rail1,port_rcv_packets,1.66932e+09
2026-09-30T07:14:18.524Z,gpu-3uwoq-6g3ya-2,ib_counter,rdma_vf_rail1,port_xmit_wait,0
2026-09-30T07:14:18.524Z,gpu-3uwoq-6g3ya-2,ib_counter,rdma_vf_rail1,port_rcv_errors,0
2026-09-30T07:14:18.524Z,gpu-3uwoq-6g3ya-2,ib_counter,rdma_vf_rail1,port_xmit_discards,0
2026-09-30T07:14:18.524Z,gpu-3uwoq-6g3ya-2,ib_counter,rdma_vf_rail1,link_downed,0
2026-09-30T07:14:18.524Z,gpu-3uwoq-6g3ya-2,ib_hw_counter,rdma_vf_rail1,out_of_sequence,8
2026-09-30T07:14:18.524Z,gpu-3uwoq-6g3ya-2,ib_hw_counter,rdma_vf_rail1,packet_seq_err,7
2026-09-30T07:14:18.524Z,gpu-3uwoq-6g3ya-2,ib_hw_counter,rdma_vf_rail1,local_ack_timeout_err,0
2026-09-30T07:14:18.524Z,gpu-3uwoq-6g3ya-2,ib_hw_counter,rdma_vf_rail1,rx_write_requests,7.11635e+08
2026-09-30T07:14:18.524Z,gpu-3uwoq-6g3ya-2,ib_hw_counter,rdma_vf_rail1,rx_read_requests,1.26179e+07
2026-09-30T07:14:18.524Z,gpu-3uwoq-6g3ya-2,ib_hw_counter,rdma_vf_rail1,req_cqe_error,0
2026-09-30T07:14:18.524Z,gpu-3uwoq-6g3ya-2,ib_hw_counter,rdma_vf_rail1,resp_cqe_error,0
2026-09-30T07:14:18.524Z,gpu-3uwoq-6g3ya-2,ib_hw_counter,rdma_vf_rail1,implied_nak_seq_err,0
2026-09-30T07:14:18.524Z,gpu-3uwoq-6g3ya-2,ib_hw_counter,rdma_vf_rail1,duplicate_request,0
2026-09-30T07:14:18.524Z,gpu-3uwoq-6g3ya-2,ib_counter,rdma_vf_rail2,port_xmit_data,3.02625e+12
2026-09-30T07:14:18.524Z,gpu-3uwoq-6g3ya-2,ib_counter,rdma_vf_rail2,port_rcv_data,5.98568e+12
2026-09-30T07:14:18.524Z,gpu-3uwoq-6g3ya-2,ib_counter,rdma_vf_rail2,port_xmit_packets,1.0203e+09
2026-09-30T07:14:18.524Z,gpu-3uwoq-6g3ya-2,ib_counter,rdma_vf_rail2,port_rcv_packets,1.64541e+09
2026-09-30T07:14:18.524Z,gpu-3uwoq-6g3ya-2,ib_counter,rdma_vf_rail2,port_xmit_wait,0
2026-09-30T07:14:18.524Z,gpu-3uwoq-6g3ya-2,ib_counter,rdma_vf_rail2,port_rcv_errors,0
2026-09-30T07:14:18.524Z,gpu-3uwoq-6g3ya-2,ib_counter,rdma_vf_rail2,port_xmit_discards,0
2026-09-30T07:14:18.524Z,gpu-3uwoq-6g3ya-2,ib_counter,rdma_vf_rail2,link_downed,0
2026-09-30T07:14:18.524Z,gpu-3uwoq-6g3ya-2,ib_hw_counter,rdma_vf_rail2,out_of_sequence,8
2026-09-30T07:14:18.524Z,gpu-3uwoq-6g3ya-2,ib_hw_counter,rdma_vf_rail2,packet_seq_err,8
2026-09-30T07:14:18.524Z,gpu-3uwoq-6g3ya-2,ib_hw_counter,rdma_vf_rail2,local_ack_timeout_err,0
2026-09-30T07:14:18.524Z,gpu-3uwoq-6g3ya-2,ib_hw_counter,rdma_vf_rail2,rx_write_requests,7.11202e+08
2026-09-30T07:14:18.524Z,gpu-3uwoq-6g3ya-2,ib_hw_counter,rdma_vf_rail2,rx_read_requests,1.24102e+07
2026-09-30T07:14:18.524Z,gpu-3uwoq-6g3ya-2,ib_hw_counter,rdma_vf_rail2,req_cqe_error,0
2026-09-30T07:14:18.524Z,gpu-3uwoq-6g3ya-2,ib_hw_counter,rdma_vf_rail2,resp_cqe_error,0
2026-09-30T07:14:18.524Z,gpu-3uwoq-6g3ya-2,ib_hw_counter,rdma_vf_rail2,implied_nak_seq_err,0
2026-09-30T07:14:18.524Z,gpu-3uwoq-6g3ya-2,ib_hw_counter,rdma_vf_rail2,duplicate_request,0
2026-09-30T07:14:18.524Z,gpu-3uwoq-6g3ya-2,ib_counter,rdma_vf_rail3,port_xmit_data,3.02611e+12
2026-09-30T07:14:18.524Z,gpu-3uwoq-6g3ya-2,ib_counter,rdma_vf_rail3,port_rcv_data,5.98629e+12
2026-09-30T07:14:18.524Z,gpu-3uwoq-6g3ya-2,ib_counter,rdma_vf_rail3,port_xmit_packets,1.01864e+09
2026-09-30T07:14:18.524Z,gpu-3uwoq-6g3ya-2,ib_counter,rdma_vf_rail3,port_rcv_packets,1.65279e+09
2026-09-30T07:14:18.524Z,gpu-3uwoq-6g3ya-2,ib_counter,rdma_vf_rail3,port_xmit_wait,0
2026-09-30T07:14:18.524Z,gpu-3uwoq-6g3ya-2,ib_counter,rdma_vf_rail3,port_rcv_errors,0
2026-09-30T07:14:18.524Z,gpu-3uwoq-6g3ya-2,ib_counter,rdma_vf_rail3,port_xmit_discards,0
2026-09-30T07:14:18.524Z,gpu-3uwoq-6g3ya-2,ib_counter,rdma_vf_rail3,link_downed,0
2026-09-30T07:14:18.524Z,gpu-3uwoq-6g3ya-2,ib_hw_counter,rdma_vf_rail3,out_of_sequence,8
2026-09-30T07:14:18.524Z,gpu-3uwoq-6g3ya-2,ib_hw_counter,rdma_vf_rail3,packet_seq_err,9
2026-09-30T07:14:18.524Z,gpu-3uwoq-6g3ya-2,ib_hw_counter,rdma_vf_rail3,local_ack_timeout_err,0
2026-09-30T07:14:18.524Z,gpu-3uwoq-6g3ya-2,ib_hw_counter,rdma_vf_rail3,rx_write_requests,7.11202e+08
2026-09-30T07:14:18.524Z,gpu-3uwoq-6g3ya-2,ib_hw_counter,rdma_vf_rail3,rx_read_requests,1.24102e+07
2026-09-30T07:14:18.524Z,gpu-3uwoq-6g3ya-2,ib_hw_counter,rdma_vf_rail3,req_cqe_error,0
2026-09-30T07:14:18.524Z,gpu-3uwoq-6g3ya-2,ib_hw_counter,rdma_vf_rail3,resp_cqe_error,0
2026-09-30T07:14:18.524Z,gpu-3uwoq-6g3ya-2,ib_hw_counter,rdma_vf_rail3,implied_nak_seq_err,0
2026-09-30T07:14:18.524Z,gpu-3uwoq-6g3ya-2,ib_hw_counter,rdma_vf_rail3,duplicate_request,0
2026-09-30T07:14:18.524Z,gpu-3uwoq-6g3ya-2,dcgm,gpu2,gpu_util,0
2026-09-30T07:14:18.524Z,gpu-3uwoq-6g3ya-2,dcgm,gpu3,gpu_util,0
2026-09-30T07:14:18.524Z,gpu-3uwoq-6g3ya-2,dcgm,gpu1,gpu_util,0
2026-09-30T07:14:18.524Z,gpu-3uwoq-6g3ya-2,dcgm,gpu0,gpu_util,0
2026-09-30T07:14:18.524Z,gpu-3uwoq-6g3ya-2,dcgm,gpu2,nvlink_bandwidth_total,11
2026-09-30T07:14:18.524Z,gpu-3uwoq-6g3ya-2,dcgm,gpu3,nvlink_bandwidth_total,14
2026-09-30T07:14:18.524Z,gpu-3uwoq-6g3ya-2,dcgm,gpu1,nvlink_bandwidth_total,5
2026-09-30T07:14:18.524Z,gpu-3uwoq-6g3ya-2,dcgm,gpu0,nvlink_bandwidth_total,0
2026-09-30T07:14:18.524Z,gpu-3uwoq-6g3ya-2,dcgm,gpu2,power_w,232.412
2026-09-30T07:14:18.524Z,gpu-3uwoq-6g3ya-2,dcgm,gpu3,power_w,233.992
2026-09-30T07:14:18.524Z,gpu-3uwoq-6g3ya-2,dcgm,gpu1,power_w,230.031
2026-09-30T07:14:18.524Z,gpu-3uwoq-6g3ya-2,dcgm,gpu0,power_w,226.432
2026-09-30T07:14:18.524Z,gpu-3uwoq-6g3ya-2,dcgm,gpu2,sm_clock_mhz,2070
2026-09-30T07:14:18.524Z,gpu-3uwoq-6g3ya-2,dcgm,gpu3,sm_clock_mhz,2070
2026-09-30T07:14:18.524Z,gpu-3uwoq-6g3ya-2,dcgm,gpu1,sm_clock_mhz,2070
2026-09-30T07:14:18.524Z,gpu-3uwoq-6g3ya-2,dcgm,gpu0,sm_clock_mhz,2070
2026-09-30T07:14:18.524Z,gpu-3uwoq-6g3ya-2,dcgm,gpu2,dram_active,5e-06
2026-09-30T07:14:18.524Z,gpu-3uwoq-6g3ya-2,dcgm,gpu3,dram_active,5e-06
2026-09-30T07:14:18.524Z,gpu-3uwoq-6g3ya-2,dcgm,gpu1,dram_active,0
2026-09-30T07:14:18.524Z,gpu-3uwoq-6g3ya-2,dcgm,gpu0,dram_active,0
2026-09-30T07:14:18.524Z,gpu-3uwoq-6g3ya-2,dcgm,gpu2,pcie_rx_bytes,353177
2026-09-30T07:14:18.524Z,gpu-3uwoq-6g3ya-2,dcgm,gpu3,pcie_rx_bytes,53040
2026-09-30T07:14:18.524Z,gpu-3uwoq-6g3ya-2,dcgm,gpu1,pcie_rx_bytes,388727
2026-09-30T07:14:18.524Z,gpu-3uwoq-6g3ya-2,dcgm,gpu0,pcie_rx_bytes,402180
2026-09-30T07:14:18.524Z,gpu-3uwoq-6g3ya-2,dcgm,gpu2,pcie_tx_bytes,49327
2026-09-30T07:14:18.524Z,gpu-3uwoq-6g3ya-2,dcgm,gpu3,pcie_tx_bytes,49808
2026-09-30T07:14:18.524Z,gpu-3uwoq-6g3ya-2,dcgm,gpu1,pcie_tx_bytes,337701
2026-09-30T07:14:18.524Z,gpu-3uwoq-6g3ya-2,dcgm,gpu0,pcie_tx_bytes,350057
2026-09-30T07:14:18.524Z,gpu-3uwoq-6g3ya-2,dcgm,gpu2,tensor_active,0
2026-09-30T07:14:18.524Z,gpu-3uwoq-6g3ya-2,dcgm,gpu3,tensor_active,0
2026-09-30T07:14:18.524Z,gpu-3uwoq-6g3ya-2,dcgm,gpu1,tensor_active,0
2026-09-30T07:14:18.524Z,gpu-3uwoq-6g3ya-2,dcgm,gpu0,tensor_active,0
2026-09-30T07:14:18.524Z,gpu-3uwoq-6g3ya-2,dcgm,gpu2,sm_active,0
2026-09-30T07:14:18.524Z,gpu-3uwoq-6g3ya-2,dcgm,gpu3,sm_active,0
2026-09-30T07:14:18.524Z,gpu-3uwoq-6g3ya-2,dcgm,gpu1,sm_active,0
2026-09-30T07:14:18.524Z,gpu-3uwoq-6g3ya-2,dcgm,gpu0,sm_active,0
2026-09-30T07:14:18.524Z,gpu-3uwoq-6g3ya-2,nvlink,gpu0,nvlink_rx_bytes,4.84459e+13
2026-09-30T07:14:18.524Z,gpu-3uwoq-6g3ya-2,nvlink,gpu0,nvlink_tx_bytes,4.84493e+13
2026-09-30T07:14:18.524Z,gpu-3uwoq-6g3ya-2,nvlink,gpu1,nvlink_rx_bytes,4.8648e+13
2026-09-30T07:14:18.524Z,gpu-3uwoq-6g3ya-2,nvlink,gpu1,nvlink_tx_bytes,4.86502e+13
2026-09-30T07:14:18.524Z,gpu-3uwoq-6g3ya-2,nvlink,gpu2,nvlink_rx_bytes,4.84828e+13
2026-09-30T07:14:18.524Z,gpu-3uwoq-6g3ya-2,nvlink,gpu2,nvlink_tx_bytes,4.84863e+13
2026-09-30T07:14:18.524Z,gpu-3uwoq-6g3ya-2,nvlink,gpu3,nvlink_rx_bytes,4.83797e+13
2026-09-30T07:14:18.524Z,gpu-3uwoq-6g3ya-2,nvlink,gpu3,nvlink_tx_bytes,4.83829e+13
2026-09-30T07:14:19.524Z,gpu-3uwoq-6g3ya-2,ib_counter,rdma_vf_rail0,port_xmit_data,3.16204e+12
2026-09-30T07:14:19.524Z,gpu-3uwoq-6g3ya-2,ib_counter,rdma_vf_rail0,port_rcv_data,6.12211e+12
2026-09-30T07:14:19.524Z,gpu-3uwoq-6g3ya-2,ib_counter,rdma_vf_rail0,port_xmit_packets,1.0707e+09
2026-09-30T07:14:19.524Z,gpu-3uwoq-6g3ya-2,ib_counter,rdma_vf_rail0,port_rcv_packets,1.70186e+09
2026-09-30T07:14:19.524Z,gpu-3uwoq-6g3ya-2,ib_counter,rdma_vf_rail0,port_xmit_wait,0
2026-09-30T07:14:19.524Z,gpu-3uwoq-6g3ya-2,ib_counter,rdma_vf_rail0,port_rcv_errors,0
2026-09-30T07:14:19.524Z,gpu-3uwoq-6g3ya-2,ib_counter,rdma_vf_rail0,port_xmit_discards,0
2026-09-30T07:14:19.524Z,gpu-3uwoq-6g3ya-2,ib_counter,rdma_vf_rail0,link_downed,0
2026-09-30T07:14:19.524Z,gpu-3uwoq-6g3ya-2,ib_hw_counter,rdma_vf_rail0,out_of_sequence,8
2026-09-30T07:14:19.524Z,gpu-3uwoq-6g3ya-2,ib_hw_counter,rdma_vf_rail0,packet_seq_err,8
2026-09-30T07:14:19.524Z,gpu-3uwoq-6g3ya-2,ib_hw_counter,rdma_vf_rail0,local_ack_timeout_err,0
2026-09-30T07:14:19.524Z,gpu-3uwoq-6g3ya-2,ib_hw_counter,rdma_vf_rail0,rx_write_requests,7.13228e+08
2026-09-30T07:14:19.524Z,gpu-3uwoq-6g3ya-2,ib_hw_counter,rdma_vf_rail0,rx_read_requests,1.34189e+07
2026-09-30T07:14:19.524Z,gpu-3uwoq-6g3ya-2,ib_hw_counter,rdma_vf_rail0,req_cqe_error,0
2026-09-30T07:14:19.524Z,gpu-3uwoq-6g3ya-2,ib_hw_counter,rdma_vf_rail0,resp_cqe_error,0
2026-09-30T07:14:19.524Z,gpu-3uwoq-6g3ya-2,ib_hw_counter,rdma_vf_rail0,implied_nak_seq_err,0
2026-09-30T07:14:19.524Z,gpu-3uwoq-6g3ya-2,ib_hw_counter,rdma_vf_rail0,duplicate_request,0
2026-09-30T07:14:19.524Z,gpu-3uwoq-6g3ya-2,ib_counter,rdma_vf_rail1,port_xmit_data,3.05385e+12
2026-09-30T07:14:19.524Z,gpu-3uwoq-6g3ya-2,ib_counter,rdma_vf_rail1,port_rcv_data,6.01387e+12
2026-09-30T07:14:19.524Z,gpu-3uwoq-6g3ya-2,ib_counter,rdma_vf_rail1,port_xmit_packets,1.03799e+09
2026-09-30T07:14:19.524Z,gpu-3uwoq-6g3ya-2,ib_counter,rdma_vf_rail1,port_rcv_packets,1.66932e+09
2026-09-30T07:14:19.524Z,gpu-3uwoq-6g3ya-2,ib_counter,rdma_vf_rail1,port_xmit_wait,0
2026-09-30T07:14:19.524Z,gpu-3uwoq-6g3ya-2,ib_counter,rdma_vf_rail1,port_rcv_errors,0
2026-09-30T07:14:19.524Z,gpu-3uwoq-6g3ya-2,ib_counter,rdma_vf_rail1,port_xmit_discards,0
2026-09-30T07:14:19.524Z,gpu-3uwoq-6g3ya-2,ib_counter,rdma_vf_rail1,link_downed,0
2026-09-30T07:14:19.524Z,gpu-3uwoq-6g3ya-2,ib_hw_counter,rdma_vf_rail1,out_of_sequence,8
2026-09-30T07:14:19.524Z,gpu-3uwoq-6g3ya-2,ib_hw_counter,rdma_vf_rail1,packet_seq_err,7
2026-09-30T07:14:19.524Z,gpu-3uwoq-6g3ya-2,ib_hw_counter,rdma_vf_rail1,local_ack_timeout_err,0
2026-09-30T07:14:19.524Z,gpu-3uwoq-6g3ya-2,ib_hw_counter,rdma_vf_rail1,rx_write_requests,7.11635e+08
2026-09-30T07:14:19.524Z,gpu-3uwoq-6g3ya-2,ib_hw_counter,rdma_vf_rail1,rx_read_requests,1.26179e+07
2026-09-30T07:14:19.524Z,gpu-3uwoq-6g3ya-2,ib_hw_counter,rdma_vf_rail1,req_cqe_error,0
2026-09-30T07:14:19.524Z,gpu-3uwoq-6g3ya-2,ib_hw_counter,rdma_vf_rail1,resp_cqe_error,0
2026-09-30T07:14:19.524Z,gpu-3uwoq-6g3ya-2,ib_hw_counter,rdma_vf_rail1,implied_nak_seq_err,0
2026-09-30T07:14:19.524Z,gpu-3uwoq-6g3ya-2,ib_hw_counter,rdma_vf_rail1,duplicate_request,0
2026-09-30T07:14:19.524Z,gpu-3uwoq-6g3ya-2,ib_counter,rdma_vf_rail2,port_xmit_data,3.02628e+12
2026-09-30T07:14:19.524Z,gpu-3uwoq-6g3ya-2,ib_counter,rdma_vf_rail2,port_rcv_data,5.98574e+12
2026-09-30T07:14:19.524Z,gpu-3uwoq-6g3ya-2,ib_counter,rdma_vf_rail2,port_xmit_packets,1.02031e+09
2026-09-30T07:14:19.524Z,gpu-3uwoq-6g3ya-2,ib_counter,rdma_vf_rail2,port_rcv_packets,1.64542e+09
2026-09-30T07:14:19.524Z,gpu-3uwoq-6g3ya-2,ib_counter,rdma_vf_rail2,port_xmit_wait,0
2026-09-30T07:14:19.524Z,gpu-3uwoq-6g3ya-2,ib_counter,rdma_vf_rail2,port_rcv_errors,0
2026-09-30T07:14:19.524Z,gpu-3uwoq-6g3ya-2,ib_counter,rdma_vf_rail2,port_xmit_discards,0
2026-09-30T07:14:19.524Z,gpu-3uwoq-6g3ya-2,ib_counter,rdma_vf_rail2,link_downed,0
2026-09-30T07:14:19.524Z,gpu-3uwoq-6g3ya-2,ib_hw_counter,rdma_vf_rail2,out_of_sequence,8
2026-09-30T07:14:19.524Z,gpu-3uwoq-6g3ya-2,ib_hw_counter,rdma_vf_rail2,packet_seq_err,8
2026-09-30T07:14:19.524Z,gpu-3uwoq-6g3ya-2,ib_hw_counter,rdma_vf_rail2,local_ack_timeout_err,0
2026-09-30T07:14:19.524Z,gpu-3uwoq-6g3ya-2,ib_hw_counter,rdma_vf_rail2,rx_write_requests,7.11202e+08
2026-09-30T07:14:19.524Z,gpu-3uwoq-6g3ya-2,ib_hw_counter,rdma_vf_rail2,rx_read_requests,1.24103e+07
2026-09-30T07:14:19.524Z,gpu-3uwoq-6g3ya-2,ib_hw_counter,rdma_vf_rail2,req_cqe_error,0
2026-09-30T07:14:19.524Z,gpu-3uwoq-6g3ya-2,ib_hw_counter,rdma_vf_rail2,resp_cqe_error,0
2026-09-30T07:14:19.524Z,gpu-3uwoq-6g3ya-2,ib_hw_counter,rdma_vf_rail2,implied_nak_seq_err,0
2026-09-30T07:14:19.524Z,gpu-3uwoq-6g3ya-2,ib_hw_counter,rdma_vf_rail2,duplicate_request,0
2026-09-30T07:14:19.524Z,gpu-3uwoq-6g3ya-2,ib_counter,rdma_vf_rail3,port_xmit_data,3.02614e+12
2026-09-30T07:14:19.524Z,gpu-3uwoq-6g3ya-2,ib_counter,rdma_vf_rail3,port_rcv_data,5.98635e+12
2026-09-30T07:14:19.524Z,gpu-3uwoq-6g3ya-2,ib_counter,rdma_vf_rail3,port_xmit_packets,1.01864e+09
2026-09-30T07:14:19.524Z,gpu-3uwoq-6g3ya-2,ib_counter,rdma_vf_rail3,port_rcv_packets,1.65281e+09
2026-09-30T07:14:19.524Z,gpu-3uwoq-6g3ya-2,ib_counter,rdma_vf_rail3,port_xmit_wait,0
2026-09-30T07:14:19.524Z,gpu-3uwoq-6g3ya-2,ib_counter,rdma_vf_rail3,port_rcv_errors,0
2026-09-30T07:14:19.524Z,gpu-3uwoq-6g3ya-2,ib_counter,rdma_vf_rail3,port_xmit_discards,0
2026-09-30T07:14:19.524Z,gpu-3uwoq-6g3ya-2,ib_counter,rdma_vf_rail3,link_downed,0
2026-09-30T07:14:19.524Z,gpu-3uwoq-6g3ya-2,ib_hw_counter,rdma_vf_rail3,out_of_sequence,8
2026-09-30T07:14:19.524Z,gpu-3uwoq-6g3ya-2,ib_hw_counter,rdma_vf_rail3,packet_seq_err,9
2026-09-30T07:14:19.524Z,gpu-3uwoq-6g3ya-2,ib_hw_counter,rdma_vf_rail3,local_ack_timeout_err,0
2026-09-30T07:14:19.524Z,gpu-3uwoq-6g3ya-2,ib_hw_counter,rdma_vf_rail3,rx_write_requests,7.11202e+08
2026-09-30T07:14:19.524Z,gpu-3uwoq-6g3ya-2,ib_hw_counter,rdma_vf_rail3,rx_read_requests,1.24103e+07
2026-09-30T07:14:19.524Z,gpu-3uwoq-6g3ya-2,ib_hw_counter,rdma_vf_rail3,req_cqe_error,0
2026-09-30T07:14:19.524Z,gpu-3uwoq-6g3ya-2,ib_hw_counter,rdma_vf_rail3,resp_cqe_error,0
2026-09-30T07:14:19.524Z,gpu-3uwoq-6g3ya-2,ib_hw_counter,rdma_vf_rail3,implied_nak_seq_err,0
2026-09-30T07:14:19.524Z,gpu-3uwoq-6g3ya-2,ib_hw_counter,rdma_vf_rail3,duplicate_request,0
2026-09-30T07:14:19.524Z,gpu-3uwoq-6g3ya-2,dcgm,gpu2,gpu_util,0
2026-09-30T07:14:19.524Z,gpu-3uwoq-6g3ya-2,dcgm,gpu3,gpu_util,0
2026-09-30T07:14:19.524Z,gpu-3uwoq-6g3ya-2,dcgm,gpu1,gpu_util,0
2026-09-30T07:14:19.524Z,gpu-3uwoq-6g3ya-2,dcgm,gpu0,gpu_util,0
2026-09-30T07:14:19.524Z,gpu-3uwoq-6g3ya-2,dcgm,gpu2,nvlink_bandwidth_total,11
2026-09-30T07:14:19.524Z,gpu-3uwoq-6g3ya-2,dcgm,gpu3,nvlink_bandwidth_total,14
2026-09-30T07:14:19.524Z,gpu-3uwoq-6g3ya-2,dcgm,gpu1,nvlink_bandwidth_total,5
2026-09-30T07:14:19.524Z,gpu-3uwoq-6g3ya-2,dcgm,gpu0,nvlink_bandwidth_total,0
2026-09-30T07:14:19.524Z,gpu-3uwoq-6g3ya-2,dcgm,gpu2,power_w,232.412
2026-09-30T07:14:19.524Z,gpu-3uwoq-6g3ya-2,dcgm,gpu3,power_w,233.992
2026-09-30T07:14:19.524Z,gpu-3uwoq-6g3ya-2,dcgm,gpu1,power_w,230.031
2026-09-30T07:14:19.524Z,gpu-3uwoq-6g3ya-2,dcgm,gpu0,power_w,226.432
2026-09-30T07:14:19.524Z,gpu-3uwoq-6g3ya-2,dcgm,gpu2,sm_clock_mhz,2070
2026-09-30T07:14:19.524Z,gpu-3uwoq-6g3ya-2,dcgm,gpu3,sm_clock_mhz,2070
2026-09-30T07:14:19.524Z,gpu-3uwoq-6g3ya-2,dcgm,gpu1,sm_clock_mhz,2070
2026-09-30T07:14:19.524Z,gpu-3uwoq-6g3ya-2,dcgm,gpu0,sm_clock_mhz,2070
2026-09-30T07:14:19.524Z,gpu-3uwoq-6g3ya-2,dcgm,gpu2,dram_active,5e-06
2026-09-30T07:14:19.524Z,gpu-3uwoq-6g3ya-2,dcgm,gpu3,dram_active,5e-06
2026-09-30T07:14:19.524Z,gpu-3uwoq-6g3ya-2,dcgm,gpu1,dram_active,0
2026-09-30T07:14:19.524Z,gpu-3uwoq-6g3ya-2,dcgm,gpu0,dram_active,0
2026-09-30T07:14:19.524Z,gpu-3uwoq-6g3ya-2,dcgm,gpu2,pcie_rx_bytes,353177
2026-09-30T07:14:19.524Z,gpu-3uwoq-6g3ya-2,dcgm,gpu3,pcie_rx_bytes,53040
2026-09-30T07:14:19.524Z,gpu-3uwoq-6g3ya-2,dcgm,gpu1,pcie_rx_bytes,388727
2026-09-30T07:14:19.524Z,gpu-3uwoq-6g3ya-2,dcgm,gpu0,pcie_rx_bytes,402180
2026-09-30T07:14:19.524Z,gpu-3uwoq-6g3ya-2,dcgm,gpu2,pcie_tx_bytes,49327
2026-09-30T07:14:19.524Z,gpu-3uwoq-6g3ya-2,dcgm,gpu3,pcie_tx_bytes,49808
2026-09-30T07:14:19.524Z,gpu-3uwoq-6g3ya-2,dcgm,gpu1,pcie_tx_bytes,337701
2026-09-30T07:14:19.524Z,gpu-3uwoq-6g3ya-2,dcgm,gpu0,pcie_tx_bytes,350057
2026-09-30T07:14:19.524Z,gpu-3uwoq-6g3ya-2,dcgm,gpu2,tensor_active,0
2026-09-30T07:14:19.524Z,gpu-3uwoq-6g3ya-2,dcgm,gpu3,tensor_active,0
2026-09-30T07:14:19.524Z,gpu-3uwoq-6g3ya-2,dcgm,gpu1,tensor_active,0
2026-09-30T07:14:19.524Z,gpu-3uwoq-6g3ya-2,dcgm,gpu0,tensor_active,0
2026-09-30T07:14:19.524Z,gpu-3uwoq-6g3ya-2,dcgm,gpu2,sm_active,0
2026-09-30T07:14:19.524Z,gpu-3uwoq-6g3ya-2,dcgm,gpu3,sm_active,0
2026-09-30T07:14:19.524Z,gpu-3uwoq-6g3ya-2,dcgm,gpu1,sm_active,0
2026-09-30T07:14:19.524Z,gpu-3uwoq-6g3ya-2,dcgm,gpu0,sm_active,0
2026-09-30T07:14:19.524Z,gpu-3uwoq-6g3ya-2,nvlink,gpu0,nvlink_rx_bytes,4.84459e+13
2026-09-30T07:14:19.524Z,gpu-3uwoq-6g3ya-2,nvlink,gpu0,nvlink_tx_bytes,4.84493e+13
2026-09-30T07:14:19.524Z,gpu-3uwoq-6g3ya-2,nvlink,gpu1,nvlink_rx_bytes,4.8648e+13
2026-09-30T07:14:19.524Z,gpu-3uwoq-6g3ya-2,nvlink,gpu1,nvlink_tx_bytes,4.86502e+13
2026-09-30T07:14:19.524Z,gpu-3uwoq-6g3ya-2,nvlink,gpu2,nvlink_rx_bytes,4.84828e+13
2026-09-30T07:14:19.524Z,gpu-3uwoq-6g3ya-2,nvlink,gpu2,nvlink_tx_bytes,4.84863e+13
2026-09-30T07:14:19.524Z,gpu-3uwoq-6g3ya-2,nvlink,gpu3,nvlink_rx_bytes,4.83797e+13
2026-09-30T07:14:19.524Z,gpu-3uwoq-6g3ya-2,nvlink,gpu3,nvlink_tx_bytes,4.83829e+13
2026-09-30T07:14:20.524Z,gpu-3uwoq-6g3ya-2,ib_counter,rdma_vf_rail0,port_xmit_data,3.16204e+12
2026-09-30T07:14:20.524Z,gpu-3uwoq-6g3ya-2,ib_counter,rdma_vf_rail0,port_rcv_data,6.12211e+12
2026-09-30T07:14:20.524Z,gpu-3uwoq-6g3ya-2,ib_counter,rdma_vf_rail0,port_xmit_packets,1.0707e+09
2026-09-30T07:14:20.524Z,gpu-3uwoq-6g3ya-2,ib_counter,rdma_vf_rail0,port_rcv_packets,1.70186e+09
2026-09-30T07:14:20.524Z,gpu-3uwoq-6g3ya-2,ib_counter,rdma_vf_rail0,port_xmit_wait,0
2026-09-30T07:14:20.524Z,gpu-3uwoq-6g3ya-2,ib_counter,rdma_vf_rail0,port_rcv_errors,0
2026-09-30T07:14:20.524Z,gpu-3uwoq-6g3ya-2,ib_counter,rdma_vf_rail0,port_xmit_discards,0
2026-09-30T07:14:20.524Z,gpu-3uwoq-6g3ya-2,ib_counter,rdma_vf_rail0,link_downed,0
2026-09-30T07:14:20.524Z,gpu-3uwoq-6g3ya-2,ib_hw_counter,rdma_vf_rail0,out_of_sequence,8
2026-09-30T07:14:20.524Z,gpu-3uwoq-6g3ya-2,ib_hw_counter,rdma_vf_rail0,packet_seq_err,8
2026-09-30T07:14:20.524Z,gpu-3uwoq-6g3ya-2,ib_hw_counter,rdma_vf_rail0,local_ack_timeout_err,0
2026-09-30T07:14:20.524Z,gpu-3uwoq-6g3ya-2,ib_hw_counter,rdma_vf_rail0,rx_write_requests,7.13228e+08
2026-09-30T07:14:20.524Z,gpu-3uwoq-6g3ya-2,ib_hw_counter,rdma_vf_rail0,rx_read_requests,1.34189e+07
2026-09-30T07:14:20.524Z,gpu-3uwoq-6g3ya-2,ib_hw_counter,rdma_vf_rail0,req_cqe_error,0
2026-09-30T07:14:20.524Z,gpu-3uwoq-6g3ya-2,ib_hw_counter,rdma_vf_rail0,resp_cqe_error,0
2026-09-30T07:14:20.524Z,gpu-3uwoq-6g3ya-2,ib_hw_counter,rdma_vf_rail0,implied_nak_seq_err,0
2026-09-30T07:14:20.524Z,gpu-3uwoq-6g3ya-2,ib_hw_counter,rdma_vf_rail0,duplicate_request,0
2026-09-30T07:14:20.524Z,gpu-3uwoq-6g3ya-2,ib_counter,rdma_vf_rail1,port_xmit_data,3.05385e+12
2026-09-30T07:14:20.524Z,gpu-3uwoq-6g3ya-2,ib_counter,rdma_vf_rail1,port_rcv_data,6.01387e+12
2026-09-30T07:14:20.524Z,gpu-3uwoq-6g3ya-2,ib_counter,rdma_vf_rail1,port_xmit_packets,1.03799e+09
2026-09-30T07:14:20.524Z,gpu-3uwoq-6g3ya-2,ib_counter,rdma_vf_rail1,port_rcv_packets,1.66932e+09
2026-09-30T07:14:20.524Z,gpu-3uwoq-6g3ya-2,ib_counter,rdma_vf_rail1,port_xmit_wait,0
2026-09-30T07:14:20.524Z,gpu-3uwoq-6g3ya-2,ib_counter,rdma_vf_rail1,port_rcv_errors,0
2026-09-30T07:14:20.524Z,gpu-3uwoq-6g3ya-2,ib_counter,rdma_vf_rail1,port_xmit_discards,0
2026-09-30T07:14:20.524Z,gpu-3uwoq-6g3ya-2,ib_counter,rdma_vf_rail1,link_downed,0
2026-09-30T07:14:20.524Z,gpu-3uwoq-6g3ya-2,ib_hw_counter,rdma_vf_rail1,out_of_sequence,8
2026-09-30T07:14:20.524Z,gpu-3uwoq-6g3ya-2,ib_hw_counter,rdma_vf_rail1,packet_seq_err,7
2026-09-30T07:14:20.524Z,gpu-3uwoq-6g3ya-2,ib_hw_counter,rdma_vf_rail1,local_ack_timeout_err,0
2026-09-30T07:14:20.524Z,gpu-3uwoq-6g3ya-2,ib_hw_counter,rdma_vf_rail1,rx_write_requests,7.11635e+08
2026-09-30T07:14:20.524Z,gpu-3uwoq-6g3ya-2,ib_hw_counter,rdma_vf_rail1,rx_read_requests,1.26179e+07
2026-09-30T07:14:20.524Z,gpu-3uwoq-6g3ya-2,ib_hw_counter,rdma_vf_rail1,req_cqe_error,0
2026-09-30T07:14:20.524Z,gpu-3uwoq-6g3ya-2,ib_hw_counter,rdma_vf_rail1,resp_cqe_error,0
2026-09-30T07:14:20.524Z,gpu-3uwoq-6g3ya-2,ib_hw_counter,rdma_vf_rail1,implied_nak_seq_err,0
2026-09-30T07:14:20.524Z,gpu-3uwoq-6g3ya-2,ib_hw_counter,rdma_vf_rail1,duplicate_request,0
2026-09-30T07:14:20.524Z,gpu-3uwoq-6g3ya-2,ib_counter,rdma_vf_rail2,port_xmit_data,3.02628e+12
2026-09-30T07:14:20.524Z,gpu-3uwoq-6g3ya-2,ib_counter,rdma_vf_rail2,port_rcv_data,5.98574e+12
2026-09-30T07:14:20.524Z,gpu-3uwoq-6g3ya-2,ib_counter,rdma_vf_rail2,port_xmit_packets,1.02031e+09
2026-09-30T07:14:20.524Z,gpu-3uwoq-6g3ya-2,ib_counter,rdma_vf_rail2,port_rcv_packets,1.64542e+09
2026-09-30T07:14:20.524Z,gpu-3uwoq-6g3ya-2,ib_counter,rdma_vf_rail2,port_xmit_wait,0
2026-09-30T07:14:20.524Z,gpu-3uwoq-6g3ya-2,ib_counter,rdma_vf_rail2,port_rcv_errors,0
2026-09-30T07:14:20.524Z,gpu-3uwoq-6g3ya-2,ib_counter,rdma_vf_rail2,port_xmit_discards,0
2026-09-30T07:14:20.524Z,gpu-3uwoq-6g3ya-2,ib_counter,rdma_vf_rail2,link_downed,0
2026-09-30T07:14:20.524Z,gpu-3uwoq-6g3ya-2,ib_hw_counter,rdma_vf_rail2,out_of_sequence,8
2026-09-30T07:14:20.524Z,gpu-3uwoq-6g3ya-2,ib_hw_counter,rdma_vf_rail2,packet_seq_err,8
2026-09-30T07:14:20.524Z,gpu-3uwoq-6g3ya-2,ib_hw_counter,rdma_vf_rail2,local_ack_timeout_err,0
2026-09-30T07:14:20.524Z,gpu-3uwoq-6g3ya-2,ib_hw_counter,rdma_vf_rail2,rx_write_requests,7.11202e+08
2026-09-30T07:14:20.524Z,gpu-3uwoq-6g3ya-2,ib_hw_counter,rdma_vf_rail2,rx_read_requests,1.24103e+07
2026-09-30T07:14:20.524Z,gpu-3uwoq-6g3ya-2,ib_hw_counter,rdma_vf_rail2,req_cqe_error,0
2026-09-30T07:14:20.524Z,gpu-3uwoq-6g3ya-2,ib_hw_counter,rdma_vf_rail2,resp_cqe_error,0
2026-09-30T07:14:20.524Z,gpu-3uwoq-6g3ya-2,ib_hw_counter,rdma_vf_rail2,implied_nak_seq_err,0
2026-09-30T07:14:20.524Z,gpu-3uwoq-6g3ya-2,ib_hw_counter,rdma_vf_rail2,duplicate_request,0
2026-09-30T07:14:20.524Z,gpu-3uwoq-6g3ya-2,ib_counter,rdma_vf_rail3,port_xmit_data,3.02614e+12
2026-09-30T07:14:20.524Z,gpu-3uwoq-6g3ya-2,ib_counter,rdma_vf_rail3,port_rcv_data,5.98635e+12
2026-09-30T07:14:20.524Z,gpu-3uwoq-6g3ya-2,ib_counter,rdma_vf_rail3,port_xmit_packets,1.01864e+09
2026-09-30T07:14:20.524Z,gpu-3uwoq-6g3ya-2,ib_counter,rdma_vf_rail3,port_rcv_packets,1.65281e+09
2026-09-30T07:14:20.524Z,gpu-3uwoq-6g3ya-2,ib_counter,rdma_vf_rail3,port_xmit_wait,0
2026-09-30T07:14:20.524Z,gpu-3uwoq-6g3ya-2,ib_counter,rdma_vf_rail3,port_rcv_errors,0
2026-09-30T07:14:20.524Z,gpu-3uwoq-6g3ya-2,ib_counter,rdma_vf_rail3,port_xmit_discards,0
2026-09-30T07:14:20.524Z,gpu-3uwoq-6g3ya-2,ib_counter,rdma_vf_rail3,link_downed,0
2026-09-30T07:14:20.524Z,gpu-3uwoq-6g3ya-2,ib_hw_counter,rdma_vf_rail3,out_of_sequence,8
2026-09-30T07:14:20.524Z,gpu-3uwoq-6g3ya-2,ib_hw_counter,rdma_vf_rail3,packet_seq_err,9
2026-09-30T07:14:20.524Z,gpu-3uwoq-6g3ya-2,ib_hw_counter,rdma_vf_rail3,local_ack_timeout_err,0
2026-09-30T07:14:20.524Z,gpu-3uwoq-6g3ya-2,ib_hw_counter,rdma_vf_rail3,rx_write_requests,7.11202e+08
2026-09-30T07:14:20.524Z,gpu-3uwoq-6g3ya-2,ib_hw_counter,rdma_vf_rail3,rx_read_requests,1.24103e+07
2026-09-30T07:14:20.524Z,gpu-3uwoq-6g3ya-2,ib_hw_counter,rdma_vf_rail3,req_cqe_error,0
2026-09-30T07:14:20.524Z,gpu-3uwoq-6g3ya-2,ib_hw_counter,rdma_vf_rail3,resp_cqe_error,0
2026-09-30T07:14:20.524Z,gpu-3uwoq-6g3ya-2,ib_hw_counter,rdma_vf_rail3,implied_nak_seq_err,0
2026-09-30T07:14:20.524Z,gpu-3uwoq-6g3ya-2,ib_hw_counter,rdma_vf_rail3,duplicate_request,0
2026-09-30T07:14:20.524Z,gpu-3uwoq-6g3ya-2,dcgm,gpu2,gpu_util,0
2026-09-30T07:14:20.524Z,gpu-3uwoq-6g3ya-2,dcgm,gpu3,gpu_util,0
2026-09-30T07:14:20.524Z,gpu-3uwoq-6g3ya-2,dcgm,gpu1,gpu_util,0
2026-09-30T07:14:20.524Z,gpu-3uwoq-6g3ya-2,dcgm,gpu0,gpu_util,0
2026-09-30T07:14:20.524Z,gpu-3uwoq-6g3ya-2,dcgm,gpu2,nvlink_bandwidth_total,11
2026-09-30T07:14:20.524Z,gpu-3uwoq-6g3ya-2,dcgm,gpu3,nvlink_bandwidth_total,14
2026-09-30T07:14:20.524Z,gpu-3uwoq-6g3ya-2,dcgm,gpu1,nvlink_bandwidth_total,5
2026-09-30T07:14:20.524Z,gpu-3uwoq-6g3ya-2,dcgm,gpu0,nvlink_bandwidth_total,0
2026-09-30T07:14:20.524Z,gpu-3uwoq-6g3ya-2,dcgm,gpu2,power_w,232.412
2026-09-30T07:14:20.524Z,gpu-3uwoq-6g3ya-2,dcgm,gpu3,power_w,233.992
2026-09-30T07:14:20.524Z,gpu-3uwoq-6g3ya-2,dcgm,gpu1,power_w,229.968
2026-09-30T07:14:20.524Z,gpu-3uwoq-6g3ya-2,dcgm,gpu0,power_w,226.588
2026-09-30T07:14:20.524Z,gpu-3uwoq-6g3ya-2,dcgm,gpu2,sm_clock_mhz,2070
2026-09-30T07:14:20.524Z,gpu-3uwoq-6g3ya-2,dcgm,gpu3,sm_clock_mhz,2070
2026-09-30T07:14:20.524Z,gpu-3uwoq-6g3ya-2,dcgm,gpu1,sm_clock_mhz,2070
2026-09-30T07:14:20.524Z,gpu-3uwoq-6g3ya-2,dcgm,gpu0,sm_clock_mhz,2070
2026-09-30T07:14:20.524Z,gpu-3uwoq-6g3ya-2,dcgm,gpu2,dram_active,5e-06
2026-09-30T07:14:20.524Z,gpu-3uwoq-6g3ya-2,dcgm,gpu3,dram_active,5e-06
2026-09-30T07:14:20.524Z,gpu-3uwoq-6g3ya-2,dcgm,gpu1,dram_active,5e-06
2026-09-30T07:14:20.524Z,gpu-3uwoq-6g3ya-2,dcgm,gpu0,dram_active,5e-06
2026-09-30T07:14:20.524Z,gpu-3uwoq-6g3ya-2,dcgm,gpu2,pcie_rx_bytes,353177
2026-09-30T07:14:20.524Z,gpu-3uwoq-6g3ya-2,dcgm,gpu3,pcie_rx_bytes,281346
2026-09-30T07:14:20.524Z,gpu-3uwoq-6g3ya-2,dcgm,gpu1,pcie_rx_bytes,388727
2026-09-30T07:14:20.524Z,gpu-3uwoq-6g3ya-2,dcgm,gpu0,pcie_rx_bytes,402180
2026-09-30T07:14:20.524Z,gpu-3uwoq-6g3ya-2,dcgm,gpu2,pcie_tx_bytes,301337
2026-09-30T07:14:20.524Z,gpu-3uwoq-6g3ya-2,dcgm,gpu3,pcie_tx_bytes,246732
2026-09-30T07:14:20.524Z,gpu-3uwoq-6g3ya-2,dcgm,gpu1,pcie_tx_bytes,337701
2026-09-30T07:14:20.524Z,gpu-3uwoq-6g3ya-2,dcgm,gpu0,pcie_tx_bytes,350057
2026-09-30T07:14:20.524Z,gpu-3uwoq-6g3ya-2,dcgm,gpu2,tensor_active,0
2026-09-30T07:14:20.524Z,gpu-3uwoq-6g3ya-2,dcgm,gpu3,tensor_active,0
2026-09-30T07:14:20.524Z,gpu-3uwoq-6g3ya-2,dcgm,gpu1,tensor_active,0
2026-09-30T07:14:20.524Z,gpu-3uwoq-6g3ya-2,dcgm,gpu0,tensor_active,0
2026-09-30T07:14:20.524Z,gpu-3uwoq-6g3ya-2,dcgm,gpu2,sm_active,0
2026-09-30T07:14:20.524Z,gpu-3uwoq-6g3ya-2,dcgm,gpu3,sm_active,0
2026-09-30T07:14:20.524Z,gpu-3uwoq-6g3ya-2,dcgm,gpu1,sm_active,0
2026-09-30T07:14:20.524Z,gpu-3uwoq-6g3ya-2,dcgm,gpu0,sm_active,0
2026-09-30T07:14:20.524Z,gpu-3uwoq-6g3ya-2,nvlink,gpu0,nvlink_rx_bytes,4.84459e+13
2026-09-30T07:14:20.524Z,gpu-3uwoq-6g3ya-2,nvlink,gpu0,nvlink_tx_bytes,4.84493e+13
2026-09-30T07:14:20.524Z,gpu-3uwoq-6g3ya-2,nvlink,gpu1,nvlink_rx_bytes,4.8648e+13
2026-09-30T07:14:20.524Z,gpu-3uwoq-6g3ya-2,nvlink,gpu1,nvlink_tx_bytes,4.86502e+13
2026-09-30T07:14:20.524Z,gpu-3uwoq-6g3ya-2,nvlink,gpu2,nvlink_rx_bytes,4.84828e+13
2026-09-30T07:14:20.524Z,gpu-3uwoq-6g3ya-2,nvlink,gpu2,nvlink_tx_bytes,4.84863e+13
2026-09-30T07:14:20.524Z,gpu-3uwoq-6g3ya-2,nvlink,gpu3,nvlink_rx_bytes,4.83797e+13
2026-09-30T07:14:20.524Z,gpu-3uwoq-6g3ya-2,nvlink,gpu3,nvlink_tx_bytes,4.83829e+13
2026-09-30T07:14:21.524Z,gpu-3uwoq-6g3ya-2,ib_counter,rdma_vf_rail0,port_xmit_data,3.16204e+12
2026-09-30T07:14:21.524Z,gpu-3uwoq-6g3ya-2,ib_counter,rdma_vf_rail0,port_rcv_data,6.12211e+12
2026-09-30T07:14:21.524Z,gpu-3uwoq-6g3ya-2,ib_counter,rdma_vf_rail0,port_xmit_packets,1.0707e+09
2026-09-30T07:14:21.524Z,gpu-3uwoq-6g3ya-2,ib_counter,rdma_vf_rail0,port_rcv_packets,1.70186e+09
2026-09-30T07:14:21.524Z,gpu-3uwoq-6g3ya-2,ib_counter,rdma_vf_rail0,port_xmit_wait,0
2026-09-30T07:14:21.524Z,gpu-3uwoq-6g3ya-2,ib_counter,rdma_vf_rail0,port_rcv_errors,0
2026-09-30T07:14:21.524Z,gpu-3uwoq-6g3ya-2,ib_counter,rdma_vf_rail0,port_xmit_discards,0
2026-09-30T07:14:21.524Z,gpu-3uwoq-6g3ya-2,ib_counter,rdma_vf_rail0,link_downed,0
2026-09-30T07:14:21.524Z,gpu-3uwoq-6g3ya-2,ib_hw_counter,rdma_vf_rail0,out_of_sequence,8
2026-09-30T07:14:21.524Z,gpu-3uwoq-6g3ya-2,ib_hw_counter,rdma_vf_rail0,packet_seq_err,8
2026-09-30T07:14:21.524Z,gpu-3uwoq-6g3ya-2,ib_hw_counter,rdma_vf_rail0,local_ack_timeout_err,0
2026-09-30T07:14:21.524Z,gpu-3uwoq-6g3ya-2,ib_hw_counter,rdma_vf_rail0,rx_write_requests,7.13228e+08
2026-09-30T07:14:21.524Z,gpu-3uwoq-6g3ya-2,ib_hw_counter,rdma_vf_rail0,rx_read_requests,1.34189e+07
2026-09-30T07:14:21.524Z,gpu-3uwoq-6g3ya-2,ib_hw_counter,rdma_vf_rail0,req_cqe_error,0
2026-09-30T07:14:21.524Z,gpu-3uwoq-6g3ya-2,ib_hw_counter,rdma_vf_rail0,resp_cqe_error,0
2026-09-30T07:14:21.524Z,gpu-3uwoq-6g3ya-2,ib_hw_counter,rdma_vf_rail0,implied_nak_seq_err,0
2026-09-30T07:14:21.524Z,gpu-3uwoq-6g3ya-2,ib_hw_counter,rdma_vf_rail0,duplicate_request,0
2026-09-30T07:14:21.524Z,gpu-3uwoq-6g3ya-2,ib_counter,rdma_vf_rail1,port_xmit_data,3.05385e+12
2026-09-30T07:14:21.524Z,gpu-3uwoq-6g3ya-2,ib_counter,rdma_vf_rail1,port_rcv_data,6.01387e+12
2026-09-30T07:14:21.524Z,gpu-3uwoq-6g3ya-2,ib_counter,rdma_vf_rail1,port_xmit_packets,1.03799e+09
2026-09-30T07:14:21.524Z,gpu-3uwoq-6g3ya-2,ib_counter,rdma_vf_rail1,port_rcv_packets,1.66932e+09
2026-09-30T07:14:21.524Z,gpu-3uwoq-6g3ya-2,ib_counter,rdma_vf_rail1,port_xmit_wait,0
2026-09-30T07:14:21.524Z,gpu-3uwoq-6g3ya-2,ib_counter,rdma_vf_rail1,port_rcv_errors,0
2026-09-30T07:14:21.524Z,gpu-3uwoq-6g3ya-2,ib_counter,rdma_vf_rail1,port_xmit_discards,0
2026-09-30T07:14:21.524Z,gpu-3uwoq-6g3ya-2,ib_counter,rdma_vf_rail1,link_downed,0
2026-09-30T07:14:21.524Z,gpu-3uwoq-6g3ya-2,ib_hw_counter,rdma_vf_rail1,out_of_sequence,8
2026-09-30T07:14:21.524Z,gpu-3uwoq-6g3ya-2,ib_hw_counter,rdma_vf_rail1,packet_seq_err,7
2026-09-30T07:14:21.524Z,gpu-3uwoq-6g3ya-2,ib_hw_counter,rdma_vf_rail1,local_ack_timeout_err,0
2026-09-30T07:14:21.524Z,gpu-3uwoq-6g3ya-2,ib_hw_counter,rdma_vf_rail1,rx_write_requests,7.11635e+08
2026-09-30T07:14:21.524Z,gpu-3uwoq-6g3ya-2,ib_hw_counter,rdma_vf_rail1,rx_read_requests,1.26179e+07
2026-09-30T07:14:21.524Z,gpu-3uwoq-6g3ya-2,ib_hw_counter,rdma_vf_rail1,req_cqe_error,0
2026-09-30T07:14:21.524Z,gpu-3uwoq-6g3ya-2,ib_hw_counter,rdma_vf_rail1,resp_cqe_error,0
2026-09-30T07:14:21.524Z,gpu-3uwoq-6g3ya-2,ib_hw_counter,rdma_vf_rail1,implied_nak_seq_err,0
2026-09-30T07:14:21.524Z,gpu-3uwoq-6g3ya-2,ib_hw_counter,rdma_vf_rail1,duplicate_request,0
2026-09-30T07:14:21.524Z,gpu-3uwoq-6g3ya-2,ib_counter,rdma_vf_rail2,port_xmit_data,3.02628e+12
2026-09-30T07:14:21.524Z,gpu-3uwoq-6g3ya-2,ib_counter,rdma_vf_rail2,port_rcv_data,5.98574e+12
2026-09-30T07:14:21.524Z,gpu-3uwoq-6g3ya-2,ib_counter,rdma_vf_rail2,port_xmit_packets,1.02031e+09
2026-09-30T07:14:21.524Z,gpu-3uwoq-6g3ya-2,ib_counter,rdma_vf_rail2,port_rcv_packets,1.64542e+09
2026-09-30T07:14:21.524Z,gpu-3uwoq-6g3ya-2,ib_counter,rdma_vf_rail2,port_xmit_wait,0
2026-09-30T07:14:21.524Z,gpu-3uwoq-6g3ya-2,ib_counter,rdma_vf_rail2,port_rcv_errors,0
2026-09-30T07:14:21.524Z,gpu-3uwoq-6g3ya-2,ib_counter,rdma_vf_rail2,port_xmit_discards,0
2026-09-30T07:14:21.524Z,gpu-3uwoq-6g3ya-2,ib_counter,rdma_vf_rail2,link_downed,0
2026-09-30T07:14:21.524Z,gpu-3uwoq-6g3ya-2,ib_hw_counter,rdma_vf_rail2,out_of_sequence,8
2026-09-30T07:14:21.524Z,gpu-3uwoq-6g3ya-2,ib_hw_counter,rdma_vf_rail2,packet_seq_err,8
2026-09-30T07:14:21.524Z,gpu-3uwoq-6g3ya-2,ib_hw_counter,rdma_vf_rail2,local_ack_timeout_err,0
2026-09-30T07:14:21.524Z,gpu-3uwoq-6g3ya-2,ib_hw_counter,rdma_vf_rail2,rx_write_requests,7.11202e+08
2026-09-30T07:14:21.524Z,gpu-3uwoq-6g3ya-2,ib_hw_counter,rdma_vf_rail2,rx_read_requests,1.24103e+07
2026-09-30T07:14:21.524Z,gpu-3uwoq-6g3ya-2,ib_hw_counter,rdma_vf_rail2,req_cqe_error,0
2026-09-30T07:14:21.524Z,gpu-3uwoq-6g3ya-2,ib_hw_counter,rdma_vf_rail2,resp_cqe_error,0
2026-09-30T07:14:21.524Z,gpu-3uwoq-6g3ya-2,ib_hw_counter,rdma_vf_rail2,implied_nak_seq_err,0
2026-09-30T07:14:21.524Z,gpu-3uwoq-6g3ya-2,ib_hw_counter,rdma_vf_rail2,duplicate_request,0
2026-09-30T07:14:21.524Z,gpu-3uwoq-6g3ya-2,ib_counter,rdma_vf_rail3,port_xmit_data,3.02614e+12
2026-09-30T07:14:21.524Z,gpu-3uwoq-6g3ya-2,ib_counter,rdma_vf_rail3,port_rcv_data,5.98635e+12
2026-09-30T07:14:21.524Z,gpu-3uwoq-6g3ya-2,ib_counter,rdma_vf_rail3,port_xmit_packets,1.01864e+09
2026-09-30T07:14:21.524Z,gpu-3uwoq-6g3ya-2,ib_counter,rdma_vf_rail3,port_rcv_packets,1.65281e+09
2026-09-30T07:14:21.524Z,gpu-3uwoq-6g3ya-2,ib_counter,rdma_vf_rail3,port_xmit_wait,0
2026-09-30T07:14:21.524Z,gpu-3uwoq-6g3ya-2,ib_counter,rdma_vf_rail3,port_rcv_errors,0
2026-09-30T07:14:21.524Z,gpu-3uwoq-6g3ya-2,ib_counter,rdma_vf_rail3,port_xmit_discards,0
2026-09-30T07:14:21.524Z,gpu-3uwoq-6g3ya-2,ib_counter,rdma_vf_rail3,link_downed,0
2026-09-30T07:14:21.524Z,gpu-3uwoq-6g3ya-2,ib_hw_counter,rdma_vf_rail3,out_of_sequence,8
2026-09-30T07:14:21.524Z,gpu-3uwoq-6g3ya-2,ib_hw_counter,rdma_vf_rail3,packet_seq_err,9
2026-09-30T07:14:21.524Z,gpu-3uwoq-6g3ya-2,ib_hw_counter,rdma_vf_rail3,local_ack_timeout_err,0
2026-09-30T07:14:21.524Z,gpu-3uwoq-6g3ya-2,ib_hw_counter,rdma_vf_rail3,rx_write_requests,7.11202e+08
2026-09-30T07:14:21.524Z,gpu-3uwoq-6g3ya-2,ib_hw_counter,rdma_vf_rail3,rx_read_requests,1.24103e+07
2026-09-30T07:14:21.524Z,gpu-3uwoq-6g3ya-2,ib_hw_counter,rdma_vf_rail3,req_cqe_error,0
2026-09-30T07:14:21.524Z,gpu-3uwoq-6g3ya-2,ib_hw_counter,rdma_vf_rail3,resp_cqe_error,0
2026-09-30T07:14:21.524Z,gpu-3uwoq-6g3ya-2,ib_hw_counter,rdma_vf_rail3,implied_nak_seq_err,0
2026-09-30T07:14:21.524Z,gpu-3uwoq-6g3ya-2,ib_hw_counter,rdma_vf_rail3,duplicate_request,0
2026-09-30T07:14:21.524Z,gpu-3uwoq-6g3ya-2,dcgm,gpu2,gpu_util,0
2026-09-30T07:14:21.524Z,gpu-3uwoq-6g3ya-2,dcgm,gpu3,gpu_util,0
2026-09-30T07:14:21.524Z,gpu-3uwoq-6g3ya-2,dcgm,gpu1,gpu_util,0
2026-09-30T07:14:21.524Z,gpu-3uwoq-6g3ya-2,dcgm,gpu0,gpu_util,0
2026-09-30T07:14:21.524Z,gpu-3uwoq-6g3ya-2,dcgm,gpu2,nvlink_bandwidth_total,11
2026-09-30T07:14:21.524Z,gpu-3uwoq-6g3ya-2,dcgm,gpu3,nvlink_bandwidth_total,14
2026-09-30T07:14:21.524Z,gpu-3uwoq-6g3ya-2,dcgm,gpu1,nvlink_bandwidth_total,5
2026-09-30T07:14:21.524Z,gpu-3uwoq-6g3ya-2,dcgm,gpu0,nvlink_bandwidth_total,0
2026-09-30T07:14:21.524Z,gpu-3uwoq-6g3ya-2,dcgm,gpu2,power_w,232.412
2026-09-30T07:14:21.524Z,gpu-3uwoq-6g3ya-2,dcgm,gpu3,power_w,233.992
2026-09-30T07:14:21.524Z,gpu-3uwoq-6g3ya-2,dcgm,gpu1,power_w,229.968
2026-09-30T07:14:21.524Z,gpu-3uwoq-6g3ya-2,dcgm,gpu0,power_w,226.588
2026-09-30T07:14:21.524Z,gpu-3uwoq-6g3ya-2,dcgm,gpu2,sm_clock_mhz,2070
2026-09-30T07:14:21.524Z,gpu-3uwoq-6g3ya-2,dcgm,gpu3,sm_clock_mhz,2070
2026-09-30T07:14:21.524Z,gpu-3uwoq-6g3ya-2,dcgm,gpu1,sm_clock_mhz,2070
2026-09-30T07:14:21.524Z,gpu-3uwoq-6g3ya-2,dcgm,gpu0,sm_clock_mhz,2070
2026-09-30T07:14:21.524Z,gpu-3uwoq-6g3ya-2,dcgm,gpu2,dram_active,5e-06
2026-09-30T07:14:21.524Z,gpu-3uwoq-6g3ya-2,dcgm,gpu3,dram_active,5e-06
2026-09-30T07:14:21.524Z,gpu-3uwoq-6g3ya-2,dcgm,gpu1,dram_active,5e-06
2026-09-30T07:14:21.524Z,gpu-3uwoq-6g3ya-2,dcgm,gpu0,dram_active,5e-06
2026-09-30T07:14:21.524Z,gpu-3uwoq-6g3ya-2,dcgm,gpu2,pcie_rx_bytes,353177
2026-09-30T07:14:21.524Z,gpu-3uwoq-6g3ya-2,dcgm,gpu3,pcie_rx_bytes,281346
2026-09-30T07:14:21.524Z,gpu-3uwoq-6g3ya-2,dcgm,gpu1,pcie_rx_bytes,388727
2026-09-30T07:14:21.524Z,gpu-3uwoq-6g3ya-2,dcgm,gpu0,pcie_rx_bytes,402180
2026-09-30T07:14:21.524Z,gpu-3uwoq-6g3ya-2,dcgm,gpu2,pcie_tx_bytes,301337
2026-09-30T07:14:21.524Z,gpu-3uwoq-6g3ya-2,dcgm,gpu3,pcie_tx_bytes,246732
2026-09-30T07:14:21.524Z,gpu-3uwoq-6g3ya-2,dcgm,gpu1,pcie_tx_bytes,337701
2026-09-30T07:14:21.524Z,gpu-3uwoq-6g3ya-2,dcgm,gpu0,pcie_tx_bytes,350057
2026-09-30T07:14:21.524Z,gpu-3uwoq-6g3ya-2,dcgm,gpu2,tensor_active,0
2026-09-30T07:14:21.524Z,gpu-3uwoq-6g3ya-2,dcgm,gpu3,tensor_active,0
2026-09-30T07:14:21.524Z,gpu-3uwoq-6g3ya-2,dcgm,gpu1,tensor_active,0
2026-09-30T07:14:21.524Z,gpu-3uwoq-6g3ya-2,dcgm,gpu0,tensor_active,0
2026-09-30T07:14:21.524Z,gpu-3uwoq-6g3ya-2,dcgm,gpu2,sm_active,0
2026-09-30T07:14:21.524Z,gpu-3uwoq-6g3ya-2,dcgm,gpu3,sm_active,0
2026-09-30T07:14:21.524Z,gpu-3uwoq-6g3ya-2,dcgm,gpu1,sm_active,0
2026-09-30T07:14:21.524Z,gpu-3uwoq-6g3ya-2,dcgm,gpu0,sm_active,0
2026-09-30T07:14:21.524Z,gpu-3uwoq-6g3ya-2,nvlink,gpu0,nvlink_rx_bytes,4.84459e+13
2026-09-30T07:14:21.524Z,gpu-3uwoq-6g3ya-2,nvlink,gpu0,nvlink_tx_bytes,4.84493e+13
2026-09-30T07:14:21.524Z,gpu-3uwoq-6g3ya-2,nvlink,gpu1,nvlink_rx_bytes,4.8648e+13
2026-09-30T07:14:21.524Z,gpu-3uwoq-6g3ya-2,nvlink,gpu1,nvlink_tx_bytes,4.86502e+13
2026-09-30T07:14:21.524Z,gpu-3uwoq-6g3ya-2,nvlink,gpu2,nvlink_rx_bytes,4.84828e+13
2026-09-30T07:14:21.524Z,gpu-3uwoq-6g3ya-2,nvlink,gpu2,nvlink_tx_bytes,4.84863e+13
2026-09-30T07:14:21.524Z,gpu-3uwoq-6g3ya-2,nvlink,gpu3,nvlink_rx_bytes,4.83797e+13
2026-09-30T07:14:21.524Z,gpu-3uwoq-6g3ya-2,nvlink,gpu3,nvlink_tx_bytes,4.83829e+13
2026-09-30T07:14:22.524Z,gpu-3uwoq-6g3ya-2,ib_counter,rdma_vf_rail0,port_xmit_data,3.16204e+12
2026-09-30T07:14:22.524Z,gpu-3uwoq-6g3ya-2,ib_counter,rdma_vf_rail0,port_rcv_data,6.12211e+12
2026-09-30T07:14:22.524Z,gpu-3uwoq-6g3ya-2,ib_counter,rdma_vf_rail0,port_xmit_packets,1.0707e+09
2026-09-30T07:14:22.524Z,gpu-3uwoq-6g3ya-2,ib_counter,rdma_vf_rail0,port_rcv_packets,1.70186e+09
2026-09-30T07:14:22.524Z,gpu-3uwoq-6g3ya-2,ib_counter,rdma_vf_rail0,port_xmit_wait,0
2026-09-30T07:14:22.524Z,gpu-3uwoq-6g3ya-2,ib_counter,rdma_vf_rail0,port_rcv_errors,0
2026-09-30T07:14:22.524Z,gpu-3uwoq-6g3ya-2,ib_counter,rdma_vf_rail0,port_xmit_discards,0
2026-09-30T07:14:22.524Z,gpu-3uwoq-6g3ya-2,ib_counter,rdma_vf_rail0,link_downed,0
2026-09-30T07:14:22.524Z,gpu-3uwoq-6g3ya-2,ib_hw_counter,rdma_vf_rail0,out_of_sequence,8
2026-09-30T07:14:22.524Z,gpu-3uwoq-6g3ya-2,ib_hw_counter,rdma_vf_rail0,packet_seq_err,8
2026-09-30T07:14:22.524Z,gpu-3uwoq-6g3ya-2,ib_hw_counter,rdma_vf_rail0,local_ack_timeout_err,0
2026-09-30T07:14:22.524Z,gpu-3uwoq-6g3ya-2,ib_hw_counter,rdma_vf_rail0,rx_write_requests,7.13228e+08
2026-09-30T07:14:22.524Z,gpu-3uwoq-6g3ya-2,ib_hw_counter,rdma_vf_rail0,rx_read_requests,1.34189e+07
2026-09-30T07:14:22.524Z,gpu-3uwoq-6g3ya-2,ib_hw_counter,rdma_vf_rail0,req_cqe_error,0
2026-09-30T07:14:22.524Z,gpu-3uwoq-6g3ya-2,ib_hw_counter,rdma_vf_rail0,resp_cqe_error,0
2026-09-30T07:14:22.524Z,gpu-3uwoq-6g3ya-2,ib_hw_counter,rdma_vf_rail0,implied_nak_seq_err,0
2026-09-30T07:14:22.524Z,gpu-3uwoq-6g3ya-2,ib_hw_counter,rdma_vf_rail0,duplicate_request,0
2026-09-30T07:14:22.524Z,gpu-3uwoq-6g3ya-2,ib_counter,rdma_vf_rail1,port_xmit_data,3.05385e+12
2026-09-30T07:14:22.524Z,gpu-3uwoq-6g3ya-2,ib_counter,rdma_vf_rail1,port_rcv_data,6.01387e+12
2026-09-30T07:14:22.524Z,gpu-3uwoq-6g3ya-2,ib_counter,rdma_vf_rail1,port_xmit_packets,1.03799e+09
2026-09-30T07:14:22.524Z,gpu-3uwoq-6g3ya-2,ib_counter,rdma_vf_rail1,port_rcv_packets,1.66932e+09
2026-09-30T07:14:22.524Z,gpu-3uwoq-6g3ya-2,ib_counter,rdma_vf_rail1,port_xmit_wait,0
2026-09-30T07:14:22.524Z,gpu-3uwoq-6g3ya-2,ib_counter,rdma_vf_rail1,port_rcv_errors,0
2026-09-30T07:14:22.524Z,gpu-3uwoq-6g3ya-2,ib_counter,rdma_vf_rail1,port_xmit_discards,0
2026-09-30T07:14:22.524Z,gpu-3uwoq-6g3ya-2,ib_counter,rdma_vf_rail1,link_downed,0
2026-09-30T07:14:22.524Z,gpu-3uwoq-6g3ya-2,ib_hw_counter,rdma_vf_rail1,out_of_sequence,8
2026-09-30T07:14:22.524Z,gpu-3uwoq-6g3ya-2,ib_hw_counter,rdma_vf_rail1,packet_seq_err,7
2026-09-30T07:14:22.524Z,gpu-3uwoq-6g3ya-2,ib_hw_counter,rdma_vf_rail1,local_ack_timeout_err,0
2026-09-30T07:14:22.524Z,gpu-3uwoq-6g3ya-2,ib_hw_counter,rdma_vf_rail1,rx_write_requests,7.11635e+08
2026-09-30T07:14:22.524Z,gpu-3uwoq-6g3ya-2,ib_hw_counter,rdma_vf_rail1,rx_read_requests,1.26179e+07
2026-09-30T07:14:22.524Z,gpu-3uwoq-6g3ya-2,ib_hw_counter,rdma_vf_rail1,req_cqe_error,0
2026-09-30T07:14:22.524Z,gpu-3uwoq-6g3ya-2,ib_hw_counter,rdma_vf_rail1,resp_cqe_error,0
2026-09-30T07:14:22.524Z,gpu-3uwoq-6g3ya-2,ib_hw_counter,rdma_vf_rail1,implied_nak_seq_err,0
2026-09-30T07:14:22.524Z,gpu-3uwoq-6g3ya-2,ib_hw_counter,rdma_vf_rail1,duplicate_request,0
2026-09-30T07:14:22.524Z,gpu-3uwoq-6g3ya-2,ib_counter,rdma_vf_rail2,port_xmit_data,3.02628e+12
2026-09-30T07:14:22.524Z,gpu-3uwoq-6g3ya-2,ib_counter,rdma_vf_rail2,port_rcv_data,5.98574e+12
2026-09-30T07:14:22.524Z,gpu-3uwoq-6g3ya-2,ib_counter,rdma_vf_rail2,port_xmit_packets,1.02031e+09
2026-09-30T07:14:22.524Z,gpu-3uwoq-6g3ya-2,ib_counter,rdma_vf_rail2,port_rcv_packets,1.64542e+09
2026-09-30T07:14:22.524Z,gpu-3uwoq-6g3ya-2,ib_counter,rdma_vf_rail2,port_xmit_wait,0
2026-09-30T07:14:22.524Z,gpu-3uwoq-6g3ya-2,ib_counter,rdma_vf_rail2,port_rcv_errors,0
2026-09-30T07:14:22.524Z,gpu-3uwoq-6g3ya-2,ib_counter,rdma_vf_rail2,port_xmit_discards,0
2026-09-30T07:14:22.524Z,gpu-3uwoq-6g3ya-2,ib_counter,rdma_vf_rail2,link_downed,0
2026-09-30T07:14:22.524Z,gpu-3uwoq-6g3ya-2,ib_hw_counter,rdma_vf_rail2,out_of_sequence,8
2026-09-30T07:14:22.524Z,gpu-3uwoq-6g3ya-2,ib_hw_counter,rdma_vf_rail2,packet_seq_err,8
2026-09-30T07:14:22.524Z,gpu-3uwoq-6g3ya-2,ib_hw_counter,rdma_vf_rail2,local_ack_timeout_err,0
2026-09-30T07:14:22.524Z,gpu-3uwoq-6g3ya-2,ib_hw_counter,rdma_vf_rail2,rx_write_requests,7.11202e+08
2026-09-30T07:14:22.524Z,gpu-3uwoq-6g3ya-2,ib_hw_counter,rdma_vf_rail2,rx_read_requests,1.24103e+07
2026-09-30T07:14:22.524Z,gpu-3uwoq-6g3ya-2,ib_hw_counter,rdma_vf_rail2,req_cqe_error,0
2026-09-30T07:14:22.524Z,gpu-3uwoq-6g3ya-2,ib_hw_counter,rdma_vf_rail2,resp_cqe_error,0
2026-09-30T07:14:22.524Z,gpu-3uwoq-6g3ya-2,ib_hw_counter,rdma_vf_rail2,implied_nak_seq_err,0
2026-09-30T07:14:22.524Z,gpu-3uwoq-6g3ya-2,ib_hw_counter,rdma_vf_rail2,duplicate_request,0
2026-09-30T07:14:22.524Z,gpu-3uwoq-6g3ya-2,ib_counter,rdma_vf_rail3,port_xmit_data,3.02614e+12
2026-09-30T07:14:22.524Z,gpu-3uwoq-6g3ya-2,ib_counter,rdma_vf_rail3,port_rcv_data,5.98635e+12
2026-09-30T07:14:22.524Z,gpu-3uwoq-6g3ya-2,ib_counter,rdma_vf_rail3,port_xmit_packets,1.01864e+09
2026-09-30T07:14:22.524Z,gpu-3uwoq-6g3ya-2,ib_counter,rdma_vf_rail3,port_rcv_packets,1.65281e+09
2026-09-30T07:14:22.524Z,gpu-3uwoq-6g3ya-2,ib_counter,rdma_vf_rail3,port_xmit_wait,0
2026-09-30T07:14:22.524Z,gpu-3uwoq-6g3ya-2,ib_counter,rdma_vf_rail3,port_rcv_errors,0
2026-09-30T07:14:22.524Z,gpu-3uwoq-6g3ya-2,ib_counter,rdma_vf_rail3,port_xmit_discards,0
2026-09-30T07:14:22.524Z,gpu-3uwoq-6g3ya-2,ib_counter,rdma_vf_rail3,link_downed,0
2026-09-30T07:14:22.524Z,gpu-3uwoq-6g3ya-2,ib_hw_counter,rdma_vf_rail3,out_of_sequence,8
2026-09-30T07:14:22.524Z,gpu-3uwoq-6g3ya-2,ib_hw_counter,rdma_vf_rail3,packet_seq_err,9
2026-09-30T07:14:22.524Z,gpu-3uwoq-6g3ya-2,ib_hw_counter,rdma_vf_rail3,local_ack_timeout_err,0
2026-09-30T07:14:22.524Z,gpu-3uwoq-6g3ya-2,ib_hw_counter,rdma_vf_rail3,rx_write_requests,7.11202e+08
2026-09-30T07:14:22.524Z,gpu-3uwoq-6g3ya-2,ib_hw_counter,rdma_vf_rail3,rx_read_requests,1.24103e+07
2026-09-30T07:14:22.524Z,gpu-3uwoq-6g3ya-2,ib_hw_counter,rdma_vf_rail3,req_cqe_error,0
2026-09-30T07:14:22.524Z,gpu-3uwoq-6g3ya-2,ib_hw_counter,rdma_vf_rail3,resp_cqe_error,0
2026-09-30T07:14:22.524Z,gpu-3uwoq-6g3ya-2,ib_hw_counter,rdma_vf_rail3,implied_nak_seq_err,0
2026-09-30T07:14:22.524Z,gpu-3uwoq-6g3ya-2,ib_hw_counter,rdma_vf_rail3,duplicate_request,0
2026-09-30T07:14:22.524Z,gpu-3uwoq-6g3ya-2,dcgm,gpu2,gpu_util,0
2026-09-30T07:14:22.524Z,gpu-3uwoq-6g3ya-2,dcgm,gpu3,gpu_util,0
2026-09-30T07:14:22.524Z,gpu-3uwoq-6g3ya-2,dcgm,gpu1,gpu_util,0
2026-09-30T07:14:22.524Z,gpu-3uwoq-6g3ya-2,dcgm,gpu0,gpu_util,0
2026-09-30T07:14:22.524Z,gpu-3uwoq-6g3ya-2,dcgm,gpu2,nvlink_bandwidth_total,11
2026-09-30T07:14:22.524Z,gpu-3uwoq-6g3ya-2,dcgm,gpu3,nvlink_bandwidth_total,14
2026-09-30T07:14:22.524Z,gpu-3uwoq-6g3ya-2,dcgm,gpu1,nvlink_bandwidth_total,5
2026-09-30T07:14:22.524Z,gpu-3uwoq-6g3ya-2,dcgm,gpu0,nvlink_bandwidth_total,0
2026-09-30T07:14:22.524Z,gpu-3uwoq-6g3ya-2,dcgm,gpu2,power_w,232.412
2026-09-30T07:14:22.524Z,gpu-3uwoq-6g3ya-2,dcgm,gpu3,power_w,233.992
2026-09-30T07:14:22.524Z,gpu-3uwoq-6g3ya-2,dcgm,gpu1,power_w,229.968
2026-09-30T07:14:22.524Z,gpu-3uwoq-6g3ya-2,dcgm,gpu0,power_w,226.588
2026-09-30T07:14:22.524Z,gpu-3uwoq-6g3ya-2,dcgm,gpu2,sm_clock_mhz,2070
2026-09-30T07:14:22.524Z,gpu-3uwoq-6g3ya-2,dcgm,gpu3,sm_clock_mhz,2070
2026-09-30T07:14:22.524Z,gpu-3uwoq-6g3ya-2,dcgm,gpu1,sm_clock_mhz,2070
2026-09-30T07:14:22.524Z,gpu-3uwoq-6g3ya-2,dcgm,gpu0,sm_clock_mhz,2070
2026-09-30T07:14:22.524Z,gpu-3uwoq-6g3ya-2,dcgm,gpu2,dram_active,5e-06
2026-09-30T07:14:22.524Z,gpu-3uwoq-6g3ya-2,dcgm,gpu3,dram_active,5e-06
2026-09-30T07:14:22.524Z,gpu-3uwoq-6g3ya-2,dcgm,gpu1,dram_active,5e-06
2026-09-30T07:14:22.524Z,gpu-3uwoq-6g3ya-2,dcgm,gpu0,dram_active,5e-06
2026-09-30T07:14:22.524Z,gpu-3uwoq-6g3ya-2,dcgm,gpu2,pcie_rx_bytes,353177
2026-09-30T07:14:22.524Z,gpu-3uwoq-6g3ya-2,dcgm,gpu3,pcie_rx_bytes,281346
2026-09-30T07:14:22.524Z,gpu-3uwoq-6g3ya-2,dcgm,gpu1,pcie_rx_bytes,388727
2026-09-30T07:14:22.524Z,gpu-3uwoq-6g3ya-2,dcgm,gpu0,pcie_rx_bytes,402180
2026-09-30T07:14:22.524Z,gpu-3uwoq-6g3ya-2,dcgm,gpu2,pcie_tx_bytes,301337
2026-09-30T07:14:22.524Z,gpu-3uwoq-6g3ya-2,dcgm,gpu3,pcie_tx_bytes,246732
2026-09-30T07:14:22.524Z,gpu-3uwoq-6g3ya-2,dcgm,gpu1,pcie_tx_bytes,337701
2026-09-30T07:14:22.524Z,gpu-3uwoq-6g3ya-2,dcgm,gpu0,pcie_tx_bytes,350057
2026-09-30T07:14:22.524Z,gpu-3uwoq-6g3ya-2,dcgm,gpu2,tensor_active,0
2026-09-30T07:14:22.524Z,gpu-3uwoq-6g3ya-2,dcgm,gpu3,tensor_active,0
2026-09-30T07:14:22.524Z,gpu-3uwoq-6g3ya-2,dcgm,gpu1,tensor_active,0
2026-09-30T07:14:22.524Z,gpu-3uwoq-6g3ya-2,dcgm,gpu0,tensor_active,0
2026-09-30T07:14:22.524Z,gpu-3uwoq-6g3ya-2,dcgm,gpu2,sm_active,0
2026-09-30T07:14:22.524Z,gpu-3uwoq-6g3ya-2,dcgm,gpu3,sm_active,0
2026-09-30T07:14:22.524Z,gpu-3uwoq-6g3ya-2,dcgm,gpu1,sm_active,0
2026-09-30T07:14:22.524Z,gpu-3uwoq-6g3ya-2,dcgm,gpu0,sm_active,0
2026-09-30T07:14:22.524Z,gpu-3uwoq-6g3ya-2,nvlink,gpu0,nvlink_rx_bytes,4.84459e+13
2026-09-30T07:14:22.524Z,gpu-3uwoq-6g3ya-2,nvlink,gpu0,nvlink_tx_bytes,4.84493e+13
2026-09-30T07:14:22.524Z,gpu-3uwoq-6g3ya-2,nvlink,gpu1,nvlink_rx_bytes,4.8648e+13
2026-09-30T07:14:22.524Z,gpu-3uwoq-6g3ya-2,nvlink,gpu1,nvlink_tx_bytes,4.86502e+13
2026-09-30T07:14:22.524Z,gpu-3uwoq-6g3ya-2,nvlink,gpu2,nvlink_rx_bytes,4.84828e+13
2026-09-30T07:14:22.524Z,gpu-3uwoq-6g3ya-2,nvlink,gpu2,nvlink_tx_bytes,4.84863e+13
2026-09-30T07:14:22.524Z,gpu-3uwoq-6g3ya-2,nvlink,gpu3,nvlink_rx_bytes,4.83797e+13
2026-09-30T07:14:22.524Z,gpu-3uwoq-6g3ya-2,nvlink,gpu3,nvlink_tx_bytes,4.83829e+13
2026-09-30T07:14:23.524Z,gpu-3uwoq-6g3ya-2,ib_counter,rdma_vf_rail0,port_xmit_data,3.16204e+12
2026-09-30T07:14:23.524Z,gpu-3uwoq-6g3ya-2,ib_counter,rdma_vf_rail0,port_rcv_data,6.12211e+12
2026-09-30T07:14:23.524Z,gpu-3uwoq-6g3ya-2,ib_counter,rdma_vf_rail0,port_xmit_packets,1.0707e+09
2026-09-30T07:14:23.524Z,gpu-3uwoq-6g3ya-2,ib_counter,rdma_vf_rail0,port_rcv_packets,1.70186e+09
2026-09-30T07:14:23.524Z,gpu-3uwoq-6g3ya-2,ib_counter,rdma_vf_rail0,port_xmit_wait,0
2026-09-30T07:14:23.524Z,gpu-3uwoq-6g3ya-2,ib_counter,rdma_vf_rail0,port_rcv_errors,0
2026-09-30T07:14:23.524Z,gpu-3uwoq-6g3ya-2,ib_counter,rdma_vf_rail0,port_xmit_discards,0
2026-09-30T07:14:23.524Z,gpu-3uwoq-6g3ya-2,ib_counter,rdma_vf_rail0,link_downed,0
2026-09-30T07:14:23.524Z,gpu-3uwoq-6g3ya-2,ib_hw_counter,rdma_vf_rail0,out_of_sequence,8
2026-09-30T07:14:23.524Z,gpu-3uwoq-6g3ya-2,ib_hw_counter,rdma_vf_rail0,packet_seq_err,8
2026-09-30T07:14:23.524Z,gpu-3uwoq-6g3ya-2,ib_hw_counter,rdma_vf_rail0,local_ack_timeout_err,0
2026-09-30T07:14:23.524Z,gpu-3uwoq-6g3ya-2,ib_hw_counter,rdma_vf_rail0,rx_write_requests,7.13228e+08
2026-09-30T07:14:23.524Z,gpu-3uwoq-6g3ya-2,ib_hw_counter,rdma_vf_rail0,rx_read_requests,1.34189e+07
2026-09-30T07:14:23.524Z,gpu-3uwoq-6g3ya-2,ib_hw_counter,rdma_vf_rail0,req_cqe_error,0
2026-09-30T07:14:23.524Z,gpu-3uwoq-6g3ya-2,ib_hw_counter,rdma_vf_rail0,resp_cqe_error,0
2026-09-30T07:14:23.524Z,gpu-3uwoq-6g3ya-2,ib_hw_counter,rdma_vf_rail0,implied_nak_seq_err,0
2026-09-30T07:14:23.524Z,gpu-3uwoq-6g3ya-2,ib_hw_counter,rdma_vf_rail0,duplicate_request,0
2026-09-30T07:14:23.524Z,gpu-3uwoq-6g3ya-2,ib_counter,rdma_vf_rail1,port_xmit_data,3.05385e+12
2026-09-30T07:14:23.524Z,gpu-3uwoq-6g3ya-2,ib_counter,rdma_vf_rail1,port_rcv_data,6.01387e+12
2026-09-30T07:14:23.524Z,gpu-3uwoq-6g3ya-2,ib_counter,rdma_vf_rail1,port_xmit_packets,1.03799e+09
2026-09-30T07:14:23.524Z,gpu-3uwoq-6g3ya-2,ib_counter,rdma_vf_rail1,port_rcv_packets,1.66932e+09
2026-09-30T07:14:23.524Z,gpu-3uwoq-6g3ya-2,ib_counter,rdma_vf_rail1,port_xmit_wait,0
2026-09-30T07:14:23.524Z,gpu-3uwoq-6g3ya-2,ib_counter,rdma_vf_rail1,port_rcv_errors,0
2026-09-30T07:14:23.524Z,gpu-3uwoq-6g3ya-2,ib_counter,rdma_vf_rail1,port_xmit_discards,0
2026-09-30T07:14:23.524Z,gpu-3uwoq-6g3ya-2,ib_counter,rdma_vf_rail1,link_downed,0
2026-09-30T07:14:23.524Z,gpu-3uwoq-6g3ya-2,ib_hw_counter,rdma_vf_rail1,out_of_sequence,8
2026-09-30T07:14:23.524Z,gpu-3uwoq-6g3ya-2,ib_hw_counter,rdma_vf_rail1,packet_seq_err,7
2026-09-30T07:14:23.524Z,gpu-3uwoq-6g3ya-2,ib_hw_counter,rdma_vf_rail1,local_ack_timeout_err,0
2026-09-30T07:14:23.524Z,gpu-3uwoq-6g3ya-2,ib_hw_counter,rdma_vf_rail1,rx_write_requests,7.11635e+08
2026-09-30T07:14:23.524Z,gpu-3uwoq-6g3ya-2,ib_hw_counter,rdma_vf_rail1,rx_read_requests,1.26179e+07
2026-09-30T07:14:23.524Z,gpu-3uwoq-6g3ya-2,ib_hw_counter,rdma_vf_rail1,req_cqe_error,0
2026-09-30T07:14:23.524Z,gpu-3uwoq-6g3ya-2,ib_hw_counter,rdma_vf_rail1,resp_cqe_error,0
2026-09-30T07:14:23.524Z,gpu-3uwoq-6g3ya-2,ib_hw_counter,rdma_vf_rail1,implied_nak_seq_err,0
2026-09-30T07:14:23.524Z,gpu-3uwoq-6g3ya-2,ib_hw_counter,rdma_vf_rail1,duplicate_request,0
2026-09-30T07:14:23.524Z,gpu-3uwoq-6g3ya-2,ib_counter,rdma_vf_rail2,port_xmit_data,3.02628e+12
2026-09-30T07:14:23.524Z,gpu-3uwoq-6g3ya-2,ib_counter,rdma_vf_rail2,port_rcv_data,5.98574e+12
2026-09-30T07:14:23.524Z,gpu-3uwoq-6g3ya-2,ib_counter,rdma_vf_rail2,port_xmit_packets,1.02031e+09
2026-09-30T07:14:23.524Z,gpu-3uwoq-6g3ya-2,ib_counter,rdma_vf_rail2,port_rcv_packets,1.64542e+09
2026-09-30T07:14:23.524Z,gpu-3uwoq-6g3ya-2,ib_counter,rdma_vf_rail2,port_xmit_wait,0
2026-09-30T07:14:23.524Z,gpu-3uwoq-6g3ya-2,ib_counter,rdma_vf_rail2,port_rcv_errors,0
2026-09-30T07:14:23.524Z,gpu-3uwoq-6g3ya-2,ib_counter,rdma_vf_rail2,port_xmit_discards,0
2026-09-30T07:14:23.524Z,gpu-3uwoq-6g3ya-2,ib_counter,rdma_vf_rail2,link_downed,0
2026-09-30T07:14:23.524Z,gpu-3uwoq-6g3ya-2,ib_hw_counter,rdma_vf_rail2,out_of_sequence,8
2026-09-30T07:14:23.524Z,gpu-3uwoq-6g3ya-2,ib_hw_counter,rdma_vf_rail2,packet_seq_err,8
2026-09-30T07:14:23.524Z,gpu-3uwoq-6g3ya-2,ib_hw_counter,rdma_vf_rail2,local_ack_timeout_err,0
2026-09-30T07:14:23.524Z,gpu-3uwoq-6g3ya-2,ib_hw_counter,rdma_vf_rail2,rx_write_requests,7.11202e+08
2026-09-30T07:14:23.524Z,gpu-3uwoq-6g3ya-2,ib_hw_counter,rdma_vf_rail2,rx_read_requests,1.24103e+07
2026-09-30T07:14:23.524Z,gpu-3uwoq-6g3ya-2,ib_hw_counter,rdma_vf_rail2,req_cqe_error,0
2026-09-30T07:14:23.524Z,gpu-3uwoq-6g3ya-2,ib_hw_counter,rdma_vf_rail2,resp_cqe_error,0
2026-09-30T07:14:23.524Z,gpu-3uwoq-6g3ya-2,ib_hw_counter,rdma_vf_rail2,implied_nak_seq_err,0
2026-09-30T07:14:23.524Z,gpu-3uwoq-6g3ya-2,ib_hw_counter,rdma_vf_rail2,duplicate_request,0
2026-09-30T07:14:23.524Z,gpu-3uwoq-6g3ya-2,ib_counter,rdma_vf_rail3,port_xmit_data,3.02614e+12
2026-09-30T07:14:23.524Z,gpu-3uwoq-6g3ya-2,ib_counter,rdma_vf_rail3,port_rcv_data,5.98635e+12
2026-09-30T07:14:23.524Z,gpu-3uwoq-6g3ya-2,ib_counter,rdma_vf_rail3,port_xmit_packets,1.01864e+09
2026-09-30T07:14:23.524Z,gpu-3uwoq-6g3ya-2,ib_counter,rdma_vf_rail3,port_rcv_packets,1.65281e+09
2026-09-30T07:14:23.524Z,gpu-3uwoq-6g3ya-2,ib_counter,rdma_vf_rail3,port_xmit_wait,0
2026-09-30T07:14:23.524Z,gpu-3uwoq-6g3ya-2,ib_counter,rdma_vf_rail3,port_rcv_errors,0
2026-09-30T07:14:23.524Z,gpu-3uwoq-6g3ya-2,ib_counter,rdma_vf_rail3,port_xmit_discards,0
2026-09-30T07:14:23.524Z,gpu-3uwoq-6g3ya-2,ib_counter,rdma_vf_rail3,link_downed,0
2026-09-30T07:14:23.524Z,gpu-3uwoq-6g3ya-2,ib_hw_counter,rdma_vf_rail3,out_of_sequence,8
2026-09-30T07:14:23.524Z,gpu-3uwoq-6g3ya-2,ib_hw_counter,rdma_vf_rail3,packet_seq_err,9
2026-09-30T07:14:23.524Z,gpu-3uwoq-6g3ya-2,ib_hw_counter,rdma_vf_rail3,local_ack_timeout_err,0
2026-09-30T07:14:23.524Z,gpu-3uwoq-6g3ya-2,ib_hw_counter,rdma_vf_rail3,rx_write_requests,7.11202e+08
2026-09-30T07:14:23.524Z,gpu-3uwoq-6g3ya-2,ib_hw_counter,rdma_vf_rail3,rx_read_requests,1.24103e+07
2026-09-30T07:14:23.524Z,gpu-3uwoq-6g3ya-2,ib_hw_counter,rdma_vf_rail3,req_cqe_error,0
2026-09-30T07:14:23.524Z,gpu-3uwoq-6g3ya-2,ib_hw_counter,rdma_vf_rail3,resp_cqe_error,0
2026-09-30T07:14:23.524Z,gpu-3uwoq-6g3ya-2,ib_hw_counter,rdma_vf_rail3,implied_nak_seq_err,0
2026-09-30T07:14:23.524Z,gpu-3uwoq-6g3ya-2,ib_hw_counter,rdma_vf_rail3,duplicate_request,0
2026-09-30T07:14:23.524Z,gpu-3uwoq-6g3ya-2,dcgm,gpu2,gpu_util,0
2026-09-30T07:14:23.524Z,gpu-3uwoq-6g3ya-2,dcgm,gpu3,gpu_util,0
2026-09-30T07:14:23.524Z,gpu-3uwoq-6g3ya-2,dcgm,gpu1,gpu_util,0
2026-09-30T07:14:23.524Z,gpu-3uwoq-6g3ya-2,dcgm,gpu0,gpu_util,0
2026-09-30T07:14:23.524Z,gpu-3uwoq-6g3ya-2,dcgm,gpu2,nvlink_bandwidth_total,11
2026-09-30T07:14:23.524Z,gpu-3uwoq-6g3ya-2,dcgm,gpu3,nvlink_bandwidth_total,14
2026-09-30T07:14:23.524Z,gpu-3uwoq-6g3ya-2,dcgm,gpu1,nvlink_bandwidth_total,5
2026-09-30T07:14:23.524Z,gpu-3uwoq-6g3ya-2,dcgm,gpu0,nvlink_bandwidth_total,0
2026-09-30T07:14:23.524Z,gpu-3uwoq-6g3ya-2,dcgm,gpu2,power_w,232.412
2026-09-30T07:14:23.524Z,gpu-3uwoq-6g3ya-2,dcgm,gpu3,power_w,233.992
2026-09-30T07:14:23.524Z,gpu-3uwoq-6g3ya-2,dcgm,gpu1,power_w,229.968
2026-09-30T07:14:23.524Z,gpu-3uwoq-6g3ya-2,dcgm,gpu0,power_w,226.588
2026-09-30T07:14:23.524Z,gpu-3uwoq-6g3ya-2,dcgm,gpu2,sm_clock_mhz,2070
2026-09-30T07:14:23.524Z,gpu-3uwoq-6g3ya-2,dcgm,gpu3,sm_clock_mhz,2070
2026-09-30T07:14:23.524Z,gpu-3uwoq-6g3ya-2,dcgm,gpu1,sm_clock_mhz,2070
2026-09-30T07:14:23.524Z,gpu-3uwoq-6g3ya-2,dcgm,gpu0,sm_clock_mhz,2070
2026-09-30T07:14:23.524Z,gpu-3uwoq-6g3ya-2,dcgm,gpu2,dram_active,5e-06
2026-09-30T07:14:23.524Z,gpu-3uwoq-6g3ya-2,dcgm,gpu3,dram_active,5e-06
2026-09-30T07:14:23.524Z,gpu-3uwoq-6g3ya-2,dcgm,gpu1,dram_active,5e-06
2026-09-30T07:14:23.524Z,gpu-3uwoq-6g3ya-2,dcgm,gpu0,dram_active,5e-06
2026-09-30T07:14:23.524Z,gpu-3uwoq-6g3ya-2,dcgm,gpu2,pcie_rx_bytes,353177
2026-09-30T07:14:23.524Z,gpu-3uwoq-6g3ya-2,dcgm,gpu3,pcie_rx_bytes,281346
2026-09-30T07:14:23.524Z,gpu-3uwoq-6g3ya-2,dcgm,gpu1,pcie_rx_bytes,388727
2026-09-30T07:14:23.524Z,gpu-3uwoq-6g3ya-2,dcgm,gpu0,pcie_rx_bytes,402180
2026-09-30T07:14:23.524Z,gpu-3uwoq-6g3ya-2,dcgm,gpu2,pcie_tx_bytes,301337
2026-09-30T07:14:23.524Z,gpu-3uwoq-6g3ya-2,dcgm,gpu3,pcie_tx_bytes,246732
2026-09-30T07:14:23.524Z,gpu-3uwoq-6g3ya-2,dcgm,gpu1,pcie_tx_bytes,337701
2026-09-30T07:14:23.524Z,gpu-3uwoq-6g3ya-2,dcgm,gpu0,pcie_tx_bytes,350057
2026-09-30T07:14:23.524Z,gpu-3uwoq-6g3ya-2,dcgm,gpu2,tensor_active,0
2026-09-30T07:14:23.524Z,gpu-3uwoq-6g3ya-2,dcgm,gpu3,tensor_active,0
2026-09-30T07:14:23.524Z,gpu-3uwoq-6g3ya-2,dcgm,gpu1,tensor_active,0
2026-09-30T07:14:23.524Z,gpu-3uwoq-6g3ya-2,dcgm,gpu0,tensor_active,0
2026-09-30T07:14:23.524Z,gpu-3uwoq-6g3ya-2,dcgm,gpu2,sm_active,0
2026-09-30T07:14:23.524Z,gpu-3uwoq-6g3ya-2,dcgm,gpu3,sm_active,0
2026-09-30T07:14:23.524Z,gpu-3uwoq-6g3ya-2,dcgm,gpu1,sm_active,0
2026-09-30T07:14:23.524Z,gpu-3uwoq-6g3ya-2,dcgm,gpu0,sm_active,0
2026-09-30T07:14:23.524Z,gpu-3uwoq-6g3ya-2,nvlink,gpu0,nvlink_rx_bytes,4.84459e+13
2026-09-30T07:14:23.524Z,gpu-3uwoq-6g3ya-2,nvlink,gpu0,nvlink_tx_bytes,4.84493e+13
2026-09-30T07:14:23.524Z,gpu-3uwoq-6g3ya-2,nvlink,gpu1,nvlink_rx_bytes,4.8648e+13
2026-09-30T07:14:23.524Z,gpu-3uwoq-6g3ya-2,nvlink,gpu1,nvlink_tx_bytes,4.86502e+13
2026-09-30T07:14:23.524Z,gpu-3uwoq-6g3ya-2,nvlink,gpu2,nvlink_rx_bytes,4.84828e+13
2026-09-30T07:14:23.524Z,gpu-3uwoq-6g3ya-2,nvlink,gpu2,nvlink_tx_bytes,4.84863e+13
2026-09-30T07:14:23.524Z,gpu-3uwoq-6g3ya-2,nvlink,gpu3,nvlink_rx_bytes,4.83797e+13
2026-09-30T07:14:23.524Z,gpu-3uwoq-6g3ya-2,nvlink,gpu3,nvlink_tx_bytes,4.83829e+13
2026-09-30T07:14:24.524Z,gpu-3uwoq-6g3ya-2,ib_counter,rdma_vf_rail0,port_xmit_data,3.16204e+12
2026-09-30T07:14:24.524Z,gpu-3uwoq-6g3ya-2,ib_counter,rdma_vf_rail0,port_rcv_data,6.12211e+12
2026-09-30T07:14:24.524Z,gpu-3uwoq-6g3ya-2,ib_counter,rdma_vf_rail0,port_xmit_packets,1.0707e+09
2026-09-30T07:14:24.524Z,gpu-3uwoq-6g3ya-2,ib_counter,rdma_vf_rail0,port_rcv_packets,1.70186e+09
2026-09-30T07:14:24.524Z,gpu-3uwoq-6g3ya-2,ib_counter,rdma_vf_rail0,port_xmit_wait,0
2026-09-30T07:14:24.524Z,gpu-3uwoq-6g3ya-2,ib_counter,rdma_vf_rail0,port_rcv_errors,0
2026-09-30T07:14:24.524Z,gpu-3uwoq-6g3ya-2,ib_counter,rdma_vf_rail0,port_xmit_discards,0
2026-09-30T07:14:24.524Z,gpu-3uwoq-6g3ya-2,ib_counter,rdma_vf_rail0,link_downed,0
2026-09-30T07:14:24.524Z,gpu-3uwoq-6g3ya-2,ib_hw_counter,rdma_vf_rail0,out_of_sequence,8
2026-09-30T07:14:24.524Z,gpu-3uwoq-6g3ya-2,ib_hw_counter,rdma_vf_rail0,packet_seq_err,8
2026-09-30T07:14:24.524Z,gpu-3uwoq-6g3ya-2,ib_hw_counter,rdma_vf_rail0,local_ack_timeout_err,0
2026-09-30T07:14:24.524Z,gpu-3uwoq-6g3ya-2,ib_hw_counter,rdma_vf_rail0,rx_write_requests,7.13228e+08
2026-09-30T07:14:24.524Z,gpu-3uwoq-6g3ya-2,ib_hw_counter,rdma_vf_rail0,rx_read_requests,1.34189e+07
2026-09-30T07:14:24.524Z,gpu-3uwoq-6g3ya-2,ib_hw_counter,rdma_vf_rail0,req_cqe_error,0
2026-09-30T07:14:24.524Z,gpu-3uwoq-6g3ya-2,ib_hw_counter,rdma_vf_rail0,resp_cqe_error,0
2026-09-30T07:14:24.524Z,gpu-3uwoq-6g3ya-2,ib_hw_counter,rdma_vf_rail0,implied_nak_seq_err,0
2026-09-30T07:14:24.524Z,gpu-3uwoq-6g3ya-2,ib_hw_counter,rdma_vf_rail0,duplicate_request,0
2026-09-30T07:14:24.524Z,gpu-3uwoq-6g3ya-2,ib_counter,rdma_vf_rail1,port_xmit_data,3.05385e+12
2026-09-30T07:14:24.524Z,gpu-3uwoq-6g3ya-2,ib_counter,rdma_vf_rail1,port_rcv_data,6.01387e+12
2026-09-30T07:14:24.524Z,gpu-3uwoq-6g3ya-2,ib_counter,rdma_vf_rail1,port_xmit_packets,1.03799e+09
2026-09-30T07:14:24.524Z,gpu-3uwoq-6g3ya-2,ib_counter,rdma_vf_rail1,port_rcv_packets,1.66932e+09
2026-09-30T07:14:24.524Z,gpu-3uwoq-6g3ya-2,ib_counter,rdma_vf_rail1,port_xmit_wait,0
2026-09-30T07:14:24.524Z,gpu-3uwoq-6g3ya-2,ib_counter,rdma_vf_rail1,port_rcv_errors,0
2026-09-30T07:14:24.524Z,gpu-3uwoq-6g3ya-2,ib_counter,rdma_vf_rail1,port_xmit_discards,0
2026-09-30T07:14:24.524Z,gpu-3uwoq-6g3ya-2,ib_counter,rdma_vf_rail1,link_downed,0
2026-09-30T07:14:24.524Z,gpu-3uwoq-6g3ya-2,ib_hw_counter,rdma_vf_rail1,out_of_sequence,8
2026-09-30T07:14:24.524Z,gpu-3uwoq-6g3ya-2,ib_hw_counter,rdma_vf_rail1,packet_seq_err,7
2026-09-30T07:14:24.524Z,gpu-3uwoq-6g3ya-2,ib_hw_counter,rdma_vf_rail1,local_ack_timeout_err,0
2026-09-30T07:14:24.524Z,gpu-3uwoq-6g3ya-2,ib_hw_counter,rdma_vf_rail1,rx_write_requests,7.11635e+08
2026-09-30T07:14:24.524Z,gpu-3uwoq-6g3ya-2,ib_hw_counter,rdma_vf_rail1,rx_read_requests,1.26179e+07
2026-09-30T07:14:24.524Z,gpu-3uwoq-6g3ya-2,ib_hw_counter,rdma_vf_rail1,req_cqe_error,0
2026-09-30T07:14:24.524Z,gpu-3uwoq-6g3ya-2,ib_hw_counter,rdma_vf_rail1,resp_cqe_error,0
2026-09-30T07:14:24.524Z,gpu-3uwoq-6g3ya-2,ib_hw_counter,rdma_vf_rail1,implied_nak_seq_err,0
2026-09-30T07:14:24.524Z,gpu-3uwoq-6g3ya-2,ib_hw_counter,rdma_vf_rail1,duplicate_request,0
2026-09-30T07:14:24.524Z,gpu-3uwoq-6g3ya-2,ib_counter,rdma_vf_rail2,port_xmit_data,3.02628e+12
2026-09-30T07:14:24.524Z,gpu-3uwoq-6g3ya-2,ib_counter,rdma_vf_rail2,port_rcv_data,5.98574e+12
2026-09-30T07:14:24.524Z,gpu-3uwoq-6g3ya-2,ib_counter,rdma_vf_rail2,port_xmit_packets,1.02031e+09
2026-09-30T07:14:24.524Z,gpu-3uwoq-6g3ya-2,ib_counter,rdma_vf_rail2,port_rcv_packets,1.64542e+09
2026-09-30T07:14:24.524Z,gpu-3uwoq-6g3ya-2,ib_counter,rdma_vf_rail2,port_xmit_wait,0
2026-09-30T07:14:24.524Z,gpu-3uwoq-6g3ya-2,ib_counter,rdma_vf_rail2,port_rcv_errors,0
2026-09-30T07:14:24.524Z,gpu-3uwoq-6g3ya-2,ib_counter,rdma_vf_rail2,port_xmit_discards,0
2026-09-30T07:14:24.524Z,gpu-3uwoq-6g3ya-2,ib_counter,rdma_vf_rail2,link_downed,0
2026-09-30T07:14:24.524Z,gpu-3uwoq-6g3ya-2,ib_hw_counter,rdma_vf_rail2,out_of_sequence,8
2026-09-30T07:14:24.524Z,gpu-3uwoq-6g3ya-2,ib_hw_counter,rdma_vf_rail2,packet_seq_err,8
2026-09-30T07:14:24.524Z,gpu-3uwoq-6g3ya-2,ib_hw_counter,rdma_vf_rail2,local_ack_timeout_err,0
2026-09-30T07:14:24.524Z,gpu-3uwoq-6g3ya-2,ib_hw_counter,rdma_vf_rail2,rx_write_requests,7.11202e+08
2026-09-30T07:14:24.524Z,gpu-3uwoq-6g3ya-2,ib_hw_counter,rdma_vf_rail2,rx_read_requests,1.24103e+07
2026-09-30T07:14:24.524Z,gpu-3uwoq-6g3ya-2,ib_hw_counter,rdma_vf_rail2,req_cqe_error,0
2026-09-30T07:14:24.524Z,gpu-3uwoq-6g3ya-2,ib_hw_counter,rdma_vf_rail2,resp_cqe_error,0
2026-09-30T07:14:24.524Z,gpu-3uwoq-6g3ya-2,ib_hw_counter,rdma_vf_rail2,implied_nak_seq_err,0
2026-09-30T07:14:24.524Z,gpu-3uwoq-6g3ya-2,ib_hw_counter,rdma_vf_rail2,duplicate_request,0
2026-09-30T07:14:24.524Z,gpu-3uwoq-6g3ya-2,ib_counter,rdma_vf_rail3,port_xmit_data,3.02614e+12
2026-09-30T07:14:24.524Z,gpu-3uwoq-6g3ya-2,ib_counter,rdma_vf_rail3,port_rcv_data,5.98635e+12
2026-09-30T07:14:24.524Z,gpu-3uwoq-6g3ya-2,ib_counter,rdma_vf_rail3,port_xmit_packets,1.01864e+09
2026-09-30T07:14:24.524Z,gpu-3uwoq-6g3ya-2,ib_counter,rdma_vf_rail3,port_rcv_packets,1.65281e+09
2026-09-30T07:14:24.524Z,gpu-3uwoq-6g3ya-2,ib_counter,rdma_vf_rail3,port_xmit_wait,0
2026-09-30T07:14:24.524Z,gpu-3uwoq-6g3ya-2,ib_counter,rdma_vf_rail3,port_rcv_errors,0
2026-09-30T07:14:24.524Z,gpu-3uwoq-6g3ya-2,ib_counter,rdma_vf_rail3,port_xmit_discards,0
2026-09-30T07:14:24.524Z,gpu-3uwoq-6g3ya-2,ib_counter,rdma_vf_rail3,link_downed,0
2026-09-30T07:14:24.524Z,gpu-3uwoq-6g3ya-2,ib_hw_counter,rdma_vf_rail3,out_of_sequence,8
2026-09-30T07:14:24.524Z,gpu-3uwoq-6g3ya-2,ib_hw_counter,rdma_vf_rail3,packet_seq_err,9
2026-09-30T07:14:24.524Z,gpu-3uwoq-6g3ya-2,ib_hw_counter,rdma_vf_rail3,local_ack_timeout_err,0
2026-09-30T07:14:24.524Z,gpu-3uwoq-6g3ya-2,ib_hw_counter,rdma_vf_rail3,rx_write_requests,7.11202e+08
2026-09-30T07:14:24.524Z,gpu-3uwoq-6g3ya-2,ib_hw_counter,rdma_vf_rail3,rx_read_requests,1.24103e+07
2026-09-30T07:14:24.524Z,gpu-3uwoq-6g3ya-2,ib_hw_counter,rdma_vf_rail3,req_cqe_error,0
2026-09-30T07:14:24.524Z,gpu-3uwoq-6g3ya-2,ib_hw_counter,rdma_vf_rail3,resp_cqe_error,0
2026-09-30T07:14:24.524Z,gpu-3uwoq-6g3ya-2,ib_hw_counter,rdma_vf_rail3,implied_nak_seq_err,0
2026-09-30T07:14:24.524Z,gpu-3uwoq-6g3ya-2,ib_hw_counter,rdma_vf_rail3,duplicate_request,0
2026-09-30T07:14:24.524Z,gpu-3uwoq-6g3ya-2,dcgm,gpu2,gpu_util,0
2026-09-30T07:14:24.524Z,gpu-3uwoq-6g3ya-2,dcgm,gpu3,gpu_util,0
2026-09-30T07:14:24.524Z,gpu-3uwoq-6g3ya-2,dcgm,gpu1,gpu_util,0
2026-09-30T07:14:24.524Z,gpu-3uwoq-6g3ya-2,dcgm,gpu0,gpu_util,0
2026-09-30T07:14:24.524Z,gpu-3uwoq-6g3ya-2,dcgm,gpu2,nvlink_bandwidth_total,11
2026-09-30T07:14:24.524Z,gpu-3uwoq-6g3ya-2,dcgm,gpu3,nvlink_bandwidth_total,14
2026-09-30T07:14:24.524Z,gpu-3uwoq-6g3ya-2,dcgm,gpu1,nvlink_bandwidth_total,5
2026-09-30T07:14:24.524Z,gpu-3uwoq-6g3ya-2,dcgm,gpu0,nvlink_bandwidth_total,0
2026-09-30T07:14:24.524Z,gpu-3uwoq-6g3ya-2,dcgm,gpu2,power_w,232.412
2026-09-30T07:14:24.524Z,gpu-3uwoq-6g3ya-2,dcgm,gpu3,power_w,233.992
2026-09-30T07:14:24.524Z,gpu-3uwoq-6g3ya-2,dcgm,gpu1,power_w,229.968
2026-09-30T07:14:24.524Z,gpu-3uwoq-6g3ya-2,dcgm,gpu0,power_w,226.588
2026-09-30T07:14:24.524Z,gpu-3uwoq-6g3ya-2,dcgm,gpu2,sm_clock_mhz,2070
2026-09-30T07:14:24.524Z,gpu-3uwoq-6g3ya-2,dcgm,gpu3,sm_clock_mhz,2070
2026-09-30T07:14:24.524Z,gpu-3uwoq-6g3ya-2,dcgm,gpu1,sm_clock_mhz,2070
2026-09-30T07:14:24.524Z,gpu-3uwoq-6g3ya-2,dcgm,gpu0,sm_clock_mhz,2070
2026-09-30T07:14:24.524Z,gpu-3uwoq-6g3ya-2,dcgm,gpu2,dram_active,5e-06
2026-09-30T07:14:24.524Z,gpu-3uwoq-6g3ya-2,dcgm,gpu3,dram_active,5e-06
2026-09-30T07:14:24.524Z,gpu-3uwoq-6g3ya-2,dcgm,gpu1,dram_active,5e-06
2026-09-30T07:14:24.524Z,gpu-3uwoq-6g3ya-2,dcgm,gpu0,dram_active,5e-06
2026-09-30T07:14:24.524Z,gpu-3uwoq-6g3ya-2,dcgm,gpu2,pcie_rx_bytes,353177
2026-09-30T07:14:24.524Z,gpu-3uwoq-6g3ya-2,dcgm,gpu3,pcie_rx_bytes,281346
2026-09-30T07:14:24.524Z,gpu-3uwoq-6g3ya-2,dcgm,gpu1,pcie_rx_bytes,388727
2026-09-30T07:14:24.524Z,gpu-3uwoq-6g3ya-2,dcgm,gpu0,pcie_rx_bytes,402180
2026-09-30T07:14:24.524Z,gpu-3uwoq-6g3ya-2,dcgm,gpu2,pcie_tx_bytes,301337
2026-09-30T07:14:24.524Z,gpu-3uwoq-6g3ya-2,dcgm,gpu3,pcie_tx_bytes,246732
2026-09-30T07:14:24.524Z,gpu-3uwoq-6g3ya-2,dcgm,gpu1,pcie_tx_bytes,337701
2026-09-30T07:14:24.524Z,gpu-3uwoq-6g3ya-2,dcgm,gpu0,pcie_tx_bytes,350057
2026-09-30T07:14:24.524Z,gpu-3uwoq-6g3ya-2,dcgm,gpu2,tensor_active,0
2026-09-30T07:14:24.524Z,gpu-3uwoq-6g3ya-2,dcgm,gpu3,tensor_active,0
2026-09-30T07:14:24.524Z,gpu-3uwoq-6g3ya-2,dcgm,gpu1,tensor_active,0
2026-09-30T07:14:24.524Z,gpu-3uwoq-6g3ya-2,dcgm,gpu0,tensor_active,0
2026-09-30T07:14:24.524Z,gpu-3uwoq-6g3ya-2,dcgm,gpu2,sm_active,0
2026-09-30T07:14:24.524Z,gpu-3uwoq-6g3ya-2,dcgm,gpu3,sm_active,0
2026-09-30T07:14:24.524Z,gpu-3uwoq-6g3ya-2,dcgm,gpu1,sm_active,0
2026-09-30T07:14:24.524Z,gpu-3uwoq-6g3ya-2,dcgm,gpu0,sm_active,0
2026-09-30T07:14:24.524Z,gpu-3uwoq-6g3ya-2,nvlink,gpu0,nvlink_rx_bytes,4.84459e+13
2026-09-30T07:14:24.524Z,gpu-3uwoq-6g3ya-2,nvlink,gpu0,nvlink_tx_bytes,4.84493e+13
2026-09-30T07:14:24.524Z,gpu-3uwoq-6g3ya-2,nvlink,gpu1,nvlink_rx_bytes,4.8648e+13
2026-09-30T07:14:24.524Z,gpu-3uwoq-6g3ya-2,nvlink,gpu1,nvlink_tx_bytes,4.86502e+13
2026-09-30T07:14:24.524Z,gpu-3uwoq-6g3ya-2,nvlink,gpu2,nvlink_rx_bytes,4.84828e+13
2026-09-30T07:14:24.524Z,gpu-3uwoq-6g3ya-2,nvlink,gpu2,nvlink_tx_bytes,4.84863e+13
2026-09-30T07:14:24.524Z,gpu-3uwoq-6g3ya-2,nvlink,gpu3,nvlink_rx_bytes,4.83797e+13
2026-09-30T07:14:24.524Z,gpu-3uwoq-6g3ya-2,nvlink,gpu3,nvlink_tx_bytes,4.83829e+13
2026-09-30T07:14:25.524Z,gpu-3uwoq-6g3ya-2,ib_counter,rdma_vf_rail0,port_xmit_data,3.16204e+12
2026-09-30T07:14:25.524Z,gpu-3uwoq-6g3ya-2,ib_counter,rdma_vf_rail0,port_rcv_data,6.12211e+12
2026-09-30T07:14:25.524Z,gpu-3uwoq-6g3ya-2,ib_counter,rdma_vf_rail0,port_xmit_packets,1.0707e+09
2026-09-30T07:14:25.524Z,gpu-3uwoq-6g3ya-2,ib_counter,rdma_vf_rail0,port_rcv_packets,1.70186e+09
2026-09-30T07:14:25.524Z,gpu-3uwoq-6g3ya-2,ib_counter,rdma_vf_rail0,port_xmit_wait,0
2026-09-30T07:14:25.524Z,gpu-3uwoq-6g3ya-2,ib_counter,rdma_vf_rail0,port_rcv_errors,0
2026-09-30T07:14:25.524Z,gpu-3uwoq-6g3ya-2,ib_counter,rdma_vf_rail0,port_xmit_discards,0
2026-09-30T07:14:25.524Z,gpu-3uwoq-6g3ya-2,ib_counter,rdma_vf_rail0,link_downed,0
2026-09-30T07:14:25.524Z,gpu-3uwoq-6g3ya-2,ib_hw_counter,rdma_vf_rail0,out_of_sequence,8
2026-09-30T07:14:25.524Z,gpu-3uwoq-6g3ya-2,ib_hw_counter,rdma_vf_rail0,packet_seq_err,8
2026-09-30T07:14:25.524Z,gpu-3uwoq-6g3ya-2,ib_hw_counter,rdma_vf_rail0,local_ack_timeout_err,0
2026-09-30T07:14:25.524Z,gpu-3uwoq-6g3ya-2,ib_hw_counter,rdma_vf_rail0,rx_write_requests,7.13228e+08
2026-09-30T07:14:25.524Z,gpu-3uwoq-6g3ya-2,ib_hw_counter,rdma_vf_rail0,rx_read_requests,1.34189e+07
2026-09-30T07:14:25.524Z,gpu-3uwoq-6g3ya-2,ib_hw_counter,rdma_vf_rail0,req_cqe_error,0
2026-09-30T07:14:25.524Z,gpu-3uwoq-6g3ya-2,ib_hw_counter,rdma_vf_rail0,resp_cqe_error,0
2026-09-30T07:14:25.524Z,gpu-3uwoq-6g3ya-2,ib_hw_counter,rdma_vf_rail0,implied_nak_seq_err,0
2026-09-30T07:14:25.524Z,gpu-3uwoq-6g3ya-2,ib_hw_counter,rdma_vf_rail0,duplicate_request,0
2026-09-30T07:14:25.524Z,gpu-3uwoq-6g3ya-2,ib_counter,rdma_vf_rail1,port_xmit_data,3.05385e+12
2026-09-30T07:14:25.524Z,gpu-3uwoq-6g3ya-2,ib_counter,rdma_vf_rail1,port_rcv_data,6.01387e+12
2026-09-30T07:14:25.524Z,gpu-3uwoq-6g3ya-2,ib_counter,rdma_vf_rail1,port_xmit_packets,1.03799e+09
2026-09-30T07:14:25.524Z,gpu-3uwoq-6g3ya-2,ib_counter,rdma_vf_rail1,port_rcv_packets,1.66932e+09
2026-09-30T07:14:25.524Z,gpu-3uwoq-6g3ya-2,ib_counter,rdma_vf_rail1,port_xmit_wait,0
2026-09-30T07:14:25.524Z,gpu-3uwoq-6g3ya-2,ib_counter,rdma_vf_rail1,port_rcv_errors,0
2026-09-30T07:14:25.524Z,gpu-3uwoq-6g3ya-2,ib_counter,rdma_vf_rail1,port_xmit_discards,0
2026-09-30T07:14:25.524Z,gpu-3uwoq-6g3ya-2,ib_counter,rdma_vf_rail1,link_downed,0
2026-09-30T07:14:25.524Z,gpu-3uwoq-6g3ya-2,ib_hw_counter,rdma_vf_rail1,out_of_sequence,8
2026-09-30T07:14:25.524Z,gpu-3uwoq-6g3ya-2,ib_hw_counter,rdma_vf_rail1,packet_seq_err,7
2026-09-30T07:14:25.524Z,gpu-3uwoq-6g3ya-2,ib_hw_counter,rdma_vf_rail1,local_ack_timeout_err,0
2026-09-30T07:14:25.524Z,gpu-3uwoq-6g3ya-2,ib_hw_counter,rdma_vf_rail1,rx_write_requests,7.11635e+08
2026-09-30T07:14:25.524Z,gpu-3uwoq-6g3ya-2,ib_hw_counter,rdma_vf_rail1,rx_read_requests,1.26179e+07
2026-09-30T07:14:25.524Z,gpu-3uwoq-6g3ya-2,ib_hw_counter,rdma_vf_rail1,req_cqe_error,0
2026-09-30T07:14:25.524Z,gpu-3uwoq-6g3ya-2,ib_hw_counter,rdma_vf_rail1,resp_cqe_error,0
2026-09-30T07:14:25.524Z,gpu-3uwoq-6g3ya-2,ib_hw_counter,rdma_vf_rail1,implied_nak_seq_err,0
2026-09-30T07:14:25.524Z,gpu-3uwoq-6g3ya-2,ib_hw_counter,rdma_vf_rail1,duplicate_request,0
2026-09-30T07:14:25.524Z,gpu-3uwoq-6g3ya-2,ib_counter,rdma_vf_rail2,port_xmit_data,3.02628e+12
2026-09-30T07:14:25.524Z,gpu-3uwoq-6g3ya-2,ib_counter,rdma_vf_rail2,port_rcv_data,5.98574e+12
2026-09-30T07:14:25.524Z,gpu-3uwoq-6g3ya-2,ib_counter,rdma_vf_rail2,port_xmit_packets,1.02031e+09
2026-09-30T07:14:25.524Z,gpu-3uwoq-6g3ya-2,ib_counter,rdma_vf_rail2,port_rcv_packets,1.64542e+09
2026-09-30T07:14:25.524Z,gpu-3uwoq-6g3ya-2,ib_counter,rdma_vf_rail2,port_xmit_wait,0
2026-09-30T07:14:25.524Z,gpu-3uwoq-6g3ya-2,ib_counter,rdma_vf_rail2,port_rcv_errors,0
2026-09-30T07:14:25.524Z,gpu-3uwoq-6g3ya-2,ib_counter,rdma_vf_rail2,port_xmit_discards,0
2026-09-30T07:14:25.524Z,gpu-3uwoq-6g3ya-2,ib_counter,rdma_vf_rail2,link_downed,0
2026-09-30T07:14:25.524Z,gpu-3uwoq-6g3ya-2,ib_hw_counter,rdma_vf_rail2,out_of_sequence,8
2026-09-30T07:14:25.524Z,gpu-3uwoq-6g3ya-2,ib_hw_counter,rdma_vf_rail2,packet_seq_err,8
2026-09-30T07:14:25.524Z,gpu-3uwoq-6g3ya-2,ib_hw_counter,rdma_vf_rail2,local_ack_timeout_err,0
2026-09-30T07:14:25.524Z,gpu-3uwoq-6g3ya-2,ib_hw_counter,rdma_vf_rail2,rx_write_requests,7.11202e+08
2026-09-30T07:14:25.524Z,gpu-3uwoq-6g3ya-2,ib_hw_counter,rdma_vf_rail2,rx_read_requests,1.24103e+07
2026-09-30T07:14:25.524Z,gpu-3uwoq-6g3ya-2,ib_hw_counter,rdma_vf_rail2,req_cqe_error,0
2026-09-30T07:14:25.524Z,gpu-3uwoq-6g3ya-2,ib_hw_counter,rdma_vf_rail2,resp_cqe_error,0
2026-09-30T07:14:25.524Z,gpu-3uwoq-6g3ya-2,ib_hw_counter,rdma_vf_rail2,implied_nak_seq_err,0
2026-09-30T07:14:25.524Z,gpu-3uwoq-6g3ya-2,ib_hw_counter,rdma_vf_rail2,duplicate_request,0
2026-09-30T07:14:25.524Z,gpu-3uwoq-6g3ya-2,ib_counter,rdma_vf_rail3,port_xmit_data,3.02614e+12
2026-09-30T07:14:25.524Z,gpu-3uwoq-6g3ya-2,ib_counter,rdma_vf_rail3,port_rcv_data,5.98635e+12
2026-09-30T07:14:25.524Z,gpu-3uwoq-6g3ya-2,ib_counter,rdma_vf_rail3,port_xmit_packets,1.01864e+09
2026-09-30T07:14:25.524Z,gpu-3uwoq-6g3ya-2,ib_counter,rdma_vf_rail3,port_rcv_packets,1.65281e+09
2026-09-30T07:14:25.524Z,gpu-3uwoq-6g3ya-2,ib_counter,rdma_vf_rail3,port_xmit_wait,0
2026-09-30T07:14:25.524Z,gpu-3uwoq-6g3ya-2,ib_counter,rdma_vf_rail3,port_rcv_errors,0
2026-09-30T07:14:25.524Z,gpu-3uwoq-6g3ya-2,ib_counter,rdma_vf_rail3,port_xmit_discards,0
2026-09-30T07:14:25.524Z,gpu-3uwoq-6g3ya-2,ib_counter,rdma_vf_rail3,link_downed,0
2026-09-30T07:14:25.524Z,gpu-3uwoq-6g3ya-2,ib_hw_counter,rdma_vf_rail3,out_of_sequence,8
2026-09-30T07:14:25.524Z,gpu-3uwoq-6g3ya-2,ib_hw_counter,rdma_vf_rail3,packet_seq_err,9
2026-09-30T07:14:25.524Z,gpu-3uwoq-6g3ya-2,ib_hw_counter,rdma_vf_rail3,local_ack_timeout_err,0
2026-09-30T07:14:25.524Z,gpu-3uwoq-6g3ya-2,ib_hw_counter,rdma_vf_rail3,rx_write_requests,7.11202e+08
2026-09-30T07:14:25.524Z,gpu-3uwoq-6g3ya-2,ib_hw_counter,rdma_vf_rail3,rx_read_requests,1.24103e+07
2026-09-30T07:14:25.524Z,gpu-3uwoq-6g3ya-2,ib_hw_counter,rdma_vf_rail3,req_cqe_error,0
2026-09-30T07:14:25.524Z,gpu-3uwoq-6g3ya-2,ib_hw_counter,rdma_vf_rail3,resp_cqe_error,0
2026-09-30T07:14:25.524Z,gpu-3uwoq-6g3ya-2,ib_hw_counter,rdma_vf_rail3,implied_nak_seq_err,0
2026-09-30T07:14:25.524Z,gpu-3uwoq-6g3ya-2,ib_hw_counter,rdma_vf_rail3,duplicate_request,0
2026-09-30T07:14:25.524Z,gpu-3uwoq-6g3ya-2,dcgm,gpu2,gpu_util,0
2026-09-30T07:14:25.524Z,gpu-3uwoq-6g3ya-2,dcgm,gpu3,gpu_util,0
2026-09-30T07:14:25.524Z,gpu-3uwoq-6g3ya-2,dcgm,gpu1,gpu_util,0
2026-09-30T07:14:25.524Z,gpu-3uwoq-6g3ya-2,dcgm,gpu0,gpu_util,0
2026-09-30T07:14:25.524Z,gpu-3uwoq-6g3ya-2,dcgm,gpu2,nvlink_bandwidth_total,11
2026-09-30T07:14:25.524Z,gpu-3uwoq-6g3ya-2,dcgm,gpu3,nvlink_bandwidth_total,14
2026-09-30T07:14:25.524Z,gpu-3uwoq-6g3ya-2,dcgm,gpu1,nvlink_bandwidth_total,5
2026-09-30T07:14:25.524Z,gpu-3uwoq-6g3ya-2,dcgm,gpu0,nvlink_bandwidth_total,0
2026-09-30T07:14:25.524Z,gpu-3uwoq-6g3ya-2,dcgm,gpu2,power_w,232.412
2026-09-30T07:14:25.524Z,gpu-3uwoq-6g3ya-2,dcgm,gpu3,power_w,233.992
2026-09-30T07:14:25.524Z,gpu-3uwoq-6g3ya-2,dcgm,gpu1,power_w,229.968
2026-09-30T07:14:25.524Z,gpu-3uwoq-6g3ya-2,dcgm,gpu0,power_w,226.588
2026-09-30T07:14:25.524Z,gpu-3uwoq-6g3ya-2,dcgm,gpu2,sm_clock_mhz,2070
2026-09-30T07:14:25.524Z,gpu-3uwoq-6g3ya-2,dcgm,gpu3,sm_clock_mhz,2070
2026-09-30T07:14:25.524Z,gpu-3uwoq-6g3ya-2,dcgm,gpu1,sm_clock_mhz,2070
2026-09-30T07:14:25.524Z,gpu-3uwoq-6g3ya-2,dcgm,gpu0,sm_clock_mhz,2070
2026-09-30T07:14:25.524Z,gpu-3uwoq-6g3ya-2,dcgm,gpu2,dram_active,5e-06
2026-09-30T07:14:25.524Z,gpu-3uwoq-6g3ya-2,dcgm,gpu3,dram_active,5e-06
2026-09-30T07:14:25.524Z,gpu-3uwoq-6g3ya-2,dcgm,gpu1,dram_active,5e-06
2026-09-30T07:14:25.524Z,gpu-3uwoq-6g3ya-2,dcgm,gpu0,dram_active,5e-06
2026-09-30T07:14:25.524Z,gpu-3uwoq-6g3ya-2,dcgm,gpu2,pcie_rx_bytes,353177
2026-09-30T07:14:25.524Z,gpu-3uwoq-6g3ya-2,dcgm,gpu3,pcie_rx_bytes,281346
2026-09-30T07:14:25.524Z,gpu-3uwoq-6g3ya-2,dcgm,gpu1,pcie_rx_bytes,388727
2026-09-30T07:14:25.524Z,gpu-3uwoq-6g3ya-2,dcgm,gpu0,pcie_rx_bytes,402180
2026-09-30T07:14:25.524Z,gpu-3uwoq-6g3ya-2,dcgm,gpu2,pcie_tx_bytes,301337
2026-09-30T07:14:25.524Z,gpu-3uwoq-6g3ya-2,dcgm,gpu3,pcie_tx_bytes,246732
2026-09-30T07:14:25.524Z,gpu-3uwoq-6g3ya-2,dcgm,gpu1,pcie_tx_bytes,337701
2026-09-30T07:14:25.524Z,gpu-3uwoq-6g3ya-2,dcgm,gpu0,pcie_tx_bytes,350057
2026-09-30T07:14:25.524Z,gpu-3uwoq-6g3ya-2,dcgm,gpu2,tensor_active,0
2026-09-30T07:14:25.524Z,gpu-3uwoq-6g3ya-2,dcgm,gpu3,tensor_active,0
2026-09-30T07:14:25.524Z,gpu-3uwoq-6g3ya-2,dcgm,gpu1,tensor_active,0
2026-09-30T07:14:25.524Z,gpu-3uwoq-6g3ya-2,dcgm,gpu0,tensor_active,0
2026-09-30T07:14:25.524Z,gpu-3uwoq-6g3ya-2,dcgm,gpu2,sm_active,0
2026-09-30T07:14:25.524Z,gpu-3uwoq-6g3ya-2,dcgm,gpu3,sm_active,0
2026-09-30T07:14:25.524Z,gpu-3uwoq-6g3ya-2,dcgm,gpu1,sm_active,0
2026-09-30T07:14:25.524Z,gpu-3uwoq-6g3ya-2,dcgm,gpu0,sm_active,0
2026-09-30T07:14:25.524Z,gpu-3uwoq-6g3ya-2,nvlink,gpu0,nvlink_rx_bytes,4.84459e+13
2026-09-30T07:14:25.524Z,gpu-3uwoq-6g3ya-2,nvlink,gpu0,nvlink_tx_bytes,4.84493e+13
2026-09-30T07:14:25.524Z,gpu-3uwoq-6g3ya-2,nvlink,gpu1,nvlink_rx_bytes,4.8648e+13
2026-09-30T07:14:25.524Z,gpu-3uwoq-6g3ya-2,nvlink,gpu1,nvlink_tx_bytes,4.86502e+13
2026-09-30T07:14:25.524Z,gpu-3uwoq-6g3ya-2,nvlink,gpu2,nvlink_rx_bytes,4.84828e+13
2026-09-30T07:14:25.524Z,gpu-3uwoq-6g3ya-2,nvlink,gpu2,nvlink_tx_bytes,4.84863e+13
2026-09-30T07:14:25.524Z,gpu-3uwoq-6g3ya-2,nvlink,gpu3,nvlink_rx_bytes,4.83797e+13
2026-09-30T07:14:25.524Z,gpu-3uwoq-6g3ya-2,nvlink,gpu3,nvlink_tx_bytes,4.83829e+13
2026-09-30T07:14:26.524Z,gpu-3uwoq-6g3ya-2,ib_counter,rdma_vf_rail0,port_xmit_data,3.16204e+12
2026-09-30T07:14:26.524Z,gpu-3uwoq-6g3ya-2,ib_counter,rdma_vf_rail0,port_rcv_data,6.12211e+12
2026-09-30T07:14:26.524Z,gpu-3uwoq-6g3ya-2,ib_counter,rdma_vf_rail0,port_xmit_packets,1.0707e+09
2026-09-30T07:14:26.524Z,gpu-3uwoq-6g3ya-2,ib_counter,rdma_vf_rail0,port_rcv_packets,1.70186e+09
2026-09-30T07:14:26.524Z,gpu-3uwoq-6g3ya-2,ib_counter,rdma_vf_rail0,port_xmit_wait,0
2026-09-30T07:14:26.524Z,gpu-3uwoq-6g3ya-2,ib_counter,rdma_vf_rail0,port_rcv_errors,0
2026-09-30T07:14:26.524Z,gpu-3uwoq-6g3ya-2,ib_counter,rdma_vf_rail0,port_xmit_discards,0
2026-09-30T07:14:26.524Z,gpu-3uwoq-6g3ya-2,ib_counter,rdma_vf_rail0,link_downed,0
2026-09-30T07:14:26.524Z,gpu-3uwoq-6g3ya-2,ib_hw_counter,rdma_vf_rail0,out_of_sequence,8
2026-09-30T07:14:26.524Z,gpu-3uwoq-6g3ya-2,ib_hw_counter,rdma_vf_rail0,packet_seq_err,8
2026-09-30T07:14:26.524Z,gpu-3uwoq-6g3ya-2,ib_hw_counter,rdma_vf_rail0,local_ack_timeout_err,0
2026-09-30T07:14:26.524Z,gpu-3uwoq-6g3ya-2,ib_hw_counter,rdma_vf_rail0,rx_write_requests,7.13228e+08
2026-09-30T07:14:26.524Z,gpu-3uwoq-6g3ya-2,ib_hw_counter,rdma_vf_rail0,rx_read_requests,1.34189e+07
2026-09-30T07:14:26.524Z,gpu-3uwoq-6g3ya-2,ib_hw_counter,rdma_vf_rail0,req_cqe_error,0
2026-09-30T07:14:26.524Z,gpu-3uwoq-6g3ya-2,ib_hw_counter,rdma_vf_rail0,resp_cqe_error,0
2026-09-30T07:14:26.524Z,gpu-3uwoq-6g3ya-2,ib_hw_counter,rdma_vf_rail0,implied_nak_seq_err,0
2026-09-30T07:14:26.524Z,gpu-3uwoq-6g3ya-2,ib_hw_counter,rdma_vf_rail0,duplicate_request,0
2026-09-30T07:14:26.524Z,gpu-3uwoq-6g3ya-2,ib_counter,rdma_vf_rail1,port_xmit_data,3.05385e+12
2026-09-30T07:14:26.524Z,gpu-3uwoq-6g3ya-2,ib_counter,rdma_vf_rail1,port_rcv_data,6.01387e+12
2026-09-30T07:14:26.524Z,gpu-3uwoq-6g3ya-2,ib_counter,rdma_vf_rail1,port_xmit_packets,1.03799e+09
2026-09-30T07:14:26.524Z,gpu-3uwoq-6g3ya-2,ib_counter,rdma_vf_rail1,port_rcv_packets,1.66932e+09
2026-09-30T07:14:26.524Z,gpu-3uwoq-6g3ya-2,ib_counter,rdma_vf_rail1,port_xmit_wait,0
2026-09-30T07:14:26.524Z,gpu-3uwoq-6g3ya-2,ib_counter,rdma_vf_rail1,port_rcv_errors,0
2026-09-30T07:14:26.524Z,gpu-3uwoq-6g3ya-2,ib_counter,rdma_vf_rail1,port_xmit_discards,0
2026-09-30T07:14:26.524Z,gpu-3uwoq-6g3ya-2,ib_counter,rdma_vf_rail1,link_downed,0
2026-09-30T07:14:26.524Z,gpu-3uwoq-6g3ya-2,ib_hw_counter,rdma_vf_rail1,out_of_sequence,8
2026-09-30T07:14:26.524Z,gpu-3uwoq-6g3ya-2,ib_hw_counter,rdma_vf_rail1,packet_seq_err,7
2026-09-30T07:14:26.524Z,gpu-3uwoq-6g3ya-2,ib_hw_counter,rdma_vf_rail1,local_ack_timeout_err,0
2026-09-30T07:14:26.524Z,gpu-3uwoq-6g3ya-2,ib_hw_counter,rdma_vf_rail1,rx_write_requests,7.11635e+08
2026-09-30T07:14:26.524Z,gpu-3uwoq-6g3ya-2,ib_hw_counter,rdma_vf_rail1,rx_read_requests,1.26179e+07
2026-09-30T07:14:26.524Z,gpu-3uwoq-6g3ya-2,ib_hw_counter,rdma_vf_rail1,req_cqe_error,0
2026-09-30T07:14:26.524Z,gpu-3uwoq-6g3ya-2,ib_hw_counter,rdma_vf_rail1,resp_cqe_error,0
2026-09-30T07:14:26.524Z,gpu-3uwoq-6g3ya-2,ib_hw_counter,rdma_vf_rail1,implied_nak_seq_err,0
2026-09-30T07:14:26.524Z,gpu-3uwoq-6g3ya-2,ib_hw_counter,rdma_vf_rail1,duplicate_request,0
2026-09-30T07:14:26.524Z,gpu-3uwoq-6g3ya-2,ib_counter,rdma_vf_rail2,port_xmit_data,3.02628e+12
2026-09-30T07:14:26.524Z,gpu-3uwoq-6g3ya-2,ib_counter,rdma_vf_rail2,port_rcv_data,5.98574e+12
2026-09-30T07:14:26.524Z,gpu-3uwoq-6g3ya-2,ib_counter,rdma_vf_rail2,port_xmit_packets,1.02031e+09
2026-09-30T07:14:26.524Z,gpu-3uwoq-6g3ya-2,ib_counter,rdma_vf_rail2,port_rcv_packets,1.64542e+09
2026-09-30T07:14:26.524Z,gpu-3uwoq-6g3ya-2,ib_counter,rdma_vf_rail2,port_xmit_wait,0
2026-09-30T07:14:26.524Z,gpu-3uwoq-6g3ya-2,ib_counter,rdma_vf_rail2,port_rcv_errors,0
2026-09-30T07:14:26.524Z,gpu-3uwoq-6g3ya-2,ib_counter,rdma_vf_rail2,port_xmit_discards,0
2026-09-30T07:14:26.524Z,gpu-3uwoq-6g3ya-2,ib_counter,rdma_vf_rail2,link_downed,0
2026-09-30T07:14:26.524Z,gpu-3uwoq-6g3ya-2,ib_hw_counter,rdma_vf_rail2,out_of_sequence,8
2026-09-30T07:14:26.524Z,gpu-3uwoq-6g3ya-2,ib_hw_counter,rdma_vf_rail2,packet_seq_err,8
2026-09-30T07:14:26.524Z,gpu-3uwoq-6g3ya-2,ib_hw_counter,rdma_vf_rail2,local_ack_timeout_err,0
2026-09-30T07:14:26.524Z,gpu-3uwoq-6g3ya-2,ib_hw_counter,rdma_vf_rail2,rx_write_requests,7.11202e+08
2026-09-30T07:14:26.524Z,gpu-3uwoq-6g3ya-2,ib_hw_counter,rdma_vf_rail2,rx_read_requests,1.24103e+07
2026-09-30T07:14:26.524Z,gpu-3uwoq-6g3ya-2,ib_hw_counter,rdma_vf_rail2,req_cqe_error,0
2026-09-30T07:14:26.524Z,gpu-3uwoq-6g3ya-2,ib_hw_counter,rdma_vf_rail2,resp_cqe_error,0
2026-09-30T07:14:26.524Z,gpu-3uwoq-6g3ya-2,ib_hw_counter,rdma_vf_rail2,implied_nak_seq_err,0
2026-09-30T07:14:26.524Z,gpu-3uwoq-6g3ya-2,ib_hw_counter,rdma_vf_rail2,duplicate_request,0
2026-09-30T07:14:26.524Z,gpu-3uwoq-6g3ya-2,ib_counter,rdma_vf_rail3,port_xmit_data,3.02614e+12
2026-09-30T07:14:26.524Z,gpu-3uwoq-6g3ya-2,ib_counter,rdma_vf_rail3,port_rcv_data,5.98635e+12
2026-09-30T07:14:26.524Z,gpu-3uwoq-6g3ya-2,ib_counter,rdma_vf_rail3,port_xmit_packets,1.01864e+09
2026-09-30T07:14:26.524Z,gpu-3uwoq-6g3ya-2,ib_counter,rdma_vf_rail3,port_rcv_packets,1.65281e+09
2026-09-30T07:14:26.524Z,gpu-3uwoq-6g3ya-2,ib_counter,rdma_vf_rail3,port_xmit_wait,0
2026-09-30T07:14:26.524Z,gpu-3uwoq-6g3ya-2,ib_counter,rdma_vf_rail3,port_rcv_errors,0
2026-09-30T07:14:26.524Z,gpu-3uwoq-6g3ya-2,ib_counter,rdma_vf_rail3,port_xmit_discards,0
2026-09-30T07:14:26.524Z,gpu-3uwoq-6g3ya-2,ib_counter,rdma_vf_rail3,link_downed,0
2026-09-30T07:14:26.524Z,gpu-3uwoq-6g3ya-2,ib_hw_counter,rdma_vf_rail3,out_of_sequence,8
2026-09-30T07:14:26.524Z,gpu-3uwoq-6g3ya-2,ib_hw_counter,rdma_vf_rail3,packet_seq_err,9
2026-09-30T07:14:26.524Z,gpu-3uwoq-6g3ya-2,ib_hw_counter,rdma_vf_rail3,local_ack_timeout_err,0
2026-09-30T07:14:26.524Z,gpu-3uwoq-6g3ya-2,ib_hw_counter,rdma_vf_rail3,rx_write_requests,7.11202e+08
2026-09-30T07:14:26.524Z,gpu-3uwoq-6g3ya-2,ib_hw_counter,rdma_vf_rail3,rx_read_requests,1.24103e+07
2026-09-30T07:14:26.524Z,gpu-3uwoq-6g3ya-2,ib_hw_counter,rdma_vf_rail3,req_cqe_error,0
2026-09-30T07:14:26.524Z,gpu-3uwoq-6g3ya-2,ib_hw_counter,rdma_vf_rail3,resp_cqe_error,0
2026-09-30T07:14:26.524Z,gpu-3uwoq-6g3ya-2,ib_hw_counter,rdma_vf_rail3,implied_nak_seq_err,0
2026-09-30T07:14:26.524Z,gpu-3uwoq-6g3ya-2,ib_hw_counter,rdma_vf_rail3,duplicate_request,0
2026-09-30T07:14:26.524Z,gpu-3uwoq-6g3ya-2,dcgm,gpu2,gpu_util,0
2026-09-30T07:14:26.524Z,gpu-3uwoq-6g3ya-2,dcgm,gpu3,gpu_util,0
2026-09-30T07:14:26.524Z,gpu-3uwoq-6g3ya-2,dcgm,gpu1,gpu_util,0
2026-09-30T07:14:26.524Z,gpu-3uwoq-6g3ya-2,dcgm,gpu0,gpu_util,0
2026-09-30T07:14:26.524Z,gpu-3uwoq-6g3ya-2,dcgm,gpu2,nvlink_bandwidth_total,11
2026-09-30T07:14:26.524Z,gpu-3uwoq-6g3ya-2,dcgm,gpu3,nvlink_bandwidth_total,14
2026-09-30T07:14:26.524Z,gpu-3uwoq-6g3ya-2,dcgm,gpu1,nvlink_bandwidth_total,5
2026-09-30T07:14:26.524Z,gpu-3uwoq-6g3ya-2,dcgm,gpu0,nvlink_bandwidth_total,0
2026-09-30T07:14:26.524Z,gpu-3uwoq-6g3ya-2,dcgm,gpu2,power_w,232.412
2026-09-30T07:14:26.524Z,gpu-3uwoq-6g3ya-2,dcgm,gpu3,power_w,233.992
2026-09-30T07:14:26.524Z,gpu-3uwoq-6g3ya-2,dcgm,gpu1,power_w,229.968
2026-09-30T07:14:26.524Z,gpu-3uwoq-6g3ya-2,dcgm,gpu0,power_w,226.588
2026-09-30T07:14:26.524Z,gpu-3uwoq-6g3ya-2,dcgm,gpu2,sm_clock_mhz,2070
2026-09-30T07:14:26.524Z,gpu-3uwoq-6g3ya-2,dcgm,gpu3,sm_clock_mhz,2070
2026-09-30T07:14:26.524Z,gpu-3uwoq-6g3ya-2,dcgm,gpu1,sm_clock_mhz,2070
2026-09-30T07:14:26.524Z,gpu-3uwoq-6g3ya-2,dcgm,gpu0,sm_clock_mhz,2070
2026-09-30T07:14:26.524Z,gpu-3uwoq-6g3ya-2,dcgm,gpu2,dram_active,5e-06
2026-09-30T07:14:26.524Z,gpu-3uwoq-6g3ya-2,dcgm,gpu3,dram_active,5e-06
2026-09-30T07:14:26.524Z,gpu-3uwoq-6g3ya-2,dcgm,gpu1,dram_active,5e-06
2026-09-30T07:14:26.524Z,gpu-3uwoq-6g3ya-2,dcgm,gpu0,dram_active,5e-06
2026-09-30T07:14:26.524Z,gpu-3uwoq-6g3ya-2,dcgm,gpu2,pcie_rx_bytes,353177
2026-09-30T07:14:26.524Z,gpu-3uwoq-6g3ya-2,dcgm,gpu3,pcie_rx_bytes,281346
2026-09-30T07:14:26.524Z,gpu-3uwoq-6g3ya-2,dcgm,gpu1,pcie_rx_bytes,388727
2026-09-30T07:14:26.524Z,gpu-3uwoq-6g3ya-2,dcgm,gpu0,pcie_rx_bytes,402180
2026-09-30T07:14:26.524Z,gpu-3uwoq-6g3ya-2,dcgm,gpu2,pcie_tx_bytes,301337
2026-09-30T07:14:26.524Z,gpu-3uwoq-6g3ya-2,dcgm,gpu3,pcie_tx_bytes,246732
2026-09-30T07:14:26.524Z,gpu-3uwoq-6g3ya-2,dcgm,gpu1,pcie_tx_bytes,337701
2026-09-30T07:14:26.524Z,gpu-3uwoq-6g3ya-2,dcgm,gpu0,pcie_tx_bytes,350057
2026-09-30T07:14:26.524Z,gpu-3uwoq-6g3ya-2,dcgm,gpu2,tensor_active,0
2026-09-30T07:14:26.524Z,gpu-3uwoq-6g3ya-2,dcgm,gpu3,tensor_active,0
2026-09-30T07:14:26.524Z,gpu-3uwoq-6g3ya-2,dcgm,gpu1,tensor_active,0
2026-09-30T07:14:26.524Z,gpu-3uwoq-6g3ya-2,dcgm,gpu0,tensor_active,0
2026-09-30T07:14:26.524Z,gpu-3uwoq-6g3ya-2,dcgm,gpu2,sm_active,0
2026-09-30T07:14:26.524Z,gpu-3uwoq-6g3ya-2,dcgm,gpu3,sm_active,0
2026-09-30T07:14:26.524Z,gpu-3uwoq-6g3ya-2,dcgm,gpu1,sm_active,0
2026-09-30T07:14:26.524Z,gpu-3uwoq-6g3ya-2,dcgm,gpu0,sm_active,0
2026-09-30T07:14:26.524Z,gpu-3uwoq-6g3ya-2,nvlink,gpu0,nvlink_rx_bytes,4.84459e+13
2026-09-30T07:14:26.524Z,gpu-3uwoq-6g3ya-2,nvlink,gpu0,nvlink_tx_bytes,4.84493e+13
2026-09-30T07:14:26.524Z,gpu-3uwoq-6g3ya-2,nvlink,gpu1,nvlink_rx_bytes,4.8648e+13
2026-09-30T07:14:26.524Z,gpu-3uwoq-6g3ya-2,nvlink,gpu1,nvlink_tx_bytes,4.86502e+13
2026-09-30T07:14:26.524Z,gpu-3uwoq-6g3ya-2,nvlink,gpu2,nvlink_rx_bytes,4.84828e+13
2026-09-30T07:14:26.524Z,gpu-3uwoq-6g3ya-2,nvlink,gpu2,nvlink_tx_bytes,4.84863e+13
2026-09-30T07:14:26.524Z,gpu-3uwoq-6g3ya-2,nvlink,gpu3,nvlink_rx_bytes,4.83797e+13
2026-09-30T07:14:26.524Z,gpu-3uwoq-6g3ya-2,nvlink,gpu3,nvlink_tx_bytes,4.83829e+13
2026-09-30T07:14:27.524Z,gpu-3uwoq-6g3ya-2,ib_counter,rdma_vf_rail0,port_xmit_data,3.16204e+12
2026-09-30T07:14:27.524Z,gpu-3uwoq-6g3ya-2,ib_counter,rdma_vf_rail0,port_rcv_data,6.12211e+12
2026-09-30T07:14:27.524Z,gpu-3uwoq-6g3ya-2,ib_counter,rdma_vf_rail0,port_xmit_packets,1.0707e+09
2026-09-30T07:14:27.524Z,gpu-3uwoq-6g3ya-2,ib_counter,rdma_vf_rail0,port_rcv_packets,1.70186e+09
2026-09-30T07:14:27.524Z,gpu-3uwoq-6g3ya-2,ib_counter,rdma_vf_rail0,port_xmit_wait,0
2026-09-30T07:14:27.524Z,gpu-3uwoq-6g3ya-2,ib_counter,rdma_vf_rail0,port_rcv_errors,0
2026-09-30T07:14:27.524Z,gpu-3uwoq-6g3ya-2,ib_counter,rdma_vf_rail0,port_xmit_discards,0
2026-09-30T07:14:27.524Z,gpu-3uwoq-6g3ya-2,ib_counter,rdma_vf_rail0,link_downed,0
2026-09-30T07:14:27.524Z,gpu-3uwoq-6g3ya-2,ib_hw_counter,rdma_vf_rail0,out_of_sequence,8
2026-09-30T07:14:27.524Z,gpu-3uwoq-6g3ya-2,ib_hw_counter,rdma_vf_rail0,packet_seq_err,8
2026-09-30T07:14:27.524Z,gpu-3uwoq-6g3ya-2,ib_hw_counter,rdma_vf_rail0,local_ack_timeout_err,0
2026-09-30T07:14:27.524Z,gpu-3uwoq-6g3ya-2,ib_hw_counter,rdma_vf_rail0,rx_write_requests,7.13228e+08
2026-09-30T07:14:27.524Z,gpu-3uwoq-6g3ya-2,ib_hw_counter,rdma_vf_rail0,rx_read_requests,1.34189e+07
2026-09-30T07:14:27.524Z,gpu-3uwoq-6g3ya-2,ib_hw_counter,rdma_vf_rail0,req_cqe_error,0
2026-09-30T07:14:27.524Z,gpu-3uwoq-6g3ya-2,ib_hw_counter,rdma_vf_rail0,resp_cqe_error,0
2026-09-30T07:14:27.524Z,gpu-3uwoq-6g3ya-2,ib_hw_counter,rdma_vf_rail0,implied_nak_seq_err,0
2026-09-30T07:14:27.524Z,gpu-3uwoq-6g3ya-2,ib_hw_counter,rdma_vf_rail0,duplicate_request,0
2026-09-30T07:14:27.524Z,gpu-3uwoq-6g3ya-2,ib_counter,rdma_vf_rail1,port_xmit_data,3.05385e+12
2026-09-30T07:14:27.524Z,gpu-3uwoq-6g3ya-2,ib_counter,rdma_vf_rail1,port_rcv_data,6.01387e+12
2026-09-30T07:14:27.524Z,gpu-3uwoq-6g3ya-2,ib_counter,rdma_vf_rail1,port_xmit_packets,1.03799e+09
2026-09-30T07:14:27.524Z,gpu-3uwoq-6g3ya-2,ib_counter,rdma_vf_rail1,port_rcv_packets,1.66932e+09
2026-09-30T07:14:27.524Z,gpu-3uwoq-6g3ya-2,ib_counter,rdma_vf_rail1,port_xmit_wait,0
2026-09-30T07:14:27.524Z,gpu-3uwoq-6g3ya-2,ib_counter,rdma_vf_rail1,port_rcv_errors,0
2026-09-30T07:14:27.524Z,gpu-3uwoq-6g3ya-2,ib_counter,rdma_vf_rail1,port_xmit_discards,0
2026-09-30T07:14:27.524Z,gpu-3uwoq-6g3ya-2,ib_counter,rdma_vf_rail1,link_downed,0
2026-09-30T07:14:27.524Z,gpu-3uwoq-6g3ya-2,ib_hw_counter,rdma_vf_rail1,out_of_sequence,8
2026-09-30T07:14:27.524Z,gpu-3uwoq-6g3ya-2,ib_hw_counter,rdma_vf_rail1,packet_seq_err,7
2026-09-30T07:14:27.524Z,gpu-3uwoq-6g3ya-2,ib_hw_counter,rdma_vf_rail1,local_ack_timeout_err,0
2026-09-30T07:14:27.524Z,gpu-3uwoq-6g3ya-2,ib_hw_counter,rdma_vf_rail1,rx_write_requests,7.11635e+08
2026-09-30T07:14:27.524Z,gpu-3uwoq-6g3ya-2,ib_hw_counter,rdma_vf_rail1,rx_read_requests,1.26179e+07
2026-09-30T07:14:27.524Z,gpu-3uwoq-6g3ya-2,ib_hw_counter,rdma_vf_rail1,req_cqe_error,0
2026-09-30T07:14:27.524Z,gpu-3uwoq-6g3ya-2,ib_hw_counter,rdma_vf_rail1,resp_cqe_error,0
2026-09-30T07:14:27.524Z,gpu-3uwoq-6g3ya-2,ib_hw_counter,rdma_vf_rail1,implied_nak_seq_err,0
2026-09-30T07:14:27.524Z,gpu-3uwoq-6g3ya-2,ib_hw_counter,rdma_vf_rail1,duplicate_request,0
2026-09-30T07:14:27.524Z,gpu-3uwoq-6g3ya-2,ib_counter,rdma_vf_rail2,port_xmit_data,3.02628e+12
2026-09-30T07:14:27.524Z,gpu-3uwoq-6g3ya-2,ib_counter,rdma_vf_rail2,port_rcv_data,5.98574e+12
2026-09-30T07:14:27.524Z,gpu-3uwoq-6g3ya-2,ib_counter,rdma_vf_rail2,port_xmit_packets,1.02031e+09
2026-09-30T07:14:27.524Z,gpu-3uwoq-6g3ya-2,ib_counter,rdma_vf_rail2,port_rcv_packets,1.64542e+09
2026-09-30T07:14:27.524Z,gpu-3uwoq-6g3ya-2,ib_counter,rdma_vf_rail2,port_xmit_wait,0
2026-09-30T07:14:27.524Z,gpu-3uwoq-6g3ya-2,ib_counter,rdma_vf_rail2,port_rcv_errors,0
2026-09-30T07:14:27.524Z,gpu-3uwoq-6g3ya-2,ib_counter,rdma_vf_rail2,port_xmit_discards,0
2026-09-30T07:14:27.524Z,gpu-3uwoq-6g3ya-2,ib_counter,rdma_vf_rail2,link_downed,0
2026-09-30T07:14:27.524Z,gpu-3uwoq-6g3ya-2,ib_hw_counter,rdma_vf_rail2,out_of_sequence,8
2026-09-30T07:14:27.524Z,gpu-3uwoq-6g3ya-2,ib_hw_counter,rdma_vf_rail2,packet_seq_err,8
2026-09-30T07:14:27.524Z,gpu-3uwoq-6g3ya-2,ib_hw_counter,rdma_vf_rail2,local_ack_timeout_err,0
2026-09-30T07:14:27.524Z,gpu-3uwoq-6g3ya-2,ib_hw_counter,rdma_vf_rail2,rx_write_requests,7.11202e+08
2026-09-30T07:14:27.524Z,gpu-3uwoq-6g3ya-2,ib_hw_counter,rdma_vf_rail2,rx_read_requests,1.24103e+07
2026-09-30T07:14:27.524Z,gpu-3uwoq-6g3ya-2,ib_hw_counter,rdma_vf_rail2,req_cqe_error,0
2026-09-30T07:14:27.524Z,gpu-3uwoq-6g3ya-2,ib_hw_counter,rdma_vf_rail2,resp_cqe_error,0
2026-09-30T07:14:27.524Z,gpu-3uwoq-6g3ya-2,ib_hw_counter,rdma_vf_rail2,implied_nak_seq_err,0
2026-09-30T07:14:27.524Z,gpu-3uwoq-6g3ya-2,ib_hw_counter,rdma_vf_rail2,duplicate_request,0
2026-09-30T07:14:27.524Z,gpu-3uwoq-6g3ya-2,ib_counter,rdma_vf_rail3,port_xmit_data,3.02614e+12
2026-09-30T07:14:27.524Z,gpu-3uwoq-6g3ya-2,ib_counter,rdma_vf_rail3,port_rcv_data,5.98635e+12
2026-09-30T07:14:27.524Z,gpu-3uwoq-6g3ya-2,ib_counter,rdma_vf_rail3,port_xmit_packets,1.01864e+09
2026-09-30T07:14:27.524Z,gpu-3uwoq-6g3ya-2,ib_counter,rdma_vf_rail3,port_rcv_packets,1.65281e+09
2026-09-30T07:14:27.524Z,gpu-3uwoq-6g3ya-2,ib_counter,rdma_vf_rail3,port_xmit_wait,0
2026-09-30T07:14:27.524Z,gpu-3uwoq-6g3ya-2,ib_counter,rdma_vf_rail3,port_rcv_errors,0
2026-09-30T07:14:27.524Z,gpu-3uwoq-6g3ya-2,ib_counter,rdma_vf_rail3,port_xmit_discards,0
2026-09-30T07:14:27.524Z,gpu-3uwoq-6g3ya-2,ib_counter,rdma_vf_rail3,link_downed,0
2026-09-30T07:14:27.524Z,gpu-3uwoq-6g3ya-2,ib_hw_counter,rdma_vf_rail3,out_of_sequence,8
2026-09-30T07:14:27.524Z,gpu-3uwoq-6g3ya-2,ib_hw_counter,rdma_vf_rail3,packet_seq_err,9
2026-09-30T07:14:27.524Z,gpu-3uwoq-6g3ya-2,ib_hw_counter,rdma_vf_rail3,local_ack_timeout_err,0
2026-09-30T07:14:27.524Z,gpu-3uwoq-6g3ya-2,ib_hw_counter,rdma_vf_rail3,rx_write_requests,7.11202e+08
2026-09-30T07:14:27.524Z,gpu-3uwoq-6g3ya-2,ib_hw_counter,rdma_vf_rail3,rx_read_requests,1.24103e+07
2026-09-30T07:14:27.524Z,gpu-3uwoq-6g3ya-2,ib_hw_counter,rdma_vf_rail3,req_cqe_error,0
2026-09-30T07:14:27.524Z,gpu-3uwoq-6g3ya-2,ib_hw_counter,rdma_vf_rail3,resp_cqe_error,0
2026-09-30T07:14:27.524Z,gpu-3uwoq-6g3ya-2,ib_hw_counter,rdma_vf_rail3,implied_nak_seq_err,0
2026-09-30T07:14:27.524Z,gpu-3uwoq-6g3ya-2,ib_hw_counter,rdma_vf_rail3,duplicate_request,0
2026-09-30T07:14:27.524Z,gpu-3uwoq-6g3ya-2,dcgm,gpu2,gpu_util,0
2026-09-30T07:14:27.524Z,gpu-3uwoq-6g3ya-2,dcgm,gpu3,gpu_util,0
2026-09-30T07:14:27.524Z,gpu-3uwoq-6g3ya-2,dcgm,gpu1,gpu_util,0
2026-09-30T07:14:27.524Z,gpu-3uwoq-6g3ya-2,dcgm,gpu0,gpu_util,0
2026-09-30T07:14:27.524Z,gpu-3uwoq-6g3ya-2,dcgm,gpu2,nvlink_bandwidth_total,11
2026-09-30T07:14:27.524Z,gpu-3uwoq-6g3ya-2,dcgm,gpu3,nvlink_bandwidth_total,14
2026-09-30T07:14:27.524Z,gpu-3uwoq-6g3ya-2,dcgm,gpu1,nvlink_bandwidth_total,5
2026-09-30T07:14:27.524Z,gpu-3uwoq-6g3ya-2,dcgm,gpu0,nvlink_bandwidth_total,0
2026-09-30T07:14:27.524Z,gpu-3uwoq-6g3ya-2,dcgm,gpu2,power_w,232.412
2026-09-30T07:14:27.524Z,gpu-3uwoq-6g3ya-2,dcgm,gpu3,power_w,233.992
2026-09-30T07:14:27.524Z,gpu-3uwoq-6g3ya-2,dcgm,gpu1,power_w,229.968
2026-09-30T07:14:27.524Z,gpu-3uwoq-6g3ya-2,dcgm,gpu0,power_w,226.588
2026-09-30T07:14:27.524Z,gpu-3uwoq-6g3ya-2,dcgm,gpu2,sm_clock_mhz,2070
2026-09-30T07:14:27.524Z,gpu-3uwoq-6g3ya-2,dcgm,gpu3,sm_clock_mhz,2070
2026-09-30T07:14:27.524Z,gpu-3uwoq-6g3ya-2,dcgm,gpu1,sm_clock_mhz,2070
2026-09-30T07:14:27.524Z,gpu-3uwoq-6g3ya-2,dcgm,gpu0,sm_clock_mhz,2070
2026-09-30T07:14:27.524Z,gpu-3uwoq-6g3ya-2,dcgm,gpu2,dram_active,5e-06
2026-09-30T07:14:27.524Z,gpu-3uwoq-6g3ya-2,dcgm,gpu3,dram_active,5e-06
2026-09-30T07:14:27.524Z,gpu-3uwoq-6g3ya-2,dcgm,gpu1,dram_active,5e-06
2026-09-30T07:14:27.524Z,gpu-3uwoq-6g3ya-2,dcgm,gpu0,dram_active,5e-06
2026-09-30T07:14:27.524Z,gpu-3uwoq-6g3ya-2,dcgm,gpu2,pcie_rx_bytes,353177
2026-09-30T07:14:27.524Z,gpu-3uwoq-6g3ya-2,dcgm,gpu3,pcie_rx_bytes,281346
2026-09-30T07:14:27.524Z,gpu-3uwoq-6g3ya-2,dcgm,gpu1,pcie_rx_bytes,388727
2026-09-30T07:14:27.524Z,gpu-3uwoq-6g3ya-2,dcgm,gpu0,pcie_rx_bytes,402180
2026-09-30T07:14:27.524Z,gpu-3uwoq-6g3ya-2,dcgm,gpu2,pcie_tx_bytes,301337
2026-09-30T07:14:27.524Z,gpu-3uwoq-6g3ya-2,dcgm,gpu3,pcie_tx_bytes,246732
2026-09-30T07:14:27.524Z,gpu-3uwoq-6g3ya-2,dcgm,gpu1,pcie_tx_bytes,337701
2026-09-30T07:14:27.524Z,gpu-3uwoq-6g3ya-2,dcgm,gpu0,pcie_tx_bytes,350057
2026-09-30T07:14:27.524Z,gpu-3uwoq-6g3ya-2,dcgm,gpu2,tensor_active,0
2026-09-30T07:14:27.524Z,gpu-3uwoq-6g3ya-2,dcgm,gpu3,tensor_active,0
2026-09-30T07:14:27.524Z,gpu-3uwoq-6g3ya-2,dcgm,gpu1,tensor_active,0
2026-09-30T07:14:27.524Z,gpu-3uwoq-6g3ya-2,dcgm,gpu0,tensor_active,0
2026-09-30T07:14:27.524Z,gpu-3uwoq-6g3ya-2,dcgm,gpu2,sm_active,0
2026-09-30T07:14:27.524Z,gpu-3uwoq-6g3ya-2,dcgm,gpu3,sm_active,0
2026-09-30T07:14:27.524Z,gpu-3uwoq-6g3ya-2,dcgm,gpu1,sm_active,0
2026-09-30T07:14:27.524Z,gpu-3uwoq-6g3ya-2,dcgm,gpu0,sm_active,0
2026-09-30T07:14:27.524Z,gpu-3uwoq-6g3ya-2,nvlink,gpu0,nvlink_rx_bytes,4.84459e+13
2026-09-30T07:14:27.524Z,gpu-3uwoq-6g3ya-2,nvlink,gpu0,nvlink_tx_bytes,4.84493e+13
2026-09-30T07:14:27.524Z,gpu-3uwoq-6g3ya-2,nvlink,gpu1,nvlink_rx_bytes,4.8648e+13
2026-09-30T07:14:27.524Z,gpu-3uwoq-6g3ya-2,nvlink,gpu1,nvlink_tx_bytes,4.86502e+13
2026-09-30T07:14:27.524Z,gpu-3uwoq-6g3ya-2,nvlink,gpu2,nvlink_rx_bytes,4.84828e+13
2026-09-30T07:14:27.524Z,gpu-3uwoq-6g3ya-2,nvlink,gpu2,nvlink_tx_bytes,4.84863e+13
2026-09-30T07:14:27.524Z,gpu-3uwoq-6g3ya-2,nvlink,gpu3,nvlink_rx_bytes,4.83797e+13
2026-09-30T07:14:27.524Z,gpu-3uwoq-6g3ya-2,nvlink,gpu3,nvlink_tx_bytes,4.83829e+13
2026-09-30T07:14:28.524Z,gpu-3uwoq-6g3ya-2,ib_counter,rdma_vf_rail0,port_xmit_data,3.16204e+12
2026-09-30T07:14:28.524Z,gpu-3uwoq-6g3ya-2,ib_counter,rdma_vf_rail0,port_rcv_data,6.12211e+12
2026-09-30T07:14:28.524Z,gpu-3uwoq-6g3ya-2,ib_counter,rdma_vf_rail0,port_xmit_packets,1.0707e+09
2026-09-30T07:14:28.524Z,gpu-3uwoq-6g3ya-2,ib_counter,rdma_vf_rail0,port_rcv_packets,1.70186e+09
2026-09-30T07:14:28.524Z,gpu-3uwoq-6g3ya-2,ib_counter,rdma_vf_rail0,port_xmit_wait,0
2026-09-30T07:14:28.524Z,gpu-3uwoq-6g3ya-2,ib_counter,rdma_vf_rail0,port_rcv_errors,0
2026-09-30T07:14:28.524Z,gpu-3uwoq-6g3ya-2,ib_counter,rdma_vf_rail0,port_xmit_discards,0
2026-09-30T07:14:28.524Z,gpu-3uwoq-6g3ya-2,ib_counter,rdma_vf_rail0,link_downed,0
2026-09-30T07:14:28.524Z,gpu-3uwoq-6g3ya-2,ib_hw_counter,rdma_vf_rail0,out_of_sequence,8
2026-09-30T07:14:28.524Z,gpu-3uwoq-6g3ya-2,ib_hw_counter,rdma_vf_rail0,packet_seq_err,8
2026-09-30T07:14:28.524Z,gpu-3uwoq-6g3ya-2,ib_hw_counter,rdma_vf_rail0,local_ack_timeout_err,0
2026-09-30T07:14:28.524Z,gpu-3uwoq-6g3ya-2,ib_hw_counter,rdma_vf_rail0,rx_write_requests,7.13228e+08
2026-09-30T07:14:28.524Z,gpu-3uwoq-6g3ya-2,ib_hw_counter,rdma_vf_rail0,rx_read_requests,1.34189e+07
2026-09-30T07:14:28.524Z,gpu-3uwoq-6g3ya-2,ib_hw_counter,rdma_vf_rail0,req_cqe_error,0
2026-09-30T07:14:28.524Z,gpu-3uwoq-6g3ya-2,ib_hw_counter,rdma_vf_rail0,resp_cqe_error,0
2026-09-30T07:14:28.524Z,gpu-3uwoq-6g3ya-2,ib_hw_counter,rdma_vf_rail0,implied_nak_seq_err,0
2026-09-30T07:14:28.524Z,gpu-3uwoq-6g3ya-2,ib_hw_counter,rdma_vf_rail0,duplicate_request,0
2026-09-30T07:14:28.524Z,gpu-3uwoq-6g3ya-2,ib_counter,rdma_vf_rail1,port_xmit_data,3.05385e+12
2026-09-30T07:14:28.524Z,gpu-3uwoq-6g3ya-2,ib_counter,rdma_vf_rail1,port_rcv_data,6.01387e+12
2026-09-30T07:14:28.524Z,gpu-3uwoq-6g3ya-2,ib_counter,rdma_vf_rail1,port_xmit_packets,1.03799e+09
2026-09-30T07:14:28.524Z,gpu-3uwoq-6g3ya-2,ib_counter,rdma_vf_rail1,port_rcv_packets,1.66932e+09
2026-09-30T07:14:28.524Z,gpu-3uwoq-6g3ya-2,ib_counter,rdma_vf_rail1,port_xmit_wait,0
2026-09-30T07:14:28.524Z,gpu-3uwoq-6g3ya-2,ib_counter,rdma_vf_rail1,port_rcv_errors,0
2026-09-30T07:14:28.524Z,gpu-3uwoq-6g3ya-2,ib_counter,rdma_vf_rail1,port_xmit_discards,0
2026-09-30T07:14:28.524Z,gpu-3uwoq-6g3ya-2,ib_counter,rdma_vf_rail1,link_downed,0
2026-09-30T07:14:28.524Z,gpu-3uwoq-6g3ya-2,ib_hw_counter,rdma_vf_rail1,out_of_sequence,8
2026-09-30T07:14:28.524Z,gpu-3uwoq-6g3ya-2,ib_hw_counter,rdma_vf_rail1,packet_seq_err,7
2026-09-30T07:14:28.524Z,gpu-3uwoq-6g3ya-2,ib_hw_counter,rdma_vf_rail1,local_ack_timeout_err,0
2026-09-30T07:14:28.524Z,gpu-3uwoq-6g3ya-2,ib_hw_counter,rdma_vf_rail1,rx_write_requests,7.11635e+08
2026-09-30T07:14:28.524Z,gpu-3uwoq-6g3ya-2,ib_hw_counter,rdma_vf_rail1,rx_read_requests,1.26179e+07
2026-09-30T07:14:28.524Z,gpu-3uwoq-6g3ya-2,ib_hw_counter,rdma_vf_rail1,req_cqe_error,0
2026-09-30T07:14:28.524Z,gpu-3uwoq-6g3ya-2,ib_hw_counter,rdma_vf_rail1,resp_cqe_error,0
2026-09-30T07:14:28.524Z,gpu-3uwoq-6g3ya-2,ib_hw_counter,rdma_vf_rail1,implied_nak_seq_err,0
2026-09-30T07:14:28.524Z,gpu-3uwoq-6g3ya-2,ib_hw_counter,rdma_vf_rail1,duplicate_request,0
2026-09-30T07:14:28.524Z,gpu-3uwoq-6g3ya-2,ib_counter,rdma_vf_rail2,port_xmit_data,3.02628e+12
2026-09-30T07:14:28.524Z,gpu-3uwoq-6g3ya-2,ib_counter,rdma_vf_rail2,port_rcv_data,5.98574e+12
2026-09-30T07:14:28.524Z,gpu-3uwoq-6g3ya-2,ib_counter,rdma_vf_rail2,port_xmit_packets,1.02031e+09
2026-09-30T07:14:28.524Z,gpu-3uwoq-6g3ya-2,ib_counter,rdma_vf_rail2,port_rcv_packets,1.64542e+09
2026-09-30T07:14:28.524Z,gpu-3uwoq-6g3ya-2,ib_counter,rdma_vf_rail2,port_xmit_wait,0
2026-09-30T07:14:28.524Z,gpu-3uwoq-6g3ya-2,ib_counter,rdma_vf_rail2,port_rcv_errors,0
2026-09-30T07:14:28.524Z,gpu-3uwoq-6g3ya-2,ib_counter,rdma_vf_rail2,port_xmit_discards,0
2026-09-30T07:14:28.524Z,gpu-3uwoq-6g3ya-2,ib_counter,rdma_vf_rail2,link_downed,0
2026-09-30T07:14:28.524Z,gpu-3uwoq-6g3ya-2,ib_hw_counter,rdma_vf_rail2,out_of_sequence,8
2026-09-30T07:14:28.524Z,gpu-3uwoq-6g3ya-2,ib_hw_counter,rdma_vf_rail2,packet_seq_err,8
2026-09-30T07:14:28.524Z,gpu-3uwoq-6g3ya-2,ib_hw_counter,rdma_vf_rail2,local_ack_timeout_err,0
2026-09-30T07:14:28.524Z,gpu-3uwoq-6g3ya-2,ib_hw_counter,rdma_vf_rail2,rx_write_requests,7.11202e+08
2026-09-30T07:14:28.524Z,gpu-3uwoq-6g3ya-2,ib_hw_counter,rdma_vf_rail2,rx_read_requests,1.24103e+07
2026-09-30T07:14:28.524Z,gpu-3uwoq-6g3ya-2,ib_hw_counter,rdma_vf_rail2,req_cqe_error,0
2026-09-30T07:14:28.524Z,gpu-3uwoq-6g3ya-2,ib_hw_counter,rdma_vf_rail2,resp_cqe_error,0
2026-09-30T07:14:28.524Z,gpu-3uwoq-6g3ya-2,ib_hw_counter,rdma_vf_rail2,implied_nak_seq_err,0
2026-09-30T07:14:28.524Z,gpu-3uwoq-6g3ya-2,ib_hw_counter,rdma_vf_rail2,duplicate_request,0
2026-09-30T07:14:28.524Z,gpu-3uwoq-6g3ya-2,ib_counter,rdma_vf_rail3,port_xmit_data,3.02614e+12
2026-09-30T07:14:28.524Z,gpu-3uwoq-6g3ya-2,ib_counter,rdma_vf_rail3,port_rcv_data,5.98635e+12
2026-09-30T07:14:28.524Z,gpu-3uwoq-6g3ya-2,ib_counter,rdma_vf_rail3,port_xmit_packets,1.01864e+09
2026-09-30T07:14:28.524Z,gpu-3uwoq-6g3ya-2,ib_counter,rdma_vf_rail3,port_rcv_packets,1.65281e+09
2026-09-30T07:14:28.524Z,gpu-3uwoq-6g3ya-2,ib_counter,rdma_vf_rail3,port_xmit_wait,0
2026-09-30T07:14:28.524Z,gpu-3uwoq-6g3ya-2,ib_counter,rdma_vf_rail3,port_rcv_errors,0
2026-09-30T07:14:28.524Z,gpu-3uwoq-6g3ya-2,ib_counter,rdma_vf_rail3,port_xmit_discards,0
2026-09-30T07:14:28.524Z,gpu-3uwoq-6g3ya-2,ib_counter,rdma_vf_rail3,link_downed,0
2026-09-30T07:14:28.524Z,gpu-3uwoq-6g3ya-2,ib_hw_counter,rdma_vf_rail3,out_of_sequence,8
2026-09-30T07:14:28.524Z,gpu-3uwoq-6g3ya-2,ib_hw_counter,rdma_vf_rail3,packet_seq_err,9
2026-09-30T07:14:28.524Z,gpu-3uwoq-6g3ya-2,ib_hw_counter,rdma_vf_rail3,local_ack_timeout_err,0
2026-09-30T07:14:28.524Z,gpu-3uwoq-6g3ya-2,ib_hw_counter,rdma_vf_rail3,rx_write_requests,7.11202e+08
2026-09-30T07:14:28.524Z,gpu-3uwoq-6g3ya-2,ib_hw_counter,rdma_vf_rail3,rx_read_requests,1.24103e+07
2026-09-30T07:14:28.524Z,gpu-3uwoq-6g3ya-2,ib_hw_counter,rdma_vf_rail3,req_cqe_error,0
2026-09-30T07:14:28.524Z,gpu-3uwoq-6g3ya-2,ib_hw_counter,rdma_vf_rail3,resp_cqe_error,0
2026-09-30T07:14:28.524Z,gpu-3uwoq-6g3ya-2,ib_hw_counter,rdma_vf_rail3,implied_nak_seq_err,0
2026-09-30T07:14:28.524Z,gpu-3uwoq-6g3ya-2,ib_hw_counter,rdma_vf_rail3,duplicate_request,0
2026-09-30T07:14:28.524Z,gpu-3uwoq-6g3ya-2,dcgm,gpu2,gpu_util,0
2026-09-30T07:14:28.524Z,gpu-3uwoq-6g3ya-2,dcgm,gpu3,gpu_util,0
2026-09-30T07:14:28.524Z,gpu-3uwoq-6g3ya-2,dcgm,gpu1,gpu_util,0
2026-09-30T07:14:28.524Z,gpu-3uwoq-6g3ya-2,dcgm,gpu0,gpu_util,0
2026-09-30T07:14:28.524Z,gpu-3uwoq-6g3ya-2,dcgm,gpu2,nvlink_bandwidth_total,11
2026-09-30T07:14:28.524Z,gpu-3uwoq-6g3ya-2,dcgm,gpu3,nvlink_bandwidth_total,14
2026-09-30T07:14:28.524Z,gpu-3uwoq-6g3ya-2,dcgm,gpu1,nvlink_bandwidth_total,5
2026-09-30T07:14:28.524Z,gpu-3uwoq-6g3ya-2,dcgm,gpu0,nvlink_bandwidth_total,0
2026-09-30T07:14:28.524Z,gpu-3uwoq-6g3ya-2,dcgm,gpu2,power_w,232.412
2026-09-30T07:14:28.524Z,gpu-3uwoq-6g3ya-2,dcgm,gpu3,power_w,233.992
2026-09-30T07:14:28.524Z,gpu-3uwoq-6g3ya-2,dcgm,gpu1,power_w,229.968
2026-09-30T07:14:28.524Z,gpu-3uwoq-6g3ya-2,dcgm,gpu0,power_w,226.588
2026-09-30T07:14:28.524Z,gpu-3uwoq-6g3ya-2,dcgm,gpu2,sm_clock_mhz,2070
2026-09-30T07:14:28.524Z,gpu-3uwoq-6g3ya-2,dcgm,gpu3,sm_clock_mhz,2070
2026-09-30T07:14:28.524Z,gpu-3uwoq-6g3ya-2,dcgm,gpu1,sm_clock_mhz,2070
2026-09-30T07:14:28.524Z,gpu-3uwoq-6g3ya-2,dcgm,gpu0,sm_clock_mhz,2070
2026-09-30T07:14:28.524Z,gpu-3uwoq-6g3ya-2,dcgm,gpu2,dram_active,5e-06
2026-09-30T07:14:28.524Z,gpu-3uwoq-6g3ya-2,dcgm,gpu3,dram_active,5e-06
2026-09-30T07:14:28.524Z,gpu-3uwoq-6g3ya-2,dcgm,gpu1,dram_active,5e-06
2026-09-30T07:14:28.524Z,gpu-3uwoq-6g3ya-2,dcgm,gpu0,dram_active,5e-06
2026-09-30T07:14:28.524Z,gpu-3uwoq-6g3ya-2,dcgm,gpu2,pcie_rx_bytes,353177
2026-09-30T07:14:28.524Z,gpu-3uwoq-6g3ya-2,dcgm,gpu3,pcie_rx_bytes,281346
2026-09-30T07:14:28.524Z,gpu-3uwoq-6g3ya-2,dcgm,gpu1,pcie_rx_bytes,388727
2026-09-30T07:14:28.524Z,gpu-3uwoq-6g3ya-2,dcgm,gpu0,pcie_rx_bytes,402180
2026-09-30T07:14:28.524Z,gpu-3uwoq-6g3ya-2,dcgm,gpu2,pcie_tx_bytes,301337
2026-09-30T07:14:28.524Z,gpu-3uwoq-6g3ya-2,dcgm,gpu3,pcie_tx_bytes,246732
2026-09-30T07:14:28.524Z,gpu-3uwoq-6g3ya-2,dcgm,gpu1,pcie_tx_bytes,337701
2026-09-30T07:14:28.524Z,gpu-3uwoq-6g3ya-2,dcgm,gpu0,pcie_tx_bytes,350057
2026-09-30T07:14:28.524Z,gpu-3uwoq-6g3ya-2,dcgm,gpu2,tensor_active,0
2026-09-30T07:14:28.524Z,gpu-3uwoq-6g3ya-2,dcgm,gpu3,tensor_active,0
2026-09-30T07:14:28.524Z,gpu-3uwoq-6g3ya-2,dcgm,gpu1,tensor_active,0
2026-09-30T07:14:28.524Z,gpu-3uwoq-6g3ya-2,dcgm,gpu0,tensor_active,0
2026-09-30T07:14:28.524Z,gpu-3uwoq-6g3ya-2,dcgm,gpu2,sm_active,0
2026-09-30T07:14:28.524Z,gpu-3uwoq-6g3ya-2,dcgm,gpu3,sm_active,0
2026-09-30T07:14:28.524Z,gpu-3uwoq-6g3ya-2,dcgm,gpu1,sm_active,0
2026-09-30T07:14:28.524Z,gpu-3uwoq-6g3ya-2,dcgm,gpu0,sm_active,0
2026-09-30T07:14:28.524Z,gpu-3uwoq-6g3ya-2,nvlink,gpu0,nvlink_rx_bytes,4.84459e+13
2026-09-30T07:14:28.524Z,gpu-3uwoq-6g3ya-2,nvlink,gpu0,nvlink_tx_bytes,4.84493e+13
2026-09-30T07:14:28.524Z,gpu-3uwoq-6g3ya-2,nvlink,gpu1,nvlink_rx_bytes,4.8648e+13
2026-09-30T07:14:28.524Z,gpu-3uwoq-6g3ya-2,nvlink,gpu1,nvlink_tx_bytes,4.86502e+13
2026-09-30T07:14:28.524Z,gpu-3uwoq-6g3ya-2,nvlink,gpu2,nvlink_rx_bytes,4.84828e+13
2026-09-30T07:14:28.524Z,gpu-3uwoq-6g3ya-2,nvlink,gpu2,nvlink_tx_bytes,4.84863e+13
2026-09-30T07:14:28.524Z,gpu-3uwoq-6g3ya-2,nvlink,gpu3,nvlink_rx_bytes,4.83797e+13
2026-09-30T07:14:28.524Z,gpu-3uwoq-6g3ya-2,nvlink,gpu3,nvlink_tx_bytes,4.83829e+13
2026-09-30T07:14:29.524Z,gpu-3uwoq-6g3ya-2,ib_counter,rdma_vf_rail0,port_xmit_data,3.16204e+12
2026-09-30T07:14:29.524Z,gpu-3uwoq-6g3ya-2,ib_counter,rdma_vf_rail0,port_rcv_data,6.12211e+12
2026-09-30T07:14:29.524Z,gpu-3uwoq-6g3ya-2,ib_counter,rdma_vf_rail0,port_xmit_packets,1.0707e+09
2026-09-30T07:14:29.524Z,gpu-3uwoq-6g3ya-2,ib_counter,rdma_vf_rail0,port_rcv_packets,1.70186e+09
2026-09-30T07:14:29.524Z,gpu-3uwoq-6g3ya-2,ib_counter,rdma_vf_rail0,port_xmit_wait,0
2026-09-30T07:14:29.524Z,gpu-3uwoq-6g3ya-2,ib_counter,rdma_vf_rail0,port_rcv_errors,0
2026-09-30T07:14:29.524Z,gpu-3uwoq-6g3ya-2,ib_counter,rdma_vf_rail0,port_xmit_discards,0
2026-09-30T07:14:29.524Z,gpu-3uwoq-6g3ya-2,ib_counter,rdma_vf_rail0,link_downed,0
2026-09-30T07:14:29.524Z,gpu-3uwoq-6g3ya-2,ib_hw_counter,rdma_vf_rail0,out_of_sequence,8
2026-09-30T07:14:29.524Z,gpu-3uwoq-6g3ya-2,ib_hw_counter,rdma_vf_rail0,packet_seq_err,8
2026-09-30T07:14:29.524Z,gpu-3uwoq-6g3ya-2,ib_hw_counter,rdma_vf_rail0,local_ack_timeout_err,0
2026-09-30T07:14:29.524Z,gpu-3uwoq-6g3ya-2,ib_hw_counter,rdma_vf_rail0,rx_write_requests,7.13228e+08
2026-09-30T07:14:29.524Z,gpu-3uwoq-6g3ya-2,ib_hw_counter,rdma_vf_rail0,rx_read_requests,1.34189e+07
2026-09-30T07:14:29.524Z,gpu-3uwoq-6g3ya-2,ib_hw_counter,rdma_vf_rail0,req_cqe_error,0
2026-09-30T07:14:29.524Z,gpu-3uwoq-6g3ya-2,ib_hw_counter,rdma_vf_rail0,resp_cqe_error,0
2026-09-30T07:14:29.524Z,gpu-3uwoq-6g3ya-2,ib_hw_counter,rdma_vf_rail0,implied_nak_seq_err,0
2026-09-30T07:14:29.524Z,gpu-3uwoq-6g3ya-2,ib_hw_counter,rdma_vf_rail0,duplicate_request,0
2026-09-30T07:14:29.524Z,gpu-3uwoq-6g3ya-2,ib_counter,rdma_vf_rail1,port_xmit_data,3.05385e+12
2026-09-30T07:14:29.524Z,gpu-3uwoq-6g3ya-2,ib_counter,rdma_vf_rail1,port_rcv_data,6.01387e+12
2026-09-30T07:14:29.524Z,gpu-3uwoq-6g3ya-2,ib_counter,rdma_vf_rail1,port_xmit_packets,1.03799e+09
2026-09-30T07:14:29.524Z,gpu-3uwoq-6g3ya-2,ib_counter,rdma_vf_rail1,port_rcv_packets,1.66932e+09
2026-09-30T07:14:29.524Z,gpu-3uwoq-6g3ya-2,ib_counter,rdma_vf_rail1,port_xmit_wait,0
2026-09-30T07:14:29.524Z,gpu-3uwoq-6g3ya-2,ib_counter,rdma_vf_rail1,port_rcv_errors,0
2026-09-30T07:14:29.524Z,gpu-3uwoq-6g3ya-2,ib_counter,rdma_vf_rail1,port_xmit_discards,0
2026-09-30T07:14:29.524Z,gpu-3uwoq-6g3ya-2,ib_counter,rdma_vf_rail1,link_downed,0
2026-09-30T07:14:29.524Z,gpu-3uwoq-6g3ya-2,ib_hw_counter,rdma_vf_rail1,out_of_sequence,8
2026-09-30T07:14:29.524Z,gpu-3uwoq-6g3ya-2,ib_hw_counter,rdma_vf_rail1,packet_seq_err,7
2026-09-30T07:14:29.524Z,gpu-3uwoq-6g3ya-2,ib_hw_counter,rdma_vf_rail1,local_ack_timeout_err,0
2026-09-30T07:14:29.524Z,gpu-3uwoq-6g3ya-2,ib_hw_counter,rdma_vf_rail1,rx_write_requests,7.11635e+08
2026-09-30T07:14:29.524Z,gpu-3uwoq-6g3ya-2,ib_hw_counter,rdma_vf_rail1,rx_read_requests,1.26179e+07
2026-09-30T07:14:29.524Z,gpu-3uwoq-6g3ya-2,ib_hw_counter,rdma_vf_rail1,req_cqe_error,0
2026-09-30T07:14:29.524Z,gpu-3uwoq-6g3ya-2,ib_hw_counter,rdma_vf_rail1,resp_cqe_error,0
2026-09-30T07:14:29.524Z,gpu-3uwoq-6g3ya-2,ib_hw_counter,rdma_vf_rail1,implied_nak_seq_err,0
2026-09-30T07:14:29.524Z,gpu-3uwoq-6g3ya-2,ib_hw_counter,rdma_vf_rail1,duplicate_request,0
2026-09-30T07:14:29.524Z,gpu-3uwoq-6g3ya-2,ib_counter,rdma_vf_rail2,port_xmit_data,3.02628e+12
2026-09-30T07:14:29.524Z,gpu-3uwoq-6g3ya-2,ib_counter,rdma_vf_rail2,port_rcv_data,5.98574e+12
2026-09-30T07:14:29.524Z,gpu-3uwoq-6g3ya-2,ib_counter,rdma_vf_rail2,port_xmit_packets,1.02031e+09
2026-09-30T07:14:29.524Z,gpu-3uwoq-6g3ya-2,ib_counter,rdma_vf_rail2,port_rcv_packets,1.64542e+09
2026-09-30T07:14:29.524Z,gpu-3uwoq-6g3ya-2,ib_counter,rdma_vf_rail2,port_xmit_wait,0
2026-09-30T07:14:29.524Z,gpu-3uwoq-6g3ya-2,ib_counter,rdma_vf_rail2,port_rcv_errors,0
2026-09-30T07:14:29.524Z,gpu-3uwoq-6g3ya-2,ib_counter,rdma_vf_rail2,port_xmit_discards,0
2026-09-30T07:14:29.524Z,gpu-3uwoq-6g3ya-2,ib_counter,rdma_vf_rail2,link_downed,0
2026-09-30T07:14:29.524Z,gpu-3uwoq-6g3ya-2,ib_hw_counter,rdma_vf_rail2,out_of_sequence,8
2026-09-30T07:14:29.524Z,gpu-3uwoq-6g3ya-2,ib_hw_counter,rdma_vf_rail2,packet_seq_err,8
2026-09-30T07:14:29.524Z,gpu-3uwoq-6g3ya-2,ib_hw_counter,rdma_vf_rail2,local_ack_timeout_err,0
2026-09-30T07:14:29.524Z,gpu-3uwoq-6g3ya-2,ib_hw_counter,rdma_vf_rail2,rx_write_requests,7.11202e+08
2026-09-30T07:14:29.524Z,gpu-3uwoq-6g3ya-2,ib_hw_counter,rdma_vf_rail2,rx_read_requests,1.24103e+07
2026-09-30T07:14:29.524Z,gpu-3uwoq-6g3ya-2,ib_hw_counter,rdma_vf_rail2,req_cqe_error,0
2026-09-30T07:14:29.524Z,gpu-3uwoq-6g3ya-2,ib_hw_counter,rdma_vf_rail2,resp_cqe_error,0
2026-09-30T07:14:29.524Z,gpu-3uwoq-6g3ya-2,ib_hw_counter,rdma_vf_rail2,implied_nak_seq_err,0
2026-09-30T07:14:29.524Z,gpu-3uwoq-6g3ya-2,ib_hw_counter,rdma_vf_rail2,duplicate_request,0
2026-09-30T07:14:29.524Z,gpu-3uwoq-6g3ya-2,ib_counter,rdma_vf_rail3,port_xmit_data,3.02614e+12
2026-09-30T07:14:29.524Z,gpu-3uwoq-6g3ya-2,ib_counter,rdma_vf_rail3,port_rcv_data,5.98635e+12
2026-09-30T07:14:29.524Z,gpu-3uwoq-6g3ya-2,ib_counter,rdma_vf_rail3,port_xmit_packets,1.01864e+09
2026-09-30T07:14:29.524Z,gpu-3uwoq-6g3ya-2,ib_counter,rdma_vf_rail3,port_rcv_packets,1.65281e+09
2026-09-30T07:14:29.524Z,gpu-3uwoq-6g3ya-2,ib_counter,rdma_vf_rail3,port_xmit_wait,0
2026-09-30T07:14:29.524Z,gpu-3uwoq-6g3ya-2,ib_counter,rdma_vf_rail3,port_rcv_errors,0
2026-09-30T07:14:29.524Z,gpu-3uwoq-6g3ya-2,ib_counter,rdma_vf_rail3,port_xmit_discards,0
2026-09-30T07:14:29.524Z,gpu-3uwoq-6g3ya-2,ib_counter,rdma_vf_rail3,link_downed,0
2026-09-30T07:14:29.524Z,gpu-3uwoq-6g3ya-2,ib_hw_counter,rdma_vf_rail3,out_of_sequence,8
2026-09-30T07:14:29.524Z,gpu-3uwoq-6g3ya-2,ib_hw_counter,rdma_vf_rail3,packet_seq_err,9
2026-09-30T07:14:29.524Z,gpu-3uwoq-6g3ya-2,ib_hw_counter,rdma_vf_rail3,local_ack_timeout_err,0
2026-09-30T07:14:29.524Z,gpu-3uwoq-6g3ya-2,ib_hw_counter,rdma_vf_rail3,rx_write_requests,7.11202e+08
2026-09-30T07:14:29.524Z,gpu-3uwoq-6g3ya-2,ib_hw_counter,rdma_vf_rail3,rx_read_requests,1.24103e+07
2026-09-30T07:14:29.524Z,gpu-3uwoq-6g3ya-2,ib_hw_counter,rdma_vf_rail3,req_cqe_error,0
2026-09-30T07:14:29.524Z,gpu-3uwoq-6g3ya-2,ib_hw_counter,rdma_vf_rail3,resp_cqe_error,0
2026-09-30T07:14:29.524Z,gpu-3uwoq-6g3ya-2,ib_hw_counter,rdma_vf_rail3,implied_nak_seq_err,0
2026-09-30T07:14:29.524Z,gpu-3uwoq-6g3ya-2,ib_hw_counter,rdma_vf_rail3,duplicate_request,0
2026-09-30T07:14:29.524Z,gpu-3uwoq-6g3ya-2,dcgm,gpu2,gpu_util,0
2026-09-30T07:14:29.524Z,gpu-3uwoq-6g3ya-2,dcgm,gpu3,gpu_util,0
2026-09-30T07:14:29.524Z,gpu-3uwoq-6g3ya-2,dcgm,gpu1,gpu_util,0
2026-09-30T07:14:29.524Z,gpu-3uwoq-6g3ya-2,dcgm,gpu0,gpu_util,0
2026-09-30T07:14:29.524Z,gpu-3uwoq-6g3ya-2,dcgm,gpu2,nvlink_bandwidth_total,11
2026-09-30T07:14:29.524Z,gpu-3uwoq-6g3ya-2,dcgm,gpu3,nvlink_bandwidth_total,14
2026-09-30T07:14:29.524Z,gpu-3uwoq-6g3ya-2,dcgm,gpu1,nvlink_bandwidth_total,5
2026-09-30T07:14:29.524Z,gpu-3uwoq-6g3ya-2,dcgm,gpu0,nvlink_bandwidth_total,0
2026-09-30T07:14:29.524Z,gpu-3uwoq-6g3ya-2,dcgm,gpu2,power_w,232.412
2026-09-30T07:14:29.524Z,gpu-3uwoq-6g3ya-2,dcgm,gpu3,power_w,233.992
2026-09-30T07:14:29.524Z,gpu-3uwoq-6g3ya-2,dcgm,gpu1,power_w,229.968
2026-09-30T07:14:29.524Z,gpu-3uwoq-6g3ya-2,dcgm,gpu0,power_w,226.588
2026-09-30T07:14:29.524Z,gpu-3uwoq-6g3ya-2,dcgm,gpu2,sm_clock_mhz,2070
2026-09-30T07:14:29.524Z,gpu-3uwoq-6g3ya-2,dcgm,gpu3,sm_clock_mhz,2070
2026-09-30T07:14:29.524Z,gpu-3uwoq-6g3ya-2,dcgm,gpu1,sm_clock_mhz,2070
2026-09-30T07:14:29.524Z,gpu-3uwoq-6g3ya-2,dcgm,gpu0,sm_clock_mhz,2070
2026-09-30T07:14:29.524Z,gpu-3uwoq-6g3ya-2,dcgm,gpu2,dram_active,5e-06
2026-09-30T07:14:29.524Z,gpu-3uwoq-6g3ya-2,dcgm,gpu3,dram_active,5e-06
2026-09-30T07:14:29.524Z,gpu-3uwoq-6g3ya-2,dcgm,gpu1,dram_active,5e-06
2026-09-30T07:14:29.524Z,gpu-3uwoq-6g3ya-2,dcgm,gpu0,dram_active,5e-06
2026-09-30T07:14:29.524Z,gpu-3uwoq-6g3ya-2,dcgm,gpu2,pcie_rx_bytes,353177
2026-09-30T07:14:29.524Z,gpu-3uwoq-6g3ya-2,dcgm,gpu3,pcie_rx_bytes,281346
2026-09-30T07:14:29.524Z,gpu-3uwoq-6g3ya-2,dcgm,gpu1,pcie_rx_bytes,388727
2026-09-30T07:14:29.524Z,gpu-3uwoq-6g3ya-2,dcgm,gpu0,pcie_rx_bytes,402180
2026-09-30T07:14:29.524Z,gpu-3uwoq-6g3ya-2,dcgm,gpu2,pcie_tx_bytes,301337
2026-09-30T07:14:29.524Z,gpu-3uwoq-6g3ya-2,dcgm,gpu3,pcie_tx_bytes,246732
2026-09-30T07:14:29.524Z,gpu-3uwoq-6g3ya-2,dcgm,gpu1,pcie_tx_bytes,337701
2026-09-30T07:14:29.524Z,gpu-3uwoq-6g3ya-2,dcgm,gpu0,pcie_tx_bytes,350057
2026-09-30T07:14:29.524Z,gpu-3uwoq-6g3ya-2,dcgm,gpu2,tensor_active,0
2026-09-30T07:14:29.524Z,gpu-3uwoq-6g3ya-2,dcgm,gpu3,tensor_active,0
2026-09-30T07:14:29.524Z,gpu-3uwoq-6g3ya-2,dcgm,gpu1,tensor_active,0
2026-09-30T07:14:29.524Z,gpu-3uwoq-6g3ya-2,dcgm,gpu0,tensor_active,0
2026-09-30T07:14:29.524Z,gpu-3uwoq-6g3ya-2,dcgm,gpu2,sm_active,0
2026-09-30T07:14:29.524Z,gpu-3uwoq-6g3ya-2,dcgm,gpu3,sm_active,0
2026-09-30T07:14:29.524Z,gpu-3uwoq-6g3ya-2,dcgm,gpu1,sm_active,0
2026-09-30T07:14:29.524Z,gpu-3uwoq-6g3ya-2,dcgm,gpu0,sm_active,0
2026-09-30T07:14:29.524Z,gpu-3uwoq-6g3ya-2,nvlink,gpu0,nvlink_rx_bytes,4.84459e+13
2026-09-30T07:14:29.524Z,gpu-3uwoq-6g3ya-2,nvlink,gpu0,nvlink_tx_bytes,4.84493e+13
2026-09-30T07:14:29.524Z,gpu-3uwoq-6g3ya-2,nvlink,gpu1,nvlink_rx_bytes,4.8648e+13
2026-09-30T07:14:29.524Z,gpu-3uwoq-6g3ya-2,nvlink,gpu1,nvlink_tx_bytes,4.86502e+13
2026-09-30T07:14:29.524Z,gpu-3uwoq-6g3ya-2,nvlink,gpu2,nvlink_rx_bytes,4.84828e+13
2026-09-30T07:14:29.524Z,gpu-3uwoq-6g3ya-2,nvlink,gpu2,nvlink_tx_bytes,4.84863e+13
2026-09-30T07:14:29.524Z,gpu-3uwoq-6g3ya-2,nvlink,gpu3,nvlink_rx_bytes,4.83797e+13
2026-09-30T07:14:29.524Z,gpu-3uwoq-6g3ya-2,nvlink,gpu3,nvlink_tx_bytes,4.83829e+13
2026-09-30T07:14:30.524Z,gpu-3uwoq-6g3ya-2,ib_counter,rdma_vf_rail0,port_xmit_data,3.16204e+12
2026-09-30T07:14:30.524Z,gpu-3uwoq-6g3ya-2,ib_counter,rdma_vf_rail0,port_rcv_data,6.12211e+12
2026-09-30T07:14:30.524Z,gpu-3uwoq-6g3ya-2,ib_counter,rdma_vf_rail0,port_xmit_packets,1.0707e+09
2026-09-30T07:14:30.524Z,gpu-3uwoq-6g3ya-2,ib_counter,rdma_vf_rail0,port_rcv_packets,1.70186e+09
2026-09-30T07:14:30.524Z,gpu-3uwoq-6g3ya-2,ib_counter,rdma_vf_rail0,port_xmit_wait,0
2026-09-30T07:14:30.524Z,gpu-3uwoq-6g3ya-2,ib_counter,rdma_vf_rail0,port_rcv_errors,0
2026-09-30T07:14:30.524Z,gpu-3uwoq-6g3ya-2,ib_counter,rdma_vf_rail0,port_xmit_discards,0
2026-09-30T07:14:30.524Z,gpu-3uwoq-6g3ya-2,ib_counter,rdma_vf_rail0,link_downed,0
2026-09-30T07:14:30.524Z,gpu-3uwoq-6g3ya-2,ib_hw_counter,rdma_vf_rail0,out_of_sequence,8
2026-09-30T07:14:30.524Z,gpu-3uwoq-6g3ya-2,ib_hw_counter,rdma_vf_rail0,packet_seq_err,8
2026-09-30T07:14:30.524Z,gpu-3uwoq-6g3ya-2,ib_hw_counter,rdma_vf_rail0,local_ack_timeout_err,0
2026-09-30T07:14:30.524Z,gpu-3uwoq-6g3ya-2,ib_hw_counter,rdma_vf_rail0,rx_write_requests,7.13228e+08
2026-09-30T07:14:30.524Z,gpu-3uwoq-6g3ya-2,ib_hw_counter,rdma_vf_rail0,rx_read_requests,1.34189e+07
2026-09-30T07:14:30.524Z,gpu-3uwoq-6g3ya-2,ib_hw_counter,rdma_vf_rail0,req_cqe_error,0
2026-09-30T07:14:30.524Z,gpu-3uwoq-6g3ya-2,ib_hw_counter,rdma_vf_rail0,resp_cqe_error,0
2026-09-30T07:14:30.524Z,gpu-3uwoq-6g3ya-2,ib_hw_counter,rdma_vf_rail0,implied_nak_seq_err,0
2026-09-30T07:14:30.524Z,gpu-3uwoq-6g3ya-2,ib_hw_counter,rdma_vf_rail0,duplicate_request,0
2026-09-30T07:14:30.524Z,gpu-3uwoq-6g3ya-2,ib_counter,rdma_vf_rail1,port_xmit_data,3.05385e+12
2026-09-30T07:14:30.524Z,gpu-3uwoq-6g3ya-2,ib_counter,rdma_vf_rail1,port_rcv_data,6.01387e+12
2026-09-30T07:14:30.524Z,gpu-3uwoq-6g3ya-2,ib_counter,rdma_vf_rail1,port_xmit_packets,1.03799e+09
2026-09-30T07:14:30.524Z,gpu-3uwoq-6g3ya-2,ib_counter,rdma_vf_rail1,port_rcv_packets,1.66932e+09
2026-09-30T07:14:30.524Z,gpu-3uwoq-6g3ya-2,ib_counter,rdma_vf_rail1,port_xmit_wait,0
2026-09-30T07:14:30.524Z,gpu-3uwoq-6g3ya-2,ib_counter,rdma_vf_rail1,port_rcv_errors,0
2026-09-30T07:14:30.524Z,gpu-3uwoq-6g3ya-2,ib_counter,rdma_vf_rail1,port_xmit_discards,0
2026-09-30T07:14:30.524Z,gpu-3uwoq-6g3ya-2,ib_counter,rdma_vf_rail1,link_downed,0
2026-09-30T07:14:30.524Z,gpu-3uwoq-6g3ya-2,ib_hw_counter,rdma_vf_rail1,out_of_sequence,8
2026-09-30T07:14:30.524Z,gpu-3uwoq-6g3ya-2,ib_hw_counter,rdma_vf_rail1,packet_seq_err,7
2026-09-30T07:14:30.524Z,gpu-3uwoq-6g3ya-2,ib_hw_counter,rdma_vf_rail1,local_ack_timeout_err,0
2026-09-30T07:14:30.524Z,gpu-3uwoq-6g3ya-2,ib_hw_counter,rdma_vf_rail1,rx_write_requests,7.11635e+08
2026-09-30T07:14:30.524Z,gpu-3uwoq-6g3ya-2,ib_hw_counter,rdma_vf_rail1,rx_read_requests,1.26179e+07
2026-09-30T07:14:30.524Z,gpu-3uwoq-6g3ya-2,ib_hw_counter,rdma_vf_rail1,req_cqe_error,0
2026-09-30T07:14:30.524Z,gpu-3uwoq-6g3ya-2,ib_hw_counter,rdma_vf_rail1,resp_cqe_error,0
2026-09-30T07:14:30.524Z,gpu-3uwoq-6g3ya-2,ib_hw_counter,rdma_vf_rail1,implied_nak_seq_err,0
2026-09-30T07:14:30.524Z,gpu-3uwoq-6g3ya-2,ib_hw_counter,rdma_vf_rail1,duplicate_request,0
2026-09-30T07:14:30.524Z,gpu-3uwoq-6g3ya-2,ib_counter,rdma_vf_rail2,port_xmit_data,3.02628e+12
2026-09-30T07:14:30.524Z,gpu-3uwoq-6g3ya-2,ib_counter,rdma_vf_rail2,port_rcv_data,5.98574e+12
2026-09-30T07:14:30.524Z,gpu-3uwoq-6g3ya-2,ib_counter,rdma_vf_rail2,port_xmit_packets,1.02031e+09
2026-09-30T07:14:30.524Z,gpu-3uwoq-6g3ya-2,ib_counter,rdma_vf_rail2,port_rcv_packets,1.64542e+09
2026-09-30T07:14:30.524Z,gpu-3uwoq-6g3ya-2,ib_counter,rdma_vf_rail2,port_xmit_wait,0
2026-09-30T07:14:30.524Z,gpu-3uwoq-6g3ya-2,ib_counter,rdma_vf_rail2,port_rcv_errors,0
2026-09-30T07:14:30.524Z,gpu-3uwoq-6g3ya-2,ib_counter,rdma_vf_rail2,port_xmit_discards,0
2026-09-30T07:14:30.524Z,gpu-3uwoq-6g3ya-2,ib_counter,rdma_vf_rail2,link_downed,0
2026-09-30T07:14:30.524Z,gpu-3uwoq-6g3ya-2,ib_hw_counter,rdma_vf_rail2,out_of_sequence,8
2026-09-30T07:14:30.524Z,gpu-3uwoq-6g3ya-2,ib_hw_counter,rdma_vf_rail2,packet_seq_err,8
2026-09-30T07:14:30.524Z,gpu-3uwoq-6g3ya-2,ib_hw_counter,rdma_vf_rail2,local_ack_timeout_err,0
2026-09-30T07:14:30.524Z,gpu-3uwoq-6g3ya-2,ib_hw_counter,rdma_vf_rail2,rx_write_requests,7.11202e+08
2026-09-30T07:14:30.524Z,gpu-3uwoq-6g3ya-2,ib_hw_counter,rdma_vf_rail2,rx_read_requests,1.24103e+07
2026-09-30T07:14:30.524Z,gpu-3uwoq-6g3ya-2,ib_hw_counter,rdma_vf_rail2,req_cqe_error,0
2026-09-30T07:14:30.524Z,gpu-3uwoq-6g3ya-2,ib_hw_counter,rdma_vf_rail2,resp_cqe_error,0
2026-09-30T07:14:30.524Z,gpu-3uwoq-6g3ya-2,ib_hw_counter,rdma_vf_rail2,implied_nak_seq_err,0
2026-09-30T07:14:30.524Z,gpu-3uwoq-6g3ya-2,ib_hw_counter,rdma_vf_rail2,duplicate_request,0
2026-09-30T07:14:30.524Z,gpu-3uwoq-6g3ya-2,ib_counter,rdma_vf_rail3,port_xmit_data,3.02614e+12
2026-09-30T07:14:30.524Z,gpu-3uwoq-6g3ya-2,ib_counter,rdma_vf_rail3,port_rcv_data,5.98635e+12
2026-09-30T07:14:30.524Z,gpu-3uwoq-6g3ya-2,ib_counter,rdma_vf_rail3,port_xmit_packets,1.01864e+09
2026-09-30T07:14:30.524Z,gpu-3uwoq-6g3ya-2,ib_counter,rdma_vf_rail3,port_rcv_packets,1.65281e+09
2026-09-30T07:14:30.524Z,gpu-3uwoq-6g3ya-2,ib_counter,rdma_vf_rail3,port_xmit_wait,0
2026-09-30T07:14:30.524Z,gpu-3uwoq-6g3ya-2,ib_counter,rdma_vf_rail3,port_rcv_errors,0
2026-09-30T07:14:30.524Z,gpu-3uwoq-6g3ya-2,ib_counter,rdma_vf_rail3,port_xmit_discards,0
2026-09-30T07:14:30.524Z,gpu-3uwoq-6g3ya-2,ib_counter,rdma_vf_rail3,link_downed,0
2026-09-30T07:14:30.524Z,gpu-3uwoq-6g3ya-2,ib_hw_counter,rdma_vf_rail3,out_of_sequence,8
2026-09-30T07:14:30.524Z,gpu-3uwoq-6g3ya-2,ib_hw_counter,rdma_vf_rail3,packet_seq_err,9
2026-09-30T07:14:30.524Z,gpu-3uwoq-6g3ya-2,ib_hw_counter,rdma_vf_rail3,local_ack_timeout_err,0
2026-09-30T07:14:30.524Z,gpu-3uwoq-6g3ya-2,ib_hw_counter,rdma_vf_rail3,rx_write_requests,7.11202e+08
2026-09-30T07:14:30.524Z,gpu-3uwoq-6g3ya-2,ib_hw_counter,rdma_vf_rail3,rx_read_requests,1.24103e+07
2026-09-30T07:14:30.524Z,gpu-3uwoq-6g3ya-2,ib_hw_counter,rdma_vf_rail3,req_cqe_error,0
2026-09-30T07:14:30.524Z,gpu-3uwoq-6g3ya-2,ib_hw_counter,rdma_vf_rail3,resp_cqe_error,0
2026-09-30T07:14:30.524Z,gpu-3uwoq-6g3ya-2,ib_hw_counter,rdma_vf_rail3,implied_nak_seq_err,0
2026-09-30T07:14:30.524Z,gpu-3uwoq-6g3ya-2,ib_hw_counter,rdma_vf_rail3,duplicate_request,0
2026-09-30T07:14:30.524Z,gpu-3uwoq-6g3ya-2,dcgm,gpu2,gpu_util,0
2026-09-30T07:14:30.524Z,gpu-3uwoq-6g3ya-2,dcgm,gpu3,gpu_util,0
2026-09-30T07:14:30.524Z,gpu-3uwoq-6g3ya-2,dcgm,gpu1,gpu_util,0
2026-09-30T07:14:30.524Z,gpu-3uwoq-6g3ya-2,dcgm,gpu0,gpu_util,0
2026-09-30T07:14:30.524Z,gpu-3uwoq-6g3ya-2,dcgm,gpu2,nvlink_bandwidth_total,11
2026-09-30T07:14:30.524Z,gpu-3uwoq-6g3ya-2,dcgm,gpu3,nvlink_bandwidth_total,14
2026-09-30T07:14:30.524Z,gpu-3uwoq-6g3ya-2,dcgm,gpu1,nvlink_bandwidth_total,5
2026-09-30T07:14:30.524Z,gpu-3uwoq-6g3ya-2,dcgm,gpu0,nvlink_bandwidth_total,0
2026-09-30T07:14:30.524Z,gpu-3uwoq-6g3ya-2,dcgm,gpu2,power_w,232.412
2026-09-30T07:14:30.524Z,gpu-3uwoq-6g3ya-2,dcgm,gpu3,power_w,233.992
2026-09-30T07:14:30.524Z,gpu-3uwoq-6g3ya-2,dcgm,gpu1,power_w,229.968
2026-09-30T07:14:30.524Z,gpu-3uwoq-6g3ya-2,dcgm,gpu0,power_w,226.588
2026-09-30T07:14:30.524Z,gpu-3uwoq-6g3ya-2,dcgm,gpu2,sm_clock_mhz,2070
2026-09-30T07:14:30.524Z,gpu-3uwoq-6g3ya-2,dcgm,gpu3,sm_clock_mhz,2070
2026-09-30T07:14:30.524Z,gpu-3uwoq-6g3ya-2,dcgm,gpu1,sm_clock_mhz,2070
2026-09-30T07:14:30.524Z,gpu-3uwoq-6g3ya-2,dcgm,gpu0,sm_clock_mhz,2070
2026-09-30T07:14:30.524Z,gpu-3uwoq-6g3ya-2,dcgm,gpu2,dram_active,5e-06
2026-09-30T07:14:30.524Z,gpu-3uwoq-6g3ya-2,dcgm,gpu3,dram_active,5e-06
2026-09-30T07:14:30.524Z,gpu-3uwoq-6g3ya-2,dcgm,gpu1,dram_active,5e-06
2026-09-30T07:14:30.524Z,gpu-3uwoq-6g3ya-2,dcgm,gpu0,dram_active,5e-06
2026-09-30T07:14:30.524Z,gpu-3uwoq-6g3ya-2,dcgm,gpu2,pcie_rx_bytes,353177
2026-09-30T07:14:30.524Z,gpu-3uwoq-6g3ya-2,dcgm,gpu3,pcie_rx_bytes,281346
2026-09-30T07:14:30.524Z,gpu-3uwoq-6g3ya-2,dcgm,gpu1,pcie_rx_bytes,388727
2026-09-30T07:14:30.524Z,gpu-3uwoq-6g3ya-2,dcgm,gpu0,pcie_rx_bytes,402180
2026-09-30T07:14:30.524Z,gpu-3uwoq-6g3ya-2,dcgm,gpu2,pcie_tx_bytes,301337
2026-09-30T07:14:30.524Z,gpu-3uwoq-6g3ya-2,dcgm,gpu3,pcie_tx_bytes,246732
2026-09-30T07:14:30.524Z,gpu-3uwoq-6g3ya-2,dcgm,gpu1,pcie_tx_bytes,337701
2026-09-30T07:14:30.524Z,gpu-3uwoq-6g3ya-2,dcgm,gpu0,pcie_tx_bytes,350057
2026-09-30T07:14:30.524Z,gpu-3uwoq-6g3ya-2,dcgm,gpu2,tensor_active,0
2026-09-30T07:14:30.524Z,gpu-3uwoq-6g3ya-2,dcgm,gpu3,tensor_active,0
2026-09-30T07:14:30.524Z,gpu-3uwoq-6g3ya-2,dcgm,gpu1,tensor_active,0
2026-09-30T07:14:30.524Z,gpu-3uwoq-6g3ya-2,dcgm,gpu0,tensor_active,0
2026-09-30T07:14:30.524Z,gpu-3uwoq-6g3ya-2,dcgm,gpu2,sm_active,0
2026-09-30T07:14:30.524Z,gpu-3uwoq-6g3ya-2,dcgm,gpu3,sm_active,0
2026-09-30T07:14:30.524Z,gpu-3uwoq-6g3ya-2,dcgm,gpu1,sm_active,0
2026-09-30T07:14:30.524Z,gpu-3uwoq-6g3ya-2,dcgm,gpu0,sm_active,0
2026-09-30T07:14:30.524Z,gpu-3uwoq-6g3ya-2,nvlink,gpu0,nvlink_rx_bytes,4.84459e+13
2026-09-30T07:14:30.524Z,gpu-3uwoq-6g3ya-2,nvlink,gpu0,nvlink_tx_bytes,4.84493e+13
2026-09-30T07:14:30.524Z,gpu-3uwoq-6g3ya-2,nvlink,gpu1,nvlink_rx_bytes,4.8648e+13
2026-09-30T07:14:30.524Z,gpu-3uwoq-6g3ya-2,nvlink,gpu1,nvlink_tx_bytes,4.86502e+13
2026-09-30T07:14:30.524Z,gpu-3uwoq-6g3ya-2,nvlink,gpu2,nvlink_rx_bytes,4.84828e+13
2026-09-30T07:14:30.524Z,gpu-3uwoq-6g3ya-2,nvlink,gpu2,nvlink_tx_bytes,4.84863e+13
2026-09-30T07:14:30.524Z,gpu-3uwoq-6g3ya-2,nvlink,gpu3,nvlink_rx_bytes,4.83797e+13
2026-09-30T07:14:30.524Z,gpu-3uwoq-6g3ya-2,nvlink,gpu3,nvlink_tx_bytes,4.83829e+13
2026-09-30T07:14:31.525Z,gpu-3uwoq-6g3ya-2,ib_counter,rdma_vf_rail0,port_xmit_data,3.16204e+12
2026-09-30T07:14:31.525Z,gpu-3uwoq-6g3ya-2,ib_counter,rdma_vf_rail0,port_rcv_data,6.12211e+12
2026-09-30T07:14:31.525Z,gpu-3uwoq-6g3ya-2,ib_counter,rdma_vf_rail0,port_xmit_packets,1.0707e+09
2026-09-30T07:14:31.525Z,gpu-3uwoq-6g3ya-2,ib_counter,rdma_vf_rail0,port_rcv_packets,1.70186e+09
2026-09-30T07:14:31.525Z,gpu-3uwoq-6g3ya-2,ib_counter,rdma_vf_rail0,port_xmit_wait,0
2026-09-30T07:14:31.525Z,gpu-3uwoq-6g3ya-2,ib_counter,rdma_vf_rail0,port_rcv_errors,0
2026-09-30T07:14:31.525Z,gpu-3uwoq-6g3ya-2,ib_counter,rdma_vf_rail0,port_xmit_discards,0
2026-09-30T07:14:31.525Z,gpu-3uwoq-6g3ya-2,ib_counter,rdma_vf_rail0,link_downed,0
2026-09-30T07:14:31.525Z,gpu-3uwoq-6g3ya-2,ib_hw_counter,rdma_vf_rail0,out_of_sequence,8
2026-09-30T07:14:31.525Z,gpu-3uwoq-6g3ya-2,ib_hw_counter,rdma_vf_rail0,packet_seq_err,8
2026-09-30T07:14:31.525Z,gpu-3uwoq-6g3ya-2,ib_hw_counter,rdma_vf_rail0,local_ack_timeout_err,0
2026-09-30T07:14:31.525Z,gpu-3uwoq-6g3ya-2,ib_hw_counter,rdma_vf_rail0,rx_write_requests,7.13228e+08
2026-09-30T07:14:31.525Z,gpu-3uwoq-6g3ya-2,ib_hw_counter,rdma_vf_rail0,rx_read_requests,1.34189e+07
2026-09-30T07:14:31.525Z,gpu-3uwoq-6g3ya-2,ib_hw_counter,rdma_vf_rail0,req_cqe_error,0
2026-09-30T07:14:31.525Z,gpu-3uwoq-6g3ya-2,ib_hw_counter,rdma_vf_rail0,resp_cqe_error,0
2026-09-30T07:14:31.525Z,gpu-3uwoq-6g3ya-2,ib_hw_counter,rdma_vf_rail0,implied_nak_seq_err,0
2026-09-30T07:14:31.525Z,gpu-3uwoq-6g3ya-2,ib_hw_counter,rdma_vf_rail0,duplicate_request,0
2026-09-30T07:14:31.525Z,gpu-3uwoq-6g3ya-2,ib_counter,rdma_vf_rail1,port_xmit_data,3.05385e+12
2026-09-30T07:14:31.525Z,gpu-3uwoq-6g3ya-2,ib_counter,rdma_vf_rail1,port_rcv_data,6.01387e+12
2026-09-30T07:14:31.525Z,gpu-3uwoq-6g3ya-2,ib_counter,rdma_vf_rail1,port_xmit_packets,1.03799e+09
2026-09-30T07:14:31.525Z,gpu-3uwoq-6g3ya-2,ib_counter,rdma_vf_rail1,port_rcv_packets,1.66932e+09
2026-09-30T07:14:31.525Z,gpu-3uwoq-6g3ya-2,ib_counter,rdma_vf_rail1,port_xmit_wait,0
2026-09-30T07:14:31.525Z,gpu-3uwoq-6g3ya-2,ib_counter,rdma_vf_rail1,port_rcv_errors,0
2026-09-30T07:14:31.525Z,gpu-3uwoq-6g3ya-2,ib_counter,rdma_vf_rail1,port_xmit_discards,0
2026-09-30T07:14:31.525Z,gpu-3uwoq-6g3ya-2,ib_counter,rdma_vf_rail1,link_downed,0
2026-09-30T07:14:31.525Z,gpu-3uwoq-6g3ya-2,ib_hw_counter,rdma_vf_rail1,out_of_sequence,8
2026-09-30T07:14:31.525Z,gpu-3uwoq-6g3ya-2,ib_hw_counter,rdma_vf_rail1,packet_seq_err,7
2026-09-30T07:14:31.525Z,gpu-3uwoq-6g3ya-2,ib_hw_counter,rdma_vf_rail1,local_ack_timeout_err,0
2026-09-30T07:14:31.525Z,gpu-3uwoq-6g3ya-2,ib_hw_counter,rdma_vf_rail1,rx_write_requests,7.11635e+08
2026-09-30T07:14:31.525Z,gpu-3uwoq-6g3ya-2,ib_hw_counter,rdma_vf_rail1,rx_read_requests,1.26179e+07
2026-09-30T07:14:31.525Z,gpu-3uwoq-6g3ya-2,ib_hw_counter,rdma_vf_rail1,req_cqe_error,0
2026-09-30T07:14:31.525Z,gpu-3uwoq-6g3ya-2,ib_hw_counter,rdma_vf_rail1,resp_cqe_error,0
2026-09-30T07:14:31.525Z,gpu-3uwoq-6g3ya-2,ib_hw_counter,rdma_vf_rail1,implied_nak_seq_err,0
2026-09-30T07:14:31.525Z,gpu-3uwoq-6g3ya-2,ib_hw_counter,rdma_vf_rail1,duplicate_request,0
2026-09-30T07:14:31.525Z,gpu-3uwoq-6g3ya-2,ib_counter,rdma_vf_rail2,port_xmit_data,3.02628e+12
2026-09-30T07:14:31.525Z,gpu-3uwoq-6g3ya-2,ib_counter,rdma_vf_rail2,port_rcv_data,5.98574e+12
2026-09-30T07:14:31.525Z,gpu-3uwoq-6g3ya-2,ib_counter,rdma_vf_rail2,port_xmit_packets,1.02031e+09
2026-09-30T07:14:31.525Z,gpu-3uwoq-6g3ya-2,ib_counter,rdma_vf_rail2,port_rcv_packets,1.64542e+09
2026-09-30T07:14:31.525Z,gpu-3uwoq-6g3ya-2,ib_counter,rdma_vf_rail2,port_xmit_wait,0
2026-09-30T07:14:31.525Z,gpu-3uwoq-6g3ya-2,ib_counter,rdma_vf_rail2,port_rcv_errors,0
2026-09-30T07:14:31.525Z,gpu-3uwoq-6g3ya-2,ib_counter,rdma_vf_rail2,port_xmit_discards,0
2026-09-30T07:14:31.525Z,gpu-3uwoq-6g3ya-2,ib_counter,rdma_vf_rail2,link_downed,0
2026-09-30T07:14:31.525Z,gpu-3uwoq-6g3ya-2,ib_hw_counter,rdma_vf_rail2,out_of_sequence,8
2026-09-30T07:14:31.525Z,gpu-3uwoq-6g3ya-2,ib_hw_counter,rdma_vf_rail2,packet_seq_err,8
2026-09-30T07:14:31.525Z,gpu-3uwoq-6g3ya-2,ib_hw_counter,rdma_vf_rail2,local_ack_timeout_err,0
2026-09-30T07:14:31.525Z,gpu-3uwoq-6g3ya-2,ib_hw_counter,rdma_vf_rail2,rx_write_requests,7.11202e+08
2026-09-30T07:14:31.525Z,gpu-3uwoq-6g3ya-2,ib_hw_counter,rdma_vf_rail2,rx_read_requests,1.24103e+07
2026-09-30T07:14:31.525Z,gpu-3uwoq-6g3ya-2,ib_hw_counter,rdma_vf_rail2,req_cqe_error,0
2026-09-30T07:14:31.525Z,gpu-3uwoq-6g3ya-2,ib_hw_counter,rdma_vf_rail2,resp_cqe_error,0
2026-09-30T07:14:31.525Z,gpu-3uwoq-6g3ya-2,ib_hw_counter,rdma_vf_rail2,implied_nak_seq_err,0
2026-09-30T07:14:31.525Z,gpu-3uwoq-6g3ya-2,ib_hw_counter,rdma_vf_rail2,duplicate_request,0
2026-09-30T07:14:31.525Z,gpu-3uwoq-6g3ya-2,ib_counter,rdma_vf_rail3,port_xmit_data,3.02614e+12
2026-09-30T07:14:31.525Z,gpu-3uwoq-6g3ya-2,ib_counter,rdma_vf_rail3,port_rcv_data,5.98635e+12
2026-09-30T07:14:31.525Z,gpu-3uwoq-6g3ya-2,ib_counter,rdma_vf_rail3,port_xmit_packets,1.01864e+09
2026-09-30T07:14:31.525Z,gpu-3uwoq-6g3ya-2,ib_counter,rdma_vf_rail3,port_rcv_packets,1.65281e+09
2026-09-30T07:14:31.525Z,gpu-3uwoq-6g3ya-2,ib_counter,rdma_vf_rail3,port_xmit_wait,0
2026-09-30T07:14:31.525Z,gpu-3uwoq-6g3ya-2,ib_counter,rdma_vf_rail3,port_rcv_errors,0
2026-09-30T07:14:31.525Z,gpu-3uwoq-6g3ya-2,ib_counter,rdma_vf_rail3,port_xmit_discards,0
2026-09-30T07:14:31.525Z,gpu-3uwoq-6g3ya-2,ib_counter,rdma_vf_rail3,link_downed,0
2026-09-30T07:14:31.525Z,gpu-3uwoq-6g3ya-2,ib_hw_counter,rdma_vf_rail3,out_of_sequence,8
2026-09-30T07:14:31.525Z,gpu-3uwoq-6g3ya-2,ib_hw_counter,rdma_vf_rail3,packet_seq_err,9
2026-09-30T07:14:31.525Z,gpu-3uwoq-6g3ya-2,ib_hw_counter,rdma_vf_rail3,local_ack_timeout_err,0
2026-09-30T07:14:31.525Z,gpu-3uwoq-6g3ya-2,ib_hw_counter,rdma_vf_rail3,rx_write_requests,7.11202e+08
2026-09-30T07:14:31.525Z,gpu-3uwoq-6g3ya-2,ib_hw_counter,rdma_vf_rail3,rx_read_requests,1.24103e+07
2026-09-30T07:14:31.525Z,gpu-3uwoq-6g3ya-2,ib_hw_counter,rdma_vf_rail3,req_cqe_error,0
2026-09-30T07:14:31.525Z,gpu-3uwoq-6g3ya-2,ib_hw_counter,rdma_vf_rail3,resp_cqe_error,0
2026-09-30T07:14:31.525Z,gpu-3uwoq-6g3ya-2,ib_hw_counter,rdma_vf_rail3,implied_nak_seq_err,0
2026-09-30T07:14:31.525Z,gpu-3uwoq-6g3ya-2,ib_hw_counter,rdma_vf_rail3,duplicate_request,0
2026-09-30T07:14:31.525Z,gpu-3uwoq-6g3ya-2,dcgm,gpu2,gpu_util,0
2026-09-30T07:14:31.525Z,gpu-3uwoq-6g3ya-2,dcgm,gpu3,gpu_util,0
2026-09-30T07:14:31.525Z,gpu-3uwoq-6g3ya-2,dcgm,gpu1,gpu_util,0
2026-09-30T07:14:31.525Z,gpu-3uwoq-6g3ya-2,dcgm,gpu0,gpu_util,0
2026-09-30T07:14:31.525Z,gpu-3uwoq-6g3ya-2,dcgm,gpu2,nvlink_bandwidth_total,11
2026-09-30T07:14:31.525Z,gpu-3uwoq-6g3ya-2,dcgm,gpu3,nvlink_bandwidth_total,14
2026-09-30T07:14:31.525Z,gpu-3uwoq-6g3ya-2,dcgm,gpu1,nvlink_bandwidth_total,5
2026-09-30T07:14:31.525Z,gpu-3uwoq-6g3ya-2,dcgm,gpu0,nvlink_bandwidth_total,0
2026-09-30T07:14:31.525Z,gpu-3uwoq-6g3ya-2,dcgm,gpu2,power_w,232.412
2026-09-30T07:14:31.525Z,gpu-3uwoq-6g3ya-2,dcgm,gpu3,power_w,233.992
2026-09-30T07:14:31.525Z,gpu-3uwoq-6g3ya-2,dcgm,gpu1,power_w,229.968
2026-09-30T07:14:31.525Z,gpu-3uwoq-6g3ya-2,dcgm,gpu0,power_w,226.588
2026-09-30T07:14:31.525Z,gpu-3uwoq-6g3ya-2,dcgm,gpu2,sm_clock_mhz,2070
2026-09-30T07:14:31.525Z,gpu-3uwoq-6g3ya-2,dcgm,gpu3,sm_clock_mhz,2070
2026-09-30T07:14:31.525Z,gpu-3uwoq-6g3ya-2,dcgm,gpu1,sm_clock_mhz,2070
2026-09-30T07:14:31.525Z,gpu-3uwoq-6g3ya-2,dcgm,gpu0,sm_clock_mhz,2070
2026-09-30T07:14:31.525Z,gpu-3uwoq-6g3ya-2,dcgm,gpu2,dram_active,5e-06
2026-09-30T07:14:31.525Z,gpu-3uwoq-6g3ya-2,dcgm,gpu3,dram_active,5e-06
2026-09-30T07:14:31.525Z,gpu-3uwoq-6g3ya-2,dcgm,gpu1,dram_active,5e-06
2026-09-30T07:14:31.525Z,gpu-3uwoq-6g3ya-2,dcgm,gpu0,dram_active,5e-06
2026-09-30T07:14:31.525Z,gpu-3uwoq-6g3ya-2,dcgm,gpu2,pcie_rx_bytes,353177
2026-09-30T07:14:31.525Z,gpu-3uwoq-6g3ya-2,dcgm,gpu3,pcie_rx_bytes,281346
2026-09-30T07:14:31.525Z,gpu-3uwoq-6g3ya-2,dcgm,gpu1,pcie_rx_bytes,388727
2026-09-30T07:14:31.525Z,gpu-3uwoq-6g3ya-2,dcgm,gpu0,pcie_rx_bytes,402180
2026-09-30T07:14:31.525Z,gpu-3uwoq-6g3ya-2,dcgm,gpu2,pcie_tx_bytes,301337
2026-09-30T07:14:31.525Z,gpu-3uwoq-6g3ya-2,dcgm,gpu3,pcie_tx_bytes,246732
2026-09-30T07:14:31.525Z,gpu-3uwoq-6g3ya-2,dcgm,gpu1,pcie_tx_bytes,337701
2026-09-30T07:14:31.525Z,gpu-3uwoq-6g3ya-2,dcgm,gpu0,pcie_tx_bytes,350057
2026-09-30T07:14:31.525Z,gpu-3uwoq-6g3ya-2,dcgm,gpu2,tensor_active,0
2026-09-30T07:14:31.525Z,gpu-3uwoq-6g3ya-2,dcgm,gpu3,tensor_active,0
2026-09-30T07:14:31.525Z,gpu-3uwoq-6g3ya-2,dcgm,gpu1,tensor_active,0
2026-09-30T07:14:31.525Z,gpu-3uwoq-6g3ya-2,dcgm,gpu0,tensor_active,0
2026-09-30T07:14:31.525Z,gpu-3uwoq-6g3ya-2,dcgm,gpu2,sm_active,0
2026-09-30T07:14:31.525Z,gpu-3uwoq-6g3ya-2,dcgm,gpu3,sm_active,0
2026-09-30T07:14:31.525Z,gpu-3uwoq-6g3ya-2,dcgm,gpu1,sm_active,0
2026-09-30T07:14:31.525Z,gpu-3uwoq-6g3ya-2,dcgm,gpu0,sm_active,0
2026-09-30T07:14:31.525Z,gpu-3uwoq-6g3ya-2,nvlink,gpu0,nvlink_rx_bytes,4.84459e+13
2026-09-30T07:14:31.525Z,gpu-3uwoq-6g3ya-2,nvlink,gpu0,nvlink_tx_bytes,4.84493e+13
2026-09-30T07:14:31.525Z,gpu-3uwoq-6g3ya-2,nvlink,gpu1,nvlink_rx_bytes,4.8648e+13
2026-09-30T07:14:31.525Z,gpu-3uwoq-6g3ya-2,nvlink,gpu1,nvlink_tx_bytes,4.86502e+13
2026-09-30T07:14:31.525Z,gpu-3uwoq-6g3ya-2,nvlink,gpu2,nvlink_rx_bytes,4.84828e+13
2026-09-30T07:14:31.525Z,gpu-3uwoq-6g3ya-2,nvlink,gpu2,nvlink_tx_bytes,4.84863e+13
2026-09-30T07:14:31.525Z,gpu-3uwoq-6g3ya-2,nvlink,gpu3,nvlink_rx_bytes,4.83797e+13
2026-09-30T07:14:31.525Z,gpu-3uwoq-6g3ya-2,nvlink,gpu3,nvlink_tx_bytes,4.83829e+13
2026-09-30T07:14:32.525Z,gpu-3uwoq-6g3ya-2,ib_counter,rdma_vf_rail0,port_xmit_data,3.16204e+12
2026-09-30T07:14:32.525Z,gpu-3uwoq-6g3ya-2,ib_counter,rdma_vf_rail0,port_rcv_data,6.12211e+12
2026-09-30T07:14:32.525Z,gpu-3uwoq-6g3ya-2,ib_counter,rdma_vf_rail0,port_xmit_packets,1.0707e+09
2026-09-30T07:14:32.525Z,gpu-3uwoq-6g3ya-2,ib_counter,rdma_vf_rail0,port_rcv_packets,1.70186e+09
2026-09-30T07:14:32.525Z,gpu-3uwoq-6g3ya-2,ib_counter,rdma_vf_rail0,port_xmit_wait,0
2026-09-30T07:14:32.525Z,gpu-3uwoq-6g3ya-2,ib_counter,rdma_vf_rail0,port_rcv_errors,0
2026-09-30T07:14:32.525Z,gpu-3uwoq-6g3ya-2,ib_counter,rdma_vf_rail0,port_xmit_discards,0
2026-09-30T07:14:32.525Z,gpu-3uwoq-6g3ya-2,ib_counter,rdma_vf_rail0,link_downed,0
2026-09-30T07:14:32.525Z,gpu-3uwoq-6g3ya-2,ib_hw_counter,rdma_vf_rail0,out_of_sequence,8
2026-09-30T07:14:32.525Z,gpu-3uwoq-6g3ya-2,ib_hw_counter,rdma_vf_rail0,packet_seq_err,8
2026-09-30T07:14:32.525Z,gpu-3uwoq-6g3ya-2,ib_hw_counter,rdma_vf_rail0,local_ack_timeout_err,0
2026-09-30T07:14:32.525Z,gpu-3uwoq-6g3ya-2,ib_hw_counter,rdma_vf_rail0,rx_write_requests,7.13228e+08
2026-09-30T07:14:32.525Z,gpu-3uwoq-6g3ya-2,ib_hw_counter,rdma_vf_rail0,rx_read_requests,1.34189e+07
2026-09-30T07:14:32.525Z,gpu-3uwoq-6g3ya-2,ib_hw_counter,rdma_vf_rail0,req_cqe_error,0
2026-09-30T07:14:32.525Z,gpu-3uwoq-6g3ya-2,ib_hw_counter,rdma_vf_rail0,resp_cqe_error,0
2026-09-30T07:14:32.525Z,gpu-3uwoq-6g3ya-2,ib_hw_counter,rdma_vf_rail0,implied_nak_seq_err,0
2026-09-30T07:14:32.525Z,gpu-3uwoq-6g3ya-2,ib_hw_counter,rdma_vf_rail0,duplicate_request,0
2026-09-30T07:14:32.525Z,gpu-3uwoq-6g3ya-2,ib_counter,rdma_vf_rail1,port_xmit_data,3.05385e+12
2026-09-30T07:14:32.525Z,gpu-3uwoq-6g3ya-2,ib_counter,rdma_vf_rail1,port_rcv_data,6.01387e+12
2026-09-30T07:14:32.525Z,gpu-3uwoq-6g3ya-2,ib_counter,rdma_vf_rail1,port_xmit_packets,1.03799e+09
2026-09-30T07:14:32.525Z,gpu-3uwoq-6g3ya-2,ib_counter,rdma_vf_rail1,port_rcv_packets,1.66932e+09
2026-09-30T07:14:32.525Z,gpu-3uwoq-6g3ya-2,ib_counter,rdma_vf_rail1,port_xmit_wait,0
2026-09-30T07:14:32.525Z,gpu-3uwoq-6g3ya-2,ib_counter,rdma_vf_rail1,port_rcv_errors,0
2026-09-30T07:14:32.525Z,gpu-3uwoq-6g3ya-2,ib_counter,rdma_vf_rail1,port_xmit_discards,0
2026-09-30T07:14:32.525Z,gpu-3uwoq-6g3ya-2,ib_counter,rdma_vf_rail1,link_downed,0
2026-09-30T07:14:32.525Z,gpu-3uwoq-6g3ya-2,ib_hw_counter,rdma_vf_rail1,out_of_sequence,8
2026-09-30T07:14:32.525Z,gpu-3uwoq-6g3ya-2,ib_hw_counter,rdma_vf_rail1,packet_seq_err,7
2026-09-30T07:14:32.525Z,gpu-3uwoq-6g3ya-2,ib_hw_counter,rdma_vf_rail1,local_ack_timeout_err,0
2026-09-30T07:14:32.525Z,gpu-3uwoq-6g3ya-2,ib_hw_counter,rdma_vf_rail1,rx_write_requests,7.11635e+08
2026-09-30T07:14:32.525Z,gpu-3uwoq-6g3ya-2,ib_hw_counter,rdma_vf_rail1,rx_read_requests,1.26179e+07
2026-09-30T07:14:32.525Z,gpu-3uwoq-6g3ya-2,ib_hw_counter,rdma_vf_rail1,req_cqe_error,0
2026-09-30T07:14:32.525Z,gpu-3uwoq-6g3ya-2,ib_hw_counter,rdma_vf_rail1,resp_cqe_error,0
2026-09-30T07:14:32.525Z,gpu-3uwoq-6g3ya-2,ib_hw_counter,rdma_vf_rail1,implied_nak_seq_err,0
2026-09-30T07:14:32.525Z,gpu-3uwoq-6g3ya-2,ib_hw_counter,rdma_vf_rail1,duplicate_request,0
2026-09-30T07:14:32.525Z,gpu-3uwoq-6g3ya-2,ib_counter,rdma_vf_rail2,port_xmit_data,3.02628e+12
2026-09-30T07:14:32.525Z,gpu-3uwoq-6g3ya-2,ib_counter,rdma_vf_rail2,port_rcv_data,5.98574e+12
2026-09-30T07:14:32.525Z,gpu-3uwoq-6g3ya-2,ib_counter,rdma_vf_rail2,port_xmit_packets,1.02031e+09
2026-09-30T07:14:32.525Z,gpu-3uwoq-6g3ya-2,ib_counter,rdma_vf_rail2,port_rcv_packets,1.64542e+09
2026-09-30T07:14:32.525Z,gpu-3uwoq-6g3ya-2,ib_counter,rdma_vf_rail2,port_xmit_wait,0
2026-09-30T07:14:32.525Z,gpu-3uwoq-6g3ya-2,ib_counter,rdma_vf_rail2,port_rcv_errors,0
2026-09-30T07:14:32.525Z,gpu-3uwoq-6g3ya-2,ib_counter,rdma_vf_rail2,port_xmit_discards,0
2026-09-30T07:14:32.525Z,gpu-3uwoq-6g3ya-2,ib_counter,rdma_vf_rail2,link_downed,0
2026-09-30T07:14:32.525Z,gpu-3uwoq-6g3ya-2,ib_hw_counter,rdma_vf_rail2,out_of_sequence,8
2026-09-30T07:14:32.525Z,gpu-3uwoq-6g3ya-2,ib_hw_counter,rdma_vf_rail2,packet_seq_err,8
2026-09-30T07:14:32.525Z,gpu-3uwoq-6g3ya-2,ib_hw_counter,rdma_vf_rail2,local_ack_timeout_err,0
2026-09-30T07:14:32.525Z,gpu-3uwoq-6g3ya-2,ib_hw_counter,rdma_vf_rail2,rx_write_requests,7.11202e+08
2026-09-30T07:14:32.525Z,gpu-3uwoq-6g3ya-2,ib_hw_counter,rdma_vf_rail2,rx_read_requests,1.24103e+07
2026-09-30T07:14:32.525Z,gpu-3uwoq-6g3ya-2,ib_hw_counter,rdma_vf_rail2,req_cqe_error,0
2026-09-30T07:14:32.525Z,gpu-3uwoq-6g3ya-2,ib_hw_counter,rdma_vf_rail2,resp_cqe_error,0
2026-09-30T07:14:32.525Z,gpu-3uwoq-6g3ya-2,ib_hw_counter,rdma_vf_rail2,implied_nak_seq_err,0
2026-09-30T07:14:32.525Z,gpu-3uwoq-6g3ya-2,ib_hw_counter,rdma_vf_rail2,duplicate_request,0
2026-09-30T07:14:32.525Z,gpu-3uwoq-6g3ya-2,ib_counter,rdma_vf_rail3,port_xmit_data,3.02614e+12
2026-09-30T07:14:32.525Z,gpu-3uwoq-6g3ya-2,ib_counter,rdma_vf_rail3,port_rcv_data,5.98635e+12
2026-09-30T07:14:32.525Z,gpu-3uwoq-6g3ya-2,ib_counter,rdma_vf_rail3,port_xmit_packets,1.01864e+09
2026-09-30T07:14:32.525Z,gpu-3uwoq-6g3ya-2,ib_counter,rdma_vf_rail3,port_rcv_packets,1.65281e+09
2026-09-30T07:14:32.525Z,gpu-3uwoq-6g3ya-2,ib_counter,rdma_vf_rail3,port_xmit_wait,0
2026-09-30T07:14:32.525Z,gpu-3uwoq-6g3ya-2,ib_counter,rdma_vf_rail3,port_rcv_errors,0
2026-09-30T07:14:32.525Z,gpu-3uwoq-6g3ya-2,ib_counter,rdma_vf_rail3,port_xmit_discards,0
2026-09-30T07:14:32.525Z,gpu-3uwoq-6g3ya-2,ib_counter,rdma_vf_rail3,link_downed,0
2026-09-30T07:14:32.525Z,gpu-3uwoq-6g3ya-2,ib_hw_counter,rdma_vf_rail3,out_of_sequence,8
2026-09-30T07:14:32.525Z,gpu-3uwoq-6g3ya-2,ib_hw_counter,rdma_vf_rail3,packet_seq_err,9
2026-09-30T07:14:32.525Z,gpu-3uwoq-6g3ya-2,ib_hw_counter,rdma_vf_rail3,local_ack_timeout_err,0
2026-09-30T07:14:32.525Z,gpu-3uwoq-6g3ya-2,ib_hw_counter,rdma_vf_rail3,rx_write_requests,7.11202e+08
2026-09-30T07:14:32.525Z,gpu-3uwoq-6g3ya-2,ib_hw_counter,rdma_vf_rail3,rx_read_requests,1.24103e+07
2026-09-30T07:14:32.525Z,gpu-3uwoq-6g3ya-2,ib_hw_counter,rdma_vf_rail3,req_cqe_error,0
2026-09-30T07:14:32.525Z,gpu-3uwoq-6g3ya-2,ib_hw_counter,rdma_vf_rail3,resp_cqe_error,0
2026-09-30T07:14:32.525Z,gpu-3uwoq-6g3ya-2,ib_hw_counter,rdma_vf_rail3,implied_nak_seq_err,0
2026-09-30T07:14:32.525Z,gpu-3uwoq-6g3ya-2,ib_hw_counter,rdma_vf_rail3,duplicate_request,0
2026-09-30T07:14:32.525Z,gpu-3uwoq-6g3ya-2,dcgm,gpu2,gpu_util,0
2026-09-30T07:14:32.525Z,gpu-3uwoq-6g3ya-2,dcgm,gpu3,gpu_util,0
2026-09-30T07:14:32.525Z,gpu-3uwoq-6g3ya-2,dcgm,gpu1,gpu_util,0
2026-09-30T07:14:32.525Z,gpu-3uwoq-6g3ya-2,dcgm,gpu0,gpu_util,0
2026-09-30T07:14:32.525Z,gpu-3uwoq-6g3ya-2,dcgm,gpu2,nvlink_bandwidth_total,11
2026-09-30T07:14:32.525Z,gpu-3uwoq-6g3ya-2,dcgm,gpu3,nvlink_bandwidth_total,14
2026-09-30T07:14:32.525Z,gpu-3uwoq-6g3ya-2,dcgm,gpu1,nvlink_bandwidth_total,5
2026-09-30T07:14:32.525Z,gpu-3uwoq-6g3ya-2,dcgm,gpu0,nvlink_bandwidth_total,0
2026-09-30T07:14:32.525Z,gpu-3uwoq-6g3ya-2,dcgm,gpu2,power_w,232.412
2026-09-30T07:14:32.525Z,gpu-3uwoq-6g3ya-2,dcgm,gpu3,power_w,233.992
2026-09-30T07:14:32.525Z,gpu-3uwoq-6g3ya-2,dcgm,gpu1,power_w,229.968
2026-09-30T07:14:32.525Z,gpu-3uwoq-6g3ya-2,dcgm,gpu0,power_w,226.588
2026-09-30T07:14:32.525Z,gpu-3uwoq-6g3ya-2,dcgm,gpu2,sm_clock_mhz,2070
2026-09-30T07:14:32.525Z,gpu-3uwoq-6g3ya-2,dcgm,gpu3,sm_clock_mhz,2070
2026-09-30T07:14:32.525Z,gpu-3uwoq-6g3ya-2,dcgm,gpu1,sm_clock_mhz,2070
2026-09-30T07:14:32.525Z,gpu-3uwoq-6g3ya-2,dcgm,gpu0,sm_clock_mhz,2070
2026-09-30T07:14:32.525Z,gpu-3uwoq-6g3ya-2,dcgm,gpu2,dram_active,5e-06
2026-09-30T07:14:32.525Z,gpu-3uwoq-6g3ya-2,dcgm,gpu3,dram_active,5e-06
2026-09-30T07:14:32.525Z,gpu-3uwoq-6g3ya-2,dcgm,gpu1,dram_active,5e-06
2026-09-30T07:14:32.525Z,gpu-3uwoq-6g3ya-2,dcgm,gpu0,dram_active,5e-06
2026-09-30T07:14:32.525Z,gpu-3uwoq-6g3ya-2,dcgm,gpu2,pcie_rx_bytes,353177
2026-09-30T07:14:32.525Z,gpu-3uwoq-6g3ya-2,dcgm,gpu3,pcie_rx_bytes,281346
2026-09-30T07:14:32.525Z,gpu-3uwoq-6g3ya-2,dcgm,gpu1,pcie_rx_bytes,388727
2026-09-30T07:14:32.525Z,gpu-3uwoq-6g3ya-2,dcgm,gpu0,pcie_rx_bytes,402180
2026-09-30T07:14:32.525Z,gpu-3uwoq-6g3ya-2,dcgm,gpu2,pcie_tx_bytes,301337
2026-09-30T07:14:32.525Z,gpu-3uwoq-6g3ya-2,dcgm,gpu3,pcie_tx_bytes,246732
2026-09-30T07:14:32.525Z,gpu-3uwoq-6g3ya-2,dcgm,gpu1,pcie_tx_bytes,337701
2026-09-30T07:14:32.525Z,gpu-3uwoq-6g3ya-2,dcgm,gpu0,pcie_tx_bytes,350057
2026-09-30T07:14:32.525Z,gpu-3uwoq-6g3ya-2,dcgm,gpu2,tensor_active,0
2026-09-30T07:14:32.525Z,gpu-3uwoq-6g3ya-2,dcgm,gpu3,tensor_active,0
2026-09-30T07:14:32.525Z,gpu-3uwoq-6g3ya-2,dcgm,gpu1,tensor_active,0
2026-09-30T07:14:32.525Z,gpu-3uwoq-6g3ya-2,dcgm,gpu0,tensor_active,0
2026-09-30T07:14:32.525Z,gpu-3uwoq-6g3ya-2,dcgm,gpu2,sm_active,0
2026-09-30T07:14:32.525Z,gpu-3uwoq-6g3ya-2,dcgm,gpu3,sm_active,0
2026-09-30T07:14:32.525Z,gpu-3uwoq-6g3ya-2,dcgm,gpu1,sm_active,0
2026-09-30T07:14:32.525Z,gpu-3uwoq-6g3ya-2,dcgm,gpu0,sm_active,0
2026-09-30T07:14:32.525Z,gpu-3uwoq-6g3ya-2,nvlink,gpu0,nvlink_rx_bytes,4.84459e+13
2026-09-30T07:14:32.525Z,gpu-3uwoq-6g3ya-2,nvlink,gpu0,nvlink_tx_bytes,4.84493e+13
2026-09-30T07:14:32.525Z,gpu-3uwoq-6g3ya-2,nvlink,gpu1,nvlink_rx_bytes,4.8648e+13
2026-09-30T07:14:32.525Z,gpu-3uwoq-6g3ya-2,nvlink,gpu1,nvlink_tx_bytes,4.86502e+13
2026-09-30T07:14:32.525Z,gpu-3uwoq-6g3ya-2,nvlink,gpu2,nvlink_rx_bytes,4.84828e+13
2026-09-30T07:14:32.525Z,gpu-3uwoq-6g3ya-2,nvlink,gpu2,nvlink_tx_bytes,4.84863e+13
2026-09-30T07:14:32.525Z,gpu-3uwoq-6g3ya-2,nvlink,gpu3,nvlink_rx_bytes,4.83797e+13
2026-09-30T07:14:32.525Z,gpu-3uwoq-6g3ya-2,nvlink,gpu3,nvlink_tx_bytes,4.83829e+13
2026-09-30T07:14:33.525Z,gpu-3uwoq-6g3ya-2,ib_counter,rdma_vf_rail0,port_xmit_data,3.16217e+12
2026-09-30T07:14:33.525Z,gpu-3uwoq-6g3ya-2,ib_counter,rdma_vf_rail0,port_rcv_data,6.12224e+12
2026-09-30T07:14:33.525Z,gpu-3uwoq-6g3ya-2,ib_counter,rdma_vf_rail0,port_xmit_packets,1.07073e+09
2026-09-30T07:14:33.525Z,gpu-3uwoq-6g3ya-2,ib_counter,rdma_vf_rail0,port_rcv_packets,1.7019e+09
2026-09-30T07:14:33.525Z,gpu-3uwoq-6g3ya-2,ib_counter,rdma_vf_rail0,port_xmit_wait,0
2026-09-30T07:14:33.525Z,gpu-3uwoq-6g3ya-2,ib_counter,rdma_vf_rail0,port_rcv_errors,0
2026-09-30T07:14:33.525Z,gpu-3uwoq-6g3ya-2,ib_counter,rdma_vf_rail0,port_xmit_discards,0
2026-09-30T07:14:33.525Z,gpu-3uwoq-6g3ya-2,ib_counter,rdma_vf_rail0,link_downed,0
2026-09-30T07:14:33.525Z,gpu-3uwoq-6g3ya-2,ib_hw_counter,rdma_vf_rail0,out_of_sequence,8
2026-09-30T07:14:33.525Z,gpu-3uwoq-6g3ya-2,ib_hw_counter,rdma_vf_rail0,packet_seq_err,8
2026-09-30T07:14:33.525Z,gpu-3uwoq-6g3ya-2,ib_hw_counter,rdma_vf_rail0,local_ack_timeout_err,0
2026-09-30T07:14:33.525Z,gpu-3uwoq-6g3ya-2,ib_hw_counter,rdma_vf_rail0,rx_write_requests,7.1323e+08
2026-09-30T07:14:33.525Z,gpu-3uwoq-6g3ya-2,ib_hw_counter,rdma_vf_rail0,rx_read_requests,1.34199e+07
2026-09-30T07:14:33.525Z,gpu-3uwoq-6g3ya-2,ib_hw_counter,rdma_vf_rail0,req_cqe_error,0
2026-09-30T07:14:33.525Z,gpu-3uwoq-6g3ya-2,ib_hw_counter,rdma_vf_rail0,resp_cqe_error,0
2026-09-30T07:14:33.525Z,gpu-3uwoq-6g3ya-2,ib_hw_counter,rdma_vf_rail0,implied_nak_seq_err,0
2026-09-30T07:14:33.525Z,gpu-3uwoq-6g3ya-2,ib_hw_counter,rdma_vf_rail0,duplicate_request,0
2026-09-30T07:14:33.525Z,gpu-3uwoq-6g3ya-2,ib_counter,rdma_vf_rail1,port_xmit_data,3.05398e+12
2026-09-30T07:14:33.525Z,gpu-3uwoq-6g3ya-2,ib_counter,rdma_vf_rail1,port_rcv_data,6.014e+12
2026-09-30T07:14:33.525Z,gpu-3uwoq-6g3ya-2,ib_counter,rdma_vf_rail1,port_xmit_packets,1.03802e+09
2026-09-30T07:14:33.525Z,gpu-3uwoq-6g3ya-2,ib_counter,rdma_vf_rail1,port_rcv_packets,1.66936e+09
2026-09-30T07:14:33.525Z,gpu-3uwoq-6g3ya-2,ib_counter,rdma_vf_rail1,port_xmit_wait,0
2026-09-30T07:14:33.525Z,gpu-3uwoq-6g3ya-2,ib_counter,rdma_vf_rail1,port_rcv_errors,0
2026-09-30T07:14:33.525Z,gpu-3uwoq-6g3ya-2,ib_counter,rdma_vf_rail1,port_xmit_discards,0
2026-09-30T07:14:33.525Z,gpu-3uwoq-6g3ya-2,ib_counter,rdma_vf_rail1,link_downed,0
2026-09-30T07:14:33.525Z,gpu-3uwoq-6g3ya-2,ib_hw_counter,rdma_vf_rail1,out_of_sequence,8
2026-09-30T07:14:33.525Z,gpu-3uwoq-6g3ya-2,ib_hw_counter,rdma_vf_rail1,packet_seq_err,7
2026-09-30T07:14:33.525Z,gpu-3uwoq-6g3ya-2,ib_hw_counter,rdma_vf_rail1,local_ack_timeout_err,0
2026-09-30T07:14:33.525Z,gpu-3uwoq-6g3ya-2,ib_hw_counter,rdma_vf_rail1,rx_write_requests,7.11637e+08
2026-09-30T07:14:33.525Z,gpu-3uwoq-6g3ya-2,ib_hw_counter,rdma_vf_rail1,rx_read_requests,1.26189e+07
2026-09-30T07:14:33.525Z,gpu-3uwoq-6g3ya-2,ib_hw_counter,rdma_vf_rail1,req_cqe_error,0
2026-09-30T07:14:33.525Z,gpu-3uwoq-6g3ya-2,ib_hw_counter,rdma_vf_rail1,resp_cqe_error,0
2026-09-30T07:14:33.525Z,gpu-3uwoq-6g3ya-2,ib_hw_counter,rdma_vf_rail1,implied_nak_seq_err,0
2026-09-30T07:14:33.525Z,gpu-3uwoq-6g3ya-2,ib_hw_counter,rdma_vf_rail1,duplicate_request,0
2026-09-30T07:14:33.525Z,gpu-3uwoq-6g3ya-2,ib_counter,rdma_vf_rail2,port_xmit_data,3.0264e+12
2026-09-30T07:14:33.525Z,gpu-3uwoq-6g3ya-2,ib_counter,rdma_vf_rail2,port_rcv_data,5.98587e+12
2026-09-30T07:14:33.525Z,gpu-3uwoq-6g3ya-2,ib_counter,rdma_vf_rail2,port_xmit_packets,1.02034e+09
2026-09-30T07:14:33.525Z,gpu-3uwoq-6g3ya-2,ib_counter,rdma_vf_rail2,port_rcv_packets,1.64546e+09
2026-09-30T07:14:33.525Z,gpu-3uwoq-6g3ya-2,ib_counter,rdma_vf_rail2,port_xmit_wait,0
2026-09-30T07:14:33.525Z,gpu-3uwoq-6g3ya-2,ib_counter,rdma_vf_rail2,port_rcv_errors,0
2026-09-30T07:14:33.525Z,gpu-3uwoq-6g3ya-2,ib_counter,rdma_vf_rail2,port_xmit_discards,0
2026-09-30T07:14:33.525Z,gpu-3uwoq-6g3ya-2,ib_counter,rdma_vf_rail2,link_downed,0
2026-09-30T07:14:33.525Z,gpu-3uwoq-6g3ya-2,ib_hw_counter,rdma_vf_rail2,out_of_sequence,8
2026-09-30T07:14:33.525Z,gpu-3uwoq-6g3ya-2,ib_hw_counter,rdma_vf_rail2,packet_seq_err,8
2026-09-30T07:14:33.525Z,gpu-3uwoq-6g3ya-2,ib_hw_counter,rdma_vf_rail2,local_ack_timeout_err,0
2026-09-30T07:14:33.525Z,gpu-3uwoq-6g3ya-2,ib_hw_counter,rdma_vf_rail2,rx_write_requests,7.11204e+08
2026-09-30T07:14:33.525Z,gpu-3uwoq-6g3ya-2,ib_hw_counter,rdma_vf_rail2,rx_read_requests,1.24112e+07
2026-09-30T07:14:33.525Z,gpu-3uwoq-6g3ya-2,ib_hw_counter,rdma_vf_rail2,req_cqe_error,0
2026-09-30T07:14:33.525Z,gpu-3uwoq-6g3ya-2,ib_hw_counter,rdma_vf_rail2,resp_cqe_error,0
2026-09-30T07:14:33.525Z,gpu-3uwoq-6g3ya-2,ib_hw_counter,rdma_vf_rail2,implied_nak_seq_err,0
2026-09-30T07:14:33.525Z,gpu-3uwoq-6g3ya-2,ib_hw_counter,rdma_vf_rail2,duplicate_request,0
2026-09-30T07:14:33.525Z,gpu-3uwoq-6g3ya-2,ib_counter,rdma_vf_rail3,port_xmit_data,3.02626e+12
2026-09-30T07:14:33.525Z,gpu-3uwoq-6g3ya-2,ib_counter,rdma_vf_rail3,port_rcv_data,5.98647e+12
2026-09-30T07:14:33.525Z,gpu-3uwoq-6g3ya-2,ib_counter,rdma_vf_rail3,port_xmit_packets,1.01868e+09
2026-09-30T07:14:33.525Z,gpu-3uwoq-6g3ya-2,ib_counter,rdma_vf_rail3,port_rcv_packets,1.65285e+09
2026-09-30T07:14:33.525Z,gpu-3uwoq-6g3ya-2,ib_counter,rdma_vf_rail3,port_xmit_wait,0
2026-09-30T07:14:33.525Z,gpu-3uwoq-6g3ya-2,ib_counter,rdma_vf_rail3,port_rcv_errors,0
2026-09-30T07:14:33.525Z,gpu-3uwoq-6g3ya-2,ib_counter,rdma_vf_rail3,port_xmit_discards,0
2026-09-30T07:14:33.525Z,gpu-3uwoq-6g3ya-2,ib_counter,rdma_vf_rail3,link_downed,0
2026-09-30T07:14:33.525Z,gpu-3uwoq-6g3ya-2,ib_hw_counter,rdma_vf_rail3,out_of_sequence,8
2026-09-30T07:14:33.525Z,gpu-3uwoq-6g3ya-2,ib_hw_counter,rdma_vf_rail3,packet_seq_err,9
2026-09-30T07:14:33.525Z,gpu-3uwoq-6g3ya-2,ib_hw_counter,rdma_vf_rail3,local_ack_timeout_err,0
2026-09-30T07:14:33.525Z,gpu-3uwoq-6g3ya-2,ib_hw_counter,rdma_vf_rail3,rx_write_requests,7.11204e+08
2026-09-30T07:14:33.525Z,gpu-3uwoq-6g3ya-2,ib_hw_counter,rdma_vf_rail3,rx_read_requests,1.24112e+07
2026-09-30T07:14:33.525Z,gpu-3uwoq-6g3ya-2,ib_hw_counter,rdma_vf_rail3,req_cqe_error,0
2026-09-30T07:14:33.525Z,gpu-3uwoq-6g3ya-2,ib_hw_counter,rdma_vf_rail3,resp_cqe_error,0
2026-09-30T07:14:33.525Z,gpu-3uwoq-6g3ya-2,ib_hw_counter,rdma_vf_rail3,implied_nak_seq_err,0
2026-09-30T07:14:33.525Z,gpu-3uwoq-6g3ya-2,ib_hw_counter,rdma_vf_rail3,duplicate_request,0
2026-09-30T07:14:33.525Z,gpu-3uwoq-6g3ya-2,dcgm,gpu2,gpu_util,0
2026-09-30T07:14:33.525Z,gpu-3uwoq-6g3ya-2,dcgm,gpu3,gpu_util,0
2026-09-30T07:14:33.525Z,gpu-3uwoq-6g3ya-2,dcgm,gpu1,gpu_util,0
2026-09-30T07:14:33.525Z,gpu-3uwoq-6g3ya-2,dcgm,gpu0,gpu_util,0
2026-09-30T07:14:33.525Z,gpu-3uwoq-6g3ya-2,dcgm,gpu2,nvlink_bandwidth_total,11
2026-09-30T07:14:33.525Z,gpu-3uwoq-6g3ya-2,dcgm,gpu3,nvlink_bandwidth_total,14
2026-09-30T07:14:33.525Z,gpu-3uwoq-6g3ya-2,dcgm,gpu1,nvlink_bandwidth_total,5
2026-09-30T07:14:33.525Z,gpu-3uwoq-6g3ya-2,dcgm,gpu0,nvlink_bandwidth_total,0
2026-09-30T07:14:33.525Z,gpu-3uwoq-6g3ya-2,dcgm,gpu2,power_w,232.412
2026-09-30T07:14:33.525Z,gpu-3uwoq-6g3ya-2,dcgm,gpu3,power_w,233.992
2026-09-30T07:14:33.525Z,gpu-3uwoq-6g3ya-2,dcgm,gpu1,power_w,229.968
2026-09-30T07:14:33.525Z,gpu-3uwoq-6g3ya-2,dcgm,gpu0,power_w,226.588
2026-09-30T07:14:33.525Z,gpu-3uwoq-6g3ya-2,dcgm,gpu2,sm_clock_mhz,2070
2026-09-30T07:14:33.525Z,gpu-3uwoq-6g3ya-2,dcgm,gpu3,sm_clock_mhz,2070
2026-09-30T07:14:33.525Z,gpu-3uwoq-6g3ya-2,dcgm,gpu1,sm_clock_mhz,2070
2026-09-30T07:14:33.525Z,gpu-3uwoq-6g3ya-2,dcgm,gpu0,sm_clock_mhz,2070
2026-09-30T07:14:33.525Z,gpu-3uwoq-6g3ya-2,dcgm,gpu2,dram_active,5e-06
2026-09-30T07:14:33.525Z,gpu-3uwoq-6g3ya-2,dcgm,gpu3,dram_active,5e-06
2026-09-30T07:14:33.525Z,gpu-3uwoq-6g3ya-2,dcgm,gpu1,dram_active,5e-06
2026-09-30T07:14:33.525Z,gpu-3uwoq-6g3ya-2,dcgm,gpu0,dram_active,5e-06
2026-09-30T07:14:33.525Z,gpu-3uwoq-6g3ya-2,dcgm,gpu2,pcie_rx_bytes,353177
2026-09-30T07:14:33.525Z,gpu-3uwoq-6g3ya-2,dcgm,gpu3,pcie_rx_bytes,281346
2026-09-30T07:14:33.525Z,gpu-3uwoq-6g3ya-2,dcgm,gpu1,pcie_rx_bytes,388727
2026-09-30T07:14:33.525Z,gpu-3uwoq-6g3ya-2,dcgm,gpu0,pcie_rx_bytes,402180
2026-09-30T07:14:33.525Z,gpu-3uwoq-6g3ya-2,dcgm,gpu2,pcie_tx_bytes,301337
2026-09-30T07:14:33.525Z,gpu-3uwoq-6g3ya-2,dcgm,gpu3,pcie_tx_bytes,246732
2026-09-30T07:14:33.525Z,gpu-3uwoq-6g3ya-2,dcgm,gpu1,pcie_tx_bytes,337701
2026-09-30T07:14:33.525Z,gpu-3uwoq-6g3ya-2,dcgm,gpu0,pcie_tx_bytes,350057
2026-09-30T07:14:33.525Z,gpu-3uwoq-6g3ya-2,dcgm,gpu2,tensor_active,0
2026-09-30T07:14:33.525Z,gpu-3uwoq-6g3ya-2,dcgm,gpu3,tensor_active,0
2026-09-30T07:14:33.525Z,gpu-3uwoq-6g3ya-2,dcgm,gpu1,tensor_active,0
2026-09-30T07:14:33.525Z,gpu-3uwoq-6g3ya-2,dcgm,gpu0,tensor_active,0
2026-09-30T07:14:33.525Z,gpu-3uwoq-6g3ya-2,dcgm,gpu2,sm_active,0
2026-09-30T07:14:33.525Z,gpu-3uwoq-6g3ya-2,dcgm,gpu3,sm_active,0
2026-09-30T07:14:33.525Z,gpu-3uwoq-6g3ya-2,dcgm,gpu1,sm_active,0
2026-09-30T07:14:33.525Z,gpu-3uwoq-6g3ya-2,dcgm,gpu0,sm_active,0
2026-09-30T07:14:33.525Z,gpu-3uwoq-6g3ya-2,nvlink,gpu0,nvlink_rx_bytes,4.84459e+13
2026-09-30T07:14:33.525Z,gpu-3uwoq-6g3ya-2,nvlink,gpu0,nvlink_tx_bytes,4.84493e+13
2026-09-30T07:14:33.525Z,gpu-3uwoq-6g3ya-2,nvlink,gpu1,nvlink_rx_bytes,4.8648e+13
2026-09-30T07:14:33.525Z,gpu-3uwoq-6g3ya-2,nvlink,gpu1,nvlink_tx_bytes,4.86502e+13
2026-09-30T07:14:33.525Z,gpu-3uwoq-6g3ya-2,nvlink,gpu2,nvlink_rx_bytes,4.84828e+13
2026-09-30T07:14:33.525Z,gpu-3uwoq-6g3ya-2,nvlink,gpu2,nvlink_tx_bytes,4.84863e+13
2026-09-30T07:14:33.525Z,gpu-3uwoq-6g3ya-2,nvlink,gpu3,nvlink_rx_bytes,4.83797e+13
2026-09-30T07:14:33.525Z,gpu-3uwoq-6g3ya-2,nvlink,gpu3,nvlink_tx_bytes,4.83829e+13
2026-09-30T07:14:34.525Z,gpu-3uwoq-6g3ya-2,ib_counter,rdma_vf_rail0,port_xmit_data,3.16217e+12
2026-09-30T07:14:34.525Z,gpu-3uwoq-6g3ya-2,ib_counter,rdma_vf_rail0,port_rcv_data,6.12224e+12
2026-09-30T07:14:34.525Z,gpu-3uwoq-6g3ya-2,ib_counter,rdma_vf_rail0,port_xmit_packets,1.07073e+09
2026-09-30T07:14:34.525Z,gpu-3uwoq-6g3ya-2,ib_counter,rdma_vf_rail0,port_rcv_packets,1.7019e+09
2026-09-30T07:14:34.525Z,gpu-3uwoq-6g3ya-2,ib_counter,rdma_vf_rail0,port_xmit_wait,0
2026-09-30T07:14:34.525Z,gpu-3uwoq-6g3ya-2,ib_counter,rdma_vf_rail0,port_rcv_errors,0
2026-09-30T07:14:34.525Z,gpu-3uwoq-6g3ya-2,ib_counter,rdma_vf_rail0,port_xmit_discards,0
2026-09-30T07:14:34.525Z,gpu-3uwoq-6g3ya-2,ib_counter,rdma_vf_rail0,link_downed,0
2026-09-30T07:14:34.525Z,gpu-3uwoq-6g3ya-2,ib_hw_counter,rdma_vf_rail0,out_of_sequence,8
2026-09-30T07:14:34.525Z,gpu-3uwoq-6g3ya-2,ib_hw_counter,rdma_vf_rail0,packet_seq_err,8
2026-09-30T07:14:34.525Z,gpu-3uwoq-6g3ya-2,ib_hw_counter,rdma_vf_rail0,local_ack_timeout_err,0
2026-09-30T07:14:34.525Z,gpu-3uwoq-6g3ya-2,ib_hw_counter,rdma_vf_rail0,rx_write_requests,7.1323e+08
2026-09-30T07:14:34.525Z,gpu-3uwoq-6g3ya-2,ib_hw_counter,rdma_vf_rail0,rx_read_requests,1.34199e+07
2026-09-30T07:14:34.525Z,gpu-3uwoq-6g3ya-2,ib_hw_counter,rdma_vf_rail0,req_cqe_error,0
2026-09-30T07:14:34.525Z,gpu-3uwoq-6g3ya-2,ib_hw_counter,rdma_vf_rail0,resp_cqe_error,0
2026-09-30T07:14:34.525Z,gpu-3uwoq-6g3ya-2,ib_hw_counter,rdma_vf_rail0,implied_nak_seq_err,0
2026-09-30T07:14:34.525Z,gpu-3uwoq-6g3ya-2,ib_hw_counter,rdma_vf_rail0,duplicate_request,0
2026-09-30T07:14:34.525Z,gpu-3uwoq-6g3ya-2,ib_counter,rdma_vf_rail1,port_xmit_data,3.05398e+12
2026-09-30T07:14:34.525Z,gpu-3uwoq-6g3ya-2,ib_counter,rdma_vf_rail1,port_rcv_data,6.014e+12
2026-09-30T07:14:34.525Z,gpu-3uwoq-6g3ya-2,ib_counter,rdma_vf_rail1,port_xmit_packets,1.03802e+09
2026-09-30T07:14:34.525Z,gpu-3uwoq-6g3ya-2,ib_counter,rdma_vf_rail1,port_rcv_packets,1.66936e+09
2026-09-30T07:14:34.525Z,gpu-3uwoq-6g3ya-2,ib_counter,rdma_vf_rail1,port_xmit_wait,0
2026-09-30T07:14:34.525Z,gpu-3uwoq-6g3ya-2,ib_counter,rdma_vf_rail1,port_rcv_errors,0
2026-09-30T07:14:34.525Z,gpu-3uwoq-6g3ya-2,ib_counter,rdma_vf_rail1,port_xmit_discards,0
2026-09-30T07:14:34.525Z,gpu-3uwoq-6g3ya-2,ib_counter,rdma_vf_rail1,link_downed,0
2026-09-30T07:14:34.525Z,gpu-3uwoq-6g3ya-2,ib_hw_counter,rdma_vf_rail1,out_of_sequence,8
2026-09-30T07:14:34.525Z,gpu-3uwoq-6g3ya-2,ib_hw_counter,rdma_vf_rail1,packet_seq_err,7
2026-09-30T07:14:34.525Z,gpu-3uwoq-6g3ya-2,ib_hw_counter,rdma_vf_rail1,local_ack_timeout_err,0
2026-09-30T07:14:34.525Z,gpu-3uwoq-6g3ya-2,ib_hw_counter,rdma_vf_rail1,rx_write_requests,7.11637e+08
2026-09-30T07:14:34.525Z,gpu-3uwoq-6g3ya-2,ib_hw_counter,rdma_vf_rail1,rx_read_requests,1.26189e+07
2026-09-30T07:14:34.525Z,gpu-3uwoq-6g3ya-2,ib_hw_counter,rdma_vf_rail1,req_cqe_error,0
2026-09-30T07:14:34.525Z,gpu-3uwoq-6g3ya-2,ib_hw_counter,rdma_vf_rail1,resp_cqe_error,0
2026-09-30T07:14:34.525Z,gpu-3uwoq-6g3ya-2,ib_hw_counter,rdma_vf_rail1,implied_nak_seq_err,0
2026-09-30T07:14:34.525Z,gpu-3uwoq-6g3ya-2,ib_hw_counter,rdma_vf_rail1,duplicate_request,0
2026-09-30T07:14:34.525Z,gpu-3uwoq-6g3ya-2,ib_counter,rdma_vf_rail2,port_xmit_data,3.0264e+12
2026-09-30T07:14:34.525Z,gpu-3uwoq-6g3ya-2,ib_counter,rdma_vf_rail2,port_rcv_data,5.98587e+12
2026-09-30T07:14:34.525Z,gpu-3uwoq-6g3ya-2,ib_counter,rdma_vf_rail2,port_xmit_packets,1.02034e+09
2026-09-30T07:14:34.525Z,gpu-3uwoq-6g3ya-2,ib_counter,rdma_vf_rail2,port_rcv_packets,1.64546e+09
2026-09-30T07:14:34.525Z,gpu-3uwoq-6g3ya-2,ib_counter,rdma_vf_rail2,port_xmit_wait,0
2026-09-30T07:14:34.525Z,gpu-3uwoq-6g3ya-2,ib_counter,rdma_vf_rail2,port_rcv_errors,0
2026-09-30T07:14:34.525Z,gpu-3uwoq-6g3ya-2,ib_counter,rdma_vf_rail2,port_xmit_discards,0
2026-09-30T07:14:34.525Z,gpu-3uwoq-6g3ya-2,ib_counter,rdma_vf_rail2,link_downed,0
2026-09-30T07:14:34.525Z,gpu-3uwoq-6g3ya-2,ib_hw_counter,rdma_vf_rail2,out_of_sequence,8
2026-09-30T07:14:34.525Z,gpu-3uwoq-6g3ya-2,ib_hw_counter,rdma_vf_rail2,packet_seq_err,8
2026-09-30T07:14:34.525Z,gpu-3uwoq-6g3ya-2,ib_hw_counter,rdma_vf_rail2,local_ack_timeout_err,0
2026-09-30T07:14:34.525Z,gpu-3uwoq-6g3ya-2,ib_hw_counter,rdma_vf_rail2,rx_write_requests,7.11204e+08
2026-09-30T07:14:34.525Z,gpu-3uwoq-6g3ya-2,ib_hw_counter,rdma_vf_rail2,rx_read_requests,1.24112e+07
2026-09-30T07:14:34.525Z,gpu-3uwoq-6g3ya-2,ib_hw_counter,rdma_vf_rail2,req_cqe_error,0
2026-09-30T07:14:34.525Z,gpu-3uwoq-6g3ya-2,ib_hw_counter,rdma_vf_rail2,resp_cqe_error,0
2026-09-30T07:14:34.525Z,gpu-3uwoq-6g3ya-2,ib_hw_counter,rdma_vf_rail2,implied_nak_seq_err,0
2026-09-30T07:14:34.525Z,gpu-3uwoq-6g3ya-2,ib_hw_counter,rdma_vf_rail2,duplicate_request,0
2026-09-30T07:14:34.525Z,gpu-3uwoq-6g3ya-2,ib_counter,rdma_vf_rail3,port_xmit_data,3.02626e+12
2026-09-30T07:14:34.525Z,gpu-3uwoq-6g3ya-2,ib_counter,rdma_vf_rail3,port_rcv_data,5.98647e+12
2026-09-30T07:14:34.525Z,gpu-3uwoq-6g3ya-2,ib_counter,rdma_vf_rail3,port_xmit_packets,1.01868e+09
2026-09-30T07:14:34.525Z,gpu-3uwoq-6g3ya-2,ib_counter,rdma_vf_rail3,port_rcv_packets,1.65285e+09
2026-09-30T07:14:34.525Z,gpu-3uwoq-6g3ya-2,ib_counter,rdma_vf_rail3,port_xmit_wait,0
2026-09-30T07:14:34.525Z,gpu-3uwoq-6g3ya-2,ib_counter,rdma_vf_rail3,port_rcv_errors,0
2026-09-30T07:14:34.525Z,gpu-3uwoq-6g3ya-2,ib_counter,rdma_vf_rail3,port_xmit_discards,0
2026-09-30T07:14:34.525Z,gpu-3uwoq-6g3ya-2,ib_counter,rdma_vf_rail3,link_downed,0
2026-09-30T07:14:34.525Z,gpu-3uwoq-6g3ya-2,ib_hw_counter,rdma_vf_rail3,out_of_sequence,8
2026-09-30T07:14:34.525Z,gpu-3uwoq-6g3ya-2,ib_hw_counter,rdma_vf_rail3,packet_seq_err,9
2026-09-30T07:14:34.525Z,gpu-3uwoq-6g3ya-2,ib_hw_counter,rdma_vf_rail3,local_ack_timeout_err,0
2026-09-30T07:14:34.525Z,gpu-3uwoq-6g3ya-2,ib_hw_counter,rdma_vf_rail3,rx_write_requests,7.11204e+08
2026-09-30T07:14:34.525Z,gpu-3uwoq-6g3ya-2,ib_hw_counter,rdma_vf_rail3,rx_read_requests,1.24112e+07
2026-09-30T07:14:34.525Z,gpu-3uwoq-6g3ya-2,ib_hw_counter,rdma_vf_rail3,req_cqe_error,0
2026-09-30T07:14:34.525Z,gpu-3uwoq-6g3ya-2,ib_hw_counter,rdma_vf_rail3,resp_cqe_error,0
2026-09-30T07:14:34.525Z,gpu-3uwoq-6g3ya-2,ib_hw_counter,rdma_vf_rail3,implied_nak_seq_err,0
2026-09-30T07:14:34.525Z,gpu-3uwoq-6g3ya-2,ib_hw_counter,rdma_vf_rail3,duplicate_request,0
2026-09-30T07:14:34.525Z,gpu-3uwoq-6g3ya-2,dcgm,gpu2,gpu_util,0
2026-09-30T07:14:34.525Z,gpu-3uwoq-6g3ya-2,dcgm,gpu3,gpu_util,0
2026-09-30T07:14:34.525Z,gpu-3uwoq-6g3ya-2,dcgm,gpu1,gpu_util,0
2026-09-30T07:14:34.525Z,gpu-3uwoq-6g3ya-2,dcgm,gpu0,gpu_util,0
2026-09-30T07:14:34.525Z,gpu-3uwoq-6g3ya-2,dcgm,gpu2,nvlink_bandwidth_total,11
2026-09-30T07:14:34.525Z,gpu-3uwoq-6g3ya-2,dcgm,gpu3,nvlink_bandwidth_total,14
2026-09-30T07:14:34.525Z,gpu-3uwoq-6g3ya-2,dcgm,gpu1,nvlink_bandwidth_total,5
2026-09-30T07:14:34.525Z,gpu-3uwoq-6g3ya-2,dcgm,gpu0,nvlink_bandwidth_total,0
2026-09-30T07:14:34.525Z,gpu-3uwoq-6g3ya-2,dcgm,gpu2,power_w,232.412
2026-09-30T07:14:34.525Z,gpu-3uwoq-6g3ya-2,dcgm,gpu3,power_w,233.992
2026-09-30T07:14:34.525Z,gpu-3uwoq-6g3ya-2,dcgm,gpu1,power_w,229.968
2026-09-30T07:14:34.525Z,gpu-3uwoq-6g3ya-2,dcgm,gpu0,power_w,226.588
2026-09-30T07:14:34.525Z,gpu-3uwoq-6g3ya-2,dcgm,gpu2,sm_clock_mhz,2070
2026-09-30T07:14:34.525Z,gpu-3uwoq-6g3ya-2,dcgm,gpu3,sm_clock_mhz,2070
2026-09-30T07:14:34.525Z,gpu-3uwoq-6g3ya-2,dcgm,gpu1,sm_clock_mhz,2070
2026-09-30T07:14:34.525Z,gpu-3uwoq-6g3ya-2,dcgm,gpu0,sm_clock_mhz,2070
2026-09-30T07:14:34.525Z,gpu-3uwoq-6g3ya-2,dcgm,gpu2,dram_active,5e-06
2026-09-30T07:14:34.525Z,gpu-3uwoq-6g3ya-2,dcgm,gpu3,dram_active,5e-06
2026-09-30T07:14:34.525Z,gpu-3uwoq-6g3ya-2,dcgm,gpu1,dram_active,5e-06
2026-09-30T07:14:34.525Z,gpu-3uwoq-6g3ya-2,dcgm,gpu0,dram_active,5e-06
2026-09-30T07:14:34.525Z,gpu-3uwoq-6g3ya-2,dcgm,gpu2,pcie_rx_bytes,353177
2026-09-30T07:14:34.525Z,gpu-3uwoq-6g3ya-2,dcgm,gpu3,pcie_rx_bytes,281346
2026-09-30T07:14:34.525Z,gpu-3uwoq-6g3ya-2,dcgm,gpu1,pcie_rx_bytes,388727
2026-09-30T07:14:34.525Z,gpu-3uwoq-6g3ya-2,dcgm,gpu0,pcie_rx_bytes,402180
2026-09-30T07:14:34.525Z,gpu-3uwoq-6g3ya-2,dcgm,gpu2,pcie_tx_bytes,301337
2026-09-30T07:14:34.525Z,gpu-3uwoq-6g3ya-2,dcgm,gpu3,pcie_tx_bytes,246732
2026-09-30T07:14:34.525Z,gpu-3uwoq-6g3ya-2,dcgm,gpu1,pcie_tx_bytes,337701
2026-09-30T07:14:34.525Z,gpu-3uwoq-6g3ya-2,dcgm,gpu0,pcie_tx_bytes,350057
2026-09-30T07:14:34.525Z,gpu-3uwoq-6g3ya-2,dcgm,gpu2,tensor_active,0
2026-09-30T07:14:34.525Z,gpu-3uwoq-6g3ya-2,dcgm,gpu3,tensor_active,0
2026-09-30T07:14:34.525Z,gpu-3uwoq-6g3ya-2,dcgm,gpu1,tensor_active,0
2026-09-30T07:14:34.525Z,gpu-3uwoq-6g3ya-2,dcgm,gpu0,tensor_active,0
2026-09-30T07:14:34.525Z,gpu-3uwoq-6g3ya-2,dcgm,gpu2,sm_active,0
2026-09-30T07:14:34.525Z,gpu-3uwoq-6g3ya-2,dcgm,gpu3,sm_active,0
2026-09-30T07:14:34.525Z,gpu-3uwoq-6g3ya-2,dcgm,gpu1,sm_active,0
2026-09-30T07:14:34.525Z,gpu-3uwoq-6g3ya-2,dcgm,gpu0,sm_active,0
2026-09-30T07:14:34.525Z,gpu-3uwoq-6g3ya-2,nvlink,gpu0,nvlink_rx_bytes,4.84459e+13
2026-09-30T07:14:34.525Z,gpu-3uwoq-6g3ya-2,nvlink,gpu0,nvlink_tx_bytes,4.84493e+13
2026-09-30T07:14:34.525Z,gpu-3uwoq-6g3ya-2,nvlink,gpu1,nvlink_rx_bytes,4.8648e+13
2026-09-30T07:14:34.525Z,gpu-3uwoq-6g3ya-2,nvlink,gpu1,nvlink_tx_bytes,4.86502e+13
2026-09-30T07:14:34.525Z,gpu-3uwoq-6g3ya-2,nvlink,gpu2,nvlink_rx_bytes,4.84828e+13
2026-09-30T07:14:34.525Z,gpu-3uwoq-6g3ya-2,nvlink,gpu2,nvlink_tx_bytes,4.84863e+13
2026-09-30T07:14:34.525Z,gpu-3uwoq-6g3ya-2,nvlink,gpu3,nvlink_rx_bytes,4.83797e+13
2026-09-30T07:14:34.525Z,gpu-3uwoq-6g3ya-2,nvlink,gpu3,nvlink_tx_bytes,4.83829e+13
2026-09-30T07:14:35.525Z,gpu-3uwoq-6g3ya-2,ib_counter,rdma_vf_rail0,port_xmit_data,3.16217e+12
2026-09-30T07:14:35.525Z,gpu-3uwoq-6g3ya-2,ib_counter,rdma_vf_rail0,port_rcv_data,6.12224e+12
2026-09-30T07:14:35.525Z,gpu-3uwoq-6g3ya-2,ib_counter,rdma_vf_rail0,port_xmit_packets,1.07073e+09
2026-09-30T07:14:35.525Z,gpu-3uwoq-6g3ya-2,ib_counter,rdma_vf_rail0,port_rcv_packets,1.7019e+09
2026-09-30T07:14:35.525Z,gpu-3uwoq-6g3ya-2,ib_counter,rdma_vf_rail0,port_xmit_wait,0
2026-09-30T07:14:35.525Z,gpu-3uwoq-6g3ya-2,ib_counter,rdma_vf_rail0,port_rcv_errors,0
2026-09-30T07:14:35.525Z,gpu-3uwoq-6g3ya-2,ib_counter,rdma_vf_rail0,port_xmit_discards,0
2026-09-30T07:14:35.525Z,gpu-3uwoq-6g3ya-2,ib_counter,rdma_vf_rail0,link_downed,0
2026-09-30T07:14:35.525Z,gpu-3uwoq-6g3ya-2,ib_hw_counter,rdma_vf_rail0,out_of_sequence,8
2026-09-30T07:14:35.525Z,gpu-3uwoq-6g3ya-2,ib_hw_counter,rdma_vf_rail0,packet_seq_err,8
2026-09-30T07:14:35.525Z,gpu-3uwoq-6g3ya-2,ib_hw_counter,rdma_vf_rail0,local_ack_timeout_err,0
2026-09-30T07:14:35.525Z,gpu-3uwoq-6g3ya-2,ib_hw_counter,rdma_vf_rail0,rx_write_requests,7.1323e+08
2026-09-30T07:14:35.525Z,gpu-3uwoq-6g3ya-2,ib_hw_counter,rdma_vf_rail0,rx_read_requests,1.34199e+07
2026-09-30T07:14:35.525Z,gpu-3uwoq-6g3ya-2,ib_hw_counter,rdma_vf_rail0,req_cqe_error,0
2026-09-30T07:14:35.525Z,gpu-3uwoq-6g3ya-2,ib_hw_counter,rdma_vf_rail0,resp_cqe_error,0
2026-09-30T07:14:35.525Z,gpu-3uwoq-6g3ya-2,ib_hw_counter,rdma_vf_rail0,implied_nak_seq_err,0
2026-09-30T07:14:35.525Z,gpu-3uwoq-6g3ya-2,ib_hw_counter,rdma_vf_rail0,duplicate_request,0
2026-09-30T07:14:35.525Z,gpu-3uwoq-6g3ya-2,ib_counter,rdma_vf_rail1,port_xmit_data,3.05398e+12
2026-09-30T07:14:35.525Z,gpu-3uwoq-6g3ya-2,ib_counter,rdma_vf_rail1,port_rcv_data,6.014e+12
2026-09-30T07:14:35.525Z,gpu-3uwoq-6g3ya-2,ib_counter,rdma_vf_rail1,port_xmit_packets,1.03802e+09
2026-09-30T07:14:35.525Z,gpu-3uwoq-6g3ya-2,ib_counter,rdma_vf_rail1,port_rcv_packets,1.66936e+09
2026-09-30T07:14:35.525Z,gpu-3uwoq-6g3ya-2,ib_counter,rdma_vf_rail1,port_xmit_wait,0
2026-09-30T07:14:35.525Z,gpu-3uwoq-6g3ya-2,ib_counter,rdma_vf_rail1,port_rcv_errors,0
2026-09-30T07:14:35.525Z,gpu-3uwoq-6g3ya-2,ib_counter,rdma_vf_rail1,port_xmit_discards,0
2026-09-30T07:14:35.525Z,gpu-3uwoq-6g3ya-2,ib_counter,rdma_vf_rail1,link_downed,0
2026-09-30T07:14:35.525Z,gpu-3uwoq-6g3ya-2,ib_hw_counter,rdma_vf_rail1,out_of_sequence,8
2026-09-30T07:14:35.525Z,gpu-3uwoq-6g3ya-2,ib_hw_counter,rdma_vf_rail1,packet_seq_err,7
2026-09-30T07:14:35.525Z,gpu-3uwoq-6g3ya-2,ib_hw_counter,rdma_vf_rail1,local_ack_timeout_err,0
2026-09-30T07:14:35.525Z,gpu-3uwoq-6g3ya-2,ib_hw_counter,rdma_vf_rail1,rx_write_requests,7.11637e+08
2026-09-30T07:14:35.525Z,gpu-3uwoq-6g3ya-2,ib_hw_counter,rdma_vf_rail1,rx_read_requests,1.26189e+07
2026-09-30T07:14:35.525Z,gpu-3uwoq-6g3ya-2,ib_hw_counter,rdma_vf_rail1,req_cqe_error,0
2026-09-30T07:14:35.525Z,gpu-3uwoq-6g3ya-2,ib_hw_counter,rdma_vf_rail1,resp_cqe_error,0
2026-09-30T07:14:35.525Z,gpu-3uwoq-6g3ya-2,ib_hw_counter,rdma_vf_rail1,implied_nak_seq_err,0
2026-09-30T07:14:35.525Z,gpu-3uwoq-6g3ya-2,ib_hw_counter,rdma_vf_rail1,duplicate_request,0
2026-09-30T07:14:35.525Z,gpu-3uwoq-6g3ya-2,ib_counter,rdma_vf_rail2,port_xmit_data,3.0264e+12
2026-09-30T07:14:35.525Z,gpu-3uwoq-6g3ya-2,ib_counter,rdma_vf_rail2,port_rcv_data,5.98587e+12
2026-09-30T07:14:35.525Z,gpu-3uwoq-6g3ya-2,ib_counter,rdma_vf_rail2,port_xmit_packets,1.02034e+09
2026-09-30T07:14:35.525Z,gpu-3uwoq-6g3ya-2,ib_counter,rdma_vf_rail2,port_rcv_packets,1.64546e+09
2026-09-30T07:14:35.525Z,gpu-3uwoq-6g3ya-2,ib_counter,rdma_vf_rail2,port_xmit_wait,0
2026-09-30T07:14:35.525Z,gpu-3uwoq-6g3ya-2,ib_counter,rdma_vf_rail2,port_rcv_errors,0
2026-09-30T07:14:35.525Z,gpu-3uwoq-6g3ya-2,ib_counter,rdma_vf_rail2,port_xmit_discards,0
2026-09-30T07:14:35.525Z,gpu-3uwoq-6g3ya-2,ib_counter,rdma_vf_rail2,link_downed,0
2026-09-30T07:14:35.525Z,gpu-3uwoq-6g3ya-2,ib_hw_counter,rdma_vf_rail2,out_of_sequence,8
2026-09-30T07:14:35.525Z,gpu-3uwoq-6g3ya-2,ib_hw_counter,rdma_vf_rail2,packet_seq_err,8
2026-09-30T07:14:35.525Z,gpu-3uwoq-6g3ya-2,ib_hw_counter,rdma_vf_rail2,local_ack_timeout_err,0
2026-09-30T07:14:35.525Z,gpu-3uwoq-6g3ya-2,ib_hw_counter,rdma_vf_rail2,rx_write_requests,7.11204e+08
2026-09-30T07:14:35.525Z,gpu-3uwoq-6g3ya-2,ib_hw_counter,rdma_vf_rail2,rx_read_requests,1.24112e+07
2026-09-30T07:14:35.525Z,gpu-3uwoq-6g3ya-2,ib_hw_counter,rdma_vf_rail2,req_cqe_error,0
2026-09-30T07:14:35.525Z,gpu-3uwoq-6g3ya-2,ib_hw_counter,rdma_vf_rail2,resp_cqe_error,0
2026-09-30T07:14:35.525Z,gpu-3uwoq-6g3ya-2,ib_hw_counter,rdma_vf_rail2,implied_nak_seq_err,0
2026-09-30T07:14:35.525Z,gpu-3uwoq-6g3ya-2,ib_hw_counter,rdma_vf_rail2,duplicate_request,0
2026-09-30T07:14:35.525Z,gpu-3uwoq-6g3ya-2,ib_counter,rdma_vf_rail3,port_xmit_data,3.02626e+12
2026-09-30T07:14:35.525Z,gpu-3uwoq-6g3ya-2,ib_counter,rdma_vf_rail3,port_rcv_data,5.98647e+12
2026-09-30T07:14:35.525Z,gpu-3uwoq-6g3ya-2,ib_counter,rdma_vf_rail3,port_xmit_packets,1.01868e+09
2026-09-30T07:14:35.525Z,gpu-3uwoq-6g3ya-2,ib_counter,rdma_vf_rail3,port_rcv_packets,1.65285e+09
2026-09-30T07:14:35.525Z,gpu-3uwoq-6g3ya-2,ib_counter,rdma_vf_rail3,port_xmit_wait,0
2026-09-30T07:14:35.525Z,gpu-3uwoq-6g3ya-2,ib_counter,rdma_vf_rail3,port_rcv_errors,0
2026-09-30T07:14:35.525Z,gpu-3uwoq-6g3ya-2,ib_counter,rdma_vf_rail3,port_xmit_discards,0
2026-09-30T07:14:35.525Z,gpu-3uwoq-6g3ya-2,ib_counter,rdma_vf_rail3,link_downed,0
2026-09-30T07:14:35.525Z,gpu-3uwoq-6g3ya-2,ib_hw_counter,rdma_vf_rail3,out_of_sequence,8
2026-09-30T07:14:35.525Z,gpu-3uwoq-6g3ya-2,ib_hw_counter,rdma_vf_rail3,packet_seq_err,9
2026-09-30T07:14:35.525Z,gpu-3uwoq-6g3ya-2,ib_hw_counter,rdma_vf_rail3,local_ack_timeout_err,0
2026-09-30T07:14:35.525Z,gpu-3uwoq-6g3ya-2,ib_hw_counter,rdma_vf_rail3,rx_write_requests,7.11204e+08
2026-09-30T07:14:35.525Z,gpu-3uwoq-6g3ya-2,ib_hw_counter,rdma_vf_rail3,rx_read_requests,1.24112e+07
2026-09-30T07:14:35.525Z,gpu-3uwoq-6g3ya-2,ib_hw_counter,rdma_vf_rail3,req_cqe_error,0
2026-09-30T07:14:35.525Z,gpu-3uwoq-6g3ya-2,ib_hw_counter,rdma_vf_rail3,resp_cqe_error,0
2026-09-30T07:14:35.525Z,gpu-3uwoq-6g3ya-2,ib_hw_counter,rdma_vf_rail3,implied_nak_seq_err,0
2026-09-30T07:14:35.525Z,gpu-3uwoq-6g3ya-2,ib_hw_counter,rdma_vf_rail3,duplicate_request,0
2026-09-30T07:14:35.525Z,gpu-3uwoq-6g3ya-2,dcgm,gpu2,gpu_util,0
2026-09-30T07:14:35.525Z,gpu-3uwoq-6g3ya-2,dcgm,gpu3,gpu_util,0
2026-09-30T07:14:35.525Z,gpu-3uwoq-6g3ya-2,dcgm,gpu1,gpu_util,0
2026-09-30T07:14:35.525Z,gpu-3uwoq-6g3ya-2,dcgm,gpu0,gpu_util,0
2026-09-30T07:14:35.525Z,gpu-3uwoq-6g3ya-2,dcgm,gpu2,nvlink_bandwidth_total,11
2026-09-30T07:14:35.525Z,gpu-3uwoq-6g3ya-2,dcgm,gpu3,nvlink_bandwidth_total,14
2026-09-30T07:14:35.525Z,gpu-3uwoq-6g3ya-2,dcgm,gpu1,nvlink_bandwidth_total,5
2026-09-30T07:14:35.525Z,gpu-3uwoq-6g3ya-2,dcgm,gpu0,nvlink_bandwidth_total,0
2026-09-30T07:14:35.525Z,gpu-3uwoq-6g3ya-2,dcgm,gpu2,power_w,232.412
2026-09-30T07:14:35.525Z,gpu-3uwoq-6g3ya-2,dcgm,gpu3,power_w,233.992
2026-09-30T07:14:35.525Z,gpu-3uwoq-6g3ya-2,dcgm,gpu1,power_w,229.968
2026-09-30T07:14:35.525Z,gpu-3uwoq-6g3ya-2,dcgm,gpu0,power_w,226.588
2026-09-30T07:14:35.525Z,gpu-3uwoq-6g3ya-2,dcgm,gpu2,sm_clock_mhz,2070
2026-09-30T07:14:35.525Z,gpu-3uwoq-6g3ya-2,dcgm,gpu3,sm_clock_mhz,2070
2026-09-30T07:14:35.525Z,gpu-3uwoq-6g3ya-2,dcgm,gpu1,sm_clock_mhz,2070
2026-09-30T07:14:35.525Z,gpu-3uwoq-6g3ya-2,dcgm,gpu0,sm_clock_mhz,2070
2026-09-30T07:14:35.525Z,gpu-3uwoq-6g3ya-2,dcgm,gpu2,dram_active,5e-06
2026-09-30T07:14:35.525Z,gpu-3uwoq-6g3ya-2,dcgm,gpu3,dram_active,5e-06
2026-09-30T07:14:35.525Z,gpu-3uwoq-6g3ya-2,dcgm,gpu1,dram_active,5e-06
2026-09-30T07:14:35.525Z,gpu-3uwoq-6g3ya-2,dcgm,gpu0,dram_active,5e-06
2026-09-30T07:14:35.525Z,gpu-3uwoq-6g3ya-2,dcgm,gpu2,pcie_rx_bytes,353177
2026-09-30T07:14:35.525Z,gpu-3uwoq-6g3ya-2,dcgm,gpu3,pcie_rx_bytes,281346
2026-09-30T07:14:35.525Z,gpu-3uwoq-6g3ya-2,dcgm,gpu1,pcie_rx_bytes,388727
2026-09-30T07:14:35.525Z,gpu-3uwoq-6g3ya-2,dcgm,gpu0,pcie_rx_bytes,402180
2026-09-30T07:14:35.525Z,gpu-3uwoq-6g3ya-2,dcgm,gpu2,pcie_tx_bytes,301337
2026-09-30T07:14:35.525Z,gpu-3uwoq-6g3ya-2,dcgm,gpu3,pcie_tx_bytes,246732
2026-09-30T07:14:35.525Z,gpu-3uwoq-6g3ya-2,dcgm,gpu1,pcie_tx_bytes,337701
2026-09-30T07:14:35.525Z,gpu-3uwoq-6g3ya-2,dcgm,gpu0,pcie_tx_bytes,350057
2026-09-30T07:14:35.525Z,gpu-3uwoq-6g3ya-2,dcgm,gpu2,tensor_active,0
2026-09-30T07:14:35.525Z,gpu-3uwoq-6g3ya-2,dcgm,gpu3,tensor_active,0
2026-09-30T07:14:35.525Z,gpu-3uwoq-6g3ya-2,dcgm,gpu1,tensor_active,0
2026-09-30T07:14:35.525Z,gpu-3uwoq-6g3ya-2,dcgm,gpu0,tensor_active,0
2026-09-30T07:14:35.525Z,gpu-3uwoq-6g3ya-2,dcgm,gpu2,sm_active,0
2026-09-30T07:14:35.525Z,gpu-3uwoq-6g3ya-2,dcgm,gpu3,sm_active,0
2026-09-30T07:14:35.525Z,gpu-3uwoq-6g3ya-2,dcgm,gpu1,sm_active,0
2026-09-30T07:14:35.525Z,gpu-3uwoq-6g3ya-2,dcgm,gpu0,sm_active,0
2026-09-30T07:14:35.525Z,gpu-3uwoq-6g3ya-2,nvlink,gpu0,nvlink_rx_bytes,4.84459e+13
2026-09-30T07:14:35.525Z,gpu-3uwoq-6g3ya-2,nvlink,gpu0,nvlink_tx_bytes,4.84493e+13
2026-09-30T07:14:35.525Z,gpu-3uwoq-6g3ya-2,nvlink,gpu1,nvlink_rx_bytes,4.8648e+13
2026-09-30T07:14:35.525Z,gpu-3uwoq-6g3ya-2,nvlink,gpu1,nvlink_tx_bytes,4.86502e+13
2026-09-30T07:14:35.525Z,gpu-3uwoq-6g3ya-2,nvlink,gpu2,nvlink_rx_bytes,4.84828e+13
2026-09-30T07:14:35.525Z,gpu-3uwoq-6g3ya-2,nvlink,gpu2,nvlink_tx_bytes,4.84863e+13
2026-09-30T07:14:35.525Z,gpu-3uwoq-6g3ya-2,nvlink,gpu3,nvlink_rx_bytes,4.83797e+13
2026-09-30T07:14:35.525Z,gpu-3uwoq-6g3ya-2,nvlink,gpu3,nvlink_tx_bytes,4.83829e+13
2026-09-30T07:14:36.525Z,gpu-3uwoq-6g3ya-2,ib_counter,rdma_vf_rail0,port_xmit_data,3.16217e+12
2026-09-30T07:14:36.525Z,gpu-3uwoq-6g3ya-2,ib_counter,rdma_vf_rail0,port_rcv_data,6.12224e+12
2026-09-30T07:14:36.525Z,gpu-3uwoq-6g3ya-2,ib_counter,rdma_vf_rail0,port_xmit_packets,1.07073e+09
2026-09-30T07:14:36.525Z,gpu-3uwoq-6g3ya-2,ib_counter,rdma_vf_rail0,port_rcv_packets,1.7019e+09
2026-09-30T07:14:36.525Z,gpu-3uwoq-6g3ya-2,ib_counter,rdma_vf_rail0,port_xmit_wait,0
2026-09-30T07:14:36.525Z,gpu-3uwoq-6g3ya-2,ib_counter,rdma_vf_rail0,port_rcv_errors,0
2026-09-30T07:14:36.525Z,gpu-3uwoq-6g3ya-2,ib_counter,rdma_vf_rail0,port_xmit_discards,0
2026-09-30T07:14:36.525Z,gpu-3uwoq-6g3ya-2,ib_counter,rdma_vf_rail0,link_downed,0
2026-09-30T07:14:36.525Z,gpu-3uwoq-6g3ya-2,ib_hw_counter,rdma_vf_rail0,out_of_sequence,8
2026-09-30T07:14:36.525Z,gpu-3uwoq-6g3ya-2,ib_hw_counter,rdma_vf_rail0,packet_seq_err,8
2026-09-30T07:14:36.525Z,gpu-3uwoq-6g3ya-2,ib_hw_counter,rdma_vf_rail0,local_ack_timeout_err,0
2026-09-30T07:14:36.525Z,gpu-3uwoq-6g3ya-2,ib_hw_counter,rdma_vf_rail0,rx_write_requests,7.1323e+08
2026-09-30T07:14:36.525Z,gpu-3uwoq-6g3ya-2,ib_hw_counter,rdma_vf_rail0,rx_read_requests,1.34199e+07
2026-09-30T07:14:36.525Z,gpu-3uwoq-6g3ya-2,ib_hw_counter,rdma_vf_rail0,req_cqe_error,0
2026-09-30T07:14:36.525Z,gpu-3uwoq-6g3ya-2,ib_hw_counter,rdma_vf_rail0,resp_cqe_error,0
2026-09-30T07:14:36.525Z,gpu-3uwoq-6g3ya-2,ib_hw_counter,rdma_vf_rail0,implied_nak_seq_err,0
2026-09-30T07:14:36.525Z,gpu-3uwoq-6g3ya-2,ib_hw_counter,rdma_vf_rail0,duplicate_request,0
2026-09-30T07:14:36.525Z,gpu-3uwoq-6g3ya-2,ib_counter,rdma_vf_rail1,port_xmit_data,3.05398e+12
2026-09-30T07:14:36.525Z,gpu-3uwoq-6g3ya-2,ib_counter,rdma_vf_rail1,port_rcv_data,6.014e+12
2026-09-30T07:14:36.525Z,gpu-3uwoq-6g3ya-2,ib_counter,rdma_vf_rail1,port_xmit_packets,1.03802e+09
2026-09-30T07:14:36.525Z,gpu-3uwoq-6g3ya-2,ib_counter,rdma_vf_rail1,port_rcv_packets,1.66936e+09
2026-09-30T07:14:36.525Z,gpu-3uwoq-6g3ya-2,ib_counter,rdma_vf_rail1,port_xmit_wait,0
2026-09-30T07:14:36.525Z,gpu-3uwoq-6g3ya-2,ib_counter,rdma_vf_rail1,port_rcv_errors,0
2026-09-30T07:14:36.525Z,gpu-3uwoq-6g3ya-2,ib_counter,rdma_vf_rail1,port_xmit_discards,0
2026-09-30T07:14:36.525Z,gpu-3uwoq-6g3ya-2,ib_counter,rdma_vf_rail1,link_downed,0
2026-09-30T07:14:36.525Z,gpu-3uwoq-6g3ya-2,ib_hw_counter,rdma_vf_rail1,out_of_sequence,8
2026-09-30T07:14:36.525Z,gpu-3uwoq-6g3ya-2,ib_hw_counter,rdma_vf_rail1,packet_seq_err,7
2026-09-30T07:14:36.525Z,gpu-3uwoq-6g3ya-2,ib_hw_counter,rdma_vf_rail1,local_ack_timeout_err,0
2026-09-30T07:14:36.525Z,gpu-3uwoq-6g3ya-2,ib_hw_counter,rdma_vf_rail1,rx_write_requests,7.11637e+08
2026-09-30T07:14:36.525Z,gpu-3uwoq-6g3ya-2,ib_hw_counter,rdma_vf_rail1,rx_read_requests,1.26189e+07
2026-09-30T07:14:36.525Z,gpu-3uwoq-6g3ya-2,ib_hw_counter,rdma_vf_rail1,req_cqe_error,0
2026-09-30T07:14:36.525Z,gpu-3uwoq-6g3ya-2,ib_hw_counter,rdma_vf_rail1,resp_cqe_error,0
2026-09-30T07:14:36.525Z,gpu-3uwoq-6g3ya-2,ib_hw_counter,rdma_vf_rail1,implied_nak_seq_err,0
2026-09-30T07:14:36.525Z,gpu-3uwoq-6g3ya-2,ib_hw_counter,rdma_vf_rail1,duplicate_request,0
2026-09-30T07:14:36.525Z,gpu-3uwoq-6g3ya-2,ib_counter,rdma_vf_rail2,port_xmit_data,3.0264e+12
2026-09-30T07:14:36.525Z,gpu-3uwoq-6g3ya-2,ib_counter,rdma_vf_rail2,port_rcv_data,5.98587e+12
2026-09-30T07:14:36.525Z,gpu-3uwoq-6g3ya-2,ib_counter,rdma_vf_rail2,port_xmit_packets,1.02034e+09
2026-09-30T07:14:36.525Z,gpu-3uwoq-6g3ya-2,ib_counter,rdma_vf_rail2,port_rcv_packets,1.64546e+09
2026-09-30T07:14:36.525Z,gpu-3uwoq-6g3ya-2,ib_counter,rdma_vf_rail2,port_xmit_wait,0
2026-09-30T07:14:36.525Z,gpu-3uwoq-6g3ya-2,ib_counter,rdma_vf_rail2,port_rcv_errors,0
2026-09-30T07:14:36.525Z,gpu-3uwoq-6g3ya-2,ib_counter,rdma_vf_rail2,port_xmit_discards,0
2026-09-30T07:14:36.525Z,gpu-3uwoq-6g3ya-2,ib_counter,rdma_vf_rail2,link_downed,0
2026-09-30T07:14:36.525Z,gpu-3uwoq-6g3ya-2,ib_hw_counter,rdma_vf_rail2,out_of_sequence,8
2026-09-30T07:14:36.525Z,gpu-3uwoq-6g3ya-2,ib_hw_counter,rdma_vf_rail2,packet_seq_err,8
2026-09-30T07:14:36.525Z,gpu-3uwoq-6g3ya-2,ib_hw_counter,rdma_vf_rail2,local_ack_timeout_err,0
2026-09-30T07:14:36.525Z,gpu-3uwoq-6g3ya-2,ib_hw_counter,rdma_vf_rail2,rx_write_requests,7.11204e+08
2026-09-30T07:14:36.525Z,gpu-3uwoq-6g3ya-2,ib_hw_counter,rdma_vf_rail2,rx_read_requests,1.24112e+07
2026-09-30T07:14:36.525Z,gpu-3uwoq-6g3ya-2,ib_hw_counter,rdma_vf_rail2,req_cqe_error,0
2026-09-30T07:14:36.525Z,gpu-3uwoq-6g3ya-2,ib_hw_counter,rdma_vf_rail2,resp_cqe_error,0
2026-09-30T07:14:36.525Z,gpu-3uwoq-6g3ya-2,ib_hw_counter,rdma_vf_rail2,implied_nak_seq_err,0
2026-09-30T07:14:36.525Z,gpu-3uwoq-6g3ya-2,ib_hw_counter,rdma_vf_rail2,duplicate_request,0
2026-09-30T07:14:36.525Z,gpu-3uwoq-6g3ya-2,ib_counter,rdma_vf_rail3,port_xmit_data,3.02626e+12
2026-09-30T07:14:36.525Z,gpu-3uwoq-6g3ya-2,ib_counter,rdma_vf_rail3,port_rcv_data,5.98647e+12
2026-09-30T07:14:36.525Z,gpu-3uwoq-6g3ya-2,ib_counter,rdma_vf_rail3,port_xmit_packets,1.01868e+09
2026-09-30T07:14:36.525Z,gpu-3uwoq-6g3ya-2,ib_counter,rdma_vf_rail3,port_rcv_packets,1.65285e+09
2026-09-30T07:14:36.525Z,gpu-3uwoq-6g3ya-2,ib_counter,rdma_vf_rail3,port_xmit_wait,0
2026-09-30T07:14:36.525Z,gpu-3uwoq-6g3ya-2,ib_counter,rdma_vf_rail3,port_rcv_errors,0
2026-09-30T07:14:36.525Z,gpu-3uwoq-6g3ya-2,ib_counter,rdma_vf_rail3,port_xmit_discards,0
2026-09-30T07:14:36.525Z,gpu-3uwoq-6g3ya-2,ib_counter,rdma_vf_rail3,link_downed,0
2026-09-30T07:14:36.525Z,gpu-3uwoq-6g3ya-2,ib_hw_counter,rdma_vf_rail3,out_of_sequence,8
2026-09-30T07:14:36.525Z,gpu-3uwoq-6g3ya-2,ib_hw_counter,rdma_vf_rail3,packet_seq_err,9
2026-09-30T07:14:36.525Z,gpu-3uwoq-6g3ya-2,ib_hw_counter,rdma_vf_rail3,local_ack_timeout_err,0
2026-09-30T07:14:36.525Z,gpu-3uwoq-6g3ya-2,ib_hw_counter,rdma_vf_rail3,rx_write_requests,7.11204e+08
2026-09-30T07:14:36.525Z,gpu-3uwoq-6g3ya-2,ib_hw_counter,rdma_vf_rail3,rx_read_requests,1.24112e+07
2026-09-30T07:14:36.525Z,gpu-3uwoq-6g3ya-2,ib_hw_counter,rdma_vf_rail3,req_cqe_error,0
2026-09-30T07:14:36.525Z,gpu-3uwoq-6g3ya-2,ib_hw_counter,rdma_vf_rail3,resp_cqe_error,0
2026-09-30T07:14:36.525Z,gpu-3uwoq-6g3ya-2,ib_hw_counter,rdma_vf_rail3,implied_nak_seq_err,0
2026-09-30T07:14:36.525Z,gpu-3uwoq-6g3ya-2,ib_hw_counter,rdma_vf_rail3,duplicate_request,0
2026-09-30T07:14:36.525Z,gpu-3uwoq-6g3ya-2,dcgm,gpu2,gpu_util,0
2026-09-30T07:14:36.525Z,gpu-3uwoq-6g3ya-2,dcgm,gpu3,gpu_util,0
2026-09-30T07:14:36.525Z,gpu-3uwoq-6g3ya-2,dcgm,gpu1,gpu_util,0
2026-09-30T07:14:36.525Z,gpu-3uwoq-6g3ya-2,dcgm,gpu0,gpu_util,0
2026-09-30T07:14:36.525Z,gpu-3uwoq-6g3ya-2,dcgm,gpu2,nvlink_bandwidth_total,11
2026-09-30T07:14:36.525Z,gpu-3uwoq-6g3ya-2,dcgm,gpu3,nvlink_bandwidth_total,14
2026-09-30T07:14:36.525Z,gpu-3uwoq-6g3ya-2,dcgm,gpu1,nvlink_bandwidth_total,5
2026-09-30T07:14:36.525Z,gpu-3uwoq-6g3ya-2,dcgm,gpu0,nvlink_bandwidth_total,0
2026-09-30T07:14:36.525Z,gpu-3uwoq-6g3ya-2,dcgm,gpu2,power_w,232.412
2026-09-30T07:14:36.525Z,gpu-3uwoq-6g3ya-2,dcgm,gpu3,power_w,233.992
2026-09-30T07:14:36.525Z,gpu-3uwoq-6g3ya-2,dcgm,gpu1,power_w,229.968
2026-09-30T07:14:36.525Z,gpu-3uwoq-6g3ya-2,dcgm,gpu0,power_w,226.588
2026-09-30T07:14:36.525Z,gpu-3uwoq-6g3ya-2,dcgm,gpu2,sm_clock_mhz,2070
2026-09-30T07:14:36.525Z,gpu-3uwoq-6g3ya-2,dcgm,gpu3,sm_clock_mhz,2070
2026-09-30T07:14:36.525Z,gpu-3uwoq-6g3ya-2,dcgm,gpu1,sm_clock_mhz,2070
2026-09-30T07:14:36.525Z,gpu-3uwoq-6g3ya-2,dcgm,gpu0,sm_clock_mhz,2070
2026-09-30T07:14:36.525Z,gpu-3uwoq-6g3ya-2,dcgm,gpu2,dram_active,5e-06
2026-09-30T07:14:36.525Z,gpu-3uwoq-6g3ya-2,dcgm,gpu3,dram_active,5e-06
2026-09-30T07:14:36.525Z,gpu-3uwoq-6g3ya-2,dcgm,gpu1,dram_active,5e-06
2026-09-30T07:14:36.525Z,gpu-3uwoq-6g3ya-2,dcgm,gpu0,dram_active,5e-06
2026-09-30T07:14:36.525Z,gpu-3uwoq-6g3ya-2,dcgm,gpu2,pcie_rx_bytes,353177
2026-09-30T07:14:36.525Z,gpu-3uwoq-6g3ya-2,dcgm,gpu3,pcie_rx_bytes,281346
2026-09-30T07:14:36.525Z,gpu-3uwoq-6g3ya-2,dcgm,gpu1,pcie_rx_bytes,388727
2026-09-30T07:14:36.525Z,gpu-3uwoq-6g3ya-2,dcgm,gpu0,pcie_rx_bytes,402180
2026-09-30T07:14:36.525Z,gpu-3uwoq-6g3ya-2,dcgm,gpu2,pcie_tx_bytes,301337
2026-09-30T07:14:36.525Z,gpu-3uwoq-6g3ya-2,dcgm,gpu3,pcie_tx_bytes,246732
2026-09-30T07:14:36.525Z,gpu-3uwoq-6g3ya-2,dcgm,gpu1,pcie_tx_bytes,337701
2026-09-30T07:14:36.525Z,gpu-3uwoq-6g3ya-2,dcgm,gpu0,pcie_tx_bytes,350057
2026-09-30T07:14:36.525Z,gpu-3uwoq-6g3ya-2,dcgm,gpu2,tensor_active,0
2026-09-30T07:14:36.525Z,gpu-3uwoq-6g3ya-2,dcgm,gpu3,tensor_active,0
2026-09-30T07:14:36.525Z,gpu-3uwoq-6g3ya-2,dcgm,gpu1,tensor_active,0
2026-09-30T07:14:36.525Z,gpu-3uwoq-6g3ya-2,dcgm,gpu0,tensor_active,0
2026-09-30T07:14:36.525Z,gpu-3uwoq-6g3ya-2,dcgm,gpu2,sm_active,0
2026-09-30T07:14:36.525Z,gpu-3uwoq-6g3ya-2,dcgm,gpu3,sm_active,0
2026-09-30T07:14:36.525Z,gpu-3uwoq-6g3ya-2,dcgm,gpu1,sm_active,0
2026-09-30T07:14:36.525Z,gpu-3uwoq-6g3ya-2,dcgm,gpu0,sm_active,0
2026-09-30T07:14:36.525Z,gpu-3uwoq-6g3ya-2,nvlink,gpu0,nvlink_rx_bytes,4.84459e+13
2026-09-30T07:14:36.525Z,gpu-3uwoq-6g3ya-2,nvlink,gpu0,nvlink_tx_bytes,4.84493e+13
2026-09-30T07:14:36.525Z,gpu-3uwoq-6g3ya-2,nvlink,gpu1,nvlink_rx_bytes,4.8648e+13
2026-09-30T07:14:36.525Z,gpu-3uwoq-6g3ya-2,nvlink,gpu1,nvlink_tx_bytes,4.86502e+13
2026-09-30T07:14:36.525Z,gpu-3uwoq-6g3ya-2,nvlink,gpu2,nvlink_rx_bytes,4.84828e+13
2026-09-30T07:14:36.525Z,gpu-3uwoq-6g3ya-2,nvlink,gpu2,nvlink_tx_bytes,4.84863e+13
2026-09-30T07:14:36.525Z,gpu-3uwoq-6g3ya-2,nvlink,gpu3,nvlink_rx_bytes,4.83797e+13
2026-09-30T07:14:36.525Z,gpu-3uwoq-6g3ya-2,nvlink,gpu3,nvlink_tx_bytes,4.83829e+13
2026-09-30T07:14:37.525Z,gpu-3uwoq-6g3ya-2,ib_counter,rdma_vf_rail0,port_xmit_data,3.16217e+12
2026-09-30T07:14:37.525Z,gpu-3uwoq-6g3ya-2,ib_counter,rdma_vf_rail0,port_rcv_data,6.12224e+12
2026-09-30T07:14:37.525Z,gpu-3uwoq-6g3ya-2,ib_counter,rdma_vf_rail0,port_xmit_packets,1.07073e+09
2026-09-30T07:14:37.525Z,gpu-3uwoq-6g3ya-2,ib_counter,rdma_vf_rail0,port_rcv_packets,1.7019e+09
2026-09-30T07:14:37.525Z,gpu-3uwoq-6g3ya-2,ib_counter,rdma_vf_rail0,port_xmit_wait,0
2026-09-30T07:14:37.525Z,gpu-3uwoq-6g3ya-2,ib_counter,rdma_vf_rail0,port_rcv_errors,0
2026-09-30T07:14:37.525Z,gpu-3uwoq-6g3ya-2,ib_counter,rdma_vf_rail0,port_xmit_discards,0
2026-09-30T07:14:37.525Z,gpu-3uwoq-6g3ya-2,ib_counter,rdma_vf_rail0,link_downed,0
2026-09-30T07:14:37.525Z,gpu-3uwoq-6g3ya-2,ib_hw_counter,rdma_vf_rail0,out_of_sequence,8
2026-09-30T07:14:37.525Z,gpu-3uwoq-6g3ya-2,ib_hw_counter,rdma_vf_rail0,packet_seq_err,8
2026-09-30T07:14:37.525Z,gpu-3uwoq-6g3ya-2,ib_hw_counter,rdma_vf_rail0,local_ack_timeout_err,0
2026-09-30T07:14:37.525Z,gpu-3uwoq-6g3ya-2,ib_hw_counter,rdma_vf_rail0,rx_write_requests,7.1323e+08
2026-09-30T07:14:37.525Z,gpu-3uwoq-6g3ya-2,ib_hw_counter,rdma_vf_rail0,rx_read_requests,1.34199e+07
2026-09-30T07:14:37.525Z,gpu-3uwoq-6g3ya-2,ib_hw_counter,rdma_vf_rail0,req_cqe_error,0
2026-09-30T07:14:37.525Z,gpu-3uwoq-6g3ya-2,ib_hw_counter,rdma_vf_rail0,resp_cqe_error,0
2026-09-30T07:14:37.525Z,gpu-3uwoq-6g3ya-2,ib_hw_counter,rdma_vf_rail0,implied_nak_seq_err,0
2026-09-30T07:14:37.525Z,gpu-3uwoq-6g3ya-2,ib_hw_counter,rdma_vf_rail0,duplicate_request,0
2026-09-30T07:14:37.525Z,gpu-3uwoq-6g3ya-2,ib_counter,rdma_vf_rail1,port_xmit_data,3.05398e+12
2026-09-30T07:14:37.525Z,gpu-3uwoq-6g3ya-2,ib_counter,rdma_vf_rail1,port_rcv_data,6.014e+12
2026-09-30T07:14:37.525Z,gpu-3uwoq-6g3ya-2,ib_counter,rdma_vf_rail1,port_xmit_packets,1.03802e+09
2026-09-30T07:14:37.525Z,gpu-3uwoq-6g3ya-2,ib_counter,rdma_vf_rail1,port_rcv_packets,1.66936e+09
2026-09-30T07:14:37.525Z,gpu-3uwoq-6g3ya-2,ib_counter,rdma_vf_rail1,port_xmit_wait,0
2026-09-30T07:14:37.525Z,gpu-3uwoq-6g3ya-2,ib_counter,rdma_vf_rail1,port_rcv_errors,0
2026-09-30T07:14:37.525Z,gpu-3uwoq-6g3ya-2,ib_counter,rdma_vf_rail1,port_xmit_discards,0
2026-09-30T07:14:37.525Z,gpu-3uwoq-6g3ya-2,ib_counter,rdma_vf_rail1,link_downed,0
2026-09-30T07:14:37.525Z,gpu-3uwoq-6g3ya-2,ib_hw_counter,rdma_vf_rail1,out_of_sequence,8
2026-09-30T07:14:37.525Z,gpu-3uwoq-6g3ya-2,ib_hw_counter,rdma_vf_rail1,packet_seq_err,7
2026-09-30T07:14:37.525Z,gpu-3uwoq-6g3ya-2,ib_hw_counter,rdma_vf_rail1,local_ack_timeout_err,0
2026-09-30T07:14:37.525Z,gpu-3uwoq-6g3ya-2,ib_hw_counter,rdma_vf_rail1,rx_write_requests,7.11637e+08
2026-09-30T07:14:37.525Z,gpu-3uwoq-6g3ya-2,ib_hw_counter,rdma_vf_rail1,rx_read_requests,1.26189e+07
2026-09-30T07:14:37.525Z,gpu-3uwoq-6g3ya-2,ib_hw_counter,rdma_vf_rail1,req_cqe_error,0
2026-09-30T07:14:37.525Z,gpu-3uwoq-6g3ya-2,ib_hw_counter,rdma_vf_rail1,resp_cqe_error,0
2026-09-30T07:14:37.525Z,gpu-3uwoq-6g3ya-2,ib_hw_counter,rdma_vf_rail1,implied_nak_seq_err,0
2026-09-30T07:14:37.525Z,gpu-3uwoq-6g3ya-2,ib_hw_counter,rdma_vf_rail1,duplicate_request,0
2026-09-30T07:14:37.525Z,gpu-3uwoq-6g3ya-2,ib_counter,rdma_vf_rail2,port_xmit_data,3.0264e+12
2026-09-30T07:14:37.525Z,gpu-3uwoq-6g3ya-2,ib_counter,rdma_vf_rail2,port_rcv_data,5.98587e+12
2026-09-30T07:14:37.525Z,gpu-3uwoq-6g3ya-2,ib_counter,rdma_vf_rail2,port_xmit_packets,1.02034e+09
2026-09-30T07:14:37.525Z,gpu-3uwoq-6g3ya-2,ib_counter,rdma_vf_rail2,port_rcv_packets,1.64546e+09
2026-09-30T07:14:37.525Z,gpu-3uwoq-6g3ya-2,ib_counter,rdma_vf_rail2,port_xmit_wait,0
2026-09-30T07:14:37.525Z,gpu-3uwoq-6g3ya-2,ib_counter,rdma_vf_rail2,port_rcv_errors,0
2026-09-30T07:14:37.525Z,gpu-3uwoq-6g3ya-2,ib_counter,rdma_vf_rail2,port_xmit_discards,0
2026-09-30T07:14:37.525Z,gpu-3uwoq-6g3ya-2,ib_counter,rdma_vf_rail2,link_downed,0
2026-09-30T07:14:37.525Z,gpu-3uwoq-6g3ya-2,ib_hw_counter,rdma_vf_rail2,out_of_sequence,8
2026-09-30T07:14:37.525Z,gpu-3uwoq-6g3ya-2,ib_hw_counter,rdma_vf_rail2,packet_seq_err,8
2026-09-30T07:14:37.525Z,gpu-3uwoq-6g3ya-2,ib_hw_counter,rdma_vf_rail2,local_ack_timeout_err,0
2026-09-30T07:14:37.525Z,gpu-3uwoq-6g3ya-2,ib_hw_counter,rdma_vf_rail2,rx_write_requests,7.11204e+08
2026-09-30T07:14:37.525Z,gpu-3uwoq-6g3ya-2,ib_hw_counter,rdma_vf_rail2,rx_read_requests,1.24112e+07
2026-09-30T07:14:37.525Z,gpu-3uwoq-6g3ya-2,ib_hw_counter,rdma_vf_rail2,req_cqe_error,0
2026-09-30T07:14:37.525Z,gpu-3uwoq-6g3ya-2,ib_hw_counter,rdma_vf_rail2,resp_cqe_error,0
2026-09-30T07:14:37.525Z,gpu-3uwoq-6g3ya-2,ib_hw_counter,rdma_vf_rail2,implied_nak_seq_err,0
2026-09-30T07:14:37.525Z,gpu-3uwoq-6g3ya-2,ib_hw_counter,rdma_vf_rail2,duplicate_request,0
2026-09-30T07:14:37.525Z,gpu-3uwoq-6g3ya-2,ib_counter,rdma_vf_rail3,port_xmit_data,3.02626e+12
2026-09-30T07:14:37.525Z,gpu-3uwoq-6g3ya-2,ib_counter,rdma_vf_rail3,port_rcv_data,5.98647e+12
2026-09-30T07:14:37.525Z,gpu-3uwoq-6g3ya-2,ib_counter,rdma_vf_rail3,port_xmit_packets,1.01868e+09
2026-09-30T07:14:37.525Z,gpu-3uwoq-6g3ya-2,ib_counter,rdma_vf_rail3,port_rcv_packets,1.65285e+09
2026-09-30T07:14:37.525Z,gpu-3uwoq-6g3ya-2,ib_counter,rdma_vf_rail3,port_xmit_wait,0
2026-09-30T07:14:37.525Z,gpu-3uwoq-6g3ya-2,ib_counter,rdma_vf_rail3,port_rcv_errors,0
2026-09-30T07:14:37.525Z,gpu-3uwoq-6g3ya-2,ib_counter,rdma_vf_rail3,port_xmit_discards,0
2026-09-30T07:14:37.525Z,gpu-3uwoq-6g3ya-2,ib_counter,rdma_vf_rail3,link_downed,0
2026-09-30T07:14:37.525Z,gpu-3uwoq-6g3ya-2,ib_hw_counter,rdma_vf_rail3,out_of_sequence,8
2026-09-30T07:14:37.525Z,gpu-3uwoq-6g3ya-2,ib_hw_counter,rdma_vf_rail3,packet_seq_err,9
2026-09-30T07:14:37.525Z,gpu-3uwoq-6g3ya-2,ib_hw_counter,rdma_vf_rail3,local_ack_timeout_err,0
2026-09-30T07:14:37.525Z,gpu-3uwoq-6g3ya-2,ib_hw_counter,rdma_vf_rail3,rx_write_requests,7.11204e+08
2026-09-30T07:14:37.525Z,gpu-3uwoq-6g3ya-2,ib_hw_counter,rdma_vf_rail3,rx_read_requests,1.24112e+07
2026-09-30T07:14:37.525Z,gpu-3uwoq-6g3ya-2,ib_hw_counter,rdma_vf_rail3,req_cqe_error,0
2026-09-30T07:14:37.525Z,gpu-3uwoq-6g3ya-2,ib_hw_counter,rdma_vf_rail3,resp_cqe_error,0
2026-09-30T07:14:37.525Z,gpu-3uwoq-6g3ya-2,ib_hw_counter,rdma_vf_rail3,implied_nak_seq_err,0
2026-09-30T07:14:37.525Z,gpu-3uwoq-6g3ya-2,ib_hw_counter,rdma_vf_rail3,duplicate_request,0
2026-09-30T07:14:37.525Z,gpu-3uwoq-6g3ya-2,dcgm,gpu2,gpu_util,0
2026-09-30T07:14:37.525Z,gpu-3uwoq-6g3ya-2,dcgm,gpu3,gpu_util,0
2026-09-30T07:14:37.525Z,gpu-3uwoq-6g3ya-2,dcgm,gpu1,gpu_util,0
2026-09-30T07:14:37.525Z,gpu-3uwoq-6g3ya-2,dcgm,gpu0,gpu_util,0
2026-09-30T07:14:37.525Z,gpu-3uwoq-6g3ya-2,dcgm,gpu2,nvlink_bandwidth_total,11
2026-09-30T07:14:37.525Z,gpu-3uwoq-6g3ya-2,dcgm,gpu3,nvlink_bandwidth_total,14
2026-09-30T07:14:37.525Z,gpu-3uwoq-6g3ya-2,dcgm,gpu1,nvlink_bandwidth_total,5
2026-09-30T07:14:37.525Z,gpu-3uwoq-6g3ya-2,dcgm,gpu0,nvlink_bandwidth_total,0
2026-09-30T07:14:37.525Z,gpu-3uwoq-6g3ya-2,dcgm,gpu2,power_w,232.412
2026-09-30T07:14:37.525Z,gpu-3uwoq-6g3ya-2,dcgm,gpu3,power_w,233.992
2026-09-30T07:14:37.525Z,gpu-3uwoq-6g3ya-2,dcgm,gpu1,power_w,229.968
2026-09-30T07:14:37.525Z,gpu-3uwoq-6g3ya-2,dcgm,gpu0,power_w,226.588
2026-09-30T07:14:37.525Z,gpu-3uwoq-6g3ya-2,dcgm,gpu2,sm_clock_mhz,2070
2026-09-30T07:14:37.525Z,gpu-3uwoq-6g3ya-2,dcgm,gpu3,sm_clock_mhz,2070
2026-09-30T07:14:37.525Z,gpu-3uwoq-6g3ya-2,dcgm,gpu1,sm_clock_mhz,2070
2026-09-30T07:14:37.525Z,gpu-3uwoq-6g3ya-2,dcgm,gpu0,sm_clock_mhz,2070
2026-09-30T07:14:37.525Z,gpu-3uwoq-6g3ya-2,dcgm,gpu2,dram_active,5e-06
2026-09-30T07:14:37.525Z,gpu-3uwoq-6g3ya-2,dcgm,gpu3,dram_active,5e-06
2026-09-30T07:14:37.525Z,gpu-3uwoq-6g3ya-2,dcgm,gpu1,dram_active,5e-06
2026-09-30T07:14:37.525Z,gpu-3uwoq-6g3ya-2,dcgm,gpu0,dram_active,5e-06
2026-09-30T07:14:37.525Z,gpu-3uwoq-6g3ya-2,dcgm,gpu2,pcie_rx_bytes,353177
2026-09-30T07:14:37.525Z,gpu-3uwoq-6g3ya-2,dcgm,gpu3,pcie_rx_bytes,281346
2026-09-30T07:14:37.525Z,gpu-3uwoq-6g3ya-2,dcgm,gpu1,pcie_rx_bytes,388727
2026-09-30T07:14:37.525Z,gpu-3uwoq-6g3ya-2,dcgm,gpu0,pcie_rx_bytes,402180
2026-09-30T07:14:37.525Z,gpu-3uwoq-6g3ya-2,dcgm,gpu2,pcie_tx_bytes,301337
2026-09-30T07:14:37.525Z,gpu-3uwoq-6g3ya-2,dcgm,gpu3,pcie_tx_bytes,246732
2026-09-30T07:14:37.525Z,gpu-3uwoq-6g3ya-2,dcgm,gpu1,pcie_tx_bytes,337701
2026-09-30T07:14:37.525Z,gpu-3uwoq-6g3ya-2,dcgm,gpu0,pcie_tx_bytes,350057
2026-09-30T07:14:37.525Z,gpu-3uwoq-6g3ya-2,dcgm,gpu2,tensor_active,0
2026-09-30T07:14:37.525Z,gpu-3uwoq-6g3ya-2,dcgm,gpu3,tensor_active,0
2026-09-30T07:14:37.525Z,gpu-3uwoq-6g3ya-2,dcgm,gpu1,tensor_active,0
2026-09-30T07:14:37.525Z,gpu-3uwoq-6g3ya-2,dcgm,gpu0,tensor_active,0
2026-09-30T07:14:37.525Z,gpu-3uwoq-6g3ya-2,dcgm,gpu2,sm_active,0
2026-09-30T07:14:37.525Z,gpu-3uwoq-6g3ya-2,dcgm,gpu3,sm_active,0
2026-09-30T07:14:37.525Z,gpu-3uwoq-6g3ya-2,dcgm,gpu1,sm_active,0
2026-09-30T07:14:37.525Z,gpu-3uwoq-6g3ya-2,dcgm,gpu0,sm_active,0
2026-09-30T07:14:37.525Z,gpu-3uwoq-6g3ya-2,nvlink,gpu0,nvlink_rx_bytes,4.84459e+13
2026-09-30T07:14:37.525Z,gpu-3uwoq-6g3ya-2,nvlink,gpu0,nvlink_tx_bytes,4.84493e+13
2026-09-30T07:14:37.525Z,gpu-3uwoq-6g3ya-2,nvlink,gpu1,nvlink_rx_bytes,4.8648e+13
2026-09-30T07:14:37.525Z,gpu-3uwoq-6g3ya-2,nvlink,gpu1,nvlink_tx_bytes,4.86502e+13
2026-09-30T07:14:37.525Z,gpu-3uwoq-6g3ya-2,nvlink,gpu2,nvlink_rx_bytes,4.84828e+13
2026-09-30T07:14:37.525Z,gpu-3uwoq-6g3ya-2,nvlink,gpu2,nvlink_tx_bytes,4.84863e+13
2026-09-30T07:14:37.525Z,gpu-3uwoq-6g3ya-2,nvlink,gpu3,nvlink_rx_bytes,4.83797e+13
2026-09-30T07:14:37.525Z,gpu-3uwoq-6g3ya-2,nvlink,gpu3,nvlink_tx_bytes,4.83829e+13
2026-09-30T07:14:38.525Z,gpu-3uwoq-6g3ya-2,ib_counter,rdma_vf_rail0,port_xmit_data,3.16217e+12
2026-09-30T07:14:38.525Z,gpu-3uwoq-6g3ya-2,ib_counter,rdma_vf_rail0,port_rcv_data,6.12224e+12
2026-09-30T07:14:38.525Z,gpu-3uwoq-6g3ya-2,ib_counter,rdma_vf_rail0,port_xmit_packets,1.07073e+09
2026-09-30T07:14:38.525Z,gpu-3uwoq-6g3ya-2,ib_counter,rdma_vf_rail0,port_rcv_packets,1.7019e+09
2026-09-30T07:14:38.525Z,gpu-3uwoq-6g3ya-2,ib_counter,rdma_vf_rail0,port_xmit_wait,0
2026-09-30T07:14:38.525Z,gpu-3uwoq-6g3ya-2,ib_counter,rdma_vf_rail0,port_rcv_errors,0
2026-09-30T07:14:38.525Z,gpu-3uwoq-6g3ya-2,ib_counter,rdma_vf_rail0,port_xmit_discards,0
2026-09-30T07:14:38.525Z,gpu-3uwoq-6g3ya-2,ib_counter,rdma_vf_rail0,link_downed,0
2026-09-30T07:14:38.525Z,gpu-3uwoq-6g3ya-2,ib_hw_counter,rdma_vf_rail0,out_of_sequence,8
2026-09-30T07:14:38.525Z,gpu-3uwoq-6g3ya-2,ib_hw_counter,rdma_vf_rail0,packet_seq_err,8
2026-09-30T07:14:38.525Z,gpu-3uwoq-6g3ya-2,ib_hw_counter,rdma_vf_rail0,local_ack_timeout_err,0
2026-09-30T07:14:38.525Z,gpu-3uwoq-6g3ya-2,ib_hw_counter,rdma_vf_rail0,rx_write_requests,7.1323e+08
2026-09-30T07:14:38.525Z,gpu-3uwoq-6g3ya-2,ib_hw_counter,rdma_vf_rail0,rx_read_requests,1.34199e+07
2026-09-30T07:14:38.525Z,gpu-3uwoq-6g3ya-2,ib_hw_counter,rdma_vf_rail0,req_cqe_error,0
2026-09-30T07:14:38.525Z,gpu-3uwoq-6g3ya-2,ib_hw_counter,rdma_vf_rail0,resp_cqe_error,0
2026-09-30T07:14:38.525Z,gpu-3uwoq-6g3ya-2,ib_hw_counter,rdma_vf_rail0,implied_nak_seq_err,0
2026-09-30T07:14:38.525Z,gpu-3uwoq-6g3ya-2,ib_hw_counter,rdma_vf_rail0,duplicate_request,0
2026-09-30T07:14:38.525Z,gpu-3uwoq-6g3ya-2,ib_counter,rdma_vf_rail1,port_xmit_data,3.05398e+12
2026-09-30T07:14:38.525Z,gpu-3uwoq-6g3ya-2,ib_counter,rdma_vf_rail1,port_rcv_data,6.014e+12
2026-09-30T07:14:38.525Z,gpu-3uwoq-6g3ya-2,ib_counter,rdma_vf_rail1,port_xmit_packets,1.03802e+09
2026-09-30T07:14:38.525Z,gpu-3uwoq-6g3ya-2,ib_counter,rdma_vf_rail1,port_rcv_packets,1.66936e+09
2026-09-30T07:14:38.525Z,gpu-3uwoq-6g3ya-2,ib_counter,rdma_vf_rail1,port_xmit_wait,0
2026-09-30T07:14:38.525Z,gpu-3uwoq-6g3ya-2,ib_counter,rdma_vf_rail1,port_rcv_errors,0
2026-09-30T07:14:38.525Z,gpu-3uwoq-6g3ya-2,ib_counter,rdma_vf_rail1,port_xmit_discards,0
2026-09-30T07:14:38.525Z,gpu-3uwoq-6g3ya-2,ib_counter,rdma_vf_rail1,link_downed,0
2026-09-30T07:14:38.525Z,gpu-3uwoq-6g3ya-2,ib_hw_counter,rdma_vf_rail1,out_of_sequence,8
2026-09-30T07:14:38.525Z,gpu-3uwoq-6g3ya-2,ib_hw_counter,rdma_vf_rail1,packet_seq_err,7
2026-09-30T07:14:38.525Z,gpu-3uwoq-6g3ya-2,ib_hw_counter,rdma_vf_rail1,local_ack_timeout_err,0
2026-09-30T07:14:38.525Z,gpu-3uwoq-6g3ya-2,ib_hw_counter,rdma_vf_rail1,rx_write_requests,7.11637e+08
2026-09-30T07:14:38.525Z,gpu-3uwoq-6g3ya-2,ib_hw_counter,rdma_vf_rail1,rx_read_requests,1.26189e+07
2026-09-30T07:14:38.525Z,gpu-3uwoq-6g3ya-2,ib_hw_counter,rdma_vf_rail1,req_cqe_error,0
2026-09-30T07:14:38.525Z,gpu-3uwoq-6g3ya-2,ib_hw_counter,rdma_vf_rail1,resp_cqe_error,0
2026-09-30T07:14:38.525Z,gpu-3uwoq-6g3ya-2,ib_hw_counter,rdma_vf_rail1,implied_nak_seq_err,0
2026-09-30T07:14:38.525Z,gpu-3uwoq-6g3ya-2,ib_hw_counter,rdma_vf_rail1,duplicate_request,0
2026-09-30T07:14:38.525Z,gpu-3uwoq-6g3ya-2,ib_counter,rdma_vf_rail2,port_xmit_data,3.0264e+12
2026-09-30T07:14:38.525Z,gpu-3uwoq-6g3ya-2,ib_counter,rdma_vf_rail2,port_rcv_data,5.98587e+12
2026-09-30T07:14:38.525Z,gpu-3uwoq-6g3ya-2,ib_counter,rdma_vf_rail2,port_xmit_packets,1.02034e+09
2026-09-30T07:14:38.525Z,gpu-3uwoq-6g3ya-2,ib_counter,rdma_vf_rail2,port_rcv_packets,1.64546e+09
2026-09-30T07:14:38.525Z,gpu-3uwoq-6g3ya-2,ib_counter,rdma_vf_rail2,port_xmit_wait,0
2026-09-30T07:14:38.525Z,gpu-3uwoq-6g3ya-2,ib_counter,rdma_vf_rail2,port_rcv_errors,0
2026-09-30T07:14:38.525Z,gpu-3uwoq-6g3ya-2,ib_counter,rdma_vf_rail2,port_xmit_discards,0
2026-09-30T07:14:38.525Z,gpu-3uwoq-6g3ya-2,ib_counter,rdma_vf_rail2,link_downed,0
2026-09-30T07:14:38.525Z,gpu-3uwoq-6g3ya-2,ib_hw_counter,rdma_vf_rail2,out_of_sequence,8
2026-09-30T07:14:38.525Z,gpu-3uwoq-6g3ya-2,ib_hw_counter,rdma_vf_rail2,packet_seq_err,8
2026-09-30T07:14:38.525Z,gpu-3uwoq-6g3ya-2,ib_hw_counter,rdma_vf_rail2,local_ack_timeout_err,0
2026-09-30T07:14:38.525Z,gpu-3uwoq-6g3ya-2,ib_hw_counter,rdma_vf_rail2,rx_write_requests,7.11204e+08
2026-09-30T07:14:38.525Z,gpu-3uwoq-6g3ya-2,ib_hw_counter,rdma_vf_rail2,rx_read_requests,1.24112e+07
2026-09-30T07:14:38.525Z,gpu-3uwoq-6g3ya-2,ib_hw_counter,rdma_vf_rail2,req_cqe_error,0
2026-09-30T07:14:38.525Z,gpu-3uwoq-6g3ya-2,ib_hw_counter,rdma_vf_rail2,resp_cqe_error,0
2026-09-30T07:14:38.525Z,gpu-3uwoq-6g3ya-2,ib_hw_counter,rdma_vf_rail2,implied_nak_seq_err,0
2026-09-30T07:14:38.525Z,gpu-3uwoq-6g3ya-2,ib_hw_counter,rdma_vf_rail2,duplicate_request,0
2026-09-30T07:14:38.525Z,gpu-3uwoq-6g3ya-2,ib_counter,rdma_vf_rail3,port_xmit_data,3.02626e+12
2026-09-30T07:14:38.525Z,gpu-3uwoq-6g3ya-2,ib_counter,rdma_vf_rail3,port_rcv_data,5.98647e+12
2026-09-30T07:14:38.525Z,gpu-3uwoq-6g3ya-2,ib_counter,rdma_vf_rail3,port_xmit_packets,1.01868e+09
2026-09-30T07:14:38.525Z,gpu-3uwoq-6g3ya-2,ib_counter,rdma_vf_rail3,port_rcv_packets,1.65285e+09
2026-09-30T07:14:38.525Z,gpu-3uwoq-6g3ya-2,ib_counter,rdma_vf_rail3,port_xmit_wait,0
2026-09-30T07:14:38.525Z,gpu-3uwoq-6g3ya-2,ib_counter,rdma_vf_rail3,port_rcv_errors,0
2026-09-30T07:14:38.525Z,gpu-3uwoq-6g3ya-2,ib_counter,rdma_vf_rail3,port_xmit_discards,0
2026-09-30T07:14:38.525Z,gpu-3uwoq-6g3ya-2,ib_counter,rdma_vf_rail3,link_downed,0
2026-09-30T07:14:38.525Z,gpu-3uwoq-6g3ya-2,ib_hw_counter,rdma_vf_rail3,out_of_sequence,8
2026-09-30T07:14:38.525Z,gpu-3uwoq-6g3ya-2,ib_hw_counter,rdma_vf_rail3,packet_seq_err,9
2026-09-30T07:14:38.525Z,gpu-3uwoq-6g3ya-2,ib_hw_counter,rdma_vf_rail3,local_ack_timeout_err,0
2026-09-30T07:14:38.525Z,gpu-3uwoq-6g3ya-2,ib_hw_counter,rdma_vf_rail3,rx_write_requests,7.11204e+08
2026-09-30T07:14:38.525Z,gpu-3uwoq-6g3ya-2,ib_hw_counter,rdma_vf_rail3,rx_read_requests,1.24112e+07
2026-09-30T07:14:38.525Z,gpu-3uwoq-6g3ya-2,ib_hw_counter,rdma_vf_rail3,req_cqe_error,0
2026-09-30T07:14:38.525Z,gpu-3uwoq-6g3ya-2,ib_hw_counter,rdma_vf_rail3,resp_cqe_error,0
2026-09-30T07:14:38.525Z,gpu-3uwoq-6g3ya-2,ib_hw_counter,rdma_vf_rail3,implied_nak_seq_err,0
2026-09-30T07:14:38.525Z,gpu-3uwoq-6g3ya-2,ib_hw_counter,rdma_vf_rail3,duplicate_request,0
2026-09-30T07:14:38.525Z,gpu-3uwoq-6g3ya-2,dcgm,gpu2,gpu_util,0
2026-09-30T07:14:38.525Z,gpu-3uwoq-6g3ya-2,dcgm,gpu3,gpu_util,0
2026-09-30T07:14:38.525Z,gpu-3uwoq-6g3ya-2,dcgm,gpu1,gpu_util,0
2026-09-30T07:14:38.525Z,gpu-3uwoq-6g3ya-2,dcgm,gpu0,gpu_util,0
2026-09-30T07:14:38.525Z,gpu-3uwoq-6g3ya-2,dcgm,gpu2,nvlink_bandwidth_total,11
2026-09-30T07:14:38.525Z,gpu-3uwoq-6g3ya-2,dcgm,gpu3,nvlink_bandwidth_total,14
2026-09-30T07:14:38.525Z,gpu-3uwoq-6g3ya-2,dcgm,gpu1,nvlink_bandwidth_total,5
2026-09-30T07:14:38.525Z,gpu-3uwoq-6g3ya-2,dcgm,gpu0,nvlink_bandwidth_total,0
2026-09-30T07:14:38.525Z,gpu-3uwoq-6g3ya-2,dcgm,gpu2,power_w,232.412
2026-09-30T07:14:38.525Z,gpu-3uwoq-6g3ya-2,dcgm,gpu3,power_w,233.992
2026-09-30T07:14:38.525Z,gpu-3uwoq-6g3ya-2,dcgm,gpu1,power_w,229.968
2026-09-30T07:14:38.525Z,gpu-3uwoq-6g3ya-2,dcgm,gpu0,power_w,226.588
2026-09-30T07:14:38.525Z,gpu-3uwoq-6g3ya-2,dcgm,gpu2,sm_clock_mhz,2070
2026-09-30T07:14:38.525Z,gpu-3uwoq-6g3ya-2,dcgm,gpu3,sm_clock_mhz,2070
2026-09-30T07:14:38.525Z,gpu-3uwoq-6g3ya-2,dcgm,gpu1,sm_clock_mhz,2070
2026-09-30T07:14:38.525Z,gpu-3uwoq-6g3ya-2,dcgm,gpu0,sm_clock_mhz,2070
2026-09-30T07:14:38.525Z,gpu-3uwoq-6g3ya-2,dcgm,gpu2,dram_active,5e-06
2026-09-30T07:14:38.525Z,gpu-3uwoq-6g3ya-2,dcgm,gpu3,dram_active,5e-06
2026-09-30T07:14:38.525Z,gpu-3uwoq-6g3ya-2,dcgm,gpu1,dram_active,5e-06
2026-09-30T07:14:38.525Z,gpu-3uwoq-6g3ya-2,dcgm,gpu0,dram_active,5e-06
2026-09-30T07:14:38.525Z,gpu-3uwoq-6g3ya-2,dcgm,gpu2,pcie_rx_bytes,353177
2026-09-30T07:14:38.525Z,gpu-3uwoq-6g3ya-2,dcgm,gpu3,pcie_rx_bytes,281346
2026-09-30T07:14:38.525Z,gpu-3uwoq-6g3ya-2,dcgm,gpu1,pcie_rx_bytes,388727
2026-09-30T07:14:38.525Z,gpu-3uwoq-6g3ya-2,dcgm,gpu0,pcie_rx_bytes,402180
2026-09-30T07:14:38.525Z,gpu-3uwoq-6g3ya-2,dcgm,gpu2,pcie_tx_bytes,301337
2026-09-30T07:14:38.525Z,gpu-3uwoq-6g3ya-2,dcgm,gpu3,pcie_tx_bytes,246732
2026-09-30T07:14:38.525Z,gpu-3uwoq-6g3ya-2,dcgm,gpu1,pcie_tx_bytes,337701
2026-09-30T07:14:38.525Z,gpu-3uwoq-6g3ya-2,dcgm,gpu0,pcie_tx_bytes,350057
2026-09-30T07:14:38.525Z,gpu-3uwoq-6g3ya-2,dcgm,gpu2,tensor_active,0
2026-09-30T07:14:38.525Z,gpu-3uwoq-6g3ya-2,dcgm,gpu3,tensor_active,0
2026-09-30T07:14:38.525Z,gpu-3uwoq-6g3ya-2,dcgm,gpu1,tensor_active,0
2026-09-30T07:14:38.525Z,gpu-3uwoq-6g3ya-2,dcgm,gpu0,tensor_active,0
2026-09-30T07:14:38.525Z,gpu-3uwoq-6g3ya-2,dcgm,gpu2,sm_active,0
2026-09-30T07:14:38.525Z,gpu-3uwoq-6g3ya-2,dcgm,gpu3,sm_active,0
2026-09-30T07:14:38.525Z,gpu-3uwoq-6g3ya-2,dcgm,gpu1,sm_active,0
2026-09-30T07:14:38.525Z,gpu-3uwoq-6g3ya-2,dcgm,gpu0,sm_active,0
2026-09-30T07:14:38.525Z,gpu-3uwoq-6g3ya-2,nvlink,gpu0,nvlink_rx_bytes,4.84459e+13
2026-09-30T07:14:38.525Z,gpu-3uwoq-6g3ya-2,nvlink,gpu0,nvlink_tx_bytes,4.84493e+13
2026-09-30T07:14:38.525Z,gpu-3uwoq-6g3ya-2,nvlink,gpu1,nvlink_rx_bytes,4.8648e+13
2026-09-30T07:14:38.525Z,gpu-3uwoq-6g3ya-2,nvlink,gpu1,nvlink_tx_bytes,4.86502e+13
2026-09-30T07:14:38.525Z,gpu-3uwoq-6g3ya-2,nvlink,gpu2,nvlink_rx_bytes,4.84828e+13
2026-09-30T07:14:38.525Z,gpu-3uwoq-6g3ya-2,nvlink,gpu2,nvlink_tx_bytes,4.84863e+13
2026-09-30T07:14:38.525Z,gpu-3uwoq-6g3ya-2,nvlink,gpu3,nvlink_rx_bytes,4.83797e+13
2026-09-30T07:14:38.525Z,gpu-3uwoq-6g3ya-2,nvlink,gpu3,nvlink_tx_bytes,4.83829e+13
2026-09-30T07:14:39.525Z,gpu-3uwoq-6g3ya-2,ib_counter,rdma_vf_rail0,port_xmit_data,3.16471e+12
2026-09-30T07:14:39.525Z,gpu-3uwoq-6g3ya-2,ib_counter,rdma_vf_rail0,port_rcv_data,6.12479e+12
2026-09-30T07:14:39.525Z,gpu-3uwoq-6g3ya-2,ib_counter,rdma_vf_rail0,port_xmit_packets,1.07144e+09
2026-09-30T07:14:39.525Z,gpu-3uwoq-6g3ya-2,ib_counter,rdma_vf_rail0,port_rcv_packets,1.70266e+09
2026-09-30T07:14:39.525Z,gpu-3uwoq-6g3ya-2,ib_counter,rdma_vf_rail0,port_xmit_wait,0
2026-09-30T07:14:39.525Z,gpu-3uwoq-6g3ya-2,ib_counter,rdma_vf_rail0,port_rcv_errors,0
2026-09-30T07:14:39.525Z,gpu-3uwoq-6g3ya-2,ib_counter,rdma_vf_rail0,port_xmit_discards,0
2026-09-30T07:14:39.525Z,gpu-3uwoq-6g3ya-2,ib_counter,rdma_vf_rail0,link_downed,0
2026-09-30T07:14:39.525Z,gpu-3uwoq-6g3ya-2,ib_hw_counter,rdma_vf_rail0,out_of_sequence,8
2026-09-30T07:14:39.525Z,gpu-3uwoq-6g3ya-2,ib_hw_counter,rdma_vf_rail0,packet_seq_err,8
2026-09-30T07:14:39.525Z,gpu-3uwoq-6g3ya-2,ib_hw_counter,rdma_vf_rail0,local_ack_timeout_err,0
2026-09-30T07:14:39.525Z,gpu-3uwoq-6g3ya-2,ib_hw_counter,rdma_vf_rail0,rx_write_requests,7.13268e+08
2026-09-30T07:14:39.525Z,gpu-3uwoq-6g3ya-2,ib_hw_counter,rdma_vf_rail0,rx_read_requests,1.34391e+07
2026-09-30T07:14:39.525Z,gpu-3uwoq-6g3ya-2,ib_hw_counter,rdma_vf_rail0,req_cqe_error,0
2026-09-30T07:14:39.525Z,gpu-3uwoq-6g3ya-2,ib_hw_counter,rdma_vf_rail0,resp_cqe_error,0
2026-09-30T07:14:39.525Z,gpu-3uwoq-6g3ya-2,ib_hw_counter,rdma_vf_rail0,implied_nak_seq_err,0
2026-09-30T07:14:39.525Z,gpu-3uwoq-6g3ya-2,ib_hw_counter,rdma_vf_rail0,duplicate_request,0
2026-09-30T07:14:39.525Z,gpu-3uwoq-6g3ya-2,ib_counter,rdma_vf_rail1,port_xmit_data,3.05652e+12
2026-09-30T07:14:39.525Z,gpu-3uwoq-6g3ya-2,ib_counter,rdma_vf_rail1,port_rcv_data,6.01655e+12
2026-09-30T07:14:39.525Z,gpu-3uwoq-6g3ya-2,ib_counter,rdma_vf_rail1,port_xmit_packets,1.03873e+09
2026-09-30T07:14:39.525Z,gpu-3uwoq-6g3ya-2,ib_counter,rdma_vf_rail1,port_rcv_packets,1.67012e+09
2026-09-30T07:14:39.525Z,gpu-3uwoq-6g3ya-2,ib_counter,rdma_vf_rail1,port_xmit_wait,0
2026-09-30T07:14:39.525Z,gpu-3uwoq-6g3ya-2,ib_counter,rdma_vf_rail1,port_rcv_errors,0
2026-09-30T07:14:39.525Z,gpu-3uwoq-6g3ya-2,ib_counter,rdma_vf_rail1,port_xmit_discards,0
2026-09-30T07:14:39.525Z,gpu-3uwoq-6g3ya-2,ib_counter,rdma_vf_rail1,link_downed,0
2026-09-30T07:14:39.525Z,gpu-3uwoq-6g3ya-2,ib_hw_counter,rdma_vf_rail1,out_of_sequence,8
2026-09-30T07:14:39.525Z,gpu-3uwoq-6g3ya-2,ib_hw_counter,rdma_vf_rail1,packet_seq_err,7
2026-09-30T07:14:39.525Z,gpu-3uwoq-6g3ya-2,ib_hw_counter,rdma_vf_rail1,local_ack_timeout_err,0
2026-09-30T07:14:39.525Z,gpu-3uwoq-6g3ya-2,ib_hw_counter,rdma_vf_rail1,rx_write_requests,7.11676e+08
2026-09-30T07:14:39.525Z,gpu-3uwoq-6g3ya-2,ib_hw_counter,rdma_vf_rail1,rx_read_requests,1.26381e+07
2026-09-30T07:14:39.525Z,gpu-3uwoq-6g3ya-2,ib_hw_counter,rdma_vf_rail1,req_cqe_error,0
2026-09-30T07:14:39.525Z,gpu-3uwoq-6g3ya-2,ib_hw_counter,rdma_vf_rail1,resp_cqe_error,0
2026-09-30T07:14:39.525Z,gpu-3uwoq-6g3ya-2,ib_hw_counter,rdma_vf_rail1,implied_nak_seq_err,0
2026-09-30T07:14:39.525Z,gpu-3uwoq-6g3ya-2,ib_hw_counter,rdma_vf_rail1,duplicate_request,0
2026-09-30T07:14:39.525Z,gpu-3uwoq-6g3ya-2,ib_counter,rdma_vf_rail2,port_xmit_data,3.02895e+12
2026-09-30T07:14:39.525Z,gpu-3uwoq-6g3ya-2,ib_counter,rdma_vf_rail2,port_rcv_data,5.98842e+12
2026-09-30T07:14:39.525Z,gpu-3uwoq-6g3ya-2,ib_counter,rdma_vf_rail2,port_xmit_packets,1.02105e+09
2026-09-30T07:14:39.525Z,gpu-3uwoq-6g3ya-2,ib_counter,rdma_vf_rail2,port_rcv_packets,1.64623e+09
2026-09-30T07:14:39.525Z,gpu-3uwoq-6g3ya-2,ib_counter,rdma_vf_rail2,port_xmit_wait,0
2026-09-30T07:14:39.525Z,gpu-3uwoq-6g3ya-2,ib_counter,rdma_vf_rail2,port_rcv_errors,0
2026-09-30T07:14:39.525Z,gpu-3uwoq-6g3ya-2,ib_counter,rdma_vf_rail2,port_xmit_discards,0
2026-09-30T07:14:39.525Z,gpu-3uwoq-6g3ya-2,ib_counter,rdma_vf_rail2,link_downed,0
2026-09-30T07:14:39.525Z,gpu-3uwoq-6g3ya-2,ib_hw_counter,rdma_vf_rail2,out_of_sequence,8
2026-09-30T07:14:39.525Z,gpu-3uwoq-6g3ya-2,ib_hw_counter,rdma_vf_rail2,packet_seq_err,8
2026-09-30T07:14:39.525Z,gpu-3uwoq-6g3ya-2,ib_hw_counter,rdma_vf_rail2,local_ack_timeout_err,0
2026-09-30T07:14:39.525Z,gpu-3uwoq-6g3ya-2,ib_hw_counter,rdma_vf_rail2,rx_write_requests,7.11243e+08
2026-09-30T07:14:39.525Z,gpu-3uwoq-6g3ya-2,ib_hw_counter,rdma_vf_rail2,rx_read_requests,1.24304e+07
2026-09-30T07:14:39.525Z,gpu-3uwoq-6g3ya-2,ib_hw_counter,rdma_vf_rail2,req_cqe_error,0
2026-09-30T07:14:39.525Z,gpu-3uwoq-6g3ya-2,ib_hw_counter,rdma_vf_rail2,resp_cqe_error,0
2026-09-30T07:14:39.525Z,gpu-3uwoq-6g3ya-2,ib_hw_counter,rdma_vf_rail2,implied_nak_seq_err,0
2026-09-30T07:14:39.525Z,gpu-3uwoq-6g3ya-2,ib_hw_counter,rdma_vf_rail2,duplicate_request,0
2026-09-30T07:14:39.525Z,gpu-3uwoq-6g3ya-2,ib_counter,rdma_vf_rail3,port_xmit_data,3.02881e+12
2026-09-30T07:14:39.525Z,gpu-3uwoq-6g3ya-2,ib_counter,rdma_vf_rail3,port_rcv_data,5.98903e+12
2026-09-30T07:14:39.525Z,gpu-3uwoq-6g3ya-2,ib_counter,rdma_vf_rail3,port_xmit_packets,1.01939e+09
2026-09-30T07:14:39.525Z,gpu-3uwoq-6g3ya-2,ib_counter,rdma_vf_rail3,port_rcv_packets,1.65361e+09
2026-09-30T07:14:39.525Z,gpu-3uwoq-6g3ya-2,ib_counter,rdma_vf_rail3,port_xmit_wait,0
2026-09-30T07:14:39.525Z,gpu-3uwoq-6g3ya-2,ib_counter,rdma_vf_rail3,port_rcv_errors,0
2026-09-30T07:14:39.525Z,gpu-3uwoq-6g3ya-2,ib_counter,rdma_vf_rail3,port_xmit_discards,0
2026-09-30T07:14:39.525Z,gpu-3uwoq-6g3ya-2,ib_counter,rdma_vf_rail3,link_downed,0
2026-09-30T07:14:39.525Z,gpu-3uwoq-6g3ya-2,ib_hw_counter,rdma_vf_rail3,out_of_sequence,8
2026-09-30T07:14:39.525Z,gpu-3uwoq-6g3ya-2,ib_hw_counter,rdma_vf_rail3,packet_seq_err,9
2026-09-30T07:14:39.525Z,gpu-3uwoq-6g3ya-2,ib_hw_counter,rdma_vf_rail3,local_ack_timeout_err,0
2026-09-30T07:14:39.525Z,gpu-3uwoq-6g3ya-2,ib_hw_counter,rdma_vf_rail3,rx_write_requests,7.11243e+08
2026-09-30T07:14:39.525Z,gpu-3uwoq-6g3ya-2,ib_hw_counter,rdma_vf_rail3,rx_read_requests,1.24304e+07
2026-09-30T07:14:39.525Z,gpu-3uwoq-6g3ya-2,ib_hw_counter,rdma_vf_rail3,req_cqe_error,0
2026-09-30T07:14:39.525Z,gpu-3uwoq-6g3ya-2,ib_hw_counter,rdma_vf_rail3,resp_cqe_error,0
2026-09-30T07:14:39.525Z,gpu-3uwoq-6g3ya-2,ib_hw_counter,rdma_vf_rail3,implied_nak_seq_err,0
2026-09-30T07:14:39.525Z,gpu-3uwoq-6g3ya-2,ib_hw_counter,rdma_vf_rail3,duplicate_request,0
2026-09-30T07:14:39.525Z,gpu-3uwoq-6g3ya-2,dcgm,gpu2,gpu_util,0
2026-09-30T07:14:39.525Z,gpu-3uwoq-6g3ya-2,dcgm,gpu3,gpu_util,0
2026-09-30T07:14:39.525Z,gpu-3uwoq-6g3ya-2,dcgm,gpu1,gpu_util,0
2026-09-30T07:14:39.525Z,gpu-3uwoq-6g3ya-2,dcgm,gpu0,gpu_util,0
2026-09-30T07:14:39.525Z,gpu-3uwoq-6g3ya-2,dcgm,gpu2,nvlink_bandwidth_total,11
2026-09-30T07:14:39.525Z,gpu-3uwoq-6g3ya-2,dcgm,gpu3,nvlink_bandwidth_total,14
2026-09-30T07:14:39.525Z,gpu-3uwoq-6g3ya-2,dcgm,gpu1,nvlink_bandwidth_total,5
2026-09-30T07:14:39.525Z,gpu-3uwoq-6g3ya-2,dcgm,gpu0,nvlink_bandwidth_total,0
2026-09-30T07:14:39.525Z,gpu-3uwoq-6g3ya-2,dcgm,gpu2,power_w,232.412
2026-09-30T07:14:39.525Z,gpu-3uwoq-6g3ya-2,dcgm,gpu3,power_w,233.992
2026-09-30T07:14:39.525Z,gpu-3uwoq-6g3ya-2,dcgm,gpu1,power_w,229.968
2026-09-30T07:14:39.525Z,gpu-3uwoq-6g3ya-2,dcgm,gpu0,power_w,226.588
2026-09-30T07:14:39.525Z,gpu-3uwoq-6g3ya-2,dcgm,gpu2,sm_clock_mhz,2070
2026-09-30T07:14:39.525Z,gpu-3uwoq-6g3ya-2,dcgm,gpu3,sm_clock_mhz,2070
2026-09-30T07:14:39.525Z,gpu-3uwoq-6g3ya-2,dcgm,gpu1,sm_clock_mhz,2070
2026-09-30T07:14:39.525Z,gpu-3uwoq-6g3ya-2,dcgm,gpu0,sm_clock_mhz,2070
2026-09-30T07:14:39.525Z,gpu-3uwoq-6g3ya-2,dcgm,gpu2,dram_active,5e-06
2026-09-30T07:14:39.525Z,gpu-3uwoq-6g3ya-2,dcgm,gpu3,dram_active,5e-06
2026-09-30T07:14:39.525Z,gpu-3uwoq-6g3ya-2,dcgm,gpu1,dram_active,5e-06
2026-09-30T07:14:39.525Z,gpu-3uwoq-6g3ya-2,dcgm,gpu0,dram_active,5e-06
2026-09-30T07:14:39.525Z,gpu-3uwoq-6g3ya-2,dcgm,gpu2,pcie_rx_bytes,353177
2026-09-30T07:14:39.525Z,gpu-3uwoq-6g3ya-2,dcgm,gpu3,pcie_rx_bytes,281346
2026-09-30T07:14:39.525Z,gpu-3uwoq-6g3ya-2,dcgm,gpu1,pcie_rx_bytes,388727
2026-09-30T07:14:39.525Z,gpu-3uwoq-6g3ya-2,dcgm,gpu0,pcie_rx_bytes,402180
2026-09-30T07:14:39.525Z,gpu-3uwoq-6g3ya-2,dcgm,gpu2,pcie_tx_bytes,301337
2026-09-30T07:14:39.525Z,gpu-3uwoq-6g3ya-2,dcgm,gpu3,pcie_tx_bytes,246732
2026-09-30T07:14:39.525Z,gpu-3uwoq-6g3ya-2,dcgm,gpu1,pcie_tx_bytes,337701
2026-09-30T07:14:39.525Z,gpu-3uwoq-6g3ya-2,dcgm,gpu0,pcie_tx_bytes,350057
2026-09-30T07:14:39.525Z,gpu-3uwoq-6g3ya-2,dcgm,gpu2,tensor_active,0
2026-09-30T07:14:39.525Z,gpu-3uwoq-6g3ya-2,dcgm,gpu3,tensor_active,0
2026-09-30T07:14:39.525Z,gpu-3uwoq-6g3ya-2,dcgm,gpu1,tensor_active,0
2026-09-30T07:14:39.525Z,gpu-3uwoq-6g3ya-2,dcgm,gpu0,tensor_active,0
2026-09-30T07:14:39.525Z,gpu-3uwoq-6g3ya-2,dcgm,gpu2,sm_active,0
2026-09-30T07:14:39.525Z,gpu-3uwoq-6g3ya-2,dcgm,gpu3,sm_active,0
2026-09-30T07:14:39.525Z,gpu-3uwoq-6g3ya-2,dcgm,gpu1,sm_active,0
2026-09-30T07:14:39.525Z,gpu-3uwoq-6g3ya-2,dcgm,gpu0,sm_active,0
2026-09-30T07:14:39.525Z,gpu-3uwoq-6g3ya-2,nvlink,gpu0,nvlink_rx_bytes,4.84459e+13
2026-09-30T07:14:39.525Z,gpu-3uwoq-6g3ya-2,nvlink,gpu0,nvlink_tx_bytes,4.84493e+13
2026-09-30T07:14:39.525Z,gpu-3uwoq-6g3ya-2,nvlink,gpu1,nvlink_rx_bytes,4.8648e+13
2026-09-30T07:14:39.525Z,gpu-3uwoq-6g3ya-2,nvlink,gpu1,nvlink_tx_bytes,4.86502e+13
2026-09-30T07:14:39.525Z,gpu-3uwoq-6g3ya-2,nvlink,gpu2,nvlink_rx_bytes,4.84828e+13
2026-09-30T07:14:39.525Z,gpu-3uwoq-6g3ya-2,nvlink,gpu2,nvlink_tx_bytes,4.84863e+13
2026-09-30T07:14:39.525Z,gpu-3uwoq-6g3ya-2,nvlink,gpu3,nvlink_rx_bytes,4.83797e+13
2026-09-30T07:14:39.525Z,gpu-3uwoq-6g3ya-2,nvlink,gpu3,nvlink_tx_bytes,4.83829e+13
2026-09-30T07:14:40.525Z,gpu-3uwoq-6g3ya-2,ib_counter,rdma_vf_rail0,port_xmit_data,3.16981e+12
2026-09-30T07:14:40.525Z,gpu-3uwoq-6g3ya-2,ib_counter,rdma_vf_rail0,port_rcv_data,6.12989e+12
2026-09-30T07:14:40.525Z,gpu-3uwoq-6g3ya-2,ib_counter,rdma_vf_rail0,port_xmit_packets,1.07285e+09
2026-09-30T07:14:40.525Z,gpu-3uwoq-6g3ya-2,ib_counter,rdma_vf_rail0,port_rcv_packets,1.70417e+09
2026-09-30T07:14:40.525Z,gpu-3uwoq-6g3ya-2,ib_counter,rdma_vf_rail0,port_xmit_wait,0
2026-09-30T07:14:40.525Z,gpu-3uwoq-6g3ya-2,ib_counter,rdma_vf_rail0,port_rcv_errors,0
2026-09-30T07:14:40.525Z,gpu-3uwoq-6g3ya-2,ib_counter,rdma_vf_rail0,port_xmit_discards,0
2026-09-30T07:14:40.525Z,gpu-3uwoq-6g3ya-2,ib_counter,rdma_vf_rail0,link_downed,0
2026-09-30T07:14:40.525Z,gpu-3uwoq-6g3ya-2,ib_hw_counter,rdma_vf_rail0,out_of_sequence,8
2026-09-30T07:14:40.525Z,gpu-3uwoq-6g3ya-2,ib_hw_counter,rdma_vf_rail0,packet_seq_err,8
2026-09-30T07:14:40.525Z,gpu-3uwoq-6g3ya-2,ib_hw_counter,rdma_vf_rail0,local_ack_timeout_err,0
2026-09-30T07:14:40.525Z,gpu-3uwoq-6g3ya-2,ib_hw_counter,rdma_vf_rail0,rx_write_requests,7.13345e+08
2026-09-30T07:14:40.525Z,gpu-3uwoq-6g3ya-2,ib_hw_counter,rdma_vf_rail0,rx_read_requests,1.34775e+07
2026-09-30T07:14:40.525Z,gpu-3uwoq-6g3ya-2,ib_hw_counter,rdma_vf_rail0,req_cqe_error,0
2026-09-30T07:14:40.525Z,gpu-3uwoq-6g3ya-2,ib_hw_counter,rdma_vf_rail0,resp_cqe_error,0
2026-09-30T07:14:40.525Z,gpu-3uwoq-6g3ya-2,ib_hw_counter,rdma_vf_rail0,implied_nak_seq_err,0
2026-09-30T07:14:40.525Z,gpu-3uwoq-6g3ya-2,ib_hw_counter,rdma_vf_rail0,duplicate_request,0
2026-09-30T07:14:40.525Z,gpu-3uwoq-6g3ya-2,ib_counter,rdma_vf_rail1,port_xmit_data,3.06162e+12
2026-09-30T07:14:40.525Z,gpu-3uwoq-6g3ya-2,ib_counter,rdma_vf_rail1,port_rcv_data,6.02166e+12
2026-09-30T07:14:40.525Z,gpu-3uwoq-6g3ya-2,ib_counter,rdma_vf_rail1,port_xmit_packets,1.04013e+09
2026-09-30T07:14:40.525Z,gpu-3uwoq-6g3ya-2,ib_counter,rdma_vf_rail1,port_rcv_packets,1.67163e+09
2026-09-30T07:14:40.525Z,gpu-3uwoq-6g3ya-2,ib_counter,rdma_vf_rail1,port_xmit_wait,0
2026-09-30T07:14:40.525Z,gpu-3uwoq-6g3ya-2,ib_counter,rdma_vf_rail1,port_rcv_errors,0
2026-09-30T07:14:40.525Z,gpu-3uwoq-6g3ya-2,ib_counter,rdma_vf_rail1,port_xmit_discards,0
2026-09-30T07:14:40.525Z,gpu-3uwoq-6g3ya-2,ib_counter,rdma_vf_rail1,link_downed,0
2026-09-30T07:14:40.525Z,gpu-3uwoq-6g3ya-2,ib_hw_counter,rdma_vf_rail1,out_of_sequence,8
2026-09-30T07:14:40.525Z,gpu-3uwoq-6g3ya-2,ib_hw_counter,rdma_vf_rail1,packet_seq_err,7
2026-09-30T07:14:40.525Z,gpu-3uwoq-6g3ya-2,ib_hw_counter,rdma_vf_rail1,local_ack_timeout_err,0
2026-09-30T07:14:40.525Z,gpu-3uwoq-6g3ya-2,ib_hw_counter,rdma_vf_rail1,rx_write_requests,7.11753e+08
2026-09-30T07:14:40.525Z,gpu-3uwoq-6g3ya-2,ib_hw_counter,rdma_vf_rail1,rx_read_requests,1.26765e+07
2026-09-30T07:14:40.525Z,gpu-3uwoq-6g3ya-2,ib_hw_counter,rdma_vf_rail1,req_cqe_error,0
2026-09-30T07:14:40.525Z,gpu-3uwoq-6g3ya-2,ib_hw_counter,rdma_vf_rail1,resp_cqe_error,0
2026-09-30T07:14:40.525Z,gpu-3uwoq-6g3ya-2,ib_hw_counter,rdma_vf_rail1,implied_nak_seq_err,0
2026-09-30T07:14:40.525Z,gpu-3uwoq-6g3ya-2,ib_hw_counter,rdma_vf_rail1,duplicate_request,0
2026-09-30T07:14:40.525Z,gpu-3uwoq-6g3ya-2,ib_counter,rdma_vf_rail2,port_xmit_data,3.03404e+12
2026-09-30T07:14:40.525Z,gpu-3uwoq-6g3ya-2,ib_counter,rdma_vf_rail2,port_rcv_data,5.99353e+12
2026-09-30T07:14:40.525Z,gpu-3uwoq-6g3ya-2,ib_counter,rdma_vf_rail2,port_xmit_packets,1.02246e+09
2026-09-30T07:14:40.525Z,gpu-3uwoq-6g3ya-2,ib_counter,rdma_vf_rail2,port_rcv_packets,1.64775e+09
2026-09-30T07:14:40.525Z,gpu-3uwoq-6g3ya-2,ib_counter,rdma_vf_rail2,port_xmit_wait,0
2026-09-30T07:14:40.525Z,gpu-3uwoq-6g3ya-2,ib_counter,rdma_vf_rail2,port_rcv_errors,0
2026-09-30T07:14:40.525Z,gpu-3uwoq-6g3ya-2,ib_counter,rdma_vf_rail2,port_xmit_discards,0
2026-09-30T07:14:40.525Z,gpu-3uwoq-6g3ya-2,ib_counter,rdma_vf_rail2,link_downed,0
2026-09-30T07:14:40.525Z,gpu-3uwoq-6g3ya-2,ib_hw_counter,rdma_vf_rail2,out_of_sequence,8
2026-09-30T07:14:40.525Z,gpu-3uwoq-6g3ya-2,ib_hw_counter,rdma_vf_rail2,packet_seq_err,8
2026-09-30T07:14:40.525Z,gpu-3uwoq-6g3ya-2,ib_hw_counter,rdma_vf_rail2,local_ack_timeout_err,0
2026-09-30T07:14:40.525Z,gpu-3uwoq-6g3ya-2,ib_hw_counter,rdma_vf_rail2,rx_write_requests,7.1132e+08
2026-09-30T07:14:40.525Z,gpu-3uwoq-6g3ya-2,ib_hw_counter,rdma_vf_rail2,rx_read_requests,1.24691e+07
2026-09-30T07:14:40.525Z,gpu-3uwoq-6g3ya-2,ib_hw_counter,rdma_vf_rail2,req_cqe_error,0
2026-09-30T07:14:40.525Z,gpu-3uwoq-6g3ya-2,ib_hw_counter,rdma_vf_rail2,resp_cqe_error,0
2026-09-30T07:14:40.525Z,gpu-3uwoq-6g3ya-2,ib_hw_counter,rdma_vf_rail2,implied_nak_seq_err,0
2026-09-30T07:14:40.525Z,gpu-3uwoq-6g3ya-2,ib_hw_counter,rdma_vf_rail2,duplicate_request,0
2026-09-30T07:14:40.525Z,gpu-3uwoq-6g3ya-2,ib_counter,rdma_vf_rail3,port_xmit_data,3.03395e+12
2026-09-30T07:14:40.525Z,gpu-3uwoq-6g3ya-2,ib_counter,rdma_vf_rail3,port_rcv_data,5.99419e+12
2026-09-30T07:14:40.525Z,gpu-3uwoq-6g3ya-2,ib_counter,rdma_vf_rail3,port_xmit_packets,1.02081e+09
2026-09-30T07:14:40.525Z,gpu-3uwoq-6g3ya-2,ib_counter,rdma_vf_rail3,port_rcv_packets,1.65515e+09
2026-09-30T07:14:40.525Z,gpu-3uwoq-6g3ya-2,ib_counter,rdma_vf_rail3,port_xmit_wait,0
2026-09-30T07:14:40.525Z,gpu-3uwoq-6g3ya-2,ib_counter,rdma_vf_rail3,port_rcv_errors,0
2026-09-30T07:14:40.525Z,gpu-3uwoq-6g3ya-2,ib_counter,rdma_vf_rail3,port_xmit_discards,0
2026-09-30T07:14:40.525Z,gpu-3uwoq-6g3ya-2,ib_counter,rdma_vf_rail3,link_downed,0
2026-09-30T07:14:40.525Z,gpu-3uwoq-6g3ya-2,ib_hw_counter,rdma_vf_rail3,out_of_sequence,8
2026-09-30T07:14:40.525Z,gpu-3uwoq-6g3ya-2,ib_hw_counter,rdma_vf_rail3,packet_seq_err,9
2026-09-30T07:14:40.525Z,gpu-3uwoq-6g3ya-2,ib_hw_counter,rdma_vf_rail3,local_ack_timeout_err,0
2026-09-30T07:14:40.525Z,gpu-3uwoq-6g3ya-2,ib_hw_counter,rdma_vf_rail3,rx_write_requests,7.1132e+08
2026-09-30T07:14:40.525Z,gpu-3uwoq-6g3ya-2,ib_hw_counter,rdma_vf_rail3,rx_read_requests,1.24693e+07
2026-09-30T07:14:40.525Z,gpu-3uwoq-6g3ya-2,ib_hw_counter,rdma_vf_rail3,req_cqe_error,0
2026-09-30T07:14:40.525Z,gpu-3uwoq-6g3ya-2,ib_hw_counter,rdma_vf_rail3,resp_cqe_error,0
2026-09-30T07:14:40.525Z,gpu-3uwoq-6g3ya-2,ib_hw_counter,rdma_vf_rail3,implied_nak_seq_err,0
2026-09-30T07:14:40.525Z,gpu-3uwoq-6g3ya-2,ib_hw_counter,rdma_vf_rail3,duplicate_request,0
2026-09-30T07:14:40.525Z,gpu-3uwoq-6g3ya-2,dcgm,gpu2,gpu_util,0
2026-09-30T07:14:40.525Z,gpu-3uwoq-6g3ya-2,dcgm,gpu3,gpu_util,0
2026-09-30T07:14:40.525Z,gpu-3uwoq-6g3ya-2,dcgm,gpu1,gpu_util,0
2026-09-30T07:14:40.525Z,gpu-3uwoq-6g3ya-2,dcgm,gpu0,gpu_util,0
2026-09-30T07:14:40.525Z,gpu-3uwoq-6g3ya-2,dcgm,gpu2,nvlink_bandwidth_total,11
2026-09-30T07:14:40.525Z,gpu-3uwoq-6g3ya-2,dcgm,gpu3,nvlink_bandwidth_total,14
2026-09-30T07:14:40.525Z,gpu-3uwoq-6g3ya-2,dcgm,gpu1,nvlink_bandwidth_total,5
2026-09-30T07:14:40.525Z,gpu-3uwoq-6g3ya-2,dcgm,gpu0,nvlink_bandwidth_total,0
2026-09-30T07:14:40.525Z,gpu-3uwoq-6g3ya-2,dcgm,gpu2,power_w,232.412
2026-09-30T07:14:40.525Z,gpu-3uwoq-6g3ya-2,dcgm,gpu3,power_w,233.992
2026-09-30T07:14:40.525Z,gpu-3uwoq-6g3ya-2,dcgm,gpu1,power_w,229.968
2026-09-30T07:14:40.525Z,gpu-3uwoq-6g3ya-2,dcgm,gpu0,power_w,226.588
2026-09-30T07:14:40.525Z,gpu-3uwoq-6g3ya-2,dcgm,gpu2,sm_clock_mhz,2070
2026-09-30T07:14:40.525Z,gpu-3uwoq-6g3ya-2,dcgm,gpu3,sm_clock_mhz,2070
2026-09-30T07:14:40.525Z,gpu-3uwoq-6g3ya-2,dcgm,gpu1,sm_clock_mhz,2070
2026-09-30T07:14:40.525Z,gpu-3uwoq-6g3ya-2,dcgm,gpu0,sm_clock_mhz,2070
2026-09-30T07:14:40.525Z,gpu-3uwoq-6g3ya-2,dcgm,gpu2,dram_active,5e-06
2026-09-30T07:14:40.525Z,gpu-3uwoq-6g3ya-2,dcgm,gpu3,dram_active,5e-06
2026-09-30T07:14:40.525Z,gpu-3uwoq-6g3ya-2,dcgm,gpu1,dram_active,5e-06
2026-09-30T07:14:40.525Z,gpu-3uwoq-6g3ya-2,dcgm,gpu0,dram_active,5e-06
2026-09-30T07:14:40.525Z,gpu-3uwoq-6g3ya-2,dcgm,gpu2,pcie_rx_bytes,353177
2026-09-30T07:14:40.525Z,gpu-3uwoq-6g3ya-2,dcgm,gpu3,pcie_rx_bytes,281346
2026-09-30T07:14:40.525Z,gpu-3uwoq-6g3ya-2,dcgm,gpu1,pcie_rx_bytes,388727
2026-09-30T07:14:40.525Z,gpu-3uwoq-6g3ya-2,dcgm,gpu0,pcie_rx_bytes,402180
2026-09-30T07:14:40.525Z,gpu-3uwoq-6g3ya-2,dcgm,gpu2,pcie_tx_bytes,301337
2026-09-30T07:14:40.525Z,gpu-3uwoq-6g3ya-2,dcgm,gpu3,pcie_tx_bytes,246732
2026-09-30T07:14:40.525Z,gpu-3uwoq-6g3ya-2,dcgm,gpu1,pcie_tx_bytes,337701
2026-09-30T07:14:40.525Z,gpu-3uwoq-6g3ya-2,dcgm,gpu0,pcie_tx_bytes,350057
2026-09-30T07:14:40.525Z,gpu-3uwoq-6g3ya-2,dcgm,gpu2,tensor_active,0
2026-09-30T07:14:40.525Z,gpu-3uwoq-6g3ya-2,dcgm,gpu3,tensor_active,0
2026-09-30T07:14:40.525Z,gpu-3uwoq-6g3ya-2,dcgm,gpu1,tensor_active,0
2026-09-30T07:14:40.525Z,gpu-3uwoq-6g3ya-2,dcgm,gpu0,tensor_active,0
2026-09-30T07:14:40.525Z,gpu-3uwoq-6g3ya-2,dcgm,gpu2,sm_active,0
2026-09-30T07:14:40.525Z,gpu-3uwoq-6g3ya-2,dcgm,gpu3,sm_active,0
2026-09-30T07:14:40.525Z,gpu-3uwoq-6g3ya-2,dcgm,gpu1,sm_active,0
2026-09-30T07:14:40.525Z,gpu-3uwoq-6g3ya-2,dcgm,gpu0,sm_active,0
2026-09-30T07:14:40.525Z,gpu-3uwoq-6g3ya-2,nvlink,gpu0,nvlink_rx_bytes,4.84459e+13
2026-09-30T07:14:40.525Z,gpu-3uwoq-6g3ya-2,nvlink,gpu0,nvlink_tx_bytes,4.84493e+13
2026-09-30T07:14:40.525Z,gpu-3uwoq-6g3ya-2,nvlink,gpu1,nvlink_rx_bytes,4.8648e+13
2026-09-30T07:14:40.525Z,gpu-3uwoq-6g3ya-2,nvlink,gpu1,nvlink_tx_bytes,4.86502e+13
2026-09-30T07:14:40.525Z,gpu-3uwoq-6g3ya-2,nvlink,gpu2,nvlink_rx_bytes,4.84828e+13
2026-09-30T07:14:40.525Z,gpu-3uwoq-6g3ya-2,nvlink,gpu2,nvlink_tx_bytes,4.84863e+13
2026-09-30T07:14:40.525Z,gpu-3uwoq-6g3ya-2,nvlink,gpu3,nvlink_rx_bytes,4.83797e+13
2026-09-30T07:14:40.525Z,gpu-3uwoq-6g3ya-2,nvlink,gpu3,nvlink_tx_bytes,4.83829e+13
2026-09-30T07:14:41.525Z,gpu-3uwoq-6g3ya-2,ib_counter,rdma_vf_rail0,port_xmit_data,3.17032e+12
2026-09-30T07:14:41.525Z,gpu-3uwoq-6g3ya-2,ib_counter,rdma_vf_rail0,port_rcv_data,6.1304e+12
2026-09-30T07:14:41.525Z,gpu-3uwoq-6g3ya-2,ib_counter,rdma_vf_rail0,port_xmit_packets,1.07299e+09
2026-09-30T07:14:41.525Z,gpu-3uwoq-6g3ya-2,ib_counter,rdma_vf_rail0,port_rcv_packets,1.70433e+09
2026-09-30T07:14:41.525Z,gpu-3uwoq-6g3ya-2,ib_counter,rdma_vf_rail0,port_xmit_wait,0
2026-09-30T07:14:41.525Z,gpu-3uwoq-6g3ya-2,ib_counter,rdma_vf_rail0,port_rcv_errors,0
2026-09-30T07:14:41.525Z,gpu-3uwoq-6g3ya-2,ib_counter,rdma_vf_rail0,port_xmit_discards,0
2026-09-30T07:14:41.525Z,gpu-3uwoq-6g3ya-2,ib_counter,rdma_vf_rail0,link_downed,0
2026-09-30T07:14:41.525Z,gpu-3uwoq-6g3ya-2,ib_hw_counter,rdma_vf_rail0,out_of_sequence,8
2026-09-30T07:14:41.525Z,gpu-3uwoq-6g3ya-2,ib_hw_counter,rdma_vf_rail0,packet_seq_err,8
2026-09-30T07:14:41.525Z,gpu-3uwoq-6g3ya-2,ib_hw_counter,rdma_vf_rail0,local_ack_timeout_err,0
2026-09-30T07:14:41.525Z,gpu-3uwoq-6g3ya-2,ib_hw_counter,rdma_vf_rail0,rx_write_requests,7.13352e+08
2026-09-30T07:14:41.525Z,gpu-3uwoq-6g3ya-2,ib_hw_counter,rdma_vf_rail0,rx_read_requests,1.34813e+07
2026-09-30T07:14:41.525Z,gpu-3uwoq-6g3ya-2,ib_hw_counter,rdma_vf_rail0,req_cqe_error,0
2026-09-30T07:14:41.525Z,gpu-3uwoq-6g3ya-2,ib_hw_counter,rdma_vf_rail0,resp_cqe_error,0
2026-09-30T07:14:41.525Z,gpu-3uwoq-6g3ya-2,ib_hw_counter,rdma_vf_rail0,implied_nak_seq_err,0
2026-09-30T07:14:41.525Z,gpu-3uwoq-6g3ya-2,ib_hw_counter,rdma_vf_rail0,duplicate_request,0
2026-09-30T07:14:41.525Z,gpu-3uwoq-6g3ya-2,ib_counter,rdma_vf_rail1,port_xmit_data,3.06213e+12
2026-09-30T07:14:41.525Z,gpu-3uwoq-6g3ya-2,ib_counter,rdma_vf_rail1,port_rcv_data,6.02217e+12
2026-09-30T07:14:41.525Z,gpu-3uwoq-6g3ya-2,ib_counter,rdma_vf_rail1,port_xmit_packets,1.04027e+09
2026-09-30T07:14:41.525Z,gpu-3uwoq-6g3ya-2,ib_counter,rdma_vf_rail1,port_rcv_packets,1.67178e+09
2026-09-30T07:14:41.525Z,gpu-3uwoq-6g3ya-2,ib_counter,rdma_vf_rail1,port_xmit_wait,0
2026-09-30T07:14:41.525Z,gpu-3uwoq-6g3ya-2,ib_counter,rdma_vf_rail1,port_rcv_errors,0
2026-09-30T07:14:41.525Z,gpu-3uwoq-6g3ya-2,ib_counter,rdma_vf_rail1,port_xmit_discards,0
2026-09-30T07:14:41.525Z,gpu-3uwoq-6g3ya-2,ib_counter,rdma_vf_rail1,link_downed,0
2026-09-30T07:14:41.525Z,gpu-3uwoq-6g3ya-2,ib_hw_counter,rdma_vf_rail1,out_of_sequence,8
2026-09-30T07:14:41.525Z,gpu-3uwoq-6g3ya-2,ib_hw_counter,rdma_vf_rail1,packet_seq_err,7
2026-09-30T07:14:41.525Z,gpu-3uwoq-6g3ya-2,ib_hw_counter,rdma_vf_rail1,local_ack_timeout_err,0
2026-09-30T07:14:41.525Z,gpu-3uwoq-6g3ya-2,ib_hw_counter,rdma_vf_rail1,rx_write_requests,7.1176e+08
2026-09-30T07:14:41.525Z,gpu-3uwoq-6g3ya-2,ib_hw_counter,rdma_vf_rail1,rx_read_requests,1.26803e+07
2026-09-30T07:14:41.525Z,gpu-3uwoq-6g3ya-2,ib_hw_counter,rdma_vf_rail1,req_cqe_error,0
2026-09-30T07:14:41.525Z,gpu-3uwoq-6g3ya-2,ib_hw_counter,rdma_vf_rail1,resp_cqe_error,0
2026-09-30T07:14:41.525Z,gpu-3uwoq-6g3ya-2,ib_hw_counter,rdma_vf_rail1,implied_nak_seq_err,0
2026-09-30T07:14:41.525Z,gpu-3uwoq-6g3ya-2,ib_hw_counter,rdma_vf_rail1,duplicate_request,0
2026-09-30T07:14:41.525Z,gpu-3uwoq-6g3ya-2,ib_counter,rdma_vf_rail2,port_xmit_data,3.03455e+12
2026-09-30T07:14:41.525Z,gpu-3uwoq-6g3ya-2,ib_counter,rdma_vf_rail2,port_rcv_data,5.99404e+12
2026-09-30T07:14:41.525Z,gpu-3uwoq-6g3ya-2,ib_counter,rdma_vf_rail2,port_xmit_packets,1.0226e+09
2026-09-30T07:14:41.525Z,gpu-3uwoq-6g3ya-2,ib_counter,rdma_vf_rail2,port_rcv_packets,1.6479e+09
2026-09-30T07:14:41.525Z,gpu-3uwoq-6g3ya-2,ib_counter,rdma_vf_rail2,port_xmit_wait,0
2026-09-30T07:14:41.525Z,gpu-3uwoq-6g3ya-2,ib_counter,rdma_vf_rail2,port_rcv_errors,0
2026-09-30T07:14:41.525Z,gpu-3uwoq-6g3ya-2,ib_counter,rdma_vf_rail2,port_xmit_discards,0
2026-09-30T07:14:41.525Z,gpu-3uwoq-6g3ya-2,ib_counter,rdma_vf_rail2,link_downed,0
2026-09-30T07:14:41.525Z,gpu-3uwoq-6g3ya-2,ib_hw_counter,rdma_vf_rail2,out_of_sequence,8
2026-09-30T07:14:41.525Z,gpu-3uwoq-6g3ya-2,ib_hw_counter,rdma_vf_rail2,packet_seq_err,8
2026-09-30T07:14:41.525Z,gpu-3uwoq-6g3ya-2,ib_hw_counter,rdma_vf_rail2,local_ack_timeout_err,0
2026-09-30T07:14:41.525Z,gpu-3uwoq-6g3ya-2,ib_hw_counter,rdma_vf_rail2,rx_write_requests,7.11327e+08
2026-09-30T07:14:41.525Z,gpu-3uwoq-6g3ya-2,ib_hw_counter,rdma_vf_rail2,rx_read_requests,1.24727e+07
2026-09-30T07:14:41.525Z,gpu-3uwoq-6g3ya-2,ib_hw_counter,rdma_vf_rail2,req_cqe_error,0
2026-09-30T07:14:41.525Z,gpu-3uwoq-6g3ya-2,ib_hw_counter,rdma_vf_rail2,resp_cqe_error,0
2026-09-30T07:14:41.525Z,gpu-3uwoq-6g3ya-2,ib_hw_counter,rdma_vf_rail2,implied_nak_seq_err,0
2026-09-30T07:14:41.525Z,gpu-3uwoq-6g3ya-2,ib_hw_counter,rdma_vf_rail2,duplicate_request,0
2026-09-30T07:14:41.525Z,gpu-3uwoq-6g3ya-2,ib_counter,rdma_vf_rail3,port_xmit_data,3.03441e+12
2026-09-30T07:14:41.525Z,gpu-3uwoq-6g3ya-2,ib_counter,rdma_vf_rail3,port_rcv_data,5.99464e+12
2026-09-30T07:14:41.525Z,gpu-3uwoq-6g3ya-2,ib_counter,rdma_vf_rail3,port_xmit_packets,1.02094e+09
2026-09-30T07:14:41.525Z,gpu-3uwoq-6g3ya-2,ib_counter,rdma_vf_rail3,port_rcv_packets,1.65528e+09
2026-09-30T07:14:41.525Z,gpu-3uwoq-6g3ya-2,ib_counter,rdma_vf_rail3,port_xmit_wait,0
2026-09-30T07:14:41.525Z,gpu-3uwoq-6g3ya-2,ib_counter,rdma_vf_rail3,port_rcv_errors,0
2026-09-30T07:14:41.525Z,gpu-3uwoq-6g3ya-2,ib_counter,rdma_vf_rail3,port_xmit_discards,0
2026-09-30T07:14:41.525Z,gpu-3uwoq-6g3ya-2,ib_counter,rdma_vf_rail3,link_downed,0
2026-09-30T07:14:41.525Z,gpu-3uwoq-6g3ya-2,ib_hw_counter,rdma_vf_rail3,out_of_sequence,8
2026-09-30T07:14:41.525Z,gpu-3uwoq-6g3ya-2,ib_hw_counter,rdma_vf_rail3,packet_seq_err,9
2026-09-30T07:14:41.525Z,gpu-3uwoq-6g3ya-2,ib_hw_counter,rdma_vf_rail3,local_ack_timeout_err,0
2026-09-30T07:14:41.525Z,gpu-3uwoq-6g3ya-2,ib_hw_counter,rdma_vf_rail3,rx_write_requests,7.11327e+08
2026-09-30T07:14:41.525Z,gpu-3uwoq-6g3ya-2,ib_hw_counter,rdma_vf_rail3,rx_read_requests,1.24727e+07
2026-09-30T07:14:41.525Z,gpu-3uwoq-6g3ya-2,ib_hw_counter,rdma_vf_rail3,req_cqe_error,0
2026-09-30T07:14:41.525Z,gpu-3uwoq-6g3ya-2,ib_hw_counter,rdma_vf_rail3,resp_cqe_error,0
2026-09-30T07:14:41.525Z,gpu-3uwoq-6g3ya-2,ib_hw_counter,rdma_vf_rail3,implied_nak_seq_err,0
2026-09-30T07:14:41.525Z,gpu-3uwoq-6g3ya-2,ib_hw_counter,rdma_vf_rail3,duplicate_request,0
2026-09-30T07:14:41.525Z,gpu-3uwoq-6g3ya-2,dcgm,gpu2,gpu_util,0
2026-09-30T07:14:41.525Z,gpu-3uwoq-6g3ya-2,dcgm,gpu3,gpu_util,0
2026-09-30T07:14:41.525Z,gpu-3uwoq-6g3ya-2,dcgm,gpu1,gpu_util,0
2026-09-30T07:14:41.525Z,gpu-3uwoq-6g3ya-2,dcgm,gpu0,gpu_util,0
2026-09-30T07:14:41.525Z,gpu-3uwoq-6g3ya-2,dcgm,gpu2,nvlink_bandwidth_total,11
2026-09-30T07:14:41.525Z,gpu-3uwoq-6g3ya-2,dcgm,gpu3,nvlink_bandwidth_total,14
2026-09-30T07:14:41.525Z,gpu-3uwoq-6g3ya-2,dcgm,gpu1,nvlink_bandwidth_total,5
2026-09-30T07:14:41.525Z,gpu-3uwoq-6g3ya-2,dcgm,gpu0,nvlink_bandwidth_total,0
2026-09-30T07:14:41.525Z,gpu-3uwoq-6g3ya-2,dcgm,gpu2,power_w,232.412
2026-09-30T07:14:41.525Z,gpu-3uwoq-6g3ya-2,dcgm,gpu3,power_w,233.992
2026-09-30T07:14:41.525Z,gpu-3uwoq-6g3ya-2,dcgm,gpu1,power_w,229.968
2026-09-30T07:14:41.525Z,gpu-3uwoq-6g3ya-2,dcgm,gpu0,power_w,226.588
2026-09-30T07:14:41.525Z,gpu-3uwoq-6g3ya-2,dcgm,gpu2,sm_clock_mhz,2070
2026-09-30T07:14:41.525Z,gpu-3uwoq-6g3ya-2,dcgm,gpu3,sm_clock_mhz,2070
2026-09-30T07:14:41.525Z,gpu-3uwoq-6g3ya-2,dcgm,gpu1,sm_clock_mhz,2070
2026-09-30T07:14:41.525Z,gpu-3uwoq-6g3ya-2,dcgm,gpu0,sm_clock_mhz,2070
2026-09-30T07:14:41.525Z,gpu-3uwoq-6g3ya-2,dcgm,gpu2,dram_active,5e-06
2026-09-30T07:14:41.525Z,gpu-3uwoq-6g3ya-2,dcgm,gpu3,dram_active,5e-06
2026-09-30T07:14:41.525Z,gpu-3uwoq-6g3ya-2,dcgm,gpu1,dram_active,5e-06
2026-09-30T07:14:41.525Z,gpu-3uwoq-6g3ya-2,dcgm,gpu0,dram_active,5e-06
2026-09-30T07:14:41.525Z,gpu-3uwoq-6g3ya-2,dcgm,gpu2,pcie_rx_bytes,353177
2026-09-30T07:14:41.525Z,gpu-3uwoq-6g3ya-2,dcgm,gpu3,pcie_rx_bytes,281346
2026-09-30T07:14:41.525Z,gpu-3uwoq-6g3ya-2,dcgm,gpu1,pcie_rx_bytes,388727
2026-09-30T07:14:41.525Z,gpu-3uwoq-6g3ya-2,dcgm,gpu0,pcie_rx_bytes,402180
2026-09-30T07:14:41.525Z,gpu-3uwoq-6g3ya-2,dcgm,gpu2,pcie_tx_bytes,301337
2026-09-30T07:14:41.525Z,gpu-3uwoq-6g3ya-2,dcgm,gpu3,pcie_tx_bytes,246732
2026-09-30T07:14:41.525Z,gpu-3uwoq-6g3ya-2,dcgm,gpu1,pcie_tx_bytes,337701
2026-09-30T07:14:41.525Z,gpu-3uwoq-6g3ya-2,dcgm,gpu0,pcie_tx_bytes,350057
2026-09-30T07:14:41.525Z,gpu-3uwoq-6g3ya-2,dcgm,gpu2,tensor_active,0
2026-09-30T07:14:41.525Z,gpu-3uwoq-6g3ya-2,dcgm,gpu3,tensor_active,0
2026-09-30T07:14:41.525Z,gpu-3uwoq-6g3ya-2,dcgm,gpu1,tensor_active,0
2026-09-30T07:14:41.525Z,gpu-3uwoq-6g3ya-2,dcgm,gpu0,tensor_active,0
2026-09-30T07:14:41.525Z,gpu-3uwoq-6g3ya-2,dcgm,gpu2,sm_active,0
2026-09-30T07:14:41.525Z,gpu-3uwoq-6g3ya-2,dcgm,gpu3,sm_active,0
2026-09-30T07:14:41.525Z,gpu-3uwoq-6g3ya-2,dcgm,gpu1,sm_active,0
2026-09-30T07:14:41.525Z,gpu-3uwoq-6g3ya-2,dcgm,gpu0,sm_active,0
2026-09-30T07:14:41.525Z,gpu-3uwoq-6g3ya-2,nvlink,gpu0,nvlink_rx_bytes,4.84459e+13
2026-09-30T07:14:41.525Z,gpu-3uwoq-6g3ya-2,nvlink,gpu0,nvlink_tx_bytes,4.84493e+13
2026-09-30T07:14:41.525Z,gpu-3uwoq-6g3ya-2,nvlink,gpu1,nvlink_rx_bytes,4.8648e+13
2026-09-30T07:14:41.525Z,gpu-3uwoq-6g3ya-2,nvlink,gpu1,nvlink_tx_bytes,4.86502e+13
2026-09-30T07:14:41.525Z,gpu-3uwoq-6g3ya-2,nvlink,gpu2,nvlink_rx_bytes,4.84828e+13
2026-09-30T07:14:41.525Z,gpu-3uwoq-6g3ya-2,nvlink,gpu2,nvlink_tx_bytes,4.84863e+13
2026-09-30T07:14:41.525Z,gpu-3uwoq-6g3ya-2,nvlink,gpu3,nvlink_rx_bytes,4.83797e+13
2026-09-30T07:14:41.525Z,gpu-3uwoq-6g3ya-2,nvlink,gpu3,nvlink_tx_bytes,4.83829e+13
2026-09-30T07:14:42.525Z,gpu-3uwoq-6g3ya-2,ib_counter,rdma_vf_rail0,port_xmit_data,3.17032e+12
2026-09-30T07:14:42.525Z,gpu-3uwoq-6g3ya-2,ib_counter,rdma_vf_rail0,port_rcv_data,6.1304e+12
2026-09-30T07:14:42.525Z,gpu-3uwoq-6g3ya-2,ib_counter,rdma_vf_rail0,port_xmit_packets,1.07299e+09
2026-09-30T07:14:42.525Z,gpu-3uwoq-6g3ya-2,ib_counter,rdma_vf_rail0,port_rcv_packets,1.70433e+09
2026-09-30T07:14:42.525Z,gpu-3uwoq-6g3ya-2,ib_counter,rdma_vf_rail0,port_xmit_wait,0
2026-09-30T07:14:42.525Z,gpu-3uwoq-6g3ya-2,ib_counter,rdma_vf_rail0,port_rcv_errors,0
2026-09-30T07:14:42.525Z,gpu-3uwoq-6g3ya-2,ib_counter,rdma_vf_rail0,port_xmit_discards,0
2026-09-30T07:14:42.525Z,gpu-3uwoq-6g3ya-2,ib_counter,rdma_vf_rail0,link_downed,0
2026-09-30T07:14:42.525Z,gpu-3uwoq-6g3ya-2,ib_hw_counter,rdma_vf_rail0,out_of_sequence,8
2026-09-30T07:14:42.525Z,gpu-3uwoq-6g3ya-2,ib_hw_counter,rdma_vf_rail0,packet_seq_err,8
2026-09-30T07:14:42.525Z,gpu-3uwoq-6g3ya-2,ib_hw_counter,rdma_vf_rail0,local_ack_timeout_err,0
2026-09-30T07:14:42.525Z,gpu-3uwoq-6g3ya-2,ib_hw_counter,rdma_vf_rail0,rx_write_requests,7.13352e+08
2026-09-30T07:14:42.525Z,gpu-3uwoq-6g3ya-2,ib_hw_counter,rdma_vf_rail0,rx_read_requests,1.34813e+07
2026-09-30T07:14:42.525Z,gpu-3uwoq-6g3ya-2,ib_hw_counter,rdma_vf_rail0,req_cqe_error,0
2026-09-30T07:14:42.525Z,gpu-3uwoq-6g3ya-2,ib_hw_counter,rdma_vf_rail0,resp_cqe_error,0
2026-09-30T07:14:42.525Z,gpu-3uwoq-6g3ya-2,ib_hw_counter,rdma_vf_rail0,implied_nak_seq_err,0
2026-09-30T07:14:42.525Z,gpu-3uwoq-6g3ya-2,ib_hw_counter,rdma_vf_rail0,duplicate_request,0
2026-09-30T07:14:42.525Z,gpu-3uwoq-6g3ya-2,ib_counter,rdma_vf_rail1,port_xmit_data,3.06213e+12
2026-09-30T07:14:42.525Z,gpu-3uwoq-6g3ya-2,ib_counter,rdma_vf_rail1,port_rcv_data,6.02217e+12
2026-09-30T07:14:42.525Z,gpu-3uwoq-6g3ya-2,ib_counter,rdma_vf_rail1,port_xmit_packets,1.04027e+09
2026-09-30T07:14:42.525Z,gpu-3uwoq-6g3ya-2,ib_counter,rdma_vf_rail1,port_rcv_packets,1.67178e+09
2026-09-30T07:14:42.525Z,gpu-3uwoq-6g3ya-2,ib_counter,rdma_vf_rail1,port_xmit_wait,0
2026-09-30T07:14:42.525Z,gpu-3uwoq-6g3ya-2,ib_counter,rdma_vf_rail1,port_rcv_errors,0
2026-09-30T07:14:42.525Z,gpu-3uwoq-6g3ya-2,ib_counter,rdma_vf_rail1,port_xmit_discards,0
2026-09-30T07:14:42.525Z,gpu-3uwoq-6g3ya-2,ib_counter,rdma_vf_rail1,link_downed,0
2026-09-30T07:14:42.525Z,gpu-3uwoq-6g3ya-2,ib_hw_counter,rdma_vf_rail1,out_of_sequence,8
2026-09-30T07:14:42.525Z,gpu-3uwoq-6g3ya-2,ib_hw_counter,rdma_vf_rail1,packet_seq_err,7
2026-09-30T07:14:42.525Z,gpu-3uwoq-6g3ya-2,ib_hw_counter,rdma_vf_rail1,local_ack_timeout_err,0
2026-09-30T07:14:42.525Z,gpu-3uwoq-6g3ya-2,ib_hw_counter,rdma_vf_rail1,rx_write_requests,7.1176e+08
2026-09-30T07:14:42.525Z,gpu-3uwoq-6g3ya-2,ib_hw_counter,rdma_vf_rail1,rx_read_requests,1.26803e+07
2026-09-30T07:14:42.525Z,gpu-3uwoq-6g3ya-2,ib_hw_counter,rdma_vf_rail1,req_cqe_error,0
2026-09-30T07:14:42.525Z,gpu-3uwoq-6g3ya-2,ib_hw_counter,rdma_vf_rail1,resp_cqe_error,0
2026-09-30T07:14:42.525Z,gpu-3uwoq-6g3ya-2,ib_hw_counter,rdma_vf_rail1,implied_nak_seq_err,0
2026-09-30T07:14:42.525Z,gpu-3uwoq-6g3ya-2,ib_hw_counter,rdma_vf_rail1,duplicate_request,0
2026-09-30T07:14:42.525Z,gpu-3uwoq-6g3ya-2,ib_counter,rdma_vf_rail2,port_xmit_data,3.03455e+12
2026-09-30T07:14:42.525Z,gpu-3uwoq-6g3ya-2,ib_counter,rdma_vf_rail2,port_rcv_data,5.99404e+12
2026-09-30T07:14:42.525Z,gpu-3uwoq-6g3ya-2,ib_counter,rdma_vf_rail2,port_xmit_packets,1.0226e+09
2026-09-30T07:14:42.525Z,gpu-3uwoq-6g3ya-2,ib_counter,rdma_vf_rail2,port_rcv_packets,1.6479e+09
2026-09-30T07:14:42.525Z,gpu-3uwoq-6g3ya-2,ib_counter,rdma_vf_rail2,port_xmit_wait,0
2026-09-30T07:14:42.525Z,gpu-3uwoq-6g3ya-2,ib_counter,rdma_vf_rail2,port_rcv_errors,0
2026-09-30T07:14:42.525Z,gpu-3uwoq-6g3ya-2,ib_counter,rdma_vf_rail2,port_xmit_discards,0
2026-09-30T07:14:42.525Z,gpu-3uwoq-6g3ya-2,ib_counter,rdma_vf_rail2,link_downed,0
2026-09-30T07:14:42.525Z,gpu-3uwoq-6g3ya-2,ib_hw_counter,rdma_vf_rail2,out_of_sequence,8
2026-09-30T07:14:42.525Z,gpu-3uwoq-6g3ya-2,ib_hw_counter,rdma_vf_rail2,packet_seq_err,8
2026-09-30T07:14:42.525Z,gpu-3uwoq-6g3ya-2,ib_hw_counter,rdma_vf_rail2,local_ack_timeout_err,0
2026-09-30T07:14:42.525Z,gpu-3uwoq-6g3ya-2,ib_hw_counter,rdma_vf_rail2,rx_write_requests,7.11327e+08
2026-09-30T07:14:42.525Z,gpu-3uwoq-6g3ya-2,ib_hw_counter,rdma_vf_rail2,rx_read_requests,1.24727e+07
2026-09-30T07:14:42.525Z,gpu-3uwoq-6g3ya-2,ib_hw_counter,rdma_vf_rail2,req_cqe_error,0
2026-09-30T07:14:42.525Z,gpu-3uwoq-6g3ya-2,ib_hw_counter,rdma_vf_rail2,resp_cqe_error,0
2026-09-30T07:14:42.525Z,gpu-3uwoq-6g3ya-2,ib_hw_counter,rdma_vf_rail2,implied_nak_seq_err,0
2026-09-30T07:14:42.525Z,gpu-3uwoq-6g3ya-2,ib_hw_counter,rdma_vf_rail2,duplicate_request,0
2026-09-30T07:14:42.525Z,gpu-3uwoq-6g3ya-2,ib_counter,rdma_vf_rail3,port_xmit_data,3.03441e+12
2026-09-30T07:14:42.525Z,gpu-3uwoq-6g3ya-2,ib_counter,rdma_vf_rail3,port_rcv_data,5.99464e+12
2026-09-30T07:14:42.525Z,gpu-3uwoq-6g3ya-2,ib_counter,rdma_vf_rail3,port_xmit_packets,1.02094e+09
2026-09-30T07:14:42.525Z,gpu-3uwoq-6g3ya-2,ib_counter,rdma_vf_rail3,port_rcv_packets,1.65528e+09
2026-09-30T07:14:42.525Z,gpu-3uwoq-6g3ya-2,ib_counter,rdma_vf_rail3,port_xmit_wait,0
2026-09-30T07:14:42.525Z,gpu-3uwoq-6g3ya-2,ib_counter,rdma_vf_rail3,port_rcv_errors,0
2026-09-30T07:14:42.525Z,gpu-3uwoq-6g3ya-2,ib_counter,rdma_vf_rail3,port_xmit_discards,0
2026-09-30T07:14:42.525Z,gpu-3uwoq-6g3ya-2,ib_counter,rdma_vf_rail3,link_downed,0
2026-09-30T07:14:42.525Z,gpu-3uwoq-6g3ya-2,ib_hw_counter,rdma_vf_rail3,out_of_sequence,8
2026-09-30T07:14:42.525Z,gpu-3uwoq-6g3ya-2,ib_hw_counter,rdma_vf_rail3,packet_seq_err,9
2026-09-30T07:14:42.525Z,gpu-3uwoq-6g3ya-2,ib_hw_counter,rdma_vf_rail3,local_ack_timeout_err,0
2026-09-30T07:14:42.525Z,gpu-3uwoq-6g3ya-2,ib_hw_counter,rdma_vf_rail3,rx_write_requests,7.11327e+08
2026-09-30T07:14:42.525Z,gpu-3uwoq-6g3ya-2,ib_hw_counter,rdma_vf_rail3,rx_read_requests,1.24727e+07
2026-09-30T07:14:42.525Z,gpu-3uwoq-6g3ya-2,ib_hw_counter,rdma_vf_rail3,req_cqe_error,0
2026-09-30T07:14:42.525Z,gpu-3uwoq-6g3ya-2,ib_hw_counter,rdma_vf_rail3,resp_cqe_error,0
2026-09-30T07:14:42.525Z,gpu-3uwoq-6g3ya-2,ib_hw_counter,rdma_vf_rail3,implied_nak_seq_err,0
2026-09-30T07:14:42.525Z,gpu-3uwoq-6g3ya-2,ib_hw_counter,rdma_vf_rail3,duplicate_request,0
2026-09-30T07:14:42.525Z,gpu-3uwoq-6g3ya-2,dcgm,gpu2,gpu_util,0
2026-09-30T07:14:42.525Z,gpu-3uwoq-6g3ya-2,dcgm,gpu3,gpu_util,0
2026-09-30T07:14:42.525Z,gpu-3uwoq-6g3ya-2,dcgm,gpu1,gpu_util,0
2026-09-30T07:14:42.525Z,gpu-3uwoq-6g3ya-2,dcgm,gpu0,gpu_util,0
2026-09-30T07:14:42.525Z,gpu-3uwoq-6g3ya-2,dcgm,gpu2,nvlink_bandwidth_total,11
2026-09-30T07:14:42.525Z,gpu-3uwoq-6g3ya-2,dcgm,gpu3,nvlink_bandwidth_total,14
2026-09-30T07:14:42.525Z,gpu-3uwoq-6g3ya-2,dcgm,gpu1,nvlink_bandwidth_total,5
2026-09-30T07:14:42.525Z,gpu-3uwoq-6g3ya-2,dcgm,gpu0,nvlink_bandwidth_total,0
2026-09-30T07:14:42.525Z,gpu-3uwoq-6g3ya-2,dcgm,gpu2,power_w,232.412
2026-09-30T07:14:42.525Z,gpu-3uwoq-6g3ya-2,dcgm,gpu3,power_w,233.992
2026-09-30T07:14:42.525Z,gpu-3uwoq-6g3ya-2,dcgm,gpu1,power_w,229.968
2026-09-30T07:14:42.525Z,gpu-3uwoq-6g3ya-2,dcgm,gpu0,power_w,226.588
2026-09-30T07:14:42.525Z,gpu-3uwoq-6g3ya-2,dcgm,gpu2,sm_clock_mhz,2070
2026-09-30T07:14:42.525Z,gpu-3uwoq-6g3ya-2,dcgm,gpu3,sm_clock_mhz,2070
2026-09-30T07:14:42.525Z,gpu-3uwoq-6g3ya-2,dcgm,gpu1,sm_clock_mhz,2070
2026-09-30T07:14:42.525Z,gpu-3uwoq-6g3ya-2,dcgm,gpu0,sm_clock_mhz,2070
2026-09-30T07:14:42.525Z,gpu-3uwoq-6g3ya-2,dcgm,gpu2,dram_active,5e-06
2026-09-30T07:14:42.525Z,gpu-3uwoq-6g3ya-2,dcgm,gpu3,dram_active,5e-06
2026-09-30T07:14:42.525Z,gpu-3uwoq-6g3ya-2,dcgm,gpu1,dram_active,5e-06
2026-09-30T07:14:42.525Z,gpu-3uwoq-6g3ya-2,dcgm,gpu0,dram_active,5e-06
2026-09-30T07:14:42.525Z,gpu-3uwoq-6g3ya-2,dcgm,gpu2,pcie_rx_bytes,353177
2026-09-30T07:14:42.525Z,gpu-3uwoq-6g3ya-2,dcgm,gpu3,pcie_rx_bytes,281346
2026-09-30T07:14:42.525Z,gpu-3uwoq-6g3ya-2,dcgm,gpu1,pcie_rx_bytes,388727
2026-09-30T07:14:42.525Z,gpu-3uwoq-6g3ya-2,dcgm,gpu0,pcie_rx_bytes,402180
2026-09-30T07:14:42.525Z,gpu-3uwoq-6g3ya-2,dcgm,gpu2,pcie_tx_bytes,301337
2026-09-30T07:14:42.525Z,gpu-3uwoq-6g3ya-2,dcgm,gpu3,pcie_tx_bytes,246732
2026-09-30T07:14:42.525Z,gpu-3uwoq-6g3ya-2,dcgm,gpu1,pcie_tx_bytes,337701
2026-09-30T07:14:42.525Z,gpu-3uwoq-6g3ya-2,dcgm,gpu0,pcie_tx_bytes,350057
2026-09-30T07:14:42.525Z,gpu-3uwoq-6g3ya-2,dcgm,gpu2,tensor_active,0
2026-09-30T07:14:42.525Z,gpu-3uwoq-6g3ya-2,dcgm,gpu3,tensor_active,0
2026-09-30T07:14:42.525Z,gpu-3uwoq-6g3ya-2,dcgm,gpu1,tensor_active,0
2026-09-30T07:14:42.525Z,gpu-3uwoq-6g3ya-2,dcgm,gpu0,tensor_active,0
2026-09-30T07:14:42.525Z,gpu-3uwoq-6g3ya-2,dcgm,gpu2,sm_active,0
2026-09-30T07:14:42.525Z,gpu-3uwoq-6g3ya-2,dcgm,gpu3,sm_active,0
2026-09-30T07:14:42.525Z,gpu-3uwoq-6g3ya-2,dcgm,gpu1,sm_active,0
2026-09-30T07:14:42.525Z,gpu-3uwoq-6g3ya-2,dcgm,gpu0,sm_active,0
2026-09-30T07:14:42.525Z,gpu-3uwoq-6g3ya-2,nvlink,gpu0,nvlink_rx_bytes,4.84459e+13
2026-09-30T07:14:42.525Z,gpu-3uwoq-6g3ya-2,nvlink,gpu0,nvlink_tx_bytes,4.84493e+13
2026-09-30T07:14:42.525Z,gpu-3uwoq-6g3ya-2,nvlink,gpu1,nvlink_rx_bytes,4.8648e+13
2026-09-30T07:14:42.525Z,gpu-3uwoq-6g3ya-2,nvlink,gpu1,nvlink_tx_bytes,4.86502e+13
2026-09-30T07:14:42.525Z,gpu-3uwoq-6g3ya-2,nvlink,gpu2,nvlink_rx_bytes,4.84828e+13
2026-09-30T07:14:42.525Z,gpu-3uwoq-6g3ya-2,nvlink,gpu2,nvlink_tx_bytes,4.84863e+13
2026-09-30T07:14:42.525Z,gpu-3uwoq-6g3ya-2,nvlink,gpu3,nvlink_rx_bytes,4.83797e+13
2026-09-30T07:14:42.525Z,gpu-3uwoq-6g3ya-2,nvlink,gpu3,nvlink_tx_bytes,4.83829e+13
2026-09-30T07:14:43.525Z,gpu-3uwoq-6g3ya-2,ib_counter,rdma_vf_rail0,port_xmit_data,3.17032e+12
2026-09-30T07:14:43.525Z,gpu-3uwoq-6g3ya-2,ib_counter,rdma_vf_rail0,port_rcv_data,6.1304e+12
2026-09-30T07:14:43.525Z,gpu-3uwoq-6g3ya-2,ib_counter,rdma_vf_rail0,port_xmit_packets,1.07299e+09
2026-09-30T07:14:43.525Z,gpu-3uwoq-6g3ya-2,ib_counter,rdma_vf_rail0,port_rcv_packets,1.70433e+09
2026-09-30T07:14:43.525Z,gpu-3uwoq-6g3ya-2,ib_counter,rdma_vf_rail0,port_xmit_wait,0
2026-09-30T07:14:43.525Z,gpu-3uwoq-6g3ya-2,ib_counter,rdma_vf_rail0,port_rcv_errors,0
2026-09-30T07:14:43.525Z,gpu-3uwoq-6g3ya-2,ib_counter,rdma_vf_rail0,port_xmit_discards,0
2026-09-30T07:14:43.525Z,gpu-3uwoq-6g3ya-2,ib_counter,rdma_vf_rail0,link_downed,0
2026-09-30T07:14:43.525Z,gpu-3uwoq-6g3ya-2,ib_hw_counter,rdma_vf_rail0,out_of_sequence,8
2026-09-30T07:14:43.525Z,gpu-3uwoq-6g3ya-2,ib_hw_counter,rdma_vf_rail0,packet_seq_err,8
2026-09-30T07:14:43.525Z,gpu-3uwoq-6g3ya-2,ib_hw_counter,rdma_vf_rail0,local_ack_timeout_err,0
2026-09-30T07:14:43.525Z,gpu-3uwoq-6g3ya-2,ib_hw_counter,rdma_vf_rail0,rx_write_requests,7.13352e+08
2026-09-30T07:14:43.525Z,gpu-3uwoq-6g3ya-2,ib_hw_counter,rdma_vf_rail0,rx_read_requests,1.34813e+07
2026-09-30T07:14:43.525Z,gpu-3uwoq-6g3ya-2,ib_hw_counter,rdma_vf_rail0,req_cqe_error,0
2026-09-30T07:14:43.525Z,gpu-3uwoq-6g3ya-2,ib_hw_counter,rdma_vf_rail0,resp_cqe_error,0
2026-09-30T07:14:43.525Z,gpu-3uwoq-6g3ya-2,ib_hw_counter,rdma_vf_rail0,implied_nak_seq_err,0
2026-09-30T07:14:43.525Z,gpu-3uwoq-6g3ya-2,ib_hw_counter,rdma_vf_rail0,duplicate_request,0
2026-09-30T07:14:43.525Z,gpu-3uwoq-6g3ya-2,ib_counter,rdma_vf_rail1,port_xmit_data,3.06213e+12
2026-09-30T07:14:43.525Z,gpu-3uwoq-6g3ya-2,ib_counter,rdma_vf_rail1,port_rcv_data,6.02217e+12
2026-09-30T07:14:43.525Z,gpu-3uwoq-6g3ya-2,ib_counter,rdma_vf_rail1,port_xmit_packets,1.04027e+09
2026-09-30T07:14:43.525Z,gpu-3uwoq-6g3ya-2,ib_counter,rdma_vf_rail1,port_rcv_packets,1.67178e+09
2026-09-30T07:14:43.525Z,gpu-3uwoq-6g3ya-2,ib_counter,rdma_vf_rail1,port_xmit_wait,0
2026-09-30T07:14:43.525Z,gpu-3uwoq-6g3ya-2,ib_counter,rdma_vf_rail1,port_rcv_errors,0
2026-09-30T07:14:43.525Z,gpu-3uwoq-6g3ya-2,ib_counter,rdma_vf_rail1,port_xmit_discards,0
2026-09-30T07:14:43.525Z,gpu-3uwoq-6g3ya-2,ib_counter,rdma_vf_rail1,link_downed,0
2026-09-30T07:14:43.525Z,gpu-3uwoq-6g3ya-2,ib_hw_counter,rdma_vf_rail1,out_of_sequence,8
2026-09-30T07:14:43.525Z,gpu-3uwoq-6g3ya-2,ib_hw_counter,rdma_vf_rail1,packet_seq_err,7
2026-09-30T07:14:43.525Z,gpu-3uwoq-6g3ya-2,ib_hw_counter,rdma_vf_rail1,local_ack_timeout_err,0
2026-09-30T07:14:43.525Z,gpu-3uwoq-6g3ya-2,ib_hw_counter,rdma_vf_rail1,rx_write_requests,7.1176e+08
2026-09-30T07:14:43.525Z,gpu-3uwoq-6g3ya-2,ib_hw_counter,rdma_vf_rail1,rx_read_requests,1.26803e+07
2026-09-30T07:14:43.525Z,gpu-3uwoq-6g3ya-2,ib_hw_counter,rdma_vf_rail1,req_cqe_error,0
2026-09-30T07:14:43.525Z,gpu-3uwoq-6g3ya-2,ib_hw_counter,rdma_vf_rail1,resp_cqe_error,0
2026-09-30T07:14:43.525Z,gpu-3uwoq-6g3ya-2,ib_hw_counter,rdma_vf_rail1,implied_nak_seq_err,0
2026-09-30T07:14:43.525Z,gpu-3uwoq-6g3ya-2,ib_hw_counter,rdma_vf_rail1,duplicate_request,0
2026-09-30T07:14:43.525Z,gpu-3uwoq-6g3ya-2,ib_counter,rdma_vf_rail2,port_xmit_data,3.03455e+12
2026-09-30T07:14:43.525Z,gpu-3uwoq-6g3ya-2,ib_counter,rdma_vf_rail2,port_rcv_data,5.99404e+12
2026-09-30T07:14:43.525Z,gpu-3uwoq-6g3ya-2,ib_counter,rdma_vf_rail2,port_xmit_packets,1.0226e+09
2026-09-30T07:14:43.525Z,gpu-3uwoq-6g3ya-2,ib_counter,rdma_vf_rail2,port_rcv_packets,1.6479e+09
2026-09-30T07:14:43.525Z,gpu-3uwoq-6g3ya-2,ib_counter,rdma_vf_rail2,port_xmit_wait,0
2026-09-30T07:14:43.525Z,gpu-3uwoq-6g3ya-2,ib_counter,rdma_vf_rail2,port_rcv_errors,0
2026-09-30T07:14:43.525Z,gpu-3uwoq-6g3ya-2,ib_counter,rdma_vf_rail2,port_xmit_discards,0
2026-09-30T07:14:43.525Z,gpu-3uwoq-6g3ya-2,ib_counter,rdma_vf_rail2,link_downed,0
2026-09-30T07:14:43.525Z,gpu-3uwoq-6g3ya-2,ib_hw_counter,rdma_vf_rail2,out_of_sequence,8
2026-09-30T07:14:43.525Z,gpu-3uwoq-6g3ya-2,ib_hw_counter,rdma_vf_rail2,packet_seq_err,8
2026-09-30T07:14:43.525Z,gpu-3uwoq-6g3ya-2,ib_hw_counter,rdma_vf_rail2,local_ack_timeout_err,0
2026-09-30T07:14:43.525Z,gpu-3uwoq-6g3ya-2,ib_hw_counter,rdma_vf_rail2,rx_write_requests,7.11327e+08
2026-09-30T07:14:43.525Z,gpu-3uwoq-6g3ya-2,ib_hw_counter,rdma_vf_rail2,rx_read_requests,1.24727e+07
2026-09-30T07:14:43.525Z,gpu-3uwoq-6g3ya-2,ib_hw_counter,rdma_vf_rail2,req_cqe_error,0
2026-09-30T07:14:43.525Z,gpu-3uwoq-6g3ya-2,ib_hw_counter,rdma_vf_rail2,resp_cqe_error,0
2026-09-30T07:14:43.525Z,gpu-3uwoq-6g3ya-2,ib_hw_counter,rdma_vf_rail2,implied_nak_seq_err,0
2026-09-30T07:14:43.525Z,gpu-3uwoq-6g3ya-2,ib_hw_counter,rdma_vf_rail2,duplicate_request,0
2026-09-30T07:14:43.525Z,gpu-3uwoq-6g3ya-2,ib_counter,rdma_vf_rail3,port_xmit_data,3.03441e+12
2026-09-30T07:14:43.525Z,gpu-3uwoq-6g3ya-2,ib_counter,rdma_vf_rail3,port_rcv_data,5.99464e+12
2026-09-30T07:14:43.525Z,gpu-3uwoq-6g3ya-2,ib_counter,rdma_vf_rail3,port_xmit_packets,1.02094e+09
2026-09-30T07:14:43.525Z,gpu-3uwoq-6g3ya-2,ib_counter,rdma_vf_rail3,port_rcv_packets,1.65528e+09
2026-09-30T07:14:43.525Z,gpu-3uwoq-6g3ya-2,ib_counter,rdma_vf_rail3,port_xmit_wait,0
2026-09-30T07:14:43.525Z,gpu-3uwoq-6g3ya-2,ib_counter,rdma_vf_rail3,port_rcv_errors,0
2026-09-30T07:14:43.525Z,gpu-3uwoq-6g3ya-2,ib_counter,rdma_vf_rail3,port_xmit_discards,0
2026-09-30T07:14:43.525Z,gpu-3uwoq-6g3ya-2,ib_counter,rdma_vf_rail3,link_downed,0
2026-09-30T07:14:43.525Z,gpu-3uwoq-6g3ya-2,ib_hw_counter,rdma_vf_rail3,out_of_sequence,8
2026-09-30T07:14:43.525Z,gpu-3uwoq-6g3ya-2,ib_hw_counter,rdma_vf_rail3,packet_seq_err,9
2026-09-30T07:14:43.525Z,gpu-3uwoq-6g3ya-2,ib_hw_counter,rdma_vf_rail3,local_ack_timeout_err,0
2026-09-30T07:14:43.525Z,gpu-3uwoq-6g3ya-2,ib_hw_counter,rdma_vf_rail3,rx_write_requests,7.11327e+08
2026-09-30T07:14:43.525Z,gpu-3uwoq-6g3ya-2,ib_hw_counter,rdma_vf_rail3,rx_read_requests,1.24727e+07
2026-09-30T07:14:43.525Z,gpu-3uwoq-6g3ya-2,ib_hw_counter,rdma_vf_rail3,req_cqe_error,0
2026-09-30T07:14:43.525Z,gpu-3uwoq-6g3ya-2,ib_hw_counter,rdma_vf_rail3,resp_cqe_error,0
2026-09-30T07:14:43.525Z,gpu-3uwoq-6g3ya-2,ib_hw_counter,rdma_vf_rail3,implied_nak_seq_err,0
2026-09-30T07:14:43.525Z,gpu-3uwoq-6g3ya-2,ib_hw_counter,rdma_vf_rail3,duplicate_request,0
2026-09-30T07:14:43.525Z,gpu-3uwoq-6g3ya-2,dcgm,gpu2,gpu_util,0
2026-09-30T07:14:43.525Z,gpu-3uwoq-6g3ya-2,dcgm,gpu3,gpu_util,0
2026-09-30T07:14:43.525Z,gpu-3uwoq-6g3ya-2,dcgm,gpu1,gpu_util,0
2026-09-30T07:14:43.525Z,gpu-3uwoq-6g3ya-2,dcgm,gpu0,gpu_util,0
2026-09-30T07:14:43.525Z,gpu-3uwoq-6g3ya-2,dcgm,gpu2,nvlink_bandwidth_total,11
2026-09-30T07:14:43.525Z,gpu-3uwoq-6g3ya-2,dcgm,gpu3,nvlink_bandwidth_total,14
2026-09-30T07:14:43.525Z,gpu-3uwoq-6g3ya-2,dcgm,gpu1,nvlink_bandwidth_total,5
2026-09-30T07:14:43.525Z,gpu-3uwoq-6g3ya-2,dcgm,gpu0,nvlink_bandwidth_total,0
2026-09-30T07:14:43.525Z,gpu-3uwoq-6g3ya-2,dcgm,gpu2,power_w,232.412
2026-09-30T07:14:43.525Z,gpu-3uwoq-6g3ya-2,dcgm,gpu3,power_w,233.992
2026-09-30T07:14:43.525Z,gpu-3uwoq-6g3ya-2,dcgm,gpu1,power_w,229.968
2026-09-30T07:14:43.525Z,gpu-3uwoq-6g3ya-2,dcgm,gpu0,power_w,226.588
2026-09-30T07:14:43.525Z,gpu-3uwoq-6g3ya-2,dcgm,gpu2,sm_clock_mhz,2070
2026-09-30T07:14:43.525Z,gpu-3uwoq-6g3ya-2,dcgm,gpu3,sm_clock_mhz,2070
2026-09-30T07:14:43.525Z,gpu-3uwoq-6g3ya-2,dcgm,gpu1,sm_clock_mhz,2070
2026-09-30T07:14:43.525Z,gpu-3uwoq-6g3ya-2,dcgm,gpu0,sm_clock_mhz,2070
2026-09-30T07:14:43.525Z,gpu-3uwoq-6g3ya-2,dcgm,gpu2,dram_active,5e-06
2026-09-30T07:14:43.525Z,gpu-3uwoq-6g3ya-2,dcgm,gpu3,dram_active,5e-06
2026-09-30T07:14:43.525Z,gpu-3uwoq-6g3ya-2,dcgm,gpu1,dram_active,5e-06
2026-09-30T07:14:43.525Z,gpu-3uwoq-6g3ya-2,dcgm,gpu0,dram_active,5e-06
2026-09-30T07:14:43.525Z,gpu-3uwoq-6g3ya-2,dcgm,gpu2,pcie_rx_bytes,353177
2026-09-30T07:14:43.525Z,gpu-3uwoq-6g3ya-2,dcgm,gpu3,pcie_rx_bytes,281346
2026-09-30T07:14:43.525Z,gpu-3uwoq-6g3ya-2,dcgm,gpu1,pcie_rx_bytes,388727
2026-09-30T07:14:43.525Z,gpu-3uwoq-6g3ya-2,dcgm,gpu0,pcie_rx_bytes,402180
2026-09-30T07:14:43.525Z,gpu-3uwoq-6g3ya-2,dcgm,gpu2,pcie_tx_bytes,301337
2026-09-30T07:14:43.525Z,gpu-3uwoq-6g3ya-2,dcgm,gpu3,pcie_tx_bytes,246732
2026-09-30T07:14:43.525Z,gpu-3uwoq-6g3ya-2,dcgm,gpu1,pcie_tx_bytes,337701
2026-09-30T07:14:43.525Z,gpu-3uwoq-6g3ya-2,dcgm,gpu0,pcie_tx_bytes,350057
2026-09-30T07:14:43.525Z,gpu-3uwoq-6g3ya-2,dcgm,gpu2,tensor_active,0
2026-09-30T07:14:43.525Z,gpu-3uwoq-6g3ya-2,dcgm,gpu3,tensor_active,0
2026-09-30T07:14:43.525Z,gpu-3uwoq-6g3ya-2,dcgm,gpu1,tensor_active,0
2026-09-30T07:14:43.525Z,gpu-3uwoq-6g3ya-2,dcgm,gpu0,tensor_active,0
2026-09-30T07:14:43.525Z,gpu-3uwoq-6g3ya-2,dcgm,gpu2,sm_active,0
2026-09-30T07:14:43.525Z,gpu-3uwoq-6g3ya-2,dcgm,gpu3,sm_active,0
2026-09-30T07:14:43.525Z,gpu-3uwoq-6g3ya-2,dcgm,gpu1,sm_active,0
2026-09-30T07:14:43.525Z,gpu-3uwoq-6g3ya-2,dcgm,gpu0,sm_active,0
2026-09-30T07:14:43.525Z,gpu-3uwoq-6g3ya-2,nvlink,gpu0,nvlink_rx_bytes,4.84459e+13
2026-09-30T07:14:43.525Z,gpu-3uwoq-6g3ya-2,nvlink,gpu0,nvlink_tx_bytes,4.84493e+13
2026-09-30T07:14:43.525Z,gpu-3uwoq-6g3ya-2,nvlink,gpu1,nvlink_rx_bytes,4.8648e+13
2026-09-30T07:14:43.525Z,gpu-3uwoq-6g3ya-2,nvlink,gpu1,nvlink_tx_bytes,4.86502e+13
2026-09-30T07:14:43.525Z,gpu-3uwoq-6g3ya-2,nvlink,gpu2,nvlink_rx_bytes,4.84828e+13
2026-09-30T07:14:43.525Z,gpu-3uwoq-6g3ya-2,nvlink,gpu2,nvlink_tx_bytes,4.84863e+13
2026-09-30T07:14:43.525Z,gpu-3uwoq-6g3ya-2,nvlink,gpu3,nvlink_rx_bytes,4.83797e+13
2026-09-30T07:14:43.525Z,gpu-3uwoq-6g3ya-2,nvlink,gpu3,nvlink_tx_bytes,4.83829e+13
2026-09-30T07:14:44.525Z,gpu-3uwoq-6g3ya-2,ib_counter,rdma_vf_rail0,port_xmit_data,3.17032e+12
2026-09-30T07:14:44.525Z,gpu-3uwoq-6g3ya-2,ib_counter,rdma_vf_rail0,port_rcv_data,6.1304e+12
2026-09-30T07:14:44.525Z,gpu-3uwoq-6g3ya-2,ib_counter,rdma_vf_rail0,port_xmit_packets,1.07299e+09
2026-09-30T07:14:44.525Z,gpu-3uwoq-6g3ya-2,ib_counter,rdma_vf_rail0,port_rcv_packets,1.70433e+09
2026-09-30T07:14:44.525Z,gpu-3uwoq-6g3ya-2,ib_counter,rdma_vf_rail0,port_xmit_wait,0
2026-09-30T07:14:44.525Z,gpu-3uwoq-6g3ya-2,ib_counter,rdma_vf_rail0,port_rcv_errors,0
2026-09-30T07:14:44.525Z,gpu-3uwoq-6g3ya-2,ib_counter,rdma_vf_rail0,port_xmit_discards,0
2026-09-30T07:14:44.525Z,gpu-3uwoq-6g3ya-2,ib_counter,rdma_vf_rail0,link_downed,0
2026-09-30T07:14:44.525Z,gpu-3uwoq-6g3ya-2,ib_hw_counter,rdma_vf_rail0,out_of_sequence,8
2026-09-30T07:14:44.525Z,gpu-3uwoq-6g3ya-2,ib_hw_counter,rdma_vf_rail0,packet_seq_err,8
2026-09-30T07:14:44.525Z,gpu-3uwoq-6g3ya-2,ib_hw_counter,rdma_vf_rail0,local_ack_timeout_err,0
2026-09-30T07:14:44.525Z,gpu-3uwoq-6g3ya-2,ib_hw_counter,rdma_vf_rail0,rx_write_requests,7.13352e+08
2026-09-30T07:14:44.525Z,gpu-3uwoq-6g3ya-2,ib_hw_counter,rdma_vf_rail0,rx_read_requests,1.34813e+07
2026-09-30T07:14:44.525Z,gpu-3uwoq-6g3ya-2,ib_hw_counter,rdma_vf_rail0,req_cqe_error,0
2026-09-30T07:14:44.525Z,gpu-3uwoq-6g3ya-2,ib_hw_counter,rdma_vf_rail0,resp_cqe_error,0
2026-09-30T07:14:44.525Z,gpu-3uwoq-6g3ya-2,ib_hw_counter,rdma_vf_rail0,implied_nak_seq_err,0
2026-09-30T07:14:44.525Z,gpu-3uwoq-6g3ya-2,ib_hw_counter,rdma_vf_rail0,duplicate_request,0
2026-09-30T07:14:44.525Z,gpu-3uwoq-6g3ya-2,ib_counter,rdma_vf_rail1,port_xmit_data,3.06213e+12
2026-09-30T07:14:44.525Z,gpu-3uwoq-6g3ya-2,ib_counter,rdma_vf_rail1,port_rcv_data,6.02217e+12
2026-09-30T07:14:44.525Z,gpu-3uwoq-6g3ya-2,ib_counter,rdma_vf_rail1,port_xmit_packets,1.04027e+09
2026-09-30T07:14:44.525Z,gpu-3uwoq-6g3ya-2,ib_counter,rdma_vf_rail1,port_rcv_packets,1.67178e+09
2026-09-30T07:14:44.525Z,gpu-3uwoq-6g3ya-2,ib_counter,rdma_vf_rail1,port_xmit_wait,0
2026-09-30T07:14:44.525Z,gpu-3uwoq-6g3ya-2,ib_counter,rdma_vf_rail1,port_rcv_errors,0
2026-09-30T07:14:44.525Z,gpu-3uwoq-6g3ya-2,ib_counter,rdma_vf_rail1,port_xmit_discards,0
2026-09-30T07:14:44.525Z,gpu-3uwoq-6g3ya-2,ib_counter,rdma_vf_rail1,link_downed,0
2026-09-30T07:14:44.525Z,gpu-3uwoq-6g3ya-2,ib_hw_counter,rdma_vf_rail1,out_of_sequence,8
2026-09-30T07:14:44.525Z,gpu-3uwoq-6g3ya-2,ib_hw_counter,rdma_vf_rail1,packet_seq_err,7
2026-09-30T07:14:44.525Z,gpu-3uwoq-6g3ya-2,ib_hw_counter,rdma_vf_rail1,local_ack_timeout_err,0
2026-09-30T07:14:44.525Z,gpu-3uwoq-6g3ya-2,ib_hw_counter,rdma_vf_rail1,rx_write_requests,7.1176e+08
2026-09-30T07:14:44.525Z,gpu-3uwoq-6g3ya-2,ib_hw_counter,rdma_vf_rail1,rx_read_requests,1.26803e+07
2026-09-30T07:14:44.525Z,gpu-3uwoq-6g3ya-2,ib_hw_counter,rdma_vf_rail1,req_cqe_error,0
2026-09-30T07:14:44.525Z,gpu-3uwoq-6g3ya-2,ib_hw_counter,rdma_vf_rail1,resp_cqe_error,0
2026-09-30T07:14:44.525Z,gpu-3uwoq-6g3ya-2,ib_hw_counter,rdma_vf_rail1,implied_nak_seq_err,0
2026-09-30T07:14:44.525Z,gpu-3uwoq-6g3ya-2,ib_hw_counter,rdma_vf_rail1,duplicate_request,0
2026-09-30T07:14:44.525Z,gpu-3uwoq-6g3ya-2,ib_counter,rdma_vf_rail2,port_xmit_data,3.03455e+12
2026-09-30T07:14:44.525Z,gpu-3uwoq-6g3ya-2,ib_counter,rdma_vf_rail2,port_rcv_data,5.99404e+12
2026-09-30T07:14:44.525Z,gpu-3uwoq-6g3ya-2,ib_counter,rdma_vf_rail2,port_xmit_packets,1.0226e+09
2026-09-30T07:14:44.525Z,gpu-3uwoq-6g3ya-2,ib_counter,rdma_vf_rail2,port_rcv_packets,1.6479e+09
2026-09-30T07:14:44.525Z,gpu-3uwoq-6g3ya-2,ib_counter,rdma_vf_rail2,port_xmit_wait,0
2026-09-30T07:14:44.525Z,gpu-3uwoq-6g3ya-2,ib_counter,rdma_vf_rail2,port_rcv_errors,0
2026-09-30T07:14:44.525Z,gpu-3uwoq-6g3ya-2,ib_counter,rdma_vf_rail2,port_xmit_discards,0
2026-09-30T07:14:44.525Z,gpu-3uwoq-6g3ya-2,ib_counter,rdma_vf_rail2,link_downed,0
2026-09-30T07:14:44.525Z,gpu-3uwoq-6g3ya-2,ib_hw_counter,rdma_vf_rail2,out_of_sequence,8
2026-09-30T07:14:44.525Z,gpu-3uwoq-6g3ya-2,ib_hw_counter,rdma_vf_rail2,packet_seq_err,8
2026-09-30T07:14:44.525Z,gpu-3uwoq-6g3ya-2,ib_hw_counter,rdma_vf_rail2,local_ack_timeout_err,0
2026-09-30T07:14:44.525Z,gpu-3uwoq-6g3ya-2,ib_hw_counter,rdma_vf_rail2,rx_write_requests,7.11327e+08
2026-09-30T07:14:44.525Z,gpu-3uwoq-6g3ya-2,ib_hw_counter,rdma_vf_rail2,rx_read_requests,1.24727e+07
2026-09-30T07:14:44.525Z,gpu-3uwoq-6g3ya-2,ib_hw_counter,rdma_vf_rail2,req_cqe_error,0
2026-09-30T07:14:44.525Z,gpu-3uwoq-6g3ya-2,ib_hw_counter,rdma_vf_rail2,resp_cqe_error,0
2026-09-30T07:14:44.525Z,gpu-3uwoq-6g3ya-2,ib_hw_counter,rdma_vf_rail2,implied_nak_seq_err,0
2026-09-30T07:14:44.525Z,gpu-3uwoq-6g3ya-2,ib_hw_counter,rdma_vf_rail2,duplicate_request,0
2026-09-30T07:14:44.525Z,gpu-3uwoq-6g3ya-2,ib_counter,rdma_vf_rail3,port_xmit_data,3.03441e+12
2026-09-30T07:14:44.525Z,gpu-3uwoq-6g3ya-2,ib_counter,rdma_vf_rail3,port_rcv_data,5.99464e+12
2026-09-30T07:14:44.525Z,gpu-3uwoq-6g3ya-2,ib_counter,rdma_vf_rail3,port_xmit_packets,1.02094e+09
2026-09-30T07:14:44.525Z,gpu-3uwoq-6g3ya-2,ib_counter,rdma_vf_rail3,port_rcv_packets,1.65528e+09
2026-09-30T07:14:44.525Z,gpu-3uwoq-6g3ya-2,ib_counter,rdma_vf_rail3,port_xmit_wait,0
2026-09-30T07:14:44.525Z,gpu-3uwoq-6g3ya-2,ib_counter,rdma_vf_rail3,port_rcv_errors,0
2026-09-30T07:14:44.525Z,gpu-3uwoq-6g3ya-2,ib_counter,rdma_vf_rail3,port_xmit_discards,0
2026-09-30T07:14:44.525Z,gpu-3uwoq-6g3ya-2,ib_counter,rdma_vf_rail3,link_downed,0
2026-09-30T07:14:44.525Z,gpu-3uwoq-6g3ya-2,ib_hw_counter,rdma_vf_rail3,out_of_sequence,8
2026-09-30T07:14:44.525Z,gpu-3uwoq-6g3ya-2,ib_hw_counter,rdma_vf_rail3,packet_seq_err,9
2026-09-30T07:14:44.525Z,gpu-3uwoq-6g3ya-2,ib_hw_counter,rdma_vf_rail3,local_ack_timeout_err,0
2026-09-30T07:14:44.525Z,gpu-3uwoq-6g3ya-2,ib_hw_counter,rdma_vf_rail3,rx_write_requests,7.11327e+08
2026-09-30T07:14:44.525Z,gpu-3uwoq-6g3ya-2,ib_hw_counter,rdma_vf_rail3,rx_read_requests,1.24727e+07
2026-09-30T07:14:44.525Z,gpu-3uwoq-6g3ya-2,ib_hw_counter,rdma_vf_rail3,req_cqe_error,0
2026-09-30T07:14:44.525Z,gpu-3uwoq-6g3ya-2,ib_hw_counter,rdma_vf_rail3,resp_cqe_error,0
2026-09-30T07:14:44.525Z,gpu-3uwoq-6g3ya-2,ib_hw_counter,rdma_vf_rail3,implied_nak_seq_err,0
2026-09-30T07:14:44.525Z,gpu-3uwoq-6g3ya-2,ib_hw_counter,rdma_vf_rail3,duplicate_request,0
2026-09-30T07:14:44.525Z,gpu-3uwoq-6g3ya-2,dcgm,gpu2,gpu_util,0
2026-09-30T07:14:44.525Z,gpu-3uwoq-6g3ya-2,dcgm,gpu3,gpu_util,0
2026-09-30T07:14:44.525Z,gpu-3uwoq-6g3ya-2,dcgm,gpu1,gpu_util,0
2026-09-30T07:14:44.525Z,gpu-3uwoq-6g3ya-2,dcgm,gpu0,gpu_util,0
2026-09-30T07:14:44.525Z,gpu-3uwoq-6g3ya-2,dcgm,gpu2,nvlink_bandwidth_total,11
2026-09-30T07:14:44.525Z,gpu-3uwoq-6g3ya-2,dcgm,gpu3,nvlink_bandwidth_total,14
2026-09-30T07:14:44.525Z,gpu-3uwoq-6g3ya-2,dcgm,gpu1,nvlink_bandwidth_total,5
2026-09-30T07:14:44.525Z,gpu-3uwoq-6g3ya-2,dcgm,gpu0,nvlink_bandwidth_total,0
2026-09-30T07:14:44.525Z,gpu-3uwoq-6g3ya-2,dcgm,gpu2,power_w,232.412
2026-09-30T07:14:44.525Z,gpu-3uwoq-6g3ya-2,dcgm,gpu3,power_w,233.992
2026-09-30T07:14:44.525Z,gpu-3uwoq-6g3ya-2,dcgm,gpu1,power_w,229.968
2026-09-30T07:14:44.525Z,gpu-3uwoq-6g3ya-2,dcgm,gpu0,power_w,226.588
2026-09-30T07:14:44.525Z,gpu-3uwoq-6g3ya-2,dcgm,gpu2,sm_clock_mhz,2070
2026-09-30T07:14:44.525Z,gpu-3uwoq-6g3ya-2,dcgm,gpu3,sm_clock_mhz,2070
2026-09-30T07:14:44.525Z,gpu-3uwoq-6g3ya-2,dcgm,gpu1,sm_clock_mhz,2070
2026-09-30T07:14:44.525Z,gpu-3uwoq-6g3ya-2,dcgm,gpu0,sm_clock_mhz,2070
2026-09-30T07:14:44.525Z,gpu-3uwoq-6g3ya-2,dcgm,gpu2,dram_active,5e-06
2026-09-30T07:14:44.525Z,gpu-3uwoq-6g3ya-2,dcgm,gpu3,dram_active,5e-06
2026-09-30T07:14:44.525Z,gpu-3uwoq-6g3ya-2,dcgm,gpu1,dram_active,5e-06
2026-09-30T07:14:44.525Z,gpu-3uwoq-6g3ya-2,dcgm,gpu0,dram_active,5e-06
2026-09-30T07:14:44.525Z,gpu-3uwoq-6g3ya-2,dcgm,gpu2,pcie_rx_bytes,353177
2026-09-30T07:14:44.525Z,gpu-3uwoq-6g3ya-2,dcgm,gpu3,pcie_rx_bytes,281346
2026-09-30T07:14:44.525Z,gpu-3uwoq-6g3ya-2,dcgm,gpu1,pcie_rx_bytes,388727
2026-09-30T07:14:44.525Z,gpu-3uwoq-6g3ya-2,dcgm,gpu0,pcie_rx_bytes,402180
2026-09-30T07:14:44.525Z,gpu-3uwoq-6g3ya-2,dcgm,gpu2,pcie_tx_bytes,301337
2026-09-30T07:14:44.525Z,gpu-3uwoq-6g3ya-2,dcgm,gpu3,pcie_tx_bytes,246732
2026-09-30T07:14:44.525Z,gpu-3uwoq-6g3ya-2,dcgm,gpu1,pcie_tx_bytes,337701
2026-09-30T07:14:44.525Z,gpu-3uwoq-6g3ya-2,dcgm,gpu0,pcie_tx_bytes,350057
2026-09-30T07:14:44.525Z,gpu-3uwoq-6g3ya-2,dcgm,gpu2,tensor_active,0
2026-09-30T07:14:44.525Z,gpu-3uwoq-6g3ya-2,dcgm,gpu3,tensor_active,0
2026-09-30T07:14:44.525Z,gpu-3uwoq-6g3ya-2,dcgm,gpu1,tensor_active,0
2026-09-30T07:14:44.525Z,gpu-3uwoq-6g3ya-2,dcgm,gpu0,tensor_active,0
2026-09-30T07:14:44.525Z,gpu-3uwoq-6g3ya-2,dcgm,gpu2,sm_active,0
2026-09-30T07:14:44.525Z,gpu-3uwoq-6g3ya-2,dcgm,gpu3,sm_active,0
2026-09-30T07:14:44.525Z,gpu-3uwoq-6g3ya-2,dcgm,gpu1,sm_active,0
2026-09-30T07:14:44.525Z,gpu-3uwoq-6g3ya-2,dcgm,gpu0,sm_active,0
2026-09-30T07:14:44.525Z,gpu-3uwoq-6g3ya-2,nvlink,gpu0,nvlink_rx_bytes,4.84459e+13
2026-09-30T07:14:44.525Z,gpu-3uwoq-6g3ya-2,nvlink,gpu0,nvlink_tx_bytes,4.84493e+13
2026-09-30T07:14:44.525Z,gpu-3uwoq-6g3ya-2,nvlink,gpu1,nvlink_rx_bytes,4.8648e+13
2026-09-30T07:14:44.525Z,gpu-3uwoq-6g3ya-2,nvlink,gpu1,nvlink_tx_bytes,4.86502e+13
2026-09-30T07:14:44.525Z,gpu-3uwoq-6g3ya-2,nvlink,gpu2,nvlink_rx_bytes,4.84828e+13
2026-09-30T07:14:44.525Z,gpu-3uwoq-6g3ya-2,nvlink,gpu2,nvlink_tx_bytes,4.84863e+13
2026-09-30T07:14:44.525Z,gpu-3uwoq-6g3ya-2,nvlink,gpu3,nvlink_rx_bytes,4.83797e+13
2026-09-30T07:14:44.525Z,gpu-3uwoq-6g3ya-2,nvlink,gpu3,nvlink_tx_bytes,4.83829e+13
2026-09-30T07:14:45.526Z,gpu-3uwoq-6g3ya-2,ib_counter,rdma_vf_rail0,port_xmit_data,3.17032e+12
2026-09-30T07:14:45.526Z,gpu-3uwoq-6g3ya-2,ib_counter,rdma_vf_rail0,port_rcv_data,6.1304e+12
2026-09-30T07:14:45.526Z,gpu-3uwoq-6g3ya-2,ib_counter,rdma_vf_rail0,port_xmit_packets,1.07299e+09
2026-09-30T07:14:45.526Z,gpu-3uwoq-6g3ya-2,ib_counter,rdma_vf_rail0,port_rcv_packets,1.70433e+09
2026-09-30T07:14:45.526Z,gpu-3uwoq-6g3ya-2,ib_counter,rdma_vf_rail0,port_xmit_wait,0
2026-09-30T07:14:45.526Z,gpu-3uwoq-6g3ya-2,ib_counter,rdma_vf_rail0,port_rcv_errors,0
2026-09-30T07:14:45.526Z,gpu-3uwoq-6g3ya-2,ib_counter,rdma_vf_rail0,port_xmit_discards,0
2026-09-30T07:14:45.526Z,gpu-3uwoq-6g3ya-2,ib_counter,rdma_vf_rail0,link_downed,0
2026-09-30T07:14:45.526Z,gpu-3uwoq-6g3ya-2,ib_hw_counter,rdma_vf_rail0,out_of_sequence,8
2026-09-30T07:14:45.526Z,gpu-3uwoq-6g3ya-2,ib_hw_counter,rdma_vf_rail0,packet_seq_err,8
2026-09-30T07:14:45.526Z,gpu-3uwoq-6g3ya-2,ib_hw_counter,rdma_vf_rail0,local_ack_timeout_err,0
2026-09-30T07:14:45.526Z,gpu-3uwoq-6g3ya-2,ib_hw_counter,rdma_vf_rail0,rx_write_requests,7.13352e+08
2026-09-30T07:14:45.526Z,gpu-3uwoq-6g3ya-2,ib_hw_counter,rdma_vf_rail0,rx_read_requests,1.34813e+07
2026-09-30T07:14:45.526Z,gpu-3uwoq-6g3ya-2,ib_hw_counter,rdma_vf_rail0,req_cqe_error,0
2026-09-30T07:14:45.526Z,gpu-3uwoq-6g3ya-2,ib_hw_counter,rdma_vf_rail0,resp_cqe_error,0
2026-09-30T07:14:45.526Z,gpu-3uwoq-6g3ya-2,ib_hw_counter,rdma_vf_rail0,implied_nak_seq_err,0
2026-09-30T07:14:45.526Z,gpu-3uwoq-6g3ya-2,ib_hw_counter,rdma_vf_rail0,duplicate_request,0
2026-09-30T07:14:45.526Z,gpu-3uwoq-6g3ya-2,ib_counter,rdma_vf_rail1,port_xmit_data,3.06213e+12
2026-09-30T07:14:45.526Z,gpu-3uwoq-6g3ya-2,ib_counter,rdma_vf_rail1,port_rcv_data,6.02217e+12
2026-09-30T07:14:45.526Z,gpu-3uwoq-6g3ya-2,ib_counter,rdma_vf_rail1,port_xmit_packets,1.04027e+09
2026-09-30T07:14:45.526Z,gpu-3uwoq-6g3ya-2,ib_counter,rdma_vf_rail1,port_rcv_packets,1.67178e+09
2026-09-30T07:14:45.526Z,gpu-3uwoq-6g3ya-2,ib_counter,rdma_vf_rail1,port_xmit_wait,0
2026-09-30T07:14:45.526Z,gpu-3uwoq-6g3ya-2,ib_counter,rdma_vf_rail1,port_rcv_errors,0
2026-09-30T07:14:45.526Z,gpu-3uwoq-6g3ya-2,ib_counter,rdma_vf_rail1,port_xmit_discards,0
2026-09-30T07:14:45.526Z,gpu-3uwoq-6g3ya-2,ib_counter,rdma_vf_rail1,link_downed,0
2026-09-30T07:14:45.526Z,gpu-3uwoq-6g3ya-2,ib_hw_counter,rdma_vf_rail1,out_of_sequence,8
2026-09-30T07:14:45.526Z,gpu-3uwoq-6g3ya-2,ib_hw_counter,rdma_vf_rail1,packet_seq_err,7
2026-09-30T07:14:45.526Z,gpu-3uwoq-6g3ya-2,ib_hw_counter,rdma_vf_rail1,local_ack_timeout_err,0
2026-09-30T07:14:45.526Z,gpu-3uwoq-6g3ya-2,ib_hw_counter,rdma_vf_rail1,rx_write_requests,7.1176e+08
2026-09-30T07:14:45.526Z,gpu-3uwoq-6g3ya-2,ib_hw_counter,rdma_vf_rail1,rx_read_requests,1.26803e+07
2026-09-30T07:14:45.526Z,gpu-3uwoq-6g3ya-2,ib_hw_counter,rdma_vf_rail1,req_cqe_error,0
2026-09-30T07:14:45.526Z,gpu-3uwoq-6g3ya-2,ib_hw_counter,rdma_vf_rail1,resp_cqe_error,0
2026-09-30T07:14:45.526Z,gpu-3uwoq-6g3ya-2,ib_hw_counter,rdma_vf_rail1,implied_nak_seq_err,0
2026-09-30T07:14:45.526Z,gpu-3uwoq-6g3ya-2,ib_hw_counter,rdma_vf_rail1,duplicate_request,0
2026-09-30T07:14:45.526Z,gpu-3uwoq-6g3ya-2,ib_counter,rdma_vf_rail2,port_xmit_data,3.03455e+12
2026-09-30T07:14:45.526Z,gpu-3uwoq-6g3ya-2,ib_counter,rdma_vf_rail2,port_rcv_data,5.99404e+12
2026-09-30T07:14:45.526Z,gpu-3uwoq-6g3ya-2,ib_counter,rdma_vf_rail2,port_xmit_packets,1.0226e+09
2026-09-30T07:14:45.526Z,gpu-3uwoq-6g3ya-2,ib_counter,rdma_vf_rail2,port_rcv_packets,1.6479e+09
2026-09-30T07:14:45.526Z,gpu-3uwoq-6g3ya-2,ib_counter,rdma_vf_rail2,port_xmit_wait,0
2026-09-30T07:14:45.526Z,gpu-3uwoq-6g3ya-2,ib_counter,rdma_vf_rail2,port_rcv_errors,0
2026-09-30T07:14:45.526Z,gpu-3uwoq-6g3ya-2,ib_counter,rdma_vf_rail2,port_xmit_discards,0
2026-09-30T07:14:45.526Z,gpu-3uwoq-6g3ya-2,ib_counter,rdma_vf_rail2,link_downed,0
2026-09-30T07:14:45.526Z,gpu-3uwoq-6g3ya-2,ib_hw_counter,rdma_vf_rail2,out_of_sequence,8
2026-09-30T07:14:45.526Z,gpu-3uwoq-6g3ya-2,ib_hw_counter,rdma_vf_rail2,packet_seq_err,8
2026-09-30T07:14:45.526Z,gpu-3uwoq-6g3ya-2,ib_hw_counter,rdma_vf_rail2,local_ack_timeout_err,0
2026-09-30T07:14:45.526Z,gpu-3uwoq-6g3ya-2,ib_hw_counter,rdma_vf_rail2,rx_write_requests,7.11327e+08
2026-09-30T07:14:45.526Z,gpu-3uwoq-6g3ya-2,ib_hw_counter,rdma_vf_rail2,rx_read_requests,1.24727e+07
2026-09-30T07:14:45.526Z,gpu-3uwoq-6g3ya-2,ib_hw_counter,rdma_vf_rail2,req_cqe_error,0
2026-09-30T07:14:45.526Z,gpu-3uwoq-6g3ya-2,ib_hw_counter,rdma_vf_rail2,resp_cqe_error,0
2026-09-30T07:14:45.526Z,gpu-3uwoq-6g3ya-2,ib_hw_counter,rdma_vf_rail2,implied_nak_seq_err,0
2026-09-30T07:14:45.526Z,gpu-3uwoq-6g3ya-2,ib_hw_counter,rdma_vf_rail2,duplicate_request,0
2026-09-30T07:14:45.526Z,gpu-3uwoq-6g3ya-2,ib_counter,rdma_vf_rail3,port_xmit_data,3.03441e+12
2026-09-30T07:14:45.526Z,gpu-3uwoq-6g3ya-2,ib_counter,rdma_vf_rail3,port_rcv_data,5.99464e+12
2026-09-30T07:14:45.526Z,gpu-3uwoq-6g3ya-2,ib_counter,rdma_vf_rail3,port_xmit_packets,1.02094e+09
2026-09-30T07:14:45.526Z,gpu-3uwoq-6g3ya-2,ib_counter,rdma_vf_rail3,port_rcv_packets,1.65528e+09
2026-09-30T07:14:45.526Z,gpu-3uwoq-6g3ya-2,ib_counter,rdma_vf_rail3,port_xmit_wait,0
2026-09-30T07:14:45.526Z,gpu-3uwoq-6g3ya-2,ib_counter,rdma_vf_rail3,port_rcv_errors,0
2026-09-30T07:14:45.526Z,gpu-3uwoq-6g3ya-2,ib_counter,rdma_vf_rail3,port_xmit_discards,0
2026-09-30T07:14:45.526Z,gpu-3uwoq-6g3ya-2,ib_counter,rdma_vf_rail3,link_downed,0
2026-09-30T07:14:45.526Z,gpu-3uwoq-6g3ya-2,ib_hw_counter,rdma_vf_rail3,out_of_sequence,8
2026-09-30T07:14:45.526Z,gpu-3uwoq-6g3ya-2,ib_hw_counter,rdma_vf_rail3,packet_seq_err,9
2026-09-30T07:14:45.526Z,gpu-3uwoq-6g3ya-2,ib_hw_counter,rdma_vf_rail3,local_ack_timeout_err,0
2026-09-30T07:14:45.526Z,gpu-3uwoq-6g3ya-2,ib_hw_counter,rdma_vf_rail3,rx_write_requests,7.11327e+08
2026-09-30T07:14:45.526Z,gpu-3uwoq-6g3ya-2,ib_hw_counter,rdma_vf_rail3,rx_read_requests,1.24727e+07
2026-09-30T07:14:45.526Z,gpu-3uwoq-6g3ya-2,ib_hw_counter,rdma_vf_rail3,req_cqe_error,0
2026-09-30T07:14:45.526Z,gpu-3uwoq-6g3ya-2,ib_hw_counter,rdma_vf_rail3,resp_cqe_error,0
2026-09-30T07:14:45.526Z,gpu-3uwoq-6g3ya-2,ib_hw_counter,rdma_vf_rail3,implied_nak_seq_err,0
2026-09-30T07:14:45.526Z,gpu-3uwoq-6g3ya-2,ib_hw_counter,rdma_vf_rail3,duplicate_request,0
2026-09-30T07:14:45.526Z,gpu-3uwoq-6g3ya-2,dcgm,gpu2,gpu_util,0
2026-09-30T07:14:45.526Z,gpu-3uwoq-6g3ya-2,dcgm,gpu3,gpu_util,0
2026-09-30T07:14:45.526Z,gpu-3uwoq-6g3ya-2,dcgm,gpu1,gpu_util,0
2026-09-30T07:14:45.526Z,gpu-3uwoq-6g3ya-2,dcgm,gpu0,gpu_util,0
2026-09-30T07:14:45.526Z,gpu-3uwoq-6g3ya-2,dcgm,gpu2,nvlink_bandwidth_total,11
2026-09-30T07:14:45.526Z,gpu-3uwoq-6g3ya-2,dcgm,gpu3,nvlink_bandwidth_total,14
2026-09-30T07:14:45.526Z,gpu-3uwoq-6g3ya-2,dcgm,gpu1,nvlink_bandwidth_total,5
2026-09-30T07:14:45.526Z,gpu-3uwoq-6g3ya-2,dcgm,gpu0,nvlink_bandwidth_total,0
2026-09-30T07:14:45.526Z,gpu-3uwoq-6g3ya-2,dcgm,gpu2,power_w,232.412
2026-09-30T07:14:45.526Z,gpu-3uwoq-6g3ya-2,dcgm,gpu3,power_w,233.992
2026-09-30T07:14:45.526Z,gpu-3uwoq-6g3ya-2,dcgm,gpu1,power_w,229.968
2026-09-30T07:14:45.526Z,gpu-3uwoq-6g3ya-2,dcgm,gpu0,power_w,226.588
2026-09-30T07:14:45.526Z,gpu-3uwoq-6g3ya-2,dcgm,gpu2,sm_clock_mhz,2070
2026-09-30T07:14:45.526Z,gpu-3uwoq-6g3ya-2,dcgm,gpu3,sm_clock_mhz,2070
2026-09-30T07:14:45.526Z,gpu-3uwoq-6g3ya-2,dcgm,gpu1,sm_clock_mhz,2070
2026-09-30T07:14:45.526Z,gpu-3uwoq-6g3ya-2,dcgm,gpu0,sm_clock_mhz,2070
2026-09-30T07:14:45.526Z,gpu-3uwoq-6g3ya-2,dcgm,gpu2,dram_active,5e-06
2026-09-30T07:14:45.526Z,gpu-3uwoq-6g3ya-2,dcgm,gpu3,dram_active,5e-06
2026-09-30T07:14:45.526Z,gpu-3uwoq-6g3ya-2,dcgm,gpu1,dram_active,5e-06
2026-09-30T07:14:45.526Z,gpu-3uwoq-6g3ya-2,dcgm,gpu0,dram_active,5e-06
2026-09-30T07:14:45.526Z,gpu-3uwoq-6g3ya-2,dcgm,gpu2,pcie_rx_bytes,353177
2026-09-30T07:14:45.526Z,gpu-3uwoq-6g3ya-2,dcgm,gpu3,pcie_rx_bytes,281346
2026-09-30T07:14:45.526Z,gpu-3uwoq-6g3ya-2,dcgm,gpu1,pcie_rx_bytes,388727
2026-09-30T07:14:45.526Z,gpu-3uwoq-6g3ya-2,dcgm,gpu0,pcie_rx_bytes,402180
2026-09-30T07:14:45.526Z,gpu-3uwoq-6g3ya-2,dcgm,gpu2,pcie_tx_bytes,301337
2026-09-30T07:14:45.526Z,gpu-3uwoq-6g3ya-2,dcgm,gpu3,pcie_tx_bytes,246732
2026-09-30T07:14:45.526Z,gpu-3uwoq-6g3ya-2,dcgm,gpu1,pcie_tx_bytes,337701
2026-09-30T07:14:45.526Z,gpu-3uwoq-6g3ya-2,dcgm,gpu0,pcie_tx_bytes,350057
2026-09-30T07:14:45.526Z,gpu-3uwoq-6g3ya-2,dcgm,gpu2,tensor_active,0
2026-09-30T07:14:45.526Z,gpu-3uwoq-6g3ya-2,dcgm,gpu3,tensor_active,0
2026-09-30T07:14:45.526Z,gpu-3uwoq-6g3ya-2,dcgm,gpu1,tensor_active,0
2026-09-30T07:14:45.526Z,gpu-3uwoq-6g3ya-2,dcgm,gpu0,tensor_active,0
2026-09-30T07:14:45.526Z,gpu-3uwoq-6g3ya-2,dcgm,gpu2,sm_active,0
2026-09-30T07:14:45.526Z,gpu-3uwoq-6g3ya-2,dcgm,gpu3,sm_active,0
2026-09-30T07:14:45.526Z,gpu-3uwoq-6g3ya-2,dcgm,gpu1,sm_active,0
2026-09-30T07:14:45.526Z,gpu-3uwoq-6g3ya-2,dcgm,gpu0,sm_active,0
2026-09-30T07:14:45.526Z,gpu-3uwoq-6g3ya-2,nvlink,gpu0,nvlink_rx_bytes,4.84459e+13
2026-09-30T07:14:45.526Z,gpu-3uwoq-6g3ya-2,nvlink,gpu0,nvlink_tx_bytes,4.84493e+13
2026-09-30T07:14:45.526Z,gpu-3uwoq-6g3ya-2,nvlink,gpu1,nvlink_rx_bytes,4.8648e+13
2026-09-30T07:14:45.526Z,gpu-3uwoq-6g3ya-2,nvlink,gpu1,nvlink_tx_bytes,4.86502e+13
2026-09-30T07:14:45.526Z,gpu-3uwoq-6g3ya-2,nvlink,gpu2,nvlink_rx_bytes,4.84828e+13
2026-09-30T07:14:45.526Z,gpu-3uwoq-6g3ya-2,nvlink,gpu2,nvlink_tx_bytes,4.84863e+13
2026-09-30T07:14:45.526Z,gpu-3uwoq-6g3ya-2,nvlink,gpu3,nvlink_rx_bytes,4.83797e+13
2026-09-30T07:14:45.526Z,gpu-3uwoq-6g3ya-2,nvlink,gpu3,nvlink_tx_bytes,4.83829e+13
2026-09-30T07:14:46.526Z,gpu-3uwoq-6g3ya-2,ib_counter,rdma_vf_rail0,port_xmit_data,3.17032e+12
2026-09-30T07:14:46.526Z,gpu-3uwoq-6g3ya-2,ib_counter,rdma_vf_rail0,port_rcv_data,6.1304e+12
2026-09-30T07:14:46.526Z,gpu-3uwoq-6g3ya-2,ib_counter,rdma_vf_rail0,port_xmit_packets,1.07299e+09
2026-09-30T07:14:46.526Z,gpu-3uwoq-6g3ya-2,ib_counter,rdma_vf_rail0,port_rcv_packets,1.70433e+09
2026-09-30T07:14:46.526Z,gpu-3uwoq-6g3ya-2,ib_counter,rdma_vf_rail0,port_xmit_wait,0
2026-09-30T07:14:46.526Z,gpu-3uwoq-6g3ya-2,ib_counter,rdma_vf_rail0,port_rcv_errors,0
2026-09-30T07:14:46.526Z,gpu-3uwoq-6g3ya-2,ib_counter,rdma_vf_rail0,port_xmit_discards,0
2026-09-30T07:14:46.526Z,gpu-3uwoq-6g3ya-2,ib_counter,rdma_vf_rail0,link_downed,0
2026-09-30T07:14:46.526Z,gpu-3uwoq-6g3ya-2,ib_hw_counter,rdma_vf_rail0,out_of_sequence,8
2026-09-30T07:14:46.526Z,gpu-3uwoq-6g3ya-2,ib_hw_counter,rdma_vf_rail0,packet_seq_err,8
2026-09-30T07:14:46.526Z,gpu-3uwoq-6g3ya-2,ib_hw_counter,rdma_vf_rail0,local_ack_timeout_err,0
2026-09-30T07:14:46.526Z,gpu-3uwoq-6g3ya-2,ib_hw_counter,rdma_vf_rail0,rx_write_requests,7.13352e+08
2026-09-30T07:14:46.526Z,gpu-3uwoq-6g3ya-2,ib_hw_counter,rdma_vf_rail0,rx_read_requests,1.34813e+07
2026-09-30T07:14:46.526Z,gpu-3uwoq-6g3ya-2,ib_hw_counter,rdma_vf_rail0,req_cqe_error,0
2026-09-30T07:14:46.526Z,gpu-3uwoq-6g3ya-2,ib_hw_counter,rdma_vf_rail0,resp_cqe_error,0
2026-09-30T07:14:46.526Z,gpu-3uwoq-6g3ya-2,ib_hw_counter,rdma_vf_rail0,implied_nak_seq_err,0
2026-09-30T07:14:46.526Z,gpu-3uwoq-6g3ya-2,ib_hw_counter,rdma_vf_rail0,duplicate_request,0
2026-09-30T07:14:46.526Z,gpu-3uwoq-6g3ya-2,ib_counter,rdma_vf_rail1,port_xmit_data,3.06213e+12
2026-09-30T07:14:46.526Z,gpu-3uwoq-6g3ya-2,ib_counter,rdma_vf_rail1,port_rcv_data,6.02217e+12
2026-09-30T07:14:46.526Z,gpu-3uwoq-6g3ya-2,ib_counter,rdma_vf_rail1,port_xmit_packets,1.04027e+09
2026-09-30T07:14:46.526Z,gpu-3uwoq-6g3ya-2,ib_counter,rdma_vf_rail1,port_rcv_packets,1.67178e+09
2026-09-30T07:14:46.526Z,gpu-3uwoq-6g3ya-2,ib_counter,rdma_vf_rail1,port_xmit_wait,0
2026-09-30T07:14:46.526Z,gpu-3uwoq-6g3ya-2,ib_counter,rdma_vf_rail1,port_rcv_errors,0
2026-09-30T07:14:46.526Z,gpu-3uwoq-6g3ya-2,ib_counter,rdma_vf_rail1,port_xmit_discards,0
2026-09-30T07:14:46.526Z,gpu-3uwoq-6g3ya-2,ib_counter,rdma_vf_rail1,link_downed,0
2026-09-30T07:14:46.526Z,gpu-3uwoq-6g3ya-2,ib_hw_counter,rdma_vf_rail1,out_of_sequence,8
2026-09-30T07:14:46.526Z,gpu-3uwoq-6g3ya-2,ib_hw_counter,rdma_vf_rail1,packet_seq_err,7
2026-09-30T07:14:46.526Z,gpu-3uwoq-6g3ya-2,ib_hw_counter,rdma_vf_rail1,local_ack_timeout_err,0
2026-09-30T07:14:46.526Z,gpu-3uwoq-6g3ya-2,ib_hw_counter,rdma_vf_rail1,rx_write_requests,7.1176e+08
2026-09-30T07:14:46.526Z,gpu-3uwoq-6g3ya-2,ib_hw_counter,rdma_vf_rail1,rx_read_requests,1.26803e+07
2026-09-30T07:14:46.526Z,gpu-3uwoq-6g3ya-2,ib_hw_counter,rdma_vf_rail1,req_cqe_error,0
2026-09-30T07:14:46.526Z,gpu-3uwoq-6g3ya-2,ib_hw_counter,rdma_vf_rail1,resp_cqe_error,0
2026-09-30T07:14:46.526Z,gpu-3uwoq-6g3ya-2,ib_hw_counter,rdma_vf_rail1,implied_nak_seq_err,0
2026-09-30T07:14:46.526Z,gpu-3uwoq-6g3ya-2,ib_hw_counter,rdma_vf_rail1,duplicate_request,0
2026-09-30T07:14:46.526Z,gpu-3uwoq-6g3ya-2,ib_counter,rdma_vf_rail2,port_xmit_data,3.03455e+12
2026-09-30T07:14:46.526Z,gpu-3uwoq-6g3ya-2,ib_counter,rdma_vf_rail2,port_rcv_data,5.99404e+12
2026-09-30T07:14:46.526Z,gpu-3uwoq-6g3ya-2,ib_counter,rdma_vf_rail2,port_xmit_packets,1.0226e+09
2026-09-30T07:14:46.526Z,gpu-3uwoq-6g3ya-2,ib_counter,rdma_vf_rail2,port_rcv_packets,1.6479e+09
2026-09-30T07:14:46.526Z,gpu-3uwoq-6g3ya-2,ib_counter,rdma_vf_rail2,port_xmit_wait,0
2026-09-30T07:14:46.526Z,gpu-3uwoq-6g3ya-2,ib_counter,rdma_vf_rail2,port_rcv_errors,0
2026-09-30T07:14:46.526Z,gpu-3uwoq-6g3ya-2,ib_counter,rdma_vf_rail2,port_xmit_discards,0
2026-09-30T07:14:46.526Z,gpu-3uwoq-6g3ya-2,ib_counter,rdma_vf_rail2,link_downed,0
2026-09-30T07:14:46.526Z,gpu-3uwoq-6g3ya-2,ib_hw_counter,rdma_vf_rail2,out_of_sequence,8
2026-09-30T07:14:46.526Z,gpu-3uwoq-6g3ya-2,ib_hw_counter,rdma_vf_rail2,packet_seq_err,8
2026-09-30T07:14:46.526Z,gpu-3uwoq-6g3ya-2,ib_hw_counter,rdma_vf_rail2,local_ack_timeout_err,0
2026-09-30T07:14:46.526Z,gpu-3uwoq-6g3ya-2,ib_hw_counter,rdma_vf_rail2,rx_write_requests,7.11327e+08
2026-09-30T07:14:46.526Z,gpu-3uwoq-6g3ya-2,ib_hw_counter,rdma_vf_rail2,rx_read_requests,1.24727e+07
2026-09-30T07:14:46.526Z,gpu-3uwoq-6g3ya-2,ib_hw_counter,rdma_vf_rail2,req_cqe_error,0
2026-09-30T07:14:46.526Z,gpu-3uwoq-6g3ya-2,ib_hw_counter,rdma_vf_rail2,resp_cqe_error,0
2026-09-30T07:14:46.526Z,gpu-3uwoq-6g3ya-2,ib_hw_counter,rdma_vf_rail2,implied_nak_seq_err,0
2026-09-30T07:14:46.526Z,gpu-3uwoq-6g3ya-2,ib_hw_counter,rdma_vf_rail2,duplicate_request,0
2026-09-30T07:14:46.526Z,gpu-3uwoq-6g3ya-2,ib_counter,rdma_vf_rail3,port_xmit_data,3.03441e+12
2026-09-30T07:14:46.526Z,gpu-3uwoq-6g3ya-2,ib_counter,rdma_vf_rail3,port_rcv_data,5.99464e+12
2026-09-30T07:14:46.526Z,gpu-3uwoq-6g3ya-2,ib_counter,rdma_vf_rail3,port_xmit_packets,1.02094e+09
2026-09-30T07:14:46.526Z,gpu-3uwoq-6g3ya-2,ib_counter,rdma_vf_rail3,port_rcv_packets,1.65528e+09
2026-09-30T07:14:46.526Z,gpu-3uwoq-6g3ya-2,ib_counter,rdma_vf_rail3,port_xmit_wait,0
2026-09-30T07:14:46.526Z,gpu-3uwoq-6g3ya-2,ib_counter,rdma_vf_rail3,port_rcv_errors,0
2026-09-30T07:14:46.526Z,gpu-3uwoq-6g3ya-2,ib_counter,rdma_vf_rail3,port_xmit_discards,0
2026-09-30T07:14:46.526Z,gpu-3uwoq-6g3ya-2,ib_counter,rdma_vf_rail3,link_downed,0
2026-09-30T07:14:46.526Z,gpu-3uwoq-6g3ya-2,ib_hw_counter,rdma_vf_rail3,out_of_sequence,8
2026-09-30T07:14:46.526Z,gpu-3uwoq-6g3ya-2,ib_hw_counter,rdma_vf_rail3,packet_seq_err,9
2026-09-30T07:14:46.526Z,gpu-3uwoq-6g3ya-2,ib_hw_counter,rdma_vf_rail3,local_ack_timeout_err,0
2026-09-30T07:14:46.526Z,gpu-3uwoq-6g3ya-2,ib_hw_counter,rdma_vf_rail3,rx_write_requests,7.11327e+08
2026-09-30T07:14:46.526Z,gpu-3uwoq-6g3ya-2,ib_hw_counter,rdma_vf_rail3,rx_read_requests,1.24727e+07
2026-09-30T07:14:46.526Z,gpu-3uwoq-6g3ya-2,ib_hw_counter,rdma_vf_rail3,req_cqe_error,0
2026-09-30T07:14:46.526Z,gpu-3uwoq-6g3ya-2,ib_hw_counter,rdma_vf_rail3,resp_cqe_error,0
2026-09-30T07:14:46.526Z,gpu-3uwoq-6g3ya-2,ib_hw_counter,rdma_vf_rail3,implied_nak_seq_err,0
2026-09-30T07:14:46.526Z,gpu-3uwoq-6g3ya-2,ib_hw_counter,rdma_vf_rail3,duplicate_request,0
2026-09-30T07:14:46.526Z,gpu-3uwoq-6g3ya-2,dcgm,gpu2,gpu_util,0
2026-09-30T07:14:46.526Z,gpu-3uwoq-6g3ya-2,dcgm,gpu3,gpu_util,0
2026-09-30T07:14:46.526Z,gpu-3uwoq-6g3ya-2,dcgm,gpu1,gpu_util,0
2026-09-30T07:14:46.526Z,gpu-3uwoq-6g3ya-2,dcgm,gpu0,gpu_util,0
2026-09-30T07:14:46.526Z,gpu-3uwoq-6g3ya-2,dcgm,gpu2,nvlink_bandwidth_total,11
2026-09-30T07:14:46.526Z,gpu-3uwoq-6g3ya-2,dcgm,gpu3,nvlink_bandwidth_total,14
2026-09-30T07:14:46.526Z,gpu-3uwoq-6g3ya-2,dcgm,gpu1,nvlink_bandwidth_total,5
2026-09-30T07:14:46.526Z,gpu-3uwoq-6g3ya-2,dcgm,gpu0,nvlink_bandwidth_total,0
2026-09-30T07:14:46.526Z,gpu-3uwoq-6g3ya-2,dcgm,gpu2,power_w,232.412
2026-09-30T07:14:46.526Z,gpu-3uwoq-6g3ya-2,dcgm,gpu3,power_w,233.992
2026-09-30T07:14:46.526Z,gpu-3uwoq-6g3ya-2,dcgm,gpu1,power_w,229.968
2026-09-30T07:14:46.526Z,gpu-3uwoq-6g3ya-2,dcgm,gpu0,power_w,226.588
2026-09-30T07:14:46.526Z,gpu-3uwoq-6g3ya-2,dcgm,gpu2,sm_clock_mhz,2070
2026-09-30T07:14:46.526Z,gpu-3uwoq-6g3ya-2,dcgm,gpu3,sm_clock_mhz,2070
2026-09-30T07:14:46.526Z,gpu-3uwoq-6g3ya-2,dcgm,gpu1,sm_clock_mhz,2070
2026-09-30T07:14:46.526Z,gpu-3uwoq-6g3ya-2,dcgm,gpu0,sm_clock_mhz,2070
2026-09-30T07:14:46.526Z,gpu-3uwoq-6g3ya-2,dcgm,gpu2,dram_active,5e-06
2026-09-30T07:14:46.526Z,gpu-3uwoq-6g3ya-2,dcgm,gpu3,dram_active,5e-06
2026-09-30T07:14:46.526Z,gpu-3uwoq-6g3ya-2,dcgm,gpu1,dram_active,5e-06
2026-09-30T07:14:46.526Z,gpu-3uwoq-6g3ya-2,dcgm,gpu0,dram_active,5e-06
2026-09-30T07:14:46.526Z,gpu-3uwoq-6g3ya-2,dcgm,gpu2,pcie_rx_bytes,353177
2026-09-30T07:14:46.526Z,gpu-3uwoq-6g3ya-2,dcgm,gpu3,pcie_rx_bytes,281346
2026-09-30T07:14:46.526Z,gpu-3uwoq-6g3ya-2,dcgm,gpu1,pcie_rx_bytes,388727
2026-09-30T07:14:46.526Z,gpu-3uwoq-6g3ya-2,dcgm,gpu0,pcie_rx_bytes,402180
2026-09-30T07:14:46.526Z,gpu-3uwoq-6g3ya-2,dcgm,gpu2,pcie_tx_bytes,301337
2026-09-30T07:14:46.526Z,gpu-3uwoq-6g3ya-2,dcgm,gpu3,pcie_tx_bytes,246732
2026-09-30T07:14:46.526Z,gpu-3uwoq-6g3ya-2,dcgm,gpu1,pcie_tx_bytes,337701
2026-09-30T07:14:46.526Z,gpu-3uwoq-6g3ya-2,dcgm,gpu0,pcie_tx_bytes,350057
2026-09-30T07:14:46.526Z,gpu-3uwoq-6g3ya-2,dcgm,gpu2,tensor_active,0
2026-09-30T07:14:46.526Z,gpu-3uwoq-6g3ya-2,dcgm,gpu3,tensor_active,0
2026-09-30T07:14:46.526Z,gpu-3uwoq-6g3ya-2,dcgm,gpu1,tensor_active,0
2026-09-30T07:14:46.526Z,gpu-3uwoq-6g3ya-2,dcgm,gpu0,tensor_active,0
2026-09-30T07:14:46.526Z,gpu-3uwoq-6g3ya-2,dcgm,gpu2,sm_active,0
2026-09-30T07:14:46.526Z,gpu-3uwoq-6g3ya-2,dcgm,gpu3,sm_active,0
2026-09-30T07:14:46.526Z,gpu-3uwoq-6g3ya-2,dcgm,gpu1,sm_active,0
2026-09-30T07:14:46.526Z,gpu-3uwoq-6g3ya-2,dcgm,gpu0,sm_active,0
2026-09-30T07:14:46.526Z,gpu-3uwoq-6g3ya-2,nvlink,gpu0,nvlink_rx_bytes,4.84459e+13
2026-09-30T07:14:46.526Z,gpu-3uwoq-6g3ya-2,nvlink,gpu0,nvlink_tx_bytes,4.84493e+13
2026-09-30T07:14:46.526Z,gpu-3uwoq-6g3ya-2,nvlink,gpu1,nvlink_rx_bytes,4.8648e+13
2026-09-30T07:14:46.526Z,gpu-3uwoq-6g3ya-2,nvlink,gpu1,nvlink_tx_bytes,4.86502e+13
2026-09-30T07:14:46.526Z,gpu-3uwoq-6g3ya-2,nvlink,gpu2,nvlink_rx_bytes,4.84828e+13
2026-09-30T07:14:46.526Z,gpu-3uwoq-6g3ya-2,nvlink,gpu2,nvlink_tx_bytes,4.84863e+13
2026-09-30T07:14:46.526Z,gpu-3uwoq-6g3ya-2,nvlink,gpu3,nvlink_rx_bytes,4.83797e+13
2026-09-30T07:14:46.526Z,gpu-3uwoq-6g3ya-2,nvlink,gpu3,nvlink_tx_bytes,4.83829e+13
2026-09-30T07:14:47.526Z,gpu-3uwoq-6g3ya-2,ib_counter,rdma_vf_rail0,port_xmit_data,3.17032e+12
2026-09-30T07:14:47.526Z,gpu-3uwoq-6g3ya-2,ib_counter,rdma_vf_rail0,port_rcv_data,6.1304e+12
2026-09-30T07:14:47.526Z,gpu-3uwoq-6g3ya-2,ib_counter,rdma_vf_rail0,port_xmit_packets,1.07299e+09
2026-09-30T07:14:47.526Z,gpu-3uwoq-6g3ya-2,ib_counter,rdma_vf_rail0,port_rcv_packets,1.70433e+09
2026-09-30T07:14:47.526Z,gpu-3uwoq-6g3ya-2,ib_counter,rdma_vf_rail0,port_xmit_wait,0
2026-09-30T07:14:47.526Z,gpu-3uwoq-6g3ya-2,ib_counter,rdma_vf_rail0,port_rcv_errors,0
2026-09-30T07:14:47.526Z,gpu-3uwoq-6g3ya-2,ib_counter,rdma_vf_rail0,port_xmit_discards,0
2026-09-30T07:14:47.526Z,gpu-3uwoq-6g3ya-2,ib_counter,rdma_vf_rail0,link_downed,0
2026-09-30T07:14:47.526Z,gpu-3uwoq-6g3ya-2,ib_hw_counter,rdma_vf_rail0,out_of_sequence,8
2026-09-30T07:14:47.526Z,gpu-3uwoq-6g3ya-2,ib_hw_counter,rdma_vf_rail0,packet_seq_err,8
2026-09-30T07:14:47.526Z,gpu-3uwoq-6g3ya-2,ib_hw_counter,rdma_vf_rail0,local_ack_timeout_err,0
2026-09-30T07:14:47.526Z,gpu-3uwoq-6g3ya-2,ib_hw_counter,rdma_vf_rail0,rx_write_requests,7.13352e+08
2026-09-30T07:14:47.526Z,gpu-3uwoq-6g3ya-2,ib_hw_counter,rdma_vf_rail0,rx_read_requests,1.34813e+07
2026-09-30T07:14:47.526Z,gpu-3uwoq-6g3ya-2,ib_hw_counter,rdma_vf_rail0,req_cqe_error,0
2026-09-30T07:14:47.526Z,gpu-3uwoq-6g3ya-2,ib_hw_counter,rdma_vf_rail0,resp_cqe_error,0
2026-09-30T07:14:47.526Z,gpu-3uwoq-6g3ya-2,ib_hw_counter,rdma_vf_rail0,implied_nak_seq_err,0
2026-09-30T07:14:47.526Z,gpu-3uwoq-6g3ya-2,ib_hw_counter,rdma_vf_rail0,duplicate_request,0
2026-09-30T07:14:47.526Z,gpu-3uwoq-6g3ya-2,ib_counter,rdma_vf_rail1,port_xmit_data,3.06213e+12
2026-09-30T07:14:47.526Z,gpu-3uwoq-6g3ya-2,ib_counter,rdma_vf_rail1,port_rcv_data,6.02217e+12
2026-09-30T07:14:47.526Z,gpu-3uwoq-6g3ya-2,ib_counter,rdma_vf_rail1,port_xmit_packets,1.04027e+09
2026-09-30T07:14:47.526Z,gpu-3uwoq-6g3ya-2,ib_counter,rdma_vf_rail1,port_rcv_packets,1.67178e+09
2026-09-30T07:14:47.526Z,gpu-3uwoq-6g3ya-2,ib_counter,rdma_vf_rail1,port_xmit_wait,0
2026-09-30T07:14:47.526Z,gpu-3uwoq-6g3ya-2,ib_counter,rdma_vf_rail1,port_rcv_errors,0
2026-09-30T07:14:47.526Z,gpu-3uwoq-6g3ya-2,ib_counter,rdma_vf_rail1,port_xmit_discards,0
2026-09-30T07:14:47.526Z,gpu-3uwoq-6g3ya-2,ib_counter,rdma_vf_rail1,link_downed,0
2026-09-30T07:14:47.526Z,gpu-3uwoq-6g3ya-2,ib_hw_counter,rdma_vf_rail1,out_of_sequence,8
2026-09-30T07:14:47.526Z,gpu-3uwoq-6g3ya-2,ib_hw_counter,rdma_vf_rail1,packet_seq_err,7
2026-09-30T07:14:47.526Z,gpu-3uwoq-6g3ya-2,ib_hw_counter,rdma_vf_rail1,local_ack_timeout_err,0
2026-09-30T07:14:47.526Z,gpu-3uwoq-6g3ya-2,ib_hw_counter,rdma_vf_rail1,rx_write_requests,7.1176e+08
2026-09-30T07:14:47.526Z,gpu-3uwoq-6g3ya-2,ib_hw_counter,rdma_vf_rail1,rx_read_requests,1.26803e+07
2026-09-30T07:14:47.526Z,gpu-3uwoq-6g3ya-2,ib_hw_counter,rdma_vf_rail1,req_cqe_error,0
2026-09-30T07:14:47.526Z,gpu-3uwoq-6g3ya-2,ib_hw_counter,rdma_vf_rail1,resp_cqe_error,0
2026-09-30T07:14:47.526Z,gpu-3uwoq-6g3ya-2,ib_hw_counter,rdma_vf_rail1,implied_nak_seq_err,0
2026-09-30T07:14:47.526Z,gpu-3uwoq-6g3ya-2,ib_hw_counter,rdma_vf_rail1,duplicate_request,0
2026-09-30T07:14:47.526Z,gpu-3uwoq-6g3ya-2,ib_counter,rdma_vf_rail2,port_xmit_data,3.03455e+12
2026-09-30T07:14:47.526Z,gpu-3uwoq-6g3ya-2,ib_counter,rdma_vf_rail2,port_rcv_data,5.99404e+12
2026-09-30T07:14:47.526Z,gpu-3uwoq-6g3ya-2,ib_counter,rdma_vf_rail2,port_xmit_packets,1.0226e+09
2026-09-30T07:14:47.526Z,gpu-3uwoq-6g3ya-2,ib_counter,rdma_vf_rail2,port_rcv_packets,1.6479e+09
2026-09-30T07:14:47.526Z,gpu-3uwoq-6g3ya-2,ib_counter,rdma_vf_rail2,port_xmit_wait,0
2026-09-30T07:14:47.526Z,gpu-3uwoq-6g3ya-2,ib_counter,rdma_vf_rail2,port_rcv_errors,0
2026-09-30T07:14:47.526Z,gpu-3uwoq-6g3ya-2,ib_counter,rdma_vf_rail2,port_xmit_discards,0
2026-09-30T07:14:47.526Z,gpu-3uwoq-6g3ya-2,ib_counter,rdma_vf_rail2,link_downed,0
2026-09-30T07:14:47.526Z,gpu-3uwoq-6g3ya-2,ib_hw_counter,rdma_vf_rail2,out_of_sequence,8
2026-09-30T07:14:47.526Z,gpu-3uwoq-6g3ya-2,ib_hw_counter,rdma_vf_rail2,packet_seq_err,8
2026-09-30T07:14:47.526Z,gpu-3uwoq-6g3ya-2,ib_hw_counter,rdma_vf_rail2,local_ack_timeout_err,0
2026-09-30T07:14:47.526Z,gpu-3uwoq-6g3ya-2,ib_hw_counter,rdma_vf_rail2,rx_write_requests,7.11327e+08
2026-09-30T07:14:47.526Z,gpu-3uwoq-6g3ya-2,ib_hw_counter,rdma_vf_rail2,rx_read_requests,1.24727e+07
2026-09-30T07:14:47.526Z,gpu-3uwoq-6g3ya-2,ib_hw_counter,rdma_vf_rail2,req_cqe_error,0
2026-09-30T07:14:47.526Z,gpu-3uwoq-6g3ya-2,ib_hw_counter,rdma_vf_rail2,resp_cqe_error,0
2026-09-30T07:14:47.526Z,gpu-3uwoq-6g3ya-2,ib_hw_counter,rdma_vf_rail2,implied_nak_seq_err,0
2026-09-30T07:14:47.526Z,gpu-3uwoq-6g3ya-2,ib_hw_counter,rdma_vf_rail2,duplicate_request,0
2026-09-30T07:14:47.526Z,gpu-3uwoq-6g3ya-2,ib_counter,rdma_vf_rail3,port_xmit_data,3.03441e+12
2026-09-30T07:14:47.526Z,gpu-3uwoq-6g3ya-2,ib_counter,rdma_vf_rail3,port_rcv_data,5.99464e+12
2026-09-30T07:14:47.526Z,gpu-3uwoq-6g3ya-2,ib_counter,rdma_vf_rail3,port_xmit_packets,1.02094e+09
2026-09-30T07:14:47.526Z,gpu-3uwoq-6g3ya-2,ib_counter,rdma_vf_rail3,port_rcv_packets,1.65528e+09
2026-09-30T07:14:47.526Z,gpu-3uwoq-6g3ya-2,ib_counter,rdma_vf_rail3,port_xmit_wait,0
2026-09-30T07:14:47.526Z,gpu-3uwoq-6g3ya-2,ib_counter,rdma_vf_rail3,port_rcv_errors,0
2026-09-30T07:14:47.526Z,gpu-3uwoq-6g3ya-2,ib_counter,rdma_vf_rail3,port_xmit_discards,0
2026-09-30T07:14:47.526Z,gpu-3uwoq-6g3ya-2,ib_counter,rdma_vf_rail3,link_downed,0
2026-09-30T07:14:47.526Z,gpu-3uwoq-6g3ya-2,ib_hw_counter,rdma_vf_rail3,out_of_sequence,8
2026-09-30T07:14:47.526Z,gpu-3uwoq-6g3ya-2,ib_hw_counter,rdma_vf_rail3,packet_seq_err,9
2026-09-30T07:14:47.526Z,gpu-3uwoq-6g3ya-2,ib_hw_counter,rdma_vf_rail3,local_ack_timeout_err,0
2026-09-30T07:14:47.526Z,gpu-3uwoq-6g3ya-2,ib_hw_counter,rdma_vf_rail3,rx_write_requests,7.11327e+08
2026-09-30T07:14:47.526Z,gpu-3uwoq-6g3ya-2,ib_hw_counter,rdma_vf_rail3,rx_read_requests,1.24727e+07
2026-09-30T07:14:47.526Z,gpu-3uwoq-6g3ya-2,ib_hw_counter,rdma_vf_rail3,req_cqe_error,0
2026-09-30T07:14:47.526Z,gpu-3uwoq-6g3ya-2,ib_hw_counter,rdma_vf_rail3,resp_cqe_error,0
2026-09-30T07:14:47.526Z,gpu-3uwoq-6g3ya-2,ib_hw_counter,rdma_vf_rail3,implied_nak_seq_err,0
2026-09-30T07:14:47.526Z,gpu-3uwoq-6g3ya-2,ib_hw_counter,rdma_vf_rail3,duplicate_request,0
2026-09-30T07:14:47.526Z,gpu-3uwoq-6g3ya-2,dcgm,gpu2,gpu_util,0
2026-09-30T07:14:47.526Z,gpu-3uwoq-6g3ya-2,dcgm,gpu3,gpu_util,0
2026-09-30T07:14:47.526Z,gpu-3uwoq-6g3ya-2,dcgm,gpu1,gpu_util,0
2026-09-30T07:14:47.526Z,gpu-3uwoq-6g3ya-2,dcgm,gpu0,gpu_util,0
2026-09-30T07:14:47.526Z,gpu-3uwoq-6g3ya-2,dcgm,gpu2,nvlink_bandwidth_total,11
2026-09-30T07:14:47.526Z,gpu-3uwoq-6g3ya-2,dcgm,gpu3,nvlink_bandwidth_total,14
2026-09-30T07:14:47.526Z,gpu-3uwoq-6g3ya-2,dcgm,gpu1,nvlink_bandwidth_total,5
2026-09-30T07:14:47.526Z,gpu-3uwoq-6g3ya-2,dcgm,gpu0,nvlink_bandwidth_total,0
2026-09-30T07:14:47.526Z,gpu-3uwoq-6g3ya-2,dcgm,gpu2,power_w,232.412
2026-09-30T07:14:47.526Z,gpu-3uwoq-6g3ya-2,dcgm,gpu3,power_w,233.992
2026-09-30T07:14:47.526Z,gpu-3uwoq-6g3ya-2,dcgm,gpu1,power_w,229.968
2026-09-30T07:14:47.526Z,gpu-3uwoq-6g3ya-2,dcgm,gpu0,power_w,226.588
2026-09-30T07:14:47.526Z,gpu-3uwoq-6g3ya-2,dcgm,gpu2,sm_clock_mhz,2070
2026-09-30T07:14:47.526Z,gpu-3uwoq-6g3ya-2,dcgm,gpu3,sm_clock_mhz,2070
2026-09-30T07:14:47.526Z,gpu-3uwoq-6g3ya-2,dcgm,gpu1,sm_clock_mhz,2070
2026-09-30T07:14:47.526Z,gpu-3uwoq-6g3ya-2,dcgm,gpu0,sm_clock_mhz,2070
2026-09-30T07:14:47.526Z,gpu-3uwoq-6g3ya-2,dcgm,gpu2,dram_active,5e-06
2026-09-30T07:14:47.526Z,gpu-3uwoq-6g3ya-2,dcgm,gpu3,dram_active,5e-06
2026-09-30T07:14:47.526Z,gpu-3uwoq-6g3ya-2,dcgm,gpu1,dram_active,5e-06
2026-09-30T07:14:47.526Z,gpu-3uwoq-6g3ya-2,dcgm,gpu0,dram_active,5e-06
2026-09-30T07:14:47.526Z,gpu-3uwoq-6g3ya-2,dcgm,gpu2,pcie_rx_bytes,353177
2026-09-30T07:14:47.526Z,gpu-3uwoq-6g3ya-2,dcgm,gpu3,pcie_rx_bytes,281346
2026-09-30T07:14:47.526Z,gpu-3uwoq-6g3ya-2,dcgm,gpu1,pcie_rx_bytes,388727
2026-09-30T07:14:47.526Z,gpu-3uwoq-6g3ya-2,dcgm,gpu0,pcie_rx_bytes,402180
2026-09-30T07:14:47.526Z,gpu-3uwoq-6g3ya-2,dcgm,gpu2,pcie_tx_bytes,301337
2026-09-30T07:14:47.526Z,gpu-3uwoq-6g3ya-2,dcgm,gpu3,pcie_tx_bytes,246732
2026-09-30T07:14:47.526Z,gpu-3uwoq-6g3ya-2,dcgm,gpu1,pcie_tx_bytes,337701
2026-09-30T07:14:47.526Z,gpu-3uwoq-6g3ya-2,dcgm,gpu0,pcie_tx_bytes,350057
2026-09-30T07:14:47.526Z,gpu-3uwoq-6g3ya-2,dcgm,gpu2,tensor_active,0
2026-09-30T07:14:47.526Z,gpu-3uwoq-6g3ya-2,dcgm,gpu3,tensor_active,0
2026-09-30T07:14:47.526Z,gpu-3uwoq-6g3ya-2,dcgm,gpu1,tensor_active,0
2026-09-30T07:14:47.526Z,gpu-3uwoq-6g3ya-2,dcgm,gpu0,tensor_active,0
2026-09-30T07:14:47.526Z,gpu-3uwoq-6g3ya-2,dcgm,gpu2,sm_active,0
2026-09-30T07:14:47.526Z,gpu-3uwoq-6g3ya-2,dcgm,gpu3,sm_active,0
2026-09-30T07:14:47.526Z,gpu-3uwoq-6g3ya-2,dcgm,gpu1,sm_active,0
2026-09-30T07:14:47.526Z,gpu-3uwoq-6g3ya-2,dcgm,gpu0,sm_active,0
2026-09-30T07:14:47.526Z,gpu-3uwoq-6g3ya-2,nvlink,gpu0,nvlink_rx_bytes,4.84459e+13
2026-09-30T07:14:47.526Z,gpu-3uwoq-6g3ya-2,nvlink,gpu0,nvlink_tx_bytes,4.84493e+13
2026-09-30T07:14:47.526Z,gpu-3uwoq-6g3ya-2,nvlink,gpu1,nvlink_rx_bytes,4.8648e+13
2026-09-30T07:14:47.526Z,gpu-3uwoq-6g3ya-2,nvlink,gpu1,nvlink_tx_bytes,4.86502e+13
2026-09-30T07:14:47.526Z,gpu-3uwoq-6g3ya-2,nvlink,gpu2,nvlink_rx_bytes,4.84828e+13
2026-09-30T07:14:47.526Z,gpu-3uwoq-6g3ya-2,nvlink,gpu2,nvlink_tx_bytes,4.84863e+13
2026-09-30T07:14:47.526Z,gpu-3uwoq-6g3ya-2,nvlink,gpu3,nvlink_rx_bytes,4.83797e+13
2026-09-30T07:14:47.526Z,gpu-3uwoq-6g3ya-2,nvlink,gpu3,nvlink_tx_bytes,4.83829e+13
2026-09-30T07:14:48.526Z,gpu-3uwoq-6g3ya-2,ib_counter,rdma_vf_rail0,port_xmit_data,3.17032e+12
2026-09-30T07:14:48.526Z,gpu-3uwoq-6g3ya-2,ib_counter,rdma_vf_rail0,port_rcv_data,6.1304e+12
2026-09-30T07:14:48.526Z,gpu-3uwoq-6g3ya-2,ib_counter,rdma_vf_rail0,port_xmit_packets,1.07299e+09
2026-09-30T07:14:48.526Z,gpu-3uwoq-6g3ya-2,ib_counter,rdma_vf_rail0,port_rcv_packets,1.70433e+09
2026-09-30T07:14:48.526Z,gpu-3uwoq-6g3ya-2,ib_counter,rdma_vf_rail0,port_xmit_wait,0
2026-09-30T07:14:48.526Z,gpu-3uwoq-6g3ya-2,ib_counter,rdma_vf_rail0,port_rcv_errors,0
2026-09-30T07:14:48.526Z,gpu-3uwoq-6g3ya-2,ib_counter,rdma_vf_rail0,port_xmit_discards,0
2026-09-30T07:14:48.526Z,gpu-3uwoq-6g3ya-2,ib_counter,rdma_vf_rail0,link_downed,0
2026-09-30T07:14:48.526Z,gpu-3uwoq-6g3ya-2,ib_hw_counter,rdma_vf_rail0,out_of_sequence,8
2026-09-30T07:14:48.526Z,gpu-3uwoq-6g3ya-2,ib_hw_counter,rdma_vf_rail0,packet_seq_err,8
2026-09-30T07:14:48.526Z,gpu-3uwoq-6g3ya-2,ib_hw_counter,rdma_vf_rail0,local_ack_timeout_err,0
2026-09-30T07:14:48.526Z,gpu-3uwoq-6g3ya-2,ib_hw_counter,rdma_vf_rail0,rx_write_requests,7.13352e+08
2026-09-30T07:14:48.526Z,gpu-3uwoq-6g3ya-2,ib_hw_counter,rdma_vf_rail0,rx_read_requests,1.34813e+07
2026-09-30T07:14:48.526Z,gpu-3uwoq-6g3ya-2,ib_hw_counter,rdma_vf_rail0,req_cqe_error,0
2026-09-30T07:14:48.526Z,gpu-3uwoq-6g3ya-2,ib_hw_counter,rdma_vf_rail0,resp_cqe_error,0
2026-09-30T07:14:48.526Z,gpu-3uwoq-6g3ya-2,ib_hw_counter,rdma_vf_rail0,implied_nak_seq_err,0
2026-09-30T07:14:48.526Z,gpu-3uwoq-6g3ya-2,ib_hw_counter,rdma_vf_rail0,duplicate_request,0
2026-09-30T07:14:48.526Z,gpu-3uwoq-6g3ya-2,ib_counter,rdma_vf_rail1,port_xmit_data,3.06213e+12
2026-09-30T07:14:48.526Z,gpu-3uwoq-6g3ya-2,ib_counter,rdma_vf_rail1,port_rcv_data,6.02217e+12
2026-09-30T07:14:48.526Z,gpu-3uwoq-6g3ya-2,ib_counter,rdma_vf_rail1,port_xmit_packets,1.04027e+09
2026-09-30T07:14:48.526Z,gpu-3uwoq-6g3ya-2,ib_counter,rdma_vf_rail1,port_rcv_packets,1.67178e+09
2026-09-30T07:14:48.526Z,gpu-3uwoq-6g3ya-2,ib_counter,rdma_vf_rail1,port_xmit_wait,0
2026-09-30T07:14:48.526Z,gpu-3uwoq-6g3ya-2,ib_counter,rdma_vf_rail1,port_rcv_errors,0
2026-09-30T07:14:48.526Z,gpu-3uwoq-6g3ya-2,ib_counter,rdma_vf_rail1,port_xmit_discards,0
2026-09-30T07:14:48.526Z,gpu-3uwoq-6g3ya-2,ib_counter,rdma_vf_rail1,link_downed,0
2026-09-30T07:14:48.526Z,gpu-3uwoq-6g3ya-2,ib_hw_counter,rdma_vf_rail1,out_of_sequence,8
2026-09-30T07:14:48.526Z,gpu-3uwoq-6g3ya-2,ib_hw_counter,rdma_vf_rail1,packet_seq_err,7
2026-09-30T07:14:48.526Z,gpu-3uwoq-6g3ya-2,ib_hw_counter,rdma_vf_rail1,local_ack_timeout_err,0
2026-09-30T07:14:48.526Z,gpu-3uwoq-6g3ya-2,ib_hw_counter,rdma_vf_rail1,rx_write_requests,7.1176e+08
2026-09-30T07:14:48.526Z,gpu-3uwoq-6g3ya-2,ib_hw_counter,rdma_vf_rail1,rx_read_requests,1.26803e+07
2026-09-30T07:14:48.526Z,gpu-3uwoq-6g3ya-2,ib_hw_counter,rdma_vf_rail1,req_cqe_error,0
2026-09-30T07:14:48.526Z,gpu-3uwoq-6g3ya-2,ib_hw_counter,rdma_vf_rail1,resp_cqe_error,0
2026-09-30T07:14:48.526Z,gpu-3uwoq-6g3ya-2,ib_hw_counter,rdma_vf_rail1,implied_nak_seq_err,0
2026-09-30T07:14:48.526Z,gpu-3uwoq-6g3ya-2,ib_hw_counter,rdma_vf_rail1,duplicate_request,0
2026-09-30T07:14:48.526Z,gpu-3uwoq-6g3ya-2,ib_counter,rdma_vf_rail2,port_xmit_data,3.03455e+12
2026-09-30T07:14:48.526Z,gpu-3uwoq-6g3ya-2,ib_counter,rdma_vf_rail2,port_rcv_data,5.99404e+12
2026-09-30T07:14:48.526Z,gpu-3uwoq-6g3ya-2,ib_counter,rdma_vf_rail2,port_xmit_packets,1.0226e+09
2026-09-30T07:14:48.526Z,gpu-3uwoq-6g3ya-2,ib_counter,rdma_vf_rail2,port_rcv_packets,1.6479e+09
2026-09-30T07:14:48.526Z,gpu-3uwoq-6g3ya-2,ib_counter,rdma_vf_rail2,port_xmit_wait,0
2026-09-30T07:14:48.526Z,gpu-3uwoq-6g3ya-2,ib_counter,rdma_vf_rail2,port_rcv_errors,0
2026-09-30T07:14:48.526Z,gpu-3uwoq-6g3ya-2,ib_counter,rdma_vf_rail2,port_xmit_discards,0
2026-09-30T07:14:48.526Z,gpu-3uwoq-6g3ya-2,ib_counter,rdma_vf_rail2,link_downed,0
2026-09-30T07:14:48.526Z,gpu-3uwoq-6g3ya-2,ib_hw_counter,rdma_vf_rail2,out_of_sequence,8
2026-09-30T07:14:48.526Z,gpu-3uwoq-6g3ya-2,ib_hw_counter,rdma_vf_rail2,packet_seq_err,8
2026-09-30T07:14:48.526Z,gpu-3uwoq-6g3ya-2,ib_hw_counter,rdma_vf_rail2,local_ack_timeout_err,0
2026-09-30T07:14:48.526Z,gpu-3uwoq-6g3ya-2,ib_hw_counter,rdma_vf_rail2,rx_write_requests,7.11327e+08
2026-09-30T07:14:48.526Z,gpu-3uwoq-6g3ya-2,ib_hw_counter,rdma_vf_rail2,rx_read_requests,1.24727e+07
2026-09-30T07:14:48.526Z,gpu-3uwoq-6g3ya-2,ib_hw_counter,rdma_vf_rail2,req_cqe_error,0
2026-09-30T07:14:48.526Z,gpu-3uwoq-6g3ya-2,ib_hw_counter,rdma_vf_rail2,resp_cqe_error,0
2026-09-30T07:14:48.526Z,gpu-3uwoq-6g3ya-2,ib_hw_counter,rdma_vf_rail2,implied_nak_seq_err,0
2026-09-30T07:14:48.526Z,gpu-3uwoq-6g3ya-2,ib_hw_counter,rdma_vf_rail2,duplicate_request,0
2026-09-30T07:14:48.526Z,gpu-3uwoq-6g3ya-2,ib_counter,rdma_vf_rail3,port_xmit_data,3.03441e+12
2026-09-30T07:14:48.526Z,gpu-3uwoq-6g3ya-2,ib_counter,rdma_vf_rail3,port_rcv_data,5.99464e+12
2026-09-30T07:14:48.526Z,gpu-3uwoq-6g3ya-2,ib_counter,rdma_vf_rail3,port_xmit_packets,1.02094e+09
2026-09-30T07:14:48.526Z,gpu-3uwoq-6g3ya-2,ib_counter,rdma_vf_rail3,port_rcv_packets,1.65528e+09
2026-09-30T07:14:48.526Z,gpu-3uwoq-6g3ya-2,ib_counter,rdma_vf_rail3,port_xmit_wait,0
2026-09-30T07:14:48.526Z,gpu-3uwoq-6g3ya-2,ib_counter,rdma_vf_rail3,port_rcv_errors,0
2026-09-30T07:14:48.526Z,gpu-3uwoq-6g3ya-2,ib_counter,rdma_vf_rail3,port_xmit_discards,0
2026-09-30T07:14:48.526Z,gpu-3uwoq-6g3ya-2,ib_counter,rdma_vf_rail3,link_downed,0
2026-09-30T07:14:48.526Z,gpu-3uwoq-6g3ya-2,ib_hw_counter,rdma_vf_rail3,out_of_sequence,8
2026-09-30T07:14:48.526Z,gpu-3uwoq-6g3ya-2,ib_hw_counter,rdma_vf_rail3,packet_seq_err,9
2026-09-30T07:14:48.526Z,gpu-3uwoq-6g3ya-2,ib_hw_counter,rdma_vf_rail3,local_ack_timeout_err,0
2026-09-30T07:14:48.526Z,gpu-3uwoq-6g3ya-2,ib_hw_counter,rdma_vf_rail3,rx_write_requests,7.11327e+08
2026-09-30T07:14:48.526Z,gpu-3uwoq-6g3ya-2,ib_hw_counter,rdma_vf_rail3,rx_read_requests,1.24727e+07
2026-09-30T07:14:48.526Z,gpu-3uwoq-6g3ya-2,ib_hw_counter,rdma_vf_rail3,req_cqe_error,0
2026-09-30T07:14:48.526Z,gpu-3uwoq-6g3ya-2,ib_hw_counter,rdma_vf_rail3,resp_cqe_error,0
2026-09-30T07:14:48.526Z,gpu-3uwoq-6g3ya-2,ib_hw_counter,rdma_vf_rail3,implied_nak_seq_err,0
2026-09-30T07:14:48.526Z,gpu-3uwoq-6g3ya-2,ib_hw_counter,rdma_vf_rail3,duplicate_request,0
2026-09-30T07:14:48.526Z,gpu-3uwoq-6g3ya-2,dcgm,gpu2,gpu_util,0
2026-09-30T07:14:48.526Z,gpu-3uwoq-6g3ya-2,dcgm,gpu3,gpu_util,0
2026-09-30T07:14:48.526Z,gpu-3uwoq-6g3ya-2,dcgm,gpu1,gpu_util,0
2026-09-30T07:14:48.526Z,gpu-3uwoq-6g3ya-2,dcgm,gpu0,gpu_util,0
2026-09-30T07:14:48.526Z,gpu-3uwoq-6g3ya-2,dcgm,gpu2,nvlink_bandwidth_total,2660
2026-09-30T07:14:48.526Z,gpu-3uwoq-6g3ya-2,dcgm,gpu3,nvlink_bandwidth_total,2652
2026-09-30T07:14:48.526Z,gpu-3uwoq-6g3ya-2,dcgm,gpu1,nvlink_bandwidth_total,2650
2026-09-30T07:14:48.526Z,gpu-3uwoq-6g3ya-2,dcgm,gpu0,nvlink_bandwidth_total,2660
2026-09-30T07:14:48.526Z,gpu-3uwoq-6g3ya-2,dcgm,gpu2,power_w,230.714
2026-09-30T07:14:48.526Z,gpu-3uwoq-6g3ya-2,dcgm,gpu3,power_w,234.633
2026-09-30T07:14:48.526Z,gpu-3uwoq-6g3ya-2,dcgm,gpu1,power_w,229.968
2026-09-30T07:14:48.526Z,gpu-3uwoq-6g3ya-2,dcgm,gpu0,power_w,226.588
2026-09-30T07:14:48.526Z,gpu-3uwoq-6g3ya-2,dcgm,gpu2,sm_clock_mhz,2070
2026-09-30T07:14:48.526Z,gpu-3uwoq-6g3ya-2,dcgm,gpu3,sm_clock_mhz,2070
2026-09-30T07:14:48.526Z,gpu-3uwoq-6g3ya-2,dcgm,gpu1,sm_clock_mhz,2070
2026-09-30T07:14:48.526Z,gpu-3uwoq-6g3ya-2,dcgm,gpu0,sm_clock_mhz,2070
2026-09-30T07:14:48.526Z,gpu-3uwoq-6g3ya-2,dcgm,gpu2,dram_active,0.011238
2026-09-30T07:14:48.526Z,gpu-3uwoq-6g3ya-2,dcgm,gpu3,dram_active,0.011309
2026-09-30T07:14:48.526Z,gpu-3uwoq-6g3ya-2,dcgm,gpu1,dram_active,5e-06
2026-09-30T07:14:48.526Z,gpu-3uwoq-6g3ya-2,dcgm,gpu0,dram_active,5e-06
2026-09-30T07:14:48.526Z,gpu-3uwoq-6g3ya-2,dcgm,gpu2,pcie_rx_bytes,2.99026e+08
2026-09-30T07:14:48.526Z,gpu-3uwoq-6g3ya-2,dcgm,gpu3,pcie_rx_bytes,281346
2026-09-30T07:14:48.526Z,gpu-3uwoq-6g3ya-2,dcgm,gpu1,pcie_rx_bytes,2.99981e+08
2026-09-30T07:14:48.526Z,gpu-3uwoq-6g3ya-2,dcgm,gpu0,pcie_rx_bytes,2.94178e+08
2026-09-30T07:14:48.526Z,gpu-3uwoq-6g3ya-2,dcgm,gpu2,pcie_tx_bytes,301337
2026-09-30T07:14:48.526Z,gpu-3uwoq-6g3ya-2,dcgm,gpu3,pcie_tx_bytes,246732
2026-09-30T07:14:48.526Z,gpu-3uwoq-6g3ya-2,dcgm,gpu1,pcie_tx_bytes,2.94688e+08
2026-09-30T07:14:48.526Z,gpu-3uwoq-6g3ya-2,dcgm,gpu0,pcie_tx_bytes,2.93555e+08
2026-09-30T07:14:48.526Z,gpu-3uwoq-6g3ya-2,dcgm,gpu2,tensor_active,0
2026-09-30T07:14:48.526Z,gpu-3uwoq-6g3ya-2,dcgm,gpu3,tensor_active,0
2026-09-30T07:14:48.526Z,gpu-3uwoq-6g3ya-2,dcgm,gpu1,tensor_active,0
2026-09-30T07:14:48.526Z,gpu-3uwoq-6g3ya-2,dcgm,gpu0,tensor_active,0.007172
2026-09-30T07:14:48.526Z,gpu-3uwoq-6g3ya-2,dcgm,gpu2,sm_active,0.039362
2026-09-30T07:14:48.526Z,gpu-3uwoq-6g3ya-2,dcgm,gpu3,sm_active,0
2026-09-30T07:14:48.526Z,gpu-3uwoq-6g3ya-2,dcgm,gpu1,sm_active,0
2026-09-30T07:14:48.526Z,gpu-3uwoq-6g3ya-2,dcgm,gpu0,sm_active,0.03671
2026-09-30T07:14:48.526Z,gpu-3uwoq-6g3ya-2,nvlink,gpu0,nvlink_rx_bytes,4.84459e+13
2026-09-30T07:14:48.526Z,gpu-3uwoq-6g3ya-2,nvlink,gpu0,nvlink_tx_bytes,4.84493e+13
2026-09-30T07:14:48.526Z,gpu-3uwoq-6g3ya-2,nvlink,gpu1,nvlink_rx_bytes,4.8648e+13
2026-09-30T07:14:48.526Z,gpu-3uwoq-6g3ya-2,nvlink,gpu1,nvlink_tx_bytes,4.86502e+13
2026-09-30T07:14:48.526Z,gpu-3uwoq-6g3ya-2,nvlink,gpu2,nvlink_rx_bytes,4.84828e+13
2026-09-30T07:14:48.526Z,gpu-3uwoq-6g3ya-2,nvlink,gpu2,nvlink_tx_bytes,4.84863e+13
2026-09-30T07:14:48.526Z,gpu-3uwoq-6g3ya-2,nvlink,gpu3,nvlink_rx_bytes,4.83797e+13
2026-09-30T07:14:48.526Z,gpu-3uwoq-6g3ya-2,nvlink,gpu3,nvlink_tx_bytes,4.83829e+13
2026-09-30T07:14:49.526Z,gpu-3uwoq-6g3ya-2,ib_counter,rdma_vf_rail0,port_xmit_data,3.17032e+12
2026-09-30T07:14:49.526Z,gpu-3uwoq-6g3ya-2,ib_counter,rdma_vf_rail0,port_rcv_data,6.1304e+12
2026-09-30T07:14:49.526Z,gpu-3uwoq-6g3ya-2,ib_counter,rdma_vf_rail0,port_xmit_packets,1.07299e+09
2026-09-30T07:14:49.526Z,gpu-3uwoq-6g3ya-2,ib_counter,rdma_vf_rail0,port_rcv_packets,1.70433e+09
2026-09-30T07:14:49.526Z,gpu-3uwoq-6g3ya-2,ib_counter,rdma_vf_rail0,port_xmit_wait,0
2026-09-30T07:14:49.526Z,gpu-3uwoq-6g3ya-2,ib_counter,rdma_vf_rail0,port_rcv_errors,0
2026-09-30T07:14:49.526Z,gpu-3uwoq-6g3ya-2,ib_counter,rdma_vf_rail0,port_xmit_discards,0
2026-09-30T07:14:49.526Z,gpu-3uwoq-6g3ya-2,ib_counter,rdma_vf_rail0,link_downed,0
2026-09-30T07:14:49.526Z,gpu-3uwoq-6g3ya-2,ib_hw_counter,rdma_vf_rail0,out_of_sequence,8
2026-09-30T07:14:49.526Z,gpu-3uwoq-6g3ya-2,ib_hw_counter,rdma_vf_rail0,packet_seq_err,8
2026-09-30T07:14:49.526Z,gpu-3uwoq-6g3ya-2,ib_hw_counter,rdma_vf_rail0,local_ack_timeout_err,0
2026-09-30T07:14:49.526Z,gpu-3uwoq-6g3ya-2,ib_hw_counter,rdma_vf_rail0,rx_write_requests,7.13352e+08
2026-09-30T07:14:49.526Z,gpu-3uwoq-6g3ya-2,ib_hw_counter,rdma_vf_rail0,rx_read_requests,1.34813e+07
2026-09-30T07:14:49.526Z,gpu-3uwoq-6g3ya-2,ib_hw_counter,rdma_vf_rail0,req_cqe_error,0
2026-09-30T07:14:49.526Z,gpu-3uwoq-6g3ya-2,ib_hw_counter,rdma_vf_rail0,resp_cqe_error,0
2026-09-30T07:14:49.526Z,gpu-3uwoq-6g3ya-2,ib_hw_counter,rdma_vf_rail0,implied_nak_seq_err,0
2026-09-30T07:14:49.526Z,gpu-3uwoq-6g3ya-2,ib_hw_counter,rdma_vf_rail0,duplicate_request,0
2026-09-30T07:14:49.526Z,gpu-3uwoq-6g3ya-2,ib_counter,rdma_vf_rail1,port_xmit_data,3.06213e+12
2026-09-30T07:14:49.526Z,gpu-3uwoq-6g3ya-2,ib_counter,rdma_vf_rail1,port_rcv_data,6.02217e+12
2026-09-30T07:14:49.526Z,gpu-3uwoq-6g3ya-2,ib_counter,rdma_vf_rail1,port_xmit_packets,1.04027e+09
2026-09-30T07:14:49.526Z,gpu-3uwoq-6g3ya-2,ib_counter,rdma_vf_rail1,port_rcv_packets,1.67178e+09
2026-09-30T07:14:49.526Z,gpu-3uwoq-6g3ya-2,ib_counter,rdma_vf_rail1,port_xmit_wait,0
2026-09-30T07:14:49.526Z,gpu-3uwoq-6g3ya-2,ib_counter,rdma_vf_rail1,port_rcv_errors,0
2026-09-30T07:14:49.526Z,gpu-3uwoq-6g3ya-2,ib_counter,rdma_vf_rail1,port_xmit_discards,0
2026-09-30T07:14:49.526Z,gpu-3uwoq-6g3ya-2,ib_counter,rdma_vf_rail1,link_downed,0
2026-09-30T07:14:49.526Z,gpu-3uwoq-6g3ya-2,ib_hw_counter,rdma_vf_rail1,out_of_sequence,8
2026-09-30T07:14:49.526Z,gpu-3uwoq-6g3ya-2,ib_hw_counter,rdma_vf_rail1,packet_seq_err,7
2026-09-30T07:14:49.526Z,gpu-3uwoq-6g3ya-2,ib_hw_counter,rdma_vf_rail1,local_ack_timeout_err,0
2026-09-30T07:14:49.526Z,gpu-3uwoq-6g3ya-2,ib_hw_counter,rdma_vf_rail1,rx_write_requests,7.1176e+08
2026-09-30T07:14:49.526Z,gpu-3uwoq-6g3ya-2,ib_hw_counter,rdma_vf_rail1,rx_read_requests,1.26803e+07
2026-09-30T07:14:49.526Z,gpu-3uwoq-6g3ya-2,ib_hw_counter,rdma_vf_rail1,req_cqe_error,0
2026-09-30T07:14:49.526Z,gpu-3uwoq-6g3ya-2,ib_hw_counter,rdma_vf_rail1,resp_cqe_error,0
2026-09-30T07:14:49.526Z,gpu-3uwoq-6g3ya-2,ib_hw_counter,rdma_vf_rail1,implied_nak_seq_err,0
2026-09-30T07:14:49.526Z,gpu-3uwoq-6g3ya-2,ib_hw_counter,rdma_vf_rail1,duplicate_request,0
2026-09-30T07:14:49.526Z,gpu-3uwoq-6g3ya-2,ib_counter,rdma_vf_rail2,port_xmit_data,3.03455e+12
2026-09-30T07:14:49.526Z,gpu-3uwoq-6g3ya-2,ib_counter,rdma_vf_rail2,port_rcv_data,5.99404e+12
2026-09-30T07:14:49.526Z,gpu-3uwoq-6g3ya-2,ib_counter,rdma_vf_rail2,port_xmit_packets,1.0226e+09
2026-09-30T07:14:49.526Z,gpu-3uwoq-6g3ya-2,ib_counter,rdma_vf_rail2,port_rcv_packets,1.6479e+09
2026-09-30T07:14:49.526Z,gpu-3uwoq-6g3ya-2,ib_counter,rdma_vf_rail2,port_xmit_wait,0
2026-09-30T07:14:49.526Z,gpu-3uwoq-6g3ya-2,ib_counter,rdma_vf_rail2,port_rcv_errors,0
2026-09-30T07:14:49.526Z,gpu-3uwoq-6g3ya-2,ib_counter,rdma_vf_rail2,port_xmit_discards,0
2026-09-30T07:14:49.526Z,gpu-3uwoq-6g3ya-2,ib_counter,rdma_vf_rail2,link_downed,0
2026-09-30T07:14:49.526Z,gpu-3uwoq-6g3ya-2,ib_hw_counter,rdma_vf_rail2,out_of_sequence,8
2026-09-30T07:14:49.526Z,gpu-3uwoq-6g3ya-2,ib_hw_counter,rdma_vf_rail2,packet_seq_err,8
2026-09-30T07:14:49.526Z,gpu-3uwoq-6g3ya-2,ib_hw_counter,rdma_vf_rail2,local_ack_timeout_err,0
2026-09-30T07:14:49.526Z,gpu-3uwoq-6g3ya-2,ib_hw_counter,rdma_vf_rail2,rx_write_requests,7.11327e+08
2026-09-30T07:14:49.526Z,gpu-3uwoq-6g3ya-2,ib_hw_counter,rdma_vf_rail2,rx_read_requests,1.24727e+07
2026-09-30T07:14:49.526Z,gpu-3uwoq-6g3ya-2,ib_hw_counter,rdma_vf_rail2,req_cqe_error,0
2026-09-30T07:14:49.526Z,gpu-3uwoq-6g3ya-2,ib_hw_counter,rdma_vf_rail2,resp_cqe_error,0
2026-09-30T07:14:49.526Z,gpu-3uwoq-6g3ya-2,ib_hw_counter,rdma_vf_rail2,implied_nak_seq_err,0
2026-09-30T07:14:49.526Z,gpu-3uwoq-6g3ya-2,ib_hw_counter,rdma_vf_rail2,duplicate_request,0
2026-09-30T07:14:49.526Z,gpu-3uwoq-6g3ya-2,ib_counter,rdma_vf_rail3,port_xmit_data,3.03441e+12
2026-09-30T07:14:49.526Z,gpu-3uwoq-6g3ya-2,ib_counter,rdma_vf_rail3,port_rcv_data,5.99464e+12
2026-09-30T07:14:49.526Z,gpu-3uwoq-6g3ya-2,ib_counter,rdma_vf_rail3,port_xmit_packets,1.02094e+09
2026-09-30T07:14:49.526Z,gpu-3uwoq-6g3ya-2,ib_counter,rdma_vf_rail3,port_rcv_packets,1.65528e+09
2026-09-30T07:14:49.526Z,gpu-3uwoq-6g3ya-2,ib_counter,rdma_vf_rail3,port_xmit_wait,0
2026-09-30T07:14:49.526Z,gpu-3uwoq-6g3ya-2,ib_counter,rdma_vf_rail3,port_rcv_errors,0
2026-09-30T07:14:49.526Z,gpu-3uwoq-6g3ya-2,ib_counter,rdma_vf_rail3,port_xmit_discards,0
2026-09-30T07:14:49.526Z,gpu-3uwoq-6g3ya-2,ib_counter,rdma_vf_rail3,link_downed,0
2026-09-30T07:14:49.526Z,gpu-3uwoq-6g3ya-2,ib_hw_counter,rdma_vf_rail3,out_of_sequence,8
2026-09-30T07:14:49.526Z,gpu-3uwoq-6g3ya-2,ib_hw_counter,rdma_vf_rail3,packet_seq_err,9
2026-09-30T07:14:49.526Z,gpu-3uwoq-6g3ya-2,ib_hw_counter,rdma_vf_rail3,local_ack_timeout_err,0
2026-09-30T07:14:49.526Z,gpu-3uwoq-6g3ya-2,ib_hw_counter,rdma_vf_rail3,rx_write_requests,7.11327e+08
2026-09-30T07:14:49.526Z,gpu-3uwoq-6g3ya-2,ib_hw_counter,rdma_vf_rail3,rx_read_requests,1.24727e+07
2026-09-30T07:14:49.526Z,gpu-3uwoq-6g3ya-2,ib_hw_counter,rdma_vf_rail3,req_cqe_error,0
2026-09-30T07:14:49.526Z,gpu-3uwoq-6g3ya-2,ib_hw_counter,rdma_vf_rail3,resp_cqe_error,0
2026-09-30T07:14:49.526Z,gpu-3uwoq-6g3ya-2,ib_hw_counter,rdma_vf_rail3,implied_nak_seq_err,0
2026-09-30T07:14:49.526Z,gpu-3uwoq-6g3ya-2,ib_hw_counter,rdma_vf_rail3,duplicate_request,0
2026-09-30T07:14:49.526Z,gpu-3uwoq-6g3ya-2,dcgm,gpu2,gpu_util,0
2026-09-30T07:14:49.526Z,gpu-3uwoq-6g3ya-2,dcgm,gpu3,gpu_util,0
2026-09-30T07:14:49.526Z,gpu-3uwoq-6g3ya-2,dcgm,gpu1,gpu_util,0
2026-09-30T07:14:49.526Z,gpu-3uwoq-6g3ya-2,dcgm,gpu0,gpu_util,0
2026-09-30T07:14:49.526Z,gpu-3uwoq-6g3ya-2,dcgm,gpu2,nvlink_bandwidth_total,2660
2026-09-30T07:14:49.526Z,gpu-3uwoq-6g3ya-2,dcgm,gpu3,nvlink_bandwidth_total,2652
2026-09-30T07:14:49.526Z,gpu-3uwoq-6g3ya-2,dcgm,gpu1,nvlink_bandwidth_total,2650
2026-09-30T07:14:49.526Z,gpu-3uwoq-6g3ya-2,dcgm,gpu0,nvlink_bandwidth_total,2660
2026-09-30T07:14:49.526Z,gpu-3uwoq-6g3ya-2,dcgm,gpu2,power_w,230.714
2026-09-30T07:14:49.526Z,gpu-3uwoq-6g3ya-2,dcgm,gpu3,power_w,234.633
2026-09-30T07:14:49.526Z,gpu-3uwoq-6g3ya-2,dcgm,gpu1,power_w,229.968
2026-09-30T07:14:49.526Z,gpu-3uwoq-6g3ya-2,dcgm,gpu0,power_w,226.588
2026-09-30T07:14:49.526Z,gpu-3uwoq-6g3ya-2,dcgm,gpu2,sm_clock_mhz,2070
2026-09-30T07:14:49.526Z,gpu-3uwoq-6g3ya-2,dcgm,gpu3,sm_clock_mhz,2070
2026-09-30T07:14:49.526Z,gpu-3uwoq-6g3ya-2,dcgm,gpu1,sm_clock_mhz,2070
2026-09-30T07:14:49.526Z,gpu-3uwoq-6g3ya-2,dcgm,gpu0,sm_clock_mhz,2070
2026-09-30T07:14:49.526Z,gpu-3uwoq-6g3ya-2,dcgm,gpu2,dram_active,0.011238
2026-09-30T07:14:49.526Z,gpu-3uwoq-6g3ya-2,dcgm,gpu3,dram_active,0.011309
2026-09-30T07:14:49.526Z,gpu-3uwoq-6g3ya-2,dcgm,gpu1,dram_active,5e-06
2026-09-30T07:14:49.526Z,gpu-3uwoq-6g3ya-2,dcgm,gpu0,dram_active,5e-06
2026-09-30T07:14:49.526Z,gpu-3uwoq-6g3ya-2,dcgm,gpu2,pcie_rx_bytes,2.99026e+08
2026-09-30T07:14:49.526Z,gpu-3uwoq-6g3ya-2,dcgm,gpu3,pcie_rx_bytes,281346
2026-09-30T07:14:49.526Z,gpu-3uwoq-6g3ya-2,dcgm,gpu1,pcie_rx_bytes,2.99981e+08
2026-09-30T07:14:49.526Z,gpu-3uwoq-6g3ya-2,dcgm,gpu0,pcie_rx_bytes,2.94178e+08
2026-09-30T07:14:49.526Z,gpu-3uwoq-6g3ya-2,dcgm,gpu2,pcie_tx_bytes,301337
2026-09-30T07:14:49.526Z,gpu-3uwoq-6g3ya-2,dcgm,gpu3,pcie_tx_bytes,246732
2026-09-30T07:14:49.526Z,gpu-3uwoq-6g3ya-2,dcgm,gpu1,pcie_tx_bytes,2.94688e+08
2026-09-30T07:14:49.526Z,gpu-3uwoq-6g3ya-2,dcgm,gpu0,pcie_tx_bytes,2.93555e+08
2026-09-30T07:14:49.526Z,gpu-3uwoq-6g3ya-2,dcgm,gpu2,tensor_active,0
2026-09-30T07:14:49.526Z,gpu-3uwoq-6g3ya-2,dcgm,gpu3,tensor_active,0
2026-09-30T07:14:49.526Z,gpu-3uwoq-6g3ya-2,dcgm,gpu1,tensor_active,0
2026-09-30T07:14:49.526Z,gpu-3uwoq-6g3ya-2,dcgm,gpu0,tensor_active,0.007172
2026-09-30T07:14:49.526Z,gpu-3uwoq-6g3ya-2,dcgm,gpu2,sm_active,0.039362
2026-09-30T07:14:49.526Z,gpu-3uwoq-6g3ya-2,dcgm,gpu3,sm_active,0
2026-09-30T07:14:49.526Z,gpu-3uwoq-6g3ya-2,dcgm,gpu1,sm_active,0
2026-09-30T07:14:49.526Z,gpu-3uwoq-6g3ya-2,dcgm,gpu0,sm_active,0.03671
2026-09-30T07:14:49.526Z,gpu-3uwoq-6g3ya-2,nvlink,gpu0,nvlink_rx_bytes,4.84459e+13
2026-09-30T07:14:49.526Z,gpu-3uwoq-6g3ya-2,nvlink,gpu0,nvlink_tx_bytes,4.84493e+13
2026-09-30T07:14:49.526Z,gpu-3uwoq-6g3ya-2,nvlink,gpu1,nvlink_rx_bytes,4.8648e+13
2026-09-30T07:14:49.526Z,gpu-3uwoq-6g3ya-2,nvlink,gpu1,nvlink_tx_bytes,4.86502e+13
2026-09-30T07:14:49.526Z,gpu-3uwoq-6g3ya-2,nvlink,gpu2,nvlink_rx_bytes,4.84828e+13
2026-09-30T07:14:49.526Z,gpu-3uwoq-6g3ya-2,nvlink,gpu2,nvlink_tx_bytes,4.84863e+13
2026-09-30T07:14:49.526Z,gpu-3uwoq-6g3ya-2,nvlink,gpu3,nvlink_rx_bytes,4.83797e+13
2026-09-30T07:14:49.526Z,gpu-3uwoq-6g3ya-2,nvlink,gpu3,nvlink_tx_bytes,4.83829e+13
